Copyright 1986-2022 Xilinx, Inc. All Rights Reserved. Copyright 2022-2023 Advanced Micro Devices, Inc. All Rights Reserved.
-------------------------------------------------------------------------------------------------------------------------------------------------
| Tool Version     : Vivado v.2023.2 (lin64) Build 4029153 Fri Oct 13 20:13:54 MDT 2023
| Date             : Thu Sep 24 16:17:13 2026
| Host             : cachyos-bc250 running 64-bit CachyOS
| Command          : report_power -verbose -file /home/orencollaco/pwr18/p2_core_gated.rpt
| Design           : bd_wrapper
| Device           : xcvu33p-fsvh2104-2L-e
| Design State     : routed
| Grade            : extended
| Process          : typical
| Characterization : Production
-------------------------------------------------------------------------------------------------------------------------------------------------

Power Report

Table of Contents
-----------------
1. Summary
1.1 On-Chip Components
1.2 Power Supply Summary
1.3 Confidence Level
2. Settings
2.1 Environment
2.2 Clock Constraints
3. Detailed Reports
3.1 By Hierarchy
3.2 By Clock Domain
3.3 By Resource Type
3.3.1 I/O
3.3.2 Signals
3.3.3 CLB Logic
3.3.4 Block RAM
3.3.5 URAM
3.3.6 DSPs
3.3.7 GTY
3.3.8 PCIE
3.3.9 Clock Manager
3.3.10 SYSMON
3.3.11 HBM

1. Summary
----------

+--------------------------+--------------+
| Total On-Chip Power (W)  | 21.494       |
|   FPGA Power (W)         | 11.754       |
|   HBM Power (W)          | 9.740        |
| Design Power Budget (W)  | Unspecified* |
| Power Budget Margin (W)  | NA           |
| Dynamic (W)              | 19.886       |
| Device Static (W)        | 1.608        |
| Effective TJA (C/W)      | 0.5          |
| Max Ambient (C)          | 88.6         |
| Junction Temperature (C) | 36.4         |
| Confidence Level         | High         |
| Setting File             | ---          |
| Simulation Activity File | ---          |
| Design Nets Matched      | NA           |
+--------------------------+--------------+
* Specify Design Power Budget using, set_operating_conditions -design_power_budget <value in Watts>


1.1 On-Chip Components
----------------------

+--------------------------+-----------+----------+-----------+-----------------+
| On-Chip                  | Power (W) | Used     | Available | Utilization (%) |
+--------------------------+-----------+----------+-----------+-----------------+
| Clocks                   |     0.453 |       27 |       --- |             --- |
| CLB Logic                |     0.003 |   805294 |       --- |             --- |
|   LUT as Shift Register  |     0.003 |     1097 |    205440 |            0.53 |
|   LUT as Logic           |    <0.001 |   292913 |    439680 |           66.62 |
|   Others                 |     0.000 |     4652 |       --- |             --- |
|   Register               |     0.000 |   310214 |    879360 |           35.28 |
|   F7/F8 Muxes            |     0.000 |    34358 |    439680 |            7.81 |
|   LUT as Distributed RAM |     0.000 |    64836 |    205440 |           31.56 |
|   CARRY8                 |     0.000 |    12252 |     54960 |           22.29 |
|   BUFG                   |     0.000 |        9 |        32 |           28.13 |
| Signals                  |     0.000 |   668666 |       --- |             --- |
| Block RAM                |     0.113 |      567 |       672 |           84.38 |
| URAM                     |    <0.001 |       32 |       320 |           10.00 |
| HBM                      |    17.780 |        2 |         2 |          100.00 |
| MMCM                     |     0.098 |        0 |       --- |             --- |
| DSPs                     |    <0.001 |     2087 |      2880 |           72.47 |
| I/O                      |     0.012 |       25 |       208 |           12.02 |
| GTY                      |     1.203 |        4 |        32 |           12.50 |
| SYSMON                   |     0.005 |        1 |       --- |             --- |
| Hard IPs                 |     0.219 |        1 |       --- |             --- |
|   PCIE                   |     0.219 |        1 |       --- |             --- |
| Static Power             |     1.608 |          |           |                 |
|   HBM Static             |     0.269 |          |           |                 |
|   Device Static          |     1.338 |          |           |                 |
| Total                    |    21.494 |          |           |                 |
+--------------------------+-----------+----------+-----------+-----------------+


1.2 Power Supply Summary
------------------------

+------------+-------------+-----------+-------------+------------+-------------+-------------+------------+
| Source     | Voltage (V) | Total (A) | Dynamic (A) | Static (A) | Powerup (A) | Budget (A)  | Margin (A) |
+------------+-------------+-----------+-------------+------------+-------------+-------------+------------+
| Vccint     |       0.850 |     2.404 |       1.743 |      0.662 |       NA    | Unspecified | NA         |
| Vccint_io  |       0.850 |     6.978 |       6.800 |      0.178 |       NA    | Unspecified | NA         |
| Vccbram    |       0.850 |     0.019 |       0.002 |      0.018 |       NA    | Unspecified | NA         |
| Vccaux     |       1.800 |     0.438 |       0.168 |      0.269 |       NA    | Unspecified | NA         |
| Vccaux_io  |       1.800 |     0.018 |       0.005 |      0.012 |       NA    | Unspecified | NA         |
| Vcco33     |       3.300 |     0.000 |       0.000 |      0.000 |       NA    | Unspecified | NA         |
| Vcco25     |       2.500 |     0.000 |       0.000 |      0.000 |       NA    | Unspecified | NA         |
| Vcco18     |       1.800 |     0.001 |       0.001 |      0.000 |       NA    | Unspecified | NA         |
| Vcco15     |       1.500 |     0.000 |       0.000 |      0.000 |       NA    | Unspecified | NA         |
| Vcco135    |       1.350 |     0.000 |       0.000 |      0.000 |       NA    | Unspecified | NA         |
| Vcco12     |       1.200 |     0.000 |       0.000 |      0.000 |       NA    | Unspecified | NA         |
| Vcco10     |       1.000 |     0.000 |       0.000 |      0.000 |       NA    | Unspecified | NA         |
| Vccadc     |       1.800 |     0.008 |       0.000 |      0.008 |       NA    | Unspecified | NA         |
| VCC_IO_HBM |       1.200 |     4.525 |       4.437 |      0.087 |       NA    | Unspecified | NA         |
| VCC_HBM    |       1.200 |     4.839 |       4.748 |      0.091 |       NA    | Unspecified | NA         |
| VCCAUX_HBM |       2.500 |     0.115 |       0.093 |      0.022 |       NA    | Unspecified | NA         |
| MGTYAVcc   |       0.900 |     0.266 |       0.206 |      0.059 |       NA    | Unspecified | NA         |
| MGTYAVtt   |       1.200 |     0.713 |       0.689 |      0.024 |       NA    | Unspecified | NA         |
| MGTYVccaux |       1.800 |     0.026 |       0.023 |      0.003 |       NA    | Unspecified | NA         |
+------------+-------------+-----------+-------------+------------+-------------+-------------+------------+


1.3 Confidence Level
--------------------

+-----------------------------+------------+------------------------------------------------+--------+
| User Input Data             | Confidence | Details                                        | Action |
+-----------------------------+------------+------------------------------------------------+--------+
| Design implementation state | High       | Design is routed                               |        |
| Clock nodes activity        | High       | User specified more than 95% of clocks         |        |
| I/O nodes activity          | High       | User specified more than 95% of inputs         |        |
| Internal nodes activity     | High       | User specified more than 25% of internal nodes |        |
| Device models               | High       | Device models are Production                   |        |
|                             |            |                                                |        |
| Overall confidence level    | High       |                                                |        |
+-----------------------------+------------+------------------------------------------------+--------+


2. Settings
-----------

2.1 Environment
---------------

+-----------------------+--------------------------+
| Ambient Temp (C)      | 25.0                     |
| ThetaJA (C/W)         | 0.5                      |
| Airflow (LFM)         | 250                      |
| Heat Sink             | medium (Medium Profile)  |
| ThetaSA (C/W)         | 0.7                      |
| Board Selection       | medium (10"x10")         |
| # of Board Layers     | 12to15 (12 to 15 Layers) |
| Board Temperature (C) | 25.0                     |
+-----------------------+--------------------------+


2.2 Clock Constraints
---------------------

+-------------------------------------------------------------------------------------------------------------------------------------------------------------------------------------------------------------------------------------------------------------------------------------------------------------------------------------------------------------------------------------------------------------------------------+----------------------------------------------------------------------------------------------------------------------------------------------------------------------------------------------------------------------------------------------------------------------------------------------------------------------------------------------------------------------------------------------------------------+-----------------+
| Clock                                                                                                                                                                                                                                                                                                                                                                                                                         | Domain                                                                                                                                                                                                                                                                                                                                                                                                         | Constraint (ns) |
+-------------------------------------------------------------------------------------------------------------------------------------------------------------------------------------------------------------------------------------------------------------------------------------------------------------------------------------------------------------------------------------------------------------------------------+----------------------------------------------------------------------------------------------------------------------------------------------------------------------------------------------------------------------------------------------------------------------------------------------------------------------------------------------------------------------------------------------------------------+-----------------+
| GTYE4_CHANNEL_TXOUTCLK[0]                                                                                                                                                                                                                                                                                                                                                                                                     | bd_i/xdma/inst/pcie4c_ip_i/inst/bd_xdma_0_pcie4c_ip_gt_top_i/diablo_gt.diablo_gt_phy_wrapper/gt_wizard.gtwizard_top_i/bd_xdma_0_pcie4c_ip_gt_i/inst/gen_gtwizard_gtye4_top.bd_xdma_0_pcie4c_ip_gt_gtwizard_gtye4_inst/gen_gtwizard_gtye4.gen_channel_container[27].gen_enabled_channel.gtye4_channel_wrapper_inst/channel_inst/GTYE4_CHANNEL_TXOUTCLK[0]                                                       |             2.0 |
| GTYE4_CHANNEL_TXOUTCLK[1]                                                                                                                                                                                                                                                                                                                                                                                                     | bd_i/xdma/inst/pcie4c_ip_i/inst/bd_xdma_0_pcie4c_ip_gt_top_i/diablo_gt.diablo_gt_phy_wrapper/gt_wizard.gtwizard_top_i/bd_xdma_0_pcie4c_ip_gt_i/inst/gen_gtwizard_gtye4_top.bd_xdma_0_pcie4c_ip_gt_gtwizard_gtye4_inst/gen_gtwizard_gtye4.gen_channel_container[27].gen_enabled_channel.gtye4_channel_wrapper_inst/channel_inst/GTYE4_CHANNEL_TXOUTCLK[1]                                                       |             2.0 |
| GTYE4_CHANNEL_TXOUTCLK[2]                                                                                                                                                                                                                                                                                                                                                                                                     | bd_i/xdma/inst/pcie4c_ip_i/inst/bd_xdma_0_pcie4c_ip_gt_top_i/diablo_gt.diablo_gt_phy_wrapper/gt_wizard.gtwizard_top_i/bd_xdma_0_pcie4c_ip_gt_i/inst/gen_gtwizard_gtye4_top.bd_xdma_0_pcie4c_ip_gt_gtwizard_gtye4_inst/gen_gtwizard_gtye4.gen_channel_container[27].gen_enabled_channel.gtye4_channel_wrapper_inst/channel_inst/GTYE4_CHANNEL_TXOUTCLK[2]                                                       |             2.0 |
| GTYE4_CHANNEL_TXOUTCLK[3]                                                                                                                                                                                                                                                                                                                                                                                                     | bd_i/xdma/inst/pcie4c_ip_i/inst/bd_xdma_0_pcie4c_ip_gt_top_i/diablo_gt.diablo_gt_phy_wrapper/gt_wizard.gtwizard_top_i/bd_xdma_0_pcie4c_ip_gt_i/inst/gen_gtwizard_gtye4_top.bd_xdma_0_pcie4c_ip_gt_gtwizard_gtye4_inst/gen_gtwizard_gtye4.gen_channel_container[27].gen_enabled_channel.gtye4_channel_wrapper_inst/channel_inst/GTYE4_CHANNEL_TXOUTCLK[3]                                                       |             2.0 |
| GTYE4_COMMON_QPLL0OUTCLK[0]                                                                                                                                                                                                                                                                                                                                                                                                   | bd_i/xdma/inst/pcie4c_ip_i/inst/bd_xdma_0_pcie4c_ip_gt_top_i/diablo_gt.diablo_gt_phy_wrapper/gt_wizard.gtwizard_top_i/bd_xdma_0_pcie4c_ip_gt_i/inst/gen_gtwizard_gtye4_top.bd_xdma_0_pcie4c_ip_gt_gtwizard_gtye4_inst/gen_gtwizard_gtye4.gen_common.gen_common_container[27].gen_enabled_common.gtye4_common_wrapper_inst/common_inst/GTYE4_COMMON_QPLL0OUTCLK[0]                                              |             0.2 |
| GTYE4_COMMON_QPLL0OUTREFCLK[0]                                                                                                                                                                                                                                                                                                                                                                                                | bd_i/xdma/inst/pcie4c_ip_i/inst/bd_xdma_0_pcie4c_ip_gt_top_i/diablo_gt.diablo_gt_phy_wrapper/gt_wizard.gtwizard_top_i/bd_xdma_0_pcie4c_ip_gt_i/inst/gen_gtwizard_gtye4_top.bd_xdma_0_pcie4c_ip_gt_gtwizard_gtye4_inst/gen_gtwizard_gtye4.gen_common.gen_common_container[27].gen_enabled_common.gtye4_common_wrapper_inst/common_inst/GTYE4_COMMON_QPLL0OUTREFCLK[0]                                           |            10.0 |
| GTYE4_COMMON_QPLL1OUTCLK[0]                                                                                                                                                                                                                                                                                                                                                                                                   | bd_i/xdma/inst/pcie4c_ip_i/inst/bd_xdma_0_pcie4c_ip_gt_top_i/diablo_gt.diablo_gt_phy_wrapper/gt_wizard.gtwizard_top_i/bd_xdma_0_pcie4c_ip_gt_i/inst/gen_gtwizard_gtye4_top.bd_xdma_0_pcie4c_ip_gt_gtwizard_gtye4_inst/gen_gtwizard_gtye4.gen_common.gen_common_container[27].gen_enabled_common.gtye4_common_wrapper_inst/common_inst/GTYE4_COMMON_QPLL1OUTCLK[0]                                              |             0.2 |
| GTYE4_COMMON_QPLL1OUTREFCLK[0]                                                                                                                                                                                                                                                                                                                                                                                                | bd_i/xdma/inst/pcie4c_ip_i/inst/bd_xdma_0_pcie4c_ip_gt_top_i/diablo_gt.diablo_gt_phy_wrapper/gt_wizard.gtwizard_top_i/bd_xdma_0_pcie4c_ip_gt_i/inst/gen_gtwizard_gtye4_top.bd_xdma_0_pcie4c_ip_gt_gtwizard_gtye4_inst/gen_gtwizard_gtye4.gen_common.gen_common_container[27].gen_enabled_common.gtye4_common_wrapper_inst/common_inst/GTYE4_COMMON_QPLL1OUTREFCLK[0]                                           |            10.0 |
| bd_i/xdma/inst/pcie4c_ip_i/inst/bd_xdma_0_pcie4c_ip_gt_top_i/diablo_gt.diablo_gt_phy_wrapper/gt_wizard.gtwizard_top_i/bd_xdma_0_pcie4c_ip_gt_i/inst/gen_gtwizard_gtye4_top.bd_xdma_0_pcie4c_ip_gt_gtwizard_gtye4_inst/gen_gtwizard_gtye4.gen_cpll_cal_gtye4.gen_cpll_cal_inst[0].gen_inst_cpll_cal.gtwizard_ultrascale_v1_7_17_gtye4_cpll_cal_inst/gtwizard_ultrascale_v1_7_17_gtye4_cpll_cal_tx_i/bufg_gt_txoutclkmon_inst/O | bd_i/xdma/inst/pcie4c_ip_i/inst/bd_xdma_0_pcie4c_ip_gt_top_i/diablo_gt.diablo_gt_phy_wrapper/gt_wizard.gtwizard_top_i/bd_xdma_0_pcie4c_ip_gt_i/inst/gen_gtwizard_gtye4_top.bd_xdma_0_pcie4c_ip_gt_gtwizard_gtye4_inst/gen_gtwizard_gtye4.gen_cpll_cal_gtye4.gen_cpll_cal_inst[0].gen_inst_cpll_cal.gtwizard_ultrascale_v1_7_17_gtye4_cpll_cal_inst/gtwizard_ultrascale_v1_7_17_gtye4_cpll_cal_tx_i/txoutclkmon |             8.0 |
| bd_i/xdma/inst/pcie4c_ip_i/inst/bd_xdma_0_pcie4c_ip_gt_top_i/diablo_gt.diablo_gt_phy_wrapper/gt_wizard.gtwizard_top_i/bd_xdma_0_pcie4c_ip_gt_i/inst/gen_gtwizard_gtye4_top.bd_xdma_0_pcie4c_ip_gt_gtwizard_gtye4_inst/gen_gtwizard_gtye4.gen_cpll_cal_gtye4.gen_cpll_cal_inst[1].gen_inst_cpll_cal.gtwizard_ultrascale_v1_7_17_gtye4_cpll_cal_inst/gtwizard_ultrascale_v1_7_17_gtye4_cpll_cal_tx_i/bufg_gt_txoutclkmon_inst/O | bd_i/xdma/inst/pcie4c_ip_i/inst/bd_xdma_0_pcie4c_ip_gt_top_i/diablo_gt.diablo_gt_phy_wrapper/gt_wizard.gtwizard_top_i/bd_xdma_0_pcie4c_ip_gt_i/inst/gen_gtwizard_gtye4_top.bd_xdma_0_pcie4c_ip_gt_gtwizard_gtye4_inst/gen_gtwizard_gtye4.gen_cpll_cal_gtye4.gen_cpll_cal_inst[1].gen_inst_cpll_cal.gtwizard_ultrascale_v1_7_17_gtye4_cpll_cal_inst/gtwizard_ultrascale_v1_7_17_gtye4_cpll_cal_tx_i/txoutclkmon |             8.0 |
| bd_i/xdma/inst/pcie4c_ip_i/inst/bd_xdma_0_pcie4c_ip_gt_top_i/diablo_gt.diablo_gt_phy_wrapper/gt_wizard.gtwizard_top_i/bd_xdma_0_pcie4c_ip_gt_i/inst/gen_gtwizard_gtye4_top.bd_xdma_0_pcie4c_ip_gt_gtwizard_gtye4_inst/gen_gtwizard_gtye4.gen_cpll_cal_gtye4.gen_cpll_cal_inst[2].gen_inst_cpll_cal.gtwizard_ultrascale_v1_7_17_gtye4_cpll_cal_inst/gtwizard_ultrascale_v1_7_17_gtye4_cpll_cal_tx_i/bufg_gt_txoutclkmon_inst/O | bd_i/xdma/inst/pcie4c_ip_i/inst/bd_xdma_0_pcie4c_ip_gt_top_i/diablo_gt.diablo_gt_phy_wrapper/gt_wizard.gtwizard_top_i/bd_xdma_0_pcie4c_ip_gt_i/inst/gen_gtwizard_gtye4_top.bd_xdma_0_pcie4c_ip_gt_gtwizard_gtye4_inst/gen_gtwizard_gtye4.gen_cpll_cal_gtye4.gen_cpll_cal_inst[2].gen_inst_cpll_cal.gtwizard_ultrascale_v1_7_17_gtye4_cpll_cal_inst/gtwizard_ultrascale_v1_7_17_gtye4_cpll_cal_tx_i/txoutclkmon |             8.0 |
| bd_i/xdma/inst/pcie4c_ip_i/inst/bd_xdma_0_pcie4c_ip_gt_top_i/diablo_gt.diablo_gt_phy_wrapper/gt_wizard.gtwizard_top_i/bd_xdma_0_pcie4c_ip_gt_i/inst/gen_gtwizard_gtye4_top.bd_xdma_0_pcie4c_ip_gt_gtwizard_gtye4_inst/gen_gtwizard_gtye4.gen_cpll_cal_gtye4.gen_cpll_cal_inst[3].gen_inst_cpll_cal.gtwizard_ultrascale_v1_7_17_gtye4_cpll_cal_inst/gtwizard_ultrascale_v1_7_17_gtye4_cpll_cal_tx_i/bufg_gt_txoutclkmon_inst/O | bd_i/xdma/inst/pcie4c_ip_i/inst/bd_xdma_0_pcie4c_ip_gt_top_i/diablo_gt.diablo_gt_phy_wrapper/gt_wizard.gtwizard_top_i/bd_xdma_0_pcie4c_ip_gt_i/inst/gen_gtwizard_gtye4_top.bd_xdma_0_pcie4c_ip_gt_gtwizard_gtye4_inst/gen_gtwizard_gtye4.gen_cpll_cal_gtye4.gen_cpll_cal_inst[3].gen_inst_cpll_cal.gtwizard_ultrascale_v1_7_17_gtye4_cpll_cal_inst/gtwizard_ultrascale_v1_7_17_gtye4_cpll_cal_tx_i/txoutclkmon |             8.0 |
| bd_i/xdma/inst/pcie4c_ip_i/inst/bd_xdma_0_pcie4c_ip_gt_top_i/diablo_gt.diablo_gt_phy_wrapper/phy_clk_i/bufg_gt_intclk/O                                                                                                                                                                                                                                                                                                       | bd_i/xdma/inst/pcie4c_ip_i/inst/bd_xdma_0_pcie4c_ip_gt_top_i/diablo_gt.diablo_gt_phy_wrapper/phy_clk_i/CLK_INTCLK                                                                                                                                                                                                                                                                                              |          1000.0 |
| bd_xdma_0_pcie4c_ip_gt_top_i_n_2                                                                                                                                                                                                                                                                                                                                                                                              | bd_i/xdma/inst/pcie4c_ip_i/inst/bd_xdma_0_pcie4c_ip_gt_top_i/diablo_gt.diablo_gt_phy_wrapper/phy_clk_i/CLK_MCAPCLK                                                                                                                                                                                                                                                                                             |             8.0 |
| clk_out1_bd_clk_wiz_0_0                                                                                                                                                                                                                                                                                                                                                                                                       | bd_i/clk_wiz_0/inst/clk_out1_bd_clk_wiz_0_0                                                                                                                                                                                                                                                                                                                                                                    |            10.0 |
| clk_out2_bd_clk_wiz_0_0                                                                                                                                                                                                                                                                                                                                                                                                       | bd_i/clk_wiz_0/inst/clk_out2                                                                                                                                                                                                                                                                                                                                                                                   |             5.0 |
| clk_out2_bd_clk_wiz_0_0                                                                                                                                                                                                                                                                                                                                                                                                       | bd_i/clk_wiz_0/inst/clk_out2_bd_clk_wiz_0_0                                                                                                                                                                                                                                                                                                                                                                    |             5.0 |
| clk_out3_bd_clk_wiz_0_0                                                                                                                                                                                                                                                                                                                                                                                                       | bd_i/clk_wiz_0/inst/clk_out3_bd_clk_wiz_0_0                                                                                                                                                                                                                                                                                                                                                                    |       3333337.2 |
| dbg_hub/inst/BSCANID.u_xsdbm_id/SWITCH_N_EXT_BSCAN.bscan_inst/SERIES7_BSCAN.bscan_inst/INTERNAL_TCK                                                                                                                                                                                                                                                                                                                           | dbg_hub/inst/BSCANID.u_xsdbm_id/SWITCH_N_EXT_BSCAN.bscan_inst/DRCK                                                                                                                                                                                                                                                                                                                                             |            50.0 |
| fk33_dmabram_BRAM_PORTA_CLK                                                                                                                                                                                                                                                                                                                                                                                                   | bd_i/xdma/inst/pcie4c_ip_i/inst/bd_xdma_0_pcie4c_ip_gt_top_i/diablo_gt.diablo_gt_phy_wrapper/phy_clk_i/CLK_CORECLK                                                                                                                                                                                                                                                                                             |             4.0 |
| pcie_refclk                                                                                                                                                                                                                                                                                                                                                                                                                   | pcie_refclk_clk_p[0]                                                                                                                                                                                                                                                                                                                                                                                           |            10.0 |
| pipe_clk                                                                                                                                                                                                                                                                                                                                                                                                                      | bd_i/xdma/inst/pcie4c_ip_i/inst/bd_xdma_0_pcie4c_ip_gt_top_i/diablo_gt.diablo_gt_phy_wrapper/phy_clk_i/CLK_PCLK                                                                                                                                                                                                                                                                                                |             4.0 |
| sysref_clk                                                                                                                                                                                                                                                                                                                                                                                                                    | sysref_clk_p[0]                                                                                                                                                                                                                                                                                                                                                                                                |             5.0 |
+-------------------------------------------------------------------------------------------------------------------------------------------------------------------------------------------------------------------------------------------------------------------------------------------------------------------------------------------------------------------------------------------------------------------------------+----------------------------------------------------------------------------------------------------------------------------------------------------------------------------------------------------------------------------------------------------------------------------------------------------------------------------------------------------------------------------------------------------------------+-----------------+


3. Detailed Reports
-------------------

3.1 By Hierarchy
----------------

+-----------------------------+-----------+
| Name                        | Power (W) |
+-----------------------------+-----------+
| bd_wrapper                  |    19.886 |
|   bd_i                      |    19.880 |
|     aux_clkst               |     0.004 |
|       U0                    |     0.004 |
|     aux_ctl                 |     0.003 |
|       U0                    |     0.003 |
|     aux_id                  |     0.003 |
|       U0                    |     0.003 |
|     aux_peak                |     0.004 |
|       U0                    |     0.004 |
|     aux_stat                |     0.004 |
|       U0                    |     0.004 |
|     aux_therm               |     0.004 |
|       U0                    |     0.004 |
|     aux_time                |     0.004 |
|       U0                    |     0.004 |
|     auxconnect              |     0.007 |
|       inst                  |     0.007 |
|     axil2eng                |     0.004 |
|       inst                  |     0.004 |
|     bc_cdc0                 |     0.006 |
|       inst                  |     0.006 |
|     bc_cdc1                 |     0.006 |
|       inst                  |     0.006 |
|     card                    |     0.014 |
|       inst                  |     0.014 |
|     clk_wiz_0               |     0.098 |
|       inst                  |     0.098 |
|     eng                     |     0.078 |
|       inst                  |     0.078 |
|     engctl                  |     0.003 |
|       inst                  |     0.003 |
|     fk33_aux_0              |     0.003 |
|       inst                  |     0.003 |
|     fk33_dmabram            |     0.002 |
|       U0                    |     0.002 |
|     fk33_dmabram_ram        |     0.013 |
|       U0                    |     0.013 |
|     fk33_id                 |     0.002 |
|       U0                    |     0.002 |
|     fk33_scratch_ram        |     0.002 |
|       U0                    |     0.002 |
|     fk33_therm              |     0.003 |
|       U0                    |     0.003 |
|     fk33_therm_0            |     0.005 |
|       inst                  |     0.005 |
|     fk33_thermc             |     0.002 |
|       U0                    |     0.002 |
|     fk33_thermp             |     0.003 |
|       U0                    |     0.003 |
|     hbm                     |    17.787 |
|       inst                  |    17.787 |
|     jtag_aux                |     0.016 |
|       inst                  |     0.016 |
|     jtag_axil               |     0.014 |
|       inst                  |     0.014 |
|     jtag_hbm                |     0.020 |
|       inst                  |     0.020 |
|     pcie2axil               |     0.066 |
|       inst                  |     0.066 |
|     pcie2hbm                |     0.091 |
|       inst                  |     0.091 |
|     system_management_wiz_0 |     0.007 |
|       inst                  |     0.007 |
|     util_ds_buf_0           |     0.006 |
|       U0                    |     0.006 |
|     util_ds_buf_1           |     0.004 |
|       U0                    |     0.004 |
|     xdma                    |     1.594 |
|       inst                  |     1.594 |
|   dbg_hub                   |     0.004 |
|     inst                    |     0.004 |
|       BSCANID.u_xsdbm_id    |     0.004 |
+-----------------------------+-----------+


3.2 By Clock Domain
-------------------

+-------------------------------------------------------------------------------------------------------------------------------------------------------------------------------------------------------------------------------------------------------------------------------------------------------------------------------------------------------------------------------------------------------------------------------+-----------+-----------------+---------+-------------------------+--------------------------------------------------------------------------------------------------------------------------------------------------------------------------------------------------------------------------------------------------------------------------------------------------------------------------------------------+------------+----------+-------------+--------+
| Name                                                                                                                                                                                                                                                                                                                                                                                                                          | Power (W) | Frequency (MHz) | Buffer  | Clock Buffer Enable (%) | Enable Signal                                                                                                                                                                                                                                                                                                                              | Bel Fanout | Sites    | Fanout/Site | Type   |
+-------------------------------------------------------------------------------------------------------------------------------------------------------------------------------------------------------------------------------------------------------------------------------------------------------------------------------------------------------------------------------------------------------------------------------+-----------+-----------------+---------+-------------------------+--------------------------------------------------------------------------------------------------------------------------------------------------------------------------------------------------------------------------------------------------------------------------------------------------------------------------------------------+------------+----------+-------------+--------+
| bd_i/clk_wiz_0/inst/clk_out1_bd_clk_wiz_0_0                                                                                                                                                                                                                                                                                                                                                                                   |     0.005 |          100.00 | N/A     |                     N/A | N/A                                                                                                                                                                                                                                                                                                                                        |        914 |      176 |        5.19 | N/A    |
|   bd_i/clk_wiz_0/inst/clk_out1                                                                                                                                                                                                                                                                                                                                                                                                |     0.005 |          100.00 | BUFG    |                  100.00 | bd_i/clk_wiz_0/inst/VCC_2                                                                                                                                                                                                                                                                                                                  |        913 |      175 |        5.22 | N/A    |
|   bd_i/clk_wiz_0/inst/clk_out1_bd_clk_wiz_0_0                                                                                                                                                                                                                                                                                                                                                                                 |    <0.001 |          100.00 | N/A     |                     N/A | N/A                                                                                                                                                                                                                                                                                                                                        |          1 |        1 |        1.00 | N/A    |
|   bd_i/clk_wiz_0/inst/clkout1_buf                                                                                                                                                                                                                                                                                                                                                                                             |    <0.001 |          100.00 | BUFG    |                  100.00 | bd_i/clk_wiz_0/inst/VCC_2                                                                                                                                                                                                                                                                                                                  |        913 |      175 |        5.22 | Global |
| bd_i/clk_wiz_0/inst/clk_out2                                                                                                                                                                                                                                                                                                                                                                                                  |     0.002 |          200.00 | N/A     |                     N/A | N/A                                                                                                                                                                                                                                                                                                                                        |          3 |        2 |        1.50 | N/A    |
|   bd_i/clk_wiz_0/inst/clk_out2                                                                                                                                                                                                                                                                                                                                                                                                |    <0.001 |          200.00 | BUFG    |                  100.00 | bd_i/clk_wiz_0/inst/VCC_2                                                                                                                                                                                                                                                                                                                  |          1 |        1 |        1.00 | N/A    |
|   bd_i/clk_wiz_0/inst/clk_out2_bd_clk_wiz_0_0                                                                                                                                                                                                                                                                                                                                                                                 |    <0.001 |          200.00 | N/A     |                     N/A | N/A                                                                                                                                                                                                                                                                                                                                        |          1 |        1 |        1.00 | N/A    |
|   bd_i/clk_wiz_0/inst/clk_out2_BUFGCE_collapsed_inst                                                                                                                                                                                                                                                                                                                                                                          |    <0.001 |          200.00 | BUFG    |                  100.00 | bd_i/clk_wiz_0/inst/xlnx_opt__1                                                                                                                                                                                                                                                                                                            |          1 |        0 |        0.00 | Global |
|   bd_i/clk_wiz_0/inst/clkout2_buf                                                                                                                                                                                                                                                                                                                                                                                             |    <0.001 |          200.00 | BUFG    |                  100.00 | bd_i/clk_wiz_0/inst/VCC_2                                                                                                                                                                                                                                                                                                                  |          1 |        1 |        1.00 | Global |
|   bd_i/clk_wiz_0/inst/xlnx_opt_                                                                                                                                                                                                                                                                                                                                                                                               |     0.001 |          200.00 | BUFG    |                  100.00 | bd_i/clk_wiz_0/inst/xlnx_opt__1                                                                                                                                                                                                                                                                                                            |          1 |        0 |        0.00 | N/A    |
| bd_i/clk_wiz_0/inst/clk_out3_bd_clk_wiz_0_0                                                                                                                                                                                                                                                                                                                                                                                   |     0.021 |            0.00 | N/A     |                     N/A | N/A                                                                                                                                                                                                                                                                                                                                        |     331576 |    42673 |        7.77 | N/A    |
|   bd_i/clk_wiz_0/inst/clk_out3                                                                                                                                                                                                                                                                                                                                                                                                |     0.021 |            0.00 | BUFG    |                  100.00 | bd_i/clk_wiz_0/inst/VCC_2                                                                                                                                                                                                                                                                                                                  |     331575 |    42672 |        7.77 | N/A    |
|   bd_i/clk_wiz_0/inst/clk_out3_bd_clk_wiz_0_0                                                                                                                                                                                                                                                                                                                                                                                 |    <0.001 |            0.00 | N/A     |                     N/A | N/A                                                                                                                                                                                                                                                                                                                                        |          1 |        1 |        1.00 | N/A    |
|   bd_i/clk_wiz_0/inst/clkout3_buf                                                                                                                                                                                                                                                                                                                                                                                             |    <0.001 |            0.00 | BUFG    |                  100.00 | bd_i/clk_wiz_0/inst/VCC_2                                                                                                                                                                                                                                                                                                                  |     331575 |    42672 |        7.77 | Global |
| bd_i/xdma/inst/pcie4c_ip_i/inst/bd_xdma_0_pcie4c_ip_gt_top_i/diablo_gt.diablo_gt_phy_wrapper/gt_wizard.gtwizard_top_i/bd_xdma_0_pcie4c_ip_gt_i/inst/gen_gtwizard_gtye4_top.bd_xdma_0_pcie4c_ip_gt_gtwizard_gtye4_inst/gen_gtwizard_gtye4.gen_channel_container[27].gen_enabled_channel.gtye4_channel_wrapper_inst/channel_inst/GTYE4_CHANNEL_TXOUTCLK[0]                                                                      |    <0.001 |          500.00 | N/A     |                     N/A | N/A                                                                                                                                                                                                                                                                                                                                        |          2 |        2 |        1.00 | N/A    |
|   bd_i/xdma/inst/pcie4c_ip_i/inst/bd_xdma_0_pcie4c_ip_gt_top_i/diablo_gt.diablo_gt_phy_wrapper/gt_wizard.gtwizard_top_i/bd_xdma_0_pcie4c_ip_gt_i/inst/gen_gtwizard_gtye4_top.bd_xdma_0_pcie4c_ip_gt_gtwizard_gtye4_inst/gen_gtwizard_gtye4.gen_channel_container[27].gen_enabled_channel.gtye4_channel_wrapper_inst/channel_inst/GTYE4_CHANNEL_TXOUTCLK[0]                                                                    |    <0.001 |          500.00 | N/A     |                     N/A | N/A                                                                                                                                                                                                                                                                                                                                        |          2 |        2 |        1.00 | N/A    |
| bd_i/xdma/inst/pcie4c_ip_i/inst/bd_xdma_0_pcie4c_ip_gt_top_i/diablo_gt.diablo_gt_phy_wrapper/gt_wizard.gtwizard_top_i/bd_xdma_0_pcie4c_ip_gt_i/inst/gen_gtwizard_gtye4_top.bd_xdma_0_pcie4c_ip_gt_gtwizard_gtye4_inst/gen_gtwizard_gtye4.gen_channel_container[27].gen_enabled_channel.gtye4_channel_wrapper_inst/channel_inst/GTYE4_CHANNEL_TXOUTCLK[1]                                                                      |    <0.001 |          500.00 | N/A     |                     N/A | N/A                                                                                                                                                                                                                                                                                                                                        |          2 |        2 |        1.00 | N/A    |
|   bd_i/xdma/inst/pcie4c_ip_i/inst/bd_xdma_0_pcie4c_ip_gt_top_i/diablo_gt.diablo_gt_phy_wrapper/gt_wizard.gtwizard_top_i/bd_xdma_0_pcie4c_ip_gt_i/inst/gen_gtwizard_gtye4_top.bd_xdma_0_pcie4c_ip_gt_gtwizard_gtye4_inst/gen_gtwizard_gtye4.gen_channel_container[27].gen_enabled_channel.gtye4_channel_wrapper_inst/channel_inst/GTYE4_CHANNEL_TXOUTCLK[1]                                                                    |    <0.001 |          500.00 | N/A     |                     N/A | N/A                                                                                                                                                                                                                                                                                                                                        |          2 |        2 |        1.00 | N/A    |
| bd_i/xdma/inst/pcie4c_ip_i/inst/bd_xdma_0_pcie4c_ip_gt_top_i/diablo_gt.diablo_gt_phy_wrapper/gt_wizard.gtwizard_top_i/bd_xdma_0_pcie4c_ip_gt_i/inst/gen_gtwizard_gtye4_top.bd_xdma_0_pcie4c_ip_gt_gtwizard_gtye4_inst/gen_gtwizard_gtye4.gen_channel_container[27].gen_enabled_channel.gtye4_channel_wrapper_inst/channel_inst/GTYE4_CHANNEL_TXOUTCLK[2]                                                                      |    <0.001 |          500.00 | N/A     |                     N/A | N/A                                                                                                                                                                                                                                                                                                                                        |          2 |        2 |        1.00 | N/A    |
|   bd_i/xdma/inst/pcie4c_ip_i/inst/bd_xdma_0_pcie4c_ip_gt_top_i/diablo_gt.diablo_gt_phy_wrapper/gt_wizard.gtwizard_top_i/bd_xdma_0_pcie4c_ip_gt_i/inst/gen_gtwizard_gtye4_top.bd_xdma_0_pcie4c_ip_gt_gtwizard_gtye4_inst/gen_gtwizard_gtye4.gen_channel_container[27].gen_enabled_channel.gtye4_channel_wrapper_inst/channel_inst/GTYE4_CHANNEL_TXOUTCLK[2]                                                                    |    <0.001 |          500.00 | N/A     |                     N/A | N/A                                                                                                                                                                                                                                                                                                                                        |          2 |        2 |        1.00 | N/A    |
| bd_i/xdma/inst/pcie4c_ip_i/inst/bd_xdma_0_pcie4c_ip_gt_top_i/diablo_gt.diablo_gt_phy_wrapper/gt_wizard.gtwizard_top_i/bd_xdma_0_pcie4c_ip_gt_i/inst/gen_gtwizard_gtye4_top.bd_xdma_0_pcie4c_ip_gt_gtwizard_gtye4_inst/gen_gtwizard_gtye4.gen_channel_container[27].gen_enabled_channel.gtye4_channel_wrapper_inst/channel_inst/GTYE4_CHANNEL_TXOUTCLK[3]                                                                      |    <0.001 |          500.00 | N/A     |                     N/A | N/A                                                                                                                                                                                                                                                                                                                                        |          6 |        6 |        1.00 | N/A    |
|   bd_i/xdma/inst/pcie4c_ip_i/inst/bd_xdma_0_pcie4c_ip_gt_top_i/diablo_gt.diablo_gt_phy_wrapper/gt_wizard.gtwizard_top_i/bd_xdma_0_pcie4c_ip_gt_i/inst/gen_gtwizard_gtye4_top.bd_xdma_0_pcie4c_ip_gt_gtwizard_gtye4_inst/gen_gtwizard_gtye4.gen_channel_container[27].gen_enabled_channel.gtye4_channel_wrapper_inst/channel_inst/GTYE4_CHANNEL_TXOUTCLK[3]                                                                    |    <0.001 |          500.00 | N/A     |                     N/A | N/A                                                                                                                                                                                                                                                                                                                                        |          6 |        6 |        1.00 | N/A    |
| bd_i/xdma/inst/pcie4c_ip_i/inst/bd_xdma_0_pcie4c_ip_gt_top_i/diablo_gt.diablo_gt_phy_wrapper/gt_wizard.gtwizard_top_i/bd_xdma_0_pcie4c_ip_gt_i/inst/gen_gtwizard_gtye4_top.bd_xdma_0_pcie4c_ip_gt_gtwizard_gtye4_inst/gen_gtwizard_gtye4.gen_common.gen_common_container[27].gen_enabled_common.gtye4_common_wrapper_inst/common_inst/GTYE4_COMMON_QPLL0OUTCLK[0]                                                             |    <0.001 |         5000.00 | N/A     |                     N/A | N/A                                                                                                                                                                                                                                                                                                                                        |          4 |        4 |        1.00 | N/A    |
|   bd_i/xdma/inst/pcie4c_ip_i/inst/bd_xdma_0_pcie4c_ip_gt_top_i/diablo_gt.diablo_gt_phy_wrapper/gt_wizard.gtwizard_top_i/bd_xdma_0_pcie4c_ip_gt_i/inst/gen_gtwizard_gtye4_top.bd_xdma_0_pcie4c_ip_gt_gtwizard_gtye4_inst/gen_gtwizard_gtye4.gen_common.gen_common_container[27].gen_enabled_common.gtye4_common_wrapper_inst/common_inst/GTYE4_COMMON_QPLL0OUTCLK[0]                                                           |    <0.001 |         5000.00 | N/A     |                     N/A | N/A                                                                                                                                                                                                                                                                                                                                        |          4 |        4 |        1.00 | N/A    |
| bd_i/xdma/inst/pcie4c_ip_i/inst/bd_xdma_0_pcie4c_ip_gt_top_i/diablo_gt.diablo_gt_phy_wrapper/gt_wizard.gtwizard_top_i/bd_xdma_0_pcie4c_ip_gt_i/inst/gen_gtwizard_gtye4_top.bd_xdma_0_pcie4c_ip_gt_gtwizard_gtye4_inst/gen_gtwizard_gtye4.gen_common.gen_common_container[27].gen_enabled_common.gtye4_common_wrapper_inst/common_inst/GTYE4_COMMON_QPLL0OUTREFCLK[0]                                                          |    <0.001 |          100.00 | N/A     |                     N/A | N/A                                                                                                                                                                                                                                                                                                                                        |          4 |        4 |        1.00 | N/A    |
|   bd_i/xdma/inst/pcie4c_ip_i/inst/bd_xdma_0_pcie4c_ip_gt_top_i/diablo_gt.diablo_gt_phy_wrapper/gt_wizard.gtwizard_top_i/bd_xdma_0_pcie4c_ip_gt_i/inst/gen_gtwizard_gtye4_top.bd_xdma_0_pcie4c_ip_gt_gtwizard_gtye4_inst/gen_gtwizard_gtye4.gen_common.gen_common_container[27].gen_enabled_common.gtye4_common_wrapper_inst/common_inst/GTYE4_COMMON_QPLL0OUTREFCLK[0]                                                        |    <0.001 |          100.00 | N/A     |                     N/A | N/A                                                                                                                                                                                                                                                                                                                                        |          4 |        4 |        1.00 | N/A    |
| bd_i/xdma/inst/pcie4c_ip_i/inst/bd_xdma_0_pcie4c_ip_gt_top_i/diablo_gt.diablo_gt_phy_wrapper/gt_wizard.gtwizard_top_i/bd_xdma_0_pcie4c_ip_gt_i/inst/gen_gtwizard_gtye4_top.bd_xdma_0_pcie4c_ip_gt_gtwizard_gtye4_inst/gen_gtwizard_gtye4.gen_common.gen_common_container[27].gen_enabled_common.gtye4_common_wrapper_inst/common_inst/GTYE4_COMMON_QPLL1OUTCLK[0]                                                             |    <0.001 |         5000.00 | N/A     |                     N/A | N/A                                                                                                                                                                                                                                                                                                                                        |          4 |        4 |        1.00 | N/A    |
|   bd_i/xdma/inst/pcie4c_ip_i/inst/bd_xdma_0_pcie4c_ip_gt_top_i/diablo_gt.diablo_gt_phy_wrapper/gt_wizard.gtwizard_top_i/bd_xdma_0_pcie4c_ip_gt_i/inst/gen_gtwizard_gtye4_top.bd_xdma_0_pcie4c_ip_gt_gtwizard_gtye4_inst/gen_gtwizard_gtye4.gen_common.gen_common_container[27].gen_enabled_common.gtye4_common_wrapper_inst/common_inst/GTYE4_COMMON_QPLL1OUTCLK[0]                                                           |    <0.001 |         5000.00 | N/A     |                     N/A | N/A                                                                                                                                                                                                                                                                                                                                        |          4 |        4 |        1.00 | N/A    |
| bd_i/xdma/inst/pcie4c_ip_i/inst/bd_xdma_0_pcie4c_ip_gt_top_i/diablo_gt.diablo_gt_phy_wrapper/gt_wizard.gtwizard_top_i/bd_xdma_0_pcie4c_ip_gt_i/inst/gen_gtwizard_gtye4_top.bd_xdma_0_pcie4c_ip_gt_gtwizard_gtye4_inst/gen_gtwizard_gtye4.gen_common.gen_common_container[27].gen_enabled_common.gtye4_common_wrapper_inst/common_inst/GTYE4_COMMON_QPLL1OUTREFCLK[0]                                                          |    <0.001 |          100.00 | N/A     |                     N/A | N/A                                                                                                                                                                                                                                                                                                                                        |          4 |        4 |        1.00 | N/A    |
|   bd_i/xdma/inst/pcie4c_ip_i/inst/bd_xdma_0_pcie4c_ip_gt_top_i/diablo_gt.diablo_gt_phy_wrapper/gt_wizard.gtwizard_top_i/bd_xdma_0_pcie4c_ip_gt_i/inst/gen_gtwizard_gtye4_top.bd_xdma_0_pcie4c_ip_gt_gtwizard_gtye4_inst/gen_gtwizard_gtye4.gen_common.gen_common_container[27].gen_enabled_common.gtye4_common_wrapper_inst/common_inst/GTYE4_COMMON_QPLL1OUTREFCLK[0]                                                        |    <0.001 |          100.00 | N/A     |                     N/A | N/A                                                                                                                                                                                                                                                                                                                                        |          4 |        4 |        1.00 | N/A    |
| bd_i/xdma/inst/pcie4c_ip_i/inst/bd_xdma_0_pcie4c_ip_gt_top_i/diablo_gt.diablo_gt_phy_wrapper/gt_wizard.gtwizard_top_i/bd_xdma_0_pcie4c_ip_gt_i/inst/gen_gtwizard_gtye4_top.bd_xdma_0_pcie4c_ip_gt_gtwizard_gtye4_inst/gen_gtwizard_gtye4.gen_cpll_cal_gtye4.gen_cpll_cal_inst[0].gen_inst_cpll_cal.gtwizard_ultrascale_v1_7_17_gtye4_cpll_cal_inst/gtwizard_ultrascale_v1_7_17_gtye4_cpll_cal_tx_i/txoutclkmon                |    <0.001 |          125.00 | N/A     |                     N/A | N/A                                                                                                                                                                                                                                                                                                                                        |         31 |        8 |        3.88 | N/A    |
|   bd_i/xdma/inst/pcie4c_ip_i/inst/bd_xdma_0_pcie4c_ip_gt_top_i/diablo_gt.diablo_gt_phy_wrapper/gt_wizard.gtwizard_top_i/bd_xdma_0_pcie4c_ip_gt_i/inst/gen_gtwizard_gtye4_top.bd_xdma_0_pcie4c_ip_gt_gtwizard_gtye4_inst/gen_gtwizard_gtye4.gen_cpll_cal_gtye4.gen_cpll_cal_inst[0].gen_inst_cpll_cal.gtwizard_ultrascale_v1_7_17_gtye4_cpll_cal_inst/gtwizard_ultrascale_v1_7_17_gtye4_cpll_cal_tx_i/bufg_gt_txoutclkmon_inst |    <0.001 |          125.00 | BUFG_GT |                     N/A | bd_i/xdma/inst/pcie4c_ip_i/inst/bd_xdma_0_pcie4c_ip_gt_top_i/diablo_gt.diablo_gt_phy_wrapper/gt_wizard.gtwizard_top_i/bd_xdma_0_pcie4c_ip_gt_i/inst/gen_gtwizard_gtye4_top.bd_xdma_0_pcie4c_ip_gt_gtwizard_gtye4_inst/gen_gtwizard_gtye4.gen_channel_container[27].gen_enabled_channel.gtye4_channel_wrapper_inst/channel_inst/xlnx_opt_   |         31 |        8 |        3.88 | Global |
|   bd_i/xdma/inst/pcie4c_ip_i/inst/bd_xdma_0_pcie4c_ip_gt_top_i/diablo_gt.diablo_gt_phy_wrapper/gt_wizard.gtwizard_top_i/bd_xdma_0_pcie4c_ip_gt_i/inst/gen_gtwizard_gtye4_top.bd_xdma_0_pcie4c_ip_gt_gtwizard_gtye4_inst/gen_gtwizard_gtye4.gen_cpll_cal_gtye4.gen_cpll_cal_inst[0].gen_inst_cpll_cal.gtwizard_ultrascale_v1_7_17_gtye4_cpll_cal_inst/gtwizard_ultrascale_v1_7_17_gtye4_cpll_cal_tx_i/txoutclkmon              |    <0.001 |          125.00 | BUFG_GT |                     N/A | bd_i/xdma/inst/pcie4c_ip_i/inst/bd_xdma_0_pcie4c_ip_gt_top_i/diablo_gt.diablo_gt_phy_wrapper/gt_wizard.gtwizard_top_i/bd_xdma_0_pcie4c_ip_gt_i/inst/gen_gtwizard_gtye4_top.bd_xdma_0_pcie4c_ip_gt_gtwizard_gtye4_inst/gen_gtwizard_gtye4.gen_channel_container[27].gen_enabled_channel.gtye4_channel_wrapper_inst/channel_inst/xlnx_opt_   |         31 |        8 |        3.88 | N/A    |
| bd_i/xdma/inst/pcie4c_ip_i/inst/bd_xdma_0_pcie4c_ip_gt_top_i/diablo_gt.diablo_gt_phy_wrapper/gt_wizard.gtwizard_top_i/bd_xdma_0_pcie4c_ip_gt_i/inst/gen_gtwizard_gtye4_top.bd_xdma_0_pcie4c_ip_gt_gtwizard_gtye4_inst/gen_gtwizard_gtye4.gen_cpll_cal_gtye4.gen_cpll_cal_inst[1].gen_inst_cpll_cal.gtwizard_ultrascale_v1_7_17_gtye4_cpll_cal_inst/gtwizard_ultrascale_v1_7_17_gtye4_cpll_cal_tx_i/txoutclkmon                |    <0.001 |          125.00 | N/A     |                     N/A | N/A                                                                                                                                                                                                                                                                                                                                        |         31 |        8 |        3.88 | N/A    |
|   bd_i/xdma/inst/pcie4c_ip_i/inst/bd_xdma_0_pcie4c_ip_gt_top_i/diablo_gt.diablo_gt_phy_wrapper/gt_wizard.gtwizard_top_i/bd_xdma_0_pcie4c_ip_gt_i/inst/gen_gtwizard_gtye4_top.bd_xdma_0_pcie4c_ip_gt_gtwizard_gtye4_inst/gen_gtwizard_gtye4.gen_cpll_cal_gtye4.gen_cpll_cal_inst[1].gen_inst_cpll_cal.gtwizard_ultrascale_v1_7_17_gtye4_cpll_cal_inst/gtwizard_ultrascale_v1_7_17_gtye4_cpll_cal_tx_i/bufg_gt_txoutclkmon_inst |    <0.001 |          125.00 | BUFG_GT |                     N/A | bd_i/xdma/inst/pcie4c_ip_i/inst/bd_xdma_0_pcie4c_ip_gt_top_i/diablo_gt.diablo_gt_phy_wrapper/gt_wizard.gtwizard_top_i/bd_xdma_0_pcie4c_ip_gt_i/inst/gen_gtwizard_gtye4_top.bd_xdma_0_pcie4c_ip_gt_gtwizard_gtye4_inst/gen_gtwizard_gtye4.gen_channel_container[27].gen_enabled_channel.gtye4_channel_wrapper_inst/channel_inst/xlnx_opt__2 |         31 |        8 |        3.88 | Global |
|   bd_i/xdma/inst/pcie4c_ip_i/inst/bd_xdma_0_pcie4c_ip_gt_top_i/diablo_gt.diablo_gt_phy_wrapper/gt_wizard.gtwizard_top_i/bd_xdma_0_pcie4c_ip_gt_i/inst/gen_gtwizard_gtye4_top.bd_xdma_0_pcie4c_ip_gt_gtwizard_gtye4_inst/gen_gtwizard_gtye4.gen_cpll_cal_gtye4.gen_cpll_cal_inst[1].gen_inst_cpll_cal.gtwizard_ultrascale_v1_7_17_gtye4_cpll_cal_inst/gtwizard_ultrascale_v1_7_17_gtye4_cpll_cal_tx_i/txoutclkmon              |    <0.001 |          125.00 | BUFG_GT |                     N/A | bd_i/xdma/inst/pcie4c_ip_i/inst/bd_xdma_0_pcie4c_ip_gt_top_i/diablo_gt.diablo_gt_phy_wrapper/gt_wizard.gtwizard_top_i/bd_xdma_0_pcie4c_ip_gt_i/inst/gen_gtwizard_gtye4_top.bd_xdma_0_pcie4c_ip_gt_gtwizard_gtye4_inst/gen_gtwizard_gtye4.gen_channel_container[27].gen_enabled_channel.gtye4_channel_wrapper_inst/channel_inst/xlnx_opt__2 |         31 |        8 |        3.88 | N/A    |
| bd_i/xdma/inst/pcie4c_ip_i/inst/bd_xdma_0_pcie4c_ip_gt_top_i/diablo_gt.diablo_gt_phy_wrapper/gt_wizard.gtwizard_top_i/bd_xdma_0_pcie4c_ip_gt_i/inst/gen_gtwizard_gtye4_top.bd_xdma_0_pcie4c_ip_gt_gtwizard_gtye4_inst/gen_gtwizard_gtye4.gen_cpll_cal_gtye4.gen_cpll_cal_inst[2].gen_inst_cpll_cal.gtwizard_ultrascale_v1_7_17_gtye4_cpll_cal_inst/gtwizard_ultrascale_v1_7_17_gtye4_cpll_cal_tx_i/txoutclkmon                |    <0.001 |          125.00 | N/A     |                     N/A | N/A                                                                                                                                                                                                                                                                                                                                        |         31 |        6 |        5.17 | N/A    |
|   bd_i/xdma/inst/pcie4c_ip_i/inst/bd_xdma_0_pcie4c_ip_gt_top_i/diablo_gt.diablo_gt_phy_wrapper/gt_wizard.gtwizard_top_i/bd_xdma_0_pcie4c_ip_gt_i/inst/gen_gtwizard_gtye4_top.bd_xdma_0_pcie4c_ip_gt_gtwizard_gtye4_inst/gen_gtwizard_gtye4.gen_cpll_cal_gtye4.gen_cpll_cal_inst[2].gen_inst_cpll_cal.gtwizard_ultrascale_v1_7_17_gtye4_cpll_cal_inst/gtwizard_ultrascale_v1_7_17_gtye4_cpll_cal_tx_i/bufg_gt_txoutclkmon_inst |    <0.001 |          125.00 | BUFG_GT |                     N/A | bd_i/xdma/inst/pcie4c_ip_i/inst/bd_xdma_0_pcie4c_ip_gt_top_i/diablo_gt.diablo_gt_phy_wrapper/gt_wizard.gtwizard_top_i/bd_xdma_0_pcie4c_ip_gt_i/inst/gen_gtwizard_gtye4_top.bd_xdma_0_pcie4c_ip_gt_gtwizard_gtye4_inst/gen_gtwizard_gtye4.gen_channel_container[27].gen_enabled_channel.gtye4_channel_wrapper_inst/channel_inst/xlnx_opt__4 |         31 |        6 |        5.17 | Global |
|   bd_i/xdma/inst/pcie4c_ip_i/inst/bd_xdma_0_pcie4c_ip_gt_top_i/diablo_gt.diablo_gt_phy_wrapper/gt_wizard.gtwizard_top_i/bd_xdma_0_pcie4c_ip_gt_i/inst/gen_gtwizard_gtye4_top.bd_xdma_0_pcie4c_ip_gt_gtwizard_gtye4_inst/gen_gtwizard_gtye4.gen_cpll_cal_gtye4.gen_cpll_cal_inst[2].gen_inst_cpll_cal.gtwizard_ultrascale_v1_7_17_gtye4_cpll_cal_inst/gtwizard_ultrascale_v1_7_17_gtye4_cpll_cal_tx_i/txoutclkmon              |    <0.001 |          125.00 | BUFG_GT |                     N/A | bd_i/xdma/inst/pcie4c_ip_i/inst/bd_xdma_0_pcie4c_ip_gt_top_i/diablo_gt.diablo_gt_phy_wrapper/gt_wizard.gtwizard_top_i/bd_xdma_0_pcie4c_ip_gt_i/inst/gen_gtwizard_gtye4_top.bd_xdma_0_pcie4c_ip_gt_gtwizard_gtye4_inst/gen_gtwizard_gtye4.gen_channel_container[27].gen_enabled_channel.gtye4_channel_wrapper_inst/channel_inst/xlnx_opt__4 |         31 |        6 |        5.17 | N/A    |
| bd_i/xdma/inst/pcie4c_ip_i/inst/bd_xdma_0_pcie4c_ip_gt_top_i/diablo_gt.diablo_gt_phy_wrapper/gt_wizard.gtwizard_top_i/bd_xdma_0_pcie4c_ip_gt_i/inst/gen_gtwizard_gtye4_top.bd_xdma_0_pcie4c_ip_gt_gtwizard_gtye4_inst/gen_gtwizard_gtye4.gen_cpll_cal_gtye4.gen_cpll_cal_inst[3].gen_inst_cpll_cal.gtwizard_ultrascale_v1_7_17_gtye4_cpll_cal_inst/gtwizard_ultrascale_v1_7_17_gtye4_cpll_cal_tx_i/txoutclkmon                |    <0.001 |          125.00 | N/A     |                     N/A | N/A                                                                                                                                                                                                                                                                                                                                        |         31 |        6 |        5.17 | N/A    |
|   bd_i/xdma/inst/pcie4c_ip_i/inst/bd_xdma_0_pcie4c_ip_gt_top_i/diablo_gt.diablo_gt_phy_wrapper/gt_wizard.gtwizard_top_i/bd_xdma_0_pcie4c_ip_gt_i/inst/gen_gtwizard_gtye4_top.bd_xdma_0_pcie4c_ip_gt_gtwizard_gtye4_inst/gen_gtwizard_gtye4.gen_cpll_cal_gtye4.gen_cpll_cal_inst[3].gen_inst_cpll_cal.gtwizard_ultrascale_v1_7_17_gtye4_cpll_cal_inst/gtwizard_ultrascale_v1_7_17_gtye4_cpll_cal_tx_i/bufg_gt_txoutclkmon_inst |    <0.001 |          125.00 | BUFG_GT |                     N/A | bd_i/xdma/inst/pcie4c_ip_i/inst/bd_xdma_0_pcie4c_ip_gt_top_i/diablo_gt.diablo_gt_phy_wrapper/gt_wizard.gtwizard_top_i/bd_xdma_0_pcie4c_ip_gt_i/inst/gen_gtwizard_gtye4_top.bd_xdma_0_pcie4c_ip_gt_gtwizard_gtye4_inst/gen_gtwizard_gtye4.gen_channel_container[27].gen_enabled_channel.gtye4_channel_wrapper_inst/channel_inst/xlnx_opt__6 |         31 |        6 |        5.17 | Global |
|   bd_i/xdma/inst/pcie4c_ip_i/inst/bd_xdma_0_pcie4c_ip_gt_top_i/diablo_gt.diablo_gt_phy_wrapper/gt_wizard.gtwizard_top_i/bd_xdma_0_pcie4c_ip_gt_i/inst/gen_gtwizard_gtye4_top.bd_xdma_0_pcie4c_ip_gt_gtwizard_gtye4_inst/gen_gtwizard_gtye4.gen_cpll_cal_gtye4.gen_cpll_cal_inst[3].gen_inst_cpll_cal.gtwizard_ultrascale_v1_7_17_gtye4_cpll_cal_inst/gtwizard_ultrascale_v1_7_17_gtye4_cpll_cal_tx_i/txoutclkmon              |    <0.001 |          125.00 | BUFG_GT |                     N/A | bd_i/xdma/inst/pcie4c_ip_i/inst/bd_xdma_0_pcie4c_ip_gt_top_i/diablo_gt.diablo_gt_phy_wrapper/gt_wizard.gtwizard_top_i/bd_xdma_0_pcie4c_ip_gt_i/inst/gen_gtwizard_gtye4_top.bd_xdma_0_pcie4c_ip_gt_gtwizard_gtye4_inst/gen_gtwizard_gtye4.gen_channel_container[27].gen_enabled_channel.gtye4_channel_wrapper_inst/channel_inst/xlnx_opt__6 |         31 |        6 |        5.17 | N/A    |
| bd_i/xdma/inst/pcie4c_ip_i/inst/bd_xdma_0_pcie4c_ip_gt_top_i/diablo_gt.diablo_gt_phy_wrapper/phy_clk_i/CLK_CORECLK                                                                                                                                                                                                                                                                                                            |     0.317 |          250.00 | N/A     |                     N/A | N/A                                                                                                                                                                                                                                                                                                                                        |      68301 |     9819 |        6.96 | N/A    |
|   bd_i/xdma/inst/pcie4c_ip_i/inst/bd_xdma_0_pcie4c_ip_gt_top_i/diablo_gt.diablo_gt_phy_wrapper/phy_clk_i/bufg_gt_coreclk                                                                                                                                                                                                                                                                                                      |    <0.001 |          250.00 | BUFG_GT |                     N/A | bd_i/xdma/inst/pcie4c_ip_i/inst/bd_xdma_0_pcie4c_ip_gt_top_i/diablo_gt.diablo_gt_phy_wrapper/gt_wizard.gtwizard_top_i/bd_xdma_0_pcie4c_ip_gt_i/inst/gen_gtwizard_gtye4_top.bd_xdma_0_pcie4c_ip_gt_gtwizard_gtye4_inst/gen_gtwizard_gtye4.gen_channel_container[27].gen_enabled_channel.gtye4_channel_wrapper_inst/channel_inst/xlnx_opt__6 |      68301 |     9819 |        6.96 | Global |
|   bd_i/xdma/inst/pcie4c_ip_i/inst/bd_xdma_0_pcie4c_ip_gt_top_i/diablo_gt.diablo_gt_phy_wrapper/phy_clk_i/CLK_CORECLK                                                                                                                                                                                                                                                                                                          |     0.317 |          250.00 | BUFG_GT |                     N/A | bd_i/xdma/inst/pcie4c_ip_i/inst/bd_xdma_0_pcie4c_ip_gt_top_i/diablo_gt.diablo_gt_phy_wrapper/gt_wizard.gtwizard_top_i/bd_xdma_0_pcie4c_ip_gt_i/inst/gen_gtwizard_gtye4_top.bd_xdma_0_pcie4c_ip_gt_gtwizard_gtye4_inst/gen_gtwizard_gtye4.gen_channel_container[27].gen_enabled_channel.gtye4_channel_wrapper_inst/channel_inst/xlnx_opt__6 |      68301 |     9819 |        6.96 | N/A    |
| bd_i/xdma/inst/pcie4c_ip_i/inst/bd_xdma_0_pcie4c_ip_gt_top_i/diablo_gt.diablo_gt_phy_wrapper/phy_clk_i/CLK_INTCLK                                                                                                                                                                                                                                                                                                             |    <0.001 |            1.00 | N/A     |                     N/A | N/A                                                                                                                                                                                                                                                                                                                                        |         13 |        6 |        2.17 | N/A    |
|   bd_i/xdma/inst/pcie4c_ip_i/inst/bd_xdma_0_pcie4c_ip_gt_top_i/diablo_gt.diablo_gt_phy_wrapper/phy_clk_i/bufg_gt_intclk                                                                                                                                                                                                                                                                                                       |    <0.001 |            1.00 | BUFG_GT |                     N/A | bd_i/xdma/inst/pcie4c_ip_i/inst/bd_xdma_0_pcie4c_ip_gt_top_i/diablo_gt.diablo_gt_phy_wrapper/gt_wizard.gtwizard_top_i/bd_xdma_0_pcie4c_ip_gt_i/inst/gen_gtwizard_gtye4_top.bd_xdma_0_pcie4c_ip_gt_gtwizard_gtye4_inst/gen_gtwizard_gtye4.gen_channel_container[27].gen_enabled_channel.gtye4_channel_wrapper_inst/channel_inst/xlnx_opt__6 |         13 |        6 |        2.17 | Global |
|   bd_i/xdma/inst/pcie4c_ip_i/inst/bd_xdma_0_pcie4c_ip_gt_top_i/diablo_gt.diablo_gt_phy_wrapper/phy_clk_i/CLK_INTCLK                                                                                                                                                                                                                                                                                                           |    <0.001 |            1.00 | BUFG_GT |                     N/A | bd_i/xdma/inst/pcie4c_ip_i/inst/bd_xdma_0_pcie4c_ip_gt_top_i/diablo_gt.diablo_gt_phy_wrapper/gt_wizard.gtwizard_top_i/bd_xdma_0_pcie4c_ip_gt_i/inst/gen_gtwizard_gtye4_top.bd_xdma_0_pcie4c_ip_gt_gtwizard_gtye4_inst/gen_gtwizard_gtye4.gen_channel_container[27].gen_enabled_channel.gtye4_channel_wrapper_inst/channel_inst/xlnx_opt__6 |         13 |        6 |        2.17 | N/A    |
| bd_i/xdma/inst/pcie4c_ip_i/inst/bd_xdma_0_pcie4c_ip_gt_top_i/diablo_gt.diablo_gt_phy_wrapper/phy_clk_i/CLK_MCAPCLK                                                                                                                                                                                                                                                                                                            |    <0.001 |          125.00 | N/A     |                     N/A | N/A                                                                                                                                                                                                                                                                                                                                        |          1 |        1 |        1.00 | N/A    |
|   bd_i/xdma/inst/pcie4c_ip_i/inst/bd_xdma_0_pcie4c_ip_gt_top_i/diablo_gt.diablo_gt_phy_wrapper/phy_clk_i/bufg_gt_mcapclk                                                                                                                                                                                                                                                                                                      |    <0.001 |          125.00 | BUFG_GT |                     N/A | bd_i/xdma/inst/pcie4c_ip_i/inst/bd_xdma_0_pcie4c_ip_gt_top_i/diablo_gt.diablo_gt_phy_wrapper/gt_wizard.gtwizard_top_i/bd_xdma_0_pcie4c_ip_gt_i/inst/gen_gtwizard_gtye4_top.bd_xdma_0_pcie4c_ip_gt_gtwizard_gtye4_inst/gen_gtwizard_gtye4.gen_channel_container[27].gen_enabled_channel.gtye4_channel_wrapper_inst/channel_inst/xlnx_opt__6 |          1 |        1 |        1.00 | Global |
|   bd_i/xdma/inst/pcie4c_ip_i/inst/bd_xdma_0_pcie4c_ip_gt_top_i/diablo_gt.diablo_gt_phy_wrapper/phy_clk_i/CLK_MCAPCLK                                                                                                                                                                                                                                                                                                          |    <0.001 |          125.00 | BUFG_GT |                     N/A | bd_i/xdma/inst/pcie4c_ip_i/inst/bd_xdma_0_pcie4c_ip_gt_top_i/diablo_gt.diablo_gt_phy_wrapper/gt_wizard.gtwizard_top_i/bd_xdma_0_pcie4c_ip_gt_i/inst/gen_gtwizard_gtye4_top.bd_xdma_0_pcie4c_ip_gt_gtwizard_gtye4_inst/gen_gtwizard_gtye4.gen_channel_container[27].gen_enabled_channel.gtye4_channel_wrapper_inst/channel_inst/xlnx_opt__6 |          1 |        1 |        1.00 | N/A    |
| bd_i/xdma/inst/pcie4c_ip_i/inst/bd_xdma_0_pcie4c_ip_gt_top_i/diablo_gt.diablo_gt_phy_wrapper/phy_clk_i/CLK_PCLK                                                                                                                                                                                                                                                                                                               |     0.017 |          250.00 | N/A     |                     N/A | N/A                                                                                                                                                                                                                                                                                                                                        |       1141 |      202 |        5.65 | N/A    |
|   bd_i/xdma/inst/pcie4c_ip_i/inst/bd_xdma_0_pcie4c_ip_gt_top_i/diablo_gt.diablo_gt_phy_wrapper/phy_clk_i/bufg_gt_pclk                                                                                                                                                                                                                                                                                                         |    <0.001 |          250.00 | BUFG_GT |                     N/A | bd_i/xdma/inst/pcie4c_ip_i/inst/bd_xdma_0_pcie4c_ip_gt_top_i/diablo_gt.diablo_gt_phy_wrapper/gt_wizard.gtwizard_top_i/bd_xdma_0_pcie4c_ip_gt_i/inst/gen_gtwizard_gtye4_top.bd_xdma_0_pcie4c_ip_gt_gtwizard_gtye4_inst/gen_gtwizard_gtye4.gen_channel_container[27].gen_enabled_channel.gtye4_channel_wrapper_inst/channel_inst/xlnx_opt__6 |       1141 |      202 |        5.65 | Global |
|   bd_i/xdma/inst/pcie4c_ip_i/inst/bd_xdma_0_pcie4c_ip_gt_top_i/diablo_gt.diablo_gt_phy_wrapper/phy_clk_i/CLK_PCLK                                                                                                                                                                                                                                                                                                             |     0.017 |          250.00 | BUFG_GT |                     N/A | bd_i/xdma/inst/pcie4c_ip_i/inst/bd_xdma_0_pcie4c_ip_gt_top_i/diablo_gt.diablo_gt_phy_wrapper/gt_wizard.gtwizard_top_i/bd_xdma_0_pcie4c_ip_gt_i/inst/gen_gtwizard_gtye4_top.bd_xdma_0_pcie4c_ip_gt_gtwizard_gtye4_inst/gen_gtwizard_gtye4.gen_channel_container[27].gen_enabled_channel.gtye4_channel_wrapper_inst/channel_inst/xlnx_opt__6 |       1141 |      202 |        5.65 | N/A    |
| dbg_hub/inst/BSCANID.u_xsdbm_id/SWITCH_N_EXT_BSCAN.bscan_inst/DRCK                                                                                                                                                                                                                                                                                                                                                            |    <0.001 |           20.00 | N/A     |                     N/A | N/A                                                                                                                                                                                                                                                                                                                                        |        488 |       98 |        4.98 | N/A    |
|   dbg_hub/inst/BSCANID.u_xsdbm_id/itck_i                                                                                                                                                                                                                                                                                                                                                                                      |    <0.001 |           20.00 | BUFG    |                  100.00 | dbg_hub/inst/BSCANID.u_xsdbm_id/VCC_1                                                                                                                                                                                                                                                                                                      |        486 |       96 |        5.06 | N/A    |
|   dbg_hub/inst/BSCANID.u_xsdbm_id/SWITCH_N_EXT_BSCAN.bscan_inst/DRCK                                                                                                                                                                                                                                                                                                                                                          |    <0.001 |           20.00 | N/A     |                     N/A | N/A                                                                                                                                                                                                                                                                                                                                        |          1 |        1 |        1.00 | N/A    |
|   dbg_hub/inst/BSCANID.u_xsdbm_id/SWITCH_N_EXT_BSCAN.bscan_inst/TCK                                                                                                                                                                                                                                                                                                                                                           |    <0.001 |           20.00 | N/A     |                     N/A | N/A                                                                                                                                                                                                                                                                                                                                        |          1 |        1 |        1.00 | N/A    |
|   dbg_hub/inst/BSCANID.u_xsdbm_id/SWITCH_N_EXT_BSCAN.bscan_switch/m_bscan_drck[0]                                                                                                                                                                                                                                                                                                                                             |     0.000 |           20.00 | N/A     |                     N/A | N/A                                                                                                                                                                                                                                                                                                                                        |          0 |        0 |        0.00 | N/A    |
|   dbg_hub/inst/BSCANID.u_xsdbm_id/SWITCH_N_EXT_BSCAN.u_bufg_icon_tck                                                                                                                                                                                                                                                                                                                                                          |    <0.001 |           20.00 | BUFG    |                  100.00 | dbg_hub/inst/BSCANID.u_xsdbm_id/VCC_1                                                                                                                                                                                                                                                                                                      |        486 |       96 |        5.06 | Global |
| pcie_refclk_clk_p[0]                                                                                                                                                                                                                                                                                                                                                                                                          |     0.007 |          100.00 | N/A     |                     N/A | N/A                                                                                                                                                                                                                                                                                                                                        |       1783 |      269 |        6.63 | N/A    |
|   bd_i/util_ds_buf_0/U0/IBUF_DS_ODIV2[0]                                                                                                                                                                                                                                                                                                                                                                                      |    <0.001 |          100.00 | N/A     |                     N/A | N/A                                                                                                                                                                                                                                                                                                                                        |          2 |        2 |        1.00 | N/A    |
|   bd_i/util_ds_buf_0/U0/IBUF_OUT[0]                                                                                                                                                                                                                                                                                                                                                                                           |    <0.001 |          100.00 | N/A     |                     N/A | N/A                                                                                                                                                                                                                                                                                                                                        |          5 |        5 |        1.00 | N/A    |
|   bd_i/xdma/inst/pcie4c_ip_i/inst/bufg_gt_sysclk                                                                                                                                                                                                                                                                                                                                                                              |    <0.001 |          100.00 | BUFG_GT |                     N/A | bd_i/xdma/inst/pcie4c_ip_i/inst/sync_sc_ce                                                                                                                                                                                                                                                                                                 |       1775 |      261 |        6.80 | Global |
|   bd_i/xdma/inst/pcie4c_ip_i/inst/bufg_gt_sysclk_n_0                                                                                                                                                                                                                                                                                                                                                                          |     0.007 |          100.00 | BUFG_GT |                     N/A | bd_i/xdma/inst/pcie4c_ip_i/inst/sync_sc_ce                                                                                                                                                                                                                                                                                                 |       1775 |      261 |        6.80 | N/A    |
|   pcie_refclk_clk_p[0]                                                                                                                                                                                                                                                                                                                                                                                                        |     0.000 |          100.00 | N/A     |                     N/A | N/A                                                                                                                                                                                                                                                                                                                                        |          1 |        1 |        1.00 | N/A    |
| sysref_clk_p[0]                                                                                                                                                                                                                                                                                                                                                                                                               |     0.077 |          200.00 | N/A     |                     N/A | N/A                                                                                                                                                                                                                                                                                                                                        |       9501 |     2205 |        4.31 | N/A    |
|   bd_i/fk33_aux_0/inst/fk33_freeclk                                                                                                                                                                                                                                                                                                                                                                                           |     0.077 |          200.00 | BUFG    |                  100.00 | bd_i/fk33_aux_0/inst/VCC_2                                                                                                                                                                                                                                                                                                                 |       9498 |     2202 |        4.31 | N/A    |
|   bd_i/fk33_aux_0/inst/u_bufg                                                                                                                                                                                                                                                                                                                                                                                                 |    <0.001 |          200.00 | BUFG    |                  100.00 | bd_i/fk33_aux_0/inst/VCC_2                                                                                                                                                                                                                                                                                                                 |       9498 |     2202 |        4.31 | Global |
|   bd_i/util_ds_buf_1/U0/USE_IBUFDS.GEN_IBUFDS[0].IBUFDS_I/O                                                                                                                                                                                                                                                                                                                                                                   |    <0.001 |          200.00 | N/A     |                     N/A | N/A                                                                                                                                                                                                                                                                                                                                        |          1 |        1 |        1.00 | N/A    |
|   bd_i/util_ds_buf_1/U0/USE_IBUFDS.GEN_IBUFDS[0].IBUFDS_I/OUT                                                                                                                                                                                                                                                                                                                                                                 |    <0.001 |          200.00 | N/A     |                     N/A | N/A                                                                                                                                                                                                                                                                                                                                        |          1 |        1 |        1.00 | N/A    |
|   sysref_clk_p[0]                                                                                                                                                                                                                                                                                                                                                                                                             |    <0.001 |          200.00 | N/A     |                     N/A | N/A                                                                                                                                                                                                                                                                                                                                        |          1 |        1 |        1.00 | N/A    |
+-------------------------------------------------------------------------------------------------------------------------------------------------------------------------------------------------------------------------------------------------------------------------------------------------------------------------------------------------------------------------------------------------------------------------------+-----------+-----------------+---------+-------------------------+--------------------------------------------------------------------------------------------------------------------------------------------------------------------------------------------------------------------------------------------------------------------------------------------------------------------------------------------+------------+----------+-------------+--------+


3.3 By Resource Type
--------------------

3.3.1 I/O
---------

+------------------------+-----------+----------+----------------+----------------+------------+-------------+------------+-----------------+----------+--------------+------------+------------------+-----------------------------------------+-------------+---------------------+-----------+-------------------+------------------+------------------+------------------+---------------+---------------+------------+-------------------+----------------------+-----------------------+
| Name                   | Power (W) | I/O Type | I/O Standard   | Drive Strength | Input Pins | Output Pins | Bidir Pins | IO LOGIC SERDES | IO DELAY | IBUF LOW PWR | Input Term | Output Impedance | Clock Name                              | Clock (MHz) | Signal Rate (Mtr/s) | Data Rate | Output Enable (%) | Term Disable (%) | IBUF Disable (%) | Output Load (pF) | Vccint_io (W) | Vccaux_io (W) | Vccint (W) | Vcco On-chip  (W) | External Termination | Vcco   Off-chip   (W) |
+------------------------+-----------+----------+----------------+----------------+------------+-------------+------------+-----------------+----------+--------------+------------+------------------+-----------------------------------------+-------------+---------------------+-----------+-------------------+------------------+------------------+------------------+---------------+---------------+------------+-------------------+----------------------+-----------------------+
| pcie_refclk_clk_p      |     0.006 | HP       | DIFF_HSTL_I_18 |            N/A |          1 |           0 |          0 | No              | Off      | No           | RTT_NONE   | NONE             | pcie_refclk                             |      100.00 |              200.00 | Clock     |              0.00 |             0.00 |             0.00 |             0.00 |        <0.001 |         0.005 |      0.000 |             0.000 | NONE                 |                 0.000 |
|   pcie_refclk_clk_p[0] |     0.006 | HP       | DIFF_HSTL_I_18 |            N/A |          1 |           0 |          0 | No              | Off      | No           | RTT_NONE   | NONE             | pcie_refclk                             |      100.00 |              200.00 | Clock     |              0.00 |             0.00 |             0.00 |             0.00 |        <0.001 |         0.005 |      0.000 |             0.000 | NONE                 |                 0.000 |
| sysref_clk_p           |     0.004 | HP       | LVDS           |            N/A |          1 |           0 |          0 | No              | Off      | Yes          | DIFF_TERM  | NONE             | sysref_clk                              |      200.00 |              400.00 | Clock     |              0.00 |             0.00 |             0.00 |             0.00 |        <0.001 |         0.002 |      0.000 |             0.001 | NONE                 |                -0.001 |
|   sysref_clk_p[0]      |     0.004 | HP       | LVDS           |            N/A |          1 |           0 |          0 | No              | Off      | Yes          | DIFF_TERM  | NONE             | sysref_clk                              |      200.00 |              400.00 | Clock     |              0.00 |             0.00 |             0.00 |             0.00 |        <0.001 |         0.002 |      0.000 |             0.001 | NONE                 |                -0.001 |
| led                    |     0.002 | HP       | LVCMOS18       |          12.00 |          0 |           7 |          0 | No              | Off      | No           | NONE       | RDRV_NONE_NONE   | fk33_dmabram_BRAM_PORTA_CLK             |      250.00 |                0.00 | SDR       |            100.00 |             0.00 |             0.00 |             0.00 |         0.000 |         0.002 |      0.000 |             0.000 | NONE                 |                 0.000 |
|   led[6]               |    <0.001 | HP       | LVCMOS18       |          12.00 |          0 |           1 |          0 | No              | Off      | No           | NONE       | RDRV_NONE_NONE   | fk33_dmabram_BRAM_PORTA_CLK             |      250.00 |                0.00 | SDR       |            100.00 |             0.00 |             0.00 |             0.00 |         0.000 |        <0.001 |      0.000 |             0.000 | NONE                 |                 0.000 |
|   led[5]               |    <0.001 | HP       | LVCMOS18       |          12.00 |          0 |           1 |          0 | No              | Off      | No           | NONE       | RDRV_NONE_NONE   | fk33_dmabram_BRAM_PORTA_CLK             |      250.00 |                0.00 | SDR       |            100.00 |             0.00 |             0.00 |             0.00 |         0.000 |        <0.001 |      0.000 |             0.000 | NONE                 |                 0.000 |
|   led[4]               |    <0.001 | HP       | LVCMOS18       |          12.00 |          0 |           1 |          0 | No              | Off      | No           | NONE       | RDRV_NONE_NONE   | fk33_dmabram_BRAM_PORTA_CLK             |      250.00 |                0.00 | SDR       |            100.00 |             0.00 |             0.00 |             0.00 |         0.000 |        <0.001 |      0.000 |             0.000 | NONE                 |                 0.000 |
|   led[3]               |    <0.001 | HP       | LVCMOS18       |          12.00 |          0 |           1 |          0 | No              | Off      | No           | NONE       | RDRV_NONE_NONE   | fk33_dmabram_BRAM_PORTA_CLK             |      250.00 |                0.00 | SDR       |            100.00 |             0.00 |             0.00 |             0.00 |         0.000 |        <0.001 |      0.000 |             0.000 | NONE                 |                 0.000 |
|   led[2]               |    <0.001 | HP       | LVCMOS18       |          12.00 |          0 |           1 |          0 | No              | Off      | No           | NONE       | RDRV_NONE_NONE   | fk33_dmabram_BRAM_PORTA_CLK             |      250.00 |                0.00 | SDR       |            100.00 |             0.00 |             0.00 |             0.00 |         0.000 |        <0.001 |      0.000 |             0.000 | NONE                 |                 0.000 |
|   led[1]               |    <0.001 | HP       | LVCMOS18       |          12.00 |          0 |           1 |          0 | No              | Off      | No           | NONE       | RDRV_NONE_NONE   | fk33_dmabram_BRAM_PORTA_CLK             |      250.00 |                0.00 | SDR       |            100.00 |             0.00 |             0.00 |             0.00 |         0.000 |        <0.001 |      0.000 |             0.000 | NONE                 |                 0.000 |
|   led[0]               |    <0.001 | HP       | LVCMOS18       |          12.00 |          0 |           1 |          0 | No              | Off      | No           | NONE       | RDRV_NONE_NONE   | fk33_dmabram_BRAM_PORTA_CLK             |      250.00 |                0.00 | SDR       |            100.00 |             0.00 |             0.00 |             0.00 |         0.000 |        <0.001 |      0.000 |             0.000 | NONE                 |                 0.000 |
| i2cprobe_tri_io        |    <0.001 | HP       | LVCMOS18       |          12.00 |          0 |           0 |          2 | No              | Off      | Yes          | RTT_NONE   | RDRV_NONE_NONE   | fk33_dmabram_BRAM_PORTA_CLK             |      250.00 |                0.00 | SDR       |            100.00 |             0.00 |             0.00 |             0.00 |         0.000 |        <0.001 |      0.000 |             0.000 | NONE                 |                 0.000 |
|   i2cprobe_tri_io[1]   |    <0.001 | HP       | LVCMOS18       |          12.00 |          0 |           0 |          1 | No              | Off      | Yes          | RTT_NONE   | RDRV_NONE_NONE   | fk33_dmabram_BRAM_PORTA_CLK sysref_clk  |      250.00 |                0.00 | SDR       |            100.00 |             0.00 |             0.00 |             0.00 |         0.000 |        <0.001 |      0.000 |             0.000 | NONE                 |                 0.000 |
|   i2cprobe_tri_io[0]   |    <0.001 | HP       | LVCMOS18       |          12.00 |          0 |           0 |          1 | No              | Off      | Yes          | RTT_NONE   | RDRV_NONE_NONE   | fk33_dmabram_BRAM_PORTA_CLK             |      250.00 |                0.00 | SDR       |            100.00 |             0.00 |             0.00 |             0.00 |         0.000 |        <0.001 |      0.000 |             0.000 | NONE                 |                 0.000 |
| pcie_clkreq            |    <0.001 | HP       | LVCMOS18       |          12.00 |          0 |           1 |          0 | No              | Off      | No           | NONE       | RDRV_NONE_NONE   | N/A                                     |        0.00 |                0.00 | Async     |            100.00 |             0.00 |             0.00 |             0.00 |         0.000 |        <0.001 |      0.000 |             0.000 | NONE                 |                 0.000 |
|   pcie_clkreq[0]       |    <0.001 | HP       | LVCMOS18       |          12.00 |          0 |           1 |          0 | No              | Off      | No           | NONE       | RDRV_NONE_NONE   | N/A                                     |        0.00 |                0.00 | Async     |            100.00 |             0.00 |             0.00 |             0.00 |         0.000 |        <0.001 |      0.000 |             0.000 | NONE                 |                 0.000 |
| pcie_perstn            |    <0.001 | HP       | LVCMOS18       |            N/A |          1 |           0 |          0 | No              | Off      | No           | RTT_NONE   | NONE             | pcie_refclk sysref_clk                  |      200.00 |                0.00 | SDR       |              0.00 |             0.00 |             0.00 |             0.00 |        <0.001 |         0.000 |      0.000 |             0.000 | NONE                 |                 0.000 |
| Vaux0_v_p              |     0.000 | HP       | ANALOG         |            N/A |          1 |           0 |          0 | No              | Off      | Yes          | RTT_NONE   | NONE             | N/A                                     |        0.00 |                0.00 | Async     |              0.00 |             0.00 |             0.00 |             0.00 |         0.000 |         0.000 |      0.000 |             0.000 | NONE                 |                 0.000 |
| Vaux12_v_p             |     0.000 | HP       | ANALOG         |            N/A |          1 |           0 |          0 | No              | Off      | Yes          | RTT_NONE   | NONE             | N/A                                     |        0.00 |                0.00 | Async     |              0.00 |             0.00 |             0.00 |             0.00 |         0.000 |         0.000 |      0.000 |             0.000 | NONE                 |                 0.000 |
| Vaux13_v_p             |     0.000 | HP       | ANALOG         |            N/A |          1 |           0 |          0 | No              | Off      | Yes          | RTT_NONE   | NONE             | N/A                                     |        0.00 |                0.00 | Async     |              0.00 |             0.00 |             0.00 |             0.00 |         0.000 |         0.000 |      0.000 |             0.000 | NONE                 |                 0.000 |
| Vaux4_v_p              |     0.000 | HP       | ANALOG         |            N/A |          1 |           0 |          0 | No              | Off      | Yes          | RTT_NONE   | NONE             | N/A                                     |        0.00 |                0.00 | Async     |              0.00 |             0.00 |             0.00 |             0.00 |         0.000 |         0.000 |      0.000 |             0.000 | NONE                 |                 0.000 |
+------------------------+-----------+----------+----------------+----------------+------------+-------------+------------+-----------------+----------+--------------+------------+------------------+-----------------------------------------+-------------+---------------------+-----------+-------------------+------------------+------------------+------------------+---------------+---------------+------------+-------------------+----------------------+-----------------------+


3.3.2 Signals
-------------

+-----------------------------------------------------+-----------+---------------------+----------+----------+--------------+-------------------------+------------+
| Name                                                | Power (W) | Signal Rate (Mtr/s) | % High   | Fanout   | Slice Fanout | Clock                   | Logic Type |
+-----------------------------------------------------+-----------+---------------------+----------+----------+--------------+-------------------------+------------+
| bd_i/card/inst/u/ga_desc.uw_data_reg[0][7]_i_8_n_0  |     0.000 |                0.00 |     0.00 |        1 |            1 | clk_out3_bd_clk_wiz_0_0 | N/A        |
| bd_i/card/inst/u/ga_desc.uw_data_reg[0][9]          |     0.000 |                0.00 |     0.00 |        1 |            1 | clk_out3_bd_clk_wiz_0_0 | N/A        |
| bd_i/card/inst/u/ga_desc.uw_data_reg[0][8]_i_9_n_0  |     0.000 |                0.00 |     0.00 |        1 |            1 | clk_out3_bd_clk_wiz_0_0 | N/A        |
| bd_i/card/inst/u/ga_desc.uw_data_reg[0][8]_i_8_n_0  |     0.000 |                0.00 |     0.00 |        1 |            1 | clk_out3_bd_clk_wiz_0_0 | N/A        |
| bd_i/card/inst/u/ga_desc.uw_data_reg[0][8]_i_7_n_0  |     0.000 |                0.00 |     0.00 |        1 |            1 | clk_out3_bd_clk_wiz_0_0 | N/A        |
| bd_i/card/inst/u/ga_desc.uw_data_reg[0][8]_i_4_n_0  |     0.000 |                0.00 |     0.00 |        1 |            1 | clk_out3_bd_clk_wiz_0_0 | N/A        |
| bd_i/card/inst/u/ga_desc.uw_data_reg[0][8]_i_2_n_0  |     0.000 |                0.00 |     0.00 |        1 |            1 | clk_out3_bd_clk_wiz_0_0 | N/A        |
| bd_i/card/inst/u/ga_desc.uw_data_reg[0][8]_i_10_n_0 |     0.000 |                0.00 |     0.00 |        1 |            1 | clk_out3_bd_clk_wiz_0_0 | N/A        |
| bd_i/card/inst/u/ga_desc.uw_data_reg[0][8]          |     0.000 |                0.00 |     0.00 |        1 |            1 | clk_out3_bd_clk_wiz_0_0 | N/A        |
| bd_i/card/inst/u/ga_desc.uw_data_reg[0][7]_i_9_n_0  |     0.000 |                0.00 |     0.00 |        1 |            1 | clk_out3_bd_clk_wiz_0_0 | N/A        |
+-----------------------------------------------------+-----------+---------------------+----------+----------+--------------+-------------------------+------------+


3.3.3 CLB Logic
---------------

+-----------------------------------------------------------------------------------------------------------------------------------------------------------------------------------+-----------+------+-------------+--------------------------------------------------------------------------------------------------------------------+---------------------+----------+
| Name                                                                                                                                                                              | Power (W) | Type | Clock (MHz) | Clock Name                                                                                                         | Signal Rate (Mtr/s) | % High   |
+-----------------------------------------------------------------------------------------------------------------------------------------------------------------------------------+-----------+------+-------------+--------------------------------------------------------------------------------------------------------------------+---------------------+----------+
| bd_i/pcie2hbm/inst/m00_exit_pipeline/m00_exit/inst/splitter_inst/gen_axi3.splitter_inst/gen_rsplitter.gen_rthread_loop[0].r_split_fifo/gen_srls[0].srl_nx1/shift_reg_reg[0]_srl32 |    <0.001 | SRL  |      250.00 | bd_i/xdma/inst/pcie4c_ip_i/inst/bd_xdma_0_pcie4c_ip_gt_top_i/diablo_gt.diablo_gt_phy_wrapper/phy_clk_i/CLK_CORECLK |                0.00 |     0.00 |
| bd_i/pcie2axil/inst/clk_map/psr_aclk/U0/EXT_LPF/POR_SRL_I                                                                                                                         |    <0.001 | SRL  |      250.00 | bd_i/xdma/inst/pcie4c_ip_i/inst/bd_xdma_0_pcie4c_ip_gt_top_i/diablo_gt.diablo_gt_phy_wrapper/phy_clk_i/CLK_CORECLK |                0.00 |     0.00 |
| bd_i/pcie2axil/inst/m02_exit_pipeline/m02_exit/inst/exit_inst/gen_w_cmd_fifo.w_cmd_fifo/gen_srls[3].srl_nx1/shift_reg_reg[0]_srl16                                                |    <0.001 | SRL  |      250.00 | bd_i/xdma/inst/pcie4c_ip_i/inst/bd_xdma_0_pcie4c_ip_gt_top_i/diablo_gt.diablo_gt_phy_wrapper/phy_clk_i/CLK_CORECLK |                0.00 |     0.00 |
| bd_i/pcie2axil/inst/m04_exit_pipeline/m04_exit/inst/exit_inst/gen_w_cmd_fifo.w_cmd_fifo/gen_srls[2].srl_nx1/shift_reg_reg[0]_srl16                                                |    <0.001 | SRL  |      250.00 | bd_i/xdma/inst/pcie4c_ip_i/inst/bd_xdma_0_pcie4c_ip_gt_top_i/diablo_gt.diablo_gt_phy_wrapper/phy_clk_i/CLK_CORECLK |                0.00 |     0.00 |
| bd_i/pcie2axil/inst/s00_entry_pipeline/s00_mmu/inst/gen_wroute_fifo.wroute_fifo/gen_srls[3].srl_nx1/shift_reg_reg[0]_srl16                                                        |    <0.001 | SRL  |      250.00 | bd_i/xdma/inst/pcie4c_ip_i/inst/bd_xdma_0_pcie4c_ip_gt_top_i/diablo_gt.diablo_gt_phy_wrapper/phy_clk_i/CLK_CORECLK |                0.00 |     0.00 |
| bd_i/pcie2axil/inst/s00_entry_pipeline/s00_mmu/inst/gen_wroute_fifo.wroute_fifo/gen_srls[4].srl_nx1/shift_reg_reg[0]_srl16                                                        |    <0.001 | SRL  |      250.00 | bd_i/xdma/inst/pcie4c_ip_i/inst/bd_xdma_0_pcie4c_ip_gt_top_i/diablo_gt.diablo_gt_phy_wrapper/phy_clk_i/CLK_CORECLK |                0.00 |     0.00 |
| bd_i/pcie2axil/inst/s00_entry_pipeline/s00_si_converter/inst/converter.wrap_narrow_inst/w_payld_fifo/cmd_fifo/gen_srls[7].srl_nx1/shift_reg_reg[0]_srl16                          |    <0.001 | SRL  |      250.00 | bd_i/xdma/inst/pcie4c_ip_i/inst/bd_xdma_0_pcie4c_ip_gt_top_i/diablo_gt.diablo_gt_phy_wrapper/phy_clk_i/CLK_CORECLK |                0.00 |     0.00 |
| bd_i/pcie2axil/inst/s00_entry_pipeline/s00_si_converter/inst/converter.wrap_narrow_inst/w_payld_fifo/gen_srls[0].srl_nx1/shift_reg_reg[0]_srl32                                   |    <0.001 | SRL  |      250.00 | bd_i/xdma/inst/pcie4c_ip_i/inst/bd_xdma_0_pcie4c_ip_gt_top_i/diablo_gt.diablo_gt_phy_wrapper/phy_clk_i/CLK_CORECLK |                0.00 |     0.00 |
| bd_i/pcie2axil/inst/s00_entry_pipeline/s00_si_converter/inst/converter.wrap_narrow_inst/w_payld_fifo/gen_srls[102].srl_nx1/shift_reg_reg[0]_srl32                                 |    <0.001 | SRL  |      250.00 | bd_i/xdma/inst/pcie4c_ip_i/inst/bd_xdma_0_pcie4c_ip_gt_top_i/diablo_gt.diablo_gt_phy_wrapper/phy_clk_i/CLK_CORECLK |                0.00 |     0.00 |
| bd_i/pcie2axil/inst/s00_entry_pipeline/s00_si_converter/inst/converter.wrap_narrow_inst/w_payld_fifo/gen_srls[96].srl_nx1/shift_reg_reg[0]_srl32                                  |    <0.001 | SRL  |      250.00 | bd_i/xdma/inst/pcie4c_ip_i/inst/bd_xdma_0_pcie4c_ip_gt_top_i/diablo_gt.diablo_gt_phy_wrapper/phy_clk_i/CLK_CORECLK |                0.00 |     0.00 |
+-----------------------------------------------------------------------------------------------------------------------------------------------------------------------------------+-----------+------+-------------+--------------------------------------------------------------------------------------------------------------------+---------------------+----------+


3.3.4 Block RAM
---------------

+------------------------------------------------------------------------------------------------------------------------------------------------------------------+-----------+---------------+-------------+--------------------------------------------------------------------------------------------------------------------+---------------+-------------------+--------------+---------------+--------------+------------------+--------------------------------------------------------------------------------------------------------------------+---------------+-------------------+--------------+---------------+--------------+------------------+
| Name                                                                                                                                                             | Power (W) | Mode          | Signal Rate | Clock Name A                                                                                                       | Clock A (MHz) | Enable Rate A (%) | Read Width A | Write Width A | Write Mode A | Write Rate A (%) | Clock Name B                                                                                                       | Clock B (MHz) | Enable Rate B (%) | Read Width B | Write Width B | Write Mode B | Write Rate B (%) |
+------------------------------------------------------------------------------------------------------------------------------------------------------------------+-----------+---------------+-------------+--------------------------------------------------------------------------------------------------------------------+---------------+-------------------+--------------+---------------+--------------+------------------+--------------------------------------------------------------------------------------------------------------------+---------------+-------------------+--------------+---------------+--------------+------------------+
| bd_i/xdma/inst/ram_top/gen_c2h_bram.C2H_DAT0_FIFO/xpm_memory_sdpram_inst_loop[1].xpm_memory_sdpram_inst/xpm_memory_base_inst/gen_wr_a.gen_word_narrow.mem_reg    |     0.006 | RAMB36SDP     |        0.00 | bd_i/xdma/inst/pcie4c_ip_i/inst/bd_xdma_0_pcie4c_ip_gt_top_i/diablo_gt.diablo_gt_phy_wrapper/phy_clk_i/CLK_CORECLK |        250.00 |            100.00 |           72 |             0 | READ_FIRST   |             0.00 | bd_i/xdma/inst/pcie4c_ip_i/inst/bd_xdma_0_pcie4c_ip_gt_top_i/diablo_gt.diablo_gt_phy_wrapper/phy_clk_i/CLK_CORECLK |        250.00 |              0.00 |            0 |            72 | READ_FIRST   |           100.00 |
| bd_i/xdma/inst/ram_top/gen_h2c_bram.H2C_DAT0_FIFO/xpm_memory_sdpram_inst_loop[0].xpm_memory_sdpram_inst/xpm_memory_base_inst/gen_wr_a.gen_word_narrow.mem_reg    |     0.006 | RAMB36SDP     |        0.00 | bd_i/xdma/inst/pcie4c_ip_i/inst/bd_xdma_0_pcie4c_ip_gt_top_i/diablo_gt.diablo_gt_phy_wrapper/phy_clk_i/CLK_CORECLK |        250.00 |            100.00 |           72 |             0 | READ_FIRST   |             0.00 | bd_i/xdma/inst/pcie4c_ip_i/inst/bd_xdma_0_pcie4c_ip_gt_top_i/diablo_gt.diablo_gt_phy_wrapper/phy_clk_i/CLK_CORECLK |        250.00 |              0.00 |            0 |            72 | READ_FIRST   |           100.00 |
| bd_i/xdma/inst/ram_top/gen_h2c_bram.H2C_DAT0_FIFO/xpm_memory_sdpram_inst_loop[1].xpm_memory_sdpram_inst/xpm_memory_base_inst/gen_wr_a.gen_word_narrow.mem_reg    |     0.006 | RAMB36SDP     |        0.00 | bd_i/xdma/inst/pcie4c_ip_i/inst/bd_xdma_0_pcie4c_ip_gt_top_i/diablo_gt.diablo_gt_phy_wrapper/phy_clk_i/CLK_CORECLK |        250.00 |            100.00 |           72 |             0 | READ_FIRST   |             0.00 | bd_i/xdma/inst/pcie4c_ip_i/inst/bd_xdma_0_pcie4c_ip_gt_top_i/diablo_gt.diablo_gt_phy_wrapper/phy_clk_i/CLK_CORECLK |        250.00 |              0.00 |            0 |            72 | READ_FIRST   |           100.00 |
| bd_i/xdma/inst/ram_top/gen_c2h_bram.C2H_DAT0_FIFO/xpm_memory_sdpram_inst_loop[0].xpm_memory_sdpram_inst/xpm_memory_base_inst/gen_wr_a.gen_word_narrow.mem_reg    |     0.006 | RAMB36SDP     |        0.00 | bd_i/xdma/inst/pcie4c_ip_i/inst/bd_xdma_0_pcie4c_ip_gt_top_i/diablo_gt.diablo_gt_phy_wrapper/phy_clk_i/CLK_CORECLK |        250.00 |            100.00 |           72 |             0 | READ_FIRST   |             0.00 | bd_i/xdma/inst/pcie4c_ip_i/inst/bd_xdma_0_pcie4c_ip_gt_top_i/diablo_gt.diablo_gt_phy_wrapper/phy_clk_i/CLK_CORECLK |        250.00 |              0.00 |            0 |            72 | READ_FIRST   |           100.00 |
| bd_i/xdma/inst/udma_wrapper/dma_top/base/IRQ_INST/msix_internal_xdma.pf0_msix_table/msix_ram_gen[1].msix_ram_reg                                                 |     0.003 | RAMB36        |        0.00 | bd_i/xdma/inst/pcie4c_ip_i/inst/bd_xdma_0_pcie4c_ip_gt_top_i/diablo_gt.diablo_gt_phy_wrapper/phy_clk_i/CLK_CORECLK |        250.00 |            100.00 |           36 |            36 | READ_FIRST   |             0.00 | bd_i/xdma/inst/pcie4c_ip_i/inst/bd_xdma_0_pcie4c_ip_gt_top_i/diablo_gt.diablo_gt_phy_wrapper/phy_clk_i/CLK_CORECLK |        250.00 |              0.00 |           36 |            36 | WRITE_FIRST  |           100.00 |
| bd_i/xdma/inst/pcie4c_ip_i/inst/bd_xdma_0_pcie4c_ip_pcie_4_0_pipe_inst/pcie_4_0_bram_inst/bram_repl_inst/bram_rep_int_0/ECC_RAM.RAMB36E2[1].ramb36e2_inst        |    <0.001 | RAMB36SDP_ECC |        0.00 | bd_i/xdma/inst/pcie4c_ip_i/inst/bd_xdma_0_pcie4c_ip_gt_top_i/diablo_gt.diablo_gt_phy_wrapper/phy_clk_i/CLK_CORECLK |        250.00 |              0.00 |           72 |             0 | WRITE_FIRST  |             0.00 | bd_i/xdma/inst/pcie4c_ip_i/inst/bd_xdma_0_pcie4c_ip_gt_top_i/diablo_gt.diablo_gt_phy_wrapper/phy_clk_i/CLK_CORECLK |        250.00 |              0.00 |            0 |            72 | WRITE_FIRST  |           100.00 |
| bd_i/xdma/inst/pcie4c_ip_i/inst/bd_xdma_0_pcie4c_ip_pcie_4_0_pipe_inst/pcie_4_0_bram_inst/RAM32K.bram_comp_inst/bram_16k_1_int/ECC_RAM.RAMB36E2[2].ramb36e2_inst |    <0.001 | RAMB36SDP     |        0.00 | bd_i/xdma/inst/pcie4c_ip_i/inst/bd_xdma_0_pcie4c_ip_gt_top_i/diablo_gt.diablo_gt_phy_wrapper/phy_clk_i/CLK_CORECLK |        250.00 |              0.00 |           72 |             0 | WRITE_FIRST  |             0.00 | bd_i/xdma/inst/pcie4c_ip_i/inst/bd_xdma_0_pcie4c_ip_gt_top_i/diablo_gt.diablo_gt_phy_wrapper/phy_clk_i/CLK_CORECLK |        250.00 |              0.00 |            0 |            72 | WRITE_FIRST  |           100.00 |
| bd_i/xdma/inst/pcie4c_ip_i/inst/bd_xdma_0_pcie4c_ip_pcie_4_0_pipe_inst/pcie_4_0_bram_inst/bram_repl_inst/bram_rep_int_0/ECC_RAM.RAMB36E2[0].ramb36e2_inst        |    <0.001 | RAMB36SDP_ECC |        0.00 | bd_i/xdma/inst/pcie4c_ip_i/inst/bd_xdma_0_pcie4c_ip_gt_top_i/diablo_gt.diablo_gt_phy_wrapper/phy_clk_i/CLK_CORECLK |        250.00 |              0.00 |           72 |             0 | WRITE_FIRST  |             0.00 | bd_i/xdma/inst/pcie4c_ip_i/inst/bd_xdma_0_pcie4c_ip_gt_top_i/diablo_gt.diablo_gt_phy_wrapper/phy_clk_i/CLK_CORECLK |        250.00 |              0.00 |            0 |            72 | WRITE_FIRST  |           100.00 |
| bd_i/xdma/inst/pcie4c_ip_i/inst/bd_xdma_0_pcie4c_ip_pcie_4_0_pipe_inst/pcie_4_0_bram_inst/bram_post_inst/bram_16k_int/ECC_RAM.RAMB36E2[5].ramb36e2_inst          |    <0.001 | RAMB36SDP     |        0.00 | bd_i/xdma/inst/pcie4c_ip_i/inst/bd_xdma_0_pcie4c_ip_gt_top_i/diablo_gt.diablo_gt_phy_wrapper/phy_clk_i/CLK_CORECLK |        250.00 |              0.00 |           72 |             0 | WRITE_FIRST  |             0.00 | bd_i/xdma/inst/pcie4c_ip_i/inst/bd_xdma_0_pcie4c_ip_gt_top_i/diablo_gt.diablo_gt_phy_wrapper/phy_clk_i/CLK_CORECLK |        250.00 |              0.00 |            0 |            72 | WRITE_FIRST  |           100.00 |
| bd_i/xdma/inst/pcie4c_ip_i/inst/bd_xdma_0_pcie4c_ip_pcie_4_0_pipe_inst/pcie_4_0_bram_inst/bram_post_inst/bram_16k_int/ECC_RAM.RAMB36E2[4].ramb36e2_inst          |    <0.001 | RAMB36SDP     |        0.00 | bd_i/xdma/inst/pcie4c_ip_i/inst/bd_xdma_0_pcie4c_ip_gt_top_i/diablo_gt.diablo_gt_phy_wrapper/phy_clk_i/CLK_CORECLK |        250.00 |              0.00 |           72 |             0 | WRITE_FIRST  |             0.00 | bd_i/xdma/inst/pcie4c_ip_i/inst/bd_xdma_0_pcie4c_ip_gt_top_i/diablo_gt.diablo_gt_phy_wrapper/phy_clk_i/CLK_CORECLK |        250.00 |              0.00 |            0 |            72 | WRITE_FIRST  |           100.00 |
+------------------------------------------------------------------------------------------------------------------------------------------------------------------+-----------+---------------+-------------+--------------------------------------------------------------------------------------------------------------------+---------------+-------------------+--------------+---------------+--------------+------------------+--------------------------------------------------------------------------------------------------------------------+---------------+-------------------+--------------+---------------+--------------+------------------+


3.3.5 URAM
----------

+----------------------------------------------------------------------------------+-----------+---------+---------------------+----------------+-------------------------+------------------------------+-------------+-----------------------+------------------------+-------------------+--------------------+--------------+-------------------+--------------------+--------------+
| Name                                                                             | Power (W) | Mode    | IREG_PRE or REG_CAS | Sleep Rate (%) | Average Inactive Cycles | Clock Name                   | Clock (MHz) | Input Toggle Rate (%) | Output Toggle Rate (%) | Enable Rate A (%) | Write Enable A (%) | Data Width A | Enable Rate B (%) | Write Enable B (%) | Data Width B |
+----------------------------------------------------------------------------------+-----------+---------+---------------------+----------------+-------------------------+------------------------------+-------------+-----------------------+------------------------+-------------------+--------------------+--------------+-------------------+--------------------+--------------+
| Cascade Group ( 8 URAMs )                                                        |    <0.001 | URAM288 | Not Used            |           0.00 |                      10 | bd_i/clk_wiz_0/inst/clk_out3 |        0.00 |                  0.00 |                   0.00 |              0.00 |               0.00 |           64 |              0.00 |             100.00 |           64 |
|   bd_i/card/inst/u/gb_real.gen_st_tier.u_state/u_mem/gwide.gb[0].bank_reg_uram_0 |    <0.001 | URAM288 | Not Used            |           0.00 |                      10 | bd_i/clk_wiz_0/inst/clk_out3 |        0.00 |                  0.00 |                   0.00 |              0.00 |               0.00 |           64 |            100.00 |             100.00 |           64 |
|   bd_i/card/inst/u/gb_real.gen_st_tier.u_state/u_mem/gwide.gb[0].bank_reg_uram_1 |    <0.001 | URAM288 | Not Used            |           0.00 |                      10 | bd_i/clk_wiz_0/inst/clk_out3 |        0.00 |                  0.00 |                   0.00 |              0.00 |               0.00 |           64 |              0.00 |             100.00 |           64 |
|   bd_i/card/inst/u/gb_real.gen_st_tier.u_state/u_mem/gwide.gb[0].bank_reg_uram_2 |    <0.001 | URAM288 | Not Used            |           0.00 |                      10 | bd_i/clk_wiz_0/inst/clk_out3 |        0.00 |                  0.00 |                   0.00 |              0.00 |               0.00 |           64 |              0.00 |             100.00 |           64 |
|   bd_i/card/inst/u/gb_real.gen_st_tier.u_state/u_mem/gwide.gb[0].bank_reg_uram_3 |    <0.001 | URAM288 | Not Used            |           0.00 |                      10 | bd_i/clk_wiz_0/inst/clk_out3 |        0.00 |                  0.00 |                   0.00 |              0.00 |               0.00 |           64 |              0.00 |             100.00 |           64 |
|   bd_i/card/inst/u/gb_real.gen_st_tier.u_state/u_mem/gwide.gb[0].bank_reg_uram_4 |    <0.001 | URAM288 | Not Used            |           0.00 |                      10 | bd_i/clk_wiz_0/inst/clk_out3 |        0.00 |                  0.00 |                   0.00 |              0.00 |               0.00 |           64 |              0.00 |             100.00 |           64 |
|   bd_i/card/inst/u/gb_real.gen_st_tier.u_state/u_mem/gwide.gb[0].bank_reg_uram_5 |    <0.001 | URAM288 | Not Used            |           0.00 |                      10 | bd_i/clk_wiz_0/inst/clk_out3 |        0.00 |                  0.00 |                   0.00 |              0.00 |               0.00 |           64 |              0.00 |             100.00 |           64 |
|   bd_i/card/inst/u/gb_real.gen_st_tier.u_state/u_mem/gwide.gb[0].bank_reg_uram_6 |    <0.001 | URAM288 | Not Used            |           0.00 |                      10 | bd_i/clk_wiz_0/inst/clk_out3 |        0.00 |                  0.00 |                   0.00 |              0.00 |               0.00 |           64 |              0.00 |             100.00 |           64 |
|   bd_i/card/inst/u/gb_real.gen_st_tier.u_state/u_mem/gwide.gb[0].bank_reg_uram_7 |    <0.001 | URAM288 | Not Used            |           0.00 |                      10 | bd_i/clk_wiz_0/inst/clk_out3 |        0.00 |                  0.00 |                   0.00 |              0.00 |               0.00 |           64 |              0.00 |             100.00 |           64 |
| Cascade Group ( 8 URAMs )                                                        |    <0.001 | URAM288 | Not Used            |           0.00 |                      10 | bd_i/clk_wiz_0/inst/clk_out3 |        0.00 |                  0.00 |                   0.00 |              0.00 |               0.00 |           64 |              0.00 |             100.00 |           64 |
|   bd_i/card/inst/u/gb_real.gen_st_tier.u_state/u_mem/gwide.gb[1].bank_reg_uram_0 |    <0.001 | URAM288 | Not Used            |           0.00 |                      10 | bd_i/clk_wiz_0/inst/clk_out3 |        0.00 |                  0.00 |                   0.00 |              0.00 |               0.00 |           64 |            100.00 |             100.00 |           64 |
|   bd_i/card/inst/u/gb_real.gen_st_tier.u_state/u_mem/gwide.gb[1].bank_reg_uram_1 |    <0.001 | URAM288 | Not Used            |           0.00 |                      10 | bd_i/clk_wiz_0/inst/clk_out3 |        0.00 |                  0.00 |                   0.00 |              0.00 |               0.00 |           64 |              0.00 |             100.00 |           64 |
|   bd_i/card/inst/u/gb_real.gen_st_tier.u_state/u_mem/gwide.gb[1].bank_reg_uram_2 |    <0.001 | URAM288 | Not Used            |           0.00 |                      10 | bd_i/clk_wiz_0/inst/clk_out3 |        0.00 |                  0.00 |                   0.00 |              0.00 |               0.00 |           64 |              0.00 |             100.00 |           64 |
|   bd_i/card/inst/u/gb_real.gen_st_tier.u_state/u_mem/gwide.gb[1].bank_reg_uram_3 |    <0.001 | URAM288 | Not Used            |           0.00 |                      10 | bd_i/clk_wiz_0/inst/clk_out3 |        0.00 |                  0.00 |                   0.00 |              0.00 |               0.00 |           64 |              0.00 |             100.00 |           64 |
|   bd_i/card/inst/u/gb_real.gen_st_tier.u_state/u_mem/gwide.gb[1].bank_reg_uram_4 |    <0.001 | URAM288 | Not Used            |           0.00 |                      10 | bd_i/clk_wiz_0/inst/clk_out3 |        0.00 |                  0.00 |                   0.00 |              0.00 |               0.00 |           64 |              0.00 |             100.00 |           64 |
|   bd_i/card/inst/u/gb_real.gen_st_tier.u_state/u_mem/gwide.gb[1].bank_reg_uram_5 |    <0.001 | URAM288 | Not Used            |           0.00 |                      10 | bd_i/clk_wiz_0/inst/clk_out3 |        0.00 |                  0.00 |                   0.00 |              0.00 |               0.00 |           64 |              0.00 |             100.00 |           64 |
|   bd_i/card/inst/u/gb_real.gen_st_tier.u_state/u_mem/gwide.gb[1].bank_reg_uram_6 |    <0.001 | URAM288 | Not Used            |           0.00 |                      10 | bd_i/clk_wiz_0/inst/clk_out3 |        0.00 |                  0.00 |                   0.00 |              0.00 |               0.00 |           64 |              0.00 |             100.00 |           64 |
|   bd_i/card/inst/u/gb_real.gen_st_tier.u_state/u_mem/gwide.gb[1].bank_reg_uram_7 |    <0.001 | URAM288 | Not Used            |           0.00 |                      10 | bd_i/clk_wiz_0/inst/clk_out3 |        0.00 |                  0.00 |                   0.00 |              0.00 |               0.00 |           64 |              0.00 |             100.00 |           64 |
| Cascade Group ( 8 URAMs )                                                        |    <0.001 | URAM288 | Not Used            |           0.00 |                      10 | bd_i/clk_wiz_0/inst/clk_out3 |        0.00 |                  0.00 |                   0.00 |              0.00 |               0.00 |           64 |              0.00 |             100.00 |           64 |
|   bd_i/card/inst/u/gb_real.gen_st_tier.u_state/u_mem/gwide.gb[2].bank_reg_uram_0 |    <0.001 | URAM288 | Not Used            |           0.00 |                      10 | bd_i/clk_wiz_0/inst/clk_out3 |        0.00 |                  0.00 |                   0.00 |              0.00 |               0.00 |           64 |            100.00 |             100.00 |           64 |
|   bd_i/card/inst/u/gb_real.gen_st_tier.u_state/u_mem/gwide.gb[2].bank_reg_uram_1 |    <0.001 | URAM288 | Not Used            |           0.00 |                      10 | bd_i/clk_wiz_0/inst/clk_out3 |        0.00 |                  0.00 |                   0.00 |              0.00 |               0.00 |           64 |              0.00 |             100.00 |           64 |
|   bd_i/card/inst/u/gb_real.gen_st_tier.u_state/u_mem/gwide.gb[2].bank_reg_uram_2 |    <0.001 | URAM288 | Not Used            |           0.00 |                      10 | bd_i/clk_wiz_0/inst/clk_out3 |        0.00 |                  0.00 |                   0.00 |              0.00 |               0.00 |           64 |              0.00 |             100.00 |           64 |
|   bd_i/card/inst/u/gb_real.gen_st_tier.u_state/u_mem/gwide.gb[2].bank_reg_uram_3 |    <0.001 | URAM288 | Not Used            |           0.00 |                      10 | bd_i/clk_wiz_0/inst/clk_out3 |        0.00 |                  0.00 |                   0.00 |              0.00 |               0.00 |           64 |              0.00 |             100.00 |           64 |
|   bd_i/card/inst/u/gb_real.gen_st_tier.u_state/u_mem/gwide.gb[2].bank_reg_uram_4 |    <0.001 | URAM288 | Not Used            |           0.00 |                      10 | bd_i/clk_wiz_0/inst/clk_out3 |        0.00 |                  0.00 |                   0.00 |              0.00 |               0.00 |           64 |              0.00 |             100.00 |           64 |
|   bd_i/card/inst/u/gb_real.gen_st_tier.u_state/u_mem/gwide.gb[2].bank_reg_uram_5 |    <0.001 | URAM288 | Not Used            |           0.00 |                      10 | bd_i/clk_wiz_0/inst/clk_out3 |        0.00 |                  0.00 |                   0.00 |              0.00 |               0.00 |           64 |              0.00 |             100.00 |           64 |
|   bd_i/card/inst/u/gb_real.gen_st_tier.u_state/u_mem/gwide.gb[2].bank_reg_uram_6 |    <0.001 | URAM288 | Not Used            |           0.00 |                      10 | bd_i/clk_wiz_0/inst/clk_out3 |        0.00 |                  0.00 |                   0.00 |              0.00 |               0.00 |           64 |              0.00 |             100.00 |           64 |
|   bd_i/card/inst/u/gb_real.gen_st_tier.u_state/u_mem/gwide.gb[2].bank_reg_uram_7 |    <0.001 | URAM288 | Not Used            |           0.00 |                      10 | bd_i/clk_wiz_0/inst/clk_out3 |        0.00 |                  0.00 |                   0.00 |              0.00 |               0.00 |           64 |              0.00 |             100.00 |           64 |
| Cascade Group ( 8 URAMs )                                                        |    <0.001 | URAM288 | Not Used            |           0.00 |                      10 | bd_i/clk_wiz_0/inst/clk_out3 |        0.00 |                  0.00 |                   0.00 |              0.00 |               0.00 |           64 |              0.00 |             100.00 |           64 |
|   bd_i/card/inst/u/gb_real.gen_st_tier.u_state/u_mem/gwide.gb[3].bank_reg_uram_0 |    <0.001 | URAM288 | Not Used            |           0.00 |                      10 | bd_i/clk_wiz_0/inst/clk_out3 |        0.00 |                  0.00 |                   0.00 |              0.00 |               0.00 |           64 |            100.00 |             100.00 |           64 |
|   bd_i/card/inst/u/gb_real.gen_st_tier.u_state/u_mem/gwide.gb[3].bank_reg_uram_1 |    <0.001 | URAM288 | Not Used            |           0.00 |                      10 | bd_i/clk_wiz_0/inst/clk_out3 |        0.00 |                  0.00 |                   0.00 |              0.00 |               0.00 |           64 |              0.00 |             100.00 |           64 |
|   bd_i/card/inst/u/gb_real.gen_st_tier.u_state/u_mem/gwide.gb[3].bank_reg_uram_2 |    <0.001 | URAM288 | Not Used            |           0.00 |                      10 | bd_i/clk_wiz_0/inst/clk_out3 |        0.00 |                  0.00 |                   0.00 |              0.00 |               0.00 |           64 |              0.00 |             100.00 |           64 |
|   bd_i/card/inst/u/gb_real.gen_st_tier.u_state/u_mem/gwide.gb[3].bank_reg_uram_3 |    <0.001 | URAM288 | Not Used            |           0.00 |                      10 | bd_i/clk_wiz_0/inst/clk_out3 |        0.00 |                  0.00 |                   0.00 |              0.00 |               0.00 |           64 |              0.00 |             100.00 |           64 |
|   bd_i/card/inst/u/gb_real.gen_st_tier.u_state/u_mem/gwide.gb[3].bank_reg_uram_4 |    <0.001 | URAM288 | Not Used            |           0.00 |                      10 | bd_i/clk_wiz_0/inst/clk_out3 |        0.00 |                  0.00 |                   0.00 |              0.00 |               0.00 |           64 |              0.00 |             100.00 |           64 |
|   bd_i/card/inst/u/gb_real.gen_st_tier.u_state/u_mem/gwide.gb[3].bank_reg_uram_5 |    <0.001 | URAM288 | Not Used            |           0.00 |                      10 | bd_i/clk_wiz_0/inst/clk_out3 |        0.00 |                  0.00 |                   0.00 |              0.00 |               0.00 |           64 |              0.00 |             100.00 |           64 |
|   bd_i/card/inst/u/gb_real.gen_st_tier.u_state/u_mem/gwide.gb[3].bank_reg_uram_6 |    <0.001 | URAM288 | Not Used            |           0.00 |                      10 | bd_i/clk_wiz_0/inst/clk_out3 |        0.00 |                  0.00 |                   0.00 |              0.00 |               0.00 |           64 |              0.00 |             100.00 |           64 |
|   bd_i/card/inst/u/gb_real.gen_st_tier.u_state/u_mem/gwide.gb[3].bank_reg_uram_7 |    <0.001 | URAM288 | Not Used            |           0.00 |                      10 | bd_i/clk_wiz_0/inst/clk_out3 |        0.00 |                  0.00 |                   0.00 |              0.00 |               0.00 |           64 |              0.00 |             100.00 |           64 |
+----------------------------------------------------------------------------------+-----------+---------+---------------------+----------------+-------------------------+------------------------------+-------------+-----------------------+------------------------+-------------------+--------------------+--------------+-------------------+--------------------+--------------+


3.3.6 DSPs
----------

+--------------------------------------------+-----------+---------------+------------------------------+------------+------------+-----------------+-------------+
| Name                                       | Power (W) | Clock A (MHz) | Clock Name                   | MULT Used? | MREG Used? | Pre-Adder Used? | Signal Rate |
+--------------------------------------------+-----------+---------------+------------------------------+------------+------------+-----------------+-------------+
| bd_i/eng/inst/eng/dut/core/tr_reg[1][1126] |    <0.001 |          0.00 | bd_i/clk_wiz_0/inst/clk_out3 | Yes        | Yes        | No              |        0.00 |
| bd_i/eng/inst/eng/dut/core/tr_reg[1][110]  |    <0.001 |          0.00 | bd_i/clk_wiz_0/inst/clk_out3 | Yes        | Yes        | No              |        0.00 |
| bd_i/eng/inst/eng/dut/core/tr_reg[1][111]  |    <0.001 |          0.00 | bd_i/clk_wiz_0/inst/clk_out3 | Yes        | Yes        | No              |        0.00 |
| bd_i/eng/inst/eng/dut/core/tr_reg[1][1120] |    <0.001 |          0.00 | bd_i/clk_wiz_0/inst/clk_out3 | Yes        | Yes        | No              |        0.00 |
| bd_i/eng/inst/eng/dut/core/tr_reg[1][1121] |    <0.001 |          0.00 | bd_i/clk_wiz_0/inst/clk_out3 | Yes        | Yes        | No              |        0.00 |
| bd_i/eng/inst/eng/dut/core/tr_reg[1][1122] |    <0.001 |          0.00 | bd_i/clk_wiz_0/inst/clk_out3 | Yes        | Yes        | No              |        0.00 |
| bd_i/eng/inst/eng/dut/core/tr_reg[1][1123] |    <0.001 |          0.00 | bd_i/clk_wiz_0/inst/clk_out3 | Yes        | Yes        | No              |        0.00 |
| bd_i/eng/inst/eng/dut/core/tr_reg[1][1124] |    <0.001 |          0.00 | bd_i/clk_wiz_0/inst/clk_out3 | Yes        | Yes        | No              |        0.00 |
| bd_i/eng/inst/eng/dut/core/tr_reg[1][1125] |    <0.001 |          0.00 | bd_i/clk_wiz_0/inst/clk_out3 | Yes        | Yes        | No              |        0.00 |
| bd_i/eng/inst/eng/dut/core/tr_reg[1][1103] |    <0.001 |          0.00 | bd_i/clk_wiz_0/inst/clk_out3 | Yes        | Yes        | No              |        0.00 |
+--------------------------------------------+-----------+---------------+------------------------------+------------+------------+-----------------+-------------+


3.3.7 GTY
---------

+----------------------------------------------------------------------------------------------------------------------------------------------------------------------------------------------------------------------------------------------------------------------------------------------------------------------------------------------------------------------------------------------------+-----------+------------------+---------+-------------+------------+-----------------+---------------------+--------------------+--------------+-----------------+---------------------+--------------------+--------------+-----------------+----------+---------------+------------+----------------+--------------+--------------+
| Name                                                                                                                                                                                                                                                                                                                                                                                               | Power (W) | Operational Mode | EyeScan | PLL Sharing | Power Mode | RX Clock Source | RX Data Rate (Gb/s) | RX Data Path Width | RX Data Mode | TX Clock Source | TX Data Rate (Gb/s) | TX Data Path Width | TX Data Mode | TX O/P Amp (mV) | OOB Used | Hard IP Block | Vccint (W) | MGTYVccaux (W) | MGTYAVcc (W) | MGTYAVtt (W) |
+----------------------------------------------------------------------------------------------------------------------------------------------------------------------------------------------------------------------------------------------------------------------------------------------------------------------------------------------------------------------------------------------------+-----------+------------------+---------+-------------+------------+-----------------+---------------------+--------------------+--------------+-----------------+---------------------+--------------------+--------------+-----------------+----------+---------------+------------+----------------+--------------+--------------+
| bd_i/xdma/inst/pcie4c_ip_i/inst/bd_xdma_0_pcie4c_ip_gt_top_i/diablo_gt.diablo_gt_phy_wrapper/gt_wizard.gtwizard_top_i/bd_xdma_0_pcie4c_ip_gt_i/inst/gen_gtwizard_gtye4_top.bd_xdma_0_pcie4c_ip_gt_gtwizard_gtye4_inst/gen_gtwizard_gtye4.gen_channel_container[27].gen_enabled_channel.gtye4_channel_wrapper_inst/channel_inst/gtye4_channel_gen.gen_gtye4_channel_inst[0].GTYE4_CHANNEL_PRIM_INST |     0.301 | TRANSCEIVER      | Off     | Yes         | DFE        | QPLL1           |              8.0000 |                 16 | 8b/10b       | QPLL1           |              8.0000 |                 16 | 8b/10b       |          879.00 | Yes      | PCIE4C        |      0.092 |          0.010 |        0.046 |        0.207 |
| bd_i/xdma/inst/pcie4c_ip_i/inst/bd_xdma_0_pcie4c_ip_gt_top_i/diablo_gt.diablo_gt_phy_wrapper/gt_wizard.gtwizard_top_i/bd_xdma_0_pcie4c_ip_gt_i/inst/gen_gtwizard_gtye4_top.bd_xdma_0_pcie4c_ip_gt_gtwizard_gtye4_inst/gen_gtwizard_gtye4.gen_channel_container[27].gen_enabled_channel.gtye4_channel_wrapper_inst/channel_inst/gtye4_channel_gen.gen_gtye4_channel_inst[1].GTYE4_CHANNEL_PRIM_INST |     0.301 | TRANSCEIVER      | Off     | Yes         | DFE        | QPLL1           |              8.0000 |                 16 | 8b/10b       | QPLL1           |              8.0000 |                 16 | 8b/10b       |          879.00 | Yes      | PCIE4C        |      0.092 |          0.010 |        0.046 |        0.207 |
| bd_i/xdma/inst/pcie4c_ip_i/inst/bd_xdma_0_pcie4c_ip_gt_top_i/diablo_gt.diablo_gt_phy_wrapper/gt_wizard.gtwizard_top_i/bd_xdma_0_pcie4c_ip_gt_i/inst/gen_gtwizard_gtye4_top.bd_xdma_0_pcie4c_ip_gt_gtwizard_gtye4_inst/gen_gtwizard_gtye4.gen_channel_container[27].gen_enabled_channel.gtye4_channel_wrapper_inst/channel_inst/gtye4_channel_gen.gen_gtye4_channel_inst[2].GTYE4_CHANNEL_PRIM_INST |     0.301 | TRANSCEIVER      | Off     | Yes         | DFE        | QPLL1           |              8.0000 |                 16 | 8b/10b       | QPLL1           |              8.0000 |                 16 | 8b/10b       |          879.00 | Yes      | PCIE4C        |      0.092 |          0.010 |        0.046 |        0.207 |
| bd_i/xdma/inst/pcie4c_ip_i/inst/bd_xdma_0_pcie4c_ip_gt_top_i/diablo_gt.diablo_gt_phy_wrapper/gt_wizard.gtwizard_top_i/bd_xdma_0_pcie4c_ip_gt_i/inst/gen_gtwizard_gtye4_top.bd_xdma_0_pcie4c_ip_gt_gtwizard_gtye4_inst/gen_gtwizard_gtye4.gen_channel_container[27].gen_enabled_channel.gtye4_channel_wrapper_inst/channel_inst/gtye4_channel_gen.gen_gtye4_channel_inst[3].GTYE4_CHANNEL_PRIM_INST |     0.301 | TRANSCEIVER      | Off     | Yes         | DFE        | QPLL1           |              8.0000 |                 16 | 8b/10b       | QPLL1           |              8.0000 |                 16 | 8b/10b       |          879.00 | Yes      | PCIE4C        |      0.092 |          0.010 |        0.046 |        0.207 |
+----------------------------------------------------------------------------------------------------------------------------------------------------------------------------------------------------------------------------------------------------------------------------------------------------------------------------------------------------------------------------------------------------+-----------+------------------+---------+-------------+------------+-----------------+---------------------+--------------------+--------------+-----------------+---------------------+--------------------+--------------+-----------------+----------+---------------+------------+----------------+--------------+--------------+


3.3.8 PCIE
----------

+-----------------------------------------------------------------------------------------+-----------+------------+------------------+-----------------+
| Name                                                                                    | Power (W) | Link Speed | User Clock (MHz) | Number of Lanes |
+-----------------------------------------------------------------------------------------+-----------+------------+------------------+-----------------+
| bd_i/xdma/inst/pcie4c_ip_i/inst/bd_xdma_0_pcie4c_ip_pcie_4_0_pipe_inst/pcie_4_c_e4_inst |     0.219 | GEN3       |           250.00 |               4 |
+-----------------------------------------------------------------------------------------+-----------+------------+------------------+-----------------+


3.3.9 Clock Manager
-------------------

+-------------------------------------+-----------+-------------+-------------+-------------+----------------+------------------+----------------+----------------+----------------+----------------+----------------+----------------+----------------+------------+------------+------------+
| Name                                | Power (W) | MMCM or PLL | Clock (MHz) | Phase Shift | Divide Counter | Multiply Counter | Clock 0 Divide | Clock 1 Divide | Clock 2 Divide | Clock 3 Divide | Clock 4 Divide | Clock 5 Divide | Clock 6 Divide | Power Down | Vccint (W) | Vccaux (W) |
+-------------------------------------+-----------+-------------+-------------+-------------+----------------+------------------+----------------+----------------+----------------+----------------+----------------+----------------+----------------+------------+------------+------------+
| bd_i/clk_wiz_0/inst/mmcme4_adv_inst |     0.098 | MMCM        |      250.00 | None        |              5 |            24.00 |             12 |              6 |             16 |              0 |              0 |              0 |              0 |       0.00 |     <0.001 |      0.098 |
+-------------------------------------+-----------+-------------+-------------+-------------+----------------+------------------+----------------+----------------+----------------+----------------+----------------+----------------+----------------+------------+------------+------------+


3.3.10 SYSMON
-------------

+-----------------------------------------------------------------+-----------+-------------+------------+------------+
| Name                                                            | Power (W) | Clock (MHz) | Vccint (W) | Vccadc (W) |
+-----------------------------------------------------------------+-----------+-------------+------------+------------+
| bd_i/system_management_wiz_0/inst/AXI_SYSMON_CORE_I/inst_sysmon |     0.005 |      250.00 |      0.005 |      0.000 |
+-----------------------------------------------------------------+-----------+-------------+------------+------------+


3.3.11 HBM
----------

+--------------------------------------------------------------------+-----------+---------------------+------------------------------+
| Name                                                               | Power (W) | FPGA   Power*   (W) | HBM    Stack    Power    (W) |
+--------------------------------------------------------------------+-----------+---------------------+------------------------------+
| bd_i/hbm/inst/TWO_STACK.u_hbm_top/TWO_STACK_HBM.hbm_two_stack_intf |    17.780 |               8.305 |                        9.474 |
+--------------------------------------------------------------------+-----------+---------------------+------------------------------+
* FPGA power in this section is the dynamic power consumed in FPGA die due to HBM instance(s) which includes HBM controller, switch, IO and HBM Clock powers.


