Copyright 1986-2022 Xilinx, Inc. All Rights Reserved. Copyright 2022-2023 Advanced Micro Devices, Inc. All Rights Reserved.
---------------------------------------------------------------------------------------------------------------------------------------------
| Tool Version : Vivado v.2023.2 (lin64) Build 4029153 Fri Oct 13 20:13:54 MDT 2023
| Date         : Mon Oct  5 20:16:41 2026
| Host         : Oren-Dell-Ubuntu running 64-bit Ubuntu 22.04.5 LTS
| Command      : report_utilization -hierarchical -file /mnt/storage/fk33_builds/jc_loader/full4/proj/reports/utilization_hier.rpt
| Design       : jcl_wrapper
| Device       : xcvu35p-fsvh2104-1-e
| Speed File   : -1
| Design State : Routed
---------------------------------------------------------------------------------------------------------------------------------------------

Utilization Design Information

Table of Contents
-----------------
1. Utilization by Hierarchy

1. Utilization by Hierarchy
---------------------------

+-------------------------------------------------------------------------------------------------------+--------------------------------------------------------------------------+------------+------------+---------+------+-------+--------+--------+------+------------+
|                                                Instance                                               |                                  Module                                  | Total LUTs | Logic LUTs | LUTRAMs | SRLs |  FFs  | RAMB36 | RAMB18 | URAM | DSP Blocks |
+-------------------------------------------------------------------------------------------------------+--------------------------------------------------------------------------+------------+------------+---------+------+-------+--------+--------+------+------------+
| jcl_wrapper                                                                                           |                                                                    (top) |       6697 |       5403 |    1064 |  230 | 10899 |     19 |      3 |    0 |          0 |
|   (jcl_wrapper)                                                                                       |                                                                    (top) |          0 |          0 |       0 |    0 |     0 |      0 |      0 |    0 |          0 |
|   dbg_hub                                                                                             |                                                                  dbg_hub |        448 |        428 |      20 |    0 |   753 |      0 |      0 |    0 |          0 |
|     (dbg_hub)                                                                                         |                                                                  dbg_hub |          0 |          0 |       0 |    0 |     0 |      0 |      0 |    0 |          0 |
|     inst                                                                                              |                                               dbg_hub_xsdbm_v3_0_0_xsdbm |        448 |        428 |      20 |    0 |   753 |      0 |      0 |    0 |          0 |
|       BSCANID.u_xsdbm_id                                                                              |                                            dbg_hub_xsdbm_v3_0_0_xsdbm_id |        448 |        428 |      20 |    0 |   753 |      0 |      0 |    0 |          0 |
|         (BSCANID.u_xsdbm_id)                                                                          |                                            dbg_hub_xsdbm_v3_0_0_xsdbm_id |         34 |         34 |       0 |    0 |    34 |      0 |      0 |    0 |          0 |
|         CORE_XSDB.UUT_MASTER                                                                          |                                           dbg_hub_xsdbm_v3_0_0_icon2xsdb |        276 |        256 |      20 |    0 |   566 |      0 |      0 |    0 |          0 |
|           U_ICON_INTERFACE                                                                            |                                                  dbg_hub_xsdbm_v3_0_0_if |        159 |        139 |      20 |    0 |   456 |      0 |      0 |    0 |          0 |
|             (U_ICON_INTERFACE)                                                                        |                                                  dbg_hub_xsdbm_v3_0_0_if |          6 |          6 |       0 |    0 |    15 |      0 |      0 |    0 |          0 |
|             U_CMD1                                                                                    |                                             dbg_hub_xsdbm_v3_0_0_ctl_reg |          3 |          3 |       0 |    0 |    12 |      0 |      0 |    0 |          0 |
|             U_CMD2                                                                                    |                                            dbg_hub_xsdbm_v3_0_0_stat_reg |          5 |          5 |       0 |    0 |    22 |      0 |      0 |    0 |          0 |
|             U_CMD3                                                                                    |                                          dbg_hub_xsdbm_v3_0_0_stat_reg_0 |          5 |          5 |       0 |    0 |    22 |      0 |      0 |    0 |          0 |
|             U_CMD4                                                                                    |                             dbg_hub_xsdbm_v3_0_0_ctl_reg__parameterized0 |         14 |         14 |       0 |    0 |    62 |      0 |      0 |    0 |          0 |
|             U_CMD5                                                                                    |                             dbg_hub_xsdbm_v3_0_0_ctl_reg__parameterized1 |          6 |          6 |       0 |    0 |    42 |      0 |      0 |    0 |          0 |
|             U_CMD6_RD                                                                                 |                                               dbg_hub_xsdbm_v3_0_0_rdreg |         65 |         55 |      10 |    0 |   134 |      0 |      0 |    0 |          0 |
|               (U_CMD6_RD)                                                                             |                                               dbg_hub_xsdbm_v3_0_0_rdreg |          2 |          2 |       0 |    0 |    20 |      0 |      0 |    0 |          0 |
|               U_RD_FIFO                                                                               |                                              dbg_hub_xsdbm_v3_0_0_rdfifo |         63 |         53 |      10 |    0 |   114 |      0 |      0 |    0 |          0 |
|                 (U_RD_FIFO)                                                                           |                                              dbg_hub_xsdbm_v3_0_0_rdfifo |         20 |         20 |       0 |    0 |     0 |      0 |      0 |    0 |          0 |
|                 SUBCORE_FIFO.xsdbm_v3_0_0_rdfifo_inst                                                 |                           dbg_hub_fifo_generator_v13_1_5__parameterized0 |         43 |         33 |      10 |    0 |   114 |      0 |      0 |    0 |          0 |
|                   (SUBCORE_FIFO.xsdbm_v3_0_0_rdfifo_inst)                                             |                           dbg_hub_fifo_generator_v13_1_5__parameterized0 |          0 |          0 |       0 |    0 |     0 |      0 |      0 |    0 |          0 |
|                   inst_fifo_gen                                                                       |                     dbg_hub_fifo_generator_v13_1_5_synth__parameterized0 |         43 |         33 |      10 |    0 |   114 |      0 |      0 |    0 |          0 |
|                     gconvfifo.rf                                                                      |                               dbg_hub_fifo_generator_top__parameterized0 |         43 |         33 |      10 |    0 |   114 |      0 |      0 |    0 |          0 |
|                       grf.rf                                                                          |                           dbg_hub_fifo_generator_ramfifo__parameterized0 |         43 |         33 |      10 |    0 |   114 |      0 |      0 |    0 |          0 |
|                         gntv_or_sync_fifo.gcx.clkx                                                    |                                                    dbg_hub_clk_x_pntrs_8 |         12 |         12 |       0 |    0 |    32 |      0 |      0 |    0 |          0 |
|                           (gntv_or_sync_fifo.gcx.clkx)                                                |                                                    dbg_hub_clk_x_pntrs_8 |         10 |         10 |       0 |    0 |    16 |      0 |      0 |    0 |          0 |
|                           gnxpm_cdc.gsync_stage[1].rd_stg_inst                                        |                               dbg_hub_synchronizer_ff__parameterized0_20 |          0 |          0 |       0 |    0 |     4 |      0 |      0 |    0 |          0 |
|                           gnxpm_cdc.gsync_stage[1].wr_stg_inst                                        |                               dbg_hub_synchronizer_ff__parameterized0_21 |          0 |          0 |       0 |    0 |     4 |      0 |      0 |    0 |          0 |
|                           gnxpm_cdc.gsync_stage[2].rd_stg_inst                                        |                               dbg_hub_synchronizer_ff__parameterized0_22 |          1 |          1 |       0 |    0 |     4 |      0 |      0 |    0 |          0 |
|                           gnxpm_cdc.gsync_stage[2].wr_stg_inst                                        |                               dbg_hub_synchronizer_ff__parameterized0_23 |          1 |          1 |       0 |    0 |     4 |      0 |      0 |    0 |          0 |
|                         gntv_or_sync_fifo.gl0.rd                                                      |                                         dbg_hub_rd_logic__parameterized0 |         14 |         14 |       0 |    0 |    19 |      0 |      0 |    0 |          0 |
|                           gr1.gr1_int.rfwft                                                           |                                                          dbg_hub_rd_fwft |          7 |          7 |       0 |    0 |     8 |      0 |      0 |    0 |          0 |
|                           gras.rsts                                                                   |                                            dbg_hub_rd_status_flags_as_18 |          0 |          0 |       0 |    0 |     2 |      0 |      0 |    0 |          0 |
|                           grhf.rhf                                                                    |                             dbg_hub_rd_handshaking_flags__parameterized0 |          0 |          0 |       0 |    0 |     1 |      0 |      0 |    0 |          0 |
|                           rpntr                                                                       |                                                   dbg_hub_rd_bin_cntr_19 |          7 |          7 |       0 |    0 |     8 |      0 |      0 |    0 |          0 |
|                         gntv_or_sync_fifo.gl0.wr                                                      |                                         dbg_hub_wr_logic__parameterized0 |          5 |          5 |       0 |    0 |    15 |      0 |      0 |    0 |          0 |
|                           gwas.wsts                                                                   |                                            dbg_hub_wr_status_flags_as_15 |          2 |          2 |       0 |    0 |     2 |      0 |      0 |    0 |          0 |
|                           gwhf.whf                                                                    |                                          dbg_hub_wr_handshaking_flags_16 |          0 |          0 |       0 |    0 |     1 |      0 |      0 |    0 |          0 |
|                           wpntr                                                                       |                                                   dbg_hub_wr_bin_cntr_17 |          3 |          3 |       0 |    0 |    12 |      0 |      0 |    0 |          0 |
|                         gntv_or_sync_fifo.mem                                                         |                                           dbg_hub_memory__parameterized0 |         10 |          0 |      10 |    0 |    32 |      0 |      0 |    0 |          0 |
|                           (gntv_or_sync_fifo.mem)                                                     |                                           dbg_hub_memory__parameterized0 |          0 |          0 |       0 |    0 |    16 |      0 |      0 |    0 |          0 |
|                           gdm.dm_gen.dm                                                               |                                                          dbg_hub_dmem_14 |         10 |          0 |      10 |    0 |    16 |      0 |      0 |    0 |          0 |
|                         rstblk                                                                        |                                              dbg_hub_reset_blk_ramfifo_9 |          3 |          3 |       0 |    0 |    16 |      0 |      0 |    0 |          0 |
|                           (rstblk)                                                                    |                                              dbg_hub_reset_blk_ramfifo_9 |          0 |          0 |       0 |    0 |    12 |      0 |      0 |    0 |          0 |
|                           ngwrdrst.grst.g7serrst.gwrrd_rst_sync_stage[1].rrst_inst                    |                                               dbg_hub_synchronizer_ff_10 |          1 |          1 |       0 |    0 |     1 |      0 |      0 |    0 |          0 |
|                           ngwrdrst.grst.g7serrst.gwrrd_rst_sync_stage[1].wrst_inst                    |                                               dbg_hub_synchronizer_ff_11 |          1 |          1 |       0 |    0 |     1 |      0 |      0 |    0 |          0 |
|                           ngwrdrst.grst.g7serrst.gwrrd_rst_sync_stage[2].rrst_inst                    |                                               dbg_hub_synchronizer_ff_12 |          1 |          1 |       0 |    0 |     1 |      0 |      0 |    0 |          0 |
|                           ngwrdrst.grst.g7serrst.gwrrd_rst_sync_stage[2].wrst_inst                    |                                               dbg_hub_synchronizer_ff_13 |          1 |          1 |       0 |    0 |     1 |      0 |      0 |    0 |          0 |
|             U_CMD6_WR                                                                                 |                                               dbg_hub_xsdbm_v3_0_0_wrreg |         40 |         30 |      10 |    0 |   110 |      0 |      0 |    0 |          0 |
|               (U_CMD6_WR)                                                                             |                                               dbg_hub_xsdbm_v3_0_0_wrreg |          2 |          2 |       0 |    0 |    20 |      0 |      0 |    0 |          0 |
|               U_WR_FIFO                                                                               |                                              dbg_hub_xsdbm_v3_0_0_wrfifo |         38 |         28 |      10 |    0 |    90 |      0 |      0 |    0 |          0 |
|                 (U_WR_FIFO)                                                                           |                                              dbg_hub_xsdbm_v3_0_0_wrfifo |          1 |          1 |       0 |    0 |     0 |      0 |      0 |    0 |          0 |
|                 SUBCORE_FIFO.xsdbm_v3_0_0_wrfifo_inst                                                 |                                           dbg_hub_fifo_generator_v13_1_5 |         37 |         27 |      10 |    0 |    90 |      0 |      0 |    0 |          0 |
|                   (SUBCORE_FIFO.xsdbm_v3_0_0_wrfifo_inst)                                             |                                           dbg_hub_fifo_generator_v13_1_5 |          0 |          0 |       0 |    0 |     0 |      0 |      0 |    0 |          0 |
|                   inst_fifo_gen                                                                       |                                     dbg_hub_fifo_generator_v13_1_5_synth |         37 |         27 |      10 |    0 |    90 |      0 |      0 |    0 |          0 |
|                     gconvfifo.rf                                                                      |                                               dbg_hub_fifo_generator_top |         37 |         27 |      10 |    0 |    90 |      0 |      0 |    0 |          0 |
|                       grf.rf                                                                          |                                           dbg_hub_fifo_generator_ramfifo |         37 |         27 |      10 |    0 |    90 |      0 |      0 |    0 |          0 |
|                         gntv_or_sync_fifo.gcx.clkx                                                    |                                                      dbg_hub_clk_x_pntrs |         11 |         11 |       0 |    0 |    32 |      0 |      0 |    0 |          0 |
|                           (gntv_or_sync_fifo.gcx.clkx)                                                |                                                      dbg_hub_clk_x_pntrs |          9 |          9 |       0 |    0 |    16 |      0 |      0 |    0 |          0 |
|                           gnxpm_cdc.gsync_stage[1].rd_stg_inst                                        |                                  dbg_hub_synchronizer_ff__parameterized0 |          0 |          0 |       0 |    0 |     4 |      0 |      0 |    0 |          0 |
|                           gnxpm_cdc.gsync_stage[1].wr_stg_inst                                        |                                dbg_hub_synchronizer_ff__parameterized0_5 |          0 |          0 |       0 |    0 |     4 |      0 |      0 |    0 |          0 |
|                           gnxpm_cdc.gsync_stage[2].rd_stg_inst                                        |                                dbg_hub_synchronizer_ff__parameterized0_6 |          1 |          1 |       0 |    0 |     4 |      0 |      0 |    0 |          0 |
|                           gnxpm_cdc.gsync_stage[2].wr_stg_inst                                        |                                dbg_hub_synchronizer_ff__parameterized0_7 |          1 |          1 |       0 |    0 |     4 |      0 |      0 |    0 |          0 |
|                         gntv_or_sync_fifo.gl0.rd                                                      |                                                         dbg_hub_rd_logic |         10 |         10 |       0 |    0 |    11 |      0 |      0 |    0 |          0 |
|                           gras.rsts                                                                   |                                               dbg_hub_rd_status_flags_as |          2 |          2 |       0 |    0 |     2 |      0 |      0 |    0 |          0 |
|                           grhf.rhf                                                                    |                                             dbg_hub_rd_handshaking_flags |          0 |          0 |       0 |    0 |     1 |      0 |      0 |    0 |          0 |
|                           rpntr                                                                       |                                                      dbg_hub_rd_bin_cntr |          8 |          8 |       0 |    0 |     8 |      0 |      0 |    0 |          0 |
|                         gntv_or_sync_fifo.gl0.wr                                                      |                                                         dbg_hub_wr_logic |          5 |          5 |       0 |    0 |    15 |      0 |      0 |    0 |          0 |
|                           gwas.wsts                                                                   |                                               dbg_hub_wr_status_flags_as |          2 |          2 |       0 |    0 |     2 |      0 |      0 |    0 |          0 |
|                           gwhf.whf                                                                    |                                             dbg_hub_wr_handshaking_flags |          0 |          0 |       0 |    0 |     1 |      0 |      0 |    0 |          0 |
|                           wpntr                                                                       |                                                      dbg_hub_wr_bin_cntr |          3 |          3 |       0 |    0 |    12 |      0 |      0 |    0 |          0 |
|                         gntv_or_sync_fifo.mem                                                         |                                                           dbg_hub_memory |         10 |          0 |      10 |    0 |    16 |      0 |      0 |    0 |          0 |
|                           gdm.dm_gen.dm                                                               |                                                             dbg_hub_dmem |         10 |          0 |      10 |    0 |    16 |      0 |      0 |    0 |          0 |
|                         rstblk                                                                        |                                                dbg_hub_reset_blk_ramfifo |          2 |          2 |       0 |    0 |    16 |      0 |      0 |    0 |          0 |
|                           (rstblk)                                                                    |                                                dbg_hub_reset_blk_ramfifo |          0 |          0 |       0 |    0 |    12 |      0 |      0 |    0 |          0 |
|                           ngwrdrst.grst.g7serrst.gwrrd_rst_sync_stage[1].rrst_inst                    |                                                  dbg_hub_synchronizer_ff |          1 |          1 |       0 |    0 |     1 |      0 |      0 |    0 |          0 |
|                           ngwrdrst.grst.g7serrst.gwrrd_rst_sync_stage[1].wrst_inst                    |                                                dbg_hub_synchronizer_ff_2 |          1 |          1 |       0 |    0 |     1 |      0 |      0 |    0 |          0 |
|                           ngwrdrst.grst.g7serrst.gwrrd_rst_sync_stage[2].rrst_inst                    |                                                dbg_hub_synchronizer_ff_3 |          1 |          1 |       0 |    0 |     1 |      0 |      0 |    0 |          0 |
|                           ngwrdrst.grst.g7serrst.gwrrd_rst_sync_stage[2].wrst_inst                    |                                                dbg_hub_synchronizer_ff_4 |          1 |          1 |       0 |    0 |     1 |      0 |      0 |    0 |          0 |
|             U_CMD7_CTL                                                                                |                                           dbg_hub_xsdbm_v3_0_0_ctl_reg_1 |          2 |          2 |       0 |    0 |    12 |      0 |      0 |    0 |          0 |
|             U_CMD7_STAT                                                                               |                            dbg_hub_xsdbm_v3_0_0_stat_reg__parameterized0 |          4 |          4 |       0 |    0 |    18 |      0 |      0 |    0 |          0 |
|             U_STATIC_STATUS                                                                           |                                    dbg_hub_xsdbm_v3_0_0_if_static_status |          9 |          9 |       0 |    0 |     7 |      0 |      0 |    0 |          0 |
|           U_XSDB_ADDRESS_CONTROLLER                                                                   |                                            dbg_hub_xsdbm_v3_0_0_addr_ctl |         18 |         18 |       0 |    0 |    19 |      0 |      0 |    0 |          0 |
|           U_XSDB_BURST_WD_LEN_CONTROLLER                                                              |                                     dbg_hub_xsdbm_v3_0_0_burst_wdlen_ctl |         23 |         23 |       0 |    0 |    20 |      0 |      0 |    0 |          0 |
|           U_XSDB_BUS_CONTROLLER                                                                       |                                             dbg_hub_xsdbm_v3_0_0_bus_ctl |         69 |         69 |       0 |    0 |    54 |      0 |      0 |    0 |          0 |
|             (U_XSDB_BUS_CONTROLLER)                                                                   |                                             dbg_hub_xsdbm_v3_0_0_bus_ctl |          6 |          6 |       0 |    0 |    43 |      0 |      0 |    0 |          0 |
|             U_RD_ABORT_FLAG                                                                           |                         dbg_hub_xsdbm_v3_0_0_bus_ctl_flg__parameterized0 |          7 |          7 |       0 |    0 |     1 |      0 |      0 |    0 |          0 |
|             U_RD_REQ_FLAG                                                                             |                                         dbg_hub_xsdbm_v3_0_0_bus_ctl_flg |          8 |          8 |       0 |    0 |     2 |      0 |      0 |    0 |          0 |
|             U_TIMER                                                                                   |                                         dbg_hub_xsdbm_v3_0_0_bus_ctl_cnt |         48 |         48 |       0 |    0 |     8 |      0 |      0 |    0 |          0 |
|           U_XSDB_BUS_MSTR2SL_PORT_IFACE                                                               |                                      dbg_hub_xsdbm_v3_0_0_bus_mstr2sl_if |         10 |         10 |       0 |    0 |    17 |      0 |      0 |    0 |          0 |
|             (U_XSDB_BUS_MSTR2SL_PORT_IFACE)                                                           |                                      dbg_hub_xsdbm_v3_0_0_bus_mstr2sl_if |          2 |          2 |       0 |    0 |    17 |      0 |      0 |    0 |          0 |
|             U_RD_DIN_BUS_MUX                                                                          |                                         dbg_hub_ltlib_v1_0_1_generic_mux |          8 |          8 |       0 |    0 |     0 |      0 |      0 |    0 |          0 |
|         CORE_XSDB.U_ICON                                                                              |                                                dbg_hub_xsdbm_v3_0_0_icon |         16 |         16 |       0 |    0 |    28 |      0 |      0 |    0 |          0 |
|           (CORE_XSDB.U_ICON)                                                                          |                                                dbg_hub_xsdbm_v3_0_0_icon |          1 |          1 |       0 |    0 |     3 |      0 |      0 |    0 |          0 |
|           U_CMD                                                                                       |                                          dbg_hub_xsdbm_v3_0_0_cmd_decode |          8 |          8 |       0 |    0 |    10 |      0 |      0 |    0 |          0 |
|           U_STAT                                                                                      |                                                dbg_hub_xsdbm_v3_0_0_stat |          5 |          5 |       0 |    0 |     7 |      0 |      0 |    0 |          0 |
|           U_SYNC                                                                                      |                                                dbg_hub_xsdbm_v3_0_0_sync |          2 |          2 |       0 |    0 |     8 |      0 |      0 |    0 |          0 |
|         SWITCH_N_EXT_BSCAN.bscan_inst                                                                 |                                               dbg_hub_ltlib_v1_0_1_bscan |          0 |          0 |       0 |    0 |     0 |      0 |      0 |    0 |          0 |
|         SWITCH_N_EXT_BSCAN.bscan_switch                                                               |                                        dbg_hub_xsdbm_v3_0_0_bscan_switch |        122 |        122 |       0 |    0 |   125 |      0 |      0 |    0 |          0 |
|   jcl_i                                                                                               |                                                                      jcl |       6249 |       4975 |    1044 |  230 | 10146 |     19 |      3 |    0 |          0 |
|     (jcl_i)                                                                                           |                                                                      jcl |          0 |          0 |       0 |    0 |     0 |      0 |      0 |    0 |          0 |
|     aclk_rst                                                                                          |                                                           jcl_aclk_rst_0 |         13 |         12 |       0 |    1 |    34 |      0 |      0 |    0 |          0 |
|       U0                                                                                              |                                            jcl_aclk_rst_0_proc_sys_reset |         13 |         12 |       0 |    1 |    34 |      0 |      0 |    0 |          0 |
|         (U0)                                                                                          |                                            jcl_aclk_rst_0_proc_sys_reset |          0 |          0 |       0 |    0 |     2 |      0 |      0 |    0 |          0 |
|         EXT_LPF                                                                                       |                                                       jcl_aclk_rst_0_lpf |          4 |          3 |       0 |    1 |    17 |      0 |      0 |    0 |          0 |
|           (EXT_LPF)                                                                                   |                                                       jcl_aclk_rst_0_lpf |          2 |          1 |       0 |    1 |     9 |      0 |      0 |    0 |          0 |
|           ACTIVE_LOW_AUX.ACT_LO_AUX                                                                   |                                                  jcl_aclk_rst_0_cdc_sync |          1 |          1 |       0 |    0 |     4 |      0 |      0 |    0 |          0 |
|           ACTIVE_LOW_EXT.ACT_LO_EXT                                                                   |                                                jcl_aclk_rst_0_cdc_sync_0 |          1 |          1 |       0 |    0 |     4 |      0 |      0 |    0 |          0 |
|         SEQ                                                                                           |                                              jcl_aclk_rst_0_sequence_psr |          9 |          9 |       0 |    0 |    15 |      0 |      0 |    0 |          0 |
|           (SEQ)                                                                                       |                                              jcl_aclk_rst_0_sequence_psr |          5 |          5 |       0 |    0 |     9 |      0 |      0 |    0 |          0 |
|           SEQ_COUNTER                                                                                 |                                                   jcl_aclk_rst_0_upcnt_n |          4 |          4 |       0 |    0 |     6 |      0 |      0 |    0 |          0 |
|     apb_rst                                                                                           |                                                            jcl_apb_rst_0 |         13 |         12 |       0 |    1 |    33 |      0 |      0 |    0 |          0 |
|       U0                                                                                              |                                             jcl_apb_rst_0_proc_sys_reset |         13 |         12 |       0 |    1 |    33 |      0 |      0 |    0 |          0 |
|         (U0)                                                                                          |                                             jcl_apb_rst_0_proc_sys_reset |          0 |          0 |       0 |    0 |     1 |      0 |      0 |    0 |          0 |
|         EXT_LPF                                                                                       |                                                        jcl_apb_rst_0_lpf |          4 |          3 |       0 |    1 |    17 |      0 |      0 |    0 |          0 |
|           (EXT_LPF)                                                                                   |                                                        jcl_apb_rst_0_lpf |          2 |          1 |       0 |    1 |     9 |      0 |      0 |    0 |          0 |
|           ACTIVE_LOW_AUX.ACT_LO_AUX                                                                   |                                                   jcl_apb_rst_0_cdc_sync |          1 |          1 |       0 |    0 |     4 |      0 |      0 |    0 |          0 |
|           ACTIVE_LOW_EXT.ACT_LO_EXT                                                                   |                                                 jcl_apb_rst_0_cdc_sync_0 |          1 |          1 |       0 |    0 |     4 |      0 |      0 |    0 |          0 |
|         SEQ                                                                                           |                                               jcl_apb_rst_0_sequence_psr |          9 |          9 |       0 |    0 |    15 |      0 |      0 |    0 |          0 |
|           (SEQ)                                                                                       |                                               jcl_apb_rst_0_sequence_psr |          5 |          5 |       0 |    0 |     9 |      0 |      0 |    0 |          0 |
|           SEQ_COUNTER                                                                                 |                                                    jcl_apb_rst_0_upcnt_n |          4 |          4 |       0 |    0 |     6 |      0 |      0 |    0 |          0 |
|     axi_bram_ctrl_0                                                                                   |                                                    jcl_axi_bram_ctrl_0_0 |        179 |        179 |       0 |    0 |   197 |      0 |      0 |    0 |          0 |
|       U0                                                                                              |                                      jcl_axi_bram_ctrl_0_0_axi_bram_ctrl |        179 |        179 |       0 |    0 |   197 |      0 |      0 |    0 |          0 |
|         gext_inst.abcv4_0_ext_inst                                                                    |                                  jcl_axi_bram_ctrl_0_0_axi_bram_ctrl_top |        179 |        179 |       0 |    0 |   197 |      0 |      0 |    0 |          0 |
|           GEN_AXI4.I_FULL_AXI                                                                         |                                           jcl_axi_bram_ctrl_0_0_full_axi |        179 |        179 |       0 |    0 |   197 |      0 |      0 |    0 |          0 |
|             (GEN_AXI4.I_FULL_AXI)                                                                     |                                           jcl_axi_bram_ctrl_0_0_full_axi |          6 |          6 |       0 |    0 |    11 |      0 |      0 |    0 |          0 |
|             GEN_ARB.I_SNG_PORT                                                                        |                                       jcl_axi_bram_ctrl_0_0_sng_port_arb |         14 |         14 |       0 |    0 |     7 |      0 |      0 |    0 |          0 |
|             I_RD_CHNL                                                                                 |                                            jcl_axi_bram_ctrl_0_0_rd_chnl |        127 |        127 |       0 |    0 |   115 |      0 |      0 |    0 |          0 |
|               (I_RD_CHNL)                                                                             |                                            jcl_axi_bram_ctrl_0_0_rd_chnl |         95 |         95 |       0 |    0 |   102 |      0 |      0 |    0 |          0 |
|               GEN_NO_RD_CMD_OPT.I_WRAP_BRST                                                           |                                        jcl_axi_bram_ctrl_0_0_wrap_brst_0 |         32 |         32 |       0 |    0 |    13 |      0 |      0 |    0 |          0 |
|             I_WR_CHNL                                                                                 |                                            jcl_axi_bram_ctrl_0_0_wr_chnl |         36 |         36 |       0 |    0 |    64 |      0 |      0 |    0 |          0 |
|               (I_WR_CHNL)                                                                             |                                            jcl_axi_bram_ctrl_0_0_wr_chnl |         18 |         18 |       0 |    0 |    51 |      0 |      0 |    0 |          0 |
|               BID_FIFO                                                                                |                                           jcl_axi_bram_ctrl_0_0_SRL_FIFO |          2 |          2 |       0 |    0 |     0 |      0 |      0 |    0 |          0 |
|               I_WRAP_BRST                                                                             |                                          jcl_axi_bram_ctrl_0_0_wrap_brst |         16 |         16 |       0 |    0 |    13 |      0 |      0 |    0 |          0 |
|     blk_mem_gen_0                                                                                     |                                                      jcl_blk_mem_gen_0_0 |          0 |          0 |       0 |    0 |     0 |      2 |      0 |    0 |          0 |
|       U0                                                                                              |                                   jcl_blk_mem_gen_0_0_blk_mem_gen_v8_4_7 |          0 |          0 |       0 |    0 |     0 |      2 |      0 |    0 |          0 |
|         inst_blk_mem_gen                                                                              |                             jcl_blk_mem_gen_0_0_blk_mem_gen_v8_4_7_synth |          0 |          0 |       0 |    0 |     0 |      2 |      0 |    0 |          0 |
|           gnbram.gnative_mem_map_bmg.native_mem_map_blk_mem_gen                                       |                                      jcl_blk_mem_gen_0_0_blk_mem_gen_top |          0 |          0 |       0 |    0 |     0 |      2 |      0 |    0 |          0 |
|             valid.cstr                                                                                |                             jcl_blk_mem_gen_0_0_blk_mem_gen_generic_cstr |          0 |          0 |       0 |    0 |     0 |      2 |      0 |    0 |          0 |
|               ramloop[0].ram.r                                                                        |                               jcl_blk_mem_gen_0_0_blk_mem_gen_prim_width |          0 |          0 |       0 |    0 |     0 |      1 |      0 |    0 |          0 |
|                 prim_noinit.ram                                                                       |                             jcl_blk_mem_gen_0_0_blk_mem_gen_prim_wrapper |          0 |          0 |       0 |    0 |     0 |      1 |      0 |    0 |          0 |
|               ramloop[1].ram.r                                                                        |               jcl_blk_mem_gen_0_0_blk_mem_gen_prim_width__parameterized0 |          0 |          0 |       0 |    0 |     0 |      1 |      0 |    0 |          0 |
|                 prim_noinit.ram                                                                       |             jcl_blk_mem_gen_0_0_blk_mem_gen_prim_wrapper__parameterized0 |          0 |          0 |       0 |    0 |     0 |      1 |      0 |    0 |          0 |
|     clk_wiz_0                                                                                         |                                                          jcl_clk_wiz_0_0 |          0 |          0 |       0 |    0 |     0 |      0 |      0 |    0 |          0 |
|       inst                                                                                            |                                                  jcl_clk_wiz_0_0_clk_wiz |          0 |          0 |       0 |    0 |     0 |      0 |      0 |    0 |          0 |
|     hbm                                                                                               |                                                                jcl_hbm_0 |        972 |        972 |       0 |    0 |   860 |      4 |      0 |    0 |          0 |
|       (hbm)                                                                                           |                                                                jcl_hbm_0 |          0 |          0 |       0 |    0 |     0 |      0 |      0 |    0 |          0 |
|       inst                                                                                            |                                                    jcl_hbm_0_hbm_v1_0_15 |        972 |        972 |       0 |    0 |   860 |      4 |      0 |    0 |          0 |
|         TWO_STACK.u_hbm_top                                                                           |                                                        jcl_hbm_0_hbm_top |        972 |        972 |       0 |    0 |   860 |      4 |      0 |    0 |          0 |
|           (TWO_STACK.u_hbm_top)                                                                       |                                                        jcl_hbm_0_hbm_top |         81 |         81 |       0 |    0 |     0 |      0 |      0 |    0 |          0 |
|           TWO_STACK_HBM.hbm_apb_arbiter_0                                                             |                                                jcl_hbm_0_hbm_apb_arbiter |         52 |         52 |       0 |    0 |     2 |      0 |      0 |    0 |          0 |
|           TWO_STACK_HBM.hbm_apb_arbiter_1                                                             |                                              jcl_hbm_0_hbm_apb_arbiter_0 |         52 |         52 |       0 |    0 |     2 |      0 |      0 |    0 |          0 |
|           TWO_STACK_HBM.hbm_apb_mst_0                                                                 |                                                    jcl_hbm_0_hbm_apb_mst |        236 |        236 |       0 |    0 |   235 |      0 |      0 |    0 |          0 |
|           TWO_STACK_HBM.hbm_apb_mst_1                                                                 |                                                  jcl_hbm_0_hbm_apb_mst_1 |        235 |        235 |       0 |    0 |   235 |      0 |      0 |    0 |          0 |
|           TWO_STACK_HBM.hbm_data_fetch_0                                                              |                                                 jcl_hbm_0_hbm_data_fetch |         51 |         51 |       0 |    0 |   130 |      0 |      0 |    0 |          0 |
|           TWO_STACK_HBM.hbm_data_fetch_1                                                              |                                               jcl_hbm_0_hbm_data_fetch_2 |         51 |         51 |       0 |    0 |   130 |      0 |      0 |    0 |          0 |
|           TWO_STACK_HBM.u_hbm_temp_rd_0                                                               |                                                    jcl_hbm_0_hbm_temp_rd |         84 |         84 |       0 |    0 |    63 |      0 |      0 |    0 |          0 |
|           TWO_STACK_HBM.u_hbm_temp_rd_1                                                               |                                                  jcl_hbm_0_hbm_temp_rd_3 |         84 |         84 |       0 |    0 |    63 |      0 |      0 |    0 |          0 |
|           TWO_STACK_HBM.xpm_memory_spram_inst_0                                                       |                                               jcl_hbm_0_xpm_memory_spram |         24 |         24 |       0 |    0 |     0 |      2 |      0 |    0 |          0 |
|             (TWO_STACK_HBM.xpm_memory_spram_inst_0)                                                   |                                               jcl_hbm_0_xpm_memory_spram |         23 |         23 |       0 |    0 |     0 |      0 |      0 |    0 |          0 |
|             xpm_memory_base_inst                                                                      |                                                jcl_hbm_0_xpm_memory_base |          1 |          1 |       0 |    0 |     0 |      2 |      0 |    0 |          0 |
|           TWO_STACK_HBM.xpm_memory_spram_inst_1                                                       |                               jcl_hbm_0_xpm_memory_spram__parameterized0 |         24 |         24 |       0 |    0 |     0 |      2 |      0 |    0 |          0 |
|             (TWO_STACK_HBM.xpm_memory_spram_inst_1)                                                   |                               jcl_hbm_0_xpm_memory_spram__parameterized0 |         23 |         23 |       0 |    0 |     0 |      0 |      0 |    0 |          0 |
|             xpm_memory_base_inst                                                                      |                                jcl_hbm_0_xpm_memory_base__parameterized0 |          1 |          1 |       0 |    0 |     0 |      2 |      0 |    0 |          0 |
|     hbm_sc                                                                                            |                                                             jcl_hbm_sc_0 |       2421 |       1757 |     440 |  224 |  2640 |      0 |      0 |    0 |          0 |
|       (hbm_sc)                                                                                        |                                                             jcl_hbm_sc_0 |          0 |          0 |       0 |    0 |     0 |      0 |      0 |    0 |          0 |
|       inst                                                                                            |                                                     jcl_hbm_sc_0_bd_291c |       2421 |       1757 |     440 |  224 |  2640 |      0 |      0 |    0 |          0 |
|         clk_map                                                                                       |                                          jcl_hbm_sc_0_clk_map_imp_K77UAN |         12 |         11 |       0 |    1 |    22 |      0 |      0 |    0 |          0 |
|           psr_aclk                                                                                    |                                          jcl_hbm_sc_0_bd_291c_psr_aclk_0 |         12 |         11 |       0 |    1 |    22 |      0 |      0 |    0 |          0 |
|             U0                                                                                        |                                              jcl_hbm_sc_0_proc_sys_reset |         12 |         11 |       0 |    1 |    22 |      0 |      0 |    0 |          0 |
|               (U0)                                                                                    |                                              jcl_hbm_sc_0_proc_sys_reset |          0 |          0 |       0 |    0 |     1 |      0 |      0 |    0 |          0 |
|               EXT_LPF                                                                                 |                                                         jcl_hbm_sc_0_lpf |          3 |          2 |       0 |    1 |     6 |      0 |      0 |    0 |          0 |
|                 (EXT_LPF)                                                                             |                                                         jcl_hbm_sc_0_lpf |          2 |          1 |       0 |    1 |     2 |      0 |      0 |    0 |          0 |
|                 ACTIVE_LOW_AUX.ACT_LO_AUX                                                             |                                                    jcl_hbm_sc_0_cdc_sync |          1 |          1 |       0 |    0 |     4 |      0 |      0 |    0 |          0 |
|               SEQ                                                                                     |                                                jcl_hbm_sc_0_sequence_psr |          9 |          9 |       0 |    0 |    15 |      0 |      0 |    0 |          0 |
|                 (SEQ)                                                                                 |                                                jcl_hbm_sc_0_sequence_psr |          5 |          5 |       0 |    0 |     9 |      0 |      0 |    0 |          0 |
|                 SEQ_COUNTER                                                                           |                                                     jcl_hbm_sc_0_upcnt_n |          4 |          4 |       0 |    0 |     6 |      0 |      0 |    0 |          0 |
|         m00_exit_pipeline                                                                             |                               jcl_hbm_sc_0_m00_exit_pipeline_imp_1CXVGSK |        427 |        413 |       0 |   14 |   274 |      0 |      0 |    0 |          0 |
|           m00_exit                                                                                    |                                              jcl_hbm_sc_0_bd_291c_m00e_0 |        427 |        413 |       0 |   14 |   274 |      0 |      0 |    0 |          0 |
|             inst                                                                                      |                                         jcl_hbm_sc_0_sc_exit_v1_0_14_top |        427 |        413 |       0 |   14 |   274 |      0 |      0 |    0 |          0 |
|               (inst)                                                                                  |                                         jcl_hbm_sc_0_sc_exit_v1_0_14_top |          1 |          1 |       0 |    0 |     2 |      0 |      0 |    0 |          0 |
|               exit_inst                                                                               |                                        jcl_hbm_sc_0_sc_exit_v1_0_14_exit |         33 |         26 |       0 |    7 |    24 |      0 |      0 |    0 |          0 |
|                 (exit_inst)                                                                           |                                        jcl_hbm_sc_0_sc_exit_v1_0_14_exit |          1 |          1 |       0 |    0 |     1 |      0 |      0 |    0 |          0 |
|                 gen_r_cmd_fifo.r_cmd_fifo                                                             |            jcl_hbm_sc_0_sc_util_v1_0_4_axic_reg_srl_fifo__parameterized2 |         21 |         15 |       0 |    6 |    14 |      0 |      0 |    0 |          0 |
|                   (gen_r_cmd_fifo.r_cmd_fifo)                                                         |            jcl_hbm_sc_0_sc_util_v1_0_4_axic_reg_srl_fifo__parameterized2 |         15 |         15 |       0 |    0 |    14 |      0 |      0 |    0 |          0 |
|                   gen_srls[11].srl_nx1                                                                |                                  jcl_hbm_sc_0_sc_util_v1_0_4_srl_rtl_243 |          1 |          0 |       0 |    1 |     0 |      0 |      0 |    0 |          0 |
|                   gen_srls[12].srl_nx1                                                                |                                  jcl_hbm_sc_0_sc_util_v1_0_4_srl_rtl_244 |          1 |          0 |       0 |    1 |     0 |      0 |      0 |    0 |          0 |
|                   gen_srls[14].srl_nx1                                                                |                                  jcl_hbm_sc_0_sc_util_v1_0_4_srl_rtl_245 |          1 |          0 |       0 |    1 |     0 |      0 |      0 |    0 |          0 |
|                   gen_srls[15].srl_nx1                                                                |                                  jcl_hbm_sc_0_sc_util_v1_0_4_srl_rtl_246 |          2 |          1 |       0 |    1 |     0 |      0 |      0 |    0 |          0 |
|                   gen_srls[4].srl_nx1                                                                 |                                  jcl_hbm_sc_0_sc_util_v1_0_4_srl_rtl_247 |          1 |          0 |       0 |    1 |     0 |      0 |      0 |    0 |          0 |
|                   gen_srls[5].srl_nx1                                                                 |                                  jcl_hbm_sc_0_sc_util_v1_0_4_srl_rtl_248 |          1 |          0 |       0 |    1 |     0 |      0 |      0 |    0 |          0 |
|                 gen_w_cmd_fifo.w_cmd_fifo                                                             |            jcl_hbm_sc_0_sc_util_v1_0_4_axic_reg_srl_fifo__parameterized3 |         12 |         11 |       0 |    1 |     9 |      0 |      0 |    0 |          0 |
|                   (gen_w_cmd_fifo.w_cmd_fifo)                                                         |            jcl_hbm_sc_0_sc_util_v1_0_4_axic_reg_srl_fifo__parameterized3 |         11 |         11 |       0 |    0 |     9 |      0 |      0 |    0 |          0 |
|                   gen_srls[1].srl_nx1                                                                 |                                  jcl_hbm_sc_0_sc_util_v1_0_4_srl_rtl_242 |          2 |          1 |       0 |    1 |     0 |      0 |      0 |    0 |          0 |
|               splitter_inst                                                                           |                                    jcl_hbm_sc_0_sc_exit_v1_0_14_splitter |        393 |        386 |       0 |    7 |   245 |      0 |      0 |    0 |          0 |
|                 (splitter_inst)                                                                       |                                    jcl_hbm_sc_0_sc_exit_v1_0_14_splitter |          8 |          8 |       0 |    0 |     1 |      0 |      0 |    0 |          0 |
|                 gen_axi3.splitter_inst                                                                |                                   jcl_hbm_sc_0_sc_exit_v1_0_14_axi3_conv |        385 |        378 |       0 |    7 |   244 |      0 |      0 |    0 |          0 |
|                   (gen_axi3.splitter_inst)                                                            |                                   jcl_hbm_sc_0_sc_exit_v1_0_14_axi3_conv |        113 |        113 |       0 |    0 |   108 |      0 |      0 |    0 |          0 |
|                   ar_cmd_reg                                                                          |                                jcl_hbm_sc_0_sc_util_v1_0_4_axi_reg_stall |        102 |        102 |       0 |    0 |    54 |      0 |      0 |    0 |          0 |
|                   aw_cmd_reg                                                                          |                            jcl_hbm_sc_0_sc_util_v1_0_4_axi_reg_stall_232 |         92 |         92 |       0 |    0 |    51 |      0 |      0 |    0 |          0 |
|                   gen_rsplitter.gen_rthread_loop[0].r_split_fifo                                      |                        jcl_hbm_sc_0_sc_util_v1_0_4_axic_reg_srl_fifo_233 |         18 |         17 |       0 |    1 |     9 |      0 |      0 |    0 |          0 |
|                     (gen_rsplitter.gen_rthread_loop[0].r_split_fifo)                                  |                        jcl_hbm_sc_0_sc_util_v1_0_4_axic_reg_srl_fifo_233 |         16 |         16 |       0 |    0 |     9 |      0 |      0 |    0 |          0 |
|                     gen_srls[0].srl_nx1                                                               |                                  jcl_hbm_sc_0_sc_util_v1_0_4_srl_rtl_241 |          3 |          2 |       0 |    1 |     0 |      0 |      0 |    0 |          0 |
|                   gen_wsplitter.gen_wthread_loop[0].b_split_fifo                                      |                        jcl_hbm_sc_0_sc_util_v1_0_4_axic_reg_srl_fifo_234 |         30 |         29 |       0 |    1 |     9 |      0 |      0 |    0 |          0 |
|                     (gen_wsplitter.gen_wthread_loop[0].b_split_fifo)                                  |                        jcl_hbm_sc_0_sc_util_v1_0_4_axic_reg_srl_fifo_234 |         27 |         27 |       0 |    0 |     9 |      0 |      0 |    0 |          0 |
|                     gen_srls[0].srl_nx1                                                               |                                  jcl_hbm_sc_0_sc_util_v1_0_4_srl_rtl_240 |          4 |          3 |       0 |    1 |     0 |      0 |      0 |    0 |          0 |
|                   gen_wsplitter.w_split_fifo                                                          |            jcl_hbm_sc_0_sc_util_v1_0_4_axic_reg_srl_fifo__parameterized0 |         35 |         30 |       0 |    5 |    13 |      0 |      0 |    0 |          0 |
|                     (gen_wsplitter.w_split_fifo)                                                      |            jcl_hbm_sc_0_sc_util_v1_0_4_axic_reg_srl_fifo__parameterized0 |         24 |         24 |       0 |    0 |    13 |      0 |      0 |    0 |          0 |
|                     gen_srls[0].srl_nx1                                                               |                                  jcl_hbm_sc_0_sc_util_v1_0_4_srl_rtl_235 |          3 |          2 |       0 |    1 |     0 |      0 |      0 |    0 |          0 |
|                     gen_srls[1].srl_nx1                                                               |                                  jcl_hbm_sc_0_sc_util_v1_0_4_srl_rtl_236 |          2 |          1 |       0 |    1 |     0 |      0 |      0 |    0 |          0 |
|                     gen_srls[2].srl_nx1                                                               |                                  jcl_hbm_sc_0_sc_util_v1_0_4_srl_rtl_237 |          2 |          1 |       0 |    1 |     0 |      0 |      0 |    0 |          0 |
|                     gen_srls[3].srl_nx1                                                               |                                  jcl_hbm_sc_0_sc_util_v1_0_4_srl_rtl_238 |          2 |          1 |       0 |    1 |     0 |      0 |      0 |    0 |          0 |
|                     gen_srls[4].srl_nx1                                                               |                                  jcl_hbm_sc_0_sc_util_v1_0_4_srl_rtl_239 |          3 |          2 |       0 |    1 |     0 |      0 |      0 |    0 |          0 |
|               xpm_cdc_async_rst_inst                                                                  |                                           jcl_hbm_sc_0_xpm_cdc_async_rst |          0 |          0 |       0 |    0 |     3 |      0 |      0 |    0 |          0 |
|         m00_sc2axi                                                                                    |                                            jcl_hbm_sc_0_bd_291c_m00s2a_0 |          0 |          0 |       0 |    0 |     0 |      0 |      0 |    0 |          0 |
|           inst                                                                                        |                                        jcl_hbm_sc_0_sc_sc2axi_v1_0_9_top |          0 |          0 |       0 |    0 |     0 |      0 |      0 |    0 |          0 |
|         s00_axi2sc                                                                                    |                                            jcl_hbm_sc_0_bd_291c_s00a2s_0 |          0 |          0 |       0 |    0 |     0 |      0 |      0 |    0 |          0 |
|           inst                                                                                        |                                        jcl_hbm_sc_0_sc_axi2sc_v1_0_9_top |          0 |          0 |       0 |    0 |     0 |      0 |      0 |    0 |          0 |
|         s00_entry_pipeline                                                                            |                               jcl_hbm_sc_0_s00_entry_pipeline_imp_E8CONB |       1239 |       1030 |       0 |  209 |  1209 |      0 |      0 |    0 |          0 |
|           s00_mmu                                                                                     |                                            jcl_hbm_sc_0_bd_291c_s00mmu_0 |        214 |        214 |       0 |    0 |   296 |      0 |      0 |    0 |          0 |
|             inst                                                                                      |                                          jcl_hbm_sc_0_sc_mmu_v1_0_12_top |        214 |        214 |       0 |    0 |   296 |      0 |      0 |    0 |          0 |
|               (inst)                                                                                  |                                          jcl_hbm_sc_0_sc_mmu_v1_0_12_top |         60 |         60 |       0 |    0 |    28 |      0 |      0 |    0 |          0 |
|               ar_reg_stall                                                                            |            jcl_hbm_sc_0_sc_util_v1_0_4_axi_reg_stall__parameterized1_230 |         66 |         66 |       0 |    0 |   124 |      0 |      0 |    0 |          0 |
|               aw_reg_stall                                                                            |            jcl_hbm_sc_0_sc_util_v1_0_4_axi_reg_stall__parameterized1_231 |         59 |         59 |       0 |    0 |   124 |      0 |      0 |    0 |          0 |
|               gen_endpoint.decerr_slave_inst                                                          |                                 jcl_hbm_sc_0_sc_mmu_v1_0_12_decerr_slave |         32 |         32 |       0 |    0 |    17 |      0 |      0 |    0 |          0 |
|               xpm_cdc_async_rst_inst                                                                  |                                        jcl_hbm_sc_0_xpm_cdc_async_rst__3 |          0 |          0 |       0 |    0 |     3 |      0 |      0 |    0 |          0 |
|           s00_si_converter                                                                            |                                            jcl_hbm_sc_0_bd_291c_s00sic_0 |        998 |        789 |       0 |  209 |   893 |      0 |      0 |    0 |          0 |
|             inst                                                                                      |                                 jcl_hbm_sc_0_sc_si_converter_v1_0_12_top |        998 |        789 |       0 |  209 |   893 |      0 |      0 |    0 |          0 |
|               (inst)                                                                                  |                                 jcl_hbm_sc_0_sc_si_converter_v1_0_12_top |          1 |          1 |       0 |    0 |     1 |      0 |      0 |    0 |          0 |
|               converter.wrap_narrow_inst                                                              |                         jcl_hbm_sc_0_sc_si_converter_v1_0_12_wrap_narrow |        966 |        764 |       0 |  202 |   873 |      0 |      0 |    0 |          0 |
|                 (converter.wrap_narrow_inst)                                                          |                         jcl_hbm_sc_0_sc_si_converter_v1_0_12_wrap_narrow |         79 |         79 |       0 |    0 |   270 |      0 |      0 |    0 |          0 |
|                 ar_reg_slice                                                                          |                jcl_hbm_sc_0_sc_util_v1_0_4_axi_reg_stall__parameterized1 |        108 |        108 |       0 |    0 |   150 |      0 |      0 |    0 |          0 |
|                 aw_reg_slice                                                                          |             jcl_hbm_sc_0_sc_util_v1_0_4_axi_reg_stall__parameterized1_27 |        109 |        109 |       0 |    0 |   150 |      0 |      0 |    0 |          0 |
|                 gen_thread_loop[0].r_cmd_fifo                                                         |            jcl_hbm_sc_0_sc_util_v1_0_4_axic_reg_srl_fifo__parameterized5 |         84 |         62 |       0 |   22 |    30 |      0 |      0 |    0 |          0 |
|                   (gen_thread_loop[0].r_cmd_fifo)                                                     |            jcl_hbm_sc_0_sc_util_v1_0_4_axic_reg_srl_fifo__parameterized5 |         37 |         37 |       0 |    0 |    30 |      0 |      0 |    0 |          0 |
|                   gen_srls[0].srl_nx1                                                                 |                                  jcl_hbm_sc_0_sc_util_v1_0_4_srl_rtl_208 |          2 |          1 |       0 |    1 |     0 |      0 |      0 |    0 |          0 |
|                   gen_srls[10].srl_nx1                                                                |                                  jcl_hbm_sc_0_sc_util_v1_0_4_srl_rtl_209 |          2 |          1 |       0 |    1 |     0 |      0 |      0 |    0 |          0 |
|                   gen_srls[11].srl_nx1                                                                |                                  jcl_hbm_sc_0_sc_util_v1_0_4_srl_rtl_210 |          2 |          1 |       0 |    1 |     0 |      0 |      0 |    0 |          0 |
|                   gen_srls[12].srl_nx1                                                                |                                  jcl_hbm_sc_0_sc_util_v1_0_4_srl_rtl_211 |          2 |          1 |       0 |    1 |     0 |      0 |      0 |    0 |          0 |
|                   gen_srls[13].srl_nx1                                                                |                                  jcl_hbm_sc_0_sc_util_v1_0_4_srl_rtl_212 |          2 |          1 |       0 |    1 |     0 |      0 |      0 |    0 |          0 |
|                   gen_srls[14].srl_nx1                                                                |                                  jcl_hbm_sc_0_sc_util_v1_0_4_srl_rtl_213 |          2 |          1 |       0 |    1 |     0 |      0 |      0 |    0 |          0 |
|                   gen_srls[15].srl_nx1                                                                |                                  jcl_hbm_sc_0_sc_util_v1_0_4_srl_rtl_214 |          2 |          1 |       0 |    1 |     0 |      0 |      0 |    0 |          0 |
|                   gen_srls[16].srl_nx1                                                                |                                  jcl_hbm_sc_0_sc_util_v1_0_4_srl_rtl_215 |          2 |          1 |       0 |    1 |     0 |      0 |      0 |    0 |          0 |
|                   gen_srls[17].srl_nx1                                                                |                                  jcl_hbm_sc_0_sc_util_v1_0_4_srl_rtl_216 |          2 |          1 |       0 |    1 |     0 |      0 |      0 |    0 |          0 |
|                   gen_srls[18].srl_nx1                                                                |                                  jcl_hbm_sc_0_sc_util_v1_0_4_srl_rtl_217 |          2 |          1 |       0 |    1 |     0 |      0 |      0 |    0 |          0 |
|                   gen_srls[19].srl_nx1                                                                |                                  jcl_hbm_sc_0_sc_util_v1_0_4_srl_rtl_218 |          3 |          2 |       0 |    1 |     0 |      0 |      0 |    0 |          0 |
|                   gen_srls[1].srl_nx1                                                                 |                                  jcl_hbm_sc_0_sc_util_v1_0_4_srl_rtl_219 |          2 |          1 |       0 |    1 |     0 |      0 |      0 |    0 |          0 |
|                   gen_srls[20].srl_nx1                                                                |                                  jcl_hbm_sc_0_sc_util_v1_0_4_srl_rtl_220 |          3 |          2 |       0 |    1 |     0 |      0 |      0 |    0 |          0 |
|                   gen_srls[21].srl_nx1                                                                |                                  jcl_hbm_sc_0_sc_util_v1_0_4_srl_rtl_221 |          4 |          3 |       0 |    1 |     0 |      0 |      0 |    0 |          0 |
|                   gen_srls[2].srl_nx1                                                                 |                                  jcl_hbm_sc_0_sc_util_v1_0_4_srl_rtl_222 |          2 |          1 |       0 |    1 |     0 |      0 |      0 |    0 |          0 |
|                   gen_srls[3].srl_nx1                                                                 |                                  jcl_hbm_sc_0_sc_util_v1_0_4_srl_rtl_223 |          2 |          1 |       0 |    1 |     0 |      0 |      0 |    0 |          0 |
|                   gen_srls[4].srl_nx1                                                                 |                                  jcl_hbm_sc_0_sc_util_v1_0_4_srl_rtl_224 |          2 |          1 |       0 |    1 |     0 |      0 |      0 |    0 |          0 |
|                   gen_srls[5].srl_nx1                                                                 |                                  jcl_hbm_sc_0_sc_util_v1_0_4_srl_rtl_225 |          2 |          1 |       0 |    1 |     0 |      0 |      0 |    0 |          0 |
|                   gen_srls[6].srl_nx1                                                                 |                                  jcl_hbm_sc_0_sc_util_v1_0_4_srl_rtl_226 |          2 |          1 |       0 |    1 |     0 |      0 |      0 |    0 |          0 |
|                   gen_srls[7].srl_nx1                                                                 |                                  jcl_hbm_sc_0_sc_util_v1_0_4_srl_rtl_227 |          2 |          1 |       0 |    1 |     0 |      0 |      0 |    0 |          0 |
|                   gen_srls[8].srl_nx1                                                                 |                                  jcl_hbm_sc_0_sc_util_v1_0_4_srl_rtl_228 |          2 |          1 |       0 |    1 |     0 |      0 |      0 |    0 |          0 |
|                   gen_srls[9].srl_nx1                                                                 |                                  jcl_hbm_sc_0_sc_util_v1_0_4_srl_rtl_229 |          2 |          1 |       0 |    1 |     0 |      0 |      0 |    0 |          0 |
|                 gen_thread_loop[0].r_payld_fifo                                                       |                         jcl_hbm_sc_0_sc_si_converter_v1_0_12_offset_fifo |        236 |        158 |       0 |   78 |   120 |      0 |      0 |    0 |          0 |
|                   (gen_thread_loop[0].r_payld_fifo)                                                   |                         jcl_hbm_sc_0_sc_si_converter_v1_0_12_offset_fifo |         66 |         66 |       0 |    0 |   100 |      0 |      0 |    0 |          0 |
|                   cmd_fifo                                                                            |        jcl_hbm_sc_0_sc_util_v1_0_4_axic_reg_srl_fifo__parameterized6_129 |        100 |         88 |       0 |   12 |    20 |      0 |      0 |    0 |          0 |
|                     (cmd_fifo)                                                                        |        jcl_hbm_sc_0_sc_util_v1_0_4_axic_reg_srl_fifo__parameterized6_129 |         45 |         45 |       0 |    0 |    20 |      0 |      0 |    0 |          0 |
|                     gen_srls[0].srl_nx1                                                               |                                  jcl_hbm_sc_0_sc_util_v1_0_4_srl_rtl_196 |          5 |          4 |       0 |    1 |     0 |      0 |      0 |    0 |          0 |
|                     gen_srls[10].srl_nx1                                                              |                                  jcl_hbm_sc_0_sc_util_v1_0_4_srl_rtl_197 |          3 |          2 |       0 |    1 |     0 |      0 |      0 |    0 |          0 |
|                     gen_srls[11].srl_nx1                                                              |                                  jcl_hbm_sc_0_sc_util_v1_0_4_srl_rtl_198 |          4 |          3 |       0 |    1 |     0 |      0 |      0 |    0 |          0 |
|                     gen_srls[1].srl_nx1                                                               |                                  jcl_hbm_sc_0_sc_util_v1_0_4_srl_rtl_199 |         10 |          9 |       0 |    1 |     0 |      0 |      0 |    0 |          0 |
|                     gen_srls[2].srl_nx1                                                               |                                  jcl_hbm_sc_0_sc_util_v1_0_4_srl_rtl_200 |          6 |          5 |       0 |    1 |     0 |      0 |      0 |    0 |          0 |
|                     gen_srls[3].srl_nx1                                                               |                                  jcl_hbm_sc_0_sc_util_v1_0_4_srl_rtl_201 |          5 |          4 |       0 |    1 |     0 |      0 |      0 |    0 |          0 |
|                     gen_srls[4].srl_nx1                                                               |                                  jcl_hbm_sc_0_sc_util_v1_0_4_srl_rtl_202 |          3 |          2 |       0 |    1 |     0 |      0 |      0 |    0 |          0 |
|                     gen_srls[5].srl_nx1                                                               |                                  jcl_hbm_sc_0_sc_util_v1_0_4_srl_rtl_203 |          4 |          3 |       0 |    1 |     0 |      0 |      0 |    0 |          0 |
|                     gen_srls[6].srl_nx1                                                               |                                  jcl_hbm_sc_0_sc_util_v1_0_4_srl_rtl_204 |          5 |          4 |       0 |    1 |     0 |      0 |      0 |    0 |          0 |
|                     gen_srls[7].srl_nx1                                                               |                                  jcl_hbm_sc_0_sc_util_v1_0_4_srl_rtl_205 |          6 |          5 |       0 |    1 |     0 |      0 |      0 |    0 |          0 |
|                     gen_srls[8].srl_nx1                                                               |                                  jcl_hbm_sc_0_sc_util_v1_0_4_srl_rtl_206 |          3 |          2 |       0 |    1 |     0 |      0 |      0 |    0 |          0 |
|                     gen_srls[9].srl_nx1                                                               |                                  jcl_hbm_sc_0_sc_util_v1_0_4_srl_rtl_207 |          3 |          2 |       0 |    1 |     0 |      0 |      0 |    0 |          0 |
|                   gen_srls[10].srl_nx1                                                                |                  jcl_hbm_sc_0_sc_util_v1_0_4_srl_rtl__parameterized0_130 |          1 |          0 |       0 |    1 |     0 |      0 |      0 |    0 |          0 |
|                   gen_srls[11].srl_nx1                                                                |                  jcl_hbm_sc_0_sc_util_v1_0_4_srl_rtl__parameterized0_131 |          1 |          0 |       0 |    1 |     0 |      0 |      0 |    0 |          0 |
|                   gen_srls[12].srl_nx1                                                                |                  jcl_hbm_sc_0_sc_util_v1_0_4_srl_rtl__parameterized0_132 |          1 |          0 |       0 |    1 |     0 |      0 |      0 |    0 |          0 |
|                   gen_srls[13].srl_nx1                                                                |                  jcl_hbm_sc_0_sc_util_v1_0_4_srl_rtl__parameterized0_133 |          1 |          0 |       0 |    1 |     0 |      0 |      0 |    0 |          0 |
|                   gen_srls[14].srl_nx1                                                                |                  jcl_hbm_sc_0_sc_util_v1_0_4_srl_rtl__parameterized0_134 |          1 |          0 |       0 |    1 |     0 |      0 |      0 |    0 |          0 |
|                   gen_srls[15].srl_nx1                                                                |                  jcl_hbm_sc_0_sc_util_v1_0_4_srl_rtl__parameterized0_135 |          1 |          0 |       0 |    1 |     0 |      0 |      0 |    0 |          0 |
|                   gen_srls[16].srl_nx1                                                                |                  jcl_hbm_sc_0_sc_util_v1_0_4_srl_rtl__parameterized0_136 |          1 |          0 |       0 |    1 |     0 |      0 |      0 |    0 |          0 |
|                   gen_srls[17].srl_nx1                                                                |                  jcl_hbm_sc_0_sc_util_v1_0_4_srl_rtl__parameterized0_137 |          1 |          0 |       0 |    1 |     0 |      0 |      0 |    0 |          0 |
|                   gen_srls[18].srl_nx1                                                                |                  jcl_hbm_sc_0_sc_util_v1_0_4_srl_rtl__parameterized0_138 |          1 |          0 |       0 |    1 |     0 |      0 |      0 |    0 |          0 |
|                   gen_srls[19].srl_nx1                                                                |                  jcl_hbm_sc_0_sc_util_v1_0_4_srl_rtl__parameterized0_139 |          1 |          0 |       0 |    1 |     0 |      0 |      0 |    0 |          0 |
|                   gen_srls[20].srl_nx1                                                                |                  jcl_hbm_sc_0_sc_util_v1_0_4_srl_rtl__parameterized0_140 |          1 |          0 |       0 |    1 |     0 |      0 |      0 |    0 |          0 |
|                   gen_srls[21].srl_nx1                                                                |                  jcl_hbm_sc_0_sc_util_v1_0_4_srl_rtl__parameterized0_141 |          1 |          0 |       0 |    1 |     0 |      0 |      0 |    0 |          0 |
|                   gen_srls[22].srl_nx1                                                                |                  jcl_hbm_sc_0_sc_util_v1_0_4_srl_rtl__parameterized0_142 |          1 |          0 |       0 |    1 |     0 |      0 |      0 |    0 |          0 |
|                   gen_srls[23].srl_nx1                                                                |                  jcl_hbm_sc_0_sc_util_v1_0_4_srl_rtl__parameterized0_143 |          1 |          0 |       0 |    1 |     0 |      0 |      0 |    0 |          0 |
|                   gen_srls[24].srl_nx1                                                                |                  jcl_hbm_sc_0_sc_util_v1_0_4_srl_rtl__parameterized0_144 |          1 |          0 |       0 |    1 |     0 |      0 |      0 |    0 |          0 |
|                   gen_srls[25].srl_nx1                                                                |                  jcl_hbm_sc_0_sc_util_v1_0_4_srl_rtl__parameterized0_145 |          1 |          0 |       0 |    1 |     0 |      0 |      0 |    0 |          0 |
|                   gen_srls[26].srl_nx1                                                                |                  jcl_hbm_sc_0_sc_util_v1_0_4_srl_rtl__parameterized0_146 |          1 |          0 |       0 |    1 |     0 |      0 |      0 |    0 |          0 |
|                   gen_srls[27].srl_nx1                                                                |                  jcl_hbm_sc_0_sc_util_v1_0_4_srl_rtl__parameterized0_147 |          1 |          0 |       0 |    1 |     0 |      0 |      0 |    0 |          0 |
|                   gen_srls[28].srl_nx1                                                                |                  jcl_hbm_sc_0_sc_util_v1_0_4_srl_rtl__parameterized0_148 |          1 |          0 |       0 |    1 |     0 |      0 |      0 |    0 |          0 |
|                   gen_srls[29].srl_nx1                                                                |                  jcl_hbm_sc_0_sc_util_v1_0_4_srl_rtl__parameterized0_149 |          1 |          0 |       0 |    1 |     0 |      0 |      0 |    0 |          0 |
|                   gen_srls[30].srl_nx1                                                                |                  jcl_hbm_sc_0_sc_util_v1_0_4_srl_rtl__parameterized0_150 |          1 |          0 |       0 |    1 |     0 |      0 |      0 |    0 |          0 |
|                   gen_srls[31].srl_nx1                                                                |                  jcl_hbm_sc_0_sc_util_v1_0_4_srl_rtl__parameterized0_151 |          1 |          0 |       0 |    1 |     0 |      0 |      0 |    0 |          0 |
|                   gen_srls[32].srl_nx1                                                                |                  jcl_hbm_sc_0_sc_util_v1_0_4_srl_rtl__parameterized0_152 |          1 |          0 |       0 |    1 |     0 |      0 |      0 |    0 |          0 |
|                   gen_srls[33].srl_nx1                                                                |                  jcl_hbm_sc_0_sc_util_v1_0_4_srl_rtl__parameterized0_153 |          1 |          0 |       0 |    1 |     0 |      0 |      0 |    0 |          0 |
|                   gen_srls[34].srl_nx1                                                                |                  jcl_hbm_sc_0_sc_util_v1_0_4_srl_rtl__parameterized0_154 |          1 |          0 |       0 |    1 |     0 |      0 |      0 |    0 |          0 |
|                   gen_srls[35].srl_nx1                                                                |                  jcl_hbm_sc_0_sc_util_v1_0_4_srl_rtl__parameterized0_155 |          1 |          0 |       0 |    1 |     0 |      0 |      0 |    0 |          0 |
|                   gen_srls[36].srl_nx1                                                                |                  jcl_hbm_sc_0_sc_util_v1_0_4_srl_rtl__parameterized0_156 |          1 |          0 |       0 |    1 |     0 |      0 |      0 |    0 |          0 |
|                   gen_srls[37].srl_nx1                                                                |                  jcl_hbm_sc_0_sc_util_v1_0_4_srl_rtl__parameterized0_157 |          1 |          0 |       0 |    1 |     0 |      0 |      0 |    0 |          0 |
|                   gen_srls[38].srl_nx1                                                                |                  jcl_hbm_sc_0_sc_util_v1_0_4_srl_rtl__parameterized0_158 |          1 |          0 |       0 |    1 |     0 |      0 |      0 |    0 |          0 |
|                   gen_srls[39].srl_nx1                                                                |                  jcl_hbm_sc_0_sc_util_v1_0_4_srl_rtl__parameterized0_159 |          1 |          0 |       0 |    1 |     0 |      0 |      0 |    0 |          0 |
|                   gen_srls[40].srl_nx1                                                                |                  jcl_hbm_sc_0_sc_util_v1_0_4_srl_rtl__parameterized0_160 |          1 |          0 |       0 |    1 |     0 |      0 |      0 |    0 |          0 |
|                   gen_srls[41].srl_nx1                                                                |                  jcl_hbm_sc_0_sc_util_v1_0_4_srl_rtl__parameterized0_161 |          1 |          0 |       0 |    1 |     0 |      0 |      0 |    0 |          0 |
|                   gen_srls[42].srl_nx1                                                                |                  jcl_hbm_sc_0_sc_util_v1_0_4_srl_rtl__parameterized0_162 |          1 |          0 |       0 |    1 |     0 |      0 |      0 |    0 |          0 |
|                   gen_srls[43].srl_nx1                                                                |                  jcl_hbm_sc_0_sc_util_v1_0_4_srl_rtl__parameterized0_163 |          1 |          0 |       0 |    1 |     0 |      0 |      0 |    0 |          0 |
|                   gen_srls[44].srl_nx1                                                                |                  jcl_hbm_sc_0_sc_util_v1_0_4_srl_rtl__parameterized0_164 |          1 |          0 |       0 |    1 |     0 |      0 |      0 |    0 |          0 |
|                   gen_srls[45].srl_nx1                                                                |                  jcl_hbm_sc_0_sc_util_v1_0_4_srl_rtl__parameterized0_165 |          1 |          0 |       0 |    1 |     0 |      0 |      0 |    0 |          0 |
|                   gen_srls[46].srl_nx1                                                                |                  jcl_hbm_sc_0_sc_util_v1_0_4_srl_rtl__parameterized0_166 |          1 |          0 |       0 |    1 |     0 |      0 |      0 |    0 |          0 |
|                   gen_srls[47].srl_nx1                                                                |                  jcl_hbm_sc_0_sc_util_v1_0_4_srl_rtl__parameterized0_167 |          1 |          0 |       0 |    1 |     0 |      0 |      0 |    0 |          0 |
|                   gen_srls[48].srl_nx1                                                                |                  jcl_hbm_sc_0_sc_util_v1_0_4_srl_rtl__parameterized0_168 |          1 |          0 |       0 |    1 |     0 |      0 |      0 |    0 |          0 |
|                   gen_srls[49].srl_nx1                                                                |                  jcl_hbm_sc_0_sc_util_v1_0_4_srl_rtl__parameterized0_169 |          1 |          0 |       0 |    1 |     0 |      0 |      0 |    0 |          0 |
|                   gen_srls[50].srl_nx1                                                                |                  jcl_hbm_sc_0_sc_util_v1_0_4_srl_rtl__parameterized0_170 |          1 |          0 |       0 |    1 |     0 |      0 |      0 |    0 |          0 |
|                   gen_srls[51].srl_nx1                                                                |                  jcl_hbm_sc_0_sc_util_v1_0_4_srl_rtl__parameterized0_171 |          1 |          0 |       0 |    1 |     0 |      0 |      0 |    0 |          0 |
|                   gen_srls[52].srl_nx1                                                                |                  jcl_hbm_sc_0_sc_util_v1_0_4_srl_rtl__parameterized0_172 |          1 |          0 |       0 |    1 |     0 |      0 |      0 |    0 |          0 |
|                   gen_srls[53].srl_nx1                                                                |                  jcl_hbm_sc_0_sc_util_v1_0_4_srl_rtl__parameterized0_173 |          1 |          0 |       0 |    1 |     0 |      0 |      0 |    0 |          0 |
|                   gen_srls[54].srl_nx1                                                                |                  jcl_hbm_sc_0_sc_util_v1_0_4_srl_rtl__parameterized0_174 |          1 |          0 |       0 |    1 |     0 |      0 |      0 |    0 |          0 |
|                   gen_srls[55].srl_nx1                                                                |                  jcl_hbm_sc_0_sc_util_v1_0_4_srl_rtl__parameterized0_175 |          1 |          0 |       0 |    1 |     0 |      0 |      0 |    0 |          0 |
|                   gen_srls[56].srl_nx1                                                                |                  jcl_hbm_sc_0_sc_util_v1_0_4_srl_rtl__parameterized0_176 |          1 |          0 |       0 |    1 |     0 |      0 |      0 |    0 |          0 |
|                   gen_srls[57].srl_nx1                                                                |                  jcl_hbm_sc_0_sc_util_v1_0_4_srl_rtl__parameterized0_177 |          1 |          0 |       0 |    1 |     0 |      0 |      0 |    0 |          0 |
|                   gen_srls[58].srl_nx1                                                                |                  jcl_hbm_sc_0_sc_util_v1_0_4_srl_rtl__parameterized0_178 |          1 |          0 |       0 |    1 |     0 |      0 |      0 |    0 |          0 |
|                   gen_srls[59].srl_nx1                                                                |                  jcl_hbm_sc_0_sc_util_v1_0_4_srl_rtl__parameterized0_179 |          1 |          0 |       0 |    1 |     0 |      0 |      0 |    0 |          0 |
|                   gen_srls[60].srl_nx1                                                                |                  jcl_hbm_sc_0_sc_util_v1_0_4_srl_rtl__parameterized0_180 |          1 |          0 |       0 |    1 |     0 |      0 |      0 |    0 |          0 |
|                   gen_srls[61].srl_nx1                                                                |                  jcl_hbm_sc_0_sc_util_v1_0_4_srl_rtl__parameterized0_181 |          1 |          0 |       0 |    1 |     0 |      0 |      0 |    0 |          0 |
|                   gen_srls[62].srl_nx1                                                                |                  jcl_hbm_sc_0_sc_util_v1_0_4_srl_rtl__parameterized0_182 |          1 |          0 |       0 |    1 |     0 |      0 |      0 |    0 |          0 |
|                   gen_srls[63].srl_nx1                                                                |                  jcl_hbm_sc_0_sc_util_v1_0_4_srl_rtl__parameterized0_183 |          1 |          0 |       0 |    1 |     0 |      0 |      0 |    0 |          0 |
|                   gen_srls[64].srl_nx1                                                                |                  jcl_hbm_sc_0_sc_util_v1_0_4_srl_rtl__parameterized0_184 |          1 |          0 |       0 |    1 |     0 |      0 |      0 |    0 |          0 |
|                   gen_srls[65].srl_nx1                                                                |                  jcl_hbm_sc_0_sc_util_v1_0_4_srl_rtl__parameterized0_185 |          1 |          0 |       0 |    1 |     0 |      0 |      0 |    0 |          0 |
|                   gen_srls[66].srl_nx1                                                                |                  jcl_hbm_sc_0_sc_util_v1_0_4_srl_rtl__parameterized0_186 |          1 |          0 |       0 |    1 |     0 |      0 |      0 |    0 |          0 |
|                   gen_srls[67].srl_nx1                                                                |                  jcl_hbm_sc_0_sc_util_v1_0_4_srl_rtl__parameterized0_187 |          1 |          0 |       0 |    1 |     0 |      0 |      0 |    0 |          0 |
|                   gen_srls[68].srl_nx1                                                                |                  jcl_hbm_sc_0_sc_util_v1_0_4_srl_rtl__parameterized0_188 |          1 |          0 |       0 |    1 |     0 |      0 |      0 |    0 |          0 |
|                   gen_srls[69].srl_nx1                                                                |                  jcl_hbm_sc_0_sc_util_v1_0_4_srl_rtl__parameterized0_189 |          1 |          0 |       0 |    1 |     0 |      0 |      0 |    0 |          0 |
|                   gen_srls[70].srl_nx1                                                                |                  jcl_hbm_sc_0_sc_util_v1_0_4_srl_rtl__parameterized0_190 |          1 |          0 |       0 |    1 |     0 |      0 |      0 |    0 |          0 |
|                   gen_srls[71].srl_nx1                                                                |                  jcl_hbm_sc_0_sc_util_v1_0_4_srl_rtl__parameterized0_191 |          1 |          0 |       0 |    1 |     0 |      0 |      0 |    0 |          0 |
|                   gen_srls[73].srl_nx1                                                                |                  jcl_hbm_sc_0_sc_util_v1_0_4_srl_rtl__parameterized0_192 |          1 |          0 |       0 |    1 |     0 |      0 |      0 |    0 |          0 |
|                   gen_srls[74].srl_nx1                                                                |                  jcl_hbm_sc_0_sc_util_v1_0_4_srl_rtl__parameterized0_193 |          6 |          5 |       0 |    1 |     0 |      0 |      0 |    0 |          0 |
|                   gen_srls[8].srl_nx1                                                                 |                  jcl_hbm_sc_0_sc_util_v1_0_4_srl_rtl__parameterized0_194 |          2 |          1 |       0 |    1 |     0 |      0 |      0 |    0 |          0 |
|                   gen_srls[9].srl_nx1                                                                 |                  jcl_hbm_sc_0_sc_util_v1_0_4_srl_rtl__parameterized0_195 |          1 |          0 |       0 |    1 |     0 |      0 |      0 |    0 |          0 |
|                 w_cmd_fifo                                                                            |            jcl_hbm_sc_0_sc_util_v1_0_4_axic_reg_srl_fifo__parameterized7 |        122 |        104 |       0 |   18 |    26 |      0 |      0 |    0 |          0 |
|                   (w_cmd_fifo)                                                                        |            jcl_hbm_sc_0_sc_util_v1_0_4_axic_reg_srl_fifo__parameterized7 |         78 |         78 |       0 |    0 |    26 |      0 |      0 |    0 |          0 |
|                   gen_srls[0].srl_nx1                                                                 |                                  jcl_hbm_sc_0_sc_util_v1_0_4_srl_rtl_111 |          2 |          1 |       0 |    1 |     0 |      0 |      0 |    0 |          0 |
|                   gen_srls[10].srl_nx1                                                                |                                  jcl_hbm_sc_0_sc_util_v1_0_4_srl_rtl_112 |          2 |          1 |       0 |    1 |     0 |      0 |      0 |    0 |          0 |
|                   gen_srls[11].srl_nx1                                                                |                                  jcl_hbm_sc_0_sc_util_v1_0_4_srl_rtl_113 |          2 |          1 |       0 |    1 |     0 |      0 |      0 |    0 |          0 |
|                   gen_srls[12].srl_nx1                                                                |                                  jcl_hbm_sc_0_sc_util_v1_0_4_srl_rtl_114 |          4 |          3 |       0 |    1 |     0 |      0 |      0 |    0 |          0 |
|                   gen_srls[13].srl_nx1                                                                |                                  jcl_hbm_sc_0_sc_util_v1_0_4_srl_rtl_115 |          3 |          2 |       0 |    1 |     0 |      0 |      0 |    0 |          0 |
|                   gen_srls[14].srl_nx1                                                                |                                  jcl_hbm_sc_0_sc_util_v1_0_4_srl_rtl_116 |          4 |          3 |       0 |    1 |     0 |      0 |      0 |    0 |          0 |
|                   gen_srls[15].srl_nx1                                                                |                                  jcl_hbm_sc_0_sc_util_v1_0_4_srl_rtl_117 |          3 |          2 |       0 |    1 |     0 |      0 |      0 |    0 |          0 |
|                   gen_srls[16].srl_nx1                                                                |                                  jcl_hbm_sc_0_sc_util_v1_0_4_srl_rtl_118 |          3 |          2 |       0 |    1 |     0 |      0 |      0 |    0 |          0 |
|                   gen_srls[17].srl_nx1                                                                |                                  jcl_hbm_sc_0_sc_util_v1_0_4_srl_rtl_119 |          4 |          3 |       0 |    1 |     0 |      0 |      0 |    0 |          0 |
|                   gen_srls[1].srl_nx1                                                                 |                                  jcl_hbm_sc_0_sc_util_v1_0_4_srl_rtl_120 |          2 |          1 |       0 |    1 |     0 |      0 |      0 |    0 |          0 |
|                   gen_srls[2].srl_nx1                                                                 |                                  jcl_hbm_sc_0_sc_util_v1_0_4_srl_rtl_121 |          2 |          1 |       0 |    1 |     0 |      0 |      0 |    0 |          0 |
|                   gen_srls[3].srl_nx1                                                                 |                                  jcl_hbm_sc_0_sc_util_v1_0_4_srl_rtl_122 |          2 |          1 |       0 |    1 |     0 |      0 |      0 |    0 |          0 |
|                   gen_srls[4].srl_nx1                                                                 |                                  jcl_hbm_sc_0_sc_util_v1_0_4_srl_rtl_123 |          2 |          1 |       0 |    1 |     0 |      0 |      0 |    0 |          0 |
|                   gen_srls[5].srl_nx1                                                                 |                                  jcl_hbm_sc_0_sc_util_v1_0_4_srl_rtl_124 |          2 |          1 |       0 |    1 |     0 |      0 |      0 |    0 |          0 |
|                   gen_srls[6].srl_nx1                                                                 |                                  jcl_hbm_sc_0_sc_util_v1_0_4_srl_rtl_125 |          2 |          1 |       0 |    1 |     0 |      0 |      0 |    0 |          0 |
|                   gen_srls[7].srl_nx1                                                                 |                                  jcl_hbm_sc_0_sc_util_v1_0_4_srl_rtl_126 |          2 |          1 |       0 |    1 |     0 |      0 |      0 |    0 |          0 |
|                   gen_srls[8].srl_nx1                                                                 |                                  jcl_hbm_sc_0_sc_util_v1_0_4_srl_rtl_127 |          2 |          1 |       0 |    1 |     0 |      0 |      0 |    0 |          0 |
|                   gen_srls[9].srl_nx1                                                                 |                                  jcl_hbm_sc_0_sc_util_v1_0_4_srl_rtl_128 |          2 |          1 |       0 |    1 |     0 |      0 |      0 |    0 |          0 |
|                 w_payld_fifo                                                                          |         jcl_hbm_sc_0_sc_si_converter_v1_0_12_offset_fifo__parameterized0 |        234 |        150 |       0 |   84 |   127 |      0 |      0 |    0 |          0 |
|                   (w_payld_fifo)                                                                      |         jcl_hbm_sc_0_sc_si_converter_v1_0_12_offset_fifo__parameterized0 |         44 |         44 |       0 |    0 |   107 |      0 |      0 |    0 |          0 |
|                   cmd_fifo                                                                            |            jcl_hbm_sc_0_sc_util_v1_0_4_axic_reg_srl_fifo__parameterized6 |        114 |        102 |       0 |   12 |    20 |      0 |      0 |    0 |          0 |
|                     (cmd_fifo)                                                                        |            jcl_hbm_sc_0_sc_util_v1_0_4_axic_reg_srl_fifo__parameterized6 |         45 |         45 |       0 |    0 |    20 |      0 |      0 |    0 |          0 |
|                     gen_srls[0].srl_nx1                                                               |                                   jcl_hbm_sc_0_sc_util_v1_0_4_srl_rtl_99 |          7 |          6 |       0 |    1 |     0 |      0 |      0 |    0 |          0 |
|                     gen_srls[10].srl_nx1                                                              |                                  jcl_hbm_sc_0_sc_util_v1_0_4_srl_rtl_100 |          6 |          5 |       0 |    1 |     0 |      0 |      0 |    0 |          0 |
|                     gen_srls[11].srl_nx1                                                              |                                  jcl_hbm_sc_0_sc_util_v1_0_4_srl_rtl_101 |         14 |         13 |       0 |    1 |     0 |      0 |      0 |    0 |          0 |
|                     gen_srls[1].srl_nx1                                                               |                                  jcl_hbm_sc_0_sc_util_v1_0_4_srl_rtl_102 |          3 |          2 |       0 |    1 |     0 |      0 |      0 |    0 |          0 |
|                     gen_srls[2].srl_nx1                                                               |                                  jcl_hbm_sc_0_sc_util_v1_0_4_srl_rtl_103 |          7 |          6 |       0 |    1 |     0 |      0 |      0 |    0 |          0 |
|                     gen_srls[3].srl_nx1                                                               |                                  jcl_hbm_sc_0_sc_util_v1_0_4_srl_rtl_104 |          6 |          5 |       0 |    1 |     0 |      0 |      0 |    0 |          0 |
|                     gen_srls[4].srl_nx1                                                               |                                  jcl_hbm_sc_0_sc_util_v1_0_4_srl_rtl_105 |          5 |          4 |       0 |    1 |     0 |      0 |      0 |    0 |          0 |
|                     gen_srls[5].srl_nx1                                                               |                                  jcl_hbm_sc_0_sc_util_v1_0_4_srl_rtl_106 |          8 |          7 |       0 |    1 |     0 |      0 |      0 |    0 |          0 |
|                     gen_srls[6].srl_nx1                                                               |                                  jcl_hbm_sc_0_sc_util_v1_0_4_srl_rtl_107 |          4 |          3 |       0 |    1 |     0 |      0 |      0 |    0 |          0 |
|                     gen_srls[7].srl_nx1                                                               |                                  jcl_hbm_sc_0_sc_util_v1_0_4_srl_rtl_108 |          5 |          4 |       0 |    1 |     0 |      0 |      0 |    0 |          0 |
|                     gen_srls[8].srl_nx1                                                               |                                  jcl_hbm_sc_0_sc_util_v1_0_4_srl_rtl_109 |          5 |          4 |       0 |    1 |     0 |      0 |      0 |    0 |          0 |
|                     gen_srls[9].srl_nx1                                                               |                                  jcl_hbm_sc_0_sc_util_v1_0_4_srl_rtl_110 |          4 |          3 |       0 |    1 |     0 |      0 |      0 |    0 |          0 |
|                   gen_srls[100].srl_nx1                                                               |                      jcl_hbm_sc_0_sc_util_v1_0_4_srl_rtl__parameterized0 |          1 |          0 |       0 |    1 |     0 |      0 |      0 |    0 |          0 |
|                   gen_srls[101].srl_nx1                                                               |                   jcl_hbm_sc_0_sc_util_v1_0_4_srl_rtl__parameterized0_28 |          1 |          0 |       0 |    1 |     0 |      0 |      0 |    0 |          0 |
|                   gen_srls[102].srl_nx1                                                               |                   jcl_hbm_sc_0_sc_util_v1_0_4_srl_rtl__parameterized0_29 |          1 |          0 |       0 |    1 |     0 |      0 |      0 |    0 |          0 |
|                   gen_srls[103].srl_nx1                                                               |                   jcl_hbm_sc_0_sc_util_v1_0_4_srl_rtl__parameterized0_30 |          1 |          0 |       0 |    1 |     0 |      0 |      0 |    0 |          0 |
|                   gen_srls[104].srl_nx1                                                               |                   jcl_hbm_sc_0_sc_util_v1_0_4_srl_rtl__parameterized0_31 |          1 |          0 |       0 |    1 |     0 |      0 |      0 |    0 |          0 |
|                   gen_srls[105].srl_nx1                                                               |                   jcl_hbm_sc_0_sc_util_v1_0_4_srl_rtl__parameterized0_32 |          1 |          0 |       0 |    1 |     0 |      0 |      0 |    0 |          0 |
|                   gen_srls[106].srl_nx1                                                               |                   jcl_hbm_sc_0_sc_util_v1_0_4_srl_rtl__parameterized0_33 |          1 |          0 |       0 |    1 |     0 |      0 |      0 |    0 |          0 |
|                   gen_srls[107].srl_nx1                                                               |                   jcl_hbm_sc_0_sc_util_v1_0_4_srl_rtl__parameterized0_34 |          1 |          0 |       0 |    1 |     0 |      0 |      0 |    0 |          0 |
|                   gen_srls[108].srl_nx1                                                               |                   jcl_hbm_sc_0_sc_util_v1_0_4_srl_rtl__parameterized0_35 |          1 |          0 |       0 |    1 |     0 |      0 |      0 |    0 |          0 |
|                   gen_srls[109].srl_nx1                                                               |                   jcl_hbm_sc_0_sc_util_v1_0_4_srl_rtl__parameterized0_36 |          1 |          0 |       0 |    1 |     0 |      0 |      0 |    0 |          0 |
|                   gen_srls[110].srl_nx1                                                               |                   jcl_hbm_sc_0_sc_util_v1_0_4_srl_rtl__parameterized0_37 |          1 |          0 |       0 |    1 |     0 |      0 |      0 |    0 |          0 |
|                   gen_srls[111].srl_nx1                                                               |                   jcl_hbm_sc_0_sc_util_v1_0_4_srl_rtl__parameterized0_38 |          1 |          0 |       0 |    1 |     0 |      0 |      0 |    0 |          0 |
|                   gen_srls[112].srl_nx1                                                               |                   jcl_hbm_sc_0_sc_util_v1_0_4_srl_rtl__parameterized0_39 |          1 |          0 |       0 |    1 |     0 |      0 |      0 |    0 |          0 |
|                   gen_srls[113].srl_nx1                                                               |                   jcl_hbm_sc_0_sc_util_v1_0_4_srl_rtl__parameterized0_40 |          1 |          0 |       0 |    1 |     0 |      0 |      0 |    0 |          0 |
|                   gen_srls[114].srl_nx1                                                               |                   jcl_hbm_sc_0_sc_util_v1_0_4_srl_rtl__parameterized0_41 |          1 |          0 |       0 |    1 |     0 |      0 |      0 |    0 |          0 |
|                   gen_srls[115].srl_nx1                                                               |                   jcl_hbm_sc_0_sc_util_v1_0_4_srl_rtl__parameterized0_42 |          1 |          0 |       0 |    1 |     0 |      0 |      0 |    0 |          0 |
|                   gen_srls[116].srl_nx1                                                               |                   jcl_hbm_sc_0_sc_util_v1_0_4_srl_rtl__parameterized0_43 |          1 |          0 |       0 |    1 |     0 |      0 |      0 |    0 |          0 |
|                   gen_srls[117].srl_nx1                                                               |                   jcl_hbm_sc_0_sc_util_v1_0_4_srl_rtl__parameterized0_44 |          1 |          0 |       0 |    1 |     0 |      0 |      0 |    0 |          0 |
|                   gen_srls[118].srl_nx1                                                               |                   jcl_hbm_sc_0_sc_util_v1_0_4_srl_rtl__parameterized0_45 |          1 |          0 |       0 |    1 |     0 |      0 |      0 |    0 |          0 |
|                   gen_srls[119].srl_nx1                                                               |                   jcl_hbm_sc_0_sc_util_v1_0_4_srl_rtl__parameterized0_46 |          1 |          0 |       0 |    1 |     0 |      0 |      0 |    0 |          0 |
|                   gen_srls[120].srl_nx1                                                               |                   jcl_hbm_sc_0_sc_util_v1_0_4_srl_rtl__parameterized0_47 |          1 |          0 |       0 |    1 |     0 |      0 |      0 |    0 |          0 |
|                   gen_srls[121].srl_nx1                                                               |                   jcl_hbm_sc_0_sc_util_v1_0_4_srl_rtl__parameterized0_48 |          1 |          0 |       0 |    1 |     0 |      0 |      0 |    0 |          0 |
|                   gen_srls[122].srl_nx1                                                               |                   jcl_hbm_sc_0_sc_util_v1_0_4_srl_rtl__parameterized0_49 |          1 |          0 |       0 |    1 |     0 |      0 |      0 |    0 |          0 |
|                   gen_srls[123].srl_nx1                                                               |                   jcl_hbm_sc_0_sc_util_v1_0_4_srl_rtl__parameterized0_50 |          1 |          0 |       0 |    1 |     0 |      0 |      0 |    0 |          0 |
|                   gen_srls[124].srl_nx1                                                               |                   jcl_hbm_sc_0_sc_util_v1_0_4_srl_rtl__parameterized0_51 |          1 |          0 |       0 |    1 |     0 |      0 |      0 |    0 |          0 |
|                   gen_srls[125].srl_nx1                                                               |                   jcl_hbm_sc_0_sc_util_v1_0_4_srl_rtl__parameterized0_52 |          1 |          0 |       0 |    1 |     0 |      0 |      0 |    0 |          0 |
|                   gen_srls[126].srl_nx1                                                               |                   jcl_hbm_sc_0_sc_util_v1_0_4_srl_rtl__parameterized0_53 |          1 |          0 |       0 |    1 |     0 |      0 |      0 |    0 |          0 |
|                   gen_srls[127].srl_nx1                                                               |                   jcl_hbm_sc_0_sc_util_v1_0_4_srl_rtl__parameterized0_54 |          1 |          0 |       0 |    1 |     0 |      0 |      0 |    0 |          0 |
|                   gen_srls[128].srl_nx1                                                               |                   jcl_hbm_sc_0_sc_util_v1_0_4_srl_rtl__parameterized0_55 |          1 |          0 |       0 |    1 |     0 |      0 |      0 |    0 |          0 |
|                   gen_srls[129].srl_nx1                                                               |                   jcl_hbm_sc_0_sc_util_v1_0_4_srl_rtl__parameterized0_56 |          1 |          0 |       0 |    1 |     0 |      0 |      0 |    0 |          0 |
|                   gen_srls[130].srl_nx1                                                               |                   jcl_hbm_sc_0_sc_util_v1_0_4_srl_rtl__parameterized0_57 |          1 |          0 |       0 |    1 |     0 |      0 |      0 |    0 |          0 |
|                   gen_srls[131].srl_nx1                                                               |                   jcl_hbm_sc_0_sc_util_v1_0_4_srl_rtl__parameterized0_58 |          1 |          0 |       0 |    1 |     0 |      0 |      0 |    0 |          0 |
|                   gen_srls[132].srl_nx1                                                               |                   jcl_hbm_sc_0_sc_util_v1_0_4_srl_rtl__parameterized0_59 |          1 |          0 |       0 |    1 |     0 |      0 |      0 |    0 |          0 |
|                   gen_srls[133].srl_nx1                                                               |                   jcl_hbm_sc_0_sc_util_v1_0_4_srl_rtl__parameterized0_60 |          1 |          0 |       0 |    1 |     0 |      0 |      0 |    0 |          0 |
|                   gen_srls[134].srl_nx1                                                               |                   jcl_hbm_sc_0_sc_util_v1_0_4_srl_rtl__parameterized0_61 |          1 |          0 |       0 |    1 |     0 |      0 |      0 |    0 |          0 |
|                   gen_srls[135].srl_nx1                                                               |                   jcl_hbm_sc_0_sc_util_v1_0_4_srl_rtl__parameterized0_62 |          1 |          0 |       0 |    1 |     0 |      0 |      0 |    0 |          0 |
|                   gen_srls[136].srl_nx1                                                               |                   jcl_hbm_sc_0_sc_util_v1_0_4_srl_rtl__parameterized0_63 |          1 |          0 |       0 |    1 |     0 |      0 |      0 |    0 |          0 |
|                   gen_srls[137].srl_nx1                                                               |                   jcl_hbm_sc_0_sc_util_v1_0_4_srl_rtl__parameterized0_64 |          1 |          0 |       0 |    1 |     0 |      0 |      0 |    0 |          0 |
|                   gen_srls[138].srl_nx1                                                               |                   jcl_hbm_sc_0_sc_util_v1_0_4_srl_rtl__parameterized0_65 |          1 |          0 |       0 |    1 |     0 |      0 |      0 |    0 |          0 |
|                   gen_srls[139].srl_nx1                                                               |                   jcl_hbm_sc_0_sc_util_v1_0_4_srl_rtl__parameterized0_66 |          1 |          0 |       0 |    1 |     0 |      0 |      0 |    0 |          0 |
|                   gen_srls[140].srl_nx1                                                               |                   jcl_hbm_sc_0_sc_util_v1_0_4_srl_rtl__parameterized0_67 |          1 |          0 |       0 |    1 |     0 |      0 |      0 |    0 |          0 |
|                   gen_srls[141].srl_nx1                                                               |                   jcl_hbm_sc_0_sc_util_v1_0_4_srl_rtl__parameterized0_68 |          1 |          0 |       0 |    1 |     0 |      0 |      0 |    0 |          0 |
|                   gen_srls[142].srl_nx1                                                               |                   jcl_hbm_sc_0_sc_util_v1_0_4_srl_rtl__parameterized0_69 |          1 |          0 |       0 |    1 |     0 |      0 |      0 |    0 |          0 |
|                   gen_srls[143].srl_nx1                                                               |                   jcl_hbm_sc_0_sc_util_v1_0_4_srl_rtl__parameterized0_70 |          6 |          5 |       0 |    1 |     0 |      0 |      0 |    0 |          0 |
|                   gen_srls[72].srl_nx1                                                                |                   jcl_hbm_sc_0_sc_util_v1_0_4_srl_rtl__parameterized0_71 |          2 |          1 |       0 |    1 |     0 |      0 |      0 |    0 |          0 |
|                   gen_srls[73].srl_nx1                                                                |                   jcl_hbm_sc_0_sc_util_v1_0_4_srl_rtl__parameterized0_72 |          1 |          0 |       0 |    1 |     0 |      0 |      0 |    0 |          0 |
|                   gen_srls[74].srl_nx1                                                                |                   jcl_hbm_sc_0_sc_util_v1_0_4_srl_rtl__parameterized0_73 |          1 |          0 |       0 |    1 |     0 |      0 |      0 |    0 |          0 |
|                   gen_srls[75].srl_nx1                                                                |                   jcl_hbm_sc_0_sc_util_v1_0_4_srl_rtl__parameterized0_74 |          1 |          0 |       0 |    1 |     0 |      0 |      0 |    0 |          0 |
|                   gen_srls[76].srl_nx1                                                                |                   jcl_hbm_sc_0_sc_util_v1_0_4_srl_rtl__parameterized0_75 |          1 |          0 |       0 |    1 |     0 |      0 |      0 |    0 |          0 |
|                   gen_srls[77].srl_nx1                                                                |                   jcl_hbm_sc_0_sc_util_v1_0_4_srl_rtl__parameterized0_76 |          1 |          0 |       0 |    1 |     0 |      0 |      0 |    0 |          0 |
|                   gen_srls[78].srl_nx1                                                                |                   jcl_hbm_sc_0_sc_util_v1_0_4_srl_rtl__parameterized0_77 |          1 |          0 |       0 |    1 |     0 |      0 |      0 |    0 |          0 |
|                   gen_srls[79].srl_nx1                                                                |                   jcl_hbm_sc_0_sc_util_v1_0_4_srl_rtl__parameterized0_78 |          1 |          0 |       0 |    1 |     0 |      0 |      0 |    0 |          0 |
|                   gen_srls[80].srl_nx1                                                                |                   jcl_hbm_sc_0_sc_util_v1_0_4_srl_rtl__parameterized0_79 |          1 |          0 |       0 |    1 |     0 |      0 |      0 |    0 |          0 |
|                   gen_srls[81].srl_nx1                                                                |                   jcl_hbm_sc_0_sc_util_v1_0_4_srl_rtl__parameterized0_80 |          1 |          0 |       0 |    1 |     0 |      0 |      0 |    0 |          0 |
|                   gen_srls[82].srl_nx1                                                                |                   jcl_hbm_sc_0_sc_util_v1_0_4_srl_rtl__parameterized0_81 |          1 |          0 |       0 |    1 |     0 |      0 |      0 |    0 |          0 |
|                   gen_srls[83].srl_nx1                                                                |                   jcl_hbm_sc_0_sc_util_v1_0_4_srl_rtl__parameterized0_82 |          1 |          0 |       0 |    1 |     0 |      0 |      0 |    0 |          0 |
|                   gen_srls[84].srl_nx1                                                                |                   jcl_hbm_sc_0_sc_util_v1_0_4_srl_rtl__parameterized0_83 |          1 |          0 |       0 |    1 |     0 |      0 |      0 |    0 |          0 |
|                   gen_srls[85].srl_nx1                                                                |                   jcl_hbm_sc_0_sc_util_v1_0_4_srl_rtl__parameterized0_84 |          1 |          0 |       0 |    1 |     0 |      0 |      0 |    0 |          0 |
|                   gen_srls[86].srl_nx1                                                                |                   jcl_hbm_sc_0_sc_util_v1_0_4_srl_rtl__parameterized0_85 |          1 |          0 |       0 |    1 |     0 |      0 |      0 |    0 |          0 |
|                   gen_srls[87].srl_nx1                                                                |                   jcl_hbm_sc_0_sc_util_v1_0_4_srl_rtl__parameterized0_86 |          1 |          0 |       0 |    1 |     0 |      0 |      0 |    0 |          0 |
|                   gen_srls[88].srl_nx1                                                                |                   jcl_hbm_sc_0_sc_util_v1_0_4_srl_rtl__parameterized0_87 |          1 |          0 |       0 |    1 |     0 |      0 |      0 |    0 |          0 |
|                   gen_srls[89].srl_nx1                                                                |                   jcl_hbm_sc_0_sc_util_v1_0_4_srl_rtl__parameterized0_88 |          1 |          0 |       0 |    1 |     0 |      0 |      0 |    0 |          0 |
|                   gen_srls[90].srl_nx1                                                                |                   jcl_hbm_sc_0_sc_util_v1_0_4_srl_rtl__parameterized0_89 |          1 |          0 |       0 |    1 |     0 |      0 |      0 |    0 |          0 |
|                   gen_srls[91].srl_nx1                                                                |                   jcl_hbm_sc_0_sc_util_v1_0_4_srl_rtl__parameterized0_90 |          1 |          0 |       0 |    1 |     0 |      0 |      0 |    0 |          0 |
|                   gen_srls[92].srl_nx1                                                                |                   jcl_hbm_sc_0_sc_util_v1_0_4_srl_rtl__parameterized0_91 |          1 |          0 |       0 |    1 |     0 |      0 |      0 |    0 |          0 |
|                   gen_srls[93].srl_nx1                                                                |                   jcl_hbm_sc_0_sc_util_v1_0_4_srl_rtl__parameterized0_92 |          1 |          0 |       0 |    1 |     0 |      0 |      0 |    0 |          0 |
|                   gen_srls[94].srl_nx1                                                                |                   jcl_hbm_sc_0_sc_util_v1_0_4_srl_rtl__parameterized0_93 |          1 |          0 |       0 |    1 |     0 |      0 |      0 |    0 |          0 |
|                   gen_srls[95].srl_nx1                                                                |                   jcl_hbm_sc_0_sc_util_v1_0_4_srl_rtl__parameterized0_94 |          1 |          0 |       0 |    1 |     0 |      0 |      0 |    0 |          0 |
|                   gen_srls[96].srl_nx1                                                                |                   jcl_hbm_sc_0_sc_util_v1_0_4_srl_rtl__parameterized0_95 |          1 |          0 |       0 |    1 |     0 |      0 |      0 |    0 |          0 |
|                   gen_srls[97].srl_nx1                                                                |                   jcl_hbm_sc_0_sc_util_v1_0_4_srl_rtl__parameterized0_96 |          1 |          0 |       0 |    1 |     0 |      0 |      0 |    0 |          0 |
|                   gen_srls[98].srl_nx1                                                                |                   jcl_hbm_sc_0_sc_util_v1_0_4_srl_rtl__parameterized0_97 |          1 |          0 |       0 |    1 |     0 |      0 |      0 |    0 |          0 |
|                   gen_srls[99].srl_nx1                                                                |                   jcl_hbm_sc_0_sc_util_v1_0_4_srl_rtl__parameterized0_98 |          1 |          0 |       0 |    1 |     0 |      0 |      0 |    0 |          0 |
|               gen_normal.splitter_inst                                                                |                            jcl_hbm_sc_0_sc_si_converter_v1_0_12_splitter |         31 |         24 |       0 |    7 |    16 |      0 |      0 |    0 |          0 |
|                 (gen_normal.splitter_inst)                                                            |                            jcl_hbm_sc_0_sc_si_converter_v1_0_12_splitter |          0 |          0 |       0 |    0 |     1 |      0 |      0 |    0 |          0 |
|                 gen_no_wsplitter.gen_endpoint_woffset.gen_wbypass_offset_fifo.wbypass_offset_fifo     |            jcl_hbm_sc_0_sc_util_v1_0_4_axic_reg_srl_fifo__parameterized4 |         31 |         24 |       0 |    7 |    15 |      0 |      0 |    0 |          0 |
|                   (gen_no_wsplitter.gen_endpoint_woffset.gen_wbypass_offset_fifo.wbypass_offset_fifo) |            jcl_hbm_sc_0_sc_util_v1_0_4_axic_reg_srl_fifo__parameterized4 |         17 |         17 |       0 |    0 |    15 |      0 |      0 |    0 |          0 |
|                   gen_srls[0].srl_nx1                                                                 |                                   jcl_hbm_sc_0_sc_util_v1_0_4_srl_rtl_20 |          2 |          1 |       0 |    1 |     0 |      0 |      0 |    0 |          0 |
|                   gen_srls[10].srl_nx1                                                                |                                   jcl_hbm_sc_0_sc_util_v1_0_4_srl_rtl_21 |          2 |          1 |       0 |    1 |     0 |      0 |      0 |    0 |          0 |
|                   gen_srls[11].srl_nx1                                                                |                                   jcl_hbm_sc_0_sc_util_v1_0_4_srl_rtl_22 |          3 |          2 |       0 |    1 |     0 |      0 |      0 |    0 |          0 |
|                   gen_srls[3].srl_nx1                                                                 |                                   jcl_hbm_sc_0_sc_util_v1_0_4_srl_rtl_23 |          2 |          1 |       0 |    1 |     0 |      0 |      0 |    0 |          0 |
|                   gen_srls[4].srl_nx1                                                                 |                                   jcl_hbm_sc_0_sc_util_v1_0_4_srl_rtl_24 |          2 |          1 |       0 |    1 |     0 |      0 |      0 |    0 |          0 |
|                   gen_srls[6].srl_nx1                                                                 |                                   jcl_hbm_sc_0_sc_util_v1_0_4_srl_rtl_25 |          2 |          1 |       0 |    1 |     0 |      0 |      0 |    0 |          0 |
|                   gen_srls[7].srl_nx1                                                                 |                                   jcl_hbm_sc_0_sc_util_v1_0_4_srl_rtl_26 |          2 |          1 |       0 |    1 |     0 |      0 |      0 |    0 |          0 |
|               xpm_cdc_async_rst_inst                                                                  |                                        jcl_hbm_sc_0_xpm_cdc_async_rst__2 |          0 |          0 |       0 |    0 |     3 |      0 |      0 |    0 |          0 |
|           s00_transaction_regulator                                                                   |                                             jcl_hbm_sc_0_bd_291c_s00tr_0 |         28 |         28 |       0 |    0 |    20 |      0 |      0 |    0 |          0 |
|             inst                                                                                      |                        jcl_hbm_sc_0_sc_transaction_regulator_v1_0_10_top |         28 |         28 |       0 |    0 |    20 |      0 |      0 |    0 |          0 |
|               (inst)                                                                                  |                        jcl_hbm_sc_0_sc_transaction_regulator_v1_0_10_top |          1 |          1 |       0 |    0 |     1 |      0 |      0 |    0 |          0 |
|               gen_endpoint.gen_r_singleorder.r_singleorder                                            |                jcl_hbm_sc_0_sc_transaction_regulator_v1_0_10_singleorder |         14 |         14 |       0 |    0 |     8 |      0 |      0 |    0 |          0 |
|                 gen_id_fifo.singleorder_fifo                                                          |                         jcl_hbm_sc_0_sc_util_v1_0_4_axic_reg_srl_fifo_18 |         14 |         14 |       0 |    0 |     8 |      0 |      0 |    0 |          0 |
|               gen_endpoint.gen_w_singleorder.w_singleorder                                            |             jcl_hbm_sc_0_sc_transaction_regulator_v1_0_10_singleorder_17 |         13 |         13 |       0 |    0 |     8 |      0 |      0 |    0 |          0 |
|                 gen_id_fifo.singleorder_fifo                                                          |                            jcl_hbm_sc_0_sc_util_v1_0_4_axic_reg_srl_fifo |         13 |         13 |       0 |    0 |     8 |      0 |      0 |    0 |          0 |
|               xpm_cdc_async_rst_inst                                                                  |                                        jcl_hbm_sc_0_xpm_cdc_async_rst__1 |          0 |          0 |       0 |    0 |     3 |      0 |      0 |    0 |          0 |
|         s00_nodes                                                                                     |                                        jcl_hbm_sc_0_s00_nodes_imp_AT0WRH |        745 |        305 |     440 |    0 |  1135 |      0 |      0 |    0 |          0 |
|           s00_ar_node                                                                                 |                                              jcl_hbm_sc_0_bd_291c_sarn_0 |         86 |         38 |      48 |    0 |    85 |      0 |      0 |    0 |          0 |
|             inst                                                                                      |                                         jcl_hbm_sc_0_sc_node_v1_0_15_top |         86 |         38 |      48 |    0 |    85 |      0 |      0 |    0 |          0 |
|               (inst)                                                                                  |                                         jcl_hbm_sc_0_sc_node_v1_0_15_top |          3 |          3 |       0 |    0 |     1 |      0 |      0 |    0 |          0 |
|               inst_mi_handler                                                                         |                                  jcl_hbm_sc_0_sc_node_v1_0_15_mi_handler |         83 |         35 |      48 |    0 |    80 |      0 |      0 |    0 |          0 |
|                 (inst_mi_handler)                                                                     |                                  jcl_hbm_sc_0_sc_node_v1_0_15_mi_handler |          0 |          0 |       0 |    0 |     2 |      0 |      0 |    0 |          0 |
|                 gen_normal_area.inst_fifo_node_payld                                                  |                             jcl_hbm_sc_0_sc_node_v1_0_15_fifo__xdcDup__1 |         83 |         35 |      48 |    0 |    78 |      0 |      0 |    0 |          0 |
|                   gen_xpm_memory_fifo.inst_fifo                                                       |                   jcl_hbm_sc_0_sc_util_v1_0_4_xpm_memory_fifo__xdcDup__1 |         83 |         35 |      48 |    0 |    78 |      0 |      0 |    0 |          0 |
|                     (gen_xpm_memory_fifo.inst_fifo)                                                   |                   jcl_hbm_sc_0_sc_util_v1_0_4_xpm_memory_fifo__xdcDup__1 |          4 |          4 |       0 |    0 |     4 |      0 |      0 |    0 |          0 |
|                     gen_mem_rep[0].inst_rd_addrb                                                      |                                   jcl_hbm_sc_0_sc_util_v1_0_4_counter_14 |          6 |          6 |       0 |    0 |     6 |      0 |      0 |    0 |          0 |
|                     gen_mem_rep[0].inst_wr_addra                                                      |                                   jcl_hbm_sc_0_sc_util_v1_0_4_counter_15 |          5 |          5 |       0 |    0 |     6 |      0 |      0 |    0 |          0 |
|                     gen_mem_rep[0].inst_xpm_memory                                                    |                                           jcl_hbm_sc_0_xpm_memory_sdpram |         48 |          0 |      48 |    0 |    56 |      0 |      0 |    0 |          0 |
|                       xpm_memory_base_inst                                                            |                                             jcl_hbm_sc_0_xpm_memory_base |         48 |          0 |      48 |    0 |    56 |      0 |      0 |    0 |          0 |
|                     gen_wr.inst_wr_addra_p1                                                           |                   jcl_hbm_sc_0_sc_util_v1_0_4_counter__parameterized0_16 |         21 |         21 |       0 |    0 |     6 |      0 |      0 |    0 |          0 |
|               inst_si_handler                                                                         |                                  jcl_hbm_sc_0_sc_node_v1_0_15_si_handler |          1 |          1 |       0 |    0 |     1 |      0 |      0 |    0 |          0 |
|               s_sc_xpm_cdc_async_rst_inst                                                             |                                       jcl_hbm_sc_0_xpm_cdc_async_rst__12 |          0 |          0 |       0 |    0 |     3 |      0 |      0 |    0 |          0 |
|           s00_aw_node                                                                                 |                                              jcl_hbm_sc_0_bd_291c_sawn_0 |         86 |         38 |      48 |    0 |    82 |      0 |      0 |    0 |          0 |
|             inst                                                                                      |                         jcl_hbm_sc_0_sc_node_v1_0_15_top__parameterized0 |         86 |         38 |      48 |    0 |    82 |      0 |      0 |    0 |          0 |
|               (inst)                                                                                  |                         jcl_hbm_sc_0_sc_node_v1_0_15_top__parameterized0 |          3 |          3 |       0 |    0 |     1 |      0 |      0 |    0 |          0 |
|               inst_mi_handler                                                                         |                  jcl_hbm_sc_0_sc_node_v1_0_15_mi_handler__parameterized0 |         83 |         35 |      48 |    0 |    77 |      0 |      0 |    0 |          0 |
|                 (inst_mi_handler)                                                                     |                  jcl_hbm_sc_0_sc_node_v1_0_15_mi_handler__parameterized0 |          0 |          0 |       0 |    0 |     2 |      0 |      0 |    0 |          0 |
|                 gen_normal_area.inst_fifo_node_payld                                                  |                                        jcl_hbm_sc_0_sc_node_v1_0_15_fifo |         83 |         35 |      48 |    0 |    75 |      0 |      0 |    0 |          0 |
|                   gen_xpm_memory_fifo.inst_fifo                                                       |                              jcl_hbm_sc_0_sc_util_v1_0_4_xpm_memory_fifo |         83 |         35 |      48 |    0 |    75 |      0 |      0 |    0 |          0 |
|                     (gen_xpm_memory_fifo.inst_fifo)                                                   |                              jcl_hbm_sc_0_sc_util_v1_0_4_xpm_memory_fifo |          4 |          4 |       0 |    0 |     4 |      0 |      0 |    0 |          0 |
|                     gen_mem_rep[0].inst_rd_addrb                                                      |                                   jcl_hbm_sc_0_sc_util_v1_0_4_counter_11 |          6 |          6 |       0 |    0 |     6 |      0 |      0 |    0 |          0 |
|                     gen_mem_rep[0].inst_wr_addra                                                      |                                   jcl_hbm_sc_0_sc_util_v1_0_4_counter_12 |          5 |          5 |       0 |    0 |     6 |      0 |      0 |    0 |          0 |
|                     gen_mem_rep[0].inst_xpm_memory                                                    |                                        jcl_hbm_sc_0_xpm_memory_sdpram__2 |         48 |          0 |      48 |    0 |    53 |      0 |      0 |    0 |          0 |
|                       xpm_memory_base_inst                                                            |                                          jcl_hbm_sc_0_xpm_memory_base__2 |         48 |          0 |      48 |    0 |    53 |      0 |      0 |    0 |          0 |
|                     gen_wr.inst_wr_addra_p1                                                           |                   jcl_hbm_sc_0_sc_util_v1_0_4_counter__parameterized0_13 |         21 |         21 |       0 |    0 |     6 |      0 |      0 |    0 |          0 |
|               inst_si_handler                                                                         |                  jcl_hbm_sc_0_sc_node_v1_0_15_si_handler__parameterized0 |          1 |          1 |       0 |    0 |     1 |      0 |      0 |    0 |          0 |
|               s_sc_xpm_cdc_async_rst_inst                                                             |                                       jcl_hbm_sc_0_xpm_cdc_async_rst__10 |          0 |          0 |       0 |    0 |     3 |      0 |      0 |    0 |          0 |
|           s00_b_node                                                                                  |                                               jcl_hbm_sc_0_bd_291c_sbn_0 |         45 |         37 |       8 |    0 |    31 |      0 |      0 |    0 |          0 |
|             inst                                                                                      |                         jcl_hbm_sc_0_sc_node_v1_0_15_top__parameterized1 |         45 |         37 |       8 |    0 |    31 |      0 |      0 |    0 |          0 |
|               (inst)                                                                                  |                         jcl_hbm_sc_0_sc_node_v1_0_15_top__parameterized1 |          3 |          3 |       0 |    0 |     1 |      0 |      0 |    0 |          0 |
|               inst_mi_handler                                                                         |                  jcl_hbm_sc_0_sc_node_v1_0_15_mi_handler__parameterized1 |         42 |         34 |       8 |    0 |    26 |      0 |      0 |    0 |          0 |
|                 (inst_mi_handler)                                                                     |                  jcl_hbm_sc_0_sc_node_v1_0_15_mi_handler__parameterized1 |          0 |          0 |       0 |    0 |     2 |      0 |      0 |    0 |          0 |
|                 gen_normal_area.inst_fifo_node_payld                                                  |                        jcl_hbm_sc_0_sc_node_v1_0_15_fifo__parameterized0 |         42 |         34 |       8 |    0 |    24 |      0 |      0 |    0 |          0 |
|                   gen_xpm_memory_fifo.inst_fifo                                                       |              jcl_hbm_sc_0_sc_util_v1_0_4_xpm_memory_fifo__parameterized0 |         42 |         34 |       8 |    0 |    24 |      0 |      0 |    0 |          0 |
|                     (gen_xpm_memory_fifo.inst_fifo)                                                   |              jcl_hbm_sc_0_sc_util_v1_0_4_xpm_memory_fifo__parameterized0 |          4 |          4 |       0 |    0 |     4 |      0 |      0 |    0 |          0 |
|                     gen_mem_rep[0].inst_rd_addrb                                                      |                                    jcl_hbm_sc_0_sc_util_v1_0_4_counter_8 |          5 |          5 |       0 |    0 |     6 |      0 |      0 |    0 |          0 |
|                     gen_mem_rep[0].inst_wr_addra                                                      |                                    jcl_hbm_sc_0_sc_util_v1_0_4_counter_9 |          5 |          5 |       0 |    0 |     6 |      0 |      0 |    0 |          0 |
|                     gen_mem_rep[0].inst_xpm_memory                                                    |                           jcl_hbm_sc_0_xpm_memory_sdpram__parameterized0 |          8 |          0 |       8 |    0 |     2 |      0 |      0 |    0 |          0 |
|                       xpm_memory_base_inst                                                            |                             jcl_hbm_sc_0_xpm_memory_base__parameterized0 |          8 |          0 |       8 |    0 |     2 |      0 |      0 |    0 |          0 |
|                     gen_wr.inst_wr_addra_p1                                                           |                   jcl_hbm_sc_0_sc_util_v1_0_4_counter__parameterized0_10 |         20 |         20 |       0 |    0 |     6 |      0 |      0 |    0 |          0 |
|               inst_si_handler                                                                         |                  jcl_hbm_sc_0_sc_node_v1_0_15_si_handler__parameterized1 |          1 |          1 |       0 |    0 |     1 |      0 |      0 |    0 |          0 |
|               s_sc_xpm_cdc_async_rst_inst                                                             |                                        jcl_hbm_sc_0_xpm_cdc_async_rst__8 |          0 |          0 |       0 |    0 |     3 |      0 |      0 |    0 |          0 |
|           s00_r_node                                                                                  |                                               jcl_hbm_sc_0_bd_291c_srn_0 |        278 |        118 |     160 |    0 |   306 |      0 |      0 |    0 |          0 |
|             inst                                                                                      |                         jcl_hbm_sc_0_sc_node_v1_0_15_top__parameterized2 |        278 |        118 |     160 |    0 |   306 |      0 |      0 |    0 |          0 |
|               (inst)                                                                                  |                         jcl_hbm_sc_0_sc_node_v1_0_15_top__parameterized2 |          3 |          3 |       0 |    0 |     1 |      0 |      0 |    0 |          0 |
|               inst_mi_handler                                                                         |                  jcl_hbm_sc_0_sc_node_v1_0_15_mi_handler__parameterized2 |        275 |        115 |     160 |    0 |   301 |      0 |      0 |    0 |          0 |
|                 (inst_mi_handler)                                                                     |                  jcl_hbm_sc_0_sc_node_v1_0_15_mi_handler__parameterized2 |          0 |          0 |       0 |    0 |     2 |      0 |      0 |    0 |          0 |
|                 gen_normal_area.gen_downsizer.inst_downsizer                                          |                                   jcl_hbm_sc_0_sc_node_v1_0_15_downsizer |          2 |          2 |       0 |    0 |     5 |      0 |      0 |    0 |          0 |
|                 gen_normal_area.inst_fifo_node_payld                                                  |                        jcl_hbm_sc_0_sc_node_v1_0_15_fifo__parameterized1 |        273 |        113 |     160 |    0 |   294 |      0 |      0 |    0 |          0 |
|                   gen_xpm_memory_fifo.inst_fifo                                                       |              jcl_hbm_sc_0_sc_util_v1_0_4_xpm_memory_fifo__parameterized1 |        273 |        113 |     160 |    0 |   294 |      0 |      0 |    0 |          0 |
|                     (gen_xpm_memory_fifo.inst_fifo)                                                   |              jcl_hbm_sc_0_sc_util_v1_0_4_xpm_memory_fifo__parameterized1 |         75 |         75 |       0 |    0 |     4 |      0 |      0 |    0 |          0 |
|                     gen_mem_rep[0].inst_rd_addrb                                                      |                                    jcl_hbm_sc_0_sc_util_v1_0_4_counter_3 |          4 |          4 |       0 |    0 |     6 |      0 |      0 |    0 |          0 |
|                     gen_mem_rep[0].inst_wr_addra                                                      |                                    jcl_hbm_sc_0_sc_util_v1_0_4_counter_4 |          5 |          5 |       0 |    0 |     6 |      0 |      0 |    0 |          0 |
|                     gen_mem_rep[0].inst_xpm_memory                                                    |                        jcl_hbm_sc_0_xpm_memory_sdpram__parameterized1__1 |         80 |          0 |      80 |    0 |   130 |      0 |      0 |    0 |          0 |
|                       xpm_memory_base_inst                                                            |                          jcl_hbm_sc_0_xpm_memory_base__parameterized1__1 |         80 |          0 |      80 |    0 |   130 |      0 |      0 |    0 |          0 |
|                     gen_mem_rep[1].inst_rd_addrb                                                      |                                    jcl_hbm_sc_0_sc_util_v1_0_4_counter_5 |          4 |          4 |       0 |    0 |     5 |      0 |      0 |    0 |          0 |
|                     gen_mem_rep[1].inst_wr_addra                                                      |                                    jcl_hbm_sc_0_sc_util_v1_0_4_counter_6 |          3 |          3 |       0 |    0 |     5 |      0 |      0 |    0 |          0 |
|                     gen_mem_rep[1].inst_xpm_memory                                                    |                           jcl_hbm_sc_0_xpm_memory_sdpram__parameterized1 |         80 |          0 |      80 |    0 |   132 |      0 |      0 |    0 |          0 |
|                       xpm_memory_base_inst                                                            |                             jcl_hbm_sc_0_xpm_memory_base__parameterized1 |         80 |          0 |      80 |    0 |   132 |      0 |      0 |    0 |          0 |
|                     gen_wr.inst_wr_addra_p1                                                           |                    jcl_hbm_sc_0_sc_util_v1_0_4_counter__parameterized0_7 |         22 |         22 |       0 |    0 |     6 |      0 |      0 |    0 |          0 |
|               inst_si_handler                                                                         |                  jcl_hbm_sc_0_sc_node_v1_0_15_si_handler__parameterized2 |          1 |          1 |       0 |    0 |     1 |      0 |      0 |    0 |          0 |
|               s_sc_xpm_cdc_async_rst_inst                                                             |                                        jcl_hbm_sc_0_xpm_cdc_async_rst__6 |          0 |          0 |       0 |    0 |     3 |      0 |      0 |    0 |          0 |
|           s00_w_node                                                                                  |                                               jcl_hbm_sc_0_bd_291c_swn_0 |        250 |         74 |     176 |    0 |   631 |      0 |      0 |    0 |          0 |
|             inst                                                                                      |                         jcl_hbm_sc_0_sc_node_v1_0_15_top__parameterized3 |        250 |         74 |     176 |    0 |   631 |      0 |      0 |    0 |          0 |
|               (inst)                                                                                  |                         jcl_hbm_sc_0_sc_node_v1_0_15_top__parameterized3 |          3 |          3 |       0 |    0 |     1 |      0 |      0 |    0 |          0 |
|               inst_mi_handler                                                                         |                  jcl_hbm_sc_0_sc_node_v1_0_15_mi_handler__parameterized3 |        248 |         72 |     176 |    0 |   626 |      0 |      0 |    0 |          0 |
|                 (inst_mi_handler)                                                                     |                  jcl_hbm_sc_0_sc_node_v1_0_15_mi_handler__parameterized3 |          0 |          0 |       0 |    0 |     2 |      0 |      0 |    0 |          0 |
|                 gen_normal_area.gen_fi_regulator.inst_fi_regulator                                    |                                jcl_hbm_sc_0_sc_node_v1_0_15_fi_regulator |          1 |          1 |       0 |    0 |     2 |      0 |      0 |    0 |          0 |
|                 gen_normal_area.gen_upsizer.inst_upsizer                                              |                                     jcl_hbm_sc_0_sc_node_v1_0_15_upsizer |         28 |         28 |       0 |    0 |   302 |      0 |      0 |    0 |          0 |
|                   (gen_normal_area.gen_upsizer.inst_upsizer)                                          |                                     jcl_hbm_sc_0_sc_node_v1_0_15_upsizer |         27 |         27 |       0 |    0 |   298 |      0 |      0 |    0 |          0 |
|                   inst_upsizer_target_pipeline                                                        |                     jcl_hbm_sc_0_sc_util_v1_0_4_pipeline__parameterized6 |          1 |          1 |       0 |    0 |     4 |      0 |      0 |    0 |          0 |
|                 gen_normal_area.inst_fifo_node_payld                                                  |                        jcl_hbm_sc_0_sc_node_v1_0_15_fifo__parameterized2 |        219 |         43 |     176 |    0 |   320 |      0 |      0 |    0 |          0 |
|                   gen_xpm_memory_fifo.inst_fifo                                                       |              jcl_hbm_sc_0_sc_util_v1_0_4_xpm_memory_fifo__parameterized2 |        219 |         43 |     176 |    0 |   320 |      0 |      0 |    0 |          0 |
|                     (gen_xpm_memory_fifo.inst_fifo)                                                   |              jcl_hbm_sc_0_sc_util_v1_0_4_xpm_memory_fifo__parameterized2 |          7 |          7 |       0 |    0 |     4 |      0 |      0 |    0 |          0 |
|                     gen_mem_rep[0].inst_rd_addrb                                                      |                                      jcl_hbm_sc_0_sc_util_v1_0_4_counter |          6 |          6 |       0 |    0 |     6 |      0 |      0 |    0 |          0 |
|                     gen_mem_rep[0].inst_wr_addra                                                      |                                    jcl_hbm_sc_0_sc_util_v1_0_4_counter_0 |          4 |          4 |       0 |    0 |     6 |      0 |      0 |    0 |          0 |
|                     gen_mem_rep[0].inst_xpm_memory                                                    |                        jcl_hbm_sc_0_xpm_memory_sdpram__parameterized2__1 |         88 |          0 |      88 |    0 |   145 |      0 |      0 |    0 |          0 |
|                       xpm_memory_base_inst                                                            |                          jcl_hbm_sc_0_xpm_memory_base__parameterized2__1 |         88 |          0 |      88 |    0 |   145 |      0 |      0 |    0 |          0 |
|                     gen_mem_rep[1].inst_rd_addrb                                                      |                                    jcl_hbm_sc_0_sc_util_v1_0_4_counter_1 |          3 |          3 |       0 |    0 |     5 |      0 |      0 |    0 |          0 |
|                     gen_mem_rep[1].inst_wr_addra                                                      |                                    jcl_hbm_sc_0_sc_util_v1_0_4_counter_2 |          3 |          3 |       0 |    0 |     5 |      0 |      0 |    0 |          0 |
|                     gen_mem_rep[1].inst_xpm_memory                                                    |                           jcl_hbm_sc_0_xpm_memory_sdpram__parameterized2 |         88 |          0 |      88 |    0 |   143 |      0 |      0 |    0 |          0 |
|                       xpm_memory_base_inst                                                            |                             jcl_hbm_sc_0_xpm_memory_base__parameterized2 |         88 |          0 |      88 |    0 |   143 |      0 |      0 |    0 |          0 |
|                     gen_wr.inst_wr_addra_p1                                                           |                      jcl_hbm_sc_0_sc_util_v1_0_4_counter__parameterized0 |         22 |         22 |       0 |    0 |     6 |      0 |      0 |    0 |          0 |
|               inst_si_handler                                                                         |                  jcl_hbm_sc_0_sc_node_v1_0_15_si_handler__parameterized3 |          1 |          1 |       0 |    0 |     1 |      0 |      0 |    0 |          0 |
|               s_sc_xpm_cdc_async_rst_inst                                                             |                                        jcl_hbm_sc_0_xpm_cdc_async_rst__4 |          0 |          0 |       0 |    0 |     3 |      0 |      0 |    0 |          0 |
|     jtag_axi_0                                                                                        |                                                         jcl_jtag_axi_0_0 |        645 |        483 |     160 |    2 |  1487 |      2 |      1 |    0 |          0 |
|       inst                                                                                            |                               jcl_jtag_axi_0_0_jtag_axi_v1_2_18_jtag_axi |        645 |        483 |     160 |    2 |  1487 |      2 |      1 |    0 |          0 |
|         (inst)                                                                                        |                               jcl_jtag_axi_0_0_jtag_axi_v1_2_18_jtag_axi |          0 |          0 |       0 |    0 |     0 |      0 |      0 |    0 |          0 |
|         axi_bridge_u                                                                                  |                             jcl_jtag_axi_0_0_jtag_axi_v1_2_18_axi_bridge |         58 |         58 |       0 |    0 |   109 |      0 |      0 |    0 |          0 |
|           read_axi_full_u                                                                             |                               jcl_jtag_axi_0_0_jtag_axi_v1_2_18_read_axi |         12 |         12 |       0 |    0 |    61 |      0 |      0 |    0 |          0 |
|           write_axi_full_u                                                                            |                              jcl_jtag_axi_0_0_jtag_axi_v1_2_18_write_axi |         46 |         46 |       0 |    0 |    48 |      0 |      0 |    0 |          0 |
|         jtag_axi_engine_u                                                                             |                        jcl_jtag_axi_0_0_jtag_axi_v1_2_18_jtag_axi_engine |        590 |        428 |     160 |    2 |  1378 |      2 |      1 |    0 |          0 |
|           (jtag_axi_engine_u)                                                                         |                        jcl_jtag_axi_0_0_jtag_axi_v1_2_18_jtag_axi_engine |         37 |         37 |       0 |    0 |   217 |      0 |      0 |    0 |          0 |
|           U_XSDB_SLAVE                                                                                |                                      jcl_jtag_axi_0_0_xsdbs_v1_0_3_xsdbs |         76 |         76 |       0 |    0 |   161 |      0 |      0 |    0 |          0 |
|           cmd_decode_rd_channel                                                                       |                             jcl_jtag_axi_0_0_jtag_axi_v1_2_18_cmd_decode |          3 |          3 |       0 |    0 |     5 |      0 |      0 |    0 |          0 |
|           cmd_decode_wr_channel                                                                       |                           jcl_jtag_axi_0_0_jtag_axi_v1_2_18_cmd_decode_0 |          5 |          5 |       0 |    0 |     5 |      0 |      0 |    0 |          0 |
|           rd_cmd_fifo_i                                                                               |                  jcl_jtag_axi_0_0_fifo_generator_v13_2_9__parameterized1 |         32 |         32 |       0 |    0 |    89 |      1 |      0 |    0 |          0 |
|             inst_fifo_gen                                                                             |            jcl_jtag_axi_0_0_fifo_generator_v13_2_9_synth__parameterized1 |         32 |         32 |       0 |    0 |    89 |      1 |      0 |    0 |          0 |
|               gconvfifo.rf                                                                            |                      jcl_jtag_axi_0_0_fifo_generator_top__parameterized1 |         32 |         32 |       0 |    0 |    89 |      1 |      0 |    0 |          0 |
|                 grf.rf                                                                                |                  jcl_jtag_axi_0_0_fifo_generator_ramfifo__parameterized1 |         32 |         32 |       0 |    0 |    89 |      1 |      0 |    0 |          0 |
|                   gntv_or_sync_fifo.gcx.clkx                                                          |                             jcl_jtag_axi_0_0_clk_x_pntrs__parameterized0 |          9 |          9 |       0 |    0 |    32 |      0 |      0 |    0 |          0 |
|                     rd_pntr_cdc_inst                                                                  |                            jcl_jtag_axi_0_0_xpm_cdc_gray__parameterized2 |          4 |          4 |       0 |    0 |    16 |      0 |      0 |    0 |          0 |
|                     wr_pntr_cdc_inst                                                                  |                         jcl_jtag_axi_0_0_xpm_cdc_gray__parameterized2__6 |          5 |          5 |       0 |    0 |    16 |      0 |      0 |    0 |          0 |
|                   gntv_or_sync_fifo.gl0.rd                                                            |                             jcl_jtag_axi_0_0_rd_logic__parameterized0_10 |         15 |         15 |       0 |    0 |    18 |      0 |      0 |    0 |          0 |
|                     gr1.gr1_int.rfwft                                                                 |                                              jcl_jtag_axi_0_0_rd_fwft_21 |          9 |          9 |       0 |    0 |     8 |      0 |      0 |    0 |          0 |
|                     gras.rsts                                                                         |                   jcl_jtag_axi_0_0_rd_status_flags_as__parameterized0_22 |          0 |          0 |       0 |    0 |     2 |      0 |      0 |    0 |          0 |
|                     rpntr                                                                             |                          jcl_jtag_axi_0_0_rd_bin_cntr__parameterized0_23 |          6 |          6 |       0 |    0 |     8 |      0 |      0 |    0 |          0 |
|                   gntv_or_sync_fifo.gl0.wr                                                            |                             jcl_jtag_axi_0_0_wr_logic__parameterized0_11 |          7 |          7 |       0 |    0 |    14 |      0 |      0 |    0 |          0 |
|                     gwas.wsts                                                                         |                   jcl_jtag_axi_0_0_wr_status_flags_as__parameterized0_19 |          1 |          1 |       0 |    0 |     2 |      0 |      0 |    0 |          0 |
|                     wpntr                                                                             |                          jcl_jtag_axi_0_0_wr_bin_cntr__parameterized0_20 |          6 |          6 |       0 |    0 |    12 |      0 |      0 |    0 |          0 |
|                   gntv_or_sync_fifo.mem                                                               |                               jcl_jtag_axi_0_0_memory__parameterized1_12 |          1 |          1 |       0 |    0 |    25 |      1 |      0 |    0 |          0 |
|                     (gntv_or_sync_fifo.mem)                                                           |                               jcl_jtag_axi_0_0_memory__parameterized1_12 |          1 |          1 |       0 |    0 |    25 |      0 |      0 |    0 |          0 |
|                     gbm.gbmg.gbmga.ngecc.bmg                                                          |                   jcl_jtag_axi_0_0_blk_mem_gen_v8_4_7__parameterized1_13 |          0 |          0 |       0 |    0 |     0 |      1 |      0 |    0 |          0 |
|                       inst_blk_mem_gen                                                                |             jcl_jtag_axi_0_0_blk_mem_gen_v8_4_7_synth__parameterized0_14 |          0 |          0 |       0 |    0 |     0 |      1 |      0 |    0 |          0 |
|                         gnbram.gnativebmg.native_blk_mem_gen                                          |                      jcl_jtag_axi_0_0_blk_mem_gen_top__parameterized0_15 |          0 |          0 |       0 |    0 |     0 |      1 |      0 |    0 |          0 |
|                           valid.cstr                                                                  |             jcl_jtag_axi_0_0_blk_mem_gen_generic_cstr__parameterized0_16 |          0 |          0 |       0 |    0 |     0 |      1 |      0 |    0 |          0 |
|                             ramloop[0].ram.r                                                          |               jcl_jtag_axi_0_0_blk_mem_gen_prim_width__parameterized0_17 |          0 |          0 |       0 |    0 |     0 |      1 |      0 |    0 |          0 |
|                               prim_noinit.ram                                                         |             jcl_jtag_axi_0_0_blk_mem_gen_prim_wrapper__parameterized0_18 |          0 |          0 |       0 |    0 |     0 |      1 |      0 |    0 |          0 |
|           rx_fifo_i                                                                                   |                  jcl_jtag_axi_0_0_fifo_generator_v13_2_9__parameterized0 |         61 |         61 |       0 |    0 |   150 |      0 |      1 |    0 |          0 |
|             inst_fifo_gen                                                                             |            jcl_jtag_axi_0_0_fifo_generator_v13_2_9_synth__parameterized0 |         61 |         61 |       0 |    0 |   150 |      0 |      1 |    0 |          0 |
|               gconvfifo.rf                                                                            |                      jcl_jtag_axi_0_0_fifo_generator_top__parameterized0 |         61 |         61 |       0 |    0 |   150 |      0 |      1 |    0 |          0 |
|                 grf.rf                                                                                |                  jcl_jtag_axi_0_0_fifo_generator_ramfifo__parameterized0 |         61 |         61 |       0 |    0 |   150 |      0 |      1 |    0 |          0 |
|                   gntv_or_sync_fifo.gcx.clkx                                                          |                                             jcl_jtag_axi_0_0_clk_x_pntrs |         24 |         24 |       0 |    0 |    64 |      0 |      0 |    0 |          0 |
|                     (gntv_or_sync_fifo.gcx.clkx)                                                      |                                             jcl_jtag_axi_0_0_clk_x_pntrs |          2 |          2 |       0 |    0 |     0 |      0 |      0 |    0 |          0 |
|                     rd_pntr_cdc_inst                                                                  |                                            jcl_jtag_axi_0_0_xpm_cdc_gray |         11 |         11 |       0 |    0 |    32 |      0 |      0 |    0 |          0 |
|                     wr_pntr_cdc_inst                                                                  |                                         jcl_jtag_axi_0_0_xpm_cdc_gray__6 |         11 |         11 |       0 |    0 |    32 |      0 |      0 |    0 |          0 |
|                   gntv_or_sync_fifo.gl0.rd                                                            |                                              jcl_jtag_axi_0_0_rd_logic_3 |         22 |         22 |       0 |    0 |    26 |      0 |      0 |    0 |          0 |
|                     gr1.gr1_int.rfwft                                                                 |                                               jcl_jtag_axi_0_0_rd_fwft_7 |          7 |          7 |       0 |    0 |     8 |      0 |      0 |    0 |          0 |
|                     gras.rsts                                                                         |                                    jcl_jtag_axi_0_0_rd_status_flags_as_8 |          0 |          0 |       0 |    0 |     2 |      0 |      0 |    0 |          0 |
|                     rpntr                                                                             |                                           jcl_jtag_axi_0_0_rd_bin_cntr_9 |         15 |         15 |       0 |    0 |    16 |      0 |      0 |    0 |          0 |
|                   gntv_or_sync_fifo.gl0.wr                                                            |                                              jcl_jtag_axi_0_0_wr_logic_4 |         14 |         14 |       0 |    0 |    26 |      0 |      0 |    0 |          0 |
|                     gwas.wsts                                                                         |                                    jcl_jtag_axi_0_0_wr_status_flags_as_5 |          1 |          1 |       0 |    0 |     2 |      0 |      0 |    0 |          0 |
|                     wpntr                                                                             |                                           jcl_jtag_axi_0_0_wr_bin_cntr_6 |         13 |         13 |       0 |    0 |    24 |      0 |      0 |    0 |          0 |
|                   gntv_or_sync_fifo.mem                                                               |                                  jcl_jtag_axi_0_0_memory__parameterized0 |          1 |          1 |       0 |    0 |    34 |      0 |      1 |    0 |          0 |
|                     (gntv_or_sync_fifo.mem)                                                           |                                  jcl_jtag_axi_0_0_memory__parameterized0 |          0 |          0 |       0 |    0 |    32 |      0 |      0 |    0 |          0 |
|                     gbm.gbmg.gbmga.ngecc.bmg                                                          |                                      jcl_jtag_axi_0_0_blk_mem_gen_v8_4_7 |          1 |          1 |       0 |    0 |     2 |      0 |      1 |    0 |          0 |
|                       inst_blk_mem_gen                                                                |                                jcl_jtag_axi_0_0_blk_mem_gen_v8_4_7_synth |          1 |          1 |       0 |    0 |     2 |      0 |      1 |    0 |          0 |
|                         gnbram.gnativebmg.native_blk_mem_gen                                          |                                         jcl_jtag_axi_0_0_blk_mem_gen_top |          1 |          1 |       0 |    0 |     2 |      0 |      1 |    0 |          0 |
|                           valid.cstr                                                                  |                                jcl_jtag_axi_0_0_blk_mem_gen_generic_cstr |          1 |          1 |       0 |    0 |     2 |      0 |      1 |    0 |          0 |
|                             ramloop[0].ram.r                                                          |                                  jcl_jtag_axi_0_0_blk_mem_gen_prim_width |          1 |          1 |       0 |    0 |     2 |      0 |      1 |    0 |          0 |
|                               (ramloop[0].ram.r)                                                      |                                  jcl_jtag_axi_0_0_blk_mem_gen_prim_width |          0 |          0 |       0 |    0 |     2 |      0 |      0 |    0 |          0 |
|                               prim_noinit.ram                                                         |                                jcl_jtag_axi_0_0_blk_mem_gen_prim_wrapper |          1 |          1 |       0 |    0 |     0 |      0 |      1 |    0 |          0 |
|           tx_fifo_i                                                                                   |                                  jcl_jtag_axi_0_0_fifo_generator_v13_2_9 |        253 |         93 |     160 |    0 |   180 |      0 |      0 |    0 |          0 |
|             inst_fifo_gen                                                                             |                            jcl_jtag_axi_0_0_fifo_generator_v13_2_9_synth |        253 |         93 |     160 |    0 |   180 |      0 |      0 |    0 |          0 |
|               gconvfifo.rf                                                                            |                                      jcl_jtag_axi_0_0_fifo_generator_top |        253 |         93 |     160 |    0 |   180 |      0 |      0 |    0 |          0 |
|                 grf.rf                                                                                |                                  jcl_jtag_axi_0_0_fifo_generator_ramfifo |        253 |         93 |     160 |    0 |   180 |      0 |      0 |    0 |          0 |
|                   gntv_or_sync_fifo.gcx.clkx                                                          |                                  jcl_jtag_axi_0_0_clk_x_pntrs__xdcDup__1 |         33 |         33 |       0 |    0 |    64 |      0 |      0 |    0 |          0 |
|                     (gntv_or_sync_fifo.gcx.clkx)                                                      |                                  jcl_jtag_axi_0_0_clk_x_pntrs__xdcDup__1 |         11 |         11 |       0 |    0 |     0 |      0 |      0 |    0 |          0 |
|                     rd_pntr_cdc_inst                                                                  |                                         jcl_jtag_axi_0_0_xpm_cdc_gray__5 |         11 |         11 |       0 |    0 |    32 |      0 |      0 |    0 |          0 |
|                     wr_pntr_cdc_inst                                                                  |                                         jcl_jtag_axi_0_0_xpm_cdc_gray__4 |         11 |         11 |       0 |    0 |    32 |      0 |      0 |    0 |          0 |
|                   gntv_or_sync_fifo.gl0.rd                                                            |                                                jcl_jtag_axi_0_0_rd_logic |         20 |         20 |       0 |    0 |    26 |      0 |      0 |    0 |          0 |
|                     gr1.gr1_int.rfwft                                                                 |                                               jcl_jtag_axi_0_0_rd_fwft_2 |          7 |          7 |       0 |    0 |     8 |      0 |      0 |    0 |          0 |
|                     gras.rsts                                                                         |                                      jcl_jtag_axi_0_0_rd_status_flags_as |          0 |          0 |       0 |    0 |     2 |      0 |      0 |    0 |          0 |
|                     rpntr                                                                             |                                             jcl_jtag_axi_0_0_rd_bin_cntr |         13 |         13 |       0 |    0 |    16 |      0 |      0 |    0 |          0 |
|                   gntv_or_sync_fifo.gl0.wr                                                            |                                                jcl_jtag_axi_0_0_wr_logic |          8 |          8 |       0 |    0 |    26 |      0 |      0 |    0 |          0 |
|                     gwas.wsts                                                                         |                                      jcl_jtag_axi_0_0_wr_status_flags_as |          0 |          0 |       0 |    0 |     2 |      0 |      0 |    0 |          0 |
|                     wpntr                                                                             |                                             jcl_jtag_axi_0_0_wr_bin_cntr |          8 |          8 |       0 |    0 |    24 |      0 |      0 |    0 |          0 |
|                   gntv_or_sync_fifo.mem                                                               |                                                  jcl_jtag_axi_0_0_memory |        192 |         32 |     160 |    0 |    64 |      0 |      0 |    0 |          0 |
|                     (gntv_or_sync_fifo.mem)                                                           |                                                  jcl_jtag_axi_0_0_memory |          0 |          0 |       0 |    0 |    32 |      0 |      0 |    0 |          0 |
|                     gdm.dm_gen.dm                                                                     |                                                    jcl_jtag_axi_0_0_dmem |        192 |         32 |     160 |    0 |    32 |      0 |      0 |    0 |          0 |
|           u_xsdb_fifo_interface                                                                       |                    jcl_jtag_axi_0_0_jtag_axi_v1_2_18_xsdb_fifo_interface |         91 |         91 |       0 |    0 |   474 |      0 |      0 |    0 |          0 |
|             (u_xsdb_fifo_interface)                                                                   |                    jcl_jtag_axi_0_0_jtag_axi_v1_2_18_xsdb_fifo_interface |         45 |         45 |       0 |    0 |    51 |      0 |      0 |    0 |          0 |
|             rxfifo2xsdb_i                                                                             |                            jcl_jtag_axi_0_0_jtag_axi_v1_2_18_rxfifo2xsdb |         28 |         28 |       0 |    0 |    86 |      0 |      0 |    0 |          0 |
|             xsdb2read_cmdfifo                                                                         |            jcl_jtag_axi_0_0_jtag_axi_v1_2_18_xsdb2txfifo__parameterized0 |          6 |          6 |       0 |    0 |   134 |      0 |      0 |    0 |          0 |
|             xsdb2txfifo_i                                                                             |                            jcl_jtag_axi_0_0_jtag_axi_v1_2_18_xsdb2txfifo |          7 |          7 |       0 |    0 |    69 |      0 |      0 |    0 |          0 |
|             xsdb2write_cmdfifo                                                                        |          jcl_jtag_axi_0_0_jtag_axi_v1_2_18_xsdb2txfifo__parameterized0_1 |          6 |          6 |       0 |    0 |   134 |      0 |      0 |    0 |          0 |
|           wr_cmd_fifo_i                                                                               |       jcl_jtag_axi_0_0_fifo_generator_v13_2_9__parameterized1__xdcDup__1 |         37 |         35 |       0 |    2 |    97 |      1 |      0 |    0 |          0 |
|             inst_fifo_gen                                                                             | jcl_jtag_axi_0_0_fifo_generator_v13_2_9_synth__parameterized1__xdcDup__1 |         37 |         35 |       0 |    2 |    97 |      1 |      0 |    0 |          0 |
|               gconvfifo.rf                                                                            |           jcl_jtag_axi_0_0_fifo_generator_top__parameterized1__xdcDup__1 |         37 |         35 |       0 |    2 |    97 |      1 |      0 |    0 |          0 |
|                 grf.rf                                                                                |       jcl_jtag_axi_0_0_fifo_generator_ramfifo__parameterized1__xdcDup__1 |         37 |         35 |       0 |    2 |    97 |      1 |      0 |    0 |          0 |
|                   gntv_or_sync_fifo.gcx.clkx                                                          |                  jcl_jtag_axi_0_0_clk_x_pntrs__parameterized0__xdcDup__1 |         10 |         10 |       0 |    0 |    32 |      0 |      0 |    0 |          0 |
|                     rd_pntr_cdc_inst                                                                  |                         jcl_jtag_axi_0_0_xpm_cdc_gray__parameterized2__5 |          5 |          5 |       0 |    0 |    16 |      0 |      0 |    0 |          0 |
|                     wr_pntr_cdc_inst                                                                  |                         jcl_jtag_axi_0_0_xpm_cdc_gray__parameterized2__4 |          5 |          5 |       0 |    0 |    16 |      0 |      0 |    0 |          0 |
|                   gntv_or_sync_fifo.gl0.rd                                                            |                                jcl_jtag_axi_0_0_rd_logic__parameterized0 |         15 |         15 |       0 |    0 |    18 |      0 |      0 |    0 |          0 |
|                     gr1.gr1_int.rfwft                                                                 |                                                 jcl_jtag_axi_0_0_rd_fwft |          9 |          9 |       0 |    0 |     8 |      0 |      0 |    0 |          0 |
|                     gras.rsts                                                                         |                      jcl_jtag_axi_0_0_rd_status_flags_as__parameterized0 |          0 |          0 |       0 |    0 |     2 |      0 |      0 |    0 |          0 |
|                     rpntr                                                                             |                             jcl_jtag_axi_0_0_rd_bin_cntr__parameterized0 |          6 |          6 |       0 |    0 |     8 |      0 |      0 |    0 |          0 |
|                   gntv_or_sync_fifo.gl0.wr                                                            |                                jcl_jtag_axi_0_0_wr_logic__parameterized0 |          7 |          7 |       0 |    0 |    14 |      0 |      0 |    0 |          0 |
|                     gwas.wsts                                                                         |                      jcl_jtag_axi_0_0_wr_status_flags_as__parameterized0 |          1 |          1 |       0 |    0 |     2 |      0 |      0 |    0 |          0 |
|                     wpntr                                                                             |                             jcl_jtag_axi_0_0_wr_bin_cntr__parameterized0 |          6 |          6 |       0 |    0 |    12 |      0 |      0 |    0 |          0 |
|                   gntv_or_sync_fifo.mem                                                               |                                  jcl_jtag_axi_0_0_memory__parameterized1 |          5 |          3 |       0 |    2 |    33 |      1 |      0 |    0 |          0 |
|                     (gntv_or_sync_fifo.mem)                                                           |                                  jcl_jtag_axi_0_0_memory__parameterized1 |          0 |          0 |       0 |    0 |    25 |      0 |      0 |    0 |          0 |
|                     gbm.gbmg.gbmga.ngecc.bmg                                                          |                      jcl_jtag_axi_0_0_blk_mem_gen_v8_4_7__parameterized1 |          5 |          3 |       0 |    2 |     8 |      1 |      0 |    0 |          0 |
|                       inst_blk_mem_gen                                                                |                jcl_jtag_axi_0_0_blk_mem_gen_v8_4_7_synth__parameterized0 |          5 |          3 |       0 |    2 |     8 |      1 |      0 |    0 |          0 |
|                         gnbram.gnativebmg.native_blk_mem_gen                                          |                         jcl_jtag_axi_0_0_blk_mem_gen_top__parameterized0 |          5 |          3 |       0 |    2 |     8 |      1 |      0 |    0 |          0 |
|                           valid.cstr                                                                  |                jcl_jtag_axi_0_0_blk_mem_gen_generic_cstr__parameterized0 |          5 |          3 |       0 |    2 |     8 |      1 |      0 |    0 |          0 |
|                             ramloop[0].ram.r                                                          |                  jcl_jtag_axi_0_0_blk_mem_gen_prim_width__parameterized0 |          5 |          3 |       0 |    2 |     8 |      1 |      0 |    0 |          0 |
|                               (ramloop[0].ram.r)                                                      |                  jcl_jtag_axi_0_0_blk_mem_gen_prim_width__parameterized0 |          4 |          2 |       0 |    2 |     8 |      0 |      0 |    0 |          0 |
|                               prim_noinit.ram                                                         |                jcl_jtag_axi_0_0_blk_mem_gen_prim_wrapper__parameterized0 |          1 |          1 |       0 |    0 |     0 |      1 |      0 |    0 |          0 |
|     jtag_hbm                                                                                          |                                                           jcl_jtag_hbm_0 |        837 |        539 |     296 |    2 |  2230 |      3 |      2 |    0 |          0 |
|       inst                                                                                            |                                 jcl_jtag_hbm_0_jtag_axi_v1_2_18_jtag_axi |        837 |        539 |     296 |    2 |  2230 |      3 |      2 |    0 |          0 |
|         (inst)                                                                                        |                                 jcl_jtag_hbm_0_jtag_axi_v1_2_18_jtag_axi |          0 |          0 |       0 |    0 |     0 |      0 |      0 |    0 |          0 |
|         axi_bridge_u                                                                                  |                               jcl_jtag_hbm_0_jtag_axi_v1_2_18_axi_bridge |         61 |         61 |       0 |    0 |   259 |      0 |      0 |    0 |          0 |
|           read_axi_full_u                                                                             |                                 jcl_jtag_hbm_0_jtag_axi_v1_2_18_read_axi |         13 |         13 |       0 |    0 |   152 |      0 |      0 |    0 |          0 |
|           write_axi_full_u                                                                            |                                jcl_jtag_hbm_0_jtag_axi_v1_2_18_write_axi |         48 |         48 |       0 |    0 |   107 |      0 |      0 |    0 |          0 |
|         jtag_axi_engine_u                                                                             |                          jcl_jtag_hbm_0_jtag_axi_v1_2_18_jtag_axi_engine |        777 |        479 |     296 |    2 |  1971 |      3 |      2 |    0 |          0 |
|           (jtag_axi_engine_u)                                                                         |                          jcl_jtag_hbm_0_jtag_axi_v1_2_18_jtag_axi_engine |         39 |         39 |       0 |    0 |   336 |      0 |      0 |    0 |          0 |
|           U_XSDB_SLAVE                                                                                |                                        jcl_jtag_hbm_0_xsdbs_v1_0_3_xsdbs |         76 |         76 |       0 |    0 |   161 |      0 |      0 |    0 |          0 |
|           cmd_decode_rd_channel                                                                       |                               jcl_jtag_hbm_0_jtag_axi_v1_2_18_cmd_decode |          3 |          3 |       0 |    0 |     5 |      0 |      0 |    0 |          0 |
|           cmd_decode_wr_channel                                                                       |                             jcl_jtag_hbm_0_jtag_axi_v1_2_18_cmd_decode_0 |          6 |          6 |       0 |    0 |     5 |      0 |      0 |    0 |          0 |
|           rd_cmd_fifo_i                                                                               |                    jcl_jtag_hbm_0_fifo_generator_v13_2_9__parameterized1 |         33 |         33 |       0 |    0 |   146 |      1 |      1 |    0 |          0 |
|             inst_fifo_gen                                                                             |              jcl_jtag_hbm_0_fifo_generator_v13_2_9_synth__parameterized1 |         33 |         33 |       0 |    0 |   146 |      1 |      1 |    0 |          0 |
|               gconvfifo.rf                                                                            |                        jcl_jtag_hbm_0_fifo_generator_top__parameterized1 |         33 |         33 |       0 |    0 |   146 |      1 |      1 |    0 |          0 |
|                 grf.rf                                                                                |                    jcl_jtag_hbm_0_fifo_generator_ramfifo__parameterized1 |         33 |         33 |       0 |    0 |   146 |      1 |      1 |    0 |          0 |
|                   gntv_or_sync_fifo.gcx.clkx                                                          |                               jcl_jtag_hbm_0_clk_x_pntrs__parameterized0 |         10 |         10 |       0 |    0 |    32 |      0 |      0 |    0 |          0 |
|                     rd_pntr_cdc_inst                                                                  |                              jcl_jtag_hbm_0_xpm_cdc_gray__parameterized2 |          5 |          5 |       0 |    0 |    16 |      0 |      0 |    0 |          0 |
|                     wr_pntr_cdc_inst                                                                  |                           jcl_jtag_hbm_0_xpm_cdc_gray__parameterized2__6 |          5 |          5 |       0 |    0 |    16 |      0 |      0 |    0 |          0 |
|                   gntv_or_sync_fifo.gl0.rd                                                            |                               jcl_jtag_hbm_0_rd_logic__parameterized0_10 |         15 |         15 |       0 |    0 |    18 |      0 |      0 |    0 |          0 |
|                     gr1.gr1_int.rfwft                                                                 |                                                jcl_jtag_hbm_0_rd_fwft_23 |          9 |          9 |       0 |    0 |     8 |      0 |      0 |    0 |          0 |
|                     gras.rsts                                                                         |                     jcl_jtag_hbm_0_rd_status_flags_as__parameterized0_24 |          0 |          0 |       0 |    0 |     2 |      0 |      0 |    0 |          0 |
|                     rpntr                                                                             |                            jcl_jtag_hbm_0_rd_bin_cntr__parameterized0_25 |          6 |          6 |       0 |    0 |     8 |      0 |      0 |    0 |          0 |
|                   gntv_or_sync_fifo.gl0.wr                                                            |                               jcl_jtag_hbm_0_wr_logic__parameterized0_11 |          7 |          7 |       0 |    0 |    14 |      0 |      0 |    0 |          0 |
|                     gwas.wsts                                                                         |                     jcl_jtag_hbm_0_wr_status_flags_as__parameterized0_21 |          1 |          1 |       0 |    0 |     2 |      0 |      0 |    0 |          0 |
|                     wpntr                                                                             |                            jcl_jtag_hbm_0_wr_bin_cntr__parameterized0_22 |          6 |          6 |       0 |    0 |    12 |      0 |      0 |    0 |          0 |
|                   gntv_or_sync_fifo.mem                                                               |                                 jcl_jtag_hbm_0_memory__parameterized1_12 |          1 |          1 |       0 |    0 |    82 |      1 |      1 |    0 |          0 |
|                     (gntv_or_sync_fifo.mem)                                                           |                                 jcl_jtag_hbm_0_memory__parameterized1_12 |          1 |          1 |       0 |    0 |    82 |      0 |      0 |    0 |          0 |
|                     gbm.gbmg.gbmga.ngecc.bmg                                                          |                     jcl_jtag_hbm_0_blk_mem_gen_v8_4_7__parameterized1_13 |          0 |          0 |       0 |    0 |     0 |      1 |      1 |    0 |          0 |
|                       inst_blk_mem_gen                                                                |               jcl_jtag_hbm_0_blk_mem_gen_v8_4_7_synth__parameterized0_14 |          0 |          0 |       0 |    0 |     0 |      1 |      1 |    0 |          0 |
|                         gnbram.gnativebmg.native_blk_mem_gen                                          |                        jcl_jtag_hbm_0_blk_mem_gen_top__parameterized0_15 |          0 |          0 |       0 |    0 |     0 |      1 |      1 |    0 |          0 |
|                           valid.cstr                                                                  |               jcl_jtag_hbm_0_blk_mem_gen_generic_cstr__parameterized0_16 |          0 |          0 |       0 |    0 |     0 |      1 |      1 |    0 |          0 |
|                             ramloop[0].ram.r                                                          |                 jcl_jtag_hbm_0_blk_mem_gen_prim_width__parameterized0_17 |          0 |          0 |       0 |    0 |     0 |      0 |      1 |    0 |          0 |
|                               prim_noinit.ram                                                         |               jcl_jtag_hbm_0_blk_mem_gen_prim_wrapper__parameterized0_20 |          0 |          0 |       0 |    0 |     0 |      0 |      1 |    0 |          0 |
|                             ramloop[1].ram.r                                                          |                 jcl_jtag_hbm_0_blk_mem_gen_prim_width__parameterized1_18 |          0 |          0 |       0 |    0 |     0 |      1 |      0 |    0 |          0 |
|                               prim_noinit.ram                                                         |               jcl_jtag_hbm_0_blk_mem_gen_prim_wrapper__parameterized1_19 |          0 |          0 |       0 |    0 |     0 |      1 |      0 |    0 |          0 |
|           rx_fifo_i                                                                                   |                    jcl_jtag_hbm_0_fifo_generator_v13_2_9__parameterized0 |         61 |         61 |       0 |    0 |   182 |      1 |      0 |    0 |          0 |
|             inst_fifo_gen                                                                             |              jcl_jtag_hbm_0_fifo_generator_v13_2_9_synth__parameterized0 |         61 |         61 |       0 |    0 |   182 |      1 |      0 |    0 |          0 |
|               gconvfifo.rf                                                                            |                        jcl_jtag_hbm_0_fifo_generator_top__parameterized0 |         61 |         61 |       0 |    0 |   182 |      1 |      0 |    0 |          0 |
|                 grf.rf                                                                                |                    jcl_jtag_hbm_0_fifo_generator_ramfifo__parameterized0 |         61 |         61 |       0 |    0 |   182 |      1 |      0 |    0 |          0 |
|                   gntv_or_sync_fifo.gcx.clkx                                                          |                                               jcl_jtag_hbm_0_clk_x_pntrs |         24 |         24 |       0 |    0 |    64 |      0 |      0 |    0 |          0 |
|                     (gntv_or_sync_fifo.gcx.clkx)                                                      |                                               jcl_jtag_hbm_0_clk_x_pntrs |          2 |          2 |       0 |    0 |     0 |      0 |      0 |    0 |          0 |
|                     rd_pntr_cdc_inst                                                                  |                                              jcl_jtag_hbm_0_xpm_cdc_gray |         11 |         11 |       0 |    0 |    32 |      0 |      0 |    0 |          0 |
|                     wr_pntr_cdc_inst                                                                  |                                           jcl_jtag_hbm_0_xpm_cdc_gray__6 |         11 |         11 |       0 |    0 |    32 |      0 |      0 |    0 |          0 |
|                   gntv_or_sync_fifo.gl0.rd                                                            |                                                jcl_jtag_hbm_0_rd_logic_3 |         23 |         23 |       0 |    0 |    26 |      0 |      0 |    0 |          0 |
|                     gr1.gr1_int.rfwft                                                                 |                                                 jcl_jtag_hbm_0_rd_fwft_7 |          8 |          8 |       0 |    0 |     8 |      0 |      0 |    0 |          0 |
|                     gras.rsts                                                                         |                                      jcl_jtag_hbm_0_rd_status_flags_as_8 |          0 |          0 |       0 |    0 |     2 |      0 |      0 |    0 |          0 |
|                     rpntr                                                                             |                                             jcl_jtag_hbm_0_rd_bin_cntr_9 |         15 |         15 |       0 |    0 |    16 |      0 |      0 |    0 |          0 |
|                   gntv_or_sync_fifo.gl0.wr                                                            |                                                jcl_jtag_hbm_0_wr_logic_4 |         14 |         14 |       0 |    0 |    26 |      0 |      0 |    0 |          0 |
|                     gwas.wsts                                                                         |                                      jcl_jtag_hbm_0_wr_status_flags_as_5 |          1 |          1 |       0 |    0 |     2 |      0 |      0 |    0 |          0 |
|                     wpntr                                                                             |                                             jcl_jtag_hbm_0_wr_bin_cntr_6 |         13 |         13 |       0 |    0 |    24 |      0 |      0 |    0 |          0 |
|                   gntv_or_sync_fifo.mem                                                               |                                    jcl_jtag_hbm_0_memory__parameterized0 |          0 |          0 |       0 |    0 |    66 |      1 |      0 |    0 |          0 |
|                     (gntv_or_sync_fifo.mem)                                                           |                                    jcl_jtag_hbm_0_memory__parameterized0 |          0 |          0 |       0 |    0 |    64 |      0 |      0 |    0 |          0 |
|                     gbm.gbmg.gbmga.ngecc.bmg                                                          |                                        jcl_jtag_hbm_0_blk_mem_gen_v8_4_7 |          0 |          0 |       0 |    0 |     2 |      1 |      0 |    0 |          0 |
|                       inst_blk_mem_gen                                                                |                                  jcl_jtag_hbm_0_blk_mem_gen_v8_4_7_synth |          0 |          0 |       0 |    0 |     2 |      1 |      0 |    0 |          0 |
|                         gnbram.gnativebmg.native_blk_mem_gen                                          |                                           jcl_jtag_hbm_0_blk_mem_gen_top |          0 |          0 |       0 |    0 |     2 |      1 |      0 |    0 |          0 |
|                           valid.cstr                                                                  |                                  jcl_jtag_hbm_0_blk_mem_gen_generic_cstr |          0 |          0 |       0 |    0 |     2 |      1 |      0 |    0 |          0 |
|                             ramloop[0].ram.r                                                          |                                    jcl_jtag_hbm_0_blk_mem_gen_prim_width |          0 |          0 |       0 |    0 |     2 |      1 |      0 |    0 |          0 |
|                               (ramloop[0].ram.r)                                                      |                                    jcl_jtag_hbm_0_blk_mem_gen_prim_width |          0 |          0 |       0 |    0 |     2 |      0 |      0 |    0 |          0 |
|                               prim_noinit.ram                                                         |                                  jcl_jtag_hbm_0_blk_mem_gen_prim_wrapper |          0 |          0 |       0 |    0 |     0 |      1 |      0 |    0 |          0 |
|           tx_fifo_i                                                                                   |                                    jcl_jtag_hbm_0_fifo_generator_v13_2_9 |        421 |        125 |     296 |    0 |   250 |      0 |      0 |    0 |          0 |
|             inst_fifo_gen                                                                             |                              jcl_jtag_hbm_0_fifo_generator_v13_2_9_synth |        421 |        125 |     296 |    0 |   250 |      0 |      0 |    0 |          0 |
|               gconvfifo.rf                                                                            |                                        jcl_jtag_hbm_0_fifo_generator_top |        421 |        125 |     296 |    0 |   250 |      0 |      0 |    0 |          0 |
|                 grf.rf                                                                                |                                    jcl_jtag_hbm_0_fifo_generator_ramfifo |        421 |        125 |     296 |    0 |   250 |      0 |      0 |    0 |          0 |
|                   gntv_or_sync_fifo.gcx.clkx                                                          |                                    jcl_jtag_hbm_0_clk_x_pntrs__xdcDup__1 |         33 |         33 |       0 |    0 |    64 |      0 |      0 |    0 |          0 |
|                     (gntv_or_sync_fifo.gcx.clkx)                                                      |                                    jcl_jtag_hbm_0_clk_x_pntrs__xdcDup__1 |         11 |         11 |       0 |    0 |     0 |      0 |      0 |    0 |          0 |
|                     rd_pntr_cdc_inst                                                                  |                                           jcl_jtag_hbm_0_xpm_cdc_gray__5 |         11 |         11 |       0 |    0 |    32 |      0 |      0 |    0 |          0 |
|                     wr_pntr_cdc_inst                                                                  |                                           jcl_jtag_hbm_0_xpm_cdc_gray__4 |         11 |         11 |       0 |    0 |    32 |      0 |      0 |    0 |          0 |
|                   gntv_or_sync_fifo.gl0.rd                                                            |                                                  jcl_jtag_hbm_0_rd_logic |         20 |         20 |       0 |    0 |    32 |      0 |      0 |    0 |          0 |
|                     gr1.gr1_int.rfwft                                                                 |                                                 jcl_jtag_hbm_0_rd_fwft_2 |          7 |          7 |       0 |    0 |     8 |      0 |      0 |    0 |          0 |
|                     gras.rsts                                                                         |                                        jcl_jtag_hbm_0_rd_status_flags_as |          0 |          0 |       0 |    0 |     2 |      0 |      0 |    0 |          0 |
|                     rpntr                                                                             |                                               jcl_jtag_hbm_0_rd_bin_cntr |         13 |         13 |       0 |    0 |    22 |      0 |      0 |    0 |          0 |
|                   gntv_or_sync_fifo.gl0.wr                                                            |                                                  jcl_jtag_hbm_0_wr_logic |          8 |          8 |       0 |    0 |    26 |      0 |      0 |    0 |          0 |
|                     gwas.wsts                                                                         |                                        jcl_jtag_hbm_0_wr_status_flags_as |          0 |          0 |       0 |    0 |     2 |      0 |      0 |    0 |          0 |
|                     wpntr                                                                             |                                               jcl_jtag_hbm_0_wr_bin_cntr |          8 |          8 |       0 |    0 |    24 |      0 |      0 |    0 |          0 |
|                   gntv_or_sync_fifo.mem                                                               |                                                    jcl_jtag_hbm_0_memory |        360 |         64 |     296 |    0 |   128 |      0 |      0 |    0 |          0 |
|                     (gntv_or_sync_fifo.mem)                                                           |                                                    jcl_jtag_hbm_0_memory |          0 |          0 |       0 |    0 |    64 |      0 |      0 |    0 |          0 |
|                     gdm.dm_gen.dm                                                                     |                                                      jcl_jtag_hbm_0_dmem |        360 |         64 |     296 |    0 |    64 |      0 |      0 |    0 |          0 |
|           u_xsdb_fifo_interface                                                                       |                      jcl_jtag_hbm_0_jtag_axi_v1_2_18_xsdb_fifo_interface |        106 |        106 |       0 |    0 |   732 |      0 |      0 |    0 |          0 |
|             (u_xsdb_fifo_interface)                                                                   |                      jcl_jtag_hbm_0_jtag_axi_v1_2_18_xsdb_fifo_interface |         44 |         44 |       0 |    0 |    51 |      0 |      0 |    0 |          0 |
|             rxfifo2xsdb_i                                                                             |                              jcl_jtag_hbm_0_jtag_axi_v1_2_18_rxfifo2xsdb |         45 |         45 |       0 |    0 |   151 |      0 |      0 |    0 |          0 |
|             xsdb2read_cmdfifo                                                                         |              jcl_jtag_hbm_0_jtag_axi_v1_2_18_xsdb2txfifo__parameterized0 |          6 |          6 |       0 |    0 |   198 |      0 |      0 |    0 |          0 |
|             xsdb2txfifo_i                                                                             |                              jcl_jtag_hbm_0_jtag_axi_v1_2_18_xsdb2txfifo |          6 |          6 |       0 |    0 |   134 |      0 |      0 |    0 |          0 |
|             xsdb2write_cmdfifo                                                                        |            jcl_jtag_hbm_0_jtag_axi_v1_2_18_xsdb2txfifo__parameterized0_1 |          6 |          6 |       0 |    0 |   198 |      0 |      0 |    0 |          0 |
|           wr_cmd_fifo_i                                                                               |         jcl_jtag_hbm_0_fifo_generator_v13_2_9__parameterized1__xdcDup__1 |         37 |         35 |       0 |    2 |   154 |      1 |      1 |    0 |          0 |
|             inst_fifo_gen                                                                             |   jcl_jtag_hbm_0_fifo_generator_v13_2_9_synth__parameterized1__xdcDup__1 |         37 |         35 |       0 |    2 |   154 |      1 |      1 |    0 |          0 |
|               gconvfifo.rf                                                                            |             jcl_jtag_hbm_0_fifo_generator_top__parameterized1__xdcDup__1 |         37 |         35 |       0 |    2 |   154 |      1 |      1 |    0 |          0 |
|                 grf.rf                                                                                |         jcl_jtag_hbm_0_fifo_generator_ramfifo__parameterized1__xdcDup__1 |         37 |         35 |       0 |    2 |   154 |      1 |      1 |    0 |          0 |
|                   gntv_or_sync_fifo.gcx.clkx                                                          |                    jcl_jtag_hbm_0_clk_x_pntrs__parameterized0__xdcDup__1 |         10 |         10 |       0 |    0 |    32 |      0 |      0 |    0 |          0 |
|                     rd_pntr_cdc_inst                                                                  |                           jcl_jtag_hbm_0_xpm_cdc_gray__parameterized2__5 |          5 |          5 |       0 |    0 |    16 |      0 |      0 |    0 |          0 |
|                     wr_pntr_cdc_inst                                                                  |                           jcl_jtag_hbm_0_xpm_cdc_gray__parameterized2__4 |          5 |          5 |       0 |    0 |    16 |      0 |      0 |    0 |          0 |
|                   gntv_or_sync_fifo.gl0.rd                                                            |                                  jcl_jtag_hbm_0_rd_logic__parameterized0 |         15 |         15 |       0 |    0 |    18 |      0 |      0 |    0 |          0 |
|                     gr1.gr1_int.rfwft                                                                 |                                                   jcl_jtag_hbm_0_rd_fwft |          9 |          9 |       0 |    0 |     8 |      0 |      0 |    0 |          0 |
|                     gras.rsts                                                                         |                        jcl_jtag_hbm_0_rd_status_flags_as__parameterized0 |          0 |          0 |       0 |    0 |     2 |      0 |      0 |    0 |          0 |
|                     rpntr                                                                             |                               jcl_jtag_hbm_0_rd_bin_cntr__parameterized0 |          6 |          6 |       0 |    0 |     8 |      0 |      0 |    0 |          0 |
|                   gntv_or_sync_fifo.gl0.wr                                                            |                                  jcl_jtag_hbm_0_wr_logic__parameterized0 |          7 |          7 |       0 |    0 |    14 |      0 |      0 |    0 |          0 |
|                     gwas.wsts                                                                         |                        jcl_jtag_hbm_0_wr_status_flags_as__parameterized0 |          1 |          1 |       0 |    0 |     2 |      0 |      0 |    0 |          0 |
|                     wpntr                                                                             |                               jcl_jtag_hbm_0_wr_bin_cntr__parameterized0 |          6 |          6 |       0 |    0 |    12 |      0 |      0 |    0 |          0 |
|                   gntv_or_sync_fifo.mem                                                               |                                    jcl_jtag_hbm_0_memory__parameterized1 |          5 |          3 |       0 |    2 |    90 |      1 |      1 |    0 |          0 |
|                     (gntv_or_sync_fifo.mem)                                                           |                                    jcl_jtag_hbm_0_memory__parameterized1 |          0 |          0 |       0 |    0 |    82 |      0 |      0 |    0 |          0 |
|                     gbm.gbmg.gbmga.ngecc.bmg                                                          |                        jcl_jtag_hbm_0_blk_mem_gen_v8_4_7__parameterized1 |          5 |          3 |       0 |    2 |     8 |      1 |      1 |    0 |          0 |
|                       inst_blk_mem_gen                                                                |                  jcl_jtag_hbm_0_blk_mem_gen_v8_4_7_synth__parameterized0 |          5 |          3 |       0 |    2 |     8 |      1 |      1 |    0 |          0 |
|                         gnbram.gnativebmg.native_blk_mem_gen                                          |                           jcl_jtag_hbm_0_blk_mem_gen_top__parameterized0 |          5 |          3 |       0 |    2 |     8 |      1 |      1 |    0 |          0 |
|                           valid.cstr                                                                  |                  jcl_jtag_hbm_0_blk_mem_gen_generic_cstr__parameterized0 |          5 |          3 |       0 |    2 |     8 |      1 |      1 |    0 |          0 |
|                             ramloop[0].ram.r                                                          |                    jcl_jtag_hbm_0_blk_mem_gen_prim_width__parameterized0 |          5 |          3 |       0 |    2 |     8 |      0 |      1 |    0 |          0 |
|                               (ramloop[0].ram.r)                                                      |                    jcl_jtag_hbm_0_blk_mem_gen_prim_width__parameterized0 |          4 |          2 |       0 |    2 |     8 |      0 |      0 |    0 |          0 |
|                               prim_noinit.ram                                                         |                  jcl_jtag_hbm_0_blk_mem_gen_prim_wrapper__parameterized0 |          1 |          1 |       0 |    0 |     0 |      0 |      1 |    0 |          0 |
|                             ramloop[1].ram.r                                                          |                    jcl_jtag_hbm_0_blk_mem_gen_prim_width__parameterized1 |          1 |          1 |       0 |    0 |     0 |      1 |      0 |    0 |          0 |
|                               prim_noinit.ram                                                         |                  jcl_jtag_hbm_0_blk_mem_gen_prim_wrapper__parameterized1 |          1 |          1 |       0 |    0 |     0 |      1 |      0 |    0 |          0 |
|     loader                                                                                            |                                                             jcl_loader_0 |       1174 |       1026 |     148 |    0 |  2665 |      8 |      0 |    0 |          0 |
|       (loader)                                                                                        |                                                             jcl_loader_0 |          0 |          0 |       0 |    0 |     6 |      0 |      0 |    0 |          0 |
|       inst                                                                                            |                                               jcl_loader_0_jc_loader_top |       1174 |       1026 |     148 |    0 |  2659 |      8 |      0 |    0 |          0 |
|         (inst)                                                                                        |                                               jcl_loader_0_jc_loader_top |          4 |          4 |       0 |    0 |    30 |      0 |      0 |    0 |          0 |
|         u_jc_core                                                                                     |                                              jcl_loader_0_jc_loader_core |       1167 |       1019 |     148 |    0 |  2629 |      8 |      0 |    0 |          0 |
|           (u_jc_core)                                                                                 |                                              jcl_loader_0_jc_loader_core |          1 |          1 |       0 |    0 |     4 |      0 |      0 |    0 |          0 |
|           cu                                                                                          |                                                  jcl_loader_0_jc_hbm_crc |        377 |        377 |       0 |    0 |   434 |      0 |      0 |    0 |          0 |
|           dnar                                                                                        |                                               jcl_loader_0_jc_dna_reader |         20 |         20 |       0 |    0 |   209 |      0 |      0 |    0 |          0 |
|           fifo                                                                                        |                                                  jcl_loader_0_async_fifo |        208 |         60 |     148 |    0 |    70 |      4 |      0 |    0 |          0 |
|           rx                                                                                          |                                               jcl_loader_0_jc_frame_core |        391 |        391 |       0 |    0 |  1010 |      0 |      0 |    0 |          0 |
|           sync                                                                                        |                                              jcl_loader_0_jc_status_sync |          3 |          3 |       0 |    0 |   592 |      0 |      0 |    0 |          0 |
|           wr                                                                                          |                                               jcl_loader_0_jc_hbm_writer |        168 |        168 |       0 |    0 |   310 |      4 |      0 |    0 |          0 |
|         u_jc_frx                                                                                      |                                                 jcl_loader_0_jc_frame_rx |          3 |          3 |       0 |    0 |     0 |      0 |      0 |    0 |          0 |
|     sysclk_buf                                                                                        |                                                         jcl_sysclk_buf_0 |          0 |          0 |       0 |    0 |     0 |      0 |      0 |    0 |          0 |
|       U0                                                                                              |                                             jcl_sysclk_buf_0_util_ds_buf |          0 |          0 |       0 |    0 |     0 |      0 |      0 |    0 |          0 |
+-------------------------------------------------------------------------------------------------------+--------------------------------------------------------------------------+------------+------------+---------+------+-------+--------+--------+------+------------+
* Note: The sum of lower-level cells may be larger than their parent cells total, due to cross-hierarchy LUT combining


