64 256 32
0 1 26 0 127 26
14 30 -43 51 8 -17 -55 38 -1 31 -62 22 -48 -35 -43 -19 -53 -3 -24 -11 -26 3 15 -24 -41 25 -55 39 6 -3 -6 3 -52 12 47 57 -47 -32 42 -57 58 -20 57 62 33 -28 8 -27 -31 -28 46 14 -13 -40 -6 -4 -11 11 22 15 -23 -35 -23 2 -54 0 26 42 -44 -31 -1 -16 -33 39 52 -54 1 29 -59 49 -57 12 26 -25 31 -62 -24 63 -27 51 54 31 26 -43 -15 -3 -51 50 39 30 -63 -32 -16 13 -24 25 19 -37 17 10 46 55 -5 33 30 54 54 -22 18 -23 -50 -61 -55 -50 5 62 62 15 -16 -54 30 -58 45 -26 -25 -8 -6 -1 39 24 63 -51 -63 21 47 46 -47 46 -20 46 -25 6 35 -17 42 -50 -11 -15 -5 -49 -34 54 23 24 28 52 -19 -53 -45 1 48 -34 -58 -6 58 16 42 52 40 57 -8 -62 47 -59 56 -1 -23 1 16 -3 -24 -13 -31 16 54 -32 -15 23 24 7 18 -7 38 -63 31 10 21 7 34 46 35 49 9 2 -44 12 -21 36 -29 -33 -44 -36 44 14 -1 11 -31 -15 -41 0 29 -7 -61 22 20 14 31 56 -17 -20 -43 -31 12 -19 45 13 1 -29 -19 -55 23 12 11 -42 17 25 
26 26 26 26 26 26 26 26 
14 30 -43 51 8 -17 -55 38 -1 31 -62 22 -48 -35 -43 -19 -53 -3 -24 -11 -26 3 15 -24 -41 25 -55 39 6 -3 -6 3 -52 12 47 57 -47 -32 42 -57 58 -20 57 62 33 -28 8 -27 -31 -28 46 14 -13 -40 -6 -4 -11 11 22 15 -23 -35 -23 2 -54 0 26 42 -44 -31 -1 -16 -33 39 52 -54 1 29 -59 49 -57 12 26 -25 31 -62 -24 63 -27 51 54 31 26 -43 -15 -3 -51 50 39 30 -63 -32 -16 13 -24 25 19 -37 17 10 46 55 -5 33 30 54 54 -22 18 -23 -50 -61 -55 -50 5 62 62 15 -16 -54 30 -58 45 -26 -25 -8 -6 -1 39 24 63 -51 -63 21 47 46 -47 46 -20 46 -25 6 35 -17 42 -50 -11 -15 -5 -49 -34 54 23 24 28 52 -19 -53 -45 1 48 -34 -58 -6 58 16 42 52 40 57 -8 -62 47 -59 56 -1 -23 1 16 -3 -24 -13 -31 16 54 -32 -15 23 24 7 18 -7 38 -63 31 10 21 7 34 46 35 49 9 2 -44 12 -21 36 -29 -33 -44 -36 44 14 -1 11 -31 -15 -41 0 29 -7 -61 22 20 14 31 56 -17 -20 -43 -31 12 -19 45 13 1 -29 -19 -55 23 12 11 -42 17 25 
1 0 4 0 26 26
0 0 0 0 0 0 0 0 0 0 0 0 0 0 0 0 0 0 0 0 0 0 0 0 0 0 0 0 0 0 0 0 0 0 0 0 0 0 0 0 0 0 0 0 0 0 0 0 0 0 0 0 0 0 0 0 0 0 0 0 0 0 0 0 0 0 0 0 0 0 0 0 0 0 0 0 0 0 0 0 0 0 0 0 0 0 0 0 0 0 0 0 0 0 0 0 0 0 0 0 0 0 0 0 0 0 0 0 0 0 0 0 0 0 0 0 0 0 0 0 0 0 0 0 0 0 0 0 0 0 0 0 0 0 0 0 0 0 0 0 0 0 0 0 0 0 0 0 0 0 0 0 0 0 0 0 0 0 0 0 0 0 0 0 0 0 0 0 0 0 0 0 0 0 0 0 0 0 0 0 0 0 0 0 0 0 0 0 0 0 0 0 0 0 0 0 0 0 0 0 0 0 0 0 0 0 0 0 0 0 0 0 0 0 0 0 0 0 0 0 0 0 0 0 0 0 0 0 0 0 0 0 0 0 0 0 0 0 0 0 0 0 0 0 0 0 0 0 0 0 0 0 0 0 0 0 
4 4 4 4 4 4 4 4 
0 0 0 0 0 0 0 0 0 0 0 0 0 0 0 0 0 0 0 0 0 0 0 0 0 0 0 0 0 0 0 0 0 0 0 0 0 0 0 0 0 0 0 0 0 0 0 0 0 0 0 0 0 0 0 0 0 0 0 0 0 0 0 0 0 0 0 0 0 0 0 0 0 0 0 0 0 0 0 0 0 0 0 0 0 0 0 0 0 0 0 0 0 0 0 0 0 0 0 0 0 0 0 0 0 0 0 0 0 0 0 0 0 0 0 0 0 0 0 0 0 0 0 0 0 0 0 0 0 0 0 0 0 0 0 0 0 0 0 0 0 0 0 0 0 0 0 0 0 0 0 0 0 0 0 0 0 0 0 0 0 0 0 0 0 0 0 0 0 0 0 0 0 0 0 0 0 0 0 0 0 0 0 0 0 0 0 0 0 0 0 0 0 0 0 0 0 0 0 0 0 0 0 0 0 0 0 0 0 0 0 0 0 0 0 0 0 0 0 0 0 0 0 0 0 0 0 0 0 0 0 0 0 0 0 0 0 0 0 0 0 0 0 0 0 0 0 0 0 0 0 0 0 0 0 0 
2 0 11 1 26 26
15 -7 -9 -12 8 -10 15 -14 -5 -15 3 14 1 5 -5 -2 9 10 3 -9 -2 -10 -12 -4 15 1 -6 6 11 14 1 4 31 -18 21 24 15 13 -9 8 13 -16 -3 0 -11 31 -25 -26 0 19 -10 27 4 29 -29 24 -15 10 3 2 -2 30 12 -20 63 -51 -32 -14 48 42 -22 34 -57 39 -14 50 -15 15 -62 -43 -8 -29 30 43 21 -33 -4 1 -9 -31 -14 32 39 -46 -43 55 127 -38 -54 -20 51 -55 -24 116 -113 117 42 38 71 -41 81 74 34 30 4 -124 10 -15 89 116 82 -25 -31 57 38 -92 -24 82 -255 -164 206 -122 15 242 -14 245 157 -79 -58 141 -153 -127 -218 -228 102 -214 128 246 -255 31 1 -123 255 128 193 -11 58 -92 -201 110 511 -129 177 -435 -228 260 -349 -199 -55 448 326 -222 -235 -317 -276 -203 67 -130 427 -281 327 -340 253 371 -172 -273 222 -187 -8 150 -278 -409 -1023 -377 -488 -888 256 -785 491 -337 133 413 965 290 185 -818 153 -169 -288 272 973 275 351 163 -590 -370 -539 305 287 1011 258 296 -926 -787 -2047 1960 1521 -1988 -1857 -1057 -1681 -840 44 -1483 -1759 1727 -742 -1370 -835 -909 -1081 -418 -1151 -66 991 -688 -1390 -351 -261 1520 -1652 1710 -950 -455 -281 -1217 
11 11 11 11 10 9 8 7 
15 -7 -9 -12 8 -10 15 -14 -5 -15 3 14 1 5 -5 -2 9 10 3 -9 -2 -10 -12 -4 15 1 -6 6 11 14 1 4 31 -18 21 24 15 13 -9 8 13 -16 -3 0 -11 31 -25 -26 0 19 -10 27 4 29 -29 24 -15 10 3 2 -2 30 12 -20 63 -51 -32 -14 48 42 -22 34 -57 39 -14 50 -15 15 -62 -43 -8 -29 30 43 21 -33 -4 1 -9 -31 -14 32 39 -46 -43 55 127 -38 -54 -20 51 -55 -24 116 -113 117 42 38 71 -41 81 74 34 30 4 -124 10 -15 89 116 82 -25 -31 57 38 -92 -24 82 -127 -82 103 -61 8 121 -7 123 79 -39 -29 71 -76 -63 -109 -114 51 -107 64 123 -127 16 1 -61 127 64 97 -5 29 -46 -100 55 127 -32 44 -109 -57 65 -87 -50 -14 112 82 -55 -59 -79 -69 -51 17 -32 107 -70 82 -85 63 93 -43 -68 56 -47 -2 38 -69 -102 -128 -47 -61 -111 32 -98 61 -42 17 52 121 36 23 -102 19 -21 -36 34 122 34 44 20 -74 -46 -67 38 36 126 32 37 -116 -98 -128 123 95 -124 -116 -66 -105 -52 3 -93 -110 108 -46 -86 -52 -57 -68 -26 -72 -4 62 -43 -87 -22 -16 95 -103 107 -59 -28 -18 -76 
3 1 25 1 26 24
255 127 122 96 -41 26 -49 -72 21 -101 -55 1 -15 17 -9 66 101 121 27 51 -63 -97 -72 73 35 -42 -22 -115 -55 89 -67 92 255 -51 -35 -18 47 81 88 -3 92 -54 127 95 33 62 61 -89 -54 122 11 83 -6 -55 -30 56 -45 21 -20 50 -79 127 71 -57 255 102 54 39 16 -70 -26 -31 -99 8 -43 72 -31 7 -76 -28 102 -95 40 -38 -115 -29 33 -124 -126 26 47 126 -31 -127 21 10 255 -119 -124 12 24 -26 85 -128 79 86 -21 70 -65 -81 -24 93 41 88 72 -108 -73 -90 -69 21 -25 -95 -20 41 74 16 70 34 255 74 17 -107 -125 -39 123 -106 51 48 -79 -20 -122 -84 -117 93 -82 111 127 36 108 101 -6 39 -125 72 52 -84 90 20 41 -101 255 -4 34 -18 55 -114 27 35 -96 67 89 101 -123 127 -121 -41 116 -3 5 108 -30 -6 124 -111 -53 -60 100 52 54 18 -19 63 255 -111 -105 -38 -35 -20 -35 52 -91 -16 38 90 108 1 36 -54 81 115 52 -42 -91 -59 -1 25 -8 33 17 -126 -69 67 82 68 255 -73 -88 -88 -80 -39 -12 20 125 -33 -62 17 9 -12 101 75 -127 90 -6 -31 57 -77 -25 -28 41 -23 63 -40 -113 -103 127 -108 
24 24 24 24 24 24 24 24 
127 64 61 48 -20 13 -24 -36 11 -50 -27 1 -7 9 -4 33 51 61 14 26 -31 -48 -36 37 18 -21 -11 -57 -27 45 -33 46 127 -25 -17 -9 24 41 44 -1 46 -27 64 48 17 31 31 -44 -27 61 6 42 -3 -27 -15 28 -22 11 -10 25 -39 64 36 -28 127 51 27 20 8 -35 -13 -15 -49 4 -21 36 -15 4 -38 -14 51 -47 20 -19 -57 -14 17 -62 -63 13 24 63 -15 -63 11 5 127 -59 -62 6 12 -13 43 -64 40 43 -10 35 -32 -40 -12 47 21 44 36 -54 -36 -45 -34 11 -12 -47 -10 21 37 8 35 17 127 37 9 -53 -62 -19 62 -53 26 24 -39 -10 -61 -42 -58 47 -41 56 64 18 54 51 -3 20 -62 36 26 -42 45 10 21 -50 127 -2 17 -9 28 -57 14 18 -48 34 45 51 -61 64 -60 -20 58 -1 3 54 -15 -3 62 -55 -26 -30 50 26 27 9 -9 32 127 -55 -52 -19 -17 -10 -17 26 -45 -8 19 45 54 1 18 -27 41 58 26 -21 -45 -29 0 13 -4 17 9 -63 -34 34 41 34 127 -36 -44 -44 -40 -19 -6 10 63 -16 -31 9 5 -6 51 38 -63 45 -3 -15 29 -38 -12 -14 21 -11 32 -20 -56 -51 64 -54 
4 0 22 0 24 24
-32768 5699 28176 -29100 -17049 12867 29203 13376 9859 22373 30338 5143 -7880 11169 -6129 -17341 -17007 10731 -16928 -27204 -24946 -25336 23806 23489 -15109 7001 -27715 27214 -10825 -17108 -29504 -8352 -32768 -22089 8733 -25328 -17720 5369 9432 -32021 -23979 -24568 -30895 1143 -7328 -28562 844 13451 -32161 -24016 -21095 -7157 -17482 -7437 -31045 -13482 3178 -10688 -7474 14536 12940 10541 16419 16573 -32768 10815 20635 6260 -31977 32554 -19793 27694 10916 25651 -5828 27166 18425 -12424 20611 7847 -18533 -3356 -27392 -13229 -20167 -24247 -31613 1658 6573 -2291 -21135 11221 4383 -24975 18741 20570 -32768 -27870 -1938 22335 14431 -26434 -10999 1535 -32729 -14477 18301 23998 -3798 -29355 -9207 25897 28065 -25116 -4485 30406 -22469 -12471 13235 450 29930 -12078 -8883 10252 -25420 -26355 -28314 -32655 -32768 -18181 21718 -29635 18058 2179 -5885 -31863 -4974 -7049 24364 3606 -7150 3508 10705 -14393 21962 849 27368 -8299 15577 692 28586 3283 -17992 -2414 315 -24728 -18098 9055 20213 32039 -32768 25372 -29861 -20539 -10974 8818 30340 27272 4109 -7841 -5519 -25718 -2189 -5797 6156 -19302 4396 -18542 -9406 -5677 12852 -4166 -11269 -22598 28046 28709 -8512 8175 921 -5169 -7758 20023 -32768 -27064 10464 -7238 2913 27260 16895 20182 -957 -13833 28796 -2828 -16442 -26273 -20814 89 -5242 -4585 -10977 23693 -5125 23731 18946 5760 -17158 -20649 -17260 8992 11834 -17319 -3251 -24045 -32768 -18372 -10026 24678 -1337 8482 -19235 -21173 20951 -9577 -1663 -24634 -19089 6872 14345 -31501 24850 22746 21517 -16165 -6752 27940 7872 -30491 -2561 9430 7813 -24247 23805 -8613 -4048 -31612 
13 13 13 13 13 13 13 13 
-64 11 55 -57 -33 25 57 26 19 44 59 10 -15 22 -12 -34 -33 21 -33 -53 -49 -49 46 46 -30 14 -54 53 -21 -33 -58 -16 -64 -43 17 -49 -35 10 18 -63 -47 -48 -60 2 -14 -56 2 26 -63 -47 -41 -14 -34 -15 -61 -26 6 -21 -15 28 25 21 32 32 -64 21 40 12 -62 64 -39 54 21 50 -11 53 36 -24 40 15 -36 -7 -53 -26 -39 -47 -62 3 13 -4 -41 22 9 -49 37 40 -64 -54 -4 44 28 -52 -21 3 -64 -28 36 47 -7 -57 -18 51 55 -49 -9 59 -44 -24 26 1 58 -24 -17 20 -50 -51 -55 -64 -64 -36 42 -58 35 4 -11 -62 -10 -14 48 7 -14 7 21 -28 43 2 53 -16 30 1 56 6 -35 -5 1 -48 -35 18 39 63 -64 50 -58 -40 -21 17 59 53 8 -15 -11 -50 -4 -11 12 -38 9 -36 -18 -11 25 -8 -22 -44 55 56 -17 16 2 -10 -15 39 -64 -53 20 -14 6 53 33 39 -2 -27 56 -6 -32 -51 -41 0 -10 -9 -21 46 -10 46 37 11 -34 -40 -34 18 23 -34 -6 -47 -64 -36 -20 48 -3 17 -38 -41 41 -19 -3 -48 -37 13 28 -62 49 44 42 -32 -13 55 15 -60 -5 18 15 -47 46 -17 -8 -62 
5 0 25 1 24 24
-16383 -2048 32767 8192 64 32767 -16383 1 -2048 127 -2047 512 -31 7 2048 15 2048 -4096 4 2 -512 -63 32767 256 -8191 -7 -32768 16384 7 -32768 128 32767 1023 -8191 8191 8192 -32768 -32767 -127 -1 -128 4096 256 -128 8191 -3 -1 -512 -1023 128 -2047 4096 7 -512 -15 -4 -128 1023 2047 -32768 3 -8 8192 1024 -2048 16383 3 -1024 -255 16383 2047 2 4 15 -2 -4095 -64 -7 16384 -8192 512 16383 15 8191 -63 -16 255 -1024 4 -3 16 64 7 -32767 1 -3 64 4 -7 3 32 8 255 -31 64 1023 -128 32 3 16 1023 -16 1023 -16384 -1024 -16384 -31 -2 15 -127 16 -64 -128 -1023 -8192 -128 16384 1024 -2047 -2048 8192 -128 -32 -8191 1 512 64 7 -32 -16383 -2 -8 -4 32767 15 511 1024 31 128 -64 -1 -16 4095 -256 256 16 2 32 63 -63 -128 3 8192 -2048 8191 -256 -255 -255 2048 -4095 3 128 4 -127 -32 2048 -511 511 1 63 1024 -32768 511 -1 4095 -32768 -32767 -8 2048 31 1023 -8191 3 16 127 256 -3 -4 2047 -15 -16383 1024 -63 -16383 255 -7 -8192 -2048 511 256 8191 -4096 8 1 -4095 1023 -31 128 -4095 1023 2047 -127 -4096 -32 8192 -255 -4095 -16 32 32767 -15 255 255 4095 32767 256 -256 -8191 -4096 -4095 -16 -8191 2047 -512 16 -255 3 -32767 511 -8191 1 -32 -127 -32767 -16383 511 
16 16 17 17 17 16 18 17 
-32 -4 64 16 0 64 -32 0 -4 0 -4 1 0 0 4 0 4 -8 0 0 -1 0 64 1 -16 0 -64 32 0 -64 0 64 2 -16 16 16 -64 -64 0 0 0 8 1 0 16 0 0 -1 -2 0 -4 8 0 -1 0 0 0 2 4 -64 0 0 16 2 -8 64 0 -4 -1 64 8 0 0 0 0 -16 0 0 64 -32 2 64 0 32 0 0 1 -4 0 0 0 0 0 -128 0 0 0 0 0 0 0 0 1 0 0 4 0 0 0 0 4 0 4 -64 -4 -64 0 0 0 0 0 0 0 -4 -32 0 64 4 -8 -8 32 0 0 -32 0 2 0 0 0 -64 0 0 0 127 0 2 4 0 1 0 0 0 16 -1 1 0 0 0 0 0 0 0 16 -4 16 0 0 0 4 -8 0 0 0 0 0 4 -1 1 0 0 2 -64 1 0 8 -64 -64 0 4 0 2 -16 0 0 1 2 0 0 16 0 -128 8 0 -128 2 0 -64 -16 4 2 64 -32 0 0 -32 8 0 1 -32 8 16 -1 -32 0 32 -1 -16 0 0 127 0 1 1 16 127 1 -1 -32 -16 -16 0 -32 8 -2 0 -1 0 -128 2 -32 0 0 0 -128 -64 2 
6 0 40 0 24 24
1040 -1517 -72 0 746 -136 122 12703 2317 -19611 -2401 1410 246 2633 0 298 -19 31 42 -44 -68 4743 -161 -2 14 1 157 -3 0 651 0 246 11979 1 -1136 7 666 0 -2639 32571 295 0 -10817 0 0 181 -56 -25931 -982 -514 -58 -55 0 15575 1009 -27 -24 9 3 0 -1099 30 196 5 5 231 -118 -24 86 -341 0 5 -3 127 -10 7 3 -111 8 0 446 -141 344 -9 54 37 509 0 -3 0 102 -1 15244 15 993 1567 -332 -1 -2 -514 -1992 -3 0 -1019 -2730 181 -17 -642 471 -3785 58 26 -1652 0 -914 94 0 -1501 -556 1 13602 117 672 1301 519 -1 481 -49 1 2452 -59 7594 1 0 -26304 -929 2 0 55 -1 124 -7 -98 5 20 -217 -1 375 -2353 0 -7 629 336 1 -242 585 -779 135 -2 4210 0 -3154 10 -3 901 0 -257 -43 -351 1 -1 -1 -31 -2035 -832 -550 -3725 0 0 1954 -202 8 -1 1006 -498 -133 -1 0 -4082 469 -6 0 -3 -83 3434 0 -34 1860 -58 0 0 421 42 6604 -884 -51 0 -42 963 3190 10 0 0 13 10 26 4 19091 6382 -7 3 -2 0 -5 -54 910 -611 -11 -561 16108 10 -56 -116 -4 45 425 -2141 -1009 -6790 -9113 2691 0 56 -1 -3543 -1205 -1 121 -232 3 -1 0 -1068 1265 32 0 
32 32 33 33 32 35 32 33 
4 -6 0 0 3 -1 0 50 9 -77 -9 6 1 10 0 1 0 0 0 0 0 19 -1 0 0 0 1 0 0 3 0 1 47 0 -4 0 3 0 -10 127 1 0 -42 0 0 1 0 -101 -4 -2 0 0 0 61 4 0 0 0 0 0 -4 0 1 0 0 2 -1 0 1 -3 0 0 0 1 0 0 0 -1 0 0 3 -1 3 0 0 0 4 0 0 0 1 0 119 0 8 12 -3 0 0 -4 -16 0 0 -8 -21 1 0 -5 4 -30 0 0 -13 0 -7 1 0 -12 -4 0 106 1 5 10 4 0 4 0 0 10 0 30 0 0 -103 -4 0 0 0 0 0 0 0 0 0 -1 0 1 -9 0 0 2 1 0 -1 2 -3 1 0 16 0 -99 0 0 28 0 -8 -1 -11 0 0 0 -1 -64 -26 -17 -116 0 0 61 -6 0 0 31 -16 -4 0 0 -128 15 0 0 0 0 13 0 0 7 0 0 0 2 0 26 -3 0 0 0 4 12 0 0 0 0 0 0 0 75 25 0 0 0 0 0 0 7 -5 0 -4 126 0 0 -1 0 0 3 -17 -8 -53 -71 21 0 0 0 -28 -9 0 1 -2 0 0 0 -8 10 0 0 
7 0 -26 0 24 24
-536 -36 -1887 0 0 6 -24 6596 13 21572 7028 -6 0 0 -1 0 59 5 852 1 -101 -587 6007 0 -5 -27 13 -337 2525 -20 0 -6 9 29 -1333 0 188 212 -16742 0 -41 53 1054 10039 -6127 40 -1140 425 -57 -113 -64 3252 4 -49 17 -2647 898 -12122 -3 3 9 -32126 371 2155 -98 58 371 -48 3474 -10 25867 0 7 0 -2 499 17011 0 7 22 -65 -6 -1640 0 2659 5 1524 16072 59 -12696 1 -154 250 -2 6 -13 0 256 0 -8 0 11 -7049 0 249 2666 109 0 -6603 7614 -318 33 -1587 -3 -23 7 106 -14 0 8370 -1812 13831 64 -4 1008 -731 -6468 -59 -455 -843 -17 -146 6 14 0 11 541 13 -1303 -687 0 -35 -464 -8878 -3 0 0 0 3740 0 1268 -24 -1 -403 397 -3 15948 0 -14009 -91 1 2385 1 0 -2360 -1002 -33 830 -2 158 23 0 -103 -357 -1 0 -45 -6 12 -1038 -1811 -1 -185 395 4 7 218 -2434 0 3 54 -56 22 -20 689 5839 5 -123 97 1 -13 1936 -1 -1 16878 -11 -11 0 0 -5 647 7 -1498 0 40 0 0 -27456 0 0 5 -2 50 -91 -105 -22 -14 763 -1 -14 -7 0 24 19 -2481 -3 55 -1 7 -10 4 -1 -269 -54 -8705 -260 0 10 -3 27824 0 0 58 31717 -6 -27 
-34 -34 -34 -33 -33 -31 -34 -34 
-2 0 -7 0 0 0 0 26 0 84 27 0 0 0 0 0 0 0 3 0 0 -2 23 0 0 0 0 -1 10 0 0 0 0 0 -5 0 1 1 -65 0 0 0 4 39 -24 0 -4 2 0 0 0 13 0 0 0 -10 4 -47 0 0 0 -125 1 8 0 0 1 0 14 0 101 0 0 0 0 2 66 0 0 0 0 0 -6 0 10 0 6 63 0 -50 0 -1 1 0 0 0 0 2 0 0 0 0 -55 0 2 21 1 0 -52 59 -2 0 -12 0 0 0 1 0 0 65 -14 108 1 0 8 -6 -51 0 -4 -7 0 -1 0 0 0 0 4 0 -10 -5 0 0 -4 -69 0 0 0 0 29 0 10 0 0 -3 3 0 125 0 -109 -1 0 75 0 0 -74 -31 -1 26 0 5 1 0 -3 -11 0 0 -1 0 0 -32 -57 0 -6 12 0 0 7 -76 0 0 2 -2 0 0 3 23 0 0 0 0 0 8 0 0 66 0 0 0 0 0 3 0 -6 0 0 0 0 -107 0 0 0 0 0 0 0 0 0 3 0 0 0 0 0 0 -10 0 0 0 0 0 0 0 -1 0 -34 -1 0 0 0 109 0 0 0 124 0 0 
8 0 19 0 24 24
-32768 8445 -30309 -31521 14785 23923 25781 -29761 5804 -13485 -24875 15861 2475 -19118 -4088 -13096 4566 -15096 31916 -17931 -25313 -11710 -891 -5973 -19476 11536 8539 30548 8498 -12381 16908 2892 -32768 -8129 -11827 18468 -28419 -7180 -14993 -32186 21876 24476 -29182 10081 25208 -6273 -30496 -15867 5080 -18274 28657 4323 12118 842 28680 -13192 29181 14061 -1679 -18683 20254 17066 21687 31993 -32768 24271 27335 30400 28641 -8377 31814 28182 -25726 -23582 3422 13423 18156 -13916 -679 -15202 5967 14855 -18073 20573 -5059 22337 25466 24087 23795 9077 -23600 -30870 17178 14693 29646 -32454 -32768 -8449 -3245 28665 -1642 5384 -5971 9688 13449 -1250 24126 -1179 2573 -31494 -31938 21429 -26138 16426 -12102 -21246 -5037 -28773 -3920 -25182 -25004 14688 31555 9823 -28008 23234 -22760 -78 -32768 13601 14027 -9290 8967 9520 -8486 -24053 -12805 -21834 6789 -11254 20935 3983 -16805 -21088 -20359 -2997 -20867 -17433 -19656 6050 -23237 -19732 8400 -24993 -13000 24494 8865 -10955 -12246 -30254 -32768 -27225 -3236 5732 16792 20598 17165 2409 19118 5640 1709 -19151 -13773 9172 -6649 -4630 -16649 20748 -13430 -31743 30941 -26154 -27077 -15672 28688 2441 20949 -29982 17232 30942 -30950 -11192 -32768 15950 -26023 -22674 -9215 31704 -2299 30114 -24576 750 10997 -1559 -16894 -10712 3782 16603 -16176 27965 17883 17213 29245 -21196 -9916 -32011 5815 1187 24709 8241 -31086 -10282 -11828 -2143 -32768 -28302 24029 -19016 -23464 -30503 -16020 30464 -25104 17107 -723 -23623 19689 -26078 -29182 25423 28600 26385 -32343 -19949 3015 7158 25676 -12358 25786 -2543 3987 -237 31079 19798 1537 30138 
10 10 10 10 10 10 10 10 
-64 16 -59 -62 29 47 50 -58 11 -26 -49 31 5 -37 -8 -26 9 -29 62 -35 -49 -23 -2 -12 -38 23 17 60 17 -24 33 6 -64 -16 -23 36 -56 -14 -29 -63 43 48 -57 20 49 -12 -60 -31 10 -36 56 8 24 2 56 -26 57 27 -3 -36 40 33 42 62 -64 47 53 59 56 -16 62 55 -50 -46 7 26 35 -27 -1 -30 12 29 -35 40 -10 44 50 47 46 18 -46 -60 34 29 58 -63 -64 -17 -6 56 -3 11 -12 19 26 -2 47 -2 5 -62 -62 42 -51 32 -24 -41 -10 -56 -8 -49 -49 29 62 19 -55 45 -44 0 -64 27 27 -18 18 19 -17 -47 -25 -43 13 -22 41 8 -33 -41 -40 -6 -41 -34 -38 12 -45 -39 16 -49 -25 48 17 -21 -24 -59 -64 -53 -6 11 33 40 34 5 37 11 3 -37 -27 18 -13 -9 -33 41 -26 -62 60 -51 -53 -31 56 5 41 -59 34 60 -60 -22 -64 31 -51 -44 -18 62 -4 59 -48 1 21 -3 -33 -21 7 32 -32 55 35 34 57 -41 -19 -63 11 2 48 16 -61 -20 -23 -4 -64 -55 47 -37 -46 -60 -31 60 -49 33 -1 -46 38 -51 -57 50 56 52 -63 -39 6 14 50 -24 50 -5 8 0 61 39 3 59 
9 0 15 1 24 24
16383 16 -4096 4095 3 -16383 4096 2048 16384 -32768 -8191 -2048 -128 -511 16383 -8191 -8191 15 32767 2047 -8192 -63 -1023 7 7 -1023 4095 32767 -128 -7 -16384 -256 2047 1 -4 -7 -128 15 -1024 -16384 -1024 -2 4 -32767 -32767 -16383 -255 -255 7 3 -4095 -16383 -3 2047 -16383 32767 32767 15 -32767 -8 2047 1 256 -512 -8191 32767 -4 32767 32767 2047 -1023 -64 7 -16 -7 -2047 32 16383 -31 4095 7 -64 -15 1024 32767 32767 -32 -512 -16384 -8191 -255 2 511 8192 -64 1023 -31 -255 -4096 -32 -511 -32768 1024 16 -16384 4095 -3 63 -4 255 1024 -127 4 -16384 511 32 127 -3 31 8 -16384 8 -8192 -63 512 32767 -32767 16383 -16383 128 2 255 256 -256 -4096 3 2047 -4096 8 7 -15 2 15 2 -32767 16383 -4095 16383 -64 128 8191 4095 -2 -7 -4096 16 255 -15 -1024 128 -127 -32768 512 16383 -8 -32768 -4095 -4095 -64 -16383 2 512 8 4 -512 -16384 -511 -127 -32768 -64 63 -2047 -4 32 64 -511 -4 -8191 -8192 512 128 8191 8192 -16383 2048 -8191 -2047 3 -16384 -3 4 -15 255 32767 -8191 511 -7 4096 -64 16384 -1023 16383 -2048 -15 -128 -31 -1 16 -4096 16384 -512 -1 511 -4096 15 8192 256 -127 -32767 127 16384 2 63 -31 4096 127 -128 1023 -255 -511 127 -4096 8192 -16383 256 -4 -8192 2 8191 16383 8 256 -1 16384 -31 -4096 
6 7 7 6 7 6 7 7 
32 0 -8 8 0 -32 8 4 32 -64 -16 -4 0 -1 32 -16 -16 0 64 4 -16 0 -2 0 0 -2 8 64 0 0 -32 0 8 0 0 0 0 0 -4 -64 -4 0 0 -128 -128 -64 -1 -1 0 0 -16 -64 0 8 -64 127 127 0 -128 0 8 0 1 -2 -32 127 0 127 127 8 -4 0 0 0 0 -8 0 64 0 16 0 0 0 4 127 127 0 -2 -64 -32 -1 0 2 32 0 4 0 0 -8 0 -1 -64 2 0 -32 8 0 0 0 0 2 0 0 -32 1 0 0 0 0 0 -32 0 -16 0 1 64 -64 32 -64 1 0 1 1 -1 -16 0 8 -16 0 0 0 0 0 0 -128 64 -16 64 0 1 32 16 0 0 -16 0 1 0 -4 1 0 -64 1 32 0 -64 -8 -8 0 -32 0 1 0 0 -1 -32 -1 0 -64 0 0 -4 0 0 0 -1 0 -16 -16 1 0 16 32 -64 8 -32 -8 0 -64 0 0 0 1 127 -32 2 0 16 0 64 -4 64 -8 0 0 0 0 0 -16 64 -2 0 2 -16 0 32 1 0 -128 0 64 0 0 0 16 0 0 4 -1 -2 0 -16 32 -64 1 0 -32 0 32 64 0 1 0 64 0 -16 
10 1 27 0 24 24
45 -62 -37 41 35 58 30 3 0 -12 15 17 13 -45 -4 -40 -12 29 -48 14 -59 -2 17 40 -48 -62 31 -10 49 -46 29 -52 -41 -52 18 41 -41 11 -51 -54 36 -27 22 58 49 -21 56 -53 -19 51 31 33 -55 -9 1 0 63 14 24 63 46 55 22 -61 -29 12 -31 -61 -61 42 -63 -46 18 -6 35 -26 57 -41 30 -40 -29 -42 -58 -48 -19 -52 18 4 -2 -39 13 39 -9 58 62 20 -14 0 -7 -17 -32 -51 49 17 -11 -31 -37 -15 -44 45 52 36 -55 -9 -25 35 8 52 60 43 9 -19 5 -34 52 18 -49 41 61 52 34 38 34 -51 -2 57 58 13 -37 -63 24 -8 -28 -58 53 37 11 36 7 -2 -58 -22 57 -51 42 41 9 28 -62 20 48 -38 -54 22 17 48 -36 -55 -3 -5 22 -58 -26 31 12 -1 -41 -60 -37 17 -61 13 -11 -51 -29 41 -40 63 7 46 34 -56 12 46 -26 14 53 -25 -3 25 7 -49 28 19 14 3 30 -58 24 -37 0 -57 23 4 -34 40 2 -2 -12 -5 0 38 -57 -63 -8 39 -63 37 -19 -31 -24 -59 -46 37 62 15 -41 -22 5 11 -51 -21 -39 -27 32 12 5 -5 34 35 -3 -40 50 -39 -6 -13 
27 27 27 27 27 27 27 27 
45 -62 -37 41 35 58 30 3 0 -12 15 17 13 -45 -4 -40 -12 29 -48 14 -59 -2 17 40 -48 -62 31 -10 49 -46 29 -52 -41 -52 18 41 -41 11 -51 -54 36 -27 22 58 49 -21 56 -53 -19 51 31 33 -55 -9 1 0 63 14 24 63 46 55 22 -61 -29 12 -31 -61 -61 42 -63 -46 18 -6 35 -26 57 -41 30 -40 -29 -42 -58 -48 -19 -52 18 4 -2 -39 13 39 -9 58 62 20 -14 0 -7 -17 -32 -51 49 17 -11 -31 -37 -15 -44 45 52 36 -55 -9 -25 35 8 52 60 43 9 -19 5 -34 52 18 -49 41 61 52 34 38 34 -51 -2 57 58 13 -37 -63 24 -8 -28 -58 53 37 11 36 7 -2 -58 -22 57 -51 42 41 9 28 -62 20 48 -38 -54 22 17 48 -36 -55 -3 -5 22 -58 -26 31 12 -1 -41 -60 -37 17 -61 13 -11 -51 -29 41 -40 63 7 46 34 -56 12 46 -26 14 53 -25 -3 25 7 -49 28 19 14 3 30 -58 24 -37 0 -57 23 4 -34 40 2 -2 -12 -5 0 38 -57 -63 -8 39 -63 37 -19 -31 -24 -59 -46 37 62 15 -41 -22 5 11 -51 -21 -39 -27 32 12 5 -5 34 35 -3 -40 50 -39 -6 -13 
11 0 23 0 24 24
-32768 27592 9024 -25011 19042 -25361 -28522 -31985 -935 -9790 -150 21455 -2165 -21812 -31950 -4214 11389 -21467 24443 19301 -25922 4392 7229 18400 -17851 13900 780 -14733 -21900 -5204 -19814 -12814 -32768 10194 -28488 18820 -11285 -20088 -29681 15381 31249 -32761 11900 23127 -26669 2504 7424 -16750 20464 31047 15642 22909 23293 22266 -8461 -21423 -17674 -20993 -22067 -18919 -11542 22126 25833 7700 -32768 30663 -17974 10758 -32018 9700 19382 -23281 -784 -10082 2501 -18325 224 27099 13184 28421 -21894 -16135 1558 26035 20272 -8074 14600 6275 -26881 -32441 -23621 1774 12782 -14080 -20062 32019 -32768 23676 -6920 -8899 17838 23381 -26747 -15154 31133 -29075 -32539 -24757 20334 19617 -8807 6336 -14068 17285 31784 7795 -27390 5184 -15035 20463 28489 -16327 -13055 30229 -2355 16973 27744 3446 -32768 14515 -30287 20929 23854 -14234 -3352 -1024 -15861 -4679 9055 32718 -6956 11667 -4688 29148 12622 -7765 -2621 8145 1707 14001 22295 1963 -22156 -11625 7904 28637 17855 -8900 30667 23615 -32768 7527 2777 27238 -23663 78 -10003 -3832 7308 -12105 1333 19541 -4315 -8455 10193 -21139 30659 -96 26292 15179 -32728 -9471 -22589 29862 32545 -1035 11754 29659 -15259 19853 -8862 29824 -32768 -22137 -17886 25305 -25911 3914 -6545 -10553 -17272 13550 5677 14905 31786 -11492 -15903 -22763 -32430 -16286 6665 14926 -31393 -26776 -20327 -22711 -4873 21815 -26470 -4834 -11659 -8510 -30085 7081 -32768 25351 21824 -32348 -23191 -21206 5567 12208 17828 31881 24267 -19224 28571 16345 -30315 19458 3903 -16836 84 23984 -31142 -4718 14496 15456 -14475 16299 -31260 5476 7760 14630 14097 22538 
14 14 14 14 14 14 14 14 
-64 54 18 -49 37 -50 -56 -62 -2 -19 0 42 -4 -43 -62 -8 22 -42 48 38 -51 9 14 36 -35 27 2 -29 -43 -10 -39 -25 -64 20 -56 37 -22 -39 -58 30 61 -64 23 45 -52 5 15 -33 40 61 31 45 45 43 -17 -42 -35 -41 -43 -37 -23 43 50 15 -64 60 -35 21 -63 19 38 -45 -2 -20 5 -36 0 53 26 56 -43 -32 3 51 40 -16 29 12 -53 -63 -46 3 25 -27 -39 63 -64 46 -14 -17 35 46 -52 -30 61 -57 -64 -48 40 38 -17 12 -27 34 62 15 -53 10 -29 40 56 -32 -25 59 -5 33 54 7 -64 28 -59 41 47 -28 -7 -2 -31 -9 18 64 -14 23 -9 57 25 -15 -5 16 3 27 44 4 -43 -23 15 56 35 -17 60 46 -64 15 5 53 -46 0 -20 -7 14 -24 3 38 -8 -17 20 -41 60 0 51 30 -64 -18 -44 58 64 -2 23 58 -30 39 -17 58 -64 -43 -35 49 -51 8 -13 -21 -34 26 11 29 62 -22 -31 -44 -63 -32 13 29 -61 -52 -40 -44 -10 43 -52 -9 -23 -17 -59 14 -64 50 43 -63 -45 -41 11 24 35 62 47 -38 56 32 -59 38 8 -33 0 47 -61 -9 28 30 -28 32 -61 11 15 29 28 44 
12 0 40 0 24 24
245 -9 6 -224 -155 1 -312 40 -19 0 -261 -1 8667 -1 -2 2 72 -2 -1859 0 35 -7 0 -475 -14907 19347 0 7 -3939 -15 146 1838 8837 0 0 -29 0 -1484 30726 -243 5094 0 1 -4 10471 -12350 7926 0 2 -245 -42 -4 -8161 37 10 12753 -1192 -4254 -10 1684 2331 -1996 -9 19 10 -1 -1860 50 28 45 2 -1386 -2 -1 -16 31 0 748 0 7 -30 -1341 2204 -30329 -29654 -199 1 -19 3157 0 -13 -1 2981 867 -13 0 9 0 0 957 -7326 1 7520 -51 10686 41 -1 -3 -11 0 -755 5 5 -367 -2 -1991 -29 871 1 -1892 0 407 0 4167 463 -4558 -28170 1741 576 -898 -10917 16 149 3 -6 0 -115 -437 0 5 155 -26 -11 -235 0 -904 -1715 1434 -1787 1 1993 14 -45 -21716 0 44 0 -50 0 -13314 1 -1441 3719 1784 44 -1 -512 2586 0 6 -10148 -1760 4 770 0 0 -44 -7 504 -3882 -55 0 10060 -1631 47 2 967 0 -3665 -10 -4299 3409 10 2 -11083 -11 -253 -1772 -46 20945 3 0 122 -125 2117 13 453 -85 0 -215 -48 196 -1473 -4 39 -175 0 660 41 9 -92 -103 4 -23 -1076 5188 2 -641 3178 2 6 3131 -3157 -10 -3085 1853 2 94 -570 0 6698 0 -13 440 82 -437 17 151 6006 -2 31 -40 20 56 0 183 
32 32 32 32 32 33 32 34 
1 0 0 -1 -1 0 -1 0 0 0 -1 0 34 0 0 0 0 0 -7 0 0 0 0 -2 -58 76 0 0 -15 0 1 7 35 0 0 0 0 -6 120 -1 20 0 0 0 41 -48 31 0 0 -1 0 0 -32 0 0 50 -5 -17 0 7 9 -8 0 0 0 0 -7 0 0 0 0 -5 0 0 0 0 0 3 0 0 0 -5 9 -118 -116 -1 0 0 12 0 0 0 12 3 0 0 0 0 0 4 -29 0 29 0 42 0 0 0 0 0 -3 0 0 -1 0 -8 0 3 0 -7 0 2 0 16 2 -18 -110 7 2 -4 -43 0 1 0 0 0 0 -2 0 0 1 0 0 -1 0 -4 -7 6 -7 0 8 0 0 -85 0 0 0 0 0 -52 0 -11 29 14 0 0 -4 20 0 0 -79 -14 0 6 0 0 0 0 4 -30 0 0 79 -13 0 0 8 0 -29 0 -34 27 0 0 -43 0 -1 -7 0 82 0 0 0 0 8 0 2 0 0 -1 0 1 -6 0 0 -1 0 3 0 0 0 0 0 0 -17 81 0 -10 50 0 0 49 -49 0 -48 29 0 1 -9 0 105 0 0 7 1 -7 0 2 94 0 0 -1 0 1 0 3 
13 1 -23 0 24 -31
-103 -12 997 -5092 -24041 -22278 399 10 -48 121 2 6417 19390 0 1203 0 -139 -28205 434 -2475 3580 0 0 -13 -6854 1661 63 1777 0 -1 0 -1098 -18 816 2418 788 -117 -224 -17 95 0 0 -6 -2 -12 2 -43 0 1 -828 0 173 335 -817 125 0 0 -1245 -7631 887 350 -7 5 -1 -663 1575 -2 719 9 -1 -68 29441 1094 7 3 0 -13 8 67 -6253 -15 212 56 -283 7417 -591 -5 -1406 -194 461 -15 -310 -354 -26 0 707 114 -5374 30388 10 459 859 2 25 -52 -12 -12858 -28 7167 -2662 0 0 -25 0 -7074 5700 -30 -15328 0 -82 -2 5 -875 15 0 0 1 -15471 -12 0 3 1 0 -217 -901 -3 1146 -11 5 0 363 2128 0 -3 4 -3519 -2746 -1429 -18662 -471 -24827 133 31 60 61 7073 -19 12 -131 -7 -2 0 223 6191 9518 2 391 18 157 1 604 0 0 -109 2 -2 12 -8 -1 425 -3344 12 433 -20834 -15527 -337 1 15 1830 0 -46 -1177 67 -29205 4 10910 0 -6308 0 0 -8 13898 -5 -9143 6232 -7739 598 1 -61 -10 -541 2 31 -8710 0 43 -3 -1 108 291 9 0 3338 2097 510 0 0 0 -4 -8986 -2084 576 -32303 8 -3506 -835 -1209 11 4 -2 559 -527 -3 30 0 -218 25 19 501 -31 -13 1891 8 0 206 26 
-31 -29 -31 -31 -31 -31 -31 -31 
0 0 4 -20 -94 -87 2 0 0 0 0 25 76 0 5 0 -1 -110 2 -10 14 0 0 0 -27 6 0 7 0 0 0 -4 0 13 38 12 -2 -3 0 1 0 0 0 0 0 0 -1 0 0 -13 0 3 5 -13 2 0 0 -19 -119 14 5 0 0 0 -3 6 0 3 0 0 0 115 4 0 0 0 0 0 0 -24 0 1 0 -1 29 -2 0 -5 -1 2 0 -1 -1 0 0 3 0 -21 119 0 2 3 0 0 0 0 -50 0 28 -10 0 0 0 0 -28 22 0 -60 0 0 0 0 -3 0 0 0 0 -60 0 0 0 0 0 -1 -4 0 4 0 0 0 1 8 0 0 0 -14 -11 -6 -73 -2 -97 1 0 0 0 28 0 0 -1 0 0 0 1 24 37 0 2 0 1 0 2 0 0 0 0 0 0 0 0 2 -13 0 2 -81 -61 -1 0 0 7 0 0 -5 0 -114 0 43 0 -25 0 0 0 54 0 -36 24 -30 2 0 0 0 -2 0 0 -34 0 0 0 0 0 1 0 0 13 8 2 0 0 0 0 -35 -8 2 -126 0 -14 -3 -5 0 0 0 2 -2 0 0 0 -1 0 0 2 0 0 7 0 0 1 0 
14 0 13 1 -31 -31
-256 64 16384 -8191 16384 32767 -8192 -1024 63 -16 -63 31 2 8 -8191 2048 4095 255 7 32767 8 -2048 -16 -32767 32767 7 -1 127 -4095 -16384 -8192 -8192 2 2048 -7 511 2 64 -511 1023 -32767 -3 -2048 31 -1023 -8192 -1023 -512 3 32767 -4095 -4095 16384 -32767 16384 128 -3 16383 2047 16383 -32767 -3 -15 255 -3 255 -1 3 -2 32767 -31 8 -16383 2 2 2047 16 512 8191 -511 31 -256 7 -8 512 -512 -2 2 1 128 -32768 -2047 3 15 -16384 64 -16384 -8 1023 -64 4095 -16383 -127 256 128 -2 -8191 -255 512 -16 8191 15 255 -1023 8191 512 16384 2048 511 -3 7 16384 -8 -1023 32 31 -511 -2 4 255 4095 4096 31 1023 -16 511 2 8191 32767 -2048 1 -3 4096 -16383 -2048 7 31 255 2 4 -7 -2047 15 -1024 -8191 -16383 -3 8 256 -512 -2 16384 511 -32 -4096 -64 -1 -16 7 -3 2 15 1023 -8191 -16383 -3 -4095 2 -127 1024 -64 1023 16383 -255 32767 64 -3 -4 -4 127 -64 -1023 -15 8 -511 -1023 -8 -16383 256 8 -1 2048 8191 -2047 -4096 -2047 -2047 1 -2 -4096 31 63 32 32 -511 8191 16 -255 -63 2047 -127 -64 -512 -8 15 31 -16383 16 -63 -3 4095 16384 -16384 -32767 -127 -32767 63 2048 -512 2047 32767 3 255 8 -64 32767 -1023 8191 2048 16 -256 4 -255 256 -255 3 
5 5 4 5 5 5 6 5 
-1 0 64 -32 64 127 -32 -4 0 0 0 0 0 0 -32 8 16 1 0 127 0 -8 0 -128 127 0 0 0 -16 -64 -32 -32 0 8 0 2 0 0 -2 4 -128 0 -8 0 -4 -32 -4 -2 0 127 -16 -16 64 -128 64 1 0 64 8 64 -128 0 0 1 0 0 0 0 0 64 0 0 -32 0 0 4 0 1 16 -1 0 0 0 0 1 -1 0 0 0 0 -64 -4 0 0 -32 0 -64 0 4 0 16 -64 0 1 1 0 -32 -1 2 0 32 0 1 -4 32 2 64 8 2 0 0 64 0 -4 0 0 -2 0 0 1 16 16 0 4 0 2 0 32 127 -8 0 0 16 -64 -8 0 0 1 0 0 0 -8 0 -4 -32 -64 0 0 1 -2 0 64 2 0 -16 0 0 0 0 0 0 0 4 -32 -64 0 -16 0 0 4 0 4 64 -1 127 0 0 0 0 0 0 -4 0 0 -4 -8 0 -128 2 0 0 16 64 -16 -32 -16 -16 0 0 -32 0 0 0 0 -4 64 0 -2 0 16 -1 0 -4 0 0 0 -64 0 0 0 16 64 -64 -128 0 -128 0 8 -2 8 127 0 1 0 0 127 -4 32 8 0 -1 0 -1 1 -1 0 
15 0 24 1 -31 -31
-2047 16 16383 -4 -1 2047 -64 511 7 -16384 -4 8191 -3 -63 -15 2048 32767 -511 -512 1 -8191 255 4 255 127 255 -32 2 64 2047 -512 -8 -1024 63 32 2048 31 2047 -16 -4095 15 32767 -2048 -128 -2048 -2048 -511 -8192 2048 7 -32768 4095 2047 -2 -255 1 -16 -1024 32 16384 -64 -256 -2047 8192 511 512 1024 32 2 2047 -64 -15 4095 256 -2048 -8192 8192 -32768 -256 -15 -16 -64 1024 3 -7 63 256 -63 4095 8192 -8 -2048 2047 15 -2 1023 31 -8191 -8191 -2047 7 -127 64 -256 32767 8192 -256 32767 -4 8 1024 -2048 4095 -32767 8191 32 511 -8192 -32767 -32767 8 -256 16383 -1 15 8 8191 32 2047 -512 1024 32767 -8 -256 -16 -32768 2 8 -2048 16384 -32767 -2 -8 4095 -4096 1023 1024 -8192 -16383 128 3 127 -32767 -8192 -4095 16 -512 7 64 -8 32 -15 2 32767 2047 -1024 4095 -32768 1023 2047 -2 -64 -8192 -2048 63 32 127 -16 2 -4095 2047 -31 -16384 8191 -63 -2 -128 -1 -3 511 4095 31 -63 1 16 -4096 4095 -32768 -4 16 8192 8 16383 -4 -2 -1023 -255 8 8191 16 -511 -255 -16384 -8191 -32 1023 -31 -255 8 7 -4 16384 -256 -1 -1 -4095 32767 2047 -8192 -4096 3 -64 128 -64 256 1024 -8 -4096 -127 511 -255 -128 2047 127 -16383 2 256 -15 -32 3 512 -16384 16383 -8191 -64 32 
16 15 15 16 15 15 15 16 
-8 0 64 0 0 8 0 2 0 -64 0 32 0 0 0 8 127 -2 -2 0 -32 1 0 1 0 1 0 0 0 8 -2 0 -2 0 0 4 0 4 0 -8 0 64 -4 0 -4 -4 -1 -16 4 0 -64 8 4 0 0 0 0 -2 0 32 0 0 -4 16 1 1 2 0 0 4 0 0 8 1 -4 -16 16 -64 0 0 0 0 2 0 0 0 1 0 8 16 0 -4 4 0 0 2 0 -32 -32 -8 0 0 0 -1 127 32 -1 127 0 0 4 -8 16 -128 32 0 2 -32 -128 -128 0 -1 64 0 0 0 32 0 4 -1 2 64 0 0 0 -64 0 0 -4 32 -64 0 0 8 -8 2 2 -16 -32 0 0 0 -64 -16 -8 0 -1 0 0 0 0 0 0 64 4 -2 8 -64 2 4 0 0 -16 -4 0 0 0 0 0 -8 4 0 -32 16 0 0 0 0 0 1 8 0 0 0 0 -8 8 -64 0 0 16 0 32 0 0 -2 0 0 16 0 -1 0 -32 -16 0 2 0 0 0 0 0 32 0 0 0 -16 127 8 -32 -16 0 0 1 0 1 4 0 -16 0 2 -1 0 8 0 -64 0 1 0 0 0 2 -64 64 -32 0 0 
16 0 40 0 -31 -31
-439 -374 77 5168 -1 956 16115 63 2 -1 -2 3100 -708 -28 -1 0 -1 -3 0 4 -839 -108 -5 -4 -3 25735 0 -14621 -11 6 3 -7585 -9846 5 24 0 -3 0 -2147 -858 2 -9164 0 -4750 -3099 97 -16 207 15578 -1 18 12 218 -24 8064 -19548 33 0 366 0 6576 -1 0 -2 1 0 5 1 0 28107 -65 0 -486 -13 -93 -5389 -12 0 -10160 858 22 -291 5624 -3 1402 2 39 487 0 105 -7601 0 16 -20467 -16198 -411 1279 674 -243 -3 192 1014 -20 -5 0 -397 5889 -1647 400 -29 -3659 -188 -509 0 269 -1052 490 426 -217 0 -1 35 2010 1025 0 -201 3377 -4 3618 -124 -14738 216 8007 6231 1301 71 -13280 -9189 2583 -3 0 6 641 -433 -105 -205 4 -15775 -164 3 -9480 619 27 -336 5 -45 -160 0 0 0 351 -171 -14960 1940 0 -10 -118 -1236 -39 1 2108 -710 72 0 1 2 2 17 0 -1135 8278 -159 132 1138 23988 700 992 2147 -2 96 116 -5214 1266 0 2087 0 2 -8 -13 -120 -105 -78 -28 1 3556 -3276 -124 -1395 3925 -1216 2056 1 -546 -20559 -5907 1 8246 31 8729 -237 2 -16 5 51 145 -570 375 -1 4 14 -311 7 -28 15245 0 313 -5 1913 -1 -3 1 -27177 -29 -57 0 -24453 -1500 0 -10 220 106 14 -4930 -8418 -15893 -17 
32 32 32 34 33 32 32 32 
-2 -1 0 20 0 4 63 0 0 0 0 12 -3 0 0 0 0 0 0 0 -3 0 0 0 0 101 0 -57 0 0 0 -30 -38 0 0 0 0 0 -8 -3 0 -36 0 -19 -12 0 0 1 61 0 0 0 1 0 32 -76 0 0 1 0 26 0 0 0 0 0 0 0 0 110 0 0 -2 0 0 -21 0 0 -40 3 0 -1 22 0 5 0 0 2 0 0 -30 0 0 -80 -63 -2 20 11 -4 0 3 16 0 0 0 -6 92 -26 6 0 -57 -3 -8 0 4 -16 8 7 -3 0 0 1 31 16 0 -3 53 0 28 -1 -115 2 63 49 10 1 -104 -72 20 0 0 0 5 -3 -1 -2 0 -123 -1 0 -74 5 0 -3 0 0 -1 0 0 0 1 -1 -58 8 0 0 0 -5 0 0 8 -3 0 0 0 0 0 0 0 -4 32 -1 1 4 94 3 4 8 0 0 0 -20 5 0 8 0 0 0 0 0 0 0 0 0 14 -13 0 -5 15 -5 8 0 -2 -80 -23 0 32 0 34 -1 0 0 0 0 1 -2 1 0 0 0 -1 0 0 60 0 1 0 7 0 0 0 -106 0 0 0 -96 -6 0 0 1 0 0 -19 -33 -62 0 
17 0 16 0 -31 -31
-60 -59 -35 -31 53 48 -59 37 -62 -10 -22 39 16 -36 22 6 -4 10 40 -62 11 40 29 30 -54 60 -47 -62 63 -60 9 -56 -18 -58 -28 -41 11 -21 -6 -62 32 52 -26 -12 31 32 17 25 -63 -32 16 1 18 -35 57 29 -32 36 60 63 35 1 -45 26 48 -62 -31 -63 -56 -41 -55 -32 -45 34 52 -1 30 53 37 54 -37 -28 -17 -48 -4 -1 24 1 34 -23 54 -59 -63 15 15 -46 42 -9 53 2 49 -28 42 -50 37 -54 -55 -11 13 47 20 -27 -50 20 -10 -27 3 55 -5 11 -58 -41 -41 -61 -10 54 -60 -54 20 -21 47 38 30 -28 -29 18 -48 11 -49 16 -55 0 -5 -56 41 -13 -51 16 17 -28 47 -41 -55 31 43 -6 24 60 -35 31 24 -54 41 -40 41 11 -27 19 -35 56 -32 -19 20 -10 -36 -20 13 -4 27 32 -24 8 51 -1 61 -62 -24 30 42 -35 46 -20 36 -26 2 34 19 46 40 32 26 -34 -1 61 49 37 33 21 -38 54 9 -46 -9 -48 55 15 34 59 -41 -18 40 58 -8 -37 -23 10 9 1 -31 -28 -37 45 16 -35 22 62 -30 8 26 28 -23 -26 -47 -30 -47 10 -49 46 -2 61 -47 13 -36 -60 61 -5 
16 16 16 16 16 16 16 16 
-60 -59 -35 -31 53 48 -59 37 -62 -10 -22 39 16 -36 22 6 -4 10 40 -62 11 40 29 30 -54 60 -47 -62 63 -60 9 -56 -18 -58 -28 -41 11 -21 -6 -62 32 52 -26 -12 31 32 17 25 -63 -32 16 1 18 -35 57 29 -32 36 60 63 35 1 -45 26 48 -62 -31 -63 -56 -41 -55 -32 -45 34 52 -1 30 53 37 54 -37 -28 -17 -48 -4 -1 24 1 34 -23 54 -59 -63 15 15 -46 42 -9 53 2 49 -28 42 -50 37 -54 -55 -11 13 47 20 -27 -50 20 -10 -27 3 55 -5 11 -58 -41 -41 -61 -10 54 -60 -54 20 -21 47 38 30 -28 -29 18 -48 11 -49 16 -55 0 -5 -56 41 -13 -51 16 17 -28 47 -41 -55 31 43 -6 24 60 -35 31 24 -54 41 -40 41 11 -27 19 -35 56 -32 -19 20 -10 -36 -20 13 -4 27 32 -24 8 51 -1 61 -62 -24 30 42 -35 46 -20 36 -26 2 34 19 46 40 32 26 -34 -1 61 49 37 33 21 -38 54 9 -46 -9 -48 55 15 34 59 -41 -18 40 58 -8 -37 -23 10 9 1 -31 -28 -37 45 16 -35 22 62 -30 8 26 28 -23 -26 -47 -30 -47 10 -49 46 -2 61 -47 13 -36 -60 61 -5 
18 0 7 1 -31 -31
-15 3 0 12 -3 14 -10 -13 -2 8 2 -5 3 3 0 -1 1 -15 -3 -12 9 -11 -9 7 9 1 4 4 6 11 -10 -2 31 -29 20 -5 -20 9 14 -22 -3 28 26 -17 23 10 -16 -4 30 8 -11 -3 5 22 -11 10 -15 -13 -3 -17 -21 27 31 14 -63 -8 7 -60 11 -12 63 55 -37 10 21 49 -51 -1 23 -38 52 25 49 55 -13 -38 -21 -24 47 47 5 -55 -8 43 -58 28 -127 -44 -20 45 -23 -100 115 -80 -81 -6 -127 -2 106 -67 -17 100 -108 37 68 -69 5 -53 -31 108 22 -127 123 -13 -19 56 53 -73 255 38 175 -55 31 59 119 68 38 253 -192 -79 52 -136 -196 -33 -44 -88 46 136 -187 -5 -161 -71 9 -202 -238 226 63 -35 88 -7 511 -4 178 357 65 -37 452 410 -509 246 119 -144 339 249 465 351 333 -29 -97 99 230 -398 -411 -130 -393 407 346 -438 -289 302 419 -184 1023 -375 491 -78 -707 664 -715 433 959 -349 399 -728 267 555 -869 455 968 811 157 64 -159 -840 -24 863 190 -87 -252 -384 -221 -450 -203 816 -2047 -423 333 -698 1310 -788 547 1499 799 -1697 1683 101 -619 1453 -700 125 -1427 -2014 -1078 -231 -1243 998 1811 -2044 1187 -255 637 201 -1783 -179 1646 -1064 
7 7 7 7 6 5 4 3 
-15 3 0 12 -3 14 -10 -13 -2 8 2 -5 3 3 0 -1 1 -15 -3 -12 9 -11 -9 7 9 1 4 4 6 11 -10 -2 31 -29 20 -5 -20 9 14 -22 -3 28 26 -17 23 10 -16 -4 30 8 -11 -3 5 22 -11 10 -15 -13 -3 -17 -21 27 31 14 -63 -8 7 -60 11 -12 63 55 -37 10 21 49 -51 -1 23 -38 52 25 49 55 -13 -38 -21 -24 47 47 5 -55 -8 43 -58 28 -127 -44 -20 45 -23 -100 115 -80 -81 -6 -127 -2 106 -67 -17 100 -108 37 68 -69 5 -53 -31 108 22 -127 123 -13 -19 56 53 -73 127 19 88 -27 16 30 60 34 19 127 -96 -39 26 -68 -98 -16 -22 -44 23 68 -93 -2 -80 -35 5 -101 -119 113 32 -17 44 -3 127 -1 45 89 16 -9 113 103 -127 62 30 -36 85 62 116 88 83 -7 -24 25 58 -99 -103 -32 -98 102 87 -109 -72 76 105 -46 127 -47 61 -10 -88 83 -89 54 120 -44 50 -91 33 69 -109 57 121 101 20 8 -20 -105 -3 108 24 -11 -31 -48 -28 -56 -25 102 -128 -26 21 -44 82 -49 34 94 50 -106 105 6 -39 91 -44 8 -89 -126 -67 -14 -78 62 113 -128 74 -16 40 13 -111 -11 103 -66 
19 0 24 0 -31 -31
-32768 32689 30400 30928 25977 -22843 19685 2789 -30636 -3676 -8336 7003 -13727 -3379 -27078 -30734 2797 4197 -38 11797 22497 29466 -2721 16723 17568 -16142 -14669 31361 -8279 -28424 -4935 -26588 -32768 27362 -19804 13972 12821 12949 1077 -7474 10467 2129 8055 -17621 6670 -11751 9491 -32244 -9261 -20997 -23137 -10161 -26260 1843 -10129 -29639 4582 -7348 17417 -7349 15445 -17874 -20268 26681 -32768 -24349 -7656 -20086 -8892 27320 -21090 29827 32380 31919 -853 -29580 29070 -13468 16695 -29039 -28768 31570 10135 21835 -30235 14942 19506 -4702 13823 17249 -10608 -9027 -23141 -18 -1465 15699 -32768 7801 -4513 -14983 24799 20572 -14351 -25740 -23544 3598 24233 21083 26615 -10522 -11937 -25857 -20792 -21643 -24045 -19350 -19079 10467 16486 15137 -23251 -8392 23029 -8643 15514 10690 -17236 -18536 -32768 -6750 28373 -19768 9628 22115 2901 25933 -18116 -10923 -24089 23728 -7260 -28677 -29666 6691 -2838 -29094 -8374 -22708 -6848 2904 13590 -23620 -25968 16362 -18237 -25845 16414 -478 -25984 -10701 -32768 -16991 -4344 3197 17430 27368 23969 -9951 4271 12742 15779 16033 7783 -25775 -12388 29018 25784 -8899 12838 -27425 -31104 -15731 1640 -22122 1619 32016 -17152 27745 -18325 -19473 -5448 -3623 -32768 -11461 -22004 -32000 21616 -23427 -28819 24612 17500 -5918 21786 -28773 2491 20270 18647 -22800 -4516 -30799 17676 -14142 -19281 9023 12002 2560 15628 1783 14942 -9769 29584 -30563 22664 8160 -32768 28349 -18284 8205 -21839 -14243 -19931 -25921 9995 -23738 -7377 22935 -26200 18368 -25880 7710 -1868 19320 22518 -29374 -2251 -14201 -10344 -30234 -20742 2033 -14948 -24654 -19367 15809 -3902 -24590 
15 15 15 15 15 15 15 15 
-64 64 59 60 51 -45 38 5 -60 -7 -16 14 -27 -7 -53 -60 5 8 0 23 44 58 -5 33 34 -32 -29 61 -16 -56 -10 -52 -64 53 -39 27 25 25 2 -15 20 4 16 -34 13 -23 19 -63 -18 -41 -45 -20 -51 4 -20 -58 9 -14 34 -14 30 -35 -40 52 -64 -48 -15 -39 -17 53 -41 58 63 62 -2 -58 57 -26 33 -57 -56 62 20 43 -59 29 38 -9 27 34 -21 -18 -45 0 -3 31 -64 15 -9 -29 48 40 -28 -50 -46 7 47 41 52 -21 -23 -51 -41 -42 -47 -38 -37 20 32 30 -45 -16 45 -17 30 21 -34 -36 -64 -13 55 -39 19 43 6 51 -35 -21 -47 46 -14 -56 -58 13 -6 -57 -16 -44 -13 6 27 -46 -51 32 -36 -50 32 -1 -51 -21 -64 -33 -8 6 34 53 47 -19 8 25 31 31 15 -50 -24 57 50 -17 25 -54 -61 -31 3 -43 3 63 -33 54 -36 -38 -11 -7 -64 -22 -43 -62 42 -46 -56 48 34 -12 43 -56 5 40 36 -45 -9 -60 35 -28 -38 18 23 5 31 3 29 -19 58 -60 44 16 -64 55 -36 16 -43 -28 -39 -51 20 -46 -14 45 -51 36 -51 15 -4 38 44 -57 -4 -28 -20 -59 -41 4 -29 -48 -38 31 -8 -48 
20 1 15 0 -31 -31
39 -4 46 -27 -61 29 35 -20 2 23 -46 -34 -38 45 10 -56 19 -62 45 8 36 8 -57 61 53 55 -18 62 -61 -2 18 -19 54 61 -43 25 -44 -27 -32 60 48 -3 54 -52 36 21 -2 -24 51 35 38 -5 -17 32 57 -5 -8 17 2 -41 14 -47 -30 55 -7 2 42 19 51 -24 51 -40 -49 -11 -19 -34 -50 -48 -37 6 -52 14 -58 -57 -61 -61 28 61 39 51 38 14 -5 59 61 46 -54 -6 8 6 -51 50 55 -31 24 8 -10 -28 -15 25 60 -34 -41 49 -22 0 5 -9 -16 1 42 -47 -18 36 16 -58 22 52 -46 34 -41 -12 15 -51 -47 -40 51 -29 37 -27 7 38 51 4 -40 -56 54 -29 20 45 16 -19 -34 26 59 -19 -29 -45 -53 51 -59 55 -53 -26 46 5 -61 -42 -2 53 -11 -17 -23 25 -58 3 53 42 27 50 39 59 1 -22 15 45 -7 -34 50 20 25 20 -10 -20 48 -29 24 30 -36 49 -43 44 61 33 -22 -20 52 6 -10 -41 3 -22 39 48 -36 58 -46 13 -59 2 -57 -22 -6 10 24 -46 43 -11 -3 10 52 -53 41 23 -5 22 24 37 18 -25 -59 -29 52 -58 60 -18 -25 26 38 11 41 -24 61 -57 -1 40 
15 15 15 15 15 15 15 15 
39 -4 46 -27 -61 29 35 -20 2 23 -46 -34 -38 45 10 -56 19 -62 45 8 36 8 -57 61 53 55 -18 62 -61 -2 18 -19 54 61 -43 25 -44 -27 -32 60 48 -3 54 -52 36 21 -2 -24 51 35 38 -5 -17 32 57 -5 -8 17 2 -41 14 -47 -30 55 -7 2 42 19 51 -24 51 -40 -49 -11 -19 -34 -50 -48 -37 6 -52 14 -58 -57 -61 -61 28 61 39 51 38 14 -5 59 61 46 -54 -6 8 6 -51 50 55 -31 24 8 -10 -28 -15 25 60 -34 -41 49 -22 0 5 -9 -16 1 42 -47 -18 36 16 -58 22 52 -46 34 -41 -12 15 -51 -47 -40 51 -29 37 -27 7 38 51 4 -40 -56 54 -29 20 45 16 -19 -34 26 59 -19 -29 -45 -53 51 -59 55 -53 -26 46 5 -61 -42 -2 53 -11 -17 -23 25 -58 3 53 42 27 50 39 59 1 -22 15 45 -7 -34 50 20 25 20 -10 -20 48 -29 24 30 -36 49 -43 44 61 33 -22 -20 52 6 -10 -41 3 -22 39 48 -36 58 -46 13 -59 2 -57 -22 -6 10 24 -46 43 -11 -3 10 52 -53 41 23 -5 22 24 37 18 -25 -59 -29 52 -58 60 -18 -25 26 38 11 41 -24 61 -57 -1 40 
21 0 10 0 -31 -31
2 26 -9 59 32 29 59 56 34 9 31 52 -36 30 -4 -15 56 -4 -47 -9 40 -14 -39 51 3 -35 -47 -54 -35 32 -21 -55 -32 56 -37 -42 -5 -56 34 1 25 49 -19 -3 -13 12 55 34 42 -51 -60 -1 7 3 -34 19 -21 23 -25 42 -34 23 2 -4 -26 0 -41 -16 18 -9 36 -44 -37 -11 8 9 -24 17 48 -1 -43 -8 -24 -37 -50 -3 41 -21 18 44 60 27 46 -43 10 8 -28 -48 29 19 -20 -18 36 42 -32 -42 18 49 -36 41 25 -29 -35 -12 -39 15 -61 -53 -19 18 43 -12 1 -11 4 -26 -51 20 38 -33 36 36 -42 31 -2 -54 23 -30 -29 -42 -4 -57 51 -16 -36 14 2 48 -19 33 6 -59 -33 -1 9 29 -31 22 36 22 55 51 -40 -41 13 40 -34 -51 -57 -25 7 -30 -26 -24 -14 -44 -26 -58 -58 -8 -47 0 30 -21 -10 29 45 41 24 25 12 -54 -43 -51 -39 -31 18 -51 4 54 57 6 45 45 -14 5 -14 30 53 -7 -5 27 24 -44 -43 13 33 -38 59 -5 32 36 1 -28 57 -35 18 21 31 2 -17 63 29 -15 27 49 -31 -52 -44 28 26 38 -27 -18 -46 17 45 -44 -46 53 15 -53 39 1 49 19 
10 10 10 10 10 10 10 10 
2 26 -9 59 32 29 59 56 34 9 31 52 -36 30 -4 -15 56 -4 -47 -9 40 -14 -39 51 3 -35 -47 -54 -35 32 -21 -55 -32 56 -37 -42 -5 -56 34 1 25 49 -19 -3 -13 12 55 34 42 -51 -60 -1 7 3 -34 19 -21 23 -25 42 -34 23 2 -4 -26 0 -41 -16 18 -9 36 -44 -37 -11 8 9 -24 17 48 -1 -43 -8 -24 -37 -50 -3 41 -21 18 44 60 27 46 -43 10 8 -28 -48 29 19 -20 -18 36 42 -32 -42 18 49 -36 41 25 -29 -35 -12 -39 15 -61 -53 -19 18 43 -12 1 -11 4 -26 -51 20 38 -33 36 36 -42 31 -2 -54 23 -30 -29 -42 -4 -57 51 -16 -36 14 2 48 -19 33 6 -59 -33 -1 9 29 -31 22 36 22 55 51 -40 -41 13 40 -34 -51 -57 -25 7 -30 -26 -24 -14 -44 -26 -58 -58 -8 -47 0 30 -21 -10 29 45 41 24 25 12 -54 -43 -51 -39 -31 18 -51 4 54 57 6 45 45 -14 5 -14 30 53 -7 -5 27 24 -44 -43 13 33 -38 59 -5 32 36 1 -28 57 -35 18 21 31 2 -17 63 29 -15 27 49 -31 -52 -44 28 26 38 -27 -18 -46 17 45 -44 -46 53 15 -53 39 1 49 19 
22 1 40 0 -31 -31
-7868 -173 3891 -910 26 -11 -1262 0 40 -6 -1551 87 -1 -460 -1 -15637 0 -1890 -28 22 -1942 -66 -40 -825 -510 1005 50 164 -6901 232 3774 -11 -7 1728 0 -823 8779 2 337 -1844 2 -1 -15 91 -14266 2238 -23574 22 -3 1832 45 5577 -4347 -24712 407 3 -2 -12618 608 -6 -239 -257 344 7 -2 0 0 3796 0 29866 -25 -276 13306 16134 0 -2 7 12 20 -240 -1 0 2599 0 22307 -53 -12 0 38 -4506 0 -2988 -661 3 -8 172 0 0 -978 -185 -100 3 -2163 -2 46 14 -1339 14000 3 -5447 105 1 -971 -1001 0 -112 0 0 4375 -590 2943 -728 -3 34 26367 -87 1 12316 0 27 6 862 -1 3 -15 -315 0 9 -1377 13 30933 5275 2 116 1108 -458 8237 3 -1366 15 0 6902 1 493 -4638 -42 -137 -644 -12 199 431 -977 -122 -231 -68 267 -4030 -652 -7536 3 1359 -1 -1911 -53 -12410 -15 223 -199 -4 728 0 -6 1948 -84 -1 17 2 -985 -45 6893 533 -6 -13259 -11 445 104 450 -1884 -1702 -10 -16167 -6102 379 3364 6 11675 -3607 -1539 51 -1697 49 2 -78 175 0 273 22 -13898 1958 0 -41 -6 22 -13 -10584 1 1 5143 -15 -3 98 -214 -12 -3 0 1073 1218 30 78 -6149 -4 196 57 2182 -1 0 -10626 101 -27 -469 2198 21716 9 47 0 89 
33 32 32 32 32 33 33 32 
-61 -1 30 -7 0 0 -10 0 0 0 -12 1 0 -4 0 -122 0 -15 0 0 -15 -1 0 -6 -4 8 0 1 -54 2 29 0 0 7 0 -3 34 0 1 -7 0 0 0 0 -56 9 -92 0 0 7 0 22 -17 -97 2 0 0 -49 2 0 -1 -1 1 0 0 0 0 15 0 117 0 -1 52 63 0 0 0 0 0 -1 0 0 10 0 87 0 0 0 0 -18 0 -12 -3 0 0 1 0 0 -4 -1 0 0 -8 0 0 0 -5 55 0 -21 0 0 -4 -4 0 0 0 0 17 -2 11 -3 0 0 103 0 0 48 0 0 0 3 0 0 0 -1 0 0 -5 0 121 21 0 0 4 -2 32 0 -5 0 0 27 0 2 -18 0 -1 -3 0 1 3 -8 -1 -2 -1 2 -31 -5 -59 0 11 0 -15 0 -97 0 2 -2 0 6 0 0 15 -1 0 0 0 -8 0 54 4 0 -104 0 3 1 4 -15 -13 0 -126 -48 3 26 0 91 -28 -12 0 -13 0 0 -1 1 0 2 0 -109 15 0 0 0 0 0 -41 0 0 20 0 0 0 -1 0 0 0 4 5 0 0 -24 0 1 0 9 0 0 -42 0 0 -2 9 85 0 0 0 0 
23 0 40 0 -31 -31
28 -228 -7597 1200 -462 -2887 -36 -15 0 156 162 -427 30568 -8 10 -4 43 -4 -2 481 -1329 1 3699 0 -2408 -23870 -1284 -1580 3812 -2521 -4545 95 -30995 -2847 -81 0 218 0 -4 0 303 741 4 -5002 214 -11 1461 -3 2 713 -46 -366 12033 -27360 -107 54 -1220 4481 0 243 -495 -86 -173 0 -3 -12479 0 -224 9 0 119 5 -4890 -1 -2030 7121 -2 7858 108 3778 1 -2 2 -1 -216 0 3 -476 22 904 221 -1998 -7730 0 0 160 -25 -1 -8 -33 80 -241 -14 20627 0 -226 -1560 -196 -583 -1033 42 0 0 295 -1 47 207 17 9335 -5793 -7237 16 398 2 0 -21 12 586 -36 -30940 50 -4 287 0 -559 -344 -24376 3336 -6881 -2 1573 22 -8 169 486 -70 -10 5548 0 -1951 23 331 -1 31 -18 5 -26 12167 -105 0 7963 -28888 -2 16396 331 18721 481 -2 0 2330 -97 -214 0 57 -20 -25620 18106 7596 -3 -27 0 242 1 28618 -1745 1 3090 12756 -1 46 9 -175 -160 2 15 -269 -118 3 3517 1 470 0 1 25 14733 32 -251 4088 -7620 9 -9 -19955 -1 -283 -15 2 -1 -5 -2 0 6820 -57 14 0 2262 -1927 0 457 -8 -29 6 -67 -14591 6 4 -1 26844 12 2 -2958 -13397 -6 -3113 13 -8 169 0 34 10108 -58 4 -623 -66 14 75 5415 
32 32 33 32 32 32 32 32 
0 -1 -30 5 -2 -11 0 0 0 1 1 -2 119 0 0 0 0 0 0 2 -5 0 14 0 -9 -93 -5 -6 15 -10 -18 0 -121 -11 0 0 1 0 0 0 1 3 0 -20 1 0 6 0 0 3 0 -1 47 -107 0 0 -5 18 0 1 -2 0 -1 0 0 -97 0 -2 0 0 1 0 -38 0 -16 56 0 61 1 30 0 0 0 0 -2 0 0 -4 0 7 2 -16 -60 0 0 1 0 0 0 0 0 -1 0 81 0 -1 -6 -1 -2 -4 0 0 0 1 0 0 1 0 36 -23 -28 0 2 0 0 0 0 2 0 -121 0 0 1 0 -2 -1 -95 13 -27 0 6 0 0 1 2 0 0 22 0 -8 0 1 0 0 0 0 0 48 0 0 31 -113 0 64 1 73 2 0 0 9 0 -1 0 0 0 -100 71 30 0 0 0 1 0 112 -7 0 12 50 0 0 0 -1 -1 0 0 -1 0 0 14 0 2 0 0 0 58 0 -1 16 -30 0 0 -78 0 -1 0 0 0 0 0 0 27 0 0 0 9 -8 0 2 0 0 0 0 -57 0 0 0 105 0 0 -12 -52 0 -12 0 0 1 0 0 39 0 0 -2 0 0 0 21 
24 0 24 0 -31 -31
0 0 0 0 0 0 0 0 0 0 0 0 0 0 0 0 0 0 0 0 0 0 0 0 0 0 0 0 0 0 0 0 0 0 0 0 0 0 0 0 0 0 0 0 0 0 0 0 0 0 0 0 0 0 0 0 0 0 0 0 0 0 0 0 0 0 0 0 0 0 0 0 0 0 0 0 0 0 0 0 0 0 0 0 0 0 0 0 0 0 0 0 0 0 0 0 0 0 0 0 0 0 0 0 0 0 0 0 0 0 0 0 0 0 0 0 0 0 0 0 0 0 0 0 0 0 0 0 0 0 0 0 0 0 0 0 0 0 0 0 0 0 0 0 0 0 0 0 0 0 0 0 0 0 0 0 0 0 0 0 0 0 0 0 0 0 0 0 0 0 0 0 0 0 0 0 0 0 0 0 0 0 0 0 0 0 0 0 0 0 0 0 0 0 0 0 0 0 0 0 0 0 0 0 0 0 0 0 0 0 0 0 0 0 0 0 0 0 0 0 0 0 0 0 0 0 0 0 0 0 0 0 0 0 0 0 0 0 0 0 0 0 0 0 0 0 0 0 0 0 0 0 0 0 0 0 
24 24 24 24 24 24 24 24 
0 0 0 0 0 0 0 0 0 0 0 0 0 0 0 0 0 0 0 0 0 0 0 0 0 0 0 0 0 0 0 0 0 0 0 0 0 0 0 0 0 0 0 0 0 0 0 0 0 0 0 0 0 0 0 0 0 0 0 0 0 0 0 0 0 0 0 0 0 0 0 0 0 0 0 0 0 0 0 0 0 0 0 0 0 0 0 0 0 0 0 0 0 0 0 0 0 0 0 0 0 0 0 0 0 0 0 0 0 0 0 0 0 0 0 0 0 0 0 0 0 0 0 0 0 0 0 0 0 0 0 0 0 0 0 0 0 0 0 0 0 0 0 0 0 0 0 0 0 0 0 0 0 0 0 0 0 0 0 0 0 0 0 0 0 0 0 0 0 0 0 0 0 0 0 0 0 0 0 0 0 0 0 0 0 0 0 0 0 0 0 0 0 0 0 0 0 0 0 0 0 0 0 0 0 0 0 0 0 0 0 0 0 0 0 0 0 0 0 0 0 0 0 0 0 0 0 0 0 0 0 0 0 0 0 0 0 0 0 0 0 0 0 0 0 0 0 0 0 0 0 0 0 0 0 0 
25 0 6 1 -31 -31
32 -256 16 -7 -1 -8191 1023 -32 64 512 -511 -4096 1023 -7 -32767 1024 255 4096 127 255 -2048 -64 -2 256 2047 127 32 127 7 8192 -256 -128 -32767 1 512 16383 32 32 -4096 -3 -63 -7 8191 127 -7 7 512 -128 -256 256 -127 -1023 -15 -7 -31 1 1023 16383 -1024 2 -2047 255 8192 -16 -63 511 128 -512 -32 32 -16 2048 -8192 -16383 -16384 16384 4096 4096 -31 16384 256 4095 2048 -16383 32767 16 -63 512 -15 2047 31 -128 512 3 -2 -255 -32768 -2048 -7 -32768 15 -8192 -2048 -256 255 8191 -127 7 -4096 4095 -16384 -16 -32767 4096 8191 32767 63 -3 4096 -16383 -4096 8 -8191 1 -63 -512 -63 -15 -127 -8 -256 -32767 16 -64 -8 -1 -16383 -1024 255 16384 -2 32 -15 -7 -64 -8191 -127 4096 -7 7 -1 -4096 7 -7 -2047 255 -16383 -3 2047 4 -31 -32768 -2048 -1024 255 -127 -32767 511 127 -512 1023 3 -511 16 31 -8 -256 15 2 7 -511 -4096 4 1023 -31 4 -2047 255 -32768 -32767 2047 -16383 4 32767 -127 1023 -4095 -1 3 -16384 -32767 -4 -127 16 -1023 -32 -16383 -7 -8191 256 4 -16384 7 127 -32 -1 8 -4096 4096 32767 -256 32767 -2 31 -4 511 -16384 255 -16 32767 511 -3 -255 16 8192 1023 512 -255 -4 -127 8192 -255 -16384 256 -32 -4095 256 3 -32767 128 -16 1023 2 -255 -2048 -2 
-2 -2 -2 -3 -2 -3 -2 -2 
0 -1 0 0 0 -32 4 0 0 2 -2 -16 4 0 -128 4 1 16 0 1 -8 0 0 1 8 0 0 0 0 32 -1 0 -128 0 2 64 0 0 -16 0 0 0 32 0 0 0 2 0 -1 1 0 -4 0 0 0 0 4 64 -4 0 -8 1 32 0 0 2 1 -2 0 0 0 8 -32 -64 -64 64 16 16 0 64 1 16 8 -64 127 0 0 2 0 8 0 0 2 0 0 -1 -64 -4 0 -64 0 -16 -4 0 0 16 0 0 -8 8 -32 0 -64 8 16 64 0 0 8 -32 -8 0 -16 0 0 -1 0 0 0 0 -1 -128 0 0 0 0 -64 -4 1 64 0 0 0 0 0 -32 0 16 0 0 0 -16 0 0 -8 1 -64 0 8 0 0 -64 -4 -2 0 0 -64 1 0 -1 2 0 -1 0 0 0 0 0 0 0 -1 -8 0 2 0 0 -4 0 -64 -64 4 -32 0 127 0 4 -16 0 0 -64 -128 0 0 0 -4 0 -64 0 -32 1 0 -64 0 0 0 0 0 -16 16 127 -1 127 0 0 0 2 -64 1 0 127 2 0 -1 0 32 4 2 -1 0 0 32 -1 -64 1 0 -16 1 0 -128 1 0 4 0 -1 -8 0 
26 1 12 0 -31 -31
-29 60 1 43 -62 -57 -50 20 -61 -54 62 18 40 -41 -19 -16 9 -2 -12 54 27 45 -8 58 50 54 62 -57 62 -10 -21 -24 44 -35 26 37 44 55 -34 11 46 9 50 -19 -47 -38 -22 6 -13 53 -60 38 37 -45 -60 37 -43 -48 -38 62 -59 -39 -24 -3 16 -21 15 28 -22 29 1 52 -62 39 12 48 -56 -5 -50 32 27 50 59 -54 -33 -49 -59 -6 -3 61 33 9 57 41 27 54 29 0 -35 13 55 8 2 63 -58 22 -39 42 -10 -46 -60 -22 -29 -24 -19 -8 -24 54 40 49 -13 10 32 -62 -37 -11 -1 -36 -57 54 -39 15 -17 -31 -46 -23 -33 8 21 -48 40 25 38 57 -17 -35 15 50 7 -61 -26 63 -16 1 -51 18 -13 29 -19 -40 42 -18 -50 -3 30 -45 -18 26 26 -8 -35 -44 -6 -55 4 45 -44 30 26 -45 3 52 61 -22 55 14 -25 53 -12 -21 -30 -18 32 34 52 -53 19 17 -50 38 39 -14 17 39 20 17 47 -3 -15 57 44 2 30 -7 34 -21 -5 12 28 50 -26 -7 -26 -3 -42 39 54 39 35 39 15 -56 32 -36 -29 39 -18 31 6 56 -4 45 44 -4 32 -52 -19 20 29 -15 -27 31 1 -37 45 49 
12 12 12 12 12 12 12 12 
-29 60 1 43 -62 -57 -50 20 -61 -54 62 18 40 -41 -19 -16 9 -2 -12 54 27 45 -8 58 50 54 62 -57 62 -10 -21 -24 44 -35 26 37 44 55 -34 11 46 9 50 -19 -47 -38 -22 6 -13 53 -60 38 37 -45 -60 37 -43 -48 -38 62 -59 -39 -24 -3 16 -21 15 28 -22 29 1 52 -62 39 12 48 -56 -5 -50 32 27 50 59 -54 -33 -49 -59 -6 -3 61 33 9 57 41 27 54 29 0 -35 13 55 8 2 63 -58 22 -39 42 -10 -46 -60 -22 -29 -24 -19 -8 -24 54 40 49 -13 10 32 -62 -37 -11 -1 -36 -57 54 -39 15 -17 -31 -46 -23 -33 8 21 -48 40 25 38 57 -17 -35 15 50 7 -61 -26 63 -16 1 -51 18 -13 29 -19 -40 42 -18 -50 -3 30 -45 -18 26 26 -8 -35 -44 -6 -55 4 45 -44 30 26 -45 3 52 61 -22 55 14 -25 53 -12 -21 -30 -18 32 34 52 -53 19 17 -50 38 39 -14 17 39 20 17 47 -3 -15 57 44 2 30 -7 34 -21 -5 12 28 50 -26 -7 -26 -3 -42 39 54 39 35 39 15 -56 32 -36 -29 39 -18 31 6 56 -4 45 44 -4 32 -52 -19 20 29 -15 -27 31 1 -37 45 49 
27 1 40 0 -31 -31
0 -2909 -17868 0 -146 -8556 0 -5647 -2 -142 9536 -488 2 -221 -4290 0 63 386 49 -375 -755 111 25 1 -22582 42 66 1827 256 18438 0 -11 -3541 2 -672 -35 1325 -86 327 11 2 3 396 -4966 -620 0 13 396 1 2318 24 2276 498 0 66 1 -1 -7 0 1997 -6240 1921 38 -232 1 0 1860 -18607 0 2 -12 -251 -500 14765 -1209 -11 1933 470 -465 -10813 1212 28 -427 1 6907 6 -218 22135 0 25 -3 1 8 112 -6 116 -3247 -781 14116 0 629 -85 -3 692 8938 -13 -111 0 6 0 -2658 -5624 -446 2893 331 7808 704 -57 -26909 5504 13 -441 21691 -144 12 0 3 34 9 0 27 -168 3 0 -205 0 426 76 -113 -12 -1801 -17 11 1 -4847 11 230 4051 1654 -660 0 10 8 -1376 127 4801 -115 -7 -9 -230 -1147 13 2 -249 -3 5648 241 0 162 1649 6 1 52 1 -5 4 -5403 183 108 -27864 0 -28399 -481 -14 1043 12589 -3 -16168 7 -893 0 -2 4586 -663 41 -1313 -6 -15541 -876 10 3 5104 -27 -1 7936 -1 0 499 -38 -4 -293 -4 -14937 0 -43 -133 0 51 124 4 -196 -735 -10149 5 -15069 -34 30 0 -81 -2552 4 8 -32319 -20 -4134 0 -1244 -1 3 -19 3768 16 0 1 10331 23 -7 2250 127 68 -41 -5 -5 189 -21546 0 
32 34 32 32 34 32 33 32 
0 -11 -70 0 -1 -33 0 -22 0 -1 37 -2 0 -1 -17 0 0 2 0 -1 -3 0 0 0 -88 0 0 7 1 72 0 0 -55 0 -10 -1 21 -1 5 0 0 0 6 -78 -10 0 0 6 0 36 0 36 8 0 1 0 0 0 0 31 -97 30 1 -4 0 0 7 -73 0 0 0 -1 -2 58 -5 0 8 2 -2 -42 5 0 -2 0 27 0 -1 86 0 0 0 0 0 0 0 0 -13 -3 55 0 2 0 0 3 35 0 0 0 0 0 -10 -22 -2 11 1 31 3 0 -105 22 0 -2 85 -1 0 0 0 0 0 0 0 -3 0 0 -3 0 7 1 -2 0 -28 0 0 0 -76 0 4 63 26 -10 0 0 0 -21 2 75 -2 0 0 -4 -4 0 0 -1 0 22 1 0 1 6 0 0 0 0 0 0 -21 1 0 -109 0 -111 -2 0 4 49 0 -63 0 -3 0 0 36 -5 0 -10 0 -121 -7 0 0 40 0 0 62 0 0 4 0 0 -2 0 -117 0 0 -1 0 0 1 0 -2 -6 -79 0 -59 0 0 0 0 -10 0 0 -126 0 -16 0 -5 0 0 0 15 0 0 0 40 0 0 9 0 0 0 0 0 1 -84 0 
28 1 23 1 -31 -31
15 9 2 -12 -2 -10 -2 14 -7 4 8 7 0 -9 3 10 -12 -9 0 -15 1 5 -2 -15 0 15 6 5 -8 -2 5 3 31 27 10 -11 4 -18 -6 -3 26 -19 28 -2 -20 -15 -18 -21 9 11 8 -19 -7 -2 21 9 17 -31 -9 1 12 17 -5 21 63 -54 -42 -8 34 4 -34 15 50 -58 -54 60 12 5 -41 -53 -12 59 -15 39 -11 -56 -37 2 29 43 30 10 32 18 -4 -12 127 115 -65 31 -117 -31 59 34 -121 -67 16 54 -89 104 -107 -88 106 -37 122 -115 -92 20 -118 87 -88 -121 25 17 -20 72 115 -4 255 30 199 49 -141 115 -131 -6 -161 -65 -239 232 -27 -5 -146 87 -220 114 -189 162 -112 241 94 77 -131 -132 -14 -79 219 57 -236 -36 -511 8 505 401 103 246 -502 -63 -504 -243 -368 444 -70 437 221 226 -376 -110 -210 -504 -79 316 -298 -417 160 -256 -91 -277 -456 -400 221 -149 -1023 -703 -890 -600 665 -420 447 23 -96 -903 -694 562 -13 898 69 -732 261 -685 -158 457 -23 -852 440 761 -188 -365 -572 517 1018 -407 713 522 -2047 -1437 -1144 377 -354 -1698 667 1968 -1745 310 25 -1623 -539 505 1302 -26 331 1644 -790 1585 -151 -993 -169 1554 -89 -464 1978 374 -1275 -1440 -491 -974 
23 23 23 23 22 21 20 19 
15 9 2 -12 -2 -10 -2 14 -7 4 8 7 0 -9 3 10 -12 -9 0 -15 1 5 -2 -15 0 15 6 5 -8 -2 5 3 31 27 10 -11 4 -18 -6 -3 26 -19 28 -2 -20 -15 -18 -21 9 11 8 -19 -7 -2 21 9 17 -31 -9 1 12 17 -5 21 63 -54 -42 -8 34 4 -34 15 50 -58 -54 60 12 5 -41 -53 -12 59 -15 39 -11 -56 -37 2 29 43 30 10 32 18 -4 -12 127 115 -65 31 -117 -31 59 34 -121 -67 16 54 -89 104 -107 -88 106 -37 122 -115 -92 20 -118 87 -88 -121 25 17 -20 72 115 -4 127 15 100 25 -70 58 -65 -3 -80 -32 -119 116 -13 -2 -73 44 -110 57 -94 81 -56 121 47 39 -65 -66 -7 -39 110 29 -118 -18 -128 2 126 100 26 62 -125 -16 -126 -61 -92 111 -17 109 55 57 -94 -27 -52 -126 -20 79 -74 -104 40 -64 -23 -69 -114 -100 55 -37 -128 -88 -111 -75 83 -52 56 3 -12 -113 -87 70 -2 112 9 -91 33 -86 -20 57 -3 -106 55 95 -23 -46 -71 65 127 -51 89 65 -128 -90 -71 24 -22 -106 42 123 -109 19 2 -101 -34 32 81 -2 21 103 -49 99 -9 -62 -11 97 -6 -29 124 23 -80 -90 -31 -61 
29 1 24 1 -31 -31
-512 -3 -16383 -2 -256 -15 8191 -511 -1023 2047 32767 -4096 -128 4095 2048 -16383 2047 8 -2 16384 2048 -31 3 -4096 -63 15 -31 1 8191 512 -3 -2048 7 15 -64 1 3 -256 15 -32 -8192 1024 -64 -31 255 127 -16384 -127 -511 -256 -255 -32767 -16383 -63 -16 -4095 8 -7 63 128 127 7 -16383 32 4096 -7 7 8191 -63 31 16383 -32767 -32768 -128 -1024 511 4096 -2047 4095 -127 -64 -15 4095 127 -512 -16383 -63 -32768 -16383 -3 -15 -8192 32 8 -4095 16384 31 16 15 15 255 63 -3 -15 -16383 -31 15 -63 -8191 2 4095 -4 -8191 -4 -256 255 -2048 -8 -64 32767 -3 -512 15 -8192 -63 256 -32767 -8191 8192 -128 8191 4096 127 -512 3 63 -128 -2047 -31 -16383 4 31 -32767 1 15 2048 1023 -8192 15 -4095 8191 -15 -15 -32 4095 4096 -4096 1 256 8191 255 64 -2047 255 -2047 -63 -32768 8192 -64 -32768 -7 127 255 4095 -32768 127 -64 2 512 127 7 -1 16383 -4 1023 32 -32768 4 31 -2048 -4 7 63 -255 -32 31 256 15 15 1 -2047 16384 -255 -511 -4 4 2 8 -127 -1023 -63 511 -16 4 2047 -15 -1024 32 255 256 -256 31 -63 -2047 1024 -32768 64 -8192 511 7 -2 63 -512 32767 -2 -15 -32767 -512 15 -127 16384 8191 8191 -1024 16383 -2 512 -256 63 -255 2 -63 63 4096 1023 1023 
16 16 15 16 16 15 16 15 
-2 0 -64 0 -1 0 32 -2 -4 8 127 -16 0 16 8 -64 8 0 0 64 8 0 0 -16 0 0 0 0 32 2 0 -8 0 0 0 0 0 -1 0 0 -32 4 0 0 1 0 -64 0 -2 -1 -1 -128 -64 0 0 -16 0 0 0 1 0 0 -64 0 8 0 0 16 0 0 32 -64 -64 0 -2 1 8 -4 8 0 0 0 8 0 -1 -32 0 -64 -32 0 0 -16 0 0 -8 32 0 0 0 0 1 0 0 0 -64 0 0 0 -32 0 16 0 -32 0 -1 1 -8 0 0 127 0 -2 0 -32 0 1 -128 -32 32 0 32 16 0 -2 0 0 0 -8 0 -64 0 0 -128 0 0 8 4 -32 0 -16 32 0 0 0 16 16 -16 0 1 32 0 0 -4 0 -4 0 -64 16 0 -64 0 0 0 8 -64 0 0 0 1 0 0 0 32 0 2 0 -64 0 0 -4 0 0 0 -1 0 0 1 0 0 0 -8 64 -1 -2 0 0 0 0 0 -4 0 2 0 0 8 0 -4 0 1 1 -1 0 0 -8 2 -64 0 -16 1 0 0 0 -1 64 0 0 -64 -1 0 0 32 16 16 -2 32 0 1 0 0 0 0 0 0 8 2 2 
30 1 9 1 -31 -31
31 -1023 -511 4 4096 -32767 -8 512 1 -2048 -16383 -4095 -1024 -16 8192 7 -512 32 32 -7 127 8192 -3 127 -128 -32768 1 31 128 32767 8 4095 4095 1 512 16384 -3 -2 -2047 -32 255 4 -128 -512 511 -4096 32 4 32 16 128 1 -8191 4095 2047 -15 -32767 2048 -511 -255 16383 1024 -8191 16383 -512 -31 -4096 2 -2 -15 2047 -16383 -127 8 -32767 511 -127 8192 63 1 512 -8191 63 1023 -1024 32 -256 -15 -2047 -8192 -128 -64 32 -63 127 -4096 -16383 512 31 63 1 31 -1023 4096 127 -127 64 16384 4 2 -32 -8192 8192 -1024 -1024 16383 63 1 32 64 -1023 512 -2 256 255 32767 -2047 31 -1024 1023 256 -512 -512 3 512 -1023 256 8 -16383 256 -32767 32767 -4096 -8192 -128 -2047 8191 1023 -2 32767 -8192 -1023 -4096 -16383 256 -512 32 255 -16383 2047 -2047 64 -16384 -511 -31 256 -127 -4095 127 -2 16 -512 -16383 -512 4096 4 1023 3 -1023 -4 -1024 -3 -1 -128 15 63 -8192 2 -64 -2 -8192 16 16383 8191 255 3 -8192 -255 32 -1024 -16384 3 4096 -4 128 1024 -511 -15 -32 256 511 4 -2047 -2 -256 -255 -127 -3 -256 8192 4095 1 -1 -8191 512 32767 -4 2 256 1 1 8191 -256 -511 -32 -7 16383 128 -8192 1024 32 127 8 -4096 -1 2 -128 16 15 -64 -16384 511 -8191 32767 255 -2 
0 1 1 1 1 1 1 1 
0 -2 -1 0 8 -64 0 1 0 -4 -32 -8 -2 0 16 0 -1 0 0 0 0 16 0 0 0 -64 0 0 0 64 0 8 16 0 2 64 0 0 -8 0 1 0 0 -2 2 -16 0 0 0 0 1 0 -32 16 8 0 -128 8 -2 -1 64 4 -32 64 -2 0 -16 0 0 0 8 -64 0 0 -128 2 0 32 0 0 2 -32 0 4 -4 0 -1 0 -8 -32 0 0 0 0 0 -16 -64 2 0 0 0 0 -4 16 0 0 0 64 0 0 0 -32 32 -4 -4 64 0 0 0 0 -4 2 0 1 1 127 -8 0 -4 4 1 -2 -2 0 2 -4 1 0 -64 1 -128 127 -16 -32 0 -8 32 4 0 127 -32 -4 -16 -64 1 -2 0 1 -64 8 -8 0 -64 -2 0 1 0 -16 0 0 0 -2 -64 -2 16 0 4 0 -4 0 -4 0 0 0 0 0 -32 0 0 0 -32 0 64 32 1 0 -32 -1 0 -4 -64 0 16 0 1 4 -2 0 0 1 2 0 -8 0 -1 -1 0 0 -1 32 16 0 0 -32 2 127 0 0 1 0 0 32 -1 -2 0 0 64 1 -32 4 0 0 0 -16 0 0 0 0 0 0 -64 2 -32 127 1 0 
31 0 25 0 -31 -31
0 0 0 0 0 0 0 0 0 0 0 0 0 0 0 0 0 0 0 0 0 0 0 0 0 0 0 0 0 0 0 0 0 0 0 0 0 0 0 0 0 0 0 0 0 0 0 0 0 0 0 0 0 0 0 0 0 0 0 0 0 0 0 0 0 0 0 0 0 0 0 0 0 0 0 0 0 0 0 0 0 0 0 0 0 0 0 0 0 0 0 0 0 0 0 0 0 0 0 0 0 0 0 0 0 0 0 0 0 0 0 0 0 0 0 0 0 0 0 0 0 0 0 0 0 0 0 0 0 0 0 0 0 0 0 0 0 0 0 0 0 0 0 0 0 0 0 0 0 0 0 0 0 0 0 0 0 0 0 0 0 0 0 0 0 0 0 0 0 0 0 0 0 0 0 0 0 0 0 0 0 0 0 0 0 0 0 0 0 0 0 0 0 0 0 0 0 0 0 0 0 0 0 0 0 0 0 0 0 0 0 0 0 0 0 0 0 0 0 0 0 0 0 0 0 0 0 0 0 0 0 0 0 0 0 0 0 0 0 0 0 0 0 0 0 0 0 0 0 0 0 0 0 0 0 0 
25 25 25 25 25 25 25 25 
0 0 0 0 0 0 0 0 0 0 0 0 0 0 0 0 0 0 0 0 0 0 0 0 0 0 0 0 0 0 0 0 0 0 0 0 0 0 0 0 0 0 0 0 0 0 0 0 0 0 0 0 0 0 0 0 0 0 0 0 0 0 0 0 0 0 0 0 0 0 0 0 0 0 0 0 0 0 0 0 0 0 0 0 0 0 0 0 0 0 0 0 0 0 0 0 0 0 0 0 0 0 0 0 0 0 0 0 0 0 0 0 0 0 0 0 0 0 0 0 0 0 0 0 0 0 0 0 0 0 0 0 0 0 0 0 0 0 0 0 0 0 0 0 0 0 0 0 0 0 0 0 0 0 0 0 0 0 0 0 0 0 0 0 0 0 0 0 0 0 0 0 0 0 0 0 0 0 0 0 0 0 0 0 0 0 0 0 0 0 0 0 0 0 0 0 0 0 0 0 0 0 0 0 0 0 0 0 0 0 0 0 0 0 0 0 0 0 0 0 0 0 0 0 0 0 0 0 0 0 0 0 0 0 0 0 0 0 0 0 0 0 0 0 0 0 0 0 0 0 0 0 0 0 0 0 
32 0 7 0 -31 -31
-8 46 32 -57 -10 -23 12 -37 -19 -41 -63 -23 -37 -38 -13 -28 53 46 37 -1 -58 16 -21 4 -24 -8 20 2 26 61 -35 -8 -20 -56 12 9 15 21 54 -57 -36 56 -4 25 -56 -59 -26 -50 -2 -60 -10 -5 -8 20 -3 3 -39 46 -14 11 -3 -18 18 -24 -10 -48 22 35 28 -60 61 51 -3 -46 19 1 -59 8 -56 30 -28 63 63 20 58 35 26 50 31 43 16 60 -41 -28 -33 -23 1 -36 44 -60 23 45 -19 11 10 36 -60 48 47 -45 -26 -58 39 49 -9 22 -55 1 -25 51 22 18 -40 -42 -59 -9 43 21 -53 8 18 -55 -13 26 54 43 -9 -36 30 -35 -50 -13 18 -7 -33 -12 -44 -20 -32 48 -35 -63 47 12 -22 36 50 6 -9 -32 11 4 47 -7 59 53 -46 -25 29 19 -43 33 57 -38 -12 11 28 -56 3 -21 -28 2 7 54 12 -24 11 2 6 39 -33 -50 -27 23 -28 -36 27 37 -39 40 -41 24 -31 19 18 63 54 -26 28 3 34 38 -8 25 -8 -25 -11 27 -12 -40 45 -59 -30 -60 43 -10 -49 -10 -35 50 27 -21 19 -56 -7 45 -61 7 58 1 0 -51 41 -34 -49 57 19 26 34 27 -44 55 4 63 -49 7 
7 7 7 7 7 7 7 7 
-8 46 32 -57 -10 -23 12 -37 -19 -41 -63 -23 -37 -38 -13 -28 53 46 37 -1 -58 16 -21 4 -24 -8 20 2 26 61 -35 -8 -20 -56 12 9 15 21 54 -57 -36 56 -4 25 -56 -59 -26 -50 -2 -60 -10 -5 -8 20 -3 3 -39 46 -14 11 -3 -18 18 -24 -10 -48 22 35 28 -60 61 51 -3 -46 19 1 -59 8 -56 30 -28 63 63 20 58 35 26 50 31 43 16 60 -41 -28 -33 -23 1 -36 44 -60 23 45 -19 11 10 36 -60 48 47 -45 -26 -58 39 49 -9 22 -55 1 -25 51 22 18 -40 -42 -59 -9 43 21 -53 8 18 -55 -13 26 54 43 -9 -36 30 -35 -50 -13 18 -7 -33 -12 -44 -20 -32 48 -35 -63 47 12 -22 36 50 6 -9 -32 11 4 47 -7 59 53 -46 -25 29 19 -43 33 57 -38 -12 11 28 -56 3 -21 -28 2 7 54 12 -24 11 2 6 39 -33 -50 -27 23 -28 -36 27 37 -39 40 -41 24 -31 19 18 63 54 -26 28 3 34 38 -8 25 -8 -25 -11 27 -12 -40 45 -59 -30 -60 43 -10 -49 -10 -35 50 27 -21 19 -56 -7 45 -61 7 58 1 0 -51 41 -34 -49 57 19 26 34 27 -44 55 4 63 -49 7 
33 1 18 1 -31 -31
255 -34 12 -55 61 58 -34 11 56 -41 109 -73 86 74 104 94 36 68 25 -110 -88 68 -104 -118 117 65 -41 -75 85 122 -91 118 255 48 -120 -116 -79 -52 25 105 105 95 -11 -12 -67 -71 -79 -38 82 -27 -86 55 34 35 87 -56 -41 8 13 -98 56 -55 8 -4 255 28 -120 16 120 2 6 -98 84 31 -14 58 -122 -76 32 39 -120 123 -7 45 84 113 54 -65 -21 -104 7 57 -47 69 40 96 255 -117 3 -101 30 -50 73 -43 86 -37 54 119 2 -49 8 -40 -100 -44 93 -53 -75 101 -119 -47 -123 68 -77 -28 -114 117 -104 55 255 36 18 -53 22 107 -41 100 2 107 112 109 44 -61 -17 -15 -30 4 112 -39 58 -55 -5 -2 -124 67 105 48 -72 -72 -21 -41 255 -73 64 -73 -42 37 -16 -73 -63 -87 121 20 87 90 65 31 -44 61 105 -69 -104 125 17 -101 -128 -97 -6 33 72 10 -119 -52 255 97 -116 94 -53 -17 117 -28 61 96 -34 80 -48 126 3 56 -122 -46 22 74 88 106 -14 117 74 -63 117 -83 -25 54 100 9 255 -24 -84 64 41 -12 12 99 -42 -31 -72 107 0 30 -14 27 -10 126 -32 -122 82 -107 -71 92 -59 -97 -97 57 -106 -20 11 2 
17 17 17 17 17 17 17 17 
127 -17 6 -27 31 29 -17 6 28 -20 55 -36 43 37 52 47 18 34 13 -55 -44 34 -52 -59 59 33 -20 -37 43 61 -45 59 127 24 -60 -58 -39 -26 13 53 53 48 -5 -6 -33 -35 -39 -19 41 -13 -43 28 17 18 44 -28 -20 4 7 -49 28 -27 4 -2 127 14 -60 8 60 1 3 -49 42 16 -7 29 -61 -38 16 20 -60 62 -3 23 42 57 27 -32 -10 -52 4 29 -23 35 20 48 127 -58 2 -50 15 -25 37 -21 43 -18 27 60 1 -24 4 -20 -50 -22 47 -26 -37 51 -59 -23 -61 34 -38 -14 -57 59 -52 28 127 18 9 -26 11 54 -20 50 1 54 56 55 22 -30 -8 -7 -15 2 56 -19 29 -27 -2 -1 -62 34 53 24 -36 -36 -10 -20 127 -36 32 -36 -21 19 -8 -36 -31 -43 61 10 44 45 33 16 -22 31 53 -34 -52 63 9 -50 -64 -48 -3 17 36 5 -59 -26 127 49 -58 47 -26 -8 59 -14 31 48 -17 40 -24 63 2 28 -61 -23 11 37 44 53 -7 59 37 -31 59 -41 -12 27 50 5 127 -12 -42 32 21 -6 6 50 -21 -15 -36 54 0 15 -7 14 -5 63 -16 -61 41 -53 -35 46 -29 -48 -48 29 -53 -10 6 1 
34 0 -21 0 -31 -31
562 67 1 4 0 3 -67 16 185 16 -566 -4 1 8 -3 30263 16 25 105 -6156 -1 0 -1398 -918 -2361 0 1 0 -2 29 0 0 43 652 2852 0 0 0 5732 -301 13235 -5 -2 6078 0 -1110 -72 -1866 -19 -43 -14 6891 288 0 10 99 2425 45 -66 5607 31586 -19 1 7796 150 1091 -759 85 7943 -57 -7 -1354 10 425 0 3 -44 9891 20 23 8 -435 -829 9050 -10343 -222 -242 0 53 -32 29 56 -927 -123 4 -296 -105 -4 0 -939 0 3 -15 90 5652 0 -1 102 2046 -1094 -3455 0 352 -16209 -10729 -2673 0 -1 -233 0 215 4 3 0 -14632 1645 2 -13 -28 3 -5656 -494 9 -6 -4 -9771 0 11 2 -86 -6 23 58 -2790 -11621 100 372 23657 -13 8746 -68 3 -54 2323 -10 2 -4 22735 511 334 549 0 -2598 -391 33 -1697 -321 -70 -217 5 -52 -52 0 -1496 266 0 -1 48 0 -1320 2782 30 0 -1 0 -228 -1 -40 -100 1 -171 15804 26 0 -6315 -348 19 5717 -4408 -68 10 -55 617 -49 17 -1833 -798 115 -5153 -259 0 342 -7 1946 14 333 -1312 6 1171 106 113 -120 0 7688 5 1727 477 114 0 0 72 112 -54 0 -9 6898 6458 25295 -1 -991 28 -11579 -1734 -4 86 -6997 1900 -64 -18 0 -500 7472 -26 -71 59 0 
-29 -29 -28 -28 -29 -28 -27 -29 
2 0 0 0 0 0 0 0 1 0 -2 0 0 0 0 118 0 0 0 -24 0 0 -5 -4 -9 0 0 0 0 0 0 0 0 3 11 0 0 0 22 -1 52 0 0 24 0 -4 0 -7 0 0 0 27 1 0 0 0 9 0 0 22 123 0 0 30 1 9 -6 1 62 0 0 -11 0 3 0 0 0 77 0 0 0 -3 -6 71 -81 -2 -2 0 0 0 0 0 -7 -1 0 -2 -1 0 0 -7 0 0 0 1 44 0 0 1 16 -9 -27 0 3 -127 -84 -21 0 0 -2 0 2 0 0 0 -114 13 0 0 0 0 -22 -2 0 0 0 -38 0 0 0 0 0 0 0 -11 -45 0 1 92 0 34 0 0 0 9 0 0 0 89 2 1 4 0 -20 -3 0 -13 -3 -1 -2 0 0 0 0 -12 2 0 0 0 0 -10 22 0 0 0 0 -2 0 0 -1 0 -1 123 0 0 -99 -5 0 89 -69 -1 0 -1 10 -1 0 -29 -12 2 -81 -4 0 5 0 30 0 5 -20 0 18 2 2 -2 0 120 0 7 2 0 0 0 0 0 0 0 0 27 25 99 0 -4 0 -45 -7 0 0 -27 7 0 0 0 -2 29 0 0 0 0 
35 0 25 0 -31 -31
49 26 60 -62 32 5 38 -43 -37 -50 -9 43 45 -41 -57 31 -34 -54 9 -35 -19 26 -48 -29 -49 -26 63 -40 10 -61 -44 60 28 21 -49 -2 62 41 -12 4 -55 -20 -12 14 -30 6 18 57 -5 -43 -13 55 50 -16 29 32 63 62 27 -27 -51 62 28 63 48 -5 28 50 29 10 -32 -6 -51 -46 -55 29 60 -55 -45 25 -32 -33 -58 -22 -15 -38 -54 50 -44 -31 53 63 -26 15 27 -30 52 15 62 -42 -23 32 -13 20 43 -48 23 36 -59 31 -55 -38 47 -6 -26 -31 53 -32 -46 -50 -55 -19 -14 60 40 -16 5 -7 26 -63 50 -55 -20 -16 -53 24 -43 -35 -26 -42 -32 -14 9 -8 24 -49 60 -2 20 -7 -22 -25 -50 23 28 -15 9 -9 -37 20 -31 42 48 -22 -23 60 48 -44 -9 -32 0 -25 -33 28 -45 16 23 -59 33 2 -3 -46 53 -55 -17 -51 -5 -58 2 -28 14 -2 7 -40 19 -52 31 27 -46 -52 48 -27 7 63 17 56 38 -15 -57 24 46 -31 46 -1 -27 -18 22 9 53 -36 -34 -31 -42 54 -3 -41 -11 17 -35 -16 -53 -46 -25 51 26 43 50 35 -28 -37 -60 17 -17 -49 -61 25 -56 -59 24 11 48 14 1 42 31 -62 
25 25 25 25 25 25 25 25 
49 26 60 -62 32 5 38 -43 -37 -50 -9 43 45 -41 -57 31 -34 -54 9 -35 -19 26 -48 -29 -49 -26 63 -40 10 -61 -44 60 28 21 -49 -2 62 41 -12 4 -55 -20 -12 14 -30 6 18 57 -5 -43 -13 55 50 -16 29 32 63 62 27 -27 -51 62 28 63 48 -5 28 50 29 10 -32 -6 -51 -46 -55 29 60 -55 -45 25 -32 -33 -58 -22 -15 -38 -54 50 -44 -31 53 63 -26 15 27 -30 52 15 62 -42 -23 32 -13 20 43 -48 23 36 -59 31 -55 -38 47 -6 -26 -31 53 -32 -46 -50 -55 -19 -14 60 40 -16 5 -7 26 -63 50 -55 -20 -16 -53 24 -43 -35 -26 -42 -32 -14 9 -8 24 -49 60 -2 20 -7 -22 -25 -50 23 28 -15 9 -9 -37 20 -31 42 48 -22 -23 60 48 -44 -9 -32 0 -25 -33 28 -45 16 23 -59 33 2 -3 -46 53 -55 -17 -51 -5 -58 2 -28 14 -2 7 -40 19 -52 31 27 -46 -52 48 -27 7 63 17 56 38 -15 -57 24 46 -31 46 -1 -27 -18 22 9 53 -36 -34 -31 -42 54 -3 -41 -11 17 -35 -16 -53 -46 -25 51 26 43 50 35 -28 -37 -60 17 -17 -49 -61 25 -56 -59 24 11 48 14 1 42 31 -62 
36 0 17 0 -31 -31
0 0 0 0 0 0 0 0 0 0 0 0 0 0 0 0 0 0 0 0 0 0 0 0 0 0 0 0 0 0 0 0 0 0 0 0 0 0 0 0 0 0 0 0 0 0 0 0 0 0 0 0 0 0 0 0 0 0 0 0 0 0 0 0 0 0 0 0 0 0 0 0 0 0 0 0 0 0 0 0 0 0 0 0 0 0 0 0 0 0 0 0 0 0 0 0 0 0 0 0 0 0 0 0 0 0 0 0 0 0 0 0 0 0 0 0 0 0 0 0 0 0 0 0 0 0 0 0 0 0 0 0 0 0 0 0 0 0 0 0 0 0 0 0 0 0 0 0 0 0 0 0 0 0 0 0 0 0 0 0 0 0 0 0 0 0 0 0 0 0 0 0 0 0 0 0 0 0 0 0 0 0 0 0 0 0 0 0 0 0 0 0 0 0 0 0 0 0 0 0 0 0 0 0 0 0 0 0 0 0 0 0 0 0 0 0 0 0 0 0 0 0 0 0 0 0 0 0 0 0 0 0 0 0 0 0 0 0 0 0 0 0 0 0 0 0 0 0 0 0 0 0 0 0 0 0 
17 17 17 17 17 17 17 17 
0 0 0 0 0 0 0 0 0 0 0 0 0 0 0 0 0 0 0 0 0 0 0 0 0 0 0 0 0 0 0 0 0 0 0 0 0 0 0 0 0 0 0 0 0 0 0 0 0 0 0 0 0 0 0 0 0 0 0 0 0 0 0 0 0 0 0 0 0 0 0 0 0 0 0 0 0 0 0 0 0 0 0 0 0 0 0 0 0 0 0 0 0 0 0 0 0 0 0 0 0 0 0 0 0 0 0 0 0 0 0 0 0 0 0 0 0 0 0 0 0 0 0 0 0 0 0 0 0 0 0 0 0 0 0 0 0 0 0 0 0 0 0 0 0 0 0 0 0 0 0 0 0 0 0 0 0 0 0 0 0 0 0 0 0 0 0 0 0 0 0 0 0 0 0 0 0 0 0 0 0 0 0 0 0 0 0 0 0 0 0 0 0 0 0 0 0 0 0 0 0 0 0 0 0 0 0 0 0 0 0 0 0 0 0 0 0 0 0 0 0 0 0 0 0 0 0 0 0 0 0 0 0 0 0 0 0 0 0 0 0 0 0 0 0 0 0 0 0 0 0 0 0 0 0 0 
37 1 -22 1 -31 -31
-40 6740 109 54 -1327 5 1 -654 4 23 3 -3 -14 -7028 0 2560 -3 0 -1192 -2179 -6279 -21 23 3682 -63 27894 -2 1239 -177 1 -4 0 109 -3 26825 1 0 -118 -185 -245 1 -13 0 10 -9585 0 28 121 -1335 78 -2 -124 2 -32 -6061 119 1169 -4469 -1006 6062 80 68 816 -982 -12 0 0 16 -4 6822 -192 -23 2238 5316 0 -948 0 -1 -980 10 32646 -24818 0 8 -240 -6 -1021 -813 0 6691 -206 2 73 13 0 2 -6 5306 26 -1789 -1976 0 27 -73 0 -226 -219 6 11618 -388 1652 6 9 1009 0 -226 28 -12 809 -52 -647 -426 -920 7 1507 0 -192 0 2 -73 -27 22884 0 -4289 3 13 1 14265 -49 10195 1 -16344 0 -177 -4 3 -5943 1659 23 131 -3222 120 -1122 0 8004 -5 741 0 1111 -7304 0 0 2907 -212 762 2 16 9149 72 16 2189 2 -24 2632 0 100 -693 37 -1 -4 -5 15690 0 76 -55 -2430 -21 48 -1 109 -2235 -35 10 13 1 -350 479 3 7635 1720 -1 4203 4337 -2 27 -542 -1 -3 1719 -6261 46 1 -6 -62 107 -5981 8 42 -2514 -5 -31 7908 0 12279 -12 -501 0 -2 -35 -1 0 -12 0 0 8525 0 -68 -7955 -3159 1 -1 -230 -31 -682 82 2202 -2352 -13 -813 2 3 -13909 0 -3948 5 -317 
-30 -30 -30 -29 -30 -29 -29 -29 
0 26 0 0 -5 0 0 -3 0 0 0 0 0 -27 0 10 0 0 -5 -9 -25 0 0 14 0 109 0 5 -1 0 0 0 0 0 105 0 0 0 -1 -1 0 0 0 0 -37 0 0 0 -5 0 0 0 0 0 -24 0 5 -17 -4 24 0 0 3 -4 0 0 0 0 0 27 -1 0 9 21 0 -4 0 0 -4 0 127 -97 0 0 -1 0 -4 -3 0 26 -1 0 0 0 0 0 0 41 0 -14 -15 0 0 -1 0 -2 -2 0 91 -3 13 0 0 8 0 -2 0 0 6 0 -5 -3 -7 0 12 0 -1 0 0 0 0 89 0 -17 0 0 0 56 0 40 0 -64 0 -1 0 0 -23 6 0 1 -13 0 -4 0 31 0 3 0 4 -29 0 0 23 -2 6 0 0 71 1 0 17 0 0 21 0 1 -5 0 0 0 0 123 0 1 0 -19 0 0 0 1 -17 0 0 0 0 -3 4 0 60 13 0 33 34 0 0 -4 0 0 13 -49 0 0 0 0 1 -47 0 0 -20 0 0 62 0 96 0 -4 0 0 0 0 0 0 0 0 67 0 -1 -62 -25 0 0 -2 0 -5 1 17 -18 0 -6 0 0 -109 0 -31 0 -2 
38 0 -26 1 -31 -31
0 433 216 -261 -11 -15679 0 0 13 3862 25 697 0 -1228 370 1912 2 17091 -13 -59 -4556 -11 0 32643 117 -4226 -1 -165 0 91 23 36 1084 114 0 -13 3 8520 1351 768 -142 4 15 -814 -17 -1 39 6 149 0 -46 -1581 -2 718 0 -66 507 0 -1 15 -12 27855 -761 -243 0 -12 11954 -4046 1 -103 0 0 -2701 4 20745 0 1 -1 1 0 -28 0 8377 5354 -317 -413 3768 24 4634 226 26 0 -192 114 -23114 1 182 859 -18 -26299 1 3 -4 -3 14 -1 -13902 -6332 87 2 7917 -1 -32384 -105 -25410 0 4 -418 -404 3669 380 -712 0 -1790 -1 23 296 -2 -4 0 -33 -154 0 6 0 -19 0 37 0 -19 8286 0 -1 -2282 -47 -2 -1 -30 -2030 2403 -72 -5 75 2 -28 7617 -30 -2 -71 0 -15881 26 0 17 328 591 25 79 244 -126 3488 0 -41 -3 -459 -1 0 0 7708 7002 4010 0 1371 1 0 -177 838 -46 -10418 0 -1 -93 -1 -7 1297 96 5 34 -556 -12 10923 0 -5503 757 -3121 -2 14 17 713 -2638 -12 10 3085 13334 1 -5 46 804 -1 -2 3841 -42 12 -21 0 1 -94 -3 1168 1916 22778 -492 13076 -336 2780 9 0 4457 512 -74 -464 0 -314 51 4526 3 -304 0 -9154 0 0 0 2 -7981 -79 -19159 
-34 -34 -34 -34 -33 -33 -33 -34 
0 2 1 -1 0 -61 0 0 0 15 0 3 0 -5 1 7 0 67 0 0 -18 0 0 127 0 -17 0 -1 0 0 0 0 4 0 0 0 0 33 5 3 -1 0 0 -3 0 0 0 0 1 0 0 -6 0 3 0 0 2 0 0 0 0 109 -3 -1 0 0 47 -16 0 0 0 0 -11 0 81 0 0 0 0 0 0 0 33 21 -1 -2 15 0 18 1 0 0 -1 0 -90 0 1 3 0 -103 0 0 0 0 0 0 -54 -25 0 0 31 0 -126 0 -99 0 0 -2 -2 14 1 -3 0 -7 0 0 1 0 0 0 0 -1 0 0 0 0 0 0 0 0 65 0 0 -18 0 0 0 0 -16 19 -1 0 1 0 0 60 0 0 -1 0 -124 0 0 0 3 5 0 1 2 -1 27 0 0 0 -4 0 0 0 60 55 31 0 11 0 0 -1 7 0 -81 0 0 -1 0 0 10 1 0 0 -4 0 85 0 -43 6 -24 0 0 0 6 -21 0 0 24 104 0 0 0 6 0 0 30 0 0 0 0 0 0 0 5 7 89 -2 51 -1 11 0 0 17 2 0 -2 0 -1 0 18 0 -1 0 -36 0 0 0 0 -31 0 -75 
39 0 4 0 -31 -31
39 -43 -26 19 25 -31 -13 2 10 7 37 63 19 27 17 -20 35 18 -40 25 -60 -41 3 -33 43 -62 -4 4 -25 -63 17 -59 20 -48 34 14 -52 -34 48 4 -21 -22 29 56 -46 42 -19 46 38 5 -61 -25 31 44 -46 63 -3 20 2 38 -37 -5 -45 -52 -19 -6 -3 -4 -36 2 -47 24 -12 -27 37 -32 -61 0 0 -48 -49 -15 7 36 47 58 3 30 60 25 -28 -12 -5 0 -7 -39 19 63 -59 9 -6 1 5 -18 -43 -28 -19 -58 -63 -63 26 61 -50 -27 33 -18 30 -3 -41 53 55 9 -48 52 -35 46 -18 12 -26 6 33 -16 38 16 36 63 -8 16 -57 -23 45 37 34 -42 -2 -46 -28 -48 -28 -36 -55 41 45 -7 32 21 -22 -50 -4 -22 29 21 48 -30 34 23 58 -54 34 47 16 -1 26 20 -38 11 -42 40 -57 51 -36 18 -9 18 5 60 -23 16 -16 45 55 -9 11 27 -16 1 23 -17 -51 -46 20 61 38 26 -3 -2 37 62 9 19 9 17 60 -20 -20 -44 40 -38 -5 -5 -11 -40 57 -61 5 -46 -43 -22 -18 0 4 -61 25 49 49 22 -5 -53 -1 34 -4 -29 61 52 36 -61 11 -6 -3 43 0 -6 40 -41 -24 -59 
4 4 4 4 4 4 4 4 
39 -43 -26 19 25 -31 -13 2 10 7 37 63 19 27 17 -20 35 18 -40 25 -60 -41 3 -33 43 -62 -4 4 -25 -63 17 -59 20 -48 34 14 -52 -34 48 4 -21 -22 29 56 -46 42 -19 46 38 5 -61 -25 31 44 -46 63 -3 20 2 38 -37 -5 -45 -52 -19 -6 -3 -4 -36 2 -47 24 -12 -27 37 -32 -61 0 0 -48 -49 -15 7 36 47 58 3 30 60 25 -28 -12 -5 0 -7 -39 19 63 -59 9 -6 1 5 -18 -43 -28 -19 -58 -63 -63 26 61 -50 -27 33 -18 30 -3 -41 53 55 9 -48 52 -35 46 -18 12 -26 6 33 -16 38 16 36 63 -8 16 -57 -23 45 37 34 -42 -2 -46 -28 -48 -28 -36 -55 41 45 -7 32 21 -22 -50 -4 -22 29 21 48 -30 34 23 58 -54 34 47 16 -1 26 20 -38 11 -42 40 -57 51 -36 18 -9 18 5 60 -23 16 -16 45 55 -9 11 27 -16 1 23 -17 -51 -46 20 61 38 26 -3 -2 37 62 9 19 9 17 60 -20 -20 -44 40 -38 -5 -5 -11 -40 57 -61 5 -46 -43 -22 -18 0 4 -61 25 49 49 22 -5 -53 -1 34 -4 -29 61 52 36 -61 11 -6 -3 43 0 -6 40 -41 -24 -59 
40 1 12 0 -31 -31
20 20 19 -10 -52 57 35 43 17 25 11 30 16 27 55 33 -57 28 -30 -9 53 -38 1 26 10 8 17 -27 16 51 17 -38 5 61 -9 16 14 -12 43 -13 45 14 3 -43 -34 54 18 38 13 -25 -12 34 59 -42 31 51 -2 44 -54 46 51 -56 -40 17 -55 37 31 42 -15 55 24 -5 63 31 -24 22 5 -33 43 14 -54 -17 61 -62 31 -9 -2 0 48 -21 -24 -1 4 0 3 52 20 -12 6 -17 -61 -51 28 62 -53 -49 33 -39 22 55 44 61 -10 -51 -22 50 20 -63 14 62 15 -41 -28 -34 46 33 25 17 40 28 19 9 42 -17 20 -50 -34 33 -23 9 21 28 44 52 31 -29 29 23 59 34 58 8 -11 -43 -2 62 22 -30 -22 -37 31 -15 21 42 -10 30 -28 -6 31 -19 -31 10 19 -55 -36 14 62 56 38 52 29 15 17 -28 61 -2 63 -51 63 53 3 -28 -9 -45 -16 1 43 -14 -4 -60 -23 18 -22 25 -7 40 -15 59 -50 58 28 38 18 32 -62 10 -29 13 -8 -5 -39 -32 34 58 -10 48 -9 54 -9 -60 -30 -59 -42 -61 -17 -41 23 47 -30 -3 -20 -37 -37 -5 -51 -15 2 -30 -34 -4 -25 27 -49 48 48 26 
12 12 12 12 12 12 12 12 
20 20 19 -10 -52 57 35 43 17 25 11 30 16 27 55 33 -57 28 -30 -9 53 -38 1 26 10 8 17 -27 16 51 17 -38 5 61 -9 16 14 -12 43 -13 45 14 3 -43 -34 54 18 38 13 -25 -12 34 59 -42 31 51 -2 44 -54 46 51 -56 -40 17 -55 37 31 42 -15 55 24 -5 63 31 -24 22 5 -33 43 14 -54 -17 61 -62 31 -9 -2 0 48 -21 -24 -1 4 0 3 52 20 -12 6 -17 -61 -51 28 62 -53 -49 33 -39 22 55 44 61 -10 -51 -22 50 20 -63 14 62 15 -41 -28 -34 46 33 25 17 40 28 19 9 42 -17 20 -50 -34 33 -23 9 21 28 44 52 31 -29 29 23 59 34 58 8 -11 -43 -2 62 22 -30 -22 -37 31 -15 21 42 -10 30 -28 -6 31 -19 -31 10 19 -55 -36 14 62 56 38 52 29 15 17 -28 61 -2 63 -51 63 53 3 -28 -9 -45 -16 1 43 -14 -4 -60 -23 18 -22 25 -7 40 -15 59 -50 58 28 38 18 32 -62 10 -29 13 -8 -5 -39 -32 34 58 -10 48 -9 54 -9 -60 -30 -59 -42 -61 -17 -41 23 47 -30 -3 -20 -37 -37 -5 -51 -15 2 -30 -34 -4 -25 27 -49 48 48 26 
41 1 40 0 -31 -31
0 -2336 0 -17 697 -3023 -1 -12 7340 368 -2 491 9 -53 -1 48 -1 4683 -2 -14 3218 19 -6358 -3 0 -3 405 0 -5 -13 210 -169 0 -182 3 -1523 -2478 5107 334 3379 -707 30 -4140 54 2 -53 -1 -376 610 -45 6 -1 1 11070 -1791 5 0 0 -220 -5 2741 77 -8 -65 15971 1 12192 0 3 31 -1367 1 101 -213 0 -51 0 -7541 -3 -1 -61 3325 0 -7 0 -1825 0 -15 8 151 2 -69 -1100 0 -1 3471 73 -5014 -1 -15 20212 8 -410 0 415 0 290 -6950 0 0 0 -2 -4 -335 -1 -11 945 15562 -34 -69 -1211 -3 -383 -169 -40 6 0 2 15237 -160 11 -944 0 150 3023 -10862 -1883 -3590 62 348 -597 0 167 17 1 376 0 0 -3 -9914 -5 42 1 -15357 -503 -3243 -559 -2 18 3577 -3 -1 4 -98 250 1422 -3 234 0 -1692 -1 -10 -1 1032 14 72 9 -7806 -25 -1832 3708 -30406 2 11 -12 -3065 3717 115 -45 25 -2 -19 -982 2 -417 -3 -2252 1164 0 -281 79 0 -4 0 -3 -3547 -7 -57 0 -1576 -2 3123 1259 2 0 -1247 1 -545 1407 -1 -369 -11428 -3075 -5 1 -8 -194 4 4066 743 206 0 1881 9319 -88 3 -1 -34 2 119 112 37 0 4999 -40 0 776 6937 548 -1 -2 25 359 -15447 1 4 
34 33 33 32 33 32 33 33 
0 -36 0 0 11 -47 0 0 115 6 0 8 0 -1 0 1 0 73 0 0 50 0 -99 0 0 0 6 0 0 0 3 -3 0 -1 0 -12 -19 40 3 26 -6 0 -32 0 0 0 0 -3 5 0 0 0 0 86 -14 0 0 0 -2 0 21 1 0 -1 125 0 95 0 0 0 -11 0 1 -2 0 0 0 -59 0 0 0 26 0 0 0 -14 0 0 0 1 0 -1 -9 0 0 27 0 -20 0 0 79 0 -2 0 2 0 1 -27 0 0 0 0 0 -1 0 0 4 61 0 0 -5 0 -1 -1 0 0 0 0 119 -1 0 -7 0 1 24 -85 -15 -28 0 3 -5 0 1 0 0 3 0 0 0 -77 0 0 0 -120 -4 -25 -4 0 0 28 0 0 0 0 1 6 0 1 0 -7 0 0 0 4 0 0 0 -30 0 -7 14 -119 0 0 0 -12 15 0 0 0 0 0 -8 0 -3 0 -18 9 0 -2 1 0 0 0 0 -28 0 0 0 -12 0 24 10 0 0 -10 0 -4 11 0 -3 -89 -24 0 0 0 -2 0 32 6 2 0 15 73 -1 0 0 0 0 1 1 0 0 39 0 0 6 54 4 0 0 0 3 -121 0 0 
42 1 13 1 -31 -31
-15 6 -3 -1 -14 10 5 10 -5 3 3 2 -10 -8 5 -13 10 -4 -8 8 -9 6 7 11 4 10 -1 -15 6 14 -1 14 31 11 19 -15 27 28 0 -16 -21 -20 9 9 -4 21 -27 -17 23 2 21 6 0 -7 -18 28 -8 29 0 15 -12 -17 23 9 -63 4 -9 15 -37 -52 -11 -16 22 -11 -52 -6 -47 61 -40 2 -11 -20 -27 8 23 33 32 39 22 -18 39 -52 -12 -25 18 -31 127 -96 86 -38 -63 -92 77 15 -59 8 54 -76 92 120 -109 -81 -53 53 96 -127 10 -105 -41 -7 19 -18 50 77 78 43 -7 -2 255 -219 -123 -183 -41 76 -115 212 31 -46 -110 -231 -195 -125 66 104 1 -25 190 80 -154 204 -7 -1 -250 -227 126 -183 106 -129 133 -8 -511 136 172 458 -254 344 186 -248 -65 71 168 -209 292 -242 -122 -486 48 117 -388 -310 -80 -466 -420 -367 -268 153 -434 336 -116 -91 -136 269 -1023 97 318 538 214 -91 528 974 841 440 935 161 670 414 -983 -655 -355 -714 -12 -498 -45 -803 -227 -150 957 -1005 -615 542 142 106 -102 80 -2047 522 -1921 538 1142 513 1651 -1959 -1908 -1218 -1436 239 1771 593 1329 1123 881 -1958 1024 1908 -1733 -915 1092 -380 -439 -2020 1574 528 1036 495 583 -1115 
13 13 13 13 12 11 10 9 
-15 6 -3 -1 -14 10 5 10 -5 3 3 2 -10 -8 5 -13 10 -4 -8 8 -9 6 7 11 4 10 -1 -15 6 14 -1 14 31 11 19 -15 27 28 0 -16 -21 -20 9 9 -4 21 -27 -17 23 2 21 6 0 -7 -18 28 -8 29 0 15 -12 -17 23 9 -63 4 -9 15 -37 -52 -11 -16 22 -11 -52 -6 -47 61 -40 2 -11 -20 -27 8 23 33 32 39 22 -18 39 -52 -12 -25 18 -31 127 -96 86 -38 -63 -92 77 15 -59 8 54 -76 92 120 -109 -81 -53 53 96 -127 10 -105 -41 -7 19 -18 50 77 78 43 -7 -2 127 -109 -61 -91 -20 38 -57 106 16 -23 -55 -115 -97 -62 33 52 1 -12 95 40 -77 102 -3 0 -125 -113 63 -91 53 -64 67 -4 -128 34 43 115 -63 86 47 -62 -16 18 42 -52 73 -60 -30 -121 12 29 -97 -77 -20 -116 -105 -92 -67 38 -108 84 -29 -23 -34 67 -128 12 40 67 27 -11 66 122 105 55 117 20 84 52 -123 -82 -44 -89 -1 -62 -6 -100 -28 -19 120 -126 -77 68 18 13 -13 10 -128 33 -120 34 71 32 103 -122 -119 -76 -90 15 111 37 83 70 55 -122 64 119 -108 -57 68 -24 -27 -126 98 33 65 31 36 -70 
43 0 9 1 -31 -31
4095 -127 -256 128 4096 -1023 8192 511 -4095 128 4095 3 -4096 64 7 -8192 -1023 16383 -512 -8192 255 -127 16384 8191 -511 7 8 16 -8192 -16 16383 32767 32767 2 31 8 -16383 -4096 -15 -16383 -256 -3 32767 1024 256 -512 -4096 -1023 -1 15 32767 7 16 -7 -8191 -2 -128 -4 -64 -7 -512 64 -4095 -31 32767 32767 3 -16 2047 -1 -16 32767 -255 2048 32767 -1 2048 32767 1023 1024 -16 127 4 2048 4096 15 -4096 255 -512 32767 -64 -64 -255 16384 127 512 -64 -15 1023 -127 -8 1024 16 63 -31 4095 1023 -16384 -16 127 -1023 -2048 -8 4 -512 -3 -4096 -63 8191 2048 2047 -15 -127 1024 8192 -64 -4095 2 -1 512 -3 -32767 64 16384 64 512 -32 -16384 -7 -16383 255 2048 -16383 -4095 -8191 -8191 -8 -8 16383 -2048 1023 512 -2047 128 -1023 2 -128 8191 -31 -1 512 256 2 -2 8191 -511 -127 -16384 32767 32767 -2047 511 -8192 16383 31 -3 16384 -1023 -16383 1023 1 -1 -32 127 -32768 8 2048 64 255 4095 127 -16 2047 255 2047 3 -64 -63 32767 -32767 15 -3 -127 2 1024 16384 -255 -4096 4095 16 -15 -16383 -3 4 -32768 2047 4 255 127 2048 15 64 7 -2 -1023 511 -31 4096 -2048 -255 -32768 8 -32767 -127 8192 16383 -64 128 -4095 1023 -32 -16383 -15 -255 -1 -1 4096 31 -32768 -2 1023 63 -16 8192 -3 128 
1 1 1 1 1 0 0 0 
16 0 -1 1 16 -4 32 2 -16 1 16 0 -16 0 0 -32 -4 64 -2 -32 1 0 64 32 -2 0 0 0 -32 0 64 127 127 0 0 0 -64 -16 0 -64 -1 0 127 4 1 -2 -16 -4 0 0 127 0 0 0 -32 0 0 0 0 0 -2 0 -16 0 127 127 0 0 8 0 0 127 -1 8 127 0 8 127 4 4 0 0 0 8 16 0 -16 1 -2 127 0 0 -1 64 0 2 0 0 4 0 0 4 0 0 0 16 4 -64 0 0 -4 -8 0 0 -2 0 -16 0 32 8 8 0 0 4 32 0 -16 0 0 2 0 -128 0 64 0 2 0 -64 0 -64 1 8 -64 -16 -32 -32 0 0 64 -8 4 2 -8 1 -4 0 0 32 0 0 1 1 0 0 16 -1 0 -32 64 64 -4 1 -16 32 0 0 32 -2 -32 2 0 0 0 0 -64 0 4 0 0 8 0 0 4 0 4 0 0 0 64 -64 0 0 0 0 2 32 0 -8 8 0 0 -32 0 0 -64 4 0 0 0 4 0 0 0 0 -2 1 0 8 -4 0 -64 0 -64 0 16 32 0 0 -8 2 0 -32 0 0 0 0 8 0 -64 0 2 0 0 16 0 0 
44 1 19 0 -31 -31
18 13 -39 6 31 8 -25 -22 34 23 22 10 55 24 -33 42 10 -22 -11 62 -16 13 52 -28 27 13 39 30 -63 32 -55 -1 -43 20 47 5 46 -38 12 38 57 33 -4 50 -58 -15 15 -33 -24 34 27 -8 -23 26 53 -22 27 8 -56 -52 -28 62 26 57 56 -57 -6 -47 59 -30 -11 40 -11 -29 -2 49 60 -9 48 -45 63 15 32 -46 31 -8 -2 62 4 37 -60 -15 5 -50 34 34 -17 -34 -6 13 -31 43 53 13 29 -5 29 50 26 14 25 -58 5 -62 -1 -34 -27 29 -32 -31 -14 -46 34 -61 0 -47 20 -40 -52 -13 -10 44 -14 4 -34 -6 -45 41 15 32 42 27 5 -24 3 53 34 51 -4 -30 18 -44 -20 36 49 34 8 37 -10 -5 -42 25 -57 -16 34 -7 1 10 -22 -58 15 -25 -7 38 -11 53 -12 50 -61 33 -13 -7 57 -28 -36 56 -49 56 3 -61 -41 34 -2 -49 -22 52 -28 48 31 19 -32 -32 -55 -47 57 -56 -18 -54 -56 32 -53 -55 -21 45 -32 0 35 32 -1 36 -34 -37 -54 -51 54 47 -53 -49 -52 44 36 42 33 48 -46 -54 60 59 -33 -29 6 -5 12 -53 23 -26 -52 31 -24 59 50 -61 51 21 -53 28 
19 19 19 19 19 19 19 19 
18 13 -39 6 31 8 -25 -22 34 23 22 10 55 24 -33 42 10 -22 -11 62 -16 13 52 -28 27 13 39 30 -63 32 -55 -1 -43 20 47 5 46 -38 12 38 57 33 -4 50 -58 -15 15 -33 -24 34 27 -8 -23 26 53 -22 27 8 -56 -52 -28 62 26 57 56 -57 -6 -47 59 -30 -11 40 -11 -29 -2 49 60 -9 48 -45 63 15 32 -46 31 -8 -2 62 4 37 -60 -15 5 -50 34 34 -17 -34 -6 13 -31 43 53 13 29 -5 29 50 26 14 25 -58 5 -62 -1 -34 -27 29 -32 -31 -14 -46 34 -61 0 -47 20 -40 -52 -13 -10 44 -14 4 -34 -6 -45 41 15 32 42 27 5 -24 3 53 34 51 -4 -30 18 -44 -20 36 49 34 8 37 -10 -5 -42 25 -57 -16 34 -7 1 10 -22 -58 15 -25 -7 38 -11 53 -12 50 -61 33 -13 -7 57 -28 -36 56 -49 56 3 -61 -41 34 -2 -49 -22 52 -28 48 31 19 -32 -32 -55 -47 57 -56 -18 -54 -56 32 -53 -55 -21 45 -32 0 35 32 -1 36 -34 -37 -54 -51 54 47 -53 -49 -52 44 36 42 33 48 -46 -54 60 59 -33 -29 6 -5 12 -53 23 -26 -52 31 -24 59 50 -61 51 21 -53 28 
45 1 25 0 -31 -31
8 -1 29 -49 -6 38 12 31 52 -17 8 29 37 44 6 -11 5 44 52 -51 50 61 -25 23 -47 -15 39 28 59 9 26 -10 10 13 39 40 -22 -30 61 12 -7 -30 -20 33 -57 6 -29 -38 -58 -54 -20 41 -1 -22 -9 60 -38 -10 -43 15 -46 -27 59 -42 -24 -51 57 50 -47 54 5 62 57 -49 -1 -35 62 -55 -9 34 -12 3 -59 -37 48 8 -43 -11 55 -49 11 39 -37 41 23 11 -41 48 -34 -58 38 -38 -9 7 61 -24 -37 30 -36 -45 19 -45 -56 -58 -25 -47 31 4 -17 -54 -4 -5 53 52 -40 -24 -17 46 54 16 34 4 24 16 50 -57 10 -34 -29 8 51 60 -19 -10 -24 -54 -9 -27 46 30 -32 27 -11 -62 53 8 -60 -35 -14 -26 56 23 -29 -12 -36 18 -34 5 -2 32 21 40 -20 16 0 -55 -39 -54 36 45 -48 40 22 50 -40 -24 -42 -3 -57 -57 53 -34 -43 15 23 17 33 58 -11 55 -10 31 11 -25 -3 28 -57 -31 62 -31 -48 -57 -8 -33 63 50 -52 40 62 -46 -61 8 -40 63 33 -28 -1 -51 44 57 18 -48 6 -49 -4 38 54 -2 -13 36 23 -4 -7 21 -23 -32 47 18 21 -10 24 22 -22 -14 -4 21 
25 25 25 25 25 25 25 25 
8 -1 29 -49 -6 38 12 31 52 -17 8 29 37 44 6 -11 5 44 52 -51 50 61 -25 23 -47 -15 39 28 59 9 26 -10 10 13 39 40 -22 -30 61 12 -7 -30 -20 33 -57 6 -29 -38 -58 -54 -20 41 -1 -22 -9 60 -38 -10 -43 15 -46 -27 59 -42 -24 -51 57 50 -47 54 5 62 57 -49 -1 -35 62 -55 -9 34 -12 3 -59 -37 48 8 -43 -11 55 -49 11 39 -37 41 23 11 -41 48 -34 -58 38 -38 -9 7 61 -24 -37 30 -36 -45 19 -45 -56 -58 -25 -47 31 4 -17 -54 -4 -5 53 52 -40 -24 -17 46 54 16 34 4 24 16 50 -57 10 -34 -29 8 51 60 -19 -10 -24 -54 -9 -27 46 30 -32 27 -11 -62 53 8 -60 -35 -14 -26 56 23 -29 -12 -36 18 -34 5 -2 32 21 40 -20 16 0 -55 -39 -54 36 45 -48 40 22 50 -40 -24 -42 -3 -57 -57 53 -34 -43 15 23 17 33 58 -11 55 -10 31 11 -25 -3 28 -57 -31 62 -31 -48 -57 -8 -33 63 50 -52 40 62 -46 -61 8 -40 63 33 -28 -1 -51 44 57 18 -48 6 -49 -4 38 54 -2 -13 36 23 -4 -7 21 -23 -32 47 18 21 -10 24 22 -22 -14 -4 21 
46 1 40 1 -31 -31
3 947 -1 0 -2 0 85 0 0 40 0 -500 -5 12 2300 -63 2871 18 24 1 -9 -876 13687 -2 0 -29 235 -32211 -9 -5 2489 7461 -2 2269 -50 0 962 -1581 -4079 -1 -8 -36 1 -3432 14098 1 -15747 70 -43 15 847 -3 1901 282 15 0 -156 59 26 1947 1016 0 2448 -3822 125 -9 35 3512 -3 -797 -1514 12756 0 -15002 -1299 -4555 -324 -1101 -1778 2 -6362 36 -784 6 236 3 -2 6 0 -25 1 -1 0 0 2 4 -2903 -289 -5017 -1194 -14 -455 -497 -2 -267 1 0 0 -1 -6 56 29625 6 0 48 440 6480 -1838 10145 -248 25 19 1850 -87 0 802 -4 -32043 -41 -359 0 -86 45 3916 -26 103 0 141 0 -9568 -229 7 -4 0 52 -946 6 35 -721 -8 -1 -2 0 0 0 15285 19 -71 67 -425 -1 4 31835 2 12 -665 -1526 1561 0 -894 -2589 5523 -6309 -1 15 2 0 45 9344 87 -1 -13772 3 32764 -105 135 -2462 694 -16261 20 0 3931 0 412 211 3 -62 -3480 0 1 -11945 -2 9 15 -122 209 0 -6 0 -2537 -7 -7532 0 -12 9 13334 68 -23 -909 -57 16151 1299 5 0 178 1 480 3 -18071 -887 -11145 1592 26 -5 -2501 0 -30131 -6 15 66 -2 -2758 26 -86 -2 0 0 -1079 -738 0 -80 1376 0 26 633 55 
32 33 33 32 33 32 33 32 
0 4 0 0 0 0 0 0 0 0 0 -2 0 0 9 0 11 0 0 0 0 -3 53 0 0 0 1 -126 0 0 10 29 0 18 0 0 8 -12 -32 0 0 0 0 -27 110 0 -123 1 0 0 7 0 15 2 0 0 -1 0 0 15 8 0 19 -30 1 0 0 27 0 -6 -12 100 0 -117 -10 -36 -3 -9 -14 0 -50 0 -6 0 2 0 0 0 0 0 0 0 0 0 0 0 -11 -1 -20 -5 0 -2 -2 0 -1 0 0 0 0 0 0 116 0 0 0 2 25 -7 40 -1 0 0 7 0 0 3 0 -125 0 -3 0 -1 0 31 0 1 0 1 0 -75 -2 0 0 0 0 -7 0 0 -6 0 0 0 0 0 0 119 0 -1 1 -3 0 0 124 0 0 -3 -6 6 0 -3 -10 22 -25 0 0 0 0 0 37 0 0 -54 0 127 0 1 -10 3 -64 0 0 15 0 3 2 0 0 -27 0 0 -93 0 0 0 -1 2 0 0 0 -20 0 -59 0 0 0 104 1 0 -7 0 126 10 0 0 1 0 2 0 -71 -3 -44 6 0 0 -10 0 -118 0 0 0 0 -11 0 0 0 0 0 -4 -3 0 0 5 0 0 2 0 
47 0 6 1 -31 -31
255 -35 -53 71 83 -74 126 -85 73 -125 70 2 -66 91 109 -52 -24 -3 -103 -81 -14 -24 -84 -38 -43 72 51 -82 -61 -8 122 97 255 -13 -127 -37 70 41 -47 -78 92 -74 -66 84 -122 97 -52 125 -83 75 -62 6 -79 74 92 -112 46 42 -59 62 -117 -5 -86 -80 255 125 -80 -79 41 -96 -22 111 43 73 -114 -23 -76 -108 -34 62 -9 60 -57 118 100 127 100 126 14 53 74 -61 18 -70 -34 83 255 19 96 52 -36 9 45 34 -89 40 -105 -93 30 -22 -120 37 75 -120 78 106 -106 16 83 -18 -50 -103 99 -79 77 -32 30 114 255 -24 13 -74 77 -19 -66 66 36 -121 126 -57 105 22 49 -124 26 -92 -126 -124 14 -56 96 99 -10 -96 -8 59 -19 126 -50 96 255 111 -18 -50 97 -1 -115 -32 -124 48 65 42 61 92 -121 -103 3 -40 -93 -90 41 24 63 37 77 77 105 31 15 64 6 4 255 26 71 45 -49 -106 -108 -64 127 105 -104 41 -54 -2 -59 61 101 25 -75 -123 -91 -87 7 68 75 -101 -76 73 -104 124 123 -19 255 103 49 125 -16 109 33 6 -95 -59 19 -1 124 50 -7 -110 -100 119 -16 45 -6 110 -52 73 29 -109 -98 29 15 -11 -78 -20 
5 5 5 5 5 5 5 5 
127 -17 -26 36 42 -37 63 -42 37 -62 35 1 -33 46 55 -26 -12 -1 -51 -40 -7 -12 -42 -19 -21 36 26 -41 -30 -4 61 49 127 -6 -63 -18 35 21 -23 -39 46 -37 -33 42 -61 49 -26 63 -41 38 -31 3 -39 37 46 -56 23 21 -29 31 -58 -2 -43 -40 127 63 -40 -39 21 -48 -11 56 22 37 -57 -11 -38 -54 -17 31 -4 30 -28 59 50 64 50 63 7 27 37 -30 9 -35 -17 42 127 10 48 26 -18 5 23 17 -44 20 -52 -46 15 -11 -60 19 38 -60 39 53 -53 8 42 -9 -25 -51 50 -39 39 -16 15 57 127 -12 7 -37 39 -9 -33 33 18 -60 63 -28 53 11 25 -62 13 -46 -63 -62 7 -28 48 50 -5 -48 -4 30 -9 63 -25 48 127 56 -9 -25 49 0 -57 -16 -62 24 33 21 31 46 -60 -51 2 -20 -46 -45 21 12 32 19 39 39 53 16 8 32 3 2 127 13 36 23 -24 -53 -54 -32 64 53 -52 21 -27 -1 -29 31 51 13 -37 -61 -45 -43 4 34 38 -50 -38 37 -52 62 62 -9 127 52 25 63 -8 55 17 3 -47 -29 10 0 62 25 -3 -55 -50 60 -8 23 -3 55 -26 37 15 -54 -49 15 8 -5 -39 -10 
48 0 4 1 -31 -31
15 -12 3 -4 -7 2 -7 -4 4 -9 -14 -5 1 -7 8 -9 6 14 9 5 -13 7 4 5 -12 7 -15 -2 -3 -1 -7 12 31 17 -28 27 -21 4 23 23 -4 -20 6 -28 -29 -30 13 1 28 -18 -17 9 -9 -2 5 -2 10 -5 -9 14 -2 -20 -25 -7 -63 4 2 55 60 53 -7 -27 -46 32 10 24 -45 47 -51 1 -15 14 -24 -52 -5 20 -40 58 0 8 1 11 -9 -34 -20 -13 127 -4 39 -124 123 62 -77 -85 -126 44 -70 7 82 62 0 -44 68 9 -113 -94 8 24 -127 80 122 -104 -56 -4 -2 80 49 123 255 7 4 -210 210 250 242 251 70 -226 41 -105 203 229 125 67 -219 40 -230 142 208 240 39 246 -153 -44 172 226 116 -187 39 -219 511 -94 -443 -304 -101 -164 -442 -416 -249 60 372 -8 214 -161 138 -292 -221 159 111 284 125 337 436 -73 -153 61 -190 260 -303 241 422 -441 -1023 -195 255 -278 -606 600 -949 905 800 -513 -724 275 17 595 -798 34 470 -451 455 616 -223 -1022 -340 176 507 -887 -315 -780 400 -710 -968 -674 -2047 -1153 1280 -467 1044 -738 2043 616 -662 -604 -1426 1968 1786 1115 1055 1192 284 -1144 -1957 942 -1732 395 990 -1655 1280 -769 -510 1918 398 455 -1268 1497 
4 4 4 4 3 2 1 0 
15 -12 3 -4 -7 2 -7 -4 4 -9 -14 -5 1 -7 8 -9 6 14 9 5 -13 7 4 5 -12 7 -15 -2 -3 -1 -7 12 31 17 -28 27 -21 4 23 23 -4 -20 6 -28 -29 -30 13 1 28 -18 -17 9 -9 -2 5 -2 10 -5 -9 14 -2 -20 -25 -7 -63 4 2 55 60 53 -7 -27 -46 32 10 24 -45 47 -51 1 -15 14 -24 -52 -5 20 -40 58 0 8 1 11 -9 -34 -20 -13 127 -4 39 -124 123 62 -77 -85 -126 44 -70 7 82 62 0 -44 68 9 -113 -94 8 24 -127 80 122 -104 -56 -4 -2 80 49 123 127 4 2 -105 105 125 121 126 35 -113 21 -52 102 115 63 34 -109 20 -115 71 104 120 20 123 -76 -22 86 113 58 -93 20 -109 127 -23 -111 -76 -25 -41 -110 -104 -62 15 93 -2 54 -40 35 -73 -55 40 28 71 31 84 109 -18 -38 15 -47 65 -76 60 106 -110 -128 -24 32 -35 -76 75 -119 113 100 -64 -90 34 2 74 -100 4 59 -56 57 77 -28 -128 -42 22 63 -111 -39 -97 50 -89 -121 -84 -128 -72 80 -29 65 -46 127 39 -41 -38 -89 123 112 70 66 75 18 -71 -122 59 -108 25 62 -103 80 -48 -32 120 25 28 -79 94 
49 0 12 1 -31 -31
255 -24 -2 12 14 -16 57 -41 71 86 8 111 99 -35 29 22 -75 -118 -88 58 -17 -89 -15 62 6 -26 80 99 -83 -57 92 122 255 73 -71 -71 69 -5 83 125 -41 95 22 -47 102 27 -38 -106 31 -53 -6 -121 -19 -6 39 -65 109 -39 -126 79 -56 39 -81 -82 255 -55 -3 91 91 17 10 105 56 33 68 33 -119 -111 15 114 -70 108 117 -46 112 92 93 7 -112 27 32 -56 -53 21 9 124 255 -72 14 57 73 -114 119 73 -79 -19 91 107 70 26 -61 -82 -15 -66 117 95 -75 74 122 -66 -23 60 -19 -93 -106 -100 69 7 255 78 29 65 34 -128 55 -96 40 -22 -117 -69 16 5 26 -13 67 82 91 -30 92 55 -35 -8 -16 91 -79 43 -19 -120 -59 66 255 39 -47 -70 -122 -76 -17 -63 -30 75 4 -111 93 -80 -125 16 37 62 7 61 -11 -84 26 14 94 -13 -36 -26 -92 62 -88 32 255 65 -7 96 -50 89 81 -89 -99 -27 -28 -5 -14 92 7 -58 -58 -4 80 57 77 16 97 56 105 -22 -106 -110 -81 34 113 -117 255 -79 60 89 116 -120 -33 87 -91 103 -109 85 74 118 44 -114 103 59 -79 72 56 -25 -62 -125 -125 0 -102 -53 -81 -49 -23 -75 
11 11 11 11 11 11 11 11 
127 -12 -1 6 7 -8 29 -20 36 43 4 56 50 -17 15 11 -37 -59 -44 29 -8 -44 -7 31 3 -13 40 50 -41 -28 46 61 127 37 -35 -35 35 -2 42 63 -20 48 11 -23 51 14 -19 -53 16 -26 -3 -60 -9 -3 20 -32 55 -19 -63 40 -28 20 -40 -41 127 -27 -1 46 46 9 5 53 28 17 34 17 -59 -55 8 57 -35 54 59 -23 56 46 47 4 -56 14 16 -28 -26 11 5 62 127 -36 7 29 37 -57 60 37 -39 -9 46 54 35 13 -30 -41 -7 -33 59 48 -37 37 61 -33 -11 30 -9 -46 -53 -50 35 4 127 39 15 33 17 -64 28 -48 20 -11 -58 -34 8 3 13 -6 34 41 46 -15 46 28 -17 -4 -8 46 -39 22 -9 -60 -29 33 127 20 -23 -35 -61 -38 -8 -31 -15 38 2 -55 47 -40 -62 8 19 31 4 31 -5 -42 13 7 47 -6 -18 -13 -46 31 -44 16 127 33 -3 48 -25 45 41 -44 -49 -13 -14 -2 -7 46 4 -29 -29 -2 40 29 39 8 49 28 53 -11 -53 -55 -40 17 57 -58 127 -39 30 45 58 -60 -16 44 -45 52 -54 43 37 59 22 -57 52 30 -39 36 28 -12 -31 -62 -62 0 -51 -26 -40 -24 -11 -37 
50 1 18 0 -31 -31
-32768 5712 -21288 23713 -18066 32353 -19039 3975 -15047 -1328 -4573 -10694 29178 -24923 -6236 11459 9711 14718 -18098 -19908 -25599 8999 -8978 -19009 -21509 15091 5860 -16664 16020 -6198 -4568 -23647 -32768 -14567 2720 11252 -18628 939 -5934 -18483 13922 4626 -15987 18276 16021 -3880 27482 -29036 289 -31435 -15949 2673 19671 2230 29978 -17020 -22762 -1072 4813 21846 -4351 17463 7684 -3462 -32768 -35 -3950 -20248 7551 7175 16876 -24441 28682 -11656 -6081 -4969 27074 -32405 14870 -31888 10847 -3704 -13141 -30103 8618 24808 23660 -19136 -21621 -19637 32375 -28968 17244 -21912 25476 -4828 -32768 -2649 6223 29009 -20356 -19040 -5202 4385 -26528 31795 10338 -31137 -6288 -4495 24615 3742 13297 -3038 20275 -15154 -28131 -30959 19824 17123 -8802 6605 -13387 24029 -2387 6946 -13701 30505 -32768 23395 20959 17092 29492 28542 2282 -25254 27372 -12439 -15834 -31986 9916 8900 -25544 6269 13267 16912 23831 12438 22728 12726 21662 -32703 30880 15409 25829 -32131 -2479 -9667 7574 -12879 -32768 6182 16391 11460 605 24086 -4019 20044 13387 -3046 29055 21346 -19352 8535 -19349 -17781 31196 -27810 18873 -2628 8837 9553 -8636 -24754 -12564 11004 23143 -7714 -11617 -19935 -21315 -8892 -32768 650 -3323 -25726 26113 6730 25423 3205 26248 25196 -10656 -962 20312 -17051 -2917 22653 31607 -8413 8996 28898 -15942 16127 9573 -28966 424 15987 13034 -28604 3480 -6638 -28608 -11506 -32768 21312 32228 -13255 -7039 1846 -17692 -2738 -20996 10432 9931 -30021 17476 -15024 14707 -28318 -10339 -24694 19960 -17434 -10898 21557 -28780 31081 23171 23285 -24381 -32659 -32382 -19912 21035 -16686 
9 9 9 9 9 9 9 9 
-64 11 -42 46 -35 63 -37 8 -29 -3 -9 -21 57 -49 -12 22 19 29 -35 -39 -50 18 -18 -37 -42 29 11 -33 31 -12 -9 -46 -64 -28 5 22 -36 2 -12 -36 27 9 -31 36 31 -8 54 -57 1 -61 -31 5 38 4 59 -33 -44 -2 9 43 -8 34 15 -7 -64 0 -8 -40 15 14 33 -48 56 -23 -12 -10 53 -63 29 -62 21 -7 -26 -59 17 48 46 -37 -42 -38 63 -57 34 -43 50 -9 -64 -5 12 57 -40 -37 -10 9 -52 62 20 -61 -12 -9 48 7 26 -6 40 -30 -55 -60 39 33 -17 13 -26 47 -5 14 -27 60 -64 46 41 33 58 56 4 -49 53 -24 -31 -62 19 17 -50 12 26 33 47 24 44 25 42 -64 60 30 50 -63 -5 -19 15 -25 -64 12 32 22 1 47 -8 39 26 -6 57 42 -38 17 -38 -35 61 -54 37 -5 17 19 -17 -48 -25 21 45 -15 -23 -39 -42 -17 -64 1 -6 -50 51 13 50 6 51 49 -21 -2 40 -33 -6 44 62 -16 18 56 -31 31 19 -57 1 31 25 -56 7 -13 -56 -22 -64 42 63 -26 -14 4 -35 -5 -41 20 19 -59 34 -29 29 -55 -20 -48 39 -34 -21 42 -56 61 45 45 -48 -64 -63 -39 41 -33 
51 0 5 1 -31 -31
-15 -6 2 8 12 14 4 -14 0 5 -5 11 -1 14 -13 0 12 -8 -8 2 -3 -7 -14 8 0 11 -9 -10 -13 0 0 14 -31 -26 -19 -26 -12 3 -30 8 16 28 -4 -17 -22 30 17 -28 1 12 -15 29 -15 17 -31 27 -27 21 22 -4 -14 24 19 8 63 47 43 -52 -3 -63 1 -49 59 -32 38 -3 -21 21 -60 -52 -15 10 -20 -45 55 -41 -58 -22 -46 -38 10 25 -3 -37 -32 -7 127 65 -97 -5 96 85 40 127 -109 -119 -117 81 41 94 74 20 -68 -115 -71 -15 -77 -123 94 100 -46 -84 39 -119 86 -7 36 -25 -255 2 115 -155 143 51 -94 -183 -54 185 -222 120 -128 -183 82 202 36 74 215 246 221 -206 161 -9 -43 121 -10 -64 153 164 -198 188 511 412 -406 451 379 140 229 296 -111 224 -131 -18 113 390 -355 55 329 215 386 -180 -15 287 146 154 -67 -423 -415 -169 298 255 183 -158 -1023 366 366 164 -696 -115 -950 -819 -823 -688 485 -633 183 -963 -337 971 -94 -802 -209 -908 -508 965 644 607 144 528 -756 -580 651 -528 165 469 2047 1124 -1682 1849 -1223 1447 1517 -1668 62 397 1339 -460 1573 876 725 -1069 -931 1233 -1916 2018 -1386 720 952 -843 688 529 -1376 -12 -1262 2019 1001 -1095 
5 5 5 5 4 3 2 1 
-15 -6 2 8 12 14 4 -14 0 5 -5 11 -1 14 -13 0 12 -8 -8 2 -3 -7 -14 8 0 11 -9 -10 -13 0 0 14 -31 -26 -19 -26 -12 3 -30 8 16 28 -4 -17 -22 30 17 -28 1 12 -15 29 -15 17 -31 27 -27 21 22 -4 -14 24 19 8 63 47 43 -52 -3 -63 1 -49 59 -32 38 -3 -21 21 -60 -52 -15 10 -20 -45 55 -41 -58 -22 -46 -38 10 25 -3 -37 -32 -7 127 65 -97 -5 96 85 40 127 -109 -119 -117 81 41 94 74 20 -68 -115 -71 -15 -77 -123 94 100 -46 -84 39 -119 86 -7 36 -25 -127 1 58 -77 72 26 -47 -91 -27 93 -111 60 -64 -91 41 101 18 37 108 123 111 -103 81 -4 -21 61 -5 -32 77 82 -99 94 127 103 -101 113 95 35 57 74 -28 56 -33 -4 28 98 -89 14 82 54 97 -45 -4 72 37 39 -17 -106 -104 -42 75 64 46 -39 -128 46 46 21 -87 -14 -119 -102 -103 -86 61 -79 23 -120 -42 121 -12 -100 -26 -113 -63 121 81 76 18 66 -94 -72 81 -66 21 59 127 70 -105 116 -76 90 95 -104 4 25 84 -29 98 55 45 -67 -58 77 -120 126 -87 45 60 -53 43 33 -86 -1 -79 126 63 -68 
52 0 18 1 -31 -31
-15 -6 3 5 14 1 1 3 -8 -6 -9 -7 -9 -6 1 -11 6 9 -7 -8 -3 15 10 9 -13 1 -15 7 -11 9 -2 12 31 -14 29 11 14 6 29 -6 -5 -27 -14 -25 -31 3 9 -2 17 -22 30 15 -22 21 -11 -5 4 -30 -8 -19 -24 -5 1 -5 63 40 34 18 -46 -59 12 -60 -36 0 -51 -56 48 -17 56 -3 19 -57 43 -60 -26 61 -32 -28 -30 15 -29 -45 -5 0 42 0 127 -17 14 10 18 -76 -93 30 -54 -38 -107 34 6 21 22 25 -110 65 53 68 20 -98 -102 20 52 -7 110 103 -26 73 76 -62 -255 127 -236 -30 -150 -161 -83 125 103 -109 -200 104 208 207 -230 -169 -43 115 225 190 45 -213 -128 -5 -231 -84 -134 -80 168 -176 -156 128 511 114 106 -209 7 322 -182 -437 -135 131 335 55 408 -160 431 450 -367 9 402 -10 509 -496 415 -275 -304 -278 336 369 -436 -380 -229 -248 1023 72 -551 568 -708 -820 665 -215 796 686 412 -418 -61 -680 505 -729 -224 -936 -297 -599 469 107 -853 -931 143 803 -930 908 886 895 464 831 2047 1700 960 -319 -347 -1033 822 -388 1111 1406 76 97 1601 -716 -1550 -197 -1028 1950 1584 -1989 -875 1740 -1944 1533 -1976 739 1980 2043 -1310 353 1853 -647 
18 18 18 18 17 16 15 14 
-15 -6 3 5 14 1 1 3 -8 -6 -9 -7 -9 -6 1 -11 6 9 -7 -8 -3 15 10 9 -13 1 -15 7 -11 9 -2 12 31 -14 29 11 14 6 29 -6 -5 -27 -14 -25 -31 3 9 -2 17 -22 30 15 -22 21 -11 -5 4 -30 -8 -19 -24 -5 1 -5 63 40 34 18 -46 -59 12 -60 -36 0 -51 -56 48 -17 56 -3 19 -57 43 -60 -26 61 -32 -28 -30 15 -29 -45 -5 0 42 0 127 -17 14 10 18 -76 -93 30 -54 -38 -107 34 6 21 22 25 -110 65 53 68 20 -98 -102 20 52 -7 110 103 -26 73 76 -62 -127 64 -118 -15 -75 -80 -41 63 52 -54 -100 52 104 104 -115 -84 -21 58 113 95 23 -106 -64 -2 -115 -42 -67 -40 84 -88 -78 64 127 29 27 -52 2 81 -45 -109 -34 33 84 14 102 -40 108 113 -92 2 101 -2 127 -124 104 -69 -76 -69 84 92 -109 -95 -57 -62 127 9 -69 71 -88 -102 83 -27 100 86 52 -52 -8 -85 63 -91 -28 -117 -37 -75 59 13 -107 -116 18 100 -116 114 111 112 58 104 127 106 60 -20 -22 -65 51 -24 69 88 5 6 100 -45 -97 -12 -64 122 99 -124 -55 109 -121 96 -123 46 124 127 -82 22 116 -40 
53 1 27 0 -31 -31
0 0 0 0 0 0 0 0 0 0 0 0 0 0 0 0 0 0 0 0 0 0 0 0 0 0 0 0 0 0 0 0 0 0 0 0 0 0 0 0 0 0 0 0 0 0 0 0 0 0 0 0 0 0 0 0 0 0 0 0 0 0 0 0 0 0 0 0 0 0 0 0 0 0 0 0 0 0 0 0 0 0 0 0 0 0 0 0 0 0 0 0 0 0 0 0 0 0 0 0 0 0 0 0 0 0 0 0 0 0 0 0 0 0 0 0 0 0 0 0 0 0 0 0 0 0 0 0 0 0 0 0 0 0 0 0 0 0 0 0 0 0 0 0 0 0 0 0 0 0 0 0 0 0 0 0 0 0 0 0 0 0 0 0 0 0 0 0 0 0 0 0 0 0 0 0 0 0 0 0 0 0 0 0 0 0 0 0 0 0 0 0 0 0 0 0 0 0 0 0 0 0 0 0 0 0 0 0 0 0 0 0 0 0 0 0 0 0 0 0 0 0 0 0 0 0 0 0 0 0 0 0 0 0 0 0 0 0 0 0 0 0 0 0 0 0 0 0 0 0 0 0 0 0 0 0 
27 27 27 27 27 27 27 27 
0 0 0 0 0 0 0 0 0 0 0 0 0 0 0 0 0 0 0 0 0 0 0 0 0 0 0 0 0 0 0 0 0 0 0 0 0 0 0 0 0 0 0 0 0 0 0 0 0 0 0 0 0 0 0 0 0 0 0 0 0 0 0 0 0 0 0 0 0 0 0 0 0 0 0 0 0 0 0 0 0 0 0 0 0 0 0 0 0 0 0 0 0 0 0 0 0 0 0 0 0 0 0 0 0 0 0 0 0 0 0 0 0 0 0 0 0 0 0 0 0 0 0 0 0 0 0 0 0 0 0 0 0 0 0 0 0 0 0 0 0 0 0 0 0 0 0 0 0 0 0 0 0 0 0 0 0 0 0 0 0 0 0 0 0 0 0 0 0 0 0 0 0 0 0 0 0 0 0 0 0 0 0 0 0 0 0 0 0 0 0 0 0 0 0 0 0 0 0 0 0 0 0 0 0 0 0 0 0 0 0 0 0 0 0 0 0 0 0 0 0 0 0 0 0 0 0 0 0 0 0 0 0 0 0 0 0 0 0 0 0 0 0 0 0 0 0 0 0 0 0 0 0 0 0 0 
54 0 14 0 -31 -31
58 23 43 -33 -57 28 5 -52 -63 -53 60 -61 26 -50 8 -49 -23 -4 -15 -37 -1 40 -58 -23 -19 -14 19 -21 -9 -44 -42 -8 -32 10 -37 -13 3 -12 -46 61 40 -30 -23 62 49 -62 -44 29 54 -43 -17 2 33 -49 49 61 62 11 -8 -8 -21 49 46 -43 44 -22 54 -26 -4 -34 14 26 1 -26 -53 -3 1 -4 -43 -3 21 29 38 -58 62 59 54 60 62 -24 50 24 9 -10 -62 -36 56 47 35 -15 6 -6 53 21 -44 23 59 -1 55 24 16 -10 -10 -48 -55 -35 49 -44 37 -31 26 31 33 -20 1 44 21 -51 -62 4 1 52 -19 28 9 12 56 31 -33 18 -46 -56 59 48 23 -61 4 14 -22 -42 51 -11 -35 51 30 -32 41 -6 -62 52 52 -41 -48 40 -9 -21 13 -63 -9 55 -24 54 0 7 -8 -39 -48 14 -49 22 49 -8 -51 -20 61 -46 11 -41 -22 16 12 -54 -8 -47 -47 -59 5 17 -5 1 52 -33 39 -48 -38 18 -43 57 4 -3 -20 -41 -53 -51 -23 -47 -50 60 42 -51 -14 5 45 -13 34 -32 -34 -27 -40 18 -43 49 16 -6 -45 -22 -7 -40 53 -49 9 46 12 24 -19 13 -11 43 -24 44 21 -18 29 -62 -6 39 
14 14 14 14 14 14 14 14 
58 23 43 -33 -57 28 5 -52 -63 -53 60 -61 26 -50 8 -49 -23 -4 -15 -37 -1 40 -58 -23 -19 -14 19 -21 -9 -44 -42 -8 -32 10 -37 -13 3 -12 -46 61 40 -30 -23 62 49 -62 -44 29 54 -43 -17 2 33 -49 49 61 62 11 -8 -8 -21 49 46 -43 44 -22 54 -26 -4 -34 14 26 1 -26 -53 -3 1 -4 -43 -3 21 29 38 -58 62 59 54 60 62 -24 50 24 9 -10 -62 -36 56 47 35 -15 6 -6 53 21 -44 23 59 -1 55 24 16 -10 -10 -48 -55 -35 49 -44 37 -31 26 31 33 -20 1 44 21 -51 -62 4 1 52 -19 28 9 12 56 31 -33 18 -46 -56 59 48 23 -61 4 14 -22 -42 51 -11 -35 51 30 -32 41 -6 -62 52 52 -41 -48 40 -9 -21 13 -63 -9 55 -24 54 0 7 -8 -39 -48 14 -49 22 49 -8 -51 -20 61 -46 11 -41 -22 16 12 -54 -8 -47 -47 -59 5 17 -5 1 52 -33 39 -48 -38 18 -43 57 4 -3 -20 -41 -53 -51 -23 -47 -50 60 42 -51 -14 5 45 -13 34 -32 -34 -27 -40 18 -43 49 16 -6 -45 -22 -7 -40 53 -49 9 46 12 24 -19 13 -11 43 -24 44 21 -18 29 -62 -6 39 
55 1 9 1 -31 -31
2047 -32768 511 -2048 -32767 16383 -256 -511 -4 -32767 1024 -8191 1024 -32768 -32767 8192 3 -32767 -127 15 -255 127 -511 -3 16383 2 -511 -32767 32767 -7 512 -512 63 15 8192 2047 -16383 -31 -2 -16383 -16383 -16384 -32 511 1023 15 32 -64 1024 8191 8192 -255 -1 31 -3 -16 -15 -32767 -15 4 -8192 16 -4096 2047 64 -16384 32767 8 -16384 -2048 -8 511 8191 -16 -2 32767 1024 -512 -32 -3 32 16383 -8192 -64 -511 -127 -4096 8192 511 4096 -8192 -4096 -2 -4095 4 4096 -16 -4095 -2048 -32768 32767 -4095 -256 63 7 -64 -2048 -31 -64 255 -1023 -256 -255 512 -16384 -8192 -256 -128 4095 -127 -255 -1023 -64 -256 2 -4095 -32767 -32767 -1 -8 16383 -1024 -8191 511 255 -511 256 -256 8 511 -1 32767 -2048 -63 -1024 32767 -15 512 -3 4 -511 1024 8192 -128 -4 -2048 2048 -64 -32768 1024 16384 16384 -4 128 255 4096 -16383 32 -1 -4096 -16 -31 4095 3 -511 2048 -1024 2048 64 -4096 16 2048 -127 32 32767 -2048 32767 -32 -2048 16383 -2047 -7 -15 -255 7 63 -8192 -16 32767 512 255 16 -2048 16384 511 -8191 -128 -1 1024 16 -15 -16383 -31 511 -63 -1023 -16383 -511 -15 -16383 1024 -256 -15 1 -255 -16 16383 32 -7 8 -8192 2047 -511 4096 -8191 -1 7 -31 -16384 -16 -16 -32768 -7 -32 -63 63 -2048 -128 31 8 1 2 -1023 -1024 -2048 -16383 
0 1 1 0 0 1 1 0 
4 -64 1 -4 -64 32 0 -1 0 -64 2 -16 2 -64 -64 16 0 -64 0 0 0 0 -1 0 32 0 -1 -64 64 0 1 -1 0 0 32 8 -64 0 0 -64 -64 -64 0 2 4 0 0 0 4 32 32 -1 0 0 0 0 0 -128 0 0 -32 0 -16 8 0 -64 127 0 -64 -8 0 2 32 0 0 127 4 -2 0 0 0 64 -32 0 -2 0 -16 32 2 16 -32 -16 0 -16 0 16 0 -8 -4 -64 64 -8 0 0 0 0 -4 0 0 0 -2 0 0 1 -32 -16 0 0 8 0 0 -2 0 0 0 -8 -64 -64 0 0 32 -2 -16 1 0 -1 1 0 0 1 0 64 -4 0 -2 64 0 1 0 0 -1 2 16 0 0 -4 4 0 -64 2 64 64 0 1 1 16 -64 0 0 -16 0 0 16 0 -2 8 -4 8 0 -16 0 8 0 0 127 -8 127 0 -8 64 -8 0 0 -1 0 0 -32 0 127 2 1 0 -8 64 2 -32 0 0 4 0 0 -64 0 2 0 -4 -64 -2 0 -64 4 -1 0 0 0 0 32 0 0 0 -16 4 -1 8 -16 0 0 0 -32 0 0 -64 0 0 0 0 -4 0 0 0 0 0 -2 -2 -4 -32 
56 0 25 1 -31 -31
15 -5 -10 11 -9 15 13 12 5 -8 -12 7 15 3 -13 -5 5 -4 -4 15 10 8 -15 14 -3 12 13 0 -8 -11 -13 2 -31 17 -14 -2 22 -12 -31 21 -6 24 -28 -24 11 -23 -10 30 -9 -22 16 -31 11 0 11 10 21 -4 24 -11 31 20 -30 13 -63 -12 4 51 -21 59 2 15 46 -12 12 23 7 -5 -41 -15 24 -37 -40 -28 45 24 13 -41 61 -6 -39 12 32 3 -53 -36 127 94 100 -111 107 104 66 76 9 -78 -47 116 84 39 107 114 -30 52 125 38 -92 10 123 79 -104 -99 -114 -4 92 -51 9 -42 255 240 92 -206 153 -21 210 -71 -246 146 -126 -189 32 -101 -119 -75 -253 -153 62 -168 197 17 179 -190 37 -246 150 146 248 -96 76 56 -511 -463 -79 -39 418 69 411 -143 -101 8 -386 227 94 375 183 403 -472 -197 -409 -251 378 -118 328 192 -189 197 -238 -279 270 216 177 -217 1023 467 195 151 471 738 597 -207 -157 -875 354 -903 1004 581 -429 798 -891 579 -408 -534 -467 -503 -446 -743 -967 -710 340 -546 924 640 -642 -233 2047 -1569 -406 -507 357 -1199 1374 1035 -1744 -842 -832 1934 -1376 -486 -461 -1104 1309 275 -812 890 -171 -34 410 -952 -1694 574 1607 -486 439 -1969 1260 -521 
25 25 25 25 24 23 22 21 
15 -5 -10 11 -9 15 13 12 5 -8 -12 7 15 3 -13 -5 5 -4 -4 15 10 8 -15 14 -3 12 13 0 -8 -11 -13 2 -31 17 -14 -2 22 -12 -31 21 -6 24 -28 -24 11 -23 -10 30 -9 -22 16 -31 11 0 11 10 21 -4 24 -11 31 20 -30 13 -63 -12 4 51 -21 59 2 15 46 -12 12 23 7 -5 -41 -15 24 -37 -40 -28 45 24 13 -41 61 -6 -39 12 32 3 -53 -36 127 94 100 -111 107 104 66 76 9 -78 -47 116 84 39 107 114 -30 52 125 38 -92 10 123 79 -104 -99 -114 -4 92 -51 9 -42 127 120 46 -103 77 -10 105 -35 -123 73 -63 -94 16 -50 -59 -37 -126 -76 31 -84 99 9 90 -95 19 -123 75 73 124 -48 38 28 -128 -116 -20 -10 105 17 103 -36 -25 2 -96 57 24 94 46 101 -118 -49 -102 -63 95 -29 82 48 -47 49 -59 -70 68 54 44 -54 127 58 24 19 59 92 75 -26 -20 -109 44 -113 126 73 -54 100 -111 72 -51 -67 -58 -63 -56 -93 -121 -89 43 -68 116 80 -80 -29 127 -98 -25 -32 22 -75 86 65 -109 -53 -52 121 -86 -30 -29 -69 82 17 -51 56 -11 -2 26 -59 -106 36 100 -30 27 -123 79 -33 
57 0 40 0 -31 -31
76 -3493 2237 10157 399 0 15946 0 502 -5 0 -3578 -14 -5401 -3 1 -199 -1769 -53 0 -2 -708 -7505 7197 -1094 -373 22 25 -13589 12157 -655 -1 0 93 0 -1 2 39 0 -576 -502 -242 1 -65 -8119 4500 0 881 -52 -5610 -7448 -15 -2668 -14992 18 3345 -261 -953 -1 -7839 11916 11 3900 66 -13 13365 -7 -19 10634 -32110 -1 -19609 -1060 0 7 -1 5156 1 -3 41 -11241 12185 72 25162 -53 -1 0 0 62 -1060 3144 -148 7 7 -15 -646 0 -159 -19 -118 0 926 -1 -11841 4063 -50 0 -21 26233 123 -6023 271 -1107 -15320 112 0 15219 -1966 0 2597 45 -63 17583 -569 -1970 -266 -1 -12818 0 -132 -80 0 -36 0 1 -224 284 0 53 0 6 0 0 996 -47 -5 9 2 54 -215 20 0 0 10981 456 34 -5903 0 28 0 -1788 21 -2 4868 -15 -121 -5 8 -23934 7 -3215 -71 -15 -327 -445 0 9 -4 7321 -178 -96 14 -3 6 7 -866 918 -1745 2 -11 230 -1237 0 83 0 0 0 3 1505 -120 -743 -445 1 48 -370 3 -15 186 -31 6 0 3 -15 3580 1824 970 -4 0 2661 -7 -29 115 731 5 934 -51 9098 658 -727 -5447 -1536 472 -1667 -5 5 41 10383 -1553 2 -2 -1 354 3 0 -1 2 11360 0 46 3 -79 -559 0 -266 -5 -1 
33 33 32 32 33 32 35 33 
1 -27 17 79 3 0 125 0 4 0 0 -28 0 -42 0 0 -2 -14 0 0 0 -6 -59 56 -9 -3 0 0 -106 95 -5 0 0 1 0 0 0 0 0 -4 -4 -2 0 -1 -63 35 0 7 0 -44 -58 0 -21 -117 0 26 -2 -7 0 -61 93 0 30 1 0 52 0 0 42 -125 0 -77 -4 0 0 0 20 0 0 0 -44 48 0 98 0 0 0 0 0 -4 12 -1 0 0 0 -3 0 -1 0 0 0 4 0 -46 16 0 0 0 102 0 -24 1 -4 -60 0 0 59 -8 0 10 0 0 69 -2 -8 -1 0 -50 0 -1 -1 0 0 0 0 -2 2 0 0 0 0 0 0 8 0 0 0 0 0 -2 0 0 0 86 4 0 -46 0 0 0 -7 0 0 19 0 0 0 0 -93 0 -13 0 0 -1 -2 0 0 0 29 -1 0 0 0 0 0 -3 4 -7 0 0 1 -5 0 3 0 0 0 0 47 -4 -23 -14 0 2 -12 0 0 6 -1 0 0 0 0 112 57 30 0 0 83 0 -1 4 23 0 7 0 71 5 -6 -43 -12 4 -13 0 0 0 81 -12 0 0 0 3 0 0 0 0 89 0 0 0 -1 -4 0 -2 0 0 
58 0 20 1 -31 -31
15 9 3 -6 11 -15 8 -14 -3 -5 -6 -5 11 15 7 0 -2 15 -1 -10 -8 -12 7 -8 5 -12 -14 -5 3 3 10 0 31 -23 -30 17 -29 27 -3 -30 -25 -20 24 5 -3 29 13 -26 0 -22 -20 -25 -25 19 2 8 2 1 -29 -26 -24 -14 -11 0 -63 20 -16 -46 -33 -45 -49 38 19 60 47 -27 17 -48 4 28 -59 31 33 -50 -55 -4 -33 -62 -15 -33 -13 26 57 26 56 21 -127 -100 -103 -3 115 25 106 -73 -17 -40 -90 -83 -58 -10 -41 -60 61 127 97 62 17 -112 54 36 90 -1 -75 -57 -100 120 -118 72 -255 -132 -13 -83 -45 -230 68 -240 -58 101 81 26 178 94 -93 -102 -160 225 -66 51 39 -55 -119 4 210 73 122 36 -168 216 3 -35 -511 54 264 -456 509 74 -488 -241 -7 -499 428 -145 -295 -195 108 505 496 -271 -208 -197 -310 380 -473 35 -78 -397 329 44 275 371 -89 -40 -1023 512 531 469 -272 -205 952 162 241 -809 -818 -35 220 511 -711 -568 -1020 119 -319 -972 746 947 985 -300 -198 -1018 -626 432 -684 -223 712 649 2047 907 137 -107 899 -1468 1186 -1773 761 -1188 -1629 1115 -1231 345 1704 585 -1367 1510 -1408 1987 -775 -257 789 681 -309 814 -440 -93 -178 -47 1935 1579 
20 20 20 20 19 18 17 16 
15 9 3 -6 11 -15 8 -14 -3 -5 -6 -5 11 15 7 0 -2 15 -1 -10 -8 -12 7 -8 5 -12 -14 -5 3 3 10 0 31 -23 -30 17 -29 27 -3 -30 -25 -20 24 5 -3 29 13 -26 0 -22 -20 -25 -25 19 2 8 2 1 -29 -26 -24 -14 -11 0 -63 20 -16 -46 -33 -45 -49 38 19 60 47 -27 17 -48 4 28 -59 31 33 -50 -55 -4 -33 -62 -15 -33 -13 26 57 26 56 21 -127 -100 -103 -3 115 25 106 -73 -17 -40 -90 -83 -58 -10 -41 -60 61 127 97 62 17 -112 54 36 90 -1 -75 -57 -100 120 -118 72 -127 -66 -6 -41 -22 -115 34 -120 -29 51 41 13 89 47 -46 -51 -80 113 -33 26 20 -27 -59 2 105 37 61 18 -84 108 2 -17 -128 14 66 -114 127 19 -122 -60 -2 -125 107 -36 -74 -49 27 126 124 -68 -52 -49 -77 95 -118 9 -19 -99 82 11 69 93 -22 -10 -128 64 66 59 -34 -26 119 20 30 -101 -102 -4 28 64 -89 -71 -127 15 -40 -121 93 118 123 -37 -25 -127 -78 54 -85 -28 89 81 127 57 9 -7 56 -92 74 -111 48 -74 -102 70 -77 22 107 37 -85 94 -88 124 -48 -16 49 43 -19 51 -27 -6 -11 -3 121 99 
59 1 21 0 -31 -31
-9 31 53 -35 54 -16 54 6 29 39 -54 33 -30 -30 -40 15 24 2 4 24 8 -46 1 -34 -9 -44 37 -61 31 27 27 -28 -26 12 -10 37 -60 16 46 -38 -31 -29 15 15 -38 29 58 -20 48 -14 1 -57 -61 -33 -49 10 -22 -59 -51 -47 -62 -22 -24 -57 -29 9 -48 -56 22 49 48 27 -2 -53 9 -52 -40 -5 -22 -21 -1 -25 49 -14 -42 -25 -11 45 35 -13 2 -56 60 15 1 -17 -31 7 25 -3 19 -33 -60 -16 -2 50 -4 33 -48 -30 -40 23 -56 -13 -27 -38 15 61 -55 -4 -17 39 -44 -60 28 38 -2 53 -30 27 24 -18 15 -58 58 -6 15 1 -28 27 -40 0 -5 42 -55 -36 -4 1 -15 -25 -16 47 -22 -17 32 45 -42 -16 11 52 5 49 -42 43 -19 15 -46 -1 49 -19 -11 -1 2 46 -42 -14 37 54 -3 45 18 46 60 41 51 56 13 38 -59 14 -37 42 -39 2 -9 37 26 3 19 20 -36 -10 58 54 24 25 30 30 62 20 4 31 27 8 25 24 -29 34 -15 41 61 7 4 20 21 -11 -2 -32 19 -56 -6 56 -37 -21 -5 15 42 41 -53 56 -20 -41 57 56 18 63 16 0 60 -4 20 25 -63 20 -56 31 
21 21 21 21 21 21 21 21 
-9 31 53 -35 54 -16 54 6 29 39 -54 33 -30 -30 -40 15 24 2 4 24 8 -46 1 -34 -9 -44 37 -61 31 27 27 -28 -26 12 -10 37 -60 16 46 -38 -31 -29 15 15 -38 29 58 -20 48 -14 1 -57 -61 -33 -49 10 -22 -59 -51 -47 -62 -22 -24 -57 -29 9 -48 -56 22 49 48 27 -2 -53 9 -52 -40 -5 -22 -21 -1 -25 49 -14 -42 -25 -11 45 35 -13 2 -56 60 15 1 -17 -31 7 25 -3 19 -33 -60 -16 -2 50 -4 33 -48 -30 -40 23 -56 -13 -27 -38 15 61 -55 -4 -17 39 -44 -60 28 38 -2 53 -30 27 24 -18 15 -58 58 -6 15 1 -28 27 -40 0 -5 42 -55 -36 -4 1 -15 -25 -16 47 -22 -17 32 45 -42 -16 11 52 5 49 -42 43 -19 15 -46 -1 49 -19 -11 -1 2 46 -42 -14 37 54 -3 45 18 46 60 41 51 56 13 38 -59 14 -37 42 -39 2 -9 37 26 3 19 20 -36 -10 58 54 24 25 30 30 62 20 4 31 27 8 25 24 -29 34 -15 41 61 7 4 20 21 -11 -2 -32 19 -56 -6 56 -37 -21 -5 15 42 41 -53 56 -20 -41 57 56 18 63 16 0 60 -4 20 25 -63 20 -56 31 
60 0 4 1 -31 -31
255 37 -42 9 1 -81 -11 17 -34 -98 -36 -122 51 -60 101 -110 -37 -64 -41 -40 2 95 117 -14 16 54 -54 -124 36 86 -73 -119 255 -110 106 127 -102 -70 52 11 108 0 78 18 59 60 60 -122 -17 -40 -114 -20 108 -122 110 11 -17 17 29 63 -48 76 108 29 255 70 85 -4 -76 9 67 83 3 56 -63 35 -3 10 82 -107 -15 -58 -75 -128 -32 34 126 86 45 116 10 -45 52 -68 -98 24 255 -2 -26 86 -89 36 -120 71 -122 -75 -72 73 -116 104 113 -74 -102 -123 -57 -60 40 122 35 99 -21 -86 -120 109 14 -21 79 -23 255 118 -81 -8 -107 -69 -126 28 88 -66 114 19 -30 123 72 -53 -105 -16 42 -97 112 -31 102 97 -83 -36 88 73 -121 53 -13 -122 255 80 -99 -82 43 -87 -1 45 118 59 -125 -32 0 43 -36 97 -42 95 84 105 -59 104 -101 95 77 22 -61 -77 -16 52 82 53 255 -98 -48 -116 31 -31 -54 -27 65 43 45 -50 23 -47 -96 91 5 61 61 80 -72 -2 109 -121 -6 56 -70 97 60 95 -37 114 255 -80 -79 116 35 -30 71 42 72 -113 53 -121 -88 -58 -21 -119 -1 -5 -95 104 34 59 41 -119 108 -32 104 29 36 -70 39 -31 
3 3 3 3 3 3 3 3 
127 19 -21 5 1 -40 -5 9 -17 -49 -18 -61 26 -30 51 -55 -18 -32 -20 -20 1 48 59 -7 8 27 -27 -62 18 43 -36 -59 127 -55 53 64 -51 -35 26 6 54 0 39 9 30 30 30 -61 -8 -20 -57 -10 54 -61 55 6 -8 9 15 32 -24 38 54 15 127 35 43 -2 -38 5 34 42 2 28 -31 18 -1 5 41 -53 -7 -29 -37 -64 -16 17 63 43 23 58 5 -22 26 -34 -49 12 127 -1 -13 43 -44 18 -60 36 -61 -37 -36 37 -58 52 57 -37 -51 -61 -28 -30 20 61 18 50 -10 -43 -60 55 7 -10 40 -11 127 59 -40 -4 -53 -34 -63 14 44 -33 57 10 -15 62 36 -26 -52 -8 21 -48 56 -15 51 49 -41 -18 44 37 -60 27 -6 -61 127 40 -49 -41 22 -43 0 23 59 30 -62 -16 0 22 -18 49 -21 48 42 53 -29 52 -50 48 39 11 -30 -38 -8 26 41 27 127 -49 -24 -58 16 -15 -27 -13 33 22 23 -25 12 -23 -48 46 3 31 31 40 -36 -1 55 -60 -3 28 -35 49 30 48 -18 57 127 -40 -39 58 18 -15 36 21 36 -56 27 -60 -44 -29 -10 -59 0 -2 -47 52 17 30 21 -59 54 -16 52 15 18 -35 20 -15 
61 0 8 1 -31 -31
-15 -13 -15 -5 -2 -11 1 0 15 15 11 6 4 -9 -15 11 4 -6 10 10 2 -11 9 5 -6 -11 9 -7 14 0 12 14 -31 -29 -28 19 -2 26 -12 -11 -4 -23 17 20 0 -20 -24 -14 14 9 -16 -3 24 -27 16 -17 -31 8 29 0 -22 24 -30 -29 -63 58 -25 45 61 0 54 -48 -55 14 -30 32 -54 -6 8 -54 -21 -47 -29 -31 -34 -47 -53 27 -7 1 -18 5 47 52 14 54 -127 -2 71 31 -97 -106 -91 -62 -105 -103 -124 -107 83 33 -66 86 95 -81 -63 -14 -52 96 -17 14 -61 -101 -55 75 17 46 -4 -37 255 101 -184 91 13 155 192 -66 224 48 41 -140 27 -41 134 -123 -189 -32 -46 128 11 -41 231 -245 183 -180 71 222 -139 126 12 207 -511 74 250 44 -216 -56 17 109 221 -400 387 250 -472 -238 69 -475 497 -222 -349 -211 -307 -315 -229 367 -352 185 271 443 -307 112 -442 -336 1023 -511 -66 120 -582 923 -983 333 -346 -38 -109 -515 947 845 -907 378 -130 416 -274 777 -204 172 580 -435 149 -688 -601 854 -113 -357 -633 257 2047 -253 -1701 416 1914 -1495 737 -135 -1126 -872 256 -647 1578 -1422 1503 -1838 -1561 -1695 1331 730 -1300 -281 -597 -151 -506 -678 849 1700 311 -866 493 865 
8 8 8 8 7 6 5 4 
-15 -13 -15 -5 -2 -11 1 0 15 15 11 6 4 -9 -15 11 4 -6 10 10 2 -11 9 5 -6 -11 9 -7 14 0 12 14 -31 -29 -28 19 -2 26 -12 -11 -4 -23 17 20 0 -20 -24 -14 14 9 -16 -3 24 -27 16 -17 -31 8 29 0 -22 24 -30 -29 -63 58 -25 45 61 0 54 -48 -55 14 -30 32 -54 -6 8 -54 -21 -47 -29 -31 -34 -47 -53 27 -7 1 -18 5 47 52 14 54 -127 -2 71 31 -97 -106 -91 -62 -105 -103 -124 -107 83 33 -66 86 95 -81 -63 -14 -52 96 -17 14 -61 -101 -55 75 17 46 -4 -37 127 51 -92 46 7 78 96 -33 112 24 21 -70 14 -20 67 -61 -94 -16 -23 64 6 -20 116 -122 92 -90 36 111 -69 63 6 104 -128 19 63 11 -54 -14 4 27 55 -100 97 63 -118 -59 17 -119 124 -55 -87 -53 -77 -79 -57 92 -88 46 68 111 -77 28 -110 -84 127 -64 -8 15 -73 115 -123 42 -43 -5 -14 -64 118 106 -113 47 -16 52 -34 97 -25 22 73 -54 19 -86 -75 107 -14 -45 -79 32 127 -16 -106 26 120 -93 46 -8 -70 -54 16 -40 99 -89 94 -115 -98 -106 83 46 -81 -18 -37 -9 -32 -42 53 106 19 -54 31 54 
62 0 40 0 -31 -31
-8752 4 1 -119 -51 0 1 0 -167 -15344 3 3581 0 53 148 -2103 1 989 -255 0 -2532 -6 879 -1326 0 62 -3 4 10425 -27 61 0 0 0 246 -238 -8 -64 0 -15445 -146 -78 10108 -1767 -10 43 27808 1 -18 0 0 15 28 0 0 3319 -6375 147 -7 -99 -1 -2 -14707 1 11 3444 16 23 48 2227 23 78 -6 0 -106 -9 0 0 496 -55 -31474 -14173 253 -3 197 -42 34 0 -385 -57 -18590 432 -14 0 -189 67 0 0 -24469 92 238 488 18 -4479 0 -6 0 -351 -41 1764 3164 697 -116 1815 120 2232 -3 11 -10 -1363 -387 -8774 -3882 -25 3182 -50 -146 -1581 161 -2 391 -242 -1482 0 -605 -1 4 589 24 -8 -179 37 -1 -954 -27 223 31 -238 6238 -1 4655 0 14112 -27 -10767 6565 637 -57 0 -604 -156 411 6692 0 0 1552 -2 999 713 -54 -1 -32 -11467 2 9 171 2 -44 -1155 1 96 2 -42 0 -1 2 30 -15465 0 19 2856 6655 -2 4 -34 -9469 -2865 11 31 -2528 -704 0 -1577 -1 217 1020 -12889 -3750 -4474 4 3 0 15 15 691 -1098 326 -48 4 -480 -103 -150 81 856 111 -30 -1 30034 0 0 -1 -422 0 -1 2 182 -7 10578 -59 14 7 -1 -11 0 -1 45 -26 2 9 533 -42 -64 -28 0 2 -7710 
33 32 32 32 33 33 33 32 
-68 0 0 -1 0 0 0 0 -1 -120 0 28 0 0 1 -16 0 8 -2 0 -20 0 7 -10 0 0 0 0 81 0 0 0 0 0 1 -1 0 0 0 -60 -1 0 39 -7 0 0 109 0 0 0 0 0 0 0 0 13 -25 1 0 0 0 0 -57 0 0 13 0 0 0 9 0 0 0 0 0 0 0 0 2 0 -123 -55 1 0 1 0 0 0 -2 0 -73 2 0 0 -1 0 0 0 -96 0 1 2 0 -17 0 0 0 -1 0 7 12 3 0 7 0 9 0 0 0 -5 -2 -34 -15 0 12 0 -1 -6 1 0 3 -2 -12 0 -5 0 0 5 0 0 -1 0 0 -7 0 2 0 -2 49 0 36 0 110 0 -84 51 5 0 0 -5 -1 3 52 0 0 12 0 8 6 0 0 0 -90 0 0 1 0 0 -9 0 1 0 0 0 0 0 0 -121 0 0 22 52 0 0 0 -74 -22 0 0 -20 -5 0 -12 0 2 8 -101 -29 -35 0 0 0 0 0 5 -9 3 0 0 -4 -1 -1 1 7 0 0 0 117 0 0 0 -2 0 0 0 1 0 41 0 0 0 0 0 0 0 0 0 0 0 2 0 0 0 0 0 -30 
63 1 -27 0 -31 -35
-11 7202 -27534 5706 0 -31415 6 0 150 29 -158 1 -12 -2 5 -8062 0 192 15 14 836 3750 205 -42 -77 -1 24 3000 7513 -22 -6266 -318 1 -9 1232 4497 356 0 2554 2 -4 40 -1550 -81 37 3 2 3 4 13256 -951 -4218 -211 13 0 21617 11202 -834 4310 1631 1 11936 2 1408 0 -32 3 0 0 -31 -3 -4102 58 1 10004 -62 27118 1 -2046 -25215 0 3 0 3 -457 -870 0 128 -15425 -125 12 274 -1439 -843 -2460 -147 -3880 1 -30426 12803 -1 244 -404 144 -3889 -12920 -2592 -5 -4 0 -1986 118 -6692 10 30 250 197 3 21 239 -212 1 0 -13205 -98 0 -54 -1 12419 -68 20634 0 -5788 11 -9 0 -20495 -29 -118 19 158 -706 88 10 0 782 -1873 1243 3032 -5 -7 100 39 -6499 39 0 0 0 2613 0 -5 0 53 -1762 14860 -1 1 2 -12 2 -203 1653 -415 2104 -418 -30131 0 361 0 27 3936 0 1018 -6 -5 -13689 -311 -7 -1 -6 -16269 -394 90 -4 606 -24 265 -127 -9981 31387 1308 -22 42 -8002 792 -51 95 5 3144 -14043 -1 0 1658 -121 4 -3 0 5843 1761 6258 1 -928 0 -1916 -1591 -1352 -13 -9 -657 -1037 45 -37 -2234 -2 -996 -987 -809 9 22 10 177 13 0 -11469 3 574 7127 -5 -14 -574 -11 2 31 -235 -3852 229 
-35 -35 -35 -35 -35 -35 -35 -34 
0 28 -108 22 0 -123 0 0 1 0 -1 0 0 0 0 -31 0 1 0 0 3 15 1 0 0 0 0 12 29 0 -24 -1 0 0 5 18 1 0 10 0 0 0 -6 0 0 0 0 0 0 52 -4 -16 -1 0 0 84 44 -3 17 6 0 47 0 6 0 0 0 0 0 0 0 -16 0 0 39 0 106 0 -8 -98 0 0 0 0 -2 -3 0 1 -60 0 0 1 -6 -3 -10 -1 -15 0 -119 50 0 1 -2 1 -15 -50 -10 0 0 0 -8 0 -26 0 0 1 1 0 0 1 -1 0 0 -52 0 0 0 0 49 0 81 0 -23 0 0 0 -80 0 0 0 1 -3 0 0 0 3 -7 5 12 0 0 0 0 -25 0 0 0 0 10 0 0 0 0 -7 58 0 0 0 0 0 -1 6 -2 8 -2 -118 0 1 0 0 15 0 4 0 0 -53 -1 0 0 0 -64 -2 0 0 2 0 1 0 -39 123 5 0 0 -31 3 0 0 0 12 -55 0 0 6 0 0 0 0 23 7 24 0 -4 0 -7 -12 -11 0 0 -5 -8 0 0 -17 0 -8 -8 -6 0 0 0 1 0 0 -90 0 4 56 0 0 -4 0 0 0 -2 -30 2 
