64 128
0 7 0
99821.0 -286272.0 7133.0 -769361.0 977257.0 -52138.0 184651.0 -282354.0 763504.0 -577227.0 270589.0 -743128.0 835276.0 -604925.0 571440.0 -143415.0 13088.0 -680081.0 479704.0 -503186.0 124094.0 -825178.0 -83358.0 878612.0 -465270.0 735756.0 -719991.0 -175006.0 -927220.0 -541907.0 216506.0 218729.0 993593.0 -778873.0 -727196.0 108059.0 197339.0 963320.0 499899.0 -421554.0 -925558.0 -847162.0 -696873.0 808594.0 -953364.0 -418664.0 793796.0 161310.0 903492.0 -737984.0 963087.0 267928.0 -539442.0 293583.0 -595395.0 -537768.0 24685.0 -429423.0 75790.0 -818117.0 377089.0 49109.0 87994.0 683818.0 726491.0 -414467.0 572669.0 573707.0 186032.0 -667488.0 -832492.0 -243119.0 647574.0 -833463.0 -613426.0 836797.0 -86389.0 -619250.0 746368.0 -786012.0 826074.0 252693.0 209915.0 576094.0 -693898.0 814394.0 -469759.0 911010.0 -232557.0 -299815.0 601877.0 931333.0 159923.0 624048.0 -8126.0 759703.0 320704.0 -557010.0 586613.0 -740848.0 -251416.0 51429.0 659077.0 246993.0 409395.0 -209582.0 -363944.0 -936308.0 490984.0 733285.0 640350.0 -605612.0 325532.0 -323414.0 927808.0 86329.0 169004.0 212754.0 5497.0 -973028.0 -498333.0 -889825.0 691997.0 914571.0 917311.0 913474.0 -488254.0 170417.0 
12 12 12 12 12 12 12 12 12 12 12 12 12 12 12 12 12 12 12 12 12 12 12 12 12 12 12 12 12 12 12 12 12 12 12 12 12 12 12 12 12 12 12 12 12 12 12 12 12 12 12 12 12 12 12 12 12 12 12 12 12 12 12 12 12 12 12 12 12 12 12 12 12 12 12 12 12 12 12 12 12 12 12 12 12 12 12 12 12 12 12 12 12 12 12 12 12 12 12 12 12 12 12 12 12 12 12 12 12 12 12 12 12 12 12 12 12 12 12 12 12 12 12 12 12 12 12 12 
3119 -8946 223 -24043 30539 -1629 5770 -8824 23860 -18038 8456 -23223 26102 -18904 17858 -4482 409 -21253 14991 -15725 3878 -25787 -2605 27457 -14540 22992 -22500 -5469 -28976 -16935 6766 6835 31050 -24340 -22725 3377 6167 30104 15622 -13174 -28924 -26474 -21777 25269 -29793 -13083 24806 5041 28234 -23062 30096 8373 -16858 9174 -18606 -16805 771 -13419 2368 -25566 11784 1535 2750 21369 22703 -12952 17896 17928 5814 -20859 -26015 -7597 20237 -26046 -19170 26150 -2700 -19352 23324 -24563 25815 7897 6560 18003 -21684 25450 -14680 28469 -7267 -9369 18809 29104 4998 19502 -254 23741 10022 -17407 18332 -23151 -7857 1607 20596 7719 12794 -6549 -11373 -29260 15343 22915 20011 -18925 10173 -10107 28994 2698 5281 6649 172 -30407 -15573 -27807 21625 28580 28666 28546 -15258 5326 
1 0 0
0.0 0.0 0.0 0.0 0.0 0.0 0.0 0.0 0.0 0.0 0.0 0.0 0.0 0.0 0.0 0.0 0.0 0.0 0.0 0.0 0.0 0.0 0.0 0.0 0.0 0.0 0.0 0.0 0.0 0.0 0.0 0.0 0.0 0.0 0.0 0.0 0.0 0.0 0.0 0.0 0.0 0.0 0.0 0.0 0.0 0.0 0.0 0.0 0.0 0.0 0.0 0.0 0.0 0.0 0.0 0.0 0.0 0.0 0.0 0.0 0.0 0.0 0.0 0.0 0.0 0.0 0.0 0.0 0.0 0.0 0.0 0.0 0.0 0.0 0.0 0.0 0.0 0.0 0.0 0.0 0.0 0.0 0.0 0.0 0.0 0.0 0.0 0.0 0.0 0.0 0.0 0.0 0.0 0.0 0.0 0.0 0.0 0.0 0.0 0.0 0.0 0.0 0.0 0.0 0.0 0.0 0.0 0.0 0.0 0.0 0.0 0.0 0.0 0.0 0.0 0.0 0.0 0.0 0.0 0.0 0.0 0.0 0.0 0.0 0.0 0.0 0.0 0.0 
27 24 12 7 23 13 1 22 27 25 19 29 13 17 0 2 8 17 11 28 2 4 6 32 27 18 30 13 38 27 17 21 18 15 28 28 29 10 24 37 3 18 36 35 3 26 10 37 22 4 24 17 34 35 32 2 4 14 22 20 19 29 21 2 28 0 36 15 35 10 21 38 37 30 23 10 29 4 0 39 17 9 15 36 20 5 17 33 31 19 28 5 18 10 37 3 4 32 5 30 17 32 3 33 23 34 2 30 4 24 15 18 25 0 36 25 24 36 29 19 3 7 17 19 10 15 35 0 
0 0 0 0 0 0 0 0 0 0 0 0 0 0 0 0 0 0 0 0 0 0 0 0 0 0 0 0 0 0 0 0 0 0 0 0 0 0 0 0 0 0 0 0 0 0 0 0 0 0 0 0 0 0 0 0 0 0 0 0 0 0 0 0 0 0 0 0 0 0 0 0 0 0 0 0 0 0 0 0 0 0 0 0 0 0 0 0 0 0 0 0 0 0 0 0 0 0 0 0 0 0 0 0 0 0 0 0 0 0 0 0 0 0 0 0 0 0 0 0 0 0 0 0 0 0 0 0 
2 -5 0
-643055.0 206695.0 410385.0 490513.0 569563.0 -530829.0 -738487.0 534341.0 343873.0 -442031.0 -567807.0 640204.0 14417.0 230495.0 563724.0 -406929.0 -810435.0 6728.0 -100798.0 -375906.0 -447879.0 884372.0 628405.0 -825739.0 191285.0 629922.0 472822.0 749704.0 885066.0 709102.0 161950.0 251775.0 -420193.0 97288.0 -438321.0 -770783.0 374649.0 -974578.0 -178643.0 -136495.0 -270745.0 363174.0 -869447.0 -107418.0 -707991.0 -1689.0 828540.0 670950.0 454587.0 943268.0 -632927.0 853300.0 514644.0 836495.0 -946319.0 243054.0 278555.0 508697.0 -51197.0 -307272.0 -54806.0 269884.0 -269203.0 -227548.0 437392.0 -88144.0 147236.0 767683.0 -149049.0 -408308.0 -997457.0 403430.0 -748641.0 -891615.0 -920574.0 767861.0 -891084.0 327116.0 387533.0 214781.0 -406302.0 375802.0 -388343.0 751647.0 -98581.0 216281.0 947392.0 365313.0 666383.0 -709208.0 -382686.0 -518086.0 889912.0 611453.0 13218.0 -351330.0 -45612.0 677862.0 -317580.0 934760.0 -556409.0 -693641.0 293686.0 -561281.0 -880085.0 -92292.0 -127237.0 687210.0 -735400.0 268297.0 357155.0 440371.0 -125746.0 378375.0 -439324.0 -374889.0 -881080.0 835280.0 30279.0 -477859.0 -347186.0 -431823.0 -891997.0 479771.0 287778.0 866880.0 687999.0 319893.0 
36 21 16 28 27 7 13 9 29 30 26 38 31 7 6 28 35 22 39 8 26 12 30 35 9 31 29 0 6 7 11 39 23 10 18 35 15 5 19 18 34 3 36 33 16 16 15 28 2 15 26 39 17 11 19 11 13 17 8 14 27 33 24 39 37 0 6 6 36 9 22 5 4 16 10 39 12 23 15 23 17 35 15 25 18 39 1 4 14 19 2 2 5 0 39 14 8 30 35 34 36 1 28 34 16 8 2 27 25 28 25 27 4 0 12 24 15 20 2 2 31 13 27 36 35 10 7 18 
0 0 0 0 0 -130 -3 33 0 0 0 0 0 56 275 0 0 0 0 -46 0 7 0 0 12 0 0 23428 432 173 2 0 0 3 0 0 0 -952 0 0 0 1419 0 0 0 0 1 0 3551 1 0 0 0 13 0 4 1 0 -6 -1 0 0 0 0 0 -2754 72 375 0 -25 0 394 -1462 0 -28 0 -7 0 0 0 0 0 0 0 0 0 14803 714 1 0 -2990 -4048 869 19108 0 -1 -6 0 0 0 0 -10838 0 0 0 -11 -994 0 0 0 0 0 -246 11824 -3 0 -1 0 237 -3733 0 -2 0 0 0 26 168 0 
3 -6 1
-67108863.0 67108863.0 -8388607.0 255.0 -2047.0 -1073741823.0 1048575.0 -511.0 8191.0 -16777215.0 -268435455.0 -511.0 -32767.0 511.0 -255.0 524287.0 -511.0 2147483647.0 2097151.0 -511.0 16383.0 -268435455.0 -8191.0 -2147483647.0 2147483647.0 536870911.0 262143.0 268435455.0 -4095.0 -131071.0 -1048575.0 -2047.0 -2147483647.0 511.0 -2047.0 33554431.0 1073741823.0 33554431.0 -2047.0 -1073741823.0 16383.0 -1048575.0 -67108863.0 -511.0 33554431.0 65535.0 16777215.0 -65535.0 2147483647.0 33554431.0 -511.0 524287.0 -131071.0 -33554431.0 1048575.0 -268435455.0 -65535.0 1023.0 268435455.0 1048575.0 16383.0 8388607.0 -8191.0 -134217727.0 -16383.0 536870911.0 4095.0 -524287.0 134217727.0 -4194303.0 -524287.0 134217727.0 -268435455.0 -131071.0 -524287.0 -8388607.0 1048575.0 -4095.0 -131071.0 2047.0 268435455.0 -4095.0 -536870911.0 1073741823.0 4095.0 2147483647.0 -524287.0 -33554431.0 1023.0 65535.0 1023.0 -8388607.0 -131071.0 32767.0 -262143.0 -262143.0 -16777215.0 134217727.0 -511.0 134217727.0 -131071.0 -67108863.0 -33554431.0 1023.0 1048575.0 16383.0 8388607.0 4194303.0 67108863.0 -2047.0 -32767.0 1048575.0 8191.0 1023.0 524287.0 16777215.0 -268435455.0 16383.0 -268435455.0 32767.0 -1023.0 1073741823.0 2097151.0 8388607.0 -8388607.0 33554431.0 33554431.0 -16383.0 
12 10 10 12 11 11 11 11 10 11 11 11 10 11 12 11 10 11 10 10 11 12 10 10 10 11 11 12 10 12 12 10 12 11 11 11 12 10 12 11 11 11 12 11 10 12 10 12 10 10 10 12 11 10 12 11 12 12 10 11 10 11 12 10 10 12 11 12 12 10 10 11 10 10 11 11 11 10 10 12 10 12 12 11 12 10 11 12 10 10 11 12 11 12 11 12 10 10 10 10 12 12 10 12 11 11 12 11 12 12 12 11 12 10 11 12 12 12 12 12 12 11 11 12 10 11 10 11 
-256 1024 -128 0 0 -8192 8 0 0 -128 -2048 0 0 0 0 4 0 16384 32 0 0 -1024 0 -32768 32767 4096 2 1024 0 0 -4 0 -8192 0 0 256 4096 512 0 -8192 0 -8 -256 0 512 0 256 0 32767 512 0 2 -1 -512 4 -2048 0 0 4096 8 0 64 0 -2048 0 2048 0 -2 512 -64 -8 1024 -4096 -2 -4 -64 8 0 -2 0 4096 0 -2048 8192 0 32767 -4 -128 0 1 0 -32 -1 0 -2 -1 -256 2048 0 2048 0 -256 -512 0 8 0 32 32 256 0 0 8 0 0 4 64 -1024 0 -1024 0 0 8192 16 32 -128 256 512 0 
4 0 0
17179869410.0 -17179869863.0 -17179869525.0 -17179869870.0 -17179870090.0 -17179869794.0 17179869697.0 17179869762.0 -17179869663.0 -17179869206.0 17179869198.0 17179869942.0 -17179869940.0 -17179869985.0 17179869298.0 17179869683.0 -17179869378.0 -17179869369.0 17179869557.0 -17179869801.0 17179869770.0 17179869202.0 -17179869382.0 17179869242.0 -17179870139.0 17179869458.0 17179869389.0 17179869865.0 -17179869687.0 -17179869554.0 17179869290.0 -17179869285.0 -17179869216.0 -17179869319.0 -17179869404.0 17179869678.0 -17179869957.0 17179869720.0 -17179869220.0 -17179869253.0 17179870085.0 -17179869321.0 17179870138.0 -17179869761.0 -17179869687.0 17179869440.0 17179869425.0 17179869830.0 -17179869312.0 -17179869222.0 -17179870162.0 -17179869316.0 -17179869624.0 17179869244.0 17179869451.0 17179869836.0 -17179870033.0 -17179870153.0 -17179870176.0 17179869213.0 -17179869433.0 17179869902.0 -17179870014.0 17179870081.0 17179869970.0 17179869959.0 -17179869546.0 -17179869316.0 -17179870001.0 -17179869422.0 17179869944.0 -17179869438.0 -17179869822.0 -17179869371.0 17179869261.0 -17179869286.0 17179869747.0 17179869809.0 -17179870069.0 -17179869463.0 17179869202.0 17179870155.0 17179869386.0 17179869437.0 17179870086.0 17179869989.0 -17179869405.0 -17179869515.0 -17179869576.0 17179869323.0 -17179869586.0 17179869986.0 -17179870048.0 -17179869481.0 17179869611.0 17179869284.0 17179869478.0 -17179869522.0 -17179869438.0 17179870081.0 -17179870140.0 17179869769.0 -17179869924.0 -17179869241.0 17179869902.0 17179869738.0 17179869789.0 -17179870068.0 -17179869990.0 -17179869823.0 17179869221.0 -17179869655.0 -17179869727.0 17179869405.0 -17179869227.0 -17179869962.0 -17179869603.0 17179869863.0 -17179870150.0 -17179870118.0 17179869281.0 17179869310.0 -17179869935.0 -17179870081.0 17179869850.0 -17179869432.0 -17179869231.0 -17179869412.0 
20 20 20 20 20 20 20 20 20 20 20 20 20 20 20 20 20 20 20 20 20 20 20 20 20 20 20 20 20 20 20 20 20 20 20 20 20 20 20 20 20 20 20 20 20 20 20 20 20 20 20 20 20 20 20 20 20 20 20 20 20 20 20 20 20 20 20 20 20 20 20 20 20 20 20 20 20 20 20 20 20 20 20 20 20 20 20 20 20 20 20 20 20 20 20 20 20 20 20 20 20 20 20 20 20 20 20 20 20 20 20 20 20 20 20 20 20 20 20 20 20 20 20 20 20 20 20 20 
16384 -16384 -16384 -16384 -16384 -16384 16384 16384 -16384 -16384 16384 16384 -16384 -16384 16384 16384 -16384 -16384 16384 -16384 16384 16384 -16384 16384 -16384 16384 16384 16384 -16384 -16384 16384 -16384 -16384 -16384 -16384 16384 -16384 16384 -16384 -16384 16384 -16384 16384 -16384 -16384 16384 16384 16384 -16384 -16384 -16384 -16384 -16384 16384 16384 16384 -16384 -16384 -16384 16384 -16384 16384 -16384 16384 16384 16384 -16384 -16384 -16384 -16384 16384 -16384 -16384 -16384 16384 -16384 16384 16384 -16384 -16384 16384 16384 16384 16384 16384 16384 -16384 -16384 -16384 16384 -16384 16384 -16384 -16384 16384 16384 16384 -16384 -16384 16384 -16384 16384 -16384 -16384 16384 16384 16384 -16384 -16384 -16384 16384 -16384 -16384 16384 -16384 -16384 -16384 16384 -16384 -16384 16384 16384 -16384 -16384 16384 -16384 -16384 -16384 
5 0 0
0.0 0.0 0.0 0.0 0.0 0.0 0.0 0.0 0.0 0.0 0.0 0.0 0.0 0.0 0.0 0.0 0.0 0.0 0.0 0.0 0.0 0.0 0.0 0.0 0.0 0.0 0.0 0.0 0.0 0.0 0.0 0.0 0.0 0.0 0.0 0.0 0.0 0.0 0.0 0.0 0.0 0.0 0.0 0.0 0.0 0.0 0.0 0.0 0.0 0.0 0.0 0.0 0.0 0.0 0.0 0.0 0.0 0.0 0.0 0.0 0.0 0.0 0.0 0.0 0.0 0.0 0.0 0.0 0.0 0.0 0.0 0.0 0.0 0.0 0.0 0.0 0.0 0.0 0.0 0.0 0.0 0.0 0.0 0.0 0.0 0.0 0.0 0.0 0.0 0.0 0.0 0.0 0.0 0.0 0.0 0.0 0.0 0.0 0.0 0.0 0.0 0.0 0.0 0.0 0.0 0.0 0.0 0.0 0.0 0.0 0.0 0.0 0.0 0.0 0.0 0.0 0.0 0.0 0.0 0.0 0.0 0.0 0.0 0.0 0.0 0.0 0.0 0.0 
14 21 31 10 11 23 1 11 2 28 23 0 12 38 12 4 16 8 31 13 4 29 32 3 25 26 8 21 35 19 2 10 35 15 3 33 3 17 19 27 23 11 5 7 12 14 17 0 38 13 7 0 28 28 35 16 25 10 19 24 27 17 15 2 22 7 36 21 14 21 4 31 13 0 1 2 23 16 3 35 17 17 36 5 15 0 23 32 12 4 22 18 27 16 8 30 2 18 18 29 13 29 39 38 30 13 13 23 31 15 16 2 31 14 31 35 15 9 5 4 17 5 6 38 14 33 10 2 
0 0 0 0 0 0 0 0 0 0 0 0 0 0 0 0 0 0 0 0 0 0 0 0 0 0 0 0 0 0 0 0 0 0 0 0 0 0 0 0 0 0 0 0 0 0 0 0 0 0 0 0 0 0 0 0 0 0 0 0 0 0 0 0 0 0 0 0 0 0 0 0 0 0 0 0 0 0 0 0 0 0 0 0 0 0 0 0 0 0 0 0 0 0 0 0 0 0 0 0 0 0 0 0 0 0 0 0 0 0 0 0 0 0 0 0 0 0 0 0 0 0 0 0 0 0 0 0 
6 -5 0
-858749.0 -915648.0 842475.0 -322238.0 485749.0 -122790.0 576707.0 -891736.0 -954180.0 -901306.0 500200.0 -70863.0 307554.0 542061.0 140456.0 394715.0 -245606.0 444315.0 -437559.0 867177.0 930774.0 225017.0 501570.0 231382.0 -643821.0 -515725.0 -193268.0 -836883.0 55863.0 -925256.0 -999745.0 -43625.0 971582.0 -14563.0 663436.0 310507.0 566520.0 -622954.0 -844224.0 -540696.0 838647.0 -659444.0 519053.0 337619.0 -153528.0 248099.0 -517581.0 892878.0 -387703.0 330019.0 954989.0 37940.0 332906.0 -855009.0 28381.0 -898808.0 131586.0 -645224.0 -436941.0 -67315.0 836707.0 851183.0 -8372.0 -998253.0 -186467.0 -588100.0 903517.0 251714.0 -181323.0 -310362.0 -430642.0 801629.0 258267.0 552543.0 219207.0 -676609.0 371954.0 -920439.0 -376773.0 -674557.0 385913.0 469481.0 6487.0 56113.0 -331754.0 396488.0 323974.0 -341749.0 -257366.0 585275.0 561367.0 668849.0 29374.0 -840777.0 -796945.0 147649.0 -783364.0 -993380.0 -585083.0 593247.0 -864390.0 -211008.0 879684.0 -462882.0 -975040.0 -895527.0 579100.0 706676.0 557338.0 -395697.0 -290926.0 788202.0 300086.0 672798.0 -909956.0 835889.0 -816612.0 -710697.0 985292.0 738339.0 685110.0 -246056.0 43370.0 809444.0 -838552.0 220058.0 -540060.0 -203959.0 
11 18 15 16 1 23 34 26 7 17 23 23 14 19 9 4 11 21 7 22 39 27 9 26 27 39 5 9 0 37 11 0 0 15 4 38 37 33 10 39 5 12 33 8 10 10 5 5 8 35 23 11 23 36 33 12 38 33 21 24 20 0 4 4 3 19 7 0 30 20 25 1 4 22 24 19 24 27 20 39 12 30 11 15 19 8 6 33 31 33 13 24 14 16 39 19 23 10 20 16 9 5 28 8 8 30 19 36 5 34 3 2 32 31 39 3 18 37 36 25 12 29 12 26 35 38 3 10 
-13 0 1 0 7590 0 0 0 -233 0 0 0 1 0 9 771 -4 0 -107 0 0 0 31 0 0 0 -189 -51 1746 0 -15 -1363 30362 0 1296 0 0 0 -26 0 819 -5 0 41 -5 8 -505 872 -47 0 0 1 0 0 0 -7 0 0 0 0 0 26599 -16 -1950 -728 0 221 7866 0 0 0 12525 504 0 0 0 0 0 0 0 3 0 0 0 0 48 158 0 0 0 2 0 0 0 0 0 0 -30 0 0 -53 -206 0 -57 -119 0 0 0 544 0 -1136 6158 0 0 0 3265 0 0 0 0 5 0 0 0 0 0 -2110 -6 
7 -23 0
34.0 1394909.0 62963835.0 -129782319.0 57338.0 5666957.0 -4.0 9.0 1899705283.0 535018.0 -1296834.0 45831.0 -316975344.0 216579.0 -471354.0 -2245518782.0 1989223.0 11846.0 0.0 -2283.0 -37.0 0.0 107136830.0 -213290.0 -1451278175.0 136531.0 -18618131.0 22406.0 -508002122.0 -1.0 66146.0 -1835863.0 -386986.0 -62234.0 -4.0 -59640.0 14.0 -461.0 126322293.0 1926982469.0 14.0 15102.0 271559.0 -2000584943.0 439421.0 65.0 15945171.0 1.0 4140169.0 -12248224.0 73786532.0 -24213947.0 -6140464.0 -63.0 -949029.0 -52274.0 1061947602.0 1.0 726.0 -248105.0 -17908364.0 -112.0 -2.0 20739.0 0.0 -183348.0 -6998984.0 -73.0 0.0 -34102603.0 94.0 3746861634.0 154221.0 209.0 -10827.0 -1057636898.0 0.0 -86.0 -1906353547.0 -100.0 -4.0 54.0 2229.0 -17.0 1425104805.0 22338252.0 -249.0 4067908344.0 -2715071115.0 2620972305.0 998089540.0 -2053072.0 39217563.0 95781388.0 -5958.0 21083.0 -1416.0 -10023555.0 -15408600.0 7386311.0 43.0 1852553.0 -794624841.0 2016659660.0 1.0 -21.0 3083932.0 22649111.0 0.0 -20.0 -73.0 19.0 147897180.0 -236229403.0 -2923106533.0 2993462.0 -1995940.0 -104903.0 -10927.0 -1259125.0 -4000633154.0 -233440.0 423537460.0 96.0 4.0 82.0 -6.0 -1658295107.0 
14 33 1 36 12 13 17 19 37 2 3 8 37 -6 13 17 29 -5 39 8 -1 -5 36 7 24 7 -3 35 11 37 33 7 30 5 39 -4 12 7 32 35 -7 35 35 -5 2 28 12 35 36 9 28 28 17 31 -3 10 10 16 36 10 11 13 22 22 -5 20 26 13 0 33 31 18 -6 23 37 3 25 35 26 38 7 -6 22 27 26 19 24 4 -4 33 -7 5 4 19 37 15 13 21 17 0 0 4 4 -7 28 20 30 10 29 12 34 16 18 4 4 13 13 29 14 28 37 16 9 34 32 35 5 12 
0 0 4 0 0 0 0 0 0 0 0 0 0 2 0 0 0 0 0 0 0 0 0 0 0 0 -18 0 0 0 0 0 0 0 0 0 0 0 0 0 0 0 0 -7632 0 0 0 0 0 0 0 0 0 0 -1 0 0 0 0 0 0 0 0 0 0 0 0 0 0 0 0 0 1 0 0 -16 0 0 0 0 0 0 0 0 0 0 0 30 -5179 0 15230 0 0 0 0 0 0 0 0 1 0 0 -6 30772 0 0 0 0 0 0 0 0 0 -2 -22 0 0 0 0 0 0 0 0 0 0 0 0 0 
8 -21 0
-619605860.0 1299066374.0 3.0 -2299225.0 -30.0 -729129.0 3328866.0 -19191594.0 3121.0 2.0 -202983180.0 31.0 -5.0 -225060400.0 258069.0 -2728113205.0 60.0 -1.0 15719595.0 361905299.0 -3906408.0 -774.0 -62710.0 -108321.0 -20.0 3792086842.0 0.0 -583941.0 -6520619.0 -15.0 -28352715.0 -496.0 120709.0 -3628999.0 0.0 10672.0 2425855.0 0.0 -3154634320.0 2902.0 4122347163.0 3050419.0 1393097658.0 -2.0 33108199.0 486157.0 -1544.0 72050359.0 1324.0 -1099.0 -366593499.0 409.0 -209935.0 2.0 434947.0 3574790.0 -75.0 2321.0 251.0 -26891.0 -32.0 28456.0 5583431.0 -7.0 1266946.0 30381.0 112045.0 -120616.0 -8006954.0 0.0 22089.0 726225678.0 -9717350.0 -53707217.0 29747948.0 895705308.0 -30185.0 0.0 1803994259.0 -2886.0 0.0 2323690.0 -1777587.0 3809866691.0 7030997.0 494498727.0 3503.0 2852901377.0 1.0 28589.0 86414.0 -1262228147.0 3825.0 19136.0 3509264816.0 -77108995.0 -1142044373.0 -1930798.0 19461.0 29493.0 799709.0 627630.0 -3.0 0.0 30.0 -1.0 -190.0 -241.0 308734.0 -241.0 11963028.0 -1499435168.0 2528769.0 231087169.0 -3436166.0 25786148.0 12396.0 1137930105.0 -262078048.0 -50801.0 164761379.0 742364.0 6797.0 -479101445.0 7783029.0 -14147.0 -611633993.0 -3225.0 
19 -5 7 2 -5 13 -2 15 19 32 31 34 12 10 34 22 17 35 37 30 26 15 39 36 18 20 32 37 31 -8 22 5 -2 6 26 26 20 37 17 6 26 -4 13 23 28 26 14 22 -7 -8 24 -1 14 31 4 19 18 10 29 -2 8 -7 22 2 16 21 2 17 5 6 24 35 25 22 27 2 -2 34 37 38 3 1 38 34 0 6 3 16 7 34 -6 35 12 10 26 33 10 1 38 37 12 2 36 -2 6 24 20 38 31 13 38 23 6 34 28 1 -6 15 7 14 28 -4 20 -3 11 18 0 0 
0 19822 0 0 0 0 6 0 0 0 0 0 0 0 0 0 0 0 0 0 0 0 0 0 0 0 0 0 0 0 0 0 0 0 0 0 0 0 0 0 0 23 0 0 0 0 0 0 0 0 0 0 0 0 0 0 0 0 0 0 0 2 0 0 0 0 0 0 0 0 0 0 0 0 0 107 0 0 0 0 0 1 0 0 3 4 0 0 0 0 3 0 0 0 0 0 -1 0 0 0 0 0 0 0 0 0 0 0 0 0 0 0 0 0 0 6 0 0 -1 0 0 6 0 -1828 0 0 -292 0 
9 7 0
-775123.0 192554.0 -5417.0 333983.0 595985.0 -73905.0 -796062.0 -202565.0 692541.0 -547914.0 223919.0 811969.0 -286163.0 -598747.0 -970294.0 -905187.0 195420.0 173327.0 612620.0 -490593.0 521867.0 -170052.0 660798.0 641791.0 -594027.0 312170.0 975067.0 -744630.0 993211.0 199701.0 -735022.0 828995.0 711044.0 106205.0 -864751.0 -47288.0 134681.0 -643740.0 -188163.0 -554863.0 293033.0 -169376.0 -733598.0 -922044.0 640570.0 -820107.0 510717.0 -824855.0 -604886.0 -309037.0 -787358.0 -514371.0 144160.0 -307279.0 116843.0 -863287.0 -122764.0 871352.0 689804.0 918699.0 289907.0 -67594.0 953936.0 -856187.0 205265.0 -888298.0 -592882.0 -970465.0 -340008.0 -195000.0 -163841.0 -349121.0 -905734.0 -835089.0 -819781.0 -873712.0 507302.0 -871295.0 309938.0 -692336.0 181265.0 613075.0 -498553.0 501227.0 -494853.0 205318.0 273436.0 -962300.0 -707678.0 -280305.0 -196919.0 -776923.0 -273038.0 -906052.0 89738.0 468052.0 463439.0 19310.0 782999.0 -693653.0 779793.0 -898445.0 -740689.0 -74599.0 -132973.0 -410158.0 -156998.0 398278.0 128987.0 19807.0 661243.0 459365.0 805411.0 -262111.0 174811.0 172763.0 39892.0 -756254.0 469041.0 -211604.0 868750.0 -374668.0 342111.0 844553.0 376769.0 742527.0 649022.0 594577.0 
12 12 12 12 12 12 12 12 12 12 12 12 12 12 12 12 12 12 12 12 12 12 12 12 12 12 12 12 12 12 12 12 12 12 12 12 12 12 12 12 12 12 12 12 12 12 12 12 12 12 12 12 12 12 12 12 12 12 12 12 12 12 12 12 12 12 12 12 12 12 12 12 12 12 12 12 12 12 12 12 12 12 12 12 12 12 12 12 12 12 12 12 12 12 12 12 12 12 12 12 12 12 12 12 12 12 12 12 12 12 12 12 12 12 12 12 12 12 12 12 12 12 12 12 12 12 12 12 
-24223 6017 -169 10437 18625 -2310 -24877 -6330 21642 -17122 6997 25374 -8943 -18711 -30322 -28287 6107 5416 19144 -15331 16308 -5314 20650 20056 -18563 9755 30471 -23270 31038 6241 -22969 25906 22220 3319 -27023 -1478 4209 -20117 -5880 -17339 9157 -5293 -22925 -28814 20018 -25628 15960 -25777 -18903 -9657 -24605 -16074 4505 -9602 3651 -26978 -3836 27230 21556 28709 9060 -2112 29811 -26756 6415 -27759 -18528 -30327 -10625 -6094 -5120 -10910 -28304 -26097 -25618 -27303 15853 -27228 9686 -21635 5665 19159 -15580 15663 -15464 6416 8545 -30072 -22115 -8760 -6154 -24279 -8532 -28314 2804 14627 14482 603 24469 -21677 24369 -28076 -23147 -2331 -4155 -12817 -4906 12446 4031 619 20664 14355 25169 -8191 5463 5399 1247 -23633 14658 -6613 27148 -11708 10691 26392 11774 23204 20282 18581 
10 0 0
0.0 0.0 0.0 0.0 0.0 0.0 0.0 0.0 0.0 0.0 0.0 0.0 0.0 0.0 0.0 0.0 0.0 0.0 0.0 0.0 0.0 0.0 0.0 0.0 0.0 0.0 0.0 0.0 0.0 0.0 0.0 0.0 0.0 0.0 0.0 0.0 0.0 0.0 0.0 0.0 0.0 0.0 0.0 0.0 0.0 0.0 0.0 0.0 0.0 0.0 0.0 0.0 0.0 0.0 0.0 0.0 0.0 0.0 0.0 0.0 0.0 0.0 0.0 0.0 0.0 0.0 0.0 0.0 0.0 0.0 0.0 0.0 0.0 0.0 0.0 0.0 0.0 0.0 0.0 0.0 0.0 0.0 0.0 0.0 0.0 0.0 0.0 0.0 0.0 0.0 0.0 0.0 0.0 0.0 0.0 0.0 0.0 0.0 0.0 0.0 0.0 0.0 0.0 0.0 0.0 0.0 0.0 0.0 0.0 0.0 0.0 0.0 0.0 0.0 0.0 0.0 0.0 0.0 0.0 0.0 0.0 0.0 0.0 0.0 0.0 0.0 0.0 0.0 
26 19 1 9 14 21 5 39 2 30 24 16 11 36 2 12 4 3 20 28 8 10 27 16 10 11 1 22 11 2 19 5 31 4 0 21 25 34 19 5 5 14 13 6 36 21 25 11 35 17 1 15 24 26 34 1 16 17 35 27 30 7 38 9 19 36 25 37 34 23 31 16 12 5 11 32 28 33 3 6 36 37 11 18 22 35 17 21 6 32 21 17 27 35 35 24 12 38 5 24 18 16 15 25 6 5 10 9 25 25 13 39 0 29 24 1 29 10 11 0 16 6 7 34 27 5 23 27 
0 0 0 0 0 0 0 0 0 0 0 0 0 0 0 0 0 0 0 0 0 0 0 0 0 0 0 0 0 0 0 0 0 0 0 0 0 0 0 0 0 0 0 0 0 0 0 0 0 0 0 0 0 0 0 0 0 0 0 0 0 0 0 0 0 0 0 0 0 0 0 0 0 0 0 0 0 0 0 0 0 0 0 0 0 0 0 0 0 0 0 0 0 0 0 0 0 0 0 0 0 0 0 0 0 0 0 0 0 0 0 0 0 0 0 0 0 0 0 0 0 0 0 0 0 0 0 0 
11 -5 0
457379.0 258807.0 412957.0 148583.0 -570162.0 291600.0 567280.0 -582261.0 892514.0 215220.0 -922644.0 334686.0 -47714.0 -810921.0 -132058.0 -571276.0 -549173.0 -443476.0 753787.0 146830.0 620733.0 -109511.0 -482648.0 365333.0 -708056.0 692317.0 108008.0 659704.0 574634.0 780503.0 -736912.0 -910466.0 591874.0 -321971.0 -741888.0 -765015.0 153392.0 -988416.0 -125157.0 352263.0 660132.0 -156624.0 905159.0 688802.0 -447553.0 170644.0 578235.0 245811.0 -271564.0 974819.0 713031.0 54180.0 925048.0 -362673.0 -429836.0 -878017.0 858133.0 -23090.0 -390229.0 671373.0 -784242.0 719763.0 -173029.0 531253.0 -917947.0 263097.0 28868.0 -11221.0 555824.0 908622.0 239212.0 638490.0 -723325.0 -908543.0 -814739.0 -211182.0 -708947.0 -602068.0 812241.0 131594.0 483647.0 -277499.0 -187320.0 -153030.0 705729.0 -560636.0 765239.0 540329.0 -290902.0 131699.0 178136.0 -669155.0 663747.0 370903.0 -516901.0 -574541.0 831129.0 -253026.0 332497.0 39940.0 198806.0 -902823.0 7838.0 -526046.0 -979871.0 -522405.0 -673489.0 98580.0 -818249.0 103128.0 -142642.0 -38141.0 664359.0 -439280.0 23584.0 498620.0 -267169.0 613229.0 87281.0 -597763.0 -874732.0 -108437.0 -490150.0 741497.0 875462.0 -675495.0 -71546.0 997934.0 
24 36 3 14 29 27 10 10 9 16 17 7 33 20 13 20 36 2 32 7 15 6 28 21 28 32 35 18 32 3 11 26 2 13 20 5 30 17 20 11 23 11 9 20 16 14 27 3 3 0 18 39 31 35 6 39 25 9 29 26 18 35 29 0 30 27 21 6 23 16 39 34 31 23 4 32 4 24 13 21 10 17 15 20 18 3 6 32 37 4 32 5 19 36 6 33 16 35 2 32 31 13 0 25 30 28 22 6 24 18 1 16 32 31 11 22 27 24 15 19 37 27 10 15 16 25 8 32 
0 0 1613 0 0 0 17 -18 54 0 0 82 0 0 -1 0 0 -3465 0 36 1 -53 0 0 0 0 0 0 0 3049 -11 0 4624 -1 0 -747 0 0 0 5 0 -2 55 0 0 0 0 960 -1061 30463 0 0 0 0 -210 0 0 -1 0 0 0 0 0 16602 0 0 0 -5 0 0 0 0 0 0 -1591 0 -1385 0 3 0 15 0 0 0 0 -2190 374 0 0 257 0 -653 0 0 -252 0 0 0 2598 0 0 -3 245 0 0 0 0 48 0 0 -2229 0 0 0 0 0 0 0 0 0 0 0 -15 1 0 0 -9 0 
12 -5 0
-5127.0 -497990.0 45576.0 -775607.0 -2021.0 -322148.0 441984.0 614361.0 -480187.0 -418861.0 -376973.0 153482.0 332657.0 -715099.0 424384.0 258076.0 -539905.0 -156371.0 387970.0 954823.0 -792012.0 725640.0 727636.0 -472777.0 -402204.0 -116284.0 738673.0 -209100.0 -627441.0 -933458.0 26268.0 44782.0 -585927.0 185599.0 72979.0 737560.0 126594.0 -830943.0 -469447.0 731714.0 109790.0 -187511.0 753689.0 -593536.0 -868302.0 -1787.0 -524729.0 -296261.0 110978.0 -274163.0 -916353.0 561105.0 198321.0 -814368.0 759312.0 -257842.0 -303080.0 764364.0 866992.0 386785.0 -513682.0 -288409.0 -869135.0 226043.0 -381699.0 866806.0 -986925.0 -706960.0 -930487.0 980758.0 -611692.0 925301.0 -426078.0 -150510.0 874920.0 -530555.0 243119.0 -76347.0 -92971.0 -151321.0 194827.0 -744030.0 -32199.0 -224763.0 27709.0 -934.0 -975613.0 -300537.0 -867790.0 -959633.0 80572.0 -519790.0 786505.0 213874.0 -342224.0 -290435.0 403154.0 -191381.0 -743510.0 -695.0 -967755.0 336002.0 -184457.0 -402017.0 878808.0 -358662.0 398084.0 817254.0 -33733.0 559295.0 660401.0 5126.0 -907758.0 -44264.0 -399844.0 -95779.0 -61746.0 -395452.0 159122.0 -12177.0 804363.0 -890349.0 204996.0 -390989.0 -374856.0 53404.0 -201020.0 967323.0 
17 30 26 38 18 7 3 4 4 11 12 37 0 0 31 38 15 22 10 27 2 1 25 16 7 28 21 34 23 39 1 22 13 33 4 6 22 35 3 11 16 14 27 5 12 18 14 2 11 4 29 13 6 7 33 7 7 10 11 5 18 30 18 14 14 25 25 0 30 0 2 1 9 10 13 14 26 4 27 23 25 24 3 4 23 33 6 36 8 18 18 24 8 26 18 19 6 10 25 33 8 21 8 19 8 4 22 39 38 2 31 11 27 25 29 21 7 14 2 29 34 28 36 28 19 32 13 29 
0 0 0 0 0 -79 1727 1200 -938 -6 -3 0 10396 -22347 0 0 -1 0 12 0 -6188 11338 0 0 -98 0 0 0 0 0 410 0 -2 0 143 360 0 0 -1834 11 0 0 0 -580 -7 0 -1 -2315 2 -535 0 2 97 -199 0 -63 -74 23 13 378 0 0 0 0 -1 0 0 -22092 0 30649 -4779 14458 -26 -5 3 -1 0 -149 0 0 0 0 -126 -439 0 0 -476 0 -106 0 0 0 96 0 0 0 197 -6 0 0 -118 0 -23 0 107 -701 0 0 0 4369 0 0 0 0 0 0 -15 -1 1243 0 0 0 0 0 0 0 -1 0 
13 0 0
0.0 0.0 0.0 0.0 0.0 0.0 0.0 0.0 0.0 0.0 0.0 0.0 0.0 0.0 0.0 0.0 0.0 0.0 0.0 0.0 0.0 0.0 0.0 0.0 0.0 0.0 0.0 0.0 0.0 0.0 0.0 0.0 0.0 0.0 0.0 0.0 0.0 0.0 0.0 0.0 0.0 0.0 0.0 0.0 0.0 0.0 0.0 0.0 0.0 0.0 0.0 0.0 0.0 0.0 0.0 0.0 0.0 0.0 0.0 0.0 0.0 0.0 0.0 0.0 0.0 0.0 0.0 0.0 0.0 0.0 0.0 0.0 0.0 0.0 0.0 0.0 0.0 0.0 0.0 0.0 0.0 0.0 0.0 0.0 0.0 0.0 0.0 0.0 0.0 0.0 0.0 0.0 0.0 0.0 0.0 0.0 0.0 0.0 0.0 0.0 0.0 0.0 0.0 0.0 0.0 0.0 0.0 0.0 0.0 0.0 0.0 0.0 0.0 0.0 0.0 0.0 0.0 0.0 0.0 0.0 0.0 0.0 0.0 0.0 0.0 0.0 0.0 0.0 
38 27 26 17 25 33 7 21 6 38 30 23 16 0 10 37 36 1 32 18 2 12 30 16 33 38 35 32 34 21 16 36 4 16 7 19 5 26 18 13 30 22 18 26 14 0 13 11 30 0 32 32 32 19 1 21 0 36 39 0 32 11 3 0 38 10 1 19 3 14 23 38 3 21 8 20 24 37 14 8 2 31 37 22 22 34 1 15 30 33 23 18 8 14 39 23 32 12 17 1 20 33 5 21 14 10 28 29 33 18 13 36 8 25 39 1 8 35 30 25 6 17 2 26 25 19 26 11 
0 0 0 0 0 0 0 0 0 0 0 0 0 0 0 0 0 0 0 0 0 0 0 0 0 0 0 0 0 0 0 0 0 0 0 0 0 0 0 0 0 0 0 0 0 0 0 0 0 0 0 0 0 0 0 0 0 0 0 0 0 0 0 0 0 0 0 0 0 0 0 0 0 0 0 0 0 0 0 0 0 0 0 0 0 0 0 0 0 0 0 0 0 0 0 0 0 0 0 0 0 0 0 0 0 0 0 0 0 0 0 0 0 0 0 0 0 0 0 0 0 0 0 0 0 0 0 0 
14 -4 0
-855980.0 977236.0 426536.0 757056.0 -570866.0 354662.0 636679.0 -480500.0 -993703.0 -316140.0 957510.0 -770334.0 567051.0 301879.0 -146368.0 736889.0 306328.0 584019.0 -264705.0 -186161.0 655147.0 -496012.0 -172341.0 -96317.0 -457266.0 -851079.0 -833462.0 668031.0 -997380.0 856198.0 400859.0 -567675.0 -275222.0 -889869.0 -219419.0 -657857.0 673270.0 370694.0 10451.0 963125.0 863720.0 -919976.0 -974102.0 130006.0 401189.0 -389189.0 -32203.0 813643.0 245308.0 -957101.0 -566237.0 404430.0 -569620.0 699758.0 -724686.0 773997.0 201750.0 485837.0 587999.0 552216.0 380982.0 372588.0 -619657.0 269948.0 -87899.0 262804.0 -286131.0 -632679.0 -899100.0 -277878.0 -739463.0 828625.0 52125.0 -102182.0 226619.0 617909.0 869188.0 335064.0 99956.0 -516051.0 718473.0 524972.0 422427.0 -459747.0 176152.0 976527.0 -276981.0 -914671.0 -661872.0 -586132.0 518795.0 477973.0 -631944.0 -639296.0 -360855.0 -275729.0 -606487.0 -149288.0 -12354.0 -383521.0 -314881.0 -48869.0 784851.0 -350581.0 724905.0 420292.0 271388.0 173512.0 -431987.0 513432.0 128078.0 -845894.0 -375868.0 -874872.0 322847.0 -350355.0 -959186.0 820733.0 548719.0 -694339.0 996189.0 -578376.0 -194425.0 -67393.0 -128642.0 -66935.0 727966.0 950888.0 
34 36 26 6 8 4 36 20 19 12 39 15 2 6 9 20 22 38 38 23 17 17 25 1 34 35 38 6 17 14 27 13 24 19 33 1 22 13 3 5 19 18 28 19 28 26 7 11 10 6 14 24 19 15 13 2 15 3 7 23 4 3 27 35 28 37 37 9 14 3 22 7 21 1 38 35 6 22 33 36 18 26 27 32 30 18 18 14 32 13 30 10 17 19 19 29 2 32 33 1 4 11 28 23 14 21 15 24 13 16 9 12 27 5 20 9 24 16 16 2 13 19 36 10 10 26 12 16 
0 0 0 739 -139 1385 0 0 0 -5 0 -1 8860 295 -18 0 0 0 0 0 0 0 0 -3010 0 0 0 652 0 3 0 -4 0 0 0 -20558 0 3 82 1881 0 0 0 0 0 0 -16 25 15 -935 -2 0 0 1 -6 12094 0 3796 287 0 1488 2911 0 0 0 0 0 -77 -3 -2171 0 405 0 -3193 0 0 849 0 0 0 0 0 0 0 0 0 0 -3 0 -4 0 29 0 0 0 0 -9476 0 0 -11985 -1230 -1 0 0 3 0 1 0 -3 0 16 -13 0 -1709 0 -43 0 1 1 -10849 8 0 0 -4 -8 0 11 1 
15 -6 0
-524287.0 2147483647.0 524287.0 -2097151.0 -33554431.0 -1073741823.0 524287.0 65535.0 -67108863.0 4194303.0 1073741823.0 1048575.0 33554431.0 -8388607.0 4194303.0 -16383.0 8191.0 1048575.0 67108863.0 67108863.0 -255.0 -2097151.0 -262143.0 268435455.0 -16383.0 -524287.0 -32767.0 1073741823.0 33554431.0 -2047.0 -268435455.0 8388607.0 -134217727.0 4095.0 16777215.0 -67108863.0 2097151.0 -268435455.0 -2097151.0 262143.0 -4095.0 -255.0 67108863.0 -8191.0 -1048575.0 -134217727.0 268435455.0 -2097151.0 -32767.0 -131071.0 -8388607.0 -67108863.0 -511.0 -262143.0 -1048575.0 -131071.0 2047.0 -8388607.0 -1023.0 511.0 -67108863.0 -511.0 2097151.0 -262143.0 -32767.0 16383.0 -1073741823.0 16383.0 -262143.0 -262143.0 16777215.0 262143.0 67108863.0 262143.0 -1073741823.0 511.0 -262143.0 2147483647.0 536870911.0 2147483647.0 65535.0 131071.0 -2097151.0 1048575.0 131071.0 -134217727.0 -262143.0 -255.0 131071.0 131071.0 -32767.0 -2097151.0 32767.0 -4194303.0 -67108863.0 -16383.0 -33554431.0 -32767.0 65535.0 -536870911.0 1023.0 -131071.0 -65535.0 -2147483647.0 -1023.0 -2097151.0 -2097151.0 2047.0 -255.0 -8388607.0 -524287.0 2047.0 67108863.0 -1073741823.0 131071.0 8388607.0 32767.0 8191.0 4194303.0 2047.0 16383.0 -67108863.0 -536870911.0 1023.0 -134217727.0 -1048575.0 -1023.0 -511.0 
11 11 10 11 10 11 12 10 10 12 12 12 11 10 11 10 11 12 10 12 11 11 10 12 10 10 12 10 10 12 10 12 11 10 12 11 10 10 11 11 10 12 10 10 12 12 11 12 10 12 10 10 11 10 11 12 11 11 12 11 12 12 12 12 12 12 11 11 10 11 12 10 11 11 11 11 11 12 12 11 12 10 10 11 10 12 10 12 12 10 10 10 11 12 12 12 11 11 11 10 12 11 12 10 10 12 10 12 12 10 10 12 12 10 11 12 12 11 11 11 11 10 10 10 12 10 11 12 
-4 16384 8 -16 -512 -8192 2 1 -1024 16 4096 4 256 -128 32 0 0 4 1024 256 0 -16 -4 1024 0 -8 0 16384 512 0 -4096 32 -1024 0 64 -512 32 -4096 -16 2 0 0 1024 0 -4 -512 2048 -8 0 0 -128 -1024 0 -4 -8 0 0 -64 0 0 -256 0 8 -1 0 0 -8192 0 -4 -2 64 4 512 2 -8192 0 -2 8192 2048 16384 0 2 -32 8 2 -512 -4 0 0 2 0 -32 0 -16 -256 0 -256 0 0 -8192 0 -1 0 -32768 0 -8 -32 0 0 -128 -8 0 256 -16384 1 32 0 0 32 0 0 -1024 -8192 0 -512 -16 0 0 
16 -6 1
-1073741823.0 -524287.0 -131071.0 16383.0 8191.0 4095.0 -4194303.0 -524287.0 -33554431.0 67108863.0 8191.0 65535.0 16777215.0 -131071.0 -32767.0 134217727.0 -33554431.0 1048575.0 -1023.0 131071.0 -16777215.0 -1023.0 1023.0 16777215.0 131071.0 -4095.0 -1073741823.0 4194303.0 268435455.0 511.0 33554431.0 -268435455.0 -8191.0 -33554431.0 524287.0 -33554431.0 -536870911.0 2147483647.0 536870911.0 -8191.0 65535.0 32767.0 -67108863.0 536870911.0 8388607.0 -536870911.0 -134217727.0 65535.0 -4194303.0 -16777215.0 -16383.0 134217727.0 -268435455.0 -1073741823.0 -1023.0 8388607.0 2097151.0 -16777215.0 -134217727.0 32767.0 -67108863.0 -65535.0 -524287.0 -1048575.0 -134217727.0 131071.0 524287.0 134217727.0 -262143.0 -511.0 16777215.0 -4095.0 65535.0 4194303.0 -33554431.0 524287.0 -134217727.0 -1023.0 8191.0 65535.0 255.0 262143.0 1048575.0 -536870911.0 1073741823.0 -1048575.0 32767.0 -8191.0 4095.0 -2047.0 -33554431.0 8191.0 -255.0 8388607.0 32767.0 16777215.0 -268435455.0 1023.0 -4095.0 -8191.0 -536870911.0 -2097151.0 255.0 134217727.0 65535.0 -2097151.0 268435455.0 1048575.0 2147483647.0 262143.0 16383.0 16777215.0 -134217727.0 536870911.0 131071.0 -262143.0 -536870911.0 16383.0 524287.0 -2097151.0 16383.0 33554431.0 -65535.0 1048575.0 -2147483647.0 8388607.0 -131071.0 524287.0 
10 10 10 11 11 10 10 12 10 12 10 12 12 10 12 12 11 12 10 12 11 10 12 12 10 12 10 10 11 12 11 10 10 11 12 11 11 10 11 10 12 10 12 12 10 12 10 12 11 11 11 12 10 10 10 10 12 10 12 10 12 12 10 12 10 12 12 11 10 10 11 10 11 10 11 11 12 11 11 10 11 11 10 10 12 11 12 12 11 10 12 11 10 12 12 10 10 12 11 11 10 12 12 11 10 11 10 10 11 12 11 11 10 10 10 12 10 10 12 10 10 10 10 12 11 11 10 12 
-16384 -8 -2 0 0 0 -64 -2 -512 256 0 0 64 -2 0 512 -256 4 0 0 -128 0 0 64 2 0 -16384 64 2048 0 256 -4096 0 -256 2 -256 -4096 32767 4096 0 0 0 -256 2048 128 -2048 -2048 0 -32 -128 0 512 -4096 -16384 0 128 8 -256 -512 0 -256 0 -8 -4 -2048 0 2 1024 -4 0 128 0 0 64 -256 4 -512 0 0 1 0 2 16 -8192 4096 -8 0 0 0 0 -128 0 0 32 0 256 -4096 0 0 0 -8192 -8 0 1024 1 -16 4096 16 16384 1 0 128 -2048 8192 2 -1 -8192 0 2 -32 0 512 -1 4 -16384 64 -2 2 
17 -24 0
30.0 -759.0 -402.0 5091122.0 -226.0 -4.0 -3325.0 829041353.0 -10.0 1611108817.0 28967.0 -633638340.0 1.0 474914911.0 -15614862.0 -28125.0 0.0 -616851.0 8013.0 33999665.0 1238574918.0 -6216.0 -2794.0 -7112107.0 255.0 0.0 -207.0 1368.0 -2916090.0 -11293.0 -30301.0 -126388.0 -5280819.0 1181758620.0 -2338.0 -2850474.0 524200706.0 -4253535750.0 -5642506.0 195271.0 2.0 10.0 -8933.0 28.0 -59834.0 402.0 -16307.0 -67296513.0 1.0 86833830.0 18118407.0 89972337.0 324966935.0 -4044064768.0 -700.0 -1.0 -51838184.0 -2253402465.0 242.0 1.0 -632228.0 -3.0 -78057.0 -215536414.0 -1.0 -4716.0 1.0 422.0 -6.0 4240088384.0 6.0 -133179941.0 73366.0 -9551157.0 -915903243.0 8039684.0 -1012.0 94.0 -2118859450.0 -36761.0 -22.0 695179967.0 130670.0 -3.0 1514925.0 702544.0 -67375.0 0.0 42.0 -5797.0 -333189.0 39131.0 1358360.0 4106.0 1952382804.0 1053571352.0 -13.0 -1237.0 46.0 -1406864.0 24424.0 531901723.0 45.0 -3673439.0 -3230223956.0 13048.0 -65025.0 0.0 963.0 4003789836.0 -1757.0 -876423.0 -266.0 12460903.0 88186.0 -109.0 -24150.0 19.0 7442.0 1.0 355.0 13810.0 363761263.0 1723439045.0 -96126690.0 -63.0 2897420749.0 614483865.0 
7 18 18 4 4 30 37 17 5 -6 24 30 28 30 22 11 29 11 -6 -3 19 9 13 -1 6 -3 21 23 9 24 10 27 29 3 22 32 4 19 -3 36 31 5 17 4 38 -7 27 37 6 2 33 -5 31 27 38 1 8 39 -2 9 23 32 31 39 38 18 36 36 3 -2 1 7 31 10 4 17 8 16 35 26 2 2 5 5 22 32 20 -2 -8 -4 -7 13 1 11 19 34 18 6 -5 -5 34 -4 12 36 -7 13 0 27 24 7 -5 29 16 24 31 27 -3 9 6 -2 16 29 -6 32 25 25 32 22 
0 0 0 0 0 0 0 0 0 6146 0 0 0 0 0 0 0 0 0 16 0 0 0 -1 0 0 0 0 0 0 0 0 0 9 0 0 2 0 -3 0 0 0 0 0 0 0 0 0 0 1 0 172 0 0 0 0 0 0 0 0 0 0 0 0 0 0 0 0 0 1011 0 0 0 0 -3 0 0 0 0 0 0 10 0 0 0 0 0 0 0 0 -3 0 0 0 0 0 0 0 0 -3 0 507 0 0 -24645 0 0 0 0 2 0 0 0 0 0 0 0 0 0 0 0 0 1388 0 0 0 0 0 
18 0 0
0.0 0.0 0.0 0.0 0.0 0.0 0.0 0.0 0.0 0.0 0.0 0.0 0.0 0.0 0.0 0.0 0.0 0.0 0.0 0.0 0.0 0.0 0.0 0.0 0.0 0.0 0.0 0.0 0.0 0.0 0.0 0.0 0.0 0.0 0.0 0.0 0.0 0.0 0.0 0.0 0.0 0.0 0.0 0.0 0.0 0.0 0.0 0.0 0.0 0.0 0.0 0.0 0.0 0.0 0.0 0.0 0.0 0.0 0.0 0.0 0.0 0.0 0.0 0.0 0.0 0.0 0.0 0.0 0.0 0.0 0.0 0.0 0.0 0.0 0.0 0.0 0.0 0.0 0.0 0.0 0.0 0.0 0.0 0.0 0.0 0.0 0.0 0.0 0.0 0.0 0.0 0.0 0.0 0.0 0.0 0.0 0.0 0.0 0.0 0.0 0.0 0.0 0.0 0.0 0.0 0.0 0.0 0.0 0.0 0.0 0.0 0.0 0.0 0.0 0.0 0.0 0.0 0.0 0.0 0.0 0.0 0.0 0.0 0.0 0.0 0.0 0.0 0.0 
39 4 11 14 19 30 21 24 13 11 28 15 20 1 16 25 2 4 33 9 33 2 21 36 17 31 20 2 6 33 24 24 11 28 29 25 19 23 9 28 29 39 36 2 25 2 1 8 7 27 25 32 19 30 28 18 32 19 30 27 11 27 30 34 29 0 18 7 6 37 18 32 1 34 27 12 4 39 27 35 10 19 9 5 14 7 18 1 18 32 26 17 18 21 25 39 12 16 20 27 20 29 39 14 18 22 9 17 34 35 36 30 1 6 18 13 6 7 33 35 11 39 20 17 14 22 1 20 
0 0 0 0 0 0 0 0 0 0 0 0 0 0 0 0 0 0 0 0 0 0 0 0 0 0 0 0 0 0 0 0 0 0 0 0 0 0 0 0 0 0 0 0 0 0 0 0 0 0 0 0 0 0 0 0 0 0 0 0 0 0 0 0 0 0 0 0 0 0 0 0 0 0 0 0 0 0 0 0 0 0 0 0 0 0 0 0 0 0 0 0 0 0 0 0 0 0 0 0 0 0 0 0 0 0 0 0 0 0 0 0 0 0 0 0 0 0 0 0 0 0 0 0 0 0 0 0 
19 0 0
-17179870125.0 -17179870046.0 17179869240.0 -17179869566.0 17179869289.0 -17179869310.0 -17179869588.0 17179869992.0 -17179869355.0 -17179869650.0 -17179870085.0 -17179869842.0 17179870110.0 17179869656.0 -17179870002.0 -17179870047.0 17179869243.0 17179869894.0 -17179869413.0 -17179869736.0 -17179869728.0 17179869672.0 -17179869389.0 17179869403.0 17179869662.0 -17179870052.0 -17179869993.0 17179869499.0 17179869998.0 17179869743.0 17179869450.0 17179869746.0 -17179869952.0 -17179870145.0 -17179869277.0 17179869994.0 17179869891.0 17179869907.0 17179870088.0 17179869920.0 -17179869923.0 -17179869663.0 17179869604.0 17179870065.0 -17179869692.0 17179869991.0 -17179869225.0 17179869402.0 -17179869349.0 -17179869607.0 -17179870146.0 -17179869844.0 17179869596.0 17179869785.0 -17179869524.0 -17179870135.0 17179870125.0 -17179869712.0 -17179870130.0 17179869298.0 17179869223.0 17179869342.0 17179870074.0 17179869986.0 17179869670.0 -17179870067.0 -17179870057.0 17179869624.0 -17179869210.0 -17179869226.0 -17179870030.0 -17179869693.0 -17179870117.0 17179870081.0 17179870126.0 17179869677.0 17179869983.0 -17179869620.0 -17179869768.0 17179870172.0 -17179869295.0 -17179869816.0 17179869363.0 -17179869556.0 17179869386.0 -17179870118.0 17179869240.0 -17179869865.0 17179870121.0 -17179870073.0 -17179869209.0 17179869311.0 17179869387.0 17179869768.0 17179870182.0 -17179869571.0 17179870080.0 17179869610.0 17179869366.0 17179870010.0 -17179869384.0 17179869763.0 -17179869751.0 17179870162.0 -17179869365.0 -17179869302.0 -17179869795.0 17179869713.0 17179869688.0 -17179869476.0 -17179869592.0 -17179869316.0 -17179870128.0 -17179869770.0 17179869458.0 17179869795.0 -17179869720.0 -17179869504.0 -17179869258.0 17179869350.0 -17179869494.0 -17179869510.0 -17179869304.0 -17179869447.0 -17179869549.0 -17179869223.0 -17179870057.0 17179869593.0 
20 20 20 20 20 20 20 20 20 20 20 20 20 20 20 20 20 20 20 20 20 20 20 20 20 20 20 20 20 20 20 20 20 20 20 20 20 20 20 20 20 20 20 20 20 20 20 20 20 20 20 20 20 20 20 20 20 20 20 20 20 20 20 20 20 20 20 20 20 20 20 20 20 20 20 20 20 20 20 20 20 20 20 20 20 20 20 20 20 20 20 20 20 20 20 20 20 20 20 20 20 20 20 20 20 20 20 20 20 20 20 20 20 20 20 20 20 20 20 20 20 20 20 20 20 20 20 20 
-16384 -16384 16384 -16384 16384 -16384 -16384 16384 -16384 -16384 -16384 -16384 16384 16384 -16384 -16384 16384 16384 -16384 -16384 -16384 16384 -16384 16384 16384 -16384 -16384 16384 16384 16384 16384 16384 -16384 -16384 -16384 16384 16384 16384 16384 16384 -16384 -16384 16384 16384 -16384 16384 -16384 16384 -16384 -16384 -16384 -16384 16384 16384 -16384 -16384 16384 -16384 -16384 16384 16384 16384 16384 16384 16384 -16384 -16384 16384 -16384 -16384 -16384 -16384 -16384 16384 16384 16384 16384 -16384 -16384 16384 -16384 -16384 16384 -16384 16384 -16384 16384 -16384 16384 -16384 -16384 16384 16384 16384 16384 -16384 16384 16384 16384 16384 -16384 16384 -16384 16384 -16384 -16384 -16384 16384 16384 -16384 -16384 -16384 -16384 -16384 16384 16384 -16384 -16384 -16384 16384 -16384 -16384 -16384 -16384 -16384 -16384 -16384 16384 
20 0 0
0.0 0.0 0.0 0.0 0.0 0.0 0.0 0.0 0.0 0.0 0.0 0.0 0.0 0.0 0.0 0.0 0.0 0.0 0.0 0.0 0.0 0.0 0.0 0.0 0.0 0.0 0.0 0.0 0.0 0.0 0.0 0.0 0.0 0.0 0.0 0.0 0.0 0.0 0.0 0.0 0.0 0.0 0.0 0.0 0.0 0.0 0.0 0.0 0.0 0.0 0.0 0.0 0.0 0.0 0.0 0.0 0.0 0.0 0.0 0.0 0.0 0.0 0.0 0.0 0.0 0.0 0.0 0.0 0.0 0.0 0.0 0.0 0.0 0.0 0.0 0.0 0.0 0.0 0.0 0.0 0.0 0.0 0.0 0.0 0.0 0.0 0.0 0.0 0.0 0.0 0.0 0.0 0.0 0.0 0.0 0.0 0.0 0.0 0.0 0.0 0.0 0.0 0.0 0.0 0.0 0.0 0.0 0.0 0.0 0.0 0.0 0.0 0.0 0.0 0.0 0.0 0.0 0.0 0.0 0.0 0.0 0.0 0.0 0.0 0.0 0.0 0.0 0.0 
28 12 33 9 7 30 0 4 34 4 7 26 0 28 16 16 9 18 9 13 25 2 15 30 15 18 36 33 24 32 24 12 6 34 11 37 26 19 5 24 28 3 36 9 21 10 26 16 23 21 0 39 27 0 39 24 12 35 24 37 24 7 9 29 26 24 2 36 23 13 37 26 8 7 0 39 17 23 11 39 35 1 16 35 25 5 30 20 20 26 4 37 36 15 39 19 0 29 2 33 33 11 35 5 9 11 21 24 30 36 8 19 35 36 13 23 36 17 36 28 28 22 5 30 11 26 34 12 
0 0 0 0 0 0 0 0 0 0 0 0 0 0 0 0 0 0 0 0 0 0 0 0 0 0 0 0 0 0 0 0 0 0 0 0 0 0 0 0 0 0 0 0 0 0 0 0 0 0 0 0 0 0 0 0 0 0 0 0 0 0 0 0 0 0 0 0 0 0 0 0 0 0 0 0 0 0 0 0 0 0 0 0 0 0 0 0 0 0 0 0 0 0 0 0 0 0 0 0 0 0 0 0 0 0 0 0 0 0 0 0 0 0 0 0 0 0 0 0 0 0 0 0 0 0 0 0 
21 -23 0
9226382.0 -3294260.0 -110460513.0 -309108594.0 -2263.0 -1.0 -34.0 -171.0 3.0 54.0 -108083.0 195735893.0 -183063531.0 2643756181.0 4145.0 -28.0 116354759.0 13011.0 0.0 -7195622.0 39.0 -994007607.0 -4259183765.0 0.0 -1333366439.0 -19.0 218055684.0 1355116.0 -75986.0 12.0 2118.0 1618648.0 544.0 0.0 -797.0 3.0 -1760133840.0 712.0 -282.0 -26.0 -2.0 -618879.0 262.0 -52817858.0 -4157086825.0 7279.0 -58910375.0 6938540.0 222413291.0 -2.0 -1.0 -6.0 -70.0 828.0 -2.0 155148.0 -278043.0 -82038.0 3300894176.0 -1639.0 488787.0 -11787028.0 2619557.0 -1259771935.0 14533.0 -35.0 3304325566.0 16.0 0.0 0.0 131907920.0 -884293.0 -307905480.0 -47374782.0 3758144.0 40735938.0 19518.0 -764.0 1557076110.0 15874616.0 1318084.0 535340432.0 -125.0 2945579329.0 93838.0 155279657.0 -16365221.0 343253.0 -3.0 0.0 -26870.0 15522.0 30758.0 -59973.0 -937896842.0 -220.0 -33618.0 -5723713.0 -167124.0 0.0 -14719.0 47754678.0 0.0 -8.0 -3116.0 -516657.0 -7941.0 138.0 -2243005.0 -228708750.0 253495722.0 -20.0 -811.0 29338.0 -2.0 0.0 -3.0 4121295.0 -1870452.0 0.0 198812.0 -40.0 -12.0 1.0 15.0 23405.0 70.0 3137.0 
19 18 28 17 36 -3 39 16 6 29 14 2 3 36 33 16 10 17 26 37 -7 37 38 12 11 32 0 18 17 18 20 10 23 -1 31 33 30 30 0 -6 7 23 24 6 23 26 -6 38 18 5 10 0 4 4 37 34 27 1 -6 16 0 11 29 -6 18 38 30 7 27 -8 11 10 -5 3 31 35 8 23 4 1 2 18 30 29 4 10 26 31 22 -5 39 34 1 36 -4 21 1 39 10 14 23 0 15 36 7 -6 22 8 -1 10 -5 5 5 -2 -6 18 10 32 38 27 25 33 0 28 -2 -7 29 8 
0 0 0 0 0 0 0 0 0 0 0 6 -3 0 0 0 0 0 0 0 0 0 0 0 0 0 26 0 0 0 0 0 0 0 0 0 0 0 0 0 0 0 0 0 0 0 -449 0 0 0 0 0 0 0 0 0 0 0 25184 0 0 0 0 -9611 0 0 0 0 0 0 0 0 -1175 -1 0 0 0 0 12 1 0 0 0 0 0 0 0 0 0 0 0 0 0 0 -1789 0 0 0 0 0 0 6 0 0 0 -4 0 0 -1 0 967 0 0 0 0 0 0 0 0 0 0 0 0 0 0 0 0 0 
22 0 0
0.0 0.0 0.0 0.0 0.0 0.0 0.0 0.0 0.0 0.0 0.0 0.0 0.0 0.0 0.0 0.0 0.0 0.0 0.0 0.0 0.0 0.0 0.0 0.0 0.0 0.0 0.0 0.0 0.0 0.0 0.0 0.0 0.0 0.0 0.0 0.0 0.0 0.0 0.0 0.0 0.0 0.0 0.0 0.0 0.0 0.0 0.0 0.0 0.0 0.0 0.0 0.0 0.0 0.0 0.0 0.0 0.0 0.0 0.0 0.0 0.0 0.0 0.0 0.0 0.0 0.0 0.0 0.0 0.0 0.0 0.0 0.0 0.0 0.0 0.0 0.0 0.0 0.0 0.0 0.0 0.0 0.0 0.0 0.0 0.0 0.0 0.0 0.0 0.0 0.0 0.0 0.0 0.0 0.0 0.0 0.0 0.0 0.0 0.0 0.0 0.0 0.0 0.0 0.0 0.0 0.0 0.0 0.0 0.0 0.0 0.0 0.0 0.0 0.0 0.0 0.0 0.0 0.0 0.0 0.0 0.0 0.0 0.0 0.0 0.0 0.0 0.0 0.0 
12 35 8 26 21 19 14 28 27 17 6 36 34 28 14 17 34 36 18 18 32 25 1 18 20 21 12 7 23 20 11 27 26 26 38 32 12 25 26 8 25 39 10 30 17 12 36 37 19 2 6 27 37 15 29 0 19 36 3 13 15 39 22 36 5 19 18 30 23 31 14 32 14 11 9 22 28 10 2 39 0 21 10 31 11 3 33 35 8 39 33 10 2 30 14 26 11 27 26 26 15 29 20 33 30 24 29 9 1 16 21 27 0 6 3 26 1 1 23 25 38 0 13 39 6 28 4 13 
0 0 0 0 0 0 0 0 0 0 0 0 0 0 0 0 0 0 0 0 0 0 0 0 0 0 0 0 0 0 0 0 0 0 0 0 0 0 0 0 0 0 0 0 0 0 0 0 0 0 0 0 0 0 0 0 0 0 0 0 0 0 0 0 0 0 0 0 0 0 0 0 0 0 0 0 0 0 0 0 0 0 0 0 0 0 0 0 0 0 0 0 0 0 0 0 0 0 0 0 0 0 0 0 0 0 0 0 0 0 0 0 0 0 0 0 0 0 0 0 0 0 0 0 0 0 0 0 
23 0 0
0.0 0.0 0.0 0.0 0.0 0.0 0.0 0.0 0.0 0.0 0.0 0.0 0.0 0.0 0.0 0.0 0.0 0.0 0.0 0.0 0.0 0.0 0.0 0.0 0.0 0.0 0.0 0.0 0.0 0.0 0.0 0.0 0.0 0.0 0.0 0.0 0.0 0.0 0.0 0.0 0.0 0.0 0.0 0.0 0.0 0.0 0.0 0.0 0.0 0.0 0.0 0.0 0.0 0.0 0.0 0.0 0.0 0.0 0.0 0.0 0.0 0.0 0.0 0.0 0.0 0.0 0.0 0.0 0.0 0.0 0.0 0.0 0.0 0.0 0.0 0.0 0.0 0.0 0.0 0.0 0.0 0.0 0.0 0.0 0.0 0.0 0.0 0.0 0.0 0.0 0.0 0.0 0.0 0.0 0.0 0.0 0.0 0.0 0.0 0.0 0.0 0.0 0.0 0.0 0.0 0.0 0.0 0.0 0.0 0.0 0.0 0.0 0.0 0.0 0.0 0.0 0.0 0.0 0.0 0.0 0.0 0.0 0.0 0.0 0.0 0.0 0.0 0.0 
5 20 8 26 20 2 24 18 7 6 5 4 26 4 23 18 34 3 25 20 24 18 27 2 8 20 26 25 25 23 33 16 2 35 37 27 20 27 31 29 10 28 0 16 27 21 37 10 2 31 11 34 36 26 0 2 10 17 24 33 19 19 6 6 21 13 33 31 34 4 37 2 14 28 20 37 2 20 14 12 16 7 16 6 11 4 10 31 0 25 23 10 37 14 26 9 4 10 16 21 27 25 9 33 11 35 20 26 11 3 8 24 12 30 10 26 7 21 17 3 10 23 23 8 31 20 15 39 
0 0 0 0 0 0 0 0 0 0 0 0 0 0 0 0 0 0 0 0 0 0 0 0 0 0 0 0 0 0 0 0 0 0 0 0 0 0 0 0 0 0 0 0 0 0 0 0 0 0 0 0 0 0 0 0 0 0 0 0 0 0 0 0 0 0 0 0 0 0 0 0 0 0 0 0 0 0 0 0 0 0 0 0 0 0 0 0 0 0 0 0 0 0 0 0 0 0 0 0 0 0 0 0 0 0 0 0 0 0 0 0 0 0 0 0 0 0 0 0 0 0 0 0 0 0 0 0 
24 -6 1
524287.0 32767.0 -8388607.0 8191.0 -1023.0 -1048575.0 -536870911.0 -255.0 -33554431.0 -8388607.0 -32767.0 -65535.0 2147483647.0 -134217727.0 -536870911.0 -134217727.0 -67108863.0 -131071.0 -2147483647.0 -2147483647.0 -131071.0 -8191.0 262143.0 255.0 -524287.0 -268435455.0 4194303.0 2147483647.0 255.0 16383.0 2147483647.0 134217727.0 -2147483647.0 -1073741823.0 131071.0 4095.0 -2047.0 -33554431.0 -255.0 -8191.0 -67108863.0 -255.0 134217727.0 4095.0 -255.0 67108863.0 1023.0 8388607.0 -511.0 -536870911.0 2147483647.0 -8191.0 -1023.0 32767.0 511.0 -4194303.0 2047.0 -262143.0 -4194303.0 8388607.0 2147483647.0 -511.0 -4194303.0 -1073741823.0 -8191.0 1048575.0 2097151.0 -16383.0 -2047.0 -32767.0 1023.0 -255.0 255.0 -1023.0 536870911.0 536870911.0 2047.0 4194303.0 8388607.0 65535.0 16777215.0 -16383.0 1048575.0 524287.0 16383.0 -255.0 131071.0 -2047.0 -1073741823.0 -65535.0 8388607.0 -1023.0 134217727.0 1073741823.0 1073741823.0 2047.0 -33554431.0 32767.0 131071.0 16383.0 2147483647.0 8388607.0 524287.0 -32767.0 1073741823.0 511.0 2097151.0 -524287.0 -511.0 16383.0 511.0 2097151.0 -4194303.0 -2147483647.0 -1023.0 67108863.0 1023.0 -32767.0 2147483647.0 -2047.0 -65535.0 16383.0 4095.0 -268435455.0 -4194303.0 33554431.0 2097151.0 33554431.0 
12 10 12 12 10 10 11 10 11 12 12 10 10 10 11 11 12 10 11 10 10 12 10 12 10 12 11 11 10 12 11 12 10 10 11 11 12 10 11 11 11 12 12 11 10 11 10 11 11 12 10 12 12 10 11 11 12 11 10 11 10 10 12 10 11 11 12 11 11 11 12 11 12 10 11 10 12 11 12 11 10 10 11 10 11 11 11 12 11 10 11 10 12 11 10 10 11 12 10 11 12 10 10 11 12 12 12 10 10 12 11 10 10 10 12 11 11 11 12 12 10 12 12 10 11 10 10 12 
2 0 -32 0 0 -16 -4096 0 -256 -32 0 -1 32767 -2048 -4096 -1024 -256 -2 -16384 -32768 -2 0 4 0 -8 -1024 32 16384 0 0 16384 512 -32768 -16384 1 0 0 -512 0 0 -512 0 512 0 0 512 0 64 0 -2048 32767 0 0 0 0 -32 0 -2 -64 64 32767 0 -16 -16384 0 8 8 0 0 0 0 0 0 0 4096 8192 0 32 32 0 256 0 8 8 0 0 1 0 -8192 -1 64 0 512 8192 16384 0 -256 0 2 0 8192 128 8 0 4096 0 8 -8 0 0 0 32 -64 -32768 0 512 0 0 8192 0 -1 0 0 -4096 -32 512 32 128 
25 -6 1
-67108863.0 32767.0 -33554431.0 1048575.0 -2097151.0 134217727.0 16383.0 -2097151.0 2097151.0 2147483647.0 -2047.0 -134217727.0 -65535.0 255.0 -8388607.0 2147483647.0 -262143.0 131071.0 4095.0 -8191.0 -1023.0 -262143.0 16383.0 262143.0 -33554431.0 -65535.0 16777215.0 524287.0 -262143.0 -16777215.0 4194303.0 -131071.0 255.0 1023.0 33554431.0 268435455.0 -134217727.0 -8388607.0 -511.0 67108863.0 -67108863.0 4194303.0 -4095.0 262143.0 2047.0 67108863.0 -4095.0 536870911.0 -4095.0 -67108863.0 268435455.0 -4194303.0 32767.0 65535.0 33554431.0 131071.0 -4194303.0 -2047.0 -262143.0 -2147483647.0 32767.0 -67108863.0 4095.0 -536870911.0 33554431.0 32767.0 2147483647.0 -8191.0 -262143.0 -131071.0 -4194303.0 -16383.0 -1073741823.0 33554431.0 -16777215.0 8191.0 -8388607.0 2097151.0 32767.0 2097151.0 -262143.0 1048575.0 -511.0 -536870911.0 -2147483647.0 32767.0 -131071.0 -1023.0 -134217727.0 -255.0 16383.0 -524287.0 1048575.0 -134217727.0 -2097151.0 -32767.0 -8191.0 65535.0 1073741823.0 268435455.0 -511.0 -255.0 1048575.0 131071.0 -262143.0 -511.0 -255.0 -262143.0 -511.0 255.0 1023.0 -134217727.0 2147483647.0 268435455.0 2147483647.0 -33554431.0 -2047.0 -131071.0 268435455.0 -268435455.0 1073741823.0 -32767.0 255.0 4194303.0 -67108863.0 -4095.0 8191.0 -511.0 
12 10 10 12 11 12 11 12 11 12 12 10 10 12 12 11 10 10 10 12 12 12 11 11 11 12 10 10 12 11 10 10 10 10 12 10 11 10 10 10 12 12 11 10 11 10 10 11 12 11 10 10 10 12 12 12 11 12 11 10 10 11 10 10 12 10 10 10 11 12 12 10 10 11 10 12 10 11 10 12 12 10 12 10 10 12 10 11 12 12 11 11 12 11 10 12 10 11 10 12 11 12 12 12 10 12 12 11 10 12 12 12 10 12 12 11 11 12 10 11 10 10 12 10 10 12 12 12 
-256 0 -512 4 -16 512 0 -8 16 8192 0 -2048 -1 0 -32 16384 -4 2 0 0 0 -1 0 2 -256 0 256 8 -1 -128 64 -2 0 0 128 4096 -1024 -128 0 1024 -256 16 0 4 0 1024 0 4096 0 -512 4096 -64 0 0 128 0 -32 0 -2 -32768 0 -512 0 -8192 128 0 32767 0 -2 0 -16 0 -16384 256 -256 0 -128 16 0 8 -1 16 0 -8192 -32768 0 -2 0 -512 0 0 -4 4 -1024 -32 0 0 0 16384 1024 0 0 4 0 -4 0 0 -2 0 0 0 -512 32767 1024 8192 -256 0 0 4096 -2048 16384 0 0 64 -1024 0 0 0 
26 0 0
-17179869620.0 -17179870039.0 -17179870097.0 -17179869604.0 -17179869938.0 17179870009.0 17179870115.0 17179869754.0 -17179869421.0 17179870043.0 17179870151.0 -17179869890.0 17179869913.0 17179869491.0 -17179869980.0 -17179869541.0 -17179869509.0 17179870071.0 17179869417.0 -17179870116.0 -17179869450.0 -17179869279.0 -17179870087.0 -17179869497.0 17179869323.0 -17179869799.0 17179869761.0 17179870090.0 17179869230.0 17179870140.0 17179869739.0 17179869696.0 -17179869188.0 17179869311.0 17179869600.0 -17179870154.0 -17179869463.0 17179869431.0 -17179869503.0 -17179869199.0 -17179869255.0 17179870078.0 17179869241.0 -17179869344.0 17179870020.0 -17179869503.0 -17179869484.0 17179869776.0 17179869403.0 -17179869659.0 17179869331.0 17179869322.0 -17179869932.0 17179869831.0 -17179869841.0 -17179870162.0 -17179869786.0 17179869913.0 17179869816.0 17179869223.0 -17179869654.0 17179870154.0 17179869775.0 17179869886.0 17179869837.0 -17179869375.0 17179869401.0 17179870164.0 -17179869653.0 -17179869646.0 -17179870084.0 17179869735.0 17179869525.0 -17179870012.0 -17179869296.0 17179869898.0 17179869689.0 17179869957.0 -17179869283.0 -17179869481.0 -17179869970.0 -17179870014.0 17179869308.0 17179869340.0 -17179869994.0 -17179869219.0 -17179869958.0 17179869470.0 17179869544.0 -17179869516.0 -17179869247.0 -17179869892.0 17179869616.0 17179869784.0 17179869803.0 17179869815.0 -17179869485.0 -17179869241.0 -17179869789.0 -17179870036.0 -17179869528.0 -17179869364.0 -17179869655.0 -17179869724.0 -17179869753.0 -17179869260.0 -17179869815.0 17179869733.0 17179869654.0 -17179870179.0 17179869395.0 17179869991.0 -17179869254.0 17179869619.0 -17179870105.0 17179869961.0 -17179870171.0 -17179869719.0 -17179869939.0 -17179869302.0 17179869603.0 -17179869313.0 -17179869301.0 -17179869338.0 -17179869719.0 17179869785.0 -17179869427.0 -17179869908.0 
20 20 20 20 20 20 20 20 20 20 20 20 20 20 20 20 20 20 20 20 20 20 20 20 20 20 20 20 20 20 20 20 20 20 20 20 20 20 20 20 20 20 20 20 20 20 20 20 20 20 20 20 20 20 20 20 20 20 20 20 20 20 20 20 20 20 20 20 20 20 20 20 20 20 20 20 20 20 20 20 20 20 20 20 20 20 20 20 20 20 20 20 20 20 20 20 20 20 20 20 20 20 20 20 20 20 20 20 20 20 20 20 20 20 20 20 20 20 20 20 20 20 20 20 20 20 20 20 
-16384 -16384 -16384 -16384 -16384 16384 16384 16384 -16384 16384 16384 -16384 16384 16384 -16384 -16384 -16384 16384 16384 -16384 -16384 -16384 -16384 -16384 16384 -16384 16384 16384 16384 16384 16384 16384 -16384 16384 16384 -16384 -16384 16384 -16384 -16384 -16384 16384 16384 -16384 16384 -16384 -16384 16384 16384 -16384 16384 16384 -16384 16384 -16384 -16384 -16384 16384 16384 16384 -16384 16384 16384 16384 16384 -16384 16384 16384 -16384 -16384 -16384 16384 16384 -16384 -16384 16384 16384 16384 -16384 -16384 -16384 -16384 16384 16384 -16384 -16384 -16384 16384 16384 -16384 -16384 -16384 16384 16384 16384 16384 -16384 -16384 -16384 -16384 -16384 -16384 -16384 -16384 -16384 -16384 -16384 16384 16384 -16384 16384 16384 -16384 16384 -16384 16384 -16384 -16384 -16384 -16384 16384 -16384 -16384 -16384 -16384 16384 -16384 -16384 
27 -21 0
12488.0 -51247866.0 1303083095.0 -109855.0 -518413987.0 628767812.0 -3489901.0 0.0 0.0 2778137883.0 13267.0 0.0 3494197156.0 1658.0 763159206.0 342118826.0 -4217965.0 -3081133710.0 -2.0 -135659252.0 1.0 -27850.0 -1458463200.0 -11098595.0 -22.0 -857725.0 -7024887.0 9069.0 2964.0 518180581.0 -27.0 79.0 -76.0 1044592.0 1832.0 -9115185.0 -47223652.0 -207.0 -3.0 2275005408.0 -14436674.0 -3205114697.0 -33904.0 394.0 214563.0 1595365.0 -22983.0 -89952337.0 -17152.0 -408.0 339339601.0 438.0 -4.0 -319.0 0.0 2290102654.0 597.0 1.0 47.0 -118.0 22014.0 -2110.0 30771449.0 70.0 -38905127.0 -10093171.0 0.0 1034108032.0 108156.0 12071.0 -705519.0 29046686.0 -147138.0 -14219.0 -2473850.0 -8819.0 -22950775.0 -42.0 -738566935.0 2.0 12.0 -21205.0 12.0 -1627618.0 0.0 201.0 -72056.0 -1.0 6489311.0 -75762617.0 -497885889.0 45.0 361288.0 549.0 -3428902488.0 -5.0 0.0 1.0 13.0 -112043.0 -340269.0 143882.0 -22987.0 47.0 3167.0 3623219.0 -3238215003.0 -619650.0 22110828.0 9.0 27652.0 -844576922.0 -1607.0 -11.0 163645.0 -12733.0 828.0 -117.0 3.0 0.0 -3551467026.0 -1914206548.0 -120.0 -295929563.0 -500015729.0 -6057.0 -23011340.0 -18.0 
13 34 -2 17 9 16 -1 5 1 4 18 3 17 33 21 28 33 29 30 27 22 14 34 26 25 0 0 29 12 10 35 -6 28 -2 -7 31 30 16 8 16 0 39 0 39 -5 4 26 10 25 22 -3 16 -1 5 34 23 1 8 10 2 4 2 13 4 23 8 15 -5 28 37 17 34 5 10 33 20 27 24 -6 12 33 10 7 -2 -3 22 -8 15 31 25 21 30 33 -4 -2 14 21 -7 -8 4 30 39 8 -7 31 26 8 22 36 35 37 12 22 8 1 0 17 14 4 18 23 10 -4 6 -5 10 16 32 
0 0 2485 0 0 0 -3 0 0 83 0 0 0 0 0 0 0 0 0 0 0 0 0 0 0 0 -3 0 0 0 0 0 0 2 0 0 0 0 0 0 -7 0 0 0 3 0 0 0 0 0 1294 0 0 0 0 0 0 0 0 0 0 0 0 0 0 0 0 15779 0 0 0 0 0 0 0 0 0 0 -22539 0 0 0 0 -3 0 0 -9 0 0 0 0 0 0 0 -6540 0 0 0 0 0 0 0 0 0 0 0 -6 0 0 0 0 0 0 0 0 0 0 0 0 0 0 -1 0 -2 -7630 0 0 0 
28 -5 0
170582.0 -653798.0 -379855.0 -570830.0 413877.0 -781479.0 186949.0 -873677.0 910221.0 -819607.0 -733669.0 33151.0 -504439.0 -96941.0 -307382.0 -529155.0 337185.0 112953.0 -900919.0 778904.0 -791764.0 -170178.0 896519.0 -364227.0 663660.0 688608.0 598122.0 -162471.0 -648267.0 -389171.0 34621.0 -397812.0 -656316.0 -346222.0 -141237.0 -534012.0 344997.0 535308.0 -736454.0 -617257.0 -718542.0 378682.0 421390.0 731803.0 -947108.0 455420.0 360816.0 892248.0 -530566.0 82036.0 -797003.0 587875.0 -88394.0 141162.0 -174253.0 706422.0 323318.0 463349.0 -279220.0 705349.0 -891355.0 -588847.0 -33199.0 -113747.0 595771.0 -251649.0 -556683.0 -924551.0 -986727.0 -364228.0 308929.0 579225.0 -711535.0 764074.0 -981409.0 170988.0 856846.0 -313110.0 189277.0 292953.0 -600776.0 -260333.0 -152862.0 657341.0 -528585.0 358313.0 954029.0 73288.0 -706647.0 493516.0 -356272.0 848100.0 -185317.0 960546.0 -136417.0 -215875.0 189274.0 755452.0 -158783.0 770106.0 -367334.0 -402588.0 -849995.0 923244.0 -729690.0 228574.0 -183106.0 -494788.0 -213757.0 54158.0 -410967.0 -504697.0 -113981.0 983469.0 -615289.0 -17196.0 -2870.0 -488256.0 -758407.0 478015.0 -869529.0 -217387.0 915371.0 637138.0 -546126.0 -140538.0 -63616.0 -945148.0 
26 29 9 4 5 31 23 8 38 36 21 21 5 31 18 20 32 37 11 10 27 5 8 0 20 30 31 17 35 37 28 18 4 9 30 23 8 7 8 0 7 3 24 13 30 1 9 7 30 21 37 7 37 30 5 15 20 18 9 22 35 24 6 2 27 22 11 2 12 13 3 19 18 8 14 8 35 20 24 19 22 23 37 32 2 11 13 11 23 25 36 30 25 34 17 11 14 18 1 18 7 5 16 2 35 35 29 4 8 11 16 19 22 4 9 10 35 25 35 28 10 37 26 7 9 29 16 13 
0 0 -23 -1115 404 0 0 -107 0 0 0 0 -493 0 0 0 0 0 -14 24 0 -166 109 -11382 0 0 0 0 0 0 0 0 -1282 -21 0 0 42 131 -90 -19289 -175 1479 0 3 0 7116 22 218 0 0 0 144 0 0 -170 1 0 0 -17 0 0 0 -16 -889 0 0 -8 -7223 -8 -1 1207 0 0 93 -2 21 0 0 0 0 0 0 0 0 -4130 5 4 1 0 0 0 0 0 0 0 -3 0 0 -2481 0 -90 -393 0 7213 0 0 0 -966 -26 1 0 0 0 1921 -38 -1 0 0 0 0 -27 0 0 156 -33 0 0 -4 
29 7 0
-44817.0 378733.0 538690.0 -904569.0 -211079.0 462159.0 448517.0 -182553.0 -95610.0 36403.0 980291.0 -674386.0 329924.0 -764390.0 296646.0 -507368.0 -747726.0 717772.0 -643840.0 736079.0 565647.0 -968228.0 761129.0 606122.0 985477.0 370586.0 -572477.0 679753.0 -924802.0 256739.0 -782645.0 -458030.0 930083.0 475564.0 706101.0 -229744.0 -805379.0 666100.0 990240.0 696880.0 -467155.0 871196.0 770830.0 325159.0 39311.0 -511165.0 113505.0 -363529.0 862788.0 900288.0 6452.0 -401588.0 -100712.0 936982.0 586214.0 452845.0 966162.0 352544.0 -120384.0 -606894.0 608731.0 -795798.0 -982115.0 -374597.0 -280879.0 444571.0 -821344.0 -988943.0 -789695.0 -641401.0 186149.0 244579.0 -72755.0 636498.0 -822235.0 953624.0 -819976.0 34319.0 816667.0 -483181.0 -447407.0 283419.0 -174958.0 565185.0 -80364.0 276073.0 980673.0 -308604.0 907530.0 788349.0 411762.0 -617566.0 -613100.0 490260.0 894574.0 -183573.0 -434734.0 -609254.0 -40366.0 50413.0 483762.0 768769.0 300667.0 435443.0 -881285.0 808601.0 73026.0 -274010.0 90182.0 -658703.0 -595884.0 -746763.0 232628.0 811297.0 -312930.0 199653.0 -609232.0 880623.0 -362177.0 -2470.0 -834397.0 -629914.0 -660844.0 -23548.0 -477839.0 -853896.0 -326853.0 532975.0 
12 12 12 12 12 12 12 12 12 12 12 12 12 12 12 12 12 12 12 12 12 12 12 12 12 12 12 12 12 12 12 12 12 12 12 12 12 12 12 12 12 12 12 12 12 12 12 12 12 12 12 12 12 12 12 12 12 12 12 12 12 12 12 12 12 12 12 12 12 12 12 12 12 12 12 12 12 12 12 12 12 12 12 12 12 12 12 12 12 12 12 12 12 12 12 12 12 12 12 12 12 12 12 12 12 12 12 12 12 12 12 12 12 12 12 12 12 12 12 12 12 12 12 12 12 12 12 12 
-1401 11835 16834 -28268 -6596 14442 14016 -5705 -2988 1138 30634 -21075 10310 -23887 9270 -15855 -23366 22430 -20120 23002 17676 -30257 23785 18941 30796 11581 -17890 21242 -28900 8023 -24458 -14313 29065 14861 22066 -7179 -25168 20816 30945 21778 -14599 27225 24088 10161 1228 -15974 3547 -11360 26962 28134 202 -12550 -3147 29281 18319 14151 30193 11017 -3762 -18965 19023 -24869 -30691 -11706 -8777 13893 -25667 -30904 -24678 -20044 5817 7643 -2274 19891 -25695 29801 -25624 1072 25521 -15099 -13981 8857 -5467 17662 -2511 8627 30646 -9644 28360 24636 12868 -19299 -19159 15321 27955 -5737 -13585 -19039 -1261 1575 15118 24024 9396 13608 -27540 25269 2282 -8563 2818 -20584 -18621 -23336 7270 25353 -9779 6239 -19038 27519 -11318 -77 -26075 -19685 -20651 -736 -14932 -26684 -10214 16655 
30 -5 0
577626.0 -964381.0 -789309.0 873236.0 -839581.0 -930833.0 741133.0 -780284.0 582053.0 -759256.0 99250.0 -688179.0 651685.0 663231.0 393989.0 -74540.0 327362.0 -50287.0 -46197.0 916473.0 856162.0 542455.0 937041.0 -894058.0 296484.0 -426964.0 471576.0 594652.0 -286832.0 354203.0 -247730.0 -764784.0 -276431.0 -411649.0 -137292.0 346633.0 608039.0 594895.0 467900.0 -768049.0 786241.0 960507.0 -933167.0 -506297.0 581387.0 -191597.0 -616120.0 -296933.0 -414078.0 662082.0 -344055.0 -865800.0 831064.0 -864878.0 204215.0 -291068.0 -633852.0 810709.0 946457.0 -582157.0 361918.0 986493.0 -139885.0 277105.0 -446938.0 982608.0 923935.0 -802366.0 -56735.0 288234.0 728991.0 932429.0 737629.0 -83324.0 -177941.0 -921355.0 266398.0 835667.0 -555743.0 182885.0 662192.0 -746622.0 -95640.0 -495743.0 47805.0 -110970.0 110325.0 -60004.0 -517597.0 812734.0 179360.0 -726654.0 -245800.0 -458420.0 521100.0 -290482.0 915073.0 444852.0 664489.0 51510.0 -272005.0 -167422.0 473939.0 -184568.0 31140.0 643735.0 -911623.0 584898.0 -72621.0 -292405.0 134546.0 629323.0 -853136.0 431269.0 901081.0 76823.0 -728373.0 296875.0 -419889.0 566559.0 10018.0 -715488.0 -544312.0 -211363.0 -784469.0 574812.0 144677.0 -116772.0 
31 34 14 36 34 0 1 1 13 8 14 30 7 14 11 6 13 25 34 23 33 15 19 17 36 20 20 8 17 14 2 25 4 6 13 36 8 5 35 18 26 10 4 7 4 6 1 36 5 13 5 16 11 12 25 10 2 25 18 34 2 14 3 24 37 5 18 19 10 28 37 1 38 11 19 26 22 21 7 23 27 29 2 37 20 3 13 23 12 38 18 11 24 38 11 24 34 22 4 20 13 35 0 25 4 12 6 13 12 4 26 9 2 18 13 14 16 10 7 9 11 35 15 30 6 34 18 8 
0 0 -2 0 0 -29089 11580 -12192 2 -93 0 0 159 1 6 -36 1 0 0 0 0 1 0 0 0 0 0 73 0 1 -1935 0 -540 -201 -1 0 74 581 0 0 0 29 -1823 -124 1136 -94 -9627 0 -404 3 -336 0 13 -7 0 -9 -4952 0 0 0 2827 2 -546 0 0 960 0 0 -2 0 0 14569 0 -1 0 0 0 0 -136 0 0 0 -747 0 0 -433 0 0 -4 0 0 -11 0 0 8 0 0 0 1298 0 -1 0 14811 0 61 5 -445 2 -1 -571 0 38 -6665 0 3 0 0 9 -103 35 0 0 -1 0 -383 0 0 -14 
31 0 0
0.0 0.0 0.0 0.0 0.0 0.0 0.0 0.0 0.0 0.0 0.0 0.0 0.0 0.0 0.0 0.0 0.0 0.0 0.0 0.0 0.0 0.0 0.0 0.0 0.0 0.0 0.0 0.0 0.0 0.0 0.0 0.0 0.0 0.0 0.0 0.0 0.0 0.0 0.0 0.0 0.0 0.0 0.0 0.0 0.0 0.0 0.0 0.0 0.0 0.0 0.0 0.0 0.0 0.0 0.0 0.0 0.0 0.0 0.0 0.0 0.0 0.0 0.0 0.0 0.0 0.0 0.0 0.0 0.0 0.0 0.0 0.0 0.0 0.0 0.0 0.0 0.0 0.0 0.0 0.0 0.0 0.0 0.0 0.0 0.0 0.0 0.0 0.0 0.0 0.0 0.0 0.0 0.0 0.0 0.0 0.0 0.0 0.0 0.0 0.0 0.0 0.0 0.0 0.0 0.0 0.0 0.0 0.0 0.0 0.0 0.0 0.0 0.0 0.0 0.0 0.0 0.0 0.0 0.0 0.0 0.0 0.0 0.0 0.0 0.0 0.0 0.0 0.0 
2 21 9 39 32 25 4 16 10 21 22 18 28 5 26 33 35 2 8 1 3 32 14 32 18 19 18 13 7 7 29 7 20 1 19 1 5 2 3 25 22 34 0 38 15 32 3 4 27 19 22 8 11 38 23 7 4 21 32 38 13 18 13 31 35 12 3 5 31 32 1 13 4 10 20 33 1 18 1 6 13 0 4 2 0 1 26 35 32 10 24 13 32 2 2 37 7 6 4 23 23 33 5 33 8 2 27 14 19 28 23 21 26 16 22 9 23 17 39 9 20 21 36 9 38 18 17 6 
0 0 0 0 0 0 0 0 0 0 0 0 0 0 0 0 0 0 0 0 0 0 0 0 0 0 0 0 0 0 0 0 0 0 0 0 0 0 0 0 0 0 0 0 0 0 0 0 0 0 0 0 0 0 0 0 0 0 0 0 0 0 0 0 0 0 0 0 0 0 0 0 0 0 0 0 0 0 0 0 0 0 0 0 0 0 0 0 0 0 0 0 0 0 0 0 0 0 0 0 0 0 0 0 0 0 0 0 0 0 0 0 0 0 0 0 0 0 0 0 0 0 0 0 0 0 0 0 
32 -6 1
-4095.0 134217727.0 1023.0 131071.0 511.0 524287.0 -2147483647.0 255.0 2147483647.0 1023.0 -2147483647.0 -1048575.0 -1023.0 -2047.0 -16383.0 -1023.0 131071.0 268435455.0 -131071.0 -67108863.0 262143.0 -1073741823.0 16777215.0 524287.0 -255.0 -131071.0 511.0 -262143.0 -65535.0 -2097151.0 4095.0 65535.0 -33554431.0 -536870911.0 -134217727.0 -4095.0 32767.0 -33554431.0 1048575.0 1073741823.0 -65535.0 -8388607.0 -8388607.0 1073741823.0 1023.0 4194303.0 -8191.0 -16383.0 -16383.0 -1073741823.0 33554431.0 -33554431.0 1073741823.0 -511.0 -67108863.0 8191.0 131071.0 -262143.0 65535.0 -511.0 -255.0 536870911.0 -33554431.0 32767.0 2097151.0 -268435455.0 2147483647.0 524287.0 67108863.0 65535.0 268435455.0 1023.0 -8388607.0 -4194303.0 -255.0 -16383.0 -1073741823.0 -4095.0 67108863.0 -268435455.0 268435455.0 -255.0 65535.0 4095.0 16383.0 -2047.0 -33554431.0 -268435455.0 -268435455.0 -131071.0 -16777215.0 1048575.0 -2047.0 1073741823.0 -33554431.0 4095.0 536870911.0 134217727.0 -1048575.0 -67108863.0 -2047.0 -268435455.0 268435455.0 33554431.0 -255.0 -2047.0 8191.0 -16383.0 -2097151.0 -511.0 524287.0 -2147483647.0 -1048575.0 1073741823.0 -536870911.0 16777215.0 1048575.0 -67108863.0 511.0 -255.0 -1073741823.0 2147483647.0 -1048575.0 -2147483647.0 -16777215.0 1023.0 -16383.0 511.0 
11 12 11 12 12 11 11 11 12 11 12 11 10 11 10 10 11 11 12 10 10 12 11 10 12 11 11 11 11 12 10 11 12 11 10 11 12 11 10 12 10 12 11 11 10 12 12 10 11 10 12 11 10 11 11 10 12 10 11 11 12 12 10 12 12 12 10 12 10 10 10 10 12 12 12 10 11 12 11 11 11 12 11 11 12 12 10 12 11 12 12 10 10 10 12 12 11 11 10 12 12 10 11 12 10 12 11 10 11 11 12 10 11 10 10 10 12 10 10 10 11 12 11 12 10 11 12 11 
0 512 0 0 0 4 -16384 0 8192 0 -8192 -8 0 0 0 0 1 2048 0 -1024 4 -4096 128 8 0 -1 0 -2 0 -8 0 0 -128 -4096 -2048 0 0 -256 16 4096 -1 -32 -64 8192 0 16 0 0 0 -16384 128 -256 16384 0 -512 0 0 -4 0 0 0 2048 -512 0 8 -1024 32767 2 1024 1 4096 0 -32 -16 0 0 -8192 0 512 -2048 2048 0 0 0 0 0 -512 -1024 -2048 0 -64 16 0 16384 -128 0 4096 1024 -16 -256 0 -4096 2048 128 0 0 0 0 -16 0 2 -32768 -8 16384 -8192 256 4 -1024 0 0 -8192 8192 -8 -8192 -256 0 0 0 
33 0 0
17179869509.0 17179869648.0 -17179869456.0 -17179869289.0 -17179869452.0 17179869369.0 17179869700.0 17179869970.0 -17179869583.0 17179869247.0 17179869554.0 17179870157.0 -17179869855.0 -17179870085.0 17179870157.0 -17179869858.0 -17179869224.0 -17179869855.0 -17179870120.0 17179869259.0 -17179870139.0 -17179869519.0 17179870158.0 17179869325.0 17179869606.0 17179869356.0 -17179869834.0 -17179869817.0 17179870098.0 -17179869648.0 17179869416.0 -17179870082.0 17179870106.0 -17179869948.0 17179869467.0 17179869605.0 -17179869713.0 -17179870158.0 -17179869690.0 17179870015.0 17179869195.0 17179869441.0 -17179869251.0 17179869872.0 17179869978.0 17179869515.0 -17179870105.0 -17179869544.0 -17179869981.0 17179869993.0 17179869424.0 -17179869571.0 17179869523.0 -17179869831.0 17179869517.0 -17179869514.0 17179869367.0 -17179869896.0 17179869853.0 -17179869732.0 -17179870118.0 17179869362.0 -17179870112.0 -17179869605.0 17179869507.0 17179869630.0 -17179869496.0 -17179869368.0 17179869313.0 -17179869930.0 -17179869964.0 -17179869844.0 17179869503.0 17179869684.0 17179870173.0 17179869372.0 -17179869843.0 17179870001.0 -17179869785.0 -17179869415.0 -17179870076.0 17179869701.0 -17179869576.0 17179869675.0 17179869731.0 -17179869270.0 -17179869732.0 17179869900.0 17179869643.0 17179869682.0 17179869816.0 17179869974.0 17179869207.0 17179869327.0 17179869415.0 -17179869280.0 17179869231.0 -17179869542.0 17179869235.0 -17179869637.0 -17179869557.0 -17179869934.0 -17179870180.0 17179870123.0 17179869250.0 17179869700.0 -17179870082.0 17179869429.0 17179869672.0 17179869278.0 17179869265.0 17179869429.0 -17179869403.0 -17179869721.0 17179870122.0 17179869811.0 -17179870053.0 17179869784.0 -17179869243.0 -17179869686.0 -17179869324.0 17179869815.0 17179869407.0 17179869219.0 -17179869963.0 17179869887.0 17179869920.0 -17179870116.0 
20 20 20 20 20 20 20 20 20 20 20 20 20 20 20 20 20 20 20 20 20 20 20 20 20 20 20 20 20 20 20 20 20 20 20 20 20 20 20 20 20 20 20 20 20 20 20 20 20 20 20 20 20 20 20 20 20 20 20 20 20 20 20 20 20 20 20 20 20 20 20 20 20 20 20 20 20 20 20 20 20 20 20 20 20 20 20 20 20 20 20 20 20 20 20 20 20 20 20 20 20 20 20 20 20 20 20 20 20 20 20 20 20 20 20 20 20 20 20 20 20 20 20 20 20 20 20 20 
16384 16384 -16384 -16384 -16384 16384 16384 16384 -16384 16384 16384 16384 -16384 -16384 16384 -16384 -16384 -16384 -16384 16384 -16384 -16384 16384 16384 16384 16384 -16384 -16384 16384 -16384 16384 -16384 16384 -16384 16384 16384 -16384 -16384 -16384 16384 16384 16384 -16384 16384 16384 16384 -16384 -16384 -16384 16384 16384 -16384 16384 -16384 16384 -16384 16384 -16384 16384 -16384 -16384 16384 -16384 -16384 16384 16384 -16384 -16384 16384 -16384 -16384 -16384 16384 16384 16384 16384 -16384 16384 -16384 -16384 -16384 16384 -16384 16384 16384 -16384 -16384 16384 16384 16384 16384 16384 16384 16384 16384 -16384 16384 -16384 16384 -16384 -16384 -16384 -16384 16384 16384 16384 -16384 16384 16384 16384 16384 16384 -16384 -16384 16384 16384 -16384 16384 -16384 -16384 -16384 16384 16384 16384 -16384 16384 16384 -16384 
34 -17 0
37.0 1865463169.0 227467557.0 -28.0 4484.0 62.0 3.0 -853479.0 -63067.0 96401314.0 5797.0 -1750.0 -388009027.0 443684.0 6592.0 -702.0 113.0 1378709107.0 132630508.0 0.0 4652289.0 1805541784.0 3996919.0 231736225.0 -2496.0 16633883.0 1.0 228.0 -75922.0 -2.0 2552309.0 -128587.0 1014.0 599222195.0 189025.0 278620.0 1277887.0 -88148717.0 -460539205.0 2208.0 8.0 -211604807.0 0.0 -14778.0 59757903.0 -2680.0 2014744.0 25097430.0 -556.0 2206.0 50.0 13.0 153273.0 29.0 476698865.0 -510687.0 1938638.0 -61452457.0 430185988.0 230136990.0 -16.0 -36218.0 -7752643.0 0.0 -4103684978.0 -254248.0 28236.0 5168213.0 -75.0 501799.0 -941225.0 -6335.0 29793.0 -1.0 50988281.0 3165023712.0 11.0 -24291.0 5242847.0 -1.0 0.0 -305792.0 24991.0 1711.0 -106363092.0 -1621949.0 -114203776.0 1820.0 10.0 118596.0 1727863153.0 -834304.0 -2010339789.0 -1580.0 -14718702.0 -44426.0 -2469992988.0 -3742396.0 -4463.0 -24624.0 -497.0 -3.0 -379435.0 4116791988.0 -13809868.0 -38569.0 9.0 -2527876429.0 19868448.0 534039573.0 -116.0 -16.0 920.0 0.0 -65072099.0 3.0 5.0 290990923.0 0.0 -579526.0 2775769875.0 28625138.0 108433.0 5046390.0 0.0 -140.0 2904736739.0 -1276125303.0 
-3 39 2 -4 39 31 3 24 33 33 -1 -7 32 8 20 3 -4 23 30 -8 6 37 24 37 27 39 29 -1 23 2 9 0 17 38 -6 0 17 6 34 15 14 8 20 19 -4 6 -2 5 8 30 8 -7 37 1 19 17 4 8 13 34 33 -8 26 2 16 22 36 10 0 24 32 11 6 -5 27 8 1 31 39 11 12 28 23 -8 39 23 31 17 9 36 33 33 14 36 -8 17 7 34 4 12 -7 30 -7 25 31 5 15 38 9 7 27 21 38 -7 -4 2 18 24 33 7 15 14 38 12 -1 -1 6 16 
0 0 434 0 0 0 0 0 0 0 0 -2 0 0 0 0 0 0 0 0 1 0 0 0 0 0 0 0 0 0 0 -1 0 0 92 2 0 -11 0 0 0 -6 0 0 7295 0 61 6 0 0 0 0 0 0 0 0 1 -2 0 0 0 -71 0 0 0 0 0 0 0 0 0 0 0 0 0 94 0 0 0 0 0 0 0 3 0 0 0 0 0 0 0 0 -1 0 -28747 0 -147 0 0 0 0 0 -371 0 0 0 0 0 0 32 0 0 0 0 -7943 0 0 0 0 0 1 0 0 0 0 0 346 0 
35 0 0
17179869608.0 17179869608.0 17179869377.0 -17179870053.0 -17179870071.0 -17179869766.0 -17179869463.0 17179869354.0 -17179869713.0 17179869253.0 17179869322.0 17179869755.0 -17179869406.0 17179870146.0 -17179869571.0 17179869916.0 17179869487.0 17179869444.0 -17179869474.0 -17179870177.0 17179869257.0 17179869365.0 17179869639.0 -17179869392.0 -17179870038.0 17179869679.0 -17179870163.0 -17179869792.0 17179869347.0 17179869913.0 -17179869835.0 -17179869492.0 17179869444.0 -17179869445.0 17179870099.0 17179869816.0 -17179869776.0 17179869545.0 -17179869582.0 -17179869988.0 -17179869278.0 -17179869628.0 17179869868.0 -17179869674.0 -17179870115.0 17179870160.0 17179870148.0 17179869821.0 17179869306.0 -17179869987.0 -17179869525.0 -17179869226.0 17179869438.0 17179869640.0 17179869334.0 17179869836.0 -17179869290.0 17179869353.0 17179869838.0 -17179869669.0 17179869515.0 -17179869301.0 -17179869709.0 -17179870156.0 -17179869357.0 -17179869247.0 17179869668.0 17179869346.0 17179870118.0 17179869963.0 -17179869419.0 17179869737.0 -17179869345.0 17179869871.0 17179869565.0 17179869880.0 17179869262.0 17179869733.0 17179869352.0 17179870077.0 -17179869667.0 -17179869389.0 17179869732.0 -17179869676.0 17179869194.0 17179869349.0 17179869782.0 -17179869572.0 -17179869664.0 17179869730.0 17179869479.0 17179869461.0 -17179869307.0 -17179869652.0 17179869926.0 17179869530.0 -17179869556.0 17179870127.0 -17179869985.0 -17179869635.0 -17179869362.0 17179869223.0 -17179869657.0 -17179869406.0 17179870136.0 17179869362.0 17179870021.0 -17179870163.0 17179869270.0 -17179870081.0 17179869267.0 -17179869870.0 -17179870086.0 -17179869698.0 17179869619.0 17179869278.0 17179869912.0 -17179870036.0 17179869454.0 -17179869870.0 -17179869559.0 -17179870138.0 17179869513.0 17179869469.0 17179870120.0 -17179869303.0 -17179869669.0 17179869995.0 
20 20 20 20 20 20 20 20 20 20 20 20 20 20 20 20 20 20 20 20 20 20 20 20 20 20 20 20 20 20 20 20 20 20 20 20 20 20 20 20 20 20 20 20 20 20 20 20 20 20 20 20 20 20 20 20 20 20 20 20 20 20 20 20 20 20 20 20 20 20 20 20 20 20 20 20 20 20 20 20 20 20 20 20 20 20 20 20 20 20 20 20 20 20 20 20 20 20 20 20 20 20 20 20 20 20 20 20 20 20 20 20 20 20 20 20 20 20 20 20 20 20 20 20 20 20 20 20 
16384 16384 16384 -16384 -16384 -16384 -16384 16384 -16384 16384 16384 16384 -16384 16384 -16384 16384 16384 16384 -16384 -16384 16384 16384 16384 -16384 -16384 16384 -16384 -16384 16384 16384 -16384 -16384 16384 -16384 16384 16384 -16384 16384 -16384 -16384 -16384 -16384 16384 -16384 -16384 16384 16384 16384 16384 -16384 -16384 -16384 16384 16384 16384 16384 -16384 16384 16384 -16384 16384 -16384 -16384 -16384 -16384 -16384 16384 16384 16384 16384 -16384 16384 -16384 16384 16384 16384 16384 16384 16384 16384 -16384 -16384 16384 -16384 16384 16384 16384 -16384 -16384 16384 16384 16384 -16384 -16384 16384 16384 -16384 16384 -16384 -16384 -16384 16384 -16384 -16384 16384 16384 16384 -16384 16384 -16384 16384 -16384 -16384 -16384 16384 16384 16384 -16384 16384 -16384 -16384 -16384 16384 16384 16384 -16384 -16384 16384 
36 7 0
-988680.0 978706.0 665611.0 -529997.0 -724713.0 -431606.0 -428569.0 -707480.0 659468.0 864218.0 -796505.0 -574095.0 471399.0 120529.0 -269872.0 -424423.0 65142.0 -563764.0 94447.0 616493.0 -91275.0 942227.0 474647.0 -244905.0 -83713.0 -322289.0 -349000.0 -535164.0 -650622.0 478537.0 831770.0 115553.0 390620.0 674658.0 -709482.0 854036.0 904168.0 884387.0 -405882.0 -915084.0 -211523.0 -614509.0 47861.0 -87309.0 -184832.0 622108.0 -474120.0 -894245.0 974032.0 31288.0 -170111.0 -519943.0 -898567.0 163450.0 -375643.0 877356.0 552285.0 245624.0 574601.0 -546443.0 -720737.0 670404.0 391211.0 444234.0 -611139.0 -285453.0 318340.0 -142520.0 -819541.0 186847.0 -7017.0 814797.0 -417798.0 275991.0 991237.0 -387404.0 145579.0 -817927.0 740930.0 -875496.0 170177.0 572131.0 775378.0 -196975.0 -432263.0 764356.0 940989.0 822291.0 -614594.0 -169207.0 -643629.0 -111050.0 -287654.0 555279.0 782554.0 619528.0 809180.0 -698759.0 412164.0 361158.0 -987922.0 635273.0 882547.0 947920.0 715734.0 -693041.0 -156630.0 350929.0 543255.0 -411055.0 -166774.0 53471.0 -396527.0 -554940.0 90239.0 48212.0 -421441.0 -944546.0 -767152.0 818764.0 -520420.0 637715.0 449685.0 829870.0 984114.0 193700.0 590869.0 -615760.0 
12 12 12 12 12 12 12 12 12 12 12 12 12 12 12 12 12 12 12 12 12 12 12 12 12 12 12 12 12 12 12 12 12 12 12 12 12 12 12 12 12 12 12 12 12 12 12 12 12 12 12 12 12 12 12 12 12 12 12 12 12 12 12 12 12 12 12 12 12 12 12 12 12 12 12 12 12 12 12 12 12 12 12 12 12 12 12 12 12 12 12 12 12 12 12 12 12 12 12 12 12 12 12 12 12 12 12 12 12 12 12 12 12 12 12 12 12 12 12 12 12 12 12 12 12 12 12 12 
-30896 30585 20800 -16562 -22647 -13488 -13393 -22109 20608 27007 -24891 -17940 14731 3767 -8433 -13263 2036 -17618 2951 19265 -2852 29445 14833 -7653 -2616 -10072 -10906 -16724 -20332 14954 25993 3611 12207 21083 -22171 26689 28255 27637 -12684 -28596 -6610 -19203 1496 -2728 -5776 19441 -14816 -27945 30439 978 -5316 -16248 -28080 5108 -11739 27417 17259 7676 17956 -17076 -22523 20950 12225 13882 -19098 -8920 9948 -4454 -25611 5839 -219 25462 -13056 8625 30976 -12106 4549 -25560 23154 -27359 5318 17879 24231 -6155 -13508 23886 29406 25697 -19206 -5288 -20113 -3470 -8989 17352 24455 19360 25287 -21836 12880 11286 -30873 19852 27580 29623 22367 -21658 -4895 10967 16977 -12845 -5212 1671 -12391 -17342 2820 1507 -13170 -29517 -23973 25586 -16263 19929 14053 25933 30754 6053 18465 -19242 
37 -20 0
1038649516.0 -766204799.0 240407.0 -24425.0 -2861.0 127.0 1.0 -6.0 22448.0 356970.0 650859510.0 163.0 -11.0 573252.0 -232112.0 10717731.0 33.0 -10379907.0 -1440.0 2010861868.0 195.0 -61.0 2879420475.0 38574169.0 253983049.0 41.0 0.0 422.0 696.0 -116631.0 -2.0 4233939147.0 -1.0 -97982.0 29952541.0 -27874950.0 10.0 2862368513.0 30729.0 52044.0 -255.0 -116.0 724.0 3.0 -816269.0 18387.0 -4.0 -1736.0 -4071626.0 216921979.0 -160786559.0 1121297341.0 -45170.0 70673897.0 14023.0 -1701038421.0 -58736.0 94461.0 104.0 0.0 1.0 -2339731768.0 6.0 1146325398.0 254089791.0 -1027124694.0 1918354.0 19348528.0 -1647919.0 -6355.0 -1677.0 -200711.0 121509914.0 -946902.0 7.0 15622005.0 266197799.0 -25.0 0.0 3044293255.0 -388824468.0 -165138788.0 266809511.0 27.0 997475.0 640186072.0 0.0 0.0 0.0 -60408359.0 102.0 825073.0 -3484.0 -176383003.0 -2916877987.0 -40763336.0 355388722.0 -763.0 -1.0 598630637.0 -359464.0 -19849.0 30.0 0.0 118.0 93875828.0 961977.0 8285995.0 -8297.0 0.0 -11277912.0 742987082.0 12.0 -85128.0 -1512.0 0.0 -115460.0 -20244745.0 -158466508.0 16.0 -177624110.0 -1.0 26.0 -1993.0 -143.0 -7.0 -720.0 -22.0 
-1 29 14 37 18 21 32 26 23 4 24 9 11 27 -2 2 7 12 17 31 26 -2 17 27 29 -6 -4 34 27 4 -7 39 -3 30 21 34 32 25 20 31 13 38 32 24 7 -8 -1 17 39 39 21 -2 6 18 0 9 18 30 36 -3 18 -1 24 35 35 26 8 -3 33 -6 31 11 17 8 -7 4 13 17 14 29 -5 26 38 8 0 38 27 -6 -2 39 -1 27 26 32 23 28 0 35 0 15 -7 15 4 6 -3 31 -1 9 0 17 19 28 38 32 25 4 33 9 24 33 -7 37 1 35 28 7 13 23 
1981 0 0 0 0 0 0 0 0 0 0 0 0 0 -1 3 0 0 0 0 0 0 0 0 0 0 0 0 0 0 0 0 0 0 0 0 0 0 0 0 0 0 0 0 0 4 0 0 0 0 0 4277 0 0 0 -3 0 0 0 0 0 -4463 0 0 0 0 0 148 0 0 0 0 0 0 0 1 0 0 0 0 -11866 0 0 0 1 0 0 0 0 0 0 0 0 0 0 0 339 0 0 0 -44 0 0 0 0 0 2 0 0 0 0 0 0 0 0 0 0 0 0 0 -21683 0 0 0 0 0 0 0 
38 0 0
17179869326.0 -17179869582.0 -17179869642.0 -17179869200.0 -17179869420.0 -17179869557.0 -17179870025.0 17179869728.0 -17179869962.0 17179870152.0 -17179870116.0 -17179869953.0 17179869763.0 17179870077.0 -17179869426.0 -17179870054.0 -17179869636.0 -17179869419.0 -17179869627.0 17179869432.0 17179870076.0 -17179869981.0 -17179869706.0 -17179869279.0 17179870008.0 17179870166.0 -17179869693.0 -17179869970.0 -17179869263.0 -17179869264.0 -17179870097.0 17179869376.0 -17179869752.0 17179869909.0 -17179869844.0 -17179869274.0 -17179869994.0 -17179869304.0 -17179869228.0 17179869209.0 -17179869774.0 -17179869490.0 17179869655.0 -17179869476.0 -17179870168.0 17179869930.0 17179869817.0 -17179870022.0 -17179869972.0 17179870014.0 17179869908.0 17179869442.0 -17179869834.0 -17179869614.0 17179870062.0 -17179869511.0 -17179869555.0 -17179870108.0 -17179869337.0 -17179869904.0 -17179869302.0 -17179869721.0 -17179869239.0 -17179869630.0 17179870056.0 17179869651.0 17179869673.0 -17179869838.0 17179870021.0 17179869225.0 -17179869353.0 17179869854.0 -17179869686.0 -17179869755.0 17179869517.0 17179869859.0 17179869849.0 17179869241.0 17179870007.0 17179869735.0 17179869632.0 -17179870049.0 -17179869346.0 -17179869635.0 17179869821.0 -17179870128.0 17179869242.0 17179869366.0 17179869319.0 17179869748.0 17179869901.0 -17179869185.0 -17179870142.0 -17179869558.0 -17179869899.0 -17179869223.0 -17179869466.0 17179869865.0 -17179869733.0 17179869932.0 -17179870087.0 -17179869322.0 -17179870029.0 -17179870027.0 -17179869839.0 -17179870100.0 17179869963.0 -17179869612.0 -17179869297.0 -17179869868.0 -17179869550.0 17179869347.0 -17179869867.0 -17179869795.0 17179869841.0 17179869471.0 -17179869651.0 17179869732.0 17179869300.0 -17179870127.0 17179869427.0 17179869209.0 -17179869368.0 17179869409.0 17179869542.0 17179869332.0 17179870111.0 -17179869377.0 
20 20 20 20 20 20 20 20 20 20 20 20 20 20 20 20 20 20 20 20 20 20 20 20 20 20 20 20 20 20 20 20 20 20 20 20 20 20 20 20 20 20 20 20 20 20 20 20 20 20 20 20 20 20 20 20 20 20 20 20 20 20 20 20 20 20 20 20 20 20 20 20 20 20 20 20 20 20 20 20 20 20 20 20 20 20 20 20 20 20 20 20 20 20 20 20 20 20 20 20 20 20 20 20 20 20 20 20 20 20 20 20 20 20 20 20 20 20 20 20 20 20 20 20 20 20 20 20 
16384 -16384 -16384 -16384 -16384 -16384 -16384 16384 -16384 16384 -16384 -16384 16384 16384 -16384 -16384 -16384 -16384 -16384 16384 16384 -16384 -16384 -16384 16384 16384 -16384 -16384 -16384 -16384 -16384 16384 -16384 16384 -16384 -16384 -16384 -16384 -16384 16384 -16384 -16384 16384 -16384 -16384 16384 16384 -16384 -16384 16384 16384 16384 -16384 -16384 16384 -16384 -16384 -16384 -16384 -16384 -16384 -16384 -16384 -16384 16384 16384 16384 -16384 16384 16384 -16384 16384 -16384 -16384 16384 16384 16384 16384 16384 16384 16384 -16384 -16384 -16384 16384 -16384 16384 16384 16384 16384 16384 -16384 -16384 -16384 -16384 -16384 -16384 16384 -16384 16384 -16384 -16384 -16384 -16384 -16384 -16384 16384 -16384 -16384 -16384 -16384 16384 -16384 -16384 16384 16384 -16384 16384 16384 -16384 16384 16384 -16384 16384 16384 16384 16384 -16384 
39 7 0
495609.0 118811.0 698914.0 -13909.0 -482226.0 -411703.0 50218.0 271235.0 -218662.0 -233748.0 -82778.0 104469.0 19110.0 5860.0 -829650.0 843365.0 476586.0 -523377.0 786735.0 388153.0 36581.0 -841922.0 -525067.0 104792.0 844011.0 -849122.0 -365609.0 118653.0 -955796.0 -501440.0 486703.0 -782671.0 -454525.0 935733.0 519577.0 918254.0 -160693.0 602725.0 128983.0 -985016.0 -381922.0 -993251.0 -357579.0 -474567.0 -523219.0 -975121.0 568259.0 935015.0 741806.0 751758.0 -273911.0 795046.0 205618.0 -243645.0 -186596.0 -423434.0 -757014.0 -607313.0 -327390.0 357404.0 -554133.0 734877.0 -904951.0 161239.0 727715.0 416871.0 589671.0 -11789.0 114648.0 -442540.0 972679.0 -217051.0 154388.0 249321.0 -645554.0 -344921.0 822834.0 938124.0 -909771.0 -870695.0 309734.0 274158.0 905246.0 43157.0 -986950.0 -542146.0 -161428.0 -265690.0 -763866.0 -912365.0 634732.0 515830.0 925723.0 153027.0 558703.0 945606.0 -968982.0 -480483.0 636713.0 761035.0 154963.0 598198.0 5943.0 355708.0 401446.0 937948.0 -741471.0 952426.0 846964.0 -17342.0 -574251.0 656486.0 -325445.0 2039.0 315172.0 553429.0 297364.0 -140116.0 -157487.0 219324.0 740198.0 166904.0 -76218.0 549118.0 411730.0 -387207.0 230555.0 360851.0 
12 12 12 12 12 12 12 12 12 12 12 12 12 12 12 12 12 12 12 12 12 12 12 12 12 12 12 12 12 12 12 12 12 12 12 12 12 12 12 12 12 12 12 12 12 12 12 12 12 12 12 12 12 12 12 12 12 12 12 12 12 12 12 12 12 12 12 12 12 12 12 12 12 12 12 12 12 12 12 12 12 12 12 12 12 12 12 12 12 12 12 12 12 12 12 12 12 12 12 12 12 12 12 12 12 12 12 12 12 12 12 12 12 12 12 12 12 12 12 12 12 12 12 12 12 12 12 12 
15488 3713 21841 -435 -15070 -12866 1569 8476 -6833 -7305 -2587 3265 597 183 -25927 26355 14893 -16356 24585 12130 1143 -26310 -16408 3275 26375 -26535 -11425 3708 -29869 -15670 15209 -24458 -14204 29242 16237 28695 -5022 18835 4031 -30782 -11935 -31039 -11174 -14830 -16351 -30473 17758 29219 23181 23492 -8560 24845 6426 -7614 -5831 -13232 -23657 -18979 -10231 11169 -17317 22965 -28280 5039 22741 13027 18427 -368 3583 -13829 30396 -6783 4825 7791 -20174 -10779 25714 29316 -28430 -27209 9679 8567 28289 1349 -30842 -16942 -5045 -8303 -23871 -28511 19835 16120 28929 4782 17459 29550 -30281 -15015 19897 23782 4843 18694 186 11116 12545 29311 -23171 29763 26468 -542 -17945 20515 -10170 64 9849 17295 9293 -4379 -4921 6854 23131 5216 -2382 17160 12867 -12100 7205 11277 
40 -22 0
0.0 13492.0 22.0 2283296195.0 -3.0 44087.0 -413304000.0 90912802.0 -6567.0 1840438956.0 -1234559609.0 -42.0 -14099690.0 271.0 7473.0 1797812.0 33.0 1756540.0 201935593.0 -1780.0 435.0 -22057248.0 -182499.0 -6420.0 -2448742319.0 -3225015223.0 12082919.0 1573060044.0 591723.0 -142.0 208398.0 -8.0 -9.0 -2.0 -241540164.0 396.0 568174181.0 0.0 -77.0 184.0 -567.0 -2472237091.0 577896504.0 -138951.0 974.0 -17.0 -3.0 -977109.0 -20514037.0 -4711684.0 0.0 -1123487.0 -162842.0 13321428.0 1026526.0 29.0 113128.0 1.0 -61.0 216079.0 -161.0 0.0 1788.0 -863939002.0 11077.0 30823.0 -21.0 -1949.0 360573180.0 -12638863.0 -12.0 232.0 167926.0 112183.0 -4970.0 -2409642634.0 236423189.0 -140761300.0 -2066435.0 -21.0 -48989565.0 -6583.0 2830660.0 -16637773.0 -621894403.0 1150902691.0 1905090356.0 -37.0 21.0 -3253019599.0 12.0 -62011.0 -60422.0 -10797945.0 129374.0 -8555222.0 -210.0 217.0 22984.0 -12.0 9514981.0 -13949.0 -45575.0 -13609.0 49946512.0 905811548.0 4073660.0 2141639457.0 124.0 762772.0 0.0 -325197283.0 3302229.0 28634.0 14741.0 -1107718273.0 -3670101965.0 44753.0 64092749.0 27.0 -58.0 447350718.0 11.0 -419824014.0 -25.0 0.0 153621837.0 -1961.0 
10 21 31 -3 23 39 -4 15 12 -6 34 -5 22 29 17 -6 36 8 10 39 2 23 9 9 8 34 18 36 35 17 15 0 37 19 29 -5 36 17 11 11 7 8 24 -7 12 39 2 23 33 32 39 15 34 21 2 31 -5 9 34 3 21 12 38 39 13 24 16 -8 8 18 6 -8 29 37 1 14 22 26 26 32 27 15 22 4 -6 39 22 20 39 34 17 37 18 30 8 26 39 33 21 32 26 18 39 37 6 30 0 20 5 18 31 20 26 33 23 -4 8 25 30 35 9 8 11 -8 30 4 -8 -2 
0 0 0 4355 0 0 -1577 0 0 28083 0 0 0 0 0 27 0 0 0 0 0 0 0 0 -2 0 0 0 0 0 0 0 0 0 0 0 0 0 0 0 0 -2 0 -4 0 0 0 0 0 0 0 0 0 0 0 0 1 0 0 0 0 0 0 0 0 0 0 0 0 0 0 0 0 0 0 0 0 0 0 0 0 0 0 0 -9489 0 0 0 0 0 0 0 0 0 0 0 0 0 0 0 0 0 0 0 0 0 1 0 0 0 0 0 0 0 0 -4226 -3 0 0 0 0 0 0 -25624 0 0 9376 0 
41 0 0
0.0 0.0 0.0 0.0 0.0 0.0 0.0 0.0 0.0 0.0 0.0 0.0 0.0 0.0 0.0 0.0 0.0 0.0 0.0 0.0 0.0 0.0 0.0 0.0 0.0 0.0 0.0 0.0 0.0 0.0 0.0 0.0 0.0 0.0 0.0 0.0 0.0 0.0 0.0 0.0 0.0 0.0 0.0 0.0 0.0 0.0 0.0 0.0 0.0 0.0 0.0 0.0 0.0 0.0 0.0 0.0 0.0 0.0 0.0 0.0 0.0 0.0 0.0 0.0 0.0 0.0 0.0 0.0 0.0 0.0 0.0 0.0 0.0 0.0 0.0 0.0 0.0 0.0 0.0 0.0 0.0 0.0 0.0 0.0 0.0 0.0 0.0 0.0 0.0 0.0 0.0 0.0 0.0 0.0 0.0 0.0 0.0 0.0 0.0 0.0 0.0 0.0 0.0 0.0 0.0 0.0 0.0 0.0 0.0 0.0 0.0 0.0 0.0 0.0 0.0 0.0 0.0 0.0 0.0 0.0 0.0 0.0 0.0 0.0 0.0 0.0 0.0 0.0 
5 17 27 3 4 7 17 39 27 39 35 21 38 25 14 24 15 25 1 10 10 32 34 32 13 11 10 8 27 5 2 14 22 12 27 16 12 33 0 3 1 37 37 6 28 14 13 9 4 15 13 1 19 0 20 38 9 29 27 5 12 22 11 30 21 20 13 26 30 36 34 33 7 38 22 34 17 39 39 19 13 5 32 33 3 25 13 25 11 35 2 17 6 25 27 17 0 34 22 28 38 22 3 26 13 20 21 7 19 29 22 0 30 36 37 38 29 25 21 7 26 8 15 23 37 12 37 16 
0 0 0 0 0 0 0 0 0 0 0 0 0 0 0 0 0 0 0 0 0 0 0 0 0 0 0 0 0 0 0 0 0 0 0 0 0 0 0 0 0 0 0 0 0 0 0 0 0 0 0 0 0 0 0 0 0 0 0 0 0 0 0 0 0 0 0 0 0 0 0 0 0 0 0 0 0 0 0 0 0 0 0 0 0 0 0 0 0 0 0 0 0 0 0 0 0 0 0 0 0 0 0 0 0 0 0 0 0 0 0 0 0 0 0 0 0 0 0 0 0 0 0 0 0 0 0 0 
42 -6 0
-32767.0 -134217727.0 -262143.0 -268435455.0 2097151.0 -33554431.0 33554431.0 67108863.0 -134217727.0 -134217727.0 8191.0 -67108863.0 131071.0 134217727.0 -16777215.0 -8388607.0 65535.0 -262143.0 262143.0 268435455.0 2097151.0 -16383.0 67108863.0 -2147483647.0 2147483647.0 1023.0 -16777215.0 255.0 65535.0 1048575.0 4194303.0 4194303.0 1023.0 524287.0 2147483647.0 2097151.0 1023.0 -16383.0 536870911.0 16777215.0 -1023.0 1073741823.0 -262143.0 2097151.0 33554431.0 1023.0 -4095.0 2097151.0 -8388607.0 1073741823.0 16777215.0 255.0 -4095.0 -1073741823.0 262143.0 -134217727.0 8388607.0 65535.0 -8388607.0 -511.0 -2147483647.0 -1073741823.0 -65535.0 8191.0 16777215.0 8191.0 16777215.0 65535.0 -4194303.0 -4194303.0 134217727.0 -1023.0 -536870911.0 -16777215.0 -134217727.0 2097151.0 -131071.0 134217727.0 2097151.0 -8191.0 -1048575.0 -536870911.0 262143.0 131071.0 1073741823.0 524287.0 131071.0 -524287.0 131071.0 -1073741823.0 -2097151.0 1073741823.0 2097151.0 4095.0 -1048575.0 -65535.0 -65535.0 2147483647.0 8388607.0 2147483647.0 -262143.0 1048575.0 16777215.0 255.0 4194303.0 -2047.0 -2047.0 33554431.0 1073741823.0 1048575.0 4194303.0 -2147483647.0 511.0 1023.0 16777215.0 -8388607.0 -1048575.0 1073741823.0 -8388607.0 33554431.0 16383.0 -8191.0 -131071.0 -2047.0 4194303.0 1023.0 -4095.0 -8191.0 
10 10 10 11 10 10 11 11 12 10 10 12 10 10 11 10 12 11 11 12 11 10 10 11 12 11 10 12 11 12 10 11 11 11 11 12 12 10 12 10 11 12 12 10 11 11 11 11 11 10 10 12 12 11 10 12 11 11 10 12 12 10 12 11 12 12 11 12 10 12 11 10 10 12 12 10 11 10 11 12 11 11 12 12 10 12 10 12 12 10 10 12 11 10 10 11 10 12 10 12 11 11 12 11 10 12 12 11 12 12 12 11 12 10 10 12 12 11 12 12 10 12 12 12 10 10 11 10 
0 -2048 -4 -2048 32 -512 256 512 -512 -2048 0 -256 2 2048 -128 -128 0 -2 2 1024 16 0 1024 -16384 8192 0 -256 0 0 4 64 32 0 4 16384 8 0 0 2048 256 0 4096 -1 32 256 0 0 16 -64 16384 256 0 0 -8192 4 -512 64 0 -128 0 -8192 -16384 0 0 64 0 128 0 -64 -16 1024 0 -8192 -64 -512 32 -1 2048 16 0 -8 -4096 1 0 16384 2 2 -2 0 -16384 -32 4096 16 0 -16 0 -1 8192 128 8192 -2 8 64 0 64 0 0 256 4096 4 16 -16384 0 0 256 -32 -4 8192 -32 128 0 0 0 0 64 0 0 0 
43 -5 0
-901194.0 -897452.0 -274069.0 -2886.0 633479.0 -921306.0 982968.0 -377224.0 -976428.0 949669.0 518782.0 -412400.0 -423130.0 252835.0 -328154.0 96880.0 140596.0 545504.0 500790.0 947456.0 724651.0 -848939.0 -627895.0 -356016.0 -631347.0 852259.0 -641627.0 657739.0 -990743.0 596282.0 815718.0 836645.0 -476648.0 269810.0 776573.0 -481627.0 990693.0 -249066.0 225055.0 -782096.0 535040.0 -96025.0 149071.0 -28175.0 437823.0 -162331.0 -549377.0 -467495.0 -308854.0 -570677.0 640372.0 -118024.0 559999.0 -498333.0 -703047.0 5668.0 -163031.0 34356.0 -461162.0 144330.0 691634.0 399016.0 479513.0 428137.0 -145547.0 -845013.0 -424620.0 641714.0 324752.0 -224620.0 526567.0 391639.0 -342242.0 -827022.0 653724.0 -216059.0 -967291.0 156416.0 -505492.0 -755394.0 -356419.0 -90728.0 -605160.0 -617526.0 -436947.0 618837.0 -113259.0 -685861.0 -397777.0 218990.0 87912.0 893631.0 -531785.0 -401247.0 -543843.0 -387274.0 76574.0 -821564.0 -750644.0 91680.0 924616.0 532850.0 779738.0 541725.0 -883528.0 507775.0 372779.0 72280.0 -32253.0 180335.0 977971.0 -647592.0 -686129.0 -436663.0 596735.0 908807.0 -563218.0 -578168.0 54402.0 735991.0 -600917.0 -392408.0 188035.0 -725890.0 255211.0 -992591.0 -402011.0 582662.0 
35 0 20 39 31 23 22 32 12 38 26 8 11 5 39 32 25 23 31 23 32 10 21 29 35 24 38 9 7 18 13 7 11 5 11 10 37 6 38 8 23 8 1 33 17 19 29 39 17 35 15 26 24 13 29 28 27 9 12 18 4 7 23 7 30 35 8 10 16 7 4 37 12 24 38 0 27 26 0 23 14 16 10 2 26 33 9 21 33 31 16 36 2 33 13 15 18 22 26 33 36 18 15 8 16 30 6 4 37 3 27 25 10 23 34 31 23 27 24 21 39 11 26 24 30 36 2 31 
0 -28045 0 0 0 0 0 0 -7 0 0 -50 -6 247 0 0 0 0 0 0 0 -26 0 0 0 0 0 40 -242 0 3 204 -7 263 12 -15 0 -122 0 -95 0 -12 2329 0 0 0 0 0 0 0 1 0 0 -2 0 0 0 2 -4 0 1351 97 0 105 0 0 -52 20 0 -55 1028 0 -3 0 0 -6752 0 0 -15797 0 -1 0 -18 -4824 0 0 -7 0 0 0 0 0 -4155 0 -2 0 0 0 0 0 0 0 1 66 0 0 182 141 0 704 0 0 -21 0 0 0 0 0 0 0 0 -6 0 0 0 0 -3141 0 
44 0 0
-17179869619.0 -17179870182.0 17179869807.0 17179869625.0 17179869712.0 -17179869627.0 17179869670.0 -17179869548.0 17179870093.0 17179870115.0 -17179870161.0 -17179869581.0 -17179869964.0 -17179869620.0 17179869770.0 -17179870054.0 17179869602.0 -17179870005.0 17179869790.0 -17179869937.0 -17179869941.0 -17179869637.0 17179870127.0 -17179869287.0 -17179869242.0 17179869382.0 17179869580.0 17179869897.0 -17179869502.0 17179869438.0 -17179869368.0 17179869806.0 -17179869725.0 -17179869279.0 17179870101.0 -17179869547.0 17179870116.0 -17179869223.0 17179870005.0 -17179869960.0 -17179870171.0 17179869917.0 17179869937.0 17179869325.0 17179869692.0 17179869894.0 -17179869797.0 -17179869231.0 -17179869359.0 17179870034.0 17179869287.0 -17179870016.0 -17179870136.0 -17179869592.0 -17179869295.0 -17179869610.0 -17179869850.0 -17179869962.0 -17179870022.0 -17179869793.0 17179870082.0 17179870122.0 -17179869767.0 17179869185.0 -17179869834.0 17179869256.0 17179869350.0 -17179869861.0 17179869634.0 17179869589.0 -17179869288.0 -17179870086.0 -17179869258.0 -17179869975.0 17179869781.0 -17179869857.0 -17179869193.0 17179869479.0 17179869316.0 17179869693.0 -17179869970.0 -17179869466.0 -17179870041.0 -17179870085.0 17179869262.0 17179869528.0 17179869974.0 17179870162.0 17179869407.0 -17179869910.0 17179869487.0 -17179870146.0 17179869937.0 17179869442.0 17179869936.0 17179870045.0 17179869784.0 -17179869899.0 -17179869400.0 17179870051.0 -17179869374.0 -17179869309.0 -17179869897.0 -17179869221.0 -17179869203.0 17179869311.0 17179869364.0 17179870151.0 -17179869695.0 17179869913.0 -17179869668.0 -17179869443.0 -17179870022.0 -17179869804.0 -17179869546.0 -17179869360.0 17179870036.0 17179869665.0 17179869803.0 -17179869587.0 -17179870110.0 -17179869787.0 17179869451.0 -17179869327.0 17179870012.0 17179869904.0 -17179869922.0 -17179870074.0 
20 20 20 20 20 20 20 20 20 20 20 20 20 20 20 20 20 20 20 20 20 20 20 20 20 20 20 20 20 20 20 20 20 20 20 20 20 20 20 20 20 20 20 20 20 20 20 20 20 20 20 20 20 20 20 20 20 20 20 20 20 20 20 20 20 20 20 20 20 20 20 20 20 20 20 20 20 20 20 20 20 20 20 20 20 20 20 20 20 20 20 20 20 20 20 20 20 20 20 20 20 20 20 20 20 20 20 20 20 20 20 20 20 20 20 20 20 20 20 20 20 20 20 20 20 20 20 20 
-16384 -16384 16384 16384 16384 -16384 16384 -16384 16384 16384 -16384 -16384 -16384 -16384 16384 -16384 16384 -16384 16384 -16384 -16384 -16384 16384 -16384 -16384 16384 16384 16384 -16384 16384 -16384 16384 -16384 -16384 16384 -16384 16384 -16384 16384 -16384 -16384 16384 16384 16384 16384 16384 -16384 -16384 -16384 16384 16384 -16384 -16384 -16384 -16384 -16384 -16384 -16384 -16384 -16384 16384 16384 -16384 16384 -16384 16384 16384 -16384 16384 16384 -16384 -16384 -16384 -16384 16384 -16384 -16384 16384 16384 16384 -16384 -16384 -16384 -16384 16384 16384 16384 16384 16384 -16384 16384 -16384 16384 16384 16384 16384 16384 -16384 -16384 16384 -16384 -16384 -16384 -16384 -16384 16384 16384 16384 -16384 16384 -16384 -16384 -16384 -16384 -16384 -16384 16384 16384 16384 -16384 -16384 -16384 16384 -16384 16384 16384 -16384 -16384 
45 0 0
17179869429.0 -17179869518.0 -17179869257.0 17179869497.0 -17179870031.0 17179869385.0 -17179870071.0 17179869474.0 -17179869627.0 -17179870129.0 -17179869599.0 -17179869478.0 17179869467.0 -17179869486.0 -17179869373.0 17179869703.0 -17179869898.0 -17179870042.0 -17179869487.0 -17179870077.0 -17179869925.0 17179869592.0 17179869938.0 17179869816.0 17179869436.0 17179869797.0 -17179869601.0 17179869680.0 -17179869932.0 -17179869437.0 -17179869376.0 17179870126.0 17179869684.0 17179870047.0 -17179869259.0 17179869718.0 17179869969.0 17179869441.0 17179870079.0 -17179869641.0 17179870069.0 -17179869314.0 17179869564.0 -17179869482.0 17179869837.0 -17179869343.0 -17179869475.0 -17179869705.0 17179869484.0 -17179869196.0 -17179869262.0 17179869924.0 17179869995.0 17179869419.0 17179869674.0 17179869909.0 17179869992.0 17179869228.0 17179869241.0 -17179869605.0 17179869370.0 17179869925.0 -17179869507.0 -17179869291.0 -17179869900.0 17179869753.0 -17179869918.0 -17179869322.0 17179869766.0 17179869719.0 17179870038.0 17179869230.0 17179869602.0 17179869827.0 -17179869879.0 -17179869889.0 17179869270.0 -17179869653.0 -17179869306.0 -17179869595.0 -17179869317.0 -17179869657.0 -17179870084.0 -17179869675.0 17179870036.0 17179869673.0 17179869363.0 -17179869870.0 -17179870142.0 -17179869721.0 -17179869715.0 -17179869783.0 17179869753.0 -17179869265.0 -17179869366.0 -17179870097.0 17179869259.0 17179869253.0 -17179869472.0 17179869932.0 17179869232.0 17179869455.0 -17179869928.0 -17179869481.0 -17179869710.0 -17179869625.0 17179870115.0 -17179870012.0 17179869701.0 -17179869386.0 17179869287.0 -17179869809.0 -17179869816.0 -17179869737.0 -17179869810.0 -17179869937.0 -17179869346.0 17179869333.0 -17179869457.0 17179870131.0 -17179869364.0 17179869366.0 -17179870027.0 17179869412.0 17179869368.0 17179870049.0 -17179869307.0 -17179869377.0 
20 20 20 20 20 20 20 20 20 20 20 20 20 20 20 20 20 20 20 20 20 20 20 20 20 20 20 20 20 20 20 20 20 20 20 20 20 20 20 20 20 20 20 20 20 20 20 20 20 20 20 20 20 20 20 20 20 20 20 20 20 20 20 20 20 20 20 20 20 20 20 20 20 20 20 20 20 20 20 20 20 20 20 20 20 20 20 20 20 20 20 20 20 20 20 20 20 20 20 20 20 20 20 20 20 20 20 20 20 20 20 20 20 20 20 20 20 20 20 20 20 20 20 20 20 20 20 20 
16384 -16384 -16384 16384 -16384 16384 -16384 16384 -16384 -16384 -16384 -16384 16384 -16384 -16384 16384 -16384 -16384 -16384 -16384 -16384 16384 16384 16384 16384 16384 -16384 16384 -16384 -16384 -16384 16384 16384 16384 -16384 16384 16384 16384 16384 -16384 16384 -16384 16384 -16384 16384 -16384 -16384 -16384 16384 -16384 -16384 16384 16384 16384 16384 16384 16384 16384 16384 -16384 16384 16384 -16384 -16384 -16384 16384 -16384 -16384 16384 16384 16384 16384 16384 16384 -16384 -16384 16384 -16384 -16384 -16384 -16384 -16384 -16384 -16384 16384 16384 16384 -16384 -16384 -16384 -16384 -16384 16384 -16384 -16384 -16384 16384 16384 -16384 16384 16384 16384 -16384 -16384 -16384 -16384 16384 -16384 16384 -16384 16384 -16384 -16384 -16384 -16384 -16384 -16384 16384 -16384 16384 -16384 16384 -16384 16384 16384 16384 -16384 -16384 
46 0 0
-17179869211.0 17179870120.0 17179869653.0 -17179869980.0 -17179870018.0 -17179869514.0 -17179870158.0 17179869754.0 17179869405.0 -17179869664.0 17179869850.0 17179869578.0 -17179869555.0 -17179870024.0 17179869952.0 -17179869412.0 17179869190.0 -17179869410.0 17179869759.0 -17179869396.0 -17179870058.0 17179870054.0 -17179869351.0 17179869681.0 17179869472.0 -17179869422.0 -17179869639.0 -17179870034.0 17179869707.0 17179869987.0 17179870103.0 -17179869385.0 17179869710.0 17179870090.0 17179869944.0 17179869396.0 -17179869848.0 -17179869468.0 -17179869971.0 -17179870036.0 -17179869818.0 -17179870137.0 -17179869700.0 17179869597.0 17179869701.0 17179869981.0 17179869351.0 -17179869944.0 -17179869504.0 17179869383.0 17179869325.0 17179869368.0 -17179869930.0 17179869288.0 17179869704.0 17179870153.0 -17179869205.0 17179869641.0 17179869927.0 -17179869489.0 17179869619.0 -17179869466.0 -17179869620.0 17179870149.0 17179870148.0 17179869306.0 -17179869647.0 -17179869329.0 -17179869733.0 17179869383.0 -17179869911.0 17179869881.0 -17179869596.0 -17179869826.0 17179869913.0 17179870179.0 17179869348.0 -17179869209.0 -17179870145.0 17179869679.0 -17179869724.0 -17179870009.0 -17179870043.0 17179869837.0 -17179869688.0 -17179869611.0 17179869991.0 17179869423.0 -17179869781.0 17179869596.0 -17179869683.0 -17179869610.0 17179869803.0 17179869979.0 -17179869473.0 17179869401.0 -17179869616.0 -17179869363.0 17179869996.0 -17179869685.0 -17179869971.0 -17179869659.0 -17179870013.0 17179869553.0 17179869801.0 17179870065.0 -17179869620.0 -17179869314.0 17179869738.0 -17179869718.0 17179869939.0 17179869567.0 -17179869900.0 -17179869704.0 -17179869962.0 -17179869421.0 17179869884.0 -17179869302.0 -17179869351.0 -17179869660.0 -17179869407.0 17179869564.0 17179869461.0 -17179869441.0 -17179869776.0 -17179870012.0 -17179869454.0 -17179869699.0 
20 20 20 20 20 20 20 20 20 20 20 20 20 20 20 20 20 20 20 20 20 20 20 20 20 20 20 20 20 20 20 20 20 20 20 20 20 20 20 20 20 20 20 20 20 20 20 20 20 20 20 20 20 20 20 20 20 20 20 20 20 20 20 20 20 20 20 20 20 20 20 20 20 20 20 20 20 20 20 20 20 20 20 20 20 20 20 20 20 20 20 20 20 20 20 20 20 20 20 20 20 20 20 20 20 20 20 20 20 20 20 20 20 20 20 20 20 20 20 20 20 20 20 20 20 20 20 20 
-16384 16384 16384 -16384 -16384 -16384 -16384 16384 16384 -16384 16384 16384 -16384 -16384 16384 -16384 16384 -16384 16384 -16384 -16384 16384 -16384 16384 16384 -16384 -16384 -16384 16384 16384 16384 -16384 16384 16384 16384 16384 -16384 -16384 -16384 -16384 -16384 -16384 -16384 16384 16384 16384 16384 -16384 -16384 16384 16384 16384 -16384 16384 16384 16384 -16384 16384 16384 -16384 16384 -16384 -16384 16384 16384 16384 -16384 -16384 -16384 16384 -16384 16384 -16384 -16384 16384 16384 16384 -16384 -16384 16384 -16384 -16384 -16384 16384 -16384 -16384 16384 16384 -16384 16384 -16384 -16384 16384 16384 -16384 16384 -16384 -16384 16384 -16384 -16384 -16384 -16384 16384 16384 16384 -16384 -16384 16384 -16384 16384 16384 -16384 -16384 -16384 -16384 16384 -16384 -16384 -16384 -16384 16384 16384 -16384 -16384 -16384 -16384 -16384 
47 1 0
0.0 0.0 0.0 0.0 0.0 0.0 0.0 0.0 0.0 0.0 0.0 0.0 0.0 0.0 0.0 0.0 0.0 0.0 0.0 0.0 0.0 0.0 0.0 0.0 0.0 0.0 0.0 0.0 0.0 0.0 0.0 0.0 0.0 0.0 0.0 0.0 0.0 0.0 0.0 0.0 0.0 0.0 0.0 0.0 0.0 0.0 0.0 0.0 0.0 0.0 0.0 0.0 0.0 0.0 0.0 0.0 0.0 0.0 0.0 0.0 0.0 0.0 0.0 0.0 0.0 0.0 0.0 0.0 0.0 0.0 0.0 0.0 0.0 0.0 0.0 0.0 0.0 0.0 0.0 0.0 0.0 0.0 0.0 0.0 0.0 0.0 0.0 0.0 0.0 0.0 0.0 0.0 0.0 0.0 0.0 0.0 0.0 0.0 0.0 0.0 0.0 0.0 0.0 0.0 0.0 0.0 0.0 0.0 0.0 0.0 0.0 0.0 0.0 0.0 0.0 0.0 0.0 0.0 0.0 0.0 0.0 0.0 0.0 0.0 0.0 0.0 0.0 0.0 
29 23 36 5 8 27 22 38 7 1 18 20 37 31 32 27 38 16 12 6 31 13 32 16 32 29 19 24 14 36 12 10 28 34 22 22 35 39 8 38 14 34 11 20 29 24 21 12 23 23 24 32 18 24 33 6 26 8 13 38 4 34 10 7 34 17 2 38 15 35 13 22 30 22 26 25 11 8 39 22 33 15 20 32 4 3 33 11 28 21 9 20 12 27 35 19 30 17 26 34 7 31 26 28 35 31 29 12 18 10 10 20 22 34 31 30 36 4 8 31 11 37 23 30 19 20 5 31 
0 0 0 0 0 0 0 0 0 0 0 0 0 0 0 0 0 0 0 0 0 0 0 0 0 0 0 0 0 0 0 0 0 0 0 0 0 0 0 0 0 0 0 0 0 0 0 0 0 0 0 0 0 0 0 0 0 0 0 0 0 0 0 0 0 0 0 0 0 0 0 0 0 0 0 0 0 0 0 0 0 0 0 0 0 0 0 0 0 0 0 0 0 0 0 0 0 0 0 0 0 0 0 0 0 0 0 0 0 0 0 0 0 0 0 0 0 0 0 0 0 0 0 0 0 0 0 0 
48 0 0
0.0 0.0 0.0 0.0 0.0 0.0 0.0 0.0 0.0 0.0 0.0 0.0 0.0 0.0 0.0 0.0 0.0 0.0 0.0 0.0 0.0 0.0 0.0 0.0 0.0 0.0 0.0 0.0 0.0 0.0 0.0 0.0 0.0 0.0 0.0 0.0 0.0 0.0 0.0 0.0 0.0 0.0 0.0 0.0 0.0 0.0 0.0 0.0 0.0 0.0 0.0 0.0 0.0 0.0 0.0 0.0 0.0 0.0 0.0 0.0 0.0 0.0 0.0 0.0 0.0 0.0 0.0 0.0 0.0 0.0 0.0 0.0 0.0 0.0 0.0 0.0 0.0 0.0 0.0 0.0 0.0 0.0 0.0 0.0 0.0 0.0 0.0 0.0 0.0 0.0 0.0 0.0 0.0 0.0 0.0 0.0 0.0 0.0 0.0 0.0 0.0 0.0 0.0 0.0 0.0 0.0 0.0 0.0 0.0 0.0 0.0 0.0 0.0 0.0 0.0 0.0 0.0 0.0 0.0 0.0 0.0 0.0 0.0 0.0 0.0 0.0 0.0 0.0 
18 21 11 26 20 28 20 0 37 38 33 20 2 0 27 33 26 34 35 15 14 33 33 29 22 38 10 38 1 3 5 15 28 0 20 28 23 37 20 32 23 28 38 34 30 34 26 25 23 30 30 32 25 10 37 39 38 37 6 14 37 39 27 27 26 3 13 33 12 23 11 15 7 0 14 38 32 29 28 26 15 6 39 15 2 39 4 34 8 13 3 5 29 14 12 23 23 37 20 18 6 8 2 0 24 26 7 6 16 3 37 19 39 22 37 32 24 9 23 20 25 7 16 30 7 12 22 13 
0 0 0 0 0 0 0 0 0 0 0 0 0 0 0 0 0 0 0 0 0 0 0 0 0 0 0 0 0 0 0 0 0 0 0 0 0 0 0 0 0 0 0 0 0 0 0 0 0 0 0 0 0 0 0 0 0 0 0 0 0 0 0 0 0 0 0 0 0 0 0 0 0 0 0 0 0 0 0 0 0 0 0 0 0 0 0 0 0 0 0 0 0 0 0 0 0 0 0 0 0 0 0 0 0 0 0 0 0 0 0 0 0 0 0 0 0 0 0 0 0 0 0 0 0 0 0 0 
49 0 0
17179869847.0 -17179869681.0 -17179870108.0 17179869543.0 17179869233.0 -17179869299.0 17179869447.0 17179869915.0 17179870016.0 17179869810.0 -17179869516.0 -17179869339.0 -17179869610.0 17179869763.0 17179870170.0 -17179869784.0 17179869766.0 17179869602.0 -17179869942.0 -17179869538.0 -17179869785.0 -17179869808.0 17179870153.0 17179869598.0 -17179870138.0 17179869191.0 17179869729.0 17179869231.0 -17179869589.0 17179869955.0 -17179869367.0 -17179869814.0 17179869608.0 -17179869980.0 -17179869425.0 17179869836.0 17179869304.0 17179870145.0 17179870021.0 17179869460.0 -17179870019.0 17179869781.0 17179869902.0 17179870156.0 -17179869655.0 -17179869736.0 -17179870168.0 17179869700.0 17179869190.0 17179869747.0 -17179869874.0 -17179869658.0 17179869794.0 -17179869640.0 17179870099.0 -17179869905.0 17179870051.0 -17179869349.0 -17179870103.0 17179869489.0 -17179869268.0 17179869937.0 17179869939.0 17179869198.0 17179869822.0 17179869397.0 17179870130.0 -17179869957.0 -17179869723.0 17179869535.0 -17179869844.0 17179869364.0 17179870075.0 17179869756.0 -17179869453.0 -17179869461.0 17179870059.0 17179869771.0 17179869376.0 17179869835.0 -17179869615.0 -17179869960.0 -17179869483.0 -17179869390.0 17179869686.0 -17179869554.0 17179870043.0 17179869819.0 -17179869263.0 17179870016.0 -17179869913.0 17179869420.0 -17179869695.0 17179869243.0 -17179870014.0 17179869710.0 17179869666.0 -17179870041.0 17179869185.0 -17179869777.0 -17179869322.0 17179869972.0 17179869825.0 -17179869633.0 -17179869192.0 -17179869486.0 17179869391.0 17179869520.0 -17179869457.0 -17179869820.0 -17179869490.0 -17179870174.0 17179869734.0 -17179869313.0 -17179869708.0 17179869916.0 -17179869645.0 17179869715.0 17179869445.0 17179869601.0 17179869353.0 -17179870099.0 -17179869227.0 17179869247.0 17179869571.0 -17179869382.0 17179869371.0 17179869511.0 
20 20 20 20 20 20 20 20 20 20 20 20 20 20 20 20 20 20 20 20 20 20 20 20 20 20 20 20 20 20 20 20 20 20 20 20 20 20 20 20 20 20 20 20 20 20 20 20 20 20 20 20 20 20 20 20 20 20 20 20 20 20 20 20 20 20 20 20 20 20 20 20 20 20 20 20 20 20 20 20 20 20 20 20 20 20 20 20 20 20 20 20 20 20 20 20 20 20 20 20 20 20 20 20 20 20 20 20 20 20 20 20 20 20 20 20 20 20 20 20 20 20 20 20 20 20 20 20 
16384 -16384 -16384 16384 16384 -16384 16384 16384 16384 16384 -16384 -16384 -16384 16384 16384 -16384 16384 16384 -16384 -16384 -16384 -16384 16384 16384 -16384 16384 16384 16384 -16384 16384 -16384 -16384 16384 -16384 -16384 16384 16384 16384 16384 16384 -16384 16384 16384 16384 -16384 -16384 -16384 16384 16384 16384 -16384 -16384 16384 -16384 16384 -16384 16384 -16384 -16384 16384 -16384 16384 16384 16384 16384 16384 16384 -16384 -16384 16384 -16384 16384 16384 16384 -16384 -16384 16384 16384 16384 16384 -16384 -16384 -16384 -16384 16384 -16384 16384 16384 -16384 16384 -16384 16384 -16384 16384 -16384 16384 16384 -16384 16384 -16384 -16384 16384 16384 -16384 -16384 -16384 16384 16384 -16384 -16384 -16384 -16384 16384 -16384 -16384 16384 -16384 16384 16384 16384 16384 -16384 -16384 16384 16384 -16384 16384 16384 
50 -6 1
-8388607.0 -2097151.0 -268435455.0 -2097151.0 -16383.0 8388607.0 -1048575.0 2097151.0 8388607.0 65535.0 -1073741823.0 -134217727.0 -134217727.0 536870911.0 -268435455.0 -1048575.0 2147483647.0 32767.0 2097151.0 -33554431.0 8388607.0 -262143.0 -2047.0 8191.0 -536870911.0 -4095.0 -1048575.0 2147483647.0 -131071.0 -1073741823.0 -1023.0 131071.0 -255.0 -8191.0 2097151.0 16777215.0 -262143.0 1048575.0 1073741823.0 32767.0 -2147483647.0 8191.0 -524287.0 1073741823.0 -1073741823.0 -32767.0 -524287.0 -2147483647.0 -8191.0 -134217727.0 1023.0 -262143.0 262143.0 4095.0 2047.0 -511.0 16383.0 -4194303.0 -8191.0 -67108863.0 -131071.0 8388607.0 8191.0 1048575.0 -2147483647.0 -1023.0 536870911.0 -255.0 -134217727.0 33554431.0 -1023.0 32767.0 131071.0 -33554431.0 536870911.0 65535.0 -1023.0 2097151.0 -536870911.0 -536870911.0 65535.0 67108863.0 511.0 8388607.0 1048575.0 -134217727.0 262143.0 134217727.0 -8388607.0 -262143.0 32767.0 -4194303.0 536870911.0 -1073741823.0 33554431.0 -511.0 -255.0 134217727.0 4095.0 -2097151.0 268435455.0 -1073741823.0 -1073741823.0 524287.0 -33554431.0 -536870911.0 536870911.0 67108863.0 255.0 2147483647.0 -8191.0 2047.0 -2097151.0 -16777215.0 -268435455.0 2047.0 268435455.0 -2047.0 -67108863.0 -2047.0 2097151.0 33554431.0 65535.0 4194303.0 268435455.0 -268435455.0 -67108863.0 8388607.0 
12 12 10 12 11 11 11 12 10 11 12 10 12 12 10 10 12 12 11 10 12 12 10 10 10 10 10 12 12 11 12 12 11 10 10 12 10 10 10 11 11 11 11 12 11 10 12 10 11 11 10 11 12 11 10 12 12 11 12 11 12 10 10 12 12 11 10 12 11 11 12 12 11 10 11 11 10 10 11 11 11 10 11 12 11 11 11 11 11 10 10 10 12 12 12 12 10 11 10 11 10 11 11 10 12 11 11 11 10 10 11 10 11 10 11 10 10 11 11 11 11 11 10 12 12 10 10 10 
-32 -8 -4096 -8 0 64 -8 8 128 0 -4096 -2048 -512 2048 -4096 -16 8192 0 16 -512 32 -1 0 0 -8192 0 -16 8192 0 -8192 0 0 0 0 32 64 -4 16 16384 0 -16384 0 -4 4096 -8192 0 -2 -32768 0 -1024 0 -2 1 0 0 0 0 -32 0 -512 0 128 0 4 -8192 0 8192 0 -1024 256 0 0 1 -512 4096 0 0 32 -4096 -4096 0 1024 0 32 8 -1024 2 1024 -64 -4 0 -64 2048 -4096 128 0 0 1024 0 -16 4096 -8192 -8192 8 -128 -4096 4096 512 0 32767 0 0 -16 -256 -2048 0 4096 0 -512 0 16 256 1 16 1024 -4096 -1024 128 
51 0 0
0.0 0.0 0.0 0.0 0.0 0.0 0.0 0.0 0.0 0.0 0.0 0.0 0.0 0.0 0.0 0.0 0.0 0.0 0.0 0.0 0.0 0.0 0.0 0.0 0.0 0.0 0.0 0.0 0.0 0.0 0.0 0.0 0.0 0.0 0.0 0.0 0.0 0.0 0.0 0.0 0.0 0.0 0.0 0.0 0.0 0.0 0.0 0.0 0.0 0.0 0.0 0.0 0.0 0.0 0.0 0.0 0.0 0.0 0.0 0.0 0.0 0.0 0.0 0.0 0.0 0.0 0.0 0.0 0.0 0.0 0.0 0.0 0.0 0.0 0.0 0.0 0.0 0.0 0.0 0.0 0.0 0.0 0.0 0.0 0.0 0.0 0.0 0.0 0.0 0.0 0.0 0.0 0.0 0.0 0.0 0.0 0.0 0.0 0.0 0.0 0.0 0.0 0.0 0.0 0.0 0.0 0.0 0.0 0.0 0.0 0.0 0.0 0.0 0.0 0.0 0.0 0.0 0.0 0.0 0.0 0.0 0.0 0.0 0.0 0.0 0.0 0.0 0.0 
26 2 39 22 31 19 33 9 17 5 31 18 21 29 15 13 33 8 2 2 39 33 23 16 39 24 9 17 19 10 15 38 17 17 33 19 24 36 26 27 25 21 31 38 18 11 8 13 6 31 26 1 18 26 34 0 22 21 5 36 28 9 38 30 9 31 7 2 33 32 36 19 36 33 28 28 27 29 20 25 19 14 27 34 25 13 0 4 12 17 9 15 1 9 16 2 15 2 39 16 37 24 38 24 34 33 25 18 20 7 39 5 2 14 36 15 6 34 32 17 12 13 6 11 0 12 22 20 
0 0 0 0 0 0 0 0 0 0 0 0 0 0 0 0 0 0 0 0 0 0 0 0 0 0 0 0 0 0 0 0 0 0 0 0 0 0 0 0 0 0 0 0 0 0 0 0 0 0 0 0 0 0 0 0 0 0 0 0 0 0 0 0 0 0 0 0 0 0 0 0 0 0 0 0 0 0 0 0 0 0 0 0 0 0 0 0 0 0 0 0 0 0 0 0 0 0 0 0 0 0 0 0 0 0 0 0 0 0 0 0 0 0 0 0 0 0 0 0 0 0 0 0 0 0 0 0 
52 -24 0
55.0 -3008686.0 -1080.0 495766.0 -24.0 -1274782456.0 102.0 -7.0 2797782341.0 777904891.0 3692302.0 -1380.0 -81.0 -10860.0 -27563879.0 2358011547.0 -1908.0 6483.0 -569508754.0 791.0 -3114751879.0 -353146695.0 -5632223.0 290878366.0 93046.0 1960213441.0 11953.0 -574755.0 11.0 42600586.0 103.0 -2133286542.0 -336361.0 -109361.0 6042.0 59656.0 -13554.0 -11.0 -162.0 116761544.0 20925.0 -40004402.0 1523365052.0 -1804.0 -1.0 2764642433.0 -62949.0 -2444426.0 -4845.0 19323.0 0.0 -1.0 2278565871.0 -1429.0 -2597657939.0 -1054078687.0 -103.0 -48968579.0 949360635.0 -191.0 9.0 36057.0 -1.0 853685.0 27111.0 427993.0 4.0 -7829.0 -124.0 0.0 -1.0 -687067.0 -6098.0 -249419018.0 -1.0 129012.0 3280281.0 1796090.0 0.0 -3.0 12640375.0 0.0 -7106.0 -20.0 -25.0 8.0 10185.0 8018.0 88.0 -2487907378.0 191.0 1955913.0 0.0 -238140741.0 11498729.0 -609465405.0 143.0 -1.0 -926958.0 -123.0 -95.0 -903602.0 4754.0 -12603713.0 -12235485.0 -12.0 -2051265.0 -8514842.0 -3513896944.0 -1937524423.0 -15.0 -127.0 1256973283.0 235413.0 13.0 758697.0 -1864155293.0 -218769383.0 5916230.0 961135.0 44570301.0 -2684.0 669.0 -99585870.0 -16.0 -450.0 0.0 -1808827238.0 
27 21 39 31 19 6 -2 22 21 28 -4 34 -1 20 8 6 12 35 15 35 -1 36 -3 19 25 -8 39 10 -5 24 -5 21 39 -8 34 -6 20 23 24 -2 -3 5 14 27 -5 34 5 38 6 -7 36 -7 37 3 9 11 19 -4 37 36 30 4 -5 7 -1 -3 7 4 31 29 21 35 19 31 35 31 14 22 22 0 -8 6 3 25 6 29 -7 -2 14 1 39 29 4 -6 13 -3 20 25 24 -8 11 25 15 -7 23 19 20 -2 -1 32 14 24 -2 2 -8 30 9 23 1 -3 10 38 23 18 17 -5 -8 29 
0 0 0 0 0 -1 0 0 0 0 4 0 0 0 0 2 0 0 0 0 -371 0 -3 0 0 29910 0 0 0 0 0 0 0 -2 0 0 0 0 0 28 0 0 0 0 0 0 0 0 0 0 0 0 0 0 0 0 0 -47 0 0 0 0 0 0 0 0 0 0 0 0 0 0 0 0 0 0 0 0 0 0 193 0 0 0 0 0 0 0 0 -74 0 0 0 -908 0 -291 0 0 0 0 0 0 0 -96 0 0 0 -2 -419 0 0 0 300 0 0 0 0 0 0 0 0 0 0 0 0 0 0 0 
53 0 0
0.0 0.0 0.0 0.0 0.0 0.0 0.0 0.0 0.0 0.0 0.0 0.0 0.0 0.0 0.0 0.0 0.0 0.0 0.0 0.0 0.0 0.0 0.0 0.0 0.0 0.0 0.0 0.0 0.0 0.0 0.0 0.0 0.0 0.0 0.0 0.0 0.0 0.0 0.0 0.0 0.0 0.0 0.0 0.0 0.0 0.0 0.0 0.0 0.0 0.0 0.0 0.0 0.0 0.0 0.0 0.0 0.0 0.0 0.0 0.0 0.0 0.0 0.0 0.0 0.0 0.0 0.0 0.0 0.0 0.0 0.0 0.0 0.0 0.0 0.0 0.0 0.0 0.0 0.0 0.0 0.0 0.0 0.0 0.0 0.0 0.0 0.0 0.0 0.0 0.0 0.0 0.0 0.0 0.0 0.0 0.0 0.0 0.0 0.0 0.0 0.0 0.0 0.0 0.0 0.0 0.0 0.0 0.0 0.0 0.0 0.0 0.0 0.0 0.0 0.0 0.0 0.0 0.0 0.0 0.0 0.0 0.0 0.0 0.0 0.0 0.0 0.0 0.0 
9 2 36 10 29 31 6 7 21 20 10 27 6 32 27 14 0 28 36 9 15 13 15 37 12 29 5 12 14 15 35 20 30 15 1 37 4 37 12 7 10 6 20 15 12 12 8 15 10 26 3 6 25 24 14 21 31 11 21 24 7 36 18 31 5 28 14 3 18 35 36 32 6 28 30 32 28 22 25 3 30 16 29 17 23 25 35 3 35 35 19 12 21 8 8 18 32 23 18 27 24 1 2 11 7 0 27 4 24 6 24 12 8 0 23 22 23 13 6 3 38 20 10 31 8 36 29 28 
0 0 0 0 0 0 0 0 0 0 0 0 0 0 0 0 0 0 0 0 0 0 0 0 0 0 0 0 0 0 0 0 0 0 0 0 0 0 0 0 0 0 0 0 0 0 0 0 0 0 0 0 0 0 0 0 0 0 0 0 0 0 0 0 0 0 0 0 0 0 0 0 0 0 0 0 0 0 0 0 0 0 0 0 0 0 0 0 0 0 0 0 0 0 0 0 0 0 0 0 0 0 0 0 0 0 0 0 0 0 0 0 0 0 0 0 0 0 0 0 0 0 0 0 0 0 0 0 
54 -22 0
4267112.0 0.0 0.0 -1496413.0 -4098376129.0 -58471229.0 -7643.0 0.0 -1443350.0 4693558.0 3400187.0 -53.0 30641503.0 15.0 -90.0 1.0 -38.0 -269910184.0 383440.0 -131565310.0 0.0 0.0 -941885804.0 -463935341.0 3.0 179700.0 5106.0 17253.0 23.0 -263.0 -749458.0 28391.0 2011.0 -1246214685.0 484988.0 822671.0 -17.0 1.0 -49.0 25316.0 -911158.0 -8.0 3.0 125228967.0 -383389.0 -175982.0 -7.0 -7.0 -306836.0 -31.0 -7.0 -112.0 -54381716.0 8.0 -307313053.0 -1409611623.0 893172.0 -817484.0 -3952502184.0 -3799299751.0 -1009.0 -316582.0 -258927.0 22835.0 -4924945.0 3871311447.0 92980385.0 107584535.0 -1926306863.0 89.0 8645.0 0.0 -2.0 215.0 1754284231.0 6.0 -313.0 2.0 23188.0 -106439.0 -6457253.0 -3888888633.0 -566248.0 -15625.0 -2348.0 314957772.0 2.0 -40408.0 742955466.0 303.0 -4320.0 -1655402955.0 42562.0 -9252.0 422097643.0 0.0 -1.0 93323.0 353.0 -72231.0 15350.0 80.0 -13.0 -235840.0 11.0 1053967963.0 -59546.0 4.0 -691423093.0 435056.0 -668.0 -46498.0 -2312851602.0 3202759961.0 215.0 5349.0 -2589.0 8345500.0 0.0 1648949.0 50888409.0 -310.0 -2.0 -221.0 -1728190496.0 1608758.0 5.0 2163.0 
12 -1 8 20 30 -7 -5 14 6 12 0 -4 6 27 -6 16 15 13 33 18 38 9 26 11 25 -6 24 22 19 9 4 21 27 20 14 2 17 11 2 27 13 16 33 37 11 29 34 14 13 39 8 39 28 -3 29 2 16 20 10 9 5 8 5 24 6 29 38 5 -6 2 5 38 -5 -1 0 13 21 28 -8 30 0 6 12 3 38 12 39 26 17 -5 -4 26 -8 25 7 3 1 -2 12 29 -3 33 0 3 8 -7 34 36 2 11 8 19 -3 18 18 4 4 -1 8 3 6 -3 19 34 29 28 -8 9 
0 0 0 0 0 -1784 0 0 0 0 1 0 0 0 0 0 0 0 0 0 0 0 0 0 0 3 0 0 0 0 0 0 0 0 0 0 0 0 0 0 0 0 0 0 0 0 0 0 0 0 0 0 0 0 0 -84 0 0 -1 -2 0 0 0 0 0 0 0 1 -29393 0 0 0 0 0 418 0 0 0 1 0 -2 -14 0 0 0 0 0 0 0 0 0 0 3 0 1 0 0 0 0 0 0 0 0 0 0 32165 0 0 -41 0 0 0 -4411 0 0 0 0 4 0 0 0 0 0 0 0 0 0 0 
55 -5 0
727662.0 -761514.0 587328.0 605747.0 168491.0 -84293.0 436627.0 -27065.0 359733.0 -200893.0 -13449.0 459698.0 291416.0 -997232.0 -626872.0 -912646.0 756141.0 588154.0 145311.0 -978217.0 -127937.0 -439277.0 -146750.0 952133.0 905113.0 -458179.0 319502.0 631962.0 -487502.0 -126453.0 -723828.0 574935.0 -628621.0 -82445.0 586193.0 -261132.0 -404693.0 -932258.0 381530.0 380784.0 -686783.0 -177541.0 394309.0 947545.0 714110.0 -18533.0 266169.0 -193574.0 219725.0 -824629.0 -385371.0 488722.0 21091.0 -805050.0 -132961.0 -108535.0 177340.0 166854.0 989021.0 345763.0 426908.0 391307.0 602320.0 -274608.0 844869.0 158464.0 687879.0 -403952.0 827719.0 -718885.0 720855.0 91604.0 -292069.0 470815.0 -511637.0 -261371.0 -202746.0 -764260.0 662286.0 -285855.0 149447.0 91091.0 -631276.0 -400859.0 -583187.0 484445.0 -532439.0 -481632.0 -627046.0 -242166.0 790940.0 -261593.0 -354704.0 672292.0 439857.0 -349258.0 885093.0 -754060.0 147849.0 -815230.0 296658.0 41274.0 -973123.0 520594.0 75670.0 -523054.0 -913938.0 269096.0 -667797.0 -688607.0 167460.0 -822788.0 767748.0 -404706.0 -801732.0 -31088.0 988414.0 -465396.0 729000.0 -750345.0 492881.0 -663279.0 -235518.0 -549711.0 -365037.0 617154.0 757348.0 325126.0 
27 29 2 16 26 27 0 8 17 21 30 17 10 36 5 3 9 12 14 30 27 36 17 1 27 38 4 3 8 29 0 8 27 34 33 13 17 14 19 17 32 16 3 16 32 24 12 28 25 34 18 0 16 23 1 37 35 34 20 30 17 24 26 33 9 39 31 20 1 3 11 14 4 9 21 8 1 22 9 38 32 26 36 5 32 25 28 23 35 8 4 38 14 2 31 15 11 24 30 24 4 31 22 25 31 39 0 18 13 2 28 36 16 24 29 35 25 24 27 25 37 12 34 4 23 5 9 24 
0 0 4589 0 0 0 13645 -3 0 0 0 0 9 0 -612 -3565 46 4 0 0 0 0 0 14877 0 0 624 2469 -60 0 -22620 70 0 0 0 -1 0 -2 0 0 0 0 1540 0 0 0 2 0 0 0 0 15273 0 0 -2078 0 0 0 0 0 0 0 0 0 52 0 0 0 12933 -2808 11 0 -570 29 0 -32 -3168 0 40 0 0 0 0 -391 0 0 0 0 0 -30 1545 0 -1 5252 0 0 14 0 0 0 579 0 0 0 0 0 -28561 0 -3 -5380 0 0 0 0 0 0 0 0 0 0 0 -5 0 -1074 0 603 46 0 
56 0 0
0.0 0.0 0.0 0.0 0.0 0.0 0.0 0.0 0.0 0.0 0.0 0.0 0.0 0.0 0.0 0.0 0.0 0.0 0.0 0.0 0.0 0.0 0.0 0.0 0.0 0.0 0.0 0.0 0.0 0.0 0.0 0.0 0.0 0.0 0.0 0.0 0.0 0.0 0.0 0.0 0.0 0.0 0.0 0.0 0.0 0.0 0.0 0.0 0.0 0.0 0.0 0.0 0.0 0.0 0.0 0.0 0.0 0.0 0.0 0.0 0.0 0.0 0.0 0.0 0.0 0.0 0.0 0.0 0.0 0.0 0.0 0.0 0.0 0.0 0.0 0.0 0.0 0.0 0.0 0.0 0.0 0.0 0.0 0.0 0.0 0.0 0.0 0.0 0.0 0.0 0.0 0.0 0.0 0.0 0.0 0.0 0.0 0.0 0.0 0.0 0.0 0.0 0.0 0.0 0.0 0.0 0.0 0.0 0.0 0.0 0.0 0.0 0.0 0.0 0.0 0.0 0.0 0.0 0.0 0.0 0.0 0.0 0.0 0.0 0.0 0.0 0.0 0.0 
37 39 21 27 13 8 7 27 2 23 30 21 0 3 35 39 18 9 31 28 33 30 15 5 34 22 36 16 12 23 29 38 5 0 30 30 7 24 28 38 28 5 11 7 6 1 3 37 13 2 10 22 18 36 15 18 39 32 9 12 10 1 32 26 17 28 32 34 8 18 19 14 14 33 21 39 12 3 38 9 11 29 13 7 24 39 3 19 31 31 11 35 28 1 33 39 36 23 0 11 19 3 12 38 32 6 7 27 39 39 19 14 11 8 6 7 5 9 27 26 24 12 34 22 29 5 22 35 
0 0 0 0 0 0 0 0 0 0 0 0 0 0 0 0 0 0 0 0 0 0 0 0 0 0 0 0 0 0 0 0 0 0 0 0 0 0 0 0 0 0 0 0 0 0 0 0 0 0 0 0 0 0 0 0 0 0 0 0 0 0 0 0 0 0 0 0 0 0 0 0 0 0 0 0 0 0 0 0 0 0 0 0 0 0 0 0 0 0 0 0 0 0 0 0 0 0 0 0 0 0 0 0 0 0 0 0 0 0 0 0 0 0 0 0 0 0 0 0 0 0 0 0 0 0 0 0 
57 -21 0
-106979177.0 1413019734.0 2610.0 -3200609.0 -58037788.0 88690593.0 1905154.0 -65642015.0 31800048.0 -57605930.0 103456.0 3495754426.0 -2668453760.0 0.0 -336.0 1.0 -800304432.0 -199714030.0 66831.0 -449894488.0 51199713.0 -1.0 -4110295.0 13742.0 -29.0 -564642365.0 13747823.0 667690670.0 -7.0 13275064.0 165288369.0 3785786542.0 160947.0 464980973.0 -1476.0 8.0 138436233.0 0.0 -520667614.0 113319.0 3400.0 -32171.0 -418560794.0 9358512.0 48541.0 -3539707.0 -1104.0 -536763555.0 -443.0 -41947.0 -26.0 622.0 -27075.0 -13523.0 15694679.0 2185858027.0 -3902.0 -2622625.0 116805859.0 910666940.0 -12.0 -225785289.0 -3.0 1.0 0.0 -27.0 3507610966.0 975939.0 100.0 -56340.0 3959782899.0 0.0 -170544.0 47.0 5776.0 -1984.0 293093161.0 -25.0 -682641616.0 173108000.0 3978996529.0 1777.0 12.0 -148.0 -126584679.0 11699.0 0.0 6159.0 8.0 -106008505.0 -62428228.0 9197.0 10818.0 504175731.0 22652967.0 -58959387.0 -20.0 44.0 4193.0 21310.0 -2242058576.0 -2950268527.0 0.0 -62.0 72113442.0 -265.0 0.0 -10975238.0 53.0 -6.0 177982.0 -2227147.0 19.0 -77512362.0 56226.0 2504546780.0 -12.0 78451917.0 -887.0 -982042.0 19615.0 30628285.0 -17.0 14.0 144625.0 143562788.0 -3773218.0 21.0 
15 38 10 30 -1 13 38 -4 39 -5 27 18 19 5 8 27 28 -1 5 24 4 6 9 21 4 -6 8 -3 38 5 19 37 28 24 25 3 18 35 17 5 39 20 10 6 14 11 11 37 36 21 -4 38 3 27 32 30 13 28 13 -6 15 15 7 37 13 38 13 3 17 36 25 37 -1 39 10 6 -7 4 35 33 19 25 5 12 0 16 -8 6 18 9 29 33 15 0 39 26 23 25 15 6 22 27 16 26 5 -3 15 15 22 16 35 28 14 -6 37 28 14 39 3 -6 34 27 18 34 36 13 37 39 
0 0 0 0 -55 0 0 -501 0 -879 0 0 0 0 0 0 0 -190 0 0 2 0 0 0 0 -17232 0 2547 0 0 0 0 0 0 0 0 0 0 0 0 0 0 0 0 0 0 0 0 0 0 0 0 0 0 0 0 0 0 0 27791 0 0 0 0 0 0 0 0 0 0 0 0 0 0 0 0 17889 0 0 0 0 0 0 0 -60 0 0 0 0 0 0 0 0 240 0 0 0 0 0 0 0 0 0 0 1 0 0 0 0 0 0 0 0 -2365 0 0 0 0 0 -30 0 0 0 0 0 0 0 0 
58 -5 0
-279982.0 319882.0 601387.0 863907.0 -841383.0 -121108.0 -845757.0 -949278.0 770289.0 307174.0 912382.0 -392644.0 568848.0 -223291.0 -864848.0 -609350.0 443201.0 -557801.0 116238.0 689224.0 572187.0 305722.0 -181295.0 474004.0 -372011.0 660693.0 324640.0 433572.0 605129.0 463790.0 -501874.0 92820.0 -157944.0 -997463.0 213438.0 235779.0 -454591.0 611643.0 -695385.0 906409.0 -567474.0 755413.0 -198163.0 -135955.0 -964384.0 -915686.0 -909298.0 324728.0 -488798.0 -197424.0 202195.0 -903662.0 -571872.0 -28155.0 -816276.0 461107.0 -995119.0 -649289.0 785335.0 -547062.0 367163.0 -837337.0 172625.0 500045.0 142497.0 -725082.0 -265347.0 -904986.0 195050.0 226083.0 831330.0 -234489.0 833800.0 159444.0 -996077.0 148734.0 -762164.0 354822.0 352667.0 858564.0 834168.0 -80622.0 -532485.0 -2557.0 836506.0 606115.0 813953.0 549152.0 -634949.0 190296.0 793460.0 294796.0 -163362.0 302874.0 54363.0 -377616.0 338045.0 949160.0 449824.0 -373306.0 556484.0 -71325.0 777044.0 -898441.0 -296459.0 513664.0 902377.0 869806.0 -97126.0 -850924.0 571687.0 692936.0 457560.0 666895.0 -801712.0 906961.0 516889.0 855524.0 -175535.0 -736704.0 513721.0 -7500.0 120877.0 70285.0 564645.0 236745.0 731673.0 644252.0 
18 20 15 14 36 7 38 10 18 28 37 37 21 1 35 32 27 35 19 9 2 32 9 38 3 13 1 1 28 39 33 21 10 30 7 15 5 26 20 30 11 15 21 3 14 12 36 38 35 12 7 31 14 36 14 36 18 36 15 34 5 21 6 16 36 9 30 9 28 14 13 6 15 29 0 21 32 34 30 10 13 6 39 37 32 28 30 16 27 26 2 35 3 8 17 36 21 14 0 30 1 3 22 4 4 26 7 39 15 2 38 9 15 30 28 30 31 7 17 2 33 27 23 31 10 0 38 11 
0 0 1 2 0 -30 0 -29 0 0 0 0 0 -3489 0 0 0 0 0 42 4470 0 -11 0 -1453 3 5073 6775 0 0 0 0 -5 0 52 0 -444 0 0 0 -9 1 0 -531 -2 -7 0 0 0 -2 49 0 -1 0 -2 0 0 0 1 0 359 0 84 0 0 -44 0 -55 0 0 3 -114 1 0 -31127 0 0 0 0 26 3 -39 0 0 0 0 0 0 0 0 6199 0 -638 37 0 0 0 2 14057 0 8695 -279 0 -1755 -579 0 220 0 0 -6648 0 42 0 0 0 0 0 209 0 -5755 0 0 0 0 17 7398 0 10 
59 -20 0
1352317068.0 1487400967.0 977492.0 -3924.0 -29975201.0 -140.0 -55.0 -239124.0 26625.0 215832011.0 249880.0 1.0 -49.0 -70590.0 -66453091.0 389430948.0 -1291607540.0 375.0 -6723.0 73.0 -85483500.0 26808.0 3743.0 1853.0 -20215317.0 -3245852567.0 -3.0 489437.0 3.0 -395129.0 31.0 52.0 4141.0 2915057517.0 -5.0 -1661462322.0 4182592752.0 -5547.0 -652.0 -1304617263.0 240456784.0 500.0 -54.0 -19.0 -6.0 -495224018.0 -3461036.0 1182760740.0 -12362.0 213344.0 -187.0 35819206.0 1638429149.0 1277787.0 -34553574.0 -2238302.0 -5.0 -416771.0 -3182.0 2013294227.0 2815048.0 5432852.0 -12026.0 -2320.0 0.0 2242054799.0 -16.0 -1573.0 -3022142.0 909.0 2.0 162035.0 -6.0 2754030.0 -411100.0 3451206163.0 -4644595.0 382602.0 -41233.0 7432.0 207280218.0 -10883375.0 85724.0 668.0 17435.0 -1617806.0 957969.0 328.0 -15911.0 -126454233.0 121787925.0 -3979561742.0 -352717099.0 -169646.0 1759089.0 -14.0 1510844157.0 -12838.0 7588846.0 -3444.0 6.0 460.0 8595.0 4766570.0 0.0 -469101986.0 118434784.0 25178.0 326420318.0 2521848745.0 -9.0 -2669495009.0 -116609295.0 -243668874.0 -60.0 0.0 -27188.0 -1126.0 -48.0 -55445903.0 198494549.0 399584735.0 -9.0 852261321.0 0.0 -434.0 -46.0 1087995878.0 
33 36 -3 2 36 -3 -6 -1 31 -7 -6 -6 9 25 18 29 37 33 29 21 8 -6 -3 16 24 38 11 11 11 -4 39 39 17 21 31 4 25 15 12 20 20 6 35 39 19 36 24 18 0 5 16 1 1 -5 6 27 8 10 -1 16 -4 38 14 22 25 26 34 6 21 30 7 18 31 23 18 3 18 35 0 21 8 15 12 33 18 12 6 31 31 9 38 27 28 6 32 14 9 -7 3 34 17 29 14 1 -5 33 15 13 28 17 27 23 8 39 0 27 36 23 -5 -2 25 20 15 39 31 -2 22 9 
0 0 7 0 0 0 0 0 0 26347 15 0 0 0 0 0 0 0 0 0 0 2 0 0 0 0 0 0 0 -6 0 0 0 0 0 -99 0 0 0 0 0 0 0 0 0 0 0 0 0 0 0 17 781 39 -1 0 0 0 0 0 43 0 0 0 0 0 0 0 0 0 0 0 0 0 0 411 0 0 0 0 1 0 0 0 0 0 0 0 0 0 0 0 0 0 0 0 3 -2 1 0 0 0 0 2 0 0 0 0 0 0 0 0 0 0 0 0 0 0 0 -212 0 0 0 0 0 0 0 2 
60 -6 1
4194303.0 65535.0 -65535.0 -33554431.0 -33554431.0 -8388607.0 -2047.0 536870911.0 -67108863.0 2097151.0 -8388607.0 511.0 536870911.0 32767.0 -8388607.0 2047.0 255.0 1048575.0 524287.0 16383.0 67108863.0 8388607.0 2147483647.0 -524287.0 -524287.0 -16383.0 33554431.0 -4095.0 -131071.0 -65535.0 524287.0 33554431.0 2097151.0 4095.0 4095.0 511.0 262143.0 -4095.0 -2047.0 -8388607.0 -511.0 -16383.0 524287.0 4095.0 1023.0 1073741823.0 536870911.0 1023.0 2147483647.0 134217727.0 -255.0 -2047.0 -16383.0 255.0 1023.0 67108863.0 67108863.0 -524287.0 -2147483647.0 1073741823.0 -262143.0 16777215.0 2097151.0 32767.0 1073741823.0 -262143.0 -8388607.0 4095.0 -2097151.0 536870911.0 -16383.0 -2047.0 -134217727.0 -16777215.0 -255.0 -255.0 131071.0 -131071.0 2047.0 33554431.0 16383.0 1023.0 -1048575.0 8388607.0 134217727.0 -268435455.0 1023.0 -2097151.0 -536870911.0 8388607.0 -1073741823.0 -134217727.0 511.0 16383.0 4095.0 2147483647.0 16777215.0 -32767.0 1023.0 1048575.0 -524287.0 2147483647.0 2097151.0 524287.0 511.0 -511.0 -2147483647.0 -262143.0 511.0 536870911.0 -4194303.0 4095.0 -4194303.0 8388607.0 -2147483647.0 -8388607.0 -8388607.0 4194303.0 16383.0 1073741823.0 -1073741823.0 -8191.0 -134217727.0 536870911.0 -1048575.0 -4095.0 2047.0 -134217727.0 
12 12 10 12 12 11 10 11 12 12 12 10 10 11 11 12 11 11 10 11 11 10 12 10 12 11 11 11 11 12 10 12 10 12 11 12 11 12 10 12 10 12 11 11 11 10 12 12 10 10 10 10 12 12 11 12 12 12 11 11 11 11 12 10 10 11 12 10 10 11 10 12 12 11 11 11 11 12 10 11 12 11 12 12 11 10 10 11 12 12 10 12 12 10 12 12 11 12 11 11 12 12 12 11 10 10 12 12 12 11 12 12 10 11 10 10 11 12 10 12 12 12 11 12 12 10 12 12 
16 0 -1 -128 -128 -64 0 4096 -256 8 -32 0 8192 0 -64 0 0 8 8 0 512 128 8192 -8 -2 0 256 0 -1 0 8 128 32 0 0 0 2 0 0 -32 0 0 4 0 0 16384 2048 0 32767 2048 0 0 0 0 0 256 256 -2 -16384 8192 -2 128 8 0 16384 -2 -32 0 -32 4096 0 0 -512 -128 0 0 1 0 0 256 0 0 -4 32 1024 -4096 0 -16 -2048 32 -16384 -512 0 0 0 8192 128 0 0 8 -2 8192 8 4 0 0 -8192 -1 0 4096 -16 0 -64 64 -32768 -128 -64 16 0 4096 -4096 0 -1024 2048 -4 0 0 -512 
61 -6 1
16383.0 -33554431.0 -2147483647.0 -8388607.0 65535.0 -16383.0 16777215.0 268435455.0 -16777215.0 -511.0 2147483647.0 -524287.0 -511.0 16777215.0 536870911.0 -255.0 134217727.0 65535.0 262143.0 -536870911.0 4194303.0 -262143.0 -2147483647.0 134217727.0 -67108863.0 262143.0 2097151.0 -8191.0 255.0 65535.0 8191.0 255.0 33554431.0 -2047.0 134217727.0 262143.0 4194303.0 -134217727.0 8191.0 -2097151.0 -134217727.0 4095.0 -2097151.0 1023.0 536870911.0 67108863.0 8191.0 536870911.0 -255.0 -1073741823.0 -262143.0 -262143.0 16777215.0 -16777215.0 -16383.0 -1023.0 -1048575.0 -4194303.0 131071.0 -262143.0 -1023.0 -268435455.0 -67108863.0 -255.0 511.0 -1073741823.0 -2147483647.0 536870911.0 -536870911.0 -1048575.0 8191.0 -255.0 1073741823.0 -2097151.0 32767.0 524287.0 -16777215.0 8388607.0 536870911.0 2097151.0 16777215.0 -1073741823.0 -32767.0 1048575.0 -524287.0 -32767.0 -131071.0 1073741823.0 131071.0 -1023.0 -2097151.0 511.0 -1073741823.0 268435455.0 8388607.0 -4194303.0 -1023.0 -4194303.0 -131071.0 65535.0 -134217727.0 2147483647.0 -1073741823.0 268435455.0 -2097151.0 511.0 -255.0 2147483647.0 1023.0 -2047.0 8388607.0 8388607.0 131071.0 8388607.0 131071.0 -8388607.0 -255.0 131071.0 1023.0 65535.0 -268435455.0 -2147483647.0 -1073741823.0 -511.0 -65535.0 -2047.0 33554431.0 511.0 
12 12 12 11 11 12 11 12 12 12 11 11 10 12 11 12 10 10 11 11 12 11 10 12 10 10 11 10 10 10 11 10 10 10 10 10 10 10 12 10 12 12 11 10 10 12 11 10 10 10 11 10 10 12 12 12 10 12 10 11 11 11 10 12 10 12 10 10 10 12 11 11 12 10 10 10 12 10 11 11 11 10 10 12 11 11 10 11 11 10 11 10 12 12 11 10 11 11 10 10 10 10 12 12 11 12 11 10 10 12 10 10 10 11 10 10 12 11 10 10 12 10 10 12 12 10 10 11 
0 -128 -8192 -64 0 0 128 1024 -64 0 16384 -4 0 64 4096 0 2048 1 2 -4096 16 -2 -32768 512 -1024 4 16 0 0 1 0 0 512 0 2048 4 64 -2048 0 -32 -512 0 -16 0 8192 256 0 8192 0 -16384 -2 -4 256 -64 0 0 -16 -16 2 -2 0 -2048 -1024 0 0 -4096 -32768 8192 -8192 -4 0 0 4096 -32 0 8 -64 128 4096 16 128 -16384 0 4 -4 0 -2 8192 1 0 -16 0 -4096 1024 64 -64 0 -32 -2 1 -2048 32767 -4096 1024 -16 0 0 32767 0 0 128 128 2 64 2 -128 0 1 0 1 -1024 -32768 -16384 0 0 0 512 0 
62 0 0
17179869753.0 17179869705.0 -17179869191.0 -17179869544.0 17179869402.0 17179869542.0 17179869830.0 17179870140.0 -17179869506.0 17179869217.0 -17179869991.0 17179869468.0 17179869984.0 17179869219.0 -17179870101.0 -17179869355.0 -17179869944.0 -17179869478.0 -17179869851.0 17179869328.0 17179869273.0 17179869365.0 17179869708.0 -17179869910.0 17179869881.0 17179869561.0 -17179869204.0 17179869600.0 -17179869275.0 17179869994.0 -17179869843.0 17179869209.0 17179869533.0 17179869439.0 -17179869544.0 17179869939.0 17179869884.0 17179870009.0 17179869225.0 -17179869338.0 -17179870123.0 17179869722.0 -17179869188.0 17179869715.0 17179869917.0 -17179869910.0 17179869398.0 17179869656.0 17179869581.0 -17179869910.0 17179869720.0 17179869261.0 -17179869647.0 17179869478.0 17179869334.0 -17179870033.0 -17179869527.0 17179869818.0 -17179869513.0 17179869414.0 -17179869357.0 17179869296.0 17179869231.0 -17179869228.0 -17179869791.0 17179869335.0 -17179869686.0 -17179869219.0 17179869992.0 17179869646.0 17179870041.0 -17179869928.0 17179869845.0 -17179869296.0 17179869485.0 -17179869463.0 17179869808.0 -17179869301.0 -17179870128.0 -17179869529.0 17179869969.0 17179869373.0 -17179869234.0 -17179869622.0 -17179869378.0 17179869409.0 17179869533.0 -17179869409.0 -17179869553.0 -17179869841.0 -17179869470.0 17179870105.0 17179869428.0 17179869809.0 -17179869375.0 17179870051.0 17179869914.0 17179869337.0 -17179869495.0 17179870085.0 -17179869535.0 -17179870130.0 17179870104.0 -17179869924.0 -17179869636.0 -17179869270.0 17179870051.0 -17179869610.0 -17179869611.0 -17179869516.0 17179869828.0 -17179869550.0 17179869770.0 17179869875.0 -17179870029.0 -17179869777.0 17179869308.0 -17179869371.0 17179869780.0 -17179869908.0 -17179870135.0 17179869241.0 17179869620.0 17179869807.0 17179869584.0 -17179869495.0 17179869513.0 17179869565.0 
20 20 20 20 20 20 20 20 20 20 20 20 20 20 20 20 20 20 20 20 20 20 20 20 20 20 20 20 20 20 20 20 20 20 20 20 20 20 20 20 20 20 20 20 20 20 20 20 20 20 20 20 20 20 20 20 20 20 20 20 20 20 20 20 20 20 20 20 20 20 20 20 20 20 20 20 20 20 20 20 20 20 20 20 20 20 20 20 20 20 20 20 20 20 20 20 20 20 20 20 20 20 20 20 20 20 20 20 20 20 20 20 20 20 20 20 20 20 20 20 20 20 20 20 20 20 20 20 
16384 16384 -16384 -16384 16384 16384 16384 16384 -16384 16384 -16384 16384 16384 16384 -16384 -16384 -16384 -16384 -16384 16384 16384 16384 16384 -16384 16384 16384 -16384 16384 -16384 16384 -16384 16384 16384 16384 -16384 16384 16384 16384 16384 -16384 -16384 16384 -16384 16384 16384 -16384 16384 16384 16384 -16384 16384 16384 -16384 16384 16384 -16384 -16384 16384 -16384 16384 -16384 16384 16384 -16384 -16384 16384 -16384 -16384 16384 16384 16384 -16384 16384 -16384 16384 -16384 16384 -16384 -16384 -16384 16384 16384 -16384 -16384 -16384 16384 16384 -16384 -16384 -16384 -16384 16384 16384 16384 -16384 16384 16384 16384 -16384 16384 -16384 -16384 16384 -16384 -16384 -16384 16384 -16384 -16384 -16384 16384 -16384 16384 16384 -16384 -16384 16384 -16384 16384 -16384 -16384 16384 16384 16384 16384 -16384 16384 16384 
63 7 0
-559702.0 730050.0 -921399.0 -168442.0 -687584.0 -616143.0 -823710.0 50155.0 -223679.0 283228.0 -13204.0 638901.0 501955.0 -23112.0 -48041.0 -399535.0 411258.0 -138760.0 -597863.0 255553.0 -944468.0 -531842.0 133693.0 -689316.0 677251.0 921477.0 -594967.0 -228287.0 -228145.0 94806.0 -949075.0 -89132.0 -734375.0 778420.0 -483575.0 -997386.0 868402.0 681357.0 -584971.0 168273.0 -210961.0 -569679.0 -725963.0 655573.0 487470.0 900688.0 -935569.0 922891.0 -56811.0 678630.0 850711.0 841382.0 -797417.0 -181065.0 800837.0 611839.0 203611.0 966239.0 -845034.0 882981.0 311719.0 -648728.0 872763.0 95613.0 -158074.0 -793858.0 189502.0 -826297.0 798094.0 199959.0 -190378.0 -803234.0 38680.0 981712.0 -889310.0 -758849.0 581339.0 595448.0 699453.0 -678961.0 -591166.0 -409290.0 406791.0 421324.0 264260.0 903674.0 -469568.0 946925.0 -245133.0 -512440.0 -313177.0 -707841.0 -750612.0 -908267.0 -870846.0 293932.0 243352.0 127999.0 -695875.0 686235.0 -582721.0 -927282.0 -274302.0 226937.0 -147689.0 -629157.0 -921235.0 886869.0 -803634.0 -678087.0 432606.0 528245.0 -566733.0 -251220.0 -113456.0 304170.0 -499674.0 386253.0 -507592.0 791114.0 -421660.0 953450.0 348122.0 988493.0 -78641.0 107911.0 154981.0 405030.0 
12 12 12 12 12 12 12 12 12 12 12 12 12 12 12 12 12 12 12 12 12 12 12 12 12 12 12 12 12 12 12 12 12 12 12 12 12 12 12 12 12 12 12 12 12 12 12 12 12 12 12 12 12 12 12 12 12 12 12 12 12 12 12 12 12 12 12 12 12 12 12 12 12 12 12 12 12 12 12 12 12 12 12 12 12 12 12 12 12 12 12 12 12 12 12 12 12 12 12 12 12 12 12 12 12 12 12 12 12 12 12 12 12 12 12 12 12 12 12 12 12 12 12 12 12 12 12 12 
-17491 22814 -28794 -5264 -21487 -19254 -25741 1567 -6990 8851 -413 19966 15686 -722 -1501 -12485 12852 -4336 -18683 7986 -29515 -16620 4178 -21541 21164 28796 -18593 -7134 -7130 2963 -29659 -2785 -22949 24326 -15112 -31168 27138 21292 -18280 5259 -6593 -17802 -22686 20487 15233 28147 -29237 28840 -1775 21207 26585 26293 -24919 -5658 25026 19120 6363 30195 -26407 27593 9741 -20273 27274 2988 -4940 -24808 5922 -25822 24940 6249 -5949 -25101 1209 30679 -27791 -23714 18167 18608 21858 -21218 -18474 -12790 12712 13166 8258 28240 -14674 29591 -7660 -16014 -9787 -22120 -23457 -28383 -27214 9185 7605 4000 -21746 21445 -18210 -28978 -8572 7092 -4615 -19661 -28789 27715 -25114 -21190 13519 16508 -17710 -7851 -3545 9505 -15615 12070 -15862 24722 -13177 29795 10879 30890 -2458 3372 4843 12657 
