6 24 128
0 10 0 12 12
3921 7018 662 6992 5437 3384 5351 6771 1602 6456 7330 4852 2791 4554 7697 2736 6641 6704 5860 5116 899 4677 7166 6551 6126 5318 3955 482 4819 3024 2265 4050 4193 1474 2721 5651 4690 2304 2452 899 5765 1468 7157 1904 240 5321 2314 230 3118 6486 1046 987 2169 5271 3817 6333 602 3157 4031 2051 6482 5238 3688 6553 4939 4257 3186 4206 7766 3976 3337 2352 1473 7458 3044 4632 5100 5736 5285 3202 1798 7771 5045 4290 7492 6193 6823 7586 6179 4199 6440 5698 7818 2721 3841 1547 4820 1979 3622 222 4077 1732 4124 305 4710 4266 7967 1977 6884 3570 6835 890 829 3340 7105 2696 2947 3546 7714 7602 1840 5873 6499 1965 3687 626 7067 7425 
2968811 8630168 37416556 -8930840 22904391 -1589550844 1203825 -762968968 -2407989 12286658 42818548 315143378 8448938 635433009 2696913 5141613 -358252300 -72572867 -3123768361 -728438922 1316928427 1463285947 4548663 -1321536 -24002843 -2706910025 -5006060 -2418405 2399935016 10821085808 -2554319 -280992788 -390182437 3047858 -1440841 25143589 46689279 341094257 4730882558 -92647524 2609461 -155741472 762456488 -5862206245 -19915371 783757989 35377203 3198846252 -1164797 158710881 82858306 5852512 3007933972 271646719 335262442 -18472132 -1310094 -9108766721 -180677931 165381863 5996463829 -6083335 -12518495 -19515020 -2885198699 10396532 -2879124 3103417159 -5034609 5921837124 -1143721 70388692 282500612 -22819488 5761268 -187550563 1297574 6288237 -9419211684 -5594191 -23198990 -2360990832 12557197 707254107 2773984102 1346518 33995039 -2797839 5941953 6056450602 9754340718 -171079127 -44520164 -714361671 2322368 -24716043 -45611796 757416662 -4659481 -398810499 -4389580972 -319365174 2432544918 35973441 -684928488 -317200328 -88086865 -179550662 19724473 -663031800 9574672 -10574726966 -376926798 -2249351275 5161971 21370600 -9408481022 45562144 -35662881 1215727 -589629151 1074235 -2990830477 -1108651 768633823 -1522552947 595715568 17849958 
30 32 34 31 34 40 30 37 29 31 34 37 31 39 30 30 38 34 40 38 39 39 30 28 32 39 30 29 40 41 29 36 37 30 29 34 33 36 42 35 31 37 37 41 34 37 35 41 30 36 36 32 40 36 37 33 29 43 37 35 40 30 31 34 40 32 30 40 30 40 29 35 36 34 32 36 29 30 41 32 33 40 33 39 41 28 33 31 32 41 43 37 33 38 30 34 33 38 31 38 41 38 41 35 39 36 35 36 33 39 32 43 36 40 32 34 43 35 35 30 38 30 39 28 38 40 39 34 
-11632 -23614 26783 -14465 -18543 15604 -31520 12956 -20715 -10935 -24876 -13983 -18635 19360 -14104 -29619 22152 23336 -16350 -2413 -11808 876 -16176 30115 19807 14160 25338 -10772 -21867 30325 24904 17365 30151 -17725 -17203 -13820 3422 -3589 31014 -13070 9776 -12631 12796 4288 -20506 -12864 -24725 27485 -22754 -30045 12877 21332 -14987 30896 -28843 7591 30842 29310 -9927 -7829 -749 15881 -14023 6510 18184 -5962 7872 20852 2174 -13497 10760 -10466 -29769 26201 12206 -6087 -3125 10090 -1234 -13582 29906 10554 -29171 12772 -27147 -32257 -7816 -896 7593 18121 -3770 -2637 19532 -28105 17032 -20163 14071 12203 -20762 -19085 20685 18952 -1107 -3719 -31519 491 -28180 -9950 14887 32032 2614 19619 -11005 -3809 22948 -17645 16418 -26815 30055 -21045 -7320 -19645 6345 -8126 -32457 -26363 29587 31175 
-2424335 12404494591 4928659279 -616101761 -5261797 2660383 -389935210 -2818012 3019433169 -5432718847 2803919399 -36000378 8855701 -2195988167 10991914896 -43301512 559477300 -5589938522 1453570 -2953794305 4461708 6400393935 578566447 5748912584 -2824458901 3023050 -5578897 -10615416854 1063686 -5151247599 -8880350586 1439392812 12495996 -24638107 -44259557 -10755843316 94284666 96633316 -674327999 -167902828 374874278 -6086496074 -1603214629 -1607297185 564148690 -4457092144 772269407 -4460517 -74981217 -73939881 -10582809 -1498699 2663093079 -356257498 12226553037 538213618 339060614 8823640 -712911482 -1246269 19992153 -1356483290 -2203374314 2750749741 18938997 -8678072050 -75553281 -4546188 2705176686 10484240 401020759 20608107 -334080362 770408590 180075269 1437181705 -296311596 1583777057 622804722 -1082876613 4390406 -5063602582 -2240249 20942404 5094271972 5019550 804540357 -80781806 137722369 4999233665 -24224650 -9426718328 2184201 188152863 5004288 -79728133 -11260771172 81434926 -345820221 -547652953 36597547 -2901663339 -81163935 5862442714 4434482 721195087 -90916488 -1551207767 83368270 1118389 -5171040 277097446 5984080250 5592868584 -2653779 350760282 -2411305 1469807 381299219 2625872 -4362354 -5448799195 19666957 397854081 -550395559 771886958 400723322 -615855144 
47 60 58 55 48 48 55 46 57 57 57 51 50 57 58 51 54 57 45 57 49 57 54 59 58 47 48 60 46 57 60 57 49 50 50 59 51 53 54 53 54 59 55 56 56 57 55 48 51 53 50 46 58 54 60 54 53 49 56 47 49 55 58 57 51 60 53 47 57 48 53 51 55 56 53 56 55 57 56 55 47 59 46 49 57 47 56 52 53 59 51 58 48 54 48 53 58 53 55 56 50 56 51 59 48 55 51 57 53 46 48 55 57 59 46 53 48 47 55 48 47 57 50 53 54 56 53 54 
-32177 -20137 -1253 1655 10419 5795 -20519 2670 21724 10686 22411 -5192 3121 -25930 15713 15713 15905 24993 17150 16393 8661 -30522 -21591 10278 21356 -25950 -5543 -30927 -28451 26092 2504 -11607 8631 -32573 -7161 9964 -24245 -17518 21082 25381 9601 436 -11623 9787 -7128 -2924 -9847 -20006 -8601 25944 -16524 24624 32073 -19349 -21112 5826 -17124 -18938 24279 28649 -10894 -585 -15595 17488 4414 25785 2666 22402 15790 -19763 14315 16364 -1720 18851 7553 24929 12562 10967 14565 -5043 6949 24036 -26447 -9568 15134 -4722 11720 -23752 13303 -6738 -27373 -23126 8820 -21590 28767 11327 -24601 -26636 28358 26391 29748 -430 29304 -28374 -14140 10658 31319 -18536 16449 -23150 30031 4813 -21434 -9257 -1758 2069 22671 -31870 14280 11794 10282 -995 -18430 10455 -14327 -4304 -11678 28025 
-4580583 9492269 761442277 -9419915221 -5686951 -391663205 -2456590 -147552044 -2505960278 5210563 42233132 -1062264 11252307 1539486 -3111369665 2276404491 5782366577 -44275702 -380166321 -544683004 -6203976 2344726 -21849313 -3188531566 -48668078 1075938007 -1115684 5995149236 -1509694 -48210703 -34600817 24586660 160745975 161470474 -1390600 -9580771765 21434609 2552683 -169644892 81782381 -3177331145 21136903 -356709930 3165625796 -565074736 22483082 44666651 -160577629 -1543238 23261283 10082043 193709424 3153075634 2857347959 1205534 -88914839 86236701 -75166342 193662858 -20608704 184728343 -5738623940 -1505846016 -318459781 -48979461 -5994465 9379228166 91737768 -36668098 -9647690490 5159640013 320083051 -2757197650 -162254721 305802716 1168009979 1487458 -10203264153 5057958294 -10321185 2998858 2728010 -2302092357 -2379533 -8810986 2499252 -5039238 149580373 -552451247 -95971358 22273886 10980277 -9179950 -100662591 -24933865 -11245545769 -21315397 8422681 -3138882 738518817 643970128 2258554 97580129 2871978220 9018003 10602033 2701105811 1252493 -169798705 579504649 84040270 -35745451 -291618096 9610336 2418242 -43629470 -1127976455 -1423418 -2420918 -18932949 -5698331 -6227839 10301478 2684722041 -2418684 -185268197 8687221959 342486968 
28 31 37 41 30 34 27 33 38 30 31 27 30 28 38 37 39 32 36 36 28 28 31 38 32 38 28 40 28 31 33 30 34 35 28 41 30 28 33 32 39 32 35 39 36 32 31 33 27 31 29 33 39 37 28 33 34 34 33 31 33 39 38 34 33 28 39 32 32 40 40 34 38 34 35 36 27 41 40 29 29 29 39 29 31 27 28 33 36 33 31 29 29 32 31 40 30 29 27 37 36 27 33 37 31 29 38 26 35 36 32 32 35 29 28 32 36 26 29 31 29 28 30 38 27 33 39 34 
-12993 -11500 29664 30538 21322 -45 3776 16049 -6305 7780 -2583 8899 5113 6892 11522 -28046 4630 -2653 28382 694 -23883 -23677 -10682 4135 -17861 2084 31945 13112 -18265 -13226 -21290 -28945 25724 -23786 14952 -7056 30590 26589 -6588 27690 23021 -3071 -10845 -18676 -30761 -22148 -4894 -1325 9476 12308 -2421 -29198 -7482 -32608 5004 -3569 29475 21214 2769 10086 -4352 -7702 -25115 -16640 21687 -12926 -14664 14420 18845 -8243 16326 19116 8615 26985 -31627 25782 26336 -28265 -23073 -8500 -21506 -16312 -16197 -11086 -14497 20360 -24634 -15317 -6865 -11588 -22945 22789 -21775 30354 13346 -31190 11626 -29927 -19294 13968 26288 -25851 -4825 -28186 -7400 -11387 -14068 32192 14195 23559 -13442 -30853 4456 28526 -2848 13515 11559 21885 -12051 9378 -9327 -21631 -10793 -2902 6934 -509 860 12989 
1505844345 74384106 154978298 -189135420 -2234469531 12192620092 83307896 -1392078560 -94429557 2946883106 -5929068 -41634685 153254275 293780494 -22110008 790429471 5211787 91716424 2899816 -1275368560 79878602 6067780 2916155 5204049 715616221 -399717701 20637767 -3192256119 -368670210 -43331446 -16959701 12685874161 2710215590 44540898 1440690690 2648082649 -5534510246 149041605 286764712 23674977 -2111829 -99325412 2529313 -23651258 -21958949 -3084763029 12774288226 -1290904120 1591087300 1320277558 -1104476 -1398689 162517664 -1052369 19995808 34915297 19888361 694579589 -21778946 -2618261987 -2836205 -5515946 -21225910 -16779279 -10817225 1551345736 5862335 -39463826 363671301 2753585 2998303343 -17491515 -17563120 380692999 -11392361 37513913 5306772 11271925405 -712481910 -136472256 2263237445 1265829217 -49568295 -18768595 72661837 11946854740 -3167724514 198982136 -547771624 -142781002 -96992950 -2461315314 -5654074 9410945862 5930455154 1362765 380517582 163902341 -92629018 8742369 36118003 -10463560865 681996035 -2646848 -9051978668 6204843042 77088674 36447476 9292751169 -159420914 -770341009 1165472 1480149 11371154145 -684762569 1564010 2152280 1340401678 -4349493391 -2856347 5573996 -17711988 -2799136 -1350805801 50138230 -88685680 1323365 1398474250 
55 50 51 50 55 57 50 54 51 54 45 50 50 53 49 54 46 51 44 54 49 47 46 45 53 51 47 54 51 49 47 56 54 49 55 55 56 50 52 49 46 51 45 47 47 55 56 55 53 54 43 44 52 45 48 49 49 52 47 55 45 47 48 47 47 53 47 50 51 44 55 48 49 53 48 48 47 58 52 51 55 53 48 47 51 57 55 51 52 50 49 55 45 58 55 45 53 51 49 46 50 58 54 46 57 55 51 50 58 52 54 43 45 57 54 44 44 55 57 45 45 47 46 55 48 50 43 53 
-27326 -17016 27566 3588 6497 -16008 -17884 8490 -24536 6364 -1852 -14518 5167 -3549 -32252 8453 9568 287 -31174 11231 -928 -5325 -11481 -6786 25189 23733 -6625 -30157 21370 -9088 494 31291 -23644 28146 -23477 -22182 21376 -19225 21927 20812 -28915 -20124 -12070 -4529 29591 21458 -6722 -17766 24521 -20059 21249 3713 -26522 6270 20726 -27105 -23535 -13301 4040 -5248 12483 -14411 25486 25254 24634 -12037 -24722 12382 12124 30119 29986 75 3664 17765 -31690 4386 8251 -17070 -7039 -21599 -28208 17336 1148 5305 -25804 5337 -27797 1487 -30681 -11831 -19758 -20919 -2216 20777 -29858 -4983 -28669 4012 -7449 -23557 -12443 26853 20053 -7642 -10815 -12482 32714 -12431 -29372 -8059 31954 -14589 -25850 -18077 -31703 -15400 21757 9261 -5775 -25864 11112 14643 9610 -11404 26858 15888 9088 1818 
700189476 23352829 -11283483 -168255746 -75836867 -1356273 -3123675747 -12284898954 -1516664430 -169030584 12511093 -10514588 -4667485 2117421 10318329707 5642447 -1143219585 2212273 -2634422081 22006824 669185692 -1174210 -37753981 4799754 1538194 -5610941220 -156268864 -24759157 -370787352 -387501444 -275097460 -5340749766 -2949751920 10743781791 1287099 5002910762 588502628 -1140299 96524401 42348077 645181325 -2478226732 1095708691 -5958381238 -302682245 40567797 308408764 22978543 -1079520461 20841973 -5910655 2765441 -2983357556 -1308103 -2430326855 4201652 -1302376 -2483766 287304578 -36717266 -12514577862 -658341246 -17586460 1436910245 79573363 2388718174 -24882335 1335865771 -1414908144 -73322559 9655763571 -4395989 -5682059916 -34368726 763901877 9324910 547128820 -1273526 -1501927 -2675440282 100146515 298434408 307189760 -1176689696 290825101 4382891 -8911712 2502210 1333175661 -375375181 -4676002 78167073 -12544913826 2989160875 2574992362 2749441 -71618202 18511367 68316915 289878102 -788257092 -2622202 -183368553 -1581858706 384862150 637518604 2387794461 -4526540 156294503 -1166256163 179796446 -138644849 -11227005770 9396060 -1298799 -158901304 -38350542 3021650 4624891468 -325085407 -613859875 23816529 1096176 1384711 -347104225 385163474 6069764450 -571749548 
47 42 41 45 44 38 51 53 48 47 42 42 40 39 53 42 50 40 51 43 47 40 44 40 38 52 47 42 46 46 48 50 50 52 40 51 47 39 44 43 48 50 50 51 47 43 47 42 50 43 42 41 51 39 49 42 40 40 47 45 53 47 44 50 45 49 44 49 48 44 52 41 51 44 49 43 48 39 39 51 45 47 48 48 48 40 43 41 49 48 41 45 51 49 49 39 46 43 44 47 49 40 45 50 48 48 49 42 45 50 47 45 52 42 39 46 45 41 51 47 48 44 39 38 48 48 50 48 
19091 13238 21240 29527 29590 3516 -9205 24590 -19630 -30604 -5591 -31524 19441 7438 2372 17464 -1409 1537 9209 6515 -1101 9260 -22025 -8687 -9921 -16545 23589 -28142 6596 14095 9382 1916 -126 -29943 18821 23858 21691 -18569 30323 13995 -19119 22693 11608 -9463 -565 -18346 3028 -17984 16851 -11234 -22785 31846 32681 32391 6299 29500 8053 -6013 -20646 -26014 29546 10611 -5817 16810 -30352 25876 -1602 959 -3836 24196 25798 -8827 -935 -31128 -21124 5808 -312 9646 29164 -16902 23075 -2955 -27392 -10696 28819 23433 -10167 25114 588 -18099 -20043 26163 -15128 24422 6078 -13793 1483 10816 -3574 -7903 1339 12667 -23441 17182 27872 19442 14701 2778 -25748 8656 32150 -30711 -10364 -3856 18606 -11129 14473 -15449 -8304 -12376 -7572 -591 6428 7051 -12482 20008 21832 23655 
-172163429 11944040660 -2607187059 1534572 -2253995 758468699 5576075 -401184855 4748282 155067082 342163318 1264591 -2444948 -97947198 -3186510610 10554465 -1188055 -5513494 -9226589 -1097423957 9781981425 1172326147 -11201643066 -183878900 -78566074 -21237008 -2386671509 -4745897528 -1316080835 301724285 -4765275 48495222 1339942725 -12577987 -2148387 1250855180 43883283 -144753586 619126746 766608375 8870259 -10514157 -95287158 630548890 -19246062 -152180227 -5723904 -5620448987 39648229 -2352326 -17561527 -33644401 -11184473134 -8801552 2599830055 -19116395 16903049 11347726 2834512 363744048 -692959124 -92526201 -18805386 153468314 2818934 5422896 159667169 -764244105 -342732460 85391931 68351428 -10738408 -5879248 82770368 22804866 10342583465 1443547 6117195 165318301 -1352640257 -161964943 329555500 -270295129 -10844962883 690373827 17351124 -182346410 -5160227718 -25117441 1298937217 -48646623 -2537990 -9130155 11177409947 48916172 -82070794 12732015421 -1487980791 2252070 -1443816280 -137325860 1374729 1346669 5841789703 11658111208 -18825842 -2942091366 8882948 4772135827 1119867 -182601951 9030165090 5652775 -12601905802 -9042321 157084849 -184987957 42206352 -2869927 142455352 181577158 -1051844 2459725622 46555684 -349148488 2593644191 -5491996 -3158687471 
32 40 36 25 26 34 27 33 29 33 34 25 27 31 38 28 26 27 28 36 38 36 40 32 31 30 36 38 36 34 27 32 37 29 27 37 32 34 35 34 29 30 33 35 29 33 29 37 32 26 30 30 39 29 37 29 31 30 28 35 34 33 31 32 26 27 32 34 34 31 33 29 28 33 29 40 25 27 34 35 33 35 34 39 35 31 33 37 29 37 31 26 30 38 32 32 40 36 28 37 33 26 26 38 40 29 36 28 38 25 34 40 27 39 28 32 32 30 27 34 32 27 36 31 33 38 27 37 
-1211 -9257 -9761 23566 -10296 9137 11308 7112 -29049 7363 -20905 -16646 -25935 16772 -3641 29537 -25521 22039 -15890 24086 16323 -12675 -28060 2617 20264 18448 22585 -24330 -22254 11054 -16279 -14044 29484 9998 -19919 18430 18865 16518 -10533 -7878 18177 -25981 8705 -17934 9412 27824 -15296 24654 -21770 -3124 19077 22905 -24648 18785 19956 11180 -27130 26156 13813 -17018 23134 19456 5393 20447 509 22808 -9780 7398 3565 29358 26078 29469 -19230 -28298 3557 29517 6513 -8811 -19111 -15670 -18826 10898 -17747 -26507 28827 -17877 -21895 5745 488 7048 -9687 -27281 11212 27007 18364 22662 32173 29794 -22217 -15639 -20399 -10797 -25390 18995 24430 -23734 -25335 -12193 20189 -29075 7426 28180 -13776 -15853 -2068 3159 -15606 -31291 12634 -26376 28018 17387 18280 17685 30112 -27392 -22099 21067 
-679622931 -2686476576 729583130 -41732083 -9679766 10660559 181479105 -5410092 1347026181 1506965 348977072 -712059659 -1197082998 22083448 3007686 -4208924 75081258 -2543349 10468338 -76044278 -11179516992 -11868534 2729748 1123800676 -2641534 9246409 -11573324391 786583550 24534469 -5681511 -10907418357 11587055 5049345 -277641186 4698935 82192709 -2192946409 91184828 10197354268 -2564357 89240675 585657778 1539613405 -2356533889 4803523258 12531498 -44739228 18637144 -20058333 -350900304 -4697604 33872937 5759076 -299010169 4921613 3004078 -633747950 187810292 91651714 2644685 -5356073277 88665156 4410617752 80788371 -2587793526 68858577 8449323 47963775 1358513048 -74095236 -6079801 -72041953 -2438699419 9349904617 -2277262941 1268488594 4303077227 361189681 -315729905 137948788 1300842439 -11331896631 3022622 4737406 -22361880 9285596324 5869982684 1439521 -6125379066 308006962 -21947281 1348472814 2312057 -19038441 -1445768073 167304505 -380821587 1090118343 -5735602 47810811 -9477366 24592421 -24368315 1258540676 -1427114662 -4927622399 1320039 10895726 1153186 -2358764279 -11021054 3071792 -1393664 -1218243040 -10390966 -5896470 2680635 -19228686 -5603764964 1192392 -1323090690 -355481065 2577628 10240074 9734130510 38331593 -5009287963 -4918195 
39 42 38 35 34 33 36 33 41 30 37 39 41 35 30 33 36 30 33 37 42 32 31 40 32 34 44 40 35 33 43 34 33 37 33 35 42 36 43 31 35 40 40 42 42 32 35 33 34 39 33 35 31 37 33 31 38 36 37 32 42 35 43 35 41 35 32 34 39 37 32 35 42 42 41 41 41 38 37 37 40 43 31 31 33 44 43 29 42 37 34 39 32 34 41 36 39 40 31 35 34 33 33 40 39 43 30 32 29 41 34 32 30 40 32 31 31 33 43 31 39 38 32 32 42 35 43 33 
-2257 24269 -10207 -21635 -6536 8442 32461 -9312 -8486 30462 11838 18428 16940 12799 11673 27865 18601 3365 15897 12580 13072 27497 -4909 -5908 3522 15653 8461 -29715 -13134 -19914 -1709 26828 31463 19798 -32667 18874 -855 23693 21292 14274 -21949 -11562 -4089 1850 8299 15670 -16086 -22406 26375 -14463 19284 444 1879 -15338 17778 -28073 -10111 4659 28857 27760 22077 -24661 26282 14872 9433 -13136 2143 -14902 26059 13458 32261 31755 20123 14491 30104 23110 18995 -28887 -26375 -32131 -22326 2142 6335 -4525 -23179 -10903 14666 12234 27438 7825 -25779 -12503 -8478 -14079 -10586 -16924 -8386 26777 -13373 -9918 -722 -19933 27984 -22007 -16513 -31677 -22295 -10832 28443 5488 27122 -5889 -27166 10298 18025 12713 50 26766 2484 -30217 17420 692 8266 -19317 -30370 -23145 -116 -19406 
-8962509 11038000 -9856829 8989518 -1149256281 19792043 18400507 1153674 -11405856 -1398945827 9481193 -23441309 1254089 325797697 -45037032 10926137228 -1315728283 -157487046 282316155 -10080130800 93871756 1251368753 -22935593 -2273395 5559278827 1215510 -322363899 -2295446 -1526407 74419591 19700824 556814431 -641376592 5399829009 67749457 -676858719 2174836 332473836 10450673 -2766272425 -24870008 -183171164 1302275334 170396771 -2324442928 694581021 678506075 760364209 10254733 -778813462 2213062623 327550223 2579495438 -9534699 46766173 -3122252017 -1508930560 22587950 45434054 2663224 -94506330 1341537 87971754 -2642126193 4469575221 5022812189 2119170 2841980312 -2748327215 8428219 46565334 -42402073 1494409 -9960390207 -10567851 -2258509 -293685886 1410053 -11167844354 -3121798403 -2657554805 -81236111 -1290744 -665433259 -4809081 319234041 40194692 -90474267 -4339010729 -11841463 69485807 -5606120 10718227 745537034 1172150 -1144415 49431201 -4265774 -2236146 -299077458 -1303826040 41519805 -4962016 -146523473 -4827515243 -12596543539 -10631304409 12133837 -2476747 575110227 24152168 -11695589187 -24898057 12567749 -34439131 -11847215 -1368344491 -48631651 12076834153 -1207841524 5236098 -670731094 -8593558 10090502 2273357 -96807805 -2386084 1364734 
53 51 53 53 59 54 54 48 52 60 52 54 48 57 53 62 58 55 58 61 54 60 54 50 62 50 58 51 48 54 52 57 59 61 56 59 51 57 51 60 53 57 58 56 60 58 57 59 53 59 60 58 61 51 55 60 59 53 55 50 54 48 55 59 60 61 49 61 60 51 53 54 49 61 52 51 58 50 62 59 61 56 49 57 51 57 53 55 62 53 56 52 51 59 48 49 54 52 50 56 60 55 51 57 61 62 63 52 51 58 52 62 52 51 53 53 60 54 62 58 52 59 52 51 51 56 50 50 
-23341 -6548 -25142 -27175 29963 -11767 24853 31397 17774 4776 -9909 -25415 27743 -20537 4370 12381 27864 12798 26521 -31949 -25056 27494 11192 3464 -5232 -22114 -11602 -20576 -24709 13390 -5126 -5219 -5068 23497 23886 10433 5336 30006 -25146 2092 6146 -25101 -26567 21262 -22498 -17072 24374 -18957 -7368 17270 18036 -15755 16875 -21835 7875 -26929 6095 23305 13094 -28380 -22011 -31036 -30567 -11047 -27291 27910 23598 -24721 -28425 16681 -10979 -31724 24128 -26292 -19386 27992 1234 22965 1611 23967 -32279 -13581 -32147 -9512 -30342 12981 -11253 20871 -18734 -9727 2839 -11862 31960 5741 -6781 -17067 2092 20120 -18337 1134 357 30506 7323 -14502 -10970 -18805 6546 7310 -18174 -3033 -19417 -20226 -13757 -29215 14907 -19583 29656 10255 -13269 22980 -4717 4080 -9755 -1805 8450 28950 26855 -7010 
367373586 86573998 -94152170 -156746349 43853260 400896465 3199184557 70408963 97257755 -2754948 2328786 -2231060873 664472502 379104904 1117208234 2512259523 -3014161369 3048194975 1311026492 -11582802665 -34951454 2359068 -2980486759 -1336519 -22004901 2642218814 -2290349517 -2398508 -36883742 12116138360 -1172368 1144662198 -162733214 310499502 2150063219 1067177 -192199779 2165241 -743820019 -272320520 -46750223 -169574343 -9162810 -2150690574 -302046871 1264098849 -9174574 -2544078 -12282685 285864830 -1356950181 -21007000 -39487638 5846274 -2373824041 1157735 2335899 -149014295 -2264323179 -752647048 8602884063 -198539689 611319753 -71578198 -1552378435 2670764 42467718 1468445556 177834801 -12279840493 -80406738 -21560509 2658172 -67853248 -2526160804 11465171 5181264 21714368 -50123779 -4735072522 -42626103 306478382 -2527561 179124706 -23468752 8583097 -2508615883 1259509 5747966978 -5668705275 12822222443 -1425787 4981569091 78920567 11132750917 180908301 -330763672 6069058 -2173872 -1166429 294184629 -23906991 1561082 -557768384 -8521564 771094339 -9609771 1312085060 -1542982058 100411774 791686182 -96470364 -1199753 11929405 1518344 97045553 753474090 -2488688969 4226416 -4391349 -4594072 4335000592 694193759 150703959 1136536 1102775 -582328183 1446783 
49 48 48 48 46 50 52 47 48 42 44 52 52 50 51 53 53 52 51 56 46 44 52 43 47 52 52 43 48 55 41 51 49 51 53 42 49 42 51 49 48 49 46 53 50 51 46 43 45 49 51 47 48 44 54 43 44 49 54 50 56 49 52 49 51 44 46 52 48 56 48 45 42 48 53 45 45 47 47 54 46 51 44 48 45 45 53 43 55 55 56 42 53 48 56 48 49 44 44 41 50 46 42 52 45 52 46 53 52 49 51 48 41 45 42 48 52 53 43 44 44 53 50 49 43 43 52 41 
-26234 2721 19636 -14202 29460 1192 -25308 25444 -22580 19605 -16688 10052 2598 30730 -23190 11154 17059 24576 31312 -6356 -15043 3375 24753 -21923 18652 -12953 -2105 10587 8883 13353 -8367 7430 -13631 -5338 24028 13453 -19545 15529 2309 18761 -5181 21021 11955 -21673 25495 -16737 20954 -4598 -10212 -14575 -22064 6610 -25931 -11533 16528 9294 28058 28955 -32070 5811 20684 -30802 23022 -26897 -29765 -14472 -10111 23119 -2655 -26115 -11136 1536 2256 -27810 26336 -5364 -15532 -15828 -24342 17969 11471 -31957 -27356 967 3548 -579 27985 -18845 -29165 31741 -11257 -30272 -12020 13016 12874 -2619 21312 -31477 14532 14499 -32526 15608 7591 -18518 23143 -25691 -15961 -29054 -14196 -15020 11323 -10634 -14787 9794 26447 90 -17390 -4565 4178 -28399 -26419 16055 -17624 12086 -1623 -31655 32710 -5278 
-1195121 -181065478 23214437 -5526741 99093346 1604479215 1361462 -47847636 -137484415 87090460 46083580 -156977472 680813551 579405437 -94835003 -6091879 2850142 193763653 372038296 4422987540 48347640 35130783 2944096 325628851 97082757 45774898 36309043 2324630826 -5630722 -277325305 545792243 353879216 -4701524189 160672655 759372638 -12879382405 3145281 24757799 -8653895660 3049321134 -69490244 18259740 2654622332 -360239932 748078757 9429731802 -4981871439 23044262 -10682595 -10066511 10086595853 -1156243247 -87330911 2722646749 5213280893 1303235 5735149 -84145006 75740619 1270050 -11036928 -4859276 43834310 9421868 -5022660 -12154361 6011905 2717252 2769007 -298814907 -10140033794 -1356666 9944064 -2299192046 -4883246 4837318999 4292707 5700145475 -638744929 -3031477571 -5209319717 2818088 740884843 -24160192 713331747 -6264343999 -11033390 -21460751 -9019875579 -395022741 -286521746 693083041 2170932 -158783711 -4886603190 -17053672 2900626 92106946 274448453 -11652232 161526364 18334064 2374841 -1336758 1273450759 -147054699 -5728562448 -4625579 -94259963 -83329361 -5396524502 87623300 -1502702 -11070423 -8999089959 393947806 374431038 71079654 -43179016 -86367348 -2431483293 -373300795 -1430321 -2188062591 -1255260701 -346942438 -373470511 653412907 
26 34 31 29 34 36 26 32 35 32 33 33 35 35 33 30 27 35 34 39 32 32 27 34 32 33 31 38 28 36 35 36 39 34 37 40 27 30 41 38 32 32 39 35 37 39 40 31 31 29 39 38 33 38 40 26 30 32 32 26 30 28 31 30 28 31 30 27 28 35 39 27 29 38 29 40 28 38 36 38 40 28 36 32 35 40 30 32 40 34 36 36 28 33 39 31 28 33 35 29 33 32 29 27 37 35 39 30 34 32 39 34 26 29 41 36 35 32 31 34 37 34 27 38 37 36 36 36 
6289 -7793 -23994 -17358 6417 -31360 11816 -12661 15689 32133 3042 -18204 -15077 -4993 30721 -16637 -9142 32074 -26602 -30091 -21259 -15182 -2920 15346 13445 -13397 28226 -26155 -2643 -17574 27936 -11104 -26307 -13416 -3513 16705 15827 -11730 -3451 30103 29441 15348 -14904 -10115 2743 16405 11988 9149 -16634 23397 -27272 26468 -16074 14566 3451 12018 31039 3830 -7333 -5049 26897 12858 5661 -13969 13688 31489 -29631 -22370 22801 6841 14581 28196 21916 -8309 14118 24057 22209 297 -24131 -31622 -17677 3226 -14256 13539 19330 -30022 9823 20193 16517 31911 29722 28755 2237 12713 -4 -9810 -22010 -633 8888 28702 21964 -1382 22604 30956 -16575 29516 -180 -23825 -13239 -26511 -20901 -7698 1177 27839 16726 5662 -19021 -4836 13898 -7378 -1674 21078 16409 -12949 -18926 10654 -11385 9635 
-10552523 -21872443 -2480734 293494026 78995210 1062056 -2774261424 11238630238 348679225 -48954927 302733484 623441203 1176459 69545186 11406513660 -1143155 94832561 -1393329873 1508986963 -4720302981 -733025699 4302641080 288764425 -1118722 -9251411364 5969384241 -694232353 364565791 11470073771 -34680870 -68554279 21928098 324909730 12032114 -88296660 -3114994280 198998552 10926766745 -2718971 23209365 -2893017 -2128639 -2795353832 2629784 70285470 20751063 68414541 2439351 -11833401 787541883 10740818 -11654898 10275712300 -744755458 -6055971 12880519125 -778651237 35183078 -164914728 -9349856598 -74870639 -10929811145 -37866814 282972487 -44554135 -4829291 -2736066481 -366715908 -1327138 89130435 5817934426 2474306 35928127 -46832886 -19887189 -6430004836 3045756 3004758 -19594376 -11870893473 2877534862 1545464398 2841877716 -162818218 2577911 -2590056741 1415099552 -48979558 -10483813 22586906 2303835 -17793205 -43944325 2946580 1463274 -8669196 550705419 17856964 144032931 804517161 2524268426 -1465382098 12331283 -1083629 -2201041432 1370369 -275827646 -6124370430 2347839 11087541478 -10903931975 49437169 -4472879 -395477964 -1460869939 -11435378 -91415351 -12098131 3068671742 -1539784 -5264690 -67393744 -5061735 -50155692 12018424130 2240252 5899036 -5745828 
30 30 27 35 33 27 37 40 35 30 35 35 26 33 38 25 31 37 37 38 34 38 35 27 40 38 36 33 40 31 32 31 33 30 31 36 33 39 26 29 27 28 36 28 32 29 32 26 29 35 29 28 40 35 29 38 36 31 34 38 32 40 32 33 32 28 38 33 26 31 38 26 31 30 29 37 26 28 30 38 38 36 37 32 27 37 36 30 30 30 26 30 31 27 26 30 35 29 32 36 36 37 30 25 36 25 34 37 27 40 39 31 27 34 36 29 32 29 36 25 28 32 28 30 38 28 27 29 
18284 -22842 25409 22577 -16543 -14742 -12620 27004 7754 23048 24842 12491 7332 -14405 -14135 8958 -8984 -22088 -11787 -14875 -3742 1628 -18263 9353 10238 -30382 -4290 20174 -24342 31621 3899 -25423 13085 -12539 -6453 -1452 -32434 -13585 -19456 -10087 2338 26969 -11150 19519 12733 2064 -6725 -6110 235 10259 -23593 -9797 -3302 -32422 -29305 28355 10146 -18789 12331 -26224 -27289 11159 -1777 19133 26338 7070 -32324 3976 12526 25920 -28407 -14979 31348 -9985 -30948 14630 7664 5272 3429 -24348 26651 1256 -17994 7633 17211 30857 -23854 29527 -18202 25547 25013 500 -13284 -31102 -3785 -18641 6730 13740 8156 -22341 9797 -18676 20296 -28216 27675 -9952 4612 18693 -6741 -6174 -6431 8329 8292 -22202 -14815 -21951 -2609 23191 -23910 25323 15764 5938 -29381 -29979 -43 -6075 -13237 -28087 
-47778901 -2261109 146008516 49344815 -94784079 165779049 2218858402 -5423587042 -3115192 -10397042483 300893271 -693944179 -4831152496 -613952943 -2615145 1448158852 -2748699 46240883 2433437 160876555 366739925 3205363511 -2352952 43217968 -17192430 2248014 -9357697 -186424109 -183581771 -1295864080 -12253655480 2261885410 35989220 -35638843 -8800411694 -401955254 -10011787778 -762538957 17615908 -618444342 -1515161924 193598569 4781724 -142139134 75417505 20970280 -5657527505 -84335177 -4556393 -10422459740 -6246577 -1404938 4947629 632715173 -11462359 -9582570524 -5642732050 -4691292189 -12337611 35660014 -5625573 297902233 -2635675695 19279560 38634026 1388550209 2661298969 6250374100 -1276820080 772749870 2916460 780110384 -21219063 -18669823 2944075 1402092 -4911771 -2266285188 779007766 1172704 -82769836 -18186384 97840699 10341307 576606645 337156110 -5070176060 -640170451 5820269694 9920974 392947214 386275626 -6039565244 -2312184915 -5629214 -4993730 1134524 -1115284685 -47071840 44651208 2871612 9310071 -5033186323 2277654 -1160264540 -12489239 -171309468 137584951 -375908722 -177170075 1497475 37967077 -1103589715 21033852 8764135861 -5111953739 11707788 -10848516028 36852281 1490350086 5075156 -9470364681 20227514 -2789297822 2191688067 76975618 332743882 2440996 
33 31 35 35 34 36 40 40 30 42 38 39 41 38 30 38 31 34 29 37 36 41 29 34 32 30 33 35 35 40 41 40 35 33 43 38 43 38 34 39 40 37 30 35 35 34 42 35 32 43 30 28 31 39 33 42 40 42 31 35 32 36 40 32 34 39 39 41 40 37 31 38 33 32 31 28 30 41 39 30 36 34 36 31 38 38 41 37 40 31 38 37 40 40 32 30 30 40 35 34 31 32 41 29 39 32 36 36 38 35 28 33 39 33 43 42 32 41 34 40 31 43 33 41 41 34 37 30 
-26605 9607 -29543 -8439 7654 -11661 26940 12713 18806 -17644 2083 -20728 -19120 -3523 9808 15741 -20720 3123 -13345 1813 32716 -30040 15334 23230 9772 12418 11585 9481 -11271 26132 22365 28363 -11339 7804 14982 -1373 -31339 12864 -4644 271 -26316 21126 -479 -15583 -19922 -620 -15442 1782 16243 -31756 -19296 23578 -7063 -28856 31359 25167 227 21771 21221 27623 14993 -17102 -16303 -19718 20808 27458 -10828 22898 -7708 -31416 2506 13861 -28377 -7695 -24185 16821 19217 -2177 32302 6318 -9567 22257 -31295 10648 -14899 26748 17110 11973 18558 -32744 -14660 32220 17385 18918 -32569 -10896 -17569 19993 -1826 -31295 -12873 -7402 30103 23300 -17342 6601 8511 -18817 27732 6365 17805 6783 -16122 -24258 -29036 -21490 14278 -13403 1904 -137 -6727 335 26512 -25559 -26294 -12591 23002 2445 
-4250412 -347107408 33665303 1411309 2479793344 44958662 3049187 -142545954 71132012 2307055152 -5547970 2242533074 38946052 -4272179 -3070809124 -4937366 1200888979 5002530 334566638 1562764 -17186081 -23618069 -564420874 -23533654 1453294505 -1475388 -675386992 -359221190 -4285338 -1521590598 703535082 -8501228 -5462830 -363029111 -38696679 -2822494238 -2192956 -23002705 5406455 -1190359 -2176553750 35929981 -1345410 1537119255 37707387 -9998945 292694534 1438143097 -2578199 -12561898754 10651310 -11085688 -2938467 -22384989 23585485 -4903002 -9044584 -49128961 2499121 9400899013 200895060 4722237354 8511597 -5965036 -1291958514 -648088074 175202695 623998071 -17193373 1381871660 -2228015283 -11768499033 1273285934 24851103 755695459 1475546 -2137643 629953613 -1447234 5716232020 8774847 -393374273 92791543 -1178308 -38933889 1435002891 -2530419 48326852 -12581881 -3067912581 -2758243938 189613202 -5224733 151119332 -9250312266 -39233142 20386278 86295150 391216933 49886717 17292938 770895658 -555137884 41772224 78446543 -17974129 -1507761950 2411738 37565214 1400509 -1365183720 -88314032 6141764 72208464 -9063989265 -76733653 2823724589 -11206287 181522605 -19458534 -192522040 164744293 -6078653756 8619901 1567722 1531663864 194456859 1095504660 
32 39 36 32 42 35 33 39 37 41 33 43 37 32 41 32 42 34 40 32 35 34 39 34 40 31 39 39 32 40 40 33 34 38 36 41 32 34 32 31 42 37 32 41 37 35 38 41 31 43 35 35 33 35 35 32 34 35 31 45 39 44 33 33 40 41 38 39 34 40 42 45 40 34 39 32 31 41 32 43 34 39 37 32 35 42 31 36 34 42 41 39 32 39 45 35 36 37 40 35 36 39 40 36 38 36 40 31 37 30 41 36 33 38 43 38 42 35 37 34 37 37 42 33 31 40 38 40 
13092 -1870 -28673 21164 -13940 18272 -6071 -21253 25260 16002 -15151 -24168 -10102 -9080 1635 -2209 26230 30724 -18269 -19894 -23110 9780 7065 -20865 -12083 -1664 -18731 3470 17294 -29413 -24531 -573 -4449 -935 31025 10099 -31550 11567 -19881 9040 -4594 10262 7706 -356 31969 -18593 17893 23522 -2265 24967 24552 -26223 23316 -3909 -25660 -27555 10889 -18252 2470 15899 17611 -29090 3786 8777 13029 4420 16145 -205 17134 17596 30764 25748 -28873 21015 -8868 4969 -6287 -11216 12682 -996 -7622 30597 -23312 6044 -12606 30907 999 25675 -15067 31716 -13969 -2878 29323 16994 -8415 -15419 -6960 -5495 26723 -17965 -28371 -28018 14391 -2581 31962 -27963 -23956 18296 20847 1296 16750 -31602 -28029 7682 -25296 6772 -7092 27258 14790 26557 12269 -2421 -22608 -23227 2705 -10877 -2126 -31110 
3112360 340993129 2206705200 -22482928 -21577542 -3173614076 16878310 -1153256819 1471885 -97819271 80617898 -45007262 -9580527 -590470301 2672101387 178224903 179446029 188843660 1327070484 1471003 -48153915 -20870078 -6166620 -586267068 1456561 -1084879484 2423919816 12449300 556350741 1281598 8818436233 -1322691 2923557 -3108454 -2543721 2352298675 -731272737 70081199 -144063930 -8921370580 2574109 2782761 -8564933 -41981916 -19995112 70210165 -275554098 640689719 92196545 41529473 1263374570 -89973124 558531343 1187818706 2204974 -2320182383 -82514808 387062360 35413428 23539131 -2631945550 148472672 1166590 -1084334888 2340218919 1215704851 1513491 -604072824 200842983 292185475 4443620 166212201 35016343 -2299072 -21525747 -1396563 -9803539 4465407 11199538 -2130157 1449909 172660408 18194833 -11021146 40776563 596868878 -11049139781 -5297798855 -4409050740 -82106678 -2881168912 -146980291 -381040799 45197665 3143135122 8904621 5371187879 1500380 72367028 1282897 -2932245 2497651264 93594684 2871930 23080501 -2713537064 5466953352 75628666 -6148363 -3028819621 10477811 5629191911 25148413 11414691805 -39499465 5896923 -70178578 24248883 -2931308 -1095823618 -12451999004 2948862 321747805 1268867335 -2791302 12055694733 46989049 10628377 
46 52 57 48 50 55 50 56 45 51 51 51 49 53 55 53 52 51 55 44 51 50 47 54 44 54 56 49 54 45 58 45 45 47 47 56 55 50 52 58 45 45 49 49 50 52 53 53 50 50 55 50 54 56 46 55 52 53 51 48 56 53 45 55 55 54 46 55 53 54 46 53 49 47 50 46 47 47 47 45 46 52 48 47 49 54 59 57 57 51 56 53 53 49 57 48 56 44 50 46 46 55 51 45 48 56 57 51 46 57 47 58 48 58 51 47 50 50 46 56 59 47 52 54 45 59 50 48 
767 -25167 17182 20785 -613 -23941 -11195 -1856 6357 4863 32653 -24357 -32636 -29109 3242 28600 -17380 -18019 -16219 -367 -6981 -14078 -14647 18662 -25032 31122 29645 -18170 -7865 28111 10728 15856 -8996 -18841 1741 -11650 15159 9480 -25929 9369 8173 -31024 14170 -32417 -20097 -4328 -19446 -19973 345 2108 -22760 20789 9254 17989 -2279 8278 -584 -19596 -32068 -17076 2949 -5900 16827 -15488 -29978 -24298 -18033 2281 -25802 23396 -25396 3630 -18148 -14328 30094 -27623 -12391 -424 -3624 32594 14932 29940 -15814 1089 27336 -1737 15398 -16098 4409 7691 23181 16001 -9371 3961 24453 -19327 22513 25706 -10835 -7205 -21423 -22198 -20885 -1354 4992 -30565 -6424 13941 -20912 -9134 21118 19396 19910 -22185 17879 3759 -17846 13350 -27843 12029 22688 -7183 7387 5490 -25593 -17901 -13131 24259 
-9207089222 -4499159180 -1548874 -11566859757 -9677845 -4347049 9979741 -2752638291 1235159 -162460425 -5091548 597431466 -2656347 678244737 -1093202150 -345329280 782420219 678682054 -1306586 6266746 9135930734 5933737793 8464016 -2107858 -2978320 1503507 -1452768 2341753325 -49910253 5992780 664631251 -85184038 -4559929839 -1160848185 -176249353 -11690783694 24771188 37341664 35973169 -343517720 35024073 -5311879 1385118106 11441110238 -12157476 -1184301728 2272946789 10777646719 -135264749 -9770567 17517727 37269123 -390799228 -4754971729 -1341477 -2869330 -2759941505 5268521585 5556906993 11819697443 -2155992 -181007970 -2665864 5225647 -666149932 -2894376200 3192255347 2634443709 -197717890 -2763985 -17274092 -4249166 -1051061 72738696 8682567931 11062889 -6394863817 -4940346 49462815 12512980868 4336464637 139596653 -589806020 6230381111 1211528 -42914577 2195721 78394453 -1572696099 -2386781 2495839922 -173924442 1345434 -1347872974 8444243 -2111356 -1182237 2992008330 -10930944411 -12252239 -5136936886 -292705514 9151512809 639633160 10004120 -554504518 164510095 -49094296 45193671 -759537488 -22371487 -285749011 -100350039 -4929935 -11674827 -4592305 -5242811066 -25055303 1127099167 -188536344 12307885 -142319036 -9960553526 2944845339 -94289916 -179952917 -99215095 4814420874 
37 38 24 39 27 26 29 35 26 31 26 33 26 33 34 33 33 35 25 27 39 36 29 25 25 24 25 37 31 28 35 31 38 34 31 39 29 29 29 34 29 28 34 38 27 35 37 37 32 29 28 29 34 37 26 27 36 38 38 39 26 31 26 26 35 37 36 36 31 27 30 27 26 30 37 29 37 26 30 38 37 33 34 36 24 31 26 32 36 26 35 33 26 36 29 25 24 35 37 28 37 32 37 35 29 33 31 29 29 35 30 34 31 26 28 28 38 28 34 33 27 33 37 37 30 33 30 36 
-6625 -6753 -15360 -5668 -6557 -27611 21537 420 8369 -29226 11648 31001 17699 -16734 18361 -29351 19761 657 20314 10786 -23894 22797 12242 -357 -6086 3875 -5546 10090 29107 -26731 -26014 -5743 16909 -5605 21156 2372 1910 -29854 16885 20372 12254 -29380 -31915 19280 -22432 -28445 -13830 -5713 -16759 -3749 -21122 30023 -7830 -3529 16442 -6733 -10374 -23079 23418 -1771 -10630 -22985 686 -23790 23197 -6428 -5591 15871 13160 11108 -20340 23685 -22519 8703 -12577 26933 -1316 311 -14658 17958 10395 -632 -32501 28462 -18031 17991 -23813 -23489 -8760 -18940 5934 29636 -18463 24720 14016 -9395 -22283 -8306 19417 -14502 -4649 -25416 30113 707 24503 -28323 23145 -2203 27442 -13248 27133 11454 -29453 6594 -6220 -14003 1424 -29221 -27531 -13717 18671 32734 -723 5907 -18236 -3895 -6135 -18572 
-5593313869 -11113723 -3128202 -2296955395 -1319997 43632152 -5145108 167645334 37216830 -1587471212 9430558544 43767983 8942132181 -196851079 2721701 -20889208 6067809183 393963139 8441516 -11314242326 -11701076 -4771068548 5642834363 -9813642 -96490713 5708716688 5305575696 -161901052 1222094 -269706498 -24853390 -1503871996 4805591 3117233 1433298 -4536327 2760923246 22489601 -3094686726 2852563731 -2474553 99377857 -35448537 2826444 12486853225 69330723 -140262026 19322778 -2544770 3159654764 156535163 -1292582755 -382977599 -709871388 -291675124 -3105973838 -20320644 2877357875 642098028 2240825 653407479 9803356466 -160941246 1434704201 2154403 -569563916 -23771648 -386089835 -1271770367 -171613626 -4388312230 -2765106825 -70363548 -24699024 1397815015 -73476380 2945109523 -604486858 -550209111 639173612 3098330 76482807 -152612835 -794396914 81428124 1508568608 -4753324 -44602193 1545345600 -40631447 1075018 -6226622478 286015448 -72750988 -87423491 -4767765388 664292991 2308948 -5549108201 23326290 301252513 4992852 -323084504 279639488 -5346522310 -2865745 2583295 -5344575580 -326162895 -12113174 -765572081 -147240876 4818739 -19029966 -794666707 -2457552 -85747570 -1081752 -6247728 6111521508 -24453013 647637323 -1340804 -11443195988 6338748023 -1437890 5355497912 538408777 
54 44 41 53 42 47 42 47 47 51 53 47 53 48 42 44 52 49 44 55 43 53 54 43 46 54 53 49 40 49 44 50 42 43 42 43 51 46 52 53 41 46 45 41 55 47 49 46 43 53 48 52 50 49 50 52 45 52 51 43 49 53 47 50 41 49 45 50 50 48 54 52 46 44 52 48 53 49 50 51 42 47 47 50 47 51 42 46 51 45 40 54 49 48 48 53 51 41 53 46 48 44 50 48 53 43 43 53 50 45 49 47 42 44 49 43 47 41 42 54 45 49 42 53 52 42 53 51 
-27299 25053 13952 11287 -5421 2214 3448 -19540 -29697 21541 -21000 10581 20339 25778 -5568 17388 20397 3197 -10331 -32551 16498 -17334 8722 -69 2556 -12781 22255 25391 -28664 14441 -27422 13073 13812 13503 9442 12309 -7414 -2549 25323 -8324 20215 25123 -28928 21940 -13217 -14751 29883 -32132 -348 -24864 -17650 -1285 -11250 -10509 12190 18408 30658 9757 15475 -23967 23207 23173 -26044 6384 19937 320 30873 18997 19563 -19650 -931 27384 28117 26442 19839 5008 -13560 -10017 127 -25282 31791 32306 -25716 1463 8992 31430 9974 30489 8342 7943 7915 13993 -14909 -2081 21115 -26488 10492 -17843 -16294 4364 -29336 -5684 27507 31158 19831 -4592 -20777 11334 -25614 -28672 -8260 -23055 4714 19122 2916 -22862 16064 -7195 27304 -28234 -25623 28532 -24392 -24670 11743 17369 -7522 27215 
-1076458701 1446050 603877382 4490378 -4384220 -1515482 4989221 195383009 1366046823 5431902 -73157679 -2272449593 576607055 10826626542 364288956 -1078431342 -17727116 736851293 9525895354 5235622 5764202228 74326477 1332239368 -78845371 12442334822 -9332510 -3080744 8884858 9999037370 2841116 9187867299 -10026266758 -11811131609 -10153141 -10696851 43342466 1134007143 134859158 8992919 1432380843 -4298588670 360206038 -20180828 1386984 -5091606 -9911919 5047952 -644281518 -4455524570 -45571892 -1600974277 11348258141 -1324986 72397775 320423786 23373608 -85432029 -183162019 11177968023 1477071586 1357463 -2608190 -161689465 -1368221218 -301448394 5813108 -19203460 8916825258 12328234 -271580764 -19063472 -46996003 -5038456 -2353392 8758258 -781959020 36362019 170662038 -330367684 -34754970 1526579132 -2661943481 -4830088 -5045904 -96544794 -5956025 -3012337587 541947241 47497390 -1086725435 -1154868624 -9983303 -23575779 12619390917 1577603753 40191025 -19845141 -2555476558 5054751917 43247749 150071039 -12666306195 -302258822 179470747 318628378 -42339815 -5090823647 549552837 45729884 4994749 -23018431 6157463750 1250247764 -182297407 -152444618 22420751 18979454 -764296814 -5739038 -194466904 1442615 9031998151 -1309051 1509509887 -142631748 22653983 5882194317 594660979 
54 45 52 45 47 44 45 50 55 45 51 54 54 57 51 54 47 53 56 46 55 49 54 50 58 47 45 48 56 44 58 56 58 46 48 50 55 50 48 54 55 53 49 43 45 46 46 54 55 50 54 57 45 50 51 48 50 51 56 53 44 45 50 53 52 45 49 57 46 53 47 48 45 46 48 54 50 50 52 48 54 55 45 47 50 45 54 54 50 54 54 46 48 57 54 49 47 56 57 49 50 57 53 51 53 49 56 54 48 47 47 57 53 50 52 49 48 52 46 51 44 56 44 54 50 47 57 54 
-25518 18710 -6706 -10970 -6816 10205 29755 -18236 -13936 -26826 -7855 -6484 -27074 -18633 29693 -22116 -18330 -948 -11210 24179 -586 -20046 -1351 4754 8664 -24900 31564 24215 17115 -13680 -18890 11791 10210 -20641 -747 -20197 29733 -14442 -11977 -20485 -16403 3176 27019 -28994 -21675 6450 23351 30419 28674 -27430 -18923 -19110 26814 8357 18231 10349 -1507 30053 -17101 -13378 22370 -17169 10617 -8160 3064 25661 -23267 -11431 24895 3862 26434 -1276 12998 21873 -13395 26215 18613 2051 11510 23832 12202 4282 -4948 -3232 -11455 -15132 13293 10555 -26770 -18882 20930 12009 26315 20095 -30608 25281 -568 7039 22005 26730 -16809 526 10093 -30890 -8447 -26028 -24261 -7755 6195 30933 3796 16684 -11830 -20332 -20711 2456 4225 -3052 18346 32335 -22999 -29265 17399 21441 -8437 12490 2143 -27313 
-92810177 -2700119 90281329 11686111 2306211 315404884 -6441634742 5045898 -10693975531 707483714 -9962477774 712243022 -9540996518 -2327731318 -623204362 1435726274 592400365 5837047 -18241494 1094412 67750974 -22040087 -2499894998 10964141 1296128546 -2774607960 -396705827 84334230 3095691 1204217211 -1504889638 -17885476 -4618638653 590103329 -4568244 -3208452969 -80131286 -171135300 83534473 12657263810 5157850 36614437 2185412 1308844 171374093 -1370728834 -83204901 771908551 2839764 -1365199510 -21140253 -356870466 -1102409956 2853303195 -98416505 -5489764 740476512 5391748150 -2804815787 1416775 1394157952 1419435 11963091666 -708815248 10092769 5870816 -1474284045 -167501060 10551068 -10683176245 39962975 -2160157068 627543775 314428890 319057603 -5108856 167017189 1561071 71141236 2416053 8932817314 -2704194 -9036142 297179487 -11249617 -18568388 293077218 11827032 -181146326 -164947680 12386277 -1410573 -12563777115 -5008852 2236653 -679832774 366048851 -3066579986 5593083433 -351412034 -11733572258 -1457649 1466497 17871743 2815920325 4889477230 -2187214 695546705 763054565 -9195033 720411668 -778104857 -9337585 -2859073711 -388670627 -43255320 -695002268 -191930881 1262938 -199307274 3114879055 1385167 -18409119 -2591307 46484368 1193698724 -4373982 6163220716 
34 29 33 30 29 36 39 30 39 36 40 37 41 37 37 36 37 28 31 27 33 31 37 31 38 39 35 34 28 37 36 31 40 36 28 39 32 34 34 40 28 33 29 27 35 36 33 36 28 36 32 35 38 38 33 30 36 38 37 27 38 28 41 35 29 29 38 35 30 41 33 38 37 36 35 30 34 27 32 28 41 29 29 34 30 30 35 31 33 35 31 27 39 29 28 36 35 39 40 35 40 27 26 30 38 40 27 36 35 30 37 37 31 37 35 31 35 34 26 35 39 28 30 29 31 38 29 38 
26487 -17810 6977 -21561 -4982 4462 32668 23783 31642 -7207 13501 -30068 -19509 13993 -14654 -16548 -12059 1567 29051 26932 23798 -23037 4907 1870 -11186 24241 23064 -18870 -30126 31225 -3690 12270 23106 -11241 1619 10464 17484 28129 -14146 -13250 24126 6451 9273 -13342 -2178 -22939 -29431 -23458 8617 19458 -15246 -18160 -25171 7386 -17033 -8369 -9671 31500 -2200 -15898 27701 28452 -18503 14633 -4493 -19700 -30105 1580 15852 -31767 30995 25159 5287 -28072 27782 -19010 21924 -12872 -19459 -30085 -9430 -30257 12033 16857 -12968 12673 11240 -25335 -31571 2722 -6589 -26400 289 2704 13082 32253 -27226 7858 -13236 4158 17490 20425 16865 17884 -4868 13542 -16846 -7312 -7056 25483 25463 2880 30638 10224 27425 -24380 2989 14004 -15159 31361 32402 -25199 25357 29837 22926 23264 22609 -10678 
-590881444 11705686 6124715 -4516440666 9583993802 -1191669 -12262113 -8568107 5772948120 21717673 74155256 -17668631 -47278416 -11209051221 -2762123736 5799746591 -2407263891 95567419 -3064275177 -5064052862 -1154711 11059212 -1085055 186228944 -71899290 -5527142631 4934068847 21094585 188620063 -4530743860 -19020867 167673121 -21293370 10842058 -47324433 -318653958 -12241913 -23410468 2209025427 5000526122 -4575455306 1114195 637758909 1199818 72683758 2517817113 84395479 47540741 -365895108 -5403140 -3135869 -641458459 750472258 624960553 -5940666 34478238 9167939973 148446054 -1396491 -5374020627 -398016776 198924467 -10942281 2353662 -4407951363 -5441924 68629354 -150463695 84060339 1417965 -674632568 22334991 49489788 195439204 -672490053 9026588302 -1089693 -4725953956 1251968 3062668544 -3015849193 -1448495299 5442189875 -1569338 -717152757 -2359445 -3197053101 10835988 399613573 -2230684 -85431018 43907516 69109006 5922411 -5814151762 -10264337454 -161527416 -195089279 9722925686 2384435 355806750 -1274277 -11256314553 -2422477 2285379988 2374637 5211081 -4767279 -19248795 -8975516 -596988665 1203295 -276620365 -5251671 -84937873 1115233 5871715675 37487271 5458221 -4233785 -184287508 77513797 -2788053 10038129868 6324169122 10179742117 8971540 4923578328 
44 37 37 48 48 34 39 37 47 38 40 39 40 49 47 48 47 41 45 46 36 38 35 41 41 48 46 38 42 48 38 41 38 39 40 43 39 40 47 48 47 34 44 36 42 46 41 40 42 38 37 44 44 43 38 40 49 41 34 47 43 42 38 35 47 37 40 41 41 35 44 39 41 41 44 48 34 48 35 47 46 44 48 36 45 36 45 38 42 35 42 40 41 37 47 47 41 41 48 36 43 34 49 37 46 37 37 37 38 37 45 34 44 37 41 34 48 39 38 36 42 41 37 49 47 49 39 47 
30940 11443 19754 24111 -4353 -5588 -286 10085 16471 25062 -11372 5094 -2145 -3735 -22607 27730 27317 28252 -17936 19871 -30237 29003 -30260 -6017 26906 -11383 31380 7188 -28113 31428 -21573 -12551 -18788 26321 10349 27616 -27154 23560 -21625 21519 -10601 -11636 -13991 31792 7132 14733 24665 -29752 -20535 22831 4009 -24049 13025 26145 -26532 -25176 16300 -18218 6210 20782 -11619 -26951 -22715 -13820 15391 -29744 -13426 -12153 -19947 1992 -19216 -23196 -32134 -13428 -9039 -32181 -27655 -806 -2634 9734 -30541 31689 7928 19860 -26600 2806 19697 29663 10509 10172 -12698 -14918 -17684 -20702 17225 -15356 -6872 -3379 -23928 -18292 -30069 -9593 31907 -17164 8905 -26686 -16868 -30840 -14149 -30992 -28739 11667 21876 14762 -17691 8789 -13317 5684 30853 -16690 -21352 8238 -5037 21994 -18589 5646 13117 1664 
-3113151 6300039848 140992068 -12187957302 -2685522 2690394 1579510342 -3197660929 -50122128 3058797 10236359180 -1151590 -10703890 -785247120 9936251 -163351825 4389798327 -2839786341 -5130457 12469352 -2341696751 -1245310 -326804991 -599062103 -362690872 5050037 -1471854099 2448055 373193419 1598584884 721429563 -35162319 -3092901318 1389855 -1162721991 -4840383 11676414067 -2892393 93870944 -41339104 11357494021 73738183 -2838762 191503672 -160415591 4891808 2769517 -2399025088 -10527865 -2939325 618376475 94590644 -2576000430 -11447829 -4456838 23415539 6358541561 -4925374308 -10300877271 2919306 -1201581261 -4340473968 9371167709 -721359106 -9268031318 24266730 -1575318088 2601858 -139133723 4305557279 8549223 -3116643697 -4706946197 -1265795091 -11857491 8413015 -90274828 1482988827 5157594 -3082973973 -4556906 4653458827 -17420855 -1499266 6116386 11700541588 274564147 3031286714 -11239800 -36011185 5340700910 -10468638 -12568215497 -798165688 5716342 -2841572866 1133823 38519591 1336372423 2580542905 -1352751 12152902 652144528 1398750909 -43293538 734754310 -6276523 1578889728 9207542 -559840245 2335495 283866302 -2459002 10168579558 -599118148 -70534198 -275262873 41021688 46948105 2735121 -1087332459 -348457328 343324626 2868471749 -11119856 -17265627 -5733352 -701957606 
40 49 44 52 40 39 49 50 44 40 52 38 42 46 42 45 50 50 39 42 50 39 47 46 46 40 47 39 47 49 48 42 49 37 48 41 52 38 45 43 51 45 40 46 45 41 39 48 42 38 46 44 48 40 41 42 49 51 51 38 49 49 52 47 51 43 47 38 45 49 41 48 51 48 40 42 43 47 41 49 41 49 42 38 40 50 45 50 41 42 49 41 51 47 41 49 39 42 49 50 37 41 48 47 43 46 39 49 42 46 39 47 39 51 48 44 47 42 44 38 49 45 45 50 42 42 39 48 
-16698 -6829 17515 -14005 -12195 -19967 15753 21325 -24511 -12409 -32623 5718 -25302 27897 10678 5549 -8569 9954 10412 -8168 -6970 24065 30124 -10855 9225 28025 19317 31176 -19241 -8248 -18763 4591 25849 27654 -17084 20047 -16696 25167 7491 3081 29807 -5721 23403 12061 -181 -1683 -17849 -7566 -20334 14259 -4683 19661 -9640 -22502 497 4373 -5568 -16245 -13491 -7437 9728 21155 2770 1809 -25077 -3717 -4559 21045 -27799 -32661 -23467 -12310 -18426 6433 -2211 15754 -23589 -6873 11834 27928 -15810 13947 -400 -11439 633 -26701 -32290 4712 11481 -23334 -253 -22570 13962 -25562 -10651 -6892 5553 14452 -1053 -7274 10058 -24493 -17378 -16208 -24701 15623 -12849 -15021 -32511 17790 30721 -14162 -8857 -8870 -3488 25459 3440 27473 4281 32672 -26564 1801 -10194 -8178 -16951 17662 21757 -14119 
-757412726 1411068 -352782610 -3100614 2660298 -665627431 10012087751 6147171 -17921290 -1301671980 69118661 1526597 -6252648 -1148968856 621098662 283068338 -370749902 -4604592 -176025607 -1259597 4926579473 -3071756976 -38393232 2607056 -9398210 -2931661348 -34501329 -5898211 -2811661149 11495682 -1306163 89219320 2697171 -4722626323 -12883099112 -4422249 18389343 90215871 -91407446 34415845 47830383 -93031057 -1347430301 71451714 5705658 4488650 -10887691 2569535106 5079667 17220909 -11134328281 -757755308 90058499 392455181 5055585 5869709 -5464704739 4795208716 45058276 396076386 -23720298 -98249269 -2860624 -3178649164 10069889 75409914 42828990 188868420 34932673 81088750 -1369339 -140651678 3010308847 1263501 -5764325145 2844213 170179420 -10847135633 -9061187460 -3117709018 1210108801 677027076 1122289437 1216574456 -384561903 -10173844655 612757102 20743458 -5620090965 2184602 -23151156 -19788399 75033060 81920590 -68998648 -40421516 35785086 1095360 -10107327 6176202646 -1605168569 327204344 1490267412 18987907 -20203076 -1562250986 -604001448 1561201651 -11481136689 10045760938 -86257289 -76304457 -177663345 -5303825 10624745 1091076326 97713805 97897163 12309780138 1573867583 -699048286 -1567091 -157584276 -1274480833 746943309 -399810284 -48176123 1381617 
44 35 41 34 36 43 46 37 39 44 40 34 35 44 42 42 41 36 40 35 47 45 38 34 37 45 39 36 46 36 35 40 36 45 48 37 38 39 39 40 38 39 44 39 35 36 37 44 37 39 47 43 41 43 37 35 47 45 38 42 38 41 36 44 36 41 40 40 39 41 33 41 46 35 45 36 42 46 48 46 43 43 43 44 43 46 42 37 46 36 39 39 41 40 39 39 40 34 37 45 43 41 43 38 38 43 44 44 48 46 40 40 40 37 37 45 41 39 46 45 42 34 42 43 44 42 40 35 
2968 -2908 27707 -18897 6522 -24669 13739 23824 -21055 -439 -1143 -25464 -11036 -18214 -18286 -4469 26204 31901 -14278 2897 17391 24397 9388 24721 29749 -4802 -3009 -14989 -14900 31736 14253 22031 32520 20052 21274 22957 -6766 -7806 8809 -27549 8217 -30817 7944 -30941 17871 -5417 -8747 8461 -27519 -24490 24612 -5154 -3700 23082 29086 8588 18733 7322 -28174 -6488 -28132 26671 -20801 8907 -17370 -15711 1519 -14161 22850 5563 -3596 20780 -19393 -13866 21598 -29892 11179 -12195 2744 22135 9973 -7845 21800 15187 14106 -13555 28753 19588 -10109 -6114 13765 12390 8576 -27055 -3650 -24535 -22870 -31687 30030 -4558 21691 -2970 10535 -30686 -2207 -21756 21495 23129 29650 25932 -2620 583 19579 18494 -10516 -12333 25611 -32615 -16888 2919 -16774 31047 -19992 -26183 -26474 20694 -22510 24628 
2982050 349401476 187060932 24710525 183914531 11587281 3143532 12808958513 12064529857 -18708606 -1177085503 189122837 43871567 -2349168 -1246172851 -6302666391 -6208715932 -1312497 -96631660 -1369243875 378370090 -587626713 -5513857 -21972571 -5464358 -11280404379 1292341 -1294873 -11924103817 12015039201 710437116 1480281258 -768821277 11659757 9060567562 17571624 -1070673 549226643 -1363986 -777905812 -159788240 -20694895 90580143 8964236 -81788434 71160193 -5460597 -8894975303 341638271 -5465094 -2482955 82316477 2954692 788070267 306606050 4451770537 136269278 20328304 5302915392 12253132 -36852137 -2930235 -22695730 -1249943 96913317 -4516675 1175146 -87066752 -1344377714 2715953723 167929468 -6133845727 -11014357 791645166 -748474375 -9535896 -23150751 2987068734 -1234282373 6089427478 -2317128 323104976 83189746 1380992421 19214725 12096067457 -370430351 9472062221 3048996866 2232512 92507872 1083929 352457203 -155639860 783312443 -135582097 4954005814 -1422698 36248042 -1392826 43677716 2785878160 3010457 1447053 -92359684 -355171292 -4817037 9427061207 -2683201 -84626728 -179218578 1370237 181260706 12509040 -86288515 -1098475447 1526585 355527561 358811641 760342352 -3010096703 2818900815 -393032774 43955266 -11320430 -391605771 -285256490 19677416 
46 54 52 49 54 48 46 59 58 49 56 54 51 46 55 58 58 46 53 56 54 56 49 51 47 59 46 46 59 60 54 55 56 49 59 51 47 56 46 55 52 50 51 49 51 51 48 60 55 48 46 53 47 56 55 57 53 50 59 48 52 47 49 45 53 48 46 53 56 57 53 58 49 56 55 48 51 58 57 59 46 53 52 55 51 59 54 59 57 47 52 45 54 54 56 52 58 46 52 46 50 56 46 46 53 55 49 58 46 51 54 45 54 49 53 56 46 55 53 55 57 57 55 51 48 53 55 51 
5745 26178 -962 -23091 -6657 12728 -4904 -12017 12385 -19437 23362 16101 9085 -4894 186 -29975 -31148 20751 -24150 16927 -9467 -24832 -768 -30030 -9468 -25196 -16037 19499 -19472 11522 26972 13355 -6301 15069 22745 -12184 6648 -16217 -8151 -28634 25357 -18931 13715 21909 14027 10331 27011 -21338 20292 -26341 -16213 -11222 -14454 14889 22233 18930 6705 -8953 27043 -23812 -21476 15813 -26061 -18634 -16801 -17997 -352 -18268 30739 13747 17999 19058 14404 -25901 11579 30961 22761 -19119 21722 -6870 1830 10191 -9129 19916 23845 -15237 2854 -3483 10672 -23350 3944 -17317 -30707 -16609 9996 11536 29723 28248 13957 988 21017 -25223 -8258 -13453 26942 30257 28556 -351 17371 16901 -25668 25533 -12811 -26035 -1093 -293 7231 -1528 -14906 22006 -27291 -17476 6054 32120 291 -6340 -7811 23131 
2790125571 2356264669 -21521215 -3124824 -72245851 -1327209568 5055651 2614530946 -20737025 -3125040286 35209715 281365241 12309532761 1274930170 189753358 -10821674397 2250378 12296706715 45557893 -1537623 635718110 161706315 -17162131 -160238561 -5341501298 2512826 2528291 -200893390 1119217114 155009379 -1142250 -12047745 2950965270 -5027820885 -24354370 1338603747 2235685065 -5679183 8716192 -2648240 87025985 -2521733365 -196853994 -11155051 -11607075 1271511329 -315062925 -1246285 3183340923 -2441185275 34853928 73773361 9140024 -5358764 -2457248771 -1240321195 -1441395 -1552090041 -602323975 544615257 -1490467149 -3038491 -5557556176 2645439803 -17422310 2192757600 1125566 -1479279 2255156 -166161081 -1492118 10752061 -2632770 -40605325 1428988928 5985042729 151674130 2881355 48488437 -9514407 587268511 -773797183 -9911160 -88750041 390042224 36741363 -565221632 12298727 -6089092 2401698964 -2980544705 -3081334845 2700757124 -5682497 -1245531 1087275 -365057186 -192339036 -19512225 -11418428072 -21853823 1377175 -39035602 197698305 -9250339 44731890 -12103826819 5530770556 -11448340172 -4309853983 338264791 -4704678269 10192595733 -12001012 12305067 312478710 -2226456 1151659 -9585541589 10143627 -6287203760 357842425 4996777639 20613424 -20285883 5036649216 10946362405 -2795323 
36 35 30 26 32 36 27 36 28 36 30 32 38 36 32 38 25 37 29 25 34 31 30 33 37 25 27 33 34 31 25 27 36 37 28 36 36 27 29 26 31 36 33 29 29 36 32 26 37 36 30 31 29 26 36 34 24 35 35 33 34 26 37 35 29 37 26 25 26 32 25 29 25 30 35 36 31 25 31 28 34 34 29 32 34 29 33 27 28 36 36 35 36 26 24 26 33 32 30 39 30 24 31 32 28 29 38 38 38 36 34 37 37 29 27 32 26 26 39 28 38 34 37 28 29 36 38 26 
-6768 -19861 18298 14692 -5097 17229 -3059 -25564 -4435 10324 -14920 -31495 -19963 -22847 -24833 22857 5794 17052 24601 -9541 -26598 19896 -5993 -11409 -28208 30744 -30229 19143 -20618 5453 -16922 -2 -10009 31263 15425 -2409 6412 24516 16296 -30742 -19609 6688 -19139 -2047 -19092 -406 22440 -25336 -5218 27734 23615 12008 -26933 -26683 2397 26841 21823 -2630 -24931 14899 -15798 14489 11233 26624 -22272 -3729 -25194 -26614 24352 24975 -5445 -19937 -24950 3555 26767 -4611 31210 -25070 -12726 12731 -29355 -27993 -21275 -4084 5435 6808 4324 -25599 -28959 -23595 -27325 -1215 -11895 6188 8932 -30125 6810 -24676 -8783 13122 15591 -17422 -1801 -1345 4127 -9580 17788 968 -17201 -32446 12787 -27057 24997 13705 -5235 -16765 24761 -15485 -5039 18767 -24861 -18041 6242 1633 -16590 12629 -20585 12853 
11773622444 -19716545 -579450845 -1088190009 44869488 38813967 2854079 -4590254 5720199 -198334336 -5027424263 12847640236 736223041 2687616338 -43833930 -4890368 -2314113 370849751 -4650238984 174160474 -676197573 -1485309149 -9211705341 175092512 4713774033 2480753 -11683583623 1411658 67512418 -335825491 12157640376 -2774315684 -48475174 -1248720 10662217 -39528102 4611622003 33999488 -1517336 1243954208 -2310807816 -4315704253 162724412 -739207954 578632510 -395525692 1593191615 -17498838 23810198 -2743757438 1526010 -8687934112 -5179485742 1193726613 -46920562 2918676695 70848222 -17798264 -1127621 2357389 -38781679 -2455135017 -6407593912 -5303009478 -21954897 21951312 -11707893668 -6145748 2688605 654803697 575394972 613734514 24059016 12297497914 4815806789 5948203 2205281585 -1600949503 -3134566 4410566 -4803795700 4674243544 69880384 10083068676 5656049 -156815496 23319759 -269219395 -165422433 -141142495 -2588607 -4829145826 1268809 -44887189 -4827304311 -47041266 -171460317 -3028265 2286626366 -2846872 42271131 799907699 334828596 687535403 5538766241 45462549 21071941 -11762659 172373959 4646146987 -2239379 1160140 40233431 2947717651 -5620039351 2738003026 10671096918 -4751528572 1377410 2630207168 6045071 5373579443 -5985918940 -46798316 10565851712 10296130024 -6066679 98708714 
50 41 46 48 42 44 38 39 39 46 50 52 47 49 44 40 38 46 51 46 47 47 52 44 50 39 52 37 44 45 51 48 43 39 41 44 51 42 39 49 50 51 46 48 46 47 49 43 43 50 39 52 50 49 44 50 45 43 37 39 43 48 49 51 43 43 51 41 38 47 47 48 43 50 51 41 49 48 39 39 51 49 45 50 41 46 42 47 44 45 38 49 39 44 49 42 44 38 50 39 42 46 46 48 49 43 42 40 44 50 38 37 44 50 49 50 50 50 39 48 39 51 49 43 51 52 41 45 
3756 14271 21403 -3131 -6239 11642 5075 -27108 -2875 -16353 -19860 22994 13716 3149 27307 27997 17249 -1896 -18166 -13546 31834 363 4863 -7918 341 -1219 3087 -6779 20968 4896 -9952 -3282 6655 32533 25940 -10228 -26176 -24472 -17849 6528 -11349 13533 23922 30225 2527 10794 -14394 29984 5790 20229 -14189 15694 14310 12213 -3129 28565 30548 25230 -9252 -16880 -10956 30691 29356 11541 24800 -18917 19101 9889 -17110 -26723 3606 -10276 26886 -7528 -29546 -24584 18175 11138 -30089 -29037 31335 -8 6578 2932 9676 29513 9829 -25436 -27952 -25389 8285 30329 -32508 -26154 -1976 -5425 22379 31441 5083 -8423 5080 509 -19191 -24984 5816 -2986 4071 7650 14364 13754 -21329 -2548 15842 11135 6674 -28851 -12379 18876 -32722 11596 -32301 16178 -6174 -5119 -4972 -31524 4379 6125 
-129 -19 713 221 -27 -1380 -2 -8634 17 -484 -19 -92 -40 1866 -156 -5 -3527 -12171 91 216 -25 112 -172 -17937 -12432 -6642 -8616 29 -20 8334 -4948 -5238 -6628 -18 34 -70 1124 -223 1511 23 1159 17 8993 -298 1 -299 -3 170 5 -5 288 527 -41 11890 -4 -1652 -837 -1769 79 -184 -222 -8533 176 -744 -4304 -215 -1084 4547 -921 -191 -1318 -67 -2 -4788 876 262 -226 5772 220 37 -2681 -3024 -3 1247 -6 -7 -504 73 1037 3827 -142 119 -14501 4 2575 6 -6447 1170 19 1 -3091 -698 -40 -6 2 -95 11 77 4237 -2547 481 -385 59 136 3608 -15 -939 -3 -4444 -20 77 -17 -3419 147 -2 1 4184 4442 0 0 0 0 0 0 0 0 0 0 0 0 0 0 0 0 0 0 0 0 0 0 0 0 0 0 0 0 0 0 0 0 0 0 0 0 0 0 0 0 0 0 0 0 0 0 0 0 0 0 0 0 0 0 0 0 0 0 0 0 0 0 0 0 0 0 0 0 0 0 0 0 0 0 0 0 0 0 0 0 0 0 0 0 0 0 0 0 0 0 0 0 0 0 0 0 0 0 0 0 0 0 0 0 0 0 -1 0 0 0 0 0 0 0 0 0 0 0 0 0 0 0 0 0 0 0 0 0 156 -91 485 -4077 -2723 8 -1180 -8161 73 945 -577 -1368 518 677 -4222 -6 1090 281 -4099 -68 6 -13 238 -1027 70 121 -2341 148 25 153 5 -10 4491 -2 -916 117 12763 2593 237 2111 -3408 -32 238 -9 0 -12 -244 11 -1379 3674 -76 -2 -58 -5 295 308 397 -1299 744 -816 -695 248 5 152 -2710 224 -96 5610 -5516 151 1119 3701 -506 -8464 -2 9034 6627 3 -9 260 -5 -53 29 59 56 10398 34 -210 240 135 -25 11797 63 -8626 -2556 1 -4686 -3 65 72 4471 -6 -237 -1 -92 -250 -154 5294 -2088 3153 -290 1 -105 7598 -271 -1592 -2353 -7305 94 -2545 76 67 -201 -82 -1735 14 237 8228 0 0 0 0 0 0 0 0 0 0 0 0 0 0 0 0 0 0 0 0 0 0 0 0 1 -1 0 0 -1 0 0 1 0 0 0 0 0 0 0 0 0 0 0 0 0 -1 0 0 1 0 0 0 0 0 0 0 0 0 0 0 0 0 0 -1 -1 0 0 0 1 1 1 0 0 0 0 0 0 0 0 0 0 1 0 0 0 0 0 0 0 0 0 0 0 0 0 0 0 0 0 0 0 0 0 0 0 0 1 0 0 0 -1 0 0 0 0 0 0 0 0 0 0 -1 0 0 1 0 1 0 23 29 -4 -60 -42 -3 0 -14 0 0 -1 0 -14 7 1 4 0 1 -3 4 0 -3 0 -2 -2 0 -6 0 -9 -14 -1 -1 0 0 4 18 26 0 25 4 0 -4 5 0 0 0 1 0 -3 -1 0 2 -6 -25 -5 11 0 0 0 0 -16 -15 0 8 0 28 0 0 3 -24 11 0 0 0 0 1 0 -7 -26 0 7 -1 0 1 14 35 0 13 0 0 0 20 1 21 5 0 0 3 -1 0 0 -3 0 0 11 11 30 0 0 -2 17 0 0 0 -19 0 -3 0 -1 1 0 0 4 4 0 1 51 -22 179 -147 46 16530 310 2712 5203 -4208 -1 1620 -40 -113 5 -7540 208 6987 13 -13294 143 -4318 1128 -97 5 -1057 -9923 -4224 -6799 1 20 1211 53 -44 2650 -699 15 2063 1969 -693 -73 -89 3765 1 -1359 -17 -162 -5765 19 -509 -7 497 -712 -1553 6 -3536 3147 -5208 0 1917 1251 -13 -13263 -2395 -302 10464 123 8599 -214 -2616 -857 10206 1521 -3048 12 -4 713 2828 2612 -529 -20 93 14 1671 40 8 9540 -25 33 -2890 -165 522 267 17 -1540 6566 1748 -1468 3949 -2808 -7 2 20 -56 -9 268 2678 24 39 -85 5271 -6 -1021 453 -35 55 410 469 94 -5 -4385 -6 4791 -1736 9250 1636 -9924 0 64 -7865 127 -3300 -44 30 107 1001 14587 118 -30 8775 6639 -3644 -806 1142 7568 -1187 4248 -1181 3538 -1082 -913 -11291 -330 -241 -297 1395 -621 0 -56 10 61 2328 2466 -1861 -1 8036 28 2297 1915 -473 -49 -16 -351 -37 61 7574 30 -1 -3050 54 -348 7 213 129 1221 -8 35 968 2465 1114 -5519 -25 1544 7101 -1586 -139 268 -143 15881 -884 -4846 -4979 -519 7102 -3017 1957 5973 -6 16 -1 -6 -428 1180 -339 50 -74 2067 7536 -7502 2040 12 -251 -127 42 60 -32 102 1669 151 -8 24 -24 -10403 -1 112 1 -30 -115 13366 -530 -3778 -23 1 -1121 -9737 -2865 3 -6749 -251 -2 -2419 -91 905 -26 -5 -2 7 23 0 0 0 0 0 0 0 0 0 0 0 0 0 0 0 0 0 0 0 0 0 0 0 0 0 0 0 0 0 0 0 0 0 0 0 0 0 0 0 0 0 0 0 0 0 0 0 0 0 0 0 0 0 0 0 0 0 0 0 0 0 0 0 0 0 0 0 0 0 0 0 0 0 0 0 0 0 0 0 0 0 0 0 0 0 0 0 0 0 0 0 0 0 0 0 0 0 0 0 0 0 0 0 0 0 0 0 0 0 0 0 0 0 0 0 0 0 0 0 0 0 0 0 0 0 0 0 0 0 0 0 0 6 0 0 5 0 -5 0 -1 0 3 0 0 -2 7 7 0 0 0 -7 0 -1 0 0 0 0 1 0 1 0 0 1 1 0 1 0 0 0 -1 -1 0 0 0 0 0 0 0 0 0 0 0 0 0 0 -1 0 0 1 0 1 0 0 0 0 2 0 0 0 0 0 0 -1 0 0 0 0 -1 -1 0 0 0 -1 0 -3 0 0 -1 0 0 0 1 0 0 -4 0 0 0 0 -1 1 0 -2 0 0 0 0 0 2 0 0 1 4 0 0 0 1 0 0 3 0 0 0 0 -2 0 -1647 341 -2 81 759 -5 5536 189 -448 19162 369 85 -93 -399 -11891 20 -569 5523 -23 -4 -5 -63 -688 8484 8177 -63 8593 -1 419 13 4576 -66 7 -31 -72 -4955 7764 -153 46 1367 -12505 426 -60 72 11 6702 -544 93 20 -12925 -3 -500 31 3369 199 6396 454 -775 -340 -202 -8156 -5326 1552 -117 -5568 -3456 -2 -37 8292 -907 -3977 -3052 2712 275 -1727 2228 8218 83 15 2 9 824 -106 -1436 13581 3 -2877 -3463 -3749 -14035 -3635 7524 408 -2789 0 46 -24 -28 1052 -630 7638 -19 1872 -429 -57 -2455 33 3 87 13 39 -21 -57 -8728 -2180 319 -26 -304 -9505 182 99 -12187 -5086 37 28 -143 117 2831 -1585 28 -707 3056 -33 -24 136 4248 249 -15387 3643 2390 700 -35 -316 -1709 -602 15 -92 77 94 162 -29 -1055 -1110 -5 101 933 -7 -3514 -231 -5 4538 -21 282 349 -3 -50 38 -70 -423 -713 456 822 109 603 -92 -21 -19 3209 -4 80 -47 3 2 19135 -145 -22 -1035 7 9 -1241 52 9314 -3067 -1046 1 -1178 -4182 9719 -5 -74 1758 594 4 -7019 3499 604 -525 20 1140 288 -52 -2446 5554 -8193 -23 -23241 29 5126 12560 -57 182 -2 -205 6 992 1989 1984 -1 3060 8 2173 1 -9493 -320 -1014 -3710 -299 -92 342 343 -461 17 133 13 129 -4203 -54 -20066 -1268 -1009 6 4 -8 -13 -356 5 16 -1211 -1 -179 -3720 -98 5433 -7600 -1618 67 195 15 20 199 -3151 4155 21 718 -245 124 2934 -2 -8798 7135 -4104 2467 -881 -422 326 -1739 -5257 4415 -55 -777 -743 89 1 -1474 -53 -3 6 812 -135 50 -2 -35 19 -11 -986 2 20 -2271 -100 -3 -2986 -6481 -7 -1365 -9140 1099 -2321 -110 49 -87 4296 5515 -207 5101 172 -6 138 1674 2 618 -5 7488 -8309 89 4522 340 34 -3409 -2 3829 -112 3795 -4958 -7508 11232 -4 -69 9646 -13765 -2005 1 96 -23 -745 66 0 -54 -73 -5311 562 46 -1277 -2810 -14 -4878 -1809 12534 419 10 -10 -3 7 2081 160 362 -13 -89 -21 7577 2 -3 -29 7334 498 -2245 148 0 2225 -63 3680 -98 10 962 4888 80 -4 -29 186 -484 118 2185 2758 -17 -13 2 -2650 -2030 52 -224 112 43 -35 -3771 4 -4 49 69 37 -2186 -3106 2 -1550 -22 -187 148 168 -690 -10 97 14 2003 162 142 -10617 365 1 -794 172 -6 11 -148 43 344 393 1893 -2 456 -1644 -3340 -190 1480 -22 -6035 3991 -2392 -930 -2 10370 -176 280 260 -51 -994 -42 -43 -7823 -12 -266 217 2872 -207 6290 77 -4272 166 -86 -12821 576 44 28 -71 -65 1582 -3 -1 -3 -1339 -8 1976 2 35 1848 1794 161 -3217 1 -1 269 18 -197 -93 -1449 6750 -10504 -1386 -280 37 -7 221 -29 -182 -5 0 0 0 -1 0 0 0 0 0 0 1 0 0 0 0 0 0 0 0 0 0 0 0 0 0 -1 0 0 0 0 0 0 0 0 0 0 0 0 0 0 0 0 0 0 0 0 0 0 0 0 0 0 0 0 0 0 0 0 0 0 0 0 0 0 0 0 0 0 0 0 0 0 0 0 0 0 0 0 0 0 0 1 0 0 1 0 0 0 0 0 0 0 0 0 0 0 0 0 0 0 0 0 0 0 0 0 0 0 0 0 1 0 0 0 0 0 0 0 0 0 0 0 0 0 0 0 0 0 325 141 24 189 487 8 2407 -135 247 13 -6913 11808 -2179 -112 -10043 3 13392 53 -5198 2715 -1 10357 1487 79 690 1502 220 86 -3679 -3 -2 206 -1307 128 -5305 -206 287 -4 3083 -411 4956 1 -9 1710 2 6 -20 -23 31 143 -9 2322 56 216 -1391 167 21 -6 2148 -35 174 41 -62 -41 -2499 112 -190 2831 -10215 -963 9 -1985 2 4436 -121 2899 148 -77 -109 2920 617 -42 2 12490 -133 -2484 -18 -12 147 31 2538 -3859 -36 -1486 926 95 37 -188 -6262 5 195 7 9333 2 2423 9 15897 166 17937 45 -4358 -181 1 -1523 390 23 -53 9 -19 88 3521 -3596 176 227 77 16 827 -116 0 -7 -1 -1 0 0 -1 0 0 -6 0 1 3 -5 0 -3 11 1 0 0 -1 0 1 0 -1 0 3 0 0 -1 0 -4 4 0 0 -2 0 0 -3 0 -8 3 0 3 0 0 -1 0 0 0 0 0 0 0 -1 -5 -1 1 1 0 11 8 0 3 6 0 -4 -2 -10 0 0 -2 -3 -17 1 0 0 0 0 0 2 8 0 0 2 8 -4 -9 2 -2 3 -2 0 0 -2 0 1 0 0 0 0 0 -2 1 -3 0 0 -1 0 0 1 0 0 -4 -1 0 -2 0 -18 0 0 12 0 0 4 0 0 3 0 0 0 0 0 0 1 0 0 0 0 0 0 0 2 0 0 0 0 1 0 0 0 0 0 0 -1 0 1 0 0 0 0 0 0 0 0 0 0 0 0 0 0 0 0 0 0 0 -1 0 0 0 0 0 1 0 0 0 0 0 1 0 0 0 0 1 0 0 2 0 -1 0 0 0 0 0 0 0 0 -1 0 0 0 0 0 0 -1 0 0 0 -1 -1 -1 0 0 0 0 0 0 0 0 0 0 0 0 0 0 0 0 0 0 0 0 0 0 0 0 0 -1 -1 0 0 -1 0 0 0 0 0 -2851 41 209 -43 -135 264 -10420 3840 -5016 -358 -4400 -2 10 -5318 71 -83 -88 691 -7353 5709 856 20 -2500 195 -101 -3302 -5341 -2 -5 4208 269 -2006 -2064 -44 -228 -1630 -7678 -3282 -26 -26 13563 170 1245 -47 -5 46 3 -1 1289 -12650 9 11 2 1766 59 158 -28 9923 340 -35 4629 4007 -20 -9792 -532 -38 2 -98 6031 1 2448 -2361 142 -5 3992 20 5506 -181 -74 -3 -32 4 -4938 6264 210 -6607 3128 -11 9 -184 -208 13 -136 -230 2047 -2511 -9 -385 -47 -35 -3819 -1942 7611 456 -279 1261 179 -107 -832 -3957 4633 -49 -562 -3340 -11203 17 -612 -2734 -270 -7034 1718 -8 -14349 -1440 9277 321 -6598 -622 -248 393 35 -164 -13 16 1 -239 65 778 -20 -38 6 6 1 95 -189 501 7 -443 0 332 0 -38 -328 4 530 14 0 -93 1 -11 4 47 -68 -344 0 -70 0 21 8 -4 -7 64 1 166 133 0 2 -177 -4 0 71 596 0 -1 10 -3 -102 -99 12 -1 1 -13 -142 0 -6 10 -3 12 1 0 0 -20 6 0 1 2 -11 38 0 -1236 41 -118 0 -24 -738 540 334 -156 4 -5 -3 -1 -164 2 23 11 -1 0 0 7 -160 0 75 0 -5 0 13 0 0 42 -17 -112 4 84 -2 67 288 8 1 92 9 47 -2 3 89 16 0 -5 6 1 0 0 14 -25 0 -1 0 -6 0 -86 11 -3 -1 -9 -32 -1 0 -16 -31 2 -16 42 -48 4 0 -1 0 -7 -36 25 0 -15 0 -37 3 -1 53 0 -26 4 0 0 0 0 0 -59 -1 6 1 0 0 7 0 0 1 -1 -8 -52 1 -2 0 -1 2 51 0 0 0 1 0 -11 2 8 0 -4 8 -30 0 53 0 1 1 0 0 4 -21 0 0 0 -36 0 0 1 3 15 0 0 -23 0 0 0 0 42 3 0 0 -30 54 0 0 -1 1 -17 -1 55 4 151 0 -4 -3 0 0 -3 -97 0 -20 -17 -178 14 69 1 614 437 0 6 -14 -1 22 4 -14 -12 -1778 -869 24 -22 33 -603 -518 1488 -756 31 15 1 4 974 -72 438 325 -239 -160 -253 -21 -23 -195 0 441 0 -231 0 43 -24 10 15 0 -1 -123 6 -6 328 248 502 -26 164 -1 -12 1 -378 1 -575 -11 -3 7 -19 682 39 34 -189 -1 -8 -651 0 126 32 -19 -190 138 -37 848 267 -272 26 1658 1350 24 -9 -219 -147 124 0 31 0 -1 0 -485 -3 -975 -15 415 0 17 5 -355 245 -505 801 29 -1 -158 -143 -25 -3 203 0 -22 40 5 -1009 2 1 0 -71 2 445 0 0 0 0 0 0 0 0 0 0 0 0 0 0 0 0 0 0 0 0 0 0 0 0 0 0 0 0 0 0 0 0 0 0 0 0 0 0 0 0 0 0 0 0 0 0 0 0 0 0 0 0 0 0 0 0 0 0 0 0 0 0 0 0 0 0 0 0 0 0 0 0 0 0 0 0 0 0 0 0 0 0 0 0 0 0 0 0 0 0 0 0 0 0 0 0 0 0 0 0 0 0 0 0 0 0 0 0 0 0 0 0 0 0 0 0 0 0 0 0 0 0 0 0 0 0 0 0 -210 -91 -291 -5650 127 -1347 -241 -16 169 -3405 -111 -5 -23 -9 -24 -2977 2520 12226 14813 241 -2 8440 157 98 8 14854 -2 -259 -51 1143 25 0 -175 -2046 -4518 -115 982 -2894 773 1 -46 -366 35 37 1 -23 -4605 0 -100 -7748 971 469 -2 20 -255 -14876 -1363 157 5 2291 223 -4053 -1910 16282 19 -88 -4 9 7695 -4653 205 -9 8 -857 4108 -553 13640 -33 -79 -1679 -2 13 13 118 887 2944 -1748 -41 4 -13 12 321 -231 -1418 -2778 -1 -1423 6 74 -70 -1536 -42 64 -10 -596 -364 -7478 26 89 3 2001 1 1862 -1200 -902 -65 -2932 -25 186 6478 3 -32 1470 179 48 673 -46 -4625 7 -53 -7 2 -4 5 13 0 -1 0 0 19 12 3 -32 -21 -58 -2 0 0 -8 -1 -3 -4 0 -1 -1 0 24 -7 -1 2 -8 -7 21 1 0 0 0 1 0 -2 24 -9 0 -9 0 -1 2 -19 0 -2 -8 8 1 29 2 -10 2 0 1 -86 -75 -10 -19 0 -19 -7 -1 0 2 0 7 -5 0 0 22 -21 0 0 -7 0 3 5 10 -25 20 0 0 0 -27 -90 0 0 2 1 -64 -42 2 0 9 0 0 0 13 -1 7 -9 57 12 0 0 2 6 -24 0 -1 -17 0 47 0 14 5 1 -1 0 -4 6 
1 10 0 12 12
222 5170 1368 5717 2127 2626 3394 1633 2808 5580 6855 5303 1724 1505 5540 6524 3680 1617 369 1407 6966 1702 710 6184 7188 2030 5423 5773 6574 3949 5676 6491 3682 513 6992 4214 3514 191 4751 7197 4016 4424 6672 7398 3546 5238 7055 6409 6157 3960 6554 4219 2725 3041 1839 4245 6848 2456 568 671 7697 4218 6497 1891 6490 2103 3655 3151 2759 4532 4385 7460 819 735 5700 2230 2550 419 5699 6777 442 5412 2464 5813 2629 7113 3225 4991 592 2175 7478 1121 6957 5327 7030 2228 7528 5174 1497 4709 1442 5446 4542 5135 2052 5763 7577 5531 3355 6359 2780 7960 4203 4921 4105 5246 7436 2708 3036 5335 6013 6799 2961 8014 153 2765 2172 1668 
-67592237 -43318183 -73959419 -366934378 564327907 -6145529716 1099245801 -1294116 -362216395 -97422529 9456562928 -199332686 -2432312 4830987 -1171311 1491660 -22342462 43747100 -2893090 11434207 1598380959 6329008827 4347229044 68486156 -5345486465 2584779 71341450 17492906 2998083 4520178541 -6075337891 10460128059 -1360420166 4471409 -12808525154 -5738738 -19931094 82271033 185985118 38635827 -148994031 5994766827 2199535 5790689885 -1290724858 9156772113 5904792184 -152591003 -100281712 -6031540061 -69482871 20242429 12268893586 11067548104 -11649668 -199968054 -87726718 2350090685 39708350 -9249931 97928717 46702929 2325318 1084735090 -730337625 -10991116 326398561 2971117 -21658269 -2802902 22553516 -2183183383 277676955 2642694 -24306112 -19391453 -1396915 21771490 -681563102 23702363 -10336701 -2438174660 -1126074 18379914 -606925037 143812696 2787647 -1508806425 -1106428 3057046 141408064 -4819908 -10635314 1416121402 2743733 -75444070 571612130 17378344 -8842865 -160154591 199027967 9982459 300521789 1564672 -37084185 368836714 -4659128555 -276346508 94699659 10237910 -1601692612 94055960 -49528373 1113008 -81527705 -11706484 -5214237650 -24183971 5776013 23425148 4595330 761918066 90872231 -760176084 -8561944 2134440 2969000862 1132124251 
44 42 43 45 47 50 47 36 46 42 50 43 37 40 37 37 41 41 38 41 47 50 50 43 48 37 43 41 37 48 49 50 48 38 49 39 40 44 45 42 45 50 37 50 48 51 48 44 42 48 42 40 49 49 39 44 44 48 42 41 42 43 37 46 45 40 46 39 40 39 42 47 44 38 40 41 36 40 47 41 41 49 37 40 47 45 38 47 37 39 44 38 41 48 39 44 47 42 40 44 45 39 46 38 41 45 49 46 42 41 48 42 43 36 43 39 50 40 38 40 39 46 43 46 40 39 49 46 
5575 7031 6228 -16325 15643 8340 17923 -24452 -2665 14279 23582 -10344 -20044 -30116 27983 -1235 32616 -17340 11697 11933 5535 -22478 28187 28652 21211 11348 16954 17719 3289 30225 -17811 -29668 -8154 -3405 -6593 22120 15480 15107 -31186 -3030 -28156 2503 11014 -3877 8158 30366 25560 -27082 3206 -3089 23643 -9373 -9112 -25115 4788 -23117 10336 -31091 -4751 -14008 -19301 29834 -10743 7632 29596 -8612 -26909 -32725 -20727 12407 378 1776 -9244 -11826 24469 -17268 -32128 -29145 -26154 11199 21310 -18784 -25864 27387 1592 11830 -8505 8082 17281 -3085 -26127 13793 5737 14462 -28588 10343 -28487 -6383 -25966 -14686 -568 18827 16977 13858 -28542 27903 -25138 26298 10733 990 -7128 -13119 20261 -22991 -11041 -18383 7607 32087 -4535 -5744 -14892 11316 -9095 20287 18513 27011 9557 -15230 
5574488 -9549621 -10090278852 -2176677400 -172788630 5188121067 -9559407 76657497 -1295606788 -1407032 24536631 -38657601 -547797466 -9355732457 2408810779 9742313672 8530444 -670458980 1512306000 1073490 -1522546 -137108269 11222888 -4895489676 17688811 11151222 -85499925 -753593631 -11668354 397092402 -23458625 -1372834 1255027 8973801637 9420840 -2983346742 -143029988 21101022 171374135 -1061238 -184876994 -1055281 22232143 -5409607 12021904 -1404160 -97967055 -1476195 -5352519 -91394156 18978254 1370272 -4899522 45659059 2910949 -4469102 -2145366 2100571 11382229 -1554958478 1387673 -5826899 628807907 -6216226278 -270766291 2155903842 -706801189 92454140 2446403 -794649911 -12102039260 -87484775 147927652 12026223448 2842459 -173820542 96786672 97790120 -45300522 4606223686 -2526942 9991121 9503158 24484381 -24693019 -746869797 -23934248 10875653044 1263066 1257216895 -22211988 -1116545398 163433486 2339369 4817929690 -5213567 81073450 -10267263 -332102257 -401421921 9301811 2681470167 -1346325 37246807 11032173 -5363988 -94776139 -37754392 -2538437 -5822212879 -1533483 -1440676 -1511118 -5953478 5981912568 -1501257 11145470692 -1081167 3169146147 -5343746884 1468041 697769512 334561386 -48281215 -2960074 5735769637 4373052 2153113305 
26 27 37 36 32 37 29 30 34 26 29 29 34 39 35 37 29 33 36 26 26 31 28 37 28 28 30 35 27 33 28 25 26 39 29 35 33 29 31 25 31 24 30 27 27 26 31 24 28 31 28 25 28 31 27 28 25 25 29 35 24 26 33 38 34 36 35 30 26 34 38 31 33 37 25 31 31 31 30 38 27 29 28 28 28 35 30 39 25 34 28 34 33 27 38 26 30 27 34 34 29 35 26 31 28 27 30 29 27 36 24 25 24 27 38 25 38 26 35 37 24 34 32 31 27 36 28 37 
26333 25425 22542 -20334 -1820 -2132 -9596 -24965 432 -9929 -4240 16276 -12716 16125 -23430 8012 -16273 -14498 -26184 11736 -15295 29156 4521 7777 -11918 23046 -31931 -9876 -10553 -5053 15828 3502 -10173 -1239 26200 6596 -26028 -29623 -3568 -215 -6627 10856 -4182 -21037 15165 -19692 -4200 -9265 26458 -31960 -24944 -2579 -17687 10693 4974 -5782 -32696 12614 17137 6891 -29151 7548 2425 -13237 31794 21459 12797 -18286 -27913 -11378 11497 17738 24233 11284 24620 3333 -26176 13747 8927 -13663 22770 9016 13023 29048 -24104 25750 13801 11584 25557 25479 -27433 -17112 -23871 -17157 20287 30176 4910 31101 25712 920 -30496 -5412 -1584 24555 24958 -17738 29246 -22546 -27452 3501 -5445 30258 15459 -26953 -7986 18143 -3724 -29388 -2716 -23985 15197 16661 29532 3275 26804 -23148 -16823 -260 
-2357279 -1130025798 -2503667 1243955 -192857540 2183230810 -48307120 68195888 47642875 -1186834936 96246144 -156960480 -5914865 -4322983464 -12021971 9544195535 3012634 -1487854 -20001159 45315669 159295751 6081879924 1485417 -580175366 -2322951737 5971571 -595355611 20499284 -368216391 350760116 -12014614440 578083710 23884360 -742847430 365172645 -279040484 2722631188 1383426162 6226002 87583926 -4838122742 -88951876 -73737516 605676239 -8669571338 19566360 -11165382 2521790971 -12086817 -99123264 -41909120 -332937955 -47979770 -197299927 365717937 -694692879 10475892948 77420188 16851035 -180606312 -48613133 1504259743 -9378484 185763629 -12188800475 -196966691 10835143207 -3011712800 4926910 136631799 -2531071134 -5574327 -181057012 -76917296 2764689916 -12213755 -377929215 8578726 -2507809803 2235270652 686155658 4278855 85861193 4443533 539063810 572573811 -10071476532 1567386 -742953284 -1171491 -2805686 -92529083 5713009 -2220205 9362104719 -744845760 162328660 -89703093 4325633309 -83011361 17949266 -23810278 -1179531653 4622656 1267300368 -5917195142 5912041185 683740472 9483582036 5171512 136238327 3139139 654352532 -586084198 -1298757707 602594158 20420917 -190984419 21600991 -2671737 -10068597 1541932 -44247145 -1560934174 -4809621816 -3092476962 -308583004 -314518100 
40 47 38 37 44 50 43 43 43 48 44 45 40 51 42 50 38 39 43 43 44 51 38 48 50 40 46 41 45 46 50 46 42 48 45 45 50 49 39 44 51 45 44 48 51 41 40 50 41 44 43 47 43 44 46 48 50 45 42 46 42 48 40 46 51 46 50 48 41 45 49 39 46 44 50 41 47 41 48 48 48 41 45 40 47 47 51 37 48 38 38 45 39 40 52 46 46 44 50 44 41 42 47 39 47 49 50 48 52 39 44 39 46 47 48 48 41 45 42 39 40 38 44 47 51 49 45 47 
-26881 -19495 5351 30761 -31272 -5520 -2551 4694 -22676 6564 -31991 9805 22175 -22684 13656 11798 -11104 31642 3128 20792 -32122 -13575 6705 -3780 28719 29729 -15376 -9640 -14438 9865 -24979 -2925 30843 -26791 -25080 11227 -13800 -13912 29000 -7926 -19288 -19939 -456 17925 -12682 25771 -15708 -25042 -1672 21266 -20389 17960 -32697 -12431 17949 -17377 25893 -30116 -20765 22462 13677 2128 28718 3172 6884 27568 -8203 -24176 849 -32121 -23409 23646 28265 12292 -32125 -15948 -17616 -30995 20200 25865 -25536 -26179 -22439 -7436 -8095 -29685 4989 -15994 -5570 14430 -14049 9161 -9598 20378 -28350 -30399 -13791 -4279 30585 21554 20878 -2287 -25414 -31764 -29930 4317 15111 23367 26989 2059 13976 -25970 -105 28308 9998 -18319 -19722 -16792 30781 503 23927 -4584 5070 1239 -29375 -11027 7917 18255 
-69337937 -1214540 -12358286521 -2613297 539271345 1058250 9633328 -17063150 -135726391 1323241862 1128803713 -198693152 -48490632 -661185524 -74298350 4699111 -1502198 -758141910 2813089 1229600 -17486484 21569912 -2481271921 177296580 45954699 -655881410 -75348948 1358906399 -367254009 5002651512 37652067 50306259 -5757831906 374624829 -1189748 328534605 21372290 23772577 23486810 3099211 -1457010 -5566281 1135720680 -37360707 1414245730 2674646267 4744550128 1188745201 98127000 310617820 4674345 -12313514 4984849 37935823 345140257 5826740589 1146734 -191852309 22200596 -2740417 -372956068 587648704 -1110508145 -23785345 1222535957 -8507569 -189056291 794824683 5811095255 23794764 -4445350 -1049244 -75085717 -156751472 3032151 12510336 97741954 -12181716 357580437 -5972374 5155912 -334234732 -5927830 1083976 11447655 176961699 -1426332273 -767715763 5047382868 2763736396 11570812 2576159 -10900669555 -5107421 2706337 39145229 5311093035 -9719582914 144432595 -19622561 -2364946 -4506626 20436074 11986094925 9190928055 2772871816 -2338236 -168129342 -4315599 19513598 -184494546 -159075480 5042252 142749687 -2801376845 12553323651 -71237027 -34466464 -75797877 -84244937 5318978 -1559956403 -4262999 -1311681 1200731 -803037866 5581612 1467020525 
29 24 35 24 31 23 27 27 29 33 32 30 28 31 29 26 23 33 24 23 28 26 33 31 27 33 30 32 31 36 28 29 34 31 23 30 26 26 26 23 22 26 34 28 33 35 34 32 30 32 24 27 26 27 32 34 22 29 28 25 32 33 33 28 33 27 31 33 36 26 25 22 28 30 25 25 30 27 31 25 26 30 25 24 27 30 32 32 36 35 25 25 35 25 25 28 34 37 30 28 24 25 26 35 37 33 25 29 24 28 31 29 25 30 33 35 29 28 30 28 25 32 24 23 23 32 25 34 
-12367 -27187 -18187 5286 11586 25969 7128 -594 -3506 32121 -30630 -10323 -24132 -967 -10322 27897 -19032 -11204 27537 -3198 -9562 -18987 27506 -13472 22240 18213 23546 28927 20220 -272 -31638 14025 -26077 -11629 -9056 -32554 -14909 156 1789 3840 -20780 27196 24472 6870 9604 -20285 -3440 -5969 9238 -3753 -11340 -7191 14435 -6685 32569 761 32713 4703 5190 -1025 -23743 116 26579 30142 5362 -9572 -30802 4284 -17277 -679 -10713 8004 6138 29018 23688 -13275 15472 28410 -24091 -28224 20560 30322 -5573 20986 28011 10520 5332 20622 -25801 -14025 32742 15932 -21651 -3065 -6144 19893 -29188 15564 -31048 -27010 -20416 -6885 20369 -29679 -1931 5137 -16049 29931 1846 -32472 10845 -23361 -28704 -19508 -13760 30671 9993 32135 -19300 -24243 -13065 26663 -17537 -17302 25215 -25774 22380 -13251 
-149410191 21419067 3066032 -4444491767 -286822717 88096978 2602622 -9989359877 -10992630062 4884587551 1388653 -5904122357 -2907476984 -717405388 4582719 -99396410 -1100867549 742970525 8844176077 2326403 1097401965 8656175 21034424 -5413759992 -74315972 4843187314 -2688100 -11112290 623951175 5330871529 1117097088 -4505987886 -721327058 2962024476 3082517141 2341238 2508932941 2527950 39230923 3074106022 -8895876475 22941014 12527288 -5518579 164033924 1454675800 2217139 153450977 341457116 559624204 -1360975968 -11447954 3086463003 12527756341 388547635 8508650 -2558011 -1220262 1511962 360668869 2710692 676138610 -3089281 21316736 -72044818 -35744722 -34628800 -5447658523 -278133457 1296617 8994231127 -6015533 -2556025 -187171049 568357250 -5802428074 -2677140 1110106 5341929 -2885374 -137178471 4366138 -2948128676 -2620534 -4971967223 10877806 -10211542 1553578 -1174089 2604743982 -1283582 -1483270378 152781106 174965859 -2264147950 272732279 637294343 85853954 -3020937983 4534114529 -2936395335 -88135534 389872464 679574801 -23866250 -45263482 4382783220 618306684 -5274784546 -4391871 -2249746 88924506 100392476 92697373 -173451086 1351937 -314067848 5249592 -25143474 -569396210 755305225 -19591895 1330567 3122382 -1525801516 -2357048079 -5038426 93807349 
33 32 29 40 34 32 28 39 41 40 26 38 39 35 28 33 38 36 40 28 38 31 30 39 33 38 28 30 37 39 38 39 37 37 39 28 39 28 33 37 39 32 31 28 33 37 29 35 35 37 37 30 39 39 34 31 28 28 27 36 28 37 27 32 34 31 31 39 35 27 39 29 28 34 36 40 29 27 28 27 33 28 37 27 40 29 29 28 27 39 28 37 34 35 39 36 37 34 38 38 39 32 34 37 32 31 39 36 39 28 28 34 33 34 35 27 35 29 32 35 35 31 27 27 37 38 28 34 
29708 -2475 -32756 31188 -21988 29721 -29908 6923 5360 -3267 -4330 2523 6638 -16014 13351 5788 -25541 30084 11465 -907 -19038 -19139 -17317 13286 -4760 20342 22595 27144 21248 -18539 16548 -9263 24759 20764 880 21067 24237 -26137 -23686 15081 19855 28207 -17411 20690 -22290 14527 103 -27536 21959 -12023 -27102 27851 -11054 23121 15570 -32451 -3922 25882 4834 -13152 12517 -9654 5641 2324 -6469 -14605 -29295 9486 -17074 -24937 -3390 -20319 -26099 -7358 -4845 -1509 3669 19100 2257 3793 7563 19513 -18976 13417 -18568 1672 -18320 11358 -9453 -27501 21931 -31761 16337 -20065 -5789 -28429 7446 -9572 -8954 -6771 24458 26824 12656 18760 8869 32008 -14722 32129 -25407 9163 -21888 -31241 -1190 4752 -29566 12144 8603 -12009 11448 -1129 30703 13585 11750 -24180 -6964 12529 -11321 -17359 
-1094210 -1302117655 2944974566 -76703372 -4655679 -335193370 -4715781 4811067 152553503 2674085633 9996046340 2581477073 12033107923 -9817555 369496510 749459706 718268462 1359475 151139273 -1418413918 -19407814 -12250576 708080105 -782539808 22829071 628711345 81379311 -22023024 12841334149 -10995685 -11395943127 21013755 -316964278 -2675433 5790413929 -273277387 -2414572515 -158126723 -88604897 545766274 -23589036 -43227086 -5338894714 12863599807 85407843 170760714 1468008 -9435074394 635484233 -387082573 97892541 10190138205 -2486555 -36084255 -2456051 -67325018 10140279 12486158671 -6166917958 -1272752 -4296355 -11001182635 1160626 21580884 82698431 -151244746 2958982 -2394195260 325681705 -17315118 -9094945457 -1078136 80949690 -9285625932 -2371449814 157457023 -389290696 -21669375 -144616529 -92029060 -158028819 -2290079057 541468569 2306640377 11024741098 -795533296 6232656975 395919720 -87218006 -24057678 -4482991119 9054911641 1403924885 -2776320300 2794591 23675438 -20611916 10296254 -10368426785 -9246135 -172405730 -5792978451 -12877398287 1267068979 629490705 -5800017234 -325554613 -40942320 -40375262 4443699 11107821 -5477249368 -275659933 -34537244 374890243 22364148 -180481725 -3116470 -50254454 296796717 -5648617 -5278180 -22624522 4367725 -592653037 -1081698979 -12400168 552898967 
42 53 55 50 44 52 46 45 49 54 56 55 55 47 51 53 51 42 49 52 48 47 51 53 46 51 48 46 57 46 56 46 51 44 54 50 54 50 48 51 48 47 56 55 48 49 43 57 53 50 50 55 44 49 45 50 46 56 54 44 44 57 42 48 49 51 44 53 52 47 57 42 50 55 53 50 52 46 51 48 50 53 53 53 57 51 54 52 48 46 54 56 53 53 45 48 46 47 56 47 49 54 56 53 53 55 51 49 48 45 45 55 50 47 52 47 50 44 48 50 46 44 48 44 52 54 46 52 
-32306 13498 19711 3722 -1121 15312 -786 6561 -4047 -21718 10853 -10523 -32290 9791 -6250 10220 -15060 -30872 272 -30613 4889 -3248 -5847 -19550 31536 -6385 28810 -16952 11678 -13153 18896 23600 -9597 16535 -6017 -8730 -24773 -8672 20917 12226 21862 13087 -1740 2359 -12905 31713 -601 13610 16421 6776 28755 28539 -10364 -10838 30323 -12227 25897 1065 -7527 -26528 10640 -31306 -30120 -28149 -19472 18236 -23431 12283 28008 13729 12923 31601 -16382 21308 21420 31701 19100 -30301 -103 27526 -18147 31926 -20192 13475 -15209 27974 22857 -20590 17894 1344 28088 23668 15779 2856 -7328 -7257 -1295 26023 6343 24015 -13547 5543 1649 -10275 21030 -19837 -31237 1582 18852 31295 23628 -2232 -12674 -17433 -19573 -3251 -20411 -16873 20436 -21767 17599 -14049 -14844 -2822 -4840 2484 -23286 29497 
-10706494738 8522044 378165524 -4681338398 -1548020 -337705138 350067609 -24209696 -4651109 3045624802 -2361797113 762704733 -1466806 2927243755 -1292022 -9195901107 -24494537 91407794 96999969 2429911379 -9974921778 5761115 315589013 -172650483 2682417135 -1236945065 708921435 -718685684 -5248833966 5546826 8988020 17539550 172479463 313306300 -2454350235 42560426 -3053151891 -201318703 4589533551 -8509861 348187464 42627800 -645415833 171744077 -12326167 -2319656260 2761109408 -3087871266 -8476826 99670921 -335139337 727410129 -96808262 -11073173907 -46912051 24071421 -11386716596 -636284399 -10762084 11993855989 -2822260768 -23119429 -3201068864 2991004699 23251273 -9784145 -8768596361 38495368 3091762 9211006 5353691426 -12282205456 -154482213 -20810162 -144602570 -2912669 2626683825 18848151 -153844057 -92903627 -48205864 -84627007 545871108 -16798430 -5720913915 -2569880496 96273352 11423404016 -10397245275 2506247750 1532702 -10409344 -4337280439 10977469810 -1523897902 -9069427 -5875195 5915754 -282127663 -149238311 -71070255 46143333 -45537590 -761423985 4918354519 4388450 -676058915 6071835072 73728009 -1070090 3009368779 4774242474 6038154057 -9156101 -1532153 -616920774 -1431078613 -1424211 164572805 -77240633 155608542 -40862387 550032066 2866400655 -3165948108 5165249 -49030315 -6379631533 
36 26 31 35 22 32 30 28 26 34 33 32 23 35 24 35 26 30 29 33 35 26 32 29 35 34 33 33 36 24 26 26 29 30 33 27 34 29 34 27 31 27 31 31 27 34 33 33 25 30 32 33 28 36 27 26 35 33 25 35 33 26 34 34 28 25 36 27 23 27 35 36 29 26 30 24 33 28 30 29 29 29 33 26 35 34 30 35 37 35 22 27 36 37 33 25 25 24 30 30 29 28 27 31 34 25 32 34 30 23 34 34 34 25 24 31 34 24 31 29 30 27 31 35 33 25 28 34 
28318 -17223 17971 4068 29060 20511 32411 -6002 -10518 -8599 -7764 -22625 15661 20009 -9003 -32100 29259 6118 -2032 -26410 1457 14667 -9839 -28652 27628 26361 16035 -29823 5107 -3010 30647 28716 21827 -6233 13688 -24090 -22968 16145 32684 21980 20778 8771 -5550 -30072 -22226 25834 -473 32757 -12007 -3483 -30256 -27073 -17035 28978 19071 -19656 -23088 22809 9231 15450 -1068 -23476 19395 5532 -3178 -32444 17908 12698 -20103 -23537 15142 -26288 -4888 22916 9204 -895 -17206 25799 -10261 28031 -24826 -29388 32738 2475 -4174 6406 17996 21705 3590 22249 -23447 1703 -17278 16830 23146 -20770 -11307 -255 1689 -31201 -11754 27788 5991 -1004 -3816 27410 -2838 21499 5261 24417 -28410 13780 -8578 21739 -1278 17658 -24811 -11461 15987 -15147 10637 9174 -25319 23275 -31604 6667 -22492 6468 
48478696 -624246589 2177949753 391996987 10294286932 -2946510 21520786 -1607605148 11957522 5955032447 -8978473 -23383129 -159309117 1238382132 91729367 21671906 1246776 -11995623935 155231335 -713003128 9932777529 2348855002 4607491495 -34774930 8860406663 -179211520 1262390 4224548 9444466 2598858 -11091031 21183971 -2189871233 -89919779 4208311 1387417866 -2629004 -333632090 -2232916 -1343684 -92890388 86159127 17848672 -639358303 -390162802 17245111 -2624151298 273957916 -5816706773 8802665 -5126495 -41007249 -1505234 -5334880 1411137 2735325 3092446 2299319 2977474205 2603039695 -369632651 159880342 5761131633 39729533 -25152210 -10641115 -148393924 18435495 -81019835 -781966860 -4426790 -4575968 -325355981 9163853 37988785 -20848716 -84843058 -580382005 -79097982 -84222057 -40368901 616239026 -91544614 -2853703170 -8509647 -10832937 10420733 -1368780846 -8538377 647781442 -3201138014 24314448 -82409708 -2980239610 -78335576 -21182593 -5748479 1209004 5425449 -20908280 151350024 37289252 1071769 6298370165 4844653741 -2799012 -1153264391 3051344 2179890415 -1106099542 1108722 -1109083 -4853760262 83695527 88072040 -2246135439 1205229443 -2780161069 44468363 -5484861421 21263746 -1101926 2974721 11110938 -566452902 -2848628 -71175323 1261400657 
54 57 59 56 62 49 52 58 50 59 50 52 56 59 53 51 47 62 56 57 60 58 60 52 62 54 47 50 52 50 52 52 59 55 50 58 50 55 48 49 54 53 51 57 57 51 59 57 61 51 51 53 48 50 48 50 50 48 60 59 55 54 59 54 51 50 54 53 55 56 51 49 55 51 53 53 55 56 53 54 54 57 54 59 52 50 50 58 51 57 60 53 54 60 55 51 49 47 50 53 56 53 47 59 59 48 59 49 58 59 49 49 59 54 53 59 58 59 52 61 53 48 48 52 57 49 53 58 
-8161 25235 -26215 22056 17501 -16312 -206 -16111 16063 -6831 17230 -14443 -16625 -8424 31758 20199 -13104 -19872 -14248 6756 29477 -26249 2438 -27293 -24024 8828 11910 24505 19973 10854 -11723 -6926 -25418 30249 -30907 -6145 -30766 -20101 -30646 -32143 29750 23962 -9503 -4460 -11586 27074 -17381 -11099 -23276 -20554 17083 16320 -24378 -9983 -25592 26415 -26799 24190 -5943 -7545 -6448 -11477 14063 6273 -14764 -6268 -4000 4286 -16972 -17135 -9094 18712 8028 -21158 -14282 13266 -28335 -16860 -23926 27363 15762 -4572 11911 28892 20151 -16298 -10977 27395 2173 -9640 -27970 -2637 6401 3769 -9878 4542 28296 -8220 -15174 -9195 -12079 -26433 30768 -1671 -27182 1651 -7758 23263 28429 32196 20694 -5348 -11848 24072 16343 -23045 -32270 -695 -30787 -8373 21610 -12696 -127 12162 24487 -26571 -2325 18544 
275010417 6314214626 -47715219 -1470711461 746901030 -5513536636 -1439485019 -149564562 2795638667 44380304 -67467233 382040114 -277706153 -1092594 2933507836 279282822 71249531 11836564939 -2940640 -2806116 -192613299 1320525573 -622512319 390232004 -3001885918 -12557515 19649902 19725184 92328171 9587033 -153606723 11212386444 49297181 1360576 5167070 1545507 -47073899 17327811 -2739252 -1354657 12383912552 -4775927885 -10979174 3155180318 -24296870 -11008049179 -91881506 2913988288 2515153215 2980929 -11246188 196552098 -1123364 1413120 81915011 23411444 -602959884 1496586 -1508957611 -397077177 -1185746 4818633291 -1308899 321258054 23904273 1140364363 5970381 2651093 -19062300 37390543 -563821368 12299456 -4385808370 -85518725 5543201 6021394040 -8602278 1082959225 336689363 -1414934262 -12539230257 1205310494 4730752 -2982402613 -5267669 -20225447 -9461557 6219692050 78193609 4581021279 -2403532411 -2267329 -17955412 -1093205677 -44361647 -1127760583 2098605 -11537781 -6003648 23437510 174193121 357910805 -5100675 198993687 -19806702 -1155183346 -6029466 -37341995 185551679 -1372247 8866706 10688917561 -80407605 -1556915580 -2903955 -5593402 2486065 702499235 8398803 337863468 349460653 -6008159 6009173 17667393 -1094992 -385935253 2785076287 -10070172530 
51 55 48 53 51 55 53 50 52 48 47 49 49 43 52 51 49 54 42 44 50 53 51 49 52 44 47 46 48 46 49 55 47 42 43 43 46 46 44 41 55 53 46 54 46 56 49 52 52 42 46 50 42 42 47 45 51 43 52 51 43 53 42 49 46 51 43 44 46 47 52 45 53 49 43 55 45 53 50 51 54 51 43 54 45 47 46 55 47 55 53 42 47 51 48 51 43 46 45 45 48 51 43 48 47 51 43 46 50 42 45 55 48 53 42 44 44 52 45 49 51 43 45 46 43 49 54 54 
-22507 -12603 27496 -18460 2106 -30137 -682 -24434 -25459 23660 -14010 2898 4180 -17777 -18465 30369 9028 -15398 -8698 27573 3108 -6413 -29866 -28082 -5430 -4628 -28526 11129 16653 -15417 30343 -5408 22584 1580 25453 -24739 -19405 537 -28054 -4737 2477 -1211 9905 -32228 30851 25564 2610 -31793 19463 30077 15221 -11412 26989 -7394 32046 10040 9780 28762 20385 -17454 520 13226 -23625 -2417 7126 -29113 20765 -22572 -5312 21985 -17917 10625 18975 -15742 -13447 -30758 -18256 17669 23350 -32395 2875 -6640 -3288 -1378 -22022 -24724 -25184 32354 3460 -21535 -25663 22595 8669 31933 18807 10201 -26686 9341 22459 32105 -14626 12722 -28109 28685 12854 -25645 30118 29129 14577 -20203 17953 -12075 20265 -5337 -11117 -26335 25099 26640 13291 4180 -22303 20183 2296 -12047 -12679 1673 20137 26058 
-3033907960 73640646 93408398 2983167 8635095410 -658294057 -11184388338 -1168928 2655299 -1409004273 -9274214978 6417256637 -4521567 -1335829 34280595 695125452 -5881709 -4959322858 -4536083 -146944945 165210681 9488915933 183654469 -84310834 -9488700080 8959538249 -2365867105 -5265053 -1256265225 8876165 20109319 5133152440 309000328 2175799895 -281209302 11764257 6236084 -41373167 12109510306 695830456 -362302676 -2910114 23403819 2524926 149743091 -88165331 -6167947 11406119 -6178646 -1078390015 -3139411 187588329 -5939991 -4528175388 12643356947 47044467 -322268045 48229050 9856196363 11679063341 4831354 -8538971 2300851750 10128239318 676311799 -3007431 1118688704 -2220014946 2168111862 289833086 -573347964 -8945240228 1363389684 -22343577 648669766 725766139 97735672 -5964072 5725689081 1446934 45589922 -2140957 -11022588 6368467707 90464251 -2158041343 -34982790 -3034230883 8439885 -6398204506 293385342 143761847 2710490 2972875092 -5319846527 -25049100 708942727 1117646 2613770225 47570111 -1507193 1516440002 148244125 -277338943 150147601 12420539 -5774518330 10131920731 2305053392 -180036736 20992554 -10983345 -22004992 -788165422 9677809280 -375899830 -5919117967 -9369839519 -1178102 19018079 -171983805 -18647445 4348039 -22331522 -12379729877 -549225941 -1516427 5433785065 
46 42 42 37 49 45 49 35 37 46 50 49 39 35 41 44 38 49 37 43 44 48 43 42 48 48 48 38 45 40 40 48 45 47 45 38 38 40 48 44 43 36 41 38 44 43 38 40 39 45 38 42 37 47 50 42 44 40 49 49 37 39 46 48 44 37 46 47 47 44 46 48 46 41 46 46 43 39 49 36 42 36 39 47 41 48 40 47 38 47 43 43 36 46 48 40 46 37 46 42 36 46 44 44 42 40 48 48 47 43 40 40 39 46 49 43 47 48 37 40 43 41 37 41 48 46 35 47 
-6794 -25894 32759 -8919 -178 -17841 -26949 -14597 -7262 2009 -25818 -9764 7109 24497 -2187 17208 13151 -12474 -3736 -18352 15436 -4517 24196 -3433 118 -1899 3564 7127 15275 -6929 -13931 -29053 -21327 14862 25095 -28703 -24084 -23052 -15638 -19061 -24064 5841 -12953 14849 -22361 5624 31250 -5907 -5389 -12324 -18915 9720 12391 23627 26145 -16052 -27496 27271 -7491 24632 -19123 11195 956 26090 28158 2813 14308 22670 -9407 25740 1912 21195 5606 -31351 4359 7469 -11837 -18419 -28022 9204 -5752 -15043 -23228 21934 -24075 -28509 4755 -22196 1157 -14212 -29098 13601 -6251 32046 25871 -23224 -30355 22728 -30195 31545 -21157 -20164 26047 -31622 17855 8181 19069 -18034 -28032 19328 -30198 -14274 2202 11005 2663 -9282 2732 32165 6780 -14659 -14073 -10073 28023 17417 -9351 -1851 18454 20679 
-17717427 -1561138 183593586 49512994 -1450941150 74784862 -155557097 -156122951 4830745 5452723 11812703968 4921393 2964794709 1396994256 -1512488698 -1084916 11839637 -5676223790 34147127 94317845 -3123543132 -6263660 275068611 -5584496 5531627 -10224811383 3134273 12554927397 -34624589 1348983 39050178 -11982657517 -43275007 -372619940 358742349 -343843876 -4717955 -18246039 11607855450 -6218031563 21788393 -12580022 -11952284 5111462 192395142 -10378984418 1329420 12556098 800682275 -365772754 -656932711 1464365524 88827470 8986149707 -68505924 9617453 -5221709954 6255332 177967347 -21231250 -4310514 -4391376 2574996311 -47527965 162018017 -6281426 -6208343 -182968237 1248502763 -9114055 688439826 -3044477709 332890864 -87132273 -80446675 12350393 310243589 -1265774 93673808 -727806270 1563053 786353843 -4660096376 19435610 -571548412 -46906918 162082655 -657135958 401260572 -373283411 2836751024 297310785 6022865321 2977063 11074018 -4897196 6086806614 -73469981 -1273760549 -4507727926 -5884644560 1151486 47573427 -2164759 -178213363 1475697924 1328575812 -306405192 -23770614 90651649 20947509 160732563 -39958100 9325562 -6098984608 4381295 -48953450 -1291724 21132799 8634543 -195324318 -94494015 -5140725096 17989467 18968649 -8882308 -25119678 -2184637008 
40 38 43 43 47 44 45 45 40 39 51 38 48 47 46 38 41 50 41 42 49 40 45 40 38 51 39 50 43 38 42 50 42 44 44 44 40 41 51 48 40 40 41 40 45 50 38 41 46 45 45 46 43 49 42 41 50 39 43 42 38 38 49 42 44 39 38 43 46 41 47 49 45 44 42 39 45 38 42 46 37 46 48 41 47 42 44 46 44 46 49 45 49 37 40 38 50 42 48 48 48 38 43 39 45 47 46 44 41 42 40 45 43 41 49 40 43 36 42 40 45 43 48 41 40 39 41 49 
18214 -8357 -323 -7978 18037 -2084 -30070 -31038 26416 10475 29346 30944 -24871 18071 -29907 30405 8348 -13529 28274 -27071 -3209 -2697 23473 -6477 -557 883 -31182 31506 32182 13368 -2515 -31775 -13087 -1947 -6402 -14414 -17338 19396 11920 18285 7669 -15050 -31109 -773 -5520 14736 -24553 -4659 -12872 3131 -9465 8506 -20562 -3877 1101 -17294 31939 13072 -20456 -14468 -6306 25637 -5670 -8780 -15660 13118 -22239 2875 -2125 16881 9241 622 -9988 23301 21708 1350 -20612 -31048 -30930 -21045 -23056 -30918 20882 -6474 -725 -18742 -22480 -8147 -26042 -19156 -4979 24606 14005 24452 16054 -25003 -18141 -7948 -21795 -4984 7936 29032 -27577 -21254 26229 31835 -30156 -11715 9753 18954 9307 6309 -3564 4928 2989 951 30559 -27621 -8041 10602 14006 -20938 19809 -15887 26809 20108 -12904 -2734 
-76592910 1372741 96859919 -3088600 4402647241 -21499798 -9204110003 1519699 -24694556 23146814 4446524394 -327090061 -12424678798 617438730 -85807471 -79526291 1337680022 -11781783 -9170670 1134526 -674092477 200154177 -2370425 43877871 5609993462 -5253773069 -188574678 -654127744 -24093654 -20639458 1536594362 1226554 2435226 -5795062 -296312402 2374966 734603974 572457292 2207090 -9429960 -5467898 -736103878 23794486 -180445772 -1591450758 1459433134 652419707 -17581617 -2518699 1522206740 5678919 23084542 11009426 152461024 -640336546 632807582 9719560 397990099 -146070833 -24480872 9275454 -100437319 283730842 1204403272 -355727736 -90606560 -11953279 5562817 -9611220505 81015465 -2928333 1121158 2809167 2238953 -1422661 -11063553029 -24332747 -1469275132 9342053885 -316390689 -1349042 -2893936 -1291119561 -10331279 1240692 -5486359 -11668375 2420087815 -1315577 -165860755 2338328 1421170474 392232453 717695172 -1247708 3070363045 -778408737 -4939610 -5238844 198479081 97905495 6314353371 -184954589 -3035553832 -20545810 -12844970538 175168421 -356010472 3038766 -18458281 -12786234736 -5629974480 294745205 47876169 4481696330 -2740935189 149496001 1456260336 -177805253 1586463749 5175496 -171775032 -2874122068 352750390 -346864508 -1364206178 -750372478 -1423125705 
33 25 32 26 37 31 40 27 29 29 37 35 39 35 31 31 35 28 29 27 34 32 26 31 39 37 33 35 30 30 37 26 27 29 35 27 34 34 28 28 27 34 30 34 36 36 34 30 27 36 27 29 30 34 35 34 30 35 32 29 30 32 33 36 34 31 28 27 38 33 27 27 27 27 26 38 31 37 39 33 27 27 36 29 25 27 29 38 26 33 27 35 33 35 27 38 36 27 27 33 32 39 32 36 31 38 32 34 26 30 40 37 33 31 38 38 32 35 33 35 28 34 36 33 33 36 34 35 
-28398 -28030 15482 12561 -22243 -1559 653 -27057 -23159 15818 16491 -8135 -1794 -2864 -32590 -5750 26860 28535 -4949 -32638 -13883 -3809 -8997 -24766 -21155 -27122 -17502 -9915 -7397 22336 -7172 -546 1657 19003 -11833 -567 11227 23065 -17062 26691 30465 -19150 21766 -1077 26332 29374 17917 -29078 -5015 -23945 24319 10954 -31021 15497 -18153 15781 17942 -23015 -16482 8653 -31737 -2639 -764 -21386 23038 -24754 23812 -804 -9949 -14427 -22129 14023 -22976 4170 -23655 -15481 -28471 3559 -30047 27263 24604 -20498 -15842 13676 -5864 -8876 10174 7812 10733 26215 8389 4793 18049 -3003 31774 4435 -20139 -16175 -16982 8887 -9089 31228 -29313 -29412 9021 -27486 4077 18313 31315 3015 13256 -21380 -5229 2528 30346 29939 -6997 180 3700 -30272 25138 -2974 15499 21031 -20860 27349 11914 -3502 
75742336 2992964 45624283 1453257880 71219914 -2954296 17409183 73215483 47162636 2328323026 -1264388 -1458329058 -713675889 94527613 591302049 9467534 -1552470 -98135961 1239834680 -1292731 -144673135 -592688059 37122985 -46805920 1475496 2430166 4986957058 2170080927 -4978825294 5124191156 -155666129 3066116 10101520344 -2289789249 12729617822 2200152 145983108 -44913364 -198670274 2686010402 -2771098217 -93075679 5386173575 -5638007 1106973 -35796936 -86781311 -84052435 -84322301 -6182118038 81457621 4889691 6056552 -9887653 -20930075 -99262071 2737177 22233486 -1480893 5426240 -1115458928 -1371766408 -2979990 -1505784175 1209574758 43247324 -9186245 2797791 11093144410 -5961673991 -48533741 -22045351 -676148699 -2736056 -3086353 1206193653 44269447 -6257483 -276900238 -36709833 8723222982 -197169470 324677882 47747875 -173694926 5647799 177174587 175680963 -6287293111 -9415473 -155989186 -20655668 -46815364 -40588688 2678901 1293900403 69126440 -5404238 2571621 20810119 -87349177 1161438441 -2297762 1330905 -3066917 4723608310 9101873 -1495087875 -11702591279 17261133 8793959748 22322042 -2211937 -2733723465 184397052 89354869 -12167162 1513225263 5100873 6187569379 -1516897049 1524113 161272564 1439880 5125139 -2561520 10108240364 -19579948 
43 37 40 47 42 37 39 42 40 46 35 46 46 43 46 40 35 41 46 35 42 46 42 41 36 38 49 48 48 49 44 37 49 47 48 38 44 42 44 48 48 42 49 39 35 41 42 42 43 47 42 39 38 38 40 41 38 41 35 39 47 47 37 46 47 42 40 38 48 47 41 39 44 37 37 46 41 39 43 42 48 44 44 41 42 37 43 43 48 38 43 40 42 42 38 47 41 37 36 40 42 45 36 37 38 48 39 45 49 40 48 41 37 46 44 41 39 46 39 48 45 37 43 35 37 36 49 40 
-4052 17984 -5496 21999 14568 17301 -10063 -2686 20690 12236 -17594 510 4325 6032 21990 24906 9974 9123 -7564 31578 -18338 -21615 18362 -29361 -30200 7687 25821 -18392 7505 26315 30398 28207 25529 -27715 -21922 25811 -28159 850 -23778 2504 3688 9069 -22021 8403 -6458 11973 -21248 -1082 -7576 -3737 -2310 17412 11384 16412 -9250 -26530 32638 7130 -19821 -3956 -29753 -25251 -3544 -14658 17197 11321 20221 -282 25931 -1625 -3121 20553 29322 31905 28986 -15652 11168 5372 -3570 -18725 23086 2613 18620 -10299 16802 -19862 22170 -18590 26224 -16120 27706 27490 27696 7815 -11122 17444 -28807 -26841 -30350 -10116 -16159 27666 -6351 -8097 -22059 5863 -12697 -19942 14389 29493 -12065 -23362 -31071 30880 13937 -683 5588 -29269 32217 23156 7624 -4467 767 -30603 -26025 23920 -19828 -9965 
-4935250468 2962499 -11421204141 -2504955 11075795268 -80874762 -11766895 -94205260 5599966532 5617948 -3080774 9423991598 9952344 3014355562 281116861 4437684744 -1560970618 356908469 12421056609 99096088 22048411 -3076635960 2949716 1445981047 699554911 -285623090 2705738932 3136143 -2941866 -2525569759 84695156 -91916092 83827401 19034780 5859724098 151234053 -8798274 -389021629 21828844 9183026 187056241 87490240 2623459 642774720 305560768 -643774707 -1244727 2698664 6174516 -566895862 12522433426 5934968012 -768255580 -1306015 -179238175 -1521289508 -5538494158 18176375 184376676 -11280491903 -11282984083 175651750 -197880201 -45643124 5618318616 9148415415 1157768271 -46533542 -191009856 -2603808 -285845842 -10955013 158917948 -1445613 -2610229 291245662 6107986 -752317255 -160636729 5024996 -21461787 2943702 -5000521418 138015234 -622029801 -1574392414 -321267305 150223736 12315531 17154340 2226315536 -1209535182 -554735497 -21800714 36811458 37769660 5970258 1319291 9294174714 40585952 -365464349 -25157987 -9880302 -1356468 776964076 -381491779 -2630456351 19382015 1458218053 24350062 -17686325 -38265651 -1165547 155060407 -12033547581 -12381986 5141593 1158665860 369490032 -186695236 -1441461 4577171337 -1571411525 172354983 80272927 6045443387 751398718 -19964973 
54 45 56 43 56 50 47 49 54 44 44 55 45 55 52 55 54 50 55 50 48 53 43 52 51 52 55 43 45 53 48 48 49 46 56 50 47 52 47 47 50 48 44 52 52 52 43 43 44 52 55 56 51 43 51 52 55 47 50 55 57 51 51 48 54 57 54 48 50 44 50 47 49 43 44 52 46 52 51 46 48 45 54 51 53 54 52 49 46 48 53 54 52 47 49 47 46 42 57 47 52 46 45 43 52 51 53 46 54 46 47 49 42 49 57 46 44 52 51 49 42 54 52 50 50 55 53 47 
-8350 4684 18218 -25602 -19445 -27156 -31409 -14175 -20832 -5440 22272 -6164 11498 -6845 -31392 16012 6341 -820 14187 6703 -9462 15455 -30392 -29883 -24708 17652 22747 -3985 -11391 -26908 11481 -9963 -17784 -14652 13952 -8505 -31010 18858 16936 -7291 18072 7194 -851 -13631 9562 -17115 -25858 8536 -6511 22198 -20863 -25551 -27215 -27162 -13194 -25593 -14840 -3488 -1853 30260 1248 -32321 24700 28387 3629 -11803 -17554 29278 15909 5175 -3103 -2428 6271 -27451 2217 25832 -23309 8407 27486 13557 -14985 21983 14603 -17360 -16845 -1575 -26658 1435 26570 18338 -26403 -32550 2937 -32689 -4154 796 27587 22118 -31121 -19177 -122 -10646 16770 -26785 30874 30137 -4310 -5310 -16018 -26736 -30794 -16899 -25991 -7423 16478 4517 15301 -21650 14068 22700 -26155 -32342 17607 29324 -15987 -28261 27349 -4533 
-75714428 5910645 -368960331 9947670966 -11573763310 -2438280 5105574 11600851 -81096882 1577865347 -21124687 -670008297 -184215222 17320889 -4504439 1333770 -138714801 193058759 38212580 4553659 -2773252 1567890022 -95177343 -136777998 -3195014025 -1469345442 6041162305 -1273679382 -139731047 -1208574 2794469 2172481 80531186 16856082 12553223 -747739812 2505861 -339857297 -44297039 10625543723 -73496635 -12602169244 -10200642 -706089285 21142674 -4211345 1353197092 -3016925 1359043191 763735202 764299694 -4649838 12339886482 -16946274 6067712730 2488646382 -21403735 -17590462 10824088972 -47940502 -742145169 -5858157 4994825398 -1108710 -40023035 19389374 2276501009 -552126695 333695045 -337866672 4817605112 1356394 706311598 -2676602293 -172768180 4624647576 10186404 3068448777 -21855467 686937503 19611289 309612913 -1086707787 3018533 10346103533 -9804596 141491979 5920221596 39423939 -289330905 -1106469 142887381 -2904375 19869475 1104447308 88115664 1318892938 -4951511359 9395384199 10067031 -5467726762 -285414092 2328497911 276354608 11757775497 656555517 789105366 -1303838 -2390588 2696127 -1080471253 -1459417 -343265125 195325210 -2791965182 -300743053 1134661 -24976891 11631597 -2154090 -4696387 4799149 -1086238 -69643694 399126660 -5780477978 69023088 -8542927 
43 37 45 48 50 37 39 38 41 47 39 45 44 40 39 36 42 42 42 37 38 47 42 42 48 46 49 46 43 37 36 38 41 41 38 46 36 44 42 48 42 48 40 44 40 38 46 38 47 44 46 38 49 41 49 46 39 40 48 42 44 39 49 37 41 41 47 44 44 44 47 35 45 46 43 49 39 47 40 45 41 45 46 36 49 39 44 48 42 44 36 43 37 40 47 42 45 49 48 40 47 44 47 45 49 46 45 36 38 37 45 36 43 44 48 43 37 39 38 38 39 38 37 42 44 47 41 39 
15174 -3144 21682 18444 -30342 -26678 24598 -10582 22945 4667 -11049 6655 22054 -22067 -26465 -9694 -21505 -18147 32300 7183 -7378 -25150 27803 843 15017 9762 -11281 -5980 68 -1401 5989 17665 10338 10823 18748 -27386 10160 19704 -5767 -17291 -544 -9123 23917 -18328 21134 28142 30796 27790 7275 20582 -31207 -17938 12692 7417 22919 11964 -31924 30155 18462 -8199 -21913 29033 -31025 25815 -1823 -9322 -30971 -4599 23976 -13743 9842 -26175 -28490 9661 -6601 7559 879 7792 -14864 -17097 24912 -27937 248 25696 25284 23526 -3410 -32697 20985 -9971 -8617 21392 -19313 -24885 -3201 -9008 -25664 -20999 6532 -9140 28225 3147 16286 -23821 1944 29185 -30725 -17266 25401 -14718 16589 7385 3421 -8595 -7884 -28845 -30755 4553 32419 8006 15653 9600 -26455 27221 22675 -23766 -8922 -20480 
-4896085419 2329356517 3133781 -179188126 657569977 4987798543 11653760666 563974487 97932447 -5523120382 -323854816 -273461809 175806594 -4872919 -710865367 -2110958 -23356505 1346762 657848063 4666633707 -10180275510 -47899362 98823267 5566899 -2330173785 12263509029 -8668516966 4294954 679925822 610370023 -1154628955 -4776493617 -9796911188 -624494025 71070053 -9575614404 -804209449 5163103 -11809498685 -3057593 -1267066 1518744 -2294187 -5120576529 -2632857 11367213 -797401585 -2680573599 4589369853 -21516192 48660095 -381500539 5652066 10585559926 1485496 -300693224 2943184665 -2341339 162652200 -360761791 93655811 5704646967 1410719 589789647 -19872098 -167220011 -40622243 -2315321617 719633481 38508194 2918078 -17732315 9752860 175420011 4840203976 -2473792110 -752575327 633415350 -2814171310 21654412 1600891005 -5905567601 -1069488 1346607479 -792112557 2788792477 -1334764 1118278 12181685 -4598137 4814410210 4843922 2569160099 -149981854 -73112236 -4525889 99340689 199113977 11167737 180510687 2992450 11028380169 -5065722 641351941 1319189 -99211711 -709911475 -1573744947 83838168 -134750493 -2393053445 -741166434 19571650 2710782609 1582398711 35958077 -83186763 23580345 -788196540 22328753 -12473210750 -4725167 -17595108 12518213492 9814421 -5285162 -3086096 158697699 
51 49 38 45 48 51 50 47 43 51 47 46 44 39 46 40 43 39 48 49 51 43 44 41 50 51 50 39 48 47 48 50 52 47 43 52 47 39 51 38 39 37 38 50 39 41 47 48 49 42 44 47 41 52 38 47 48 39 46 45 43 49 39 46 42 45 42 50 47 42 40 43 41 46 51 50 48 46 50 43 49 50 38 47 46 50 37 37 42 40 51 40 50 46 43 39 45 46 40 44 39 50 39 47 39 44 48 49 45 44 50 47 43 48 49 43 44 41 47 43 52 39 43 52 41 40 39 46 
-21666 21090 5152 3771 -32001 -24454 -26070 13376 19316 6110 -19178 4239 27379 -16733 -4654 -22688 -17956 -8631 -2856 -2279 23914 30534 -14638 -3157 -9518 14660 21708 3109 18355 9431 -6258 9467 -26662 -22743 3518 -131 3671 -28529 -29733 -10304 23382 -3637 -25548 -27805 25975 -909 -10838 -22179 -15404 -14498 31466 1760 -11415 -25034 -8953 -5237 3639 -251 -4948 -9154 25401 32623 8826 -25878 -27484 -15742 -16770 2342 13563 -25764 17138 8024 24402 -11763 -14255 7576 32456 -1869 -21372 -21620 -23901 -26644 -9963 -8155 -27591 -27105 30496 17160 -7684 -13423 2694 -6859 -14907 -12918 -21951 18918 21558 28498 7737 9985 10245 10618 29788 -7964 17096 -11241 11930 25537 25485 -3792 -17505 5561 24654 -23432 -14739 3161 12546 9041 -14381 -25183 24362 23636 11549 15571 9345 -1033 -5494 9783 
10766481 83611034 5201717108 784734427 180784424 -380664349 -269610505 6376360821 -302284141 -297277636 -143814875 -22934032 1397779914 81333643 5817021858 134327767 -164682384 2611144617 146922832 37144092 -5532866815 -9514007709 587663548 -702823712 -2539493452 -1237402 8672456 2692230 11690579360 -77007558 45332393 1495306 -5959905 -742859260 11007251441 -73983767 -698982290 12838701969 -2780538880 -149884972 -794706799 161039595 -18133011 321307972 36038697 2829059617 -10547603425 1286207 180468883 1269419 -9686449646 642343191 569826387 -1535958250 -2424853722 -4672377440 20825820 2790673610 5236229 -1529694758 3179360791 -1477931657 2398425048 -1323320 -188598078 -6172861 11770220 10685613375 -6214622 -5788451 2120642 -783996939 1560138 -1549646 6365843798 11771125 370591370 9894186347 1212549 -10444726 -9540110967 377463147 8876748 -22699435 1090432 -1402846 -6159114 9558856699 46090106 2658668556 -11202342 -9925643599 161094211 34582317 -10990464 -19164614 5631304 -1411615925 88200488 -1187359215 4610976756 5975177 627064947 6087591 69568338 5598717 1483999 333141967 41012385 173448924 39203308 1189616 -1112445 41498066 1147379 -751920317 -12330780089 -11577597 71561586 1469371409 -72852701 200987542 100155852 4610616 -43399523 33712034 -606543278 47792136 
41 45 50 46 44 46 45 49 47 45 44 42 48 45 49 44 45 49 44 42 49 51 46 46 49 39 41 39 50 43 42 38 40 47 50 45 46 52 48 44 47 45 42 45 44 50 51 38 46 38 52 47 46 47 50 50 41 48 39 49 49 49 48 38 45 39 42 52 39 40 38 46 39 38 49 42 46 50 39 40 52 46 41 41 39 38 39 50 44 48 41 51 44 42 41 43 40 49 43 49 49 41 47 40 43 40 39 45 42 45 43 39 37 42 38 47 50 42 45 49 44 45 44 39 44 44 46 42 
378 10056 832 -701 -20126 11138 17238 -28387 26559 5944 18798 -224 -25320 -8234 -29445 -26517 4191 784 24849 -2283 20603 21882 29708 -13238 -26629 1924 360 6286 -1887 14275 69 27913 15361 -26612 -4867 25647 8658 2898 1565 -12883 -19503 -7882 -10332 -6807 29447 -7633 -20667 -32391 10376 55 -30835 -4802 30590 20264 -28565 18516 -19575 22662 -12509 -5938 -25765 -1068 -8699 -153 31251 3193 18836 624 23454 26050 3512 -31151 -28975 2851 4127 -11825 -15784 -31407 -29463 -20242 17280 2512 -8904 -11842 -1875 15381 6677 -26948 29580 -15432 -28375 -16618 -23524 -1576 25725 9641 -6461 30115 -31644 -16028 19404 17291 15444 -1792 6836 -10500 -18821 -23371 -8060 -27853 6794 12424 -18923 13235 -25218 22856 21835 17443 24261 -14488 -15114 32112 -18612 -1823 8231 27498 -29083 -4287 
1085953630 -2302214 -782052037 569639573 618500424 -2674725897 -9218327 -99597894 137810645 -792262330 380816098 -158566401 11369575778 -1596603744 2889314078 11133142306 -746684883 -336063965 -147636934 6086784819 -1100605058 -356924314 -2480635 732413905 -5080784 95922775 -2191846 -5480441 -271371052 2836988779 -5676575672 -89000674 12469447095 -4883634 5870264 10420796933 5285805 4401329 -1166162 10636238838 2686546 5359339 -5898081561 -2142850 -34195093 -22022709 4433828162 74982765 2399261 -137992361 -18278884 -5731605 -1470222 155615715 46234973 -94105617 -78714118 -97774537 2706281899 4830141 -158267201 34692543 4263261 -154286132 739093869 2505049 -12106384 -272106589 2720529 -175229539 44515902 -2672733062 1111807042 -9783950 -12006785 21703050 -35528194 -9703777215 -150242760 -5509169 -98161958 -5041739815 -86480206 -614094074 2417226 -643572321 16845575 188991038 8887816382 -6362212353 10696583 645189083 5080144 -6068899603 -2906138592 -18310812 -5086670401 93358200 5173100 9234041 -1207416239 -3133815518 -21445592 1200336 -627096620 -391211552 -274544967 -2758011527 -4391481 3104955 -157896389 -9175068 2758467801 -11048574 39116098 324379833 -4740995154 273961141 18294469 5868211 2894611428 -627131876 -2841708 2803638 11502785910 -36549969 172272357 5039500 
55 46 54 54 52 55 48 51 50 54 51 51 57 55 56 58 53 52 50 55 55 53 44 53 45 49 45 47 52 56 56 50 57 47 46 56 46 45 44 57 45 45 55 44 50 49 56 50 45 51 49 45 45 52 48 50 50 49 54 45 52 48 46 50 54 44 47 51 46 51 49 54 53 48 48 47 48 58 52 45 50 55 51 53 45 54 49 52 57 55 46 54 45 57 54 47 55 49 47 48 55 56 47 45 52 52 53 56 46 45 51 48 54 47 49 51 56 51 47 47 54 54 45 46 56 49 50 47 
-2508 -19496 21395 -394 21810 22766 -29876 6873 31366 2519 5076 -6293 -4899 -11859 11483 -21994 -1063 29639 15846 28288 -24407 31126 20224 29707 863 -672 32501 10515 1372 -1638 -11235 -15898 19633 -4322 -324 21444 -3697 1790 18563 -30363 -28324 25465 -7165 22554 1425 24381 -20837 -26189 -3002 -9195 -30896 -20611 -2191 14352 6572 -20076 -24388 9792 -31192 26350 -73 -31901 19006 -27158 19767 -30671 -2414 -2503 -7793 -24929 12164 -10882 7725 27587 26361 -658 -23361 -22239 2799 -29027 9500 16233 26462 -19668 11957 8720 23754 -15324 -17395 -2114 -32609 25648 -14235 -32266 -21106 933 28639 -32128 -3511 -30213 29673 -1221 -400 -29810 -11841 2597 -30791 -15206 26546 19844 10453 31876 9712 -13825 3449 2457 17225 -16926 23248 4677 -2385 -9194 -25440 9943 -10448 23904 -17976 -11731 
3002037 -1506006 -144506620 4915607 395391188 -2734457 8467081 -291607057 -19684495 -2767013 -2401775 2834360 17656275 2993601502 -632437216 -4285379 -339316250 -783784802 -4931068 1233450 67423462 150727617 563388146 1495738071 -2600018 -2174386 -667157223 -9729172993 -5534852 315815411 145085896 153974973 -96907893 -1313900902 -1290934204 2979042250 764535282 12421362 -194272445 -1463050 178791372 -1057459 24140539 796604281 -194065920 -1078321612 178503767 709596201 -1224278907 1225088402 -18923613 -273446866 -384997741 100008046 5642929858 1495602230 -2843343 -11099414288 296967137 -168864543 78955526 12039858 -354525583 -5214225 -9640534 -2858546 -73917792 -151542940 -141501528 2323715462 -1146556 -2677899 21265482 -38480076 11211326513 -165505586 -2436889 -21834122 136295645 86625289 -3079124 -136415493 5495240 -2171752798 -183215864 2873399985 2608960468 -5792415 -10716737841 2808818660 -4597979099 1131597 -75884155 171911132 -11728931076 -1550350821 -3077282637 37993110 1428790037 -1379902447 48023411 -1275100148 -10854756520 44848371 -158480809 -167794358 4822024126 365839609 1444826 -2658869389 142977144 323987150 -547985421 760738819 -1084912 -12123798 85929394 2445581 40077281 -2596965766 -49645431 -5534998 277071652 -6258567878 -45256658 1228911028 1180385354 -2980649 
41 40 47 42 49 42 44 49 45 41 41 41 45 53 51 44 50 50 43 40 48 48 51 51 42 42 51 53 43 50 49 47 48 50 52 52 51 45 47 42 49 41 46 51 47 51 48 51 51 52 46 50 48 48 53 52 42 55 50 47 47 45 48 43 43 43 48 47 48 51 42 42 46 45 53 48 41 44 47 48 42 47 43 52 48 53 52 43 54 53 52 41 46 49 53 52 51 45 51 50 46 52 54 45 47 47 52 48 40 53 48 49 50 49 42 43 47 41 46 51 45 42 49 53 45 51 52 43 
7861 26841 -17291 18573 5331 -24499 -9953 -3938 16199 -5303 14299 -5703 -10515 21471 17438 32372 11590 -5226 29603 22777 -27435 -17800 22224 24570 -9524 1251 14269 -17701 24243 847 29781 8816 19643 -29860 17830 30180 -10562 659 14963 21621 14434 25482 -4070 -17931 29144 6339 -15812 -22385 -22539 26427 -24222 -29343 20987 11360 -22281 29542 23087 -12246 5997 -8298 10344 -22005 9404 6933 19705 17943 -12403 17482 30617 11045 -1297 35 -27111 32510 -28513 -20930 -27307 4739 30158 3286 -10823 14082 29246 32634 -17551 -2529 -4237 17005 -28994 19887 23448 3868 -27494 -3465 -2815 -32543 18486 -30344 14777 -13053 -9980 7569 -19079 -13174 -13463 12385 3614 -10076 -12207 -25372 4153 -31868 -24067 -32444 18851 30234 -20150 -17248 5199 25655 -27676 -3974 27905 14115 -6774 23037 13271 23539 
-98091264 -3075463875 8607730 -699247312 23487651 579260963 -8870483 6173722387 2568307005 10376704 12644869320 614152120 -9500713464 -728501283 -8770708684 -11772924 155971249 1324979 1240281 -10254649970 -19301999 275906185 -48381634 2470284163 -76354416 -20950180 -8948935122 99315368 2822131 8631433155 -34745303 -300167477 -93445875 -3101419567 191206462 2588863 -2509348 2172989015 21280516 -9979777 -2778533159 -177610446 -11685518 1240905467 -1316141126 87444285 -2851197 -157512704 -4625567 -1542382 22473078 281694546 47810626 1125303823 5511610 10597712293 2249692029 -34937084 4957769 -134634548 -666026795 718767073 -1174985026 -9451892672 -6259707 10362371 -42762727 -188339709 -1103107277 -187513336 -10829097473 749861947 50119771 639909919 10176740 10096115910 -12629831609 -11482816 -11362532 19205007 23491388 -2687370 -373227314 -1427251 -36295865 -1436805 8853789907 -380931977 10830312798 -10128351556 96601175 9887602 6260633252 -336910570 333591435 6276660923 9635808856 -20773102 2648767 -2446791878 -2912425411 -667894947 11881942129 276699298 -68141706 99219608 11242660 -2856938552 48272182 24776360 8575018 -9400271 -1289237 1227543358 -190472904 4734826271 41896493 -712535477 -43863598 -3103222 4676011 -174058196 -2196251359 744311664 5454160 -1305890917 -24551063 -561228221 
42 47 38 45 40 43 38 48 47 38 49 43 48 44 48 38 43 34 34 49 40 44 40 47 41 39 47 40 37 48 40 44 41 45 42 36 36 45 38 39 47 42 38 46 44 42 37 42 38 34 38 42 40 44 37 48 47 41 38 41 45 43 46 47 37 38 40 41 45 42 49 44 40 45 37 47 47 39 39 40 40 35 43 34 39 34 47 43 47 47 41 39 47 43 44 47 49 40 36 47 45 45 48 42 42 41 38 46 39 40 37 39 34 46 41 46 40 44 39 35 37 42 46 45 38 44 40 44 
14119 18852 1807 -5129 -4647 -21001 -25044 -11664 2788 28132 -5939 18970 -8398 -31862 -19912 -9564 22250 -26016 16378 17408 11976 9338 14443 16607 13049 20515 -5799 -1652 23936 -30293 17065 23092 178 -11986 -3383 -11306 -9790 13533 -4935 23273 -7182 -19308 -8287 -14257 -26835 23436 112 -13315 17420 -27810 1433 -15429 21865 30574 29591 27558 -21618 -5244 -18177 6974 -7039 23565 -27126 26403 -26803 19132 25225 -23903 18364 -20707 4801 -1322 30608 -23255 -29204 3576 26483 10424 13297 148 13860 -26704 -15425 -879 17119 -5730 9637 -25227 8198 17243 27359 24394 28425 -31174 4814 -10234 27628 -28015 -21524 -24268 20920 -25646 25856 -23379 -23492 19414 -30714 19432 -20153 9699 -31090 17711 2204 12130 23408 -7194 31433 -19504 -24193 4960 -11946 -16152 -19645 14261 -25503 -1107 22747 -31432 
2785287 -3036604 6214961 8746666 39933992 -2279803 -642234537 20984989 2516122 -8939100061 148441929 11678657 -11786500392 357194230 -12564323 314335700 369335214 -1163665899 34580674 49469353 73105800 92629918 10809163715 -1108130 -94307705 -149512055 95919440 -2541176 -366885874 -2551971 3093916041 -49054815 2454656 11856021880 -3077494071 -4271705 2196820618 -335266992 391153266 -4866486 17014948 -2584149679 9256230627 -11628469 -8496733 47638533 80990590 -1459950272 -146693676 -679236074 -6340084017 -9460732 -172167616 39714518 -722144227 -11114804 9263208737 -49348069 -9824660468 -1446020 -185364530 2226034011 2894212 39897568 2110566 -1341503529 -708077189 -11417390 -9563708 -1504501 -4751035287 -6364600459 -4612390 11299807818 1209308246 9362361873 2253648 4903541498 -5313643429 3123185 -3216502735 -559993659 11687052024 350671119 9621055 -3091173200 12876324085 -4803351110 -8973417 -11231270 -2996473 -1323915 1124474703 11139849 77382038 10816661 12568227577 -3095991653 10363552 -754181797 -1182051296 -322562183 5873965033 8941098 12812669920 -10387527327 1167460808 -716032597 1245720157 81157796 -280678761 69228222 33697316 3158587154 -6299217267 -21702289 4783292 -23919600 -1075260 18739614 4665564820 -40161171 9172306238 -280062755 142084659 -11251778 -3169889520 -1442926770 
33 34 33 34 38 34 41 36 33 44 40 34 46 41 36 41 40 42 38 36 39 37 46 31 39 39 39 34 39 32 43 37 33 44 44 33 42 40 39 35 35 43 45 34 36 37 38 41 39 40 45 35 38 38 41 35 45 38 46 31 38 42 34 37 34 43 41 36 36 32 43 44 35 45 43 44 32 43 45 32 42 41 44 41 34 43 46 44 35 35 34 33 42 36 37 35 46 42 35 42 43 40 44 36 46 45 43 41 43 37 39 39 38 44 44 36 33 36 31 36 43 36 44 40 38 36 42 42 
32314 8178 20578 10933 1545 -5726 24160 -601 13646 -6753 -1589 9650 17003 21102 30171 16963 -15246 21142 13291 1993 8764 -24275 -7789 -30760 -15740 10642 28660 -23301 -9360 -21490 -21071 14304 19510 14163 -17542 -5128 8822 -25609 26848 5873 -18987 -20555 -9617 -8510 4690 18472 25974 23223 -16031 22879 25575 -18575 -14654 16686 16782 -2110 -27203 -27447 -2770 -13143 3768 -25130 13122 3526 -997 -4922 26656 -19258 -11545 -9142 -13090 2208 27459 -5826 15416 -3322 30083 -23509 -37 -20157 13619 31245 -16711 -7580 4026 1954 2168 28632 7514 -31711 2893 25782 19730 -27271 -15949 18375 8305 -9335 4349 7416 -9503 -28897 31367 -26695 -18919 -11116 24857 -12767 -15535 32468 -27807 -7632 22801 11563 11534 26816 -18023 -23641 -22670 22272 -30665 14858 27883 -30236 123 32527 -10818 -314 
-1419534 751759413 1123485 1264569219 4636084 -84719000 636736913 2603909821 -2533351118 -5975183003 361893707 2344742048 83689013 -5261288 2359791 -1308512 76738329 -1480935 -1520050483 -182422557 -1185986 -9779283 169118684 2728784 1431590 -3052604 10197094606 196245074 22350247 -6259769 99383691 -569024727 -2439005 -1109731 572363314 3108642 -293317370 -556354785 10300336 3111648 -9866807049 10285920 -188383247 24930670 44724200 -6438971629 -8564236 609747080 -9258982 273016706 24023737 -46724219 5955142764 -1129991 96451940 -11224543 -1319494 -772807255 -1185572142 -1185056146 -10548018937 5936933 -1482028786 8389348 12499529 2570372 17158245 1379805 81365669 10198095468 41063835 11847041663 12070684013 -147391665 -5587844 -4815483861 8652758861 400536189 2493526577 367263949 1568483739 1568707 -18272062 -11388289634 -1403016220 -72938197 -10804756000 2869656050 -3121190 81501250 -150678827 -45469496 19481874 2909329 -2806453 1264542 2683762 9828672 169859583 38546227 4326273 -1395505 -5674047957 4741667495 1402179 -45318916 11672836 -390181465 2233658797 4381208 -1367189 -17675588 -2204172 2548797766 9818164 1252759539 -6136214 1224829563 -9463678 -1375565 20825680 -1368427399 -1087917478 -42562129 309330696 -4890119 -317792982 -4990326602 
39 50 40 51 43 45 50 50 52 53 48 51 45 41 41 41 46 40 49 47 39 44 46 42 39 40 52 46 43 42 45 50 41 40 50 41 48 50 44 40 54 43 46 44 44 52 42 48 44 49 43 46 51 40 46 42 40 50 50 50 52 43 51 42 43 41 44 39 45 52 45 53 52 46 42 53 54 47 52 49 50 39 43 52 49 46 52 50 40 47 46 46 45 42 40 40 42 42 47 46 42 39 52 53 41 46 44 47 50 42 39 43 41 51 42 51 41 51 43 39 45 49 50 44 47 43 47 51 
-1099 694 -15595 26440 -24891 -6336 3342 -25869 10108 -4219 -11474 -28537 -16735 -21408 540 25793 -11890 20627 10552 21265 14707 -30459 -13342 -23913 -15713 20660 17846 7736 -18947 -12256 23702 -27093 5885 -27653 26297 13040 27734 32531 -13554 26857 -18558 26987 -15241 -20182 15378 5008 -16977 -19617 -13156 -9422 7284 25367 7042 -4597 331 -19945 -28886 -31234 25843 30253 17684 -22096 -8758 23194 6203 25165 -21387 -14005 -4393 18149 9572 -19986 31761 14640 30496 15086 -31084 21305 3339 22251 23076 17072 15150 15335 28343 -3521 11467 -13084 -32170 -9556 -29838 -20064 23338 -7567 -29042 -919 455 21898 3194 -13908 -8153 -30565 1022 32523 5673 30488 26054 -8538 13412 21784 -25185 -30581 7193 32688 -26151 -5877 -1455 14135 2699 -2734 14385 -11299 -30780 2498 -3026 10578 -18748 -13220 
2719037 70040039 -151043721 5017563693 2466313 4959094 1349999 -1240325411 1373700958 2950211691 78765090 39046093 -354101953 12341198758 1159320 2828177604 2382777 12488658 41493924 -1589792367 -320809556 5144164860 23113382 340002599 -2490333 1125925592 -5190846 -100524519 -34661182 -357550852 -5492075030 1309892964 1256972 -4831404 396828200 -9292883129 3166313940 1451826 293505027 5690282 -3018874 -9594670053 -10841945796 305703874 691899645 -577456580 2862752 4340299 85612120 760110115 10782614321 549758945 -712413190 -5311081 4921456948 2910702 1493299147 8957617 299733175 -5255460627 12750115921 395312161 -5503630 11094595205 22451474 -9899307 -5198687825 -9514792 1497791 -11267474 670801140 194183388 11641395 -23841312 37671765 -18141738 2279124598 189501861 99429028 2461893 -5103893 680363214 4438539457 -677878255 -1282341707 -1426726006 -185538815 -1602785021 -21655940 -2664452 2264457 -3035151 172385897 2200984 -1279682 6214837 5467861188 -5822289 273359356 -2118333 289457252 -380760078 -37901348 1245966 -2376260556 11975713 -691309574 379075853 71881698 2319645839 74044153 1158027244 590085749 8940808268 -1344552827 -85150906 -4315680 163348694 94906884 5344280 199458905 -1145474359 -10085960020 1405421 -785376650 71335827 1344804 175644937 
27 34 33 38 27 29 27 37 38 38 33 31 36 39 26 37 27 30 31 37 35 40 32 36 27 37 30 34 33 35 39 36 27 29 35 39 39 26 36 28 28 41 39 36 37 37 28 28 32 37 41 35 37 30 39 29 38 31 35 38 40 34 28 41 30 31 39 30 28 30 37 33 30 32 31 30 39 35 33 27 29 36 38 35 38 36 35 36 31 28 27 27 35 27 27 30 40 28 34 29 35 35 31 26 38 31 37 36 33 39 34 37 35 39 38 34 28 34 32 28 34 37 41 26 36 32 26 33 
-15071 21677 -14473 13574 533 15495 -24073 24842 28239 10673 27534 23425 -18115 25157 -13386 11887 2764 28291 23807 704 -12252 -18074 -22579 -12440 -30185 27576 -25322 -10971 -8255 -27877 26342 -28986 -6574 2811 -8690 -10232 -9050 9159 -18418 -30811 4307 -5024 22182 -15550 8715 -6188 16578 -3214 -20593 25239 -11387 -25793 27706 24111 -28627 17711 27583 2028 -15952 -24454 9593 22144 -11529 -12950 23967 15612 -20679 -24843 -25538 18611 8596 -12515 -11991 6597 23344 17123 6692 15271 14674 427 12569 -23495 -8210 2152 -11380 -569 2887 -14174 -10596 18564 -10611 19165 -1302 10584 22616 9474 -31896 29915 22501 24213 7015 31206 4177 1472 23472 -20001 12213 23311 -13111 -26878 -25998 4987 -3681 27579 -3221 4457 -29083 -18170 -29702 -7386 9381 -26833 -17501 10153 -27686 -27974 -30877 -31105 
-1484541 5409003 77840063 -8905236290 -387875352 -10413124724 1502280 -192867761 -12043170 -5021305 -292276770 -1601645951 12193812193 -382797730 1191855 -3071956860 162408587 2845707 -1416849 -36580920 11798164377 -725413722 -2904731 791399595 12394569750 -21707544 -664649794 -5189020877 1356486443 39831136 -96948542 -11414477301 -4440506 -1263851 -11959601291 2910887 20573023 1353908013 183457613 -4316588012 -2157795 -6437966020 -17497857 -9291863777 -2779947 9822372 -34451992 4412413825 2462100 -605831537 135758744 2609030122 -554894571 1074689 140271919 1472531223 -165882989 326913326 -5812446996 -1508236500 11425932599 288791841 -11447995721 39946110 317376518 689170916 -12667391657 -5572930 -2271984 21701077 -43402770 50005548 4497497072 155400667 2894865787 -1239193 -2567149 176453673 -1127542 -2605121235 -362607480 1080400 332234818 4949543 -644389884 -74096757 23402933 -569168998 -22441172 -93162991 -699906151 -5620977267 40695219 -5551365122 46223135 5838256 49026026 -4670883270 -11824829176 4549263454 5315081571 80818421 4223496 10438743 33842102 -12755087179 -10941850146 -40691922 18545076 -1262901 -549926227 5365268 -4547492921 1154042301 23639688 5969121104 158514819 -18313808 34756701 40180248 -559181820 -21446752 -1355908690 794089779 -3102471718 369145737 -96706612 191411523 
35 38 41 48 45 50 37 42 40 38 43 47 50 44 37 48 43 38 36 41 50 45 37 46 50 41 45 49 46 41 42 50 39 37 49 38 41 46 43 48 36 47 39 50 36 38 41 49 38 44 43 46 44 36 44 47 43 45 48 47 50 45 50 41 43 46 50 37 36 39 42 40 49 43 47 35 38 43 35 48 44 36 44 38 45 42 39 44 39 43 45 49 40 47 40 38 42 47 49 49 49 41 39 38 41 48 48 42 41 36 45 37 48 46 41 48 44 40 41 41 44 40 45 44 48 44 41 42 
31387 12615 10920 792 -29017 -6484 14043 21296 -4862 244 19105 -28912 22642 1450 -17516 -27081 14534 -14731 5133 31094 -11309 -19484 12302 -6066 -13910 16212 -13488 -11061 21294 5781 19006 -10830 23924 20236 102 -13704 -24050 7987 -5202 1593 12205 9806 -8186 8600 -27773 6635 30309 24718 13908 5890 4369 -2211 1693 26761 -23252 571 16723 -10681 -612 31086 27676 23597 29441 -4775 28987 -27034 -19306 22213 -31584 12261 22590 -27014 -2427 -23531 -7263 -13692 -12590 19593 13046 623 6180 -1700 -28597 3558 -157 24146 23237 -7681 392 32552 -32269 -29124 -627 -28438 24479 8254 25464 12886 8069 -16099 27141 27689 11732 -30874 30281 -30570 10440 27250 -5252 -29538 -26283 9104 -16295 17924 -21031 29850 9518 21830 -24572 22864 -6951 26165 -28763 13034 -30584 -15837 7790 270 
0 -19 -4 1 8 -6 29 0 1 -105 83 6 0 0 -81 -2 -74 0 -3 5 21 0 5 84 -176 25 45 49 20 117 1 0 1 -1 11 -59 -59 1 0 -4 0 2 67 -3 -7 39 230 0 -19 5 -149 -4 -3 0 -9 0 -20 0 0 0 -2 41 -5 12 -243 1 0 0 0 -17 0 -8 -1 0 -188 0 0 0 0 47 -3 0 0 162 -1 20 -2 -23 -5 -1 0 -16 -9 23 0 -6 0 -1 0 1 0 112 20 24 0 103 0 -35 44 1 1 -5 -29 0 2 1 -14 -117 -4 -8 -1 48 -2 -106 -1 18 6 -1 544 -10466 -2528 29 68 -88 57 -7 -54 106 -390 -6840 34 -454 -34 3640 -20 58 0 280 63 -3550 113 -1671 -327 2171 6 115 478 -233 -8623 -732 -61 -5 3598 -2255 3 0 -448 27 425 -3164 -172 41 5271 20 400 553 -3637 2 -29 -173 13 722 171 90 5 2079 228 -198 -17 -2676 832 24 -3646 1579 -1033 -63 -3 157 -2347 -5966 382 765 13297 -467 -6 284 -2162 -60 -212 917 1223 17255 18 -4456 -1075 1211 638 4538 23 21 -10 -27 2784 -5852 2404 -13795 -833 -63 -1 -543 65 2447 2355 60 -21915 40 2 -1484 325 -11588 -6415 9 -100 -4719 -362 1 -290 16 8752 5072 7631 -456 -101 -21 -11 -4 0 0 -3 97 0 0 1 3 0 -8 0 -13 -12 0 -12 38 -2 -8 0 9 0 0 1 1 -26 20 1 -3 2 11 0 -3 38 0 0 -22 0 0 95 -2 0 0 0 17 0 73 1 0 1 -29 0 -11 0 1 10 0 101 0 0 -2 -69 2 -97 1 -12 -10 -2 0 0 0 0 -109 -4 -2 0 0 0 0 -62 85 0 0 0 -1 -1 0 -3 -1 0 -8 2 -1 -4 -13 0 0 0 2 11 -29 15 1 0 0 0 -12 36 19 12 5 18 0 0 -35 -11 0 -1 0 28 0 -80 -3 -2 -4 0 1 -8 -4 5 4 31 -1084 1717 2524 434 17 218 8109 -10 222 6 58 173 3740 35 29 500 -61 113 -29 -1656 -73 16011 -820 -2624 15510 -6632 -11 -3 2427 16 -17 261 -5 -126 2 531 2155 53 -2928 3163 -1751 1503 -17 -594 -588 1382 -90 -359 121 834 -276 1414 176 17989 -920 56 7 14 5 -6549 -1483 1146 33 2 272 -17 -147 125 -3843 -338 -914 3574 -122 1032 -317 -19 10 204 -14999 146 2302 1844 3365 -1319 -5370 -1 -23 24798 395 71 234 -187 1884 -16 -1637 -1 4 8 232 8221 -11 -30 2185 49 -15222 -286 -2 -711 54 -5 -32 182 17263 -2665 -3282 11 32 -145 -19316 53 92 162 7 2366 -21 -560 -110 0 -3521 18 7817 -3 -848 -290 -123 -774 -912 -247 48 5942 -1717 4 2569 157 -24 -25 -6 -17 -3806 345 3531 -5972 -7915 3082 -37 1833 227 -2332 1115 93 3762 1894 0 -8 11573 -6257 3254 -47 -15281 -32 3826 7 -5 6535 -48 11 -6115 -52 7802 3095 -1 347 -1410 116 -9 4541 -85 -3292 68 147 69 7 -1317 28 -12 -361 58 2 41 -262 35 -162 320 794 -1934 -225 8323 47 -7171 12 707 62 1509 22 -2 -3814 1 4849 -20 160 -1 1093 -107 73 -413 -918 -14629 6098 2304 -443 -18992 -116 7811 8 -4209 12 -3 -122 469 2 2982 -2546 -79 -937 210 19822 -3974 1595 -60 9 -1387 134 -11 0 -1 0 0 0 0 0 0 0 0 1 0 0 0 0 0 0 0 0 0 0 0 0 0 4 0 3 0 0 0 -1 3 0 0 0 0 0 0 -2 1 0 -1 0 0 0 3 0 0 0 0 1 2 0 0 0 0 2 0 0 0 -1 0 0 0 0 0 0 -1 0 0 0 -4 0 0 -2 1 0 0 0 -4 0 -3 0 1 0 -4 2 0 0 0 -3 0 1 0 0 0 0 1 0 0 0 0 0 0 0 0 0 0 -1 2 1 0 0 0 0 0 0 0 -1 0 -1 0 0 0 0 0 0 0 -263 -45 1153 -623 -6143 -1134 9662 45 39 -250 515 -23 -1245 686 103 6 -10583 185 -14 -5 -467 562 -11 14 4174 -1037 1897 3 -537 -343 6275 13117 6925 -45 -7118 -24 14 -306 11177 -2691 3624 2972 615 -3 9 -4915 -136 -20333 255 -103 2 -3 69 -3823 -3273 -66 50 -1114 -410 954 317 30 -6273 390 -152 2 -2223 2960 -40 -6 2721 15 72 -1403 -1722 42 -53 204 171 -8850 1 5 1381 -627 131 -1519 1385 9658 -31 947 -57 -24 30 1898 -7753 21 239 -61 -108 3 32 7003 -2020 216 -171 5561 304 11268 256 -5324 -4 7941 -375 -7829 55 -7077 10 41 983 76 2325 -4625 -11 4179 0 639 10 -895 0 0 0 0 0 0 0 0 0 0 0 0 0 0 0 0 0 0 0 0 0 0 0 0 0 0 0 0 0 0 0 0 0 0 0 0 0 0 0 0 0 0 0 0 0 0 0 0 0 0 0 0 0 0 0 0 0 0 0 0 0 0 0 0 0 0 0 0 0 0 0 0 0 0 0 0 0 0 0 0 0 0 0 0 0 0 0 0 0 0 0 0 0 0 0 0 0 0 0 0 0 0 0 0 0 0 0 0 0 0 0 0 0 0 0 0 0 0 0 0 0 0 0 0 0 0 0 0 0 0 0 0 0 0 0 0 0 1 0 0 0 0 0 1 0 0 0 0 0 0 0 0 0 0 0 1 2 0 -3 0 2 0 6 0 0 0 0 0 0 0 -1 0 -2 -1 0 0 4 5 -1 0 -1 0 2 2 -1 1 0 0 0 2 0 0 1 0 3 0 0 2 0 2 0 0 0 0 0 0 2 0 0 0 0 0 0 0 0 2 0 0 0 -1 0 -5 -1 -1 0 0 0 6 0 1 0 6 0 0 -10 -5 0 0 1 0 -1 0 0 0 2 1 1 1 0 -6 0 0 0 0 0 -1 1 0 58 -7 0 1 0 1 -3 -8 0 -3 -5 -87 -4 267 -61 0 1 0 60 -4 22 8 -1 -3 -7 -41 -214 -2 -3 0 0 7 -85 0 0 0 -4 -3 1 -54 -2 60 0 -14 -302 -5 5 4 1 98 -85 -141 33 -1 0 179 -1 21 -3 -42 7 108 428 -5 49 -68 -2 117 -3 -305 4 0 10 9 -1 0 0 72 0 4 0 350 0 0 -23 1 1 3 0 15 -19 440 -209 0 0 58 0 98 0 -1 61 0 75 29 -179 -3 0 -152 0 2 -14 -35 8 12 -34 -177 -9 -2 3 3 160 -85 0 1 -107 81 -4 2 0 -2 -24 -1 0 0 20 33 64 179 0 16 0 -48 9 0 10 0 2 1 8 2 -2 0 0 124 -51 15 -3 0 1 0 -10 2 0 -2 17 -175 32 1 0 -1 -1 -42 0 -3 -2 -5 6 40 0 -3 -1 0 -62 21 0 0 8 -105 -2 1 -1 -18 0 -8 -2 -19 11 -1 0 -5 -137 2 0 0 0 1 0 0 -52 -3 0 1 0 3 0 0 -3 14 62 172 68 0 -1 5 0 5 -13 40 0 0 -17 117 0 4 -20 150 27 12 1 5 -5 1 -77 0 -1 25 -28 1 -65 -1 4 -54 1 0 0 -13 982 -6639 -14 35 -21 -1 22 7835 7554 104 58 -54 5 576 8078 -4253 15 0 260 -180 47 -15 -19 6 60 187 324 -3549 -142 -64 140 -219 79 -41 3332 307 -21 -14166 -10473 71 6732 76 -4538 6865 9966 5 277 -13 14140 3908 -1 860 15 5080 2309 -5 12 -497 -2 188 -156 -8 -6485 11 -8123 -100 163 -37 20 1779 -3 79 19 65 2 -24 -4 -14289 -229 33 32 -3106 -231 557 -1384 628 -244 -2311 2035 357 11908 -228 -4364 173 26 122 33 1824 -62 4105 9 10 -335 19 1934 -4363 9996 -468 -867 79 -346 379 4268 -3291 -584 22 -348 -9 6113 139 -3945 14465 2 -3152 -2253 152 0 122 -4 79 30 -59 -5 -2 151 131 4 -2 -3 5 62 85 -93 -36 0 -102 3 0 7 0 0 7 76 -1 -46 58 -93 249 103 0 -2 53 0 0 0 7 -6 -47 0 -34 -8 -59 1 4 4 11 -6 39 39 -108 2 0 136 9 0 0 0 0 9 1 58 13 -37 0 172 8 6 -373 -56 -28 -226 -1 33 -1 12 1 19 -6 51 -6 -105 -3 87 -1 -21 1 -224 -35 -125 -20 -3 22 0 0 0 -4 1 303 10 -3 0 28 -4 2 -59 180 -3 0 0 -360 35 -4 -45 0 55 165 -104 -5 1 0 0 -150 0 1 0 0 0 0 0 0 0 0 0 0 -2 0 0 0 0 1 0 0 0 0 0 -1 0 0 0 0 1 0 0 0 1 0 0 0 0 0 0 0 1 0 1 1 0 0 0 0 0 1 0 -1 0 0 0 0 0 0 0 0 0 0 0 0 -1 -1 0 0 0 -1 0 0 0 0 0 0 0 0 0 0 -1 0 0 1 -1 0 0 0 0 0 0 0 0 0 0 0 0 0 1 2 0 0 0 0 -1 0 1 -2 0 0 0 0 0 0 0 0 0 0 2 0 0 -2 0 0 -1 2 0 0 0 0 -2 -14 -19 225 0 0 47 -3 -144 13 11 -34 -24 0 0 -6 1 -1 6 17 4 0 -26 -5 -73 -23 -2 7 0 1 68 55 79 2 362 0 73 -4 3 -4 1 11 -90 4 87 -138 255 -119 23 214 0 1 44 -9 28 104 0 -72 24 0 2 -80 0 -24 5 -1 0 7 76 2 83 -1 0 -15 8 7 1 4 3 -2 6 0 0 400 74 -182 -2 0 7 2 7 24 2 0 -3 -2 -1 0 17 -2 -96 -12 73 0 3 96 0 2 -45 -3 -85 -65 -24 -3 2 0 0 -26 254 -18 -48 63 0 -210 5 0 -4 0 0 27 4 -5 0 0 0 5 37 -4 0 -4 29 0 4 0 0 0 0 -1 -46 -17 0 -1 1 10 -55 6 18 9 2 -14 0 0 9 0 -3 0 0 4 -13 -3 0 0 -27 -1 2 0 -1 0 35 -1 0 0 -1 1 11 0 0 0 127 85 8 0 0 0 1 -1 11 0 12 -6 5 0 0 -2 -13 0 0 0 0 0 0 -3 0 0 -58 42 0 0 2 0 0 0 0 -21 28 25 6 27 5 32 -76 -1 5 1 -13 -24 12 3 0 -11 14 0 0 3 -26 14 0 0 -25 -84 -4 21 0 0 1 2 0 7 0 -1 0 -9 -27 0 -10 -14 -64 0 0 0 0 0 -3 0 5 -1 -86 -10 11 2 0 0 0 9 -3 -29 0 60 -18 0 -5 -14 -16 0 -3 2 0 -1 1 -4 13 -1 0 0 9 0 0 -1 41 -41 0 -20 -1 34 0 0 0 0 -3 0 -66 -3 11 0 -44 -38 5 0 0 0 12 0 0 0 0 1 -1 3 -1 2 0 -33 -12 0 3 0 0 0 0 -2 -55 -3 -3 -24 0 0 14 15 19 -1 6 -1 0 0 -2 0 4 12 0 36 0 -39 -108 -7 9 0 1 76 0 -3 0 9 0 -1 0 0 0 0 0 0 0 0 1 0 0 0 0 0 0 0 0 0 0 0 0 0 0 1 0 0 -1 0 0 0 0 0 0 0 0 1 0 0 0 0 0 1 0 -1 0 0 0 0 0 0 0 0 0 0 0 0 0 0 0 0 0 0 0 0 0 0 0 0 0 0 0 0 0 0 0 0 0 0 0 0 0 -1 0 0 0 0 0 0 0 0 0 0 0 0 0 0 -2 0 0 0 0 0 0 0 0 0 0 0 0 1 0 -1 0 0 0 0 -1 0 1 0 0 0 0 0 0 0 0 0 0 -12 0 7 0 0 0 0 -2 0 -6 0 0 1 -2 -3 -1 0 0 2 0 0 0 6 0 0 -1 0 -6 0 3 3 -2 0 -2 5 0 0 -6 -3 1 -3 0 0 -9 -1 0 0 0 2 0 0 -5 1 0 3 -6 0 0 0 3 0 -4 0 -8 -1 0 -4 -3 3 0 0 0 -2 0 0 0 0 10 0 0 -4 3 -6 0 0 0 -3 0 1 -11 0 0 0 1 0 -11 0 1 0 0 -1 0 0 0 -5 1 0 0 0 0 0 0 0 -1 -13 0 0 0 -10 0 1 2 -5 0 2 0 -1 -4 -129 3 8 -3 -1 0 -1 6 361 -11 424 3 0 2 14 88 0 26 -27 -85 14 -27 108 -191 -96 24 -21 196 0 -184 -155 -1 2 -19 -7 6 9 -26 -185 5 2 17 -3 1 148 -1 7 -108 1 27 -6 157 362 133 268 -1 3 0 -15 10 494 0 -204 1 92 -218 1 -96 2 -19 -11 70 0 -1 25 -369 -5 -92 1 8 1 2 12 -178 41 109 1 20 -162 547 30 536 0 30 -5 217 0 0 0 -151 0 302 -2 0 305 0 -264 -3 77 0 -145 -27 60 -506 -23 543 1 1 -112 -8 5 1 143 0 6 -67 0 132 -374 1149 1690 16 22 -1356 -8 615 175 -34 1804 -275 291 -1735 884 -25 -511 34 71 412 -4 -6 3 23 -311 1538 4 216 15 -14 -1826 1156 270 17 136 788 0 5146 -274 -21 10 -84 269 -89 1884 3061 -5592 29 -3166 -1712 13 39 409 -566 62 -4 1 4 13 -794 -7 784 77 -20 21 -1779 5 14 80 69 -214 -171 -15 670 -69 2285 -1 1 -41 -241 -2444 -26 -54 245 -171 46 -2214 -57 1 -143 -252 1977 -2 -71 724 560 179 83 -292 9 2 2700 -1 -4 67 1416 55 -9 6921 2 -58 664 548 -908 -2519 -51 4 8 1832 -3 -3266 2442 2 0 -836 64 5 0 0 0 5 0 0 0 0 -1 0 0 0 0 0 0 -6 0 -3 -1 -2 -13 0 0 0 0 -7 13 7 0 0 23 0 -1 0 6 5 -6 0 0 33 0 9 0 0 8 -2 0 0 0 0 7 -4 3 0 0 0 0 0 -1 -1 -19 0 0 5 3 4 0 0 0 11 3 0 4 -1 -13 -1 0 2 0 6 1 16 -5 -13 -11 0 -5 0 0 0 0 0 5 0 0 0 0 15 0 0 0 0 0 5 0 -7 8 1 5 8 0 0 -2 11 0 0 1 1 0 1 3 1 0 -2 0 -1 0 0 -8 2102 46 6319 51 1699 -11 -1689 1830 2752 7992 10408 9 3921 -217 6994 553 2457 782 -29 176 -8 -2 -81 12 2117 6 110 119 6 -6894 -14 -175 -40 -347 256 -84 158 -19 -12 -666 102 -13435 -52 643 114 5668 -482 -76 2550 -99 -15 -1807 -1672 -2 1860 4739 60 -7 4 3611 9892 402 -23 14993 -685 21 7 -4 -4049 758 -439 -25 -104 10755 -2938 274 159 4354 129 -233 -19 -179 -717 38 181 -156 233 20 -1833 -432 -2225 -88 3974 -6981 514 -2 -15510 2468 -2074 334 -8703 -1138 382 -1918 -22 -2048 3277 -67 -5 -2 1193 -355 10192 94 -401 13 -25 -7 -513 2749 10 15 7268 0 -6 -3 -2 -18 75 30 -5 0 2 31 -93 2 -1 -263 0 26 -2 -1 0 59 0 -2 -44 -3 0 -11 -5 -2 -19 3 2 164 20 -144 3 -43 -6 0 -1 0 2 -7 -6 -89 -111 13 -29 0 63 -204 76 45 -40 20 -8 -5 78 0 1 -130 -1 0 -14 132 50 -119 -2 414 0 0 -172 0 127 -59 -1 0 0 -8 2 1 10 -143 -1 -3 -4 0 16 0 -176 194 10 0 -46 0 0 -5 0 440 21 130 -129 -14 -1 23 338 24 0 58 0 -174 -85 -2 0 0 156 1 87 0 202 35 -60 0 135 13 -211 0 276 0 -1 -40 1 
2 10 0 12 12
1569 2771 891 765 2016 5290 6706 4550 1740 3045 4939 5244 4423 2472 6412 2497 6294 3740 6756 3981 313 3094 5112 2907 2180 798 3319 6144 276 4013 121 7830 4911 7972 2283 1241 2281 6953 3561 6425 5589 1034 2216 3606 5948 2574 6493 6973 8091 1295 2726 2835 6807 1073 6921 7846 722 6169 5830 7401 4127 7283 6080 233 7687 5799 559 5750 3580 7895 2779 4242 6715 2920 788 1826 661 606 8048 2175 6096 3595 3482 1610 4417 2489 792 5215 7555 584 435 2867 1536 7228 6288 1614 5780 1057 5056 6848 4798 6377 7854 7978 6067 4202 5495 6953 6345 7046 260 1969 3169 109 6902 6355 6042 3657 4862 5155 5953 2216 6947 4657 1492 552 8034 2539 
-2860631 8619437 1094373784 -2594061475 -182716692 -80227558 1120039 -195807939 -11666396 -9755183518 -49614515 -4661444706 5560662233 6162431061 -5514982 -669573676 -354331755 -788286745 -2470165 -667255135 -6370790151 -19817276 3134360685 652680279 -1606850830 8709666897 -4944008244 10397407 -2768343062 -307735541 40227911 43859615 11194483 -11366362 -5310065 -11853542 2584065 -1157423 -4284709 1533846227 -18267164 -47157544 34704291 169933780 2172027 5499707736 -3197987172 -1337948 2479690 291389048 -3072541019 -6238751 396688696 -43572663 12147638498 19006023 -18196162 -71676691 1347119195 -17676876 -8892536 -5494292752 355927351 364008992 18823425 -2708491 -5481742555 -2797005022 10764687314 -11654223 12461553566 -93120763 -10665236 1255563 2301880246 -38876537 -82325954 1526295 -42919085 -2589069772 -1577243621 -2569030 -9512352 -1154421 -378917768 91184064 -2356267 5390413 -581625864 1511081763 150156600 -1207775 -12232965258 -195844137 96921459 -580756911 326148929 -6334814317 -5524632 -2392584 785073670 -12412141849 18052167 2603318 -1147614 -2285016305 9709607 1506915 -1537634877 91597375 2559238807 -19192611 -1594201091 -8757321 -2803979 -269435105 22828495 1390805 386947034 -23838301 332391367 -2509057 -2503967797 -11792351811 -4731165589 -21290429 88412918 22891828 
38 42 49 49 46 43 38 46 42 51 43 50 50 51 41 46 46 47 40 47 49 42 48 46 49 52 50 41 48 46 42 44 40 41 41 41 40 38 40 49 43 43 42 44 38 49 49 39 40 47 49 40 46 42 52 43 41 43 47 43 40 49 46 45 42 40 49 48 51 42 50 43 40 39 48 43 43 38 42 50 49 38 42 37 47 43 40 40 48 49 46 39 51 44 43 46 46 50 40 38 48 52 42 39 38 48 42 37 47 44 49 43 49 40 40 47 41 38 45 43 46 39 50 51 50 43 43 43 
13553 18743 8891 -13694 13080 -5015 -1476 29915 19229 -27373 -20021 20870 9627 14172 15450 -17955 22809 -9013 -17045 -11019 29001 27822 24267 18325 8382 -13527 26052 10458 -18541 -11974 -29429 4389 -20021 26006 20855 -10798 -19848 25216 1954 30056 -25843 -6158 2292 19244 -2643 -3716 12405 6201 -23610 -26308 7506 11273 14379 -75 17025 -19489 -8835 -16115 4757 -8022 21575 19585 25643 16212 -16088 -772 -30243 9666 13253 785 -8098 834 27473 32474 26385 -19948 15355 -23080 -8277 -8054 2547 24124 -3122 -2259 -26372 -12961 26200 4011 -17262 -22850 -26299 -20537 10922 -18952 -11388 32475 29262 -30396 -16086 -9688 -29425 16304 -20502 -7887 -4070 21238 -24671 23699 -19685 21106 -24430 24148 -22752 -2344 -21576 20522 -29967 17080 -27089 -15894 -7840 19011 9742 1014 568 -17505 4470 -12287 
194298030 2999386 -4757814 -41155489 -1376581798 -12322640237 745550193 -1286790 2325334 -17844073 -138468866 -1561461 1394372 -2540920 -9557780 185653282 -136562548 -2613566555 2793018908 -178833637 1132642 -87739894 -69203799 2591159131 12103177 -9421361940 -9112608 -689170093 -41709834 -1435786724 -390460575 -3089844 -11931186 -177792645 -2232285 -12014974 2804894009 -1146658 306922266 -17031307 329782317 -22364194 1459912898 69774624 -3097072462 89189997 -5384945236 72852250 -34837109 44421518 23712195 552877580 652900093 -8919062 174712953 -4565014543 -43586674 -174474769 -2552146157 -9443699951 91457429 1343157 2309711 175038523 1422980 -572347095 20190321 17643768 19130315 -24704735 2834595 -169765394 6270221247 10351141651 -10917936255 197424456 80544956 -763705247 -362174840 641378923 2375454823 10776289207 176700803 2981545 12342158558 -2831381489 68973356 -2931010 -9515327 -74774036 184104493 181452390 10075394286 2963913 -2476089 -5840428 -11702328 -322083713 -20946844 8844037378 21892312 -69162974 356366235 -1290152149 6008514108 -10285764 -1395391 296307060 5846857159 1071195 -1500961 -6256310 -1183061426 5952256 1539199591 36081250 -5421413 -1122566 5888262448 11073742289 -5818332 599164860 296247365 -3059013978 4854663755 -1363961728 -783402444 2736450356 
32 24 25 29 33 37 32 23 24 29 32 25 25 24 27 30 31 36 34 31 24 31 30 35 28 37 26 33 28 33 31 24 26 30 26 28 34 23 31 29 31 27 34 30 35 31 37 31 28 29 28 32 34 28 31 37 29 30 35 38 29 25 25 32 24 32 29 29 27 27 24 30 36 36 37 30 30 32 31 33 35 38 32 24 36 34 31 26 26 31 30 30 37 26 26 25 26 31 27 36 27 29 31 35 35 28 25 33 37 25 25 25 35 26 33 29 26 24 35 38 27 32 32 35 37 33 34 36 
25467 12747 18196 -26731 28239 -17774 25402 30721 -32418 32374 -19206 13202 -9141 -15427 2361 -13336 19064 -27094 22506 9716 -5265 -19246 -14972 18177 -22411 -15916 13496 -9733 -18729 22006 31582 29238 -29836 23724 -17311 326 22700 17752 -13267 25399 -29028 -11619 14259 -15091 -11501 7934 23121 -29641 24840 -24288 -11524 -9372 -2170 -30430 -17674 -11574 12753 -18365 27604 4347 1695 -15551 -29704 13121 -19717 31839 -1563 16010 -5719 29299 21462 21087 5557 -11476 32439 -17328 26312 -1162 23680 28021 -1810 -11115 25721 13087 12763 -27739 2879 11874 -16080 -15844 -4073 851 -22265 -22215 -11612 162 -14219 20791 24268 20522 16836 18851 11203 27573 -3640 32763 9463 -20283 -15896 18550 28966 26403 9600 29020 -11666 20382 -30065 13177 14450 -20894 18078 -21979 12689 7846 -16745 -6644 22212 -7245 
2704973 -183807751 -146056265 2653332 40030455 3071827 5644974 614512674 -12033098462 100040512 18664378 2572973189 1562760326 -295622835 100462139 4754646901 -724399845 -162249588 3142820351 11941818173 -50289168 -1395494 9223699422 12462276 -5870856 2781642837 -9664302 1298241 691637668 9442058097 -294098877 -1232314 4870861792 2723969323 92483411 -17423230 185630626 -1066063 2483596273 8431859 5569221070 -92003096 9231522 393189857 10035812 21461377 -4372646253 -2904150 180987298 5600999 -2215175 4678916721 -2584966868 -1075850336 173477872 2987217540 2350902846 1286670210 -2530903 -21395709 -135168680 -4628646803 3081408090 200715327 -199530274 5986717097 12567869099 9002796 2156024 37637901 -96934342 3091437 22804329 5770896 5515753736 6430535939 -18609468 -10316735 76867216 2808166 2278344 -20765083 -8994572 9054408 -76915529 689636248 -9748671033 10406264046 1183837597 329296352 668453782 -1194380 2177481118 9899457 5373826302 -11037665 2157361 -753480138 -92623122 78714543 8652189801 -323472985 -276262059 5609789513 -6424475068 186929686 -343450723 1556260584 637698201 -2788874 1072808 22717108 -9459983745 2290605 539924266 -10831010008 -577620905 87923840 99674130 19928085 10276280612 -271534501 -4453469 2360397419 273468308 20273701 -1189739003 4607857533 
41 45 45 39 45 40 42 48 51 45 42 49 50 47 44 50 48 45 51 52 44 38 51 43 42 49 43 40 48 51 46 39 52 49 46 43 45 40 49 43 50 44 43 46 41 44 51 39 46 40 41 50 51 48 45 50 51 49 39 42 47 52 49 45 46 52 53 41 41 43 46 39 44 40 50 51 42 41 46 39 41 42 41 41 46 49 52 51 48 47 48 38 51 41 50 43 40 47 45 44 51 46 47 52 51 47 46 49 49 39 38 44 52 41 47 51 48 45 45 42 51 47 42 49 46 43 49 51 
-13135 -2764 15489 -8331 25197 32122 -1460 -25817 2357 30490 -23292 19258 16038 27292 2249 -20640 -441 -9736 8738 6944 10931 -2546 4954 23967 24825 -32407 -13500 5262 -31667 -19534 -26026 -173 -13640 -11767 7868 -227 18402 -5796 -24050 11828 -32764 -3399 -87 18974 3631 -31695 20315 7900 -23524 -31419 -1219 -978 17255 3637 -22135 -23777 -14592 18242 4271 3563 -21930 15050 29664 17839 14301 -22710 27113 29835 28664 3278 -1388 9742 30026 -12199 21908 -7677 14220 -28916 18951 -17305 -8660 -9825 20103 22475 -19247 19328 -31835 -8304 -20514 13744 23374 17800 -7104 -30711 26274 -18052 -17567 -4197 -21670 8658 28311 -20773 -3850 26820 17787 -25161 15795 -8374 -5881 31467 -3409 -30796 -8455 -7569 -20989 -14909 -14009 -9079 17229 -3001 -30834 -10734 12074 -15108 -11455 -9808 26406 -25879 
2523589873 1176036421 45042386 1287278 5396457950 9871946869 -606237824 279767717 19919761 -12501470 -5783060354 -689479532 5382888 1505835537 -10181049 -345055677 17919152 765545461 -48712774 5610081 20825503 1148136507 1173481 -1278340229 -23606965 -1348407 -2855170 3097863575 2292023313 -386414949 39123262 6251961683 -24548912 -2201807 537771311 1508298 386505593 1208271229 1437345 -5723673 -12390108 -12151226565 -280412249 48200999 564179058 1100867932 -2435710 9984053 18618740 1442605041 11283229 11206644 3001510 -170773217 -2743624270 8909790 -2464125443 5228847 4329801651 -340620734 -24299896 2209441 89499341 -35683514 2854726826 -1113731895 -5642249 -1456798479 -5596423 307460551 24233446 -9914468 -8432914 20296991 24687058 140390958 11305741346 2337121584 188952544 -8614404 -392002108 -1182487 2155688545 -23524379 301323224 4665416 2745451920 -150447487 2556437 -83395440 -2364912923 -1397494 8897092482 5657816952 1134734 -271944184 2119052 2942852896 3060686632 726582514 -80024926 -1107405223 -22388838 -341257562 -1562785160 -189039356 9344973 -3216456903 686142625 -2389683048 342536578 -35860725 -10675202 12184222 -378451874 -36153667 -1414881172 -2847200 43959319 5513261 -5047649338 -2986784 2194894457 34905540 -92723363 -2134657 -11579071 -20406260 
39 36 32 28 38 40 36 34 32 31 38 35 29 36 30 36 31 36 31 29 30 38 28 36 32 26 28 38 37 34 32 38 32 28 35 26 35 37 27 29 31 39 35 32 37 37 29 29 31 38 30 31 29 34 37 30 39 28 40 36 30 29 34 33 38 36 29 38 28 35 30 31 29 30 30 33 39 37 35 29 36 27 37 30 36 29 39 35 27 34 39 26 40 40 27 36 27 39 38 37 32 36 30 36 37 33 29 38 37 38 35 32 30 29 35 31 38 28 32 30 38 27 38 33 32 29 30 31 
12009 9505 -7131 31085 11841 -12295 -430 -22595 -32638 13274 8676 1334 -9302 -19569 -23350 -23696 -12463 19505 -29155 -21010 -32417 19088 -24140 -7868 9763 4274 -12615 -6372 26839 4797 -15385 21236 -31615 12146 -5202 -18273 3822 -31932 -22353 6602 -9961 9404 -31688 20150 15999 -30715 30288 22528 -26010 -26033 2809 -6048 -12980 3976 1002 27268 -3124 -31527 3171 6793 -21468 -25144 14794 -27752 23879 216 15724 13463 -7500 -15333 -10768 -12271 -764 -18959 1274 13772 3914 10274 3552 8009 -29508 -13697 -29214 8814 -17361 31404 -21179 -28236 -8588 -20969 -16629 19631 12188 -23088 -7514 4044 19307 7306 -11264 5509 -8722 -2794 -1062 21472 -7217 -25184 -14652 -29820 -17036 -20589 12015 -18321 25800 22187 23688 10432 -21953 -28478 -22985 -31842 22983 -9939 -2249 14745 -4244 -7109 8466 15326 
-5723761 10418116307 1348861940 -1382131507 -367678603 -1406016 306685344 -1191995 21140997 76469347 -1109625 299225232 -1330773299 12569369961 24039339 1402704 -2909762561 1477932 -6141286 -11038714006 -17512326 1458479 -2303890 -1369465049 -185600823 9579195 760315567 -42275289 38327916 -139681671 2602072780 -2928997 -363465472 -305383134 -12115919663 2418833966 388170617 -71205701 -67326666 -6052305973 184033557 19249859 375163909 365827886 -2919695824 183794573 6231464516 -374181809 -1566731655 -376519019 -6358681391 -10768623 81958094 -1094022082 1314653 46208855 12512506 -1580199960 601295542 2880382 -1552081041 -2335924 2296859570 -197913398 1274319 713414569 -2354797 39510039 3221078369 -36062885 -683235176 1194410 -11510836561 178893957 4793525445 -350580498 45976140 316870974 -4420398 5102716 16989409 -95351010 377827546 5588743741 -23281549 -76752341 1066321 2138504 1580970152 771271083 34419577 -9519062719 40175422 11487145 -2117732 1236298 -6009128477 -49764520 -83035063 -9043066 2791669 1189824 -188608250 296133078 49335952 -11085787855 9342790247 47762564 -1315882 9559138 143518662 -4959907694 5138400706 8653471 -10726077055 -299016974 9289735861 -9827365579 -24364351 389219848 2357802 22277044 -682625775 11517704743 24968991 1087900118 1535937030 -12559429565 
47 56 55 53 52 45 52 44 49 50 45 53 54 58 47 44 55 44 47 58 47 43 44 53 52 46 54 50 49 52 54 45 52 53 56 54 52 49 50 55 50 47 53 53 55 52 57 53 53 51 56 48 50 55 45 48 47 53 53 45 55 45 54 52 45 54 44 49 55 49 53 44 56 52 57 51 48 53 45 45 48 50 52 57 47 49 45 46 55 52 49 56 50 46 45 45 55 48 50 47 46 43 51 51 50 57 56 49 45 46 50 55 57 48 58 52 57 56 49 53 44 48 53 58 48 54 53 58 
-31020 -20129 19433 15275 1964 -4055 30656 -10093 23916 -31421 -15692 12872 -26581 -27949 -17308 -23369 -1299 -7617 -1204 -31171 -17934 31096 11078 -5565 -21344 -12646 -31177 17396 -32024 -23088 17072 29268 -22997 -30611 14470 11670 1997 4728 13198 26825 -18479 22611 4528 -11312 3652 -16056 1937 -30604 -21805 -4300 -32401 25618 -8671 2418 10788 -24822 -13211 5730 -13978 16828 27300 -19844 15376 -14455 29006 30213 6350 -26949 -17399 -16691 -4173 -7771 -10100 -16851 27256 -2181 7257 -6726 -20361 -22516 -12557 24033 31066 -25444 -6160 -12348 -1738 -40 -8012 9978 -22575 7774 -22487 -30407 -16832 11846 13481 -30132 1278 7903 -7421 -15413 -19146 -8834 -3851 -9985 -19267 -15431 30370 -3789 -30297 9224 -4545 10618 -25570 4098 -26299 -4880 -7362 -9831 -11760 23360 29470 30027 -7648 12425 -29878 -10278 
-79550566 22702195 8641427 -6438437254 10538937903 -1539815633 10153538 6251638 11721598510 10362274532 -151143782 -8612013 2461172922 2169809564 -1471432193 -83012921 10796372 -3131454 -93543619 -4422552824 -2552417 -1524465 -23729838 743391776 -20743100 146979428 -1384899 -332526838 317782442 165244100 -201161312 -8468288 363536457 94529480 11168753 -10648024907 2104945 2648549525 -48521641 5991238434 12173601488 -36565508 8852178 5876397609 -5152592516 -1508129306 2242059 -2177177874 -35423720 -11201578641 610417894 2286760 -1194199 -2223011478 -1515949 -11510130514 8781577 -23719657 658730605 71234604 2706274281 -772877146 -97539501 -2279224730 -2181387 39240849 1375633 -6183692146 -11664720498 -2784672 2364349 141772564 -84222999 -1440093527 17878000 90317607 43221534 2879092 -5784748641 -75286329 9777635 -12411835 11810005242 -666939083 -1520272 3062709 23318507 -69388044 717770714 -2597026 8978666713 49532945 -6221320017 46455705 176932899 -1063545 2184881 644097260 4551056239 142937443 183375005 -2906206515 6242532 185781039 -11569840 -398425811 537482659 12434389 4790679933 -2589931 2392112 -1376820 9423897 -171777891 178708472 2163194628 24534596 -1149738281 -42658074 80685451 -1439108 -6425749783 10157398 20912422 5641729497 281378576 -5664791448 11083200413 
30 27 27 34 35 34 27 24 36 37 31 26 33 35 34 30 26 25 29 34 25 24 27 33 26 29 22 30 30 29 31 27 32 30 27 37 25 34 28 35 35 28 27 34 36 34 25 34 27 37 32 24 22 33 22 36 27 28 33 30 33 31 30 35 23 28 24 35 35 23 23 30 29 33 28 28 27 25 34 28 27 27 35 31 24 24 28 30 33 25 36 29 34 29 30 23 25 33 35 30 29 33 24 31 25 32 31 27 34 25 25 23 27 29 30 34 26 32 29 29 24 36 27 28 34 30 35 36 
-5475 8399 -31160 30969 -20418 -30351 26146 30358 -24918 7652 -30733 31943 15361 13189 -5179 -23476 -15041 -4140 15938 -22062 -29959 25353 -27903 -16052 -18347 -15165 15826 -30112 -32407 31442 29482 24688 28334 15564 12739 12831 15129 -12999 26080 32552 15551 -10887 15137 -8870 -28796 21454 -3388 -1226 25973 -9300 28708 -9882 -7368 -4826 27274 25438 28228 8687 23527 28796 19379 30183 -12844 25288 -4406 10326 -11811 -23670 18830 -8675 -32714 242 -30724 -783 25492 -20150 -30583 25184 -9064 -12649 18234 -7952 -6578 21605 538 -7497 -1173 17676 -20245 -10453 -20155 -239 10079 15358 -12870 5119 -9964 -4331 -27773 -30204 31686 -6890 8997 -16386 25722 29968 -20334 -20020 -20266 -22400 -427 -25284 -12494 -31603 -1617 12195 -21411 -21209 29659 -7479 21719 26148 24180 -23106 25140 10592 -1156 -27821 
87699897 553515832 -17347009 -5807289567 -1155853992 -8685036 -9929316693 1155749 1148590508 17853825 10420296 1529898709 -4930785 1106091770 -5754962 -2241366303 4371767445 10433156 -2844087864 11318882522 23490229 -766820488 152620083 89814425 -625372893 2582702067 2779062 12207489 2841789501 176490263 2783403 -1479510 3095313 1106706 151198784 696344894 -2653219373 -616974349 96433310 21608946 2146841 691057467 -3161481008 6265096559 -34867413 742305404 -43130459 -1475896975 -5431242 -9182232 196148357 672662251 12103341785 -1081532 -5897716110 -70473395 -20978431 -50172582 3160109697 -2984650162 -5982132 -81592393 41038013 -295347235 -49906528 -5718361920 -5719393136 4979973701 -3044778997 188277905 8799795690 -38652276 -95156475 -9280136053 -4510889438 787209923 -160672780 -77540130 -2225907929 1123595 -4331453 6096713040 395177969 10523455 -90192229 -10089469 -22762450 9563888005 1437232970 -12267624 1291860036 40265270 567641561 -1051807 1151610554 -399712995 5963064 179223032 2849599734 8564760 -1261780 20818121 6129763 35977506 -688347831 -1320798 -150057398 168580165 -19085952 1160828096 -1154749246 -11852429 -326969240 -1528103788 -9201878 -159005265 -95999313 179984063 -574316764 -11827914968 801720612 4998132504 1209289 -37445469 5045015016 4772927970 -1182467789 -2941810 
49 52 45 53 53 46 55 43 51 47 44 53 44 51 44 54 53 46 52 56 46 50 50 48 50 54 44 44 53 48 43 41 44 43 49 52 53 51 48 45 44 52 54 54 47 51 46 51 44 46 49 50 55 42 54 49 47 48 54 53 44 49 46 49 47 55 54 54 53 50 55 46 47 56 53 50 48 48 53 42 45 53 49 44 47 45 47 55 51 44 51 46 52 43 51 51 45 50 53 44 42 47 45 46 51 42 50 48 45 51 51 45 50 52 44 49 48 48 52 54 52 54 42 47 55 54 52 44 
-32433 30997 31906 -968 -12949 1350 -1717 -32538 -23335 3022 -9266 -29083 11068 12631 -19975 -18002 -29018 11868 8793 379 8443 5582 -22240 5141 22603 -17487 10264 -16076 9899 9227 -12367 11619 -2239 -22709 -11665 -13931 -13074 -7508 -5821 26260 28352 -3884 -27505 -15419 4787 3134 -22919 -5289 -11962 -28848 -5688 -16198 -11610 3306 26016 1805 1082 10261 24765 26871 25065 -23216 26819 26925 -11886 14821 27296 4349 19943 24215 -6553 6416 -28714 13066 -12268 25679 29745 13972 23022 25668 20181 -30197 27414 13686 -26213 5675 -22047 -5058 11130 30935 -27391 8993 16961 32269 26103 -689 8975 -27248 23008 7713 32335 26104 -27029 -17442 -7460 -4809 -10969 13725 26150 -15326 -3292 -21271 -13979 -14147 -14410 -4230 -7433 -28433 28547 13730 -32191 6669 1868 23470 8257 25732 18063 6371 
94985522 3145292 -566124854 -1138400 -49901377 -2825381 160307080 5676280 -4601171 -11638609 12120067 -706838759 194874501 -77438205 2207554 49400996 -376179621 -35737126 -3103462 12119450332 -8994752293 -559347888 50239154 -91478688 9460413834 2522246 -12511730 -754077394 -6049287094 332088773 -2732482819 4991523 -2567715171 2258787 149410859 1573710469 11115164 44288846 -2348288352 1458727 9779161021 5648070790 -1558503 293743215 1259264829 -40597342 312762998 -285176991 1466143300 -10103095943 1495450005 316768605 11347121 -8423944 143521450 -1391318345 -174704230 171435968 -3157243548 -5765000706 18841445 -22697953 307742705 5305787 302794309 366835437 11484402712 4416289 -3053882 -148741538 701494871 -36609030 5100305907 2443816924 2501395 -3036313153 -4480103555 622431534 8970128208 -5652182805 25069052 749498767 -378380930 -2843000042 -272304695 2833669963 -18773296 668876077 9069506364 2335379 -4652993 3044007867 -318779876 5342797831 10966715 -8528698 -4447803 1542770018 -645298581 -4467164113 -81640448 1529568 -5273186 -188584806 174139339 3144940 -40642370 -41640079 -688901015 150893859 4815916490 45545462 -1507604 -2528607691 -22121941 10326821541 2349772 681150775 179104977 -145884502 -5592003749 200122281 10243026 -2908232504 1547644730 43569417 -2324873 -10033079505 
36 30 37 30 35 31 37 31 32 31 32 39 36 35 31 33 38 35 31 41 42 39 35 34 43 30 32 39 41 36 40 30 39 31 36 40 31 34 39 29 41 40 30 36 38 33 37 36 39 41 40 36 33 32 36 38 37 35 41 41 34 32 36 30 36 38 41 32 31 35 37 33 41 41 29 39 41 38 41 42 33 37 38 41 38 39 32 39 43 31 31 40 38 41 32 31 31 40 38 40 36 30 31 37 37 30 34 33 37 35 40 34 29 41 34 42 31 37 35 36 40 36 33 40 39 33 30 41 
17840 28458 22547 27182 -25906 3588 1903 29325 -30051 9093 29942 24886 3962 9673 8248 26505 29943 -3622 27754 -27715 -4166 8625 -22736 3253 18807 18128 -29262 1761 20621 -14009 22689 -21710 15289 -18205 -13497 -10655 28827 31000 17458 -25412 23579 11703 11060 -17383 -19819 -12621 20872 -4977 -1941 5566 -19357 31978 -8243 -16709 22636 8542 -27970 30661 10434 14272 -10525 27911 -19118 2949 24359 26465 9349 30531 -27788 -28286 -8271 19558 29160 -29544 -15096 -13278 19365 3117 7844 23008 5642 5165 -17006 30330 21546 11862 -22002 -10603 -29005 5716 14092 -24191 8831 23349 3149 -22269 -22634 -8562 13574 3196 1017 20588 -7749 27601 -29899 -12161 4204 21515 4897 -21459 -9064 16581 -12107 3339 10268 24005 -16817 26766 2016 -31009 -18705 -26311 -31123 3398 17598 -14994 -3186 32007 
-11084577 -287771113 699260866 -23453975 1208286477 -2973380 47457173 9544594150 -87790623 -46291356 1387956 -4333554084 6406799652 -91277234 -6186946697 -39431061 -145959607 9510465 -1132006754 604204935 38444004 -80464410 44233658 36944594 11212939 -6039101 -78977154 1480438389 -97796386 -4487898464 -4601344643 -92720270 -1086279443 67423717 -92216577 -1581186892 2650007 -708584480 -1113539 299926890 -2906469 1071200 12366172 -376052755 2203103655 17765229 -1572371363 -155630359 -24204922 -185143733 -6387524421 173444827 1114361 23885384 -349668230 2796148 -10898552 -11311008358 48577455 5955879 44826595 -1328898 -100393535 -388274743 -1474821298 172907298 -172918188 175441871 -2446632 -12238861 10524791 34968067 10791084201 596601681 -1330217081 -4821725188 -172030662 -157283614 -42775840 -174937152 -1297368448 11655639275 -24233496 199586198 10720731887 318828551 -76035739 -9271611 24376202 69482325 4839157587 -187901301 -2965787768 4737804 10012107 6115796645 5018432378 572207365 287263029 4714335194 -3198578502 -1388216676 339005746 6224193 36443334 -1382371 -344261169 87642235 -192258555 -2153822 -6252978801 2544822060 5724872 -8637339 -144253916 -5340623683 42844588 -334390322 2246733037 9861637 -23961271 -2333219317 -9680481520 4504404058 -1319898019 -342635672 18674897 -40732222 
49 55 54 51 55 47 52 60 53 52 46 59 59 52 57 50 54 49 57 55 52 52 51 50 50 48 52 55 53 57 57 51 57 51 53 57 47 55 45 55 46 47 49 53 56 49 57 52 50 54 58 54 46 51 54 48 48 59 51 47 50 46 52 55 56 54 54 53 46 48 50 51 60 55 57 57 52 52 51 52 55 60 50 52 60 53 53 50 51 53 59 52 57 49 48 57 57 56 53 59 58 57 53 48 50 46 55 53 52 46 57 57 48 49 54 59 51 55 58 48 51 58 59 58 56 53 50 52 
-16149 -8041 802 11084 -26117 3476 -15614 18793 -5138 3419 -26983 -16790 -4188 -2371 -13454 -4178 3603 13989 -1806 25844 8484 -23349 31991 -16746 6553 -15329 24034 1520 -6013 4206 -32279 7620 -4489 -31196 -20151 -16415 -17371 -20546 5037 1923 27984 -30511 -32189 -28154 22493 22494 24424 -26210 25886 923 -11554 7323 -5559 13687 21371 17739 -25029 25458 -25666 -9347 5899 18378 902 -13569 20879 -26355 3202 -23354 -3446 13444 4372 -12255 -20173 -10339 12147 -18245 27611 12968 -4254 -17775 16211 18534 -29662 19112 12992 -17767 -23893 -15275 28679 -18896 -15908 -6118 -17893 19552 -25485 25803 -3669 7353 -1725 -32450 27614 -162 -3093 -3776 16889 1896 19373 23954 26736 -25036 -29285 -264 -7586 4871 16368 18459 -20043 11864 26242 21240 11633 24493 -20742 15649 -18984 9607 23664 -26351 
2408096 153758881 89058273 12633685267 -275309831 338252816 2730421 2607366 -385656063 -77130860 1224150 2731373 5852425 1399478 2880873 679411515 -382715465 -1327561 604491882 -147139428 -20172201 47806547 -79287196 153250678 -323957839 -1321382 -1453735 87053294 -1285647 -744388360 49830686 -389939335 -383260673 -10143890 -5056484 11074794 -2430374085 37336697 -1473776 -666944379 1487719 40386778 -83328923 93544398 -5429834 -199269875 -2747368 2523608091 155138529 1285068263 -298210694 -5920484 6169805 567058800 2970939 8951708832 363184867 -9693330080 -23967700 -2906025 -3104355175 -1225119 155005350 1557953811 -1214148227 -19299859 1114863629 11043221 2855302 5230474 -1594491086 1263988275 2973536 48289179 -8771130348 537343961 -44068901 40880475 -725747459 -2480272 -2747067417 642483384 -94212097 -185142539 3139136 588501966 -1288145 -389094243 87529544 41123616 46429353 -632592660 2567080 5936839 10159146 -1078861 -45184119 139917829 -8926028551 -366920562 -6262065 1310615 -10850606 -2112383 -20284755 389431561 24771005 -1587596146 -100081733 -1172772 41358513 -39559366 2654064660 -1374274 88114757 -24868683 2183235 -4711005598 181922153 2342480 1278608 -1124268 1101042563 -358144701 -3064237 -165714727 -10913373871 2737546664 
35 39 40 45 42 41 34 34 41 38 33 34 34 34 34 43 42 34 42 39 38 37 38 41 41 34 32 40 34 43 38 40 40 35 34 36 45 37 32 42 32 38 39 38 35 41 34 43 39 43 42 36 35 42 35 46 41 45 36 34 43 34 40 43 43 37 42 36 35 34 42 42 35 39 47 41 38 38 43 33 45 42 38 41 35 41 32 40 38 38 37 41 33 36 37 34 39 39 46 40 34 34 37 33 36 41 37 43 40 33 37 37 45 32 38 36 33 45 39 34 33 32 42 42 35 41 46 44 
6610 22529 577 18453 28631 -18732 -9348 -28152 3731 -4241 -15901 7514 -13765 8387 -30507 3605 21598 20595 -28935 19450 3871 8690 22230 -3073 -17864 -22679 -25805 -7201 21031 15597 21594 1063 -11148 13861 18476 -21496 26377 13183 -28649 11220 -10301 949 -11253 13694 -19550 3709 12436 -6258 21306 15992 22935 -2538 -18032 -15102 -8663 -9734 -15871 -8710 -13160 2201 23152 -21420 -5729 -32220 -18774 -17116 -21371 -22673 -23436 -6081 -25644 -6833 18092 -14655 21044 -4237 32090 -23176 -7625 20589 32103 20742 3158 -30755 28564 30649 10739 14583 7591 12014 -17598 32164 -25005 27796 -19900 18447 -17443 -7025 -2684 12236 30123 13390 -25890 -23077 -10695 -18311 -31280 28851 232 -24472 -12340 -22191 23200 13335 -7722 31275 25533 -31543 -31378 17675 -9026 -5352 -12432 19844 31676 14332 19241 3379 
-2518809316 -137190585 -5930714084 11155506227 -3040742047 -172671620 2613763551 2582820 -1515524436 -1134301211 -701347085 -4745657465 -3114325598 9392075160 -278522821 372593544 -5488019 -2289633234 5425811742 -3097713518 -37126767 10590471 -6383559364 -17413455 -1424692326 10501999145 1561100844 -5050902519 -9933295 -351175052 -5909313401 -4588987 11491498 188317938 10077282940 296316680 -11907098743 -2101111 -537581480 2802157744 -589467466 -5189390 -4212975 -2390918444 -312392130 180090206 24152501 -84393664 -42026080 -1240857493 -88853711 -47121351 -21205090 77549808 2117979 -2684906462 664144900 -91405499 -1485294218 -371549526 2858935 1388852947 4814065 -185444944 34013660 602129136 2744545273 -11349879501 2740146769 -12377400393 -172771843 92701837 -1409329 44270021 2129605 -12144006 11294575821 -2669958 362225637 -400079830 1129455108 -1369154 -6084043922 -2505308 2525719396 9490149505 -295272624 -1216143 -1516501949 323635572 -5319729763 -627079534 -76677420 -83721173 626682100 -73520377 35053665 12732768444 -1450447 43215365 1593905592 -42560845 -368656977 200974282 12152866 -25117407 -3170940301 1370000 1545795553 5526733015 701776230 4377390 -11282689571 4931226595 -10842458537 -328613265 291544739 2512257 -5036473840 -11267189 8721240 -23541311 6230022469 -1307277 317580693 -1174932509 585646369 186029811 
51 47 54 54 51 48 51 43 50 51 51 52 53 55 49 48 43 53 54 51 47 44 53 45 50 53 51 53 44 49 54 42 43 48 55 49 55 43 50 51 50 43 44 52 49 47 45 47 46 51 48 45 45 46 42 51 50 46 50 49 43 52 42 49 45 51 52 55 52 53 49 47 41 45 43 44 54 41 49 48 50 40 54 43 52 53 48 42 52 50 52 49 48 46 49 47 45 55 42 45 50 46 50 47 45 46 51 41 51 53 50 44 55 53 55 49 50 41 53 45 45 46 54 40 50 52 49 49 
-5326 2174 19164 -24375 3347 -15667 14628 10408 -4869 6209 828 -27017 9810 -32679 28769 11109 7494 -28125 21323 -10822 -17027 9824 -15205 5017 -21041 -31220 -28475 -27048 26990 -21640 -8930 -5074 12366 -28855 -32256 -25112 6917 -27142 8233 18737 -7571 2888 1460 2753 8118 -26769 -25169 32118 32636 18040 -10237 24658 -7758 16582 -10255 -18984 27201 -26953 -4834 909 30140 28117 -31270 -6425 -15106 -1081 8583 12820 -17270 -25240 -13571 10987 1905 -9706 8376 32181 -3274 -22765 -23040 7565 -8087 5624 -23056 28154 14538 5121 24847 -30675 -1945 -14215 -17933 -23057 20659 28086 4071 -16955 19412 -22054 26699 21908 -15917 -18351 12665 11659 22302 -27940 22936 -22342 -1528 2916 -24624 -28139 -31409 4578 -23745 -22225 23187 -32603 -24771 -20523 -25674 -6163 -17318 -18422 24542 -29506 -3302 -11838 
-9015688971 -273577644 96872370 5583482 -2962613904 -9410755 -773368785 -575595684 23905362 -1566743382 -5672601317 6226923091 46755840 760364562 -141614166 3136471178 1382967 11821457 2995093372 -9082010903 549103362 -1599932700 295661906 -1542717 -2200818 339147257 3022407 -22912255 42581480 78963763 89335327 -4281785 18510563 37346087 -10713279280 -1539182 -601254135 85506441 -99712115 1474696780 1085573581 1183817 -140615669 -99743194 4914143685 -80945374 1261131 -145078862 2442948413 -85944866 11338566 2960243559 365353624 1061307 176720553 86266415 -35687118 -4250155 -21427271 19336086 -2238296153 -18291991 -2207301 350920107 2613215533 5228355 1222431513 5933206091 623405367 4419605262 2271068847 12212774267 1580471246 -2883714 -4398095 -390349853 2411556337 38636989 1511287 -5863292974 -9525311429 -9980460496 2687733670 85908589 759303028 -1199734170 -2896445 1311720 -1417034522 -34785565 -1273531 8858605 -6213213424 143595149 -304489042 5491780 396026565 -2292805 -48129241 -5973651878 8883505392 1493138 -669451997 2441323 81633528 -10488711 177451620 10905801668 1102589234 -20035090 21738995 617782501 20723772 -171153125 1183278 779874852 -1302058 -678406754 18078398 -12517311715 -8887392 12440674306 4325400677 -12449055 656646040 -77404644 -76162038 -10503572 
48 43 41 38 46 39 43 45 38 46 47 46 40 44 42 47 36 39 45 49 45 44 42 35 35 43 35 39 39 40 42 38 39 40 49 35 45 40 42 44 44 36 43 41 48 41 36 43 46 42 37 45 43 34 42 40 41 38 38 39 46 39 36 42 47 36 45 47 44 46 46 48 46 37 37 44 45 40 36 46 49 47 45 42 44 46 37 36 46 40 34 38 47 41 44 37 43 37 39 46 47 36 44 37 41 37 42 48 44 39 39 44 39 43 35 44 34 45 39 49 38 48 48 39 43 40 41 39 
18436 16546 379 17174 -9781 -25467 22621 -32705 -23584 29817 -21392 17888 -14662 1737 -20417 -15363 29160 -4597 -27879 11247 16646 -16805 -31347 -25219 -13793 -13779 9911 -20836 -32105 -27822 -28838 5522 -27304 -29554 -15573 -10069 -24693 6706 -14496 -5286 25997 -2276 -26223 -8889 -1691 -6103 23078 16258 11438 14845 -1800 7412 -715 32178 3544 19490 -2418 14698 16810 18475 15239 -6113 28666 25367 12194 -24156 -8185 30071 24118 -1901 4086 1750 9674 11433 -2104 9577 28997 -14770 6914 -21366 -5276 16573 -29265 17065 -22468 18861 27646 -20053 31996 17202 15549 5230 13235 14670 -30472 -18973 -27430 -9717 -19908 24169 -6770 15442 15782 -31850 13827 -10756 -22782 -14318 -20417 15802 18980 23061 21446 25324 2889 -30262 -5175 12521 -19918 20756 1751 27138 -21760 6143 -2914 -21477 27121 -1354 
-652195819 1200935 -8658684 -2244739795 37766970 24750490 -33938486 -173508734 -9484847798 19285039 2240872 -6021311 1286684723 -10219460094 5472614476 1292771 47199292 -141355768 41426180 -11039764 -143799995 -4981458980 -4816190807 -1377556427 4559688 -5487309 801266401 -43858416 8970273 -1144504 -675470149 2882439 12298454735 -1199079 -1136626070 2439353 9546381314 2723882 -10063488 159404281 -647553865 2484728 -11260130600 -10904501032 636593793 -6274061 1130510969 -389014272 4300804 2414162 -147708953 9085667964 -9890352122 4833370120 -20440709 -42133672 -172130505 -1368583 38485702 98153500 90280998 369323540 5521332 -2857734 -11564387 -156128809 776971197 1175036566 -179147634 -621197821 12106224273 -2319017 -1124709802 4631814 1582218677 -2999466543 346507360 -175473003 49612122 73013281 11793091 1388208584 -100522690 183140888 -9619140 -24772348 1268594 1467682191 -198998741 -35016991 -10582753 -1322485252 -10854087159 -8570785 2634596 -90084109 -43988295 -282715158 -731746570 10028996732 2721942 -153437112 -9457002 -646993797 -1538227467 2223665 372603846 -5354078 -4619343876 -91247160 1547247 -1295430331 -75230371 -6301617230 -2994854082 -9378400836 2264356 636060752 147354023 -4459904518 373494806 180416888 -21464507 1096554 -5947185203 89762974 -5292303 1119991 
33 24 27 34 29 27 28 29 35 27 25 24 32 35 34 23 27 29 28 25 31 36 36 34 26 24 33 29 25 22 32 24 37 24 32 25 36 23 26 31 32 25 36 37 31 26 34 31 25 24 29 36 36 35 27 27 29 24 28 30 29 30 25 24 25 29 32 32 31 32 35 25 32 25 33 33 30 29 27 30 26 33 28 31 26 27 23 34 31 29 25 33 35 27 24 30 27 31 33 37 24 29 26 31 32 24 30 25 36 30 22 33 29 36 35 36 25 31 29 35 31 31 28 22 34 29 25 22 
-767 -24479 -13134 9256 -4282 20290 20635 10012 23478 -11358 12775 21132 -24158 -26088 -31317 -20440 16704 23026 -28093 -5875 -8415 29313 22512 -9863 -6040 24083 298 -26318 22668 11520 25006 18789 15053 2373 7668 -27553 28990 -4999 -14032 -13478 10350 142 -7448 30490 31769 29468 2035 -29146 29276 -30519 14429 -16537 -10397 19266 12404 -24744 15917 -28607 -19462 -13651 20722 16780 -23119 29019 10033 -14540 26731 -2896 -24221 24515 14402 8851 -27268 24039 18410 -5215 25215 -23088 -16717 13948 -3733 -23815 -3438 -26171 -30232 -14849 14070 30817 29705 19851 19851 -15807 -32113 7920 4490 26803 -21999 14744 30649 -10010 29674 -317 7746 202 5632 -18599 -16488 21470 -5084 2363 710 21192 13046 27589 -28386 -20148 -16565 3331 -27837 16552 -16210 11396 -6650 -11161 -2270 18006 27694 31742 
-12732922242 6367604895 608867066 1556437 159310356 175256813 21755095 6304496273 -6135564 -1217835956 153398449 -273126714 -287153435 1114253 737685413 -5583194 -4370390 -11965635908 1184289 -2617393261 2465264 12106260890 3112136 181112814 -273245354 -2148862567 9892891191 -191659367 -1473361 -50158606 -5478123 -48173574 -349040176 5023200670 688615406 38593886 9182286 681922999 -5689760778 -5120972 -23476683 12480896885 -2251898 93426643 -296288942 -1095731939 5382802 297043141 -5627648 2296985 5430409155 177899098 -6284789 572029657 -69398494 -17461818 -2226979204 12299098 -4713735 34192719 289682410 8662373 -79750883 -1052277 782804715 24876156 5701482 1315291 289039912 -5953274660 -173213248 100281770 -368015375 3126891 151407300 -151800025 193647394 742399604 -610539899 -9027268 39906066 36848577 -1195981900 -38795040 6268685 2250450552 1337964 -12812645000 10462009828 11809188859 -2272071 4868283660 1417906 87950550 -4939440 6222091886 -5828550804 2161711092 -10405569701 173362949 5182681 2380624486 1282012407 -41137372 -10369627399 -154679104 1566942360 -11644403 3123508 5181175 -193725539 -35099191 -1285358372 1162719546 1476860 3011365 -96780295 2186958864 -6106563350 653029523 788108314 -139950016 1524090 12519796 12135756 2621405689 1218087 -4471599 
44 44 41 32 39 38 35 43 34 41 38 38 38 31 39 33 33 44 31 41 31 43 33 37 38 42 45 39 30 36 34 37 38 44 41 35 35 39 43 32 35 45 33 36 39 41 32 39 34 31 42 38 32 41 36 36 41 34 33 36 39 34 38 31 40 34 32 31 38 43 38 36 39 32 39 37 39 41 41 33 37 37 42 36 32 41 31 45 44 44 33 44 30 38 32 42 42 43 44 39 34 43 41 37 44 39 42 34 32 34 39 36 42 42 31 31 38 41 42 40 41 37 30 35 33 41 31 34 
23854 -12380 -28305 17030 30022 -23805 874 -31098 23461 11657 -7645 -27574 -19638 -3627 4471 -31886 -25704 -2953 -20159 -20519 2012 915 -3902 -9939 25844 29663 -27743 5461 18710 -17413 20837 -16702 29980 -13379 -29570 -26555 11027 -16108 4932 26902 16298 -25972 23034 -1052 -25818 -18811 6959 -13138 27726 -9115 -30990 19104 -13107 -10381 -28180 7024 -25558 30712 2227 5956 25059 15928 -13610 -28561 777 -8419 7546 3860 -24140 -24779 31663 22974 -29029 8832 3885 8698 18792 -25076 26893 -12156 -19216 -3240 24478 27521 25873 -8901 -15355 -7319 -12379 -3148 18994 906 -26210 -31252 23721 -24175 -2741 -29744 -12340 -22026 -26639 -6357 -12918 -1141 16797 28355 30137 -11267 30632 -22233 25665 -20144 -23393 -28284 -28981 -2344 -30843 32062 15446 -18979 23999 3750 31278 13720 -29462 -28246 -20036 17560 
143163117 2746654721 2888876 -595546801 44511385 -23333061 -8747992609 -3031075 -44233316 -4659537919 2781290199 46080783 369481450 -9174219 1169205744 5007027 1082577 184338676 -279936420 3121246595 11438665 10759425590 4707017389 5789478141 697863994 -192883089 -4526440346 8943030 -1319762372 12370637103 9030781556 11960957816 1509031 2866237364 1155439216 2314049 34183839 -789061124 -152174763 -12441503 -200846046 18285080 -319866647 3186997382 17379502 -627274840 -24699604 5518627107 5559350 2716578 4295755921 -180507399 10507354093 1301077 99328403 2271969 -752150884 -712635176 20344483 -2683446078 1090911 1227241720 -75934669 97074741 -398457515 4930229 -1166279 11093828 76245964 4634285059 -716705269 1580790260 -168998068 2622609 -73653178 -11469985078 -1341442047 -147236864 -8801867 -1143096313 -6100129 -1513512849 -2621613808 -562334976 9550493 73375474 -1113962461 -97256736 1107093 4256488 -680304908 1185796934 -2649008225 2199910 665216796 -367676624 -10570198 -19368609 -67232893 -9967129837 200899851 -2561529 -11921107479 643877012 666082783 -729626494 -18986935 78901129 42123554 -6030240 12560459 365558358 -4575877 -41749299 10144331 -1257526106 -4392360672 -156563849 -6159960158 2367471 5792452 1114429 2264172 -1305601 -46639987 12008246 -3145346 2869048342 
45 49 39 49 45 44 51 41 45 50 50 45 48 41 49 42 39 46 47 50 41 52 50 51 49 45 50 43 48 52 52 53 39 51 49 40 43 49 47 43 45 42 47 49 42 49 42 51 42 41 51 47 52 38 46 39 49 49 44 49 38 49 44 45 48 41 40 43 46 50 47 49 46 39 44 52 49 47 43 49 42 49 51 48 41 46 48 45 39 40 48 50 51 40 49 47 42 44 45 51 45 41 53 49 49 49 43 44 45 41 42 48 41 45 41 49 50 46 51 39 40 40 40 39 44 41 40 50 
32332 -16968 -24408 1845 -22436 1705 15252 -7773 -30496 -25207 -23643 -12601 -1379 -1823 2172 -25444 -10303 -32067 -25715 7421 -8213 -29484 23194 6567 -15477 10605 -8788 7402 -24750 4096 26612 17331 -3434 -28345 16734 -11744 -21763 10311 32358 -267 23214 -20397 12359 25939 -16903 -1316 8510 -10252 3273 -32499 -6776 9586 19520 -13307 -13685 -7991 -2835 468 -27795 -5403 6623 -12859 -1738 -6573 2577 3021 17932 11504 -3361 -12103 -10154 11120 26600 8803 2230 23751 -296 -28422 -332 -22058 -31832 -4522 -32659 8636 -1855 -4898 -7230 4301 16056 -11991 11231 15165 -13588 31347 -3479 30222 -27914 20188 -27220 -8708 2883 32758 18485 10992 24086 -16567 -31893 -16598 27349 16443 4862 14689 -3437 -21614 -10382 -13642 -18462 -4260 -22027 29107 -17977 10697 -16035 21036 -30824 -31278 -10114 9795 
1402155 -2699412351 -11690464661 2905738668 -69003024 -20413536 5635101961 4482428682 44202991 -666005509 -5763186 -1553552 5923072803 4774539 -2249231 -731550776 -1412565694 -4636551796 4205038 -2125642 10672112 -100243867 -2684663144 2869608 -382487035 -2378913180 -72778649 73031954 -47854626 584729550 -618342320 -89647775 22502351 68856746 -562248858 -10665483635 -613042316 -4324230194 -1218155183 1309176 2757168 9953895082 -41838084 328205798 -1540058 -9864569 43555445 10044846 1090607 4546393 -287070283 792317638 -6128696210 2884957 -11717066 23915391 1404759 1347784 5513182 -199375205 578935472 2699586 18682859 -1520161 -10954470 -88195661 9342329097 -5198068448 5164768 -4438698 1193112 -198183988 17569529 10418210 -87024715 -1166244591 86266017 9792551 -81484954 25137468 94792954 334612836 22822367 -3206708332 -9145166 2596656 10394561 88458213 -301781096 1392129274 -81788612 -11344404340 1436684440 183562940 -1469813978 -23854493 -4286958 -10860344 -2406960 -568305832 -5745636 -4954362 613575194 -22601938 -9972974158 -11404473177 -4380763 -10104049 -12222063153 -744932384 18729417 -769022967 -2164986 96817312 10050302 9851106544 -11688646 1276747782 10243125699 -353880276 89312491 -5993224081 2996593 2224507 159777496 -10626806575 -754615665 -159905705 
25 36 39 37 31 29 36 38 30 34 26 24 36 28 27 35 34 38 26 27 28 31 35 27 34 36 31 31 29 34 33 32 28 31 34 39 34 37 34 25 25 39 29 32 26 28 30 27 26 26 34 33 38 25 29 28 25 26 27 32 35 26 28 24 27 31 37 38 28 26 25 33 29 27 31 34 31 29 31 28 30 32 28 35 29 26 27 30 32 34 32 39 34 32 36 30 27 28 25 33 26 28 33 28 37 37 27 27 37 33 28 33 27 31 29 38 27 36 39 33 32 36 25 26 33 37 35 31 
11049 1816 -25386 -14333 2984 10588 6758 3248 -2578 22651 -17174 28770 -16670 -20984 -10520 18506 24273 -20397 32714 -7458 3942 -831 7512 -15806 -2750 11865 16557 -15624 -26791 28984 -12231 3115 13254 16894 -29886 -27209 29831 -12434 15220 2539 3622 -22132 -21601 17324 -26671 22382 -29002 -25910 15839 28001 -3301 -30290 -759 31839 25096 19968 7500 19297 -3438 21307 -14334 6413 2998 -12434 5650 20248 -28051 -22282 18681 -2587 23883 19434 -8008 6112 -1451 20822 -5593 17600 2449 25994 -18725 23048 20681 -7220 -17242 8255 -25282 -29064 6262 -407 -3947 -19556 -9053 -32349 31455 25496 -31925 -2319 -16452 -7954 -32189 22771 19956 -9437 12551 -19526 -20090 -1292 -11441 9420 -14805 12399 27505 6788 27679 24330 -5341 20155 -26017 -4272 -27308 -1913 -13370 3550 26518 15175 32585 5631 
-2233511 2305480886 -68611858 -88813728 -140484397 539159592 12882159199 -2102557 20050108 5178029196 16965830 -11588671612 2209537 21882111 6390877184 -10847155435 3075619017 10093308 -1081467777 -667519597 10195806237 85956887 -5024406350 2147749 -36906668 90202727 17938620 -18603720 -1259521 40903557 -2535353265 197537339 -2210021997 -5791880 4561657566 1284623583 98569744 2990270730 -768535126 4526110930 2594122 -2683913366 -1400104 -1560937 10998411 -150393307 635729364 94056624 578921940 -184525511 11870345 -50067325 -50243149 -12360183 9150332082 -9568541 10880353189 -10017978672 1346017 4755027 306762008 -794191098 -1383037 -1309640 -5369573695 -9889662201 -5016310 4396291149 701009986 1153067 17675424 303639379 298619672 -4267407 5601246857 3214296466 -69439884 -1413672159 175745048 -3061572833 -2228321903 -1295078 69219306 1092230 -10160158236 10471539855 1451971001 1292176 -9585891668 -9925728586 1240739322 8829790962 1076438713 358162716 -34136909 -22655767 -8911031 -693171497 -2357394 5390249 -274335130 1199752 1124898941 -43898766 -383110072 2277433 1315439 17871824 5212955574 393989045 -17097990 11353821 641436345 40145441 5441393 -38451615 -5353059 4448103 -36194752 -6354395636 46883773 146932097 69360006 -4801663153 -695835338 -4765009 4997947578 21926248 
51 59 54 54 57 57 63 49 53 61 54 61 49 54 61 61 60 52 59 57 61 55 61 51 55 54 54 52 48 53 60 56 60 52 61 59 56 60 57 60 50 60 50 48 51 57 58 56 58 55 53 53 55 51 63 51 62 63 48 50 58 57 49 50 61 63 50 62 57 49 54 57 58 51 61 61 55 59 55 59 59 49 56 48 61 61 60 48 61 61 58 62 60 56 55 53 53 59 49 51 56 49 59 54 56 49 48 52 62 57 52 53 59 55 52 53 50 50 53 62 54 56 55 62 57 50 60 52 
14957 19556 28954 -9323 -14569 -20805 7507 -27164 20688 2428 12586 -8537 -7877 -26025 16586 -29336 30595 28266 -10457 -1719 20223 -12882 -18344 -19996 -18832 -28625 24712 -30178 -31758 30293 -10057 28156 -15384 32702 28018 17810 20650 -14550 -20624 759 7974 16955 -30604 -20065 13362 -26594 12081 18212 -4571 -13652 -26938 23623 -7085 796 12427 -9948 -5185 1659 -21027 -21690 -19839 15199 -10197 6485 -5172 4596 24531 -24997 12102 23117 5939 17004 30970 19647 22397 -19417 -3208 -22563 -29757 16451 19452 21482 -21157 4508 -21036 -2691 4037 -13207 2258 233 14983 29879 -25369 19413 -3752 25616 -27323 10757 -28186 6962 -25085 -31932 24599 22092 9960 -6136 -5776 -1773 2365 -22572 -26342 1242 -16665 6324 -31317 16901 24747 14265 -2863 22112 10525 -22412 22830 -6184 -9673 27724 2704 14844 
395323964 -1469962661 2331108237 338098746 41359460 4723979065 -1437485017 -45776078 -2111816 -2741040844 145575346 -1380790 43808477 2704582 560003120 -736912733 551145837 -4453132 -5363917273 -11492535 11011177 41029466 801838074 -34348488 -1121424101 568451575 156093477 -548756725 9449109775 297375215 -71079627 -25029617 6275964978 -8749698020 2406507319 5369530 12551562988 -199214529 1512700 1242101382 -5662941 -1497789257 -93815304 1136010445 -68848284 -10832492 24173366 -387147234 2741010086 -2324688 -9105807448 5746932 2104468 -10824319 96173047 -20527988 84738698 738673334 -4774392786 383452034 -2781184336 -49875890 -4714655660 -10089288367 154868725 11879358 49090140 -12019747812 726049213 1416086 -4979602 -1526627 638233188 -37744987 -12447100 185124759 -618669096 -616042510 -11754378 4499129953 -87616211 -1158039 -9628516 -5442037242 -1355043081 -323909051 -5845375990 287713337 283891477 67295453 -12175450 89100252 19223602 -1191912907 -5107937 9768701 4934289906 -11151040 -2855623656 1310768664 1292089071 -329236098 -184291935 -12263610 -4625360054 -88823234 6150016984 -3029879273 37810848 -315211470 -141642743 80121563 386360225 -10578926441 1238563 -5411699 -10736513 6222666 676972948 184076310 -1586044256 -77287753 9126382344 -69347601 -199367126 549405802 1117601 12087557 
32 34 35 32 27 34 34 28 23 33 29 23 29 23 32 32 33 25 36 25 25 29 32 27 34 33 31 31 36 31 29 26 36 36 35 26 36 29 22 33 25 33 28 33 28 25 27 32 34 23 35 24 24 25 30 27 29 31 35 30 35 29 34 36 30 25 29 35 32 24 25 24 32 27 27 30 32 33 27 36 28 23 27 34 34 31 36 30 32 28 25 29 27 32 25 27 35 25 34 34 34 30 31 26 34 30 36 35 28 32 30 28 31 37 22 26 26 26 32 29 33 30 37 28 29 31 22 27 
1836 -3459 -9522 22143 28989 -30167 12436 10889 -17134 -19889 -28722 9244 -20848 30156 4456 -28111 -9058 -8196 8945 -13139 -14636 10297 24991 -23947 -20208 6256 -14150 -7051 28555 -17719 5664 2123 -23166 -17386 23065 -17212 31779 -9106 -22650 7823 17823 3244 28615 18578 13858 16118 -6432 2195 -12427 -8343 18480 7637 -13046 27327 13152 -14408 -20139 -13667 -15305 32123 -22558 28732 28655 -10635 15238 -5244 -17706 -21810 -18091 -23889 14849 -27146 31661 22401 31601 -27192 1296 6476 -6480 13875 14500 -9811 -9313 16352 -18833 -14147 25126 -32609 16502 -32129 24854 15216 -23871 -12093 -21678 -13621 -6340 -6486 717 1345 -25452 -31223 27979 26363 10263 -15167 1840 -3330 -25124 -24496 4346 -8841 4052 24567 2836 29620 -14088 -19229 15856 -5751 -17124 -29711 12398 1562 467 -13484 29990 32121 
1434142793 1236786 -303413881 -588917896 9330601 1423167 -36793697 -1395372 -46341806 2646282973 194774937 -187535565 -2455638 3220903471 -9073580367 -2264289268 586600082 1355406 10437958775 8931825 5859704 613593088 -5803970 -147727172 22019129 5334664132 1203763573 4374456499 9807428998 -9955814340 -11107123 12285393983 18677661 8637901 -6197907 -189271451 137417549 -2600779736 -1565485 -68027843 5564789 -9350025563 -2536386381 2427755449 4909096 -1250050557 -2899417 -387576863 -1336957087 -2263318500 -137653334 -5952758411 1355330895 3098577984 -1103919 12070815068 10906539 2328808384 -22366356 195895934 43081591 1596088155 -20207537 -2879159 -92173125 -717860226 -3115122 4345792 -48397755 5051776 295202075 -5845092 328243601 1323668052 -350679295 307592936 90940925 -385417515 -569412093 21405839 -357246434 -23975598 35388434 184866185 -5472582177 80895066 -97654299 -2355858 79214107 1069263 -2405504 1097519485 -143319320 -159745846 -3131614136 80734208 -721896323 -3048480641 -5856295 -6196675542 -6171008 -1180493 19647808 -12453180 -803478435 4460217 -5361684 -1453913401 -1369209 -79522022 -1273831 -5312802 5577831242 40687317 -44841617 319993627 40800387 -2570336 77109884 46737549 287047811 -8420998 -11051186 1366997384 683933784 -145028049 1351716 6017851 
57 45 54 54 50 47 51 45 51 57 53 52 48 57 59 57 56 46 59 50 48 55 49 54 51 58 57 58 58 58 48 60 50 49 48 53 52 58 47 52 48 58 56 57 47 56 47 54 56 58 52 59 57 56 47 59 48 58 50 53 50 56 49 46 53 55 47 47 51 49 53 48 55 57 54 55 51 54 54 50 54 50 50 54 59 52 52 48 52 46 48 57 52 53 57 51 56 58 49 57 49 47 49 50 54 47 47 57 47 52 46 49 59 50 51 54 51 48 52 50 53 50 50 57 54 53 46 47 
-18600 5702 -7896 15747 6059 23704 18499 29494 19214 -27341 -29499 -2118 -22773 30712 5139 -19617 19190 -12898 30778 14179 -22764 -5833 -28482 27417 -26765 28174 14274 2937 510 26006 1290 30578 -9829 -12867 -27261 19630 13495 -21165 -10410 -16185 25986 -5085 -16992 27141 17337 2471 -545 -16735 -10758 -29396 -421 15547 15936 -4101 28554 -14685 9089 16198 7881 21448 19496 13180 -29232 -10395 28060 31535 29917 -28314 23010 -4057 7820 1256 -19472 -12913 20729 3739 1179 4498 -12897 -13809 7607 11559 -13343 5087 -13328 -5258 27823 5320 10705 -10080 16148 25761 -30651 -13199 22018 4228 -9990 -10639 -30137 27774 20908 -9713 1644 1750 18503 -6358 -16565 -23236 23087 -13655 32020 23210 -2229 32045 -14660 25116 19480 11229 -2377 -9049 -17023 7586 -139 -25477 16575 8627 2925 32691 
-89145471 10028254 1158621199 -1079079 392344006 -390537949 -19892900 -2283145973 -2637198 -9260710 -767275438 22626663 3114591 81534917 -90956396 1595214492 158343034 12510671 11520477 295931755 4662497938 4422603 -4458321409 10680730835 -4435979 -4583454 -752036189 -196047232 -5548272 3204831511 -187417734 -21784674 20873560 78603296 -41137449 1479642 -39281640 -323253568 179715002 1235250994 -3182176671 18183147 -43323205 17874190 177657586 11971169 -1245488 -6078750277 11456181 -12058798 -270422011 -10498049 -164675943 -2410118 2551312979 331697436 9216779502 -1363459966 -1537755444 -1101738 1145236586 -49105354 -1201498704 2858349 9703221 -2897839 10851702 8904908 -3109955386 1147919258 -40913548 -282723131 10276697410 149140515 -155412826 -307490114 5855167 -2569250 10169623584 4861714 -293125307 10515329 -294560217 -5230288105 179767918 -10966815326 -4744236 17957088 2482143364 144764202 2310386890 4966080385 -10949044 4969931780 9082729 -77023598 703052378 -47391455 -1561259 -299682184 43852924 -19985060 770028250 2748678 -93970676 -2613687 23428161 -18025900 24707260 20483524 -5073999 1113525721 10333438264 -1420129 12211510 -21467333 -11826656476 1480664 85722148 25088026 -9719320 -34361571 269077510 25018198 82943679 71931492 4464315 -2123938 
29 26 35 24 31 33 29 36 26 26 34 28 26 30 30 33 32 28 27 31 35 26 36 36 27 25 32 31 25 35 32 27 27 29 29 25 29 32 30 33 34 27 30 27 31 26 25 37 26 28 32 28 30 25 35 33 36 33 33 23 34 29 35 26 26 26 26 26 35 33 28 31 38 32 31 31 27 26 37 25 33 27 32 37 32 37 27 27 34 30 36 36 27 36 26 29 34 30 25 32 30 27 34 25 29 24 29 27 27 29 27 33 38 24 28 27 36 25 31 27 26 28 33 28 29 30 26 26 
3674 -4738 -31710 -32366 25842 19277 -10429 813 -31662 20379 -8808 27921 -2716 32727 6725 12724 11385 -19252 -15590 24254 32543 -2538 27448 -26608 25910 31550 -13327 7383 -1768 -15535 20609 -22166 -19965 -20208 11802 -30742 -9547 29946 16045 25197 32398 16968 -25154 -25295 -18404 -26062 11447 -26696 -21024 19661 -21682 32606 18021 -21058 27889 29224 11421 -26793 15582 -13811 27554 -6874 -22382 23498 -3040 -20583 -15342 28262 -15925 -9235 29506 13593 -25849 -8285 -23403 18316 -29273 1788 12452 3251 -13646 31331 -9181 21126 1224 -5295 1605 5629 12561 21728 30155 -25619 15028 -28708 4291 -19246 -20617 30440 28038 26841 -11325 8234 -14288 -22412 22839 -1233 25411 18995 -8334 13949 -2494 28245 17655 1098 27865 26446 -22878 -28750 26438 17416 -11418 -3073 21629 21696 -30121 4874 22980 -380 
74531581 401019281 -5786412 -2634278699 -9786153 1079017304 10959282160 -11104834883 42640218 81980860 -18591249 47039348 -195147152 -4742174059 170290644 -181885470 -2357081868 8459384 -5650019703 2206472 -2765564 -145217528 5345203713 365188485 46211594 -9274828 9242621836 -1233485 5562765 1143409290 -699367542 -43489188 186862482 -9729368 2997044023 -91877221 -37270925 -179935889 -307876995 -22425040 -736761616 19974414 76100667 1321051 -69903867 -5658359 620132747 97345382 -10025524 -9904974639 -5568846540 1527553 1083647410 -4410395 -323705422 2676788269 -34306553 -11833915711 3125211 36388732 -11101129733 -21190126 5002485605 -6411579025 680244537 9067363 -42874334 635107897 1441238748 -9753388 316197590 49569925 -4949070036 357898135 67884798 -271020521 2887485 1502452 2797068 2329437259 -5317345688 -604410211 -356416105 94109462 -38024426 48376790 9907462 -9893239777 -310564782 5262744 2241652282 -1215291 3011992205 76642551 740960118 -1371071 -162389359 -48862448 93309709 -3098887625 -672664669 1469873506 22078507 -72048050 11288404 3106462504 2538220533 88146960 -72113047 334059742 -161572519 372778319 -23335191 5727485 -1189975616 5284782540 -24435092 -140319860 4587698 -36574447 2921387690 644075834 9818237715 -1495946906 1267884777 1077506 309593418 -1402256 
30 32 28 35 29 36 39 37 31 31 28 30 33 38 31 31 36 28 37 26 25 31 37 34 31 29 37 24 26 34 33 29 33 27 37 31 31 31 34 29 35 29 31 24 30 28 33 32 27 38 38 25 35 27 32 36 30 39 26 31 37 28 38 38 33 28 31 35 34 28 32 29 37 34 30 34 25 26 25 35 37 33 32 32 29 30 28 39 32 28 37 25 36 32 34 24 31 29 30 35 35 35 28 31 29 36 37 31 30 34 33 32 30 27 35 37 30 31 26 30 36 34 37 34 34 25 32 25 
2076 -16217 1056 -26944 -13251 4528 25450 -10710 14920 24126 -22440 8253 15837 -19398 29017 31101 -29752 -25749 -15010 8719 -10945 25346 23764 -5338 30006 -23503 25136 -20078 -729 -23309 27283 -4163 -15048 -393 9943 19484 -28150 -3819 9404 -14763 -17809 32693 5312 -10135 18997 -32529 32405 -12556 -22799 -3291 -6324 1990 -16068 32518 -29231 3343 30945 -6209 23305 -2390 28459 5826 1836 -7560 -5925 -32692 -32391 24714 28471 -30745 -17816 7423 13739 5777 -20625 25747 24948 -156 -21657 9106 22623 -16254 -12717 -17237 -24586 12143 26155 -13620 15762 27063 26424 12168 2197 2216 26261 12046 -27019 -18958 -21780 12486 -2641 1983 9342 23683 -32053 -32167 17060 -31419 16996 2781 30915 27051 -11812 -1352 22542 -3877 28296 -28644 -21638 -5067 -20472 19965 -22783 -24335 -28486 26137 -5281 -29761 
1185803 -749749301 47975394 12471076 -12780409890 -21502147 -10659619 1439091 6007224338 -11829184 289134630 -4915018061 89140302 -2968518782 5780623165 24085436 -194434758 -4634358 198446146 -10528492065 -4492044 -2603622551 680078677 -2950520 -2932912936 761304542 -394311509 386535686 702070919 85070481 -185838716 -12178610365 -745455446 -9322641 9605852 -1416771734 6244350 23025853 10298487345 -5484425147 -1585965366 21536811 4945982973 -21366688 2253637 -80926385 5457304516 -82378021 47231340 -9879138304 8926527 -318774494 -2189885523 -67826608 -2616506906 10165585385 6063600582 -24825475 6396435704 -1332888501 -551554309 -36422124 -49488457 2152537193 2200089281 -368675681 -4969038085 -45256998 -11827984822 88521774 21755353 72060600 162771908 -42067794 8414540 -196800203 8654902 -2452947 3191320863 -1269386 1513764 -2437095249 8678057 -293823809 634638444 2786410 1269961 -11883832135 -12307620202 2604535411 11221030179 2687273189 2961946 329044667 1355963 4855224958 -23706788 2900673938 17730308 165737626 -12297452 -2863671505 -142719936 -1462491851 -8870564709 745305939 185174366 1094599256 142439862 24919244 -21328502 45650564 -1118228266 -3129426 1572481 -77737506 363841639 -611501661 -3007041 1573912791 23929761 -1483773 -81800685 -20389034 3162193191 -8417160 39678171 36904395 
34 43 39 36 47 38 36 33 45 37 42 46 39 45 45 36 39 36 41 47 34 44 43 35 45 41 41 42 42 38 41 47 43 36 37 44 34 36 45 44 44 36 44 36 34 39 46 40 37 47 37 41 43 39 43 47 45 37 46 44 42 38 37 45 44 40 45 38 45 38 37 38 39 38 35 41 35 34 45 33 32 44 37 40 43 34 34 45 46 43 45 43 33 42 33 45 36 43 36 41 36 45 41 43 45 41 40 42 40 37 36 39 43 34 32 40 41 41 33 42 36 32 39 37 45 35 37 38 
-30675 -11988 -7653 3307 7723 -21052 827 -5967 -26509 29812 3406 -24020 3866 -8404 26652 -17408 -30449 19765 -12999 -9698 19840 -22902 -1506 -21849 6544 -25774 -22968 4350 -8751 13208 31555 -29532 27512 2966 25877 18145 29950 31289 29182 13182 13349 16394 -28744 12860 16987 8851 -3274 16490 -7605 -13998 29234 -18382 -29447 21524 -23858 -6031 -9123 -8041 21876 -26528 15037 -2849 -27811 10601 19446 -5816 -13822 -1813 -24093 -4168 2547 -5002 -18058 2375 -50 -18576 17613 -26620 -31786 -14385 -17584 -27453 -9604 140 32069 -27268 18496 14426 -17401 26394 -22369 31994 17417 13314 -21474 -7885 -23503 25296 9422 24054 27020 -10356 -17619 5120 3599 13059 30631 4202 -19381 -12876 -23008 -17117 16369 -13434 -12673 -6560 24820 15142 30172 4767 28716 -9074 -2988 -6889 27324 -9873 -23140 -16692 
356149865 -5649920 1302797126 6222668230 -401791081 22632364 743266523 36602447 -4905144122 -8464438 47042228 -1522466633 -195881582 -147238607 -5304249791 10480608476 2464034 1279370 1062977 -1300248 11048579673 -382166166 1399756 -9626588 18859598 1524083416 -8721595 -82355275 -752624141 -21564310 -21980352 -2300331080 -12355722 10539376439 -8595679 -83889736 -793451587 5144163079 4514804 10977576 1447091 17696945 5801151 2831630222 -333405090 -8985791 12194823 4816967 35902935 635512110 2443811486 -20247445 -1385275 -1369597618 75873497 5025602219 94842238 19904255 -22745191 -166680424 1464686487 21391998 -37274134 269832432 -1299035 2787733 332658468 9252808 -1194117954 -339941570 -1145754 -777936177 -4405096154 199205926 -9259759 -9832120 629577334 5779716435 -4725908855 -1379026 -78800900 4238437 -1286024 -90551743 -4488514 162935434 40765772 21728665 6424265055 185438574 -4948602 2106181 -9829818557 11064521 78991101 18197553 648251218 -281418647 -1436090 -161136403 -391522798 -4715049 -181261879 -5345469720 9757002 1442019777 379363585 -5828821 -1124458 12868194225 -5530449180 1518428416 572026142 5461032833 348820573 -70194855 35524356 722032304 795087995 5151151513 -22936486 1389763117 -279380769 155173826 -1402626 -2899856920 -1402821 -23834833 
54 48 56 59 56 52 56 53 58 49 52 56 53 53 58 59 47 48 47 47 60 54 46 51 50 56 49 52 55 50 52 59 51 59 50 52 57 60 48 50 47 51 49 59 56 49 49 48 53 56 57 50 48 57 52 60 54 51 52 54 56 52 51 55 46 48 54 49 56 54 46 57 58 55 49 50 55 58 58 46 53 48 47 53 48 55 53 50 58 53 49 49 60 49 52 52 56 55 46 53 55 48 54 59 51 58 54 48 48 59 59 56 57 59 55 54 52 56 57 59 51 56 56 54 46 58 46 51 
29308 -11321 12850 -9063 -6380 18667 -29910 21201 30253 12728 14825 18301 30867 7570 -25109 24864 -12266 2669 -14404 -21842 25569 27589 8506 -19640 -21194 14333 12244 13276 5442 5877 -30088 -15484 -15887 -9768 -7827 3922 19606 22056 22904 -18902 27329 4463 -1792 -6021 -25954 12414 -14639 28703 1379 14395 -24329 25435 13358 -21169 2158 -1307 18140 -17261 27364 -2007 -2969 17012 -12496 -10166 -13696 20844 -11463 -22301 -21277 8227 6647 28826 13483 28292 -9604 -4671 -4996 28445 16735 -26793 21056 8371 16089 19219 -12857 12761 29992 -18774 -31043 -6448 2336 9216 1035 25211 -10134 -13462 16024 -27627 -20871 -6116 15942 12611 28490 -7232 -2006 20652 9713 -22449 25928 5968 12066 26674 22054 -15290 -25816 27036 -18701 1235 4005 -32634 7921 -23658 -32659 -1754 18538 12053 -10399 27084 
1293384 -12382827 -19218063 4845786679 163284240 3124198 140033638 10708464972 -19206570 69865850 -1358321067 6084492145 6056593062 183161300 -1317614 12826577724 -10375521552 12311310 -1346510 11115216181 -82023639 -167266097 -1218753641 356072497 -2862168 -1068049 1215994 371372827 729611917 -184743674 1497846 4829980 -2775372 -5359312897 85183020 -5549798 -18074807 611434593 329960284 -772420909 -2260088602 -4609960070 1114052 400902340 -2496888593 627131890 -22749484 10647770842 -1431334 -1198028648 8892296 -388009481 -2463533311 302498232 2731937 -38513220 -1265438805 648414269 5378959641 -2559282105 -5810054177 158973927 9860066352 6053806 5367496 -3095809665 25110377 185336409 21923162 -1082353450 -2931361539 5985096815 4532703258 -1148675 12537587 139189794 2717048 10969526872 -1168979775 10935231 -319215077 -1148737797 17410315 -166500856 -1537464 -2924938177 24825394 309943487 -4619733511 -153397524 -4718675 11358255 69930649 12179233173 2296803 2446880719 1177945645 1420157603 1451507075 23752835 763011723 -2959906113 -8835926591 -6145905 1552979 -1135185 -163667323 8823344 -6174049 339963489 -295965000 5819715 -2592877348 -2613717928 -626142468 -9785216 -1261249 -37680683 -187833404 -37421386 22369260 -24079888 -1410561 -9099032 1055544 97112348 2194391 9999264180 
32 35 36 43 39 33 39 45 35 37 41 43 44 39 32 45 45 35 32 44 37 39 41 40 31 31 31 40 39 37 31 33 31 42 36 32 35 39 38 41 41 44 30 38 42 41 36 43 30 40 35 38 41 40 33 35 40 41 42 41 44 38 43 34 32 43 34 38 34 40 41 44 44 30 34 39 33 45 40 33 38 40 34 39 30 43 35 39 44 37 33 33 38 43 33 42 41 42 41 34 40 41 43 34 31 31 39 34 34 39 40 33 41 41 39 35 32 36 37 37 34 34 32 35 32 36 33 44 
-12814 -14433 29060 -22898 -14093 -22397 22429 -11999 -3728 27043 -17248 11256 723 15607 -32134 9389 -22099 -3654 8505 29302 -22479 32465 -22542 -15192 27226 16633 -5501 27750 -4325 256 14096 -87 -17710 -29395 -7604 5133 -24528 30445 -25399 5709 -27676 4498 20327 -14104 4657 -30575 -22213 32179 5966 10131 4342 -28987 28914 -28930 28887 19889 -13330 31122 31481 -8034 -8540 -14686 -14779 27675 32637 -8457 11196 -31391 30968 2302 14500 -29052 -14153 -32587 -5802 18069 -20447 -9340 -28782 -28254 9522 11748 -31193 4182 -6492 12874 23453 -25916 -9748 -20630 5914 12957 6890 2226 3944 4440 22469 -8970 1470 4604 -27399 -26278 10001 13450 -14217 12596 -14216 9475 -23269 -21076 -13019 -3969 4061 -15809 18470 -32083 -32060 -6089 20912 5907 -13546 29865 27683 -20061 -23814 8411 27161 3330 
-13 6 1 0 -4 3 -1 -23 -5 0 0 -27 12 6 -15 0 -44 1 0 1 -6 -24 84 30 -3 0 -23 17 0 1 0 4 0 -65 -7 0 0 -45 -1 32 0 0 2 41 -3 -2 -27 -5 0 0 -6 -10 33 0 19 0 0 1 12 1 -44 -84 48 2 -1 0 0 -31 13 -1 -2 -1 -109 13 10 0 -6 0 5 0 -2 -49 0 1 0 -1 -3 5 0 0 0 0 -5 1 -3 -26 48 0 0 3 0 -17 0 -2 2 -44 0 110 1 47 0 -6 0 0 0 -15 0 19 0 0 -2 -12 -8 -1 0 0 16 0 966 3235 -1216 1 -4876 58 15789 -11466 -2 -1752 15 -1658 -87 70 -369 -114 -4044 3 13172 -1576 -13 12 66 2107 -5 9 -3138 218 4 -7861 -372 -22541 9 -16705 10 -5 4505 -8910 -136 -2764 -11 59 1394 -46 188 397 -3136 -3 -13922 -4 -84 -169 -111 0 -70 90 -383 110 -6388 -439 384 -53 -5 64 -55 -13159 -7 1587 -310 -22763 5363 -7523 1449 -155 -1086 -45 697 29 -17143 2432 -160 -52 1967 1924 5187 7 26 -1372 178 4 -44 122 -6 -17 80 -12 231 -1752 -10218 9613 6936 -8203 7336 -4414 -602 -2822 -1053 -18 -46 2208 -180 -5178 -511 150 -423 4626 5 -1659 6258 -14 -2466 -17 3113 -1517 -8 51 -4335 -57 0 1 -3 0 4 29 0 0 -1 16 0 28 6 -9 3 0 0 1 4 4 -1 1 5 6 -4 0 0 2 0 0 0 0 0 -1 1 0 13 0 0 4 0 0 0 23 4 0 -16 -16 0 0 0 0 -8 -1 0 0 0 16 -5 -6 0 -7 60 1 -18 0 1 43 6 5 0 13 16 -1 5 0 -2 0 10 0 0 1 -17 9 0 4 0 -1 0 1 1 -13 0 0 48 0 0 0 0 14 32 0 1 16 -19 0 -25 -1 0 -69 0 0 0 0 0 1 0 0 14 -1 0 0 -5 0 0 0 -27 0 378 1887 -46 524 2041 -127 55 -31 0 -1041 -3699 -375 -178 -41 22 4 -137 3704 17 -24 0 1124 -7 250 -492 -233 90 -354 567 -1519 -2 17287 2 -3472 -187 -27 324 -4 -17 -1733 119 -898 1 3721 1760 -2 -4099 13375 -15 -1 246 -76 -92 -141 -357 8150 15 -8 229 -962 49 -7 2097 0 8737 -48 -416 -1818 355 -115 -209 53 168 -46 61 1826 177 450 509 -1126 4 68 -6 -1280 -22 3121 -2 3 -622 2 2 -5343 662 -14 -253 -86 8027 163 -175 727 381 443 349 -3889 336 23 -175 8 -38 38 136 16 -3730 251 -8252 -4758 15 5 -19 -2 -11507 183 -210 1249 165 11 -2993 -1660 0 0 0 0 0 0 1 0 0 0 0 0 0 0 0 0 0 0 0 0 0 1 0 0 0 0 0 0 0 0 0 -1 0 0 0 0 0 0 0 -2 0 0 0 0 0 0 0 0 0 0 0 0 0 0 0 0 0 0 0 1 0 0 1 0 0 0 0 0 0 0 0 0 0 0 0 0 0 0 0 0 0 0 1 0 0 0 0 0 0 0 0 0 0 0 0 0 -1 0 0 0 0 0 0 0 0 0 0 0 0 0 0 0 0 0 0 0 0 0 0 0 0 0 -1 0 0 0 0 0 40 1052 0 -2676 -26 3 3993 15510 -5 459 2 -6479 5735 597 189 4 -114 116 -5544 31 0 -2145 8 -24 42 -24 -5122 11 0 11705 -101 -3668 3548 3222 699 -356 637 -169 -5053 10992 9081 30 651 -340 3 -1454 -135 139 -16695 28 3351 -95 611 95 -20546 -10060 402 -1275 3162 4260 7531 -23841 89 -118 676 2443 -9 23 -6832 737 -3 21 5 52 403 -27 -1 394 731 102 2414 100 -397 -3241 -35 -142 -10 -1773 -27 10 -3 -9 -1557 2830 -167 -246 -91 -27 -6 -5 15651 703 7135 -61 -16195 -3520 -58 -29 -76 15 -1 5 -38 0 -225 2800 -76 35 -3452 -242 -3328 -1631 3823 -9 3706 430 199 -4 0 1 -1 0 0 0 0 0 0 0 0 0 -1 1 0 0 0 0 -2 0 0 -1 0 0 -2 0 0 0 0 1 0 -4 0 0 0 0 0 0 0 6 1 0 0 0 0 0 0 0 0 0 0 0 0 0 -4 0 0 -1 2 -4 -2 0 6 0 0 -1 0 0 -1 2 0 -1 0 0 0 2 -1 0 -3 1 -1 0 4 1 0 0 0 0 3 -1 0 1 0 -2 5 0 0 0 2 1 -3 2 0 0 0 0 0 3 -5 0 0 0 0 0 0 0 0 0 -1 -3 0 0 0 -2 0 0 -2 0 685 4142 -1479 -395 2 -316 164 6325 1 -2429 7485 -3004 646 -884 861 6821 -4626 74 -4858 -13 13 -434 -12 -622 784 602 4 -161 -279 -155 -122 -71 -6147 -32 -43 -23 6102 9968 -4700 -16 10485 1055 -598 -68 -76 121 5502 592 -289 -473 -11 7498 -157 11 5849 -5416 0 16929 -1454 -4822 -61 -19259 -87 41 14770 3670 444 3238 3 17 -247 -6293 8145 -1 -24 90 -464 52 4028 -1150 1439 1416 23 -1132 -1683 2588 6 -84 -3 52 -231 -9 -253 7335 620 11 19 -25 -2790 -1094 -58 3335 352 -5416 -3 -131 -722 -12947 -2146 -63 -18 1527 96 -5 -1514 6410 -32 8694 569 3 104 -5 -2 -523 1309 -19 313 -6652 0 0 0 0 0 0 0 0 0 0 0 0 0 0 0 0 0 0 0 0 0 0 0 0 0 0 0 0 0 0 0 0 0 0 0 0 0 0 0 0 0 0 0 0 0 0 0 0 0 0 0 0 0 0 0 0 0 0 0 0 0 0 0 0 0 0 0 0 0 0 0 0 0 0 0 0 0 0 0 0 0 0 0 0 0 0 0 0 0 0 0 0 0 0 0 0 0 0 0 0 0 0 0 0 0 0 0 0 0 0 0 0 0 0 0 0 0 0 0 0 0 0 0 0 0 0 0 0 36 1038 1 299 -215 -9 -55 -1 -48 57 -13 322 -42 89 -1 29 -702 -353 -1 -1226 -4 498 -1947 -12 4 0 3 -31 -26 -309 28 -99 70 -1883 -733 -1 -248 1429 2 -613 -89 5 14 969 9 -37 -735 -133 2887 177 -252 13 -16 -3 -33 -49 -2 94 62 -104 -2005 4 -58 0 12 13 -1 -5 -1 -161 3 -79 620 -6 -61 -30 -203 0 41 -767 -911 646 -154 0 687 1218 -142 -1561 942 59 -2 -1582 -2 1035 -4 -110 7 -17 35 -1588 -3141 374 2 10 78 -9 -1 -2158 -4 4 -3 3 330 -27 -134 -4290 2335 0 -1 731 -47 39 -59 -446 -251 -34 -1418 55 0 0 0 0 0 0 7 1 0 0 0 0 -1 0 -6 2 -2 0 3 0 0 1 0 0 0 0 0 0 0 0 0 1 5 0 0 0 0 0 -1 9 0 0 0 0 -1 0 0 -8 -10 -1 0 -6 0 1 0 0 1 0 1 0 2 4 0 0 0 0 0 -1 0 0 0 2 0 0 0 -2 0 0 0 -1 0 -1 0 -1 2 1 -1 0 0 0 0 0 -1 -15 1 0 7 0 -3 11 0 0 -2 8 3 0 -11 0 0 1 0 0 0 0 0 0 2 0 0 0 0 0 0 0 1 0 -1 0 -56 -85 0 16 4 0 -810 0 -1 -123 1 500 -5 7 2 -1 225 -6 -1 -41 5 5 0 0 4 -1 162 2 0 -1 0 -33 0 0 1 3 0 185 2 -37 546 -1 0 9 -4 6 167 -112 185 -22 -10 93 -6 130 42 725 1 -83 -458 290 -119 17 -341 29 101 -2 -1 444 186 -22 16 12 81 -40 1 -22 80 -1 63 1 7 -253 0 32 -1 -48 -28 -1 -297 -19 -30 23 -53 411 0 -1 -1 1 4 -854 -20 128 -282 0 184 14 -1 -7 -3 -242 12 97 155 -3 28 0 32 -51 -1 -144 -12 162 -1 -32 -7 0 -459 2 12 -4 9 -247 -47 5784 -5115 -3987 -3308 -86 1188 -11638 -26 10 -9 -16 10700 -6649 -9 436 6 -1933 -2364 56 -49 -1845 14 6 491 -3502 -140 7364 1899 -255 -1182 -1 2701 -757 69 -68 -2377 2 111 -2566 16477 -2086 159 9 8928 -1 -3094 -32 219 848 -3670 43 -1062 4 -41 -94 4206 12169 -24 -339 -7200 202 794 -443 6 -8218 4030 -685 18 2844 778 214 1580 5 -243 587 -338 -12 398 -2 3 52 480 4039 -6116 -221 -795 42 2 -940 978 -1067 57 -588 -3883 -118 6793 82 -2192 -73 -2874 -32 -162 -6973 143 -267 11 -1841 -1637 -81 5 37 -34 736 -12 -3203 -93 588 179 -246 126 483 -10316 6330 -1290 -28 0 222 837 -11 98 -2 -694 -888 -135 8 36 -65 1376 1 7 117 -26 31 21 103 -96 -148 -2671 -552 -1 -442 -335 34 -38 36 -8926 -54 -1 -3 301 -128 -418 -9833 -2919 -1 -637 -108 7 12 2287 -92 -3507 -59 -3 1659 245 -10 10 -567 2 6477 -215 849 2598 2738 40 0 111 -384 231 467 -12 15 -2648 6770 5 804 29 -749 207 -1 -2867 65 -15 -47 -1105 -1194 7955 -111 -8 95 -123 -19 -103 19 -4 -2 -8171 -7 340 0 83 -10 -3 -92 -116 56 -2823 -1600 2817 152 6749 -10 -112 7 3 0 -6 -360 2 5569 -4870 -27 2439 -289 14728 1075 -2 -1 -32 -547 13 0 0 0 0 0 -24 0 0 0 0 0 0 0 1 0 -1 0 0 4 0 0 30 2 0 -3 1 2 0 2 0 11 -1 0 5 0 0 -6 -8 0 -45 0 -4 32 0 0 -17 -1 1 0 0 -2 19 0 0 -2 0 0 0 2 6 -1 1 0 -1 2 -1 5 0 -1 1 8 -26 7 0 -7 0 0 0 0 0 1 0 -2 -1 0 0 -3 15 0 -1 3 0 28 0 -8 0 -1 0 2 3 -15 -12 6 11 0 0 -1 13 -19 0 2 0 0 -1 0 0 1 0 39 0 1 0 -14 0 0 1 4 729 -129 1 -7 -140 -2127 3348 178 -69 -2860 117 -14991 -115 -6 86 -1045 -13455 9 14868 70 38 58 -2778 -22 48 -334 -1965 -76 1 4248 6 -373 5638 4564 2 1 -2605 134 -4029 444 1264 -2 20 5053 6 -2264 -7 -26 2191 2635 50 -5 56 3154 -4062 14877 210 2545 -267 -7819 -31 1669 920 13 -3042 -5142 -1 11 1368 504 2527 -2025 -234 1215 21 -2755 -32 206 -518 5676 -110 6907 6533 171 20 753 -3 -11 -2934 -10 10 10 -123 -4 -4541 -980 3 39 113 486 6 -2867 11932 618 -5669 61 29 306 400 -5618 -8 -2239 -1508 30 3836 5935 644 1460 -4 254 -5 153 -328 414 789 -679 -6172 -912 0 0 0 0 0 0 0 0 0 0 0 0 0 0 0 0 0 0 0 0 0 0 0 0 0 0 0 0 0 0 0 0 0 0 0 0 0 0 0 0 0 0 0 0 0 0 0 0 0 0 0 0 0 0 0 0 0 0 0 0 0 0 0 0 0 0 0 0 0 0 0 0 0 0 0 0 0 0 0 0 0 0 0 0 0 0 0 0 0 0 0 0 0 0 0 0 0 0 0 0 0 0 0 0 0 0 0 0 0 0 0 0 0 0 0 0 0 0 0 0 0 0 0 0 0 0 0 0 48 74 -15 396 5375 -8 -1989 -2359 34 45 -10 -2158 -14 7175 832 4 -108 145 -1266 208 -12 673 7108 15 6 81 -31 502 323 -38 -22 -1161 -11 75 1098 -8 3953 686 -35 1891 -4957 -120 -6614 2618 -6108 -3924 -387 -260 -220 103 -3944 1918 -132 -2822 2341 149 -5 -298 86 25351 9 -5801 -14269 8 4927 -700 -4 64 -39 -14 -1782 4 9433 -5472 -689 -3 -21 -70 233 571 -8375 122 65 -2446 20 49 -504 -5 2418 -1 -1169 2111 -5 359 31 -17 -276 116 -98 122 -5 9 -5627 -11462 -4629 38 165 187 -14 10 -33 -161 503 -61 1151 -4531 126 -18 3555 -599 85 1 1629 -333 -41 -20 19165 2193 0 0 0 0 0 0 0 0 0 0 0 0 0 0 0 0 0 0 0 0 0 0 0 0 0 0 0 0 0 0 0 0 0 0 0 0 0 0 0 0 0 0 0 0 0 0 0 0 0 0 0 0 0 0 0 0 0 0 0 0 0 0 0 0 0 0 0 0 0 0 0 0 0 0 0 0 0 0 0 0 0 0 0 0 0 0 0 0 0 0 0 0 0 0 0 0 0 0 0 0 0 0 0 0 0 0 0 0 0 0 0 0 0 0 0 0 0 0 0 0 0 0 0 0 0 0 0 0 -387 -267 0 0 5412 -2617 107 -38 1 -4844 115 7023 -108 3498 -1743 3217 1417 -17 -112 7559 787 -103 -5179 -10 -1062 -1958 164 -2025 18 -73 -62 72 -66 -96 -1113 -1 80 -8921 5342 13233 -19099 1333 3 -14 -57 -12 -1481 7 -97 -646 11 -2059 -10587 5 8155 5039 594 21 -9062 254 4313 411 11 132 -621 19 -18 12271 59 -527 -7114 -4173 -7 -56 3 -2697 0 -14 4031 402 56 5025 120 -733 74 129 -15 1785 7463 970 251 -6 -1046 -8 1540 23 -18 -809 -3754 -7296 -75 -3928 -85 -35 -13764 195 3464 -10008 -641 2068 5 4103 1182 -3 4978 -15289 51 -2 2919 9426 325 159 2668 5338 -2 79 6971 8 159 -89 -13 3 21 318 3826 302 566 3151 36 1885 -1756 8 16611 -7408 5 -6 117 1149 21 -5964 5308 -79 1585 1 6309 75 -9 -23 -303 790 -45 122 512 -1155 1 708 -614 118 31 1416 369 -252 -8210 1 17110 -100 59 54 69 179 -75 -1292 14 798 -804 167 7106 -121 -10680 -3041 140 6 -774 -2 0 2952 9627 5 -52 2816 -3617 318 -7 -834 1595 -1 -82 1365 -5988 86 178 -10 22 1459 860 50 -9500 349 211 -1354 105 204 8012 -1701 18 20 -52 -8296 96 377 6169 -7121 -2 -3 1921 -5 -8035 285 -171 5202 49 -3 -6047 -298 -4380 7 -41 226 -39 1855 -49 29 -3 522 -745 3 0 9 -5 19 -73 3 -28 -51 -1 -466 46 1 119 12 1674 -13 2 -295 -19 15 -96 2 -15 2 -59 -1 3 104 -2 942 -19 1 -683 -129 246 -107 1482 4352 1815 -1516 -387 312 -1 -825 779 -180 -31 -506 -171 2 309 5 2 -169 9 -38 -7 66 689 1 -453 55 4 8 1107 131 2 40 5 -168 44 -76 -26 -41 0 2 173 0 -1 8 -30 1 -11 -2 610 -1 64 -1474 19 272 -1 1673 543 414 -7 -13 9 526 667 739 -1384 24 7 -315 -232 1067 1692 320 -8 -41 0 -3 -387 1 -83 30 1478 -897 -3065 400 3552 41 60 45 219 7 -11 -6 0 0 0 0 0 0 0 0 0 0 0 0 0 0 0 0 0 0 0 0 0 0 0 0 0 0 0 0 0 0 0 0 0 0 0 0 0 0 0 0 0 0 0 0 0 0 0 0 0 0 0 0 0 0 0 0 0 0 0 0 0 0 0 0 0 0 0 0 0 0 0 0 0 0 0 0 0 0 0 0 0 0 0 0 0 0 0 0 0 0 0 0 0 0 0 0 0 0 0 0 0 0 0 0 0 0 0 0 0 0 0 0 0 0 0 0 0 0 0 0 0 0 0 0 0 0 0 0 -12 19 -340 -2 -12 -9 1793 -40 49 1965 36 1804 28 591 1 365 9 -67 -753 3462 1 -1436 12 -16 -3714 -305 -101 2704 -19 -33 54 -9 69 10 -137 -301 3 11061 -10 -485 9 -43 2182 -108 -560 -1 10 12763 -2453 -620 107 5 -10356 0 2987 -8158 19 2660 10547 401 60 -78 -125 106 14734 91 404 -3 6647 -536 -2454 -2 -35 2 -31 388 -1 -8 10 -4 -2886 -1962 -2 -70 329 -480 628 -6 77 4 -54 2215 107 662 226 140 3257 -14 136 1547 -5 17 -3412 -1739 -88 -1257 33 1447 8 -25 2 -68 -520 2 -6751 1 1 106 -6492 -315 -175 -4358 -2965 9 -1 273 2617 157 
3 10 0 12 12
4103 4418 6370 6370 1904 6488 5386 3418 7978 1582 495 840 5636 3521 7930 5912 5704 4534 7005 5248 4290 6945 3018 3327 6725 1969 701 4651 5650 3343 4554 4822 6568 3684 3926 4503 719 5348 1120 1547 527 2470 2536 2831 692 6918 3919 2732 3336 7632 4316 7647 2625 4911 6718 6813 3892 2761 3894 4868 6353 4465 4968 313 2091 3889 780 1004 6921 1511 7356 6537 2623 1201 3302 4326 1714 3076 1067 1189 1364 1865 906 3940 5628 2558 4441 6483 7599 1481 4194 7826 2466 5436 4458 7195 693 498 5157 332 3746 2091 5138 1973 4929 3939 6908 1804 6785 6905 1490 4420 995 2565 5186 6874 4069 2387 5962 6935 4767 7394 6636 451 5119 1728 5824 3076 
-34067194 153824364 41500163 2818553963 -8803279516 1248583673 6104066 -289215543 -2593395483 -84766871 11178887 -10649550 70843144 11776396423 -3059336 -2478655 626018721 9053260898 632942400 1171701849 5648449906 -18855687 11328490 -1319039 -1484976676 -2200015 -192073604 5205287190 -309211642 -2835945 -11335906244 -11827183888 330115616 5090396 -721195203 -80282060 -797177769 8650919832 -10029708 -547704755 9277802910 -11285600 5355783 156746761 -94635489 -395509544 -10923916490 8531096 11604901403 5687675 2180914674 1551583211 -4839773079 -5301711788 10242220 2532524 -5515800 -82566438 -69017684 -1135918 282494060 10164677 -2157718 -2221787623 -2222697307 -24828166 -12080881149 797434284 39167201 5779894 -4295227458 1379165 -10516015 1580803435 10839749 -10417929 174464599 2383014503 2364994673 4447012827 -6306843293 21138138 2394226107 -1298201132 8754345 39842963 -2773667 -1435979466 704968327 613716950 -4469157 -4847874012 1583022792 9989645243 -83299510 -3033333975 11124891399 1474196681 -629361639 11646679 -2963732312 -11096275 -20895773 3066745 -9533182 10859620961 1478863 1246552548 -9549811 -67709800 -78329636 1560403564 42250134 -8414186 -4408455 -2439227 -1570903 19859973 83737538 -686151885 1393987674 2469094 12139325648 -90410400 -1075942199 1533931 -294349072 -42824622 
50 52 50 56 58 54 45 52 54 49 47 47 51 58 46 45 54 57 52 55 55 47 46 45 55 46 52 55 52 45 57 57 51 45 54 49 54 56 47 52 58 48 45 51 50 52 58 47 57 45 54 55 55 56 48 45 47 49 50 43 53 48 44 56 55 47 58 54 50 46 56 43 47 53 46 47 51 56 56 57 55 48 54 55 48 50 46 55 52 54 46 56 53 58 49 54 56 53 53 46 54 47 47 44 47 57 43 55 48 51 50 55 50 46 45 45 43 47 51 52 55 46 57 51 53 43 53 49 
25647 -4201 19329 24733 -3953 -31871 26919 -21848 -20252 7164 24841 13795 21806 19595 30222 -10772 12729 -24818 11938 -32085 6384 27113 -13149 11549 -3657 6637 12043 31700 1213 23132 12859 3381 820 8457 10971 -10327 -13616 1104 21219 -1397 16869 24198 2377 20785 -21870 -1073 -6456 20874 31117 -21322 -30088 20455 32402 27612 -18877 16875 24870 26031 20093 -3278 18746 29245 29218 -30803 -3411 24561 7333 -27633 16512 -2312 -17518 -469 -358 -30110 8634 -2552 7994 6351 -12395 -21850 19291 -28705 17992 23422 -13873 -18885 15435 -16329 -31681 5724 6396 -29779 -9795 -7296 -15888 -21954 -25763 26166 16698 -19349 7863 -15144 -29650 30353 -29476 17266 16583 26334 12272 -17180 -7350 -6323 29624 5791 -9910 21605 -13287 4216 -24421 -15990 20062 25177 -20181 -26905 -21471 -14477 2846 -22159 
-35129959 -5850179 -768265791 9673038587 366563679 -11144728995 -5600514655 3015353977 -2150544681 -38108404 -609426481 4474589 198732346 -366586822 149631431 -3045046439 10161047 -11903991 -552250125 -1186907473 -6280677 -2428088952 1433896172 -73750271 2790309 719325431 1224589 5280615694 9118229308 5980248 2844937308 19464597 1279160 -197611269 1114969 -4770586 294582631 148486239 -4391507002 -3213097879 2706610 -191840668 1599991735 -100492348 -5340242 6161477677 43908589 -272596715 -24625490 -2157203870 9437114 -2289792228 1193767534 35571433 -9874747 23982029 -757750141 40157453 -6121190 -1564228 2483460060 -544698262 188513646 -20875779 361811175 45458493 20593683 1089681522 5639291143 -10953427 -4865271 11000572593 -43659544 4987942 8679110 2610536 1107257701 5084169 5422032 5676618611 1247860367 -17338475 34499008 1100656934 -11434142447 -10758738 1123121457 -193759976 -5586389 -97426831 -8669581 1070572 -165920216 37328864 360073180 -11244901696 -9599945032 -86888617 145936494 19834467 10825487 -9717987 -2881944695 4650118 5185423 -70446212 3003703552 -9220186 329300507 9270999 -1397437793 5442954 1184760 8683100 -2265310556 393518468 -76286880 5660437 -10140747270 1117080380 2342350 45723366 -1266852 334739198 -149427083 -22289735 -4942469 11372231938 
35 30 39 41 38 43 41 39 40 35 37 32 36 38 36 39 32 33 37 40 32 40 40 34 29 38 29 41 42 31 40 32 29 37 29 32 36 35 40 41 30 35 40 35 31 42 33 38 32 39 33 40 39 34 33 33 38 34 30 30 39 38 35 33 37 33 33 39 40 33 32 43 33 32 33 29 38 32 30 41 40 33 34 39 42 33 39 36 32 36 33 30 37 34 38 42 42 34 37 32 32 33 40 30 32 36 40 31 38 31 40 31 30 33 41 38 36 31 41 38 31 35 28 37 36 33 31 41 
-28973 12521 27950 -25755 12755 -25109 -16609 -7994 18113 -8925 26987 -11579 10959 -30722 -20856 -23469 13888 1838 -10184 25007 17121 -10581 -12433 12195 -22752 32091 -8557 -15566 26207 15257 -4994 1463 8632 -16410 -13621 31844 -12661 -19745 -10296 22079 -23635 19444 -17441 2034 -7056 18287 17587 8145 -10053 21022 19237 27506 -686 -27226 21191 -14493 4649 26366 1710 -26372 23808 -22248 -29445 4460 -6392 -4610 -16516 -17941 -6362 -9538 -27521 29148 20272 14676 -32628 3797 21033 -17658 10292 16464 -28225 4787 13091 -1392 7369 -25840 18522 20791 -1758 24676 -9666 -22300 -25576 185 2614 -28766 20416 1349 12500 -32332 -24579 1065 23946 -22700 -16923 3861 -23689 4481 -11794 -22214 -30868 24990 24860 -32711 -5775 31708 -17289 31956 -25845 28045 32757 -32688 31705 15167 -22884 -1410 18276 -14673 
-2254190 150246565 -2943091728 96879155 339384091 -6404497400 -5039711771 8817792964 11159549 1305268 9843350 -87485457 11678956 5855318894 -2788456 -9702277928 9202886352 -38720551 11516793761 -2622584092 -296919123 3037692746 -156225280 2562269 -9680242164 -8937025608 1505398549 1258998 -1199315869 82477067 -4572309987 -5421594 -779996179 9206664403 -50099902 12257074 -5135684 137330845 -1180593 -12469726575 -1301091 136201425 178738819 1179625943 -9425655 -2309877853 -5628959825 2607359032 10285495 -1210422349 2635805 48478781 -642529444 -34499537 -381822988 22939446 11685094641 73402220 -10327618518 5222090276 10785134 6213396 -187020940 -683028246 -1599560123 -10638755693 -766769392 -9723520047 -3139880753 -1421822 2687119 -87951817 20627313 679686887 -8627410 1303871 73917293 2677805 -69247697 -20436288 -11772106143 -2826194154 -162891889 -3124957 -4345126 -10531306 -5983835628 -5851514566 1278114776 1575665578 -368534668 -3004921318 -21934779 6405065549 5057370339 -1488391 4706902936 -10376595299 -68216926 -8841710 10625817 -596799193 -17786848 -6434786599 -20903698 -2577364019 -83465334 86497528 12762498800 -18236036 -188291260 -9194842585 2407051 -12008240 650927002 -550586304 -2938376 -6140806 -39851360 1476264180 24241189 -1480814362 -74859057 18528465 -2517792 360175696 2881444132 -280403129 
44 51 55 51 53 56 56 58 48 43 48 50 48 56 45 58 56 48 56 55 52 55 51 45 57 58 53 45 55 51 56 46 54 57 49 48 45 51 43 58 43 52 50 54 46 55 57 55 47 53 46 50 52 50 53 47 56 49 57 57 47 47 51 53 55 56 52 56 54 45 44 51 48 52 46 43 49 46 51 49 56 56 52 44 45 47 57 56 55 53 52 55 47 55 55 43 55 58 49 46 47 52 48 56 47 54 49 50 57 47 51 58 46 48 54 52 44 47 48 53 48 54 51 47 44 51 54 53 
-32413 -12857 577 24080 29077 -18047 -22335 -2122 -19503 -6346 -8127 -28168 6042 -9744 -7535 -1323 -6290 20157 -1614 -15770 -32465 21511 6742 8604 -2078 -8283 -8307 13094 -32500 14118 -144 25137 -30035 14740 17914 7370 19339 24771 -28574 -25226 24437 -3222 23771 -53 -29955 14869 24687 -13492 -9173 18946 15063 25007 -10457 14538 9266 -13059 -14225 -31645 -28687 -5831 -6108 13740 15501 -9735 -9614 -25373 30098 18995 6935 -26559 31461 113 -24051 24057 -22255 9377 9174 -5707 -21903 -19131 20451 -1817 -24293 -12819 -17291 8130 32629 -30123 5998 10750 -19874 17216 -20060 -23369 -18203 1339 -25929 -32284 29468 31287 -24503 18401 14405 -2071 30535 3098 30719 -32725 7657 2049 -29951 30742 611 -24314 -11141 32063 -211 30840 -29898 11977 4941 -13477 -19825 -653 6513 -8768 -23429 1005 
-1448578801 177872075 2304282133 -752059643 -1529941 -1361910 5233045901 -2597624555 82447426 -802634901 375382522 -309417865 11232718063 -8774743518 -5589231324 -1151885155 4553953300 43305266 -401431577 -775721330 364018789 2547737 -86276364 40216907 -176645571 100589857 70958032 -323624069 -37559262 -1371151268 -620694978 -355302567 4336736643 -5771870363 9271061 154863633 -24690177 -1512316252 -2993478676 -4594648 2694499 -6055988558 -778842968 -5101851 745981707 83352519 -716298747 10688410 -18924405 177723803 -23050270 -10598068 5516320246 -182165741 4761246822 -2960075 172728984 73221664 -2568635887 -666054171 1177619828 5881511367 -5284643993 -11060976 -84366748 98766255 -571349824 -34275897 75079755 4628198 -1218873642 1289490 6356125560 730274505 35955113 -17928278 -90721440 -94149481 -9660566383 -35085873 -293146174 4499734 183842533 1430015034 -389039380 1345557276 -1109877308 -4851525 6052097212 -2529084847 -5883520 -21754940 3028916 -49429476 -49028623 2305813 -1247381071 5614493418 -8537383 40526669 -34215378 4845185601 -5594004418 1367594484 -10344758355 -1555301 -4381450960 8610972 1338652 -20083296 139571344 42484317 -195103848 1503114 -10146037142 -23837824 151938720 4365071203 5940280 671033947 4885460 2181309 -301745752 -72535646 -4321982036 41449227 138976749 4345358 
52 50 52 50 43 41 55 53 48 51 50 50 56 56 53 52 54 48 51 50 49 43 48 46 48 47 47 50 48 51 51 49 54 53 44 48 47 52 52 43 44 53 50 43 51 47 52 45 45 50 46 45 55 50 55 42 49 47 53 51 51 55 54 46 48 47 52 46 49 44 53 43 55 52 48 45 49 47 54 48 50 44 50 51 49 51 52 45 54 52 43 47 44 46 48 42 52 53 44 48 47 55 54 53 56 43 53 45 41 46 50 46 49 41 56 45 50 55 44 51 44 43 51 47 54 47 49 44 
-24996 9769 -12002 19383 -4682 7655 -18128 -15233 6562 -32569 -14017 8843 14860 29003 8816 -30775 19186 27272 24544 12566 21208 -32464 13754 3137 17649 23690 -26066 10583 -5389 19950 -15730 24281 20175 24261 -22363 6368 -14461 10278 3924 -9464 -12370 -6347 -1459 14199 -26380 -8376 -26173 5954 22845 -4138 -7688 21799 17105 -16527 -8331 -18138 3536 7933 28457 23439 -21814 27803 -13910 -18155 22645 15024 -733 753 -6905 -26064 25870 31222 4796 -7236 32078 -17106 20434 22155 30623 21223 29242 -26908 4179 -17699 32653 -17244 29858 -15257 24637 -4869 -19028 -7196 12328 28534 -8596 5889 916 15226 11107 -16265 -1513 24774 -1738 12049 816 -9347 -16093 -20481 -7559 -17124 22994 -31069 -31596 8685 -1037 -28546 18447 -21963 29082 -6901 17049 -5637 1325 15648 -6955 -14369 18705 32471 
-45269159 -49411751 -4451416977 6196241056 1173301304 2623947 2306603 1082882 4347878603 90575582 10312524 -11465491181 -16977001 -23929984 2169814741 -9626348 590302930 319266197 5125729191 19171066 -68794554 -8615934881 1096766 -709674683 3073101158 -23371773 -270634042 -1390095149 -8955179 20469149 -1561415290 -1404676219 1250027 -9131680 -1482699 -2650508 -24132265 -1425176 -4982659131 -279228155 160879876 49681350 -747812561 85074469 10533235667 -5261202587 3046950 -763589059 -1063507 -8655743 12560710745 -21074612 -5346837765 12215357324 -2735528 -5892151 2540936592 689947743 195747402 -22146318 -4494594 94657090 4350094 1536017131 -716122829 9056785 -188385838 358570125 6271317377 11374896377 697897906 21157978 -37838469 -2833389885 9505332 196365994 -380563971 -2797554 88499373 -271767063 545021260 324089360 -88861055 2970397 46350815 95888080 -1264352 11529744663 -585264352 -19738580 -9848172 47881989 9695425 -368211742 343047133 -10142780065 -367238050 198588222 -1478526306 -9551956 -21130600 -599112812 -43003784 -19074683 8514712 -175391118 -18418210 -9383503 5256795 -671334386 302375776 -396603978 -9760364283 136143593 -2610999656 68625919 1253596 330296959 35347229 -1103509335 -1341449 9786994415 3167791410 10748285552 -1437066703 -1073239 2758880674 752928156 
32 30 38 38 37 28 27 27 38 33 29 39 29 29 37 30 34 33 39 29 33 38 27 36 36 29 34 37 29 30 35 36 27 30 26 26 30 26 39 35 32 30 35 31 38 39 26 36 25 30 38 29 39 38 28 29 38 36 34 29 27 31 27 37 34 30 34 33 38 40 35 29 30 38 28 33 33 27 33 35 36 35 32 27 32 32 27 38 35 29 28 31 28 34 33 38 33 34 37 30 30 35 30 31 30 32 31 30 27 36 33 33 38 33 37 33 25 34 30 37 26 40 38 40 37 27 36 34 
-31402 -2120 -19292 -24132 -14827 -17852 -10884 -11571 19713 -11219 -12456 -1017 -29453 -5098 7007 -1331 28097 -31281 5846 -21781 -28042 -23717 -4026 562 -3528 -9798 -1445 -11887 -8888 14941 -8215 -7393 2534 19812 -9841 -11238 118 -20330 2799 30121 7488 -663 23886 25137 -28942 -18448 -11168 -32685 -3514 26902 24453 11162 25607 -5576 -16056 -6341 -7853 1857 -6848 10946 30000 -31280 10387 -32313 -31523 21613 -10113 -11043 -23156 -19172 -27211 17185 3989 -11891 30701 -22534 -21378 -4563 25113 27524 19726 8390 14009 -25340 17349 23970 -4192 -9744 -10025 -12904 -4582 13251 2587 -23296 13978 26120 -16482 -21116 15969 -27488 -28130 23805 -14719 -29561 -211 32447 -1839 -32619 -6543 -24900 6292 -6076 31057 9438 22858 -13128 31735 -12763 18264 -25856 -32509 -12172 28214 -28920 20933 17114 20912 24659 
-9929279092 -70661477 -2729468 -274381827 46679055 -12541048 25129270 314764759 23944035 1285889 11420206286 3036389862 5090987387 11141773335 -5426236916 -85089166 169831814 34843120 270875527 68315408 -12218594360 -9576408712 157785207 655871154 -5091441107 -1192807632 -734685737 2284034 5911039 303638609 -654453950 23683850 659806935 681393087 2129957 -9097984438 -20281536 2715678135 -555539273 -1391811639 -40006438 2844022 98963930 -4955904 9659211856 -1132648995 -11103165981 -12720669057 183965121 10524256402 -2639522 -24361034 -95313858 -152703015 -89940655 -5258155 -2680906 1182665 -84793133 606672595 -18838219 1600393358 -6222007303 -4557493 1498816 -17820158 -10036961 34078788 5010798 -8676610384 5234549 -6022858 -5136946650 42480481 82003999 -20011494 1253130 8591665 546010993 48443719 -1171605292 12333823 5150684 385798663 1150825 5345729407 25162850 9638933622 -5323924 166950908 -1135975921 1420714 1232330 305111797 11750186181 -75651402 317079805 -1423871183 4348856034 4588842 -22046111 350800686 -142367389 -36601749 -1400623428 -324827095 -3126826210 758569821 158166803 -2997879254 6169567 -5854749028 -1407825 -1377735947 268871392 -9509451679 2601469 -9476386 637301966 -18165012 68644734 -72532054 3141410437 185074862 11351046580 -139286381 134830517 -90112699 
51 45 38 46 43 40 41 46 42 39 51 50 49 50 49 45 46 43 47 44 51 51 45 46 51 47 46 38 40 47 46 43 46 46 38 51 43 50 47 48 42 39 44 41 52 48 50 52 44 51 39 42 44 45 45 40 38 38 45 47 43 47 51 40 37 42 40 42 41 50 39 40 50 43 45 41 38 41 47 42 49 40 41 47 37 49 43 52 39 46 48 39 37 45 52 45 45 48 51 41 43 45 45 42 47 46 49 47 46 50 40 50 38 47 47 50 38 40 46 43 45 44 49 45 52 46 46 43 
-3644 -16499 -24389 -25405 -2404 -1161 -13035 -9826 1651 22316 -4302 9181 -14723 25220 -15356 -23392 -24430 192 26908 -1237 20981 -14698 24306 24208 19991 -30864 24439 4848 -1421 9431 -14089 18980 25573 -15977 8629 30783 18263 10448 6101 -17750 24822 19303 14099 -23419 -13255 22185 11027 19600 30864 -23949 -25506 -6191 -27545 32283 -4928 -13791 4125 26241 -9821 -21523 -16013 -25877 -11515 29044 -1589 20320 -5572 26866 -24628 32535 -70 12314 -10483 -13673 15399 25676 7183 25114 1662 -4643 -13962 -14811 -13174 -8982 -29400 -19811 25282 30262 -8778 -17696 -4021 -13721 -16419 15320 -5751 4579 6781 27623 -9498 28172 -12133 -10725 -29479 7045 -6949 -26200 2825 -10012 22469 -22188 -14099 -31452 -9544 -20306 -24258 8297 24803 -7881 -11599 10926 -379 -28111 -7742 -12848 30601 28463 27967 -20017 
1303060 601906594 -10251056 -2835065932 -2458928 -1064289 -5292530495 -40210501 -2572875 754375109 23647343 156915769 -179730168 -1320323809 9956643314 -5828140669 570285343 10276936 10936696 24677920 275547364 -40564569 -1218292435 1426505 10872498 21118212 41166425 -2726086 -8696909 -165714193 151281552 -1512834 -201192175 2716418690 -12831990477 -4755536 314488854 -2273674797 -17160577 -1051898 179131254 84969967 -9301219 5065042 -2099668 1436930420 628894292 -77993345 -194014306 6271241 -2200467 -184175292 -23408819 -10749741 -1325835 96448759 4981948 2763418 -10394082 5984408182 1518332 5381367 -2596497 -10834128247 -272634370 -711200981 24682270 -4678801 5966258469 -196406826 1279756922 -2197799 2801293 12518950 2459589740 -71264726 196283070 68968588 -9453181729 -43476411 -20795264 2935138 -10843080859 -1120262 -5799020 -34422676 179558635 5017843859 -639359768 45936538 24886066 -12020072 -9407141752 10628812 583384687 -22880442 18568826 3186602733 1242456 -1197287 10427993811 10080926049 33825469 2175692792 -610190912 -4506268 22948039 578115869 -6016480011 -557030250 11772088362 75193890 2632582 11185653171 17086864 -5818653 -1479228 99023510 -4973549 1358198 -1055629 -2773569 -1284299 5046938 278474050 24073298 -88996512 -716927145 
23 33 28 34 24 25 36 28 26 33 27 32 30 34 36 36 32 27 28 27 32 28 33 24 27 27 29 26 27 30 32 25 31 34 36 27 33 34 28 24 32 31 26 25 25 33 32 30 32 25 26 32 29 28 25 30 26 24 28 37 23 25 24 38 31 32 29 26 36 32 33 25 24 27 34 30 30 31 38 29 27 24 37 25 27 28 31 37 33 30 28 26 37 26 33 27 27 36 25 25 38 37 28 36 32 25 29 33 35 34 37 31 26 37 27 26 25 30 27 25 24 24 23 26 32 28 31 33 
10081 -23005 -12967 2446 -12354 -7293 -11399 32699 1940 28434 -14192 -18393 -22947 27413 14823 -28891 23576 -10584 182 -15337 22902 -7366 -9254 -4602 -32396 -29859 9919 -25854 19352 2239 -23409 -31195 26119 7465 -12176 -20905 30449 -17586 -23613 -23745 -26027 -5675 -23160 -10020 20388 -14300 3236 -24716 -32514 2536 -2234 -12218 -10454 -13990 20538 27831 -401 -29907 11909 18073 12105 5295 2444 -26248 -13149 -30971 -25700 24810 27232 31615 -14130 15002 -30149 -1886 16329 -20280 17837 12300 -9116 31568 -14123 -11471 -24819 25535 -16128 -28995 31708 12630 -14545 -1804 -31086 -23583 -21083 -7509 -5636 -29060 24624 -4897 8420 -16572 -11239 -19572 20570 13755 -13501 5807 16216 -6 -3659 16654 -24774 20578 -467 14018 16948 -26105 -22944 -4951 15141 8072 -4154 -24100 -23695 -19642 -31187 -15555 -25279 -14539 
24020174 19073749 -19839806 10262857 -24357355 -100580062 -49364262 -12689120588 -5055402 -3124279 -1543306056 24001537 -1134820965 178103976 -2980618616 4927221511 -1535010 152343591 -11639726731 35732043 -96688631 197572586 -715464577 5791369626 608776805 -1410760 2106785 1150627407 11220482 -23702831 -36285638 8657098563 -6361826103 -2135622 573768369 5353433527 2719382 -730727455 -349103479 36743742 -5912965 -20971863 1348814 1288560648 -6050800 23994827 -16947456 631581943 -648631995 4885402 10983146 2695915469 1584047920 1375804 4862371744 -5981446 -9445481578 -3062593478 5323474 -1466851 -20639795 -17176272 41081176 -144842400 1470378684 12603916106 680924987 9090518 9378674 1295786459 -5252739 -2129857 -1466235055 -2625180482 -43984614 45630636 -45374954 -12152433 -180313899 -317372241 -162403445 316681414 2423978 1560969984 -6036836 -83916492 -3191857275 10174368 -9086064 -45503701 -167076193 4812591 9904010863 -5180141 161164624 -42821439 -5970778 144671544 -5375421723 -183821577 -2548205223 24981316 -319393603 -19444591 1088987 8898747 11904685579 2146983 78437871 1084419 92782422 1319009383 662069675 -3141180 -10682117 1063812 635367092 -10241543 -5704983 393336044 -349383411 2513203842 -12700635382 -674655478 -3014461 39016947 19162375 -97329511 
51 49 50 50 50 52 51 60 49 46 57 49 56 52 58 57 45 54 59 51 53 54 54 59 54 45 47 55 48 50 50 58 57 47 54 58 47 56 55 50 49 49 47 56 48 51 51 54 56 49 48 57 56 46 59 48 58 57 48 47 51 51 51 52 55 59 55 48 50 55 48 47 57 56 51 51 50 48 52 53 53 54 47 56 48 51 57 49 49 50 52 47 58 49 54 50 48 52 58 52 57 51 55 49 47 49 58 48 53 45 51 56 55 46 49 47 56 50 48 55 53 58 59 56 47 51 50 51 
8656 25017 23627 16394 -7343 -30231 -18363 -30428 3282 15445 24246 22426 -22447 -16572 -2989 -14880 14173 27728 -12441 -9422 27214 23089 -29587 -7709 -11622 26946 15647 -29244 1574 5490 -24848 -22102 -16950 -4302 -19732 15276 27910 31262 -29558 21668 19179 -27055 21940 19275 -32082 18495 30348 2037 12328 3400 20737 -27835 8107 3756 32169 -24015 30977 27876 26012 -13779 -28858 5697 -11848 -14795 9143 23456 -6340 -27691 -28189 14887 -15941 -25338 -28221 -7272 -30024 -9643 26035 14907 -6370 22695 25630 19093 9801 -4409 30872 -20349 11302 -27649 -26573 23445 -3946 -2629 -15217 12224 -2928 -2004 4617 -21793 29581 25372 -32113 350 2062 -8020 18065 -20114 -8121 29895 -22456 7257 7992 24911 -23904 -8175 29575 6537 14659 25230 31772 3481 20598 1764 2890 16580 3650 -7517 -24218 12673 
44965771 39380163 1475555450 19662224 -568634998 23224538 -1401689 -17057058 -77759138 -6188255887 -48724540 -17407984 8677814184 9267057 2977187 99930452 -12412371 -20864852 1212514 -5219509223 -97527977 1088622 -5860798 -2773865446 -318579985 -22179028 629779684 1491022 -156889852 -1139992079 -43804748 9450332 176215548 9875368270 2571017 -396125812 -92162177 -5248787653 -6184283455 2500837196 -2341955090 179782438 24988052 2896773 45592574 2299420 400488077 8683106 4741877 383395817 -11256310 145897175 10818829 2556098942 288055178 580437565 5418327 321711278 4669163163 -380343739 -601571958 2908025 -12674132079 10756523168 -316320291 1120669 11630373 -4725208869 -39424367 -12309870 -36763429 -2426569 23238607 2801943166 1246366 11574721775 -668205776 6399428359 -4495415969 45967642 -1432133 4560448 11021336 -8970011198 -2535102287 -11890944 8901708052 2226893 17744605 -2204060176 1410541 5175503 -632502293 723352742 3062423 44043274 4796266 5252730834 147771878 47698914 47076250 20555995 -698713209 -8690051625 -10524770 -11125151 -89970881 -5643076116 2743715063 11591939971 3094513468 -10073898120 565036940 -278143516 9697272 159312827 711197225 94460174 -94170787 279854853 -185567295 9531827635 4494457 -36049168 2978659175 -35072218 2333160 11282049 
48 50 55 47 52 49 44 48 51 56 49 49 56 48 44 51 48 49 44 55 49 43 46 55 53 49 52 45 51 55 48 46 50 58 45 52 49 56 55 56 56 51 49 44 50 45 51 46 45 53 47 52 46 54 51 54 45 51 57 53 52 46 56 57 51 45 47 57 48 47 50 44 47 55 43 58 52 56 57 50 44 47 48 56 55 47 56 44 49 55 44 46 53 53 46 48 45 57 51 49 49 48 54 58 48 48 50 57 55 58 55 58 53 52 47 50 53 49 50 53 50 56 47 48 56 48 44 47 
32627 6940 -2408 -1490 -3277 -2017 29180 -16886 6535 -32622 -14277 26214 30713 -9681 -29497 -32346 -28887 5428 14626 16001 29836 -3436 14735 -31210 12143 -26555 -13819 -25910 -14773 15204 26160 -8835 29924 7687 11132 -25485 15869 -22028 22127 -22047 -31540 -31466 -3344 -3184 -32042 27646 -30442 4447 18969 6378 -9391 -3020 -2456 -6957 -13235 29430 19108 434 3297 28240 13919 13414 22228 25852 -6351 -779 -19845 14537 6560 27286 -8983 -12215 -10571 19424 -10744 4237 26369 -26388 -334 28942 26799 24954 -6817 -31629 9613 -11806 14450 18460 4970 14853 1688 -3600 -15818 3381 -18701 -8319 -2644 -2505 21707 21242 -15141 -19970 -9267 1506 -27574 16306 -15266 3468 -11497 12977 -25432 31744 28725 7782 -12249 16088 -533 -7545 -29791 10117 -22819 7140 9252 -22 -23028 -5634 11678 -11562 
11639382 25042885 -9031477528 12753787529 -4802175606 -4595249456 -1223046 -1146587681 -2669153 -4810676 -5438834113 -9668306037 -276603464 76990713 -21858278 -10702032 -5913360 716545221 -1175033 -1341620243 -8983157094 -2780239 3161709443 1194683 -298936545 11154349327 24623409 274668356 -5233054034 85517997 5527218 -10735462360 -38781087 -607132260 -302704666 -6270661206 -752035588 -11081955762 -22161568 47421686 1540313 11067100714 9401668 580169553 23337364 -1061219 -36129940 -3097995462 -1379427 6309013847 -1532104626 -199394671 -1173671 -4820526029 11847718 -1436951334 -151089975 -1265488634 614168782 -12416594 -688653548 -352831112 2631597990 -1228656 -5643343 150111955 5182305 -40724946 82585910 -1080543519 -17601608 -1416167 22211471 -33899530 -9467222390 -2501188 -22222043 1493966037 -1098628 -47702765 38449844 -361008449 6111392 -10540279529 -705058092 -9842548486 278555243 -34441087 -1158534430 -1280514930 -1547144629 2295384266 -2994268990 2667242522 -38849757 1085067 276167919 -12042565781 1479805730 49394280 2889258 48213981 -2465951 5440684 -1291762790 1103852 4815856 9208198 5220089661 -1225817117 9797720 -587554538 -1421324 -3114909598 373137814 1119243113 4579296 -1085896 -9107519987 4802943 -4338228 9908078 70440986 5515059 -371519095 313765787 -20314138 -5124830 
46 47 58 57 57 57 44 54 45 46 55 56 53 51 47 46 46 52 43 55 57 46 56 44 51 57 48 52 57 49 47 57 48 54 53 55 52 58 49 50 43 56 47 54 47 45 49 56 43 57 55 52 43 55 47 53 52 53 54 47 52 53 55 43 46 52 45 48 50 53 47 43 49 48 56 45 47 54 45 49 50 51 47 58 52 57 52 48 55 54 54 56 54 56 48 44 53 58 54 49 45 48 44 47 53 44 45 47 55 53 46 54 45 55 51 54 46 44 58 46 47 46 51 46 52 51 48 47 
-16425 10760 -4765 9620 -11715 31035 -7258 14023 -13129 15404 15408 -24155 13061 8546 -1960 15559 -24833 -18636 16605 -9844 -14029 -20376 -27516 -14282 11320 5732 21560 -3735 9040 4403 -7332 -23635 -19537 1942 31961 7400 -5872 -7533 3207 -6427 -13943 16083 15117 -22272 16993 2751 -22024 -3420 -16966 16521 4347 -8238 8398 16242 20397 -15123 16678 -22922 455 457 -7395 26673 7994 -10626 -13933 -1357 -20498 29011 -19023 26582 -15273 7365 -4279 4589 -13724 7071 -11225 17336 19917 10128 -2949 8061 8813 27866 -4277 -25431 -22212 -24548 28508 -22503 -10202 -9541 -8927 17021 23526 31828 7606 5592 577 22742 16246 14508 -23898 -32037 11085 3366 -30433 -4061 -20284 13009 -15050 2502 -10316 -10993 18563 -21571 8142 -3367 -9507 11780 -2354 -13754 27859 -31762 -30745 -23906 -8749 -17865 
4428212054 3103360 -8902126 -5888324851 -24643050 754259601 5585429 -5100409944 200319562 -9567576 315614639 -177466940 -1085002 24868327 709712923 -308898799 -194783029 72071764 20818157 -329160246 550874441 191252625 -5075468658 -11765014 -4635785 9759792592 732456144 -49571283 4990633697 -1257274502 10323142 -8818967 585984924 -47808743 -624428479 23413053 1419358122 -4342741604 -45539900 76638013 44322593 -36555904 1396081912 38545497 3162436004 -92493021 -192554960 -5665600993 -79573201 -1218322687 -4685692 -1123726 9765162734 9043209 -1309679 1407660 2205748898 185733421 5153480131 1323662 5292643 -2213110242 2157437 11228754206 -81454269 -24059884 -383199781 23616138 -2342150 333830076 22237081 19698250 -172174099 -4912753069 -165821989 -307287670 -9078645 -5130678355 -167209438 42875825 83834387 22947366 -1240743 -378428989 -93295487 16887365 -1191238 17546936 -2588055 677429198 185546377 -775507795 -649886573 673171765 -5403484506 2468267787 -6160998 391361917 4292123 -1450401 17470208 -604209626 -92188212 -9967716301 -703275105 -2881388908 5508922 10969451141 40248412 10037151401 2251856288 1307667 -135701587 1336647 2607837 -630616930 146738746 -11933261395 -767226972 6422489390 -12500420344 -9476307661 753717188 -34762159 2433553110 3125235 -1245698 389037290 
35 25 26 35 29 34 27 37 31 27 33 31 24 29 33 33 30 31 29 32 33 32 36 26 27 36 34 30 37 35 27 28 32 30 32 29 35 37 30 29 30 29 34 29 36 31 31 35 31 35 26 24 36 28 24 24 36 30 36 24 26 36 26 37 30 27 33 27 25 32 27 28 31 36 31 33 27 36 31 30 29 29 23 31 30 27 23 28 26 33 30 32 33 33 37 35 26 32 26 23 29 32 31 37 34 34 26 37 30 37 35 24 32 23 25 33 31 38 33 36 36 36 34 30 36 24 24 31 
10563 -30503 29101 -9501 -12311 14093 -10591 15869 -12720 -16314 18701 -4315 7537 16452 -12246 19479 30115 -29251 16609 26755 -32317 12400 -14140 -32072 -66 22625 27299 -30464 -27892 -27762 -20265 -17646 -25338 -18151 -27931 9123 -6404 23927 -839 24575 -3284 14778 7245 -20494 -20638 10114 6377 -11596 31625 13531 -17891 23016 -23332 -21698 26569 18765 -28368 -30141 -10478 -19841 -29174 -22121 11879 14909 5147 -13673 -7209 23058 -19945 21601 14538 22632 -11674 12517 11209 -3738 -4597 -26340 -32586 -16652 -14060 9671 13303 4095 12751 26051 27896 19361 248 4626 18140 29069 31584 5023 -31379 -31781 -1051 -6982 12189 19660 10831 -6462 -3528 -21691 -16120 -24614 1569 29674 -17503 15381 15214 5176 17499 -30922 1051 15081 6074 14438 -29487 3767 -16241 28360 -10874 -22371 10862 8650 11387 7146 
139159445 338225762 610160816 -3109912 4715534156 5864889 5157227 -33574056 -6197144 -2169335 -97079659 1540703056 -89280747 -22904905 557201845 -9897610612 88639941 565556660 -11952515499 5551157 -5990267 1257137 -192725146 44904199 -39456251 10092188243 289380837 -1254558542 -97271333 -45951121 72892145 -76639498 1189174 1231048628 11468854138 4490585777 10993563 -4996831837 -9200362732 20149470 -348485571 1259961 -2441889 18056161 779942715 -2192161 47936380 -4373449 -140834130 12319892 9047373811 77242510 -1503533 -34815450 165560565 -92419859 -374402326 -191653961 -5012056 -703853412 -190061659 -9979796569 -23655848 78697770 2913762836 2208501 45874314 1230350602 10220635302 -95126214 -1433978 77505055 640388979 21250105 10087740 19384154 683202926 -11775112 1261438 86368248 -2563837 -1281528 94277984 694860571 -1456904 -76242229 19762551 -11220517 3012144 -11815930 -17448547 -43006612 20112947 -24133195 -67944548 -47806917 -1111556 1161052291 -1558862892 12841462068 -1197263079 9684504571 23354021 -24455225 5472083576 1115359834 9282045914 555034654 -2298217105 -95323657 -6199447852 -5127697 -1159193649 352041342 -343588777 79543098 -1185373 11332558 -319011507 137096688 645247944 2350098497 5952877645 1283010562 5777525 2612974155 -5784244 -1548191 
51 54 55 46 56 47 47 50 47 47 50 56 50 49 53 57 50 55 58 48 46 44 53 50 49 59 54 56 51 51 50 50 46 55 58 58 49 56 59 49 52 45 46 50 53 47 50 48 51 49 57 52 46 49 51 52 54 51 48 54 51 57 49 52 56 46 51 54 57 52 46 51 54 49 48 50 53 47 45 52 46 46 50 53 44 50 50 49 45 47 49 50 49 50 51 50 46 56 56 59 56 59 50 50 57 55 59 53 57 50 56 47 56 52 52 52 46 49 54 52 54 55 56 54 48 56 46 45 
-28042 -11903 19558 -14590 -4036 -22436 19939 20688 14474 20094 7921 -9667 -18349 32063 -8530 10536 -17481 21309 -3724 -9000 15251 -4582 17515 -4684 25397 8925 15524 19457 -19888 26676 31168 -14020 2125 1318 4838 22459 18404 -27043 -27721 -10455 -30706 -1343 -5875 -6897 -17340 -24458 -20108 25126 -4047 28025 -963 -15628 31210 -17375 -13835 10519 9297 -14110 9900 9146 -24945 18668 -32653 -29609 22938 32215 32588 -1430 29425 -22886 32268 31596 16635 25541 -27961 -5907 16274 19873 7377 -5453 -9612 -26830 10108 -14149 -22497 -30953 -670 4380 4044 19988 13067 -25729 -12984 26621 18220 11831 7803 -31951 20635 -5468 17721 24120 12019 2397 -4780 29907 -23493 1163 -140 10371 -23137 8421 22608 -15058 2830 31124 26457 -28685 27560 3194 24911 -9775 26289 3046 20664 2901 99 -12177 
19650639 2896676 -12645701374 -3028194 3085288 -357077148 1099236 4805307690 1493068 196710367 -6336625092 -1326097521 -1558638 2281549 1519697970 -321555495 -8947007 -5189210188 -1529887 -11278442542 2948688 328476194 557227419 1439420190 23618796 -2467739966 -2646215 21982581 1523613 -4713079 4865096 273817283 386782194 49140217 -1503444 620665605 1537179286 -1103470 -5629902510 -1187505 -11189866915 12209136 733272430 -41529901 159724055 -3029524372 -4749837601 17159069 -3171087894 289529033 23090528 747813159 -18582640 -184997182 -392185220 9915639 -18341907 -41914831 -2233129761 -1230703007 -187860859 5138855 92447006 -2348112 -39744840 -5277724492 -12815138055 2550994 -5649850 -649154643 5357839642 -1429985 1593555935 -11010024242 5834846 12496172 -8937347 -1312255 1215185473 23240871 2856497069 -79652288 4377420 1550118413 -2510085121 -36594959 10747885413 -2573969578 5757547 86588224 197438961 44938540 -22615753 -11199118 545701669 171151158 620269490 5744455 95539412 20177164 -747099852 -149005450 24402618 -2519319344 739609590 -343400055 77335512 363998461 389402368 19492764 -17107358 73115100 -2832907 -12834225148 378516795 19944241 -34004146 -18776694 1507325 -2176500862 2680059 -41802268 11732088909 176647795 -1126621457 -4940683 -1198297 22437701 
31 28 40 28 28 37 27 40 27 35 40 38 29 30 39 37 30 40 29 41 29 37 37 38 31 40 28 33 28 29 29 36 36 34 27 37 38 29 39 29 41 32 36 32 34 40 39 31 38 35 31 37 32 36 36 32 31 32 38 38 34 30 34 30 33 39 42 29 31 37 40 27 37 42 30 32 30 27 38 32 39 34 29 38 38 34 41 40 31 33 35 34 32 32 38 35 38 31 35 33 37 36 31 38 37 37 35 36 36 33 33 35 28 41 37 32 33 31 28 39 29 33 41 36 38 29 27 32 
-30942 -20145 -10624 -21502 -17012 -25110 -961 5286 15600 420 9995 -24057 -8222 4147 30186 24250 -5981 2710 7588 8177 20759 16021 -23748 -10862 -27881 -22875 -18281 -4451 16838 7307 -17602 -11858 -18841 -2294 10021 32067 18990 19666 7265 28071 -8458 -2050 -23670 22765 -18111 -981 2040 32170 -17824 -16798 20421 28624 4407 -16089 26647 -23764 2197 -3246 -20015 12486 21970 21361 -4151 18664 -14746 6866 8333 23096 19427 -8781 -22974 17650 -8135 -23267 25033 -25617 -21698 7678 11239 30431 -918 3841 -15119 4251 23795 -32269 6859 18329 -20187 2256 -18020 14048 -2712 -546 32760 -21839 6271 -14198 -4077 22877 -3597 3422 -11915 9894 -8309 -23293 -18368 17281 -26014 13240 26656 11822 8304 -13227 -1100 -27126 9820 -27666 2464 26795 22669 25765 16448 -26717 -1120 29016 17370 -9330 
-2101618 -21268374 1384283 -8824444 75286014 -21848407 -384646363 -45992365 -2240008502 -182233608 -5107765756 39678137 12076144 1505274801 -77990308 -4934959 -41117112 -640118179 1131716130 642017190 -78745815 -9449370156 -47107231 -6078092 -336854550 -742458761 -5858136 173841954 -168193311 1076286949 -9158630424 1405012510 100225623 97959936 165517036 -195927830 -1500399 -17821024 2141580 -1553131465 -2890957 -173374166 -8884949 -3130262013 -192800345 1496457357 -2232288 -12209004915 -11081369 11008660111 160003790 -2915157140 5804651 4814344592 19963196 308179056 -1610288463 1307732 97607272 -1516224258 1417779 82863560 -6061843 -5540232 -9346970109 -138720929 -697399561 6021625779 -4302039 293596059 17977276 1326038 -2875687 40567999 -307046129 11048700 5071718856 -2260854303 9449437265 -2914344 2876396038 9830123 -4940654 -2446709 -11971540 -11252179 43535488 -173445343 -6128915300 -9305513 -11024491 -8699896 -5381856 -273937434 24856023 12380234933 -11618215 3109511383 1546203721 -48299095 -19386227 2311055632 -5488030 6118407 -2584616 -1450316 1338425931 5855148 -2431136797 199560730 9526173 4501683257 1075227 -1466751 -281357565 -76164909 4581571627 -1281539 330344267 -1179840659 1338622 -2739051373 -5430882 -594643420 -161657711 -397664076 -1177463566 6225094 
43 47 44 47 49 46 51 48 54 51 54 47 45 53 48 45 47 53 52 53 50 57 48 44 50 52 44 50 49 53 55 54 50 49 51 51 43 46 44 54 43 51 47 55 49 52 43 56 47 55 50 54 45 54 47 52 53 42 49 54 44 48 46 45 57 51 51 54 46 51 48 42 44 49 52 45 54 55 56 43 53 45 44 45 46 46 49 51 54 45 47 47 46 52 46 56 46 55 54 48 47 53 46 44 45 42 54 45 53 50 46 54 42 43 52 49 55 44 51 54 42 55 45 52 51 52 53 45 
10601 -15535 26451 -15715 -9031 -10748 -6150 6626 6479 1978 21608 6512 994 -31605 20153 28612 -26804 15683 -3204 -4802 20977 23444 -23835 -2632 2445 -4694 7877 -21558 -25618 9685 -15702 14520 -23057 26667 -15843 -8391 -14493 -3969 15382 -12346 3472 1630 30850 2917 6471 3697 -27187 8311 26232 -10405 26364 15145 -17661 -31117 17642 2505 -8098 22296 -12979 -17004 -14199 -14008 -4129 -18600 -27728 -32050 7696 -940 -14783 12179 24204 11078 23044 -17392 28605 28322 -21665 21993 -4777 21341 31519 -9333 -17317 13559 7447 -32596 29008 22256 -1811 21771 -17530 -11275 10547 28922 19236 -27857 -12650 -18562 1882 -27667 10649 18025 -15315 22283 24204 18679 -30903 -23651 -12051 17881 -30389 -13176 16701 -21565 6954 -9477 1396 18152 13886 11247 32446 -2329 -1680 29199 -13878 -6587 6527 22678 
2810873 23019484 2774754833 2619662 592714865 16826962 -169341733 -6198677 -1291168 -2538539 176703999 12486129 626015017 4951115 163817938 756913614 -4443188253 -44589153 -17435845 -379909990 1290229 -582756387 -2810648992 2408770 -5423289023 193750062 -1140538 9142888568 -1306898312 -40709430 -162968682 -1380092796 -49462361 4957480 -34720366 4713590 -1469752 10362083 -40198350 11237058 -148681627 147622639 92190317 -737313135 -8638378861 92191711 756083089 -4250805 -6272200153 11362048841 173265338 -33751179 -8482419 -3206538450 -1311560795 -377924090 -2326413 3127110105 -1466395314 38596831 2663266 10383012 9089055 81073213 17628065 4549197 10823933652 1380821979 -19614273 1459435 6246202 11073232 5758359448 -2174807 -2958913115 397779443 -1194330 2866856 1177520009 -2337518 2285276586 -557550522 -3103887852 2295206 2631141287 -9425453 -372008830 21431095 288193497 -1199033 -9685780 -5364382829 11149381094 4578427 1206738 -5122617690 4641335 69305211 -2443996 -76954721 -148125645 389757881 2188626 -4769787772 -8940326021 2942488 -389341910 -37752170 153585203 -2488867672 -39203515 -11548155 -397627448 285226183 -6151944 -41431613 335195576 -11004625 -10855774 -10431408 -3123672866 -10977639000 -383640032 -1364173 4726317 -77010119 -68734367 5132171 
42 45 51 42 51 45 47 44 40 41 47 45 51 44 49 49 52 47 46 50 42 49 52 42 54 47 41 54 50 45 49 50 45 42 45 44 40 45 46 45 49 48 46 51 53 48 49 44 52 53 48 45 44 51 50 48 42 53 52 47 42 45 45 48 45 44 53 51 44 42 44 44 54 42 53 49 40 41 51 41 52 51 53 42 53 43 49 46 48 42 43 54 53 42 40 53 44 48 43 47 47 50 41 53 54 42 49 45 48 51 46 43 50 49 44 46 50 43 44 43 53 55 50 42 43 46 46 44 
-5739 -16237 6275 -20669 -19146 -12236 -27711 -9677 -11631 -26391 -17049 -29681 6189 758 29383 -23486 9060 -6298 19870 9019 9517 574 19144 -15938 -20843 -24986 26257 -32461 -17905 1215 26169 28561 18188 -32126 23307 -26351 -10762 -18278 -23623 25468 -27079 -8521 -13746 10042 -497 -29451 -21170 -4084 -24367 192 -21851 -8864 1052 -4547 -26328 -1858 -3824 -15982 -9143 -22481 28948 -26672 23664 27880 9168 8591 13192 32339 -3684 -8586 -9110 -14376 23263 31749 2832 -13817 -718 20859 20059 -21768 -9330 20052 14387 -132 -7119 -2573 9503 -25770 19144 22565 12951 -28980 29138 -21601 20946 -5691 17949 10043 32563 -17939 -1361 -14282 19704 -8964 -4748 7995 -14244 20986 14168 -5333 -27306 27805 18910 -28508 10602 30270 3625 -13715 -27226 32284 21805 29347 27821 27943 7235 -7339 -19529 3539 
4824664779 1146409925 4482574454 1573371149 10454471369 4911526 -605929443 347486868 195071059 584884119 -6167896016 1294244 9719711345 -36355792 -395575478 288040671 -9265654157 -2934129156 -5755638156 77228490 1324763857 -99001077 2265056 3024524966 -2441147223 -655533917 -4692854520 4859763 -284135826 4956287738 -5770154 -308364836 -381008580 2834163 4819014084 95995588 46585260 12061122900 552644556 -98922848 34521128 -5214257 -9281471416 172674778 -359467118 -19380368 -12018465 667526048 20129070 -1262786 1316043 -2326232 2591365648 -19750359 1509196 -4852790 -1174995959 -365968677 89789881 -3175256906 -1432855269 96197047 1300040322 193568881 22889992 -4917502 6027260057 4905277 -99095109 44276698 -2861795 9901173 -174267581 80529160 33640200 41830993 -6191349697 138255832 -2388760998 2943040 4713483 734817803 -5505458 -2955275 1109780786 2366036307 10319837 -1132680764 276068244 -67603380 -1502552 6278223138 -630218726 -164014688 1333467 4783659862 1583242397 35555424 85398520 -21560575 84567061 -38866070 -49446301 8896723 68576344 5460222 780306091 -4676619 -1230908 -2322861093 -2550054 1273625329 2760847471 2824369738 -155374570 -3158772566 149578067 2546378941 -21968652 2256104148 39302001 700492511 82626173 -10047153389 -5232018523 -22063935 9471699818 2629407 
50 47 48 48 50 39 47 45 45 45 50 36 51 41 45 45 51 49 49 44 47 42 39 47 47 47 48 38 46 50 38 45 44 37 48 43 42 50 47 42 43 40 50 44 46 42 39 45 41 38 38 38 47 40 37 40 48 46 44 48 48 43 46 45 42 40 50 39 43 42 38 40 43 43 42 41 49 43 48 37 38 46 38 39 47 49 40 48 44 44 38 48 47 45 36 50 46 43 44 40 44 42 43 41 44 39 47 40 38 49 39 46 49 49 44 47 45 49 41 48 42 46 44 49 50 41 50 38 
-16724 13560 6723 7424 3216 -14275 -10240 11297 32175 5786 18788 13076 -18106 5093 27347 -16766 -8563 -2012 -27293 -8821 29994 4744 9591 -461 -20164 31432 -19209 -9976 -24456 2138 -3955 -31089 28620 -19314 -10597 4541 5612 -14388 7501 11838 -4498 -21960 -25070 24390 13285 8851 -14271 -616 -22827 5674 32599 28742 15648 6284 19750 15738 -12815 -25820 7200 21200 -16186 -12027 724 -3076 12678 -3077 10062 27748 21641 13336 8820 -2786 -4668 -2612 -11552 -30403 31067 -21895 23857 -19476 4093 -21631 -8630 19338 -7958 -9277 -3576 -20242 23429 16104 19398 4018 32061 -15029 32527 31646 -15612 28267 -1997 27126 27979 -19940 6196 7307 -7595 9538 23910 -28460 30046 16358 9510 -30658 10177 -26280 1655 -23705 -2819 -30823 18515 19597 32685 32729 6413 -30532 -22107 6629 -32004 15045 
-684957301 21038707 -3134420357 10341781664 -1204812739 -1257704691 -695855511 -187807298 331329366 -73237894 34793174 10526718846 12555530 -68304564 1382840692 280454814 -138354634 5335733385 2138851 -46000129 -138957312 11833358126 694846998 -382238487 2103188 786125581 -69454701 12555967 -5071204 785456450 1169671 -690118643 -1481935 1136773558 -79906777 333470225 -24720783 -561747618 778254162 -1521440301 -11275470123 -1052823 -46097409 1160519956 84727938 -5030979309 -4349127 1183632 -1478827 8878771 -145351521 -1289969 19044967 1217317572 3112927538 -5688636555 -1483875205 165800691 6034816 2677653996 -9887217432 -1429177 -198546775 2230710186 636388081 -2415409962 -5084333446 -70976730 -20995538 12237360 -1329768748 1502455485 -6418616018 -1114318396 2378910031 10770882 35585706 -4351730673 5204469 -6193460 158893491 24812527 -22904781 163510876 -5460966196 1435501 676553850 -99038067 2820871 95767011 344962775 5022534151 -185842229 -364101061 6194897710 -1071783 1284548 -10356193 -1555224 19555835 21695541 37906089 -3198675808 -5986823723 24387923 1148894892 1210899412 -10328511521 -187239164 2330604467 -11557756272 1304390 -1419997985 -400475616 1301089 2502969 -5503665 8664682629 -74898690 -2224586422 -558908501 38081421 -77919614 -10530073811 24394429 1240519 -677986192 94376375 
38 34 41 44 40 40 40 37 39 36 36 42 34 35 41 38 36 42 32 36 38 44 39 38 32 40 37 33 32 38 31 40 29 39 35 38 33 40 40 40 44 30 34 41 36 42 32 31 31 34 37 29 34 41 41 42 39 36 33 41 44 29 37 40 40 42 43 37 33 32 39 39 41 39 40 33 35 41 32 33 36 33 34 38 42 29 38 37 30 37 38 43 37 37 41 30 30 34 30 35 34 35 41 41 35 40 39 42 37 40 44 30 41 39 31 31 33 42 35 40 39 34 37 43 34 30 38 35 
28678 26252 26413 6588 -466 -4149 26597 17762 24245 -19683 14535 -15836 -29573 4652 9295 7984 -6932 -18776 19280 22016 -6153 11296 -1999 -26592 7569 32410 -28885 -6170 -9609 16252 27543 6096 -23148 28156 4248 -8528 19736 -16684 -14323 -30201 -12444 -24096 31247 30063 10206 -18803 27477 -10323 -29188 -30096 17284 -31007 -12796 2157 17558 8979 5227 -595 5048 -6822 -27894 -628 -5632 3685 31955 -13792 -21633 -17106 -24508 -26610 28645 807 16749 -11594 -7087 -20147 -31853 -4683 -3942 -14993 -7594 25463 -21353 -9075 -21532 21404 -9507 17532 -25420 -8415 -8201 -23991 28784 -15772 3709 2663 -9133 703 -28403 18262 15161 -6154 6456 -26792 7130 17213 25869 -365 -6694 7840 16603 -32640 -715 -27882 -193 11313 18431 25849 -22128 17501 -23612 -14526 14825 21520 2875 5945 8740 -22135 
-10109419 -10535812 542717165 5295873839 -12278700441 16862806 -2376168081 1457449260 -18637500 -2777181154 330386813 -312911721 -4906879 -4653614 -316114949 -3136121 -361309783 44379196 4337781 -2803237 1181798338 -1090870303 -1566446 6220209456 -5714533 -75115282 10824258739 -657629758 -311878047 351147009 11985052939 40302983 1229429 8642824 -643152745 -1169129255 -91378251 -1398951782 -75699329 -11205622488 68142123 5672140422 -3066147 190408499 2645335 2519053 -1438225726 99558514 542972786 9575612 -1554040658 -21797539 140911463 -6054289 84963690 360318853 8892473 -75896995 -399709673 1331011373 -1361795 740189206 397320572 11179300404 286600796 565070156 75905814 -96480569 631041311 -1506720 -1353561 -10188664 -77278007 44660322 2698134 10903030050 21735728 339444946 10222435 -293876657 154301492 1125463 -21976624 540244535 9551645618 6346869723 -10185060 -6258026676 -4527239 -5577527 48498911 -77367200 12024201 4504858 -36196295 -327228759 12502569658 -4471648667 283635731 -17892757 -3129369 4457404375 -177075515 -9579244392 -67656842 -199296545 -5083423 -83395077 -2750025 -1440258223 -695290792 4684970142 24593568 725020536 -12371746 -5273051 4680674 -1178718 1531974 24503827 -591130383 -362841886 2366520217 395684200 140241233 -10760334574 602986919 8965493 
36 37 42 45 45 38 44 43 36 45 41 40 36 34 40 35 41 39 34 35 44 43 34 45 35 39 46 41 42 42 45 39 34 37 41 43 39 44 39 45 39 45 35 40 34 34 42 40 43 37 44 38 40 34 40 40 37 39 40 43 34 42 40 45 42 43 40 38 41 34 32 36 38 37 35 45 37 41 36 40 39 32 38 42 45 44 36 44 35 36 37 40 35 34 39 40 46 46 40 37 33 46 41 45 38 41 34 40 35 42 41 46 37 41 35 35 36 34 33 36 42 42 44 42 40 47 41 35 
11225 14220 6654 27619 18584 -29725 -15695 -2464 -2950 -5884 -22947 -23916 -3499 -27578 20166 -24608 17317 17092 16795 1356 3785 2231 9578 12540 -17374 290 313 36 13309 20732 28573 12172 -11729 -15150 -6358 -21203 -9480 -25946 -14202 25903 -29002 2186 -18421 32354 21736 30098 28465 -12702 31316 -3238 14824 -407 24626 75 13187 -14053 22420 23924 1332 -23805 2414 -22608 10880 25988 31929 23356 -22059 -17004 -23822 -27873 -31222 4854 -9952 -1585 -4430 -1294 -13747 1051 -15372 30616 -3580 27906 5273 -23440 -14738 25807 -9460 1794 18629 -5558 -29415 19784 5228 -13668 4880 5352 -582 -16408 -19319 -29765 -20466 27870 9564 25367 -27261 -4813 -10847 -7302 -13332 -12506 3105 28962 -1498 -30960 21563 24226 -23116 -1854 13309 -13309 -28698 10442 7043 -28365 -11481 24356 6189 11304 
9997507 -385837775 391808917 -178996122 2668041 -19817119 -346416683 22183211 75067964 -2410817 77829280 -2932742 21734944 -2725329 310153647 -1447267 12331652 11568897045 -75569096 82228674 46602213 100444463 -75457045 3117408 35458888 68572390 -11754877549 -193097996 1368861934 -4632740 160372596 85365648 2936677697 -348340527 149376514 2803868969 -10178517 76705059 -67375740 11856438 1100460287 -12572806 2798208 9644086636 775440181 -610041137 -335560689 8400772 -2954475 12153644910 349199041 -292726326 -1522298 304505788 4741237499 10753332466 81032261 -45379881 565821299 190784743 -2533954 181072934 -12092071411 12321837827 1544122 -12221027 24482534 5198150 1088072 -88037985 -11616453 5282411 11027860 -5721980242 9606459 -42617674 -20760220 -683958106 23380895 -6197716260 -50000665 -49383933 5196114 5610243 9187581477 -2657770744 305772612 -167867196 11388779 40247495 -12198258617 18595464 -33674679 -18567881 -4593524 12333970704 1394977 -1538507839 5766206 -9275082801 -46065979 -21785712 -9877017 1466042 3063993375 21133858 -8813554150 -2873931097 18011479 -288713600 -1063008 -368355824 638049684 -9173331272 -301899256 -2157471 -4663842726 3078749400 4245514 2468378705 46498243 -172522971 -1275965747 -75564388 -158287061 -35329820 1462389226 10729396 
35 41 39 40 32 36 39 36 38 33 38 34 37 33 40 32 34 46 37 37 37 39 37 34 36 39 45 39 41 35 40 37 43 41 38 43 34 39 38 35 43 35 34 44 42 42 41 35 33 44 39 40 31 41 43 46 38 37 40 38 33 38 45 46 32 34 36 34 31 38 34 33 36 43 36 38 36 41 36 43 37 38 35 35 46 43 41 39 36 36 44 35 37 36 35 44 31 43 33 44 36 37 35 32 44 37 45 44 36 39 31 41 40 45 39 33 43 42 35 44 37 40 42 39 38 36 43 35 
22196 4074 -9485 -7538 6602 21735 -29540 -3546 2065 17731 18899 19105 -15448 -19104 -12686 -22378 21457 12846 -32644 -9195 19025 1586 -4563 -8173 14453 -16594 3681 2818 -9735 -25260 -23889 28999 12479 -26682 16237 3037 19857 -17960 23801 2883 -29864 -11262 652 -16730 -618 21171 -4840 -17775 24824 -18527 -19111 15969 -21381 -16457 29413 -27783 15432 1728 -25032 -5943 6850 -25229 11571 -20685 -23726 -13040 17198 4919 -14299 17194 7603 -6541 11413 -6316 -5610 -30375 17182 19793 -19511 11979 31537 180 -22669 29457 -13794 3601 7027 -15698 30888 -32523 -2187 -16753 -11212 14709 19640 -22906 -15743 15253 24640 16411 -29702 25659 17561 -1308 -29188 8240 -393 -32083 -449 -7055 18559 0 14388 13977 1283 20365 -965 19151 1567 24565 -2948 27509 876 -17920 -27981 -28465 -17580 10246 
-294070576 24969266 6146457502 538074801 -2852685 47623662 -6218138 4589595 -9948331038 10097053 725496684 269956419 370928691 380199182 -12108067 669396327 1500810 1586893116 6109712265 -710250057 6182248124 -187005534 33817668 5312287 -2283852 -1086082672 -153342778 -278562486 5405983532 -5783770624 -5321865 274917700 -2364557 23446105 -5911498 -79288433 -4970843 -3081626547 -23816398 -5103699 43836043 -134768902 181866815 88279018 17418292 -3037842 5612545 -2821794 5961705949 9227721 -699101335 289017786 -604086861 78722134 -1302980 4847073118 1505278 -5228117564 2508464106 1422176381 12238775 10677990 5104591213 562706763 2721199 -665243829 41988865 -17923929 3050722436 -12264537 -2474479 536995271 -4457155 1169861 -8581178 -148517180 4196391 719328722 1308560040 -688060988 -91525287 -1358857182 146595256 -2524788 -41554303 -12546630477 3064975198 -2736342 145386754 10625504423 316573604 -333040850 -36666750 19366131 -356967421 2701489816 5667780 11136394 -2691908 -11242306 -6415748133 -24472215 -590943996 1249432 5946434382 6144733 6125773 -5509045 -746377862 -1537173 -2800895330 -189295633 -39289130 -35746573 -8593814 -83731541 -82183105 -321184555 10602693 -2556994 -2692563 -1443530 -1089282444 -323216180 1514313 -636458296 76935516 1211812522 
43 38 47 45 35 41 37 36 47 38 43 42 44 44 38 43 36 45 47 43 47 43 39 37 37 45 41 44 48 48 37 44 35 39 36 41 36 47 39 37 39 41 43 41 38 35 38 36 47 38 45 42 44 40 34 48 36 47 46 45 37 37 46 44 35 45 41 39 45 37 35 45 37 36 39 43 38 45 45 44 42 45 42 37 40 47 45 36 43 48 43 43 40 39 42 46 36 37 35 38 47 38 45 34 48 36 38 37 43 35 45 43 41 39 38 42 41 42 38 37 37 34 45 43 35 44 40 44 
-22558 27300 970 -4943 28019 -32547 10289 23417 -6955 -30071 28628 -28792 32529 -1743 -9396 -28502 17725 10533 26554 8780 -7301 -12380 -10997 7019 -12141 -12568 -18807 8433 -27225 22180 -13326 27322 -2253 -6380 32315 -5463 -31152 12082 15195 -22251 32437 26227 1237 -30916 26118 -9293 -31232 21908 28934 -6837 -13763 3913 -8358 -18152 -30086 -11110 -124 32427 -21759 10574 1959 -6805 5301 -1112 21528 -7648 -12729 -9696 9853 -2582 -6235 -30497 24319 27199 -2779 15319 -10150 -23709 15634 -2237 -2352 -31254 11846 -31291 2654 638 32465 555 -57 15011 -21013 -20414 20264 -14343 21003 -32149 -5023 3278 21888 -15629 -21130 28138 15268 12089 -23280 27039 15193 28263 -25758 30003 -4957 16714 29286 -29367 18465 19586 22538 5428 -16367 22734 -27158 16172 20410 8201 -13309 -24649 -18614 -17294 
-74780305 340758370 12295633 -49759821 -2639989 -8398718 1334772 -49409680 -1205585428 -354393076 2385221372 -10381398 -4910039 10949774 1246876 34505819 638528647 -636967411 -100063821 17477611 -11980733 -93595353 6185835 -23901525 -4683436 -775825647 5488341 -142329950 1539347906 -6439191927 -1163971401 -11711441 36251391 2569963 -2105649 21338528 5055895258 5789808247 -326623845 -2255957199 -1401304 5784706439 312823236 293696786 36593694 70209639 8690697008 -4354332804 35589116 -2304742 5290515004 -21169405 19977304 12405220 -142589034 24778315 5640001207 644179321 -2754732 -12294870 196848673 -67862117 -12195650 -23975828 -12573800 2840400033 -5722040851 -38489633 40965666 -5336899588 49342026 -1314015 -11365437830 49708318 -2907515444 2349401 137079568 -805179117 -772337551 -10422165 47342758 20192214 -9461178854 -5260703617 49359703 -10477763464 -1570944019 -182321957 -278808591 -1444640213 5032601 -160439390 -11990904 -1119918155 18014258 -35787282 2428623142 291426809 -11289704120 4395692059 5374526187 -37830128 11366960 16881805 -6056295 -18715589 -339210842 -12219819072 -2630957 76407655 -182886205 -383036637 -8707799 -2179205 -17136623 328302280 -387120747 -3162830732 1544290807 -303551615 46475811 45401175 157078446 1328114361 -5014457 -5350364 2475796 22702005 
33 37 30 32 30 32 29 32 38 37 39 32 31 32 29 33 37 38 33 32 32 34 29 32 31 37 29 34 37 40 37 32 32 30 29 33 41 39 36 39 29 39 36 35 34 33 41 39 34 29 41 32 32 32 35 32 40 38 30 30 35 33 32 31 31 40 41 32 33 41 33 27 40 34 40 30 35 36 38 30 32 32 41 41 33 40 38 35 35 38 31 34 30 39 33 34 39 36 40 41 40 32 31 33 31 32 37 40 28 34 34 37 30 30 32 37 36 38 37 36 33 33 34 39 30 31 28 33 
13824 -3532 21540 14161 -16130 13994 -12298 -20081 -21625 32584 -16652 -5935 -29637 -28813 -3488 21740 -27697 -16261 27526 12245 -15688 16574 -16812 -21846 1511 -9713 -1918 26275 -11280 -8611 -27794 -1328 10415 -2302 -5334 -1723 11355 -21641 19299 1885 -30461 7321 1190 17142 26743 -30777 1357 24939 -880 -425 18918 12348 -28663 28822 -29107 -24403 24789 13567 6906 16223 -30663 22795 -16389 -27935 -30712 -23314 -19794 10142 7176 3271 29691 9903 -28501 -31910 15427 17102 -25491 4841 20815 -31842 -15451 16123 18022 2842 -26014 1587 -14505 30505 -4723 30355 -8356 -2499 4818 -25841 18580 -8155 -25255 5557 -26931 1464 -30301 31894 13212 -11851 20037 -31814 -23819 25861 -5960 8891 12076 12169 26452 -9040 852 7713 -12954 8497 2064 18861 15491 5996 11242 25516 -31916 -11689 2240 -4318 
-3091382442 5139040400 151054819 -2855781894 -11292810 351361463 -83249818 1237222 -2476925 5510235 83755532 331896845 -1491868564 5629101042 68796607 -5966771 -2459852764 -163088910 -2553476 1457958 363626230 3091113 317067167 -18702547 186664044 -1499670 38119014 6221029 2415508846 -23698715 80228296 2903251237 1359241882 -98993472 -71772512 21809900 5055338 73519694 -47938162 -5772188293 10146333 186827928 9770534 -372115716 19263692 -332284258 655214569 1115126 21524500 1299735481 10013686 -35587046 -763939246 11065743676 -38266112 -67265945 9100804707 23983908 48737382 -1138632 2995341482 -272883656 1538047 -4347791 -6244192799 163349430 150722299 -4210568 -10934212417 -93063502 -381693815 43991364 2574302 -354709562 167485044 76979043 280244402 -683915221 73199300 10936290 -588927971 670335911 5362606886 -3074334344 2241890 21390277 5539270996 46392971 -4331628070 2403937 -43840720 311269898 2958682 10771082 -10481469939 -48827135 -2918556 3108089 365910962 173802010 -1503398 370735372 9377637 -45347833 1192914 17973528 -2830999 553896784 11198845 -280023790 1235885448 -11300872 -1425704172 -537686843 -274369529 2760412320 1532765 714080892 -89580800 -292828703 299512733 -1428378152 -582515772 -1307339 -25006845 82310355 5525169364 -673032444 
34 34 31 34 25 32 29 23 25 26 29 31 34 34 30 26 35 29 25 23 30 23 31 26 30 22 27 24 33 28 29 33 34 29 30 27 26 28 27 36 25 30 25 30 26 30 31 24 27 33 26 29 33 35 27 28 36 28 29 22 34 32 24 24 36 30 31 25 37 29 32 29 23 32 31 29 31 31 29 25 33 32 34 34 23 26 34 29 34 23 27 32 25 26 35 27 25 25 31 29 22 31 26 27 24 28 23 31 25 31 32 25 32 31 31 33 22 31 28 32 32 32 32 22 26 28 35 33 
-19230 -4295 -22621 13709 -30842 9231 8095 -30899 12414 -13374 13037 -23190 -26414 -20850 -15078 29516 -2446 18114 -14410 22158 9656 19521 -22258 -4766 -17522 -3874 10952 10056 3560 -27139 -13244 -12860 -10877 14399 6768 10469 -21338 19085 -22266 -32746 6309 -23430 11628 -19139 -10962 -5662 2619 18198 18503 19253 -27523 17737 -15357 8741 19401 7756 29444 -9916 9294 23581 8553 -6658 -2312 -25046 -1805 -29930 -19688 25524 17846 -4799 20531 -5292 32096 32306 24270 32242 -15243 -19137 2412 -1172 10749 -15112 -29614 6121 14347 29543 -27979 10424 -3121 -24583 -6751 2592 -2181 18820 140 -5443 -20265 -1080 -4333 -23818 21965 193 24467 12728 -22164 15710 -27853 24244 -25427 -31567 -29903 -27765 15624 -22421 -11047 3449 22747 13607 5146 14166 -8702 -25483 7509 12043 -30301 -17978 3315 12894 
-1434135 692070164 -79869950 -10704857899 -2438904 8540054 1260329318 587158101 4761298103 -34272354 8863222 -5986580908 -183959739 73623293 -1234561 -1069628 -5784354 11582953418 4479326676 1152249572 -402545560 5819944744 -585546033 -1283385 -2904514659 -4545647 -39010606 20640041 -6126960208 -10921067012 310275959 796607330 143481054 1569114844 -146967908 5925570 39265615 -6266476 -5054912 47530556 1422960015 12238502 -574414455 2157605 -11595106 9660745412 -12718332603 596018310 -603681198 1479266 -1254235 12451154 603992446 2224248 1069779 -570964441 10091165598 5880783 -5085587 271163412 -6208420699 -18448242 72689260 67210424 69102193 -1247656 5860815077 1485625094 2230824 -2198451 1280375 184121321 1075629 399881366 44945257 -2660745084 -81385163 -572843262 368939058 6080089 -96641800 1315379 4433521129 2162112100 -24288727 -1517873679 5811688457 -2140839 9993273227 -4516405 -1493202 6248495 11329191558 1053202 1128694 12760208534 1216613 -1116987055 9588821 5842978 -612440260 -300315573 89964354 -17829190 11772672700 5115673 -9395206209 -4644548985 2270830998 -80303122 11743624 -12283582 37114124 9625852 -2595955189 -1087383 -9090591 10372722 -5726426 -3016011093 85050282 -1341056154 180431830 4320827099 3124909 1494814850 -1097221489 -5167473139 
49 57 54 63 50 52 59 58 60 53 51 62 57 55 50 49 52 62 62 58 56 61 59 50 59 52 54 53 61 62 58 59 56 59 56 51 53 52 52 55 58 51 58 49 53 61 62 59 58 50 48 53 59 50 48 58 63 51 52 58 61 53 56 55 55 49 60 59 50 51 49 57 48 56 53 61 54 58 56 51 54 49 60 59 54 60 60 51 63 52 49 51 61 48 50 61 48 60 53 50 59 57 56 52 63 51 61 61 59 55 51 52 55 51 60 50 52 53 51 60 54 59 56 60 51 58 60 61 
-30772 -5302 27457 -31818 -4828 25273 15812 13338 28179 23295 -2339 -26030 -12635 -22286 -30199 27290 20031 -27069 29456 11698 20386 15106 -7923 9137 -3779 31485 -6148 9052 6940 3554 -30009 -26157 -29284 17315 25432 -637 -12861 13999 -12179 -28860 22451 -16775 -7434 -5101 -13119 -4457 411 -4174 -2060 -30670 -8598 -24104 -12681 -3526 -8650 20726 -2303 25303 -18102 19598 15795 -6692 -15314 -22979 -9180 -26526 27846 -20403 -31021 -20906 5909 27983 -27495 -22796 -20841 -22479 -12878 -4885 16167 21497 2209 10570 -15267 19284 21475 26546 -3034 28083 7810 10757 -25042 7327 9768 20179 -20000 -5293 32673 2059 26852 -32467 2166 6523 22595 -20170 5954 -6072 -32575 -12120 31489 -2988 6474 5327 -29933 26817 2309 11204 26252 -15645 -5792 -2147 -23119 -2257 -24493 -8612 20168 10668 -4127 7497 
-6316076127 24199863 -1193533 -331567263 2407138 70538432 146383570 -23641172 -2765651 11048522 310419536 5335881 40958966 -1208685542 -322937382 17960085 9794050 2324897283 397789610 -391582956 164262639 544253106 10715567776 -34137828 1084071 12743702584 -6240690 4542569 752146516 -1529650 -2820028117 21038505 4831455 -9946867 1196403222 67393099 167575594 -47306907 17003710 667693493 12565930 -2470231209 -44696922 77895747 -278184756 -4911610 4399487903 2235649498 -9411567771 -5312927084 6122457952 157799250 -2814396 -1364465 18291034 -2938449838 95248265 5339096578 -12123653 -48871400 8981614967 -175437239 -3136446 5858161 -143815885 -2665306217 -21036468 -21030770 8679883392 -4425240578 563753162 4411511 3012946 -9334926 93213146 -746530985 -144051595 -18636836 -39184346 383213508 1565324297 -2998131 2590517 8965066 145832175 168183824 -11341228143 -10178626 -4931926554 -9498199256 1570223 10332256 2884814 -25100471 5795904 -11812172422 1075185 -5869765805 -20650932 22258292 18997374 -2780515 -5642658398 -9444333170 -1230399 -5106544107 19513440 668183055 200896967 -85987473 89488506 -11450351 -5095660 90835077 46770428 2291659 97218582 -1332847 8556572 196359485 1105513883 1304925794 12490670897 5526275 -12857838599 71893374 -5970559551 -144946794 
59 49 46 53 47 52 52 50 47 48 53 49 51 56 53 50 50 58 54 53 54 55 59 52 46 58 49 48 56 46 57 49 49 48 55 53 54 52 51 56 49 56 51 51 53 47 58 58 60 57 57 52 46 45 51 57 53 59 48 50 60 54 46 47 53 58 50 49 59 59 56 49 48 49 52 54 52 49 51 54 57 46 48 48 52 53 60 48 58 60 47 49 47 49 49 60 47 57 50 51 49 46 57 60 46 57 50 54 54 53 53 49 48 52 50 47 52 46 49 52 57 57 58 48 60 52 58 54 
1707 -32445 10170 -7513 -10292 25716 -25473 -16770 15687 -32749 -27774 18158 -5963 29922 31866 -15176 19263 -7684 1129 -29505 9145 -5952 27634 4162 -22645 1215 11692 -7319 -27036 -25604 9778 24421 -2630 12633 -3022 31309 -8450 -12524 7729 16674 11176 23527 14714 6326 28720 -3295 28084 -25258 -25489 12412 -22017 -6835 -7162 -3752 10539 28982 -27078 7160 4173 -17746 -13471 -4701 -21687 -3128 -487 32152 17895 -7280 22844 -11825 11005 12633 6915 -13543 13246 -4457 -18189 4538 -9542 30076 21217 5961 28629 -27651 15984 24474 -8539 9610 19695 23686 935 -20472 27394 10262 23044 431 -10090 -25089 -7075 -18 -29915 1858 29949 32449 -18699 -31392 -9274 -27210 20834 -349 27182 -3645 19347 -25839 28294 -11154 -22139 -13588 -6977 -26083 -4582 -3624 -2170 8352 -25849 9915 -16917 29292 
0 0 0 0 0 0 2 0 0 0 0 0 0 0 -1 0 0 0 1 0 0 -2 0 0 0 0 0 1 0 0 0 0 0 0 0 0 0 0 0 0 0 0 0 0 0 0 0 0 1 0 0 0 -1 -1 0 0 0 -1 0 0 0 0 -1 0 0 -1 0 0 0 0 0 0 0 0 0 0 0 0 0 0 0 0 0 0 0 0 0 0 0 0 0 0 0 0 0 0 0 0 0 0 0 0 0 1 0 0 1 0 0 0 0 0 0 0 0 -1 0 0 0 0 0 0 0 0 0 0 0 0 2 -5602 -4837 -26 603 9 76 -363 -5436 31 -1151 -11 3253 2 -43 48 3528 -137 429 -2751 -2059 222 -44 -3225 -59 3217 -29 -74 5965 2699 -261 366 2344 30 -75 -3099 -33 -71 67 -967 -2 -5174 -17 -204 36 3410 6765 -378 296 -12181 1759 -8515 -35 -7 -3168 -152 -735 3307 -445 6 13258 17 -12 -49 -119 -452 -10 -9 -768 32 6 4633 -5223 388 -1 1114 2810 -17 998 966 -1 -268 445 -89 -1801 3 3235 -7350 133 -1006 69 -15 3 22 194 9 -597 -38 1272 0 -11 -28 -6259 -15 -31 -218 -27 -506 -99 -57 1 5437 530 -1 118 6070 22 3912 25 15366 3314 -2 -19317 316 18 51 -4713 -123 0 0 0 0 0 0 0 0 0 0 0 0 0 0 0 0 0 -1 0 0 0 1 0 0 0 0 0 0 0 0 0 -1 0 0 0 0 0 0 0 0 0 0 1 0 0 0 0 0 0 -1 0 1 0 0 0 0 0 0 0 0 0 0 0 0 0 0 0 0 0 0 2 0 0 0 0 0 0 0 0 0 0 0 0 0 0 0 0 0 0 0 0 -1 0 0 0 0 0 0 -1 0 0 0 0 0 -1 0 -2 0 0 0 0 0 0 0 0 -2 0 0 0 1 0 0 0 0 0 0 0 0 0 0 0 -5 0 -2 0 0 1 0 0 0 1 -1 -2 0 2 1 -2 -3 4 0 -1 0 -4 2 0 -1 0 -2 0 -4 2 -3 0 1 0 -1 0 0 0 0 0 -1 0 0 0 0 -2 0 0 -3 0 0 0 0 0 1 -2 -2 0 1 0 0 -1 2 0 0 0 0 -2 2 0 0 1 0 0 -3 -1 0 -1 0 0 0 -8 0 -2 0 4 0 0 0 0 -7 0 1 0 0 -2 0 0 0 0 0 0 0 0 0 0 0 0 0 0 1 0 0 1 0 4 0 1 0 0 0 0 0 2 2 1 369 41 -22 -14 -33 -151 -41 5651 -26 -12 18 9 410 1701 68 12598 -6 705 -45 2 36 -62 -24 -722 161 15 67 197 2126 462 236 231 -1410 162 277 -2 37 -43 -867 292 -80 -3010 6442 -2 31 -280 1 254 -3785 11017 -7201 -1494 -569 49 190 -83 72 -110 -4708 -14608 -7 3549 0 3 1616 15 -67 -29 -6 -12 9989 -613 18 8217 -21 20 166 631 -592 485 299 -582 -10 2379 3126 106 -514 237 66 397 5095 345 21 5518 -15854 20 -2 -1989 0 5 -1982 186 1 -9 -11948 97 0 -671 9 622 525 -2511 799 -5138 -64 11043 -57 8116 6 3 -89 4937 0 -2551 -533 11131 7595 1 0 0 0 -1 2 -2 -1 3 5 0 1 -1 54 2 0 0 0 22 -1 -30 1 20 46 -18 0 -11 9 -1 4 1 15 96 -1 14 -34 -2 8 -1 0 -7 15 12 0 0 -38 -24 -9 66 0 0 3 0 -42 1 1 -7 19 0 0 0 0 1 -2 -1 -19 0 13 0 -23 0 -26 1 0 7 -62 3 18 0 -1 0 0 0 -1 0 0 20 26 4 0 1 -1 0 43 -1 -3 2 -4 -1 1 0 -1 0 -6 3 0 -4 0 21 0 0 0 0 0 0 -26 58 1 -2 -9 0 0 -2 0 24 -6 19 0 3431 -15 74 -962 93 125 160 -9702 -212 2288 -22 -4 46 -4295 9615 7 10319 -150 15 -198 3640 637 217 -185 -4 -4 284 5 -4071 -424 -7 2 -9301 2170 252 12 464 97 3 4 -1 -64 17 -198 -509 -284 740 7 1 1363 67 112 50 51 -3139 9863 -32 -5 -987 2194 7669 1724 -702 0 78 6 -1 -1005 9473 -1266 -276 -3630 -5 -47 4394 24 3199 671 19 -1761 53 -124 2 -1944 44 5 6822 1657 133 -26 -4 60 12 -517 -200 17 1365 -15 826 2 -56 -14 7669 481 196 -1433 2724 0 732 -2125 -4 1834 -5 1643 6385 16 9 -145 -1892 1153 192 47 42 -3 -3 -31 7 60 0 0 0 0 0 0 0 0 0 0 0 0 0 0 0 0 0 0 0 0 0 0 0 0 0 0 0 0 0 0 0 0 0 0 0 0 0 0 0 0 0 0 0 0 0 0 0 0 0 0 0 0 0 0 0 0 0 0 0 0 0 0 0 0 0 0 0 0 0 0 0 0 0 0 0 0 0 0 0 0 0 0 0 0 0 0 0 0 0 0 0 0 0 0 0 0 0 0 0 0 0 0 0 0 0 0 0 0 0 0 0 0 0 0 0 0 0 0 0 0 0 0 0 0 0 0 0 0 1 0 0 0 0 0 -1 0 0 0 0 0 1 0 0 0 0 0 0 -1 -1 0 0 0 0 0 0 0 0 0 -1 0 2 0 0 0 0 0 0 0 0 0 0 0 0 1 0 0 1 0 0 0 0 0 0 0 1 0 0 0 -1 0 -1 0 0 0 0 0 0 0 0 0 0 0 0 0 0 0 0 0 0 0 0 0 0 0 0 1 0 0 0 0 0 0 0 0 0 0 0 0 0 0 0 0 0 0 0 0 0 0 0 0 0 0 0 1 0 0 0 0 0 0 0 0 0 0 1 0 0 0 0 0 0 0 0 0 0 0 0 0 0 0 0 -1 0 0 -1 0 0 0 0 0 -1 0 0 0 0 0 0 0 0 0 0 0 0 0 0 0 0 0 0 0 0 0 0 0 0 0 0 0 0 -1 1 0 0 0 0 0 0 0 0 0 0 0 0 0 0 0 0 0 0 0 0 0 0 0 0 0 0 0 0 0 0 0 0 0 0 0 0 0 0 0 -1 1 0 0 0 0 0 0 0 0 0 0 0 0 0 -1 0 0 0 0 1 0 0 0 0 0 0 0 0 0 0 0 0 0 3328 -5 -15750 595 33 2494 -107 -1264 -260 22 216 50 -1520 1690 -247 -2632 -19962 -2 2843 -6888 -2 2345 62 5 5 4040 523 2 -4 2 -32 24 -30 22 11 1037 -21 -2585 11 3470 -14 -1551 818 -18 -3 -1781 -1186 187 -2505 -2264 43 -7529 -19 -11 -8917 6806 -2 -6 -141 -38 -7 9 1153 238 -407 210 24 2602 47 1618 11040 6931 86 -658 -1721 106 84 6 1 -9 -60 451 -1100 -1332 -3827 5365 -11264 5213 -24 262 8328 -26309 -3776 1060 2 -5 19 -31 2452 -718 790 209 148 10 40 25 339 2737 -39 4858 930 891 -348 -4 153 -4758 882 -932 8 1119 168 -18518 -133 1 1179 1592 -2972 2173 0 0 0 0 0 0 0 0 0 0 0 0 0 0 0 0 0 0 0 0 0 0 0 0 -1 0 0 0 0 0 1 0 0 0 0 0 0 0 0 0 0 0 0 0 0 0 0 0 0 0 0 0 0 0 0 0 0 0 0 0 0 0 0 0 0 0 0 0 1 0 0 0 0 0 0 0 0 0 0 0 0 0 0 0 0 0 0 0 0 0 0 0 0 0 0 0 0 0 0 0 0 0 0 0 0 0 0 0 0 0 0 0 0 0 0 0 0 0 0 0 0 0 1 0 0 0 0 0 -6 -65 503 75 -54 8 -174 576 12594 19 -244 3 148 212 6149 -3111 498 -356 -1217 -1802 4520 2424 -8 -116 -21 4 13 -124 4939 -1707 -91 -111 -64 -82 -3771 6061 703 -1994 -662 -893 24 -51 -18 -5772 -13 77 -400 6527 81 -164 8751 11064 -347 38 -9486 -11 -428 254 44 -2416 -14124 4222 -275 -118 35 -2008 -156 1020 -3260 61 -28 -11278 -278 2 4167 -6 14 -1862 463 1819 -27 -222 -25 648 -11336 1 1166 -2557 -27 199 -49 2590 111 34 2694 -35 75 -5 -147 166 200 -101 -334 -1527 -238 7 -30 1513 -16 1856 -734 979 -716 70 -63 -11 -1348 6 496 -6831 4996 -8604 5318 0 94 -4287 -8279 -130 -1 0 1 0 0 0 0 0 0 0 0 0 0 0 -3 -1 0 0 0 0 0 -1 0 0 0 0 0 0 0 0 0 0 0 1 0 0 0 0 0 0 0 0 0 0 0 0 0 0 0 0 1 -1 0 0 1 0 0 1 0 0 0 0 0 0 0 0 0 0 0 0 1 1 -1 0 0 2 0 0 0 -1 1 0 0 0 0 0 1 -1 0 -1 0 0 0 -1 2 0 0 0 0 0 0 1 0 1 -1 -1 0 0 0 1 0 0 0 0 0 0 0 0 1 0 3 0 0 0 0 0 0 1 0 0 2 0 0 0 0 0 0 0 0 0 0 0 4 0 -3 0 -2 -1 1 0 -2 0 0 0 -1 0 0 0 -2 -10 -10 0 -5 0 0 0 0 1 0 0 0 -1 0 0 0 0 0 0 0 0 0 0 0 0 0 0 0 0 7 0 2 0 1 0 1 1 1 0 0 0 1 -1 0 0 0 5 1 0 0 -1 0 0 0 0 -2 0 9 -1 -4 0 5 0 6 0 0 0 -3 0 0 0 6 0 0 1 0 -2 3 1 0 -10 0 0 -1 -7 0 0 0 -16 -2 -4 -4 0 1 0 0 0 0 29 35 14 2 -2 1 22 87 7 -3 12 0 -14 -149 -1 1 1 0 -1 74 -34 7 -1 1 -18 0 -4 0 1 6 0 -248 -1 -3 10 2 -1 2 -24 0 0 0 41 -3 -15 2 -1 0 -10 41 -113 45 -28 88 -28 1 0 7 -71 1 -2 2 0 8 1 2 15 -102 12 -37 -3 4 -1 -1 0 -36 0 -13 0 4 0 1 -25 -3 -1 -3 0 170 -5 -27 31 -22 1 172 59 0 3 -1 -11 31 0 -9 3 -1 21 56 0 -56 -28 -4 0 3 0 -3 1 -1 0 -67 66 85 147 10 0 0 -6 0 26 -9490 4594 -7757 666 15 266 -2933 -2653 3767 9 115 -21 -3 -798 1361 1366 401 -34 2159 -2494 79 1608 -94 6 698 1478 0 -247 182 4936 2211 -488 48 6942 -928 -167 -1313 25 -11 1 6 5 -6885 1454 261 48 -3528 -38 2 -2 -2519 10 -51 119 5336 -2306 -1391 -60 346 -208 4 112 264 54 1253 32 2 4 33 -6 -16497 256 -4086 51 -247 -26 -1 223 -46 10 -105 4435 5 -68 25 4718 -301 -2617 -33 -32 -166 -10 -3107 153 1075 -407 -24 -4 7 111 2267 -84 -1295 7 688 2261 12729 24 327 3239 -517 -2 7 2 -10 2762 -1540 3931 42 -7846 11 -216 -1760 -374 453 311 -3637 -27 -381 -279 261 1581 -730 0 14 -30 125 8 0 1 25 2 -2729 2 -956 368 1747 -20 47 -73 -144 421 17 -2 1 -1 -307 329 2647 245 -18 -5 76 4 6 1 4 -762 0 33 3 948 138 1824 -2179 -8 385 -32 -329 7 494 -4 394 -59 336 -544 -65 -3 -47 -4 1091 154 260 348 0 6 -8 0 2 -215 36 -15 -17 -44 -8 17 -3 -581 -24 815 -18 -2 -36 1421 34 -150 -1103 8 -2 -646 211 -40 -66 -539 -2 1 -14 0 11 220 -216 -813 3 24 88 9 16 76 -60 509 -7 -1 -2395 -1524 -1 7 815 -73 1 -353 319 0 -26 -192 484 510 1492 -130 -219 61 368 -2288 4 -66 159 -439 148 -153 -18 11 -69 11 4941 519 2 -156 1550 68 106 -33 2755 -4 -35 -173 -164 1 -3 4907 1477 1 1922 167 -475 -9 -368 58 0 35 8 -24 -2 -1142 38 -9 -1607 -59 -28 -1802 12 -11 6018 -2 979 -54 -6 -215 -611 -9 -1055 0 -3 81 266 65 -84 -463 -1849 -250 256 49 -30 1 -496 -1062 -3 -538 -885 -2 -1 1071 -19 -111 208 37 2198 -1 133 -66 23 -1189 -657 -24 -8 -73 4811 -160 3 -480 -1447 -21 -1 249 18 0 -21 219 -766 0 456 -512 -119 -1974 52 1793 39 1348 -88 -1802 -53 1 5 1 -13 514 1 667 9 -7 -270 0 -141 325 37 0 71 0 236 -3 18 -1 133 122 491 -203 -12 5 -8 47 4 2 1 -34 0 -92 5 125 23 -11 -665 11 0 -82 -44 0 83 -242 2 0 70 33 0 -149 249 -17 2 87 5 -5 1 -5 0 -203 -1 118 42 -23 91 0 216 5 0 2 331 7 36 0 -126 34 3 -67 -1 0 37 2 1 0 21 0 -23 -5 765 -5 0 50 -1 3 -101 -5 -460 0 -4 6 -536 0 1 -319 -78 100 -1 580 139 -124 2 -565 8 -95 -32 0 -180 -155 -208 -46 -4 -178 0 -601 -254 -7 -7 0 -5 -3 -4500 -108 14731 -9549 14 -1620 -73 55 36 -1253 -6 22 3 -2 -181 4842 -8 30 -21144 2346 38 -5808 -89 18 -123 87 -50 -9526 -403 173 11 69 5044 -69 165 -72 167 -58 -960 -69 0 1536 74 3851 371 -9 115 -5074 -26 62 1833 -4181 -3 3849 6 -23 4653 798 -549 -8363 -6 -7549 39 1 2 -7 3 -793 1902 -78 11815 -5484 7 0 -1241 1502 -3 -1258 -585 2 -49 1307 -654 -168 -14 -217 98 -9884 658 -2226 -89 606 -956 5 1620 138 -2 88 19 5 -3 -5534 3257 -23 -2606 2 11 -4878 707 2310 -1715 -1344 -2009 44 -92 1036 114 -1954 813 -5392 3682 1793 6040 261 3 26 718 -85 35 -397 -11 -3779 3 1195 -1600 -2 -1879 -17 261 -3 6 -40 -51 -4178 96 -6643 60 5422 3454 13348 -12 284 -76 206 550 4304 1074 3 -92 -235 -100 -2560 -402 1916 -2 7462 10 0 223 -9 2186 47 -38 655 552 880 2639 5937 -6 -2391 22 3331 -9926 -3101 4086 -54 802 -8371 2271 84 -103 1 36 -3 -2 -865 -2614 80 -3593 -165 6959 -863 1680 5387 -22 47 61 -53 -253 -29 -2 -950 5645 6487 -12 1459 513 -7 402 259 -47 4381 -26 804 2 -6 -264 -2 -7910 10 4722 -2188 -9 1093 19 3032 -31 3 -2 12 -1361 16 125 1435 9080 2809 -2148 -1750 -83 34 -1570 -433 9 -32 579 -803 0 0 0 0 0 0 0 0 0 0 0 0 0 0 0 0 0 0 0 0 0 0 0 0 0 0 0 0 0 0 0 0 0 0 0 0 0 0 0 0 0 0 0 0 0 0 0 0 0 0 0 0 0 0 0 0 0 0 0 0 0 0 0 0 0 0 0 0 0 0 0 0 0 0 0 0 0 0 0 0 0 0 0 0 0 0 0 0 0 0 0 0 0 0 0 0 0 0 0 0 0 0 0 0 0 0 0 0 0 0 0 0 0 0 0 0 0 0 0 0 0 0 0 0 0 0 0 0 0 0 0 0 0 0 0 0 0 0 0 0 0 0 -1 0 0 0 0 0 0 0 0 0 0 0 0 0 0 0 0 0 0 0 0 0 0 0 0 0 0 0 0 0 0 0 0 0 0 0 0 0 0 0 0 0 0 0 0 0 0 0 0 0 0 0 0 0 0 0 0 0 0 0 0 0 0 0 0 0 0 0 0 0 0 0 0 0 0 0 0 0 0 0 0 0 0 0 0 0 0 0 0 0 0 0 0 0 0 0 0 0 0 0 0 0 0 0 0 0 0 0 0 0 0 0 0 0 
4 10 0 12 12
7452 7977 4071 275 6450 1245 3851 272 3365 477 1860 2408 6319 2988 4978 4826 4913 942 1983 5329 6570 6238 3313 3048 6502 3446 2471 4904 2502 8069 1961 4428 691 1100 2356 6502 7635 2576 4547 353 3922 576 3130 7195 4998 4474 2247 3113 496 7186 1714 992 2371 725 913 6820 2808 3778 1556 1324 4565 1727 3849 5688 5200 4824 7731 5357 1288 3822 5131 5342 4052 396 7805 2964 670 6332 504 7975 7132 2631 447 4717 7255 2243 2527 3896 3498 4463 1489 1228 5736 6392 3702 1737 2259 5619 8012 6414 7106 403 7017 3540 1860 5062 2292 7968 4055 4565 108 1693 6250 1356 3434 5464 5223 1732 709 6113 279 4208 3003 4241 1514 152 6820 254 
-4433119347 5077972 8971965 1561861 5146662184 -6198584 87359791 19153015 -348935521 9777276 9736047250 -21475099 -3076536 49666430 78049899 -19535088 -1099194 -22517299 86028125 682980460 -5866656860 -621965633 10983628 622661460 9840135 -34661637 4643356429 135698724 -21563461 -11414779681 1398308512 -198031985 -75696074 1264769 178237761 -654997450 303019330 391449030 12342462 -82612753 -556287538 94481158 -43159837 -2976841706 1142601 -726240051 -155245991 1464023 -3138506 -4644002 2412131007 75578396 2993074405 -1454073 -329375313 -8580375 -2831276 10926923552 8692583207 179588778 802398998 160218012 47713684 632495797 -4829476819 1197266527 -10471770696 1133235 -38835250 384742314 -1398634628 -5062949826 -68960561 -683298488 1559973574 350165437 -190103533 -16894696 -294209435 2454686534 -2592268881 99760255 1259506 -1321799157 -751660441 12578230 2992759246 -1056317 20202051 10745616 48964606 5175376 -2597853090 9286398 6173527 -87254767 3166522884 -10394947201 4304176789 -99059970 -764152766 -89920361 -159932777 71213274 87985189 68191823 1299559502 -34939116 11118682 582574161 2853957 -159686561 2358652 1098853 301068401 10332605132 -192204181 -9050553500 -623573886 -175803868 1375693 6016846292 24381303 1429540 -2213674 2452583 -34796961 -11567859204 
53 43 43 41 53 42 45 45 48 42 53 44 40 44 46 43 41 43 47 49 53 49 42 48 42 44 52 46 43 52 49 47 47 39 48 48 49 47 42 45 48 47 46 51 40 49 47 39 40 41 51 46 50 39 49 42 41 54 54 47 48 46 45 48 53 51 54 40 46 47 50 52 46 50 49 49 48 43 48 51 51 47 39 49 50 43 52 40 43 42 45 41 52 43 41 46 51 52 52 46 49 47 46 46 46 45 50 45 43 49 42 46 40 41 48 52 46 54 49 46 41 52 44 41 41 42 45 54 
6355 -23341 -24226 29390 25389 -12996 15876 19365 -19652 -21342 7940 -28441 27460 5188 -24445 30296 13810 15162 13622 -3922 -30879 -8947 3895 26358 5071 -3474 -27270 -172 -27836 10362 32106 5903 10561 12728 -2144 -6410 13645 19744 -9527 26464 -10423 -17623 -11245 -9126 -14598 1790 30198 27420 31653 -11576 5726 -7310 -16408 -18547 -5323 -15277 3107 -15153 20595 -6536 -30766 -7637 -10846 -25115 22900 -2052 31254 27918 7044 17130 -20625 -8756 2867 18691 32681 -13342 -10806 -13947 27087 18227 -26852 11742 11472 -7945 8884 -29849 -31111 -18490 -28119 24658 21640 -19847 -26898 31364 7855 22128 30515 -15341 2661 1290 -26559 -10397 -8453 -14843 27261 11505 7949 25235 14722 -21322 -18948 -6628 22098 -19551 28176 -3872 27082 -29157 -6963 23964 -15859 23402 -29845 -30962 18099 19833 8221 7612 
2388592068 181473044 6087419 -2954580520 45142835 19531788 -385700074 1558999688 2677004508 2877163 -1332535 -5246771 2632261 -142027893 92478952 97212469 347419899 1090345475 -11440289963 -1464661 3125069437 77567132 43401711 -338563388 22361832 -665250277 -1230122836 -4898664294 -2444933 -723089209 3099654 1189815268 -1414074 299839828 1225035461 6400130063 -82282614 -71369781 5788545 41325767 4552456 -2428463780 3050453 -378705362 -11724736 10923180 -10519474539 -17315553 2932954 98382994 -2634323 -6281462583 10336863964 -173473234 159953478 5027105038 -10379676782 1397286955 -1143554 677286031 1343069317 -17048282 -2807793427 8772086252 -1409594036 4835992 167714804 2906977104 81359223 -1463361790 -46718473 -301629344 -96194037 -11038510775 -2872357 11511771 195421319 -3120339867 -559537487 -3135337 42669983 1574009563 6214404 -11547032 -1367125 1480486 -36182834 -46842044 -67658620 5294133671 3001862 356587150 3021301139 2400792 -10557027 71711246 -1362323 -2841498311 12096060157 -2435146 12559335 755997359 2993011 -1525812 -163524885 69900606 -99516459 -1387725666 -5834037122 1446605 -4396316843 2531015 89727895 6255597 -1261617490 10498719 -737474683 -9089931344 -1539806 -8703951583 401005157 623173842 -4984085 2743287 11931801266 2154707 -192882271 2307122 
40 35 31 39 32 31 36 37 40 29 27 29 30 34 33 33 35 38 42 29 38 34 32 37 31 37 39 39 28 36 30 38 28 37 39 40 34 35 29 33 31 38 29 36 30 30 41 31 29 35 29 40 41 35 34 40 40 37 28 38 38 33 38 41 39 29 35 40 35 39 32 36 35 41 28 30 34 38 36 29 34 39 30 30 28 28 32 34 33 40 28 37 38 28 32 35 27 38 40 30 30 36 29 28 36 35 34 38 40 27 39 29 35 30 39 30 38 42 28 40 36 37 31 29 40 30 35 30 
-13095 31423 -28041 23415 -8809 -21043 31632 23633 -6222 -10850 15380 17710 -12378 -4145 6530 -12810 5596 -5826 11388 -14859 31999 -13692 -23104 25786 24485 24700 17098 -11118 3932 28947 2298 6572 16767 -832 2967 24281 -27350 -16016 -4189 2399 24921 -29043 -11691 -22143 -11643 -15443 -16215 23466 -5507 -27766 2142 -24965 31351 11992 9397 -21199 23555 -24266 22311 -5393 -32040 26506 22031 -7734 32322 -1773 2196 18088 -490 -1181 4297 22788 13047 29762 22174 2530 -24102 27376 22595 25848 18813 -11229 10319 8910 26416 -23137 1984 -17296 25710 18829 -75 -30663 -17225 21372 -2187 -25560 -29823 19047 -30195 27013 14397 14928 19176 -18627 -23321 -1763 15491 -14778 20999 11708 -25329 -21984 -32702 -5540 -32315 -26498 -14060 19966 -13613 -18502 27601 10108 23452 9687 15191 31137 -29317 17837 
8765722810 -11331962 85385856 -9422625883 -5336502 1452529 -369647770 -312231901 3081418671 -4254541 -23760201 -2834114 11726359344 -740638239 92131836 639013844 612029966 -8711912 35643437 -5055045585 1236083536 1489889678 5507674 4976335 -36912705 10178763748 36895839 23001202 -626908194 39502928 21589057 1177317 8743096501 5193705667 -4690427 9749858567 -2949247828 -75045287 98932898 -2802640848 2252619 8805939559 -21209839 35945111 96849556 -721726228 354319960 -1212749120 4720934269 -2356556 1492667876 598316076 -1456151525 -5252633 2201942 349340754 2679965 21197252 -6102018 -87724364 46143664 -5858177713 1236545 -1215339952 -789716574 720811038 -6218817 -11086581 2446350 -2820841 -12476744383 -48615356 -1084035121 -3024710277 -5405048250 -1212472550 -640193233 -139350873 174662310 39040455 -9773104 2714118454 -89755147 -12302412538 2327388492 -35723248 -4332059 -538134628 11970799 10604634 21900624 -1306238573 -37990911 1234171757 -142487038 -6056269 -23429602 138385725 -17057753 -342566987 -5850996 538770873 -697550013 -5813691 -1163159497 -1158044 -2756830864 170524134 44860779 2454778 -5529730 36613509 -1048622 -1456100 -75937269 1396632416 2881763 -35314801 157548959 6010923 -12001329 -81874137 -2112648 -279203133 46721648 12386885 -1384883392 -745843732 
56 45 48 56 46 42 51 51 55 45 48 44 56 53 49 51 53 46 47 55 53 54 46 46 49 57 49 48 52 49 47 44 55 55 46 55 55 50 50 53 43 56 48 48 48 53 51 52 54 43 52 51 52 45 44 52 44 47 45 49 47 56 44 54 51 51 46 45 44 45 55 47 52 54 54 53 52 51 49 48 45 53 48 55 53 49 44 52 47 45 46 54 47 52 50 46 46 51 46 51 46 51 51 44 53 42 54 49 48 43 46 49 42 42 50 53 45 49 51 44 46 49 44 50 47 45 52 52 
29759 16429 -32050 17684 7135 13252 18779 -8368 7486 4785 106 11540 -1126 24220 4579 -1865 -22004 23343 -32262 -29641 25039 8920 -23519 15200 -11750 -10546 18112 24643 -15990 -9178 19491 -13594 -9047 -6973 -793 -10140 25847 25789 18060 -3509 22961 15014 -21170 -8767 30592 25226 -16464 20191 -12924 17990 31986 29217 -19743 9095 -17316 -32374 -17279 -10827 5229 21592 4459 2689 -25910 -18315 -12528 12447 -19435 5758 15486 -2943 -16539 4643 26684 -17230 9894 16551 27158 19891 -13468 3919 -17710 19960 -26275 541 -3761 2331 27040 -18766 24520 3643 -11308 -28653 -5796 5041 5210 -16989 19172 12079 -25696 -25873 12507 -20086 -8451 10570 19350 -2608 8180 30963 -9857 12057 16497 2706 -2995 8040 -13305 -25055 29114 -23206 -14292 8419 -6982 -12093 19464 17784 -8245 -14473 18424 11749 
389815655 5956223 -68454670 -385307400 5890388697 166114933 -290890664 159579138 -4280359 -5623247 736227353 -22974357 10391500463 -4307314687 11302656 311312016 8752091 2910428 2842030217 5739725535 -9473135667 35452303 -9033135 -390783255 -341033809 -21284200 9626110 2325966918 88200458 -671823816 1526514255 2426641 1249625339 168656128 -183105338 -6324572986 5424360 9305629225 -4822134 2628975 315357561 581421869 -165072220 1328536119 2139886 -5965836 2116514 -17938399 -1349758 -4403318 1564028385 -9867265003 -1416506 -6064359680 135007823 36881442 153646874 -2352597315 -2787088 -5936456 8922082509 5575976 -41654512 -10241505130 -1156347648 2416086 -12439695407 -2711758 8542481 3083730578 -1339082 -5357398983 10877453 272515204 -2293147517 3067253 1239810 4300831757 -10802808 2335705073 -2424828 190851307 -9054030 -1224902 -20503980 96265742 80581481 367739617 2715683 -11903359 -1140124 396380633 9727807 1490889327 -1211405 -9381432387 -12419946 -11498540209 95291350 42359743 -728405176 2669857463 1103611127 12527256726 190526033 -179440338 -94105991 -1192711462 1541534 275076849 -87799160 -6225079 -5436509670 270581199 -185514157 79314028 -138478834 -771051941 9344812 2863552875 -2607966005 4528067971 1356840 3136058526 -601937058 -399292523 -76439131 38174475 
40 33 37 38 42 38 39 39 34 34 39 34 44 42 34 39 35 31 43 43 44 35 33 38 39 36 33 43 37 40 41 33 42 39 37 43 34 45 33 31 39 40 38 41 32 33 31 35 31 33 40 44 31 43 38 37 37 43 33 32 45 32 36 43 42 32 43 31 33 43 32 42 34 39 43 31 31 43 33 42 33 37 33 30 34 37 37 40 31 34 32 40 35 41 31 43 34 43 36 37 40 42 40 45 38 37 36 40 30 40 38 34 43 38 39 36 38 41 33 43 41 43 30 41 40 39 36 35 
1916 12191 -15634 -16210 7667 12442 9890 -16770 4110 11229 -31981 6763 31076 -5411 6839 22914 1119 27669 15003 -17803 14483 18068 21181 13665 -28145 -10153 3563 -3413 -29130 -19355 10793 -9937 -23242 28783 6019 17503 17496 19191 -23379 1885 8369 -19542 -24057 -19112 16571 13139 -7382 -27396 -9440 32304 21503 29944 -15308 17091 19702 -8798 -17061 -25807 24612 9427 -29745 -4779 8354 -19099 1473 6502 142 20935 5065 792 16806 -20368 26234 -24383 25602 22465 -6626 14101 7210 -381 23941 -28088 24607 -27581 17030 -1887 -12114 -19833 -15187 -27865 -18425 -30171 -15734 23633 8338 23947 9583 -13006 26845 8917 813 4902 -26430 19482 -4252 -26450 -4587 17453 -3030 -3460 11245 -23267 9995 -2307 3754 17663 16499 -10345 -16649 -24040 -9699 -7913 -655 10676 -17439 31725 -9613 -32300 
609052332 -9819987012 -44744642 1342797710 -1067679 -46785067 8822892 1329879461 1351866088 5302168590 -1361712 -42553648 1438526499 11471012903 328859812 -79780812 -2801041 -2641650308 -180151149 6100819757 -6223436860 1364694972 -8924797488 544762200 82029367 2829489 -49044093 36601031 -268597824 1467026060 -12852453760 -1236421098 4994178662 12869107091 -1447802577 185100583 377866334 -10467956 -12131739189 -2726047 648369489 -10457777900 -17616412 -8812951 355725185 9588426 18569864 -79808033 1154278 11440214 6048448 -19367269 6218175569 11638713423 21817329 -12568396427 18795957 -5517261 -5677576 -1380892217 -99246809 -141586972 -88684642 88794076 -11724007384 -2901211 769641165 -10707765945 -10941951 149824342 -94810996 18717464 4499833 37869602 -24312615 -359802609 -766248065 2272716 6252032 -1210742157 -2659634859 -24365799 -642668564 1156953 -23317201 -71998046 -794850589 -9878747177 2282615 10482292802 -386629759 6218988117 -161959314 9945616232 18449212 2158508 -2481579505 2705770 11679185 38908962 5286983 -2933758 -1311112 1602755246 333991121 12506197 334452999 -12294699 766944133 -636060498 20047897 -75411580 -2665603151 350781064 295235797 12105790 11930896 11790500717 50181360 87812973 -2945315 -9694781008 -96112559 -34275463 -19128987 2937372 12488790 -773009189 
49 51 43 49 40 43 41 48 48 50 39 44 49 52 48 46 39 49 46 52 51 49 51 49 46 40 44 45 47 49 51 50 50 53 50 47 46 42 53 41 47 53 43 43 48 43 43 46 38 41 41 43 50 53 43 52 44 41 40 48 45 45 46 46 52 39 48 53 42 46 44 44 40 45 44 47 47 41 40 50 51 43 49 39 42 45 48 51 39 51 48 52 46 51 43 39 51 40 41 44 40 39 39 48 48 41 47 43 47 49 43 44 49 47 46 42 41 52 45 46 41 51 45 45 42 40 42 48 
27433 3983 -17894 9865 19876 21303 12643 -10593 29238 -4970 -21263 -29435 231 -31859 19528 8017 3148 589 -9812 27298 -220 -7319 -17389 2062 -23094 -27816 23034 14466 -18141 -8319 -24048 -22102 30301 -19538 -17418 23964 -8200 7909 21276 19042 10650 9146 6314 3400 -10954 -21253 -10047 -15665 14539 -3490 -10544 -17362 -6296 683 -25774 -31901 25396 27674 -29108 12139 24646 -904 -25134 31375 -26593 23039 -32053 8210 -2660 -23689 22215 10436 21813 14704 25402 -26124 -23658 -7738 10172 -377 -22335 24461 -32179 -14003 10953 -23396 -14311 -768 12373 20205 5311 -17497 -31184 -2441 1935 14598 31987 -3250 18406 30249 -16336 5040 -16200 -29717 13024 30114 -11778 5643 -2000 18622 9174 -5585 13539 -15988 -27678 1300 -4376 -5166 -9396 -31522 17401 -20021 28441 -32666 -16884 -13766 26485 31189 
-2698540781 -1567445 90287447 4882325 2606275063 -770811898 -1398730 -5836436020 23539062 -1145031240 -2278725990 180693169 -398471221 -40223490 320200728 -6430758751 77926883 700520254 -10304889 189375109 -9085746957 5831051512 24276415 -555144854 1068939 -87723581 4209694 178257101 1517371362 -94457216 -2330250 2997498166 1131810227 -6042699 3136066255 -2944229 -2835673 -178718718 -139124256 9529770 -1258997694 80520565 -49664211 3002338 -272115747 389776867 -1485207 598643759 -20552458 2687384 -2302180 -4619665 -677895182 -2543457 8841241 -18904036 -8859062651 735771641 -1359588647 160454946 169083368 -5362658 -1473511993 10005802216 -296279096 4819804 -8687961453 -11971771 5734176 6436332870 -785303013 19335036 1492514 -3026346430 12308641625 343156431 -8748253 -22425920 -9907526563 -9942636893 -12774997085 -660439954 -47762205 -9118963 75085707 72043887 2944454 5405714 97951192 -381039219 10220559 -676849018 2430534 -19496259 -5916474911 306188986 1389819361 -173111101 600256928 -5337285084 9788528 -6393461313 -708836959 17771246 -5920633 -20959421 -9544017 287852936 768374933 4943722555 97281865 5132184 20830016 798086120 -1407594944 5231457223 364209496 1212499 11946053 -11584645411 -4476479 10099997613 -1391361424 -11717775 45110106 5816762 1096329 -2243223479 
53 41 48 43 51 49 41 54 45 51 52 47 49 46 48 54 46 51 45 48 55 54 46 49 40 48 42 49 52 48 43 53 52 44 53 43 42 48 47 43 50 46 45 42 48 50 41 50 46 42 42 42 50 41 43 44 54 49 50 47 47 43 51 53 50 42 53 44 42 53 49 44 41 53 55 50 44 45 53 54 55 51 47 45 48 47 42 44 46 50 43 51 41 45 53 50 50 49 51 53 44 53 50 45 44 46 45 49 50 53 48 42 46 49 51 54 49 42 45 54 43 55 50 43 45 44 41 53 
23977 23483 21747 4155 6517 16381 28329 31711 14353 22978 20285 14538 -8313 10012 14550 -16744 -20602 16547 -16753 22920 -16507 -13148 10326 -16676 9263 -22609 -9339 616 -6534 17502 5519 10450 11889 962 -28951 23559 -20303 14001 -31626 -30431 -13384 2339 -27658 -23685 -9483 -19392 24478 9689 -30160 11491 32607 -16150 17005 15485 8541 -29584 -15122 -32444 30838 -7797 12328 2316 300 3635 4102 -29537 -22622 -18272 -5976 23436 -31766 5911 2113 -222 9491 15164 -22811 12969 -30503 -21388 24214 10078 6494 17050 27599 17614 -13627 27340 2735 -32518 13469 4484 28803 19545 29403 21109 -13230 4018 -401 -17835 15722 5274 -14715 -7245 -20716 -18466 13482 15066 -11567 -21675 -24781 -8407 -28081 -7713 26859 -6707 -28110 -29366 5256 -22131 6629 -5513 -22465 21541 12569 19404 -14962 -12035 
-10754889 -71561448 -367196476 278131401 338050948 4625362 11596757 -21051322 2148181050 -9203367017 -8894645 10750118 -366761150 12049658 -322049147 -4907220 -4709509369 5216562680 1487959448 -9271684563 4468205650 -37594044 -1231517772 -2806724 -21998628 660230228 -68439476 19995196 169612130 5373943 -22756338 1192912 159452047 4733747448 2946397 -201264150 -90599069 -329886306 -8405998 10234020 -270600352 -12056067030 -1494540082 -1422473 -21973748 -2619896 1170520788 2706270 -45115715 84156160 -87113858 349221387 199402541 2403293680 -1122116 605544587 -2586789 1521912293 41031659 -12863778456 -1332426824 165821429 -1291681304 320586617 148885741 -282201082 2246681 1070025 6226625 11502786704 -374976897 -150586237 -9850136787 -2930202486 1487766 3090430960 -4771195 149736221 1244440 35522621 2224655 22472068 -2392814156 -98235819 20565618 -2560827278 -47825716 -10173126544 5090047 -38582232 9652817266 -3016726 -361280167 -1135415 5497974487 44696341 6165306531 1561919 -10260677 1532102590 -4773854 -2771583 -1536878017 -18126200 42529364 -1251448655 -579418411 11418636678 -11238892 -5467680153 191733215 -782344160 90387245 2385138322 -49367821 1292303994 560447140 11609970770 -151339267 43810500 36216236 173398370 9674929 -4685722305 -4919338 -11479356 -383277375 -1243406 
32 34 35 35 36 30 31 33 39 41 30 32 37 32 36 31 39 41 39 42 41 34 38 30 31 38 34 33 36 30 33 27 34 39 29 35 34 36 31 32 37 40 38 29 31 28 39 30 34 33 34 35 35 39 27 37 30 37 34 42 39 36 37 36 34 37 30 29 29 40 35 36 41 39 29 38 31 36 27 33 29 31 40 35 31 38 32 41 30 32 41 30 36 29 40 32 40 29 30 37 30 28 39 32 32 37 37 42 32 40 35 36 34 40 32 38 38 41 36 33 34 35 32 39 31 31 35 27 
2518 13208 -2099 -13938 74 31067 6441 2422 22326 -1049 -10473 5294 -4370 23476 2871 -32559 -4447 4037 10209 -28599 -20559 25803 -10893 -7939 18264 6731 21366 -28754 3977 30001 11938 -22880 12596 -16566 12694 -523 -18549 22486 24549 15266 -22912 -8794 -23257 7968 10004 30196 -903 9500 11632 -16432 225 14632 -32751 12030 -28389 -9377 12193 15261 25407 -15239 567 -21176 -27781 32006 -15053 546 18587 -22052 -27373 -22531 -2164 20885 -21490 -28067 17122 -16265 -16059 23260 10791 20849 10569 118 -632 22903 -22435 -1785 -13981 -16493 27847 17291 -10325 -3396 20860 28293 1019 -18571 -27138 -5806 13869 10620 -30847 -26092 -6902 9055 -1150 -28236 -4370 644 -14547 -14590 -2045 -6444 -30982 31327 -17124 -9082 -20949 28086 -20411 -22256 9413 -12839 -22249 -30246 -30803 -5693 -25117 3990 
-5973808 -358682419 -2169399 -2712061912 -19358678 5114682 -6042228746 -170530655 41767754 2514399 163587007 2994154884 34058444 48163865 96315309 -5646660989 2386623295 -12145829 2180259 721456826 10919668 82492386 -69711201 72410998 6182804675 5743420 2306939 -2173406804 -1211370 9557624781 43549314 -1503078687 1149640957 -96431744 94041628 647822236 777402109 20051060 -668378082 4854917869 -12417205666 2872937 10117675291 -169904572 2283206 5350342 -1502635604 -23252569 346866573 -4425870 189858215 22070205 306513714 2580037 -301774328 169185256 -6254750 -10888540 -93755082 -11640620 1085158401 -1486135 -1581195995 1395827485 -11792196097 -1307032330 -2630556 -1258681932 -50059334 -199916856 -3077538664 200019824 8575108 -2279040304 -2783968 -194760943 -9064721 -1463429396 -99539393 -5413489607 -9911393169 -1263038022 708656257 -12563662284 394382442 -281158451 -172208726 10395018 36774157 1253268 -12141139258 200082302 5202472 -8913744 -311591156 -2119614 -325921297 2418172 -6146419884 -658916820 -538667112 -8409719 2181489 76906724 -36394309 -24088880 -85202303 25029084 10607725401 -395899361 642299440 -11759685 39892686 -2349959 10766381 2257423 12486578 331424489 382337165 -1307700195 339384194 -333531749 2727621240 17144584 5673310217 -197550559 10598796 11991296 
32 38 31 42 35 32 42 38 35 32 38 41 37 35 38 43 41 34 32 40 34 38 38 36 43 33 32 43 32 44 36 41 42 37 36 39 40 34 40 42 43 31 43 37 33 34 40 35 38 33 39 36 39 32 38 39 32 35 37 34 40 30 41 40 45 40 33 41 35 38 43 38 35 42 32 37 34 41 37 42 43 41 39 44 38 40 39 34 36 32 45 37 32 34 38 31 40 31 42 40 39 35 31 38 36 35 36 34 44 39 40 33 37 33 34 32 35 40 39 41 40 39 43 36 44 38 34 34 
10803 -16361 23990 -9598 -23698 -11906 8200 4959 -2816 4491 12798 -12451 7380 28972 29183 -30393 2723 -5336 18808 8245 20844 -11763 -7177 830 30004 2136 29840 3233 28679 8508 -9635 -21512 -5298 14609 11492 -32756 -20875 -15739 -15691 -17580 -16215 4394 11967 -29194 -19311 19888 30986 -32289 29494 -17902 15044 -21026 5337 -26024 -14476 30741 3584 10297 3739 22559 -16987 31698 -8692 2084 -6974 7311 -553 -25324 26733 -26401 12158 -8006 9152 7317 -14073 30550 759 23857 -12955 4650 27279 23591 -26062 -6722 -27754 6575 17711 10683 -4813 26277 9185 -23825 -21548 -26464 10333 -25834 -8922 -29144 5468 -7382 -23775 -2620 28447 -8601 -18740 -10675 32391 8896 -13956 -3497 -8755 -12874 19569 20575 -10847 12421 -1799 -20237 15290 -10342 -7450 27338 27910 31540 -15093 -23278 -13291 20221 
-2920032 2255177445 91108385 -2946816091 298338977 -2600476 -33607482 -1240478 198853931 -21008078 -20403876 4936937774 -12835014052 -1155583701 -24227597 -654879969 282771384 12696693863 -9371487 181592837 -1545196446 2227874954 -378643008 17565187 10844276102 37138666 1413400 660529104 12782487187 10245422312 -2174561 -1089660 166611063 9373665678 2607118220 5844178 -83648655 -2650099120 -2790815 -19147666 -18194984 34674480 2273824095 -5029296363 -39776111 -1226537720 10453762858 2741310 5808802 -36163890 -1103779556 2557475519 2446174 -5576774 -17346753 -34812485 -42807311 -3009775 21664260 1546242502 -76783495 -9357125675 1288374239 2932295 -1138370152 9511841910 -4600565 78815746 21999189 -10405180 -12402564 -48103506 -392727035 -6173439478 -20137285 2719968741 -6182105197 1500048717 135932444 -2526729233 49903641 82930494 155293518 -2673633909 -311760634 -4806266680 789944745 1102370 196290779 -11257086 -6385125758 83273183 193205464 5302553920 23822146 11284505 -1108230614 -146520913 1287545 -46423959 158765996 6337667630 -670317648 1539796 -3000171 -21984184 -1425264480 -2392173 -45523482 5566431 1118354964 -10503778651 -5755217438 4624438 -24636643 2742101532 38528249 -2704293980 35856667 -69886246 -137636638 -10535518561 40366238 5137741 80507389 -4681641 -87429580 -2853289369 
31 41 34 41 37 30 34 30 35 33 32 41 41 39 32 39 36 41 32 36 40 40 38 32 41 35 28 37 42 42 29 29 36 43 41 30 34 39 31 34 34 33 40 42 35 40 41 31 32 33 40 39 29 30 32 34 34 30 33 38 34 41 38 29 39 41 30 36 34 32 31 34 38 41 33 39 40 38 36 41 33 36 37 40 36 42 37 29 36 32 40 35 37 42 32 32 38 36 29 35 37 42 38 28 29 33 39 29 35 32 40 42 42 31 32 40 33 41 35 36 35 41 33 30 34 32 34 39 
14144 -2494 5729 -24571 15040 -14570 1842 -20818 17653 -19924 14870 -9116 22056 4219 5543 -2262 -28577 17036 22067 12681 -12563 -30951 54 -32300 -27283 -29980 15492 9558 6303 -14986 -12348 31639 16520 24145 -7133 17312 -17816 -4127 27760 -14299 -21992 9614 -4884 16203 4061 23008 18463 -1875 3662 -5023 2950 22767 -31164 -9282 18758 9077 -3603 13017 11333 -18966 30629 2592 19073 18741 -9777 26229 -4884 -17322 23017 -26616 -22342 30055 -11395 12971 -7712 -12762 10402 12898 -23406 -8465 7859 -1178 8207 -6936 16262 16792 10422 24424 -3059 29956 -11652 29713 8839 8609 8998 22363 18681 24531 18625 3178 4520 6839 -26432 13653 11061 9346 -24572 21275 -9968 -1785 29585 -9132 -2413 6320 -31066 8088 -31275 -11796 -7880 -13785 -15451 8359 -9170 25253 21557 31681 8103 28872 
-3069435 -1319816455 -2740803151 -1067935 1130813769 10110801033 1182753 388305589 -45609511 -9196956223 1608628161 -2285376938 2971834394 1240976712 21417320 2348968444 -177029407 -695510211 -9016221 5644303533 162967333 -4305867787 -2492575939 355422702 2183098015 4574556 -1491104 -5197999007 12052751660 -2499645 1428910326 2628767493 -23571290 681664967 44497513 11565435500 1314446521 10626645 -140036781 22698107 -76410912 5538507 5924950393 68257370 2344657 -99789849 -4478387 -2850335133 21765742 46637134 2905181116 4310620994 164773348 16914821 -798811277 49559568 139299368 270812338 -70798712 -38576728 5681017799 1441259 -145265585 -390921450 -68538018 -44878106 -9455280 -1244091196 5118152517 22359967 310783082 8710206372 371485787 1236537232 -375330848 11387986 5165565 2207818 2678108777 -25142187 9732635 4762375 4309925 -2755153882 12686505915 -93992657 -45841123 9992677709 2424753732 -5497234726 151165449 599551918 2826607 2187089 -623636216 -359194138 5012348 -189022833 -1289825 -181609898 -19952361 5522801 92912152 97315391 11298944089 12242657810 -79714882 -281718701 -272770611 -4413022239 364827809 11295374 11171163 -1231719056 2317087558 -1165279 -8791378874 -5844615262 2288936179 12556406940 159257759 391344716 43375761 20751020 -8633229 11152064171 -186275014 1165874675 
36 44 45 35 43 48 33 41 38 48 44 45 45 43 39 46 41 42 38 45 41 47 45 42 46 37 35 46 48 35 43 45 38 43 40 47 45 37 42 38 40 36 45 41 36 39 35 46 39 40 44 46 40 38 44 38 40 43 40 38 45 34 42 42 41 38 36 44 45 38 41 46 41 43 42 36 35 36 46 37 38 35 36 45 46 41 38 46 45 46 41 44 34 35 43 42 35 40 35 40 38 35 40 39 47 47 40 42 43 46 42 36 36 45 45 33 47 46 46 48 40 41 40 37 38 46 42 43 
11448 10137 -11648 19351 -30586 -16450 -11911 17472 23559 -25885 25602 -36 -22141 17257 -18959 12230 15123 31201 7132 -2924 29225 -25117 29517 -3646 27086 20049 -30495 6275 -4562 25279 18589 -28939 -8023 -15110 -26127 12203 1157 -1596 -29789 30351 -25778 3931 23380 21030 -6122 -10907 -1507 20302 -18862 -4015 -14134 23459 18730 9062 19281 17726 -1713 24781 -25289 28286 28828 21975 -22138 5338 15022 14190 -9951 19706 -9404 19289 14308 17978 -15588 24070 15047 -16754 18222 -9315 -324 19420 20245 22639 -18837 6967 28673 -62 -24506 23479 16773 7282 -15330 31204 -9667 -29802 -22742 -18859 25798 13411 -18972 26357 16645 29903 10337 -20211 -9726 3927 27960 -26757 6173 16301 9019 -21185 -23899 -3327 -12149 -20721 28168 -12110 -3022 28306 3717 5611 19338 7640 -14127 21702 -4241 17445 
4993813224 790064381 4312799 2900109980 -1203420 -1236202 -1450209690 -9158562 -1355944 -585331566 -9087480709 5067973606 2430388002 -2284993817 363383583 -12143798 5445256485 99788645 -8944433836 -2396055444 18233311 -4650431 8706723772 5889244 4897286136 -147624312 -1498604213 170187943 -3065655366 -5531470 174987533 11377965 -1280928 -45325097 4215839 2543053 2272562 92864240 -151363613 603619391 1144915147 2357159 -368840330 -2533977 -34358185 5499967644 349334026 -8539221 -4216407 -682401230 -179625403 36597705 4239093 -10505008432 5876475824 -35228251 -5563670 -35042875 144431083 -1461821159 21962294 2263980647 21730294 -5205584381 12003929 -623150782 -2249663094 6023361491 -45306911 -10493212481 47456638 -755499981 -4296227 5778973 -190119795 -96785612 -98307957 -1200806317 4948346598 -706495342 36508863 5795286 11332336 -544770801 -17159080 42609525 -3067158742 -328086322 186719208 171428361 -1465125969 2984222569 -8608014 795677395 -67364555 -5226276 -11927999 195494280 -22968394 667831405 -22391298 5560334 -10359876366 1443377 -695990103 4297407650 -5175023 2963568 -1224957208 181720724 11628986995 -11866678 -335409546 1416499209 50209265 -138942040 -2657524 -296070644 -95183216 1115468 5610110 -5860265967 1372557208 -1508301208 -34746170 6348681732 -2656723 1087020 
37 35 28 37 26 25 35 29 26 35 38 37 35 36 32 27 37 30 37 36 28 28 39 27 36 32 35 32 36 28 32 29 25 30 26 26 27 30 33 34 35 27 32 26 30 38 34 28 26 33 33 30 26 37 38 30 28 29 33 36 28 36 29 37 27 34 36 37 29 37 30 35 28 26 33 31 32 34 38 33 29 27 29 33 29 29 37 34 33 31 34 37 28 33 31 26 27 32 30 35 28 26 39 25 35 36 26 25 34 32 37 29 32 34 30 31 26 34 32 26 28 36 34 34 29 38 26 24 
-9614 8980 -7820 24025 -31593 -672 -1409 -2459 -15833 14654 4623 14518 -24291 -1829 24305 11020 23815 1932 -4680 8678 -29888 -26118 13401 21655 -25865 -10998 -21389 520 11539 -31263 28334 -19398 563 12413 24476 -19500 -9834 -27162 -17192 13318 13664 15393 -13348 -30745 -8504 22015 7670 1405 -19756 -23376 -12835 5544 -27187 18196 9138 -8794 21025 -8856 30738 32593 10894 -7832 13707 11262 26536 7376 6190 12131 3677 594 14878 10928 1483 -9308 -26955 -29539 20249 28018 206 -28101 25120 -24895 -17799 -27522 3929 -626 13698 31787 4819 -5360 25043 -5152 -28356 -18570 -16667 -7149 11851 11245 -16676 -10177 -20194 -22109 -20702 -22546 -32127 23474 18053 -31221 4839 -12558 -26377 -15088 8437 -7507 -20034 3541 -15075 6625 20626 25530 -15647 -11724 8192 -17239 -31348 9735 8621 -3289 
-5757817292 -2265045 73316135 9617900 -87227788 -11069641970 3157768075 -12643226466 9029132 -3000985600 786921067 1093179609 -1262220 -2692839507 -4225747 100096998 349675474 42080867 1244626145 678506493 45574239 -2213008722 -22405526 -99500067 -1272076 88899526 8779812 22055467 -22682061 -11371785422 567682931 2368287 9410919729 -3114551 -339211774 -4469099969 10370125655 2190795 -11953193 165338380 -36706873 82345550 -5116917007 3042570 -283426777 9825440298 -2281847112 -317534702 -9512959 -2865997919 158984856 -286402681 4889567 -147701565 -1331423494 -588393696 -45311871 -21344983 -5327488 1527622 2291026 1219400 24193020 -6105836853 -1322351747 -4271749 -2188717 143872883 4866721505 5426238 9258664 17996361 -1498918 177933686 -2353485454 -11606486838 95565426 721407626 -2958766181 -152201393 -5068803962 34495559 371674133 1303439801 726580425 -1222641778 -2189758117 719718635 181578725 2768937803 2970811 327538452 10267697 -8952789438 9443818 -2895760 334125521 -2859141 -8519507 -166553742 -6030785992 -299089273 10377264571 68434476 -3030258473 -357260302 1558056 81742313 42741791 602695616 47753828 4654398 5516146 9385898197 -11606088052 46563456 550447388 -756735639 -46282130 3044876556 -12236387 2631866 3121701220 -4752457 9619158 -2869298 34792739 36784819 
57 45 52 47 52 57 55 59 48 57 54 56 44 57 48 51 54 49 56 54 50 56 48 50 46 51 47 50 50 58 55 45 58 47 52 58 59 46 48 53 51 50 57 47 53 58 55 53 49 56 51 53 47 51 54 55 50 50 48 45 45 46 49 58 56 46 47 51 57 46 47 50 46 52 55 59 50 55 57 51 56 51 53 56 53 56 56 53 53 55 47 52 48 59 48 47 54 46 47 52 58 54 59 50 56 53 44 52 49 54 50 47 47 59 58 50 54 53 50 57 48 45 57 48 49 47 50 49 
23632 24379 -27589 -16417 -22336 366 -24604 -3418 -30941 1550 4087 13205 -16570 24443 -23699 -14558 -9267 -19959 -27465 784 -12644 -832 -5395 6892 19215 -19579 6086 -22161 28272 -20167 19890 -23040 -7102 4522 10272 26882 27018 -19691 -5406 1352 -5458 10662 -7917 9736 25650 31847 30968 -2765 2936 -11013 -16568 -17946 31461 22928 -25264 -4497 -1034 7271 31056 -30540 -10723 15686 3385 26130 3086 30762 -17793 19891 17144 32673 28292 19359 31686 -603 15665 20719 -18007 -20716 -24950 -7916 -32646 -1532 20526 -18047 -9177 -18711 13130 32602 -15578 22694 -17623 -3799 23401 -13097 -14696 1781 32048 6039 18903 -26417 -13047 -32245 28236 -24260 9084 22319 -18318 -5498 -25999 -27198 12405 -13624 14191 7225 -682 13860 -31853 -18449 23560 -14654 -22534 -9157 -32310 -9552 22707 -2800 -14505 13247 
8474127 326441423 -4830104588 -172126160 10383550063 329386092 -69109387 -1225193351 -164461463 776704875 6006021 1084660 5174190 2348845774 -2180300699 673578493 -679269583 542133895 6152972493 1159646774 177934561 -5090963 -1231797 -2410162 11048919677 11891326150 -2383574266 6008378267 -4494962914 -95308829 -18924178 17154563 1090957 -142122095 -2958881723 2816374930 1278466 2498010 70142935 -2382839 5405973 -341605079 -12855268794 36070661 -178934175 -4630980 -757587360 -4371847427 297789272 754319152 1314620 -2305482 -379496497 -18070373 2716291187 23368500 11507460 73229954 139470051 -6064104 2100055 295723901 40102480 1578691762 1121096 1096984496 316348934 4464217805 -2283743147 2348486416 -10286623 34081883 1468947 -1380811 1507645 1445627323 -19234672 -2149456 -2569264737 2255622 291926887 41036611 2198667062 -1544168 -1284262651 -382380093 11342544 -17228231 74664629 6264413249 5597114214 24898494 8529523 197091547 1173195 34435544 278937573 11609266949 -2277780 21147712 4572466914 12076544 1306444016 379003966 -5532176235 -1109674210 2187725415 -193627764 5086957446 5575757 -70958778 737112524 6096050038 -6367491763 329610036 -20088768 317897856 -174786363 1200598 -611135081 -159115414 -4827340131 9807488289 20968602 -1100183 80934333 12678633350 -605692728 
26 31 36 30 37 32 31 33 32 33 27 25 27 34 34 33 34 34 36 35 32 26 25 24 37 36 35 36 36 30 27 27 24 32 34 36 24 24 31 24 27 31 37 30 32 27 33 36 32 32 23 26 33 27 36 27 28 29 30 27 24 32 28 35 25 34 31 36 35 36 26 28 23 23 25 33 29 26 36 24 31 29 35 25 33 33 28 28 29 37 36 28 27 32 24 29 33 37 24 27 37 28 35 32 35 33 36 32 35 26 29 32 35 36 33 27 31 32 23 33 31 37 37 29 23 30 38 32 
-4606 -19603 -18874 32700 -12980 -15542 2856 -19260 27100 -16646 -25124 -25618 -14974 -1863 3406 -2593 -28099 11593 8453 6874 16469 -9631 -12286 -2146 18522 31567 30569 -16480 -23216 -21996 22817 9515 28732 19781 639 12087 14681 3910 -7741 9376 8800 24374 -20197 -13418 -18166 -31318 2803 -5411 -13023 -22045 14479 16348 31174 13140 -16453 -2987 -11243 -32081 -21432 30909 -24739 -22407 30690 9161 28646 -20909 28971 -25627 -18060 -12265 1154 -5352 14032 17914 12020 -30526 19950 27759 29563 22781 -24267 -10751 4730 26234 -27310 -28841 -2842 19740 -7210 29875 -28740 -29116 -13958 -27983 -23314 -17893 20138 30405 3722 9300 25727 184 -20130 275 2905 14116 -22147 -3628 2376 2942 -23879 -21870 9990 -25581 9559 11050 10892 -7328 -27648 -23844 11318 23629 -13933 7361 23111 30952 -8892 13844 
-193421843 -91964629 2834105146 2233489521 -2916907740 35633987 -197299927 -9329463 -4843124 -18205137 -10882490351 -2677577 1373600786 -12242947117 -1546890 -18650959 394569949 -171214290 -1408054 -1285929 1173227 -1515808 -294697484 -23722992 2278458264 -3143437 1559938 -699022129 -96223160 17145948 -4388949 174589130 1487730615 2539269511 4902287 12333919 2190906 572694197 9112568 606585444 -4839708 -1291464341 -48541971 675322641 1493872 -9933266833 -2328315 -152247503 401932894 632379397 -46893401 -11082315 566985377 -10148999346 -393516379 -88408377 -83103957 350559693 170114174 -1287981737 -2561764 12708675052 -142499366 743237528 -6170123352 1409266 5990156983 -2885395900 43202205 -20567294 -9530962 3136231648 -175478812 -2205981 20850953 337137468 632172365 -1363709 2976430181 -2285928715 47957399 181086446 11922158 1345997333 10602366172 2512033652 712151692 -4318848880 -160997639 -138563001 -1218844082 2168941268 -20138758 -8550966 -747050319 -2547022272 -21001683 -1156700 19228628 36258639 5330429 1139866 5426479 -2694790 1148914706 -9233918 23169692 -24155067 -1369893 -2889141032 -96750997 2118387 5560013 -86347938 8953796564 -646541030 -771822239 2319880 188134351 -36009347 5844616799 -75043306 -377791374 2312430647 17821929 -48982575 -1055626 74891435 
32 31 36 36 36 30 31 26 27 27 38 24 33 37 24 27 32 30 24 25 24 25 31 28 35 26 23 33 30 27 27 32 35 34 27 26 26 33 26 34 25 35 29 33 23 38 26 30 31 33 28 26 33 36 32 29 30 31 31 35 25 36 31 33 36 23 36 36 28 27 27 36 31 26 28 31 33 24 34 36 30 30 27 34 38 35 33 35 30 30 33 35 28 26 34 35 28 23 27 30 27 25 26 24 33 26 27 28 23 34 31 26 25 29 36 32 32 25 32 30 37 31 32 34 29 28 23 30 
9755 -26654 -26062 4855 -20202 25809 -26902 -7902 -25274 -24956 -28226 -14285 4373 24996 -9611 17191 -37 -9314 -30003 25851 -4894 21381 -4631 -25316 -18014 -29388 27863 -30153 15508 -1448 31798 -13402 15025 32675 12112 -11661 17198 -15216 31324 -28048 -30268 21514 22112 -31903 28562 -24101 -8949 16129 32204 -26735 2505 21239 -15226 20246 995 2866 3989 -22665 16226 -15870 -18347 3496 -16926 13941 23230 -6956 27699 19076 7274 -11152 14974 -25893 -32595 31359 -25823 2996 -7504 6273 23692 19147 -32563 12828 2657 3098 23903 24229 6006 -6135 8630 -16628 12817 -25134 -29995 -9835 -8270 1625 -307 -5623 -13213 -8441 30472 7752 -21232 -21346 1838 -28608 3789 30868 -6473 -22800 15129 -29202 18002 24160 9863 -30910 -15449 16349 27355 -14920 -30665 -23637 -10434 -16482 7899 -1273 -9899 -28119 
190834681 2209764 24448031 4835408 622590204 1144891 -1274506157 4808497 -172681752 1123960 -23301695 74316677 1354672 21836240 1448638264 1216461102 -2370364 -757466697 5420895 -3117305 -5431743722 12464075 -383905834 94044984 1464568 -10033573177 147400358 1393842791 6233250751 -21419975 378750157 -47612954 -68239197 2647134433 2255149 -1355992909 -43444502 -38652280 -377328855 -185949886 -329606491 -1534929 -1293208344 -1159129923 -341887636 -289094527 1383977 177186964 2157170 11904990 1075697832 -723345911 8710103003 9840703282 12659916756 -2882195348 42328533 4809733 19715936 -11941098150 -194211508 1258677 -5558410 -10225776 1072310 1483759 9249517451 -22827391 22868190 -198031413 196781911 -19614350 -8699744 -6019621 2500578 298778532 -9774664 1574582074 -80489640 -5506479294 5365597 -2376075 20900028 -11934723423 19131101 1509045 -394779012 -8850189285 -5876529 -290707236 20497673 10478506130 2511790242 2815035520 -5119031325 -70513252 86681673 -151470136 -4875870649 175643354 -35644893 5901491488 1415580 1166262371 2615854528 -2170016607 -1054783 1114817 8658502 -3190677855 -22940662 -2703333 18756507 -2672514 2700900148 1575455416 -10738360353 11882760 305809859 -6194517314 2152338688 1506766 -605725584 2627071 -195014286 -6092060422 2599001493 -1551887044 
45 38 42 38 47 38 47 38 44 38 41 42 36 40 46 47 39 45 40 37 50 39 44 43 37 50 44 47 50 42 45 41 44 49 37 47 43 43 46 44 44 36 46 46 45 46 37 44 37 39 48 46 49 51 49 49 42 40 41 51 44 38 38 40 38 37 50 41 42 45 43 41 39 40 37 44 40 48 44 48 40 37 41 50 40 38 45 50 40 46 40 51 47 49 50 42 43 45 50 44 41 49 36 46 49 49 38 38 41 47 41 38 40 39 47 47 50 41 44 50 49 36 47 38 45 50 49 46 
27230 11805 24861 -6305 -2925 -8445 -13153 -18756 -5768 -6148 25727 15089 -2292 15679 9697 1168 6619 9090 -26857 24429 -15619 -1158 -26931 -16682 -22394 25996 3061 26811 -30622 14738 -5536 6156 -7215 2954 3017 -27356 -16236 6219 -17442 -22287 -31123 28463 -9442 -10603 30502 -8859 -26737 18027 23131 28181 -28691 -27075 29447 2391 20557 20952 21391 14519 -16605 23212 -24999 -17100 14382 12152 18543 6303 -15919 16532 -2725 -267 -21514 12997 25348 -30955 1776 -3081 1235 -23712 -28100 30920 -2461 -2021 28290 -23510 19790 -23551 28913 9085 -10454 -7592 7292 21493 19043 -4745 -20452 16568 22283 -26605 -5606 -26049 31611 -25909 -20283 -14162 -11878 14396 7625 -922 13017 -5790 -18069 -30072 -1329 11383 -13793 23396 -23027 -3048 21501 -28661 -31702 -10989 -11286 -5916 -21201 -6818 21448 17273 
2881788 11201493 -20734106 2701931229 -12472222 -12375719980 2850927 154358494 1377554 2420818 -12853879532 -1606617220 -4734211325 70723306 201027715 -87635569 10637827216 84522232 -1345984 -1500643 195339399 18697339 1406726803 -1393514 -680895835 -23817611 -678909714 5445794 19948932 -2959620578 48551367 -148785505 1415101 -8521067 -154848081 -4357156 -2899002 11012420325 11245710 2433756 2393346 -268719535 11710494 -4718418 46868020 798672881 -362580435 -181800063 1308524 728208347 -288879309 -10286218 1510315 21385097 -284060030 24358857 -3140598 -8912356 6164375309 -18003853 41127314 -3146182606 -785342699 -2168090934 -5228851266 39855717 -2105417 2822306024 1487608 608522491 21849914 -49583542 -90899885 275463601 -12200539 -10985547608 -10526179797 1488773271 -12540419 -1276706 145141288 19203137 3000929 9561189 1116017 -18871789 6353259138 17668062 5926147307 2461330 12280514143 74808305 -580356224 312203548 -141384417 2645035385 -5917820899 -90526583 97851083 -11950452911 4558662772 42331343 12698036886 318352555 4209198 38875080 11511758 2925059001 794753357 -5683672541 19720552 658862471 -2549395503 -323062715 -85039538 274667534 -146586892 -4926399100 23656387 -9968172264 1389613024 745904880 3171268971 -1294949 -4921928 2194891303 3106002596 -1567062547 
42 44 45 54 46 55 42 50 41 44 54 52 54 49 48 49 56 48 42 43 49 47 52 41 51 45 51 44 46 54 47 48 43 46 49 44 43 54 45 44 43 49 44 43 46 52 50 50 42 51 51 46 43 46 50 46 44 46 53 47 47 53 50 54 55 48 42 52 41 50 46 48 47 50 46 54 55 52 46 43 50 45 43 45 42 46 55 45 54 44 55 49 50 50 48 54 54 49 47 55 54 47 55 51 44 46 45 52 50 53 45 52 53 51 47 50 50 54 47 55 53 50 54 43 43 54 53 53 
7387 3624 -26291 1533 -9694 -2351 -10403 -13278 11866 -26743 -2694 3395 20409 -14138 11680 5843 -24858 -4765 -16561 -27142 7298 -21874 -6814 -5301 -18373 25153 28897 -7810 -26106 27426 14769 -25956 23524 3765 -19823 26738 -14611 23115 -17816 -11623 -8985 -26015 3373 25551 -14551 -27964 -24128 32615 12854 -27469 13451 5300 8415 -2715 31432 20298 19365 7599 -28881 -11076 -19425 17081 -32068 -28586 -6551 27860 -32558 2531 28394 -292 4622 23699 -18576 -13014 13956 30313 -16710 -14945 -21995 -24869 23678 -26378 8612 17110 28020 -12678 -24410 -16389 16082 17044 -19613 27728 -6697 -10777 16757 21070 -22354 16335 -32320 30120 29962 23719 5522 9887 -30267 15716 29785 -2684 20148 23777 -20608 -16376 11962 12831 14101 -7585 -21889 10295 -7473 7418 -17744 11887 -30471 -6528 -26754 11731 -941 21164 
-8677336 -12735072143 5844434 5815395 -4917179633 -6241885037 -10449168 1262602465 -1452537029 -787922669 -5430963731 -9559366026 -584745863 5675476 8424550 2926633 -6065501260 138646842 -9527014765 2979731 177863402 19300731 287942722 -5869128 -576340509 24328106 8783816055 157461074 19571914 11948146407 -1080190403 4913554 5488258 185490092 -2590464 2988116 -92883898 2272856 12487373390 1537462 -321516921 4399227018 -10639366 -754267650 -677608912 91469405 -9819620 9027282448 -1395899990 -1314249 -11833795 9681728 -44477667 -2898598 -799482423 21474190 8728219 9517980684 4640492 1214641867 5525189 351708917 2335324 305912815 -1114123751 -36949428 -3132323082 44735486 9803434 -550232841 156739077 -3096617954 5061573365 -44303913 -9480505 -402307143 1344422061 -2592598972 138968270 328760489 69091187 95497598 -70580167 384944170 9958887 6224547751 3172164196 -2869747573 -1344228669 -18633781 368497422 1540290615 2282427 9975669 4227294 3004550428 -2774661656 674801237 175944558 372080465 -8689722021 -1135450517 5509956945 1340210649 -9882116565 -5075744 -2202604 -4578904734 5339864863 -10466595 -5353624880 -2803958 4475402172 5957576 1258798903 25095371 -2252945 2518889 4816082 35591099 389816430 -44880464 -6234979 1481877829 -198641069 -1569886913 -83735129 -12750019893 
30 41 31 30 41 39 30 39 39 37 39 41 38 31 32 30 39 36 42 29 34 31 35 31 38 33 40 34 32 40 38 30 31 36 28 28 33 28 42 27 37 40 31 37 38 34 32 41 37 28 30 30 32 28 36 31 32 40 30 38 30 35 28 37 38 32 40 33 31 36 34 39 39 32 32 35 38 38 34 37 33 35 33 36 30 41 39 39 39 32 35 37 30 32 31 40 39 38 34 36 41 37 41 37 40 31 29 39 41 30 40 28 39 30 37 31 28 28 30 34 36 34 31 39 35 39 33 42 
-8096 17918 12734 -2141 -507 25599 22272 -6102 1984 -21107 -18913 17493 2206 -11492 19918 -5454 4843 -6461 -4886 8897 -25678 -26755 -16875 17837 -16112 -14912 16328 -2793 -15419 -18647 -29891 -13481 607 753 -31618 23362 19347 1884 -17459 14146 -21093 -4482 -17973 13286 -8107 -7653 13106 15880 -83 -25503 2673 4131 -30904 9379 4174 -16702 32357 6750 30846 30868 7545 25134 -19641 -25938 2086 1827 6280 -12100 13179 -32231 -26042 -30236 -3913 -8852 27029 -5878 1658 26755 2370 29606 16691 5910 -4618 7094 32738 24227 -20445 -27856 900 28850 13150 -9548 14648 3738 28704 12079 -7260 21702 7561 -14986 -1805 23264 -16565 25578 -19264 -21503 6885 -30682 10906 12415 -30247 -23103 -18055 -13009 7386 -21964 2945 1771 -13321 -1847 10962 26323 7680 14766 -14068 -2447 -25656 -18816 
-10862319 2882541 11292347 -12152434 16870471 4650399 -10488161 -85021670 1473592 5970749856 -9944127289 10593067668 -41747973 46508481 319479243 -2485784812 35263645 77383503 -378578381 42284498 38713364 1318196741 -36614646 1438854476 4940080 621621934 363180796 309532866 328121936 -389067831 -2235186792 -2653856753 2188029094 -6109232365 739715889 -1406466658 5338331 -20664923 -82766843 -1296363100 9385825801 -4630168 389984557 -9495067 -143071741 345579478 1367408 -1339672535 -19432427 1166389335 1444753878 1410592 -49022700 -1414298 -774864866 -43086302 -35778166 2416498278 21921384 9015033801 6304340726 5394131119 -11109943690 670426180 37708963 6316982390 639081585 2805567244 1104874 39037656 3054286 373004726 2470344 2160823541 -1452661 -74727358 5177406 -5221893 -3060389 4418491140 589256684 2208529 -40002905 36985572 18281374 -11396264363 -675209019 -197582517 -683586540 4915831426 1304120 -1252967422 -36671844 33688294 -2945925122 4272130 -1415261894 6054083 -69683864 -9300623943 -5545373 4788995 -10589359505 -1145011358 24210842 48794051 134258234 -746331488 2493452 -10971291657 25135229 -5416475493 -5728583 163316880 3187636140 -47098300 -4936418 4508902 -1318277603 4415178114 2224622976 -2941396 -5979854303 -70049389 -144489417 -8949009 78206912 363505104 
25 24 27 26 27 26 26 30 23 34 37 37 27 29 32 35 28 30 30 28 29 34 28 34 24 33 31 32 32 31 34 34 34 36 33 32 24 27 30 33 35 25 32 26 29 31 23 33 27 32 32 24 29 23 33 28 29 35 26 35 34 34 36 33 28 34 31 35 22 28 24 31 23 33 24 30 25 24 23 34 31 24 28 28 28 37 33 29 33 36 22 33 29 29 33 25 34 26 28 35 25 24 35 32 28 27 29 33 23 36 27 34 24 31 34 27 26 26 32 35 34 24 36 28 31 27 30 31 
-9105 9408 32098 -27301 -6503 -2081 13530 -22431 3696 9939 -8224 19772 -11009 -14923 -18056 -17832 22392 8163 23703 -6668 26318 22024 1136 -30008 9444 26074 18294 -17609 18400 23717 9247 -21619 -25442 11702 -5884 -4336 27478 14754 -30525 -32395 -31716 25739 25181 -27096 22636 -26291 17187 -13327 2284 27915 31383 -31595 -15564 32463 5064 -20431 11970 8502 21250 5342 -9499 -13632 -6332 2084 22788 9421 -22080 -15699 29212 11564 -5529 10477 -29859 -26081 -13970 -1666 7745 -121 24441 -27076 -23812 -11289 -30050 27488 17154 20615 -8526 -8351 -27267 -5375 5487 3290 14414 -9841 -17511 3861 19321 -22763 -26440 -10343 28089 16774 -17007 30038 19640 17010 887 -8627 18841 -12628 -19306 -20636 5399 4563 -27416 -19827 -6415 13826 27011 -26631 -5341 -28318 24419 -20570 -721 -30293 22961 -6762 
-19262344 200996160 -4555699986 12203642077 -10019530 -169746462 283781116 -77642793 -1562524780 5550706 -2969549563 -45135660 11909671 -1450100 -21121021 11064117 5939477183 137717066 -4363343 5157005 -186566442 2466863 16814307 8784050514 -96425874 44786604 -2755419 4655423544 -2856355759 -41338785 1398674173 -1189053 43613894 -10230900 -286222695 2375569542 2673073 596273359 -74705817 751334873 -177956120 3053940 -398929800 1090745127 196428864 1254250 47332876 -3123065092 2445344407 10316407 150182860 18035772 -758846681 -2285315 -2981884186 90218014 9670589 -12854337167 -1602100365 11661478827 1411730979 1460169 -2880758773 -20183056 -1095068 -2238683267 -10162376 -9746861705 -46029021 6244796 -12423945 1136925 6121297907 -148721592 -91892650 -2529539907 46822384 -4674553 1367626220 -2709304407 -1431206 -6036517 -8884099347 10782547 1267525287 2799460752 2891404 12651724250 -44229889 24516949 10527411422 2369774 -197785024 -1129096860 -4825624 -11319031565 -1054871 -398129940 -1271987 1264407036 -42346334 -1158449 10720416 -338461632 -11457197 -24368658 12424071562 12432741418 -12178331824 -144213958 -138262259 2360225997 10596311 10163955 -4522752 70576709 -72080302 -2467215805 -35591989 148965813 -1100777407 793710123 -5286868 1484955 -2882292 160156636 564899122 1467097968 
44 49 54 53 44 49 48 48 52 42 52 46 44 41 44 44 54 49 42 42 47 41 45 53 48 46 42 52 52 47 51 42 46 43 48 53 41 49 48 49 47 41 49 52 47 42 45 52 52 43 49 45 51 41 53 48 45 53 52 53 51 42 53 46 40 53 43 55 47 42 43 42 53 47 46 51 47 43 51 53 40 43 53 45 52 52 42 53 47 46 53 42 48 51 43 54 40 50 42 50 47 42 43 50 43 46 53 54 53 49 49 51 44 43 42 48 46 53 45 47 52 49 44 42 41 49 49 51 
14838 -29962 -11245 31602 1922 31628 -28001 21182 32762 -22062 11199 -28682 2801 -557 -19299 -7393 18874 9660 -21704 -29129 -810 11419 4991 16622 -29523 -17718 -16893 -14458 -14417 12584 19224 26278 18814 30634 13677 27870 20709 -20681 9372 -16184 5096 6762 -9956 -5262 9664 -24054 -27255 -28135 23389 87 27330 -22738 -22359 13864 13399 -5370 -8538 -15797 -31960 6980 30833 -697 -20106 -13833 -23613 -9332 -7471 14376 21203 -27637 2584 23018 -22789 5308 -4988 14759 19341 28799 -14631 29125 10719 24681 -8452 21926 3119 -18070 7890 -22940 16430 -1904 4623 26385 -28705 -4746 -23884 27483 23262 -29455 11910 -27460 22342 16640 -4985 -13473 15110 10012 -5565 -29416 31450 -9980 31331 -28147 -23199 6312 -5492 -20149 18634 -5542 -14413 14739 -14649 5184 -2100 49 18085 -22691 -15968 -14513 
-1240882916 -33720910 -1261333 379731165 11406191737 688463243 -4271243 375461947 -2882813824 40115092 -2395748 2338097 2248133997 179447673 -5834343 2808551282 -36464096 9544811324 339474720 -4602386 1073540 -11897203 -4738253 -723057015 -665854574 -544743969 2167107330 49666688 3086085199 6272842 -17827552 -1445063 35667645 -189363841 2291140036 -150901711 -2122906 -5890095 19964397 9807886 625388117 -45098550 -4612497837 190461637 -2528930495 -606447764 17899728 306029036 705800369 70955737 -306805938 -3055577975 -11106737 -9454826 -11256822724 5517735427 -40919285 -40988424 -1312317 -1421365 9868292791 91360233 4560139012 1220021814 2396567547 -12878815389 -1125185 11876221439 6193183126 2235049614 90281054 2967068041 43742235 -8928000345 -383349871 96597111 -84955529 3114287 -5697554 -159152385 -2555047690 -1174233563 17603170 1112632 9359536 2649057 2150896618 -5939070019 -6028162 74403155 -3011048576 2920049 -18393593 5468228 -23162526 42655142 -49749398 -5776461 -34262647 -24084353 46599460 2552437 -19071592 -2412737 198089624 4688232437 -82324814 -798424058 -1343363 1414151628 -19258967 -5103652221 -23211961 12515218 -12014467528 24543194 4410818 -5371911 4381079805 -19200023 -762831666 4266506 69057237 10430537 46553324 2710372 -157671257 -5880390 
37 34 29 36 42 36 30 35 38 32 30 29 40 36 30 39 32 42 36 29 27 32 31 36 37 38 39 32 40 31 33 28 32 36 38 35 30 30 33 30 36 33 40 34 39 38 32 36 37 33 35 39 32 31 41 39 34 33 28 29 42 35 40 39 40 41 28 40 41 39 34 39 33 41 36 34 33 30 31 36 40 39 31 28 31 29 40 40 30 33 38 30 32 31 31 32 33 31 33 31 32 30 31 28 35 40 33 38 27 39 32 40 33 32 41 31 29 29 40 32 37 30 34 30 34 30 35 29 
-8229 18123 -16182 22409 -16724 -31865 -121 31514 -15478 -17861 -5377 -22581 -1875 4738 -28340 31341 29653 12778 -1257 -4568 -4982 -29356 -10537 18434 -10476 14387 23706 3976 -9068 -24209 29383 13248 16362 6137 26666 32598 30386 -6636 20207 -3440 -11208 9461 13966 -27382 -25468 5314 20484 -24830 -7800 8291 1274 -29220 4071 4752 -275 8810 18982 23916 24614 -4537 23501 28408 -30954 21061 -32718 8385 3118 24387 -25814 20747 8200 -32551 28458 6717 18532 15447 9755 2565 11552 -1505 16107 30162 -6341 -14368 -15363 -10709 -28312 2640 2889 -18609 -25012 -16882 -7885 17537 -7215 -30469 -21853 27577 24543 -10847 7343 -9899 -12651 23866 -1387 -14986 -17258 24387 -15420 -1265 10700 19554 -29222 28927 10059 -22955 10853 25518 -8695 4364 23293 -2878 -16822 -20757 -17695 903 32058 -9670 
199246391 -598897653 11257815716 -198894680 1403605434 12351398 -4298604 -11267918 -580728890 344940035 5328030315 42073591 -5095118753 2232783 184031752 -42645324 -99674827 -1274416891 -165411780 6101426 5534191 -3138646574 -8491082 18660938 11837440 -11588407 6117746422 6144995575 -42288368 -3074263585 -23875627 -91109138 5816805269 -1389513 -705691241 178170631 -12816437605 -199033122 185512064 -1314440 4701509 199412821 24509817 2797802 6042622 342118495 -312475859 45246547 -2733294 5958481712 22976159 6146921996 -5663109 280005204 -2118391 36348307 3145278975 41398560 -6386067165 -5183223289 -11705080576 -319791488 19573708 -683247833 1365815988 -626424349 294616362 1486471072 588901246 2320381 -11357468 1298681336 -162007366 -1197085 9604770 -3149848768 -784811762 93990310 -4456405097 33770278 -6008689655 18524367 173098778 -2648654580 9738933 -11676658105 662700355 323414580 -2322568 -2865566940 -12262648 -5672798881 -2522234417 5683897 -8712420621 -4961921 1081404697 -71530244 -1360724338 -4472451658 597332356 21994583 8849669522 11261655832 -96924774 5560566 19766316 2225113 -2200904 -5177120945 -2314482370 -2253636 -8845049951 -4457450 2525065987 11094275 2179137 -9102306682 5992918 -9333304160 -553462111 -175163675 -3029255385 -9884514266 -801081924 -9922531 -35344897 350576271 
43 46 49 43 48 40 40 39 45 46 49 43 49 39 43 42 44 48 43 40 39 47 40 42 41 39 49 48 41 47 41 44 50 36 46 45 50 44 44 37 39 43 41 37 39 46 45 43 38 48 41 49 40 45 37 43 48 43 49 48 49 45 40 45 46 46 44 47 47 39 40 46 45 38 40 47 47 44 50 43 50 40 43 47 40 51 45 46 38 49 40 49 47 39 50 38 47 42 47 50 46 42 49 49 44 39 40 37 37 50 47 39 51 39 48 39 37 51 39 51 45 45 49 51 47 39 42 46 
2293 -31047 22079 -26076 -18237 12073 -28202 -2401 27252 -1499 -17453 14685 3875 -26928 -27616 -14255 7272 -30628 -17540 -15580 -15021 29183 -30269 -6950 -11007 -3155 13546 10218 -28629 -29157 -8637 -17505 18025 -30620 31722 11229 -12391 19292 -14944 20002 -19309 -17953 -5785 7592 -12336 -10740 -10985 -2756 -17540 -6944 7209 -30721 29208 -9556 -30048 -14676 25839 -25230 -9717 10842 -30834 22714 31604 5773 -17958 -21510 15053 -10919 -17220 -9809 -32339 22887 -29144 -26260 24320 11704 -1172 21724 -6745 -16443 -20707 1023 29705 -22683 11350 28369 -31856 31346 -25341 15894 16255 -16160 -16068 24175 1860 -12534 14463 -18535 23314 2417 30854 22597 -15758 -6095 5929 7987 19697 -19748 23297 -22783 402 16322 -15796 10787 6305 10353 1561 14621 -3044 -1885 -24499 9597 11801 -17641 -11074 -14968 -376 11552 
81272552 -5248462 -5698960992 22860618 -2252807104 -299714594 4794429 -6326182128 -5081143194 755308269 -11616527 -2180851 -1258710 20140026 -1155183 2479927 -6044930432 -4669551 -4327501 -6211637 -544056284 -2426303 2271382905 9652468 -340430208 -1411289486 -5308107 -42794027 -9026461629 1127324697 1553715389 1284408 -2527263 -2463155 -4584158 -1547880 -8680842895 718495911 -5609102 2156281 35927848 4225836 -9120265768 583821945 713439587 -1490759406 292607777 -20314205 -740530923 -10098203 -167701439 751655462 1247584 -371846123 -6049604417 9976175251 -320326660 3151189608 -39257092 -1259753 -76849834 -3135431 -68476569 -42051350 43085429 78613293 23237097 -10645424 -9641623990 -368688218 -2793993729 -1383779 -4839889 68612810 -4542223 -155382176 -8759999 5304666 180128176 2852673 -384923566 2658670 1287969 -6181668184 12056418225 1559372 -159418981 -324425778 334167938 773905912 -10530501003 8452167 -1471691130 -1106750057 1338063071 -1303200405 344780501 -2643687152 5251028 -162547201 3108488 71111119 -17066335 -10457140 -1240963 1501121785 77933910 -12177260545 10995457 704676675 -1065606 -4272599 -789115305 2575767538 -1546377 1074004484 3220399402 178255778 -18854366 -10582308760 -37425592 3026873 -5228506 -281841519 611777434 553258720 3096948739 -6335949306 
29 26 36 28 34 30 26 36 34 33 26 24 22 27 23 24 35 26 26 26 31 25 33 25 30 33 25 27 37 34 34 24 24 23 26 24 35 32 25 24 29 24 37 32 31 33 32 26 32 25 29 31 22 31 34 37 30 34 29 22 30 25 30 27 29 30 28 25 37 30 34 24 25 29 26 29 27 25 29 23 31 24 23 36 35 22 30 30 31 33 37 26 33 32 33 34 31 34 25 31 25 30 26 25 24 34 29 35 26 31 24 25 32 35 22 32 34 29 27 37 28 23 25 30 31 31 35 35 
-1414 1796 -2754 20332 -17174 5930 29044 -6531 27310 25821 30885 -11141 -31466 24097 -12253 -11541 -31195 22142 -16519 17741 -24444 6398 -14031 26963 -30914 7222 22033 -26204 -7198 11855 14236 -6921 -28189 528 24474 -22907 17899 -21743 -20818 6315 19290 189 -31240 31882 -27211 -29288 -22034 -19304 -7041 -14227 3922 14530 -29523 14162 2707 -10732 3909 18676 30837 -32514 26476 -12119 16825 31424 1811 -9421 6357 26599 20649 -1987 25628 24618 9643 -24924 3496 21065 -5762 30265 -8909 16623 -13541 -21451 -22725 14081 30179 915 -1838 23626 -4272 -5699 27676 19805 -15955 26945 -20025 -19047 -27166 -26573 -21609 22598 -13927 24935 -21051 -521 -26009 11519 -28880 -5253 29218 -3869 27868 -9791 -26357 13459 -2314 12877 -23073 -6318 4537 -31670 -2650 -13469 29425 -7383 24505 18467 19635 17261 
4304114362 5189262 6357996543 -8751651924 -4342684 -49893918 -9621657 -3101397 50152592 -5704227 -305812654 1516898949 366377117 11160938025 8836251 2894435 5450840 367588831 45944972 6090648019 -1062021 -2389204506 -8997101 -8972824 5429332 83752935 -4543584570 5956858 -77271219 -2267311071 -12439990354 -24469650 2542099 -1439913563 1242571 5822123559 -766811709 4737448 19245907 -2899658886 12571615 -1421844529 273667225 -1165496631 -380024878 -69433823 -1326168501 -10532862 -5275168 149967789 -301271628 -305318668 -1579306780 -1511665 34211265 -2401498 -1142568043 302038463 2503192616 1346818 10574647218 2924913940 -9892766333 -2844647 -156335315 4877915745 -2786554 1345079 -48998676 6330019684 -2247339 8979597251 -2318068 46548774 1575692241 18900485 -11305792 2835185 12447788 380522264 -9683127 167418136 -2286540 11583431576 11273575555 -38640681 10027268 24732908 4538099 2954579705 -2128349 1107215428 -9891573 287463410 9573192 -5668859 -43989697 -73457590 -20117586 -614850777 342346911 -50211921 193355280 -44859389 -9913992 72166657 -11086635653 -323610705 201144578 -4341051259 1193016 12458811 -5643338 -9740343 1164004 2993177 -1542808 1355611913 -200443302 17816987 -2603231958 12402462 200749620 -1067305 -5747791 -3112625 1288292031 745615562 
44 34 43 45 33 36 35 32 35 33 38 40 39 43 35 33 34 38 36 42 30 41 35 35 32 38 42 32 37 42 45 35 33 40 30 43 39 32 35 43 34 41 39 40 39 36 40 33 33 38 40 40 42 32 37 33 42 39 43 32 43 43 43 31 38 42 33 31 36 42 32 43 33 37 41 34 34 32 35 38 34 37 32 44 43 37 33 36 33 42 32 41 34 38 33 34 37 37 34 39 38 35 38 36 35 38 44 39 37 43 31 33 34 35 31 33 32 42 39 34 42 35 37 31 34 32 40 39 
4040 6681 12422 7145 26578 26547 -14479 19374 -26979 -16225 -11974 6580 2195 16168 15233 -16280 -24768 -30108 21098 6331 29049 5306 15884 -13319 6064 -21287 27622 28368 20287 25429 -32318 -24543 11018 25333 29084 4543 -1572 -5350 15772 6715 -30143 14962 4476 12216 20700 -26722 -27941 8295 -3240 14470 -5428 -30293 10414 -7046 1321 -4013 -28913 23223 -7677 17274 -13940 -24508 -726 -20958 3070 -20481 30053 18251 18158 5645 27441 22709 -32500 -14424 -23170 -20924 -26178 -25914 -28401 2833 -3557 7417 -3371 -17493 12375 25427 -6588 24922 5564 -15696 23324 -18528 6509 -14989 7543 13039 -12910 -6645 -13301 22700 24725 22572 7270 23107 -22060 -19986 18591 13245 24387 -29917 5046 4879 18298 -32607 -13326 24467 -2916 -19051 24823 15984 -30629 1858 -25528 8039 20863 -8212 -12604 -30134 
11559210 88172777 4695945 -134912884 11508363349 4817190071 -4481646531 44932852 -83610813 -1427902 5296172131 -3063404916 -615603711 -2756553 -5890408421 801126976 4312302 -21347224 -166376887 -77520892 1287484563 -4878165209 9830555852 -4393906 617601024 3112298 -158728446 723334713 376211681 -83702086 -2306528 -11992917 -142741433 4466626 -6113270 570183741 -2243827 44827876 -47284107 17142429 18128055 8400766 -17665988 -5185888441 -10656869 10480646 1228814 -18126426 -10479140 -81736689 10508073 -331267279 1535261 728751417 189669426 -84604867 2816519010 2180572 2323995946 -6153430 -11590853 -1268042 -40109730 -5395574 -1283242 11362923806 1372626474 1228581193 -2491796692 -10071263 -6146044 -331612220 648187589 -1381687772 -155178901 49542619 196348095 22290375 -2470925942 280217480 -11355651 -1146425857 -5585185 -773050935 1367185 393841070 -2591115559 2185322 -6331958613 -21912927 -85008090 11999611 -6226357751 1112288 -1327240 -77381858 -12357595049 2359412233 11226312 11449390666 73996281 -1545134582 -50101905 2511610 136292460 -195459629 -1371106682 -79529614 195048317 79618393 -3074637 49650359 -274192503 1329954980 -20061967 -1257221305 -192131169 5592761 -398012454 5407786 -1406221 6201587 -5857685391 -5926110 -200402227 -1608899777 -4896638194 11718932447 
38 42 39 44 50 49 47 41 41 37 49 48 46 37 47 45 37 39 42 42 46 47 48 38 44 37 42 44 43 41 38 39 42 38 38 44 37 42 42 40 41 40 41 49 39 38 35 39 39 41 39 43 35 46 42 41 48 37 47 38 38 36 40 37 35 49 47 46 47 40 39 45 46 45 42 42 42 40 48 45 39 47 39 44 35 43 47 36 47 41 42 40 48 36 37 41 50 48 40 48 41 47 41 38 43 44 45 42 43 41 38 40 43 46 39 47 44 39 43 38 37 37 48 37 42 47 48 48 
-8408 -5562 5977 23365 24550 10405 21846 -24875 23215 5025 12190 -10674 -10242 -14993 -5840 -17015 19317 1674 19901 -29973 -19197 -30504 21347 22756 2010 -8885 13648 28571 16015 2049 -13640 1035 28014 -5483 15575 4555 26728 -5726 18801 3491 20932 32073 13170 18471 -6090 -32243 -19998 -26185 -10008 11501 -13805 6132 25864 -17438 -2809 24024 785 27903 -28139 14211 -18160 -14678 -2672 18311 -21528 -27410 -19678 -22410 -705 12264 -6910 27633 -9774 -114 19368 -11841 30783 -20368 -25049 24656 -25973 2347 -26878 -22855 16397 -4616 -15279 -25989 11847 -27144 9973 24480 -27551 14716 20815 14226 13141 28574 7606 -14627 -27985 24269 9707 28946 31261 11725 -12691 -20406 10279 22265 17502 21388 -4683 20625 -5963 -712 26062 30772 -14609 -16284 31466 -5988 -8016 -27803 25202 -6090 26713 -29557 
-1 0 0 0 6 0 9 0 0 0 1 0 -30 2 0 -20 -2 -2 1 0 0 0 1 11 3 0 0 0 0 -12 10 -2 0 2 0 1 3 9 -1 -1 0 0 0 1 0 0 -5 14 -3 1 1 0 0 0 0 0 0 0 1 0 0 0 0 0 -4 0 -9 9 0 11 0 0 0 0 43 0 0 0 -1 10 0 1 1 1 -2 0 0 0 0 16 3 0 0 13 4 -3 6 0 1 0 0 0 1 0 4 6 1 -12 4 0 0 0 18 0 6 -1 -24 0 0 -22 0 8 0 0 -2 0 -3 0 -72 11513 -3 -300 -542 -12 -5946 633 -80 -16 -2415 -3578 -77 237 2531 -256 1927 -37 -481 49 20787 -115 -24 -1682 14387 -3576 -810 263 -564 -21365 72 913 -522 -8 91 7974 11 15 -473 23 1798 1 -99 34 304 -138 28 -5108 -27 -6 -98 3 3038 -363 631 -32 -5416 -21 -1281 -32 -3 -789 -7501 -201 -3748 -264 455 2202 -6 45 -1545 -4631 -1237 -515 -16041 455 -4 -17099 -804 -10455 2870 -45 215 -3531 -8479 -9 -227 23 -6152 3486 -5 0 -139 10573 64 -2 4 -9535 -15 -3414 10110 561 6466 34 3 -62 -1749 137 -3908 4740 0 -7 -2 -78 1 -19 54 -617 17 84 390 1547 -1417 1670 2120 83 8 84 2 -3 0 0 0 0 -1 0 0 0 0 0 0 0 0 0 0 0 0 0 1 0 0 0 0 0 0 1 0 0 0 0 0 0 0 0 -1 0 0 0 1 0 0 0 3 -1 0 -1 0 -2 1 0 0 0 0 0 0 0 0 0 0 0 0 0 0 1 0 0 0 0 0 0 -2 0 -1 0 0 0 0 0 0 1 0 0 0 0 -1 0 0 0 0 0 0 0 0 0 -1 0 0 0 0 0 0 -1 0 0 0 5 0 1 0 0 0 0 0 0 1 0 0 1 0 0 0 -1 0 0 -2 0 146 3002 32 5 2686 418 -865 -1 -118 -77 -2 -855 5425 156 882 2919 37 1651 438 -37 -2329 5376 -3433 -2675 5 39 325 -63 -2 39 641 -47 -1 454 -719 -3776 1946 606 9 23 780 -2 6 -36 1898 -1836 -108 3 13 -5566 2440 -779 26 -393 410 -79 -38 2 -580 -734 -1 -119 -807 55 -55 685 -37 -6587 235 27 -1238 43 3144 -1 -2433 4432 -20 1979 -182 -36 -2249 -5 -541 8 -6794 -54 -42 -10 -75 4 4 0 -25 4778 -721 -2070 -668 179 13935 741 -98 43 -14 1139 -67 13 166 -6960 -267 -56 -17 2 -1662 -52 -145 5143 -1996 22 -10 -6 13 -101 -53 2813 9 -164 298 0 13 -6 0 0 -8 -9 11 0 29 0 0 0 0 0 7 -2 -3 0 0 12 0 -1 0 0 0 0 -10 4 0 -1 0 0 6 0 0 12 -2 -3 -8 -1 11 0 -2 -1 0 0 0 0 2 -2 0 0 -1 0 0 0 5 -16 0 -5 -19 0 0 14 0 -36 0 -3 0 0 -37 3 22 0 -17 0 0 0 2 0 0 -11 0 0 -24 0 0 0 10 25 -1 0 0 -1 1 6 -5 -1 47 26 -1 -1 0 0 2 53 0 -3 -1 -6 0 1 -24 0 0 1 -2 0 0 0 0 0 -14 0 0 0 31 -1 -3 -8 2 0 2 -2 -4 0 2 0 -1 3 0 -1 5 0 0 0 0 5 0 0 1 0 3 0 0 0 0 -3 0 1 0 0 0 -3 0 -1 0 0 0 0 0 0 0 0 -2 1 0 3 -2 0 -1 -1 0 0 0 0 -4 0 4 0 0 1 0 0 0 0 0 4 0 2 0 0 1 1 0 -3 0 0 -4 0 0 -1 3 1 0 2 1 0 1 0 11 -4 -4 1 0 0 0 0 4 0 0 0 0 0 0 4 0 0 0 0 0 0 -4 0 0 0 0 0 0 0 0 -7 1 0 0 0 -293 -4058 329 -10 11 1601 1067 -10 2811 9 112 241 181 1886 -430 1 454 63 487 3 -17 -3381 102 77 -11563 449 -2011 -3 171 11642 -566 -32 743 -26 1510 90 77 -2662 -4191 121 6 56 13 -1278 -4526 -12669 -18 652 -137 -198 -10 1380 -1 348 2 -249 -755 5994 906 13 -32 -5 11 8163 -161 -28 2860 -10 -5 -35 432 -2336 20 1 3507 -96 4 3075 452 6571 2792 16 3 -2959 -62 141 121 50 4435 -6569 -48 34 -6011 -3674 102 -34 -4 -178 -9875 6792 5 2 204 -1172 -88 12 104 69 41 88 -4 205 -5 886 98 -220 -13 2467 2 -29 48 -109 -6 6 1 9 39 -65 -4866 143 -4581 7 12 -43 -1780 -30 -179 44 632 -87 462 5646 2369 3 446 35 873 1184 4028 -55 42 68 6381 144 1843 -125 -942 1544 -48 16 -10 -511 1627 -4 -32 -46 43 -4 78 117 1904 10 -11 1280 -4429 1 859 38 404 -2 258 -1 19 3003 -482 -531 -132 -939 -55 -3526 120 437 87 -1672 28 8 -2332 5 -967 -180 389 -60 103 -5972 -7 -4667 9 -1609 -10196 -1655 -1 171 -15 -146 -644 1092 -99 1591 -199 -6 -36 6 -1869 4 28 -7 -2257 187 23 4 9433 -43 9 121 -4285 4317 -51 160 -3 58 1639 -353 -72 1585 -62 -4 343 130 -4 -3246 1209 1554 -8 0 -98 166 -2346 -121 1675 0 3468 21 -143 1 5728 3 -2161 -81 -13674 -330 -2089 80 -9 1541 -1605 2885 87 -3 -2 -3 -19 -1 3328 3468 637 -119 78 -4800 459 477 -50 10197 142 231 -2767 3 7 345 -124 -2208 -289 -1932 3294 -49 29 582 -58 1768 -3 55 -1156 -1910 125 -2235 706 -23 -10547 -210 5755 9732 150 9227 636 -26 639 6 48 -7586 65 -234 315 -134 -613 7216 -1 147 4795 -27 62 209 -8871 -684 2370 3290 -166 -5913 93 1492 1079 998 2808 1716 -2843 -4950 5980 -318 470 56 12 4520 -1819 -1855 6 -12684 73 -70 55 61 119 257 5 1634 -6 23 -13 48 7 -2519 -210 8635 2569 -89 -4172 -642 -218 -340 12 -10 -1 -1 -20 50 -796 0 264 0 -3 435 -2 114 -354 -282 -24 -50 863 1 -420 -16 331 139 0 -113 -7 -899 356 -1 4 -2 0 377 11 -8 0 54 1 8 746 283 -12 35 11 -154 0 -20 -7 86 400 22 -48 1306 -15 175 0 -319 1289 192 1 -129 -144 -658 52 -449 -10 361 611 713 -14 81 -593 -8 110 -11 0 -1705 308 499 0 -132 2274 0 2 786 241 -132 -2 79 -48 -1 1 2 515 -758 3 -1692 -512 118 344 -5 -8 76 -282 1 -39 -278 4 -2 -4 3 -8 6 -557 5 -1 468 6 203 138 257 1 32 20 35 -264 1722 -77 162 2 16 111 5 26 -135 -250 1456 -33 82 11867 -5238 5372 121 170 -1673 -10 6 788 3349 -25 97 14 62 -1413 3 2629 -18 -9 -639 4200 -47 -123 -9 24 185 2004 177 154 5 176 2280 353 -95 6 52 22 173 -6 -1159 187 239 -1414 262 935 -1067 4420 -67 2398 -2651 14323 -1288 -1492 3147 -330 -108 3821 -1395 -66 -34 7 3 -358 -14398 1 22 14131 -8 -2 12 -765 -60 -867 -2748 325 -472 -3689 -35 6 -136 38 167 -2620 3141 56 -113 100 -4 20 -16 1 8609 -3664 -12 -1244 -125 0 16 -4245 -135 -28 -1024 89 -192 -375 3009 -2 264 2012 109 2 36 -2412 -19 0 -1 0 0 0 0 0 0 0 0 0 0 0 0 0 0 0 0 0 0 0 0 0 0 0 0 0 0 0 0 0 0 0 0 0 0 0 0 0 0 0 0 0 0 0 0 0 0 0 0 0 0 0 0 0 0 0 0 0 0 0 0 0 0 0 -1 0 0 0 1 1 0 0 0 0 0 0 0 0 0 0 0 0 0 0 0 0 1 0 0 0 0 0 0 0 0 0 0 -1 0 0 0 0 0 0 0 0 0 0 0 0 0 0 0 0 0 0 0 0 0 0 0 0 0 0 0 0 0 -647 -120 33 -877 -155 -20 -144 4 -2123 -7 -3 -2 -56 -180 -913 -207 3 198 811 634 2681 241 43 213 5831 11455 -3189 -76 8 44 -3826 2986 785 -435 -85 1863 5059 659 -92 -260 758 -1356 26 -72 27 1 -225 137 -11 -78 2300 -333 -1987 -750 -6 -703 -50 -4 -14 -1125 -21 -7 10738 1317 3027 -24 20068 -10 11 -47 -315 -471 5871 -702 2437 -5 -289 -3424 -339 14813 -38 -89 63 -3461 23 2 -62 -2981 -313 3697 -2 -2 -99 -5 -12 -15 893 8780 -1757 5186 3696 1 -24 27 -355 -5446 -4 232 557 457 1 -19 6203 4 699 -5154 4791 45 -2 19 -134 -2120 -59 637 -2784 216 -174 -292 -1687 8 -4 19 22 599 8 21 4 2 1 92 1851 -3736 217 -6393 -5 73 2 -2966 -294 -3373 289 8 -53 2 7198 4 -1914 -346 -1147 -50 247 2989 558 -430 2377 -35 10880 0 6 -261 -3507 -4 14295 6 40 -3930 1682 -12 -274 -1947 -32 -1212 -26 -1210 -354 -31 1105 9 40 441 39 3737 -6084 -491 10494 -2392 726 227 -2994 -6 2 -230 -16 530 -29 -1494 1160 -2833 -2 3070 39 438 3754 2231 575 309 -2271 91 -1460 -2 5 375 88 -70 15 496 -326 -116 4837 52 -38 37 157 10 604 -12450 412 38 -41 -1 10365 -2957 2279 7 183 1082 478 44 0 6 113 -93 195 8 392 0 67 44 34 0 -2 0 1 0 2 0 -31 37 -6 56 55 2 -7 -10 0 -180 1 -4 0 -1 0 -49 3 79 0 -34 -1 -29 0 1 5 0 1 -4 0 0 0 -22 3 5 -90 1 0 34 11 267 0 0 66 0 26 -44 35 14 0 -10 0 0 -66 -37 23 16 -1 -55 0 0 -1 -36 -99 0 9 -3 0 0 0 -294 -2 2 7 0 151 0 -50 -15 1 1 11 7 118 -2 0 -28 30 0 2 0 -222 0 -1 -2 0 -17 -4 -1 12 7 0 0 -4 -4 -2 87 0 -1 16 0 0 -4 1 -3 0 0 41 -6 2 1 0 0 0 0 0 0 1 0 0 0 -2 0 2 0 0 0 0 0 1 0 0 0 0 -4 -1 0 0 -2 1 0 0 0 0 -3 0 2 0 0 0 0 0 -6 0 0 0 -1 0 0 0 0 0 0 0 3 -1 0 0 0 0 -1 0 0 0 1 0 0 2 0 0 -1 0 0 -1 -3 0 0 0 0 1 0 0 1 3 0 0 0 1 1 0 0 0 0 -2 0 0 -1 0 -4 3 0 1 0 0 3 1 0 3 -4 0 0 -1 0 -2 0 0 0 0 -1 0 2 0 0 0 0 0 0 522 -7191 1188 -10 30 -3177 -7311 -6 -96 3 30 -1589 -165 -45 1698 -132 -1768 -18 43 2078 -29 -19 -66 -1291 37 -33 2784 -371 -35 -150 1 -86 5 11 3 14825 -13927 222 -27 488 10 -23 30 -4442 107 -214 -569 1749 2 16 -292 238 3 -587 -287 -167 1624 1628 1823 1588 1346 3900 -47 -5 -242 -407 -1001 -147 655 3 -19 5 -357 33 -4091 345 29 -14036 54 4965 8282 308 37 1401 19373 1349 -18 6 -38 -4910 1776 -102 1528 348 1839 479 106 2620 4714 -115 175 -679 -44 7753 25 12 -480 10 883 -4636 0 13 -97 -35 1755 -58 -764 154 -14 -80 143 -2542 -511 1445 34 3 29 1 655 3577 3356 1 -273 -21 -2398 1 474 462 40 1112 421 -30 -25 24 4393 149 -5044 -280 3801 3204 -89 -2 5020 1982 2307 -25 1062 -10553 -652 23 -1 -330 -70 726 20354 -1739 2 0 -5 -623 2180 11 -9168 -9 1893 74 -32 16613 5522 0 23 -1211 -99 46 -649 613 3279 446 -435 -78 211 176 5062 4637 -70 -44 3023 1852 -325 2754 -7 -1 92 42 212 36 -1368 -23 -42 -71 0 5448 2549 -1163 57 421 3 -111 615 -124 -1675 -100 93 188 -1088 -14 26 407 -10061 580 174 -8649 997 9409 86 198 6864 123 -1 22 -2775 108 -7 91 130 475 -1792 -10 -13 7 -1943 46 10 0 3469 -14 -7 0 0 1 0 -1 0 0 -2 0 -1 0 0 0 0 0 2 0 0 0 0 5 0 3 0 0 0 0 0 -2 1 -2 0 -2 -2 3 12 0 -1 0 -1 0 0 0 4 0 0 0 0 0 1 0 0 -1 0 0 0 0 0 1 5 0 0 0 0 0 1 -1 -1 0 -1 2 0 0 1 -3 0 -6 0 -4 -6 -3 0 2 0 0 1 0 -1 0 0 1 0 0 0 -2 -3 0 -2 0 -3 0 -1 0 -2 -1 0 0 -11 0 0 0 0 0 0 0 -6 0 0 6 0 1 0 0 -2 0 0 0 639 -2737 29 331 -45 -2 9 914 119 -10 46 -9 -92 275 7 7541 -12067 244 -51 503 -584 4 53 -5709 232 -932 2247 1596 -61 -15 -1167 -2967 900 -148 5105 -9086 -4475 151 2070 -33 -238 -254 -1733 -26 11 -402 1860 -8 -25 4244 -110 1 -178 -113 6 5274 -1228 -4198 -1824 39 2343 1272 -2 2581 -1 -2048 -672 13742 -2 3128 1902 -3 5727 -88 -7794 2457 -578 300 -142 111 -2556 -1654 -40 -80 -109 -79 -1 -356 -371 -74 9 -9 241 2749 412 -3 13 -4065 -7639 504 4739 -8 336 -7393 -60 -79 54 -5496 138 -61 -47 -1488 4 1115 -1697 -51 4247 -4310 -26 -866 -351 -156 -32 -52 -9 2 -9791 23 15 0 109 0 0 10 0 0 -92 0 0 10 -10 0 0 1 -11 0 1 -1 -2 -248 0 -1 -1 4 21 62 0 0 1 0 4 0 -46 21 3 -34 -1 -4 0 0 -2 59 -2 -1 1 -1 0 -10 7 0 -22 0 0 -1 49 0 1 -15 0 -22 132 -31 -1 0 116 -2 0 -1 0 137 0 0 101 -45 0 45 0 -1 0 2 16 0 42 -20 0 34 0 -22 -16 0 2 97 -2 1 15 1 -110 -2 114 3 -2 -5 -3 22 49 -1 -92 0 0 -7 0 -7 10 65 5 -6 0 1 0 -11 -11 0 0 0 1 1 -200 -206 95 143 65 -504 2414 8 -8208 327 -3005 65 8 3257 121 -140 4 -437 11 -2612 32 -721 -117 7138 10 -1055 -2592 21 53 1798 740 -110 1 -27 -1188 15 -10309 -14 29 71 1518 4 1 9424 -18 5 -5 49 28 280 -459 1483 -5 -521 -173 -109 -715 3873 -1060 1 -2611 29 -1229 -16925 139 -92 1061 -13648 -560 300 -6453 -3271 -1556 -1 -392 -5432 15 9155 -46 13399 185 -14 -2 -1750 23215 128 81 -8383 -183 -138 -953 919 94 -13401 -26 7 -4 11 -42 -3305 -90 200 66 81 2 1453 -3 974 5865 -491 -58 54 15 399 321 5100 -24 -194 -103 2 11 -223 -4160 352 3188 216 3619 -241 254 636 1648 -20 -4091 -1132 21 -178 -9 5 60 861 276 2843 900 -23 -4 -1 1315 1820 -8916 -1334 -638 19 1919 -6 -3329 9112 -1340 -4991 0 9 100 -1721 3745 695 321 -153 1859 -31 -3 -257 247 -4192 -3360 8 4 -1322 15 2606 25 0 -389 13 8 99 1 2271 -21 334 -116 -2 68 45 -291 -35 -3561 2861 -779 1173 -3479 5832 1 -3 -21 -19 1 -9 0 985 200 966 12 -35 5187 -757 -153 1648 387 -47 -811 -6 -844 -119 1270 -339 18 156 221 -7668 10319 -626 1450 -2516 3 -9 -1256 -2826 6824 2 11 434 -1756 0 -44 2196 85 -5 -302 4695 0 82 -10 -702 -497 5 -210 0 -18 -11 10 -3 99 6 -163 0 -181 -1 12 1 3 1 14 -2 180 -2 -90 0 -1 0 150 -67 17 -4 -72 351 103 -24 0 -3 -38 -1 -49 44 -203 -2 -56 1 41 9 -19 -74 7 0 -1 0 0 -177 -1 -11 167 0 -2 -384 1 102 0 -25 3 1 8 -247 1 0 -1 -1 0 -25 4 -85 -2 0 -323 -1 56 -1 0 95 0 -2 0 1 284 -7 1 0 -108 0 -16 20 0 90 -45 -51 -19 82 33 -6 0 -7 -87 57 55 -38 3 1 52 224 -1 99 13 32 9 1 -91 33 1 -2 -5 -13 4 0 -106 0 -193 0 
5 10 0 12 12
2396 7311 3699 7250 6972 2642 3354 4966 2459 7917 7764 4477 666 485 7805 5760 6645 7735 7005 2396 7249 3226 1579 4113 6576 3844 7620 6607 1223 7239 7621 469 5435 8074 5447 3053 1828 3611 5897 177 4072 5855 5267 564 4411 5623 4294 4546 5811 2765 5777 7538 578 4073 4890 6786 7935 1318 6635 1207 155 5889 4461 4456 4895 3845 4625 5098 6377 3226 4486 7374 5447 562 2391 450 710 190 4035 6255 6136 5110 3768 7488 2201 5484 4813 7855 7421 3657 7796 6464 199 1914 6774 900 7643 6130 1410 4110 5320 564 1737 2951 7439 241 6756 2699 2604 3518 3061 3366 2709 418 2809 971 7659 2156 2635 3992 5024 1177 2781 6474 929 1605 1686 1962 
5487746 4430204 -46027875 -2558784417 1089225 -367835761 3036638099 -75096952 -158212483 1149241 -4654624162 100283597 -1237307 -5711671633 -305125323 -94477161 98124489 -9664217799 -2131153 268557409 9175578 2907790880 1562930 1187742 2981363448 -9222043880 -2785002 8663389057 9871729 4357178345 196044799 1164650263 -2689117 -21582842 23857558 197118032 -1194039763 -2164084230 -1078772423 -185833623 314811453 2635243 20781150 1216142 -1203603 284723124 -1312848994 -144122949 -5719894 -4431699 11914325 -9771355220 9859737 -80819027 21066037 -327555060 -1493577 10972303194 -141543261 5179954954 -11931402191 12510960500 -43268905 705525022 -737675540 24432278 -1199144718 -716581216 -11262695 1448153732 20052276 -4811375570 -3197230599 -1086451301 6117676 366876896 -175358602 -2457169959 -12537107023 4316806 -1085347828 -178741614 658262599 -2957174750 -1440474 1542972929 -197036643 10076021 9548017 80110926 18449418 2187489 9487236 -5290438 -608892241 -9616971781 -2765252 -562274689 143166716 -3069325118 287833075 -12383685 -2902819 82361879 1132356 -8675415 -1181801188 3206946843 11027788428 -171532370 324407385 8501820 10147493 -44941103 -10251201027 -2708612956 623760483 -5530305312 -5095887 -2244449236 6133822 -12357336693 -1323631 1365089 -9172874307 -1114498 2702733 4859220 
43 44 45 52 42 49 52 48 49 42 54 46 40 53 50 46 47 55 41 50 44 51 40 41 51 54 41 55 43 52 47 51 41 46 44 47 50 51 50 47 49 42 44 42 42 50 52 48 42 42 45 55 44 47 46 49 42 55 48 52 54 55 45 50 51 45 52 49 44 51 45 54 52 52 44 48 47 52 53 42 51 48 49 52 42 51 47 43 44 47 44 43 45 44 51 55 41 49 47 52 49 45 43 48 40 43 51 51 54 48 49 43 45 45 53 51 50 53 43 51 44 53 40 40 55 42 43 44 
20497 25377 -19173 -20603 -11547 -4887 -30058 -20635 9255 -19407 9479 -25826 10875 2933 1022 -1258 -30021 -10928 647 6778 3240 19065 -32122 26821 -23199 -11116 5752 -22900 26471 11209 -19048 -7270 -3492 -23461 -10558 31087 -31114 23703 -22103 -15362 -13311 -4978 15586 1018 30784 22561 28430 -4649 25448 -26211 -10537 25883 -11080 17950 -23868 27859 644 -3237 -3088 -30835 -32558 -4866 4073 -1583 -9747 11119 -31017 8442 -22014 -2256 7023 -10981 8400 -12031 31574 20317 24935 -661 -6092 16418 14627 26395 -5598 -26706 3855 -6852 4283 25463 -20116 -7941 -10448 -32088 26511 31159 -17845 -18039 -18076 -20951 19508 -30753 -16083 11935 -4806 3276 22777 24880 23925 -25139 -15002 26782 -16297 -31223 -9081 -1005 -31512 13771 14473 12224 -30163 24662 26996 30828 16163 -6722 100 -6615 -8011 -4983 
1141648 2394065673 2176693 -705018485 6006672376 44526491 -1421470 -22418591 -2978304 -155240142 764615629 -10759152 -9247636 -304041345 188825544 757985923 -12621824115 10736648 2312592 6057084 5020353363 -10047040828 -4438193146 -42469515 1376733 4867684 22491146 1252849473 754087322 100273153 -11102319462 1299271028 572951337 -3185261183 -2428322744 -4661530085 -134709874 -43484141 12636461712 -271991341 367272818 1574132289 2882036463 1107029 11734917 -78852695 -2910330401 20916309 -2297054225 -40562120 663396857 -22207098 80356263 -11091114 -361093032 -9274473 -17215870 5491362 161880212 1345209922 -1463014950 -10774942 161311400 10513280 -2336518040 -8966771 23526313 -2364601532 -650576750 1308554204 1380869 -79251937 -35523006 1360844 -5832817754 1595150725 -75101991 -75664548 1048916 6399554672 1562224878 8809420 3111150 -33722287 177907287 1135969066 8909786874 -1584291491 -136947449 -8563436 1251251731 -5712201 -99633020 -43636306 175954113 -3002933161 -43281559 546978838 -3009172568 -1307285741 -94257466 1173427 16905637 -22174806 -11309864 4845929039 287800389 11505629 -294350989 12810403504 -46154751 -5240337 -5656864 -4481978351 -20847196 -2484599774 347552249 1295320530 -1483213 6155646319 1139516 10381104 -645011503 4725227272 316583074 -39411102 40687837 2532950916 
49 61 50 58 60 53 48 53 51 57 57 53 53 56 55 59 63 52 51 50 62 61 61 54 50 51 54 60 58 55 63 58 57 59 61 60 57 53 63 56 56 59 61 49 51 55 59 53 61 54 58 52 54 51 57 51 52 50 57 60 58 52 57 52 60 53 54 60 59 60 49 55 54 49 62 60 55 55 50 60 58 53 50 53 56 60 61 58 56 51 59 52 55 53 55 59 55 58 60 60 56 50 53 52 52 61 56 52 57 63 55 51 51 61 54 61 58 60 50 60 50 52 59 61 57 55 53 61 
-16995 11177 -32485 977 -4270 14576 -18155 -9048 31307 -12937 -24035 -23173 -26270 -23735 13015 31843 30789 -753 23650 7702 27264 29618 -14992 -11774 7993 19926 17398 8225 -13711 5627 24273 10926 26566 17310 -17513 -22366 -2762 2053 15369 30320 -16445 -5369 29850 -3753 -29988 -8239 -25106 -763 7259 1022 20989 11723 14522 4789 -15241 -11947 32673 -31207 -30819 16661 8221 -27222 -7661 -31667 6451 12026 -8531 -25709 17744 -25227 -4404 -25703 25145 -10520 -19125 997 23730 884 20695 1411 32281 -28555 301 -12548 -2700 -1871 -5593 6315 10059 16799 -10160 -4426 -12108 -12104 2429 17051 21509 17402 -14937 30927 7169 -24731 -22037 9326 27570 -18624 -5981 25466 -24762 27233 -15725 -28985 25805 -31292 -26161 -25544 -20220 -6055 7815 9203 29676 -4537 22357 -29006 4461 -298 12042 -1345 
11870385 665188733 1179686 4766693397 -11526564491 1344966630 -689458521 17777697 -21507793 1423431 -11965390852 48305037 11262809925 -5380137859 -98995405 -9187302 49458905 -342287099 -670414204 -2143986 305209359 -42413284 -1457752 -2374265 2358631432 -4827440 11998093099 168815906 25026088 1521145 -1123955559 23850522 68837213 -17227120 11385544381 -23150939 -1466092599 750545788 -5343852 -151164360 -2259991741 -2532984 -364740092 11137668556 43395394 162344990 -166285277 1427001 -360966777 -391031401 -71638241 -199072605 2233422 -19921700 5790332797 -4395294090 1119587 4617221417 97884273 80271532 -5372440514 -18535152 10152353369 -1333375507 140348651 -24625334 9850397 -6259302 313651592 -12869137508 669958277 669206747 155202678 1601178297 42860299 665846753 -9281251 144824664 332804172 -2438453258 11199723299 -2818556851 -6034849614 -37646999 -4336659 -10484106888 2156294 -1254557 -5843608876 11568122 20372462 73313314 322795178 -143883421 -323438367 -5300991 82492231 2710064441 -1289706646 10999800478 -12011980782 720186952 -5555314 2358392 146372405 19034672 -4582042 -1183143 693134453 -4850722950 38671118 10416490 1441554478 1415913 5405173781 781528155 -11814759 -22260799 91239232 9904508 -4532846 -11518595124 -4777928178 -37448316 -2886748 2097997 -99743670 -155447875 
30 35 28 40 40 37 37 31 30 27 39 32 39 38 34 30 32 36 37 27 36 32 26 28 38 29 40 33 32 27 38 31 33 30 40 31 38 35 28 35 38 28 35 39 32 33 35 27 36 35 32 34 29 32 39 38 28 38 32 32 40 32 39 36 35 31 29 30 35 39 35 37 34 36 31 36 29 33 35 39 41 39 38 33 28 40 27 28 40 30 30 34 35 35 36 29 33 37 38 41 41 35 28 29 35 31 28 28 37 39 32 31 36 26 38 37 29 30 34 31 30 39 40 31 28 28 34 34 
8849 -6708 17419 4943 -20598 -8368 21896 -27302 -8544 -14416 25825 -22794 -3826 8831 32095 -25857 -21931 -24629 22602 -17495 478 16983 15641 -32060 17574 31114 -25302 -22520 -2567 -2425 23854 12853 -7258 13794 -18526 30998 21941 30704 15998 -3798 -4610 -2231 -15749 -14867 -25648 -30064 25449 -9958 -32133 3152 -18793 -3121 7607 19820 -10058 -15783 3765 18602 2118 -22076 -21069 12337 13619 -13088 -4139 -27714 25955 17891 831 -19584 -18507 8994 -19587 21142 22104 -24085 -17773 -11627 -8482 -19337 -5579 2714 1052 -31541 1887 -15116 26992 7249 -30396 6531 2377 12381 31899 -20742 17872 18608 30957 -14644 6399 -7780 -19643 -24604 27905 -18648 -1736 19271 -31684 12447 10952 370 22009 2104 -12686 -18436 -16514 -26463 -6406 -22165 -21366 26752 25667 -10770 -8590 10350 9445 14585 25259 13664 
-5199880 20305019 -1067999 -4697033626 -12843668487 1441306862 -10044312 742136359 20222813 3141699016 4701748634 46306133 79997582 -2651610121 -1164768 -1345706 68006745 11679722742 -5006851769 543911095 -11269480 2299147596 -9151394874 199211023 1457880795 77648426 5585385038 -11206359 1192208552 -2651471 1095263411 9735082 -2431231304 -10473882023 708412680 5727601 81970987 2540729097 12241720885 -23722994 153185667 798127380 18451914 1113247 -8852767 5998470546 -11628837 12030654771 1306283512 -2183447 -303455937 -23396746 -762962926 -2449370583 10128114 616961320 -20420386 -10754362976 -3081506 9789608149 -1152183 49914866 -21116673 10626972974 -164304264 12816459849 -2154610 -2718049554 749228638 -6256470261 281723521 1370092 1295741 135628218 -552269071 19941550 -9191372 11773288014 -2661253 -16950345 18181080 -1142388076 2312167 9404439309 -201231975 11649178 1109483 81361744 41063933 555142045 17876849 -38941859 49461128 1498232388 1364044114 -173487436 47919266 -5170183552 -1261676 12398646149 1561608 -5495104 -6279296167 -44628907 1319581 1263503172 -88861598 2432384956 -352259318 -1523179006 1507802 672228104 -172691908 -200508019 679898783 -1503147308 -9250915 4417346 -180292870 -17338512 19401022 -644761124 -2801886638 -23495412 -177564065 -2613013386 2738451173 -1116257 
48 49 45 59 60 57 50 56 50 56 57 51 51 57 47 46 53 59 58 55 49 56 60 54 56 52 59 48 55 46 55 49 58 59 56 47 51 56 58 50 53 54 51 46 49 58 50 58 55 46 55 49 54 57 48 56 50 60 46 60 45 50 51 58 52 58 46 58 55 58 55 45 45 53 54 49 48 58 46 49 49 57 48 60 53 49 45 52 51 56 50 52 50 56 55 54 51 59 47 59 47 47 57 51 46 56 51 56 53 56 45 56 53 53 56 56 48 48 52 49 51 54 57 51 52 58 58 47 
3611 15769 4591 -3101 8242 -28659 25065 21312 3697 -409 4550 17703 -8670 18269 -29823 -29848 12618 -31205 25842 -23421 5138 21435 -1898 20931 10584 -15068 -18828 20987 -23428 25518 -28169 4283 -1715 2135 -16563 -30408 9907 8706 -30421 -30353 -28158 -9259 -30554 25418 19868 31492 -17228 2298 -31463 23959 7289 -2485 19147 9054 -26842 9667 -32251 14801 18530 -29311 30329 10009 -706 -4240 19241 18490 -7657 -25382 13831 13624 -14445 -13354 -31487 -8189 23482 23798 26988 -29185 -6643 19630 -15002 15609 30999 893 -24911 13296 25986 25543 -12190 9211 -8897 28332 1800 -2003 22925 -20804 -32308 4775 -18586 25053 15468 -25879 -19591 32402 -14616 -30117 -8792 -4569 11025 27370 238 16833 1853 30286 -3464 -13427 -4044 7002 -23665 7995 31967 5197 11690 26790 25101 12164 -28789 -20732 
-795995304 39154274 561614968 -2593986 -2909428011 -1500762392 -160741828 10535206092 -4718862708 -91883486 20955478 -655933609 -5858761872 11240626 -43793132 41606042 700195344 -3074498 11833326633 -2477188138 -75430282 1300195 2907158 -1309885089 -3007455488 5334707285 -741491972 -97710481 -5158000155 687075456 23353802 43503818 -1576306375 -4404791307 24742809 10161781334 -1113193375 -23699701 -400694428 4828640957 -46031516 -35578283 1466266 -4680309408 11639003 2132047 164120794 -383224262 -136451821 2982750568 11824310951 -9173304054 93465956 37921140 -8863118529 -1513594 11717082 -160739843 5962430 -5227249920 -20218445 22559964 4793877 -16906689 1388940 -3075382141 5405293367 -34910425 -645657030 1404052 -2613685380 5905236265 6107313959 4867928 -5182202794 283325397 -1594502165 148655246 -91589105 -48360995 -1331416216 2180209867 2767825531 383334825 4203002 -9066804 2353709 -6034361778 2402078216 22751262 9213910589 72364244 2257968774 10097494541 -3096372 75729455 2863990 -1094718 -47103537 1389197785 -1212259 -11577666 -274255910 -8864291 357788278 1104720139 -169399128 191486097 395922430 2340074357 -4281336 -98970559 -42196165 8888981 -340969054 -5702940 4959125 -2764547152 -5703111856 -11144890964 1558445 -5563363492 12565195 8517680 -22814944 -46858727 5529366417 -67903383 
43 37 42 34 44 42 39 47 45 40 38 43 46 37 37 39 43 33 45 45 39 33 33 42 45 44 43 40 46 42 36 38 43 45 36 45 42 38 41 45 37 38 34 45 37 34 39 40 41 45 45 45 40 39 46 34 37 41 35 46 37 36 36 37 33 44 46 37 42 33 43 46 46 36 45 40 44 41 40 38 44 43 43 41 34 36 33 45 44 37 46 39 45 46 35 38 33 34 39 43 32 37 41 37 42 43 40 39 42 45 36 40 39 36 41 36 36 45 44 45 32 45 37 35 37 37 44 39 
-14374 12777 -29281 18367 -13882 -32737 20386 -10580 -24126 2807 -17386 20924 5639 31980 -17630 30841 -16902 22218 24756 13429 13686 -31365 -32228 -23289 -963 -12945 10801 -30006 -27085 -3078 9977 -27501 27119 -5511 -24310 -15787 12826 15881 24649 7674 -22552 -13855 -2420 -1725 7211 -31720 865 -31400 9226 28186 1824 -11624 -6451 16266 -15927 1911 -13306 31362 -31139 -21078 -18558 11166 -7541 -6519 21349 21997 -12321 -27512 -31343 -29352 -9938 -16396 -22282 -9203 19112 -29506 31170 2708 16860 10433 444 -249 31843 -7976 2574 10088 12415 30813 -26253 291 -5937 11576 26569 13348 -9780 22859 15634 -22187 13932 30705 7526 21028 32658 6489 2321 32354 -10902 -7582 -7744 -3972 9971 26008 -10454 -17129 -27523 14869 14554 -23757 -10457 -9699 -2098 15704 -32633 4729 -14856 -7610 -32419 -2158 
-2792394586 -10524488 360090001 -2170477 1177033263 -795108993 -151410747 10249280099 11246601708 4873408 84250511 -5181560 11591788739 3009311199 -322199329 -6108308 -90967311 -4974249 -5694950 19700085 197001522 -2486557 -300254381 -12300662222 2143185 -10987929586 42147293 2685115776 5107372 -86219339 41863361 6240232852 6295234443 -9450576048 -41412653 -1390369837 -559641327 167398070 139373038 2438066 -1395851630 11235833576 24126507 -147945298 5807955 572360479 8923192 308092406 2254868346 -5125521406 8689491 92497118 12650029274 -47789818 48681219 -321909881 304456711 34323425 6168628 -5441876 394543025 195276017 -6248735 1214404113 9453933 4668224 -2871637 1179402 -2384940 -4470566 -11589996600 352135413 -344160664 18415533 4940704 -21965467 1394855714 2561295449 319446609 84205762 -282055523 1178080 82339379 37771950 19110150 -310348286 8829467 -9903611536 8722137893 -171748128 2708862 -168849854 -1265383189 1165422 -389436994 1231162874 18555068 -11213881 36824677 6017082907 72310608 -75584619 9655711 -2931828 281530025 -5959013896 -142516424 -2480276 -2740891 71035210 -1598138733 -5538391559 -34374329 48554044 1160929935 554481443 23389070 -99403453 88965192 738920962 -4554061 2733867391 -1481230457 -385138608 -1103116041 -2510717 69322256 -370174128 
36 27 32 24 35 34 30 36 38 25 30 27 37 34 31 26 30 25 26 27 30 25 33 37 26 37 30 36 27 31 30 36 37 37 29 34 34 31 32 25 33 38 28 31 25 34 26 31 35 35 27 30 38 28 30 32 32 29 26 26 32 31 27 34 26 26 24 23 26 27 37 32 33 28 27 28 35 36 31 30 31 24 29 28 29 31 26 36 37 30 25 31 34 23 33 33 29 28 29 37 31 31 27 25 32 35 32 24 24 30 35 37 28 28 34 33 27 30 30 34 27 35 33 33 34 25 31 31 
-10028 -25574 -24208 -21699 27918 8251 -19943 26204 10187 -14076 29889 4001 -26397 -31591 11470 -23651 25402 -21860 -137 13047 -8013 9161 28689 -7807 14902 26457 -1922 -6578 -215 4364 -29910 25242 -14772 -28386 1412 -3917 -11279 -12593 -21582 -21703 28218 18881 7896 19597 -12173 -31975 -13631 -13671 -32163 -29614 -18619 3419 28256 -9170 -7386 7526 -1045 16693 -29628 -15712 -24043 -12836 21639 10777 -19073 30344 -11230 -9580 -15794 -31529 -30258 -5828 31535 2592 29064 2977 -12656 -16154 -5977 19700 26539 7537 1689 -19679 -6137 4928 9254 -5522 -19086 -22288 -2116 -13664 -14297 5061 13830 -568 6182 -17396 23634 13845 -27440 30939 -29112 13074 -28318 9517 -9766 -25704 -10382 1673 -25692 -2444 -25734 26647 -24939 -16652 -27047 17675 -15829 19256 -21089 9269 9165 -16723 19535 10510 -21236 -12392 
1183574271 2733015 -2848060 1272867 -357331735 -11934073628 -368750164 -5332032325 9460176 1286382 -1385255620 -4360893 -626177783 5200407 152660318 1570424961 2352996444 619024906 18757981 6128925419 42875686 49934447 41536388 -3044031 -3003133579 4297015491 -40940513 -284592020 -2240097314 19617988 2833953 -193650311 -1353036341 -387836838 -5981977482 39909863 632946405 -270512682 2961359 -21619399 -5276431 1326548806 2877797024 1216052 71789826 -11389079941 2943970 11680820 -1471672 -1408550033 4373258110 -42433314 -4363751020 -11521019733 21408477 18216814 11276147553 23215982 -35703065 -2822889 -382134117 -2876126 398972184 1210811369 -1338519 -156174788 6198553 -2510228 -95081258 2450383 75576095 -153475993 1475307 -5287722853 11445566606 78512805 -1455921 -38254896 5914160 -24999010 -9619268341 -22440110 -4950431 75103555 11170396 -12330318333 24162067 1234692 313603874 12202225 1324470 -341867967 171560086 -637320058 21796127 -2491267 -6419760486 3050559183 -1242974 -4710231283 570337150 2564240074 197663328 -5239895 1277300 771829599 -769249947 302298916 9731558558 5059342 -4409946862 -11580621679 10701225 -12417848 3028175 -2740884498 -17740151 -270538759 2741530319 747065397 -558326323 -73576778 10063614174 -4526463 -11670776 98091946 1600624211 5029229 
36 28 28 26 34 40 35 38 31 27 36 28 36 28 35 36 37 35 32 38 31 32 33 28 38 38 32 35 37 30 27 33 36 35 40 31 37 35 28 31 29 36 37 26 34 40 27 30 27 38 39 31 40 41 32 30 39 30 33 29 36 29 36 36 27 34 30 28 33 28 34 34 27 39 41 32 26 33 28 32 39 31 30 34 30 41 30 26 36 31 26 35 34 37 31 29 39 38 26 38 37 39 33 30 27 35 36 34 40 30 39 41 30 29 27 38 31 35 37 37 36 33 40 29 30 32 36 29 
-8423 17775 -3789 1817 10382 -25367 25053 -10870 -27679 9706 -25288 29934 -10979 32525 3478 -11035 20638 22547 24518 372 12806 -13969 15845 7775 10164 -9136 -20951 11867 -7038 -21279 -2812 11580 -31813 -9672 -5461 -9849 14360 14252 31687 22287 -28261 3964 -26313 14870 -19083 14313 22511 -12604 20932 -31598 5107 -19383 -21877 15647 -17776 12516 28185 29278 -15367 -23605 20539 -5500 -24677 29876 -2288 -32268 11968 18713 -26346 -22846 -11979 -17470 -16232 22065 189 -17229 -7525 -18498 -31082 -9008 4126 9010 -31492 720 -31258 16087 23841 23625 -19090 31446 -20092 17994 26180 3096 25248 -26244 18799 26122 -30534 -421 -29817 -31579 28004 -16310 9463 21709 -8420 24240 -11866 -19622 -2553 15026 30457 -17472 -29376 16175 21837 -9863 1069 11109 14196 24741 25219 10667 -5952 -5780 6053 7208 
-34796485 571078884 -1287466115 11039799322 -6340567711 -305136436 -5423243 160807955 18420824 -161366804 703979532 -36743251 -38846534 2418683 20329168 -1233374928 187862862 -2628428840 2809223935 -95693130 1278366 -11876567700 -2400878 -3033578 3068100098 5119449263 -2781053 1087809384 -359968908 98655934 -24505797 590499225 1130208 3104198162 -12175575491 67587883 -339807048 -1276051094 -153672671 6315377735 9454416299 -2850754523 -73824140 -5466469527 10142029 -5051669713 -5327542917 292395996 1298244597 8803078128 -2703541 -43626808 -2945329307 4435758 23270142 -400993305 -20970400 -100602539 -167347153 4350296 2691470613 3045848 1280795637 10017582 -4246542 9565257 -96713117 -23600122 2221654221 2633213 87136916 5028507792 -9156355280 -1319922 -9881832782 171631114 95954889 175700415 2469596 24049141 3173376956 -49223249 363805252 -48510734 24269193 1550645534 -5591009 5646572 2661325273 306946468 1210693632 11404120 738069537 -2903487 -4919645 179352307 38235648 -2681878 -3047854 88786920 6311602256 38805023 4567113 1295710161 2651731243 23329940 71884438 86986678 2367973231 4779092203 -41234744 73147742 -12405932510 -1395547550 400459126 -278955566 8737473403 -1475156 4500829 -12135179 337302550 23660881 1346381680 169714462 -5371592078 -5612888137 3087387818 -6293456536 
42 46 47 52 49 46 41 45 42 46 48 44 44 39 42 47 46 49 49 44 39 51 39 40 48 49 38 47 47 45 43 46 38 50 50 43 45 48 46 49 50 49 44 51 41 49 51 46 47 51 40 44 49 41 41 46 43 44 44 40 49 39 48 40 41 41 43 42 50 40 45 51 50 38 51 45 43 46 38 42 48 44 45 43 43 47 41 41 50 46 48 41 46 39 39 46 42 39 39 45 50 42 40 47 50 42 44 45 48 49 44 43 52 47 47 47 51 38 39 40 45 42 48 45 51 51 48 51 
23037 -11597 15366 22806 -24805 22304 25642 32005 1870 24665 18574 -17828 -26880 31105 -19148 25533 -8226 11276 12566 -290 12821 -18047 -23517 -27321 -4648 13548 -26631 -7861 -750 -19290 -12911 -27287 -12921 -28698 5970 24014 -12965 13224 3922 -20128 -27082 -8541 8610 20210 -1236 -22594 -3286 24539 -23949 30558 -25816 1022 -23196 15099 7093 26720 -8568 14830 -21264 15115 23041 -1344 -32265 17961 -21393 22398 2437 -22202 120 -6405 29602 -11485 32038 -15514 32526 27728 -15550 -25747 9907 -27615 26497 -7647 16666 32704 29706 11186 23519 31379 -25736 -111 -11845 3386 2185 -19604 -15207 14879 8547 -7721 24275 -29966 -17411 15666 -1572 22660 -25043 1291 17179 2276 4993 23808 -32606 -22190 28813 23412 -13660 30477 2374 -27335 -5807 30153 3826 -14231 6951 32398 -5304 14146 5541 9263 
86284850 12065364148 1081144265 -589145717 94248825 2331397038 12568926 11018162 -316672398 4599736 4292663 -11419270616 -92009281 38099310 97451553 12416458998 82355737 356971125 40868634 298869920 -90053063 22643984 -1357933119 5167624016 -137819256 1553309 308215361 -777122116 2492763625 1353750885 -371356329 4795399 37325990 71441461 25138979 -11406501 -5998670735 -49740593 2801500431 -187906983 -4765920994 10303643072 -93797467 36784317 -2318915 -23200276 -86555733 9993083381 306678054 -2395836043 2741981624 -2402089642 763441235 73197800 -8625474577 -662607682 -46140279 42389627 -11029266 -2943622 1482596 791334457 1147581 333860349 69365182 1501810870 -163595859 1229079 -8798401822 2771465928 -1223069423 10014335 -11537610 155428817 4700380654 12074881 -99534597 -70990122 -656494215 -89137831 -2198331 -46740220 1091205 -2593442 2776506 -292860971 -396608664 144744049 1103752400 -16793479 -2610870 2636670746 -2862645566 -37624744 -21687900 -49604771 4435113 -2415189 -2349076258 -9930466 -4768730623 4738702 -10767864385 -1208480 2420890689 3006513 1432027 -2270461 6242187452 -549618622 -4279037 4892293712 1542874614 10582498991 2397552 -10152792750 -9254716549 6030555570 2899191 593261897 -1225266 -9146753 286716722 -4980860102 297020062 -164841539 298281409 -309838427 
45 53 49 48 45 49 42 42 46 41 41 53 46 45 45 53 45 48 45 46 44 42 48 51 45 39 46 47 50 49 47 41 44 45 44 43 52 43 49 46 52 51 45 44 39 42 45 53 46 49 49 49 49 44 53 49 44 45 42 41 40 49 40 48 46 49 47 38 51 49 48 43 42 46 51 43 44 45 47 45 41 44 40 40 41 46 48 45 49 43 40 50 49 43 44 44 40 40 51 43 51 41 53 39 51 40 40 41 50 48 41 50 50 52 39 52 52 52 39 47 40 42 46 51 47 45 48 46 
30501 -15514 -1000 -18990 19044 11978 -294 767 -25878 -10221 -2125 -3963 15937 13536 -799 6038 4826 9664 -6475 7687 25132 -20065 7507 3370 21526 28537 15808 -27383 9216 31242 22674 8133 -5582 -5945 -25158 9324 -21916 13528 14807 -14317 -20501 10323 -1343 10598 -6550 -12896 26784 12649 -22906 -32439 -17550 7528 -6027 -31696 -16151 10681 5980 -16237 -18199 10568 -28147 28994 -6098 2635 -8768 -11823 -29038 3240 -18410 -23303 29565 -14957 -7494 -14253 6567 -24576 -25933 -8210 32304 -20601 -1768 -18001 -1438 -75 -13062 5330 -21725 5105 -2843 9302 10648 13197 5676 -7808 -30274 -26698 26474 31352 30074 -24572 -19802 21148 -7911 3069 9050 -30212 22123 -11370 22304 -28288 -9763 3374 -18178 -3650 27089 -5032 -14775 -1940 -21901 26234 19095 -10330 -6683 24008 32442 15319 32609 -26656 
12394286820 21367226 -9690278358 25162617 390468209 -2556800 5950772 721973795 -10478140778 2942194098 10807400456 -1108896802 -2630695069 -2994729 -583731303 -169792377 -2389788604 -303405833 22183592 -24272063 -2956537 -183170474 10422710219 96736055 -2303554706 147937320 -1422902170 5034500429 -5501089957 -5236844839 2345743800 11819733 -5383708 -10030006 2294587 -1351464 400349079 1141513 10702316 2428491 -3059005 1400492097 179128001 -4940488845 2532654 21861780 4344028 739093588 9954021 17166714 596730322 354321638 695519898 -2895514408 1521914 -9495167 8630187398 -1323560484 -89096895 24153756 -36702259 -9937440 -10468240 -47880236 11054273112 -23183501 161986222 -2274279 -10665111430 -37765515 -634775806 -280287661 -10230528354 -2967728 -11948613769 11104378092 -1320338528 1610430250 -1559778 -1568799 3153901002 -41649344 -8654340133 -37807146 -9118940 2401428966 2346028 -2117343 286780525 -144572156 37180679 343093142 3027498531 10608283 2578658 -1353670 -766132270 571900106 -3062684 -12212995 1399826645 5648737804 -2762801606 187206398 2748916132 -2882504 -2412216528 295522417 -9865145 -18759633 10082617884 -585503283 8606825877 -20378954 -280597471 1125354 -393358624 -4470151 -21938020 2144207 -2940950473 1214867122 -11070814 1233934366 -2741385794 23935229 19396913 333304299 
60 51 61 51 57 49 49 56 61 60 62 57 59 50 58 55 59 55 52 53 48 56 60 53 60 56 57 61 61 59 59 52 50 51 48 48 55 49 51 49 49 59 54 60 49 51 49 57 50 51 56 56 57 58 49 52 61 59 54 51 52 51 52 53 62 51 55 49 62 54 57 57 62 48 62 61 58 58 47 48 58 54 61 53 52 59 48 49 55 55 53 57 60 51 50 47 57 58 48 50 57 61 60 54 60 48 58 56 50 51 60 56 61 51 57 47 57 49 52 49 59 58 52 57 58 53 51 57 
2678 -8199 27561 7294 24239 -30631 10331 -20971 20558 -8071 13526 -24390 -27545 13820 -3298 -21469 20593 16865 14285 -13321 -30420 -18620 -5545 4078 -14469 -31792 -16421 -30637 22490 -22450 -7790 -1744 -28936 -17583 11965 9869 30272 20853 -12575 15090 -18702 -4888 -7737 20889 13659 -28657 -3594 3903 29933 16702 22200 -18654 -12317 -20102 9753 -9302 4876 21744 -21647 -32400 -14147 22704 32615 -3758 -32693 26261 -27672 -31232 -225 15373 25487 29756 -29602 26463 23668 -14469 7406 3080 -8452 -16532 -23420 31359 11885 -26985 7847 -8958 -24941 -741 22767 -4053 -29391 -20199 32190 -6941 17506 20480 -15829 29934 18188 30624 29656 19440 -31309 8823 6350 30405 -13155 -18383 -27295 -32344 -2029 16816 -2314 -20654 -3528 26272 -19351 -17748 -20220 32279 24461 28080 -3978 -32245 4172 -30181 -29839 3543 
-68070807 1475018 9837605690 -11826603 2508076 -92756040 67553236 -11533709 1314033523 34265226 160475972 -45888231 -21977666 -6112574099 -671261828 -2603128476 -5787124 185529681 -6033940 -1600828686 -11450120 -49441150 -8678531914 2519258 -2653285237 5102547419 795857909 -1562328 -1238478536 -362866801 351027510 4940070 -2146571 1170156 -145747405 -691101178 -34178769 10268120826 1405227364 -6047114938 2167568244 11808627 38996384 -5331955975 -1537664 -371814856 556987900 -5487175058 22140036 683713098 195713679 196614529 12035378629 346013252 76429791 23353598 -41475293 -41028058 41877698 4221803 -2722131914 1172487 -20609093 -323344907 -24626416 785736356 -40105510 2993094835 -10844673 -9548012267 1161047053 12022937017 322369720 -6399889195 -44647601 4317262 179610641 -96158934 -589897880 10797944747 1271608 -640875495 725628218 10475340 -2733582761 -48258324 87882084 1266257687 4576868724 -6286486 -38547640 -80515038 391256085 686434568 94724429 190493567 10190793 90348424 -42715035 -5844820365 -347533485 -46599380 -331000731 -330642711 19221933 277486575 -98169911 82539855 -1462181 -10138008175 18879800 -83121194 6411454241 39964014 -390237048 1533184532 -4960926 98405052 2872953 3006250 -5399549194 -5699416444 -46121048 -35598257 10691919 -2320352 -137716367 -1258041 
49 45 56 48 46 50 51 46 54 49 50 48 47 57 53 55 47 52 46 54 46 48 57 44 56 57 54 44 54 52 51 46 46 43 52 54 49 58 53 57 54 48 50 56 44 51 54 57 48 52 50 52 58 53 49 48 49 50 49 47 54 44 49 53 47 53 48 56 46 56 53 57 52 57 48 45 51 50 52 57 44 53 53 48 55 49 49 53 56 47 50 50 53 53 51 52 47 51 48 57 52 50 53 53 48 53 50 51 43 58 49 49 56 50 51 54 47 51 44 44 55 56 49 50 47 45 50 45 
26712 13109 24139 -6519 13877 -29779 3118 11237 13324 -6373 -21549 -14284 12067 30458 -2676 -25377 11422 -8166 16853 21555 -2391 -19582 -27942 -18390 -20525 -10882 7180 8663 -18609 -5969 -17148 -16684 24490 11437 -30592 17176 -18563 17581 27667 -3785 -413 9406 12548 3183 -17727 -30144 5424 -2572 -13455 7713 -7319 20035 5764 29058 -15618 -17475 -21938 -28969 23268 -5159 4523 15942 14194 -22495 31376 -2080 23291 -19252 12092 26841 -14336 -3858 -17068 -6991 -3815 -24052 -18667 13528 -17506 -26876 21092 -27165 -21730 5704 -8122 18461 30212 13697 -1273 -8273 -28649 31548 -25040 -22516 25103 -12804 20236 14578 16315 12276 -22940 10418 13197 31709 686 13009 1828 -29830 6874 -16628 -2005 -13401 7223 -2523 20078 -14304 -3628 21211 -19182 -32501 -6300 -23743 1768 26556 -24255 4277 31216 21215 
2279854 -22812137 -43019101 9100104 22028784 370674438 48724247 -11485129147 -2184318582 -3073574 4933197250 -9805017515 -1205712 -4303443 -9927202074 11304971 -2809891700 370622903 1472056344 -4761435 3109875 -4627200 -793747888 -2615736 -39998135 -19771747 -667902737 -5693491 34141336 4220700 1604855935 1154196 4744314 3142364 3056763792 4254405 -19604059 2476074 -718900976 -3062240 5428333219 5833693752 -18566109 1390385 -6159239 -284481118 -317998275 561526321 181621828 152199958 -565510834 1231858 73137068 -308540327 -9842978 -544034344 88635641 90181101 -317710603 -2645667596 9996212 136609774 168765036 38759873 2810565 351556322 -2689922024 -2871180224 17950352 -138930084 22948472 -4776230 1497027 -2536307362 -19694890 -1331862371 2961424064 -2719054960 177166848 -2123904 -93449702 -2334918 -705683347 -2127216 -1196412888 2692809 -4390294 8877124207 -5660577517 2150409144 12244002 1483451 -178934382 -1292346414 -1245950 -71169314 -191975438 -9709417 -1561968353 -1164761056 9668826 -90357428 88461035 -290430981 9141858166 10612793 -92108564 3028823495 -182070804 2344779048 10580696294 -3030388606 388670841 -10522907313 190289063 2989853 9532228 -196484031 -2751047 -683529828 11030784326 10937288 21010547 -191202311 332347348 -299630422 83767613 399603661 
43 46 46 44 47 51 48 55 54 44 53 56 43 43 54 44 53 49 52 45 43 43 52 43 48 46 50 43 48 45 52 42 45 42 53 45 46 42 50 43 53 55 46 42 44 51 51 52 49 49 50 43 48 51 45 52 49 47 50 52 44 50 50 47 42 50 53 52 47 49 46 44 42 52 47 52 52 54 48 43 47 44 50 43 52 42 43 54 55 54 44 42 49 53 43 48 49 45 51 51 44 47 47 50 55 46 47 53 50 52 55 54 51 56 48 44 46 50 42 51 54 46 45 48 49 51 48 51 
11779 18118 -27180 -3067 -18931 17004 -9722 -9340 11679 12150 18797 6379 -3683 -23500 5925 -32610 25769 2556 -22128 -16250 -17806 24382 -24323 20272 -26865 21118 21188 -31644 -20709 23601 9157 17812 29000 27776 -31817 3161 19683 6234 -16120 13246 26947 7062 31607 -11475 -25908 -6642 4297 -6856 -24750 27410 1337 -21432 19278 -8492 1588 32001 12093 29028 25379 -15180 1136 -16667 2288 -5002 -12872 31308 -2986 -1635 25163 -27257 30081 -16401 12377 31249 24796 -12293 -368 -9705 -7536 -23962 -272 486 7893 19205 -9767 -23300 11541 15165 -1965 1824 28699 22306 24838 -23907 -31149 -21633 21382 -12804 9607 -12195 -25436 1770 30592 17540 30984 26844 -31059 27508 -17478 26486 27212 -26487 735 25887 -14781 -24006 29315 -16932 30362 -13385 -25259 -7388 31298 -12555 25686 -20645 -21797 10351 
9434764574 -18291169 -396568001 152091176 -69458386 -49430171 -10634549159 140427102 -11923792 1241155335 6274837 8927805213 5863826 11303136411 -8546373 696756048 4256036 1162721814 -11271291 741325370 -91673237 1320536707 -5363951548 1309607 -1283329643 134808556 -22655351 -9056875531 -723139088 1208067763 -589262399 -338144447 6029624 -19238459 -4922146 33897476 748527058 -373643497 -4406563 -6361103437 1237108200 -5383639623 3022515521 -678041294 4479602625 9281568 194885849 -44262001 2519123 -1559446613 42633681 5353464553 699943362 -2235131606 1238340 -1274970 -378117037 -9655644325 10364569847 4283452 -635611905 549302457 2775485233 2426987 17347626 -138216029 18701265 -11864458 11928703 -5070493 34375417 6180282844 -1143535238 -2325906507 -1529931 -1135524 -4744695 -2610563 365090467 24939582 5050761 4411740839 -6243272 790404941 -1155587646 178091821 -1150901809 -89809691 -758489639 334817192 2264138497 -1193370 5588505126 5269584 12687592346 86182695 -400722271 -11467149038 84272807 -780163955 -44913449 1317564090 -20041173 -11759585 -41119384 -71797692 -174748917 171930516 23844857 -2878849 -1421143801 -788543784 4382475 2407587248 -36158290 -80076091 90359049 -11909607267 -2317916 98586736 -44727032 -19822561 -11391710 -1457044565 -364132229 2887101 17282447 -1151806629 
53 43 47 47 47 45 52 48 43 51 42 52 41 53 44 48 43 51 43 49 47 51 53 41 51 47 43 53 48 51 48 49 41 44 43 44 50 48 42 53 49 51 51 50 51 43 46 46 41 50 45 52 49 50 39 40 47 54 54 43 50 49 51 40 45 48 44 42 43 42 46 52 51 52 40 40 42 41 47 44 43 53 41 49 50 48 51 46 49 48 50 41 53 43 54 45 49 54 47 49 45 50 43 42 45 47 48 47 44 41 50 49 41 51 46 45 45 52 40 46 44 44 42 51 49 42 44 51 
23701 -3741 -20222 -8637 25441 -24780 -6431 -12670 -20342 -2770 -24137 8284 -2167 -2869 -29934 11180 5439 28358 -11419 -23579 -30852 9031 -10806 -1972 19987 32697 -3695 23766 10217 -9637 9873 8515 2384 -6192 -23406 7112 21845 19377 -17685 -5516 -11783 8857 -4941 7820 -10873 -18809 13605 17903 -24164 4320 -23932 24478 31478 -30028 -12866 26104 -7927 2127 -18615 -905 14019 -22470 -29617 -13998 -15037 15594 -7767 31169 30224 15727 -7962 -9244 -18084 -6113 29083 -15209 -18693 -29817 794 -20191 -14330 7856 3704 -26911 -29812 4761 -26287 -26632 -2869 17074 -18361 13961 3808 31696 -4466 -29603 24832 24623 -19263 6556 -21472 22376 -9808 26280 4317 -29796 2588 25952 -23934 2033 21506 3649 -19742 1263 -18175 32600 -22413 -8961 16229 1090 14245 -23730 23010 14527 24075 18583 10420 24582 
1461397 89490937 668305005 -5153790 -163978384 2790384 1160803637 140671129 11065738 96348529 -5273856 783738407 2475430 9751715 -68100649 -175761634 2694108277 -5789505 9284579253 -44869843 5001669096 39932097 11077509 -2981186 -2163730 -83188531 160348059 -9457247 -36028927 3209059611 -1522074020 90068739 -11162061 16959550 2648236116 1072567 -69143395 1462929309 392378746 374757253 1498255539 -1096735969 361060716 12090244 -685050052 5109731 -660624707 12035159 2691888743 -86309065 -6089615 605060324 -75042868 -24200262 2743943 3142264740 147386582 -2276472001 -86723589 -1462926858 10191344 10683813624 -554704149 -190036153 384758284 -4583653 85039276 4959786 9360318703 -10315477767 3102357 -4388513491 -17628545 751418340 -2699971142 732710411 4535952128 -24508253 -48645189 23669482 -2152724 -12556652489 -633627595 -398443753 -600347878 1206691 189509486 73578494 -9021316 18274731 -783974080 -6012058993 -5839831934 -2548038 -19115923 -5554052 -5677160343 -8624385 45959871 792067425 369941832 5347371373 9642709 -6131677163 48651677 -1319393 -558353441 10412401589 610418732 -594356345 -20813373 5036399 -10947492 70331442 86106212 4605716 -11672051 -21653222 45332108 -619777754 -1284068764 4660962346 -156985890 -4892733 -1397924 -366790359 2583355 -4806664244 
22 28 31 24 29 25 34 31 25 28 25 33 24 25 30 30 33 26 36 28 35 29 25 25 25 28 30 26 27 34 32 29 27 28 34 23 30 34 32 30 32 32 32 25 32 25 31 25 34 30 26 33 28 26 25 33 30 34 29 32 27 37 32 29 32 25 29 26 35 37 25 34 26 32 34 31 35 26 29 27 25 36 33 32 33 23 29 28 26 28 31 36 35 24 28 25 35 27 28 32 32 35 25 35 28 24 32 36 33 33 27 25 27 29 30 24 25 26 29 31 32 34 30 25 22 31 25 34 
29782 28356 2081 22243 -25371 9949 -6276 17620 16744 -7572 -28707 16303 239 22726 -8223 9602 -17031 -23685 24181 14108 -30061 -3031 23016 14657 28775 5613 13985 -14583 -12262 -19479 31339 29174 6201 -16240 -24418 -10669 -1512 -26302 -16477 30743 4884 29065 10516 -27350 -29283 -6735 -2478 18521 -4891 24594 -17141 4565 -16982 -852 10256 22501 32028 27296 -10111 22586 2118 32133 32489 21723 4315 -30678 -30735 17433 -24344 1825 6700 16505 3392 -16829 -29754 13431 3105 -24402 5371 12491 -5272 19144 -27695 -22427 -14962 2852 -30746 -13882 -2922 -18211 -19859 -30167 -27125 15255 30770 18002 -18359 -17678 12235 5272 13709 -3000 -12998 23099 -1273 2890 -23998 32151 -14381 20715 -22972 -31003 7973 -2602 20491 27599 27615 -22671 -21582 12702 29587 -28744 18618 -16978 29098 13911 6290 -7537 
1408555 11118623162 -4479582 47447096 -3076347 2732455102 -34318187 -184293957 3200412421 792187896 -388181670 -572191142 11094099 1543833002 -69768326 2365714 3087161 -18924415 -1258175 -1181131 -1436365 42346051 -85896520 -11517879404 2334978 -10170390443 -6247868 9774195559 1552559330 -11612682664 1432628 -1252567317 -19619174 -2813023522 158403879 4401750316 -690785767 -18944817 -3015683312 -2698397100 -24488416 41265317 4933793039 -1511418 -2783062858 -82926177 -76204388 12265242 -751183354 -1483756 -5593414774 38494937 -82881391 36218233 -271334560 -2527606370 -24957058 329140976 683666658 -307450301 -24965626 -2721926231 -595094573 163010996 401902146 172368127 -1557010349 9321010247 -538477301 -44210386 -10073575387 84614485 -11864992449 -794559429 -67176311 -23720962 3203449261 3044790565 5634251 -1114550037 -33987647 -2274939795 762612496 17304566 -18573772 -24202307 4683903852 163749447 -1479125253 -4681735 17899806 -24055311 8787582 1336297804 -3012732 199869024 630165563 -163891128 1209581 2284687 4330873 10198014553 1124007191 -3129496343 1416850 -11393432 -83333648 23418816 -69496027 -6355042407 -745567786 74363951 1095081 -9514736 43260068 -10365230 -731449887 5130299404 16898368 -2550100649 -2174215529 1373125 -1606508265 3031338054 -1377243355 -2567288623 -18919449 6154404 
45 58 49 51 48 58 51 54 57 55 53 56 48 55 53 48 46 49 45 46 45 51 52 60 48 60 47 58 57 60 46 57 50 56 52 58 54 49 58 58 49 52 57 46 56 51 53 48 56 46 57 51 53 50 54 56 49 53 55 55 49 58 54 54 53 54 57 58 54 50 59 51 59 54 53 49 57 57 48 56 50 58 56 51 51 51 57 54 57 47 51 49 49 57 47 54 54 54 45 48 49 60 55 57 45 50 53 50 51 59 54 52 47 48 52 48 54 58 50 56 56 45 56 56 56 58 49 48 
9816 -2493 -5443 -13548 -1234 16055 24092 28927 8202 -18526 -10650 4902 11868 -5275 -13937 17868 10874 20392 -25081 -28111 -29690 -568 -7996 17989 17980 21203 -29468 -12757 9049 -28677 1008 -2401 -11295 -30890 -3545 -29091 -1459 -4096 23308 -21823 -29889 25461 6692 -23876 -12304 12692 26824 15796 9110 10245 -3749 -21892 -25426 22462 -29218 29543 -14147 -10721 -20388 25528 -26032 6910 -17685 -21997 -7365 -26428 -14854 -8771 -4063 890 8277 -13904 -2704 8392 -27959 -25139 -26484 -20090 22864 -2556 -2775 -25163 32289 12637 13036 23825 -27014 9259 24787 16144 20793 5786 -16649 30045 -9744 -15061 2471 -22677 -22898 -21676 -28988 32601 -9236 -2041 4730 1548 8254 19871 -32032 28749 -14212 -12989 24179 -23189 31577 2721 -2880 23705 -8996 -18845 7007 21095 -12130 13228 7826 17377 -7766 12056 
-91403423 -10468349 -5968915368 1242483474 -1387449040 -24323008 46260135 1332101695 336854712 93082231 34796440 4870425 5314993126 4889989252 1563484 -3038557 -1286565 -12468363871 -766965016 -369207108 2251428898 177098806 -11822922863 -90445884 -38121581 -5103795713 -192433262 2249616 -1459578977 10844315400 -23773080 11686357590 -313602684 3073088 -5169203 93277543 -2654798 -1080518 10223011586 2212465 12351559275 2742770194 304298369 1269901 -2305520 -1599393614 -276926064 -2271696 337307487 12804849036 3097601 5234251035 -2448933 -2698832 787989613 -3200863747 -311884511 2727289 5100308615 -2528591939 612546306 -4827781 -666559446 1440448 38405665 33758472 11323138919 5359562 9920299280 -47849043 1326167692 2759851 8975179 20944742 2329820 -703749087 -732247336 38549904 160855841 1423336629 1204144 -10561094 -38408829 1159901 -2885066612 572425553 -558833287 23229070 322301065 -81932145 6071967 -6078014 154987377 47859778 649520083 -2716294208 -2307609086 -2331876 -2590467 -11734581400 -12683898521 84884804 -2167476 -10576334 8480341 -792319529 11936982527 -171155296 -6134247499 -8640179 -4452485 6221364 -23255061 -10067513989 5642956365 -147623555 -561358980 5138803331 159098092 -12732964199 8762912458 -2861968890 49059437 -4780905 12610417096 -285065525 -48305871 -4791510 
35 30 39 38 37 31 34 38 37 33 33 30 39 40 27 30 27 42 36 37 38 34 41 34 34 39 34 28 37 42 33 40 37 30 29 35 28 29 40 29 42 39 37 29 29 37 35 29 36 40 29 41 30 30 37 39 37 30 40 38 37 30 36 27 34 32 40 31 42 34 39 28 31 33 28 37 38 34 35 39 28 31 33 29 39 37 37 31 36 35 31 31 34 33 37 38 40 29 30 40 40 34 30 32 30 36 42 34 39 31 31 29 33 42 40 34 36 39 36 41 41 40 33 29 40 36 33 30 
-10387 20708 17699 25267 3399 11231 964 23918 -23783 11418 8354 -20048 -22026 -31267 -3730 6160 1660 19910 -4893 28792 27314 -2587 31061 24377 -3566 24265 400 2802 -31984 18033 11297 -4694 -26184 145 26642 18734 31999 -27887 29391 -2066 15670 -15798 30405 -17989 -20165 16311 7094 23905 -5179 -16400 -13208 4155 10749 -7743 23431 -30786 -18769 -23107 27489 -20930 4561 13571 23971 2487 28123 26637 27318 30235 -9553 -16383 18419 -23596 7272 11949 24626 -28277 -5654 25598 -20179 940 21211 -30945 -18922 -19333 3627 28724 6354 25175 28547 -21317 2821 25409 -17505 15244 24232 -18422 -31085 23151 9813 -21081 28079 -4794 -11895 -9599 -29646 11037 -14453 -16597 12214 493 17376 5369 -6628 31099 -22044 7651 -22683 -28278 5812 -1768 28737 28535 -21974 -15615 -18561 8833 32418 15136 
-24450778 166283978 -2189973 1147199353 -21918269 9561968332 20899489 779473439 -189778075 -1128408 3062029218 2178589 -11673598734 37654928 180263291 -2275999 -9705769381 -1191183 752234595 49977848 -372663280 539840689 -8750354525 46182412 2816672045 -2836685 -1313104 87061093 22597661 45438423 -1220875556 -170960370 22959008 23117308 -9758970 -692165004 1059723 22731689 -9888431471 394550852 -3204584903 -23850083 -1461686001 539207927 -697467404 5545694076 -2289031 1357870152 2123972 -37317019 2755002 -5969311 -721354602 99190620 -9267078818 -1421331975 2605271157 5657957 -667080264 1363558725 -365841003 3013744 2575171 717814312 -1216665807 -1503721 -34272272 -773578049 -4960933850 -1363221448 2854694 -1488595515 -3109040 306891611 11159582831 -5725799388 143799523 2518391235 2360962 -12472179941 4545975319 -185495752 -2604225 -5300514 -196533074 5785772558 324882099 -2556469 38589790 1292112530 1124695597 -24911968 -1235228 283345276 1598334041 172763832 -12635418715 164714781 99198161 3060794 -12459680 78774646 -2882490565 175310639 2919872 2672496870 -41359828 5236831554 4937108254 -21318973 -1450365971 -590040914 5176155 -5928838 6293640053 3098279 5222189683 334601994 38979794 -24441619 23385091 80292208 -5085153 -1496817 -5576883 12212519126 -19677431 134264292 
36 38 34 42 36 45 37 40 38 31 44 32 45 36 38 34 46 32 42 37 39 40 45 36 42 32 31 38 35 38 41 39 37 37 34 41 31 37 46 39 44 36 42 41 41 43 34 42 34 37 34 34 41 37 44 41 42 33 41 42 40 33 32 41 41 31 36 40 45 41 33 41 32 41 44 43 39 44 33 46 45 39 33 35 40 45 39 32 36 42 41 36 32 39 41 39 46 40 39 34 35 39 43 39 33 42 38 43 43 36 43 40 35 33 44 32 43 41 36 37 35 37 33 33 35 44 36 38 
27450 28062 13888 30544 7246 -1100 8721 24436 6969 -4703 -12723 -12504 18242 9278 -16082 -695 5665 -25205 26296 15109 -21778 -22182 -2435 16372 -29130 16570 -2573 20679 -30962 22933 25194 -30040 -5770 4511 5930 7440 16948 -7289 14173 10911 9085 15835 -24013 7250 27369 -28688 -31309 25116 -25049 29522 25020 20312 -28275 -26137 -23644 -1120 169 20248 17015 -16464 24299 -5173 24742 -16978 10152 29551 6196 19230 26434 9885 16832 32274 -25819 9211 2775 -16592 1978 24246 761 -13944 3720 12573 5776 7912 -14886 -21203 3538 24771 23219 24616 24439 23507 -30855 3454 23838 -27733 4890 -8679 -27104 328 -23261 -21926 -4931 -19064 25206 -22732 15982 -19927 -12456 -2113 -761 5402 25574 6457 23947 -1147 -18240 11172 -9285 12898 15739 475 2029 -6917 18901 -22288 -3272 -6943 
-1394807 10608055 615554830 1093890 -10170661 84639951 97009285 -10541524397 88730847 -273531214 -5341523960 2859082326 84239996 -185233595 -6119209 2865454 -45604872 -42487217 -1338534201 2684886 -76875586 -1210732 -3195845221 -363000452 -4647303604 24118098 5841328 8773895570 9539491575 -9424076 -1498758 268627657 1181418842 -296345455 383670776 -36115662 -6145843 -20246476 -24735201 192824908 2874592 11550771488 -2688200 786819222 -9983979 -10519154 153284011 -12008398851 45385650 81643596 -1465300 4452916 -2536828081 37349227 -781348937 -33725930 1257861 93324426 11260406 -10811523 756066457 -5373467 -92897797 -89169810 -632825507 10672878 12306287 -11938768499 -282780808 -8593099981 -36605828 9566149823 -2268954737 -12426993 -1339023 304887741 -89377866 45315105 5669863169 190999264 47161930 73208389 1538498036 -386007738 -11286218437 -2399160 4807358 1226800 719844002 -12458418327 -79149630 386757717 804503852 -1311027876 -24481902 -43997090 166644145 10635566 -38935658 149355127 -2403465 2963700 -1536457338 5149252 1503512 2655861 -1322872876 -2318587 689284781 751245711 352803326 -1085956 383156715 1261998 -9369665427 554477845 -2985772096 186081200 2940378241 18994830 2491510793 -6016375167 1414508165 -10038882 2545164571 -1485704376 -5000869 -1287795 
40 44 49 41 45 46 48 54 48 49 53 52 46 47 42 42 46 47 51 42 46 41 52 48 52 44 44 54 55 45 42 50 51 48 50 47 43 45 46 48 41 53 42 49 43 45 49 55 46 47 40 43 51 45 51 47 41 47 45 45 51 43 46 47 50 43 43 53 49 54 47 54 52 44 42 48 46 46 52 49 45 46 50 49 55 41 42 40 49 55 46 50 50 50 45 46 49 44 46 48 42 42 52 42 40 43 51 41 51 51 50 40 49 40 55 50 52 47 51 44 53 52 50 43 53 52 43 42 
32349 -27982 -10476 -14470 -9104 20802 24169 25539 -4417 -21494 23866 12242 7894 -13110 -27113 27676 -1458 -16365 29525 -14582 -17661 -27907 -22721 5112 14670 27915 15553 -29081 -27802 17673 -1426 8332 25671 23234 9754 5852 9569 -16436 -13611 18250 20613 26303 -2047 -25053 -4256 -27512 -16565 -775 -24933 15234 13081 29669 28277 -29638 6582 -2698 22192 17817 15107 -14299 3860 10413 2591 -25972 -30395 2282 14557 -21001 5941 -1047 -7906 4501 5247 5181 -2863 -12006 31025 24222 -17489 -2398 17037 29313 -23730 29505 -14055 8889 -29209 -4584 27669 -9358 -19856 -4450 32303 20517 2785 30365 2778 -13413 18129 28507 7416 10437 9082 8569 5322 22779 354 14938 -2723 -570 -20558 -8833 27556 -3950 5178 -7802 -68 28752 -23721 1992 11617 29160 1160 -28767 -2639 19440 15853 -27440 
303844070 5226708166 1189996 1566029615 -5803397482 -2271188 9970828400 -1425869838 82563219 1120171884 2805535 10940661 94318181 10360024804 2556943 311780144 -90026815 8624024 2686666271 1098820 73762343 -4431261112 -3208283259 1596498544 19485129 383207208 -1410010 12573209325 -11685504 2929404732 281499049 -385469473 -1197815 -9797030 -11114142 -11709661 336930417 -11327481358 -2609005350 1094706 8987718466 -72226687 12410712 18473103 5297763 81385719 10303775295 -576453986 11866907 -43969281 69660368 -21040370 -2433515905 -95513997 -39669661 5057043 787233879 722183130 45566859 1210880 5054092 1487570585 -45463486 2938746726 -1517811 -11059570 -6018265676 1383785 2141222 -303414060 -188473410 -1185538 -82420130 -280612312 -312076894 -43088919 11307360 -17824711 -5549825 5085894679 -688496358 1573084748 3035553868 -2647439120 135898407 -5638071 549661295 298858050 -1265782 1515853925 -11860267267 -2523968 322579234 39364796 -92738782 -17558770 3106270669 -582022939 -41001875 8989069 -10946330 -188258680 1153939693 -9973016 2308366 -9670353410 3007979557 -19329386 306775650 -12135386 -1216426 -1234054 2711134 -1090047848 8872125539 -276484120 -12579298 1152965706 -2996730 -2628764 -2151332351 -2773002 12603911928 -6055960733 366348974 195057467 -72507744 -17584102 
51 56 43 55 56 44 56 53 51 53 44 47 50 58 45 53 50 47 56 43 51 56 55 53 48 51 43 58 47 55 52 53 45 46 46 46 51 58 56 45 58 51 46 49 46 49 57 54 48 50 50 47 56 49 49 45 53 52 50 43 45 54 48 54 44 48 57 45 45 51 51 43 50 52 52 49 47 49 46 55 52 55 54 55 51 46 53 51 44 55 56 44 52 48 50 48 55 54 50 46 46 50 53 47 44 57 55 47 53 46 44 45 46 55 58 52 48 54 46 45 56 44 57 57 53 52 49 49 
-20724 -19842 22971 14254 23426 -31093 -23621 19557 22344 7524 -11947 -7543 21133 -17891 354 7990 -18497 29102 6572 -30882 5903 -25762 -1439 26876 -30237 16312 477 28742 14724 15923 -31175 11078 5042 -20717 16463 -32187 21871 -25203 -31039 -16907 -18648 -8006 -28373 21912 1029 -30095 -24430 21111 31940 12512 31583 3288 -21781 -20178 710 11649 5498 -3000 -4623 7725 -22973 -22864 9052 -1323 5282 -7695 623 -9950 6398 -3968 -11016 -14809 31360 28622 -27036 30389 10423 -24874 -6417 -10398 5054 162 12199 18007 -1059 -3374 -28082 43 -32065 -10448 2648 -505 -12474 -19740 -5353 -11001 -29339 -26610 9854 4640 8681 -11032 784 -28457 26241 7706 -29029 -731 -6736 4518 -14559 -30976 -20863 945 -21433 27514 -29718 23556 -18625 -3917 15459 -457 32236 19697 -32576 -6852 26096 24203 
-286964264 89283036 -5562059 -21439268 5403148 -160178870 1563518752 -10075296151 191360789 -757944413 11936043778 2422102 -176693260 -2608675124 10284002436 -9436979718 12131082985 148430276 -1449379 3003925 -2431834530 -4832662 -12018040 -47257945 -365800490 -9639836 -4581425999 -2242993390 19985715 -37492124 -2810525 -44127057 -85641185 365572267 -9015855 -702578258 -159502609 -8799993569 12012882260 -76131804 -70058303 -1159077 45899437 376606461 -11712446409 -70863917 645962447 1058969 6272671 -710331576 -78735048 -797826513 -6254564294 357755201 24743197 4591581426 -22608601 35984965 -3051064682 -86086230 195324891 -2167192 5746812050 12274534 -2580682368 11490957164 760217453 -1255412 6215713 1523400 2348698926 185271792 -586585130 -3168165378 306231662 -1196428 -3058407 -2414761188 1294397930 24733516 3069387 2969357 356788284 -614355625 382875763 -41443726 788972055 -5978417877 9114394 -2427516 -86759483 682915552 -2549981897 -4365704983 -6119375495 1325170009 191488097 8781441607 72025464 171650514 5422851016 -383661412 -5361651489 1541360 -5804772360 -44343514 -135674607 -1141950466 199182506 5001495013 -1516099212 -3030411311 4445989 -5097406 -4371137 286349948 -1234028 19663783 78932860 86559615 -5239957 -5284954090 -38000985 2785968 6246956 1464927 -2364728318 11575300673 
46 45 40 42 40 44 49 51 45 48 51 39 45 50 52 50 52 45 37 39 48 39 41 43 46 40 50 50 41 44 40 42 43 45 40 47 45 51 52 45 44 38 43 46 51 44 47 38 41 46 44 48 51 45 41 50 43 44 49 44 46 40 51 40 48 51 47 39 41 37 50 46 48 49 47 39 39 49 47 42 40 38 45 47 47 42 46 50 41 38 43 46 50 50 51 49 46 50 44 44 51 46 49 37 49 43 46 48 46 50 47 50 40 41 40 47 37 41 45 43 40 49 42 39 39 38 49 51 
-9590 29959 -20584 25419 23832 23946 -9707 25226 2477 -27683 18284 -19834 7410 -6252 9505 6692 10939 13703 24866 -4800 6034 776 -15008 5976 8940 32122 21141 -11904 -31219 24022 11459 5806 29230 26118 -31137 -17363 30269 -4879 -20744 -22503 -20744 9903 -12880 -15700 10203 -30657 1712 -8259 -6730 19138 -25064 -11245 2461 -5585 4060 2162 -8897 -1357 -20119 -6447 -3943 -27395 -29804 8980 28634 25397 14327 -32022 -22720 -22206 -15127 3518 18931 -11736 2025 -26726 28208 11714 13084 11444 -28347 4744 26843 17635 -27113 -22322 11425 -29259 218 13001 16299 -10045 16035 14633 2451 6261 -4126 3943 20298 7359 -29214 -17900 -25380 23212 4499 32674 -28689 -11922 14432 23609 13896 30582 12825 -16981 -32104 18327 -26905 1671 26607 -1474 19246 830 -27809 4321 -8411 25937 -21631 -2929 
9397227 -11288463 -2595656 -5261955134 -2553017 -1122603929 -8845745011 1494363767 2393889367 96364265 -1391675 84084206 -22749453 -2953238731 -20345874 618122726 1297226715 11235417414 2384001654 -4366144872 1360431 -4379203957 80343081 -173662649 -91113660 -362461158 -1399677 -46422048 9003206 6140954660 -5336944 -2559388794 10773510 -11915545 -138903381 -538015686 376746950 -393451004 785261366 4665018377 -1383389459 -20234791 2906135 -4791083595 -41562142 -5992383944 189754421 5453764253 -5290957 -1180115338 2757056 -6036353886 74037382 -9094211 -6159475173 -9436307280 -10012766748 -2202540 5209863527 5137655649 8946462 -4810358 5677683 151117123 -19650911 2196171612 -2170363065 12648888968 23406610 -2669164 -12386305265 -80784389 144456130 45260549 282994609 -4249750 1549234 -278842417 -44583329 37623545 -2263062 5761855682 22180534 -8743096 136284205 -137614806 731848697 -791710386 -332664449 391396998 -2154559 44523062 -6198811 -4380902437 9759664 -4513336 583100108 11394297811 -166852060 -6028887298 9936425158 10641522653 -2728912732 2176578 5414721247 5156495 4761499 1474315 42724084 -4573826599 162701168 -3018051818 2555147 -1311224 2300719 162768140 395287835 -2867184542 1088004 -281291785 777190656 10378697 177535329 -5373530784 -39494904 -777087251 138634256 -4598148 
29 30 29 38 27 36 39 36 37 34 26 32 32 37 32 35 36 41 37 40 26 38 33 34 34 35 26 33 29 39 30 38 30 29 35 37 34 35 36 39 36 31 27 40 33 38 35 38 30 36 28 39 33 31 40 39 41 27 38 38 29 28 30 35 32 38 39 39 31 28 40 32 34 33 35 29 26 35 32 31 27 40 30 31 33 34 36 37 34 35 29 33 28 38 29 28 37 41 34 39 40 39 38 29 38 30 29 26 32 38 34 38 29 27 28 33 35 39 26 34 35 29 33 38 31 37 33 30 
32146 -502 -29920 32672 20929 -7836 -3894 -18643 -30408 24694 -17880 12497 31155 13876 -227 -9282 -12154 3932 3839 -10421 32356 7602 4776 -16860 -11226 15672 -16686 6218 27765 -12706 4958 30010 24556 7611 -26925 13204 -3623 519 18970 -3425 26643 -8368 -16357 13416 30123 -20680 -184 13532 -3570 -21010 -3419 10138 12108 5274 710 -12628 -21213 -15198 -13958 -16016 14488 -24788 -3596 30671 -294 11663 28623 -14143 -4855 -32164 8517 -20816 -901 -24865 18761 -31050 -30891 -7457 -24920 4583 6286 2319 23376 1845 14044 30344 26258 -18952 27505 -24347 -10897 -13305 -11596 31031 -10516 -28278 4977 20668 13017 -27946 -27568 596 -4341 -8107 6472 -24329 -26857 13135 20735 -9013 22734 -8048 8467 -3112 -12215 8035 -19470 -16467 15382 1270 -19070 28037 -4047 2459 -6538 -12330 -13620 -20094 
-41302215 -5684765740 181708705 80753955 -23205200 4521426 2584183 9587579 -363836936 -1484380 -1367538555 -144768576 -2328838775 5721507 12528761338 197906454 586103362 -6075399570 69188426 -6268891 322982071 -182054639 -168413430 -9778079047 -35300308 305822755 768503445 186578599 -6190176883 -9477207614 11503237181 5148178 23875489 4935863 -22289676 -362073160 11182735 1263545 789686424 354100623 -348553173 1147183792 -748978281 -599245731 3097861016 2447025 -1075313 -742300296 -4517979 2994836236 324499567 2409358 -34780319 -366816512 -21908979 -152639963 -1198825 12110071 -5507337748 5773765 3207687446 -4582401945 24688422 10898666 -1445572 5140291 1425600 2707484063 1578726602 37143966 -10207834846 2252594 4870016026 -2278788928 5055783 5674388498 -1142947 194411362 6269137380 1317751226 46249691 2222103622 -19797836 10865075902 -9929430 -67672712 -2420981 5993113 95415536 -327299215 12361218811 23242685 714736090 -281490272 17699278 161341923 2180555233 -6137304 11965860028 -68244680 -3016816742 -139525445 158294100 -11366049 304218626 -19084797 1219571866 -1330277050 -1229784357 -74482904 18712495 -1409539295 587348781 -1438062196 -181031203 -784303843 610273668 9956407991 -1250778741 10166176866 1414191563 -2396115 17637469 3108335052 -322763049 -1065710 -10564220 -22950056 
31 40 35 33 30 30 28 31 34 27 38 34 37 28 41 35 37 39 33 30 36 34 35 40 32 34 36 34 38 39 41 29 31 29 31 36 30 28 37 35 36 37 36 36 37 28 26 36 29 37 34 29 31 36 32 35 26 31 40 28 38 40 32 29 27 29 26 38 38 33 40 28 40 37 30 39 28 34 40 36 32 38 31 39 31 32 28 30 34 36 41 31 35 36 32 34 39 28 39 34 38 33 33 31 36 32 36 37 36 34 32 37 35 37 33 37 36 41 38 41 38 29 30 37 34 27 31 30 
23297 18186 -21991 27016 -12915 26443 30574 4033 -4279 21997 4882 -4237 3198 1504 -2587 -8092 -17488 -26382 -7969 23265 -9389 11 27759 -31717 8072 -10767 -9685 -29476 -24144 7027 -25274 -3258 -15716 -17203 -17218 -16753 15435 -4095 -13667 30235 -16983 -4018 26554 -2162 -9034 29966 16834 -11589 -29060 -10179 29701 16240 -3115 24936 4317 -4570 32195 14080 8648 10521 -20944 -21752 5295 -17646 -20695 30718 -13221 -19671 -457 3366 4193 -31337 -21088 -13068 1181 -24128 -23335 17178 28184 23609 -12570 -27446 -9645 -8450 -12911 -20015 28994 -30889 11543 -9435 15304 13107 -9447 11174 9353 -1334 18907 -12050 28418 6649 -14632 12655 -23554 20341 -21952 12650 -4648 21930 -5642 -6460 25191 -13403 14050 7354 -8182 -9380 32242 -28867 6430 -15308 28041 -14188 -4120 -13724 -20573 21246 -11543 -30905 
-77306304 24407953 12731803293 -39209089 1116736 -2439133 -579795959 1305098062 -136720575 -350926240 -5493817 5611037 -44749231 -68278366 1105401634 -358190254 -11539988 3039147470 -1579592266 21869772 -1139765 21531050 -36020960 -353345637 37075609 678073493 87101224 71053410 11646068944 -11353269705 -20641013 44805051 4597018 549463673 36162205 -79068158 -12302660602 -19968276 -8956829339 -804633246 19042566 -313704317 -166877513 -134541487 -308880610 -43587339 -177747403 10672277924 40613172 3004027818 -8886687 -11814640 -24371099 174318904 -8837751315 355575999 -4204043 80710796 -39098288 10516033297 1188069 11868739 -37011438 2244274556 -21789327 24932744 1492176477 -767220911 1160560 -5328187882 81189741 6155167 2218860335 8842664858 -1572323 -37917715 1149927392 12217692 4799698 -38703869 -6358205459 2514230 -1256625993 -1301250 -386533862 -9643698019 1270093 -1221774942 21833476 -1174096 -17834765 1347611894 5447376174 -20761703 1340144203 49076230 2629311 -186219345 5712654863 -1434950 -4674550 -4813293 -11369099 -50267534 -4622939216 -4883786335 8738318199 24666155 -1360598 313487587 -41239207 11635451939 -4954709530 79336648 -6234244337 16802558 -4678032 39542734 2664382394 642032167 9421120 -11028801732 -92561190 313322347 2463253 191853058 -272906966 -48566406 
42 41 51 43 36 39 46 47 44 44 40 39 43 42 47 46 39 48 48 42 38 40 43 44 41 46 42 44 51 50 41 41 38 45 42 43 51 42 51 47 41 45 43 45 46 43 44 50 41 47 39 41 40 44 51 44 39 43 41 51 36 39 43 47 41 41 46 46 37 48 43 38 48 51 38 42 47 40 40 42 49 39 48 36 46 50 38 46 41 38 42 47 50 42 48 42 38 43 48 37 39 38 39 43 49 48 49 40 37 45 41 50 49 44 50 40 38 42 48 46 41 50 43 46 39 45 44 41 
23785 -11421 -14470 -27876 -31483 -21845 -18047 21695 -23022 -28980 -32320 -32417 -12313 25763 -21404 -19965 -15297 -12915 18150 -28488 25046 -28561 25711 -8933 -1055 -12492 -9457 -14863 -22244 -12212 19655 26025 -993 -17285 -3327 -10883 13179 -32575 19860 6945 12574 12647 -20687 -3290 -7835 20348 24438 -16337 11828 -577 -32244 -25307 31855 -7052 7884 26763 19340 28808 29789 4199 18453 -18697 1903 2825 -22510 14946 -23627 16657 -29819 -30747 3885 22681 -13119 11559 4702 7884 28898 24922 -20695 9112 -20142 22595 10389 18561 19100 6096 21745 -6016 19077 19640 -11538 -6631 -16652 5306 -7807 23180 -32577 -16538 -29258 30592 -12055 1826 31490 -17386 4710 -26430 29595 -2598 31632 27772 23787 2058 -25870 -23417 -2296 -6541 8078 17503 20649 -10017 4385 -17802 7195 12882 -23479 -21555 -32012 -15656 
-602901553 739611577 -41609164 -21235532 81210378 -11907832823 -33788157 17421263 -345752765 651650850 -5182464297 4570918989 -10716783926 797283221 10677307008 1079564156 1604017579 -9698401 -4459379 1143668 -21236654 -1339069 -2982494 -5101344 20835958 1487477496 43295564 138382175 -39492418 -10988711 399412485 -34867025 335249326 -2098538 -4407869585 42875230 1217521 -1412199 -6024181 2222637 4602793 -1537944250 -6234747 10448588989 136924863 174292490 -5869039855 -194315575 2857030 -2489611677 -8701956664 154845269 754896300 -18856805 41027775 -10383049147 -10691867 -11806441330 2171834992 6400808208 -46439336 322981927 -2455628 2779232 -72639456 -661381383 -49935729 -1487560313 -776359850 -6285073076 -4282659 -586690855 -2422717 11362995 -1300767996 -12172008194 -1176720 2203559467 18492453 -44899708 -615271919 5942579 -1354426466 -1136357422 -164555600 -17735414 1111170573 -668770563 -1169548 -159730387 -149506073 -6372219265 12346940290 2495239 -5864016 -2660154 144499087 -77746932 -2606064210 19488794 4682938687 -8917090 37078207 -45801439 1363233796 1159954515 -11806109 22451583 -5766345404 98485225 -2460802 11824170209 -23911714 1345677688 100376630 19216648 99053718 -3103395755 -802113874 -4525620 1363476153 372697499 18958150 -1226478373 -44708562 -2973964 -2692676 12544781797 
55 56 50 49 51 58 51 50 55 54 59 57 58 55 59 56 55 49 49 47 49 45 47 48 51 57 52 54 52 48 54 52 55 48 57 50 46 47 49 46 47 56 47 58 53 54 59 52 46 56 58 53 54 49 50 58 48 59 57 58 51 53 46 47 53 56 52 55 56 58 47 56 47 49 57 60 47 58 50 50 56 47 57 56 52 51 56 55 47 54 54 59 60 48 48 47 53 53 58 50 59 48 50 51 55 57 48 51 58 51 48 59 50 57 52 51 53 56 55 48 57 55 51 57 52 47 47 59 
-22799 12546 -4664 -24432 -22865 -22477 32259 20460 21025 21010 -4998 -22331 10919 -218 -365 28133 -17124 -32525 27047 27768 20987 -24260 22400 5194 -8520 9731 7357 -12984 3021 28667 -31045 20991 10541 23700 2960 6793 19011 2846 -23393 -11207 -16807 -19571 -31450 -7682 -29220 -31380 24885 7203 -1679 -28779 -27615 22608 -2701 -19786 1848 13784 -14316 -568 -9736 25560 -10056 32654 -1199 6256 32110 7296 5423 25733 -30970 14342 8515 -14065 9579 -23507 16408 -4599 15748 24362 -7493 -9083 -7888 -20892 22090 21330 14929 12311 -1024 -26631 -24116 -15996 1163 -3718 -151 -32352 13570 5556 13829 11308 -20834 12029 -694 -14057 23186 27745 1363 31261 351 -3091 -17167 -18078 18865 -32487 -31236 13112 -17733 3890 -29729 93 2528 -32307 25208 30813 -10714 21242 19531 -15888 9973 -166 
2 3 0 0 0 0 0 0 0 0 -1 0 0 0 0 0 0 0 0 0 1 5 0 4 0 0 -3 0 2 4 0 0 0 0 0 8 0 -5 0 0 0 0 6 0 -2 2 -2 0 -12 0 0 -3 0 -3 0 -7 0 0 0 0 0 0 -1 0 0 2 0 -3 0 0 1 0 -2 0 2 1 -1 0 0 6 -3 -5 0 0 0 0 -1 14 0 0 0 0 0 -1 0 0 0 0 2 0 0 0 0 0 11 0 -5 0 0 -3 0 0 0 0 0 -1 4 -1 0 -6 3 -3 -3 -1 0 0 0 0 0 0 0 0 0 0 0 0 0 0 0 0 0 0 0 0 0 0 0 0 0 0 0 0 0 0 0 0 0 0 0 0 0 0 0 0 0 0 0 0 0 0 0 0 0 0 0 0 0 0 0 0 0 0 0 0 0 0 0 0 0 0 0 0 0 0 0 0 0 0 0 0 0 0 0 0 0 0 0 0 0 0 0 0 0 0 0 0 0 0 0 0 0 0 0 0 0 0 0 0 0 0 0 0 0 0 0 0 0 0 0 0 0 0 0 0 0 0 0 0 0 0 0 0 0 0 0 0 992 -730 1318 565 46 -117 -1731 -7 219 -165 -20563 -21 -70 -355 -6811 11 -37 11 -3632 44 38 -2514 -2478 2 4618 -5075 -21 -56 -30 -335 -3499 303 -217 -8154 -53 -4814 -1005 11426 -8690 4 178 214 87 -21 -10 -10 -2492 -184 2 -320 86 409 75 -1754 -193 168 420 1924 947 -11 0 -1411 5112 210 -104 7 10379 -2478 126 58 -83 1372 -38 1300 4957 -1 13 -10 -175 22 -168 -222 -232 2 -194 91 9839 -1073 4 1010 1064 1537 281 5 -2656 -773 10721 -228 -165 -98 22 -3 -4730 -12 -103 192 8 -667 635 -28 2850 101 -147 -8 -75 -1 882 21 -8 2322 -2565 84 54 -5108 -405 840 -1165 -1106 0 0 0 0 0 0 0 0 0 0 0 0 0 0 0 0 0 0 0 0 0 0 0 0 0 0 0 0 0 0 0 0 0 0 0 0 0 0 0 0 0 0 0 0 0 0 0 0 0 0 0 0 0 0 0 0 0 0 0 0 0 0 0 0 0 0 0 0 0 0 0 0 0 0 0 0 0 0 0 0 0 0 0 0 0 0 0 0 0 0 0 0 0 0 0 0 0 0 0 0 0 0 0 0 0 0 0 0 0 0 0 0 0 0 0 0 0 0 0 0 0 0 0 0 0 0 0 0 5 1528 -1 -1192 31 1 -1190 -17 1 -74 -9 -416 -15 76 35 805 -8 -3671 3488 -131 -788 0 0 6 14 -37 -388 1 0 -67 1424 0 -1581 69 -8 -17 -341 -290 -1584 10 8 21 -23 3 138 -1 37 1 -180 396 129 76 -3 269 12 -42 -20 -181 -1 1 0 1215 -19 36 1007 -882 -12 3 1 -1 64 -11 -3 -2 -400 0 -120 1 -334 -638 -7 -9 2262 -78 54 -403 936 -2487 -3 5 -69 557 20 212 30 338 2337 2 -98 1194 -584 -59 -424 -61 54 59 44 -58 -14 -15 -105 -472 9 -1 1 -70 469 1 39 63 -86 -171 0 346 4 34 0 12 48 18 -13 63 4148 -554 45 12066 589 -314 11331 -313 -1 -1 -7885 24 -8888 75 25 2744 -822 -1232 -985 232 1899 -5055 -138 -177 -3 -587 -4 668 -60 10 -216 167 25 -97 -13 -1 -11617 2786 2032 -470 -282 -2 -168 -190 -3 6 -45 964 468 399 -144 -2056 -160 862 -8 20 -1 -179 -2784 1972 -77 5051 335 -376 46 1 4 -426 -4284 41 1592 -46 -10 -1 -421 5969 -13299 1453 366 -105 -55 -1870 3304 803 -52 35 -310 149 4 649 -2558 -21 833 39 1419 1500 -4 -382 -2 -2016 -9 -226 115 12 202 146 4 73 10 1253 -7 -11 -30 -2168 -44 2041 13 490 -2473 50 -719 -730 -4 121 -177 5863 190 683 -6261 7 -4039 309 -2 3023 37 -9766 19 1371 379 -413 10471 14046 3359 47 7970 -75 532 -1416 -3025 -239 41 -2762 96 -70 -680 -519 7 341 152 -208 527 -1764 9249 -177 5 1457 -21 664 -15 -3632 9479 -123 -5950 1 818 113 1 -1467 -25 6177 20571 3743 44 2 -79 161 -7 10522 183 2 1361 -3963 14 -11 -54 72 -81 -533 5 -9 72 1 -6 147 -1456 -1944 1 58 -2 -2178 11556 15278 -27 2931 -102 -5131 233 -84 7776 1 -7456 7963 2 63 -2 0 5019 19 2736 525 325 5153 -64 -12 98 -1166 3689 11 -6 -690 -6172 62 143 1015 -2522 -1117 2875 -2434 51 -186 869 507 -27 -2 -31 25 0 -16 -13 44 1 -27 22 0 0 4 0 -79 -1 -23 26 0 13 0 0 0 -5 28 0 -3 0 0 1 0 -1 0 -17 34 1 -13 -2 0 0 2 -10 -2 -1 0 1 28 0 20 0 -1 0 7 19 -63 1 -7 0 4 1 -1 0 44 0 23 -5 0 0 -1 20 -1 -87 0 -21 4 0 0 20 0 112 1 39 -82 11 39 -18 39 0 0 -1 5 0 0 1 2 31 2 -12 0 0 5 0 37 0 0 29 1 5 43 0 0 -13 -6 0 -4 3 0 -1 -81 8 0 5 62 0 -3 5 -3 11 0 0 0 22 8 0 0 0 -1 -1 0 -1 0 0 2 4 5 -1 4 -57 0 -3 1 -34 19 32 0 1 33 -28 0 -1 -1 0 -2 0 -16 26 0 0 16 0 1 1 1 -17 4 0 0 0 -13 0 0 0 -5 -6 0 0 -1 0 15 0 1 0 0 0 3 0 0 -35 0 1 0 2 0 0 0 -37 0 0 0 0 0 0 -6 0 8 -1 -4 -11 12 0 1 0 0 50 -26 -3 0 0 2 0 -1 4 0 12 0 20 0 0 2 0 0 20 0 0 0 0 27 -6 0 -1 -21 4 -7 4 0 0 0 0 0 0 0 0 0 0 0 0 0 0 0 0 0 0 0 0 0 0 0 0 0 0 0 0 0 0 0 0 0 0 0 0 0 0 0 0 0 0 0 0 0 0 0 0 0 0 0 0 0 0 0 0 0 0 0 0 0 0 0 0 0 0 0 0 0 0 0 0 0 0 0 0 0 0 0 0 0 0 0 0 0 0 0 0 0 0 0 0 0 0 0 0 0 0 0 0 0 0 0 0 0 0 0 0 0 0 0 0 0 0 0 0 0 0 0 0 0 0 0 0 0 0 0 0 0 0 0 1 0 0 0 0 -1 0 0 0 0 0 0 0 0 0 0 -1 0 0 0 0 0 0 0 0 0 0 0 0 0 0 1 0 0 0 0 2 0 0 0 0 0 0 0 0 0 0 0 0 0 0 0 0 0 0 0 1 0 0 0 0 0 -2 0 -1 0 -1 -1 0 0 0 0 0 0 0 0 0 0 1 0 0 0 0 -1 1 1 0 0 0 -1 0 0 0 0 1 0 0 0 0 0 0 0 0 0 0 0 0 0 0 0 0 0 -1 0 0 0 0 0 0 0 0 0 0 0 0 0 0 -3 0 0 0 0 0 0 0 -1 5 0 0 0 -1 0 -3 1 0 0 0 -3 0 -2 0 -1 -6 0 0 1 1 0 1 10 0 0 -1 1 0 0 4 0 -3 0 0 0 0 0 0 1 0 0 0 0 0 -2 1 1 -3 0 0 0 0 0 0 2 0 0 1 0 3 0 1 -1 -1 0 0 0 0 0 0 0 -1 -2 0 0 -2 3 0 0 9 3 0 0 0 0 -3 0 -1 0 0 0 2 -1 4 0 0 2 0 3 1 0 0 0 0 0 2 0 -3 0 0 0 3 0 1 0 0 0 4 1 0 0 -5 0 1 0 0 0 0 4 0 0 0 9 1 7 0 0 0 1 0 0 -5 7 1 -10 -2 0 -9 0 1 1 0 2 2 -6 0 0 0 -7 0 0 0 0 10 -3 0 -1 0 13 1 0 0 -13 1 0 0 0 0 0 0 0 0 -2 0 -26 16 -3 0 -1 0 0 -6 0 0 0 0 0 0 1 -2 0 0 1 0 0 1 4 0 -3 0 2 0 0 -8 -6 0 -2 0 1 0 -13 -2 0 0 5 0 0 -5 -1 0 0 0 -4 0 0 -5 0 -11 0 -10 -4 -1 1 1 -2 7284 20243 438 -14461 32 589 -74 1658 3915 -858 9 1916 4 935 141 -2422 -160 14 6691 -1605 -6 -69 3505 -1528 -3574 -1563 4517 110 56 -66 -24804 673 -673 -45 -16 -84 21 -4 -46 557 1561 -12730 1268 -2 5 -274 339 8758 -304 -1598 39 535 13 165 1112 16310 10225 -1396 248 -2712 5 4311 -5486 -9997 411 3 -4 1899 -33 -79 682 -8956 -990 -8 2 583 58 1 -453 3857 132 -5193 3 19 17 440 -8 -286 281 -15 129 3 0 -1270 -4350 -777 76 27 824 918 1779 -25 -76 -3554 -213 -11 18 3853 -23 -1469 12 -2 -452 -14 1344 2154 -21545 18 -7 -4106 -13019 -2 -2196 73 -2640 -1082 197 166 0 0 0 0 0 0 0 0 0 0 0 0 0 0 0 0 0 0 0 0 0 0 0 0 0 0 0 0 0 0 0 0 0 0 0 0 0 0 0 0 0 0 0 0 0 0 0 0 0 0 0 0 0 0 0 0 0 0 0 0 0 0 0 0 0 0 0 0 0 0 0 0 0 0 0 0 0 0 0 0 0 0 0 0 0 0 0 0 0 0 0 0 0 0 0 0 0 0 0 0 0 0 0 0 0 0 0 0 0 0 0 0 0 0 0 0 0 0 0 0 0 0 0 0 0 0 0 0 44 -13296 -6359 7490 -1510 -2862 44 5203 -4 8365 2107 -27 -6 0 -882 -745 -575 -3927 806 -1679 14683 -271 -2389 -4773 139 -7829 -162 935 2 2883 -2031 -51 5 16 -12647 1393 -5242 2 14598 -5 1590 -87 3212 -3 25 -9498 -1891 -4156 -295 -86 -153 496 -120 94 5935 6 31 -2 7660 13 21 -3143 -9375 698 2786 7286 11780 3485 -110 24 1787 -51 1283 141 4621 1 19 99 -25 77 5263 4 28 -25 -269 5942 -930 19349 8999 9 375 -4206 -4 1439 7013 16 2 -5568 -277 49 -15605 -29 20 55 -12 -260 -68 69 -3062 -33 -985 1495 73 -269 -13 -501 50 -5 259 146 5211 -792 -15 176 -19 -478 -2785 -1172 -1304 6919 -353 3221 -768 -19 222 4789 -558 263 -41 -71 -222 125 -89 14 -232 6 1755 717 29 -9 19 2480 -6 -2307 233 2400 -1 1526 -5936 0 -57 257 -829 -343 840 -35 -636 72 -339 -1759 7 48 -2134 -5 0 1963 -2 -1236 1291 -2948 0 -7 11 118 23 974 -1882 -6 -70 -132 3685 -22 -1416 -4437 -654 -3815 -1324 -1013 1378 -8988 10 36 156 5 13 37 26 28 117 -1156 -296 -445 8 -6 395 -6448 5382 1473 5424 -3064 0 133 6531 -1 -287 -48 -1 7 9 0 36 -9 3550 -1 -889 -14 -46 48 10 -430 581 -86 1339 -19 -53 192 -73 -490 2940 10 -116 68 -157 -6 27 -58 -6 0 0 0 0 4 2 -5 0 0 -7 2 0 0 0 6 0 0 -7 0 0 0 0 -1 -6 9 2 0 0 -2 0 0 4 -12 1 0 -1 0 0 0 7 12 0 0 0 0 0 0 0 1 -6 7 -1 0 -1 0 6 1 2 0 0 -2 -1 0 0 0 6 0 -1 0 0 1 -1 0 0 0 -2 0 0 0 8 10 0 -9 0 -3 0 -1 16 0 0 0 0 -3 -1 -1 0 0 -1 4 -1 0 0 2 3 0 0 -3 0 0 0 0 3 0 0 0 0 5 0 0 1 -3 0 0 0 -1 -1 0 0 0 1 0 -1 0 0 -1 0 0 0 0 0 0 0 0 0 1 0 0 0 0 0 1 0 1 0 1 0 1 0 0 0 0 -1 0 0 0 0 0 0 0 0 0 0 0 0 0 0 0 1 0 0 0 0 1 0 0 0 0 0 0 0 0 0 0 0 0 0 0 0 0 -1 0 0 0 0 0 0 0 0 0 0 -1 0 0 0 0 0 0 0 0 0 0 0 0 0 0 0 0 0 0 0 0 2 0 0 0 0 0 0 0 0 0 0 0 0 0 0 0 0 0 0 0 0 0 0 0 1 34 0 -55 50 -35 0 -34 1 0 45 0 -1 0 9 -16 11 26 -112 -1 -19 -1 0 -7 -17 -66 -40 0 0 -23 -13 -1 -94 134 0 0 -15 1 0 0 0 -14 -1 0 -13 0 1 -1 -1 -32 0 1 0 -3 10 2 1 0 0 0 0 0 0 25 -78 30 21 0 0 0 0 3 -13 0 0 0 -7 -1 28 23 0 12 63 -35 0 0 35 0 0 -25 -75 -3 0 -6 -2 1 -1 8 7 15 0 0 0 47 -16 -2 0 0 6 22 -27 -17 8 0 0 2 0 1 10 -1 -28 0 0 6 -1 14 0 -1 5931 80 2 -19951 -12142 191 258 -93 -4 4815 159 4603 -484 -616 18 -398 -328 494 1475 32 20920 -1487 237 50 105 -2737 195 -802 2504 -195 -637 -577 5879 -5193 4 -668 -187 -50 5572 -7 -9598 233 -149 -140 -2828 71 -9 5181 133 26 -270 -3406 252 -314 -47 283 19 35 -248 -31 160 27 -110 2645 14 1491 -2299 -224 -348 2 -1684 78 -81 -1 1609 0 -1 7 11 1666 -2355 174 7982 -151 2091 -5863 5914 37 -17374 -12 98 -73 13 -4164 -406 2 548 2871 -753 6 -7 15 85 -52 3461 0 -10 3294 2349 232 2889 161 427 18 -62 570 -64 14 2826 -211 -90 2805 -278 -885 83 23 -57 5 -5436 -3452 -10 9343 405 1492 5013 331 295 -9741 -735 213 -126 47 -203 -166 -35 18 -286 -1648 -149 -1 -1091 3 -1945 -252 -360 -8 9 -3776 -11 -23 -102 -96 73 23 1459 -95 -81 280 28 -272 -7733 20 -453 7800 -5790 161 6 -240 16456 2740 47 -2749 -406 173 -23179 515 -1303 1289 -1 13 541 -108 35 5743 -252 -41 -40 166 -653 -5 -15 24 39 -2 1 185 3292 14343 -187 -7 148 -717 27 66 -6389 -4 2281 76 3328 4476 -18 -418 1204 -24 2884 430 4427 -461 119 -563 -12 -1603 -17 -66 -689 -2897 269 86 1703 86 3202 -140 294 24 11138 -1 -324 -33 3679 12 -256 -346 12 -1368 27 3 -61 -3 -1 0 0 0 0 61 0 0 0 0 0 -12 0 0 3 -3 -43 0 -46 0 -10 5 -3 -1 -8 -1 0 3 -85 15 -2 -2 -3 1 -8 0 -28 0 26 -39 1 0 1 -34 -65 -1 73 -1 0 0 -25 -3 -8 224 -71 21 -214 1 3 -1 -1 8 0 39 0 -56 0 0 7 228 -1 1 -3 -2 10 3 0 -28 1 32 -10 -159 -14 -14 29 9 85 -19 1 -4 0 -2 -2 14 0 2 0 -80 2 -1 -69 0 -13 0 189 -3 -50 53 -83 3 0 0 1 -1 -56 20 31 -2 4 0 -11 22 0 0 0 1 0 0 0 0 0 0 0 0 0 0 0 0 0 0 0 0 0 0 0 0 0 0 0 0 0 0 0 0 0 0 0 0 0 0 0 0 0 0 0 0 0 0 0 0 0 0 0 0 0 0 0 0 0 0 0 0 0 0 0 0 0 0 0 0 0 0 0 0 0 0 0 0 0 0 0 0 0 0 0 0 0 0 0 0 0 0 0 0 0 0 0 0 0 0 0 0 0 0 0 0 0 0 0 0 0 0 0 0 0 0 0 0 0 0 0 0 0 0 0 0 0 0 0 0 0 0 0 0 
