256 128
0 -30
77 38 -27222 3482 11596 -10804 -28104 -32444 10 128 -8144 45 26 -12613 26 -3207 39 -18382 44 4737 3068 18160 22413 1 -26618 22 -23326 -24325 6 24360 -23678 -26516 4974 -27600 19 -21513 17657 57 15708 12368 11719 -8100 18009 -26172 2 8 29 31572 62 30 16326 14 -497 6519 -4129 59 24643 -678 13230 -27234 -25202 -29815 25163 25935 -7679 -30310 -25412 -24649 5 46 40 2147 -692 -15088 18224 -18511 16462 -17252 0 26 25021 32367 -32559 -6339 20054 15500 19844 -24248 -18070 8189 21844 -32395 -8115 13 -28534 -3345 40 -39 26757 37 48 23575 1215 16651 -28772 17620 34 19 45 29384 18549 26 19 -17919 2 -9368 5 -21023 -5554 5 17890 -9779 -13020 8177 -16038 -31541 20912 22265 
77 38 0 3482 11596 0 0 0 10 128 0 45 26 0 26 0 39 0 44 4737 3068 18160 22413 1 0 22 0 0 6 24360 0 0 4974 0 19 0 17657 57 15708 12368 11719 0 18009 0 2 8 29 31572 62 30 16326 14 0 6519 0 59 24643 0 13230 0 0 0 25163 25935 0 0 0 0 5 46 40 2147 0 0 18224 0 16462 0 0 26 25021 32367 0 0 20054 15500 19844 0 0 8189 21844 0 0 13 0 0 40 0 26757 37 48 23575 1215 16651 0 17620 34 19 45 29384 18549 26 19 0 2 0 5 0 0 5 17890 0 0 8177 0 0 20912 22265 
1 -12
-30798 48 6 -19771 -25101 9698 2106 3557 20470 -6265 -1517 22199 10534 -5832 25 -18026 13 -18976 7827 53 -20243 37 23013 22 -8101 32674 -32433 -11270 26620 23295 -12808 26828 29947 -32725 3 37 -1679 31145 15 -28587 29513 -16447 38 -8673 9060 2306 -17922 4503 -31962 61 42 -5658 -15780 -16950 55 -14550 34 -30307 -30703 24 19723 31259 27529 -31272 33 33 25 -25149 -15249 -1958 12302 27118 -15491 6997 -5407 -383 5286 62 1 5824 245 5022 -14460 39 43 -21151 25499 -4775 -211 -18217 47 2389 -32578 27492 -4590 -1309 62 8 -25237 -13575 -16129 45 17681 -25128 27331 18914 -28756 15389 59 49 29964 16607 -1835 19 18 28456 45 45 -25371 -21206 2710 18722 5587 12629 -3945 27985 1699 42 
0 48 6 0 0 9698 2106 3557 20470 0 0 22199 10534 0 25 0 13 0 7827 53 0 37 23013 22 0 32674 0 0 26620 23295 0 26828 29947 0 3 37 0 31145 15 0 29513 0 38 0 9060 2306 0 4503 0 61 42 0 0 0 55 0 34 0 0 24 19723 31259 27529 0 33 33 25 0 0 0 12302 27118 0 6997 0 0 5286 62 1 5824 245 5022 0 39 43 0 25499 0 0 0 47 2389 0 27492 0 0 62 8 0 0 0 45 17681 0 27331 18914 0 15389 59 49 29964 16607 0 19 18 28456 45 45 0 0 2710 18722 5587 12629 0 27985 1699 42 
2 12
-15574 62 5236 -9422 11984 29 31608 38 4601 6367 30433 -11480 -25493 -15474 26390 29358 2187 1262 -11390 -6022 24054 -15129 13 -16140 -18371 31088 537 10489 60 15937 8523 27 13186 -15999 4 31476 28578 7633 25979 25 31685 7850 54 45 12994 5823 -17072 -9543 4412 -10164 4053 27730 -16655 12149 13 11 -8837 2479 7441 -29958 1116 -17924 -18734 29773 5685 23512 51 2691 -4432 -12980 1895 4800 21291 -20600 20782 -2826 21985 -9394 -27407 -28215 -15965 -5986 -17573 -3596 3969 5 -10164 12971 -24638 29 -8362 37 42 -2909 -14730 22 -32250 20920 56 -28788 19262 -15045 44 4241 11 -4603 -19824 -22930 10743 -29876 30078 25972 20893 16815 -27153 20276 -581 38 54 17541 -4823 19391 14 3113 -24815 57 24 -32548 
-340 31 4095 -859 11374 15 31594 19 3472 5256 30415 -657 -51 -346 26348 29336 1379 727 -665 -1126 23986 -368 7 -308 -205 31072 286 9737 30 15618 7577 14 12679 -316 2 31462 28551 6608 25933 13 31671 6843 27 23 12471 4691 -260 -847 3291 -784 2955 27698 -281 11554 7 6 -916 1603 6401 -20 634 -223 -192 29752 4549 23437 26 1772 -1122 -524 1163 3665 21174 -134 20653 -944 21883 -861 -34 -28 -318 -1127 -238 -1056 2877 3 -784 12446 -60 15 -961 19 21 -959 -393 11 -12 20794 28 -25 19089 -373 22 3129 6 -1129 -155 -85 10016 -20 30059 25926 20767 16542 -36 20133 -270 19 27 17302 -1136 19222 7 2121 -58 29 12 -12 
3 40
27 6508 43 38 9 25422 13210 31749 -277 5 41 -11131 -3830 14078 15829 -16155 -6786 7 19624 26 12849 13770 -25501 -32523 35 0 28 -25033 -28070 27354 27545 -17444 -7239 -5838 16256 3941 26284 11665 -12959 -14849 -17152 -25052 7007 7774 22 -21623 31179 23 -32216 -21150 53 -25662 -22955 31231 7514 20938 11 30283 -20926 56 -152 -21261 25217 23079 32 43 17084 -23131 26 18544 57 -1555 16730 10 -16032 12002 26325 45 -7791 23151 -20826 57 26 5 -12392 32447 20716 27616 16 -7091 -20412 29 -4816 17222 -8203 7386 17896 46 -30725 9 6 27 17526 40 28 4680 52 18 -30181 -25187 5623 -3428 -3057 -24093 3121 23695 18190 -22877 -18273 33 1118 -25474 63 19231 -28157 17566 23457 11868 
14 3254 22 19 5 12711 6605 15875 -138 3 21 -5565 -1915 7039 7915 -8077 -3393 4 9812 13 6425 6885 -12750 -16261 18 0 14 -12516 -14035 13677 13773 -8722 -3619 -2919 8128 1971 13142 5833 -6479 -7424 -8576 -12526 3504 3887 11 -10811 15590 12 -16108 -10575 27 -12831 -11477 15616 3757 10469 6 15142 -10463 28 -76 -10630 12609 11540 16 22 8542 -11565 13 9272 29 -777 8365 5 -8016 6001 13163 23 -3895 11576 -10413 29 13 3 -6196 16224 10358 13808 8 -3545 -10206 15 -2408 8611 -4101 3693 8948 23 -15362 5 3 14 8763 20 14 2340 26 9 -15090 -12593 2812 -1714 -1528 -12046 1561 11848 9095 -11438 -9136 17 559 -12737 32 9616 -14078 8783 11729 5934 
4 29
8988 49 18431 11 12 -18826 30048 27 2 -19679 -23552 8786 -2591 27730 13154 7300 -28539 19 31 -32629 5519 10959 10075 22652 1195 7045 33 -28787 -5605 59 17019 9330 -19196 21249 -13657 11968 20143 59 -5793 44 27334 5 -11015 13862 -5380 15940 -5684 -6736 -18597 26228 -21306 4 10 -21095 53 -20617 -29912 15433 41 5304 -29272 17082 5 -19260 51 -16577 -541 -14110 8704 30039 37 -14698 -26013 21944 -27240 -8017 16063 -12274 11531 -754 58 23 -8906 62 -27642 49 -19934 -24118 24580 52 -28818 2 -28376 18614 -20892 -21907 -3831 6405 26290 -6254 30258 31463 -16756 -2361 30382 -18259 10912 -10538 25539 21457 24951 31 22201 917 -156 61 -3630 -13913 1939 21114 30040 -23228 26 -31420 -10075 23672 12483 21797 
4494 25 9216 6 6 -9413 15024 14 1 -9839 -11776 4393 -1295 13865 6577 3650 -14269 10 16 -16314 2760 5480 5038 11326 598 3523 17 -14393 -2802 30 8510 4665 -9598 10625 -6828 5984 10072 30 -2896 22 13667 3 -5507 6931 -2690 7970 -2842 -3368 -9298 13114 -10653 2 5 -10547 27 -10308 -14956 7717 21 2652 -14636 8541 3 -9630 26 -8288 -270 -7055 4352 15020 19 -7349 -13006 10972 -13620 -4008 8032 -6137 5766 -377 29 12 -4453 31 -13821 25 -9967 -12059 12290 26 -14409 1 -14188 9307 -10446 -10953 -1915 3203 13145 -3127 15129 15732 -8378 -1180 15191 -9129 5456 -5269 12770 10729 12476 16 11101 459 -78 31 -1815 -6956 970 10557 15020 -11614 13 -15710 -5037 11836 6242 10899 
5 19
23228 -8229 -8850 -16517 52 3 60 63 3 27009 -3194 54 -4900 28628 -24222 -32417 55 -28713 420 50 -13597 7719 24629 22645 41 23 10698 5751 -28217 -13844 32393 20884 1 48 3193 19 -4692 -18685 36 -9499 -18696 -18963 -28600 -28953 57 7614 62 46 36 21287 29589 14344 -1242 -10903 -6088 -12534 -32577 17393 21 11975 -13114 24 -24413 -24831 30801 32592 -18815 27655 32 711 -944 19204 -29543 30291 17556 61 35 7890 6422 14 18458 -16254 -16456 -20878 30117 -1705 38 19485 6588 1148 26674 -23539 9274 32743 18119 24454 28074 -28649 13 49 7 2 -32419 11690 16667 -4145 27552 20363 5055 -25663 19 -1129 1624 53 -5468 19283 -19365 18202 -4797 31676 -23277 8641 62 4880 -5642 -31397 -25670 9049 
11871 -4082 -4388 -8128 26 2 30 32 2 13852 -1592 27 -2439 14705 -11832 -15708 28 -13964 210 25 -6711 3888 12603 11567 21 12 5404 2891 -13730 -6831 16697 10650 1 24 1601 10 -2335 -9176 18 -4707 -9181 -9310 -13911 -14077 29 3834 31 23 18 10859 15212 7270 -620 -5395 -3026 -6192 -15781 8841 11 6056 -6475 12 -11922 -12121 15854 16803 -9239 14192 16 356 -472 9778 -14355 15584 8925 31 18 3975 3231 7 9391 -8001 -8098 -10231 15490 -851 19 9923 3315 575 13676 -11505 4678 16883 9217 12512 14412 -13933 7 25 4 1 -15709 5910 8466 -2064 14138 10379 2540 -12518 10 -564 813 27 -2720 9819 -9504 9259 -2388 16316 -11380 4356 31 2451 -2806 -15229 -12520 4564 
6 -18
-1313 24519 22476 20963 -7788 27776 -24751 -9027 32 33 11563 -23271 52 19 -27333 11237 28935 18956 -32223 17948 -26393 4 26383 -12399 -13832 14924 -21978 -23006 4575 24 -25106 -3059 -26333 13877 5148 -23662 -26787 40 13279 -2729 -31822 27041 23581 30 -14632 22143 6172 -32360 21490 -8263 -9755 15 819 47 -14790 -2875 -18616 29 24965 -17233 31031 -12019 6511 63 -8492 -23968 -414 23 -25537 -13624 9595 -13041 -13263 -322 8 7 3277 25712 6 30 -3921 44 -28143 -11524 18057 5 11 47 33 8 -15788 -16334 -13405 28031 -17741 27 -17004 -16388 4030 38 -4395 -31975 -23488 -1923 27711 -19472 26699 19228 13163 56 -32338 57 -16804 -17643 10826 3 -32598 -10710 -20413 15240 48 -29641 -23070 -19083 22 -2515 32520 -31818 
0 24519 22476 20963 0 27776 0 0 32 33 11563 0 52 19 0 11237 28935 18956 0 17948 0 4 26383 0 0 14924 0 0 4575 24 0 0 0 13877 5148 0 0 40 13279 0 0 27041 23581 30 0 22143 6172 0 21490 0 0 15 819 47 0 0 0 29 24965 0 31031 0 6511 63 0 0 0 23 0 0 9595 0 0 0 8 7 3277 25712 6 30 0 44 0 0 18057 5 11 47 33 8 0 0 0 28031 0 27 0 0 4030 38 0 0 0 0 27711 0 26699 19228 13163 56 0 57 0 0 10826 3 0 0 0 15240 48 0 0 0 22 0 32520 0 
7 -10
3792 27204 -5073 28300 -14484 -25888 6194 -21778 -25569 8652 9997 60 2789 -7910 -19463 -25334 -18151 -20211 -8857 62 46 8586 -7484 9821 18113 -23440 -22880 -22213 -17389 -26472 7247 746 -17005 63 6021 -17315 -19645 729 -17822 58 -7984 28402 3449 -12860 13219 30980 -9882 6 -3432 40 17537 2 -31130 -29940 32468 -4261 -30922 -31585 -5412 17976 52 -6101 24112 -30116 44 -30983 -12631 -10796 -14331 -12911 41 15927 50 -27750 -773 6353 -8244 0 -12030 -19131 18888 32607 -27291 29442 -27435 32652 28 -26576 -15879 -18187 11654 1422 38 26644 23313 10050 -5500 7861 36 -23467 62 -17088 15 31 10254 34 21 29129 -15808 5476 3765 11948 53 -25507 -2289 -12160 -4180 -18145 7290 36 -31852 31303 30848 56 -3406 9633 -21221 22 
3792 27204 0 28300 0 0 6194 0 0 8652 9997 60 2789 0 0 0 0 0 0 62 46 8586 0 9821 18113 0 0 0 0 0 7247 746 0 63 6021 0 0 729 0 58 0 28402 3449 0 13219 30980 0 6 0 40 17537 2 0 0 32468 0 0 0 0 17976 52 0 24112 0 44 0 0 0 0 0 41 15927 50 0 0 6353 0 0 0 0 18888 32607 0 29442 0 32652 28 0 0 0 11654 1422 38 26644 23313 10050 0 7861 36 0 62 0 15 31 10254 34 21 29129 0 5476 3765 11948 53 0 0 0 0 0 7290 36 0 31303 30848 56 0 9633 0 22 
8 -30
-23687 -18945 14 21996 15336 32441 10890 -1883 1 60 -14858 -9773 -19374 3570 13569 9239 5431 32 -21390 -32277 2730 42 1330 16520 13733 22730 20566 -20205 -12936 15 17126 55 6810 -18440 30397 18 -13755 10 19489 27 -7354 -21089 13232 -3086 57 -10105 28117 14 32577 -29059 -17418 -14630 57 -1692 17059 -16125 -26374 58 63 62 15778 -19058 18714 1870 3882 -31003 14161 24728 61 -10271 -22062 18871 63 -7885 -2626 20220 -32413 22 -25699 7761 19341 41 29 -23799 -26556 -20266 21085 -15294 7651 28 -15606 13402 -21877 17788 -8006 59 6338 -5965 4764 -31920 24860 -30094 -13374 52 17139 10006 -15318 -9812 -21744 4 -28902 22760 11879 -9302 -10110 -4573 14614 37 42 25088 8499 29321 11 -21713 -31027 -14257 31588 -9730 
0 0 14 21996 15336 32441 10890 0 1 60 0 0 0 3570 13569 9239 5431 32 0 0 2730 42 1330 16520 13733 22730 20566 0 0 15 17126 55 6810 0 30397 18 0 10 19489 27 0 0 13232 0 57 0 28117 14 32577 0 0 0 57 0 17059 0 0 58 63 62 15778 0 18714 1870 3882 0 14161 24728 61 0 0 18871 63 0 0 20220 0 22 0 7761 19341 41 29 0 0 0 21085 0 7651 28 0 13402 0 17788 0 59 6338 0 4764 0 24860 0 0 52 17139 10006 0 0 0 4 0 22760 11879 0 0 0 14614 37 42 25088 8499 29321 11 0 0 0 31588 0 
9 -12
-28616 -20536 4449 -16960 -16153 14337 61 -30451 57 35 5116 26 28 44 43 30093 -11800 37 -15444 13 12056 21691 17111 9 -27638 12165 -16008 -31233 5575 23894 -21406 -12703 -19232 10025 11277 3511 23144 -22065 4649 6948 13778 58 16559 30370 4 -30717 15281 -8597 54 53 20 -6860 43 -32357 -22652 22061 33 5350 20130 -12952 27164 -27149 24644 8 -10145 -10554 -19094 20 -25194 -5289 62 -107 5615 -2811 50 16763 28728 6145 -8548 33 28630 -27587 44 17709 35 36 47 -6481 -22038 -8117 2 56 17369 -3042 23650 14157 -29984 13966 -23582 -1820 25695 4543 13751 26287 18189 -12401 17054 54 18449 -28934 13929 -16008 -18291 -17721 15832 5718 28 -9079 12133 13368 -27609 7616 22888 29818 -30937 48 32137 -1364 
0 0 4449 0 0 14337 61 0 57 35 5116 26 28 44 43 30093 0 37 0 13 12056 21691 17111 9 0 12165 0 0 5575 23894 0 0 0 10025 11277 3511 23144 0 4649 6948 13778 58 16559 30370 4 0 15281 0 54 53 20 0 43 0 0 22061 33 5350 20130 0 27164 0 24644 8 0 0 0 20 0 0 62 0 5615 0 50 16763 28728 6145 0 33 28630 0 44 17709 35 36 47 0 0 0 2 56 17369 0 23650 14157 0 13966 0 0 25695 4543 13751 26287 18189 0 17054 54 18449 0 13929 0 0 0 15832 5718 28 0 12133 13368 0 7616 22888 29818 0 48 32137 0 
10 12
33 3457 17178 28186 31077 54 -24498 29272 18842 11296 -30417 -18369 38 6855 34 5684 23133 -13173 55 -23048 -21791 15010 21595 -28631 -27183 28802 20 25947 -17481 54 4985 -25597 -24194 -31782 2327 -21796 -31695 7241 23497 17649 21533 8542 -15770 29880 8960 10642 -19358 30407 -22835 -27604 63 29837 8822 -31388 5234 36 24 20952 -27817 -9693 -7447 53 -13321 19 -19989 16066 21 31 -15315 12677 37 -26910 -32511 32562 48 -2746 48 19582 -12591 -8248 32 41 8018 -19747 -788 28 43 29605 11859 -2104 -24117 16051 11015 13166 26925 59 386 7084 -9812 -162 14 -9317 -23616 28262 -3400 47 -25451 20799 8 7 -151 -16745 19 19798 -26069 -4439 9230 8 18765 12 1218 57 48 33 -748 6 -18924 4992 
17 2417 16923 28157 31061 27 -62 29249 18655 10622 -19 -205 19 5772 17 4548 23052 -508 28 -83 -106 14635 21485 -26 -36 28777 10 25901 -242 27 3846 -49 -66 -14 1485 -106 -14 6185 23422 17415 21421 7598 -329 29860 8056 9905 -170 30388 -86 -33 32 29817 7904 -14 4093 18 12 20827 -31 -832 -1040 27 -496 10 -151 15754 11 16 -356 12128 19 -38 -12 32550 24 -929 24 19419 -557 -972 16 21 7026 -158 -356 14 22 29583 11238 -788 -67 15738 10314 12657 26887 30 202 6016 -820 -79 7 -869 -74 28234 -1032 24 -51 20670 4 4 -74 -276 10 19642 -45 -1122 8353 4 18575 6 699 29 24 17 -340 3 -185 3853 
11 40
7 -20451 -22661 -2566 -30056 32 -1040 13338 12217 37 17861 -7544 32345 -5076 -912 51 3289 -24504 31177 48 -19511 12192 -28070 15 7447 -22675 -7727 20 -23295 31989 -27216 32 -5150 -28193 26748 -17615 -20202 -15793 17191 26844 4 4 15614 19023 895 14881 -492 9588 -27091 12974 31823 1460 -24740 17 -32745 32007 3695 57 28933 14421 26567 29679 54 -11089 21 -31040 -3976 38 28497 38 -15364 6802 44 29481 24 20 -16151 33 35 56 -3065 -18873 12 -23051 50 62 25658 -6310 -19110 9530 -10838 -8036 1247 25831 -6862 5 -30263 29140 34 -21245 -15002 -28552 30 30283 12180 6941 53 57 23341 19466 25996 4 45 26280 -19073 60 5 -19990 54 -18313 5328 -10174 16 -31411 -7938 -18879 10760 3130 
4 -10225 -11330 -1283 -15028 16 -520 6669 6109 19 8931 -3772 16173 -2538 -456 26 1645 -12252 15589 24 -9755 6096 -14035 8 3724 -11337 -3863 10 -11647 15995 -13608 16 -2575 -14096 13374 -8807 -10101 -7896 8596 13422 2 2 7807 9512 448 7441 -246 4794 -13545 6487 15912 730 -12370 9 -16372 16004 1848 29 14467 7211 13284 14840 27 -5544 11 -15520 -1988 19 14249 19 -7682 3401 22 14741 12 10 -8075 17 18 28 -1532 -9436 6 -11525 25 31 12829 -3155 -9555 4765 -5419 -4018 624 12916 -3431 3 -15131 14570 17 -10622 -7501 -14276 15 15142 6090 3471 27 29 11671 9733 12998 2 23 13140 -9536 30 3 -9995 27 -9156 2664 -5087 8 -15705 -3969 -9439 5380 1565 
12 -9
58 15222 18360 -24331 34 32369 2 960 22984 6212 -4695 10172 6984 60 32 28766 4 15 -22472 29910 4739 13210 24 52 8511 -12162 3 18332 31094 -28977 26719 28987 21 25886 1438 -22008 -31785 5232 -25517 14419 -12388 13584 32 30478 35 12 51 36 15546 25274 -7273 -25989 34 -29809 12552 12071 5859 -8894 2578 -31273 -31591 -20814 -8791 9502 40 10035 -25585 23020 1 14846 25 -20358 -8102 5523 24273 -11395 8 33 47 -28112 -20179 -21338 27 27 17293 -15765 39 -31134 -8873 0 -7377 -27525 -27363 20643 27 22144 22076 29 -20968 19002 3 32365 17691 27932 -14970 21940 0 10712 11 17267 10162 32327 17766 27447 -18041 -10731 -2336 24755 -6721 -18203 38 16273 -913 8540 -23711 1287 -26405 26629 
58 15222 18360 0 34 32369 2 960 22984 6212 0 10172 6984 60 32 28766 4 15 0 29910 4739 13210 24 52 8511 0 3 18332 31094 0 26719 28987 21 25886 1438 0 0 5232 0 14419 0 13584 32 30478 35 12 51 36 15546 25274 0 0 34 0 12552 12071 5859 0 2578 0 0 0 0 9502 40 10035 0 23020 1 14846 25 0 0 5523 24273 0 8 33 47 0 0 0 27 27 17293 0 39 0 0 0 0 0 0 20643 27 22144 22076 29 0 19002 3 32365 17691 27932 0 21940 0 10712 11 17267 10162 32327 17766 27447 0 0 0 24755 0 0 38 16273 0 8540 0 1287 0 26629 
13 11
16053 4 -10655 -17515 12348 -9760 33 -16162 1367 54 5 19503 17 -19502 -29229 -15775 39 24558 -3294 23068 202 17675 -14457 28858 21 16534 -3365 -5341 27505 30017 -9809 17 7920 -11947 -6648 39 -20384 -21099 -5412 26 -23909 13953 30526 -13621 -28040 -9960 -10778 -23890 -2106 16078 10609 37 12 18 7155 30 16 -6997 -10849 2 -17604 -17582 -961 30 26 -16286 58 10526 897 -4724 37 -16206 40 31320 369 640 63 26 29 -6115 -24773 12562 15997 -18679 22629 27285 28302 -32441 -10226 10 18544 -18674 -30900 8003 16204 14 31508 16768 -26096 -25273 3 -16491 15307 15998 10 -15574 -7753 -22545 -20844 5405 17 -22538 -29882 1690 23 -19685 -27269 44 20044 13471 28613 -13592 -18381 57 -3208 10 -18575 16065 
16047 2 -58 -3 12318 -83 17 -6 903 27 3 19502 9 -1 0 -7 20 24558 -550 23068 106 17672 -12 28858 11 16529 -545 -367 27505 30017 -81 9 7758 -35 -249 20 -1 -1 -360 13 0 13938 30526 -17 0 -76 -56 0 -555 16072 10550 19 6 9 6944 15 8 -222 -54 1 -3 -3 -370 15 13 -6 29 10465 545 -428 19 -6 20 31320 201 370 32 13 15 -294 0 12535 15991 -2 22628 27285 28302 0 -69 5 18542 -2 0 7845 16198 7 31508 16763 0 0 2 -5 15298 15992 5 -8 -172 -1 -1 5045 9 -1 0 1175 12 -1 0 22 20043 13452 28613 -18 -2 29 -554 5 -2 16059 
14 -17
-3280 46 31836 63 8 42 13932 226 29525 12450 16752 -27837 30 -1834 22181 62 -3762 -9720 8012 -573 17 4585 -12119 -28407 -15403 -8364 -30621 31683 26567 10018 54 3261 50 -2949 50 661 -10626 -19639 10186 -29074 24426 -16630 -15064 15763 20041 41 4978 27024 31416 19135 7110 15976 3369 29088 -31779 3554 -31307 31 32485 17297 14 39 18737 -1654 14846 -11873 1239 17139 147 22454 38 -2845 27870 1783 -21686 -19025 -30721 21745 16 -27794 -9184 20 1 19424 -4518 -28345 -31214 24 32524 55 7964 50 -32516 -24108 -20274 20 26654 -25544 47 6504 24 61 -21740 27401 20771 63 -23943 -622 10061 -12714 -22410 24 16744 53 24 -26538 26364 19956 -26223 30907 3486 24972 41 12548 -21157 17 20130 -21123 
0 46 31836 63 8 42 13932 226 29525 12450 16752 0 30 0 22181 62 0 0 8012 0 17 4585 0 0 0 0 0 31683 26567 10018 54 3261 50 0 50 661 0 0 10186 0 24426 0 0 15763 20041 41 4978 27024 31416 19135 7110 15976 3369 29088 0 3554 0 31 32485 17297 14 39 18737 0 14846 0 1239 17139 147 22454 38 0 27870 1783 0 0 0 21745 16 0 0 20 1 19424 0 0 0 24 32524 55 7964 50 0 0 0 20 26654 0 47 6504 24 61 0 27401 20771 63 0 0 10061 0 0 24 16744 53 24 0 26364 19956 0 30907 3486 24972 41 12548 0 17 20130 0 
15 -16
3736 2156 10997 -11112 43 9659 -8023 19552 -3856 4 47 14 -7202 20615 47 -6156 19548 45 62 20021 12125 10910 26 -25413 51 14633 17667 15070 27392 55 7 -32628 -486 -5569 11 32231 47 26 -5378 22598 5977 15 -19408 52 32271 7 -17645 -10127 32 -15068 61 35 -30113 -28747 -2062 -25922 -31162 15879 5 41 16 -32421 -17449 2 -16876 8864 58 -28336 -20933 13907 27 -1220 24621 59 -3251 -13504 30 1420 -24940 -9976 20377 6832 -27677 42 27696 18171 15998 6057 30611 29394 15 4270 -4492 7451 21630 -31915 7 -1382 58 -16407 62 45 -7695 26470 62 -15341 20898 -3169 36 42 3 22 -3974 18 -17232 16101 -21446 7833 -6054 -25498 25303 -28317 53 -14604 9230 46 -11953 -24754 
3736 2156 10997 0 43 9659 0 19552 0 4 47 14 0 20615 47 0 19548 45 62 20021 12125 10910 26 0 51 14633 17667 15070 27392 55 7 0 0 0 11 32231 47 26 0 22598 5977 15 0 52 32271 7 0 0 32 0 61 35 0 0 0 0 0 15879 5 41 16 0 0 2 0 8864 58 0 0 13907 27 0 24621 59 0 0 30 1420 0 0 20377 6832 0 42 27696 18171 15998 6057 30611 29394 15 4270 0 7451 21630 0 7 0 58 0 62 45 0 26470 62 0 20898 0 36 42 3 22 0 18 0 16101 0 7833 0 0 25303 0 53 0 9230 46 0 0 
16 -30
31151 19822 -9107 -1269 23 -4689 15609 19142 -24888 6691 7468 3922 -23800 15356 3099 18135 22 15707 541 -16603 -4940 -15438 13 23430 -2371 -7900 17221 2683 8 28819 -16819 3144 30673 -15767 7 38 -10819 25 21911 10028 29199 -23405 1 -14286 -15786 -17036 -12272 52 20 42 22620 28034 -504 -15645 43 -22046 -3425 -23909 -32722 -10168 31062 51 28931 15538 -27172 -30601 -25120 -26914 -14099 12015 26563 20682 -14303 -2670 3860 -18737 27170 59 -23679 -779 -3519 19283 -17336 -10311 2765 20770 -16937 -12371 -9748 -17161 7008 57 24059 8 -32717 32015 10798 -7674 10 11 48 6885 18870 43 52 28600 -30179 -14640 359 -14493 -22596 -16877 33 9291 25338 2 18561 19888 17777 -28104 1556 56 -8579 10932 1447 -8485 26 -15153 
31151 19822 0 0 23 0 15609 19142 0 6691 7468 3922 0 15356 3099 18135 22 15707 541 0 0 0 13 23430 0 0 17221 2683 8 28819 0 3144 30673 0 7 38 0 25 21911 10028 29199 0 1 0 0 0 0 52 20 42 22620 28034 0 0 43 0 0 0 0 0 31062 51 28931 15538 0 0 0 0 0 12015 26563 20682 0 0 3860 0 27170 59 0 0 0 19283 0 0 2765 20770 0 0 0 0 7008 57 24059 8 0 32015 10798 0 10 11 48 6885 18870 43 52 28600 0 0 359 0 0 0 33 9291 25338 2 18561 19888 17777 0 1556 56 0 10932 1447 0 26 0 
17 -12
34 -5577 25218 -14515 29 9 2247 -2435 -11031 62 2611 -259 -24288 -12763 -15439 50 19 60 31671 5451 14911 7 -24218 -7591 54 -17738 57 -27638 -21801 -2634 22728 4651 16572 -12114 34 22 32337 21256 -14658 24069 6986 13907 17746 29440 15955 -24071 35 50 -31170 -27737 31 18038 45 40 -15363 -10028 -32482 23627 19847 13552 18868 10 2688 -10343 35 -32448 -7985 4 14143 5593 -5395 9 13174 5833 6718 16452 31079 27395 -24609 26818 18056 -13219 -17300 1298 -8288 9286 -9037 43 1 8246 27 -32265 32 16548 -2239 1519 -30731 31252 30434 -21570 31628 16947 53 5311 12 28535 -15306 -26806 46 2 -13770 18 20532 8 25879 -22803 16716 23893 3 -6086 33 -2378 -10129 -4440 35 20243 -2455 61 
34 0 25218 0 29 9 2247 0 0 62 2611 0 0 0 0 50 19 60 31671 5451 14911 7 0 0 54 0 57 0 0 0 22728 4651 16572 0 34 22 32337 21256 0 24069 6986 13907 17746 29440 15955 0 35 50 0 0 31 18038 45 40 0 0 0 23627 19847 13552 18868 10 2688 0 35 0 0 4 14143 5593 0 9 13174 5833 6718 16452 31079 27395 0 26818 18056 0 0 1298 0 9286 0 43 1 8246 27 0 32 16548 0 1519 0 31252 30434 0 31628 16947 53 5311 12 28535 0 0 46 2 0 18 20532 8 25879 0 16716 23893 3 0 33 0 0 0 35 20243 0 61 
18 12
-22848 1764 61 5919 -19931 18703 28 -32233 -16116 45 13759 -19581 -3758 2042 -12382 -265 14917 52 -31540 -30395 37 -164 -12881 1 -26578 -21687 36 9353 -7241 -10092 7091 29953 -25248 15155 1211 12466 24703 5 36 -10263 7560 35 46 -26184 13131 14448 -21750 -14637 54 -18732 4551 -15979 -31452 27526 20 10317 -19318 -9943 29437 -15988 35 12152 14405 -17850 4 12835 -15499 -24776 28902 1115 5318 -63 5 -7403 58 22829 -20628 -27029 -13815 22 -830 -25223 8 26135 36 -10612 4 -15431 -12580 -22005 8042 45 52 31561 -20130 22048 3307 -2403 54 9808 -16389 -20591 12752 8895 28015 19260 -22346 20177 3 -19334 49 35 63 30 27996 23981 -17062 43 9 -714 -30947 -15208 -8904 -25806 9381 17426 4142 21043 
-86 1069 31 4790 -153 18511 14 -13 -309 23 13297 -163 -1073 1270 -575 -128 14536 26 -14 -19 19 -80 -532 1 -41 -109 18 8488 -1056 -792 6024 29933 -53 14789 694 11898 24643 3 18 -775 6529 18 23 -44 12619 14035 -107 -400 27 -192 3424 -317 -14 27493 10 9548 -172 -807 29415 -316 18 11557 13990 -226 2 12299 -345 -58 28877 633 4177 -31 3 -1044 29 22743 -133 -37 -458 11 -373 -53 4 26091 18 -740 2 -349 -557 -101 7052 23 26 31547 -147 21947 2287 -859 27 8988 -295 -134 12209 7985 27985 19087 -95 20032 2 -171 25 18 32 15 27966 23912 -261 22 5 -326 -16 -362 -909 -47 8518 17182 3037 20920 
19 40
-18702 30077 29585 -12305 31826 -29736 57 -1497 3 12398 18 27967 -16808 -29940 -1606 51 14 -19223 7 1418 11028 -20678 32109 4 58 14279 20 -23647 15408 -7976 30 -23947 7 -8611 -31075 45 57 -15197 -22329 4 58 -26673 -17887 -17110 38 7748 41 17630 -15535 10379 22498 -32729 -6207 54 26 -28242 -14543 31 -21266 7680 -14176 -16346 -6649 30810 -1892 -12858 47 7656 4951 4660 31455 20 -10885 9 28007 -1047 12519 18 4 -12740 310 17363 10 -17750 12 30 -19956 13625 -1306 -16824 29250 -18793 23750 2514 31840 32 54 11 9 58 18220 -3343 28556 19 19453 -882 29896 -19644 18 17782 34 8232 -1469 -26104 -16804 -20616 27679 25716 28388 58 29 -4634 12306 5 48 18710 -30728 -26672 
-9351 15039 14793 -6152 15913 -14868 29 -748 2 6199 9 13984 -8404 -14970 -803 26 7 -9611 4 709 5514 -10339 16055 2 29 7140 10 -11823 7704 -3988 15 -11973 4 -4305 -15537 23 29 -7598 -11164 2 29 -13336 -8943 -8555 19 3874 21 8815 -7767 5190 11249 -16364 -3103 27 13 -14121 -7271 16 -10633 3840 -7088 -8173 -3324 15405 -946 -6429 24 3828 2476 2330 15728 10 -5442 5 14004 -523 6260 9 2 -6370 155 8682 5 -8875 6 15 -9978 6813 -653 -8412 14625 -9396 11875 1257 15920 16 27 6 5 29 9110 -1671 14278 10 9727 -441 14948 -9822 9 8891 17 4116 -734 -13052 -8402 -10308 13840 12858 14194 29 15 -2317 6153 3 24 9355 -15364 -13336 
20 0
-4721 -642 22555 -2383 23615 6598 -11654 22976 -28935 1928 18036 -10298 9 -4880 28 31868 5333 24 11072 -10641 4065 -5549 31585 -22900 25237 -3903 -9350 -3405 43 -11900 16725 23 -19590 52 -10684 7697 2278 12 14469 7 -723 11813 18058 -14661 11358 -19811 17581 15357 48 -5284 -16722 17152 54 30 13 -30229 -13118 23878 30 21761 19061 -14296 22772 -17807 18 62 -5618 -24847 17762 -2118 6838 33 -22392 -32667 -18703 20 13506 5731 -16914 -6493 -28786 -22885 52 41 -3124 7457 20153 -2270 1079 42 -31066 27 23368 -23437 -18665 -23051 7076 -10603 -6145 -25453 9076 -15662 -26339 16744 -22276 1968 -27212 -24987 -17474 -28843 22997 -10953 59 -3857 11771 51 -1085 18 -29078 -30566 -29627 12905 -16836 20623 -29607 -26229 -4402 762 
0 0 22555 0 23615 6598 0 22976 0 1928 18036 0 9 0 28 31868 5333 24 11072 0 4065 0 31585 0 25237 0 0 0 43 0 16725 23 0 52 0 7697 2278 12 14469 7 0 11813 18058 0 11358 0 17581 15357 48 0 0 17152 54 30 13 0 0 23878 30 21761 19061 0 22772 0 18 62 0 0 17762 0 6838 33 0 0 0 20 13506 5731 0 0 0 0 52 41 0 7457 20153 0 1079 42 0 27 23368 0 0 0 7076 0 0 0 9076 0 0 16744 0 1968 0 0 0 0 22997 0 59 0 11771 51 0 18 0 0 0 12905 0 20623 0 0 0 762 
21 30
620 -10923 -17994 -26472 -4388 -6747 61 2 -29139 36 -25939 35 3 11755 54 45 54 -17848 30656 36 -17006 9020 4411 11594 -1769 -16484 -14190 12996 7802 31 5 5490 -23729 -3542 -15802 -21641 19887 -11636 5626 27467 6 -20926 -27403 10642 -7669 13230 2744 15202 27 -1680 30158 3094 19 12586 -20057 -7583 -21778 -5577 -2025 -10500 -25386 50 17700 20475 -25524 30005 -10910 21 24 28662 -8169 62 17 -578 2568 27562 35 -13929 -27136 -13622 32646 17689 3871 25182 31834 59 -10417 -24746 -642 -3448 -30332 53 20 -6290 -4471 14 25240 37 8483 -29773 -19837 22773 7097 12431 5283 -1278 -6102 1243 52 21554 34 -28792 -210 -15302 21649 39 35 -14589 16973 -20531 -14691 -26508 -18281 -10488 48 4813 45 27790 
310 -5461 -8997 -13236 -2194 -3373 31 1 -14569 18 -12969 18 2 5878 27 23 27 -8924 15328 18 -8503 4510 2206 5797 -884 -8242 -7095 6498 3901 16 3 2745 -11864 -1771 -7901 -10820 9944 -5818 2813 13734 3 -10463 -13701 5321 -3834 6615 1372 7601 14 -840 15079 1547 10 6293 -10028 -3791 -10889 -2788 -1012 -5250 -12693 25 8850 10238 -12762 15003 -5455 11 12 14331 -4084 31 9 -289 1284 13781 18 -6964 -13568 -6811 16323 8845 1936 12591 15917 30 -5208 -12373 -321 -1724 -15166 27 10 -3145 -2235 7 12620 19 4242 -14886 -9918 11387 3549 6216 2642 -639 -3051 622 26 10777 17 -14396 -105 -7651 10825 20 18 -7294 8487 -10265 -7345 -13254 -9140 -5244 24 2407 23 13895 
22 -18
-28802 -8214 5449 25467 24206 3498 18 22557 51 25520 -17160 -7410 -26598 -26942 20 6 30 -23499 -1429 -8985 3859 -23822 -8801 17 -16268 -20289 40 60 9467 41 38 21632 11959 39 14299 7826 13818 -10202 10847 -23559 26 5 9694 -3206 18 56 -22115 30 53 7887 5 2088 -19187 2 -25592 -27220 37 7607 -29341 -5415 -22208 -17376 -5895 -1860 35 40 -25402 -11215 2 4384 38 -18490 -11324 41 -10493 12905 54 15260 42 -10875 -26567 -32538 7380 44 -20087 23 25 13796 29198 -12953 9632 -29961 51 29058 -2121 17 -12715 -25547 22 32292 41 10941 -4736 -26828 22 16278 -3676 12980 29020 31403 -6592 825 -24084 31346 -4384 24563 -3094 -6826 12538 -12895 -19320 -28214 19005 22 -24092 12368 -21572 29600 
0 0 5449 25467 24206 3498 18 22557 51 25520 0 0 0 0 20 6 30 0 0 0 3859 0 0 17 0 0 40 60 9467 41 38 21632 11959 39 14299 7826 13818 0 10847 0 26 5 9694 0 18 56 0 30 53 7887 5 2088 0 2 0 0 37 7607 0 0 0 0 0 0 35 40 0 0 2 4384 38 0 0 41 0 12905 54 15260 42 0 0 0 7380 44 0 23 25 13796 29198 0 9632 0 51 29058 0 17 0 0 22 32292 41 10941 0 0 22 16278 0 12980 29020 31403 0 825 0 31346 0 24563 0 0 12538 0 0 0 19005 22 0 12368 0 29600 
23 -20
-26654 -20111 -762 1 -21732 517 15 49 30064 -24099 11240 14774 -12871 -26564 -13995 -18598 0 26806 37 -9563 6 1 34 -20953 -18733 -3050 28190 10215 -26135 -370 -24343 3 -20967 -23562 52 -8443 -5946 43 20677 -23395 23508 694 7 18534 -5841 -31889 53 41 5 -26225 17177 -7131 -9963 -849 21 19080 -832 -31564 10140 -17413 6 -13889 -14014 -29353 -11880 33 4 -26242 -5701 -27571 15821 -12512 57 1044 -173 10986 -18442 30494 9 -24180 8505 50 29627 6899 8 41 -17616 -21731 11725 -12208 50 5243 8 54 11747 25 -17430 60 -20764 -21427 22375 -570 40 -10283 -18284 19781 9536 1 25726 -23836 -32208 26985 8449 -24464 -1363 14188 11 -25157 -17917 -22828 12 28869 46 60 14541 -11024 -32753 13633 
0 0 0 1 0 517 15 49 30064 0 11240 14774 0 0 0 0 0 26806 37 0 6 1 34 0 0 0 28190 10215 0 0 0 3 0 0 52 0 0 43 20677 0 23508 694 7 18534 0 0 53 41 5 0 17177 0 0 0 21 19080 0 0 10140 0 6 0 0 0 0 33 4 0 0 0 15821 0 57 1044 0 10986 0 30494 9 0 8505 50 29627 6899 8 41 0 0 11725 0 50 5243 8 54 11747 25 0 60 0 0 22375 0 40 0 0 19781 9536 1 25726 0 0 26985 8449 0 0 14188 11 0 0 0 12 28869 46 60 14541 0 0 13633 
24 -30
55 28298 1132 -5090 16250 21769 6 26804 4 22879 30816 1 -22194 53 -12610 8012 10812 56 4534 12591 -31886 58 18009 58 18 3958 54 11192 20545 -15930 -3207 -2980 1394 -755 -30656 7743 25 12036 44 -21588 62 360 -31013 4 20 -32590 25 6 27126 -25950 54 -2146 1867 -13379 -17775 22654 55 -5214 2274 12825 -26986 13784 14239 -16019 26475 30 12 -9025 11034 14306 -11487 -18545 5501 -28805 -14363 -2132 -22825 0 317 24768 -15430 18050 54 31829 -19911 63 -916 -24400 17005 9280 -21641 -30060 16130 17564 -9831 29 13490 -24665 10399 17887 17687 18895 14 107 56 -263 16277 -1773 17 18752 49 -30765 35 -10388 1638 -11267 -27870 -17994 32634 20488 28535 -32625 32336 13801 -7879 -8827 -26995 27454 
55 28298 1132 0 16250 21769 6 26804 4 22879 30816 1 0 53 0 8012 10812 56 4534 12591 0 58 18009 58 18 3958 54 11192 20545 0 0 0 1394 0 0 7743 25 12036 44 0 62 360 0 4 20 0 25 6 27126 0 54 0 1867 0 0 22654 55 0 2274 12825 0 13784 14239 0 26475 30 12 0 11034 14306 0 0 5501 0 0 0 0 0 317 24768 0 18050 54 31829 0 63 0 0 17005 9280 0 0 16130 17564 0 29 13490 0 10399 17887 17687 18895 14 107 56 0 16277 0 17 18752 49 0 35 0 1638 0 0 0 32634 20488 28535 0 32336 13801 0 0 0 27454 
25 -12
-15304 -31550 6 39 -20308 -22042 3081 3 27 11203 16997 11060 32632 15150 16004 32387 0 -32018 30860 -13057 -30544 -11904 -27162 29 -10774 -22394 32239 17608 -26303 4586 12241 1 -31220 31488 21221 57 27512 -23573 -2838 -12828 26886 6303 21281 44 24934 52 -27938 -17097 11 7717 19691 25 4788 57 17016 -25375 41 32326 -29393 2019 -1428 28796 -4581 19249 13126 -2481 16189 28660 32562 46 -21083 -17114 -10684 53 -13312 -1059 61 43 1138 45 40 -13952 32101 -25839 3982 -24334 -26969 -16258 8387 4891 22415 -15356 1893 -16084 5 -15338 35 -30453 -30702 914 -2534 -15757 40 2101 -15226 2638 -31464 6167 1065 -28060 6044 26 36 32 20761 26 0 4428 34 5 9 5658 -15275 -3055 -19246 31334 5226 25229 
0 0 6 39 0 0 3081 3 27 11203 16997 11060 32632 15150 16004 32387 0 0 30860 0 0 0 0 29 0 0 32239 17608 0 4586 12241 1 0 31488 21221 57 27512 0 0 0 26886 6303 21281 44 24934 52 0 0 11 7717 19691 25 4788 57 17016 0 41 32326 0 2019 0 28796 0 19249 13126 0 16189 28660 32562 46 0 0 0 53 0 0 61 43 1138 45 40 0 32101 0 3982 0 0 0 8387 4891 22415 0 1893 0 5 0 35 0 0 914 0 0 40 2101 0 2638 0 6167 1065 0 6044 26 36 32 20761 26 0 4428 34 5 9 5658 0 0 0 31334 5226 25229 
26 12
10342 -32459 -31358 -3690 9982 5634 20508 24071 -26068 22 16 859 -27684 51 28530 45 28360 23907 12 11346 6 30623 11280 -4179 9 -2084 512 10 61 21 3 32693 -11968 22070 -21762 -23073 6548 19938 -26698 9103 -31195 -22246 49 -11420 29859 -7468 10 16 54 7 1000 18661 -19649 57 40 26 49 56 9962 -210 15 24737 -19766 19256 21542 14810 -29881 -14065 -1636 -21389 26554 54 0 63 12306 -16250 20 -17885 11143 8412 -17198 -27866 9570 19270 -12130 7132 -30802 9378 8292 36 5645 178 7766 57 22 -10458 16789 32 -30378 2245 -15383 -23377 31257 30 -14054 9287 -29200 13416 38 54 10381 13612 7223 57 26659 -15927 -25725 17819 -13731 -17222 -4059 20768 -4318 23930 -25213 4367 27 14674 
9575 -12 -15 -1066 9180 4498 20372 24003 -45 11 8 474 -32 26 28503 23 28332 23838 6 10677 3 30605 10605 -1107 5 -783 272 5 31 11 2 32682 -611 21970 -107 -82 5447 19786 -39 8213 -15 -97 25 -662 29839 -1039 5 8 27 4 561 18467 -161 29 20 13 25 28 9157 -102 8 24678 -157 19083 21430 14422 -20 -440 -657 -115 26513 27 0 32 11725 -302 10 -224 10454 7455 -255 -31 8726 19097 -597 6068 -17 8515 7324 18 4509 91 6752 29 11 -755 16515 16 -19 1423 -352 -78 31242 15 -440 8415 -23 12927 19 27 9618 13138 6166 29 26619 -320 -48 17592 -465 -253 -1099 20638 -1116 23861 -53 3248 14 14277 
27 40
47 4 51 -12214 37 7454 -26834 19 9694 52 -31851 5 50 22 -15182 -153 39 31 28350 -10006 21701 14271 -9421 -5369 31697 -1002 13 -16246 17757 26 46 -2096 19738 -2707 -25547 -11579 7641 12037 29657 5030 22 -21378 11090 -28787 2424 -32056 21279 9190 -23298 11482 32015 22312 -8657 -22259 38 14989 5948 31278 6185 260 16150 -24469 27812 23 6471 -5996 -26187 27993 -31199 28349 27399 -9411 -24042 -1325 -16632 26411 -23179 -12005 35 29933 35 -32166 10467 59 -2867 11205 -1672 21 -26892 27911 18386 8897 -26843 -19074 8 32402 -24032 6472 20911 -11913 -7867 4 3 6997 32435 5749 29209 28433 -24555 2848 -32559 -14190 30509 -22377 25140 -16200 25 -18918 25899 39 50 -11068 32232 19124 44 16358 27510 53 
24 2 26 -6107 19 3727 -13417 10 4847 26 -15925 3 25 11 -7591 -76 20 16 14175 -5003 10851 7136 -4710 -2684 15849 -501 7 -8123 8879 13 23 -1048 9869 -1353 -12773 -5789 3821 6019 14829 2515 11 -10689 5545 -14393 1212 -16028 10640 4595 -11649 5741 16008 11156 -4328 -11129 19 7495 2974 15639 3093 130 8075 -12234 13906 12 3236 -2998 -13093 13997 -15599 14175 13700 -4705 -12021 -662 -8316 13206 -11589 -6002 18 14967 18 -16083 5234 30 -1433 5603 -836 11 -13446 13956 9193 4449 -13421 -9537 4 16201 -12016 3236 10456 -5956 -3933 2 2 3499 16218 2875 14605 14217 -12277 1424 -16279 -7095 15255 -11188 12570 -8100 13 -9459 12950 20 25 -5534 16116 9562 22 8179 13755 27 
28 -9
26559 12675 28300 31743 -22844 2 -2585 -30400 -28232 -22961 24736 12997 -21633 9720 -24825 -17519 4548 20251 32233 25232 25133 45 13675 3 10846 2 32414 -19509 55 -25959 -5980 13 13803 815 32683 -11390 30 5 -14930 3203 7519 7030 19600 -26229 -9057 44 24 0 5658 -11467 -444 -84 27748 5 3149 5 -17067 14780 -5886 3398 28781 12152 -22688 44 57 -13977 -17286 6570 -32685 -29973 4 -10529 -10292 7107 50 -16515 -28973 -14912 12343 54 14877 19 -4241 57 26 -11695 -1427 19 34 19243 27398 3817 42 49 -13227 1 -24136 5391 0 -27532 6131 -10940 0 32101 55 -17204 32 19719 -31852 -4929 13534 28 26384 24151 57 -15077 4474 -22036 -32529 -398 -30190 11592 5 35 57 10777 -4176 -16129 
26559 12675 28300 31743 0 2 0 0 0 0 24736 12997 0 9720 0 0 4548 20251 32233 25232 25133 45 13675 3 10846 2 32414 0 55 0 0 13 13803 815 32683 0 30 5 0 3203 7519 7030 19600 0 0 44 24 0 5658 0 0 0 27748 5 3149 5 0 14780 0 3398 28781 12152 0 44 57 0 0 6570 0 0 4 0 0 7107 50 0 0 0 12343 54 14877 19 0 57 26 0 0 19 34 19243 27398 3817 42 49 0 1 0 5391 0 0 6131 0 0 32101 55 0 32 19719 0 0 13534 28 26384 24151 57 0 4474 0 0 0 0 11592 5 35 57 10777 0 0 
29 -25
-27257 -18314 8258 31479 50 8606 13459 -24024 26020 14211 24553 63 -15483 22280 -12404 2042 29 29962 38 37 7806 960 -23925 -30763 -6879 31177 -25587 17365 40 5761 59 54 51 18084 12352 5361 1290 19771 -9756 -2554 2003 20 -3884 32301 13712 -23750 58 38 13 28809 23553 27549 22224 30274 13591 45 21476 4 -21357 -4890 -5660 23948 12484 29790 -6104 24093 13 3 17213 23685 -1772 14 3761 11847 8996 -13648 -16928 31 31932 8 23385 26239 -23962 -9691 -3027 21489 3 62 998 29152 -17860 31558 -19799 292 -8298 48 51 5086 6 10 16791 30996 29945 18860 -7217 -14749 57 -13774 36 -12016 6066 21107 -14382 4 6131 28312 56 51 6156 -8283 11 -29962 21019 16480 -30604 -19109 -29640 -32335 
0 0 8258 31479 50 8606 13459 0 26020 14211 24553 63 0 22280 0 2042 29 29962 38 37 7806 960 0 0 0 31177 0 17365 40 5761 59 54 51 18084 12352 5361 1290 19771 0 0 2003 20 0 32301 13712 0 58 38 13 28809 23553 27549 22224 30274 13591 45 21476 4 0 0 0 23948 12484 29790 0 24093 13 3 17213 23685 0 14 3761 11847 8996 0 0 31 31932 8 23385 26239 0 0 0 21489 3 62 998 29152 0 31558 0 292 0 48 51 5086 6 10 16791 30996 29945 18860 0 0 57 0 36 0 6066 21107 0 4 6131 28312 56 51 6156 0 11 0 21019 16480 0 0 0 0 
30 -17
56 -24401 -8933 710 1676 -22707 60 3 32 -18634 -4105 -15712 19402 -8862 -31926 4091 -28769 27125 3543 -32586 -6584 -5074 3756 10608 -11478 7938 41 21689 -1914 18425 50 -14521 28778 20541 4543 22 12729 36 11570 27845 2682 16999 5842 -12312 31 24770 30 51 -24202 19747 32 -24751 4702 -28186 -16938 -15865 10 -32504 -27971 32 -26990 -20563 21064 12175 58 11 -30840 6969 -5279 -20023 2 -11030 31702 23980 18407 13613 5903 -21819 54 62 -7611 10826 10064 48 21871 -19659 23 4478 -14579 -17936 -16670 12162 10825 -15895 56 4628 -15030 -25771 59 2015 53 27418 -20224 23030 1 -7223 63 47 20 7850 17636 18472 56 3564 -15442 20244 61 49 11307 2167 -28063 -15241 10423 -26023 27646 1831 15908 32012 
56 0 0 710 1676 0 60 3 32 0 0 0 19402 0 0 4091 0 27125 3543 0 0 0 3756 10608 0 7938 41 21689 0 18425 50 0 28778 20541 4543 22 12729 36 11570 27845 2682 16999 5842 0 31 24770 30 51 0 19747 32 0 4702 0 0 0 10 0 0 32 0 0 21064 12175 58 11 0 6969 0 0 2 0 31702 23980 18407 13613 5903 0 54 62 0 10826 10064 48 21871 0 23 4478 0 0 0 12162 10825 0 56 4628 0 0 59 2015 53 27418 0 23030 1 0 63 47 20 7850 17636 18472 56 3564 0 20244 61 49 11307 2167 0 0 10423 0 27646 1831 15908 32012 
31 16
9 20045 25764 -9852 21039 -7975 19429 45 -20329 2203 9225 27239 -4541 5204 -26953 -15658 3 -13329 31154 10825 -4148 -12860 -24441 15159 -17885 5930 -16935 10860 21352 17 18554 -25368 24937 30 8 4998 1837 29778 24 7836 56 33 22573 10879 33 43 32104 -25566 29739 -1776 28635 965 30292 25502 31238 11357 28239 18540 -11473 59 21675 24 -22771 30 -6857 43 -23803 29088 -10964 17326 18033 30196 3544 28 48 31119 13369 -1939 -13588 -26362 29189 15363 23 -27388 -30586 61 11 30874 -28907 19777 23687 5247 56 26198 26504 4748 -25178 24 13401 -27206 -31526 6225 29095 2774 -19269 -27294 -27822 -6541 -4865 4 11 -23329 1616 20417 11 29939 -16655 5687 -21526 7212 -3300 -1379 41 -5130 -21200 7450 17823 -17494 
5 11543 15382 -4556 12193 -3745 11143 23 -8600 1120 4937 16408 -2192 2705 -10743 -6898 2 -5989 19210 5859 -2008 -5801 -9967 8452 -7730 3099 -7380 5879 12400 9 10582 -10260 14813 15 4 2594 931 18214 12 4152 28 17 13211 5890 17 22 19907 -10321 18187 -876 17397 486 18584 15201 19271 6169 17115 10572 -5236 30 12614 12 -9428 15 -3249 22 -9764 17719 -5025 9801 10249 18515 1820 14 24 19185 7364 -955 -6092 -10566 17792 8577 12 -10874 -11788 31 6 19007 -11316 11369 13960 2729 28 15681 15896 2460 -10200 12 7383 -10821 -12044 3260 17724 1416 -8229 -10846 -11002 -3107 -2342 2 6 -9611 818 11786 6 18330 -7275 2967 -9012 3804 -1609 -682 21 -2464 -8900 3937 10116 -7587 
32 -30
-17910 -23937 -9683 -27347 33 5797 19 11038 26970 27 9566 63 16 25236 3394 30800 0 23600 -25338 -7100 17721 28225 -26597 20966 -21253 3464 -1917 57 -6166 4 8 53 8 38 24488 907 -1572 30654 -6187 26058 -8138 26182 16 29376 16677 -18447 22 48 -26067 27133 -1283 29213 -30830 1305 40 10950 29 22458 27 -27236 3579 24 -16298 31 3347 30 62 1091 -18945 13889 -15478 51 11145 23349 23199 13463 19202 -19422 26833 2881 57 10356 -12716 -18578 -4086 3 -16060 11 -3897 13 -30980 53 24817 -3852 -16843 -2974 -27872 2048 23629 -10631 37 -15500 356 60 480 14188 6177 32242 6083 11 -21049 8692 53 23890 298 62 57 29360 1 -29908 57 7064 9438 -31739 46 -26467 -32066 34 
0 0 0 0 33 5797 19 11038 26970 27 9566 63 16 25236 3394 30800 0 23600 0 0 17721 28225 0 20966 0 3464 0 57 0 4 8 53 8 38 24488 907 0 30654 0 26058 0 26182 16 29376 16677 0 22 48 0 27133 0 29213 0 1305 40 10950 29 22458 27 0 3579 24 0 31 3347 30 62 1091 0 13889 0 51 11145 23349 23199 13463 19202 0 26833 2881 57 10356 0 0 0 3 0 11 0 13 0 53 24817 0 0 0 0 2048 23629 0 37 0 356 60 480 14188 6177 32242 6083 11 0 8692 53 23890 298 62 57 29360 1 0 57 7064 9438 0 46 0 0 34 
33 -12
-9152 1680 6 20597 -27684 10 6986 -32490 37 48 -24377 17 6356 3576 8819 11 -17351 4 -24942 16303 -21044 -3307 30 -11354 44 16990 -8484 -14959 10068 28609 -16233 -26486 15514 -27871 1 9 11811 11968 22277 53 -17103 21649 -22586 -10793 -9919 -31402 6010 9 -6014 7020 -24356 39 -31938 -5978 12369 -18108 -1594 2 -16465 27961 -30712 20946 -3227 7239 -26642 22608 6285 4090 32 -11888 56 -5638 29581 -6097 15197 -26937 -11771 872 47 24 28097 53 15518 6094 14 18547 15367 17371 56 -14699 -17476 1148 9735 30793 24 7033 -14229 26555 -16164 -27959 -18275 315 20103 -23344 0 33 23 36 25 25 28124 29801 13 -22358 37 -8865 -23271 6015 26351 18321 -25051 58 15249 16 25269 14 -23050 -9907 
0 1680 6 20597 0 10 6986 0 37 48 0 17 6356 3576 8819 11 0 4 0 16303 0 0 30 0 44 16990 0 0 10068 28609 0 0 15514 0 1 9 11811 11968 22277 53 0 21649 0 0 0 0 6010 9 0 7020 0 39 0 0 12369 0 0 2 0 27961 0 20946 0 7239 0 22608 6285 4090 32 0 56 0 29581 0 15197 0 0 872 47 24 28097 53 15518 6094 14 18547 15367 17371 56 0 0 1148 9735 30793 24 7033 0 26555 0 0 0 315 20103 0 0 33 23 36 25 25 28124 29801 13 0 37 0 0 6015 26351 18321 0 58 15249 16 25269 14 0 0 
34 12
8 -20429 18203 -6780 27 37 10917 18492 14027 -10552 -19458 -27943 -3246 7845 50 21125 18 -30173 15429 38 19503 -15197 -813 58 51 53 40 -29904 58 -10374 -3969 23016 26 24587 28 -28695 5451 -29351 -4814 4664 -21572 -420 -6039 4258 -13004 3866 55 59 39 475 29 44 41 51 19033 20400 -16519 22893 31 -2040 -22480 60 32301 -11693 32557 35 31143 16571 62 21672 -21678 4 30098 36 9768 25876 13391 16912 -30783 17710 58 25573 -138 15 16500 -21822 3246 -272 -10676 18809 14258 30696 -14314 62 -7 54 11151 28685 -25249 22017 5431 57 -10698 -18454 32 -2555 29 -12149 20162 61 25 53 -24656 -32448 -2174 27801 -23924 21 25933 -25690 -23233 -21049 -5247 -4908 4051 29180 26459 34 
4 -138 17991 -1088 14 19 10207 18292 13584 -746 -167 -31 -1012 6838 25 21004 9 -19 15080 19 19338 -363 -366 29 26 27 20 -20 29 -764 -1092 22933 13 24526 14 -26 4311 -22 -1136 3533 -111 -199 -1125 3145 -522 2783 28 30 20 251 15 22 21 26 18852 20261 -288 22808 16 -771 -93 30 32289 -637 32545 18 31128 16286 31 21564 -108 2 30079 18 8944 25829 12900 16644 -17 17478 29 25523 -68 8 16211 -105 2234 -131 -734 18620 13832 30679 -422 31 -3 27 10463 28659 -53 21916 4291 29 -732 -202 16 -892 15 -595 20016 31 13 27 -59 -12 -805 27770 -69 11 25887 -49 -79 -123 -1141 -1138 2953 29157 26418 17 
35 40
22064 16016 -9019 20599 -28320 -27702 -19181 -1905 18408 22919 -22963 28763 51 4869 -16516 20091 33 -13560 55 28575 -4982 3562 1864 6049 -871 -9987 12650 55 2877 -6692 -10053 -11719 31094 4 24583 5893 -10285 14 -21750 16830 1 26344 4 30596 12995 17573 -1052 48 62 -25746 7246 22094 -17573 49 -11282 32650 -4055 -14981 27328 1589 -13832 40 45 53 -23162 -7009 19497 8120 -19980 22402 21089 23 84 30491 -22010 61 -18655 -12226 18899 2912 30626 14412 27 2518 32566 30057 -2061 -25495 32688 63 -29588 -21428 26598 42 19138 35 -15551 28430 49 24101 -115 2 -13719 -9521 18616 30695 38 7 4940 14240 -29012 -23560 -32297 24 -29531 -26865 34 0 -21076 5354 4711 57 17 23575 31451 26 -26032 2485 
11032 8008 -4509 10300 -14160 -13851 -9590 -952 9204 11460 -11481 14382 26 2435 -8258 10046 17 -6780 28 14288 -2491 1781 932 3025 -435 -4993 6325 28 1439 -3346 -5026 -5859 15547 2 12292 2947 -5142 7 -10875 8415 1 13172 2 15298 6498 8787 -526 24 31 -12873 3623 11047 -8786 25 -5641 16325 -2027 -7490 13664 795 -6916 20 23 27 -11581 -3504 9749 4060 -9990 11201 10545 12 42 15246 -11005 31 -9327 -6113 9450 1456 15313 7206 14 1259 16283 15029 -1030 -12747 16344 32 -14794 -10714 13299 21 9569 18 -7775 14215 25 12051 -57 1 -6859 -4760 9308 15348 19 4 2470 7120 -14506 -11780 -16148 12 -14765 -13432 17 0 -10538 2677 2356 29 9 11788 15726 13 -13016 1243 
36 22
-17163 48 32 -3520 3 -10056 11582 29463 -22124 13291 -7954 52 29764 7998 32726 14 30341 -633 223 4745 2705 10326 -31422 27604 -291 15482 -10760 35 3374 -21169 30 -9669 -29764 32534 14 29143 -240 -3166 29827 29617 7 5 38 50 -24058 15694 31607 25451 31501 -1346 54 -6637 15699 25317 -20645 26694 29661 17410 29695 15255 -20058 17332 20 6320 2 5420 46 29107 14594 -26348 61 -4499 -29571 21852 62 -4133 21783 -11426 42 -10644 -25929 11 -26669 9094 20699 10 -12841 -14917 27304 14322 -17540 20429 -9307 22 7519 0 19 -31152 19975 -4331 40 -28825 -12302 -26301 -804 19567 9 -11006 22573 41 -8244 -10343 -9652 32238 -32434 2 -13539 -31779 2675 26051 28821 -13096 2659 -1250 30538 7667 -15236 18410 
-8564 24 16 -1759 2 -5022 5799 14784 -11032 6656 -3973 26 14935 4003 16427 7 15226 -316 112 2374 1353 5169 -15652 13847 -145 7755 -5373 18 1688 -10557 15 -4829 -14829 16331 7 14621 -120 -1582 14966 14861 4 3 19 25 -11995 7861 15863 12764 15810 -673 27 -3316 7864 12697 -10297 13389 14883 8723 14900 7641 -10005 8684 10 3162 1 2712 23 14603 7309 -13132 31 -2248 -14733 10954 31 -2065 10919 -5705 21 -5316 -12925 6 -13292 4552 10375 5 -6410 -7445 13697 7173 -8752 10239 -4648 11 3763 0 10 -15519 10012 -2164 20 -14363 -6142 -13109 -402 9806 5 -5496 11317 21 -4118 -5165 -4821 16180 -16154 1 -6759 -15829 1338 13065 14460 -6538 1330 -625 15325 3837 -7604 9225 
37 24
28 -7821 24626 21902 -2087 17 55 -19249 19746 51 4 32 16535 24801 -9175 10475 58 -6295 32433 4348 10405 9 -22564 1909 -30736 30435 -26004 -32021 -16675 -16602 -12785 -26637 9873 -6410 18557 24071 -18793 17019 25 -26941 58 46 -12137 16902 11 -28172 22 -4153 10030 7265 56 27 32331 -20578 24306 -25199 5408 6411 30593 -28466 17298 14834 -22455 57 10607 27 -11185 -27160 24977 19332 28684 21185 18444 9380 10920 -31080 11671 3007 -5805 8 58 -14504 46 22338 28729 -2607 29 12 21835 18 -32512 7978 -23520 -26188 62 -20169 26979 9039 32 23425 -18235 -21617 18094 -17805 22630 6 14386 -26938 20 -16863 9170 -21130 -1358 1 3987 11062 30 42 1419 12912 12 15 -19363 59 -11880 -22407 -8341 -8761 
14 -3910 12322 10958 -1043 9 28 -9619 9879 26 2 16 8272 12410 -4586 5239 29 -3147 16232 2174 5204 5 -11274 955 -15353 15231 -12992 -15995 -8333 -8297 -6390 -13307 4938 -3204 9284 12044 -9391 8514 13 -13459 29 23 -6066 8455 6 -14074 11 -2076 5016 3633 28 14 16181 -10283 12162 -12590 2704 3206 15310 -14221 8653 7421 -11221 29 5305 14 -5590 -13568 12498 9672 14354 10599 9228 4691 5462 -15525 5838 1504 -2902 4 29 -7248 23 11176 14377 -1303 15 6 10924 9 -16240 3990 -11751 -13084 31 -10078 13501 4521 16 11721 -9113 -10802 9051 -8898 11323 3 7197 -13457 10 -8427 4586 -10559 -679 1 1994 5533 15 21 710 6458 6 8 -9676 30 -5938 -11197 -4169 -4379 
38 23
12783 22017 20520 -31451 -10837 29242 9 21 -1587 10223 -26360 16 53 5921 -10545 8116 31009 46 -2022 -1321 40 13 21690 19320 -5136 52 8636 9 25663 -28149 11460 28 62 23806 9543 11034 -28198 3 -32523 13833 -31905 9282 20241 -2301 -1984 13 1715 36 49 -15425 -3478 -3305 8907 24758 30402 21613 -3768 26586 -11270 3657 13537 48 -1806 -5442 44 12 50 -25839 60 4746 -12492 -8665 -9074 -18086 -32570 -23265 3932 3446 205 11339 41 21657 10047 30090 24 21999 10005 -4805 3955 -25216 7082 31669 47 27 -31969 29616 5 -13401 13833 -10834 12 22865 -843 26297 15453 13 15 13754 -499 -9140 -29143 3166 -10355 28535 13 -21325 20 25 -30527 9376 9 -11746 -7293 -28243 23 25394 19596 15437 
6396 11023 10273 -15697 -5415 14646 5 11 -793 5115 -13159 8 27 2962 -5269 4060 15533 23 -1011 -660 20 7 10860 9671 -2567 26 4320 5 12852 -14050 5734 14 31 11920 4774 5520 -14075 2 -16230 6922 -15921 4644 10133 -1150 -992 7 858 18 25 -7705 -1739 -1652 4456 12397 15229 10821 -1884 13314 -5631 1829 6774 24 -903 -2720 22 6 25 -12899 30 2374 -6241 -4330 -4535 -9033 -16253 -11617 1966 1723 103 5674 21 10843 5027 15073 12 11014 5006 -2402 1978 -12590 3542 15863 24 14 -15953 14833 3 -6695 6922 -5414 6 11448 -421 13169 7734 7 8 6883 -249 -4568 -14547 1583 -5174 14292 7 -10649 10 13 -15236 4691 5 -5869 -3645 -14097 12 12716 9810 7726 
39 13
31231 17 -10388 -9840 2 32302 4 4949 56 -4977 -23304 49 5735 1491 -26228 24992 19643 34 -10975 -7346 43 17419 2235 -32421 10 20 22968 32 26622 25496 -28575 1465 7235 17 10876 -20737 33 -11881 -27944 12285 26564 14 -5437 17013 21466 27 26303 -21358 15 12193 9 7218 12957 13079 19541 115 -28685 16367 22931 43 -30345 25022 -19263 -12611 8607 3 -77 13700 30035 48 13 -31642 9345 25521 -29655 26394 3403 31040 -13528 -1097 -23102 27555 -22608 40 -8158 -22683 1733 26798 22852 -9530 24 31 58 1711 32 28651 -20033 19016 -12151 9593 -10612 13192 4133 -29704 25 26081 23856 26425 234 -26372 -22601 -10099 -26276 24901 11894 -1798 4 -9640 -21539 3944 30493 7 -4756 -8297 15918 30074 7117 8 
30556 9 -2282 -2276 1 31688 2 3200 28 -1755 -1281 25 3832 813 -1026 23862 18006 17 -2279 -2129 22 15563 1269 -608 5 10 21656 16 25628 24410 -848 798 5119 9 8596 -1529 17 -2257 -893 10043 25565 7 -1848 15118 20010 14 25284 -1467 8 9947 5 5103 10747 10875 17894 58 -840 14413 21615 22 -730 23895 -1676 -2228 6377 2 -38 11533 29286 24 7 -652 7082 24437 -774 25382 2050 30353 -2178 -512 -1299 26633 -1346 20 -2201 -1339 958 25817 21528 -2269 12 16 29 945 16 27809 -1599 17316 -2248 7322 -2281 10995 2577 -771 13 25043 22626 25415 119 -1014 -1347 -2280 -1022 23763 9637 -801 2 -2272 -1449 2438 29773 4 -1707 -2211 13923 29328 5014 4 
40 -30
-5503 -25699 32743 -8294 52 24868 -19401 6 -30137 25 13 24827 20100 5828 2744 12584 -28953 -4254 -25964 -11182 3 62 2424 19712 12759 -3613 -6678 -626 24 -18864 6255 29534 -30555 53 -2826 6 -120 12 30 -10452 -12395 446 37 -8647 21971 57 12627 26396 13335 -19744 33 10757 93 26517 -15910 24067 19707 -1855 14 55 9320 26099 6986 -9205 19579 19397 22 -12246 -1441 -5465 17814 30 -1430 47 -1546 -29301 -12819 29967 2159 10 25 -1020 25046 6 15097 -20377 27145 -17465 -31404 -9681 29 -5527 -25549 -6350 611 12198 24458 52 27425 1 2474 7223 635 6 -16777 -17600 2071 -22363 -20435 27 31209 17019 19350 -32119 33 -31749 42 -17843 22240 21865 54 19902 -27541 16884 -31168 -26071 -32307 14440 
0 0 32743 0 52 24868 0 6 0 25 13 24827 20100 5828 2744 12584 0 0 0 0 3 62 2424 19712 12759 0 0 0 24 0 6255 29534 0 53 0 6 0 12 30 0 0 446 37 0 21971 57 12627 26396 13335 0 33 10757 93 26517 0 24067 19707 0 14 55 9320 26099 6986 0 19579 19397 22 0 0 0 17814 30 0 47 0 0 0 29967 2159 10 25 0 25046 6 15097 0 27145 0 0 0 29 0 0 0 611 12198 24458 52 27425 1 2474 7223 635 6 0 0 2071 0 0 27 31209 17019 19350 0 33 0 42 0 22240 21865 54 19902 0 16884 0 0 0 14440 
41 -12
-16499 42 16 -12778 7637 -32056 4661 -18761 5809 15499 22245 21739 26844 -15478 63 -22533 5509 -2478 -23729 -17120 32262 63 20690 59 -12491 57 60 18613 -29049 19 20847 -9446 -29500 62 -12670 6748 6 25973 -21354 61 5306 -9483 -7412 -10928 0 2077 -11690 627 29714 6964 25 30500 11 15 13 32659 13743 5878 13548 35 42 1632 43 28958 30668 17234 7831 33 16735 12417 33 -2433 -31124 -24609 -16937 -26721 -31921 -7839 -16772 24988 -29554 -32763 6 33 24 3 -15017 42 -18923 36 31761 35 12853 -21895 -1191 -17430 31280 -22894 23658 42 14606 30 7232 -13536 -4983 -29945 17462 -28307 -22775 8245 -9486 20 -8112 16904 29310 29874 -19135 -24101 -27773 16100 17572 -8868 17087 27912 58 59 -20382 1355 
0 42 16 0 7637 0 4661 0 5809 15499 22245 21739 26844 0 63 0 5509 0 0 0 32262 63 20690 59 0 57 60 18613 0 19 20847 0 0 62 0 6748 6 25973 0 61 5306 0 0 0 0 2077 0 627 29714 6964 25 30500 11 15 13 32659 13743 5878 13548 35 42 1632 43 28958 30668 17234 7831 33 16735 12417 33 0 0 0 0 0 0 0 0 24988 0 0 6 33 24 3 0 42 0 36 31761 35 12853 0 0 0 31280 0 23658 42 14606 30 7232 0 0 0 17462 0 0 8245 0 20 0 16904 29310 29874 0 0 0 16100 17572 0 17087 27912 58 59 0 1355 
42 12
12145 12617 57 26 10561 49 6358 -31672 48 55 34 41 -20816 12590 9826 10408 -22065 11955 27310 23363 30965 -21111 3 -24978 48 43 29 54 99 -10542 25048 22107 -18075 -31599 19989 43 63 -15580 44 -31097 -7456 17584 -4980 42 -17139 -15351 15 -25324 -12804 29 -18252 23 35 -26860 5 9361 61 -29483 7313 -17002 -22206 23 32646 50 -24264 25600 25020 28587 48 -802 43 -23286 -12354 -26265 -22118 15037 -30594 -19598 40 -20425 3876 22222 -22771 53 63 7425 38 -22325 58 19363 20731 -31010 56 1281 -30278 -12099 24552 2110 21938 -541 -17692 17470 -3808 0 -10589 39 31 13494 1908 48 10679 3061 39 25823 26 33 15 -28835 -8713 -28600 30454 15209 14070 33 -29525 48 -1652 4876 
11549 12063 29 13 9816 25 5247 -14 24 28 17 21 -128 12033 9008 9648 -100 11342 27275 23285 30949 -121 2 -56 24 22 15 27 50 -747 24993 22007 -217 -14 19838 22 32 -340 22 -16 -1039 17347 -1139 21 -257 -354 8 -53 -538 15 -209 12 18 -38 3 8496 31 -22 6262 -264 -98 12 32635 25 -64 25551 24964 28561 24 -362 22 -79 -577 -43 -99 14664 -18 -163 20 -138 2792 22124 -88 27 32 6383 19 -95 29 19193 20601 -16 28 740 -18 -600 24491 1321 21835 -253 -232 17228 -1078 0 -743 20 16 13011 1172 24 9945 2077 20 25776 13 17 8 -26 -928 -26 30436 14847 13631 17 -22 24 -662 3739 
43 40
-17058 -1443 50 -21829 3554 13773 1685 29695 6 5994 21100 30574 7828 14112 -14262 -699 10 29378 -5011 30953 4431 -2890 -13447 -29285 32682 -18855 -7818 29660 60 24 10319 11 24510 -9819 6446 30547 17824 -12459 -23323 12933 2259 -15348 2986 30218 6956 13019 2793 4385 -2381 -16098 -25196 19 34 -29190 -27045 2640 6698 -22001 25 6942 34 28 18159 11 -12065 -6881 22834 9432 -20496 32 -32197 -13945 -5689 26017 -5011 1253 16248 47 -1037 9629 3289 -2533 31551 12604 -20830 1095 -547 -3347 -28123 4226 16526 25271 53 -1255 -12423 -22843 -17069 16480 -25118 24223 62 -5009 63 52 56 -16773 20 6185 -11486 6280 23761 -18158 23519 13962 1 -11838 21205 14 -11808 23 27 16751 24 40 -10275 -10228 60 5 
-8529 -721 25 -10914 1777 6887 843 14848 3 2997 10550 15287 3914 7056 -7131 -349 5 14689 -2505 15477 2216 -1445 -6723 -14642 16341 -9427 -3909 14830 30 12 5160 6 12255 -4909 3223 15274 8912 -6229 -11661 6467 1130 -7674 1493 15109 3478 6510 1397 2193 -1190 -8049 -12598 10 17 -14595 -13522 1320 3349 -11000 13 3471 17 14 9080 6 -6032 -3440 11417 4716 -10248 16 -16098 -6972 -2844 13009 -2505 627 8124 24 -518 4815 1645 -1266 15776 6302 -10415 548 -273 -1673 -14061 2113 8263 12636 27 -627 -6211 -11421 -8534 8240 -12559 12112 31 -2504 32 26 28 -8386 10 3093 -5743 3140 11881 -9079 11760 6981 1 -5919 10603 7 -5904 12 14 8376 12 20 -5137 -5114 30 3 
44 -24
0 -12536 -22044 14279 12437 23891 -30988 18134 15957 -4430 13384 -24078 7847 41 -31574 -724 -10941 61 -4201 9780 -29599 24869 4784 40 16477 5345 16161 32711 406 1591 18857 21616 5 10409 4601 -10178 -6682 24299 9076 52 7598 23333 -921 11886 -30025 -2104 -30538 -20242 13518 20901 -12539 13656 21614 -30846 -26205 -7912 24163 41 -13712 24890 -29684 3393 -23642 2683 17090 -21216 16654 4763 553 1057 -4332 -4134 42 -8640 15893 21 6193 8134 -30802 6 60 20 61 15 30019 -20907 16776 28292 28297 42 24 25684 32657 5796 -18741 8573 -30501 17725 784 22663 22867 63 19064 22550 21189 18278 17360 35 -25527 -12281 -28373 29 20 51 22425 13704 -376 -9561 24214 -13568 -15798 19222 12824 12062 -18801 18495 49 -2490 
0 0 0 14279 12437 23891 0 18134 15957 0 13384 0 7847 41 0 0 0 61 0 9780 0 24869 4784 40 16477 5345 16161 32711 406 1591 18857 21616 5 10409 4601 0 0 24299 9076 52 7598 23333 0 11886 0 0 0 0 13518 20901 0 13656 21614 0 0 0 24163 41 0 24890 0 3393 0 2683 17090 0 16654 4763 553 1057 0 0 42 0 15893 21 6193 8134 0 6 60 20 61 15 30019 0 16776 28292 28297 42 24 25684 32657 5796 0 8573 0 17725 784 22663 22867 63 19064 22550 21189 18278 17360 35 0 0 0 29 20 51 22425 13704 0 0 24214 0 0 19222 12824 12062 0 18495 49 0 
45 17
2270 -6573 5396 -12790 -15116 41 -8975 32600 58 47 8848 29 -17115 23 17128 14947 43 6836 52 1 28 41 10088 -15451 -31155 -18050 -7466 -21331 26 -17173 -7981 29997 -13614 18989 -5718 37 57 38 -9943 12041 8813 -4748 29725 -18189 -32244 13253 26 -797 54 -18512 -25561 -10475 23759 26 27 3557 50 20 -27349 -9030 20 26805 -19492 -20650 40 56 -16323 -13000 2693 26439 -27248 10303 -20591 -10686 -32587 -30334 24469 -28726 17 58 22849 29516 -15550 -12793 249 -17058 -20721 -2848 4805 3 -13478 -6677 -15372 5708 -13493 22103 9 25 13933 23252 31466 -26791 31266 -12096 -23775 38 13356 21661 -20118 28 -13853 -15139 -8604 17034 2 -5431 30695 8707 26 42 58 -2775 -2649 -21622 12672 6144 -10244 37 
1145 -3204 2754 -6083 -7123 21 -4334 18318 29 24 4574 15 -8000 12 9122 7899 22 3507 26 1 14 21 5238 -7270 -13734 -8405 -3627 -9799 13 -8025 -3869 16706 -6454 10181 -2797 19 29 19 -4783 6296 4554 -2331 16541 -8465 -14148 6961 13 -397 27 -8604 -11538 -5028 12953 13 14 1803 25 10 -12253 -4360 10 14769 -9023 -9514 20 28 -7654 -6178 1360 14548 -12214 5354 -9489 -5125 -14279 -13420 13374 -12796 9 29 12417 16412 -7314 -6085 125 -7975 -9543 -1409 2446 2 -6393 -3253 -7236 2916 -6399 11981 5 13 7336 12655 17611 -12032 17489 -5769 -10812 19 7018 11724 -9288 14 -6561 -7133 -4161 9069 1 -2659 17136 4498 13 21 29 -1373 -1311 -9921 6642 3144 -4922 19 
46 17
26557 5014 -7760 2 6773 -32671 22921 0 479 16642 18755 -24096 1658 -20994 -26576 13016 25444 52 -13568 25888 -30776 5625 26 27 -13139 32 9501 31 31519 21907 -31015 21919 23631 -26835 -13056 30032 21738 32055 -18294 -21074 7470 39 17377 11810 1939 20008 -14136 3489 30923 7258 1181 3868 35 12157 26228 49 15551 -7829 7420 18086 31436 -2396 61 17014 28175 30081 47 32432 -3957 6035 6 25942 6762 32330 10569 -25923 -1239 31281 -16560 8894 48 49 10 28 -12964 254 5599 14 31918 25537 -17491 19 20 -8686 29154 16 -29581 21248 38 16 -17358 39 15706 18848 31152 6 17 -16369 39 -2425 21646 -3255 55 24630 32240 -25746 26186 7347 -19374 14379 8 42 10771 52 28318 46 2819 -32596 
14619 2555 -3765 1 3474 -14311 12459 0 240 8849 10047 -10944 834 -9658 -11947 6831 13953 26 -6433 14218 -13589 2873 13 14 -6240 16 4923 16 17645 11867 -13682 11874 12877 -12048 -6203 16729 11768 17978 -8509 -9691 3841 20 9263 6171 977 10765 -6687 1768 17276 3730 593 1963 18 6360 14422 25 8236 -3797 3815 9666 17593 -1187 31 9058 15595 16758 24 18213 -1949 3087 3 14250 3468 18148 5497 -11684 -617 17498 -7758 4598 24 25 5 14 -6162 127 2859 7 17892 14008 -8163 10 10 -4199 16191 8 -13129 11483 19 8 -8106 20 8323 10100 17419 3 9 -7673 20 -1201 11714 -1607 28 13469 18094 -11612 14396 3777 -8973 7583 4 21 5607 26 15683 23 1425 -14281 
47 9
29243 46 -30675 16786 31302 59 -3777 43 1867 -12968 -3358 37 -24519 -30421 18 26252 3289 -30475 10 88 18 24424 8363 42 14697 -22836 3423 31882 -5157 13 21 24236 13053 46 23420 -26693 -26826 28415 -11114 35 33 23297 -16476 6008 -1776 28384 -26382 -6503 2050 25 7162 3 -3269 2762 21802 -8635 50 58 -26605 805 -18207 -23555 -1695 15664 5991 5 -18484 7263 -3864 -16787 2 5376 7489 31970 54 -14183 -27539 9252 10002 -13991 12052 15657 8 -18786 -21032 -30598 -6835 -23878 -1721 -25393 7189 5742 26897 -27333 3842 -21785 16 25433 -31405 17 -32128 18065 -26919 29 -29976 1087 33 -10639 13220 -15349 11674 10335 -22925 19475 3292 48 21732 -19514 27792 32 60 4312 1279 -7237 41 58 6181 54 
29243 24 0 16786 31302 31 -2 22 1820 0 -5 19 0 0 9 26252 3284 0 5 48 9 24424 8363 22 14697 0 3419 31882 0 7 11 24236 13053 24 23420 0 0 28415 0 18 17 23297 0 6008 -54 28384 0 0 2013 13 7162 2 -5 2750 21802 0 26 31 0 667 0 0 -60 15664 5991 3 0 7263 -2 0 1 5376 7489 31970 28 0 0 9252 10002 0 12052 15657 4 0 0 0 0 0 -58 0 7189 5742 26897 0 3840 0 8 25433 0 9 0 18065 0 15 0 971 17 0 13220 0 11674 10335 0 19475 3287 25 21732 0 27792 17 32 4311 1182 0 21 31 6181 28 
48 -30
23971 55 -26786 3108 -14971 -2458 50 -30698 20 12781 2520 -8095 -4089 11019 32 12 -4982 -15964 995 3 2 14150 31017 -4421 31965 4737 43 24002 -11641 -25183 27835 41 6410 -20918 29945 -26250 41 37 5 28270 -9632 11395 -32347 3907 15070 -28265 -19445 31 30346 0 -10618 21030 31189 46 25942 -29487 25686 -11421 6412 -20661 -10192 16578 -1204 855 38 -14899 -2589 17371 38 60 832 4389 18 13365 29 42 -14671 3 -30499 9375 25 -26779 -19994 27 -14284 -4571 25874 8745 -25802 30724 -23786 38 -3280 3 22658 23668 4698 -15545 -20694 10823 -25970 60 14497 13649 8536 14 55 28 2844 9600 -27363 8230 -8680 24400 30538 -8848 -21758 -32535 61 -14665 48 -18903 -19747 26891 -32703 13190 18677 -6286 
23971 55 0 3108 0 0 50 0 20 12781 2520 0 0 11019 32 12 0 0 995 3 2 14150 31017 0 31965 4737 43 24002 0 0 27835 41 6410 0 29945 0 41 37 5 28270 0 11395 0 3907 15070 0 0 31 30346 0 0 21030 31189 46 25942 0 25686 0 6412 0 0 16578 0 855 38 0 0 17371 38 60 832 4389 18 13365 29 42 0 3 0 9375 25 0 0 27 0 0 25874 8745 0 30724 0 38 0 3 22658 23668 4698 0 0 10823 0 60 14497 13649 8536 14 55 28 2844 9600 0 8230 0 24400 30538 0 0 0 61 0 48 0 0 26891 0 13190 18677 0 
49 -12
-18592 13580 27799 -32647 -23971 -9965 30 15 -14954 -27824 24332 38 11874 -7379 12563 -11706 1 13 4896 -15024 24960 -24008 11 -28870 -10004 -24304 1614 -12860 -3696 56 -14598 5128 -8584 25693 2011 16557 22341 -10836 -29080 8359 1836 -3797 -11359 -7552 -20108 26622 22519 26789 -13409 -19164 -28961 27727 20970 -32451 18946 62 -29223 -4189 27274 17936 -23745 14579 -3795 -13105 -6791 39 9 48 -16767 -3305 3 12 -12274 -22282 -8535 58 -9241 13363 -252 13881 9 28828 3161 20260 23263 61 4361 20 3259 4459 21626 -12560 -26573 -22723 28689 25085 -23138 17 19204 9584 -17547 33 13922 9 -3748 32024 13230 -3365 -30191 -19127 23 -12647 8297 -26912 -23263 31205 -4858 17749 18438 18 -18916 25284 8274 -6494 35 10 23221 -16049 
0 13580 27799 0 0 0 30 15 0 0 24332 38 11874 0 12563 0 1 13 4896 0 24960 0 11 0 0 0 1614 0 0 56 0 5128 0 25693 2011 16557 22341 0 0 8359 1836 0 0 0 0 26622 22519 26789 0 0 0 27727 20970 0 18946 62 0 0 27274 17936 0 14579 0 0 0 39 9 48 0 0 3 12 0 0 0 58 0 13363 0 13881 9 28828 3161 20260 23263 61 4361 20 3259 4459 21626 0 0 0 28689 25085 0 17 19204 9584 0 33 13922 9 0 32024 13230 0 0 0 23 0 8297 0 0 31205 0 17749 18438 18 0 25284 8274 0 35 10 23221 0 
50 12
54 28236 11997 -6577 3 62 -10812 31 4462 -24296 -12019 9 -11950 -23520 -5453 32335 -18853 30 19158 -10251 14699 -6832 -28618 -7467 -31518 18011 -5020 -8355 33 62 -20866 15 8715 -5219 6979 45 -16539 25306 28 18585 6886 -27942 -8479 -6268 29938 -8191 15 6895 -31720 1280 -22046 -5969 28711 -9963 -13847 1508 -7735 -10251 3321 3088 9450 -32714 -29596 10 26923 -32037 -2375 4 31104 -19304 -24862 60 2914 -26991 31 26039 -4961 18888 3490 52 -4775 20 11094 16 30 -22731 10 -19350 -10486 3 26206 60 9968 19333 24881 -29415 -12842 -9172 -3003 -18283 19317 26351 16079 38 -322 50 9452 25 12 -1166 56 26971 -10464 42 59 15418 42 20071 0 -23609 29138 54 -17247 55 -13552 -28963 17202 20411 
27 28208 11388 -1100 2 31 -721 16 3339 -65 -607 5 -613 -75 -1140 32323 -187 15 18981 -776 14303 -1084 -26 -1039 -14 17792 -1139 -962 17 31 -127 8 7787 -1141 5904 23 -287 25253 14 18388 5805 -31 -950 -1116 29918 -977 8 5815 -14 739 -101 -1128 28685 -805 -456 891 -1017 -776 2299 2100 8594 -11 -22 5 26885 -13 -853 2 31088 -172 -58 30 1954 -37 16 25994 -1139 18702 2446 26 -1135 10 10401 8 15 -88 5 -171 -752 2 26163 30 9164 19162 24824 -22 -535 -883 -975 -208 19145 26308 15768 19 -155 25 8596 13 6 -501 28 26934 -755 21 30 15068 21 19923 0 -74 29114 27 -252 28 -478 -25 16948 20272 
51 40
-12807 -1381 5902 21939 -4581 19567 24910 49 12918 40 16389 23685 -32541 3025 -2039 60 3761 12322 2845 28369 23524 9383 16737 -30974 -26746 -5806 8139 29 -9921 -2068 16407 22659 -4858 -25301 -19261 -31458 -9460 10026 -25420 32 6974 8999 -26216 14490 -1730 9120 15214 25 31 5612 -9239 -27567 8436 27 16163 29115 4 16684 27910 11 12883 2497 -14785 3095 9672 -6765 -21964 -9398 10 18495 30730 14112 28757 -19003 45 -15573 8768 -19771 11127 3732 -6797 1561 -19915 -27743 -22618 -20814 24 28 -3829 51 6 -22858 14717 27004 -2494 57 14224 -17071 22735 17049 55 -7200 13724 -21368 51 8204 21 10707 27499 26 -3766 3931 1464 30257 -18630 -25710 -20547 1 -417 -9348 14318 -29953 -15615 16422 24224 2894 13585 10085 
-6403 -690 2951 10970 -2290 9784 12455 25 6459 20 8195 11843 -16270 1513 -1019 30 1881 6161 1423 14185 11762 4692 8369 -15487 -13373 -2903 4070 15 -4960 -1034 8204 11330 -2429 -12650 -9630 -15729 -4730 5013 -12710 16 3487 4500 -13108 7245 -865 4560 7607 13 16 2806 -4619 -13783 4218 14 8082 14558 2 8342 13955 6 6442 1249 -7392 1548 4836 -3382 -10982 -4699 5 9248 15365 7056 14379 -9501 23 -7786 4384 -9885 5564 1866 -3398 781 -9957 -13871 -11309 -10407 12 14 -1914 26 3 -11429 7359 13502 -1247 29 7112 -8535 11368 8525 28 -3600 6862 -10684 26 4102 11 5354 13750 13 -1883 1966 732 15129 -9315 -12855 -10273 1 -208 -4674 7159 -14976 -7807 8211 12112 1447 6793 5043 
52 -2
59 3834 12009 15129 58 57 -3746 12 -19309 22731 973 -2807 -17594 54 28953 26426 -18847 -21939 26878 60 31958 52 -6623 -31776 27 -13837 25461 13681 -5182 4041 28246 -11604 43 -21947 20959 0 12 -29053 -3785 28282 30283 17297 15426 54 6891 11838 34 -1361 -31777 -16398 11 63 41 24417 -24131 -9176 -5218 -31703 -877 28655 31883 18893 20628 -16596 20369 20907 58 -18477 4461 -30702 14595 25 12812 14663 8 -26948 37 23948 6699 31 30926 -3065 -14751 0 -27073 -31045 23975 30841 -2694 -16878 -16330 -23622 62 62 9125 -30905 49 32275 -529 -19367 14067 23 16074 -12410 -32510 -12099 50 -24681 -16997 -8469 -4486 -15606 6085 -11177 59 51 10754 -30627 -608 12631 8 56 42 19883 6048 -3437 14 28936 
59 3834 12009 15129 58 57 0 12 0 22731 973 0 0 54 28953 26426 0 0 26878 60 31958 52 0 0 27 0 25461 13681 0 4041 28246 0 43 0 20959 0 12 0 0 28282 30283 17297 15426 54 6891 11838 34 0 0 0 11 63 41 24417 0 0 0 0 0 28655 31883 18893 20628 0 20369 20907 58 0 4461 0 14595 25 12812 14663 8 0 37 23948 6699 31 30926 0 0 0 0 0 23975 30841 0 0 0 0 62 62 9125 0 49 32275 0 0 14067 23 16074 0 0 0 50 0 0 0 0 0 6085 0 59 51 10754 0 0 12631 8 56 42 19883 6048 0 14 28936 
53 18
13 18563 -11579 13 6229 36 -8950 2 -17035 -23618 -11187 10 20188 4363 -15776 -12181 -29607 8 4477 13063 13811 6222 -14918 23999 60 21419 39 34 2839 -20931 -14398 -12425 -28024 30 10249 24327 -7307 -15886 2668 -26492 -13478 607 12607 14 32576 12585 10623 -24811 -12636 -24751 22806 30176 -8169 26 20466 26033 5676 13876 30504 -32107 18383 -13129 10669 -29827 18741 27528 6 12 19745 -16252 -19824 2595 -28547 19670 -5117 -17461 60 13767 9781 7676 -12189 1088 23 22015 -9344 6440 32747 16 -10833 6 6561 -11450 -16923 57 22 -6621 3208 -27256 6794 18 6672 5496 38 -16269 25644 31 -27541 14944 13650 -31250 36 -28179 9251 -421 12619 7322 -30560 -16506 -2745 -5637 9631 28840 -19174 37 -12250 8269 -599 13595 
7 9610 -5662 7 3151 18 -4399 1 -8241 -11278 -5474 5 10482 2200 -7651 -5949 -13968 4 2258 6694 7088 3148 -7247 12548 30 11147 20 17 1427 -10048 -7001 -6065 -13264 15 5225 12727 -3603 -7703 1341 -12577 -6565 304 6455 7 17299 6444 5419 -11819 -6166 -11792 11898 15956 -4021 13 10633 13662 2869 7122 16139 -15071 9514 -6400 5443 -14066 9706 14486 3 6 10245 -7874 -9537 1304 -13497 10204 -2534 -8440 30 7064 4982 3894 -5953 545 12 11469 -4589 3260 17396 8 -5305 3 3322 -5600 -8189 29 11 -3269 1614 -12920 3441 9 3378 2777 19 -7882 13449 16 -13049 7685 7002 -14695 18 -13334 4707 -210 6461 3712 -14391 -7993 -1365 -2788 4904 15213 -9236 19 -5982 4200 -299 6973 
54 7
7313 15097 28010 935 -10616 42 11779 -32747 8009 34 4833 -19789 -10740 -20834 50 55 -11407 6202 -27622 41 27338 -5099 -22762 22133 4663 23616 -11927 23064 -23084 10 28 -7345 -9083 61 37 53 63 24 -9242 8955 17 40 -825 3373 18 4723 31389 -20826 -13958 -11389 17753 -21600 14857 -2241 15541 -12856 24 -11428 4 -24401 -11584 -1300 28806 4842 6366 54 25 -5671 10221 2 -18398 -23689 -4760 24 27789 8712 38 39 30 2 -22949 -8477 3 6720 -20638 21571 -4990 -23937 48 14201 -17004 23792 4 5162 13190 33 -22843 -31236 -17264 5 2476 6543 26161 326 63 33 4034 -10613 -20848 -2182 -6215 7352 31416 56 29686 -3575 -6638 38 -18836 26294 24478 -11744 -27867 1 8109 -27975 8082 11945 
7313 15097 28010 934 0 24 11779 0 8009 19 4833 0 0 0 30 33 0 6202 0 24 27338 0 0 22133 4663 23616 0 23064 0 5 16 0 0 38 21 32 39 13 0 8955 9 23 -1 3373 10 4723 31389 0 0 0 17753 0 14857 0 15541 0 13 0 2 0 0 0 28806 4842 6366 33 14 0 10221 1 0 0 0 13 27789 8712 22 22 17 1 0 0 2 6720 0 21571 0 0 28 14201 0 23792 2 5162 13190 19 0 0 0 3 2476 6543 26161 302 39 19 4034 0 0 0 0 7352 31416 34 29686 0 0 22 0 26294 24478 0 0 1 8109 0 8082 11945 
55 -9
9 25349 -16257 27708 -20687 -30563 7784 -25688 -17433 61 1567 25172 -5439 20 -50 52 4184 19383 -22485 0 13369 -19483 4 32585 233 5628 -27811 8507 -24903 38 25065 6 52 23968 1607 27200 22692 23428 1271 -27155 -28280 -3030 -2846 16053 32223 -15932 29428 57 -4870 26422 -17766 -8108 31 19240 23009 22 54 -22888 27 -32255 25367 7134 18 30202 -21226 -3256 6225 -2270 -1459 45 3015 -8211 -16711 -14969 12356 -3547 7786 -2973 -28775 -25896 44 -13392 24 6578 24257 -25751 3 8667 18 32 31857 22471 -4458 -574 29503 62 483 29 3 11585 3889 -18687 -9248 31972 3743 30592 -11781 -23390 -31158 24018 48 1 11059 31 -21892 -21330 -6429 33 -28674 45 9007 -30080 -6230 30 28234 -6018 -12723 -24403 
9 25349 0 27708 0 0 7784 0 0 61 1567 25172 0 20 0 52 4184 19383 0 0 13369 0 4 32585 233 5628 0 8507 0 38 25065 6 52 23968 1607 27200 22692 23428 1271 0 0 0 0 16053 32223 0 29428 57 0 26422 0 0 31 19240 23009 22 54 0 27 0 25367 7134 18 30202 0 0 6225 0 0 45 3015 0 0 0 12356 0 7786 0 0 0 44 0 24 6578 24257 0 3 8667 18 32 31857 22471 0 0 29503 62 483 29 3 11585 3889 0 0 31972 3743 30592 0 0 0 24018 48 1 11059 31 0 0 0 33 0 45 9007 0 0 30 28234 0 0 0 
56 -30
59 26 -11723 -13572 19308 -23017 40 29889 -13648 2 -12471 -191 26 2629 26 -27192 5774 4346 4050 -18466 -26614 -27186 -8303 11769 20815 28349 9531 30043 30812 -14386 3 23 20 29 -22675 -28450 20182 -6847 -12729 -18647 -31834 9 23 14356 49 -21432 24089 24765 63 7270 34 44 2 2 15571 18 -31781 -15494 -3335 -4213 -8404 -6801 9570 -28874 15 -30566 55 -16468 1 -770 -17438 -1155 58 12928 -30663 23012 14 3610 4914 28376 -28486 5029 -22504 16549 -4453 -10574 -18143 17 6256 31 -13716 -26570 -14748 34 4021 9141 -13884 -29422 -22655 -16662 7612 5448 17126 -6550 9410 14942 -16743 58 27060 7898 27308 6899 4566 -13650 -1275 -9160 555 62 -27467 -17718 1 -32178 29426 43 27 -3707 -6119 -25569 
59 26 0 0 19308 0 40 29889 0 2 0 0 26 2629 26 0 5774 4346 4050 0 0 0 0 11769 20815 28349 9531 30043 30812 0 3 23 20 29 0 0 20182 0 0 0 0 9 23 14356 49 0 24089 24765 63 7270 34 44 2 2 15571 18 0 0 0 0 0 0 9570 0 15 0 55 0 1 0 0 0 58 12928 0 23012 14 3610 4914 28376 0 5029 0 16549 0 0 0 17 6256 31 0 0 0 34 4021 9141 0 0 0 0 7612 5448 17126 0 9410 14942 0 58 27060 7898 27308 6899 4566 0 0 0 555 62 0 0 1 0 29426 43 27 0 0 0 
57 -12
19213 -6210 5651 5189 19883 -24178 -10200 -15433 -4345 15548 8708 -19317 -24858 -15898 -16624 27009 58 -5025 4 -29447 -15307 23133 -8989 59 -8370 46 -5435 34 -12815 -5289 -26056 23197 -23145 32481 9 14478 -29425 46 -15988 58 55 -3361 -21595 26 5 -6842 22109 19 27208 10 32712 21270 -4740 8 -17606 -26283 -11164 10 60 56 11840 -10748 -24173 -5252 -18522 -24907 -12431 -20136 -29868 -11209 -18064 -7836 21 -9963 15168 -7371 -1934 8151 -25194 -27704 13556 21448 1508 16078 46 1317 -22136 14913 -10071 -282 -1766 -25172 -30717 25696 -26384 -3028 -18195 -10959 2 24 -11669 -175 54 8976 28527 42 16345 38 19 13642 7 21892 16098 39 -12287 7711 18784 -17449 -29513 -14833 -14249 -17519 -4764 62 13 7445 56 31 
19213 0 5651 5189 19883 0 0 0 0 15548 8708 0 0 0 0 27009 58 0 4 0 0 23133 0 59 0 46 0 34 0 0 0 23197 0 32481 9 14478 0 46 0 58 55 0 0 26 5 0 22109 19 27208 10 32712 21270 0 8 0 0 0 10 60 56 11840 0 0 0 0 0 0 0 0 0 0 0 21 0 15168 0 0 8151 0 0 13556 21448 1508 16078 46 1317 0 14913 0 0 0 0 0 25696 0 0 0 0 2 24 0 0 54 8976 28527 42 16345 38 19 13642 7 21892 16098 39 0 7711 18784 0 0 0 0 0 0 62 13 7445 56 31 
58 12
31 16 26856 28645 62 55 11085 27 7563 7857 -28176 13123 16 -5108 -7470 -19091 -16743 -25019 21 -11248 25198 29465 48 49 25 17 3 14897 -21284 -1667 32 30796 -16630 29459 -7890 33 60 -9494 37 23162 1669 9 -29924 51 20019 19 19222 1839 13464 29493 63 5681 -15083 -24283 29146 16267 9564 -29695 30765 12615 60 21813 -4728 -15208 49 24249 15614 -26924 -27591 19 23734 -26165 30544 -6899 28 -24935 9 -664 27210 11966 29848 18692 9584 32 23 -21314 -17447 1814 -30592 42 25860 31121 16394 46 -13640 10191 11034 43 61 30703 -31690 28480 -32732 -19494 23169 7044 -3087 29624 22338 13 8 21 -5622 18371 -2642 -27742 27093 -24622 -20938 30590 -29968 45 19 12542 -18863 -1341 -28569 -25804 
16 8 26818 28619 31 28 10391 14 6532 6851 -29 12611 8 -1140 -1038 -179 -276 -56 11 -678 25144 29443 24 25 13 9 2 14515 -117 -666 16 30779 -282 29437 -1004 17 30 -851 19 23081 1002 5 -20 26 19869 10 19048 1122 12979 29471 32 4545 -370 -64 29122 15966 8720 -21 30748 12060 30 21707 -1134 -362 25 24184 15276 -38 -33 10 23662 -44 30526 -1080 14 -56 5 -305 27174 11354 29828 18499 8741 16 12 -116 -243 1105 -18 21 25813 31106 16100 23 -472 9409 10335 22 31 30686 -14 28453 -11 -166 23088 5974 -988 29602 22243 7 4 11 -1137 18166 -909 -31 27057 -60 -125 30572 -20 23 10 11981 -187 -562 -27 -47 
59 40
-16230 15071 45 -5368 -16207 30 24138 29896 35 38 32242 -19234 41 -32266 57 55 21648 56 -705 -22364 29834 -20470 27345 -32147 443 -16699 -3469 -5083 -8094 -18507 -1938 1005 -20122 11075 32459 21053 -14555 -17364 -29962 -18848 28684 -14988 59 550 25950 -1113 -10683 20407 -15051 -24075 30 -28710 11269 -31340 -20 16145 -31175 46 42 6 44 35 -1960 -20807 -16678 4151 10510 59 6 20 30595 -16188 21912 -3992 -8603 27262 53 19430 -5224 -30539 -21770 9 -8978 -7696 17 -26935 39 -19924 -32653 -11234 7851 -31701 -31645 -13397 -21593 25797 -29564 -25486 4449 -27415 7597 16574 25254 24585 23167 14859 16394 -7855 5 -10141 7131 14 -28103 61 21 -1539 32 -16620 -24170 10751 2541 -27369 -27520 11520 12 -28205 13116 -30344 
-8115 7536 23 -2684 -8103 15 12069 14948 18 19 16121 -9617 21 -16133 29 28 10824 28 -352 -11182 14917 -10235 13673 -16073 222 -8349 -1734 -2541 -4047 -9253 -969 503 -10061 5538 16230 10527 -7277 -8682 -14981 -9424 14342 -7494 30 275 12975 -556 -5341 10204 -7525 -12037 15 -14355 5635 -15670 -10 8073 -15587 23 21 3 22 18 -980 -10403 -8339 2076 5255 30 3 10 15298 -8094 10956 -1996 -4301 13631 27 9715 -2612 -15269 -10885 5 -4489 -3848 9 -13467 20 -9962 -16326 -5617 3926 -15850 -15822 -6698 -10796 12899 -14782 -12743 2225 -13707 3799 8287 12627 12293 11584 7430 8197 -3927 3 -5070 3566 7 -14051 31 11 -769 16 -8310 -12085 5376 1271 -13684 -13760 5760 6 -14102 6558 -15172 
60 25
-30976 22642 28334 10302 57 13 24033 13473 -8840 10 5624 11333 9873 -32259 20 -30318 25393 9735 -3573 -5195 15420 7 -11951 -13680 57 -194 38 -12037 -2754 -31388 -29786 15927 -10775 2936 60 -16125 -31967 20 30 11673 30231 18786 1971 17 -25728 57 33 -27933 7 -23813 -21475 50 22686 6716 16632 12887 3074 32 21 -18355 24421 5631 -23287 27233 -26303 35 -2543 -31266 2293 10794 3272 -28637 9896 12 9145 61 -30486 -3880 -445 -7939 2080 -1256 -30277 -4941 -5168 46 39 48 9085 -6578 16068 -11345 16167 -11359 21976 24 27528 -18664 6770 27 8876 32 -22500 -28253 -7043 -6222 -20251 -16947 11427 704 16098 -13210 -18757 -8230 15554 31 4624 8 28549 1705 -13908 37 -1590 -12876 -1054 -29063 -30582 8645 
-15480 11325 14172 5152 29 7 12021 6738 -4419 5 2812 5667 4937 -16122 10 -15152 12701 4868 -1786 -2597 7712 4 -5975 -6838 29 -97 19 -6018 -1377 -15686 -14886 7965 -5387 1468 30 -8061 -15976 10 15 5837 15123 9395 986 9 -12859 29 17 -13961 4 -11902 -10734 25 11347 3358 8318 6445 1537 16 11 -9175 12215 2816 -11639 13621 -13147 18 -1271 -15625 1147 5398 1636 -14313 4949 6 4573 31 -15236 -1940 -222 -3969 1040 -628 -15131 -2470 -2584 23 20 24 4543 -3289 8036 -5672 8085 -5679 10992 12 13769 -9330 3385 14 4439 16 -11246 -14121 -3521 -3111 -10123 -8471 5714 352 8051 -6603 -9376 -4114 7779 16 2312 4 14280 853 -6952 19 -795 -6436 -527 -14524 -15284 4323 
61 -7
28906 8 30539 19405 -4071 -706 10729 28477 -27601 56 11107 13845 5617 23 -14507 12420 -5737 23743 -32723 -21530 11091 15200 12980 -9048 23017 22 2950 36 -9306 26366 -20430 -18713 51 4649 60 26110 14111 -26578 -1726 43 29672 25 25 44 43 -7055 4571 10347 -6533 -23893 31102 13817 -11358 -29103 626 46 48 -23512 33 63 18228 20813 -23104 -23615 26 21372 -6312 36 18 -20832 13706 60 29974 13 -18718 28858 6643 17090 32309 30 -13539 31452 59 -17463 62 1538 24 -2938 33 -30411 20240 -17919 28 7759 7632 7219 9087 -24888 6178 31669 20891 -7500 27905 -29937 29597 5188 11494 57 -6676 -12394 31 -6625 19557 32067 19197 28686 -3152 7 31112 26903 24305 7762 17236 17019 -22862 11961 1776 26719 
28906 8 30539 19405 0 0 10729 28477 0 56 11107 13845 5617 23 0 12420 0 23743 0 0 11091 15200 12980 0 23017 22 2950 36 0 26366 0 0 51 4649 60 26110 14111 0 0 43 29672 25 25 44 43 0 4571 10347 0 0 31102 13817 0 0 626 46 48 0 33 63 18228 20813 0 0 26 21372 0 36 18 0 13706 60 29974 13 0 28858 6643 17090 32309 30 0 31452 59 0 62 1538 24 0 33 0 20240 0 28 7759 7632 7219 9087 0 6178 31669 20891 0 27905 0 29597 5188 11494 57 0 0 31 0 19557 32067 19197 28686 0 7 31112 26903 24305 7762 17236 17019 0 11961 1776 26719 
62 -18
-19253 27588 32 51 -1257 17781 9312 -30051 -543 -20458 22360 -9418 2 28534 -15988 51 39 -31084 2368 7426 31 -25052 47 7313 -13924 44 -10352 -22740 -26459 17438 -10445 1245 53 15296 -14280 -12659 -26941 -18815 21236 8 11050 -29155 14643 56 -20458 54 38 11 -24921 -30307 31882 2471 20984 12800 -23122 22045 22387 29192 -2692 32 -31557 13135 -8140 29903 -21195 17435 -8184 45 7253 -12006 34 8 11726 -7183 1743 25073 -21746 2972 -25212 0 34 9167 58 -4272 3446 -1349 58 -18959 -25237 15211 -25303 -29343 4 -17404 20273 29 21791 17776 -2933 13 -27743 22006 -19629 28037 10 -24916 6073 9411 6517 16630 -16133 -30691 14917 13098 12271 10633 26551 45 57 63 28430 59 20461 15462 -30265 26460 6603 30539 
0 27588 32 51 0 17781 9312 0 0 0 22360 0 2 28534 0 51 39 0 2368 7426 31 0 47 7313 0 44 0 0 0 17438 0 1245 53 15296 0 0 0 0 21236 8 11050 0 14643 56 0 54 38 11 0 0 31882 2471 20984 12800 0 22045 22387 29192 0 32 0 13135 0 29903 0 17435 0 45 7253 0 34 8 11726 0 1743 25073 0 2972 0 0 34 9167 58 0 3446 0 58 0 0 15211 0 0 4 0 20273 29 21791 17776 0 13 0 22006 0 28037 10 0 6073 9411 6517 16630 0 0 14917 13098 12271 10633 26551 45 57 63 28430 59 20461 15462 0 26460 6603 30539 
63 -3
17407 17866 5264 1128 767 28 -24487 21168 50 -23022 10 11 -30873 19280 0 13546 -17752 -28733 20284 22894 13880 -14540 -17452 29696 -29151 25084 13 12202 12 -16370 37 15 63 23811 41 16598 6734 14816 -28420 21837 13467 52 39 52 4 11 -24156 18975 15921 -13321 58 7 -8402 13635 -11945 -14755 -27716 -31590 18851 3 29846 6167 3667 -20597 -16293 -16694 2130 16482 17 43 -14862 30423 24574 15419 -14736 -2841 -26847 52 2277 9277 53 -22356 -1056 662 29913 29 26 17759 -6686 -403 -19205 18294 -18707 11527 -5237 -11317 8536 17091 19619 -7750 -24022 -12267 -31931 55 1987 35 -18878 -6352 1147 39 -9355 32205 -14465 -17103 25426 52 33 31624 47 5533 14641 4 756 26213 -9109 10016 17672 9185 
17407 17866 5264 1128 767 28 0 21168 50 0 10 11 0 19280 0 13546 0 0 20284 22894 13880 0 0 29696 0 25084 13 12202 12 0 37 15 63 23811 41 16598 6734 14816 0 21837 13467 52 39 52 4 11 0 18975 15921 0 58 7 0 13635 0 0 0 0 18851 3 29846 6167 3667 0 0 0 2130 16482 17 43 0 30423 24574 15419 0 0 0 52 2277 9277 53 0 0 662 29913 29 26 17759 0 0 0 18294 0 11527 0 0 8536 17091 19619 0 0 0 0 55 1987 35 0 0 1147 39 0 32205 0 0 25426 52 33 31624 47 5533 14641 4 756 26213 0 10016 17672 9185 
64 -30
33 62 -23176 30637 -7003 45 18245 29109 51 -27407 -17783 30753 47 19 -25420 -30710 -5900 21838 -3103 30291 5304 18822 10855 22960 25 10464 28493 -4829 -12391 -616 -24720 -23821 -13658 15174 -18084 21422 -15403 15308 -11064 15753 -24367 -4877 42 10 49 7 36 4 28 20 54 14963 25777 23017 29491 19323 62 11947 1964 30 -16730 -15051 36 -26943 27059 32 31701 6 19464 -626 6 -18873 -7916 -27356 31033 11401 8086 17371 -10146 42 5988 31235 -17691 45 5536 25589 10 12019 15635 24 -25244 11791 -1729 -27757 833 22450 37 42 0 -10270 28749 61 -14645 -26708 11 -9728 13 -22803 -21625 -12915 -15366 26693 -12765 10585 -6159 25384 10619 -21007 27662 8162 29438 34 -19660 15637 52 2574 -5418 -24242 
33 62 0 30637 0 45 18245 29109 51 0 0 30753 47 19 0 0 0 21838 0 30291 5304 18822 10855 22960 25 10464 28493 0 0 0 0 0 0 15174 0 21422 0 15308 0 15753 0 0 42 10 49 7 36 4 28 20 54 14963 25777 23017 29491 19323 62 11947 1964 30 0 0 36 0 27059 32 31701 6 19464 0 6 0 0 0 31033 11401 8086 17371 0 42 5988 31235 0 45 5536 25589 10 12019 15635 24 0 11791 0 0 833 22450 37 42 0 0 28749 61 0 0 11 0 13 0 0 0 0 26693 0 10585 0 25384 10619 0 27662 8162 29438 34 0 15637 52 2574 0 0 
65 -12
-13501 -20812 27419 -30599 6519 48 3688 30815 -13017 -2076 17574 -6730 6 1255 -18283 -19906 28931 26049 -20443 6647 12296 15304 -25613 28906 22540 21567 16 -6120 30979 22152 57 -10081 -1106 -15328 2274 46 -3572 30412 -25389 -19666 6 -12178 13648 47 -23242 -27206 13 28418 -24822 11138 42 25 47 26277 22 -21209 6846 5 11961 -19574 62 1775 -8260 8 8133 17 16276 -10846 6329 14854 -10064 45 1 10334 30 43 26300 14 16023 7893 7439 -1525 2272 3 31291 18 23668 -11103 25476 -9177 22 -6595 17783 -5715 6163 15428 -9124 4437 -25554 3 -30818 20542 -21094 -24671 14061 -32239 -23102 -11228 15 -21149 42 -14717 -21701 -20980 -16278 -14696 26 13202 -13090 25404 21 19 -3281 -15519 7710 26188 1846 57 
0 0 27419 0 6519 48 3688 30815 0 0 17574 0 6 1255 0 0 28931 26049 0 6647 12296 15304 0 28906 22540 21567 16 0 30979 22152 57 0 0 0 2274 46 0 30412 0 0 6 0 13648 47 0 0 13 28418 0 11138 42 25 47 26277 22 0 6846 5 11961 0 62 1775 0 8 8133 17 16276 0 6329 14854 0 45 1 10334 30 43 26300 14 16023 7893 7439 0 2272 3 31291 18 23668 0 25476 0 22 0 17783 0 6163 15428 0 4437 0 3 0 20542 0 0 14061 0 0 0 15 0 42 0 0 0 0 0 26 13202 0 25404 21 19 0 0 7710 26188 1846 57 
66 12
21940 17 62 -7720 29785 14289 2443 24 -31514 -27051 28792 27601 4521 25 888 5173 46 -8393 54 28263 6108 30624 8109 -3461 22633 -13553 -19826 54 -14703 11932 3804 -27952 3574 352 -11862 5542 -4899 0 -2138 26665 62 13035 45 -31332 11944 25935 9 -28082 -2671 -3985 7500 35 -3807 57 23311 -31564 22494 -30664 -30943 13963 53 5701 28791 -10668 24 -9483 7152 40 26330 31 17233 25969 2784 -7799 -6893 -12247 21 37 -8767 59 -11553 3771 -31314 31 8229 38 3852 26 14112 -17670 21728 -23863 25453 26 -30687 17406 1953 7295 -25190 7 11433 -7777 13925 7390 58 -16121 27594 13044 19 -7716 17708 -32403 13235 -9663 14900 41 10359 43 -14163 29017 14693 2262 7069 22743 58 -18884 12501 29890 
21837 9 31 -1018 29764 13865 1575 12 -14 -36 28767 27568 3395 13 492 4032 23 -958 27 28235 4985 30606 7125 -1040 22543 -478 -155 27 -395 11317 2727 -31 2521 184 -621 4404 -1138 0 -796 26625 31 12516 23 -15 11330 25889 5 -29 -915 -1093 6464 18 -1078 29 23233 -14 22401 -17 -16 13516 27 4566 28766 -735 12 -852 6090 20 26287 16 16980 25923 1848 -1012 -1080 -586 11 19 -923 30 -650 2697 -15 16 7256 19 2770 13 13676 -233 21621 -70 25403 13 -17 17161 1205 6243 -54 4 10772 -1013 13475 6345 29 -309 27561 12525 10 -1018 17476 -12 12732 -835 14518 21 9594 22 -433 28993 14297 1436 6000 22655 29 -186 11937 29870 
67 40
28262 0 30324 28 3 9620 28 -20208 -7577 17 4909 -17323 -31321 31158 25765 -28880 15143 24 50 1467 5603 47 -13633 -13253 55 36 25818 -13420 12353 38 20734 26622 28187 16299 -10798 13794 -15053 34 -20864 31024 15242 -5148 -28146 6352 -17920 -8466 -31388 9 49 -20777 -23955 32180 -9172 -7843 -14461 17287 -15398 -4225 -13822 -11978 -18298 27024 37 28407 28822 6406 -12549 -15860 46 29786 -22212 -32017 10157 -19391 -23434 -13789 21067 18007 -4142 -7885 10 30116 23012 -2806 -19429 -17813 56 34 19 60 -1808 30320 25548 8108 375 24403 -11122 11621 995 29483 19 48 -12335 -28170 14374 -9096 -563 -25941 -17607 99 13 45 2146 15318 -15166 1 44 -377 -21746 -26335 21109 11509 2916 -15437 30 -30966 24 11399 
14131 0 15162 14 2 4810 14 -10104 -3788 9 2455 -8661 -15660 15579 12883 -14440 7572 12 25 734 2802 24 -6816 -6626 28 18 12909 -6710 6177 19 10367 13311 14094 8150 -5399 6897 -7526 17 -10432 15512 7621 -2574 -14073 3176 -8960 -4233 -15694 5 25 -10388 -11977 16090 -4586 -3921 -7230 8644 -7699 -2112 -6911 -5989 -9149 13512 19 14204 14411 3203 -6274 -7930 23 14893 -11106 -16008 5079 -9695 -11717 -6894 10534 9004 -2071 -3942 5 15058 11506 -1403 -9714 -8906 28 17 10 30 -904 15160 12774 4054 188 12202 -5561 5811 498 14742 10 24 -6167 -14085 7187 -4548 -281 -12970 -8803 50 7 23 1073 7659 -7583 1 22 -188 -10873 -13167 10555 5755 1458 -7718 15 -15483 12 5700 
68 8
-31489 26667 31020 -28677 7953 -30182 15389 16250 -21679 -27025 -5771 -22582 -30162 -31969 -12394 5181 61 -4169 58 29963 27695 22209 15975 -16372 3 -25124 -22414 -8359 5058 -2711 -25333 11248 -14050 56 10293 -5891 -25772 45 -25587 -24011 -5542 22 -14588 -22602 -16242 5183 23704 36 15065 -24609 3333 -28004 -30118 8364 -29896 3137 27655 -25184 27734 30252 32735 -11115 4 22931 -4528 17696 14 49 2438 8207 -8393 -9241 1068 29413 29 18075 57 37 2242 -20092 986 6 10478 28057 -11874 16 -21100 -2669 15696 7 7289 -31480 -17121 -31398 2283 -3408 -13543 -25527 16 -13844 22 28183 41 209 13 -336 23256 46 28 -12920 49 22759 57 48 21 5580 63 36 8091 99 4 -22759 11465 12503 15939 2738 -9483 -18558 
0 26667 31020 0 7953 0 15389 16250 0 0 0 0 0 0 0 5181 34 0 32 29963 27695 22209 15975 0 2 0 0 0 5058 0 0 11248 0 31 10293 0 0 24 0 0 0 11 0 0 0 5183 23704 19 15065 0 3333 0 0 8364 0 3137 27655 0 27734 30252 32735 0 2 22931 0 17696 7 27 2438 8207 0 0 1052 29413 15 18075 32 20 2242 0 965 3 10478 28057 0 8 0 0 15696 4 7289 0 0 0 2283 0 0 0 8 0 11 28183 22 145 7 -71 23256 25 15 0 27 22759 32 26 11 5580 35 19 8091 59 2 0 11465 12503 15939 2738 0 0 
69 -14
-13204 -14567 34 27916 17 -15808 14289 14 2 15099 20475 44 -32057 159 19521 -26126 20263 10856 46 31009 -12216 -1392 -12628 52 -8902 -13671 9682 8366 11947 2887 18 -4016 58 -4124 -13262 6731 -8596 -2306 -8076 -31850 -19180 28 -15791 2 42 36 -15211 -31494 44 20 35 11669 27168 4537 -28619 -496 21382 29 8 -7521 -21707 5810 26361 1086 28 -23485 21212 3281 -1996 17822 -24232 4216 -32063 -20179 8 -7282 2248 -334 14 1 -28255 14668 1726 58 55 -5586 45 9930 27623 -27260 20238 36 -22723 -9880 -24186 22 8295 -30088 -25606 8622 -1022 30311 -27005 16834 4 -32416 -14147 -12929 28552 24019 61 27306 28553 2983 12310 7975 -28562 20426 8683 18075 -30381 27021 19 5086 53 39 2635 6 
0 0 34 27916 17 0 14289 14 2 15099 20475 44 0 159 19521 0 20263 10856 46 31009 0 0 0 52 0 0 9682 8366 11947 2887 18 0 58 0 0 6731 0 0 0 0 0 28 0 2 42 36 0 0 44 20 35 11669 27168 4537 0 0 21382 29 8 0 0 5810 26361 1086 28 0 21212 3281 0 17822 0 4216 0 0 8 0 2248 0 14 1 0 14668 1726 58 55 0 45 9930 27623 0 20238 36 0 0 0 22 8295 0 0 8622 0 30311 0 16834 4 0 0 0 28552 24019 61 27306 28553 2983 12310 7975 0 20426 8683 18075 0 27021 19 5086 53 39 2635 6 
70 1
13512 -27762 43 8122 -26037 -12221 61 1 23980 30 -27105 30989 -2938 -8623 -23081 20 -31622 46 -19672 -22287 6015 30170 3793 57 3462 -4833 63 -22802 28686 -28336 11 -17007 17803 -821 5927 -6143 17921 26998 -19889 10 -24365 4 -23025 3141 4 6 10828 -3676 5715 11912 -27817 7 57 -13939 39 -21562 -19762 -24211 11545 16 21 -8997 741 23176 7339 0 14243 -30626 -20281 17528 -28196 10682 -19190 48 24088 56 16992 -897 -2797 -3488 15 50 -1002 7219 28454 -4261 -17304 -10956 34 12752 -1162 2747 -10017 27 42 -27901 -24213 -1602 21471 -20913 -14625 -17027 -9826 -17405 1282 11318 -3716 24 3 -12663 13606 24 49 18718 2539 26833 -2539 6 52 -15455 -10664 31905 -23093 11669 -19541 46 14 9790 
13512 0 43 8122 0 0 61 1 23980 30 0 30989 0 0 0 20 0 46 0 0 6015 30170 3793 57 3462 0 63 0 28686 0 11 0 17803 0 5927 0 17921 26998 0 10 0 4 0 3141 4 6 10828 0 5715 11912 0 7 57 0 39 0 0 0 11545 16 21 0 741 23176 7339 0 14243 0 0 17528 0 10682 0 48 24088 56 16992 0 0 0 15 50 0 7219 28454 0 0 0 34 12752 0 2747 0 27 42 0 0 0 21471 0 0 0 0 0 1282 11318 0 24 2 0 13606 24 49 18718 2539 26833 0 6 52 0 0 31905 0 11669 0 46 14 9790 
71 -21
-11519 20463 54 27949 7958 47 -3837 19 -1997 -7167 -32615 24 658 -23345 33 57 31638 -19199 13984 -28785 -13233 -9044 13469 -17208 -21219 53 -8477 -21619 17661 12 -29998 18668 7 10880 24 -27454 -16685 35 19725 13 25 23298 -16138 18534 11255 10 -20773 -5249 -7622 -457 36 28127 15 -11454 53 30 -21852 8085 33 -13259 21781 -25547 923 -10683 -25209 31110 12171 -11035 -23775 55 -4301 31481 -11703 -5048 20246 2 23 -13356 -12312 20075 13 7 63 15884 26941 -337 19251 -25875 42 22352 -20143 -12108 23489 -30022 -4446 7263 -9495 -32490 -9908 6 3 -14374 -28120 5271 -7771 44 -13951 6183 -31974 3256 29 -31139 20264 -1114 17405 -22697 5769 53 5539 60 20140 -28305 55 -879 -5156 -12881 179 28464 
0 20463 54 27949 7958 47 0 19 0 0 0 24 658 0 33 57 31638 0 13984 0 0 0 13469 0 0 53 0 0 17661 12 0 18668 7 10880 24 0 0 35 19725 13 25 23298 0 18534 11255 10 0 0 0 0 36 28127 15 0 53 30 0 8085 33 0 21781 0 923 0 0 31110 12171 0 0 55 0 31481 0 0 20246 2 23 0 0 20075 13 7 63 15884 26941 0 19251 0 42 22352 0 0 23489 0 0 7263 0 0 0 6 3 0 0 5271 0 44 0 6183 0 3256 29 0 20264 0 17405 0 5769 53 5539 60 20140 0 55 0 0 0 179 28464 
72 -30
51 -6291 -22180 3470 -2594 18920 -16119 53 25995 7 -22785 56 9 -13695 -12644 -8767 86 -14949 -17344 -20641 9136 14236 63 8461 -26042 26 37 -15575 26020 -22997 -25673 9662 2 29125 16297 19669 20 -27448 -23522 -30461 -18957 21948 -22526 -10464 -26620 51 2840 22 -20989 20 6524 45 10 56 -1876 -10324 5479 26589 6991 20004 486 38 -14412 -11731 57 -12694 26 39 2550 -27399 20 -24976 44 6 -18309 13638 -6084 -16749 -22699 30 45 -7960 21 1596 2 0 14636 11728 -4939 20805 3 58 15194 7441 31 -10499 -6598 -20314 -15289 17598 -19265 7667 -3817 60 61 -17538 -31042 10537 15506 -3275 -17332 -15735 10830 -31149 -20320 -17242 -24659 -11830 -5891 -8483 209 0 18225 -10974 21968 5057 6913 25527 
51 0 0 3470 0 18920 0 53 25995 7 0 56 9 0 0 0 86 0 0 0 9136 14236 63 8461 0 26 37 0 26020 0 0 9662 2 29125 16297 19669 20 0 0 0 0 21948 0 0 0 51 2840 22 0 20 6524 45 10 56 0 0 5479 26589 6991 20004 486 38 0 0 57 0 26 39 2550 0 20 0 44 6 0 13638 0 0 0 30 45 0 21 1596 2 0 14636 11728 0 20805 3 58 15194 7441 31 0 0 0 0 17598 0 7667 0 60 61 0 0 10537 15506 0 0 0 10830 0 0 0 0 0 0 0 209 0 18225 0 21968 5057 6913 25527 
73 -12
9 -4816 14263 4474 15193 18740 23715 36 6043 48 18726 -10861 5719 12812 -10819 -21183 -31365 786 4625 7027 -4212 -18642 -8067 54 36 -2736 -23759 1 46 -32342 -20326 11420 1916 56 11790 18171 29397 59 27955 879 -3049 29025 -8486 13199 29 59 -23121 28 3982 28031 7869 30 3 -25720 13150 -5762 26 -27409 -13039 43 2175 19 32 -23506 63 8970 3764 5377 13467 3 4 15200 27689 -11743 -26575 982 6412 -16947 16090 -13005 4285 3866 4 7273 7750 -10180 25 -1049 -20386 -31301 3747 -16867 -32205 10 -24946 -25687 16877 42 13561 36 57 12020 59 19895 45 -21751 -27905 43 27137 18253 16 -25804 -5675 39 14578 -14730 23924 12935 -7998 38 13926 -20018 596 -2919 1132 29 -8505 55 
9 0 14263 4474 15193 18740 23715 36 6043 48 18726 0 5719 12812 0 0 0 786 4625 7027 0 0 0 54 36 0 0 1 46 0 0 11420 1916 56 11790 18171 29397 59 27955 879 0 29025 0 13199 29 59 0 28 3982 28031 7869 30 3 0 13150 0 26 0 0 43 2175 19 32 0 63 8970 3764 5377 13467 3 4 15200 27689 0 0 982 6412 0 16090 0 4285 3866 4 7273 7750 0 25 0 0 0 3747 0 0 10 0 0 16877 42 13561 36 57 12020 59 19895 45 0 0 43 27137 18253 16 0 0 39 14578 0 23924 12935 0 38 13926 0 596 0 1132 29 0 55 
74 12
-30197 2493 14193 40 21376 53 -9030 -22322 -23187 -2398 -2765 -10059 23909 30 7427 -22569 1 11 22 5374 -17027 16 28782 -11886 -16200 16404 -31842 -2996 29 16295 -22355 13311 13988 -239 16753 -1270 -29163 32741 -7512 38 -8353 30 -25775 -20705 46 3549 51 -4688 2912 -19290 32 -25777 4 -14395 6323 16728 -29055 -9585 58 -16591 11004 57 -13321 4 1859 34 21 11082 38 25220 -22208 -18841 7 31 12594 22 -21524 -6764 23702 16728 -6068 -4882 -13522 14 9737 22050 22 63 -4792 -25703 52 -31958 36 -19873 18022 49 48 47 1019 26365 7 29621 44 28 13819 -1096 28152 30675 29066 -10461 -18970 1 -19684 25 58 14560 30037 54 48 27407 -28682 -7900 -6610 57 29324 5130 -20932 57 
-19 1615 13762 20 21261 27 -897 -95 -81 -858 -933 -795 23840 15 6385 -91 1 6 11 4234 -262 8 28757 -619 -305 16110 -14 -973 15 15996 -95 12814 13543 -116 16477 -537 -23 32730 -1035 19 -962 15 -48 -131 23 2498 26 -1132 1953 -172 16 -47 2 -416 5210 16451 -24 -842 29 -284 10302 29 -496 2 1137 17 11 10388 19 25167 -98 -187 4 16 12037 11 -112 -1089 23630 16451 -1124 -1137 -480 7 8910 21949 11 32 -1135 -49 26 -13 18 -154 17803 25 24 24 573 26323 4 29599 22 14 13361 -475 28123 30658 29042 -755 -183 1 -160 13 29 14155 30018 27 24 27373 -26 -1003 -1098 29 29302 3990 -126 29 
75 40
-14141 -1121 1788 25508 6319 32 37 40 22798 58 8 -6808 -21100 -32391 -29406 -30042 25383 29198 22 -32555 15637 8947 29506 33 15 -21722 22 18 -18300 -15948 -18535 -3400 5830 23981 -24505 -6045 -15141 27791 -16335 -26964 -7053 32497 8211 47 49 28724 -10187 8148 2 26054 18 50 3413 30637 -22785 13 23094 4008 -15107 47 2 8428 -4576 61 -30741 27292 -5451 5088 31440 23 15198 16192 52 -22336 6498 6097 31 -31390 9631 -28328 23 49 42 60 10 -6673 57 5640 -7979 -23536 12260 -23182 12 7922 -1340 -7756 -7448 24404 -26092 9075 25755 -9353 56 -8371 -13211 5 43 -26611 -12878 -13105 25 56 19725 -21520 26 -21214 2 -22351 -4501 19472 -17285 10 50 44 7199 7 32 -20984 
-7070 -560 894 12754 3160 16 19 20 11399 29 4 -3404 -10550 -16195 -14703 -15021 12692 14599 11 -16277 7819 4474 14753 17 8 -10861 11 9 -9150 -7974 -9267 -1700 2915 11991 -12252 -3022 -7570 13896 -8167 -13482 -3526 16249 4106 24 25 14362 -5093 4074 1 13027 9 25 1707 15319 -11392 7 11547 2004 -7553 24 1 4214 -2288 31 -15370 13646 -2725 2544 15720 12 7599 8096 26 -11168 3249 3049 16 -15695 4816 -14164 12 25 21 30 5 -3336 29 2820 -3989 -11768 6130 -11591 6 3961 -670 -3878 -3724 12202 -13046 4538 12878 -4676 28 -4185 -6605 3 22 -13305 -6439 -6552 13 28 9863 -10760 13 -10607 1 -11175 -2250 9736 -8642 5 25 22 3600 4 16 -10492 
76 29
-4798 -14689 608 -18723 31918 -31576 -1732 -8030 -26895 4 -24318 -5193 17220 3 -4573 13076 14059 1 22868 -29109 10675 15 32681 -22543 61 3427 -12800 57 52 15 -1344 29167 -31238 -3469 -13785 -14258 -4134 19792 -9838 32251 6 -1551 31572 16609 4102 13 -7782 -194 34 -5975 -20696 62 4466 -21112 26795 13457 36 -2480 40 32707 31301 -24100 24272 33 16 26941 41 19475 -19211 31408 13300 -5842 58 3472 -85 23110 49 30966 58 57 -13789 18341 6971 3596 30 24976 29 4 -21237 -28599 -30558 -8270 2541 -7250 -28136 -26157 -25110 13456 -1379 23 10 47 -6346 10 46 -20633 10556 5058 20734 -16802 23491 4901 -29206 2391 29823 4 -3198 -11364 32624 -25446 38 -32387 12686 31944 5385 -5914 22 -25639 
-2399 -7344 304 -9361 15959 -15788 -866 -4015 -13447 2 -12159 -2596 8610 2 -2286 6538 7030 1 11434 -14554 5338 8 16341 -11271 31 1714 -6400 29 26 8 -672 14584 -15619 -1734 -6892 -7129 -2067 9896 -4919 16126 3 -775 15786 8305 2051 7 -3891 -97 17 -2987 -10348 31 2233 -10556 13398 6729 18 -1240 20 16354 15651 -12050 12136 17 8 13471 21 9738 -9605 15704 6650 -2921 29 1736 -42 11555 25 15483 29 29 -6894 9171 3486 1798 15 12488 15 2 -10618 -14299 -15279 -4135 1271 -3625 -14068 -13078 -12555 6728 -689 12 5 24 -3173 5 23 -10316 5278 2529 10367 -8401 11746 2451 -14603 1196 14912 2 -1599 -5682 16312 -12723 19 -16193 6343 15972 2693 -2957 11 -12819 
77 17
26 14022 -22385 -24912 59 -29482 17535 22440 55 4776 8917 -20771 7 -16174 13 63 25 243 26 22126 -9596 42 54 -8599 14374 9268 -27335 12352 25619 63 57 25 25511 -14179 26 17206 11683 21130 -28898 13 -22408 6 3783 -30628 3196 9651 -26580 -6875 -20236 26256 -28626 46 29512 17507 22 22903 -19139 62 -18892 -9398 21189 10775 -26015 -15737 9712 30106 -31910 -24915 32234 20110 22342 -516 29952 47 2 4045 -15718 -10003 1354 -8043 2538 30476 37 8074 833 -28406 59 32507 -7513 -17187 19279 28972 -17594 -5482 -18666 32408 2459 5 23443 30 3097 -32538 -10354 30246 2235 7085 21176 16764 -4437 -9152 5 18881 31039 57 -11062 -17801 -7679 19697 -19365 -20903 29079 29 23 -5204 15284 -2907 -29796 16610 
13 7385 -10239 -11277 30 -13091 9353 12177 28 2431 4610 -9565 4 -7589 7 32 13 122 13 11993 -4622 21 27 -4158 7580 4798 -12249 6467 14058 32 29 13 13993 -6707 13 9167 6101 11414 -12863 7 -10249 3 1919 -13533 1618 5003 -11947 -3347 -9339 14439 -12756 23 16410 9337 11 12450 -8872 31 -8767 -4530 11449 5609 -11721 -7396 5036 16774 -14023 -11277 18088 10824 12120 -257 16680 24 1 2054 -7388 -4810 680 -3898 1281 17000 19 4161 418 -12669 30 18259 -3649 -8031 10347 16079 -8207 -2684 -8670 18198 1241 3 12767 15 1567 -14259 -4972 16859 1127 3638 11442 8918 -2181 -4416 3 10119 17349 29 -5298 -8297 -3727 10587 -8969 -9620 16146 15 12 -2550 8087 -1437 -13212 8831 
78 -29
60 44 21634 16543 -25613 17844 28551 48 -12641 260 49 5448 24133 12342 31004 -19860 -10014 -22889 11149 25 12 -10844 -25627 17575 -3569 32 -10701 5802 7 46 -16619 -24268 32 7183 28661 -21240 32759 13 17 38 -28670 57 46 -17367 -9072 30336 -20475 -19873 16 20623 3 -5088 -863 -2147 10 12289 -1458 -3549 6511 29 49 28994 -8389 -32288 -12988 8431 -28743 -24429 46 -6162 -24610 10280 25 -30881 -31424 -26996 958 -1014 2 -6272 -14148 19720 -23349 21672 19178 2513 -17417 14065 9 16 30155 14 -19037 -24399 -29959 -5815 38 13759 6810 -31558 6948 786 17434 14569 -29113 19601 33 -8086 36 -11573 26490 21 16 5 11926 -16015 -8563 -8438 0 14703 58 -14320 -6712 40 20989 -11430 -3767 11691 
60 44 21634 16543 0 17844 28551 48 0 260 49 5448 24133 12342 31004 0 0 0 11149 25 12 0 0 17575 0 32 0 5802 7 46 0 0 32 7183 28661 0 32759 13 17 38 0 57 46 0 0 30336 0 0 16 20623 3 0 0 0 10 12289 0 0 6511 29 49 28994 0 0 0 8431 0 0 46 0 0 10280 25 0 0 0 958 0 2 0 0 19720 0 21672 19178 2513 0 14065 9 16 30155 14 0 0 0 0 38 13759 6810 0 6948 786 17434 14569 0 19601 33 0 36 0 26490 21 16 5 11926 0 0 0 0 14703 58 0 0 40 20989 0 0 11691 
79 -19
9152 16055 -26621 58 -15464 30606 -11792 18605 10832 10 -18279 1998 14262 19784 2587 61 4904 -15305 -30180 -8508 28 -5211 -12078 28900 1911 43 3 20639 27742 62 -9131 30077 42 8670 9931 32 60 611 -7168 41 4090 32 29179 -4223 6653 -28178 8 55 -27085 922 43 31348 -25777 5 -20061 -30606 17243 62 23205 5936 17965 -10533 -10082 13901 35 9 59 -503 -15327 -18621 27 -891 9950 36 -28342 38 3296 -26073 -5712 -11491 -11030 31 -21600 63 -24718 -18483 27212 -31039 -32756 -8715 12067 -5040 23171 -15994 3815 21453 15692 36 26877 -19081 21 -20861 -24352 34 30578 50 1 25 -11314 22375 11005 -12099 51 18066 19060 -31540 18948 12266 -932 10 -10182 -31091 -25743 4559 -26735 -31684 20995 5916 
9152 16055 0 58 0 30606 0 18605 10832 10 0 1998 14262 19784 2587 61 4904 0 0 0 28 0 0 28900 1911 43 3 20639 27742 62 0 30077 42 8670 9931 32 60 611 0 41 4090 32 29179 0 6653 0 8 55 0 922 43 31348 0 5 0 0 17243 62 23205 5936 17965 0 0 13901 35 9 59 0 0 0 27 0 9950 36 0 38 3296 0 0 0 0 31 0 63 0 0 27212 0 0 0 12067 0 23171 0 3815 21453 15692 36 26877 0 21 0 0 34 30578 50 1 25 0 22375 11005 0 51 18066 19060 0 18948 12266 0 10 0 0 0 4559 0 0 20995 5916 
80 -30
-12011 62 29129 12845 -30160 26191 -1623 2898 24905 29771 293 -2737 42 -9134 -21860 609 -32487 31 -13930 -4371 26 6 15 15 30782 43 -8401 32734 -25737 -17139 41 12661 25141 -21251 56 -2794 3 -10817 -8828 -24316 37 18967 17772 -18267 -25132 36 -18846 -13788 28 18071 23 -13621 -20919 16173 22 21898 -28507 -26835 -14082 28338 -12475 45 -29459 40 20077 35 -5739 864 13814 15787 17109 12 15731 -10023 28618 -9074 23651 18944 21558 5 24963 11754 9046 38 6 -14862 25955 -7569 18804 53 56 -5611 -31811 23 -7935 11982 12542 12226 32 -15380 47 -180 13 57 -2206 10538 -26599 19 -1774 54 53 -16484 15204 -29275 68 5 52 -30944 17491 3 -22130 48 -24795 3 -6870 20 15672 -12461 
0 62 29129 12845 0 26191 0 2898 24905 29771 293 0 42 0 0 609 0 31 0 0 26 6 15 15 30782 43 0 32734 0 0 41 12661 25141 0 56 0 3 0 0 0 37 18967 17772 0 0 36 0 0 28 18071 23 0 0 16173 22 21898 0 0 0 28338 0 45 0 40 20077 35 0 864 13814 15787 17109 12 15731 0 28618 0 23651 18944 21558 5 24963 11754 9046 38 6 0 25955 0 18804 53 56 0 0 23 0 11982 12542 12226 32 0 47 0 13 57 0 10538 0 19 0 54 53 0 15204 0 68 5 52 0 17491 3 0 48 0 3 0 20 15672 0 
81 -12
-15743 2353 2909 3 6 -27114 39 -27494 -11953 -6013 -6055 -18762 -13877 5046 17019 -23944 -19018 6211 8587 9614 16675 -32028 8287 16992 7139 -22019 -14530 16559 -30262 57 12446 -23635 61 20 3738 -994 12172 2 28910 39 49 31524 -20515 -23555 -7526 7350 -10213 21972 7784 51 -4849 -29924 -8420 2 -19084 5755 32564 28662 44 5534 27398 2 23 29961 -8385 22 -8217 42 -28258 -14354 24487 12647 39 -11185 3855 21839 9 -17866 40 12289 13320 6 -29199 21174 -25508 -7127 15 20 -3078 8947 10 -25653 7205 -4138 -13415 -601 6964 -4957 -17193 56 11471 56 26028 35 -20504 -3368 1 3115 9933 9 2691 18163 3 11 -21028 -7259 -25604 -17159 45 4903 2 28273 29998 10 24 -32356 28256 -17948 
0 2353 2909 3 6 0 39 0 0 0 0 0 0 5046 17019 0 0 6211 8587 9614 16675 0 8287 16992 7139 0 0 16559 0 57 12446 0 61 20 3738 0 12172 2 28910 39 49 31524 0 0 0 7350 0 21972 7784 51 0 0 0 2 0 5755 32564 28662 44 5534 27398 2 23 29961 0 22 0 42 0 0 24487 12647 39 0 3855 21839 9 0 40 12289 13320 6 0 21174 0 0 15 20 0 8947 10 0 7205 0 0 0 6964 0 0 56 11471 56 26028 35 0 0 1 3115 9933 9 2691 18163 3 11 0 0 0 0 45 4903 2 28273 29998 10 24 0 28256 0 
82 12
10173 -31932 -20767 13419 42 -3501 9134 -31616 22651 57 53 22207 -31328 17536 29346 -23814 31645 28820 -16183 20250 11 30 -1189 -19199 31724 1885 30958 30 -23581 -17293 24 -25789 -13733 16 -7218 -6660 18183 -7217 1790 -19138 -11407 -27957 29564 865 10 -18780 6644 -425 -9465 63 44 16915 -22655 -28377 -21431 58 35 41 33 39 -31619 -13662 29 -25761 60 -5477 31 -15723 -3071 60 -17733 -14741 40 -25920 1 -14816 15952 -16539 26420 3901 -18286 21 50 -9137 15 30851 32 6 -32708 10144 19094 -10472 -23561 22152 24865 -22549 -9931 -5301 -17998 32571 6890 51 9109 -26867 -16439 34 14769 11670 26 6725 -19138 -2406 31704 28532 22 8512 -16541 -21842 10364 26981 32029 16 11098 42 -16174 25729 16682 26177 
9389 -13 -130 12930 21 -1045 8247 -14 22561 29 27 22109 -15 17297 29324 -71 31631 28794 -306 20107 6 15 -509 -175 31710 1156 30942 15 -74 -250 12 -47 -464 8 -1058 -1095 17971 -1058 1088 -178 -664 -31 29542 478 5 -190 5548 -201 -854 32 22 16647 -89 -28 -114 29 18 21 17 20 -14 -470 15 -48 30 -1139 16 -332 -985 30 -231 -393 20 -46 1 -387 15634 -287 26378 2815 -208 11 25 -887 8 30834 16 3 -11 9357 18915 -754 -75 22053 24807 -92 -808 -1141 -220 32559 5809 26 8219 -38 -292 17 14378 11031 13 5634 -178 -860 31690 28505 11 7565 -287 -105 9599 26944 32016 8 10405 21 -306 25681 16403 26133 
83 40
33 -2122 56 -24573 -10735 9329 24556 14612 31 4 -30582 -14281 21 27665 10 -25300 7707 -5339 -1445 22827 -14632 59 -18287 31560 -7806 -23219 46 5373 -15882 24755 27630 -7534 59 14199 5 0 -28698 13028 5286 -22703 -25444 -8088 31 18 23975 62 -12111 -19568 8530 20534 -17588 -23653 35 -8020 9317 7453 27 28 8 22946 -31644 16874 56 5019 -10086 -5077 -14622 472 14 7280 42 555 -27888 49 -32362 -1487 22184 -6592 -12929 -13404 62 25346 6 22176 9488 6 -8004 37 -23974 32523 8 2835 22033 17974 52 -9632 10751 -27348 -21337 3989 -27517 8982 10724 57 -20865 -21809 -6698 -25980 2 12963 -8306 24052 63 -28353 -2624 -18802 16069 -27895 27656 13265 17187 8023 5 16 27071 18 4660 29699 
17 -1061 28 -12286 -5367 4665 12278 7306 16 2 -15291 -7140 11 13833 5 -12650 3854 -2669 -722 11414 -7316 30 -9143 15780 -3903 -11609 23 2687 -7941 12378 13815 -3767 30 7100 3 0 -14349 6514 2643 -11351 -12722 -4044 16 9 11988 31 -6055 -9784 4265 10267 -8794 -11826 18 -4010 4659 3727 14 14 4 11473 -15822 8437 28 2510 -5043 -2538 -7311 236 7 3640 21 278 -13944 25 -16181 -743 11092 -3296 -6464 -6702 31 12673 3 11088 4744 3 -4002 19 -11987 16262 4 1418 11017 8987 26 -4816 5376 -13674 -10668 1995 -13758 4491 5362 29 -10432 -10904 -3349 -12990 1 6482 -4153 12026 32 -14176 -1312 -9401 8035 -13947 13828 6633 8594 4012 3 8 13536 9 2330 14850 
84 -6
-17542 466 18222 4073 13 -13265 -19292 2811 27208 16522 -979 -6018 -3981 28657 194 11283 -2496 -23265 60 2684 40 22683 31 -4467 -18717 16 -3811 -32170 -9853 -18636 19567 -25795 -3760 12898 19 33 29261 17285 12 31192 35 -7538 26762 55 41 -7996 -23072 -9484 7073 20459 -13561 19764 -32020 17308 -5820 -3932 -23605 11411 -16896 4913 -19693 8092 11899 56 23574 -9843 -20614 30502 6324 -31972 -8454 14171 -76 -13476 26348 53 -5916 -10682 20333 28 19123 15414 30744 22 -27529 -2410 -6692 -28462 44 -6338 -19674 20056 -25714 -22637 2745 15909 13651 1327 -19943 38 20 36 -24689 5380 29101 -28258 48 -11480 -14618 8 24691 30653 0 -16214 -27723 10 1 -32579 13514 28064 -11755 35 17143 6547 -10243 16708 -12733 23538 
0 466 18222 4073 13 0 0 2811 27208 16522 0 0 0 28657 194 11283 0 0 60 2684 40 22683 31 0 0 16 0 0 0 0 19567 0 0 12898 19 33 29261 17285 12 31192 35 0 26762 55 41 0 0 0 7073 20459 0 19764 0 17308 0 0 0 11411 0 4913 0 8092 11899 56 23574 0 0 30502 6324 0 0 14171 0 0 26348 53 0 0 20333 28 19123 15414 30744 22 0 0 0 0 44 0 0 20056 0 0 2745 15909 13651 1327 0 38 20 36 0 5380 29101 0 48 0 0 8 24691 30653 0 0 0 10 1 0 13514 28064 0 35 17143 6547 0 16708 0 23538 
85 -1
-17635 25036 41 1997 -1555 -4944 23 12758 -5480 -25689 -19081 5947 13815 12924 -15760 -1748 46 -29040 14192 22653 10026 34 25 16074 28659 10079 -31266 -11192 -31419 -20785 22943 -3294 32 11361 -168 -7879 -22468 -11574 19592 -10825 -2336 -27912 30086 -25181 12142 31665 -4764 4 -32538 -19268 16546 5045 17 21704 -24433 -16524 -9855 -24586 14151 -25809 32333 0 63 9276 -11478 8 27942 -4343 -30187 -12835 31 19044 -22779 -22853 15400 14708 -30608 30609 10505 51 18748 -14172 -14327 28 -5943 1646 28917 16869 2684 20294 -22194 23828 14888 -2897 -14609 3891 10 -30359 33 -18535 32531 59 17806 28387 27307 9531 -26276 8 -16257 58 4 27722 48 15621 58 288 5120 -15619 -31531 -29110 -12476 17553 35 17584 46 -5505 9781 30 
0 25036 41 1997 0 0 23 12758 0 0 0 5947 13815 12924 0 0 46 0 14192 22653 10026 34 25 16074 28659 10079 0 0 0 0 22943 0 32 11361 0 0 0 0 19592 0 0 0 30086 0 12142 31665 0 4 0 0 16546 5045 17 21704 0 0 0 0 14151 0 32333 0 63 9276 0 8 27942 0 0 0 31 19044 0 0 15400 14708 0 30609 10505 51 18748 0 0 28 0 1646 28917 16869 2684 20294 0 23828 14888 0 0 3891 10 0 33 0 32531 59 17806 28387 27307 9531 0 8 0 58 4 27722 48 15621 58 288 5120 0 0 0 0 17553 35 17584 46 0 9781 30 
86 16
-8580 -7081 -24112 9 13996 32359 -30696 17520 7434 -20428 -28891 13451 -1649 63 -9772 -21250 -1617 15296 34 17274 3 -30204 -23189 -20190 21313 17828 -12854 21109 13 17523 50 -20052 -6630 -27728 18837 5617 -18977 -15950 -13621 16534 -25839 6 -5673 -9924 3215 11905 20399 29 6564 -663 -4298 29603 -5872 -125 27 -13340 27470 1964 280 59 53 -20430 26 52 57 20484 3081 25 -8118 -14090 8 -1440 11179 7717 -21029 7 22785 -29969 16 -22415 -3952 4 11778 21692 17921 26114 41 -32767 -15425 5193 -28172 19676 44 19029 -16327 -26046 -27648 36 -22088 26305 26658 47 2 9755 28 -1695 -6391 36 10091 23 -32446 -26017 28146 19 -14477 13 23980 -14622 25 4546 25 46 -8617 27877 -17406 42 -20478 -6269 
-4010 -3349 -9863 5 7742 20094 -11819 9924 3928 -8635 -11312 7413 -814 32 -4522 -8918 -799 8536 17 9769 2 -11682 -9565 -8552 12374 10119 -5799 12239 7 9926 25 -8505 -3148 -10974 10762 2929 -8125 -7009 -6106 9304 -10406 3 -2714 -4587 1647 6492 11774 15 3446 -330 -2078 18088 -2805 -62 14 -5993 16572 997 140 30 27 -8636 13 26 29 11829 1577 13 -3808 -6290 4 -712 6065 4085 -8843 4 13353 -11618 8 -9310 -1916 2 6417 12625 10178 15624 21 -12371 -6809 2700 -11104 11304 22 10886 -7153 -10469 -10951 18 -9201 15757 16002 24 1 5240 14 -837 -3040 18 5433 12 -12287 -10461 17049 10 -6442 7 14160 -6499 13 2352 13 23 -4026 16858 -7554 21 -8652 -2985 
87 -8
57 37 -7208 -19485 17 17 48 -26393 -21813 8669 -10946 9 2 -5400 23 -5232 -2961 -12774 27935 15845 1235 40 40 30156 32 -29488 30772 17565 46 -27813 -8859 57 -29615 50 8 4 24 28002 10316 -12421 -31670 9957 48 23 4573 -26606 -23877 -15043 -32410 -13522 25440 -8884 -26522 -9266 -9026 15022 -7598 -23751 28069 -21368 37 7 -30063 26 1 -17829 17395 -21880 18411 18449 -1638 -9192 3436 28394 -4307 11736 6129 11 5 -23375 28 -12289 -12168 16224 19139 -23527 34 26903 30083 53 15669 7156 -29792 18328 32020 -8091 29740 -12844 -30451 -19246 24549 6915 25 -24004 14090 -29790 14392 -5904 60 -24035 10085 11 24141 49 28013 -20788 63 13182 12736 -4637 -3874 21139 -10 32024 9931 -9704 29 43 
57 37 0 0 17 17 48 0 0 8669 0 9 2 0 23 0 0 0 27935 15845 1235 40 40 30156 32 0 30772 17565 46 0 0 57 0 50 8 4 24 28002 10316 0 0 9957 48 23 4573 0 0 0 0 0 25440 0 0 0 0 15022 0 0 28069 0 37 7 0 26 1 0 17395 0 18411 18449 0 0 3436 28394 0 11736 6129 11 5 0 28 0 0 16224 19139 0 34 26903 30083 53 15669 7156 0 18328 32020 0 29740 0 0 0 24549 6915 25 0 14090 0 14392 0 60 0 10085 11 24141 49 28013 0 63 13182 12736 0 0 21139 0 32024 9931 0 29 43 
88 -30
28027 12114 -24980 24 21 31522 -32140 35 11259 61 12 6 -10000 -15168 -9462 -5567 -21875 41 12644 20683 12 19 1249 48 -16539 30602 39 -19640 20354 -29487 24 -29659 19 19101 -21819 -8320 -4726 -28768 -17671 2663 38 19991 0 21035 34 35 5359 -25465 12727 -31201 -1324 -430 -11408 -23372 -8576 50 -17961 -13589 -11902 -11731 -18750 26688 25525 -2902 -16036 43 2 -1449 -301 6397 7738 34 26149 9489 -17658 -14035 19 17561 -10570 31386 28872 13 57 -25307 20300 -15810 23556 7 -19500 2644 -32341 19792 -5307 -15899 -24661 -17938 12 43 41 16481 2807 27800 5240 19088 -28610 8886 20726 -31501 -15973 10404 21357 -16750 30 26257 62 33 -2227 -18302 6894 -12510 60 6226 10218 -7641 61 17591 16 25866 
28027 12114 0 24 21 31522 0 35 11259 61 12 6 0 0 0 0 0 41 12644 20683 12 19 1249 48 0 30602 39 0 20354 0 24 0 19 19101 0 0 0 0 0 2663 38 19991 0 21035 34 35 5359 0 12727 0 0 0 0 0 0 50 0 0 0 0 0 26688 25525 0 0 43 2 0 0 6397 7738 34 26149 9489 0 0 19 17561 0 31386 28872 13 57 0 20300 0 23556 7 0 2644 0 19792 0 0 0 0 12 43 41 16481 2807 27800 5240 19088 0 8886 20726 0 0 10404 21357 0 30 26257 62 33 0 0 6894 0 60 6226 10218 0 61 17591 16 25866 
89 -12
58 24 -1289 12334 30231 11 -22142 63 37 -20335 10974 -24593 -16811 1332 19960 -19101 8 -19261 17389 -7064 22104 29567 -10267 2161 15010 58 -10434 -23554 -28845 61 7 -26385 -19653 62 -4594 9 -18310 32678 31412 7 61 52 23 22135 23805 11 19 -10432 14 -30771 -9587 -30384 -24198 4962 -1056 5 -20001 -18062 45 29444 11 18299 6 -14106 31819 201 41 22741 8 16902 22299 12 30632 -9535 -339 3 -28718 8776 26776 -24720 11186 9169 39 18559 21222 -24967 -8518 -20650 24395 -23534 -19142 -20377 16380 31402 -10347 29 -24637 2338 -5715 15970 -32103 -26362 11046 56 18682 16858 -5333 23286 44 -32536 -2252 5 0 18728 3748 38 -23454 -23823 13429 -667 -1098 -20759 22297 26475 -22120 50 6037 -20063 
58 24 0 12334 30231 11 0 63 37 0 10974 0 0 1332 19960 0 8 0 17389 0 22104 29567 0 2161 15010 58 0 0 0 61 7 0 0 62 0 9 0 32678 31412 7 61 52 23 22135 23805 11 19 0 14 0 0 0 0 4962 0 5 0 0 45 29444 11 18299 6 0 31819 201 41 22741 8 16902 22299 12 30632 0 0 3 0 8776 26776 0 11186 9169 39 18559 21222 0 0 0 24395 0 0 0 16380 31402 0 29 0 2338 0 15970 0 0 11046 56 18682 16858 0 23286 44 0 0 5 0 18728 3748 38 0 0 13429 0 0 0 22297 26475 0 50 6037 0 
90 12
-29638 -14567 -17264 -25559 -31815 4950 -15579 30862 1 -84 -21068 32124 15841 19881 13 25494 61 23961 19836 19965 47 27179 -3959 -13848 30603 -12576 43 13528 21 50 -4939 58 24222 21710 6447 18485 -8425 28 -10447 -20070 12529 8 -25169 -8243 9813 -24144 2 57 -11034 28295 22328 -31629 28150 40 -20307 14648 180 -15618 33 13852 15016 12124 52 4559 -27475 16040 -740 19253 1597 907 -10567 25727 -10150 4078 -17242 0 7025 -19053 -20935 24476 14621 -1978 6686 -20691 -3131 -4408 29000 -13022 -32014 60 -5475 -29619 25 -19086 -15473 -17352 530 15804 11 31037 24924 -13005 11378 5490 21 17634 57 -11750 23312 933 10251 21625 -5191 -28553 29 5868 -18348 30784 20 -2213 35 18912 31796 -15659 14648 22191 -632 29 
-22 -404 -251 -50 -14 3811 -340 30845 1 -42 -122 32111 15517 19727 7 25443 31 23892 19681 19814 24 27143 -1091 -456 30585 -558 22 13048 11 25 -1138 29 24157 21602 5340 18284 -955 14 -757 -148 11967 4 -54 -972 8993 -66 1 29 -699 28267 22233 -14 28121 20 -142 14249 92 -337 17 13397 14641 11526 26 3431 -34 15727 -337 19080 952 503 -745 25679 -786 2978 -253 0 5953 -180 -125 24414 14220 -755 5593 -131 -995 -1121 28975 -521 -13 30 -1139 -22 13 -179 -346 -247 282 15477 6 31021 24868 -522 10712 4351 11 17399 29 -631 23234 519 9475 21515 -1141 -27 15 4737 -206 30767 10 -815 18 18727 31782 -335 14249 22093 -292 15 
91 40
9605 -22539 1484 10 -31730 -13731 4772 -12773 47 455 17838 -3163 32035 -30784 -2074 31098 -18444 1337 13162 26415 -13548 19934 -14617 55 -14042 10 -26583 28232 19193 -495 25873 53 -28127 28558 7014 20246 60 -8776 -15577 17265 -23858 -26652 48 35 13 5757 30373 34 29914 -22830 -21845 17 -5846 -19549 21093 31601 -17290 1421 32187 -29481 -25249 13 33 -31729 -16099 -29155 -159 27826 30 15436 19239 -9433 53 -30905 43 33 33 0 55 -30164 17032 57 21010 -12914 -23029 42 19 -16102 -16335 -10101 -31774 -10057 -8171 -23638 10 2724 28690 50 32 -3120 42 -5331 6123 11292 -23867 -9489 -1833 32 30323 45 -29835 10 14 -8835 7529 -4577 -4883 1582 -31488 16883 16854 1415 16100 12655 32519 56 10991 15 
4803 -11269 742 5 -15865 -6865 2386 -6386 24 228 8919 -1581 16018 -15392 -1037 15549 -9222 669 6581 13208 -6774 9967 -7308 28 -7021 5 -13291 14116 9597 -247 12937 27 -14063 14279 3507 10123 30 -4388 -7788 8633 -11929 -13326 24 18 7 2879 15187 17 14957 -11415 -10922 9 -2923 -9774 10547 15801 -8645 711 16094 -14740 -12624 7 17 -15864 -8049 -14577 -79 13913 15 7718 9620 -4716 27 -15452 22 17 17 0 28 -15082 8516 29 10505 -6457 -11514 21 10 -8051 -8167 -5050 -15887 -5028 -4085 -11819 5 1362 14345 25 16 -1560 21 -2665 3062 5646 -11933 -4744 -916 16 15162 23 -14917 5 7 -4417 3765 -2288 -2441 791 -15744 8442 8427 708 8050 6328 16260 28 5496 8 
92 -11
-29953 30 -31537 58 21645 44 15249 43 -13705 -24409 15534 -22838 -8496 36 55 33 12 -14128 45 25102 49 28 -13737 4464 -3520 27812 -31022 5328 -13548 -23816 24439 29065 24 -17071 36 20387 19 8564 -23242 -13079 -21421 30877 8877 10383 -17694 -3821 -17590 14599 -30384 -29778 4 0 17382 797 2772 -13987 -25355 7 -28821 -27734 10027 13 -22549 15 32 -29699 38 25 12487 -19265 10465 32734 -28832 -27739 -22233 30938 28 -11714 29844 30685 16193 -24435 29055 19 39 30701 63 -30778 7271 3 18181 38 -13315 -14384 25933 -3147 -7177 50 29138 27843 61 -16408 22520 -5450 21 37 10775 -25620 337 2152 19227 24164 23006 -4871 27152 15313 22187 -30874 16 -23940 -19581 -5571 5421 -4726 42 10 2383 26535 
0 30 0 58 21645 44 15249 43 0 0 15534 0 0 36 55 33 12 0 45 25102 49 28 0 4464 0 27812 0 5328 0 0 24439 29065 24 0 36 20387 19 8564 0 0 0 30877 8877 10383 0 0 0 14599 0 0 4 0 17382 797 2772 0 0 7 0 0 10027 13 0 15 32 0 38 25 12487 0 10465 32734 0 0 0 30938 28 0 29844 30685 16193 0 29055 19 39 30701 63 0 7271 3 18181 38 0 0 25933 0 0 50 29138 27843 61 0 22520 0 21 37 10775 0 337 2152 19227 24164 23006 0 27152 15313 22187 0 16 0 0 0 5421 0 42 10 2383 26535 
93 5
-20547 46 50 -4219 -27000 10052 -26212 27802 5 13629 48 18 -1573 36 50 17 19471 19396 29 -9235 31255 62 -7038 -24966 42 -20736 -8891 -10709 26266 -4256 22740 14 10303 -4662 54 1560 23801 -2985 19934 47 52 14874 19 50 12115 26 -1618 12288 -13007 24124 3318 16015 -23430 10239 2066 -30818 17 -24318 -30119 -11509 13946 45 16716 35 -11126 15 -1053 7 -3444 29773 7191 25715 23888 4269 -13515 17220 26 61 29 22 -9591 9292 -24230 -28834 26 20722 37 3898 -20246 -21018 20987 30342 24 -30309 7945 31523 -559 -16471 -7091 24218 13957 10670 -20091 7792 25 -32264 -19014 -8833 4565 23 62 -12457 26 10704 45 -341 29991 -22042 -5159 -15236 14 -25343 24716 17 22 -27501 3 17837 
0 37 41 0 0 10052 0 27802 3 13629 39 11 0 27 41 11 19471 19396 21 0 31255 54 0 0 33 0 0 0 26266 0 22740 9 10303 0 46 1560 23801 0 19934 38 43 14874 12 41 12115 18 0 12288 0 24124 3318 16015 0 10239 2066 0 11 0 0 0 13946 36 16716 26 0 9 0 4 0 29773 7191 25715 23888 4269 0 17220 18 53 21 15 0 9292 0 0 18 20722 28 3898 0 0 20987 30342 16 0 7945 31523 0 0 0 24218 13957 10670 0 7792 17 0 0 0 4565 15 54 0 18 10704 36 0 29991 0 0 0 9 0 24716 11 15 0 2 17837 
94 -28
27948 -31413 -12252 -21207 18 -29657 29 47 57 31 24169 31656 297 6218 15 47 -922 -3766 -11379 25110 -22130 9284 56 46 30 16530 15 16141 19645 12542 12 -13585 11104 34 -7703 -14009 29760 12272 40 18587 -18564 7263 9732 62 9710 29177 -10396 16387 19012 21311 -17722 11016 29660 -24359 -6213 -21178 17 -26542 7496 -20375 -2491 -13269 3731 -19466 3051 24230 -1926 16579 27026 13254 47 9 18 -26674 15638 5 3618 -6843 -14161 -12914 -27795 3853 -5374 -3763 -20272 15990 4890 -19983 9013 6184 -2938 -23182 34 -15688 49 16694 9423 13 -16487 20016 24113 18214 53 15 2301 26947 6 -13445 -18012 21 -3507 -32163 -5238 15 10 13311 23795 27892 13174 -12123 -1314 -9142 17061 -32108 62 50 21662 -6355 
27948 0 0 0 18 0 29 47 57 31 24169 31656 297 6218 15 47 0 0 0 25110 0 9284 56 46 30 16530 15 16141 19645 12542 12 0 11104 34 0 0 29760 12272 40 18587 0 7263 9732 62 9710 29177 0 16387 19012 21311 0 11016 29660 0 0 0 17 0 7496 0 0 0 3731 0 3051 24230 0 16579 27026 13254 47 9 18 0 15638 5 3618 0 0 0 0 3853 0 0 0 15990 4890 0 9013 6184 0 0 34 0 49 16694 9423 13 0 20016 24113 18214 53 15 2301 26947 6 0 0 21 0 0 0 15 10 13311 23795 27892 13174 0 0 0 17061 0 62 50 21662 0 
95 -19
19 47 25691 -14000 23 -1886 16923 -23534 37 9310 37 47 30297 -25516 41 -1998 19391 13 26157 16 13 29086 26731 -23290 -28773 61 55 3 29494 8062 19986 10903 -27580 -32583 -12224 13288 2239 26677 -26320 32205 -26641 -20596 -20094 52 2 24565 28 -5166 7253 -21094 -10329 12091 -13423 -22772 -22234 -10283 -8643 3 7550 46 -15774 1 8694 31 62 -28892 6575 -5756 18611 6462 46 30 41 511 -19950 3530 -18361 61 41 2150 -14114 -20017 -8316 29540 2502 9 -14586 5955 3988 26528 -17174 4144 14883 23802 24706 12793 -31424 15 512 -3966 61 32008 -4190 -27933 -28904 0 -17016 -15317 27111 -29186 7 12592 21259 15747 7 -14105 -23985 16290 1147 22517 19842 -17173 -14580 8213 -10807 -9662 23782 57 
19 47 25691 0 23 0 16923 0 37 9310 37 47 30297 0 41 0 19391 13 26157 16 13 29086 26731 0 0 61 55 3 29494 8062 19986 10903 0 0 0 13288 2239 26677 0 32205 0 0 0 52 2 24565 28 0 7253 0 0 12091 0 0 0 0 0 3 7550 46 0 1 8694 31 62 0 6575 0 18611 6462 46 30 41 511 0 3530 0 61 41 2150 0 0 0 29540 2502 9 0 5955 3988 26528 0 4144 14883 23802 24706 12793 0 15 512 0 61 32008 0 0 0 0 0 0 27111 0 7 12592 21259 15747 7 0 0 16290 1147 22517 19842 0 0 8213 0 0 23782 57 
96 -30
1 -23722 -5135 -27501 -17926 44 26 4415 -21614 27884 -13349 -3739 11909 -2644 -13324 23936 7 16443 34 6173 -20635 32370 -27690 -28129 -13262 45 -19508 31232 -10886 -24550 -12197 28138 28445 -8227 5533 -30672 -25641 10020 -25325 -5867 16119 -10701 23708 50 26 -28152 -21261 8763 -6823 6916 27936 40 31 32723 21597 35 -31410 32377 30347 23982 -2720 -17887 6327 -7626 41 56 -949 7290 -19779 14 61 6368 -8982 -11234 324 4335 27077 56 -8788 59 25 23 26184 24 -14791 -21976 -12898 4928 314 -6155 -8509 40 20464 33 47 -27934 37 16623 32 -32679 19911 -18402 -25384 -19310 -14097 1760 -5268 -19307 5407 25449 -20962 -16727 9963 46 25788 15156 20038 -11198 -8116 22275 14603 12246 1 45 26515 -1942 993 531 
1 0 0 0 0 44 26 4415 0 27884 0 0 11909 0 0 23936 7 16443 34 6173 0 32370 0 0 0 45 0 31232 0 0 0 28138 28445 0 5533 0 0 10020 0 0 16119 0 23708 50 26 0 0 8763 0 6916 27936 40 31 32723 21597 35 0 32377 30347 23982 0 0 6327 0 41 56 0 7290 0 14 61 6368 0 0 324 4335 27077 56 0 59 25 23 26184 24 0 0 0 4928 314 0 0 40 20464 33 47 0 37 16623 32 0 19911 0 0 0 0 1760 0 0 5407 25449 0 0 9963 46 25788 15156 20038 0 0 22275 14603 12246 1 45 26515 0 993 531 
97 -12
566 14 -28790 6 21 17018 -22636 24033 31949 18919 -16595 32348 -9779 31 16708 -12654 25757 20860 -11633 -21089 29 39 -1431 -31952 -12740 -15235 -5628 -27298 1604 -424 32662 -4408 -26691 22 3 2 31106 13 10796 45 8739 -29001 -24081 -19027 1843 16 5411 -22880 -11008 29 31515 1501 8 -4813 9069 19718 20 -24751 1341 11472 7 -27864 2376 2638 32351 32589 -20850 -23799 -13048 24980 -7410 -30357 -22841 -868 -7291 26765 50 -21164 -4509 -15214 -31850 -25838 24541 24538 43 8740 2552 3819 5321 13648 40 -18235 -14276 -27810 15 210 0 38 14974 38 -14991 -11722 8529 -8122 8304 -3531 22074 10436 12635 -12006 24448 -14356 21 -16474 21 47 155 10373 339 27524 57 29559 48 18778 -29985 24243 -19067 26746 
566 14 0 6 21 17018 0 24033 31949 18919 0 32348 0 31 16708 0 25757 20860 0 0 29 39 0 0 0 0 0 0 1604 0 32662 0 0 22 3 2 31106 13 10796 45 8739 0 0 0 1843 16 5411 0 0 29 31515 1501 8 0 9069 19718 20 0 1341 11472 7 0 2376 2638 32351 32589 0 0 0 24980 0 0 0 0 0 26765 50 0 0 0 0 0 24541 24538 43 8740 2552 3819 5321 13648 40 0 0 0 15 210 0 38 14974 38 0 0 8529 0 8304 0 22074 10436 12635 0 24448 0 21 0 21 47 155 10373 339 27524 57 29559 48 18778 0 24243 0 26746 
98 12
37 -22162 31619 31151 9 22610 -29618 -6096 -12539 31218 24866 -14385 -10721 7707 5574 9047 306 -4414 32 -9838 -7615 28492 -10172 20393 4754 -917 -23010 1467 20115 -13680 -2161 29862 -16940 -20595 -20129 40 -13161 -13519 -32260 31 18 25 10 5449 2 -29974 6721 52 59 19 -846 16100 -5489 41 -29780 -6607 59 20 21 -14332 -30317 -20629 -24654 29497 -25028 -4688 9 -30776 53 -9930 54 -5342 23514 -12855 21320 27985 1282 62 -32554 22345 11097 -26608 2769 9306 22323 7729 15773 17144 14010 12 16728 48 -7675 -17271 21206 6 31083 -30818 32286 -17238 -29359 -12925 -12159 14952 29 7 20 62 26839 -22184 51 -9315 25041 10404 38 22851 7 -27999 29750 -26126 -27135 14 24274 7394 2407 4877 18922 -14123 
19 -99 31605 31136 5 22520 -22 -1123 -561 31203 24808 -417 -729 6688 4436 8151 159 -1121 16 -817 -1027 28465 -784 20254 3620 -407 -84 863 19968 -468 -802 29842 -267 -134 -147 20 -509 -481 -12 16 9 13 5 4309 1 -20 5630 26 30 10 -379 15790 -1139 21 -21 -1098 30 10 11 -420 -19 -133 -60 29475 -56 -1132 5 -17 27 -808 27 -1140 23439 -534 21204 27955 740 31 -12 22250 10404 -40 1835 8436 22228 6712 15444 16887 13566 6 16451 24 -1022 -251 21087 3 31067 -17 32274 -253 -22 -529 -594 14573 15 4 10 31 26801 -98 26 -869 24986 9643 19 22765 4 -30 29729 -45 -36 7 24210 6350 1547 3740 18737 -435 
99 40
14381 -17012 15690 2330 41 -14866 22992 29975 -30136 18812 40 -21611 53 -11684 8648 -28064 16878 29148 20 13562 610 -29299 15738 4995 -20186 -27398 10794 193 23877 1 20447 25318 -29378 2 40 27575 33 -23032 -3377 -21090 -8925 11610 14400 -3652 23043 -10623 -13757 -24440 -2189 -14563 25 24883 -628 5153 5987 -7802 -17535 587 -23274 -10271 26 7 22284 43 21 10 27 281 51 7 30296 22774 2067 -19586 -7820 21007 -21280 26964 15867 12 23136 -11163 -8327 31179 -14469 7250 39 26342 -3320 56 26484 8504 -26043 14898 -5897 22963 18579 14690 435 -28528 13 29148 1429 -14445 29559 18 1164 21320 28 -20169 -22311 14 2 10 -18615 32618 -25501 23163 6596 -32305 -1183 -20106 22571 7404 9 20 29985 -24574 
7191 -8506 7845 1165 21 -7433 11496 14988 -15068 9406 20 -10805 27 -5842 4324 -14032 8439 14574 10 6781 305 -14649 7869 2498 -10093 -13699 5397 97 11939 1 10224 12659 -14689 1 20 13788 17 -11516 -1688 -10545 -4462 5805 7200 -1826 11522 -5311 -6878 -12220 -1094 -7281 13 12442 -314 2577 2994 -3901 -8767 294 -11637 -5135 13 4 11142 22 11 5 14 141 26 4 15148 11387 1034 -9793 -3910 10504 -10640 13482 7934 6 11568 -5581 -4163 15590 -7234 3625 20 13171 -1660 28 13242 4252 -13021 7449 -2948 11482 9290 7345 218 -14264 7 14574 715 -7222 14780 9 582 10660 14 -10084 -11155 7 1 5 -9307 16309 -12750 11582 3298 -16152 -591 -10053 11286 3702 5 10 14993 -12287 
100 4
27171 17646 -16600 -7833 -31143 29647 -11243 26425 11 -31699 -28777 55 10145 32051 46 25136 25 -1428 -9362 45 5395 53 -10824 22 10004 -29777 -22314 -20433 -20075 -7297 56 26 4609 10340 16924 -4063 -18427 7771 -24112 13939 3623 51 3 3778 20384 5749 -4920 -3230 -17672 19691 25 471 27 -6642 -21966 -16932 15081 19063 -2039 -25051 50 4 25574 39 9567 37 -30051 22 4397 5496 -31646 34 18739 25223 12354 -9522 -24255 39 1023 -16964 50 26329 19 16876 20050 -16106 8813 7 9127 59 -32628 1071 12268 -29452 36 23 12 11044 8800 0 51 10 28998 26126 52 17124 -19977 -7653 -11842 -13352 44 16484 19833 24527 3978 -5731 -3108 5 -11845 2020 -20105 39 -11219 -23013 21 9729 -21685 1101 
27171 17646 0 0 0 29647 0 26425 7 0 0 53 10145 32051 44 25136 21 0 0 42 5395 51 0 18 10004 0 0 0 0 0 54 22 4609 10340 16924 0 0 7771 0 13939 3623 49 2 3778 20384 5749 0 0 0 19691 21 471 23 0 0 0 15081 19063 0 0 48 2 25574 36 9567 34 0 18 4397 5496 0 30 18739 25223 12354 0 0 36 1023 0 48 26329 15 16876 20050 0 8813 4 9127 58 0 1071 12268 0 33 19 8 11044 8800 0 49 7 28998 26126 50 17124 0 0 0 0 41 16484 19833 24527 3978 0 0 3 0 2020 0 36 0 0 17 9729 0 1101 
101 -10
1250 30801 11850 -22821 -8472 6571 -11982 2 29 4184 24392 15667 9282 28 19204 16456 56 -25419 15777 -824 -30615 -9911 22541 21 28 -19653 -17714 -16587 -9727 17948 15617 60 63 -5218 -723 28003 9107 40 -2209 54 21297 3565 42 4 10012 17449 10029 25132 11116 -24242 -24291 -3851 21109 18102 -29062 25202 4 23944 -25739 8969 5 20307 -12120 14156 -26180 2473 -22259 6306 -10085 29003 -24144 -10588 -20639 48 -23178 15 41 10176 2326 -23209 -25420 0 29348 -29222 -591 -9178 -20692 10150 7 29883 37 -31482 -31678 22331 25829 1782 34 49 -17710 20289 -11588 14058 56 -27604 -26782 -5032 8 10 13554 31219 -31222 16078 23 -17730 3 -22532 -23927 -16316 -22523 11314 19426 4480 30392 22 20826 56 18931 -24796 
1250 30801 11850 0 0 6571 0 2 29 4184 24392 15667 9282 28 19204 16456 56 0 15777 0 0 0 22541 21 28 0 0 0 0 17948 15617 60 63 0 0 28003 9107 40 0 54 21297 3565 42 4 10012 17449 10029 25132 11116 0 0 0 21109 18102 0 25202 4 23944 0 8969 5 20307 0 14156 0 2473 0 6306 0 29003 0 0 0 48 0 15 41 10176 2326 0 0 0 29348 0 0 0 0 10150 7 29883 37 0 0 22331 25829 1782 34 49 0 20289 0 14058 56 0 0 0 8 10 13554 31219 0 16078 23 0 3 0 0 0 0 11314 19426 4480 30392 22 20826 56 18931 0 
102 2
-15863 -13756 20106 52 -9524 25357 0 22548 -12907 28 14 -12882 -13235 14052 51 55 17 -19391 1346 61 -13032 14 27 -5794 7 -27025 31274 21320 -7867 4614 3 24451 9058 14105 12318 54 -9814 41 26647 36 8465 -11595 21 28 -10888 55 -23614 -30339 -5952 57 32144 -17146 23 -31529 4064 -2035 10893 3629 -14907 -18484 24875 -17735 -12023 28884 27171 11929 -19931 -1448 -28513 35 5495 -16347 4633 10911 21 14 15 17763 14771 -18425 38 2770 5070 41 33 26848 -24238 -6535 16787 -21485 521 3804 -7209 -15141 -24280 8 8153 -16667 14582 47 28707 15451 -32751 32 -26977 11988 605 -16245 17 39 27 10268 -2340 23211 32015 17307 15717 1 18216 -4685 6140 270 30830 6640 3393 62 16 11 
0 0 20106 52 0 25357 0 22548 0 28 14 0 0 14052 51 55 17 0 1346 61 0 14 27 0 6 0 31274 21320 0 4614 2 24451 9058 14105 12318 54 0 41 26647 36 8465 0 21 28 0 55 0 0 0 57 32144 0 23 0 4064 0 10893 3629 0 0 24875 0 0 28884 27171 11929 0 0 0 35 5495 0 4633 10911 21 14 15 17763 14771 0 38 2770 5070 41 33 26848 0 0 16787 0 521 3804 0 0 0 7 8153 0 14582 47 28707 15451 0 32 0 11988 605 0 17 39 27 10268 0 23211 32015 17307 15717 1 18216 0 6140 270 30830 6640 3393 62 16 10 
103 -6
2718 28064 -4344 28 717 2 -18802 -173 -18274 14700 -19949 -19103 22818 -22485 13767 -30681 -18923 -29672 -16853 -6953 -2975 17852 28570 -30408 27 19 40 28 -14913 16754 57 34 -5062 51 -30210 25036 18207 23111 11901 -7344 -707 -3913 -15198 30 9345 -17059 15836 -21319 -27634 -12974 10087 27657 -9402 24502 7503 -856 10139 17261 -4275 966 9 29533 -15575 29145 -13214 10 -24803 2612 8 6559 12 -217 -23733 -25339 6228 -20349 18245 -1232 19 98 52 -23583 -2968 17991 -20240 -29377 2 29211 -21462 24983 58 8266 -13292 21 -31846 34 12 9442 1973 9826 53 -21859 -3283 -32390 17107 19581 -12057 3 27 -28553 -3090 43 14854 3421 43 18180 20001 40 743 25188 49 3424 36 -11436 13046 27 23299 -15690 
2718 28064 0 28 717 2 0 0 0 14700 0 0 22818 0 13767 0 0 0 0 0 0 17852 28570 0 27 19 40 28 0 16754 57 34 0 51 0 25036 18207 23111 11901 0 0 0 0 30 9345 0 15836 0 0 0 10087 27657 0 24502 7503 0 10139 17261 0 966 9 29533 0 29145 0 10 0 2612 8 6559 12 0 0 0 6228 0 18245 0 19 98 52 0 0 17991 0 0 2 29211 0 24983 58 8266 0 21 0 34 12 9442 1973 9826 53 0 0 0 17107 19581 0 3 27 0 0 43 14854 3421 43 18180 20001 40 743 25188 49 3424 36 0 13046 27 23299 0 
104 -30
-21837 -9669 5 -31235 32251 3847 5327 11214 -13066 34 -281 -1442 61 58 5139 -13846 31278 28412 -15791 -28500 50 20296 30699 4 18288 -21996 9 -3950 7 13751 -15700 -3401 8982 -4580 16940 3 2969 20641 3 21503 3358 22160 27077 -26944 45 982 -15674 10108 13667 -23696 -13141 -8021 35 16398 6366 -25569 7490 9 20429 36 27212 5747 -16244 54 18286 40 51 -18664 11 -25711 -10086 19 53 -17960 -30644 23934 14646 26568 29819 46 3140 -18383 -25725 56 -3274 12 20349 30 34 22530 10 27905 17 -16928 -20908 8237 1855 25194 -13368 30 -22892 -32416 44 12637 28200 -32751 63 24690 13955 -27583 -21370 -5500 53 31 -7456 -28662 16 15738 55 1585 5 -26305 22 -12304 57 11444 33 9572 
0 0 5 0 32251 3847 5327 11214 0 34 0 0 61 58 5139 0 31278 28412 0 0 50 20296 30699 4 18288 0 9 0 7 13751 0 0 8982 0 16940 3 2969 20641 3 21503 3358 22160 27077 0 45 982 0 10108 13667 0 0 0 35 16398 6366 0 7490 9 20429 36 27212 5747 0 54 18286 40 51 0 11 0 0 19 53 0 0 23934 14646 26568 29819 46 3140 0 0 56 0 12 20349 30 34 22530 10 27905 17 0 0 8237 1855 25194 0 30 0 0 44 12637 28200 0 63 24690 13955 0 0 0 53 31 0 0 16 15738 55 1585 5 0 22 0 57 11444 33 9572 
105 -12
-28756 -3144 -27478 -20283 22024 35 27807 13 52 -8843 30 23 14 17856 9683 -3203 629 -21948 6390 2699 5925 22 2 13572 11747 -16045 -1050 27 28094 -6449 27196 -868 -16643 -19422 10 19673 4596 -9712 21069 24846 28 -17448 -20461 7 45 -28262 -58 29 54 -30908 2793 18667 54 32122 -10381 26641 29422 -23344 3 13374 -13728 23105 12690 32515 -24742 -9653 -19232 30 0 -29498 -6683 -26935 -758 12 -15630 4730 9034 -19049 13285 8 46 -4910 -29218 12 -6678 -9331 23761 -10348 4512 783 24520 -12421 10905 37 -13477 59 -24637 -23301 -29285 -27024 -30828 -13026 13 -15056 9 19475 20307 15298 -17132 8238 -2441 -25558 -23290 -23390 52 7428 -8477 18240 -2643 -29945 -28511 -15709 17449 19498 34 -9048 -22970 35 
0 0 0 0 22024 35 27807 13 52 0 30 23 14 17856 9683 0 629 0 6390 2699 5925 22 2 13572 11747 0 0 27 28094 0 27196 0 0 0 10 19673 4596 0 21069 24846 28 0 0 7 45 0 0 29 54 0 2793 18667 54 32122 0 26641 29422 0 3 13374 0 23105 12690 32515 0 0 0 30 0 0 0 0 0 12 0 4730 9034 0 13285 8 46 0 0 12 0 0 23761 0 4512 783 24520 0 10905 37 0 59 0 0 0 0 0 0 13 0 9 19475 20307 15298 0 8238 0 0 0 0 52 7428 0 18240 0 0 0 0 17449 19498 34 0 0 35 
106 12
62 31754 -6431 -1833 5097 -22930 18423 29969 23395 26315 56 28862 43 21999 -23611 -10868 -3058 -16688 21 50 -6241 39 -6130 9 3020 12278 -6795 28137 -12442 35 27241 -8321 6932 14736 -25910 -7148 40 -9843 22123 10 -7268 3745 15075 -10382 30966 -30575 12 -1385 20283 4285 -13854 -15068 27007 8 21662 8 31682 -9674 -31951 16 -3561 -13713 26781 11339 12 9762 -27688 -28385 -1607 55 27354 2 26 -9300 -10957 -1697 8 16920 -25202 32516 9668 -31270 -29078 1 10918 7190 51 -19555 9660 32608 52 -28074 -10361 22527 -3583 -24501 10899 -12449 30349 48 50 -6896 986 -12019 21 43 14714 7 8328 -32200 13 20091 98 10757 9595 -5084 13360 5064 13 31230 -13528 27813 5074 -10419 50 14 -10071 -28878 
31 31740 -1108 -715 3957 -85 18220 29949 23318 26272 28 28836 22 21897 -74 -715 -983 -279 11 25 -1117 20 -1122 5 2043 11694 -1087 28108 -570 18 27206 -965 5854 14343 -47 -1063 20 -817 22024 5 -1054 2673 14704 -763 30950 -18 6 -577 20141 3171 -455 -371 26970 4 21553 4 31668 -833 -13 8 -1052 -466 26743 10669 6 8937 -32 -28 -648 28 27320 1 13 -871 -707 -675 4 16653 -54 32504 8834 -15 -24 1 10208 6130 26 -164 8825 32597 26 -30 -765 22436 -1054 -62 10187 -569 30330 24 25 -1080 552 -607 11 22 14320 4 7364 -13 7 19943 50 10031 8753 -1140 12867 3924 7 31215 -480 27782 3934 -759 25 7 -794 -25 
107 40
30976 -23376 -26467 25300 24220 -16140 22177 5357 -3813 -3522 26733 -3568 -1386 -8628 -16638 -31122 -26414 20053 7663 12986 -5140 31634 24353 0 -10423 40 -4736 27 -649 2524 -12928 -21693 -24581 -30546 8484 -23831 6193 -17465 15223 -21204 -17 28935 17429 23626 5901 13801 -25245 14529 -7659 13053 61 11 -18360 7955 -26921 60 61 4968 -32733 11949 21460 5618 -20190 14 -1633 2 24 3 -2697 12101 -19374 -154 27875 -10686 17 8 -16236 1626 28541 26665 -1145 -19785 29217 44 36 -11357 -29298 7911 -18170 15560 53 35 60 -21444 25901 7277 -10506 -17903 16 -17182 -1002 4095 62 -18492 -25762 -4734 18 25 11153 12609 17095 928 31517 48 18531 20390 57 6333 4 14 -3726 1429 -5897 32 -15759 14682 -29714 -6431 
15488 -11688 -13233 12650 12110 -8070 11089 2679 -1906 -1761 13367 -1784 -693 -4314 -8319 -15561 -13207 10027 3832 6493 -2570 15817 12177 0 -5211 20 -2368 14 -324 1262 -6464 -10846 -12290 -15273 4242 -11915 3097 -8732 7612 -10602 -8 14468 8715 11813 2951 6901 -12622 7265 -3829 6527 31 6 -9180 3978 -13460 30 31 2484 -16366 5975 10730 2809 -10095 7 -816 1 12 2 -1348 6051 -9687 -77 13938 -5343 9 4 -8118 813 14271 13333 -572 -9892 14609 22 18 -5678 -14649 3956 -9085 7780 27 18 30 -10722 12951 3639 -5253 -8951 8 -8591 -501 2048 31 -9246 -12881 -2367 9 13 5577 6305 8548 464 15759 24 9266 10195 29 3167 2 7 -1863 715 -2948 16 -7879 7341 -14857 -3215 
108 24
-17185 26900 24448 -12837 23345 19310 -3442 -10540 9793 -2797 -10762 -20111 42 -10745 10 -9338 -5278 12012 42 -4656 62 63 13423 4416 5551 6 30438 -20922 27925 29 -135 42 6377 -15955 15403 15591 29424 39 15158 18 -25150 -25470 11 -15884 27473 6305 -1611 9491 -3971 -30611 22993 12584 7960 9093 -32203 17544 35 23 -8868 -30257 2673 23 -26243 29726 -5264 16766 15 10689 14378 -27926 6978 -3259 9 26031 6773 58 28 26184 -10871 1 15517 29946 11038 -18000 32335 6 -17266 25045 28262 23870 -16160 28031 21876 12985 18665 4422 -17394 -23870 4 8 25802 29 61 47 -17200 13924 -20652 -515 -29664 10 62 -26499 58 11091 3790 16860 -29598 -17691 10621 9 30 20587 -32144 -12251 -26466 -8420 23843 -7766 
-8588 13461 12233 -6416 11681 9661 -1721 -5268 4898 -1398 -5379 -10049 21 -5371 5 -4668 -2639 6008 21 -2328 31 32 6714 2208 2776 3 15232 -10455 13974 15 -67 21 3189 -7974 7705 7799 14725 20 7583 9 -12566 -12726 6 -7938 13748 3153 -805 4747 -1985 -15292 11505 6294 3981 4548 -16086 8776 18 12 -4433 -15116 1337 12 -13112 14876 -2632 8387 8 5346 7193 -13951 3490 -1629 5 13025 3387 29 14 13102 -5434 1 7762 14986 5521 -8996 16183 3 -8629 12532 14143 11944 -8076 14027 10945 6495 9338 2211 -8693 -11926 2 4 12910 15 31 24 -8596 6965 -10320 -257 -14819 5 31 -13240 29 5548 1895 8434 -14786 -8841 5312 5 15 10300 -16056 -6123 -13223 -4209 11930 -3882 
109 11
-7677 -16990 -28019 -8323 -31706 2922 27863 -2871 -12635 -13052 42 2076 -19696 5094 -24724 13114 59 -23421 45 -24123 22959 4064 -5928 -30047 -21555 45 -16260 -24861 -21988 63 23 26760 20837 8470 -30410 24313 29905 2897 17113 49 -7612 -16220 -180 -6676 4144 7624 21351 -26598 11 -13893 -5191 2885 1 25 -18436 31197 3863 8333 -9457 -10076 -18276 27576 20 3 24630 26 -27748 7 4 5358 -13775 4 -19298 17476 10186 -11612 -13528 -17555 -14622 22 14 50 11556 32562 9427 -10109 9070 57 -7008 7641 -20125 -10273 24 11029 34 5903 6 27310 29582 -9472 -14601 55 -786 10633 -8142 26338 25623 45 9758 -20595 -32291 15 30136 56 29302 -19517 -9355 42 28 25552 6 -9698 15524 23836 41 8501 -28589 -21843 
-177 -4 0 -140 0 2356 27863 -567 -26 -22 21 1523 -1 4703 0 13092 30 0 23 0 22959 3573 -311 0 -1 23 -6 0 -1 32 12 26760 20836 8337 0 24313 29905 2330 17109 25 -181 -6 -86 -247 3660 7444 21350 0 6 -16 -381 2318 1 13 -2 31197 3354 8193 -93 -73 -2 27576 10 2 24630 13 0 4 2 4993 -16 2 -2 17473 10116 -40 -18 -3 -12 11 7 25 11515 32562 9334 -72 8963 29 -222 7462 -1 -68 12 10979 17 5590 3 27310 29582 -92 -12 28 -318 10574 -150 26338 25623 23 9676 -1 0 8 30136 28 29302 -1 -96 21 14 25552 3 -84 15516 23836 21 8369 0 -1 
110 20
-15985 15292 11 6262 10340 715 27207 26 23129 -13227 14 9399 -17754 5475 59 21685 5593 -17635 18146 13 -26735 -28936 -11203 -17881 -7214 56 -22846 -28379 19449 19612 28253 40 1 30 19000 9923 35 25570 39 -25290 2811 -14163 -30068 31156 12450 22237 9 18323 43 19066 -5724 -29040 26 -14327 -29556 20108 -6925 -13188 62 -6334 39 -12194 906 10 25568 -9556 8690 -8550 19995 -24563 -12310 14 -106 11942 -18009 31943 9361 747 21772 -21465 6 16 -427 24234 -23483 -13812 4438 21 9069 2336 -28607 24380 -21099 -371 29910 12 24 -24294 -8612 -459 16137 19642 13448 -11270 -21547 23402 -6370 59 29020 24 21130 25 21 1049 15960 26622 -26833 -19724 -217 -9950 -7707 -32637 -26771 29042 -15687 31920 -10549 11472 
-7932 7702 6 3140 5195 358 13780 13 11692 -6572 7 4721 -8802 2745 30 10955 2804 -8743 9152 7 -13198 -14268 -5571 -8864 -3595 28 -11299 -13997 9815 9898 14316 20 1 15 9586 4985 18 12941 20 -12492 1407 -7034 -14819 15810 6262 11237 5 9242 22 9619 -2854 -14320 13 -7115 -14571 10151 -3451 -6552 31 -3157 20 -6061 453 5 12940 -4756 4363 -4258 10093 -12138 -6119 7 -53 6005 -8928 16215 4702 374 10999 -10622 3 8 -213 12258 -11610 -6860 2224 11 4554 1169 -14108 12331 -10444 -185 15169 6 12 -12006 -4288 -229 8131 9913 6768 -5605 -10663 11831 -3175 30 14710 12 10672 13 11 525 8040 13480 -13245 -9769 -108 -4951 -3839 -16066 -13214 14721 -7785 16204 -5248 5768 
111 0
356 11344 42 -26609 -22059 48 22 -20783 18570 -25057 1763 32 52 11869 97 6392 46 -12203 4979 45 25954 53 -12784 -24057 -24879 -12820 -10353 28580 3437 610 2356 -28851 17 12 12 -18137 24975 34 2335 -28629 54 3122 23282 -31398 -23744 -23351 1 -8073 11700 -25956 15196 -21178 10450 -2459 -21301 18018 25581 -22081 15646 -28361 -31141 -9117 20 -3845 40 28 6 43 -20709 12559 21495 28189 -30891 -30768 11 -201 55 -27724 -6436 -30642 -31914 -25899 5713 2417 -16296 16083 30527 -21058 -16150 -13248 8800 -19796 29828 -25877 11249 36 -21238 14486 -16572 7793 -23530 -18389 -8951 5 9 -2850 30 22396 -9306 27620 29482 42 -5239 345 28274 32142 -25526 -3699 38 -12318 -4205 -10408 27809 7104 14433 -18218 53 24336 
356 11344 42 0 0 48 22 0 18570 0 1763 32 52 11869 97 6392 46 0 4979 45 25954 53 0 0 0 0 0 28580 3437 610 2356 0 17 12 12 0 24975 34 2335 0 54 3122 23282 0 0 0 1 0 11700 0 15196 0 10450 0 0 18018 25581 0 15646 0 0 0 20 0 40 28 6 43 0 12559 21495 28189 0 0 11 0 55 0 0 0 0 0 5713 2417 0 16083 30527 0 0 0 8800 0 29828 0 11249 36 0 14486 0 7793 0 0 0 5 9 0 30 22396 0 27620 29482 42 0 345 28274 32142 0 0 38 0 0 0 27809 7104 14433 0 53 24336 
112 -30
-16215 52 3 -915 -14149 -7432 -11908 56 19245 50 -10896 17604 -521 5 12943 32082 25342 12961 18793 11265 25508 -16310 30939 8711 -17379 15805 10455 24599 33 24285 3450 12308 -12194 -9907 27161 -5244 4730 13 35 17024 11545 15538 3161 32489 -31378 23323 -11381 8898 -7740 9903 61 -26663 5888 -23898 31691 29 8 -26944 25 6 5 -15145 -6774 16337 6525 8963 4093 3343 38 3 8503 16253 1086 8137 -5802 31062 8621 52 22012 10784 -15958 31226 50 2662 31597 -8494 53 -25185 1701 34 34 12511 -2694 -27574 -24335 -13618 26 -28763 9529 -22053 18216 9181 3 -6502 49 24078 32736 53 -17944 20017 13056 9903 -21042 -27985 11 -32434 15943 25683 22913 -1244 -860 -1573 27332 54 -3687 -4175 -11606 6946 
0 52 3 0 0 0 0 56 19245 50 0 17604 0 5 12943 32082 25342 12961 18793 11265 25508 0 30939 8711 0 15805 10455 24599 33 24285 3450 12308 0 0 27161 0 4730 13 35 17024 11545 15538 3161 32489 0 23323 0 8898 0 9903 61 0 5888 0 31691 29 8 0 25 6 5 0 0 16337 6525 8963 4093 3343 38 3 8503 16253 1086 8137 0 31062 8621 52 22012 10784 0 31226 50 2662 31597 0 53 0 1701 34 34 12511 0 0 0 0 26 0 9529 0 18216 9181 3 0 49 24078 32736 53 0 20017 13056 9903 0 0 11 0 15943 25683 22913 0 0 0 27332 54 0 0 0 6946 
113 -12
36 -14738 8887 18 45 4969 -10651 20 29559 -20190 -25650 -20392 57 -25411 13535 3861 54 -15430 -21389 -4848 56 7360 20373 -23837 -14390 -10054 159 -17802 13863 20 5057 27555 2628 -20897 -25163 15 9 -28287 18491 21070 -21013 49 18182 -15686 3130 29564 14514 43 45 -1734 -1182 -3739 49 1356 -12138 29 14528 -13589 -7319 20613 30656 10487 44 20661 14 31327 8 14 61 -6965 11609 16511 -22291 28444 378 -13601 -23385 19722 18488 -17704 -1990 14682 19 21950 7 17118 29054 2869 -32335 17064 35 -30703 -21952 57 -1440 10970 13020 -9707 3209 -1687 12403 -4625 -27832 2102 22256 44 -27823 14739 9272 9068 -19331 10356 -22666 52 56 58 -12512 27600 13053 -25754 -29618 -27367 30308 44 -16570 10854 11080 -31706 
36 0 8887 18 45 4969 0 20 29559 0 0 0 57 0 13535 3861 54 0 0 0 56 7360 20373 0 0 0 159 0 13863 20 5057 27555 2628 0 0 15 9 0 18491 21070 0 49 18182 0 3130 29564 14514 43 45 0 0 0 49 1356 0 29 14528 0 0 20613 30656 10487 44 20661 14 31327 8 14 61 0 11609 16511 0 28444 378 0 0 19722 18488 0 0 14682 19 21950 7 17118 29054 2869 0 17064 35 0 0 57 0 10970 13020 0 3209 0 12403 0 0 2102 22256 44 0 14739 9272 9068 0 10356 0 52 56 58 0 27600 13053 0 0 0 30308 44 0 10854 11080 0 
114 12
-11778 -20850 63 -32342 -12017 -20170 41 -27800 -8929 18 27 56 -32108 29412 -30209 7531 -19487 48 -328 10133 21 -23472 -19315 6261 37 -8038 23392 16021 -20626 42 23206 15 8446 10711 -20990 32 4705 13 39 52 8468 -28757 2743 -2844 -13118 -2157 60 29757 25691 30510 23119 -18653 63 -15073 54 -21383 -22772 -24479 12 -19241 -23770 -4257 2724 49 10 8108 56 26387 31 13 -5593 -30213 -21329 -14791 62 3089 -15214 -22428 919 -15050 11672 -15439 -24755 -16560 40 -27757 15 42 19039 62 -23568 -22719 -20742 34 28935 -2753 5401 13866 53 -7400 37 18 -8542 38 32 42 32 19925 -31201 -24458 -31604 -32704 3531 -13460 12 8235 -336 22 13 27430 27 30151 6413 1 5394 32 27 149 
-629 -128 32 -12 -607 -146 21 -31 -907 9 14 28 -13 29390 -19 6497 -166 24 -157 9345 11 -76 -172 5145 19 -991 23315 15707 -133 21 23126 8 7493 9980 -124 16 3572 7 20 26 7517 -25 1814 -947 -513 -801 30 29736 25642 30492 23037 -194 32 -371 27 -115 -88 -62 6 -174 -72 -1112 1799 25 5 7124 28 26345 16 7 -1137 -18 -117 -389 31 2101 -362 -94 511 -372 11033 -348 -59 -286 20 -31 8 21 18858 31 -75 -88 -130 17 28910 -931 4261 13412 27 -1044 19 9 -944 19 16 21 16 19772 -15 -62 -14 -11 2483 -486 6 7262 -161 11 7 27397 14 30132 5305 1 4254 16 14 76 
115 40
-27935 -16315 54 8587 31020 56 32128 1750 -9965 17 53 -3000 -9297 22151 -7776 -21636 23515 25294 18799 18528 -13622 -31563 57 11630 13457 -25967 25549 4886 9595 -6353 -17162 -20153 44 38 -6379 -27597 -15876 29 -32533 -11968 -7832 19 -30782 -20013 0 -18863 -16967 29494 34 -15932 -30124 12459 -14014 4506 14489 -14935 -28926 40 23705 28026 12903 -21434 18879 22 -29945 22430 32 21 -15441 16245 12991 2007 17148 -27918 1 60 11 -24008 59 -23121 26539 15786 29814 36 -26505 10787 32156 7079 -22670 29950 11443 -1112 23080 -16714 4449 18 62 19646 -16629 -29454 42 9 1 -20064 36 5899 6342 28654 8 -22378 7431 16909 17269 -27457 -25034 -25749 -8661 60 -17980 -22929 49 -14157 6 -4411 28 18618 -24908 19015 
-13967 -8157 27 4294 15510 28 16064 875 -4982 9 27 -1500 -4648 11076 -3888 -10818 11758 12647 9400 9264 -6811 -15781 29 5815 6729 -12983 12775 2443 4798 -3176 -8581 -10076 22 19 -3189 -13798 -7938 15 -16266 -5984 -3916 10 -15391 -10006 0 -9431 -8483 14747 17 -7966 -15062 6230 -7007 2253 7245 -7467 -14463 20 11853 14013 6452 -10717 9440 11 -14972 11215 16 11 -7720 8123 6496 1004 8574 -13959 1 30 6 -12004 30 -11560 13270 7893 14907 18 -13252 5394 16078 3540 -11335 14975 5722 -556 11540 -8357 2225 9 31 9823 -8314 -14727 21 5 1 -10032 18 2950 3171 14327 4 -11189 3716 8455 8635 -13728 -12517 -12874 -4330 30 -8990 -11464 25 -7078 3 -2205 14 9309 -12454 9508 
116 4
6 30067 7 892 24628 -23661 -19956 15026 -26385 586 14689 11256 -28540 22910 -32294 -28890 -16449 -3960 7162 -1035 25352 -13030 45 59 25858 22 8845 16545 -14087 34 17 -25247 32 -7365 9891 35 5182 -24732 10102 -16601 -12443 34 7221 19591 -18712 10 25170 15416 -30905 -28478 -26349 20921 947 -19579 -27772 -7740 -6316 -9901 36 6440 -7166 -14299 6114 -3078 18198 1006 -4672 8077 52 -4977 18 -16466 1983 -21657 61 -24528 51 5 56 43 -14805 -24523 4689 -17705 13421 -18153 21508 20696 -16705 -25060 45 60 57 37 44 -4790 42 -27638 22 16783 -22534 -26682 -7564 26124 24635 6208 32591 -3787 27448 -3720 -14140 9444 51 21 4403 12798 27452 9629 1564 14276 9 -20921 -11061 -27370 15422 -18205 -6465 62 
4 30067 4 892 24628 0 0 15026 0 586 14689 11256 0 22910 0 0 0 0 7162 0 25352 0 42 58 25858 18 8845 16545 0 30 13 0 28 0 9891 31 5182 0 10102 0 0 30 7221 19591 0 7 25170 15416 0 0 0 20921 947 0 0 0 0 0 33 6440 0 0 6114 0 18198 1006 0 8077 50 0 14 0 1983 0 60 0 49 3 54 40 0 0 4689 0 13421 0 21508 20696 0 0 42 59 55 34 41 0 39 0 18 16783 0 0 0 26124 24635 6208 32591 0 27448 0 0 9444 49 17 4403 12798 27452 9629 1564 14276 6 0 0 0 15422 0 0 61 
117 -16
14491 -31350 24365 10161 -9530 22121 11738 -14089 5044 -3375 27382 -3083 28376 3760 50 16009 -2742 21175 62 -30674 53 17901 -12836 -11044 3886 17921 -22926 23634 30 16438 13 -16658 14032 26768 34 47 -24396 -6310 43 26125 14280 -6363 -5023 -14122 27990 -13955 -5052 58 15 30 -23371 62 -11435 -11495 -24786 -25871 49 -27806 -8964 49 -22761 -6197 12444 -15780 15734 8 -17636 20 -9215 -22723 19413 2279 -26715 55 -5948 -14115 10802 5 30 17 20549 16927 38 27390 29307 40 20663 -11891 19590 11336 26 -21151 7920 16931 7437 -27535 -14784 34 23601 32 -12350 25259 27257 21412 33 32465 15 3 19916 22 -15575 -21402 -20606 31016 61 15338 -14649 -24899 -20547 -29834 -31738 32761 26574 6694 3729 2401 53 17149 
14491 0 24365 10161 0 22121 11738 0 5044 0 27382 0 28376 3760 50 16009 0 21175 62 0 53 17901 0 0 3886 17921 0 23634 30 16438 13 0 14032 26768 34 47 0 0 43 26125 14280 0 0 0 27990 0 0 58 15 30 0 62 0 0 0 0 49 0 0 49 0 0 12444 0 15734 8 0 20 0 0 19413 2279 0 55 0 0 10802 5 30 17 20549 16927 38 27390 29307 40 20663 0 19590 11336 26 0 7920 16931 7437 0 0 34 23601 32 0 25259 27257 21412 33 32465 15 3 19916 22 0 0 0 31016 61 15338 0 0 0 0 0 32761 26574 6694 3729 2401 53 17149 
118 3
20183 -9017 61 29 5345 20570 1957 -23906 -27712 10840 11378 29 47 -21060 9807 -89 17548 16617 21 15 3 -32636 20776 -23249 -3884 -13778 40 23613 16082 30422 7607 55 -31091 11685 -27775 24 31 52 6 29 10550 31165 9247 32301 38 -28105 -4077 26 50 -10206 35 36 -4049 -25786 7045 43 -30245 -10523 -28945 15438 -16666 3 -8678 -15858 16642 -21980 -18777 24932 30916 -14555 34 58 -21639 -4791 2 14690 63 38 15936 -32357 46 8667 8 517 -27815 0 20875 -2568 -26872 21 -17752 -346 845 6986 20061 15469 -2051 13929 -15296 -14601 10339 13835 25888 26151 2 12751 11140 25543 5912 23 34 -24125 -3905 50 5 10 -9972 27 -18555 28 758 21693 -21343 32628 48 15876 21753 7 
20183 0 61 28 5345 20570 1957 0 0 10840 11378 28 47 0 9807 0 17548 16617 20 13 2 0 20776 0 0 0 40 23613 16082 30422 7607 55 0 11685 0 23 30 52 4 28 10550 31165 9247 32301 38 0 0 25 50 0 35 36 0 0 7045 43 0 0 0 15438 0 2 0 0 16642 0 0 24932 30916 0 34 58 0 0 1 14690 63 38 15936 0 46 8667 6 517 0 0 20875 0 0 20 0 0 845 6986 20061 15469 0 13929 0 0 10339 13835 25888 26151 1 12751 11140 25543 5912 22 34 0 0 50 3 8 0 26 0 27 758 21693 0 32628 48 15876 21753 5 
119 -2
-10946 -16145 27871 -8325 58 -1130 39 16256 -11732 30560 -17135 7064 5924 20621 -24457 18 21890 31 61 2 10340 -16677 6555 6221 -3963 30785 36 -7597 -10035 28656 -20278 15607 -27719 2480 33 9107 6209 23375 -30013 9855 26647 -21064 -31763 29896 42 -17416 -28987 14686 37 -521 13534 40 10 -11771 36 27868 -28180 26869 3030 22881 23810 35 12128 -23779 17295 -17623 5639 -28620 28345 26 18303 -8891 43 -26797 1 -6159 14314 -2000 12 28376 46 -17304 38 17383 19 4376 59 11767 14378 -4712 -9987 -18530 -8315 -15801 40 -9491 45 17062 -28823 1478 20088 -16115 -1573 17 3859 -29691 -12154 -17899 54 27730 3079 61 6894 570 12 11 -15876 47 3118 6711 28911 5 -28306 -31850 -15590 45 56 17331 
0 0 27871 0 58 0 39 16256 0 30560 0 7064 5924 20621 0 18 21890 31 61 2 10340 0 6555 6221 0 30785 36 0 0 28656 0 15607 0 2480 33 9107 6209 23375 0 9855 26647 0 0 29896 42 0 0 14686 37 0 13534 40 10 0 36 27868 0 26869 3030 22881 23810 35 12128 0 17295 0 5639 0 28345 26 18303 0 43 0 1 0 14314 0 12 28376 46 0 38 17383 19 4376 59 11767 14378 0 0 0 0 0 40 0 45 17062 0 1478 20088 0 0 17 3859 0 0 0 54 27730 3079 61 6894 570 12 11 0 47 3118 6711 28911 5 0 0 0 45 56 17331 
120 -30
5795 -5107 -19884 16871 16204 54 23217 -23228 22 16044 18318 7392 28738 -920 22 14538 -15563 19 -28946 31611 8557 27415 -17707 26628 60 25224 31901 15 16 -9741 -17797 -16427 17 -19280 -18253 17219 29 10 -22628 -29093 -23932 3154 20 57 41 -24327 -9576 34 5830 9 2887 31516 -4287 -7421 10761 -12407 -4009 28 61 29711 -1833 26461 32 7313 45 29312 -602 -12313 -27955 28038 -6113 9507 9798 28327 12471 32258 13 15 -16630 16759 -12461 19078 -6042 62 55 51 33 16 19 15512 10 57 -24115 60 15583 -13443 -30109 48 36 11 12483 28873 31568 -1183 30955 26097 29 -3147 10203 24726 55 -24816 -14277 -13327 -4467 31 -25867 -23310 52 21444 -18821 -7863 24825 12900 -17970 54 -23087 -11138 
5795 0 0 16871 16204 54 23217 0 22 16044 18318 7392 28738 0 22 14538 0 19 0 31611 8557 27415 0 26628 60 25224 31901 15 16 0 0 0 17 0 0 17219 29 10 0 0 0 3154 20 57 41 0 0 34 5830 9 2887 31516 0 0 10761 0 0 28 61 29711 0 26461 32 7313 45 29312 0 0 0 28038 0 9507 9798 28327 12471 32258 13 15 0 16759 0 19078 0 62 55 51 33 16 19 15512 10 57 0 60 15583 0 0 48 36 11 12483 28873 31568 0 30955 26097 29 0 10203 24726 55 0 0 0 0 31 0 0 52 21444 0 0 24825 12900 0 54 0 0 
121 -12
12050 6615 -16498 5972 30 -21813 -23319 22968 -21867 31854 -15064 25 -11660 -14707 30100 -20143 5579 13221 31 61 5 23187 17964 -4202 -25727 2 15636 17768 16754 47 37 11522 17 1155 -2508 4725 7952 17366 24549 -16971 -3968 -14115 -19213 -16096 -23188 21 -16033 -17445 12265 50 -8258 24 1391 13422 25 -30300 -29735 62 45 -3834 7 15834 14165 -25166 -27196 -37 21040 -30378 46 11454 10404 -17947 -22940 106 -15223 -1806 0 11008 -4721 -26913 -20378 -10670 -13248 -3938 59 -593 -13035 14514 58 6028 37 23790 21376 -16214 26 -22995 60 -4701 7448 7993 5097 -15362 7847 9708 15391 42 -9650 -22043 -19013 -31386 -19064 -11770 9 29 -17210 881 8097 -3527 31523 20163 -7737 25062 18016 -21000 -20452 22160 21560 -6482 
12050 6615 0 5972 30 0 0 22968 0 31854 0 25 0 0 30100 0 5579 13221 31 61 5 23187 17964 0 0 2 15636 17768 16754 47 37 11522 17 1155 0 4725 7952 17366 24549 0 0 0 0 0 0 21 0 0 12265 50 0 24 1391 13422 25 0 0 62 45 0 7 15834 14165 0 0 0 21040 0 46 11454 10404 0 0 106 0 0 0 11008 0 0 0 0 0 0 59 0 0 14514 58 6028 37 23790 21376 0 26 0 60 0 7448 7993 5097 0 7847 9708 15391 42 0 0 0 0 0 0 9 29 0 881 8097 0 31523 20163 0 25062 18016 0 0 22160 21560 0 
122 12
-19210 56 -19282 15 -13706 -3088 -28112 -26430 17364 8460 53 -26059 16978 -24766 -12983 -9515 -6880 -15734 -31075 13 9461 28112 -23 -19943 22 31137 37 1 27122 9544 878 -17462 -1326 -20913 13 8107 15760 -13563 -12196 447 23580 26831 13 30326 27208 25577 59 -1139 -29697 -15275 40 -5236 34 -21990 790 49 -1510 6619 51 -8956 19 9 -1049 -27230 -11652 31300 -29047 0 12362 -12179 16 -16371 34 22604 17165 -30740 45 1505 -32632 2782 6959 35 21310 2440 26438 2567 -21296 38 -8041 -17454 14581 31331 55 12675 8615 -16810 14093 11 -20271 -23142 45 -6398 10188 2332 6818 31673 -7407 -2555 31345 7 10 60 20127 33 27098 15 -27535 2778 -7770 35 3470 1640 -20826 -27737 63 -29317 -25673 32 
-175 28 -172 8 -466 -988 -29 -42 17117 7508 27 -45 16713 -58 -524 -849 -1081 -331 -16 7 8606 28083 -11 -152 11 31122 19 1 27086 8698 486 -242 -557 -126 7 7123 15431 -477 -591 236 23506 26793 7 30307 27172 25527 30 -491 -21 -358 20 -1141 17 -102 433 25 -617 5522 26 -904 10 5 -458 -35 -640 31285 -24 0 11786 -593 8 -295 17 22514 16909 -17 23 889 -11 1846 5883 18 21194 1573 26397 1673 -117 19 -990 -243 14178 31316 28 12125 7677 -273 13656 6 -143 -81 23 -1109 9406 1489 5733 31659 -1043 -892 31330 4 5 30 19980 17 27062 8 -33 1843 -1014 18 2429 982 -128 -32 32 -23 -49 16 
123 40
31 20 10 -10434 13962 53 38 40 -12687 41 -22464 34 25532 -10629 35 36 -18964 -11993 -16632 17045 32471 -375 -6369 62 9367 49 28 -12738 -29441 23791 -3309 848 62 -18381 -26382 25314 -3346 17 14 -17594 -9233 11653 23916 28 -2342 -11500 -19146 11021 19228 -10364 17 10954 -29411 13 8190 4787 13563 27257 -9184 21946 24 61 21824 5492 -14075 -32448 8987 -32366 21 -524 13994 24 -11709 13341 19216 -15129 -7309 18197 -18260 31079 18154 48 27119 -23590 28 -19370 -32183 23 29275 24542 10698 -947 -2543 183 5608 -16562 48 30971 1782 63 -26848 -10685 7 8213 -2289 38 29 -968 -15118 37 -17035 13081 -30072 8877 -29443 -10521 23668 -3487 4610 19 3558 7875 10 12664 26336 -18418 25540 -2968 
16 10 5 -5217 6981 27 19 20 -6343 21 -11232 17 12766 -5314 18 18 -9482 -5996 -8316 8523 16236 -187 -3184 31 4684 25 14 -6369 -14720 11896 -1654 424 31 -9190 -13191 12657 -1673 9 7 -8797 -4616 5827 11958 14 -1171 -5750 -9573 5511 9614 -5182 9 5477 -14705 7 4095 2394 6782 13629 -4592 10973 12 31 10912 2746 -7037 -16224 4494 -16183 11 -262 6997 12 -5854 6671 9608 -7564 -3654 9099 -9130 15540 9077 24 13560 -11795 14 -9685 -16091 12 14638 12271 5349 -473 -1271 92 2804 -8281 24 15486 891 32 -13424 -5342 4 4107 -1144 19 15 -484 -7559 19 -8517 6541 -15036 4439 -14721 -5260 11834 -1743 2305 10 1779 3938 5 6332 13168 -9209 12770 -1484 
124 15
59 -12015 13 -16905 27094 23822 -22169 -7162 9044 47 12 22573 5 48 -6266 57 32 -5115 -18254 20892 23 -18475 4862 -27620 9084 58 -19874 -25380 -17623 20883 -18294 -8835 10267 38 1186 -28411 -10199 33 28949 32734 -19538 4472 29764 672 9006 -1656 7094 55 16163 48 -30695 2105 -14837 17 -18075 19349 -1690 -4822 27 -4376 -9813 -31720 -14627 -1194 48 54 12649 -28016 19 21 19034 54 10963 1931 14690 51 11148 -26655 32727 22 2 -23128 -26052 41 -6542 2902 40 -7315 19 15 -21343 -314 26999 9809 -14969 21916 -31514 56 25852 -16752 -12290 -26475 29 5202 9546 17316 15 -18569 32101 7693 13 49 8494 -32423 20 -2400 4095 19331 -30305 -8101 42 59 7598 -14832 27526 38 -18368 -15306 
30 -4918 7 -6320 18849 16059 -7472 -3192 5142 24 6 15028 3 24 -2835 29 16 -2358 -6649 13668 12 -6701 2611 -8313 5168 29 -7014 -8009 -6498 13660 -6658 -3826 5931 19 604 -8407 -4312 17 20483 23924 -6941 2388 21211 339 5118 -807 3930 28 10035 24 -8642 1086 -5767 9 -6607 12450 -823 -2234 14 -2042 -4177 -8733 -5708 -586 24 27 7530 -8361 10 11 12205 27 6390 994 8964 26 6513 -8187 23917 11 1 -7645 -8106 21 -2946 1515 20 -3251 10 8 -7315 -156 18766 5633 -5804 14491 -8716 28 17776 -6280 -5006 -8164 15 2807 5463 10894 8 -6723 23338 4296 7 25 4794 -8787 10 -1156 2175 12436 -8607 -3552 21 30 4237 -5766 19226 19 -6676 -5898 
125 21
-6673 3 21270 28550 28094 60 10352 14277 35 -7178 29470 58 -20519 3455 -28569 8 4386 42 4 16016 23982 6324 -4763 7542 3148 6247 -7811 -30453 9583 26557 -24835 14 1092 32013 -21417 20975 6823 14986 18009 22 14956 -28662 20712 58 83 26778 46 -11620 -25506 61 -13624 28021 13345 26212 4 -12761 -27013 -11705 -9207 -3323 25758 19195 10856 -27305 -6466 61 225 55 8 31 55 61 21 -4123 10555 -29160 -17235 47 23351 22534 21956 -5785 -6293 24877 -2578 -102 31968 -8559 26348 24934 -8748 6974 12755 13 25939 -22472 29715 -7938 6898 4 29156 13350 29342 -6122 15106 52 32 5082 14 35 7293 4 27705 -29486 5743 -26763 1721 18991 -20414 -10287 -12425 15449 6856 55 -8810 -29076 -1696 -733 
-3331 2 10690 14373 14141 30 5189 7163 18 -3583 14839 29 -10209 1729 -14187 4 2195 21 2 8038 12060 3167 -2379 3778 1575 3128 -3898 -15117 4803 13363 -12343 7 546 16130 -10654 10540 3417 7520 9043 11 7504 -14233 10407 29 42 13474 23 -5794 -12675 31 -6790 14105 6694 13188 2 -6361 -13419 -5836 -4593 -1660 12958 9641 5442 -13564 -3228 31 113 28 4 16 28 31 11 -2059 5291 -14479 -8582 24 11741 11328 11036 -2889 -3142 12513 -1288 -51 16105 -4271 13256 12542 -4365 3493 6397 7 13050 -11176 14963 -3961 3454 2 14679 6696 14773 -3057 7581 26 16 2544 7 18 3653 2 13944 -14639 2875 -13297 861 9538 -10157 -5131 -6194 7753 3433 28 -4396 -14437 -848 -366 
126 7
42 28 3000 29207 -8521 -23177 25247 29384 -10757 -8113 16 -31328 986 18 -7071 26 -24295 7183 -22890 47 4636 12701 9 -8752 16445 5438 5102 -30302 -15706 18 8365 -26664 19617 -16536 46 -5496 32228 37 25007 30801 8523 -7863 28704 6 -20776 40 5261 1184 58 19004 20543 21797 -6666 42 -8442 0 -30436 3265 12465 -17331 -28829 5389 5310 10414 1183 11499 -14081 -4283 22 -11247 -20931 -4312 11452 31642 26327 17559 -15551 24152 1558 55 -4976 23866 36 1832 35 53 -25060 -8156 -30941 57 6 -1736 25178 642 1450 7 29245 -8027 36 25 2670 -12536 63 -14175 15168 11998 54 1186 -26426 5744 -17551 -32313 21184 -23603 -19190 15398 -10238 -14610 58 -12693 26 -27660 19435 -5162 -31574 184 23188 31909 
24 16 3000 29207 0 0 25247 29384 0 0 8 0 986 10 0 14 0 7183 0 28 4636 12701 5 0 16445 5438 5102 0 0 10 8365 0 19617 0 27 0 32228 21 25007 30801 8523 0 28704 3 0 23 5261 1184 35 19004 20543 21797 0 24 0 0 0 3265 12465 0 0 5389 5310 10414 1183 11499 0 0 12 0 0 0 11452 31642 26327 17559 0 24152 1558 33 0 23866 21 1832 20 32 0 0 0 35 3 0 25178 638 1450 4 29245 0 21 14 2670 0 39 0 15168 11998 33 1186 0 5744 0 0 21184 0 0 15398 0 0 35 0 14 0 19435 0 0 149 23188 31909 
127 -8
13476 -12779 -12255 -3586 17803 -777 5 19118 41 -5359 -24643 55 7372 18968 10 37 -13544 -9080 8016 -28932 6 -4336 62 2702 23421 -3797 32477 -16181 -4334 -17121 6741 29 25445 30 12570 15898 40 2 22802 17544 41 15417 49 28853 60 3377 -4824 -9768 26478 33 -32165 28423 1 55 -18580 -15180 59 3982 3 15 21768 -21787 13 -9746 22017 14666 19 277 -15425 4 4161 9 48 24011 13609 -24379 -29131 22621 12892 -7768 57 24672 -8078 -17138 4 -29097 19 29821 16962 -1516 3 51 20994 17296 -13115 30757 35 -3759 -12149 -6703 30 -7345 -31700 -30417 11 23670 13872 5324 -25847 -8185 -32126 -14590 11157 3 453 3440 54 -8647 -18561 13109 26 33 7169 21304 22695 6060 17 16 
13476 0 0 0 17803 0 5 19118 41 0 0 55 7372 18968 10 37 0 0 8016 0 6 0 62 2702 23421 0 32477 0 0 0 6741 29 25445 30 12570 15898 40 2 22802 17544 41 15417 49 28853 60 3377 0 0 26478 33 0 28423 1 55 0 0 59 3982 3 15 21768 0 13 0 22017 14666 19 277 0 4 4161 9 48 24011 13609 0 0 22621 12892 0 57 24672 0 0 4 0 19 29821 16962 0 3 51 20994 17296 0 30757 35 0 0 0 30 0 0 0 11 23670 13872 5324 0 0 0 0 11157 3 453 3440 54 0 0 13109 26 33 7169 21304 22695 6060 17 16 
128 -30
30 37 -11701 32 37 25257 -18464 12235 -28727 18069 0 16731 2 -24238 -26 -14468 12316 -8636 -31157 10173 3 -3733 24682 31696 123 47 7283 -8065 -21283 -1923 -19386 63 35 22314 -29270 20 19528 -1150 30289 -8378 -24081 22323 -18707 -9585 28321 -23798 21463 -5563 -31755 -3712 -30891 20709 54 8407 -14162 9922 60 23448 -28819 -11266 3504 0 -1170 -30257 30350 -21706 -5487 4 -27435 40 -18866 55 24 21737 1 -19128 16 1250 -21562 24 -21539 -14638 -26336 26927 29048 10 7 18 -28364 21696 11 -1907 -16009 21123 -5685 32662 18665 5994 22245 4102 -6457 23552 11874 -427 -3697 32 -410 22151 27110 -412 13 14868 -32168 57 -10185 -4064 46 57 19605 5961 12056 8123 23783 1319 -21056 31 8839 63 
30 37 0 32 37 25257 0 12235 0 18069 0 16731 2 0 0 0 12316 0 0 10173 3 0 24682 31696 123 47 7283 0 0 0 0 63 35 22314 0 20 19528 0 30289 0 0 22323 0 0 28321 0 21463 0 0 0 0 20709 54 8407 0 9922 60 23448 0 0 3504 0 0 0 30350 0 0 4 0 40 0 55 24 21737 1 0 16 1250 0 24 0 0 0 26927 29048 10 7 18 0 21696 11 0 0 21123 0 32662 18665 5994 22245 4102 0 23552 11874 0 0 32 0 22151 27110 0 13 14868 0 57 0 0 46 57 19605 5961 12056 8123 23783 1319 0 31 8839 63 
129 -12
1213 4350 465 -6798 25351 19746 31 -23086 13 -26815 21753 53 -10305 -8379 17276 -1497 5 -19581 36 -4388 19906 -26421 49 -19980 21 -5467 57 15528 39 53 12526 16153 12253 -31657 -19365 -11759 1097 -8632 32394 20941 -12518 -23720 -27831 -1444 7556 20317 22 29427 52 20617 47 -31183 63 52 -26724 37 -19696 11545 32 25101 59 35 -15719 -15129 22463 -10334 26 -31694 -478 35 3830 -1068 25000 -31661 2892 13667 1363 -31274 28253 19134 -13809 -18914 3149 44 -222 19412 -24181 22711 20125 -12616 14 -664 -22970 9759 -20750 16153 1311 26817 -24619 -54 30720 109 7 -21298 42 -17252 43 -10985 18 18251 16188 -24347 -2151 1116 21798 2195 0 12049 -25382 23 -12116 -13248 27523 -18307 -31325 41 -12851 -17339 
1213 4350 465 0 25351 19746 31 0 13 0 21753 53 0 0 17276 0 5 0 36 0 19906 0 49 0 21 0 57 15528 39 53 12526 16153 12253 0 0 0 1097 0 32394 20941 0 0 0 0 7556 20317 22 29427 52 20617 47 0 63 52 0 37 0 11545 32 25101 59 35 0 0 22463 0 26 0 0 35 3830 0 25000 0 2892 13667 1363 0 28253 19134 0 0 3149 44 0 19412 0 22711 20125 0 14 0 0 9759 0 16153 1311 26817 0 0 30720 109 7 0 42 0 43 0 18 18251 16188 0 0 1116 21798 2195 0 12049 0 23 0 0 27523 0 0 41 0 0 
130 12
38 -7147 8380 31357 27908 24097 5524 29936 -17234 -13411 -23983 60 -1930 -21270 318 20439 21234 17 9596 23660 -9342 -4631 13926 20 4391 -197 -21607 10087 -16086 13 -18530 46 38 15093 10958 -11279 -12875 23 117 22593 23110 -27217 22488 8906 -14499 23 -1411 -6358 12230 18403 39 9125 50 1 -373 46 -934 -5682 48 -17021 18598 25078 17527 24499 15 11 42 5414 33 38 -13718 48 24128 3806 -30574 -25077 -12648 -17354 33 -23086 -18162 60 8717 -27043 30 -24470 -2273 -29046 -11014 22376 -28337 -32211 -119 18127 -18535 -14531 -22718 37 -16411 -27390 -4813 -7735 21091 28281 -19194 1726 22 39 13010 -12026 -18330 25281 2490 -8374 22 -17935 -9265 -31696 2537 49 23053 49 -19876 -12008 -31231 18424 994 -222 
19 -1063 7420 31342 27877 24030 4385 29916 -253 -489 -69 30 -742 -117 165 20301 21115 9 8755 23587 -867 -1130 13476 10 3271 -96 -110 9295 -311 7 -199 23 19 14724 10252 -675 -533 12 59 22503 23028 -36 22395 7997 -409 12 -585 -1111 11642 18199 20 8237 25 1 -178 23 -414 -1136 24 -263 18402 25023 17287 24437 8 6 21 4274 17 19 -466 24 24062 2728 -18 -55 -552 -247 17 -82 -213 30 7790 -36 15 -62 -829 -24 -701 22282 -28 -13 -59 17912 -199 -407 -88 19 -293 -34 -1136 -1017 20969 28253 -175 1042 11 20 12489 -606 -206 25229 1612 -960 11 -222 -874 -14 1649 25 22971 25 -154 -608 -15 18221 557 -108 
131 40
-32269 -1626 18 51 59 4675 -21753 -32161 -4331 -28368 -32618 -22984 25 44 14937 3353 18429 61 -13262 -9113 23752 24 11081 -23661 38 -29486 -29409 -2795 15349 -7948 19134 27765 15 55 7934 28505 7006 16 12103 23019 4980 38 40 -16992 -27056 -8183 -29835 7747 -803 -29789 -30569 24206 -24803 -886 5264 55 -30989 -11224 41 42 16006 -23965 18347 7243 29 7689 32 -18219 33 -28959 -29534 26 56 -16707 47 -998 -31037 -10121 23371 6710 25 -32189 -29777 28277 15182 -9249 32294 -21435 3028 1 18054 -28878 -18479 -21733 21 -25015 18914 19082 -9645 -11980 13004 62 -24116 -1381 51 26557 6331 6287 11365 32047 2559 27392 8195 9256 -5089 -901 16601 -17056 -735 -19050 -28123 55 18 52 23303 2936 19 7593 
-16134 -813 9 26 30 2338 -10876 -16080 -2165 -14184 -16309 -11492 13 22 7469 1677 9215 31 -6631 -4556 11876 12 5541 -11830 19 -14743 -14704 -1397 7675 -3974 9567 13883 8 28 3967 14253 3503 8 6052 11510 2490 19 20 -8496 -13528 -4091 -14917 3874 -401 -14894 -15284 12103 -12401 -443 2632 28 -15494 -5612 21 21 8003 -11982 9174 3622 15 3845 16 -9109 17 -14479 -14767 13 28 -8353 24 -499 -15518 -5060 11686 3355 13 -16094 -14888 14139 7591 -4624 16147 -10717 1514 1 9027 -14439 -9239 -10866 11 -12507 9457 9541 -4822 -5990 6502 31 -12058 -690 26 13279 3166 3144 5683 16024 1280 13696 4098 4628 -2544 -450 8301 -8528 -367 -9525 -14061 28 9 26 11652 1468 10 3797 
132 -29
-26721 -5900 1134 3078 -4996 3 30649 25504 61 -22638 -31867 49 -20945 46 -7794 -29537 -15166 14094 -6522 -27068 53 -2214 -16340 31449 10826 5904 -22656 -17871 21510 22557 -80 14 26432 8576 -18783 -27381 826 12 2 33 16193 17850 24 30 5207 -27212 18 27 20136 45 5 -30195 31396 31 7133 22 42 -32685 31 -19715 24167 5937 -27151 29183 -16582 -31268 -4726 -11553 -29483 31552 -9619 23465 14 -15465 5140 -11316 320 31786 23 24252 -22943 -14150 57 13 25005 17938 -137 -1493 45 15828 51 30 57 50 27185 22444 17924 297 30269 13612 53 14047 42 28812 51 -21749 7175 41 -25315 8619 5 -6753 22756 49 -14317 -32322 13 -1032 -18506 11544 56 29838 10284 -8263 19383 25 25247 9970 
0 0 1134 3078 0 3 30649 25504 61 0 0 49 0 46 0 0 0 14094 0 0 53 0 0 31449 10826 5904 0 0 21510 22557 0 14 26432 8576 0 0 826 12 2 33 16193 17850 24 30 5207 0 18 27 20136 45 5 0 31396 31 7133 22 42 0 31 0 24167 5937 0 29183 0 0 0 0 0 31552 0 23465 14 0 5140 0 320 31786 23 24252 0 0 57 13 25005 17938 0 0 45 15828 51 30 57 50 27185 22444 17924 297 30269 13612 53 14047 42 28812 51 0 7175 41 0 8619 5 0 22756 49 0 0 13 0 0 11544 56 29838 10284 0 19383 25 25247 9970 
133 -8
21443 -28766 1474 22908 53 24496 -20894 16 -31069 10877 -30628 -26702 13 26189 -8372 -20341 13627 -24703 -21334 28599 30 34 35 -14787 1084 -28796 20274 -3856 20117 -6891 -1177 28126 -29530 -10990 21793 5051 -30000 13095 13360 26544 28769 3143 -29611 3987 28885 14 25 -8347 -10261 28622 15102 21154 63 25493 16123 62 22325 -7098 17241 -12495 24851 28550 6 46 -13578 6916 -7490 -13635 52 -6877 18 -28372 -19466 23877 31276 9588 -6494 6513 -30998 -10789 44 57 -29966 62 15 19027 -24253 7 7011 55 28515 -23098 -3888 19578 -10799 24686 -2180 15565 -14007 -19386 -20263 -16540 28605 -11547 -1614 3567 22 -4390 33 -7944 -11260 -19911 31914 -28245 -11584 48 -3977 50 3997 18 3843 60 26903 -3500 -11099 -10068 -27832 -11748 
21443 0 1474 22908 53 24496 0 16 0 10877 0 0 13 26189 0 0 13627 0 0 28599 30 34 35 0 1084 0 20274 0 20117 0 0 28126 0 0 21793 5051 0 13095 13360 26544 28769 3143 0 3987 28885 14 25 0 0 28622 15102 21154 63 25493 16123 62 22325 0 17241 0 24851 28550 6 46 0 6916 0 0 52 0 18 0 0 23877 31276 9588 0 6513 0 0 44 57 0 62 15 19027 0 7 7011 55 28515 0 0 19578 0 24686 0 15565 0 0 0 0 28605 0 0 3567 22 0 33 0 0 0 31914 0 0 48 0 50 3997 18 3843 60 26903 0 0 0 0 0 
134 -22
-31152 38 -2420 -7344 5105 49 521 -7142 24 17126 38 13 -21972 5629 -9219 8 29 19762 -14801 14475 5920 15 15 -19309 12325 16113 11051 -10600 -15010 14 38 35 15574 -12892 200 -21593 -7378 12154 -9807 -1733 20800 527 -1635 37 1760 -23017 38 -27769 -22749 5639 59 18011 9492 0 -19793 12005 52 30395 55 6324 -25768 -3229 -14486 -31960 -13695 0 16 29 -14651 -23732 22074 -1498 4509 1600 13826 29116 16616 6069 -3289 -27577 -12119 -18184 -3759 19556 -21616 41 30583 -12976 21 27849 -25160 16640 13310 -4747 -20951 -30039 -4486 23626 17372 14591 -28334 17342 26801 40 60 57 5655 26 30 15637 -11300 -338 37 17496 -31158 -28789 17 19811 31130 -9011 29889 -16227 30772 16057 -10076 -29765 26123 5122 
0 38 0 0 5105 49 521 0 24 17126 38 13 0 5629 0 8 29 19762 0 14475 5920 15 15 0 12325 16113 11051 0 0 14 38 35 15574 0 200 0 0 12154 0 0 20800 527 0 37 1760 0 38 0 0 5639 59 18011 9492 0 0 12005 52 30395 55 6324 0 0 0 0 0 0 16 29 0 0 22074 0 4509 1600 13826 29116 16616 6069 0 0 0 0 0 19556 0 41 30583 0 21 27849 0 16640 13310 0 0 0 0 23626 17372 14591 0 17342 26801 40 60 57 5655 26 30 15637 0 0 37 17496 0 0 17 19811 31130 0 29889 0 30772 16057 0 0 26123 5122 
135 1
-5475 18 47 16 30717 21738 -21228 42 5242 32760 60 1 48 25 12150 30 -10515 -20709 -8385 -21881 22 43 19630 20215 54 436 2300 -30705 35 6 8292 -21889 48 -389 14 -19837 -20845 30291 3 6 39 47 8855 -20221 -28889 31 -4144 15827 -3602 23828 31 29345 27659 -8387 -15872 121 -19651 8742 10813 15 -1356 7851 -32376 28630 -20412 3 19595 23717 8891 24181 14086 -26175 3 62 -18832 2600 52 -21950 -11219 -14241 36 -30599 46 19 3336 22413 -5182 -3678 9937 26436 12 2896 40 -22571 -7331 11 -16099 -24996 63 34 -19926 -26269 31 -20557 28 16897 25964 -12478 29 20766 -29421 -24878 12 -24629 15346 20952 12065 -15301 -2994 2415 -30253 -6094 19956 -19974 7511 16874 -1686 11456 
0 18 47 16 30717 21738 0 42 5242 32760 60 1 48 25 12150 30 0 0 0 0 22 43 19630 20215 54 436 2300 0 35 6 8292 0 48 0 14 0 0 30291 2 6 39 47 8855 0 0 31 0 15827 0 23828 31 29345 27659 0 0 121 0 8742 10813 15 0 7851 0 28630 0 2 19595 23717 8891 24181 14086 0 2 62 0 2600 52 0 0 0 36 0 46 19 3336 22413 0 0 9937 26436 12 2896 40 0 0 11 0 0 63 34 0 0 31 0 28 16897 25964 0 29 20766 0 0 12 0 15346 20952 12065 0 0 2415 0 0 19956 0 7511 16874 0 11456 
136 -30
46 -8735 7517 2 26647 62 -3576 22736 -1834 -3012 9383 19666 -11293 28 30978 1630 8078 23 25 21159 34 17720 22279 -18574 -20671 6 -23326 6085 25 59 -24915 -30946 14481 -7814 61 23018 1134 -22385 -13832 -20265 -8928 -30112 -30595 5374 62 18389 21083 15658 8302 11968 23 13387 -6094 23121 -23033 -15515 -22774 20070 14020 24967 1929 -10951 -12370 -23639 -19274 20004 -17943 50 6 5632 -283 31449 58 -5340 62 23862 48 -26636 59 20680 5578 720 54 24412 2 24108 -32566 13 -25891 29 22041 11432 -18872 30434 8 18620 60 11850 6526 16111 -14800 12 -20313 19408 -10989 -30267 -14443 32558 -11539 26104 1 62 6 -27339 -14201 20141 10009 -7054 49 6357 -5068 25 -15711 31 8085 -4861 19840 8 
46 0 7517 2 26647 62 0 22736 0 0 9383 19666 0 28 30978 1630 8078 23 25 21159 34 17720 22279 0 0 6 0 6085 25 59 0 0 14481 0 61 23018 1134 0 0 0 0 0 0 5374 62 18389 21083 15658 8302 11968 23 13387 0 23121 0 0 0 20070 14020 24967 1929 0 0 0 0 20004 0 50 6 5632 0 31449 58 0 62 23862 48 0 59 20680 5578 720 54 24412 2 24108 0 13 0 29 22041 11432 0 30434 8 18620 60 11850 6526 16111 0 12 0 19408 0 0 0 32558 0 26104 1 62 6 0 0 20141 10009 0 49 6357 0 25 0 31 8085 0 19840 8 
137 -12
1430 15141 3 -18241 32437 16762 5887 32327 12760 24831 -8335 -10282 42 57 27 -27478 16773 27 31792 -28351 -9556 -24275 -22472 -16350 -15288 -32307 -19283 -29253 -8030 7792 48 2701 4907 25935 22601 -19523 27277 28237 -3311 22259 7361 9704 31 26 43 28038 2769 -17099 -10413 18 -12132 15 4600 14622 23112 59 30 21677 36 9 -22129 -16053 -3019 -13929 19819 -15701 -27616 23 -4656 13702 13 58 102 9 21771 23469 -12439 28807 11425 -12152 -17682 46 8192 -20782 -32440 9 -20799 -15092 28320 37 47 33 30819 25 16312 -5540 16743 -10211 32678 31727 -16972 -21678 -27450 -13963 5162 40 24737 52 -25428 18586 -4655 6713 43 -2584 -6630 61 9042 0 -26770 41 23806 6 -31449 10029 34 -29050 -28161 56 
1430 15141 3 0 32437 16762 5887 32327 12760 24831 0 0 42 57 27 0 16773 27 31792 0 0 0 0 0 0 0 0 0 0 7792 48 2701 4907 25935 22601 0 27277 28237 0 22259 7361 9704 31 26 43 28038 2769 0 0 18 0 15 4600 14622 23112 59 30 21677 36 9 0 0 0 0 19819 0 0 23 0 13702 13 58 102 9 21771 23469 0 28807 11425 0 0 46 8192 0 0 9 0 0 28320 37 47 33 30819 25 16312 0 16743 0 32678 31727 0 0 0 0 5162 40 24737 52 0 18586 0 6713 43 0 0 61 9042 0 0 41 23806 6 0 10029 34 0 0 56 
138 12
-19705 17 -13405 23 57 2858 28469 -31759 -15798 16 -5427 19035 39 49 13 -4474 -7222 62 -3165 27597 25007 24044 34 -30407 -21977 2841 28907 -2005 19 45 -10427 0 -11327 -11584 3 15075 -28773 -19624 -13798 -8107 3251 -19161 9 -26952 2 28301 20189 -7615 32699 28054 19967 4473 -7727 56 -9880 24298 7153 53 34 -26917 -25169 21 50 14101 19827 60 -25582 0 9904 -10375 20179 3127 -19952 -10943 11 8895 27686 45 -24343 -29236 -10649 12169 18549 61 40 3092 27323 -13615 -22641 2013 34 2 -21287 12 12380 -10411 -20780 47 7069 -31908 -30480 -29440 -16773 -7837 -19297 15312 -14441 8686 -17877 36 14299 -28091 40 28 -1991 -26134 28 -29297 -26915 31007 -14944 -24051 -4779 -3944 22446 17351 50 28181 
-159 9 -490 12 29 1908 28442 -14 -327 8 -1140 18854 20 25 7 -1124 -1057 31 -1000 27564 24951 23976 17 -19 -103 1894 28882 -762 10 23 -759 0 -671 -647 2 14704 -25 -162 -459 -984 2239 -177 5 -37 1 28272 20044 -1027 32688 28024 19816 3349 -1018 28 -813 24233 6091 27 17 -38 -54 11 25 13664 19671 30 -49 0 9093 -764 20034 2133 -152 -708 6 7985 27654 23 -64 -23 -737 11576 18351 31 20 2103 27289 -473 -90 1249 17 1 -117 6 11805 -760 -129 24 6000 -14 -18 -22 -275 -1008 -172 14956 -413 7756 -225 18 13876 -29 20 14 -758 -44 14 -23 -38 30991 -379 -68 -1135 -1090 22353 17104 25 28152 
139 40
-11482 0 -5945 19500 42 -10418 20829 9400 55 -2955 -20556 19 -22657 685 23 36 -23754 19218 61 12348 -32539 13147 13900 28993 29899 -31686 11430 26456 -28030 -18647 28100 16366 10282 0 21716 -11810 5495 -5156 12779 30224 20619 6615 -7048 4675 -29747 11222 59 14 11545 51 -8315 -32695 3090 23067 -9784 21144 -2371 11 -4791 25529 -18290 46 5474 30912 -16544 16377 35 -25319 39 16900 31 -14192 9158 17388 -28375 22810 10006 -30594 -30903 22372 53 21509 37 3553 -31105 -23217 18670 36 18602 -26292 -8196 -6637 27909 -2918 0 12 11812 0 6 -465 21 10334 -14051 11107 15771 30 13 18 17320 -25793 19 3249 5495 -6939 -19754 11 1413 43 18085 15082 -14881 11811 -11538 6 31347 11782 23728 25524 
-5741 0 -2972 9750 21 -5209 10415 4700 28 -1477 -10278 10 -11328 343 12 18 -11877 9609 31 6174 -16269 6574 6950 14497 14950 -15843 5715 13228 -14015 -9323 14050 8183 5141 0 10858 -5905 2748 -2578 6390 15112 10310 3308 -3524 2338 -14873 5611 30 7 5773 26 -4157 -16347 1545 11534 -4892 10572 -1185 6 -2395 12765 -9145 23 2737 15456 -8272 8189 18 -12659 20 8450 16 -7096 4579 8694 -14187 11405 5003 -15297 -15451 11186 27 10755 19 1777 -15552 -11608 9335 18 9301 -13146 -4098 -3318 13955 -1459 0 6 5906 0 3 -232 11 5167 -7025 5554 7886 15 7 9 8660 -12896 10 1625 2748 -3469 -9877 6 707 22 9043 7541 -7440 5906 -5769 3 15674 5891 11864 12762 
140 -11
10 19220 -1854 20 -32441 -13770 -19189 21 22711 13202 61 22712 7341 50 11835 15501 10290 -29300 12127 11979 -28701 37 20847 59 -14900 17852 16874 21296 1959 28429 18780 3180 -6664 3077 20042 20 -19546 32561 17317 23280 10038 32559 -5994 13135 -3497 15100 -27097 32409 1772 22153 13874 31 -20617 -7231 22168 30246 -13425 4915 5825 17199 -6595 -18597 3 34 -27144 -10327 23339 13 -3163 -11332 19018 -26557 28585 14 42 -24095 41 -3251 -23228 33 5717 -25218 8 11384 6471 10 53 14116 -224 24714 -22592 -625 -22099 3039 4438 -25278 -31173 -3984 26827 3972 -29870 -1457 -19754 16 34 -16170 7789 18392 8 -19306 35 -24277 -11561 -26383 -28077 30687 2611 -2313 7966 -15014 -6954 54 -5990 -15013 42 13928 24059 -9094 
10 19220 0 20 0 0 0 21 22711 13202 61 22712 7341 50 11835 15501 10290 0 12127 11979 0 37 20847 59 0 17852 16874 21296 1959 28429 18780 3180 0 3077 20042 20 0 32561 17317 23280 10038 32559 0 13135 0 15100 0 32409 1772 22153 13874 31 0 0 22168 30246 0 4915 5825 17199 0 0 3 34 0 0 23339 13 0 0 19018 0 28585 14 42 0 41 0 0 33 5717 0 8 11384 6471 10 53 14116 0 24714 0 0 0 3039 4438 0 0 0 26827 3972 0 0 0 16 34 0 7789 18392 8 0 35 0 0 0 0 30687 2611 0 7966 0 0 54 0 0 42 13928 24059 0 
141 8
-27277 -21205 -17373 8075 48 1168 -517 -12277 -23814 -10929 16135 13290 -30716 439 11762 8662 -26333 24386 9946 -440 9062 16 18005 32205 -18991 -6706 56 8189 -17322 5 42 29249 -813 -29269 -9224 -19210 29044 -21210 -3786 -23700 143 -31995 20 -26802 18200 -14245 -9522 -3717 45 -32268 -26105 -5802 21639 -28158 42 21713 21970 24685 -8869 -21555 27 12 27774 -823 63 17602 11 -6740 48 45 22 48 22910 -32594 27088 10657 54 -26471 11261 -8673 22 -4079 13 51 31313 29 -22232 18200 -23106 22731 3850 9703 12 -2291 3 -2162 -22657 1361 7998 14108 0 13 -5998 48 -6186 18362 -31747 -22294 22699 -12968 12848 25930 -13533 25130 17726 13933 11 15407 59 -10276 7 1244 30327 18540 -28890 -26890 26032 -20270 
0 0 0 8075 26 1156 -61 0 0 0 16135 13290 0 372 11762 8662 0 24386 9946 -67 9062 8 18005 32205 0 0 31 8189 0 3 23 29249 -33 0 0 0 29044 0 0 0 91 0 10 0 18200 0 0 0 24 0 0 0 21639 0 23 21713 21970 24685 0 0 14 6 27774 -32 35 17602 6 0 26 24 11 26 22910 0 27088 10657 30 0 11261 0 11 0 7 28 31313 15 0 18200 0 22731 3850 9703 6 0 2 0 0 1354 7998 14108 0 7 0 26 0 18362 0 0 22699 0 12848 25930 0 25130 17726 13933 6 15407 33 0 4 1234 30327 18540 0 0 26032 0 
142 17
43 -12236 55 -31039 22 5106 -29235 6 15 -16076 52 31083 58 28072 25954 12690 8771 -32621 56 -16423 11451 2866 -8552 -1423 23668 -3356 39 36 28235 2 -28041 12298 22878 26 3 5494 55 -22815 19407 5708 18583 30865 -28226 43 -3054 29 1375 -26379 12927 49 23011 3811 56 46 13059 -11224 10 970 -25603 -15492 30868 24965 -30241 42 30 -2946 -4853 -5477 15 26 -19484 10375 52 21 14 9631 -29420 20838 -4921 17623 -9866 20661 1323 -23438 5410 253 24259 -27207 -7400 -10351 44 -28599 31 -24184 -1683 -26624 4 -26015 18373 16486 28531 38 -28709 2307 3312 -1690 2189 27949 -16856 14558 22 -28610 -8960 40 -25273 3948 25598 -10422 5 16 26 -27437 -16559 35 9 53 -28124 -27620 
22 -5833 28 -13690 11 2603 -12994 3 8 -7546 26 17375 29 15533 14257 6652 4532 -14292 28 -7698 5975 1449 -4137 -708 12900 -1656 20 18 15631 1 -12527 6437 12435 13 2 2805 28 -10417 10420 2916 9949 17242 -12600 22 -1509 15 691 -11868 6782 25 12513 1933 28 23 6854 -5372 5 487 -11555 -7289 17244 13667 -13385 21 15 -1456 -2381 -2681 8 13 -9020 5393 26 11 7 4992 -13067 11245 -2414 9403 -4748 11143 665 -10675 2761 127 13249 -12197 -3596 -4971 22 -12745 16 -10979 -836 -11965 2 -11721 9829 8761 15813 19 -12790 1164 1677 -840 1104 15458 -7887 7683 11 -12750 -4327 20 -11422 2004 14045 -5004 3 8 13 -12289 -7757 18 5 27 -12559 -12361 
143 10
30429 -7664 6394 -24732 -17769 13 20561 31 45 24 25925 -9401 -10420 17862 51 -13282 -23729 10469 10377 35 42 12334 -7760 48 -19424 -17534 31924 -10961 -32598 7463 12115 -18288 -29140 21 22311 -11291 -1390 24912 44 -28762 -12397 53 0 27427 42 -22199 28106 12 -20054 41 10 -32561 4 -18380 -7555 5021 2538 56 238 51 14368 -25140 56 16 30233 -10969 -29328 3 15890 32 16700 31618 3216 -3819 -367 18 25937 24 21655 28661 20129 54 -17046 -13229 -25575 -14369 21367 -16032 -2408 15 -3511 48 -19559 8121 59 -29987 13 10879 -4834 2370 128 19789 51 27313 11114 24816 3 26640 22626 -22671 -3608 6489 -12551 -416 -12946 -26167 -1732 -26807 7358 -993 16 -5966 14845 1 -26331 -18300 -13298 21 
30429 -4 6382 0 0 7 20561 16 23 12 25925 -1 0 17862 26 0 0 10469 10377 18 21 12334 -4 25 0 0 31924 0 0 7458 12115 0 0 11 22311 0 -285 24912 22 0 0 27 0 27427 21 0 28106 6 0 21 5 0 2 0 -5 4984 2342 29 133 26 14368 0 29 8 30233 0 0 2 15890 16 16700 31618 3083 -90 -151 9 25937 12 21655 28661 20129 28 0 0 0 0 21367 0 -209 8 -110 25 0 8118 30 0 7 10879 -43 2157 68 19789 26 27313 11114 24816 2 26640 22626 0 -103 6478 0 -166 0 0 -270 0 7352 -273 8 -17 14845 1 0 0 0 11 
144 -30
-15629 -12142 20595 45 -14122 -6725 -31784 -29326 11856 60 28238 42 18967 21 22200 -12086 -18795 -29957 37 21998 22953 -28540 7118 -32219 3 -27298 18115 11 -6148 22 32652 23529 -893 -13609 -802 8 3 -11882 16777 26 30871 12249 12 14631 -11736 18 -904 -4848 29038 16657 13 29269 -31603 -24651 14456 -13133 5345 47 28660 31 51 19355 17525 12705 43 37 47 -29284 14878 47 22 33 -814 53 -26106 -11991 27755 18925 10451 -840 -18925 5940 -14447 23327 -1958 507 -29193 10 15475 -14022 -19132 -22929 16592 -11910 -9722 37 18055 16510 21937 -27749 17860 30 -21636 -26030 27233 -319 7949 -11919 4 -6064 16917 30 -4766 54 -12716 12366 -11956 12 11895 26 3712 -20133 29331 15 3276 51 3029 7 
0 0 20595 45 0 0 0 0 11856 60 28238 42 18967 21 22200 0 0 0 37 21998 22953 0 7118 0 3 0 18115 11 0 22 32652 23529 0 0 0 8 3 0 16777 26 30871 12249 12 14631 0 18 0 0 29038 16657 13 29269 0 0 14456 0 5345 47 28660 31 51 19355 17525 12705 43 37 47 0 14878 47 22 33 0 53 0 0 27755 18925 10451 0 0 5940 0 23327 0 507 0 10 15475 0 0 0 16592 0 0 37 18055 16510 21937 0 17860 30 0 0 27233 0 7949 0 4 0 16917 30 0 54 0 12366 0 12 11895 26 3712 0 29331 15 3276 51 3029 7 
145 -12
2873 21655 -6906 45 2608 -20739 8403 -947 56 14053 28235 58 19 45 -2585 26903 12916 6784 11759 -3855 -21349 -7553 18 5005 9344 11049 -29491 -7172 -3358 30001 15681 7821 -24452 -3397 13096 14621 17551 -19088 44 4494 16297 25 -14812 -6200 6060 13579 30643 1092 -25359 4166 -259 25939 -20840 -25315 6530 11567 27373 11 15952 15109 -24075 41 12 55 25 -21707 2805 48 29238 52 16 20197 -30111 -19471 -17310 1 -23611 -21703 25797 44 4588 27084 32305 29339 29444 12 54 37 -27840 -19700 12053 63 11137 22356 14 -2938 37 43 24699 47 13819 37 17822 21931 -30490 25781 18 47 51 -14097 -16274 -30523 1279 -31647 -32365 2352 10446 25830 -32303 -12230 59 -6328 4158 20229 22547 -11344 4905 57 
2873 21655 0 45 2608 0 8403 0 56 14053 28235 58 19 45 0 26903 12916 6784 11759 0 0 0 18 5005 9344 11049 0 0 0 30001 15681 7821 0 0 13096 14621 17551 0 44 4494 16297 25 0 0 6060 13579 30643 1092 0 4166 0 25939 0 0 6530 11567 27373 11 15952 15109 0 41 12 55 25 0 2805 48 29238 52 16 20197 0 0 0 1 0 0 25797 44 4588 27084 32305 29339 29444 12 54 37 0 0 12053 63 11137 22356 14 0 37 43 24699 47 13819 37 17822 21931 0 25781 18 47 51 0 0 0 1279 0 0 2352 10446 25830 0 0 59 0 4158 20229 22547 0 4905 57 
146 12
50 -20936 11821 -4168 29079 -19270 -10848 -18521 -19579 -25830 -26391 -20479 48 27 19 41 -1144 2966 3250 25964 -7876 1 -24684 -21004 -4836 -14864 46 -11135 -10919 35 -9842 22900 -6427 22738 20 -11793 -30853 32027 25734 19 50 53 63 6 -4969 17 -13517 11 3369 31220 14478 -5376 -7818 16532 58 48 32084 8487 -27679 -13178 44 53 30502 -29704 -12618 2538 7781 -22604 48 20780 12854 -10181 13 30186 -32475 5 3820 -31178 -14377 2 45 16667 -1622 51 -9693 17825 5602 4666 12887 -5080 34 5 20 31 -932 -4412 -21515 -4317 26 -22242 58 6693 -19305 -11121 -3483 23695 4 -6545 29702 7034 16 7550 -10934 13817 43 12 -23183 -13592 8 20352 61 29 -27084 22 -8669 -16212 -7581 19204 
25 -125 11196 -1107 29055 -173 -717 -200 -163 -47 -42 -137 24 14 10 21 -493 1998 2238 25918 -1005 1 -60 -124 -1136 -384 23 -689 -710 18 -817 22815 -1108 22650 10 -627 -17 32014 25686 10 25 27 32 3 -1139 9 -481 6 2341 31205 14068 -1140 -1010 16245 29 24 32071 7537 -32 -508 22 27 30484 -21 -555 1650 6768 -90 24 20651 12320 -783 7 30167 -12 3 2741 -15 -417 1 23 16387 -653 26 -832 17598 4465 3535 12355 -1140 17 3 10 16 -413 -1121 -112 -1116 13 -97 29 5600 -172 -691 -1043 23623 2 -1102 29681 5963 8 6518 -709 13359 22 6 -81 -475 4 20212 31 15 -36 11 -932 -304 -1030 19029 
147 40
21 -4915 24491 18574 -29237 37 -20891 -23992 57 3994 3044 -31619 29029 52 16500 -11729 -29597 -12125 30366 31081 -25334 21106 -20596 9050 55 7548 27 23650 62 21 -30987 3 31263 -28246 18821 22075 15019 26 -15409 12310 20148 20 -1087 -22082 7 29 21700 13878 8 -29932 16 7920 14 25 -4564 24 24977 34 8063 5 63 17 -26259 34 59 -28521 19 -15378 -15825 -13964 50 9157 15195 -19140 -14715 -27142 -16255 22 28981 -2835 -7341 -19732 -27930 43 20635 -1073 4371 4368 13431 19932 17258 -12664 -15770 -31310 -6493 23 -13221 -19893 9 18635 13 -9185 -28176 17168 23579 37 -23199 17 26193 -26090 16980 54 -23933 22664 13371 -18114 4751 2830 23280 16590 -30798 -10384 27299 6965 39 -14300 -8434 -11825 
11 -2457 12246 9287 -14618 19 -10445 -11996 29 1997 1522 -15809 14515 26 8250 -5864 -14798 -6062 15183 15541 -12667 10553 -10298 4525 28 3774 14 11825 31 11 -15493 2 15632 -14123 9411 11038 7510 13 -7704 6155 10074 10 -543 -11041 4 15 10850 6939 4 -14966 8 3960 7 13 -2282 12 12489 17 4032 3 32 9 -13129 17 30 -14260 10 -7689 -7912 -6982 25 4579 7598 -9570 -7357 -13571 -8127 11 14491 -1417 -3670 -9866 -13965 22 10318 -536 2186 2184 6716 9966 8629 -6332 -7885 -15655 -3246 12 -6610 -9946 5 9318 7 -4592 -14088 8584 11790 19 -11599 9 13097 -13045 8490 27 -11966 11332 6686 -9057 2376 1415 11640 8295 -15399 -5192 13650 3483 20 -7150 -4217 -5912 
148 23
-11207 -183 40 6 -28594 -19236 442 21524 -29620 22 16482 9648 59 26 9 -18749 9 -7222 -24334 45 20481 15657 7504 -20381 10 -30878 -9802 21 51 42 21413 23 17356 27759 25 -6101 -9940 -25953 -10142 19425 -15257 -14182 25662 62 5052 12543 -20755 6925 23 11 -16272 2790 -16605 61 -18762 18 16462 26761 2634 7258 14554 -6242 8977 -17250 20 13952 3 -32213 32564 10390 31 -26451 25940 -9449 28 39 9313 32 -4748 56 -19410 -8475 27588 -17669 -3087 -16146 -6854 -19931 15026 17361 -15605 46 20675 15 21936 -8444 -31349 -23437 12655 14 23 3 63 -18189 1850 20 5901 675 32 28 -5617 18 28325 44 -7153 -5536 32199 62 1 7137 -15378 2292 6113 17478 24562 53 29959 -20388 
-5600 -91 20 3 -14273 -9607 221 10776 -14785 11 8249 4827 30 13 5 -9364 5 -3609 -12149 23 10253 7836 3754 -10178 5 -15411 -4898 11 26 21 10720 12 8686 13903 13 -3049 -4967 -12956 -5068 9723 -7622 -7085 12851 31 2527 6276 -10365 3464 12 6 -8128 1395 -8294 31 -9371 9 8239 13402 1317 3631 7283 -3120 4491 -8617 10 6982 2 -16075 16314 5198 16 -13205 12991 -4722 14 20 4659 16 -2373 28 -9694 -4235 13816 -8825 -1543 -8065 -3426 -9953 7519 8689 -7795 23 10350 8 10983 -4220 -15646 -11703 6332 7 12 2 32 -9085 925 10 2952 338 16 14 -2807 9 14187 22 -3575 -2767 16131 31 1 3570 -7681 1146 3058 8749 12299 27 15007 -10182 
149 1
11 11 60 -29630 -26577 12054 -10026 -25304 22523 -28181 22 56 33 -5915 48 -14729 40 18075 -23004 28230 1472 2868 -9109 41 -22232 -10688 26 59 -1813 2 21049 23062 -20191 53 28 31163 -14004 58 -22773 10931 26 7203 -23967 7576 -1089 -19561 26210 9720 -27564 -6516 -17310 20629 3802 1614 45 8085 -29388 51 -7804 8050 -2777 51 -32756 24652 14 -21098 -8871 -28108 1243 21941 29544 -24860 52 10432 8557 0 30954 -6780 -1234 13032 -4133 5792 17340 60 7499 -2453 0 23265 -24454 -9243 62 -13914 25670 -23130 -30840 -14364 6682 23534 13286 -11423 -11060 19011 43 29 6483 -29012 -27962 35 52 -2429 -16401 -15721 18774 -20495 48 27 -10471 22957 -14112 30 20644 0 -25832 22787 761 -15040 -22986 26505 
11 11 60 0 0 12054 0 0 22523 0 22 56 33 0 48 0 40 18075 0 28230 1472 2868 0 41 0 0 26 59 0 1 21049 23062 0 53 28 31163 0 58 0 10931 26 7203 0 7576 0 0 26210 9720 0 0 0 20629 3802 1614 45 8085 0 51 0 8050 0 51 0 24652 14 0 0 0 1243 21941 29544 0 52 10432 8557 0 30954 0 0 13032 0 5792 17340 60 7499 0 0 23265 0 0 62 0 25670 0 0 0 6682 23534 13286 0 0 19011 43 29 6483 0 0 35 52 0 0 0 18774 0 48 27 0 22957 0 30 20644 0 0 22787 761 0 0 26505 
150 -21
-16950 49 13452 20663 -7002 15 -4866 39 29 -12871 -31763 -5640 -15273 29645 14490 -32026 -29812 20571 -22767 -6226 61 10054 -10089 13523 12 12 53 -26842 20470 16955 6 13 10 -19306 -8217 13800 3801 7052 53 13 -9390 1394 18 -24703 3 28767 -30517 -17795 22005 -22907 -141 9 -5027 5025 9419 -23450 -6456 2490 -18624 17640 -11145 1851 502 18347 -20052 45 12133 -28021 9696 55 11264 6207 -16707 -13445 -998 -31661 884 1 11914 1303 -722 -18087 -24862 25 23435 39 28 -24474 10189 -7327 -23222 16408 53 27831 -2440 -27628 58 32495 14101 30 31309 -17735 7 -31403 7900 57 56 -12389 45 16 30751 -26084 7988 11175 25 -26370 77 20346 21671 -23739 9652 -26857 6769 -7188 -2718 3 -6132 -781 
0 49 13452 20663 0 15 0 39 29 0 0 0 0 29645 14490 0 0 20571 0 0 61 10054 0 13523 12 12 53 0 20470 16955 6 13 10 0 0 13800 3801 7052 53 13 0 1394 18 0 3 28767 0 0 22005 0 0 9 0 5025 9419 0 0 2490 0 17640 0 1851 502 18347 0 45 12133 0 9696 55 11264 6207 0 0 0 0 884 1 11914 1303 0 0 0 25 23435 39 28 0 10189 0 0 16408 53 27831 0 0 58 32495 14101 30 31309 0 7 0 7900 57 56 0 45 16 30751 0 7988 11175 25 0 77 20346 21671 0 9652 0 6769 0 0 3 0 0 
151 1
59 29 -25288 21488 46 20814 -20377 6940 22011 -32712 -4675 -23462 53 30 750 9498 16 -21559 35 -21419 6184 -10798 41 -29261 18974 -26744 16 33 21318 26312 26049 -6580 48 1385 30 4 23774 36 -22369 -21671 1049 -23592 32296 10407 15216 40 48 13915 19490 12092 15731 -13245 14685 -1301 27219 20868 -29229 -30643 24363 12 10665 20820 -15637 62 -26821 -2616 12257 -30412 31472 -26713 43 8821 25598 16087 21 -29158 -1047 -22900 34 2937 20 -28821 3148 -6715 -9320 -16045 -5119 -9697 32 -5824 -24362 -27990 -16091 56 -22346 54 18762 -27430 13054 14878 7587 -24388 6511 7 5 3 19563 -14001 32 58 31450 -15605 -14115 -26018 26 503 -27136 -13691 -4051 30 581 -32309 5035 31311 -16375 -5251 8065 38 
59 29 0 21488 46 20814 0 6940 22011 0 0 0 53 30 750 9498 16 0 35 0 6184 0 41 0 18974 0 16 33 21318 26312 26049 0 48 1385 30 4 23774 36 0 0 1049 0 32296 10407 15216 40 48 13915 19490 12092 15731 0 14685 0 27219 20868 0 0 24363 12 10665 20820 0 62 0 0 12257 0 31472 0 43 8821 25598 16087 21 0 0 0 34 2937 20 0 3148 0 0 0 0 0 32 0 0 0 0 56 0 54 18762 0 13054 14878 7587 0 6511 7 5 2 19563 0 32 58 31450 0 0 0 26 503 0 0 0 30 581 0 5035 31311 0 0 8065 38 
152 -30
28641 35 -20514 60 11803 -3765 8025 -18337 32219 -23913 -13838 -6039 -15682 -11830 -32549 40 -2107 -27804 -30493 58 -31063 18864 28688 -11763 58 -6735 -28288 29 -14938 11517 52 5282 -6496 27085 9361 8230 -26208 30705 -23071 -9063 -31964 29584 25035 1732 -9358 -15408 -22162 -10552 -31320 -18114 -5848 29788 1 3256 -24841 -12285 48 -22663 27113 8855 35 30391 11 -5951 8501 2169 31011 -30706 -22660 -25958 19 -9870 40 -23134 -18316 9 39 -20371 4618 7160 25 -10592 -6327 60 -5405 -30020 23555 32537 -14369 -15713 14305 13928 -30945 21397 9168 -3845 4247 13449 45 -1391 -11771 24730 24 23677 52 -27775 5240 -13694 -6573 4344 -21545 4329 17037 19212 9576 -3210 26949 4 7612 -25446 22586 18226 -17516 27889 27344 39 -21481 3969 
28641 35 0 60 11803 0 8025 0 32219 0 0 0 0 0 0 40 0 0 0 58 0 18864 28688 0 58 0 0 29 0 11517 52 5282 0 27085 9361 8230 0 30705 0 0 0 29584 25035 1732 0 0 0 0 0 0 0 29788 1 3256 0 0 48 0 27113 8855 35 30391 11 0 8501 2169 31011 0 0 0 19 0 40 0 0 9 39 0 4618 7160 25 0 0 60 0 0 23555 32537 0 0 14305 13928 0 21397 9168 0 4247 13449 45 0 0 24730 24 23677 52 0 5240 0 0 4344 0 4329 17037 19212 9576 0 26949 4 7612 0 22586 18226 0 27889 27344 39 0 3969 
153 -12
30940 -14817 17631 4335 5855 40 19 -15680 51 22336 25149 40 -29332 23 7395 -27422 4867 25628 -13864 30445 -7670 47 10236 9836 24 19095 10938 -22000 18717 10145 10 -28674 16118 -21345 28761 -23515 23 -9452 -23442 6207 4354 16775 367 -11919 20957 14238 1 11 -18623 58 28 9 -13213 -22361 18578 9 20640 48 -30542 -9240 27583 44 58 -18414 -25932 10819 -31393 969 -28745 4320 -15316 -22214 20 18536 24533 7084 -8500 1909 -21331 539 -12163 -15809 14929 26334 50 -1918 21 -13075 -5395 28088 14801 0 41 7795 20694 -11195 -24933 19610 -4450 18225 -17558 14775 -30021 -5976 -8318 13149 12438 -22711 -12823 3130 58 -24201 -20038 32228 -25745 -3304 56 -27758 -7225 51 33 -18940 40 6995 -5541 -3846 30028 45 
30940 0 17631 4335 5855 40 19 0 51 22336 25149 40 0 23 7395 0 4867 25628 0 30445 0 47 10236 9836 24 19095 10938 0 18717 10145 10 0 16118 0 28761 0 23 0 0 6207 4354 16775 367 0 20957 14238 1 11 0 58 28 9 0 0 18578 9 20640 48 0 0 27583 44 58 0 0 10819 0 969 0 4320 0 0 20 18536 24533 7084 0 1909 0 539 0 0 14929 26334 50 0 21 0 0 28088 14801 0 41 7795 20694 0 0 19610 0 18225 0 14775 0 0 0 13149 12438 0 0 3130 58 0 0 32228 0 0 56 0 0 51 33 0 40 6995 0 0 30028 45 
154 12
10572 -17700 62 7469 19513 3 25503 -8656 30169 -27822 -23653 28946 -32476 5624 5202 25068 349 7937 36 525 46 -13487 29230 12977 28689 2563 -7620 -24365 27 33 -8905 841 4 -19821 6 -19922 -17344 2123 12237 13 27656 20 32 -20000 -8738 13289 32 5173 -27613 19 -11140 -32693 968 -2271 21147 35 -17049 55 22 55 -14851 12341 -23653 4562 -145 4578 58 -2591 5 18 10 22335 58 32 2358 25497 -23947 -728 -29036 -5903 -11145 8691 8321 -2670 32404 14717 10 -10424 -13270 33 56 -21303 26913 -10126 28 -4238 -16997 -645 -18622 30008 -29811 4191 28063 48 10072 -6550 16 12110 4595 8825 -17394 19167 20604 16 43 11571 27228 30101 -9728 25960 -4215 16 7784 13 46 -10463 4923 4358 
9828 -232 31 6431 19348 2 25452 -934 30150 -31 -73 28921 -12 4487 4061 25013 182 6938 18 279 23 -483 29207 12453 28663 1670 -1026 -63 14 17 -910 464 2 -155 3 -153 -248 1331 11650 7 27624 10 16 -150 -926 12790 16 4032 -33 10 -689 -11 541 -829 21026 18 -262 28 11 28 -385 11763 -73 3434 -71 3450 29 -899 3 9 5 22240 29 16 1509 25446 -69 -332 -24 -1130 -688 7761 7356 -915 32392 14323 5 -759 -501 17 28 -117 26875 -788 14 -1111 -264 -297 -195 29988 -21 3083 28033 24 9278 -1101 8 11511 3466 7908 -245 18991 20470 8 22 10923 27193 30082 -828 25914 -1110 8 6771 7 23 -755 3785 3240 
155 40
-24520 14470 18 31264 35 42 -32075 20097 -902 -30556 -2280 22 61 11683 3 -20329 -29315 -11962 -6060 47 28877 12992 -23514 -4116 -5142 4466 -28328 26152 -27376 21928 -22418 -11996 6741 20671 38 -20318 11152 11764 -23831 -717 -832 4775 31531 59 13625 32 5587 27 15579 15100 3 27272 42 12780 -4369 -22063 30751 20 4145 26618 18 16726 26031 24097 5393 -28269 31 4441 4819 -27255 15591 -14823 -17291 17107 -32001 10 -13307 28377 -5614 6 -3107 -16406 -7931 2860 -2333 20 14383 9200 -15177 52 6868 -6495 18086 23880 -23431 16284 51 -12322 -13575 28000 18364 30430 19 11 9127 -41 -23858 -21123 25948 25105 19459 -21009 -9333 15 10177 -30380 19543 -24085 1424 17901 24232 -4481 29544 -2984 17251 36 -5545 12656 
-12260 7235 9 15632 18 21 -16037 10049 -451 -15278 -1140 11 31 5842 2 -10164 -14657 -5981 -3030 24 14439 6496 -11757 -2058 -2571 2233 -14164 13076 -13688 10964 -11209 -5998 3371 10336 19 -10159 5576 5882 -11915 -358 -416 2388 15766 30 6813 16 2794 14 7790 7550 2 13636 21 6390 -2184 -11031 15376 10 2073 13309 9 8363 13016 12049 2697 -14134 16 2221 2410 -13627 7796 -7411 -8645 8554 -16000 5 -6653 14189 -2807 3 -1553 -8203 -3965 1430 -1166 10 7192 4600 -7588 26 3434 -3247 9043 11940 -11715 8142 26 -6161 -6787 14000 9182 15215 10 6 4564 -20 -11929 -10561 12974 12553 9730 -10504 -4666 8 5089 -15190 9772 -12042 712 8951 12116 -2240 14772 -1492 8626 18 -2772 6328 
156 30
-22719 -13762 -28736 -31895 37 -6145 -12029 10401 1 30416 -17639 -29610 24839 -31218 -8513 -31395 24218 -18543 28995 31102 748 -5106 -26946 13600 -12495 30178 -18998 56 8038 11738 -19871 440 19483 -9293 12 30598 -27806 -1726 -6757 1 3931 -17997 28439 4833 26801 40 41 203 45 52 2658 2 16956 61 53 19072 10328 -29012 10613 17576 25058 -30378 28781 3855 -4653 -620 -27791 14 -13726 18474 -30967 -6624 -172 31734 -31208 1982 34 5661 45 22883 -11677 -10551 25 15577 17541 -8531 -30102 -23584 -24621 24650 26517 -21226 22 -10069 -16755 22788 17996 -3492 25278 18041 20 21637 14 7142 -7476 -19696 11965 -11527 -24616 24476 -19950 -6054 -9474 -14312 -26007 86 -22489 -16420 -24540 61 -9923 60 -31045 34 -22689 14511 28 -21815 
-11359 -6881 -14368 -15947 19 -3072 -6014 5201 1 15208 -8819 -14805 12420 -15609 -4256 -15697 12109 -9271 14498 15551 374 -2553 -13473 6800 -6247 15089 -9499 28 4019 5869 -9935 220 9742 -4646 6 15299 -13903 -863 -3378 1 1966 -8998 14220 2417 13401 20 21 102 23 26 1329 1 8478 31 27 9536 5164 -14506 5307 8788 12529 -15189 14391 1928 -2326 -310 -13895 7 -6863 9237 -15483 -3312 -86 15867 -15604 991 17 2831 23 11442 -5838 -5275 13 7789 8771 -4265 -15051 -11792 -12310 12325 13259 -10613 11 -5034 -8377 11394 8998 -1746 12639 9021 10 10819 7 3571 -3738 -9848 5983 -5763 -12308 12238 -9975 -3027 -4737 -7156 -13003 43 -11244 -8210 -12270 31 -4961 30 -15522 17 -11344 7256 14 -10907 
157 5
-8625 -2496 18947 31123 -23010 16 62 33 3 -32245 -17532 -26080 32440 -4286 21534 15 -9106 21473 -21715 -15500 28682 -10570 61 772 7 -8151 2330 -12105 39 24047 10 1011 63 -657 55 -30513 21489 -31129 -18312 -14391 28775 14987 -18886 56 37 20195 -4462 1386 57 15815 49 -6224 14 22438 7671 -28353 30582 -11560 58 2881 -17326 -3216 31861 -26568 1349 -5126 16584 -1283 30863 -13414 -12644 23 29 24 24208 24857 37 -1485 23 5785 -27774 2 18146 14 20412 -27705 15554 30 48 -8846 -4192 24212 26527 57 -10766 31018 -3920 -180 -18520 24205 -27061 48 18227 -25320 -19577 18 0 9 21719 -31794 -22867 -15570 30 -15088 27 32546 16 12706 15266 -7650 30093 5 6475 -15545 5795 -20617 4116 11490 
0 0 18947 31123 0 10 54 24 2 0 0 0 32440 0 21534 9 0 21473 0 0 28682 0 53 772 4 0 2330 0 30 24047 6 1011 55 0 47 0 21489 0 0 0 28775 14987 0 48 28 20195 0 1386 49 15815 40 0 9 22438 7671 0 30582 0 50 2881 0 0 31861 0 1349 0 16584 0 30863 0 0 15 21 16 24208 24857 28 0 15 5785 0 1 18146 9 20412 0 15554 22 39 0 0 24212 26527 49 0 31018 0 -1 0 24205 0 39 18227 0 0 11 0 5 21719 0 0 0 22 0 19 32546 10 12706 15266 0 30093 3 6475 0 5795 0 4116 11490 
158 -4
-25988 -23414 -23799 2889 -30746 8 -20328 15 -26203 -32326 15394 32293 -14092 18 21752 -4875 22 59 8 13 10 -11906 -16737 62 27484 5997 -19448 14727 59 8945 13090 4468 15642 16 -2733 -17457 28396 31075 -31628 -14943 -6623 12 -6859 -25635 -25483 -24618 -29762 -19941 13742 -8675 10517 6526 19993 -25749 2240 -12497 746 13823 -11243 35 3924 -16960 12404 6728 31007 43 24301 -24955 -16619 4023 -3954 7814 -28369 -29889 -26554 -13061 33 4 3286 47 -27020 28967 -21326 19 -3742 -7477 -9776 16788 21 -13965 14 11422 -17302 -20444 -21734 -15760 20303 37 -29841 13181 -8763 11 2786 -23918 -28693 -21483 -7540 27928 15 -15844 -29681 -3671 -11499 59 7587 17695 -28980 -16708 -21252 45 12 -17011 -21709 -31067 41 -31651 18136 5456 
0 0 0 2889 0 8 0 15 0 0 15394 32293 0 18 21752 0 22 59 8 13 10 0 0 62 27484 5997 0 14727 59 8945 13090 4468 15642 16 0 0 28396 31075 0 0 0 12 0 0 0 0 0 0 13742 0 10517 6526 19993 0 2240 0 746 13823 0 35 3924 0 12404 6728 31007 43 24301 0 0 4023 0 7814 0 0 0 0 33 4 3286 47 0 28967 0 19 0 0 0 16788 21 0 14 11422 0 0 0 0 20303 37 0 13181 0 11 2786 0 0 0 0 27928 15 0 0 0 0 59 7587 17695 0 0 0 45 12 0 0 0 41 0 18136 5456 
159 20
62 12921 -11261 7003 19236 12325 23929 -24086 28311 53 9 5252 -21580 -28991 -1110 10037 -12645 28442 -24866 -22982 1591 6 32101 -24384 52 -14588 -32430 2873 23676 29021 15353 -26234 -30780 29961 29 695 55 -30944 26 41 10676 -1341 -5944 -17358 2661 -14693 -9656 -22630 -11343 18 5550 -18864 -22210 -31588 -12976 2860 19727 13 15885 -30611 6902 -28408 17234 -16771 3604 45 -15670 24930 32308 5 9050 15393 -14475 5975 19858 22730 5169 52 9855 -9995 28541 46 6 25 18 19728 144 28 15834 61 19256 14379 -10696 50 27493 23812 -30898 3486 -29652 32749 2 37 -2743 -3731 10589 -22198 3894 -31080 23 -26137 -23462 18898 -20644 -16900 -14538 -21039 -23179 11223 1309 -15027 -3158 54 14 10677 3 11 -28155 -25153 
31 6500 -5600 3513 9706 6199 12100 -11905 14347 27 5 2633 -10679 -14296 -555 5042 -6285 14414 -12286 -11365 796 3 16295 -12051 26 -7243 -15964 1438 11971 14711 7733 -12954 -15165 15194 15 348 28 -15243 13 21 5365 -670 -2964 -8607 1332 -7295 -4806 -11193 -5641 9 2782 -9347 -10987 -15557 -6448 1432 9956 7 8003 -15081 3462 -14012 8687 -8318 1805 23 -7777 12613 16402 3 4544 7753 -7187 2996 10024 11488 2591 26 4950 -4974 14464 23 3 13 9 9957 72 14 7977 31 9716 7239 -5321 25 13926 12041 -15221 1746 -14616 16630 1 19 -1370 -1862 5321 -10981 1951 -15310 12 -12906 -11599 9534 -10220 -8382 -7218 -10414 -11461 5642 655 -7459 -1577 27 7 5366 2 6 -13888 -12426 
160 -30
-12063 -11417 31838 -6513 -25382 12276 32742 23328 -5876 -31600 4504 7848 3111 29477 -19301 21779 -1753 -25263 23393 40 -21806 35 6874 21921 -3219 28048 3905 -21549 10 -2551 -11577 26640 -30654 -7877 -28026 23752 5283 -12283 -19086 -31768 -9977 -25414 -16957 780 -9825 5512 21 -19840 25681 5213 20147 39 -10281 7080 16710 14504 19 -31138 -19095 -31921 19202 -24891 -4864 9 1 -25949 26908 2492 -12552 23902 -16 25618 -2429 25814 32341 -23706 20061 37 25046 29942 20723 41 26888 25411 19 31742 -20231 -32384 55 36 -16766 -21081 -11939 2576 0 12423 -19022 -1220 13968 46 -6007 27333 10 11 -7213 15345 -31675 0 6824 -31938 17119 6979 20847 -987 6997 19359 12 16647 -28210 1 1478 -6577 13 -32389 -3914 3458 283 -20893 
0 0 31838 0 0 12276 32742 23328 0 0 4504 7848 3111 29477 0 21779 0 0 23393 40 0 35 6874 21921 0 28048 3905 0 10 0 0 26640 0 0 0 23752 5283 0 0 0 0 0 0 780 0 5512 21 0 25681 5213 20147 39 0 7080 16710 14504 19 0 0 0 19202 0 0 9 1 0 26908 2492 0 23902 0 25618 0 25814 32341 0 20061 37 25046 29942 20723 41 26888 25411 19 31742 0 0 55 36 0 0 0 2576 0 12423 0 0 13968 46 0 27333 10 11 0 15345 0 0 6824 0 17119 6979 20847 0 6997 19359 12 16647 0 1 1478 0 13 0 0 3458 283 0 
161 -12
15142 26888 2 26523 17 -27632 3816 -14309 23269 18 16 -18203 59 -10622 -18371 -29219 39 -18718 24499 51 -31462 30 -2310 8425 11283 -17912 1985 13 -30006 -31970 42 4056 21818 7 22417 49 9339 15091 9 -13993 -4556 -24602 4509 41 28708 5606 31 12341 -1589 -16026 19696 -10658 10514 17940 15624 17 4077 30808 2143 10 20317 -10235 3 -18120 -12387 38 32081 -14422 -15879 6 22499 1393 22259 -28665 13602 25 55 58 30 3 12863 25 29479 -8417 -5769 -8435 -6287 50 1 -29127 17200 31809 22128 38 -28273 22476 -1700 30766 61 -32550 12047 20053 27305 -14447 48 10535 -6784 -4574 29 16585 5 31 23 -28312 -31255 -20789 13813 2 -25977 47 8564 9 5144 -9897 -5381 -7950 -19799 -28889 
15142 26888 2 26523 17 0 3816 0 23269 18 16 0 59 0 0 0 39 0 24499 51 0 30 0 8425 11283 0 1985 13 0 0 42 4056 21818 7 22417 49 9339 15091 9 0 0 0 4509 41 28708 5606 31 12341 0 0 19696 0 10514 17940 15624 17 4077 30808 2143 10 20317 0 3 0 0 38 32081 0 0 6 22499 1393 22259 0 13602 25 55 58 30 3 12863 25 29479 0 0 0 0 50 1 0 17200 31809 22128 38 0 22476 0 30766 61 0 12047 20053 27305 0 48 10535 0 0 29 16585 5 31 23 0 0 0 13813 2 0 47 8564 9 5144 0 0 0 0 0 
162 12
13291 14685 53 -10209 3132 -13795 -22323 11097 0 1 9436 4156 9320 23546 1856 31137 1 -21348 5851 15072 -10754 -11130 452 29534 -31367 -31297 -21793 -30493 -12114 23337 57 17 24294 8105 -4664 59 -22972 -26523 26688 29332 -11282 -15915 10938 24 -19571 3400 31258 18898 -17276 -1192 -2812 -12039 2181 9187 -27632 8062 -10421 8462 2 -26852 -25450 36 7 -30059 164 -29054 -4108 6021 9233 1680 0 -24269 20629 42 22354 4379 -4421 0 28671 18 32 2226 14404 50 -29895 31100 13744 -861 54 17712 30 21558 19800 50 29717 5051 -19022 -22545 25025 20 47 -12912 17711 -19189 -28273 -18278 -21958 27 7315 -18598 6695 -21508 4430 53 -19253 4206 -18643 7 -28566 20 -23114 53 24250 -4143 27740 28571 20626 -2760 
12793 14288 27 -780 2137 -460 -95 10404 0 1 8579 3050 8451 23471 1135 31122 1 -116 4720 14701 -726 -690 238 29512 -14 -15 -106 -18 -599 23259 29 9 24229 7120 -1131 30 -84 -40 26649 29310 -675 -321 10230 12 -163 2368 31243 18712 -251 -510 -941 -605 1374 8305 -32 7073 -759 7510 1 -39 -51 18 4 -19 84 -24 -1102 4895 8356 1010 0 -64 20496 21 22259 3260 -1121 0 28645 9 16 1408 13989 25 -20 31084 13281 -385 27 17481 15 21447 19643 25 29696 3911 -181 -92 24969 10 24 -530 17479 -176 -28 -209 -103 14 6264 -196 5602 -112 3308 27 -173 3097 -195 4 -27 10 -82 27 24185 -1105 27709 28544 20493 -932 
163 40
-9652 43 -20584 -32729 2790 4 24989 23127 29 -18127 27951 -31022 20 -29052 -24377 20096 12 931 -16810 -32432 24781 25055 1 3 24939 -13425 9825 37 10721 25627 -14204 31292 -19491 17632 -32556 -10584 -18756 -4377 27 -18589 12163 -13117 40 -21369 42 -9871 -15678 23 847 -24933 58 16222 31690 17807 11523 14953 1 -15511 -16027 15497 10 -30659 24858 16207 -24838 -6817 35 10 10 46 33 13823 28513 -24823 29837 8481 -26300 -31146 27203 -15279 8559 -7854 23 185 6593 -25867 51 -1612 12 15567 4 -11319 6 31866 -3513 14476 18139 -2363 3808 26 4212 -10368 5661 27893 -8925 367 -3950 54 19188 20573 7759 5273 37 40 393 18611 -16139 710 18994 -13333 27147 4 12870 -20377 10856 -18190 48 59 
-4826 22 -10292 -16364 1395 2 12495 11564 15 -9063 13976 -15511 10 -14526 -12188 10048 6 466 -8405 -16216 12391 12528 1 2 12470 -6712 4913 19 5361 12814 -7102 15646 -9745 8816 -16278 -5292 -9378 -2188 14 -9294 6082 -6558 20 -10684 21 -4935 -7839 12 424 -12466 29 8111 15845 8904 5762 7477 1 -7755 -8013 7749 5 -15329 12429 8104 -12419 -3408 18 5 5 23 17 6912 14257 -12411 14919 4241 -13150 -15573 13602 -7639 4280 -3927 12 93 3297 -12933 26 -806 6 7784 2 -5659 3 15933 -1756 7238 9070 -1181 1904 13 2106 -5184 2831 13947 -4462 184 -1975 27 9594 10287 3880 2637 19 20 197 9306 -8069 355 9497 -6666 13574 2 6435 -10188 5428 -9095 24 30 
164 -29
-11921 -4780 31307 -17129 13502 12331 8343 15010 17 9268 -30365 -20200 9949 2 -9016 -8523 -8059 23290 6 25317 3846 -21951 -13300 8 32344 -11376 32121 -11924 8 20 -27733 32745 2230 -16588 -23401 -10313 -1488 27 -7650 8543 4193 -13586 21 24932 850 24 -15875 10484 9 -32683 22231 31176 13 -13077 -26221 24688 4956 18040 1944 22690 -32519 15324 15480 43 31032 -26460 10 62 -6874 18838 11936 22856 9 58 12916 -22000 -29791 26211 -16205 59 7 14322 -17477 10 -9621 -25224 42 16007 26 5 14391 0 60 -15678 -22836 48 -5488 14445 13368 30623 17911 13792 26813 -2746 27054 -7400 -11892 17241 30 13169 23298 -26596 -31922 -12699 32 -14806 13419 17491 -27346 17 20453 42 31981 -1394 26687 7817 55 32318 
0 0 31307 0 13502 12331 8343 15010 17 9268 0 0 9949 2 0 0 0 23290 6 25317 3846 0 0 8 32344 0 32121 0 8 20 0 32745 2230 0 0 0 0 27 0 8543 4193 0 21 24932 850 24 0 10484 9 0 22231 31176 13 0 0 24688 4956 18040 1944 22690 0 15324 15480 43 31032 0 10 62 0 18838 11936 22856 9 58 12916 0 0 26211 0 59 7 14322 0 10 0 0 42 16007 26 5 14391 0 60 0 0 48 0 14445 13368 30623 17911 13792 26813 0 27054 0 0 17241 30 13169 23298 0 0 0 32 0 13419 17491 0 17 20453 42 31981 0 26687 7817 55 32318 
165 -22
20 22 6 -6891 22508 -31912 -13111 -25915 3574 -22857 31974 38 -31001 17176 8640 -2030 13525 -13843 -32177 8971 34 30921 37 19901 -10661 8197 -17450 29714 26887 9130 2 48 28 258 28936 19712 26737 13898 59 -28177 38 -2897 2788 9153 17 -4628 -8013 -14561 50 13405 -15028 -9923 21630 -27696 52 -20908 3115 -10130 2 11703 -30113 7210 24667 -26568 -28982 -27752 29 4518 -23156 39 43 -658 32730 13480 5344 -19313 28070 11 -31868 -9830 16859 13805 43 17436 10 -25592 18039 -6076 15 -25900 15312 31804 13595 -15645 -14003 22909 -9871 -20555 28 12905 27616 30733 16397 31283 18072 14312 3832 30462 540 -28789 49 21 -28072 13100 37 0 -16823 24581 -30109 18896 18425 -30214 -32439 26265 4693 30745 38 -4560 
20 22 6 0 22508 0 0 0 3574 0 31974 38 0 17176 8640 0 13525 0 0 8971 34 30921 37 19901 0 8197 0 29714 26887 9130 2 48 28 258 28936 19712 26737 13898 59 0 38 0 2788 9153 17 0 0 0 50 13405 0 0 21630 0 52 0 3115 0 2 11703 0 7210 24667 0 0 0 29 4518 0 39 43 0 32730 13480 5344 0 28070 11 0 0 16859 13805 43 17436 10 0 18039 0 15 0 15312 31804 13595 0 0 22909 0 0 28 12905 27616 30733 16397 31283 18072 14312 3832 30462 540 0 49 21 0 13100 37 0 0 24581 0 18896 18425 0 0 26265 4693 30745 38 0 
166 11
-4052 19546 26413 -15025 4731 12500 20 57 231 7792 61 -17906 28573 872 -5013 -14405 -5868 -25037 55 5088 22 27397 34 2961 29909 42 52 18622 41 29776 -21917 21146 18 50 30613 10264 1329 -31871 -21827 -30776 -3133 47 -14639 -27527 -22495 -9684 30 13488 23 8311 3399 39 16989 -16699 47 30242 18851 4571 51 30943 -16839 30167 -26188 -8706 -17003 3 25 13 -17326 -11099 12738 6 13854 2065 22323 12 -16902 -18107 20 27494 -4589 -14186 29 33 -19472 -3274 24068 41 -20276 22 6906 28488 38 -7705 -20443 -16939 3300 2 -31201 20 24 -12298 15 -25931 26168 41 32129 2 461 -3716 7333 -24541 31656 24 -6979 -497 30454 -30174 2463 30281 -30490 0 24286 -22409 27 -26183 32412 41 
-492 19545 26413 -10 4304 12472 10 29 122 7622 31 -3 28573 527 -399 -13 -316 0 28 4696 11 27397 17 2396 29909 21 26 18620 21 29776 -1 21145 9 25 30613 10196 873 0 -1 0 -558 24 -12 0 -1 -85 15 13469 12 8170 2856 20 16985 -5 24 30242 18849 4128 26 30943 -5 30167 0 -122 -4 2 13 7 -4 -49 12713 3 13838 1513 22322 6 -5 -3 10 27494 -441 -14 15 17 -1 -551 24068 21 -1 11 6677 28488 19 -175 -1 -4 2751 1 0 10 12 -30 8 0 26168 21 32129 1 256 -521 7134 0 31656 12 -224 -218 30454 0 1894 30281 0 0 24286 -1 14 0 32412 21 
167 30
2751 -31342 -28770 59 46 27 15 423 27903 -2650 -18141 30527 15 -10469 28303 13 -12357 -14374 -26127 6 5069 32 -12334 -22436 4946 -5655 4 11 10198 -28630 7684 -8126 32 -8034 -18268 6603 21519 15 35 23176 -11328 -23225 29190 53 33 16 30449 -28537 18 23859 31776 12299 -21572 45 854 25595 2951 -2202 24 8 1 46 25 302 -8232 30352 27545 26225 2332 39 2 33 -25335 -31104 28956 17858 24482 -12155 63 29552 7871 27668 28 29376 22447 31 29 -30121 18378 30685 19 26832 7319 42 -11659 21421 -12770 7 14 -7659 -11502 -4374 23291 -30203 6685 4 22137 2 47 -8592 -23645 -7563 -22553 -17409 -24186 10 3057 -25514 9136 10197 20528 19133 -23519 -18396 12289 56 17998 -12740 
1376 -15671 -14385 30 23 14 8 212 13952 -1325 -9070 15264 8 -5234 14152 7 -6178 -7187 -13063 3 2535 16 -6167 -11218 2473 -2827 2 6 5099 -14315 3842 -4063 16 -4017 -9134 3302 10760 8 18 11588 -5664 -11612 14595 27 17 8 15225 -14268 9 11930 15888 6150 -10786 23 427 12798 1476 -1101 12 4 1 23 13 151 -4116 15176 13773 13113 1166 20 1 17 -12667 -15552 14478 8929 12241 -6077 32 14776 3936 13834 14 14688 11224 16 15 -15060 9189 15343 10 13416 3660 21 -5829 10711 -6385 4 7 -3829 -5751 -2187 11646 -15101 3343 2 11069 1 24 -4296 -11822 -3781 -11276 -8704 -12093 5 1529 -12757 4568 5099 10264 9567 -11759 -9198 6145 28 8999 -6370 
168 -30
-21928 30094 46 -28082 51 -17522 -6776 0 -21386 -28746 4231 -30345 23 -13089 23560 16652 52 -6304 4944 30 4188 -9431 30811 55 19935 9679 44 57 6 751 35 12887 25701 -18928 5193 -4038 -5048 -4603 -20840 57 24 -27879 -24223 37 18515 31871 27 -19897 -16894 -28875 -10638 3 17733 14 44 -12477 12 -2569 -18495 14223 8800 7 25 10275 1 -17775 58 19 26 14864 -13396 -10138 12793 39 -16285 -23442 6388 28028 18275 45 25921 6019 47 -31438 54 26331 -11589 -25574 25842 32672 1029 10955 23909 4841 16461 -20055 28188 20813 -22272 12189 47 -11875 20901 8216 2821 29617 -20194 10093 27237 -4445 5833 -12580 -5578 62 28794 3 3495 12013 52 -8784 7034 32311 25 -4647 -8622 31 5 2092 
0 30094 46 0 51 0 0 0 0 0 4231 0 23 0 23560 16652 52 0 4944 30 4188 0 30811 55 19935 9679 44 57 6 751 35 12887 25701 0 5193 0 0 0 0 57 24 0 0 37 18515 31871 27 0 0 0 0 3 17733 14 44 0 12 0 0 14223 8800 7 25 10275 1 0 58 19 26 14864 0 0 12793 39 0 0 6388 28028 18275 45 25921 6019 47 0 54 26331 0 0 25842 32672 1029 10955 23909 4841 16461 0 28188 20813 0 12189 47 0 20901 8216 2821 29617 0 10093 27237 0 5833 0 0 62 28794 3 3495 12013 52 0 7034 32311 25 0 0 31 5 2092 
169 -12
17837 27 18 944 0 15687 -17116 -22247 -9285 -27408 40 -17008 22895 1 36 26544 53 17 53 1086 7337 -23917 13440 37 -25053 -4938 26792 2882 -13674 10693 -4424 275 17404 52 27 -6206 -10789 -24303 -22449 -2004 -10735 30 31170 -25285 53 49 -24462 20207 18 -7127 13579 50 31822 47 30173 4724 20164 15 -3258 24470 -29105 14 49 -9748 12 -2373 9151 26 45 22855 22793 7 20751 53 10 7 -6495 55 4 17953 -31256 -28181 -520 -1557 4113 37 -24058 37 -22524 -21106 14643 56 -29632 21791 8729 -13581 30231 11726 41 -7568 -31367 13331 -27134 -23729 -7637 -3464 -11926 15458 0 5440 -12749 -30417 -32620 15 8349 -21204 -10245 -21967 10965 24030 57 20549 -27155 44 -3394 47 7 21860 
17837 27 18 944 0 15687 0 0 0 0 40 0 22895 1 36 26544 53 17 53 1086 7337 0 13440 37 0 0 26792 2882 0 10693 0 275 17404 52 27 0 0 0 0 0 0 30 31170 0 53 49 0 20207 18 0 13579 50 31822 47 30173 4724 20164 15 0 24470 0 14 49 0 12 0 9151 26 45 22855 22793 7 20751 53 10 7 0 55 4 17953 0 0 0 0 4113 37 0 37 0 0 14643 56 0 21791 8729 0 30231 11726 41 0 0 13331 0 0 0 0 0 15458 0 5440 0 0 0 15 8349 0 0 0 10965 24030 57 20549 0 44 0 47 7 21860 
170 12
-5268 -24936 -23878 27850 -27609 6059 -29369 -4820 15236 21901 -13054 31256 54 15 23096 30031 22125 20484 23830 -9576 4934 -29938 -11848 47 -26908 -11493 29905 22092 -12481 -2153 58 16966 22429 20 1598 -15007 37 -7579 7094 1397 26 -17861 11809 -6596 -13988 -21902 25 -15272 21818 22871 -1139 -7496 -27821 24330 32 -22205 50 22112 -6461 -23719 -22364 42 -8471 8775 57 43 -31832 14 4 17 54 7608 24732 -24091 -2599 25075 3153 14824 36 5 -10557 -23360 21441 -6689 13077 36 -16554 12512 13 18144 19 18001 31331 1297 -10296 50 25286 32661 9394 -21542 50 13 -11212 -6494 -13159 34 -11350 0 31 2 23734 3948 23745 -2590 369 -16436 25758 24273 -19286 7031 -28076 18818 31151 51 -31648 -21826 21617 3317 
-1141 -56 -70 27819 -33 4935 -22 -1136 14875 21797 -518 31241 27 8 23014 30012 22026 20347 23759 -843 3796 -20 -623 24 -38 -655 29885 21992 -566 -800 29 16700 22335 10 953 -375 19 -1030 6027 816 13 -225 11183 -1099 -445 -104 13 -358 21712 22785 -491 -1037 -31 24266 16 -98 25 22012 -1106 -72 -95 21 -951 7853 29 22 -14 7 2 9 27 6581 24673 -67 -901 25020 2155 14437 18 3 -746 -78 21327 -1093 12561 18 -286 11949 7 17930 10 17781 31316 750 -771 25 25234 32650 8533 -112 25 7 -682 -1104 -509 17 -669 0 16 1 23662 2858 23673 -899 193 -292 25710 24209 -172 5960 -30 18630 31136 26 -14 -105 21507 2296 
171 40
-17730 -11416 16961 -8631 13709 -32048 -14837 -24203 52 13990 26032 13863 -29178 3326 -25052 -4081 2217 -20375 -19154 25 -11933 -4005 -29829 18674 -28678 16234 1 -2778 -3286 -26343 -28231 -2452 4737 21104 16 11 -29778 -15756 -11042 23582 34 -9970 -30581 -29846 3 -2264 11220 -23811 17434 -28804 -29042 5743 44 14813 12 46 19864 17 17214 29535 -3901 -7142 29 23411 -16989 26401 17067 3737 21 18749 -28126 21 -12527 13205 42 24116 11188 40 47 18295 24208 21926 16853 -27799 4813 23217 1800 -17124 -979 9 17029 32 11 21919 8437 -32232 -2470 25559 63 22817 -23376 -12520 11727 -13345 28 -8834 -28926 -15949 28 51 17443 -24934 5531 -8561 -9803 -6576 36 35 26 1337 40 -12669 0 -21203 57 400 -10866 25858 
-8865 -5708 8481 -4315 6855 -16024 -7418 -12101 26 6995 13016 6932 -14589 1663 -12526 -2040 1109 -10187 -9577 13 -5966 -2002 -14914 9337 -14339 8117 1 -1389 -1643 -13171 -14115 -1226 2369 10552 8 6 -14889 -7878 -5521 11791 17 -4985 -15290 -14923 2 -1132 5610 -11905 8717 -14402 -14521 2872 22 7407 6 23 9932 9 8607 14768 -1950 -3571 15 11706 -8494 13201 8534 1869 11 9375 -14063 11 -6263 6603 21 12058 5594 20 24 9148 12104 10963 8427 -13899 2407 11609 900 -8562 -489 5 8515 16 6 10960 4219 -16116 -1235 12780 32 11409 -11688 -6260 5864 -6672 14 -4417 -14463 -7974 14 26 8722 -12467 2766 -4280 -4901 -3288 18 18 13 669 20 -6334 0 -10601 29 200 -5433 12929 
172 -12
7163 3 -17027 -23716 3342 16811 7433 9224 -21483 1 25916 21913 -10675 18590 -25913 3856 23 735 6424 22360 29753 30283 -31963 -7922 19211 14747 20595 30733 1458 1274 -23127 1736 -32463 -23756 58 7 -10196 17 26024 6887 -17045 -26951 31717 23780 16650 16740 46 16495 -19251 -19940 -18794 2090 15 -22027 32 -15810 7241 15772 32248 -8803 -20455 25 31124 18947 -8623 44 20375 20594 19388 20705 35 -24423 60 5943 -15386 -28414 32 -18642 -11340 -294 15674 -20311 13061 39 29882 -14887 11711 -16637 29872 -22228 -17527 -31708 4959 12602 19707 -18498 -2881 11330 -1132 -17857 -14683 28979 -11266 -27595 20 20937 49 23194 -30570 14 60 16 -1214 -6534 -15624 14 27579 -7385 29275 10018 6 29235 28 31 -27380 -4123 -438 -11612 
7163 3 0 0 3342 16811 7433 9224 0 1 25916 21913 0 18590 0 3856 23 735 6424 22360 29753 30283 0 0 19211 14747 20595 30733 1458 1274 0 1736 0 0 58 7 0 17 26024 6887 0 0 31717 23780 16650 16740 46 16495 0 0 0 2090 15 0 32 0 7241 15772 32248 0 0 25 31124 18947 0 44 20375 20594 19388 20705 35 0 60 5943 0 0 32 0 0 0 15674 0 13061 39 29882 0 11711 0 29872 0 0 0 4959 12602 19707 0 0 11330 0 0 0 28979 0 0 20 20937 49 23194 0 14 60 16 0 0 0 14 27579 0 29275 10018 6 29235 28 31 0 0 0 0 
173 -19
15283 12961 -30265 16 -11183 3 15591 -32530 6 -25287 22 18301 -20611 -10399 -6891 -20331 9314 -13197 -21515 461 10 28221 15 32645 22165 29390 58 63 6007 -5805 -23104 13874 -28758 -8078 37 6669 46 46 812 31 -7989 52 34 -28264 2728 -29876 15394 32185 23 -20356 -7068 -29179 -17255 30460 14261 57 -27559 -27106 5098 24225 23938 1941 165 56 18922 4779 19 17886 -11599 30372 8372 -16401 10318 -706 60 19588 11519 -30962 17510 -30350 39 16 9456 -13173 30 -16590 3 -17581 -10729 -13435 20 4360 -24507 -22273 -14352 1178 -5242 4 -30 23753 12041 24998 48 3 28157 -18898 27774 -11955 1540 27719 28264 10190 -4441 -11615 -22529 -14747 12973 23711 12959 20728 -32220 -454 -24452 -11047 3286 8633 4874 -24908 
15283 12961 0 16 0 3 15591 0 6 0 22 18301 0 0 0 0 9314 0 0 461 10 28221 15 32645 22165 29390 58 63 6007 0 0 13874 0 0 37 6669 46 46 812 31 0 52 34 0 2728 0 15394 32185 23 0 0 0 0 30460 14261 57 0 0 5098 24225 23938 1941 165 56 18922 4779 19 17886 0 30372 8372 0 10318 0 60 19588 11519 0 17510 0 39 16 9456 0 30 0 3 0 0 0 20 4360 0 0 0 1178 0 4 0 23753 12041 24998 48 3 28157 0 27774 0 1540 27719 28264 10190 0 0 0 0 12973 23711 12959 20728 0 0 0 0 3286 8633 4874 0 
174 -5
-273 -30244 -11350 14174 18284 15776 -6284 3697 19833 -760 30556 -18850 -2043 11 -6237 -20838 6545 -8979 28804 9387 -5985 -12634 13982 3317 523 16311 45 -6604 316 -16667 -26924 8 24934 17694 -4265 19734 -12728 2 3365 21565 49 7 14 -25566 -27697 -24856 21 1 34 20259 59 -28081 -8440 14 -19314 -5039 17118 17 -29219 5695 -20776 -13246 -16054 5026 15571 32 -14564 20105 -10136 37 7981 30127 4960 -10027 59 4 21593 24035 45 -16060 63 7198 46 -30504 814 6710 4076 17110 31 -20387 -26644 19358 -12612 -9359 -19861 -9232 -14707 -27628 25778 10879 -8529 -17263 19892 16471 -18949 -11323 6558 1162 9625 31383 -1589 14190 -8613 8510 22774 26882 -4475 19138 -10000 -17368 5613 -31240 -23169 35 -24452 -28804 51 -29467 
0 0 0 14174 18284 15776 0 3697 19833 0 30556 0 0 11 0 0 6545 0 28804 9387 0 0 13982 3317 523 16311 45 0 316 0 0 8 24934 17694 0 19734 0 2 3365 21565 49 7 14 0 0 0 21 1 34 20259 59 0 0 14 0 0 17118 17 0 5695 0 0 0 5026 15571 32 0 20105 0 37 7981 30127 4960 0 59 4 21593 24035 45 0 63 7198 46 0 814 6710 4076 17110 31 0 0 19358 0 0 0 0 0 0 25778 10879 0 0 19892 16471 0 0 6558 1162 9625 31383 0 14190 0 8510 22774 26882 0 19138 0 0 5613 0 0 35 0 0 51 0 
175 -20
37 13875 19 -7188 24178 -28703 -9031 54 27821 4342 32 8302 -26947 9946 42 53 27844 45 24062 36 23 10 -26483 11416 -14078 32 20 6598 53 10 -14910 5001 -12599 20696 -12148 972 58 32 13335 -2522 11521 -22221 -12966 1545 55 5660 55 -24187 -6076 -30656 37 -18646 17021 26006 9 -17879 29866 34 24075 3051 28204 -248 26386 8758 19464 3113 -14389 -5376 80 57 32342 -3875 -12673 26634 35 35 1095 7736 17 28312 -28405 3 -2066 7303 18665 -19964 -24099 55 -22603 32119 13574 3 -30654 -24721 8172 63 13838 26026 11887 27087 24630 52 -31199 4 53 1475 -7025 -9316 52 24 894 22 28899 1 27 7114 -29139 -22936 7 40 15816 -8516 -24017 -22880 31 27432 -17893 44 
37 13875 19 0 24178 0 0 54 27821 4342 32 8302 0 9946 42 53 27844 45 24062 36 23 10 0 11416 0 32 20 6598 53 10 0 5001 0 20696 0 972 58 32 13335 0 11521 0 0 1545 55 5660 55 0 0 0 37 0 17021 26006 9 0 29866 34 24075 3051 28204 0 26386 8758 19464 3113 0 0 80 57 32342 0 0 26634 35 35 1095 7736 17 28312 0 3 0 7303 18665 0 0 55 0 32119 13574 3 0 0 8172 63 13838 26026 11887 27087 24630 52 0 4 53 1475 0 0 52 24 894 22 28899 1 27 7114 0 0 7 40 15816 0 0 0 31 27432 0 44 
176 -30
31 -22196 40 14 5724 -11043 10228 -13661 25851 -17327 60 47 -21941 21991 31259 5260 14 -11077 21632 -2181 -25469 -28595 29843 6510 15065 27 -26814 10963 3517 -27812 -11740 -28444 7417 -795 8364 17348 29004 -25930 -2408 52 -22591 32662 40 32703 -12167 -11117 2 6637 40 -20376 11394 33 27 -17034 -15631 49 14951 19825 6 17770 28874 -1000 -28713 22626 -27542 17 3554 -4832 -2298 17542 16 0 75 15442 20055 31755 16 20658 -1635 31299 16151 18 -26070 6982 32 -25302 16559 26169 -7813 3326 -15163 -14643 17 -26657 36 -16462 3227 39 28 26707 -30156 20327 23234 -2153 13546 -9740 -2022 -10556 23470 -6233 -11784 -7787 -28508 -223 40 7294 16395 16576 -5885 -2320 53 -12414 45 -13610 27 -30753 19170 9431 
31 0 40 14 5724 0 10228 0 25851 0 60 47 0 21991 31259 5260 14 0 21632 0 0 0 29843 6510 15065 27 0 10963 3517 0 0 0 7417 0 8364 17348 29004 0 0 52 0 32662 40 32703 0 0 2 6637 40 0 11394 33 27 0 0 49 14951 19825 6 17770 28874 0 0 22626 0 17 3554 0 0 17542 16 0 75 15442 20055 31755 16 20658 0 31299 16151 18 0 6982 32 0 16559 26169 0 3326 0 0 17 0 36 0 3227 39 28 26707 0 20327 23234 0 13546 0 0 0 23470 0 0 0 0 0 40 7294 16395 16576 0 0 53 0 45 0 27 0 19170 9431 
177 -12
-27920 -7157 -13128 30168 -24284 -2193 10858 19774 -12705 3612 -25852 10763 29231 3882 27418 47 10884 -8810 -30459 -5839 27066 -2529 62 19486 9165 -16858 19426 -7803 46 -5243 34 21298 -18200 13600 -26014 -17491 -787 28 1606 14671 52 50 -1780 -4379 9 9 8605 -31709 19 16 2144 -8325 15080 9947 63 -15691 18637 26838 -10586 1518 2557 -1158 5156 25 -171 -18417 20117 -27175 18 38 32 -28084 22105 14081 12 5115 11737 3 -32171 29689 23 14203 -12169 254 11622 -1671 -28220 -7297 -20666 -2216 -23584 -17470 -29583 25729 58 -20783 25793 -9249 14240 4678 14301 15 7 39 22 23153 31 -20646 -649 11 -1680 -15738 19 -13724 -26602 -12565 -14394 35 -16303 22217 27 25830 -12131 -28519 27 -23012 7 -4771 
0 0 0 30168 0 0 10858 19774 0 3612 0 10763 29231 3882 27418 47 10884 0 0 0 27066 0 62 19486 9165 0 19426 0 46 0 34 21298 0 13600 0 0 0 28 1606 14671 52 50 0 0 9 9 8605 0 19 16 2144 0 15080 9947 63 0 18637 26838 0 1518 2557 0 5156 25 0 0 20117 0 18 38 32 0 22105 14081 12 5115 11737 3 0 29689 23 14203 0 254 11622 0 0 0 0 0 0 0 0 25729 58 0 25793 0 14240 4678 14301 15 7 39 22 23153 31 0 0 11 0 0 19 0 0 0 0 35 0 22217 27 25830 0 0 27 0 7 0 
178 12
-29114 -19979 -6888 14505 15957 60 -3663 25 -20730 0 3523 13645 59 -18870 22549 22650 26611 -4461 4726 30654 -20184 23662 -29446 -6688 8197 14908 15 51 23638 -24245 46 -18109 20556 -10911 9595 7858 9591 36 -15117 27 36 39 60 27706 34 7665 -7334 -2777 30 5 36 -1521 -23545 10972 -11702 -14899 21 24670 17569 61 -28878 -11130 29973 12643 17430 10388 -17145 -25512 -20330 31 -17891 49 5668 32172 -22258 -7612 32761 -6113 29644 29073 57 15227 13404 15237 28 -6298 51 23742 -14466 59 -22786 -4850 9196 10913 -12648 59 -4522 31 25520 -22814 29903 13156 12844 -17663 54 -14931 40 -26973 4403 6 12514 -27824 -19569 -24321 30 54 14579 5505 29 33 32319 29004 6161 -26341 -29944 45 20970 -31838 
-24 -151 -1081 14096 15639 30 -1063 13 -130 0 2475 13174 30 -187 22457 22560 26571 -1123 3593 30637 -145 23589 -22 -1093 7221 14526 8 26 23564 -65 23 -215 20421 -711 8753 6852 8749 18 -368 14 18 20 30 27674 17 6643 -1049 -935 15 3 18 -621 -75 10267 -636 -382 11 24611 17331 31 -25 -690 29953 12091 17186 9626 -257 -51 -141 16 -224 25 4532 32159 -96 -1027 32750 -1122 29622 29049 29 14865 12914 14876 14 -1114 26 23670 -411 30 -87 -1136 8315 10202 -552 30 -1126 16 25470 -86 29883 12647 12309 -233 27 -380 20 -37 3282 3 11951 -31 -164 -64 15 27 14175 4366 15 17 32307 28979 5041 -43 -20 23 20845 -14 
179 40
34 -32552 -15981 -32674 28 36 0 7919 16 -3873 -26339 -912 3594 18 35 -28144 17049 11 34 30106 1 -577 39 10 -26584 -26503 32765 -24088 58 -10668 -10560 21410 26 61 -4935 -20817 17 21920 -3548 49 55 10306 -3223 -19555 4 -16129 -32762 2500 1 -24146 -20387 -4904 20 17 25184 12213 63 12971 1174 5765 -25880 22201 46 -15036 -28947 31775 -8908 -17299 -22520 59 1345 25169 -25127 31822 -14547 16 -1300 -29451 -2793 -11726 24 43 28355 26 7024 29956 41 -21728 -18424 30512 17393 22790 7419 22 -27078 28988 50 26480 1618 1517 -9209 6 6 30119 25 14969 -2086 -30050 -9753 25383 -19866 -31550 -15448 -25361 28462 -11334 -21406 -14119 -22751 -12541 -21340 -32573 1745 52 13822 -11455 17014 -28198 
17 -16276 -7990 -16337 14 18 0 3960 8 -1936 -13169 -456 1797 9 18 -14072 8525 6 17 15053 1 -288 20 5 -13292 -13251 16383 -12044 29 -5334 -5280 10705 13 31 -2467 -10408 9 10960 -1774 25 28 5153 -1611 -9777 2 -8064 -16381 1250 1 -12073 -10193 -2452 10 9 12592 6107 32 6486 587 2883 -12940 11101 23 -7518 -14473 15888 -4454 -8649 -11260 30 673 12585 -12563 15911 -7273 8 -650 -14725 -1396 -5863 12 22 14178 13 3512 14978 21 -10864 -9212 15256 8697 11395 3710 11 -13539 14494 25 13240 809 759 -4604 3 3 15060 13 7485 -1043 -15025 -4876 12692 -9933 -15775 -7724 -12680 14231 -5667 -10703 -7059 -11375 -6270 -10670 -16286 873 26 6911 -5727 8507 -14099 
180 28
14661 -30832 18 28466 32249 26387 50 60 -6446 38 -32219 20 11438 30018 54 38 -17837 -19605 36 -30191 24342 8 -1417 -11058 46 -6585 32046 36 6194 -3833 54 12872 19 -23582 -12189 -16242 1115 5471 7 20 4751 -16510 46 4994 16575 17045 -2891 -16039 -20643 -5457 -27990 12558 -12001 -19854 42 30 7 30751 6846 3797 45 8849 -28713 9150 -29886 23 6282 -8334 28 5 -24639 22670 15339 25352 -29667 5982 3369 50 44 36 7564 26381 -14122 -1738 26578 -14866 23 18 -31000 26 63 -17415 50 14484 -13042 53 26707 10582 -22628 24 -26653 2729 31699 40 43 -1788 9056 17472 -21024 -15957 34 14916 12621 679 30879 23289 2583 24 21731 25 -22871 -1875 10086 -19673 989 -19327 -25672 27244 
7331 -15416 9 14233 16125 13194 25 30 -3223 19 -16109 10 5719 15009 27 19 -8918 -9802 18 -15095 12171 4 -708 -5529 23 -3292 16023 18 3097 -1916 27 6436 10 -11791 -6094 -8121 558 2736 4 10 2376 -8255 23 2497 8288 8523 -1445 -8019 -10321 -2728 -13995 6279 -6000 -9927 21 15 4 15376 3423 1899 23 4425 -14356 4575 -14943 12 3141 -4167 14 3 -12319 11335 7670 12676 -14833 2991 1685 25 22 18 3782 13191 -7061 -869 13289 -7433 12 9 -15500 13 32 -8707 25 7242 -6521 27 13354 5291 -11314 12 -13326 1365 15850 20 22 -894 4528 8736 -10512 -7978 17 7458 6311 340 15440 11645 1292 12 10866 13 -11435 -937 5043 -9836 495 -9663 -12836 13622 
181 -3
5179 -14300 -12519 -24534 2695 57 62 2 28 28448 8749 -26520 -22064 29 51 22855 23395 -26663 37 -31498 10745 -13783 15 29176 15 -8494 29095 23890 30241 -25049 -16673 -24372 33 -3105 -20122 46 51 -16703 -14681 -19104 -497 -24964 21442 -15623 22350 -20076 4190 -6622 25 34 -12225 19886 29328 -1349 3133 38 -19940 24 -20098 -25711 -4874 -24516 30 19711 28979 -3638 59 -32451 60 -1291 12123 5 7858 31874 -17359 42 -12249 12 25580 26282 20 -18396 16879 -29367 -15980 0 22786 4 30458 34 -1457 53 18319 29371 113 -13901 -23260 4469 22086 -10956 -29352 -31150 -30618 16 18218 6248 -6049 -5981 9915 28703 2475 21577 -10959 -6354 -18399 29529 16665 16225 24 -23416 21702 -12290 24 18 22598 3212 3362 -16384 
5179 0 0 0 2695 57 62 2 28 28448 8749 0 0 29 51 22855 23395 0 37 0 10745 0 15 29176 15 0 29095 23890 30241 0 0 0 33 0 0 46 51 0 0 0 0 0 21442 0 22350 0 4190 0 25 34 0 19886 29328 0 3133 38 0 24 0 0 0 0 30 19711 28979 0 59 0 60 0 12123 5 7858 31874 0 42 0 12 25580 26282 20 0 16879 0 0 0 22786 4 30458 34 0 53 18319 29371 113 0 0 4469 22086 0 0 0 0 16 18218 6248 0 0 9915 28703 2475 21577 0 0 0 29529 16665 16225 24 0 21702 0 24 18 22598 3212 3362 0 
182 20
24479 -22502 45 3750 -22191 14256 60 28004 46 41 -21004 28797 6756 11909 21065 44 -3272 20279 12058 -14027 25469 8086 32727 26247 23 -2121 -11555 34 5107 58 16913 -1434 29 43 -5644 14016 -25653 10528 31 41 -18908 37 46 5107 -17338 -19227 -22847 27 26421 -16653 16579 -9203 -8227 -19779 -4280 32 39 4742 27486 10 13631 31233 21076 60 5218 -18233 9755 24463 4624 11977 20524 -957 35 20625 -20821 -25586 -6427 2406 30773 6955 2358 19756 -15836 -11136 22783 48 -7202 31521 15 -1090 -7117 20150 16628 13433 -2157 -19086 5 -29081 12648 -16657 -3594 -12504 7437 15215 17416 55 0 -20391 52 22729 8233 20855 -3975 15551 -10993 -25965 16490 -31197 10773 48 29593 30 12 44 -21272 4752 -9919 21247 
12383 -11130 23 1878 -10978 7177 30 14188 23 21 -10397 14595 3389 5989 10638 22 -1633 10237 6064 -6966 12888 4059 16619 13289 12 -1059 -5746 17 2560 29 8525 -716 15 22 -2814 7055 -12670 5290 16 21 -9369 19 23 2560 -8597 -9525 -11299 14 13377 -8260 8355 -4581 -4097 -9797 -2136 16 20 2376 13923 5 6860 15849 10643 30 2615 -9037 4900 12375 2317 6023 10362 -478 18 10414 -10308 -12637 -3204 1204 15612 3489 1180 9971 -7858 -5539 11515 24 -3589 15997 8 -545 -3546 10172 8380 6759 -1077 -9456 3 -14338 6362 -8262 -1794 -6215 3732 7662 8780 28 0 -10096 26 11488 4133 10531 -1984 7833 -5468 -12822 8309 -15366 5414 24 15006 15 6 22 -10528 2382 -4936 10731 
183 -11
25 30871 10661 -2976 -16099 31509 -3663 47 14422 42 42 17090 3468 30582 -69 43 24894 13273 51 61 -15208 -29811 -22423 25 -19189 -5571 12880 -18545 30020 -19682 4 3108 8526 4468 24133 44 18377 28 27 6311 53 12055 24129 62 -21478 -122 -15388 20 28550 10459 -14744 28781 -2721 20141 -6786 5302 50 -27654 17456 14129 979 20 -22818 17 2893 -1513 -29927 16 -11238 35 2034 30481 8369 -2915 12 -12157 27070 -807 15657 43 5 -31457 41 -30815 16693 -15809 143 14 -6272 32568 4563 -2576 30215 30 -11212 -26924 5715 3017 -30255 -24673 -32055 -1742 9786 17 -20922 13 28060 7196 -26043 2544 52 -25061 14540 14202 657 30189 2 -25243 30714 11 19094 58 29464 13071 3 -7338 -21926 32391 
25 30871 10661 0 0 31509 0 47 14422 42 42 17090 3468 30582 0 43 24894 13273 51 61 0 0 0 25 0 0 12880 0 30020 0 4 3108 8526 4468 24133 44 18377 28 27 6311 53 12055 24129 62 0 0 0 20 28550 10459 0 28781 0 20141 0 5302 50 0 17456 14129 979 20 0 17 2893 0 0 16 0 35 2034 30481 8369 0 12 0 27070 0 15657 43 5 0 41 0 16693 0 143 14 0 32568 4563 0 30215 30 0 0 5715 3017 0 0 0 0 9786 17 0 13 28060 7196 0 2544 52 0 14540 14202 657 30189 2 0 30714 11 19094 58 29464 13071 3 0 0 32391 
184 -30
-31502 -25342 10633 -26090 31 2869 21909 1511 -13229 61 -32457 -12785 -18556 -14961 6 -32292 56 3 10 -25639 -29588 -21794 -19612 7573 2640 -13545 30 3244 34 32 -11323 7251 -19839 49 10677 36 23 38 42 20 20697 13538 22 -23289 7406 27540 9 -6302 27446 -11882 40 -4455 24 2826 25061 -23026 -9229 8 -2100 1689 20564 14579 11 9596 25 30 -15731 -25052 8 18283 -28007 7277 -31505 28 7 27818 60 25896 24454 -14255 63 -26554 61 2 26977 -3619 43 28191 30014 -13168 27984 -9054 -28306 19922 -23165 15 41 -29889 60 -14274 3 31937 48 10 38 31527 29648 -20013 -10609 8287 -1815 -13566 -27035 18 21954 1001 15457 1619 -20498 43 -19485 14 9 -18461 54 32 -28634 26332 
0 0 10633 0 31 2869 21909 1511 0 61 0 0 0 0 6 0 56 3 10 0 0 0 0 7573 2640 0 30 3244 34 32 0 7251 0 49 10677 36 23 38 42 20 20697 13538 22 0 7406 27540 9 0 27446 0 40 0 24 2826 25061 0 0 8 0 1689 20564 14579 11 9596 25 30 0 0 8 18283 0 7277 0 28 7 27818 60 25896 24454 0 63 0 61 2 26977 0 43 28191 30014 0 27984 0 0 19922 0 15 41 0 60 0 3 31937 48 10 38 31527 29648 0 0 8287 0 0 0 18 21954 1001 15457 1619 0 43 0 14 9 0 54 32 0 26332 
185 -12
-31970 19430 -3417 3961 -18590 -21590 55 173 17 1 31635 41 -8890 21 13 7316 45 49 53 -23262 -24919 -18299 17365 -8415 5 -3684 7394 17321 1664 2 -25679 3166 32510 -4511 3 -9623 -32752 19769 45 21765 49 -3995 20740 1774 -8138 20657 -6582 25898 14952 24659 23 -31810 15072 26 10 8414 14 -2335 14419 12965 53 22902 -10419 9 14 27 -32088 27711 48 -30381 13707 49 -13451 8700 -4466 58 2546 -26946 16801 -30099 13 -11661 -27656 0 -27626 17 50 2 15 -25376 -7820 10880 27065 12603 24 -20322 -26861 5143 752 37 8632 13615 15 13818 -19537 -2222 21203 20 17466 11856 -30544 23 9264 -2376 -2928 -18235 0 18742 61 -5899 6656 3006 24 -14248 10241 -673 0 -20912 
0 19430 0 3961 0 0 55 173 17 1 31635 41 0 21 13 7316 45 49 53 0 0 0 17365 0 5 0 7394 17321 1664 2 0 3166 32510 0 3 0 0 19769 45 21765 49 0 20740 1774 0 20657 0 25898 14952 24659 23 0 15072 26 10 8414 14 0 14419 12965 53 22902 0 9 14 27 0 27711 48 0 13707 49 0 8700 0 58 2546 0 16801 0 13 0 0 0 0 17 50 2 15 0 0 10880 27065 12603 24 0 0 5143 752 37 8632 13615 15 13818 0 0 21203 20 17466 11856 0 23 9264 0 0 0 0 18742 61 0 6656 3006 24 0 10241 0 0 0 
186 12
29250 22271 23128 -16286 12113 20354 16 -31028 59 7780 15407 45 -8756 -11344 -26050 -19903 15 30739 11811 11 -16008 54 52 31322 20740 -19551 -3192 3017 15432 -31918 -10995 29293 25129 -21240 -24238 -25484 8900 -21024 17 -20220 26715 3122 8 5990 1609 -300 55 25388 -23919 17594 19407 45 57 -15397 14 -25743 -2796 -28477 21 32 29 29831 18581 -19584 10 2970 42 -31018 19652 -11762 20 17332 24 16 1200 4 -9346 7 23719 15761 -8403 54 2445 10 26554 -32458 35 27655 -31006 -8249 -29732 4 -12102 14765 16061 26731 58 21664 11153 4639 16264 18 -9793 -12281 51 20921 -28167 26068 -5971 -15361 7679 25 32050 2953 21767 20 -14388 -25196 51 44 24662 -10962 60 33 10076 4185 681 -3156 
29227 22174 23047 -300 11515 20214 8 -16 30 6767 15057 23 -924 -670 -45 -153 8 30722 11185 6 -315 27 26 31307 20610 -164 -1004 2040 15083 -14 -703 29270 25075 -118 -65 -51 7990 -123 9 -144 26676 2129 4 4863 960 -145 28 25336 -69 17357 19238 23 29 -351 7 -48 -939 -27 11 16 15 29810 18384 -163 5 2001 21 -16 19491 -630 10 17083 12 8 687 2 -866 4 23647 15432 -957 27 1577 5 26513 -12 18 27623 -16 -971 -21 2 -599 14374 15749 26692 29 21555 10465 3508 15963 9 -822 -584 26 20795 -29 26023 -1128 -353 6658 13 32037 1987 21661 10 -417 -54 26 22 24603 -706 30 17 9283 3077 369 -999 
187 40
20825 -6721 -16915 7670 -31166 -7121 -10121 -27518 6830 -6404 8119 -6547 13104 -17423 19204 -13950 29839 3243 -10143 -8031 14218 -25262 -10675 -7899 29003 -29992 9255 19333 -2567 29276 4634 -16908 -20827 -25300 13203 -19123 10888 -28088 18082 12 17183 -10956 -18668 -14317 21237 8038 35 -17162 -10089 17012 31 -9055 17346 19874 32497 29969 11463 8881 2 -20497 -4134 12715 -4055 -16168 6326 14678 -26015 -2057 32146 8899 5796 -7600 19553 6733 20 5726 7058 -22083 14079 -4363 31 13 15446 5 20955 45 15477 28871 28 491 24007 9890 -19732 20 56 -10823 10833 14661 28300 20533 29 12879 -25390 49 31347 -22913 18 4470 -24472 2 24 24 28895 -13712 30845 -13324 -26369 -15505 25912 -22537 4459 50 30936 -7959 -14018 19128 -29567 -10149 
10413 -3360 -8457 3835 -15583 -3560 -5060 -13759 3415 -3202 4060 -3273 6552 -8711 9602 -6975 14920 1622 -5071 -4015 7109 -12631 -5337 -3949 14502 -14996 4628 9667 -1283 14638 2317 -8454 -10413 -12650 6602 -9561 5444 -14044 9041 6 8592 -5478 -9334 -7158 10619 4019 18 -8581 -5044 8506 16 -4527 8673 9937 16249 14985 5732 4441 1 -10248 -2067 6358 -2027 -8084 3163 7339 -13007 -1028 16073 4450 2898 -3800 9777 3367 10 2863 3529 -11041 7040 -2181 16 7 7723 3 10478 23 7739 14436 14 246 12004 4945 -9866 10 28 -5411 5417 7331 14150 10267 15 6440 -12695 25 15674 -11456 9 2235 -12236 1 12 12 14448 -6856 15423 -6662 -13184 -7752 12956 -11268 2230 25 15468 -3979 -7009 9564 -14783 -5074 
188 26
53 18267 -30387 -6738 -20898 24715 -23658 9156 32 11 15865 4758 1 -11379 -32683 43 7 15 -4926 28903 23440 14 18204 7 5449 -17680 -27607 2297 29352 -27112 -29237 -10380 -31490 -16569 21781 19145 9 22718 -27643 -18742 -22432 -27201 24220 61 24 7014 -19175 -19874 25551 8251 8 30959 -25330 17233 23123 18978 12532 13404 17 26340 10239 1218 12 -30184 1 26428 27946 8315 3351 -16188 -29999 -5340 -2204 25557 16813 12783 22363 -27673 -2339 -21719 33 33 4220 26883 23900 30399 14355 14551 29 8 -18342 -24034 11380 928 9289 -27569 19636 59 63 -30682 -15546 3839 49 -18023 29 19597 6449 -14016 50 -8407 22268 -19305 14131 39 -12135 4817 14397 29940 17164 57 -4674 7 385 19116 28 14814 14717 -12839 
27 9135 -15190 -3369 -10448 12361 -11828 4579 16 6 7933 2379 1 -5689 -16338 22 4 8 -2463 14455 11721 7 9103 4 2725 -8839 -13800 1149 14680 -13553 -14615 -5189 -15741 -8283 10892 9574 5 11360 -13818 -9370 -11215 -13597 12111 31 12 3507 -9586 -9936 12779 4126 4 15483 -12662 8618 11563 9490 6267 6703 9 13173 5120 609 6 -15088 1 13217 13976 4158 1676 -8093 -14996 -2670 -1102 12782 8408 6392 11183 -13833 -1169 -10858 17 17 2110 13445 11951 15203 7178 7276 15 4 -9170 -12016 5691 464 4645 -13781 9819 30 32 -15337 -7772 1920 25 -9010 15 9800 3225 -7007 25 -4203 11135 -9651 7066 20 -6067 2409 7199 14974 8583 29 -2337 4 193 9559 14 7408 7359 -6419 
189 29
28 48 -14087 15676 44 -3938 -10199 -8962 -14554 23906 6 50 8 11216 -14213 -13693 6073 -2034 -16855 24330 31447 -25035 -7906 57 -20440 24371 34 -13891 -4073 -4242 27051 -26696 -26188 -9937 17553 32273 18 24308 -30950 -25412 -1957 29395 24003 -14225 1218 -18073 -3194 50 5 26339 19024 16382 18149 -18923 18338 -29062 28 22143 -4335 -4391 14006 6476 -18335 20172 3063 31500 -10676 18867 18939 20250 27404 25 -31522 -21294 16547 63 -3297 21 -31443 -21724 24013 -23395 24 43 -10752 2794 13117 19 6971 -9465 15 33 30242 37 -19223 13 36 32483 25195 6351 -19135 -27627 42 44 43 19 -27236 62 10865 9 18 11 -15552 30 3369 4886 -22522 28073 14523 25415 7923 -19624 877 -17662 20862 17781 -2127 31 
14 24 -7043 7838 22 -1969 -5099 -4481 -7277 11953 3 25 4 5608 -7106 -6846 3037 -1017 -8427 12165 15724 -12517 -3953 29 -10220 12186 17 -6945 -2036 -2121 13526 -13348 -13094 -4968 8777 16137 9 12154 -15475 -12706 -978 14698 12002 -7112 609 -9036 -1597 25 3 13170 9512 8191 9075 -9461 9169 -14531 14 11072 -2167 -2195 7003 3238 -9167 10086 1532 15750 -5338 9434 9470 10125 13702 13 -15761 -10647 8274 32 -1648 11 -15721 -10862 12007 -11697 12 22 -5376 1397 6559 10 3486 -4732 8 17 15121 19 -9611 7 18 16242 12598 3176 -9567 -13813 21 22 22 10 -13618 31 5433 5 9 6 -7776 15 1685 2443 -11261 14037 7262 12708 3962 -9812 439 -8831 10431 8891 -1063 16 
190 -27
23 9406 16667 1714 -13459 -14592 -13874 29408 -8265 9743 -11158 25118 -24848 -10101 -26859 -10151 6470 5 2702 51 -11662 43 -32500 31504 -19369 -24214 13 49 11 6285 -3559 18120 6557 10746 43 30100 13900 31438 -5214 -24128 -11777 9920 27568 63 8119 18639 -21393 -1146 7297 20936 -10065 -3818 -29895 39 31 21456 24019 23077 14474 15 25006 -21383 -32254 18271 31 -17765 587 44 2645 24615 -14856 15533 23106 57 -23641 28 20849 -1460 22672 33 17303 32 14 17 -4790 -15327 -12710 19212 -18654 13 -16370 25173 -32206 24237 -24467 -16586 27953 6257 -7285 4923 10177 12043 -18346 29767 27254 -17132 24120 8166 43 10 27033 -17152 -15255 11082 17637 -22126 30715 31047 44 5528 4 6 10223 -30749 29637 29967 38 42 
23 9406 16667 1714 0 0 0 29408 0 9743 0 25118 0 0 0 0 6470 5 2702 51 0 43 0 31504 0 0 13 49 11 6285 0 18120 6557 10746 43 30100 13900 31438 0 0 0 9920 27568 63 8119 18639 0 0 7297 20936 0 0 0 39 31 21456 24019 23077 14474 15 25006 0 0 18271 31 0 587 44 2645 24615 0 15533 23106 57 0 28 20849 0 22672 33 17303 32 14 17 0 0 0 19212 0 13 0 25173 0 24237 0 0 27953 6257 0 4923 10177 12043 0 29767 27254 0 24120 8166 43 10 27033 0 0 11082 17637 0 30715 31047 44 5528 4 6 10223 0 29637 29967 38 42 
191 -11
-11564 -22903 -32532 29012 -2361 -12359 -21249 2 15153 52 11 -27821 -28500 31201 0 25372 29503 -32157 -9451 -13758 15257 63 8297 80 -17716 13754 8082 -4574 -11433 39 11133 -13915 28464 28681 -22091 7 -1388 25115 23120 -394 -4933 42 -7000 29120 -32045 14 30271 12172 -3965 20574 18735 40 17 -671 31 47 24813 4217 48 8434 672 -15171 3494 26691 25867 -17951 8 23654 -3178 20369 -19733 -31972 -1415 8718 10052 5 31 -12266 -2700 46 -20836 18203 19709 11 19838 -32761 14733 34 17 45 17704 3 32619 56 15 8888 9901 -10903 -29638 10111 32292 -21181 48 29336 27 17516 34 -11010 11 -18644 13 -18353 14 29361 -4064 31242 -31612 19440 27849 -31339 40 3147 2995 -4770 50 -20779 13469 -26195 
0 0 0 29012 0 0 0 2 15153 52 11 0 0 31201 0 25372 29503 0 0 0 15257 63 8297 80 0 13754 8082 0 0 39 11133 0 28464 28681 0 7 0 25115 23120 0 0 42 0 29120 0 14 30271 12172 0 20574 18735 40 17 0 31 47 24813 4217 48 8434 672 0 3494 26691 25867 0 8 23654 0 20369 0 0 0 8718 10052 5 31 0 0 46 0 18203 19709 11 19838 0 14733 34 17 45 17704 3 32619 56 15 8888 9901 0 0 10111 32292 0 48 29336 27 17516 34 0 11 0 13 0 14 29361 0 31242 0 19440 27849 0 40 3147 2995 0 50 0 13469 0 
192 -30
-1192 -2986 9 26 -14299 10 63 12235 -24825 9269 -22454 7134 -12062 40 5 32050 -12851 6565 29598 -4941 59 2514 11674 -16392 6434 -32044 -15437 19938 16085 2455 29142 -30835 27 -10259 26461 13031 11 25712 49 31005 6874 -28365 -21300 59 10602 25860 3 -4276 -13596 10 37 21633 -28811 -17829 11904 3959 12 15644 -27648 6996 18811 -18688 6731 26400 -202 817 -1311 -4459 2338 4 17953 10857 24175 49 -13255 -30591 -15209 13612 21074 10025 -21094 -1519 -29599 -15669 -22825 8951 5441 -7865 -3921 -780 18962 -7525 4506 -18042 56 53 -16625 -30433 -22864 -1009 25023 -16492 21368 -8121 58 14 61 51 36 23 -8043 23564 -13387 -238 25090 4451 -23216 39 10656 15669 9 19125 -3083 20841 -14556 14135 21162 20 
0 0 9 26 0 10 63 12235 0 9269 0 7134 0 40 5 32050 0 6565 29598 0 59 2514 11674 0 6434 0 0 19938 16085 2455 29142 0 27 0 26461 13031 11 25712 49 31005 6874 0 0 59 10602 25860 3 0 0 10 37 21633 0 0 11904 3959 12 15644 0 6996 18811 0 6731 26400 0 817 0 0 2338 4 17953 10857 24175 49 0 0 0 13612 21074 10025 0 0 0 0 0 8951 5441 0 0 0 18962 0 4506 0 56 53 0 0 0 0 25023 0 21368 0 58 14 61 51 36 23 0 23564 0 0 25090 4451 0 39 10656 15669 9 19125 0 20841 0 14135 21162 20 
193 -12
-17791 32677 -6678 25155 -30703 -7917 23427 -11638 5 22300 37 12 42 20 13183 -1470 -27626 -5707 20320 -12172 -5492 14 22334 27139 -29718 22511 -24673 -28573 -18147 20395 3678 16312 -10813 -30823 4300 -24531 16836 3228 -4120 -30022 18575 2894 25074 14 31799 -10792 -8301 -27205 53 6104 -28503 26614 -26395 7731 0 -22498 -7135 33 -12518 22436 49 -29847 57 26301 -12549 21366 28772 -30175 41 30 24473 -23271 48 -14496 -17879 32535 1794 16189 -985 13833 3 17 17003 -29447 7 -26204 26 16928 -11328 -32156 15411 30 17807 60 21 40 -30353 17243 3857 29132 -30800 24426 3929 24880 -18982 25353 38 2058 -32438 3 28240 5860 36 46 44 16863 20042 -11107 43 -20291 -21489 13989 21221 -22445 18152 26262 6198 5011 
0 32677 0 25155 0 0 23427 0 5 22300 37 12 42 20 13183 0 0 0 20320 0 0 14 22334 27139 0 22511 0 0 0 20395 3678 16312 0 0 4300 0 16836 3228 0 0 18575 2894 25074 14 31799 0 0 0 53 6104 0 26614 0 7731 0 0 0 33 0 22436 49 0 57 26301 0 21366 28772 0 41 30 24473 0 48 0 0 32535 1794 16189 0 13833 3 17 17003 0 7 0 26 16928 0 0 15411 30 17807 60 21 40 0 17243 3857 29132 0 24426 3929 24880 0 25353 38 2058 0 3 28240 5860 36 46 44 16863 20042 0 43 0 0 13989 21221 0 18152 26262 6198 5011 
194 12
15543 -3327 21313 29 8670 19963 5 20136 27422 22076 -26214 46 -17453 -2303 63 33 5903 -14262 -6926 51 -16936 57 26 29 -26237 0 58 61 -3425 20434 -10582 16 5098 5919 6996 34 18286 -1192 -25499 8565 9822 27879 23581 5827 -24427 26309 52 3423 9795 10 13142 18568 -20458 3709 -23588 -5746 14199 5263 29390 20090 -16482 -29737 32572 29318 -13976 -15164 10360 44 32 6528 36 24853 10235 -8302 -28918 -15264 -15132 -28030 23576 -25655 3722 -12888 19063 189 -20892 5212 10 2275 32104 -4218 6 22 22 -23106 27947 24989 -3734 -14656 29 -485 -25432 -13295 -25315 16 52 -32474 -14352 -798 -16475 30 11564 3670 -5324 -23783 -29521 -22311 38 13 -10518 8131 24 23649 -3343 -20663 -434 -391 16706 35 
15201 -1023 21197 15 7738 19811 3 19990 27388 21976 -43 23 -243 -836 32 17 4773 -426 -1078 26 -267 29 13 15 -43 0 29 31 -1036 20296 -743 8 3958 4790 5922 17 18078 -510 -51 7623 9003 27848 23507 4695 -63 26266 26 2388 8974 5 12631 18370 -138 2641 -74 -1134 13769 4122 29368 19942 -290 -21 32560 29295 -446 -365 9595 22 16 5425 18 24795 9458 -967 -25 -359 -367 -30 23502 -49 2653 -532 18883 97 -127 4071 5 1445 32091 -1110 3 11 11 -82 27916 24933 -1071 -399 15 -228 -51 -498 -53 8 26 -12 -419 -360 -290 15 10915 2606 -1141 -71 -22 -96 19 7 -749 7149 12 23575 -1025 -132 -206 -186 16428 18 
195 40
34 1 25203 -30273 28976 -17845 -16159 -21335 16 8517 15 59 1887 -17142 34 -26563 -16314 -9643 -4657 13858 -347 33 -3157 -22881 21833 24 -23670 -615 -14696 26486 17806 8 -21672 5577 24366 -30070 14 -10695 17466 18559 28 -4409 20 -17680 17544 8710 7182 -31486 27616 8904 -25409 -6906 11 12 2506 39 -22213 18 16845 -5533 49 15663 51 -32736 -8949 8398 -6504 46 -6772 -18569 23223 -23610 15369 25112 -4357 5070 -20360 -12149 -11930 17752 32521 14084 -6465 2592 2090 -30410 17758 14669 -25806 33 -19844 29489 32290 10 25 19773 -13376 -6892 4234 -12443 -11383 -7193 9063 4280 -25556 -9416 -1665 -6054 8 -16261 -27217 -6912 8 -21811 43 -8993 30298 47 -1824 709 15277 -8473 34 -31887 16505 8400 -14009 21685 
17 1 12602 -15136 14488 -8922 -8079 -10667 8 4259 8 30 944 -8571 17 -13281 -8157 -4821 -2328 6929 -173 17 -1578 -11440 10917 12 -11835 -307 -7348 13243 8903 4 -10836 2789 12183 -15035 7 -5347 8733 9280 14 -2204 10 -8840 8772 4355 3591 -15743 13808 4452 -12704 -3453 6 6 1253 20 -11106 9 8423 -2766 25 7832 26 -16368 -4474 4199 -3252 23 -3386 -9284 11612 -11805 7685 12556 -2178 2535 -10180 -6074 -5965 8876 16261 7042 -3232 1296 1045 -15205 8879 7335 -12903 17 -9922 14745 16145 5 13 9887 -6688 -3446 2117 -6221 -5691 -3596 4532 2140 -12778 -4708 -832 -3027 4 -8130 -13608 -3456 4 -10905 22 -4496 15149 24 -912 355 7639 -4236 17 -15943 8253 4200 -7004 10843 
196 7
27447 -13029 16072 50 12 6652 29587 935 22528 -32388 -15871 31 58 24831 11544 15351 31 -21457 11787 25522 14430 -29710 -21453 15 -2964 27821 28519 6643 -32528 27133 59 81 2585 1777 430 53 -124 24 -1644 -16098 0 10 -26232 29423 16581 45 19452 4 -2401 -29991 -14487 -8078 -6878 -13924 31688 17667 -19703 11 17172 -3795 -1528 12 -29599 -23460 -6890 10596 -1263 -22192 15032 -6289 -19018 -28697 10280 20288 29049 -20723 17923 5805 -25377 20404 -27256 -29967 27723 3 -15319 0 4 8 -20704 38 -31604 7478 -14760 -31194 -27680 -9253 -7270 -10680 1 62 37 5 21145 16106 -5309 63 57 -18120 -29429 50 54 10542 4546 18479 18236 27838 -7541 -3902 -18334 -5982 3170 -23516 23018 25155 60 -5751 52 -32211 
27447 0 16072 30 6 6652 29587 934 22528 0 0 17 35 24831 11544 15351 17 0 11787 25522 14430 0 0 8 0 27821 28519 6643 0 27133 36 53 2585 1777 416 32 -34 13 0 0 0 5 0 29423 16581 26 19452 2 0 0 0 0 0 0 31688 17667 0 6 17172 0 0 6 0 0 0 10596 0 0 15032 0 0 0 10280 20288 29049 0 17923 5805 0 20404 0 0 27723 2 0 0 2 4 0 22 0 7478 0 0 0 0 0 0 1 38 21 3 21145 16106 0 39 35 0 0 30 33 10542 4546 18479 18236 27838 0 0 0 0 3170 0 23018 25155 37 0 31 0 
197 22
-22749 -21211 -10915 58 39 16575 -9542 -13648 18202 -1880 25136 -10193 10160 26 17791 -6860 24 13739 7 6040 26339 4 25249 -9752 -1250 3466 28678 -6655 10998 -15314 -15130 -439 16557 -5830 2278 9042 15298 -28900 -8499 -13615 -16530 -16252 -29215 -13398 8097 0 -17308 28997 18 5635 11864 -2901 14609 23130 -15309 -23747 42 -14100 15 3 29949 9169 -4513 22848 9 -16395 -23196 20520 20010 -8790 25 56 29447 25203 57 -9509 8371 14 11000 17974 -9218 54 -19204 32424 -11103 23731 9693 43 851 4 39 -8057 36 -7557 -18067 30 5022 21869 -25918 41 10 6001 15480 -2953 9128 -27415 15285 18387 6363 -17819 25469 8 44 -6168 -23637 -31114 1747 61 -17542 8322 29281 -20005 23903 1 -15949 2468 -938 -5649 
-11344 -10578 -5450 29 20 8304 -4766 -6813 9121 -940 12606 -5090 5086 13 8914 -3427 12 6880 4 3022 13211 2 12663 -4870 -625 1734 14388 -3325 5506 -7643 -7551 -219 8295 -2913 1139 4526 7663 -14401 -4245 -6797 -8249 -8110 -14556 -6688 4052 0 -8636 14548 9 2820 5941 -1450 7317 11597 -7640 -11840 21 -7038 8 2 15028 4590 -2255 11455 5 -8181 -11565 10285 10029 -4390 13 28 14776 12640 29 -4749 4190 7 5507 9007 -4604 27 -9580 16275 -5544 11899 4852 22 426 2 20 -4025 18 -3775 -9014 15 2513 10963 -12919 21 5 3003 7754 -1476 4569 -13662 7656 9214 3184 -8891 12773 4 22 -3082 -11785 -15500 874 31 -8753 4165 14692 -9978 11985 1 -7959 1234 -469 -2822 
198 4
18 -23500 15 -30566 10 63 23372 -2554 -24348 16111 -19325 11895 9 1133 3769 34 -16882 2166 11114 11 -22348 28911 -10879 18201 6 20220 1 26636 -22656 5869 -28198 -1579 -18552 23 19627 30151 24 -4084 20225 -10918 25 12830 -22012 26896 -29920 -20575 1619 -28183 15018 31994 56 23812 -12297 -19377 -6240 -1881 -16672 54 -12873 54 -25521 -3646 161 -17409 37 6144 -21684 8981 25 60 -31785 -26466 1628 62 16231 963 -9718 58 -25195 -24062 21256 31507 61 41 20 30013 -28709 -14659 -30509 44 -21772 -23094 32 41 -11180 1298 23157 -8328 6 25 11 6965 18128 36 18283 6 28704 -4715 54 -30401 31370 3632 29460 -32087 9949 16210 10 -5228 17544 47 -30876 16460 -18010 -24960 -30540 -8261 20 0 
14 0 11 0 7 62 23372 0 0 16111 0 11895 6 1133 3769 30 0 2166 11114 7 0 28911 0 18201 4 20220 1 26636 0 5869 0 0 0 19 19627 30151 20 0 20225 0 21 12830 0 26896 0 0 1619 0 15018 31994 54 23812 0 0 0 0 0 52 0 52 0 0 161 0 34 6144 0 8981 21 59 0 0 1628 61 16231 963 0 56 0 0 21256 31507 60 38 16 30013 0 0 0 41 0 0 28 38 0 1298 23157 0 4 21 7 6965 18128 33 18283 4 28704 0 52 0 31370 3632 29460 0 9949 16210 7 0 17544 45 0 16460 0 0 0 0 16 0 
199 -24
-26960 -5781 52 -3385 -9278 -946 15884 42 -17289 -7160 29721 20691 8379 -32727 -29677 9438 29 21215 -29330 9971 -30180 30756 21 5 40 52 7625 1898 12003 3061 -10092 2474 9145 -32674 -29667 -27821 52 1304 -18313 -16145 5683 -27029 -4597 -8903 26029 2686 41 26720 59 -18071 57 -8685 -3360 21862 -9282 -16419 256 -10761 59 36 19 9 28063 57 -13367 -25319 44 -2704 17118 -25026 288 13 38 53 -3453 -17176 22772 23240 -11871 34 -30268 23019 -3659 26 57 -18457 5788 18336 23 14609 33 -7936 -27261 4216 8431 14581 10805 -18521 -4027 5669 -15511 35 16 11526 15 27 -8869 2310 0 -15616 0 9029 -9693 23 45 17161 -27666 -1896 742 -10736 17314 8557 -17613 -3782 -13146 39 2 26932 
0 0 52 0 0 0 15884 42 0 0 29721 20691 8379 0 0 9438 29 21215 0 9971 0 30756 21 5 40 52 7625 1898 12003 3061 0 2474 9145 0 0 0 52 1304 0 0 5683 0 0 0 26029 2686 41 26720 59 0 57 0 0 21862 0 0 256 0 59 36 19 9 28063 57 0 0 44 0 17118 0 288 13 38 53 0 0 22772 23240 0 34 0 23019 0 26 57 0 5788 18336 23 14609 33 0 0 4216 8431 14581 10805 0 0 5669 0 35 16 11526 15 27 0 2310 0 0 0 9029 0 23 45 17161 0 0 742 0 17314 8557 0 0 0 39 2 26932 
200 -30
63 26018 -29458 -261 5 -3661 31 27 16 5955 29979 -17418 17358 -12140 -17010 33 60 -31996 48 -22706 8347 -21452 21745 -23401 -15734 20580 25191 8367 14653 25 -7040 11276 61 -23972 -31057 37 -8960 -11757 -9090 10079 33 12141 47 -27431 50 -11940 21 -26365 49 22073 28 10784 5 -20182 25 7 28 -15874 -9979 54 -23373 5229 -16140 -28713 4756 -13666 -9227 12 -6829 27 -6792 -15083 8 24714 -9848 -25211 11638 -4067 26 31374 -1673 -19134 30462 61 9 8394 14454 -29936 31713 -4639 20568 22954 19611 23 -29997 -8019 -8783 29009 361 36 19 -30514 6 -15910 -16506 30093 -28966 -20086 -2513 -3824 28575 23300 63 -20964 13723 21 6954 25331 -20369 9595 57 4506 16460 5870 -5740 -23881 -11503 5617 
63 26018 0 0 5 0 31 27 16 5955 29979 0 17358 0 0 33 60 0 48 0 8347 0 21745 0 0 20580 25191 8367 14653 25 0 11276 61 0 0 37 0 0 0 10079 33 12141 47 0 50 0 21 0 49 22073 28 10784 5 0 25 7 28 0 0 54 0 5229 0 0 4756 0 0 12 0 27 0 0 8 24714 0 0 11638 0 26 31374 0 0 30462 61 9 8394 14454 0 31713 0 20568 22954 19611 23 0 0 0 29009 361 36 19 0 6 0 0 30093 0 0 0 0 28575 23300 63 0 13723 21 6954 25331 0 9595 57 4506 16460 5870 0 0 0 5617 
201 -12
5713 12194 16357 -27013 -19032 -9121 -27913 -14559 30687 -28823 -32287 52 -8518 27018 -18572 -679 31 35 32346 18392 55 15348 15 8530 19773 -27010 55 -3492 27390 -29505 -32754 15842 2210 -27481 -14732 14888 28431 15891 -16915 -1573 24 17347 -10046 36 21 5381 15491 -21499 -15324 -13957 20 41 16907 -31177 31619 45 -15054 -5079 9760 10 18 16 -12623 61 -25334 -199 466 -31223 -29043 6779 -20607 18995 24757 -4629 -20479 -21812 3 -24521 15148 -31105 -17986 3432 -16905 -12191 32 -6330 -4567 56 15896 -16452 -19147 -1800 8 5546 -12448 32513 -5392 -3614 13850 -17731 -19411 13 -21097 32324 -9804 -20025 -12364 51 14362 -25755 -32211 4474 61 28 -12579 -27385 -23288 25 22329 57 2549 23469 -15032 538 29884 7741 -3259 9386 
5713 12194 16357 0 0 0 0 0 30687 0 0 52 0 27018 0 0 31 35 32346 18392 55 15348 15 8530 19773 0 55 0 27390 0 0 15842 2210 0 0 14888 28431 15891 0 0 24 17347 0 36 21 5381 15491 0 0 0 20 41 16907 0 31619 45 0 0 9760 10 18 16 0 61 0 0 466 0 0 6779 0 18995 24757 0 0 0 3 0 15148 0 0 3432 0 0 32 0 0 56 15896 0 0 0 8 5546 0 32513 0 0 13850 0 0 13 0 32324 0 0 0 51 14362 0 0 4474 61 28 0 0 0 25 22329 57 2549 23469 0 538 29884 7741 0 9386 
202 12
-4189 -11293 9785 23956 676 -19227 12745 38 19529 -28811 45 -26002 -26004 12206 31804 12168 225 58 8945 -28312 31 18069 2457 7988 16 -879 15336 -6460 -4615 19138 22200 -12813 40 -6931 22590 16 32 -13421 -8623 30 -9324 48 -19644 -13402 16011 15062 21224 22694 -22710 -6070 5198 0 3196 -4861 11870 21219 15088 11457 24 19953 3081 -31290 32267 17061 25 -7921 -31055 20 48 -23819 23916 -4273 1127 58 -31553 23839 13673 41 30 -8996 -24241 46 17184 19 50 60 52 -2326 7216 -23281 3 25645 -829 -12745 28 30245 56 18 11413 39 21466 1663 36 -14980 7164 26818 23365 3748 -8701 -13123 50 11544 32189 -26078 50 19231 10551 -24450 5 13936 39 17838 3 9386 10 25484 11744 41 
-1108 -674 8963 23887 366 -174 12202 19 19365 -25 23 -45 -45 11616 31790 11574 116 29 8040 -29 16 17852 1586 6993 8 -393 14982 -1106 -1130 18960 22102 -538 20 -1078 22500 8 16 -489 -937 15 -868 24 -161 -490 15696 14690 21105 22605 -89 -1124 4057 0 2191 -1137 11249 21100 14718 10798 12 19801 2094 -15 32255 16800 13 -1001 -16 10 24 -71 23847 -1113 641 29 -14 23768 13204 21 15 -900 -65 23 16929 10 25 30 26 -841 6158 -79 2 25596 -373 -543 14 30227 28 9 10750 20 21353 998 18 -377 6103 26780 23287 2676 -929 -512 25 10894 32176 -45 25 19057 9805 -63 3 13487 20 17612 2 8524 5 25433 11112 21 
203 40
31394 24 14118 -16641 -2570 6628 15593 17027 -4672 34 -9797 17833 -27342 -4303 9250 11345 -16259 46 -13846 29 16242 27409 12 3538 21 -27696 35 11752 -9330 16194 -17717 -26863 -21514 -22105 9844 42 9114 -31060 2 -28670 22 -22340 29957 27295 17002 -4160 21179 -10249 5 -30363 3434 -8286 2828 -6333 1513 -7687 -6564 40 53 -12495 21 21 6 -5375 25169 -6165 44 25 25 13199 4763 30 35 -4113 -25140 31 8 -11534 -4630 29460 3991 -20131 26 24203 16 38 -19085 -29206 9 -25734 8389 8495 26 29 -21071 29892 -27824 31517 -22141 55 59 22773 25531 6 17 -20279 16588 -3396 17043 57 22 26096 -12644 -9863 -10908 -7039 42 -22748 3937 -2477 -24618 29688 -29327 -11546 -31229 57 -29143 -22695 
15697 12 7059 -8320 -1285 3314 7797 8514 -2336 17 -4898 8917 -13671 -2151 4625 5673 -8129 23 -6923 15 8121 13705 6 1769 11 -13848 18 5876 -4665 8097 -8858 -13431 -10757 -11052 4922 21 4557 -15530 1 -14335 11 -11170 14979 13648 8501 -2080 10590 -5124 3 -15181 1717 -4143 1414 -3166 757 -3843 -3282 20 27 -6247 11 11 3 -2687 12585 -3082 22 13 13 6600 2382 15 18 -2056 -12570 16 4 -5767 -2315 14730 1996 -10065 13 12102 8 19 -9542 -14603 5 -12867 4195 4248 13 15 -10535 14946 -13912 15759 -11070 28 30 11387 12766 3 9 -10139 8294 -1698 8522 29 11 13048 -6322 -4931 -5454 -3519 21 -11374 1969 -1238 -12309 14844 -14663 -5773 -15614 29 -14571 -11347 
204 -30
-18847 -29387 23 15983 5049 -9507 -6869 -13634 16597 30445 30634 32 6141 12 8809 -12795 21545 -30925 43 47 -26504 17 3 7050 -19572 -21208 9379 9278 -3843 -18361 -5993 32323 -5624 0 -5837 -20075 597 10229 -17792 -11655 6678 -16173 -29702 19879 22 -7518 21440 -18143 -23535 -18677 21786 31 -19829 15113 2146 32 9796 18242 -3820 6008 52 -483 4984 6249 -2701 10586 -32312 21422 -18972 29215 -8660 1 13020 7 -13429 26 -8170 -31098 -13356 -11825 55 24712 -19293 -361 24531 -3767 28 14060 57 -6528 -15249 14038 -26136 -6529 15101 -17184 -24689 -3414 22 19625 17 40 -20521 -13512 4755 -29463 -5100 6149 5795 14978 -21104 3269 11 28300 19830 -24329 25 2534 -10546 26 -19740 -24926 25316 21381 -14604 7999 -4954 41 
0 0 23 15983 5049 0 0 0 16597 30445 30634 32 6141 12 8809 0 21545 0 43 47 0 17 3 7050 0 0 9379 9278 0 0 0 32323 0 0 0 0 597 10229 0 0 6678 0 0 19879 22 0 21440 0 0 0 21786 31 0 15113 2146 32 9796 18242 0 6008 52 0 4984 6249 0 10586 0 21422 0 29215 0 1 13020 7 0 26 0 0 0 0 55 24712 0 0 24531 0 28 14060 57 0 0 14038 0 0 15101 0 0 0 22 19625 17 40 0 0 4755 0 0 6149 5795 14978 0 3269 11 28300 19830 0 25 2534 0 26 0 0 25316 21381 0 7999 0 41 
205 -16
47 25 30123 -13289 26731 15879 -19245 11632 42 2025 26 -30496 6 14 11221 5 -1122 -19751 0 17 57 48 -10039 -2673 4 14206 41 35 53 49 2 19 8648 58 -32277 4 30 26623 25882 -2548 36 -13406 13464 -29263 17286 -30866 44 12470 915 -3666 30 -4089 -24620 27 -8394 -26261 26132 7209 38 -32446 18784 22924 -9474 -7279 9883 62 9138 12956 -20093 -5572 30 25686 -3989 -13996 -6720 60 -12409 -2658 15270 -3043 5 28721 59 -26677 681 30896 2187 10294 25923 22926 852 33 -4808 4228 14 -19149 -5414 -3117 6314 7 -14837 -7933 43 19047 29743 21995 -27304 11362 21791 -7245 6807 38 8831 -7108 26 31 10385 23457 4 27 24 16294 22153 -6698 16013 63 29 -29179 
47 25 30123 0 26731 15879 0 11632 42 2025 26 0 6 14 11221 5 0 0 0 17 57 48 0 0 4 14206 41 35 53 49 2 19 8648 58 0 4 30 26623 25882 0 36 0 13464 0 17286 0 44 12470 915 0 30 0 0 27 0 0 26132 7209 38 0 18784 22924 0 0 9883 62 9138 12956 0 0 30 25686 0 0 0 60 0 0 15270 0 5 28721 59 0 681 30896 2187 10294 25923 22926 852 33 0 4228 14 0 0 0 6314 7 0 0 43 19047 29743 21995 0 11362 21791 0 6807 38 8831 0 26 31 10385 23457 4 27 24 16294 22153 0 16013 63 29 0 
206 -3
-11159 15624 -7315 128 52 53 10857 51 -19052 -25721 36 -8420 10720 815 2811 5 16173 -11772 1428 4571 29136 -23173 -21021 20570 61 32632 -16400 30 -23571 9196 -20830 40 29 -16818 27823 -6025 4 20969 -32513 -12034 -2097 -7962 30038 -20063 -2532 35 -23691 19078 21 21778 -1408 25370 3242 -27895 -6076 -16026 -19418 -6533 4101 20087 5786 -31030 -8686 8 -15705 21 35 48 5799 -7972 27351 31522 53 9847 13 6641 -6692 17393 -23830 50 -7714 10049 -18693 -13872 40 37 55 26299 41 30 -5378 -2429 -32434 4783 33 -17633 28713 28 61 1459 9189 -4449 52 46 27455 6572 8788 -19034 -15231 -1445 9761 22463 -27645 -16514 56 13038 39 -14684 -19642 -11065 10654 31 -30469 16788 11666 7 -6425 -13045 
0 15624 0 128 52 53 10857 51 0 0 36 0 10720 815 2811 5 16173 0 1428 4571 29136 0 0 20570 61 32632 0 30 0 9196 0 40 29 0 27823 0 4 20969 0 0 0 0 30038 0 0 35 0 19078 21 21778 0 25370 3242 0 0 0 0 0 4101 20087 5786 0 0 8 0 21 35 48 5799 0 27351 31522 53 9847 13 6641 0 17393 0 50 0 10049 0 0 40 37 55 26299 41 30 0 0 0 4783 33 0 28713 28 61 1459 9189 0 52 46 27455 6572 8788 0 0 0 9761 22463 0 0 56 13038 39 0 0 0 10654 31 0 16788 11666 7 0 0 
207 10
28631 26489 -20192 -7822 53 61 -19656 -23287 -12399 19521 1336 -15222 16047 -4884 -15437 27102 19578 19123 7676 -200 2418 -15037 21460 31185 51 53 20 -22961 -22274 -22535 26359 27 -8451 -17596 27312 27425 -5264 12192 39 10 -25718 -18953 1 -4121 13907 23033 -3963 -14433 -13238 -25503 -5280 -10521 -3032 45 19096 -27097 40 43 10194 -5350 56 -32071 20868 -580 -31334 -25182 -15753 -27495 41 -6366 -1237 -20405 31975 18 -17200 51 13 -11199 3217 19267 3053 -3430 29220 -4181 36 17277 30 -24730 21662 17136 -1016 -2161 -1003 -31431 21839 27 -18993 13277 39 36 24334 30 -20622 -18497 2 -7677 25149 -13660 10225 13327 27954 4548 27870 -24808 22756 9 25112 32689 -24759 4812 -25557 2086 2489 31857 15 29 23872 28576 
28631 26489 0 -4 27 31 0 0 0 19521 1051 0 16047 -41 0 27102 19578 19123 7672 -90 2210 0 21460 31185 26 27 10 0 0 0 26359 14 -2 0 27312 27425 -31 12192 20 5 0 0 1 -72 13907 23033 -81 0 0 0 -30 0 -149 23 19096 0 20 22 10193 -29 29 0 20868 -210 0 0 0 0 21 -13 -285 0 31975 9 0 26 7 0 3084 19267 2906 -116 29220 -69 18 17277 15 0 21662 17136 -275 -234 -274 0 21839 14 0 13277 20 18 24334 15 0 0 1 -4 25149 0 10224 13327 27954 4495 27870 0 22756 5 25112 32689 0 4769 0 1845 2288 31857 8 15 23872 28576 
208 -30
0 13116 -26621 16866 24345 -28126 0 19311 35 11159 24558 3535 61 20096 58 1782 -17600 -17408 38 24411 2 -25353 -31629 444 -26190 -2311 -26812 -21000 14770 19542 -12682 5 1490 22474 28312 12217 3 32094 -4962 -1958 -30442 15413 21871 -16465 -3033 -10394 -21821 -7820 18490 16131 -14928 10887 1907 52 3086 2094 -31769 4010 50 920 22001 -24893 50 6755 -17377 5 159 -27255 -11201 26228 0 5336 -12088 -12999 -26633 -18078 13578 -22922 30395 17 18940 10 21510 18596 -21103 23008 6199 -9876 -12189 -19359 -20997 -941 7542 13555 -20001 17203 11777 47 11839 26663 9 -16668 -21543 18117 -19322 5253 15262 -22181 -6904 8817 20213 32348 14 20599 14990 2205 14306 17 57 -27579 39 16405 -15501 -20070 6 -4297 6671 47 
0 13116 0 16866 24345 0 0 19311 35 11159 24558 3535 61 20096 58 1782 0 0 38 24411 2 0 0 444 0 0 0 0 14770 19542 0 5 1490 22474 28312 12217 3 32094 0 0 0 15413 21871 0 0 0 0 0 18490 16131 0 10887 1907 52 3086 2094 0 4010 50 920 22001 0 50 6755 0 5 159 0 0 26228 0 5336 0 0 0 0 13578 0 30395 17 18940 10 21510 18596 0 23008 6199 0 0 0 0 0 7542 13555 0 17203 11777 47 11839 26663 9 0 0 18117 0 5253 15262 0 0 8817 20213 32348 14 20599 14990 2205 14306 17 57 0 39 16405 0 0 6 0 6671 47 
209 -12
11873 12027 -873 -3058 -28463 8 -3647 21763 48 29809 14115 37 30493 1943 5 -17087 0 32513 -28938 19 22425 25283 14 230 38 26 -25566 23 -21149 -7367 -18751 -20349 -26124 2543 7 35 30 26508 27300 -28376 2627 -23172 1700 22 2089 -2320 8404 60 25 28 -9160 31273 -27412 62 2 -8992 48 2939 48 4386 -9519 33 -7784 44 -20251 1 57 27064 61 -25024 574 27690 13 14 24599 13 -24295 19377 -19883 1228 3863 2382 -5472 5 20 23515 -6153 29048 4215 18 14 -15530 44 -3110 -28374 -5146 28261 25922 28063 11342 20065 -15063 10656 20 39 30428 152 15946 11 -17161 63 -28175 9 -24775 16 2299 23 23984 -962 29331 -15654 12236 -25499 -8451 41 -28217 23178 10 
11873 12027 0 0 0 8 0 21763 48 29809 14115 37 30493 1943 5 0 0 32513 0 19 22425 25283 14 230 38 26 0 23 0 0 0 0 0 2543 7 35 30 26508 27300 0 2627 0 1700 22 2089 0 8404 60 25 28 0 31273 0 62 2 0 48 2939 48 4386 0 33 0 44 0 1 57 27064 61 0 574 27690 13 14 24599 13 0 19377 0 1228 3863 2382 0 5 20 23515 0 29048 4215 18 14 0 44 0 0 0 28261 25922 28063 11342 20065 0 10656 20 39 30428 152 15946 11 0 63 0 9 0 16 2299 23 23984 0 29331 0 12236 0 0 41 0 23178 10 
210 12
5440 3617 15220 30933 29 -7280 10536 54 -28077 30 23 56 29682 31763 30800 -9814 6172 31638 63 11116 1 47 16859 2772 -22382 1753 41 42 15111 2794 59 17853 25207 41 17137 -29932 10352 10325 49 5407 27237 -14258 -31911 12477 48 -5361 57 46 -19505 -28947 9290 10 22490 7244 -21804 -19829 6370 35 59 37 25 -13380 56 26 -8365 48 25226 3903 45 21 -4350 28450 20568 22 -3890 1733 5745 -31503 28 18 -30332 -18690 39 25 -20622 30556 -12283 -12122 6552 21 -23459 -8420 18 -3524 -27597 -4529 -30577 20600 18286 26 12462 3393 1755 14 1 -18155 13 -1745 12382 24648 6549 11433 11692 -11956 12 -2522 18165 5326 24397 18357 25 24 13143 24620 -18792 49 6463 -30051 
4300 2559 14858 30917 15 -1053 9788 27 -30 15 12 28 29661 31749 30783 -819 5052 31624 32 10425 1 24 16588 1838 -94 1061 21 21 14743 1856 30 17627 25153 21 16880 -20 9586 9556 25 4267 27202 -426 -14 11910 24 -1140 29 23 -165 -25 8418 5 22397 6188 -106 -156 5259 18 30 19 13 -492 28 13 -961 24 25173 2817 23 11 -1118 28422 20433 11 -1085 1047 4611 -14 14 9 -19 -193 20 13 -133 30538 -583 -598 5451 11 -76 -956 9 -1048 -33 -1126 -18 20466 18078 13 11894 2361 1063 7 1 -213 7 -689 11807 24588 5448 10772 11055 -613 6 -885 17952 4185 24334 18151 13 12 12632 24560 -189 25 5357 -19 
211 40
-453 34 0 -2479 23 17990 -24405 -28189 31655 3909 32 -20368 -2645 -18963 21420 12891 12551 -21270 20935 -14401 21805 -5657 3047 7322 31105 22 28416 -815 52 6141 -254 59 4594 -2005 4 30008 27182 0 17351 -24417 56 6 17802 0 336 21370 15250 36 24441 -13578 -32459 17315 49 13 23 17 8116 -1097 22 21886 41 25422 -9263 15865 7085 0 -19557 24 20307 -10333 42 29778 -12881 18648 611 22765 36 58 -25059 -17399 -19903 -14451 25837 -12743 28661 49 -10781 16048 0 38 6517 33 -28592 -15258 -30714 3207 16275 19212 50 25051 16054 23 49 -6227 2927 -8984 21264 32 15 -17496 25794 -9556 32211 37 12049 13690 -24678 16095 -3897 -10509 -294 14474 -9168 3422 1 -31550 44 2171 
-226 17 0 -1239 12 8995 -12202 -14094 15828 1955 16 -10184 -1322 -9481 10710 6446 6276 -10635 10468 -7200 10903 -2828 1524 3661 15553 11 14208 -407 26 3071 -127 30 2297 -1002 2 15004 13591 0 8676 -12208 28 3 8901 0 168 10685 7625 18 12221 -6789 -16229 8658 25 7 12 9 4058 -548 11 10943 21 12711 -4631 7933 3543 0 -9778 12 10154 -5166 21 14889 -6440 9324 306 11383 18 29 -12529 -8699 -9951 -7225 12919 -6371 14331 25 -5390 8024 0 19 3259 17 -14296 -7629 -15357 1604 8138 9606 25 12526 8027 12 25 -3113 1464 -4492 10632 16 8 -8748 12897 -4778 16106 19 6025 6845 -12339 8048 -1948 -5254 -147 7237 -4584 1711 1 -15775 22 1086 
212 -29
61 29205 -10414 6014 27 -2115 5946 32107 21729 5652 -10712 22265 15 7278 27830 16444 -8822 32356 26218 19 -4832 31629 1 9812 42 -3708 23181 -31029 -20525 56 -1699 2 -10137 -10561 -26854 44 -32340 -25904 -6935 -22257 -16291 30301 -11482 28402 30 30950 -27757 -19636 -30744 25729 9564 10389 2 4841 30847 5646 -8700 -32177 26 2805 37 -18165 57 -16884 -32396 21052 -2471 30282 50 12955 29948 22630 9541 28776 61 0 27068 -31238 12398 37 -31975 22084 21 13731 -7772 779 29776 -781 25977 16746 -2363 -5493 15460 18 13140 7 24532 16219 28645 46 3630 17336 22700 -17719 31416 1311 15119 31184 2911 -30026 38 29481 -21998 15796 29406 -31907 63 27545 -23388 -31070 2121 -18678 1504 -1653 15090 21338 -23062 9 
61 29205 0 6014 27 0 5946 32107 21729 5652 0 22265 15 7278 27830 16444 0 32356 26218 19 0 31629 1 9812 42 0 23181 0 0 56 0 2 0 0 0 44 0 0 0 0 0 30301 0 28402 30 30950 0 0 0 25729 9564 10389 2 4841 30847 5646 0 0 26 2805 37 0 57 0 0 21052 0 30282 50 12955 29948 22630 9541 28776 61 0 27068 0 12398 37 0 22084 21 13731 0 779 29776 0 25977 16746 0 0 15460 18 13140 7 24532 16219 28645 46 3630 17336 22700 0 31416 1311 15119 31184 2911 0 38 29481 0 15796 29406 0 63 27545 0 0 2121 0 1504 0 15090 21338 0 9 
213 14
-25874 -27792 55 53 7812 -28943 -26840 -25512 8537 -11151 -24187 54 -26726 13464 8684 22835 -17525 60 52 44 27 -103 -16590 17282 -966 -8625 19707 54 -23993 -29653 58 -785 7530 43 27031 22236 10636 24 -3558 55 59 -29389 14 -15580 -8935 -24493 -24512 -10664 -23396 49 35 62 26510 16 1 -11258 30322 7377 8 23 5 26687 -29225 7 37 32 56 -2948 -18211 -20218 -15801 25228 -23289 -2070 14048 26491 27 32558 21253 6301 -22246 21 -6985 36 1872 -19508 28315 -13715 26085 -15718 14968 35 -12668 -21837 2218 13261 -2607 1436 -3504 -4870 -2044 -19597 -14048 1 23018 -17422 -24694 -26398 33 3338 -15631 13439 12664 -20217 15713 5825 58 29438 -16407 15634 26 9 17965 12 -17143 -16810 -1228 3022 
-4423 -4307 28 27 4820 -4226 -4368 -4441 5356 -3748 -4500 27 -4375 9352 5466 18294 -4478 30 26 22 14 -51 -4422 12818 -469 -3203 15155 27 -4507 -4171 29 -383 4615 22 22675 17683 6986 12 -1587 28 30 -4193 7 -4342 -3279 -4487 -4486 -3656 -4526 25 18 31 22123 8 1 -3768 26204 4505 4 12 3 22310 -4205 4 19 16 28 -1342 -4509 -4560 -4362 20773 -4529 -970 9863 22103 14 28632 16690 3749 -4553 11 -2759 18 989 -4548 24044 -4144 21673 -4355 10682 18 -4001 -4558 1184 9176 -1200 749 -1565 -2076 -958 -4551 -4185 1 18482 -4472 -4479 -4395 17 1839 -4347 9330 8664 -4559 11358 3425 29 25250 -4408 11287 13 5 13466 6 -4456 -4436 -591 1650 
214 16
-384 0 16142 -22729 44 -16047 0 2293 -10488 -20612 -19964 19057 -14819 24 19 21372 -31909 22463 -2517 6141 -11907 20 16111 37 32108 9018 28 16211 -1083 -5879 17399 26 -6431 14 0 -15973 4 22296 6596 -21808 39 25163 -17589 32609 -12901 6161 1540 -21627 -22495 31113 -677 42 -24603 -27253 18 62 30125 -19416 -11721 -31375 -13680 49 7 -30663 -29674 -20926 25 28417 29689 -16535 22032 3092 5 7 13134 2609 -6674 -1127 5235 -15067 45 62 -4079 -5075 -20007 -8373 -12306 16988 5841 27455 54 -3296 -8760 1 26648 61 25250 4534 -673 17098 -15447 -12555 56 48 25386 29583 45 -1412 14233 -17705 54 -20442 -30155 -22940 7989 -6686 -28553 19533 2 -17066 -3678 46 59 -21718 -17223 -24620 2293 -19607 
-191 0 9060 -9413 22 -7046 0 1167 -4826 -8699 -8473 10904 -6576 12 10 12413 -12147 13137 -1234 3214 -5414 10 9041 19 19910 4819 14 9103 -537 -2808 9847 13 -3058 7 0 -7018 2 13027 3464 -9106 20 14968 -7622 20279 -5818 3225 779 -9045 -9336 19182 -337 21 -10019 -10834 9 31 18464 -8281 -5338 -12003 -6129 25 4 -11810 -11534 -8806 13 17241 18151 -7231 12850 1582 3 4 7223 1330 -3167 -559 2722 -6671 23 31 -1976 -2439 -8489 -3919 -5577 9589 3050 16561 27 -1607 -4088 1 15996 31 15027 2345 -335 9658 -6818 -5678 28 24 15121 18074 23 -698 7887 -7664 27 -8640 -11669 -9483 4238 -3173 -11215 11211 1 -7428 -1787 23 30 -9077 -7487 -10024 1167 -8348 
215 4
18292 38 17 23628 142 -16585 -18760 -5658 29892 4665 -27125 53 29457 -570 1 -9088 -19120 58 -14886 3935 -22110 34 61 63 19885 33 33 43 63 48 -27511 -17526 -4225 26 35 16 6207 31351 55 23 7503 -16412 2434 -30041 -9724 17059 -26257 24 23043 55 7847 32543 40 6754 39 -6691 -1269 38 15827 27 35 53 -3958 18515 7024 55 4614 -4292 25 8752 47 5529 19 14223 25489 589 6124 8970 14 28281 8432 61 24210 -343 29 12523 54 10580 -21285 -367 13 -28423 302 -6593 24591 5143 -12169 19622 4585 -30467 32054 -8228 -8066 2115 2 -1420 -32027 23437 10260 16798 -790 -14537 6975 -32128 31286 25596 2359 15002 -13201 40 15160 22948 21610 -22770 45 -28846 -15629 30979 
18292 35 13 23628 142 0 0 0 29892 4665 0 51 29457 0 1 0 0 56 0 3935 0 30 60 62 19885 29 29 40 62 46 0 0 0 22 31 12 6207 31351 53 19 7503 0 2434 0 0 17059 0 20 23043 53 7847 32543 37 6754 36 0 0 35 15827 23 31 51 0 18515 7024 53 4614 0 21 8752 45 5529 15 14223 25489 589 6124 8970 10 28281 8432 60 24210 0 25 12523 52 10580 0 0 9 0 302 0 24591 5143 0 19622 4585 0 32054 0 0 2115 1 0 0 23437 10260 16798 0 0 6975 0 31286 25596 2359 15002 0 37 15160 22948 21610 0 42 0 0 30979 
216 -30
-5947 -22675 20432 -5960 -30712 -27 12601 5847 -13012 -13305 20 9679 13514 -20605 61 27475 63 -25659 -24764 9076 -1145 10986 -8568 32306 -1981 27710 51 12698 -2083 13501 -16948 5088 -4152 29130 11141 -19755 39 23021 -29377 7897 9037 19535 15606 27684 27459 -30500 20 17388 -26629 16602 24647 1427 17625 40 -3093 -30544 30827 42 -30548 41 12451 -27894 -4930 20830 37 -2915 14943 -25663 18953 21856 45 -9934 -11869 0 -1576 -20281 -4425 26705 -29312 -17892 59 1 -18000 -10736 19450 14792 12 477 3486 3413 6556 60 -24505 -4686 15 17893 -8214 44 12288 30909 -17979 16349 -16696 11 6346 21851 -16253 62 -28742 -2734 27050 -29439 19467 -14286 24085 -9087 1703 -20028 2852 24 30126 15229 11180 -25464 7327 16781 6 -4270 
0 0 20432 0 0 0 12601 5847 0 0 20 9679 13514 0 61 27475 63 0 0 9076 0 10986 0 32306 0 27710 51 12698 0 13501 0 5088 0 29130 11141 0 39 23021 0 7897 9037 19535 15606 27684 27459 0 20 17388 0 16602 24647 1427 17625 40 0 0 30827 42 0 41 12451 0 0 20830 37 0 14943 0 18953 21856 45 0 0 0 0 0 0 26705 0 0 59 1 0 0 19450 14792 12 477 3486 3413 6556 60 0 0 15 17893 0 44 12288 30909 0 16349 0 11 6346 21851 0 62 0 0 27050 0 19467 0 24085 0 1703 0 2852 24 30126 15229 11180 0 7327 16781 6 0 
217 -12
-2110 53 -29044 3450 4745 -23353 31009 -20587 -4135 -29787 -28059 22 -10316 48 12289 44 20039 54 -26692 -3773 63 -17931 -721 5521 14193 29085 35 53 -23708 55 -13616 -22916 11095 4 6 31984 -27148 44 -17552 14453 2040 7046 -1273 -10701 38 -8762 28 -10206 -17355 -9485 16137 8942 20142 10436 -16937 19 29744 -12467 4395 53 -26980 -30966 9 20 -21744 12995 21531 28018 -8548 32279 32 -26862 20 -9488 -17073 18484 -2120 -30493 204 21603 -7528 -28748 8769 21447 5281 18212 58 15 24 -14897 19213 46 -3670 20889 1329 9 32568 42 34 2639 14705 -21575 13556 17561 26497 6 18696 6 -445 5832 59 27 -10586 -21275 18480 11 -2655 -28561 22793 -6640 55 30 -10555 -31883 18229 -23609 -7225 38 
0 53 0 3450 4745 0 31009 0 0 0 0 22 0 48 12289 44 20039 54 0 0 63 0 0 5521 14193 29085 35 53 0 55 0 0 11095 4 6 31984 0 44 0 14453 2040 7046 0 0 38 0 28 0 0 0 16137 8942 20142 10436 0 19 29744 0 4395 53 0 0 9 20 0 12995 21531 28018 0 32279 32 0 20 0 0 18484 0 0 204 21603 0 0 8769 21447 5281 18212 58 15 24 0 19213 46 0 20889 1329 9 32568 42 34 2639 14705 0 13556 17561 26497 6 18696 6 0 5832 59 27 0 0 18480 11 0 0 22793 0 55 30 0 0 18229 0 0 38 
218 12
-7226 -25091 -25356 -18622 19 24018 30183 10 -22446 -9928 -14012 32588 29667 -13304 15 -10719 -18625 15874 -1532 5 -31307 1278 -31903 2310 -30362 -6870 -23152 -10300 -15162 -2592 16860 5003 33 21727 -14327 15381 26 -22736 -3426 -16470 21204 5602 -32371 33 4 -5411 -7081 31077 16396 18 13688 46 -29704 23056 -17049 20 4305 -783 4314 -16628 -28633 21613 52 41 -22491 21992 30514 -24666 1618 3008 24 -32215 -6956 3463 2 32227 10874 -12857 54 11332 -6896 1 10766 -25108 29 23242 30416 62 6505 8 -8397 9213 -30807 21795 30 -13842 22 35 22409 -658 30108 31851 -19098 30694 -406 21892 -1700 55 50 10257 -29454 -11625 16 28022 54 29 29 17122 28 -367 -15291 27924 14875 57 -12615 -4561 21050 26850 
-1057 -54 -52 -195 10 23950 30164 5 -93 -808 -443 32577 29646 -497 8 -729 -196 15551 -624 3 -15 738 -14 1472 -19 -1082 -81 -771 -366 -899 16589 3864 17 21620 -421 15029 13 -88 -1036 -291 21085 4465 -12 17 2 -1140 -1068 31061 16102 9 13220 23 -21 22974 -262 10 3190 -354 3198 -282 -26 21503 26 21 -93 21890 30496 -59 967 2033 12 -13 -1076 2423 1 32214 10159 -534 27 10661 -1080 1 10041 -54 15 23163 30397 31 5401 4 -958 8334 -17 21689 15 -456 11 18 22315 -303 30089 31837 -179 30677 -193 21788 -676 28 25 9482 -22 -643 8 27992 27 15 15 16864 14 -175 -357 27893 14491 29 -555 -1128 20927 26811 
219 40
-15694 -27450 -6967 22838 -20042 35 -25169 -26584 -21020 22758 26317 22690 22 -13854 4868 29390 -25426 13989 -10581 19954 46 -9782 -3493 8174 -14887 2691 -2796 21019 19 -7041 20 -5917 -10184 -20104 669 -3638 27911 -14480 2 -13307 20 57 53 -11418 28 22945 9 31319 -10403 17003 12323 -23710 14780 16515 16 9211 13052 -8787 30484 3642 17503 9212 -3075 28476 28665 -6871 43 7 -22482 18 18770 -6434 20405 20045 30517 13049 -74 5705 42 18170 -4160 22468 31859 61 23517 18518 17550 30464 33 51 3835 3208 8152 10309 24 17219 -11503 -24199 8103 19768 58 40 17469 -2840 -25981 9236 -12205 -30020 39 23072 35 -27576 34 27158 -16842 26 -24560 18974 26960 23900 21820 46 2 9799 6 -12532 2924 -23021 
-7847 -13725 -3483 11419 -10021 18 -12584 -13292 -10510 11379 13159 11345 11 -6927 2434 14695 -12713 6995 -5290 9977 23 -4891 -1746 4087 -7443 1346 -1398 10510 10 -3520 10 -2958 -5092 -10052 335 -1819 13956 -7240 1 -6653 10 29 27 -5709 14 11473 5 15660 -5201 8502 6162 -11855 7390 8258 8 4606 6526 -4393 15242 1821 8752 4606 -1537 14238 14333 -3435 22 4 -11241 9 9385 -3217 10203 10023 15259 6525 -37 2853 21 9085 -2080 11234 15930 31 11759 9259 8775 15232 17 26 1918 1604 4076 5155 12 8610 -5751 -12099 4052 9884 29 20 8735 -1420 -12990 4618 -6102 -15010 20 11536 18 -13788 17 13579 -8421 13 -12280 9487 13480 11950 10910 23 1 4900 3 -6266 1462 -11510 
220 -2
-5672 21129 -8820 51 7 -19130 -21834 -10262 15970 -16558 17 1696 -24836 -29604 -18408 -4965 -22305 24 22668 -32039 13 -15914 58 -31587 47 -17440 26654 -25266 38 48 -19849 -11907 -15698 -12348 -9911 -22217 28049 41 30504 7502 4724 20 18 49 7 24 -647 30 -6643 14 53 29064 -31724 23607 30546 -5494 20 1441 438 -27798 1118 4 13 9 -6463 -19120 -12788 -18585 -14278 -15232 10 -25525 -8158 -23374 -20145 -15861 -7782 27434 14810 -25063 38 43 -32170 21011 17377 -31008 30192 3710 -24225 16 -25456 15 16129 44 13623 15109 6003 647 -11710 34 -13378 26551 5 -21812 6 29696 2171 26198 -22345 -17732 27727 29624 -17387 -19391 6153 20 14 -28729 31998 -7283 30525 -2347 -22366 33 -23897 -16204 -3407 -13423 
0 21129 0 51 7 0 0 0 15970 0 17 1696 0 0 0 0 0 24 22668 0 13 0 58 0 47 0 26654 0 38 48 0 0 0 0 0 0 28049 41 30504 7502 4724 20 18 49 7 24 0 30 0 14 53 29064 0 23607 30546 0 20 1441 438 0 1118 4 13 9 0 0 0 0 0 0 10 0 0 0 0 0 0 27434 14810 0 38 43 0 21011 17377 0 30192 3710 0 16 0 15 16129 44 13623 15109 6003 647 0 34 0 26551 5 0 6 29696 2171 26198 0 0 27727 29624 0 0 6153 20 14 0 31998 0 30525 0 0 33 0 0 0 0 
221 10
8301 -2474 28161 1339 19344 -25216 -21875 38 29552 -6898 39 21975 16545 15273 32708 4024 953 -17918 29883 43 18716 -20146 40 -27834 33 -24922 31118 -11838 -16385 31258 22 -13517 -6224 11714 27 16727 -7606 51 7 -18876 31665 15487 22739 3383 2181 -24265 12290 31182 -3154 12792 -29762 -1128 -3609 -16875 6 30 5278 23 11742 -12104 56 2 8 1934 -9522 45 -10007 19 34 8745 23378 29 -14492 598 -11862 -5573 -65 2 11175 22 -19919 -30867 -7899 15 -28180 28148 2 13782 -1453 -4887 -29653 9768 15 5146 -12989 -28816 -30691 -12778 21206 21 15116 20 -27003 27 -13847 4680 2385 -25144 -25588 50 9451 2 22236 14583 -1111 14 15962 -19781 721 19 1459 21050 13884 7913 5 57 32340 20 
8298 -203 28161 1054 19344 0 0 19 29552 -8 20 21975 16545 15273 32708 3946 683 0 29883 22 18716 0 20 0 17 0 31118 0 0 31258 11 0 -14 11714 14 16727 -4 26 4 0 31665 15487 22739 3263 1949 0 12290 31182 -139 12792 0 -281 -103 0 3 15 5248 12 11742 0 29 1 4 1680 -1 23 -1 10 17 8743 23378 15 0 384 0 -24 -31 1 11175 11 0 0 -4 8 0 28148 1 13782 -283 -41 0 9767 8 5112 0 0 0 0 21206 11 15116 10 0 14 0 4632 2173 0 0 26 9450 1 22236 14583 -281 7 15962 0 482 10 1176 21050 13884 7910 3 29 32340 10 
222 -13
-15128 -21212 31274 8301 -407 21818 30318 7914 -28794 18664 12155 -21343 -12263 6137 31 -1126 18558 4925 -425 1095 -19037 49 -14313 -335 59 62 -3449 -2279 -16781 -28958 20 -4993 8566 15569 31930 59 -17707 -28890 25859 12609 -21694 -28192 -1044 -7014 22301 28 1431 -16655 -29225 -29177 20586 48 19 -28666 -15255 -25040 21326 30316 -18025 57 -15435 439 28 12407 16099 2912 33 18720 -22470 15157 14564 16948 29567 -22699 14102 43 38 -24297 23987 10504 29 -4634 17317 29882 48 12302 46 -32250 -17328 -7444 -4374 26 20903 -8951 50 -29559 8749 -16100 26921 -20625 53 18 -11576 -18924 53 30681 -21865 -16271 -11001 -13195 -1783 58 -409 -8238 32707 10740 13 44 20102 41 2 -12751 19 1705 28655 -29758 4 9547 
0 0 31274 8301 0 21818 30318 7914 0 18664 12155 0 0 6137 31 0 18558 4925 0 1095 0 49 0 0 59 62 0 0 0 0 20 0 8566 15569 31930 59 0 0 25859 12609 0 0 0 0 22301 28 1431 0 0 0 20586 48 19 0 0 0 21326 30316 0 57 0 439 28 12407 16099 2912 33 18720 0 15157 14564 16948 29567 0 14102 43 38 0 23987 10504 29 0 17317 29882 48 12302 46 0 0 0 0 26 20903 0 50 0 8749 0 26921 0 53 18 0 0 53 30681 0 0 0 0 0 58 0 0 32707 10740 13 44 20102 41 2 0 19 1705 28655 0 4 9547 
223 6
16893 15321 33 21224 18440 -121 23 28446 15958 11 32309 16516 10940 -11350 27 15508 -22775 -29899 -16214 15303 -19582 3152 12604 3 7566 16415 3 -26700 22627 -2647 19107 -31238 18 62 -11929 19013 55 39 -18322 -21920 961 -30879 21 23285 10417 -4367 5140 -5963 -9900 -21942 22327 9106 -17485 14 55 24 41 -18933 -27176 3 -31833 -2996 5036 62 -12599 3249 -1797 -11442 -23508 44 15 6 7 -16275 -16733 -25199 42 -10860 9810 31783 47 -16035 27967 3808 16978 7726 12926 58 51 -30458 -853 -6457 2005 -32725 4964 -6765 -17753 -3294 28982 14911 -13287 -27575 -21796 -528 -8664 18695 11232 2646 20541 -17993 11286 750 18882 17604 -29790 18117 -29814 -32132 34 61 -5847 -17747 -20895 -4531 -30780 -13832 -20851 43 
16893 15321 21 21224 18440 -16 14 28446 15958 6 32309 16516 10940 0 16 15508 0 0 0 15303 0 3152 12604 2 7566 16415 2 0 22627 0 19107 0 10 45 0 19013 39 25 0 0 961 0 12 23285 10417 0 5140 0 0 0 22327 9106 0 8 39 14 27 0 0 2 0 0 5036 45 0 3249 0 0 0 29 8 3 4 0 0 0 28 0 9810 31783 32 0 27967 3808 16978 7726 12926 41 35 0 0 0 2005 0 4964 0 0 0 28982 14911 0 0 0 0 0 18695 11232 2646 20541 0 11286 750 18882 17604 0 18117 0 0 21 44 0 0 0 0 0 0 0 28 
224 -30
-21042 10 -22802 20 63 21236 7 25065 12699 -8543 30 9221 -18867 -7290 34 -27442 -16896 -1868 6676 -22119 23 20115 -23320 2 -28658 7 16516 27 -4464 27 -2059 60 -30834 23734 -14892 12326 -979 18580 17833 -9793 54 -21042 14446 43 17519 -19149 30106 24496 -14126 31080 21847 -8148 9 637 22730 46 28498 -28295 6789 -26464 -8067 47 13 -25249 2 21 1001 -8198 21897 8 430 -25266 -6874 14384 29 35 -21618 28775 -9842 23 21612 31 3 -18732 -23888 20381 17549 15355 30743 52 -6141 -23173 34 -16082 50 25661 -2608 -28941 -28861 8632 38 -19516 3 25319 9780 18666 -13720 -3488 31341 36 4912 33 58 4 42 6946 -14483 -28918 9645 -32548 25776 20 15051 8479 -8860 10 36 -12387 
0 10 0 20 63 21236 7 25065 12699 0 30 9221 0 0 34 0 0 0 6676 0 23 20115 0 2 0 7 16516 27 0 27 0 60 0 23734 0 12326 0 18580 17833 0 54 0 14446 43 17519 0 30106 24496 0 31080 21847 0 9 637 22730 46 28498 0 6789 0 0 47 13 0 2 21 1001 0 21897 8 430 0 0 14384 29 35 0 28775 0 23 21612 31 3 0 0 20381 17549 15355 30743 52 0 0 34 0 50 25661 0 0 0 8632 38 0 3 25319 9780 18666 0 0 31341 36 4912 33 58 4 42 6946 0 0 9645 0 25776 20 15051 8479 0 10 36 0 
225 -12
-17640 11 15 -24177 894 7158 -1721 -29299 26 -20043 0 32 -14663 43 5938 -5715 19743 5490 27181 29606 -9148 33 12 24642 12 -22656 0 1174 22048 601 -3975 36 -10375 0 4 13514 16332 18 11 -20872 48 24483 57 -9396 13638 -17840 -11876 15483 19 -30964 6272 -10902 38 -15491 12775 31 -25142 9519 52 -26005 -384 3 36 -23389 28821 -4958 -16731 2071 1611 -32034 26714 54 13000 62 -17004 19946 -16116 -20713 25636 37 29502 -11423 38 -21003 -24920 28212 1 483 -1642 4 -5585 10938 31492 -17961 47 51 -3945 -2921 -31492 7079 799 61 24 10396 -20875 15001 -15523 -16707 47 16291 26879 19697 10353 2292 -13789 -14068 9277 21772 3241 12048 -16235 23265 25851 4574 15374 22573 37 18178 
0 11 15 0 894 7158 0 0 26 0 0 32 0 43 5938 0 19743 5490 27181 29606 0 33 12 24642 12 0 0 1174 22048 601 0 36 0 0 4 13514 16332 18 11 0 48 24483 57 0 13638 0 0 15483 19 0 6272 0 38 0 12775 31 0 9519 52 0 0 3 36 0 28821 0 0 2071 1611 0 26714 54 13000 62 0 19946 0 0 25636 37 29502 0 38 0 0 28212 1 483 0 4 0 10938 31492 0 47 51 0 0 0 7079 799 61 24 10396 0 15001 0 0 47 16291 26879 19697 10353 2292 0 0 9277 21772 3241 12048 0 23265 25851 4574 15374 22573 37 18178 
226 12
11446 40 -9610 6372 -11529 20182 60 17276 4604 19 45 -12081 13220 -13303 -30298 -474 60 24676 19 24501 -14951 -432 -29863 -3338 42 1 -20816 -4581 60 7773 63 16789 6903 -8849 30 8173 36 -8152 -18887 6144 -17313 16383 3533 3646 9 31027 -8884 19496 31188 23 -24689 -4996 19 -12950 25052 40 -9131 21 16 -14369 15943 32569 -10224 22115 12379 16613 -180 29299 -10163 6727 26492 13641 18894 -17045 4 6738 13125 -21079 -14434 63 -10993 -7791 62 -9982 21823 1051 9752 26093 22068 15 -23251 12982 -7395 31673 -24445 18548 13432 18167 22 20 -27089 11770 27942 33 -11699 -20025 2 -9037 -1879 -12185 448 -22111 17323 -13273 -16693 -32663 -24463 5 -6438 -23516 -7888 1317 28134 -23286 11519 -388 2246 16720 
10786 20 -840 5261 -652 20037 30 17025 3475 10 23 -601 12716 -498 -18 -223 30 24617 10 24439 -379 -205 -20 -1024 21 1 -128 -1128 30 6759 32 16515 5823 -915 15 7195 18 -980 -186 5023 -249 16088 2484 2585 5 31011 -911 19331 31173 12 -60 -1139 10 -526 24997 20 -888 11 8 -418 15624 32557 -778 22015 11804 16330 -88 29276 -785 5636 26451 13170 18708 -262 2 5648 12613 -122 -414 32 -703 -1012 31 -802 21718 593 8926 26048 21968 8 -79 12458 -1044 31659 -63 18350 12944 17954 11 10 -36 11141 27911 17 -636 -150 1 -897 -728 -592 236 -100 17074 -500 -279 -11 -62 3 -1107 -75 -1004 763 28105 -79 10866 -185 1423 16442 
227 40
21494 5 16 5290 -10012 3452 -23647 25 27727 -1002 11645 49 65 43 18955 -1296 12738 -18454 -14246 6091 1748 28386 -6207 17696 -28330 -30614 13035 12850 22 28782 49 20936 -4234 12684 21532 5035 -30985 44 -14996 -5095 18366 28 -29454 5 30318 15608 28150 27 32653 14 35 -27026 7 5 21 29402 -10119 16190 -31004 6885 -8796 26303 19 3 -10769 20731 -16212 12899 22824 15483 -2040 18 -18742 -11728 -11254 27 -23223 -13691 24611 31312 -6604 -25570 -19628 7495 -511 -31428 45 -859 -24054 26625 -5243 24307 6879 -30250 -21199 -1953 -19127 6967 -27611 22192 4491 -30409 -15877 34 -8214 0 14447 48 15519 3 15195 18368 3839 -10852 -9395 29661 18780 41 36 -14181 15264 -5617 21967 -6052 18 12023 39 -5381 
10747 3 8 2645 -5006 1726 -11823 13 13864 -501 5823 25 33 22 9478 -648 6369 -9227 -7123 3046 874 14193 -3103 8848 -14165 -15307 6518 6425 11 14391 25 10468 -2117 6342 10766 2518 -15492 22 -7498 -2547 9183 14 -14727 3 15159 7804 14075 14 16327 7 18 -13513 4 3 11 14701 -5059 8095 -15502 3443 -4398 13152 10 2 -5384 10366 -8106 6450 11412 7742 -1020 9 -9371 -5864 -5627 14 -11611 -6845 12306 15656 -3302 -12785 -9814 3748 -255 -15714 23 -429 -12027 13313 -2621 12154 3440 -15125 -10599 -976 -9563 3484 -13805 11096 2246 -15204 -7938 17 -4107 0 7224 24 7760 2 7598 9184 1920 -5426 -4697 14831 9390 21 18 -7090 7632 -2808 10984 -3026 9 6012 20 -2690 
228 -11
24552 21210 938 -25057 -32649 22977 -12560 28826 24200 -27253 -19682 16430 -27951 -15133 -14070 -20270 25 22 633 6 19590 4424 -22466 -28298 7933 -4997 -14761 23 29 -13848 29 9696 16687 -23931 650 23649 40 2065 -11297 13802 30979 28111 3340 -12404 29 -15895 16013 -7993 -25183 32 -12757 2815 -10799 -8847 -15603 30 32277 3 39 -18954 -19559 7506 11314 55 -21724 -27279 10190 41 -7843 39 42 2422 48 24 9 18487 -9260 33 19318 -21724 7855 27 61 30 27597 2059 -19484 -11763 4731 26 46 -11915 -12398 4130 13 10255 -16919 17270 8301 39 17 -11656 13746 22 10 5466 26 32162 59 6654 23894 38 24288 14611 24 63 -6262 -19407 15 -25258 21306 15926 -16516 1751 23229 -10714 6889 15710 
24552 21210 938 0 0 22977 0 28826 24200 0 0 16430 0 0 0 0 25 22 633 6 19590 4424 0 0 7933 0 0 23 29 0 29 9696 16687 0 650 23649 40 2065 0 13802 30979 28111 3340 0 29 0 16013 0 0 32 0 2815 0 0 0 30 32277 3 39 0 0 7506 11314 55 0 0 10190 41 0 39 42 2422 48 24 9 18487 0 33 19318 0 7855 27 61 30 27597 2059 0 0 4731 26 46 0 0 4130 13 10255 0 17270 8301 39 17 0 13746 22 10 5466 26 32162 59 6654 23894 38 24288 14611 24 63 0 0 15 0 21306 15926 0 1751 23229 0 6889 15710 
229 0
-857 23 -1723 25 -9944 44 42 -15277 -25778 23043 -295 -5723 0 62 21590 9297 52 4827 -20316 57 -2806 18610 12 23893 30991 3 32600 38 41 58 -4173 -7850 3321 26282 -27158 16405 -11977 30 25679 17 44 27396 4180 -16242 -23363 18120 38 -6368 21315 -10192 10369 28608 -5737 -25407 2705 16226 14 -30523 14140 -11215 22903 -11301 35 38 7383 0 -8665 24286 -28074 14011 7348 36 -3738 59 61 11198 26 -5697 50 31418 -18814 -13335 -16112 -15485 15639 47 -17380 -20448 4851 -10412 -16616 54 -27367 30 -18416 58 4237 17418 27874 6846 3604 -32191 -12373 46 -14342 4847 -19372 -23867 31 17 40 38 47 -142 -8063 -23748 232 13322 -19782 32656 15490 1612 14436 26462 24 11778 -11371 11442 
0 23 0 25 0 44 42 0 0 23043 0 0 0 62 21590 9297 52 4827 0 57 0 18610 12 23893 30991 3 32600 38 41 58 0 0 3321 26282 0 16405 0 30 25679 17 44 27396 4180 0 0 18120 38 0 21315 0 10369 28608 0 0 2705 16226 14 0 14140 0 22903 0 35 38 7383 0 0 24286 0 14011 7348 36 0 59 61 11198 26 0 50 31418 0 0 0 0 15639 47 0 0 4851 0 0 54 0 30 0 58 4237 17418 27874 6846 3604 0 0 46 0 4847 0 0 31 17 40 38 47 0 0 0 232 13322 0 32656 15490 1612 14436 26462 24 11778 0 11442 
230 -11
-4299 -19475 -23949 -970 -27832 -5801 42 42 60 12551 14199 29 22147 32 20705 3127 16521 -7533 17 13097 2534 -6777 47 60 -19713 46 -904 51 47 15113 13250 22813 3911 27 -11967 44 22332 19 9528 30 2057 50 7842 -30321 -25321 1149 27338 10268 -3632 400 20637 57 -11700 24989 22479 -2609 45 63 6694 29906 31068 -22420 18474 -20893 -20442 27 54 -1317 -15108 61 30934 -12489 8445 23254 -8861 25 21 36 45 17714 -18339 18607 -28458 -11246 22567 18026 29 26304 -30075 -17035 31577 18409 -5838 11760 -14169 16326 21 -1592 8 31 -11890 -26819 -3479 14928 40 5339 53 57 11254 13 44 5 10821 21 -19843 10203 21193 18933 30311 3004 4757 -19126 18675 4344 41 1246 25 9755 
0 0 0 0 0 0 42 42 60 12551 14199 29 22147 32 20705 3127 16521 0 17 13097 2534 0 47 60 0 46 0 51 47 15113 13250 22813 3911 27 0 44 22332 19 9528 30 2057 50 7842 0 0 1149 27338 10268 0 400 20637 57 0 24989 22479 0 45 63 6694 29906 31068 0 18474 0 0 27 54 0 0 61 30934 0 8445 23254 0 25 21 36 45 17714 0 18607 0 0 22567 18026 29 26304 0 0 31577 18409 0 11760 0 16326 21 0 8 31 0 0 0 14928 40 5339 53 57 11254 13 44 5 10821 21 0 10203 21193 18933 30311 3004 4757 0 18675 4344 41 1246 25 9755 
231 4
16439 32213 20325 31804 -12870 19106 35 5811 22 -11565 -22418 5094 16710 24632 24153 14065 32 -27999 60 48 -21350 -24106 -14298 -3368 -32489 -8986 21020 1 14745 19025 19 -11329 -3712 19074 24049 25648 29154 -9393 -15127 -25524 14053 -4630 11961 1672 31379 -19329 2430 7989 11 28421 1 22 -2842 60 -25682 6395 31039 17 15983 -5178 23527 -11808 1425 -25463 36 -28471 27879 -8249 -8116 25669 -27445 17 24029 30519 55 19431 -3450 -16856 22280 10134 25569 5 22380 30803 -26606 -18714 -29745 3 -14917 22264 25 6 -11725 -14094 -4312 3797 -11965 -27378 7 -22531 -4205 29340 -18861 -24391 40 -26968 -28482 -25659 -7684 -31428 -25696 5 30280 18691 22577 12963 -29609 19614 7929 -22098 31165 29075 30607 -29789 42 246 -785 -2603 
16439 32213 20325 31804 0 19106 31 5811 18 0 0 5094 16710 24632 24153 14065 28 0 59 46 0 0 0 0 0 0 21020 1 14745 19025 15 0 0 19074 24049 25648 29154 0 0 0 14053 0 11961 1672 31379 0 2430 7989 7 28421 1 18 0 59 0 6395 31039 13 15983 0 23527 0 1425 0 33 0 27879 0 0 25669 0 13 24029 30519 53 19431 0 0 22280 10134 25569 3 22380 30803 0 0 0 2 0 22264 21 4 0 0 0 3797 0 0 4 0 0 29340 0 0 37 0 0 0 0 0 0 3 30280 18691 22577 12963 0 19614 7929 0 31165 29075 30607 0 39 246 0 0 
232 -30
58 37 18 -28993 25195 5510 16764 13 -25443 24871 16858 4756 14385 19 -22560 7930 -15564 46 -3725 -13331 1362 -30205 10 -12041 15836 4681 -3417 20231 12 11021 1 -9064 -2012 17110 27317 1 35 5489 31163 38 19019 987 28885 28534 59 -16761 62 -2003 -8519 -13496 -19870 -10950 40 48 14308 58 29728 10786 8989 3870 6138 18576 32373 -27690 -1772 13012 26712 54 -28460 29580 29785 9937 2 26200 -14916 30345 -20456 17105 40 18753 24241 -12051 23213 -24566 40 23 -24929 27427 30630 -29569 9022 -25338 696 -13443 19430 -10135 58 25 57 43 31972 -30558 1384 2 31975 -24603 24 5927 24804 54 3 26310 14994 42 23 8255 28 18980 -30850 48 20458 -7234 917 4837 -2012 31626 22265 -10752 
58 37 18 0 25195 5510 16764 13 0 24871 16858 4756 14385 19 0 7930 0 46 0 0 1362 0 10 0 15836 4681 0 20231 12 11021 1 0 0 17110 27317 1 35 5489 31163 38 19019 987 28885 28534 59 0 62 0 0 0 0 0 40 48 14308 58 29728 10786 8989 3870 6138 18576 32373 0 0 13012 26712 54 0 29580 29785 9937 2 26200 0 30345 0 17105 40 18753 24241 0 23213 0 40 23 0 27427 30630 0 9022 0 696 0 19430 0 58 25 57 43 31972 0 1384 2 31975 0 24 5927 24804 54 3 26310 14994 42 23 8255 28 18980 0 48 20458 0 917 4837 0 31626 22265 0 
233 -12
2893 -28261 -15134 -24805 -8932 0 12 25020 5402 7888 -5293 -8699 -21544 30486 59 6507 23 8754 62 35 29 11837 17546 -2856 13998 -18698 23978 -2502 -28018 19 32728 22056 28699 5311 -15206 58 31575 -13892 -30432 19755 -21994 4252 18565 23431 10280 -17017 24 46 63 25581 -21359 -16555 14875 0 -14859 47 -25957 14405 -16184 35 8906 15861 21566 36 -26836 -24292 28364 -28941 18 24361 -20639 4072 25923 14 30 40 53 -17105 -3847 33 18 7904 -2681 1620 -21468 20 58 -3690 2937 59 -15803 -8213 23011 49 2 -13991 20108 -1492 -13433 -31636 20313 23580 19 10645 18 49 -19099 19513 19846 24657 21 58 20586 31748 58 13 12969 3 -24262 -14754 -2813 -9975 23275 130 -27967 8 5 26711 
2893 0 0 0 0 0 12 25020 5402 7888 0 0 0 30486 59 6507 23 8754 62 35 29 11837 17546 0 13998 0 23978 0 0 19 32728 22056 28699 5311 0 58 31575 0 0 19755 0 4252 18565 23431 10280 0 24 46 63 25581 0 0 14875 0 0 47 0 14405 0 35 8906 15861 21566 36 0 0 28364 0 18 24361 0 4072 25923 14 30 40 53 0 0 33 18 7904 0 1620 0 20 58 0 2937 59 0 0 23011 49 2 0 20108 0 0 0 20313 23580 19 10645 18 49 0 19513 19846 24657 21 58 20586 31748 58 13 12969 3 0 0 0 0 23275 130 0 8 5 26711 
234 12
-8083 23854 -21089 -19555 -20350 25676 3 -21293 13 -1086 -8019 15066 23 -27596 31 46 30389 -32029 27061 5246 34 27590 31454 -698 -26533 -9056 6786 3193 -31559 30298 -18263 -21143 -12495 25228 53 25811 16128 12733 -17599 -17073 998 -1762 -16164 -15429 42 -32617 26508 745 17880 44 26134 38 -4741 -27794 16863 -15163 17722 63 -11994 -14859 27072 60 -11251 37 27 30170 23 25354 32384 35 -1026 9520 -28311 15 3 3704 24336 -18119 -22175 -18692 9 10870 20935 -28865 -30608 61 -12310 11660 -2148 -19182 23 -2411 26 -3584 -10689 53 -28657 17033 24 -12471 53 -32731 -4573 284 579 16490 -28387 5821 -11033 -32602 48 28 -20293 30 2 30331 -9382 9637 -6989 -17287 17146 17410 -31826 22752 11 24058 8 32541 
-987 23783 -122 -164 -140 25627 2 -117 7 -471 -992 14694 12 -33 16 23 30370 -13 27025 4105 17 27557 31440 -319 -40 -895 5699 2189 -14 30280 -209 -121 -565 25175 27 25764 15819 12189 -236 -261 559 -694 -306 -349 21 -11 26467 406 17656 22 26090 19 -1134 -31 16593 -365 17491 32 -609 -385 27036 30 -678 19 14 30151 12 25302 32372 18 -449 8671 -29 8 2 2636 24272 -215 -98 -193 5 10155 20810 -25 -18 31 -581 11020 -799 -176 12 -861 13 -1054 -733 27 -26 16770 12 -567 27 -11 -1128 147 310 16201 -28 4689 -699 -11 24 14 -142 15 1 30312 -863 8800 -1074 -251 16889 17165 -14 22665 6 23990 4 32529 
235 40
-269 9539 -11960 18659 -30796 48 -18362 -13505 25073 13275 1 -24046 53 13501 24042 -21448 -10087 14783 -16310 32610 15363 816 27283 16 44 18489 52 26096 -16733 45 -15576 -9709 18958 26924 -14933 -16120 2819 -15395 1 10882 28935 -4857 -15951 -807 55 -7481 -16291 38 29697 8129 -31584 -15251 20794 5833 29531 18292 -19731 31 36 -6920 21 22 8066 23667 -30397 -29463 4218 -16878 17430 -2006 15 29672 -11908 23 19367 11 -23124 -1803 9994 59 -16210 -20501 -14462 -1639 -12127 30780 -11474 23 -4268 -7734 56 30112 31 32198 24 28738 27058 5499 -20917 29653 -6342 -3259 39 25041 -3277 -20549 15968 -29811 29 7437 40 -6461 11639 7188 26158 17112 28949 -10139 -14256 -5362 17065 -9107 -3011 38 42 -7042 -14832 -13878 
-134 4770 -5980 9330 -15398 24 -9181 -6752 12537 6638 1 -12023 27 6751 12021 -10724 -5043 7392 -8155 16305 7682 408 13642 8 22 9245 26 13048 -8366 23 -7788 -4854 9479 13462 -7466 -8060 1410 -7697 1 5441 14468 -2428 -7975 -403 28 -3740 -8145 19 14849 4065 -15792 -7625 10397 2917 14766 9146 -9865 16 18 -3460 11 11 4033 11834 -15198 -14731 2109 -8439 8715 -1003 8 14836 -5954 12 9684 6 -11562 -901 4997 30 -8105 -10250 -7231 -819 -6063 15390 -5737 12 -2134 -3867 28 15056 16 16099 12 14369 13529 2750 -10458 14827 -3171 -1629 20 12521 -1638 -10274 7984 -14905 15 3719 20 -3230 5820 3594 13079 8556 14475 -5069 -7128 -2681 8533 -4553 -1505 19 21 -3521 -7416 -6939 
236 -15
23554 -23709 -26027 61 -21280 43 -12197 -4984 20 5309 12838 -15725 -7229 -12716 27140 -14792 -13804 19863 2082 -7056 28 16229 60 31257 18675 29427 -25842 14 41 27471 -3871 23992 30572 29604 16052 50 46 25519 22374 41 2640 -29859 2795 41 57 -20163 -17112 29405 20619 22002 2338 31442 38 20832 23 -32760 -23736 4557 2676 46 3116 24671 27544 39 -26662 10882 48 -3808 -10554 -29074 21449 196 13290 19946 42 -4501 -25316 -3173 31046 -28682 29364 45 18 -12708 11056 22180 27499 -18997 -481 -1507 -13053 0 20334 42 31753 39 30486 -997 -32677 17 13018 -32509 -6129 -14572 43 16807 -27657 28 -11044 20767 1823 45 19018 6941 13407 -20456 34 61 24485 -15788 23029 26886 28 51 15160 -31612 30566 -917 
23554 0 0 61 0 43 0 0 20 5309 12838 0 0 0 27140 0 0 19863 2082 0 28 16229 60 31257 18675 29427 0 14 41 27471 0 23992 30572 29604 16052 50 46 25519 22374 41 2640 0 2795 41 57 0 0 29405 20619 22002 2338 31442 38 20832 23 0 0 4557 2676 46 3116 24671 27544 39 0 10882 48 0 0 0 21449 196 13290 19946 42 0 0 0 31046 0 29364 45 18 0 11056 22180 27499 0 0 0 0 0 20334 42 31753 39 30486 0 0 17 13018 0 0 0 43 16807 0 28 0 20767 1823 45 19018 6941 13407 0 34 61 24485 0 23029 26886 28 51 15160 0 30566 0 
237 -20
29435 13949 -11248 -20170 31339 21 -3015 10 -9964 -30032 36 5258 -24707 -19115 23176 60 6723 8 28155 28124 47 8365 25 -19288 30 -875 -24003 -22259 58 28987 -14334 24298 5097 -18802 20540 1243 30943 10214 36 -17892 -10225 -31026 61 44 51 44 61 21379 19384 5116 6978 -4540 -8554 23 -1392 40 3 31054 26137 17106 5426 -12665 42 10 -30649 -24529 18 20 -30786 -20006 19927 -14208 5 -15960 -17403 3829 51 12256 -17543 -13279 10471 31 -7597 486 -21741 -32518 -8079 -12781 6915 16428 -11871 18 -10081 29459 34 15692 24616 8 -24632 -7660 -5483 16253 -22690 2056 31681 18763 -15634 44 -17493 26677 -20058 12147 -22663 48 -5136 19190 -13271 40 60 -21436 20046 41 -12336 25049 11 2112 -11794 7270 
29435 13949 0 0 31339 21 0 10 0 0 36 5258 0 0 23176 60 6723 8 28155 28124 47 8365 25 0 30 0 0 0 58 28987 0 24298 5097 0 20540 1243 30943 10214 36 0 0 0 61 44 51 44 61 21379 19384 5116 6978 0 0 23 0 40 3 31054 26137 17106 5426 0 42 10 0 0 18 20 0 0 19927 0 5 0 0 3829 51 12256 0 0 10471 31 0 486 0 0 0 0 6915 16428 0 18 0 29459 34 15692 24616 8 0 0 0 16253 0 2056 31681 18763 0 44 0 26677 0 12147 0 48 0 19190 0 40 60 0 20046 41 0 25049 11 2112 0 7270 
238 18
29323 -10196 21 -12062 -11225 22 -12603 -6030 -9010 14381 30776 27880 -7167 30676 30082 18336 7223 -25733 22 13804 -13716 53 21 27287 18368 10769 3726 30 -1897 31269 -18048 8874 14 12 3402 58 14925 -5109 38 -30970 -28324 30038 -5650 26353 -17638 -7729 1959 -24755 0 2945 15700 -15017 50 32666 -3172 16974 43 26688 12320 -27955 -12415 -2354 2 24701 30118 -12244 16951 -9751 4 20629 2 -13702 -22344 -7718 18553 47 6420 -7526 46 14535 13 12734 -2995 30 -10954 24512 30 -21452 -32348 2171 44 -14378 14 18 26724 1542 -26399 18646 -20566 -11349 13588 -7263 11 22786 31 -29027 7760 47 35 32222 -11957 20713 -30600 19885 9654 -268 -10252 611 63 55 -8752 14 -12333 17 31386 8909 15 23834 
15480 -4999 11 -5893 -5493 11 -6150 -2980 -4427 7388 16291 14681 -3535 16234 15903 9489 3661 -12236 11 7084 -6679 27 11 14352 9506 5495 1876 15 -945 16567 -8713 4512 7 6 1712 29 7675 -2530 19 -14571 -13397 15878 -2795 13838 -8522 -3807 983 -11794 0 1481 8085 -7293 25 17349 -1576 8762 22 14022 6305 -13233 -6060 -1172 1 12932 15924 -5979 8750 -4785 2 10720 1 -6672 -10697 -3802 9605 24 3249 -3709 23 7469 7 6522 -1489 15 -5363 12828 15 -10288 -15178 1090 22 -6992 7 9 14043 773 -12536 9654 -9880 -5552 6970 -3581 6 11887 16 -13710 3937 24 18 17099 -5842 10766 -14408 10320 4916 -134 -5026 306 32 28 -4303 7 -6021 9 16631 4530 8 12457 
239 23
-9651 21 7 -22403 26036 -18853 16725 32 12015 -29490 26373 2319 30 -7566 23776 49 18473 41 47 -22573 -5361 -23500 21521 -12602 15961 12647 6 -21796 42 30227 50 -27688 30 30002 2 -19194 12 -31863 -11632 44 17291 17835 -28228 27291 19094 31894 4433 9 24 -18125 21 -16343 18556 48 49 19937 6314 18 -24269 49 -9310 20 445 -30449 24281 -11261 8214 -12237 50 61 6902 28 53 577 -10082 16 -26832 537 -30100 11238 -32688 -13660 -25923 -30656 21589 3332 -6766 -8133 133 11193 -15175 -25757 14373 13939 10957 8 12 -18121 982 -7015 -7107 58 25883 -27368 30967 -12836 -14873 27 -31471 12 6280 -29847 29 -30984 4 11929 -13336 -8334 12997 -30826 -1459 1969 -23324 8588 4 29347 24928 -28512 
-4823 11 4 -11186 13039 -9416 8371 16 6012 -14720 13207 1160 15 -3781 11905 25 9247 21 24 -11271 -2680 -11734 10775 -6296 7988 6328 3 -10883 21 15141 25 -13820 15 15028 1 -9586 6 -15900 -5812 22 8654 8927 -14090 13667 9557 15978 2217 5 12 -9053 11 -8164 9288 24 25 9981 3158 9 -12117 25 -4652 10 223 -15197 12158 -5627 4109 -6114 25 31 3452 14 27 289 -5038 8 -13395 269 -15022 5622 -16312 -6824 -12941 -15300 10809 1666 -3382 -4065 67 5600 -7581 -12858 7193 6975 5482 4 6 -9051 491 -3506 -3552 29 12962 -13662 15512 -6413 -7430 14 -15707 6 3141 -14896 15 -15464 2 5969 -6662 -4165 6503 -15385 -729 985 -11646 4296 2 14699 12482 -14232 
240 -30
56 10254 -25557 24352 -2897 45 -28132 -1239 -3424 31500 30 4 -19178 53 -3709 3 -28078 55 -10126 51 15530 30439 26496 30388 39 11 -12478 10922 -2293 -30785 17585 5668 27744 -4502 -31119 29551 -416 -17554 25615 8316 -28050 1325 36 16 20476 14022 46 -22653 7706 16061 -17169 26 20 747 28653 10668 1 12143 12921 28 27743 22703 -15521 1889 -30768 -2308 6367 -12308 29508 -4903 14223 4841 16900 -3544 30751 -5402 31362 -30691 5153 34 61 28957 -9346 25 22 2066 -16724 25 -11169 34 -21643 57 7220 4901 28 24 -6870 -14783 -31699 23743 11872 42 31563 -1724 12207 -12410 55 23550 38 15530 29330 253 10213 -18557 20774 16 31937 31 2709 5 25155 23928 -3171 -18597 5151 -19301 28 10738 
56 10254 0 24352 0 45 0 0 0 31500 30 4 0 53 0 3 0 55 0 51 15530 30439 26496 30388 39 11 0 10922 0 0 17585 5668 27744 0 0 29551 0 0 25615 8316 0 1325 36 16 20476 14022 46 0 7706 16061 0 26 20 747 28653 10668 1 12143 12921 28 27743 22703 0 1889 0 0 6367 0 29508 0 14223 4841 16900 0 30751 0 31362 0 5153 34 61 28957 0 25 22 2066 0 25 0 34 0 57 7220 4901 28 24 0 0 0 23743 11872 42 31563 0 12207 0 55 23550 38 15530 29330 253 10213 0 20774 16 31937 31 2709 5 25155 23928 0 0 5151 0 28 10738 
241 -12
-13417 28551 24 10210 14 57 -2152 9 1246 -32547 -25948 -29752 -5772 12 3330 -16774 -16882 -326 25990 54 18308 31029 8792 13 26934 50 -10110 29509 4464 11153 17 25711 10204 -475 13339 -27861 2 19798 -32015 -31891 11650 4031 -6469 -23344 18 15 22040 43 52 -15580 -27455 -26245 31806 19943 36 25188 -28725 -1593 29397 8509 6965 -5307 10 26 7685 23 23 4734 5722 58 0 -15176 -21736 -16978 14956 24 14 30355 15266 -11583 -8111 53 -3979 15811 3869 18097 1803 18446 -22035 48 -24352 3811 0 21057 43 53 1 -11447 -23635 3086 39 -20327 14 -7113 17477 34 11696 -21526 5 -31239 50 3311 21220 -13098 39 7366 15778 -3640 696 15 -2172 5113 -15454 21486 -25979 -29992 -15628 20287 
0 28551 24 10210 14 57 0 9 1246 0 0 0 0 12 3330 0 0 0 25990 54 18308 31029 8792 13 26934 50 0 29509 4464 11153 17 25711 10204 0 13339 0 2 19798 0 0 11650 4031 0 0 18 15 22040 43 52 0 0 0 31806 19943 36 25188 0 0 29397 8509 6965 0 10 26 7685 23 23 4734 5722 58 0 0 0 0 14956 24 14 30355 15266 0 0 53 0 15811 3869 18097 1803 18446 0 48 0 3811 0 21057 43 53 1 0 0 3086 39 0 14 0 17477 34 11696 0 5 0 50 3311 21220 0 39 7366 15778 0 696 15 0 5113 0 21486 0 0 0 20287 
242 12
43 12202 26691 -7466 -8415 20176 24855 1381 -26818 -1898 26117 -18083 16128 -32352 51 -925 -7995 51 17 3417 13 -22786 16759 -14734 20680 29681 12 17427 43 25066 57 28321 -12184 22060 24699 10 -7330 37 27599 10176 30482 -5416 26430 -20746 3668 842 44 -16704 48 -20625 11 30 11 20026 9845 28 -16633 10955 4 -32261 -1449 38 57 29353 27149 -30139 -8914 17 7 30422 5515 -32479 -6906 24369 25 57 -18503 12979 -17820 -891 4698 18 55 58 4698 -7383 -20121 31788 29176 -29464 -6735 27 -13207 -17973 -26095 28583 54 -28100 5391 -28996 -29369 1337 16024 58 -14823 56 8944 -12818 7728 -30180 0 26820 -11570 -16264 -2094 42 19947 -20771 36 -9575 6012 16877 61 -26177 32562 -5434 7210 26414 
22 11611 26652 -1039 -956 20031 24797 806 -38 -733 26072 -216 15819 -12 26 -411 -994 26 9 2382 7 -87 16483 -393 20548 29660 6 17183 22 25011 29 28292 -592 21960 24639 5 -1049 19 27566 9392 30464 -1140 26388 -130 2604 464 22 -278 24 -133 6 15 6 19876 9028 14 -282 10248 2 -12 -598 19 29 29331 27113 -19 -909 9 4 30404 4376 -12 -1079 24306 13 29 -200 12455 -227 -397 3565 9 28 29 3565 -1045 -147 31774 29153 -22 -1091 14 -505 -220 -45 28556 27 -29 4251 -25 -22 777 15710 29 -387 28 8039 -537 6711 -19 0 26782 -648 -301 -785 21 19795 -129 18 -843 4886 16607 31 -44 32550 -1140 6152 26372 
243 40
26878 -22976 -18551 -20750 26630 10306 -30608 12096 13418 -22127 -26058 -16332 -8146 31 32 -24266 15017 8 61 3 15775 -32408 -12696 -32564 29183 11526 45 -5755 -6508 -8592 22016 -1058 1077 19 -16236 17 43 7893 10705 -30476 19800 31339 30001 6 -5576 -23080 -29548 35 -20921 1659 16682 -848 22 16 -10712 -15121 1608 -25020 -32311 -7003 -29428 58 -13860 -204 35 -29976 -9777 -30023 -30097 10385 34 -15481 11205 5 31642 -32132 3 31982 -10196 33 24384 7710 17 8392 -23893 3 27019 62 24662 42 263 10602 -30621 -6819 -9293 19430 -19003 -31252 49 12531 6519 -22561 2409 12483 -25059 13057 -13896 1642 -9481 23499 4 -32491 -29404 32 432 -10947 -8381 8461 6799 3434 6513 5734 32561 5879 17379 21 29374 11493 
13439 -11488 -9275 -10375 13315 5153 -15304 6048 6709 -11063 -13029 -8166 -4073 16 16 -12133 7509 4 31 2 7888 -16204 -6348 -16282 14592 5763 23 -2877 -3254 -4296 11008 -529 539 10 -8118 9 22 3947 5353 -15238 9900 15670 15001 3 -2788 -11540 -14774 18 -10460 830 8341 -424 11 8 -5356 -7560 804 -12510 -16155 -3501 -14714 29 -6930 -102 18 -14988 -4888 -15011 -15048 5193 17 -7740 5603 3 15821 -16066 2 15991 -5098 17 12192 3855 9 4196 -11946 2 13510 31 12331 21 132 5301 -15310 -3409 -4646 9715 -9501 -15626 25 6266 3260 -11280 1205 6242 -12529 6529 -6948 821 -4740 11750 2 -16245 -14702 16 216 -5473 -4190 4231 3400 1717 3257 2867 16281 2940 8690 11 14687 5747 
244 -8
-3280 -6731 -4015 -6616 31046 53 -709 18 -5815 7 49 27869 -9383 34 -15290 7486 6514 11611 -14727 8 13770 4563 -26000 24301 11535 -26130 -26009 27 -20268 4809 20834 -31474 4122 -4490 9 -15736 -12504 21988 -13042 -11653 865 48 -8925 -28809 21758 0 -2203 34 12174 29176 39 -16402 -14534 -26933 25861 -9251 -11558 -30083 9068 23838 26843 18095 -27954 43 -26361 -2113 46 -28457 -25784 -25127 -4511 -14865 11066 14522 -4181 10 -3541 32221 -17506 21 -14021 -30250 -25163 -27265 -1532 54 24950 25889 -23740 5955 -30019 -19124 -1011 377 6150 20614 -25383 56 19 18135 -4857 -28344 -31474 56 -307 6161 30134 25 -604 -11411 5931 1194 44 -30555 11 44 -23378 26849 -24928 56 -28676 7 -17070 41 4937 6 28391 31620 
0 0 0 0 31046 53 0 18 0 7 49 27869 0 34 0 7486 6514 11611 0 8 13770 4563 0 24301 11535 0 0 27 0 4809 20834 0 4122 0 9 0 0 21988 0 0 865 48 0 0 21758 0 0 34 12174 29176 39 0 0 0 25861 0 0 0 9068 23838 26843 18095 0 43 0 0 46 0 0 0 0 0 11066 14522 0 10 0 32221 0 21 0 0 0 0 0 54 24950 25889 0 5955 0 0 0 377 6150 20614 0 56 19 18135 0 0 0 56 0 6161 30134 25 0 0 5931 1194 44 0 11 44 0 26849 0 56 0 7 0 41 4937 6 28391 31620 
245 -19
20 -7413 17673 10580 -21820 24085 55 -30533 -26187 16 -31417 17657 -205 28187 22238 -10775 26240 55 2863 54 27 25 -11332 -4201 37 -318 12 28393 14246 -3211 40 -29644 0 14217 -19589 27 -20654 -32276 -7912 -30007 -17184 10 14655 31154 -592 17013 -13203 27401 17 -8434 20523 63 -10735 -26021 -5283 14560 110 -6348 31 30398 -13466 27328 20655 9 62 25607 -1987 3166 19012 -234 -2064 27 -19334 22 6780 37 -28069 5 -29726 -1096 -4718 -26009 -3695 -7959 -21652 8672 -30704 41 -13446 24 53 28360 5 30253 4143 19331 56 60 53 -28734 27172 -9006 -19036 19405 19759 20386 8311 61 11404 6752 -18951 28698 -3700 9654 32080 -29558 14 35 48 12640 -30965 7402 -23436 1141 22074 25 12948 3311 
20 0 17673 10580 0 24085 55 0 0 16 0 17657 0 28187 22238 0 26240 55 2863 54 27 25 0 0 37 0 12 28393 14246 0 40 0 0 14217 0 27 0 0 0 0 0 10 14655 31154 0 17013 0 27401 17 0 20523 63 0 0 0 14560 110 0 31 30398 0 27328 20655 9 62 25607 0 3166 19012 0 0 27 0 22 6780 37 0 5 0 0 0 0 0 0 0 8672 0 41 0 24 53 28360 5 30253 4143 19331 56 60 53 0 27172 0 0 19405 19759 20386 8311 61 11404 6752 0 28698 0 9654 32080 0 14 35 48 12640 0 7402 0 1141 22074 25 12948 3311 
246 -4
46 -24395 29035 -3382 1280 3716 42 -812 4987 50 13670 -24235 21845 32 -4192 -7975 24 17780 26490 5587 26833 -10425 10957 13 33 24461 6899 42 6116 24 1591 -1985 43 -31582 20603 7843 12 17053 -86 15958 32 -2793 20457 -8717 26888 6055 -15656 34 5863 6920 25706 18070 17810 -12361 23976 1454 19686 22191 9089 -9055 24 -32701 -5434 -23631 58 12126 -13077 22652 -24593 19227 -23768 60 10308 48 26209 -15034 5229 61 -13282 14441 29530 4 60 11 38 -19948 1486 47 -22270 -7171 -27699 42 26942 -11330 35 34 24460 19616 2947 30175 -5708 -5779 14891 15146 -26380 24639 26082 -31774 -20126 -6307 -31102 3005 7625 43 24327 28292 4 30306 16164 26717 30387 24 -27298 53 -28465 55 7 -7328 
46 0 29035 0 1280 3716 42 0 4987 50 13670 0 21845 32 0 0 24 17780 26490 5587 26833 0 10957 13 33 24461 6899 42 6116 24 1591 0 43 0 20603 7843 12 17053 0 15958 32 0 20457 0 26888 6055 0 34 5863 6920 25706 18070 17810 0 23976 1454 19686 22191 9089 0 24 0 0 0 58 12126 0 22652 0 19227 0 60 10308 48 26209 0 5229 61 0 14441 29530 4 60 11 38 0 1486 47 0 0 0 42 26942 0 35 34 24460 19616 2947 30175 0 0 14891 15146 0 24639 26082 0 0 0 0 3005 7625 43 24327 28292 4 30306 16164 26717 30387 24 0 53 0 55 7 0 
247 2
17474 10 -20222 -13348 50 28112 36 -31903 -32158 -19702 -7035 6626 -3223 25989 -30696 21273 53 30751 20 27281 -18435 -32471 24401 21205 26111 -4825 -5701 -14648 48 -23290 -4800 28752 25946 32 63 -16371 25478 -4193 -25249 36 -23763 -4974 -31419 -8507 5 4661 44 3687 18092 9503 12847 10219 13034 15160 27399 -17086 24285 -18227 -6563 -18561 29 -2499 -9630 16 -19425 26615 -15072 34 -5032 390 10373 -7140 -23969 44 -850 -20355 3760 27935 -19509 11212 63 25845 28 13 13192 21663 -32105 -22497 14524 25355 59 29 -32074 -31051 -32486 2226 27800 1264 -31938 -7555 27 -29199 15 -26417 5 2087 -29131 30490 4884 5134 61 9 -3473 5137 35 15333 4973 40 -13357 -21585 45 -6521 17991 6543 -8656 7135 15631 10189 
17474 9 0 0 50 28112 36 0 0 0 0 6626 0 25989 0 21273 53 30751 20 27281 0 0 24401 21205 26111 0 0 0 48 0 0 28752 25946 32 63 0 25478 0 0 36 0 0 0 0 4 4661 44 3687 18092 9503 12847 10219 13034 15160 27399 0 24285 0 0 0 29 0 0 16 0 26615 0 34 0 390 10373 0 0 44 0 0 3760 27935 0 11212 63 25845 28 13 13192 21663 0 0 14524 25355 59 29 0 0 0 2226 27800 1264 0 0 27 0 15 0 4 2087 0 30490 4884 5134 61 8 0 5137 35 15333 4973 40 0 0 45 0 17991 6543 0 7135 15631 10189 
248 -30
-13831 31627 -18486 -26200 1341 31314 -16245 21119 1314 20759 16970 25 32190 18524 11 -4568 32 -14513 57 20386 -608 26 14319 13584 -5736 13571 -10779 -7816 56 7288 -22147 -3122 -26490 19112 17564 17 -23539 -19190 16654 55 4704 7296 35 -9560 13357 -10098 -7765 -11878 -29607 25338 -14688 12955 -194 11446 5282 3 36 -21059 18234 -5873 56 1595 20157 32683 32 6 -29391 -32703 9226 7 15 20 -20661 -11456 -20410 -20520 532 -18764 -22960 -30201 5507 31237 43 5 21316 30 -10381 6808 28851 -25169 -19043 -20242 13407 8 -21726 0 57 -19555 -14957 5754 11985 -30636 4833 27595 -12817 -20299 30116 30553 -31282 6595 -20963 -1015 -13189 -20126 17 23321 -22698 610 61 -17760 -22905 17309 6904 11844 12555 -29366 -7600 -27654 
0 31627 0 0 1341 31314 0 21119 1314 20759 16970 25 32190 18524 11 0 32 0 57 20386 0 26 14319 13584 0 13571 0 0 56 7288 0 0 0 19112 17564 17 0 0 16654 55 4704 7296 35 0 13357 0 0 0 0 25338 0 12955 0 11446 5282 3 36 0 18234 0 56 1595 20157 32683 32 6 0 0 9226 7 15 20 0 0 0 0 532 0 0 0 5507 31237 43 5 21316 30 0 6808 28851 0 0 0 13407 8 0 0 57 0 0 5754 11985 0 4833 27595 0 0 30116 30553 0 6595 0 0 0 0 17 23321 0 610 61 0 0 17309 6904 11844 12555 0 0 0 
249 -12
-25904 20463 5263 16093 34 14599 25255 -16709 24648 9407 23 -29655 29127 -9852 6880 14 1728 18 18599 56 -4232 19939 4610 1409 40 19 -24586 -18101 22272 -8588 -31495 31946 2256 34 16336 -29338 -8596 -1094 16286 -19443 -5636 -26422 4272 -17083 4979 26315 1337 2559 43 -6493 26585 27 57 44 1329 62 15816 -7323 -24730 -1587 -32576 32 -8821 -9159 -677 -20494 1271 6109 11170 -18357 -20127 37 47 -15666 -24771 23281 -13597 25929 -31390 -31878 21001 14634 52 -8449 -4628 -19994 21 -31096 14267 15559 -31031 39 -11444 15 22485 -13593 25 13997 -9044 12617 59 -9708 -9289 12681 -6079 21435 29 45 5710 30576 58 13737 -8866 27016 -22736 8891 -32618 -28161 19 25217 -4363 -31457 -12704 -26643 -15289 22512 58 -12143 
0 20463 5263 16093 34 14599 25255 0 24648 9407 23 0 29127 0 6880 14 1728 18 18599 56 0 19939 4610 1409 40 19 0 0 22272 0 0 31946 2256 34 16336 0 0 0 16286 0 0 0 4272 0 4979 26315 1337 2559 43 0 26585 27 57 44 1329 62 15816 0 0 0 0 32 0 0 0 0 1271 6109 11170 0 0 37 47 0 0 23281 0 25929 0 0 21001 14634 52 0 0 0 21 0 14267 15559 0 39 0 15 22485 0 25 13997 0 12617 59 0 0 12681 0 21435 29 45 5710 30576 58 13737 0 27016 0 8891 0 0 19 25217 0 0 0 0 0 22512 58 0 
250 12
26 19140 -22546 0 -27652 51 -2879 21734 -10062 -11192 3757 13 25007 8172 -16300 3155 8780 54 10278 47 28563 -13696 63 -11760 -28680 31564 27064 -28 -30593 -20168 -26438 6146 9055 -32240 15124 -16407 9 29 -22659 4461 -2839 48 10872 -11689 15416 1687 -5511 10149 -8635 5 -4561 53 13 6850 -17567 -2162 5 -6603 -23385 8437 22737 14929 41 -8545 19209 -13845 -21761 38 -17803 26931 25 25538 7 27 -22951 6054 -23497 3 -23953 10214 2901 12995 17 24468 41 20785 -20288 -3374 59 30 63 32371 -13882 13330 19 -30411 -19110 4 -13190 -10232 14 42 -10882 -6135 -32403 13614 7 -10893 -28712 20 46 -12283 -3419 6198 -6026 -24088 0 58 56 -19739 24241 -5527 12745 45 4365 8440 27694 53 
13 18962 -92 0 -32 26 -954 21627 -795 -684 2684 7 24951 7194 -299 2157 7859 27 9505 24 28536 -467 32 -631 -26 31550 27028 -14 -18 -146 -41 5025 8160 -13 14756 -293 5 15 -89 3338 -946 24 10157 -637 15066 1015 -1139 9363 -935 3 -1128 27 7 5767 -238 -802 3 -1098 -77 7483 22649 14549 21 -944 19034 -456 -107 19 -228 26893 13 25488 4 14 -84 4929 -75 2 -69 9434 1944 12472 9 24406 21 20656 -142 -1029 30 15 32 32359 -453 12835 10 -19 -178 2 -507 -778 7 21 -714 -1121 -12 13140 4 -713 -26 10 23 -583 -1035 5079 -1126 -67 0 29 28 -158 24176 -1139 12202 23 3247 7486 27662 27 
251 40
4 -16983 11314 15999 27658 -22891 2857 -17206 12777 1458 -13480 21585 13999 59 6475 -32479 31558 19 -24650 36 14264 -10865 24 7615 1436 31862 27445 -21870 4081 32188 -22581 -12229 28659 -15847 -23214 -20829 -30778 -15127 10 -998 -15053 10509 -29787 -180 -31529 19880 -16724 22 -31251 -13609 5229 -9415 -1028 5569 -9295 16207 4923 -19947 10893 -7781 -9557 -19120 -13001 25720 18015 32343 -3707 7908 25801 34 -9649 3273 31228 -6793 -22451 7150 32052 8686 25229 59 -13991 21 -24522 26 -4064 30149 31995 -15913 55 31 19 53 -12240 7470 9 -22521 -16481 26744 -17345 13 -21231 21 16099 -29866 -9649 48 58 -10246 57 17 10953 -8539 1017 18268 -21374 5698 17190 -14196 29492 7 31950 15593 27 32292 -27713 3592 20832 48 
2 -8491 5657 8000 13829 -11445 1429 -8603 6389 729 -6740 10793 7000 30 3238 -16239 15779 10 -12325 18 7132 -5432 12 3808 718 15931 13723 -10935 2041 16094 -11290 -6114 14330 -7923 -11607 -10414 -15389 -7563 5 -499 -7526 5255 -14893 -90 -15764 9940 -8362 11 -15625 -6804 2615 -4707 -514 2785 -4647 8104 2462 -9973 5447 -3890 -4778 -9560 -6500 12860 9008 16172 -1853 3954 12901 17 -4824 1637 15614 -3396 -11225 3575 16026 4343 12615 30 -6995 11 -12261 13 -2032 15075 15998 -7956 28 16 10 27 -6120 3735 5 -11260 -8240 13372 -8672 7 -10615 11 8050 -14933 -4824 24 29 -5123 29 9 5477 -4269 509 9134 -10687 2849 8595 -7098 14746 4 15975 7797 14 16146 -13856 1796 10416 24 
252 -6
13740 -25802 -14806 695 35 32312 32446 30893 58 25 14665 20107 24 -20553 -31744 -167 7583 31 6 30226 -13955 2862 28922 -17936 -349 -31045 -30799 -23611 19 11098 12760 -10230 -26753 -2023 29761 10723 -18288 11 30230 -1282 39 4470 15 31799 7595 3 -20676 -28817 17143 -18489 17062 15394 21 19792 29254 -27656 10 -22126 19195 -26076 -2901 26964 24777 1 16686 9 -5907 50 -29901 -9203 -108 9 -21819 24866 62 -18990 24417 1300 14342 9354 -399 26811 -8068 31793 3618 53 25163 16271 28791 1 -18542 51 -8905 -25332 41 49 -11877 -25198 -20019 11012 28830 -17374 27443 -27145 19635 47 23147 -628 7 -3441 1435 -9319 25762 -29544 24625 7 870 -6058 5125 -8138 21429 -12778 -27110 22 30481 -7186 -8903 6 
13740 0 0 695 35 32312 32446 30893 58 25 14665 20107 24 0 0 0 7583 31 6 30226 0 2862 28922 0 0 0 0 0 19 11098 12760 0 0 0 29761 10723 0 11 30230 0 39 4470 15 31799 7595 3 0 0 17143 0 17062 15394 21 19792 29254 0 10 0 19195 0 0 26964 24777 1 16686 9 0 50 0 0 0 9 0 24866 62 0 24417 1300 14342 9354 0 26811 0 31793 3618 53 25163 16271 28791 1 0 51 0 0 41 49 0 0 0 11012 28830 0 27443 0 19635 47 23147 0 7 0 1435 0 25762 0 24625 7 870 0 5125 0 21429 0 0 22 30481 0 0 6 
253 2
7524 18 19 4139 -7429 3 -9671 43 28476 5602 12378 -5183 27 31 -24450 25 21574 32 -27611 -10366 34 58 -29254 -16225 60 12 -28233 13 51 2 15 -21511 -17676 5227 50 24722 127 9074 -19014 -20718 13444 63 16159 14359 -6684 -12212 7 8597 15990 21057 17 -30561 34 29927 -16829 36 26143 -673 23677 -16894 7885 -20971 24981 58 -17205 -18929 -1658 19608 57 10597 -24783 5 8800 -14195 -10900 -8000 31 -14624 21009 9847 9744 -31442 -21599 1 26 56 -6260 4772 59 26 -20232 -18364 32545 27292 -10929 8 -5073 9455 24356 9395 31852 -19644 25035 29909 -21147 13685 44 63 9336 8597 24865 8 -26623 -25928 62 15473 21 -11887 43 19 4154 21012 -25180 29096 24608 55 7606 13137 
7524 18 19 4139 0 2 0 43 28476 5602 12378 0 27 31 0 25 21574 32 0 0 34 58 0 0 60 11 0 13 51 1 15 0 0 5227 50 24722 127 9074 0 0 13444 63 16159 14359 0 0 6 8597 15990 21057 17 0 34 29927 0 36 26143 0 23677 0 7885 0 24981 58 0 0 0 19608 57 10597 0 4 8800 0 0 0 31 0 21009 9847 9744 0 0 1 26 56 0 4772 59 26 0 0 32545 27292 0 7 0 9455 24356 9395 31852 0 25035 29909 0 13685 44 63 9336 8597 24865 7 0 0 62 15473 21 0 43 19 4154 21012 0 29096 24608 55 7606 13137 
254 -10
-32264 21 20598 -5589 -15295 33 -18693 13795 -23191 -20023 -9134 5 61 24884 25542 28941 -15570 12220 -31636 38 27091 44 -27838 4173 -17841 -23903 11145 2170 52 1100 -28955 9708 -12241 23775 12954 -7578 3175 27751 -10178 -24018 5559 -14586 -4716 -27757 5261 18 32443 3564 42 -27964 3237 -25395 -5455 14142 -6425 10 -15592 -1036 -8188 6638 29 25113 29318 4 47 26113 19030 22248 2454 -24688 1730 17 28673 9260 -13363 26 47 18 -171 3695 14925 -9932 27821 25402 23692 15769 4833 18939 52 4515 883 29 58 -12763 26602 5479 39 10814 6366 28573 -17680 31274 -26553 12 31391 -3553 3 10044 15825 6789 46 20724 10165 -21784 -15054 21152 17 -21833 9 27264 -2632 -24583 31 54 -26932 -23417 -12981 46 
0 21 20598 0 0 33 0 13795 0 0 0 5 61 24884 25542 28941 0 12220 0 38 27091 44 0 4173 0 0 11145 2170 52 1100 0 9708 0 23775 12954 0 3175 27751 0 0 5559 0 0 0 5261 18 32443 3564 42 0 3237 0 0 14142 0 10 0 0 0 6638 29 25113 29318 4 47 26113 19030 22248 2454 0 1730 17 28673 9260 0 26 47 18 0 3695 14925 0 27821 25402 23692 15769 4833 18939 52 4515 883 29 58 0 26602 5479 39 10814 6366 28573 0 31274 0 12 31391 0 3 10044 15825 6789 46 20724 10165 0 0 21152 17 0 9 27264 0 0 31 54 0 0 0 46 
255 -22
18222 -21357 -3809 15109 26 45 3871 57 12065 -17399 16441 38 15015 -20407 3 8241 30994 -29946 15 50 12601 -31713 31550 31935 39 11 31775 -8751 24 -2369 42 28866 43 15484 41 16695 -4311 20053 -29658 -15251 25 53 -2247 -24390 -25085 -17655 10320 55 13544 31303 28 -21220 -30750 31 28 28414 17 -32156 8759 58 14961 11856 9971 -27595 39 21688 19201 23656 58 -23236 53 -9044 20453 7702 13 20 -5121 13 18174 -25734 18308 32099 -30464 16042 18543 -19520 21661 9 35 -1494 25921 6693 55 -21860 -13609 15 10596 61 49 21907 12139 -11900 31921 -7152 6063 23 -15925 -25089 -17788 15466 14827 -17063 22 18974 5459 55 -1360 20 -6439 -14297 10157 10 31020 -27029 21451 -28733 22797 -9171 
18222 0 0 15109 26 45 3871 57 12065 0 16441 38 15015 0 3 8241 30994 0 15 50 12601 0 31550 31935 39 11 31775 0 24 0 42 28866 43 15484 41 16695 0 20053 0 0 25 53 0 0 0 0 10320 55 13544 31303 28 0 0 31 28 28414 17 0 8759 58 14961 11856 9971 0 39 21688 19201 23656 58 0 53 0 20453 7702 13 20 0 13 18174 0 18308 32099 0 16042 18543 0 21661 9 35 0 25921 6693 55 0 0 15 10596 61 49 21907 12139 0 31921 0 6063 23 0 0 0 15466 14827 0 22 18974 5459 55 0 20 0 0 10157 10 31020 0 21451 0 22797 0 
