00000000000000000000000000000000
00000000000000000000000000000000
00000000000000000000000000000000
00000000000000000000000000000000
00000000000000000000000000000000
00000000000000000000000000000000
00000000000000000000000000000000
00000000000000000000000000000000
00000000000000000000000000000000
00000000000000000000000000000000
00000000000000000000000000000000
00000000000000000000000000000000
00000000000000000000000000000000
00000000000000000000000000000000
00000000000000000000000000000000
00000000000000000000000000000000
00000000000000000000000000000000
00000000000000000000000000000000
00000000000000000000000000000000
00000000000000000000000000000000
00000000000000000000000000000000
00000000000000000000000000000000
00000000000000000000000000000000
00000000000000000000000000000000
00000000000000000000000000000000
00000000000000000000000000000000
00000000000000000000000000000000
00000000000000000000000000000000
00000000000000000000000000000000
00000000000000000000000000000000
00000000000000000000000000000000
00000000000000000000000000000000
00000000000000000000000000000000
00000000000000000000000000000000
00000000000000000000000000000000
00000000000000000000000000000000
00000000000000000000000000000000
00000000000000000000000000000000
00000000000000000000000000000000
00000000000000000000000000000000
00000000000000000000000000000000
00000000000000000000000000000000
00000000000000000000000000000000
00000000000000000000000000000000
00000000000000000000000000000000
00000000000000000000000000000000
00000000000000000000000000000000
00000000000000000000000000000000
00000000000000000000000000000000
00000000000000000000000000000000
00000000000000000000000000000000
00000000000000000000000000000000
00000000000000000000000000000000
00000000000000000000000000000000
00000000000000000000000000000000
00000000000000000000000000000000
00000000000000000000000000000000
00000000000000000000000000000000
00000000000000000000000000000000
00000000000000000000000000000000
00000000000000000000000000000000
00000000000000000000000000000000
00000000000000000000000000000000
00000000000000000000000000000000
00000000000000000000000000000000
00000000000000000000000000000000
00000000000000000000000000000000
00000000000000000000000000000000
00000000000000000000000000000000
00000000000000000000000000000000
00000000000000000000000000000000
00000000000000000000000000000000
00000000000000000000000000000000
00000000000000000000000000000000
00000000000000000000000000000000
00000000000000000000000000000000
00000000000000000000000000000000
00000000000000000000000000000000
00000000000000000000000000000000
00000000000000000000000000000000
00000000000000000000000000000000
00000000000000000000000000000000
00000000000000000000000000000000
00000000000000000000000000000000
00000000000000000000000000000000
00000000000000000000000000000000
00000000000000000000000000000000
00000000000000000000000000000000
00000000000000000000000000000000
00000000000000000000000000000000
00000000000000000000000000000000
00000000000000000000000000000000
00000000000000000000000000000000
00000000000000000000000000000000
00000000000000000000000000000000
00000000000000000000000000000000
00000000000000000000000000000000
00000000000000000000000000000000
00000000000000000000000000000000
00000000000000000000000000000000
00000000000000000000000000000000
00000000000000000000000000000000
00000000000000000000000000000000
00000000000000000000000000000000
00000000000000000000000000000000
00000000000000000000000000000000
00000000000000000000000000000000
00000000000000000000000000000000
00000000000000000000000000000000
00000000000000000000000000000000
00000000000000000000000000000000
00000000000000000000000000000000
00000000000000000000000000000000
00000000000000000000000000000000
00000000000000000000000000000000
00000000000000000000000000000000
00000000000000000000000000000000
00000000000000000000000000000000
00000000000000000000000000000000
00000000000000000000000000000000
00000000000000000000000000000000
00000000000000000000000000000000
00000000000000000000000000000000
00000000000000000000000000000000
00000000000000000000000000000000
00000000000000000000000000000000
00000000000000000000000000000000
00000000000000000000000000000000
00000000000000000000000000000000
00000000000000000000000000000000
00000000000000000000000000000000
00000000000000000000000000000000
00000000000000000000000000000000
00000000000000000000000000000000
00000000000000000000000000000000
00000000000000000000000000000000
00000000000000000000000000000000
00000000000000000000000000000000
00000000000000000000000000000000
00000000000000000000000000000000
00000000000000000000000000000000
00000000000000000000000000000000
00000000000000000000000000000000
00000000000000000000000000000000
00000000000000000000000000000000
00000000000000000000000000000000
00000000000000000000000000000000
00000000000000000000000000000000
00000000000000000000000000000000
00000000000000000000000000000000
00000000000000000000000000000000
00000000000000000000000000000000
00000000000000000000000000000000
00000000000000000000000000000000
00000000000000000000000000000000
00000000000000000000000000000000
00000000000000000000000000000000
00000000000000000000000000000000
00000000000000000000000000000000
00000000000000000000000000000000
00000000000000000000000000000000
00000000000000000000000000000000
00000000000000000000000000000000
00000000000000000000000000000000
00000000000000000000000000000000
00000000000000000000000000000000
00000000000000000000000000000000
00000000000000000000000000000000
00000000000000000000000000000000
00000000000000000000000000000000
00000000000000000000000000000000
00000000000000000000000000000000
00000000000000000000000000000000
00000000000000000000000000000000
00000000000000000000000000000000
00000000000000000000000000000000
00000000000000000000000000000000
00000000000000000000000000000000
00000000000000000000000000000000
00000000000000000000000000000000
00000000000000000000000000000000
00000000000000000000000000000000
00000000000000000000000000000000
00000000000000000000000000000000
00000000000000000000000000000000
00000000000000000000000000000000
00000000000000000000000000000000
00000000000000000000000000000000
00000000000000000000000000000000
00000000000000000000000000000000
00000000000000000000000000000000
00000000000000000000000000000000
00000000000000000000000000000000
00000000000000000000000000000000
00000000000000000000000000000000
00000000000000000000000000000000
00000000000000000000000000000000
00000000000000000000000000000000
00000000000000000000000000000000
00000000000000000000000000000000
00000000000000000000000000000000
00000000000000000000000000000000
00000000000000000000000000000000
00000000000000000000000000000000
00000000000000000000000000000000
00000000000000000000000000000000
00000000000000000000000000000000
00000000000000000000000000000000
00000000000000000000000000000000
00000000000000000000000000000000
00000000000000000000000000000000
00000000000000000000000000000000
00000000000000000000000000000000
00000000000000000000000000000000
00000000000000000000000000000000
00000000000000000000000000000000
00000000000000000000000000000000
00000000000000000000000000000000
00000000000000000000000000000000
00000000000000000000000000000000
00000000000000000000000000000000
00000000000000000000000000000000
00000000000000000000000000000000
00000000000000000000000000000000
00000000000000000000000000000000
00000000000000000000000000000000
00000000000000000000000000000000
00000000000000000000000000000000
00000000000000000000000000000000
00000000000000000000000000000000
00000000000000000000000000000000
00000000000000000000000000000000
00000000000000000000000000000000
00000000000000000000000000000000
00000000000000000000000000000000
00000000000000000000000000000000
00000000000000000000000000000000
00000000000000000000000000000000
00000000000000000000000000000000
00000000000000000000000000000000
00000000000000000000000000000000
00000000000000000000000000000000
00000000000000000000000000000000
00000000000000000000000000000000
00000000000000000000000000000000
00000000000000000000000000000000
00000000000000000000000000000000
00000000000000000000000000000000
00000000000000000000000000000000
00000000000000000000000000000000
00000000000000000000000000000000
00000000000000000000000000000000
00000000000000000000000000000000
00000000000000000000000000000000
00000000000000000000000000000000
00000000000000000000000000000000
00000000000000000000000000000000
00000000000000000000000000000000
00000000000000000000000000000000
00000000000000000000000000000000
00000000000000000000000000000000
00000000000000000000000000000000
00000000000000000000000000000000
00000000000000000000000000000000
00000000000000000000000000000000
00000000000000000000000000000000
00000000000000000000000000000000
00000000000000000000000000000000
00000000000000000000000000000000
00000000000000000000000000000000
00000000000000000000000000000000
00000000000000000000000000000000
00000000000000000000000000000000
00000000000000000000000000000000
00000000000000000000000000000000
00000000000000000000000000000000
00000000000000000000000000000000
00000000000000000000000000000000
00000000000000000000000000000000
00000000000000000000000000000000
00000000000000000000000000000000
00000000000000000000000000000000
00000000000000000000000000000000
00000000000000000000000000000000
00000000000000000000000000000000
00000000000000000000000000000000
00000000000000000000000000000000
00000000000000000000000000000000
00000000000000000000000000000000
00000000000000000000000000000000
00000000000000000000000000000000
00000000000000000000000000000000
00000000000000000000000000000000
00000000000000000000000000000000
00000000000000000000000000000000
00000000000000000000000000000000
00000000000000000000000000000000
00000000000000000000000000000000
00000000000000000000000000000000
00000000000000000000000000000000
00000000000000000000000000000000
00000000000000000000000000000000
00000000000000000000000000000000
00000000000000000000000000000000
00000000000000000000000000000000
00000000000000000000000000000000
00000000000000000000000000000000
00000000000000000000000000000000
00000000000000000000000000000000
00000000000000000000000000000000
00000000000000000000000000000000
00000000000000000000000000000000
00000000000000000000000000000000
00000000000000000000000000000000
00000000000000000000000000000000
00000000000000000000000000000000
00000000000000000000000000000000
00000000000000000000000000000000
00000000000000000000000000000000
00000000000000000000000000000000
3cf70fd140612fca4b3cdca0efffece3
fef21d3762fbbf1b041213031ff1d00f
2efa03b7f3ac0cf4511bcfef4ebd7110
cfef731eac01f4d5f10b0ce01f1ffef2
12c301cd3dfc2bf4011e0f1a2b4bf7de
34ca0540a6d8dfed040ef10d62c7ca21
280333053b014c0201a31013311cebdf
3223d841dbe2d1110dd2f91ee00fdef3
b043412a5f52dcdd002ece73c5111804
311cf1f2e03f12eff203ed8d1f40fff5
f2f0195c2c272b2d0f51e131e3fa4f4a
c8f2d6cb12ff3313e3d20e31114e2200
214f2fecf2e3681fd22ee21dcf33501c
d4f7270ec2fd5f25cfd4d60104420320
1303c72f250ed121e09bc00a2a0ec13d
2ae43e1e0e27012dbd1150c37bec94e1
ff70321d700423b14163ff41de1341f3
fe09d31de15af304f891edbb01b22d11
111f1e7f03202e1ef4e3220ee0cb2d20
0c2ce31dfa03a9f08f4224e0f2dbd003
ecf0233292eed31c01132163e310f571
fede864e3f1f071e7ee0eb3afcd132e1
7feedcdd30ef63f342209fe2ef111302
9f2a10c24de50cb4f20c71413d1f544d
e2de003e0401755c532e1d80cc00c6f1
1c07dd533ca3ff0c72ddc22040fcf3d1
ef22510d003acb4c83e21eacdee14fd3
50dbfe071462bc1c4ddbe16bec44f116
ace4ec3332dd3037197058033d6f1fd3
d14f87fbc000240ae3dfb9bee221a135
3d0cf321c02320f7d2bf02323032bc12
b26f70e110e40521e6eced32efdb6000
00000000000000000000000000000000
00000000000000000000000000000000
00000000000000000000000000000000
00000000000000000000000000000000
00000000000000000000000000000000
00000000000000000000000000000000
00000000000000000000000000000000
00000000000000000000000000000000
00000000000000000000000000000000
00000000000000000000000000000000
00000000000000000000000000000000
00000000000000000000000000000000
00000000000000000000000000000000
00000000000000000000000000000000
00000000000000000000000000000000
00000000000000000000000000000000
00000000000000000000000000000000
00000000000000000000000000000000
00000000000000000000000000000000
00000000000000000000000000000000
00000000000000000000000000000000
00000000000000000000000000000000
00000000000000000000000000000000
00000000000000000000000000000000
00000000000000000000000000000000
00000000000000000000000000000000
00000000000000000000000000000000
00000000000000000000000000000000
00000000000000000000000000000000
00000000000000000000000000000000
00000000000000000000000000000000
00000000000000000000000000000000
336e20febecedfbcfeb0df8f41ee92ff
f0e16461f1fe33ef415001037cfe1a1f
14f21f1fe3d8e6103ed3e102fcd14dbf
1eb301073de1e131a1de080e1211f123
3a7027eb241dee1708e0f0eadd73edcf
edf40f2d2412e207401c301a0af35ff1
3ed3ce6d0c72f121db1d51310340f01d
446c2c451e1d2c8b2f500ddffd412bd0
22fdd1fe1b141b02ee01cf2e1f299480
8b8df35307c4741f20351fc33cef1ce0
565715d9e011f2465ac712c6005e0dc1
f3f54f272ed20e6dbc0e7faa150ebedc
4eb4d230e4d1de1f4b40e21d38311de0
1ffe35daf06f50e7eea74cee43f33ee1
f2dffdfe222b683f1e3e43f0bc0f2201
fc2ef93b12ad7d120aed8097cc2ef12b
5f4b3d6f1bfbe7115c7c61d0d2811c3f
1fef1d11fd4bffe0efe00c17fecf3d23
c727de1ecf160b1dd4df2d2c2ead2a89
d12356ac3c0711fc319b4e07211756c3
81d40e740e363dd7e91adbbe7b0b2021
752352b2104ee0330ef04f1010421ffc
404ddf7e4519afc72e8b1f944330747e
fd63411fd76ff120051d15c505f87efc
f202cf5f0edcd806d4aeffd702010650
541de214056e7ffdc10ecf2087024248
e23e245d0736ce321f42ce0e000d14cd
1d1011ece0ce14e1232eaa22271e701e
1504b1009fd0f41f53ad2237ddf34b21
05fb13ecdfc6fbf03844155f2f0f0f71
c0a41df5c1b7d540f2adddcde1d3f1d1
ef6ca9b7504172ef1fe121f400f22034
00000000000000000000000000000000
00000000000000000000000000000000
00000000000000000000000000000000
00000000000000000000000000000000
00000000000000000000000000000000
00000000000000000000000000000000
00000000000000000000000000000000
00000000000000000000000000000000
00000000000000000000000000000000
00000000000000000000000000000000
00000000000000000000000000000000
00000000000000000000000000000000
00000000000000000000000000000000
00000000000000000000000000000000
00000000000000000000000000000000
00000000000000000000000000000000
00000000000000000000000000000000
00000000000000000000000000000000
00000000000000000000000000000000
00000000000000000000000000000000
00000000000000000000000000000000
00000000000000000000000000000000
00000000000000000000000000000000
00000000000000000000000000000000
00000000000000000000000000000000
00000000000000000000000000000000
00000000000000000000000000000000
00000000000000000000000000000000
00000000000000000000000000000000
00000000000000000000000000000000
00000000000000000000000000000000
00000000000000000000000000000000
de125d5f1fd244c28ef15d7531f201ef
147d1cee111d2205f0f2eb302eef5237
1f100ffd183ebffe2bf11fe2c0eed30c
d002c1edcd39b809112ca250ef00d7a3
f2e12fe9dcf4ef0920d0816fd6cf10f1
31f12a20f0fe022b2e4034371e2c4ecf
2355470c4cfd00140cbde83d703cbd4e
11550dad824a6e45c533301c3073efff
f241f33a0e60574e1ec126effbd3471b
203f34f4021fcf00171002daf4112003
02cf0e2050d0f3d5cb4ef68140f1e0f0
feceb9436b00ca4f21338b96db0a69df
36d812b202bf434310ef5a164c5df010
1f0b1f827304d00310f43d2fb4fd030c
06022d0c0214011823e5b97fc824cd4d
3704c42eeff3c0830fd23f1e72ee4241
842e0be3f2f33b58de7d4079e233e42e
13112fe0ee24321e5d82c4be2c1e2025
f0b410d21e24acf001cf22b4321be972
129d4013a1ffad80fd1eb30ca71e030f
ebfd4ee4eedfa00d7ee131012704d4cb
2e102589e41eb10246f17e55f22b4066
def54303e89d304df15c100318413e61
02c59b93331ce489b94ee4dcb131c49e
a1290015ede511a281c12339a5244d7b
f26133cfd71f0d1f2e029d1d1bedf1dd
134d04546f3d702151cc032011f29ff0
31d0ead418cdc1fe4025b2581ede81cc
0f6daf1974e633645babe2a3cf1a42d1
25da13f290cb8c413c0746dfd34c3772
22eae23ffe0dec67285cecdfe14221c4
01f1f40f4813460d3e0dfee1b431ff30
00000000000000000000000000000000
00000000000000000000000000000000
00000000000000000000000000000000
00000000000000000000000000000000
00000000000000000000000000000000
00000000000000000000000000000000
00000000000000000000000000000000
00000000000000000000000000000000
00000000000000000000000000000000
00000000000000000000000000000000
00000000000000000000000000000000
00000000000000000000000000000000
00000000000000000000000000000000
00000000000000000000000000000000
00000000000000000000000000000000
00000000000000000000000000000000
00000000000000000000000000000000
00000000000000000000000000000000
00000000000000000000000000000000
00000000000000000000000000000000
00000000000000000000000000000000
00000000000000000000000000000000
00000000000000000000000000000000
00000000000000000000000000000000
00000000000000000000000000000000
00000000000000000000000000000000
00000000000000000000000000000000
00000000000000000000000000000000
00000000000000000000000000000000
00000000000000000000000000000000
00000000000000000000000000000000
00000000000000000000000000000000
1f4d33d202e72eff4edefe1f2404942f
0220ef2547420029e1e01de6622d2e00
1e3ce141007b9b592cdd2fe03e79516f
ffe2603431a2cb0a470b2002dd624608
e20e9e3edae65c1e8cd62ce03a43d584
e9ffcdfaf410213e7aca267200af1021
b726d2304614f4221cc53ff093ce1371
1d11e21f03fed24012e21517c2239e5c
0b4408b9e502bc1d33e0eab4dd0a4688
28c30fc51c5046372933ff414f425ec0
0d721cc0cdf20049fe0d43c101202bad
ec62d20415d1131db331d1032ec72fb4
fafc66f726f141192fff90ea02f563ae
2f74e533e2ded3900fa07fc0f4c7ae2f
b114b124d2eef781eb0db0bd031cedfd
ec02e4c286ded20d1b4622326d101d0f
221d2c3bee300aff24c0efdaffefd4f8
ec24ffe02c1670f22e1fc011ebe2351f
dfa70189f3fe0eb048fb14fec1ed072b
b1dae3d3572020dff01c3fff04c11873
40513221b5eec7e6ff45c3203425e0ff
d707d0ecd6da1a32d061360de1b0e4d2
021ddb0700f33351e1dbeea5612061e3
e6133520312302f133e30ca49bee14f7
e021feff3f0fd82602c80e1e57cef401
702d14df52d921faf0ed10ded120b8e3
2e3d2efb4f80ec5fa306d6653018434f
aa0ee0198ae62ef41a0030bf0c03731f
dfcb2fb37dcdcfebe0dc6915bfd77f4e
1841be60f1dcd927a3fbf4dd0a3ec0d3
5e07473a7c4bf4f0e35e4d302c9c6bec
e536eefff011d3be0edcf6d7a42ce03e
00000000000000000000000000000000
00000000000000000000000000000000
00000000000000000000000000000000
00000000000000000000000000000000
00000000000000000000000000000000
00000000000000000000000000000000
00000000000000000000000000000000
00000000000000000000000000000000
00000000000000000000000000000000
00000000000000000000000000000000
00000000000000000000000000000000
00000000000000000000000000000000
00000000000000000000000000000000
00000000000000000000000000000000
00000000000000000000000000000000
00000000000000000000000000000000
00000000000000000000000000000000
00000000000000000000000000000000
00000000000000000000000000000000
00000000000000000000000000000000
00000000000000000000000000000000
00000000000000000000000000000000
00000000000000000000000000000000
00000000000000000000000000000000
00000000000000000000000000000000
00000000000000000000000000000000
00000000000000000000000000000000
00000000000000000000000000000000
00000000000000000000000000000000
00000000000000000000000000000000
00000000000000000000000000000000
00000000000000000000000000000000
024202e8037103820274035d02ac028a
029103000250035c02570362027c02c4
02d103b2032e029d01e303f0028702a7
0393024b02b9030702c10261032802af
020803810093039901df01e400b001d7
02e6017902fd03a003010251027702bb
026d02ec02c502900230028404c4037c
02b902fc01f002c002b0021a02d6027e
0322028703d4023302f7021f01fa029d
02d302b8019d024d020a01f801fd03ca
027f029b042702a20271029b02080266
0313024f02c9026c035302820149035a
02a604aa01830292034e031f01ea0290
02cb026f030f02b7027903de034602f5
020c020c02500249026a01e1025601ba
02ae02e902d602f10216030002a70284
00000000000000000000000000000000
00000000000000000000000000000000
00000000000000000000000000000000
00000000000000000000000000000000
00000000000000000000000000000000
00000000000000000000000000000000
00000000000000000000000000000000
00000000000000000000000000000000
00000000000000000000000000000000
00000000000000000000000000000000
00000000000000000000000000000000
00000000000000000000000000000000
00000000000000000000000000000000
00000000000000000000000000000000
00000000000000000000000000000000
00000000000000000000000000000000
00000000000000000000000000000000
00000000000000000000000000000000
00000000000000000000000000000000
00000000000000000000000000000000
00000000000000000000000000000000
00000000000000000000000000000000
00000000000000000000000000000000
00000000000000000000000000000000
00000000000000000000000000000000
00000000000000000000000000000000
00000000000000000000000000000000
00000000000000000000000000000000
00000000000000000000000000000000
00000000000000000000000000000000
00000000000000000000000000000000
00000000000000000000000000000000
00000000000000000000000000000000
00000000000000000000000000000000
00000000000000000000000000000000
00000000000000000000000000000000
00000000000000000000000000000000
00000000000000000000000000000000
00000000000000000000000000000000
00000000000000000000000000000000
00000000000000000000000000000000
00000000000000000000000000000000
00000000000000000000000000000000
00000000000000000000000000000000
00000000000000000000000000000000
00000000000000000000000000000000
00000000000000000000000000000000
00000000000000000000000000000000
11cfdecb3d41f42c2f580b2ffc2fdeec
3f08219cabed1bd0250a7b1404a6e5eb
dff8c7abc2e27d5243f36eac2ef71f4f
ce220efefd11e310afe01e9ea10813a3
eee247851a642c98d412256f177f5cd5
2d0eedd814dbd362b6e30d224224fab0
7f2e040b5006ef26efd3b43344312b41
fa09f295063df0a54f2f014377171ddc
3ee0cf0de8cb200f5a131da04d11b300
17e089ba21f3e2b20c3d655201ae539d
3038a7f521fac313bd4e234e1e02400e
5391c65f53f4bf51eff2e0973cd42fd0
f7c0246f27a5c3f1ebb332ed4c55bf22
de3ddc41e0f9f0fe0b11051f081111fc
00074121d6ef7da023ffb1f664c22b1d
e2fd41bbf1d0efeef2240f03ffde7413
f50581c2ecb0fe3ebdd342ce202c60e0
4d03843120c1cfde10011e0f2e00e0ff
1d01d1e5e4dc1c1d2f310d222e2048c4
f415682bc4d5ef2f3f1f6f13f1cecd5d
e86166ff221f2ac1854f0fc26417e7ff
b0ce7f3b5b2cc2360a3b01b27ccdcf3b
d3f5dd0c2d2ff82fded02400eecd01d7
a1101c004112c8edeeedceeee2e0cf0d
fce133d24d5f10f0febf0c78f210fcf1
2fbd1d41ddc47c5fceffa1e4693aefae
b0e0ee8e01e10f032d5d001f20d0402f
5f1dfcac0c34301d13cd577ea3e02156
20fde2cece0f1edd02ce811ef4f21413
f1123d225f8b2de30274115d3dfd6fee
034f42836ba0c0f2002b2400ee0725ca
a000ee2103fc302b2f6f3e31e8e422dd
00000000000000000000000000000000
00000000000000000000000000000000
00000000000000000000000000000000
00000000000000000000000000000000
00000000000000000000000000000000
00000000000000000000000000000000
00000000000000000000000000000000
00000000000000000000000000000000
00000000000000000000000000000000
00000000000000000000000000000000
00000000000000000000000000000000
00000000000000000000000000000000
00000000000000000000000000000000
00000000000000000000000000000000
00000000000000000000000000000000
00000000000000000000000000000000
00000000000000000000000000000000
00000000000000000000000000000000
00000000000000000000000000000000
00000000000000000000000000000000
00000000000000000000000000000000
00000000000000000000000000000000
00000000000000000000000000000000
00000000000000000000000000000000
00000000000000000000000000000000
00000000000000000000000000000000
00000000000000000000000000000000
00000000000000000000000000000000
00000000000000000000000000000000
00000000000000000000000000000000
00000000000000000000000000000000
00000000000000000000000000000000
45c3ceecc211b3f0241f7152cf005bec
0fc5a12034300fc5f0011f2e97130d03
7cc7b89ef0752cad581c094caa6207df
31317c3bc108f03243220771c4ac45c2
e213fe23bd30303f5eede074ef10035d
05401ee21fcf3fdcefe21d4280fe2d7e
a3dc1434231011f327413deec2e5bfe1
e1fc3f4b1ecef01e1aebed18ffdef23f
2f01101e0522e4bc3532a47037035170
32206c11f243df0e2160ef1f2f420dc8
32fec076f18432b01aeea1110e7f833f
7434f69e3724f4c581e0e3e2b3351be1
17fd328b0d23cffbedfccf4105be3d03
2d07f133ffe00d1f32e710bf0011202c
c6a01600b2ffef5b342f11910eb854c1
c0dc35e2eecfd01043cce4d21fef720c
dca1e87d4dfe1f21103e30dfcf033bce
1792020c00840e1061d024dd2eceff1c
e3e1ff106323d00001cd14703ce5efe8
a92e45c0b22edadd47f8122795443b4f
352edb1c68df611702a03a04f171f55e
1f10c312603121110193dbfd8524131e
d1d1414e167ceefca570702735721004
0dceea0301869255382342f12d4a8d43
e0cf80f02ee06d40410bee24c4f40034
171dfdf200413e1e00e0ede01d302e1c
e8c1031d1e038ff3f4e01e10ff4f05e4
8100ee44cb13faf1b2a232202a277efe
1130c3c4d04c021e0b21f3fc0e22072f
beb3ed01db1d4ac1510a850bdd0cd829
18e46b5bf5e14bafc32f45be03250edf
15dee144c3001dff04f10300efd3d802
00000000000000000000000000000000
00000000000000000000000000000000
00000000000000000000000000000000
00000000000000000000000000000000
00000000000000000000000000000000
00000000000000000000000000000000
00000000000000000000000000000000
00000000000000000000000000000000
00000000000000000000000000000000
00000000000000000000000000000000
00000000000000000000000000000000
00000000000000000000000000000000
00000000000000000000000000000000
00000000000000000000000000000000
00000000000000000000000000000000
00000000000000000000000000000000
00000000000000000000000000000000
00000000000000000000000000000000
00000000000000000000000000000000
00000000000000000000000000000000
00000000000000000000000000000000
00000000000000000000000000000000
00000000000000000000000000000000
00000000000000000000000000000000
00000000000000000000000000000000
00000000000000000000000000000000
00000000000000000000000000000000
00000000000000000000000000000000
00000000000000000000000000000000
00000000000000000000000000000000
00000000000000000000000000000000
00000000000000000000000000000000
52400d30d2dcd0bf200eb32e1320b418
2f1271e142ef40302020eee0eeb2fe1f
f446c24311e7fce6c21f5c133df905df
ffffe01701c10f05c00fcf7ed1fdf7ec
9f0723ae215568f20d016bfade776e43
a9fad55435e3d0c40d08819e4d6e9f64
201ab20df541642df011e3fd4fe84f51
d3dfd9de0d516fef5fbded3ef73edf0f
4cdff03354b531d41e37aa7154f42775
2d342af5c0f28cee1afdab1f753a00ec
7ed1016330d2073fb40907f29f4320a9
ee0f0fd05f2e0331fdf22207e2352401
1c14c462011c970def23074ed44e332e
d3e00cb4371210101ef5210234010d1d
f10f1e24ac1250402eefa01112402ee8
efbf50fd102fdac6bf4d17ffebf63c11
1b0f0b4012412fd0e2340be0e1c42608
16b11e4ecfb0ecff7ecd01254dd58527
dbc4ec380edfdf147d3614ef5fd0cfce
2d7ff912c027b1d42a1fb72001deb619
0f1c2bf444ffd1231730dae0fec22a3e
ddd1f00b132d08e35bae7e2e7bfcebc3
0efc3f3410d001222e7cf3f02e2ef0b2
6c32b811640eb2603d2efb0ef80fbf0e
db28d025384cd0e502c2ffded032002e
11e8ef0f1fde43fe21643d2b0231d633
4203161e2820bdf626452ca21426f102
f0ed0edbf1d0121c137d45e7cc36fd1e
f0bd117f36f311dad2c401f4f21b1f1f
34f232d330f0ed3f3e71dec503fd110f
f1aed999fb213d81732632206c28103e
202f410d2383cfdcf0ee03f0fefd1f00
00000000000000000000000000000000
00000000000000000000000000000000
00000000000000000000000000000000
00000000000000000000000000000000
00000000000000000000000000000000
00000000000000000000000000000000
00000000000000000000000000000000
00000000000000000000000000000000
00000000000000000000000000000000
00000000000000000000000000000000
00000000000000000000000000000000
00000000000000000000000000000000
00000000000000000000000000000000
00000000000000000000000000000000
00000000000000000000000000000000
00000000000000000000000000000000
00000000000000000000000000000000
00000000000000000000000000000000
00000000000000000000000000000000
00000000000000000000000000000000
00000000000000000000000000000000
00000000000000000000000000000000
00000000000000000000000000000000
00000000000000000000000000000000
00000000000000000000000000000000
00000000000000000000000000000000
00000000000000000000000000000000
00000000000000000000000000000000
00000000000000000000000000000000
00000000000000000000000000000000
00000000000000000000000000000000
00000000000000000000000000000000
2042eee330047c0313d0decf1f012ae8
0ca1dc28f5620ec1d5deadf6e7230f53
db06f1efea0f30e0da11dbedfde74802
00a0ffddf210c72bd310105c2e603460
0a7fcf756aee23dfa031e52bffe3453c
f62234cd003044df007c4de12fb31b92
b011277dfdb5ef109fd794bfafe5e95c
52962c3e0c020327e520184e81220e54
cc5f0ddf12d2bd6175c0ea2201dfe31d
4ef14f09f267022114ffc0ffb10e11f9
833f9beb02eddf3410f5eca1c127f4f4
4165ec12afb1008176121f3cd007edc5
13fde2c18211205de5c27b1c0f10212d
23ecf305aeec1412edbebd918fe720e2
721b05711a2343e2093becefb3fe0320
4073f2d0712034ff4f02fdc7c1f70900
63f32c032121052f7fa22e1fc1f1ff14
10e003eed1b20ebd0c14202058d34fe0
2f22f1c3c37441be3740c60140115d29
125724d8e95301dff1f58b8cd34fceaf
110001d15ffef8e0f2d111ded34f032f
02403ee213e22b14231fd02f41d61208
a8e4f70defc173a4104332b0d9323fec
3e012e7b6133e5a102503f20f0051851
6a313d8e74ff2a05e7ce5e0e20c61dbf
03bece52342625afcd1b7e3dabd1af6f
2216ec7736deff92103bfa70cd32020e
bfa0cc70f06f0c346c32c5c4f34dff0e
2d03f2bfa4522428e1f49f4ed5b06ecf
0ebdec313d70d026d1134ffe251f8b1e
00add450d2f47e41edef0ec2eef23fbc
1207c1c43d01c29f0cd1109d10e51042
00000000000000000000000000000000
00000000000000000000000000000000
00000000000000000000000000000000
00000000000000000000000000000000
00000000000000000000000000000000
00000000000000000000000000000000
00000000000000000000000000000000
00000000000000000000000000000000
00000000000000000000000000000000
00000000000000000000000000000000
00000000000000000000000000000000
00000000000000000000000000000000
00000000000000000000000000000000
00000000000000000000000000000000
00000000000000000000000000000000
00000000000000000000000000000000
00000000000000000000000000000000
00000000000000000000000000000000
00000000000000000000000000000000
00000000000000000000000000000000
00000000000000000000000000000000
00000000000000000000000000000000
00000000000000000000000000000000
00000000000000000000000000000000
00000000000000000000000000000000
00000000000000000000000000000000
00000000000000000000000000000000
00000000000000000000000000000000
00000000000000000000000000000000
00000000000000000000000000000000
00000000000000000000000000000000
00000000000000000000000000000000
061a080f056d048707c2074605a305a0
089b05d2074007bf04f4058405770601
04a504000621078d04c904f2062c061f
04fb06050821057304ff05b1077b0553
051306b70b790539062b05cf090f064a
057908b905a005d3056407b8057204e8
05f107c10558083b0930069c047704ab
05f0067c067b0983058505c904b40729
060104d2062d0a5c0766068e069a08ad
064e0459063b069104db05e706cf06cb
064e064f05cb0692088407d8053904cd
05a1051e045f071804f706a104f60734
05a404510dd2044f047704bc09f50748
0614069504c90482043704e00761078a
046d0743047e078a054606c2078c087a
04df0933097f076007c20472047f05ee
00000000000000000000000000000000
00000000000000000000000000000000
00000000000000000000000000000000
00000000000000000000000000000000
00000000000000000000000000000000
00000000000000000000000000000000
00000000000000000000000000000000
00000000000000000000000000000000
00000000000000000000000000000000
00000000000000000000000000000000
00000000000000000000000000000000
00000000000000000000000000000000
00000000000000000000000000000000
00000000000000000000000000000000
00000000000000000000000000000000
00000000000000000000000000000000
00000000000000000000000000000000
00000000000000000000000000000000
00000000000000000000000000000000
00000000000000000000000000000000
00000000000000000000000000000000
00000000000000000000000000000000
00000000000000000000000000000000
00000000000000000000000000000000
00000000000000000000000000000000
00000000000000000000000000000000
00000000000000000000000000000000
00000000000000000000000000000000
00000000000000000000000000000000
00000000000000000000000000000000
00000000000000000000000000000000
00000000000000000000000000000000
00000000000000000000000000000000
00000000000000000000000000000000
00000000000000000000000000000000
00000000000000000000000000000000
00000000000000000000000000000000
00000000000000000000000000000000
00000000000000000000000000000000
00000000000000000000000000000000
00000000000000000000000000000000
00000000000000000000000000000000
00000000000000000000000000000000
00000000000000000000000000000000
00000000000000000000000000000000
00000000000000000000000000000000
00000000000000000000000000000000
00000000000000000000000000000000
2ebe2d2e382c22d223f3601101032101
dc11f41213e63ee110e12f0d4e075330
3de2f2e2bb3002ded5fffe72d1d33d02
bd50fec346f0212bcf103421e0e823fc
f52a044addf5319a17bd947de7c2a640
10152ae3f21a001c40fe1665ff9a70ae
5341314bfff11dd03016c6408f00e71f
ccb2fadf310c4d22f8de155704c93380
cbefbf4135edd3c07e456b3ca9320134
e232e7d10c0ef4d1c10fe9180e20aff1
207dcb170cde972e4205835001437311
023ee31eff0d3d420fee12ecf5719f5a
0ffff10bf8e1070bb7e09122b1ce0fbd
bf61ccfe242b0d204ade4514f0e07fdf
3eeb750bec55d27301bdb4e2a18da3f0
9413aba271ec10df7ea0ed01d122263a
e3a203ff8fd3ff0f231e8f52d14ec4be
f310bff042d0f24d5f4e30761fcd6e13
daaf090bfcf12fcea364100d0c7f2fee
d4f35a9a83ad25d63add52ec1c072c5d
0ddeeff3e21e2fcd13e2841e11efd0d5
01ff0cd1321cfeed0d5077374ddc731f
5eee0e0f8aff1fc9d5e0f313d414f203
2fefefefe4f2d2623def33670fef7fbb
511f3e2dbef4132e82bcde31e2e02022
d3efff92761d100f0f7145622d1d4c1b
4f75f44ee6d0012e7f553220ecf22f02
e2fde40dda123eefbededd81ec2fd024
1f2c0ed181e10f1c0da0e123f3e304d3
f2d1dddd0d1a163a4a4e327221fc5fd0
ec1fee03170e01e34ef24f1e4e3ffddd
ef1b357f3201e311effdff90d003b43d
531314120f32ed145d3f71b30be11ec1
84d436aa2edf13be41fb7d8cd05def24
b53ee076e90e104e0e15cfdfdfcd011d
f703522d63ad300124025d01f01e37f1
41c04dde431c267758227d337f463d5b
2dbd1241fed242401522e989913efb46
6ddc2c02f911f502e1b0c0ff81ff0dcf
9221b943741d362f7b1eefc2fdbf73cc
f2ec01008fc0030ac7c0d31e07fdc604
f403adaf460012f92dbff7346eed669e
c257d11607ae15e359d33f4d5eff200d
11dcf210ce10ef13d40f08ccf44fbe03
de15f311340fc203625d782e4b41306e
eed17e2a1431faf637a788e92d13102d
03221f573ce140e32bed4f831b1e22ff
a0f1f1d2e0114f2dc70500d3cffda52e
10200d1d05efee4248620dee2c0fed42
40cef331013332c5234b1fadfe67f023
4605ca0dee401ebdc4e1d527a38de344
dad3dae72154fd2c38ff45f5f1d053bf
242231e250f7f0ce3efdf00e1b3fe121
de10d2580b4e0120c205e0efdb2ccef1
cf9f3111a2e12edf83ff9e5b013c072f
f7df2d91d21ce31f0055207213d35a04
1b02e422f8e2d320b254f143c2cd2003
c133df102d3925701e325e737eca2b59
3fc23c8454ea12f163ca3123e41114d0
f8e4d07fa0ec6dfb206a3e01ffbee0d4
0e1529731430230e6b016c912c538a15
d4d8465efe2270dfad220ebbe224c270
db737ec773dbff012e6c2db52d04235f
cd5d1351f06421df9fc0debff67f00e0
af33eef2633c04557f50620c77f12c5d
ee61461e04040dd0f1d2c8bac03ab125
1c1f1a17a66e931cfdfc017f6c036e83
ff3b208a1d2526eec12e34517f0df22d
f0e0e10cd8f5f3e01f0de320f2f0e002
efe319cdae0a152c3f40637000b03301
1b4100a477135f507de05af6fc24f0fd
bd3e022ff0e7cdd1e7b1eccc2d2e9110
fff2eff3f1f34b401c02514c702ff11e
0d2f130dedfedcefc30232dd2f03891e
ff3f90dfb0f9203840c4c11042c004b2
709320332ec000c2d07f1f701f0c0d3b
2f10f351dedffd0107ef8225f5b0020f
0f33e8c222fc0141fd1331410fb11ed2
643f424ca450e4c211f5dda280ddde09
80f2ecf0240e5f3fee0fa4ff9de8edbc
f51411ff673f00334bbee1edfe2002de
b21e2310e6132cc0d2f00c8ed52fc331
25991a932c56d9eaf637d14413ec74a2
3e2c3fe132fee179280f1641229b7f1f
f24261a15e3deee3fae03d035805140e
f665e33f92c72d13d37ebbd5c71fc303
d30102e1131032032e0e48be1d24301f
915734530a01ee8de51201aa0777fcf1
2c13f4f0741bf0e1514a3e51ff230a35
fdee27d0fe1f11de1151fdb1fd368e13
0ebec0fdedf7f3fac3e1a6e604e70f16
3befbdfd72ff0f720423f325213e21ed
4e310db05b05ef406cfc40af1e740d55
322f437bb9422ad1f0dfe0ba066683de
052113012fc02d3913e2e041b3ce80e4
00e09de229cfe110e10e1e77200a7f1f
53b0b1f02ff3100ca476e240801f134f
17a30ea04ed4161fdd652722ceed56ff
ddcfac1f08f011da0d1fdf0eb4fb341b
20321c0e1d0df23f2cf51e013b0e7134
2ee2f031270ce157102c4cee1e14e49c
f207174e41b31e82350fbb1fd2320010
edef0f2fd8041edda29ecfeff6ee002c
ceb01fe14db133e0120e33722ed07fed
07002106327efffc1e4e0d0353d13c40
bc31f028e023f3022500bfecef4fe100
07ff221a71e37ea1e203e0efdf1f211c
1ddf1e54d37a7087d2bc3fc0ecf10cf5
d9b2fc7fbea32d5fd001934ec32ee3ed
1fff22e01d0f210ef12070c21ff41dd1
d0bed0c032142c3def3b7903302d503c
30e00e6f9ef48121bfe04b0afdefc001
b4d11f3e45123633b2187dd15f43fab2
1265354dfec5dee0ecffd9e81332de54
23eef0fe91d1d0e801efc211e5dd0f50
60feefff12ef004e7fff767e11d031f1
dc752e06e2312ff44b0e5101cb513fdb
3ed007e3a24c1004d2002cf0ef23ee60
01aebc42c8c72735e2459273c1ee25e6
1c154c8ed000fe245d3475c6205f51c3
ff121100422e00143d1f7ecf0c010dff
ed0f1440d0310000e4f1da98d5619131
ca51758f0ac1f5257d2f5e274d44f0fa
341c042eddf5de45e3e29ff08550cd11
ef4f2f1e427c3ef469ef6ac0df1ed03d
001d4302ed1e1ff1a2f10eee11751012
45c8fef0e1debe1be10c9f0fc40f140d
4f20fbd10ee221614042d7713dcd33f2
1f1cfcf112f052408224c52201b6311f
d0e500d0512ee23c1f0a2470eedc1eec
4412f0f117e1593f740c3f31721fbd55
cf0e1eff8e2314fff4241c540134ddf1
141b744f1ffff52ed2eab420d33be1f4
35204d5f4e3d3c4dbde31f722aefdcff
041027f9cec090ededf2f142f1110352
10b5092014bff31f1b564257f5103fbf
ef11b0e067115052fdfc2e1f313e2bff
1e0c0f7e0172d23415c1b0ae003fdff3
370de009be17d10b02e5826f97a3de53
5e110dd223ae110f6e104357e9b370e4
e06575f06f1d47204eee72b210583a58
df0a170f0ec7dec7d7f198cce3458ee3
fff325df72e11f535c0b7ac200140cef
ec0f131100f00002e3e0ceee034e8f31
221fa1a2be0351984cd7f30195e3e3f0
a340fcdc0deae274e65c60252e947fe2
0d100204361d1f474d4073dd2ade3f10
5e0111ffd9ee41b4b0e1bde8d020b262
120b1f1b9ab3e6dda1eda51d041217f7
04d3ebb43e1a0752dc21347633ef41fd
3ef8d331bea4be0cc323bda1ffcfe350
15250ede0120d05eecc27f250ecf1100
3e649011c43d3c062edd73ee7c5d0b20
30e1ee1d2b1e35070edfffbf301eb347
2df1f00032e5010472f24cfd5f11d5ee
011e3420df15c025113ffcdc812002e2
1e7f1fe00f0a027710dc6fdb01041080
0bf3f230d0ef01f1e111dcaae4308e42
5d3fe4ce3ef31324c6ce8e212d0dd1ef
ff2cf532c417fa4ce4efa3cc13831229
f01df2e57b008d8613c4fd6c8d234e2b
0cef9f4f2476c5f0c4f1fd1c003f000e
1f5fe315df1680a01015dd1db7e5d722
dd425ef7752f1e3afafb547e7421632a
3efdf2af71eed12b83af811c101d0112
f1f4e9e024c0e40021c1154401de7eda
21511fbe11fcd1763c7c61bffbe0dc52
f2e110f2db14e1e0113dfebfe37c1f1e
6ff3cbeefeed17e17b7027f1d22fab0e
c4fc11bf11fe21d07f101e1fd27af300
44e235c69010fb107d646020f4df3442
1a3e1e0d3721f3f002424e223fe6dfdf
f23164123e0f0b254c117cd40d3df01c
1f4f263dedd01700048fc9aac5778ee2
f0334540e63c54277cd2011ffc713fb1
fe1fe71c1f7e5dcedf1dedfc03149303
e0f251391cc1e112c06134fee7b035f4
27141edec44f113ecfcfb20efe4f063e
4111fe21fd3202f2afd3812fc22f1dcf
8255cce2344e1c4e2ec0c043000e6f9f
ea39bd0df53acfd0d6562230700b2e20
573130323ce000046dfa70034be1e33e
c22f09e00fc01018a059d466900af3c1
4211fe2d5c8f22ff3f53514510ccfcd2
2fbd0d91483113e1e1e1f2f13203f2f1
e3c2e02333412e0e0e2262272ede2ec3
e4efd849ccf441eee3f4a251b3025a13
ee07d0346fcee3fb594d36342ca931ec
fe430f4c00fcd4f030328b31e221bf1e
366df7f32c4673d02ff200133bc4c4a2
0cdfed3536fddd2c6b3960dc4a3240d7
fd2ef61fe720250613ad43eed322c251
06db3fafcb92e50103c086055010b300
5e662ccadc0da743712422c27ed8302e
ffd4c11c4efed3e471d21232fc10cfc0
8c1dffaeb1015d5e526e3ee3811b0e5f
eee26c11fe3100c72e0151014e1020ee
dc2c4540a0200ad40c2fc8adc47fcfc4
f2b7af127601c0576b002fdf69104056
4bee141dbbf3571003bfbabe4f61fe85
e0f19dc734ac6df04d405c8b1d1ebfa9
41ec662fd674ef71d52e7ba4c22d0ff3
f2fd01145f711d53facf532e2fdfafc3
4ce2042cdc4204b1f2e30a9fe2b19815
dd20c0f14021f3473dd11d0d4d31dc51
ef20f430d20013c421f2ae8b125ecf2d
4711fe72c1ee1f100316a14ce0be34bc
def2fdbe520f22e0396b17727d9341eb
fe6e2c03475f52b222023dcff102d230
32f5d31cd2060100c120efadcd22b8f2
e4a2c8019ce10e5dc0ffa41cf3eb32f1
20c00eef142eec0f011122472d124f20
5fe1e3ed0db3ff0dedd1b34ed2f120c8
0fe23cb2131bff0f2fae47710bd1110e
3cca16f2c3f75f0ad10f0108333e20d0
ef422ee02fa7bd103d6f05e6d4e140e1
41fc330d1082e043f133ce3504ecd1f0
1f03f31e212ed0311bea1f072fe11ac2
e32036f37fb3122e31b102bf11e0ed13
ddd2a0ad0240f911dffe9d1167e0ebe3
1e3a29f17f02b2ec134d05044f8b100c
1dfc0022f20400ffe1d1b0ed48e01f0e
d1dde90f4e60d28ba1c0f1ec00c07ef3
45f6f14d4944bc1e10fd4980173e220b
1b15ece85636f4703df0046d30201f2f
db0ce00de2f0f1cfe10efbfff3329d71
07026331cf2afad1fb4d7e4a331af578
21dc26417c0f410ef61f718d66c5710c
5b0ee700ed1efe6012d0e13021b4f6fd
fd8f034f2f0b2352e5d1f67211d00d60
f07454c26fdefe531c3e7bb2fd21dffd
ed1f010e0c032ef404f08b9ce2239356
c30f02decaef73edde12aee1d10ef43f
26150bf37eacf1fc1f0fe4442e8f1cea
f3126fb91d5a3df33b513c800a114124
de1b212cdf11e1bcef0f3aaabe63863d
3c41f850ebecf7f4d6bfcfcbce3efc31
d211fcb1460c000dfaf01574315cb0de
a42fdff29dede3afdef4a36b87c022e4
cce7bc26def113226ce21f3e0e8010e0
2dd210fecf32118905c0f2b0e4de311c
023eeca31e2a027d30c503354b0c23eb
d05c43fe4703f3e31b7318d2ff7f2b1f
1cfbf647cf14fbe0c41ecddda660bf0f
2100302ceb10d11fb70dd31313fbe1e1
d4dce8c23be0ce7ee1d1c132fe1d5a0f
c2922f6010dc42e53df17e21f074f24e
c1e040022a0c41131c0fdf09de4c8b37
10fd4f00730efcf02d32101d1d3e1b03
42db42f221255d00e2d63581ae131e42
24df11f043ce1447101361820f24eee2
e0dd03dd222d0ecde1dbe18bf450d1f3
bd03ecb545ef203f58ce49850f9feb2f
1dfdea8d1c0d14c163139e991d2f2702
0221cd2dd2df1a446a5d7b8c2b32da70
fe01353101cef002f2efbd0f806ec003
06b40a4a08a20e4808ed072607b409ff
08020bc80ac4068b0eb008840a280aee
079b09cf07cd09b4099209150cc30613
0716071109e5068d079006df070f0751
094008910c0a073509de07f40db305bc
09c208d10cac09550a5d05da0a180913
099006fa0b43084f0bb905210ae30986
0629114409d1084f08020914081406d7
0a4905e6098509e908b906680a41093a
0bfc098e0865070c06f30936063d088d
0c21075e05e407ae080406e608760aa1
08a609a00758094e08b708370a8108c3
0d3706db08ec08e40ab108b207e90948
0b6b0a7b098306f10b4d086808c306eb
0e03091607ec08e109800743063d08cc
089c0d3809af0a8808390b100a760d2a
0845083d066206cf0a170911069f09a9
09bf06f10c000ae0080c078c08160cc3
09230b590845074d097a089107e80703
084b0a7c093408ca08570786064007ca
095109dc09aa08f30895082307d20973
07fc076408cb08a106a00a780d25071b
08cd07000d0b05ee07bb0aac0756086e
083a09dc071c0a2c07c3087d090109eb
087d0a48080009f208460925072508ee
08f40a9d0834083c07470b090ddd0802
062908c5095108390b33057e082a0a99
08bc074a0798072707390720058d070a
06610aa534f406d6095d097b41a208ab
0837077006c609320871087f060f0a0c
0667078a0ac207c7072c0ad30839059a
0c87086b0906086c06cb078a07ac075d
00000000000000000000000000000000
00000000000000000000000000000000
00000000000000000000000000000000
00000000000000000000000000000000
00000000000000000000000000000000
00000000000000000000000000000000
00000000000000000000000000000000
00000000000000000000000000000000
00000000000000000000000000000000
00000000000000000000000000000000
00000000000000000000000000000000
00000000000000000000000000000000
00000000000000000000000000000000
00000000000000000000000000000000
00000000000000000000000000000000
00000000000000000000000000000000
00000000000000000000000000000000
00000000000000000000000000000000
00000000000000000000000000000000
00000000000000000000000000000000
00000000000000000000000000000000
00000000000000000000000000000000
00000000000000000000000000000000
00000000000000000000000000000000
00000000000000000000000000000000
00000000000000000000000000000000
00000000000000000000000000000000
00000000000000000000000000000000
00000000000000000000000000000000
00000000000000000000000000000000
00000000000000000000000000000000
00000000000000000000000000000000
05e3823e3416d7efacc6ffdbef21ce1d
672b0ce0293be42c1eed00a1b2cabecd
d50112101bd1856c9f2d0ce21e50c4f2
275fdb2e34c5b1f23b253332fe0f0033
f133e11ff0f12128e4213bdedf6effed
342d1015f921e550113fdcd172c113de
d9ffbbc30f6dfe3beaf2bfc06ef0e681
0a7009f00ac000e8c306337436dc402e
22dfcbf1214402d4311bfd9820b000e0
11a8e2ab3b8f4c3234022e12d2efe733
fe81f41c4f464ceac23c00c1ef81bbc5
7cc1105022c322a04a07ee1410902d82
49d4571dbe523efcf2e0e4d0d6359155
13c4c3402ae101c25e3d70313be100e1
56e35e2e22ecce1af0b7efcdcb1d6ed7
915b21c027d2b9aab3d24135a01fc0cd
f1f1f422d216ec65e1f12110f127ff0f
ffcfcfffd5a012ef82d0f53d022dd311
cd0432bb4f0062152dd373b1a8444ce1
fe2863e2b67eb7f40df2fe9b1eddccb1
3f30e3c71ee2034e3522e43c32022de0
13b8e2211b501633e0347202ffdee304
3d17d2d3db0fe4ef4d414e70cef23f09
1fd5b026f0d6e9c2edbfdd3476308b4e
1c24c391e478c2f52fdfecad5b150f15
75e1445f143307bb2705234333b4f405
fc372c0dfeaee0d03b7f782400f5b0d3
f2e2f314555422e31f0d04d72262fd31
4e51de202cb1ecae71342df7bb01da25
890d233ddedf5027d7e3bed417eb0d1d
3126f9ee4f2daf7f1423a1e58182de5e
35dce410c011e17ddc421fccc0f0fccd
2785d135d02f71eb2b2f3481c23e4ecb
f442310e803f15d14522d0d340c01025
c54d935768f0db6e1cf6fce3b9bc074d
e3e0422b168c011242132e30bee252cf
3f2b874e1f033fded265d4ca055761ac
3c15ceb0fd2fd18ed31fb24210d041b1
a3ec9af11c39ee5b7a3edc92ddf472c1
0f51cef3402e1903f036e17340ece0d1
21ff37e220ece13152fd14e05ef3f10e
e0f4d017fd0b1d1e2bae55dde0313621
0a11f7dfff58e4224bab3eebbf1592aa
22fbeddc030d0fdd17c7f2eef2cf7f30
5d801dda21bef022100100e1bea72f51
1e32551b10feb7590f460fdf1176e652
cc1e2f742d1bd4dd1401c33d93ec0e01
e61315f233ef0f1272316ff13cfb2dd3
41c38f5f786e5201cd337d91f34c22bd
4f2ef1fdf132ebd280ff2b0e22ff102f
45f7b269d0001421f241f3ef2b0527ed
10e71a21dfccd07eb6e4b120c1f301f2
aef0327f342cee418d1719ba42be14ce
eea0a1f021cc04307ea500d0373e62f7
60a6ff7dd7db44532edf13c012c7351f
43615bf0ef061e3fdf149c3a3dc8b2f2
00228d1d14f32e14bd0ec410fff11010
a12cdb533dcb06343e0efefcc142188b
2ec11cc344da17f467eb4203d65040c1
1ce1fd32e13f31ff50e951d70298d2a6
11a2b13f0ef0517f0f32fe0db18f00fd
0347f00311e2ff0fe30d62064feb255f
2ff1f0e2d132e0912234c0629023814f
031feef1b393d312e7f5df22cedf21d4
c4111c0531140d32f218dad212d10fef
0a1e63ddd0e6e97db21cdb44b3f34723
021f0a01d22e800c1ef1f0103f0102d3
fd383ed8434e27cebe41e41e621edfe1
c15a024f0b631d5019f3f4f10ff5f28c
43f4158053e040cfdfdd514fc3e0f0db
d1b136238d553c6d23356f1be814b4f0
32d25f1d902010ebe273301215cfccbf
1dd2100deb1d2017d4121fc5e2fd03e1
021fd10191a121f0efc5f1ed1b730d32
cd2f722021f2639b8ef1e04702d3423a
d01205ef01e3282e1ea021ba10f5f2bf
f0010ce7e82dfe0560ef5edd3ff1f0cd
dfe2f52e04c8de071010dd54750df75f
77331ee27ece2d0ec23fff152c033f41
5c1d3efdf0c0504b1da14a8ef2cdb0d9
3713bd193431011c10522f1cdd70afff
f0a12c4515e7dfea52d32d2022f11145
d0e3614dcef4d80191a111360ff52ffd
21048d66e043103d3159000035eee149
e21272bd44d5cc0420131ed2d85de371
0ee10ed30e508f1d4d3000e133e0d0f2
66255ee0235ffe400d003709f0ecb040
f4476ecbdc0ccea3304ff7052b06fe37
2fdec211fc042104c8e3e7d24d1fbf43
e5ed303c703fa530e4cd4211082a70ed
5e1f34ddfde7dd420532f0b21d2330de
0042b3f14ee2f015c7a0933247e21dd9
4db70d1e0f255fcd344775d2e46eca20
ebd16dd5f0d1c7e1e4fffd2e0a27e293
5127e73dfa2318a410cfb444002042ec
3110f0df3eee04020433207e20f4c0e3
8635f22f7310c0bee8fbd64e31cbf53c
d002f3f1e3bab10474314ce41234ce20
f5f24e34a206ddf23a370bf0dd101e03
f2e0f4011b0eff10c118011f334fd3c1
021fecb2c0533f3d01bff20814ccec19
eed3812300fa120c01ffa4f06e1f00e3
c743d11ecdbef03df2d782240ddf3670
fdfd00eeff01b2df3438053253d0c3f3
3131b0e00850a36c4dd30bfafe21b45f
1754ee8e1bbbfd11e0f201745de17146
f6f323cf32e47003c204bfe1a5df1402
23f50c15a42a60e7208e2fc25dfb2c3e
3eeef9e0029224fcdf43f0f5720fe8db
34f1539537df0f9d54a2f41d7d04607b
72e10ed21920ed3c31302fe2dcd3f1f0
22d4d31ebb0de084d03f0032fa9ef2f2
7f42a3300b44135fb23f110e022bbffd
ad01d1e318a313be4e243f5c1bff3dd5
f392087bc06fe1fdf0f0d41e0322d54d
efe3ac5fd963e94c2bfc4277ef0e31af
1fe75fec26fddd0575f06aa034ce40e1
feefc32ff03fdf42754fd131f3e61031
242fdf00fdfe011ef0dcf0810d11fcfe
3f0fb3d3ee9c4cf4d7a3ddfd79a54e16
2fceeffe9df101fe04ff824e06f0f311
032508f43efc0f3d2f4044534fa96fef
1f31edf9114e5d4d57bd3eeeeed20d52
f7b2d6ff35b21e11f876b7340c390e3e
f2fe0df2f00104f2236ff820c902f01f
d3d5a0d761a32db21df0b270b3f2c6f5
7f45cb04825e04d571a033bffb1604ce
f0f2e7b2c562d3d3d7a085e8c2bcdc20
3652ce3ef3cedc4334e5ce2ece1627c1
ec71114ec050e2111e321212071fc06c
3200ee1018f3fe11f0f5a41020d21e2e
c3f2ed468e2272006113f95fe064c002
f323be000d8e21ec42422d006dde09a2
03bac2d1b52526c65e312ac0c1eb8561
101d0e0ee21bed320cede4f3bf44810e
c57412734df3540bfdb32f82f2193435
1320a1968039c0222ea00ce36207fd24
41f2cec0df94fe7eff2070ee413fac40
3022f2b1f712f3126f216004f101d434
91320e03dc354dc306fdde086dd2c6d1
2d21d14de61f63114b207ad64df314d7
048211ce100e3d53dff3116130bfe71d
3be2bc80f10e26cf42c32464f2b81f40
1ce6017b2ffcd2021161ce3d1213efee
0c84dc0dbeb1f37c1cff9dbf1f5ece3d
4f0e41dcb113fd0f858553314fe10b5f
20e27d4be1a3de65301311202aa222af
4d1ef1aa144dcf30c8f8e6f1e4c2908b
f304947bce5fcc492c00f95d2f25b3e3
0181f1cf0e00040d2210e24c200fb11f
ba82a5fcadf2025deed51ca0f8fcc82e
0ef2b652bcc73d203ff1103dc1c00721
d2f02fff7e371a0d04431cb2d4713f11
6f37d4e6602f51bf7bf53960909184ff
dacc1066056e82c02003e52c0ff6ef1d
cf53ebb024204090fcbd6d4d7202f11e
18edcf287e22eb4aeceea483f06ce102
031043ee0ff01df323a3200f23e1721e
4e94fe1b0d0ef9391a1cffc23d648524
00ef2ff3010bf5023efeffe4fb581ff2
e55b431f410eda82e1f20732fb0c4023
ed32d1f8f04ceefad5ccd3c24e076032
031ef0c03b03b580102653021030cdfd
bff71bff24a1004021330075e0f40e0f
f45daf0a231e75284da4adc1ab1f3f2b
fd43c13cc3fad3eefa0fa30216b2f854
ff21d416d2001f310fd10671f430fc71
3be82efc4edc2f4fe122df3eedf02553
b40101000fec1803b1ddab2d40bf551e
410ca0328e613d4202e225013db4eff0
fe3ae423d0b84ff1cd2fdd603e0410ad
0da22300eefd1a16d0bd7d53f5db1841
5902ccee12fcd7de2f05a3e002cf054b
f08202fee1111b0ed2f0ee21fe20f10d
310a011b1010014f0145e3f0f72514ed
01ff703f5f1223214d142009da20f354
2145e415d36e32fd13c41cd01f74250f
0be0e91b55dcb812cda05e94ae431652
1f0d4d7d21540e2200ad138f54f2d7ed
e2e4b498dfb9ffe4d3ee33d32200d4d4
2235a8e485c152ff221ceffb43422e32
fd4f4ddc13dab893b05da950c3eeef1c
50104e07ce2df21d4113f3fe1f271c01
f7fd0ffe2aefd70cf51cf1f0d781fd0d
610fe20ad01d42dd5c29b420f38e33d9
4f1ffc1e4d7e8f2ae14bc4fc0edc1f30
0c271bee4ebc0b2fdb30fc067f301e74
ff5810105066b1417025f5f1ef5f3e12
0f532008fef640005d42aaccca72d651
243844cb1430420fb3362fde2003e30e
75e113fed8cd70622f2154f98f56335c
d2dfb3a807fa47b0298c37e74a54c5ca
6275f3f4cee02f0ff10ffecfe41e53ef
b461add53e50bd00df872b9790d224a7
210ed0f1e3f31f3dde0be8efe3f03253
710ef351ee0eb1fce1d5ff3811e2f0f1
ce2c31ee7f02d143bc30ed04c6f211eb
4ecf12d505e1eed750352d09310be53c
fc113f301301f1ff00021d11f4ec07bf
ebe3bc9ed623a684f51324dff3d2eef2
155eef58dd4be44fe1ff0012fa02ff23
1000abd11f8fd19c05266123e62f10f9
0c2e0d401f1c1edd00f332dff08c3dfe
2f2bed8ccc1fdf0e3ff10241069e095e
f320201f93114fef542f0fd28d13f400
e00207ba47e44dc53d12ea71d22eade4
132b2321138b00f22f0eeeb202ea120e
0dddf4202be1a4c0213f2fce817f9bf3
00271ffe1df1b500520111f02e52055d
10e04310d0d311f0fe251f02f112f7e1
e4d202f003593310bb2f73e6ae172b8d
ffe75bdcb6da27f19eb1332a20003054
5b7ed2eb27fa374d017ebfd080efb227
4111ee9e17271d1051de235d1dc60127
327fde42ef0547cde02fe103502df11e
f353840df02920cfb7255b68ec26f103
e5c22422eaec5002ef02c64df608e566
1e2d1e2a0f10e7a74cbe5102f18365fe
1232170c2eb2031d20a2f303ffd1ef13
dcb0c0af15ec4c21e307c10e530f0ccf
11840661b7f91943d3d35fa0cd57f4d2
d2e40d8e1c22f2be3f513443e623cdcf
442240d0e2405fcf707c5c94ffdf0e1d
1e2ea1b0c19e15d0cfd4e372f002ffc0
aff00f0d20ecd1317e2542dff14c8d1c
c314136f530cf1fd61d22a81b32bf527
53ff07b26201f35f0c5e4e6e0f10420c
10ce140178423f4c023f40dff5b1100b
004f625170f4fd13e01e7ee271f2c01f
b01f036dc30ee7d006c13eed17d4cb1d
dd3b6b52ed032e932cc14de23f5c70b1
7eeef2333e82def0ff15d20eeef20ec5
2c32eeb7b030355e01132e2a1dcafefd
d540021d0fd3f1fd11d18c3222000d02
e23ec15f3dfdf7fe0f10cf1e2103f3f3
e042c6fdf40f210cd51e22e528da22a7
0107c11f737ed04f21ad040e415cf0b1
2e382e14f1f0563fa1cb1111fde4211d
5f0058e301c1ad43d0e2f0138a053300
550db53dcd15efc212123207210e863e
ce5100307110ff60f3e1f3fd01250f41
f51fd59a0791e3dc37314f6020913c4a
f012f00f9144dcf1e0542fc2fbf40d8c
011cd7ca2b3a1301faca3479019df04d
f65c3e4eda0a0e1329dff153fd1221d8
8fedfc146ec2f02c20c21ec02591f637
e6ef0d3caf0caeea391463bcd44373f8
2235fdba49fb430e0a306f7f204e2ff7
1f20f2f1f511a338daf25526f201e451
1d3d012280ffdee10291701702483029
b0e3e1b3efd79be2dd148e13f0e2f22b
e7ff21e2cbbfa3143f06ece3034fe417
cc3f2dd6823fd22ec6244d0200650325
df2cc752bfdf020760ffd04e3202d4dc
8a144d93ff7360f115a2ab1c3f2c5d00
f4c7f7c4afd5c3e5f413e0c16bf35704
0f9d16b20ea01321126210cf18a50f5b
15b1171d0ecd11971b3e1a151b3b12f9
114e10c01505197c162e11fb11c71df2
0bed0a5118d413d219e1152b10320fd0
14c81137188e138c16c90bfb133712d5
181c14940e13119f19821d8a09061081
13d41565102b157f1841131f16d91112
168d163e10d6116c12bc108419271294
197c134d101e16c0119413c211781707
0fe7108e0ccc0fbc139a157e12f21000
149b1b5e13c41ac0103b105113e224c1
107712bd132f11c1174f10f50e691216
15290fed10da0f0c0e8515de1acc1433
156217b911160edf16c0121217a115b3
141f18581332111710440ea50b9c0f15
16fd17e2174215d70f1a0b6a11530fca
12cf132013681c9215251330113c13a3
1620179718bb14121196159113340e98
1359136b194719d01452104513ac13b7
1cd3197b180512791ac416ee142f0feb
1fbd1276119e0f1b10ac144e112a1dbc
13f00fe1128517dd1e3814ad12ea0eaa
193f25ae1633145514031afb0e331569
111a132d150c1ddf15ad1664189312b6
105c106f12eb1dfe13b4140a149f0e5f
149915f413ce11cb1bf713b2169c12ac
122d14881a52122a12b712160f121150
1655131d104f154d102418351c9b1008
127318e71c8511fa1735156f22e7198e
13cc0fea105b0d5f107e1655147f1204
12ca17ba114b1676119410a6158a14a4
0ee10bec0d571a2f15e211700f5013a4
00000000000000000000000000000000
00000000000000000000000000000000
00000000000000000000000000000000
00000000000000000000000000000000
00000000000000000000000000000000
00000000000000000000000000000000
00000000000000000000000000000000
00000000000000000000000000000000
00000000000000000000000000000000
00000000000000000000000000000000
00000000000000000000000000000000
00000000000000000000000000000000
00000000000000000000000000000000
00000000000000000000000000000000
00000000000000000000000000000000
00000000000000000000000000000000
00000000000000000000000000000000
00000000000000000000000000000000
00000000000000000000000000000000
00000000000000000000000000000000
00000000000000000000000000000000
00000000000000000000000000000000
00000000000000000000000000000000
00000000000000000000000000000000
00000000000000000000000000000000
00000000000000000000000000000000
00000000000000000000000000000000
00000000000000000000000000000000
00000000000000000000000000000000
00000000000000000000000000000000
00000000000000000000000000000000
00000000000000000000000000000000
3fefeff0d2000cea2ff1840f13dad111
2002eb221d2e21fe007234442fbd2fe2
00000000000000000000000000000000
00000000000000000000000000000000
00000000000000000000000000000000
00000000000000000000000000000000
00000000000000000000000000000000
00000000000000000000000000000000
00000000000000000000000000000000
00000000000000000000000000000000
00000000000000000000000000000000
00000000000000000000000000000000
00000000000000000000000000000000
00000000000000000000000000000000
00000000000000000000000000000000
00000000000000000000000000000000
00000000000000000000000000000000
00000000000000000000000000000000
00000000000000000000000000000000
00000000000000000000000000000000
00000000000000000000000000000000
00000000000000000000000000000000
00000000000000000000000000000000
00000000000000000000000000000000
00000000000000000000000000000000
00000000000000000000000000000000
00000000000000000000000000000000
00000000000000000000000000000000
00000000000000000000000000000000
00000000000000000000000000000000
00000000000000000000000000000000
00000000000000000000000000000000
00000000000000000000000000000000
00000000000000000000000000000000
00000000000000000000000000000000
00000000000000000000000000000000
00000000000000000000000000000000
00000000000000000000000000000000
00000000000000000000000000000000
00000000000000000000000000000000
00000000000000000000000000000000
00000000000000000000000000000000
00000000000000000000000000000000
00000000000000000000000000000000
00000000000000000000000000000000
00000000000000000000000000000000
00000000000000000000000000000000
00000000000000000000000000000000
00000000000000000000000000000000
00000000000000000000000000000000
00000000000000000000000000000000
00000000000000000000000000000000
00000000000000000000000000000000
00000000000000000000000000000000
00000000000000000000000000000000
00000000000000000000000000000000
00000000000000000000000000000000
00000000000000000000000000000000
00000000000000000000000000000000
00000000000000000000000000000000
00000000000000000000000000000000
00000000000000000000000000000000
00000000000000000000000000000000
00000000000000000000000000000000
08fbfff0057ffdd2eeffbf021aed1b7d
2e3df0febd323ee3908afd9e0114a04f
00000000000000000000000000000000
00000000000000000000000000000000
00000000000000000000000000000000
00000000000000000000000000000000
00000000000000000000000000000000
00000000000000000000000000000000
00000000000000000000000000000000
00000000000000000000000000000000
00000000000000000000000000000000
00000000000000000000000000000000
00000000000000000000000000000000
00000000000000000000000000000000
00000000000000000000000000000000
00000000000000000000000000000000
00000000000000000000000000000000
00000000000000000000000000000000
00000000000000000000000000000000
00000000000000000000000000000000
00000000000000000000000000000000
00000000000000000000000000000000
00000000000000000000000000000000
00000000000000000000000000000000
00000000000000000000000000000000
00000000000000000000000000000000
00000000000000000000000000000000
00000000000000000000000000000000
00000000000000000000000000000000
00000000000000000000000000000000
00000000000000000000000000000000
00000000000000000000000000000000
00000000000000000000000000000000
00000000000000000000000000000000
00000000000000000000000000000000
00000000000000000000000000000000
00000000000000000000000000000000
00000000000000000000000000000000
00000000000000000000000000000000
00000000000000000000000000000000
00000000000000000000000000000000
00000000000000000000000000000000
00000000000000000000000000000000
00000000000000000000000000000000
00000000000000000000000000000000
00000000000000000000000000000000
00000000000000000000000000000000
00000000000000000000000000000000
00000000000000000000000000000000
00000000000000000000000000000000
00000000000000000000000000000000
00000000000000000000000000000000
00000000000000000000000000000000
00000000000000000000000000000000
00000000000000000000000000000000
00000000000000000000000000000000
00000000000000000000000000000000
00000000000000000000000000000000
00000000000000000000000000000000
00000000000000000000000000000000
00000000000000000000000000000000
00000000000000000000000000000000
00000000000000000000000000000000
00000000000000000000000000000000
9ffafe3241fac2541c5458d0ddf4cbc1
b099d31c726403119a9bbd8ae6e3a3d0
00000000000000000000000000000000
00000000000000000000000000000000
00000000000000000000000000000000
00000000000000000000000000000000
00000000000000000000000000000000
00000000000000000000000000000000
00000000000000000000000000000000
00000000000000000000000000000000
00000000000000000000000000000000
00000000000000000000000000000000
00000000000000000000000000000000
00000000000000000000000000000000
00000000000000000000000000000000
00000000000000000000000000000000
00000000000000000000000000000000
00000000000000000000000000000000
00000000000000000000000000000000
00000000000000000000000000000000
00000000000000000000000000000000
00000000000000000000000000000000
00000000000000000000000000000000
00000000000000000000000000000000
00000000000000000000000000000000
00000000000000000000000000000000
00000000000000000000000000000000
00000000000000000000000000000000
00000000000000000000000000000000
00000000000000000000000000000000
00000000000000000000000000000000
00000000000000000000000000000000
00000000000000000000000000000000
00000000000000000000000000000000
00000000000000000000000000000000
00000000000000000000000000000000
00000000000000000000000000000000
00000000000000000000000000000000
00000000000000000000000000000000
00000000000000000000000000000000
00000000000000000000000000000000
00000000000000000000000000000000
00000000000000000000000000000000
00000000000000000000000000000000
00000000000000000000000000000000
00000000000000000000000000000000
00000000000000000000000000000000
00000000000000000000000000000000
00000000000000000000000000000000
00000000000000000000000000000000
00000000000000000000000000000000
00000000000000000000000000000000
00000000000000000000000000000000
00000000000000000000000000000000
00000000000000000000000000000000
00000000000000000000000000000000
00000000000000000000000000000000
00000000000000000000000000000000
00000000000000000000000000000000
00000000000000000000000000000000
00000000000000000000000000000000
00000000000000000000000000000000
00000000000000000000000000000000
00000000000000000000000000000000
cf01114422111d441f207e30ed1c201e
b018d64df24132f2fcefb18a2f67a33d
00000000000000000000000000000000
00000000000000000000000000000000
00000000000000000000000000000000
00000000000000000000000000000000
00000000000000000000000000000000
00000000000000000000000000000000
00000000000000000000000000000000
00000000000000000000000000000000
00000000000000000000000000000000
00000000000000000000000000000000
00000000000000000000000000000000
00000000000000000000000000000000
00000000000000000000000000000000
00000000000000000000000000000000
00000000000000000000000000000000
00000000000000000000000000000000
00000000000000000000000000000000
00000000000000000000000000000000
00000000000000000000000000000000
00000000000000000000000000000000
00000000000000000000000000000000
00000000000000000000000000000000
00000000000000000000000000000000
00000000000000000000000000000000
00000000000000000000000000000000
00000000000000000000000000000000
00000000000000000000000000000000
00000000000000000000000000000000
00000000000000000000000000000000
00000000000000000000000000000000
00000000000000000000000000000000
00000000000000000000000000000000
00000000000000000000000000000000
00000000000000000000000000000000
00000000000000000000000000000000
00000000000000000000000000000000
00000000000000000000000000000000
00000000000000000000000000000000
00000000000000000000000000000000
00000000000000000000000000000000
00000000000000000000000000000000
00000000000000000000000000000000
00000000000000000000000000000000
00000000000000000000000000000000
00000000000000000000000000000000
00000000000000000000000000000000
00000000000000000000000000000000
00000000000000000000000000000000
00000000000000000000000000000000
00000000000000000000000000000000
00000000000000000000000000000000
00000000000000000000000000000000
00000000000000000000000000000000
00000000000000000000000000000000
00000000000000000000000000000000
00000000000000000000000000000000
00000000000000000000000000000000
00000000000000000000000000000000
00000000000000000000000000000000
00000000000000000000000000000000
00000000000000000000000000000000
00000000000000000000000000000000
009700a5008d00ac009700b60077008c
00000000000000000000000000000000
00000000000000000000000000000000
00000000000000000000000000000000
00000000000000000000000000000000
00000000000000000000000000000000
00000000000000000000000000000000
00000000000000000000000000000000
00000000000000000000000000000000
00000000000000000000000000000000
00000000000000000000000000000000
00000000000000000000000000000000
00000000000000000000000000000000
00000000000000000000000000000000
00000000000000000000000000000000
00000000000000000000000000000000
00000000000000000000000000000000
00000000000000000000000000000000
00000000000000000000000000000000
00000000000000000000000000000000
00000000000000000000000000000000
00000000000000000000000000000000
00000000000000000000000000000000
00000000000000000000000000000000
00000000000000000000000000000000
00000000000000000000000000000000
00000000000000000000000000000000
00000000000000000000000000000000
00000000000000000000000000000000
00000000000000000000000000000000
00000000000000000000000000000000
00000000000000000000000000000000
00000000000000000000000000000000
00000000000000000000000000000000
00000000000000000000000000000000
00000000000000000000000000000000
00000000000000000000000000000000
00000000000000000000000000000000
00000000000000000000000000000000
00000000000000000000000000000000
00000000000000000000000000000000
00000000000000000000000000000000
00000000000000000000000000000000
00000000000000000000000000000000
00000000000000000000000000000000
00000000000000000000000000000000
00000000000000000000000000000000
00000000000000000000000000000000
00000000000000000000000000000000
00000000000000000000000000000000
00000000000000000000000000000000
00000000000000000000000000000000
00000000000000000000000000000000
00000000000000000000000000000000
00000000000000000000000000000000
00000000000000000000000000000000
00000000000000000000000000000000
00000000000000000000000000000000
00000000000000000000000000000000
00000000000000000000000000000000
00000000000000000000000000000000
00000000000000000000000000000000
00000000000000000000000000000000
00000000000000000000000000000000
c05e31f16d110d5d43cee8bf1a04830d
2f6154fe1dfe0417b7bd03348e8f05f2
00000000000000000000000000000000
00000000000000000000000000000000
00000000000000000000000000000000
00000000000000000000000000000000
00000000000000000000000000000000
00000000000000000000000000000000
00000000000000000000000000000000
00000000000000000000000000000000
00000000000000000000000000000000
00000000000000000000000000000000
00000000000000000000000000000000
00000000000000000000000000000000
00000000000000000000000000000000
00000000000000000000000000000000
00000000000000000000000000000000
00000000000000000000000000000000
00000000000000000000000000000000
00000000000000000000000000000000
00000000000000000000000000000000
00000000000000000000000000000000
00000000000000000000000000000000
00000000000000000000000000000000
00000000000000000000000000000000
00000000000000000000000000000000
00000000000000000000000000000000
00000000000000000000000000000000
00000000000000000000000000000000
00000000000000000000000000000000
00000000000000000000000000000000
00000000000000000000000000000000
00000000000000000000000000000000
00000000000000000000000000000000
00000000000000000000000000000000
00000000000000000000000000000000
00000000000000000000000000000000
00000000000000000000000000000000
00000000000000000000000000000000
00000000000000000000000000000000
00000000000000000000000000000000
00000000000000000000000000000000
00000000000000000000000000000000
00000000000000000000000000000000
00000000000000000000000000000000
00000000000000000000000000000000
00000000000000000000000000000000
00000000000000000000000000000000
00000000000000000000000000000000
00000000000000000000000000000000
00000000000000000000000000000000
00000000000000000000000000000000
00000000000000000000000000000000
00000000000000000000000000000000
00000000000000000000000000000000
00000000000000000000000000000000
00000000000000000000000000000000
00000000000000000000000000000000
00000000000000000000000000000000
00000000000000000000000000000000
00000000000000000000000000000000
00000000000000000000000000000000
00000000000000000000000000000000
00000000000000000000000000000000
d21e123321523c211ca22beec8bdf01e
eb61fff1d0d217940f2f2020e3c12f73
00000000000000000000000000000000
00000000000000000000000000000000
00000000000000000000000000000000
00000000000000000000000000000000
00000000000000000000000000000000
00000000000000000000000000000000
00000000000000000000000000000000
00000000000000000000000000000000
00000000000000000000000000000000
00000000000000000000000000000000
00000000000000000000000000000000
00000000000000000000000000000000
00000000000000000000000000000000
00000000000000000000000000000000
00000000000000000000000000000000
00000000000000000000000000000000
00000000000000000000000000000000
00000000000000000000000000000000
00000000000000000000000000000000
00000000000000000000000000000000
00000000000000000000000000000000
00000000000000000000000000000000
00000000000000000000000000000000
00000000000000000000000000000000
00000000000000000000000000000000
00000000000000000000000000000000
00000000000000000000000000000000
00000000000000000000000000000000
00000000000000000000000000000000
00000000000000000000000000000000
00000000000000000000000000000000
00000000000000000000000000000000
00000000000000000000000000000000
00000000000000000000000000000000
00000000000000000000000000000000
00000000000000000000000000000000
00000000000000000000000000000000
00000000000000000000000000000000
00000000000000000000000000000000
00000000000000000000000000000000
00000000000000000000000000000000
00000000000000000000000000000000
00000000000000000000000000000000
00000000000000000000000000000000
00000000000000000000000000000000
00000000000000000000000000000000
00000000000000000000000000000000
00000000000000000000000000000000
00000000000000000000000000000000
00000000000000000000000000000000
00000000000000000000000000000000
00000000000000000000000000000000
00000000000000000000000000000000
00000000000000000000000000000000
00000000000000000000000000000000
00000000000000000000000000000000
00000000000000000000000000000000
00000000000000000000000000000000
00000000000000000000000000000000
00000000000000000000000000000000
00000000000000000000000000000000
00000000000000000000000000000000
2472400270b6da274e1e7e56b0be4c30
101f5301fdcb048efdc108fcd022fe01
00000000000000000000000000000000
00000000000000000000000000000000
00000000000000000000000000000000
00000000000000000000000000000000
00000000000000000000000000000000
00000000000000000000000000000000
00000000000000000000000000000000
00000000000000000000000000000000
00000000000000000000000000000000
00000000000000000000000000000000
00000000000000000000000000000000
00000000000000000000000000000000
00000000000000000000000000000000
00000000000000000000000000000000
00000000000000000000000000000000
00000000000000000000000000000000
00000000000000000000000000000000
00000000000000000000000000000000
00000000000000000000000000000000
00000000000000000000000000000000
00000000000000000000000000000000
00000000000000000000000000000000
00000000000000000000000000000000
00000000000000000000000000000000
00000000000000000000000000000000
00000000000000000000000000000000
00000000000000000000000000000000
00000000000000000000000000000000
00000000000000000000000000000000
00000000000000000000000000000000
00000000000000000000000000000000
00000000000000000000000000000000
00000000000000000000000000000000
00000000000000000000000000000000
00000000000000000000000000000000
00000000000000000000000000000000
00000000000000000000000000000000
00000000000000000000000000000000
00000000000000000000000000000000
00000000000000000000000000000000
00000000000000000000000000000000
00000000000000000000000000000000
00000000000000000000000000000000
00000000000000000000000000000000
00000000000000000000000000000000
00000000000000000000000000000000
00000000000000000000000000000000
00000000000000000000000000000000
00000000000000000000000000000000
00000000000000000000000000000000
00000000000000000000000000000000
00000000000000000000000000000000
00000000000000000000000000000000
00000000000000000000000000000000
00000000000000000000000000000000
00000000000000000000000000000000
00000000000000000000000000000000
00000000000000000000000000000000
00000000000000000000000000000000
00000000000000000000000000000000
00000000000000000000000000000000
00000000000000000000000000000000
00fd11fc52127e35eb025abd7bf00b0d
78440011ceb1bf04d4f1fa45e29e3237
00000000000000000000000000000000
00000000000000000000000000000000
00000000000000000000000000000000
00000000000000000000000000000000
00000000000000000000000000000000
00000000000000000000000000000000
00000000000000000000000000000000
00000000000000000000000000000000
00000000000000000000000000000000
00000000000000000000000000000000
00000000000000000000000000000000
00000000000000000000000000000000
00000000000000000000000000000000
00000000000000000000000000000000
00000000000000000000000000000000
00000000000000000000000000000000
00000000000000000000000000000000
00000000000000000000000000000000
00000000000000000000000000000000
00000000000000000000000000000000
00000000000000000000000000000000
00000000000000000000000000000000
00000000000000000000000000000000
00000000000000000000000000000000
00000000000000000000000000000000
00000000000000000000000000000000
00000000000000000000000000000000
00000000000000000000000000000000
00000000000000000000000000000000
00000000000000000000000000000000
00000000000000000000000000000000
00000000000000000000000000000000
00000000000000000000000000000000
00000000000000000000000000000000
00000000000000000000000000000000
00000000000000000000000000000000
00000000000000000000000000000000
00000000000000000000000000000000
00000000000000000000000000000000
00000000000000000000000000000000
00000000000000000000000000000000
00000000000000000000000000000000
00000000000000000000000000000000
00000000000000000000000000000000
00000000000000000000000000000000
00000000000000000000000000000000
00000000000000000000000000000000
00000000000000000000000000000000
00000000000000000000000000000000
00000000000000000000000000000000
00000000000000000000000000000000
00000000000000000000000000000000
00000000000000000000000000000000
00000000000000000000000000000000
00000000000000000000000000000000
00000000000000000000000000000000
00000000000000000000000000000000
00000000000000000000000000000000
00000000000000000000000000000000
00000000000000000000000000000000
00000000000000000000000000000000
00000000000000000000000000000000
027d038b031e0338023c020b03fb03c4
00000000000000000000000000000000
00000000000000000000000000000000
00000000000000000000000000000000
00000000000000000000000000000000
00000000000000000000000000000000
00000000000000000000000000000000
00000000000000000000000000000000
00000000000000000000000000000000
00000000000000000000000000000000
00000000000000000000000000000000
00000000000000000000000000000000
00000000000000000000000000000000
00000000000000000000000000000000
00000000000000000000000000000000
00000000000000000000000000000000
00000000000000000000000000000000
00000000000000000000000000000000
00000000000000000000000000000000
00000000000000000000000000000000
00000000000000000000000000000000
00000000000000000000000000000000
00000000000000000000000000000000
00000000000000000000000000000000
00000000000000000000000000000000
00000000000000000000000000000000
00000000000000000000000000000000
00000000000000000000000000000000
00000000000000000000000000000000
00000000000000000000000000000000
00000000000000000000000000000000
00000000000000000000000000000000
00000000000000000000000000000000
00000000000000000000000000000000
00000000000000000000000000000000
00000000000000000000000000000000
00000000000000000000000000000000
00000000000000000000000000000000
00000000000000000000000000000000
00000000000000000000000000000000
00000000000000000000000000000000
00000000000000000000000000000000
00000000000000000000000000000000
00000000000000000000000000000000
00000000000000000000000000000000
00000000000000000000000000000000
00000000000000000000000000000000
00000000000000000000000000000000
00000000000000000000000000000000
00000000000000000000000000000000
00000000000000000000000000000000
00000000000000000000000000000000
00000000000000000000000000000000
00000000000000000000000000000000
00000000000000000000000000000000
00000000000000000000000000000000
00000000000000000000000000000000
00000000000000000000000000000000
00000000000000000000000000000000
00000000000000000000000000000000
00000000000000000000000000000000
00000000000000000000000000000000
00000000000000000000000000000000
00000000000000000000000000000000
00000000000000000000000000000000
00000000000000000000000000000000
00000000000000000000000000000000
00000000000000000000000000000000
00000000000000000000000000000000
00000000000000000000000000000000
00000000000000000000000000000000
00000000000000000000000000000000
00000000000000000000000000000000
00000000000000000000000000000000
00000000000000000000000000000000
00000000000000000000000000000000
00000000000000000000000000000000
00000000000000000000000000000000
00000000000000000000000000000000
00000000000000000000000000000000
00000000000000000000000000000000
00000000000000000000000000000000
00000000000000000000000000000000
00000000000000000000000000000000
00000000000000000000000000000000
00000000000000000000000000000000
00000000000000000000000000000000
00000000000000000000000000000000
00000000000000000000000000000000
00000000000000000000000000000000
00000000000000000000000000000000
00000000000000000000000000000000
00000000000000000000000000000000
00000000000000000000000000000000
00000000000000000000000000000000
00000000000000000000000000000000
00000000000000000000000000000000
00000000000000000000000000000000
00000000000000000000000000000000
00000000000000000000000000000000
00000000000000000000000000000000
00000000000000000000000000000000
00000000000000000000000000000000
00000000000000000000000000000000
00000000000000000000000000000000
00000000000000000000000000000000
00000000000000000000000000000000
00000000000000000000000000000000
00000000000000000000000000000000
00000000000000000000000000000000
00000000000000000000000000000000
00000000000000000000000000000000
00000000000000000000000000000000
00000000000000000000000000000000
00000000000000000000000000000000
00000000000000000000000000000000
00000000000000000000000000000000
00000000000000000000000000000000
00000000000000000000000000000000
00000000000000000000000000000000
00000000000000000000000000000000
00000000000000000000000000000000
00000000000000000000000000000000
00000000000000000000000000000000
00000000000000000000000000000000
00000000000000000000000000000000
00000000000000000000000000000000
00000000000000000000000000000000
00000000000000000000000000000000
00000000000000000000000000000000
00000000000000000000000000000000
00000000000000000000000000000000
00000000000000000000000000000000
00000000000000000000000000000000
00000000000000000000000000000000
00000000000000000000000000000000
00000000000000000000000000000000
00000000000000000000000000000000
00000000000000000000000000000000
00000000000000000000000000000000
00000000000000000000000000000000
00000000000000000000000000000000
00000000000000000000000000000000
00000000000000000000000000000000
00000000000000000000000000000000
00000000000000000000000000000000
00000000000000000000000000000000
00000000000000000000000000000000
00000000000000000000000000000000
00000000000000000000000000000000
00000000000000000000000000000000
00000000000000000000000000000000
00000000000000000000000000000000
00000000000000000000000000000000
00000000000000000000000000000000
00000000000000000000000000000000
00000000000000000000000000000000
00000000000000000000000000000000
00000000000000000000000000000000
00000000000000000000000000000000
00000000000000000000000000000000
00000000000000000000000000000000
00000000000000000000000000000000
00000000000000000000000000000000
00000000000000000000000000000000
00000000000000000000000000000000
00000000000000000000000000000000
00000000000000000000000000000000
00000000000000000000000000000000
00000000000000000000000000000000
00000000000000000000000000000000
00000000000000000000000000000000
00000000000000000000000000000000
00000000000000000000000000000000
00000000000000000000000000000000
00000000000000000000000000000000
00000000000000000000000000000000
00000000000000000000000000000000
00000000000000000000000000000000
00000000000000000000000000000000
00000000000000000000000000000000
00000000000000000000000000000000
00000000000000000000000000000000
00000000000000000000000000000000
00000000000000000000000000000000
00000000000000000000000000000000
00000000000000000000000000000000
00000000000000000000000000000000
00000000000000000000000000000000
00000000000000000000000000000000
00000000000000000000000000000000
00000000000000000000000000000000
00000000000000000000000000000000
00000000000000000000000000000000
00000000000000000000000000000000
00000000000000000000000000000000
00000000000000000000000000000000
00000000000000000000000000000000
00000000000000000000000000000000
00000000000000000000000000000000
00000000000000000000000000000000
00000000000000000000000000000000
00000000000000000000000000000000
00000000000000000000000000000000
00000000000000000000000000000000
00000000000000000000000000000000
00000000000000000000000000000000
00000000000000000000000000000000
00000000000000000000000000000000
00000000000000000000000000000000
00000000000000000000000000000000
00000000000000000000000000000000
00000000000000000000000000000000
00000000000000000000000000000000
00000000000000000000000000000000
00000000000000000000000000000000
00000000000000000000000000000000
00000000000000000000000000000000
00000000000000000000000000000000
00000000000000000000000000000000
00000000000000000000000000000000
00000000000000000000000000000000
00000000000000000000000000000000
00000000000000000000000000000000
00000000000000000000000000000000
00000000000000000000000000000000
00000000000000000000000000000000
00000000000000000000000000000000
00000000000000000000000000000000
00000000000000000000000000000000
00000000000000000000000000000000
00000000000000000000000000000000
00000000000000000000000000000000
00000000000000000000000000000000
00000000000000000000000000000000
00000000000000000000000000000000
00000000000000000000000000000000
00000000000000000000000000000000
00000000000000000000000000000000
00000000000000000000000000000000
00000000000000000000000000000000
00000000000000000000000000000000
00000000000000000000000000000000
00000000000000000000000000000000
00000000000000000000000000000000
00000000000000000000000000000000
00000000000000000000000000000000
00000000000000000000000000000000
00000000000000000000000000000000
00000000000000000000000000000000
00000000000000000000000000000000
00000000000000000000000000000000
00000000000000000000000000000000
00000000000000000000000000000000
00000000000000000000000000000000
00000000000000000000000000000000
00000000000000000000000000000000
00000000000000000000000000000000
00000000000000000000000000000000
00000000000000000000000000000000
00000000000000000000000000000000
00000000000000000000000000000000
00000000000000000000000000000000
00000000000000000000000000000000
00000000000000000000000000000000
00000000000000000000000000000000
00000000000000000000000000000000
00000000000000000000000000000000
00000000000000000000000000000000
00000000000000000000000000000000
00000000000000000000000000000000
00000000000000000000000000000000
00000000000000000000000000000000
00000000000000000000000000000000
00000000000000000000000000000000
00000000000000000000000000000000
00000000000000000000000000000000
00000000000000000000000000000000
00000000000000000000000000000000
00000000000000000000000000000000
00000000000000000000000000000000
00000000000000000000000000000000
00000000000000000000000000000000
00000000000000000000000000000000
00000000000000000000000000000000
00000000000000000000000000000000
00000000000000000000000000000000
00000000000000000000000000000000
00000000000000000000000000000000
00000000000000000000000000000000
00000000000000000000000000000000
00000000000000000000000000000000
00000000000000000000000000000000
00000000000000000000000000000000
00000000000000000000000000000000
00000000000000000000000000000000
00000000000000000000000000000000
00000000000000000000000000000000
00000000000000000000000000000000
00000000000000000000000000000000
00000000000000000000000000000000
00000000000000000000000000000000
00000000000000000000000000000000
00000000000000000000000000000000
00000000000000000000000000000000
00000000000000000000000000000000
00000000000000000000000000000000
00000000000000000000000000000000
00000000000000000000000000000000
00000000000000000000000000000000
00000000000000000000000000000000
00000000000000000000000000000000
00000000000000000000000000000000
00000000000000000000000000000000
00000000000000000000000000000000
00000000000000000000000000000000
00000000000000000000000000000000
00000000000000000000000000000000
00000000000000000000000000000000
00000000000000000000000000000000
00000000000000000000000000000000
00000000000000000000000000000000
00000000000000000000000000000000
00000000000000000000000000000000
00000000000000000000000000000000
00000000000000000000000000000000
00000000000000000000000000000000
00000000000000000000000000000000
00000000000000000000000000000000
00000000000000000000000000000000
00000000000000000000000000000000
00000000000000000000000000000000
00000000000000000000000000000000
00000000000000000000000000000000
00000000000000000000000000000000
00000000000000000000000000000000
00000000000000000000000000000000
00000000000000000000000000000000
00000000000000000000000000000000
00000000000000000000000000000000
00000000000000000000000000000000
00000000000000000000000000000000
00000000000000000000000000000000
00000000000000000000000000000000
00000000000000000000000000000000
00000000000000000000000000000000
00000000000000000000000000000000
00000000000000000000000000000000
00000000000000000000000000000000
00000000000000000000000000000000
00000000000000000000000000000000
00000000000000000000000000000000
00000000000000000000000000000000
00000000000000000000000000000000
00000000000000000000000000000000
00000000000000000000000000000000
00000000000000000000000000000000
00000000000000000000000000000000
00000000000000000000000000000000
00000000000000000000000000000000
00000000000000000000000000000000
00000000000000000000000000000000
00000000000000000000000000000000
00000000000000000000000000000000
00000000000000000000000000000000
00000000000000000000000000000000
00000000000000000000000000000000
00000000000000000000000000000000
00000000000000000000000000000000
00000000000000000000000000000000
00000000000000000000000000000000
00000000000000000000000000000000
00000000000000000000000000000000
00000000000000000000000000000000
00000000000000000000000000000000
00000000000000000000000000000000
00000000000000000000000000000000
00000000000000000000000000000000
00000000000000000000000000000000
00000000000000000000000000000000
00000000000000000000000000000000
00000000000000000000000000000000
00000000000000000000000000000000
00000000000000000000000000000000
c02e1ef3e4d31c92d4d70115105050b8
0f115ff2c0541d804142d11f1d002200
0e72002f3ff1141de1e25f21d212d00e
a01efca36be4d9c81c6f342226edbe79
fef077e530ee0ffe2cff2f100f00fff2
7414f1f0011f340100001537ffff1011
0f002011010e10101eff01d02f216247
72233100ff2f721600217f6ef01e0001
2705fe2cf20c021df7d22ce34fd3d313
dedd00fd11f2fd8de0fdfce83cfd4133
e32d012d0e13ee50c0171fde1511d998
908af2ff1f01dae83210aec0f0215134
ce4ee640c70f403d0511df2fdefb74c2
1aa4b12a8312ff305f0d6ccbc4639a74
61d2179000fd01c1dfde65fd31573e2f
ddee6962d6cf331b3bcf1dbe597feb24
7dfd1ff32e11561d6acd3107ed9fd2e0
dbfddf8331106176cef3d02be5b2f211
3e63d10bd07c3478410aff9f58210364
f34f0e41006e4e65beef20c3d1b0d47b
f3283fee2fc34a5206224f424e32a302
1cfef3e221d2335441e81002b121204f
c6200dff227b29ded52c390f41a7fffc
f2ebc82373e004045e1510a00fa5f101
1b1f6121142b02f7230f964243d302fe
1fc155142fe5bc3e573e50dff5d7a1fc
be40e7175004b79afeff15adee03a1f1
63d3f0fed0e2c20ba20082ef6d000042
ddff04272bfc3d24ee6742eb22f43c63
7e2704feccbef13dd1b5e1d6b7a43980
155d8105a33ef5f1633201c32217c3e3
05ce0d012c66110f4503278e206fdbee
304ec9ef3c0c219b17851000a044f2ef
21dd5b0ffba2113f238e153cc1f0d100
1b3f300e338212113e05b23f1def21c1
eeff1dde9c51324b2135b8cd63e1237e
5c2fe2cbb5b3f17e42432022d6b561ef
bf2ff6b9411e4f11c732ed002140ed21
b03bf4ea1d201a1020dc4df066f380f2
100d42868e31e21f4704bbf516ff10e1
fef1fa3fb1b33d1e3cfc7e1f40ab3a0f
0101282f6cb21547e3e4fa19fe1e3200
607b2f5453ef24bd02e62f94e4dc5737
0de35ddb12925352fdad31bfdf0ef27f
012b1263c5fe1612ee814e200d000ffd
4f2e2f671081dfedf31e14ff0dfbee02
e8531bfc220fb0b3c24be5701bf3be00
315fdfafd03cafedd3e06f012228f3ed
e1cd11efc23e22337564b3007f2dd209
e30058c310c1bebd1f62f1f55fc60cc1
0bf14f04ef11c70de72b3c28ee6321ee
40bff3d7e354ded024d2cde05a1e1142
e3edc2fbf2d0b1a00822f1ffe1f4cee6
80d303dfaf2034f0f0c0f9f96ff2afbc
0e71e44aebd70575fef114004d1df040
02d2041aef2501f42701ceded0f5c381
2ef17325111f0ef0020f0ff100f01031
47640113ff037555101e5634fe02100f
011f6155012f0fe0002fef210fed6772
4454f1f02f156076f12f412510f00f10
001fdef12e121cfb0717fc0e04ff421f
220c0c21d17efe3feeeeafd018362140
e11defd00fee73214ffbd133dc0225ff
0d11ee93b5fec30e9c2d7d0f012ebf8e
ef108eddf102e030123f1fff0e100d33
29fe11b11d05d1f2e5eed00de2f17517
000f0de8fff10fd210030edef01f1103
0dc00f0fe1fc40c61fb012e8f1e130f3
93ace2cf41ddcf4f4ff313def320179d
d304c2f1302e124029601040f2814627
4c61f71e152acd4111cf3f61f76a7774
e516d11fc0811154cc7c614400d0efd4
0f33f22dec21d71001e76702020f3f02
cbcf91e2e7141162203f0230c4c016f2
2d6933123f7f92c1ee080e7d481e1d30
760fe4f2e1510753e153410025fcff3f
ce8e1ce4f5dfbc5f22e1c3322431fcae
71394cc0032bcbdc42ee63ffea03001c
7e253270d2d1644ddd50520093d3d9af
ef1df1055becefbc3e64ee1bee52b71d
21cb0df111df13097a3c1b30e3fc0728
fe0e85ef4fbc4f2f3ea4a40c1018cd18
3f7ee130a102cc02211e310c01d320f3
31101f1e12d0ecff8efcee411e31ef2a
a2e20e8e0ca4920450eccb02c17461d4
fe41020f421fe0ffd4cfd8d010d1f346
ece411fdd70ee11759cee4e3d009e2de
e2df3edf12f31a09894d1cdd4e1f10e2
2c650dfde24dff1f71ed021e12103f85
09f6c47033065222126dbfce11b01301
001c4055932a12ebd4bb0bde16b8234f
1043e9ffc65f3334191fc82d2ff840d1
f0f1e611e2ffe4135027e111df02f3e1
0feff481f6eed50f0791e20534f241f5
3febde23e030218cf2f12012f633381e
02483040ecf02322f0f4342430330622
0a771eb2ea20523bafbd0e4dd1100e03
3200e30de1e25e1ffc7e1032fe40fe1d
eeeb0dee1bd4d21ea03133172423001d
31f0edfb12843b2bd011183501d16aed
10f6e18cd3e7d200ef0935e72043fe4f
0e1f1501112fc05ccf2f84edf241dff0
fd1fed07ff4c4f0d11210e010e2f0ee7
7246fe500d1d82d1d30f7734408ef111
00f07636fe30e20ff30ee3f12010e202
062011100010f0011ff04f47010f1002
2f0f1f0200f0fffe0f1001010fff7227
12400f011f010076fe117006f100ff2f
1d1fc920bed230514b21057b7d1c3343
3e321df72ec4ef7334ef1fdfbdf22235
410e27d5ee1742aa97232ee0002fe1fd
2ef1257e0e1df24e6ee00fefd20efdb2
fb025714af37043b11dc110231f4efe1
0f224d05fc6e10fc5dc45c2c078e33f2
0d1f535cd8fee092f6dcb2dfe3f04fe1
12fd0f43d41721e2d2510d133f41d40d
04e1011ff14402ed34e3a1ae00de0627
0e0b4e0101006222c1522de3478f5211
123020e2aae11f4eae77fd5ffd233010
214ed26beff341672f0e3cddd1fe4210
0edcde011e2f224a7576dc051807c51c
240fd4c431453d54934e1ef0484c33ce
0f0fd70ec65e10b8ad262a73f30247e2
d7f21749eff83132a0f2e2321c019bff
2e0b1a1873594b4bff17c273eb74efdf
e0db3204d6e5fd2300001071ee82533f
ce127e24532d62e1422802033f2b2d50
00218e01041f2e211411ed2412127d1f
849dc5bfc4def3cd561bcf11322900ef
ea0725f6c1becc9af61fe6dc151562f7
1162d1e417cd1ef1f46ded35ee231f01
e0f00cd05ec8cdfe17ff30fef11cfceb
3f5321ed090b1c2fd501a8ef1c1040d4
df0cc71fc13f16ecddb11b112b26ce53
1a3ebddf3d21fc11432e40fc7d14e3bf
ddeeff0c001320008ea0dcbd2fd04fd0
bd1f12dc4edee71e1e0012c1f0af1f1b
0ff17e90840d7f60833cf435174f4e00
1ece4e02c0e51c71ea44183041e22327
360d477fac05f0d1d7f65d400c7cbe2d
bebd3f02acaaac98fbaaffb2a9c9d8cb
0300abc9fbc83010ceadd23fbcb9fde6
fcbce121bcdde9cbbbddcbcc8ba9123f
2414eafab9ad2e71ccb80410bcebec0d
c21ee0d01f112cfb473e0039ed30feba
5e0b133df3c21c3f7033de2b3400bb98
3aa281f705b914c0edc2133b3bddc0ff
d2eefa0f0001efdbee2e1311280022eb
0eec8ffb20130e2ffd50a10eef30f0ef
3defddc7f10134074f6effce0d2c2f24
80dfd30cd3ed90402003fce0f111e6aa
ddf133140147f227cbb0c21cbc92505d
c1ff2132eed28e8c03f52101e92c5cd1
0227ec3923023f233f212ef229ef70cb
8b3a21433ba98e2104eaccd8dda1f652
f3115de2a8ff3201e01ff002cee000f1
2072fc323e4ff41113f44217f041300f
1f02e7d5e5c63300b217feeb6e1af4b7
e2caab1f0fefe4d83e22e9e1fd4a0fff
5f5ccf4101d80f34ff09f2e41f4cdf11
311f1e8ee0d410bc4fe026dff191face
3f611ed26f501747feebcbffc47637c5
832d22e4cef6c600c1155102cc23342e
002735bec59e6236bd3cdc0de4c72231
102d9daa30200000ffdb3f30eef3ef07
fc0901e03fec9d80001ccd1b00f2cdfa
41f0bff9fdcef000f313e1f0fe2eae8e
e1bb8f2e254fd1911e3445d2ff1e0b01
caef4e4e5ea5cf0effcda0d6e7203377
f213ce531434e002f03bc01fdf6740e0
113710df1220224ff0f0d210d00e1303
120272002040d114022305de14e20e01
2104cc00fc00241d1321e1373f37fd01
21ed002c2ee12346e4d21f122e71098d
f10f81ed14ff3eaef2233ed51f0bff0f
942e21fccd05234574da2d321def2000
0cb570dbfd11f0cbef770a4fdd4f1310
ff21070d131fef4123cf08f5ff36380d
58042812ffd2020af50e923a33d45e10
133cc74c910f341b21ccf2a1a21f476e
912c2eab50e238711eae8cee32f611ee
f2e03048d3f33cb9714b0dcd963fabf0
2d59b0fe03f1e211f03ef04b3f7e0cef
fffc221562edfcfd722bece1fc4bc1c0
e2158a41e1eaf511bcffd0d44fd0ec0a
7e2cf3cf2b0007f2210d2e0f00f1e0ee
fcd15c374e0df3db212f14c3ce1f5035
405fedf01fff1417c00262462f1e42fe
627ce2f01500512a76024d23ee0d03b1
11e0b110102cdf0f2b20c806d2ed05ff
842be1f7fc0e32cf1f512feef1403f1e
1705ee950ee0d2efc42743fd69b6b4ff
39e5f1fff25fdd7f06008eed2be1ec1f
23234f93f34f0f0f074e2ed47cedeb7f
f34c8cefd10d221f3c1c12ef4031d01f
d114170f7fc2ff22770aac205b50ae1c
fc01589bf4240e10a0cfbdcbedde1a31
bedb00d2f00fd301f1000b370e00f012
22f148bf0f00fff1e00ffe0fff0250d1
edf100000f0111671010092e1f010120
f540bf12700fddc04f0b4f3ae9e491b4
b3cc1bfeb2871d40bc7be9f35d7fcfde
006dd00091c22bd421021e3d70c7cef3
2fd1efcceeffa1df33303e3fd0013790
20f30fba1d0fb4ed23fe677d4deff322
cddfdcf50c38caee2ffe1fdb03200e0b
31ce9b3ae104fea51bcf5f343410c8b0
ba8b1a33a612a0890b199dcb5eecc313
d00dee8012c51c151103021fee0f11ce
8e0bff10f00f8eced412a0c3d2f17611
0000aee8f0fef2f1e0f0f0e001311dfe
1cdfeef212d2feeedfed0f8c12e330f6
2012130c8fc22d3efcde42f05de4d34f
ff12eefe130df00ff3f31710ede46f24
0e415d7637d3fcf5215af690ee13dfee
2301ec1fbc7102f1c2f0ec3402fff231
126d47753d1ef022f10f2d0c3f5245f3
ffc337212ea06102102742e40cebe20d
fe421317dfc3f20c23e1fe2710dfe2f1
1fed3ff1053e3513bd0d2cdd18f2c1f2
fd540142b111e02bd3f8bd1d4c20ed1b
66548ffaf0320654cfe207f8ded0e315
081310e0ee41022021fee002f13e1333
1254ff71ddd051655a7fdc1fe6655178
e0f00c7fdfa2f1005dcc43132045e27e
327ecff30560ebf5dc02ef08cf4ff3fd
ee14e424f027821c3cb1e4132e0a413d
20218d440fd11e222e3e620f0b0fe03f
52fe2fbef3c128641fadc3fc561aafe5
03d6fd9d31d13f420fc61ddb52d8444d
422c6e0a24f21c27f183edc0d3291006
231114d192eb22eee00dfb1e7825e360
01fe0f2ed3ee24002f0df20281eef1ee
dae1445e2f2d5735943a74d0e202faf1
2cfe1df2d24403395040e8e03f7d3072
0eadb5ee50093243ff52d8da20f31da3
2ff200e223ef2b72fdb1d036bdfcc2bb
d6ceaa220e17f0e003035efc4eff2edd
3d4d403c61605be3839fede855eefae0
003c2d5e3f59110fa61b2025b027e5d2
ff4eeddf5108b3be423e43e2314c67c1
020a66f243fcbb88c262fdefd5d1c7ff
cfcf3d150ee05bce3137cefd5c38bdd0
efd1fecf21e0dfbccf4035ff11f21dd8
ef1fa83dff0110eef2111dfff1f0ef02
353000f1000ff0fb00feee7a01102112
0022f74dfdd00240cb1f3f10f25daefc
f423f00000efd1f0f00017670f301014
f013721003303e1dde329f000012ef41
777272e30f121acfce07f7e50b7a324e
0ebd7734cffcd01ed131fdc5ef80140e
7567e2158efea0a1bce2e25d307e1ea0
e20b80c0b4dff4de3410c041020f151e
3ccdd8757e258ead33fec2ecfbd0d1f2
133f1ef8d7d3310ef1bddf32cc14dddc
0cdef2c6b1c0e09a402bcd8050aedf11
051604040ade0783068604ac0e8e05cc
050406050a40046f0630057d0e4906d0
1185055d080b11ff066b070205b10cd8
144f089805020f2410e0071105021056
040a04ae062f0a85051c07ef06d606a2
062504a104e608fb05c7053c056f0962
07940d620462044a07030ef90736057a
05480d670697052a05f712ad04b205f7
082c064605f7058f09a906ca053a04ad
09fa095b069904dc112104ee087d04e4
066c0acd0652072e06180865051a0640
080007ed05db05ba05ac059c072a04f9
07a50990050305030760096804fa06f4
0b380e870554056608fa083d04b8049b
05c40518062f05ca063d06530a3506d8
054104e705a40568093605ec061306dc
06500507088d0563075c06e60576057d
080e04c1059a04fc069e05af063306f9
057b09480a5a0694052f0966071506e3
059107dc090b0611054009710907050c
044e08ef1a26067b076006470b55067f
05bb085c0ff40661065a09150e0805b9
07d7051305b9058c079908ee054a0733
0607061806aa06560549073805c0058d
059e05d304dd05970545051c06c30624
080004e605e705ee065305580509041e
125d04a308a505e80f5905c905d80823
11bc080a0703069d0943072606cd0679
05bf0cda050713cb07c107f905af18db
05930b4505321763065d084a044d154c
05120662054a05af083b063603de06d9
04de0544070106500527066c059e0687
00000000000000000000000000000000
00000000000000000000000000000000
00000000000000000000000000000000
00000000000000000000000000000000
00000000000000000000000000000000
00000000000000000000000000000000
00000000000000000000000000000000
00000000000000000000000000000000
00000000000000000000000000000000
00000000000000000000000000000000
00000000000000000000000000000000
00000000000000000000000000000000
00000000000000000000000000000000
00000000000000000000000000000000
00000000000000000000000000000000
00000000000000000000000000000000
00000000000000000000000000000000
00000000000000000000000000000000
00000000000000000000000000000000
00000000000000000000000000000000
00000000000000000000000000000000
00000000000000000000000000000000
00000000000000000000000000000000
00000000000000000000000000000000
00000000000000000000000000000000
00000000000000000000000000000000
00000000000000000000000000000000
00000000000000000000000000000000
00000000000000000000000000000000
00000000000000000000000000000000
00000000000000000000000000000000
00000000000000000000000000000000
00000000000000000000000000000000
00000000000000000000000000000000
00000000000000000000000000000000
00000000000000000000000000000000
00000000000000000000000000000000
00000000000000000000000000000000
00000000000000000000000000000000
00000000000000000000000000000000
00000000000000000000000000000000
00000000000000000000000000000000
00000000000000000000000000000000
00000000000000000000000000000000
00000000000000000000000000000000
00000000000000000000000000000000
00000000000000000000000000000000
00000000000000000000000000000000
00000000000000000000000000000000
00000000000000000000000000000000
00000000000000000000000000000000
00000000000000000000000000000000
00000000000000000000000000000000
00000000000000000000000000000000
00000000000000000000000000000000
00000000000000000000000000000000
00000000000000000000000000000000
00000000000000000000000000000000
00000000000000000000000000000000
00000000000000000000000000000000
00000000000000000000000000000000
00000000000000000000000000000000
00000000000000000000000000000000
00000000000000000000000000000000
00000000000000000000000000000000
00000000000000000000000000000000
00000000000000000000000000000000
00000000000000000000000000000000
00000000000000000000000000000000
00000000000000000000000000000000
00000000000000000000000000000000
00000000000000000000000000000000
00000000000000000000000000000000
00000000000000000000000000000000
00000000000000000000000000000000
00000000000000000000000000000000
00000000000000000000000000000000
00000000000000000000000000000000
00000000000000000000000000000000
00000000000000000000000000000000
00000000000000000000000000000000
00000000000000000000000000000000
00000000000000000000000000000000
00000000000000000000000000000000
00000000000000000000000000000000
00000000000000000000000000000000
00000000000000000000000000000000
00000000000000000000000000000000
00000000000000000000000000000000
00000000000000000000000000000000
00000000000000000000000000000000
00000000000000000000000000000000
00000000000000000000000000000000
00000000000000000000000000000000
00000000000000000000000000000000
00000000000000000000000000000000
00000000000000000000000000000000
00000000000000000000000000000000
00000000000000000000000000000000
00000000000000000000000000000000
00000000000000000000000000000000
00000000000000000000000000000000
00000000000000000000000000000000
00000000000000000000000000000000
00000000000000000000000000000000
00000000000000000000000000000000
00000000000000000000000000000000
00000000000000000000000000000000
00000000000000000000000000000000
00000000000000000000000000000000
00000000000000000000000000000000
00000000000000000000000000000000
00000000000000000000000000000000
00000000000000000000000000000000
00000000000000000000000000000000
00000000000000000000000000000000
00000000000000000000000000000000
00000000000000000000000000000000
00000000000000000000000000000000
00000000000000000000000000000000
00000000000000000000000000000000
00000000000000000000000000000000
00000000000000000000000000000000
00000000000000000000000000000000
00000000000000000000000000000000
00000000000000000000000000000000
00000000000000000000000000000000
00000000000000000000000000000000
00000000000000000000000000000000
00000000000000000000000000000000
00000000000000000000000000000000
00000000000000000000000000000000
00000000000000000000000000000000
00000000000000000000000000000000
00000000000000000000000000000000
00000000000000000000000000000000
00000000000000000000000000000000
00000000000000000000000000000000
00000000000000000000000000000000
00000000000000000000000000000000
00000000000000000000000000000000
00000000000000000000000000000000
00000000000000000000000000000000
00000000000000000000000000000000
00000000000000000000000000000000
00000000000000000000000000000000
00000000000000000000000000000000
00000000000000000000000000000000
00000000000000000000000000000000
00000000000000000000000000000000
00000000000000000000000000000000
00000000000000000000000000000000
00000000000000000000000000000000
00000000000000000000000000000000
00000000000000000000000000000000
00000000000000000000000000000000
00000000000000000000000000000000
00000000000000000000000000000000
00000000000000000000000000000000
00000000000000000000000000000000
00000000000000000000000000000000
00000000000000000000000000000000
00000000000000000000000000000000
00000000000000000000000000000000
00000000000000000000000000000000
00000000000000000000000000000000
00000000000000000000000000000000
00000000000000000000000000000000
00000000000000000000000000000000
00000000000000000000000000000000
00000000000000000000000000000000
00000000000000000000000000000000
00000000000000000000000000000000
00000000000000000000000000000000
00000000000000000000000000000000
00000000000000000000000000000000
00000000000000000000000000000000
00000000000000000000000000000000
00000000000000000000000000000000
00000000000000000000000000000000
00000000000000000000000000000000
00000000000000000000000000000000
00000000000000000000000000000000
00000000000000000000000000000000
00000000000000000000000000000000
00000000000000000000000000000000
00000000000000000000000000000000
00000000000000000000000000000000
00000000000000000000000000000000
00000000000000000000000000000000
00000000000000000000000000000000
00000000000000000000000000000000
00000000000000000000000000000000
00000000000000000000000000000000
00000000000000000000000000000000
00000000000000000000000000000000
00000000000000000000000000000000
00000000000000000000000000000000
00000000000000000000000000000000
00000000000000000000000000000000
00000000000000000000000000000000
00000000000000000000000000000000
00000000000000000000000000000000
00000000000000000000000000000000
00000000000000000000000000000000
00000000000000000000000000000000
00000000000000000000000000000000
00000000000000000000000000000000
00000000000000000000000000000000
00000000000000000000000000000000
00000000000000000000000000000000
00000000000000000000000000000000
00000000000000000000000000000000
00000000000000000000000000000000
00000000000000000000000000000000
00000000000000000000000000000000
00000000000000000000000000000000
00000000000000000000000000000000
00000000000000000000000000000000
00000000000000000000000000000000
00000000000000000000000000000000
00000000000000000000000000000000
00000000000000000000000000000000
00000000000000000000000000000000
00000000000000000000000000000000
00000000000000000000000000000000
00000000000000000000000000000000
00000000000000000000000000000000
00000000000000000000000000000000
00000000000000000000000000000000
00000000000000000000000000000000
00000000000000000000000000000000
00000000000000000000000000000000
00000000000000000000000000000000
00000000000000000000000000000000
00000000000000000000000000000000
00000000000000000000000000000000
00000000000000000000000000000000
00000000000000000000000000000000
00000000000000000000000000000000
00000000000000000000000000000000
00000000000000000000000000000000
00000000000000000000000000000000
00000000000000000000000000000000
00000000000000000000000000000000
00000000000000000000000000000000
00000000000000000000000000000000
00000000000000000000000000000000
00000000000000000000000000000000
00000000000000000000000000000000
00000000000000000000000000000000
00000000000000000000000000000000
00000000000000000000000000000000
00000000000000000000000000000000
00000000000000000000000000000000
00000000000000000000000000000000
00000000000000000000000000000000
00000000000000000000000000000000
00000000000000000000000000000000
00000000000000000000000000000000
00000000000000000000000000000000
00000000000000000000000000000000
00000000000000000000000000000000
00000000000000000000000000000000
00000000000000000000000000000000
00000000000000000000000000000000
00000000000000000000000000000000
00000000000000000000000000000000
00000000000000000000000000000000
00000000000000000000000000000000
00000000000000000000000000000000
00000000000000000000000000000000
00000000000000000000000000000000
00000000000000000000000000000000
00000000000000000000000000000000
00000000000000000000000000000000
00000000000000000000000000000000
00000000000000000000000000000000
00000000000000000000000000000000
00000000000000000000000000000000
00000000000000000000000000000000
00000000000000000000000000000000
00000000000000000000000000000000
00000000000000000000000000000000
00000000000000000000000000000000
00000000000000000000000000000000
00000000000000000000000000000000
00000000000000000000000000000000
00000000000000000000000000000000
00000000000000000000000000000000
00000000000000000000000000000000
00000000000000000000000000000000
00000000000000000000000000000000
00000000000000000000000000000000
00000000000000000000000000000000
00000000000000000000000000000000
00000000000000000000000000000000
00000000000000000000000000000000
00000000000000000000000000000000
00000000000000000000000000000000
00000000000000000000000000000000
00000000000000000000000000000000
00000000000000000000000000000000
00000000000000000000000000000000
00000000000000000000000000000000
00000000000000000000000000000000
00000000000000000000000000000000
00000000000000000000000000000000
00000000000000000000000000000000
00000000000000000000000000000000
00000000000000000000000000000000
00000000000000000000000000000000
00000000000000000000000000000000
00000000000000000000000000000000
00000000000000000000000000000000
00000000000000000000000000000000
00000000000000000000000000000000
00000000000000000000000000000000
00000000000000000000000000000000
00000000000000000000000000000000
00000000000000000000000000000000
00000000000000000000000000000000
00000000000000000000000000000000
00000000000000000000000000000000
00000000000000000000000000000000
00000000000000000000000000000000
00000000000000000000000000000000
00000000000000000000000000000000
00000000000000000000000000000000
00000000000000000000000000000000
00000000000000000000000000000000
00000000000000000000000000000000
00000000000000000000000000000000
00000000000000000000000000000000
00000000000000000000000000000000
00000000000000000000000000000000
00000000000000000000000000000000
00000000000000000000000000000000
00000000000000000000000000000000
00000000000000000000000000000000
00000000000000000000000000000000
00000000000000000000000000000000
00000000000000000000000000000000
00000000000000000000000000000000
00000000000000000000000000000000
00000000000000000000000000000000
00000000000000000000000000000000
00000000000000000000000000000000
00000000000000000000000000000000
00000000000000000000000000000000
00000000000000000000000000000000
00000000000000000000000000000000
00000000000000000000000000000000
00000000000000000000000000000000
00000000000000000000000000000000
00000000000000000000000000000000
00000000000000000000000000000000
00000000000000000000000000000000
00000000000000000000000000000000
00000000000000000000000000000000
00000000000000000000000000000000
00000000000000000000000000000000
00000000000000000000000000000000
00000000000000000000000000000000
00000000000000000000000000000000
00000000000000000000000000000000
00000000000000000000000000000000
00000000000000000000000000000000
00000000000000000000000000000000
00000000000000000000000000000000
00000000000000000000000000000000
00000000000000000000000000000000
00000000000000000000000000000000
00000000000000000000000000000000
00000000000000000000000000000000
00000000000000000000000000000000
00000000000000000000000000000000
00000000000000000000000000000000
00000000000000000000000000000000
00000000000000000000000000000000
00000000000000000000000000000000
00000000000000000000000000000000
00000000000000000000000000000000
00000000000000000000000000000000
00000000000000000000000000000000
00000000000000000000000000000000
00000000000000000000000000000000
00000000000000000000000000000000
00000000000000000000000000000000
00000000000000000000000000000000
00000000000000000000000000000000
00000000000000000000000000000000
00000000000000000000000000000000
00000000000000000000000000000000
00000000000000000000000000000000
00000000000000000000000000000000
00000000000000000000000000000000
00000000000000000000000000000000
00000000000000000000000000000000
00000000000000000000000000000000
00000000000000000000000000000000
00000000000000000000000000000000
00000000000000000000000000000000
00000000000000000000000000000000
00000000000000000000000000000000
00000000000000000000000000000000
00000000000000000000000000000000
00000000000000000000000000000000
00000000000000000000000000000000
00000000000000000000000000000000
00000000000000000000000000000000
00000000000000000000000000000000
00000000000000000000000000000000
00000000000000000000000000000000
00000000000000000000000000000000
00000000000000000000000000000000
00000000000000000000000000000000
00000000000000000000000000000000
00000000000000000000000000000000
00000000000000000000000000000000
00000000000000000000000000000000
00000000000000000000000000000000
00000000000000000000000000000000
00000000000000000000000000000000
00000000000000000000000000000000
00000000000000000000000000000000
00000000000000000000000000000000
00000000000000000000000000000000
00000000000000000000000000000000
00000000000000000000000000000000
00000000000000000000000000000000
00000000000000000000000000000000
00000000000000000000000000000000
00000000000000000000000000000000
00000000000000000000000000000000
00000000000000000000000000000000
00000000000000000000000000000000
00000000000000000000000000000000
00000000000000000000000000000000
00000000000000000000000000000000
00000000000000000000000000000000
00000000000000000000000000000000
00000000000000000000000000000000
00000000000000000000000000000000
00000000000000000000000000000000
00000000000000000000000000000000
00000000000000000000000000000000
00000000000000000000000000000000
00000000000000000000000000000000
00000000000000000000000000000000
00000000000000000000000000000000
00000000000000000000000000000000
00000000000000000000000000000000
00000000000000000000000000000000
00000000000000000000000000000000
00000000000000000000000000000000
00000000000000000000000000000000
00000000000000000000000000000000
00000000000000000000000000000000
00000000000000000000000000000000
00000000000000000000000000000000
00000000000000000000000000000000
00000000000000000000000000000000
00000000000000000000000000000000
00000000000000000000000000000000
00000000000000000000000000000000
00000000000000000000000000000000
00000000000000000000000000000000
00000000000000000000000000000000
00000000000000000000000000000000
00000000000000000000000000000000
00000000000000000000000000000000
00000000000000000000000000000000
00000000000000000000000000000000
00000000000000000000000000000000
00000000000000000000000000000000
00000000000000000000000000000000
00000000000000000000000000000000
00000000000000000000000000000000
00000000000000000000000000000000
00000000000000000000000000000000
00000000000000000000000000000000
00000000000000000000000000000000
00000000000000000000000000000000
00000000000000000000000000000000
00000000000000000000000000000000
00000000000000000000000000000000
00000000000000000000000000000000
00000000000000000000000000000000
00000000000000000000000000000000
00000000000000000000000000000000
00000000000000000000000000000000
00000000000000000000000000000000
00000000000000000000000000000000
00000000000000000000000000000000
00000000000000000000000000000000
00000000000000000000000000000000
00000000000000000000000000000000
00000000000000000000000000000000
00000000000000000000000000000000
00000000000000000000000000000000
00000000000000000000000000000000
00000000000000000000000000000000
00000000000000000000000000000000
00000000000000000000000000000000
00000000000000000000000000000000
00000000000000000000000000000000
00000000000000000000000000000000
00000000000000000000000000000000
00000000000000000000000000000000
00000000000000000000000000000000
00000000000000000000000000000000
00000000000000000000000000000000
00000000000000000000000000000000
00000000000000000000000000000000
00000000000000000000000000000000
00000000000000000000000000000000
00000000000000000000000000000000
00000000000000000000000000000000
00000000000000000000000000000000
00000000000000000000000000000000
00000000000000000000000000000000
00000000000000000000000000000000
00000000000000000000000000000000
00000000000000000000000000000000
00000000000000000000000000000000
00000000000000000000000000000000
00000000000000000000000000000000
00000000000000000000000000000000
00000000000000000000000000000000
00000000000000000000000000000000
00000000000000000000000000000000
00000000000000000000000000000000
00000000000000000000000000000000
00000000000000000000000000000000
00000000000000000000000000000000
00000000000000000000000000000000
00000000000000000000000000000000
00000000000000000000000000000000
00000000000000000000000000000000
00000000000000000000000000000000
00000000000000000000000000000000
00000000000000000000000000000000
00000000000000000000000000000000
00000000000000000000000000000000
00000000000000000000000000000000
00000000000000000000000000000000
00000000000000000000000000000000
00000000000000000000000000000000
00000000000000000000000000000000
00000000000000000000000000000000
00000000000000000000000000000000
00000000000000000000000000000000
00000000000000000000000000000000
00000000000000000000000000000000
00000000000000000000000000000000
00000000000000000000000000000000
00000000000000000000000000000000
00000000000000000000000000000000
00000000000000000000000000000000
00000000000000000000000000000000
00000000000000000000000000000000
00000000000000000000000000000000
00000000000000000000000000000000
00000000000000000000000000000000
00000000000000000000000000000000
00000000000000000000000000000000
00000000000000000000000000000000
00000000000000000000000000000000
00000000000000000000000000000000
00000000000000000000000000000000
00000000000000000000000000000000
00000000000000000000000000000000
00000000000000000000000000000000
00000000000000000000000000000000
00000000000000000000000000000000
00000000000000000000000000000000
00000000000000000000000000000000
00000000000000000000000000000000
00000000000000000000000000000000
00000000000000000000000000000000
00000000000000000000000000000000
00000000000000000000000000000000
00000000000000000000000000000000
00000000000000000000000000000000
00000000000000000000000000000000
00000000000000000000000000000000
00000000000000000000000000000000
00000000000000000000000000000000
00000000000000000000000000000000
00000000000000000000000000000000
00000000000000000000000000000000
00000000000000000000000000000000
00000000000000000000000000000000
00000000000000000000000000000000
00000000000000000000000000000000
00000000000000000000000000000000
00000000000000000000000000000000
00000000000000000000000000000000
00000000000000000000000000000000
00000000000000000000000000000000
00000000000000000000000000000000
00000000000000000000000000000000
00000000000000000000000000000000
00000000000000000000000000000000
00000000000000000000000000000000
00000000000000000000000000000000
00000000000000000000000000000000
00000000000000000000000000000000
00000000000000000000000000000000
00000000000000000000000000000000
00000000000000000000000000000000
00000000000000000000000000000000
00000000000000000000000000000000
00000000000000000000000000000000
00000000000000000000000000000000
00000000000000000000000000000000
00000000000000000000000000000000
00000000000000000000000000000000
00000000000000000000000000000000
00000000000000000000000000000000
00000000000000000000000000000000
00000000000000000000000000000000
00000000000000000000000000000000
00000000000000000000000000000000
00000000000000000000000000000000
00000000000000000000000000000000
00000000000000000000000000000000
00000000000000000000000000000000
00000000000000000000000000000000
00000000000000000000000000000000
00000000000000000000000000000000
00000000000000000000000000000000
00000000000000000000000000000000
00000000000000000000000000000000
00000000000000000000000000000000
00000000000000000000000000000000
00000000000000000000000000000000
00000000000000000000000000000000
00000000000000000000000000000000
00000000000000000000000000000000
00000000000000000000000000000000
00000000000000000000000000000000
00000000000000000000000000000000
00000000000000000000000000000000
00000000000000000000000000000000
00000000000000000000000000000000
00000000000000000000000000000000
00000000000000000000000000000000
00000000000000000000000000000000
00000000000000000000000000000000
00000000000000000000000000000000
00000000000000000000000000000000
00000000000000000000000000000000
00000000000000000000000000000000
00000000000000000000000000000000
00000000000000000000000000000000
00000000000000000000000000000000
00000000000000000000000000000000
00000000000000000000000000000000
00000000000000000000000000000000
00000000000000000000000000000000
00000000000000000000000000000000
00000000000000000000000000000000
00000000000000000000000000000000
00000000000000000000000000000000
00000000000000000000000000000000
00000000000000000000000000000000
00000000000000000000000000000000
00000000000000000000000000000000
00000000000000000000000000000000
00000000000000000000000000000000
1e115324f7256a1c21e436da13214c05
1f21038002e3f1fb27030d1f3ff04ffe
055f05b631bd4be07050c1f770246cd2
f1380be020c3efede115bc3cb1120212
e1702eee6f200fdf14d1f5430f0030e1
01a2c6fefdfef2a159c4762063002fcd
3e564da5054d07202275d2f3412fe313
072df4e24d0cf5a832eae2152b05d1d1
0cc90d7542e16efc716e2670fd6b7336
01ec30ff52b1f10d3af3e2d10f537bca
183cc53323f3e4e14f3af54fbc5d71e2
104f4fc89ceddf0a1b72591e63a0611e
c928d4534521f96ed05d221afee21123
737ee0ee74c352534315e2a1332bf5e0
41b00213ec221c3e4e3f01f30f8e0c2c
ebccb2a1fd12bc08ef0eb05757cff10f
5fe1c0ef722f6d3c012d25f0ff24243e
d1e0d2929a6f1edbc4e380931c1ec311
2023e7e37f30b0c32f13449e310bfd07
f7bda41d29021e42c045d150470ed00f
f257352f7bff2ff5f0b214ef50310207
a0cbc53a0210d1435fc3cdc3220f5c38
f4ee1e0c33e2f20afcba011e131f082e
a31cbcc7fb7ec7ed53573655e7e24e12
d4d370f16a01d5011442bd0eee7874c8
ff1cb25424113b83a0c4601d8d00d2fd
1cfbc742a0df46e02c035def452bcc51
6c228d19bf020e7ec6762f3f69e3f201
f13dff1ff79170afc2f710d4546e9231
125f3530506bf7ec2f34166b01d51e27
0fe2451ffffff730f3f2de3211f10110
310c722f2c3df8d4fabed0fe2024f1de
82dd0ec2ef444f0001e51e03c403fe30
f658aff10ac1404022fdf455fc04722f
24d20d002f23180fa21053e17eff2ff2
bfe1fcced030d045f201e17fe12affce
11044e2c4ec21173259c051731cb4cdc
d6606d0de010fe2d291b727a12b4000d
df8cb4f1e3213f24104f1613d2effd31
f61ccbf661431ef8e4754a0262d90d34
32e3e0f12523d9ef6ff08f0eddc01113
674d61a43014f3d60a361ee82ef22ee0
ca1b842a733d255fa69d72ea3ca6f016
458e42e10efdfb102011455a240d01dd
e31dece2ff31cee4110b7fceecd121d0
dde9f23c00e11e0c21e57337e422a213
220d21f1e050181522eb20efdceceede
308f02021b1e122fd7112c200dbe0cef
722ecf60b1de72551ff59d007110130f
c10c5fb2ffeff014e15e002f1f217f2e
12b90434cefff6377fe22b23f4f12302
37fdff19f26e221d1d351c10e5ffae3c
25c00f2033f14313333f1cee12d81020
1c24ede8eca1f5c0410fc2a300eb7412
5f01643811feef310412d2303f632042
000e3cdd182a74bd2dd4c03c73eeb5f2
67ca67c3d13f20ac40fa25825eeba6e0
feb10f03121efd8e0fe0a3e4cf2db414
102d1e2bccf3aefcd10c12dcb4001482
c1233f190e15fc8be2f23524e1eb0d0d
dcb2131f1eb8cb9c78126040b313ec00
0c8a22738e023f13022701134f021fea
5245df2c4ce6c1136b3248e0411a60ee
57693dde3c10ef510411e5dc60ffd67b
024ed7f348303f01d1a604c8d0f0c2f1
285c0472a50ee4060331e5b02111f431
5ef462a02b10fee86e11367d00ad0cf2
e1cdaf10c7434c12f32d123311fd5210
ec21cec312d1b01c240cc323e7eac013
b80ff60e0421fefecb0a417ed61151c0
f1eb181efbff23be060e4dc3200131f5
eb623066aa2fb2e11d5f111caa436701
029b07e3002d54f02034e0a4441dd011
d5317c494d5f5100d10fa346cdbd2330
041cfcfe4f1e3c4e0bc0521de81d1e4e
e126f6b70affd75b37b3390fefcf119f
2842c4df3d814512c51ec1d40e173bfd
25f47d4f968e164cb8270e1f8ff71109
3ca420cb4e618d1dccd6e70cd1f674e0
5ffd4005e3ec0d8d11440a6f1d3b2142
ee0eef311157e500bf0ff1423ba34ce1
ead89243211fd48fd6174011a3bbaf37
e0f03104013c0ce0f24def0675be012d
f2ede202b28ea1f10d4f1f5e6fa0d123
26f257c4e3e3f233835fcabe20cf0fd2
90f40e5d0814eba92c144e17e2133e1c
cbedd8e9fb11d43371da0943ddc8f61f
0ab0f3e321e1f0202b7b37702e8e33a6
61e1ccb543155871e2eeef20ff12fad2
2014ffe8000b93b06a0f42f320964300
0cfae31f232e73f21e037a272352fbfd
ef7bde11eaf217fd21eb3010c32ded3e
f3fcf33c04f215f31a13d20ef2e7f2b2
fe27e7e12600bf01221fd7cab6e2021b
2aef7e3f4475c0c92d05e2b22f4fd11f
01c151d06ff47e774d2f29ceff4d5b2e
58d0fd280ccd024af13f1e090fcf53f6
d201944fd602dfd21f3231dd3d7f11ec
26f1fbffd42f7fd1e2019381ef3b645c
0af124e20e1e1d7002441150b1f22211
d72a46e6de50977acbfe1134e3c91214
741f0e0b12e1b1dc1d041ad32021bb08
d11d7d17c0feff0e41f31d0cad0230ee
ded3f0ef9e1e4d24ef313a4c02ed7d16
3e01e115222efeee121d6fe27c7dedfc
6d4d151f6e1f5c46c22714e2ff00d05d
32b742244c2f02beb08e0ee3121092ed
4f7edcea0a794bbe734f9373f099defe
14af17fe86be10d61ff32f671db91511
5230321f0c2a234423232d30107ed6cc
d9330903dd2c5c18034163f74b4def94
2e1ddcd1ff3ef212014fc20f7c21e6ef
45050325d3cf277ee1fd4ee3ee08e490
5efd24f5fee592cef0338c107c42d9f0
06f0031ce13003042d10028420020e2e
20320d4d27c3213efed1d6150ee20f1f
4b2e1ef20f0c080103e12ef0112c2ec4
fe5c570de23bde058e4bc0234f3ae00f
208dd2f2d3430cf1c2cfd30d710e1410
f030deda6f035e243273e2f02cef3f07
7f0d1fe850abc122b1320357914e745d
fee062714f0d012f21510bf1431200fa
260fda2b4e2f2f3f8cdc1252217221f1
00fe0040f01212f00e371103e1e1e101
d3cb2d0730fc32d45edcbfa35b10ecc4
4d10d170d1d3a32a9bb51b1eef774fe1
7e02ffbf7070c3f905b3f371ec07fc30
4e833b0d254f1cfcfd1c0fdcffe4e1d0
2f20f12f255e10f8da110e32dc014f30
f4ff2dfd43530212835eff6e132e472b
d14f7205f6fee315e80f03dee6dbbfd2
8bf8c6b16052e0e022b7393031befecc
cd5f3d3f13804efe443c24e1d26509df
e1c2e0df41cbee5ff3c2c3ece2ef2e28
e4238b5a1aeb797fe758c3fa10046ef4
413a1200fdafedf0c8cf5d0e31c46eae
e017db3e4ff228ee2741a0c409ddbc00
c0f000eefff1ce0c30213ffb3b82f5f3
b4354ed0c2c34e142f0705b241e83d3a
2c1d4d31d7fbeef6a0c598e5c306e7d1
47fbd085f4fc128d0259a44619345a31
1d1b247032c4e1fe2222e21c10ed11ef
dc422ff7ee0fe4e53fe016df0c2fe0e0
12ff7fdef0fd1e0e2f12f020022f1412
2d43ed64fe6b0f2d74d49825e301d5c6
0e0d13e7c3fe0c4346148311e220bf13
5e2325ccf6dd0fc1d50d4e311edb754d
9f0e217e4038c31ebf4d2ca831252744
1213d2cd711e48beab14bde21f9b12ce
1212e8faf40d1c31b631442c3c1e32dd
0ff1ef606025c62a1333f30b0cde8df0
8100ddfff3101dd3f202ed6e2f3542d8
e041ab37d6ede5d26a1ebe32d211d412
d22091ceed1dc051fe711efec45c9833
f127ec5e3011327e2f7fdf19ee4c3021
4ed4d7d31e30350b7ff31bcc5d0c24df
c01378610f0022f2f86fd3630534db35
13e15cadff4e4d4ed7e4dc118fbedf15
3f1c1247bd62eb5d7fd172202234b2d0
745401012b143e719742137e2d4feace
1d721dfecedb0001532075cc0ab05a0e
a31e83a10337d70bd00f1cb4252755c3
1ada32005ad4622351cb1fd912ef58ff
cef401214bdf3302f3060ec1a0073432
e74256c364c303234e3be8f03a2b55e0
393e83c48ee103f145c2466f0e2d9121
db4fff17bef2dcea430e37a2ddff3087
d22cea665b6df1bdbeeeb7796e1223e3
024e04ff40e21482ff01060f4d2decad
3d225a8f4d3ef27504ef938b1e11e2fe
fdf1f143fd1e1f16e16e5ce8112a00dd
0f35b42bc3ceb07b3f146b5d1ba2655f
ee1dffeb2fe28103e2fc24e20202f322
1ef37fdcee05014422e52f0b021f004f
321c3124f0c42c1c04fbfce1e35158fd
54110e0cc402e1ba29314c72ff2032e2
eb2e9c2c4def7e2f30ab171ec333dc97
2e10c226b323d50dfe815d100f4d2301
f211cf18f07695e2032e6b2b0e70e0ec
2bfe7d0134254fdcc411f6221dce3549
1147ea750bf08daa44e260e2dec0673d
3140e5108ef283e034d6631f01e5e16f
052f20710d312a4f0ef0a09e160b0c0e
c5d0df1ce51de2efc2330d018a700f1d
ff1f3f00f9eeae0c06821a0be54d12e9
60fffe723ed0b1f5658fe0ffc1b707ae
2deefd37bff631b42d1e3c12d12f00c6
421b83f23efdb1fafec200c450411fe1
3c52ff0d3035a4f1ee83f040e00d3615
11d10e4f330023fe13f2f431d4cde7f3
304bf7303d7b0d11c421ff012fed66ae
c202f0af42e1e044285a9025132587c4
cf4740534733b20fed1e255dc3f82b5d
c22043171d7ce65361cffb00ac7d53ce
009ebba212ee07c38364e3c2102c4131
14ff0edc03040eff524b7c772ff510f4
1c90fd70503a2794df0d4445e273de1d
3cf52311fecd11713ec224f0ffe68e1f
fd303c2e04ef2f8ae112042ef022d41c
302afc73cb1f1e303d464f4204a6f3e4
43c374132500d030ce5e796201f0b22c
cce78041bd7245403acc5ee2ae5f5001
0d1184333f2ccfe32cf0dcd001fd6511
f19a04cf4dde2edb009c89f005924b92
b3f6ce402c42afdb85c726a605de205f
fe2e0ff1e0d42e2112221d82cc4700ff
22de20fca15efdfffbfe9a5c3b89fdcf
e00ea3b373e00edb2133d2e32fa441d3
2e2fd21d052fb182c34d1dc0b030fea3
510c20e000f1fa320202108f0e106dd0
17dc93a3e001cf280d42fb23e0e311ef
371db65f86e56b03cf4e6b3c5fe120eb
e0d17f62d3134fe14ee5c20237a6f2ed
1bae2113037424fc0225430af0d1e21f
f2efeffe01f0f81d603df3fe12df2131
f3c039343b8bc24e026d1fbc01df242e
42f202e10e0f0f22df40030000183eff
401f3b3ee1f157e13be8f720331cf111
cdcec21b8f2440aee230440ff01300fd
9d00ad62c04eab818ef9ed414402cab3
d3d3bf727f40ce7ef1759d263c23f022
deef7e0e9efa0270fcff3e07ace740fd
1dc131a74f174d1d4336c22e52d2ec0e
211f951a23f2e22e031b7e2f42051282
d4105f4f4f4af123f7180644c246001b
160ddaf00f0b8663fffc097201e3f012
b3eee3057fb8dba3e10215a210fd2f34
eefc52000e1701431e204dc26ede4ff2
ee13e2337f3dc4dcbdece0ffd1241103
ef3ce13192048fc042f0df62fbe1c1b0
0beb67c0cc3424f04f38ddbfd5e6c273
c4f02f4e531aefe3a7d3cb0e12aed5fd
33fff110d01221f117f22c170f210ffd
b41001f4d340a5ff02027d5210f22ac2
4df5f3b472e0e6f1f49177ffdb2e7313
eb011925f2d6fe3be1faed051eb7bb1d
00113e1d1def0d73ce00f3dde1e4c0f3
f1e07db1f025241e50d3b2feef1d42e1
3b27eec410d6d1aef3ff840e50fa201f
e590fa9b7ab06d622f0f0d1b1402f3ff
dd7d0f30febf33f01130f1f29f33e322
3bb043031ed7522b1010b50b4421565e
020e3d2435c02b3dedf2e4e86aae600c
1be2040d2ef3e2c221e31e1110110d18
0976dfd1e9f19127604223ecdf0e1f3b
2cdf0e5eed8dd03f042e16e6f2a424bb
c6dfd20e20f1fbf4f18effae71c212f5
fe6ee891001d12b12eadf13cdc0f31ab
47e2df7101e315ed661afa0ffbee0f04
ab4814e6ed10fe2198221b9f5eefe422
0fb21a1c0530cbc0137dff0f09e1f1f2
25008153e9de0742f70ffb724507f312
b4522b7d141f73ab433edd3ee5010a4e
0113e11c0ef0fffd21072c1003ffa0f0
e036160efc9ebf511efe58bcfe2c3bf5
d52a2f0c3af8ef5c330040c601d58eff
01e70144013401c8019b01b7015b017d
01ac018b0198023501d7015401760165
01f501d6015e0153010a019d019202aa
01b201f10182013601b5013401e3015e
010501fb01770238016501c201f60110
0170017e013f0178017c017b01fa016b
01bf0247011f017a015b016a019501f7
01b30247016f01cd0159019c016e022a
021601e4014801690206014f02050228
016b0112021f01c30190018101be019c
01d90202012a0161016901810192016b
01e001e701a3016b02710187013a01dc
019c019a017701c802bd01eb01bb0175
014f016901d801790169017d017b016d
0165018b019301370186013201a3015e
01e8017f016e019201b4016e01890243
027b012c01ca011102cf01700163020d
0201021601a501d20124016801a60195
01d8016a01d5018f01e9013e015e0170
01560115016c01fb0164010a01a301ec
01c401bb020701a6026e01dc0200021b
013a011b015c01520187020d020c0183
0187019201fe01c3026b02ba019c01e1
019a01a801c20248019c017101950204
01a5022401ad01c5020a019101890193
024201ae022201b70183016b02a30149
01cd01c501bf01c0014a0157024a0248
01d001af01c1017901da01d5020e020b
01b40121025401f201ab01b200e60195
014901df025401fb017b01a4017201fb
020e01e4016501b101480150018801bd
01b6014d01ac019a016001740130014e
00000000000000000000000000000000
00000000000000000000000000000000
00000000000000000000000000000000
00000000000000000000000000000000
00000000000000000000000000000000
00000000000000000000000000000000
00000000000000000000000000000000
00000000000000000000000000000000
00000000000000000000000000000000
00000000000000000000000000000000
00000000000000000000000000000000
00000000000000000000000000000000
00000000000000000000000000000000
00000000000000000000000000000000
00000000000000000000000000000000
00000000000000000000000000000000
00000000000000000000000000000000
00000000000000000000000000000000
00000000000000000000000000000000
00000000000000000000000000000000
00000000000000000000000000000000
00000000000000000000000000000000
00000000000000000000000000000000
00000000000000000000000000000000
00000000000000000000000000000000
00000000000000000000000000000000
00000000000000000000000000000000
00000000000000000000000000000000
00000000000000000000000000000000
00000000000000000000000000000000
00000000000000000000000000000000
00000000000000000000000000000000
12f06116a643e23f6132670fe3452e83
1130d3c03db31c6e24f073ed1010ffbd
e42c88202f8beff5cffb9b93d42f065e
34e0843c4220cd4523103d1c23d08efc
6ff3e13ae19d36be9fa4b7038ed35122
07e3ffc0f201051eff030b1d4aefd4d0
23680a0e01bd30cca82000d9cde0303f
d1021fd12ef1ff80ab00b70e0fbe222e
7f5c7df31fbc9c1d0f3f7fef327b1a46
e031136f04f1f3ed2d12dfe0857ffbe4
eed32502fce3c3e32c0213cfaf2d018e
493ffd403ef310b0301ece8120e26ecf
1d001e104d0c02f1001ff00e11c0d0f8
451037910141f30e31fede41c1f110ce
601f92404f2151e100a40434ab6fe27f
4b7b038539e72e60f5fd229e6edc154d
d0f300e37c13e2020eedd8ffd2b01fe4
32fce87d6f0e1110fb1c2ff40ff2f4c4
034d355c52052d3ff417c4f14b02cf48
711fefef23ef4e114eefefe1c0073e01
4c4820c17e4d26de9f51fed2310de13d
2d274f284e15624ec5500db1c2e0ef46
b11f3e7e0f0ce161e8a953e4203b122e
3162e4c21fffe34472212d71f6280c12
5ed1ef141fe6d05b25e86ef42e21e140
2302dfd1d03bd7dd4af6ca2c1dc7ddff
f2b25eeac91dbe021ef0227d0034fc4e
32543837665f73f8eaae9452b1fafd07
dccd22fdf705f80401a0111531bf212f
f0054e1fff1ec05ed8022414feded1fc
983ddcf7fe4f403025ebea3425313ceb
01b33c11112fe430f17c776003eddd41
9d2401d02142322d2f8c8361b3f30ee1
e1efcd1fdbe120012111eef03732200d
e0f2eaf8df3041d141e24f05013c3131
03307fcdf33ff046f3d2f502fa2feff1
b354dfd12bbb05d2b36efabfead5e773
2f0524c23610dd4820a300a4e6fdf499
ee4e3e3c163867f1520df41b320f0d00
0526fb33f111ec1320b9b281c43311f0
fb3c5bb0031f18ff41bf5fc10174f06a
dd2f1cf8ac069a1a03aca2234c332c5f
3b4055211f4212186e230c30e24a3f02
b17ebf037135e04edd23f387e2af3c2d
c94f0cf438b513e6efd7d0220013c03f
2f8d1d02fff020a0142ce21a3e0f3d12
702ebf0148e4d7361f0bdbc0cd63adbd
33e01e50cdf1f01ae5618eceb0110333
5f623d370db1d35713fe703fe0dc93d0
f111efe036f03714d400fe1fee3d508c
f3632004f8e34334334ef5ff0e2efdad
9e40819d58d0efe66600d4dff40324c6
f7d132cb2f1ffcbf3803f5fd0e42e604
11f230762dd315d32aeffedefd2dd4ee
fc31ff4f3d02d1a2f1fe2e560e710c4b
146124ffdc01f1f7b1f5427f7dd6da1e
f4d12f810e2d00d0222bfdf143000f31
f24ee1f4e03a2facf1831ce14f3c3e45
ef0a20e80ef2f3f1be1ec5e304351201
2f4fe4efefa210dd2f724e06823ff31d
f4d1d010ebf22f3f64f737062ef10e4f
f36eff8031f4f00f0200ef11ff215023
e4e0d3294e2ee30411148602b0e11fdd
c2116e2e2016df2810e022c0e03fc0d3
4ec5ed3df7ddfc2eee41e7df1d141320
15141eef75cd7f09dfcd44ff470b6041
62267b4ce0d50447fa3542a70c181ef6
9e73c97afa00510bfc5365541e3131ba
c1c14f0efb0d750ed40c511dbf031b41
e01a931213f7c2233134d2111f20ef12
2fe3d71f30df0f19f0440521fee30304
e2fa8ed11e740bc7ea22a1f1b2469456
1064f2e7700721d3d71f0a503c4da320
ef01659d1226245f74c2f14d022c1e42
becfaa67e25cbcf56e2415b5210020ac
00601314e3e0cfb1f2a700ea31d22d10
eed4e000222ae2d3ed57ed2fffe10df0
ed43f39d383fd5322e1ec1f0102203fd
70df341c8d635ec0ce22020ca04ffcd2
152b1ced56265f91efdf87b16de41241
ffdd2f373f14cf12e0c1f5010f31dee2
ff0c252f500e12f3fd5c332ed3fe182e
ce28fe16712f250ebb0572df01703102
30f152ce02721713eff2c1e2de4d045b
eb500234579a3fbf21cfefb27e00d503
1d0e1dd1731e3f8a5c3de474b1b1b2da
93675c90f159e6c311f574cfc7e23005
c4833d7efff404fc5f2d113df3f91e03
3f2fc8bcdb4111b03e12afdc6e2df6f4
700cf21eb32cae3cce34fd22a120cd5f
0fef2702b3322023621fcd202402e431
14dc2253e0aeba3ab441fc415fec1e71
30cbe60e25c4f4e10717f1a3f12f2e20
00d08312df22da070fffffe32e1014fd
7c8f61aca30b60400ff0bc1369f2230f
24e72eeb0f1ef5da0f1cd032dc27fee7
07e2355211b7fe07fdc0fde4f0c0fedd
f23c5ef03e5ee434f2022d3d2ee0182f
b24347c1731f4d130e01ee3f22c1bec1
e6c00d1312f46031c1df2f545ceef76f
0c4e2c42e833422dfc9f3bee0b408dee
ffc0e7211e2f116f0023110eeef3fffd
4051c92e1d6004ecc1d92b362e3f8ed2
54f0f0320ce2e1f1001e504404814df1
d21f7ce550fe32e4f76f0f20d1ddc3fa
3ece8e127f1f10d544c3cd62f1a81f70
42205a7e4c0ef80c14bde2f0312e7123
acfa02ef0d4fd2d39b8ddb8c1cfbe2b3
df217013fdfee63ccd55f2ffde4fa1b0
def00e53c0103d1e7f13c71fd4b014a7
ff910d2ed1dac75e06f431b0e6ef2ed0
b2e1fcfec423dc0eb3fef0cf30f7ddfe
c0e05ce47340eee13010221f4d2c5e10
24de2224cb02d2482c6da6210ff10c7b
f1f7f31180d2b4fc42113fdffe002eea
fe02bdb0d00cd61eefe112b845c12d91
3e825e7503dee51d3080bf72e1ffc531
4fe115d32f25182fdffd3dc3efb1d0c2
3006f21d1fecc17131f3010db95548db
c401f80c01f120dae300333510c4214f
db3cc744fa3d25bffbe3bc30e2c01f2c
de2f72bbb1445fc2fcd712ef11ff2403
211eddc3113e2d24843412df21ee2d53
ec4fed56cc11357bcf0203f236b42696
f410024ee21516c61732c1f10bc3ffd6
0e0fe219e4d13cfde3df02c40c712bc1
50a07deeffd8e2f13d3ec700a135121e
74d0bd10f2c1da412f020feaeb363d00
10e51cf2ec1d04220dff311575242df0
5fec32531ac38732e50b0b01131edf26
f2ed1c0fe717f4d1d00303fb2321181f
06090d976fe04c3b225354c66ef0de20
600740e903c5132e3267c21bbdccb114
07edc1ecf3f1d19a5e0cb1cda2252537
e2984cd5a012135cfb727d5fe720f6a0
ec7d1e1b07e22231335ef3f2344224a1
e6d7df741e0dfe60f32155b058dc029e
b004e4ce072e1d6224140dde3f2042f1
12fdb160107236c10e3cc033f7300302
fff0e2d03030d14200f7eee002f2131b
f2e01d2c1ae1f441ece740f3f03e2ec2
9f0376ed3fa6b75ac0844e312e1ede19
e18b0d363b462e5a3f50e111c1eff1fc
f5d2ce13120dec813b1f02e6010df4f3
57040f1d11ff100f1ce0bed52db2101d
e0f1dd1200aef3ec7dd338f11211c2d1
315c8deb908b1d4c01155780e0be6c53
f0fd32d0f2e3f12ac3f1df3111ee27d7
4d3200410ee5ecdc3157e0322cbccd24
00da5146907bd71c0c3254a2fb10dc30
4e30cc711301570aeebb52ec0ecfe31e
15938ff42fb18b313cc02f742b42d419
c3fed1ed222ed0f2210f832ecece0edf
d2f340fe4b3d6ee0d2e18fcbf18c361a
d7f8f1fc521031e5b7d134142acd0e07
0d07ef0e253131ec3642398d102402f1
2a5fb12f2d1bf3ffe7b0fd0affe03e2e
e3af73030e02deeef2d32d2402deeff2
c5168705fdf391f24b4fd6d52d2e245c
ae34074d0ef0fef2b013ed1301ee1c2f
8b0d1feeb53554e9fde5182b72d7f2cc
f5d01f5ed960bb06e5fe01f4a39832b8
f829dc1ba4130f4eb3ebdef009fdf1ef
1e301b1c971e01636122f1d3f8d2efbf
1422c4dd0d24c0d12ee80e0f0d11e91f
7d011de2f2390f3493304410ff010ac2
720002e0445cfffcd74e4e245331f4f6
f0b64f02d9c46a3b6d2d11045f3b3de8
284c0ee3ef0e0d92f4454164e1bf1edb
0e4f8b2701ecfd00e3fd40a7e70a124f
fa522001ef3dc3b29b2207a1b67c5e3c
4ce840f1f1fe1142de6604e02fe14b20
f53500ecffc11253e0725efcee1d02a2
3f3ea00f30ff70dfceeb7de11de2220f
0e0220df1f1020f02d10ee02f1f71f21
214b61f20e8e10b3fa2efeb33eaf3b22
a0002d3240346ee4eab2131a2b8c3dee
fc0e20226bcf111020d0eee8030c110e
d2d4eafc04f1f2015ed2c6eefbdb9227
d0f11eceefc320d43748c3bef04eb12e
6e914ac8ed1c2a7fffca50f3bf31120d
fcddc23d904d45f70ec4dcd1132b0892
dfccc7d3e0fb2031a1ed0e5b15a40471
b023b3101c8100cf12ae203232422ed1
cc111e2f220e0203207b02f3e2f2f0ee
33031841f7374df0ce3f2f1ddd00b305
21fef141dd00ddde2e0bb5c437141f3d
ef2f55c5e2c33edf11fd01472e41a23f
4c12ff0eb40122fef13fe0157027f210
3efdd11e652f2239f26fdd510d8c0e33
f72e305184350a93dc00bddce15157c0
5a051103efc11b842c2db70eedd7e222
1dfef05e150f2032becde7da21ccd2b1
240b3002f3ce03273e30e10ff3130010
011df0dfb23120037e12001e0000c031
42df024fa4f7ef32ffc5df0d3600f22d
efa7df42c42dcbd2c065d1f06d21ef2f
e8f0f12ffd1b100c0ead3230efedfe11
345e3f13d12fc82132d455ee033613e0
05573ee4cec20e012402d4343fef3f15
89eefed0ec6f4efe0ef30120c4e5e301
f0f82f304fd3412505e1c330605ed1ee
f21d03b02c1421a1ec2e6e1985deae78
913274c30e230f352b724fb30103db2d
082a7cf731e77c3c0267bed9706df133
d5c1a42f12d3d10f2cd13e7be16b5dfe
011f413fb073ddfd01f24406013420b7
0e023f05fc330f6e08ed0fdcde041d10
c3b15f3100ef07a37f17cf28edcba12b
edbf1235dfa0a7b202fbf2ed409fc172
17c083a105cfbf20060042139ffd5da1
b351c028bfabf531e5f4106f71f41ffe
f10ac22f604fcb3f2e13f0e3d2247bce
ce01f101ee021efdd4ed01d24c04713c
14121aee0332ea0b7e84fbfe62c915b4
d1cef30b0085202c713e2df2f4ef24ad
1b4dfe111fd3fd3d200e0d11ed13f883
20b010ebc5ee11127ed22c30011b2c12
812f0b213e5cd1f262ff01c0312ce3e0
d3d1301afe0aff1fd1f2313deef46750
0002e3dcbce4e80302dee2fee1521e30
31c2e2001ff4ddd41702c1f044ed3d3e
d4ef1d1fe93feccbfc3ba3713342bd10
172dbec2c32ec6fc05f7eabc0125361d
10e48fb5bec330d23ff71dccf2fb103f
fd73e21ff1144dd95eff313f206e1e00
e33811300141007221f221fd32fb1fff
1cd2ee11031c214ce001950e2e37d1ef
0df17255ce332d1c48cf30e1f4a3f2cc
f02d222121cb2370fe2f0b0821400ade
f32ecfd0e6c410c2f2601228ed2a2ce6
cfaeeec2cf8324017e0543c5ef317ecc
e34717211cc0fcbf9c5ed3fbad0d7512
10bfddfc22f32481165f0321f00f6fff
fe2c51d457e01edd23f0f5df0844530f
53f97e4b173d620f7553a71f32735410
e0d38b1203f2ee123430eee1b0032e04
5f6c1deff3137310b1bbdb025ada3d9b
32f0111343af4ade53f2072bc70e6063
dc2f032e540625e7e1fddf244fff0eeb
f8fa34ff1ef000fcfcd1dfb5f0d330d3
6e57e625f3879f4f603778d1e031315e
d3e7e03a4eb97d8e0a39a467fd4ff2fd
224ed0f0102bca33d1ff80eec1321d6a
8054ebf3ab47bca29532b5c2fd20e702
fd05a073aceb077270009c46a72f00a6
3fc002ff0171a0f3dd8dbd279c205c79
5b34c71cf2ed1cef13733defe042a229
eeff522efd6ed3fb65dd82a352f2f1a1
22a0fdaff031bd2cca13248de442dcc1
454ca727ed20dff8caed04e117d3d124
ff43deabf7de03f22e0fe11022dfd6f0
d2c02ef544332f40ea08102d1d903f64
ca1edb0b12143d35215d2020201077c0
e5d22d3c18153fd2b241fe2aab6a6d07
271a01f3e4f63114dc16602edb3b5005
04560273027f035f039c0380026702eb
048802e30249029404d003f1028d02fb
033802d602f603fc031b0289035d0295
040c031f027a02fe03140304039e0316
02ec03160361029e03490280027602ad
02b3038a034f038b028302f0025803d1
02dc0284037f03100219036c03cd04cc
0522041d02c4028c04020328035302d7
0273039504a203e2031e047b04c9038c
02fa03f3036203e102be02b002cf02e3
03c502c6030a02da0320034a02a402b3
03610290030e02be0251033e021a0288
036203b703be022903b903ff03180351
0339026a0317029803ed02d404690372
042203cf0472045103360372036e038e
026303d801f703ce0273026d02e50333
02b7026d038104ee035f02c503040276
03d103990244036203bf0294026c0307
036b02dd047402f002d10418032202d0
02f6030b02b902f203ba03c502a5030c
02b902c80244031c029403ab02ce0370
03020362029e02ff02ea0303026f034f
030e031d02e603e804190384026b031d
0361031503b5030e0339045803480234
02fa0376030c03db039502880381035c
042303dd0339026802290366038e02a3
025801e002be030e0264028902e80349
02f00432042802a402dd02c10363032e
0389032302e4031602ae045e0302043d
0375037102d003080325034f0394041a
02be0331042c059b03ca03ba03bf0343
02a002f502df039c025c02de02e8030e
00000000000000000000000000000000
00000000000000000000000000000000
00000000000000000000000000000000
00000000000000000000000000000000
00000000000000000000000000000000
00000000000000000000000000000000
00000000000000000000000000000000
00000000000000000000000000000000
00000000000000000000000000000000
00000000000000000000000000000000
00000000000000000000000000000000
00000000000000000000000000000000
00000000000000000000000000000000
00000000000000000000000000000000
00000000000000000000000000000000
00000000000000000000000000000000
00000000000000000000000000000000
00000000000000000000000000000000
00000000000000000000000000000000
00000000000000000000000000000000
00000000000000000000000000000000
00000000000000000000000000000000
00000000000000000000000000000000
00000000000000000000000000000000
00000000000000000000000000000000
00000000000000000000000000000000
00000000000000000000000000000000
00000000000000000000000000000000
00000000000000000000000000000000
00000000000000000000000000000000
00000000000000000000000000000000
00000000000000000000000000000000
00000000000000000000000000000000
00000000000000000000000000000000
00000000000000000000000000000000
00000000000000000000000000000000
00000000000000000000000000000000
00000000000000000000000000000000
00000000000000000000000000000000
00000000000000000000000000000000
00000000000000000000000000000000
00000000000000000000000000000000
00000000000000000000000000000000
00000000000000000000000000000000
00000000000000000000000000000000
00000000000000000000000000000000
00000000000000000000000000000000
00000000000000000000000000000000
00000000000000000000000000000000
00000000000000000000000000000000
00000000000000000000000000000000
00000000000000000000000000000000
00000000000000000000000000000000
00000000000000000000000000000000
00000000000000000000000000000000
00000000000000000000000000000000
00000000000000000000000000000000
00000000000000000000000000000000
00000000000000000000000000000000
00000000000000000000000000000000
00000000000000000000000000000000
00000000000000000000000000000000
00000000000000000000000000000000
00000000000000000000000000000000
00000000000000000000000000000000
00000000000000000000000000000000
00000000000000000000000000000000
00000000000000000000000000000000
00000000000000000000000000000000
00000000000000000000000000000000
00000000000000000000000000000000
00000000000000000000000000000000
00000000000000000000000000000000
00000000000000000000000000000000
00000000000000000000000000000000
00000000000000000000000000000000
00000000000000000000000000000000
00000000000000000000000000000000
00000000000000000000000000000000
00000000000000000000000000000000
00000000000000000000000000000000
00000000000000000000000000000000
00000000000000000000000000000000
00000000000000000000000000000000
00000000000000000000000000000000
00000000000000000000000000000000
00000000000000000000000000000000
00000000000000000000000000000000
00000000000000000000000000000000
00000000000000000000000000000000
00000000000000000000000000000000
00000000000000000000000000000000
00000000000000000000000000000000
00000000000000000000000000000000
00000000000000000000000000000000
00000000000000000000000000000000
00000000000000000000000000000000
00000000000000000000000000000000
00000000000000000000000000000000
00000000000000000000000000000000
00000000000000000000000000000000
00000000000000000000000000000000
00000000000000000000000000000000
00000000000000000000000000000000
00000000000000000000000000000000
00000000000000000000000000000000
00000000000000000000000000000000
00000000000000000000000000000000
00000000000000000000000000000000
00000000000000000000000000000000
00000000000000000000000000000000
00000000000000000000000000000000
00000000000000000000000000000000
00000000000000000000000000000000
00000000000000000000000000000000
00000000000000000000000000000000
00000000000000000000000000000000
00000000000000000000000000000000
00000000000000000000000000000000
00000000000000000000000000000000
00000000000000000000000000000000
00000000000000000000000000000000
00000000000000000000000000000000
00000000000000000000000000000000
00000000000000000000000000000000
00000000000000000000000000000000
00000000000000000000000000000000
00000000000000000000000000000000
00000000000000000000000000000000
00000000000000000000000000000000
00000000000000000000000000000000
00000000000000000000000000000000
00000000000000000000000000000000
00000000000000000000000000000000
00000000000000000000000000000000
00000000000000000000000000000000
00000000000000000000000000000000
00000000000000000000000000000000
00000000000000000000000000000000
00000000000000000000000000000000
00000000000000000000000000000000
00000000000000000000000000000000
00000000000000000000000000000000
00000000000000000000000000000000
00000000000000000000000000000000
00000000000000000000000000000000
00000000000000000000000000000000
00000000000000000000000000000000
00000000000000000000000000000000
00000000000000000000000000000000
00000000000000000000000000000000
00000000000000000000000000000000
00000000000000000000000000000000
00000000000000000000000000000000
00000000000000000000000000000000
00000000000000000000000000000000
00000000000000000000000000000000
00000000000000000000000000000000
00000000000000000000000000000000
00000000000000000000000000000000
00000000000000000000000000000000
00000000000000000000000000000000
00000000000000000000000000000000
00000000000000000000000000000000
00000000000000000000000000000000
00000000000000000000000000000000
00000000000000000000000000000000
00000000000000000000000000000000
00000000000000000000000000000000
00000000000000000000000000000000
00000000000000000000000000000000
00000000000000000000000000000000
00000000000000000000000000000000
00000000000000000000000000000000
00000000000000000000000000000000
00000000000000000000000000000000
00000000000000000000000000000000
00000000000000000000000000000000
00000000000000000000000000000000
00000000000000000000000000000000
00000000000000000000000000000000
00000000000000000000000000000000
00000000000000000000000000000000
00000000000000000000000000000000
00000000000000000000000000000000
00000000000000000000000000000000
00000000000000000000000000000000
00000000000000000000000000000000
00000000000000000000000000000000
00000000000000000000000000000000
00000000000000000000000000000000
00000000000000000000000000000000
00000000000000000000000000000000
00000000000000000000000000000000
00000000000000000000000000000000
00000000000000000000000000000000
00000000000000000000000000000000
00000000000000000000000000000000
00000000000000000000000000000000
00000000000000000000000000000000
00000000000000000000000000000000
00000000000000000000000000000000
00000000000000000000000000000000
00000000000000000000000000000000
00000000000000000000000000000000
00000000000000000000000000000000
00000000000000000000000000000000
00000000000000000000000000000000
00000000000000000000000000000000
00000000000000000000000000000000
00000000000000000000000000000000
00000000000000000000000000000000
00000000000000000000000000000000
00000000000000000000000000000000
00000000000000000000000000000000
00000000000000000000000000000000
00000000000000000000000000000000
00000000000000000000000000000000
00000000000000000000000000000000
00000000000000000000000000000000
00000000000000000000000000000000
00000000000000000000000000000000
00000000000000000000000000000000
00000000000000000000000000000000
00000000000000000000000000000000
00000000000000000000000000000000
00000000000000000000000000000000
00000000000000000000000000000000
00000000000000000000000000000000
00000000000000000000000000000000
00000000000000000000000000000000
00000000000000000000000000000000
00000000000000000000000000000000
00000000000000000000000000000000
00000000000000000000000000000000
00000000000000000000000000000000
00000000000000000000000000000000
00000000000000000000000000000000
00000000000000000000000000000000
00000000000000000000000000000000
00000000000000000000000000000000
00000000000000000000000000000000
00000000000000000000000000000000
00000000000000000000000000000000
00000000000000000000000000000000
00000000000000000000000000000000
00000000000000000000000000000000
00000000000000000000000000000000
00000000000000000000000000000000
00000000000000000000000000000000
00000000000000000000000000000000
00000000000000000000000000000000
00000000000000000000000000000000
00000000000000000000000000000000
00000000000000000000000000000000
00000000000000000000000000000000
00000000000000000000000000000000
00000000000000000000000000000000
00000000000000000000000000000000
00000000000000000000000000000000
00000000000000000000000000000000
00000000000000000000000000000000
00000000000000000000000000000000
00000000000000000000000000000000
00000000000000000000000000000000
00000000000000000000000000000000
00000000000000000000000000000000
00000000000000000000000000000000
00000000000000000000000000000000
00000000000000000000000000000000
00000000000000000000000000000000
00000000000000000000000000000000
00000000000000000000000000000000
00000000000000000000000000000000
00000000000000000000000000000000
00000000000000000000000000000000
00000000000000000000000000000000
00000000000000000000000000000000
00000000000000000000000000000000
00000000000000000000000000000000
00000000000000000000000000000000
00000000000000000000000000000000
00000000000000000000000000000000
00000000000000000000000000000000
00000000000000000000000000000000
00000000000000000000000000000000
00000000000000000000000000000000
00000000000000000000000000000000
00000000000000000000000000000000
00000000000000000000000000000000
00000000000000000000000000000000
00000000000000000000000000000000
00000000000000000000000000000000
00000000000000000000000000000000
00000000000000000000000000000000
00000000000000000000000000000000
00000000000000000000000000000000
00000000000000000000000000000000
00000000000000000000000000000000
00000000000000000000000000000000
00000000000000000000000000000000
00000000000000000000000000000000
00000000000000000000000000000000
00000000000000000000000000000000
00000000000000000000000000000000
00000000000000000000000000000000
00000000000000000000000000000000
00000000000000000000000000000000
00000000000000000000000000000000
00000000000000000000000000000000
00000000000000000000000000000000
00000000000000000000000000000000
00000000000000000000000000000000
00000000000000000000000000000000
00000000000000000000000000000000
00000000000000000000000000000000
00000000000000000000000000000000
00000000000000000000000000000000
00000000000000000000000000000000
00000000000000000000000000000000
00000000000000000000000000000000
00000000000000000000000000000000
00000000000000000000000000000000
00000000000000000000000000000000
00000000000000000000000000000000
00000000000000000000000000000000
00000000000000000000000000000000
00000000000000000000000000000000
00000000000000000000000000000000
00000000000000000000000000000000
00000000000000000000000000000000
00000000000000000000000000000000
00000000000000000000000000000000
00000000000000000000000000000000
00000000000000000000000000000000
00000000000000000000000000000000
00000000000000000000000000000000
00000000000000000000000000000000
00000000000000000000000000000000
00000000000000000000000000000000
00000000000000000000000000000000
00000000000000000000000000000000
00000000000000000000000000000000
00000000000000000000000000000000
00000000000000000000000000000000
00000000000000000000000000000000
00000000000000000000000000000000
00000000000000000000000000000000
00000000000000000000000000000000
00000000000000000000000000000000
00000000000000000000000000000000
00000000000000000000000000000000
68b0ee891030ccdd41c04ede607b4d90
0fc2f81073e6f3354e0ca1f3ebe262c4
2e237f20100020a1eef301e21f4e0ff1
be1deceff2141470612649e22dd2a70b
003eb9b2b81d33102db28d0228fc03ce
0321f2d172fc110df2d3ffc1e01ec3cd
001ff31a74d183b130c44f200fee771a
d50e00f2e11ec111d323e21617f111f0
2611230eec22eebf0f78e421e34ddb1c
2213f2312e4f610283d3f10df1210fef
10161e1f050fe02d008df00bd0f10cfe
2512152f8305c03290fd4e53b22ce140
2625761f801e000b007fd1fc731df22f
9ccb9d67ce41026d78af0e78000eed75
141cabd0d5302dee181e12b9ab0330e0
e4de1e33a11ee200655b8ce511a0c480
05ae062c03de71c2317e1edf3144a1df
2e08e22ee1df00ef32414102320e0221
e1b0dd2bf0e7d011cdfccbfb0e14ec21
da10717329ba5108edc3652dcdac0a64
eb2d2fc1dce0134ff0855bc2d035021c
5219ff31f1718e0244d4e54fe3d15e5c
dd4b131c3a3841004f7aaedeaac2a351
4f70022383f524cd30062d05a423f5f1
eea75e8815e5dd5d144ff103d01bd41d
5e4b543001f7133086f2efa202024c10
1d9d103fe31d0f531710561faedf57c1
e26f0e1dd2bf0e1030e00f738f3dff1d
d1ad1127d81dc1e0201e3f001c2023e6
5a7b3e72bd91fde0ed3335faaffdee22
45bf654857a7b2beea5541fcae31ede0
74e70a5202d0f73c427f2debe41b115b
2932f6e87234000b01d3db26a63e41c5
0a04f05021f6d09e5a020e17a73a233b
13e0eff4e11b0f06e1ff8bff4f5efb29
8cf1f1121b71fed11d3126bd2fc5ef1e
2fc1e1010184e3de701544c00f6a0010
4f40ed97c4a5ce76d0eb07097844a11c
c31c6014a80a232dd010de0beedddb52
b17eded110e0cec134e3e1d31e20f3b4
148114d2d11bdcf03b001d44cb223c12
0f4d7f495ef10e2b0349f10e24ae3e7b
01d40da1fc210d2d02fde3dcf4e11ff8
0df3e3334f4d2fd63fec37ceb3f2c640
0213ef31e0812030bf41122dd0e0b42e
4fc0daf8f3a23f00dc233e004700c010
b02ca0cf5f357f1b30f30f1737440f7c
332387b060fccbf660b1d0453b7c3719
1157edd03e2af1dfdd2c67de2d58d36d
d83d552efc8e636d61e0cc317139e15a
f00eef0ff1d1e5ece4f5e610ad7fe4dc
7f0c1ce1d0c2f020edcb0002313decfe
c03b2072d12e21cc0210d07f221fcc11
01fae3f0f1e8a09e00c0220c2ef4321d
de2f00bffb822e3e91ebeceb03200412
40315e113e823041f0e131f1c0ac23d3
2493f4a50102be11214056901f15e79e
ef33eee5cccd22b2410b0e0ec5b1fba8
231ce2e13ab0f50fedbcec1cd3f086bf
42e180cfdbf6d2ecec0451ece0214112
8f3e003591f4e637130afe144eefd2c3
0dfefe91af123c6f190f22f40207523a
2ec2c45da0c2b02c1f1ad9605eb6835a
f0ee11b2ddd4dfe72ead3c0ec251451c
a7671b06b3feef12922b5acfcdb3d0f8
0ce17ed164b0d1a0fb33d530e46c270d
ee1efd71e514d00e155e2f006fe3cced
0f11e411d05eec22f0e0a2f10eea73e7
23b0fa93c11480d9c25dc75235460ffb
0d310e2f4d3e043d42df4cfedd4085a4
30d0dabb1e231dec3ee018210f26d330
fef3122fd0edd21f4faaffee43808452
2f44fcffef1c2e7fc1003104dd700cf1
f01d2321d12b81e2cfd2470f152fc2a2
ec67d5a41fc22b4a570f41d0e1bd11b4
cf27507e00ef6df5831bee71ae0dc3d0
d04dcd2f2b441720130ec0cfd03f302f
13007aeff96b0239810093c1c227f30b
12e6ff14823f3c4caff023383e32fff0
0e12422427731e42ae02d3f581f5d500
5fbec32832d1e4ff930024c1eb17c320
1e1a200ff110e3f461e6f34e27a2f739
f02fe05c31005060e4de5ce0c82011d0
e6beef7125a1f53eecfc4d4d415de387
5bcdf72b4221533b0ff103e416e71f23
61c3ed12413e22dfd3ef517eafebe0d1
e0cbb3f1a921db022e051f8025cd964d
a9603e501d2fdb6d30c6b01302a0e080
82569e1fdf3443c60e5172ea44ccb246
051250216de17f103eee25122351dab6
fc0e22ed5f24ef1c1cc3e4403ecf1722
23e5325db13edff402b41ee40d13e86d
201cffcf3dff77f2e0132e10311db24e
a637c234f9f7328ebd5be4ae6f77c0ee
148ed312e331020f001c403fe42223f1
2bc1eafecf5392708d481ec3212e20d3
2d216b2f61a4f94ea8f001e8ef9e762d
745059e82d3ce3021546fdf370ef5ad2
a5c2e8fef6e459991d3c156efe133f3d
2432066ec0d0150417a561c4ee02100e
d3cfff7176712f291b2fe40f30f0d9de
e8ff5f002e0f1ffe432e2b0e2102eecf
33220977107dedecb2bd6e3bd121643c
e14af5ef5711cbe543111c98d3f301fc
6cd6b2c3b1dc2000d160441021d08024
322edfee332500e61f84230bb0bc6a9e
fff03ee1021e1c6de8db23e032bddd21
c36eaef534dfd1c1dfbb1e478025fc2c
f4378500100c2c0f20124f536240c0e6
32fefa763e05d0edc2ed433f3cd4b284
5b10e112285dfde137ce2d5ef10a52c2
d17d02edf43fcece140e0eddf03ffe41
07baa4d3c32fe0b1711174dfceb9fe1f
0f74124cf004512f2eb3f837abf086bc
20c56ae1eff21e5f1e669fcc538d2d1a
67db240014e7231df331309a223e6f12
281f2f2f350cc0ac209fc02e07f0f11f
707160081ad00d5172dcd02ebe3f580d
f3e47e2000011f1311434cf405d222ef
40e52270363ff7464b130d99ef9e747d
0c1142ebdd087f436e95c211ee7fddee
6c621670deb0302c6f0d130c90e336a7
4fed32f33281e01dfad2e21c2ec302d0
7d2e0ff58bff5114f4303f112cf4320f
cf021bdc111c146092d22723701151f1
b3003fdd0fbef8c3b42cc4e2c45e3403
3d28ae3f11be1d3124f0e32208d0d4e0
f54e44fd4bb1ec37442411279f914114
ceec7ef21f2f2d5341fb235e21effc23
eebf22fc31271c3ed5e5f3dd891d6de2
6e1c840440efe2041e0e471e3e8bc1f2
670701f3f10ff3e35330143eff23a12e
c305930521123f900902c7a7d1f6e55d
773e13f2c7f02b5f402dfff4d24f5cff
f670cfc02d33725ef7afdf0becdfd21e
0b01ff2051de4bce11236320b8123e93
ac3cdce0a234543c8e0efc5fbf052252
70ce61f04258c23e1a2414817045c01e
60828501721d1cd027417f4d4fb2bdb1
97e20b60f9e15d1344f19010141007c3
7dc1ed2adf2b66c011e748f1bbdfde03
eb1e20e4a015f1001d912707311c4313
1a035edbec15018d24cec4e01a203402
f33e54e3570eefcf21ec10e1a090d341
138fbe3cd52df725f5b033a30c3f21e1
833a500f54e921d32c3f3490c69200e3
daed2f92c3103de2732d321af23f0044
df21fdf1e63c52ef0f84fc3016005310
17fb5401aed31fb3c05c3bdd78be3121
fd1c191566efe70ebe8273ee553fedc1
1c2a24920279000f34f18ee0df7cad4f
40ac6e1ff2bd2071c7f50cd10202d86f
f102f213d1f2c112eb33f1049203228d
1a802fdf5351f32113eff2e02043d4b2
e38c91fa01a42113dd2afcbceda81123
2fcc405d34fa0232017b10e052726d4e
2c2dc04f4cefdfeaa3e0007170f5dad4
f0d12e201b2a4f021363734f3ef3ace1
1b20e121c02f7d31432339265277ce83
0000d82bd13ff0d45f30edee2e5b00b1
341eae3bb16043023d44d528c311f2d3
fe263b7f3cf326e3632ce0ded205a01c
d42f058342f50abae1de0311f302f22c
244ceded1f5d90240382100f0154e001
94b7614527c6b95dc812fe316cdcaacc
be55d75ff4622fa1e2e5929901080a2f
f0cf11d2f025ce13ce00d8fed02ede1f
cf6134dffd32de07731fe1722050f77c
f0210200f0e79e3371dc1fd11cf20f4f
15fe602eb3a01211ff71fd33200d3832
4e7efbf0f31f2ec1e1fd3e3ff12af010
4ef1710ff3e0c32ccddf4c0d015dfd22
05a000f2021d11c2fd4c750f32de4eec
ef0df711bfd1f2454850300ee0bccf2f
803fbb034b13fd10cc5cc4e0136aea0f
47c2f5d5570de344bd1459c9dc964af2
1021e230f242ed1e8ffaebe5e3d221e1
e05c1203cb27f74fede06de84c6f3c4d
a047e44d22f290fdc023017200d1141d
89941edd27521d963fbc50143ff0e53e
1d07dbef2be8e0c102fbed112ff124d1
730e5600df23440eee0000c1abe21fc2
ef2e30d38af4143c29015c13e53fd010
5f11ed235f6021fbf4b2c0800422d505
c0061b10f0e071df092fcd10f2ff7dc0
25de00cde00b0ce32201f70126e8e5bc
b33e55ebbddd026cf523c0dcf211b507
121f4131de6ee103ee3273f20f3f1413
aa85e7e27f4dc0b6c5022caeb570f4d6
b61f04533429d1024ffb71ed37210a30
d13a12053302ed6280e117de1d74ef3c
1e833d306f13431b1e10e7d75c3c4d42
dbf00073041b1d42ab52c22dc4eb2071
b89d140f32202df1c0bdbce2ce3a1f7e
368fbf62dd1f203d7e23de4395304231
5240e020eeb2ef11ffdc4c3a155a482e
11d825873e0401a0dbc7f77c3122d143
c1f9b55ba78fc7c021bce77dc7e08abc
3b4aa3e14d5407027e704820c2e1311e
532f26e10cab2e2e3d2d17d531ffeec2
0e1de902d50f400e423df0d1ef07f001
4c02bef2e50c27e23279809ed1f2eca7
2fe0e8ef0a621002f03032d40e21332e
37f10e30bf4f20f753cf13e604ef32ae
03f0cf4311fdcf2371ea3ee4d3efb202
01feb923e11af1d0b3e55f2528d0c6f3
1eb000a9c1b50ef67fe3ad3c02f2c7ab
a8bf0fc3ffb0e200d1fef231fa021f01
e61de463d030a1dbc7cfa47d6e25b074
2371ef2d11100ef5e100ed42cbe24002
2440db6f243cacffeddcddfd670def1a
feedd6e045ee0007fed31bef1bfd201f
d0e3ef00041d3844f6ef12e222eff00e
2fd00118f0e2eeed310e0120c2fc1620
60cde18ce200ffdc01d0300c225bcf53
3ede4c22fdcff3010d2d11e171354f2a
d0e55392711de54ee0902a2d6fb51ef1
d0dba283b0cb0f71fc27ee2cf945f6fe
d7ebffe34f0d214dd147fed0f0de1c42
dbbc26bd2e7eb365fc2ff375394530ac
dec3f00ff70d204ef20de222e12f6a01
c2207cf90cebf1f62e7c8f3ef042cd33
0a124d4ca2d1e8f1001fb34020f1013b
9cb230fe8133203e420e6fd5f022004d
82fd3075f3e37e4900df300dcd1cfe23
121c10011f1f1d0f1e5d1400720f7cc3
dd32fcf60f6f1424cf40a1e7f403ff2d
0f13f003d0cd3cdffd0d223e111d4721
0a0facec5921f2100fe37eb02cf57a3d
1dcf021bdc7e92046cebe21111f10120
ecdf118db3104dd3e247f29202345322
54203c6ef11002be003461802a0c4c70
b755ebf1dfeccf330dbe1e2d53d4c0fc
36af13ef20d27fae90fc1e3b19f0367e
bdeed01db20381d1fd9f1d03fd111f4f
11cc3c19c02c8de0fc0c49e1d52f624e
20c09a49f813d715d242222f0e2ee20e
1ff507f31f5458a53c21d000620df1e4
ee8055e6c6b341434e0fcc73d7013cd1
4f4d4f3605f4042bc5eb2f0a08e1e41f
d18ffe3eede131f10f212f2cf1d238ff
1bddc12d3f10002df0f2d41110e2dfc8
ee02308104d14b3ee57cfc256df3aef6
35b750200e24c10ffeb49f42124f1131
8f24e101e2f31bdc24e426b534dccd5f
d15e9f32ef4647e21270c27e0bea16dd
4f13b837cf13f41fcfc1fe13b2bdf11f
781b27625f0fed63edbd0301b51c5e1f
e2d42d04e815aacea99ef9662f425114
f2d010b0fd2e3120e04f32e97493fd31
fd19403e40f0d7ed0101b67220dfef3f
a10e91413b327ef430144c5dbfc0d8aa
fe72ecb10fd42e20f02fe3e1e027f8ad
db212b12005b0f0e1e233330718a2ee3
d4e92c920faf053720337bcc951faf21
cb0d2d17f10e0140031420ef241c001a
0f66104c0ea30bd90e5d154c0d7c0c11
0f2e141110ae0a850e16105110e91660
0b77110e1323145c0fb00ca60d3511e6
0cd2130c0df213270ddd0e4f0d0e10fd
0c050eaa104d152d15270d8011090e3f
12360be10d4b125210ff0f370baa200f
0f39100b0c2309ee11dc0e140df60f33
143111590cdb0eb70e7910c90e4611fe
133b0fe60f7714aa0c4f11110f331079
0fc110e70d860d500de20dcc11781484
15e90e3e13160f0411c30d1d10720fb7
14340d8912100def0e06132310c90b37
110411250cc411f60f7110a80df00c3e
0ba210ab0f9715cb12c50eee11911037
0edd10cf0bb00eb30fe00efe114f0f32
0e0a13b00e56102110ef0c6913a60b0b
14e110eb0e130d880f9a0f460d7510b5
1782130713050f9412df0fff0cd50e7e
19260bba151c0b800e720dc90d3a0f77
12180ed80ef711620e811a6b0d02114e
0fd90e70100c0f85103716b30f070e3a
0e5c126811540df10f1e13b710790f0a
0f2315100e4112cd10dc0f740c7e15bf
0f3e0c1818850c9e0e6c11310f390af3
150e0b430d290e840fd810c20d500c44
0f840f290dec0fd10daf0db710ea14c9
0bff11380ba41303169d132e11da1333
0ec211e90ec711e2151210c2195b11d2
10a311600dcc13570abe11c008f212aa
0c00125b0fea17631089103d11b615ad
10060ed70f59111e0f4f0b1e11881133
147b0d930e6d15910ccf0f85111a0df3
00000000000000000000000000000000
00000000000000000000000000000000
00000000000000000000000000000000
00000000000000000000000000000000
00000000000000000000000000000000
00000000000000000000000000000000
00000000000000000000000000000000
00000000000000000000000000000000
00000000000000000000000000000000
00000000000000000000000000000000
00000000000000000000000000000000
00000000000000000000000000000000
00000000000000000000000000000000
00000000000000000000000000000000
00000000000000000000000000000000
00000000000000000000000000000000
00000000000000000000000000000000
00000000000000000000000000000000
00000000000000000000000000000000
00000000000000000000000000000000
00000000000000000000000000000000
00000000000000000000000000000000
00000000000000000000000000000000
00000000000000000000000000000000
00000000000000000000000000000000
00000000000000000000000000000000
00000000000000000000000000000000
00000000000000000000000000000000
00000000000000000000000000000000
00000000000000000000000000000000
00000000000000000000000000000000
00000000000000000000000000000000
00000000000000000000000000000000
00000000000000000000000000000000
00000000000000000000000000000000
00000000000000000000000000000000
00000000000000000000000000000000
00000000000000000000000000000000
00000000000000000000000000000000
00000000000000000000000000000000
00000000000000000000000000000000
00000000000000000000000000000000
00000000000000000000000000000000
00000000000000000000000000000000
00000000000000000000000000000000
00000000000000000000000000000000
00000000000000000000000000000000
00000000000000000000000000000000
00000000000000000000000000000000
00000000000000000000000000000000
00000000000000000000000000000000
00000000000000000000000000000000
00000000000000000000000000000000
00000000000000000000000000000000
00000000000000000000000000000000
00000000000000000000000000000000
00000000000000000000000000000000
00000000000000000000000000000000
00000000000000000000000000000000
00000000000000000000000000000000
00000000000000000000000000000000
00000000000000000000000000000000
00000000000000000000000000000000
00000000000000000000000000000000
00000000000000000000000000000000
00000000000000000000000000000000
00000000000000000000000000000000
00000000000000000000000000000000
00000000000000000000000000000000
00000000000000000000000000000000
00000000000000000000000000000000
00000000000000000000000000000000
00000000000000000000000000000000
00000000000000000000000000000000
00000000000000000000000000000000
00000000000000000000000000000000
00000000000000000000000000000000
00000000000000000000000000000000
00000000000000000000000000000000
00000000000000000000000000000000
00000000000000000000000000000000
00000000000000000000000000000000
00000000000000000000000000000000
00000000000000000000000000000000
00000000000000000000000000000000
00000000000000000000000000000000
00000000000000000000000000000000
00000000000000000000000000000000
00000000000000000000000000000000
00000000000000000000000000000000
00000000000000000000000000000000
00000000000000000000000000000000
00000000000000000000000000000000
00000000000000000000000000000000
00000000000000000000000000000000
00000000000000000000000000000000
00000000000000000000000000000000
00000000000000000000000000000000
00000000000000000000000000000000
00000000000000000000000000000000
00000000000000000000000000000000
00000000000000000000000000000000
00000000000000000000000000000000
00000000000000000000000000000000
00000000000000000000000000000000
00000000000000000000000000000000
00000000000000000000000000000000
00000000000000000000000000000000
00000000000000000000000000000000
00000000000000000000000000000000
00000000000000000000000000000000
00000000000000000000000000000000
00000000000000000000000000000000
00000000000000000000000000000000
00000000000000000000000000000000
00000000000000000000000000000000
00000000000000000000000000000000
00000000000000000000000000000000
00000000000000000000000000000000
00000000000000000000000000000000
00000000000000000000000000000000
00000000000000000000000000000000
00000000000000000000000000000000
00000000000000000000000000000000
00000000000000000000000000000000
00000000000000000000000000000000
00000000000000000000000000000000
00000000000000000000000000000000
00000000000000000000000000000000
00000000000000000000000000000000
00000000000000000000000000000000
00000000000000000000000000000000
00000000000000000000000000000000
00000000000000000000000000000000
00000000000000000000000000000000
00000000000000000000000000000000
00000000000000000000000000000000
00000000000000000000000000000000
00000000000000000000000000000000
00000000000000000000000000000000
00000000000000000000000000000000
00000000000000000000000000000000
00000000000000000000000000000000
00000000000000000000000000000000
00000000000000000000000000000000
00000000000000000000000000000000
00000000000000000000000000000000
00000000000000000000000000000000
00000000000000000000000000000000
00000000000000000000000000000000
00000000000000000000000000000000
00000000000000000000000000000000
00000000000000000000000000000000
00000000000000000000000000000000
00000000000000000000000000000000
00000000000000000000000000000000
00000000000000000000000000000000
00000000000000000000000000000000
00000000000000000000000000000000
00000000000000000000000000000000
00000000000000000000000000000000
00000000000000000000000000000000
00000000000000000000000000000000
00000000000000000000000000000000
00000000000000000000000000000000
00000000000000000000000000000000
00000000000000000000000000000000
00000000000000000000000000000000
00000000000000000000000000000000
00000000000000000000000000000000
00000000000000000000000000000000
00000000000000000000000000000000
00000000000000000000000000000000
00000000000000000000000000000000
00000000000000000000000000000000
00000000000000000000000000000000
00000000000000000000000000000000
00000000000000000000000000000000
00000000000000000000000000000000
00000000000000000000000000000000
00000000000000000000000000000000
00000000000000000000000000000000
00000000000000000000000000000000
00000000000000000000000000000000
00000000000000000000000000000000
00000000000000000000000000000000
00000000000000000000000000000000
00000000000000000000000000000000
00000000000000000000000000000000
00000000000000000000000000000000
00000000000000000000000000000000
00000000000000000000000000000000
00000000000000000000000000000000
00000000000000000000000000000000
00000000000000000000000000000000
00000000000000000000000000000000
00000000000000000000000000000000
00000000000000000000000000000000
00000000000000000000000000000000
00000000000000000000000000000000
00000000000000000000000000000000
00000000000000000000000000000000
00000000000000000000000000000000
00000000000000000000000000000000
00000000000000000000000000000000
00000000000000000000000000000000
00000000000000000000000000000000
00000000000000000000000000000000
00000000000000000000000000000000
00000000000000000000000000000000
00000000000000000000000000000000
00000000000000000000000000000000
00000000000000000000000000000000
00000000000000000000000000000000
00000000000000000000000000000000
00000000000000000000000000000000
00000000000000000000000000000000
00000000000000000000000000000000
00000000000000000000000000000000
00000000000000000000000000000000
00000000000000000000000000000000
00000000000000000000000000000000
00000000000000000000000000000000
00000000000000000000000000000000
00000000000000000000000000000000
00000000000000000000000000000000
00000000000000000000000000000000
00000000000000000000000000000000
00000000000000000000000000000000
00000000000000000000000000000000
00000000000000000000000000000000
00000000000000000000000000000000
00000000000000000000000000000000
00000000000000000000000000000000
00000000000000000000000000000000
00000000000000000000000000000000
00000000000000000000000000000000
00000000000000000000000000000000
00000000000000000000000000000000
00000000000000000000000000000000
00000000000000000000000000000000
00000000000000000000000000000000
00000000000000000000000000000000
00000000000000000000000000000000
00000000000000000000000000000000
00000000000000000000000000000000
00000000000000000000000000000000
00000000000000000000000000000000
00000000000000000000000000000000
00000000000000000000000000000000
00000000000000000000000000000000
00000000000000000000000000000000
00000000000000000000000000000000
00000000000000000000000000000000
00000000000000000000000000000000
00000000000000000000000000000000
00000000000000000000000000000000
00000000000000000000000000000000
00000000000000000000000000000000
00000000000000000000000000000000
00000000000000000000000000000000
00000000000000000000000000000000
00000000000000000000000000000000
00000000000000000000000000000000
00000000000000000000000000000000
00000000000000000000000000000000
00000000000000000000000000000000
00000000000000000000000000000000
00000000000000000000000000000000
00000000000000000000000000000000
00000000000000000000000000000000
00000000000000000000000000000000
00000000000000000000000000000000
00000000000000000000000000000000
00000000000000000000000000000000
00000000000000000000000000000000
00000000000000000000000000000000
00000000000000000000000000000000
00000000000000000000000000000000
00000000000000000000000000000000
00000000000000000000000000000000
00000000000000000000000000000000
00000000000000000000000000000000
00000000000000000000000000000000
00000000000000000000000000000000
00000000000000000000000000000000
00000000000000000000000000000000
00000000000000000000000000000000
00000000000000000000000000000000
00000000000000000000000000000000
00000000000000000000000000000000
00000000000000000000000000000000
00000000000000000000000000000000
00000000000000000000000000000000
00000000000000000000000000000000
00000000000000000000000000000000
00000000000000000000000000000000
00000000000000000000000000000000
00000000000000000000000000000000
00000000000000000000000000000000
00000000000000000000000000000000
00000000000000000000000000000000
00000000000000000000000000000000
00000000000000000000000000000000
00000000000000000000000000000000
00000000000000000000000000000000
00000000000000000000000000000000
00000000000000000000000000000000
00000000000000000000000000000000
00000000000000000000000000000000
00000000000000000000000000000000
00000000000000000000000000000000
00000000000000000000000000000000
00000000000000000000000000000000
00000000000000000000000000000000
00000000000000000000000000000000
00000000000000000000000000000000
00000000000000000000000000000000
00000000000000000000000000000000
00000000000000000000000000000000
00000000000000000000000000000000
00000000000000000000000000000000
00000000000000000000000000000000
00000000000000000000000000000000
00000000000000000000000000000000
00000000000000000000000000000000
00000000000000000000000000000000
00000000000000000000000000000000
00000000000000000000000000000000
00000000000000000000000000000000
00000000000000000000000000000000
00000000000000000000000000000000
00000000000000000000000000000000
00000000000000000000000000000000
00000000000000000000000000000000
00000000000000000000000000000000
00000000000000000000000000000000
00000000000000000000000000000000
00000000000000000000000000000000
00000000000000000000000000000000
00000000000000000000000000000000
00000000000000000000000000000000
00000000000000000000000000000000
00000000000000000000000000000000
00000000000000000000000000000000
00000000000000000000000000000000
00000000000000000000000000000000
00000000000000000000000000000000
00000000000000000000000000000000
00000000000000000000000000000000
00000000000000000000000000000000
00000000000000000000000000000000
00000000000000000000000000000000
00000000000000000000000000000000
00000000000000000000000000000000
00000000000000000000000000000000
00000000000000000000000000000000
00000000000000000000000000000000
00000000000000000000000000000000
00000000000000000000000000000000
00000000000000000000000000000000
00000000000000000000000000000000
00000000000000000000000000000000
00000000000000000000000000000000
00000000000000000000000000000000
00000000000000000000000000000000
00000000000000000000000000000000
00000000000000000000000000000000
00000000000000000000000000000000
00000000000000000000000000000000
00000000000000000000000000000000
00000000000000000000000000000000
00000000000000000000000000000000
00000000000000000000000000000000
00000000000000000000000000000000
00000000000000000000000000000000
00000000000000000000000000000000
00000000000000000000000000000000
00000000000000000000000000000000
00000000000000000000000000000000
00000000000000000000000000000000
00000000000000000000000000000000
00000000000000000000000000000000
00000000000000000000000000000000
00000000000000000000000000000000
00000000000000000000000000000000
00000000000000000000000000000000
00000000000000000000000000000000
00000000000000000000000000000000
00000000000000000000000000000000
00000000000000000000000000000000
00000000000000000000000000000000
00000000000000000000000000000000
00000000000000000000000000000000
00000000000000000000000000000000
00000000000000000000000000000000
00000000000000000000000000000000
00000000000000000000000000000000
00000000000000000000000000000000
00000000000000000000000000000000
00000000000000000000000000000000
00000000000000000000000000000000
00000000000000000000000000000000
00000000000000000000000000000000
00000000000000000000000000000000
00000000000000000000000000000000
00000000000000000000000000000000
00000000000000000000000000000000
00000000000000000000000000000000
00000000000000000000000000000000
00000000000000000000000000000000
00000000000000000000000000000000
00000000000000000000000000000000
00000000000000000000000000000000
00000000000000000000000000000000
00000000000000000000000000000000
00000000000000000000000000000000
00000000000000000000000000000000
00000000000000000000000000000000
00000000000000000000000000000000
00000000000000000000000000000000
00000000000000000000000000000000
00000000000000000000000000000000
00000000000000000000000000000000
00000000000000000000000000000000
00000000000000000000000000000000
00000000000000000000000000000000
00000000000000000000000000000000
00000000000000000000000000000000
00000000000000000000000000000000
00000000000000000000000000000000
00000000000000000000000000000000
00000000000000000000000000000000
00000000000000000000000000000000
00000000000000000000000000000000
00000000000000000000000000000000
00000000000000000000000000000000
00000000000000000000000000000000
00000000000000000000000000000000
00000000000000000000000000000000
00000000000000000000000000000000
00000000000000000000000000000000
00000000000000000000000000000000
00000000000000000000000000000000
00000000000000000000000000000000
00000000000000000000000000000000
00000000000000000000000000000000
00000000000000000000000000000000
00000000000000000000000000000000
00000000000000000000000000000000
00000000000000000000000000000000
00000000000000000000000000000000
00000000000000000000000000000000
00000000000000000000000000000000
00000000000000000000000000000000
00000000000000000000000000000000
00000000000000000000000000000000
00000000000000000000000000000000
00000000000000000000000000000000
00000000000000000000000000000000
00000000000000000000000000000000
00000000000000000000000000000000
00000000000000000000000000000000
00000000000000000000000000000000
00000000000000000000000000000000
00000000000000000000000000000000
00000000000000000000000000000000
00000000000000000000000000000000
00000000000000000000000000000000
00000000000000000000000000000000
00000000000000000000000000000000
00000000000000000000000000000000
00000000000000000000000000000000
00000000000000000000000000000000
00000000000000000000000000000000
00000000000000000000000000000000
00000000000000000000000000000000
00000000000000000000000000000000
00000000000000000000000000000000
00000000000000000000000000000000
00000000000000000000000000000000
00000000000000000000000000000000
00000000000000000000000000000000
00000000000000000000000000000000
00000000000000000000000000000000
00000000000000000000000000000000
00000000000000000000000000000000
00000000000000000000000000000000
00000000000000000000000000000000
00000000000000000000000000000000
00000000000000000000000000000000
00000000000000000000000000000000
00000000000000000000000000000000
00000000000000000000000000000000
00000000000000000000000000000000
00000000000000000000000000000000
00000000000000000000000000000000
00000000000000000000000000000000
00000000000000000000000000000000
00000000000000000000000000000000
00000000000000000000000000000000
00000000000000000000000000000000
00000000000000000000000000000000
00000000000000000000000000000000
00000000000000000000000000000000
00000000000000000000000000000000
00000000000000000000000000000000
00000000000000000000000000000000
00000000000000000000000000000000
00000000000000000000000000000000
00000000000000000000000000000000
00000000000000000000000000000000
00000000000000000000000000000000
00000000000000000000000000000000
00000000000000000000000000000000
00000000000000000000000000000000
00000000000000000000000000000000
00000000000000000000000000000000
00000000000000000000000000000000
00000000000000000000000000000000
00000000000000000000000000000000
00000000000000000000000000000000
00000000000000000000000000000000
00000000000000000000000000000000
00000000000000000000000000000000
00000000000000000000000000000000
00000000000000000000000000000000
00000000000000000000000000000000
00000000000000000000000000000000
00000000000000000000000000000000
00000000000000000000000000000000
00000000000000000000000000000000
00000000000000000000000000000000
00000000000000000000000000000000
00000000000000000000000000000000
00000000000000000000000000000000
00000000000000000000000000000000
00000000000000000000000000000000
00000000000000000000000000000000
00000000000000000000000000000000
00000000000000000000000000000000
00000000000000000000000000000000
00000000000000000000000000000000
00000000000000000000000000000000
00000000000000000000000000000000
00000000000000000000000000000000
00000000000000000000000000000000
00000000000000000000000000000000
00000000000000000000000000000000
00000000000000000000000000000000
00000000000000000000000000000000
00000000000000000000000000000000
00000000000000000000000000000000
00000000000000000000000000000000
00000000000000000000000000000000
00000000000000000000000000000000
00000000000000000000000000000000
00000000000000000000000000000000
00000000000000000000000000000000
00000000000000000000000000000000
00000000000000000000000000000000
00000000000000000000000000000000
00000000000000000000000000000000
00000000000000000000000000000000
00000000000000000000000000000000
00000000000000000000000000000000
00000000000000000000000000000000
00000000000000000000000000000000
00000000000000000000000000000000
00000000000000000000000000000000
00000000000000000000000000000000
00000000000000000000000000000000
00000000000000000000000000000000
00000000000000000000000000000000
00000000000000000000000000000000
00000000000000000000000000000000
00000000000000000000000000000000
00000000000000000000000000000000
00000000000000000000000000000000
00000000000000000000000000000000
00000000000000000000000000000000
00000000000000000000000000000000
00000000000000000000000000000000
00000000000000000000000000000000
00000000000000000000000000000000
00000000000000000000000000000000
00000000000000000000000000000000
00000000000000000000000000000000
00000000000000000000000000000000
00000000000000000000000000000000
00000000000000000000000000000000
00000000000000000000000000000000
00000000000000000000000000000000
00000000000000000000000000000000
00000000000000000000000000000000
00000000000000000000000000000000
00000000000000000000000000000000
00000000000000000000000000000000
00000000000000000000000000000000
00000000000000000000000000000000
00000000000000000000000000000000
00000000000000000000000000000000
00000000000000000000000000000000
00000000000000000000000000000000
00000000000000000000000000000000
00000000000000000000000000000000
00000000000000000000000000000000
00000000000000000000000000000000
00000000000000000000000000000000
00000000000000000000000000000000
00000000000000000000000000000000
00000000000000000000000000000000
00000000000000000000000000000000
00000000000000000000000000000000
00000000000000000000000000000000
00000000000000000000000000000000
00000000000000000000000000000000
00000000000000000000000000000000
00000000000000000000000000000000
00000000000000000000000000000000
00000000000000000000000000000000
00000000000000000000000000000000
00000000000000000000000000000000
00000000000000000000000000000000
00000000000000000000000000000000
00000000000000000000000000000000
00000000000000000000000000000000
00000000000000000000000000000000
00000000000000000000000000000000
00000000000000000000000000000000
00000000000000000000000000000000
00000000000000000000000000000000
00000000000000000000000000000000
00000000000000000000000000000000
00000000000000000000000000000000
00000000000000000000000000000000
00000000000000000000000000000000
00000000000000000000000000000000
00000000000000000000000000000000
00000000000000000000000000000000
00000000000000000000000000000000
00000000000000000000000000000000
00000000000000000000000000000000
00000000000000000000000000000000
00000000000000000000000000000000
00000000000000000000000000000000
00000000000000000000000000000000
00000000000000000000000000000000
00000000000000000000000000000000
00000000000000000000000000000000
00000000000000000000000000000000
00000000000000000000000000000000
00000000000000000000000000000000
00000000000000000000000000000000
00000000000000000000000000000000
00000000000000000000000000000000
00000000000000000000000000000000
00000000000000000000000000000000
00000000000000000000000000000000
00000000000000000000000000000000
00000000000000000000000000000000
00000000000000000000000000000000
00000000000000000000000000000000
00000000000000000000000000000000
00000000000000000000000000000000
00000000000000000000000000000000
00000000000000000000000000000000
00000000000000000000000000000000
00000000000000000000000000000000
00000000000000000000000000000000
00000000000000000000000000000000
00000000000000000000000000000000
1211c230120e2edfce4e3d1cf0ff8f1e
f280749f2ece21e32e4e3e524e3b33ff
1ee4e17ff33fe0d031bff8ff1f23e501
3a27ad2d030c40fd62b0f54afefd0373
0dff20029710e31ddc1520df36a2ffb1
c3f1c0f4f4c57461d20d0ed300f5e832
f320e5093fe00edf1fee4a5d108d3d4f
f5de5f0ebfdf292d0f2f56ed3b0213d8
d3bad20fff7212a7f0d07efef0e04472
00fdee1ae12f183bd15034e0eddde10d
22021437bdc0c1e2106e3fdfa1f01fd6
edee110020315ee0c0018a2f46a091f0
822d7b5f244dd2915dfeee15c1e7dc65
dff2ed0e2b3f2c724eb43cd3e0b4246e
bd7d430cd32e2403020444eece31e331
e02f110ed8010f30f115f12300edded0
b7222b1ee10df11c320e31ef13ed002e
c79eccede54bf767fd07fd93d0a8c7ef
1ab23a2e7fdf203120047bdddcf5334c
4f6b5fd170fe32c1f8b1ea01b0fcfdf0
4d9dfe1d3ce5057f802d4cc0c0660240
84bde0f0de123032e36bdfdd1c9d23dc
93bb5efdd915f15f10f2181a17a4f245
c26590349126c7c237ece04520243d54
2e8e35d541512ea172d5fcfcc4d91d22
0f1fc0f00cf3ea075e63ff0fdc22e111
ff8cf113ef01edd1413eef4c3d5000ce
973ce6ede93386f4bfc02630b3e68e55
9fef5fdd1f127e2734d0412de3cef011
1f002c4938b692fd4d2cb231902d0ed1
e33939bee1612fb1d0762f0381032e3f
05f11e1c0020e5d2ec8dd121130e322e
00000000000000000000000000000000
00000000000000000000000000000000
00000000000000000000000000000000
00000000000000000000000000000000
00000000000000000000000000000000
00000000000000000000000000000000
00000000000000000000000000000000
00000000000000000000000000000000
00000000000000000000000000000000
00000000000000000000000000000000
00000000000000000000000000000000
00000000000000000000000000000000
00000000000000000000000000000000
00000000000000000000000000000000
00000000000000000000000000000000
00000000000000000000000000000000
00000000000000000000000000000000
00000000000000000000000000000000
00000000000000000000000000000000
00000000000000000000000000000000
00000000000000000000000000000000
00000000000000000000000000000000
00000000000000000000000000000000
00000000000000000000000000000000
00000000000000000000000000000000
00000000000000000000000000000000
00000000000000000000000000000000
00000000000000000000000000000000
00000000000000000000000000000000
00000000000000000000000000000000
00000000000000000000000000000000
00000000000000000000000000000000
9cd22ec4033ee01e201f721b07ad5072
f201b70aed11971ef6a40dec1503f3bf
772f5161ff823f358a6c3c90e3dff210
553db8beb4076b001c1e7929170f1bb1
efe495f1a6713d83cc537025004fec22
40eee793eece08c912e41cf70c0c1ba2
4134283567a26cf7504d5e43e35145e0
f4e3f35c3dd0cd270001e3f20e0e7def
d152ac66a213aa434ef225e70d8ece4e
a9d4afd5e2db01544ceffdc24e973ce0
ff032520523b258f2f4c3dd14a7de733
04af47003af02f4d2def3c79ee6c84f1
d2214dc47f00eb10d01ea113146f2d4a
4303dd3113fd41e0f037a1011af31001
5fccf12fd103e21f2fbb211ec27115d6
7e3e8f5d0fd073deb6db2e40fe646b6f
47ae3fc93e0b787fbd9e2fcdf121f6ca
20f10241f795c0d21fe584c294224c1b
161e20efd7d5c1bfc80f12d120f20fc3
220dd2ee50ddf3d8c0d44fe6f12630d0
394c6042f0f8430effd1ef2d920de400
1c019c2a32bfbd02afded11274473ff3
245acdf2fece74e36ffd22c34013d9e5
4b270cedc1e611bfd8cd0b2c2f2f6300
6545202032f73258c1331ed10f4d2311
2dc03f61fc27c4c000002df1ce305f84
d0d2443e223db20dfd4f7de160e14003
8561f0fed59dc2ee57120e9a1a72ef73
fe402bcf151d24041c110dbd4f4bf5b8
d67b022e020276ec8fb4eb325041a19f
959fd122168bf400277661d734edcdfd
d11566e02ed7c616bcf61cf42117912c
00000000000000000000000000000000
00000000000000000000000000000000
00000000000000000000000000000000
00000000000000000000000000000000
00000000000000000000000000000000
00000000000000000000000000000000
00000000000000000000000000000000
00000000000000000000000000000000
00000000000000000000000000000000
00000000000000000000000000000000
00000000000000000000000000000000
00000000000000000000000000000000
00000000000000000000000000000000
00000000000000000000000000000000
00000000000000000000000000000000
00000000000000000000000000000000
00000000000000000000000000000000
00000000000000000000000000000000
00000000000000000000000000000000
00000000000000000000000000000000
00000000000000000000000000000000
00000000000000000000000000000000
00000000000000000000000000000000
00000000000000000000000000000000
00000000000000000000000000000000
00000000000000000000000000000000
00000000000000000000000000000000
00000000000000000000000000000000
00000000000000000000000000000000
00000000000000000000000000000000
00000000000000000000000000000000
00000000000000000000000000000000
e975cf4ff0f01ffdd3f524e331d32321
2ce81f8e0c4f3a204bf74f214dbd241b
2310f07f0ed4f0eaa405ecf0fefde5ff
e3f234002cf46f129dbf1208dff33d21
07c2ddd2ff3ff0c084613e1d130dc05f
619febffffc4ec02eeed241a0051fe48
2e704e03fe8ed542f3e2d453424cdf56
46d8e310fe3230f22f2c01262e077eed
21e1e4030cf4729baeeffe0f6e0105f0
80fc2013efd32d0fb52c1b31c32c20d0
4fe2e796c5049305723db211aeaa1e38
422e3c0d2b031003eee02d27111e32e1
2293ff0e2e13f3171120b0213420ff2f
21f31033ec2df7011e0ddecbbb4232f2
25f0f71f1f6fc9c24e804e260e9714b7
ed71c5df0f5bf2bd0510de3314e1d82f
2cce31e14cf77b1ea0ccf741dfd0e2cc
cc7ff1b2af04f41dd1da3e207a01c763
fcd0eb437f72313e5742b12ff30ee0cc
0381cfe2020dfe03110213f2e2e3f2e5
c404ffe01b21fe4f2f627aa0347b72dc
1320bb133210cb03e29fbe2a364d73ef
0f1fc0201c2ce21c200111f4fbfeddc8
1542ee3d332e7005f0e0efae220d0ff0
ffc5eee2cbfdc2ed10e212b01e8a924f
bd11c5242d33227061fe1327eddff1d2
3721b02c3341f91c13246b13bab28907
f143e043527f4f063e42b0c1df5f2e55
2210fee081f2235532412c102ffcadb2
e61e5018e01a2b4e652a27c90bae41f6
e016100f82e6b25fcde3b3cdbd2fbf10
bef02352acaee1ccde8c12a50adff20b
00000000000000000000000000000000
00000000000000000000000000000000
00000000000000000000000000000000
00000000000000000000000000000000
00000000000000000000000000000000
00000000000000000000000000000000
00000000000000000000000000000000
00000000000000000000000000000000
00000000000000000000000000000000
00000000000000000000000000000000
00000000000000000000000000000000
00000000000000000000000000000000
00000000000000000000000000000000
00000000000000000000000000000000
00000000000000000000000000000000
00000000000000000000000000000000
00000000000000000000000000000000
00000000000000000000000000000000
00000000000000000000000000000000
00000000000000000000000000000000
00000000000000000000000000000000
00000000000000000000000000000000
00000000000000000000000000000000
00000000000000000000000000000000
00000000000000000000000000000000
00000000000000000000000000000000
00000000000000000000000000000000
00000000000000000000000000000000
00000000000000000000000000000000
00000000000000000000000000000000
00000000000000000000000000000000
00000000000000000000000000000000
dce10102431215720f1f2cef0f14d000
8d12d6242a01f347f5df2fcca0ff1dae
310f00fe5f220f5ef402e5ff70fb3124
dc3ab231c43bce2d4300210e8d2630f1
1c0a4c1d13f912175d1eff025f0d31dd
29dcb64143bee0824f164c83d0f35d0e
44462ff4023f2ad54d00eadd1ac2fe47
c1e7ded3efc30ee4fe4217ffeb03bbc1
0c3b1d93b3c1babdff2f2d810bb420bc
0c2f02f2e372091f00f3312b1cfdf9d1
be264f0ae27a240017010e6c015ed479
77b4fbe91504be9c1fceb24ae3e2fc0d
125c4321114ce1c123510e7c52441d51
8f4c0d1fcef320e0df50ce0685d75d6b
12710ddeae106cbb2a6f1749b7d3e056
c2e62d34ecc3a32ed90e2710c202f402
e2fef020feffecb1b7faa34e2d9ddc00
8ec209206e4170d04120b7fd53e4ddff
eede02efe0ed21212f018dfe4010d22f
30cc2171225301201eef1702ce6e24ff
3222e4d72dfdf63f313f03332f2f2de7
1c0a0d3dffd8ea41072910031de4efe2
f0ee0e001e363423134da5121e3f2fb8
121decd21334d70ee2112b2af3f10421
f400f11f407f33ff2e39e2cf1d41d3e0
510e0e9f1218d2183322f232e2c342d2
00cd3b4db63331a35a8fec4eece4a72d
01f1efe81c0450eff222701fb24f112e
d5d01150b2aa0a10c1edd5e11800067c
800694013cb0c163d31ec4f9021343fe
3c01a73dd22fc302e3b03fe1f1accee3
1e184f00e3f0bc6e4fe143c4f0f44d2a
00000000000000000000000000000000
00000000000000000000000000000000
00000000000000000000000000000000
00000000000000000000000000000000
00000000000000000000000000000000
00000000000000000000000000000000
00000000000000000000000000000000
00000000000000000000000000000000
00000000000000000000000000000000
00000000000000000000000000000000
00000000000000000000000000000000
00000000000000000000000000000000
00000000000000000000000000000000
00000000000000000000000000000000
00000000000000000000000000000000
00000000000000000000000000000000
00000000000000000000000000000000
00000000000000000000000000000000
00000000000000000000000000000000
00000000000000000000000000000000
00000000000000000000000000000000
00000000000000000000000000000000
00000000000000000000000000000000
00000000000000000000000000000000
00000000000000000000000000000000
00000000000000000000000000000000
00000000000000000000000000000000
00000000000000000000000000000000
00000000000000000000000000000000
00000000000000000000000000000000
00000000000000000000000000000000
00000000000000000000000000000000
0385048703c30515058e065403f2055b
04c10476034a04a30482047704b305ca
0421056e03ba04e4053f05fe03170605
043104fb03d204650413040603e80427
0537046103c9046d03cc042b03fc03d1
03d5063d03be056c041b03dc04aa04a9
03550500058503e003d6059403d203c5
041804390340095403a503a404240668
040203cb044d0325039303d904050476
04bf0788057a03ab06bc04dc056a04c8
0437038b0437054204d60408037804df
078907a9045103ab085f071204dc040c
03e5049304af069e04ed045204ac03c2
05780466041c031b036102b204c2064a
04a403d9040203b70499051e04d804ca
048404bb041a04aa05a204ec02f8047c
00000000000000000000000000000000
00000000000000000000000000000000
00000000000000000000000000000000
00000000000000000000000000000000
00000000000000000000000000000000
00000000000000000000000000000000
00000000000000000000000000000000
00000000000000000000000000000000
00000000000000000000000000000000
00000000000000000000000000000000
00000000000000000000000000000000
00000000000000000000000000000000
00000000000000000000000000000000
00000000000000000000000000000000
00000000000000000000000000000000
00000000000000000000000000000000
00000000000000000000000000000000
00000000000000000000000000000000
00000000000000000000000000000000
00000000000000000000000000000000
00000000000000000000000000000000
00000000000000000000000000000000
00000000000000000000000000000000
00000000000000000000000000000000
00000000000000000000000000000000
00000000000000000000000000000000
00000000000000000000000000000000
00000000000000000000000000000000
00000000000000000000000000000000
00000000000000000000000000000000
00000000000000000000000000000000
00000000000000000000000000000000
00000000000000000000000000000000
00000000000000000000000000000000
00000000000000000000000000000000
00000000000000000000000000000000
00000000000000000000000000000000
00000000000000000000000000000000
00000000000000000000000000000000
00000000000000000000000000000000
00000000000000000000000000000000
00000000000000000000000000000000
00000000000000000000000000000000
00000000000000000000000000000000
00000000000000000000000000000000
00000000000000000000000000000000
00000000000000000000000000000000
00000000000000000000000000000000
93af5f15316204e8d3b04fb34f3ee4e1
02847fce626b7ed217031fd10a14304c
fdf4301de71fc55d300bb7edcec8d663
16fa4eacfc76f4270b4508b00144222c
ec3b1adcda4267220310fa6a07782d2f
2302122e314220ffce8cdd0ed31f1ece
dc024f0f8fdf243a40300514141c649c
2405d31f31e7b11433f20e14f33dd121
24fe14e7b02d0394edee0d33361073c1
ff51939a1dbd010a40f9e08bec90c4c7
04c3a274cf03061e3cc331fe6b00df07
2e3f76c0231fd30f44d44a719e5a5d3d
54fcc19af7dd2d27761e703711eb32cf
d9dfc7b1d21d04e5e3b3f227df3c0cbc
fced1e00df0cfe1fe1f017c4021e1f4e
65222ebf153a112c2261310128f0e3bd
220eca0c370cb7dba02a72b3e35b4e1e
8cd11b23410ca506eff32d1201fd141f
eddc010ff17ef3bb2f21ef250f2ee3d2
10b1ef216d01effd11df65c71dee4d0d
145f20f2e1ed2df13110c00433b80efe
1b1f2f41e4012e2dfcb7e144b2b2ee5d
cee97e9106d022434be7fe3e41021003
00f2b411e3040e1e210d1377222503f2
20dcf80db1cc3b70f10333db3053d4d9
bf33205f3223b50dffaf2dee742cc1dc
5d1702e3483568d0c1f4b2344a617c45
1ef267c75730431000d3fdf20f17050e
7ce29d00cfce961debd1efffeb3f10bc
0143f0f65733c151b54f6ffc7f5242ff
ed1dec2fc12ddcbf13b33ea24cac0258
30bf0a4b2c8bae2368b2341960875ed3
00000000000000000000000000000000
00000000000000000000000000000000
00000000000000000000000000000000
00000000000000000000000000000000
00000000000000000000000000000000
00000000000000000000000000000000
00000000000000000000000000000000
00000000000000000000000000000000
00000000000000000000000000000000
00000000000000000000000000000000
00000000000000000000000000000000
00000000000000000000000000000000
00000000000000000000000000000000
00000000000000000000000000000000
00000000000000000000000000000000
00000000000000000000000000000000
00000000000000000000000000000000
00000000000000000000000000000000
00000000000000000000000000000000
00000000000000000000000000000000
00000000000000000000000000000000
00000000000000000000000000000000
00000000000000000000000000000000
00000000000000000000000000000000
00000000000000000000000000000000
00000000000000000000000000000000
00000000000000000000000000000000
00000000000000000000000000000000
00000000000000000000000000000000
00000000000000000000000000000000
00000000000000000000000000000000
00000000000000000000000000000000
c433044203103fb445e0ea3eff02c7cf
3d7f2ffe0f307f5f6dff043f99b00207
30732b1f200ec12f19dfedd110df9343
efd7ef02d352fed0cefbf0de8e2fa11e
c0053e154e7f34d051fe5ad7028930df
373a23ff13a349dd151ffd131e416bc8
2db3e8f245402d4052003f012c0ff4f0
2ba5a7fc7ad7f455722e515450547d4c
1de100ebfd3ff05380f20001c113d1ff
00df2220d25a60df7f7f0d3fc201c3dd
02020f4c64340f4338d21c0d2ef22001
c7e315e2fb930312ddf130fc0ee332de
17df41d37ef0c12302632cf7c71de3fd
f4e27cee2eff52d10f768ef7cc75abf0
23de0c0baf833eafe51f630c0531d3f2
17dc3b3c27e0524ec6d53ce4dc9e2433
221fa10dfe1243e1d025e248005ad310
fe6278509774cf175127723a406a5229
2f41dc5e0bdc1709573c7f31370cf101
0f004f1ca1379ff3d1f4e64f1fbad2c5
7c31f20d0d21e80e3e20e1ec0ed45d8e
db3e34c2be4214fe15dcec388df8df3f
e1517c6e4f113ffe2f8344e42011f9f1
e107dbfec32375ee2beb3e501fe52f2f
572fd12f5ad66e3da7657f10ff404e04
ee022d0319e3d4b5e6210b7001ee4c00
770a0033e0c63121217b54e013b2824f
73100003d21e3b2ef9e262fc150fb10f
c300ec3d43ffebe1f1e8c066ebbf743f
2fe377f873441340ee13d00e1261008f
d96f341e03661defdb8f1d2311003dcb
4e111c12e73d7fc92efeae7f3ddd5fc3
00000000000000000000000000000000
00000000000000000000000000000000
00000000000000000000000000000000
00000000000000000000000000000000
00000000000000000000000000000000
00000000000000000000000000000000
00000000000000000000000000000000
00000000000000000000000000000000
00000000000000000000000000000000
00000000000000000000000000000000
00000000000000000000000000000000
00000000000000000000000000000000
00000000000000000000000000000000
00000000000000000000000000000000
00000000000000000000000000000000
00000000000000000000000000000000
00000000000000000000000000000000
00000000000000000000000000000000
00000000000000000000000000000000
00000000000000000000000000000000
00000000000000000000000000000000
00000000000000000000000000000000
00000000000000000000000000000000
00000000000000000000000000000000
00000000000000000000000000000000
00000000000000000000000000000000
00000000000000000000000000000000
00000000000000000000000000000000
00000000000000000000000000000000
00000000000000000000000000000000
00000000000000000000000000000000
00000000000000000000000000000000
fd4ee109e37db4be1efd040b0ca7018d
102db0e1ec1100cfd50f1df1472ea01d
4b3812b5f2e2342f0e21c34f4e6eced6
00e126f6db3bf26083115c166ffbcfba
2fa7c1201a233204521713171bdd0be5
130381c4eb215ef3d81154315854e46e
13e03d0146fad736eee127c032452e4b
71993743374f404ce25dfd544310792d
bd1c36ed432423dcdbcbade0ee7e9181
ff412df30d131d18e0003d6100fed2f0
180ff4a5e1a2f500714a1ffc11ebaf5d
3fd03eecfbee7a30eef1a03744cd4712
fd362f62cdc201fad1e8fffd40e003b2
d32067d06022eb1de24166e70dbf0401
d27f14ef2e6f2a913f8e4b35e4c2fea6
e14397b1ed1b2ed03521bd13e11d0e1d
2ea872407fe84b13e234410da0e3f9d1
bf686c40d5ae0134005162ff7cbeb6db
ebecfbf0fe7404403f3041fdf10d3c03
d3980fbc3f3f61020d05200f67f4ec11
61117a4a6affc32f214fd933eee3cf2c
d26d97ad78e4560df104f247f10df140
e0cf19fb1f50f2f01ee1b0fe1eef3fe8
34873bfd0ebce1331f6c338c14ac215a
f002f2df6a227e00d3020c3f3034eebd
3bb02dd0c2b3eca1bfe007d115efcfd4
02f40f173ed5576d2f28da00bee2124b
ce3de301efff142e02971decf1d22080
c74e43f93a3f113312f5bae62d2e0d60
1cd101fd2d12ec31e7bc7e1c0b34d20f
001a241e12dfbd2bf2c5f1fcf34682d3
814ff0dfb30301013c2dedb399beddfe
00000000000000000000000000000000
00000000000000000000000000000000
00000000000000000000000000000000
00000000000000000000000000000000
00000000000000000000000000000000
00000000000000000000000000000000
00000000000000000000000000000000
00000000000000000000000000000000
00000000000000000000000000000000
00000000000000000000000000000000
00000000000000000000000000000000
00000000000000000000000000000000
00000000000000000000000000000000
00000000000000000000000000000000
00000000000000000000000000000000
00000000000000000000000000000000
00000000000000000000000000000000
00000000000000000000000000000000
00000000000000000000000000000000
00000000000000000000000000000000
00000000000000000000000000000000
00000000000000000000000000000000
00000000000000000000000000000000
00000000000000000000000000000000
00000000000000000000000000000000
00000000000000000000000000000000
00000000000000000000000000000000
00000000000000000000000000000000
00000000000000000000000000000000
00000000000000000000000000000000
00000000000000000000000000000000
00000000000000000000000000000000
cefdb2dc3f28d7542215cc3f3acaea36
2d1f1ff3fdf13460f15dbc1710ff0ea2
ed821fd43352dfd2d2ee584c41e1f161
187df6e1b6c912fb0ce2d101e405171b
9f1fdee6eddf301bc520e3ede2258eff
010422c16d35716f43db00623ceb248b
e37322edd6daf053dfefdddefafc3013
10f1ff301cbd101f4e511621d840fca2
5fd0fbee0f22151de0bcdd0ed13811ff
9480025d0ecb420a3541c115b392d701
3f131730c2f4d3033faefa051243d207
8804ffe3f330e24d7224c2d6afb7bdd0
de01e33ff42c00f3e312017d3e11ddf2
fa1cea01b49543cbfef2ecf7e1b73941
e1ea3d0f35d70212cefe0ed20f7e39dc
6f09000d365edd8de62312e22bde081e
ff2e2e4a3b03efd1e01ba27013ae091e
fe1130111231e5f13e0ee70bff01ece0
7456de704dd0dc8fceee4001ddc1700f
cb3cab55e883d2ee5a1dcbaff584fcff
7025cec3fa08d464c130c31d69102f07
14d04c313d1b0e2b022805f720f309f0
2b33d174bcf622167f30e1531c02c2db
d9eef2fbd1ddc2f43010c2e9811cd74c
3225f110feb6121fd20010127ec2ef40
0f2053fc5500f0df42f12354f048ee7e
b014a09fa35b80dc00db372f0c2f114e
530d320f002051ffee20c130c17e080b
36509d4ce60d0ff106fc8de4fa2d730c
7002d36ea13d0ee2c053d31ee7820169
c87d7bf22ef7edc52b0dd30cd144fe60
5ea0c7fdf064e27218cd6f5b2449cf0c
00000000000000000000000000000000
00000000000000000000000000000000
00000000000000000000000000000000
00000000000000000000000000000000
00000000000000000000000000000000
00000000000000000000000000000000
00000000000000000000000000000000
00000000000000000000000000000000
00000000000000000000000000000000
00000000000000000000000000000000
00000000000000000000000000000000
00000000000000000000000000000000
00000000000000000000000000000000
00000000000000000000000000000000
00000000000000000000000000000000
00000000000000000000000000000000
00000000000000000000000000000000
00000000000000000000000000000000
00000000000000000000000000000000
00000000000000000000000000000000
00000000000000000000000000000000
00000000000000000000000000000000
00000000000000000000000000000000
00000000000000000000000000000000
00000000000000000000000000000000
00000000000000000000000000000000
00000000000000000000000000000000
00000000000000000000000000000000
00000000000000000000000000000000
00000000000000000000000000000000
00000000000000000000000000000000
00000000000000000000000000000000
0af407fc07c70714085507e108b90762
07da07b7092b06c10b0e09a60b540647
089d070007a509020c730aae06e9073f
0a2f089208d20a760bfa08b80bdb085b
06c90a2b0ae5078209d7062f0bf706ab
086907dc09b9079909550836086e087e
077f08bf08b707cf0bbf09770a500747
0835095d0700080707da097809960a5f
0ac70928061d09b0091b08d00c6e07e5
064a0866086b09b90b200c5f07300d10
09f4071f076109540817086507890bed
072b057f08e50b2c07d70959099d099d
0a89087f07cb07e00c130a1c084408e1
08b709f8096406db078a0a130ad205ec
08450bc30b3c08f606fe0b9307eb089e
07eb0ad307f90808084409b208820afb
00000000000000000000000000000000
00000000000000000000000000000000
00000000000000000000000000000000
00000000000000000000000000000000
00000000000000000000000000000000
00000000000000000000000000000000
00000000000000000000000000000000
00000000000000000000000000000000
00000000000000000000000000000000
00000000000000000000000000000000
00000000000000000000000000000000
00000000000000000000000000000000
00000000000000000000000000000000
00000000000000000000000000000000
00000000000000000000000000000000
00000000000000000000000000000000
00000000000000000000000000000000
00000000000000000000000000000000
00000000000000000000000000000000
00000000000000000000000000000000
00000000000000000000000000000000
00000000000000000000000000000000
00000000000000000000000000000000
00000000000000000000000000000000
00000000000000000000000000000000
00000000000000000000000000000000
00000000000000000000000000000000
00000000000000000000000000000000
00000000000000000000000000000000
00000000000000000000000000000000
00000000000000000000000000000000
00000000000000000000000000000000
00000000000000000000000000000000
00000000000000000000000000000000
00000000000000000000000000000000
00000000000000000000000000000000
00000000000000000000000000000000
00000000000000000000000000000000
00000000000000000000000000000000
00000000000000000000000000000000
00000000000000000000000000000000
00000000000000000000000000000000
00000000000000000000000000000000
00000000000000000000000000000000
00000000000000000000000000000000
00000000000000000000000000000000
00000000000000000000000000000000
00000000000000000000000000000000
21fefef001ff8ee1fdd12d1ee221e533
b0e005d56b1b45217b5b4d0ccce1c220
e302ff12ef200e01023fe12f11f03e38
ed675c2f23e8fd3a1201f32ce0ce3310
d13fcb2110cb1f1b715c3ac4d0205efc
25e16dd08f2201d3ddf133e81dec3f33
7111cfee61b532f62d2e1ef21e27e1f2
560c269de8cc4dc34f20f1e35daf32ec
70301c3640ff24a0f42f411e02d03fde
a3fc0cd55de3e507d001f5fe4e49f11a
a213941c495fb6bffd001708a1b7104e
6d0013faa072dbdd351a638f2224a04e
e1c214e2f2f04010160e2d92c10c207f
f0eb1ff0003210f1e02300dec44e01c8
c00012c13dd8dcf232f261d65f1c03d7
92b332cec663ca4d110e4c42efd79d6f
038100f11716d01eed38f4b0d01fcbf0
11005b2f212e11d8f4fd10fc31bc9074
4fe02170421103211d3123233d125f5a
fe1a1c2431bd817ade1f02fcf6f703f0
be650a8b12e19c2cb5fec0f0e4ef503d
21f1d90115ffefb32f082bf31ed43e5e
48e31fb4e2390a2600d00a42ef3da5eb
52ff9f3f7e4b2453f2e1a2fd64c2b202
2ab61adfebd16dddffd127c50fcd7003
a2e13063e5e24103ccfcf4110128e54c
e21c20ad1edef12ef04f1152e42ef1e8
32be0b3027a303fa74c70d4fe440e0ff
d0ceec1e1673effe541e1f20f321f2fc
34159a380de3c4d3f9c3a590f165f744
2207cda93fc0229e260f15f660874315
c0fbd228d775ff0db022af932f00050c
0722e1fbf31254fec63335ed01bcdee0
fd300c7de3cddd4af85a504f60275507
2d1d08470010ff1d1210fe302eb3fd0d
b3042e000f09dc308e0a211f511dd1cd
d2adec0207c22e545defb3c0604347c5
fbc03e03011fd3d8e1fe0fbeeeb7d02d
c1e5e543f1bd70ea110fdfcf114e02c2
08dec0a6fe00331bc2c0a150f35a742e
e7600e42511e3512c041ecf401f22511
a7e104da2db00e555243adfecbbd3d9c
d3e334d1420dd6d62e44a19542f72fe0
32c1f7122cddc13d1d22f2f714ed12b6
e02fc37deacc3703e1ff1be9df02ff04
1df3c1c03ec31e45ab1afc3f80c11027
21f0ef0052dc0e12f212e0010f831f1e
101093cfee0b5a7fedebf0f3aa6e23df
17f1eff047bfe7ff753b003f2febf14e
42d1421f757addf02303311f5e0ea437
f3422c13f2277250589321fa0d222e47
c00346f0de72b1fa633c3acb11b191a5
2df60c1beb06045ff2e15ff7322f63e7
d13320e27102000f502d0200402d013a
1b4e01e0c303a12e081d121b03c3f10e
7650d63fb3ed25bcdcd0260474e31d40
ed218a23fa00a0b0d4c21002f01e626d
5800b4030e3de1efd0e3fbdfb3cecdcf
1f8f3b4d0d5d32adf053e4efd1250dea
068a023efdf2e64750e4c12dd7fede04
ff0e37103f0d404ffe0fefc21c1df0f3
1f2240cfa20fc0ef507fe22f0176e333
d5911b14759d50ce3e171203457dc0f0
2dfc1b09139251a2b00f157faf514510
32003800a0f8ecde1793c1d1042cb621
22050bff501970ebddef0b0f8fe30d30
2c9ee32d2ffeec490352fb37bb1feb22
bc10e32010ff00d1d32f3f32daf11583
8e027f9b521b332c3e721e35f2330f19
41fdee0431c02e3d90303b4e0e701121
f041ebe42073dcd03dd3057d325f3d18
b2d113f7e0271e6534760e1e02d2231d
eec4b2152f11bf14efc7f4d4efcf1101
eede72e310fb022ff4b0feded33a405d
033200f43efdd34df1edefe1f0b27dee
3ce1d1f01ed10ea3c2c7447c060e10e0
a1f32c1ff1040a3e196bbcf7f383071c
b30057a7b20dfc0e0a41010f26f41f2f
c54103c4a237ec051f5fa53247f670ed
6f0341209c97e1237381f541402cfcd6
e214f4313f103e1d7663ee371d1243dc
fd3432aef31c228be2f1e0d3f45e135b
90a37f472423c33d521efdf71dc55e04
04e0fb0f121fa4335d047f0eff2c852f
b2f2a221e4ea0852e327421f03786161
3921fd7c3ee62242e531d375feb23f33
400d1fe3cef0fe051def987bcd124146
82e213be212ee4d20df01b8aca20c84c
675207a2afd0123504233509333233cc
2f1224301304301131ef25506e07e0c4
cf149fe2dd2bf08d4e6bfee3efe0e034
30e3002eed0fbe7effef2501fdf1be00
c2483080006235111dafe5ef1404233d
efbf1e7cf1f192d1f0ed03e02fdd4e01
14e0e2c0ee410fef3e31cbed4181d3a1
d1111dfe13f4012be134bd02328ce400
7dcf3d6134f2d60dcfabd10307c00523
3d1aed35325b17e74f33a63c580e33ce
1b7084e26dc4913b13a5f230c9bed343
fc411502d01d6d90dec1213102cec086
3f2fded0ff0fc03deef40de62dc11182
71f0f4e008d3e45030f4d202739d110e
120ffedf12d1002e11b11cffdff00f17
1048ec524bc11101ff30dd11c1e13ff1
ddb3ee520fc3c01a005b38cede23133d
0ed2d070034c04141cccbc3c4fc76d3f
b5034e0538b0eef33b7d3cf71bffdf3e
e62f0c14f5f32ee7fe3f460f530df1ed
e4813cf5d1fe022f1ed56125b2030330
2f0f121e3433e01e4eb07efdf00317e2
10aadf0626d82da5d12a2e203fe09513
ede200e0def3d8936324e0202dc10cc6
1ef4fa1e14f52d53d3a013f529be2cb7
e0e0311c3e0b3e6182efdc11ef22e12e
e7f3fa5fcf103ddbd0bcd27ec41ff414
37dea4342284fc0ceeda3e79de57fd86
2d030bd932f091be0cd7d211e003c452
f2260a8a01c0f1f16cb0ffbf45eb1fe4
a2f2ede20d38cf1f92221e0ed00d004d
40d20e2607b3e53349f2df018200af01
2e2ef94320ae9fee3e8214f03e2f0110
0ded117cf16d01d2701cae22231621e1
20ca414ec653a41f34fd8cef21d02057
b1c122c76aee3cd65cba60e14ba07b0f
b718d244f7cb10e1139d2b45dd0c3eb4
d4a32df1f214d15ef43525bea2ef8193
5141bede5408af041121e3e4ef300d74
22ee280fb2147e45fde2f7b39b9f5fea
1120223feb81eeed3df433052d11d7d5
7d3ef603144d012933740e1207c6c531
4f0928f5039588eb19f567215d70f2dc
11e25a30ff2ce8227136dae8f20c018d
11103bff00e43dff0213efe15cdd81c3
ff18d210111015349f100fe3f2f320be
00af22cb81d49dc21cd09b4fe0b200f0
c1bf73d1370079dcb0bc26e16d3f0273
c911ae1d131410dcff107202e32d340f
d04c4f0e027e031769d7410142f0f41a
ffa0dddfde01f210df594de247e15dd0
bd2dd51303e83eef15e6f46cc13d7502
b2b9e0e033cd75c3f29a5c1ecd254158
8e93e21fdc21e60c651deffd1eefa152
3320e09e2002ec3ee4dbfc1a80cba617
28e131c1833d4021ae2f71feed21e2e1
0144e952c45c461ddffe319df5d6dd68
3cf1a4ee122f1faed3e3a792b80f27e5
e525cc07d033eefa133ec3eee10cc3f1
7e0d700f24d073f050f24e33ed54e3d8
5b430b9ee27f04323d1d2dc81f34e312
2c130113edc5a12e304fcdef01282ecf
b1f224a53270140e2bae6557cf94e00c
04f125e1ecd00d40ad41b0e01f685e1b
22fe734d30e011f13df0331315ee2ed0
300e3232c137b5f30d27d2c08135a230
5fafb0bbe31704e0eadf427171002e10
23305e0d3e86eae1ddc213f2dfe1a110
b21d5ebb300fc553020114ff082b4ccd
df4ee1027420fe4da2aedce0bf51c254
d0c7356fe7ef343f66de61a3c5243e06
5b20426c5b4a91b8246c02e1bd542120
fedf334112ff43d01f3a2fdfdbd97cfb
5f1d515beea4e7140deb0efbd254de01
53a1d16f2f22f65bdef34cbf3b1e4b74
13e0e504be2861ee4aac23c1e4cf0ece
2f4824a0f3218f2130c14e4aaed22203
c0d2b2eef20d2030003d9f4f7fa15ef3
5c6fcc2cf0d131823223b3f429ffbf56
0723d0ee4243f01fde845ff21451463d
dcd01ee0a0cc311d1d0153e8064be8ee
f24cced324c0472ebcfbd04cd3b00e03
d3370643340f20003f1e02fe101b6dee
5741c0d02103dd1b303111423de0e10f
f9116e0d9feacb8f3d8f3f1ee2f30f35
62ae3ff3f1d09efe2177b4b4bb9e2c0e
318002347b156fd675bd70dcf2cfcb45
d4f2e32cebf177030e081b6030eb281f
21eff002f31d72d2051f1efd20fc0cdb
940e420a05301e1322d7b6fedf710f3f
e861f3d00a12020c115152f142ebded3
c022d83add0400010de1a3141103e002
fbd00e5d454ed16e9ec73ec7ff2ede00
f0b403e0e40cd1d2b40c0022f1783023
42504906ce2130540110d01e70cc4330
fa0d2002c5cfc2314b0eb5faecd2f428
a0debf01ebbd305fbf00e0130bde1f7e
e21331c2ed2e2534c4d511a27007e41f
f04813233421313c091e4ef02f3efe2c
121430275079c32446fdd1d03490ef14
24111120ff2efec10bfd0f018c3a1d34
f3f44cd5f2d3a7f4fc06a50e0515f48f
2d1d173ee42c4527e4f1fe352fb5f500
00ef301c6137fefe351ddc25037e6e60
d334e3d7014cce2e3d1971e2e0d56fe2
f0be34801111ef11d2fd11d0e2f1ff26
105405cef2de330e0e12f07ac4b234f3
c151b6ae2d455dbd1a38f1c6feda0f04
a1d40029726ad2060e2a011402930fc1
d62dc003d2e8a031d2fe0c1301f5e01f
f920fdcf433f7d4efd0db0a6543c255e
133f5da27a302fc300013daa1ea2bbb4
43f4ed2fededff49244157f0e1011122
df3fa21b5f830541e720013efe003a3d
1041e921e6e15a65b13ef503f8c376cc
030f283ba4dfeb2b43dd3e2ad312ea12
51c02221123df1f7108e00024042fe5d
ebdbdebbf60d6ef1114fe3e321cee1f7
c3132d17e2489800200e3f4e30cf1252
2fc1ea340547bdea20eff1e1df413e8f
1f0013fde02622c8323ec353ff52efd1
dee110f300d704f4fed5021e1202fee0
7ea5213afddd013def770fcfd2100f4c
163b7c0d323f7e2decee6b1dc42f13e2
2222af0cc05fd4f0f071f1042110d01f
123283eff267ce2e24eacbd213e73a32
52443fc1b73cfee522b5fa74a1dfc722
8de246fd7c30bb49fd610010ccf1d13f
2fd0fe1ae122d0f2aff8d7e6403f6050
498d4ffabf00d256cff6314b4134e047
9cf205ed02ff304ff125620d0ef7dc21
40204cd1f1012fcffee717ddf22402e1
d25c7c8d1c1fc113bcc4c6b0f4576d5d
a0e0fe3c02bfbe1f0f103cd16ee1755a
8ee54ee2c11f4212ee46c26e2ec02646
01f0f3c113dffe1ef1dc81d20f0d3001
1b0ed1720ae3b13fe32312db07e8feb4
de1e4f0e22de80b1ed1dee215b2d01f1
20a1fa8f21312421ef2b82fec62e6132
f4f81de3e2d3b2f07b814d2412f3012d
c1c14fb01f0082f2f0444e04e61e1fc1
3f2f20e71c3fe4e42d022c0101fe263d
0ed532ebf2819e631cf4b4c222e2c121
7104f0c6f42e4eee230f20f52fc44311
2df1ffd4f8f01e03334a1e240b06c271
fdb1517ede40221cd5634fde76222570
06db0cbc7634534143501dfdbbb28670
3d6ee5262e1065d1c0114c9377252b1f
311c10fd2261d4010fd60110b4e02c70
1175121df2773432a5de3e8e3e0f83ce
d01d334cc3ef7cfde12e3fde000f3d0f
7fb19452461c9bf4e38f1f33f1a00321
c102da4c1221382d1d311d4439ebdf7a
2ec4dde1e0a52eade09ba470b90771c2
dece30bd8556e05c2ccfeee11f56ecc2
0fe1204f38fd2224030fe170ee01eab3
297d54e112e4ece16940124e3e4571dc
d1f0f4f3383f301011f2e11010d110da
33630a3312e2e11f585100cf50d94ee4
ffa0d9511b43012f442bdece03f2f37d
f5ca5cd31d021d0b32e0f6734f24821e
ea1dfce4bacb30b10b4351d3ffbf7438
2425254071f34126790124952b0ca90f
8f3c4284be0c1a5e72f2b34e2730e5cf
4f7313fcc0b2e3112c71fc535319ddaf
16bb2f5423cc41327c30e1093ed31007
2f0f2ffc0de2ed1ce12be4342d37211a
031f1e603175300bd3fc1010220eef70
1ca10f3c11820c271011144b13d81bd3
0ee415e7166f0c810dbb0e87111d2054
0f3716c6114b0f660f94164d0c3011c2
0d99113215340f890f320f9b0d45129c
14bb10b90e8d1263192810ca118d1579
10170fd8113e14da149f19e2153a0f4d
157112141758184316d80eff11901f3e
114510030ce10d1715c711630b34109f
17061384103b13c711d8101c11bd0e6b
10511382121c10fc162413bc0f9a193f
128515e9110c1561182712880e6e151f
103412c40efa107810ff0e0310d01392
119117bd187213da111617e3118a0fd4
188a155118591072186610ed11931146
1172139116240dc71007150312e9158b
20a70fe717ad0e831367102a19821027
1483120c0e090f2b15a7129c0c061010
15650e901727190210dd0ed30eea18f4
117d14e613aa136018a00d0d189010fb
17ed10331851156412720e071d511abf
10f21052108f111e1319143114b012c6
10b416620f810df90b6f12cc0eca0dce
0e4c11801184107a1323125a117911c4
0bdc0ed211d70bf010420cc20d6915a8
0e0b1226156c146d1013186d0dcc1195
16cb14d70fdd0cda0f3f12b710ee1111
112511e814051bc60f1b0f26101211d2
11c7140b0fa10e10133f0fe312c4131c
1260106410f610090c42164610340f0b
0ee40f2b0e7d107a0f5d18110dad13a8
11d3154d119210c3103a196c0ff017b4
1b610db210de148b1d9d13c3164d0f2a
00000000000000000000000000000000
00000000000000000000000000000000
00000000000000000000000000000000
00000000000000000000000000000000
00000000000000000000000000000000
00000000000000000000000000000000
00000000000000000000000000000000
00000000000000000000000000000000
00000000000000000000000000000000
00000000000000000000000000000000
00000000000000000000000000000000
00000000000000000000000000000000
00000000000000000000000000000000
00000000000000000000000000000000
00000000000000000000000000000000
00000000000000000000000000000000
00000000000000000000000000000000
00000000000000000000000000000000
00000000000000000000000000000000
00000000000000000000000000000000
00000000000000000000000000000000
00000000000000000000000000000000
00000000000000000000000000000000
00000000000000000000000000000000
00000000000000000000000000000000
00000000000000000000000000000000
00000000000000000000000000000000
00000000000000000000000000000000
00000000000000000000000000000000
00000000000000000000000000000000
00000000000000000000000000000000
00000000000000000000000000000000
72ec0ee20302bfee8bcd0e5f2043e432
d2d406137548ef254e440d65201da253
5e20e2d733a21f7e6182fb21c131e627
9fc106b4cc734bf12d4b1d23dcefdf23
ecf300efeca301c17d5bca0d81ecd0e7
e9217f2000d8dee1dddb52ff23a1fd21
522e3704cc0103f92a2f28c7343da983
8e125e0639ffa012b6eb852a18c3dd0c
be1b6c22c4f4be2ce112161c39b86fc0
bc300c2231f9e0e80df2b0530c5f54ed
3dfd03ee3ff327e1bc3d1be1b56b1ef7
2eccf54441df47bc324c71f32613e32e
cf8e214e44fccd92210b33d0eddc30d0
1313452e6eed00feebd85424fe632d00
4f00ff45c5f04fc0d71f0210fe7ce141
c0c4ef110630e1797f841314011d5021
bd3c24f2ce2735de6b31ef44027c226c
e3d2f213ca1f6220481dee71eb317eec
111ddf5d9413128fc3fe5eaedf2d0d97
2d23102fe333225bfef116212f3ae283
6f27fde151effe51213cefb25a10c5c3
1ee72f5db32107d30111dceff067b241
14d27bcdc2d1f75f33301fe2fdc41e07
1119ecdb6db5d3d9ff3f4472444c0b1f
94453ec6f390be0de5b7300c77016d79
4e051260baed2078f5571f30d20d4e0e
40d0e17d3b0104f2b3cca1130cf52eed
cd433da54d5c12d68ce921f13feb140f
577fd44f12281e0b1d70270ee0e6ac1a
fc4d6e01f5e3eff73d81f424ebd3c620
3f72fd90040212129fba0b0d272c142d
5104b217031d8edc6333cdfcf24e3e1b
2de4703a32915180400e40007fe611a1
4ddd2e71f52dee35dc90d2fa0fff0e3f
f30cfcffbcfcc1b3d2b2eeed72da102c
db67d222fdfeb11fc2ffdd01001d1102
03e5cf14243d2d1f20c700da71163fbf
e20dcf3f0a3a1da1784d3b1c3cea0d3e
cfe195df4087e11e3f69dd1ef34d5e32
7db4ca9fe3f62239f207353e43511e21
153023d16e4c0484ddd20fd38ec4205e
e1ad617c11ffc615ec00fe042df2b1f0
533cdafafed1bde4236f715f6fcf0f3c
300fd0b55f2d54d411484ce0e430f922
2fdbfff9d5d3ce7db33f1286d3bcddcd
8ef0e0e26504c11d26e80023222f34e0
ee5fe9e4dee8fc273d7083fe3fd6e1bb
012c8da3f3bffd7dabd035f3b07ad354
04b7e4c7c43c54b0f14141ec101c0130
433f730bb9e44051de560bbece820401
e24f0e14f1457736de01cf6eea1340f1
e1ee442f117ed12e03201e3efa00e3f3
10e4020ed0ffc08e002d74ff2e30f7d2
023223dcfd2042334d08ffed41e2e14e
8dcb2af2f301f3c2040a1620426affd0
d31ff71aed3c3e5fe4001d2ee10c0303
21f20a00ab00d1151141fe380e010f51
000ebcedf11cee80011531bd8e1614e1
1d30fff243c460f5b41f3fe1b50722e8
18cf4d05131cf320dbfe1221f238450f
d2430c3fd2a9e9be3ad1dc2ee43b2237
ce40135d1f2ef02f8212310feff22fdf
eca1ad5366bb58cf6c40ecb1d62102ff
e2016e38dfd123021c6bd30f8e201c2d
ef1480ee00f3f0fcee3f014ecc05ffe3
12f3e6f2ef2bf2ef16d5edfe22181ed4
0c8a023c33ceb3feec700ff00dc4335d
fd31e553ef2dc5e8d8207f4ea2cffeb3
20f3bf7debe4d6fe0202b3a1fc2f2e32
e2e503ff630fd1d05fe2ee3c2082d00d
9321d1ee3f2fe8312ad03a1c31c0d0de
7fe2de312a9d030c32338f4c000d0eb0
ecd30334e5111ef00f3112810d51eb04
6583dce22d3fdeff253424bfbb50597a
eac12f43e712212fc440ef21207fe16f
b20ffe2e23fe3e413cad0e8012efd251
5bf51d973102e703e023fd2b270dab3f
20d8f4724d4a60d0334e5e62ef5e4f39
7de36059e0dae6003900e007ba3cdf4e
bd2cbf35776df38aad7e4d0d21ccf3e3
bd16d34a2d0031e233030ed1008feaf3
ec2231c0e1134edf8314d70205dd4dc0
2eff10fed3401d580034f06d3e3e3ef2
ba7515de134df1fd1de3b5d1ae10fede
b31e1d4f3800b074c3f4e1feb7ef224a
212ee10410e2eee7502e1d250ed13103
f930ef1af4f4830c0e31570562012319
6f773d378f33ff331382d3376c1ff601
ebcb2324d2f3f2b5dde021efd44dae87
2c7f5fd71bf1c31bd32223d03f114b3c
4f270e6d5c732d7f80cd0c2abdaefcb8
12fabd0c0ddafc20c12f0fff03de2802
f054d02c5141ddc330f0df7972c62d30
3e0d436504e9fd400e0400e32e02328f
011f0205e227e0236112d01dc3ec2dfc
5f3d214c21afff25d01cf3fcd4ee20d7
228f035f0d0c21e01213143bd11d20f4
503e4217c18e2eeefd1d1ef5ae41f22e
cfbf440d03f90b2470d9f0fe0ffe1261
fdc712044f7e0239fd42ddf58efdbcf0
13003d40d14d9ea8df0fd3d12614a12e
06f22537203e921e6e0e2ecfb334c923
dd21eeee1f924fd1ef83dc0f1320bed5
af3a2e1204e760e601fa20d01a22323f
c0fe1d7e0d90d74a2ffef13d042e105e
2b3eb30376f920f5eadbe32b28810402
4defd33ee3553022431fd01df27d40b3
5f8e44b032bc010b10be4fe284432202
30ab3c1e560262e1f1fff0ee7c0e4b43
01bd3d04ec784cf34f1000cc4c605133
5df123d714d053d1c6520d600141c400
d1950042fc83eea144a41eb04ea41125
570ed1173046ecf602f0eff2efe41ef0
5213001fe509b1400118e0f1171ffe61
1f5fcd3f22e03a2e5051021f5ff7b45e
111c4cbfdb20262ffe230f8fecb2ffe7
d1fd43fe5e4ae5f31d1e34ac248b0fed
1803424ecee2cec1ffe102070fa17cff
5321033e33d73151ffdff0e3e25e03d0
d3f112fcf82e1f0e151d523eee4d2fc2
fb74fdc2f1e303f3841dcc02e210555e
d4f343540e2ad1ef16c21057d6bbdf91
f1c8300fe22ef1dbd8dc9dbfdd8dfd03
e2f2f0f6c0fefa3520e3bfc051bb5800
10401cfc71e900a943a0e43700b92c00
f1e3a571fc5abc6eb0568212f4f0c1ca
ec4c5b33edf07112dcd7cbdeb8b133cd
3c10f0002ff3fe1d00e50e2f75f21fe0
f3716095c66e0291efc2e7f8165c6012
1bd002f249ea203e2fe2cf71e7ff0c3d
17db42f12c550c403c17ac6005e92f24
deddd44e4eeb24f5b72ccc1ec1472426
e72ffcf0efc014bfd452d1ee04cd9e10
f24fbcfe2cbc09edca51e4318b7be648
071270fe4acfede14ffdf2f0e407b02e
5f2152f58eb27aecff1b112d3e82fef1
6bcf4f8e6fc5191afb8dcd1101b7fb61
1b15f1c422d01f2e03104e544d0ffff7
4e1e70dfd22e00ef4ecf03e43b4c0cfd
e74ff1202011114f31ff11100d2021e3
27503fa2104e2de1cdfce710f120b230
12784d231e4236530044c2b06b1203f0
c951d2f80f012b019ff36a0684a91cd3
8d1331f3340eeaff003920202ec34cfc
cfdd3d2922bb0d7730eff8de0db7db54
6d7d1d301e3d10e0104b27cf0ce4194e
1ef2046f752ebf7002021e372bec1dd1
1e02abf340fce4eeb8d0107d4312cf3b
dd51e337c08f9dfcc0d31930a10454c0
ce3f01ed131f2d2f82f120e3ef9e0d32
d07d1b4e50d1b53d0c32c7a45f8b403c
3e123af526ff8d00d122ce3d3040d00b
01000fe370e120eaeec302f1c2d00e22
e012631d4fed8f1fe24f03f7bb9e394d
43fcc3741f01bef70da3d0423ce1d0df
1972f37bfe6c361301c3ec5f05f28e99
f0fdbf22fe6172f1ae1db31c2bdeee1e
03d2c9b4534e002f4f855ef4f4dfdbf9
e21325fd00e14e3f6f12fd5d3f17a108
2202dcefb373b00ee1142c03fffb83d2
3f34bbcfcfd3e3edaae1cfe24c77c200
03d4eda144732ccd95320057039f0414
bfb104fdff32a523110c01173c213d33
cf1eb49f3edf34ec24fd2a7e8b233b4d
310f21b0cf041027e42f0bf98cd4585c
c20edd3e342dd11fb1eb0c3371df1114
3a21ff3ddee203c3319851b4e42c3510
ba70bf20c0400832024e0c220f2100e0
ffc1f6b411e5bde205ee4ee2fed8fb90
dfd00db20702d2d007f9e04105ed10e0
133f4f32213072d5e7d41318f04d3d13
c1ff5a806e2dfcc6f2d02f1a32b461f3
defb30291cd18fe2feafcf12eff1f010
221f180419fd40d20d1ef1fd6d31d0c1
0cb9551f13d5049f839e47f059fc1a4c
f267043ee031c52400e81c831313fdfe
0020ff2130dffdc02a1111e1248ef5d4
0d7000ae4cfd2c044dceedd310c05a1e
32422525f5c80de45b2d0cf01d3fc00f
ef7ee1e0102301faef2da43de932fc1b
257d1ef7cc04ac604e0914e81d001efe
210053a0781a2f3101343d3b2cbf50dc
49698791e0111d533c2201fc43beff4f
001e5f4e2eb242151c5f9efdf8fce01e
13125c5330301bec71a0dde241e2d0fe
e1b3f7f638d4223e0d0c4c54100f1f41
5fa72e2df52c9420502113bee2630212
1c6c45fd420423277cf40db63ec30d24
83efbeddf6acb05e3b1e2d3b27fd2ff3
0d4d206af9cb3f05f35127e241f3307b
029fcce1fe892d9540cceffea638febe
01fc6c0bf3433120cbc2df8453d6d0b1
dbd22e3eb5ed110c7b2ff4e112b0fa27
7110f2e8f058e43e2ece351442fb6abd
3137210ad121126a0d9d9d3c0fa720d0
e0f5c0fd7325d1b81d231e123ff12211
221e4e79424d0147f63c1207cb572d1c
e34f1cdd242c915113312d4f3e81c034
3eff3201d238dfee2a01fde062fafe26
414d7a0ee940fdbc3c5e22102225102f
111064f4ff00225fff8411fc12bfd32c
f5ef2d2e1f3f3320e01ff7e13322d3c2
c7e4433d1115bf035ce1d25812dbaf20
02135451f1f9ffe002710372ff41b012
e6e246da0f2c1b3cd0e0582fdbddd2e3
f53e0533bcfab52732feef0e0c2038fd
2ebbbb48f03bc0b3941ff20324fafedc
0f2c0f40e220f34e0000250e2118d3f6
dcce2e1d7345ae3402f1f8c20f2f6ac1
f10ff5d64bce15cfe3cb14d018ce72cf
05009e41f2b2ff0a1020178e15ff0f9c
a2dd0f047ef2174f67dc0eef1d93cbf1
d226d4cfb1a1f3ac5c52bbf27cdf802e
4f0ae8023e21f39caf2152cc13d0af1e
0e80c0fe53ffee1ef3f100edf10fee5e
274f1d005d200eb210021effef2ff1d3
3d3f24041fc214e01352280efef00cfa
f200f23764f01ffd1d1bedd2c3e2e0ed
fa0c0200d2ed4ef35f11314fdff3d83f
35408af306e13ffd24e2dd22dfd71c1e
5c28f11ba0b1dbde0de0bce405b232f3
d9040121f41ec322d5d9a474207040c3
bde6cecebce6521e1c37a141edde4251
52a103eff2a4ace104bb8201ff004104
34ff710023d1c45122011f022fae422d
2f00825fc153aa63103d1393414d5ef0
23007f0f4106140cb3110415b84611bb
e3111f371d0fe0e0330e63e17ef1512c
f173330d12f22e100191501dcee0d012
4dfb797c81ea4c26043e01fcd27e6b0f
024dfb20e1736701ee4d0e03eff2401f
ae1d0b7dee0586441c213f29d278e111
f0166512fe121d3257816bf811f1931c
0632b22213d8d9531e0b15ffff066d02
38011122d1131d21ec0c24ff22ed1e0f
567cecead1e000134d1ee3bc0ccfd3c5
0ce77754e91490f32e1502bb22a31c54
4e1202d1eed01121012e5b0540f275e2
102f0f0cc5e100ff043f000f0a4fef08
0feed03f66e380fe12e21212113db10f
c913bd304b79bf205e8ee1c00541fe40
d12bce252330efbf2122f2daf4a0248e
f302200b7219cc20cf054ecde3bffc43
5814eb5fddde1fef104e0f3c4d9e24fd
f71213cd76f303ee1d50d11f21638f3c
e159d0445f4c1da1cf39d611eb71db08
0e40f7bde30dddb3f6bf3f3bfdf39b2f
fc7ee439c06d4fd42e002e4ffe1af1c4
10b5f57f12df25c4f12d2fff0ffdde33
42de550d20422fb1bbe8c02e30ffe0e3
1a092fce31e46dce7010ee0e1116ff00
95de210db0d63ddc58fb2120e9e0e3fe
fb9fd34f6a11d0e0e38fabff2ec0d2f4
fe7111df1decd2df1eae18e340e2334f
e52fc15efef3ef477c2040cbd54c426e
db72e5afbc248cdbb57f1d02e4c31009
01490148019000f6017300bf01cc01db
01cf015d013c01310132011e011d0190
018b00e701f30150012d016001160133
014f01590196011801570137016000da
01ce018200bc012b01540108010b0122
01a701df017500e40169013201470107
0141013200f601460122011101010151
016f0115011c00fb010000bb011a0117
0127015d0109012a010500f5012800ee
0164010b01bf017c012c014001f6014e
011501be01b400c600dc0124010200d4
010f019100b7011300fc011601090103
01ba012d016a012a01c3017b011100d9
014a012c016801a8012f017c010401fc
013a0102017d017f00f1015401330143
018c019901f80119014f019a01e20152
013f013f01670137017b014f016d0122
011a00f4018b018d0102012c0167011a
00ce019f012e016901810138015e0155
00e50137013e013e010c012001ed0162
018b018e015b0110016f011d018b00d2
0112011a010b0120021c01380110014d
0196013b014a0158012b00fa01440104
01c400e5014200e8017100b7017e010a
017801a300fd0148010a02160108013c
0149014b011601540145013d014b0154
00ce0114010c01a200ed0139010b0129
0215012d026f010c022b011f01f00102
018a018f00ea00d80158019000ee0129
012d012b017a0166016f012e01340153
0177012d0153015e0117011c01690108
0129010901ff0149013100f300f80118
00000000000000000000000000000000
00000000000000000000000000000000
00000000000000000000000000000000
00000000000000000000000000000000
00000000000000000000000000000000
00000000000000000000000000000000
00000000000000000000000000000000
00000000000000000000000000000000
00000000000000000000000000000000
00000000000000000000000000000000
00000000000000000000000000000000
00000000000000000000000000000000
00000000000000000000000000000000
00000000000000000000000000000000
00000000000000000000000000000000
00000000000000000000000000000000
00000000000000000000000000000000
00000000000000000000000000000000
00000000000000000000000000000000
00000000000000000000000000000000
00000000000000000000000000000000
00000000000000000000000000000000
00000000000000000000000000000000
00000000000000000000000000000000
00000000000000000000000000000000
00000000000000000000000000000000
00000000000000000000000000000000
00000000000000000000000000000000
00000000000000000000000000000000
00000000000000000000000000000000
00000000000000000000000000000000
00000000000000000000000000000000
5fef30cdcce2e6cc371213dc1312fb02
26d08fcdb3531f423bbe1ac25c0413f7
00000000000000000000000000000000
00000000000000000000000000000000
00000000000000000000000000000000
00000000000000000000000000000000
00000000000000000000000000000000
00000000000000000000000000000000
00000000000000000000000000000000
00000000000000000000000000000000
00000000000000000000000000000000
00000000000000000000000000000000
00000000000000000000000000000000
00000000000000000000000000000000
00000000000000000000000000000000
00000000000000000000000000000000
00000000000000000000000000000000
00000000000000000000000000000000
00000000000000000000000000000000
00000000000000000000000000000000
00000000000000000000000000000000
00000000000000000000000000000000
00000000000000000000000000000000
00000000000000000000000000000000
00000000000000000000000000000000
00000000000000000000000000000000
00000000000000000000000000000000
00000000000000000000000000000000
00000000000000000000000000000000
00000000000000000000000000000000
00000000000000000000000000000000
00000000000000000000000000000000
00000000000000000000000000000000
00000000000000000000000000000000
00000000000000000000000000000000
00000000000000000000000000000000
00000000000000000000000000000000
00000000000000000000000000000000
00000000000000000000000000000000
00000000000000000000000000000000
00000000000000000000000000000000
00000000000000000000000000000000
00000000000000000000000000000000
00000000000000000000000000000000
00000000000000000000000000000000
00000000000000000000000000000000
00000000000000000000000000000000
00000000000000000000000000000000
00000000000000000000000000000000
00000000000000000000000000000000
00000000000000000000000000000000
00000000000000000000000000000000
00000000000000000000000000000000
00000000000000000000000000000000
00000000000000000000000000000000
00000000000000000000000000000000
00000000000000000000000000000000
00000000000000000000000000000000
00000000000000000000000000000000
00000000000000000000000000000000
00000000000000000000000000000000
00000000000000000000000000000000
00000000000000000000000000000000
00000000000000000000000000000000
3083fe0c22eeeddc0e2dd61c31f00090
23ff2f15d40ed021ec13da9142f7d25e
00000000000000000000000000000000
00000000000000000000000000000000
00000000000000000000000000000000
00000000000000000000000000000000
00000000000000000000000000000000
00000000000000000000000000000000
00000000000000000000000000000000
00000000000000000000000000000000
00000000000000000000000000000000
00000000000000000000000000000000
00000000000000000000000000000000
00000000000000000000000000000000
00000000000000000000000000000000
00000000000000000000000000000000
00000000000000000000000000000000
00000000000000000000000000000000
00000000000000000000000000000000
00000000000000000000000000000000
00000000000000000000000000000000
00000000000000000000000000000000
00000000000000000000000000000000
00000000000000000000000000000000
00000000000000000000000000000000
00000000000000000000000000000000
00000000000000000000000000000000
00000000000000000000000000000000
00000000000000000000000000000000
00000000000000000000000000000000
00000000000000000000000000000000
00000000000000000000000000000000
00000000000000000000000000000000
00000000000000000000000000000000
00000000000000000000000000000000
00000000000000000000000000000000
00000000000000000000000000000000
00000000000000000000000000000000
00000000000000000000000000000000
00000000000000000000000000000000
00000000000000000000000000000000
00000000000000000000000000000000
00000000000000000000000000000000
00000000000000000000000000000000
00000000000000000000000000000000
00000000000000000000000000000000
00000000000000000000000000000000
00000000000000000000000000000000
00000000000000000000000000000000
00000000000000000000000000000000
00000000000000000000000000000000
00000000000000000000000000000000
00000000000000000000000000000000
00000000000000000000000000000000
00000000000000000000000000000000
00000000000000000000000000000000
00000000000000000000000000000000
00000000000000000000000000000000
00000000000000000000000000000000
00000000000000000000000000000000
00000000000000000000000000000000
00000000000000000000000000000000
00000000000000000000000000000000
00000000000000000000000000000000
d1f0e310f13efe0f0030f11d0ee8def2
ef11ec2dc03f5b0dd0bf00101f86b13b
00000000000000000000000000000000
00000000000000000000000000000000
00000000000000000000000000000000
00000000000000000000000000000000
00000000000000000000000000000000
00000000000000000000000000000000
00000000000000000000000000000000
00000000000000000000000000000000
00000000000000000000000000000000
00000000000000000000000000000000
00000000000000000000000000000000
00000000000000000000000000000000
00000000000000000000000000000000
00000000000000000000000000000000
00000000000000000000000000000000
00000000000000000000000000000000
00000000000000000000000000000000
00000000000000000000000000000000
00000000000000000000000000000000
00000000000000000000000000000000
00000000000000000000000000000000
00000000000000000000000000000000
00000000000000000000000000000000
00000000000000000000000000000000
00000000000000000000000000000000
00000000000000000000000000000000
00000000000000000000000000000000
00000000000000000000000000000000
00000000000000000000000000000000
00000000000000000000000000000000
00000000000000000000000000000000
00000000000000000000000000000000
00000000000000000000000000000000
00000000000000000000000000000000
00000000000000000000000000000000
00000000000000000000000000000000
00000000000000000000000000000000
00000000000000000000000000000000
00000000000000000000000000000000
00000000000000000000000000000000
00000000000000000000000000000000
00000000000000000000000000000000
00000000000000000000000000000000
00000000000000000000000000000000
00000000000000000000000000000000
00000000000000000000000000000000
00000000000000000000000000000000
00000000000000000000000000000000
00000000000000000000000000000000
00000000000000000000000000000000
00000000000000000000000000000000
00000000000000000000000000000000
00000000000000000000000000000000
00000000000000000000000000000000
00000000000000000000000000000000
00000000000000000000000000000000
00000000000000000000000000000000
00000000000000000000000000000000
00000000000000000000000000000000
00000000000000000000000000000000
00000000000000000000000000000000
00000000000000000000000000000000
f0d70be3610b0323320ed224315d4d0f
bf59e7073ab92c2e31fbfa61400d7cad
00000000000000000000000000000000
00000000000000000000000000000000
00000000000000000000000000000000
00000000000000000000000000000000
00000000000000000000000000000000
00000000000000000000000000000000
00000000000000000000000000000000
00000000000000000000000000000000
00000000000000000000000000000000
00000000000000000000000000000000
00000000000000000000000000000000
00000000000000000000000000000000
00000000000000000000000000000000
00000000000000000000000000000000
00000000000000000000000000000000
00000000000000000000000000000000
00000000000000000000000000000000
00000000000000000000000000000000
00000000000000000000000000000000
00000000000000000000000000000000
00000000000000000000000000000000
00000000000000000000000000000000
00000000000000000000000000000000
00000000000000000000000000000000
00000000000000000000000000000000
00000000000000000000000000000000
00000000000000000000000000000000
00000000000000000000000000000000
00000000000000000000000000000000
00000000000000000000000000000000
00000000000000000000000000000000
00000000000000000000000000000000
00000000000000000000000000000000
00000000000000000000000000000000
00000000000000000000000000000000
00000000000000000000000000000000
00000000000000000000000000000000
00000000000000000000000000000000
00000000000000000000000000000000
00000000000000000000000000000000
00000000000000000000000000000000
00000000000000000000000000000000
00000000000000000000000000000000
00000000000000000000000000000000
00000000000000000000000000000000
00000000000000000000000000000000
00000000000000000000000000000000
00000000000000000000000000000000
00000000000000000000000000000000
00000000000000000000000000000000
00000000000000000000000000000000
00000000000000000000000000000000
00000000000000000000000000000000
00000000000000000000000000000000
00000000000000000000000000000000
00000000000000000000000000000000
00000000000000000000000000000000
00000000000000000000000000000000
00000000000000000000000000000000
00000000000000000000000000000000
00000000000000000000000000000000
00000000000000000000000000000000
03690236048901970516042904be021f
00000000000000000000000000000000
00000000000000000000000000000000
00000000000000000000000000000000
00000000000000000000000000000000
00000000000000000000000000000000
00000000000000000000000000000000
00000000000000000000000000000000
00000000000000000000000000000000
00000000000000000000000000000000
00000000000000000000000000000000
00000000000000000000000000000000
00000000000000000000000000000000
00000000000000000000000000000000
00000000000000000000000000000000
00000000000000000000000000000000
00000000000000000000000000000000
00000000000000000000000000000000
00000000000000000000000000000000
00000000000000000000000000000000
00000000000000000000000000000000
00000000000000000000000000000000
00000000000000000000000000000000
00000000000000000000000000000000
00000000000000000000000000000000
00000000000000000000000000000000
00000000000000000000000000000000
00000000000000000000000000000000
00000000000000000000000000000000
00000000000000000000000000000000
00000000000000000000000000000000
00000000000000000000000000000000
00000000000000000000000000000000
00000000000000000000000000000000
00000000000000000000000000000000
00000000000000000000000000000000
00000000000000000000000000000000
00000000000000000000000000000000
00000000000000000000000000000000
00000000000000000000000000000000
00000000000000000000000000000000
00000000000000000000000000000000
00000000000000000000000000000000
00000000000000000000000000000000
00000000000000000000000000000000
00000000000000000000000000000000
00000000000000000000000000000000
00000000000000000000000000000000
00000000000000000000000000000000
00000000000000000000000000000000
00000000000000000000000000000000
00000000000000000000000000000000
00000000000000000000000000000000
00000000000000000000000000000000
00000000000000000000000000000000
00000000000000000000000000000000
00000000000000000000000000000000
00000000000000000000000000000000
00000000000000000000000000000000
00000000000000000000000000000000
00000000000000000000000000000000
00000000000000000000000000000000
00000000000000000000000000000000
00000000000000000000000000000000
c66f0f6c2cd3a0322ffa95176cf020eb
28e7fc4711ff80d08034de5121742e10
00000000000000000000000000000000
00000000000000000000000000000000
00000000000000000000000000000000
00000000000000000000000000000000
00000000000000000000000000000000
00000000000000000000000000000000
00000000000000000000000000000000
00000000000000000000000000000000
00000000000000000000000000000000
00000000000000000000000000000000
00000000000000000000000000000000
00000000000000000000000000000000
00000000000000000000000000000000
00000000000000000000000000000000
00000000000000000000000000000000
00000000000000000000000000000000
00000000000000000000000000000000
00000000000000000000000000000000
00000000000000000000000000000000
00000000000000000000000000000000
00000000000000000000000000000000
00000000000000000000000000000000
00000000000000000000000000000000
00000000000000000000000000000000
00000000000000000000000000000000
00000000000000000000000000000000
00000000000000000000000000000000
00000000000000000000000000000000
00000000000000000000000000000000
00000000000000000000000000000000
00000000000000000000000000000000
00000000000000000000000000000000
00000000000000000000000000000000
00000000000000000000000000000000
00000000000000000000000000000000
00000000000000000000000000000000
00000000000000000000000000000000
00000000000000000000000000000000
00000000000000000000000000000000
00000000000000000000000000000000
00000000000000000000000000000000
00000000000000000000000000000000
00000000000000000000000000000000
00000000000000000000000000000000
00000000000000000000000000000000
00000000000000000000000000000000
00000000000000000000000000000000
00000000000000000000000000000000
00000000000000000000000000000000
00000000000000000000000000000000
00000000000000000000000000000000
00000000000000000000000000000000
00000000000000000000000000000000
00000000000000000000000000000000
00000000000000000000000000000000
00000000000000000000000000000000
00000000000000000000000000000000
00000000000000000000000000000000
00000000000000000000000000000000
00000000000000000000000000000000
00000000000000000000000000000000
00000000000000000000000000000000
f470cff3f2d1ff31622fbee112de0e3b
e0031ec6074d9b7e04f399fdff001018
00000000000000000000000000000000
00000000000000000000000000000000
00000000000000000000000000000000
00000000000000000000000000000000
00000000000000000000000000000000
00000000000000000000000000000000
00000000000000000000000000000000
00000000000000000000000000000000
00000000000000000000000000000000
00000000000000000000000000000000
00000000000000000000000000000000
00000000000000000000000000000000
00000000000000000000000000000000
00000000000000000000000000000000
00000000000000000000000000000000
00000000000000000000000000000000
00000000000000000000000000000000
00000000000000000000000000000000
00000000000000000000000000000000
00000000000000000000000000000000
00000000000000000000000000000000
00000000000000000000000000000000
00000000000000000000000000000000
00000000000000000000000000000000
00000000000000000000000000000000
00000000000000000000000000000000
00000000000000000000000000000000
00000000000000000000000000000000
00000000000000000000000000000000
00000000000000000000000000000000
00000000000000000000000000000000
00000000000000000000000000000000
00000000000000000000000000000000
00000000000000000000000000000000
00000000000000000000000000000000
00000000000000000000000000000000
00000000000000000000000000000000
00000000000000000000000000000000
00000000000000000000000000000000
00000000000000000000000000000000
00000000000000000000000000000000
00000000000000000000000000000000
00000000000000000000000000000000
00000000000000000000000000000000
00000000000000000000000000000000
00000000000000000000000000000000
00000000000000000000000000000000
00000000000000000000000000000000
00000000000000000000000000000000
00000000000000000000000000000000
00000000000000000000000000000000
00000000000000000000000000000000
00000000000000000000000000000000
00000000000000000000000000000000
00000000000000000000000000000000
00000000000000000000000000000000
00000000000000000000000000000000
00000000000000000000000000000000
00000000000000000000000000000000
00000000000000000000000000000000
00000000000000000000000000000000
00000000000000000000000000000000
1134e4011c72d3ddec6cff6eac4dc1c7
f2202eeddf03fe1fdcd80efffdd11dd9
00000000000000000000000000000000
00000000000000000000000000000000
00000000000000000000000000000000
00000000000000000000000000000000
00000000000000000000000000000000
00000000000000000000000000000000
00000000000000000000000000000000
00000000000000000000000000000000
00000000000000000000000000000000
00000000000000000000000000000000
00000000000000000000000000000000
00000000000000000000000000000000
00000000000000000000000000000000
00000000000000000000000000000000
00000000000000000000000000000000
00000000000000000000000000000000
00000000000000000000000000000000
00000000000000000000000000000000
00000000000000000000000000000000
00000000000000000000000000000000
00000000000000000000000000000000
00000000000000000000000000000000
00000000000000000000000000000000
00000000000000000000000000000000
00000000000000000000000000000000
00000000000000000000000000000000
00000000000000000000000000000000
00000000000000000000000000000000
00000000000000000000000000000000
00000000000000000000000000000000
00000000000000000000000000000000
00000000000000000000000000000000
00000000000000000000000000000000
00000000000000000000000000000000
00000000000000000000000000000000
00000000000000000000000000000000
00000000000000000000000000000000
00000000000000000000000000000000
00000000000000000000000000000000
00000000000000000000000000000000
00000000000000000000000000000000
00000000000000000000000000000000
00000000000000000000000000000000
00000000000000000000000000000000
00000000000000000000000000000000
00000000000000000000000000000000
00000000000000000000000000000000
00000000000000000000000000000000
00000000000000000000000000000000
00000000000000000000000000000000
00000000000000000000000000000000
00000000000000000000000000000000
00000000000000000000000000000000
00000000000000000000000000000000
00000000000000000000000000000000
00000000000000000000000000000000
00000000000000000000000000000000
00000000000000000000000000000000
00000000000000000000000000000000
00000000000000000000000000000000
00000000000000000000000000000000
00000000000000000000000000000000
031f4100102ffa350f10f9f7b3250d05
bc84470ecb03ee0e1063c9fe3cd7fc00
00000000000000000000000000000000
00000000000000000000000000000000
00000000000000000000000000000000
00000000000000000000000000000000
00000000000000000000000000000000
00000000000000000000000000000000
00000000000000000000000000000000
00000000000000000000000000000000
00000000000000000000000000000000
00000000000000000000000000000000
00000000000000000000000000000000
00000000000000000000000000000000
00000000000000000000000000000000
00000000000000000000000000000000
00000000000000000000000000000000
00000000000000000000000000000000
00000000000000000000000000000000
00000000000000000000000000000000
00000000000000000000000000000000
00000000000000000000000000000000
00000000000000000000000000000000
00000000000000000000000000000000
00000000000000000000000000000000
00000000000000000000000000000000
00000000000000000000000000000000
00000000000000000000000000000000
00000000000000000000000000000000
00000000000000000000000000000000
00000000000000000000000000000000
00000000000000000000000000000000
00000000000000000000000000000000
00000000000000000000000000000000
00000000000000000000000000000000
00000000000000000000000000000000
00000000000000000000000000000000
00000000000000000000000000000000
00000000000000000000000000000000
00000000000000000000000000000000
00000000000000000000000000000000
00000000000000000000000000000000
00000000000000000000000000000000
00000000000000000000000000000000
00000000000000000000000000000000
00000000000000000000000000000000
00000000000000000000000000000000
00000000000000000000000000000000
00000000000000000000000000000000
00000000000000000000000000000000
00000000000000000000000000000000
00000000000000000000000000000000
00000000000000000000000000000000
00000000000000000000000000000000
00000000000000000000000000000000
00000000000000000000000000000000
00000000000000000000000000000000
00000000000000000000000000000000
00000000000000000000000000000000
00000000000000000000000000000000
00000000000000000000000000000000
00000000000000000000000000000000
00000000000000000000000000000000
00000000000000000000000000000000
053a0e5b07b304a007750be607be03db
00000000000000000000000000000000
00000000000000000000000000000000
00000000000000000000000000000000
00000000000000000000000000000000
00000000000000000000000000000000
00000000000000000000000000000000
00000000000000000000000000000000
00000000000000000000000000000000
00000000000000000000000000000000
00000000000000000000000000000000
00000000000000000000000000000000
00000000000000000000000000000000
00000000000000000000000000000000
00000000000000000000000000000000
00000000000000000000000000000000
00000000000000000000000000000000
00000000000000000000000000000000
00000000000000000000000000000000
00000000000000000000000000000000
00000000000000000000000000000000
00000000000000000000000000000000
00000000000000000000000000000000
00000000000000000000000000000000
00000000000000000000000000000000
00000000000000000000000000000000
00000000000000000000000000000000
00000000000000000000000000000000
00000000000000000000000000000000
00000000000000000000000000000000
00000000000000000000000000000000
00000000000000000000000000000000
00000000000000000000000000000000
00000000000000000000000000000000
00000000000000000000000000000000
00000000000000000000000000000000
00000000000000000000000000000000
00000000000000000000000000000000
00000000000000000000000000000000
00000000000000000000000000000000
00000000000000000000000000000000
00000000000000000000000000000000
00000000000000000000000000000000
00000000000000000000000000000000
00000000000000000000000000000000
00000000000000000000000000000000
00000000000000000000000000000000
00000000000000000000000000000000
00000000000000000000000000000000
00000000000000000000000000000000
00000000000000000000000000000000
00000000000000000000000000000000
00000000000000000000000000000000
00000000000000000000000000000000
00000000000000000000000000000000
00000000000000000000000000000000
00000000000000000000000000000000
00000000000000000000000000000000
00000000000000000000000000000000
00000000000000000000000000000000
00000000000000000000000000000000
00000000000000000000000000000000
00000000000000000000000000000000
00000000000000000000000000000000
00000000000000000000000000000000
00000000000000000000000000000000
00000000000000000000000000000000
00000000000000000000000000000000
00000000000000000000000000000000
00000000000000000000000000000000
00000000000000000000000000000000
00000000000000000000000000000000
00000000000000000000000000000000
00000000000000000000000000000000
00000000000000000000000000000000
00000000000000000000000000000000
00000000000000000000000000000000
00000000000000000000000000000000
00000000000000000000000000000000
00000000000000000000000000000000
00000000000000000000000000000000
00000000000000000000000000000000
00000000000000000000000000000000
00000000000000000000000000000000
00000000000000000000000000000000
00000000000000000000000000000000
00000000000000000000000000000000
00000000000000000000000000000000
00000000000000000000000000000000
00000000000000000000000000000000
00000000000000000000000000000000
00000000000000000000000000000000
00000000000000000000000000000000
00000000000000000000000000000000
00000000000000000000000000000000
00000000000000000000000000000000
00000000000000000000000000000000
00000000000000000000000000000000
00000000000000000000000000000000
00000000000000000000000000000000
00000000000000000000000000000000
00000000000000000000000000000000
00000000000000000000000000000000
00000000000000000000000000000000
00000000000000000000000000000000
00000000000000000000000000000000
00000000000000000000000000000000
00000000000000000000000000000000
00000000000000000000000000000000
00000000000000000000000000000000
00000000000000000000000000000000
00000000000000000000000000000000
00000000000000000000000000000000
00000000000000000000000000000000
00000000000000000000000000000000
00000000000000000000000000000000
00000000000000000000000000000000
00000000000000000000000000000000
00000000000000000000000000000000
00000000000000000000000000000000
00000000000000000000000000000000
00000000000000000000000000000000
00000000000000000000000000000000
00000000000000000000000000000000
00000000000000000000000000000000
00000000000000000000000000000000
00000000000000000000000000000000
00000000000000000000000000000000
00000000000000000000000000000000
00000000000000000000000000000000
00000000000000000000000000000000
00000000000000000000000000000000
00000000000000000000000000000000
00000000000000000000000000000000
00000000000000000000000000000000
00000000000000000000000000000000
00000000000000000000000000000000
00000000000000000000000000000000
00000000000000000000000000000000
00000000000000000000000000000000
00000000000000000000000000000000
00000000000000000000000000000000
00000000000000000000000000000000
00000000000000000000000000000000
00000000000000000000000000000000
00000000000000000000000000000000
00000000000000000000000000000000
00000000000000000000000000000000
00000000000000000000000000000000
00000000000000000000000000000000
00000000000000000000000000000000
00000000000000000000000000000000
00000000000000000000000000000000
00000000000000000000000000000000
00000000000000000000000000000000
00000000000000000000000000000000
00000000000000000000000000000000
00000000000000000000000000000000
00000000000000000000000000000000
00000000000000000000000000000000
00000000000000000000000000000000
00000000000000000000000000000000
00000000000000000000000000000000
00000000000000000000000000000000
00000000000000000000000000000000
00000000000000000000000000000000
00000000000000000000000000000000
00000000000000000000000000000000
00000000000000000000000000000000
00000000000000000000000000000000
00000000000000000000000000000000
00000000000000000000000000000000
00000000000000000000000000000000
00000000000000000000000000000000
00000000000000000000000000000000
00000000000000000000000000000000
00000000000000000000000000000000
00000000000000000000000000000000
00000000000000000000000000000000
00000000000000000000000000000000
00000000000000000000000000000000
00000000000000000000000000000000
00000000000000000000000000000000
00000000000000000000000000000000
00000000000000000000000000000000
00000000000000000000000000000000
00000000000000000000000000000000
00000000000000000000000000000000
00000000000000000000000000000000
00000000000000000000000000000000
00000000000000000000000000000000
00000000000000000000000000000000
00000000000000000000000000000000
00000000000000000000000000000000
00000000000000000000000000000000
00000000000000000000000000000000
00000000000000000000000000000000
00000000000000000000000000000000
00000000000000000000000000000000
00000000000000000000000000000000
00000000000000000000000000000000
00000000000000000000000000000000
00000000000000000000000000000000
00000000000000000000000000000000
00000000000000000000000000000000
00000000000000000000000000000000
00000000000000000000000000000000
00000000000000000000000000000000
00000000000000000000000000000000
00000000000000000000000000000000
00000000000000000000000000000000
00000000000000000000000000000000
00000000000000000000000000000000
00000000000000000000000000000000
00000000000000000000000000000000
00000000000000000000000000000000
00000000000000000000000000000000
00000000000000000000000000000000
00000000000000000000000000000000
00000000000000000000000000000000
00000000000000000000000000000000
00000000000000000000000000000000
00000000000000000000000000000000
00000000000000000000000000000000
00000000000000000000000000000000
00000000000000000000000000000000
00000000000000000000000000000000
00000000000000000000000000000000
00000000000000000000000000000000
00000000000000000000000000000000
00000000000000000000000000000000
00000000000000000000000000000000
00000000000000000000000000000000
00000000000000000000000000000000
00000000000000000000000000000000
00000000000000000000000000000000
00000000000000000000000000000000
00000000000000000000000000000000
00000000000000000000000000000000
00000000000000000000000000000000
00000000000000000000000000000000
00000000000000000000000000000000
00000000000000000000000000000000
00000000000000000000000000000000
00000000000000000000000000000000
00000000000000000000000000000000
00000000000000000000000000000000
00000000000000000000000000000000
00000000000000000000000000000000
00000000000000000000000000000000
00000000000000000000000000000000
00000000000000000000000000000000
00000000000000000000000000000000
00000000000000000000000000000000
00000000000000000000000000000000
00000000000000000000000000000000
00000000000000000000000000000000
00000000000000000000000000000000
00000000000000000000000000000000
00000000000000000000000000000000
00000000000000000000000000000000
00000000000000000000000000000000
00000000000000000000000000000000
00000000000000000000000000000000
00000000000000000000000000000000
00000000000000000000000000000000
00000000000000000000000000000000
00000000000000000000000000000000
00000000000000000000000000000000
00000000000000000000000000000000
00000000000000000000000000000000
00000000000000000000000000000000
00000000000000000000000000000000
00000000000000000000000000000000
00000000000000000000000000000000
00000000000000000000000000000000
00000000000000000000000000000000
00000000000000000000000000000000
00000000000000000000000000000000
00000000000000000000000000000000
00000000000000000000000000000000
00000000000000000000000000000000
00000000000000000000000000000000
00000000000000000000000000000000
00000000000000000000000000000000
00000000000000000000000000000000
00000000000000000000000000000000
00000000000000000000000000000000
00000000000000000000000000000000
00000000000000000000000000000000
00000000000000000000000000000000
00000000000000000000000000000000
00000000000000000000000000000000
00000000000000000000000000000000
00000000000000000000000000000000
00000000000000000000000000000000
00000000000000000000000000000000
00000000000000000000000000000000
00000000000000000000000000000000
00000000000000000000000000000000
00000000000000000000000000000000
00000000000000000000000000000000
00000000000000000000000000000000
00000000000000000000000000000000
00000000000000000000000000000000
00000000000000000000000000000000
00000000000000000000000000000000
00000000000000000000000000000000
00000000000000000000000000000000
00000000000000000000000000000000
00000000000000000000000000000000
00000000000000000000000000000000
00000000000000000000000000000000
00000000000000000000000000000000
00000000000000000000000000000000
00000000000000000000000000000000
00000000000000000000000000000000
00000000000000000000000000000000
00000000000000000000000000000000
00000000000000000000000000000000
00000000000000000000000000000000
00000000000000000000000000000000
00000000000000000000000000000000
00000000000000000000000000000000
00000000000000000000000000000000
00000000000000000000000000000000
00000000000000000000000000000000
00000000000000000000000000000000
00000000000000000000000000000000
00000000000000000000000000000000
00000000000000000000000000000000
00000000000000000000000000000000
00000000000000000000000000000000
00000000000000000000000000000000
00000000000000000000000000000000
00000000000000000000000000000000
00000000000000000000000000000000
00000000000000000000000000000000
00000000000000000000000000000000
00000000000000000000000000000000
00000000000000000000000000000000
00000000000000000000000000000000
00000000000000000000000000000000
00000000000000000000000000000000
00000000000000000000000000000000
00000000000000000000000000000000
00000000000000000000000000000000
00000000000000000000000000000000
00000000000000000000000000000000
00000000000000000000000000000000
00000000000000000000000000000000
00000000000000000000000000000000
00000000000000000000000000000000
00000000000000000000000000000000
00000000000000000000000000000000
00000000000000000000000000000000
00000000000000000000000000000000
00000000000000000000000000000000
00000000000000000000000000000000
00000000000000000000000000000000
00000000000000000000000000000000
00000000000000000000000000000000
00000000000000000000000000000000
00000000000000000000000000000000
00000000000000000000000000000000
00000000000000000000000000000000
00000000000000000000000000000000
00000000000000000000000000000000
00000000000000000000000000000000
00000000000000000000000000000000
00000000000000000000000000000000
00000000000000000000000000000000
00000000000000000000000000000000
00000000000000000000000000000000
00000000000000000000000000000000
00000000000000000000000000000000
00000000000000000000000000000000
00000000000000000000000000000000
00000000000000000000000000000000
00000000000000000000000000000000
00000000000000000000000000000000
00000000000000000000000000000000
00000000000000000000000000000000
00000000000000000000000000000000
18ff20337e3c19acd100ada4dfd95f5e
70ad639fe5ccf34d5eff606759fc94fe
ff23241df05f044ff0a1c734f1f4293e
80db339dfff1d1f0edf1ce2200005e40
dd02201cec018b7f2f3e0231ed2e1e50
3316d4d97cb1b3ee52c053c12144b7ed
11000d0ef02e0f1dff0f8fca1d312fff
b05e21f12013035badea2c0057100ef0
02311fef2210d20200feda8d0df20013
bd310dc8daef10ad3fe1327ee0100e01
0f0fef21f00f04e1c1e1415711f0f011
113f0010ebd2030308df20f102d11fff
1be1d0037868df5e201e24315f6702fc
eee018b02d52c0630ec21f0df63bea43
ec5dc01201122d1bd117821ff140f01f
5d0c370fa714262d52b7fd493b166114
1e44d3eb1d1cdfe202c221311218f00e
fcff13f326f3e42c03f6518fec30f3ee
f77ffddc100a44de2dffffde110b22ce
4d1a7d5f1b51e3d2834ddf20313fccb2
c331d382b6f371f10600344230131c4c
77f9d34f09f039c00fc00700f5419144
12fe201dea711c0ce4d0ecf2d0301010
d14b6de24ea3fb30c17310fe33b1fe4e
e220d2f172fdfe2ef100f1d0f30f00ff
3bdd25bb409539e11185e1136ffff0fc
00b223c4e79cd71cf65f7de07b38d282
dd200f402132c0ead3d325f83f1ff133
0d0fdbb5cdd10d9c21066177d40cf144
e04719f011102f0a2f4e07022584e502
f2e7811dd101f4d3321ee1ce04e211d0
2db02fe4e60c001d5f5232132f018f0f
faff14bdf3b717cfbcb02215e9743c47
350f18fd17ce1dfdfc3b0bde63321dc2
fbf0c31513e4d0ebf2681eec13d3beee
3f110f3dde805ff0e120f011f30303b0
2222fbde0e103017b91eebdd44dcf1ce
3f73eed13ca1023d12f1fdb9f021e050
b2c06e3b2a11eef3e4ef2f1209e79380
cde1134311fdd7de4100f12b38d9bfb0
000f01d20e5e11cde100dc8e12e2e151
f24840fe2322c2212edca11f1faf3d1b
03b0b033fe5204fe83dbf206047bff3e
d575729f0f4025bbc2402ea2bd4ff3d2
f17232d04d513cd00e2ff2d02c6cecd1
e197e8331ee7d02c23e75fa2b48d43ef
42c0e0f0a042263d1f7e2e1ee3034c10
ac070cdd9e6a20d77d84d227acad0e02
3de0250315f7f122ef4dff8fcd6d019e
553ae0e2020302f03efaa83f24edc10f
fd7f1404c0e08efc012e39ddcd0f12c1
040d96b0f502d71d423ffc10ee32dc2e
f60b2f1d056074e6921e1acbe47f2f11
60cfc3f8e25c2271e1c490332a7b16fc
3153b0226dd53854244e2e04ee33573b
c13ef152e402005d26d027a1c2df17fd
df2202f2ff1d222ef6def8b9d32e22aa
de535c2ed0e0c240dcf178d754debe0f
e2721e483dff07ee20f4b1dcfc1ce16d
f002211153741113203ba3f0d0d1dce0
d020fb320e0f0c3bd2f03370e120423d
ddd440c6a1c0e3f38e603f6531e82396
0ee8f21f30e32e421e3d1fd4201f0210
3d5f38c2013de211f131fa6a10edcf02
352ef31d37522f90f1b1f9804f023411
fd004f73f03f10ec1c5fecbb3133fd1f
ff002fe011f111e1f20152472010ff00
06dc077d72d3e416ea1f11e406451650
2ee1f04e57102d61f101010fecde2230
f2611ee6b2fb90ca3fd023e17152ea93
02d9524901d82f10d233135537202bd1
46165ec8dc22300d23544121dd142000
c2ccb04bddb4f0c3ae7a3c90a2b04bd0
ec226520e30f2be5e02feeebe7efc23d
e390304c8c0f2d3f01aa4f1f11f123c0
acfc1fe2c407cdc64cd0c5a43df25d98
d1d65ff1fe0ebf4cea0fec8b117d2233
033270043601d3ee2f2b2bb8ed0050f1
11f1d1050eb2e728e05d21462560543e
53ed1faf0b74b233b5e30c3121017c28
031ee102b3eb2fd2d815eed1efe40cb1
5ebc2c2ded33336b552b9c72d2234b61
4d92f31e13f5e8f0f82d239de541d632
4e6d8837b092d03f1ee242fd2400fdd0
d201ed730c801c7f2e202fe2ce0b015f
8127f645a1edf26100c1201bbf47e52f
ee4bc0c23271c202be0d35d0111f8103
1efadeea505fe3d2ce22a48bf0ff215d
23520d3f704062d511c115734e43f5cf
f2dfdf5f0e2eec0414ec0bbfe2c70d22
1020fde02107746fb1012132c0e3036f
de5ffda4f10f1c421081b4cd2260d627
22fe1df246dd27b23ffd344320c8fc5d
db18d3c0f060054e31b27401b1ec4a00
ec326075fd01eeffbced0f36ee8b48dd
d13f0555191e08d40f1c3e3cf0d0222f
a8ed5ba4344100a020fff04bf5301fcd
efc3f12f28f1114f003350ef1e241c23
ecbc2110d0215ee43e7e0013251d3cfd
eef072f3f432d621bf56e8eeeff277ff
d4fef25401005e05e0c6ab8ef1e1223f
0f70dc7e335ce2de34f1c57337420ff2
c84d18040a4be452e1d1d00d3bd2d736
254e23f008457afc213e191ea2f9eef4
ec01b6cc8af11f000103ebbbeaa910f5
2e15cc101eed83b01ff12063e59e4f20
0d6d22f31e0d01b2002f3227d2122f30
320e10fe2f4d64ff3122ef0d0828111f
1e5dc1f8b33f601eff560fe27e0d10a1
f0152edccf910017de27cdf2e73f2182
e2e1ef720d3c0f13020df0fecefe2ef3
e0f77521e45f054a83b120e247d6e7ac
b4ce2b7d46fbd11b5c0dfdf1c0211fe5
070fe1d4da099252372215232f1af457
fe292eef6ec3fe5de5c34a8023c5f1eb
d04d55c5f1edb111cf2181454e1b1a02
15fe1114de810df56e0c0550ffe1ce83
35faf03efeefd0bd2daf603b17f26251
9f74d6862063ee2f61f19fbff2ee6fef
fc37edc71ec31222fce7f1113fe2ec1e
bd2025fc11382489c22ed0e22be4fd34
df414f4c7e97ff507e011dc413f30f3c
b11c4cf176e27040fcc27c39d23101fd
b44110cffcead0e0c21fb8dc40f7c061
0ee1ced435936fc0237de12ecc97cf00
3ccf32e1ded07bfeeed20057d3feddcf
d291ddc6f12491617096304242d0582b
ed5cecddc6de2332c8ef202e310fee8d
04ec2ee0070ffca3c40f2531033da235
f7d4ede8e395f26adc30c4ff91fd2c0d
effee0113007deee0cd4d0011de25d10
db8534441e2ff0cc732e177e2c31cbf4
112fb35f7e1b031c35c81722fd222df2
8dc507ce9d58410630372672691fd3eb
4c65d3b2a33f360317f8d751fcf213bc
fa3e0582520df49a2dd4f133238f39ef
0270f34f8313f114d1f63edceff530e3
eefc3332130e4fe0003efcd411f11670
5af2ebf825296f72bc0a3ef1ec4ce214
25f1dc2701b1122ace42bc1ce7500c35
012d00010ffee00ee0ffeb8d01f00fe1
ddf0a120aac05074e2ac8dcc9ddcfe01
1f311ff0fdefc0fd0e2d80fcee00ee04
cb0affe3b9cae0f181ef223f1190001d
4ffef2d10ec322a4b12effe0a70f23f2
250ff6c2ecbd57503a37a1334fb21fa3
fecf22ca2adddde30e3b81daeb04019f
b0fb5a7592fdb702421ec01fd057c0ce
87cdfacddddf2f05c202ece001e01bfc
ee000313eeff1fffc1f11c08f0d0210f
0dc17315defd4c63f1deffd0e5d100ba
2d1c01000efe012d2d286d91f02f1ef1
1d020003f2ed0e11001fc11ffe128e4e
c6fd1dc13fdaf10dba730f1d313ed3e2
3103410f8f12ec334a55ff1fde412122
3f563a5b9fee03f0e0f33d0ece529138
b1fe73a61f5ec7ed4d16dd0242e121e1
e41200811c011fdb0021501dddfd22ce
018f0b2f1135500035ff4e57f013ded3
493218011f1100fd17e100a32f20cf0d
5f0e204cf31d0700e0d40f0ed0ef6020
2e3e70f32ecce10fd4d1c16010f32c01
5e64bb4ce4700be3c32040d111530562
bd3e0d3d20be50e2f1f20de804610d02
7e05f212547352201fe5cf10e350060f
0e623ed7dd3c8ce3e102c180735441d1
112320fee714dfe31162edca00e10e0f
215441e20ee273200e30004445742000
11431e0ec0d0bdb11e1fda803d1fe55f
ef110e0cae0f08e430d01ecfed50def5
8a43dc0711b0eef2fcd05d44cd50ded2
d2215e7edff10bdfef4df18d052cf201
443d432cbc3f87f01250cdbf1d360d43
fcf132e33084f1fcfed4033ae0a31ea1
5ed0b9fc74e23e52cd1ffd1222e46cbc
f5cf24f1472dc083f22c00ffbd0f4d41
42f1f0d0dc1fd2d31f814f222f5dfbd1
eb2c3e3fc6f2811be3ec2b17aa50c014
dfadb0c23484dd70a2f1230fda0efc2a
81dc12feff2e2e5f7ab2d022d1c2c29e
2e3bcff7aa301b2ad6ff1cc0f562ef6a
371431536cbde11a5ddf15f47a2ea5df
2e50ca40ed612063ec0a577701b0a430
b7e2d4aa25c1e7cc11f42fbf731f935f
10cc28bf610ef300bee202542140f621
4bf21efcfb13ddae40753dc0a2100c3d
10f032fe0e3010f0020172471010f00e
2edbe35fe0a66790163ffc267f124ff7
ccdf0f661e0ee36efe1103743f533e23
2a51f21e47e410fab0253e8810e2244e
f53f90f372243ddd0322a3caf0d423da
f3efd3eef2f66ca9f1fb3cee20e5ed8f
f22e6ddc2fd30e8d01e0444333fe2210
3e2c6400f52d7dcfeb3460361dbced7d
06f250131dffed13529e53f86200ad6e
e0f0b5ff216febd140eff300bd8e15e1
112d2310e002cde28e0ffde01f104cec
dea91fe3d12f834ac2f9eb20211bb231
00fef1f0ff1f0000e11d6147e000fd11
4acd2db410da0dacf039cc83cdfe8c6f
2e20aac13ad02d11e3ec2241b568620f
4e202866c13c2150f1c023ece5df3e20
113e00204fdeb0e68cbb0fbcdfff031d
eee10010efd270f3c1ef12f2ce02e213
0dd2204f311fee0e2223eb80531f1210
0011c4381002a03e03022e1ee5a11f11
202c5c80d453021c33d1e1175f31e0ad
e0b20ee2d21f54ef1481100016d6210f
d100f000efff010e100125710f1f0d00
e4752129d9a25d0b436cde0711e44211
bfdf34108dfe932eb12d2df0c4c50ceb
048edd220201cade0eebcb0d03f0f135
05202d155c7224e03341236013dfe141
133220fb14f4c3313120f840f507022d
dc1a1e115b5031414f0e2217e831f5dd
0001fe3e52e3700e1111f62ee8ff522e
02e9101bd811f22cdffef2220d0f2105
0dda2db4ef13f14131df10d90dfcf724
9020181fffe137d521de0f0ee140cef1
c3f02dfe2b28d3c7af02becbe0d200d1
f61020037d0d10be0dece01ef3111d1b
e4ffd4e0177432fefff1f3cf2122ded1
04dc3f3413d25e070de30010112f600f
3236cfffd4f4124dee1f34705fedd261
ed4edbfaa011bf2fd7072b1127fd0438
f8331ed522011d8e4100c042beb20e17
d6c1ca0f4e9c3d65e72efe5edefffff5
422952fdedea71250b0f00fff3cd94d6
d1f18e0f333c26dc0011eededb2314df
fee774fd1d4f22de5c011e104fa2140f
02e7ce4ace592e20082e0dc001d04010
e81fcf20e0200ed40ef42de57fbbfad1
f1003c1fef021032ed0fcbd28df2a310
1ed105f292552b90539f7709e900910d
20240f23d3322f02ff224237eefd0115
2438d3eb1d3df4502b00efd23cc2e510
63020012fef0f0e3fd00f0ff68001401
31c01c3ce29383e24bf0e0212fdd11fd
0fe3a035dbf024fc5c2373550f20fe4e
fcec11122dfbdfd16c1f63de1ffb701d
cf9d7d7f5c2fd0e3493adebc4efa1e1f
422ec27edf102efc37411b0f34011f61
2105beef12422cfedad10402c0ec7332
1c3103c2696e0b7733f0124751e9ced5
20042015f010b103eefe677001e23600
7113e1df362a77df05f265e2d44eb951
ea030d0cc2501fe13329c7374142ccdc
ef22b022d1d013c010202225deedef83
21fdd03c20e3d4d2ee0effe1f8dcddf0
07418be051d02310f54322f336f1e121
3f013122f1731d2f6f25fe53102bc1e3
e5fee1f3f0150fb70f1820403f81e121
4200002d11003cde4af03272c41a1f3e
604eef0ff1eac4ddffc43e27ce320b15
522f0f1ccfa4cf136f1ae5015301f712
32fb1445404243fc1382e044ccfd4cf0
09430f7911e30d740f7b0bce10790a84
0f340bee0a2011f00dda1169295a0b6d
0c46085b0bb80a8c116d0d2710a81851
0ae90c610c350e6222910b340df41ccf
0dd812450e270dd40c8d0aa40a562198
111e0cee0af8108a0e160c080e012258
12190c980ba411ec17b621010d0f0b05
12ab0a6b0e2b0b490cad11130d7b0db4
0cff08fa0d4810a42d9d0eda0fc41212
10ac0b3f0dcb0d2a0d980be60bfb0e65
0d1d185b0a960af20cdf0f1910870f96
0fd2189f0ba50da20d8a14780ce80f82
0fc508750e3f0d2b14c6102e0b8218bf
0d0c06e30d770de719720832100f08f7
12da11540f2e0d8610fa0c1b0e000b27
0fa20c0511100dca0cd90ebe0ce30ae2
0ea310c112720fbe0d8d10ab0cfa0a7e
0e6510100c2f138c0c320cfc0ef00ed9
0dcd0eb90b1e139b0eeb128e14350e2f
0fba0e3c08bf0f970d3013480a9c0d05
0b5a111e11310dbd10cf0e720c611272
0d470d7712210e141180094611e7106c
0c2c0d6a0d470a9f133c101e0dcd0c30
0d570e2308db087d0ca10a020fad0aca
100e0e850c070e560b970f080e291076
0c4e0b9b0ba211a30ae00bc70ad90dc0
0d0b0d420ff80c1e12d10c580d4b09db
12660c9d0e830f730f110c960c680bda
0cec10ce0bab0b220e620fb80c8a1451
0fcf0a4d0e3811c50f451e580aab11fc
0dab0e260fc80c4b0e2211fe0da71272
0d080c020cff0ff70c7d0c0d0bb7100e
00000000000000000000000000000000
00000000000000000000000000000000
00000000000000000000000000000000
00000000000000000000000000000000
00000000000000000000000000000000
00000000000000000000000000000000
00000000000000000000000000000000
00000000000000000000000000000000
00000000000000000000000000000000
00000000000000000000000000000000
00000000000000000000000000000000
00000000000000000000000000000000
00000000000000000000000000000000
00000000000000000000000000000000
00000000000000000000000000000000
00000000000000000000000000000000
00000000000000000000000000000000
00000000000000000000000000000000
00000000000000000000000000000000
00000000000000000000000000000000
00000000000000000000000000000000
00000000000000000000000000000000
00000000000000000000000000000000
00000000000000000000000000000000
00000000000000000000000000000000
00000000000000000000000000000000
00000000000000000000000000000000
00000000000000000000000000000000
00000000000000000000000000000000
00000000000000000000000000000000
00000000000000000000000000000000
00000000000000000000000000000000
00000000000000000000000000000000
00000000000000000000000000000000
00000000000000000000000000000000
00000000000000000000000000000000
00000000000000000000000000000000
00000000000000000000000000000000
00000000000000000000000000000000
00000000000000000000000000000000
00000000000000000000000000000000
00000000000000000000000000000000
00000000000000000000000000000000
00000000000000000000000000000000
00000000000000000000000000000000
00000000000000000000000000000000
00000000000000000000000000000000
00000000000000000000000000000000
00000000000000000000000000000000
00000000000000000000000000000000
00000000000000000000000000000000
00000000000000000000000000000000
00000000000000000000000000000000
00000000000000000000000000000000
00000000000000000000000000000000
00000000000000000000000000000000
00000000000000000000000000000000
00000000000000000000000000000000
00000000000000000000000000000000
00000000000000000000000000000000
00000000000000000000000000000000
00000000000000000000000000000000
00000000000000000000000000000000
00000000000000000000000000000000
00000000000000000000000000000000
00000000000000000000000000000000
00000000000000000000000000000000
00000000000000000000000000000000
00000000000000000000000000000000
00000000000000000000000000000000
00000000000000000000000000000000
00000000000000000000000000000000
00000000000000000000000000000000
00000000000000000000000000000000
00000000000000000000000000000000
00000000000000000000000000000000
00000000000000000000000000000000
00000000000000000000000000000000
00000000000000000000000000000000
00000000000000000000000000000000
00000000000000000000000000000000
00000000000000000000000000000000
00000000000000000000000000000000
00000000000000000000000000000000
00000000000000000000000000000000
00000000000000000000000000000000
00000000000000000000000000000000
00000000000000000000000000000000
00000000000000000000000000000000
00000000000000000000000000000000
00000000000000000000000000000000
00000000000000000000000000000000
00000000000000000000000000000000
00000000000000000000000000000000
00000000000000000000000000000000
00000000000000000000000000000000
00000000000000000000000000000000
00000000000000000000000000000000
00000000000000000000000000000000
00000000000000000000000000000000
00000000000000000000000000000000
00000000000000000000000000000000
00000000000000000000000000000000
00000000000000000000000000000000
00000000000000000000000000000000
00000000000000000000000000000000
00000000000000000000000000000000
00000000000000000000000000000000
00000000000000000000000000000000
00000000000000000000000000000000
00000000000000000000000000000000
00000000000000000000000000000000
00000000000000000000000000000000
00000000000000000000000000000000
00000000000000000000000000000000
00000000000000000000000000000000
00000000000000000000000000000000
00000000000000000000000000000000
00000000000000000000000000000000
00000000000000000000000000000000
00000000000000000000000000000000
00000000000000000000000000000000
00000000000000000000000000000000
00000000000000000000000000000000
00000000000000000000000000000000
00000000000000000000000000000000
00000000000000000000000000000000
00000000000000000000000000000000
00000000000000000000000000000000
00000000000000000000000000000000
00000000000000000000000000000000
00000000000000000000000000000000
00000000000000000000000000000000
00000000000000000000000000000000
00000000000000000000000000000000
00000000000000000000000000000000
00000000000000000000000000000000
00000000000000000000000000000000
00000000000000000000000000000000
00000000000000000000000000000000
00000000000000000000000000000000
00000000000000000000000000000000
00000000000000000000000000000000
00000000000000000000000000000000
00000000000000000000000000000000
00000000000000000000000000000000
00000000000000000000000000000000
00000000000000000000000000000000
00000000000000000000000000000000
00000000000000000000000000000000
00000000000000000000000000000000
00000000000000000000000000000000
00000000000000000000000000000000
00000000000000000000000000000000
00000000000000000000000000000000
00000000000000000000000000000000
00000000000000000000000000000000
00000000000000000000000000000000
00000000000000000000000000000000
00000000000000000000000000000000
00000000000000000000000000000000
00000000000000000000000000000000
00000000000000000000000000000000
00000000000000000000000000000000
00000000000000000000000000000000
00000000000000000000000000000000
00000000000000000000000000000000
00000000000000000000000000000000
00000000000000000000000000000000
00000000000000000000000000000000
00000000000000000000000000000000
00000000000000000000000000000000
00000000000000000000000000000000
00000000000000000000000000000000
00000000000000000000000000000000
00000000000000000000000000000000
00000000000000000000000000000000
00000000000000000000000000000000
00000000000000000000000000000000
00000000000000000000000000000000
00000000000000000000000000000000
00000000000000000000000000000000
00000000000000000000000000000000
00000000000000000000000000000000
00000000000000000000000000000000
00000000000000000000000000000000
00000000000000000000000000000000
00000000000000000000000000000000
00000000000000000000000000000000
00000000000000000000000000000000
00000000000000000000000000000000
00000000000000000000000000000000
00000000000000000000000000000000
00000000000000000000000000000000
00000000000000000000000000000000
00000000000000000000000000000000
00000000000000000000000000000000
00000000000000000000000000000000
00000000000000000000000000000000
00000000000000000000000000000000
00000000000000000000000000000000
00000000000000000000000000000000
00000000000000000000000000000000
00000000000000000000000000000000
00000000000000000000000000000000
00000000000000000000000000000000
00000000000000000000000000000000
00000000000000000000000000000000
00000000000000000000000000000000
00000000000000000000000000000000
00000000000000000000000000000000
00000000000000000000000000000000
00000000000000000000000000000000
00000000000000000000000000000000
00000000000000000000000000000000
00000000000000000000000000000000
00000000000000000000000000000000
00000000000000000000000000000000
00000000000000000000000000000000
00000000000000000000000000000000
00000000000000000000000000000000
00000000000000000000000000000000
00000000000000000000000000000000
00000000000000000000000000000000
00000000000000000000000000000000
00000000000000000000000000000000
00000000000000000000000000000000
00000000000000000000000000000000
00000000000000000000000000000000
00000000000000000000000000000000
00000000000000000000000000000000
00000000000000000000000000000000
00000000000000000000000000000000
00000000000000000000000000000000
00000000000000000000000000000000
00000000000000000000000000000000
00000000000000000000000000000000
00000000000000000000000000000000
00000000000000000000000000000000
00000000000000000000000000000000
00000000000000000000000000000000
00000000000000000000000000000000
00000000000000000000000000000000
00000000000000000000000000000000
00000000000000000000000000000000
00000000000000000000000000000000
00000000000000000000000000000000
00000000000000000000000000000000
00000000000000000000000000000000
00000000000000000000000000000000
00000000000000000000000000000000
00000000000000000000000000000000
00000000000000000000000000000000
00000000000000000000000000000000
00000000000000000000000000000000
00000000000000000000000000000000
00000000000000000000000000000000
00000000000000000000000000000000
00000000000000000000000000000000
00000000000000000000000000000000
00000000000000000000000000000000
00000000000000000000000000000000
00000000000000000000000000000000
00000000000000000000000000000000
00000000000000000000000000000000
00000000000000000000000000000000
00000000000000000000000000000000
00000000000000000000000000000000
00000000000000000000000000000000
00000000000000000000000000000000
00000000000000000000000000000000
00000000000000000000000000000000
00000000000000000000000000000000
00000000000000000000000000000000
00000000000000000000000000000000
00000000000000000000000000000000
00000000000000000000000000000000
00000000000000000000000000000000
00000000000000000000000000000000
00000000000000000000000000000000
00000000000000000000000000000000
00000000000000000000000000000000
00000000000000000000000000000000
00000000000000000000000000000000
00000000000000000000000000000000
00000000000000000000000000000000
00000000000000000000000000000000
00000000000000000000000000000000
00000000000000000000000000000000
00000000000000000000000000000000
00000000000000000000000000000000
00000000000000000000000000000000
00000000000000000000000000000000
00000000000000000000000000000000
00000000000000000000000000000000
00000000000000000000000000000000
00000000000000000000000000000000
00000000000000000000000000000000
00000000000000000000000000000000
00000000000000000000000000000000
00000000000000000000000000000000
00000000000000000000000000000000
00000000000000000000000000000000
00000000000000000000000000000000
00000000000000000000000000000000
00000000000000000000000000000000
00000000000000000000000000000000
00000000000000000000000000000000
00000000000000000000000000000000
00000000000000000000000000000000
00000000000000000000000000000000
00000000000000000000000000000000
00000000000000000000000000000000
00000000000000000000000000000000
00000000000000000000000000000000
00000000000000000000000000000000
00000000000000000000000000000000
00000000000000000000000000000000
00000000000000000000000000000000
00000000000000000000000000000000
00000000000000000000000000000000
00000000000000000000000000000000
00000000000000000000000000000000
00000000000000000000000000000000
00000000000000000000000000000000
00000000000000000000000000000000
00000000000000000000000000000000
00000000000000000000000000000000
00000000000000000000000000000000
00000000000000000000000000000000
00000000000000000000000000000000
00000000000000000000000000000000
00000000000000000000000000000000
00000000000000000000000000000000
00000000000000000000000000000000
00000000000000000000000000000000
00000000000000000000000000000000
00000000000000000000000000000000
00000000000000000000000000000000
00000000000000000000000000000000
00000000000000000000000000000000
00000000000000000000000000000000
00000000000000000000000000000000
00000000000000000000000000000000
00000000000000000000000000000000
00000000000000000000000000000000
00000000000000000000000000000000
00000000000000000000000000000000
00000000000000000000000000000000
00000000000000000000000000000000
00000000000000000000000000000000
00000000000000000000000000000000
00000000000000000000000000000000
00000000000000000000000000000000
00000000000000000000000000000000
00000000000000000000000000000000
00000000000000000000000000000000
00000000000000000000000000000000
00000000000000000000000000000000
00000000000000000000000000000000
00000000000000000000000000000000
00000000000000000000000000000000
00000000000000000000000000000000
00000000000000000000000000000000
00000000000000000000000000000000
00000000000000000000000000000000
00000000000000000000000000000000
00000000000000000000000000000000
00000000000000000000000000000000
00000000000000000000000000000000
00000000000000000000000000000000
00000000000000000000000000000000
00000000000000000000000000000000
00000000000000000000000000000000
00000000000000000000000000000000
00000000000000000000000000000000
00000000000000000000000000000000
00000000000000000000000000000000
00000000000000000000000000000000
00000000000000000000000000000000
00000000000000000000000000000000
00000000000000000000000000000000
00000000000000000000000000000000
00000000000000000000000000000000
00000000000000000000000000000000
00000000000000000000000000000000
00000000000000000000000000000000
00000000000000000000000000000000
00000000000000000000000000000000
00000000000000000000000000000000
00000000000000000000000000000000
00000000000000000000000000000000
00000000000000000000000000000000
00000000000000000000000000000000
00000000000000000000000000000000
00000000000000000000000000000000
00000000000000000000000000000000
00000000000000000000000000000000
00000000000000000000000000000000
00000000000000000000000000000000
00000000000000000000000000000000
00000000000000000000000000000000
00000000000000000000000000000000
00000000000000000000000000000000
00000000000000000000000000000000
00000000000000000000000000000000
00000000000000000000000000000000
00000000000000000000000000000000
00000000000000000000000000000000
00000000000000000000000000000000
00000000000000000000000000000000
00000000000000000000000000000000
00000000000000000000000000000000
00000000000000000000000000000000
00000000000000000000000000000000
00000000000000000000000000000000
00000000000000000000000000000000
00000000000000000000000000000000
00000000000000000000000000000000
00000000000000000000000000000000
00000000000000000000000000000000
00000000000000000000000000000000
00000000000000000000000000000000
00000000000000000000000000000000
00000000000000000000000000000000
00000000000000000000000000000000
00000000000000000000000000000000
00000000000000000000000000000000
00000000000000000000000000000000
00000000000000000000000000000000
00000000000000000000000000000000
00000000000000000000000000000000
00000000000000000000000000000000
00000000000000000000000000000000
00000000000000000000000000000000
00000000000000000000000000000000
00000000000000000000000000000000
00000000000000000000000000000000
00000000000000000000000000000000
00000000000000000000000000000000
00000000000000000000000000000000
00000000000000000000000000000000
00000000000000000000000000000000
00000000000000000000000000000000
00000000000000000000000000000000
00000000000000000000000000000000
00000000000000000000000000000000
00000000000000000000000000000000
00000000000000000000000000000000
00000000000000000000000000000000
00000000000000000000000000000000
00000000000000000000000000000000
00000000000000000000000000000000
00000000000000000000000000000000
00000000000000000000000000000000
00000000000000000000000000000000
00000000000000000000000000000000
00000000000000000000000000000000
00000000000000000000000000000000
00000000000000000000000000000000
00000000000000000000000000000000
00000000000000000000000000000000
00000000000000000000000000000000
00000000000000000000000000000000
00000000000000000000000000000000
00000000000000000000000000000000
00000000000000000000000000000000
00000000000000000000000000000000
00000000000000000000000000000000
00000000000000000000000000000000
00000000000000000000000000000000
00000000000000000000000000000000
00000000000000000000000000000000
00000000000000000000000000000000
00000000000000000000000000000000
00000000000000000000000000000000
00000000000000000000000000000000
00000000000000000000000000000000
00000000000000000000000000000000
00000000000000000000000000000000
00000000000000000000000000000000
00000000000000000000000000000000
00000000000000000000000000000000
00000000000000000000000000000000
00000000000000000000000000000000
00000000000000000000000000000000
00000000000000000000000000000000
00000000000000000000000000000000
00000000000000000000000000000000
00000000000000000000000000000000
00000000000000000000000000000000
00000000000000000000000000000000
00000000000000000000000000000000
00000000000000000000000000000000
00000000000000000000000000000000
00000000000000000000000000000000
00000000000000000000000000000000
00000000000000000000000000000000
00000000000000000000000000000000
00000000000000000000000000000000
00000000000000000000000000000000
00000000000000000000000000000000
00000000000000000000000000000000
00000000000000000000000000000000
00000000000000000000000000000000
00000000000000000000000000000000
00000000000000000000000000000000
00000000000000000000000000000000
00000000000000000000000000000000
00000000000000000000000000000000
00000000000000000000000000000000
00000000000000000000000000000000
00000000000000000000000000000000
00000000000000000000000000000000
00000000000000000000000000000000
00000000000000000000000000000000
00000000000000000000000000000000
00000000000000000000000000000000
00000000000000000000000000000000
00000000000000000000000000000000
00000000000000000000000000000000
00000000000000000000000000000000
00000000000000000000000000000000
00000000000000000000000000000000
00000000000000000000000000000000
00000000000000000000000000000000
00000000000000000000000000000000
00000000000000000000000000000000
00000000000000000000000000000000
00000000000000000000000000000000
00000000000000000000000000000000
00000000000000000000000000000000
00000000000000000000000000000000
00000000000000000000000000000000
00000000000000000000000000000000
00000000000000000000000000000000
00000000000000000000000000000000
00000000000000000000000000000000
00000000000000000000000000000000
00000000000000000000000000000000
00000000000000000000000000000000
00000000000000000000000000000000
00000000000000000000000000000000
00000000000000000000000000000000
00000000000000000000000000000000
00000000000000000000000000000000
00000000000000000000000000000000
00000000000000000000000000000000
00000000000000000000000000000000
00000000000000000000000000000000
00000000000000000000000000000000
00000000000000000000000000000000
00000000000000000000000000000000
00000000000000000000000000000000
00000000000000000000000000000000
00000000000000000000000000000000
00000000000000000000000000000000
00000000000000000000000000000000
00000000000000000000000000000000
00000000000000000000000000000000
00000000000000000000000000000000
00000000000000000000000000000000
00000000000000000000000000000000
00000000000000000000000000000000
00000000000000000000000000000000
00000000000000000000000000000000
00000000000000000000000000000000
00000000000000000000000000000000
00000000000000000000000000000000
00000000000000000000000000000000
00000000000000000000000000000000
00000000000000000000000000000000
00000000000000000000000000000000
00000000000000000000000000000000
00000000000000000000000000000000
00000000000000000000000000000000
00000000000000000000000000000000
00000000000000000000000000000000
00000000000000000000000000000000
00000000000000000000000000000000
00000000000000000000000000000000
00000000000000000000000000000000
00000000000000000000000000000000
00000000000000000000000000000000
00000000000000000000000000000000
00000000000000000000000000000000
00000000000000000000000000000000
00000000000000000000000000000000
00000000000000000000000000000000
00000000000000000000000000000000
00000000000000000000000000000000
00000000000000000000000000000000
00000000000000000000000000000000
00000000000000000000000000000000
00000000000000000000000000000000
00000000000000000000000000000000
00000000000000000000000000000000
00000000000000000000000000000000
00000000000000000000000000000000
00000000000000000000000000000000
00000000000000000000000000000000
00000000000000000000000000000000
00000000000000000000000000000000
00000000000000000000000000000000
00000000000000000000000000000000
00000000000000000000000000000000
00000000000000000000000000000000
00000000000000000000000000000000
00000000000000000000000000000000
00000000000000000000000000000000
00000000000000000000000000000000
00000000000000000000000000000000
00000000000000000000000000000000
00000000000000000000000000000000
00000000000000000000000000000000
00000000000000000000000000000000
00000000000000000000000000000000
00000000000000000000000000000000
00000000000000000000000000000000
00000000000000000000000000000000
00000000000000000000000000000000
00000000000000000000000000000000
00000000000000000000000000000000
00000000000000000000000000000000
00000000000000000000000000000000
00000000000000000000000000000000
00000000000000000000000000000000
00000000000000000000000000000000
00000000000000000000000000000000
00000000000000000000000000000000
00000000000000000000000000000000
00000000000000000000000000000000
00000000000000000000000000000000
00000000000000000000000000000000
00000000000000000000000000000000
00000000000000000000000000000000
00000000000000000000000000000000
00000000000000000000000000000000
00000000000000000000000000000000
00000000000000000000000000000000
00000000000000000000000000000000
00000000000000000000000000000000
00000000000000000000000000000000
00000000000000000000000000000000
00000000000000000000000000000000
00000000000000000000000000000000
00000000000000000000000000000000
00000000000000000000000000000000
00000000000000000000000000000000
00000000000000000000000000000000
00000000000000000000000000000000
00000000000000000000000000000000
00000000000000000000000000000000
00000000000000000000000000000000
00000000000000000000000000000000
00000000000000000000000000000000
00000000000000000000000000000000
00000000000000000000000000000000
00000000000000000000000000000000
00000000000000000000000000000000
00000000000000000000000000000000
00000000000000000000000000000000
00000000000000000000000000000000
00000000000000000000000000000000
00000000000000000000000000000000
00000000000000000000000000000000
00000000000000000000000000000000
00000000000000000000000000000000
00000000000000000000000000000000
00000000000000000000000000000000
00000000000000000000000000000000
00000000000000000000000000000000
7e0091e23faeed9b4035d10418fc70dd
9d8cee0cbfb11d5ce157fe4fc5046fec
e13242eb475eef003e3af121e2215fa3
32df00012d8f4a013e2023de1f23eecd
4bb70eccffc50f4affced23ffdd2ff0b
f101211fcce13f22e21bfe00d81120f1
262e0304d2e2300e7402e113223ff025
b3e05d200dc231caa7f1f31c13c44614
d64ff0b1df062cf4e38f1e7753d0db05
72e2e1fc10f13f4efef23f111f74c0ec
14a7154c453542fa402052f5415311a2
044a1771d13d2bcbc16f8f448333efe2
f31b2cd4dfe10cb52d0d70eef420efa2
1ffedf037201032a0dfb3bd100e02dcb
c8a40fb605c59a471de17c52fac40e0d
ccced43e6be0d21dc52f0d7b1d008edf
f3f0ec4d321c8f65f200217f2ccef3e6
fbf6cf6410fbc67e1e1025f540f1221d
d0d0ea017fcdeece4089e2f102e34212
11cf2043314e60463e15056b1135081f
a13c1130f4ae04e24d38fbdc1fe3f1d1
f000dd2fd31f6ee030e270a391106d2f
305f105f03083341d0223040120eef1f
2e4d90224d032f42f00936a0b0150d8f
152ef323d200f17f4231fb2221fe03f2
ab3d64d7e0d1e4bdc3977700c7910dbd
286710bc0b0cd2f2f102c8ff1ce1d0d1
df211281230110fd02d1013f2f0e1090
736b1211f0ee18133ddd0f4f4cc44acc
2b2d7ee34bd36bf10d17e3bfd03fda1e
c0cd1dfec622c42ff02c171e2cbe21e7
f6cfe1ef0f00ebf3cc3e53acea72b2f6
6c61425de92809cd229ecc370c4042ad
212d8bdc51f3e2d34a2ffd5340e1cedd
14f12ede2f714f01e16230f0730f011f
2dbd1c402ff3f3e1d030f2ce5e627421
2241dd0c3af7ccaeb3c60f9e6bb39000
2a84b639e1af9d600731c33dab51fdd3
0d330143190b7fc31fb75ede4114b3f1
2c01d62f7d3ff320f361151b21920ed0
15bef7c47885451bab01be2c41e09ce7
00110252dfe1528efec4d13d3f2fff1e
3f22247502b42e2c22aaf561f73e114c
0e50ad1d4c707d001d016f3f5ecda39b
ed7e001ed1bb2e262febd55f74bb12d0
11d02530d11e733eddd110b23010a0f5
f02b3331972b3a0032e2b48c4b0b3a85
02017100c3e01dff1233fe918fe2e1fb
d13fd025ef1780e0f3210cd515d110ae
f316f0063c49ee0211df372ecf20d2ed
71213126dd9f322f114f1f13b2d2c433
f0072f0f2f3221ffd0f00e001eff4d00
11200f3e6ac1d50a71b1205773cfb002
17c22f410f5ae3bbc7210ddadd07fe12
2f24e83dc01f03f3754fde31e0042fd4
f2fd130cedc1e0599e23d723e3ec3017
ed66d2cd3b1c302caf0d664e1cc10886
112bbb1c058fe1eb523c1b112bfdc11f
122c2e5b0cad4c023f13340fcc574edc
342d0f234e1cf10f6a031f43000c80e3
e4640777360710e2101c30525a3d2200
2e450cf33203c03d13bef7049eff01b2
3a2bc2da70e01def4d590cd239ee4e58
f3b60411210e473d5decb161100f2522
f53d0c6cb1eef223219015f14040f7d8
0037e04d95813f743924d21445343ca2
207bdc0f05e6438005e242e221670504
61fc0a6e455c2211fc2e0cc31a82603c
78e2121012d10f5ff22bcc02dd12d22d
1f8320154114dc2bd011fece21133ed5
42c10f643321d30b58e510d11af295e4
1f12c8a3e4a7f65c3f5340ec200bff21
21ce03eeaf34ff0c30c5d1ff01c2018d
20fa60e133f15c6e22ddb653c8e1d3ec
ff622e050203dfe28ae22ea11f92d547
f2c1dfcbaffac230d14ee414721fdadc
e20173f03e1fff44b43230c0ed03ee03
01b0011ee45aa2d7200b12dd440107f2
ee8ed1fe320c007d64c2fe925c6b3d5d
dd20cf2c6ec41e407e750d6ac716d51f
1218de4cf21314f0a004e505e0df1333
e6e110ece0ea4bf0eee10702055d5202
45c04d130be7f3911e80f5d9ad3ffd10
fd2cb3f030d34004273cde1054cd93ef
f33f37310e3115421ceebef331f1d1f2
dc2e92382114f1f5e117bf2ce30710b2
ee4f102d060fce812e1e51464fc2df11
c0e56bc9de642a0280dbce05eb4321da
535fcf7026115e2011075232d1d4de0f
4e110f03f422022fea2000b74e2efcb1
e021003f015c3231147c56034384d0df
16d600a4f4282a63e2f1e2211b17b330
b6023ecf2f051224a2c5ff054f38ee0e
0b4506bfa83d1022f0001f1f41113bbf
400e71451dc54528f0efb201ed3b6102
f0f3a573541610024dd3a2209dcf2401
1a70e0051aafdbf22516dd51ae4f04de
7cc6fda242280b0d1f3e416beb303ee2
c8519ff2ed20402e126103123002f2f6
55db0dcf71c12115232106bc471de8f1
f12da0ef27eb5b1c1f41e30dd8cdf422
1f29170224f6fc53d2222930bc12a80f
cf151097d532f1ce9e110ced9de47dec
f211c134fe4620fc6b2f5c2273afd395
f00eb0bdc9f1ebe7f104ec2d2ecea163
bca7f213ff12b93e04101a36f2eceee1
3111003f03e1e1efdac127e15beefe03
e6e026308df5ef10f673a031e0c20010
31034e0a2dd10080ee6ff71e323f0d2d
e20ebf011f1fd0dfcc60ebbfda20f008
5d1d7de31f0f4ee112f0effd1f3bacf0
284315cd1e12bd98f0f14de110bfc36b
c38b06b2113e0f041af03fe7f3e2c731
a522eff4f63c6ac7aae21d7521bb814e
5613f8f73b0a531710ac3a2af30725ef
2bed3f2f802ac0350ab32191091a33df
4deee10404d40a1cae127faf8208befc
f282323032420c2fd6059e10bcdee5f4
711e3dd18fd6fdee231680f0ae56ee01
dec57d00e40e2ce2ef8d2d742bf60def
5f2101441140b02148103a4173bc100d
e10e105e0411eaecd02f0e0710d1effb
e46c1d4dddf11710f21263f21f2e0a95
4f348fb2e4f30222312302d5df10200f
e335c3eef7ef5223f5632deeedc7feec
dee1101f0dd30f0df27e2e57f0fa2301
4a8d0bc041513e2ce002d00e2332cc9b
d0d81218755fff1cb122c5ccddc716a1
201deffcf924e033fa1efc6fc149e711
48e15f63ca053eb3e0dfacf11ed71f62
eee3d727de7fdf302f10f61bdf0af2e5
1fb6e1db3bf65c1ec003d73e2570de60
33ff541f502198e2134b0ecce49c02f1
cdeb30c3fb128d3cbd0da0800ddf2344
1f22cbe02d112bf4225ef4b23b8f44ff
2d7331ff2d1ec325214d240b4b70e70f
507e1f33ef2502f84d54f48eda754784
7dd5a1efbe0ee7051cfb37ff3f612fe1
1eef0c2307cb4dc832e6201bc897e352
32124cc02ff4c60103df02f217db71a7
1f22fed3022133802fec340fe31302f0
ffe21108f040ee1e22a11bc1dfde4ef2
131ab615b5511174134f3501b2704de5
f1f30015ff171c0f83d132210c417f1f
421afd9a2e2fcf62039863f602e51d85
cc1bce031245f7cedd7bf2f0727f6b20
f2ffef104df23a05cfef4f210800e404
ba42c6b012ce5cbd018030d3c1f47b7b
b6d4d0c0122dcc8213eef2f0da1423f5
6f2ab01361e4010fd014e9f1d3a8aa7e
f23539d027b90ab30211ab2752fc01f3
100722e1f0f4e020010e2df1fd14033f
b11f9d20dfd27a0f2f4223fb42f5eae0
1d3c2d1ff24e774c9e4c1333eff300ed
1d38c001d3c013e410cbbd6cb0110202
d53201e614439fc60e1513117ad1911e
ac3c07eb05807dce1d190f3661c67423
f51ef11fd2d5df2eeeb02c623d2f6802
03ec2791f8671e4470df0de44e313f5c
e2d53d0d6d1d5db1382790ef1ed11f92
034b3d53e5e11f5d70fd6c10031f94e2
1c05f423414fe31423510c2232e0b71e
32cbfcecf3d8bf9e0114e4d74376457c
321303e311d43e4e83f123ed1d12c273
0b47efb5215b10efe233e8bc41c1dfb7
d1e1f2d2cfec3930cec3fdef2f22d8f2
00dee0c1c1e6bff3a43d26114df21382
a622926cbd075b04d11d11511a430ee1
e2120d3fdf1dd1020030c08d0fe3a232
77e61f221f9141c3b102c4924454dec0
d2cd6110ec32c13627b0531a834c10b4
7c50d2370a0901cb1ec5dde54ff0811f
31f7512f253b5df222b032f525ed4226
f0140027feedfc01ff141201dc45f40f
7d70ca06234f5c00f70f95c3e4d21f2e
e121202a1f9f31e0021eefd1280ddfed
3e6dd19b7ccedb4d4ef0ff1e0eb2003b
1024fe1dbb2171416d42edd35e6d172a
2ff11f1d8d4bde3e2201417121ffd2e2
0131edf13ad053fb2f3fcec7e0fffcdd
5f24f004e367d2cce24bd41cd10fde35
f8e4b3f81be17cc2c0fc7cbf520ee0c5
4e5b2720b5204033802131f216fb934c
be0e14c3b63300e2230f42304fe747c4
021ce420fe1f1b55341a37e1b0310bd3
232fade8b0d7d683f1671fa3e1654104
1e431d1ef70a0284ef2db8c50206b202
0ff7e5c3a042f0f5c31022eb421f3b02
f56e13d4f2f1e3d0a1dd7e03eed4ed3f
4be0f420c9b00ea3971dbe044b3ed040
f12e2f1504d93da1151d255f83e52062
11f520005ed091f07ef2ce3deff12f48
b1e714416f4e001e10e397221fcaebf4
3cac0106595370fdeb03d36e1b1cde81
7f00f6f033104142301eff100eff1fcf
3d20fffc01b3e0c5554bb742dfcb3ed4
c6d4b4de4f1e0446e52e8d6d30a37122
21c4f21704101ffcef2613ec1001de4f
5506aef743d1c412f3ce00fb51fa5f2b
7d3149e00fdee0000f2e30113e11110f
fd4feb107bc12a24fcd226e2cc00153b
fe30cd2fd4124f2862d1e30bdd3224bf
0cfc215a17c121f460f0a02f8b31d207
c2b39c5d3531cc07fc9303f4dcf022c6
3322ee470ed833f0f80096340be6d23f
fd720e3020dd2200ff3ef121474dee82
1f51d2723e9df2222120dee4ef8a5131
da0e040411521207971e2e056013e23f
f209f2542010f099777634e1ca21d410
3eed2ff1fb20f0013ff70fc00fc6fb1a
b52ffc793f84e35b20f2d0f1bf13a074
28f060fc39fdc35143d2d10df6f1140d
ef0e20efe0ed3ef0e3ff7035ee2cd1f0
e8f016d1de5b6ee72e4c74f4ea2de0d1
2c1109a7b4db0eef7242effa631f02fd
1733d3e1df43102dff36d050a0fe32e3
1cfbe000f201d272ef1fdff3c102ff1e
905c5372fcdf3eb5b0dd4feffe03fdb4
1f00001f720a253512aeea7861f22f20
20e0415e1c4b3c1dbebeb853a1091ee4
d03e5d12f180175c4ad61cd46150f0c1
53e02f4afd7c1222cf13f31b4dfbe6ec
70203f1f14c438241fddb6c11da6aed0
db00843d3f3301503a29f3ef2e21ff20
5f78e0b34230cd04301fde15ddd221f5
c059b1002b42f65cd2fc1185d144f0b3
f2d33417ab204cb11ec2300d7fc8f24d
04def1163bd305e2410c32fd53120814
d02938c0f2b41cf80f2bf9df101ef6f0
12fd13ffce142c47530e001ff31eb190
7c7804bc24b193fb8332fcbc3dcaccce
11df10211dd311e18ffda11cfc1102f0
ef6cc77e1ecdd4f02bc54ebf54341f51
ff97b11e0c203becd5210232621fe181
51211e50e741e02c2f224c691410401b
d2b2b77102e6b8cfc420ff73f13f2020
83bf0e270d222a9525fa6a7fd971b4a6
d00fe2ddff0271fc10e13ecfddb12e00
1fe4a0133dede2eee6b17c2ba3503383
a2ae5fc72fc0b223c022a126f24e55e7
8bf62d102331190d32c920b6be6ee7f2
c11e322825a20a40cb24d5bf21211d0a
f3e742204f70bdd3231f0fefc01fc031
4adc2dcf1b04d3bae8f9be7207726345
9dcd1fee2713ee83c52f2317fdc31fc0
7b35fe0f61026003ccadc3725633fa0b
45140fce3d2fb820fa44118fe240d712
bdeef0bfbe22b1d01120d853defe003d
0ccdc0a67267ef0fc51db3ecece036df
1e20b6ee11d0ceb3de14f32c32fe181e
3222fd681efdaf3f6a610e520f3e6af3
f0153ec11df2b54862fe5cfd641f00b1
1d07030f123b121420aeafd700f80600
3ba1f3f05eebeedfce41e17f23ca10ee
f21e0e332e0d2eff0b11e3e0f71510f2
40212034d002c4402257fb6e42d27bae
027302b702f40296034603670340024c
02ad027c027a03ef05690441030a03c0
044e03420332047d02db03610327036a
0460030a037802a3035e043602cd03da
036b02880314041703b902f004200264
02e203ce02f6025202ea02c502f002f1
048e03fd034704e1035f0533042f046b
039a03280329034903a703b502d40308
04000337039c050202bc028b043f0459
02cd02b803de0425031603f2033e0419
031403b302e9041d04a6033f047f0431
03ee055f023e0417033d02fe03520517
031f02a403ff022a05e702d103800597
036a0370031c05f002c604310359036a
0338037203a2039c030702d8034d035c
02e3033b039802a6034902c80465033c
02640333028802d90303045f03550340
02de03050391037b030f029f041c04b2
04570443032002cd02b002b9038702ca
05a9039a031703e9031b040d03e50400
0411029a0308051402e20405038d02e5
036803a40408031903d8030b0516036a
058f05be041603da025d036b0404032f
032b059a02e603ad024602bc0336029f
0397025b031102f002b1032702c20390
02800381035d066404ca037c025704d3
02e3033503b403d70363039f02bd03a8
042d03cf037c03d902b2029503990332
03f202f0040703eb031b03b80368023b
03fb03d5044d04ad03ab032e03220349
0348035c044e029d030903ed02ed02bd
02c6041a032c033a04a4029d03690305
00000000000000000000000000000000
00000000000000000000000000000000
00000000000000000000000000000000
00000000000000000000000000000000
00000000000000000000000000000000
00000000000000000000000000000000
00000000000000000000000000000000
00000000000000000000000000000000
00000000000000000000000000000000
00000000000000000000000000000000
00000000000000000000000000000000
00000000000000000000000000000000
00000000000000000000000000000000
00000000000000000000000000000000
00000000000000000000000000000000
00000000000000000000000000000000
00000000000000000000000000000000
00000000000000000000000000000000
00000000000000000000000000000000
00000000000000000000000000000000
00000000000000000000000000000000
00000000000000000000000000000000
00000000000000000000000000000000
00000000000000000000000000000000
00000000000000000000000000000000
00000000000000000000000000000000
00000000000000000000000000000000
00000000000000000000000000000000
00000000000000000000000000000000
00000000000000000000000000000000
00000000000000000000000000000000
00000000000000000000000000000000
0c2b073a7b33b061991e22d9cbc4a110
104ee022d2f2670e90bdd3015030fef0
c37f13a1f1e141edd00f3df3f12212ff
1f902eedff1ff4f2ec4e329c4148f64e
4e2144f1f1120fb033001ca5f21f238d
dcf134bd772d608a74df09dfccee31c0
6fbdf0f081e2ef10077ba34933001c2d
f204f1ef1c74a5343581c3e054e00cf1
d3c7330492c3e313131df10b84c0f2df
011cf13f81ff2f2c1de090f1eb022dcf
ebe55c1570e0cf38207372d9e2b2027e
97f2d2e00224c15ade1569deea401d22
7b5dd350ed2e1131ccf1e010debd7e02
fe1fd4bd81fc5de9c40ffd0055bff340
4fcc0ce831a124c1e76c69e2121e1512
a0084eae7d11fa61f0d2fff4d3f03313
1ed1e324003250fef82140f2f24044b9
55ed7fcdeb132ae175c0c34304511e0f
451e3f1ddb210464ef22c28ca42c7b3c
e2c71504d7f2f330bcd276efe4ff10fe
4b3cd11ead24f76e734de240c42ea8c0
dd02f0e0fd044a4e13a5ed2ffe12e8f2
a85c21dd00ce4f12fc1d71ef4eff2e34
7ef09ff24a322e1f11b29c12d4380230
f44b383f33a3612c7234b0ee529e43cf
1ee0ed3f2c43d4523da0211ea113704b
1fccdab03200e306c017c11deb42bfd3
75dc50244722c80e3fb5cda01a86b361
e9d3fef34fd380f2e4dd9ce0fb3d33e1
9f0edbee14212f022c3f5f31326e71de
2d61e35362f90ac0345a2d017c0fff62
ce00a0f31f004a2ce33b6003e28f22f3
4b082f1e1fefc2f2eff122b2f1000eeb
0ec80e0e2ee2fe322415d1f1242d2cf1
ad61bfeff3bfef3a5c2d1c2f32e83eae
ef1f9db4dd2140e2121e0d0efd1d8102
1630142ec20dcfac4ed092d8f51e71e1
204d016f3efc2e7096fe163274cf350f
7b51000c73312e664323ebe038f770e4
3153f5307c7216001da0f874deaea0de
c429e2e702d000fed0dce0db0b481200
8004d2ff8dde01c0dff3ef4ef20411df
1e41432ea5dee3cbd20f01b8c203fdcd
2d2d24419d25175d2eb23fd3feee2f0f
63de327d30fd33f2e580fde31415b175
174c4c661cbfd8cd2e792d3103e2bcae
b100006bc76112ede000ffd30abe21b1
aec720c90f1115be1e41ea3edd233fc0
633f521dfee2ee220f2ee4ee8fca103f
a367b121e307c3eef1de2521230ee71f
b1d2110ce81feef3111e65230a1c2eee
03e3e02451d21dfd1621161d22c521f8
2c1735bdff123f714663dc55f3197514
f182c3ddecd2c44f02e163dd1bd01e2f
df1f1bf1e9c403902b73106c0bd27d76
c50b06b3f0cdd4ece1fe143a3083b3ba
f4f0ca337fe20ecf03f22dc120fe200e
0fd01e22e285cd01bd4d1fc344030362
d4a373ee022dae0c344dd333914f3316
2f42c0ef0e22ed3fb11c810b4ec1012f
dd4d022327ec074ecde3810f29fccfb2
f3018c6dedb0c05420803ddb9c000323
de0bf17e7d2cbfb31c1e23f2be5d5f45
d10fdb20f6fd20583d4910e51550516f
e2e04eee32d00010fd0dd08ee0015f31
000d8ff54e2fc2f17e61361fd10e010e
b1107cbd2017c105e2a431fed6c217c4
05ee1be7d27f9fffd35321a434ddc3f4
d95a8731205e33e2f1380144e4942d3f
1a18c2d2a9163de3d1f016ef0254f1d2
3af0a0f7104fcb176e4bfc21fc3ee107
32f11cd5f311310c2220550f1328efbe
f1c7470e5f0d2980f422300de4ff0310
f8413e332f16b1d71f23f017c0393ee3
233240117fffffed23301cc4cd5d310f
3335ed302f4f3afb413287f8b17551bb
43e333a124045f1024ee7e1133ec8ded
2333d501c8ebe11012f9d1f8c54680db
dff29e9801b6e2f9236b611d3e6de2c4
f3df20e3fce102e2864f400cd9844765
fff44e701ce36e1bed0cd3bf24561ef2
300edc14fde27300257e220ddbdecb19
c234f90eeddb8becf2fdf0dedfbd5cb2
2fe90fff0d9ef6c2a14117d076bafc3a
dc12f1d045fd24e3efd208e221c1fc50
fcf01fee1f4741ca3f715112de03cd01
1f8f000e115aeefe8ceed25e10f42b0f
04c20540fe03f212facc22755cacfcf0
df1f0f020b7c1407c1d007c024c2201f
32115ece30a019bb0501ff3d181f93db
100affe2fcf0c5d3b427ed0d11fc3020
b90eb210229b10ca12cc24f5577fcfe5
01bcdf20c00710f300e4b6e0101eff0d
eead879d5b0d4425d325af2e31eef6df
e819bec4b3fe7bde07c3f220e41e421d
325e3c9bf2cbe470315f4e136c4e50a0
b7dfe22f4186f78523301a106d34bc2d
1b371eef3ccf6a42ed43e4eedf3ee1ec
e20c13e443e8d6db33c1e2afc0d033c0
f75c2f0d3f103ac231ee520d28e0bd03
4024e3320ecbcabf1274f2b7fe34179a
12bb0fdc72417ce418107ebcba2113f1
736aab2b1b6ded5714fefab72eb28b37
f10ff7f527deef21153ffe0f2215d221
1121d1f00cad0fce23d71b4bcf01f2b2
3f1edeed5def33fa88387ded2fe01202
0cc157b51f1351e39bef5b5f2f01304a
0df01d0eb2fe02fedc8132e1110112fe
7b74156e155366501d15cf242f4de3f5
101fedc0fef72ff0dd023cf2e20220fe
9bfadc726d880760af6676b297e1a622
d5cb30a0412c17d93c5345ef32cd1f7f
1bc1b8e25cff41ae1422c0f55a2fffff
8f0d03ff10d5eeb73060f3b2d321e44f
11ff2df1752cf13c6300c1205d02ed71
7ec00240d3ff4023ef8f3fe50f6bd20c
febf4ea67e29e43f592117bfffe8e01e
1a830dd10d0bece3f1362ae902236902
21ff1222e3fdfe0ee840dc2e0ebfff1b
1c442040e3c81f0d1ed0f437a4315401
12e4a7531f1f04bde38f06eb3ce21de5
ff3bdb6bc110f4c2e208f5ef211879f2
6b12e21d2d1255912403174714205eca
0d533c82dd252e721d1e05f134d1eb52
23c4227d6f0d7d0de7a4cbf2415e36cb
c55bfff23a2dcfdee13441210ea41cf7
fd00fe1d3fd0c22bffe32281320c1f3d
3fe4d334ffce303c8731c6f111203237
2e13f071d065edaf13ef7ffffd36f0ef
4c33d0ffff37d3b449f3edc5e1243326
38eef27a46003235ced50a2bf8cf000b
3a7fdad43481a0b13dcefe34ef04322b
7f1144935033c1e81c1fedf02e0311bf
1e3b31e3db509e430e75ef20cd820f3f
f1a822f40b55d41620082b06d234a4d3
1e001d14d05cc2d043e027c7f803eeee
f021ff4f5ac31d3112d70bef1b61b3e2
70f0d2f9ee3112f15ffb001f1dfd0e32
4b7c14f0c373301010efc24a3127fe5c
0aa331ffef5824dd90b2d2d93e57f6f9
f0133b561e174702404f3cb15f7d1268
93f0850f240fba4d504f4e913bf27d45
d400621fb1bfaef2e1e7add5e391c61d
0501053fc4ce31b711f3329fd422cef2
5af437e367b5f10f4728573dff63315d
0fd3df2702f103f33f732ee1f234230f
bcfe0ea1117f8009ef1cf18a59081da1
1f270d4a7cf3b3d152f47624d33d0e90
3617ddfe6f3e00e04f2db41e14f3e11e
7d81ceb35392c45c03f1a7d2fe113f70
dd84d015e0f4c0ea1247002e31d3ffe4
f0d1540fcfb7735ee97cb20deeeb540a
182eed104c135d5e1532fcee34134445
c20113efe5ce7e01edeae8fba12a1f1a
b1327f316262efe0b0a3df161ee03fe1
e104ecf13420d7c32ed7f4ede1fbfc17
9f1dd1a06f2f70d00d3c7aaff432d502
f7d623fb3e3c337b21200f52e523ea25
04e0fdf20234c8c0134ef220ffe15151
3253291508fe1b41b2eedcc0123d3b0e
40372280c7df3d0a2dc2faf2345110bf
ef3e01b11ab241adb00d40f5e612ff38
fa021d1e0cefb46dd0eff00e2267f182
0020cc4ecd1f634d1c21fc98e2c3ef00
6147d3dcd122d0fccfc51f36582c3261
27f638f541c3fadf2d4602474015e3c1
814ff03fd3f2b19f0ff2c44f1201e1d5
711cd2189d16fed4f09ee4f70e01e213
142b11813fcc2aa066b1d190caefd2f5
dbed2cfc2e4e3010d5df7ed7c2022400
07c71ebd2fc20ed2fe1dd2ee9ded04e2
f00fe30af00d0000101de402e3c80161
ec1ffb13c2cf3b819153ffee5bed0c0d
e7d4e60ecc74490353b4479230b0a035
f621130e1134fd2de08012f414ad130f
2d1312e3e42431ffd0ef6fe138f4a0db
f50dff0ef24f60f3413812c1004af057
ed552c0dbd1411fbce01ff637ffdf9ad
018b1bf206e001c12b1ed7a2021c5ef7
f4ddfead01b7dd009428b06efa13ef3e
ed510e3c271e0f1302bd4d3732c12bef
0feef5b0b71ae13131b10e69ef010077
340ed31cefbc383d9d201d409f2a546f
f412ee63da1b337e0ca0c03134431cef
652d02df10b0fef3e1d38d3f0cf20127
94c3d14e15815dfa450e834420f0f251
228ed04000e22c203df0f4f0ecfef302
9e69433209de11132b01d2dde113e801
abd711f7dfff2f5b3b4f10057e3d1f90
ce625d1f111bf18cdcfe1e1e6e4ccec2
f4e2470e7efc0f092fed07f9f0ce6e3d
712743e009debee20f15d260eee5eb35
201722ecfc8b324b5ff6e2ecdbe41df3
0f031fe0282d5064afed3213dc211fe3
0af0f0bdfe317f41062227f4e00f11de
71eff3f1f2f7efdfe2d01b02f2cfb241
31dcd915f98d03d1a0e9ea1e322340dc
43fec1f000f07ff45b222532f4dca3ce
13d70de502e08e03e4ea1f53f1d1e33d
b3b570e99d260e2a1cf1611b002287c2
6dc1dce1cf32c034433eb43e2e23f801
26cd0205d1c8451224cb1f8e0f2ba5ce
09ee0f4dddcc7f0f10dff3c51d2d6aff
a53e38c60d22240ff027305123d00d93
0e04e410e0d4e003c1220ec8eff2d4f2
e20f0615061e1eee5d70e2c074e0fdee
00e40d4fc01b03e1ed7d3a37114ee39e
f70be1f22efdf0d40200203eff2ef03f
7ef1e31c2dbf0050d72fef31f20312ee
f4c2ffe30fc03f08dede321ddeeee20f
458f0f3e4d030d0f2222bb1041aacfdf
54213e4261c523e78dcfe43c24be30ee
ffc8227342a91af190cce25010621371
c10b1a61e4faa26cfb307e50bfb1caf0
1cd118cf1ff7320e214e1d1000273fcd
0ba414d09dab22ad033e2f87673dbc20
173512e04b15ef212fd0ea73a0c6f53c
fe5e14a35db004138ddf0041692fee14
4ad262e3065d0bd9292d980138ece24f
ee330fbde67871b34ae6e3a35faf612f
e5e4e353ef4d247f4e601d5fdf3e10d0
ea0e1b63e239e0150c07e1794ee59da8
5f07f7d265d245e06050760d3ef4cfc5
271ef9032fd502116f30d2f310ed2003
10e4faeec19cfe06c23d9cfb30723e00
f00bf171e130f2fb0f000312fe53effe
03f2ade0e12c1d61ee011842503f021e
8069a1dce2e6cd0a4206ce0200451a22
4fe061fefb3b5e00402ddc30c61f1b74
d06413a77320d2bb3f023d1900df2e42
ee311e671e314aef10f0fef2031f12fe
185d2bee294d007c4ed001f416de030e
13a7d22dcdbe3fdff30244bffd05f32e
48240c43c9d4fb5c11de7fe8240365c0
10df2f7261441a51742e1f37fd364053
f94f17fae0140ec36de4ef7ff32e7105
fd011362c7ee2d2f3f10ffe122f2de12
5cb7d063c2e921fdf3215b1ca6eaa135
2311f73ce143ddcfe33210bedd6dd129
fe0fc0d10f04d3bed8e41b3d03e05af2
00d1072f00cc32f57f0b0bffe30ece0e
3237223e2b0cdd2153013c0dee022443
73f06e167414f7a103c315f2bee8e130
125710ddd7c4a40d28321ecfbf7c170e
1c80276f3211373e30d1f12e08cf1a6f
11fefd0a975855bf1d02c22c0021021b
bbdbbfe4de2016d7012b1f051100ee04
02e1f0d0f50e300e4b4e5ef3f73ce3f4
0982763e33f3f6beb5f26cde1430e2dd
32f8f5dfcd5bdcf6ab54d37cbe912b1d
42bc7f418ff442edef2defe131d29102
f2410ec14e0f4c21c1bfa1cf80220012
bceb8b40022902516f2fefe7bce2eb11
efd003fd179c458c0f7f112eefeb42f4
2718626421a5efd20d300c210102226e
ee1a30f82140114114d2ca8f0ae1fc90
093a059d081508c604e004b00916057c
07a30552078505b907880565051d0723
07730652059b064404a205c2056d0760
04fb06270772072e0728064405cc06d9
054206c9064008a906a20628063f062d
066f03df05630532075805f9082404eb
077304d60467069408d7051806a3074f
089f06b704df06010588063f054e078a
09360644043c06f5073403ff06000659
058d06cb059e0722078d052006560558
04a9073806fd0648063906ad06b90536
050105180631069e06cd0616077a0706
056b06860698058005b506bd06aa05eb
048e05dc04d704e105b70858076505a1
04810618047f06ed061205e2088a05f9
075307fc068f08ba046a0708055506a3
0628072f064707a605aa06a7054c087b
056d059a065106350732058707410515
06cf04f805ef068b0545050006c7061c
0619055b097e05e4079c073b04f305c0
05e4058f061607b7074b048606be06c5
058308ec09c405010725072d058107c8
04f704bd0a9104260848074705910707
080b06850715067d06c907a70489065d
075d05a806f605ed070105520812067a
066105e4058906d004b506b4070c06ec
05b906620601076d05bf0608058a0584
07650620073b05380652069f079f0609
04f504790672055604bc06da05580765
07a0067e05990698063207d6052a0645
060e06cb083a056304e905320632075e
052c067005740559050205d2088e04ae
00000000000000000000000000000000
00000000000000000000000000000000
00000000000000000000000000000000
00000000000000000000000000000000
00000000000000000000000000000000
00000000000000000000000000000000
00000000000000000000000000000000
00000000000000000000000000000000
00000000000000000000000000000000
00000000000000000000000000000000
00000000000000000000000000000000
00000000000000000000000000000000
00000000000000000000000000000000
00000000000000000000000000000000
00000000000000000000000000000000
00000000000000000000000000000000
00000000000000000000000000000000
00000000000000000000000000000000
00000000000000000000000000000000
00000000000000000000000000000000
00000000000000000000000000000000
00000000000000000000000000000000
00000000000000000000000000000000
00000000000000000000000000000000
00000000000000000000000000000000
00000000000000000000000000000000
00000000000000000000000000000000
00000000000000000000000000000000
00000000000000000000000000000000
00000000000000000000000000000000
00000000000000000000000000000000
00000000000000000000000000000000
00000000000000000000000000000000
00000000000000000000000000000000
00000000000000000000000000000000
00000000000000000000000000000000
00000000000000000000000000000000
00000000000000000000000000000000
00000000000000000000000000000000
00000000000000000000000000000000
00000000000000000000000000000000
00000000000000000000000000000000
00000000000000000000000000000000
00000000000000000000000000000000
00000000000000000000000000000000
00000000000000000000000000000000
00000000000000000000000000000000
00000000000000000000000000000000
00000000000000000000000000000000
00000000000000000000000000000000
00000000000000000000000000000000
00000000000000000000000000000000
00000000000000000000000000000000
00000000000000000000000000000000
00000000000000000000000000000000
00000000000000000000000000000000
00000000000000000000000000000000
00000000000000000000000000000000
00000000000000000000000000000000
00000000000000000000000000000000
00000000000000000000000000000000
00000000000000000000000000000000
00000000000000000000000000000000
00000000000000000000000000000000
00000000000000000000000000000000
00000000000000000000000000000000
00000000000000000000000000000000
00000000000000000000000000000000
00000000000000000000000000000000
00000000000000000000000000000000
00000000000000000000000000000000
00000000000000000000000000000000
00000000000000000000000000000000
00000000000000000000000000000000
00000000000000000000000000000000
00000000000000000000000000000000
00000000000000000000000000000000
00000000000000000000000000000000
00000000000000000000000000000000
00000000000000000000000000000000
00000000000000000000000000000000
00000000000000000000000000000000
00000000000000000000000000000000
00000000000000000000000000000000
00000000000000000000000000000000
00000000000000000000000000000000
00000000000000000000000000000000
00000000000000000000000000000000
00000000000000000000000000000000
00000000000000000000000000000000
00000000000000000000000000000000
00000000000000000000000000000000
00000000000000000000000000000000
00000000000000000000000000000000
00000000000000000000000000000000
00000000000000000000000000000000
00000000000000000000000000000000
00000000000000000000000000000000
00000000000000000000000000000000
00000000000000000000000000000000
00000000000000000000000000000000
00000000000000000000000000000000
00000000000000000000000000000000
00000000000000000000000000000000
00000000000000000000000000000000
00000000000000000000000000000000
00000000000000000000000000000000
00000000000000000000000000000000
00000000000000000000000000000000
00000000000000000000000000000000
00000000000000000000000000000000
00000000000000000000000000000000
00000000000000000000000000000000
00000000000000000000000000000000
00000000000000000000000000000000
00000000000000000000000000000000
00000000000000000000000000000000
00000000000000000000000000000000
00000000000000000000000000000000
00000000000000000000000000000000
00000000000000000000000000000000
00000000000000000000000000000000
00000000000000000000000000000000
00000000000000000000000000000000
00000000000000000000000000000000
00000000000000000000000000000000
00000000000000000000000000000000
00000000000000000000000000000000
00000000000000000000000000000000
00000000000000000000000000000000
00000000000000000000000000000000
00000000000000000000000000000000
00000000000000000000000000000000
00000000000000000000000000000000
00000000000000000000000000000000
00000000000000000000000000000000
00000000000000000000000000000000
00000000000000000000000000000000
00000000000000000000000000000000
00000000000000000000000000000000
00000000000000000000000000000000
00000000000000000000000000000000
00000000000000000000000000000000
00000000000000000000000000000000
00000000000000000000000000000000
00000000000000000000000000000000
00000000000000000000000000000000
00000000000000000000000000000000
00000000000000000000000000000000
00000000000000000000000000000000
00000000000000000000000000000000
00000000000000000000000000000000
00000000000000000000000000000000
00000000000000000000000000000000
00000000000000000000000000000000
00000000000000000000000000000000
00000000000000000000000000000000
00000000000000000000000000000000
00000000000000000000000000000000
00000000000000000000000000000000
00000000000000000000000000000000
00000000000000000000000000000000
00000000000000000000000000000000
00000000000000000000000000000000
00000000000000000000000000000000
00000000000000000000000000000000
00000000000000000000000000000000
00000000000000000000000000000000
00000000000000000000000000000000
00000000000000000000000000000000
00000000000000000000000000000000
00000000000000000000000000000000
00000000000000000000000000000000
00000000000000000000000000000000
00000000000000000000000000000000
00000000000000000000000000000000
00000000000000000000000000000000
00000000000000000000000000000000
00000000000000000000000000000000
00000000000000000000000000000000
00000000000000000000000000000000
00000000000000000000000000000000
00000000000000000000000000000000
00000000000000000000000000000000
00000000000000000000000000000000
00000000000000000000000000000000
00000000000000000000000000000000
00000000000000000000000000000000
00000000000000000000000000000000
00000000000000000000000000000000
00000000000000000000000000000000
00000000000000000000000000000000
00000000000000000000000000000000
00000000000000000000000000000000
00000000000000000000000000000000
00000000000000000000000000000000
00000000000000000000000000000000
00000000000000000000000000000000
00000000000000000000000000000000
00000000000000000000000000000000
00000000000000000000000000000000
00000000000000000000000000000000
00000000000000000000000000000000
00000000000000000000000000000000
00000000000000000000000000000000
00000000000000000000000000000000
00000000000000000000000000000000
00000000000000000000000000000000
00000000000000000000000000000000
00000000000000000000000000000000
00000000000000000000000000000000
00000000000000000000000000000000
00000000000000000000000000000000
00000000000000000000000000000000
00000000000000000000000000000000
00000000000000000000000000000000
00000000000000000000000000000000
00000000000000000000000000000000
00000000000000000000000000000000
00000000000000000000000000000000
00000000000000000000000000000000
00000000000000000000000000000000
00000000000000000000000000000000
00000000000000000000000000000000
00000000000000000000000000000000
00000000000000000000000000000000
00000000000000000000000000000000
00000000000000000000000000000000
00000000000000000000000000000000
00000000000000000000000000000000
00000000000000000000000000000000
00000000000000000000000000000000
00000000000000000000000000000000
00000000000000000000000000000000
00000000000000000000000000000000
00000000000000000000000000000000
00000000000000000000000000000000
00000000000000000000000000000000
00000000000000000000000000000000
00000000000000000000000000000000
00000000000000000000000000000000
00000000000000000000000000000000
00000000000000000000000000000000
00000000000000000000000000000000
00000000000000000000000000000000
00000000000000000000000000000000
00000000000000000000000000000000
00000000000000000000000000000000
00000000000000000000000000000000
00000000000000000000000000000000
00000000000000000000000000000000
00000000000000000000000000000000
00000000000000000000000000000000
00000000000000000000000000000000
00000000000000000000000000000000
00000000000000000000000000000000
00000000000000000000000000000000
00000000000000000000000000000000
00000000000000000000000000000000
00000000000000000000000000000000
00000000000000000000000000000000
00000000000000000000000000000000
00000000000000000000000000000000
00000000000000000000000000000000
00000000000000000000000000000000
00000000000000000000000000000000
00000000000000000000000000000000
00000000000000000000000000000000
00000000000000000000000000000000
00000000000000000000000000000000
00000000000000000000000000000000
00000000000000000000000000000000
00000000000000000000000000000000
00000000000000000000000000000000
00000000000000000000000000000000
00000000000000000000000000000000
00000000000000000000000000000000
00000000000000000000000000000000
00000000000000000000000000000000
00000000000000000000000000000000
00000000000000000000000000000000
00000000000000000000000000000000
00000000000000000000000000000000
00000000000000000000000000000000
00000000000000000000000000000000
00000000000000000000000000000000
00000000000000000000000000000000
00000000000000000000000000000000
00000000000000000000000000000000
00000000000000000000000000000000
00000000000000000000000000000000
00000000000000000000000000000000
00000000000000000000000000000000
00000000000000000000000000000000
00000000000000000000000000000000
00000000000000000000000000000000
00000000000000000000000000000000
00000000000000000000000000000000
00000000000000000000000000000000
00000000000000000000000000000000
00000000000000000000000000000000
00000000000000000000000000000000
00000000000000000000000000000000
00000000000000000000000000000000
00000000000000000000000000000000
00000000000000000000000000000000
00000000000000000000000000000000
00000000000000000000000000000000
00000000000000000000000000000000
00000000000000000000000000000000
00000000000000000000000000000000
00000000000000000000000000000000
00000000000000000000000000000000
00000000000000000000000000000000
00000000000000000000000000000000
00000000000000000000000000000000
00000000000000000000000000000000
00000000000000000000000000000000
00000000000000000000000000000000
00000000000000000000000000000000
00000000000000000000000000000000
00000000000000000000000000000000
00000000000000000000000000000000
00000000000000000000000000000000
00000000000000000000000000000000
00000000000000000000000000000000
00000000000000000000000000000000
00000000000000000000000000000000
00000000000000000000000000000000
00000000000000000000000000000000
00000000000000000000000000000000
00000000000000000000000000000000
00000000000000000000000000000000
00000000000000000000000000000000
00000000000000000000000000000000
00000000000000000000000000000000
00000000000000000000000000000000
00000000000000000000000000000000
00000000000000000000000000000000
00000000000000000000000000000000
00000000000000000000000000000000
00000000000000000000000000000000
00000000000000000000000000000000
00000000000000000000000000000000
00000000000000000000000000000000
00000000000000000000000000000000
00000000000000000000000000000000
00000000000000000000000000000000
00000000000000000000000000000000
00000000000000000000000000000000
00000000000000000000000000000000
00000000000000000000000000000000
c1e510f20cc482c2507e6313845e4d1d
e3f0ee21322efba0801a9d103cf43edb
2d5de11c81f1fe0c3b2b2b251eeefd99
cb31cb27e3ae31f012096b0309e3ceb0
2efb71343ddde0f0031b7e12152fca01
264c5cf4bd200eecec00393d58935432
0f38de3c5ff9030cdfa41e7e2da1cfe2
044100731dda5e22180001400fcf0df2
031f2e112ce0e61e231d2011e5227e0d
0017302c2402132e0c241702fff2edcd
e9e02f0c83f1ed0449cf2f2e1e164c02
4e21500e8ec3bf2225fffdb4ef3f202f
4f0beedf4feaae0c1fb07d94314c1212
f4f0eed055d714ec3ee144c28e011eef
e529f72efec143ed3da0304ecb4fde1f
cb0bcf2f50b1d17da1b99d131b3f10dc
0af4405e131c000d0c803d15d30226a9
65aeda70732fdf7f07360f8414efdbe0
d42411a07b733de30e07deafafed1d07
1e5cd0eff001b7cffbee2f3cc904f12e
eb8e3ccb5bb177326fff1425ecfe3290
190fc3b213706febd20d344f35eb71f3
2ff108fe260fe30ff1d11e3f1f60b41c
f30edc01246ec321d008e1052f51f232
7551c34fd2f5af0d1273e092f1014b15
4de0fdbef82f3245f22f0b12a044ffff
292fc1db3cee2082e1c7b3ee54f53720
e613dfc71d0d2f703e4f0427ed1bf06e
321dd20df3f03b3a012b7e2187dab516
f02d0a72f110eb04ce60295f95f30623
efd0311e6d13c115301116c82fe3fd55
f3cb7c4dfdd1b9fe1b71d71031202fd1
eb12e932de5200601310018b5d9ee040
c6be62a0424fc55c7b2e9c7c3fbdf700
c0c1a2ffc2758fd2c2273d1715c1b6eb
4ce2d3ac39ee231262ff77e1862124e1
3d1ef80b32e00d112d9f1c2d7be12202
55ff182c602f3cf03ee2500f1ef0ced2
7f0933232d61de5e1ef2fdb06028f05c
bf02bcd141df00211315e52803b8e3eb
d1ff91f0d5e560e142153cf1ddfff71f
150e1fe21e2873d1ec23c62a90b5b0c6
f1f0f2f033212c210e3ee8a1ee0bcff1
0cdfec00d2cc1adf2b0161d138dca000
3280cbeee1fe2213b5f2e54dbfb05170
0d1c610f02fbf1e32cc1d17a11e2cefe
dd000ee61a630c013ee0212d18102fd8
d044f51c504e01d6e2efdb907f301dff
40c84bb3ec0cd0b2232bb2ec6d1b10cf
afedf0401dde06215d4bc7e0efef1831
c533cf0f201b4f5f403b107d13e4cdd4
0521e72004f11c143b33fe01101e2c4e
c081f7fe123101d10fcff31f021bd1db
05ce072075313e200ded7a35fb404025
124f0cd8ee20f167120f34ddf30f18f1
fff02018221ee0f133d0002f1ef01001
d12df71c75aeb0a21c4df33098e803fc
51ddfd1ef04d3202d74109d3c2a20e0a
11cec15e1f8bd14f0122f01323e4e462
01de584ee427f4dad67faccee31c0e91
287ff5a03b752f7ac22ee05a432e309f
b47bea1d565031db1f2fa83240e21e4c
02d03ffd24233c80a3c11c301efdacfb
ffc03d0be7f412f6c21292d01430fb3e
5dca47cf1b0aee9b074537cbf6a1154e
3ffce3bee5ba3c04be8c05291b2eb5cf
7e03f1e020df04dff40f105fed1ef0eb
e0055f1512f0e4ff10ee213fff71c1e4
45dd413c7f52bdf015de8070032ad1c1
e834029c4397e231eb2a3d0ec214fefe
21720e61b0be54e1111e4c47e1c1b91d
711f00702114e7bd23000ec0c02a626f
def211e4e1100f20420f11c1df7e02f0
adb1dee3730621faf95c1ce145ef7994
5d40ceaf0c74fd1e26e20cdd04118bc9
417ff80112f2c0e607ea0b4bb6005e2d
4fe6e27f2649cbe112d1d273fceb6015
1af2fdc421df12e20f302080dce01c94
f0f243a0ed71310312eff1fe0e45ef4c
78304e05d716b0cb4fffcf31d3420dd0
e01d3c6c7270da6dd31c2cd2a018d6f3
0e7758a70a901acc1ec5674711e8dcb3
01d08b20d0530515e3ef4050edff0f3d
ffecfe5cc1403f846d0cfe40cdb20efe
1807f30c07605ce74f0f6c3badfb3680
c2231f0afddfe01f3ecf71311243110e
d140b66dcbb42abfea28834263b3befc
d51091037eb01ddcf1c3012bf0a00c03
d0e00c64dc10a7111202de36a65e07fd
0cb2f2b4b5efb1b86307d0f5a1a36d3f
c035f8d728eef48acbfc331bf551d3dc
cdee11e1421240c0ee5e34e10d71d1ef
e002b003fc6005cf01de447fb407ec33
e111fcfe4ce328fd101ffdd02cf5f04b
2a3080f035ce32c3c0e023eddbd21220
a25b0cbcfd8bf37b5a4d3da11e6c0f27
0406212560379de3e7f21bf1f30cfe51
ed003cb9413d40e341ae11b500803220
11e1d9fd3ffded167270ede1daf4f5f0
31e2f31efff1d2ee2f3edf00318f3eb1
42d87abfb152120001f0ff6204f11320
cd137df11ee391b70b50b0baa7c74f97
30de2460bb49c2c6b026d2784747d670
4df11eef1d60300103e8b12ee22042fe
2e3fdc4f015123732fe2cc0e2e1c1f78
0f0264a21001d311d0843dbedebd0d4f
e90ef27ab0b26000624c9704c70eec7f
e720210e08e2203e0310c0fff42412c1
d30302c013b018bfd01fb4f04a0232c7
01c02dfc014c31b0c0f2841ed61370ef
da35cd420c24f6f225d80146cc14ec47
1565eec3f3de5c42fc0d2ffbd821a6c2
20fe4530f138b30342fc2ab303d210e5
1c24e501148c12d2de1ffed223d12c50
72d02d01eff670fdc111fff5c2021014
372cee23b012512d122d3ee8affbb05e
2ffe2e21bf42e1d555723f70f0eb055f
1d3005b1d090a0d030e16560a10b127c
fc3e8f13042214e0f18053edcfdfd0cd
50ed7002ff414de0ee0fb0461622fbee
4b4fe236563fb1f7e30100e1defacee1
adebf293f23e46d6112e0441f27053e1
1f03efdad952832ec2b1f4f0c3e6bf53
ea3115220a811ddb32cd939601209f20
edcd1572310471df3e2ed3030e262e41
203df52f0ecc73fcb2a2548d2441202e
a431722f8e3bf15724ce0325301d315d
1e300c4133611fdfcf1e01e13fef5e8c
001bf032c10fd333e2c0142b35b84e9a
a445e124fe172e3327fedf16d5d31f22
314a523f07eff1e143becde668695c1d
4b10231d0cfc2e3e134de0e84d0244e2
0114e1df55e63c64a25e6272621f37a0
3138e0b9a0f102c01c3c1cba22e11175
0d2efc43ef824bc2602a1112f1f43916
813c2014ef1f0fef02dfb0df22ee0e0e
312cbe102602d412e52dd70061f1bd1b
33aeddf33c7c10522cbce1d26bd72436
f80f1001e2ff03eb324e20fdebf20013
a10570483ff1c03ea0ef2f9bd3d3fb15
211de0d18cdef4eeefff0ec2205cee0d
50c3d21e41e2ee41070fe8f0112bed0e
c14d2e4020fa7b035c10817d204befce
0c0af172f7dfafe11fff0d33e0114fd2
972083c271dd305584320d43ef2ef43a
dd34235b1f727de69720cdc7262df3ff
40e2102f5e321cbce2fd3e0b61d2b0d7
a84529132244fe31332e36bf30111ee1
436044542cc4c0702efa10e242c04cd2
3206e0e8d2fbfcf4591bdf52e1cc4403
1dd0ea1ff12de20e473bcfd2f01fa3a2
01dddea1c45e60b3dc0cde71c1b1f7d4
f01f0d0c6d3002f72904d340038fea22
22befef45f1e40efceff023fcd205117
c202c14e21e2da33020cef120f53e702
efbdbf92f42f1a1373b3f0b3cf247f01
4d14102d4adc568cde11fc4d1e1cc84b
3ef729444e972ef6eb03ab45ad0c8edf
000d10ff60201f150cc0feccd82f1242
0dd2dcfcc01dcb6dcd7013a1cc930e0a
f0defe2c3af710dc5b43f30d010c3e54
2c5d25d4bb0534a27dec4edf32243fe1
9243131ef122fe580a11d110d3c85c42
a1f201e22e20c3c308e10f7e01e15d1d
f5c221c0143e3741ee231e62cffddd1c
fee0c21d16ef126e7435032580f60b15
ff2682064ec298c30efdfe92b115be2e
72032a2d10512421111b81eeef592daf
fb1ddd83f0112fe11cce01e3c304013d
3cc1142d4203c3e01bf74e5670712c2d
1a4d01709702b9a10070c3090002d312
413321701c30f003f30ded2e0928d962
c261f1022a4f1ef100fe2e202ec207f2
a42e6ee197df6d36613a22af4f4e3f0f
0e60ff31f2c0f02012f7ef332deefee4
7c10ee0fef20082cd2ce151e14dcecfe
e53defe1f312c42cd20c0112020137c2
2d0031d83011102e5f33d411a001dd2f
7d1052dde329d0dde4bdfb80e2dd1b50
1dd918ee15e21f2f133ddf4067bcad01
cc23c041fee74ad34425f505147a2f40
347070d7ef05603d32dd72eb0974f012
fc2d56adfcdd2c26b9bfcf4df307b4c2
213fd01cf12ddfca70ff7d0111fe00af
5dc22812627eef1264e01558d1de3512
ae3d04f485ee311d00bd9142fcc10dee
fc00470e0f1323b73ff1cf010ecfb8f1
fe5bf53e00b888171b12351c02ef1b80
1ae8131224bc0f102c021d09ed05311c
e67ba03111e6ea1c23fffee1fc00ef1d
004eff7b000f2d6d1e1fd5ef11072fbe
551aeb4ddce9e4f5c02f6021dbb70cc4
6c1b32edf5c2ad4cf93d300e6305b47e
3d5e5741ff0cfe7c00ee00b3bffc3add
de472ff2ad8fb2f2bfc410e2f254e4fd
00221940a14dcfd5501f5428020ff1f0
e96403d2d4a0f88f9abffc917e735200
f0dd2bf26f39f20df52f58530326bc12
0b43138e42f5bbe06ff4a07f4ef0d2f3
d16eed1f31e63d2d31f2df0e3f3158fc
1e1f144e34dd00efe83c0e62d5f3cbfe
df803a2cf441edf3ceb11f0d4ee3dd0a
e9521e309e84fe40c1b55f2bb34a4af5
e29f047f04fdde0f6d7ef8771fdcca4e
1e312e1f104110e00ee42fe01e72ec4e
f3f00f180eedf4031abee12c12ff3e50
e3df2c060cddd03f12341e1f1d70b21b
21205edd2ffdc2ebfdd0cd0c5829bfaf
331501e3d00d3c4a72df710fce1027c2
43d4dd5f123fb129f1f91cf70cb63fde
231c02f031ad12af5001e6fe117aff12
5ae390a211da1407ad03bd05e2ddffc2
50e0240321ebbb7fffe42ad8f60e12d3
b92dcfa0beeb1f2d23d746830067019b
dc1602f12d36e7023f8c2f8ed03dfc1a
4233d22338e31003f1d01d4bed432e13
c715ea2d505e2d6db02ef01f5de3f3ae
041130c2453ea10e227e0df503f7baee
2754fe51bf11c0c22f02f3c1eeebeefd
de13dbeb12150d1f3fbd32e70fd260d3
e6fe4491451326731f2cce37cf013e67
223b01eff1452017c2160bf042002d23
7e0d025df0e3d3192d242e00ff6afefe
0cac8f7df0c6112fe1d310d2edf06e1c
231fc17103ff0ef22af8fa21ebf91d24
ae61f532e2d1dc2dd1470f7e3722ef70
24d11d99ca0b474df2c972a61c01380a
2bd12c83c0d5c21fff0df521207176df
bdf1e15312f13e580c0dfebbd40b1e4f
80f7df2e1f515a7bde1fafeb4a2551cd
1e1f5f0fcd1c45181a331c1006e11c5f
ae2222ce1bb5e731c0be0c40c05c6c87
70ac826d63291d9b63ecb1e6d6eee9ed
3481ff112312f1200d21d0314dc4d16f
e52386f041e6f30bd2e2fce120e130fe
15f2abc4ff0310a6be63c2b7010ef452
fce5de3ef215d401810ff102e6f1126c
22311d181e14c20150d164e7341cc12f
0701fbff31001de11e5eedf130fed1a2
11d812a4fe31be9edd24472eefa95b12
e08240f3ee44ff30e1b10f22f4df113b
451cf221df20ceff4e0041c0050d073d
33ef2ee38d00dce2031cf1210fd3311f
320b3befda1d2607ff08e23be59afcee
20d3f5b2ee4d51e2d24ea327ebe2e123
7ebead14fff05c40e4f0643f5f421616
02010caedb1c30d6a023c04c0f328120
c18c342855c1f1d7015f3bd3fff1b9ba
0df2d16f041e27f3fdcdc2c120441445
ca50fe41300ec00c40f522db8ff30ebf
0900cf0427720ac137b3e0b4af112311
fe0d07dfe1372f13ccfd2d22e5f402f2
c714fcc56ddc3e55a212753234ee1211
01b2f17c50010bcf4fd3e0013e113021
ed1f409840cc44cb08c39220e6aee1dc
4b140b6d14e2a12ff8ef0031ec810eb4
00ef010400fe013300c700fe00e800e6
00db00d90183011400fe00f701a200de
010600bb00d200eb00aa00c6010500c7
012201a40100010700f800eb00f0010d
013e00c500eb012901540127012f0129
00f700dc00df010400e9013d00b800e7
010000db01080154017200e900ef0110
00ff011e00de00d2013a00c5016700fb
011600f900a800d600f9011400e30109
00ac00cf012c0124012d0117011400bc
00bf00e5012100e8010c00f4009f00eb
011e00b600e7010c0123015400d901cd
013701aa00bc0134010a018a00e60109
012a0187012900f9014c017900d300f0
011e00e1015f00eb00b60101010700fc
00b900fe00bb00f20151010f01100122
011a00f7010400cb012f010400e40109
010f0117015700f700cb011300fc00c5
00da00fd00d0011c00e7013d00fa0120
00e100fa0131010b013a00a100cd00fe
011600ea00ff00f500b5012400f20114
00fa00eb017800ee00e600d600bf0170
00fa00c100dd01780110014c010a00fd
00da0161010e00fa0141014200d20105
010b012e0103014b013c0131011500db
00e200df0100015801d600e800ff00d1
00fe00f000f300f500e000db00ea00ec
00f6012d00fd01fc011100ab0115010f
00e200cc00d6015e00e000d600e300c5
00d600b300ca00c500e800f600d2012d
016200ed00bb00d700f80140010e00aa
00e300cd013c013300c7011000f80131
00000000000000000000000000000000
00000000000000000000000000000000
00000000000000000000000000000000
00000000000000000000000000000000
00000000000000000000000000000000
00000000000000000000000000000000
00000000000000000000000000000000
00000000000000000000000000000000
00000000000000000000000000000000
00000000000000000000000000000000
00000000000000000000000000000000
00000000000000000000000000000000
00000000000000000000000000000000
00000000000000000000000000000000
00000000000000000000000000000000
00000000000000000000000000000000
00000000000000000000000000000000
00000000000000000000000000000000
00000000000000000000000000000000
00000000000000000000000000000000
00000000000000000000000000000000
00000000000000000000000000000000
00000000000000000000000000000000
00000000000000000000000000000000
00000000000000000000000000000000
00000000000000000000000000000000
00000000000000000000000000000000
00000000000000000000000000000000
00000000000000000000000000000000
00000000000000000000000000000000
00000000000000000000000000000000
00000000000000000000000000000000
00000000000000000000000000000000
00000000000000000000000000000000
00000000000000000000000000000000
00000000000000000000000000000000
00000000000000000000000000000000
00000000000000000000000000000000
00000000000000000000000000000000
00000000000000000000000000000000
00000000000000000000000000000000
00000000000000000000000000000000
00000000000000000000000000000000
00000000000000000000000000000000
00000000000000000000000000000000
00000000000000000000000000000000
00000000000000000000000000000000
00000000000000000000000000000000
00000000000000000000000000000000
00000000000000000000000000000000
00000000000000000000000000000000
00000000000000000000000000000000
00000000000000000000000000000000
00000000000000000000000000000000
00000000000000000000000000000000
00000000000000000000000000000000
00000000000000000000000000000000
00000000000000000000000000000000
00000000000000000000000000000000
00000000000000000000000000000000
00000000000000000000000000000000
00000000000000000000000000000000
00000000000000000000000000000000
00000000000000000000000000000000
00000000000000000000000000000000
00000000000000000000000000000000
00000000000000000000000000000000
00000000000000000000000000000000
00000000000000000000000000000000
00000000000000000000000000000000
00000000000000000000000000000000
00000000000000000000000000000000
00000000000000000000000000000000
00000000000000000000000000000000
00000000000000000000000000000000
00000000000000000000000000000000
00000000000000000000000000000000
00000000000000000000000000000000
00000000000000000000000000000000
00000000000000000000000000000000
00000000000000000000000000000000
00000000000000000000000000000000
00000000000000000000000000000000
00000000000000000000000000000000
00000000000000000000000000000000
00000000000000000000000000000000
00000000000000000000000000000000
00000000000000000000000000000000
00000000000000000000000000000000
00000000000000000000000000000000
00000000000000000000000000000000
00000000000000000000000000000000
00000000000000000000000000000000
00000000000000000000000000000000
00000000000000000000000000000000
00000000000000000000000000000000
00000000000000000000000000000000
00000000000000000000000000000000
00000000000000000000000000000000
00000000000000000000000000000000
00000000000000000000000000000000
00000000000000000000000000000000
00000000000000000000000000000000
00000000000000000000000000000000
00000000000000000000000000000000
00000000000000000000000000000000
00000000000000000000000000000000
00000000000000000000000000000000
00000000000000000000000000000000
00000000000000000000000000000000
00000000000000000000000000000000
00000000000000000000000000000000
00000000000000000000000000000000
00000000000000000000000000000000
00000000000000000000000000000000
00000000000000000000000000000000
00000000000000000000000000000000
00000000000000000000000000000000
00000000000000000000000000000000
00000000000000000000000000000000
00000000000000000000000000000000
00000000000000000000000000000000
00000000000000000000000000000000
00000000000000000000000000000000
00000000000000000000000000000000
00000000000000000000000000000000
00000000000000000000000000000000
00000000000000000000000000000000
00000000000000000000000000000000
00000000000000000000000000000000
00000000000000000000000000000000
00000000000000000000000000000000
00000000000000000000000000000000
00000000000000000000000000000000
00000000000000000000000000000000
00000000000000000000000000000000
00000000000000000000000000000000
00000000000000000000000000000000
00000000000000000000000000000000
00000000000000000000000000000000
00000000000000000000000000000000
00000000000000000000000000000000
00000000000000000000000000000000
00000000000000000000000000000000
00000000000000000000000000000000
00000000000000000000000000000000
00000000000000000000000000000000
00000000000000000000000000000000
00000000000000000000000000000000
00000000000000000000000000000000
00000000000000000000000000000000
00000000000000000000000000000000
00000000000000000000000000000000
00000000000000000000000000000000
00000000000000000000000000000000
00000000000000000000000000000000
00000000000000000000000000000000
00000000000000000000000000000000
00000000000000000000000000000000
00000000000000000000000000000000
00000000000000000000000000000000
00000000000000000000000000000000
00000000000000000000000000000000
00000000000000000000000000000000
00000000000000000000000000000000
00000000000000000000000000000000
00000000000000000000000000000000
00000000000000000000000000000000
00000000000000000000000000000000
00000000000000000000000000000000
00000000000000000000000000000000
00000000000000000000000000000000
00000000000000000000000000000000
00000000000000000000000000000000
00000000000000000000000000000000
00000000000000000000000000000000
00000000000000000000000000000000
00000000000000000000000000000000
00000000000000000000000000000000
00000000000000000000000000000000
00000000000000000000000000000000
00000000000000000000000000000000
00000000000000000000000000000000
00000000000000000000000000000000
00000000000000000000000000000000
00000000000000000000000000000000
00000000000000000000000000000000
00000000000000000000000000000000
00000000000000000000000000000000
00000000000000000000000000000000
00000000000000000000000000000000
00000000000000000000000000000000
00000000000000000000000000000000
00000000000000000000000000000000
00000000000000000000000000000000
00000000000000000000000000000000
00000000000000000000000000000000
00000000000000000000000000000000
00000000000000000000000000000000
00000000000000000000000000000000
00000000000000000000000000000000
00000000000000000000000000000000
00000000000000000000000000000000
00000000000000000000000000000000
00000000000000000000000000000000
00000000000000000000000000000000
00000000000000000000000000000000
00000000000000000000000000000000
00000000000000000000000000000000
00000000000000000000000000000000
00000000000000000000000000000000
00000000000000000000000000000000
00000000000000000000000000000000
00000000000000000000000000000000
00000000000000000000000000000000
00000000000000000000000000000000
00000000000000000000000000000000
00000000000000000000000000000000
00000000000000000000000000000000
00000000000000000000000000000000
00000000000000000000000000000000
00000000000000000000000000000000
00000000000000000000000000000000
00000000000000000000000000000000
00000000000000000000000000000000
00000000000000000000000000000000
00000000000000000000000000000000
00000000000000000000000000000000
00000000000000000000000000000000
00000000000000000000000000000000
00000000000000000000000000000000
00000000000000000000000000000000
00000000000000000000000000000000
00000000000000000000000000000000
00000000000000000000000000000000
00000000000000000000000000000000
00000000000000000000000000000000
00000000000000000000000000000000
00000000000000000000000000000000
00000000000000000000000000000000
00000000000000000000000000000000
00000000000000000000000000000000
00000000000000000000000000000000
00000000000000000000000000000000
00000000000000000000000000000000
00000000000000000000000000000000
00000000000000000000000000000000
00000000000000000000000000000000
00000000000000000000000000000000
00000000000000000000000000000000
00000000000000000000000000000000
00000000000000000000000000000000
00000000000000000000000000000000
00000000000000000000000000000000
00000000000000000000000000000000
00000000000000000000000000000000
00000000000000000000000000000000
00000000000000000000000000000000
00000000000000000000000000000000
00000000000000000000000000000000
00000000000000000000000000000000
00000000000000000000000000000000
00000000000000000000000000000000
00000000000000000000000000000000
00000000000000000000000000000000
00000000000000000000000000000000
00000000000000000000000000000000
00000000000000000000000000000000
00000000000000000000000000000000
00000000000000000000000000000000
00000000000000000000000000000000
00000000000000000000000000000000
00000000000000000000000000000000
00000000000000000000000000000000
00000000000000000000000000000000
00000000000000000000000000000000
00000000000000000000000000000000
00000000000000000000000000000000
00000000000000000000000000000000
00000000000000000000000000000000
00000000000000000000000000000000
00000000000000000000000000000000
00000000000000000000000000000000
00000000000000000000000000000000
00000000000000000000000000000000
00000000000000000000000000000000
00000000000000000000000000000000
00000000000000000000000000000000
00000000000000000000000000000000
00000000000000000000000000000000
00000000000000000000000000000000
00000000000000000000000000000000
00000000000000000000000000000000
00000000000000000000000000000000
00000000000000000000000000000000
00000000000000000000000000000000
00000000000000000000000000000000
00000000000000000000000000000000
00000000000000000000000000000000
00000000000000000000000000000000
00000000000000000000000000000000
00000000000000000000000000000000
00000000000000000000000000000000
00000000000000000000000000000000
00000000000000000000000000000000
00000000000000000000000000000000
00000000000000000000000000000000
00000000000000000000000000000000
00000000000000000000000000000000
00000000000000000000000000000000
00000000000000000000000000000000
00000000000000000000000000000000
00000000000000000000000000000000
00000000000000000000000000000000
00000000000000000000000000000000
00000000000000000000000000000000
00000000000000000000000000000000
00000000000000000000000000000000
00000000000000000000000000000000
00000000000000000000000000000000
00000000000000000000000000000000
00000000000000000000000000000000
00000000000000000000000000000000
00000000000000000000000000000000
00000000000000000000000000000000
00000000000000000000000000000000
00000000000000000000000000000000
00000000000000000000000000000000
00000000000000000000000000000000
00000000000000000000000000000000
00000000000000000000000000000000
00000000000000000000000000000000
00000000000000000000000000000000
00000000000000000000000000000000
00000000000000000000000000000000
00000000000000000000000000000000
00000000000000000000000000000000
00000000000000000000000000000000
00000000000000000000000000000000
00000000000000000000000000000000
00000000000000000000000000000000
00000000000000000000000000000000
00000000000000000000000000000000
00000000000000000000000000000000
00000000000000000000000000000000
00000000000000000000000000000000
00000000000000000000000000000000
00000000000000000000000000000000
00000000000000000000000000000000
00000000000000000000000000000000
00000000000000000000000000000000
00000000000000000000000000000000
00000000000000000000000000000000
00000000000000000000000000000000
00000000000000000000000000000000
00000000000000000000000000000000
00000000000000000000000000000000
00000000000000000000000000000000
00000000000000000000000000000000
00000000000000000000000000000000
00000000000000000000000000000000
00000000000000000000000000000000
00000000000000000000000000000000
00000000000000000000000000000000
00000000000000000000000000000000
00000000000000000000000000000000
00000000000000000000000000000000
00000000000000000000000000000000
00000000000000000000000000000000
00000000000000000000000000000000
00000000000000000000000000000000
00000000000000000000000000000000
00000000000000000000000000000000
00000000000000000000000000000000
00000000000000000000000000000000
00000000000000000000000000000000
00000000000000000000000000000000
00000000000000000000000000000000
00000000000000000000000000000000
00000000000000000000000000000000
00000000000000000000000000000000
00000000000000000000000000000000
00000000000000000000000000000000
00000000000000000000000000000000
00000000000000000000000000000000
00000000000000000000000000000000
00000000000000000000000000000000
00000000000000000000000000000000
00000000000000000000000000000000
00000000000000000000000000000000
00000000000000000000000000000000
00000000000000000000000000000000
00000000000000000000000000000000
00000000000000000000000000000000
00000000000000000000000000000000
00000000000000000000000000000000
00000000000000000000000000000000
00000000000000000000000000000000
00000000000000000000000000000000
00000000000000000000000000000000
00000000000000000000000000000000
00000000000000000000000000000000
00000000000000000000000000000000
00000000000000000000000000000000
00000000000000000000000000000000
00000000000000000000000000000000
00000000000000000000000000000000
00000000000000000000000000000000
00000000000000000000000000000000
00000000000000000000000000000000
00000000000000000000000000000000
00000000000000000000000000000000
00000000000000000000000000000000
00000000000000000000000000000000
00000000000000000000000000000000
00000000000000000000000000000000
00000000000000000000000000000000
00000000000000000000000000000000
00000000000000000000000000000000
00000000000000000000000000000000
00000000000000000000000000000000
00000000000000000000000000000000
00000000000000000000000000000000
00000000000000000000000000000000
00000000000000000000000000000000
00000000000000000000000000000000
00000000000000000000000000000000
00000000000000000000000000000000
00000000000000000000000000000000
00000000000000000000000000000000
00000000000000000000000000000000
00000000000000000000000000000000
00000000000000000000000000000000
00000000000000000000000000000000
00000000000000000000000000000000
00000000000000000000000000000000
00000000000000000000000000000000
00000000000000000000000000000000
00000000000000000000000000000000
00000000000000000000000000000000
00000000000000000000000000000000
00000000000000000000000000000000
00000000000000000000000000000000
00000000000000000000000000000000
00000000000000000000000000000000
00000000000000000000000000000000
00000000000000000000000000000000
00000000000000000000000000000000
00000000000000000000000000000000
00000000000000000000000000000000
00000000000000000000000000000000
00000000000000000000000000000000
00000000000000000000000000000000
00000000000000000000000000000000
00000000000000000000000000000000
00000000000000000000000000000000
00000000000000000000000000000000
00000000000000000000000000000000
00000000000000000000000000000000
00000000000000000000000000000000
00000000000000000000000000000000
00000000000000000000000000000000
00000000000000000000000000000000
00000000000000000000000000000000
00000000000000000000000000000000
00000000000000000000000000000000
00000000000000000000000000000000
00000000000000000000000000000000
00000000000000000000000000000000
00000000000000000000000000000000
00000000000000000000000000000000
00000000000000000000000000000000
00000000000000000000000000000000
00000000000000000000000000000000
00000000000000000000000000000000
00000000000000000000000000000000
00000000000000000000000000000000
00000000000000000000000000000000
00000000000000000000000000000000
00000000000000000000000000000000
00000000000000000000000000000000
00000000000000000000000000000000
00000000000000000000000000000000
00000000000000000000000000000000
00000000000000000000000000000000
00000000000000000000000000000000
00000000000000000000000000000000
00000000000000000000000000000000
00000000000000000000000000000000
00000000000000000000000000000000
00000000000000000000000000000000
00000000000000000000000000000000
00000000000000000000000000000000
00000000000000000000000000000000
00000000000000000000000000000000
00000000000000000000000000000000
00000000000000000000000000000000
00000000000000000000000000000000
00000000000000000000000000000000
00000000000000000000000000000000
00000000000000000000000000000000
00000000000000000000000000000000
00000000000000000000000000000000
00000000000000000000000000000000
00000000000000000000000000000000
00000000000000000000000000000000
00000000000000000000000000000000
00000000000000000000000000000000
00000000000000000000000000000000
00000000000000000000000000000000
00000000000000000000000000000000
00000000000000000000000000000000
00000000000000000000000000000000
00000000000000000000000000000000
00000000000000000000000000000000
00000000000000000000000000000000
00000000000000000000000000000000
00000000000000000000000000000000
00000000000000000000000000000000
00000000000000000000000000000000
00000000000000000000000000000000
00000000000000000000000000000000
00000000000000000000000000000000
00000000000000000000000000000000
00000000000000000000000000000000
00000000000000000000000000000000
00000000000000000000000000000000
00000000000000000000000000000000
00000000000000000000000000000000
00000000000000000000000000000000
00000000000000000000000000000000
00000000000000000000000000000000
00000000000000000000000000000000
00000000000000000000000000000000
00000000000000000000000000000000
00000000000000000000000000000000
00000000000000000000000000000000
00000000000000000000000000000000
00000000000000000000000000000000
00000000000000000000000000000000
00000000000000000000000000000000
00000000000000000000000000000000
00000000000000000000000000000000
00000000000000000000000000000000
00000000000000000000000000000000
00000000000000000000000000000000
00000000000000000000000000000000
00000000000000000000000000000000
00000000000000000000000000000000
00000000000000000000000000000000
00000000000000000000000000000000
00000000000000000000000000000000
00000000000000000000000000000000
00000000000000000000000000000000
00000000000000000000000000000000
00000000000000000000000000000000
00000000000000000000000000000000
00000000000000000000000000000000
00000000000000000000000000000000
00000000000000000000000000000000
00000000000000000000000000000000
00000000000000000000000000000000
00000000000000000000000000000000
00000000000000000000000000000000
00000000000000000000000000000000
00000000000000000000000000000000
00000000000000000000000000000000
00000000000000000000000000000000
00000000000000000000000000000000
00000000000000000000000000000000
00000000000000000000000000000000
00000000000000000000000000000000
00000000000000000000000000000000
00000000000000000000000000000000
00000000000000000000000000000000
00000000000000000000000000000000
00000000000000000000000000000000
00000000000000000000000000000000
00000000000000000000000000000000
00000000000000000000000000000000
00000000000000000000000000000000
00000000000000000000000000000000
00000000000000000000000000000000
00000000000000000000000000000000
00000000000000000000000000000000
00000000000000000000000000000000
00000000000000000000000000000000
00000000000000000000000000000000
00000000000000000000000000000000
00000000000000000000000000000000
00000000000000000000000000000000
00000000000000000000000000000000
00000000000000000000000000000000
00000000000000000000000000000000
00000000000000000000000000000000
00000000000000000000000000000000
00000000000000000000000000000000
00000000000000000000000000000000
00000000000000000000000000000000
00000000000000000000000000000000
00000000000000000000000000000000
00000000000000000000000000000000
00000000000000000000000000000000
00000000000000000000000000000000
00000000000000000000000000000000
00000000000000000000000000000000
00000000000000000000000000000000
00000000000000000000000000000000
00000000000000000000000000000000
00000000000000000000000000000000
00000000000000000000000000000000
00000000000000000000000000000000
00000000000000000000000000000000
00000000000000000000000000000000
00000000000000000000000000000000
00000000000000000000000000000000
00000000000000000000000000000000
00000000000000000000000000000000
00000000000000000000000000000000
00000000000000000000000000000000
00000000000000000000000000000000
00000000000000000000000000000000
00000000000000000000000000000000
00000000000000000000000000000000
00000000000000000000000000000000
00000000000000000000000000000000
00000000000000000000000000000000
00000000000000000000000000000000
00000000000000000000000000000000
00000000000000000000000000000000
00000000000000000000000000000000
00000000000000000000000000000000
00000000000000000000000000000000
00000000000000000000000000000000
00000000000000000000000000000000
00000000000000000000000000000000
00000000000000000000000000000000
00000000000000000000000000000000
00000000000000000000000000000000
00000000000000000000000000000000
00000000000000000000000000000000
00000000000000000000000000000000
00000000000000000000000000000000
00000000000000000000000000000000
00000000000000000000000000000000
00000000000000000000000000000000
00000000000000000000000000000000
00000000000000000000000000000000
00000000000000000000000000000000
00000000000000000000000000000000
00000000000000000000000000000000
00000000000000000000000000000000
00000000000000000000000000000000
00000000000000000000000000000000
00000000000000000000000000000000
00000000000000000000000000000000
00000000000000000000000000000000
00000000000000000000000000000000
00000000000000000000000000000000
00000000000000000000000000000000
00000000000000000000000000000000
00000000000000000000000000000000
00000000000000000000000000000000
00000000000000000000000000000000
00000000000000000000000000000000
00000000000000000000000000000000
00000000000000000000000000000000
00000000000000000000000000000000
00000000000000000000000000000000
00000000000000000000000000000000
00000000000000000000000000000000
00000000000000000000000000000000
32f451deef1c2cd2e258ee0fa27e1fe4
dd8ff12e1be1152d30fe0e27fffa54f5
ba2d150232d1de2401e1dec0fa18b15c
ecd1422205efd100fc2de063712e11d1
fddffd2d8f4e1310bde01cc1ff0d11f0
2ec22ffd120423328dd2ed2ffd1be302
0f3e004312cb3333172a6cedf770185c
1e10e061e39032a6c28e961bfa0cc952
fbf3d90f401ec1d1e1741501b1c2d1ae
d10e74c416e0e122f5eedd06dd0d2627
d2d1be2be2f73282f9cb13b2144eeed1
370ef24c3239d2ec1026f174b7733302
1abd2efbd30c34d0e4281d730c1fd44e
e5e7cbfe5e5c247d0430d80d00dd4db2
0f73ef0d21fe11fe1f12e3fb3ced5d3e
6f76a760d81eae4e2bc2df1e93db4f32
3c1791438d3105e3a000461e00e551cb
b4d94b1e0c007ce7f06cbfee5b2b7dd7
1e2e1abe23fa440c30ebf9dde308bd27
3fa0b519dd8f0040eac6082e5c9e007f
254f0d4d3f0e4cf2e4e1e218bede012e
2c03d12bd0ed29cffd1480860fcb49ec
c32df4e32d3e83fd12147129f1f2ee36
7c004002220202b1fcdb1441fbc2000e
726d0f2f11011912098ded52ec4f2700
badafed5de0e228ba2412e5554ebe3e1
1b4b322d302e021e8ff1fc0d204ec3fc
dfe0fd2e43db0f72234222ec261b5f85
bfe10bc04ae2c2cf00341f1f37e01e22
2f62110757e36cf60d421df0973ec296
15012e8152e4640e032dd50cc16002ff
d141f0d602193e5e5155300387cb53e3
00000000000000000000000000000000
00000000000000000000000000000000
00000000000000000000000000000000
00000000000000000000000000000000
00000000000000000000000000000000
00000000000000000000000000000000
00000000000000000000000000000000
00000000000000000000000000000000
00000000000000000000000000000000
00000000000000000000000000000000
00000000000000000000000000000000
00000000000000000000000000000000
00000000000000000000000000000000
00000000000000000000000000000000
00000000000000000000000000000000
00000000000000000000000000000000
00000000000000000000000000000000
00000000000000000000000000000000
00000000000000000000000000000000
00000000000000000000000000000000
00000000000000000000000000000000
00000000000000000000000000000000
00000000000000000000000000000000
00000000000000000000000000000000
00000000000000000000000000000000
00000000000000000000000000000000
00000000000000000000000000000000
00000000000000000000000000000000
00000000000000000000000000000000
00000000000000000000000000000000
00000000000000000000000000000000
00000000000000000000000000000000
4c31310c314e3d3508f42e68d14374ee
a2e1e5fe0334b483f1adfce813f4e034
c4cecf214ebd15bce1e2eecbce814c4b
6e150033300bc0c821df320f222c52b4
b4fe001e6850ffd44de2e911de61b0df
3db4bf703220510fdc900a01e92f20f2
10d1e104ff1f0b3c17302447125d642f
8e0fa9e14fae3e20bb520641a430fe20
18106fc3377f09d6801a1d74dfbbf1b5
c16cc3e6d61e49002774f4c615cbfe3a
bd214012ee1ed3cf410df24132ec0e67
24e20ac35dd1fe52dd741e37cf11e6b4
d42feff3f7212151405d13ef3b10f01c
20eede05f3c00f035f21872f0efd0075
1ef0e2b600b18d0d0203f0132fcf0ea3
0f0e0f9e0eff7110ee402e4fe04eef41
31221f10dfc3ff3fcaa41b24385fffff
ffbff32e1477a4e2e2900ddfdcddff1b
ad0231d91aba1f2e81f14bcf0ce0a4f2
3f8210ce04eef201c2100e0e21deadfe
4fcb310e5dcd0e4ff2f091fbcf11f218
1fbdc3d52131e12b37e4d04313d251f1
fd02ee383ddd1242c12d32ed2f4ced01
47f0ddfbf1e02f413c7e54142448e25d
b31de90a010d7e03174f3d22e3de1f16
c2326b8403030132e146fd834e1ade1a
fc21021bc100b63151f01804f0effce4
b1f20f41ae2e1f3d23f724cbad211d23
2aec3ee8d0d1eeefe44ff1030042005c
0ff2ebfe0cb413400cf210812c304115
fb3b92ada0f7fd40057e30b457ef5acf
4106041e0e4e1bb1a09920a63702de7c
00000000000000000000000000000000
00000000000000000000000000000000
00000000000000000000000000000000
00000000000000000000000000000000
00000000000000000000000000000000
00000000000000000000000000000000
00000000000000000000000000000000
00000000000000000000000000000000
00000000000000000000000000000000
00000000000000000000000000000000
00000000000000000000000000000000
00000000000000000000000000000000
00000000000000000000000000000000
00000000000000000000000000000000
00000000000000000000000000000000
00000000000000000000000000000000
00000000000000000000000000000000
00000000000000000000000000000000
00000000000000000000000000000000
00000000000000000000000000000000
00000000000000000000000000000000
00000000000000000000000000000000
00000000000000000000000000000000
00000000000000000000000000000000
00000000000000000000000000000000
00000000000000000000000000000000
00000000000000000000000000000000
00000000000000000000000000000000
00000000000000000000000000000000
00000000000000000000000000000000
00000000000000000000000000000000
00000000000000000000000000000000
00ac25def51771277d2f50192aee874b
20fc1331cd71e0d3d2b737632e2faece
e2de4e1052ffe5f22a21d2c0f2ea1710
0f01f21018d0fbdf23633020e1efec7b
352100ef04320fb22a4e01612407f103
da18312ab2c01eeecd1117f02fb2cecf
f8012ddff0f20ddddf127157cfc043f5
029969d7e305d248be22ff2e04b4e2d7
2214f5e33f5e531d84e61163b343905f
0ec2c01bf4e24cedefaffff130e7e1fc
51ffb74f02e00016fb31c1d70303e231
7b3325f0dc311f2200dece172f10edfe
0dfef0b1f128b3cddead05eb925cfcf3
01f0cff310e10fe0e7ff3f1424ceb324
2721f3647f350e2142e710ab533441fe
71b2074492db02ba87e320437a1b6ecb
f0230fd74e20d28315f7c2e0c22037e1
7140050d1bfed1e03d22f3611df118c3
bd15beeaa35030bd2c98ffbf412e16e4
c07fb723cece550150a33d5d54e03521
426d7130f2ecf0f7ddd00d531bf200e1
426b76f23ccc2023e352110065174010
61b11fded2e1cb463650f71120de002b
0024b1fb0ef60e0911f290dea109b72e
4ec613c40efe1f07362520c4dc31c26a
766612aaf47ff1212533c7bc230e0326
3350aef40036e4ee3012f3e9517f1efd
f10012ed0b090123fefe1ad022f0188c
126dd5ec231f4212101f4bc03fae0470
73fdcb01bce31f1fbb435de4b2daf2ed
7bb4005cfd123a3140bfeb5f121e008f
a70ce25b4f4c06e025757ea0e030c35e
00000000000000000000000000000000
00000000000000000000000000000000
00000000000000000000000000000000
00000000000000000000000000000000
00000000000000000000000000000000
00000000000000000000000000000000
00000000000000000000000000000000
00000000000000000000000000000000
00000000000000000000000000000000
00000000000000000000000000000000
00000000000000000000000000000000
00000000000000000000000000000000
00000000000000000000000000000000
00000000000000000000000000000000
00000000000000000000000000000000
00000000000000000000000000000000
00000000000000000000000000000000
00000000000000000000000000000000
00000000000000000000000000000000
00000000000000000000000000000000
00000000000000000000000000000000
00000000000000000000000000000000
00000000000000000000000000000000
00000000000000000000000000000000
00000000000000000000000000000000
00000000000000000000000000000000
00000000000000000000000000000000
00000000000000000000000000000000
00000000000000000000000000000000
00000000000000000000000000000000
00000000000000000000000000000000
00000000000000000000000000000000
e360e411bf7d844ffd0216ffbdb7dd6b
1e3d2221f0f7211dee8dcc21df4efd24
ee00223c1e1d5f522edcf10d34e8e0f2
1c416dfceccb3b5df0710402c31fd5fc
b8d375fd46fff42b009215d0102e5bb3
2091204bfe43223edf1308b05fbc0151
dc0efbffc31b100514cce3070c0d05c2
64dd456a1924cbf370af71f031c4c6d0
1350ed665cb2e166759dd070bd010e54
df4f7e4c66d3000fe3290b1b210063c3
70e3e51a1558f011a1250ea018b20eaf
5482e13546070af3a1de2ee30afbc153
04021ef81ffd1f21febf12dfa1233ff1
f4b1a5cc1e1e1ea2febbb7f7102212fe
eff4e949120108de11efe30b111131ae
44fd2db1deca101d6c0f007b1ce12b34
7d0a32fe6cd58d0c6bc77e6cb0011df3
00304e3ece30f8d09d2b520c22f11f0e
331431c2ec582eb2dc719fe2b44d9fdf
9ffd120c0d0c33b1ea02ea11a7c7194a
eeed33401f07ccde3e2f0321ae19182f
40e411ef802ff4fdf1cc3e2e433fd7ee
e63ef3d024573b212c6fec3efe4ee650
a2dd14c1f40fefdf44d478ee1d5fa13e
1950a8005e2de00b4f40c0bb3bfd1040
0120f215edcc441103d18cbdf1f0ac4f
2f0a2b220447bd32ffa07de0fdc0f7c1
12f0e4cfbd1ffdd1bc31212dd20ef810
0dedff13fa013402aaaeffef08002014
d34c0eccd7eff633b27e62215f4ca701
1739a322fae1372d12cdcac5ff9c1be2
43e2c224241d8ffc2bb4daed95f4d013
00000000000000000000000000000000
00000000000000000000000000000000
00000000000000000000000000000000
00000000000000000000000000000000
00000000000000000000000000000000
00000000000000000000000000000000
00000000000000000000000000000000
00000000000000000000000000000000
00000000000000000000000000000000
00000000000000000000000000000000
00000000000000000000000000000000
00000000000000000000000000000000
00000000000000000000000000000000
00000000000000000000000000000000
00000000000000000000000000000000
00000000000000000000000000000000
00000000000000000000000000000000
00000000000000000000000000000000
00000000000000000000000000000000
00000000000000000000000000000000
00000000000000000000000000000000
00000000000000000000000000000000
00000000000000000000000000000000
00000000000000000000000000000000
00000000000000000000000000000000
00000000000000000000000000000000
00000000000000000000000000000000
00000000000000000000000000000000
00000000000000000000000000000000
00000000000000000000000000000000
00000000000000000000000000000000
00000000000000000000000000000000
09ea0a1708d50a870912097b082e0873
0c2f0a170b200aeb0ec808140a0b0942
0a19082809ad0a6f09c1098a0a28090a
07a006f2084808070de70b600975090c
0c650d3909430b30092f091a07810961
080e0a7f07840abd0918094a0abb07a5
09820d910b8e08ef0ba607600abe0a8a
090304ef0d75086a0bfd08f407060c68
0d5c0bf109a8064b0894093b08810922
0a00088d0c5209280a390a63078308ed
0b5b0c2a08c4078f0aae0b9d095a0af2
08a708fa09180d5408130af80c160b40
08ac044807ec09ad07ae04c3090109de
0ec90a7f0bfb0a7d06dd0b9d0c4a0aad
064c0926085c090507f70a330e680de9
09ec0abd081b0a14091e0a540a8b085a
00000000000000000000000000000000
00000000000000000000000000000000
00000000000000000000000000000000
00000000000000000000000000000000
00000000000000000000000000000000
00000000000000000000000000000000
00000000000000000000000000000000
00000000000000000000000000000000
00000000000000000000000000000000
00000000000000000000000000000000
00000000000000000000000000000000
00000000000000000000000000000000
00000000000000000000000000000000
00000000000000000000000000000000
00000000000000000000000000000000
00000000000000000000000000000000
00000000000000000000000000000000
00000000000000000000000000000000
00000000000000000000000000000000
00000000000000000000000000000000
00000000000000000000000000000000
00000000000000000000000000000000
00000000000000000000000000000000
00000000000000000000000000000000
00000000000000000000000000000000
00000000000000000000000000000000
00000000000000000000000000000000
00000000000000000000000000000000
00000000000000000000000000000000
00000000000000000000000000000000
00000000000000000000000000000000
00000000000000000000000000000000
00000000000000000000000000000000
00000000000000000000000000000000
00000000000000000000000000000000
00000000000000000000000000000000
00000000000000000000000000000000
00000000000000000000000000000000
00000000000000000000000000000000
00000000000000000000000000000000
00000000000000000000000000000000
00000000000000000000000000000000
00000000000000000000000000000000
00000000000000000000000000000000
00000000000000000000000000000000
00000000000000000000000000000000
00000000000000000000000000000000
00000000000000000000000000000000
dfd13104000a0d02f47ee8c0f62e3e03
c3dcc9cd2913e7b0f95038174de05071
03007e44b023fd00df311430460322e7
4ef4de48eb9cef9c93d26effbbfe0f63
0677e2ed012be09aff55660e4df243f8
5bd3d401dc03e23b5f0500c9421751cf
e003fdf00134fff2ebd085f210f14e10
2e10c03ace1f104cd14227c6440181fd
d23dcde121a7e4bddd1e1ec0712b1fdd
0efd23cfc723b00330bff01ce0cedffb
31dd11c04ecdd13f2132ce1832f0d42d
493419f7ae15efc2920f11dc7da11e5f
e1f28fffd1014ee5e41f30773c5d1c5d
e52be1e8de42502fff3fc122f0ffd912
d2bb9f3bb761c22c492111e5a03182bd
d4e36fa43ec400f31300e7412d32873b
e23b60bf55e343200fb4ee00fcf9e1f7
50e626523260ddff21f13812d72b191f
3bdd4312123f051be04423c013b57630
00621d4626f3d411c3e330d31f7a1e00
e019225c08be5164e6110ff8feff2bcd
3dc8ddfd6cc410090cd321c0791dc23c
1eae3fe034f100fe21472fe126bdd73e
0d1debfcd4c1142aa427e0eb2e01f102
2dbe14e0fc101522f7250fec97f6ff14
7121fc0904c10763fee0e2f2ab0ca972
1e13e0ce020e1ee3e13fc6933f02ec8d
ef3ef3fc112c6dc01aeeca2e5d719eff
cdd2dace4e15f08091356103e74f301c
22f2d14773d1472140621d03b721f005
c031b27de2bea6e7be321fcc41daf1f6
2ce343450ea1d425828d103d4e13aa3f
00000000000000000000000000000000
00000000000000000000000000000000
00000000000000000000000000000000
00000000000000000000000000000000
00000000000000000000000000000000
00000000000000000000000000000000
00000000000000000000000000000000
00000000000000000000000000000000
00000000000000000000000000000000
00000000000000000000000000000000
00000000000000000000000000000000
00000000000000000000000000000000
00000000000000000000000000000000
00000000000000000000000000000000
00000000000000000000000000000000
00000000000000000000000000000000
00000000000000000000000000000000
00000000000000000000000000000000
00000000000000000000000000000000
00000000000000000000000000000000
00000000000000000000000000000000
00000000000000000000000000000000
00000000000000000000000000000000
00000000000000000000000000000000
00000000000000000000000000000000
00000000000000000000000000000000
00000000000000000000000000000000
00000000000000000000000000000000
00000000000000000000000000000000
00000000000000000000000000000000
00000000000000000000000000000000
00000000000000000000000000000000
48bbb05d322560f1fcffd9df02cddf3d
04fdda8de2d93540c0e0ecceffa2f092
db505ede32462e7691e8d257137fdfd7
e5fabe9fc9a53f27e1fe0024d8de325b
2f0435d187402fe3e32137be73942e55
e24150c520eda04f576221e2b3f611df
2af53de0111daee2920d91c72b7e21ff
f1e0ddfefd2e2d0ced82c241d1041ee0
b232c2fc13e311084f000000221e3440
3fc240e848d3f401e19ace3ff1f0e0e2
1be5e8031daed221efc495e1eff8021e
04449d517355fde43fff50f452b1e040
dde4d210e40c5dcbc7f047eecc17351e
e7a4ef0c35a08c4b0966c1f1fc404134
fa1d0d211e1824003330bef830dfd620
d4d06d75800fd543e4ddc0ace1eda21e
32e2fc10c83f02ebedbf00c40fc0cf1f
feeee2fbd147d42e85cec0ffe40b0ede
af025d3d182e2bfeb3df0ef0dc7ce501
ffb464d112d1d3280f10ff4212dca1f0
7041e1fa1fb02f0f2600120ccf32203e
c0d01c0f0345f07311a5f23f3501150f
2e1eee1b0ebb2c5d112f3430f171e8f7
40f10d730000244f2a4e1422541c334f
10b0c731d21eefffcba100e12235b406
00fe32e1ec2fdfcb386a222c001130cf
48fed3c2a26f46022ddf2ac3ac11393d
da0004323b1df00e51644208c0e5fee3
f2cf7fc9f6d1ce27edb9b10fd119af20
5b0728f503cdf23a61e71212f1021c15
3fd44a215eeacff4feb3ce5c0e70f155
4ac72004943c3e7648b48332dbcd19f4
00000000000000000000000000000000
00000000000000000000000000000000
00000000000000000000000000000000
00000000000000000000000000000000
00000000000000000000000000000000
00000000000000000000000000000000
00000000000000000000000000000000
00000000000000000000000000000000
00000000000000000000000000000000
00000000000000000000000000000000
00000000000000000000000000000000
00000000000000000000000000000000
00000000000000000000000000000000
00000000000000000000000000000000
00000000000000000000000000000000
00000000000000000000000000000000
00000000000000000000000000000000
00000000000000000000000000000000
00000000000000000000000000000000
00000000000000000000000000000000
00000000000000000000000000000000
00000000000000000000000000000000
00000000000000000000000000000000
00000000000000000000000000000000
00000000000000000000000000000000
00000000000000000000000000000000
00000000000000000000000000000000
00000000000000000000000000000000
00000000000000000000000000000000
00000000000000000000000000000000
00000000000000000000000000000000
00000000000000000000000000000000
3b11f0304ad2412706f0d31ffc1dc22e
0ffc2252cf33f10cf387400d1d03eedf
00fe0def001d17121cf0a1e33fd1e2d3
d1b112d278d000224459e05032ffff79
d0ae25e1c0d13402f7422110bd624ff0
fd102f22110f2fffef802f0e2255122e
56f9e0510e02e234fb2e81ee7e5efedb
f244d02991dfd5032f1e4cf0e04d0e08
c43cec8220e82ee231377e3cc2c1917d
42f3bd2df1127bf0d1deb55c31a3ed11
f6220cf090deb784d452b1dbe3f45557
21ee135be0f15280b02f022c1f13dfe0
c5013152c0d473db5120ff167fc1e770
7f7e05fc05ce14f50c61134b4b401cd9
ca0be022320c12e01e1f382ef0f704d3
077f123152f91c25cec0f8e2e744d110
e42dfbc7c095fc3d20bb181d03ea6df0
01c4b9dfc1fc9d40be392642789dc031
d1f2d1cdb2530f8f38f91fcfd4a1e7e4
ff3fb740eebe23ed2c932f3014c0e206
e1c2b2eb08d0532f243ce1b2e5f10d40
1fd2ddf1013011de71ff20e2dc2f0fe0
0874fa0d0e4fad0e3bfefcaf1f5ce224
1dfce35311711e273dbb3ffe32234d12
73fe35a656b0430341d354f3e410e6b3
7bfb0f5cd03c6bd1c2f1cdb3a311e9ab
07010960c01d23742e101a4c020a8c7e
0119111dc1fd0e0115313e425b8301f0
2f4ffa0cb1e7f83c202ba14e12f1d1d6
b31f24e03300e5feedea840d3e1ea202
1f06d54bb1401c0e320b1ffe4c2c2c18
f0e0e17e1fcc340ec5d7ac2e27f3656b
00000000000000000000000000000000
00000000000000000000000000000000
00000000000000000000000000000000
00000000000000000000000000000000
00000000000000000000000000000000
00000000000000000000000000000000
00000000000000000000000000000000
00000000000000000000000000000000
00000000000000000000000000000000
00000000000000000000000000000000
00000000000000000000000000000000
00000000000000000000000000000000
00000000000000000000000000000000
00000000000000000000000000000000
00000000000000000000000000000000
00000000000000000000000000000000
00000000000000000000000000000000
00000000000000000000000000000000
00000000000000000000000000000000
00000000000000000000000000000000
00000000000000000000000000000000
00000000000000000000000000000000
00000000000000000000000000000000
00000000000000000000000000000000
00000000000000000000000000000000
00000000000000000000000000000000
00000000000000000000000000000000
00000000000000000000000000000000
00000000000000000000000000000000
00000000000000000000000000000000
00000000000000000000000000000000
00000000000000000000000000000000
c105e030ce52ee54f31be201ddb51018
e4dd4231ee94046dc0bfff6dbc7dfee1
2209e81319a676f632dc87c6eddc4f41
f34d3e0b010030f64e4b30246faf8e26
381450ee32e1ef0fedae02e2f3000cc1
0ff1310b1073ed0dc2c00cffe1190d5a
3237c2f67e10c2beddf610fd1435cde2
ad1ed0f1344046ee13498d1f353b7c4f
4dcf2deff31014e495f71ff21f2e12b0
3331ef00207c12624d113ef61d3dc92c
f7ef04f311c4f19ee1e315ff601b5d1c
0d20caf033129d032fe7c06bddbff2a0
ec2f61f7f643dd125353d25f3fd8e64a
4b2fe9121013147003e62f3c7eddd220
f2ffd4c789fa31241ef3edf3d0da0160
0fd2e412c26121f31e03d680d37ef31d
c000dfe6df6c7ae6f21d8da413032130
5f11be8d6544617a2bf7c8d21900e343
0a3ed21243d2f2e81703332e2ec2321f
ff4d2de7e4d1bb5914b172df1dfed22f
b624afb2e5d0fbd7f221f1f001c53635
2eb0de4f6cc22b301133d611f8e14e41
a2d2c350a121dc0f4cf04d0dc47d8002
e1411f02b74f7e0b3d80ceecd3edbdd8
945fd0bd1431251e5e1264cb47d81f1f
2eeff34c2dd13847b2f3ed11e2c011a1
2fe14c88c01aefd74c021ce046cf1003
fed1e1cfde2e40d0bdff2f22cf1dc841
eff4230e02cb3ecb3e381b24ffef21fd
d3115953c3d7e44ffccb5fd0a21a17d2
3f0023bfee0a2d3eef621ff16b7047ee
becb5d02f0fb70d2e3fc401ffee01603
00000000000000000000000000000000
00000000000000000000000000000000
00000000000000000000000000000000
00000000000000000000000000000000
00000000000000000000000000000000
00000000000000000000000000000000
00000000000000000000000000000000
00000000000000000000000000000000
00000000000000000000000000000000
00000000000000000000000000000000
00000000000000000000000000000000
00000000000000000000000000000000
00000000000000000000000000000000
00000000000000000000000000000000
00000000000000000000000000000000
00000000000000000000000000000000
00000000000000000000000000000000
00000000000000000000000000000000
00000000000000000000000000000000
00000000000000000000000000000000
00000000000000000000000000000000
00000000000000000000000000000000
00000000000000000000000000000000
00000000000000000000000000000000
00000000000000000000000000000000
00000000000000000000000000000000
00000000000000000000000000000000
00000000000000000000000000000000
00000000000000000000000000000000
00000000000000000000000000000000
00000000000000000000000000000000
00000000000000000000000000000000
13fa1adf124f0e6815ef197914831294
0ee011390ec510000dc61981100d15ec
12ef18861307127515e4110d145e13c5
118217aa1a0113ff140d15470cf71ca2
16ee159014b411001d7b106e188910bb
1010184c0ca31095140610270ccc1bc6
12a010da0e85158511270cea0faf156d
18f90c4f12021320166d0e0a152c0efd
11f60d7314750f8818ac115c14c21381
133d133e130a164613ae15811256129e
12801fb412a70e4a106217bf12740f7a
120b11f7189a143111e2164314e912e6
0ebb11e910630e810eb910b311d51398
1fab0e5518190f9f10790c060f5112e9
10c4150f115b0fcf164c14ac0f0612a4
16ca0bb70e6d0f1a12900ffe120e0f2c
00000000000000000000000000000000
00000000000000000000000000000000
00000000000000000000000000000000
00000000000000000000000000000000
00000000000000000000000000000000
00000000000000000000000000000000
00000000000000000000000000000000
00000000000000000000000000000000
00000000000000000000000000000000
00000000000000000000000000000000
00000000000000000000000000000000
00000000000000000000000000000000
00000000000000000000000000000000
00000000000000000000000000000000
00000000000000000000000000000000
00000000000000000000000000000000
00000000000000000000000000000000
00000000000000000000000000000000
00000000000000000000000000000000
00000000000000000000000000000000
00000000000000000000000000000000
00000000000000000000000000000000
00000000000000000000000000000000
00000000000000000000000000000000
00000000000000000000000000000000
00000000000000000000000000000000
00000000000000000000000000000000
00000000000000000000000000000000
00000000000000000000000000000000
00000000000000000000000000000000
00000000000000000000000000000000
00000000000000000000000000000000
00000000000000000000000000000000
00000000000000000000000000000000
00000000000000000000000000000000
00000000000000000000000000000000
00000000000000000000000000000000
00000000000000000000000000000000
00000000000000000000000000000000
00000000000000000000000000000000
00000000000000000000000000000000
00000000000000000000000000000000
00000000000000000000000000000000
00000000000000000000000000000000
00000000000000000000000000000000
00000000000000000000000000000000
00000000000000000000000000000000
00000000000000000000000000000000
b12f35f7cbbcfa0a0dce72edff2d29d0
2b3c211e934aa3c00c2ac6c3d2c24274
020ee7e2ffe420113e21fef0f1ff42f2
e01769020f0064bed4079f3602e804f9
4e2ecf753c15bf44e010dd9eee47f003
c5442ed3f1f3d7631f3fd4ac0f24411e
14cd1e06dfb0247fb01911fe20a42ba0
0c008239327d47fddff9d35c4e1e0b4c
f5e47e0eec207ded33fdf101642a0c28
17ce80f120ef122331c70e14b1410300
f4b2c37e46ced717b4de728e02f99177
dbf507221eef1d050e1f2e33b93bf376
20f0aa0ce361037edfe812a1e05f1143
b053dd2e671e001c121e21e3fdbd27c5
15b7b42d53203f0c22240a237720422a
051115f2c521e0de1c1e8f011e323535
60021c5f06eef2b2dfb1fe8caaa409bb
1eb07120475ef362f200dfa2030106e2
cee0fce3027f101f1f82f1e0e400c546
79fcf2147e22a24f9eccb3e321c3c3cf
01219f3d8bd2d51b04da313111d1306f
23ed8023f1e0df23431a5f5431133eeb
f0f321005dfede04ff230f317eec1312
13f400242112f5f4e1c0df0113f10ef8
7f001251d00b0193295fa11e7347f2ff
3500cef532c10e057324fcf532dc8a2a
c0b153e34fed347de02bfd1b83320102
f921cc7235f5cdeefcfcf21d1e1a7e0f
f3b25c52e25521603c508dfb72fc25c1
eedf02d1e21f41c000ff2ffcfafdd70d
05de6f71ec310fe2c21111e2b3244ca2
efe521ea8dc24000ccea702c0f1d20b9
2d73472023fede0eb4c1ee111c62ec2b
4c14ec4e45ff4134e39b24b542548d42
2b7e6372ae94eb7f11bfebfefb4bd522
f0f200d74fff0fe13eee2d1d3e4737f4
3d22fdc409aa2d23e3feffd7a120925a
621e10a5121e3e1036dc1cdd0111e138
1e72fd31c40ff032303c15d93ef4af3e
8f2c47db33126c1fe3fe115ae15c1a20
612e97355261013fce202cf4abdefe80
1d43d252fe6f24bb3e034201382fbe01
7e72201e102a704f61123d90c52b701d
f6cdd00767ec92fdfb8f702f5d2478e4
4e2ed0b1c7de0640be13640fda36f218
3d08adefb510b6a04ff1e9b212d11eb1
974eff2173cf1e33ffe4efef0bd4c230
8b50bb3eef550e2354bcb770c0bc3f10
deb53020d1ce6d01dfe04382cef03f03
6fecfbd0bfc16e42f132bde617ef09f2
b07302ee21ff0c2454c202d3b008e1e1
00e5e1fdf37df0b47057f5f3ded43d40
d38d210e0601c0e5c032be0031a1402d
123fe3c3da1ee73d7ff1124329dcb08d
3f0ffd003d8c0024ef3d00f1f03ef4f2
630d1f3fb2effe215350e18e000dffeb
e0fa45c0fd240e38f922452515c0135d
a0e26f1ea67e3afbc2f5f3d48514ab05
e5a4464911eed5de1ffea84103fda0e1
4ad22feb6cf20700a020c12bf6174104
fc1d23f0c3014e76aee3c203ae34f125
3ed11e3f40fe3172f167731db701312c
285422eed4ef0293c1ebdfd30130a4ee
107ba3b2ef23273b0f0fee2d18d40f02
fd212f1ffced1ce87a4c3edc560c5130
0f02d05221e32833b1021de0ccffee23
b11b350b60729f1d1db2232dd0623ccf
3140fd03b5ff1381be3ed2de311e611e
fb14811eb11223df1e1497f7eacc1eb1
dce37bba261e72eb3c12cbd31e2f1773
702beba52f3c02051f676b862f7b2f56
7fd4135f65b0d67f55047fefd7e453d3
f2fbded42b0e172040392faaff31bcc1
513062fd5e81f543da2b1f0a353d1406
ece2f3a2024d139d0e2d0d4e22755fd3
43f70d81e43ecf2251e9101433d3fadb
d02f2d6df7b132033ba1f0fe02003011
0029d7174350def52d017a41acc17e36
2e1fe6b601cff8f04deb70d2cff32edf
ae33f0101b001f1de0100111fe83e24f
31023e2871003120c4ffe310f22e6011
36cecfd50c3c13f248620e7dd72d31ff
ff25d1de1b0fe034d8201ed0231bf22c
e131e42a11401110f02cfe5d51fd9118
c7dafb6e87b6bc4cfc2fcdbf01f451cd
9c1daf8220e113af40151cf76c48ab9f
4bdd12fd0914030c18440810c81022bd
4773ad6067b213100fe2d10ff6bf1cd0
20f620f3321d8c36f9f3f2d2633f34fb
c7f01f0450eef4e7c40c2201031513ab
254d3ee20c3df1d0d0fd4d20510e7d3f
441eb3effd1431b003c11f17e3063018
ebd722cdfff4325051fd7135e6eadf80
11d71be7330b0172c33ceee02e0f3ea3
3d59f050ceda21c3f03f771111eea2c3
0d0a02111012eed10ce14724d231ceee
02c21060ee3e12c67f3cf4f36b301d00
830bcfce41f321deafe2bdec6cb29d1b
1012322de2f25ff33013d0f1270004fe
d4e1b54f2fe2fc0ce5fe2127ea076cf3
0c52907f3101ed47d2f303f4110ffc01
d12df6021dfcf034ed30bfe22b20c72e
2d010fa73160df4325114a4f39f3c06d
1f0bbe3e6cc21200eb891ecf5ff21e7f
c6b1eba414d1005034124c815b991bf3
330d771df11ce120a2e120d0efd2e15b
1d47f15412edf901b417e112feff6049
5b2b01bf4d04cd482b92eb23527e0117
c54eb331cf2803f20139ec535d61e2b1
d181dfc2140fcc0bf30dc21014cc3fb0
3e20fba4010533031a8fe1ee5e033472
1fef63e061fffe10f52f1fe9240ff185
b9df10e80d7af4514220cf1b90476239
7eb6f2dfc4141444f0bdaf122f8c19fd
b10460c1711061d96ec03b242e0bfec2
b89675314fdaaf5f2ff20efe202ca7f1
c3ff92d4eedc101b20e1c4ef2289fb0e
3d9a1cf8dc0e114df399331bc3e3edcf
10d00e2212050cd1f2e067fe2d43db13
51565d2422f03fefbe4461e221bfd730
e6c2c0677ad23007e2213f620bbcbce3
b1bdd2e22d1670eddc7acc4e01f843fb
f0c113fe7289c2f2413f1e0f0f623c15
03c58ffcdffdfe22f1f5fe1ff102eafc
e54c41227e40221e5371e10e2769f930
90079d4caa552d171e6ee1dffe0f2244
855eeec1ef71a10805dd63f790e7017f
36d94c06ce12c3d9cd32c61b70f278d5
dfd1d0efeee56feb0ed0af20dfb51ce7
fe11f0222e8ff71fb03f122e23142e15
f12fc45deb9b323153a38f0d82de00fd
61210cb2f20e41c1fba504d3997ca8e6
601cb15fedd07ec1290193c743d92bde
3eaf01d0313303e2d2f6784ffe7031ef
c1f71402fe617e14f86e44ffd0105ccb
3f0c134f2311511712120f72130df1f4
e3e00e42b13537ed567da0dac9316f01
3d0f1f3e2caa83604e4de23cdf1b0ee2
9b01510196f07fe45422e6160438a7a3
b03d67bcf2ed33dfe8de00443cec8d0e
1a816441fafe2b32121de90ef3d1e010
3fc212f2ae333d20ddff0e0018d1ef05
dc1ef3343252f0ee12171e51f31d21ff
41d51181c00c0c3fdede22611d2c1370
2f23f525154f7fd2ff4cbdec05d22c21
094b2610dde103a4ee401d7331f1b0e1
10ce04b00c221edec5cdbd612037a231
0a00bf2f70f30d3ce27daee31ae54122
21761b094e9e4e3d6306c7e06343531c
99efd0fa402ff7072f23bcc0bf3c2f35
06a3412ed14842a2739e33f35e1df05e
041cd0efd4b232137d230db9d0f0da43
bb2fddee2fe1bcf30cf1302f08ea43c3
d20b132f36e1f711efc6747def1d5003
f9e621e3f3df1c1420ea70d50befd1d3
e72d0dfddbab1f8f02b57acf1240e12c
013033420e7ed2140e2ee19bef12e3e2
20f7c57ef13200bf3e52bd6fb136dfd7
16230e4e0f1c0d4e28303e31d37d02ff
ae0cec32e5d1d64742de924032eba0f5
b5ef3ed00160330b3ea2ca0087155ccb
7bc1afe3f34ad28f1e31e3043b2d403e
3e7f1ffb1ce200fc21dd0abf4fe0702f
dfd02fbc0987f1e2ff130fb2e34360dc
53d33ce35fcd19d00c0fdb28dc50cdd2
af2de18efee3de0ffe0fd3320ad2c2f1
1d3e06bef01f2c4c37d13d3ee0c24220
4f48ad4f3621c130d313270d31e5dc22
24f3583eff1e040031c304e0e1233407
e4f22ff82ea00023fef24ec7051481ff
3effae5103224e20e8e2ce3feff126e2
011f7205ce4641e6153001004bd09dcd
da830c30f144f0b32ead0df5a85d062f
c4f3f60cb00e41f0bf81dffcd51f04fd
7efbec8f31fff5633ec1a093cf922f30
ecf2fae201df03d1c70742ecee2eef7f
3bf12cf053565ecf41cb602f190c814e
d0d0dce01b1144862ebb1be04b4f30e0
dcfe31002d1d38d04c6423a3b0e30df6
ea1f5b21f113f5020ff8c312d1332ec2
530f1074f4b6f96d50ebfc3e3bdd2f4e
fd801f1ef6c92bbd32dd01d4370120bd
a98d2fcc262f13f40107e33b5215ff15
7ebe75f10f4ed60bd13131003e10c7e2
5013201dee10ff9f2e1d6d37ef312faf
00fd20a3bf3ff702c1e4112434de1401
41c3b0007ccc1037c12412cb7e0fd211
0721c0f3f23dd2004e200f11dde00202
1ea31f03e34f23bfbe1477d0e1d339cb
122edee2570c95324eece2b1b64e82e2
201c8cf537f000a733b27712c23ee151
273f440d0fcd36541306f1212a02e0eb
100234301ffb13df01f9fef8fdbe3f47
2debb1b22ab01f31ef6ff7e2f5a9fe71
3932c96d21d317d30e52fc4af37149b9
c0403152d029eceed1c17ff10f31dff5
4b2bf5f7fe35f3c14b7e2ecda4212c18
a087334c23edaeb410eb000fb2e102c1
114453fd042ecff57e1c024ca34b12e2
c2a6433d5d19d6cc207f6406a27f1d00
ec0bc5e5213ecf77e08fc545c4b5bc33
dc2fa5d00d0062d1edd1815fce82f0f0
17f5d15b291333f2e11fffd30f115101
f21df4cd5dd3c0102ff071703f5fdeef
f3df1ff2543171b2ddffd3c6d2d031e0
e209dfadff230131f2fb2e4eee3d28df
b59c002ccc51fe172c4310f46cd11510
20cf1fc70e23ed3d3ff1fea7df1146c0
52f2ede2f31e1cf300f4d2f31fc2e98f
5542052ee301911c742231ae8e21cf83
70f0d5c1382e6d2cf06fa50ec8042bbf
c26f0b721b202605c2e57eddc6210841
f372c54228ebf5f045d433fd91ccefd8
e80401f43eb31ff2efd2f3d212dc4ddf
c01d507d88f6bfac0050f3630e4c1e8a
0eef1beb053d72b1311f10fe0f1f1219
344bf2e3ec7c10dc584e9c1f1673b73a
14ee047fcfa8411061e4e6ea12633340
ee131e17ee2ffed20c2041fc22e09d0e
0ee1d94d1f3eaeccff2131effd30edb7
a4ef3430baefc3f3e332dc2a8ddccd11
c6215060e582a4cb0a103fefc43ec30d
74cc00d4fee06f1174c51a4f3ddcfc2f
4e241cee38d04e2d2d0bc1ee03f13e12
fb0715d27b0deb3a6fdb5ea201d2ebb1
f1132c94461441f017e3f9ebf2121aef
0774f120d1d87a0c35d54211ef431d91
6f91e610162202da32e01fd0f1be78fa
db15b7b7ede5fb343e1ebf357e1de5ef
4f32150008ffb5a0d1c9ff9ecd708add
01d322ebfdd039fef85632214cfb6efa
0f1612a1ad52f702fa4320bfff2cfa1e
d234ca130432eec071110ee0f239d40d
dedd500dff0209502d153ffb8c342e11
de042c3c2cf3075e999efad165e4012e
d7132b1746e0c2ff1131e011232be113
23930fa3f3e7012a2e1d0132c65ccb72
022e63320122b0513431b14d6edf8f2f
a3fba050eff30a19437123c14de4b51e
3e111cf472ee0dbc72f0300dd3c02cf3
31fdf3c0dcf211d121432ef0e0902a7f
cd0414d0161c20470d31fef21dc821af
497bfd7204cfc42b113db723f04a34c1
c630ef095ba21d44bbd12e0b6652c801
3bf1bb22c37e96f481f1924100b622b2
db94811217714ac31fe3f27405d81893
417b2101224d33dcfa4f2ffb1ec7022c
120f0f24e30ba38b021fffbb0d116adf
0e304d22e1d3f4ede17051d722d3dcf0
ff830b9f0a1c212e25cf2d03dc1f16f4
d31cdd502c4dc3db0124202fd073de0d
d3923804322052e12110fdf1114f17e2
3fcbad23670b522bdd81f0153eedb6be
d41ecfdfdbeae4be2380f631cfdef0c5
4d00c3e411e0de84fdd2ecfbeeef7013
2fde20ed493a4e6222f73c67a211f410
011b0185015701130120011000db0133
018c014a018a00e800f6013f0153022b
015b01480127016b013c00f80121012b
0118015000bb010e00f500dd011d00f1
00c7014c0135015900ed014501900145
016300fe014a013201ad012e013900d6
0126013d01170130019b0101013801a8
0157016301f5011c0115013601480169
0129012c01000120014f014001710133
01090174018f0107014a0111018d0126
0176013c0104011a010c01090158011a
01a0015700fe01ba00c400e60108016b
00f801190125011501150104017b011e
01290103014b0164018a013e01600189
017e0164010e01970137018c010000df
015900ce017801350135019e0142015a
012f0116018701100170011201590116
01060180010a0164013c013601b00145
0135011a013b018f0143016f014400c4
0179015f015801270137018600f4015e
01240153015c018b0145012300d7012c
01e0015e013701020185017c013e00f7
018f0150016c013901710151016d0199
0196015201ab0107012b00e201640189
0100013901010113015400ee00ef017f
014701850128012901870124015a015f
00f8012900ef00eb0109014f0124013e
013f0153014501a1015a0118015c01d1
01290157012300d0014301bc01050148
016d01d10180012b015301810167013b
015b013f0111011000e50126010e014d
0120013c01250118016501140113017e
00000000000000000000000000000000
00000000000000000000000000000000
00000000000000000000000000000000
00000000000000000000000000000000
00000000000000000000000000000000
00000000000000000000000000000000
00000000000000000000000000000000
00000000000000000000000000000000
00000000000000000000000000000000
00000000000000000000000000000000
00000000000000000000000000000000
00000000000000000000000000000000
00000000000000000000000000000000
00000000000000000000000000000000
00000000000000000000000000000000
00000000000000000000000000000000
00000000000000000000000000000000
00000000000000000000000000000000
00000000000000000000000000000000
00000000000000000000000000000000
00000000000000000000000000000000
00000000000000000000000000000000
00000000000000000000000000000000
00000000000000000000000000000000
00000000000000000000000000000000
00000000000000000000000000000000
00000000000000000000000000000000
00000000000000000000000000000000
00000000000000000000000000000000
00000000000000000000000000000000
00000000000000000000000000000000
00000000000000000000000000000000
00403433b8f12eff2ffc5131620ddeeb
3153300f121fd2331e4ee81ecfd225cd
fdd13b0b3f3852f01e21fb424afed7d4
f01ddc2e3d700fe32622201c958ae2c0
12d000fdd101548023df01431ce6309f
7bd0a0ed6cf032bbdbf20342ebc161a2
fc3def7cfff1d10afe713911b84ee490
0d20f42d7caaee5c5051121d230c2ef1
dd31317e2d3ff05e6c0e610ff22102a0
3dc27011a12743e3d1ee1fd5545f651f
321d1ffcb1ee3da9eb341ad7b2e2e427
13edf2b01d0adffc1de0d42e7fe052e0
fa44ceefa44de8fbc3314c320992dbcf
974cb1c3242bce114120ff9083d99fa4
8dd77eaa24b22e642ef53adce42e632c
4cfde08b1152733798f52102e41053a8
dc42adde46e3b3bcfed37e28d5c1144a
109412de75205a34c6b0c31d1edb6881
11886f0f2e5e67ebefa001a53b5df3ac
41044d100240ef0718a315303c01cfde
e4424a2697c13e75de4d1271b22161f0
017af4073e4d37bf13c7f6dda2f925e0
2f417d1c6f1286b9ddf2cf39b3ce0b70
f24f7f3eef3df3ea40d2dedc10f11755
ec1a0e1d1fe3d8deee3f02701d1fe13d
217e82062cee130351e2f05f1fe33f07
2d2ef26f312ef181e32a035f7dd00e16
f61ea80f0b2cbe3b7362465e13f06459
e81cebddb2e164fc1f0fef12ebf14012
a28e6bbce170f8f6f6ced9f813c37d5a
4290f1f2373d22fe32807d148f77e7dc
19012bffee5aee0a1062251ff20fdd7a
1de0c6db04e20422171b2ef71334cdbb
c557511000f37f2b1fbc36162f04ffcd
0c403e00204ab0e1e0131e50e0028021
62307790e0bde50a46d225ef20f10531
fdb7c4fe390ed7b1dfe44b833b262121
1f207ec3c0200c02bd1f4fe3e02e0fdf
136542c2342d3221238ec4212321db5d
ce02f2bb0253cedfe0248ded111d5c1e
cc23cbfb2669ccfe711815e4b31221e7
eece2f0e533d0d10f02538641e013ed1
d7bd39e5f3b03732f10437e1f3fff061
f731b3d021750003b3fb540124c5b440
ed9114e013e02112e5e22db1d71ce6cb
dd0d1de3e40143e2f7ee71cdfded40e0
1ee2fd02290efc0e8cbc9b0bc500fb0d
52e0b0e770cfe5ff4dd1c05eb7efb123
c1fc11ed58cd8e2db614ca2fdf96c30b
c2fe2f04bdeee237e318ede1c7021512
e2e01301fe812f03f231fc21310c22ef
2e1c0e204c00ceeddff0d3e2a042cc08
fc53fc0301c000700f10bf4f2f401f1e
ad2cd0d37a2ee0b2ef3ce311b72d3402
16231b4c51f2307700336b74d47472e7
f13f2402ebfced014fe4f1aed1118d1a
1271e3dcf845b013375e3b149e177efe
497fdd9fd34cd8c206d2451b1d22e22f
cb42edaf4063f0c20d0d101f3ef31f74
df4fc8a3d3da180101552234bfccac22
02120530f1fdffbfe3f6c20e082e5011
2d544fdef713e01def02cf3e1012f1a3
ce84b24df0f5c1e7231cd047c151ef73
1f8fe1131105513d16224c03212e6131
440f21ec2c0ffff1d7c16be5f126fef5
4ab727be746f331428abde434b3e1ed1
1cb4f9673417d515a43e04d376a1d91d
81adcce2f5bba120341c117230eee623
83af43c3cc510743303b6fee017dc08e
6e0d5ce2b5f2f012e58e14020b02c273
fcc2e421f0e425e154bc7205142e5d1c
dc876fb3d4474d1ffba5601efdd5ff3c
e0ec0722ce4ef18242df210f2fd25ec1
342201fe714722f1dffe1d2c6813f330
0c3d200d4ec01390c0e114700f0f1101
d1d0589b10f25f41f0be117c49a12d43
ef020c00020031e2de04cd1e1e84f1e2
90f7eff02ff031fec2c0ee2c1de2ef3f
fc21d10e1f371230135ff6ee22fce7e5
e06c91058a5be935222f61c2ee0eb1df
ca55087f1e13501fd4852f3923bfcc04
f1e1ff02af2e252776ad1ffd8093cdea
1e20b31830ff351221c00f5bdd7e23be
701cf2bec1de982ef10f71de21bd4d65
0d0cf12ffce16e5f50d111dd0b741995
12ecfdcd8f2d3c32341a2ec1ceebfb38
b12abb371af23173e0cd33b1012c1228
2f12518fe519d32b0de2cb0f22a231c2
bf037d0e9dc1013521d61040d745fd90
14a54c4406c9ee19b11ad11c04752531
f3ef3101f031f6f151814fcdd226222e
7ff197db411e50a7e665e6efb4737f30
2efe312f32ef71efb0783b3fc3a21f09
f34021020e223f74222120de1fff0113
11dc8d000ff300b2111effdfe102141f
2f2c0f2e232c008680ced20012f4d8b1
1493fc14839f4d3cbedc2513efeadd2f
0e72315e3e21f2e0410d2d9dced440f8
210d20e1118f082e30430a10bdf12efe
2b5d71487c21d73ebffd30c3f942c1b7
45a04e1a701706b40701fad805fcd00d
e342f50d7e06e12feee010fc11c2fe7f
03422202eee17f26022b1001a4327417
10f140bdcb07a2d48cc411f0515bc04a
ed03dd6b5e9072b389c0a1a6da01c434
3b7f36ce231f0fe2ed400b3a03c1d0e3
ef1dfdf7e1c14c4ff57f10d9e0d230df
417a7b666f6661d0acc2b052705e35ef
37f3fcd3bf2f745f72f001f1f3ef622e
32c1f00c3ee0f2d4135a72640116f2bf
fef0eafe1dcecfccbc3063722654ed04
012ec7e1295215d1424fc4145ce722b2
20100ffe14b5d48f0011e42ff215f20b
1332f2702e32254c142eb2e2d1cbf608
a73afe10003237e1332fc1e2f10c404f
3e10b12c0d11e1defb8fd6131de1f33c
2e4ff22f7ce5df330d30e0ee1cd5e32f
2801fe1fe1ec3355e242c6ce10beff03
031e4dcfcad1230721a03ffeec55b4e1
2ee14cddb306fdfc60c2768010c9e07a
fd1d46e3ff1122eef470f5c1c07120e1
2ee46e1deebe2424231d47111e1e0fee
23d1f4a0ce1f09b2275883f7902d3c9e
180d1d2b530f5ffa9aa110be12adfee8
279152d44e38c7004bcb141b12c741e5
2ffd222e43123214cde624e11f71052f
dbd1cf0a19d01632fe211d3d071d7d8a
cfeff2cf71c0e24334e28e43b3f000b7
a4e461fdc2010d01731d3c6104fe2440
71e21599d10257af2a1ed13d1d7e2d3f
13e223dc8fbb267f373274a0ce33fefc
0dcf3022125e30efa3b455e23ff8fc2f
7b2fb0613e00f6f2d5334d3ff140e15d
0105a322de2f0e2d10c60ce70243200e
120f12521df0fd52f26370d38e3f034b
0460d0c0fa04d155240be00800d10bc3
ef247fd20fcb2bdded5c3f320123411c
d82e10b1231f6a10fd80f12dd0e00b10
300127e2c3b2fc44dd3f22d72f23c110
e5041ff3583ef2cfcd0e6543f040a64c
45fd0ff0ed119c1d111f7adc10734412
f0b6c1ecc04cdffeef92e0ec9d8cea3e
badf04921ed35967520d007f1b3af381
fd613fde1e74241df801ac78113303ec
0f5ed3f831e3c2fdfb0fc02d0444add5
46a85d313c00d001fd0e4cdc522490a3
22c01f2af50a032e48e023f1cefcfbce
0d11a203a282020fcffd21faee0b2028
cf1290f46d7f2cd9bd0f2037d3f032d4
21d422dffc15071100d6fe7e2021423b
cdb2e21a31f928246d0c7fd00e11ff31
64bc130432e4a2d4aea43120ba807a22
2533f3429b78b10717ecf5eec4010f0f
f3e0112de4e207f50c220e4a00e100ee
04406ff12bd3005de1d2ec0b177a401b
234014824f1230bd1e4fed0cddcb542e
2e94131e207ec220f1ffced32eed70b1
1e00aadadb8064f1f060f2d0fff1c564
37e0ffc29f0ef0731e4330b954dc4cb2
3d4cf41c8043e1eaef10ef35bc41f273
d02c15c04f211eeeef37f6a6addef02d
5232a1e3276d0df43d144fb568f6e5df
897cee18330e0d1e413530061189d055
d2f5c6e34051af1fe68db91d34df00b1
f2ff1331e4e2e6e013ac74e100d33d01
2cf04d2af31edccf41ac43efddc8ee1e
e0f1fadddff71e2f2ff0013efd4051d2
130e1ee9fd3f0d4d7da9e24f4f62de6f
771ff593fb21fe43bce4310fc1e2003d
f1f6f63cd2e33a8f24ad113f3d220e0a
11f10fe3fd01711103f10f4ce15f4fdf
12e4fb71df2ce30f1ed21f1555321abd
3e2128f2e0fd0fbe111f0d3001c341e3
c027e1b2dabef75c0e1d1f1ececf0eb7
20405ae31cade28b204894431015d232
b461d10ff105ff45ac2dcf1c62e820d0
008f2c3621c1dd128f0010c0fffef2f1
81af4feeedf004fd4cdb200f4115b4ec
000f2d1ef2ce3ff18362020fec0dd2e2
2dce3ee7fff6d54f0202dd21f6b2b68f
dce21c2fdad69c9da6c5817a24af409d
114e73e51e1013112effd00dcfe6f231
deffeb0ecc091d00c2e20d7224c00a1c
0eda0923a458e5ea5e755d230252cc16
ee2abb7dbf0e3e0df1f80020e1b2bb4a
a532301e823ed2353f2dde1f10f11db2
0041dcea126403dbd8fdf2f90fcbff00
27f2b100f000d23f1f23eedd00d72121
0fbbfd33ce3270fc705d6532a26b0ffc
5f285d2f6234d032810aef13107f0815
7af37e20610019ed10174d2ded3b2d81
854200dff1bce70e01ca30d7b300bdc3
ab3d3f0f0c71dd02e6f1f191204331bb
9cee9e0344fdfeb2ed10404218f15ccc
22ef1011f28d2c1f034016c5470ff9f2
eb5f73dc1d1e1e3ff03de212ee0de44c
93357fdddf1462cba1d2fb822d63ed2e
ede1be01f42011144d8edc00c43c421e
454d74ad042421c0fa16cff1f371b1ac
ccb2107f1e21f1ff17ed113c313f0f1a
4a11d3576b6a310ffe01dfb1af0fc722
be353dd35ffdd51d32c21e2fde21a72e
33210fe12c47b12ddd1e114ed1e70133
4010fe3ed06ef1710fffd2aedcc112e1
61d20e72dd1dffeef02f424313b4ab50
f1ffeeef00f4e1f10330b4fcfd8f1100
cdc54c0420cdc22b7e510f0100ff1cec
d3d0f020fe0fed2040f70c1302f30d2f
f62efd00a0afb52068f130ecc0bff02f
6efedcb1ed44d1f1048777b3ce106b0b
731d2fe218ff4f62c63d5014e2e353ff
123b08526d7ef5171cbd1f0b4cdddd15
03ba2b0d2b78332c25a16ea501012f19
12d3be185e5124d00af1e0131fe03c1e
f7cc42eed11b1a44001019480e53e022
0472ee2082fe9af430044fe41d2eecfe
1ef201afee81e2c2de331121e120b230
f403f03d530fd2cce1f0e13e0ef1072b
f0fcfad1803e454110e6e4fdf21292c2
f273ae0f09e203bde06c4ff2704c5e73
470c16fdfdf5241332b03c3eccd03c10
60d83dbd72dec3d9e0fd21fcd020603a
0fe2101d01104107222e4c01fdf00e31
e2d1be0d5360e02c20173dc21334ffb2
4100fa4200cb1abd0f2c1d2134b1183e
ffe350222ff2d5d07647cb0bffd201b4
4ef11013140eeee50dfd08dc310a003f
832ff5fe103c50f30de14cfe34010031
2f00f010100011f000322de272002f2f
1438444ace86d3da18f92f0142b1f000
191f2efa9f3cec510f7ce39ce70b1106
72d6c3c651bfe29ad5e1229713f1f02e
e2115af2dbcf3fe4ec9df2f2635cf08d
046035bf2e1bd3d05bc011222bfbe3e8
2bdf9acf3d5e0b62b4e0a704ceb1d23f
76725b7ccf2d842ae4edebf2e5dc6417
1cdb319cd7c2c03da2b7fb1fdec481fc
f7de0f522332c5225e0fc53111de5030
f3c30ea31141ceed41f0cce0e4018016
f7ede4f3de030f0fe047be541d53300e
00ad448df0711336ea8ed7d44ef2619c
0d80b2f1042121071e8d43f60f2e1d4c
471822df5570c435e79339da401f4cf6
732003042040412733b0deb3f54e7bd1
c7edfc5a44590bdd7ae4d0031b7fc534
de866b54d4f5d5e228458642651be260
f212fafed1febdf002e8dfdf3d82043e
036e1c34eede1c20f5228efe1256fea0
1512018ddf1aedb31ba3c3e20e541c10
e11412622f014204424e041ef702f301
1f4084e6eef4ef5c242c2030b3f275a3
05201efbf52fef1e3e8f1c25eff52210
260239cb1dae56ea1cdb5070e427428c
00201ec2ef0e1e12df43d81f1e0d602e
2343e6b389440fd1535bf70135fd3783
021f41a2130a0224832a1ea620e06afd
024f01ca020b022701ff024501e402d2
02a0028401b70234024d020201980210
0285025e026f01f101c101f202390234
0281024401e3026d022302490285020a
02820272022001b701b502a602d00272
029e01f4018a02f502e7024d02ea021c
02e101a4024a01830243023d031d01f2
03ab0210022f018a02fb01c802c801ac
01e5023901db0200027502cf01ec01c2
01fe01fc01f601f602350223029401a9
02af02ba024901e90218021c0244021e
01ff01ed028d0246024201fb01ef0193
027d02bb01e802e0032801d201f60252
023e02610187020e0202023a0311023b
0238023f037d0212026c02be02d80274
0213020f0229021503d801b4032501a5
026701b301d201bd01f6026001f90246
031a021c0164020e02fc01ed02830273
023a027b02d102f8058f02fa0265020b
01c0019501d4027e021d02d6024c01da
01fb028d022e01fb01eb01d201530178
01af020001b5022b01a102d302b301bc
020501e50233029001fe030a0210023f
02490281020002d4024201fb02a302fe
021e022c01d4020201bd034e020701c0
020b01e1021402e70192030b023f0277
01eb027901f402120175019902a50293
020d023b020a02ad0289029c024e01e3
027d02e003a0021101a001e4028d01cd
032602be023d0266022b01b801e2030e
0282024c0277026601d801e701d2022f
0233026801ed0223016e01e2023601d4
00000000000000000000000000000000
00000000000000000000000000000000
00000000000000000000000000000000
00000000000000000000000000000000
00000000000000000000000000000000
00000000000000000000000000000000
00000000000000000000000000000000
00000000000000000000000000000000
00000000000000000000000000000000
00000000000000000000000000000000
00000000000000000000000000000000
00000000000000000000000000000000
00000000000000000000000000000000
00000000000000000000000000000000
00000000000000000000000000000000
00000000000000000000000000000000
00000000000000000000000000000000
00000000000000000000000000000000
00000000000000000000000000000000
00000000000000000000000000000000
00000000000000000000000000000000
00000000000000000000000000000000
00000000000000000000000000000000
00000000000000000000000000000000
00000000000000000000000000000000
00000000000000000000000000000000
00000000000000000000000000000000
00000000000000000000000000000000
00000000000000000000000000000000
00000000000000000000000000000000
00000000000000000000000000000000
00000000000000000000000000000000
5feeec03fbf29fb5165251d02c012172
513c51d7bfde2165ec307ceed17ee9ef
00000000000000000000000000000000
00000000000000000000000000000000
00000000000000000000000000000000
00000000000000000000000000000000
00000000000000000000000000000000
00000000000000000000000000000000
00000000000000000000000000000000
00000000000000000000000000000000
00000000000000000000000000000000
00000000000000000000000000000000
00000000000000000000000000000000
00000000000000000000000000000000
00000000000000000000000000000000
00000000000000000000000000000000
00000000000000000000000000000000
00000000000000000000000000000000
00000000000000000000000000000000
00000000000000000000000000000000
00000000000000000000000000000000
00000000000000000000000000000000
00000000000000000000000000000000
00000000000000000000000000000000
00000000000000000000000000000000
00000000000000000000000000000000
00000000000000000000000000000000
00000000000000000000000000000000
00000000000000000000000000000000
00000000000000000000000000000000
00000000000000000000000000000000
00000000000000000000000000000000
00000000000000000000000000000000
00000000000000000000000000000000
00000000000000000000000000000000
00000000000000000000000000000000
00000000000000000000000000000000
00000000000000000000000000000000
00000000000000000000000000000000
00000000000000000000000000000000
00000000000000000000000000000000
00000000000000000000000000000000
00000000000000000000000000000000
00000000000000000000000000000000
00000000000000000000000000000000
00000000000000000000000000000000
00000000000000000000000000000000
00000000000000000000000000000000
00000000000000000000000000000000
00000000000000000000000000000000
00000000000000000000000000000000
00000000000000000000000000000000
00000000000000000000000000000000
00000000000000000000000000000000
00000000000000000000000000000000
00000000000000000000000000000000
00000000000000000000000000000000
00000000000000000000000000000000
00000000000000000000000000000000
00000000000000000000000000000000
00000000000000000000000000000000
00000000000000000000000000000000
00000000000000000000000000000000
00000000000000000000000000000000
5174ef8131ea104e1e05c411d1faa260
1c1e1f23a7c1f5f35191c0832ca23d00
00000000000000000000000000000000
00000000000000000000000000000000
00000000000000000000000000000000
00000000000000000000000000000000
00000000000000000000000000000000
00000000000000000000000000000000
00000000000000000000000000000000
00000000000000000000000000000000
00000000000000000000000000000000
00000000000000000000000000000000
00000000000000000000000000000000
00000000000000000000000000000000
00000000000000000000000000000000
00000000000000000000000000000000
00000000000000000000000000000000
00000000000000000000000000000000
00000000000000000000000000000000
00000000000000000000000000000000
00000000000000000000000000000000
00000000000000000000000000000000
00000000000000000000000000000000
00000000000000000000000000000000
00000000000000000000000000000000
00000000000000000000000000000000
00000000000000000000000000000000
00000000000000000000000000000000
00000000000000000000000000000000
00000000000000000000000000000000
00000000000000000000000000000000
00000000000000000000000000000000
00000000000000000000000000000000
00000000000000000000000000000000
00000000000000000000000000000000
00000000000000000000000000000000
00000000000000000000000000000000
00000000000000000000000000000000
00000000000000000000000000000000
00000000000000000000000000000000
00000000000000000000000000000000
00000000000000000000000000000000
00000000000000000000000000000000
00000000000000000000000000000000
00000000000000000000000000000000
00000000000000000000000000000000
00000000000000000000000000000000
00000000000000000000000000000000
00000000000000000000000000000000
00000000000000000000000000000000
00000000000000000000000000000000
00000000000000000000000000000000
00000000000000000000000000000000
00000000000000000000000000000000
00000000000000000000000000000000
00000000000000000000000000000000
00000000000000000000000000000000
00000000000000000000000000000000
00000000000000000000000000000000
00000000000000000000000000000000
00000000000000000000000000000000
00000000000000000000000000000000
00000000000000000000000000000000
00000000000000000000000000000000
4156ec2530cf1070c132bee402130b7d
370f03d00137ff01143fefc71f34e203
00000000000000000000000000000000
00000000000000000000000000000000
00000000000000000000000000000000
00000000000000000000000000000000
00000000000000000000000000000000
00000000000000000000000000000000
00000000000000000000000000000000
00000000000000000000000000000000
00000000000000000000000000000000
00000000000000000000000000000000
00000000000000000000000000000000
00000000000000000000000000000000
00000000000000000000000000000000
00000000000000000000000000000000
00000000000000000000000000000000
00000000000000000000000000000000
00000000000000000000000000000000
00000000000000000000000000000000
00000000000000000000000000000000
00000000000000000000000000000000
00000000000000000000000000000000
00000000000000000000000000000000
00000000000000000000000000000000
00000000000000000000000000000000
00000000000000000000000000000000
00000000000000000000000000000000
00000000000000000000000000000000
00000000000000000000000000000000
00000000000000000000000000000000
00000000000000000000000000000000
00000000000000000000000000000000
00000000000000000000000000000000
00000000000000000000000000000000
00000000000000000000000000000000
00000000000000000000000000000000
00000000000000000000000000000000
00000000000000000000000000000000
00000000000000000000000000000000
00000000000000000000000000000000
00000000000000000000000000000000
00000000000000000000000000000000
00000000000000000000000000000000
00000000000000000000000000000000
00000000000000000000000000000000
00000000000000000000000000000000
00000000000000000000000000000000
00000000000000000000000000000000
00000000000000000000000000000000
00000000000000000000000000000000
00000000000000000000000000000000
00000000000000000000000000000000
00000000000000000000000000000000
00000000000000000000000000000000
00000000000000000000000000000000
00000000000000000000000000000000
00000000000000000000000000000000
00000000000000000000000000000000
00000000000000000000000000000000
00000000000000000000000000000000
00000000000000000000000000000000
00000000000000000000000000000000
00000000000000000000000000000000
e84d21f423cee01f3363e26710f5c233
63761cdf0346be30221ee30fde232000
00000000000000000000000000000000
00000000000000000000000000000000
00000000000000000000000000000000
00000000000000000000000000000000
00000000000000000000000000000000
00000000000000000000000000000000
00000000000000000000000000000000
00000000000000000000000000000000
00000000000000000000000000000000
00000000000000000000000000000000
00000000000000000000000000000000
00000000000000000000000000000000
00000000000000000000000000000000
00000000000000000000000000000000
00000000000000000000000000000000
00000000000000000000000000000000
00000000000000000000000000000000
00000000000000000000000000000000
00000000000000000000000000000000
00000000000000000000000000000000
00000000000000000000000000000000
00000000000000000000000000000000
00000000000000000000000000000000
00000000000000000000000000000000
00000000000000000000000000000000
00000000000000000000000000000000
00000000000000000000000000000000
00000000000000000000000000000000
00000000000000000000000000000000
00000000000000000000000000000000
00000000000000000000000000000000
00000000000000000000000000000000
00000000000000000000000000000000
00000000000000000000000000000000
00000000000000000000000000000000
00000000000000000000000000000000
00000000000000000000000000000000
00000000000000000000000000000000
00000000000000000000000000000000
00000000000000000000000000000000
00000000000000000000000000000000
00000000000000000000000000000000
00000000000000000000000000000000
00000000000000000000000000000000
00000000000000000000000000000000
00000000000000000000000000000000
00000000000000000000000000000000
00000000000000000000000000000000
00000000000000000000000000000000
00000000000000000000000000000000
00000000000000000000000000000000
00000000000000000000000000000000
00000000000000000000000000000000
00000000000000000000000000000000
00000000000000000000000000000000
00000000000000000000000000000000
00000000000000000000000000000000
00000000000000000000000000000000
00000000000000000000000000000000
00000000000000000000000000000000
00000000000000000000000000000000
00000000000000000000000000000000
073008b004dd03f105aa05f405e6043f
00000000000000000000000000000000
00000000000000000000000000000000
00000000000000000000000000000000
00000000000000000000000000000000
00000000000000000000000000000000
00000000000000000000000000000000
00000000000000000000000000000000
00000000000000000000000000000000
00000000000000000000000000000000
00000000000000000000000000000000
00000000000000000000000000000000
00000000000000000000000000000000
00000000000000000000000000000000
00000000000000000000000000000000
00000000000000000000000000000000
00000000000000000000000000000000
00000000000000000000000000000000
00000000000000000000000000000000
00000000000000000000000000000000
00000000000000000000000000000000
00000000000000000000000000000000
00000000000000000000000000000000
00000000000000000000000000000000
00000000000000000000000000000000
00000000000000000000000000000000
00000000000000000000000000000000
00000000000000000000000000000000
00000000000000000000000000000000
00000000000000000000000000000000
00000000000000000000000000000000
00000000000000000000000000000000
00000000000000000000000000000000
00000000000000000000000000000000
00000000000000000000000000000000
00000000000000000000000000000000
00000000000000000000000000000000
00000000000000000000000000000000
00000000000000000000000000000000
00000000000000000000000000000000
00000000000000000000000000000000
00000000000000000000000000000000
00000000000000000000000000000000
00000000000000000000000000000000
00000000000000000000000000000000
00000000000000000000000000000000
00000000000000000000000000000000
00000000000000000000000000000000
00000000000000000000000000000000
00000000000000000000000000000000
00000000000000000000000000000000
00000000000000000000000000000000
00000000000000000000000000000000
00000000000000000000000000000000
00000000000000000000000000000000
00000000000000000000000000000000
00000000000000000000000000000000
00000000000000000000000000000000
00000000000000000000000000000000
00000000000000000000000000000000
00000000000000000000000000000000
00000000000000000000000000000000
00000000000000000000000000000000
00000000000000000000000000000000
fc641e2020dcc6a2e42b34dacd34852a
0ce10023fe4dcb3101e4e861b72f2c3f
00000000000000000000000000000000
00000000000000000000000000000000
00000000000000000000000000000000
00000000000000000000000000000000
00000000000000000000000000000000
00000000000000000000000000000000
00000000000000000000000000000000
00000000000000000000000000000000
00000000000000000000000000000000
00000000000000000000000000000000
00000000000000000000000000000000
00000000000000000000000000000000
00000000000000000000000000000000
00000000000000000000000000000000
00000000000000000000000000000000
00000000000000000000000000000000
00000000000000000000000000000000
00000000000000000000000000000000
00000000000000000000000000000000
00000000000000000000000000000000
00000000000000000000000000000000
00000000000000000000000000000000
00000000000000000000000000000000
00000000000000000000000000000000
00000000000000000000000000000000
00000000000000000000000000000000
00000000000000000000000000000000
00000000000000000000000000000000
00000000000000000000000000000000
00000000000000000000000000000000
00000000000000000000000000000000
00000000000000000000000000000000
00000000000000000000000000000000
00000000000000000000000000000000
00000000000000000000000000000000
00000000000000000000000000000000
00000000000000000000000000000000
00000000000000000000000000000000
00000000000000000000000000000000
00000000000000000000000000000000
00000000000000000000000000000000
00000000000000000000000000000000
00000000000000000000000000000000
00000000000000000000000000000000
00000000000000000000000000000000
00000000000000000000000000000000
00000000000000000000000000000000
00000000000000000000000000000000
00000000000000000000000000000000
00000000000000000000000000000000
00000000000000000000000000000000
00000000000000000000000000000000
00000000000000000000000000000000
00000000000000000000000000000000
00000000000000000000000000000000
00000000000000000000000000000000
00000000000000000000000000000000
00000000000000000000000000000000
00000000000000000000000000000000
00000000000000000000000000000000
00000000000000000000000000000000
00000000000000000000000000000000
fe41e0de11db1f241ec0fef1ddedd74f
000170edd5c3b2df123eddcc20e57015
00000000000000000000000000000000
00000000000000000000000000000000
00000000000000000000000000000000
00000000000000000000000000000000
00000000000000000000000000000000
00000000000000000000000000000000
00000000000000000000000000000000
00000000000000000000000000000000
00000000000000000000000000000000
00000000000000000000000000000000
00000000000000000000000000000000
00000000000000000000000000000000
00000000000000000000000000000000
00000000000000000000000000000000
00000000000000000000000000000000
00000000000000000000000000000000
00000000000000000000000000000000
00000000000000000000000000000000
00000000000000000000000000000000
00000000000000000000000000000000
00000000000000000000000000000000
00000000000000000000000000000000
00000000000000000000000000000000
00000000000000000000000000000000
00000000000000000000000000000000
00000000000000000000000000000000
00000000000000000000000000000000
00000000000000000000000000000000
00000000000000000000000000000000
00000000000000000000000000000000
00000000000000000000000000000000
00000000000000000000000000000000
00000000000000000000000000000000
00000000000000000000000000000000
00000000000000000000000000000000
00000000000000000000000000000000
00000000000000000000000000000000
00000000000000000000000000000000
00000000000000000000000000000000
00000000000000000000000000000000
00000000000000000000000000000000
00000000000000000000000000000000
00000000000000000000000000000000
00000000000000000000000000000000
00000000000000000000000000000000
00000000000000000000000000000000
00000000000000000000000000000000
00000000000000000000000000000000
00000000000000000000000000000000
00000000000000000000000000000000
00000000000000000000000000000000
00000000000000000000000000000000
00000000000000000000000000000000
00000000000000000000000000000000
00000000000000000000000000000000
00000000000000000000000000000000
00000000000000000000000000000000
00000000000000000000000000000000
00000000000000000000000000000000
00000000000000000000000000000000
00000000000000000000000000000000
00000000000000000000000000000000
ef00222d111f841301ecee0d5ef3f001
41d11c060cb89d54cfdfede223e21b2b
00000000000000000000000000000000
00000000000000000000000000000000
00000000000000000000000000000000
00000000000000000000000000000000
00000000000000000000000000000000
00000000000000000000000000000000
00000000000000000000000000000000
00000000000000000000000000000000
00000000000000000000000000000000
00000000000000000000000000000000
00000000000000000000000000000000
00000000000000000000000000000000
00000000000000000000000000000000
00000000000000000000000000000000
00000000000000000000000000000000
00000000000000000000000000000000
00000000000000000000000000000000
00000000000000000000000000000000
00000000000000000000000000000000
00000000000000000000000000000000
00000000000000000000000000000000
00000000000000000000000000000000
00000000000000000000000000000000
00000000000000000000000000000000
00000000000000000000000000000000
00000000000000000000000000000000
00000000000000000000000000000000
00000000000000000000000000000000
00000000000000000000000000000000
00000000000000000000000000000000
00000000000000000000000000000000
00000000000000000000000000000000
00000000000000000000000000000000
00000000000000000000000000000000
00000000000000000000000000000000
00000000000000000000000000000000
00000000000000000000000000000000
00000000000000000000000000000000
00000000000000000000000000000000
00000000000000000000000000000000
00000000000000000000000000000000
00000000000000000000000000000000
00000000000000000000000000000000
00000000000000000000000000000000
00000000000000000000000000000000
00000000000000000000000000000000
00000000000000000000000000000000
00000000000000000000000000000000
00000000000000000000000000000000
00000000000000000000000000000000
00000000000000000000000000000000
00000000000000000000000000000000
00000000000000000000000000000000
00000000000000000000000000000000
00000000000000000000000000000000
00000000000000000000000000000000
00000000000000000000000000000000
00000000000000000000000000000000
00000000000000000000000000000000
00000000000000000000000000000000
00000000000000000000000000000000
00000000000000000000000000000000
e481e0031f04c1f7a72e01112feedc4c
fe1110614c8224d3ec1d7a3a2670517c
00000000000000000000000000000000
00000000000000000000000000000000
00000000000000000000000000000000
00000000000000000000000000000000
00000000000000000000000000000000
00000000000000000000000000000000
00000000000000000000000000000000
00000000000000000000000000000000
00000000000000000000000000000000
00000000000000000000000000000000
00000000000000000000000000000000
00000000000000000000000000000000
00000000000000000000000000000000
00000000000000000000000000000000
00000000000000000000000000000000
00000000000000000000000000000000
00000000000000000000000000000000
00000000000000000000000000000000
00000000000000000000000000000000
00000000000000000000000000000000
00000000000000000000000000000000
00000000000000000000000000000000
00000000000000000000000000000000
00000000000000000000000000000000
00000000000000000000000000000000
00000000000000000000000000000000
00000000000000000000000000000000
00000000000000000000000000000000
00000000000000000000000000000000
00000000000000000000000000000000
00000000000000000000000000000000
00000000000000000000000000000000
00000000000000000000000000000000
00000000000000000000000000000000
00000000000000000000000000000000
00000000000000000000000000000000
00000000000000000000000000000000
00000000000000000000000000000000
00000000000000000000000000000000
00000000000000000000000000000000
00000000000000000000000000000000
00000000000000000000000000000000
00000000000000000000000000000000
00000000000000000000000000000000
00000000000000000000000000000000
00000000000000000000000000000000
00000000000000000000000000000000
00000000000000000000000000000000
00000000000000000000000000000000
00000000000000000000000000000000
00000000000000000000000000000000
00000000000000000000000000000000
00000000000000000000000000000000
00000000000000000000000000000000
00000000000000000000000000000000
00000000000000000000000000000000
00000000000000000000000000000000
00000000000000000000000000000000
00000000000000000000000000000000
00000000000000000000000000000000
00000000000000000000000000000000
00000000000000000000000000000000
09520b3d0df30f0209830f51148d092d
00000000000000000000000000000000
00000000000000000000000000000000
00000000000000000000000000000000
00000000000000000000000000000000
00000000000000000000000000000000
00000000000000000000000000000000
00000000000000000000000000000000
00000000000000000000000000000000
00000000000000000000000000000000
00000000000000000000000000000000
00000000000000000000000000000000
00000000000000000000000000000000
00000000000000000000000000000000
00000000000000000000000000000000
00000000000000000000000000000000
00000000000000000000000000000000
00000000000000000000000000000000
00000000000000000000000000000000
00000000000000000000000000000000
00000000000000000000000000000000
00000000000000000000000000000000
00000000000000000000000000000000
00000000000000000000000000000000
00000000000000000000000000000000
00000000000000000000000000000000
00000000000000000000000000000000
00000000000000000000000000000000
00000000000000000000000000000000
00000000000000000000000000000000
00000000000000000000000000000000
00000000000000000000000000000000
00000000000000000000000000000000
00000000000000000000000000000000
00000000000000000000000000000000
00000000000000000000000000000000
00000000000000000000000000000000
00000000000000000000000000000000
00000000000000000000000000000000
00000000000000000000000000000000
00000000000000000000000000000000
00000000000000000000000000000000
00000000000000000000000000000000
00000000000000000000000000000000
00000000000000000000000000000000
00000000000000000000000000000000
00000000000000000000000000000000
00000000000000000000000000000000
00000000000000000000000000000000
00000000000000000000000000000000
00000000000000000000000000000000
00000000000000000000000000000000
00000000000000000000000000000000
00000000000000000000000000000000
00000000000000000000000000000000
00000000000000000000000000000000
00000000000000000000000000000000
00000000000000000000000000000000
00000000000000000000000000000000
00000000000000000000000000000000
00000000000000000000000000000000
00000000000000000000000000000000
00000000000000000000000000000000
00000000000000000000000000000000
00000000000000000000000000000000
00000000000000000000000000000000
00000000000000000000000000000000
00000000000000000000000000000000
00000000000000000000000000000000
00000000000000000000000000000000
00000000000000000000000000000000
00000000000000000000000000000000
00000000000000000000000000000000
00000000000000000000000000000000
00000000000000000000000000000000
00000000000000000000000000000000
00000000000000000000000000000000
00000000000000000000000000000000
00000000000000000000000000000000
00000000000000000000000000000000
00000000000000000000000000000000
00000000000000000000000000000000
00000000000000000000000000000000
00000000000000000000000000000000
00000000000000000000000000000000
00000000000000000000000000000000
00000000000000000000000000000000
00000000000000000000000000000000
00000000000000000000000000000000
00000000000000000000000000000000
00000000000000000000000000000000
00000000000000000000000000000000
00000000000000000000000000000000
00000000000000000000000000000000
00000000000000000000000000000000
00000000000000000000000000000000
00000000000000000000000000000000
00000000000000000000000000000000
00000000000000000000000000000000
00000000000000000000000000000000
00000000000000000000000000000000
00000000000000000000000000000000
00000000000000000000000000000000
00000000000000000000000000000000
00000000000000000000000000000000
00000000000000000000000000000000
00000000000000000000000000000000
00000000000000000000000000000000
00000000000000000000000000000000
00000000000000000000000000000000
00000000000000000000000000000000
00000000000000000000000000000000
00000000000000000000000000000000
00000000000000000000000000000000
00000000000000000000000000000000
00000000000000000000000000000000
00000000000000000000000000000000
00000000000000000000000000000000
00000000000000000000000000000000
00000000000000000000000000000000
00000000000000000000000000000000
00000000000000000000000000000000
00000000000000000000000000000000
00000000000000000000000000000000
00000000000000000000000000000000
00000000000000000000000000000000
00000000000000000000000000000000
00000000000000000000000000000000
00000000000000000000000000000000
00000000000000000000000000000000
00000000000000000000000000000000
00000000000000000000000000000000
00000000000000000000000000000000
00000000000000000000000000000000
00000000000000000000000000000000
00000000000000000000000000000000
00000000000000000000000000000000
00000000000000000000000000000000
00000000000000000000000000000000
00000000000000000000000000000000
00000000000000000000000000000000
00000000000000000000000000000000
00000000000000000000000000000000
00000000000000000000000000000000
00000000000000000000000000000000
00000000000000000000000000000000
00000000000000000000000000000000
00000000000000000000000000000000
00000000000000000000000000000000
00000000000000000000000000000000
00000000000000000000000000000000
00000000000000000000000000000000
00000000000000000000000000000000
00000000000000000000000000000000
00000000000000000000000000000000
00000000000000000000000000000000
00000000000000000000000000000000
00000000000000000000000000000000
00000000000000000000000000000000
00000000000000000000000000000000
00000000000000000000000000000000
00000000000000000000000000000000
00000000000000000000000000000000
00000000000000000000000000000000
00000000000000000000000000000000
00000000000000000000000000000000
00000000000000000000000000000000
00000000000000000000000000000000
00000000000000000000000000000000
00000000000000000000000000000000
00000000000000000000000000000000
00000000000000000000000000000000
00000000000000000000000000000000
00000000000000000000000000000000
00000000000000000000000000000000
00000000000000000000000000000000
00000000000000000000000000000000
00000000000000000000000000000000
00000000000000000000000000000000
00000000000000000000000000000000
00000000000000000000000000000000
00000000000000000000000000000000
00000000000000000000000000000000
00000000000000000000000000000000
00000000000000000000000000000000
00000000000000000000000000000000
00000000000000000000000000000000
00000000000000000000000000000000
00000000000000000000000000000000
00000000000000000000000000000000
00000000000000000000000000000000
00000000000000000000000000000000
00000000000000000000000000000000
00000000000000000000000000000000
00000000000000000000000000000000
00000000000000000000000000000000
00000000000000000000000000000000
00000000000000000000000000000000
00000000000000000000000000000000
00000000000000000000000000000000
00000000000000000000000000000000
00000000000000000000000000000000
00000000000000000000000000000000
00000000000000000000000000000000
00000000000000000000000000000000
00000000000000000000000000000000
00000000000000000000000000000000
00000000000000000000000000000000
00000000000000000000000000000000
00000000000000000000000000000000
00000000000000000000000000000000
00000000000000000000000000000000
00000000000000000000000000000000
00000000000000000000000000000000
00000000000000000000000000000000
00000000000000000000000000000000
00000000000000000000000000000000
00000000000000000000000000000000
00000000000000000000000000000000
00000000000000000000000000000000
00000000000000000000000000000000
00000000000000000000000000000000
00000000000000000000000000000000
00000000000000000000000000000000
00000000000000000000000000000000
00000000000000000000000000000000
00000000000000000000000000000000
00000000000000000000000000000000
00000000000000000000000000000000
00000000000000000000000000000000
00000000000000000000000000000000
00000000000000000000000000000000
00000000000000000000000000000000
00000000000000000000000000000000
00000000000000000000000000000000
00000000000000000000000000000000
00000000000000000000000000000000
00000000000000000000000000000000
00000000000000000000000000000000
00000000000000000000000000000000
00000000000000000000000000000000
00000000000000000000000000000000
00000000000000000000000000000000
00000000000000000000000000000000
00000000000000000000000000000000
00000000000000000000000000000000
00000000000000000000000000000000
00000000000000000000000000000000
00000000000000000000000000000000
00000000000000000000000000000000
00000000000000000000000000000000
00000000000000000000000000000000
00000000000000000000000000000000
00000000000000000000000000000000
00000000000000000000000000000000
00000000000000000000000000000000
00000000000000000000000000000000
00000000000000000000000000000000
00000000000000000000000000000000
00000000000000000000000000000000
00000000000000000000000000000000
00000000000000000000000000000000
00000000000000000000000000000000
00000000000000000000000000000000
00000000000000000000000000000000
00000000000000000000000000000000
00000000000000000000000000000000
00000000000000000000000000000000
00000000000000000000000000000000
00000000000000000000000000000000
00000000000000000000000000000000
00000000000000000000000000000000
00000000000000000000000000000000
00000000000000000000000000000000
00000000000000000000000000000000
00000000000000000000000000000000
00000000000000000000000000000000
00000000000000000000000000000000
00000000000000000000000000000000
00000000000000000000000000000000
00000000000000000000000000000000
00000000000000000000000000000000
00000000000000000000000000000000
00000000000000000000000000000000
00000000000000000000000000000000
00000000000000000000000000000000
00000000000000000000000000000000
00000000000000000000000000000000
00000000000000000000000000000000
00000000000000000000000000000000
00000000000000000000000000000000
00000000000000000000000000000000
00000000000000000000000000000000
00000000000000000000000000000000
00000000000000000000000000000000
00000000000000000000000000000000
00000000000000000000000000000000
00000000000000000000000000000000
00000000000000000000000000000000
00000000000000000000000000000000
00000000000000000000000000000000
00000000000000000000000000000000
00000000000000000000000000000000
00000000000000000000000000000000
00000000000000000000000000000000
00000000000000000000000000000000
00000000000000000000000000000000
00000000000000000000000000000000
00000000000000000000000000000000
00000000000000000000000000000000
00000000000000000000000000000000
00000000000000000000000000000000
00000000000000000000000000000000
00000000000000000000000000000000
00000000000000000000000000000000
00000000000000000000000000000000
00000000000000000000000000000000
00000000000000000000000000000000
00000000000000000000000000000000
00000000000000000000000000000000
00000000000000000000000000000000
00000000000000000000000000000000
00000000000000000000000000000000
00000000000000000000000000000000
00000000000000000000000000000000
00000000000000000000000000000000
00000000000000000000000000000000
00000000000000000000000000000000
00000000000000000000000000000000
00000000000000000000000000000000
00000000000000000000000000000000
00000000000000000000000000000000
00000000000000000000000000000000
00000000000000000000000000000000
00000000000000000000000000000000
00000000000000000000000000000000
00000000000000000000000000000000
00000000000000000000000000000000
00000000000000000000000000000000
00000000000000000000000000000000
00000000000000000000000000000000
00000000000000000000000000000000
00000000000000000000000000000000
00000000000000000000000000000000
00000000000000000000000000000000
00000000000000000000000000000000
00000000000000000000000000000000
00000000000000000000000000000000
00000000000000000000000000000000
00000000000000000000000000000000
00000000000000000000000000000000
00000000000000000000000000000000
00000000000000000000000000000000
00000000000000000000000000000000
00000000000000000000000000000000
00000000000000000000000000000000
00000000000000000000000000000000
00000000000000000000000000000000
00000000000000000000000000000000
00000000000000000000000000000000
00000000000000000000000000000000
00000000000000000000000000000000
00000000000000000000000000000000
00000000000000000000000000000000
00000000000000000000000000000000
00000000000000000000000000000000
00000000000000000000000000000000
00000000000000000000000000000000
00000000000000000000000000000000
00000000000000000000000000000000
00000000000000000000000000000000
00000000000000000000000000000000
00000000000000000000000000000000
00000000000000000000000000000000
00000000000000000000000000000000
00000000000000000000000000000000
00000000000000000000000000000000
00000000000000000000000000000000
00000000000000000000000000000000
00000000000000000000000000000000
00000000000000000000000000000000
00000000000000000000000000000000
00000000000000000000000000000000
00000000000000000000000000000000
a20ec08d513d0eb1a2ff24dfd23f544b
1387d301e3398f45d7c262160d5f00c0
6c93227444bd201fb5dfe1e10352cab0
1b76001f11f2eff1fe2e0e4ce01122d7
1353f10f1bd3fd00b10c2fec1f18df4e
d30e0f3ff2010111f80a1102dae90100
4bbbafc067056823021f42dff8cd20b0
11eb03e19da12ae82ff2e00dd21001f2
6deb7ce1f120543171f3e5d10d2c934c
fafb8f4232caecdcd61b0e10f0e756bd
53e40459a508f315c012ad1f2113fdbf
32704e7452ed402df012e0dc0f84558d
130fa3ed2ed20e02a18ebdadf41f3efb
df3e5430ef854de532e20e0eebf3210c
121f1dcc2522b2c1514335dcde047524
1d24141013213dde0de048c41d02a261
24c20f2fb8ba26df5f0f02c35fd22b2d
e91f015f6890cd4d1e1f14fe26a580fe
d1d04dd4de3000d184cd0f3e2dfd533e
3e12f11fe54ef23e1efb43f0f3fd70cc
f2ce1cedf4034ac1e3e1c2f011fa1073
f1f3cf0d3122408ee330d04e12040000
1bb7cdfe19f387ac2ff421642340fd1c
4d774c92437e7b1cc4b0234ef17508f2
010ad10e2e0f3c32d2d10231fbd473bf
23e0ee1302e7bc30b0112f03e2ee1754
430e13dfe21e090b30024d02013e0f8f
dd061132134eeeaf50ee310c8e040df0
350f12bf2930b40c6dd4f4f3beefd575
0903cee1dc1ee3d1f1e23ffbcee81d4d
51f51d3e919efd0e8e01d52d2df0015d
b332e4fda0bf12f0f7fb050ceb10c1d0
a6ef06e85081e102cf1011118020df14
2b5e782205fe2ce26e8ba3f306b9a1eb
f002fe41102351fe0ee3df19f2f61ce7
807200f25920141cc1e12fcd0026fd27
fec02efe8301bf1d1201e124ecd3b3b3
bd11b51ed7e1d131cadfb3ed0e0df404
315f3115d28dc522220f0e4dfe0106f5
337106f14e4bed22e5014045b3dee1c2
00ecc05b232275b3ef2cdff0d1d2c00e
c3f5bee13423003b6ee2c775ddfd3e2e
7ee24251b0d2dc7edac000365e6f2f20
f7da224dce000b3eaf08effdf1e10662
3fdff0de0e361ce91d5e1f70041fc021
ec0e52d8052e1bd2327a2937ed4be642
d01f10f0d1fc11cd11fc0c7d55310f13
002478eafdeeed9311d0c1b21dc513d2
c760261ec0dd001ffe33e2cf0f6568e4
fe5f30c5c5db8b9ffe22ff0eef7122c0
e2285103f5301a3265dd732001f3eb1c
7a3f52edf90fd101ec9eff3d15e1f0c7
1a40002f2eebf311ed0b2fa2072ceec0
7b5ee5313bdc11b9350fbd1fe0230d15
e16f1f31d5e14231b1ddfd4280e6011e
f833fd030fd1524d1efb43fee0c14d02
bf59f12f2fef32fff99d32e0f38c63e3
00201f0f504010f12757fe00f53fe1ff
4e5501d4615a31112373000e230f351f
112fdf40e20e21001a3f001f42e7d3ff
34a13835df02dbf30f14e711142c6207
bcbc18010cc138bd4f2320e0cafeeff0
9d12ddfe0efed10120d138aefcef2eff
5d26d1faa200e98d2010dc5c41e13fd7
e4bfcb551e409cddb0686ce21c03db3b
12004e1fe1bf1f2ffc83bf01422d110b
22501ef470cf5b62a2de4110d53dcbfe
9337ec02d49b434cdffa06c3768af054
10f80f6822addbc7fc31fa12737e6153
e2fea0ce0d01d1411033f5720f010111
d00123fff2fe80f122ef0e9d1f03fef1
fe211b0fde2ec5ecf151fef5c8efe220
dedfe23e0042c3e2e1483f302e2f21e4
1df035fd0f5d1097534042bc30140e10
1d26010302e0fd8fff0ee30cd0e222e3
00caf7ed01b21d0734ed7c10105f3fe6
3f5d9f70dd02735430f1140c271014d7
c2d11fe8d2c50d73c20f9701213692b4
4e01fad012b83480ea010c3c2b34be3e
54f425713e4cae3c936d0e2c8e08ff0e
0ee51edf4d1d61cc2283221ef41e1c12
db559614c02d2c9d603bda7e46b1221b
02ee5f67c032101e35002f0e1c7e4c9c
76e00fbf363110e2cf09e74f101a4c5b
cc5cc6b71effb211ec12045ceff131f1
dcfe1d48021d16b913eae05f352ad3be
bfd47c0dcf80c110fb0dacd4f0d0fe22
5139d3d3f827f11eba240ee3c51b02ee
41440282d4d170f02111351e310fcf20
021f51324ecb12d1443236d80bdd00cb
5201c2e11032206be02bf208ee220149
facb460faef023cd3312bb9b3d743141
0fcf3056cd76d2d212008254d3e20de7
d5dca8e82d40a3048b3c177e2db15e77
11445edea1d320d118524ed3f01c1b4f
abe4fc43e38201db3ff5eeb23e360eec
1020a19235e0c5b901ef871e10f4ff3a
5dd2445def7a2351e871ad30ed276630
25ed4fffef3339af3e70eeed3d1b6d31
ee4f4fdef1812d1d13113c0c0dee6b26
42bfeca073a371d03141cf023e0c00e9
e24e52605412a0a3ed0f15ce18ec45fe
4bcefd162fff411ee7fcb1e71ff374b6
82e3f4ceece0ff13422900f12fc2a4ff
1010d302fe21ffdf89f4e2bec4d21df1
1ed403e810c01f33fdc0f20e2c3df20d
15dd303eeeefaa327c701f90720fd022
11f1d7b2f3440edf0e02dbf1d303120d
2f121fdde542647d5e7f3022ca243aee
04204ef0f41d333001e5c1cd2f7dd303
0039e4014e03ce0d1235d3112273f32f
0631f524c1be04ede3f6110e41b75a07
3e4d311ffb7a23643cfdb1c8ff6d40b8
c33024ddcff6d1682ee332205cbf41de
4151ef312e232475031e25fe31e440ef
edf6d11222ddf39d3f51772cefc0ace3
ee0c756e64004fc2b11ff05fdc2e6be1
381ef2f23e6bdb7f4ce0e2fb03d0437e
4c31ac34fdad112323b2b24f12add57c
2ef1c70d301e34c4e107022ade041d01
df3f78102f51bcc010dab2e5e3e0f0e3
4f3ed39d6011b056d8d104e2fc2e44b7
9280f471ea92ffcfabf254f07dfc233f
8ff34f1031d000e0324d2262e01fec0f
32f1df1ee2c0aee1614ea112c26751f5
cf311c7fb25cd523fa6c7f029b0e6d27
e152eff1eec4223d2670f020bf31eaf1
84fe0de1ecde0062d31320bcf0ddfefe
5c33e8023ded336fe1b4e39ddf5ffe2f
01f0e2b0eec4a3736043e0b5ae1cd010
222181132372d310e22617ae0d0fd030
01263f13071101d0ffd29dffed44f22e
2f920f76fd0670c3c25c0a695e51d4bb
3444202dd62f032e0d461bf6fef806f1
2926a7cf1fe01f112089ffe7108df3d2
2c43a03cf0e01f02cf200f8210ee1f41
b54e3e11cfdbfabdf0301ba851212cef
06f3011a6250e52f2e6420c73fe5d002
fc3f525fee10aff081d16becf1ceeede
5715223d21f2d5151100ef1e2d231ee0
6eefe11c1f5fd1f20b7cf43f76f29dde
202ff100c4b10011f8be0ff0eefe3e22
4f3f33ce3d58ff51dc2c300d4e3f9da0
f23213bfadbf78de6e9ffddfa002c111
100d2004414e4f3b8f3ef73e27c065ee
3bf0c2119ecf2e4fee062100e042270c
143c00ded5f84d0de031ffe124f4cf21
21cf653de23d0fff8545d2e2dc3ea22e
e0cf4111d7c3eb40bd1322eed1f8e31e
e0ff044ec0c34004bcba0c200aee7ef6
f11dfc0212bf99d05f85eb04b71702b3
e6c0bc77d2340d0306faef2214de5d05
411223f121ef1c110005e015e5974edd
3ca0323743d3d7f19de5ec00bc2413c6
db0b0ef1df0f2d314ce10eeec745ccec
0012f26c1fe12eee6d5adabe0ab9c527
2db539bce2596535032e81f71d1de025
210f1e0fdec1318cff31d2e310232df3
49c6392221247e4afe1e36fc7fc7dade
ef60ed20d012f48e3ec1025f1047c94c
000d2c87df1ef033bd0cff02ef3eef0d
549c31cf2003fc215e30dfc4c72c0e81
3435521b3ff0a03f2fceb1e743f84c9a
f41eefe23fec0ef82dede21a0034b003
e2f1fc35e42f47f18f44310bc0f6dc63
400218fcc3f2e44de20c0101f0b02ffe
5123ffcdd540b9ef42b7043dd1deccd1
1313190c6dc00161bdf420847dcde5f9
1220f11a01eeca0013f401e8f4112332
300e3141fa53f81d0ef1deef1ff002be
27f0fb1fc4e2e51ee6133e17e3ff3f42
cd8f052100f0c14e53fdd12c01beff51
63b82f2c99270ebf3e38ea4c5ed2f203
fe021cced4f3d722cfdd10ef230040d1
07bad43ecfb23082c3c22cfc010053f6
fef45d1ec3ec4ee3ffaf3ed7a31d2f4c
9dc230b40ce3b95dfb05b3f52f413084
44323ffefc0fc334002ddf43dce8e3e4
d31df7cbf9440b1e71efc40100d1a061
fbf4f3f10ff520bf0108fef2f0b26d00
2df1f0050bee2012e20effde114407f0
de34f90568e3f24421deaef0e8fb5fdd
56fb0434ff5e152b2b02efce27121f1f
902d62612578178ee3e11cd9ebd3187f
e112d2008e0412242f00f02cdf3e5112
221bf24010fdf61f4ae6edf550375e5e
e432ef17327f4bf3194f320938c2ee2d
04135fa0108e1f216417330df2e0e831
de33e429cede6b7d1a1aaf526734a215
fb1fcf131eec0b843d3cccffddc00f02
e030d61e3eff7cf0c0f4c03e0d26580e
de0f43e91dfbe6633a8e274510640ac6
303bade71271f16c9b10dffeedf3a0e5
0b0d605201649e6e013121026f4f481e
20f12adf5e73bef11321c83e400e039e
f2e8330bcfed334d11a14dfe301d82d3
f20c40120f0efdded2cb7bd1ef0eedff
4c3ef4290bb9eb2272e647215622472c
ed17b0230c11d87f6bf108090cc533bf
52fab53d184fe321e20ddd1db18c65a9
133f00d120ddfb524dbe7cfc5d03c44e
f42c400e1f0e0e4ae1e0200fa8eaf1f2
2fe85fdecd0f2e0ae543f73e0f10edf6
2f00f2402cf70b3f00dc061e10d132ff
57f99d530ebf2e251ed52c051ec5f4ed
2dea3df3275220152792003c9e23014a
3ffe30f111a971212e455911f080e372
8228e30255ede287c2d48e30243f32ee
7e3f2e42010eb327ae104e11c1dfe2c7
14fe00dbf20f2f207e320fffffff0111
e01e2dff26b78cbe05730edd21111e0e
1efe20fa1c741f3dbe520e0f03ac2e50
0ce6629f452e161f3b7a101a0ebffd02
431f8005062f3ceff1fe4dd0c1fff221
8c0234a4003b90eb041fcfd790ff0e24
0f0b1c5df8f71d1b03007de25d1ca2f3
3ce018c421ffb9f13430c24ff300d1e4
ef20ef380ddda0023fc821cf1efc4ff1
eb4d32d0ab1e001d48d0f014fd968f8e
3042d2df3fe0dd203271fecfe328ffd2
046cc0402adb21c2f65583f063524e1b
d6f4f7b130bb2290dbf52a4172107bf0
0018ed7ac3e3101baffe50a4f0e52f80
7a220ef21222c1e321f1e40de30f411d
5ee03051574efc142f23d051100d03d0
8165531cff22a54b14552d20f1ef30bc
2bf55003ed24c0cc393060ebfa802c12
17d11fe4c0eb12d102af2e53eec01ce2
11e2dd1dcdc00102ed1d14f111edd0f7
acf1f608245156fdf1d5200827f0e257
4a0dc0c21ee04dfc4d25e382f0fe956e
2ed6ec3c20303731201ef41372214d2b
ac630337c51301a0d9ceee1000be30f5
30cf01bfa4202e04f2a28efe233e960d
0e6d17f1af5412a17c23cbdeece39edc
f80f54c170f2e0e7f2f123a3351ee12e
d55e1e57e4420f2f21373303d0fdf12b
b609ae3ea2f170f152e0f6395fecc442
fc2ded1e0f3122b13143e81f2e20e50f
8d112d221d291c042b1effc4b117d434
e1f20121f2200ce02111f17beeff2fe3
31b11cdcb0a3793e10ee53a70201f0c2
d1d0dd0323cf3e702f0c0312fe8a011d
15bf713ed79870ace3c23004022b2c25
d2d5ca0be22142072966dae10dc93c1f
7ec153fe87dfcfe4efdf5ce0aded0155
a50ff1011107ff31d00ded1ee0422f41
ddf001f11e2f1008fd0f63002ebb7dc5
ec0e3280fde5a1dfef01f20fed802239
103fecb50f1e3f2ed322a0006ef5ec7d
603e4033f3ee7c420221d0bfb3f0e0c2
5040fce8a0df11303e6f5602954f1ec4
aa725c02df03bccf1c2f598f414af299
382215e1103dffc321f0ecd4b722fc25
64f942f0efc364b1a41d3aa7a06c6e93
c2f454231acecfd1092454d81700fd5f
00f200b6014900be00e9011900c000f6
00e801070098014d00b900ec00d300c7
00b700d101120175013300d200850133
00ab010000fa010c00a500cb011f00c1
010900f900e300e400f600c1010b00c0
010c010200f600d100d400d200fa00d7
00b8016a00ea00b300b300d300cd00ea
00a300ab006f012c00bf00e8010000df
015600f900b900c500a600be00e800ba
012f00f500dc00fb015400e600ef00ed
012c00f500cc00fc00af00ff00df00d7
00be00fd00dd008a00c600db00d900b4
00cb006500c400fa00dd00b100f90105
012e006c00c5011100da00a201080123
00d4010300ad00ee00a400b800a200cf
00fe00f300b700ca00be00a300d400fa
00ae00c8009b00cd00fd00c000a500de
00d400fd00ff00f300c9009d00ed0114
00d4010000f600f1012b00cc00e000f2
00e600af011500fd00e300d100cc0101
00dd0102011f00a500bb00d1011800f1
00e700f0011100aa00c8011e00cc00d8
00d5010b010f00d600da009800b100df
00c600ad00f100b9014e00cd00ea0105
00bd00ca00ee00dc014e00df00a000ef
009400de00dd00e400eb00ae010300b9
00d500d700ae00e000b6010e00f800e2
00b900a9013c00ef013900f500ba00f0
00f700e7008e01df00be012c00fd0134
00b000d4011601df010400f100a70122
00fc013a00ae00bc00aa00a600d40108
00c100ad010400b4009400f500d000fd
00000000000000000000000000000000
00000000000000000000000000000000
00000000000000000000000000000000
00000000000000000000000000000000
00000000000000000000000000000000
00000000000000000000000000000000
00000000000000000000000000000000
00000000000000000000000000000000
00000000000000000000000000000000
00000000000000000000000000000000
00000000000000000000000000000000
00000000000000000000000000000000
00000000000000000000000000000000
00000000000000000000000000000000
00000000000000000000000000000000
00000000000000000000000000000000
00000000000000000000000000000000
00000000000000000000000000000000
00000000000000000000000000000000
00000000000000000000000000000000
00000000000000000000000000000000
00000000000000000000000000000000
00000000000000000000000000000000
00000000000000000000000000000000
00000000000000000000000000000000
00000000000000000000000000000000
00000000000000000000000000000000
00000000000000000000000000000000
00000000000000000000000000000000
00000000000000000000000000000000
00000000000000000000000000000000
00000000000000000000000000000000
00000000000000000000000000000000
00000000000000000000000000000000
00000000000000000000000000000000
00000000000000000000000000000000
00000000000000000000000000000000
00000000000000000000000000000000
00000000000000000000000000000000
00000000000000000000000000000000
00000000000000000000000000000000
00000000000000000000000000000000
00000000000000000000000000000000
00000000000000000000000000000000
00000000000000000000000000000000
00000000000000000000000000000000
00000000000000000000000000000000
00000000000000000000000000000000
00000000000000000000000000000000
00000000000000000000000000000000
00000000000000000000000000000000
00000000000000000000000000000000
00000000000000000000000000000000
00000000000000000000000000000000
00000000000000000000000000000000
00000000000000000000000000000000
00000000000000000000000000000000
00000000000000000000000000000000
00000000000000000000000000000000
00000000000000000000000000000000
00000000000000000000000000000000
00000000000000000000000000000000
00000000000000000000000000000000
00000000000000000000000000000000
00000000000000000000000000000000
00000000000000000000000000000000
00000000000000000000000000000000
00000000000000000000000000000000
00000000000000000000000000000000
00000000000000000000000000000000
00000000000000000000000000000000
00000000000000000000000000000000
00000000000000000000000000000000
00000000000000000000000000000000
00000000000000000000000000000000
00000000000000000000000000000000
00000000000000000000000000000000
00000000000000000000000000000000
00000000000000000000000000000000
00000000000000000000000000000000
00000000000000000000000000000000
00000000000000000000000000000000
00000000000000000000000000000000
00000000000000000000000000000000
00000000000000000000000000000000
00000000000000000000000000000000
00000000000000000000000000000000
00000000000000000000000000000000
00000000000000000000000000000000
00000000000000000000000000000000
00000000000000000000000000000000
00000000000000000000000000000000
00000000000000000000000000000000
00000000000000000000000000000000
00000000000000000000000000000000
00000000000000000000000000000000
00000000000000000000000000000000
00000000000000000000000000000000
00000000000000000000000000000000
00000000000000000000000000000000
00000000000000000000000000000000
00000000000000000000000000000000
00000000000000000000000000000000
00000000000000000000000000000000
00000000000000000000000000000000
00000000000000000000000000000000
00000000000000000000000000000000
00000000000000000000000000000000
00000000000000000000000000000000
00000000000000000000000000000000
00000000000000000000000000000000
00000000000000000000000000000000
00000000000000000000000000000000
00000000000000000000000000000000
00000000000000000000000000000000
00000000000000000000000000000000
00000000000000000000000000000000
00000000000000000000000000000000
00000000000000000000000000000000
00000000000000000000000000000000
00000000000000000000000000000000
00000000000000000000000000000000
00000000000000000000000000000000
00000000000000000000000000000000
00000000000000000000000000000000
00000000000000000000000000000000
00000000000000000000000000000000
00000000000000000000000000000000
00000000000000000000000000000000
00000000000000000000000000000000
00000000000000000000000000000000
00000000000000000000000000000000
00000000000000000000000000000000
00000000000000000000000000000000
00000000000000000000000000000000
00000000000000000000000000000000
00000000000000000000000000000000
00000000000000000000000000000000
00000000000000000000000000000000
00000000000000000000000000000000
00000000000000000000000000000000
00000000000000000000000000000000
00000000000000000000000000000000
00000000000000000000000000000000
00000000000000000000000000000000
00000000000000000000000000000000
00000000000000000000000000000000
00000000000000000000000000000000
00000000000000000000000000000000
00000000000000000000000000000000
00000000000000000000000000000000
00000000000000000000000000000000
00000000000000000000000000000000
00000000000000000000000000000000
00000000000000000000000000000000
00000000000000000000000000000000
00000000000000000000000000000000
00000000000000000000000000000000
00000000000000000000000000000000
00000000000000000000000000000000
00000000000000000000000000000000
00000000000000000000000000000000
00000000000000000000000000000000
00000000000000000000000000000000
00000000000000000000000000000000
00000000000000000000000000000000
00000000000000000000000000000000
00000000000000000000000000000000
00000000000000000000000000000000
00000000000000000000000000000000
00000000000000000000000000000000
00000000000000000000000000000000
00000000000000000000000000000000
00000000000000000000000000000000
00000000000000000000000000000000
00000000000000000000000000000000
00000000000000000000000000000000
00000000000000000000000000000000
00000000000000000000000000000000
00000000000000000000000000000000
00000000000000000000000000000000
00000000000000000000000000000000
00000000000000000000000000000000
00000000000000000000000000000000
00000000000000000000000000000000
00000000000000000000000000000000
00000000000000000000000000000000
00000000000000000000000000000000
00000000000000000000000000000000
00000000000000000000000000000000
00000000000000000000000000000000
00000000000000000000000000000000
00000000000000000000000000000000
00000000000000000000000000000000
00000000000000000000000000000000
00000000000000000000000000000000
00000000000000000000000000000000
00000000000000000000000000000000
00000000000000000000000000000000
00000000000000000000000000000000
00000000000000000000000000000000
00000000000000000000000000000000
00000000000000000000000000000000
00000000000000000000000000000000
00000000000000000000000000000000
00000000000000000000000000000000
00000000000000000000000000000000
00000000000000000000000000000000
00000000000000000000000000000000
00000000000000000000000000000000
00000000000000000000000000000000
00000000000000000000000000000000
00000000000000000000000000000000
00000000000000000000000000000000
00000000000000000000000000000000
00000000000000000000000000000000
00000000000000000000000000000000
00000000000000000000000000000000
00000000000000000000000000000000
00000000000000000000000000000000
00000000000000000000000000000000
00000000000000000000000000000000
00000000000000000000000000000000
00000000000000000000000000000000
00000000000000000000000000000000
00000000000000000000000000000000
00000000000000000000000000000000
00000000000000000000000000000000
00000000000000000000000000000000
00000000000000000000000000000000
00000000000000000000000000000000
00000000000000000000000000000000
00000000000000000000000000000000
00000000000000000000000000000000
00000000000000000000000000000000
00000000000000000000000000000000
00000000000000000000000000000000
00000000000000000000000000000000
00000000000000000000000000000000
00000000000000000000000000000000
00000000000000000000000000000000
00000000000000000000000000000000
00000000000000000000000000000000
00000000000000000000000000000000
00000000000000000000000000000000
00000000000000000000000000000000
00000000000000000000000000000000
00000000000000000000000000000000
00000000000000000000000000000000
00000000000000000000000000000000
00000000000000000000000000000000
00000000000000000000000000000000
00000000000000000000000000000000
00000000000000000000000000000000
00000000000000000000000000000000
00000000000000000000000000000000
00000000000000000000000000000000
00000000000000000000000000000000
00000000000000000000000000000000
00000000000000000000000000000000
00000000000000000000000000000000
00000000000000000000000000000000
00000000000000000000000000000000
00000000000000000000000000000000
00000000000000000000000000000000
00000000000000000000000000000000
00000000000000000000000000000000
00000000000000000000000000000000
00000000000000000000000000000000
00000000000000000000000000000000
00000000000000000000000000000000
00000000000000000000000000000000
00000000000000000000000000000000
00000000000000000000000000000000
00000000000000000000000000000000
00000000000000000000000000000000
00000000000000000000000000000000
00000000000000000000000000000000
00000000000000000000000000000000
00000000000000000000000000000000
00000000000000000000000000000000
00000000000000000000000000000000
00000000000000000000000000000000
00000000000000000000000000000000
00000000000000000000000000000000
00000000000000000000000000000000
00000000000000000000000000000000
00000000000000000000000000000000
00000000000000000000000000000000
00000000000000000000000000000000
00000000000000000000000000000000
00000000000000000000000000000000
00000000000000000000000000000000
00000000000000000000000000000000
00000000000000000000000000000000
00000000000000000000000000000000
00000000000000000000000000000000
00000000000000000000000000000000
00000000000000000000000000000000
00000000000000000000000000000000
00000000000000000000000000000000
00000000000000000000000000000000
00000000000000000000000000000000
00000000000000000000000000000000
00000000000000000000000000000000
00000000000000000000000000000000
00000000000000000000000000000000
00000000000000000000000000000000
00000000000000000000000000000000
00000000000000000000000000000000
00000000000000000000000000000000
00000000000000000000000000000000
00000000000000000000000000000000
00000000000000000000000000000000
00000000000000000000000000000000
00000000000000000000000000000000
00000000000000000000000000000000
00000000000000000000000000000000
00000000000000000000000000000000
00000000000000000000000000000000
00000000000000000000000000000000
00000000000000000000000000000000
00000000000000000000000000000000
00000000000000000000000000000000
00000000000000000000000000000000
00000000000000000000000000000000
00000000000000000000000000000000
00000000000000000000000000000000
00000000000000000000000000000000
00000000000000000000000000000000
00000000000000000000000000000000
00000000000000000000000000000000
00000000000000000000000000000000
00000000000000000000000000000000
00000000000000000000000000000000
00000000000000000000000000000000
00000000000000000000000000000000
00000000000000000000000000000000
00000000000000000000000000000000
00000000000000000000000000000000
00000000000000000000000000000000
00000000000000000000000000000000
00000000000000000000000000000000
00000000000000000000000000000000
00000000000000000000000000000000
00000000000000000000000000000000
00000000000000000000000000000000
00000000000000000000000000000000
00000000000000000000000000000000
00000000000000000000000000000000
00000000000000000000000000000000
00000000000000000000000000000000
00000000000000000000000000000000
00000000000000000000000000000000
00000000000000000000000000000000
00000000000000000000000000000000
00000000000000000000000000000000
00000000000000000000000000000000
00000000000000000000000000000000
00000000000000000000000000000000
00000000000000000000000000000000
00000000000000000000000000000000
00000000000000000000000000000000
00000000000000000000000000000000
00000000000000000000000000000000
00000000000000000000000000000000
00000000000000000000000000000000
00000000000000000000000000000000
00000000000000000000000000000000
00000000000000000000000000000000
00000000000000000000000000000000
00000000000000000000000000000000
00000000000000000000000000000000
00000000000000000000000000000000
00000000000000000000000000000000
00000000000000000000000000000000
00000000000000000000000000000000
00000000000000000000000000000000
00000000000000000000000000000000
00000000000000000000000000000000
00000000000000000000000000000000
00000000000000000000000000000000
00000000000000000000000000000000
00000000000000000000000000000000
00000000000000000000000000000000
00000000000000000000000000000000
00000000000000000000000000000000
00000000000000000000000000000000
00000000000000000000000000000000
00000000000000000000000000000000
00000000000000000000000000000000
00000000000000000000000000000000
00000000000000000000000000000000
00000000000000000000000000000000
00000000000000000000000000000000
00000000000000000000000000000000
00000000000000000000000000000000
00000000000000000000000000000000
00000000000000000000000000000000
00000000000000000000000000000000
00000000000000000000000000000000
00000000000000000000000000000000
00000000000000000000000000000000
00000000000000000000000000000000
00000000000000000000000000000000
00000000000000000000000000000000
00000000000000000000000000000000
00000000000000000000000000000000
00000000000000000000000000000000
00000000000000000000000000000000
00000000000000000000000000000000
00000000000000000000000000000000
00000000000000000000000000000000
00000000000000000000000000000000
00000000000000000000000000000000
00000000000000000000000000000000
00000000000000000000000000000000
00000000000000000000000000000000
00000000000000000000000000000000
00000000000000000000000000000000
00000000000000000000000000000000
00000000000000000000000000000000
00000000000000000000000000000000
00000000000000000000000000000000
00000000000000000000000000000000
00000000000000000000000000000000
00000000000000000000000000000000
00000000000000000000000000000000
00000000000000000000000000000000
00000000000000000000000000000000
00000000000000000000000000000000
00000000000000000000000000000000
00000000000000000000000000000000
00000000000000000000000000000000
00000000000000000000000000000000
00000000000000000000000000000000
00000000000000000000000000000000
00000000000000000000000000000000
00000000000000000000000000000000
00000000000000000000000000000000
00000000000000000000000000000000
00000000000000000000000000000000
00000000000000000000000000000000
00000000000000000000000000000000
00000000000000000000000000000000
00000000000000000000000000000000
00000000000000000000000000000000
00000000000000000000000000000000
00000000000000000000000000000000
00000000000000000000000000000000
00000000000000000000000000000000
00000000000000000000000000000000
00000000000000000000000000000000
00000000000000000000000000000000
00000000000000000000000000000000
00000000000000000000000000000000
00000000000000000000000000000000
00000000000000000000000000000000
00000000000000000000000000000000
00000000000000000000000000000000
00000000000000000000000000000000
00000000000000000000000000000000
00000000000000000000000000000000
00000000000000000000000000000000
00000000000000000000000000000000
00000000000000000000000000000000
00000000000000000000000000000000
00000000000000000000000000000000
00000000000000000000000000000000
00000000000000000000000000000000
00000000000000000000000000000000
00000000000000000000000000000000
00000000000000000000000000000000
00000000000000000000000000000000
00000000000000000000000000000000
00000000000000000000000000000000
00000000000000000000000000000000
00000000000000000000000000000000
00000000000000000000000000000000
00000000000000000000000000000000
00000000000000000000000000000000
00000000000000000000000000000000
00000000000000000000000000000000
00000000000000000000000000000000
00000000000000000000000000000000
00000000000000000000000000000000
00000000000000000000000000000000
00000000000000000000000000000000
00000000000000000000000000000000
00000000000000000000000000000000
00000000000000000000000000000000
00000000000000000000000000000000
00000000000000000000000000000000
00000000000000000000000000000000
00000000000000000000000000000000
00000000000000000000000000000000
00000000000000000000000000000000
00000000000000000000000000000000
00000000000000000000000000000000
00000000000000000000000000000000
00000000000000000000000000000000
00000000000000000000000000000000
00000000000000000000000000000000
00000000000000000000000000000000
00000000000000000000000000000000
00000000000000000000000000000000
00000000000000000000000000000000
00000000000000000000000000000000
00000000000000000000000000000000
00000000000000000000000000000000
00000000000000000000000000000000
00000000000000000000000000000000
00000000000000000000000000000000
00000000000000000000000000000000
00000000000000000000000000000000
00000000000000000000000000000000
00000000000000000000000000000000
00000000000000000000000000000000
00000000000000000000000000000000
00000000000000000000000000000000
00000000000000000000000000000000
00000000000000000000000000000000
00000000000000000000000000000000
00000000000000000000000000000000
00000000000000000000000000000000
00000000000000000000000000000000
00000000000000000000000000000000
00000000000000000000000000000000
00000000000000000000000000000000
00000000000000000000000000000000
00000000000000000000000000000000
00000000000000000000000000000000
00000000000000000000000000000000
00000000000000000000000000000000
00000000000000000000000000000000
00000000000000000000000000000000
00000000000000000000000000000000
00000000000000000000000000000000
00000000000000000000000000000000
00000000000000000000000000000000
00000000000000000000000000000000
00000000000000000000000000000000
00000000000000000000000000000000
00000000000000000000000000000000
00000000000000000000000000000000
00000000000000000000000000000000
00000000000000000000000000000000
00000000000000000000000000000000
00000000000000000000000000000000
00000000000000000000000000000000
00000000000000000000000000000000
00000000000000000000000000000000
00000000000000000000000000000000
00000000000000000000000000000000
00000000000000000000000000000000
00000000000000000000000000000000
00000000000000000000000000000000
00000000000000000000000000000000
00000000000000000000000000000000
00000000000000000000000000000000
00000000000000000000000000000000
00000000000000000000000000000000
00000000000000000000000000000000
00000000000000000000000000000000
00000000000000000000000000000000
00000000000000000000000000000000
00000000000000000000000000000000
00000000000000000000000000000000
00000000000000000000000000000000
00000000000000000000000000000000
00000000000000000000000000000000
00000000000000000000000000000000
00000000000000000000000000000000
00000000000000000000000000000000
00000000000000000000000000000000
00000000000000000000000000000000
00000000000000000000000000000000
00000000000000000000000000000000
00000000000000000000000000000000
00000000000000000000000000000000
00000000000000000000000000000000
00000000000000000000000000000000
00000000000000000000000000000000
00000000000000000000000000000000
00000000000000000000000000000000
00000000000000000000000000000000
00000000000000000000000000000000
00000000000000000000000000000000
00000000000000000000000000000000
00000000000000000000000000000000
00000000000000000000000000000000
00000000000000000000000000000000
00000000000000000000000000000000
00000000000000000000000000000000
00000000000000000000000000000000
00000000000000000000000000000000
00000000000000000000000000000000
00000000000000000000000000000000
00000000000000000000000000000000
00000000000000000000000000000000
00000000000000000000000000000000
00000000000000000000000000000000
00000000000000000000000000000000
00000000000000000000000000000000
00000000000000000000000000000000
00000000000000000000000000000000
00000000000000000000000000000000
00000000000000000000000000000000
00000000000000000000000000000000
00000000000000000000000000000000
00000000000000000000000000000000
00000000000000000000000000000000
00000000000000000000000000000000
00000000000000000000000000000000
00000000000000000000000000000000
00000000000000000000000000000000
00000000000000000000000000000000
00000000000000000000000000000000
00000000000000000000000000000000
00000000000000000000000000000000
00000000000000000000000000000000
00000000000000000000000000000000
00000000000000000000000000000000
00000000000000000000000000000000
00000000000000000000000000000000
00000000000000000000000000000000
00000000000000000000000000000000
00000000000000000000000000000000
00000000000000000000000000000000
00000000000000000000000000000000
00000000000000000000000000000000
00000000000000000000000000000000
00000000000000000000000000000000
00000000000000000000000000000000
00000000000000000000000000000000
00000000000000000000000000000000
00000000000000000000000000000000
00000000000000000000000000000000
00000000000000000000000000000000
00000000000000000000000000000000
00000000000000000000000000000000
00000000000000000000000000000000
00000000000000000000000000000000
00000000000000000000000000000000
00000000000000000000000000000000
00000000000000000000000000000000
00000000000000000000000000000000
00000000000000000000000000000000
00000000000000000000000000000000
00000000000000000000000000000000
00000000000000000000000000000000
00000000000000000000000000000000
00000000000000000000000000000000
00000000000000000000000000000000
00000000000000000000000000000000
00000000000000000000000000000000
00000000000000000000000000000000
00000000000000000000000000000000
00000000000000000000000000000000
00000000000000000000000000000000
00000000000000000000000000000000
00000000000000000000000000000000
00000000000000000000000000000000
00000000000000000000000000000000
00000000000000000000000000000000
00000000000000000000000000000000
00000000000000000000000000000000
00000000000000000000000000000000
00000000000000000000000000000000
00000000000000000000000000000000
00000000000000000000000000000000
00000000000000000000000000000000
f4de1e7f11dce10d4f3e111ca502e1e3
22fef21cedd83f3fc461cd1ffdb3533b
2ff8f25fef9e053b2ec6bc2f1fcd1b4f
de0e73f1dbfef20e1e7c05c011a10412
a342efff7391911270f4c6bddddbeb01
dd1d3c4038527e4a21332316301de0de
1f4ddde402121427bb9f8f66c0e00d0d
214f1fdc000d414fe3fddf0338fb4eef
fe0c12cebf0275d0e15e3ff31a02039f
43f0371f2cad20f8c2df6d20e0374e51
400fe016243d115f0492b8bc52c1041e
1652b6eb00fffbe3fe6274fd3b42033d
a0ffce644b0fc2b048461ffec05331a0
813706008b12012ccf7afb21ce50203e
e0431fe05b3f401c0830a3492ce21d41
d20ef0fe7275461e3e16222b5113f3ed
cd24dd71e10641bc13400f5e4cd122d7
bd1fa203211df13650d0dde1f105f8b1
e2cb11dece2a0f11ce43be84ec52ecad
0e7331ecff3c0dd74c14b012145186e0
4841aaf192201b08ef22e01e65e9e100
d075c14e1d10e11e0170e7b590f00e52
20ee320342e2ffd1edee601ffd0379b1
0760df4c122f40403142ee28f533462f
3d202cc77d1473e6e6d453facbdecefa
4067873f2aea32527d24e430bdfe392c
da1043d4c1cb4cb50edefebb7093073d
125f000437040eabc60ed14edce7ef23
bd2111bb30ede35cbc6fb148012fb717
69712b72be3d6f4dd96727a019f3c159
416c54b0316e31fffdc52b737d20f201
0c0207c00a0c73e2311321b50eed0131
31dd3592030d5475541425286fd078fe
77371512943ed43122c7c080ed6f13d7
3f044c0ef56502efd67ccc1f8c201c05
b21eccb9ed07f1f6e6d2daff0ff25feb
ad0063d6d31c0dd32125a7114d03dca7
d1e213fc023522d1fe3e00ff70f7eefc
4208ef94ef3dc3d1c9c0105feda12e32
0100e093423d002cfa5806e1c02e44a7
14f1552a1de0033051e08069bdfd02ec
665b21579016b7ef41470741034bdcd5
647ea261b65f56e87014df6eb2d3eff0
dfecedfacf43f0a218e35d1eff561fe1
09b555a7ef153eac4ef122e221d7d114
f5f1f20437fe2d6e624032f2b200e43f
1f07401faff31fa42afdee0ff6cd2041
f5cc8d0d0300ee02424ecef201e3000f
2f72310fbd220fb1f0edf5e33ff0f372
0ff0e10021fb8fb4f1ee10f0e1ce4345
5526133035efd383e12e4313b11e02ac
c0ef7c0cff1e23fb12c01edfdf102ff6
fe221630111c500510ea8ec4eddf52f1
20ece203b3012f1f60a6b1d2fc0107f3
82d00802d112f9c5f4300394c2f4b3d0
9181e251fc370072e52e2f096203d230
307d8d320520fca9f04b42d03cde257f
b4c7fdbc4b7f5d36c0218433e20e1d03
efa7084023ffdee89b22b0a051ef0034
d112d14dfe05cc4f31230d31f4270feb
782c021fe423f302fdf0453c6e632cf7
0fb3e282d9d054f6c1f5020c554baee2
0da91ef1180e4e4051fcdb102d0d1d1c
03e0649041a3a4a0102687ee101ceca0
8f5770247038102c0028e00e43fc2610
ee01e49d0a542fef8c3cfedf4e37045f
bbb7face55d83e4edd4f131bdcf42f50
22f3e325176d022d2201ccdddea2220b
235860073030d2dddd5fd1002fed200e
00128f6643aec4dbdd83fde462345fa2
729b4040681d4b18472cd061ab35dfbe
1cadd0a873f0fd12200e00d41f12db3c
8c0d20ca2120d9f010112c5c30fc2fff
25c352dce3ed4e2f0f1cdfed3462d710
42ee74d5e13b3b8e0d773c0d0df71b1a
d9a0f938e21dcd05363f5ba301e1e317
3cde2fc112623f22e2327a2ed2282140
461d511f1411ccb0c34030036fa37d27
a4cd2d89c0d4dd11240f52d104121230
012ad6ee4f600437ec26132c0223080e
023df9f2e292e4f8339111e7ddf43467
eec30811347042d34e5409513efcfdc1
b04c11821a31d2221fa18f1d0eedde64
fe22fe3300f11f231e24703021321120
f5045248c1d2e107e2fc3f0e432ed031
2ebe103920bde1fbb222d80eb42210e0
15bae2048fed95c22c0fc0b15e6ee4f0
283dfd01ec4dd33eb2d0fde10bff4c6c
e1e2c0ef00435fce8e2104003e51a223
e33e2321450b31c2f8c21dfeb4716411
7131e32fe20fc1ec308c4fe48ffb0bc4
57f20135ff0e33a2da22710effeff101
a08379b032032ff0cc22bff6d3118eff
2ff930f020f00633027f0d4e39d22131
ef2022f046e2110e2500e010c22feff7
e65d014201100fefdc820203304fe2f2
210a022fcc6431d02d319d6080baf62f
f316e10e40711ff841239dee72cd5cbf
21c8770d354f5da14df220f400e1d0d3
d0102ef71134e1dee10ef0e0f0412204
200a0beee70bc5fb4ea1b5e2e3d63b70
1031515a0e00fe4c6117550ec04d0b32
80daedf06ee66278ebae4ea24e12dff3
df42754229c1eccd1303231d42913ed0
721bf3dc831060ef1ad64805ae0fe4be
1af2d50334d5447321330e5f1bfe6b49
1d62fd3fcdb14ffe8b0e265cbf34b3f0
fefdb5f3b1d1223efdaeeef0a102700d
e8e19033c42dfd19204d0dd104a030c1
3532c2e01170bf0f01c208235fddee00
5b6dedef6725e09beec11f2a5effa754
efe20fb2f371ddf14520c02262ee09d2
1f0041460ee14e32800cb4c10e1202f1
f3450a0ed4de4dd41775d17ffcc57237
bff1b10ed30d2f7d42dba1d003d402e1
7d190b2c0db02302c076e3f32e272ed1
dc0173f0f340d0103c74de352e921cf6
240e20d3e00f227431fd222e5212ee6f
dabfb4d30b31490bdcee34af0113fd98
02b0f130e2111f0cf8eeed203fb43d32
7ed20bf136b211df434d8ecfe0600f51
33f0e4c75036e8021fffaa131279183f
673910c03110cf3d02cfdb1c70a0cee8
d13d12f25f14fd4d6bef2f08d11d0635
113d1f0dee7d00eecf05f0ee5f40d4e0
2c1f0efc9e14dd112134fce0078dc300
a00f1ef04f277db42c79bfc51fe847df
be717ee20e2f303f253030e2f2d5ed11
1f0feb357ef337e1101de0d21ed2230e
30b83b07df11101e3022effdffef3b13
38043f900fa934dedcc21ddedec37201
e20cc5c4def573114112edad111fdbdf
713d02d42f21d702c1e26e725343ab2a
fa14f5e0507102e0cf32b4dee1f1051f
702db6110be5fde311da053dc023c3cc
fe5ffbb1112fce5b5f3cfe73ec641e04
2fb00dbfe3f8cdcc1459e1ebd14f5bb0
0715d4eff7171d3ff063e250cfe3d0c4
1803eb512d5279fc23b08ddba3234552
233e04e4e031d052107323030e03d0ce
20fe020efdfe8f00f110020dc0033f3d
0c7d0ddc1fe72a5ebfad740b6efc4b22
f42f471132edd8b9263b01a34edf2f01
dc1142e012e40f00b5242fb784c2e3a0
0d53ff010ee1fd3da12de1c0cf803a23
3000e2f2cd4de5becd78ffe4cdd11c13
e76e27f2d20109e4f4d500def20b512b
8364eb371113de0ff52eb8cbdf075052
2125bcebc608304b3e8e6bcd1ed11b4c
1d5a33eccc54e5e8c06e3f30b1cd5c11
e1c2ff2abd03c911212e014cfc3238a3
cf2ccf4efe6ff3f21ef7fff0fe3dcf11
508411c52f24001208bb3ce7be371b23
b020842fc004f1eef032e2eaeb5344f2
e2dde42eb01b4f72131a0e6ddec3f435
f13221f1dc61575c3bf101e11d7ffc73
4f352f0efb0110e1d10280f0f0ce2d5e
0dd30f22240e42b23dbf74e7ff1be0f2
11bede11d11323102701b00e2ee41320
7f21edce414fb3f57f31c32c3d1ee45d
8c3e20a8dfe42322042000f4fe5f0f1b
f3413be183121107220f1f2f11e13f01
fd512ed0e7fbe220dfb1b2ee0d122412
ff4392224912337f54c3e38213611220
322ff1222def1fb0ddcf424e28020306
73164ffc2fe0e50a174e0d8af0cc1cc3
91bc2ed8462ba0c49eafa92000fcd4d1
3abe6e1403c22fcbfb25c720d067bdf4
ac4f31fb05b27044d2127374212e2daf
d4a928237e20fb353350cf2253c0fc3f
17501ef0e5afac2df1dfce202e22473f
d7e52ff213149eeba5f070cf522d1d0e
c000a114f2d1fd701e31d4ee730e33f2
30244101c1010f3f36ee20420a2bb8f1
ad4b6721d13b29004735ebbc15c1c741
23d2a02d02e2b22bd2ff86111f1d13e0
726bf3922311111cdd05b6ff7f8341d9
f1e141f1a21421ff04e314104e1971ed
d62f04d00ef3cd00b1be80e6141f1ecd
050f02100f51e3168216221d510fee0f
8ebcf2a049f7bfd03e4024d661cf5b06
edcebd198fd3470ced4fda11309fd50d
31bcd0e10ef5f541f22941f2b6a67002
ebb759b2036eff11efd2c9ba5030191c
41e22281efc50231d3c79fce360ffedf
30ad6f11e60bd3d5e8512f434d0ec10e
30ff0f17e1f02f200ff0dde00dffee1e
002c70f6dccec4e0ff317e921b5bb23d
220b402f1306e91c2e00f203002f2702
0e212de10ce03fef4e224c8be1100c31
2ee520f910cce031974ead0b7fd4fc7c
c308563043d3bed4122e5e24c4e9bce4
62fd2f4f3ddba6d7240fffb2f9138341
1f1fe1c105ff6e2bf87022fce200013d
0dd11ffd21de12c1227d5c204e03e113
d4e04f20fe0204401f70373dc1bee314
ca3461ffddecec953a64d9f015a2a891
ebfe1f2f1e2284f08b53dc8dd90e2030
3fed8f1ce7efaee0d1416aebd2c2510e
043f102fff1324e2fdc2d023c022c4f7
34b005002c4fa20bef0dc0c4280b362f
50510a431470f2731b01370020435da1
421e4fd0611112207dda24220290ecfe
df2e31e006d30c3a3195183f2fdd4b40
1ef2002b2601022db3d2bd30f13f7eb4
f2eb1eff4d1c413d4cff2272ddff3f23
fb21b1cce4ed41e00ec7e63e4ec6d201
e105bbe307fe30ff4f6f06ff11e23d21
1faade4f180c47dfe6c032913dd60130
f3d31d1221b08351d5f13450bd325ebe
fefe310f3e9e40f14ee081b45a002d5b
17007d2d2b25734e222e0cf2beafcfc9
311c7001ed042a01001f3444d1335b0e
c4f610cfee8ba3130b3d126ba0e2fe06
1f10f013de22e3df11e427401d13c01f
0f7b24cff1ffc43ef94912f4e0021eec
713f6ff060f2307e30011d04e31eb3fe
d03eae8de11ed9fdd3f2de2a50fdac3c
02d1b113e7b8149f5fe61f29f05ff031
bd851706cc65abc45de122150d0edd23
0e4c1d1f1132b01e3810f5fd53d43f11
fde413c523ee1150feb4f2ef510a0722
37def8cc3ebc40b0b3eed1b00fbeb111
1fe7f2292030cd0142122dee3111dfe0
2111324faf403f528421612010239bff
e45adfde0eff7c351e7a414e40b24c62
a3325f37343f3112311a7fd04de2e0ef
fe01f75ef33de142e03fe3f07eef00d1
e03f1fef32720b0d22ef2ddf11d50ef4
43d50be22e3dc0b2210342132cddf3f8
c1bca02fe7b6df5644d4f74e21b52e22
4373e3074ce021041e2760be3e11e1cc
87d81324e23b040ff11d323fd30fbe0f
4351c1cfcc31b0e378f39ddffe24e214
44e1d7f07103d602fda402d0da32d23e
000110b4f5300b3dc0d17e02f30bc245
d8b2031705b84d2cbd2f622fb3fa1e3c
2df267eb00640afb494547e43efa6154
0b2811e3fef11d13e350dd122903ffcf
3fd1ce24161c37e2c5c0fb60d1b121f1
0e42f2f7db00eeeff44fb67bd15c2141
513340013110b0d0ecf7d3fd174d4652
11904ef702d1f5113de23c1ce8b20f50
61c0fa27044500f616ff10f2cbd6925d
33389faf41eaf3c3f426131ef9c091b5
b22372fc53eefd0aea7123f05e122a24
96b44c81aa77945fb53bc6568137c505
1731c6b33270f0f0564a220549ce23c4
dc20dd1ffd84ea4417028240213f5fe3
11f07cce1b7c831d200077e000f122df
1114dd1171ff0c0fa230f4de801f1215
93431af221e3f45e4071123edb3c20f2
e01f519d12bd222157d1332110200e3e
301350502e7f01d0ef0dc11178c24e4d
33d14e550f217d2f1beefeddd1fc1602
203cf0530fa0141d1024132dd1f17bc2
078b068f059b068b05df07e405df08b5
071f0760064b075d08a6076b057a0801
05d1095e05cb070e039306550808075b
07ae0558069e07ef063d05ce056606a5
04aa0639076d06990738058e08c40878
06f508a105c3076607c7055905aa0657
075e04ad07ed05b407a9095405e6058e
06cb080d06fe0655069e0690055d0742
06ad062307ae08dd068d05f105f207a8
060106b80ab5073e06d305ea072a060c
05980620056c07a70769060a08c405da
065007b1061b06c0088006f906b906b1
06a2081906ab05b406f2063806740636
054806a3063706410742077b07da05c2
063c07ea08b802eb07920a0f06ab0517
096c06700965076c06da09c1084f078f
0654093a06160539071c077c06360759
0843059107aa064707e30746079d06f0
0729070f07e706cc096b08550637063e
04ef0606072d06cd05650600044706ba
082f06e505e504d0087c0646050006f0
05d80683078907d3067e067706aa0457
04d808b208ae06980636093506050588
05af089108f0097206af05fa068b06f8
06ec07bc056a094e087806370c680880
05bf076a07d408b7078b073b082806de
066b058f080a07a6053e0568081d0889
06f007aa07db07ea057007900626068f
06c204c205d9061a06c705b1076f05fc
073e04a20604057b0764092a075a06e6
075b08f8068c058506790730050f0566
09400670078605aa099c0649045c091f
00000000000000000000000000000000
00000000000000000000000000000000
00000000000000000000000000000000
00000000000000000000000000000000
00000000000000000000000000000000
00000000000000000000000000000000
00000000000000000000000000000000
00000000000000000000000000000000
00000000000000000000000000000000
00000000000000000000000000000000
00000000000000000000000000000000
00000000000000000000000000000000
00000000000000000000000000000000
00000000000000000000000000000000
00000000000000000000000000000000
00000000000000000000000000000000
00000000000000000000000000000000
00000000000000000000000000000000
00000000000000000000000000000000
00000000000000000000000000000000
00000000000000000000000000000000
00000000000000000000000000000000
00000000000000000000000000000000
00000000000000000000000000000000
00000000000000000000000000000000
00000000000000000000000000000000
00000000000000000000000000000000
00000000000000000000000000000000
00000000000000000000000000000000
00000000000000000000000000000000
00000000000000000000000000000000
00000000000000000000000000000000
221fc6a873450b9256f2bcfbcd9f05ae
44ef2b26eedf402cc104f4c2892c4724
c23513f03184321e12d6f0b11211219e
4f12cacefc0150e1c1d137dfb25d2040
d32b11d067fc7cd0f4a014f2f04301c0
d414165c90df102ee2125f2f91c7caf6
ca24ce7669edc5e4f4f17517ffd125c3
05081e41344005bd2fd4b6d4493b4383
f1fe71f2e40ef1fe1004502e1ed0401e
e4c1a01b015c502fe7ebff0fde2180df
0129e38b350f643c4e90415ded2053c4
20fff27007fe42fd01ce01050123fa02
1df003f2208cfef41be3b15f0ee53cce
db2d8416d855fe3facbebadfeb243471
0f01df32f81e52444393d1ffe4c0c4fd
1ff0125124fefc10f80ff660401fcf03
8de0cb694a69b8f0e3564cf024f66237
4d21bf03ef101fce00c1190707028e9e
2e6ef3ef52fa755402534eff8811df30
51f08023d353041676d4e915bcf70f92
4fc11f0a0afc8bff406ffc11f1c856ef
03d8ed19e204f621c0acd402fdef0f10
201b223d508fff81cfb4dde4c25e5d1d
102d3efece2c66446db34db83340b20c
3e12df0c4c3e112dec7cc002ebfc303e
12d1f721554ba5150f3b482e1f40125c
1730ea3d87ced03ad2ecb1140fc1335a
bd7d6eaf3d0e3b44c1bf6ee53147efb3
502110e1c30b0d485e35d2ebe010f315
eed40d20a8bdf15fb0f5d022cd312ded
3e0f202d6fd115d04c102e8cad32f230
ac2493333e42c203defed8301d10140a
5ed43102d62240b7f102d53943d2fec2
e0322fffe270c351030c1710df41e3be
bff1b7e3f13f2dd3203c13ffe12ff22f
b4d10e100d636105cd0dfcb8b0edaa21
0fcf22f4c4eff2fe1cb08f4e3b47ffc5
fe39054cd0e170fce1ebee0213c34c3c
2c1b5531322fe5c6595e0a1e2a11dc71
26f3174f0f52cccc91027cef29ce002e
50d0152b104ce26221fddfe4c8f44ffe
4e44e10c9dd3f213f7d1c372511fa2f3
e4d28635e3ddd51e3322d00fddd4a225
131efd5a75a135ad0a371b60ab4f6bee
0c0c6efbd18c9c4f0f0cee3a451d2e1e
e23e11fdd815e033406d0e440f9f354d
fcc8edb8dd0ced3001111f003efe109f
ecde6bf003a71d128dd10042e100b2c2
b5d0220e2c80400d34fd11f0133ee110
31525d13024113da03dbe178d0fe8f24
d7924c21e40ee2d2d0def00f0b61463e
d004601f38003f20d05441f3c1f3f1da
6fd04060c0b1227cde59d0548fd04a22
d62aff0ed2b0102fbaafdf0f720c14c0
dc21af0e1b55d2a061fff0f10211f07c
691de761501dfe1bd1c4eb0118bcba4d
35210b159f303f22e653c5722faf3f70
e4fc3f8e41121d2af5242500fa14f321
d50470e20b31f4d10ef0ffacbddcfe43
f1d577edf1fea1dfe0f3f40404ef63af
adf2306f40243dcde18310c400ee1d20
10222e0ddfc3effd6dc20a08ef02f361
d1e18130ce7d4d01fdecc1cc2b05de1f
a712315afff3021204314f10e0edf201
d3b40e7e20cf2be32514ef312f3f6d1e
202452a2e63ec11b4e042c6ba700424f
902f2e0e6f43ec60d711b2f86ec06dbd
a15e280ee1ffef3431ffee1f326131f0
31e247a11df82d23d2c02eced422ec1e
ee3563122f5f5133d7202407c810142f
de3203f2e0c01c1f8c43e0f130e131ff
b2d02c3579ff5519d1550fe9880745d8
22103005e1843de0c1b516370ecff2e0
c1ed2643bedd500010d54127eff4e28e
98141120b750dbf0ccbaa27cebced3c2
d2f3bcf243e164f9044c4ee87471b142
8101e3e30eed30f0d0f2e2f23ed11def
40c3d71205438fefdde2e19fd0cb5d21
6e1ee010bee010ff7000c01e0453f110
42763d5122dd232d1d52cc4f090d5e30
110ef0f00c09042d45008dd0af2f1f40
f09119e6c36cff291255d650f43def84
ff542e11cb202ea1de8dcfe8e472462e
01602a1dd0061627acb22fdaf343deb0
ef0f2e2e1d31ffff38ec4e512ce337e3
5c8867bc5e29d11de1ce7f0df9bb0f6c
03c2301144f3e40c218620f1383e14e4
a0d10dc9adce24de172554b284f8c4b4
0ffc3d0743f0c101e1f18e123f3c23ec
1b38cbbf000edda1e10f0243240d0df0
63dfc170f5bda1a104472016f2df1ad3
12f6cc3326f207b22c60eab375f0351e
60fff15e4f89dff210dfef3e34802450
ee5101ecd32e1defa0dfe2b317de990c
4eef0e4e530158d12c0e3d70300c032e
033f25f0f31f0cd5a703452f0220eeed
1e201be30cd2fdb181e5e3011acff54f
bb8d0dbee60755c3c21fb297eef482e3
0f64d011080200000a4fcc1a2e53440c
7d0ac1ff4b30d14cc230f21fa43210c4
31f5ffe8c133a30f240c2111e20dea3d
48df110a3e90d100a17f02eea1de4f53
0f3f22048df2bf3ea2201efb26d09b24
26dce215029cffffe0ed5c830013223f
dc501f0f1de383c01fb4b322811031d3
31ae01d38e323ad2e120c5c97dbec04e
0f22fcb0140e01c96cd2dff5528cbfbf
056ed3e2f10de0246fc302e13072f006
e2f401250a1b20f103ee072700f5bb24
f32d35c2200e000e0ee110d328c0ccf1
1f7a2ef014f1420e31fe526022b4d1ef
1f1d3010d0bd11eeec34ebef1e804fef
0530e0ef2c40fae1208fc902ed2dc004
e5ffef411e17620cd85143fef02d7e27
24f21ff2fb11d6f7ed0e0ffcd330201d
36ff733430bd0ec21d31c2d3f2e2f3e4
5cc2edbd1a7ff3eeb02bf1f5d1f6f203
ae1597371fbec77e1b2311d017c31711
d1fbea2b30737fe2e2f2831417a252df
1fbe4b5e0504de74f690ff21681ef0ff
20f0fc2ed170f00eede00b3cf62108c0
2213d7d63f92040e3100301db84ee513
db440b73b289bbdd31f32bc1b312c401
3011de4ef20dfffc0e2c14e28fbd1783
befb34e510b0dd43cd2dd7718f023123
e2dd0e2001301f2c3dbb72d1ce0fefd0
762bbcec00b0b1e1a00ec118550ba2f1
d1b5332f3a0051e4d0f854eff4e0203d
010040fb3e0e01e72fdf43dff3aafe21
f05fc33314f0ee2fce3ff32bc0a8ea03
31c111318210cf1fc2d8c1300f33f10c
40dbf32ede20f1022ef8ff030e2e210f
032201744b2e33e3d213032000375df1
31112fc01363923fe813dd1bf0be5033
b3cd1d1e4f9d3b2071d087e12d4f654a
6eef04f3fda454cc3b3fd8ecee260f42
41108b22de0cc5ec2eee4c200e2711e0
61b1d3aab1452fefc12a2aba8000705f
21deed1c2fdb1d52a0bc507ded32ee3e
731ac21cd914432d7d70fc000de2e65c
0a14420e4b74e22b3426533df558412c
71334135c7202351200e220d2fbd4047
eecefe00d2c8501d216f02302d4f0ff4
02f103e2fc07152103f42410116ef020
3661e4f31ff5a3f54310b79f7502fa04
2cf7223f3cd0b4d2d1dda22f002da11f
31e402e5f600f4f7c3ee67e3edb2b1fe
ee3e11751ce36dc3c42b01902b346fec
ee9502dc7ff39ee141bd7b22610eae57
404cee4d0d8e104e3310135f4211229d
71093f22e1d1126f00e2d3e5f322220e
e0b2dfd4033ef2911f230bfc030038ed
0f01efd06fe2bf2ce14d1b07e2a236e5
20f18c3f12e002f0230f5250e04fb02e
bd4126b22efe3f37bf22392b5ef15010
d0f6ce73b55f301f5e1205f1c31d3f73
1e41502317e40104303211b15122c3a1
380059bfdf32e1ed522fe1deff1d1ed3
f0f16301d0c00bf07c1ccd0e11e3d3df
2f133ffefd1d510b6f32cf437eb02812
2215f2f442fe0b01dd7c202dfd0a2cfd
5ef1c2decf23ee221f0275bde8d1e3e2
eac20500206e14341e332cd77ecebd5c
530203fd131d5842d1e3ed03ffee0e3e
dcff323e0f37f4f3d43ce3643ebcdd01
ee7813000d2a5a027bef06717c53f23e
200e3e5396b8ee4d704c11f3bce1d1dd
062e03d2442cd57cd32de70d22de313c
91d0daaf3e3b0cbf70b3ab2d3d70fe26
27e495c2adb6de7836274d1bbda00741
1605bfec5314e4340c00b2e00034e701
5a89c7d03e1f6fee452ef0b5b5c20260
193f43cd23fe0d1efa707be1e6421abd
1c2e42a8b1c2720be501546fee0f223f
e13ecfee18cef1dfffee21f00b401311
4030ef897f0ac0344aeb69b4db43f280
14d2e1215722dccfff2c40e0de22e023
0db10e65fcea7e093a6f2f050f1002ed
a8533ea50d624020f1dec4f0b1ad0dc1
571f0ef0ff21240cedd41fe0efff35f1
0fcfcf1003319e0fe480f131f530d3fd
230cd0b0702ee8f603011f02404d24c2
d1508d0d13d00fedfe2f032d0d33f0b7
1ac31f8273b1d4a17b4ff52d2e2f35cf
d31cf401ca6cef03dff67541f08e3dca
ec6e2e6dbfdb771042e017db92b5d7f1
d1101110d93dfe22c0d4745001a011bc
0b40416b93cf271d341356e00487c7b3
15e12f31ff2dd00d48c5d6ffc3d50107
8fdc1e122330dc33ceed1ee406b43310
d0e100e1f27e51d0de4f0ed3fc1be70e
3ebd4010f011505da1f21109efec0271
f12fd2031f0eee4011ed2f22548e12f4
a002c4f4d050bcc3171b2022dee01e55
f4fce171052767bd7b33b23b130e21ec
e4d7b28bff615d7230201a1fc2d2a249
ce21d5841e3e0433ad0e17e6a2ea9e32
33f34d99f8db10e245f1d2f214e0f1da
d505ce5fe0bfd50f13f712367e1b1b22
f327cce7cdfc2150354be0eb03fcdd71
d3b4fed801f1cc65d572b590e2c505bc
95d3c3e2c2214ed269200a30f712e110
feb8b90fbf9f73c5eb7cf5c5d41621e1
ef3012f4b1c904548e1f5a20110d14c0
3f14ef5fef53123e31d0217e00de21be
ee102fea1b25d41f53d613d8e1de2fd7
013ed0db02ad4f1eb4d71344ff20f2fe
1d79abfe7e0f3efd1efdfd40a52541e3
423e31520a108200fb3b2e2dce2d0f53
1c21a32267fd21e2f112ce73ad0fca5f
5ff612f31d5b64abcf2e3d8df34bc050
3da243f20b41bb050f003b023382f12d
c20d0d3c4ed55fcf0a1f18b1123c0406
e1c14c9b39f8560ebe4c59c41d20abc0
2f74bed1bfaf5e8d0d2e22523a7ff324
e12c92e2b0cce6fd10d27e8edf0d02cc
1034fda10c041cc0ff4e04ee29877e1f
e3adca3a11ecfd176317026a7d3259f4
f1ad204ff96e4511ce37740f3e31e041
6faeb71311e42db19132252bfe12acfe
fe6d71d4424f11143edee5126a932015
150fc95f530ec384c107c61dee161fa3
e2d7d2324201326220e272761331e123
104be040d24011540d1eeefb015483e4
1545080520a7364fff010f5d41e4807c
b7e3edf8cf7d3a33dfddf370e1c3711e
75e72517b36e4b11983416501fb0f0fd
e0e2ff0092b0311fd38d403fe3242e2e
7f0117af7d90b75381c00261475ce143
0f101111327f7d3215021410e2201de1
3231d5d128f53fc2d52d7a13efd1fc45
e7522f901b8dd362bf00a51ce53e8642
c7be1d8d423262eee4614321ed4fe211
02cc3403d1d3b23fcc980dcf41e59160
e53240c50f5fe5e75fc2fdc50b0ddbb3
401419b2666feed57e1fa7eee33263f8
e529042e0e86eb2b040fefce3d38200b
edb46252fe11ae031325127c07361218
0bc931f1207ec6760e35f51b6b0fe7e2
f37a723e0b1e154eecddd0cff0ff421e
02de1e0d1de1c1d320123d02d1b1d181
12d314d391acf40bf1bd2c7f716bfd77
17be7d243825db61d01145f5210179dc
66f715d3cef30fccdfdee9f3563efd20
6212ea45133afd355f4bcfff33f0ed7f
6ee3dea84eb14fe011f75c133f5c2c03
5dc120702f140503fff202e014bf0c0b
171f1f374de0f41ef030e40c50ed2014
e96cd0121f1a0992de303d33d36177f7
ecd37210ae73befe3fa7a623edc310ca
b15b162f1ed013fa001f12733f91b1c0
0ff62169ede1d01bae8d41fffb341572
52d9467f34dc01f60526430f9b6e47fb
08c34950eee553d462abb01fede23061
030ed500a5702b03dee3e31565ed4ecf
f12e1f2fcddf113c2433e4de3700dbdc
0d8e0c7d0a470b5f122d0f1d0f580895
0a170f4713210ea40b0911eb0acf0b7d
0b9909010d890c0f0adb0c9b0bd70b32
0aeb0b93092a09950c330b4f0f690a35
09db0bdb0c360f5a07db0f520d4c12fe
0cd00c680ad10b1a0b480d780a9f0baf
0dd30a3a0afa0a1c107b09bf0e660fa0
09ae12ae0cb111cb0ef20fb012130d37
0ee90a8c09cf0d360cfc09bd0dde08d1
0df50bef0e220ced09510f2b0e1f0b19
0b690e5b09330b0f0e3a08990da10d0f
0c4e0f190c2f0cfc07ee0e8f0f230d59
0b840d41105e084b09ea0e2f12ca10cf
0b3f0c47087a0baa10c30a6f0a0d0a54
08d80c9e0d1d0a090b490b2e0eae0e1f
0e520b1e14240dbe0f5f0e680bbd0bc2
09670cf208ea0b410b25105f0e910c28
0d640f9c0b970ac409cc0a210bf80faf
0c9e0a8b09ff0f160ab00c6b0dc60d47
09320d560eff09fe0ad20ba30f7d0cce
0b4608cc0e7a09290e300cce0e6d0c06
09570b920e5c09900abb0c2e0c0c0b8c
0a790b3312040cc10c110e060c090c95
0d6e087f12fe0c5908e911b40fa30e97
0b8510760b7c0ae2109a0d850e001087
0de813680ea30f7f09f50cb8123b0bae
0a430ef00a2b0b5f09470d850c700bb7
0d6f0bb40b4f0d730d9b0e0c0aed0d25
0a0a0db10bcf0d040aa00e9311100b42
0be60ce00fcb0c890b0313f509820e4d
08dd0d87108f0d6109d10f0b08c50cb0
0d170da70c200de40be40aad09dd0e4f
00000000000000000000000000000000
00000000000000000000000000000000
00000000000000000000000000000000
00000000000000000000000000000000
00000000000000000000000000000000
00000000000000000000000000000000
00000000000000000000000000000000
00000000000000000000000000000000
00000000000000000000000000000000
00000000000000000000000000000000
00000000000000000000000000000000
00000000000000000000000000000000
00000000000000000000000000000000
00000000000000000000000000000000
00000000000000000000000000000000
00000000000000000000000000000000
00000000000000000000000000000000
00000000000000000000000000000000
00000000000000000000000000000000
00000000000000000000000000000000
00000000000000000000000000000000
00000000000000000000000000000000
00000000000000000000000000000000
00000000000000000000000000000000
00000000000000000000000000000000
00000000000000000000000000000000
00000000000000000000000000000000
00000000000000000000000000000000
00000000000000000000000000000000
00000000000000000000000000000000
00000000000000000000000000000000
00000000000000000000000000000000
00000000000000000000000000000000
00000000000000000000000000000000
00000000000000000000000000000000
00000000000000000000000000000000
00000000000000000000000000000000
00000000000000000000000000000000
00000000000000000000000000000000
00000000000000000000000000000000
00000000000000000000000000000000
00000000000000000000000000000000
00000000000000000000000000000000
00000000000000000000000000000000
00000000000000000000000000000000
00000000000000000000000000000000
00000000000000000000000000000000
00000000000000000000000000000000
00000000000000000000000000000000
00000000000000000000000000000000
00000000000000000000000000000000
00000000000000000000000000000000
00000000000000000000000000000000
00000000000000000000000000000000
00000000000000000000000000000000
00000000000000000000000000000000
00000000000000000000000000000000
00000000000000000000000000000000
00000000000000000000000000000000
00000000000000000000000000000000
00000000000000000000000000000000
00000000000000000000000000000000
00000000000000000000000000000000
00000000000000000000000000000000
00000000000000000000000000000000
00000000000000000000000000000000
00000000000000000000000000000000
00000000000000000000000000000000
00000000000000000000000000000000
00000000000000000000000000000000
00000000000000000000000000000000
00000000000000000000000000000000
00000000000000000000000000000000
00000000000000000000000000000000
00000000000000000000000000000000
00000000000000000000000000000000
00000000000000000000000000000000
00000000000000000000000000000000
00000000000000000000000000000000
00000000000000000000000000000000
00000000000000000000000000000000
00000000000000000000000000000000
00000000000000000000000000000000
00000000000000000000000000000000
00000000000000000000000000000000
00000000000000000000000000000000
00000000000000000000000000000000
00000000000000000000000000000000
00000000000000000000000000000000
00000000000000000000000000000000
00000000000000000000000000000000
00000000000000000000000000000000
00000000000000000000000000000000
00000000000000000000000000000000
00000000000000000000000000000000
00000000000000000000000000000000
00000000000000000000000000000000
00000000000000000000000000000000
00000000000000000000000000000000
00000000000000000000000000000000
00000000000000000000000000000000
00000000000000000000000000000000
00000000000000000000000000000000
00000000000000000000000000000000
00000000000000000000000000000000
00000000000000000000000000000000
00000000000000000000000000000000
00000000000000000000000000000000
00000000000000000000000000000000
00000000000000000000000000000000
00000000000000000000000000000000
00000000000000000000000000000000
00000000000000000000000000000000
00000000000000000000000000000000
00000000000000000000000000000000
00000000000000000000000000000000
00000000000000000000000000000000
00000000000000000000000000000000
00000000000000000000000000000000
00000000000000000000000000000000
00000000000000000000000000000000
00000000000000000000000000000000
00000000000000000000000000000000
00000000000000000000000000000000
00000000000000000000000000000000
00000000000000000000000000000000
00000000000000000000000000000000
00000000000000000000000000000000
00000000000000000000000000000000
00000000000000000000000000000000
00000000000000000000000000000000
00000000000000000000000000000000
00000000000000000000000000000000
00000000000000000000000000000000
00000000000000000000000000000000
00000000000000000000000000000000
00000000000000000000000000000000
00000000000000000000000000000000
00000000000000000000000000000000
00000000000000000000000000000000
00000000000000000000000000000000
00000000000000000000000000000000
00000000000000000000000000000000
00000000000000000000000000000000
00000000000000000000000000000000
00000000000000000000000000000000
00000000000000000000000000000000
00000000000000000000000000000000
00000000000000000000000000000000
00000000000000000000000000000000
00000000000000000000000000000000
00000000000000000000000000000000
00000000000000000000000000000000
00000000000000000000000000000000
00000000000000000000000000000000
00000000000000000000000000000000
00000000000000000000000000000000
00000000000000000000000000000000
00000000000000000000000000000000
00000000000000000000000000000000
00000000000000000000000000000000
00000000000000000000000000000000
00000000000000000000000000000000
00000000000000000000000000000000
00000000000000000000000000000000
00000000000000000000000000000000
00000000000000000000000000000000
00000000000000000000000000000000
00000000000000000000000000000000
00000000000000000000000000000000
00000000000000000000000000000000
00000000000000000000000000000000
00000000000000000000000000000000
00000000000000000000000000000000
00000000000000000000000000000000
00000000000000000000000000000000
00000000000000000000000000000000
00000000000000000000000000000000
00000000000000000000000000000000
00000000000000000000000000000000
00000000000000000000000000000000
00000000000000000000000000000000
00000000000000000000000000000000
00000000000000000000000000000000
00000000000000000000000000000000
00000000000000000000000000000000
00000000000000000000000000000000
00000000000000000000000000000000
00000000000000000000000000000000
00000000000000000000000000000000
00000000000000000000000000000000
00000000000000000000000000000000
00000000000000000000000000000000
00000000000000000000000000000000
00000000000000000000000000000000
00000000000000000000000000000000
00000000000000000000000000000000
00000000000000000000000000000000
00000000000000000000000000000000
00000000000000000000000000000000
00000000000000000000000000000000
00000000000000000000000000000000
00000000000000000000000000000000
00000000000000000000000000000000
00000000000000000000000000000000
00000000000000000000000000000000
00000000000000000000000000000000
00000000000000000000000000000000
00000000000000000000000000000000
00000000000000000000000000000000
00000000000000000000000000000000
00000000000000000000000000000000
00000000000000000000000000000000
00000000000000000000000000000000
00000000000000000000000000000000
00000000000000000000000000000000
00000000000000000000000000000000
00000000000000000000000000000000
00000000000000000000000000000000
00000000000000000000000000000000
00000000000000000000000000000000
00000000000000000000000000000000
00000000000000000000000000000000
00000000000000000000000000000000
00000000000000000000000000000000
00000000000000000000000000000000
00000000000000000000000000000000
00000000000000000000000000000000
00000000000000000000000000000000
00000000000000000000000000000000
00000000000000000000000000000000
00000000000000000000000000000000
00000000000000000000000000000000
00000000000000000000000000000000
00000000000000000000000000000000
00000000000000000000000000000000
00000000000000000000000000000000
00000000000000000000000000000000
00000000000000000000000000000000
00000000000000000000000000000000
00000000000000000000000000000000
00000000000000000000000000000000
00000000000000000000000000000000
00000000000000000000000000000000
00000000000000000000000000000000
00000000000000000000000000000000
00000000000000000000000000000000
00000000000000000000000000000000
00000000000000000000000000000000
00000000000000000000000000000000
00000000000000000000000000000000
00000000000000000000000000000000
00000000000000000000000000000000
00000000000000000000000000000000
00000000000000000000000000000000
00000000000000000000000000000000
00000000000000000000000000000000
00000000000000000000000000000000
00000000000000000000000000000000
00000000000000000000000000000000
00000000000000000000000000000000
00000000000000000000000000000000
00000000000000000000000000000000
00000000000000000000000000000000
00000000000000000000000000000000
00000000000000000000000000000000
00000000000000000000000000000000
00000000000000000000000000000000
00000000000000000000000000000000
00000000000000000000000000000000
00000000000000000000000000000000
00000000000000000000000000000000
00000000000000000000000000000000
00000000000000000000000000000000
00000000000000000000000000000000
00000000000000000000000000000000
00000000000000000000000000000000
00000000000000000000000000000000
00000000000000000000000000000000
00000000000000000000000000000000
00000000000000000000000000000000
00000000000000000000000000000000
00000000000000000000000000000000
00000000000000000000000000000000
00000000000000000000000000000000
00000000000000000000000000000000
00000000000000000000000000000000
00000000000000000000000000000000
00000000000000000000000000000000
00000000000000000000000000000000
00000000000000000000000000000000
00000000000000000000000000000000
00000000000000000000000000000000
00000000000000000000000000000000
00000000000000000000000000000000
00000000000000000000000000000000
00000000000000000000000000000000
00000000000000000000000000000000
00000000000000000000000000000000
00000000000000000000000000000000
00000000000000000000000000000000
00000000000000000000000000000000
00000000000000000000000000000000
00000000000000000000000000000000
00000000000000000000000000000000
00000000000000000000000000000000
00000000000000000000000000000000
00000000000000000000000000000000
00000000000000000000000000000000
00000000000000000000000000000000
00000000000000000000000000000000
00000000000000000000000000000000
00000000000000000000000000000000
00000000000000000000000000000000
00000000000000000000000000000000
00000000000000000000000000000000
00000000000000000000000000000000
00000000000000000000000000000000
00000000000000000000000000000000
00000000000000000000000000000000
00000000000000000000000000000000
00000000000000000000000000000000
00000000000000000000000000000000
00000000000000000000000000000000
00000000000000000000000000000000
00000000000000000000000000000000
00000000000000000000000000000000
00000000000000000000000000000000
00000000000000000000000000000000
00000000000000000000000000000000
00000000000000000000000000000000
00000000000000000000000000000000
00000000000000000000000000000000
00000000000000000000000000000000
00000000000000000000000000000000
00000000000000000000000000000000
00000000000000000000000000000000
00000000000000000000000000000000
00000000000000000000000000000000
00000000000000000000000000000000
00000000000000000000000000000000
00000000000000000000000000000000
00000000000000000000000000000000
00000000000000000000000000000000
00000000000000000000000000000000
00000000000000000000000000000000
00000000000000000000000000000000
00000000000000000000000000000000
00000000000000000000000000000000
00000000000000000000000000000000
00000000000000000000000000000000
00000000000000000000000000000000
efd0df332fef0f12f402812ec234e16f
d4ef22516bdd38cc0722a3031def3107
dcc09eecd01eff5cf0ecdc140194fe88
07de1404e0c511d77d1aaddf32503140
d4fea044d0b0ca316d1e57fa7240ed00
f0ef9e6c49fd1c4636dc07ff395e3d4e
f5c2fd1cee4f13dd1313ed2dc5531d08
f106305341dec5c104851eddf2f73b47
5a0cf513051df8f1d4eee32f04d44212
0c4e74d2f0f2ad0e03cc044157cbf0cd
f491ffb2ae332ff02845030ace4310bd
8ec2e7ddfb4a14f72e54def3a611a211
35291c135cef50b06f732b07105ce0c2
ec57d7302b42a420c3ed11222d21b11d
ddfd9dfd5cd2f251730f239711da307d
0cfcf13162158eae233ef3ef04bcf44d
2f00190e21f1f0b802fb0e0130eff43e
fe11df819341ebee4eed22faad203f0c
218242040f30400214e4210c10dc2e01
3212047fe10f2620fe9275505404d144
331ef2def7c1184c4dfff3113fcd3fc0
301e310ef41303e6d107d4f2f50403f3
f342fa06111bfc3dce997c372008dfed
fb4041fe01ed3fde7186257aa34ff250
3c504e0b3018e7fb050fd043efd2d0e0
6faddeff45a31294dfe20e8efe5a1151
010b72ad29ed2f15d790a00dee5d40d2
3b15c212375307502412ee331bf71cce
a3f4d81d0cd020da23215206dc20002c
41dfb3b2035c00c61012808cd12ef4de
27dfe0213011010f35f0d12040d2fffd
fb102c2e0c2ce3de40efd1c0e0081e53
03f05ae1cae0c1043e0f2fc0e72e2e60
3131551d1f21f2338d22d2e12f7133c1
d7b52f1f04e2112edf11271331dfe040
b133522e711dab3c4cb743a569e1e5bf
50d61d1c4f1caccfebea103b2dc21347
01f53ffe21d0104c0efbe7006d96ee0e
fc5b4ffc9f1192edb3ee18de33c7fe6b
cc120e323cc2f02f012107224bf3f110
24f2debfff8f36f082413fd4cfde42d0
3f0323e2220e1d0c0073fdc1b4e331f2
d01f2111802dd4fddfd21dcd30300b12
070b2d21fefdc16911bf2fff10fdd1d0
c9f1f546f0eeddbfab3e524d449df71e
9ec3c8ffef3a2506ee2ef4c1e1febe4d
c190f316fd2c60dd12bf42115c7ef1c1
33e1f44d41f1f42103134de0d3df1148
e103ff116d2126ed0dc2d040607c6a4f
e7ae4e33f0cf4debc20810b03c2ec01e
f1d5d4a200d558d9cb1e445e2f94c01e
c5dd7ec40220edd136f1dbebe20d44b0
fa0eddffe0bd04c281fd3ff031d1e317
f0e3f4fc1010e0e10de2230a72a561d5
f1ef10f2b463ee4eff1d21f5cfdc1e80
d40147340e23b4ce32d2fec0ef235544
f0011013b1fec0d126cdd4df703042b2
144028202c1efaad40bf1af743d1ebd3
f1cffb1203242af6e421e20db170cede
31a30724ce0b33fbd0cf30f146221fdf
581f36ede2cef0f1fc3f651ec443c117
14b770aece2b320f70b71eb70a02fa0b
27a0c2b2b74e0db0268d7f7e0dc71dcb
3dadf0852cfeee23e3cf012eded113ce
404063fe19d0df23e930181026705fc1
1f1ff0312f13c121e7e2dee0a0dfe05f
3d101fdc210f1f1f0b1202230fe7e5b1
fffed3645e461111a123d5edf2700cc0
b34ef705ded47cf0f52d9e23b3222a33
00d030311b15f42741e01f1f26110f0f
10220d47c00b0033d1e3840116c060c2
b0e50007bd04edf31bcd07411adb04a6
24ab0e4bd5c3cf5e467823f15e2ebc32
3d0d032e2c1de1df1d70ef80fec175fc
f8201f1ee0dfe0f34b1003e4eff03211
fd310fe27f8fb7b531b212422001b112
418778bceecdede12f4ee4de10c53a02
02bcff303c15f03081014f1e16d0120f
dc5004d7212142cdd4f48451544e133f
1f2c0112fdf0d201435d237c0130221e
2dca0220fdff814d21c1414f100132e0
b2e38d082fa2614c110413a102747b27
302d7be29eda20fe232504400791d1f3
021e11bf5f173940077170e45111cf12
07e3c012d01be2edc6d334c1d0dc1ef6
ca210248d0200bc9bed8c2320cb21c20
ed94f0fce11a7f0200a0d1f1ede03212
3e54cb1164ee3a0ced61dd03bf10ff68
288d40c52000e31ff0cbfbf0c127522d
feec2e3037342cb281022ef1eebd0eb2
a0f1404ec70c436dd155327d6f2d4d79
4c43de0cdff4bc0dd1238f12f0e0e222
c05ebe4c1c4edf43cdc32e100b47b985
6cb017f43e2ec42b5e6011db11b4eb2d
61a304cff49512382c3e2171f1020f02
7dd2f0304642b4c623f2323ceab54ed2
decff5511eeff71c7f0fb018bf065d1e
542ff4c2c31feb0f1efbe091ffc73034
22df019fef5f1205b01e139b44573fc2
2843c1eaae001e2e41c14e0e013fe2f2
1a3b1382001ce63c1f4f20196fd261e8
230f30367ee2fa00bded8edf9b101ec1
c5d6fb440a41705f003b450f8173b11f
213de2f42eb3eef21f4d1171f518b2de
020c46e22e2bedda35ebff47d14e6eee
1d18fd02510ade21b5223ef00441d1c5
0f1e4111fffeee46120047de4161f00c
fc40e44d7804e39102907430e14e084a
23f3d37b3efda42105d2cde24651b6d3
d010f70f1302fd51def42a93d4bd9e17
12dd01d1ef417b14b0e11318228f01dc
097e6ad1fcf77e601e30f9e82ebd1fec
e30ee3e2ffe300a3fe2f23f3ec183fcf
3e32f18cc3130f7cceece2241017fac0
f6bb4dfe75b22ef0f71d3fb86bb8c06e
b5d03de31d7097eb52b21d1d12bb91e0
5eb32a50031c5bd5c102b503380eb2f7
0473015a220070fb0cf4ccf0e40f23b2
4720e100eae38f0f193ebff023ebd3d0
11e1d12f1070470f42daad3f35f0bd12
f1f33e2fd5e4f74c47b3130a52220411
0b1acd34d42de1c1c443c1924a5fe238
74f51d1285a2d1051efd92e0aed221ac
53be5ab0288a0d3d3fd52627f2019043
f62c02940050e4028500ff61032b3b60
7f2270f12113113fd100ede1fa43bf0a
2f3350e421d71ee4b035f7f54f34af4f
e001611d07e13e51a472116cf17fb1ab
d07ffff201ef00227df102e003e26cfe
611cf2e01370bd0cc2ee0d8f0543fc1d
2f0fba43fe315c033dd583f05f264027
226efe22b1412d1edff0f723f22de24d
f321c212184ce3d702ef50ff12e4eefb
c10cf02e40000ff3f1f2741f501b3d03
5f4f5538d1dcd32524123edf04fc5141
0ffff1ceff7ee132f1ee12f1f1f27efe
2fd6d17f251f6922012630f21046e03c
e24f2bddd210024fcd14def7112e2ef2
4b3ad6df1d83dbb1edfdcef302d4f54e
d2f3d23723de2c021d2b156527df1c28
f778219573512dcfa6b1ffa204aa0faa
2103f1e4011ce4f01f721f2880733503
fed12376c2033e572d52ef0c96129053
13ef0312d0c51f1144e4032bd0b18021
46e05fe0d3e0c03bfba00e2d7fff520e
ff224efe0bc6dc3fcf2b4447e3bcbc3d
0f0716fe1b1d02132cff010def2ee10e
83210371302b720ffbc2ce4c00d9ecff
ea1a2271ef43222151e32d4b01df1650
ce2fef58f11df032c01c32291c3d8fdb
ede4e4f01f0f1030191d8de93ef1aab0
da3e1b122f0154fc9d105f810d71eed9
2742fee2405fd700f291166aeda11291
22d3edf04231faea0d3f2a702fa9335c
c52f3ebf2c40e223533ebd8eecea1734
27e05fb4221717a90b092673c4fbcf19
0e2da2e15d25b2b60a058bfb1a143040
aff3140e3ed3ec1b2e7fbafc1249322d
0f27226132f2e0f65ed15c0dcfc760e1
daeae22972cf41ffc02fdf1213a730ed
1feb2f3022f738fca51f52b13014c2f2
c1410203ff854cf0e30fe5fff923e16b
93fe98f1ff5d0cc12f5baef14312b233
a13e11d5212e00f903f2e2ad0b80220f
8d402201614def55ae6ae5e91a2bedde
fc80cdc011feffdff0b511f4f4ff1941
e3132eedec4e401e380ed2fc3354fd06
f39041b3d00013e32f4a1204704cc10d
e00b3e1f06dfcf47ed0fe0131ee31d9e
136252117b4fd20c031e3d3f5b76d0ef
1ad2ff42a80c3d321dee52ee101fe423
f3c318d5d555e3e213d10e001c23a1ef
8ca3e71a33001e4c020131f10f2212d1
fd6b7ec6003833e4a4a21745106e01de
52c0e3f1613fc047f1db57231e5573c3
21fedf60f22d150315f4e90eff327414
2f0de0eeffe20eef0f000e0d018f3043
f722fb132ee6f3210e0f77114c3da22c
e43dc79f40f0dd07f121cd2f1f5415fb
37bbdfc41fb8340e12def1590e2ca411
1c01f0242a911d212351d03cfad082cd
060982d27e30edfec50422130b2d0a4a
9c10a2df5f2e2324d4e3dbf4d2ff8213
56dd1f1ee1315102d74ff4c0de0f0e00
a543240fc0d234f55b4f86cbd2255f51
0eef0d1105f272e20f01332f4f6f81db
cf722531234d074440437de2e9f3bcfd
eb534db03ed276d0a7b20eeae6d9e060
2e1005008ed1f30e00ff4100d00133d2
0a1e020e0dcd1d352ced275fd04dc2d4
f002df1c401190081efc2fdd00bc40df
5f0018361dfe11fb2199813ffe0c20d4
d421f3fab015c33fdd70f02ee023fe41
8eb1e0ef25ec52e19223b2b6dc0ff69f
f00675004c0dfce41eff11bc22e31326
d0e23129d0dee4fd508d0e136d1e0d0e
013c2ed2ce115b48b2bfc60f57e50cc1
eb012dd6179d2201e074f1e68dcb0ab7
f11b5423ff542dfd3e0b79241d42e1be
2ab2d3372d0702dd414df82b0ebff09b
5acc219cd8f5207c7f80031b7df0a219
26f1e90be6af7d422326e0af24e59ecc
de9fec0493095eb514d47012211597bf
3a73f27e00555aaa232143cfa31a46e7
1d2aca0f83c2f1f490e2052e7ff09fd1
fef18452e0c2e01df320de32dffbefdf
2f35bd6f63724cb32f0ed4233da51a08
2e5520ce0251addb25552e107ddfaf50
cfd32dbc1e1453ec512e08facefb5c22
efe120e06ede0f2e55d1bffeffba810c
e1f00123cd14ab13ebf10d2009c8fd0f
100411eed1f1dd221cbb10f0fe74115a
fe21ffd01e7231e3b1decfcee0462ef0
d61bf0c0e72bcfafdfb6f0652ba7071e
f44463edd2349a2ce11f12d1c02d57cf
fd43efc1120f3de21ff0ed23fffda383
20e17f12215ef0e2e32111f001e204ff
e7e15c4fcfddfce810b01de13286eede
aefe30a400ee0d30f28424406f21206e
0e47dfcd0e91ff0107fdd23150650e0e
d9205064f212224e0deded43cd3e831d
701b211f2050bef33bbe6d65b4c01f00
4d0f54e3e16b5cff2e70729e37c2203b
02cfd0916123f1f6df4ed3f721ef090e
dffdfbf70910f7f1ae686662575cbef9
80efc0d3118fdb3d33f49dd0fbdfff3a
cd008003f3df30def140ad2011edfd3e
b23ecb3511a4ef318102033a34c20f71
10ddd742dfce0d41fa1cc7ed1b4a17fb
ed62f713c01dfcd4ef1f2e1ae3f847bc
2fae70fc5d012dffc0900f1dc23343df
221e30f0c04335cd00dff7fe43af0220
15e04b16e1ef3f0449c3ae38d12c4104
e077ef2e5ffecd5f329f2f0d30cd3030
8dde3570c31fc61c5167741763efdd4f
4602d3f1a10811fe600fb32473d2562a
1b8f03672102047f41e1dfecce214074
012ce1527310d341003f762567eff434
1a31e012117021b8120510f11ffd1085
ab3c3c4f3b820e6115fc57eed0ffff5d
e1ca4e650d3c1f6f20ed68365767572c
e2ea022ba1facee5d1e3c14cddbce8f3
43b1fdd10dd3bf21e0f32407fee512d1
c13fc63d260610ff1f21211f12f00b72
733c471e2d41ecf231247dc812610dfc
2245e340fb7ed0010ce4790770216ca0
e611e44af081235d4d98ecc99110e1d0
c23c3beb3d1c80c30c60012e3fff412d
90170440ef1259cd40e00c4b1e0e22b7
2001e032040083c4f5022a220e43e0d3
42edd04ca6efcd4d03712e3334ee25af
1f0fe7d0050de010a03001000f613001
62bd09c1f1d07df21f0f0e002fc9dee2
4ee08e1e20db0400fe431ac0ddfa5251
21844d1400f1dfe8ffc40e14512df072
f55d452253d0ff00de71b13034124e1f
0191016102d502070251025c01eb020b
0218027002000200022b020f028901f1
01970247025e01bb01e601e202080214
01a502d7021d01d901e4024e023c023f
0189024f019501bc01ab022301d401e7
01f60221026a01f001b701ea02f80191
022701140228018901f10141019801d1
01f701920314024101c6012201de014b
0207016a01a601f4019b01aa02c802e1
023001ac026e01bf022c02b002120290
0172019401ec02b5026401dc01e3022d
0247017701e101ac01cf01b902410192
01d601ad025b01fd02e4015001c801c9
021a018701e901fc01bc017001e201ab
01cc021001f60227022e01b401cb01aa
01fa021001f701fe01f2021d017d022f
01f4024202670209019901b9018801c1
01b5027502520181026e021901e60214
01d101fb020c02400199019a018b023d
028c0247017a024b01de01e501cb01dd
024201ec022d01f8021e020601f201e7
01d20256019201fa01af0234024002d5
01ed017a020a01ee0178021802690184
019d022401a2027501df0210022e0246
021301c00210024b0172028e030b0201
01fc01c201510226027401fd012401c1
01a801e8020302aa01b6020a01550289
01f6026e016501b1014601f801a00236
022501a70225019501f50167028201cd
02b8018c021301e10208017a01d801eb
022f0245026a01ca023602d401f901bf
0242024001e001ef01fd01bc01fc01da
00000000000000000000000000000000
00000000000000000000000000000000
00000000000000000000000000000000
00000000000000000000000000000000
00000000000000000000000000000000
00000000000000000000000000000000
00000000000000000000000000000000
00000000000000000000000000000000
00000000000000000000000000000000
00000000000000000000000000000000
00000000000000000000000000000000
00000000000000000000000000000000
00000000000000000000000000000000
00000000000000000000000000000000
00000000000000000000000000000000
00000000000000000000000000000000
00000000000000000000000000000000
00000000000000000000000000000000
00000000000000000000000000000000
00000000000000000000000000000000
00000000000000000000000000000000
00000000000000000000000000000000
00000000000000000000000000000000
00000000000000000000000000000000
00000000000000000000000000000000
00000000000000000000000000000000
00000000000000000000000000000000
00000000000000000000000000000000
00000000000000000000000000000000
00000000000000000000000000000000
00000000000000000000000000000000
00000000000000000000000000000000
00000000000000000000000000000000
00000000000000000000000000000000
00000000000000000000000000000000
00000000000000000000000000000000
00000000000000000000000000000000
00000000000000000000000000000000
00000000000000000000000000000000
00000000000000000000000000000000
00000000000000000000000000000000
00000000000000000000000000000000
00000000000000000000000000000000
00000000000000000000000000000000
00000000000000000000000000000000
00000000000000000000000000000000
00000000000000000000000000000000
00000000000000000000000000000000
00000000000000000000000000000000
00000000000000000000000000000000
00000000000000000000000000000000
00000000000000000000000000000000
00000000000000000000000000000000
00000000000000000000000000000000
00000000000000000000000000000000
00000000000000000000000000000000
00000000000000000000000000000000
00000000000000000000000000000000
00000000000000000000000000000000
00000000000000000000000000000000
00000000000000000000000000000000
00000000000000000000000000000000
00000000000000000000000000000000
00000000000000000000000000000000
00000000000000000000000000000000
00000000000000000000000000000000
00000000000000000000000000000000
00000000000000000000000000000000
00000000000000000000000000000000
00000000000000000000000000000000
00000000000000000000000000000000
00000000000000000000000000000000
00000000000000000000000000000000
00000000000000000000000000000000
00000000000000000000000000000000
00000000000000000000000000000000
00000000000000000000000000000000
00000000000000000000000000000000
00000000000000000000000000000000
00000000000000000000000000000000
00000000000000000000000000000000
00000000000000000000000000000000
00000000000000000000000000000000
00000000000000000000000000000000
00000000000000000000000000000000
00000000000000000000000000000000
00000000000000000000000000000000
00000000000000000000000000000000
00000000000000000000000000000000
00000000000000000000000000000000
00000000000000000000000000000000
00000000000000000000000000000000
00000000000000000000000000000000
00000000000000000000000000000000
00000000000000000000000000000000
00000000000000000000000000000000
00000000000000000000000000000000
00000000000000000000000000000000
00000000000000000000000000000000
00000000000000000000000000000000
00000000000000000000000000000000
00000000000000000000000000000000
00000000000000000000000000000000
00000000000000000000000000000000
00000000000000000000000000000000
00000000000000000000000000000000
00000000000000000000000000000000
00000000000000000000000000000000
00000000000000000000000000000000
00000000000000000000000000000000
00000000000000000000000000000000
00000000000000000000000000000000
00000000000000000000000000000000
00000000000000000000000000000000
00000000000000000000000000000000
00000000000000000000000000000000
00000000000000000000000000000000
00000000000000000000000000000000
00000000000000000000000000000000
00000000000000000000000000000000
00000000000000000000000000000000
00000000000000000000000000000000
00000000000000000000000000000000
00000000000000000000000000000000
00000000000000000000000000000000
00000000000000000000000000000000
00000000000000000000000000000000
00000000000000000000000000000000
00000000000000000000000000000000
00000000000000000000000000000000
00000000000000000000000000000000
00000000000000000000000000000000
00000000000000000000000000000000
00000000000000000000000000000000
00000000000000000000000000000000
00000000000000000000000000000000
00000000000000000000000000000000
00000000000000000000000000000000
00000000000000000000000000000000
00000000000000000000000000000000
00000000000000000000000000000000
00000000000000000000000000000000
00000000000000000000000000000000
00000000000000000000000000000000
00000000000000000000000000000000
00000000000000000000000000000000
00000000000000000000000000000000
00000000000000000000000000000000
00000000000000000000000000000000
00000000000000000000000000000000
00000000000000000000000000000000
00000000000000000000000000000000
00000000000000000000000000000000
00000000000000000000000000000000
00000000000000000000000000000000
00000000000000000000000000000000
00000000000000000000000000000000
00000000000000000000000000000000
00000000000000000000000000000000
00000000000000000000000000000000
00000000000000000000000000000000
00000000000000000000000000000000
00000000000000000000000000000000
00000000000000000000000000000000
00000000000000000000000000000000
00000000000000000000000000000000
00000000000000000000000000000000
00000000000000000000000000000000
00000000000000000000000000000000
00000000000000000000000000000000
00000000000000000000000000000000
00000000000000000000000000000000
00000000000000000000000000000000
00000000000000000000000000000000
00000000000000000000000000000000
00000000000000000000000000000000
00000000000000000000000000000000
00000000000000000000000000000000
00000000000000000000000000000000
00000000000000000000000000000000
00000000000000000000000000000000
00000000000000000000000000000000
00000000000000000000000000000000
00000000000000000000000000000000
00000000000000000000000000000000
00000000000000000000000000000000
00000000000000000000000000000000
00000000000000000000000000000000
00000000000000000000000000000000
00000000000000000000000000000000
00000000000000000000000000000000
00000000000000000000000000000000
00000000000000000000000000000000
00000000000000000000000000000000
00000000000000000000000000000000
00000000000000000000000000000000
00000000000000000000000000000000
00000000000000000000000000000000
00000000000000000000000000000000
00000000000000000000000000000000
00000000000000000000000000000000
00000000000000000000000000000000
00000000000000000000000000000000
00000000000000000000000000000000
00000000000000000000000000000000
00000000000000000000000000000000
00000000000000000000000000000000
00000000000000000000000000000000
00000000000000000000000000000000
00000000000000000000000000000000
00000000000000000000000000000000
00000000000000000000000000000000
00000000000000000000000000000000
00000000000000000000000000000000
00000000000000000000000000000000
00000000000000000000000000000000
00000000000000000000000000000000
00000000000000000000000000000000
00000000000000000000000000000000
00000000000000000000000000000000
00000000000000000000000000000000
00000000000000000000000000000000
00000000000000000000000000000000
00000000000000000000000000000000
00000000000000000000000000000000
00000000000000000000000000000000
00000000000000000000000000000000
00000000000000000000000000000000
00000000000000000000000000000000
00000000000000000000000000000000
00000000000000000000000000000000
00000000000000000000000000000000
00000000000000000000000000000000
00000000000000000000000000000000
00000000000000000000000000000000
00000000000000000000000000000000
00000000000000000000000000000000
00000000000000000000000000000000
00000000000000000000000000000000
00000000000000000000000000000000
00000000000000000000000000000000
00000000000000000000000000000000
00000000000000000000000000000000
00000000000000000000000000000000
00000000000000000000000000000000
00000000000000000000000000000000
00000000000000000000000000000000
00000000000000000000000000000000
00000000000000000000000000000000
00000000000000000000000000000000
00000000000000000000000000000000
00000000000000000000000000000000
00000000000000000000000000000000
00000000000000000000000000000000
00000000000000000000000000000000
00000000000000000000000000000000
00000000000000000000000000000000
00000000000000000000000000000000
00000000000000000000000000000000
00000000000000000000000000000000
00000000000000000000000000000000
00000000000000000000000000000000
00000000000000000000000000000000
00000000000000000000000000000000
00000000000000000000000000000000
00000000000000000000000000000000
00000000000000000000000000000000
00000000000000000000000000000000
00000000000000000000000000000000
00000000000000000000000000000000
00000000000000000000000000000000
00000000000000000000000000000000
00000000000000000000000000000000
00000000000000000000000000000000
00000000000000000000000000000000
00000000000000000000000000000000
00000000000000000000000000000000
00000000000000000000000000000000
00000000000000000000000000000000
00000000000000000000000000000000
00000000000000000000000000000000
00000000000000000000000000000000
00000000000000000000000000000000
00000000000000000000000000000000
00000000000000000000000000000000
00000000000000000000000000000000
00000000000000000000000000000000
00000000000000000000000000000000
00000000000000000000000000000000
00000000000000000000000000000000
00000000000000000000000000000000
00000000000000000000000000000000
00000000000000000000000000000000
00000000000000000000000000000000
00000000000000000000000000000000
00000000000000000000000000000000
00000000000000000000000000000000
00000000000000000000000000000000
00000000000000000000000000000000
00000000000000000000000000000000
00000000000000000000000000000000
00000000000000000000000000000000
00000000000000000000000000000000
00000000000000000000000000000000
00000000000000000000000000000000
00000000000000000000000000000000
00000000000000000000000000000000
00000000000000000000000000000000
00000000000000000000000000000000
00000000000000000000000000000000
00000000000000000000000000000000
00000000000000000000000000000000
00000000000000000000000000000000
00000000000000000000000000000000
00000000000000000000000000000000
00000000000000000000000000000000
00000000000000000000000000000000
00000000000000000000000000000000
00000000000000000000000000000000
00000000000000000000000000000000
00000000000000000000000000000000
00000000000000000000000000000000
00000000000000000000000000000000
00000000000000000000000000000000
00000000000000000000000000000000
00000000000000000000000000000000
00000000000000000000000000000000
00000000000000000000000000000000
00000000000000000000000000000000
00000000000000000000000000000000
00000000000000000000000000000000
00000000000000000000000000000000
00000000000000000000000000000000
00000000000000000000000000000000
00000000000000000000000000000000
00000000000000000000000000000000
00000000000000000000000000000000
00000000000000000000000000000000
00000000000000000000000000000000
00000000000000000000000000000000
00000000000000000000000000000000
00000000000000000000000000000000
00000000000000000000000000000000
00000000000000000000000000000000
00000000000000000000000000000000
00000000000000000000000000000000
00000000000000000000000000000000
00000000000000000000000000000000
00000000000000000000000000000000
00000000000000000000000000000000
00000000000000000000000000000000
00000000000000000000000000000000
00000000000000000000000000000000
00000000000000000000000000000000
00000000000000000000000000000000
00000000000000000000000000000000
00000000000000000000000000000000
00000000000000000000000000000000
00000000000000000000000000000000
00000000000000000000000000000000
00000000000000000000000000000000
00000000000000000000000000000000
00000000000000000000000000000000
00000000000000000000000000000000
00000000000000000000000000000000
00000000000000000000000000000000
00000000000000000000000000000000
00000000000000000000000000000000
00000000000000000000000000000000
00000000000000000000000000000000
00000000000000000000000000000000
00000000000000000000000000000000
00000000000000000000000000000000
00000000000000000000000000000000
00000000000000000000000000000000
00000000000000000000000000000000
00000000000000000000000000000000
00000000000000000000000000000000
00000000000000000000000000000000
00000000000000000000000000000000
00000000000000000000000000000000
00000000000000000000000000000000
00000000000000000000000000000000
00000000000000000000000000000000
00000000000000000000000000000000
00000000000000000000000000000000
00000000000000000000000000000000
00000000000000000000000000000000
00000000000000000000000000000000
00000000000000000000000000000000
00000000000000000000000000000000
00000000000000000000000000000000
00000000000000000000000000000000
00000000000000000000000000000000
00000000000000000000000000000000
00000000000000000000000000000000
00000000000000000000000000000000
00000000000000000000000000000000
00000000000000000000000000000000
00000000000000000000000000000000
00000000000000000000000000000000
00000000000000000000000000000000
00000000000000000000000000000000
00000000000000000000000000000000
00000000000000000000000000000000
00000000000000000000000000000000
00000000000000000000000000000000
00000000000000000000000000000000
00000000000000000000000000000000
00000000000000000000000000000000
00000000000000000000000000000000
00000000000000000000000000000000
00000000000000000000000000000000
00000000000000000000000000000000
00000000000000000000000000000000
00000000000000000000000000000000
00000000000000000000000000000000
00000000000000000000000000000000
00000000000000000000000000000000
00000000000000000000000000000000
00000000000000000000000000000000
00000000000000000000000000000000
00000000000000000000000000000000
00000000000000000000000000000000
00000000000000000000000000000000
00000000000000000000000000000000
00000000000000000000000000000000
00000000000000000000000000000000
00000000000000000000000000000000
00000000000000000000000000000000
00000000000000000000000000000000
00000000000000000000000000000000
00000000000000000000000000000000
00000000000000000000000000000000
00000000000000000000000000000000
00000000000000000000000000000000
00000000000000000000000000000000
00000000000000000000000000000000
00000000000000000000000000000000
00000000000000000000000000000000
00000000000000000000000000000000
00000000000000000000000000000000
00000000000000000000000000000000
00000000000000000000000000000000
00000000000000000000000000000000
00000000000000000000000000000000
00000000000000000000000000000000
00000000000000000000000000000000
00000000000000000000000000000000
00000000000000000000000000000000
00000000000000000000000000000000
00000000000000000000000000000000
00000000000000000000000000000000
00000000000000000000000000000000
00000000000000000000000000000000
00000000000000000000000000000000
00000000000000000000000000000000
00000000000000000000000000000000
00000000000000000000000000000000
00000000000000000000000000000000
00000000000000000000000000000000
00000000000000000000000000000000
00000000000000000000000000000000
00000000000000000000000000000000
00000000000000000000000000000000
00000000000000000000000000000000
00000000000000000000000000000000
00000000000000000000000000000000
00000000000000000000000000000000
00000000000000000000000000000000
00000000000000000000000000000000
00000000000000000000000000000000
00000000000000000000000000000000
00000000000000000000000000000000
00000000000000000000000000000000
00000000000000000000000000000000
00000000000000000000000000000000
00000000000000000000000000000000
00000000000000000000000000000000
00000000000000000000000000000000
00000000000000000000000000000000
00000000000000000000000000000000
00000000000000000000000000000000
00000000000000000000000000000000
00000000000000000000000000000000
00000000000000000000000000000000
00000000000000000000000000000000
00000000000000000000000000000000
00000000000000000000000000000000
00000000000000000000000000000000
00000000000000000000000000000000
00000000000000000000000000000000
00000000000000000000000000000000
00000000000000000000000000000000
00000000000000000000000000000000
00000000000000000000000000000000
00000000000000000000000000000000
00000000000000000000000000000000
00000000000000000000000000000000
00000000000000000000000000000000
00000000000000000000000000000000
00000000000000000000000000000000
00000000000000000000000000000000
00000000000000000000000000000000
00000000000000000000000000000000
00000000000000000000000000000000
00000000000000000000000000000000
00000000000000000000000000000000
00000000000000000000000000000000
00000000000000000000000000000000
00000000000000000000000000000000
00000000000000000000000000000000
00000000000000000000000000000000
00000000000000000000000000000000
00000000000000000000000000000000
00000000000000000000000000000000
00000000000000000000000000000000
00000000000000000000000000000000
00000000000000000000000000000000
00000000000000000000000000000000
00000000000000000000000000000000
00000000000000000000000000000000
00000000000000000000000000000000
00000000000000000000000000000000
00000000000000000000000000000000
00000000000000000000000000000000
00000000000000000000000000000000
00000000000000000000000000000000
00000000000000000000000000000000
00000000000000000000000000000000
00000000000000000000000000000000
00000000000000000000000000000000
00000000000000000000000000000000
00000000000000000000000000000000
00000000000000000000000000000000
00000000000000000000000000000000
00000000000000000000000000000000
00000000000000000000000000000000
00000000000000000000000000000000
00000000000000000000000000000000
00000000000000000000000000000000
00000000000000000000000000000000
00000000000000000000000000000000
00000000000000000000000000000000
00000000000000000000000000000000
00000000000000000000000000000000
00000000000000000000000000000000
00000000000000000000000000000000
00000000000000000000000000000000
00000000000000000000000000000000
00000000000000000000000000000000
00000000000000000000000000000000
00000000000000000000000000000000
00000000000000000000000000000000
00000000000000000000000000000000
00000000000000000000000000000000
00000000000000000000000000000000
00000000000000000000000000000000
00000000000000000000000000000000
00000000000000000000000000000000
00000000000000000000000000000000
00000000000000000000000000000000
00000000000000000000000000000000
00000000000000000000000000000000
00000000000000000000000000000000
00000000000000000000000000000000
00000000000000000000000000000000
00000000000000000000000000000000
00000000000000000000000000000000
00000000000000000000000000000000
00000000000000000000000000000000
00000000000000000000000000000000
00000000000000000000000000000000
00000000000000000000000000000000
00000000000000000000000000000000
00000000000000000000000000000000
00000000000000000000000000000000
00000000000000000000000000000000
00000000000000000000000000000000
00000000000000000000000000000000
00000000000000000000000000000000
00000000000000000000000000000000
00000000000000000000000000000000
00000000000000000000000000000000
00000000000000000000000000000000
00000000000000000000000000000000
00000000000000000000000000000000
00000000000000000000000000000000
00000000000000000000000000000000
00000000000000000000000000000000
00000000000000000000000000000000
00000000000000000000000000000000
00000000000000000000000000000000
00000000000000000000000000000000
00000000000000000000000000000000
00000000000000000000000000000000
00000000000000000000000000000000
00000000000000000000000000000000
00000000000000000000000000000000
00000000000000000000000000000000
00000000000000000000000000000000
00000000000000000000000000000000
00000000000000000000000000000000
00000000000000000000000000000000
00000000000000000000000000000000
00000000000000000000000000000000
00000000000000000000000000000000
00000000000000000000000000000000
00000000000000000000000000000000
00000000000000000000000000000000
00000000000000000000000000000000
00000000000000000000000000000000
00000000000000000000000000000000
00000000000000000000000000000000
00000000000000000000000000000000
00000000000000000000000000000000
00000000000000000000000000000000
00000000000000000000000000000000
00000000000000000000000000000000
00000000000000000000000000000000
00000000000000000000000000000000
00000000000000000000000000000000
00000000000000000000000000000000
00000000000000000000000000000000
00000000000000000000000000000000
00000000000000000000000000000000
00000000000000000000000000000000
00000000000000000000000000000000
00000000000000000000000000000000
00000000000000000000000000000000
00000000000000000000000000000000
00000000000000000000000000000000
00000000000000000000000000000000
00000000000000000000000000000000
00000000000000000000000000000000
00000000000000000000000000000000
00000000000000000000000000000000
00000000000000000000000000000000
00000000000000000000000000000000
00000000000000000000000000000000
00000000000000000000000000000000
00000000000000000000000000000000
00000000000000000000000000000000
00000000000000000000000000000000
00000000000000000000000000000000
00000000000000000000000000000000
00000000000000000000000000000000
00000000000000000000000000000000
00000000000000000000000000000000
00000000000000000000000000000000
00000000000000000000000000000000
00000000000000000000000000000000
00000000000000000000000000000000
00000000000000000000000000000000
00000000000000000000000000000000
00000000000000000000000000000000
00000000000000000000000000000000
00000000000000000000000000000000
00000000000000000000000000000000
00000000000000000000000000000000
00000000000000000000000000000000
00000000000000000000000000000000
00000000000000000000000000000000
00000000000000000000000000000000
00000000000000000000000000000000
00000000000000000000000000000000
00000000000000000000000000000000
00000000000000000000000000000000
00000000000000000000000000000000
00000000000000000000000000000000
00000000000000000000000000000000
00000000000000000000000000000000
3cd20321e2e2a12fb0eff2271fee63ce
1f1b28cc3f9fdbe4f732f2e5d205ee74
634319c2111f0edf3b1b2ea3d5f0e8cd
10acb1300dd0d14e4b40031b17fd3883
6b9f8cef3c42f1530c3ad5e6f054bec1
c50e13d9dfcdf044f032403ee5f00d27
e1013def63dabdde1416da365c17c511
7af73dae901fa12110d24427fd2ea6cd
31307709dfbf75e43054302cac08cf1f
c43c104f1d51d512102331c74ffddd7a
ec6f2c45c5803466eda911d313bbbc0c
10f84bcf4f40510fa2f112c05cd3ddf1
cf908cdfbe476406d0b1b4d643b6c3a2
3cc18eda02c121b0b22ee16327e0703f
01c7511c7fc3181c210370ff1f8509ef
d1df0d2dc4034cddd1d331ee20cb28f4
5130d031d44d20114e14f8ccc05fe4e2
c3d12fe15dba127d03daffe144d3e4ef
ffbccaf200def531161cf5422e0730cf
f144ac27360705e0d4501f33cc00ee24
eda8cc52df20e2fbbe1d0d3612432e0f
e53011764ffb150c10fcd8020dfe31cc
0fbecdbccf2440734f0191060114f1d1
611f39f0d021f122bf3e553083cf4ec2
f2733c531be2b3ddcdf0ed22fe32511e
31f00d15e1fff580e10a08f40e232f2d
0f1e022c121f4152d33bff9bd2275e4f
1f67e1004a9f68faf22257d625fe5e3f
b201b60c6e1debca32cf6c08fe5cf633
4131f0134d34603e32014290e8cae501
e0d2191f13bd86ae0e20e3fd22b32fc4
07cff2ef3f21dcfe7f00001ff41ae1cf
2f70ff0d321bfd12f100d452030b2e0f
022cd2f07c48180e06aaf13e122561d3
f0ef4fd234c7def311e0029fc31fb067
db0e3137cdf0de52e1dceff131dfb410
0d7b050eebb25232b83b0236f05108ea
4fb1d44fc35810e0e1614bfbeb0fd05a
eecfd3e0212f431f7fe3d263fef3ffed
2141ce0cbb9e04fbe8e452c203e0fdbd
fc210cf0dc3700433b1d42776504477b
e19711dc20b2fd203207452bbffe6f0c
f0f23f7e981ffba1affce4fce14e81b0
b22004386210136536012fd2eb4101df
0f2de0214b4f34cdff02f4ee4181ff99
a350bbecf4ebaefbc36093d53ada427d
e110f28ca13cedd142d05ffd036e324f
f1e12cf2f11b3256f0ff0d7d1f43f220
1270f26e4500ce024331ba7c0f474de1
0d1feee323214271e0d1542f1c27f34d
7e941c035721b3133035e0d231012ee3
5ded574f9114f02faedfd1032221dd10
0e027f1281d6e63fc153dee4ffd29fe4
1ef200014f72e533411c53f336b20c92
1e230f040121702df100d21102e113fe
332a1639173215ffe1309ffdebf12c02
f623d0a71a1cf400cbcfb22c7c1a6e2c
7f11be1422033a9cf24041bde85310fa
2e36f04f741a98e7219ee2cf12e17ce1
35ebf16e1e010007e505e0d2e53fd2f2
5eab02ede41066a42f71300df05d707f
210daf0fdce1ffba12d113fe371e00ef
3edc3a3feee0c73de03ac09d3ad0d3b3
cef2b1460233e0b03ef12211229d3282
fbb212ef0204b121f1c0f1170f3012ec
f3d168bb39bcfbe2c7533507aff31317
cc114222f0f8de0e10e250eef11fde4d
f8be3e8e91c3cdeee121f5e1fe0d21f1
d67553d344c802bfee0eecac21ea5ec3
0cf3cf66fff4d2f8cfc2f0dd3d2ddce2
fe22eef32f23cf1f0ddbd211ed57ffee
13160ec2e16ba3236fb0071e0bb843c0
87f5032bc30201240ee86c3eef2a7751
c3dcbc1270f20ceaf1b0e236223f5f41
d7d4f0fee1ddd8c013d6322a42fc5f36
1d60f7246d24f01011d492b7f2eadc01
df5331f3008c04f340e27a12330eea10
ef84f00631d8ef0cfe15e1dd07d11e3e
240cefd1fddd9c1104020ef531f2e57f
1f24fa7f170443305dee16a7646201dc
73f03f02d00f11e2dd0f2c0ce22ddfe0
c3b33a3c1be8d06d510f22f0242522c2
7e39efe1917f29be31d840d3dffdde8f
debefee8e04000d24c0bee1e36055323
5eb021103d016e07f3bc0fbf22e2dfd3
8ff7efecc225ff046f2fc200fbf34412
4ebcd987da53ce32c01dc4d6e21422f1
df23fe1cd1031ed701400231e4fdc0c3
0020b467301fb1cbff118ba2bf0103ed
4f1002e1e4db6a3ad48d134efcc2e513
f6a8340f65061e0ff3e1e4a000a6f2da
7e3f4701f04e23450153fdff0cf2e3d1
241b32ce220b22313dd1b0c5b1f87f46
fed2e853c7e001a77cecde47dce3cb5b
33f320d44ef41bd3de7012feee227bb2
231212512c05f804d1fd22cede02412b
32ed1cdaf3803f240203c1013f0e2041
eedc30d03524ffa20fdece1ee344f8db
73346b031e151175ed71d403de440dc4
001cfa6f2c1e3167f53252dfe1012413
d0edf303235144a2b6d715f3df182d52
fe13e2d0c000ff5be4a42714dc220eee
1ed3126f11e4e02127d2d4e11b072ea6
dcccdf03fcf06d0f303101e1dc7d2e6c
c01c30ecd1e18d3b0df2c3c11f110cdc
7e1e0f214600701200fe1c8ef122061b
e5d0f02f0e3033ec821e01e34131101e
434f05cfdb37f1275278354a18e86423
de5c0d05567ff0c182afff0ef1e2b2ae
ee0d03d1d4f100fdbc11d1210ef7f000
2ce1226f7c50fcc369b1162f0201dfe0
0ff23d406c4ee041fcf4ee9523383032
e31fef8eedc51fe635022b401133fd03
f1feff0211c021113fbc30d3e0074e31
6b6f91202dd0acd00b50701e637afc1f
1e17d2e00e2ff0121ffee1e002eff1d0
225f2d5e3e093ef0fd721f5f161ad1dc
20ef44f131e7f10d101fe5ed0d1ef4d1
2cf7ffc4125d2c2ffeea0443b7c2520f
e10cb1052ea38ce2ad601133d8f53e31
e01d081bdf4ce0e230ef1f1d10d24ed2
ad0b0eceee1a548dfe3f3f1f44025440
defef5f6f04f1fe2d7063fff462d2fd4
63fab81f230ecf13fe22f1f5c5012221
4d00e2c021f5f0ce000d1027473ff222
f6dc1053ba360c2222ed2e435f0dec80
0b102ee32f13020385e10520de130234
d0f2f02ec740ebd02034e5ff0612f1ef
323f0b12312e0fd04e3e1cf8b2fdbff1
1ff6c3200dcd473d3cccffdb361d338d
9246271114dbf0f2d7370e7d2efd246e
7a35fbf42217eeeae5f003f4c81fd2eb
a64224bda0d901d283e0ef01f0fa72f7
0bd2237445f203e970cffba4ee06dc39
6457f1b901bf2de71ee57f22d61ecdae
510b04ee7ef032e1a117f0f4eb4beaed
038b00caf44f1c14f3e1063ff1f043df
1b2e011d02143227f11f3eff002fb0f0
2f0e0e2f1c34e7b010ed4ff039fe4ff1
2fdde5342a27cfd7913637ff612e246e
07c4bdc3191401ebe92402fac2ae1f08
542f85ef4bf50125e2d802efbef36ff5
110ad723ecc2914a2f35b10dd5f1f72b
112cff3fe51f2121bfc8111d2fff7fac
f5011bb72dfb1102233fe3001bb0f211
1e21c11405074f12dddefe210fefeedd
fc757703e14f6ed2140573a0de5aff45
b9df0588d05eded31d23d6ed32124030
6a4fdfc740c72ffce611b0f4ab26c423
3f020f2d2e710fc4d2ed130bf80601de
d2900371280b0b630fff5433fcf2ecf0
e3feedd2210f7ec050eef4f224e30f65
2ca1f41ddd21f722f2fedae2bf52ffdf
e1341c1f31214218d23150d3efc0de13
35f10ff9f4cd0fe8ebc23f703203e430
4f3d80ac016ede51f2ecbbff003d1ca0
fd3b89fc232d5b68c02e102ffff32216
a101b01ed5d7dd3375702cf47ee1ec54
eef01c7fd2dd230c10721bb475d2d0c3
5383155752eb4e1b1d05431bbf0d1edd
e22ff1b11ff23f840cbd310322e0b3f0
1c3e303a1c4c4ec618cf01b375c0f01d
7f12fce12c2e2ce4fd1f2217b7f3ed6d
c80ff24edbd3de5d40ac301c7ff6043e
f4411617d412e6fe3140dbbebbd2a99d
e017755df9a1333a2f00de1340b1d8b1
b22f232501f4d0af9b0f1e0147cf43d7
cd22e43527f2ef6ed3e1d122ec15779e
21fa8610af607c8e214e4131bfa20d43
8bf34211267219f3d10dd5a03e17c2c0
1eee382df3032dc4c1e1de02fc0c06c0
3902edc5aac27fbd96659e8c9e4971a1
7e20e6545d1d94082928d4f1f2edd9d1
49e2c1ff3c30fc810244df2dffe210bf
1201710d36cfe0df28d0152e00011523
01e012ff1182e11d0c016ffdee202001
bf9e04d1d81d4c4fe33ff683a4247e2b
f004cfe0fecf54026c138de3fefc21f3
e00f0f24d099f0dc0f1e719f15d270eb
e2c91d1f42305d10fe2e852b2ec11120
6ec2a328226243c0011e3e3f5322312c
defd1fe5fe8d41133fee43dde2dc1e64
501df121bf1fff70ff14c003d1f2e0c1
775343e2023b033000b3b2dd11a1dbe5
da0836dff20c5f4e1142e3f1df1e9e51
3d93fa4ad046ffd753512afab1e0e43d
df49f3222deb13bd1710fef20fd5d3ef
e1331e3def2202f1201ed044e133804c
1cbcfdf3d2dee44510241db5c03f983b
df1e3e4e0106b823ffe1def514025fbe
f3d0d41ffbbd2006e0075de340f12011
18f0efde32e0e3ffd2f24e12bf1b3302
612d1b1f0e2410c1ff09ece080e40ac4
c41faf7d3ee9c71e7dfde0c977537cf1
20ca702edf61ab720edc31f22e3487e9
4fe8e4a9e0f33064ee02e311121221e5
358ed4ec004b1f50d5f13f42f547e0ee
2f0f23f8dd025c160f0500e004d2bf13
30d36143841e1ed2aedcf04aaff0510f
fe601ffc32211efb5d370b22fe74d055
2dd00eb30233ae151f3ed73420e6f050
1e7e36182150b010ef2fa11ae021eedf
7361fda5b4c4cdef52240509dff1f01d
f30ef20e2f25d00fc1d1f1f03733f400
e0c90e120300e1cfbff3e4d1ef1fe98f
f25221f1d19f6d4f313a82f1c4013cae
1e0014a683bd14b2391b1e7ee1fd01d0
e71fc12022d40e0e7fd2ded23110c010
060d83c12ebf730a5640cb30ecc0d507
7260b26614f600130fbc3a0f1ffee3ec
f3e1c428010fe1004221f12e3f145aee
f75d302152fef12ff00cfdfff2fe11e3
ee2c9f1233ddd79fc2071fe201f06003
21c44257e1e1ee013bb8414e40a4224d
3c1de2de11770eecd452d2250ef415ed
4e6029d8c35170e7a20d1bfed411d3c1
8ff304fe25f77c7c141549e53d8f30c9
04e10e165d32b01fc712a0202fef0fd2
2e7fe7c83de927b9f34fa51ff295f3cb
00280e0dedb62e33e1f20ce44f0feec0
35b31102b0d1328f1f04f2c1f3b30d02
213110feefdde21ee128bf2ef2302f0c
34f8c1ffddd18e1bdac45e4ce112da00
57d1f17e20ed52d64daf6d0dfe2ec692
212be7014f3d4b1cdce3f780d043ed13
80edddd030cec103b4df4fd25400e11a
dfcdf70f770c0de2150640c242073e1d
34d02c3ced8c131e315e07d3b46cf0e7
190400acf01f2c0fde20700dbd03f493
c35ed13bd4d5142b5dfe030e6d8f2ed2
20014503d3e011d38034026e4740ff24
f0b2210d3248f2270dd00e3d14352be3
b4be1f02efed5e0300134d1e02141800
cbc0122d81edae0647f0db1ffe9cba00
2d3b31223b4ff7c4012f15a4080f3e04
c3e3c1213313101fd1dc37fd3b1347f7
31ff72fd173d1a43edf0365e4f13c1a4
f254e033bec00213e0df0610f4b3e7d9
74fdbd23bb082e01fdc340db4136cb9c
cc50f2f330f50113e093e2dc8d23e416
44110ede0fd8e0e9343c2fe02ea33d1e
11ef3ce7a2eea0c2a3b06b03d17fa228
5dd4db0fffeef1c37d04ce05fe421000
11d24e263d1fd31026f0f3f08400c0e0
fe2bf51a21d0dff2d271522d046b03ea
e1c735d100017f0f225b2d20212e5d31
cb13fd3c3cd4c1a9deee313103440308
d1231256f0d8d0fdb395b1315c911031
b32f40ec7fa7ae3fc311ea5101e70de3
fc801e00f01e1330cc0ee431252a34ef
015edf6e3214e3ec0f0f7cf5021f11da
f10e00bf1010f211e0812e11301ba1ef
b12fcd1332e7f191f734d2d4f2330b6f
c12e4d6f420269acec811143d11c17d1
11f300ff14b00a3042e3120e8173ff1c
51024d073f153e22204f34015f0d03c2
0bb70fe70cb70e65108219561496155c
14321251178e139c0eb211f9174914f5
16bf0bf211d515ff14480fc30f8310c1
0c8510500bed0cde0bf6101d15ff0e2d
128f332511300e4211a1283e0ff410e8
1c1812ae10030e0e16491189100b0bda
142c15be14d80cb016f5183818060f49
187112bf0d501435115712c015e613fe
169318e2182e14850c8b10c519e015e4
10c812571373114e0fed0e5510ea0ec9
0e4a0d8914fb0f3b0fcd0d8f0e3b0f7d
118d1189136f117911b70e550e170fef
11ec17291160117a0d4616760f9210f7
15ab154419b20ec50eee17150ea71504
1df710930c8411fb11e816380fa50e7c
13e212c3144014c1151e0df71316133f
140212691649100c14371b2315761c87
0e3f1103105c14e40ecc154e13d014ae
118510fe165113301072122b15190f22
16650ed3176a11381331108011041586
11e7126f14a2109d1ad60ed1177c112a
17c40cd30dfc1565143615d11bd40f2f
17a314861b9d137f12c110c414181755
196e221c140116d010651a8f13081812
103c16531aca1a1617870de4164b11e8
10e213781c8918d11a9210ec136214d4
17b9118d18dd14a9117c154d0fe30f0f
1041126c1282110c11f516770fc626ee
1db7107c1203142a0f3d13db1cac0eab
1987139113831309122012f4178b0ecd
0f98170913df1d191021162917421209
1427233017f816381616178d1a410fec
00000000000000000000000000000000
00000000000000000000000000000000
00000000000000000000000000000000
00000000000000000000000000000000
00000000000000000000000000000000
00000000000000000000000000000000
00000000000000000000000000000000
00000000000000000000000000000000
00000000000000000000000000000000
00000000000000000000000000000000
00000000000000000000000000000000
00000000000000000000000000000000
00000000000000000000000000000000
00000000000000000000000000000000
00000000000000000000000000000000
00000000000000000000000000000000
00000000000000000000000000000000
00000000000000000000000000000000
00000000000000000000000000000000
00000000000000000000000000000000
00000000000000000000000000000000
00000000000000000000000000000000
00000000000000000000000000000000
00000000000000000000000000000000
00000000000000000000000000000000
00000000000000000000000000000000
00000000000000000000000000000000
00000000000000000000000000000000
00000000000000000000000000000000
00000000000000000000000000000000
00000000000000000000000000000000
00000000000000000000000000000000
249b2302b231f1fe70e32602e4dad0f2
1fd32f081e72ee4ed113df403fb511ef
2e8033f5b127d41ccd2ae21021f01f22
7afe1fce051f3fc0230dffcdee01125f
101f2eecbf3d405f075bdf870e7edf3b
0de97bfd517f151f931d24de94f34de0
670d46a38c6dc1734da03541c25bef3b
530dcb2e5d7a3137e0310dff0c053e7e
00ef33ee01ffa3173d8e06b0e65becfb
b1fbe020351c4855e0de3fb126f73f0e
1b272d120e172ecf27d123432f1d2e0d
f0d22e4703fd01ff4bc21dd35f2adddd
3efeed050519f4ce2ef02542238f7fd0
e711e414e2f1ee1231071b540f4b2ddc
1c02c60160122dd4f5536f1ef1f72dee
2d42de2044970322beefe03073406e02
00000000000000000000000000000000
00000000000000000000000000000000
00000000000000000000000000000000
00000000000000000000000000000000
00000000000000000000000000000000
00000000000000000000000000000000
00000000000000000000000000000000
00000000000000000000000000000000
00000000000000000000000000000000
00000000000000000000000000000000
00000000000000000000000000000000
00000000000000000000000000000000
00000000000000000000000000000000
00000000000000000000000000000000
00000000000000000000000000000000
00000000000000000000000000000000
00000000000000000000000000000000
00000000000000000000000000000000
00000000000000000000000000000000
00000000000000000000000000000000
00000000000000000000000000000000
00000000000000000000000000000000
00000000000000000000000000000000
00000000000000000000000000000000
00000000000000000000000000000000
00000000000000000000000000000000
00000000000000000000000000000000
00000000000000000000000000000000
00000000000000000000000000000000
00000000000000000000000000000000
00000000000000000000000000000000
00000000000000000000000000000000
00000000000000000000000000000000
00000000000000000000000000000000
00000000000000000000000000000000
00000000000000000000000000000000
00000000000000000000000000000000
00000000000000000000000000000000
00000000000000000000000000000000
00000000000000000000000000000000
00000000000000000000000000000000
00000000000000000000000000000000
00000000000000000000000000000000
00000000000000000000000000000000
00000000000000000000000000000000
00000000000000000000000000000000
00000000000000000000000000000000
00000000000000000000000000000000
12ff53fe910dc0d0421e33210048ace1
01e01f026f55fd70fef2fd2f2e1fefee
ddf2db3041f3fffee814a001db123c1d
5d03f204ff4ca5df541c80e0404b51e6
90e3a837540f42afeb42f00edffc00d0
ba67b981a59304fb14fdb43eac3c404d
4e0050db01a1510307d231cf2143c1c3
3fbe7d4d3f0018b1bd7d7ae1fee6fe92
23f102469838db1231cf71443d1bf5e2
f7bef12f41133f2fe033c05efe33d3ec
1ab0313eced54128478eb000d2dc1f1f
1ccf6b2e1f701f1e4cfced1f2d021d2f
41ed30a0c0015f30d6c1010712fe21fd
9780342c0e402d30eff21f3712046ca1
932ec76edefee03fee09b0e66e91e220
3f36149f95112340fc81cc15c4154e27
00000000000000000000000000000000
00000000000000000000000000000000
00000000000000000000000000000000
00000000000000000000000000000000
00000000000000000000000000000000
00000000000000000000000000000000
00000000000000000000000000000000
00000000000000000000000000000000
00000000000000000000000000000000
00000000000000000000000000000000
00000000000000000000000000000000
00000000000000000000000000000000
00000000000000000000000000000000
00000000000000000000000000000000
00000000000000000000000000000000
00000000000000000000000000000000
00000000000000000000000000000000
00000000000000000000000000000000
00000000000000000000000000000000
00000000000000000000000000000000
00000000000000000000000000000000
00000000000000000000000000000000
00000000000000000000000000000000
00000000000000000000000000000000
00000000000000000000000000000000
00000000000000000000000000000000
00000000000000000000000000000000
00000000000000000000000000000000
00000000000000000000000000000000
00000000000000000000000000000000
00000000000000000000000000000000
00000000000000000000000000000000
00000000000000000000000000000000
00000000000000000000000000000000
00000000000000000000000000000000
00000000000000000000000000000000
00000000000000000000000000000000
00000000000000000000000000000000
00000000000000000000000000000000
00000000000000000000000000000000
00000000000000000000000000000000
00000000000000000000000000000000
00000000000000000000000000000000
00000000000000000000000000000000
00000000000000000000000000000000
00000000000000000000000000000000
00000000000000000000000000000000
00000000000000000000000000000000
ec50b96a70cbcd8a82eedbf81094e041
fc3f1de4859614425bd9b415611da744
dc581e3df0e3df1ddce4df1b400ede1f
d522d7f7c1d1d41e2b23c94f314c2268
6ce8fe3f2520cdeb4d251f21c62fb523
971c20a83babef67f03d2dd4fafd0532
024d63701d22b4fedbaee7d2a0522a77
31a22d21206deff5ae1b2c070d22d514
1e0dfebfe8e1e0cd2617310eebe11f3f
40200d112e71ef416e533323e64fced2
edd345903b1010b6dfe3f20211c3e80b
214b55a21f5f02b2171132f00d8100ec
006f7321cf2e0e2ce1f01b1dcdec17ef
3dcdeff1e1d14011cace21281c240e2e
3220302a04302cff103d313284f7124f
8ded3000ed85f0c64480ee2c4a140de3
00000000000000000000000000000000
00000000000000000000000000000000
00000000000000000000000000000000
00000000000000000000000000000000
00000000000000000000000000000000
00000000000000000000000000000000
00000000000000000000000000000000
00000000000000000000000000000000
00000000000000000000000000000000
00000000000000000000000000000000
00000000000000000000000000000000
00000000000000000000000000000000
00000000000000000000000000000000
00000000000000000000000000000000
00000000000000000000000000000000
00000000000000000000000000000000
00000000000000000000000000000000
00000000000000000000000000000000
00000000000000000000000000000000
00000000000000000000000000000000
00000000000000000000000000000000
00000000000000000000000000000000
00000000000000000000000000000000
00000000000000000000000000000000
00000000000000000000000000000000
00000000000000000000000000000000
00000000000000000000000000000000
00000000000000000000000000000000
00000000000000000000000000000000
00000000000000000000000000000000
00000000000000000000000000000000
00000000000000000000000000000000
00000000000000000000000000000000
00000000000000000000000000000000
00000000000000000000000000000000
00000000000000000000000000000000
00000000000000000000000000000000
00000000000000000000000000000000
00000000000000000000000000000000
00000000000000000000000000000000
00000000000000000000000000000000
00000000000000000000000000000000
00000000000000000000000000000000
00000000000000000000000000000000
00000000000000000000000000000000
00000000000000000000000000000000
00000000000000000000000000000000
00000000000000000000000000000000
d11780201d742f0e9a3ad20eced50fcb
2f0805af33eb31a211e1a340e42bcdc0
11d221ff9fcf002027c03df0e16ef4df
21ce606b7b43302335317e1ddc14b21a
38330ce235f12c3222d0d0d054e1bc73
c1d51f21855ffdf3fc5e72b722136d23
501f34beecdc2b4d71d02be6e32cee40
30e14160f170fcf10fff4037d512fe0d
61a13f0173ff3e99c3f1ce71ddd0cd4f
0e7f22219ed0200c026d0eaa118fe0df
823e0133ee35b511fc04fc516010e110
adc9a5e3fb9fd230df2cdb03813e70c3
ffe219efcf2162ec418d2fd5316f1030
fdb004bdc321e1c3ee5e1500373304cf
3d6faf27afe2cd1336733eec5be5ad93
bec290bf0d3124c311a35c547a50351f
00000000000000000000000000000000
00000000000000000000000000000000
00000000000000000000000000000000
00000000000000000000000000000000
00000000000000000000000000000000
00000000000000000000000000000000
00000000000000000000000000000000
00000000000000000000000000000000
00000000000000000000000000000000
00000000000000000000000000000000
00000000000000000000000000000000
00000000000000000000000000000000
00000000000000000000000000000000
00000000000000000000000000000000
00000000000000000000000000000000
00000000000000000000000000000000
00000000000000000000000000000000
00000000000000000000000000000000
00000000000000000000000000000000
00000000000000000000000000000000
00000000000000000000000000000000
00000000000000000000000000000000
00000000000000000000000000000000
00000000000000000000000000000000
00000000000000000000000000000000
00000000000000000000000000000000
00000000000000000000000000000000
00000000000000000000000000000000
00000000000000000000000000000000
00000000000000000000000000000000
00000000000000000000000000000000
00000000000000000000000000000000
00000000000000000000000000000000
00000000000000000000000000000000
00000000000000000000000000000000
00000000000000000000000000000000
00000000000000000000000000000000
00000000000000000000000000000000
00000000000000000000000000000000
00000000000000000000000000000000
00000000000000000000000000000000
00000000000000000000000000000000
00000000000000000000000000000000
00000000000000000000000000000000
00000000000000000000000000000000
00000000000000000000000000000000
00000000000000000000000000000000
00000000000000000000000000000000
008c00b900b5013200c000be00a900f7
00f8010000e200fa01230137016100c7
00b300e400c800e800c0010500cc00d2
011500d300c400d5011800bf00f100cd
0178017800e1013401850170010e0100
0107014f0128015f0100010e012c010c
00cc013900a50142011f0101010c013a
012e00e700ed017700c7012201070129
00000000000000000000000000000000
00000000000000000000000000000000
00000000000000000000000000000000
00000000000000000000000000000000
00000000000000000000000000000000
00000000000000000000000000000000
00000000000000000000000000000000
00000000000000000000000000000000
00000000000000000000000000000000
00000000000000000000000000000000
00000000000000000000000000000000
00000000000000000000000000000000
00000000000000000000000000000000
00000000000000000000000000000000
00000000000000000000000000000000
00000000000000000000000000000000
00000000000000000000000000000000
00000000000000000000000000000000
00000000000000000000000000000000
00000000000000000000000000000000
00000000000000000000000000000000
00000000000000000000000000000000
00000000000000000000000000000000
00000000000000000000000000000000
00000000000000000000000000000000
00000000000000000000000000000000
00000000000000000000000000000000
00000000000000000000000000000000
00000000000000000000000000000000
00000000000000000000000000000000
00000000000000000000000000000000
00000000000000000000000000000000
00000000000000000000000000000000
00000000000000000000000000000000
00000000000000000000000000000000
00000000000000000000000000000000
00000000000000000000000000000000
00000000000000000000000000000000
00000000000000000000000000000000
00000000000000000000000000000000
00000000000000000000000000000000
00000000000000000000000000000000
00000000000000000000000000000000
00000000000000000000000000000000
00000000000000000000000000000000
00000000000000000000000000000000
00000000000000000000000000000000
00000000000000000000000000000000
00000000000000000000000000000000
00000000000000000000000000000000
00000000000000000000000000000000
00000000000000000000000000000000
00000000000000000000000000000000
00000000000000000000000000000000
00000000000000000000000000000000
00000000000000000000000000000000
2f2f01b0ff33e1e2d390b2a6e03e47db
e44701e1f70dc5e0b10b80302f3c080c
78228b4a137dae05eeee5a134f3a13a4
0f32464fef933b3111729e1430324b5c
3de629107420ff33112212f135f83fa0
30de27de0a17dee73384be0d7ef1f4ee
e083102002a0fe1def5c221ffade2d72
0d59c4abc3450c50e4341a3bbdf2f979
1311b203f605e05112213e131f31185c
e3ee2e2b00340fc9ecaeeeb6caadc370
02f00c6062cfe50cf11720b31f0fa733
6071cb0cc801e273ff7a0ef2641d5401
febe2761fc2c0f11de520bfdeef83304
7ee1c31035791101bd1bc2a5c4c20ddb
40c2e104024d2241ea2c3e32280dbfc2
3cffb06b2e12cfe218ff1dc1003c11f1
00000000000000000000000000000000
00000000000000000000000000000000
00000000000000000000000000000000
00000000000000000000000000000000
00000000000000000000000000000000
00000000000000000000000000000000
00000000000000000000000000000000
00000000000000000000000000000000
00000000000000000000000000000000
00000000000000000000000000000000
00000000000000000000000000000000
00000000000000000000000000000000
00000000000000000000000000000000
00000000000000000000000000000000
00000000000000000000000000000000
00000000000000000000000000000000
00000000000000000000000000000000
00000000000000000000000000000000
00000000000000000000000000000000
00000000000000000000000000000000
00000000000000000000000000000000
00000000000000000000000000000000
00000000000000000000000000000000
00000000000000000000000000000000
00000000000000000000000000000000
00000000000000000000000000000000
00000000000000000000000000000000
00000000000000000000000000000000
00000000000000000000000000000000
00000000000000000000000000000000
00000000000000000000000000000000
00000000000000000000000000000000
00000000000000000000000000000000
00000000000000000000000000000000
00000000000000000000000000000000
00000000000000000000000000000000
00000000000000000000000000000000
00000000000000000000000000000000
00000000000000000000000000000000
00000000000000000000000000000000
00000000000000000000000000000000
00000000000000000000000000000000
00000000000000000000000000000000
00000000000000000000000000000000
00000000000000000000000000000000
00000000000000000000000000000000
00000000000000000000000000000000
00000000000000000000000000000000
de5e0e03200c3027e0fad2f04e033201
5ff8004ed0c01dfa0a10f3d312cf529d
e730ee543974677219004b34225e4121
91bfe21501f16e7ebf5da2ff0d718c1e
e6fc65ed0649473a17152873574ee1d1
3d1f06be6001ddffe1f217fc2dbdf11c
2e083d022f0cffe0d01120fed11de0de
3cf7edf2e56eb2fa0eb70dc8910bd3ed
eb4447f76fe129db01c3cfdf22eef335
55159b7f303d50fd5f2eb3191de27e1d
63fde27c0e1c515abdde9be22e2e1074
6bc0f0e1d67d9ccad0395a64e95fc72e
ffe1e4b43cc1100ee2182e00002f131e
e1a354526e097b760026e0da726f255f
23eced015c2621d0f01854f6e25db6f2
6826233674a092d2dfe1462bccfe40c0
00000000000000000000000000000000
00000000000000000000000000000000
00000000000000000000000000000000
00000000000000000000000000000000
00000000000000000000000000000000
00000000000000000000000000000000
00000000000000000000000000000000
00000000000000000000000000000000
00000000000000000000000000000000
00000000000000000000000000000000
00000000000000000000000000000000
00000000000000000000000000000000
00000000000000000000000000000000
00000000000000000000000000000000
00000000000000000000000000000000
00000000000000000000000000000000
00000000000000000000000000000000
00000000000000000000000000000000
00000000000000000000000000000000
00000000000000000000000000000000
00000000000000000000000000000000
00000000000000000000000000000000
00000000000000000000000000000000
00000000000000000000000000000000
00000000000000000000000000000000
00000000000000000000000000000000
00000000000000000000000000000000
00000000000000000000000000000000
00000000000000000000000000000000
00000000000000000000000000000000
00000000000000000000000000000000
00000000000000000000000000000000
00000000000000000000000000000000
00000000000000000000000000000000
00000000000000000000000000000000
00000000000000000000000000000000
00000000000000000000000000000000
00000000000000000000000000000000
00000000000000000000000000000000
00000000000000000000000000000000
00000000000000000000000000000000
00000000000000000000000000000000
00000000000000000000000000000000
00000000000000000000000000000000
00000000000000000000000000000000
00000000000000000000000000000000
00000000000000000000000000000000
00000000000000000000000000000000
2744b0fad60429fa7071c53b2a2c5d27
4d3c82ddff27f3917492eea36f7fe5e4
a2bd7c3c5340e25fe730f6cdd360b30e
fd54de101e5fa327f07ef13044a43128
1a17d0fe0401f0a12ddd023e4f2f0a23
7431fdfdd0444f4dffe1df704d072056
1023fcf57cdb4103bc153a34e11eed82
5f31e22c3d11c047d410d2d1f6f13150
f1e80e131ae0fef00d4fd4f253c03bf3
8d42befeffedfc5c2344c2a62991f9ae
4860010efe1f0ecd32c32e174e01231e
c41eef102befaf14edf0d4ba2c8d3101
11cd07d54392a10e4127074cb5644f2d
2e0cf217efc120db0bf46412273f0602
2b224902fc2c16d43820af0001c3b110
9ce01003cd90cfb915c04ee1f28cc5c4
00000000000000000000000000000000
00000000000000000000000000000000
00000000000000000000000000000000
00000000000000000000000000000000
00000000000000000000000000000000
00000000000000000000000000000000
00000000000000000000000000000000
00000000000000000000000000000000
00000000000000000000000000000000
00000000000000000000000000000000
00000000000000000000000000000000
00000000000000000000000000000000
00000000000000000000000000000000
00000000000000000000000000000000
00000000000000000000000000000000
00000000000000000000000000000000
00000000000000000000000000000000
00000000000000000000000000000000
00000000000000000000000000000000
00000000000000000000000000000000
00000000000000000000000000000000
00000000000000000000000000000000
00000000000000000000000000000000
00000000000000000000000000000000
00000000000000000000000000000000
00000000000000000000000000000000
00000000000000000000000000000000
00000000000000000000000000000000
00000000000000000000000000000000
00000000000000000000000000000000
00000000000000000000000000000000
00000000000000000000000000000000
00000000000000000000000000000000
00000000000000000000000000000000
00000000000000000000000000000000
00000000000000000000000000000000
00000000000000000000000000000000
00000000000000000000000000000000
00000000000000000000000000000000
00000000000000000000000000000000
00000000000000000000000000000000
00000000000000000000000000000000
00000000000000000000000000000000
00000000000000000000000000000000
00000000000000000000000000000000
00000000000000000000000000000000
00000000000000000000000000000000
00000000000000000000000000000000
02c2c5c2ed32ff1ef5318021fcf0ed40
71d3625e07f2ee5d4cb0d921004bdc2e
33e1d00f31b23ff70eada25e78025447
d2d1e40f1c59bafa6c01465c282c5d21
1ded0592f3301032bcf104062e0d72c0
d2e0cfc5e02e1f0f27361feb3b1f3e0d
45a1fe13f1e73f112cde4e81ccfd3d4d
cf134da50411df8351f832f2124c1331
5fe82325e37b27d342c53d61ae77edef
22f0500773e21f03c6d0f2bfd721c0eb
fce9ce329ec3d2dd14332f74e41eed1e
b1600a0e2eca7cd2af200ff1b0ef7ebf
dece5dbdcd0749e9ff7f20d9f7d1eb2f
00c061e0a150470e1222023d20edfec2
083f3531e1ebe22f110fe5ede3e2e02e
0bd0ef7e037a6240025da5cf4647f448
00000000000000000000000000000000
00000000000000000000000000000000
00000000000000000000000000000000
00000000000000000000000000000000
00000000000000000000000000000000
00000000000000000000000000000000
00000000000000000000000000000000
00000000000000000000000000000000
00000000000000000000000000000000
00000000000000000000000000000000
00000000000000000000000000000000
00000000000000000000000000000000
00000000000000000000000000000000
00000000000000000000000000000000
00000000000000000000000000000000
00000000000000000000000000000000
00000000000000000000000000000000
00000000000000000000000000000000
00000000000000000000000000000000
00000000000000000000000000000000
00000000000000000000000000000000
00000000000000000000000000000000
00000000000000000000000000000000
00000000000000000000000000000000
00000000000000000000000000000000
00000000000000000000000000000000
00000000000000000000000000000000
00000000000000000000000000000000
00000000000000000000000000000000
00000000000000000000000000000000
00000000000000000000000000000000
00000000000000000000000000000000
00000000000000000000000000000000
00000000000000000000000000000000
00000000000000000000000000000000
00000000000000000000000000000000
00000000000000000000000000000000
00000000000000000000000000000000
00000000000000000000000000000000
00000000000000000000000000000000
00000000000000000000000000000000
00000000000000000000000000000000
00000000000000000000000000000000
00000000000000000000000000000000
00000000000000000000000000000000
00000000000000000000000000000000
00000000000000000000000000000000
00000000000000000000000000000000
0215014901b501a902a8019701ef01f0
01c901f5025801c601b301a1025001ca
02a00281026f021f01e8033b013602dc
01cb0292021a01ee01b001f1033e02ac
025501750289018f023f02b902f40277
02d3024001ba01ca02d301d101550234
02b401cd01a101c5027601b8031801df
01a602c9020d02b102c402c4020802a2
00000000000000000000000000000000
00000000000000000000000000000000
00000000000000000000000000000000
00000000000000000000000000000000
00000000000000000000000000000000
00000000000000000000000000000000
00000000000000000000000000000000
00000000000000000000000000000000
00000000000000000000000000000000
00000000000000000000000000000000
00000000000000000000000000000000
00000000000000000000000000000000
00000000000000000000000000000000
00000000000000000000000000000000
00000000000000000000000000000000
00000000000000000000000000000000
00000000000000000000000000000000
00000000000000000000000000000000
00000000000000000000000000000000
00000000000000000000000000000000
00000000000000000000000000000000
00000000000000000000000000000000
00000000000000000000000000000000
00000000000000000000000000000000
00000000000000000000000000000000
00000000000000000000000000000000
00000000000000000000000000000000
00000000000000000000000000000000
00000000000000000000000000000000
00000000000000000000000000000000
00000000000000000000000000000000
00000000000000000000000000000000
00000000000000000000000000000000
00000000000000000000000000000000
00000000000000000000000000000000
00000000000000000000000000000000
00000000000000000000000000000000
00000000000000000000000000000000
00000000000000000000000000000000
00000000000000000000000000000000
00000000000000000000000000000000
00000000000000000000000000000000
00000000000000000000000000000000
00000000000000000000000000000000
00000000000000000000000000000000
00000000000000000000000000000000
00000000000000000000000000000000
00000000000000000000000000000000
00000000000000000000000000000000
00000000000000000000000000000000
00000000000000000000000000000000
00000000000000000000000000000000
00000000000000000000000000000000
00000000000000000000000000000000
00000000000000000000000000000000
00000000000000000000000000000000
00000000000000000000000000000000
00000000000000000000000000000000
00000000000000000000000000000000
00000000000000000000000000000000
00000000000000000000000000000000
00000000000000000000000000000000
00000000000000000000000000000000
00000000000000000000000000000000
00000000000000000000000000000000
00000000000000000000000000000000
00000000000000000000000000000000
00000000000000000000000000000000
00000000000000000000000000000000
00000000000000000000000000000000
00000000000000000000000000000000
00000000000000000000000000000000
00000000000000000000000000000000
00000000000000000000000000000000
00000000000000000000000000000000
00000000000000000000000000000000
00000000000000000000000000000000
00000000000000000000000000000000
00000000000000000000000000000000
00000000000000000000000000000000
00000000000000000000000000000000
00000000000000000000000000000000
00000000000000000000000000000000
00000000000000000000000000000000
00000000000000000000000000000000
00000000000000000000000000000000
00000000000000000000000000000000
00000000000000000000000000000000
00000000000000000000000000000000
00000000000000000000000000000000
00000000000000000000000000000000
00000000000000000000000000000000
00000000000000000000000000000000
00000000000000000000000000000000
00000000000000000000000000000000
00000000000000000000000000000000
00000000000000000000000000000000
00000000000000000000000000000000
00000000000000000000000000000000
00000000000000000000000000000000
00000000000000000000000000000000
00000000000000000000000000000000
00000000000000000000000000000000
00000000000000000000000000000000
00000000000000000000000000000000
00000000000000000000000000000000
00000000000000000000000000000000
00000000000000000000000000000000
00000000000000000000000000000000
00000000000000000000000000000000
00000000000000000000000000000000
00000000000000000000000000000000
00000000000000000000000000000000
00000000000000000000000000000000
00000000000000000000000000000000
00000000000000000000000000000000
00000000000000000000000000000000
00000000000000000000000000000000
00000000000000000000000000000000
00000000000000000000000000000000
00000000000000000000000000000000
00000000000000000000000000000000
00000000000000000000000000000000
00000000000000000000000000000000
00000000000000000000000000000000
00000000000000000000000000000000
00000000000000000000000000000000
00000000000000000000000000000000
00000000000000000000000000000000
00000000000000000000000000000000
00000000000000000000000000000000
00000000000000000000000000000000
00000000000000000000000000000000
00000000000000000000000000000000
00000000000000000000000000000000
00000000000000000000000000000000
00000000000000000000000000000000
00000000000000000000000000000000
00000000000000000000000000000000
00000000000000000000000000000000
00000000000000000000000000000000
00000000000000000000000000000000
00000000000000000000000000000000
00000000000000000000000000000000
00000000000000000000000000000000
00000000000000000000000000000000
00000000000000000000000000000000
00000000000000000000000000000000
00000000000000000000000000000000
00000000000000000000000000000000
00000000000000000000000000000000
00000000000000000000000000000000
00000000000000000000000000000000
00000000000000000000000000000000
00000000000000000000000000000000
00000000000000000000000000000000
00000000000000000000000000000000
00000000000000000000000000000000
00000000000000000000000000000000
00000000000000000000000000000000
00000000000000000000000000000000
00000000000000000000000000000000
00000000000000000000000000000000
00000000000000000000000000000000
00000000000000000000000000000000
00000000000000000000000000000000
00000000000000000000000000000000
00000000000000000000000000000000
00000000000000000000000000000000
00000000000000000000000000000000
00000000000000000000000000000000
00000000000000000000000000000000
00000000000000000000000000000000
00000000000000000000000000000000
00000000000000000000000000000000
00000000000000000000000000000000
00000000000000000000000000000000
00000000000000000000000000000000
00000000000000000000000000000000
00000000000000000000000000000000
00000000000000000000000000000000
00000000000000000000000000000000
00000000000000000000000000000000
00000000000000000000000000000000
00000000000000000000000000000000
00000000000000000000000000000000
00000000000000000000000000000000
00000000000000000000000000000000
00000000000000000000000000000000
00000000000000000000000000000000
00000000000000000000000000000000
00000000000000000000000000000000
00000000000000000000000000000000
00000000000000000000000000000000
00000000000000000000000000000000
00000000000000000000000000000000
00000000000000000000000000000000
00000000000000000000000000000000
00000000000000000000000000000000
00000000000000000000000000000000
00000000000000000000000000000000
00000000000000000000000000000000
00000000000000000000000000000000
00000000000000000000000000000000
00000000000000000000000000000000
00000000000000000000000000000000
00000000000000000000000000000000
00000000000000000000000000000000
00000000000000000000000000000000
00000000000000000000000000000000
00000000000000000000000000000000
00000000000000000000000000000000
00000000000000000000000000000000
00000000000000000000000000000000
00000000000000000000000000000000
00000000000000000000000000000000
00000000000000000000000000000000
00000000000000000000000000000000
00000000000000000000000000000000
00000000000000000000000000000000
00000000000000000000000000000000
00000000000000000000000000000000
00000000000000000000000000000000
00000000000000000000000000000000
00000000000000000000000000000000
00000000000000000000000000000000
00000000000000000000000000000000
00000000000000000000000000000000
00000000000000000000000000000000
00000000000000000000000000000000
00000000000000000000000000000000
00000000000000000000000000000000
00000000000000000000000000000000
00000000000000000000000000000000
00000000000000000000000000000000
00000000000000000000000000000000
00000000000000000000000000000000
00000000000000000000000000000000
00000000000000000000000000000000
00000000000000000000000000000000
00000000000000000000000000000000
00000000000000000000000000000000
00000000000000000000000000000000
00000000000000000000000000000000
00000000000000000000000000000000
00000000000000000000000000000000
00000000000000000000000000000000
00000000000000000000000000000000
00000000000000000000000000000000
00000000000000000000000000000000
00000000000000000000000000000000
00000000000000000000000000000000
00000000000000000000000000000000
00000000000000000000000000000000
00000000000000000000000000000000
00000000000000000000000000000000
00000000000000000000000000000000
00000000000000000000000000000000
00000000000000000000000000000000
00000000000000000000000000000000
00000000000000000000000000000000
00000000000000000000000000000000
00000000000000000000000000000000
00000000000000000000000000000000
00000000000000000000000000000000
00000000000000000000000000000000
00000000000000000000000000000000
00000000000000000000000000000000
00000000000000000000000000000000
00000000000000000000000000000000
00000000000000000000000000000000
00000000000000000000000000000000
00000000000000000000000000000000
00000000000000000000000000000000
00000000000000000000000000000000
00000000000000000000000000000000
00000000000000000000000000000000
00000000000000000000000000000000
00000000000000000000000000000000
00000000000000000000000000000000
00000000000000000000000000000000
00000000000000000000000000000000
00000000000000000000000000000000
00000000000000000000000000000000
00000000000000000000000000000000
00000000000000000000000000000000
00000000000000000000000000000000
00000000000000000000000000000000
00000000000000000000000000000000
00000000000000000000000000000000
00000000000000000000000000000000
00000000000000000000000000000000
00000000000000000000000000000000
00000000000000000000000000000000
00000000000000000000000000000000
00000000000000000000000000000000
00000000000000000000000000000000
00000000000000000000000000000000
00000000000000000000000000000000
00000000000000000000000000000000
00000000000000000000000000000000
00000000000000000000000000000000
00000000000000000000000000000000
00000000000000000000000000000000
00000000000000000000000000000000
00000000000000000000000000000000
00000000000000000000000000000000
00000000000000000000000000000000
00000000000000000000000000000000
00000000000000000000000000000000
00000000000000000000000000000000
00000000000000000000000000000000
00000000000000000000000000000000
00000000000000000000000000000000
00000000000000000000000000000000
00000000000000000000000000000000
00000000000000000000000000000000
00000000000000000000000000000000
00000000000000000000000000000000
00000000000000000000000000000000
00000000000000000000000000000000
00000000000000000000000000000000
00000000000000000000000000000000
00000000000000000000000000000000
00000000000000000000000000000000
00000000000000000000000000000000
00000000000000000000000000000000
00000000000000000000000000000000
00000000000000000000000000000000
00000000000000000000000000000000
00000000000000000000000000000000
00000000000000000000000000000000
00000000000000000000000000000000
00000000000000000000000000000000
00000000000000000000000000000000
00000000000000000000000000000000
00000000000000000000000000000000
00000000000000000000000000000000
00000000000000000000000000000000
00000000000000000000000000000000
00000000000000000000000000000000
00000000000000000000000000000000
00000000000000000000000000000000
00000000000000000000000000000000
00000000000000000000000000000000
00000000000000000000000000000000
00000000000000000000000000000000
00000000000000000000000000000000
00000000000000000000000000000000
00000000000000000000000000000000
00000000000000000000000000000000
00000000000000000000000000000000
00000000000000000000000000000000
00000000000000000000000000000000
00000000000000000000000000000000
00000000000000000000000000000000
00000000000000000000000000000000
00000000000000000000000000000000
00000000000000000000000000000000
00000000000000000000000000000000
00000000000000000000000000000000
00000000000000000000000000000000
00000000000000000000000000000000
00000000000000000000000000000000
00000000000000000000000000000000
00000000000000000000000000000000
00000000000000000000000000000000
00000000000000000000000000000000
00000000000000000000000000000000
00000000000000000000000000000000
00000000000000000000000000000000
00000000000000000000000000000000
00000000000000000000000000000000
00000000000000000000000000000000
00000000000000000000000000000000
00000000000000000000000000000000
20f1f2311ffe1fecc57301e1dd3edf20
30132a19b7ffd7845318af456d78bd0b
9b3cc04d613a0c1a0e36d2b8544b17f7
ed0ed711ec0f7f4d3456165efeb0d613
1144ff210d002f4ebe895f52f1e32101
ee65ba9ad361228ee13e203b0f3140b0
1f3757c5d0ee92fa73f464520ebd625f
3e60d1df00ee0ecbe744a1040b8e12ea
df8dded52e76ffb72d0f0df0f9f4dff0
2014f3df601f64bfc236ef8df4104a01
6bc5c1f3ea13b52017120fa71e2a0430
f1e7609d3ff5e6fce30c53ede3dd44da
df1d01a49597db9ecac8c0f350ffdf13
fb2032e40d2f3c0aee07c1fbde837b24
0e2259a752940000ffca09de20a20143
200df9b613db2820e59f5f30bb2f4d13
dee21333fe01f10e20150038b3c320e3
f6d372cdbaec3acf702f1b9d347f24fe
1a1e05a3d31c244efb4201ef7f2d054e
43d31eec32ef33be2e11fd7fea4740ea
010c5ee6ffb1000e01eeff0f0f01182d
034095000d4f2cdb3fe9874325f4ee20
119d108d4b50b3346010341bfae121e7
fe00e42004d1220125f9040e637eff7c
c6c0c12039ad3022065e01242cff118e
3a0c0621220f509c7220f3bef30f0cdd
7602efe0e1bbd75141e16a401dd5c071
343f0a1fe20314c3af5bdf3f5d36e148
d5fe841e929fe249299301124000fd15
f2e1f313b717233d1e460e32c4310200
ae04f2223e9e4dee0d7821d03f5ee0c1
3fde8f2030fe13dd013ccf12083b01f0
00000000000000000000000000000000
00000000000000000000000000000000
00000000000000000000000000000000
00000000000000000000000000000000
00000000000000000000000000000000
00000000000000000000000000000000
00000000000000000000000000000000
00000000000000000000000000000000
00000000000000000000000000000000
00000000000000000000000000000000
00000000000000000000000000000000
00000000000000000000000000000000
00000000000000000000000000000000
00000000000000000000000000000000
00000000000000000000000000000000
00000000000000000000000000000000
00000000000000000000000000000000
00000000000000000000000000000000
00000000000000000000000000000000
00000000000000000000000000000000
00000000000000000000000000000000
00000000000000000000000000000000
00000000000000000000000000000000
00000000000000000000000000000000
00000000000000000000000000000000
00000000000000000000000000000000
00000000000000000000000000000000
00000000000000000000000000000000
00000000000000000000000000000000
00000000000000000000000000000000
00000000000000000000000000000000
00000000000000000000000000000000
024c3ce23f1ef47f50ff139ef81fac7c
1315520fd15a4b32631013317c13faf8
07e4708a5b6632f0540436f6cfdc33ac
15440d232d3f60ee31c2ffbe0401d328
f21ccd1ffe7133c421ffeb2ad12bfedf
4f0ef49c2b3307bea1ade2224377e6f0
de0f971c22be0efeeff0ff3bd2f121c2
e37776f89117aeeebc9ae2c064b1f3bf
f00e0c3c2f1120efc1dfed4e816e2ee5
7e111d28ace11d04102ee1adb4f1bf4d
3021f4f04e721e9e20ef320b4712b150
bee273e00cf22fe233f11f2f23f2d310
030fe22a5072d4b0fb041ef2e1bb1e33
de5f03510f2122d340c6b6eefc1247c6
f11a1be0e2132f1701ee001212000fbf
e5bb6dc2fe7115fbc1e7efc0115f3fd1
54dfef7302bf15ce411bc815122e36bb
36e10974058fee3f420019ca1c1e0506
1e13365352de023c1dc7324b23c3f1f3
d0f3f2000fe9ebee1f2731f33e3c001e
70033cf0333c1f453fcee03124f2111a
efd101fdfef253360db4f4ec420b20f8
0e1d19a0d1032c80e0000edc51f01410
301f4110fee0be0f4dfdcc3cc5e15d8d
fe78b31e32ac2a22041ee3fbd0e0d341
e00e10f3f01ce1410d27061f7b702fb3
40fee4702d431d21c60e0e12fec2ac4e
0ef1130412ff01743ce5fcc2e03d4fdc
03a142f0ce28b0cd1d0cc26022ec24e6
dfaef0ff022e1ed2f35024b0822052b7
4ddc14f0241e8122f12c30fffd21e820
0232433204cbfc8f901f2f70b1930642
00000000000000000000000000000000
00000000000000000000000000000000
00000000000000000000000000000000
00000000000000000000000000000000
00000000000000000000000000000000
00000000000000000000000000000000
00000000000000000000000000000000
00000000000000000000000000000000
00000000000000000000000000000000
00000000000000000000000000000000
00000000000000000000000000000000
00000000000000000000000000000000
00000000000000000000000000000000
00000000000000000000000000000000
00000000000000000000000000000000
00000000000000000000000000000000
00000000000000000000000000000000
00000000000000000000000000000000
00000000000000000000000000000000
00000000000000000000000000000000
00000000000000000000000000000000
00000000000000000000000000000000
00000000000000000000000000000000
00000000000000000000000000000000
00000000000000000000000000000000
00000000000000000000000000000000
00000000000000000000000000000000
00000000000000000000000000000000
00000000000000000000000000000000
00000000000000000000000000000000
00000000000000000000000000000000
00000000000000000000000000000000
0727b67dd4fc03ed0f11f1e7c2eb41ef
42020ef1ebfca304f80035e79968b182
e68f83833f5130d63235fddd121371c3
be0322dd1f30ec519ef080002b3f6436
d460e63620f029fd03448fdf422f3cef
e0f4d5c5fbdd0b617b221a3dc1c2a18c
0c5c010e285db660fe0e0115d330e5f0
1e10011de7c4100e10f0efb1200f11f0
dde51f31ea24e0e5ee021810e12f8232
211efbe1b2727f1d020e4810d3ed0ed2
fcd0f11f48f40200e008502ed12ae2f1
e001d7f212f120f102fff1e0efe2e113
79ffcfae7f91cce7004d23c4de0c0dde
0e537fd6cf1e75bc140e11602ded3710
1aeaa002a7c214b30d61921dfba50a18
605172b93307127e5f1323e9b42745a4
36f1f02ed3c4e282ec0f11f00d5bd213
3208fde124ccdf2e74040d82217c999e
d2823e33222d21440e22ff3ffe302266
901e7bb2274273dde1de2d6193e67cf1
2bf2d33efe0151da8fe171fdf30fd441
470c014e405ada908973bf00e0497a74
d1f41f72ee1dc00300c0203e30c320f0
b13e114fecccb3eef4de2f204e852fee
122f8f1dcd14e022ec2013fcff243f24
113eff1d00fed1300fef0d05dd8160ef
4f130053f3304dd10486f824022e0dd1
14f02e7226a0e10310d332deefe240e3
2ed00fa0a3e42fdf30ae1b23322df71d
301ccca20e30c1abd16c382d16ddab30
ffa1937552923feecd6e2ed3c2b5b022
f0d7b00c23f1d741e1f3001e5cd1bd1f
00000000000000000000000000000000
00000000000000000000000000000000
00000000000000000000000000000000
00000000000000000000000000000000
00000000000000000000000000000000
00000000000000000000000000000000
00000000000000000000000000000000
00000000000000000000000000000000
00000000000000000000000000000000
00000000000000000000000000000000
00000000000000000000000000000000
00000000000000000000000000000000
00000000000000000000000000000000
00000000000000000000000000000000
00000000000000000000000000000000
00000000000000000000000000000000
00000000000000000000000000000000
00000000000000000000000000000000
00000000000000000000000000000000
00000000000000000000000000000000
00000000000000000000000000000000
00000000000000000000000000000000
00000000000000000000000000000000
00000000000000000000000000000000
00000000000000000000000000000000
00000000000000000000000000000000
00000000000000000000000000000000
00000000000000000000000000000000
00000000000000000000000000000000
00000000000000000000000000000000
00000000000000000000000000000000
00000000000000000000000000000000
f170d59b5cc1eedbd21c1ad2933b2eff
1eb547dff0e343de4e2f3442bf30fc1f
e32c4f3521703d7026b0fef3becf235e
024fd012fd811e32111fceede2503ff0
0f074f1b12d0d0e82d4c3fce524ee3e3
1a17220f1bc021c204f2aa24a4b2e13d
42e00cf3352e7d16100ec1c2e2b2622d
2212107e04c1411b7efe130374011331
5f27bb5dbeacf04c9d0604271d3cecdc
a2d9531d8e4f231631fdb1ff063e22e1
341a833c2923432526f7e8cf04bbbef3
1efe3f1eb10e320cb238420f5fdf0ec2
77207ac22dd7dd182a0eff0edffbb243
0101e11d0d2e1fd20eff48ffd0ef1f00
40c6076fa828d6bcff1306dfd4d3f214
1c364ecbbf376b2102d2b7fac3e06b73
cf40008c11bff9dfcdce0f221c222eb4
b0f00e1b1313f31e5732f00ce7f2af2f
9ef09fc5c45097cf578428eff300df86
430c80edcca30f3c47df3d4bf4d223f0
f423ff000f2202ef1cef073e1feefbf2
2fd2e0f005e08fbe30cc077add5d6135
1ef3fb8a50e02def00fe610032f46aa3
1f2012e923d3ecf25fd654f4e8cd3c3d
d2dc87a333d819f7cf7414b2204b0bff
2b01dd10bfe0b4e843d1e36f259e4016
1f41c42904a72d25f730d2acbe12c627
76ee7f19c1071043e40ed522ceff4311
21cbfa841b032f0e11b3dc11f332d004
4ce4136cfde32fcf2d7f4c4ed15b0280
42354102fc1fdf2370d6d1f02f4e0afd
0d2dfe5cf0f1ef0a07cbf1d21e310cae
00000000000000000000000000000000
00000000000000000000000000000000
00000000000000000000000000000000
00000000000000000000000000000000
00000000000000000000000000000000
00000000000000000000000000000000
00000000000000000000000000000000
00000000000000000000000000000000
00000000000000000000000000000000
00000000000000000000000000000000
00000000000000000000000000000000
00000000000000000000000000000000
00000000000000000000000000000000
00000000000000000000000000000000
00000000000000000000000000000000
00000000000000000000000000000000
00000000000000000000000000000000
00000000000000000000000000000000
00000000000000000000000000000000
00000000000000000000000000000000
00000000000000000000000000000000
00000000000000000000000000000000
00000000000000000000000000000000
00000000000000000000000000000000
00000000000000000000000000000000
00000000000000000000000000000000
00000000000000000000000000000000
00000000000000000000000000000000
00000000000000000000000000000000
00000000000000000000000000000000
00000000000000000000000000000000
00000000000000000000000000000000
074205f3086906930897085407d80b3b
0b3d07fd09f107af08f8078206e80750
07c705d507d7081309d509e508eb0878
0dfc0ddc05d008330b77053f0c550723
081107b7076d093306ec0aba0c0a081a
0a8b13b70a240664086609fe07a008f9
187e051f086a07da08d4033b0b9207df
06060605080d080d078e07e40d07089a
0af006ff06f806f00abb09f608680cce
078906bb0a530ac5068c0ac9094309ae
076708200a2a081f0cd10b7b0a060d36
09c40a84099609590bb80b0f0b4508e3
0a380bcd09d10749083807b3087809d2
07be0f9e0e05094705e208610c6b09a8
0728093c06f90b4409e90aa509a1083b
090c08b806a30a990ab407450b4d09ec
00000000000000000000000000000000
00000000000000000000000000000000
00000000000000000000000000000000
00000000000000000000000000000000
00000000000000000000000000000000
00000000000000000000000000000000
00000000000000000000000000000000
00000000000000000000000000000000
00000000000000000000000000000000
00000000000000000000000000000000
00000000000000000000000000000000
00000000000000000000000000000000
00000000000000000000000000000000
00000000000000000000000000000000
00000000000000000000000000000000
00000000000000000000000000000000
00000000000000000000000000000000
00000000000000000000000000000000
00000000000000000000000000000000
00000000000000000000000000000000
00000000000000000000000000000000
00000000000000000000000000000000
00000000000000000000000000000000
00000000000000000000000000000000
00000000000000000000000000000000
00000000000000000000000000000000
00000000000000000000000000000000
00000000000000000000000000000000
00000000000000000000000000000000
00000000000000000000000000000000
00000000000000000000000000000000
00000000000000000000000000000000
00000000000000000000000000000000
00000000000000000000000000000000
00000000000000000000000000000000
00000000000000000000000000000000
00000000000000000000000000000000
00000000000000000000000000000000
00000000000000000000000000000000
00000000000000000000000000000000
00000000000000000000000000000000
00000000000000000000000000000000
00000000000000000000000000000000
00000000000000000000000000000000
00000000000000000000000000000000
00000000000000000000000000000000
00000000000000000000000000000000
00000000000000000000000000000000
00000000000000000000000000000000
00000000000000000000000000000000
00000000000000000000000000000000
00000000000000000000000000000000
00000000000000000000000000000000
00000000000000000000000000000000
00000000000000000000000000000000
00000000000000000000000000000000
00000000000000000000000000000000
00000000000000000000000000000000
00000000000000000000000000000000
00000000000000000000000000000000
00000000000000000000000000000000
00000000000000000000000000000000
00000000000000000000000000000000
00000000000000000000000000000000
00000000000000000000000000000000
00000000000000000000000000000000
00000000000000000000000000000000
00000000000000000000000000000000
00000000000000000000000000000000
00000000000000000000000000000000
00000000000000000000000000000000
00000000000000000000000000000000
00000000000000000000000000000000
00000000000000000000000000000000
00000000000000000000000000000000
00000000000000000000000000000000
00000000000000000000000000000000
00000000000000000000000000000000
00000000000000000000000000000000
00000000000000000000000000000000
00000000000000000000000000000000
00000000000000000000000000000000
00000000000000000000000000000000
00000000000000000000000000000000
00000000000000000000000000000000
00000000000000000000000000000000
00000000000000000000000000000000
00000000000000000000000000000000
00000000000000000000000000000000
00000000000000000000000000000000
00000000000000000000000000000000
00000000000000000000000000000000
00000000000000000000000000000000
00000000000000000000000000000000
00000000000000000000000000000000
00000000000000000000000000000000
00000000000000000000000000000000
00000000000000000000000000000000
00000000000000000000000000000000
00000000000000000000000000000000
00000000000000000000000000000000
00000000000000000000000000000000
00000000000000000000000000000000
00000000000000000000000000000000
00000000000000000000000000000000
00000000000000000000000000000000
00000000000000000000000000000000
00000000000000000000000000000000
00000000000000000000000000000000
00000000000000000000000000000000
00000000000000000000000000000000
00000000000000000000000000000000
00000000000000000000000000000000
00000000000000000000000000000000
00000000000000000000000000000000
00000000000000000000000000000000
00000000000000000000000000000000
00000000000000000000000000000000
00000000000000000000000000000000
00000000000000000000000000000000
00000000000000000000000000000000
00000000000000000000000000000000
00000000000000000000000000000000
00000000000000000000000000000000
00000000000000000000000000000000
00000000000000000000000000000000
00000000000000000000000000000000
00000000000000000000000000000000
00000000000000000000000000000000
00000000000000000000000000000000
00000000000000000000000000000000
00000000000000000000000000000000
00000000000000000000000000000000
00000000000000000000000000000000
00000000000000000000000000000000
00000000000000000000000000000000
00000000000000000000000000000000
00000000000000000000000000000000
00000000000000000000000000000000
00000000000000000000000000000000
00000000000000000000000000000000
00000000000000000000000000000000
00000000000000000000000000000000
00000000000000000000000000000000
00000000000000000000000000000000
00000000000000000000000000000000
00000000000000000000000000000000
00000000000000000000000000000000
00000000000000000000000000000000
00000000000000000000000000000000
00000000000000000000000000000000
00000000000000000000000000000000
00000000000000000000000000000000
00000000000000000000000000000000
00000000000000000000000000000000
00000000000000000000000000000000
00000000000000000000000000000000
00000000000000000000000000000000
00000000000000000000000000000000
00000000000000000000000000000000
00000000000000000000000000000000
00000000000000000000000000000000
00000000000000000000000000000000
00000000000000000000000000000000
00000000000000000000000000000000
00000000000000000000000000000000
00000000000000000000000000000000
00000000000000000000000000000000
00000000000000000000000000000000
00000000000000000000000000000000
00000000000000000000000000000000
00000000000000000000000000000000
00000000000000000000000000000000
00000000000000000000000000000000
00000000000000000000000000000000
00000000000000000000000000000000
00000000000000000000000000000000
00000000000000000000000000000000
00000000000000000000000000000000
00000000000000000000000000000000
00000000000000000000000000000000
00000000000000000000000000000000
00000000000000000000000000000000
00000000000000000000000000000000
00000000000000000000000000000000
00000000000000000000000000000000
00000000000000000000000000000000
00000000000000000000000000000000
00000000000000000000000000000000
00000000000000000000000000000000
00000000000000000000000000000000
00000000000000000000000000000000
00000000000000000000000000000000
00000000000000000000000000000000
00000000000000000000000000000000
00000000000000000000000000000000
00000000000000000000000000000000
00000000000000000000000000000000
00000000000000000000000000000000
00000000000000000000000000000000
00000000000000000000000000000000
00000000000000000000000000000000
00000000000000000000000000000000
00000000000000000000000000000000
00000000000000000000000000000000
00000000000000000000000000000000
00000000000000000000000000000000
00000000000000000000000000000000
00000000000000000000000000000000
00000000000000000000000000000000
00000000000000000000000000000000
00000000000000000000000000000000
00000000000000000000000000000000
00000000000000000000000000000000
00000000000000000000000000000000
00000000000000000000000000000000
00000000000000000000000000000000
00000000000000000000000000000000
00000000000000000000000000000000
00000000000000000000000000000000
00000000000000000000000000000000
00000000000000000000000000000000
00000000000000000000000000000000
00000000000000000000000000000000
00000000000000000000000000000000
00000000000000000000000000000000
00000000000000000000000000000000
00000000000000000000000000000000
00000000000000000000000000000000
00000000000000000000000000000000
00000000000000000000000000000000
00000000000000000000000000000000
00000000000000000000000000000000
00000000000000000000000000000000
00000000000000000000000000000000
00000000000000000000000000000000
00000000000000000000000000000000
00000000000000000000000000000000
00000000000000000000000000000000
00000000000000000000000000000000
00000000000000000000000000000000
00000000000000000000000000000000
00000000000000000000000000000000
00000000000000000000000000000000
00000000000000000000000000000000
00000000000000000000000000000000
00000000000000000000000000000000
00000000000000000000000000000000
00000000000000000000000000000000
00000000000000000000000000000000
00000000000000000000000000000000
00000000000000000000000000000000
00000000000000000000000000000000
00000000000000000000000000000000
00000000000000000000000000000000
00000000000000000000000000000000
00000000000000000000000000000000
00000000000000000000000000000000
00000000000000000000000000000000
00000000000000000000000000000000
00000000000000000000000000000000
00000000000000000000000000000000
00000000000000000000000000000000
00000000000000000000000000000000
00000000000000000000000000000000
00000000000000000000000000000000
00000000000000000000000000000000
00000000000000000000000000000000
00000000000000000000000000000000
00000000000000000000000000000000
00000000000000000000000000000000
00000000000000000000000000000000
00000000000000000000000000000000
00000000000000000000000000000000
00000000000000000000000000000000
00000000000000000000000000000000
00000000000000000000000000000000
00000000000000000000000000000000
00000000000000000000000000000000
00000000000000000000000000000000
00000000000000000000000000000000
00000000000000000000000000000000
00000000000000000000000000000000
00000000000000000000000000000000
00000000000000000000000000000000
00000000000000000000000000000000
00000000000000000000000000000000
00000000000000000000000000000000
00000000000000000000000000000000
00000000000000000000000000000000
00000000000000000000000000000000
00000000000000000000000000000000
00000000000000000000000000000000
00000000000000000000000000000000
00000000000000000000000000000000
00000000000000000000000000000000
00000000000000000000000000000000
00000000000000000000000000000000
00000000000000000000000000000000
00000000000000000000000000000000
00000000000000000000000000000000
00000000000000000000000000000000
00000000000000000000000000000000
00000000000000000000000000000000
00000000000000000000000000000000
00000000000000000000000000000000
00000000000000000000000000000000
00000000000000000000000000000000
00000000000000000000000000000000
00000000000000000000000000000000
00000000000000000000000000000000
00000000000000000000000000000000
00000000000000000000000000000000
00000000000000000000000000000000
00000000000000000000000000000000
00000000000000000000000000000000
00000000000000000000000000000000
00000000000000000000000000000000
00000000000000000000000000000000
00000000000000000000000000000000
00000000000000000000000000000000
00000000000000000000000000000000
00000000000000000000000000000000
00000000000000000000000000000000
00000000000000000000000000000000
00000000000000000000000000000000
00000000000000000000000000000000
00000000000000000000000000000000
00000000000000000000000000000000
00000000000000000000000000000000
00000000000000000000000000000000
00000000000000000000000000000000
00000000000000000000000000000000
00000000000000000000000000000000
00000000000000000000000000000000
00000000000000000000000000000000
00000000000000000000000000000000
00000000000000000000000000000000
00000000000000000000000000000000
00000000000000000000000000000000
00000000000000000000000000000000
00000000000000000000000000000000
00000000000000000000000000000000
00000000000000000000000000000000
00000000000000000000000000000000
00000000000000000000000000000000
00000000000000000000000000000000
00000000000000000000000000000000
00000000000000000000000000000000
00000000000000000000000000000000
00000000000000000000000000000000
00000000000000000000000000000000
00000000000000000000000000000000
00000000000000000000000000000000
00000000000000000000000000000000
00000000000000000000000000000000
00000000000000000000000000000000
00000000000000000000000000000000
00000000000000000000000000000000
00000000000000000000000000000000
00000000000000000000000000000000
00000000000000000000000000000000
00000000000000000000000000000000
00000000000000000000000000000000
00000000000000000000000000000000
00000000000000000000000000000000
00000000000000000000000000000000
00000000000000000000000000000000
00000000000000000000000000000000
00000000000000000000000000000000
00000000000000000000000000000000
00000000000000000000000000000000
00000000000000000000000000000000
00000000000000000000000000000000
00000000000000000000000000000000
00000000000000000000000000000000
00000000000000000000000000000000
00000000000000000000000000000000
00000000000000000000000000000000
00000000000000000000000000000000
00000000000000000000000000000000
00000000000000000000000000000000
00000000000000000000000000000000
00000000000000000000000000000000
00000000000000000000000000000000
00000000000000000000000000000000
00000000000000000000000000000000
00000000000000000000000000000000
00000000000000000000000000000000
00000000000000000000000000000000
00000000000000000000000000000000
00000000000000000000000000000000
00000000000000000000000000000000
00000000000000000000000000000000
00000000000000000000000000000000
00000000000000000000000000000000
00000000000000000000000000000000
00000000000000000000000000000000
00000000000000000000000000000000
00000000000000000000000000000000
00000000000000000000000000000000
00000000000000000000000000000000
00000000000000000000000000000000
00000000000000000000000000000000
00000000000000000000000000000000
00000000000000000000000000000000
00000000000000000000000000000000
00000000000000000000000000000000
00000000000000000000000000000000
00000000000000000000000000000000
00000000000000000000000000000000
00000000000000000000000000000000
00000000000000000000000000000000
00000000000000000000000000000000
00000000000000000000000000000000
00000000000000000000000000000000
00000000000000000000000000000000
00000000000000000000000000000000
00000000000000000000000000000000
00000000000000000000000000000000
00000000000000000000000000000000
00000000000000000000000000000000
00000000000000000000000000000000
00000000000000000000000000000000
00000000000000000000000000000000
00000000000000000000000000000000
00000000000000000000000000000000
00000000000000000000000000000000
00000000000000000000000000000000
00000000000000000000000000000000
00000000000000000000000000000000
00000000000000000000000000000000
00000000000000000000000000000000
00000000000000000000000000000000
00000000000000000000000000000000
00000000000000000000000000000000
00000000000000000000000000000000
00000000000000000000000000000000
00000000000000000000000000000000
00000000000000000000000000000000
00000000000000000000000000000000
00000000000000000000000000000000
00000000000000000000000000000000
00000000000000000000000000000000
00000000000000000000000000000000
00000000000000000000000000000000
00000000000000000000000000000000
00000000000000000000000000000000
00000000000000000000000000000000
00000000000000000000000000000000
00000000000000000000000000000000
00000000000000000000000000000000
00000000000000000000000000000000
00000000000000000000000000000000
00000000000000000000000000000000
00000000000000000000000000000000
00000000000000000000000000000000
00000000000000000000000000000000
00000000000000000000000000000000
00000000000000000000000000000000
00000000000000000000000000000000
00000000000000000000000000000000
00000000000000000000000000000000
00000000000000000000000000000000
00000000000000000000000000000000
00000000000000000000000000000000
00000000000000000000000000000000
00000000000000000000000000000000
00000000000000000000000000000000
00000000000000000000000000000000
00000000000000000000000000000000
00000000000000000000000000000000
00000000000000000000000000000000
00000000000000000000000000000000
00000000000000000000000000000000
00000000000000000000000000000000
00000000000000000000000000000000
00000000000000000000000000000000
00000000000000000000000000000000
00000000000000000000000000000000
00000000000000000000000000000000
00000000000000000000000000000000
00000000000000000000000000000000
00000000000000000000000000000000
00000000000000000000000000000000
00000000000000000000000000000000
00000000000000000000000000000000
00000000000000000000000000000000
00000000000000000000000000000000
00000000000000000000000000000000
00000000000000000000000000000000
00000000000000000000000000000000
00000000000000000000000000000000
00000000000000000000000000000000
00000000000000000000000000000000
00000000000000000000000000000000
00000000000000000000000000000000
00000000000000000000000000000000
00000000000000000000000000000000
00000000000000000000000000000000
00000000000000000000000000000000
00000000000000000000000000000000
00000000000000000000000000000000
00000000000000000000000000000000
00000000000000000000000000000000
00000000000000000000000000000000
00000000000000000000000000000000
00000000000000000000000000000000
00000000000000000000000000000000
00000000000000000000000000000000
00000000000000000000000000000000
00000000000000000000000000000000
00000000000000000000000000000000
00000000000000000000000000000000
00000000000000000000000000000000
00000000000000000000000000000000
00000000000000000000000000000000
00000000000000000000000000000000
00000000000000000000000000000000
00000000000000000000000000000000
00000000000000000000000000000000
00000000000000000000000000000000
00000000000000000000000000000000
00000000000000000000000000000000
00000000000000000000000000000000
00000000000000000000000000000000
00000000000000000000000000000000
00000000000000000000000000000000
00000000000000000000000000000000
00000000000000000000000000000000
00000000000000000000000000000000
00000000000000000000000000000000
00000000000000000000000000000000
00000000000000000000000000000000
00000000000000000000000000000000
00000000000000000000000000000000
00000000000000000000000000000000
00000000000000000000000000000000
00000000000000000000000000000000
00000000000000000000000000000000
00000000000000000000000000000000
00000000000000000000000000000000
00000000000000000000000000000000
00000000000000000000000000000000
00000000000000000000000000000000
00000000000000000000000000000000
00000000000000000000000000000000
00000000000000000000000000000000
00000000000000000000000000000000
00000000000000000000000000000000
00000000000000000000000000000000
00000000000000000000000000000000
00000000000000000000000000000000
00000000000000000000000000000000
00000000000000000000000000000000
00000000000000000000000000000000
00000000000000000000000000000000
00000000000000000000000000000000
00000000000000000000000000000000
00000000000000000000000000000000
00000000000000000000000000000000
00000000000000000000000000000000
00000000000000000000000000000000
00000000000000000000000000000000
00000000000000000000000000000000
00000000000000000000000000000000
00000000000000000000000000000000
00000000000000000000000000000000
00000000000000000000000000000000
00000000000000000000000000000000
00000000000000000000000000000000
00000000000000000000000000000000
00000000000000000000000000000000
00000000000000000000000000000000
00000000000000000000000000000000
00000000000000000000000000000000
00000000000000000000000000000000
00000000000000000000000000000000
00000000000000000000000000000000
00000000000000000000000000000000
00000000000000000000000000000000
00000000000000000000000000000000
00000000000000000000000000000000
00000000000000000000000000000000
00000000000000000000000000000000
00000000000000000000000000000000
00000000000000000000000000000000
00000000000000000000000000000000
00000000000000000000000000000000
00000000000000000000000000000000
00000000000000000000000000000000
00000000000000000000000000000000
00000000000000000000000000000000
00000000000000000000000000000000
00000000000000000000000000000000
00000000000000000000000000000000
00000000000000000000000000000000
00000000000000000000000000000000
00000000000000000000000000000000
00000000000000000000000000000000
00000000000000000000000000000000
00000000000000000000000000000000
00000000000000000000000000000000
00000000000000000000000000000000
00000000000000000000000000000000
00000000000000000000000000000000
00000000000000000000000000000000
00000000000000000000000000000000
00000000000000000000000000000000
00000000000000000000000000000000
00000000000000000000000000000000
00000000000000000000000000000000
00000000000000000000000000000000
00000000000000000000000000000000
00000000000000000000000000000000
00000000000000000000000000000000
00000000000000000000000000000000
00000000000000000000000000000000
00000000000000000000000000000000
00000000000000000000000000000000
00000000000000000000000000000000
00000000000000000000000000000000
00000000000000000000000000000000
00000000000000000000000000000000
00000000000000000000000000000000
00000000000000000000000000000000
00000000000000000000000000000000
00000000000000000000000000000000
00000000000000000000000000000000
00000000000000000000000000000000
00000000000000000000000000000000
00000000000000000000000000000000
00000000000000000000000000000000
00000000000000000000000000000000
00000000000000000000000000000000
00000000000000000000000000000000
00000000000000000000000000000000
00000000000000000000000000000000
00000000000000000000000000000000
00000000000000000000000000000000
00000000000000000000000000000000
00000000000000000000000000000000
00000000000000000000000000000000
00000000000000000000000000000000
00000000000000000000000000000000
00000000000000000000000000000000
00000000000000000000000000000000
00000000000000000000000000000000
00000000000000000000000000000000
00000000000000000000000000000000
00000000000000000000000000000000
00000000000000000000000000000000
00000000000000000000000000000000
00000000000000000000000000000000
00000000000000000000000000000000
00000000000000000000000000000000
00000000000000000000000000000000
00000000000000000000000000000000
00000000000000000000000000000000
00000000000000000000000000000000
00000000000000000000000000000000
00000000000000000000000000000000
00000000000000000000000000000000
00000000000000000000000000000000
00000000000000000000000000000000
00000000000000000000000000000000
00000000000000000000000000000000
00000000000000000000000000000000
00000000000000000000000000000000
00000000000000000000000000000000
00000000000000000000000000000000
00000000000000000000000000000000
00000000000000000000000000000000
00000000000000000000000000000000
00000000000000000000000000000000
00000000000000000000000000000000
00000000000000000000000000000000
00000000000000000000000000000000
00000000000000000000000000000000
00000000000000000000000000000000
00000000000000000000000000000000
00000000000000000000000000000000
00000000000000000000000000000000
00000000000000000000000000000000
00000000000000000000000000000000
00000000000000000000000000000000
00000000000000000000000000000000
00000000000000000000000000000000
312ce1d7efd114f233ee3f23e1c0aa0e
f01f07113e0400f1212b91772f4f305c
e0feafdcc1ec3d3c7ef55521e11281ff
17cbc3b245c21ad22c31f2a2743a5f0a
dcecdacd06fd3c1c531ed30a34318931
47abce12f292b4c2fd608c03c184df02
2445570e3110c2002d1e210d0fc90fe0
204e1012d7f4afc11122df0efdb4fe12
34ef3e328ce2311f14f9e21129c0de1c
037ffd0fdcefc1edfdc3c051be30edbb
ee2ae3ed64903f467cdf14222200ccea
02045b70c1e50c20024151c050d1da45
34512510d1d21eec2af00f552fed801d
0cdd3e7f7270e59861bf9ee10db01f02
de25082511c32dac1d52042202f503d1
08aef30121ede2dced973215fd331ee2
bc511c2011f45accdb621d16008c7321
bc0083f917d2dc1c2e22f5fb90f100f1
ae4263ed7e5b212ccdcdeda0e04e6c05
b06000effe0f8f640152be252e3cd250
232acc740030e01354cf0c2aebadc204
2ec4a10bf3fda0d2bff2caed511ed72d
da2d180f2cf2010f2c16132fbd102024
22a00edf121f0118135e17acfd1bd011
d55dd30e3ce0fdd2e11f07253da27004
17dd3ab7ccd6123ecdd023f24bc1cbe2
7f6e4dc4b7f11ba44d06d2c0e4e5f3c3
d0e701e13d0df0450e22ee53d1be0f22
60e6b385abd1ef281d502221bcff2335
2d030016021c8e32f00031f321e0006b
8f3b905474365c2c01f24735a041292b
281410ce39f00ec54761d24f0c729f32
00122d44c1fdf5b12e36b7d3124f205e
c0df22397e757c30703ef7571d84e9f0
e2f90b1118c220e24eff2c271f135efe
e010e0f11605e2d0d04ce3281edd0020
a3fc21a4ebe56e21c300fe2812dcb141
0210440dc19f310723ccb71e0e6a4632
352051f012f1d3d01280f1ffd2cb35f2
2392e3f062e11be0f320208c1f1eecfd
21fcf42b1201d1f2ef1c1f1e182002cf
120c6f272cd66bcf6e22c21527c4c97b
0dc3be2e64613037d72106ca96d1f314
d428d269d4ef0bff220dc22f1344cbd1
f0ae107e2635e720d0e0971313f20181
e80e0e12d1f3fdee1d012e2ee41200de
01fd200ef03eb151218d00edcc2d033f
a4de3fb51afea150c7589ca72ce6ded2
3432131f42e0112a0de7b352ac14041e
bb5cce3e5ef22cc8ce15c3d590062d4f
b101db2d5f222ace9abd25f5dd8d630e
4c1ee4b263fac2bf7850e0ee11eb1300
2e1311e2fec0010cedc3fc84330111de
b1e6fb00fe83f4d50f5600a09efe0d11
ffc22303d7e1dc30b2501ed045f2dbf1
f0d0ee30200f2012f038ee011f10e1ce
d11732100416ba0d6c91c09b4d7112cf
0bf531710acb83ef10df4d3a0ff4ddf2
803cf3ee7747dfc5e00eca03202f3006
db7f0e58a2e8d4dd0ff111b4484dace1
757d12e1d2181100f10410c124bf0ba7
00f324553f240dde8fe4deffa201003f
83dedff511f7d5d0eb7f0fb00c14029e
f355c9bf5f3b56debd8f14f413fd0e7f
372141b2bee145424d5d312d0bd2c6ff
2eb2caa7d2dfbe91c33de4582b12d054
2e8f1fd24305eddf0e042eb170301152
10e4c2200f8e41ff3f1d1c242e3eee20
c40ec27358aedb0f8301c20a2433cf09
f1ee33221c356aad75fe3175b6f8ff5c
e402ec33f1300e482d0f423041d2f064
d446d020cec2ea31ec33202cfcf07483
2123f2ffe3d2e2c2f420d7d2efe06202
1ed17144202312129c010f3f5e2e3130
e03533f01d0d0e062aded19b18f0535c
27c0fc121d2fc40d1021f12c122ee12f
f24ded1f1e72bdf0d1f1c644fd0df23e
012e443ff43160dcbf14e803e0f13f0f
06419dd01ee70b52e6f42aff43f8ede3
0ddd85d4e64f02b152a3a2fdf036d452
112e122e41e10dc1034d80d0d10f1f0a
e7d0615b3bdc2f4a1bfe27bdff023210
303f04eb105e0f5872210ef5330ff38b
d7104c30dceb112eb2e25d3feb24fd4e
810d609c0ec8edc16e1b5eecee31e8be
02f282620e0f3f421f30b0fe202100e0
d83436f252c0f0de1efe0062fb0e1244
e0123a411fd0df3250d412c1a38d0c0d
c31c7b601bf82cb0620eff11021fd04d
011de63001ffcea0de45172001b10e30
8f0d5e102b2d01d82f0ff1f20a40dda5
520321db14d31fb541240687cb10f930
dcfe05031ae614f2e1c28d0e2310d2e1
f7303232a2d0d3ee753fea000e0dae0e
04dfac41ff2d235d72e223012e21c1f7
fe7f2ef3dd04e1ce28fdecc73dfed023
1cfbe2e2fe241b0b312ecc508f2233b0
bc778d8007b6401c3ee59204497cbff7
cc31124e5fd24fd252bf242eebeb1b73
d3ded0e02d2e403e2e0bf3359db1d470
3ffdc90f10b4317af2c0ee53d1e1feef
f32ed02dd00203e7fd3120e1d3ef4d11
11df5bd3333f2319bd2c2e274d504d9a
71f000cbfdf4f2e201c05cfe3e0f3054
3042eee0fe0f030c0077ef1024c03edf
4040702e2c0ee121ab143f1cfffb30e0
b436c890e1ae06bb1e31ecd5dfb283ee
d2dd696e0f24e44e13248237211c0351
fd211d22d02dc4002110de81aee3d02f
bce1d8303d62eea0ffd0421bd4e23bd0
1d50eea4432ee0d1d01e0710e043fa47
1d2ae1cdd1f2e773fbb4a3fe281f0300
02545ef037ff0e0debf0ef2f51ffa084
21c9714cd329b404367efb2091106f17
df0851effd03d39013f3e4ed3d21d3a2
71041eff2e1bd3d3a3124019650f334f
c26f92f757c2c1e1ff795e2252c714ee
84b4fcd1c01ff613d17ee22e423df274
217ed243f6e6f5b32effe21ff1df30fe
111e2edfff0e76f6ff7d26e2e134cd31
526f1f0f1ffe07983902221354143245
ed0e380b31e9014203e22f1cbc13a104
deff8132340319927ae5f3e334650d12
41d200f01df318013c4e2ded0fd01600
34ef0e07d3ff574e153ec1369cdb2eff
141c2f0ebe4c02200d171ade1b10ff0e
fa02e06e123de0f1ffdc7108e374edea
2e0f54ff51f712fa2103e20331108c0f
d7dd26e00b7dda080bbfe003060130f8
004ef912f20751c039c4a4e43dc3e465
08cd3fd010f20ee121b4030124202e4d
ff7f222c8e33d52e0d401247c42c52fb
2000e0fa0084161aff33f03f14d50f03
23cc5ee131d640863beb5cfe19e1e45e
fe9e1e1f94e1d7fe702ffa6f0126cf02
df1ecfb12df301b101b3c173fdd5de0d
4f53f0421f4bfc1e36e1dde2f10b08c2
f01c0f7163fbef252223f40471d7010b
0f00f04634043e62dcef1ec27fce53f1
200bc100ecf3bf1245f38a21e0c1f224
4c50a22057871edc59feb61cef2d7ad4
e02371d239ef2d342bce823c853fe007
a401e0270b2e04c0e11ec3111e27f38d
14b01bdd1123b4cff11c41228011d34c
c11557e23833fd13ccfa222ec6ef0bfe
df4ee190193c413f30d30f1daf061683
7f58265a5f8fea2d03b6eeb0e3694ffb
33e32e4bfffe0ed070df2e009ac6dfc4
f90402c1302d10f2e3efff118e42d00e
2d41d974f7a9a9ced03104bd4efc1d45
2172aacf43b0d24e52ec934af018f1eb
1e30f02e4d0034d11741f3f0daf30ef6
a128523efb0110e1f6e11ed20f2ee315
a0037a2b022f212f3afc3376e9d024b4
e11ac25d43dd2093713fc030fea42cc6
0373153a120a2b1424e5001cf0350fdf
8103bd23d22d0321d2f91ff2e140fb2f
ef0f022f0040dbeeee151ed0b830efd1
e750bf21f0de12100c283342511fcc31
02e4f7bc30d03ee1e33dd21bfe2f46ec
e021dde5301ce14e3df08c7bafe1eb0f
01ef22d21212141fcc31d1e482cb8e21
e5ef900b03eef3f82ee01a30fe2209c0
d3228737f61a35f170f1f3a6960401f3
bdc7d311cf1123b1fb41ef33c0f01de2
0d2fd01f0013114cffd703dd02db4f0c
4d6200100eea1ef1737bef689df2d122
1c0b5f2ee8dde1ecd39043041b01e0cf
1fe3e0cf6528f2e0d4e0fb43d50e1e0c
4edd2f0f923653bb04153007fe86b2c2
41010200d23e0fec0f0cf3fd0f2ffe07
3fed01b20d52f1df201e1e8e2ec23a45
a1048420f03ed34ca0a4158e042e1408
65fd0620491e002cca55fcd6ddd1dd38
42afeeefb0d4d417320332345247588e
0115f400e12e4301dff8d11f01ef0e51
d105d2febcb84f0b3b2a36b122e202c2
fcfcf1ea710f02ec60591cf384ff129a
fed0a6b01c20702ccc1edd3d2583714b
b5155d3510f5a38131fcffdedcf5cce6
9f7c3dcaad44030cf73f66e9d4e9af13
0d9e9de0e4cdc0fd65c33000d8139320
3b0eed444226ffddee1d021c0e102070
052dc903d533a4aee73d1dcefff0db5e
e3def12d373e5d5c30f4e6c0a524fac2
defc0eb71d04360051d71b1ffaf32023
1efd1ef337012e1fd4e035f122e21fe3
dd5271b3c3b01116cf0dafd3103000d3
106b141e6c9cb00f842c24c4e9e40fd3
ef2f0133d3bf7bcf2cf18d1fc42d2a19
304feee0ee10131246235371c233f1fd
7be3f827010cb1e97002022f010cce2f
c3119dcf271ef0ee44171f01b3da31d1
1f6e85373e04390134fe01d24bf1cf56
cf01d0112a111e010120ee2ee80eb510
e0f41af33ad0613d40f7ee3d13f7ed1f
12fd0fcc07bcf01ce8da4e487afd100f
0dfc2d42f40e2c02fb4e01030e0fe082
0731ee24312fffdd70c224feea042e06
702f13b02033e1d6ba1cd47dfcf150e9
fcdf0d8f50e2d035175ffed1f0ee01c0
f2e9d6374cd5015c1233c8ba6f2ca0de
13101fe04f24f2f3f100f1f2f20f0f18
134eee691a0d55ad527125f13ac7e3d5
a10b0f43ce1e4e40083e3ec123ee1133
d6f2f10f0ebf3c7f720405f55efdf048
2f3f64aecec4d7ec5d181f81c97594d4
3c9b2eca072a13230fcfecd0d2171644
51e9f32d2efc036f103b1ff7c1d2e06f
def64a004032d82229223f20ff871811
eaf012b709a0617c3fd00013d10e12ef
de1cbb2d328dcdbf4efa1c33d3defe2e
2200fe123134dfd47fbdf21fde9fe7ef
2ee33311dd60ea52e3c485f2f0f5002e
0e7afb4d2152f15236ee024c542c10e3
d0070eec2ef2c9db31023f3d0402f227
f463f437ddf3d14041de4f4d3fe3efa0
21e0b120bced3ccefbae4951fd0f4fb7
0c11a80d111430d04c01e35571fe0eed
3361fba2e06ec7edc874231e2f4af17c
2c0047b7bb5e123b0302cd42aec51e0e
2e10cf340dd143d3b0be21ff1b82d05b
8d114f3c332351cee42611c1d1001fdf
d1037d50b01f9ff30da4d175c1e0e41b
5deabb3152fcd7d3feb0dd90c1fa275b
1dd312d313115cce5700c4c0d292dbd1
cf0592f15002d6d25ba8df0f00d5cd62
dc15bf647b10f13bcab2e825f1f8d756
1d271debf11c3e7262d0dd9bef43ddf2
cd030224ffd1d5f7c4e7270146f2ce03
e11d03fcbbf20dd2fa02eb28532f3053
fe31e41e41fe21d0ef0f2a083bfdf1b1
ddcfbede62df0e47037f461e1513acf7
b2120f0f05c0fdeefd0f037f421000c4
45fb50bbf03b420b204141e1a5b5c8a2
fbcf80d3f5f7b902d100cebb3204de01
fd533efff0feddec32198220f3f22100
9a233a21310c503def50f6b4eff30185
7614431e0ffeeeddf303fe41f2f4feeb
17ffec141329310c2f6fb40cf30e31ff
b0d24ee43f1a280d103bdc51f021e701
15fcf2a5f0c3ef09bc6ffb3036d83bd1
d1fe21ff4ba012dd272fdf41b7f0d1be
ff400d87c531bf1fb8301cc9c3e2de02
f021bfefdf0001cff21d15b44d1eff75
2e5c2dc103e4030d2dfcff0f8ec0fbf5
0fd14df56623cc42f5f0380dc2e2010e
0d12ffd1d7fc67fb5d21ef95fae2e543
4dd047d0f01ef1006cedfef6df16de21
1f0c705f4de2de3d37f4fef3fef1e8b0
b1154c7d02a21691cff7d62ee8d44c1d
443e74205a40440974523a163fde2e22
0202d3b42d2d1fbf8ed0ef3ff9ad62ce
ef8f51240be70cff06b4b4ef3320a43c
c029ef0c73e01021300fef2dde0e2e26
bf44c0f0109f012da21ff081ffcaed1f
018c01ce017a012b01bf01a2018101c5
01cc01d90224018e0227024c020d020a
02bb01e100fd0167018c022401620171
017002240197025c014a0179023b0271
0143017c01b101bb023c01d2024b01c6
01410237026201d8023a0213019b0139
016501730235013601a6017501e7017a
0133015701d001bc013301b1018401bc
01680199018b0196018201e30238014e
01570215017d020501e2013c01bd016a
025601b4024601a701b0022701730123
01e00270020401a201a901a801f601f1
0175017b022801d80196023f013d01ce
0164018a0167024b0209015601e10173
01f10218019e022b016501b901e501a5
01ed017b01c301df0244023a021d0125
016b01a3011a015901bb01e4016b01b2
01a7012f01dc023c015f01b801d20207
0230025301d501c301c001d301d501e4
0249018e01d3022201b901d701b901ae
023c016d01a2016001a0024b020f01b1
012e024a0189018c013c0283015a0152
018f01a601b201d901ba016002a40180
024c025001c50125022e016f019401ce
018f01c4015201b8020a019c017901f0
017201ad01b501cb020d018501a9015c
01ba018d01df01a3024b0124019301dd
01e9018f01fa032601ae01d802470205
01b3021a01b701a60254019d01950158
019201e6029d0143014801a2018a016f
01be018c026a01f1014f016e01590153
0208015e0237014301c5021001a001c8
00000000000000000000000000000000
00000000000000000000000000000000
00000000000000000000000000000000
00000000000000000000000000000000
00000000000000000000000000000000
00000000000000000000000000000000
00000000000000000000000000000000
00000000000000000000000000000000
00000000000000000000000000000000
00000000000000000000000000000000
00000000000000000000000000000000
00000000000000000000000000000000
00000000000000000000000000000000
00000000000000000000000000000000
00000000000000000000000000000000
00000000000000000000000000000000
00000000000000000000000000000000
00000000000000000000000000000000
00000000000000000000000000000000
00000000000000000000000000000000
00000000000000000000000000000000
00000000000000000000000000000000
00000000000000000000000000000000
00000000000000000000000000000000
00000000000000000000000000000000
00000000000000000000000000000000
00000000000000000000000000000000
00000000000000000000000000000000
00000000000000000000000000000000
00000000000000000000000000000000
00000000000000000000000000000000
00000000000000000000000000000000
b10c3f3217cec015c3e134a20626d10c
4b501bdee141fe2e119d078d1784be15
0d23d1e2f2d419ed3edcfd80321b3afc
50b004023e194ddf0e11ebf613e84ffb
2eebc05432f150ddfb50b8eea10e03d3
24c30cc3aef33323a70d02e2054c10cd
15fcd561221117a40f23cc07dfe41f4f
562cb7631767babcd1c18e0433536ff4
1fe4fe2dff5ccffffb450c024182153f
83430314f22d0f01f0f011affe04dfe2
261218fd3d140b011f13105201c0f120
626f42e589e08f1feb0f2d713f3344d2
efcd1e2edecf224d5ff04da2d747fee3
040e2411bc11742a213f0f02f44fe0ba
b29f240fdb4902e2c92b100ee0db1b17
33c3d1f1ddf0c4efba0a1d4f1f48f0f3
c52f8f17d31f90e01fe7483a7fb5dffa
5c033d1d5020df2313fae610b81dd4c0
90021ddf3053102012f9d3c0d1f8d09d
b912dc002160fd2fee6d32fc8fe10532
ea017c1b7dcb67651113bd6c21720823
9027c741fef612e163f414fde22b4d3f
f0a02c0e112ddf010e000120ed38f0ff
0cd3421f63d6f54f21f4e0ec7f933262
31f21ff4b080121e50110160364810e0
edff47f0f348f4f3eaf99e1776b10343
401dd240ead221fe411c8e75855fe315
07fc00d410f3df4c34f11fccfe8bef24
2ac708f6707706e5e232f12261e0dfd3
18fd744dc05b4ead417c4f5e543315e1
ef12215f7e50134e403a7dd734cf8b4f
1232010e424670bee01e3dd2ee2c02e2
ee02e4de4120201810c22d1203bdfe33
5f8e13cea5ce01e5d53f1afd4373e22e
cb4a72566419e359e14cfa6710672d61
9031ae21fd31f0e1eda1d389474ff2d7
2fff272d4f6fdecaee02c6c66221ee42
2654fc0fe701a17fce42f0000ef01f22
f0f70d612f1dd1f0f32df3efe122f3e3
01e231032ed44fe0fd42e7fe3023e014
1bc144f205b130b0aeb340cee0310473
36fefd1f3c1cc90d2f230140ce8f3b01
e1ee2ffef003712112e02c11ef031ce0
30e01c11d2ff1714fdef51e102ed313c
c3de1beee383ca4e4f0f24fe0ec2f0c0
ff207fdc111734ed0f32ec113e081200
dbcd1b50db122ccf030e804e21ddf221
fa915bec0b71d72d1f6aa180f4db32de
1f0960358c65f64a201b22a9c1f8ade2
fcf67271b7d1445d6ea00bf5c8033ffc
13b2fd21c1efb2157cdd2e0531b5e285
e0eee1f146286bfee0f1090ccd70fdf4
f4e4034923c0e0710412d2ad71373b00
2cedcf38b30645b310fea4fc91fbfd15
fbfe1802514213d1e1cf01e1aef28254
5cdb1e0de5f13e1ce082c5ab12e130c4
fd3fb3708161ac17ef0256730bd1d2d3
6f20801fce0b5015cacdbe4cd0d3d01c
ea4d2ee1c13d78f026b83d6d03100b0d
8cbfc3e105f112fbe0112122d724d43d
ff2fd023281f01c4ee0507212f23ef4e
810dc6db21f01c30c5f11d1ce35efc05
02c3ff1e37fef1eed75de48b0212e222
e2030fe5b2cc21db90f6e4a5e0320e73
72e02335202ff9bdd1253d392e0c3f5a
1275b0da21cd4662277af7e913feeed0
d2340fe3ee2aed82d205ef2c0322f03d
701344fa628ce4205f45e1f030b17ee1
ce5fd0d0024c0f05f077212a2c2ee333
4ae8240211cdd405ecd3233d5e142011
29d3f6c31df411e011cd77df22eb1d0e
04d6b0d42ff2ce2cc08e24292fffdc3c
1c24db01480b5470fb3ea122347445ca
200340ff10422fd10e7ffce1b1d0f2c3
0dfa12bb21110e022d0d0ea3e80fc4f5
d2d2f32240e2dffc44b6e37ffee01cfd
df546012e7df9c0f2cf3223ea1e03444
fe2d62ff00370d6c52527a113cd0e012
35c46437eaf7f014012d6a3400593032
acfe2fb329ec827e2a3cdcafff1decfc
cc10cb0cc9ed0c3dee8c051cf5a61401
4640f23f01a5114485f1e11e18e4fcd5
686fbe1dc72def2b2be1d2315dca6020
d4b37c0202f3e36e83ef25000f6e7d1f
264d0df41374c835eafe1b1c3200fdf0
cbefcd33f0f223e100c0f1cda470e0e0
53e474db011aba0f4e403d47fd23e45f
1246f34e72dc13732ab5d1e7c131d02b
ef15f69dc7ff2b0b741d70f0b54fc117
0f2d0afe131173051f40fd00e1103132
d3e3e8f3ac014001efc14ef1ed02e240
21e4f32f1c0ff2ed0f34f08a164151e1
0d163297bb2731f24212fdfd472d2d0f
d27f224bfe5c734701f2d62c0004e444
f371c3d6071c13ebb4fde1331d0b22ff
1d8d40423e3fd908116e9134d0c06123
3139f601157330f2e4e2341e1c7f1404
a173f6d241c011f122ef81c15e1f665f
2ed0505b1ea1a1f5ca3ded5e2d7024d3
1ed0412f1f03a10d0c071ff322e0edef
df31451de0e802d3232122c40ff20f30
aa3f1011f61feb3121070c3f11e024f1
f0c1151f124cce0cb3d4e3e2128fed30
d0c383c630d1fec1211e37f142240d48
40d20dbae4eef22dceff5a3202ce5976
e3d3dd3f207cf2cb2f2d20ef432fffa0
5f311e91f0eb66021233d0ea0e0c8e99
4f52dc24f054a700602011feda071e10
107f14af2ff000c0f50eef1fe1289e1b
b3724723d1fe05d07142f20431c1ac24
4d00f49ee10f6df4f434ecb20fe720dd
3ec41bdd3f0f335eb237de000edd5a03
c247cc221fdfed20b46230701d4f3205
b5c5ce54ebe4c2edf22d431d028d30c2
bbcd1f2a25e9b0836f950d13fa2ca11e
ec2ff39f0ff5e364f002b1abf0fec37c
243b17814c3ff05c181b5c00d20007b4
1212dc1dd20fa8d232422132d31dae12
dd692273ed4850301327d0e280130120
d15b1fe71679eece120e000c018e00f3
1028d0f21d31fd850fbf640100e9eee2
2ff000f4f1e10c824cd2f1344dfdff4f
162ff034201a1e4e1eb717fcaaf04171
efef104ed20c0e000c2ed34202384e01
f7e13201d03c23000e134a4de1352c14
271fee0d37d00b153002ff059c2c31ff
1cc6dde0df02c302120f1f2be1724db1
f14bbfc2d83fe330a420e2dfe47f221f
2f020ec2e42451225b48232e013be3db
1fecd2a420241d0d840e253f0011d30c
af10b33e6500ee1d352def3cfe7547e3
d41d0c131206863feec60001e51edfdd
0f009e6dde1c61f30e1fe41b74df12ed
e17b244f207e231f9d470c42e041d171
fe271437aa0c201efec13cd2df42f422
ecce313c0e24630597310033e4e2fe3e
33f031fdf3b108d1cef14130343d5b20
ee55c5d13b8e043f1e2df1beee1df1cd
8df1d50bffee2dd4920f01fd1010fd6b
f410e7edc43ed132ed4e2f2e4d0f213f
250329d4fff2503b0f1d16e10e6e80c2
30f000e3e320df0f032add3da840d323
3e3fe007d2ade200e2eef86eff3c7c36
7011142c4ed4240ed33cec3f922ef3df
22f202eb322f21e1ccee1170c5940412
99a40130001480bd0ccd5c111cdc1ed6
c5c540cc0119ec3d31fc6e5107d1f0d4
12223f231b04f0fffefcd373ee410d20
bed7d711e2e82ac36fd3902beaf71321
cf00b11e0c01f01e2c1000d2f2f48022
b155103f32c10043d5acda080efea11a
3176de99c7b0eed7bffa6e0c50616041
80ff2c2e12f2001fe0d0c1d2dcef101e
2ee542742f2f3ee0111422422cf3f3d2
d40d61c62d3207501e2ebe1d32115eec
20de003e154c4cf7ecb7c6ce2133a22f
3c303ee4fd074efcf423f0c228ad0b07
dccfba0c80ef21331d22c5a10df18e11
00ff5f717e11023eec20045f8644f04e
e4032d2f214f4f32200e300800f132e3
203742efd6f04d2d8eddbd225f18d4f0
30f2eac2f32078fe20610efd15f240d2
4060eccde201cdd3df92c1147f06ff24
ef062ce281320e0f113f11e11fc3f5fe
4170e22cf4ef10fffee3e02d8ad4d5b0
d8ff2e400d83a72f243d1a00c1bfd4c0
201e22998e301051e2deffe1b2f0c0f7
59b1254b5b45ac6c2e0f37021bcfc842
e1812511ee23f414cd0f0733cee02f0d
c08cd3dd5f14d4cf0d64b02702b4ff61
20e7e33ed02fff1151e38025f011f031
7131dc34fcd0ecbf06ebf5671e0f2fd0
d11e20f2e2d926f3c73612227ef5f88e
8523dfe14fe1ee5021d2dd02f140c430
9f5020dffffe21e025402117ecc0c013
8ec2f133bf521dd04da0e0421be321de
4c048e1114fde09440d01a30a7e232d9
32bcd3033df2f01e2503cf014eed802f
575e523303a0fc6be0e25ee635fb1171
30e101fa1ef2039de217eef70b30f0ef
f527f5c74414407eef221153f105d313
22061f1163fe012ec113df21edeb618d
7153c890f413e04bf0e3de42fe6dfce0
3421fcf16df22d732ff1455e4e6e7cfc
ef3f0bc2ff1d2213ebd2842e33b02337
e045ec0d1f5e9614b031d2d200e812de
2d34d14e26fe60d2380de1e023dc1c53
1102db6fb0252ffc30ccee7edefdef8d
ae0c74c601ffd10141eefaf2cf1f796e
ece0f12b02dd714041012de12020f25e
1f1415c066433a7f4cfd3e04176a7ec2
6f34dd4e03c01eb5acd48d2ed1115bac
1f2c291212e2632017c7b17243230fd6
91ae2230385bb3121ff23af11dfcd4c3
fffc7e0136ae6c7624011d72df044291
f4d7c2a22fd3d8ee2cde4242fec2f51d
cba13ec185658fc40de01011e2cfe3ce
ca1fe3c2fbc135075f1014502d117690
d507b015558ded4a03471047d3c3bd7b
e0de0517d2a4ec415e1b84e53ccb04ff
5d211232e37f13013ebfff329d0dbe1a
714e6f7300232192cb58e2e52ba1ff50
31f0a1f319fb27dc1421720f001e3e1d
25fb1ed01fe152d10d3b14b14df70fe3
131efe311212d4e20ea0b5ff2e2ff381
b00413790f5afedeff3d361bedd12010
133d4fc59e917313f4deee23274f6352
0104f1bcb0e175f020e9f15aed4c3ee9
e804f374ae04024ff5f0dd20d461b131
a1cf526cb11f50f4f2bbe02d9f3ed183
fdbc2fe680f64de25ce31dbfff1ef600
bed1c0cdcdd5d3be111e248230df01dd
272b2f4ff16a34deee0e0e170e30fbef
48c0f40082109e59f01172dd53f4363d
e065e2dd254742219381c6f0fb2cd251
71140ffe6020ef6103ad12f53f3d11d7
bbf1f0f331ffd132ff01e21130e501d8
2ea23cfcd552eff30e025f27e0f72cc0
af0c17e4300a6b02515820db5a240cfc
4c3ad02183d1c19ed3322cdc44324f07
1b301d3d29231e00fe8d0ffd71b10bfe
01f0dff82d8bfcf4d26a21fd132ab2f1
e114fd0a45e0c00e52e220fdf27ed4d2
c4acd66dfe6d2e146517104e14060f04
a8aaf91faefabddd454e5b5c7ee0de0f
f302cdd00e2c0aefef53151fd00c2e7f
282ddea6e22100d0eb132ee12110020a
45f61ec607c03df71d6eef11d2d2024c
bc0fbfdd31f1de710c30403ddfeef101
e4ef0e2f125510dd3e05f03218d0de3f
230062dd070f13fd03ee1fde2d8cfe22
1321ef04240f302d7d4f021dbf145272
d93f36df24ee212061a77cdb243e3141
1dbf202e16d02075fe41ef35eb73f2f5
4e0033c414731ed138623b0bfe513330
35fe3ff4f1812e20cf422f0eddf0dfd6
31a111a31ad0d0ddd29ac204e4197dfd
35b8fd07469bd1ab1f5311fd3badf15e
b7074666a02e6f5012de06eadcbce5f3
431dd145b11c3d0df040ef1e775f2eaa
d07235ff6be3541d5bc82c117357dee3
b3962e127f1fced13fb3733ff38830f3
2ffe5ace12cfb2d280934230112ed5ef
8ed2c4d10f1024c0d3d01101b2fd11f3
b3c2071f0a1e67faabce6a4020b4e755
18f1a2ec41d3df340b4595dfdb9e7f81
d2dd3c23626dddbe1656ddbe67c88c7d
ff342f0d92d5f3f0232c25e0e20bfe72
02dc812c22b402efe152eefddf2bf0ed
0f93de4bd0f22502fd02c1182140cc1e
306c22f1f3014187111f1f52055d2316
1bceddf1ff6d0cdd3fe324e4e2ecc721
1b5c1ed2a05f5b0d2be245189f29f6e0
cb0514256c1ac00cbe1f10af60b2385d
dfb63ee1d05444fc2b2ee52208a3e101
ed0f29d71fcee34ef110241d07221e3f
02f703c702ed02f3025d034e02ff0359
0341037403390399028d02b402cd0358
02c002b7032d03410337040c034a038f
02bb036b03280295029a038d03470278
029d03590446049d03d703e403680326
0384031a03de039f0286041d031303a7
03d70387030b0477047503210383037d
039d02e7032d03b602bc03a1031f028d
02e30285038803e102da03b102f00326
032603fb0341033502fe0381038c0304
035803d9041c034303b8028203210251
034d02b702f802c1026203bf031f05c4
03bd03cf04910297040e03e1032302fc
0361033a03f603180261030a039202b0
02f502cb025002ef038b02e502ed02be
02b50423033004260374031f040c0401
031f03c802a702ed02c602ff02d203a2
0348044d039b0301040d03db02df02bb
03fa037803f803a1041f036e03c703ca
03f60374033304b4047d03aa030a0417
038c02e4030904a9034803da036a02e6
048d02ae03070408038803d102e505d1
030d03b4030003ec02dd02ef040a03d4
02c1041a037a02e302bf03a5048a0360
031a03e40330020c02bd029b033302af
039503dd03250273042902ec029e0423
029d035b03c60370024f025402e40342
039602ee037303e401d80306028602cf
037903de04fe02cb02fe039902ff028a
031f02d903c1040303aa032602eb02ab
032b043803cd02d9031a035203f60461
03ee02d70418030603d80278038f033c
00000000000000000000000000000000
00000000000000000000000000000000
00000000000000000000000000000000
00000000000000000000000000000000
00000000000000000000000000000000
00000000000000000000000000000000
00000000000000000000000000000000
00000000000000000000000000000000
00000000000000000000000000000000
00000000000000000000000000000000
00000000000000000000000000000000
00000000000000000000000000000000
00000000000000000000000000000000
00000000000000000000000000000000
00000000000000000000000000000000
00000000000000000000000000000000
00000000000000000000000000000000
00000000000000000000000000000000
00000000000000000000000000000000
00000000000000000000000000000000
00000000000000000000000000000000
00000000000000000000000000000000
00000000000000000000000000000000
00000000000000000000000000000000
00000000000000000000000000000000
00000000000000000000000000000000
00000000000000000000000000000000
00000000000000000000000000000000
00000000000000000000000000000000
00000000000000000000000000000000
00000000000000000000000000000000
00000000000000000000000000000000
00000000000000000000000000000000
00000000000000000000000000000000
00000000000000000000000000000000
00000000000000000000000000000000
00000000000000000000000000000000
00000000000000000000000000000000
00000000000000000000000000000000
00000000000000000000000000000000
00000000000000000000000000000000
00000000000000000000000000000000
00000000000000000000000000000000
00000000000000000000000000000000
00000000000000000000000000000000
00000000000000000000000000000000
00000000000000000000000000000000
00000000000000000000000000000000
00000000000000000000000000000000
00000000000000000000000000000000
00000000000000000000000000000000
00000000000000000000000000000000
00000000000000000000000000000000
00000000000000000000000000000000
00000000000000000000000000000000
00000000000000000000000000000000
00000000000000000000000000000000
00000000000000000000000000000000
00000000000000000000000000000000
00000000000000000000000000000000
00000000000000000000000000000000
00000000000000000000000000000000
00000000000000000000000000000000
00000000000000000000000000000000
00000000000000000000000000000000
00000000000000000000000000000000
00000000000000000000000000000000
00000000000000000000000000000000
00000000000000000000000000000000
00000000000000000000000000000000
00000000000000000000000000000000
00000000000000000000000000000000
00000000000000000000000000000000
00000000000000000000000000000000
00000000000000000000000000000000
00000000000000000000000000000000
00000000000000000000000000000000
00000000000000000000000000000000
00000000000000000000000000000000
00000000000000000000000000000000
00000000000000000000000000000000
00000000000000000000000000000000
00000000000000000000000000000000
00000000000000000000000000000000
00000000000000000000000000000000
00000000000000000000000000000000
00000000000000000000000000000000
00000000000000000000000000000000
00000000000000000000000000000000
00000000000000000000000000000000
00000000000000000000000000000000
00000000000000000000000000000000
00000000000000000000000000000000
00000000000000000000000000000000
00000000000000000000000000000000
00000000000000000000000000000000
00000000000000000000000000000000
00000000000000000000000000000000
00000000000000000000000000000000
00000000000000000000000000000000
00000000000000000000000000000000
00000000000000000000000000000000
00000000000000000000000000000000
00000000000000000000000000000000
00000000000000000000000000000000
00000000000000000000000000000000
00000000000000000000000000000000
00000000000000000000000000000000
00000000000000000000000000000000
00000000000000000000000000000000
00000000000000000000000000000000
00000000000000000000000000000000
00000000000000000000000000000000
00000000000000000000000000000000
00000000000000000000000000000000
00000000000000000000000000000000
00000000000000000000000000000000
00000000000000000000000000000000
00000000000000000000000000000000
00000000000000000000000000000000
00000000000000000000000000000000
00000000000000000000000000000000
00000000000000000000000000000000
00000000000000000000000000000000
00000000000000000000000000000000
00000000000000000000000000000000
00000000000000000000000000000000
00000000000000000000000000000000
00000000000000000000000000000000
00000000000000000000000000000000
00000000000000000000000000000000
00000000000000000000000000000000
00000000000000000000000000000000
00000000000000000000000000000000
00000000000000000000000000000000
00000000000000000000000000000000
00000000000000000000000000000000
00000000000000000000000000000000
00000000000000000000000000000000
00000000000000000000000000000000
00000000000000000000000000000000
00000000000000000000000000000000
00000000000000000000000000000000
00000000000000000000000000000000
00000000000000000000000000000000
00000000000000000000000000000000
00000000000000000000000000000000
00000000000000000000000000000000
00000000000000000000000000000000
00000000000000000000000000000000
00000000000000000000000000000000
00000000000000000000000000000000
00000000000000000000000000000000
00000000000000000000000000000000
00000000000000000000000000000000
00000000000000000000000000000000
00000000000000000000000000000000
00000000000000000000000000000000
00000000000000000000000000000000
00000000000000000000000000000000
00000000000000000000000000000000
00000000000000000000000000000000
00000000000000000000000000000000
00000000000000000000000000000000
00000000000000000000000000000000
00000000000000000000000000000000
00000000000000000000000000000000
00000000000000000000000000000000
00000000000000000000000000000000
00000000000000000000000000000000
00000000000000000000000000000000
00000000000000000000000000000000
00000000000000000000000000000000
00000000000000000000000000000000
00000000000000000000000000000000
00000000000000000000000000000000
00000000000000000000000000000000
00000000000000000000000000000000
00000000000000000000000000000000
00000000000000000000000000000000
00000000000000000000000000000000
00000000000000000000000000000000
00000000000000000000000000000000
00000000000000000000000000000000
00000000000000000000000000000000
00000000000000000000000000000000
00000000000000000000000000000000
00000000000000000000000000000000
00000000000000000000000000000000
00000000000000000000000000000000
00000000000000000000000000000000
00000000000000000000000000000000
00000000000000000000000000000000
00000000000000000000000000000000
00000000000000000000000000000000
00000000000000000000000000000000
00000000000000000000000000000000
00000000000000000000000000000000
00000000000000000000000000000000
00000000000000000000000000000000
00000000000000000000000000000000
00000000000000000000000000000000
00000000000000000000000000000000
00000000000000000000000000000000
00000000000000000000000000000000
00000000000000000000000000000000
00000000000000000000000000000000
00000000000000000000000000000000
00000000000000000000000000000000
00000000000000000000000000000000
00000000000000000000000000000000
00000000000000000000000000000000
00000000000000000000000000000000
00000000000000000000000000000000
00000000000000000000000000000000
00000000000000000000000000000000
00000000000000000000000000000000
00000000000000000000000000000000
00000000000000000000000000000000
00000000000000000000000000000000
00000000000000000000000000000000
00000000000000000000000000000000
00000000000000000000000000000000
00000000000000000000000000000000
00000000000000000000000000000000
00000000000000000000000000000000
00000000000000000000000000000000
00000000000000000000000000000000
00000000000000000000000000000000
00000000000000000000000000000000
00000000000000000000000000000000
00000000000000000000000000000000
00000000000000000000000000000000
00000000000000000000000000000000
00000000000000000000000000000000
00000000000000000000000000000000
00000000000000000000000000000000
00000000000000000000000000000000
00000000000000000000000000000000
00000000000000000000000000000000
00000000000000000000000000000000
00000000000000000000000000000000
00000000000000000000000000000000
00000000000000000000000000000000
00000000000000000000000000000000
00000000000000000000000000000000
00000000000000000000000000000000
00000000000000000000000000000000
00000000000000000000000000000000
00000000000000000000000000000000
00000000000000000000000000000000
00000000000000000000000000000000
00000000000000000000000000000000
00000000000000000000000000000000
00000000000000000000000000000000
00000000000000000000000000000000
00000000000000000000000000000000
00000000000000000000000000000000
00000000000000000000000000000000
00000000000000000000000000000000
00000000000000000000000000000000
00000000000000000000000000000000
00000000000000000000000000000000
00000000000000000000000000000000
00000000000000000000000000000000
00000000000000000000000000000000
00000000000000000000000000000000
00000000000000000000000000000000
00000000000000000000000000000000
00000000000000000000000000000000
00000000000000000000000000000000
00000000000000000000000000000000
00000000000000000000000000000000
00000000000000000000000000000000
00000000000000000000000000000000
00000000000000000000000000000000
00000000000000000000000000000000
00000000000000000000000000000000
00000000000000000000000000000000
00000000000000000000000000000000
00000000000000000000000000000000
00000000000000000000000000000000
00000000000000000000000000000000
00000000000000000000000000000000
00000000000000000000000000000000
00000000000000000000000000000000
00000000000000000000000000000000
00000000000000000000000000000000
00000000000000000000000000000000
00000000000000000000000000000000
00000000000000000000000000000000
00000000000000000000000000000000
00000000000000000000000000000000
00000000000000000000000000000000
00000000000000000000000000000000
00000000000000000000000000000000
00000000000000000000000000000000
00000000000000000000000000000000
00000000000000000000000000000000
00000000000000000000000000000000
00000000000000000000000000000000
00000000000000000000000000000000
00000000000000000000000000000000
00000000000000000000000000000000
00000000000000000000000000000000
00000000000000000000000000000000
00000000000000000000000000000000
00000000000000000000000000000000
00000000000000000000000000000000
00000000000000000000000000000000
00000000000000000000000000000000
00000000000000000000000000000000
00000000000000000000000000000000
00000000000000000000000000000000
00000000000000000000000000000000
00000000000000000000000000000000
00000000000000000000000000000000
00000000000000000000000000000000
00000000000000000000000000000000
00000000000000000000000000000000
00000000000000000000000000000000
00000000000000000000000000000000
00000000000000000000000000000000
00000000000000000000000000000000
00000000000000000000000000000000
00000000000000000000000000000000
00000000000000000000000000000000
00000000000000000000000000000000
00000000000000000000000000000000
00000000000000000000000000000000
00000000000000000000000000000000
00000000000000000000000000000000
00000000000000000000000000000000
00000000000000000000000000000000
00000000000000000000000000000000
00000000000000000000000000000000
00000000000000000000000000000000
00000000000000000000000000000000
00000000000000000000000000000000
00000000000000000000000000000000
00000000000000000000000000000000
00000000000000000000000000000000
00000000000000000000000000000000
00000000000000000000000000000000
00000000000000000000000000000000
00000000000000000000000000000000
00000000000000000000000000000000
00000000000000000000000000000000
00000000000000000000000000000000
00000000000000000000000000000000
00000000000000000000000000000000
00000000000000000000000000000000
21d12e0f82fe032c242bb243ffe7ec43
fff2dd411eed633dce50b01fb30f7347
c1e03f2c241c304547b5e04f3cb1583e
1fff2c572fef7fff212f31d02ca23a8f
3a712eeef340141ef3f97f111fbe3b34
b2ffe340bfe705ffd202227d34c00f32
38b524fbdd931462efa3771bed4e4bed
1fb3e031c50c04ba1df017602ec0ef25
d3e6012ec691de303521c255e225fd71
1dbe143edf1cdcb21187032c4110604d
ee12803f4a9f43a24bddc0ef011011b2
7ffe0d01010c8fef2f2173c01f10c303
0d50e03ccf2d7022fe6f7eeafb00562f
45800fd3bb12b02c2a05f4a011d31ea1
a2f3501fd8e90e2f13c07d7f00ffd61e
06cb08744a0a5107ea10e3040a1301b2
ff0e6cf1956f4ea1b3e46c5f0e022484
e42de522e4f4f128fe4552d3f02eb1ef
f33a11f27ebdf3211fef4cf3e0ddceb0
cd1f091fcdd1017e05f31e14a1c3fee0
0e5e014ee02f0e43f22a038245de3ff0
210238c3fb004b1f3147014fef308b0c
0d04222f1f27e35f1ded40045624e13e
fbed22e8ae101cff0ae02413eef011c0
d20122240d2521b4d240ec2c73c0c1c1
414505b0b4e8e41c03cef2055047026e
c1171c43de13e3d0c0401fffe3d01eff
ed010a3d1f7158ee357d46ecee30b5d7
12ef435000c2f31ef301201174cfb310
ed13adcd787eade29c4d334dacffff32
92ccef60d33673622d0f1d1ee430c9e0
7202e1d3230fd3e0fe03ef2d023ff0d3
f10502527dd43cf0f11f2f03df113f32
32e724221523e26103212410d11ff323
1d1002f2731dd002d0c4fd251343cfff
204e316139b0100fd3d8403381f434ed
f10d402e26f1eea03e2010237bc40f2c
fce177c0df23f310320df713450c01e0
fa042eef8d4eced1410a12f112110210
e601e27a0e8ef170fd0e2001ed2fe93f
0bae000e5c81c0f340d9ab11031f3bf9
00bf7f35331f74e52b72dfd5b2d1f5f2
d7e653f3bbc1200f7ff577d0213a2fe1
d4d5fbfc37230af73b00d214f6123262
5142f4ad2fdf2f6ee032173dd73428e6
1050f0fdf7e44b2509d533a452e200a3
2df0ed87e51d12c02ccf75412b13d33f
ec12c103df04f803e3a4f063d01d4410
94f6116e551a961d47e2fe0b3efff79a
e42010cafbe1e4673001ef10f3e0032c
e820e0195eef0ffe0f023fed43ef2350
1cd13f4114d18412cd1e3d1e341c12ef
47dffc420daff23209d09111360ef034
41ecf38c221214f452403eb00fef2ff2
01070f4034363dc295020fb15eafdf2f
61d17b33afdf22c10351e317f10227cd
2b2222fc52d17eed100defc13203423e
e4405bf04bd32c520070136e0db3dd12
2ca410a3b145e5c4d241c68211161aa1
d2e57d0305d2c4c504be77af4e02bbe0
769f130c2f1511dca9cf0220b4e2fe0c
fe7b142042719efc03cafbf0d508c4f0
e44ef2fd6ed23bfe27ca33c63595a772
2edac12e7d6f4ff4ee1e3bf3eaf01612
7c32fc913eefb54fd11b603fde08163c
2eb0e3006cdef414463b233df7cd1714
ee8f1a0bd92274ef3604f74a2fff4631
2312e91845ef02aefcfc2d02aeeaee62
62cf0d24de7ded115332f5a3f4c1a3d1
2ed40f30632ff8e8d0a62bce40241def
413811100f03f34f10e22100d1fe3ea2
0df463030f1deff7c0f1c10bece19e36
ef01d01100fef0e8bec03e221032f2f0
ccf0f020c0f0122211102d1454211f17
41eaf9fcb0c50c181be374f2149feefd
5ce5150d63d1ff1f704f210eff840011
d1122624320100f32210b8d1af1f0301
d109eef03d4bccf722d103c9791d9633
728446341e7412b2440b4f67e0cfab2f
254e2a414030cd9ffb110b3680e36133
2d6ebed6d7bcca661bec4ee707120243
2fcf52d00f042cfc47cce11eef081dbd
cad5ee612943feec22bd3b1a05390d82
110e04b18111f2fcd203ae230ae10531
06ee2dec000f9031e311c1312c7f300e
ef149020145d7fe130daff247cf3f0b5
f1dd0b1d2122322c1b01e00d1970c21e
3b0513c758d3f201f0142fe1b2c2f3f1
130fd0e1de0d3180f2fcfa141471024a
dc1ec241cff0c0e08f233111b113f011
142e58bbef0c1fbffdaed0e31c10b113
e3d33157120bd5eee200d24323f40533
fd23317e163dcc1d37e2f02103c2ef52
e1452f4c1e0412cebf5201d0c7cf0f35
fb3542efe20e4244ecf17c91f1e17f12
f3a0ea0120e36ee0cfd94e7033e9221f
2da3fefb410f4e4f6ef85d10f52421d3
d211104002e32d20f8044203601a88cd
1cb4dd2738073f8984ca53120fe41009
7c01c13e0ee2beacf1431d11c412042c
7141b3d7fa322214e1f124ffc44d50eb
4cf30c59310ed91f7fec60eae7e2ffb1
037ebbc00db1ebb3d0100010d902be2d
f0bc0f22cd201f68ed630d23100efc1d
11c6284cfbbd10f165bde03ee2a1541d
c6e5d21ba9430fc11cfcbf14bf1b1b70
34eff2f3141dfe84050004c00e7ceefb
cef100b381de77d07a1d3f52e1330511
c3e332d278047d004fc2f51feee50af0
c0072f446f5f0a21a0136a34f5cd94d5
e2c0d7f240013c0342eff1ce0d1bfcf3
d0ec72e2540bedb70f0e1531cf015f0e
ec7a0cd453e8e651bab08d0c0fdfe0be
c2e14fad81d6414ffdeff46eb22a4d02
7c3da472225bf253c9e135ea18f33d85
0f4b7f7cf3596fdef4ef0f21f40d2140
0dbce1003ffd321cddef0de27d02f4eb
b3f0c52a14fffc9f7253fe1df557ec3d
1227071cf335ede3337e1e053c507fc0
dc7b1c6fc841b65ab72aa26bc13ff95d
8e4d27dc62dcf2f74143318a3fced615
f2dd01008fe033eb2112d111af0200d2
0b2d2ab71a03f0df31d231362f74c083
d3fdef0dc58c1a3d64e218634527452d
c5a0cc1000b0733e1ef304e6e00dddbc
020143e1f23fd3caff1c308331e20eef
001def0742047f4fe1bf15201043d1c7
21f1ae4ed02825f15ddcdd25030f0113
44ccd0cee1f0bf2f0311003b232715ee
0d02ef10e41023f02d1df0103282513d
51df204f2e600cbe20d7dd0433ea201f
ef335ed43e0ffef02672211e71d101fc
03125ebbfe0c3801f4c0dec3c55e6c52
ef0cefd7e309d00fd420f10d40c2f531
3489efbdcf4fefdcfe915dfc4e562320
d2a07f3d011216e1ff0d34121d13dbe1
1dfed8230b3f1ecb230a15d00c21f630
ffd3e2cf627ee3f01f13ee10f0de53df
0ebff4141fd32ee123e022d10387af46
0df21ef524f1e325baf2e6ff7e5e04d1
c42010e335e0481dd10c243cff0529bd
610def3407afef7220932ea4db2f1c74
5d1101dad2b9030dc0ce3e1109fc2803
b86b0e5a41e3421ee00f03f34d64d4ef
e60aff317e6116f20d311320f302644a
d013e51e0500f2f518d223e7fe0f2c6d
1d11287123d0063ff21fe1f1032f443b
12d81411cba0a311c2315120c1d0dedd
e2201b13f70ac251c51f1e10bf2de662
08f320433de25fec321ef451cfd2460b
70f1a03ec904d4d02ba041fd7ea3e2e2
dd373101ae02ffb1c36f1c1442f037a2
e43233b0283ffe002415b802df132d04
f4e7cb094d4d3fdf9c1ad7ef0d9c0110
000caf2144ef14ab10f6d2a7f121f137
e02021622f7ede3ee23f2157d4022338
7e313011114fefedfe0dd0f2df100fb2
4e0211f01236f54051d132c32a017187
d4eee4025310d4086ed0070d0f7a8e21
2d4ddec621408701f00000f2cd42d6af
5109d38d07d4d613fdf2d4010c85d6e0
4f390bf4f4e4f0e3f2bd2d4e10e07517
fbf10f2dbfc8ff56d296a20ca1f4300e
102cb60fcd0fd12212850f1130c0e3e2
3f1e50cd02123cf7d0ac51b11e01e4cf
1d3c27ac14eff24acfdf1ef320d8f013
cdd7f11deb1f34eded2ef5dfdd7c54f2
bf33e020f8f2eeff04f6ebf001303e53
edebc071f0d45cfee17de25feffc33f2
2132fd102f7d2326420f11c5da30cc7c
dfd24cb21e5d231bd3120e32424741a1
9b504cf3e20102fecfdd4f81de31112f
1c8f032e3d20de3a232e41fafc442f0e
2022ece51ddf0e512bf110032e2700ec
1e0c1cf3311e20e008fc3fff20cf2fb1
b7942c25403de01ef4e92514c890cf04
fbe11de5e2b43de1537352c3f10f3e56
44b01d118e4202123f11ff1f00f1514f
20ee3d11dd297ffd93fdd1170c11d990
f4fe24bbeecfb317022050e99dfb6b02
de2e21c50012b0430f2d60158e13ffcf
e0c4e5f30ef630f7ef1fd321f1cc4eff
4ff9b3508e40252230a142f622efc044
20d3de059901ef1efb03c1f547ee4106
101216351d6cfd81fb39c535a1d2f1ad
e95718fb7d5b347ea0032cc01fe0cc04
0012d012de81ffff1f10d1f41c9f0021
21e30c05820c62f03273300e3ec0dfd7
733ac3eef12c2b2221bf5e14cff64dfd
f97901017b023e0c640e1cf203c06477
04dd384ce41530f4100ce5ff0e32e343
550c5e41f02ba4a288f2d1f52e33df00
2ae6b2050caf4a14e624e2d5201f7567
3311e1d2f23e0133143ee001c3fdeb8e
712031c3ccd32ff1ee2e1cfbd12335ef
2ee13e0bec43821090512f47e40dffe5
3c212f8901c33d1cedbd3002c11fe206
f1e03de57321e5cd04e12241fdf52332
e3cf82e011ee022fe4d2ff2f6e21ff3e
874805d777fdf6c9c635d51eec826af1
10e3e410ce2df35c4b5002227ce34104
26d013c819b210e35af41d4184ae303b
f3f1fd4020f261f81ed353823ef10cbb
4ca15d7fa512eed9de21876e7d116e4e
d4af03fcd630d8c440671ee21fe2f110
fe71bef02abe0d262eeb6d1afcc4f32e
f9b70810706221144bede030fa0c971a
bc14fc141f5a30cfd4a0e21cfb16711f
a0e3204efe3d50db24dce8a5fbd7207c
351a37dfe13e0b66441520ed31b2051c
7c004d7d3c922203f13226e1310494e5
27f47e13db0402321bd3da03c22c2f22
eddfc10d123eed8f0f4fefc41ccb2bfe
fe053420c7442e3712602033b2b27234
cc3efddc10f0310b22f0e28622f4f0f5
4be9215743648c53b9d0212a62e8fe33
3f49c13a7db0f04be5904900761bc1a2
ff3009f503db24f15f23f3d3f822415e
1f6dde1222fffff54432b20018370110
6c2e45e4f5141fe51e0ef5e8f0d1f137
7ee73ed100fc2122cfe495ebb2140e4b
fc1984efef311b0144d2313a1eff4030
05323dec1b273904d5f30ff21ff51132
28ed2ff3da85b2cff25d0bb010efddb4
1b01e4cf5e26aadd6150d48ad551b22b
aed140c0365020f25e8c103d33e151ff
39e30323100378001d1f2ef841f2447f
1032c42013cc00c6ec02ce512e83e410
e4f41d5e8f13f0dfc1b52d2fd11f6334
02e8f9be12d000f1b9f220b1f6d50a30
2d240d100d4ea04f24a1fca00970f1e1
02f250140e01e5fe1c18022f030ae3de
e02eb5018e010f0e10fead24f3f20c2e
1cc12b20347270432b40b4fa3fcee3df
1473a843f76c43af3f112fe2e20070d4
56a267bd62f62e4817fb361a3fe2fddd
132ab30f80252348ffc3400ce135271c
e3bfbdc1353eb0f4efeb8b149f3395e3
2533bdbd23bd12efb104563ef7cf60ef
5e2f141ee2d866e474cfdfcda3be1a33
b7a3f4ba4f11fbfeb0d020af3df1f8cf
dd1201bde221fc8f3e2133f6cef0d6fe
3c00df926144d413cfa273c186fc2f23
1a2f4b63b7f4a8c1921f19d0de915030
a7c0cfd39edf73d39f1230c4423f49fc
25f80420f21342b2140fd04106e33cb3
6e51f02fec2fcf470b3f02e395c22c49
d25152171261258aa4e34e53d7bc05fe
0111630211e0c72d1c2ec711b18d300a
0f124d2452e85102521fdd2d0b2fde2f
f1ee2e2e00cd21c26781c63f6eec5fcf
7d0beef5b1e8fedfe2243defb04fff0e
0c82e32620c40e31d9db0f3b35ed5d9b
33d0217effcc23fd4221d10100e020ff
f21ddc8bba205f12ff01f79c1f4341fe
a1b048fc579e6ee9000804bfcf430075
11a216d30d8f112c0d3f12940c1810e6
0dd5117b0c260e68117112740bf61137
146512a90e67131a146e121b12610ee7
09ac127b10c0123219b5125014650cb9
103a1658146f0e6d10880f42194c0d91
0d2010580f85121110b60fca107b0e15
0d8b0ab60c00133f0d5d0def12680e84
0ef40d9a0f6711890df60a2d0d110c88
100a1219117f0fd20c6c0b790d190efe
10cd0ff615c712af0cb30f2f0f430fb7
11a012f80c7c10810e7e12bb139d1496
0aef0f92137b149d13fb0e8c12f51142
1097084f14fc0ee90c670b670dbf10c6
0faa0a9612770d1010a80861140917f2
10a910ec0eef0e350e31174914871366
0e5910dc0c561a7c11f30f5c11d411bf
0ef80c0c0eca167a0abc0d680edd1571
10f615d50fcf0d4b0f520d100be00f1f
11b00e100f2111bc0d6912dd0f4a1780
108014f41368103f0d16149b105a18b0
10df0f5d0d2d0ef3116a0b1f0c630c85
09940e9b0d2710460f2e11e80ce90c21
0cd4112d0df70f7e0b550fcd0f430f64
0d770cf30f62105810c81261123c12bd
10a912250f6011fc0c2a12990d060cc0
0d2212e30d7c12cc0cb90fbd0c551082
108915610b450fe10e211491160b0daa
0bd510790ab30ec60eaf0f3d0f6e10db
164b0bff0c210e2a137a0e6d0ca50f22
0f9c10b0107a0d63113d16340e840c14
11f80c5a15420ebf0cd20f98123a0eb7
0b400e170f9b11dd0fe3113b0d8a0cea
00000000000000000000000000000000
00000000000000000000000000000000
00000000000000000000000000000000
00000000000000000000000000000000
00000000000000000000000000000000
00000000000000000000000000000000
00000000000000000000000000000000
00000000000000000000000000000000
00000000000000000000000000000000
00000000000000000000000000000000
00000000000000000000000000000000
00000000000000000000000000000000
00000000000000000000000000000000
00000000000000000000000000000000
00000000000000000000000000000000
00000000000000000000000000000000
00000000000000000000000000000000
00000000000000000000000000000000
00000000000000000000000000000000
00000000000000000000000000000000
00000000000000000000000000000000
00000000000000000000000000000000
00000000000000000000000000000000
00000000000000000000000000000000
00000000000000000000000000000000
00000000000000000000000000000000
00000000000000000000000000000000
00000000000000000000000000000000
00000000000000000000000000000000
00000000000000000000000000000000
00000000000000000000000000000000
00000000000000000000000000000000
00000000000000000000000000000000
00000000000000000000000000000000
00000000000000000000000000000000
00000000000000000000000000000000
00000000000000000000000000000000
00000000000000000000000000000000
00000000000000000000000000000000
00000000000000000000000000000000
00000000000000000000000000000000
00000000000000000000000000000000
00000000000000000000000000000000
00000000000000000000000000000000
00000000000000000000000000000000
00000000000000000000000000000000
00000000000000000000000000000000
00000000000000000000000000000000
00000000000000000000000000000000
00000000000000000000000000000000
00000000000000000000000000000000
00000000000000000000000000000000
00000000000000000000000000000000
00000000000000000000000000000000
00000000000000000000000000000000
00000000000000000000000000000000
00000000000000000000000000000000
00000000000000000000000000000000
00000000000000000000000000000000
00000000000000000000000000000000
00000000000000000000000000000000
00000000000000000000000000000000
00000000000000000000000000000000
00000000000000000000000000000000
00000000000000000000000000000000
00000000000000000000000000000000
00000000000000000000000000000000
00000000000000000000000000000000
00000000000000000000000000000000
00000000000000000000000000000000
00000000000000000000000000000000
00000000000000000000000000000000
00000000000000000000000000000000
00000000000000000000000000000000
00000000000000000000000000000000
00000000000000000000000000000000
00000000000000000000000000000000
00000000000000000000000000000000
00000000000000000000000000000000
00000000000000000000000000000000
00000000000000000000000000000000
00000000000000000000000000000000
00000000000000000000000000000000
00000000000000000000000000000000
00000000000000000000000000000000
00000000000000000000000000000000
00000000000000000000000000000000
00000000000000000000000000000000
00000000000000000000000000000000
00000000000000000000000000000000
00000000000000000000000000000000
00000000000000000000000000000000
00000000000000000000000000000000
00000000000000000000000000000000
00000000000000000000000000000000
00000000000000000000000000000000
00000000000000000000000000000000
00000000000000000000000000000000
00000000000000000000000000000000
00000000000000000000000000000000
00000000000000000000000000000000
00000000000000000000000000000000
00000000000000000000000000000000
00000000000000000000000000000000
00000000000000000000000000000000
00000000000000000000000000000000
00000000000000000000000000000000
00000000000000000000000000000000
00000000000000000000000000000000
00000000000000000000000000000000
00000000000000000000000000000000
00000000000000000000000000000000
00000000000000000000000000000000
00000000000000000000000000000000
00000000000000000000000000000000
00000000000000000000000000000000
00000000000000000000000000000000
00000000000000000000000000000000
00000000000000000000000000000000
00000000000000000000000000000000
00000000000000000000000000000000
00000000000000000000000000000000
00000000000000000000000000000000
00000000000000000000000000000000
00000000000000000000000000000000
00000000000000000000000000000000
00000000000000000000000000000000
00000000000000000000000000000000
00000000000000000000000000000000
00000000000000000000000000000000
00000000000000000000000000000000
00000000000000000000000000000000
00000000000000000000000000000000
00000000000000000000000000000000
00000000000000000000000000000000
00000000000000000000000000000000
00000000000000000000000000000000
00000000000000000000000000000000
00000000000000000000000000000000
00000000000000000000000000000000
00000000000000000000000000000000
00000000000000000000000000000000
00000000000000000000000000000000
00000000000000000000000000000000
00000000000000000000000000000000
00000000000000000000000000000000
00000000000000000000000000000000
00000000000000000000000000000000
00000000000000000000000000000000
00000000000000000000000000000000
00000000000000000000000000000000
00000000000000000000000000000000
00000000000000000000000000000000
00000000000000000000000000000000
00000000000000000000000000000000
00000000000000000000000000000000
00000000000000000000000000000000
00000000000000000000000000000000
00000000000000000000000000000000
00000000000000000000000000000000
00000000000000000000000000000000
00000000000000000000000000000000
00000000000000000000000000000000
00000000000000000000000000000000
00000000000000000000000000000000
00000000000000000000000000000000
00000000000000000000000000000000
00000000000000000000000000000000
00000000000000000000000000000000
00000000000000000000000000000000
00000000000000000000000000000000
00000000000000000000000000000000
00000000000000000000000000000000
00000000000000000000000000000000
00000000000000000000000000000000
00000000000000000000000000000000
00000000000000000000000000000000
00000000000000000000000000000000
00000000000000000000000000000000
00000000000000000000000000000000
00000000000000000000000000000000
00000000000000000000000000000000
00000000000000000000000000000000
00000000000000000000000000000000
00000000000000000000000000000000
00000000000000000000000000000000
00000000000000000000000000000000
00000000000000000000000000000000
00000000000000000000000000000000
00000000000000000000000000000000
00000000000000000000000000000000
00000000000000000000000000000000
00000000000000000000000000000000
00000000000000000000000000000000
00000000000000000000000000000000
00000000000000000000000000000000
00000000000000000000000000000000
00000000000000000000000000000000
00000000000000000000000000000000
00000000000000000000000000000000
00000000000000000000000000000000
00000000000000000000000000000000
00000000000000000000000000000000
00000000000000000000000000000000
00000000000000000000000000000000
00000000000000000000000000000000
00000000000000000000000000000000
00000000000000000000000000000000
00000000000000000000000000000000
00000000000000000000000000000000
00000000000000000000000000000000
00000000000000000000000000000000
00000000000000000000000000000000
00000000000000000000000000000000
00000000000000000000000000000000
00000000000000000000000000000000
00000000000000000000000000000000
00000000000000000000000000000000
00000000000000000000000000000000
00000000000000000000000000000000
00000000000000000000000000000000
00000000000000000000000000000000
00000000000000000000000000000000
00000000000000000000000000000000
00000000000000000000000000000000
00000000000000000000000000000000
00000000000000000000000000000000
00000000000000000000000000000000
00000000000000000000000000000000
00000000000000000000000000000000
00000000000000000000000000000000
00000000000000000000000000000000
00000000000000000000000000000000
00000000000000000000000000000000
00000000000000000000000000000000
00000000000000000000000000000000
00000000000000000000000000000000
00000000000000000000000000000000
00000000000000000000000000000000
00000000000000000000000000000000
00000000000000000000000000000000
00000000000000000000000000000000
00000000000000000000000000000000
00000000000000000000000000000000
00000000000000000000000000000000
00000000000000000000000000000000
00000000000000000000000000000000
00000000000000000000000000000000
00000000000000000000000000000000
00000000000000000000000000000000
00000000000000000000000000000000
00000000000000000000000000000000
00000000000000000000000000000000
00000000000000000000000000000000
00000000000000000000000000000000
00000000000000000000000000000000
00000000000000000000000000000000
00000000000000000000000000000000
00000000000000000000000000000000
00000000000000000000000000000000
00000000000000000000000000000000
00000000000000000000000000000000
00000000000000000000000000000000
00000000000000000000000000000000
00000000000000000000000000000000
00000000000000000000000000000000
00000000000000000000000000000000
00000000000000000000000000000000
00000000000000000000000000000000
00000000000000000000000000000000
00000000000000000000000000000000
00000000000000000000000000000000
00000000000000000000000000000000
00000000000000000000000000000000
00000000000000000000000000000000
00000000000000000000000000000000
00000000000000000000000000000000
00000000000000000000000000000000
00000000000000000000000000000000
00000000000000000000000000000000
00000000000000000000000000000000
00000000000000000000000000000000
00000000000000000000000000000000
00000000000000000000000000000000
00000000000000000000000000000000
00000000000000000000000000000000
00000000000000000000000000000000
00000000000000000000000000000000
00000000000000000000000000000000
00000000000000000000000000000000
00000000000000000000000000000000
00000000000000000000000000000000
00000000000000000000000000000000
00000000000000000000000000000000
00000000000000000000000000000000
00000000000000000000000000000000
00000000000000000000000000000000
00000000000000000000000000000000
00000000000000000000000000000000
00000000000000000000000000000000
00000000000000000000000000000000
00000000000000000000000000000000
00000000000000000000000000000000
00000000000000000000000000000000
00000000000000000000000000000000
00000000000000000000000000000000
00000000000000000000000000000000
00000000000000000000000000000000
00000000000000000000000000000000
00000000000000000000000000000000
00000000000000000000000000000000
00000000000000000000000000000000
00000000000000000000000000000000
00000000000000000000000000000000
00000000000000000000000000000000
00000000000000000000000000000000
00000000000000000000000000000000
00000000000000000000000000000000
00000000000000000000000000000000
00000000000000000000000000000000
00000000000000000000000000000000
00000000000000000000000000000000
00000000000000000000000000000000
00000000000000000000000000000000
00000000000000000000000000000000
00000000000000000000000000000000
00000000000000000000000000000000
00000000000000000000000000000000
00000000000000000000000000000000
00000000000000000000000000000000
00000000000000000000000000000000
00000000000000000000000000000000
00000000000000000000000000000000
00000000000000000000000000000000
00000000000000000000000000000000
00000000000000000000000000000000
00000000000000000000000000000000
00000000000000000000000000000000
00000000000000000000000000000000
00000000000000000000000000000000
00000000000000000000000000000000
00000000000000000000000000000000
00000000000000000000000000000000
00000000000000000000000000000000
00000000000000000000000000000000
00000000000000000000000000000000
00000000000000000000000000000000
00000000000000000000000000000000
00000000000000000000000000000000
00000000000000000000000000000000
00000000000000000000000000000000
00000000000000000000000000000000
00000000000000000000000000000000
00000000000000000000000000000000
00000000000000000000000000000000
00000000000000000000000000000000
00000000000000000000000000000000
00000000000000000000000000000000
00000000000000000000000000000000
00000000000000000000000000000000
00000000000000000000000000000000
00000000000000000000000000000000
00000000000000000000000000000000
00000000000000000000000000000000
00000000000000000000000000000000
00000000000000000000000000000000
00000000000000000000000000000000
00000000000000000000000000000000
00000000000000000000000000000000
00000000000000000000000000000000
00000000000000000000000000000000
00000000000000000000000000000000
00000000000000000000000000000000
00000000000000000000000000000000
00000000000000000000000000000000
00000000000000000000000000000000
00000000000000000000000000000000
00000000000000000000000000000000
00000000000000000000000000000000
00000000000000000000000000000000
00000000000000000000000000000000
00000000000000000000000000000000
00000000000000000000000000000000
00000000000000000000000000000000
00000000000000000000000000000000
00000000000000000000000000000000
00000000000000000000000000000000
00000000000000000000000000000000
00000000000000000000000000000000
00000000000000000000000000000000
00000000000000000000000000000000
00000000000000000000000000000000
00000000000000000000000000000000
00000000000000000000000000000000
00000000000000000000000000000000
00000000000000000000000000000000
00000000000000000000000000000000
00000000000000000000000000000000
00000000000000000000000000000000
00000000000000000000000000000000
00000000000000000000000000000000
00000000000000000000000000000000
00000000000000000000000000000000
00000000000000000000000000000000
00000000000000000000000000000000
00000000000000000000000000000000
00000000000000000000000000000000
00000000000000000000000000000000
00000000000000000000000000000000
00000000000000000000000000000000
00000000000000000000000000000000
00000000000000000000000000000000
00000000000000000000000000000000
00000000000000000000000000000000
00000000000000000000000000000000
00000000000000000000000000000000
00000000000000000000000000000000
00000000000000000000000000000000
00000000000000000000000000000000
00000000000000000000000000000000
00000000000000000000000000000000
00000000000000000000000000000000
00000000000000000000000000000000
00000000000000000000000000000000
00000000000000000000000000000000
00000000000000000000000000000000
00000000000000000000000000000000
00000000000000000000000000000000
00000000000000000000000000000000
00000000000000000000000000000000
00000000000000000000000000000000
00000000000000000000000000000000
00000000000000000000000000000000
00000000000000000000000000000000
00000000000000000000000000000000
00000000000000000000000000000000
00000000000000000000000000000000
00000000000000000000000000000000
00000000000000000000000000000000
00000000000000000000000000000000
00000000000000000000000000000000
00000000000000000000000000000000
00000000000000000000000000000000
00000000000000000000000000000000
00000000000000000000000000000000
00000000000000000000000000000000
00000000000000000000000000000000
00000000000000000000000000000000
00000000000000000000000000000000
00000000000000000000000000000000
00000000000000000000000000000000
00000000000000000000000000000000
00000000000000000000000000000000
00000000000000000000000000000000
00000000000000000000000000000000
00000000000000000000000000000000
00000000000000000000000000000000
00000000000000000000000000000000
00000000000000000000000000000000
00000000000000000000000000000000
00000000000000000000000000000000
00000000000000000000000000000000
00000000000000000000000000000000
00000000000000000000000000000000
00000000000000000000000000000000
00000000000000000000000000000000
00000000000000000000000000000000
00000000000000000000000000000000
00000000000000000000000000000000
00000000000000000000000000000000
00000000000000000000000000000000
00000000000000000000000000000000
00000000000000000000000000000000
00000000000000000000000000000000
00000000000000000000000000000000
00000000000000000000000000000000
00000000000000000000000000000000
00000000000000000000000000000000
00000000000000000000000000000000
00000000000000000000000000000000
00000000000000000000000000000000
00000000000000000000000000000000
00000000000000000000000000000000
00000000000000000000000000000000
00000000000000000000000000000000
00000000000000000000000000000000
00000000000000000000000000000000
00000000000000000000000000000000
00000000000000000000000000000000
00000000000000000000000000000000
00000000000000000000000000000000
00000000000000000000000000000000
00000000000000000000000000000000
00000000000000000000000000000000
00000000000000000000000000000000
00000000000000000000000000000000
00000000000000000000000000000000
00000000000000000000000000000000
00000000000000000000000000000000
00000000000000000000000000000000
00000000000000000000000000000000
00000000000000000000000000000000
00000000000000000000000000000000
00000000000000000000000000000000
00000000000000000000000000000000
00000000000000000000000000000000
00000000000000000000000000000000
00000000000000000000000000000000
00000000000000000000000000000000
00000000000000000000000000000000
00000000000000000000000000000000
00000000000000000000000000000000
00000000000000000000000000000000
00000000000000000000000000000000
00000000000000000000000000000000
00000000000000000000000000000000
00000000000000000000000000000000
00000000000000000000000000000000
00000000000000000000000000000000
00000000000000000000000000000000
00000000000000000000000000000000
00000000000000000000000000000000
00000000000000000000000000000000
00000000000000000000000000000000
00000000000000000000000000000000
00000000000000000000000000000000
00000000000000000000000000000000
00000000000000000000000000000000
00000000000000000000000000000000
00000000000000000000000000000000
00000000000000000000000000000000
00000000000000000000000000000000
00000000000000000000000000000000
00000000000000000000000000000000
00000000000000000000000000000000
00000000000000000000000000000000
00000000000000000000000000000000
00000000000000000000000000000000
00000000000000000000000000000000
00000000000000000000000000000000
00000000000000000000000000000000
00000000000000000000000000000000
00000000000000000000000000000000
00000000000000000000000000000000
00000000000000000000000000000000
00000000000000000000000000000000
00000000000000000000000000000000
00000000000000000000000000000000
00000000000000000000000000000000
00000000000000000000000000000000
00000000000000000000000000000000
00000000000000000000000000000000
00000000000000000000000000000000
00000000000000000000000000000000
00000000000000000000000000000000
00000000000000000000000000000000
00000000000000000000000000000000
00000000000000000000000000000000
00000000000000000000000000000000
00000000000000000000000000000000
00000000000000000000000000000000
00000000000000000000000000000000
00000000000000000000000000000000
00000000000000000000000000000000
00000000000000000000000000000000
00000000000000000000000000000000
00000000000000000000000000000000
00000000000000000000000000000000
00000000000000000000000000000000
00000000000000000000000000000000
00000000000000000000000000000000
00000000000000000000000000000000
00000000000000000000000000000000
00000000000000000000000000000000
00000000000000000000000000000000
00000000000000000000000000000000
00000000000000000000000000000000
00000000000000000000000000000000
00000000000000000000000000000000
00000000000000000000000000000000
00000000000000000000000000000000
00000000000000000000000000000000
00000000000000000000000000000000
00000000000000000000000000000000
00000000000000000000000000000000
00000000000000000000000000000000
00000000000000000000000000000000
00000000000000000000000000000000
00000000000000000000000000000000
00000000000000000000000000000000
00000000000000000000000000000000
00000000000000000000000000000000
00000000000000000000000000000000
00000000000000000000000000000000
00000000000000000000000000000000
00000000000000000000000000000000
00000000000000000000000000000000
00000000000000000000000000000000
00000000000000000000000000000000
00000000000000000000000000000000
00000000000000000000000000000000
00000000000000000000000000000000
00000000000000000000000000000000
00000000000000000000000000000000
00000000000000000000000000000000
00000000000000000000000000000000
00000000000000000000000000000000
00000000000000000000000000000000
00000000000000000000000000000000
00000000000000000000000000000000
00000000000000000000000000000000
00000000000000000000000000000000
00000000000000000000000000000000
00000000000000000000000000000000
00000000000000000000000000000000
00000000000000000000000000000000
00000000000000000000000000000000
00000000000000000000000000000000
00000000000000000000000000000000
00000000000000000000000000000000
00000000000000000000000000000000
00000000000000000000000000000000
00000000000000000000000000000000
00000000000000000000000000000000
00000000000000000000000000000000
00000000000000000000000000000000
00000000000000000000000000000000
00000000000000000000000000000000
00000000000000000000000000000000
00000000000000000000000000000000
00000000000000000000000000000000
00000000000000000000000000000000
00000000000000000000000000000000
00000000000000000000000000000000
00000000000000000000000000000000
00000000000000000000000000000000
00000000000000000000000000000000
00000000000000000000000000000000
00000000000000000000000000000000
00000000000000000000000000000000
00000000000000000000000000000000
00000000000000000000000000000000
00000000000000000000000000000000
00000000000000000000000000000000
00000000000000000000000000000000
00000000000000000000000000000000
00000000000000000000000000000000
00000000000000000000000000000000
00000000000000000000000000000000
00000000000000000000000000000000
00000000000000000000000000000000
00000000000000000000000000000000
00000000000000000000000000000000
00000000000000000000000000000000
00000000000000000000000000000000
00000000000000000000000000000000
00000000000000000000000000000000
00000000000000000000000000000000
00000000000000000000000000000000
00000000000000000000000000000000
00000000000000000000000000000000
00000000000000000000000000000000
00000000000000000000000000000000
00000000000000000000000000000000
00000000000000000000000000000000
00000000000000000000000000000000
00000000000000000000000000000000
00000000000000000000000000000000
00000000000000000000000000000000
00000000000000000000000000000000
00000000000000000000000000000000
00000000000000000000000000000000
20f0f2f2c0d9d6d08f02f0e020111401
f20b34bfd40f61dbeeee0121a167f980
53f213eeef28f1229c17002f1065aee6
f3800013e1121ff20000f06c1223d0ee
02d020e3fbf0314e9b0776ed62c6fd11
220452c6cde321f01d15f57076117cd0
4cc0f4c59efd0d9099b4f4c312e4d846
b5c33df0dee77dde3dd224511321218f
20c2bdd2c2bef0c18812f1df4ee6dc24
22a22dae21844ebccc20fd34f45ff2ce
2131cbccb38b2cefaa1192320e53cf71
edee2a9b3fc70ceeb9514041d72d449c
d303d0dbb28f5b9eabf0a13f2235bc00
c0a0ac9a2db51dedce514012cf2e238e
0331ff04bfdd01fdda0720d26111c1ee
deb7ae004d023ddce81e231c62617ffe
f2c10374cd0241aefa15edf47153eb23
c6b00d3ecbe22ed3ab08280203d7e1f3
ccf4e3c7feed0ff2db039705171025d3
83080fdd21f5e0ce910b34f223def400
5e841e120dc11bd54a5ef7312636fc06
b6b0fb4deed436fda11ae7d60ef4b78b
c3f7d313cf11ef0e1cf5d10f15503f74
c6df453f01d47f4fefe2300edfe0dfcf
e7d4416e9db3dfc00c4ea2f72c661295
17f004342c453f3b94b22327f35e41ea
f1c2ffc4d1e30fe7bc210502033021d2
ffe0120142d3021b010072e0ff21f0f0
5fb36f3294f013d2bed1df03e17ded06
e3cdbcf132824b0fb21541f9e7ce521f
302e3e12e01e332c9e362f1d5ee74dcc
0f01f21190f2d4cb3e142f3ff73e30ea
0eeff0c0eaec21a8fee2ef041d43e943
f1ff2123ff25f0f0fb1e0ef1ee151f8f
8acb11fdf1ed0f218ec7c7000ee11b47
c4cdf02e20a02fdced8efb34e23373a3
0c2e33cdfecbe4ddb54100127d35ff50
97033f1e5cc20ebef2efea0110e5e39d
db07a507fec3c4f4a54257cf557cad04
c4ee711f1cc02cd0ee8f00d1af002dd2
21e42461bc871213b3f2fff73af40af5
371f20032012343cc1a11fe5ff031e10
1de22ed08082d184d2b414fd2cf03dc3
d13201033f244668f3de41ec1323d1cc
fd001e0f8cf1e3c09fbf02ee4e22ff02
d6fb50ce43d52e0816b45df105231122
ce01110e41fe4372dfe213102ec20eb1
4312d3d3d0dff3e00e12f23de7432211
962b5bffdb4b472464412470ed01543e
cc055e1f00eeb10fccbd01f8aeedfe01
2a3615012c3edf0e6fbbeefb81d120ff
cc0c01c0264fa5c312ed81d9a8f8ce32
c762103de3fc0b3b3147460071feff6f
dd7c3ede03ddd7345df6dd7f27fd605c
300068fc4e0bdd36524ef590f9ecf01f
94f300fbce5414517fae1fffed2b0092
324c0b0c6cd20e1e1eca228e6c1b1f2e
0fe13f33e33f8e22c3e51ef2dd3ea4af
c04e5e3be1fb1333e20ce1c155db7f3b
10211cde0a0e8f00f2b1d10115e11ffd
f70c6e1aee4026d171203140f413607c
0b6321cbf11ed3fffe072b0fcffed25f
f31d2f2e124ec03e751d2e10e11e1fdf
080e010f0d30f111e420020000f1002f
f1d15414f1fd3e1ada0542f2e2148ff1
c292e7ec82020db4480f122f33e162bf
742e2e3ff1d9fee8f0257e412064cfa7
e4c6fd8a00847f05d5d300d22bd312ba
102211e1f0ecccf10df74725f4173837
b3d1c00c2f377ef0c02cf21bdfef3cbc
20e7dfd2cf0221b289b754e114f3ce13
17c00ee1f1d44cff4af3dffeb33131dd
0f15dccec1aefbefbc143fe04d079a44
01e018ef6ba54dda9d052d31221ef1dd
1e02aedfc28c2ede9a0fdf2c00159b20
3b8fedde0dd40bcbbd326e47e16b45cb
0307c2d3f3deeed39964e4e430b6ae14
ff14038d33a44cdf58a43fee12522f21
25ff5212350c010eb105d5032c17d80f
42c4028c31e70202fbf1d10e041e4def
f9d70537deefe20fec162ff0547fee31
d3ec2ff10ce671eee0fe7b0f01f1ffcd
f1044404dd2e00eff8f2e3234e401e23
071000dd11efd10ee0fb31d71fefc009
23121c17ef9e1e2ef817c11011f4d026
951013313c476b0ee3f05eb7c40e2fe1
ffe2f122a9adb0de1df7b3a10f6e0e47
37c0df28edbc7e11b12efefe320de39e
ebe71f15c3e3d294ecf7f3154f3d2e47
22ef1e6070007bf8c03d622e11dab0e2
50060d00fd162cc3c9f5dc3423723947
b13f220322b7043c9de22fbdb2fc1cb0
30233f34c2aec0f1fd338246374f1515
871bd20be1c2fd0bade123bfc701fce8
3b102132cecf03d1af122e2532470c04
040211131ff2300d0d10fd52d5030ef8
1fd32212dfab22020f012e1c60730e1d
a71f4fc6da1d2bcecc2d38eba545ddcc
0f1463a0f1d2b2e2480e05f21d040b0e
47e5fa9257fdd1c20fd36f05fb0760ec
5ef031d7f4df23c2ec17b91f52d22e34
1724f4101fe2110fd1c35df3f0b55f0d
0fe4e3b4cee081e2fe0111de30ff0e21
d7fdce1e2dd0f10fa0111ef2223145cc
eac1c245ebbca784df1005255c5cfc14
1522310d3f222368ec1f1eddcd51b3d3
1fc3eed001f413d3a80e3a12124f3bf3
26203de434dc2ffdda8141efae34249e
f3051e01ecc0bfc60014e7291454e22d
e310251e11e71fe9a1c17f0cd1d72dac
62f12cdef1382112d1e332d2e2113d01
7223e7a01294403e1b3ee432fe24ed98
15d4f23ad84441321400fb02101f74e2
e0141891492df261db1e2e3ae220111d
832a5009c1ae05cc32c6cde2c6104eb1
fe7110af156ee501dd451e18e2ffaff1
f220110cfd2b72016e303d1410e042fe
001b20f146c2b4c1f0d18c7db57ef6ce
10004e2f1efff0e81e3d32decdee1ff7
737033f3eee4aff155d5bcb1dc6b4900
405b4c4f2fcc2e7e1e3ce2b0f4ff213f
007e710cf0e58227fa2eed324f3fcab1
0d1b5e1af005c6471c09c2dc1e50241e
bd77aba8b18fa7ffb7ccdd5bf370ace7
55d75d1c3e4f604773d37356e4ff1cef
cedf28ddd21211ee2eeef254d0e3ef1d
f35d425d2e0c927c741d0f00ef0d63ef
18ff02200e0fd411042ef1000ef3f121
04449a2b0ceeb03d8060ece661e11b17
b7cc81d1d18f7082c91e3239d04333dd
40fdf375dd3a1dde8bd71051e133cb36
d48ed400a2a52ba3edcfef1e0ef433fa
e221022ddfee2e24ef00cb232322f8f5
d534c3df0faf4f22d8e44f23502f439b
30f222d3efceeff2bbc7f0f224010d16
e3d0ddee4ed26bf338fe0530f3c541db
1316cdbffe8b2d2ecb03ed2f21379a42
cc8229bb2fa45cdc99015f03ef4003bd
32d29bdeb38b21e3ca01ae4f1f22af32
1fbfc8ecece41dadfd224f40144c1090
d66380cbf6bfc4f3a907b11e3114c032
15f74ec104c454be40b4003ece046bfe
1722e1f2e0ce13df8d37f1e441f40e34
f7b10eef31147ddc4bffe42113360ced
c9e710e490f2d39fd8230741c0412c32
86ef19de440e3fb49d0a4cbc161d30ff
61123725dd01adf21cd3c14ee04ee123
371222084c06520bfb0250d1161b91c2
1e3422f3df924ff4de0512303033f071
e421132d4e1303e8f0021e0012ee2cfc
ffee00e3f2c1df010bc6b235e4710fd1
b63f3c2a5e33e7c0aff275ec32ffe2bf
cee553c4050412adfb23c714d247fb12
96f13deb153455c2eded360cbfba3484
41a56ff59eddcec28ae1d427f106d017
f22fe02eef1215218be043b4efebd0ff
f2000b0108bc8deedcd2023336f2ef41
b3222bfe21e31b0cf93ee17056f202aa
21e10303cf2f300e89d6e3440f43ecf0
c5e5de01bfe3472562d6031122743dcd
c0d3c4e3c1d1b11dd1e3f133206ee830
f6f430f041dfe2cf91d00b22a2752b2f
6ef4f142fefdf1850ba4302fecf01301
162571fd2dd34627a9f36f21eff6f204
4f0f0003b3bfe016df0d0e06726dff6f
271011305d2f14fadfff3f311fe2e1ce
2a9f52ee2fd3a4e0fde5f01f3d5faf37
814a2231fe12e1ed2ffe41d3ed0d31de
3cef33d5fe0fc112ef30370d4b4f2e03
c617201f5ea144e45f8d12c3ca7b5487
35a421f691bfdff5c8df311370d701f5
375de160d4c7c4198eb24b05af4dd11c
32fb0e2bee2f0f04be65112034f70922
e202d00101221edffed0017ff142f01c
c0de1fc82fe2f41e323f3024dbae2332
e1e34c220ac2e311e2da0e18e9400c31
05121630aacf374241f0f620f382e1fa
100e0272d634b034fe2c12733ead1e32
1d3e74110afcfb1347210122f21f03dc
ff40645d210b2771bf02b77a031adb33
bd30703c7ed07100135317efdedc031f
ce3257efcf32ff27c00dcc42d0004eee
f21e3c2a42102200ef1d02f8ef91fb72
02330063e0f7edbd2302c84e2d31c2ff
dd00fe0cd800f34e8efa2feedefd1d20
dc2bb700de13c0f4b45cd811e1106160
c50dd0f42280057f160b720dd2f22c4e
f3715611c7b0e20ea2c3ef1f235d0151
e1de32fe4d1a721dee4f1c372c22492d
f1b131ab1efcf0f098042e112140e3d0
20010cc0f4082d412000471340650e1d
fa20f41c1d43ee012f3803ff03404e00
041de312020b1e3e0f34213640361871
f7d0fdc45efe6424d2c4f71d1f3453ab
221fd1e52e0819cfa9d2270e30205e62
e4d010be2fd54dfc0f0be13f274d01b9
eedfd104c40dee8489c427e007379a34
05e32ed3efbf51a378f0e111b4125efa
32f1deb3c4c000a2bcf2d0111e67bf17
02902affeaa1501de0f13310235c128c
e3218b90e18c3e9d0901bf3c1037aa52
01bd4ba831b40efdcd124f02051d12be
c155bccdd4bb4cefbaefaf0e10238f22
f2bdace93dd348cdfc316f03010b109b
073e50b20709b01bfd14f55271160c34
23e4c530f6d3d231cf9fd229344f2da8
542e1b2ec3f908ffbeb71b1f502e2fe3
d243f730e201400e028220bf3f0731ed
fce712b1cbf30ef2de06101170621e34
c71b0af06d12776090df3cb205adfee6
050d010494f1f110eb14b2f32737ed16
d410f10e131232cfbdde71c011f202f0
0fd43204a1cd1fc22a142e07403e5f13
e5dfd202131250bde1081f0ef2aee1af
ffe40104cdc212d2ec17f1472f2fec2f
c0ce4f19ff145ebea2cc40f03380dfb1
06d57210a2c00bf2fc1313253033111f
e61ef0df22d3701dfc1a61bf26fc0fc1
d0123e40c0ad1bf3bba1bf81f14ffc5f
f7ff111d3d3028e29f2b2de093bbfe0b
202e2302fe1cee2f8b10d53f5b12fc12
a22441001ff21ef33dbdc2eef377f3bb
1000015fe428ff2d0cf653f03e3f1b30
c302cb1233f041c1dfe7f10eb93524d0
2d86e2a4d3b2cc44bf3e7ee27a440af7
f44161702be33511a4f2228edf1752b2
fd1ed212c2c031318be0c1e7351fdef5
94d4ff41e4f5eeef9f0b7e80e1c4131a
40e70501c00fe1ffdc1037e2fcdffd64
e7f24353fdc52fd0cfe01df2d20112df
ded485f40db0c252c23717ee611dcf11
f1c07ffd40eff2d181e03b02b111f0d1
1ef14cf10f3a84bef1c255240ff20d34
1510307e2bf6226acfee1da4122741ef
e4e841f7caef00c3d1f3d1c16d6ffd31
56b4f2ff0df5b2ed82dc0b071e2f0fba
20efed0ee2db53f1c807521d5f315243
e2129f620ea7110e01fdd47e256e11dd
040c42ee5beec46d673e7001e4ea322e
eeb64cfc002013209ef1f801dc54fe4e
c35c7c3ef8dc43e05ef1a034cc8c2421
f17c2ca1be52b27c4fd1f34c23384f2d
c25101f3e0ed2f3a42102f18ecc6bbdd
0d7e0d0cb1e0273e7f84c62bb572df2d
cf3045c11ef0f0f9321014011f01702b
fe39eb2d13eb930eb2e02710ff1131be
046f4f7e410dd5450771f2e1c1f11e2d
110c2dcc23cf86ecc2c55f0cdaf3e715
0c04296d1eda84425c30ed360d0b30fa
2e33002be20ee7e1ce00f34fce4cdd42
3d9323fbdbfe430170cd414344ea070b
b324f317f1f71734c0bebf408af2c11c
f16f425d3f1c7c3110b22b30040e4dde
f2ae41bd1fce07b5fdf6cb09c9e1fea0
f33f2213f3df321cfd51f3542e020c81
c1e21f7b4206252f558a5f73c4e4f3de
0424035204e20420055f040b04eb0577
05ae04b804bc05dc0404042d04a6043f
044f049204f70424039e0570045002fc
03ee04ec03d20478043205b803d304d5
03e202ea045603b303ae043a04cc04c9
039303af030d039a0417043a04740411
043b050203a303d4045602de03d40434
04e803b504e80374047d04a204af05ce
03fa03c2056604aa04bb045e051003f0
057f036f03ef04ac0559047005ab0452
05d00657037f0365048f059805270405
04b303d703b8047b0536053e034804c9
055d03b3048703f004d4043404f10380
04a10527043906790452041f0464057f
040b055d03b00442054f041b04dd0583
03ad0466057f046d05e0057705b403f2
03fe053904bd075803e505c207650433
04fa04a304850474059b06c9053204bd
06c30714063604f2058b04f204b80519
05f606b8064205a1054f04f3083e035a
047503cb059205b305b30735058c041a
0462050805f6064603e803e1060805a1
050407a8058f040004680463044c065b
051305bf03da04b6051b060606b20543
05b705180455063503ed040705960483
050204a307740409064d051a0576056c
04c005850436057a074006dc06920506
05b105720434058a0659079306ce05b2
06de04850635045a060705af06a90640
06160538045506fb057305bd055904ff
060c07800679077f06ce06e404e005b4
0393041903360300041a0387018302a4
00000000000000000000000000000000
00000000000000000000000000000000
00000000000000000000000000000000
00000000000000000000000000000000
00000000000000000000000000000000
00000000000000000000000000000000
00000000000000000000000000000000
00000000000000000000000000000000
00000000000000000000000000000000
00000000000000000000000000000000
00000000000000000000000000000000
00000000000000000000000000000000
00000000000000000000000000000000
00000000000000000000000000000000
00000000000000000000000000000000
00000000000000000000000000000000
00000000000000000000000000000000
00000000000000000000000000000000
00000000000000000000000000000000
00000000000000000000000000000000
00000000000000000000000000000000
00000000000000000000000000000000
00000000000000000000000000000000
00000000000000000000000000000000
00000000000000000000000000000000
00000000000000000000000000000000
00000000000000000000000000000000
00000000000000000000000000000000
00000000000000000000000000000000
00000000000000000000000000000000
00000000000000000000000000000000
00000000000000000000000000000000
00000000000000000000000000000000
00000000000000000000000000000000
00000000000000000000000000000000
00000000000000000000000000000000
00000000000000000000000000000000
00000000000000000000000000000000
00000000000000000000000000000000
00000000000000000000000000000000
00000000000000000000000000000000
00000000000000000000000000000000
00000000000000000000000000000000
00000000000000000000000000000000
00000000000000000000000000000000
00000000000000000000000000000000
00000000000000000000000000000000
00000000000000000000000000000000
00000000000000000000000000000000
00000000000000000000000000000000
00000000000000000000000000000000
00000000000000000000000000000000
00000000000000000000000000000000
00000000000000000000000000000000
00000000000000000000000000000000
00000000000000000000000000000000
00000000000000000000000000000000
00000000000000000000000000000000
00000000000000000000000000000000
00000000000000000000000000000000
00000000000000000000000000000000
00000000000000000000000000000000
00000000000000000000000000000000
00000000000000000000000000000000
00000000000000000000000000000000
00000000000000000000000000000000
00000000000000000000000000000000
00000000000000000000000000000000
00000000000000000000000000000000
00000000000000000000000000000000
00000000000000000000000000000000
00000000000000000000000000000000
00000000000000000000000000000000
00000000000000000000000000000000
00000000000000000000000000000000
00000000000000000000000000000000
00000000000000000000000000000000
00000000000000000000000000000000
00000000000000000000000000000000
00000000000000000000000000000000
00000000000000000000000000000000
00000000000000000000000000000000
00000000000000000000000000000000
00000000000000000000000000000000
00000000000000000000000000000000
00000000000000000000000000000000
00000000000000000000000000000000
00000000000000000000000000000000
00000000000000000000000000000000
00000000000000000000000000000000
00000000000000000000000000000000
00000000000000000000000000000000
00000000000000000000000000000000
00000000000000000000000000000000
00000000000000000000000000000000
00000000000000000000000000000000
00000000000000000000000000000000
00000000000000000000000000000000
00000000000000000000000000000000
00000000000000000000000000000000
00000000000000000000000000000000
00000000000000000000000000000000
00000000000000000000000000000000
00000000000000000000000000000000
00000000000000000000000000000000
00000000000000000000000000000000
00000000000000000000000000000000
00000000000000000000000000000000
00000000000000000000000000000000
00000000000000000000000000000000
00000000000000000000000000000000
00000000000000000000000000000000
00000000000000000000000000000000
00000000000000000000000000000000
00000000000000000000000000000000
00000000000000000000000000000000
00000000000000000000000000000000
00000000000000000000000000000000
00000000000000000000000000000000
00000000000000000000000000000000
00000000000000000000000000000000
00000000000000000000000000000000
00000000000000000000000000000000
00000000000000000000000000000000
00000000000000000000000000000000
00000000000000000000000000000000
00000000000000000000000000000000
00000000000000000000000000000000
00000000000000000000000000000000
00000000000000000000000000000000
00000000000000000000000000000000
00000000000000000000000000000000
00000000000000000000000000000000
00000000000000000000000000000000
00000000000000000000000000000000
00000000000000000000000000000000
00000000000000000000000000000000
00000000000000000000000000000000
00000000000000000000000000000000
00000000000000000000000000000000
00000000000000000000000000000000
00000000000000000000000000000000
00000000000000000000000000000000
00000000000000000000000000000000
00000000000000000000000000000000
00000000000000000000000000000000
00000000000000000000000000000000
00000000000000000000000000000000
00000000000000000000000000000000
00000000000000000000000000000000
00000000000000000000000000000000
00000000000000000000000000000000
00000000000000000000000000000000
00000000000000000000000000000000
00000000000000000000000000000000
00000000000000000000000000000000
00000000000000000000000000000000
00000000000000000000000000000000
00000000000000000000000000000000
00000000000000000000000000000000
00000000000000000000000000000000
00000000000000000000000000000000
00000000000000000000000000000000
00000000000000000000000000000000
00000000000000000000000000000000
00000000000000000000000000000000
00000000000000000000000000000000
00000000000000000000000000000000
00000000000000000000000000000000
00000000000000000000000000000000
00000000000000000000000000000000
00000000000000000000000000000000
00000000000000000000000000000000
00000000000000000000000000000000
00000000000000000000000000000000
00000000000000000000000000000000
00000000000000000000000000000000
00000000000000000000000000000000
00000000000000000000000000000000
00000000000000000000000000000000
00000000000000000000000000000000
00000000000000000000000000000000
00000000000000000000000000000000
00000000000000000000000000000000
00000000000000000000000000000000
00000000000000000000000000000000
00000000000000000000000000000000
00000000000000000000000000000000
00000000000000000000000000000000
00000000000000000000000000000000
00000000000000000000000000000000
00000000000000000000000000000000
00000000000000000000000000000000
00000000000000000000000000000000
00000000000000000000000000000000
00000000000000000000000000000000
00000000000000000000000000000000
00000000000000000000000000000000
00000000000000000000000000000000
00000000000000000000000000000000
00000000000000000000000000000000
00000000000000000000000000000000
00000000000000000000000000000000
00000000000000000000000000000000
00000000000000000000000000000000
00000000000000000000000000000000
00000000000000000000000000000000
00000000000000000000000000000000
00000000000000000000000000000000
00000000000000000000000000000000
00000000000000000000000000000000
00000000000000000000000000000000
00000000000000000000000000000000
00000000000000000000000000000000
00000000000000000000000000000000
00000000000000000000000000000000
00000000000000000000000000000000
00000000000000000000000000000000
00000000000000000000000000000000
00000000000000000000000000000000
00000000000000000000000000000000
00000000000000000000000000000000
00000000000000000000000000000000
00000000000000000000000000000000
00000000000000000000000000000000
00000000000000000000000000000000
00000000000000000000000000000000
00000000000000000000000000000000
00000000000000000000000000000000
00000000000000000000000000000000
00000000000000000000000000000000
00000000000000000000000000000000
00000000000000000000000000000000
00000000000000000000000000000000
00000000000000000000000000000000
00000000000000000000000000000000
00000000000000000000000000000000
00000000000000000000000000000000
00000000000000000000000000000000
00000000000000000000000000000000
00000000000000000000000000000000
00000000000000000000000000000000
00000000000000000000000000000000
00000000000000000000000000000000
00000000000000000000000000000000
00000000000000000000000000000000
00000000000000000000000000000000
00000000000000000000000000000000
00000000000000000000000000000000
00000000000000000000000000000000
00000000000000000000000000000000
00000000000000000000000000000000
00000000000000000000000000000000
00000000000000000000000000000000
00000000000000000000000000000000
00000000000000000000000000000000
00000000000000000000000000000000
00000000000000000000000000000000
00000000000000000000000000000000
00000000000000000000000000000000
00000000000000000000000000000000
00000000000000000000000000000000
00000000000000000000000000000000
00000000000000000000000000000000
00000000000000000000000000000000
00000000000000000000000000000000
00000000000000000000000000000000
00000000000000000000000000000000
00000000000000000000000000000000
00000000000000000000000000000000
00000000000000000000000000000000
00000000000000000000000000000000
00000000000000000000000000000000
00000000000000000000000000000000
00000000000000000000000000000000
00000000000000000000000000000000
00000000000000000000000000000000
00000000000000000000000000000000
00000000000000000000000000000000
00000000000000000000000000000000
00000000000000000000000000000000
00000000000000000000000000000000
00000000000000000000000000000000
00000000000000000000000000000000
00000000000000000000000000000000
00000000000000000000000000000000
00000000000000000000000000000000
00000000000000000000000000000000
00000000000000000000000000000000
00000000000000000000000000000000
00000000000000000000000000000000
00000000000000000000000000000000
00000000000000000000000000000000
00000000000000000000000000000000
00000000000000000000000000000000
00000000000000000000000000000000
00000000000000000000000000000000
00000000000000000000000000000000
00000000000000000000000000000000
00000000000000000000000000000000
00000000000000000000000000000000
00000000000000000000000000000000
00000000000000000000000000000000
00000000000000000000000000000000
00000000000000000000000000000000
00000000000000000000000000000000
00000000000000000000000000000000
00000000000000000000000000000000
00000000000000000000000000000000
00000000000000000000000000000000
00000000000000000000000000000000
00000000000000000000000000000000
00000000000000000000000000000000
00000000000000000000000000000000
00000000000000000000000000000000
00000000000000000000000000000000
00000000000000000000000000000000
00000000000000000000000000000000
00000000000000000000000000000000
00000000000000000000000000000000
00000000000000000000000000000000
00000000000000000000000000000000
00000000000000000000000000000000
00000000000000000000000000000000
00000000000000000000000000000000
00000000000000000000000000000000
00000000000000000000000000000000
00000000000000000000000000000000
00000000000000000000000000000000
00000000000000000000000000000000
00000000000000000000000000000000
00000000000000000000000000000000
00000000000000000000000000000000
00000000000000000000000000000000
00000000000000000000000000000000
00000000000000000000000000000000
00000000000000000000000000000000
00000000000000000000000000000000
00000000000000000000000000000000
00000000000000000000000000000000
00000000000000000000000000000000
00000000000000000000000000000000
00000000000000000000000000000000
00000000000000000000000000000000
00000000000000000000000000000000
00000000000000000000000000000000
00000000000000000000000000000000
00000000000000000000000000000000
00000000000000000000000000000000
00000000000000000000000000000000
00000000000000000000000000000000
00000000000000000000000000000000
