200 128 12 50 1125899907
0 20 12 44
0 0 0 0 0 0 0 0 0 0 0 0 0 0 0 0 0 0 0 0 0 0 0 0 0 0 0 0 0 0 0 0 0 0 0 0 0 0 0 0 0 0 0 0 0 0 0 0 0 0 0 0 0 0 0 0 0 0 0 0 0 0 0 0 0 0 0 0 0 0 0 0 0 0 0 0 0 0 0 0 0 0 0 0 0 0 0 0 0 0 0 0 0 0 0 0 0 0 0 0 0 0 0 0 0 0 0 0 0 0 0 0 0 0 0 0 0 0 0 0 0 0 0 0 0 0 0 0 
12345 12345 12345 12345 12345 12345 12345 12345 12345 12345 12345 12345 12345 12345 12345 12345 12345 12345 12345 12345 12345 12345 12345 12345 12345 12345 12345 12345 12345 12345 12345 12345 12345 12345 12345 12345 12345 12345 12345 12345 12345 12345 12345 12345 12345 12345 12345 12345 12345 12345 12345 12345 12345 12345 12345 12345 12345 12345 12345 12345 12345 12345 12345 12345 12345 12345 12345 12345 12345 12345 12345 12345 12345 12345 12345 12345 12345 12345 12345 12345 12345 12345 12345 12345 12345 12345 12345 12345 12345 12345 12345 12345 12345 12345 12345 12345 12345 12345 12345 12345 12345 12345 12345 12345 12345 12345 12345 12345 12345 12345 12345 12345 12345 12345 12345 12345 12345 12345 12345 12345 12345 12345 12345 12345 12345 12345 12345 12345 
0 0 0 0 0 0 0 0 0 0 0 0 0 0 0 0 0 0 0 0 0 0 0 0 0 0 0 0 0 0 0 0 0 0 0 0 0 0 0 0 0 0 0 0 0 0 0 0 0 0 0 0 0 0 0 0 0 0 0 0 0 0 0 0 0 0 0 0 0 0 0 0 0 0 0 0 0 0 0 0 0 0 0 0 0 0 0 0 0 0 0 0 0 0 0 0 0 0 0 0 0 0 0 0 0 0 0 0 0 0 0 0 0 0 0 0 0 0 0 0 0 0 0 0 0 0 0 0 
1 24 12 12
-32768 -32768 -32768 -32768 -32768 -32768 -32768 -32768 -32768 -32768 -32768 -32768 -32768 -32768 -32768 -32768 -32768 -32768 -32768 -32768 -32768 -32768 -32768 -32768 -32768 -32768 -32768 -32768 -32768 -32768 -32768 -32768 -32768 -32768 -32768 -32768 -32768 -32768 -32768 -32768 -32768 -32768 -32768 -32768 -32768 -32768 -32768 -32768 -32768 -32768 -32768 -32768 -32768 -32768 -32768 -32768 -32768 -32768 -32768 -32768 -32768 -32768 -32768 -32768 -32768 -32768 -32768 -32768 -32768 -32768 -32768 -32768 -32768 -32768 -32768 -32768 -32768 -32768 -32768 -32768 -32768 -32768 -32768 -32768 -32768 -32768 -32768 -32768 -32768 -32768 -32768 -32768 -32768 -32768 -32768 -32768 -32768 -32768 -32768 -32768 -32768 -32768 -32768 -32768 -32768 -32768 -32768 -32768 -32768 -32768 -32768 -32768 -32768 -32768 -32768 -32768 -32768 -32768 -32768 -32768 -32768 -32768 -32768 -32768 -32768 -32768 -32768 -32768 
32767 32767 32767 32767 32767 32767 32767 32767 32767 32767 32767 32767 32767 32767 32767 32767 32767 32767 32767 32767 32767 32767 32767 32767 32767 32767 32767 32767 32767 32767 32767 32767 32767 32767 32767 32767 32767 32767 32767 32767 32767 32767 32767 32767 32767 32767 32767 32767 32767 32767 32767 32767 32767 32767 32767 32767 32767 32767 32767 32767 32767 32767 32767 32767 32767 32767 32767 32767 32767 32767 32767 32767 32767 32767 32767 32767 32767 32767 32767 32767 32767 32767 32767 32767 32767 32767 32767 32767 32767 32767 32767 32767 32767 32767 32767 32767 32767 32767 32767 32767 32767 32767 32767 32767 32767 32767 32767 32767 32767 32767 32767 32767 32767 32767 32767 32767 32767 32767 32767 32767 32767 32767 32767 32767 32767 32767 32767 32767 
-29166 -29166 -29166 -29166 -29166 -29166 -29166 -29166 -29166 -29166 -29166 -29166 -29166 -29166 -29166 -29166 -29166 -29166 -29166 -29166 -29166 -29166 -29166 -29166 -29166 -29166 -29166 -29166 -29166 -29166 -29166 -29166 -29166 -29166 -29166 -29166 -29166 -29166 -29166 -29166 -29166 -29166 -29166 -29166 -29166 -29166 -29166 -29166 -29166 -29166 -29166 -29166 -29166 -29166 -29166 -29166 -29166 -29166 -29166 -29166 -29166 -29166 -29166 -29166 -29166 -29166 -29166 -29166 -29166 -29166 -29166 -29166 -29166 -29166 -29166 -29166 -29166 -29166 -29166 -29166 -29166 -29166 -29166 -29166 -29166 -29166 -29166 -29166 -29166 -29166 -29166 -29166 -29166 -29166 -29166 -29166 -29166 -29166 -29166 -29166 -29166 -29166 -29166 -29166 -29166 -29166 -29166 -29166 -29166 -29166 -29166 -29166 -29166 -29166 -29166 -29166 -29166 -29166 -29166 -29166 -29166 -29166 -29166 -29166 -29166 -29166 -29166 -29166 
2 26 14 15
32767 -32768 32767 -32768 32767 -32768 32767 -32768 32767 -32768 32767 -32768 32767 -32768 32767 -32768 32767 -32768 32767 -32768 32767 -32768 32767 -32768 32767 -32768 32767 -32768 32767 -32768 32767 -32768 32767 -32768 32767 -32768 32767 -32768 32767 -32768 32767 -32768 32767 -32768 32767 -32768 32767 -32768 32767 -32768 32767 -32768 32767 -32768 32767 -32768 32767 -32768 32767 -32768 32767 -32768 32767 -32768 32767 -32768 32767 -32768 32767 -32768 32767 -32768 32767 -32768 32767 -32768 32767 -32768 32767 -32768 32767 -32768 32767 -32768 32767 -32768 32767 -32768 32767 -32768 32767 -32768 32767 -32768 32767 -32768 32767 -32768 32767 -32768 32767 -32768 32767 -32768 32767 -32768 32767 -32768 32767 -32768 32767 -32768 32767 -32768 32767 -32768 32767 -32768 32767 -32768 32767 -32768 32767 -32768 32767 -32768 32767 -32768 
-32768 -32768 -32768 -32768 -32768 -32768 -32768 -32768 -32768 -32768 -32768 -32768 -32768 -32768 -32768 -32768 -32768 -32768 -32768 -32768 -32768 -32768 -32768 -32768 -32768 -32768 -32768 -32768 -32768 -32768 -32768 -32768 -32768 -32768 -32768 -32768 -32768 -32768 -32768 -32768 -32768 -32768 -32768 -32768 -32768 -32768 -32768 -32768 -32768 -32768 -32768 -32768 -32768 -32768 -32768 -32768 -32768 -32768 -32768 -32768 -32768 -32768 -32768 -32768 -32768 -32768 -32768 -32768 -32768 -32768 -32768 -32768 -32768 -32768 -32768 -32768 -32768 -32768 -32768 -32768 -32768 -32768 -32768 -32768 -32768 -32768 -32768 -32768 -32768 -32768 -32768 -32768 -32768 -32768 -32768 -32768 -32768 -32768 -32768 -32768 -32768 -32768 -32768 -32768 -32768 -32768 -32768 -32768 -32768 -32768 -32768 -32768 -32768 -32768 -32768 -32768 -32768 -32768 -32768 -32768 -32768 -32768 -32768 -32768 -32768 -32768 -32768 -32768 
-28754 28755 -28754 28755 -28754 28755 -28754 28755 -28754 28755 -28754 28755 -28754 28755 -28754 28755 -28754 28755 -28754 28755 -28754 28755 -28754 28755 -28754 28755 -28754 28755 -28754 28755 -28754 28755 -28754 28755 -28754 28755 -28754 28755 -28754 28755 -28754 28755 -28754 28755 -28754 28755 -28754 28755 -28754 28755 -28754 28755 -28754 28755 -28754 28755 -28754 28755 -28754 28755 -28754 28755 -28754 28755 -28754 28755 -28754 28755 -28754 28755 -28754 28755 -28754 28755 -28754 28755 -28754 28755 -28754 28755 -28754 28755 -28754 28755 -28754 28755 -28754 28755 -28754 28755 -28754 28755 -28754 28755 -28754 28755 -28754 28755 -28754 28755 -28754 28755 -28754 28755 -28754 28755 -28754 28755 -28754 28755 -28754 28755 -28754 28755 -28754 28755 -28754 28755 -28754 28755 -28754 28755 -28754 28755 -28754 28755 -28754 28755 
3 22 12 14
0 0 0 0 0 0 0 0 0 0 0 0 0 0 0 0 0 0 0 0 0 0 0 0 0 0 0 0 0 0 0 0 0 0 0 0 0 0 0 0 0 0 0 0 0 0 0 0 0 0 0 0 0 0 0 0 0 0 0 0 0 0 0 0 0 0 0 0 0 0 0 0 0 0 0 0 0 0 0 0 0 0 0 0 0 0 0 0 0 0 0 0 0 0 0 0 0 0 0 0 0 0 0 0 0 0 0 0 0 0 0 0 0 0 0 0 0 0 0 0 0 0 0 0 0 0 0 32767 
1000 1000 1000 1000 1000 1000 1000 1000 1000 1000 1000 1000 1000 1000 1000 1000 1000 1000 1000 1000 1000 1000 1000 1000 1000 1000 1000 1000 1000 1000 1000 1000 1000 1000 1000 1000 1000 1000 1000 1000 1000 1000 1000 1000 1000 1000 1000 1000 1000 1000 1000 1000 1000 1000 1000 1000 1000 1000 1000 1000 1000 1000 1000 1000 1000 1000 1000 1000 1000 1000 1000 1000 1000 1000 1000 1000 1000 1000 1000 1000 1000 1000 1000 1000 1000 1000 1000 1000 1000 1000 1000 1000 1000 1000 1000 1000 1000 1000 1000 1000 1000 1000 1000 1000 1000 1000 1000 1000 1000 1000 1000 1000 1000 1000 1000 1000 1000 1000 1000 1000 1000 1000 1000 1000 1000 1000 1000 1000 
0 0 0 0 0 0 0 0 0 0 0 0 0 0 0 0 0 0 0 0 0 0 0 0 0 0 0 0 0 0 0 0 0 0 0 0 0 0 0 0 0 0 0 0 0 0 0 0 0 0 0 0 0 0 0 0 0 0 0 0 0 0 0 0 0 0 0 0 0 0 0 0 0 0 0 0 0 0 0 0 0 0 0 0 0 0 0 0 0 0 0 0 0 0 0 0 0 0 0 0 0 0 0 0 0 0 0 0 0 0 0 0 0 0 0 0 0 0 0 0 0 0 0 0 0 0 0 25714 
4 22 12 14
32767 0 0 0 0 0 0 0 0 0 0 0 0 0 0 0 0 0 0 0 0 0 0 0 0 0 0 0 0 0 0 0 0 0 0 0 0 0 0 0 0 0 0 0 0 0 0 0 0 0 0 0 0 0 0 0 0 0 0 0 0 0 0 0 0 0 0 0 0 0 0 0 0 0 0 0 0 0 0 0 0 0 0 0 0 0 0 0 0 0 0 0 0 0 0 0 0 0 0 0 0 0 0 0 0 0 0 0 0 0 0 0 0 0 0 0 0 0 0 0 0 0 0 0 0 0 0 0 
1000 1000 1000 1000 1000 1000 1000 1000 1000 1000 1000 1000 1000 1000 1000 1000 1000 1000 1000 1000 1000 1000 1000 1000 1000 1000 1000 1000 1000 1000 1000 1000 1000 1000 1000 1000 1000 1000 1000 1000 1000 1000 1000 1000 1000 1000 1000 1000 1000 1000 1000 1000 1000 1000 1000 1000 1000 1000 1000 1000 1000 1000 1000 1000 1000 1000 1000 1000 1000 1000 1000 1000 1000 1000 1000 1000 1000 1000 1000 1000 1000 1000 1000 1000 1000 1000 1000 1000 1000 1000 1000 1000 1000 1000 1000 1000 1000 1000 1000 1000 1000 1000 1000 1000 1000 1000 1000 1000 1000 1000 1000 1000 1000 1000 1000 1000 1000 1000 1000 1000 1000 1000 1000 1000 1000 1000 1000 1000 
25714 0 0 0 0 0 0 0 0 0 0 0 0 0 0 0 0 0 0 0 0 0 0 0 0 0 0 0 0 0 0 0 0 0 0 0 0 0 0 0 0 0 0 0 0 0 0 0 0 0 0 0 0 0 0 0 0 0 0 0 0 0 0 0 0 0 0 0 0 0 0 0 0 0 0 0 0 0 0 0 0 0 0 0 0 0 0 0 0 0 0 0 0 0 0 0 0 0 0 0 0 0 0 0 0 0 0 0 0 0 0 0 0 0 0 0 0 0 0 0 0 0 0 0 0 0 0 0 
5 24 8 19
1024 1024 1024 1024 1024 1024 1024 1024 1024 1024 1024 1024 1024 1024 1024 1024 1024 1024 1024 1024 1024 1024 1024 1024 1024 1024 1024 1024 1024 1024 1024 1024 1024 1024 1024 1024 1024 1024 1024 1024 1024 1024 1024 1024 1024 1024 1024 1024 1024 1024 1024 1024 1024 1024 1024 1024 1024 1024 1024 1024 1024 1024 1024 1024 1024 1024 1024 1024 1024 1024 1024 1024 1024 1024 1024 1024 1024 1024 1024 1024 1024 1024 1024 1024 1024 1024 1024 1024 1024 1024 1024 1024 1024 1024 1024 1024 1024 1024 1024 1024 1024 1024 1024 1024 1024 1024 1024 1024 1024 1024 1024 1024 1024 1024 1024 1024 1024 1024 1024 1024 1024 1024 1024 1024 1024 1024 1024 1024 
256 256 256 256 256 256 256 256 256 256 256 256 256 256 256 256 256 256 256 256 256 256 256 256 256 256 256 256 256 256 256 256 256 256 256 256 256 256 256 256 256 256 256 256 256 256 256 256 256 256 256 256 256 256 256 256 256 256 256 256 256 256 256 256 256 256 256 256 256 256 256 256 256 256 256 256 256 256 256 256 256 256 256 256 256 256 256 256 256 256 256 256 256 256 256 256 256 256 256 256 256 256 256 256 256 256 256 256 256 256 256 256 256 256 256 256 256 256 256 256 256 256 256 256 256 256 256 256 
31941 31941 31941 31941 31941 31941 31941 31941 31941 31941 31941 31941 31941 31941 31941 31941 31941 31941 31941 31941 31941 31941 31941 31941 31941 31941 31941 31941 31941 31941 31941 31941 31941 31941 31941 31941 31941 31941 31941 31941 31941 31941 31941 31941 31941 31941 31941 31941 31941 31941 31941 31941 31941 31941 31941 31941 31941 31941 31941 31941 31941 31941 31941 31941 31941 31941 31941 31941 31941 31941 31941 31941 31941 31941 31941 31941 31941 31941 31941 31941 31941 31941 31941 31941 31941 31941 31941 31941 31941 31941 31941 31941 31941 31941 31941 31941 31941 31941 31941 31941 31941 31941 31941 31941 31941 31941 31941 31941 31941 31941 31941 31941 31941 31941 31941 31941 31941 31941 31941 31941 31941 31941 31941 31941 31941 31941 31941 31941 
6 0 0 12
1 1 1 1 1 1 1 1 1 1 1 1 1 1 1 1 1 1 1 1 1 1 1 1 1 1 1 1 1 1 1 1 1 1 1 1 1 1 1 1 1 1 1 1 1 1 1 1 1 1 1 1 1 1 1 1 1 1 1 1 1 1 1 1 1 1 1 1 1 1 1 1 1 1 1 1 1 1 1 1 1 1 1 1 1 1 1 1 1 1 1 1 1 1 1 1 1 1 1 1 1 1 1 1 1 1 1 1 1 1 1 1 1 1 1 1 1 1 1 1 1 1 1 1 1 1 1 1 
1 1 1 1 1 1 1 1 1 1 1 1 1 1 1 1 1 1 1 1 1 1 1 1 1 1 1 1 1 1 1 1 1 1 1 1 1 1 1 1 1 1 1 1 1 1 1 1 1 1 1 1 1 1 1 1 1 1 1 1 1 1 1 1 1 1 1 1 1 1 1 1 1 1 1 1 1 1 1 1 1 1 1 1 1 1 1 1 1 1 1 1 1 1 1 1 1 1 1 1 1 1 1 1 1 1 1 1 1 1 1 1 1 1 1 1 1 1 1 1 1 1 1 1 1 1 1 1 
4096 4096 4096 4096 4096 4096 4096 4096 4096 4096 4096 4096 4096 4096 4096 4096 4096 4096 4096 4096 4096 4096 4096 4096 4096 4096 4096 4096 4096 4096 4096 4096 4096 4096 4096 4096 4096 4096 4096 4096 4096 4096 4096 4096 4096 4096 4096 4096 4096 4096 4096 4096 4096 4096 4096 4096 4096 4096 4096 4096 4096 4096 4096 4096 4096 4096 4096 4096 4096 4096 4096 4096 4096 4096 4096 4096 4096 4096 4096 4096 4096 4096 4096 4096 4096 4096 4096 4096 4096 4096 4096 4096 4096 4096 4096 4096 4096 4096 4096 4096 4096 4096 4096 4096 4096 4096 4096 4096 4096 4096 4096 4096 4096 4096 4096 4096 4096 4096 4096 4096 4096 4096 4096 4096 4096 4096 4096 4096 
7 20 12 44
77 -218 -27222 3482 11596 -10804 -28104 -32444 1674 128 -8144 12333 -32550 -12613 -28006 -3207 8743 -18382 -11284 4737 3068 18160 22413 22337 -26618 -14698 -23326 -24325 -14266 24360 -23678 -26516 4974 -27600 20115 -21513 17657 -27207 15708 12368 11719 -8100 18009 -26172 -32638 3976 -29987 31572 27006 -27874 16326 9998 -497 6519 -4129 11451 24643 -678 13230 -27234 -25202 -29815 25163 25935 -7679 -30310 -25412 -24649 1605 -3794 -12952 2147 -692 -15088 18224 -18511 16462 -17252 -10944 14682 25021 32367 -32559 -6339 20054 15500 19844 -24248 -18070 8189 21844 -32395 -8115 -22451 -28534 -3345 1576 -39 26757 28965 24944 23575 1215 16651 -28772 17620 27170 -9261 16685 29384 18549 21978 19795 -17919 578 -9368 31237 -21023 -5554 -18875 17890 -9779 -13020 8177 -16038 -31541 20912 22265 
0 0 0 0 0 0 0 0 0 0 0 0 0 0 0 0 0 0 0 0 0 0 0 0 0 0 0 0 0 0 0 0 0 0 0 0 0 0 0 0 0 0 0 0 0 0 0 0 0 0 0 0 0 0 0 0 0 0 0 0 0 0 0 0 0 0 0 0 0 0 0 0 0 0 0 0 0 0 0 0 0 0 0 0 0 0 0 0 0 0 0 0 0 0 0 0 0 0 0 0 0 0 0 0 0 0 0 0 0 0 0 0 0 0 0 0 0 0 0 0 0 0 0 0 0 0 0 0 
0 0 0 0 0 0 0 0 0 0 0 0 0 0 0 0 0 0 0 0 0 0 0 0 0 0 0 0 0 0 0 0 0 0 0 0 0 0 0 0 0 0 0 0 0 0 0 0 0 0 0 0 0 0 0 0 0 0 0 0 0 0 0 0 0 0 0 0 0 0 0 0 0 0 0 0 0 0 0 0 0 0 0 0 0 0 0 0 0 0 0 0 0 0 0 0 0 0 0 0 0 0 0 0 0 0 0 0 0 0 0 0 0 0 0 0 0 0 0 0 0 0 0 0 0 0 0 0 
8 10 12 12
21341 21341 21341 21341 21341 21341 21341 21341 21341 21341 21341 21341 21341 21341 21341 21341 21341 21341 21341 21341 21341 21341 21341 21341 21341 21341 21341 21341 21341 21341 21341 21341 21341 21341 21341 21341 21341 21341 21341 21341 21341 21341 21341 21341 21341 21341 21341 21341 21341 21341 21341 21341 21341 21341 21341 21341 21341 21341 21341 21341 21341 21341 21341 21341 21341 21341 21341 21341 21341 21341 21341 21341 21341 21341 21341 21341 21341 21341 21341 21341 21341 21341 21341 21341 21341 21341 21341 21341 21341 21341 21341 21341 21341 21341 21341 21341 21341 21341 21341 21341 21341 21341 21341 21341 21341 21341 21341 21341 21341 21341 21341 21341 21341 21341 21341 21341 21341 21341 21341 21341 21341 21341 21341 21341 21341 21341 21341 21341 
32691 32691 32691 32691 32691 32691 32691 32691 32691 32691 32691 32691 32691 32691 32691 32691 32691 32691 32691 32691 32691 32691 32691 32691 32691 32691 32691 32691 32691 32691 32691 32691 32691 32691 32691 32691 32691 32691 32691 32691 32691 32691 32691 32691 32691 32691 32691 32691 32691 32691 32691 32691 32691 32691 32691 32691 32691 32691 32691 32691 32691 32691 32691 32691 32691 32691 32691 32691 32691 32691 32691 32691 32691 32691 32691 32691 32691 32691 32691 32691 32691 32691 32691 32691 32691 32691 32691 32691 32691 32691 32691 32691 32691 32691 32691 32691 32691 32691 32691 32691 32691 32691 32691 32691 32691 32691 32691 32691 32691 32691 32691 32691 32691 32691 32691 32691 32691 32691 32691 32691 32691 32691 32691 32691 32691 32691 32691 32691 
32767 32767 32767 32767 32767 32767 32767 32767 32767 32767 32767 32767 32767 32767 32767 32767 32767 32767 32767 32767 32767 32767 32767 32767 32767 32767 32767 32767 32767 32767 32767 32767 32767 32767 32767 32767 32767 32767 32767 32767 32767 32767 32767 32767 32767 32767 32767 32767 32767 32767 32767 32767 32767 32767 32767 32767 32767 32767 32767 32767 32767 32767 32767 32767 32767 32767 32767 32767 32767 32767 32767 32767 32767 32767 32767 32767 32767 32767 32767 32767 32767 32767 32767 32767 32767 32767 32767 32767 32767 32767 32767 32767 32767 32767 32767 32767 32767 32767 32767 32767 32767 32767 32767 32767 32767 32767 32767 32767 32767 32767 32767 32767 32767 32767 32767 32767 32767 32767 32767 32767 32767 32767 32767 32767 32767 32767 32767 32767 
9 80 12 67
-30798 21638 -25101 2106 20470 -1517 10534 -31719 16973 7827 -20243 23013 -8101 -32433 26620 -12808 29947 15171 -1679 31119 29513 -15386 9060 -17922 -31962 -24854 -15780 -19721 17250 -30703 19723 27529 -415 -16615 -15249 12302 -15491 -5407 5286 -3391 245 -14460 -3029 25499 -211 19503 -32578 -4590 -4418 -25237 -16129 17681 27331 -28756 -16901 29964 -1835 20626 -25939 -25371 2710 5587 -3945 1699 -15574 5236 11984 31608 4601 30433 -25493 26390 2187 -11390 24054 -51 -18371 537 -16196 8523 13186 7492 28578 25979 31685 -19274 12994 -17072 4412 4053 -16655 -16499 -8837 7441 1116 -18734 5685 -12877 -4432 1895 21291 20782 21985 -27407 -15965 -17573 3969 -10164 -24638 -8362 -7190 -14730 -32250 17912 19262 -11156 -15861 -19824 10743 30078 20893 -27153 -581 3062 -4823 5390 -24815 13592 
30384 -19771 9698 3557 -6265 22199 -5832 -18026 -18976 29493 -19291 4054 32674 -11270 23295 26828 -32725 -1627 31145 -28587 -16447 -8673 2306 4503 -15107 -5658 -16950 -14550 -30307 -24936 31259 -31272 -27999 -25149 -1958 27118 6997 -383 -13378 5824 5022 -23321 -21151 -4775 -18217 2389 27492 -1309 26376 -13575 -24595 -25128 18914 15389 -1679 16607 1939 28456 -23699 -21206 18722 12629 27985 -13206 27326 -9422 22621 -14170 6367 -11480 -15474 29358 1262 -6022 -15129 -16140 31088 10489 15937 29723 -15999 31476 7633 14297 7850 19117 5823 -9543 -10164 27730 12149 12683 2479 -29958 -17924 29773 23512 2691 -12980 4800 -20600 -2826 -9394 -28215 -5986 -3596 -29563 12971 -16163 -8987 -2909 -28394 20920 -28788 -15045 4241 -4603 -22930 -29876 25972 16815 20276 23910 17541 19391 3113 31289 -32548 
-27888 -12750 -7255 223 -3822 -1004 -1831 17040 -9599 6880 11638 2780 -7888 10893 18481 -10240 -29207 -736 -1558 -26512 -14466 3977 623 -2405 14390 4191 7971 8551 -15581 22817 18374 -25656 346 12453 890 9942 -3230 62 -2108 -589 37 10050 1909 -3629 115 1389 -26692 179 -3473 10210 11822 -13241 15406 -13188 846 14830 -106 17492 18320 16034 1512 2103 -3290 -669 -12683 -1470 8079 -13348 873 -10412 11756 23090 82 2044 -10845 25 -17021 168 -7692 7550 -6287 7028 6501 11069 7413 -10981 2255 4855 -1336 3349 -6030 -6236 -653 -6643 -596 -16623 3984 -1033 1714 271 -13071 -1750 -6155 23046 2848 1883 -3497 -3929 11868 2240 623 12465 -20107 -15368 -8637 -1410 2176 13547 -9565 23281 10470 -16408 -414 1601 -2787 500 -23140 -13184 
10 -30 6 -12
26907 -7509 5449 13210 -277 3945 -3830 15829 -6786 19624 12849 -25501 4579 10396 -28070 27545 -7239 16256 26284 -12959 -17152 7007 17302 31179 -32216 18101 -22955 7514 -15093 -20926 -152 25217 29280 17084 -1958 -13383 16730 -16032 26325 -7791 -20826 410 -12392 20716 18192 -20412 -4816 -8203 17896 -30725 -31226 17526 -10084 24564 -30181 5623 -3057 3121 18190 -18273 1118 -8257 -28157 23457 -32757 3697 -28661 -18826 18203 -19679 8786 27730 7300 -21165 -32629 10959 22652 7045 -28787 25595 9330 21249 11968 -3589 -27732 2437 13862 15940 -6736 26228 -17596 -21095 -20617 15433 5304 17082 -19260 -16577 -14110 30039 -14698 21944 -8017 -12274 -754 4695 24126 28593 -24118 -12364 3650 18614 -21907 6405 -6254 31463 -2361 -18259 -10538 21457 22815 917 -17411 -13913 21114 -23228 -31420 23672 
6508 -27354 25422 31749 31493 -11131 14078 -16155 28679 9562 13770 -32523 25344 -25033 27354 -17444 -5838 3941 11665 -14849 -25052 7774 -21623 16023 -21150 -25662 31231 20938 30283 -18632 -21261 23079 -13269 -23131 18544 -1555 5770 12002 -6035 23151 31993 6085 32447 27616 -7091 19997 17222 7386 7662 -3831 -6821 -30936 4680 -10158 -25187 -3428 -24093 23695 -22877 17953 -25474 19231 17566 11868 8988 18431 -13364 30048 4418 -23552 -2591 13154 -28539 12447 5519 10075 1195 15521 -5605 17019 -19196 -13657 20143 -5793 27334 -11015 -5380 -5684 -18597 -21306 11978 -29451 -29912 -26455 -29272 30533 15539 -541 8704 32741 -26013 -27240 16063 11531 7610 -8906 -27642 -19934 24580 -28818 -28376 -20892 -3831 26290 30258 -16756 30382 10912 25539 24951 22201 -156 -3630 1939 30040 -5286 -10075 12483 
0 0 0 0 0 0 0 0 0 0 0 0 0 0 0 0 0 0 0 0 0 0 0 0 0 0 0 0 0 0 0 0 0 0 0 0 0 0 0 0 0 0 0 0 0 0 0 0 0 0 0 0 0 0 0 0 0 0 0 0 0 0 0 0 0 0 0 0 0 0 0 0 0 0 0 0 0 0 0 0 0 0 0 0 0 0 0 0 0 0 0 0 0 0 0 0 0 0 0 0 0 0 0 0 0 0 0 0 0 0 0 0 0 0 0 0 0 0 0 0 0 0 0 0 0 0 0 0 
11 -12 0 0
0 0 0 0 0 0 0 0 0 0 0 0 0 0 0 0 0 0 0 0 0 0 0 0 0 0 0 0 0 0 0 0 0 0 0 0 0 0 0 0 0 0 0 0 0 0 0 0 0 0 0 0 0 0 0 0 0 0 0 0 0 0 0 0 0 0 0 0 0 0 0 0 0 0 0 0 0 0 0 0 0 0 0 0 0 0 0 0 0 0 0 0 0 0 0 0 0 0 0 0 0 0 0 0 0 0 0 0 0 0 0 0 0 0 0 0 0 0 0 0 0 0 0 0 0 0 0 0 
32767 32767 32767 32767 32767 32767 32767 32767 32767 32767 32767 32767 32767 32767 32767 32767 32767 32767 32767 32767 32767 32767 32767 32767 32767 32767 32767 32767 32767 32767 32767 32767 32767 32767 32767 32767 32767 32767 32767 32767 32767 32767 32767 32767 32767 32767 32767 32767 32767 32767 32767 32767 32767 32767 32767 32767 32767 32767 32767 32767 32767 32767 32767 32767 32767 32767 32767 32767 32767 32767 32767 32767 32767 32767 32767 32767 32767 32767 32767 32767 32767 32767 32767 32767 32767 32767 32767 32767 32767 32767 32767 32767 32767 32767 32767 32767 32767 32767 32767 32767 32767 32767 32767 32767 32767 32767 32767 32767 32767 32767 32767 32767 32767 32767 32767 32767 32767 32767 32767 32767 32767 32767 32767 32767 32767 32767 32767 32767 
0 0 0 0 0 0 0 0 0 0 0 0 0 0 0 0 0 0 0 0 0 0 0 0 0 0 0 0 0 0 0 0 0 0 0 0 0 0 0 0 0 0 0 0 0 0 0 0 0 0 0 0 0 0 0 0 0 0 0 0 0 0 0 0 0 0 0 0 0 0 0 0 0 0 0 0 0 0 0 0 0 0 0 0 0 0 0 0 0 0 0 0 0 0 0 0 0 0 0 0 0 0 0 0 0 0 0 0 0 0 0 0 0 0 0 0 0 0 0 0 0 0 0 0 0 0 0 0 
12 6 3 21
0 0 0 0 0 0 0 0 0 0 0 0 0 0 0 0 0 0 0 0 0 0 0 0 0 0 0 0 0 0 0 0 0 0 0 0 0 0 0 0 0 0 0 0 0 0 0 0 0 0 0 0 0 0 0 0 0 0 0 0 0 0 0 0 0 0 0 0 0 0 0 0 0 0 0 0 0 0 0 0 0 0 0 0 0 0 0 0 0 0 0 0 0 0 0 0 0 0 0 0 0 0 0 0 0 0 0 0 0 0 0 0 0 0 0 0 0 0 0 0 0 0 0 0 0 0 0 0 
-9999 -9999 -9999 -9999 -9999 -9999 -9999 -9999 -9999 -9999 -9999 -9999 -9999 -9999 -9999 -9999 -9999 -9999 -9999 -9999 -9999 -9999 -9999 -9999 -9999 -9999 -9999 -9999 -9999 -9999 -9999 -9999 -9999 -9999 -9999 -9999 -9999 -9999 -9999 -9999 -9999 -9999 -9999 -9999 -9999 -9999 -9999 -9999 -9999 -9999 -9999 -9999 -9999 -9999 -9999 -9999 -9999 -9999 -9999 -9999 -9999 -9999 -9999 -9999 -9999 -9999 -9999 -9999 -9999 -9999 -9999 -9999 -9999 -9999 -9999 -9999 -9999 -9999 -9999 -9999 -9999 -9999 -9999 -9999 -9999 -9999 -9999 -9999 -9999 -9999 -9999 -9999 -9999 -9999 -9999 -9999 -9999 -9999 -9999 -9999 -9999 -9999 -9999 -9999 -9999 -9999 -9999 -9999 -9999 -9999 -9999 -9999 -9999 -9999 -9999 -9999 -9999 -9999 -9999 -9999 -9999 -9999 -9999 -9999 -9999 -9999 -9999 -9999 
0 0 0 0 0 0 0 0 0 0 0 0 0 0 0 0 0 0 0 0 0 0 0 0 0 0 0 0 0 0 0 0 0 0 0 0 0 0 0 0 0 0 0 0 0 0 0 0 0 0 0 0 0 0 0 0 0 0 0 0 0 0 0 0 0 0 0 0 0 0 0 0 0 0 0 0 0 0 0 0 0 0 0 0 0 0 0 0 0 0 0 0 0 0 0 0 0 0 0 0 0 0 0 0 0 0 0 0 0 0 0 0 0 0 0 0 0 0 0 0 0 0 0 0 0 0 0 0 
13 21 0 -1
-272 11021 8676 6356 -9274 -6387 11199 -4663 10770 -8735 11754 -4516 4107 -294 10251 -10882 -2653 -11064 -3432 -11060 5977 8180 -3059 -4629 -271 -10152 10119 -418 -1577 8636 7948 3806 6954 -7967 -9572 -5801 -675 7133 10207 9973 11259 -10029 1167 7865 -11235 7713 -11268 -9621 9909 2360 -11300 -9182 10863 -5016 3480 8514 9857 -1334 -3332 -7851 -1249 11611 -9813 1576 -1015 2179 -10478 -8326 -8381 -3500 4474 -8509 -10036 7953 10925 -1176 1993 -11396 11374 7167 5261 -8544 -707 -8897 4932 -6850 -8124 1547 -4281 3784 -9190 -6466 -1729 2440 -6964 -4997 -10860 -10407 -8882 6927 -7458 8860 -9480 7091 -1589 10741 5820 -5941 -4138 2278 -999 -6081 4927 -10904 9531 2052 505 4879 394 -3440 5082 546 -521 11003 -8910 -320 996 -8365 
-8229 -16517 -573 22079 27009 6902 28628 -32417 -28713 -29902 7719 22645 19287 5751 -13844 20884 21936 -28845 -18685 -9499 -18963 -28953 7614 -29906 21287 14344 -10903 -12534 17393 11975 7384 -24831 32592 27655 711 19204 30291 -32707 7890 25166 -16254 -20878 -1705 19485 1148 -23539 32743 24454 -28649 -14479 17346 11690 -4145 20363 -25663 -1129 11637 19283 18202 31676 8641 4880 -31397 9049 -1313 22476 -7788 -24751 -27680 11563 28276 -27333 28935 -32223 -26393 26383 -13832 -21978 4575 -25106 -26333 5148 -26787 13279 -31822 23581 -14632 6172 21490 -9755 819 -14790 -18616 24965 31031 6511 -8492 -414 -25537 9595 -13263 29064 3277 1670 -3921 -28143 18057 -14773 -5087 -15788 -13405 -17741 -17004 4030 -4395 -23488 27711 26699 13163 -32338 -16804 10826 -32598 -20413 -14288 -23070 -31466 32520 
146 -11868 -324 9149 -16331 -2874 20902 9855 -20161 17029 5915 -6667 5164 -110 -9252 -14817 -3794 20807 4181 6849 -7389 -15441 -1519 9025 -376 -9494 -7193 342 -1788 6742 3826 -6162 14776 -14365 -444 -7263 -1333 -15210 5250 16363 -11931 13651 -130 9991 -841 -11837 -24054 -15339 -18508 -2228 -12779 -6998 -2936 -6659 -5823 -627 7478 -1677 -3954 -16214 -704 3694 20087 930 87 3193 5320 13435 15125 -2639 8248 15163 -18933 -16708 -18799 -2023 -1797 16329 3393 -11731 -9032 -2868 1235 -7703 -10232 -10531 7750 623 -5998 -2407 -491 6235 2098 3971 -14089 -2121 6013 281 14788 4333 6449 16789 -2025 772 406 -19708 6852 5722 1372 -2345 873 7034 -5462 -2865 -2731 -3142 912 8493 338 7253 -5568 385 1107 -14643 8300 481 -2043 -17735 
14 25 12 12
15366 -20294 -26212 -12238 -10970 21822 19702 8711 19109 25803 -11999 -25199 6402 -9312 10185 14548 -8753 -21033 -15337 -15343 -3435 714 -8673 26267 23890 -16034 20859 -10793 -6313 -20055 21510 -13381 20265 10097 -21867 12410 -23736 22584 4836 25210 26103 -81 20429 12073 -20695 -21392 26237 375 715 22935 -2010 -22722 -10119 10897 -12021 -4363 24556 -7155 -15415 20964 6003 -8913 9498 -21024 -8671 -20958 -23960 14760 -1738 20511 17459 -5168 9743 24483 -19619 22779 -5992 2348 -24643 -10074 13188 9197 -13302 -8039 -15431 -7895 13587 26041 25778 16986 -13560 24973 -24898 8122 25555 11425 -24559 -13816 4383 -18019 6079 21622 5879 -11236 -19782 14395 -14732 21414 -22191 5041 -9594 7278 21059 20444 -7376 -12545 6230 13212 5415 -310 -18577 18479 6539 -1818 18258 14721 -12017 22216 
-5073 -14484 6194 -25569 9997 2789 -19463 -18151 -8857 23790 -7484 18113 -22880 -17389 7247 -17005 6021 -19645 -17822 -7984 3449 13219 -9882 -3432 17537 -31130 32468 -30922 -5412 -1100 24112 -29972 -12631 -14331 -26391 20850 -773 -8244 -12030 18888 -27291 -27435 284 -15879 11654 22118 23313 -5500 31332 31166 -12721 10254 14101 -15808 3765 -2635 -2289 -4180 7290 -31852 30848 -3406 -21221 -23687 -7730 15336 10890 -22335 -14858 -19374 13569 5431 -21390 2730 1330 13733 20566 -12936 17126 6810 30397 -13755 19489 -7354 13232 25401 28117 32577 -17418 -26695 17059 -26374 -193 15778 18714 3882 14161 -18243 -22062 -4929 -2626 -32413 -25699 19341 -13987 -26556 21085 7651 -15606 -21877 -8006 6338 4764 24860 -13374 17139 -15318 -21744 -28902 11879 -10110 14614 -18134 8499 18187 -31027 31588 -28616 
-2087 7871 -4347 8379 -2936 1630 -10268 -4234 -4532 16437 2405 -12221 -3922 4336 1976 -6624 -1411 11064 7319 3280 -317 253 2295 -2414 11218 13365 18134 8936 915 591 13887 10739 -6854 -3875 15452 6928 491 -4985 -1558 12750 -19075 60 155 -5133 -6458 -12669 16378 -55 600 19139 685 -6239 -3821 -4612 -1212 308 -1505 801 -3009 -17880 4958 813 -5397 13334 1795 -8606 -6987 -8827 691 -10640 6343 -752 -5580 1790 -699 8376 -3300 -813 -11301 -1837 10734 -3387 -6942 1583 -5467 -5370 10229 22715 -12023 -12141 -6194 -17636 129 3431 12805 1188 -9312 6749 -2589 2378 -427 -18766 -4045 -5819 7409 -10236 -8317 4387 9273 -2953 2057 1235 2686 13609 2641 -5757 -2555 -7692 -4191 -99 5029 7231 -3175 -414 8891 -12230 -10164 -17023 
15 22 10 9
-4830 3848 13103 -12835 5663 13083 13278 13856 -14697 -18094 -18054 -14460 16947 7226 8820 6166 -9634 -3161 12663 -20708 10159 17026 -22304 17315 22398 6272 -5673 -8527 9263 -2173 12974 7658 -7339 -4487 14264 -10329 -16991 -18083 -13287 -9866 17072 9614 9236 13009 -644 18543 -18885 11647 9035 9787 -3796 20394 -19034 -22517 -15771 -9894 987 4999 2024 -2756 13937 23166 -14116 -9657 22832 20385 -15366 6968 -13597 -17076 11628 -5571 10476 1739 2282 -23670 -7443 -8880 23213 6076 -12589 20949 -22813 3544 -6788 -17422 -21533 21144 -4263 12908 -11342 -4854 17424 16055 3283 -9233 22097 -19446 14941 199 9640 -1103 12672 9996 -1813 -10735 749 771 -22653 -14415 3419 -16676 -18045 5450 4785 8245 -6159 18779 1455 -20450 -17396 4677 4361 -16433 -11181 -13704 -1128 -12390 
14337 -30451 611 -31718 22956 30093 -2715 -19699 21691 -12215 12165 -31233 23894 -12703 10025 3511 -22065 6948 31674 30370 -30717 -8597 26549 -6860 -32357 22061 5350 -12952 -27149 16904 -10554 26452 -5289 -107 -2811 16763 6145 -18527 -27587 17709 -26588 -6481 -8117 -2120 -3042 14157 13966 -1820 4543 26287 -12401 -6090 -28934 -16008 -17721 5718 -9079 13368 7616 29818 -18064 -1364 3457 28186 -8266 29272 11296 -18369 6855 5684 -13173 -23048 15010 -28631 28802 25947 14902 -25597 -31782 -21796 7241 17649 8542 29880 10642 30407 -27604 29837 -31388 -22684 20952 -9693 10293 7763 16066 6367 12677 -26910 32562 -2746 19582 -8248 17321 -19747 -29732 29605 -2104 16051 13166 -4357 7084 -162 -9317 28262 -849 20799 18887 -16745 19798 -4439 -25848 29260 5561 -16671 21958 4992 -20451 -2566 
-2489 -4212 288 14635 4673 14153 -1296 -9812 -11460 7945 -7895 16236 14557 -3300 3179 778 7642 -790 14419 -22608 -11218 -5262 -21287 -4270 -26053 4974 -1091 3970 -9041 -1320 -4922 7282 1395 17 -1441 -6224 -3753 12044 13177 -6281 -16318 -2240 -2695 -991 70 9437 -9482 -762 1476 9249 1692 -4465 19798 12958 10047 -2034 -322 2402 554 -2954 -9050 -1136 -1754 -9785 -6785 21451 -6240 -4601 -3351 -3489 -5507 4616 5653 -1790 2363 -22079 -3987 8171 -26522 -4761 -3277 13291 -7005 3807 -2597 -19044 21368 22679 4810 -10526 -8543 1691 6447 4481 1896 -2113 10070 18812 17490 -20 6786 327 7891 -7096 1938 -11425 -57 445 -10722 2258 871 97 6044 5537 -146 6165 -4182 -11304 1036 3263 16165 4920 872 9848 -8826 -2459 829 1143 
16 24 -2 -1
-2161 5091 -1898 -432 6603 5374 6710 680 -4276 4461 1289 5190 3920 3316 -4643 1497 4814 4568 -4301 -5927 3235 4906 -4262 2626 -5792 1239 -5158 -5635 -5079 3607 1056 728 2902 -5850 2680 5539 3567 -5940 6484 93 -106 -842 5138 6730 1872 -1789 1214 5162 -2286 -4618 2658 -938 4713 -6036 4363 3900 -2296 -5408 -6627 -2984 3525 5554 -4717 -6082 -5904 3023 -3748 -2581 6724 -2651 -5255 3947 -1131 6652 2225 1389 509 5452 5382 -670 -1024 4020 -3202 -1576 -4438 -6099 6558 4092 -5521 -4251 5543 -5091 3660 634 1129 -6145 -2015 -6681 2765 -4781 -2974 4951 489 6176 -472 -2589 -5034 -3409 6482 -1911 -1523 -6450 1359 -30 -3426 2341 5832 -5370 3731 -260 6655 -6229 -4110 -4715 -582 -647 6340 5009 
12217 17861 32345 -912 3289 31177 -19511 -28070 7447 -7727 -23295 -27216 -5150 26748 -20202 17191 -3900 15614 895 -492 -27091 31823 -24740 -32745 3695 28933 26567 -2698 2197 -3976 28497 -15364 -19412 15256 -16151 -19485 -3065 29900 -7374 25658 -19110 -10838 1247 -6862 -30263 3938 -15002 -6818 12180 -19211 23341 25996 9197 -19073 17605 -17866 5328 13648 -7938 10760 3264 15222 -24331 32369 960 6212 10172 -28740 28766 -14577 29910 13210 28020 -12162 18332 -28977 28987 25886 -22008 5232 14419 13584 30478 7564 4836 25274 -25989 -29809 12071 -8894 -31273 -20814 9502 10035 23020 14846 -20358 5523 -11395 3873 -28112 -21338 28891 -15765 -31134 19712 -27525 20643 22144 13085 19002 32365 27932 21940 10712 17267 32327 27447 -10731 24755 -18203 16273 8540 1287 26629 16053 -10655 12348 
-3051 10509 -7095 46 2510 19364 -15131 -2206 -3680 -3984 -3470 -16325 -2333 10251 10841 2974 -2170 8243 -445 337 -10129 18044 12187 -9938 -2473 4143 -15838 1757 -1290 -1658 3478 -1293 -6511 -10315 -5003 -12474 -1264 -20527 -5526 276 234 1055 741 -5337 -6548 -814 -2105 -4068 -3218 10254 7170 -2818 5010 13306 8877 -8053 -1414 -8531 6080 -3711 1330 9771 13265 -22753 -655 2170 -4406 8573 22355 4466 -18166 6026 -3663 -9350 4714 -4652 1705 16311 -13690 -405 -1706 6311 -11279 -1378 -2481 -17816 -19698 -14098 -7702 4370 -20035 12247 4019 735 3004 -10544 4741 -4265 -3641 -2140 9663 -12210 1633 -11253 1698 -5898 16014 -8133 16590 -2890 -3345 -24127 4387 -76 -4242 4672 21790 -17035 -4627 -744 -14001 -11715 -4057 -701 -1791 -1200 -7807 7149 
17 23 14 13
7117 -770 -10992 6862 -10628 -10012 -4063 1028 8115 -1836 12573 781 -9204 2028 7026 -3998 9210 -7610 -2728 -12627 -6 148 1727 -11761 1996 7109 5232 12459 -11969 9605 9382 7223 -10345 -10844 -907 -10127 -2517 -9741 10307 -6759 -3398 -7579 10562 -832 8024 -9903 -4372 10041 2506 3958 -4561 -5638 1140 1707 -4519 -10513 3479 4914 11447 8520 -7099 -2260 -6489 2258 285 -11196 9056 -6080 9595 12390 -12515 -8923 11387 5147 -1910 8833 457 11925 -8010 6085 10580 6963 10939 9818 1526 -1702 -8187 -1905 -2589 1480 9435 11602 3176 10605 -9179 -4706 -8467 -1029 -2222 -1 -9852 -874 -9229 4260 8914 6818 11660 5669 4989 -8158 -10400 5313 429 -7955 11121 7625 5237 -109 8984 11577 -11716 -6042 -689 -7796 923 7276 12061 2437 
18102 19503 -19502 -15775 24558 23068 17675 28858 16534 -5341 30017 1233 -11947 31207 -21099 -5222 13953 -13621 -9960 -23890 16078 27557 -14318 11678 -6997 834 -17582 -31330 -16286 10526 -4724 -16206 31320 640 22426 -6115 12562 -18679 27285 -32441 16394 -18674 8003 26062 16768 -25273 -16491 15998 -15574 -22545 5405 -22538 1690 -19685 25068 13471 -13592 -9031 18314 16065 -3280 31836 -14456 13932 29525 16752 19998 22181 -3762 8012 1937 -12119 -15403 -30621 26567 2294 -28302 1970 -10626 10186 24426 -15064 20041 4978 31416 7110 3369 -31779 -31307 32485 13646 18737 14846 1239 147 -31450 27870 -21686 -30721 -17584 -9184 25345 -4518 -31214 32524 7964 -32516 -20274 26654 9903 -296 -21740 20771 -23943 10061 -22410 16744 2520 26364 -26223 3486 -25367 -21157 20130 1152 2156 -11112 9659 
5700 -664 9484 -4789 -11547 -10218 -3177 1312 5936 434 16696 43 4865 2800 -6558 924 5685 4586 1202 13345 -4 180 -1094 -6076 -618 262 -4070 -17269 8624 4473 -1961 -5179 -14334 -307 -900 2740 -1399 8050 12442 9701 -2464 6261 3740 -959 5952 11072 3190 7107 -1727 -3948 -1091 5622 85 -1487 -5012 -6265 -2092 -1963 9275 6055 1030 -3183 4150 1392 372 -8297 8012 -5966 -1597 4392 -1072 4784 -7759 -6973 -2245 896 -572 1039 3765 2742 11433 -4640 9699 2162 2121 -535 -1220 2678 3586 2127 5696 9617 2086 581 -60 6548 -10440 987 3020 1 4003 -980 1845 -5883 12826 2402 -16773 -5085 5883 -3574 136 -5110 394 8426 4950 -7560 3879 -12 10478 -13431 -1807 6781 645 -6943 47 694 -5929 1041 
18 21 8 7
2078 -5693 -1948 1649 -3026 -5092 3823 -3011 464 684 2370 -1553 -3927 3777 1174 5736 -20 5355 2289 5223 5203 5449 4743 3399 4291 -2317 155 228 1824 -424 1245 1602 4640 3740 -2480 -2946 3220 4737 2889 -3361 5625 -3628 5720 5145 -5552 5608 2841 -4437 -2766 3656 1309 -4951 -5004 -401 -3787 -3900 -3426 2610 -385 -2283 -1333 -3938 1153 521 10 -1185 159 -162 3175 1479 3097 -3162 3264 4749 -5600 4482 -4815 -1316 5484 -666 -5372 251 4363 -4051 -1824 482 -3423 3357 -1549 4192 2205 1470 -2803 4218 -3905 -768 -4918 -4623 -4783 3549 -2618 -5696 818 3868 3874 5573 4609 371 -1897 -1475 1459 292 -3504 4780 5254 2589 -343 -3045 -701 3414 -1447 -4308 4317 -5765 4230 -4499 5010 4430 
-26385 -7202 -21201 19548 -20226 12125 -12646 30771 17667 27392 3207 -486 -7349 20079 -5378 5977 -19408 32271 -17645 24096 31933 -30113 -2062 -31162 22085 2256 -17449 -16876 -22918 -20933 31771 24621 -3251 7838 -24940 20377 -27677 27696 15998 30611 -19313 -4492 21630 -8249 3578 -1730 -7695 -20162 20898 -30300 -15741 -3974 -17232 -21446 -6054 25303 15797 9230 -11953 31151 -9107 22359 15609 -24888 7468 -23800 3099 -29482 541 -4940 -12595 -2371 17221 -15096 -16819 30673 775 -10819 21911 29199 -22655 -15786 -12272 -1324 22620 -504 -27285 -3425 -32722 31062 28931 -27172 -25120 -14099 26563 -14303 3860 27170 -23679 -3519 -17336 2765 -16937 -9748 7008 24059 -32717 10798 24458 3056 18870 -7180 -30179 359 -22596 -2271 25338 18561 17777 1556 -8579 1447 -10918 11362 25218 20125 2247 -11031 
-6684 4998 5035 3930 7461 -7527 -5894 -11295 999 2284 927 92 3518 9245 -770 4179 47 21067 -4924 15342 20254 -20003 -1192 -12912 11553 -637 -330 -469 -5096 1082 4822 4808 -1839 3574 7540 -7318 -10864 15994 5634 -12542 -13243 1987 15083 -5174 -2422 -1183 -2665 10906 -7047 -13504 -2512 2399 10512 1048 2795 -12030 -6598 2937 561 -8670 1480 -10734 2194 -1581 9 3438 60 582 209 -891 -4755 914 6852 -8740 11482 16759 -455 1736 14648 -2371 14836 -483 -6527 654 -5030 -30 11386 -1402 6179 15874 7777 -4869 8584 -7250 -12645 1339 -2314 -15312 13807 -1522 5533 -1920 -1689 -4596 3310 16345 -18382 488 -5656 -550 3356 -256 12891 209 -14473 -717 -1059 -6890 -1519 648 1513 -760 -5746 -7985 13004 -11038 1372 -5957 
19 37 20 32
21480 -24909 18251 -7526 24957 -23790 -12752 -16398 12498 -22449 22621 -23305 -10860 11327 -2226 -6027 -1430 -17474 5450 -10206 3949 17408 -437 -25497 -19189 8637 1180 -16937 -25768 -1765 15872 -21647 -5137 10095 19888 -20273 3454 -23082 22384 -7829 17794 -21925 -14160 -11298 17341 -13653 15468 -6809 -14233 24089 -10350 5012 -24435 -22983 18491 -7764 -13524 17973 12368 19847 16765 23193 -23433 -2744 15881 -5601 -4818 19585 -13877 6614 10859 25293 11092 -11053 25652 17951 4554 -12101 15104 -626 -2497 22274 8482 3225 -155 8358 -20304 -3379 19142 -19257 -610 6955 14227 -19189 -14640 3885 21904 22668 24408 -23222 -7948 -18529 19000 12956 20450 1094 -15761 18129 -14770 10000 -16100 -2438 -15445 16629 -17875 -20321 -975 14997 19753 2685 -22741 24620 21004 15986 -10659 3614 -13298 18690 
-12763 -9934 31484 5451 -17401 -7591 -17738 -27638 -2634 4651 -12114 1878 21256 24069 13907 29440 -24071 -28110 -27737 18038 7912 -10028 23627 13552 24842 -10343 -32448 -21436 5593 5705 5833 16452 27395 26818 -13219 1298 9286 20971 8246 -32265 16548 1519 31252 -21570 16947 5311 28535 -26806 -5054 -17710 1992 -22803 23893 -6086 -2378 -4440 20243 5629 1764 5919 18703 -32233 6445 -19581 2042 -265 28916 -30395 -164 -28671 -21687 9353 -10092 29953 15155 12466 12741 -10263 -19101 -26184 14448 -14637 -18732 -15979 27526 10317 -9943 -15988 12152 -17850 12835 -24776 1115 -63 -7403 22829 -27029 -7978 -25223 26135 -10612 -15431 -22005 -2835 31561 22048 -2403 9808 -20591 8895 19260 20177 -19334 -10909 2078 23981 -11989 -714 -15208 -25806 17426 21043 30077 -12305 -29736 -1497 12398 27967 
-8170 7374 17125 -1223 -12942 5382 6741 13507 -981 -3112 -8167 -1304 -6880 8125 -923 -5288 1026 14639 -4505 -5486 931 -5203 -308 -10298 -14207 -2662 -1141 10820 -4295 -300 2759 -10614 -4194 8068 -7835 -784 956 -14426 5501 7528 8775 -993 -13188 7263 8758 -2161 13154 5440 2144 -12714 -614 -3406 -17399 4169 -1310 1027 -8159 3015 650 3501 9345 -22280 -4501 1601 966 44 -4152 -17741 68 -5651 -7018 7050 -3336 -9867 11586 6669 1729 3701 -8598 488 -1075 -9716 -4735 -1536 -127 2570 6017 1610 6932 10244 -233 -5135 473 36 3230 2643 -17644 -5390 -18348 -18087 2514 8521 -12460 -1095 19235 719 1129 5299 9064 2651 -9241 -1466 8899 -5406 -1107 -14523 348 -319 -8953 -2065 -11810 15440 18827 -5862 9446 -161 -4913 15578 
20 43 4 23
-2803 5714 2387 -2019 -2573 4400 -7498 646 122 4445 8625 -3551 8685 3015 -8758 -5106 5023 -3951 1684 -4551 2589 -3231 2945 1307 -1678 2011 4843 -3026 7047 4258 -8022 7608 4992 6903 -5016 -4445 4347 5842 7271 -6008 -444 7777 4297 -654 6759 2576 2314 1421 5024 -2405 8089 -6466 7447 -5948 -3446 4412 6765 -9248 -7807 2627 5510 -8411 8030 2528 -10013 -5687 -7880 -572 5137 9523 -7758 -1482 3276 9421 -6282 -5781 -1261 -7506 4379 7657 4584 1361 1273 2343 -6811 -7299 4564 -7398 -9231 -3349 -4547 8912 2894 -1382 1978 -8326 5504 -7845 2994 -1645 5634 -5144 5970 4492 7290 -6546 7217 9109 6577 -3637 4368 4695 -7906 1986 -3466 -4671 9347 -3099 -3112 -2579 -8820 -2072 3848 9693 3794 5932 -3687 -5008 
12558 30791 11028 32109 -12934 -28716 15408 2782 -32249 -31075 31353 -22329 -8518 -17887 -27418 -29847 -15535 22498 -6207 20186 -14543 -21266 -14176 -6649 -1892 21871 4951 31455 -10885 28007 12519 17860 310 29706 -15988 -19956 -1306 29250 23750 31840 30006 -20343 18220 28556 19453 29896 29458 -28510 -1469 -16804 27679 28388 5085 12306 -27792 -30728 -9913 -642 -2383 6598 22976 1928 -10298 -4880 31868 28760 -10641 -5549 -22900 -3903 -3405 -11900 -18281 -24332 7697 -7540 11079 11813 -14661 -19811 15357 -5284 17152 15134 -30229 23878 21761 -14296 -17807 10174 -24847 -2118 25697 -32667 -11180 5731 -6493 -22885 32745 7457 -2270 25514 1883 -23437 -23051 -10603 -25453 -15662 16744 1968 -24987 -28843 -10953 -3857 -14285 -27502 -30566 12905 20623 -26229 762 620 -17994 -4388 28413 -29139 -25939 19779 
-2098 10487 1569 -3864 1984 -7531 -6886 107 -235 -8233 16118 4726 -4409 -3214 14313 9084 -4651 -5298 -623 -5476 -2244 4095 -2488 -518 189 2622 1429 -5673 -4572 7108 -5986 8099 92 12223 4780 5287 -338 10185 10293 -11402 -794 -9430 4667 -1113 7837 4590 4063 -2415 -440 2409 13345 -10941 2257 -4363 5708 -8081 -3997 354 1109 1033 7546 -967 -4929 -735 -19020 -9749 4998 189 -7012 -2215 1575 1051 -3570 -13663 -2882 2598 -833 -5285 -3827 -9042 4196 -429 1301 2114 12272 -10388 5920 6304 9798 -2031 6734 -1125 4433 2691 -1318 -2844 -2130 10701 5844 -731 -762 -7823 670 -6275 -10016 4137 -10949 -8504 6564 -427 -6505 -8072 5161 -457 2951 7657 -17029 -2384 -3825 4032 -401 -77 -4127 -2535 6425 -10303 5700 -5904 
21 25 14 15
-5769 15555 -5502 10484 -7551 8612 -4026 -15072 -3597 -13898 8298 1436 17124 -7977 -7597 -14196 11712 4702 10839 -14317 -16652 7646 16472 15408 -15203 1844 -8920 13909 -10879 10696 -17481 14469 -15935 5850 18069 -8186 -12555 -15657 -11255 15748 -7829 14438 -9846 -3752 -11467 9731 -2762 -16958 -2168 17954 6639 -6490 -13810 17011 -15214 -1033 -6906 -10719 12612 -11443 14050 -18377 5588 8827 5454 16685 18355 -13754 -14117 -17974 -14312 -8511 7575 3910 7430 6318 -7566 -3329 2474 15026 12530 -312 -3549 -6295 -8824 3644 -16761 -17800 18641 -9737 6493 4428 14005 -12072 7349 -5509 7884 -6063 7588 -14256 -17993 15215 4661 7411 -5977 -17304 -11533 -15231 -9092 -2081 -878 8493 7237 -12333 -15131 8151 -17197 10437 11228 16003 -11570 -13091 15579 2461 -12996 -10248 472 -13331 
-17848 11940 9020 11594 -16484 12996 -17761 5490 -3542 -21641 -11636 27467 -20926 10642 13230 15202 -1680 3094 12586 -7583 -5577 -10500 -4686 20475 30005 20565 28662 -11458 -578 27562 -13929 -13622 17689 25182 -2373 -24746 -3448 28597 -6290 -15282 -15579 -29773 22773 12431 -1278 1243 21554 -28792 -15302 -22233 -14589 -20531 -26508 -10488 4813 27790 -28802 5449 24206 -27950 31731 -17160 -26598 -19436 -10146 -1429 3859 -8801 -16268 -15512 9467 17830 11959 14299 13818 10847 -38 9694 28050 -22115 2549 3077 -19187 -25592 13797 -29341 -22208 -5895 -8221 -25402 -15806 1190 -11324 -10493 -12746 -21334 -26567 7380 -20087 30169 29198 9632 3123 -2121 -12715 -4394 -13719 -4736 12246 -3676 29020 -6592 -24084 -4384 -3094 12538 -19320 19005 -24092 -21572 -18310 -20111 12993 517 11249 -24099 14774 -26564 
5806 10472 -2798 6854 7018 6311 4032 -4666 718 16959 -5444 2224 -20205 -4787 -5667 -12169 -1109 820 7692 6122 5236 -4527 -4352 17789 -25721 2138 -14416 -8986 355 16623 13730 -11113 -15894 8306 -2418 11422 2441 -25246 3992 -13570 6877 -24238 -12643 -2630 826 682 -3357 27531 1871 -22508 -5461 7513 20641 -10060 -4129 -1619 11216 -3293 17214 18034 25138 17781 -8381 -9674 -3120 -1344 3994 6825 12949 15721 -7640 -8557 5108 3152 5789 3864 16 -1820 3913 -18737 1801 -54 3840 9084 -6865 -6029 20988 5917 -8641 13946 -5787 297 -8942 7142 -5282 6627 -11810 -2523 -8594 -24251 -29623 8263 821 -886 4285 4287 8921 4067 -6278 431 -1437 -3157 -9828 3049 2640 5762 18734 11184 -15253 -19465 11945 14845 11414 72 -8243 13925 393 19968 
22 35 -1 9
4513 20907 10295 6544 10951 2107 10376 -19139 -4501 -2500 -14493 -10537 -7334 -6734 4999 -13985 720 -12074 4845 6889 -14783 -15724 18279 -21995 -8436 -16594 8683 -13582 7545 19252 20910 6441 9008 -17592 15468 16888 9156 -5358 -8345 3344 15325 5667 10270 -7703 -643 8852 9459 -1362 15040 -5838 -10350 10041 19781 -788 -5906 2423 -9585 -19583 5720 -531 -9234 -7565 -18864 -18667 22244 5269 4773 -21928 -11865 -6386 16251 5832 20179 -19756 -4262 -16919 -4199 -12084 -13823 15069 -13140 11839 -12091 -18668 13567 -19922 -8741 7668 2707 3481 -14535 -2133 3915 14807 -16563 13993 12352 -6527 12037 6675 14429 -18290 1493 14600 6647 22229 -5716 1331 18875 -5749 5244 19911 -14587 75 -20869 -5661 -15944 12615 -18430 11323 -1637 -5680 15962 10098 -18046 -22226 20292 1938 
9701 11654 -13150 -18733 28190 -26135 -24343 -20967 -7756 -5946 20677 23508 20615 -5841 -24331 -30779 17177 -9963 19797 -832 10140 21638 -14014 -11880 31044 -5701 15821 -21831 -173 -18442 10953 8505 29627 18248 -17616 11725 -6670 -5496 11747 -17430 -20764 22375 -25240 -18284 9536 25726 -32208 8449 -1363 14347 -17917 22348 14446 14541 -32753 -11657 1132 16250 28422 32004 30816 -22194 -12610 10812 4534 -31886 18009 27090 23670 20545 -3207 1394 -30656 9433 15468 3902 -31013 19540 24793 27126 9014 1867 -17775 -457 2274 -26986 14239 26475 -8564 11034 -11487 5501 -14363 -22825 317 -15430 -13834 -19911 -916 17005 -21641 16130 -9831 13490 10399 17687 19534 -23304 16277 7121 -10639 22947 1638 -27870 32634 28535 32336 -7879 -26995 -15304 -30650 -20308 3081 11419 16997 32632 16004 -32640 
1305 7261 -4035 -3653 9200 -1641 -7528 11959 1040 443 -8931 -7382 -4506 1172 -3625 12828 369 3585 2859 -171 -4467 -10140 -7634 7787 -7805 2819 4094 8837 -39 -10581 6826 1633 7954 -9567 -8121 5901 -1820 878 -2921 -1737 -9483 3779 -7725 4197 -183 6787 -9079 -343 -611 -2496 5527 6688 8516 -341 5765 -842 -323 -9484 4845 -506 -8480 5004 7089 -6015 3006 -5007 2562 -17703 -8370 -3910 -1553 242 -18436 -5554 -1965 -1967 3881 -7037 -10214 12182 -3530 659 6405 254 919 16022 -3709 6050 -691 1145 4976 -350 -1676 -10072 -156 -6435 -5093 3873 -329 3383 -9306 -8792 -437 5870 2060 11717 -3328 -924 9156 -1220 -1663 13617 -712 -62 -20297 -4814 -15365 -2962 14827 -5164 1495 3438 1466 3436 -9141 -21615 9678 -1885 
23 26 12 15
2703 5869 3277 728 9249 -3603 1153 -1496 -281 -5762 -7945 8281 4017 -8863 792 -5640 3888 -8789 -2356 -4513 -5810 -2283 -6347 438 -7723 -7128 -8090 -9177 -7691 6487 9161 -6253 -213 -8137 8128 -2738 -3504 5842 -7257 -507 -5196 -2130 7160 6782 9545 7907 2784 -9110 110 -6250 7337 -2944 -2959 -8260 -4311 -8131 -2644 -6829 2045 4750 5172 -4498 -1461 7066 -1943 5900 -2477 -2649 -2419 -2922 5355 8543 1770 -5090 3120 -524 7764 -3395 -7995 -3142 1118 5272 -121 1710 3920 -3339 5250 2719 4278 -2250 -5028 8841 8464 -8506 -6111 1735 7687 3005 1268 -2745 -6603 531 -7426 996 -3265 -6047 -9119 -8511 8508 -5308 5913 -7347 -2891 4329 4971 8804 -2368 724 -5184 6671 9356 -8478 8737 -6500 -6831 451 -9188 -7747 
-11904 -19299 -22394 17608 4586 12545 31488 -5831 -23573 -12828 6303 -22228 11188 -17097 7717 17561 18681 -25375 32326 2019 28796 19249 -2481 28660 16430 -17114 -30923 -1059 17835 14765 -13952 -25839 -24334 -16258 4891 -15356 -16084 -15338 -30453 914 -15757 2101 2638 6167 -28060 -1830 24480 -9190 4428 -29307 5658 -3055 31334 25229 -32459 -3690 5634 24071 -10026 859 5363 20397 23907 11346 30623 -4179 -2084 4490 27797 32693 22070 -23073 19938 9103 -22246 -11420 -7468 -30320 1799 18661 -9287 26 14200 -210 24737 19256 14810 -14065 -21389 -10250 26751 -16250 -17885 8412 -27866 19270 7132 9378 13988 178 -5255 -10458 12960 2245 -23377 12190 9287 13416 3766 13612 7545 -15927 17819 -17222 20768 23930 4367 14674 -6844 -12214 7454 -10861 23988 28677 -2282 -153 -26273 -10006 
-3822 -13454 -8717 1523 5038 -5369 4312 1036 787 8780 -5948 -21864 5338 17999 726 -11764 8627 26490 -9046 -1082 -19872 -5220 1870 1491 -15072 14490 29715 1154 -16293 11377 -15182 19191 616 15713 4722 4994 6694 -10643 26250 -55 9725 -532 2244 4968 -31813 -1719 8095 9944 58 21757 4931 1068 -11013 -24752 16621 3564 -1769 -19525 -2435 485 3295 -10897 -4149 9523 -7067 -2929 613 -1413 -7987 -11347 14038 -23413 4192 -5504 -8244 711 -6887 12227 -1708 -6964 -1233 16 -204 -43 11518 -7637 9235 -4542 -10869 2739 -15976 -17064 -17981 -8499 20227 3971 6512 3347 2107 -58 4121 -660 -11431 266 9066 -8756 -10059 -13563 3806 -8582 5299 13899 -6119 -8855 12262 25024 -1228 1262 4214 -9678 8284 10937 24894 -22140 1852 -8 28673 9207 
24 34 6 15
5649 16506 21744 7589 -9606 26174 -11175 -14349 19751 27514 4897 18693 -18385 27869 19666 -25246 -20237 2424 8183 -15571 -22128 3401 -13843 -151 -1792 1552 2614 23511 22854 26331 11424 22893 -14843 -6085 10765 -25447 -9000 -18544 -7121 -8958 5128 -8067 18810 -7458 21339 -1078 21783 -1055 20141 -13383 -27730 8875 463 19055 -24587 -20052 3204 16432 5844 28306 -25890 17446 19816 1277 8992 10061 8064 17842 -18057 25651 -7958 9807 -6761 -5802 15974 6053 -2081 -22794 592 -12377 -19287 20921 -5623 24460 -5479 24455 14574 9234 22925 5854 25964 -16500 2020 6880 10110 -5233 -23294 -4085 17917 -2427 27492 -16494 21062 -4559 9895 20877 -24879 -13934 -5832 27486 4584 7590 -11700 25127 -9856 -27317 4233 10188 -19493 24285 2386 -18712 -3961 24762 16807 1115 13994 13461 
31697 -4275 17757 1454 19738 -25547 7641 29657 -13802 11090 2424 21279 -23298 32015 -8657 -19546 5948 6185 16150 27812 6471 -26187 -31199 27399 -24042 -16632 -23179 -10973 23011 10467 -2867 -1672 -26892 18386 -26843 19336 -24032 20911 -7867 29059 32435 29209 -24555 -32559 30509 25140 28313 25899 -27918 32232 25196 27510 -14095 12675 31743 30274 -30400 -22961 12997 9720 -17519 20251 25232 28013 -17085 -26366 -19509 -25959 -2739 815 -11390 29253 3203 7030 -26229 -11668 31744 -11467 -84 -4923 25029 14780 3398 12152 27692 -13977 6570 -29973 -10529 7107 -16515 -14912 -12170 -6893 -27463 -11695 -5485 19243 3817 -22863 -4927 5391 -27532 -10940 32101 -17204 19719 -4929 -4068 24151 -15077 -22036 -398 11592 31523 10777 -16129 -27257 8258 24050 13459 26020 24553 -15483 -12404 10205 29862 7806 
5336 -2103 11507 329 -5651 -19928 -2545 -12682 -8124 9094 354 11854 12765 26590 -5074 14706 -3587 447 3939 -12906 -4267 -2654 12871 -123 1284 -769 -1806 -7689 15673 8214 -976 -1141 11896 -3334 -8612 -14664 6446 -11557 1670 -7758 4957 -7022 -13765 7237 19402 -808 18380 -814 -16758 -12856 -20822 7276 -194 7198 -23260 -18092 -2903 -11244 2264 8200 13517 10529 14901 1066 -4578 -7906 -4689 -13803 1474 623 2701 8550 -645 -1216 -12487 -2105 -1969 7790 -1 1816 -14387 9215 -569 8858 -4522 -10187 2854 -8248 -7194 1240 -12779 7333 -733 -1413 -8275 1824 3808 -2343 2038 1654 -4037 -2650 -17282 1486 9466 -10704 -14621 2047 707 19783 -2060 -4985 139 8681 -9259 -8774 -2035 -8276 -4797 17406 957 -14510 -2898 -11426 -6213 339 12454 3132 
25 25 6 6
-6359 7843 -15488 8615 -19622 -21871 6950 10883 12998 10751 -9436 15016 -8302 -617 -16276 6725 4468 -20905 -12072 -16053 -3555 -14255 -7088 -4258 -2279 2069 6350 1212 -9118 -18488 -2896 -16232 -21847 20603 8197 -11104 8847 -5254 9529 5489 6330 -17263 1081 -8296 -1575 15765 -12111 16783 13445 -13316 -4759 -8873 19838 18411 -15081 5119 14347 17595 -20000 16934 9755 17008 6956 6968 -21907 9901 -1941 20729 -7514 -4126 -2693 -22128 -3643 -9477 1842 -18336 13602 4730 2559 8758 3621 -81 -4355 -3693 -4141 19321 17044 -14707 -20805 4616 13188 -6927 17183 3126 -16750 16743 4947 12972 5838 -16917 -5937 -19419 -6188 6424 21596 12781 -15639 -14871 308 7787 -16438 4283 -15036 17555 -21297 -19133 -9842 -16723 -4496 -20389 -12115 -21736 13871 -7485 19973 15521 7564 8554 
31177 17365 5761 18486 18084 5361 19771 -2554 14932 32301 -23750 -18906 28809 27549 30274 3885 6724 -4890 23948 29790 24093 18051 23685 9806 11847 -13648 26463 7048 26239 -9691 21489 27518 29152 31558 292 -3472 5086 266 30996 18860 -14749 -13774 -12016 21107 13572 28312 -29837 -8283 -29962 16480 -19109 -32335 8824 -8933 1676 9596 -1312 -4105 19402 -31926 -28769 3543 -6584 3756 -11478 8297 -1914 19634 28778 4543 12729 11570 2682 5842 24607 -25890 -24202 12384 4702 -16938 19082 -27971 -26990 21064 19258 -30840 -5279 -12542 31702 18407 5903 14454 -7611 10064 21871 -745 -14579 -16670 10825 -15880 -15030 -32069 22005 -20224 3457 -26625 -7596 17636 30712 -15442 22397 11307 -28063 10423 27646 15908 7380 20045 -9852 -7975 -23187 2203 27239 5204 -15658 -13329 10825 -12860 
-5521 3793 -2485 4435 -9883 -3265 3827 -774 5405 9672 6241 -7907 -6661 -473 -13723 728 837 2847 -8052 -13319 -2385 -7166 -4676 -1163 -752 -786 4680 238 -6663 4990 -1733 -12440 -17738 18108 67 1074 1253 -39 8226 2883 -2600 6622 -362 -4877 -595 12431 10064 -3872 -11219 -6112 2533 7991 4875 -4580 -704 1368 -524 -2012 -10807 -15057 -7816 1678 -1276 729 7003 2288 103 11335 -6022 -522 -955 -7130 -272 -1542 1262 13221 -9168 1631 335 -4131 1924 63 3274 -2166 -2221 -16595 -2506 5137 -18369 2366 2168 -2788 -3642 876 -10203 -347 -2009 -6022 1760 7482 2485 17344 -3792 -3618 2079 -9477 3308 -7304 263 -3349 -10254 1349 11752 5096 -16398 -8477 -2023 -9336 1234 4529 7824 -1334 10523 -1085 -8710 -5762 2280 -3064 
26 29 0 6
-1783 5578 -3362 236 -3563 3559 3850 -6796 -2820 -4756 5506 -1168 -5340 -1866 3719 4725 824 4627 396 -4201 1234 6165 -981 6240 -1592 -5336 -208 -6010 -5381 -2211 5907 -5483 1293 4575 -3228 -6748 -937 -2597 -4525 -5216 -5987 -3963 -510 3103 1582 1958 -3249 899 2337 -4301 -3530 3695 61 3752 2461 3785 826 2422 6361 5904 4993 6640 -5467 -6697 -5641 6600 -4013 -1656 5570 5277 894 4218 2735 -4114 -3844 -5571 2738 -4942 1531 1893 5741 6587 -4629 -2970 2107 -2889 6257 -493 -5957 -1975 1204 -6741 5517 -4217 -4228 4195 6352 -305 -6271 -2620 1501 -3881 2698 -6893 1364 -2438 1526 5276 2250 455 3435 4527 3593 3850 2556 2641 1513 -6036 4288 142 1867 -4824 1696 6947 -4813 6949 129 6595 
-16935 21352 18554 24937 29512 1837 -16296 23928 22573 27169 32104 29739 28635 30292 31238 28239 -11473 21675 -22771 -6857 -23803 -10964 18033 3544 17264 13369 -13588 29189 -4777 -30586 15563 -28907 23687 8952 26504 -25178 13401 -31526 29095 -19269 -27822 -4865 -31925 1616 28363 -16655 -21526 -3300 8297 -21200 17823 -17910 -9683 -16863 -25517 26970 9566 9744 3394 -576 -25338 17721 -26597 -21253 -1917 -6166 -9784 21960 24488 -1572 -6187 -8138 11536 16677 14294 -26067 -1283 -30830 25960 21917 -31781 3579 -16298 3347 23038 -18945 -15478 11145 23199 19202 26833 -4167 -12716 -4086 -16060 -3897 -30980 24817 -16843 -27872 23629 14053 356 480 6177 6083 -21049 -9547 298 26617 -18303 -12935 9438 2734 -32066 -9152 25670 -27684 6986 -3355 -24377 6356 8819 -17351 -24942 -21044 -13986 -11668 
3599 14198 -7436 702 -12535 779 -7479 -19385 -7588 -15403 21071 -4141 -18228 -6738 13849 15906 -1127 11955 -1075 3434 -3501 -8057 -2109 2636 -3276 -8504 337 -20912 3064 8061 10959 18894 3651 4882 -10199 20253 -1497 9760 -15694 11981 19856 2298 1941 598 5349 -3887 8337 -354 2311 10869 -7500 -7889 -70 -7542 -7486 12169 942 2813 2574 -405 -15081 14027 17333 16967 1289 -4851 4680 -4335 16259 -989 -659 -4092 3761 -8179 -6550 17311 -419 18162 4738 4946 -21750 2810 8993 -1185 5786 6524 -11545 -655 -16474 -4521 3851 3348 -8363 2054 8094 -1949 -23458 -902 12591 8705 4228 -6501 114 -394 1004 -1768 -3829 -6004 80 1444 -7495 -6980 4042 1255 -9770 -2881 4630 19919 3571 -57 -5425 -3655 1783 -14369 14310 -17432 -215 -9173 
27 25 20 21
5759 6890 -754 2934 1610 8066 11888 7257 8859 6472 10283 -12655 282 11381 10722 -6670 6808 -45 11346 -4491 -7436 9482 -5265 -1850 -722 -5925 9131 -10221 -9122 3654 -6211 -4445 10502 -424 -4203 5211 10788 2194 6068 -2610 -9602 -11041 12779 -11557 -3450 -5090 -4187 -6543 6182 5800 -6806 -12623 -614 864 -5303 12289 -5534 -11347 3794 -7231 -2555 6224 6296 9576 -6679 -2164 -3463 -12222 -12045 9587 10698 2208 12197 2133 -3301 964 4581 -12688 -8692 -1686 -11835 -10516 6529 -4333 9339 8851 -139 -4545 -9817 -7832 11858 11454 11570 -7271 -3513 5573 -11171 7671 8375 -8387 -10986 775 518 593 -11470 -11583 -11454 3208 -9814 10489 -1528 3420 944 -12493 -2171 -8860 12297 3068 8552 -5084 12590 -1108 -991 9682 -5187 2385 5627 8541 
28609 -26486 -27871 -23159 11968 -29707 21649 -10793 -31402 9737 7020 26023 -5978 -18108 -20030 27961 20946 7239 22608 4090 -11888 -5638 -6097 -26937 872 -21480 15157 6094 18547 17371 -14699 1148 30793 7033 26555 -27959 315 -23344 -18271 4516 19417 29801 -22358 -8865 6015 18321 14970 2896 28238 -9907 -20429 -6780 -15835 18492 -10552 -27943 7845 21125 -30173 38 -15197 17530 20021 -29904 -10374 23016 24587 -28695 -29351 4664 -420 4258 3866 -6021 475 -31828 21235 20400 22893 -2040 -20740 -11693 23523 16571 21672 -32508 -7836 25876 16912 17710 25573 -2417 -21822 -272 18809 30696 -14274 29430 28685 22017 -24135 -18454 -2555 -12149 8957 5813 -32448 27801 -3179 -25690 -21049 -4908 29180 -19166 16016 20599 -27702 -1905 22919 28763 4869 20091 -13560 28575 3562 6049 -9987 -30025 
9569 -10598 1220 -3946 1119 -13916 14947 -4549 -16156 3660 4192 -19126 -98 -11969 -12473 -10831 8282 -19 14897 -1067 5134 -3105 1864 2894 -37 7391 8038 -3617 -9826 3686 5302 -296 18781 -173 -6482 -8461 197 -2975 -6439 -685 -10828 -19109 -16593 5950 -1205 -5416 -3640 -1100 10138 -3337 8075 4970 565 928 3250 -19943 -2521 -13921 -6648 -16 2255 6337 7321 -16631 4024 -2893 -4945 20368 20532 2597 -261 546 2739 -746 -91 -1782 5650 -15032 -11556 200 14255 7141 8920 -4170 11754 -16710 63 -6830 -9642 -8056 17611 -1608 -14663 115 -3837 9935 9261 13111 13952 -10724 15399 -831 -77 -418 -5967 -3910 21585 5180 1812 -15650 1868 -975 1600 13906 -2019 -10599 -19784 -339 11383 -8493 3560 -1293 780 16068 -1073 838 -3264 -14893 
28 34 17 28
-5517 5302 -4866 -7729 1552 6159 1531 1774 -6103 2355 -2150 7872 3743 -3137 5065 800 5510 3379 493 4818 1580 -804 -5655 -5809 -4076 4713 4916 7674 -3450 3183 -5558 6923 -961 6826 576 4209 -3235 -7119 3415 930 -2394 -3744 3871 6495 -1233 446 -3006 -3397 6742 -3704 -1776 -283 2608 3951 -5831 -4757 -720 4280 -4330 2708 -7359 -4268 -973 4521 -7125 -7150 -698 6321 -6484 -2814 -931 5637 -6911 4400 528 -4182 -7583 6622 -1578 -7035 4642 3730 -5826 -3078 -918 -7905 4541 6126 -6014 3010 3881 -7371 -477 -2512 -4384 1730 -3545 -3282 4768 -5332 7947 1722 4168 4894 -3206 -3728 3502 -1453 3342 7981 6923 1689 1240 3073 5906 -2403 5066 3457 -1861 5699 -1125 -3457 3012 2557 -3099 -2767 504 -7717 
31094 24583 -10285 -21750 7681 9668 12995 -1052 -22274 7246 -17573 -11282 -4055 27328 -13832 14381 -23162 19497 -19980 21089 84 -22010 -18655 18899 30626 13787 32566 -2061 32688 -29588 26598 19138 -15551 -11663 -115 -13719 18616 11878 4940 -29012 -32297 -29531 -4190 -21076 4711 9169 31451 -26032 -29220 18032 -3520 -10056 29463 13291 -24844 7998 -22898 -633 4745 10326 27604 15482 3107 -21169 -9669 32534 29143 -3166 29617 27013 -27022 15694 25451 -1346 -6637 25317 26694 17410 15255 17332 6320 5420 29107 -26348 -4499 21852 -4133 -11426 -10644 -3829 9094 31754 -14917 14322 20429 790 18240 -31152 -4331 -28825 -26301 19567 -11006 -663 -10343 32238 -27966 -31779 26051 -13096 -1250 7667 18410 12700 24626 -2087 18359 19746 -18364 16535 -9175 -838 32433 10405 -22564 -30736 -26004 -16675 
-20450 15538 5966 20040 1421 7098 2372 -222 16205 2034 4504 -10587 -1809 -10220 -8352 1371 -15214 7854 -1174 12112 16 2110 12576 -13087 -14881 7746 19085 -1885 -13444 -11227 -17623 15794 1782 -9490 -8 -6884 -7179 -10080 2011 -3216 9217 13180 -1934 -16318 -692 487 -11270 10542 -23484 -7962 745 339 9160 6260 17269 -4535 1965 -323 -2449 3333 -24216 -7877 -360 -11409 8213 -27730 -2425 -2386 -22893 -9062 2999 10546 -20968 -706 -418 -12621 -24130 13744 -2870 -14535 3497 2410 -20215 9668 492 -20592 -2237 -8344 7631 -1374 4207 -27902 848 -4289 -10676 163 -7708 12188 -2462 18322 -24916 4017 -5468 -387 3953 -14327 -11675 5504 10379 -12460 -1032 1544 2721 4652 17338 598 11087 8137 4074 11233 1230 345 11645 3172 8336 10138 -1562 15340 
29 39 10 26
-77 160 3837 1478 -2869 4283 3058 -3032 -3071 5560 4199 1510 6343 -4884 3188 -5732 -4117 -3546 -2296 -756 2414 -3636 3614 -1143 -1122 6095 -4912 -4493 2632 -4702 -3122 5000 841 -3071 -354 4510 2689 4616 -858 -776 5302 -4572 4146 640 2469 644 2484 -6279 4035 625 -2316 -3207 828 -3921 3217 2090 -5518 -2764 -3690 5458 -1330 2892 5937 -1058 -3656 3009 953 4110 -1214 -4466 2449 -3255 257 6016 -4967 3227 -4907 5949 -5837 -690 -6046 -4840 -2691 4455 2036 -4713 -2347 -5421 3168 -3919 6126 4626 -5914 4399 -3117 -4643 4433 -1905 6034 -4900 -3900 95 5888 5445 663 -4460 2328 -1189 -2524 -5900 -4441 5079 6264 -3338 -5446 -6004 -5394 -225 3731 3363 3426 2842 -6125 3775 -829 -1596 -2862 -6251 
-6410 24071 17019 -26941 -25554 16902 -28172 -4153 7265 -30629 -20578 -25199 6411 -28466 14834 9465 -14757 -27160 19332 21185 9380 -31080 3007 -11384 -14504 22338 -2607 -28532 29330 7978 -26188 -20169 9039 23425 -21617 -17805 -17914 -26938 -16863 -21130 -11327 11062 -22422 12912 20367 -20037 -22407 -8761 12783 20520 -10837 10633 -1587 -26360 -7243 -10545 31009 -2022 -29656 21690 -5136 8636 25663 11460 -13954 9543 -28198 -32523 -31905 20241 -1984 1715 16177 -3478 8907 30402 -3768 -11270 13537 -1806 -9428 -31950 -15172 -12492 -9074 -32570 3932 205 -599 10047 13528 10005 3955 7082 -13905 -31969 -24443 13833 32460 -843 15453 -21553 -499 -29143 -10355 11085 -12140 -30527 -25911 -7293 2711 19596 -24287 31825 -9840 32302 4949 -4977 5873 1491 24992 23394 -7346 17419 -32421 -3820 6560 25496 
59 459 7785 -4747 8740 8630 -10270 1501 -2660 -20301 -10301 -4536 4848 16573 5638 -6468 7243 11481 -5291 -1909 2699 13471 1295 1551 1940 16230 1527 15282 9203 -4472 9746 -12022 906 -8576 912 -9573 -5742 -14823 1725 1955 -7159 -6029 -11082 985 5995 -1538 -6635 6558 6149 1529 2992 -4065 -157 12321 -2778 -2627 -20398 666 13045 14112 814 2977 18163 -1445 6082 3423 -3203 -15935 4617 -10776 -579 -665 496 -2494 -5274 11695 2204 -7992 -9419 149 6795 18434 4867 -6634 -2202 18299 -1100 -132 -226 -4694 9879 5517 -2788 3714 5167 17694 -12917 -3141 23349 492 -7184 -244 -350 -18917 -818 -5894 -3369 4327 7796 5129 -1435 11865 -18136 -12664 6388 -23120 -3182 133 2612 598 10207 7926 5364 7839 3204 727 -2238 -18999 
30 33 18 26
5384 -19736 14499 -7384 11550 -22623 -21013 -2203 909 2193 21417 3988 -7771 -25162 1421 25626 22852 8589 -728 -3575 7876 -18329 -20521 13885 12629 3690 -18513 -12182 -24751 -11504 27030 20792 16790 -2874 2482 18513 22554 -11701 9305 14085 24791 -4843 15938 13732 25313 538 14389 -25783 -18142 -18806 -2105 -18102 11351 -11337 22796 -20231 26305 -11430 -7815 7209 -25653 -20625 -24214 20052 -5837 3995 -4722 -12776 -23539 16042 -8330 -2340 -3497 -18561 1122 -20045 -4297 18546 2651 26120 -2420 -9970 -11599 -3399 15106 9109 -1738 -3172 26395 -14458 25515 7011 -11738 17241 -19652 24131 27287 -10311 -16294 8071 18122 15163 15365 13547 -10256 9908 16786 24740 2237 -10339 -21999 -2588 4762 -18625 16647 19801 19758 -13167 10726 25699 19003 6191 -27310 13228 3001 2888 -9271 -10591 
10876 3617 -27944 26564 -5437 21466 26303 15311 30089 12957 19541 -28685 22931 -30345 -19263 8607 -77 30035 -26291 9345 -29655 3403 -13528 -23102 -22608 -8158 1733 22852 23768 -18118 -4448 -20033 -12151 -10612 4133 15321 23856 234 -22601 -26276 11894 -9724 -21539 30493 -4756 15918 7117 -5503 32743 31220 -19401 -30137 -17843 20100 2744 -28953 -25964 22659 2424 12759 -6678 -8424 6255 -30555 -2826 -120 -10594 -12395 -21211 21971 12627 13335 3809 93 -15910 19707 -9778 9320 6986 19579 -14954 -1441 17814 -1430 -1546 -12819 2159 15769 25046 15097 27145 -31404 -24419 -25549 611 24458 27425 2474 635 -16777 2071 -20435 31209 19350 27233 14634 22240 -19850 -27541 -31168 -32307 -16499 -16112 7637 4661 5809 22245 26844 -30273 5509 -23729 32262 20690 -12491 8380 -29049 20847 -29500 
1745 -2127 -12075 -5846 -1872 -14473 -16472 -1005 815 847 12473 -3409 -5311 22755 -816 6573 -52 7688 570 -996 -6961 -1859 8273 -9560 -8509 -897 -956 -8296 -17532 6212 -3583 -12413 -6080 909 306 8453 16035 -82 -6267 -11030 8788 1403 -10231 12479 -3588 255 3052 4228 -17703 -17498 1217 16258 -6036 -6791 1864 17457 -20354 -7719 -565 2741 5105 5178 -4514 -18260 492 -14 1491 4719 14880 10504 -3135 -930 -397 -51 -532 -11773 1252 5151 552 15241 1079 428 -6158 145 -696 -3480 -112 -1491 19702 -6505 20641 -6562 8542 -13128 -358 17589 22302 -760 -308 -4035 1118 -9234 14291 7812 -8324 4321 11126 -14636 -1836 9604 21181 1273 -2287 -4239 2312 3428 13099 -10534 -9677 4219 -13439 5953 -16840 -4924 749 -2500 -5760 9311 
31 41 19 36
8708 -11766 10182 4894 -10607 -460 13080 3154 8448 12489 11530 132 -6994 377 -8017 -4614 9670 9449 -8803 12789 -2917 13088 -9101 5162 7297 4524 13987 -7450 576 13260 8567 8331 -8466 10710 -13124 -13916 -1024 -4270 -13398 -12337 -5635 6187 -3981 4848 -10098 -6497 -11399 9748 -3529 3230 3673 11632 6783 11637 -245 -9938 -8426 -4612 12717 -5179 5843 8615 -126 -4898 -7564 11056 -9816 -7157 -6759 1725 -9682 -1058 11438 -3132 1412 -8692 -6492 -5 11129 -3454 -5402 -1193 -2569 -3601 2689 -8846 -8489 10988 12006 11777 -12997 -208 -7735 9125 5566 -7997 8722 -3729 5732 -3298 8646 9406 -1492 12196 -9073 -2123 -8724 941 9375 9860 10497 13583 -1942 7022 -5713 4075 11168 -13299 -8414 -2782 -10495 12904 -6884 12381 12045 12639 13238 13064 
25973 -9283 -9483 -10928 2077 627 6964 30500 -19057 32659 5878 29859 1632 28958 17234 1505 12417 -2433 -24609 -26721 -7839 24988 -32763 29217 13763 -21654 31972 -12957 -21895 -17430 -22894 18794 -13538 -13536 -29945 -28307 8245 -18668 16904 29874 -24101 16100 -8868 27912 31611 1355 12617 -14566 18929 -31672 13303 23721 12590 10408 11955 23363 -21111 -24978 10731 -20490 -10542 22107 -31599 -30165 -15580 -31097 17584 -29206 -15351 -25324 26333 11607 -26860 9361 -29483 -17002 31703 -25550 25600 28587 -802 -23286 -26265 15037 -19598 -20425 22222 -23051 7425 -22325 19363 -31010 1281 -12099 2110 -541 17470 -2560 -31385 13494 -8464 3061 25823 10273 -28835 -28600 15209 -24287 31216 4876 -1443 -21829 13773 29695 5994 30574 14112 -699 29378 30953 -2890 -29285 -18855 29660 -7528 16075 -9819 30547 
13481 6510 -5755 -3188 -1313 -17 5429 5734 -9596 24311 4040 235 -680 651 -8235 -414 7157 -1370 12912 -20369 1363 19493 17773 8989 5986 -5839 26655 5754 -752 -13776 -11690 9332 6831 -8641 23425 23479 -503 4751 -13499 -21968 8095 5937 2104 8066 -19026 -525 -8572 -8463 -3982 -6098 2912 16446 5090 7219 -175 -13839 10603 6866 8134 6325 -3671 11352 237 8806 7024 -20493 -10288 12459 6184 -2604 -15197 -732 -18312 -1748 -2481 8808 -12268 8 16982 -5885 258 1656 4022 -3227 -3141 10769 -11244 -15097 5313 -15671 -15000 384 -591 -6581 700 258 9082 569 -10723 -2653 -4362 1716 -2296 7468 15594 3619 -7909 -1362 17443 2866 -903 -17673 -1594 12429 -2041 7426 9394 554 -14733 -5133 1808 -22524 7737 21888 -5405 12110 -7748 23786 
32 27 0 2
-16996 10999 -23470 -4544 -19534 8275 -10364 12552 -16430 12338 12875 -2226 -19 -26389 26195 -4990 27946 -14865 -27696 -16338 13581 9876 -21192 -17198 -27516 -11926 8517 -12277 -25916 -15413 11382 -20134 19733 4467 21173 9338 13321 -3854 -10097 6185 1328 1796 18531 11902 -7421 4175 24126 -9590 -26596 4289 24968 16365 17675 23145 26318 -11571 27625 -22545 -9209 -4483 6734 -11214 -18758 13611 17745 -4340 28289 -44 24315 -14903 10574 24673 -16570 -17812 -16726 -21367 -8223 976 -15297 4720 -13290 -6434 4590 7175 4152 -1388 20313 -12576 -7236 -17304 21323 -1736 627 24019 11708 9876 -13152 20430 13693 21320 22378 -8411 2633 9130 -17859 15166 -8438 7973 -28549 -15622 -12259 -22721 -6816 -19959 -9800 18166 5504 6950 -14624 -3840 -20998 -18826 24229 -483 17945 5418 26026 -20624 
2259 2986 6956 2793 -2381 -25196 -19614 -27045 6698 -16295 28258 18159 -12065 22834 -20496 -32197 -5689 -5011 16248 -1037 3289 31551 -20830 -547 -28123 16526 32373 -12423 -17069 -25118 -17026 3327 29688 12180 -11486 23761 23519 30465 21205 -11808 -25701 -9000 -10275 8956 18512 -12536 14279 23891 18134 -4430 -24078 26857 -724 9341 9780 24869 -20888 5345 32711 1591 21616 10409 -10178 24299 -13836 23333 11886 -2104 -20242 20901 13656 -30846 -7912 1769 24890 3393 2683 -21216 4763 1057 -4134 -8640 -14955 8134 -26490 -5164 -23537 -20907 28292 -6422 25684 5796 8573 17725 22663 -15169 22550 18278 16931 -12281 21981 -77 13704 -9561 -13568 19222 12062 18495 -2490 2270 5396 -15116 -8975 29114 8848 -17115 17128 -16789 6772 30684 10088 -31155 -7466 -11686 -7981 -13614 -5718 -10951 
-1136 972 -4832 -376 1376 -6171 6016 -10047 -3257 -5950 10767 -1196 7 -17833 -15890 4755 -4705 2205 -13318 501 1322 9222 13064 278 22902 -5833 8160 4514 13092 11458 -5735 -1982 17338 1610 -7197 6567 9272 -3475 -6337 -2161 -1010 -478 -5635 3155 -4066 -1549 10195 -6781 -14274 -562 -17792 13008 -379 6398 7618 -8516 -17077 -3566 -8915 -211 4308 -3455 5650 9788 -7266 -2997 9951 3 -14566 -9219 4274 -22524 3880 -933 -12321 -2146 -653 -613 -2156 148 1626 1645 -2032 1727 -3255 212 -14150 7781 -6059 3289 16208 -298 159 12600 7853 -4434 -8777 11051 6861 -7749 14558 19 1068 -2583 7171 8628 -3012 4364 2104 -1050 -1958 10165 1810 -17197 -2566 -9202 2790 -3453 -2931 -3487 -6269 17358 -5354 167 -4239 -2183 -4404 6684 
33 35 13 27
1582 -1539 -264 690 1289 1287 -1411 -985 -1621 -151 -348 1305 -119 643 -264 -1970 -1578 -66 1017 29 -465 -1132 1048 1479 187 -661 1436 197 349 -1288 -856 -1340 545 866 374 -691 -678 1795 770 1443 287 -422 758 635 1847 -764 -1885 -1813 -381 390 -1902 306 1094 1759 1769 -5 -1099 -1121 -1077 101 -1855 805 682 -901 541 -1650 -194 621 86 680 410 -1351 -1557 -120 -808 96 1963 854 1563 -614 -1289 -116 -323 1196 -100 -996 -158 960 -658 1090 1897 -304 1299 -866 -272 -542 -972 -646 321 -1867 -199 -1380 -1621 -1941 1249 708 -1256 808 -582 1245 -134 822 -1374 -365 -1947 876 -389 1925 1643 843 -881 -1067 1243 -950 -420 -644 532 -1617 
-4748 -18189 13253 -797 -18512 -10475 31514 3557 -15340 -9030 26805 -20650 1336 -13000 26439 10303 -10686 -30334 -28726 378 29516 -12793 -17058 -2848 -13757 -6677 5708 22103 -7079 23252 -26791 -12096 -20506 21661 16284 -15139 17034 -5431 8707 3690 -2775 -21622 6144 19301 26557 -7760 6773 22921 479 18755 1658 -26576 25444 -13568 -30776 -14822 -13139 9501 31519 -31015 23631 -13056 21738 -18294 7470 17377 1939 -14136 30923 1181 -21981 26228 15551 7420 31436 3325 28175 -13265 -3957 -8890 6762 10569 -1239 -16560 31664 -16886 -12964 5599 31918 -17491 -18028 29154 -29581 -13658 -17358 15706 31152 -3503 5351 21646 -28745 32240 26186 -19374 968 10771 28318 2819 -4474 28334 16786 4795 19371 -12968 -20315 -30421 26252 -30475 88 24424 -30486 -22836 31882 -7923 24236 21166 -26693 28415 
-3582 13348 -1668 -262 -11378 -6428 -21203 -1671 11857 650 -4448 -12850 -76 -3986 -3328 -9678 8041 955 -13930 5 -6545 6905 -8524 -2009 -1227 2105 3908 2076 -1178 -14281 10935 7729 -5329 8945 2904 4988 -5507 -4649 3197 2539 -380 4351 2221 5844 23389 2827 -6088 -19815 -87 3488 -1504 -3878 13273 -11380 -25960 35 6885 -5079 -16187 -1494 -20902 -5012 7069 7860 1927 -13672 -179 -4186 1268 383 -4297 -16896 -11546 -425 -12112 152 26373 -5402 -2949 2603 -4156 -585 191 -9444 -1510 8020 977 2563 -10015 -9091 -16307 -4226 -18323 5640 2251 -4059 -14439 1079 819 -19270 2728 -21215 -20241 17931 577 3636 -16960 1086 1242 16821 -1073 1879 -12691 2257 18860 -12707 -4869 -27973 69 9818 12807 11619 18897 3589 -4854 -6500 -6771 -21909 
34 33 3 14
-2140 3098 -1583 -1329 622 -3165 -2379 402 1999 2683 -2567 1476 -3178 2342 3413 1722 992 2025 1896 -1016 -3475 -1063 -290 3497 2972 -1731 179 439 -2979 2808 3501 -1505 -181 362 -1638 -318 -2577 -842 -3495 -619 -2957 -1114 -312 -3442 -1670 -50 -183 -2766 85 1243 890 -3083 -682 -3150 3393 -891 -2683 2108 -1557 2738 903 -3092 -2570 -1631 2314 -2815 -2797 -1915 -2385 977 736 -2088 -145 -610 -3370 1865 -2640 -86 1154 919 -1485 -45 -2580 3025 -269 -991 -3451 1746 -1718 -510 2699 1429 1882 -2305 1072 -2299 -1595 3182 -1905 2071 -1564 3518 3300 2320 -348 -1228 2333 -2820 -2653 -225 3298 -3323 1501 -2224 -808 -2376 3176 -3202 -852 2018 -1886 1954 -1337 3344 2533 -2112 1274 2519 
-16476 -1776 -26382 2050 7162 -3269 21802 50 -26605 -18207 -1695 5991 -18484 -3864 2626 7489 24630 -27539 10002 12052 7560 -21032 -6835 -1721 7189 26897 3842 -1904 -31405 -32128 -26919 -29976 -2143 13220 11674 -22925 3292 21732 27792 20988 1279 -27671 6181 23971 -26786 -14971 8498 20372 2520 -4089 24608 -4982 995 -7102 31017 31965 5611 -11641 27835 6410 29945 23017 -17915 -9632 -32347 15070 -19445 30346 -10618 31189 25942 25686 6412 -10192 -1204 8486 -2589 22246 832 25426 6365 -14671 -30499 -21735 -19994 -14284 25874 -25802 -23786 -3280 22658 4698 -20694 -25970 14497 8536 24695 2844 -27363 -8680 30538 -21758 -25091 3120 -19747 -32703 18677 -18592 27799 -23971 -10018 -14954 24332 11874 12563 1 4896 24960 4235 -10004 1614 -3696 -14598 -8584 2011 22341 -29080 1836 
8406 -1312 9957 -650 1062 2467 -12366 5 -12680 -11647 1037 2108 14005 -2158 2137 3075 5825 -13296 4521 -2919 -6263 5330 473 -1435 5094 -11100 164 -199 22305 -21509 -22469 10756 92 1141 -4559 1738 -2023 -4363 -23158 -3097 -902 7349 -460 -19671 10665 178 -371 -13435 51 -1212 5222 3662 -162 5334 25091 -6790 -3589 -5851 -10333 4184 6447 -16968 10977 3746 -17846 -10114 12967 -13855 6038 7265 4552 -12787 -222 1482 967 3773 1630 -456 229 5571 -2254 157 18761 -15676 1282 3375 -21289 -10741 9743 399 14580 1601 -9285 14272 3705 -4679 -9391 2158 12428 -4286 -11387 -18250 -19741 1726 1638 9575 10389 12500 -17584 1286 -7877 11848 8708 -6296 -2420 -1 3707 -19055 -860 -4813 -726 -1722 4653 -6844 1214 -11250 -8833 1103 
35 18 20 19
-8707 10653 4522 -5269 794 3807 9498 12809 9328 8782 -2135 2907 -12351 -9718 1904 3366 -15040 -4229 13764 433 -2702 11303 12326 -14119 4159 13166 6749 -11008 -8180 488 -2450 -6220 6626 12139 -4974 -11604 -1801 3396 5479 4280 -1184 -7327 8235 -15707 13382 7272 -457 15881 11575 -2163 -5870 11967 6934 6476 -11580 -7414 -1611 15136 5365 3995 -14376 -4894 -8787 -4056 8619 -9300 15167 -9607 13480 2408 -3332 -4797 -13801 1152 -8927 3374 3065 1465 -11776 -7642 5591 -1631 14061 14058 3755 7135 10699 -8557 -9744 7141 -8729 -9218 3666 -5278 -879 6692 10575 -4433 -5012 12349 3445 3865 14368 -3424 12270 4412 11987 -242 -14042 6592 11093 6207 9927 11985 -11519 14947 8100 -12470 4969 10860 3994 -11161 -12332 -13402 -6617 -824 -7716 7679 
26622 26789 -19164 27727 -32451 -9026 -4189 17936 14579 -13105 3943 -848 -3305 -22004 -22282 -6278 13363 13881 28828 20260 5245 12500 4459 -12560 -22723 25085 14609 9584 10145 -439 32024 -3365 -19127 -12647 -26912 31205 17749 20178 25284 -6494 -6454 -16049 28236 -6577 9342 7519 -24296 -22839 -23520 32335 -23138 -10251 -6832 -7467 18011 -8355 5822 -7409 -5219 365 25306 18585 -27942 -6268 -8191 6895 1280 -5969 -9963 1508 -10251 3088 -32714 17482 -32037 9284 -19304 31740 -26991 26039 18888 4788 -8556 31632 -22731 -19350 12931 -9156 19333 -29415 -9172 -18283 26351 23910 25458 16985 -1166 26971 -13526 15418 20071 -23609 -30474 5111 -28963 20411 -1381 21939 19567 -1871 19432 23685 3025 20092 12322 28369 9383 -30974 -5806 13213 -2068 22659 -25301 -31458 10026 -3424 8999 14490 
-13147 16186 -4915 -8286 -1461 -1949 -2257 13031 7713 -6528 -477 -140 2315 12128 -2406 -1199 -11399 -3330 22505 498 -804 8014 3117 10058 -5360 18732 5592 -5984 -4707 -12 -4450 1187 -7188 -8707 7592 -20538 -1813 3887 7857 -1576 433 6670 13188 5859 7091 3101 630 -20572 -15441 -3967 7703 -6958 -2687 -2743 -11830 3513 -532 -6361 -1588 83 -20634 -5159 13926 1442 -4004 -3637 1101 3252 -7617 206 1937 -840 25607 1142 16221 1777 -3356 2637 18028 -11286 5990 -443 -6824 25222 -4841 -7831 7847 4444 -10685 -11914 4541 9559 5479 -7158 -1269 6447 -699 -6781 3845 10799 3922 -5175 -24834 -993 -20156 5108 -939 -301 -15584 -700 12226 8338 1703 13658 -8050 24050 4311 21907 -1636 8139 -468 -14344 17697 23912 -3763 160 -3938 6311 
36 21 10 9
-8533 5034 -25928 5573 -2635 12636 30200 -26038 1107 -7529 -28656 -15759 20939 -26017 -12670 6154 -373 -30544 -23360 17515 -9045 -11491 16478 -25397 23519 3949 -19428 -10409 24182 31858 -17373 25307 8485 24574 -2741 17850 2634 -14055 -20290 5341 -13751 -20087 -18003 -27177 31492 12431 23835 -16637 17348 4994 -30901 4897 18145 -5011 5349 -13625 25529 -25441 6530 -31355 -9110 -10463 -14274 32048 829 21276 -7261 29817 -5577 -31490 -406 28800 19012 27130 -18143 17376 -12424 -14253 1503 -7442 24216 -6150 -18068 -1001 10606 -1644 24301 8962 -28972 520 -6251 5854 7406 29058 -6297 -26276 -27838 22503 19101 8627 -26363 25619 -12406 5313 -17648 327 11900 29931 -6865 -17436 5167 -28513 16768 -22992 18726 4514 23631 -6172 31799 -14342 -15985 -19561 362 -10927 -24560 6570 -10637 6769 
-4705 -9239 8436 16163 -15164 27910 12883 -14785 9672 -21964 16714 30730 28757 -17875 8768 11127 -6797 -19915 -22618 14232 -3829 20870 14717 -2494 14224 22735 -16201 13724 -12621 18325 27499 -3766 1464 -18630 -20547 -417 14318 -15615 24224 13585 -5115 3834 15129 8057 -3188 22731 -2807 -32330 26426 -21939 -19588 31796 -31776 -13837 13681 4041 -11604 -21947 -11008 -29053 28282 17297 -5834 11838 -1361 -16398 -14593 24417 -9176 -31703 28655 18893 -16596 20907 -18477 -30702 17753 14663 -26948 23948 -25505 -3065 832 -31045 30841 -16878 -23622 31614 -30905 32275 -19367 15575 -12410 -12099 -24681 -8469 -15606 -11177 -20941 -30627 12631 13240 19883 -3437 28936 -18483 -11579 6229 -8950 -17035 -11187 20188 -15776 -29607 4477 13811 -14918 -7044 -25241 2839 -14398 -28024 10249 -7307 2668 -13478 12607 32576 
1095 -1269 -5966 2457 1090 9619 10612 10501 292 4511 -13064 -13209 16424 12685 -3030 1868 69 16592 14412 6799 945 -6541 6615 1728 9125 2449 8585 -3896 -8325 15924 -13031 -2600 339 -12487 1536 -203 1029 5986 -13406 1979 1919 -2101 -7429 -5973 -2738 7707 -1825 14671 12504 -2988 16510 4247 -15727 1891 1996 -1502 -8080 15230 -1961 24847 -7028 -4936 2271 10348 -31 -9516 2890 19858 1396 27230 -317 14841 -8606 15471 9144 -14551 -6016 -5700 -1105 -4861 -16847 514 -410 848 8922 757 -15658 7728 24422 458 3302 2487 -2507 -9590 4239 6070 11850 -6860 -10910 -7207 -9083 9252 -6728 -498 -13929 -165 -3758 5085 1676 8102 -1577 -15701 -7215 18568 2287 1700 -9616 1186 -21893 -1111 6278 14952 101 2178 -1787 -2415 -3658 6015 
37 18 -2 -3
-6030 5948 -3798 4539 -712 -4489 732 1458 -1042 -1343 -1643 4730 -377 -3004 6046 -5979 -865 5414 1069 -3416 -3144 -398 4522 -437 5022 5685 3417 4894 3933 562 -958 -1258 -2809 -3005 -6043 3887 -5577 -3537 -5024 1853 64 -5559 4171 -3796 -4205 5345 5830 -5385 608 2229 5709 5402 2607 -4802 -319 6004 -138 456 -3821 -353 -974 -4918 -968 -5203 -5434 -2591 -4287 -2715 3067 -4840 -210 5889 1442 1370 -4664 3722 1557 -1172 -5314 -3272 -4427 2749 -5279 -5541 5434 4559 4639 -3436 1204 -2406 -4874 -1167 4265 -986 4906 2840 1749 -600 -4409 4344 2295 5161 -5431 4471 3163 587 -4162 3924 -3818 -3278 5025 -1329 -5193 1869 -2190 -451 -2254 6050 -421 4582 3863 2866 -543 -1206 9 4015 -49 -2572 
-24751 30176 6362 26033 13876 -32107 -13129 -29827 27528 -5428 -16252 2595 19670 -17461 13767 7676 1088 22015 6440 -9072 19718 -11450 -711 -6621 -27256 4050 5496 -16269 1183 14944 -31250 -28179 -421 7322 -16506 -5637 28840 -6747 8269 13595 7313 28010 -10616 11779 8009 4833 -10740 -12750 -11407 -27622 27338 -22762 4663 -11927 -23084 15260 -9083 -10459 -12033 -9242 -23791 -825 -20526 31389 -13958 17753 14857 15541 -4648 29252 -11584 28806 6366 10201 10221 -18398 -4760 27789 25254 7198 -22949 -22973 -20638 -4990 3568 -17004 21764 13190 -22843 -17264 2476 26161 -24513 4034 -20848 -6215 31416 29686 -6638 -18836 24478 -27867 8109 8082 -16195 25349 27708 -30563 -25688 -19587 25172 -29292 31092 19383 -8512 -19483 32585 5628 8507 -3034 -14842 23968 27200 23428 -27155 -3030 16053 -15932 
20030 24088 -3243 15858 -1326 19343 -1290 -5836 -3850 978 3584 1647 -995 7040 11171 -6159 -126 15996 924 4159 -8320 612 -431 388 -18370 3090 2520 -10686 624 1127 4018 4758 159 -2953 13387 -2941 -21586 3203 -5575 3381 63 -20897 -5943 -6001 -4520 3467 -8403 9214 -931 -8263 20946 -16502 1631 7686 988 12296 168 -640 6171 438 3110 545 2667 -21918 10179 -6173 -8548 -5663 -1913 -19001 326 22767 1232 1876 -6398 -9190 -995 -4371 -18010 -3161 13635 -8476 14622 3711 2602 -10404 13550 -6082 -3691 5575 -1620 -4097 -14031 -534 -13727 -2369 7374 -2390 3928 -10981 7539 -19302 -5910 4849 -6875 1997 -15477 -16095 13163 8617 16976 5225 -21669 4862 2502 1179 -9857 4570 -481 -1866 -7695 9219 -1982 -3792 -33 -1633 -106 5499 
38 19 5 4
27254 26455 21930 24468 -17678 -19574 2916 -13897 7136 -938 24107 -5436 -23797 -16854 15033 -3032 -10427 -17885 -6866 8183 22981 -24909 10547 17122 16794 -24080 4196 19883 10222 17268 8835 -27730 -10248 3922 -16404 -9496 13303 27624 21573 18918 7808 7103 15191 8168 26097 19021 21821 26102 -1793 -1543 -15013 10362 -1738 17081 -4390 -20775 -10579 -23477 11358 7280 -1712 693 -22619 -25134 14778 21546 -8621 22138 -19330 17756 13360 -19680 -24923 14967 -23404 25780 4299 -6358 -9500 -15086 13579 16467 965 16047 23958 5935 9072 6105 23020 18778 7513 -18155 -25019 -8952 -13901 -19672 7328 -5652 7675 -513 -2426 -11466 -11019 11305 17564 2362 24607 -10019 4415 -15459 4395 15782 2 -8347 25863 21478 73 15666 -4584 7696 -187 -15787 -10763 -10567 -8401 15810 11023 24470 
-17766 3039 23009 8246 14939 25367 25234 -21226 6225 -1459 3015 -16711 12356 7786 -28775 -3540 32408 24257 27203 18770 31857 -4458 29503 483 -6845 3889 -9248 3743 -11781 -31158 -23248 11059 -21892 -6429 -28674 9007 -6230 28234 -12723 -14725 -11723 19308 -17560 -13648 -12471 -19750 20826 5774 4050 -26614 -8303 20815 9531 30812 -7485 12756 -22675 20182 -12729 -31834 -2793 -32015 24089 9791 11298 -11390 15571 -31781 -3335 -8404 9570 8335 -29321 -14463 -17438 29690 -30663 6542 4914 -28486 -22504 -4453 -18143 6256 -13716 -14748 4021 -13884 -22655 7612 17126 9410 -16743 27060 27308 4566 -1275 555 -27467 8257 29426 -2597 -6119 19213 5651 19883 -10200 -4345 8708 -24858 -16624 9594 -13948 -15307 -8989 -8370 -5435 -12815 -26056 -23145 -26231 -29425 -15988 -19465 -21595 -12219 22109 27208 
-15358 2550 16005 6400 -8377 -15750 2334 9356 1409 43 2305 2881 -9327 -4162 -13721 340 -10718 -13761 -5924 4872 23222 3522 9870 262 -3646 -2970 -1231 2361 -3820 -17066 -6515 -9727 7116 -800 14920 -2713 -2629 24739 -8706 -8836 -2903 4350 -8461 -3536 -10323 -11916 14415 4780 -230 1303 3954 6841 -525 16694 1042 -8406 7609 -15029 -4586 -7351 152 -704 -17283 -7806 5296 -7784 -4258 -22316 2045 -4733 4055 -5203 23179 -6866 12945 24278 -4181 -1319 -1481 13631 -9693 -2326 -555 3184 -10423 -2776 1157 -2689 -16542 4534 4081 -5419 13287 -7684 -12041 -2849 -296 -99 -6687 -134 -2264 945 2139 6889 3148 1490 -7961 1381 1219 12189 -2317 4803 -1 4053 -7374 -5702 -13 -6368 3789 -5650 156 14734 5458 6524 5754 -6128 7730 21118 
39 18 6 5
-10509 5015 -12649 -5654 -10286 -5011 10368 12500 13435 -1756 2408 7197 9292 9181 -14123 -12092 3103 -4602 4949 -13280 -13315 3896 -6489 -11539 -2325 3370 -7817 12363 -11755 3517 -1929 -14485 7289 -12230 9486 -1087 3328 8909 -7026 -12227 -2754 -6186 13202 13723 -4805 12830 14371 8603 -8339 9678 -11024 -1231 -9701 2033 11135 8617 -9525 -12705 1446 -5377 -8398 1047 11493 6130 3654 9697 -9793 6591 9172 7808 14576 -13907 -7443 9956 12658 13714 8071 2541 11706 11351 -7454 4339 -13933 12831 -4154 -4055 -2804 3971 -7032 6150 8963 -4606 740 -4725 11562 -8115 9126 2136 2556 -2164 -7605 7932 -11504 6923 -11241 -1270 12330 7427 -10240 -7307 12552 -12958 -12844 3339 9059 -1453 -10194 -2069 6635 7387 -12298 12544 11603 -11055 -8337 -528 -6068 4659 
-17400 -26283 1994 31160 -10748 -5252 -24907 -20136 -11209 -7836 -9963 -7371 8151 -27704 21448 16078 1317 14913 -282 -25172 25696 -3028 -10959 18136 -175 8976 1386 28710 13642 21892 25255 7711 -17449 -14833 -17519 -23618 7445 28127 14992 28645 -19593 -549 7857 13123 -5108 -19091 -25019 -11248 29465 25073 -18671 14897 -1667 30796 29459 14881 -9494 23162 -26295 -16781 -19181 1839 29493 5681 -24283 16267 -29695 12615 21813 -15208 24249 -26924 26835 -26165 -6899 -24935 -664 11966 18692 -14816 -21314 1814 -4374 31121 -13330 10191 29803 30703 28480 -19494 7044 29624 -1459 -19691 18371 -27742 -24622 30590 -22035 12542 -1341 -25804 15071 -5368 8926 29896 -11162 -19234 -32266 1591 3448 -22364 -20470 -32147 -16699 -5083 -18507 1005 11075 21053 -17364 -18848 -14988 550 -1113 20407 -24075 -28710 
10258 -7394 -1415 -9883 6202 1476 -14486 -14119 -8448 772 -1346 -2976 4249 -14268 -16992 -10906 229 -3850 -78 18752 -19193 -662 3989 -11739 23 1697 -608 19911 -8996 4319 -2733 -6266 -7135 10176 -9322 1440 1390 14057 -5909 -19647 3027 191 5819 10102 1377 -13740 -20169 -5428 -13783 13612 11546 -1029 907 3512 18401 7193 5073 -16508 -2133 5062 9036 108 19014 1954 -4977 8849 16313 4664 11223 -6661 19827 21004 -11204 -14613 -4899 -19182 -301 1706 12274 -9434 8912 442 3419 22400 3106 -2318 -4688 6839 -11234 -6725 3542 -7654 -61 5219 11915 12629 -12605 3665 -3159 -1522 572 -11482 -9726 -2085 -5629 -2130 -7720 -8013 18534 -652 2428 16256 14749 -6021 -8486 414 10583 -117 4122 8724 11979 -13263 -9755 -341 521 -604 8195 -7503 
40 20 12 44
0 0 0 0 0 0 0 0 0 0 0 0 0 0 0 0 0 0 0 0 0 0 0 0 0 0 0 0 0 0 0 0 0 0 0 0 0 0 0 0 0 0 0 0 0 0 0 0 0 0 0 0 0 0 0 0 0 0 0 0 0 0 0 0 0 0 0 0 0 0 0 0 0 0 0 0 0 0 0 0 0 0 0 0 0 0 0 0 0 0 0 0 0 0 0 0 0 0 0 0 0 0 0 0 0 0 0 0 0 0 0 0 0 0 0 0 0 0 0 0 0 0 0 0 0 0 0 0 
12345 12345 12345 12345 12345 12345 12345 12345 12345 12345 12345 12345 12345 12345 12345 12345 12345 12345 12345 12345 12345 12345 12345 12345 12345 12345 12345 12345 12345 12345 12345 12345 12345 12345 12345 12345 12345 12345 12345 12345 12345 12345 12345 12345 12345 12345 12345 12345 12345 12345 12345 12345 12345 12345 12345 12345 12345 12345 12345 12345 12345 12345 12345 12345 12345 12345 12345 12345 12345 12345 12345 12345 12345 12345 12345 12345 12345 12345 12345 12345 12345 12345 12345 12345 12345 12345 12345 12345 12345 12345 12345 12345 12345 12345 12345 12345 12345 12345 12345 12345 12345 12345 12345 12345 12345 12345 12345 12345 12345 12345 12345 12345 12345 12345 12345 12345 12345 12345 12345 12345 12345 12345 12345 12345 12345 12345 12345 12345 
0 0 0 0 0 0 0 0 0 0 0 0 0 0 0 0 0 0 0 0 0 0 0 0 0 0 0 0 0 0 0 0 0 0 0 0 0 0 0 0 0 0 0 0 0 0 0 0 0 0 0 0 0 0 0 0 0 0 0 0 0 0 0 0 0 0 0 0 0 0 0 0 0 0 0 0 0 0 0 0 0 0 0 0 0 0 0 0 0 0 0 0 0 0 0 0 0 0 0 0 0 0 0 0 0 0 0 0 0 0 0 0 0 0 0 0 0 0 0 0 0 0 0 0 0 0 0 0 
41 24 12 12
-32768 -32768 -32768 -32768 -32768 -32768 -32768 -32768 -32768 -32768 -32768 -32768 -32768 -32768 -32768 -32768 -32768 -32768 -32768 -32768 -32768 -32768 -32768 -32768 -32768 -32768 -32768 -32768 -32768 -32768 -32768 -32768 -32768 -32768 -32768 -32768 -32768 -32768 -32768 -32768 -32768 -32768 -32768 -32768 -32768 -32768 -32768 -32768 -32768 -32768 -32768 -32768 -32768 -32768 -32768 -32768 -32768 -32768 -32768 -32768 -32768 -32768 -32768 -32768 -32768 -32768 -32768 -32768 -32768 -32768 -32768 -32768 -32768 -32768 -32768 -32768 -32768 -32768 -32768 -32768 -32768 -32768 -32768 -32768 -32768 -32768 -32768 -32768 -32768 -32768 -32768 -32768 -32768 -32768 -32768 -32768 -32768 -32768 -32768 -32768 -32768 -32768 -32768 -32768 -32768 -32768 -32768 -32768 -32768 -32768 -32768 -32768 -32768 -32768 -32768 -32768 -32768 -32768 -32768 -32768 -32768 -32768 -32768 -32768 -32768 -32768 -32768 -32768 
32767 32767 32767 32767 32767 32767 32767 32767 32767 32767 32767 32767 32767 32767 32767 32767 32767 32767 32767 32767 32767 32767 32767 32767 32767 32767 32767 32767 32767 32767 32767 32767 32767 32767 32767 32767 32767 32767 32767 32767 32767 32767 32767 32767 32767 32767 32767 32767 32767 32767 32767 32767 32767 32767 32767 32767 32767 32767 32767 32767 32767 32767 32767 32767 32767 32767 32767 32767 32767 32767 32767 32767 32767 32767 32767 32767 32767 32767 32767 32767 32767 32767 32767 32767 32767 32767 32767 32767 32767 32767 32767 32767 32767 32767 32767 32767 32767 32767 32767 32767 32767 32767 32767 32767 32767 32767 32767 32767 32767 32767 32767 32767 32767 32767 32767 32767 32767 32767 32767 32767 32767 32767 32767 32767 32767 32767 32767 32767 
-29166 -29166 -29166 -29166 -29166 -29166 -29166 -29166 -29166 -29166 -29166 -29166 -29166 -29166 -29166 -29166 -29166 -29166 -29166 -29166 -29166 -29166 -29166 -29166 -29166 -29166 -29166 -29166 -29166 -29166 -29166 -29166 -29166 -29166 -29166 -29166 -29166 -29166 -29166 -29166 -29166 -29166 -29166 -29166 -29166 -29166 -29166 -29166 -29166 -29166 -29166 -29166 -29166 -29166 -29166 -29166 -29166 -29166 -29166 -29166 -29166 -29166 -29166 -29166 -29166 -29166 -29166 -29166 -29166 -29166 -29166 -29166 -29166 -29166 -29166 -29166 -29166 -29166 -29166 -29166 -29166 -29166 -29166 -29166 -29166 -29166 -29166 -29166 -29166 -29166 -29166 -29166 -29166 -29166 -29166 -29166 -29166 -29166 -29166 -29166 -29166 -29166 -29166 -29166 -29166 -29166 -29166 -29166 -29166 -29166 -29166 -29166 -29166 -29166 -29166 -29166 -29166 -29166 -29166 -29166 -29166 -29166 -29166 -29166 -29166 -29166 -29166 -29166 
42 26 14 15
32767 -32768 32767 -32768 32767 -32768 32767 -32768 32767 -32768 32767 -32768 32767 -32768 32767 -32768 32767 -32768 32767 -32768 32767 -32768 32767 -32768 32767 -32768 32767 -32768 32767 -32768 32767 -32768 32767 -32768 32767 -32768 32767 -32768 32767 -32768 32767 -32768 32767 -32768 32767 -32768 32767 -32768 32767 -32768 32767 -32768 32767 -32768 32767 -32768 32767 -32768 32767 -32768 32767 -32768 32767 -32768 32767 -32768 32767 -32768 32767 -32768 32767 -32768 32767 -32768 32767 -32768 32767 -32768 32767 -32768 32767 -32768 32767 -32768 32767 -32768 32767 -32768 32767 -32768 32767 -32768 32767 -32768 32767 -32768 32767 -32768 32767 -32768 32767 -32768 32767 -32768 32767 -32768 32767 -32768 32767 -32768 32767 -32768 32767 -32768 32767 -32768 32767 -32768 32767 -32768 32767 -32768 32767 -32768 32767 -32768 32767 -32768 
-32768 -32768 -32768 -32768 -32768 -32768 -32768 -32768 -32768 -32768 -32768 -32768 -32768 -32768 -32768 -32768 -32768 -32768 -32768 -32768 -32768 -32768 -32768 -32768 -32768 -32768 -32768 -32768 -32768 -32768 -32768 -32768 -32768 -32768 -32768 -32768 -32768 -32768 -32768 -32768 -32768 -32768 -32768 -32768 -32768 -32768 -32768 -32768 -32768 -32768 -32768 -32768 -32768 -32768 -32768 -32768 -32768 -32768 -32768 -32768 -32768 -32768 -32768 -32768 -32768 -32768 -32768 -32768 -32768 -32768 -32768 -32768 -32768 -32768 -32768 -32768 -32768 -32768 -32768 -32768 -32768 -32768 -32768 -32768 -32768 -32768 -32768 -32768 -32768 -32768 -32768 -32768 -32768 -32768 -32768 -32768 -32768 -32768 -32768 -32768 -32768 -32768 -32768 -32768 -32768 -32768 -32768 -32768 -32768 -32768 -32768 -32768 -32768 -32768 -32768 -32768 -32768 -32768 -32768 -32768 -32768 -32768 -32768 -32768 -32768 -32768 -32768 -32768 
-28754 28755 -28754 28755 -28754 28755 -28754 28755 -28754 28755 -28754 28755 -28754 28755 -28754 28755 -28754 28755 -28754 28755 -28754 28755 -28754 28755 -28754 28755 -28754 28755 -28754 28755 -28754 28755 -28754 28755 -28754 28755 -28754 28755 -28754 28755 -28754 28755 -28754 28755 -28754 28755 -28754 28755 -28754 28755 -28754 28755 -28754 28755 -28754 28755 -28754 28755 -28754 28755 -28754 28755 -28754 28755 -28754 28755 -28754 28755 -28754 28755 -28754 28755 -28754 28755 -28754 28755 -28754 28755 -28754 28755 -28754 28755 -28754 28755 -28754 28755 -28754 28755 -28754 28755 -28754 28755 -28754 28755 -28754 28755 -28754 28755 -28754 28755 -28754 28755 -28754 28755 -28754 28755 -28754 28755 -28754 28755 -28754 28755 -28754 28755 -28754 28755 -28754 28755 -28754 28755 -28754 28755 -28754 28755 -28754 28755 -28754 28755 
43 22 12 14
0 0 0 0 0 0 0 0 0 0 0 0 0 0 0 0 0 0 0 0 0 0 0 0 0 0 0 0 0 0 0 0 0 0 0 0 0 0 0 0 0 0 0 0 0 0 0 0 0 0 0 0 0 0 0 0 0 0 0 0 0 0 0 0 0 0 0 0 0 0 0 0 0 0 0 0 0 0 0 0 0 0 0 0 0 0 0 0 0 0 0 0 0 0 0 0 0 0 0 0 0 0 0 0 0 0 0 0 0 0 0 0 0 0 0 0 0 0 0 0 0 0 0 0 0 0 0 32767 
1000 1000 1000 1000 1000 1000 1000 1000 1000 1000 1000 1000 1000 1000 1000 1000 1000 1000 1000 1000 1000 1000 1000 1000 1000 1000 1000 1000 1000 1000 1000 1000 1000 1000 1000 1000 1000 1000 1000 1000 1000 1000 1000 1000 1000 1000 1000 1000 1000 1000 1000 1000 1000 1000 1000 1000 1000 1000 1000 1000 1000 1000 1000 1000 1000 1000 1000 1000 1000 1000 1000 1000 1000 1000 1000 1000 1000 1000 1000 1000 1000 1000 1000 1000 1000 1000 1000 1000 1000 1000 1000 1000 1000 1000 1000 1000 1000 1000 1000 1000 1000 1000 1000 1000 1000 1000 1000 1000 1000 1000 1000 1000 1000 1000 1000 1000 1000 1000 1000 1000 1000 1000 1000 1000 1000 1000 1000 1000 
0 0 0 0 0 0 0 0 0 0 0 0 0 0 0 0 0 0 0 0 0 0 0 0 0 0 0 0 0 0 0 0 0 0 0 0 0 0 0 0 0 0 0 0 0 0 0 0 0 0 0 0 0 0 0 0 0 0 0 0 0 0 0 0 0 0 0 0 0 0 0 0 0 0 0 0 0 0 0 0 0 0 0 0 0 0 0 0 0 0 0 0 0 0 0 0 0 0 0 0 0 0 0 0 0 0 0 0 0 0 0 0 0 0 0 0 0 0 0 0 0 0 0 0 0 0 0 25714 
44 22 12 14
32767 0 0 0 0 0 0 0 0 0 0 0 0 0 0 0 0 0 0 0 0 0 0 0 0 0 0 0 0 0 0 0 0 0 0 0 0 0 0 0 0 0 0 0 0 0 0 0 0 0 0 0 0 0 0 0 0 0 0 0 0 0 0 0 0 0 0 0 0 0 0 0 0 0 0 0 0 0 0 0 0 0 0 0 0 0 0 0 0 0 0 0 0 0 0 0 0 0 0 0 0 0 0 0 0 0 0 0 0 0 0 0 0 0 0 0 0 0 0 0 0 0 0 0 0 0 0 0 
1000 1000 1000 1000 1000 1000 1000 1000 1000 1000 1000 1000 1000 1000 1000 1000 1000 1000 1000 1000 1000 1000 1000 1000 1000 1000 1000 1000 1000 1000 1000 1000 1000 1000 1000 1000 1000 1000 1000 1000 1000 1000 1000 1000 1000 1000 1000 1000 1000 1000 1000 1000 1000 1000 1000 1000 1000 1000 1000 1000 1000 1000 1000 1000 1000 1000 1000 1000 1000 1000 1000 1000 1000 1000 1000 1000 1000 1000 1000 1000 1000 1000 1000 1000 1000 1000 1000 1000 1000 1000 1000 1000 1000 1000 1000 1000 1000 1000 1000 1000 1000 1000 1000 1000 1000 1000 1000 1000 1000 1000 1000 1000 1000 1000 1000 1000 1000 1000 1000 1000 1000 1000 1000 1000 1000 1000 1000 1000 
25714 0 0 0 0 0 0 0 0 0 0 0 0 0 0 0 0 0 0 0 0 0 0 0 0 0 0 0 0 0 0 0 0 0 0 0 0 0 0 0 0 0 0 0 0 0 0 0 0 0 0 0 0 0 0 0 0 0 0 0 0 0 0 0 0 0 0 0 0 0 0 0 0 0 0 0 0 0 0 0 0 0 0 0 0 0 0 0 0 0 0 0 0 0 0 0 0 0 0 0 0 0 0 0 0 0 0 0 0 0 0 0 0 0 0 0 0 0 0 0 0 0 0 0 0 0 0 0 
45 24 8 19
1024 1024 1024 1024 1024 1024 1024 1024 1024 1024 1024 1024 1024 1024 1024 1024 1024 1024 1024 1024 1024 1024 1024 1024 1024 1024 1024 1024 1024 1024 1024 1024 1024 1024 1024 1024 1024 1024 1024 1024 1024 1024 1024 1024 1024 1024 1024 1024 1024 1024 1024 1024 1024 1024 1024 1024 1024 1024 1024 1024 1024 1024 1024 1024 1024 1024 1024 1024 1024 1024 1024 1024 1024 1024 1024 1024 1024 1024 1024 1024 1024 1024 1024 1024 1024 1024 1024 1024 1024 1024 1024 1024 1024 1024 1024 1024 1024 1024 1024 1024 1024 1024 1024 1024 1024 1024 1024 1024 1024 1024 1024 1024 1024 1024 1024 1024 1024 1024 1024 1024 1024 1024 1024 1024 1024 1024 1024 1024 
256 256 256 256 256 256 256 256 256 256 256 256 256 256 256 256 256 256 256 256 256 256 256 256 256 256 256 256 256 256 256 256 256 256 256 256 256 256 256 256 256 256 256 256 256 256 256 256 256 256 256 256 256 256 256 256 256 256 256 256 256 256 256 256 256 256 256 256 256 256 256 256 256 256 256 256 256 256 256 256 256 256 256 256 256 256 256 256 256 256 256 256 256 256 256 256 256 256 256 256 256 256 256 256 256 256 256 256 256 256 256 256 256 256 256 256 256 256 256 256 256 256 256 256 256 256 256 256 
31941 31941 31941 31941 31941 31941 31941 31941 31941 31941 31941 31941 31941 31941 31941 31941 31941 31941 31941 31941 31941 31941 31941 31941 31941 31941 31941 31941 31941 31941 31941 31941 31941 31941 31941 31941 31941 31941 31941 31941 31941 31941 31941 31941 31941 31941 31941 31941 31941 31941 31941 31941 31941 31941 31941 31941 31941 31941 31941 31941 31941 31941 31941 31941 31941 31941 31941 31941 31941 31941 31941 31941 31941 31941 31941 31941 31941 31941 31941 31941 31941 31941 31941 31941 31941 31941 31941 31941 31941 31941 31941 31941 31941 31941 31941 31941 31941 31941 31941 31941 31941 31941 31941 31941 31941 31941 31941 31941 31941 31941 31941 31941 31941 31941 31941 31941 31941 31941 31941 31941 31941 31941 31941 31941 31941 31941 31941 31941 
46 0 0 12
1 1 1 1 1 1 1 1 1 1 1 1 1 1 1 1 1 1 1 1 1 1 1 1 1 1 1 1 1 1 1 1 1 1 1 1 1 1 1 1 1 1 1 1 1 1 1 1 1 1 1 1 1 1 1 1 1 1 1 1 1 1 1 1 1 1 1 1 1 1 1 1 1 1 1 1 1 1 1 1 1 1 1 1 1 1 1 1 1 1 1 1 1 1 1 1 1 1 1 1 1 1 1 1 1 1 1 1 1 1 1 1 1 1 1 1 1 1 1 1 1 1 1 1 1 1 1 1 
1 1 1 1 1 1 1 1 1 1 1 1 1 1 1 1 1 1 1 1 1 1 1 1 1 1 1 1 1 1 1 1 1 1 1 1 1 1 1 1 1 1 1 1 1 1 1 1 1 1 1 1 1 1 1 1 1 1 1 1 1 1 1 1 1 1 1 1 1 1 1 1 1 1 1 1 1 1 1 1 1 1 1 1 1 1 1 1 1 1 1 1 1 1 1 1 1 1 1 1 1 1 1 1 1 1 1 1 1 1 1 1 1 1 1 1 1 1 1 1 1 1 1 1 1 1 1 1 
4096 4096 4096 4096 4096 4096 4096 4096 4096 4096 4096 4096 4096 4096 4096 4096 4096 4096 4096 4096 4096 4096 4096 4096 4096 4096 4096 4096 4096 4096 4096 4096 4096 4096 4096 4096 4096 4096 4096 4096 4096 4096 4096 4096 4096 4096 4096 4096 4096 4096 4096 4096 4096 4096 4096 4096 4096 4096 4096 4096 4096 4096 4096 4096 4096 4096 4096 4096 4096 4096 4096 4096 4096 4096 4096 4096 4096 4096 4096 4096 4096 4096 4096 4096 4096 4096 4096 4096 4096 4096 4096 4096 4096 4096 4096 4096 4096 4096 4096 4096 4096 4096 4096 4096 4096 4096 4096 4096 4096 4096 4096 4096 4096 4096 4096 4096 4096 4096 4096 4096 4096 4096 4096 4096 4096 4096 4096 4096 
47 20 12 44
-31340 -20 16145 -31175 -31826 14954 -12858 18412 26531 -1960 -20807 -16678 4151 10510 29563 12550 -17004 30595 -16188 21912 -3992 -8603 27262 4597 19430 -5224 -30539 -21770 -4407 -8978 -7696 30801 -26935 -31385 -19924 -32653 -11234 7851 -31701 -31645 -13397 -21593 25797 -29564 -25486 4449 -27415 7597 16574 25254 24585 23167 14859 16394 -7855 -6395 -10141 7131 4494 -28103 15933 -29931 -1539 -13216 -16620 -24170 10751 2541 -27369 -27520 11520 17676 -28205 13116 -30344 29842 -30976 22642 28334 10302 -22407 27789 24033 13473 -8840 15818 5624 11333 9873 -32259 -22764 -30318 25393 9735 -3573 -5195 15420 25159 -11951 -13680 -7111 -194 -15578 -12037 -2754 -31388 -29786 15927 -10775 2936 28668 -16125 -31967 28372 11422 11673 30231 18786 1971 4433 -25728 5881 26465 -27933 -4537 -23813 -21475 2866 
0 0 0 0 0 0 0 0 0 0 0 0 0 0 0 0 0 0 0 0 0 0 0 0 0 0 0 0 0 0 0 0 0 0 0 0 0 0 0 0 0 0 0 0 0 0 0 0 0 0 0 0 0 0 0 0 0 0 0 0 0 0 0 0 0 0 0 0 0 0 0 0 0 0 0 0 0 0 0 0 0 0 0 0 0 0 0 0 0 0 0 0 0 0 0 0 0 0 0 0 0 0 0 0 0 0 0 0 0 0 0 0 0 0 0 0 0 0 0 0 0 0 0 0 0 0 0 0 
0 0 0 0 0 0 0 0 0 0 0 0 0 0 0 0 0 0 0 0 0 0 0 0 0 0 0 0 0 0 0 0 0 0 0 0 0 0 0 0 0 0 0 0 0 0 0 0 0 0 0 0 0 0 0 0 0 0 0 0 0 0 0 0 0 0 0 0 0 0 0 0 0 0 0 0 0 0 0 0 0 0 0 0 0 0 0 0 0 0 0 0 0 0 0 0 0 0 0 0 0 0 0 0 0 0 0 0 0 0 0 0 0 0 0 0 0 0 0 0 0 0 0 0 0 0 0 0 
48 10 12 12
21341 21341 21341 21341 21341 21341 21341 21341 21341 21341 21341 21341 21341 21341 21341 21341 21341 21341 21341 21341 21341 21341 21341 21341 21341 21341 21341 21341 21341 21341 21341 21341 21341 21341 21341 21341 21341 21341 21341 21341 21341 21341 21341 21341 21341 21341 21341 21341 21341 21341 21341 21341 21341 21341 21341 21341 21341 21341 21341 21341 21341 21341 21341 21341 21341 21341 21341 21341 21341 21341 21341 21341 21341 21341 21341 21341 21341 21341 21341 21341 21341 21341 21341 21341 21341 21341 21341 21341 21341 21341 21341 21341 21341 21341 21341 21341 21341 21341 21341 21341 21341 21341 21341 21341 21341 21341 21341 21341 21341 21341 21341 21341 21341 21341 21341 21341 21341 21341 21341 21341 21341 21341 21341 21341 21341 21341 21341 21341 
32691 32691 32691 32691 32691 32691 32691 32691 32691 32691 32691 32691 32691 32691 32691 32691 32691 32691 32691 32691 32691 32691 32691 32691 32691 32691 32691 32691 32691 32691 32691 32691 32691 32691 32691 32691 32691 32691 32691 32691 32691 32691 32691 32691 32691 32691 32691 32691 32691 32691 32691 32691 32691 32691 32691 32691 32691 32691 32691 32691 32691 32691 32691 32691 32691 32691 32691 32691 32691 32691 32691 32691 32691 32691 32691 32691 32691 32691 32691 32691 32691 32691 32691 32691 32691 32691 32691 32691 32691 32691 32691 32691 32691 32691 32691 32691 32691 32691 32691 32691 32691 32691 32691 32691 32691 32691 32691 32691 32691 32691 32691 32691 32691 32691 32691 32691 32691 32691 32691 32691 32691 32691 32691 32691 32691 32691 32691 32691 
32767 32767 32767 32767 32767 32767 32767 32767 32767 32767 32767 32767 32767 32767 32767 32767 32767 32767 32767 32767 32767 32767 32767 32767 32767 32767 32767 32767 32767 32767 32767 32767 32767 32767 32767 32767 32767 32767 32767 32767 32767 32767 32767 32767 32767 32767 32767 32767 32767 32767 32767 32767 32767 32767 32767 32767 32767 32767 32767 32767 32767 32767 32767 32767 32767 32767 32767 32767 32767 32767 32767 32767 32767 32767 32767 32767 32767 32767 32767 32767 32767 32767 32767 32767 32767 32767 32767 32767 32767 32767 32767 32767 32767 32767 32767 32767 32767 32767 32767 32767 32767 32767 32767 32767 32767 32767 32767 32767 32767 32767 32767 32767 32767 32767 32767 32767 32767 32767 32767 32767 32767 32767 32767 32767 32767 32767 32767 32767 
49 80 12 67
22686 16632 3074 -9131 24421 -23287 -26303 -2543 2293 3272 9896 9145 -30486 -445 2080 -30277 -5168 -27481 9085 16068 16167 21976 27528 6770 8876 -22500 -7043 -20251 11427 16098 -18757 15554 4624 28549 -13908 -1590 -1054 -30582 -6387 -19576 19405 -706 28477 -9224 13845 1495 12420 23743 -21530 15200 -9048 24854 1316 26366 -18713 4649 26110 -26578 -26965 -29351 -9300 -7055 10347 -23893 13817 -29103 3310 -23512 895 20813 -23615 21372 14948 -20832 -9924 3149 28858 17090 -24546 31452 -17463 1538 -2938 -30411 -17919 7759 7219 -24888 31669 -7500 -29937 5188 -13831 -12394 -6625 32067 28686 8967 26903 7762 17019 11961 26719 -19253 24608 -1257 9312 -543 22360 -12798 -15988 14311 2368 1887 29935 -13924 -10352 -26459 -10445 -28811 -14280 -26941 21236 11050 14643 -20458 25062 -24921 
6716 12887 18592 -18355 5631 27233 11683 -31266 10794 -28637 23948 6909 -3880 -7939 -1256 -4941 20846 -9424 -6578 -11345 -11359 29208 -18664 -12645 -12960 -28253 -6222 -16947 704 -13210 -8230 -4769 -7928 1705 3621 -12876 -29063 8645 28906 30539 -4071 10729 -27601 11107 5617 -14507 -5737 -32723 11091 12980 23017 2950 -9306 -20430 15987 -7428 14111 -1726 29672 29657 1643 4571 -6533 31102 -11358 626 -16272 -15391 18228 -23104 -10598 -6312 -17326 13706 29974 -18718 6643 32309 -13539 -2181 16318 600 9825 20240 -29540 7632 9087 6178 20891 27905 29597 11494 -6676 -23137 19557 19197 -3152 31112 24305 17236 -22862 1776 15870 27588 -23565 17781 -30051 -20458 -9418 28534 15795 -31084 7426 -25052 7313 1196 -22740 17438 1245 15296 -12659 -18815 -8056 -29155 22392 21494 3659 -30307 
4541 6388 1703 4995 4098 -18900 -9158 2370 738 -2792 7063 1883 3525 105 -78 4458 -3211 7718 -1781 -5433 -5473 19129 -15312 -2551 -3428 18945 1306 10228 240 -6338 4601 -2211 -1093 1451 -1501 610 913 -7879 -5502 -17817 -2354 -226 -23424 -3053 2318 -646 -2124 -23155 -7116 5880 -6207 2185 -365 -16053 -8916 -1029 10980 1367 -23845 -25942 -455 -961 -2015 -22147 -4677 -543 -1605 10785 486 -14331 7459 -4020 -7718 -8509 -8865 -1757 5713 16456 9904 -2044 -8493 28 -860 -18344 15775 1765 1955 -4582 19717 -6237 -26406 1777 2752 8546 -3861 18346 -2695 8314 19487 3987 -11596 633 12637 -15830 -17282 -666 -8340 331 -6276 -10883 -7526 -13257 524 -1409 6524 -496 7016 -13751 -388 -13134 5387 15107 -5098 -9601 9772 -13105 2733 22509 
50 -30 6 -12
31882 20984 -23122 22387 -2692 -31557 -8140 -21195 -8184 7253 -2654 11726 1743 -21746 -25212 5602 3386 3446 -14214 -25237 -25303 20932 20273 21791 -2933 -27743 -19629 19466 6073 6517 -16133 14917 12271 26551 -9543 28430 20461 -30265 6603 -695 17866 1128 17628 21168 -23022 1867 19280 13546 -28733 22894 -14540 29696 25084 12202 -16370 25359 23811 16598 14816 21837 17972 -22156 2699 18975 -13321 31751 13635 -14755 -31590 2627 6167 -20597 -16694 16482 -17621 30423 15419 -2841 -1100 9277 -22356 662 21917 17759 -403 18294 11527 -11317 17091 -7750 -12267 -20425 -15133 -6352 17767 32205 -17103 26036 31624 5533 26244 26213 10016 9185 15678 30637 15277 29109 -27407 30753 14035 -30710 21838 30291 18822 22960 10464 -4829 -616 -23821 15174 21422 15308 15753 -4877 26186 -27833 1476 
2471 12800 22045 29192 11104 13135 29903 17435 22317 -12006 32072 -7183 25073 2972 -16640 9167 -4272 -1349 -18959 15211 -29343 -17404 -12451 17776 -3059 22006 28037 -24916 9411 16630 -30691 13098 10633 32301 14527 -21445 15462 26460 30539 17407 5264 767 -24487 4402 22090 -30873 -20736 -17752 20284 13880 -17452 -29151 -2739 25036 15589 -10945 18217 6734 -28420 13467 -3801 -19324 -24156 15921 -6342 -8402 -11945 -27716 18851 29846 3667 -16293 2130 -27695 -14862 24574 -14736 -26847 2277 18229 -1056 29913 -29350 -6686 -19205 -18707 -5237 8536 19619 -24022 -31931 1987 -18878 1147 -9355 -14465 25426 -15839 -21009 14641 756 -9109 17672 -12255 -23176 -7003 18245 24051 -17783 -28881 -25420 -5900 -3103 5304 10855 -30183 28493 -12391 -24720 -13658 -18084 -15403 -11064 -24367 -6038 -30799 16868 -12900 
0 0 0 0 0 0 0 0 0 0 0 0 0 0 0 0 0 0 0 0 0 0 0 0 0 0 0 0 0 0 0 0 0 0 0 0 0 0 0 0 0 0 0 0 0 0 0 0 0 0 0 0 0 0 0 0 0 0 0 0 0 0 0 0 0 0 0 0 0 0 0 0 0 0 0 0 0 0 0 0 0 0 0 0 0 0 0 0 0 0 0 0 0 0 0 0 0 0 0 0 0 0 0 0 0 0 0 0 0 0 0 0 0 0 0 0 0 0 0 0 0 0 0 0 0 0 0 0 
51 -12 0 0
0 0 0 0 0 0 0 0 0 0 0 0 0 0 0 0 0 0 0 0 0 0 0 0 0 0 0 0 0 0 0 0 0 0 0 0 0 0 0 0 0 0 0 0 0 0 0 0 0 0 0 0 0 0 0 0 0 0 0 0 0 0 0 0 0 0 0 0 0 0 0 0 0 0 0 0 0 0 0 0 0 0 0 0 0 0 0 0 0 0 0 0 0 0 0 0 0 0 0 0 0 0 0 0 0 0 0 0 0 0 0 0 0 0 0 0 0 0 0 0 0 0 0 0 0 0 0 0 
32767 32767 32767 32767 32767 32767 32767 32767 32767 32767 32767 32767 32767 32767 32767 32767 32767 32767 32767 32767 32767 32767 32767 32767 32767 32767 32767 32767 32767 32767 32767 32767 32767 32767 32767 32767 32767 32767 32767 32767 32767 32767 32767 32767 32767 32767 32767 32767 32767 32767 32767 32767 32767 32767 32767 32767 32767 32767 32767 32767 32767 32767 32767 32767 32767 32767 32767 32767 32767 32767 32767 32767 32767 32767 32767 32767 32767 32767 32767 32767 32767 32767 32767 32767 32767 32767 32767 32767 32767 32767 32767 32767 32767 32767 32767 32767 32767 32767 32767 32767 32767 32767 32767 32767 32767 32767 32767 32767 32767 32767 32767 32767 32767 32767 32767 32767 32767 32767 32767 32767 32767 32767 32767 32767 32767 32767 32767 32767 
0 0 0 0 0 0 0 0 0 0 0 0 0 0 0 0 0 0 0 0 0 0 0 0 0 0 0 0 0 0 0 0 0 0 0 0 0 0 0 0 0 0 0 0 0 0 0 0 0 0 0 0 0 0 0 0 0 0 0 0 0 0 0 0 0 0 0 0 0 0 0 0 0 0 0 0 0 0 0 0 0 0 0 0 0 0 0 0 0 0 0 0 0 0 0 0 0 0 0 0 0 0 0 0 0 0 0 0 0 0 0 0 0 0 0 0 0 0 0 0 0 0 0 0 0 0 0 0 
52 6 3 21
0 0 0 0 0 0 0 0 0 0 0 0 0 0 0 0 0 0 0 0 0 0 0 0 0 0 0 0 0 0 0 0 0 0 0 0 0 0 0 0 0 0 0 0 0 0 0 0 0 0 0 0 0 0 0 0 0 0 0 0 0 0 0 0 0 0 0 0 0 0 0 0 0 0 0 0 0 0 0 0 0 0 0 0 0 0 0 0 0 0 0 0 0 0 0 0 0 0 0 0 0 0 0 0 0 0 0 0 0 0 0 0 0 0 0 0 0 0 0 0 0 0 0 0 0 0 0 0 
-9999 -9999 -9999 -9999 -9999 -9999 -9999 -9999 -9999 -9999 -9999 -9999 -9999 -9999 -9999 -9999 -9999 -9999 -9999 -9999 -9999 -9999 -9999 -9999 -9999 -9999 -9999 -9999 -9999 -9999 -9999 -9999 -9999 -9999 -9999 -9999 -9999 -9999 -9999 -9999 -9999 -9999 -9999 -9999 -9999 -9999 -9999 -9999 -9999 -9999 -9999 -9999 -9999 -9999 -9999 -9999 -9999 -9999 -9999 -9999 -9999 -9999 -9999 -9999 -9999 -9999 -9999 -9999 -9999 -9999 -9999 -9999 -9999 -9999 -9999 -9999 -9999 -9999 -9999 -9999 -9999 -9999 -9999 -9999 -9999 -9999 -9999 -9999 -9999 -9999 -9999 -9999 -9999 -9999 -9999 -9999 -9999 -9999 -9999 -9999 -9999 -9999 -9999 -9999 -9999 -9999 -9999 -9999 -9999 -9999 -9999 -9999 -9999 -9999 -9999 -9999 -9999 -9999 -9999 -9999 -9999 -9999 -9999 -9999 -9999 -9999 -9999 -9999 
0 0 0 0 0 0 0 0 0 0 0 0 0 0 0 0 0 0 0 0 0 0 0 0 0 0 0 0 0 0 0 0 0 0 0 0 0 0 0 0 0 0 0 0 0 0 0 0 0 0 0 0 0 0 0 0 0 0 0 0 0 0 0 0 0 0 0 0 0 0 0 0 0 0 0 0 0 0 0 0 0 0 0 0 0 0 0 0 0 0 0 0 0 0 0 0 0 0 0 0 0 0 0 0 0 0 0 0 0 0 0 0 0 0 0 0 0 0 0 0 0 0 0 0 0 0 0 0 
53 20 20 19
2160 -108 6400 -1487 3452 139 711 4759 -3739 -962 3588 3676 5009 428 -303 -4230 -83 -7156 -1536 6469 -5307 -1184 4768 -6991 -3221 2600 4258 -6167 3250 5958 -4929 2172 7100 -908 2316 3667 -4725 -2347 -4289 -238 448 931 785 5894 -129 -6476 -4653 -6156 -4455 -5166 -3365 5606 -3890 -3793 3080 255 1473 3616 4381 4866 -835 -5544 -4049 -3316 -3743 -294 4514 6112 3817 7220 -2343 -2667 6526 4703 1088 1108 -3858 3900 6739 -6129 -1170 442 -5856 -4728 5405 -3029 6146 -3908 2784 -3812 -910 4192 1439 2373 -3902 -2582 6944 -6478 -4544 -4624 -4105 4647 -3800 5492 2208 -3440 3371 -3321 -5042 -1234 2966 -4348 2421 -1964 -3530 -1108 -2737 132 -6557 -2704 4350 2838 -687 1456 4765 4615 -5876 -2204 
25777 29491 7358 1964 -16730 -25820 27059 31701 19464 4294 -7916 31033 8086 -10146 5988 -17691 5536 -3702 15635 -25244 -1729 833 10469 2560 28749 -14645 20427 -21555 -21625 -15366 -12765 -6159 10619 27662 29438 -19660 -26444 -5418 -13501 27419 6519 3688 -13017 17574 5446 -18283 28931 -20443 12296 -25613 22540 2832 30979 32057 -1106 2274 -3572 -25389 -19898 13648 -23242 -30515 -24822 15850 30831 -12138 6846 11961 29502 -8260 8133 16276 6329 -10064 25921 -11810 26300 16023 7439 2272 31291 23668 25476 -16554 17783 6163 -9124 -25554 -30818 -21094 14061 -23102 6351 -21462 -21701 -16278 -16166 -13090 -16939 -3281 7710 1846 21940 31358 29785 2443 -31514 28792 4521 888 8110 -26890 6108 8109 22633 -19826 -14703 3804 3574 -11862 -4899 -2138 -16066 14573 11944 -7223 -2671 7500 
6704 -384 5670 -352 -6954 -432 2317 18165 -8763 -497 -3420 13736 4877 -523 -218 9011 -55 3190 -2892 -19663 1105 -119 6010 -2155 -11150 -4585 10473 16006 -8462 -11023 7576 -1611 9078 -3024 8209 -8681 15045 1531 6972 -786 352 413 -1230 12472 -85 14256 -16209 15153 -6596 15932 -9133 1912 -14510 -14641 -410 70 -634 -11054 -10496 7996 2337 20370 12102 -6328 -13895 430 3721 8803 13559 -7181 -2294 -5227 4973 -5699 3396 -1576 -12217 7524 6036 -1677 -4408 1260 -17963 9424 11573 -2248 -6752 12025 -10331 9682 -1541 -11661 1100 -6132 10196 5061 -13517 10210 9268 1827 -3811 1033 -10039 20737 7919 -1012 -12791 -11513 -2745 -132 2896 14078 1781 -1918 -9620 2645 4845 60 -2822 3862 -2566 -731 1329 2555 6853 -4014 1890 -1990 
54 24 16 15
2616 17979 22929 -19087 -6965 17249 24139 -12616 1010 -20184 -22510 -22413 -23828 -1255 -20036 -7652 -11626 14298 -18087 -2157 4101 -2027 -8539 3231 -4362 -9618 -18721 14379 3937 17136 15280 -16006 -8966 -2016 -8598 -5963 -610 -10230 11040 268 13486 1881 -24107 23357 16283 13708 -4288 -8197 6250 10185 -14000 580 21755 -18206 -22992 17519 11093 -8383 -13022 -11112 -23291 5405 -8489 19669 -19905 -20967 12682 4688 -19610 3101 -18489 -17826 8278 23177 -13464 -2773 -15828 8965 21968 -20881 -21090 15709 -16885 -4776 -4521 -16969 9658 -24691 7151 6568 -16780 -21563 -12963 13629 17962 12394 -17055 -3009 -23899 -13960 -18934 -3361 -24204 -4066 -12280 -5460 -18580 11136 8059 -9686 -21591 -21169 -8480 -3988 -3272 -13426 13750 -17155 15368 -5595 -21637 19544 23176 -20218 -12444 11913 16619 -9494 
-31564 -30664 13963 5701 -10668 -9483 -1880 -5345 25969 -7799 -12247 9957 21691 3771 -13729 -10330 -14246 -17670 -23863 12634 17406 7295 26247 -7777 7390 -16121 13044 -7716 -32403 -9663 -30103 -17429 29017 2262 22743 -18884 29890 16832 32156 9620 -20208 27729 -17323 31158 -28880 17688 1467 -26705 -13253 13668 -13420 -24730 26622 16299 13794 -14750 31024 -5148 6352 -8466 2889 -20777 32180 -7843 17287 -4225 -11978 27024 28407 6406 -15860 29786 -32017 -19391 -13789 18007 -7885 30116 -2806 -17813 -21406 -23428 30320 8108 24403 11621 29483 5424 -28170 -9096 -25941 99 -7059 15318 -1215 -377 -26335 11509 -15437 -30966 11399 -31489 31020 7953 15389 -21679 -5771 -30162 -12394 -20483 -3910 27695 15975 -2365 -22414 5058 -25333 -14050 10293 -25772 -25587 -5542 -14588 -16242 23704 15065 3333 -30118 
-1849 -12343 7168 -2436 1663 -3662 -1016 1510 587 3524 6172 -4996 -11571 -106 6158 1770 3708 -5656 9663 -610 1598 -331 -5018 -563 -722 3471 -5467 -2484 -2856 -3707 -10298 6246 -5825 -102 -4378 2521 -408 -3855 7948 58 -6101 1168 9349 16293 -10528 5428 -141 4901 -1854 3117 4206 -321 12966 -6643 -7100 -5785 7705 966 -1852 2106 -1506 -2514 -6116 -3454 -7704 1983 -3401 2836 -12472 445 6565 -11887 -5934 -10062 4156 -1118 2794 6045 -1380 8327 10107 -8240 -11462 -867 -2470 -4415 6375 -2998 -4510 -1338 9745 -48 2049 4674 -489 -105 10056 -775 8260 9678 -4832 2369 -16809 -724 -4231 2650 2401 -7520 -2236 4442 1890 -13126 -3033 211 1642 -1520 -7798 5396 3541 3228 12395 -2425 -7569 7352 -6604 4018 1240 6402 
55 24 3 3
-19040 -9426 15649 3057 11421 15148 5339 -11327 -5179 16648 -12763 9048 1386 2560 12575 10841 5464 -1720 447 12318 -631 -11693 -7128 -14600 -11719 18276 -8337 -8434 19212 19231 -5054 -16671 2928 11266 -15553 12544 11725 3378 8445 -18484 -11985 -16243 7083 -18667 -8824 14072 -14612 -10897 2492 12816 14449 1220 -11148 5214 11978 17970 12495 -14001 -894 -14247 12714 13452 -9252 11355 -9 -3813 10484 17223 -17239 5140 2145 -6290 -18458 5684 15157 17655 -16273 1852 4297 -5288 2833 15751 -16876 10800 17356 -8984 -7494 10520 17612 -7227 13519 659 2196 -15962 -609 -4079 -13611 -18656 -2130 11056 -14296 5443 4242 14025 -17222 -12320 -1506 -8000 3858 -1455 -11800 -18361 -14374 -2811 10886 16564 7553 13756 1054 11194 8477 -9098 -6056 10952 17367 11805 12842 4005 
-25184 30252 -11115 22931 17696 1265 8207 -9241 29413 18075 1061 -20092 -14842 28057 -19056 -2669 14023 -31480 -31398 -3408 -25527 -13844 28183 209 -336 24878 -12920 22759 19312 5580 -26844 99 -22759 12503 2738 -18558 -13204 16418 1681 14289 16770 20475 -32057 19521 20263 -19346 -12216 -12628 -8902 9682 11947 -23470 -5894 -13262 -8596 -8076 -19180 -15791 15786 -15211 29740 30819 27168 -28619 21382 25160 -21707 26361 -2660 21212 -1996 -24232 -32063 3080 2248 8014 -28255 1726 6647 19053 27623 20238 -22723 -24186 8295 -25606 -1022 -27005 28484 -14147 28552 893 28553 12310 -28562 8683 -30381 5331 -1931 2635 -30543 -27762 8122 -12221 10113 -25058 30989 -8623 -29484 1774 -22287 30170 -16071 -4833 -22802 -28336 -17007 -821 -6143 26998 12170 14148 3141 -826 -3676 11912 19399 -13939 
23559 -14010 -8546 3444 9930 941 2153 5143 -7484 14785 -665 -8932 -1011 3529 -11774 -1422 3765 2660 -690 -2063 791 7954 -9870 -150 193 22339 5292 -9431 18229 5272 6666 -81 -3274 6921 -2092 -11438 -7607 2725 697 -12977 -9875 -16340 -11156 -17904 -8785 -13376 8770 6761 -1090 6097 8481 -1407 3228 -3397 -5059 -7130 -11775 10863 -693 10648 18578 20369 -12350 -15967 -9 -4714 -11181 22307 2253 5357 -210 7489 29078 860 1674 6952 22591 157 1403 -4950 3845 15662 18841 -12834 7074 11303 376 -13958 24648 5023 18965 29 3081 -9654 855 -1740 20317 -4887 202 1431 21453 -7424 1693 -8421 -8557 15168 -2293 3389 -5589 -127 12921 -27217 11350 667 -12196 -23061 -6311 -555 -318 14849 5069 -6324 -935 -444 -3137 6909 12240 -2743 
56 25 20 20
-25594 -9554 7364 18701 -12937 -5952 -13393 -15767 8569 -14733 13713 -881 659 1842 10185 -11417 -2775 15184 15846 190 854 -16639 -9416 1103 16254 -24663 -14243 10131 25312 1193 7550 22847 -13293 -14203 16276 24381 -3721 -18948 -24204 25915 15735 6732 12426 -4063 -12275 15614 16289 -21693 -24889 15738 -14656 21318 17581 5010 -10347 14306 -8301 12910 -7990 2717 5354 -14488 14023 -18412 11922 5661 4763 8523 21946 -12937 26598 1060 -10173 26880 -2913 -15069 -17579 20892 -23870 14258 9552 24553 -3055 -445 7791 -23854 2171 -7638 -24217 22051 674 11754 -16779 16599 20635 7131 19134 -17790 23276 6546 -23145 3826 -13518 -15122 9319 13246 -11180 26534 -1408 -4881 -21910 -9468 11038 19653 19549 -17413 25364 17106 -27043 7539 -25346 12722 8254 -19298 -9128 -18544 -5105 -7623 
11545 30293 741 7339 14243 -20281 -28196 -19190 24088 16992 -2797 -17905 -1002 28454 -17304 23394 -1162 -10017 -20246 -24213 21471 -14625 -9826 1282 -3716 5379 13606 1009 2539 -2539 14068 -10664 -23093 -19541 6414 12050 20463 27949 10479 7699 -7167 10008 -23345 11961 -19199 -28785 -9044 -17208 -4683 -21619 24652 18668 10880 -27454 4707 -28595 23298 18534 -29046 -5249 -457 28127 -11454 -11298 8085 -13259 -25547 -10683 31110 -11035 -19145 31481 -5048 -9470 -13356 20075 12615 15884 -337 -25875 22352 -12108 -30022 7263 -32490 -8186 -14374 5271 31852 6183 3256 -31139 -1114 -22697 -11083 -27076 -28305 -879 -12881 28464 -6291 3470 18920 -27019 -30265 -8 -13695 -8767 -14949 -20641 14236 8461 20634 -15575 -22997 9662 29125 19669 -27448 -30461 21948 -10464 5683 6102 16404 685 -1160 -10324 
-8013 -7849 148 3722 -4997 3274 10241 8206 5598 -6789 -1040 428 -18 1421 -4780 -7243 87 -4125 -8701 -125 497 6600 2509 38 -1638 -3598 -5256 277 1743 -82 2881 -6608 8325 7527 2831 7968 -2065 -14362 -6879 5411 -3058 1827 -7867 -1318 6391 -12189 -3995 10124 3161 -9227 -9798 10793 5188 -3730 -1321 -11094 -5245 6489 6294 -387 -66 -11051 -4356 5641 2614 -2036 -3300 -2469 18516 3872 -13810 905 1393 -6903 1055 -8204 -6014 9000 218 -10005 5790 -8062 2487 -88 -6865 5296 -846 -1092 -20919 3698 60 -9926 507 -10217 -6202 -5236 -14688 424 -8131 5053 3949 360 -6936 11081 -7649 -3 4152 -6309 571 2732 -8459 -2173 6177 -8301 -12192 -4563 20034 9125 20130 -6228 -15087 -3610 1272 -3194 -4061 -344 161 2134 
57 25 9 10
-8255 -3320 14600 -15886 7843 10608 -4091 2009 10920 -7932 12455 15615 3670 5058 -11707 7944 -9397 -4699 11134 -4758 -8246 13310 6894 5159 16459 -11943 5848 4367 8541 11197 1569 2272 -6431 -13505 7416 -9065 4627 13802 5837 6394 4439 -11633 -7592 6828 13783 13395 -2134 9898 13975 -4790 -860 -16413 -9849 -3559 -10048 16642 -4394 -11043 5791 -4551 -2552 -3237 7344 -14930 -9422 2068 4149 3851 -14937 13228 14647 -306 6538 -11855 5345 1089 -6955 -13174 8608 -3200 -9540 10681 3137 -12015 -14961 -14138 8409 -11397 -275 4577 -16192 15855 -8165 -13535 15697 7223 6445 -970 -1396 -2180 -11716 -12478 10125 -1645 -9433 6220 -10227 3941 -9108 12101 4804 -9722 -57 3535 10051 -2203 -9762 -9370 8021 -7223 -14688 13953 6512 3740 -15257 6976 -10962 -16277 
486 -14412 -3975 -13670 2550 14932 18668 -18309 -6084 -22699 -9875 26901 834 14636 -4939 -17661 15194 -8865 -6598 -15289 -19265 -3817 -17411 -31042 15506 -17332 10830 -20320 -24659 -5891 209 18225 21968 6913 -26487 14263 15193 23715 6043 18726 5719 -10819 -31365 4625 -4212 -8067 -27356 -23759 23470 -20326 1916 11790 29397 27955 -3049 -8486 13213 -23121 3982 7869 -14653 13150 -13798 -13039 2175 1120 9279 3764 13467 -22396 27689 -26575 6412 16090 4285 -12476 7750 10713 -20386 3747 -32205 -24946 16877 13561 -1159 -26501 -31891 -27905 27137 18768 -5675 14578 23924 -7998 13926 596 1132 -8505 -30197 14193 21376 -9030 -23187 -2765 23909 7427 -19967 -19818 -17027 28782 -16200 -31842 -5795 -22355 13988 16753 -29163 -7512 -8353 -25775 -24786 21875 2912 14496 -24572 6323 -29055 16698 
-230 2744 -3328 12454 1147 9084 -4380 -2109 -3810 10325 -7053 24089 176 4245 3316 -8046 -8188 2389 -4213 4172 9110 -2913 -6883 -9184 14636 11871 3632 -5089 -12078 -3783 19 2375 -8102 -5354 -11265 -7415 4031 18771 2023 6866 1456 7218 13656 1811 -3329 -6197 3348 -13486 18809 5583 -94 -11097 -16604 -5706 1757 -8099 -3329 14642 1322 -2054 2144 -2441 -5811 11164 -1175 133 2208 831 -11536 -16989 23258 466 2404 -10939 1313 -779 -3091 -8094 -10063 -688 17619 -15280 3036 -9344 994 21486 -15379 18238 -428 4926 5270 13255 -11202 6208 12536 247 418 473 2417 -1774 -14362 6462 -13463 261 -12934 2649 11710 -4479 8893 19973 -4463 17753 19 -4532 8063 -2116 16326 4037 -3842 10676 20878 17504 1087 3109 21499 2530 18265 -15587 
58 23 -1 -2
17794 -27021 19500 14526 -28152 2316 7553 25334 -19057 -18673 -14983 -3624 19456 17660 -21056 -5220 -16488 -30556 -13351 -3365 -21841 -21285 9013 8810 -9856 -12173 14193 27145 15643 -27751 -25418 -12803 29162 -22569 -8422 550 -22112 -1129 17440 12874 27907 16901 -19290 -12902 18153 25365 2845 7548 3156 -8846 -27162 22457 -3795 -24543 16486 22275 -19647 -30521 9502 -27988 19478 21032 23361 6716 -4562 22402 16574 17695 13424 -17247 -22743 298 -14144 14166 2534 -9496 25953 -21922 -2266 8795 -10662 11196 -13508 29040 -799 -28812 -13999 30010 -17370 -20310 -30640 -24929 -2673 -25081 -12390 -23537 21583 13087 -12151 27561 -18113 14155 -26805 27767 21939 -7422 28872 14241 13034 9180 -8823 -8125 21817 -15112 -16784 19471 6915 18931 -22131 17845 1455 -29225 23928 -10774 -27569 -20563 -29723 -5031 
-27644 30818 11082 25220 -18841 31135 -22954 -6764 16728 -4882 -31026 22050 21951 -25703 -31958 -19873 16433 21167 26365 29621 2844 -1096 30675 -10461 -1343 -28775 14560 -9034 27407 -7900 -27847 5130 21945 -1121 25508 4640 5928 21562 -6808 -32391 -30042 29198 -32555 8947 -2719 -21722 -22318 -15948 -3400 23981 -6045 27791 -26964 32497 1327 28724 8148 26054 26482 30637 -19507 4008 12847 8428 18237 27292 5088 151 16192 -22336 6097 -31390 -28328 -8655 9084 -6673 5640 -23536 -23182 7922 -7756 24404 9075 -9353 -8371 24581 -26611 -13105 -23688 -21520 -21214 -22351 19472 25738 17900 -8505 -20984 -4798 608 31918 -1732 -26895 -24318 17220 -4573 14059 22868 10675 32681 28285 -12800 21236 -1344 -31238 -13785 -4134 -9838 -28090 31572 4102 -7782 -24094 -20696 4466 26795 8996 31144 31301 
-12031 -20367 5285 8960 12973 1764 -4240 -4191 -7797 2230 11370 -1954 10445 -11102 16458 2537 -6627 -15819 -8609 -2438 -1519 571 6762 -2254 324 8567 5054 -5998 10486 5362 17312 -1606 15652 619 -5254 62 -3206 -595 -2904 -10199 -20505 12069 15359 -2823 -1207 -13476 -1553 -2944 -262 -5188 4016 15264 2503 -19507 535 15649 -3915 -19449 6154 -20972 -9293 2062 7340 1384 -2035 14953 2062 65 5316 9422 -3391 -229 9800 -2999 563 1550 3580 12619 1285 1704 2023 6683 -2998 -6643 164 -17322 9111 -9619 10063 10690 15898 13628 -1273 -15788 -5424 4896 -11077 -1536 -181 21515 767 -9311 15943 11694 -2454 -2552 16148 3718 10418 6351 2762 -4220 -717 11546 5659 -1969 -1664 -13006 -17089 1790 -277 17222 -12112 -1177 -18067 -4524 -22641 -3852 
59 26 18 20
-5472 6333 -10654 5069 -5828 3166 2018 -5821 3222 -7296 4371 -1121 -10638 9956 -4928 3648 -5516 -1634 3411 -6234 944 -6028 8706 330 1317 -9165 4804 6100 3736 1585 10949 -7175 -9934 -920 6038 -3175 -7631 490 -1740 -4323 9226 -418 -6721 -4443 6834 -8751 -7856 4811 -4963 -6225 -10546 5769 -8851 11069 -6027 -8446 4533 -9 2540 8590 -341 7936 7949 4064 8962 1205 9368 9768 -10640 6849 6400 5216 527 5658 -1713 1622 -4587 568 1747 -7537 -1991 -6560 8927 -10680 -9701 8259 1747 9979 2290 -10204 1333 882 -7570 9121 8941 -3155 1688 2776 10046 -4538 39 -8598 -8539 8061 9580 877 -1551 2650 5988 -1498 9879 11077 7029 7152 -10432 9957 -11230 -10807 -1851 10097 10459 -5359 3523 -10726 -6348 2728 6981 -659 
26941 19475 31408 -5842 3472 23110 30966 4473 18341 3596 24976 -31100 -28599 -8270 -7250 -26157 13456 -25257 -20369 13450 -20633 5058 -16802 4901 2391 -15932 -11364 -25446 -32387 31944 -5914 -25639 -20198 -22385 20539 17535 11191 8917 -8441 23181 23129 -19558 -9596 24118 14374 -27335 25619 15993 25511 7450 11683 -28898 -22408 3783 3196 -26580 -20236 -28626 29512 23062 -19139 -18892 21189 -26015 9712 -31910 32234 22342 29952 -3902 -15718 1354 2538 28773 833 -18821 -7513 19279 -17594 -18666 2459 23443 3097 -10354 2235 21176 -4437 -20155 31039 -11062 -7679 -19365 29079 23895 15284 -29796 23598 29932 16543 17844 -17552 260 5448 12342 -19860 -22889 8921 -10844 17575 30752 5802 26670 -24268 7183 -21240 -8883 -4890 121 -17367 30336 -19873 20623 -5088 -2147 12289 -3549 477 28994 
-8744 7315 -19847 -1756 -1200 4340 3706 -1544 3505 -1556 6475 2068 18045 -4884 2119 -5660 -4402 2448 -4121 -4973 -1155 -1808 -8676 96 187 8661 -3238 -9207 -7177 3003 -3841 10911 11901 1222 7356 -3302 -5065 259 871 -5944 12657 485 3825 -6356 5826 14188 -11937 4564 -7510 -2751 -7308 -9888 11764 2484 -1143 13315 -5441 15 4446 11750 387 -8893 9990 -6271 5163 -2281 17911 12944 -18902 -1585 -5967 419 79 9656 -85 -1811 2044 650 -1823 8344 -290 -9122 1640 6559 -1286 10373 -460 -11929 4216 6695 -607 -1013 -13056 12927 8105 5576 2363 4928 9857 -4803 -41 -133 -2759 5901 -11285 -1191 -821 -1704 6242 -2732 3400 17522 -10118 3047 13142 -5246 3257 -78 1907 18168 -12328 -6555 -1063 1366 -4627 -574 198 -1133 
60 28 -2 4
-1189 -2686 2802 -8 -2436 -980 -1690 -874 -2042 873 -815 494 34 -645 -2067 2977 -440 -2102 -292 2565 -543 639 -2863 3041 780 -2874 -3070 -2350 724 -1711 36 -1576 -589 -1209 -1373 -779 2792 -2993 1941 -1668 3094 2326 -2310 -2782 784 -316 -2869 -592 -1996 -2104 -1558 497 -1504 2949 33 -3037 2648 -1133 2003 2034 1947 -943 684 27 2448 -2292 735 493 -1704 -674 -499 -1255 -3019 -82 -478 -2110 -377 2117 772 -1107 404 785 1867 -163 -345 1612 970 2847 -2705 -986 -2822 -3079 2453 -1746 158 576 -115 -609 -555 953 -347 878 -2707 2100 2686 -2470 2289 -1355 2711 2451 1030 963 13 -511 -740 -3064 271 184 -2871 -1561 -2428 -1592 2154 3068 1660 -2910 -2433 -851 
-28743 20334 -24610 -23207 -31424 958 6466 -14148 -23349 19178 -17417 24713 30155 -19037 -29959 -5082 6810 6948 17434 -29113 -18655 28580 26490 -29040 11926 -8563 -11136 4858 -6712 20989 -3767 3019 16055 -12102 30606 18605 18890 1998 19784 -32515 -15305 -8508 -5211 28900 -32661 20639 -31298 30077 8670 -20384 611 26985 -6752 -4223 -28178 -29193 922 31348 -14587 -30606 -29890 5936 -10533 13901 137 -503 -18621 -891 -10524 -1690 -26073 -11491 -31073 6975 -18483 -31039 -8715 -5040 -15994 21453 -20188 -19081 -20861 31522 14002 -14567 22375 -12099 18066 -31540 12266 9610 -31091 4559 -31684 5916 22526 12845 26191 2898 29771 -2737 -9134 609 799 -4371 -22714 -8049 -2965 32734 -17139 12661 -21251 -2794 -10817 -24316 18967 -18267 5860 -13788 18071 -13621 16173 21898 -26835 28338 -1683 1768 
8148 -13021 -16440 44 18250 -224 -2605 2948 11367 3992 3384 2911 244 2927 14764 -3607 -714 -3482 -1214 -17803 2415 4354 -18081 -21054 2218 5867 8151 -2722 -1159 -8562 -32 -1134 -2255 3488 -10019 -3455 12574 -1426 9155 12930 -11290 -4718 2870 -19168 -6105 -1555 21408 -4245 -4126 10225 -227 3197 2421 -2969 -222 21138 582 -8468 -6966 -14842 -13875 -1335 -1718 89 80 275 -3263 -105 4275 272 3102 3438 22365 -136 2106 15614 783 -2544 -2944 -5662 -1944 -3571 -9286 -1225 -1152 -5598 5174 -8212 -11651 7414 -8253 -7054 -18183 -1898 -1194 812 -618 -1865 -3466 658 -2463 -573 5895 305 512 2574 -12396 2600 -1916 19128 -4209 2907 -66 340 1908 17763 1225 -801 -4011 5131 -10461 5170 8306 16017 -10620 -19660 976 -359 
61 34 7 17
11120 -11118 1180 9707 -7532 -5017 -10755 -2954 8152 -14099 -14691 7920 382 -3844 6921 -12329 4801 -3343 9422 -4374 -13200 -13002 -8425 9560 -7699 -3866 11816 2845 -4648 -2664 -9690 13694 -14414 447 12034 5658 -9101 -14521 -10798 -1753 12628 -2122 2636 8579 250 -12497 -2674 -4172 -9249 -603 11562 -1692 -9075 10252 9701 3481 -904 -9471 -11359 10852 -5254 8216 -465 5349 11562 14080 4012 -7299 -12260 -714 -2674 2563 -10489 -753 8269 3523 -10901 -6085 -13120 6725 -2609 -1721 7005 2881 -11349 15222 -13113 5733 -3806 10192 1494 264 86 5427 -511 11537 -8988 -7912 -15005 -14170 13599 11372 7282 6387 -1006 2173 14412 14031 154 11129 -7043 2329 8636 -469 1474 -1639 13940 -6216 -8635 11762 13686 -1127 -1984 9502 -12475 -6652 14122 -9385 
13814 17109 15731 28618 23651 21558 24963 9046 -27386 25955 18804 29176 -31811 -7935 12542 -15136 -7057 14413 -2206 -26599 -1774 -29835 15204 68 10036 17491 -22130 -24795 -6870 15672 -15743 2909 -30842 -24281 -11953 -6055 -13877 17019 -19018 8587 16675 8287 7139 -14530 -30262 12446 19453 3738 12172 28910 -20815 -20515 -7526 -10213 7784 -4849 -8420 -19084 32564 5932 27398 -9769 -8385 -8217 -28258 24487 -2969 3855 24073 9768 13320 -29199 -25508 13967 -3078 17098 7205 -13415 6964 -17193 11471 26028 -20504 18817 9933 2691 1603 -21028 -25604 11885 22914 29998 31320 28256 10173 -20767 -31702 9134 22651 -14155 -31328 29346 31645 -16183 26699 -1189 31724 30958 -23581 1432 -13733 -7218 18183 1790 -11407 29564 -2230 6644 -9465 19628 -22655 -21431 15139 -10527 -31619 -18787 4028 28191 
9156 -11338 1106 16558 -10618 -6447 -16002 -1593 -13307 -21812 -16466 13773 -724 1818 5174 11123 -2019 -2872 -1239 6935 1396 23122 -7635 39 -4605 -4030 -15586 -4205 1903 -2489 9093 2374 26498 -647 -8574 -2042 7528 -14730 12240 -897 12551 -1048 1122 -7430 -451 -9271 -3100 -930 -6710 -1039 -14345 2069 4071 -6241 4501 -1006 454 10773 -22047 3837 -8580 -4784 232 -2620 -19474 20550 -710 -1677 -17591 -416 -2123 -4461 15947 -627 -1517 3590 -4681 4866 -5446 -6892 -1784 -2670 -8561 3231 -6719 2442 -1253 -7186 5808 7220 2040 472 161 9140 -310 -14281 16984 -4308 -20258 11955 -25393 19891 13735 -6161 -1601 -154 27252 25891 -216 950 5765 -1002 9360 -50 -1002 -2888 -1853 -2462 4872 13761 -18481 1440 -1790 -5962 23511 7449 3391 -15770 
62 38 16 29
-15500 8708 9349 -4511 -22350 3382 -15559 11148 -16873 -5290 16067 599 21360 -2917 10843 1182 8695 8682 -2866 5514 -7414 -13612 12624 2968 -14784 -11661 6545 14786 4821 -7611 15694 -14974 13304 6357 -3224 10896 -14070 -22823 -8138 -17424 -17785 -852 6550 19928 6226 -19204 -15365 -560 4195 -7607 23112 -2250 -18288 -20156 -7148 -7022 18676 -7210 21271 -22967 -5827 22498 -14542 -18587 -10293 -9867 -3442 1774 12549 7645 -15323 -7816 22951 6236 23001 -21142 18877 9871 -16632 11088 2511 -17315 3859 -22008 -2104 9218 14996 13090 -1487 -3521 -21570 -21990 -15443 16942 16190 16974 -22358 -11962 -1930 3929 16166 14243 20133 14050 -11784 16169 13586 14353 4735 -8261 2305 -8573 -15734 -8365 -11347 -20368 -23610 -2051 -20424 -8283 4683 -4168 13835 11889 -16003 -5444 -23514 10451 
-14741 -25920 -14816 -16539 3901 7893 -9137 30851 -12538 10144 -10472 22152 -22549 -5301 32571 -27533 -26867 -19422 11670 6725 -2406 28532 8512 -21842 26981 3792 12394 25729 26177 -2122 -24573 9329 14612 -20604 -14281 27665 -25300 -5339 22827 955 31560 -23219 5373 24755 -7534 14199 21184 13028 -22703 -8088 -11822 -7682 -19568 20534 -23653 -8020 7453 18716 22946 16874 5019 -5077 472 7280 555 24753 -1487 -6592 -13404 25346 22176 23366 14245 32523 2835 17974 -9632 -27348 3989 8982 15545 -21809 -25980 12963 24052 -28353 -18802 -27895 13265 8023 16464 -31982 29699 -17542 18222 -30323 -19292 27208 -979 -3981 194 -2496 -27844 15848 -21857 -18717 -3811 -9853 19567 -3760 26451 29261 17484 25379 26762 20329 -23072 7073 -13561 -32020 -5820 -23605 -16896 -19693 11899 23574 -20614 6324 
6809 -6727 -4128 2223 -2598 796 4237 10250 6305 -1599 -5014 395 -14354 461 10525 -970 -6962 -5025 -997 1105 532 -11575 3202 -1932 -11888 -1318 2418 11338 3761 481 -11493 -4163 5794 -3903 1372 8984 10609 3631 -5536 -496 -16728 590 1049 14702 -1398 -8126 -9700 -217 -2838 1834 -8143 515 10665 -12335 5039 1678 4148 -4022 14546 -11550 -872 -3404 -205 -4033 -170 -7279 153 -349 -5013 5775 -10127 -5443 9743 6044 1943 -11325 -5419 -8045 -1977 2968 1163 11254 -2988 -8502 -1508 -7789 -8403 -10882 -588 -842 -10584 20960 -13669 -8857 8792 -15339 12855 -9700 56 -466 93 -1059 -16707 6636 7676 -9019 -1543 -4215 2761 926 1817 -7476 -8198 -6327 -9050 -12340 16234 -432 8254 7904 -812 2932 -6966 -6978 -5675 -3825 14446 1970 
63 42 18 35
1858 -14500 -22379 -19458 -16254 1886 19248 9422 26654 -6065 -5886 9424 12937 8116 -296 8602 4008 -8611 -1751 26762 14316 -24344 -20847 -15723 -14801 -9357 1305 23988 223 -8556 16944 -15202 -1680 -25453 -23642 -1430 -10530 16780 -17244 23961 -4947 -4468 20342 14687 23658 -22782 -15853 -25345 -18126 -6212 -16217 -9408 12103 18727 9568 -7394 20070 17753 9628 -10950 -13750 3367 -22211 19923 -25593 15478 17794 8435 7644 3395 17350 -11472 -14718 18886 13252 -18011 -23448 20320 20551 -13330 14574 -12298 -8291 14863 2316 9560 1988 -24692 6646 -12753 -12671 3322 -18056 22488 -9447 -17076 21720 -9592 5802 -12679 10903 15247 19409 -23457 26230 8371 6146 -6595 -26240 -22287 -13882 -24860 -7303 -20140 9844 -4612 -5996 1063 21359 -4616 -10036 -25367 25733 16382 22816 -16441 4986 -26324 
-13476 9205 -10682 26908 15414 -17386 -2410 -28462 -6338 20056 -22637 15909 1327 29350 2532 5380 -28258 -11480 15048 30653 -16214 16522 -32579 28064 18467 6547 16708 23538 -17635 -10135 -1555 -3113 -5480 -19081 13815 -15760 31022 14192 10026 -13863 28659 -31266 -31419 22943 7904 -168 -22468 19592 -2336 30086 12142 -4764 -32538 16546 27089 -24433 -9855 14151 32333 19967 -11478 27942 -30187 26335 -22779 15400 -30608 10505 18748 -14327 -5943 28917 2684 -22194 14888 -14609 3530 -13535 32531 17806 27307 -26276 -16257 27204 21808 -28806 5120 -31531 -12476 -3229 21678 9781 -31165 -7081 16905 32359 17520 -20428 13451 -24129 -21250 15296 17274 -30204 -20190 17828 21109 17523 -20052 -27728 5617 -15950 16534 -4346 -9924 11905 14301 -663 29603 -125 -13340 1964 -29701 -20430 -7564 20484 -25895 -14090 
-746 -3978 7124 -15604 -7467 -977 -1382 -7992 -5035 -3625 3971 4468 512 7099 -22 1379 -3375 2946 -785 24448 -6918 -11987 20241 -13150 -8146 -1826 650 16827 -117 2584 -785 1410 274 14474 -9734 672 -9735 7097 -5152 -9899 -4225 4163 -19047 10042 5573 114 10615 -14799 1262 -5570 -5868 1336 -11736 9234 7724 5384 -5895 7487 9278 -6516 4703 2804 19982 15636 17374 7104 -16231 2641 4271 -1450 -3073 -9886 -1177 -12492 5880 7842 -2467 -8197 19924 -7074 11860 9630 4017 12050 1505 -8207 303 23203 -2471 1227 -8186 968 16770 -4746 -4759 -16468 11341 5840 2326 9117 -6905 6950 9992 21115 -15783 4448 3866 -3444 15681 18417 -2324 11817 -3599 2609 -2911 -1636 -2556 -21 18844 17 3990 -1485 -22778 -9974 -5143 -10037 -3848 11054 
64 42 18 35
-9912 -16644 -22423 -1243 -18772 -18587 -989 -14399 -32134 9516 -17093 8900 -17770 -23574 30273 -12598 -1751 -26333 -20248 10704 -4484 -31839 -14872 -12954 31785 4983 -27627 27762 -13550 -12286 -2240 23125 -4359 17369 12716 10314 -27111 9403 30909 23287 -6311 8728 -27028 3963 18751 16680 -20696 9881 -11725 21137 -2477 -9658 30556 -29908 19905 -10102 6400 15777 25690 -12743 -16002 -6359 22963 -6427 30297 -14631 -12568 3674 16769 -21984 -16820 26467 -5107 -13154 10019 18387 18954 31421 -23633 26762 21150 299 -18854 11023 30841 -13476 -12245 -32276 20466 29281 -3911 -17707 -19889 804 3999 -32031 -8363 10461 -12281 -23148 30038 13606 31183 22088 -5705 19076 25167 -4705 -28375 13343 1518 -10855 -6184 -23164 -31313 17715 -32071 -30337 -7623 -18670 23243 21104 -30549 11896 7001 -8939 27887 -25786 
-21029 22785 16720 -3952 11778 17921 10537 -15425 -28172 5612 -16327 -27648 -22088 26658 24002 -30756 -6391 10091 -32446 28146 -14477 23980 -16167 -7463 -8617 -17406 -20478 -15042 -12699 -19485 -9199 -26393 8669 32393 -5400 -5232 -12774 15845 -14424 30156 -29488 17565 -27813 -4487 -23950 9220 28002 -12421 9957 28311 -26606 -15043 -13522 -8884 -9266 15022 -23751 -21368 14663 -5158 -17829 -21880 18449 -9192 28394 11736 203 -23375 -12289 16224 -23527 26903 -10251 7156 18328 -8091 -12844 -19246 6915 -24004 -29790 -5904 -24035 7883 -10511 -20788 13182 -4637 21139 32024 -9704 26155 12114 25112 31522 -26525 30077 -11834 -15168 -5567 -15255 20683 12883 30832 30602 -19640 -29487 -29659 19101 -8320 -28768 2663 19991 21035 6243 -25465 -31201 -430 -23372 -30286 -13589 -11731 26688 -2902 -30869 -1449 6397 -27422 
6212 -11302 -11173 146 -6589 -9927 -311 6619 26979 1592 8317 -7333 11698 -18729 21655 11547 334 -7919 19579 8979 1935 -22754 7166 2881 -8163 -2585 16861 -12445 5128 7134 614 -18189 -1126 16768 -2046 -1608 10321 4440 -13287 20928 5546 4569 22403 -530 -13384 4583 -17271 -3658 -3479 17834 1964 4330 -12314 7919 -5497 -4523 -4530 -10047 11226 1959 8503 4147 12626 1761 25638 -5117 -76 -2559 -6141 -10630 11793 21220 1560 -2805 5473 -4434 -7255 -18022 -4870 -19145 -18777 -53 13505 2590 -9661 8349 -4810 4460 12893 27945 1131 -13802 -7180 602 3757 25321 -7496 -3689 5552 3840 -13656 8387 11973 20296 -5203 -11166 -22116 4159 -16153 -3308 -1301 -861 -3684 -14521 -5826 -13444 29822 389 5310 16851 -9413 -7378 -24298 -1029 -6441 386 5317 21073 
65 41 18 34
894 -11336 -15327 8284 -8299 24574 1782 10206 -8539 14257 4521 4561 28451 24454 -16564 17671 -29108 -17762 -12207 -28497 -6646 -26806 10058 -1905 -20204 16334 -22826 -29941 23261 -2627 -7575 -27040 22845 -29168 -12504 16508 7493 -2808 -12282 688 10000 26594 -18025 -23669 11144 14415 -9984 -14014 673 12660 13467 -7298 -26500 25631 28136 -13869 944 -17744 -1286 2373 -1683 24591 -29837 -687 -5530 -13558 21631 -14936 26656 -28738 5319 902 -6534 21632 -7030 -2533 -10069 13175 5378 21399 -5376 26541 -28241 19759 -17274 6865 23043 -10697 25935 -26053 3995 -940 11758 9326 8102 1238 -14611 -20842 -24258 27206 -9117 -19995 10905 10375 -7855 13375 9438 3334 1800 3546 7766 21337 21541 16467 27218 -22513 25810 -29510 4409 18299 2721 20428 22702 -8045 13650 -20515 -17228 -8089 
17299 -10570 28872 -7879 20300 23556 -19500 -32341 -5307 -24661 31692 -24599 2807 5240 -28610 20726 -15973 21357 9374 -11458 -2227 6894 14524 10218 27581 26000 13626 -1289 30231 -22142 14309 10974 -16811 19960 6088 17389 22104 -10267 15010 -10434 -28845 -11001 -19653 -4594 -18310 31412 -13699 15639 23805 23315 -9522 -9587 -24198 -1056 -20001 13229 -5685 26438 31819 -3863 -23288 22299 30632 -339 -28718 26776 11186 -14873 21222 -8518 24395 -19142 16380 -10347 -24637 -5715 -32103 11046 18682 -5333 29228 -2252 -30144 3748 -23454 13429 -1098 22297 -22120 6037 -29638 -17264 -31815 -15579 25089 -21068 15841 -29875 -12227 19836 24751 -3959 30603 -23957 1109 -4939 24222 6447 -8425 -10447 12529 -25169 9813 -26046 -11034 22328 28150 -20307 180 15457 15016 -16844 -27475 -740 1597 -10567 -10150 -17242 
461 3571 -13188 -1945 -5021 17252 -1036 -9837 1351 -10478 4270 -3344 2380 3819 14123 10915 13856 -11305 -3410 9731 441 -5507 4354 -580 -16607 12657 -9269 1150 20957 1734 -3230 -8843 -11446 -17351 -2269 8555 4936 859 -5494 -214 -8596 -8719 10557 3241 -6081 13495 4076 -6532 477 8797 -3822 2085 19111 -807 -16771 -5468 -160 -13981 -1219 -273 1168 16342 -27238 7 4733 -10819 7211 6620 16859 7295 3867 -515 -3190 -6671 5162 431 9633 4337 2994 -3401 -4683 -1781 25371 2207 12074 2747 -754 -7108 -17097 -4687 -3529 484 -11148 -4330 6058 -777 -6898 18557 8839 16083 -6725 2359 9946 -7407 -260 -1969 6813 641 -452 -1104 2900 -16005 6300 -12782 -8950 -14981 21653 17859 24 8430 1218 -10255 -18589 177 650 6461 5211 4157 
66 26 11 12
22886 13744 15773 -28819 -4761 15965 4644 17333 24173 -14132 -14921 -9977 5343 -4374 10618 23783 -16968 -2116 27270 -26280 12951 -5759 -18022 18698 -1850 -28305 -17973 -7224 12507 -9755 -29512 -18123 4532 -20314 -7093 -16734 -3754 27552 -7897 21930 4930 -27168 -5905 -25039 7315 -1622 14776 1071 -25680 -5077 9582 -16409 9225 -5624 -17929 13528 -20729 3868 4547 10993 -7060 27504 -29902 14956 -5818 3212 -12108 29702 -28030 12175 -11151 21322 -24890 -8261 -25738 -22788 17681 12791 7820 -14866 -15320 -11227 15953 -15734 -17738 13721 -23449 -8057 22080 29879 19745 23662 -18821 -29979 8971 -1865 -21814 -29422 -15366 -7344 28773 27877 -19535 20240 -7774 28706 -5329 -26481 -18479 -5202 -13049 -1430 3449 8240 11637 28923 -21911 477 -20026 725 28913 -19337 11324 23917 -25595 -18243 -17970 -4524 
24476 -1978 -20691 -4408 -13022 -17796 -29619 -19086 -17352 15804 31037 -13005 5490 17634 -11750 933 21625 -28553 5868 30784 -2213 18912 -15659 22191 23581 -22539 -4662 -13731 -12773 455 -3163 -30784 31098 1337 26415 19934 -19657 -4150 28232 -495 14133 28558 20246 -8776 17265 -26652 -22621 5757 -4638 -22830 -31663 -19549 31601 1421 -29481 -16563 -31729 -29155 27826 15436 -9433 -30905 -4383 22464 -30164 7033 -12914 -12566 -16102 -10101 -10057 -23638 2724 -15502 -3120 -5331 11292 -9489 5600 -8787 -15094 -8835 -4577 1582 16883 1415 12655 -25352 26255 -29953 -31537 21645 15249 -13705 15534 -8496 2167 27852 18285 11889 -13737 -3520 -31022 -13548 24439 13208 -10204 -13037 -23242 -21421 8877 -17694 -17590 -30384 -15548 17382 2772 -25355 -28821 10027 -22549 -32096 27942 12487 10465 -28832 -22233 8092 
16148 -784 -9408 3662 1787 -8190 -3965 -9537 -12092 -6438 -13350 3740 846 -2224 -3597 640 -10578 1742 4613 -23322 -826 -3140 8135 11961 -1258 18391 2415 2860 -4605 -128 2691 16083 4063 -783 -5401 -9616 2127 -3296 -6427 -313 2009 -22366 -3446 6335 3641 1246 -9636 178 3434 3341 -8746 9247 8404 -230 15237 -6459 18960 -3251 3647 4892 1920 -24504 3778 9685 5059 651 4508 -10760 13011 -3545 3233 -14529 -1955 3692 2315 3502 5756 -3499 1262 3766 6666 2859 -2105 -718 -8633 560 -8555 5888 16712 -25800 -17951 14765 -8274 11844 4017 457 -1363 -23623 -8100 -2517 -11394 -2829 17470 -7905 -5477 10930 1568 9952 12381 3212 -3339 729 -1749 -7217 -5216 14493 -1751 -349 16639 210 -18795 17892 9122 8609 -7722 15163 11517 -1055 
67 42 -4 13
-18012 8286 23207 -6926 -5492 20462 15808 -19600 -2879 5470 4429 -10759 6519 -13301 7031 13102 -13121 -13415 22911 18016 21752 5431 5104 -3293 -17527 -7990 -4418 20124 12572 -17520 -89 -14772 18217 -19151 -11440 18660 -21382 -2278 -6644 -16862 1542 -10777 -7991 21935 2916 12420 -20021 10727 -21813 18903 1318 3908 -12038 11155 -4615 4248 -22534 4 3827 18386 2604 -6639 -1580 19268 20507 -18662 -13732 7125 11070 4006 -18811 8251 14341 3034 6707 -9764 -17016 7148 22847 10383 -21862 -9664 -14244 3660 -12880 11994 -664 16069 -11798 -15983 16907 -15944 -8586 -17765 11957 22520 11263 -15992 -19677 6809 10968 -13516 -15733 -19372 1694 -4136 -1376 -20982 6497 -19159 6122 -564 17352 -8730 -3830 22081 -6242 10290 5823 -13589 -9839 -14469 13147 -6907 317 -12997 14038 10384 
-24435 -15789 30701 -30778 8387 -8922 -14384 -3147 -14926 27843 -16408 -5450 -6747 -25620 2152 24164 -4871 15313 -30874 -23940 -5571 -4726 -7286 26535 -20547 -11534 -27000 -26212 32453 880 -1573 29682 19471 -2659 31255 -7038 11114 -8891 26266 22740 10303 16310 23801 19934 -20044 -31341 12115 -1618 -13007 3318 -23430 2066 -4463 -30119 13946 16716 -11126 -1053 -3444 7191 23888 -13515 32154 -14755 -9591 -24230 -31654 18661 -20246 20987 26776 7945 -559 -7091 13957 -20091 2137 -19014 4565 -10626 -16166 -17811 29991 -5159 20878 24716 30870 -8893 25479 -31413 -21207 -29657 -27793 14879 31656 6218 -23569 -3766 25110 9284 -26002 16530 16141 12542 -13585 1890 -14009 12272 18587 7263 -5442 29177 16387 21311 11016 -24359 -21178 -26542 -20375 -13269 -19466 24230 16579 13254 29641 -26674 21445 -6843 
13117 -3899 21234 6353 -1373 -5441 -6777 1838 1281 4539 -2166 1748 -1311 10156 451 9435 1905 -6122 -21081 -12854 -3611 -765 -1108 -2604 10733 2746 3555 -15720 12159 -459 4 -13067 10571 1518 -10656 -3914 -7082 604 -5201 -11427 473 -5238 -5668 13031 -1742 -11601 -7229 -517 8456 1869 -920 241 1601 -10013 -1918 2116 7472 0 -393 3940 1854 2674 -1514 -8473 -5862 13476 12954 3963 -6679 2506 -15011 1954 -239 -641 2790 5846 -1084 -4050 3108 -3288 10533 5130 -12731 -563 -8014 8835 -611 -4259 -8959 14963 -10686 14092 7112 -7878 11281 4173 -7911 1795 -14725 1884 -8499 -6658 -7568 -7241 -686 -233 574 -7674 3599 -4147 -993 -490 8474 -5545 -1257 -16030 3940 -8140 -3536 5374 5708 -10448 6496 -2728 280 10332 8972 -2118 
68 32 4 11
2549 -1752 18634 -20747 13276 9935 9204 7139 -13170 -3848 -1007 15303 -12869 -432 14694 -13149 8287 19758 -16187 -1095 17138 -6886 16293 -6677 -6861 18773 5485 -13829 -16866 -19421 -8649 11011 104 -18173 -8434 -17754 -461 -3690 8880 -3806 5728 973 13043 -9855 -928 989 -13097 3746 1964 2753 20585 -11433 11270 -15729 -6340 -18779 13951 -11667 -10616 10746 -9290 9755 -5809 -18868 18363 1230 10934 -12951 -625 -18545 6979 8649 -942 -20236 -17442 -11060 -18661 4152 -513 12435 8805 -5981 -501 -7013 5921 -20589 212 -13555 2481 3434 -10125 1306 18816 1520 -14217 11626 5801 -11680 -11026 11158 -15935 -12198 -16089 18575 -1663 -7971 -7385 -14407 14966 12305 18620 2875 4613 -5307 13699 7609 -8362 -7053 -9292 -20152 -2506 8515 15195 14129 -3413 15473 -20499 -6595 
-5374 -20272 4890 9013 -2938 482 22321 9423 -16487 24113 -26123 2301 -15930 -18012 -3507 -5238 -19830 23795 13174 -1314 17061 -16578 21662 9877 -7633 -14000 -1886 -23534 9310 -15249 -25516 -1998 -5491 9040 29086 -23290 17469 -20029 8062 10903 -32583 13288 26677 32205 -20596 30900 24565 -5166 -21094 12091 -22772 -10283 -13501 -29522 22721 10527 -28892 -5756 6462 25758 511 3530 6333 2150 -20017 29540 22985 5955 26528 4144 23802 12793 -13681 -3966 32008 -27933 -15936 -15317 -29186 12592 15747 -14105 16290 22517 -17173 8213 -9662 27513 -23722 -27501 14444 4415 27884 -3739 -2644 23936 16443 6173 32370 -28129 31085 31232 -24550 28138 -8227 -30672 10020 -5867 -10701 -8718 -28152 8763 6916 2792 32723 739 32377 23982 -17887 -7626 -30728 7290 -13042 6368 -11234 4335 -11464 -4101 
-408 1058 2716 -5573 -1162 143 6123 2005 6471 -2765 784 1049 6110 232 -1536 2053 -4897 14011 -6355 43 8714 3402 10518 -1965 1561 -7833 -308 9699 -4680 8826 6577 -656 -17 -4896 -7311 12323 -240 2203 2134 -1237 -5562 385 10370 -9459 570 911 -9588 -577 -1235 992 -13970 3504 -4535 13839 -4293 -5891 -12012 2001 -2044 8249 -141 1026 -1096 -1209 -10954 1083 7490 -2298 -494 -2290 4951 3298 384 2392 -16638 9207 8863 -1895 446 4666 4132 2514 -243 -4706 -3030 -5039 -61 -11114 -1754 -2814 -4358 172 15636 -169 1120 8293 2843 -2149 -10637 -9354 -14762 -11354 11771 15577 408 7286 -2205 2519 -4773 -3197 -15622 751 951 -442 13360 168 -8069 -5041 4953 4580 2295 1850 -5906 2681 1143 1999 7004 806 
69 28 5 8
28004 -4943 -12433 15376 14164 27831 -17505 -25127 12602 -946 5729 9533 -13539 -19076 12719 -25835 -19227 25865 -22044 25788 -17060 -32639 -4117 -8445 1547 6416 10874 9630 -3582 4793 16629 -20238 -1001 -12878 21605 30386 -29332 24667 25715 18745 -25828 12892 -27759 -17438 6915 -6184 20670 -18112 -28691 -30289 -18876 16882 -14609 -21011 13202 21391 28555 -2068 22733 15716 -32669 12746 30314 26913 -5500 14564 7145 31552 4905 -8579 -23818 -11945 23210 -5175 -187 -7107 -31659 1946 -13362 20685 5722 -15837 -4122 9670 21375 12531 4878 -801 -2066 31494 19434 12917 13582 17402 -2407 19805 21573 11004 -180 16474 -18397 21401 -16290 -32174 -14600 17155 -16353 -22857 -249 6433 17760 -28842 11162 2763 8110 -17657 -13858 -23022 -14667 -24395 -5996 -24527 7589 19204 9461 13831 -17190 -28706 
-14791 -12898 314 -8509 20464 -13265 30181 -6880 19911 -25384 -14097 -5268 5407 -20962 9963 25788 20038 -8116 14603 20801 26515 993 566 -28790 8213 -22636 31949 -16595 -9779 16708 25757 -11633 13917 -1431 -12740 -5628 1604 32662 -26691 4227 31106 10796 8739 -24081 1843 5411 -11008 31515 -9848 9069 12052 1341 32711 2376 32351 -20850 -13048 -7410 -22841 -7291 30386 -4509 -31850 24541 -8405 2552 5321 21032 -14276 12751 -32512 14974 -14991 8529 8304 22074 12635 24448 -20715 -18539 155 339 11961 22000 -29985 -19067 -12379 31619 25545 -29618 -12539 24866 -10721 5574 306 25440 -7615 -10172 4754 -23010 20115 -2161 -16940 -20129 -13161 -32260 5778 -20790 16258 6721 28667 -846 -5489 -29780 12539 -17707 -30317 -24654 -25028 11081 20853 -30666 23514 21320 1282 -32554 11097 2769 
-12316 1896 -116 -3890 8619 -10977 -15709 5140 7461 714 -2401 -1493 -2177 11890 3768 -19810 -11456 -6242 -9572 15950 -13450 -964 -69 7229 378 -4318 10330 -4752 1042 2381 12736 7000 -414 548 -8184 -5085 -1399 23956 -20409 2356 -23889 4139 -7213 12486 379 -995 -6766 -16973 8401 -8168 -6764 673 -14209 -1484 12700 -13262 -11079 456 -15440 -3407 -29517 -1709 -28709 19639 1375 1105 1130 19732 -2082 -3253 23026 -5318 -10346 -1312 -46 -4665 -11894 1415 8230 -11403 26 -160 -1466 6326 -19058 -7104 -1796 -753 -1569 -27736 -7246 9551 -4330 2884 -22 14981 -4885 -3328 -25 -11271 -11003 -1375 8205 19257 5714 -16456 -2810 14130 -120 1286 15139 726 -1822 -2447 3024 9297 12493 16877 10915 -8038 -3718 22365 5306 12174 361 -13388 -5672 -2364 
70 37 13 25
14950 -14181 1158 -17180 -14120 6065 -16801 9503 -21674 -8258 -603 17308 19216 21067 -15029 21824 9326 -7045 -7930 17529 -3194 6314 9921 -1082 13851 -11249 -19184 -16276 -22229 -11911 5207 19014 19176 -529 -21923 13676 16043 -1470 -19893 -17211 22041 86 15317 -12657 -19770 7914 8941 -17219 5911 -2024 -11671 -14702 -19240 15101 11559 -5285 -16651 13088 -15290 3327 17986 -5041 4796 9177 19548 -15795 20601 -14786 -5042 21676 12721 2505 -13496 7396 -19334 -16373 -12135 -7893 11241 2988 12894 20710 -21315 2651 12531 16391 595 11032 5057 -15013 17958 -9056 17131 -19568 10750 13048 -12804 21706 3215 6563 -11654 955 8070 -6794 -12622 8556 -18646 -3594 -10393 -7026 19057 -8862 -9545 -19144 12135 -641 8269 -2626 -9637 -19565 -14873 19692 15839 -12593 11739 -13419 -16048 11744 
17144 -31796 20912 -17271 -2618 -30818 -17238 -12925 14952 -1337 -898 -22184 -9315 10404 22851 -27999 -26126 27790 7394 4877 -14123 -17012 2330 -14866 29975 18812 -21611 -11684 -28064 29148 13562 -29299 4995 -27398 193 -9791 25318 -9470 27575 -23032 -21090 11610 -3652 -10623 -24440 -14563 24883 5153 -7802 587 -10271 -4985 32171 4042 281 -23097 22774 -19586 21007 26964 14732 -11163 31179 7250 26342 -30408 8504 14898 22963 14690 -28528 29148 -14445 530 21320 -20169 5134 -13622 32618 23163 -32305 -20106 7404 -5484 -24574 27171 -16600 -31143 -11243 -25461 -28777 10145 24558 -25575 -9362 5395 -10824 10004 -22314 -20075 -12616 4609 16924 -18427 -24112 3623 -22205 20384 -4920 -17672 23129 10203 -21966 15081 -2039 -910 25574 9567 -30051 4397 -31646 18739 12354 -24255 1023 -23182 -23149 20050 
7638 13438 722 8843 1102 -5570 8631 -3661 -9658 329 16 -11443 -5335 6532 -10235 -18211 -7261 -5835 -1747 2548 1344 -3201 689 479 12373 -6307 12356 5667 18592 -10347 2105 -16603 2855 432 -126 -3991 12105 415 -16348 11814 -13853 30 -1667 4007 14400 -3435 6630 -2644 -1374 -35 3572 2184 -18447 1819 97 3638 -11301 -7640 -9572 2674 7897 1677 4456 1983 15346 14314 5221 -6565 -3450 9490 -10815 2176 5810 117 -12285 9842 -1857 3204 10927 2063 -12414 -12410 -4703 -433 -9177 13273 -294 -10239 -1694 11392 -15401 -2738 12538 14915 -2999 2098 4130 6471 -2138 -3927 4382 131 4070 3731 9070 924 12339 -2183 1524 3700 13136 -2695 6249 -8604 -737 17 6302 -749 8631 -2564 14027 10997 5832 9103 358 9271 11071 7017 
71 34 6 15
-1629 14208 -22403 1753 -10267 -21417 9034 -11492 21353 20570 2985 3907 -349 25248 -11462 -12272 24476 2596 19180 -6783 9633 12341 -1876 9959 15576 19097 -15942 -24252 -7483 -25318 10980 3006 13648 -19086 25018 1308 -16678 115 262 -1088 4624 6605 -3190 17619 24600 2689 -8109 4865 -7436 -27581 13453 -15876 9758 15266 3440 -25189 18834 -21962 -17458 -19402 -22456 -20486 1982 10526 11994 -18301 -3420 15474 3948 2480 5506 -27826 -6112 2489 26463 -19965 -10798 9207 -24776 -11152 14739 19127 -4061 -21804 16290 -18980 -20159 -5665 -4165 7181 -24100 12559 26420 15905 11227 18722 12340 8036 -1365 -4467 -18114 3157 -25256 17817 16354 -14949 -24623 26976 -7179 18664 12246 -13363 9008 -12863 3215 19378 26931 -6087 -3131 12104 18352 21401 4858 -13978 -21144 21986 24432 -12180 
4795 1071 -29452 19927 11044 6720 -4726 26126 17124 -7653 -13352 16484 24527 -5731 -7995 2020 -153 -23013 9729 1101 1250 11850 -8472 -11982 17693 24392 9282 19204 -8 15777 -30615 22541 -8292 -17714 -9727 15617 22527 -723 9107 -2209 21297 -29142 10012 10029 11116 -24291 21109 -29062 7812 -25739 20677 -12120 -26180 -22259 -10085 -24144 -20639 -23178 -26199 2326 -25420 29348 -591 -20692 27463 23077 -31678 25829 17762 -17710 -11588 -8264 -26782 -24632 13554 -31222 -30953 -28477 -23927 -22523 19426 30392 20826 18931 27938 -13756 17204 25357 22548 -18788 -12882 14052 16439 -19391 -32003 12494 -5794 -27025 21320 4614 24451 14105 -10442 4585 -5148 -11595 -16228 29751 -30339 -24007 -17146 -31529 -2035 3629 -18484 -17735 28884 11929 -1448 -8349 -16347 10911 -882 17763 -18425 2770 -32599 26848 
-233 453 19664 1041 -3379 -4289 -1272 -8948 10897 -4692 -1188 1919 -255 -4312 2731 -739 -112 -1780 5561 -223 359 4358 474 -3556 8213 13882 -4410 -13880 2 -11904 -10018 2019 -3373 10076 -7252 609 -11197 -2 71 72 2935 -5736 -952 5266 8150 -1947 -5101 -4214 -1731 21157 8290 5734 -7613 -10127 -1034 18125 -11585 15170 13631 -1345 17012 -17918 -35 -6491 9817 -12586 3229 11911 2090 -1309 -1901 6853 4878 -1827 10689 18577 9961 -7814 17667 7486 8533 17324 -2521 -12302 13563 7781 -10336 -4281 -2799 -4021 9252 5259 12944 -9191 -10708 6971 -2131 -6472 -867 -614 -13200 1327 7860 2435 -2509 5166 11908 23918 6491 -13353 -6258 12556 -546 -1391 -1771 -10242 23182 -2164 135 -3012 -8941 6959 -128 -7400 11610 1815 -23736 -9746 
72 31 1 7
-22323 -8754 -8162 -12870 23042 2375 8837 -21648 8400 18782 -18861 -13528 -2497 -3315 5827 13625 -14397 3182 3030 -13103 14882 23077 8206 -10011 -11116 -5838 6006 -13422 -6992 2949 -3938 10858 9477 12706 16335 -1333 -17370 -18025 9579 -12688 7088 -17469 -15159 -7492 -7266 18430 -16554 515 -22859 5609 -12098 -22008 4568 -1800 -2511 -19264 -10560 860 13782 -21893 -19527 -18906 8022 -11889 10907 -7227 4491 4212 8992 17416 988 -16697 -6278 -2816 -2417 15871 1017 9800 5342 -10375 21466 -12731 8749 8830 -4860 -20563 -22382 -3173 -14385 16126 12075 -3750 -15870 -1254 13275 5591 -2704 -16958 7661 10026 13905 -11879 14517 -2350 8710 18954 220 -16679 -22744 -9005 -2471 1151 12667 -13682 13183 20221 7030 -15026 -21617 -19529 21561 -2654 -3268 -5346 -8141 -3331 16571 10922 
521 -7209 -24280 8153 14582 28707 -32751 -26977 605 -28335 13531 -2340 32015 15717 18216 6140 30830 3393 -21552 -5594 28064 -420 -20862 -173 14700 -19103 -22485 -30681 -29672 -6953 17852 -30408 19859 -16868 16754 7650 -21709 25036 23111 -7344 -3913 6046 -17059 -21319 -12974 27657 24502 -856 17261 966 29533 29145 11722 2612 6559 -217 -25339 -20349 -1232 98 -23583 17991 -29377 29211 24983 8266 27221 -31326 9442 9826 -21859 -32390 19581 17283 -28553 -23957 3421 18180 -18648 25188 3424 -11436 -29285 -15690 -9669 -31235 3847 11214 -31902 -1442 -1222 -13846 28412 -28500 20296 -8892 -21996 -3950 13751 -3401 -4580 7619 20641 21503 22160 -26944 982 10108 -23696 -8021 16398 -25569 12105 24548 5747 14966 12712 -18664 -25711 31955 -17960 23934 26568 5102 -18383 -30408 -8628 21982 
-347 1881 5906 -3127 10013 2032 -8625 17404 151 -15860 -7606 943 -2382 -1553 3163 2493 -13228 322 -1946 2184 12447 -289 -5102 52 -4870 3324 -4025 12272 6183 -611 -2095 -9840 5609 -6387 8156 -304 11238 -13449 6598 2777 -827 -3148 7707 4760 2809 15191 -12088 -13 -11759 161 -10648 -19116 1596 -140 -491 125 7974 -522 -506 -64 13724 -10137 -7023 -10350 8121 -1780 3643 -3932 2530 5100 -644 16117 -3664 -1450 2057 -11331 104 5310 -2969 -7788 2190 4339 -7636 -4129 1400 19141 -2566 -1060 13676 -693 -440 1547 -13438 1065 8029 -1482 1773 1996 3140 -1016 -1898 -2697 8930 -1506 5752 -15220 6 -5024 16061 2153 -1208 -877 4570 -10009 2258 9019 2663 8358 16564 -18598 -11540 -1893 -2588 -813 4460 3019 -4261 7155 
73 38 13 30
-117 -429 1428 -1220 1317 -1739 1088 1071 -1518 -429 266 440 1459 -993 -1784 344 -526 -1449 363 139 646 -508 -1065 -1717 504 -1662 573 -385 -599 379 1182 1640 -1398 -1061 1632 -791 -1546 45 425 1379 -77 570 -1571 -1689 321 -817 -1062 1002 1048 -157 -1085 -1046 1193 -1775 -903 1032 722 -928 -1531 -1748 1145 805 1453 -1553 -1450 399 1681 1104 1769 -668 162 -389 -1008 1730 1074 -1787 -1540 -81 -1581 336 1320 1664 -1336 -1497 -595 1081 612 -1281 -348 -1137 -1698 -1282 -854 -1278 1022 -1312 1510 106 852 1737 -66 1372 695 -321 -321 578 -1586 -158 -741 -1738 -1746 1058 -391 -1380 993 -1706 971 -1405 1769 -1194 -355 709 1404 -1487 -583 -974 -347 -551 
-22703 -20908 1855 -13368 -22892 -13908 28200 -7745 13955 -21370 -5835 -7456 19024 -22729 17477 9558 -12679 -21855 -28756 -27478 22024 27807 -524 -9442 -29106 9683 629 6390 5925 -6526 11747 -1050 28094 27196 -16643 6090 4596 21069 -14372 -20461 -3027 -58 13558 2793 3894 -10381 29422 3331 -13728 12690 -24742 -19232 -12288 -6683 -758 -15630 9034 13285 13422 -29218 -6678 23761 4512 24520 10905 -13477 -24637 -29285 -30828 22285 15497 20307 -17132 -2441 -23290 5236 -8477 -2643 -28511 17449 22242 -22970 -4930 -6431 5097 18423 23395 -4424 -30037 -23611 -3058 21 -6241 -6130 3020 -6795 -12442 27241 6932 -25910 27432 22123 -7268 15075 30966 26636 20283 -13854 27007 21662 31682 -31951 -3561 26781 1420 -27688 -1607 27354 -6566 -10957 7496 -25202 9668 -29078 10918 14067 9660 -15948 
1267 4277 1263 7777 -14376 11533 14630 -3955 -10101 4372 -740 -1564 13235 10762 -14867 1568 3180 15100 -4977 -1821 6784 -6736 266 7730 -6995 -7674 172 -1173 -1692 -1179 6621 -821 -18728 -13759 -12952 -2297 -3388 452 -2913 -13454 111 -16 -10156 -2249 596 4044 -14899 1592 -6860 -950 12801 9592 -6990 5656 326 -7691 3110 -5879 -9799 24354 -3646 9121 3126 -18158 -7540 -2564 -19748 -15416 -26004 -7098 1197 -3767 8235 -2014 -11927 -4462 6225 102 21494 2796 14000 -18226 3141 4591 -1446 9496 6827 2702 4984 12801 2476 -13 2541 3736 1472 4251 -8959 1377 2816 -21460 -863 14473 -2409 -2307 -4740 7341 -15339 1044 -9543 -17952 -26377 -16119 664 -17623 672 22524 -744 -18326 -5539 6238 -1269 -8520 6473 20618 -3035 -6533 -1598 4190 
74 40 14 29
-8817 6679 -14755 4272 28553 -19414 3510 -27688 11812 -26515 2416 12959 -9013 16479 11900 22777 870 -10465 -20763 -28164 -7217 -1799 16628 -19720 918 -26784 19806 -26362 209 -3734 20325 -24595 20480 -15188 9408 -21826 20405 9686 -12670 -25395 16499 2391 12447 2647 16304 19278 16586 24064 3322 -19440 -21691 -14415 -24383 28705 -8171 17242 14593 3734 11934 -27822 -12260 -24457 4942 -7253 21382 -25045 -18754 -2825 -23133 11357 -5471 16200 15959 -1644 -2585 9390 8570 -4059 14903 19158 12574 23330 -2012 24991 -7653 -13248 4231 -2763 24897 6768 14299 -8036 -19151 8651 -442 9418 18850 27055 -22716 4620 874 8479 -13831 -25623 14206 4965 10560 -10650 18211 2671 4253 -881 -6495 11992 -1942 -9911 416 -9249 -7499 16352 -6412 -18809 23972 -26856 11937 -17458 -7783 20703 
-24501 -12449 18224 -6896 -12019 30635 10759 -32200 20091 10757 -5084 5064 31230 27813 -10419 -31090 -28878 -23376 25300 -16140 5357 -3522 -3568 -8628 -31122 20053 12986 31634 -22848 -28120 -4581 2524 -21693 -30546 -23831 -17465 -21204 28935 23626 13801 14529 13053 -21557 7955 25468 4968 11949 5618 10830 -14142 -14397 12101 -154 -10686 -16056 1626 26665 -19785 -16340 -11357 7911 15560 25251 -21444 7277 -17903 -17182 4095 -18492 -4734 -10279 12609 928 13744 20390 6333 -25138 1429 -24224 14682 -6431 -17185 24448 23345 -3442 9793 -10762 362 13834 -5278 -14678 5566 13423 5551 30438 27925 -135 6377 15403 29424 15158 -25150 -15797 27473 -1611 -3971 22993 7960 -32203 8355 -8868 2673 -26243 -5264 -22257 14378 6978 4617 6773 -28836 -10871 15517 11038 32335 -17266 28262 -16160 21876 
6438 -2478 -8014 -878 -10228 -17725 1125 26570 7073 -8500 -366 1956 -8389 13659 -3695 -21104 -749 7291 -15655 13547 -1152 189 -1768 5071 -851 -16007 7665 -24853 -142 3129 -2775 -1850 -13240 13826 -6682 11360 -12894 8353 -8921 -10445 7144 930 -7997 628 12375 2854 5906 4029 1072 8193 9307 -5199 112 -9142 3910 836 11597 -2202 -5811 9417 -2890 -11341 3719 4635 4637 13363 9603 -345 12749 -1602 1676 6088 441 -673 -1571 1772 -6420 -173 -10759 8383 -2410 -11949 -1466 17387 785 -3866 -1357 -30 10265 -1065 -6255 -1333 -7661 1431 -401 7838 -76 5142 -10428 4051 395 -6355 6511 -20979 -682 -588 7236 -2526 -17478 665 -1124 -70 5080 -1881 1288 -4247 87 -1273 -1514 -14053 2077 -8698 7886 -25880 -6142 -14704 3748 13497 
75 19 12 11
7305 -5977 -1721 2894 82 -227 -2632 92 729 -5760 4590 -4092 -5745 3679 -6793 -6821 6056 -7085 5384 -3696 3723 -1944 1150 1597 6626 -7008 1497 422 5133 -2000 3871 -4043 1314 4673 -401 1716 1291 4689 5264 -584 -2428 -4700 -5347 6576 206 -1988 -1980 -2289 -331 4049 3976 7270 -4612 -6803 2710 -7072 -407 2830 -2723 3774 -1806 2628 -7168 -4800 -3539 2492 5688 6243 -4803 6515 -4541 4634 1720 -460 3114 -5367 305 6293 -1506 -1557 -3658 -6673 6362 -6706 -2976 -853 1314 -1012 -5258 1889 -3392 -13 990 -4410 -7251 6355 -3362 -2479 -1006 4298 -5734 6234 -5648 3393 6782 1647 -2446 6405 -4685 6511 -6278 -588 -5598 2675 6152 1460 -4859 501 -2023 1422 1807 -57 410 3021 -2141 2992 5957 6006 
-23870 -32312 -2467 -23761 13924 -515 -19190 -26499 11091 16860 -17691 8521 20587 -12251 -8420 -7766 -7677 -28019 -31706 27863 -12635 -3990 -19696 -24724 14907 -26131 22959 -5928 -21555 -16260 -21988 4375 20837 -30410 29905 17113 -7612 -180 4144 21351 -373 -5191 -25663 -18436 3863 -9457 -18276 19156 24630 -27748 -28732 -13775 -19298 10186 -13528 -14622 24974 11556 9427 9070 -7008 -20125 29144 19874 4038 29582 -14601 -786 -8142 25623 9758 -32291 30136 29302 -9355 18972 -17338 15524 -29399 -28589 -22801 15292 6262 715 31194 -13227 9399 5475 21685 -17635 21005 -28936 -17881 -31624 -28379 19612 -5784 10910 9923 25570 -25290 -14163 31156 22237 18323 19066 -29040 -14327 20108 -13188 -6334 -12194 458 -9556 -8550 -24563 -28338 11942 31943 747 -21465 13264 24234 -13812 12821 2336 24380 -371 
-20431 22629 497 -8057 134 14 5918 -286 947 -11379 -9514 -4085 -13858 -5281 6702 6207 -5447 23260 -20002 -12066 -5512 909 -2654 -4626 11573 21457 4027 -293 -12964 3810 -9973 -2073 3208 -16651 -1405 3441 -1151 -99 2556 -1461 106 2859 16078 -14205 93 2203 4240 -5138 -955 -13164 -13385 -11734 10428 -8119 -4296 12116 -1191 3832 -3008 4011 1483 -6197 -24477 -11177 -1674 8638 -9731 -575 4582 19560 -5192 -17533 6073 -1579 -3413 -11931 -620 11447 5188 5216 9773 -11956 4668 -562 -10877 1322 1447 -649 -13360 -3903 -8348 44 -2074 16341 24111 14603 2278 -3169 -1170 12877 16991 -10345 -20618 8840 14560 3679 8323 -10752 -11038 -10061 4659 840 -300 -2995 -6163 -4202 16134 701 -7572 124 -4545 -89 1164 -4889 -3216 819 17017 -261 
76 19 -2 -3
-881 949 82 -4624 2369 12117 4400 7904 -4490 -9774 -14710 -924 776 -7681 3702 -10241 -10498 -1827 10947 -5660 1417 -1203 10801 -2174 11273 -15095 15813 -815 -126 2735 -8760 -5413 -1822 3729 -15690 2067 -12462 -6278 -15222 14246 2091 -15004 -4367 -9831 5775 -8296 2355 -2040 9515 -12233 4088 -239 3011 -2549 -10839 -6387 -15819 10133 -10358 -15809 14885 1077 -9055 -8825 -13518 -13323 -10250 -1187 -5856 -15166 16371 -6812 12893 13427 -15290 -15155 -8306 5135 8670 13438 -13110 -7040 -6073 1203 7456 2439 -13185 -1749 -9683 -15451 -10884 1762 3576 -12148 -7432 -2414 -13207 -16295 10519 1301 14353 -1924 -9337 6319 -5145 -1373 -5573 -4581 10853 -8437 14042 9918 -14564 -8648 -2449 8944 12787 12564 3710 554 8287 14551 -4390 -7915 -9651 11752 -11537 -15735 
-8612 16137 13448 -21547 -6370 29020 21130 25493 15960 -26833 -217 -7707 -26771 -15687 -10549 16071 11344 -26609 -18960 -20783 -25057 -19360 11869 6392 -12203 8109 9973 -24057 -12820 28580 610 -28851 23244 -18137 -4702 -28629 3122 -31398 -23351 -8073 -25956 -21178 -2459 18018 -22081 -28361 -9117 -3845 -5284 -21589 12559 28189 -30768 -201 -27724 -30642 -25899 2417 16083 -21058 -13248 -19796 -25877 11620 14486 7793 -18389 -11003 -2850 22396 27620 30890 345 32142 -3699 -12318 -10408 7104 -18218 24336 -18508 -915 -7432 -16968 5362 17604 -22715 32082 12961 11265 -16310 8711 15805 24599 24285 12308 -9907 -5244 -30771 17024 15538 32489 23323 8898 9903 -26663 -23898 -19043 -26944 24774 -15145 16337 8963 3343 5571 16253 8137 31062 -25420 10784 31226 2662 -8494 -25185 -32478 12511 -27574 -13618 
404 815 59 5300 -803 18706 4946 10719 -3812 13952 170 379 -1105 6410 -2077 -8755 -6335 2586 -11041 6258 -1889 1239 6820 -739 -7318 -6512 8389 1043 86 4158 -284 8308 -2253 -3598 3925 -3148 -2070 10486 18909 -6118 -2887 16904 571 -9423 -6784 12516 -1142 417 -2675 14049 2731 -358 -4928 27 15986 10411 21795 1303 -8862 17710 -10490 -1134 12465 -5455 -10417 -5523 10027 695 888 -18069 24054 -11194 237 22958 3009 9931 4599 1941 -8403 17397 12908 343 2401 -1086 2127 2284 15932 -2985 -6676 -9259 9443 817 3007 -15897 -9601 -1581 6960 4546 -17219 1178 11864 -3325 -11585 2991 -2710 1947 7085 4641 -15556 -11119 -11313 8620 -6944 -1538 -726 7733 5535 20761 -5017 318 13766 2061 1984 10604 16674 7822 16923 11399 
77 15 8 7
6358 -1857 651 4971 -1878 -10030 8625 6074 361 -7170 -8677 -7383 11096 -688 10896 4810 5412 3382 -2978 -10830 8782 11108 11699 -2731 1615 -63 7853 7007 9711 -7227 6730 2992 3274 5315 5223 -3014 -8759 -8481 656 -5529 -4426 823 11841 6257 8679 7387 8244 -3314 -8955 -7879 -11223 4249 7737 -4740 -3898 -8092 4476 -2253 -10040 -5838 -4697 -293 3756 -4056 -5625 10732 -6057 -11829 -8549 -3658 10106 11048 1012 361 -11703 4269 -883 7855 -8337 2412 11426 9137 -10670 -5106 -6679 -7854 10283 3115 -1698 -10410 5653 11986 10747 -4239 1919 -351 -112 -9193 1257 9449 -8336 -8329 -3378 3141 -992 -4312 -11356 -829 -8233 -3059 11627 -9382 1147 2009 3682 8682 -3504 9166 -1386 -9743 -5735 1766 -7402 -9747 -784 -3613 -2225 5984 
18216 8899 13809 32736 -17944 13056 -21042 12299 15943 22913 -860 27332 -3687 -11606 -21852 8887 5805 -10651 29559 -25650 26233 13535 7222 -21389 -26376 20373 -14390 159 13863 5057 2628 -25163 1097 18491 -21013 18182 3130 14514 28333 -1182 6513 -12138 14528 -7319 30656 -22868 -16114 -18680 23485 11609 -22291 378 -23385 18488 -1990 10643 13127 29054 -32335 -2461 -21952 -1440 13020 3209 12403 -27832 22256 -27823 9272 -19331 -22666 -3016 -12512 13053 -29618 30308 -16570 11080 -11778 3327 -12017 -17943 -8929 -18981 -32108 -30209 -19487 -328 30869 -19315 13861 23392 -20626 23206 8446 -20990 4705 21543 8468 2743 -13118 -28420 25691 23119 -21505 -138 -22772 -15476 -23770 2724 -19702 -19464 543 -5593 -21329 -5570 -15214 919 11672 -24755 4968 17935 19039 -23568 -20742 28935 5401 21365 
8372 -1195 650 11764 2436 -9466 -13120 5400 416 -11876 539 -14587 -2957 577 -17212 3090 2271 -2604 -6363 20081 16654 10868 6108 4223 -3079 -93 -8169 81 9732 -2642 1279 -5442 260 7105 -7934 -3961 -1982 -8898 1344 472 -2084 -722 12436 -3310 19234 -12212 -9603 4475 -15203 -6612 18085 116 -13079 -6335 561 -6226 4247 -4732 23468 1039 7454 31 3535 -941 -5043 -21592 -9745 23792 -5730 5112 -16559 -2409 -915 341 25057 9353 1058 6292 7098 580 -9926 -11851 6887 7006 15502 17151 -14486 -74 -3789 14535 5664 20268 -16024 -7111 1172 533 -38 -14317 769 1874 7905 17112 -6274 5249 1542 43 18694 927 14147 -602 -16560 13201 45 -812 -5677 -3496 3854 609 -1169 17435 -2060 2290 -10187 16606 1176 -7557 -869 9242 
78 23 9 8
-18378 16399 -10093 -9014 -10058 1151 22044 5343 6427 -21120 -1923 7428 -16891 1062 23275 -6878 5470 -17910 -7515 -128 14783 21287 7228 23703 -20588 14288 -22029 23316 18117 -220 7161 -12459 6826 13086 17963 -1456 -20981 -2817 16885 119 -10085 -23311 -8772 1330 21378 -17104 -20774 -4143 -3711 13528 -10268 9727 21825 -18879 -10008 1652 -11825 -1173 5313 17419 3155 -19329 23374 -17950 -23651 -20001 -17828 -17634 -12912 4002 -5187 11737 -4449 9914 16138 3202 16822 21807 22706 9540 -5414 -20540 15633 -976 -2059 2812 -15931 -22175 9045 22377 10846 21599 -16935 -2386 11192 -19024 9387 -22489 2999 -19530 -15564 3359 -537 5027 -15877 -21959 -21565 -1414 13838 5447 -19018 -858 -9333 -6007 -105 -17166 -22959 -933 -23746 -16443 16624 -15840 18825 -15611 -12400 -25 20120 -15560 
-25690 19562 19925 -24458 -32704 -13460 8235 12118 27430 30151 14273 12448 149 -16315 8587 -10632 1750 -30319 -3000 22151 -21636 25294 18528 -31563 11630 -25967 4886 -6353 -20153 15910 -27597 -27491 -11968 -24109 -20013 -18863 29494 -15932 12459 4506 -14935 -8728 28026 -21434 28694 22430 17877 16245 2007 -27918 60 -24008 -23121 15786 14372 10787 7079 29950 -1112 -16714 31698 19646 -29454 -23095 -20064 5899 28654 -22378 16909 -27457 -25749 -14980 -22929 -14157 -4411 18618 19015 454 6279 24628 -19956 -26385 14689 -28540 -32294 -16449 7162 25352 -5715 25858 8845 -14087 -18735 14624 9891 5182 10102 -12443 7221 -18712 25170 -30905 -26349 947 -27772 -6316 13604 -7166 6114 18198 -4672 2420 11090 1983 11069 -32013 20088 -14805 4689 13421 21508 -16705 -5203 -25159 -21076 -342 -5226 -22534 
14112 9588 -6011 6589 9832 -463 5426 1935 5269 -19033 -820 2764 -75 -518 5974 2186 286 16230 674 -85 -9560 16093 4003 -22361 -7157 -11089 -3217 -4427 -10913 -105 -5907 10237 -2442 -9430 -10745 821 -18496 1341 6288 16 4502 6081 -7348 -852 18335 -11467 -11100 -2012 -223 -11288 -18 -6980 -15082 -8908 -4299 533 -2502 -1050 -177 -8702 2989 -11350 -20577 12391 14183 -3526 -15269 11795 -6526 -3284 3992 -5255 3049 -4195 -2128 1782 9561 296 4261 7022 3229 16198 6864 833 1987 -1383 -3410 -16803 -1545 17294 2867 -9094 9483 -1043 3309 -2947 2834 8364 647 10923 -11709 -3103 423 142 13179 4145 -8769 303 2529 2963 2656 -62 -3094 -356 -35 16425 -13785 413 -3328 -6596 10687 7909 -2928 11739 7811 0 -3143 10480 
79 16 1 0
-13305 -15327 10401 -8526 10464 12251 11513 -2098 17096 7922 3324 16696 13256 -10450 -6078 -11932 7849 10203 -8808 16786 -7807 10049 14504 11964 -7712 -10898 12672 809 15073 3491 5090 -4162 -13791 -16051 17162 -14693 4883 5468 12036 8803 -9925 -14055 -1223 13526 -14121 7981 8298 -6042 2960 1269 -12568 -14882 11275 -14734 -16074 5719 -1744 -4913 -5225 -4392 3208 -6956 -1995 -5586 -13919 13139 3731 3509 -13275 16324 -16273 11283 -12465 -14325 14822 4391 -11893 9127 -13096 -12742 -4631 16060 -838 -5262 -11937 2901 -10776 -12933 9861 12019 12805 -5525 1376 15153 16904 6750 -15597 -7463 -11685 -8413 3774 3565 7367 2147 -3838 13882 -9541 3236 -756 -7396 -13735 -2400 13527 2447 10049 -10612 15523 -5558 -11732 -5129 -9104 9141 3025 8671 -10363 15686 -6902 16305 
6208 -3787 -3720 9444 -7915 12798 9629 14276 -20921 -27370 -18205 3326 14491 24365 -9530 11738 5044 27382 28376 16178 -2742 -27586 -9099 -12836 3886 -22926 13534 29901 14032 11362 -24396 -19669 14280 -5023 27990 -5052 5071 -23371 -11435 -24786 -6287 -8964 -22761 12444 15734 -17636 -9215 19413 -26715 -5948 10802 -20962 20549 30246 29307 20663 19590 17754 7920 7437 -14784 23601 -12350 27257 -14111 -7217 19916 -15575 -20606 1405 -14649 -20547 -31738 26574 3729 -1995 -18565 -9017 -2467 20570 -23906 10840 9885 -21060 -89 16617 -19697 -32636 -23249 -13778 23613 30422 -21321 11685 -10344 -27724 -13411 31165 32301 -28105 25370 -10206 18852 -25786 19627 -10523 15438 18755 -15858 -21980 24932 -14555 -22662 -4791 14690 23078 -32357 8667 517 20480 -2568 27541 -346 6986 15469 13929 -14601 13835 
-3939 2768 -1845 -3840 -3950 7477 5287 -1428 -17056 -10340 -2886 2648 9160 -12142 2762 -6679 1888 13323 -11919 12950 1021 -13220 -6293 -7323 -1429 11915 8179 1154 10086 1892 -5922 3904 -9391 3845 22907 3540 1181 -6094 -6563 -10405 2976 6008 1327 8027 -10595 -6712 -3646 -5593 -3771 -360 -6474 14876 11049 -21252 -22465 5635 -1629 -4160 -1973 -1558 -2262 -7829 1175 -7261 9366 -4522 3543 -2606 13045 1094 11368 -11055 18866 -18153 2636 -418 10529 -3925 1541 -12499 5279 8302 -395 5285 51 2299 10122 20128 -10933 -7897 14419 -8015 -1399 8444 -8338 -8924 9975 -11091 -17999 11276 4566 -1735 6623 -2640 -3592 -6966 -7024 2894 572 7752 -16330 1666 -14619 -559 7040 -11679 -23952 -2297 -289 -5009 1115 12005 -50 2889 -7645 10419 4806 10757 
80 20 12 44
0 0 0 0 0 0 0 0 0 0 0 0 0 0 0 0 0 0 0 0 0 0 0 0 0 0 0 0 0 0 0 0 0 0 0 0 0 0 0 0 0 0 0 0 0 0 0 0 0 0 0 0 0 0 0 0 0 0 0 0 0 0 0 0 0 0 0 0 0 0 0 0 0 0 0 0 0 0 0 0 0 0 0 0 0 0 0 0 0 0 0 0 0 0 0 0 0 0 0 0 0 0 0 0 0 0 0 0 0 0 0 0 0 0 0 0 0 0 0 0 0 0 0 0 0 0 0 0 
12345 12345 12345 12345 12345 12345 12345 12345 12345 12345 12345 12345 12345 12345 12345 12345 12345 12345 12345 12345 12345 12345 12345 12345 12345 12345 12345 12345 12345 12345 12345 12345 12345 12345 12345 12345 12345 12345 12345 12345 12345 12345 12345 12345 12345 12345 12345 12345 12345 12345 12345 12345 12345 12345 12345 12345 12345 12345 12345 12345 12345 12345 12345 12345 12345 12345 12345 12345 12345 12345 12345 12345 12345 12345 12345 12345 12345 12345 12345 12345 12345 12345 12345 12345 12345 12345 12345 12345 12345 12345 12345 12345 12345 12345 12345 12345 12345 12345 12345 12345 12345 12345 12345 12345 12345 12345 12345 12345 12345 12345 12345 12345 12345 12345 12345 12345 12345 12345 12345 12345 12345 12345 12345 12345 12345 12345 12345 12345 
0 0 0 0 0 0 0 0 0 0 0 0 0 0 0 0 0 0 0 0 0 0 0 0 0 0 0 0 0 0 0 0 0 0 0 0 0 0 0 0 0 0 0 0 0 0 0 0 0 0 0 0 0 0 0 0 0 0 0 0 0 0 0 0 0 0 0 0 0 0 0 0 0 0 0 0 0 0 0 0 0 0 0 0 0 0 0 0 0 0 0 0 0 0 0 0 0 0 0 0 0 0 0 0 0 0 0 0 0 0 0 0 0 0 0 0 0 0 0 0 0 0 0 0 0 0 0 0 
81 24 12 12
-32768 -32768 -32768 -32768 -32768 -32768 -32768 -32768 -32768 -32768 -32768 -32768 -32768 -32768 -32768 -32768 -32768 -32768 -32768 -32768 -32768 -32768 -32768 -32768 -32768 -32768 -32768 -32768 -32768 -32768 -32768 -32768 -32768 -32768 -32768 -32768 -32768 -32768 -32768 -32768 -32768 -32768 -32768 -32768 -32768 -32768 -32768 -32768 -32768 -32768 -32768 -32768 -32768 -32768 -32768 -32768 -32768 -32768 -32768 -32768 -32768 -32768 -32768 -32768 -32768 -32768 -32768 -32768 -32768 -32768 -32768 -32768 -32768 -32768 -32768 -32768 -32768 -32768 -32768 -32768 -32768 -32768 -32768 -32768 -32768 -32768 -32768 -32768 -32768 -32768 -32768 -32768 -32768 -32768 -32768 -32768 -32768 -32768 -32768 -32768 -32768 -32768 -32768 -32768 -32768 -32768 -32768 -32768 -32768 -32768 -32768 -32768 -32768 -32768 -32768 -32768 -32768 -32768 -32768 -32768 -32768 -32768 -32768 -32768 -32768 -32768 -32768 -32768 
32767 32767 32767 32767 32767 32767 32767 32767 32767 32767 32767 32767 32767 32767 32767 32767 32767 32767 32767 32767 32767 32767 32767 32767 32767 32767 32767 32767 32767 32767 32767 32767 32767 32767 32767 32767 32767 32767 32767 32767 32767 32767 32767 32767 32767 32767 32767 32767 32767 32767 32767 32767 32767 32767 32767 32767 32767 32767 32767 32767 32767 32767 32767 32767 32767 32767 32767 32767 32767 32767 32767 32767 32767 32767 32767 32767 32767 32767 32767 32767 32767 32767 32767 32767 32767 32767 32767 32767 32767 32767 32767 32767 32767 32767 32767 32767 32767 32767 32767 32767 32767 32767 32767 32767 32767 32767 32767 32767 32767 32767 32767 32767 32767 32767 32767 32767 32767 32767 32767 32767 32767 32767 32767 32767 32767 32767 32767 32767 
-29166 -29166 -29166 -29166 -29166 -29166 -29166 -29166 -29166 -29166 -29166 -29166 -29166 -29166 -29166 -29166 -29166 -29166 -29166 -29166 -29166 -29166 -29166 -29166 -29166 -29166 -29166 -29166 -29166 -29166 -29166 -29166 -29166 -29166 -29166 -29166 -29166 -29166 -29166 -29166 -29166 -29166 -29166 -29166 -29166 -29166 -29166 -29166 -29166 -29166 -29166 -29166 -29166 -29166 -29166 -29166 -29166 -29166 -29166 -29166 -29166 -29166 -29166 -29166 -29166 -29166 -29166 -29166 -29166 -29166 -29166 -29166 -29166 -29166 -29166 -29166 -29166 -29166 -29166 -29166 -29166 -29166 -29166 -29166 -29166 -29166 -29166 -29166 -29166 -29166 -29166 -29166 -29166 -29166 -29166 -29166 -29166 -29166 -29166 -29166 -29166 -29166 -29166 -29166 -29166 -29166 -29166 -29166 -29166 -29166 -29166 -29166 -29166 -29166 -29166 -29166 -29166 -29166 -29166 -29166 -29166 -29166 -29166 -29166 -29166 -29166 -29166 -29166 
82 26 14 15
32767 -32768 32767 -32768 32767 -32768 32767 -32768 32767 -32768 32767 -32768 32767 -32768 32767 -32768 32767 -32768 32767 -32768 32767 -32768 32767 -32768 32767 -32768 32767 -32768 32767 -32768 32767 -32768 32767 -32768 32767 -32768 32767 -32768 32767 -32768 32767 -32768 32767 -32768 32767 -32768 32767 -32768 32767 -32768 32767 -32768 32767 -32768 32767 -32768 32767 -32768 32767 -32768 32767 -32768 32767 -32768 32767 -32768 32767 -32768 32767 -32768 32767 -32768 32767 -32768 32767 -32768 32767 -32768 32767 -32768 32767 -32768 32767 -32768 32767 -32768 32767 -32768 32767 -32768 32767 -32768 32767 -32768 32767 -32768 32767 -32768 32767 -32768 32767 -32768 32767 -32768 32767 -32768 32767 -32768 32767 -32768 32767 -32768 32767 -32768 32767 -32768 32767 -32768 32767 -32768 32767 -32768 32767 -32768 32767 -32768 32767 -32768 
-32768 -32768 -32768 -32768 -32768 -32768 -32768 -32768 -32768 -32768 -32768 -32768 -32768 -32768 -32768 -32768 -32768 -32768 -32768 -32768 -32768 -32768 -32768 -32768 -32768 -32768 -32768 -32768 -32768 -32768 -32768 -32768 -32768 -32768 -32768 -32768 -32768 -32768 -32768 -32768 -32768 -32768 -32768 -32768 -32768 -32768 -32768 -32768 -32768 -32768 -32768 -32768 -32768 -32768 -32768 -32768 -32768 -32768 -32768 -32768 -32768 -32768 -32768 -32768 -32768 -32768 -32768 -32768 -32768 -32768 -32768 -32768 -32768 -32768 -32768 -32768 -32768 -32768 -32768 -32768 -32768 -32768 -32768 -32768 -32768 -32768 -32768 -32768 -32768 -32768 -32768 -32768 -32768 -32768 -32768 -32768 -32768 -32768 -32768 -32768 -32768 -32768 -32768 -32768 -32768 -32768 -32768 -32768 -32768 -32768 -32768 -32768 -32768 -32768 -32768 -32768 -32768 -32768 -32768 -32768 -32768 -32768 -32768 -32768 -32768 -32768 -32768 -32768 
-28754 28755 -28754 28755 -28754 28755 -28754 28755 -28754 28755 -28754 28755 -28754 28755 -28754 28755 -28754 28755 -28754 28755 -28754 28755 -28754 28755 -28754 28755 -28754 28755 -28754 28755 -28754 28755 -28754 28755 -28754 28755 -28754 28755 -28754 28755 -28754 28755 -28754 28755 -28754 28755 -28754 28755 -28754 28755 -28754 28755 -28754 28755 -28754 28755 -28754 28755 -28754 28755 -28754 28755 -28754 28755 -28754 28755 -28754 28755 -28754 28755 -28754 28755 -28754 28755 -28754 28755 -28754 28755 -28754 28755 -28754 28755 -28754 28755 -28754 28755 -28754 28755 -28754 28755 -28754 28755 -28754 28755 -28754 28755 -28754 28755 -28754 28755 -28754 28755 -28754 28755 -28754 28755 -28754 28755 -28754 28755 -28754 28755 -28754 28755 -28754 28755 -28754 28755 -28754 28755 -28754 28755 -28754 28755 -28754 28755 -28754 28755 
83 22 12 14
0 0 0 0 0 0 0 0 0 0 0 0 0 0 0 0 0 0 0 0 0 0 0 0 0 0 0 0 0 0 0 0 0 0 0 0 0 0 0 0 0 0 0 0 0 0 0 0 0 0 0 0 0 0 0 0 0 0 0 0 0 0 0 0 0 0 0 0 0 0 0 0 0 0 0 0 0 0 0 0 0 0 0 0 0 0 0 0 0 0 0 0 0 0 0 0 0 0 0 0 0 0 0 0 0 0 0 0 0 0 0 0 0 0 0 0 0 0 0 0 0 0 0 0 0 0 0 32767 
1000 1000 1000 1000 1000 1000 1000 1000 1000 1000 1000 1000 1000 1000 1000 1000 1000 1000 1000 1000 1000 1000 1000 1000 1000 1000 1000 1000 1000 1000 1000 1000 1000 1000 1000 1000 1000 1000 1000 1000 1000 1000 1000 1000 1000 1000 1000 1000 1000 1000 1000 1000 1000 1000 1000 1000 1000 1000 1000 1000 1000 1000 1000 1000 1000 1000 1000 1000 1000 1000 1000 1000 1000 1000 1000 1000 1000 1000 1000 1000 1000 1000 1000 1000 1000 1000 1000 1000 1000 1000 1000 1000 1000 1000 1000 1000 1000 1000 1000 1000 1000 1000 1000 1000 1000 1000 1000 1000 1000 1000 1000 1000 1000 1000 1000 1000 1000 1000 1000 1000 1000 1000 1000 1000 1000 1000 1000 1000 
0 0 0 0 0 0 0 0 0 0 0 0 0 0 0 0 0 0 0 0 0 0 0 0 0 0 0 0 0 0 0 0 0 0 0 0 0 0 0 0 0 0 0 0 0 0 0 0 0 0 0 0 0 0 0 0 0 0 0 0 0 0 0 0 0 0 0 0 0 0 0 0 0 0 0 0 0 0 0 0 0 0 0 0 0 0 0 0 0 0 0 0 0 0 0 0 0 0 0 0 0 0 0 0 0 0 0 0 0 0 0 0 0 0 0 0 0 0 0 0 0 0 0 0 0 0 0 25714 
84 22 12 14
32767 0 0 0 0 0 0 0 0 0 0 0 0 0 0 0 0 0 0 0 0 0 0 0 0 0 0 0 0 0 0 0 0 0 0 0 0 0 0 0 0 0 0 0 0 0 0 0 0 0 0 0 0 0 0 0 0 0 0 0 0 0 0 0 0 0 0 0 0 0 0 0 0 0 0 0 0 0 0 0 0 0 0 0 0 0 0 0 0 0 0 0 0 0 0 0 0 0 0 0 0 0 0 0 0 0 0 0 0 0 0 0 0 0 0 0 0 0 0 0 0 0 0 0 0 0 0 0 
1000 1000 1000 1000 1000 1000 1000 1000 1000 1000 1000 1000 1000 1000 1000 1000 1000 1000 1000 1000 1000 1000 1000 1000 1000 1000 1000 1000 1000 1000 1000 1000 1000 1000 1000 1000 1000 1000 1000 1000 1000 1000 1000 1000 1000 1000 1000 1000 1000 1000 1000 1000 1000 1000 1000 1000 1000 1000 1000 1000 1000 1000 1000 1000 1000 1000 1000 1000 1000 1000 1000 1000 1000 1000 1000 1000 1000 1000 1000 1000 1000 1000 1000 1000 1000 1000 1000 1000 1000 1000 1000 1000 1000 1000 1000 1000 1000 1000 1000 1000 1000 1000 1000 1000 1000 1000 1000 1000 1000 1000 1000 1000 1000 1000 1000 1000 1000 1000 1000 1000 1000 1000 1000 1000 1000 1000 1000 1000 
25714 0 0 0 0 0 0 0 0 0 0 0 0 0 0 0 0 0 0 0 0 0 0 0 0 0 0 0 0 0 0 0 0 0 0 0 0 0 0 0 0 0 0 0 0 0 0 0 0 0 0 0 0 0 0 0 0 0 0 0 0 0 0 0 0 0 0 0 0 0 0 0 0 0 0 0 0 0 0 0 0 0 0 0 0 0 0 0 0 0 0 0 0 0 0 0 0 0 0 0 0 0 0 0 0 0 0 0 0 0 0 0 0 0 0 0 0 0 0 0 0 0 0 0 0 0 0 0 
85 24 8 19
1024 1024 1024 1024 1024 1024 1024 1024 1024 1024 1024 1024 1024 1024 1024 1024 1024 1024 1024 1024 1024 1024 1024 1024 1024 1024 1024 1024 1024 1024 1024 1024 1024 1024 1024 1024 1024 1024 1024 1024 1024 1024 1024 1024 1024 1024 1024 1024 1024 1024 1024 1024 1024 1024 1024 1024 1024 1024 1024 1024 1024 1024 1024 1024 1024 1024 1024 1024 1024 1024 1024 1024 1024 1024 1024 1024 1024 1024 1024 1024 1024 1024 1024 1024 1024 1024 1024 1024 1024 1024 1024 1024 1024 1024 1024 1024 1024 1024 1024 1024 1024 1024 1024 1024 1024 1024 1024 1024 1024 1024 1024 1024 1024 1024 1024 1024 1024 1024 1024 1024 1024 1024 1024 1024 1024 1024 1024 1024 
256 256 256 256 256 256 256 256 256 256 256 256 256 256 256 256 256 256 256 256 256 256 256 256 256 256 256 256 256 256 256 256 256 256 256 256 256 256 256 256 256 256 256 256 256 256 256 256 256 256 256 256 256 256 256 256 256 256 256 256 256 256 256 256 256 256 256 256 256 256 256 256 256 256 256 256 256 256 256 256 256 256 256 256 256 256 256 256 256 256 256 256 256 256 256 256 256 256 256 256 256 256 256 256 256 256 256 256 256 256 256 256 256 256 256 256 256 256 256 256 256 256 256 256 256 256 256 256 
31941 31941 31941 31941 31941 31941 31941 31941 31941 31941 31941 31941 31941 31941 31941 31941 31941 31941 31941 31941 31941 31941 31941 31941 31941 31941 31941 31941 31941 31941 31941 31941 31941 31941 31941 31941 31941 31941 31941 31941 31941 31941 31941 31941 31941 31941 31941 31941 31941 31941 31941 31941 31941 31941 31941 31941 31941 31941 31941 31941 31941 31941 31941 31941 31941 31941 31941 31941 31941 31941 31941 31941 31941 31941 31941 31941 31941 31941 31941 31941 31941 31941 31941 31941 31941 31941 31941 31941 31941 31941 31941 31941 31941 31941 31941 31941 31941 31941 31941 31941 31941 31941 31941 31941 31941 31941 31941 31941 31941 31941 31941 31941 31941 31941 31941 31941 31941 31941 31941 31941 31941 31941 31941 31941 31941 31941 31941 31941 
86 0 0 12
1 1 1 1 1 1 1 1 1 1 1 1 1 1 1 1 1 1 1 1 1 1 1 1 1 1 1 1 1 1 1 1 1 1 1 1 1 1 1 1 1 1 1 1 1 1 1 1 1 1 1 1 1 1 1 1 1 1 1 1 1 1 1 1 1 1 1 1 1 1 1 1 1 1 1 1 1 1 1 1 1 1 1 1 1 1 1 1 1 1 1 1 1 1 1 1 1 1 1 1 1 1 1 1 1 1 1 1 1 1 1 1 1 1 1 1 1 1 1 1 1 1 1 1 1 1 1 1 
1 1 1 1 1 1 1 1 1 1 1 1 1 1 1 1 1 1 1 1 1 1 1 1 1 1 1 1 1 1 1 1 1 1 1 1 1 1 1 1 1 1 1 1 1 1 1 1 1 1 1 1 1 1 1 1 1 1 1 1 1 1 1 1 1 1 1 1 1 1 1 1 1 1 1 1 1 1 1 1 1 1 1 1 1 1 1 1 1 1 1 1 1 1 1 1 1 1 1 1 1 1 1 1 1 1 1 1 1 1 1 1 1 1 1 1 1 1 1 1 1 1 1 1 1 1 1 1 
4096 4096 4096 4096 4096 4096 4096 4096 4096 4096 4096 4096 4096 4096 4096 4096 4096 4096 4096 4096 4096 4096 4096 4096 4096 4096 4096 4096 4096 4096 4096 4096 4096 4096 4096 4096 4096 4096 4096 4096 4096 4096 4096 4096 4096 4096 4096 4096 4096 4096 4096 4096 4096 4096 4096 4096 4096 4096 4096 4096 4096 4096 4096 4096 4096 4096 4096 4096 4096 4096 4096 4096 4096 4096 4096 4096 4096 4096 4096 4096 4096 4096 4096 4096 4096 4096 4096 4096 4096 4096 4096 4096 4096 4096 4096 4096 4096 4096 4096 4096 4096 4096 4096 4096 4096 4096 4096 4096 4096 4096 4096 4096 4096 4096 4096 4096 4096 4096 4096 4096 4096 4096 4096 4096 4096 4096 4096 4096 
87 20 12 44
26151 26370 12751 11140 25543 5912 -4585 15266 -24125 -3905 25394 18501 22794 -9972 -9445 -18555 -13220 758 21693 -21343 32628 15984 15876 21753 31687 8562 -10946 -16145 27871 -8325 31610 -1130 -29913 16256 -11732 30560 -17135 7064 5924 20621 -24457 10578 21890 -4257 -28483 29058 10340 -16677 6555 6221 -3963 30785 -15644 -7597 -10035 28656 -20278 15607 -27719 2480 -28255 9107 6209 23375 -30013 9855 26647 -21064 -31763 29896 -19414 -17416 -28987 14686 -32091 -521 13534 31528 -8438 -11771 14564 27868 -28180 26869 3030 22881 23810 -9373 12128 -23779 17295 -17623 5639 -28620 28345 30874 18303 -8891 2347 -26797 26433 -6159 14314 -2000 -7988 28376 16494 -17304 17894 17383 -13485 4376 -31365 11767 14378 -4712 -9987 -18530 -8315 -15801 -7320 -9491 -3987 17062 -28823 1478 20088 -16115 
0 0 0 0 0 0 0 0 0 0 0 0 0 0 0 0 0 0 0 0 0 0 0 0 0 0 0 0 0 0 0 0 0 0 0 0 0 0 0 0 0 0 0 0 0 0 0 0 0 0 0 0 0 0 0 0 0 0 0 0 0 0 0 0 0 0 0 0 0 0 0 0 0 0 0 0 0 0 0 0 0 0 0 0 0 0 0 0 0 0 0 0 0 0 0 0 0 0 0 0 0 0 0 0 0 0 0 0 0 0 0 0 0 0 0 0 0 0 0 0 0 0 0 0 0 0 0 0 
0 0 0 0 0 0 0 0 0 0 0 0 0 0 0 0 0 0 0 0 0 0 0 0 0 0 0 0 0 0 0 0 0 0 0 0 0 0 0 0 0 0 0 0 0 0 0 0 0 0 0 0 0 0 0 0 0 0 0 0 0 0 0 0 0 0 0 0 0 0 0 0 0 0 0 0 0 0 0 0 0 0 0 0 0 0 0 0 0 0 0 0 0 0 0 0 0 0 0 0 0 0 0 0 0 0 0 0 0 0 0 0 0 0 0 0 0 0 0 0 0 0 0 0 0 0 0 0 
88 10 12 12
21341 21341 21341 21341 21341 21341 21341 21341 21341 21341 21341 21341 21341 21341 21341 21341 21341 21341 21341 21341 21341 21341 21341 21341 21341 21341 21341 21341 21341 21341 21341 21341 21341 21341 21341 21341 21341 21341 21341 21341 21341 21341 21341 21341 21341 21341 21341 21341 21341 21341 21341 21341 21341 21341 21341 21341 21341 21341 21341 21341 21341 21341 21341 21341 21341 21341 21341 21341 21341 21341 21341 21341 21341 21341 21341 21341 21341 21341 21341 21341 21341 21341 21341 21341 21341 21341 21341 21341 21341 21341 21341 21341 21341 21341 21341 21341 21341 21341 21341 21341 21341 21341 21341 21341 21341 21341 21341 21341 21341 21341 21341 21341 21341 21341 21341 21341 21341 21341 21341 21341 21341 21341 21341 21341 21341 21341 21341 21341 
32691 32691 32691 32691 32691 32691 32691 32691 32691 32691 32691 32691 32691 32691 32691 32691 32691 32691 32691 32691 32691 32691 32691 32691 32691 32691 32691 32691 32691 32691 32691 32691 32691 32691 32691 32691 32691 32691 32691 32691 32691 32691 32691 32691 32691 32691 32691 32691 32691 32691 32691 32691 32691 32691 32691 32691 32691 32691 32691 32691 32691 32691 32691 32691 32691 32691 32691 32691 32691 32691 32691 32691 32691 32691 32691 32691 32691 32691 32691 32691 32691 32691 32691 32691 32691 32691 32691 32691 32691 32691 32691 32691 32691 32691 32691 32691 32691 32691 32691 32691 32691 32691 32691 32691 32691 32691 32691 32691 32691 32691 32691 32691 32691 32691 32691 32691 32691 32691 32691 32691 32691 32691 32691 32691 32691 32691 32691 32691 
32767 32767 32767 32767 32767 32767 32767 32767 32767 32767 32767 32767 32767 32767 32767 32767 32767 32767 32767 32767 32767 32767 32767 32767 32767 32767 32767 32767 32767 32767 32767 32767 32767 32767 32767 32767 32767 32767 32767 32767 32767 32767 32767 32767 32767 32767 32767 32767 32767 32767 32767 32767 32767 32767 32767 32767 32767 32767 32767 32767 32767 32767 32767 32767 32767 32767 32767 32767 32767 32767 32767 32767 32767 32767 32767 32767 32767 32767 32767 32767 32767 32767 32767 32767 32767 32767 32767 32767 32767 32767 32767 32767 32767 32767 32767 32767 32767 32767 32767 32767 32767 32767 32767 32767 32767 32767 32767 32767 32767 32767 32767 32767 32767 32767 32767 32767 32767 32767 32767 32767 32767 32767 32767 32767 32767 32767 32767 32767 
89 80 12 67
-1573 3859 -12154 18358 3079 6894 -22708 -15876 3118 28911 -28306 -15590 -1224 5795 -19884 16204 23217 -24042 18318 28738 10646 -15563 -28946 8557 -17707 -27972 31901 14032 -17797 11857 -18253 29981 -22628 -23932 -7148 -29847 -9576 5830 2887 -4287 10761 -4009 -28419 -1833 -20960 26093 -602 -27955 -6113 9798 12471 9165 -16630 -12461 -6042 7927 -28191 29651 30026 -24115 15583 -30109 -1820 12483 31568 30955 -13859 10203 21559 -14277 -4467 -25867 21876 -18821 24825 -17970 -23087 12050 -16498 24478 -23319 -21867 -15064 -11660 30100 5579 12255 5061 17964 -25727 15636 16754 -10523 7057 -2508 7952 24549 -3968 -19213 -23188 -16033 12265 -8258 1391 5849 -29735 -18131 20871 14165 -27196 21040 32046 10404 -22940 -15223 11456 -4721 -20378 -13248 26427 -13035 -1350 10149 21376 -13158 31740 7448 5097 
13201 -29691 -17899 27730 -451 570 -27701 -32017 6711 2245 -31850 -5011 17331 -5107 16871 -6346 -23228 16044 7392 -920 14538 -20397 31611 27415 26628 25224 -15665 -9741 -16427 -19280 17219 17738 -29093 3154 6649 -24327 2146 26057 31516 -7421 -12407 -4772 29711 26461 7313 29312 -12313 28038 9507 28327 32258 -3505 16759 19078 10302 -15821 -25776 15512 17337 13564 -13443 11696 -28981 28873 -1183 26097 -3147 24726 -24816 -13327 -14881 -23310 21444 -7863 12900 29686 -11138 6615 5972 -21813 22968 31854 6681 -14707 -20143 13221 17597 23187 -4202 -22718 17768 -1233 11522 1155 4725 17366 -16971 -14115 -16096 -8235 -17445 -22606 -24168 13422 -30300 31550 -3834 15834 -25166 -37 -30378 11454 -17947 106 -1806 11008 -26913 -10670 -3938 -593 14514 6028 23790 -16214 -22995 -4701 7993 -15362 
-619 -3415 6483 15171 -41 117 18747 15149 624 1934 26868 2328 -632 -882 -9998 -3065 -16072 -11496 4035 -788 4613 9460 -27269 6991 -14052 -21027 -14893 -4074 8713 -6813 -9367 15849 19619 -2250 -1416 21639 -612 4527 2712 948 -3979 570 -25164 -1446 -4568 22794 221 -23359 -1732 8272 11989 -957 -8306 -7085 -1855 -3738 21656 13707 15514 -9748 -6243 -10495 1572 10741 -1113 24075 1300 7519 -15944 5670 1981 17970 13981 4410 9544 -15898 7663 2376 -2936 -15913 -15962 -20759 -2999 5111 -18069 2198 6427 3497 -2250 17418 8280 -616 -3613 243 -353 4116 -12416 1669 9216 5691 8336 -8263 5948 556 -5282 -27959 2072 9849 -10624 30 -19048 10939 -5565 -72 819 3758 3787 6480 1555 -467 -5638 -243 7196 -10329 9017 -4447 1774 -2334 
90 -30 6 -12
7847 15391 -9650 -19013 -19064 -4599 -17210 8097 31523 -7737 18016 -20452 21560 -19210 -19282 -13706 -28112 17364 -4235 16978 -12983 -6880 -31075 9461 -23 -11498 -18459 27122 878 -1326 -27571 15760 -12196 23580 -24819 27208 -26757 -29697 14824 28386 790 -1510 -20557 6291 -1049 -11652 -29047 12362 15056 -6750 17165 -20691 -32632 6959 21310 26438 -21296 -8041 14581 -3785 8615 14093 -20271 -28883 10188 6818 -7407 31345 7626 20127 27098 -27535 -7770 3470 -20826 -30081 -25673 -7777 -22006 13962 18470 -12687 -22464 25532 15971 -18964 -16632 32471 -6369 9367 -21988 -29441 -3309 27390 -26382 -3346 -26226 -9233 23916 -2342 -19146 19228 -23599 -29411 8190 13563 -9184 5656 21824 -14075 8987 24981 13994 -11709 19216 -7309 -18260 18154 27119 3868 -32183 29275 10698 -2543 5608 -6032 1782 -26848 
9708 -28182 -22043 -31386 -11770 -16035 881 -3527 20163 25062 -21000 22160 -6482 -27656 -16497 -3088 -26430 8460 -26059 -24766 -9515 -15734 -499 28112 -19943 31137 -21375 9544 -17462 -20913 8107 -13563 447 26831 30326 25577 -1139 -15275 -5236 -21990 -18319 6619 -8956 16329 -27230 31300 -3264 -12179 -16371 22604 -30740 1505 2782 -14621 2440 2567 -5018 -17454 31331 12675 -16810 31691 -23142 -6398 2332 31673 -2555 28743 -29316 31329 -12273 2778 32547 1640 -27737 -29317 9120 -25132 -10434 12533 23080 11817 12898 -10629 24740 -11993 17045 -375 -30658 3825 -12738 23791 848 -18381 25314 18833 -17594 11653 -26660 -11500 11021 -10364 10954 -19635 4787 27257 21946 -259 5492 -32448 -32366 -524 29656 13341 -15129 18197 31079 -7056 -23590 -19370 -29673 24542 -947 183 -16562 30971 8383 -10685 
0 0 0 0 0 0 0 0 0 0 0 0 0 0 0 0 0 0 0 0 0 0 0 0 0 0 0 0 0 0 0 0 0 0 0 0 0 0 0 0 0 0 0 0 0 0 0 0 0 0 0 0 0 0 0 0 0 0 0 0 0 0 0 0 0 0 0 0 0 0 0 0 0 0 0 0 0 0 0 0 0 0 0 0 0 0 0 0 0 0 0 0 0 0 0 0 0 0 0 0 0 0 0 0 0 0 0 0 0 0 0 0 0 0 0 0 0 0 0 0 0 0 0 0 0 0 0 0 
91 -12 0 0
0 0 0 0 0 0 0 0 0 0 0 0 0 0 0 0 0 0 0 0 0 0 0 0 0 0 0 0 0 0 0 0 0 0 0 0 0 0 0 0 0 0 0 0 0 0 0 0 0 0 0 0 0 0 0 0 0 0 0 0 0 0 0 0 0 0 0 0 0 0 0 0 0 0 0 0 0 0 0 0 0 0 0 0 0 0 0 0 0 0 0 0 0 0 0 0 0 0 0 0 0 0 0 0 0 0 0 0 0 0 0 0 0 0 0 0 0 0 0 0 0 0 0 0 0 0 0 0 
32767 32767 32767 32767 32767 32767 32767 32767 32767 32767 32767 32767 32767 32767 32767 32767 32767 32767 32767 32767 32767 32767 32767 32767 32767 32767 32767 32767 32767 32767 32767 32767 32767 32767 32767 32767 32767 32767 32767 32767 32767 32767 32767 32767 32767 32767 32767 32767 32767 32767 32767 32767 32767 32767 32767 32767 32767 32767 32767 32767 32767 32767 32767 32767 32767 32767 32767 32767 32767 32767 32767 32767 32767 32767 32767 32767 32767 32767 32767 32767 32767 32767 32767 32767 32767 32767 32767 32767 32767 32767 32767 32767 32767 32767 32767 32767 32767 32767 32767 32767 32767 32767 32767 32767 32767 32767 32767 32767 32767 32767 32767 32767 32767 32767 32767 32767 32767 32767 32767 32767 32767 32767 32767 32767 32767 32767 32767 32767 
0 0 0 0 0 0 0 0 0 0 0 0 0 0 0 0 0 0 0 0 0 0 0 0 0 0 0 0 0 0 0 0 0 0 0 0 0 0 0 0 0 0 0 0 0 0 0 0 0 0 0 0 0 0 0 0 0 0 0 0 0 0 0 0 0 0 0 0 0 0 0 0 0 0 0 0 0 0 0 0 0 0 0 0 0 0 0 0 0 0 0 0 0 0 0 0 0 0 0 0 0 0 0 0 0 0 0 0 0 0 0 0 0 0 0 0 0 0 0 0 0 0 0 0 0 0 0 0 
92 6 3 21
0 0 0 0 0 0 0 0 0 0 0 0 0 0 0 0 0 0 0 0 0 0 0 0 0 0 0 0 0 0 0 0 0 0 0 0 0 0 0 0 0 0 0 0 0 0 0 0 0 0 0 0 0 0 0 0 0 0 0 0 0 0 0 0 0 0 0 0 0 0 0 0 0 0 0 0 0 0 0 0 0 0 0 0 0 0 0 0 0 0 0 0 0 0 0 0 0 0 0 0 0 0 0 0 0 0 0 0 0 0 0 0 0 0 0 0 0 0 0 0 0 0 0 0 0 0 0 0 
-9999 -9999 -9999 -9999 -9999 -9999 -9999 -9999 -9999 -9999 -9999 -9999 -9999 -9999 -9999 -9999 -9999 -9999 -9999 -9999 -9999 -9999 -9999 -9999 -9999 -9999 -9999 -9999 -9999 -9999 -9999 -9999 -9999 -9999 -9999 -9999 -9999 -9999 -9999 -9999 -9999 -9999 -9999 -9999 -9999 -9999 -9999 -9999 -9999 -9999 -9999 -9999 -9999 -9999 -9999 -9999 -9999 -9999 -9999 -9999 -9999 -9999 -9999 -9999 -9999 -9999 -9999 -9999 -9999 -9999 -9999 -9999 -9999 -9999 -9999 -9999 -9999 -9999 -9999 -9999 -9999 -9999 -9999 -9999 -9999 -9999 -9999 -9999 -9999 -9999 -9999 -9999 -9999 -9999 -9999 -9999 -9999 -9999 -9999 -9999 -9999 -9999 -9999 -9999 -9999 -9999 -9999 -9999 -9999 -9999 -9999 -9999 -9999 -9999 -9999 -9999 -9999 -9999 -9999 -9999 -9999 -9999 -9999 -9999 -9999 -9999 -9999 -9999 
0 0 0 0 0 0 0 0 0 0 0 0 0 0 0 0 0 0 0 0 0 0 0 0 0 0 0 0 0 0 0 0 0 0 0 0 0 0 0 0 0 0 0 0 0 0 0 0 0 0 0 0 0 0 0 0 0 0 0 0 0 0 0 0 0 0 0 0 0 0 0 0 0 0 0 0 0 0 0 0 0 0 0 0 0 0 0 0 0 0 0 0 0 0 0 0 0 0 0 0 0 0 0 0 0 0 0 0 0 0 0 0 0 0 0 0 0 0 0 0 0 0 0 0 0 0 0 0 
93 22 0 -1
3563 1977 1931 -596 -6215 953 669 -7236 -2133 -8636 7526 -8399 -7565 4940 11918 -12046 -6052 9026 -6685 -3995 -1055 10997 -8822 -9497 2441 -3279 -6157 1083 -4489 2159 1437 7166 8650 8823 -10542 11273 -5520 -4716 247 5568 6270 2023 458 3397 7929 -3537 -11992 -4195 3514 7696 3520 -1043 3726 2242 11994 -9348 10277 3396 11059 -3186 9379 11535 -744 8223 -2372 11166 -11916 4984 -4415 -1195 -8049 2027 7666 10319 6070 -352 -5066 -3785 -3738 9562 -3442 5044 8690 -2728 -6721 -3914 5289 -3245 -3453 -9960 -6274 3260 2142 -688 -3074 3747 -720 3898 -10326 -4185 -4966 -9848 -3396 1823 -11088 -4833 -11608 1328 4869 1929 564 -6382 9684 5506 -1586 -3333 1502 -4125 -1047 -6039 10095 8592 9312 4944 -1422 6333 -11957 6806 
-18842 -968 -5019 13081 8877 -10521 -3487 6739 7875 12664 -18418 -2968 28731 23821 27094 -22169 9044 26700 26565 -6266 31584 -18254 4055 4862 9084 -19874 -17623 -18294 10267 1186 -10199 28949 -19538 29764 9006 7094 16163 -30695 -14837 -18075 -1690 -20581 -9813 -14627 6320 12649 -18285 19034 10963 14690 11148 32727 -30654 -26052 -6542 28648 14099 -21343 26999 -14969 -31514 25852 -12290 -30755 9546 11535 32101 24269 8494 23060 4095 -30305 -4310 7598 27526 -18368 22345 19267 28550 -10244 14277 -7178 -31814 3455 14408 29802 16016 6324 7542 6247 -30453 26557 13646 32013 20975 14986 5398 -28662 19770 26778 -11620 31165 28021 26212 -12761 -11705 -3323 19195 -27305 10045 22647 -11297 -11139 -4123 -29160 -24081 22534 -5785 24877 -102 -8559 24934 6974 10317 -22472 -7938 -1468 13350 
-4337 -124 -626 -504 -3564 -648 -151 -3150 -1085 -7065 -8955 1610 -14041 7602 20861 17252 -3536 15569 -11473 1617 -2153 -12968 -2311 -2983 1433 4210 7010 -1280 -2977 165 -947 13402 -10918 16965 -6133 5166 -5764 9352 -237 -6502 -685 -2690 -290 -3210 3237 -2890 14166 -5158 2489 7304 2535 -2205 -7379 -3773 -5069 -17301 9361 -4682 19289 3081 -19095 19265 591 -16338 -1463 8321 -24712 7814 -2423 -1780 -2129 -3968 -2135 5065 10794 418 -7313 -4711 -6894 -6328 -3175 -2339 -17860 -609 -6256 -7536 5472 -1326 -1682 -4020 12343 5593 1888 -1423 -4165 3628 -251 -7218 -13188 -7240 3728 -19828 -6148 3087 9141 3655 2492 1647 -8589 1252 825 4658 -6969 -1467 2988 5185 2187 1542 -1683 40 -5582 13840 4195 3295 2064 -3248 1134 5870 
94 21 19 18
-2966 -1566 3655 8150 -345 -1767 2702 -6590 -8956 -3118 10193 5667 10530 -6973 -7390 -735 369 8306 -5822 -1671 7360 9488 1247 -4304 -8660 6356 -932 6290 2605 -8799 7540 -3463 10195 -7075 -4974 -3204 3949 3200 4771 -4450 10856 5447 4761 10836 -4910 2714 3147 5592 8329 5206 -6389 5445 -10214 -7026 -71 -741 7176 5753 9134 6952 3699 -6560 -750 -7570 5326 873 -10753 -55 -1206 571 -10377 3570 59 5948 10925 -2311 -959 6102 -8993 9968 -6389 -4379 2254 -6231 10089 -7140 -1524 -3631 783 -7628 -607 -7331 9919 -6725 1074 6960 -8985 37 -9241 3618 -9140 -2708 -8346 5074 -4364 5797 -5949 5081 -1035 1455 2090 7992 4089 -10643 -7021 5350 -3330 2264 -2219 -1796 -7425 -1169 -9003 5157 9820 6885 -2676 2316 
9440 -30578 7293 27705 5743 1721 -20414 -12425 6856 -8810 -1696 15871 -31588 29207 -23177 29384 -8113 -31328 -7086 15130 7183 26735 12701 -8752 5438 -30302 12690 -26664 -16536 -5496 6949 30801 -7863 -23738 24680 1184 19004 21797 -6102 -2688 3265 -17331 5389 10414 11499 -4283 -11247 -4312 31642 17559 24152 11383 23866 1832 -11531 -8156 -16391 -1736 642 30279 -8027 -12647 -12536 -14175 11998 1186 5744 -32313 -23603 15398 -14610 -12693 -27660 -5162 184 31909 13476 -12255 17803 19589 4137 -24643 7372 9738 -13544 8016 -9722 32254 23421 32477 -4334 6741 25445 12570 -21720 22802 -12631 27249 -8388 -4824 26478 -32165 -24511 -18580 -7493 -18365 21768 21965 22017 -26477 -15425 4161 12016 13609 -29131 12892 -13319 -8078 -31484 27091 16962 25027 20994 -13115 25571 -12149 8030 -31700 
-2171 3712 2066 17504 -154 -236 -4276 6348 -4760 2130 -1340 6973 -25786 -15788 13278 -1674 -232 -20172 3198 -1960 4098 19665 1228 2920 -3651 -14931 -917 -13002 -3339 3749 4062 -8269 -6215 13020 -9517 -294 5818 5407 -2257 927 2748 -7318 1989 8748 -4377 -901 -2744 -1869 20431 7087 -11962 4805 -18898 -998 63 469 -9118 -774 455 16319 -2302 6432 729 8319 4954 80 -4788 138 2207 682 11753 -3513 -127 -2380 156 -5717 -1002 -5797 -12412 15137 -2049 8366 1288 -4704 -10593 -4437 1149 -9079 1422 -19205 204 -3831 19566 -6553 -1808 12303 8798 78 6009 -1353 -18761 6752 15859 -7309 2535 -8253 -10039 8652 -1767 -2987 -2499 2578 3809 -11229 15856 5347 3438 -1418 5416 -3772 -9764 -2268 -14653 -5243 19467 -6485 -1666 -5692 
95 25 14 14
-3597 -23355 -18836 2464 20176 15783 -974 5954 15493 3156 -4916 23342 -8666 19325 9819 -20653 16855 467 -17930 -16966 20248 8803 2499 14549 -3256 -10702 -11970 8738 964 -19175 -3020 -18707 -7502 -7015 8816 15872 -20357 9098 7692 -2156 18239 22616 1381 -11567 -12087 17860 11167 -1992 -7731 14930 20248 6853 4486 -19363 -535 4697 -8993 7594 18396 -18718 6912 -14073 7290 14813 6408 -17328 -21414 -18584 -17903 15258 -10859 17069 11601 -7342 21217 -21216 20633 9587 -6181 -4837 1115 6384 15418 -21995 7144 -13408 -19377 -5112 8820 -12840 4855 5884 8151 -4354 -13988 7809 20666 -22847 22555 -11581 4888 6395 2920 6925 22990 -11650 22251 -22979 19370 18561 -16474 -11972 -21877 -13066 431 21445 7969 7759 2401 21424 18513 -8427 -3601 14310 -5829 -8927 -8908 22381 
5324 -8185 -14590 -15485 3440 -8647 13109 22049 21304 6060 -6320 9573 12512 25257 12235 18069 16731 -24238 -14468 -8636 10173 -3733 31696 8623 -8065 -1923 14591 22314 -16876 -1150 -8378 22323 -9585 -23798 -5563 -3712 20709 8407 9922 23448 -11266 -22912 -30257 -21706 14148 -20120 -15241 21737 -19128 1250 -30952 -14638 26927 -28982 -23150 21696 -1907 21123 32662 5994 4102 23552 -427 8992 22151 -412 14868 31929 -4064 -26759 5961 8123 1319 13919 23167 4350 -6798 19746 -23086 -26815 30389 -8379 -1497 -19581 -4388 -26421 -19980 -5467 15528 -5771 16153 -31657 -11759 -8632 20941 -23720 -1444 20317 29427 20617 -31183 15092 -1051 11545 25101 -15965 -15129 -10334 -31694 -4573 -1068 -31661 13667 -31274 19134 -18914 15020 19412 22711 -12616 -664 9759 16153 26817 -54 109 -21298 -17252 
-528 5267 7571 -1051 1912 -3760 -352 3617 9093 527 856 6156 -2987 13447 3310 -10281 7769 -312 7147 4037 5675 -905 2182 3456 723 567 -4812 5372 -448 608 697 -11505 1981 4599 -1351 -1623 -11615 2107 2103 -1393 -5661 -14276 -1151 6917 -4711 -9900 -4689 -1193 4074 514 -17266 -2764 3328 15461 341 2808 472 4419 16554 -3091 781 -9132 -86 3670 3911 197 -8772 -16348 2005 -11249 -1783 3820 422 -2815 13542 -2543 -3864 5215 3931 3573 934 -1474 -636 11866 -864 9760 10666 770 3773 2041 2161 -5132 -2641 1035 -8070 -5103 -822 -12789 18286 -6578 -4199 2659 -85 2203 15899 5124 -9275 6542 -16914 -2338 485 10443 -8237 11258 227 -11175 3298 4150 1502 -7447 -339 -2266 -1603 10573 9 -27 5227 -10638 
96 21 19 18
-12670 7754 14591 14487 8766 3627 6017 8072 11012 -6750 -15221 4052 -16368 477 6665 -15435 -15677 -2198 12484 -374 14474 1520 13830 -3563 -3044 -7962 14683 3298 1199 -5004 529 -9945 7965 -17955 -14926 4212 1797 11026 1579 10015 6610 18773 12058 13297 -4909 -13229 -8537 -17032 -16237 -553 -779 -9469 -481 -222 2264 -10273 -16313 1324 1996 -14323 2441 5066 809 6133 6181 5680 4400 -1111 11013 -16293 3121 -18562 13821 11458 3593 10923 14864 14556 -16409 -13603 -18559 5127 459 -95 -17775 -1952 -2478 -3633 3230 -14683 2387 4932 18416 8224 -7313 2873 -13276 -2403 -8112 7776 10586 -5921 13421 -14393 3689 3502 -10159 -13372 -9581 -17169 5125 6877 5449 -14007 -6789 17117 -1140 -9275 4248 16497 9666 -11471 15157 10337 -11103 -7071 17482 285 
16188 -2151 21798 -23168 -25382 -12116 27523 -31325 -12851 -26074 8380 27908 5524 -17234 -23983 -1930 318 21234 9596 -9342 13926 4391 -21607 -16086 -18530 10598 10958 -12875 117 23110 22488 -14499 -1411 12230 22823 -12686 -373 -934 -31568 18598 17527 -17777 30058 -12895 -13718 24128 -30574 -12648 15073 -18162 8717 20254 -2273 -11014 -28337 -119 -18535 -22718 -16411 -4813 21091 -19194 21846 13010 -18330 2490 11222 -9265 2537 23053 -19876 -31231 994 -32269 18 -14533 -21753 -4331 -32618 7961 14937 18429 -13262 23752 11081 26726 -29409 15349 19134 -16625 7934 7006 12103 4980 19944 -27056 -29835 -803 -30569 -24803 5264 -30989 -18391 16006 18347 21661 -7072 -22303 -29534 -16968 -22865 -31037 23371 -8743 -29777 15182 32294 3028 18054 -18479 -18219 18914 -9645 13004 -24116 16819 6331 11365 
-9820 -799 15228 -16070 -10653 -2104 7929 -12106 -6776 8427 -6107 5414 -4329 -394 -7653 1426 -239 -2235 5736 167 9651 320 -14307 2744 2701 -4040 7704 -2033 7 -5537 570 6904 -538 -10514 -16310 -2558 -32 -493 -2387 8918 5547 -15979 17353 -8210 3224 -15282 12497 10314 -11718 481 -325 -9182 52 117 -3072 59 14477 -1440 -1568 3301 2465 -4656 846 3820 -5425 677 2364 493 1338 -17983 -2970 27756 658 -17703 3 -7601 -15481 -3018 25626 -5185 -13273 4524 -291 -108 -9430 -2498 3489 -2670 2959 11688 907 1654 10672 1961 -6983 -3722 18964 92 11873 -9234 2668 8785 -11818 -11030 3241 3632 3440 14279 13548 13948 -5611 -10219 6097 5863 9679 12442 -1763 -1345 3672 -14596 -8432 -10388 -6999 6436 12820 -5694 5299 155 
97 22 13 12
-12435 -8782 -12809 11593 8452 -14339 -11195 1606 3329 4089 3712 1690 13124 5603 4856 -13456 5105 -11000 -6942 2630 199 5994 2456 10070 5888 -1219 3420 10244 -5608 5514 10544 7024 -12553 12421 13379 3411 -7773 679 -3005 -1263 -6173 7177 2302 5443 4572 11823 14072 13347 -3714 6958 -5398 4701 462 1235 6087 -6342 -13689 -9378 -10455 -7056 -10595 4199 7592 12249 10179 6809 -7345 1192 5379 -13171 -6875 -4065 1699 -12877 -9029 8962 -2819 -8257 -10993 -12820 -11134 1242 9662 -9785 -9578 14299 6093 1104 7562 2491 12981 -14513 -7092 -5309 14097 3348 -12174 12054 -11174 5116 -8187 6032 -463 13835 -5084 5029 2832 -13375 475 -565 7850 4672 8319 -2462 2779 -11335 7719 14217 3995 14214 7214 -7459 -220 2416 4346 2185 8844 -3355 
9256 -901 -17056 -19050 12855 22260 2936 7593 -26721 1134 -4996 30649 -19587 -31867 -20945 -7794 -15166 -6522 12789 -16340 10826 -22656 21510 -80 26432 -18783 826 6594 16193 -21544 5207 -5294 20136 -9787 31396 7133 21994 31 24167 -27151 -16582 -4726 -29483 -9619 -27698 5140 320 32215 -22943 30969 25005 -137 -22355 563 -17991 27185 17924 30269 18805 -17366 28979 7175 -25315 -3387 22756 -14317 15629 -18506 -11464 10284 19383 25247 -14183 -28766 22908 24496 13200 10877 -26702 26189 -20341 -24703 28599 23138 -14787 -28796 -3856 -6891 28126 -10990 5051 13095 26544 3143 3987 -22258 -8347 28622 21154 25493 9790 -7098 -12495 28550 29166 6916 -13635 -6877 -28372 23877 9588 6513 -10789 -6919 20670 19027 10311 24311 -23098 19578 24686 15565 -19386 -16540 -11547 3567 -4390 -7944 
-6185 425 11739 -11867 5838 -17151 -1766 655 -4780 249 -996 2783 -13813 -9594 -5465 5635 -4160 3855 -4770 -2309 116 -7297 2839 -43 8363 1230 152 3630 -4880 -6383 2950 -1998 -13582 -6532 22570 1307 -9186 1 -3902 1843 5500 -1823 -3647 -2813 -6805 3265 242 23104 4579 11579 -7253 -35 -555 37 -5884 -9264 -13184 -15253 -10564 6584 -16498 1619 -10327 -2229 12446 -5238 -6168 -1185 -3313 -7278 -7160 -5515 -1295 19904 -11114 11796 -1999 -4826 15773 -18040 12169 -1649 14848 -12165 7610 -22125 -1262 -409 11428 -1471 3523 -10212 -10115 -897 3020 -4004 5460 18538 -12701 7008 -4307 -2301 311 21224 -7968 1869 -2075 4942 -724 -725 4044 1635 -4823 915 3087 -11589 4277 18572 -4958 14953 9569 -6238 229 -2147 -2697 419 -2086 1432 
98 23 -1 -2
-5537 12497 3183 -12699 3779 10307 5271 -1885 -1154 -7953 -7770 3959 12853 -3967 -5634 11750 -8062 -8033 -3532 3765 9551 8276 -9724 -2046 10468 -11051 -6101 -10 3433 10511 11179 3547 -1046 -767 -12971 112 -12063 5943 -6876 10421 5867 -9072 10346 -5426 -10479 1786 6101 10933 4053 9244 7814 -8544 -6344 -10126 -6995 -9199 6169 8935 9742 -10992 11949 4063 10456 2772 -3220 -12072 10243 -10155 11902 -7508 -6870 -8611 11937 4142 -8483 -1135 7234 -6895 6973 8330 -11189 -3019 1298 6787 -7371 5433 3731 -4493 -8473 3554 -530 9098 12914 -5395 225 9459 -12772 11448 2629 -9747 -9930 3424 1364 805 10179 -5964 10048 5407 -8790 3114 2704 3251 -11033 3185 182 -9730 10404 12576 7203 -3468 -6061 5144 -5031 -2638 1180 -7182 -10554 -5401 
-11584 -3977 3997 3843 26903 -11099 -27832 8292 -1434 -7344 8817 -7142 17126 -18611 5629 -5816 19762 14475 -21553 -19309 16113 -10600 20366 17827 -12892 -21593 12154 -1733 527 -25883 -23017 -27769 5639 18011 -31232 12005 30395 6324 -3229 -31960 -32704 13597 -23732 -1498 1600 29116 6069 -27577 -18184 19556 -2391 -12976 27849 16640 -4747 -30039 23626 14591 17342 -21784 5497 6810 15637 -338 17496 -28789 19811 -9011 -16227 16057 -29765 5122 -5475 11375 30717 -21228 5242 4988 7792 12150 -10515 -8385 22870 19630 1590 2300 -19037 8292 3824 -24818 -20845 8387 -31833 8855 -28889 -4144 -3602 -2337 27659 -15872 -19651 10813 -1356 -32376 -20412 19595 8891 14086 28803 -18832 -17100 -11219 -23260 -1042 3336 -5182 9937 5708 -21592 -7331 -16099 1279 -19926 24351 -28964 25964 5469 -29421 
2806 -2174 557 -2135 4448 -5005 -6418 -684 72 2555 -2997 -1237 9630 3230 -1387 -2990 -6970 -5087 3330 -3180 6733 -3838 -8664 -1596 -5904 10439 -3244 1 79 -11902 -11257 -4309 -258 -604 17723 59 -16040 1644 971 -14570 -8394 -5396 -10741 356 -733 2275 1620 -13190 -3224 7909 -817 4850 -7729 -7371 1453 12089 6376 5703 7391 10475 2874 1210 7153 -41 -2465 15204 8877 4003 -8449 -5274 8946 -1930 -2859 2061 -11399 1054 1659 -1505 2377 4428 5147 1107 1299 5828 -513 547 -3107 -1630 -1417 -3859 483 3338 -17984 -2090 -284 -1715 2013 -1170 3181 6768 8537 1620 -81 -1140 -9090 -5113 3908 3332 -11076 -2565 -2023 -1596 11227 -145 27 2206 4523 3140 -6804 1112 4269 288 4386 -2810 -1495 -8158 -2525 6952 
99 40 -4 11
-333 -10518 -17110 2907 -21919 8608 18198 -10485 3946 20833 20557 13124 7356 13566 16804 -17898 11028 -21132 -4797 4771 2468 156 15520 -19728 21194 885 2829 -16790 16583 -12365 -5516 -8599 -20517 19951 15747 -4273 -15761 -10458 -11059 -3625 3082 -10291 -20194 -6526 14372 13118 -787 -14259 3636 13357 12131 9867 3950 21374 11756 -768 21732 18387 15097 20454 4637 21218 -21208 7098 -1473 -8169 -11347 -11980 -14061 17696 7913 2223 -13932 -10479 -13681 7310 7068 -20751 -1107 13528 -18173 -6983 3987 8690 -8240 1955 -14948 8649 12022 15226 -19433 -2652 14171 10115 9809 11901 9427 -20494 -5697 -3102 -10248 -854 16149 1852 -5337 14464 20786 -18393 5803 -18632 -19176 8799 -17703 -22041 -7428 -15770 11232 -9879 -3583 1498 -3786 -8882 20196 19696 -21171 -17648 20345 11123 
20952 -15301 2415 -6094 -19974 16874 11456 -8735 -5950 -514 22736 -3012 19666 12316 1630 3991 21159 17720 -18574 28038 6085 25851 -30946 -7814 23018 -22385 -20265 -30112 5374 18389 15658 11968 13387 23121 -15515 20070 24967 -10951 -23639 20004 626 5632 31449 -5340 23862 -26636 20680 720 24412 24108 -18611 -27427 11432 30434 18620 11850 16111 25548 19408 -30267 32558 26104 25854 -27339 20141 -7054 6357 11481 -9121 -4861 -30840 15141 -18241 16762 32327 24831 -10282 25977 -27478 -22821 -28351 -24275 -16350 -32307 -29253 7792 2701 25935 -19523 28237 22259 9704 346 28038 -17099 10898 143 14622 -16453 21677 22025 -16053 -13929 -15701 -13097 13702 -19654 9289 23469 28807 -12152 -7442 -20782 -29879 -15092 -26907 -2463 18201 -5540 -10211 31727 -21678 -13963 -4568 12020 18586 6713 -2584 
-208 4796 -1231 -528 13048 4329 6213 2729 -700 -319 13929 -1178 4311 4979 816 -2129 6954 -11160 2655 3987 448 120 -14314 4594 14539 -590 -1709 15067 2656 -6776 -2574 -3067 -8186 13747 -7281 -2556 -11727 3413 7791 -2161 57 -1727 -18927 1039 10221 -10413 -485 -306 2645 9597 -6728 -8065 1346 19386 6524 -271 10435 14000 8732 -18450 4499 16507 -16341 -5783 -884 1717 -2150 -4099 3822 -2564 -7273 1003 7574 -5235 -13181 5410 -2166 -16065 907 -9201 15355 5052 -1943 -8367 7184 454 -1203 6685 -6995 12813 -12891 -767 146 8452 -4999 3865 40 -8931 2793 -2004 -6727 409 -6704 -867 2083 5906 -12175 -5092 4059 -15996 6945 -1952 10964 19627 3341 12646 -824 -5359 592 -456 -3580 5738 -8404 -2681 -7584 -9775 4070 -857 
100 29 8 12
-12133 -1557 7307 11121 17936 -13865 10908 -15 1849 8983 -25340 4535 20574 21995 7660 17102 -9392 -24666 -3247 -22589 15314 -10620 5581 4196 11896 19150 459 -6993 -26281 -736 12499 -12861 -1794 9874 6271 -16977 16783 8732 15846 4469 -8134 4993 11963 -7345 12787 -3215 -18044 15974 25458 -15074 -7869 -11209 -25320 -26144 21295 -22099 18766 -19828 26568 -1489 -24133 -15778 10735 -1392 18544 4661 -5506 3337 9113 16647 23552 -10784 -2047 15695 -2982 7104 -6803 25682 18185 19602 -11229 -20182 -9165 -10629 12887 11113 -22312 555 26576 12194 -18048 4532 498 11252 -6004 -12297 -6809 7676 24898 349 2931 -1674 17149 -22972 4440 -15238 -10881 11896 9538 -14922 -25479 -15887 4292 -24995 -24957 1918 4498 -4658 13719 -4808 -9307 7981 -176 10243 19460 12928 -20813 -2158 
-26770 23806 -31449 -10590 -28161 -19705 -13405 -8135 28469 -15798 -5427 -20121 4621 -7222 -3165 25007 -8414 -21977 28907 18579 -10427 -11327 26243 -28773 -13798 3251 -7351 -18878 20189 32699 19967 -7727 -9880 7153 -3870 -25169 32754 19827 -25582 9904 20179 -19952 7691 27686 -24343 -10649 18549 -27736 27323 -22641 -6302 -21287 12380 -20780 7069 -30480 -16773 -19297 -14441 -17877 14299 7912 -1991 12124 -26915 -14944 -4779 22446 -7886 -11482 -5945 -23062 20829 27383 -20556 -22657 -23209 -23754 29373 -32539 13900 29899 11430 -28030 28100 10282 21716 5495 12779 20619 -7048 -29747 7355 11545 -8315 3090 -9784 -2371 -4791 -18290 5474 -16544 -25245 -11225 16543 9158 -28375 10006 -30903 -2827 23653 -31105 18670 18602 -8196 27909 12224 11812 31494 4437 -14051 15771 5837 17320 2835 5495 -19754 1413 
9676 -1104 -6846 -3509 -15048 8139 -4356 4 1568 -4228 4097 -2718 2832 -4732 -722 12741 2354 16150 -2796 -12503 -4757 3584 4363 -3597 -4890 1855 -101 3933 -15807 -717 7435 2961 528 2104 -723 12730 16377 5158 -12077 1319 -4890 -2968 2741 -6058 -9273 1020 -9971 -13199 20723 10168 1477 7108 -9339 16185 4485 20067 -9377 11399 -11430 793 -10280 -3719 -637 -503 -14869 -2075 784 2231 -2141 -5694 -4171 7409 -1270 12804 1826 -4795 4704 -18174 15913 -19002 -4650 -17977 -3121 8876 10788 3404 -14435 91 10118 7490 3790 -4016 109 3870 1487 -1132 1985 -542 -3554 -190 478 825 -12898 7682 2188 -4157 9198 3546 -8781 1257 -17954 14722 2387 -13852 6094 1595 1638 -1639 12872 -636 3896 3750 -31 5285 1644 2116 12249 -91 
101 44 15 34
-12239 22512 -14027 -894 -7696 16921 1548 10050 22609 -17771 -3313 -7396 13045 13035 -17086 -12423 -2405 -7623 3392 8592 -22644 -6465 -15018 -19068 23272 -5599 9577 12313 -3030 -21960 11807 11951 -8462 -15417 -22689 -21931 14569 -16992 -16967 -22372 -8811 17673 -15980 6186 15944 -19545 15799 -1542 18535 2657 -15646 -13162 726 4998 10960 4742 -11422 -2677 -3289 16659 1024 -8388 19995 13525 7732 2625 -12793 -3332 4993 2427 14137 21446 12527 3289 5308 5427 -21010 -16076 -10107 -9289 2612 22138 -5721 2121 -14702 -15679 -11511 10104 -11087 22377 -17157 11404 -9991 -6736 3870 11192 -10196 -1553 5609 6043 17439 -12776 17237 14063 19069 -2482 -1347 22651 1593 21750 -14186 7521 -18647 -4892 12710 -4354 18803 -22298 13312 -22696 21185 2158 11125 -1943 -21680 6845 -7202 15818 
11811 -1658 11782 25524 -19318 -1854 -32441 -19189 22711 -18691 7341 11835 10290 12127 -28701 20847 -14900 16874 1959 18780 -6664 20042 -19546 17317 10038 -5994 -3497 -27097 1772 13874 -20617 22168 -13425 5825 -6595 -9277 -27144 23339 -3163 19018 28585 -6038 1961 -23228 5717 -1720 6471 -4299 -224 -22592 -22099 4438 -31173 26827 -29870 -19754 -734 7789 5256 -32477 -11561 -28077 2611 7966 -6954 -5990 -13718 24059 -29306 -21205 8075 1168 -12277 -10929 13290 439 8662 24386 -440 -13488 32205 -6706 8189 11845 29249 -29269 -19210 -21210 -23700 -31995 -26802 -14245 -3717 -32268 -5802 -28158 21713 24685 -21555 18316 -823 17602 -6740 -15187 -15120 -32594 10657 -26471 -8673 -4079 -5837 -15651 18200 22731 9703 -2291 -2162 1361 14108 -18355 -1424 18362 -22294 -12968 25930 25130 13933 15407 
-4308 -1112 -4925 -680 4431 -935 -1497 -5747 15303 9899 -725 -2609 4000 4711 14615 -7718 1068 -3833 198 4809 4497 -3862 8748 -9841 6962 1000 -998 -9943 -160 -9080 -7255 7896 3386 -2676 4459 6063 -11786 -11819 1599 -12680 -7506 -3180 -934 -4282 2717 1002 3047 198 -124 -1789 10304 -1741 -674 3996 -9757 -2792 250 -621 -515 -16124 -353 7019 1556 3211 -1602 -469 5230 -2389 -4361 -1534 3402 747 -4583 -1071 2102 71 -5424 -11683 133 3734 2507 -4424 -1396 749 -12816 13677 6590 -6387 7831 -21337 13704 -4841 1107 6478 -669 -9392 -6598 -1142 -3603 3299 -428 -6702 -3462 -6365 -8593 2411 -428 -17869 -412 -2644 2468 -3508 -10114 -3314 3675 297 -1212 -904 5597 12415 -899 1181 -7392 751 -16754 5126 -2991 7263 
102 40 2 17
15995 -15321 -16785 -17347 -25320 29165 6360 -11708 26355 1883 10550 -13500 6825 8921 31633 17431 26831 -29038 5800 -6968 -30295 15949 -25917 -25997 -26280 11591 30446 26225 -31790 -11580 -11144 -16845 17640 19072 8027 -7845 5601 -6456 -32614 -15989 -25425 22046 -2959 23525 -17696 -6384 20048 22255 12327 19178 16641 -6345 31913 30551 -11090 -30752 24534 12446 -1765 -524 8607 -23491 19177 14418 19527 -7220 11027 21998 -21632 30642 -26157 -27682 18786 22752 -27022 -38 -16680 -21824 17195 9546 -20325 -6331 -19932 20414 10708 26427 5508 -1258 27846 -21459 -22764 -22952 18755 -22726 -32310 -23429 -19583 -18956 16326 -23345 8430 -25686 27441 12491 21470 -17674 -30434 -27189 5315 11241 -6996 433 7899 12208 9711 171 23065 -23580 -1307 -6598 -26850 -10756 18123 31569 19168 29147 -7563 1965 
30327 -28890 26032 23724 -12236 -31039 5106 -6522 -16076 31083 28072 12690 -32621 -16423 2866 -1423 -3356 -18460 29954 12298 -14630 5494 -22815 5708 30865 -13397 -7907 -26379 2865 3811 2478 -11224 970 -15492 24965 -21974 -2946 -5477 -28838 10375 3477 9631 20838 17623 20661 -23438 253 -27207 -10351 -28599 -24184 -26624 -26015 16486 8678 2307 -1690 27949 14558 -28610 -24216 3948 -10422 -27248 -27437 28771 15029 -27620 30429 6394 -17769 20561 9773 25925 -10420 -23437 -23729 10377 -31254 -7760 -19424 31924 -32598 12115 -29140 22311 -1390 -5012 -12397 -22592 -17238 28106 -20054 -32182 -5692 -7555 2538 238 14368 26872 30233 -29328 15890 16700 3216 -367 25937 21655 20129 -17046 -25575 21367 -2408 -3511 -19559 25915 -17139 -4834 128 -30477 11114 -14781 22626 -3608 -12551 -12946 -1732 7358 
14457 13191 -13022 -12265 9233 -26979 968 2276 -12627 1744 8826 -5106 -6635 -4366 2702 -739 -2684 15975 5178 -2554 13209 2611 17622 -4422 -24174 -4628 -7175 -20617 -2714 -1315 -823 5635 510 -8805 5972 5138 -492 1054 28030 -4944 -2635 6328 -1838 12355 -10896 4459 151 -18045 -3803 -16346 -11994 5034 -24742 15010 -2868 -2114 -1236 10367 -766 447 -6212 -2764 -5956 -11708 -15967 -6191 4939 -18107 -19617 5839 13852 -16963 5472 17579 8391 27 11796 -6749 -16016 -2208 11766 -6023 19364 7371 -9299 17572 -228 188 -10288 14448 11695 -19225 -11209 21796 5481 5275 -1481 -134 6991 -18696 7596 22451 12995 6217 2058 193 -23525 -17547 3188 -5711 5332 276 -567 -1277 -5661 132 -11781 3397 -5 5993 -8893 4738 12220 -3395 -7170 -11246 390 431 
103 34 7 16
-15222 -6241 -22881 -8305 -10854 23049 16817 17774 -6924 14250 -15423 -6913 -21765 4370 -7508 11761 -16486 4381 -21879 -22636 -11191 15147 19884 -16054 -11752 -4958 -13195 12608 18657 -9189 -10963 -16726 -515 12876 3364 3613 -3009 -1828 822 -393 -20075 -1248 -18653 7497 5877 9024 -20929 -7914 23076 11572 17450 -11257 -2830 1703 -12353 19599 5131 -20494 15322 -11250 -5556 18691 -5965 13207 15117 11310 -989 -4146 7345 3004 14197 11684 -17950 -20381 -4049 -3684 -19854 -17910 13560 17309 -4878 13309 -8603 3382 -196 11336 -3995 -4036 -13711 -12041 14403 -18503 3960 22666 23087 -14432 -12708 13993 -11361 21626 22327 -23158 1672 -7990 4610 -19595 -12964 -19717 -3713 -10109 14053 14107 4695 -18937 -20862 15424 1077 22803 -20119 20121 -12205 15044 8768 15306 -15867 20032 3413 -4632 
-7423 -18300 24597 -12142 32557 -6725 -29326 -8324 17834 -27627 -12086 -29957 21998 -28540 -32219 -27298 -19765 -11946 23529 -13609 4296 -11882 -20198 12249 14631 -20718 -4848 16657 29269 -24651 -13133 -17425 8479 19355 12705 20517 -29284 -8337 -14303 -4619 -11991 18925 -840 5940 23327 507 25354 -14022 -22929 -11910 -22747 16510 -27749 30366 -26030 -319 -11919 -6064 -32738 -8970 12366 -11444 3354 -20133 -26737 32755 263 21655 31469 -20739 -947 14053 28858 -23123 26903 6784 -3855 -7553 5005 11049 -7172 30001 7821 -3397 14621 -19088 4494 -13031 -6200 13579 1092 4166 25939 -25315 11567 -9717 15109 30697 1335 -21707 -5200 4532 20197 -19471 25089 -21703 -14996 27084 29339 7692 19749 -19700 -18881 22356 -2938 299 10287 23909 21931 25781 20655 -14097 -30523 -31647 2352 25830 -12230 -6328 
3367 3404 -16773 3005 -10531 -4619 -14698 -4409 -3680 -11733 5555 6172 -14269 -3717 7209 -9568 9711 -1560 -15342 9181 -1433 -5364 -11969 -5860 -5124 3061 1906 6259 16274 6751 4291 8686 -130 7427 1274 2209 2626 454 -350 54 7174 -704 467 1327 4086 136 -15814 3307 -15769 -4107 -11830 -5539 2340 1541 9583 -186 -1823 3704 -14949 3007 -2048 -6375 -596 -7924 -12046 11041 -8 -2676 6889 -1857 -401 4893 -15438 14045 -3246 -745 2281 4031 2023 5700 1043 11900 -2005 -342 -85 -6449 -535 1567 2533 -4873 469 -2297 3061 -17100 7959 4179 -5722 12801 -452 -13990 -3460 -3128 1006 4636 3447 12674 5794 -15915 -3247 -2317 8271 -8282 -2642 -12617 1827 137 330 16248 -13150 15460 -7513 -6320 -7976 -14436 -1112 15421 -1244 874 
104 32 -3 4
-14187 -26645 18982 -1040 18973 -12821 2901 22929 -24723 24958 -14258 2066 1381 22462 20257 -28035 -26589 -4559 -14396 -8108 317 21800 -5687 -25347 -9395 -6076 -19430 6654 -23549 11034 27171 -4183 -12427 -12363 -15570 6633 -16343 -25697 -8288 10064 -23815 15496 1295 -94 -21863 -26456 -23351 24408 12966 1149 -11256 1721 531 -27541 27057 -26891 12662 17063 -25295 15778 -14980 10479 -26412 -3980 13382 4986 -9038 13659 -19923 26001 22938 -23070 -26230 15085 5066 19823 18150 29101 13262 -2001 25988 -18099 -8406 24830 -7948 -26967 22117 1440 22398 25398 -6081 9019 20719 -25523 18537 15471 -25381 -15770 -2426 -10321 10028 1176 23788 13366 -676 -5874 -24531 23158 -4369 21055 27572 -14901 -15059 10503 1244 -15695 -16155 20299 -6075 -5601 12504 10907 -9550 -5404 -13985 16231 -7900 -24405 
4905 20018 11821 29079 -10848 -19579 -26391 -30800 12691 -1144 3250 -7876 -24684 -4836 24878 -10919 -9842 -6427 -30572 -30853 25734 -25358 -8129 -4969 -13517 3369 14478 -7818 -23942 32084 -27679 -5716 30502 -12618 7781 -24784 12854 9741 -32475 3820 -14377 -29971 -1622 -9693 5602 12887 418 32148 -932 -21515 -31910 -31366 -19305 -3483 -2044 29702 4880 -10934 -11797 -23183 24712 22973 -27084 -8669 -7581 -9451 24491 -29237 -20891 -14535 3044 29029 16500 -29597 30366 -25334 -20596 -22729 22363 -514 -30987 31263 18821 15019 -15409 20148 -1087 27079 21700 1800 3152 19726 -4564 24977 8063 -28289 -26259 9723 14675 -15825 -29390 15195 -14715 -16255 28981 -7341 -27930 20635 4371 13431 17258 -15770 -6493 -13221 28681 24397 -28176 23579 -23199 26193 16980 -23933 13371 4751 23280 -30798 27299 -14873 
-2074 -15896 6687 -901 -6134 7481 -2282 -21047 -9351 -851 -1381 -485 -1016 -3237 15019 9123 7799 873 13116 7455 243 -16475 1378 3754 3785 -610 -8384 -1550 16803 10550 -22413 713 -11296 4649 -3611 -4899 -6261 -7460 8021 1146 10204 -13841 -63 27 -3650 -10161 -291 23385 -360 -737 10704 -1609 -305 2859 -1648 -23803 1841 -5560 8893 -10901 -11032 7174 21319 1028 -3023 -1404 -6597 -11901 12404 -11263 2081 -19958 -12898 -13306 4585 -14966 -11141 -19712 8839 31 -23999 -16863 -4715 11114 3650 -16192 -716 1162 14485 1362 -571 5302 -2818 -18998 4454 -13043 19862 -4570 -1061 4868 -8783 533 -10432 -6475 -584 1285 20419 14241 -569 8428 14181 7003 2914 -4138 1063 -11412 13565 14264 4200 -4372 6328 -7779 -3806 -765 -9703 -14898 -6427 10817 
105 37 14 30
881 -2027 406 463 835 60 2141 968 95 -1817 1523 -763 2239 447 1849 2118 -47 2006 1338 -1228 88 383 -2030 218 -1759 983 -1758 349 -988 -1157 525 -2218 729 1655 -212 -658 1645 -19 26 60 1549 515 361 1975 -1316 2120 2161 -1171 39 -1640 119 666 -1883 -1554 850 271 1854 -1871 -1135 1710 994 -943 -234 -529 1198 -976 -2119 802 978 -916 738 -1523 1938 -362 1077 -2202 234 -945 305 1231 -496 -56 31 2245 -1807 1668 890 1541 -2023 -122 -425 1816 -1293 -895 361 -254 1366 2220 -2064 -2010 2223 -468 -748 2235 1809 799 253 -2155 -655 -16 -500 -974 -2033 1601 1759 -1575 -1939 533 911 -1619 1465 -1095 1149 -412 -886 -1274 -2153 1840 
-11207 -8216 -28594 442 -29620 16482 -26117 -4087 -32567 -24334 20481 7504 24074 -9802 23859 21413 17356 18137 -9940 -10142 -15257 25662 5052 -20755 -25513 -16272 -16605 -18762 16462 2634 14554 8977 -11948 4099 32564 -27169 25940 -2980 9313 -4748 -19410 27588 -3087 -6854 15026 -15605 20675 21936 -31349 12655 791 2175 1850 5901 -9312 -5617 28325 -7153 32199 -511 -15378 6113 24562 29959 17609 -3765 -29630 12054 -25304 -28181 -23880 -5915 -14729 18075 28230 2868 11177 -10688 -2181 17346 23062 9205 31163 23866 10931 7203 7576 -19561 9720 -6516 20629 1614 8085 18611 8050 -909 24652 -21098 -28108 21941 -24860 10432 -28608 -6780 13032 5792 15676 -2453 23265 -9243 -13914 -23130 -14364 23534 -11423 19011 -10211 -29012 35 -2429 -15721 -20495 25563 22957 3486 11968 22787 -15040 
-4708 7941 -5536 98 -11793 472 -26663 -1886 -1475 21083 14874 -2730 25702 -2089 21036 21626 -389 17349 -6342 5939 -640 4687 -4890 -2157 21399 -7627 13920 -3122 -7755 -1453 3643 -9494 -4153 3235 -3292 8525 20347 27 115 -136 -14337 6775 -531 -6455 -9429 -15775 21304 -12249 -583 -9896 45 691 -1661 -4373 -3774 -726 25041 6382 -17426 -417 -7289 -2749 -2741 -7557 10059 1752 29939 4610 -11800 12309 -8404 4296 -13611 -3120 14498 -3011 1247 4816 -317 10182 -5454 -246 461 25549 -9419 5729 3215 -14374 -9376 379 -4181 1398 -4985 -7943 1386 110 16057 -22334 27664 -21029 -26352 -2328 10204 -7226 11241 2207 1891 2521 -7266 71 3317 10742 13925 17966 -9581 -14278 9441 -7374 15 1875 -10982 10701 14006 -4510 -1473 -7270 -23394 -13196 
106 40 2 17
146 5578 -1623 -13746 -12733 -2815 12812 9311 17920 5956 17952 -13620 -7279 12398 -11414 11191 14358 -6309 10987 -4675 3338 -12264 14240 15738 15159 5371 -764 2294 9969 8072 -6806 18764 -7141 -13450 5579 1319 16827 -2734 -12723 -12033 -15244 18528 -13581 2458 -7716 8614 2909 13882 -6357 -10403 -2899 4658 3013 3034 5408 -1540 -17699 14272 -3492 12697 -18085 -7830 12538 827 6065 6211 3763 -6450 -16239 15419 14271 -8044 15739 -15322 15765 2557 3146 13345 15877 -1952 -10178 3503 17261 -8694 3369 17462 -2612 -11263 6563 -8331 2564 -15003 15470 4680 6922 13477 -8564 11627 -3341 -16299 17033 18694 -2993 13596 1607 -17142 5426 -6762 8080 1013 17168 -5506 -17207 -11497 -916 -10500 12011 -6024 5155 9717 10796 -2881 2766 14457 -3027 -15959 -5295 16080 
-30287 20663 8975 31079 -12871 -5640 29645 -32026 20571 -6226 10054 13523 -28852 -26842 16955 -24947 -19306 13800 7052 23629 1394 -24703 28767 -17795 -22907 -26615 5025 -23450 2490 17640 1851 18347 13549 -28021 -16777 6207 -13445 -31661 -17983 1303 -18087 -487 -2201 -24474 -7327 16408 27831 -27628 32495 4830 -17735 -31403 32313 -12389 2448 -26084 11175 -26370 20346 -23739 -26857 -7188 -29565 -781 -21573 -25288 6446 -20377 22011 -4675 2741 750 4752 -10013 6184 10281 18974 -1520 21318 26049 -17424 -23650 23774 -22369 1049 32296 15216 -11856 19490 15731 14685 27219 -29229 24363 10665 -15637 -26821 12257 31472 -27157 25598 9237 -1047 23458 31060 3148 -9320 -5119 -5344 -24362 -16091 -22346 18762 13054 7587 6511 8197 19563 -7584 31450 -14115 -3494 -27136 -4051 581 5035 -16375 8065 
-132 3435 -434 -12732 4884 473 11319 -8887 10986 -1105 5379 -5489 6259 -9918 -5767 -8320 -8261 -2595 2309 -3292 139 9029 12208 -8346 -10349 -4260 -114 -1603 740 4244 -375 10260 -2883 11232 -2789 244 -6742 2580 6819 -467 8217 -269 891 -1793 1685 4212 2413 -11430 -6156 -1497 1532 -4359 2902 -1120 395 1197 -5894 -11216 -2117 -8983 14475 1677 -11047 -19 -3899 -4681 723 3917 -10652 -2148 1166 -180 2229 4572 2905 783 1779 -605 10087 -1515 5285 -2469 12230 5796 105 16807 -1184 3980 3812 -3906 1122 -12170 -13476 3398 2200 -6281 6845 4247 -3134 13191 12994 5146 93 9505 1488 -1608 -1507 1032 -1287 -735 -8233 3667 -9621 -4473 -207 -2037 2934 -3512 -1165 9108 -4541 300 -2237 -1745 -52 -2395 2584 3865 
107 24 14 16
-4192 -2621 2686 1809 -4210 -1540 317 -902 386 3386 -3683 -1708 178 2586 -1500 3154 -289 4203 4284 3209 3548 3562 3604 -90 -3927 3784 -461 1742 3784 1116 -4208 2788 2507 -2802 -1049 -2707 3478 -3074 -2080 -2840 1925 -2091 1130 -639 1757 -4204 1340 2814 915 -1192 2711 -3150 3176 -259 549 176 938 -2592 -1235 -734 103 1607 174 -3323 3083 1809 2715 -3093 1960 -2557 -338 -1837 -1389 -2465 -85 -1119 -1420 737 1301 3761 -1169 -3029 2940 1754 2049 -1520 -3718 1907 1513 -2608 -3200 1093 2249 3030 1161 859 328 3391 -422 2355 988 3956 -505 2456 4070 3984 -1125 -1383 -2767 -756 1465 -4028 888 1283 -3283 -2577 -4029 991 -2049 1918 -1628 4281 2483 736 3453 1009 -2915 1257 
4156 -3765 -18337 -23913 -6039 -11830 21608 -27804 314 18864 -11763 -6735 -6051 11517 5282 27085 8230 30705 -9063 29584 1732 -15408 -10552 -18114 29788 3256 -12285 -22663 8855 30391 -5951 2169 -30706 -25958 -9870 -23134 -23799 -20371 7160 -10592 9084 -30020 32537 -15713 13928 21397 -3845 13449 -1391 24730 23677 -27775 -13694 4344 4329 19212 -3210 -9660 -25446 18226 27889 -1817 3969 -14817 4335 31848 -15680 22336 -28760 -12905 -27422 25628 30445 20335 9836 19095 -22000 10145 -28674 -21345 -23515 -9452 6207 16775 -11919 14238 -22069 -2310 13705 -22361 7049 -22416 -9240 3436 -18414 10819 969 4320 -22214 18536 7084 1909 539 -15809 26334 -1918 -13075 28088 -16576 7795 -11195 19610 18225 14775 -5976 13149 -22711 3130 -24201 32228 -3304 -27758 20531 -18940 6995 -3846 20781 -17700 
-4110 2328 -11620 -10206 5998 4298 1616 5917 29 15070 10221 2714 -254 7027 -1869 20155 -561 30447 -9160 22398 1450 -12949 -8972 385 -27598 2907 1336 -9314 7905 8002 5908 1427 -18162 17160 2443 14775 -19529 14774 -3514 7097 4126 14810 8674 2369 5774 -21223 -1216 8929 -300 -6955 15144 20642 -10261 -265 561 798 -710 5907 7414 -3156 678 -689 163 11616 3153 13593 -10044 -16299 -13299 7785 2187 -11107 -9977 -11826 -197 -5041 7370 1764 -8801 -18940 6485 6755 4305 6942 -5762 -5106 19359 -1039 4892 13759 -5322 -5780 -4903 2456 -5044 2193 75 3456 2212 10299 1651 1782 -64 -9160 25287 -1803 3470 -9165 10821 -1390 -3869 -18636 3818 4472 4629 -7994 21588 732 11699 14584 1269 -28036 12027 -3289 5699 -916 -14292 -5249 
108 42 17 34
3398 3854 -27646 12408 -26500 -16618 24649 -23865 3685 11047 26196 7407 20878 17286 4592 23416 -9201 2736 -13221 6302 -26715 -16772 13431 -12234 3998 -25529 13089 -5531 13228 -26251 -574 -8121 18342 -9501 3234 -27061 -10134 24449 15771 -8101 -25678 -15976 19745 -21346 -8489 9384 -7212 -18000 23855 10299 22359 -2222 18771 -12269 25118 -19300 25417 -22723 -24009 12715 -9449 12531 -22838 18166 -20153 -2444 21195 -22812 -27823 22177 6562 -6828 8479 463 -21578 21112 13421 14917 -435 -25678 -17566 -18711 21758 -22288 -23244 26747 17023 -12286 -21934 -25796 -896 -1991 5317 11256 -19770 15781 -2965 -25315 14237 5038 21785 -7573 -22990 -22804 -22464 12691 -18305 13341 -2708 -2204 2130 -15514 -27036 23759 -12392 -5021 -17956 2250 7287 26984 -12233 21858 -17643 18911 -13976 -8781 3060 20376 
25503 30169 -23653 -32476 5202 349 22884 3950 29230 28689 -7620 16475 -8905 28996 -27386 -17344 12237 27656 28384 -8738 20128 -27613 -11140 968 21147 -17049 15830 -14851 -23653 -145 12474 -11835 -20790 16634 2358 -23947 -29036 -11145 8321 32404 22858 -13270 -72 26913 -24804 -16997 -18622 -29811 28063 10072 4432 4595 -17394 20604 -22101 27228 -9728 -4215 7784 16814 4923 -24520 30162 -3293 -32075 -902 -2280 -19459 6531 -29315 -6060 28877 -23514 -5142 -28328 -27376 -22418 6741 1254 11152 -23831 -832 31531 13625 5587 15579 -17725 17834 -4369 30751 4145 6546 26031 5393 29279 4819 15591 -17291 -32001 -13307 -5614 -3107 -7931 -2333 14383 -15177 6868 18086 -23431 -9677 -13575 18364 595 9127 -23858 25948 19459 -9333 10177 19543 1424 24232 29544 17251 -5545 17446 -13762 -31895 
2583 3465 19488 -12009 -4108 -173 16811 -2809 3210 9445 -5949 3637 -5541 14938 -3748 -12104 -3356 2255 -11184 -1641 -16025 13802 -4459 -353 2520 12971 6175 2448 -9325 113 -213 2864 -11365 -4710 227 19313 8769 -8121 3911 -7823 -17492 6318 -42 -17121 6275 -4753 4003 15992 19951 3091 2953 -304 -9731 -7534 -16544 -15661 -7369 2854 -5570 6371 -1386 -9157 -20529 -1783 19264 66 -1440 13229 -5415 -19375 -1185 -5876 -5942 -71 18217 -17225 -8967 2997 -16 -8534 12476 464 20446 -9050 -3870 12418 -8992 -6530 2856 -23641 -111 -388 4125 1809 -17251 2266 -1378 13045 -13578 -1998 -3645 701 5434 1586 -9629 -5740 -3747 7191 1891 636 -862 -8491 -479 6463 8811 -3883 -10413 -626 2210 15716 -519 15785 -15534 9723 2310 -4566 -1255 -19368 
109 37 -4 9
11028 5962 3335 10437 -5919 -5175 -13328 -3560 6426 -4381 12210 -1175 -3164 -12663 8347 3710 -7103 4156 -2017 888 7900 -5922 -5659 4102 7884 1210 -4033 13916 -8220 -11690 -7673 -2233 13104 -7138 -563 -6110 -8937 -7646 -1116 -10335 8399 -12534 -7367 13743 12241 13175 -989 7237 -10102 5460 13178 10028 1498 -2830 13283 -1157 5852 5061 -5776 -12915 -8210 11975 -9417 -2689 13130 927 100 11412 2883 -12188 1788 -13912 9718 1133 7238 -3717 7528 -2248 -6275 260 -1744 -12026 -13771 -11561 11187 -8507 5477 2041 -4880 798 -9933 7704 3108 4340 -10188 6299 -4594 10239 -2928 -4142 6594 -6633 7208 -9249 3632 5657 1881 11776 -7628 -2312 3317 -8353 -7505 -11909 -7490 4784 497 -1128 9465 4620 13207 -804 -13621 -11426 -2650 -4602 6109 13783 
15105 -17639 24839 -8513 24218 28995 748 -26946 -12495 -18998 8038 -19871 19483 14412 -27806 -6757 3931 28439 26801 2921 10349 2658 16956 3829 10328 10613 25058 28781 -4653 -27791 -13726 -30967 -172 -31208 -9886 -5907 -11677 89 17541 -30102 -24621 26517 27542 -16755 17996 25278 -28268 -16178 -7476 11965 -24616 -19950 -9474 -26007 -22489 -24540 -9923 -31045 -22689 29788 -26386 -2496 31123 -28272 -28255 -32245 -26080 -4286 -10417 21473 -15500 -10570 772 -8151 -12105 24047 1011 -657 -30513 -31129 -14391 14987 -5832 20195 1386 15815 -6224 22438 -28353 -11560 2881 -3216 -26568 -5126 -1283 -13414 -12585 7960 24857 -1485 5785 -126 10830 -27705 -30370 -8846 24212 8761 31018 -180 24205 25776 -25320 -28206 27913 -31794 -15570 -15088 32546 12706 -7650 -379 -15545 -20617 11490 -25988 -23799 -30746 
9929 -6268 4938 -5296 -8544 -8944 -594 5718 -4786 4961 5850 1392 -3674 -10878 -13834 -1494 -1664 7045 -3222 155 4873 -938 -5719 936 4853 765 -6024 23873 2280 19364 6278 4122 -134 13278 332 2151 6220 -41 -1167 18543 -12326 -19810 -12094 -13725 13130 19851 1666 -6979 4501 3894 -19335 -11924 -846 4387 -17805 1692 -3461 -9365 7811 -22931 12912 -1782 -17469 4531 -22113 -1782 -155 -2915 -1790 -15599 -1652 8765 447 -550 -5222 -5328 454 88 11412 -482 1496 -10743 4787 -13916 924 -8019 -2032 2730 8247 -550 -1706 -1477 -4922 -1326 779 -5036 3446 4858 -4338 367 2274 50 4653 15273 -6575 -2983 2715 6149 -14103 25 4786 -12833 11326 20022 -12461 -9066 -461 1014 18361 3499 -6022 18 12621 14041 -1815 7129 -8666 -25259 
110 32 11 18
-14611 -9582 -8721 -18949 22295 3512 4103 1450 6433 11148 7432 -1286 6663 -2185 21173 6206 12221 20692 2316 12523 -4262 -21956 -9910 4855 -178 21709 7891 5707 -5117 9546 13772 -14194 -5609 5085 -1549 -598 -3563 -13174 -13865 -2340 -21276 8580 21254 4689 -1948 -14782 3108 -4717 -8545 15094 6145 -22496 1540 12950 2220 18061 19440 16600 -12636 18206 15119 -12030 -21711 16710 -9994 16584 14858 -10240 -11008 10247 14470 5250 18135 -19175 -10762 3392 -14002 6149 -6141 13802 -16844 -2817 9356 2059 -20874 -5117 -15305 1465 22475 -10039 -15902 -9881 2031 -13405 -3851 15233 11299 17052 16480 9320 15268 7596 15353 -497 -3154 -14724 6827 -429 14578 -6357 9071 -1572 -15670 -14674 -11690 -18689 -4316 -21738 -11142 15036 15876 -15420 4444 3320 8801 -6390 14757 -4317 
-32326 32293 -25774 -4875 -27845 13069 -11906 20862 5997 14727 8945 4468 -28848 -17457 31075 -14943 -5172 -25635 -24618 -19941 -8675 6526 -25749 -12497 13823 -12637 -16960 6728 9515 -24955 4023 7814 -29889 -13061 -17212 -12049 28967 5715 -7477 16788 -13965 11422 -20444 -15760 1125 13181 6411 -23918 -21483 27928 -15844 -3671 -28165 17695 -16708 -28755 -17011 -31067 -31651 5456 3774 -11261 19236 23929 28311 -2231 -21580 -1110 -12645 -24866 1591 32101 -19468 -32430 23676 15353 -30780 -31075 21239 -2662 10676 -5944 2661 -9656 -11343 5550 -22210 -12976 19727 15885 6902 17234 3604 -15670 32308 9050 -14475 19858 5169 9855 28541 -26746 -19118 144 15834 19256 -10696 27493 -30898 -29652 -510 -2743 10589 3894 29911 -23462 -20644 -14538 -23179 1309 -3158 -14642 -26813 -28155 -12063 31838 -25382 32742 
14076 -9222 6699 2753 -18501 1368 -1456 902 1150 4893 1981 -171 -5728 1137 19608 -2764 -1884 -15808 -1699 -7442 1102 -4270 7605 -1808 -73 -8176 -3988 1144 -1451 -7099 1651 -3305 4996 -1979 795 215 -3076 -2244 3090 -1171 8855 2921 -12950 -2202 -65 -5807 594 3362 5471 12563 -2902 2461 -1293 6829 -1105 -15478 -9855 -15369 11919 2960 1700 4037 -12446 11917 -8432 -1103 -9556 339 4148 -7594 686 5023 -10522 18532 -7594 1552 12844 -5695 -3887 -1095 -5359 499 742 -593 7056 -846 10130 -567 13213 -4753 -3271 -5075 218 6260 -3708 4108 -4874 10092 2539 2737 12987 -6055 -8748 -2 -1488 -8450 -2176 -352 -13424 5618 -138 129 -4945 -1703 -10421 13068 2655 9418 7697 587 -1494 6729 -3551 -2786 -3164 -6063 -11163 -4212 
111 26 -1 1
4834 -7081 -8549 -4588 6392 -2151 -4302 -3976 3919 -757 -7342 7285 3721 5368 8954 -3844 8788 2045 -1458 -1445 -294 4499 -4523 1804 760 2355 6746 8137 -6940 7705 -8614 6619 7921 5674 -5811 -6831 6071 -4571 -8787 -7117 -1155 -2829 777 1302 -8799 -8616 4879 -6978 -1274 -6078 -1692 -7706 -8658 -91 3540 1430 186 3567 4695 5113 -7626 -4666 4240 -8230 7228 -3143 2751 -4176 6038 -2976 -8615 -4545 3280 705 -9036 1014 2553 -10 4105 -7486 -6405 -1637 3717 5339 7742 -860 -381 -5966 -2489 7764 -4060 4806 1186 -268 7531 6849 -7133 27 -3078 3187 -8164 7064 5771 1055 1003 1486 -4693 -8449 -8440 -2136 -2009 -2627 -4449 -4164 6621 -4254 3 -3336 3966 -3646 8110 -5651 -8473 -1499 1885 -8834 602 -2196 
7848 29477 21779 -25263 -24536 7203 21921 28048 -21549 -2551 26640 -7877 23752 -12283 -31768 -25414 780 5512 -19840 5213 -27545 7080 14504 -31138 -31921 -24891 -11383 -25949 2492 23902 25618 25814 -23706 -5403 29942 -9111 25411 31742 -32384 6052 -21081 2576 12423 -1220 -12818 27333 13899 15345 30656 -31938 6979 -987 19359 16647 -21375 -6577 -32389 3458 -20893 26888 26523 -27632 -14309 18 -18203 -10622 -29219 -18718 -2125 -10786 8425 -17912 -29683 -31970 4056 3463 20913 15091 -13993 -24602 4009 5606 12341 -16026 -10658 17940 8785 30808 11338 -10235 -18120 -2906 -14422 -10170 1393 -28665 17177 -518 -4541 -22567 -8417 -8435 -24142 -29127 31809 30310 22476 30766 -32550 20053 -14447 10535 -4574 16585 -25889 -28312 -20789 15810 -14801 -6135 -9897 -7950 -28889 14685 -10209 -13795 11097 -3967 
2254 -12403 -11063 6887 -9319 -921 -5604 -6626 -5018 115 -11622 -3410 5252 -3918 -16902 5805 407 670 1719 -448 481 1893 -3898 -3338 -1442 -3483 -4563 -12546 -1028 10943 -13112 10153 -11158 -1822 -10339 3698 9167 -8621 16908 -2559 1447 -433 574 -94 6702 -13993 4029 -6363 -2321 11535 -702 452 -9959 -90 -4496 -559 -358 733 -5829 8169 -12019 7661 -3605 -9 -7818 1984 -4776 4645 -762 1907 -4313 4837 -5785 -1339 -2178 209 3172 -9 -3413 10943 -1526 -545 2726 -5084 -4903 -917 -199 -10921 -1677 -4722 4371 -830 -1016 162 623 -11666 -7280 -1 831 -4274 4083 -3541 -8279 -1826 1896 2676 -6268 -15446 16324 -2545 1725 -1644 1209 -4104 -10185 7156 -4 -3134 -3488 1329 -4769 2669 14545 -1308 -1143 7241 397 518 
112 31 1 7
-18180 4727 1743 13155 -26229 -25335 -20044 12416 -27793 -10218 -25553 15354 10706 -19249 27269 7993 23524 1844 2652 19208 23070 -2004 -17280 -19061 25727 -26243 26451 -3799 -26191 12345 -26864 25551 3618 27163 4299 -13696 -12357 -20545 -17942 8544 -3081 -30975 -11345 -30814 17501 -27345 -24283 -4040 -19016 -9212 -29315 -4486 10591 -2624 29435 29615 16073 16794 29159 -4566 -16204 -31734 -13913 12177 -24080 22172 -10924 29410 17088 -1101 13518 8279 -5673 -8141 -6331 -22262 23035 16315 -23682 21005 31075 -17482 -5634 -21556 -17777 -28921 19907 -2025 -17382 -6532 -27320 -7840 -11170 -21849 -5632 12520 26950 -17383 29700 -10778 -13490 16349 10387 20610 -22622 -24814 10428 -3259 -14634 30003 -12727 1384 -26075 1780 4379 -4012 -4882 9567 10850 -28815 -4385 -28572 -5365 6759 -3452 -19328 24543 26811 
1856 -9791 5851 -10754 452 -31367 -21793 -12114 -18247 24294 -4664 -22972 26688 -11282 10938 -19571 31258 -17276 -2812 2181 -27632 -10421 -17918 -25450 -19193 164 -4108 9233 -22656 20629 22354 -4421 28671 2144 14404 -29895 13744 11254 4894 19800 29717 -19022 25025 -18321 17711 -28273 -21958 7315 6695 4430 -19253 -18643 -28566 -23114 24250 27740 20626 -9652 -20584 2790 24989 15069 27951 -21100 -24377 -16244 -16810 24781 29889 24939 9825 10721 -14204 -19491 -32556 -18756 9755 12163 -25304 5994 -15678 847 -2886 31690 11523 16513 -16027 8138 24858 -24838 27619 -6966 23649 28513 29837 -26300 27203 8559 27799 6593 11187 -17332 6980 -11642 -3513 18139 3808 4212 5661 -8925 -3950 19188 7759 3749 393 -16139 18994 27147 12870 10856 -7696 19138 -4780 -17129 12331 15010 9268 -20200 
-1006 -1379 304 -4216 -353 23683 13018 -4482 15113 -7398 3552 -10511 8515 6472 8889 -4662 21913 -949 -222 1248 -18997 622 9227 14457 -14715 -128 -3238 -1045 17684 7589 -17896 -3366 3091 1736 1845 12202 -5061 -6890 -2617 5042 -2729 17559 -8461 16824 9237 23040 15890 -881 -3794 -1216 16820 2492 -9016 1807 21272 24482 9880 -4831 -17887 -380 -12067 -14251 -11589 -7657 17493 -10733 5472 21719 15221 -818 3958 2645 2401 4729 6142 12443 6697 5914 17858 3752 -14519 -441 485 -20357 -6105 -14232 -9508 -491 -12877 4835 -22487 1628 -7872 -18566 -5008 -9813 21848 -4434 24605 -2118 -4497 -8444 2161 -7151 2368 -13414 1183 -409 -2469 -7980 1498 791 -6029 199 51 1930 -2763 7740 4161 -9322 1006 -16296 764 -3450 -1269 -8646 6779 -16140 
113 37 5 18
-4273 19442 -4006 15819 3959 14694 4073 836 7842 7386 7453 10104 18036 -5972 -16339 -1347 -7587 17054 -10168 16644 -1280 -3479 -6955 -1205 7403 -8886 -16724 -17089 -6052 -17523 -15697 13565 -945 15468 3944 -15285 -5034 13635 -16877 -3868 19124 -11432 -15366 700 2395 16244 -1828 -11424 -6318 11998 -290 -14568 13110 3205 -17687 -12974 -15792 11274 16331 8726 7343 16782 -1421 -13914 13098 -5910 19446 17326 -19159 -3124 -14213 -13647 -7620 -428 -4489 -3632 -18647 16754 -6982 2847 -8435 18013 12597 -3526 -11331 12083 -13461 11032 4182 1617 -17193 -9670 -8689 8456 -15584 14521 824 12413 -16446 -4371 4512 16195 -10183 10810 367 -10718 5740 14944 1251 -18856 4819 -16063 12814 -890 -8514 -4993 14779 9809 18235 3673 10463 4744 4303 -15376 4010 -3587 4144 4739 
-8059 11334 3846 -13300 32344 32121 16904 -27733 2230 -23401 -1488 -7650 4193 -4011 850 -15875 -32055 22231 -19891 -26221 4956 1944 -32519 15480 31032 9226 -6874 11936 -2359 12916 -29791 -16205 5255 -17477 -9621 16874 12378 14391 16188 -22836 -5488 13368 17911 26813 27054 -11892 17246 23298 -31922 -6496 13419 -27346 20453 31981 26687 -9673 -11458 -4202 -6891 -31912 -25915 -22857 -474 17176 -2030 -13843 8971 30921 19901 8197 29714 9130 -25744 258 19712 13898 -28177 -2897 9153 -4628 -14561 13405 -9923 -27696 -20908 -10130 11703 7210 -26568 -27752 4518 31335 -658 13480 -19313 9355 -9830 13805 17436 -25592 -6076 -25900 31804 -15645 22909 -20555 12905 30733 31283 14312 30462 -28789 -12523 13100 20096 24581 18896 -30214 26265 30745 -4560 -4052 26413 4731 1108 231 28861 28573 
2053 13134 -918 -12540 7632 28133 4104 -1382 1042 -10302 -661 -4607 4508 1428 -828 1275 14496 22598 12055 -26013 -378 -403 13481 -1112 13693 -4887 6852 -12158 851 -13490 27873 -13102 -296 -16113 -2262 -15373 -3714 11696 -16284 5265 -6256 -9109 -16404 1119 3862 -11514 -1879 -15864 12021 -4646 -232 23745 15982 6109 -28134 7480 10785 -2824 -6708 -16598 -11342 -22864 40 -14245 -1585 4876 10398 31932 -22726 -1526 -25173 -7427 11693 -7 -5274 -3009 31317 -2893 -3809 -785 7321 14392 -7451 5821 14121 -7296 -9390 4741 -6623 -2675 -4630 -18061 341 6794 17939 8097 -483 10214 -17092 6668 -1634 -25001 -19304 -10080 501 13131 4415 27375 2333 -16085 8750 27563 -9565 -695 -10198 -7315 16645 -17665 28547 6731 -2844 -1146 6774 -4336 265 -49 7129 8071 
114 42 4 21
5834 -25922 -21569 5047 -28996 19866 -13015 -13867 11180 7207 4851 -19993 -28491 3970 -7464 9890 21403 -1239 -21918 24723 15754 16573 1004 -6952 -29613 19517 28648 -22834 -17783 -2683 -24373 16966 -18776 -10262 15739 -6096 -8880 -1117 14797 7922 8423 -22699 1449 -26989 434 -21957 15238 -4849 12307 24809 -12718 21798 22101 -10898 4964 -20915 7147 10746 27389 -19501 -16369 25865 11727 -22829 29359 -16273 24200 20726 4859 12134 -8203 -19923 11841 -14534 561 -4552 -29595 26741 -25633 1671 -17355 -7023 28182 -17284 -27743 -46 21429 -5380 14730 -23492 -10704 24234 -5076 -6907 -24700 -25993 -6463 10683 3608 15152 7698 -15346 5944 -6705 15677 -27457 4102 -12355 -13894 12751 -13462 -28263 24361 26488 6579 10111 -7823 24209 -132 12472 4279 30261 7270 8470 29205 4961 17578 -29217 
-25037 5088 27397 2961 -14806 18622 29776 21146 14002 10264 -31871 -30776 -14417 -27527 -9684 13488 8311 -10073 -16699 30242 4571 30943 30167 -8706 -11133 717 -11099 -3002 2065 -500 -18107 27494 -14186 24289 -3274 16745 11030 28488 -7705 -16939 18242 -17900 -12298 -25931 5225 2178 -3716 -24541 14488 -497 -30174 30281 -4736 -22409 -26183 20841 2751 -28770 15086 23887 27903 -18141 -817 28303 -12357 -26127 5069 -12334 4946 3844 10198 7684 -19552 -18268 21519 8867 -11328 29190 -13727 30449 -7022 31776 -21572 854 2951 17752 22145 -28519 -8232 27545 2332 14530 -25335 28956 24482 12095 7871 -30500 22447 23645 18378 -24621 7319 -11659 -12770 15118 -11502 23291 6685 22137 30383 -23645 -22553 -24186 3057 9136 20528 -23519 12289 17998 -21928 -21970 4787 -6776 -21386 4231 4247 23560 
-4353 -3931 -17611 445 12795 11025 -11549 -8739 4665 2205 -4608 18338 12241 -3257 2154 3976 5301 372 10908 22282 2146 15283 903 1804 9825 417 -9476 2043 -1094 40 13152 13902 7938 -7428 -1536 -3042 -2919 -948 -3398 -3999 4579 12109 -531 20857 68 -1425 -1688 3546 5314 -367 11437 19671 -3119 7278 -3873 -12991 586 -9214 12314 -13883 -13612 -13984 -286 -19256 -10812 12671 3656 -7619 716 1390 -2493 -4562 -6900 7913 360 -1203 9991 23263 10486 1516 3632 -6651 -18118 -440 -2440 -24 14143 4573 -3614 -19285 -744 10494 3833 -5960 -18022 -9369 -1516 -9711 2414 10677 4216 11260 1297 2330 -5966 -12371 -1406 -8576 -2768 8412 -12190 19916 -16374 -19093 599 2753 -4786 -16969 -48 6690 -2796 -19814 1037 -1710 -18614 626 2225 -20515 
115 18 0 -1
-4234 3935 -5641 2476 -9122 -5006 -6747 10588 7113 481 2122 -5600 10225 4564 -2959 -2085 3046 -7231 -4254 9147 -1476 4398 8436 -955 1618 -4162 -1219 1810 -2549 4816 5641 -2371 -10406 4549 5470 -5468 -6685 -5263 2957 -4122 -3042 2319 -55 3178 6316 320 -4602 -7817 -8260 -3820 4927 7209 -3093 9476 8495 10351 4459 7744 8806 -812 9545 -5088 1791 3669 -8884 -4346 1024 -4620 9387 -7901 8595 4683 -3794 -6303 -482 -3655 -1098 -2852 7319 581 -4489 4012 -934 -8659 9780 -8911 5951 -1052 2147 286 4183 9737 4723 6480 3410 6221 -6187 -5888 -6728 -8013 -6538 -8700 -2117 5160 -2083 -459 -4914 7565 5716 2021 -4829 -705 10520 -944 6478 3043 9248 -3956 -502 10126 1879 5541 -121 -14 -985 7456 1450 -8730 
8670 -9431 -4617 9679 1721 751 12887 -18928 -4038 -4603 1337 -27879 15333 31871 -19897 -28875 21571 -1458 -12477 -2569 14223 7303 10275 -17775 13395 14864 -10138 19495 -23442 28028 685 6019 -31438 26331 -25574 32672 10955 4841 -20055 20813 12189 -11875 8216 29617 10093 -4445 -12580 -27842 -30397 12013 -8784 32311 -4647 9759 2092 19867 944 15687 -22247 -27408 -17008 -5503 26544 15249 1086 -23917 37 -4938 2882 10693 275 18932 -6206 -24303 -2004 -16162 -25285 -32719 20207 -7127 -13262 -25681 4724 -18097 24470 -5362 -9748 -2373 -29158 22855 10119 -29899 -26041 -25161 17953 -28181 -1557 -19739 22181 -21106 -15048 21791 -13581 11726 -7568 13331 -23729 -3464 15458 5440 -30417 10319 -21204 -21967 24030 20549 -12820 23535 21860 -24936 27850 6059 -4820 21901 31256 -27313 30031 20484 
-3223 -3259 2287 2104 -1378 -330 -7635 -17597 -2522 -194 249 13708 13766 12772 5170 5286 5769 926 4660 -2063 -1843 2820 7611 1491 1903 -5432 1085 3098 5247 11852 339 -1253 28725 10517 -12283 -15687 -6430 -2237 -5207 -7533 -3256 -2418 -40 8265 5597 -125 5083 19110 22046 -4029 -3800 20453 1262 8120 1560 18057 370 10667 -17202 1954 -14255 2459 4174 4913 -847 9127 3 2003 2375 -7418 208 7785 2067 13450 85 5187 2438 8194 12986 -364 5227 -9047 -387 13759 21013 4195 -5094 219 -5497 574 3717 -25563 -10799 -14316 5375 -15394 846 10205 -13104 14850 8639 -16646 2525 5313 1384 -537 10239 -2301 7758 965 12897 -639 -19587 1821 13668 5491 -10410 -8175 -964 -22171 4595 2948 51 -27 -2703 -17881 3824 -15702 
116 18 12 11
1134 -10515 2855 16226 12162 11329 -3664 11365 -16265 13117 -11215 -495 -956 5316 -14712 5220 -10384 2946 -13170 1538 -9655 -6862 1188 -1740 -9396 6895 -22 -13404 12303 14295 -328 11751 -14970 -12257 -745 -12427 -11270 7132 6161 -15463 -1995 5101 2231 11543 -15491 -14286 8930 10637 9190 6367 -16301 5353 11409 -8361 7433 -2560 13933 8559 -12296 5965 6021 11769 15291 7506 3241 -12244 15754 11721 -12997 11738 2690 -13032 1417 10416 -4585 -9522 -6065 8309 4491 5439 11378 5840 14300 411 -12824 1939 -16351 -10407 -4584 3308 10578 -776 15337 7407 -15813 8023 693 -1340 490 6090 -3518 5843 7663 4876 15742 6230 -12410 1211 3043 -2363 -7579 -3855 6191 -4740 6446 13428 10932 -10106 -16021 11267 -13222 -7140 10539 12619 -8969 16196 -14981 -6231 
-11848 -26908 29905 -12481 -11206 22429 1598 12389 7094 4890 11809 -13988 -17063 21818 -1139 -27821 15072 -31822 -6461 -22364 -8471 16121 -31832 2436 24054 24732 -2599 3153 2980 -10557 21441 13077 -16554 -19379 -21421 31331 -10296 25286 9394 -9102 -11212 -13159 -11350 28255 23734 23745 369 25758 -19286 -28076 31151 -31648 21617 -17730 16961 13709 -14837 -13260 26032 -29178 -25052 2217 -19154 -11933 -29829 -28678 12225 -3286 -28231 4737 15568 -29778 -11042 2210 -30581 -18621 11220 17434 -29042 -16788 12940 19864 17214 -3901 -9443 -16989 17067 4949 -28126 -12527 26218 11188 26351 24208 16853 4813 1800 -979 17029 -29237 8437 -2470 -19841 -23376 11727 13020 -28926 3548 17443 5531 -9803 -30364 10010 -2584 320 57 -10866 16029 15619 -23716 16811 9224 9217 21913 18590 3856 735 22360 
-693 14587 4402 -10441 -7026 13100 -302 7259 -5949 3307 -6828 357 841 5980 864 -7487 -8069 -4833 4387 -1773 4217 -5703 -1950 -219 -11652 8792 3 -2179 1890 -7780 -363 7922 12776 12246 823 -20073 5982 9298 2984 7256 1153 -3461 -1305 16815 -18955 -17489 170 14126 -9138 -9216 -26180 -8734 12715 7643 6500 -1809 -10658 -5851 -16502 -8973 -7777 1345 -15100 -4618 -4984 18103 9929 -1986 18917 2867 2159 20007 -807 1187 7229 9141 -3508 7468 -6724 -4708 7591 5981 12691 -83 6243 -1698 -14387 -2655 6647 -2136 14298 -448 20836 9244 -13739 1991 64 68 430 -9180 -1530 -744 -7839 -5876 9518 4182 18507 222 2737 -674 3830 6035 3195 631 106 39 -6124 -8351 -12901 -13776 -11460 -3395 5008 14256 -8596 3220 -568 -7183 
117 20 14 13
9800 13520 -13639 8627 13258 -3287 1568 7746 -862 13433 -4804 6537 -3005 10845 -9374 10202 880 -6794 -6615 -12178 -9151 8657 7290 -10340 -11685 -792 -9662 -7051 -6376 -9784 -13614 -3535 12036 -2875 2082 12969 12260 8357 8093 -12510 -1712 507 5128 -12383 -2349 5603 520 9740 7183 8016 -10418 8379 10683 4257 -5854 -8056 -8376 7278 -4823 -1126 6415 11142 -6797 -5240 9738 9771 6580 12070 -12871 -10089 11230 -4989 -6450 5070 -6600 -2022 -1813 3450 2293 -9278 -3813 -9013 12256 -6558 12363 10601 8577 -873 10603 -13055 8886 10431 5009 -4828 6384 4096 -12306 -2771 -7743 2481 -11381 3079 -1823 5218 -13429 11188 -6017 6653 -7978 -4023 -12216 -7675 4739 2589 -12541 6939 -1569 4320 8214 -4023 -7039 10955 -11916 -9414 1727 5291 -3912 -4514 
19211 20595 1458 -23127 -32463 -23366 -10196 26024 -17045 31717 16650 -18322 -19251 -18794 -8241 -25504 7241 32248 -20455 31124 -8623 20375 19388 30947 -25540 -15386 28768 -11340 15674 13061 29882 11711 29872 -17527 4959 19707 -2881 -1132 -14683 -11266 -21612 20017 -30570 -23236 -1214 -15624 27579 29275 -14010 -17892 -27380 -438 -31859 12961 -9904 -12157 -32530 -25287 18301 -10399 -20331 -13197 461 28221 32645 29390 -10945 -5805 13874 -8078 6669 -20050 -6369 -3980 -28264 -29876 32185 -20356 -29179 30460 -16071 -27106 24225 1941 28216 4779 17886 30372 -16401 -706 19588 -30962 -30350 30864 -13173 -16590 -17581 -13435 4360 -22273 1178 -24956 23753 24998 -27261 -18898 -11955 27719 10190 -11615 -14747 23711 20728 -454 -11047 8633 -24908 -273 -11350 18284 -6284 19833 30556 -2043 -6237 6545 28804 -5985 
11378 16828 -1202 -12058 -26011 4642 -966 12183 888 25749 -4834 -7238 3496 -12318 4669 -15725 385 -13241 8177 -22907 4769 10660 8542 -19339 18036 736 -16798 4832 -6040 -7723 -24586 -2502 21729 3045 624 15446 -2135 -572 -7181 8518 2236 613 -9474 17389 172 -5291 867 17232 -6082 -8668 17239 -222 -20569 3335 3504 5919 16467 -11122 -5334 708 -7882 -8886 -189 -8937 19212 17355 -4352 -4234 -10792 4925 4526 6045 2483 -1219 11274 3651 -3526 -4244 -4044 -17079 3703 14765 17943 -769 21082 3062 9271 -1602 -10510 557 10519 -19518 -9188 -9006 -5082 -4107 13075 2250 -2040 -3340 -810 -4644 -2617 7883 22125 -12778 4347 11145 -4913 2824 10887 -10998 5937 -71 8373 3620 2362 -71 -5634 -4445 2673 13131 -22005 1162 -651 2093 -6810 1633 
118 23 0 -1
25838 -21605 19041 7356 13947 -1444 -14967 -29086 24463 5689 -2027 14126 11298 -26590 7707 11894 644 16539 16418 -21318 15972 -26529 -7396 -12261 9224 -16808 -4540 27725 -21015 2581 22762 -4735 -15766 2790 12845 -22062 251 -22938 -5090 27021 4236 3986 15165 11628 12907 -1279 16781 -9706 26135 -17596 243 28104 12602 -677 11775 13955 -14614 -17311 13397 -13589 19739 9794 -5623 -12381 22363 6230 4491 -2735 -18371 -12330 4347 -6831 14745 -321 -1495 1369 -6545 -25769 25747 6701 27477 -11967 18799 -24212 6186 -23268 9633 -25358 5877 -26546 -16018 -23451 -23959 -5297 -27627 -16880 8209 -14273 13069 9764 17556 -15494 3062 -21330 20124 -22924 -25399 -16437 19443 4334 -4466 -9417 -3423 -27744 -23633 -19303 -2053 3945 -20061 -9652 24828 -17431 -25080 -26404 24776 -7117 24797 -6578 
16311 -6604 -16667 1736 17694 19734 27202 21565 9991 -25566 -24856 22977 20259 -28081 -26546 -5039 -9967 5695 -13246 5026 -15584 20105 -11803 30127 -10027 -8380 24035 -16060 7198 -30504 6710 17110 -20387 19358 -9359 -9232 -27628 10879 -17263 16471 -11323 1162 31383 14190 8510 26882 19138 -17368 -31240 -24413 -28804 -29467 -20571 17299 24178 -9031 27821 -23072 -26947 -28694 27844 24062 21783 -26483 -14078 -22380 3381 -14910 -12599 -12148 17530 13335 11521 -12966 30711 -10249 -6076 -24923 17021 20937 29866 24075 28204 26386 19464 -14389 80 32342 -12673 9123 1095 -5615 -28405 -2066 18665 -24099 -22603 13574 -30654 8172 13838 11887 24630 -31199 14197 -7025 17844 894 28899 3483 -29139 -16761 15816 -24017 23263 -17893 -17057 -26328 5724 10228 25851 -20164 -21941 31259 20878 21632 -25469 29843 
11396 3858 -8581 345 6673 -771 -11009 -16961 6609 -3933 1362 8777 6189 20190 -5532 -1621 -174 2547 -5881 -2897 -6731 -14422 2361 -9988 -2501 3809 -2951 -12040 -4090 -2129 4130 -2191 8691 1460 -3251 5508 -188 -6748 2376 12035 -1297 125 12869 4462 2970 -930 8684 4558 -22077 11616 -189 -22393 -7010 -317 7698 -3408 -10994 10800 -9762 10544 14862 6372 -3312 8866 -8513 -3770 411 1103 6259 4050 2061 -2463 4594 113 -1242 -379 1075 17367 11850 3794 22190 -7791 14337 -17275 3256 9053 21 -22177 -2014 -6549 -474 3561 18403 296 -13944 11000 -5017 -5239 -10833 2158 6569 -4980 2039 17995 7725 4355 -12255 -397 15194 408 3519 4268 -1464 18018 -14866 9339 947 -2809 -3105 -2669 17355 9504 14880 -22318 13987 -4163 -17078 -5308 
119 20 9 8
-8466 -3029 -6256 -6194 2626 -4649 7039 4704 -7751 490 -4373 -9317 1515 -2163 -552 -8247 -4742 -5453 -1275 -1525 3155 7736 -9389 3976 -7447 -7153 -2383 -8339 7934 -7145 -6502 -2875 2651 -2250 2719 -5424 -7810 4533 -5213 -4923 -7376 -3839 -3172 5471 -1015 -7149 5432 8251 4877 -2803 -7646 -8765 -3827 2286 4877 -9332 233 -5689 -6573 -6704 -5825 7518 -5536 -8807 1832 3982 -5351 -5929 2710 5844 6768 -6874 3164 4368 453 -4132 -5303 -3668 4076 -4074 -7477 -7562 1397 6829 -931 -141 7742 -7706 -5869 9329 3884 7307 7748 2735 333 -7371 2433 -9247 1853 -2625 3633 9093 5411 -4826 9059 5312 -5690 -6672 242 -7276 74 6543 4691 -9281 -92 -6336 7727 -2929 4154 199 7465 4044 8996 4215 -5883 -4066 9102 2943 
10963 -27812 -28444 -795 17348 -25930 -8652 32662 32703 -11117 6637 -20376 1185 -17034 8625 19825 17770 -1000 22626 -2671 -4832 17542 -26368 15442 31755 20658 31299 -23598 6982 -25302 26169 3326 -14643 -26657 -16462 -12633 26707 20327 -2153 -9740 -10556 -6233 -7787 -223 7294 16576 -2320 -12414 -13610 -30753 9431 -7157 30168 -2193 19774 3612 10763 3882 32303 -8810 -5839 -2529 19486 -16858 -7803 -5243 21298 13600 -17491 -740 14671 2098 -4379 -19831 -31709 30928 -8325 9947 -15691 26838 1518 -1158 -5607 -18417 -27175 12006 -28084 14081 5115 30723 29689 14203 254 -1671 -7297 -2216 -17470 25729 -20783 -9249 4678 20879 -409 23153 -20646 22027 -15738 -13724 -12565 10595 22217 25830 -28519 -23012 -4771 -19979 14505 -2308 19097 9152 13645 -18870 22650 -4461 30654 23662 -6688 14908 
-8018 7278 15373 425 3936 10414 -5261 13273 -21898 -471 -2507 16400 155 3183 -411 -14124 -7280 471 -2492 352 -1317 11723 21387 5304 -20429 -12765 -6443 17000 4786 15618 -14699 -826 -3354 5181 -3867 5920 -18019 7960 970 4142 6726 2067 2134 -105 -640 -10237 -1089 -8849 -5734 7447 -6229 5419 -9974 -433 8331 -2912 217 -1908 -18343 5102 2938 -1643 -9319 12826 -1235 -1804 -9845 -6966 -4095 -374 8578 -1246 -1197 -7483 -1241 -11040 3814 -3152 -5525 -9446 -981 756 -677 -10865 2186 -146 -18783 -9374 -2593 24761 9962 8966 170 -395 -210 1411 -3672 -20553 -3327 2097 1468 16401 -191 -9653 -16158 10108 7736 7910 -263 -6660 142 14600 -11557 18451 38 10936 9683 584 6853 157 8800 -6592 17603 -1624 -15579 -8312 -5259 3790 
120 20 12 44
0 0 0 0 0 0 0 0 0 0 0 0 0 0 0 0 0 0 0 0 0 0 0 0 0 0 0 0 0 0 0 0 0 0 0 0 0 0 0 0 0 0 0 0 0 0 0 0 0 0 0 0 0 0 0 0 0 0 0 0 0 0 0 0 0 0 0 0 0 0 0 0 0 0 0 0 0 0 0 0 0 0 0 0 0 0 0 0 0 0 0 0 0 0 0 0 0 0 0 0 0 0 0 0 0 0 0 0 0 0 0 0 0 0 0 0 0 0 0 0 0 0 0 0 0 0 0 0 
12345 12345 12345 12345 12345 12345 12345 12345 12345 12345 12345 12345 12345 12345 12345 12345 12345 12345 12345 12345 12345 12345 12345 12345 12345 12345 12345 12345 12345 12345 12345 12345 12345 12345 12345 12345 12345 12345 12345 12345 12345 12345 12345 12345 12345 12345 12345 12345 12345 12345 12345 12345 12345 12345 12345 12345 12345 12345 12345 12345 12345 12345 12345 12345 12345 12345 12345 12345 12345 12345 12345 12345 12345 12345 12345 12345 12345 12345 12345 12345 12345 12345 12345 12345 12345 12345 12345 12345 12345 12345 12345 12345 12345 12345 12345 12345 12345 12345 12345 12345 12345 12345 12345 12345 12345 12345 12345 12345 12345 12345 12345 12345 12345 12345 12345 12345 12345 12345 12345 12345 12345 12345 12345 12345 12345 12345 12345 12345 
0 0 0 0 0 0 0 0 0 0 0 0 0 0 0 0 0 0 0 0 0 0 0 0 0 0 0 0 0 0 0 0 0 0 0 0 0 0 0 0 0 0 0 0 0 0 0 0 0 0 0 0 0 0 0 0 0 0 0 0 0 0 0 0 0 0 0 0 0 0 0 0 0 0 0 0 0 0 0 0 0 0 0 0 0 0 0 0 0 0 0 0 0 0 0 0 0 0 0 0 0 0 0 0 0 0 0 0 0 0 0 0 0 0 0 0 0 0 0 0 0 0 0 0 0 0 0 0 
121 24 12 12
-32768 -32768 -32768 -32768 -32768 -32768 -32768 -32768 -32768 -32768 -32768 -32768 -32768 -32768 -32768 -32768 -32768 -32768 -32768 -32768 -32768 -32768 -32768 -32768 -32768 -32768 -32768 -32768 -32768 -32768 -32768 -32768 -32768 -32768 -32768 -32768 -32768 -32768 -32768 -32768 -32768 -32768 -32768 -32768 -32768 -32768 -32768 -32768 -32768 -32768 -32768 -32768 -32768 -32768 -32768 -32768 -32768 -32768 -32768 -32768 -32768 -32768 -32768 -32768 -32768 -32768 -32768 -32768 -32768 -32768 -32768 -32768 -32768 -32768 -32768 -32768 -32768 -32768 -32768 -32768 -32768 -32768 -32768 -32768 -32768 -32768 -32768 -32768 -32768 -32768 -32768 -32768 -32768 -32768 -32768 -32768 -32768 -32768 -32768 -32768 -32768 -32768 -32768 -32768 -32768 -32768 -32768 -32768 -32768 -32768 -32768 -32768 -32768 -32768 -32768 -32768 -32768 -32768 -32768 -32768 -32768 -32768 -32768 -32768 -32768 -32768 -32768 -32768 
32767 32767 32767 32767 32767 32767 32767 32767 32767 32767 32767 32767 32767 32767 32767 32767 32767 32767 32767 32767 32767 32767 32767 32767 32767 32767 32767 32767 32767 32767 32767 32767 32767 32767 32767 32767 32767 32767 32767 32767 32767 32767 32767 32767 32767 32767 32767 32767 32767 32767 32767 32767 32767 32767 32767 32767 32767 32767 32767 32767 32767 32767 32767 32767 32767 32767 32767 32767 32767 32767 32767 32767 32767 32767 32767 32767 32767 32767 32767 32767 32767 32767 32767 32767 32767 32767 32767 32767 32767 32767 32767 32767 32767 32767 32767 32767 32767 32767 32767 32767 32767 32767 32767 32767 32767 32767 32767 32767 32767 32767 32767 32767 32767 32767 32767 32767 32767 32767 32767 32767 32767 32767 32767 32767 32767 32767 32767 32767 
-29166 -29166 -29166 -29166 -29166 -29166 -29166 -29166 -29166 -29166 -29166 -29166 -29166 -29166 -29166 -29166 -29166 -29166 -29166 -29166 -29166 -29166 -29166 -29166 -29166 -29166 -29166 -29166 -29166 -29166 -29166 -29166 -29166 -29166 -29166 -29166 -29166 -29166 -29166 -29166 -29166 -29166 -29166 -29166 -29166 -29166 -29166 -29166 -29166 -29166 -29166 -29166 -29166 -29166 -29166 -29166 -29166 -29166 -29166 -29166 -29166 -29166 -29166 -29166 -29166 -29166 -29166 -29166 -29166 -29166 -29166 -29166 -29166 -29166 -29166 -29166 -29166 -29166 -29166 -29166 -29166 -29166 -29166 -29166 -29166 -29166 -29166 -29166 -29166 -29166 -29166 -29166 -29166 -29166 -29166 -29166 -29166 -29166 -29166 -29166 -29166 -29166 -29166 -29166 -29166 -29166 -29166 -29166 -29166 -29166 -29166 -29166 -29166 -29166 -29166 -29166 -29166 -29166 -29166 -29166 -29166 -29166 -29166 -29166 -29166 -29166 -29166 -29166 
122 26 14 15
32767 -32768 32767 -32768 32767 -32768 32767 -32768 32767 -32768 32767 -32768 32767 -32768 32767 -32768 32767 -32768 32767 -32768 32767 -32768 32767 -32768 32767 -32768 32767 -32768 32767 -32768 32767 -32768 32767 -32768 32767 -32768 32767 -32768 32767 -32768 32767 -32768 32767 -32768 32767 -32768 32767 -32768 32767 -32768 32767 -32768 32767 -32768 32767 -32768 32767 -32768 32767 -32768 32767 -32768 32767 -32768 32767 -32768 32767 -32768 32767 -32768 32767 -32768 32767 -32768 32767 -32768 32767 -32768 32767 -32768 32767 -32768 32767 -32768 32767 -32768 32767 -32768 32767 -32768 32767 -32768 32767 -32768 32767 -32768 32767 -32768 32767 -32768 32767 -32768 32767 -32768 32767 -32768 32767 -32768 32767 -32768 32767 -32768 32767 -32768 32767 -32768 32767 -32768 32767 -32768 32767 -32768 32767 -32768 32767 -32768 32767 -32768 
-32768 -32768 -32768 -32768 -32768 -32768 -32768 -32768 -32768 -32768 -32768 -32768 -32768 -32768 -32768 -32768 -32768 -32768 -32768 -32768 -32768 -32768 -32768 -32768 -32768 -32768 -32768 -32768 -32768 -32768 -32768 -32768 -32768 -32768 -32768 -32768 -32768 -32768 -32768 -32768 -32768 -32768 -32768 -32768 -32768 -32768 -32768 -32768 -32768 -32768 -32768 -32768 -32768 -32768 -32768 -32768 -32768 -32768 -32768 -32768 -32768 -32768 -32768 -32768 -32768 -32768 -32768 -32768 -32768 -32768 -32768 -32768 -32768 -32768 -32768 -32768 -32768 -32768 -32768 -32768 -32768 -32768 -32768 -32768 -32768 -32768 -32768 -32768 -32768 -32768 -32768 -32768 -32768 -32768 -32768 -32768 -32768 -32768 -32768 -32768 -32768 -32768 -32768 -32768 -32768 -32768 -32768 -32768 -32768 -32768 -32768 -32768 -32768 -32768 -32768 -32768 -32768 -32768 -32768 -32768 -32768 -32768 -32768 -32768 -32768 -32768 -32768 -32768 
-28754 28755 -28754 28755 -28754 28755 -28754 28755 -28754 28755 -28754 28755 -28754 28755 -28754 28755 -28754 28755 -28754 28755 -28754 28755 -28754 28755 -28754 28755 -28754 28755 -28754 28755 -28754 28755 -28754 28755 -28754 28755 -28754 28755 -28754 28755 -28754 28755 -28754 28755 -28754 28755 -28754 28755 -28754 28755 -28754 28755 -28754 28755 -28754 28755 -28754 28755 -28754 28755 -28754 28755 -28754 28755 -28754 28755 -28754 28755 -28754 28755 -28754 28755 -28754 28755 -28754 28755 -28754 28755 -28754 28755 -28754 28755 -28754 28755 -28754 28755 -28754 28755 -28754 28755 -28754 28755 -28754 28755 -28754 28755 -28754 28755 -28754 28755 -28754 28755 -28754 28755 -28754 28755 -28754 28755 -28754 28755 -28754 28755 -28754 28755 -28754 28755 -28754 28755 -28754 28755 -28754 28755 -28754 28755 -28754 28755 -28754 28755 
123 22 12 14
0 0 0 0 0 0 0 0 0 0 0 0 0 0 0 0 0 0 0 0 0 0 0 0 0 0 0 0 0 0 0 0 0 0 0 0 0 0 0 0 0 0 0 0 0 0 0 0 0 0 0 0 0 0 0 0 0 0 0 0 0 0 0 0 0 0 0 0 0 0 0 0 0 0 0 0 0 0 0 0 0 0 0 0 0 0 0 0 0 0 0 0 0 0 0 0 0 0 0 0 0 0 0 0 0 0 0 0 0 0 0 0 0 0 0 0 0 0 0 0 0 0 0 0 0 0 0 32767 
1000 1000 1000 1000 1000 1000 1000 1000 1000 1000 1000 1000 1000 1000 1000 1000 1000 1000 1000 1000 1000 1000 1000 1000 1000 1000 1000 1000 1000 1000 1000 1000 1000 1000 1000 1000 1000 1000 1000 1000 1000 1000 1000 1000 1000 1000 1000 1000 1000 1000 1000 1000 1000 1000 1000 1000 1000 1000 1000 1000 1000 1000 1000 1000 1000 1000 1000 1000 1000 1000 1000 1000 1000 1000 1000 1000 1000 1000 1000 1000 1000 1000 1000 1000 1000 1000 1000 1000 1000 1000 1000 1000 1000 1000 1000 1000 1000 1000 1000 1000 1000 1000 1000 1000 1000 1000 1000 1000 1000 1000 1000 1000 1000 1000 1000 1000 1000 1000 1000 1000 1000 1000 1000 1000 1000 1000 1000 1000 
0 0 0 0 0 0 0 0 0 0 0 0 0 0 0 0 0 0 0 0 0 0 0 0 0 0 0 0 0 0 0 0 0 0 0 0 0 0 0 0 0 0 0 0 0 0 0 0 0 0 0 0 0 0 0 0 0 0 0 0 0 0 0 0 0 0 0 0 0 0 0 0 0 0 0 0 0 0 0 0 0 0 0 0 0 0 0 0 0 0 0 0 0 0 0 0 0 0 0 0 0 0 0 0 0 0 0 0 0 0 0 0 0 0 0 0 0 0 0 0 0 0 0 0 0 0 0 25714 
124 22 12 14
32767 0 0 0 0 0 0 0 0 0 0 0 0 0 0 0 0 0 0 0 0 0 0 0 0 0 0 0 0 0 0 0 0 0 0 0 0 0 0 0 0 0 0 0 0 0 0 0 0 0 0 0 0 0 0 0 0 0 0 0 0 0 0 0 0 0 0 0 0 0 0 0 0 0 0 0 0 0 0 0 0 0 0 0 0 0 0 0 0 0 0 0 0 0 0 0 0 0 0 0 0 0 0 0 0 0 0 0 0 0 0 0 0 0 0 0 0 0 0 0 0 0 0 0 0 0 0 0 
1000 1000 1000 1000 1000 1000 1000 1000 1000 1000 1000 1000 1000 1000 1000 1000 1000 1000 1000 1000 1000 1000 1000 1000 1000 1000 1000 1000 1000 1000 1000 1000 1000 1000 1000 1000 1000 1000 1000 1000 1000 1000 1000 1000 1000 1000 1000 1000 1000 1000 1000 1000 1000 1000 1000 1000 1000 1000 1000 1000 1000 1000 1000 1000 1000 1000 1000 1000 1000 1000 1000 1000 1000 1000 1000 1000 1000 1000 1000 1000 1000 1000 1000 1000 1000 1000 1000 1000 1000 1000 1000 1000 1000 1000 1000 1000 1000 1000 1000 1000 1000 1000 1000 1000 1000 1000 1000 1000 1000 1000 1000 1000 1000 1000 1000 1000 1000 1000 1000 1000 1000 1000 1000 1000 1000 1000 1000 1000 
25714 0 0 0 0 0 0 0 0 0 0 0 0 0 0 0 0 0 0 0 0 0 0 0 0 0 0 0 0 0 0 0 0 0 0 0 0 0 0 0 0 0 0 0 0 0 0 0 0 0 0 0 0 0 0 0 0 0 0 0 0 0 0 0 0 0 0 0 0 0 0 0 0 0 0 0 0 0 0 0 0 0 0 0 0 0 0 0 0 0 0 0 0 0 0 0 0 0 0 0 0 0 0 0 0 0 0 0 0 0 0 0 0 0 0 0 0 0 0 0 0 0 0 0 0 0 0 0 
125 24 8 19
1024 1024 1024 1024 1024 1024 1024 1024 1024 1024 1024 1024 1024 1024 1024 1024 1024 1024 1024 1024 1024 1024 1024 1024 1024 1024 1024 1024 1024 1024 1024 1024 1024 1024 1024 1024 1024 1024 1024 1024 1024 1024 1024 1024 1024 1024 1024 1024 1024 1024 1024 1024 1024 1024 1024 1024 1024 1024 1024 1024 1024 1024 1024 1024 1024 1024 1024 1024 1024 1024 1024 1024 1024 1024 1024 1024 1024 1024 1024 1024 1024 1024 1024 1024 1024 1024 1024 1024 1024 1024 1024 1024 1024 1024 1024 1024 1024 1024 1024 1024 1024 1024 1024 1024 1024 1024 1024 1024 1024 1024 1024 1024 1024 1024 1024 1024 1024 1024 1024 1024 1024 1024 1024 1024 1024 1024 1024 1024 
256 256 256 256 256 256 256 256 256 256 256 256 256 256 256 256 256 256 256 256 256 256 256 256 256 256 256 256 256 256 256 256 256 256 256 256 256 256 256 256 256 256 256 256 256 256 256 256 256 256 256 256 256 256 256 256 256 256 256 256 256 256 256 256 256 256 256 256 256 256 256 256 256 256 256 256 256 256 256 256 256 256 256 256 256 256 256 256 256 256 256 256 256 256 256 256 256 256 256 256 256 256 256 256 256 256 256 256 256 256 256 256 256 256 256 256 256 256 256 256 256 256 256 256 256 256 256 256 
31941 31941 31941 31941 31941 31941 31941 31941 31941 31941 31941 31941 31941 31941 31941 31941 31941 31941 31941 31941 31941 31941 31941 31941 31941 31941 31941 31941 31941 31941 31941 31941 31941 31941 31941 31941 31941 31941 31941 31941 31941 31941 31941 31941 31941 31941 31941 31941 31941 31941 31941 31941 31941 31941 31941 31941 31941 31941 31941 31941 31941 31941 31941 31941 31941 31941 31941 31941 31941 31941 31941 31941 31941 31941 31941 31941 31941 31941 31941 31941 31941 31941 31941 31941 31941 31941 31941 31941 31941 31941 31941 31941 31941 31941 31941 31941 31941 31941 31941 31941 31941 31941 31941 31941 31941 31941 31941 31941 31941 31941 31941 31941 31941 31941 31941 31941 31941 31941 31941 31941 31941 31941 31941 31941 31941 31941 31941 31941 
126 0 0 12
1 1 1 1 1 1 1 1 1 1 1 1 1 1 1 1 1 1 1 1 1 1 1 1 1 1 1 1 1 1 1 1 1 1 1 1 1 1 1 1 1 1 1 1 1 1 1 1 1 1 1 1 1 1 1 1 1 1 1 1 1 1 1 1 1 1 1 1 1 1 1 1 1 1 1 1 1 1 1 1 1 1 1 1 1 1 1 1 1 1 1 1 1 1 1 1 1 1 1 1 1 1 1 1 1 1 1 1 1 1 1 1 1 1 1 1 1 1 1 1 1 1 1 1 1 1 1 1 
1 1 1 1 1 1 1 1 1 1 1 1 1 1 1 1 1 1 1 1 1 1 1 1 1 1 1 1 1 1 1 1 1 1 1 1 1 1 1 1 1 1 1 1 1 1 1 1 1 1 1 1 1 1 1 1 1 1 1 1 1 1 1 1 1 1 1 1 1 1 1 1 1 1 1 1 1 1 1 1 1 1 1 1 1 1 1 1 1 1 1 1 1 1 1 1 1 1 1 1 1 1 1 1 1 1 1 1 1 1 1 1 1 1 1 1 1 1 1 1 1 1 1 1 1 1 1 1 
4096 4096 4096 4096 4096 4096 4096 4096 4096 4096 4096 4096 4096 4096 4096 4096 4096 4096 4096 4096 4096 4096 4096 4096 4096 4096 4096 4096 4096 4096 4096 4096 4096 4096 4096 4096 4096 4096 4096 4096 4096 4096 4096 4096 4096 4096 4096 4096 4096 4096 4096 4096 4096 4096 4096 4096 4096 4096 4096 4096 4096 4096 4096 4096 4096 4096 4096 4096 4096 4096 4096 4096 4096 4096 4096 4096 4096 4096 4096 4096 4096 4096 4096 4096 4096 4096 4096 4096 4096 4096 4096 4096 4096 4096 4096 4096 4096 4096 4096 4096 4096 4096 4096 4096 4096 4096 4096 4096 4096 4096 4096 4096 4096 4096 4096 4096 4096 4096 4096 4096 4096 4096 4096 4096 4096 4096 4096 4096 
127 20 12 44
12851 23638 -24245 12398 -18109 20556 -10911 9595 7858 9591 31268 -15117 -15333 4324 22887 -2052 27706 -414 7665 -7334 -2777 -28514 1029 23268 -1521 -23545 10972 -11702 -14899 -19051 24670 17569 -3139 -28878 -11130 29973 12643 17430 10388 -17145 -25512 -20330 -18017 -17891 24177 5668 32172 -22258 -7612 32761 -6113 29644 29073 -32135 15227 13404 15237 -18596 -6298 6067 23742 -14466 -11525 -22786 -4850 9196 10913 -12648 -23557 -4522 30495 25520 -22814 29903 13156 12844 -17663 17206 -14931 18600 -26973 4403 -11642 12514 -27824 -19569 -24321 23390 14838 14579 5505 5277 -2399 32319 29004 6161 -26341 -29944 -11539 20970 -31838 -16990 -32552 -15981 -32674 -11236 -24220 7744 7919 -30512 -3873 -26339 -912 3594 10514 14243 -28144 17049 4299 8098 30106 24833 -577 -28953 26122 -26584 -26503 32765 
0 0 0 0 0 0 0 0 0 0 0 0 0 0 0 0 0 0 0 0 0 0 0 0 0 0 0 0 0 0 0 0 0 0 0 0 0 0 0 0 0 0 0 0 0 0 0 0 0 0 0 0 0 0 0 0 0 0 0 0 0 0 0 0 0 0 0 0 0 0 0 0 0 0 0 0 0 0 0 0 0 0 0 0 0 0 0 0 0 0 0 0 0 0 0 0 0 0 0 0 0 0 0 0 0 0 0 0 0 0 0 0 0 0 0 0 0 0 0 0 0 0 0 0 0 0 0 0 
0 0 0 0 0 0 0 0 0 0 0 0 0 0 0 0 0 0 0 0 0 0 0 0 0 0 0 0 0 0 0 0 0 0 0 0 0 0 0 0 0 0 0 0 0 0 0 0 0 0 0 0 0 0 0 0 0 0 0 0 0 0 0 0 0 0 0 0 0 0 0 0 0 0 0 0 0 0 0 0 0 0 0 0 0 0 0 0 0 0 0 0 0 0 0 0 0 0 0 0 0 0 0 0 0 0 0 0 0 0 0 0 0 0 0 0 0 0 0 0 0 0 0 0 0 0 0 0 
128 10 12 12
21341 21341 21341 21341 21341 21341 21341 21341 21341 21341 21341 21341 21341 21341 21341 21341 21341 21341 21341 21341 21341 21341 21341 21341 21341 21341 21341 21341 21341 21341 21341 21341 21341 21341 21341 21341 21341 21341 21341 21341 21341 21341 21341 21341 21341 21341 21341 21341 21341 21341 21341 21341 21341 21341 21341 21341 21341 21341 21341 21341 21341 21341 21341 21341 21341 21341 21341 21341 21341 21341 21341 21341 21341 21341 21341 21341 21341 21341 21341 21341 21341 21341 21341 21341 21341 21341 21341 21341 21341 21341 21341 21341 21341 21341 21341 21341 21341 21341 21341 21341 21341 21341 21341 21341 21341 21341 21341 21341 21341 21341 21341 21341 21341 21341 21341 21341 21341 21341 21341 21341 21341 21341 21341 21341 21341 21341 21341 21341 
32691 32691 32691 32691 32691 32691 32691 32691 32691 32691 32691 32691 32691 32691 32691 32691 32691 32691 32691 32691 32691 32691 32691 32691 32691 32691 32691 32691 32691 32691 32691 32691 32691 32691 32691 32691 32691 32691 32691 32691 32691 32691 32691 32691 32691 32691 32691 32691 32691 32691 32691 32691 32691 32691 32691 32691 32691 32691 32691 32691 32691 32691 32691 32691 32691 32691 32691 32691 32691 32691 32691 32691 32691 32691 32691 32691 32691 32691 32691 32691 32691 32691 32691 32691 32691 32691 32691 32691 32691 32691 32691 32691 32691 32691 32691 32691 32691 32691 32691 32691 32691 32691 32691 32691 32691 32691 32691 32691 32691 32691 32691 32691 32691 32691 32691 32691 32691 32691 32691 32691 32691 32691 32691 32691 32691 32691 32691 32691 
32767 32767 32767 32767 32767 32767 32767 32767 32767 32767 32767 32767 32767 32767 32767 32767 32767 32767 32767 32767 32767 32767 32767 32767 32767 32767 32767 32767 32767 32767 32767 32767 32767 32767 32767 32767 32767 32767 32767 32767 32767 32767 32767 32767 32767 32767 32767 32767 32767 32767 32767 32767 32767 32767 32767 32767 32767 32767 32767 32767 32767 32767 32767 32767 32767 32767 32767 32767 32767 32767 32767 32767 32767 32767 32767 32767 32767 32767 32767 32767 32767 32767 32767 32767 32767 32767 32767 32767 32767 32767 32767 32767 32767 32767 32767 32767 32767 32767 32767 32767 32767 32767 32767 32767 32767 32767 32767 32767 32767 32767 32767 32767 32767 32767 32767 32767 32767 32767 32767 32767 32767 32767 32767 32767 32767 32767 32767 32767 
129 80 12 67
-24088 -10668 21410 -259 -20817 21920 27569 10306 -19555 -16129 2500 -24146 -4904 -20143 12213 12971 5765 22201 -15036 31775 -17299 -20165 25169 31822 -20272 -29451 -11726 21099 29338 29956 -21728 30512 22790 -2346 28988 26480 1517 6726 30119 14969 -30050 25383 -31550 -25361 -11334 -14119 -12541 -32573 -1612 -11455 -28198 14661 3986 32249 -8846 -6446 -32219 11438 -586 -17837 6372 24342 -1417 29294 32046 6194 -18506 -9901 -12189 1115 21255 4751 8174 16575 -2891 -20643 -27990 -12001 15914 18055 6846 -1619 -28713 -29886 6282 14684 -24639 15339 -29667 3369 -21844 7564 -14122 26578 -24425 -31000 21759 6770 -13042 26707 -22628 -26653 31699 13547 9056 -21024 27170 12621 30879 2583 21731 -22871 10086 989 -25672 32477 -14300 -24534 7097 26242 28448 -26520 12189 22855 -26663 -31498 -13783 29176 
-30534 -10560 6234 -4935 28177 -3548 -22601 -3223 -7420 -32762 -19839 -20387 12692 25184 25215 1174 -25880 -16978 -28947 -8908 -22520 1345 -25127 -14547 -1300 -2793 -17512 28355 7024 14505 -18424 17393 7419 -27078 11698 1618 -9209 -26938 22809 -2086 -9753 -19866 -15448 28462 -21406 -22751 -21340 1745 13822 17014 -30357 -30832 28466 26387 1212 18534 29076 30018 23718 -19605 -30191 -14008 -11058 -6585 30820 -3833 12872 -23582 -16242 5471 11348 -16510 4994 17045 -16039 -5457 12558 -19854 22686 30751 3797 8849 9150 -10857 -8334 3781 22670 25352 5982 15090 996 26381 -1738 -14866 11538 -21478 -17415 14484 24757 10582 12632 2729 -3288 -1788 17472 -15957 14916 679 23289 28824 3097 -1875 -19673 -19327 27244 5179 -12519 2695 -15426 -3748 8749 -22064 -26829 23395 -16987 10745 16655 22479 
21920 3357 3978 38 -17481 -2318 -18569 -990 4324 15748 -1478 14671 -1855 -15118 9178 454 -4446 -11233 12971 -8436 11610 -808 -18848 -13796 785 2451 6120 17830 6141 12949 11930 15816 5039 1893 10106 1277 -416 -5400 20474 -931 8734 -15028 14525 -21512 7231 9573 7976 -1694 -664 -5808 25511 -13471 3382 25360 -320 -3560 -27919 10233 -414 10422 -5733 -10162 467 -5749 29434 -708 -7099 6958 5900 182 7188 -2338 1217 8420 1382 3357 -10475 7101 10759 16547 775 -427 -7830 9670 -1560 1655 -16647 11589 -5289 1515 -648 5947 731 -11775 -8399 19843 -11293 2922 -9623 8423 -8519 -2168 -3106 -722 4716 9998 12078 255 21432 2219 2006 1278 -5913 -570 -20844 5013 5335 -1971 -3263 -2931 7418 17438 -9746 15935 13498 -10086 -6841 19546 
130 -30 6 -12
-8494 23890 -25049 -24372 -3105 23150 -16703 -19104 -24964 -15623 -20076 -6622 -7774 19886 -1349 -602 -10280 -25711 -24516 19711 -3638 -32451 -1291 -4475 31874 18986 -15732 26282 -18396 -29367 -6912 4996 18018 -12683 29371 -13901 4469 -10956 -31150 -28272 6248 -5981 28703 21577 -6354 29529 16225 -23416 -12290 -18414 3212 -16384 24479 12525 -22191 9212 5486 -21004 6756 21065 -3272 12058 25469 32727 -29225 -11555 5107 16913 -29731 -5644 -25653 4319 -18908 17966 -17338 -22847 26421 16579 -8227 -4280 9255 27486 13631 21076 5218 9755 4624 20524 -16477 -20821 -6427 30773 2358 -15836 22783 -7202 -30961 -7117 16628 -2157 -28987 12648 -3594 7437 17416 29440 -27532 8233 -3975 -10993 16490 10773 29593 3212 -21272 -9919 -9099 30871 -2976 31509 19567 22826 17090 30582 14315 13273 -18243 -29811 
29095 30241 -16673 22049 -20122 8755 -14681 -497 21442 22350 4190 -16231 -12225 29328 3133 -19940 -20098 -4874 26718 28979 -4357 -32132 12123 7858 -17359 -12249 25580 -29164 16879 -15980 22786 30458 -1457 18319 113 -23260 22086 -29352 -30618 18218 -6049 9915 2475 -10959 -18399 16665 -28904 21702 -20008 22598 3362 -792 -22502 3750 14256 28004 -18711 28797 11909 940 20279 -14027 8086 26247 -2121 31394 506 -1434 -3029 14016 10528 -2327 11173 5107 -19227 -31845 -16653 -9203 -19779 -21408 4742 5322 31233 31036 -18233 24463 11977 -957 20625 -25586 2406 6955 19756 -11136 -28624 31521 -1090 20150 13433 -19086 -29081 -16657 -12504 15215 6839 -20391 22729 20855 15551 -25965 -31197 -26000 -11682 -26516 4752 21247 8921 10661 -16099 -3663 14422 -12950 3468 -69 24894 -27213 -15208 -22423 
0 0 0 0 0 0 0 0 0 0 0 0 0 0 0 0 0 0 0 0 0 0 0 0 0 0 0 0 0 0 0 0 0 0 0 0 0 0 0 0 0 0 0 0 0 0 0 0 0 0 0 0 0 0 0 0 0 0 0 0 0 0 0 0 0 0 0 0 0 0 0 0 0 0 0 0 0 0 0 0 0 0 0 0 0 0 0 0 0 0 0 0 0 0 0 0 0 0 0 0 0 0 0 0 0 0 0 0 0 0 0 0 0 0 0 0 0 0 0 0 0 0 0 0 0 0 0 0 
131 -12 0 0
0 0 0 0 0 0 0 0 0 0 0 0 0 0 0 0 0 0 0 0 0 0 0 0 0 0 0 0 0 0 0 0 0 0 0 0 0 0 0 0 0 0 0 0 0 0 0 0 0 0 0 0 0 0 0 0 0 0 0 0 0 0 0 0 0 0 0 0 0 0 0 0 0 0 0 0 0 0 0 0 0 0 0 0 0 0 0 0 0 0 0 0 0 0 0 0 0 0 0 0 0 0 0 0 0 0 0 0 0 0 0 0 0 0 0 0 0 0 0 0 0 0 0 0 0 0 0 0 
32767 32767 32767 32767 32767 32767 32767 32767 32767 32767 32767 32767 32767 32767 32767 32767 32767 32767 32767 32767 32767 32767 32767 32767 32767 32767 32767 32767 32767 32767 32767 32767 32767 32767 32767 32767 32767 32767 32767 32767 32767 32767 32767 32767 32767 32767 32767 32767 32767 32767 32767 32767 32767 32767 32767 32767 32767 32767 32767 32767 32767 32767 32767 32767 32767 32767 32767 32767 32767 32767 32767 32767 32767 32767 32767 32767 32767 32767 32767 32767 32767 32767 32767 32767 32767 32767 32767 32767 32767 32767 32767 32767 32767 32767 32767 32767 32767 32767 32767 32767 32767 32767 32767 32767 32767 32767 32767 32767 32767 32767 32767 32767 32767 32767 32767 32767 32767 32767 32767 32767 32767 32767 32767 32767 32767 32767 32767 32767 
0 0 0 0 0 0 0 0 0 0 0 0 0 0 0 0 0 0 0 0 0 0 0 0 0 0 0 0 0 0 0 0 0 0 0 0 0 0 0 0 0 0 0 0 0 0 0 0 0 0 0 0 0 0 0 0 0 0 0 0 0 0 0 0 0 0 0 0 0 0 0 0 0 0 0 0 0 0 0 0 0 0 0 0 0 0 0 0 0 0 0 0 0 0 0 0 0 0 0 0 0 0 0 0 0 0 0 0 0 0 0 0 0 0 0 0 0 0 0 0 0 0 0 0 0 0 0 0 
132 6 3 21
0 0 0 0 0 0 0 0 0 0 0 0 0 0 0 0 0 0 0 0 0 0 0 0 0 0 0 0 0 0 0 0 0 0 0 0 0 0 0 0 0 0 0 0 0 0 0 0 0 0 0 0 0 0 0 0 0 0 0 0 0 0 0 0 0 0 0 0 0 0 0 0 0 0 0 0 0 0 0 0 0 0 0 0 0 0 0 0 0 0 0 0 0 0 0 0 0 0 0 0 0 0 0 0 0 0 0 0 0 0 0 0 0 0 0 0 0 0 0 0 0 0 0 0 0 0 0 0 
-9999 -9999 -9999 -9999 -9999 -9999 -9999 -9999 -9999 -9999 -9999 -9999 -9999 -9999 -9999 -9999 -9999 -9999 -9999 -9999 -9999 -9999 -9999 -9999 -9999 -9999 -9999 -9999 -9999 -9999 -9999 -9999 -9999 -9999 -9999 -9999 -9999 -9999 -9999 -9999 -9999 -9999 -9999 -9999 -9999 -9999 -9999 -9999 -9999 -9999 -9999 -9999 -9999 -9999 -9999 -9999 -9999 -9999 -9999 -9999 -9999 -9999 -9999 -9999 -9999 -9999 -9999 -9999 -9999 -9999 -9999 -9999 -9999 -9999 -9999 -9999 -9999 -9999 -9999 -9999 -9999 -9999 -9999 -9999 -9999 -9999 -9999 -9999 -9999 -9999 -9999 -9999 -9999 -9999 -9999 -9999 -9999 -9999 -9999 -9999 -9999 -9999 -9999 -9999 -9999 -9999 -9999 -9999 -9999 -9999 -9999 -9999 -9999 -9999 -9999 -9999 -9999 -9999 -9999 -9999 -9999 -9999 -9999 -9999 -9999 -9999 -9999 -9999 
0 0 0 0 0 0 0 0 0 0 0 0 0 0 0 0 0 0 0 0 0 0 0 0 0 0 0 0 0 0 0 0 0 0 0 0 0 0 0 0 0 0 0 0 0 0 0 0 0 0 0 0 0 0 0 0 0 0 0 0 0 0 0 0 0 0 0 0 0 0 0 0 0 0 0 0 0 0 0 0 0 0 0 0 0 0 0 0 0 0 0 0 0 0 0 0 0 0 0 0 0 0 0 0 0 0 0 0 0 0 0 0 0 0 0 0 0 0 0 0 0 0 0 0 0 0 0 0 
133 22 0 0
2365 -1912 -2121 -1683 -3008 3290 1949 -3543 -3456 2300 -3107 -2920 -1979 -2973 2852 3608 -2755 -4119 -3253 -3893 1505 -2511 -1162 3597 3066 3382 2254 3242 2840 -1695 2400 3356 -1079 -1920 -1790 1567 -2950 -1771 2227 -3146 1363 -3297 772 1092 -3102 -1154 -1100 1527 439 1241 -3083 1459 1548 -113 311 154 -502 114 -1801 -2630 1435 -1632 3873 -4037 -1152 4075 260 65 -3676 -904 2782 43 4066 325 3174 1664 1784 4093 -2384 -2857 57 -44 4170 812 4034 -2663 -1021 -3668 2391 -2073 -3639 -1247 1583 1317 -2864 -2072 1629 671 225 -3811 2654 -1654 -1625 -3633 -1589 -595 -3267 1511 -2743 -1124 2665 3431 -904 -1177 -1508 583 -873 -1242 -1915 -2739 -1522 -2977 596 3624 2010 -2575 -986 1859 
12880 30020 -9084 8526 24133 18377 6683 -24907 24129 -21478 -15388 28550 -14744 -2721 -6786 23090 17456 979 -22818 2893 -29927 -11238 2034 8369 7052 27070 15657 20101 -19863 16693 143 -6272 4563 30215 -11212 5715 -30255 -32055 9786 -20922 28060 -26043 7924 14540 657 -22078 30714 19094 29464 -20093 -21926 -31502 10633 15263 21909 -13229 -32457 -18556 2502 -11528 11786 -29588 -19612 2640 -10018 -7774 -11323 -19839 10677 -16937 -726 20697 -4650 7406 -7991 27446 -17240 -7336 25061 -9229 -2100 20564 20619 19417 -15731 19592 -28007 -31505 25543 1468 24454 19967 8381 26977 -4181 30014 27984 -28306 -23165 11433 -5252 -24701 -26000 -31450 29648 -10609 -1815 -27035 21954 15457 -20498 -19485 -7159 -12618 -28634 -31970 -3417 -18590 28087 16273 31635 -8890 11149 13869 20917 -24919 17365 1797 
6307 -11885 3989 -2971 -15030 12519 2697 18272 -17266 -10228 9899 -17261 6041 1675 -4007 17249 -9957 -835 15369 -2332 -9326 5843 -489 6233 4477 18956 7307 13493 -11680 -5859 71 -4358 -1019 -12012 4155 1854 18480 11754 4512 13628 7919 17778 1267 3288 -422 5275 -6995 6037 2678 -5163 13996 -9516 3408 -357 1411 -422 3374 -438 -933 6278 3502 9998 -15727 -2207 2390 -6559 -610 -267 -8127 3170 -418 184 -3915 498 -5252 9456 -6368 -6217 -12371 5459 -25 -187 17803 3265 -13139 -10803 5921 23927 12645 -630 -18425 -5155 2747 7356 2479 -12876 9439 -3933 -1079 -9022 -2886 8459 8748 23658 -9754 1307 1228 -8458 -12469 -3597 -11311 -13842 1340 3075 8941 -3859 618 4781 -11137 -9229 -9969 5480 1376 10407 8705 13286 -3545 692 
134 18 0 -1
-481 127 -652 -223 -651 624 774 280 -181 -548 484 -573 263 -216 -722 -716 262 724 -469 443 -543 11 362 459 314 -73 632 517 -162 -361 311 352 173 176 -222 -724 -701 -765 -161 -204 -376 -216 -261 -94 22 601 316 216 -697 -132 -105 628 -40 594 -294 -572 276 -647 -575 -467 612 602 553 312 -491 281 -461 280 -164 -298 -387 428 -21 473 -490 725 143 -643 -212 607 246 -5 -102 -282 3 593 -334 742 734 746 180 -351 56 -338 258 -162 -549 -486 -691 297 708 289 -305 222 -173 -462 -106 -643 251 -239 -539 -673 -28 -50 -183 541 561 311 -590 314 135 189 -460 418 111 -276 -105 -230 
18434 3166 -4511 -9623 19769 21765 -3995 1774 20657 25898 24659 -31810 -17126 8414 -2335 12965 22902 11977 32603 27711 -30381 945 8700 -25286 -26946 -30099 -11661 -8512 -21359 7874 -25376 10880 12603 -20322 5143 12453 13615 13818 -2222 31252 11856 32023 -2376 -18235 18742 -5899 3006 -14248 -673 -20912 22271 -16286 20354 -31028 7780 15917 -11344 -19903 30739 -30069 6966 31322 -19551 3017 -31918 29293 -21240 -25484 -21024 -20220 3122 5990 -300 25388 17594 -83 -15397 -25743 -28477 29344 29831 -19584 2970 -31018 -11762 17332 12944 -3836 -6265 15761 -29130 32074 -32458 27655 -8249 -17276 14765 26731 21664 4639 -28782 -12281 20921 26068 -15361 19033 2953 -22188 -25196 -20564 -10962 -9951 4185 -3156 -6721 7670 -7121 -27518 -6404 -6547 -17423 -13950 3243 -8031 -25262 -7899 -29992 19333 
-8741 396 2900 2116 -12688 13389 -3048 490 -3686 -13991 11766 17969 -4440 -1792 1662 -9152 5915 8549 -15075 12102 16264 10 3105 -11442 -8341 2166 -7266 -4338 3411 -2802 -7780 3776 2149 -3526 -1126 -8888 -9409 -10421 353 -6285 -4395 -6819 611 1690 406 -3495 936 -3034 462 2721 -2305 -10083 -803 -18170 -2255 -8976 -3087 12695 -17425 13844 4203 18589 -10659 928 15450 8115 9653 -7035 3399 5940 -1191 2527 6 11839 -8499 -59 -2171 16319 5952 17560 7235 97 -299 8623 -35 10133 -4262 -2806 -4533 11591 -5169 -11099 -1792 -9215 -2098 2759 -7991 -12808 -14758 1358 -20090 -3499 -6291 5705 2620 -8669 -309 14065 -6235 4845 5825 6602 -116 156 1213 4091 -3938 -8437 3725 -2027 -2319 -2599 -1471 -3309 -2764 2149 3105 -4384 
135 23 9 9
2552 -4412 2941 1843 106 3058 -4554 5038 1827 -714 -3444 2514 -4232 -2914 -5134 -2559 3162 -341 -3757 -2136 -1479 -667 -3284 3619 -3974 -2950 -1328 -1065 3911 3529 4366 -1301 -3256 -4935 4928 865 -844 -713 2387 -98 -460 -4199 2795 5018 -1524 2686 2483 3415 5292 -3609 591 -5002 -1534 -215 4766 1931 -1669 1685 -1265 -335 4232 -1828 -504 -1538 -1482 -3720 -3817 3934 1953 -843 1864 4265 -995 -4033 5202 3802 978 -5099 4691 662 1227 -3854 -3318 -2966 4785 -1576 -19 -956 2448 5143 -4357 445 -4956 1010 907 -2305 1694 5341 3318 -3623 312 1671 -4894 -3852 -2349 -543 1298 -1399 3357 1236 1187 -4723 4259 -5368 1856 -1094 5108 3344 823 -4091 -1557 -2200 -3697 3771 -2987 -4706 5210 3356 
-20827 13203 10888 18082 17183 -18668 21237 27747 -10089 32735 17346 32497 11463 22850 -4134 -4055 6326 -26015 32146 5796 19553 -25260 7058 14079 5663 15446 20955 15477 -16036 24007 -19732 -6920 10833 28300 -4131 -25390 31347 20818 -24472 8792 28895 30845 -26369 25912 4459 30936 -14018 -29567 18931 18267 -6738 24715 9156 -27893 4758 -11379 -10453 -16689 28903 28046 24903 -17680 2297 -27112 -10380 -16569 19145 22718 -18742 -27201 2557 7014 -19874 8251 30959 17233 18978 13404 26340 1218 -30184 26428 8315 -16188 -5340 25557 12783 -27673 -21719 14625 26883 30399 14551 -19064 -24034 928 -27569 -8645 -30682 3839 -18023 19597 -14016 -8407 -19305 13863 4817 29940 28665 -27641 19116 14814 -12839 25180 -14087 21612 -10199 -14554 -31098 4744 -14213 6073 -16855 31447 -7906 -20440 22434 -4073 
-5935 -6505 3576 3721 203 -6375 -10800 15610 -2058 -2610 -6671 9123 -5417 -7435 2370 1159 2234 991 -13486 -1382 -3229 1881 -2588 5690 -2513 -5088 -3107 -1841 -7003 9460 -9620 1005 -3939 -15595 -2273 -2452 -2954 -1657 -6523 -96 -1484 -14463 -8230 14520 -759 9279 -3887 -11275 11187 -7362 -445 -13805 -1568 670 2532 -2454 1948 -3140 -4083 -1049 11768 3609 -129 4656 1718 6883 -8160 9980 -4087 2561 532 3340 2208 -3716 17984 7316 2073 -7632 13798 90 -4136 -11374 -3081 5362 -2853 -4498 -27 2954 -5937 8399 -13079 1511 -8053 -2150 -2434 -239 -5215 -5156 -11368 -1553 -628 3657 7660 3616 5064 -841 698 -4677 10745 -3815 2534 -7813 -6106 -15094 -2920 -2640 -5817 -5435 -2858 -2167 2471 -1492 6958 13242 2637 10741 13052 -1526 
136 25 13 13
-17302 -23858 6406 4525 22125 -27046 28755 -7920 2802 -3459 10540 -15970 26061 -20447 1920 -16230 133 28811 14881 26434 11061 -11674 -24237 -6537 4326 -18839 -13776 3840 7072 -17842 25679 -22883 3938 15782 -18827 12670 7808 -4176 -7512 24646 -3838 147 -6408 -25957 -3129 -1600 -728 25898 5941 12432 -12320 23209 -16276 27202 17023 -8778 -28023 13719 22490 -18504 -22139 -23138 9229 8884 -11878 25770 -25286 -15934 6884 7177 -1050 8643 -2440 -22543 -444 18715 11672 27033 -17633 -20378 17414 6899 17100 -325 3355 -13010 -26270 -11161 -20539 -25296 16629 -6144 3044 -18523 -17603 -5178 6368 -13595 -12022 -6096 19171 -10524 3936 -18817 25712 -6125 -9284 -17367 6097 -15227 16005 26246 26202 5775 -2735 4778 7550 -16319 24173 12782 -7080 26672 -16375 4773 -652 -18590 25051 -17273 
-9937 32273 24308 -25412 29395 -14225 -18073 690 26339 16382 -18923 -29062 22143 -4391 6476 20172 31500 18867 20250 -14439 -21294 -17921 6613 -21724 -23395 -18389 2794 5011 -9465 1121 15781 -1971 32483 6351 -27627 -18516 -26925 14014 22601 7499 350 4886 28073 25415 -19624 -17662 17781 18783 -25641 16667 -13459 -13874 -8265 -11158 -24848 -26859 6470 2702 -11662 -32500 -19369 -12019 31819 -3559 6557 3691 13900 -5214 -11777 27568 8119 -21393 7297 -10065 -29895 1759 24019 14474 25006 -32254 30943 587 2645 -14856 23106 -23641 20849 22672 17303 -5298 -4790 -12710 -18654 -16370 -32206 -24467 27953 -7285 10177 -18346 27254 24120 12395 27033 -15255 17637 30715 18476 -25404 10223 29637 21030 -8445 -22903 29012 -12359 -27262 29108 -27821 31201 25372 -32157 -13758 12671 80 13754 -4574 -23385 
4616 -20670 4180 -3087 17459 10328 -13951 -147 1981 -1521 -5354 12460 15492 2410 334 -8789 112 14593 8090 -10246 -6323 5616 -4303 3812 -2717 9300 -1033 517 -1797 -537 10879 1211 3434 2691 13963 -6298 -5644 -1571 -4558 4962 -36 19 -4829 -17710 1648 759 -348 13059 -4089 5563 4451 -8644 3611 -8148 -11355 6329 -4867 995 -7041 16144 11512 7466 7883 -849 -2091 2553 -9436 2230 -2176 5312 -229 -4964 -478 6091 356 884 7526 10504 -11837 17645 14466 109 1214 130 2081 8257 -14703 -6793 -9541 3598 -2138 2096 -1524 8140 15219 3401 4779 2659 -3285 3002 14026 -6814 1310 -13656 -10530 -2900 -7655 -8614 -4158 -4179 12734 14818 -5940 -3551 -2130 -1585 -5526 -12752 -18054 10706 -4822 -23025 6048 1624 -1 -6864 -3076 10844 
137 22 -1 -2
27876 24628 -18427 2796 -3410 9301 -22212 26662 15532 26484 -28218 -156 16779 15923 12943 -11220 15862 -22033 -1830 29138 -23380 7065 4145 473 -17629 23456 21703 -17266 12491 26140 -2872 -4249 -16661 10943 2595 18236 -18864 20391 -12263 21595 -13987 22631 4115 -2669 -10966 -12198 10121 27191 -15490 -20015 305 25573 -21789 14689 -4407 -27897 -24737 -5529 24469 28050 -13163 27016 -20391 -3771 -13198 -11725 19143 -4871 -22501 -11391 9409 23633 27489 -12462 -2228 22918 -22240 7536 8974 -22477 1667 -3789 26376 -26979 24032 17620 24770 10160 8276 28098 -12171 10268 20815 17469 -26407 3330 8981 4379 9326 -2962 -15427 -3983 -12701 -16173 -1861 -4436 17956 14792 17670 -22259 -228 11104 16628 5280 1742 -6671 -6639 6806 6084 7919 27160 22928 28761 -14891 15182 24364 -23772 -28674 
-22091 -1388 23120 -4933 -7000 -32045 30271 -3965 18735 10705 16351 24813 -10320 672 3494 25867 12488 -3178 -19733 -1415 10052 31391 -2700 -20836 19709 19838 14733 -31983 17704 32619 -5937 9901 -29638 32292 23024 12187 -17310 18315 -16179 6606 -4064 -31612 27849 -16024 2995 30514 13469 -1192 -10551 -14299 -705 -24825 -22454 -12062 -16251 -12851 29598 -15941 11674 6434 -15437 16085 29142 -2149 26461 -31733 20209 6874 -21300 10602 29955 -13596 21733 -28811 11904 4748 -27648 18811 6731 -202 -1311 2338 17953 24175 -13255 -15209 21074 -21094 -29599 -22825 5441 -3921 18962 4506 15992 -16625 -22864 25023 21368 -13766 29245 15972 -8043 -13387 25090 -23216 10656 4361 -3083 -14556 21162 -17791 -6678 -30703 23427 24005 -24027 22954 13183 -27626 20320 -5492 22334 -29718 -24673 -18147 3678 -10813 
-17361 -964 -12010 -389 673 -8402 -18955 -2980 8203 7993 -13007 -109 -4882 302 1275 -8182 5584 1974 1018 -1162 -6625 6252 -316 -278 -9795 13118 9014 15568 6234 24038 481 -1186 13921 9962 1684 6265 9206 10528 5593 4022 1602 -20168 3231 1206 -926 -10493 3843 -914 4607 8068 -6 -17897 13793 -4995 2019 10107 -20641 2485 8053 5088 5728 12251 -16752 228 -9845 10489 10906 -944 13511 -3405 7946 -9058 16842 10122 -748 3068 17335 3996 1703 128 -62 -250 13349 -18387 -8980 -7555 14716 -6042 -6906 -18080 -1867 -1135 11127 2219 -11905 -1561 -5789 3089 5618 1150 -12719 -1793 2880 6104 -1316 2903 5394 1819 -1536 9134 -136 -5569 -3130 -4570 1150 -4515 4497 4404 2261 -6167 15559 -3550 18109 12476 -10560 -12464 -2465 8741 
138 22 2 1
-10701 -2033 10304 -11133 -5815 9021 9208 -5641 1163 9123 -10082 -4519 -11269 -3844 -4517 -1696 4019 -53 -11920 6797 -9512 9047 6730 8347 -6792 125 -3175 -10123 1400 -8487 7996 8336 -3478 -5816 9966 -10176 8222 -4165 -4551 5584 7435 -10422 4538 6980 -4818 -8241 10466 6538 -9787 9517 -7053 4752 -12244 710 4696 -1918 3944 -3546 10290 7935 6494 -1731 7731 11255 1861 3429 5677 4868 -12531 7851 -7130 -4481 2156 8850 10671 9296 1629 5592 -10236 -3875 8671 -2178 -9260 -1909 -6216 -2966 3379 2497 -2711 -10160 7934 -5987 4774 9460 -4669 6367 -6799 -4968 -7495 1023 -5319 9856 3214 -12100 7977 7656 -669 -2375 4835 11960 4003 9410 -9881 12345 -8785 -9125 -10944 2993 10049 -198 261 -11765 11588 2722 -5589 4389 -5994 11257 
3228 -30022 2894 -13874 -10792 -27205 6104 26614 7731 -22498 14625 22436 -29847 26301 21366 -30175 -26786 -23271 -14496 32535 16189 13833 -11951 -29447 -26204 16928 -32156 -25378 -1540 31656 17243 29132 24426 24880 25353 2058 -29181 5860 -19154 16863 -11107 -20291 13989 -22445 26262 5011 -3327 -10467 19963 20136 22076 -3282 -2303 -18335 -14262 1011 2425 16029 -24192 24253 20434 8656 5919 -25374 -1192 8565 27879 5827 26309 3423 18058 18568 3709 -5746 5263 20090 -29737 29318 -15164 18988 6528 24853 -8302 -15264 -28030 -25655 -12888 189 5212 2275 -4218 -12394 -23106 24989 -14656 -485 -13295 1936 -32474 -798 -12194 3670 -23783 -22311 17933 8131 23649 -20663 -391 28195 2625 -30273 -17845 -21335 8517 -2309 -17142 -26563 -9643 13858 2081 -22881 9368 -615 26486 -3064 5577 -30070 
-2043 3610 1764 9136 3712 -14516 3324 -8880 532 -12140 -8721 -5997 19894 -5980 -5708 3027 -6367 73 10220 13080 -9108 7402 -4757 -14538 10527 125 6039 15195 -128 -15891 8155 14364 -5025 -8559 14945 -1239 -14191 -1444 5156 5570 -4884 12508 3755 -9266 -7484 -2443 -2060 -4048 -11556 11335 -9209 -922 1668 -770 -3961 -115 566 -3362 -14724 11383 7849 -886 2707 -16892 -131 1737 9361 1678 -19500 1590 -7615 -4921 473 -3008 3322 11046 -2865 9697 9181 -4352 3348 -3202 4547 1724 10306 4501 -2576 28 -836 -1367 -1979 4389 -6524 13982 4047 -183 5347 -569 14396 -48 3836 2139 -4521 15968 8461 3682 -936 2903 -112 19945 622 -16849 10429 -15578 -4426 1246 11096 -4702 -5732 -162 32 15922 6421 -99 -8756 -795 -1977 -20021 
139 40 9 24
-12608 -17037 -15360 -10318 16613 18083 9090 -19066 -2692 -1730 -8020 14596 -14962 -752 -8750 -6968 15728 6227 -15939 -4984 -1203 9090 -10413 -745 3430 4666 9291 -14917 15757 -5688 12538 -15749 8608 2569 -5730 3435 5373 14888 13866 10318 -8245 -4347 10836 -13602 -8494 -14521 8721 -13649 -3804 -5080 -5264 7512 15828 -8051 7773 -6447 -632 -3186 5001 -2470 -14364 -13710 11070 590 -18385 5939 -4792 13450 7388 -12784 -12696 13814 17422 5585 -10505 15613 -2578 2455 5521 -17268 5049 -11296 -1601 17895 17819 -11000 866 -15101 -15825 8089 16533 10108 -400 12151 -4188 6044 15560 18548 12349 664 -16433 5196 7019 -4863 -13600 -4983 9613 -9293 17213 17456 -11385 -8727 -1007 2691 6409 -13461 9595 7398 -7735 -6610 -17707 12225 14431 12090 -5832 -15733 -4076 5181 
-16420 -20460 17544 7182 27616 -25409 -25077 2506 -22213 16845 29489 24947 -8949 -6504 -6772 23223 15369 -4357 -20360 -11930 32521 -6465 2090 17758 -25806 -19844 32290 -27559 -13376 4234 -11383 9063 -25556 -1665 -15480 -27217 28488 2923 30298 -1824 15277 16930 16505 -14009 -31626 -13029 20978 6652 935 -32388 -15969 24831 15351 -21457 25522 -29710 9167 27821 6643 27133 81 1777 7541 2584 -16098 -1078 29423 25773 17412 -29991 -8078 -13924 17667 6603 -3795 4556 -23460 10596 -22192 -6289 -28697 20288 -20723 5805 20404 -29967 -9277 -3776 16264 -9114 7478 -31194 -9253 -10680 28350 6405 16106 8447 -18120 -1678 10542 18479 27838 -3902 -5982 -23516 25155 -5751 -32211 -22749 -10915 -29401 -9542 18202 25136 10160 17791 -19752 -26937 26339 25249 -1250 28678 10998 -15130 16557 2278 15298 
6170 10388 -8031 -2208 13673 -13693 -6793 -1424 1782 -868 -7048 10852 3990 146 1766 -4823 7204 -809 9671 1772 -1166 -1751 -649 -394 -2638 -2759 8941 12252 -6281 -718 -4253 -4254 -6556 -127 2643 -2786 4562 1297 12520 -561 -3754 -2193 5330 5679 8006 5638 5452 -2706 -106 4903 2505 5559 7241 5148 5912 5708 -173 -2642 990 -1997 -35 -726 2488 45 8820 -191 -4202 10331 3834 11426 3056 -5732 9173 1099 1188 2120 1802 775 -3651 3236 -4318 -6830 989 3096 10835 9824 -239 1699 -7670 -2197 3685 -9397 110 -3868 -3538 1154 7469 4669 -6669 -33 -5163 2862 5823 566 2425 3492 7207 1593 -16524 -11835 3703 7647 286 1460 4801 -4076 5087 -4355 6210 -5189 -13324 -455 12334 3963 2630 -7763 -277 2362 
140 31 9 19
11 642 -100 593 -1342 -143 -1215 805 193 -909 -132 -751 673 -1329 -439 -1045 -370 1296 621 -126 726 612 151 -687 1555 272 -1240 1731 119 3 -141 -1309 729 503 1609 1731 -1438 -1577 -1663 907 -677 -1153 -1585 -1396 717 -445 162 -1595 377 -1751 34 237 -1518 694 -1466 934 1286 382 -1554 1180 -758 664 1628 476 -1083 -667 -1129 156 -61 -349 438 1039 -884 241 496 1434 182 -979 -852 -1433 -822 700 -732 -1227 -1234 1308 1113 373 -867 -751 -950 631 -1605 444 -399 41 -1299 1173 320 -1274 987 -611 1039 405 295 1404 -74 -1523 -147 -1319 -319 -1531 -1489 -1448 482 -1473 397 1442 1596 -395 1369 -1597 1513 1090 680 -546 1125 921 
-16252 -13398 -12352 28997 5635 -2901 23130 -23747 -14100 -13117 9169 22848 -16395 20520 -8790 -4296 25203 -9509 26766 17974 11510 32424 23731 -1429 21188 -8057 -7557 -24546 21869 15273 6001 -2953 -27415 18387 -17819 32520 -6168 -31114 -8131 8322 -20005 -4095 2468 -5649 -28014 -2033 -28214 23372 -24348 -19325 16841 3769 -16882 11114 -22348 -10879 -20410 -26815 -22656 -28198 -18552 19627 -21800 20225 20441 -22012 -29920 1619 15018 -4296 -12297 -6240 -16672 -12873 -25521 161 -8859 -21684 -12775 -31785 1628 16231 -9718 -25195 21256 19581 16468 -28709 -30509 -21772 -2400 -11180 23157 9414 20107 18128 18283 28704 30838 31370 29460 9949 11530 17544 -30876 -18010 -30540 22356 -3176 -5781 -3385 -946 -19478 -7160 20691 -32727 9438 21215 9971 30756 19653 -10892 1898 3061 2474 -32674 -27821 1304 
-85 -4102 589 8199 -3606 198 -13401 -9115 -1298 5685 -577 -8182 -5261 -13004 1840 2141 -4447 -5876 7926 -1080 3985 9462 1709 468 15711 -1045 4468 -20260 1241 22 -403 1843 -9530 4410 -13671 26842 4229 23397 6448 3599 6458 2251 -1865 3760 -9578 431 -2179 -17776 -4377 16135 273 426 12220 3678 15622 -4845 -12516 -4884 16788 -15866 6705 6214 -16923 4591 -10556 7001 16107 120 -437 715 -2568 -3092 7028 -1479 -6036 110 -769 10123 5190 21719 -638 5418 3392 14741 -12507 12213 8740 -5106 12613 7797 1087 -3364 -17723 1993 -3826 354 -11325 16055 4706 -19057 13865 -2899 5712 3388 -4343 -12057 1078 -16235 223 3636 515 691 13830 4944 4756 22987 1787 14587 7588 -5793 12829 8294 1369 1591 802 8507 -14924 573 
141 41 3 19
12819 12750 3447 10803 13741 12563 -10720 4809 -10034 11490 -5010 -9862 -1632 8931 -9847 -5560 18118 -6838 5252 -15245 14296 4314 26709 240 23507 693 16726 -24294 23117 -15091 24730 -20731 19329 -9657 -23027 3009 23144 -508 2199 10396 3074 -21357 -26115 -2022 -10771 19616 -5220 -10081 -13104 -13178 21057 -6035 1900 15478 8576 19313 -18758 15788 -6083 -23405 11830 19325 18393 -16628 -24142 -21071 -25411 -8873 -3643 21467 6757 -26892 9608 -6028 -12680 -13881 -10856 24506 -3432 5599 -24624 17157 -19055 19943 22131 -4964 -20410 -4908 -23042 3188 5163 17017 21714 9571 -4404 15852 -16724 10342 -24739 -2211 15657 2863 26278 588 -19340 -27174 -458 12494 -8186 18068 -10438 25175 -15730 -1829 -4270 -21794 -282 -27249 20349 -19826 -2122 -9048 12767 -23263 -15244 7057 -4450 -25808 
-4597 26029 15593 21755 -23047 -3360 -9282 256 -709 -23341 28063 -13367 -14036 17118 288 4838 -3453 22772 -11871 -30268 -3659 31609 5788 -7849 8993 -27261 8431 10805 -4027 -15511 -28784 23951 -8869 -30528 8832 -9693 -24979 -27666 742 17314 -17613 -13146 -8574 2111 -29458 13061 287 -2288 29979 17358 -17010 17596 3120 8347 21745 -15734 25191 14653 -7040 -28867 -31057 -8960 -9090 18017 -23761 14130 -3691 9009 14492 8197 -8103 21020 -9979 -23373 -16140 4756 -9227 -6829 -6792 -13624 -9848 11638 1818 -1673 30462 27017 14454 31713 20568 19611 -29997 -8783 361 14675 -25658 -16506 -28966 -2513 28575 -12801 13723 6954 -20369 -10119 16460 -5740 -11503 5713 16357 -19032 -27913 30687 -32287 -8518 -18572 -12641 32346 -23433 6095 19773 -17033 27390 -32754 2210 -14732 28431 -16915 18968 
-1756 9890 1602 7004 -9438 -1258 2965 37 212 -7993 -4190 3929 683 4556 -85 -802 -1864 -4641 -1858 13752 -1559 4064 4607 -56 6300 -563 4203 -7823 -2774 6976 -21214 -14798 -5109 8786 -6061 -869 -17229 419 49 5364 -1614 8367 6673 -127 9456 7635 -45 687 -11708 -6817 -10675 -3165 177 3850 5558 -9056 -14083 6895 1276 20135 -10950 -5160 -4983 -8928 17096 -8873 2795 -2382 -1573 5244 -1632 -16846 -2857 4199 6099 -1967 2985 -4987 695 -2273 7227 5951 -1032 -994 20091 -3997 -8792 -4639 -14124 1863 -4616 -4454 234 4186 3368 -7798 14437 -775 -21068 843 6403 593 -15952 -177 -9487 4649 157 2127 -3990 -10248 8683 23024 15136 464 2363 8210 -272 19030 3696 -11683 1077 -7386 -12462 -1532 6693 5979 2243 -14589 
142 38 0 16
1468 2336 1476 -2403 -2269 -2184 -2162 -2058 -1387 956 -1660 877 1810 1121 -1441 2348 -1107 -2413 827 438 1972 -178 -236 -1834 -1374 -366 -603 162 2281 1143 2078 -1826 -1726 1297 -1700 1481 1135 -1446 792 -1244 2014 1924 2199 -1257 40 576 -2026 -1809 1604 -1522 1326 788 1221 929 -1725 1778 -399 567 503 13 -1823 -966 1788 1171 -2235 -1721 955 767 -947 -2168 -2158 1104 -386 1950 -1226 -1771 124 964 748 -1011 -2172 -201 -799 807 526 355 -2172 2383 -636 -1409 37 810 370 -1095 1491 -2201 -2331 769 2165 -2435 -17 1614 1013 -1319 765 1378 96 1532 1166 1048 -1822 -1531 -1066 -1038 2399 -1640 -835 1292 707 1332 -2033 -1921 -640 247 2197 1643 -2127 -516 
5381 -21499 -13957 26025 -31177 -19091 -5079 -20534 -27504 -24771 -199 -31223 6779 18995 -4629 -21812 -24521 -31105 3432 -12191 -6330 11128 -16452 -1800 5546 32513 -3614 -17731 -16051 32324 -20025 32243 -25755 4474 -14500 -27385 -21223 2105 23469 538 7741 9386 -11293 23956 -19227 -24858 -28811 -26002 12206 12168 -13638 -28312 18069 7988 -879 -6460 19138 -12813 -6931 -14896 -13421 9310 -25936 -13402 15062 22694 -6070 -22144 -4861 21219 11457 19953 -31290 17061 -7921 20 -23819 -4273 32058 23839 -26967 -8996 10350 -3053 25788 -2326 -23281 25645 -12745 30245 5714 -16857 1663 -14980 26818 3748 -13123 11544 -26078 19231 -24450 13936 17838 9386 25484 -7511 7640 -16641 6628 17027 11234 17833 -4303 11345 15406 19549 27409 3538 -27696 11752 16194 -26863 -22105 -18518 -31060 -28670 -22340 27295 
1883 -11974 -4912 -14910 16866 9941 2618 10075 9095 -5646 79 -6529 2925 5077 1590 -12211 6472 17895 677 -1273 -2976 -472 926 787 -1817 -2837 520 -685 -8729 8809 -9921 -14037 10598 1383 5877 -9670 -5743 -726 4432 -160 3717 4306 -5921 -7179 -183 -3414 13917 11215 4668 -4415 -4312 -5319 5260 1769 362 -2738 -1821 -1732 -831 -46 5833 -2144 -11056 -3742 -8026 -9312 -1382 -4049 1098 -10968 -5895 5252 2880 7932 2315 -8 -704 -982 5717 -5746 13965 431 -1972 -587 3234 -197 12056 14570 1933 -10160 50 -3255 147 3911 9533 -1967 7293 2117 -13461 -11165 99 5363 4308 -2952 4648 -2468 175 -6078 1843 4254 -4880 -6509 1094 -2808 8812 -7644 -5457 1090 -4668 3732 -7849 12303 3373 -1091 -16269 -11231 11329 -3358 
143 30 15 22
-409 6783 -975 4102 -727 -2782 -5368 7260 -6106 -3869 -694 6300 -3479 6806 3414 -2238 -4637 7365 -5508 4605 5212 5794 -5492 -5245 -5207 3337 -4626 5074 2846 -5958 -6109 -3518 2977 -7221 3302 1885 3430 -490 6485 5802 -4140 1870 6893 4870 6829 -6962 4460 4903 -522 3434 -7544 2047 -3780 2576 -26 -4975 3773 7303 -6910 -6855 3866 4048 -3132 -661 -2313 -43 7300 5538 2274 5977 -7528 3828 3631 -3473 -5008 -4671 -4916 7085 7561 3703 -7025 -7359 6845 -5213 -3877 -4979 -5724 -6583 6483 6907 2572 -4101 -345 382 2157 -6243 3428 6245 4537 2128 -7319 -5985 -945 -2943 713 -3242 -6716 2911 -1403 -7514 -430 6194 5991 -6428 4159 -2599 -4319 -6460 -1948 4027 -1002 -7119 -7242 3695 -6632 -4934 -6056 -32 
5 3434 2828 1513 -6564 -28683 -12139 -6202 25169 -20756 -8615 4763 19363 -25140 -20216 -4630 3991 -4774 -28272 -19085 -23607 8389 -25766 -21071 -27824 -22141 12091 25531 -28015 16588 17043 12182 -12644 -10908 8490 3937 -24618 -29327 -31229 -29143 -26002 -29387 15983 -9507 -13634 30445 31392 -22644 -12795 -30925 2351 1105 7050 -21208 9278 -18361 32323 22912 -20075 10229 -11655 -16173 19879 -7518 -18143 -18677 24991 15113 12832 18242 6008 -483 6249 10586 21422 29215 -30719 -13689 -12454 -31098 -11825 24712 -361 -3767 14060 -6528 14038 -6529 -17184 -3414 19625 -25368 -13512 -29463 6149 14978 3269 28300 -24329 2534 21530 -24926 21381 7999 -2263 28207 30123 26731 -19245 19498 -31014 9222 11221 -1122 23104 25849 -10039 8708 425 -27211 -17662 8648 -32277 -20642 25882 9316 13464 17286 
0 2777 -329 740 569 9512 7768 -5368 -18320 9573 713 3577 -8030 -20397 -8227 1235 -2206 -4191 18563 -10477 -14667 5794 16869 13175 17271 -8808 -6668 15443 -9505 -11781 -12411 -5109 -4487 9390 3342 885 -10066 1713 -24142 -20157 12833 -6551 13133 -5519 -11099 -25267 16690 -13235 796 -12659 -2114 270 -3177 -6513 -29 10889 14538 19947 16536 -8359 -5371 -7804 -7422 592 5003 96 21748 9977 3478 12998 -5392 -220 2705 -4383 -12789 -16268 18002 -11562 -11225 -13728 9903 -21679 -295 2341 -6498 3875 -9579 5124 -13280 -2811 6017 12402 556 -1342 1581 -11147 1336 21068 -13158 643 -18785 17784 -2409 -2806 -192 -10901 -24117 9276 3219 -17465 1590 6809 8014 860 11455 -8009 5169 -6706 -99 -13063 2110 -7339 27865 -9092 -20462 -5479 -9720 -66 
144 35 -3 7
-9760 -31708 -24180 -10860 -4930 -20032 31488 -11273 -2381 4684 26922 30208 -5012 -12331 26226 -30088 31979 -25882 31043 151 25738 14787 23912 18356 7429 -26471 -6872 -22966 -4784 6205 19862 -3936 -18083 1247 -16132 -28658 9062 2626 3271 3713 5268 13972 30506 12353 -11133 19018 -20648 -14194 -8977 29405 -3683 26409 -21488 -2690 -30619 12748 -14218 -17708 17107 -30843 -31145 -10460 -27866 -24126 24988 3417 -3068 -9237 -11915 17086 24439 1024 27621 14689 -26679 -15342 9460 -17139 6722 -5008 19298 16291 24065 -7816 -12721 13154 -10458 -7366 -1577 8314 -2332 7204 7114 32061 27329 -21348 -13705 31290 -1181 -5850 -11060 31385 11793 -6406 -4484 26472 5580 -28895 -26443 -28416 -26414 2233 -1579 30522 30425 -17537 -12063 23308 -4524 -18621 -2667 4908 -13582 2 -914 -190 3456 6129 
-3666 -4089 -997 -26261 7209 -32446 22924 -7279 21182 12956 -5572 25686 -13996 25788 -2658 -3043 28721 -26677 30896 10294 22926 31137 4228 -19149 -3117 -7097 -7933 19047 21995 11362 -7245 25254 -7108 32223 23457 -21477 16294 -6698 -2561 -29179 -11159 -7315 -28044 10857 -19052 -13212 10720 2811 16173 1428 29136 -21021 4029 -16400 -23571 -20830 -6627 27823 7684 -32513 -2097 30038 -2532 -23691 30549 -1408 3242 -6076 -19418 4101 5786 -8686 -15705 30435 5799 27351 25077 -5939 -6692 -23830 -7714 -18693 9256 -11465 23849 -5378 -32434 31457 28713 4221 9189 16756 27455 8788 -15231 9761 -27645 17784 15335 -19642 10654 -30469 11666 -6425 19110 26489 -7822 7677 -23287 19521 -15222 -4884 27102 19123 -200 -15037 31185 -21067 -22961 -22535 4123 -17596 27425 12192 13258 -18953 -4121 23033 
1066 3864 718 8499 -1059 19370 21512 2445 -1503 1809 -4471 23124 2091 -9477 -2077 2729 27372 20577 28584 46 17585 13722 3013 -10475 -690 5599 1625 -13037 -3136 2101 -4289 -2962 3831 1198 -11277 18343 4400 -524 -250 -3229 -1752 -3046 -25496 3997 6321 -7488 -6597 -1189 -4327 1251 -3198 -16545 -2580 1315 21509 -7914 2808 -14683 3918 29886 1946 -9364 2103 17034 22750 -143 -296 1673 6895 2088 4214 -265 -12928 13323 -4611 -12506 7070 3034 -1341 3557 -4437 -9076 6638 2671 -9042 -2108 10109 -6906 -1349 1046 -639 3597 5821 8397 -12405 -6210 11291 16584 -540 3424 -3512 -28499 4100 1227 -2554 20898 -1301 -6611 18352 -16532 11983 -325 -1275 17395 -181 7859 -11211 -14634 3096 12506 -328 -2574 -11101 1 -361 107 -424 4207 
145 26 4 6
2010 4867 -7132 -10082 -9052 -1139 12794 9571 -1205 10677 -4858 -5668 -5518 -4091 9955 5912 -11302 -8828 -128 -6221 -1459 2925 809 -11090 7653 -9958 1881 -7384 -1848 -1202 -4526 9325 -520 1158 -8969 -7595 3242 -4241 3354 -2423 -9052 -13824 5438 2225 -2416 5542 -13853 -4117 -10334 -3800 -1945 -14252 3562 3680 -1431 3195 -9114 12177 -9657 -12978 7989 -2969 -13748 -409 -5838 -12144 14293 5261 -10770 -13771 -9214 1010 1620 6341 1564 8726 -6528 6268 2413 -12195 4032 -10619 -5054 -11930 8804 -7115 -3208 -11859 8598 980 -4016 -10082 5556 -6554 4591 -2542 11233 -1129 5493 2242 -8236 -9489 4638 11101 -13565 466 1614 -8910 -9246 -11853 -4503 -10276 -3113 -5403 11533 -11680 -1348 2132 561 1297 -2991 13651 10109 9418 -4648 -7949 10874 -3115 
-5280 -3032 19096 -728 10194 -22344 20868 -31334 -15753 22185 -1237 31975 -17200 -31731 3217 3053 29220 17828 -3938 21662 -1016 -1003 21839 -18993 -18009 24334 -20622 32706 25149 10225 27954 27870 22756 25112 -24759 -25557 2489 21135 23872 13824 -26621 24345 4224 -31005 24558 -17091 -2118 -17600 -29594 -29758 -31629 -26190 -26812 14770 -12682 1490 28312 -8125 -4962 -30442 21871 -3033 -21821 18490 -14928 1907 3086 -31769 -14286 22001 25970 -17377 159 -11201 -12544 -12088 -26633 13578 30395 18940 21510 -21103 6199 -12189 -20997 7542 -20001 11777 11839 26057 -21543 -19322 15262 -6904 20213 -31410 14990 14306 -12359 -26265 -15501 3142 6671 11873 -873 -28463 -3647 -1488 14115 30493 -31291 16384 -28938 22425 11534 -16666 -25566 -21149 -18751 -26124 -24569 -27810 27300 2627 1700 2089 8404 27737 
-629 -874 -8066 435 -5465 1507 15811 -17761 1124 14028 356 -10733 5621 7688 1897 1069 -19558 -9321 30 -7981 88 -174 1046 12474 -8162 -14351 -2297 -14302 -2752 -728 -7493 15391 -701 1722 13151 11495 478 -5308 4742 -1984 14271 -19931 1360 -4086 -3514 -5609 1738 4291 18112 6697 3643 22105 -5656 3219 1075 282 -15281 -5859 2838 23397 10348 533 17766 -448 5161 -1372 2612 -9898 9112 -17943 -14171 -1039 15 -4206 -1162 -6247 10296 5040 4344 -13679 5136 13271 -1855 8612 -10948 -3178 3800 -8271 6028 1512 5124 11537 5022 2680 5496 4729 9972 -957 -4020 -3487 7561 -1766 1832 7806 701 -786 -349 785 -7729 -21405 8345 -9971 5335 -7175 7878 11528 2041 -2670 -623 -2007 4352 -22483 16344 1465 -468 -983 5412 -5117 
146 40 11 26
-8047 3531 21582 -17018 -7249 9785 -29045 -5251 -17273 -5520 17428 6068 8673 -2653 -19961 -27938 -19518 27796 29513 11103 -17168 -23115 -20355 -26816 -564 18802 2985 29412 1836 9123 2261 -5942 27039 -19623 -28678 -2018 27794 -10821 13530 19524 -10791 -10667 -27701 6700 -6493 20887 27288 -2827 23579 -24868 -9398 -12249 19612 -21717 -27972 11616 10526 -21573 -21618 -18002 -6758 -24607 -16528 17732 -18245 -19075 12865 -24382 -13357 -13096 -1785 3161 -17930 5153 -7583 -18739 9594 -1395 -3446 -11820 -18846 -18488 -13255 -5414 13837 28145 466 18102 6512 -20054 20547 26553 -25700 -13485 -2551 10345 -3293 16558 8101 24782 4684 26266 15520 25120 3325 -3980 13517 -510 7220 1856 13571 -28426 -23313 16954 -6774 -7087 -23822 10430 -12433 2988 -20711 -29614 560 20146 16293 25956 -6008 29229 
22910 -8992 2939 4386 8609 -15956 19265 27064 -25024 27690 -9842 32717 19377 1228 2382 27333 23515 29048 13778 -15530 -3110 -5146 25922 11342 -15063 -24492 30428 15946 -17161 -28175 -24775 2299 23984 29331 12236 -8451 -28217 4938 3617 30933 -7280 -28682 4830 -31176 31763 -9814 31638 11116 5103 2772 1753 -4566 2794 17853 -23191 -29932 10325 5407 -14258 12477 -5361 -978 -28947 -11062 7244 -19829 -5277 11877 -13380 7002 10928 3903 -25259 28450 -30954 1733 -31503 -16238 -18690 -10471 30556 -12122 25173 -8420 -3524 -4529 20600 23834 3393 22606 -18155 -1745 24648 11433 -11956 -2522 5326 18357 26328 24620 29489 -30051 -17118 -2479 17990 -28189 3909 -20368 -18963 12891 -21270 -14401 -5657 7322 17494 -815 6141 32507 -2005 30008 26688 -24417 24902 32512 21370 24100 -13578 17315 
-5494 -946 1890 -2224 -1860 -4653 -16676 -4235 12882 -4555 -5112 5917 5008 -97 -1417 -22758 -13678 24063 12119 -5139 1591 3545 -15725 -9064 253 -13724 2707 13977 -939 -7660 -1669 -407 19327 -17153 -10458 508 -23373 -1592 1458 17999 2341 9118 -3987 -6225 -6146 -6109 25729 -937 3586 -2054 -491 1667 1633 -11555 19333 -10362 3239 -3476 9186 -6694 1080 717 14259 -5846 -3939 11272 -2023 -8630 5326 -2733 -581 368 13497 4369 6995 -968 -9007 675 1919 3689 -17162 6679 -9944 1359 -1453 -3799 286 12858 658 -13511 -11117 -1381 -18878 -4595 909 -778 -523 9059 6356 18183 4116 -23524 -7918 -1856 1783 3344 1575 310 -4080 713 -8603 12200 3930 3700 -3532 172 -4360 10104 743 2672 -16473 21550 416 19520 10377 18643 2431 15083 
147 40 12 31
1171 390 120 -833 194 176 421 412 227 -1195 233 866 1303 897 416 436 -924 110 -259 459 158 1252 1244 437 -1094 188 -439 -1229 -31 984 1159 -76 1166 -966 266 -548 -982 474 508 443 -1291 -920 32 -538 -955 -926 1102 383 662 -795 -11 1121 415 1089 950 1041 1011 -95 -1058 614 -90 -51 294 582 -676 551 837 699 -154 -684 1193 -1170 629 727 -128 565 913 -245 224 -300 -974 858 -1034 -989 825 -401 793 254 -751 -496 876 421 1076 882 -1172 802 817 -288 1090 -219 1052 -954 688 1302 -66 23 -333 305 -718 -535 -334 498 926 216 543 -581 1103 661 744 1027 1118 1028 181 -985 529 1252 -622 -967 
8116 -17386 9065 -9263 7085 -19557 20307 -23318 -12881 611 8740 -25059 -19903 25837 28661 -10781 31808 6517 -28592 -30714 16275 4978 16054 -28687 2927 21264 -5297 25794 32211 12049 -24678 -3897 -294 -9168 10369 -25300 16861 29205 6014 -2115 32107 5652 22265 7278 16444 32356 27667 31629 9812 -3708 -31029 3576 13506 -10561 2668 -25904 -22257 30301 28402 30950 -19636 25729 10389 4841 5646 -32177 2805 -18165 -16884 21052 30282 12955 22630 28776 5440 -31238 14501 22084 13731 779 -781 16746 -5493 21714 -20921 16219 -15314 17336 -17719 1311 31184 -30026 29481 15796 -31907 27545 -31070 -18678 -1653 21338 6601 -25874 19767 7812 -26840 8537 -24187 -26726 8684 -17525 -24460 15003 -16590 -966 19707 -23993 23994 7530 27031 10636 -3558 -26181 -23154 -8935 -24512 -23396 5667 26510 
4532 -3233 519 3679 655 -1641 4077 -4581 -1394 -348 971 -10348 -12366 11051 5685 -2241 -14015 342 3531 -6722 1226 2972 9523 -5978 -1527 1906 1109 -15116 -476 5653 -13638 141 -163 4223 1315 6611 -7895 6601 1457 -447 -19765 -2479 340 -1867 -7488 -14287 14538 5776 3097 1406 163 1911 2673 -5484 1209 -12858 -10730 -1373 -14329 9061 843 -626 1456 1343 -1820 -8454 1120 -6055 1240 -6866 17226 -7228 6787 9976 -332 -8416 6313 -2580 1467 -111 363 6851 2708 -10240 -8230 -3101 -5791 2100 6345 -310 13026 -6028 15126 6643 17831 10534 -12104 2565 -859 -2228 3311 11770 6485 4850 845 94 3841 -3887 -2973 4471 3896 3563 -7325 -99 5103 6647 12620 2373 9590 5209 -1897 -12834 -1998 4197 -6183 -13967 -1681 -12224 
148 38 0 13
8864 -17242 13130 -14160 -12488 11534 -5206 16391 -10827 -2942 7299 -5188 -1168 -18186 9264 17159 8171 -2687 -20469 -5918 19705 15452 12263 19701 -20669 -20175 -20150 11540 5149 -10606 18768 13939 -4507 -1161 -10340 5130 -18787 19800 11763 17625 -6676 11893 17084 -17472 7179 6271 -12712 9016 11197 8603 17347 1537 6229 -9636 -10454 -20334 15553 5780 -5158 22243 9743 -6283 -9605 21086 -5776 -11826 19535 17789 -16064 -12641 10441 5435 12395 7437 16377 -20399 -9500 -15818 -982 -5821 9364 12065 -11135 -3854 -2432 -12661 1865 18413 -17691 12774 22177 12858 -1304 15955 12280 16833 3534 -2011 6630 6479 4346 -7859 -13569 18036 10038 21868 12726 -11234 5713 2645 -3887 -3013 -5444 -10175 2262 -13426 9609 -11954 20829 479 8730 -8100 -16190 -11921 7493 1958 19575 -13927 
7377 -28777 26687 -27001 23328 -2948 -20218 25228 -2070 26491 32558 6301 22229 -11228 -19508 -13715 -15718 6883 -21837 13261 1436 -4870 -19597 3073 -17422 -26398 3338 13439 -20217 5825 29438 15634 17097 24844 -16810 3022 -384 16142 4716 -10432 -10488 -19964 -14819 -26861 -31909 -2517 -11907 16111 32108 -23076 -1083 17399 -6431 3968 16580 6596 9639 -17589 -12901 1540 -22495 -677 -24603 1554 30125 -11721 -13680 13767 -29674 -17447 29689 22032 27973 13134 -6674 5235 -10771 -4079 -20007 -12306 5841 -29962 -8760 26648 25250 -673 -15447 3320 25386 1197 14233 30134 -30155 7989 -28553 22594 -3678 -30021 -17223 2293 29152 2342 23628 -16585 -5658 4665 8181 -570 -9088 9978 3935 29474 -1153 21089 -5781 19056 -17526 10394 -11376 31351 -32297 -16412 -30041 17059 -18856 -30537 32543 6754 
1949 14787 10443 11394 -8682 -1013 3137 12324 668 -2323 7082 -974 -774 6085 -5386 -7014 -3828 -551 13321 -2339 843 -2243 -7162 1804 10732 15872 -2005 4622 -3102 -1841 16466 6495 -2296 -860 5180 462 215 9525 1653 -5480 2087 -7076 -7545 13987 -6827 -470 4511 4329 10714 -5916 -560 797 -1194 -1140 -5166 -3997 4468 -3030 1983 1021 -6532 127 7043 977 -5186 4131 -7964 7299 14206 6573 9238 3569 10333 2911 -3257 -3183 3050 1923 586 2135 1630 -10773 2907 -3061 -1830 254 -859 1822 -13384 456 9407 11547 1172 3799 -10450 11335 -387 1799 -3403 443 3776 -549 -9555 -8915 -1693 3040 3103 191 -1547 787 -456 -2647 187 -6395 -390 -7625 -5019 -3703 -7062 448 -8403 3962 14495 -6061 -4211 -1782 18985 -2803 
149 22 13 13
-1390 864 2643 -4307 2131 3090 4525 -668 1121 1923 -1017 2649 3670 -4344 1548 4516 -803 -908 -3823 -895 -3792 3468 -684 -3444 -3761 -1526 36 4780 2580 -205 -2513 -1087 4791 -3335 -4671 -1378 1304 -2093 -1996 4556 -2569 601 -1539 -1358 1318 -1146 509 4785 3410 -4522 1259 1188 -2109 4185 3312 -174 -433 -2248 3359 -4212 1376 -2088 1325 703 -1287 -1715 115 -4382 392 -443 2129 -474 -3353 3447 4633 4252 -417 -431 -3241 4664 -2976 4229 1966 -3128 2967 4822 -4124 -482 -512 2244 -2186 -1024 583 4498 734 4702 -3000 -3058 4432 3175 2018 3835 1020 2762 4096 523 -352 -2899 1818 731 -2406 -1937 -1038 1184 -3768 4315 -3468 656 4826 3215 4613 2468 2647 2117 542 -1390 4361 2161 
15827 22883 -3958 7024 4614 -6311 -25873 24147 25489 6124 -2226 8432 24210 16669 26230 -21285 -29043 302 24591 -12169 4585 32054 -8066 -4798 -32027 10260 -790 6975 31286 2359 -13201 15160 21610 -12819 -15629 -5947 20432 -30712 12601 -13012 -30636 13514 -11907 -28609 -24764 -1145 -8568 -1981 -11789 -2083 -16948 -4152 11141 25767 -29377 9037 15606 27459 30100 -26629 24647 17625 -3093 30827 -30548 12451 -4930 24933 14943 18953 749 -11869 -1576 -4425 -29312 2107 -18000 19450 8076 3486 6556 -24505 -15921 -8214 12288 -17979 -16696 6346 -16253 -28742 27050 19467 24085 1703 2852 30126 11180 7327 9350 -2110 -29044 4745 31009 -4135 -28059 -10316 12289 20039 -26692 26239 -721 14193 -15581 -23708 -13616 11095 9862 -27148 -17552 2040 -1273 28006 29596 -17355 16137 20142 -16937 29744 
-4361 3919 -2074 -5996 1949 -3865 -23206 -3197 5664 2334 449 4427 17611 -14353 8048 -19053 4623 -54 -18634 2159 -3446 22034 1094 3275 23875 -3103 -6 6609 15999 -96 6576 -3266 20522 8474 14470 1624 5281 12741 -4985 -11751 15600 1610 3632 7701 -6469 260 -864 -1879 -7968 1867 -4229 -978 -4657 21374 -19285 -312 -1339 -12235 20040 22232 6722 -7294 -812 4296 7793 -4233 -112 -21656 1161 -1664 316 1115 1047 -3023 -26918 1776 1488 -1662 -5188 3223 -3867 -20541 -6204 5093 7227 -17184 13648 -606 1649 -12784 -11721 -3951 2783 1518 415 28077 -6648 -4441 8214 -1328 -11617 3607 6269 -2264 -22781 -1069 -857 -11515 -9618 3802 344 -5449 3206 -5564 10169 9489 -6779 -3530 -16790 1300 -1164 13700 15528 -7282 1734 -5549 -14640 12740 
150 34 19 28
-26033 -5930 22813 -17629 -17579 -25336 21887 28665 7833 -10359 -12118 2171 10598 -6940 3301 2067 22726 -24444 -17905 -5352 -28182 -19204 27951 -17047 12725 31947 -15923 -30125 -31107 5705 -9790 -1367 -30922 -26999 -175 2433 231 26709 -23625 -24203 -23157 26860 -27669 24357 -492 -14500 10441 -18109 5286 -17262 -28051 -21006 -11865 19846 -16722 -30458 21395 -8396 16802 -17934 5026 3665 -31954 -27736 -2406 -29632 16113 -12375 21261 -3476 -4960 28671 8974 648 -26570 -25380 -13752 8528 29197 -22674 -11479 -6132 7926 31155 -17595 -19899 19549 25763 8354 -10915 -5030 13478 1024 -31051 17476 -15970 -27133 -6996 11765 -2917 -6141 4775 -25562 5519 -19936 -8262 29162 16985 -4448 -8178 1834 8232 -19018 -11252 -25459 -27796 -4743 30054 6882 -18324 -31415 -24452 5577 -13493 5731 -17455 15132 15032 
-30966 24084 12995 28018 32279 -26862 -9488 18484 -30493 21603 -28748 21447 18212 6031 -14897 -27730 20889 777 13354 2639 -21575 17561 10566 1286 5832 4123 -21275 5899 -28561 -6640 158 -31883 -23609 19238 -25091 -18622 24018 -17974 -9928 32588 -13304 -10719 15874 16645 1278 2310 -6870 -10300 -2592 5003 21727 15381 -22736 -16470 5602 20257 -5411 31077 -12142 13614 23056 24596 -783 -16628 21613 4777 21992 -24666 3008 -32215 3463 32227 -12857 11332 24833 -25108 23242 -16962 15432 9213 21795 -13842 -28061 -658 31851 30694 21892 9655 10257 -11625 28022 -27491 17122 -367 27924 1657 -4561 26850 -27450 22838 -2717 -26584 22758 22690 -13854 29390 13989 19954 -9782 8174 2691 21019 -7041 -5917 -20104 -3638 -14480 -13307 2489 -11418 22945 31319 17003 -23710 16515 9211 -8787 3642 
24025 -4256 8835 -14720 -16911 20283 -6189 15791 -7118 -6669 10382 1388 5752 -1247 -1466 -1708 14148 -566 -7126 -421 18121 -10051 8802 -653 2212 3925 10096 -5296 26478 -1129 -46 1299 21757 -15480 131 -1350 165 -14307 6990 -23506 9182 -8580 -13090 12083 -19 -998 -2138 5559 -408 -2574 -18163 -9629 8040 -9741 -2792 -18388 -3450 -7776 -6080 -7276 3453 2687 746 13745 -1550 -4219 10561 9097 1906 3337 -512 27537 -3439 219 -19664 18991 -9526 -4311 13428 -6226 -7456 2530 -6628 -611 -16702 -18203 12754 7413 2554 3782 -4201 -11042 523 340 14544 -789 3688 -5598 -9625 -1985 497 -3783 -17337 3732 8231 -7237 12158 10101 1297 -1992 147 5157 3991 1984 15254 3014 2047 -11919 510 6235 -21482 -22823 2826 9534 2821 -4792 -3963 1632 
151 38 0 14
7551 -12879 -3389 3075 -1879 -15893 -1597 14749 7444 15309 1959 -4395 -1801 9912 -519 16275 -6849 -9669 9322 9966 -10653 -16106 -4970 -3651 8499 -4408 -2541 -15922 15042 13130 11552 5700 -2287 6591 15676 -13177 14079 16109 -14707 -16269 -2854 12224 -15911 11472 10222 -15163 -8364 -11034 12984 15948 -3654 13077 11151 -14013 -7068 7368 -11702 11825 1031 -4343 3096 -6343 -6572 9506 2206 3600 -15034 5782 14299 9847 -256 -1248 -8082 6640 2276 7112 13625 3569 16276 -7895 3318 14524 4556 -9827 6560 10077 1253 11071 -142 12014 2087 14186 2741 9469 -5781 2790 4564 2861 12119 -11129 5889 -7930 -2572 2035 69 -6474 14903 9155 -13251 12864 -10181 12077 10475 -8508 -2951 11410 -14021 -15180 -11671 -15712 15963 12324 10018 -4839 -3617 3427 7497 2087 
28665 -20821 -22482 18770 20405 30517 -74 8170 -4160 31859 23517 17550 14881 3835 8152 23320 -11503 8103 5882 17469 -25981 -12205 10919 3619 16162 -16842 -24560 26960 21820 27266 -6202 2924 22497 21129 19187 -19130 -10262 -16558 1696 -29604 -4965 19480 -32039 -15914 -31587 -17440 -25266 21744 -11907 -12348 -22217 -28247 7502 8788 -32591 8408 11678 8142 29064 23607 -5494 1441 -27798 -13884 -22775 -19120 -18585 -15232 -25525 -23374 -15861 27434 -25063 12075 21011 -31008 3710 -2928 9103 17324 15109 647 4066 26551 -21812 29696 26198 -17732 29624 -19391 27924 -28729 -7283 -2347 -15839 -16204 -13423 8301 28161 19344 -21875 29552 27879 16545 32708 953 29883 18716 26472 -21791 31118 -16385 534 -6224 32667 -7606 29703 31665 22739 2181 12290 -3154 -29762 -3609 -23354 5278 11742 -9864 
12901 15983 4541 3440 -2285 -28909 7 7182 -1846 29071 2746 -4597 -1597 2266 -252 22622 4696 -4670 3268 10377 16497 11717 -3235 -788 8187 4425 3720 -25586 19563 21339 -4270 993 -3067 8301 17928 15025 -8612 -15899 -1487 28707 845 14193 30385 -10882 -19245 15762 12596 -14301 -9215 -11738 4839 -22017 4986 -7340 13730 3693 -8145 5739 1786 -6111 -1014 -545 10889 -7867 -2995 -4103 16654 -5249 -21755 -13719 242 -2041 12073 4779 2850 -13145 3013 -623 8831 -8152 2988 560 1104 -15552 -8529 17836 1957 -11701 -251 -13886 3474 -24292 -1190 -1325 5458 -2695 -3652 1416 20342 -12832 -7678 -13968 -4274 2007 135 -368 26545 10213 -20908 -16708 -18883 -11795 333 3156 -5746 -5173 -24823 -28650 -15818 -2043 11694 -2317 -17771 1041 5035 1078 5247 -1227 
152 38 -2 14
-643 -1357 -663 1117 807 -1500 -1459 69 2079 -2366 -529 919 532 474 2389 -1283 1853 534 -2203 -832 1170 1081 -378 -67 1604 -1154 1523 687 820 -1959 -2146 -343 1672 -991 -1062 -2188 -853 568 735 2176 1861 -1193 1827 -698 774 -1487 -2387 1341 -2258 823 -1947 -698 -473 2345 1911 831 396 -487 122 -1071 370 -1958 1939 -1134 2376 -713 -1289 767 -486 -116 -922 1953 1556 -445 877 -600 -1985 522 2283 -1915 -711 2248 1062 2427 -82 570 -1051 -548 1351 348 1038 -1381 -2285 1847 932 -1520 611 -446 564 2212 1746 -1301 1839 -221 -2169 -2091 1103 -165 537 -710 -592 -1334 2090 719 261 1468 -2397 1624 -1487 -2202 -1434 1299 1607 -823 296 -654 2029 -2342 
2925 16851 8745 18205 598 -5573 24002 5398 -30867 30863 28148 13782 -4887 9768 5146 -28816 -12778 28821 20308 19355 4680 -25144 -16078 -16574 14583 -2866 -19781 -29357 21050 7913 -28679 -31468 -15128 31274 -407 30318 -28794 12155 -12263 -21153 18558 -425 -19037 -14313 25339 -3449 -16781 -24684 8566 31930 -17707 25859 -21694 -1044 22301 1431 -29225 20586 13971 -15255 21326 -18025 -15435 13596 16099 4641 -22470 14564 29567 14102 -10906 23987 20701 17317 26416 26286 -17328 -4374 20903 -1294 8749 26921 -12235 -11576 117 -21865 -11001 -1783 -409 32707 -16371 20102 6594 18131 28655 1604 30961 15321 21224 -121 28446 -6005 16516 -11350 15508 -29899 15303 3152 13379 16415 -26700 -2647 -31238 -6018 19013 7335 -21920 -30879 23285 -4367 -5963 -21942 9106 -9138 -13864 -18933 -29949 -2996 
-448 -5452 -1382 4848 115 1993 -8349 89 -15300 -17410 -3550 3020 -620 1104 2931 8815 -5645 3669 -10666 -3839 1305 -6480 1449 265 5577 789 -7183 -4808 4115 -3696 14674 2573 -6031 -7389 103 -15816 5856 1646 -2149 -10974 8234 121 -8292 2382 4676 1223 9550 -7892 -4611 6265 8220 -4303 2446 -584 10161 284 -2759 -2390 406 3895 1881 8414 -7136 -3676 9120 -789 6906 2663 -3426 -390 2397 11169 7680 -1837 5523 -3760 8201 -544 11378 591 -1483 14429 -3098 -6698 -2 -2971 2757 233 -132 2714 -4051 -6619 -3592 7984 6367 -581 4510 -1629 2854 -64 11841 1863 7241 598 -8020 14906 4024 -124 1713 -2779 3769 842 -15566 -1032 1183 2567 12527 -11956 -8255 2293 2039 -6796 3489 1793 -978 2952 -14488 1673 
153 44 8 27
3391 11355 -16066 -19800 11279 -7468 14836 12918 1755 -20829 -9673 -10330 -22822 -5928 -5213 -15185 17437 6794 17347 -7944 -4705 -17141 11938 -19396 658 18494 -22316 19567 -19115 -11731 5295 -22117 5234 -10830 1720 498 -23465 19584 -118 -8036 24039 -2510 14162 -15151 7924 -4148 -20354 4565 16276 -15745 -20989 -521 20341 -15838 8628 536 -13228 -17710 20246 -2829 -9124 -5787 3654 -16726 2091 14732 -17875 -10822 -13544 -16088 18069 -4511 1116 16379 -7919 -17743 -13494 -19230 -450 5548 17648 2877 12627 -13911 8957 3387 225 -6116 -12848 16012 20574 20624 10906 -9665 -6444 8577 20924 -2007 8772 18768 16227 -22193 -22715 8412 -12143 16597 -7412 -3644 15848 5111 -9482 9593 12314 13865 -15730 -14966 14689 3081 19253 -934 -1210 10720 -6649 9351 10171 -15383 20183 5031 
-1797 -23508 -10673 26695 -16733 -30614 9810 -27665 27967 16978 12926 18099 -853 2005 4964 -17753 28982 -13287 -21796 -8664 11232 20541 11286 18882 -29790 -29814 -30430 -5847 -20895 -30780 -20851 -21042 -22802 895 -9273 12699 30 -18867 -26014 -16896 6676 -5929 -23320 -28658 16516 -4464 -2059 -30834 -14892 -979 17833 4598 14446 17519 30106 -14126 21847 32073 22730 28498 6789 -8067 -17907 -9406 1001 21897 430 -6874 -355 -21618 -9842 21612 4483 -23888 17549 30743 -6141 -2334 -26702 -2608 -28861 -4442 23299 9780 -13720 31341 4912 31418 -11798 -14483 9645 25776 15051 -8860 29540 -17640 -28785 894 -1721 4762 -9792 -14663 5938 19743 27181 -9148 -31092 -17524 -15296 22048 -3975 -10375 -14588 16332 3019 -17808 -11591 13638 -11876 -10541 6272 -27994 12775 -25142 8372 -384 -28380 28821 
-182 -7955 5110 -15752 -5625 6814 4337 -10651 1463 -10539 -3726 -5572 580 -354 -771 8034 15061 -2690 -11268 2051 -1575 -10493 4015 -10915 -584 -16432 20238 -3410 11903 10761 -3290 13870 -3557 -289 -475 188 -21 -11012 91 4046 4783 444 -9842 12940 3900 552 1249 -4195 -7224 459 -11155 -71 8757 -8269 7741 -226 -8613 -16928 13715 -2403 -1846 1391 -1950 4689 62 9614 -229 2217 143 10365 -5300 -2905 149 -11661 -4142 -16256 2470 1338 358 -431 -15179 -381 8768 -4055 -3662 3164 33 -5727 4517 -6911 5914 15843 4892 2552 -5673 -4509 -17950 -53 -450 2664 -4735 9698 -4020 4950 -9837 -4525 6868 1903 -7224 3358 1123 -2966 -5354 6749 -1415 7943 -5074 1252 -6814 293 -226 -8944 -2531 -7007 2538 176 -17071 4321 
154 40 7 22
-14848 -8965 6541 12958 16669 9619 4057 -14245 3461 -7644 2250 -3034 12988 4987 15881 -8909 3359 -3113 8334 21149 9825 -6464 -11633 4523 -18361 6749 -3288 -12160 -5265 6864 16645 -5640 977 19074 -5490 -6646 20604 13179 -16876 -8998 242 825 -6754 -20093 -12953 20201 13629 -6458 -6945 20902 -16935 -8049 14268 14051 -14587 21798 -3862 -13930 -8895 -9538 -13641 -15784 -5480 -8930 -19705 9400 -17996 -4648 19213 4689 -16888 -20033 10144 277 -20210 -6308 -12170 -4019 14827 14820 -3480 -11474 13533 13874 146 9029 14642 -6024 -19360 1856 -5470 -10760 -10126 -13179 -2299 -7722 -6196 -8096 -18934 7644 13240 -1217 6413 12108 12702 -19283 -14325 17127 -5184 12333 5071 -8554 -4609 -3751 17002 -10290 9093 7253 4424 -4406 -1626 -16347 -18480 19846 21475 14538 -11398 14922 
-32034 18422 -4930 19946 -20713 9573 -11423 -21003 28212 483 23876 10938 -17961 -23181 -2921 7079 21309 10396 15001 -16707 16291 19697 2292 -14068 21772 12048 23265 4574 22573 18178 -11160 6372 20182 17276 -4205 -12081 -13303 -474 24676 24501 -432 -3338 7297 -4581 7773 16789 -8849 8173 -8152 6144 16383 3646 31027 19496 20503 -4996 -12950 32488 31445 -14369 32569 22115 16613 29299 6727 13641 -17045 6738 -21079 -5505 -7791 -9982 1051 26093 -32433 12982 31673 18548 18167 -26156 11770 -14943 -20025 -9037 -12185 -22111 -13273 -32663 -29883 -23516 1317 -23286 -388 16720 2053 5290 3452 -8551 -1002 8881 -3733 -1296 -18454 6091 28386 17696 -30614 12850 28782 20936 12684 5035 -27220 -5095 -17124 17157 15608 -28325 -4914 -27026 1477 29402 16190 6885 26303 -22589 20731 12899 
14175 -4922 -961 7703 -10290 2744 -1381 8916 2910 -110 1601 -989 -6952 -3445 -1382 -1880 2133 -964 3726 -10530 4770 -3794 -795 -1896 -11914 2423 -2280 -1658 -3542 3719 -5536 -1071 588 9821 688 2393 -8169 -186 -12411 -6570 -3 -82 -1469 2743 -3001 10108 -3594 -1573 1687 3827 -8269 -875 13193 8164 -8913 -3246 1491 -13487 -8336 4084 -13240 -10403 -2713 -7797 -3950 3821 9142 -933 -12070 -769 3921 5960 318 215 19535 -2441 -11488 -2222 8028 -11552 -1221 5110 -8076 -3737 -53 -5950 -5792 5864 17242 -1301 -215 7467 117 -6567 -141 -1217 -637 2063 565 2023 -1473 47 -3527 2198 10745 -10170 13070 6559 -4447 7695 1917 -1284 3739 570 -8677 -5261 4230 -6123 -648 3549 -72 -14324 -8917 4072 16834 -9787 -7042 5736 
155 19 -4 -5
-6842 -420 9674 1027 1216 10090 833 -7161 9747 -7540 621 -9754 1838 546 -2266 5776 3219 -5370 -2702 -695 6714 9893 -369 8520 -8173 -2205 -1003 2304 5892 -1404 911 -5396 8265 8592 2014 3074 -10268 -10011 540 7584 -10160 -993 7954 3418 9696 -2077 -2535 8175 4662 -9328 3995 11294 526 4590 7075 -271 5086 3839 -6814 323 -5548 10559 -10010 -5570 -2763 -10951 2263 -5908 -11081 8748 -7872 2752 1305 -5312 6871 -4321 -10100 7101 -5824 4344 4253 -9742 -1896 -9849 -10800 58 10012 3293 -764 -1956 -2929 -10098 4323 -5309 -444 1217 5466 -2758 5644 -6135 -9665 2089 4937 9332 -2677 -2548 1210 4141 8437 5147 -3402 -9992 -3729 5941 10151 8785 -152 612 -7646 -4799 -10618 4504 1943 6823 -4224 -5228 -5223 -8014 
-18742 -11254 -23223 24611 -6604 -19628 -511 20397 -24054 -5243 6879 -21199 -19127 -27611 4491 -15877 -8214 14447 15519 15195 3839 -9395 18780 31396 15264 21967 -1774 28647 -7033 21210 -25057 22977 28826 -27253 16430 -15133 -20270 23446 24902 4424 -28298 -4997 -3881 -13848 9696 -23931 23649 2065 13802 28111 -12404 -15895 -7993 5984 2815 -8847 28958 -19645 -18954 7506 -22793 -27279 -2647 32231 2422 20248 18487 28897 -21724 29595 -5282 2059 -11763 -6438 -11915 4130 10255 17270 -9049 -11656 10518 5466 32162 6654 -19802 14611 703 -19407 -25258 15926 1751 -10714 15710 -857 -1723 -9944 -3990 -25778 -295 -6720 21590 29620 -20316 -2806 -28020 30991 32600 -31447 -4173 3321 -27158 -11977 25679 -4372 4180 -23363 -24666 21315 10369 -5737 2705 29326 14140 22903 -4893 7383 -8665 -28074 
10244 378 -17947 2019 -642 -15821 -34 -11668 -18730 3158 341 16518 -2808 -1204 -813 -7326 -2112 -6198 -3350 -844 2059 -7425 -554 21369 -9966 -3869 142 5273 -3310 -2379 -1824 -9905 19032 -18706 2643 -3716 16627 -18751 1074 2680 22968 396 -2466 -3781 7510 3971 -4789 1349 5140 -20948 -3959 -14341 -336 2194 1591 192 11766 -6025 10317 194 10102 -23010 2117 -14342 -535 -17713 3342 -13638 19230 20682 3322 453 -1226 2732 -6540 -1426 -8274 9797 4210 -4045 3574 -4254 -4871 -5235 17084 68 562 -5105 1542 -2489 -410 8643 5425 363 61 -967 -1742 5680 -133 3293 -16670 4943 -8013 -2092 5992 -6308 3151 -10403 -2813 1365 7381 9560 -7650 -2075 3390 -16396 300 1042 -6333 2199 -2294 10552 2195 12483 1651 -3083 3615 17973 
156 20 2 1
2254 -5164 -2465 606 -6999 -7946 532 9085 -5670 2333 -7161 4987 -9587 -812 -2914 -7972 -4007 7324 9710 8320 -8366 5734 9988 6188 -7758 5356 -5826 3230 2446 1175 9107 -3292 9656 -7369 3048 -2497 1808 4065 3799 3881 8295 4289 -2395 -6676 6622 -7707 6207 7889 2322 717 -7290 -8098 -7170 3144 7929 571 1798 -517 8739 -647 6450 2574 -1007 933 4865 2030 4750 -3353 -9593 3197 -5385 2548 7012 -1254 2513 7586 2476 -2384 6120 4074 -6654 -447 -1343 5348 1768 -9185 -8522 -2308 -28 10032 -10187 -7520 5240 -2420 5325 4830 5135 -2902 1701 6042 -2463 -3987 6778 5038 3263 -6420 -9359 -7729 -7809 -4253 -9466 3577 -7484 -5213 1185 5411 -7832 -5591 -9258 -2243 1023 2000 5045 -3012 -4468 1883 2031 -6464 
-14341 11198 -5697 31418 -13335 -15485 20079 -20448 -10412 25462 -18466 -12998 17418 6846 -32191 10990 4847 -23867 -6767 24806 -142 -23748 13322 32656 1612 26462 11778 11442 -4299 -23949 -27832 6314 -22916 14199 22147 20705 16521 -10031 2534 9071 -19713 -904 9007 13250 3911 -11967 22332 9528 2057 7842 -25321 27338 -3632 20637 -11700 22479 25837 6694 31068 18474 -20442 -23754 -15108 30934 8445 -8861 3413 29997 -18339 -28458 22567 -25699 -30075 31577 -5838 -14169 23125 19528 -11890 -3479 -2712 -4555 11254 10604 10821 -19843 21193 30311 4757 18675 -29911 19609 18503 32213 31804 19106 5811 -11565 5094 24632 14065 -27999 11568 -24106 -3368 -8986 -21119 19025 -11329 19074 25648 -9393 -25524 -4630 1672 -19329 7989 28421 30934 5372 6395 3153 -5178 -11808 -25463 -28471 -8249 25669 
-2817 -5039 1224 1659 8133 10722 931 -16187 5144 5176 11522 -5648 -14551 -484 8174 -7634 -1692 -15232 -5726 17984 104 -11865 11594 17608 -1090 12350 -5979 3220 -916 -2452 -22086 -1811 -19281 -9117 5882 -4505 2603 -3553 839 3068 -14248 -338 -1880 -7708 2257 8037 12078 6550 416 490 16085 -19291 2269 5654 -8084 1118 4048 -302 23658 -1042 -11489 -5328 1326 2515 3580 -1567 1413 -8764 15330 -7928 -10589 -5706 -18376 -3450 -1278 -9366 4989 -4057 -6341 -1235 1572 177 -1317 4942 1667 15881 -15737 -6096 -12 16325 26551 -12849 8448 -6793 14757 8041 2600 2924 755 12968 -3019 9727 6832 -10582 -958 5027 17223 -12813 7709 -7069 -21155 -2928 16645 2103 173 -9114 -5452 -13846 -24955 -1050 570 549 -2276 3099 9913 -4671 -1460 -14458 
157 20 0 -1
-11731 17139 -23076 -21330 2084 8598 -20529 -25638 11951 18582 -3519 30000 -10222 1105 -8192 -15513 11351 -13179 29625 -13419 8447 -12879 -10051 -9824 -19259 -15212 -1307 -24458 -11506 -27968 17164 1367 3464 5054 2444 20906 3201 18949 -27079 -11627 4285 -22511 5739 11264 -12308 7029 -2575 203 -5436 3768 -28657 15961 26866 6616 354 11396 29853 25311 -16427 -6071 20644 6186 19541 -9413 14800 -12255 -13432 -6764 -30328 -11859 27572 639 8939 15551 -21486 14803 -13238 23449 -23766 -16114 25426 9878 29996 -8912 -16009 2449 -15116 -21794 -9108 -3263 23970 -23983 -22927 23554 16521 -22224 -9359 5541 449 27015 -24784 27844 -28451 23375 1903 16018 26236 16697 -17801 15126 -23704 -7361 -1427 -3477 -15789 12961 -1498 16240 26068 17806 12926 23889 -28040 -17638 -25086 -9617 -3745 19629 
20023 -3450 22280 25569 22380 -26606 -29745 -14917 30489 -11725 -4312 -11965 -11193 -4205 -18861 18472 -28482 -7684 -25696 30280 22577 -29609 7929 31165 30607 9002 -785 -19334 6482 25195 16764 -25443 16858 14385 -22560 -15564 -3725 1362 -18614 15836 -3417 1484 -31743 -2012 27317 -4445 31163 19019 28885 24571 6526 -8519 -19870 -21912 14308 29728 8989 6138 32373 -1772 26712 -28460 29785 -1406 -14916 -20456 10088 24241 23213 -7000 -24929 30630 9022 696 19430 9914 31673 31972 1384 31975 -27752 24804 -28861 14994 -3369 -3108 -30850 20458 917 -2012 22265 2893 -15134 -8932 11660 5402 -5293 -21544 20731 15127 -514 -7587 17546 13998 23978 -28018 32728 28699 -15206 31575 -30432 -21994 18565 10280 -17064 7295 -21359 14875 -14859 -25957 -16184 8906 21566 -26836 28364 -12078 -20639 25923 
-6860 -1727 -15015 -15928 1362 -6681 17833 11169 10641 -6363 443 -10483 3341 -136 4512 -8369 -9442 2957 -22232 -11867 5569 11137 -2327 -8941 -17215 -3999 30 13810 -2178 -20579 8403 -1016 1705 2123 -1610 -9503 -348 754 14720 -5377 -428 -976 -5320 -662 -9819 -912 -2343 113 -4586 2704 -5462 -3971 -15590 -4234 148 9894 7837 4537 -15531 314 16104 -5142 16998 387 -6447 7321 -3957 -4789 -20560 2424 -20073 572 2355 316 -12192 4286 -12245 21895 -961 -15047 -20607 7155 -25283 -3902 1575 -222 13619 -13021 -244 192 15586 -2026 10133 -6144 5626 -3506 1447 -3486 272 11935 372 -6169 -14579 9556 1333 -13107 25076 13994 7905 13948 21067 4728 -774 -1044 7868 2761 934 7055 -11312 -13498 -6109 6213 -17660 13823 -20780 3392 2257 14860 
158 20 19 18
8886 18292 2433 10579 -17339 4981 15692 -23256 20323 23150 24588 -28974 28419 -10421 -11169 22769 27327 9024 -578 -20777 29475 22512 12797 27048 -17950 15873 30164 11536 -30284 19097 4136 4725 29782 2111 -2669 1779 7255 20177 -14338 -21326 10748 23407 2289 2297 29222 3812 26817 18938 535 17383 6786 -27534 10340 16196 -16450 11407 422 22705 29502 -13185 -7544 16928 -28987 6125 -29473 13894 15876 19906 -23413 -13738 24405 16348 18819 -17941 -3704 -25512 -24749 -288 14543 -13827 -21599 12344 601 4795 3422 -23754 25468 -18709 20923 -6735 -2274 -19038 12524 -17355 -6883 16952 17227 -26521 18212 -23835 -16607 -1754 -14498 25763 24910 -14508 13084 -29700 -26580 -1520 6238 -19420 -14267 -25235 -21199 22205 -9143 7905 -4789 29229 -19547 -28203 -13061 3125 24318 8180 25066 -1738 
-17105 -18399 7904 1620 -17132 -3690 4603 -8213 -2127 -13991 -1492 -31636 23580 10645 -17423 19513 24657 20858 31748 -2291 2755 -14754 -9975 130 -20856 26711 23854 -19555 25676 -21293 -1086 15066 -27596 -4562 -32029 5246 27590 -698 -9056 3193 30298 -21143 25228 25811 12733 -17073 -1762 -15429 -32617 745 14700 -19418 -27794 -15163 26559 -14859 -15236 19621 30170 25354 -24413 9520 -3889 3704 -18119 -18692 10870 -28865 31613 11660 -19182 -2411 -3584 29237 17033 -12471 -32731 284 16490 5821 -32602 11420 -17890 30331 9637 -17287 17410 22752 24058 32541 9539 18659 -25680 -13505 13275 -24046 13501 -21448 14783 32610 816 29776 18489 26096 27309 -9709 26924 -16120 -15395 10882 -4857 -807 -7481 26022 8129 -15251 5833 18292 -993 -6920 29206 23667 -29463 -16878 -2006 29672 8279 -24949 
-4168 -9230 527 470 8146 -504 1981 5238 -1185 -8883 -1006 25138 18378 -3042 5337 12184 18479 5162 -503 1305 2227 -9109 -3501 96 10267 11627 19733 -6187 -21324 -11152 -123 1952 -22539 -264 2344 256 5489 -386 3561 -1867 8931 -13572 1584 1626 10204 -1785 -1296 -8013 -479 355 2736 14663 -7881 -6735 -11982 -4648 -176 12217 24410 -9168 5051 4420 3092 622 14645 -7122 4733 -15758 -20298 -4393 -12838 -1081 -1850 -14385 -1730 8725 22215 -2 6577 -2207 19311 3866 -295 3989 904 11261 12160 -11674 13804 -6010 -595 -9742 -8820 6428 -2506 -11179 6378 15600 7383 -21316 -372 -1432 -7351 18438 18656 3863 9661 13130 11222 -454 -831 430 2927 -18009 -4726 -9287 -1463 3966 130 -5547 -15656 -18305 10553 -1446 -1338 6656 5691 1189 
159 21 -3 -4
-18396 -11718 16976 -20039 3490 -18406 -13756 21134 -19497 15109 -1407 -11858 5482 7990 -26665 1322 -8474 -7835 5433 -14428 -7769 19503 -24208 -31364 -865 4248 -181 31233 10572 11537 1868 -21125 -16112 -6925 2112 -19405 -9851 30705 9231 -9707 -9188 -17443 15431 12188 -29122 -22813 -5365 -13851 28392 20855 -26180 18577 -4460 3594 1748 7705 1657 28785 -9740 -25693 -9482 -2816 20446 13542 -21789 11006 15892 -10699 -15528 18448 8543 20437 18414 21790 -26882 28509 -2824 6894 -28989 -21649 8536 17561 -22244 26750 -2975 -29235 26646 -1379 30732 28311 4941 -16003 -6970 40 29379 27501 -27172 -3264 -16865 23694 29354 -1693 -25374 11207 19101 14529 23962 4027 -6879 -22138 -13213 24040 18962 -11845 22457 24657 20194 28907 -21737 17114 -13711 20722 18230 8976 -23935 3657 22939 21729 
-16210 -14462 -12127 -11474 -4268 8056 -30433 21080 27058 -20917 -6342 29735 -3277 15968 -9827 -25496 11639 26158 28949 -14256 17065 -3011 7082 -14832 -17918 -23709 -2627 11179 -4984 5309 -15725 -12716 -14792 19863 -7056 16229 31257 29427 -17778 27471 23992 29604 1522 25519 8297 -29859 105 -20163 29405 22002 31442 20832 -32760 4557 25582 24671 26983 10882 -3808 -29074 196 19946 -4501 -3173 -28682 20461 -12708 22180 -18997 -1507 -26880 -9046 -23513 -997 12241 -32509 -14572 16807 -9380 20767 25773 6941 -20456 -12675 -15788 26886 -21837 -31612 -917 29435 -11248 31339 -3015 -9964 14820 -24707 23176 6723 28155 -24913 -12903 -24866 -24003 -27654 -14334 5097 20540 30943 -23260 -10225 30525 -11405 2173 19384 6978 -8554 -1392 22851 26137 5426 -5398 -30649 6546 -30786 19927 -8763 -17403 21747 
8251 4689 -5696 6362 -412 -4103 11583 12327 -14597 -8744 247 -9756 -497 3530 7250 -933 -2729 -5671 4352 5691 -3668 -1625 -4744 12871 429 -2787 13 9661 -1458 1695 -813 7433 6594 -3806 -412 -8714 -8520 25000 -4541 -7378 -6099 -14288 650 8606 -6685 18847 -16 7727 23100 12696 -22776 10708 4043 453 1237 5260 1237 8667 1026 20669 -51 -1554 -2546 -1189 17292 6231 -5588 -6566 8162 -769 -6354 -5115 -11980 -601 -9105 -25643 1139 3206 7524 -12439 6087 3373 12590 -9381 1300 -21748 -16100 1206 -780 23057 -1538 -13876 581 -11 12047 -18800 -17424 -607 -13138 -16333 -10480 1165 16852 -8575 -7576 2049 13618 3448 4427 6263 -11160 -7586 1140 -6353 4336 -5836 -778 18277 -15720 2569 2048 -17573 3302 -7646 -13197 -887 -11046 13075 
160 20 12 44
0 0 0 0 0 0 0 0 0 0 0 0 0 0 0 0 0 0 0 0 0 0 0 0 0 0 0 0 0 0 0 0 0 0 0 0 0 0 0 0 0 0 0 0 0 0 0 0 0 0 0 0 0 0 0 0 0 0 0 0 0 0 0 0 0 0 0 0 0 0 0 0 0 0 0 0 0 0 0 0 0 0 0 0 0 0 0 0 0 0 0 0 0 0 0 0 0 0 0 0 0 0 0 0 0 0 0 0 0 0 0 0 0 0 0 0 0 0 0 0 0 0 0 0 0 0 0 0 
12345 12345 12345 12345 12345 12345 12345 12345 12345 12345 12345 12345 12345 12345 12345 12345 12345 12345 12345 12345 12345 12345 12345 12345 12345 12345 12345 12345 12345 12345 12345 12345 12345 12345 12345 12345 12345 12345 12345 12345 12345 12345 12345 12345 12345 12345 12345 12345 12345 12345 12345 12345 12345 12345 12345 12345 12345 12345 12345 12345 12345 12345 12345 12345 12345 12345 12345 12345 12345 12345 12345 12345 12345 12345 12345 12345 12345 12345 12345 12345 12345 12345 12345 12345 12345 12345 12345 12345 12345 12345 12345 12345 12345 12345 12345 12345 12345 12345 12345 12345 12345 12345 12345 12345 12345 12345 12345 12345 12345 12345 12345 12345 12345 12345 12345 12345 12345 12345 12345 12345 12345 12345 12345 12345 12345 12345 12345 12345 
0 0 0 0 0 0 0 0 0 0 0 0 0 0 0 0 0 0 0 0 0 0 0 0 0 0 0 0 0 0 0 0 0 0 0 0 0 0 0 0 0 0 0 0 0 0 0 0 0 0 0 0 0 0 0 0 0 0 0 0 0 0 0 0 0 0 0 0 0 0 0 0 0 0 0 0 0 0 0 0 0 0 0 0 0 0 0 0 0 0 0 0 0 0 0 0 0 0 0 0 0 0 0 0 0 0 0 0 0 0 0 0 0 0 0 0 0 0 0 0 0 0 0 0 0 0 0 0 
161 24 12 12
-32768 -32768 -32768 -32768 -32768 -32768 -32768 -32768 -32768 -32768 -32768 -32768 -32768 -32768 -32768 -32768 -32768 -32768 -32768 -32768 -32768 -32768 -32768 -32768 -32768 -32768 -32768 -32768 -32768 -32768 -32768 -32768 -32768 -32768 -32768 -32768 -32768 -32768 -32768 -32768 -32768 -32768 -32768 -32768 -32768 -32768 -32768 -32768 -32768 -32768 -32768 -32768 -32768 -32768 -32768 -32768 -32768 -32768 -32768 -32768 -32768 -32768 -32768 -32768 -32768 -32768 -32768 -32768 -32768 -32768 -32768 -32768 -32768 -32768 -32768 -32768 -32768 -32768 -32768 -32768 -32768 -32768 -32768 -32768 -32768 -32768 -32768 -32768 -32768 -32768 -32768 -32768 -32768 -32768 -32768 -32768 -32768 -32768 -32768 -32768 -32768 -32768 -32768 -32768 -32768 -32768 -32768 -32768 -32768 -32768 -32768 -32768 -32768 -32768 -32768 -32768 -32768 -32768 -32768 -32768 -32768 -32768 -32768 -32768 -32768 -32768 -32768 -32768 
32767 32767 32767 32767 32767 32767 32767 32767 32767 32767 32767 32767 32767 32767 32767 32767 32767 32767 32767 32767 32767 32767 32767 32767 32767 32767 32767 32767 32767 32767 32767 32767 32767 32767 32767 32767 32767 32767 32767 32767 32767 32767 32767 32767 32767 32767 32767 32767 32767 32767 32767 32767 32767 32767 32767 32767 32767 32767 32767 32767 32767 32767 32767 32767 32767 32767 32767 32767 32767 32767 32767 32767 32767 32767 32767 32767 32767 32767 32767 32767 32767 32767 32767 32767 32767 32767 32767 32767 32767 32767 32767 32767 32767 32767 32767 32767 32767 32767 32767 32767 32767 32767 32767 32767 32767 32767 32767 32767 32767 32767 32767 32767 32767 32767 32767 32767 32767 32767 32767 32767 32767 32767 32767 32767 32767 32767 32767 32767 
-29166 -29166 -29166 -29166 -29166 -29166 -29166 -29166 -29166 -29166 -29166 -29166 -29166 -29166 -29166 -29166 -29166 -29166 -29166 -29166 -29166 -29166 -29166 -29166 -29166 -29166 -29166 -29166 -29166 -29166 -29166 -29166 -29166 -29166 -29166 -29166 -29166 -29166 -29166 -29166 -29166 -29166 -29166 -29166 -29166 -29166 -29166 -29166 -29166 -29166 -29166 -29166 -29166 -29166 -29166 -29166 -29166 -29166 -29166 -29166 -29166 -29166 -29166 -29166 -29166 -29166 -29166 -29166 -29166 -29166 -29166 -29166 -29166 -29166 -29166 -29166 -29166 -29166 -29166 -29166 -29166 -29166 -29166 -29166 -29166 -29166 -29166 -29166 -29166 -29166 -29166 -29166 -29166 -29166 -29166 -29166 -29166 -29166 -29166 -29166 -29166 -29166 -29166 -29166 -29166 -29166 -29166 -29166 -29166 -29166 -29166 -29166 -29166 -29166 -29166 -29166 -29166 -29166 -29166 -29166 -29166 -29166 -29166 -29166 -29166 -29166 -29166 -29166 
162 26 14 15
32767 -32768 32767 -32768 32767 -32768 32767 -32768 32767 -32768 32767 -32768 32767 -32768 32767 -32768 32767 -32768 32767 -32768 32767 -32768 32767 -32768 32767 -32768 32767 -32768 32767 -32768 32767 -32768 32767 -32768 32767 -32768 32767 -32768 32767 -32768 32767 -32768 32767 -32768 32767 -32768 32767 -32768 32767 -32768 32767 -32768 32767 -32768 32767 -32768 32767 -32768 32767 -32768 32767 -32768 32767 -32768 32767 -32768 32767 -32768 32767 -32768 32767 -32768 32767 -32768 32767 -32768 32767 -32768 32767 -32768 32767 -32768 32767 -32768 32767 -32768 32767 -32768 32767 -32768 32767 -32768 32767 -32768 32767 -32768 32767 -32768 32767 -32768 32767 -32768 32767 -32768 32767 -32768 32767 -32768 32767 -32768 32767 -32768 32767 -32768 32767 -32768 32767 -32768 32767 -32768 32767 -32768 32767 -32768 32767 -32768 32767 -32768 
-32768 -32768 -32768 -32768 -32768 -32768 -32768 -32768 -32768 -32768 -32768 -32768 -32768 -32768 -32768 -32768 -32768 -32768 -32768 -32768 -32768 -32768 -32768 -32768 -32768 -32768 -32768 -32768 -32768 -32768 -32768 -32768 -32768 -32768 -32768 -32768 -32768 -32768 -32768 -32768 -32768 -32768 -32768 -32768 -32768 -32768 -32768 -32768 -32768 -32768 -32768 -32768 -32768 -32768 -32768 -32768 -32768 -32768 -32768 -32768 -32768 -32768 -32768 -32768 -32768 -32768 -32768 -32768 -32768 -32768 -32768 -32768 -32768 -32768 -32768 -32768 -32768 -32768 -32768 -32768 -32768 -32768 -32768 -32768 -32768 -32768 -32768 -32768 -32768 -32768 -32768 -32768 -32768 -32768 -32768 -32768 -32768 -32768 -32768 -32768 -32768 -32768 -32768 -32768 -32768 -32768 -32768 -32768 -32768 -32768 -32768 -32768 -32768 -32768 -32768 -32768 -32768 -32768 -32768 -32768 -32768 -32768 -32768 -32768 -32768 -32768 -32768 -32768 
-28754 28755 -28754 28755 -28754 28755 -28754 28755 -28754 28755 -28754 28755 -28754 28755 -28754 28755 -28754 28755 -28754 28755 -28754 28755 -28754 28755 -28754 28755 -28754 28755 -28754 28755 -28754 28755 -28754 28755 -28754 28755 -28754 28755 -28754 28755 -28754 28755 -28754 28755 -28754 28755 -28754 28755 -28754 28755 -28754 28755 -28754 28755 -28754 28755 -28754 28755 -28754 28755 -28754 28755 -28754 28755 -28754 28755 -28754 28755 -28754 28755 -28754 28755 -28754 28755 -28754 28755 -28754 28755 -28754 28755 -28754 28755 -28754 28755 -28754 28755 -28754 28755 -28754 28755 -28754 28755 -28754 28755 -28754 28755 -28754 28755 -28754 28755 -28754 28755 -28754 28755 -28754 28755 -28754 28755 -28754 28755 -28754 28755 -28754 28755 -28754 28755 -28754 28755 -28754 28755 -28754 28755 -28754 28755 -28754 28755 -28754 28755 
163 22 12 14
0 0 0 0 0 0 0 0 0 0 0 0 0 0 0 0 0 0 0 0 0 0 0 0 0 0 0 0 0 0 0 0 0 0 0 0 0 0 0 0 0 0 0 0 0 0 0 0 0 0 0 0 0 0 0 0 0 0 0 0 0 0 0 0 0 0 0 0 0 0 0 0 0 0 0 0 0 0 0 0 0 0 0 0 0 0 0 0 0 0 0 0 0 0 0 0 0 0 0 0 0 0 0 0 0 0 0 0 0 0 0 0 0 0 0 0 0 0 0 0 0 0 0 0 0 0 0 32767 
1000 1000 1000 1000 1000 1000 1000 1000 1000 1000 1000 1000 1000 1000 1000 1000 1000 1000 1000 1000 1000 1000 1000 1000 1000 1000 1000 1000 1000 1000 1000 1000 1000 1000 1000 1000 1000 1000 1000 1000 1000 1000 1000 1000 1000 1000 1000 1000 1000 1000 1000 1000 1000 1000 1000 1000 1000 1000 1000 1000 1000 1000 1000 1000 1000 1000 1000 1000 1000 1000 1000 1000 1000 1000 1000 1000 1000 1000 1000 1000 1000 1000 1000 1000 1000 1000 1000 1000 1000 1000 1000 1000 1000 1000 1000 1000 1000 1000 1000 1000 1000 1000 1000 1000 1000 1000 1000 1000 1000 1000 1000 1000 1000 1000 1000 1000 1000 1000 1000 1000 1000 1000 1000 1000 1000 1000 1000 1000 
0 0 0 0 0 0 0 0 0 0 0 0 0 0 0 0 0 0 0 0 0 0 0 0 0 0 0 0 0 0 0 0 0 0 0 0 0 0 0 0 0 0 0 0 0 0 0 0 0 0 0 0 0 0 0 0 0 0 0 0 0 0 0 0 0 0 0 0 0 0 0 0 0 0 0 0 0 0 0 0 0 0 0 0 0 0 0 0 0 0 0 0 0 0 0 0 0 0 0 0 0 0 0 0 0 0 0 0 0 0 0 0 0 0 0 0 0 0 0 0 0 0 0 0 0 0 0 25714 
164 22 12 14
32767 0 0 0 0 0 0 0 0 0 0 0 0 0 0 0 0 0 0 0 0 0 0 0 0 0 0 0 0 0 0 0 0 0 0 0 0 0 0 0 0 0 0 0 0 0 0 0 0 0 0 0 0 0 0 0 0 0 0 0 0 0 0 0 0 0 0 0 0 0 0 0 0 0 0 0 0 0 0 0 0 0 0 0 0 0 0 0 0 0 0 0 0 0 0 0 0 0 0 0 0 0 0 0 0 0 0 0 0 0 0 0 0 0 0 0 0 0 0 0 0 0 0 0 0 0 0 0 
1000 1000 1000 1000 1000 1000 1000 1000 1000 1000 1000 1000 1000 1000 1000 1000 1000 1000 1000 1000 1000 1000 1000 1000 1000 1000 1000 1000 1000 1000 1000 1000 1000 1000 1000 1000 1000 1000 1000 1000 1000 1000 1000 1000 1000 1000 1000 1000 1000 1000 1000 1000 1000 1000 1000 1000 1000 1000 1000 1000 1000 1000 1000 1000 1000 1000 1000 1000 1000 1000 1000 1000 1000 1000 1000 1000 1000 1000 1000 1000 1000 1000 1000 1000 1000 1000 1000 1000 1000 1000 1000 1000 1000 1000 1000 1000 1000 1000 1000 1000 1000 1000 1000 1000 1000 1000 1000 1000 1000 1000 1000 1000 1000 1000 1000 1000 1000 1000 1000 1000 1000 1000 1000 1000 1000 1000 1000 1000 
25714 0 0 0 0 0 0 0 0 0 0 0 0 0 0 0 0 0 0 0 0 0 0 0 0 0 0 0 0 0 0 0 0 0 0 0 0 0 0 0 0 0 0 0 0 0 0 0 0 0 0 0 0 0 0 0 0 0 0 0 0 0 0 0 0 0 0 0 0 0 0 0 0 0 0 0 0 0 0 0 0 0 0 0 0 0 0 0 0 0 0 0 0 0 0 0 0 0 0 0 0 0 0 0 0 0 0 0 0 0 0 0 0 0 0 0 0 0 0 0 0 0 0 0 0 0 0 0 
165 24 8 19
1024 1024 1024 1024 1024 1024 1024 1024 1024 1024 1024 1024 1024 1024 1024 1024 1024 1024 1024 1024 1024 1024 1024 1024 1024 1024 1024 1024 1024 1024 1024 1024 1024 1024 1024 1024 1024 1024 1024 1024 1024 1024 1024 1024 1024 1024 1024 1024 1024 1024 1024 1024 1024 1024 1024 1024 1024 1024 1024 1024 1024 1024 1024 1024 1024 1024 1024 1024 1024 1024 1024 1024 1024 1024 1024 1024 1024 1024 1024 1024 1024 1024 1024 1024 1024 1024 1024 1024 1024 1024 1024 1024 1024 1024 1024 1024 1024 1024 1024 1024 1024 1024 1024 1024 1024 1024 1024 1024 1024 1024 1024 1024 1024 1024 1024 1024 1024 1024 1024 1024 1024 1024 1024 1024 1024 1024 1024 1024 
256 256 256 256 256 256 256 256 256 256 256 256 256 256 256 256 256 256 256 256 256 256 256 256 256 256 256 256 256 256 256 256 256 256 256 256 256 256 256 256 256 256 256 256 256 256 256 256 256 256 256 256 256 256 256 256 256 256 256 256 256 256 256 256 256 256 256 256 256 256 256 256 256 256 256 256 256 256 256 256 256 256 256 256 256 256 256 256 256 256 256 256 256 256 256 256 256 256 256 256 256 256 256 256 256 256 256 256 256 256 256 256 256 256 256 256 256 256 256 256 256 256 256 256 256 256 256 256 
31941 31941 31941 31941 31941 31941 31941 31941 31941 31941 31941 31941 31941 31941 31941 31941 31941 31941 31941 31941 31941 31941 31941 31941 31941 31941 31941 31941 31941 31941 31941 31941 31941 31941 31941 31941 31941 31941 31941 31941 31941 31941 31941 31941 31941 31941 31941 31941 31941 31941 31941 31941 31941 31941 31941 31941 31941 31941 31941 31941 31941 31941 31941 31941 31941 31941 31941 31941 31941 31941 31941 31941 31941 31941 31941 31941 31941 31941 31941 31941 31941 31941 31941 31941 31941 31941 31941 31941 31941 31941 31941 31941 31941 31941 31941 31941 31941 31941 31941 31941 31941 31941 31941 31941 31941 31941 31941 31941 31941 31941 31941 31941 31941 31941 31941 31941 31941 31941 31941 31941 31941 31941 31941 31941 31941 31941 31941 31941 
166 0 0 12
1 1 1 1 1 1 1 1 1 1 1 1 1 1 1 1 1 1 1 1 1 1 1 1 1 1 1 1 1 1 1 1 1 1 1 1 1 1 1 1 1 1 1 1 1 1 1 1 1 1 1 1 1 1 1 1 1 1 1 1 1 1 1 1 1 1 1 1 1 1 1 1 1 1 1 1 1 1 1 1 1 1 1 1 1 1 1 1 1 1 1 1 1 1 1 1 1 1 1 1 1 1 1 1 1 1 1 1 1 1 1 1 1 1 1 1 1 1 1 1 1 1 1 1 1 1 1 1 
1 1 1 1 1 1 1 1 1 1 1 1 1 1 1 1 1 1 1 1 1 1 1 1 1 1 1 1 1 1 1 1 1 1 1 1 1 1 1 1 1 1 1 1 1 1 1 1 1 1 1 1 1 1 1 1 1 1 1 1 1 1 1 1 1 1 1 1 1 1 1 1 1 1 1 1 1 1 1 1 1 1 1 1 1 1 1 1 1 1 1 1 1 1 1 1 1 1 1 1 1 1 1 1 1 1 1 1 1 1 1 1 1 1 1 1 1 1 1 1 1 1 1 1 1 1 1 1 
4096 4096 4096 4096 4096 4096 4096 4096 4096 4096 4096 4096 4096 4096 4096 4096 4096 4096 4096 4096 4096 4096 4096 4096 4096 4096 4096 4096 4096 4096 4096 4096 4096 4096 4096 4096 4096 4096 4096 4096 4096 4096 4096 4096 4096 4096 4096 4096 4096 4096 4096 4096 4096 4096 4096 4096 4096 4096 4096 4096 4096 4096 4096 4096 4096 4096 4096 4096 4096 4096 4096 4096 4096 4096 4096 4096 4096 4096 4096 4096 4096 4096 4096 4096 4096 4096 4096 4096 4096 4096 4096 4096 4096 4096 4096 4096 4096 4096 4096 4096 4096 4096 4096 4096 4096 4096 4096 4096 4096 4096 4096 4096 4096 4096 4096 4096 4096 4096 4096 4096 4096 4096 4096 4096 4096 4096 4096 4096 
167 20 12 44
-17543 -13279 10471 15455 -7597 486 -21741 -32518 -8079 -12781 6915 16428 -11871 -15278 -10081 29459 3362 15692 24616 -10040 -24632 -7660 -5483 16253 -22690 2056 31681 18763 -15634 -16660 -17493 26677 -20058 12147 -22663 -23568 -5136 19190 -13271 -4184 -8964 -21436 20046 20585 -12336 25049 -12725 2112 -11794 7270 27080 29323 -10196 32725 -12062 -11225 22038 -12603 -6030 -9010 14381 30776 27880 -7167 30676 30082 18336 7223 -25733 9302 13804 -13716 18677 -4011 27287 18368 10769 3726 5022 -1897 31269 -18048 8874 -4466 -11060 3402 -21638 14925 -5109 25254 -30970 -28324 30038 -5650 26353 -17638 -7729 1959 -24755 -1088 2945 15700 -15017 -27726 32666 -3172 16974 -14741 26688 12320 -27955 -12415 -2354 -16574 24701 30118 -12244 16951 -9751 5508 20629 17922 -13702 -22344 -7718 18553 5039 6420 
0 0 0 0 0 0 0 0 0 0 0 0 0 0 0 0 0 0 0 0 0 0 0 0 0 0 0 0 0 0 0 0 0 0 0 0 0 0 0 0 0 0 0 0 0 0 0 0 0 0 0 0 0 0 0 0 0 0 0 0 0 0 0 0 0 0 0 0 0 0 0 0 0 0 0 0 0 0 0 0 0 0 0 0 0 0 0 0 0 0 0 0 0 0 0 0 0 0 0 0 0 0 0 0 0 0 0 0 0 0 0 0 0 0 0 0 0 0 0 0 0 0 0 0 0 0 0 0 
0 0 0 0 0 0 0 0 0 0 0 0 0 0 0 0 0 0 0 0 0 0 0 0 0 0 0 0 0 0 0 0 0 0 0 0 0 0 0 0 0 0 0 0 0 0 0 0 0 0 0 0 0 0 0 0 0 0 0 0 0 0 0 0 0 0 0 0 0 0 0 0 0 0 0 0 0 0 0 0 0 0 0 0 0 0 0 0 0 0 0 0 0 0 0 0 0 0 0 0 0 0 0 0 0 0 0 0 0 0 0 0 0 0 0 0 0 0 0 0 0 0 0 0 0 0 0 0 
168 10 12 12
21341 21341 21341 21341 21341 21341 21341 21341 21341 21341 21341 21341 21341 21341 21341 21341 21341 21341 21341 21341 21341 21341 21341 21341 21341 21341 21341 21341 21341 21341 21341 21341 21341 21341 21341 21341 21341 21341 21341 21341 21341 21341 21341 21341 21341 21341 21341 21341 21341 21341 21341 21341 21341 21341 21341 21341 21341 21341 21341 21341 21341 21341 21341 21341 21341 21341 21341 21341 21341 21341 21341 21341 21341 21341 21341 21341 21341 21341 21341 21341 21341 21341 21341 21341 21341 21341 21341 21341 21341 21341 21341 21341 21341 21341 21341 21341 21341 21341 21341 21341 21341 21341 21341 21341 21341 21341 21341 21341 21341 21341 21341 21341 21341 21341 21341 21341 21341 21341 21341 21341 21341 21341 21341 21341 21341 21341 21341 21341 
32691 32691 32691 32691 32691 32691 32691 32691 32691 32691 32691 32691 32691 32691 32691 32691 32691 32691 32691 32691 32691 32691 32691 32691 32691 32691 32691 32691 32691 32691 32691 32691 32691 32691 32691 32691 32691 32691 32691 32691 32691 32691 32691 32691 32691 32691 32691 32691 32691 32691 32691 32691 32691 32691 32691 32691 32691 32691 32691 32691 32691 32691 32691 32691 32691 32691 32691 32691 32691 32691 32691 32691 32691 32691 32691 32691 32691 32691 32691 32691 32691 32691 32691 32691 32691 32691 32691 32691 32691 32691 32691 32691 32691 32691 32691 32691 32691 32691 32691 32691 32691 32691 32691 32691 32691 32691 32691 32691 32691 32691 32691 32691 32691 32691 32691 32691 32691 32691 32691 32691 32691 32691 32691 32691 32691 32691 32691 32691 
32767 32767 32767 32767 32767 32767 32767 32767 32767 32767 32767 32767 32767 32767 32767 32767 32767 32767 32767 32767 32767 32767 32767 32767 32767 32767 32767 32767 32767 32767 32767 32767 32767 32767 32767 32767 32767 32767 32767 32767 32767 32767 32767 32767 32767 32767 32767 32767 32767 32767 32767 32767 32767 32767 32767 32767 32767 32767 32767 32767 32767 32767 32767 32767 32767 32767 32767 32767 32767 32767 32767 32767 32767 32767 32767 32767 32767 32767 32767 32767 32767 32767 32767 32767 32767 32767 32767 32767 32767 32767 32767 32767 32767 32767 32767 32767 32767 32767 32767 32767 32767 32767 32767 32767 32767 32767 32767 32767 32767 32767 32767 32767 32767 32767 32767 32767 32767 32767 32767 32767 32767 32767 32767 32767 32767 32767 32767 32767 
169 80 12 67
-7526 14535 12734 -32290 24512 -21452 2171 -14378 -23854 1542 18646 -11349 -7263 22786 -29027 -26641 32222 20713 19885 -268 611 -28617 8206 1617 8909 23834 -9651 -3385 26036 16725 12015 26373 2782 23776 18473 -28561 -5361 21521 15961 -16954 -7382 -2510 12958 25666 -21108 -11632 17291 -28228 19094 4433 -8552 -20779 18556 2417 6314 -24269 -9310 445 24281 8214 -18702 6902 -29387 -10082 -26832 -30100 -32688 -25923 21589 -6766 133 -15175 14373 10957 -19380 982 -7107 25883 30967 -14873 -31471 6280 29 -12476 -13336 12997 -1459 -23324 28932 24928 13944 -25557 -2897 -28132 -3424 7262 -19178 -3709 -28078 -10126 15530 26496 -4121 -12478 -2293 17585 27744 -31119 -416 25615 -28050 23844 20476 17838 7706 -17169 25492 28653 -4095 12921 27743 -15521 -30768 6367 29508 14223 16900 30751 
-30610 30285 -2995 -10954 19678 -32348 19308 -31730 26724 -26399 -20566 13588 907 -673 7760 99 -11957 -30600 9654 -10252 -7617 -8752 -12333 31386 -22897 8364 10837 -22403 -18853 -17760 -29490 2319 -7566 -31183 21225 -22573 -23500 -12602 12647 -21796 30227 -27688 30002 -19194 -31863 -9108 17835 27291 31894 14409 -18125 -16343 24496 19937 -5806 -21775 -17004 -30449 -11261 -12237 -31171 15836 577 28304 537 11238 -13660 -30656 3332 -8133 11193 -25757 13939 -15352 -18121 -7015 -32518 -27368 -12836 27 19916 -29847 -30984 11929 -8334 -30826 1969 8588 29347 -28512 10254 24352 30765 -1239 31500 -28220 23605 -12093 -15753 2675 30439 30388 21259 10922 -30785 5668 -4502 29551 -17554 8316 1325 18128 14022 -22653 16061 -26598 747 10668 12143 -4516 22703 1889 -2308 -12308 -4903 4841 -3544 -5402 
6866 13119 -1137 10541 14375 20681 1249 13596 -18998 -1213 -11428 -4596 -196 -457 -6713 -79 -11482 -18889 5721 82 -139 7464 -3016 1513 -6079 5941 -3117 2260 -14629 -8852 -10560 1823 -627 -22096 11685 19214 3755 -8083 6016 11013 -6650 2071 11586 -14682 20044 3157 9191 -22959 18149 1904 4620 10121 13547 1436 -1093 15749 4718 -404 -8149 -2996 17374 3257 -505 -8504 -429 -10081 13307 23684 2144 1640 44 11649 5971 -5013 10466 -205 6887 -21111 -11846 -12 -18679 -5586 -27 -4435 3312 -11940 -86 -5970 25304 -21182 4261 -18548 -2656 1039 -3214 -6107 -13491 1337 13182 -807 14088 23996 -2611 -4062 2104 2970 -3722 -27406 218 6348 -1108 12882 8557 -12043 3689 13610 568 9110 -1482 -1739 18771 -874 2116 -2335 -4312 2052 -1785 -4951 
170 -30 6 -12
31362 5153 8893 -9346 9814 -16724 -11169 -21643 7220 -14884 -6870 -31699 11872 31563 12207 19639 -8666 29330 10213 20774 31937 2709 25155 -3171 5151 -4708 -13417 -7400 7886 -2152 1246 -25948 -5772 3330 -16882 25990 18308 8792 26934 -10110 4464 -8751 10204 13339 23554 -32015 11650 -6469 1682 22040 -31308 -27455 31806 25572 -28725 29397 6965 -25270 7685 14103 5722 -18752 -21736 14956 -20530 15266 -8111 -3979 3869 1803 -22035 -24352 -11072 -28117 -29247 -23635 -17305 206 17477 11696 -14651 15602 21220 -2265 15778 696 -2172 -15454 -25979 -15628 22571 26691 -8415 24855 -26818 26117 16128 28915 -7995 -26735 7949 16759 20680 -21300 31339 -16199 -12184 24699 -7330 27599 30482 26430 3668 -14676 15600 -18421 12619 9845 -16633 -21692 -1449 -16135 27149 -8914 -25977 5515 -6906 -3623 
-30691 -6558 28957 -12391 2066 -18407 16418 -10567 4901 -16360 -14783 23743 3690 -1724 -12410 23550 15530 253 -18557 -31920 -20321 -28219 23928 -18597 -19301 10738 28551 10210 13689 5769 -32547 -29752 9996 -16774 -326 -8138 31029 -8243 -25358 29509 11153 25711 -475 -27861 19798 -31891 4031 -23344 25295 -11285 -15580 -26245 19943 25188 -1593 8509 -5307 -7078 15447 4734 10554 -15176 -16978 -15080 30355 -11583 25525 15811 18097 18446 -336 3811 21057 7285 -11447 3086 -20327 -7113 -4766 -21526 -31239 3311 -13098 7366 -3640 -7153 5113 21486 -29992 20287 12202 -7466 20176 1381 -1898 -18083 -32352 -925 -5773 3417 -22786 -14734 29681 17427 25066 28321 22060 -6134 17125 10176 -5416 -20746 842 -16704 -20625 -27106 20026 11996 10955 -32261 14246 29353 -30139 -23023 30422 -32479 24369 -21895 
0 0 0 0 0 0 0 0 0 0 0 0 0 0 0 0 0 0 0 0 0 0 0 0 0 0 0 0 0 0 0 0 0 0 0 0 0 0 0 0 0 0 0 0 0 0 0 0 0 0 0 0 0 0 0 0 0 0 0 0 0 0 0 0 0 0 0 0 0 0 0 0 0 0 0 0 0 0 0 0 0 0 0 0 0 0 0 0 0 0 0 0 0 0 0 0 0 0 0 0 0 0 0 0 0 0 0 0 0 0 0 0 0 0 0 0 0 0 0 0 0 0 0 0 0 0 0 0 
171 -12 0 0
0 0 0 0 0 0 0 0 0 0 0 0 0 0 0 0 0 0 0 0 0 0 0 0 0 0 0 0 0 0 0 0 0 0 0 0 0 0 0 0 0 0 0 0 0 0 0 0 0 0 0 0 0 0 0 0 0 0 0 0 0 0 0 0 0 0 0 0 0 0 0 0 0 0 0 0 0 0 0 0 0 0 0 0 0 0 0 0 0 0 0 0 0 0 0 0 0 0 0 0 0 0 0 0 0 0 0 0 0 0 0 0 0 0 0 0 0 0 0 0 0 0 0 0 0 0 0 0 
32767 32767 32767 32767 32767 32767 32767 32767 32767 32767 32767 32767 32767 32767 32767 32767 32767 32767 32767 32767 32767 32767 32767 32767 32767 32767 32767 32767 32767 32767 32767 32767 32767 32767 32767 32767 32767 32767 32767 32767 32767 32767 32767 32767 32767 32767 32767 32767 32767 32767 32767 32767 32767 32767 32767 32767 32767 32767 32767 32767 32767 32767 32767 32767 32767 32767 32767 32767 32767 32767 32767 32767 32767 32767 32767 32767 32767 32767 32767 32767 32767 32767 32767 32767 32767 32767 32767 32767 32767 32767 32767 32767 32767 32767 32767 32767 32767 32767 32767 32767 32767 32767 32767 32767 32767 32767 32767 32767 32767 32767 32767 32767 32767 32767 32767 32767 32767 32767 32767 32767 32767 32767 32767 32767 32767 32767 32767 32767 
0 0 0 0 0 0 0 0 0 0 0 0 0 0 0 0 0 0 0 0 0 0 0 0 0 0 0 0 0 0 0 0 0 0 0 0 0 0 0 0 0 0 0 0 0 0 0 0 0 0 0 0 0 0 0 0 0 0 0 0 0 0 0 0 0 0 0 0 0 0 0 0 0 0 0 0 0 0 0 0 0 0 0 0 0 0 0 0 0 0 0 0 0 0 0 0 0 0 0 0 0 0 0 0 0 0 0 0 0 0 0 0 0 0 0 0 0 0 0 0 0 0 0 0 0 0 0 0 
172 6 3 21
0 0 0 0 0 0 0 0 0 0 0 0 0 0 0 0 0 0 0 0 0 0 0 0 0 0 0 0 0 0 0 0 0 0 0 0 0 0 0 0 0 0 0 0 0 0 0 0 0 0 0 0 0 0 0 0 0 0 0 0 0 0 0 0 0 0 0 0 0 0 0 0 0 0 0 0 0 0 0 0 0 0 0 0 0 0 0 0 0 0 0 0 0 0 0 0 0 0 0 0 0 0 0 0 0 0 0 0 0 0 0 0 0 0 0 0 0 0 0 0 0 0 0 0 0 0 0 0 
-9999 -9999 -9999 -9999 -9999 -9999 -9999 -9999 -9999 -9999 -9999 -9999 -9999 -9999 -9999 -9999 -9999 -9999 -9999 -9999 -9999 -9999 -9999 -9999 -9999 -9999 -9999 -9999 -9999 -9999 -9999 -9999 -9999 -9999 -9999 -9999 -9999 -9999 -9999 -9999 -9999 -9999 -9999 -9999 -9999 -9999 -9999 -9999 -9999 -9999 -9999 -9999 -9999 -9999 -9999 -9999 -9999 -9999 -9999 -9999 -9999 -9999 -9999 -9999 -9999 -9999 -9999 -9999 -9999 -9999 -9999 -9999 -9999 -9999 -9999 -9999 -9999 -9999 -9999 -9999 -9999 -9999 -9999 -9999 -9999 -9999 -9999 -9999 -9999 -9999 -9999 -9999 -9999 -9999 -9999 -9999 -9999 -9999 -9999 -9999 -9999 -9999 -9999 -9999 -9999 -9999 -9999 -9999 -9999 -9999 -9999 -9999 -9999 -9999 -9999 -9999 -9999 -9999 -9999 -9999 -9999 -9999 -9999 -9999 -9999 -9999 -9999 -9999 
0 0 0 0 0 0 0 0 0 0 0 0 0 0 0 0 0 0 0 0 0 0 0 0 0 0 0 0 0 0 0 0 0 0 0 0 0 0 0 0 0 0 0 0 0 0 0 0 0 0 0 0 0 0 0 0 0 0 0 0 0 0 0 0 0 0 0 0 0 0 0 0 0 0 0 0 0 0 0 0 0 0 0 0 0 0 0 0 0 0 0 0 0 0 0 0 0 0 0 0 0 0 0 0 0 0 0 0 0 0 0 0 0 0 0 0 0 0 0 0 0 0 0 0 0 0 0 0 
173 26 3 4
-26590 -24812 -2885 23173 -14288 24270 -13917 -278 13686 15632 -4613 3717 8356 1872 9860 -26672 15850 18073 12368 12939 -3071 -28034 24729 26136 -18582 21425 19750 -23238 21209 21033 -20876 -12849 255 6882 -12196 -27074 -70 -1600 17877 -19586 -11042 5741 -7811 -25925 -23999 1748 24868 303 -24671 -7103 -13397 -23831 4127 28059 15926 13633 11247 -26771 -27430 3277 12727 14559 -11998 5043 -27109 -10830 11452 17847 -12131 15642 14563 -7830 19435 -6094 -18734 -9603 11205 24245 11763 -2590 -999 26938 -978 1282 22296 -27368 -24580 14012 28572 -215 18996 -10066 6150 -21098 -12671 10539 24299 24571 8308 -22221 15217 10524 -19420 -13210 -14326 -21644 3231 -19639 -27101 12198 -23699 -7576 -22874 783 -4350 12820 1250 -28120 25843 -9202 -846 -2631 8995 12308 26362 -4856 -24126 10280 
-891 -13870 8442 -7383 31788 -29464 6427 -17973 28583 -28100 -28996 1337 -20806 27000 -12818 -30180 26820 -16264 -14038 -20771 -9575 16877 -26177 -5434 26414 -22976 -20750 10306 12096 -22127 -16332 -20769 -24266 -29560 -17021 -32408 -32564 11526 -5755 -8592 -1058 -25517 4561 7893 -30476 31339 19462 -23080 -16605 1659 -848 -23024 -15121 -25020 -7003 -4742 -204 -29976 -30023 10385 -15481 29317 -32132 31982 24993 7710 8392 -4669 15742 13482 10602 -6819 19430 -31252 12531 -22561 12483 13057 1642 23499 -32491 -15264 -10947 8461 3434 5734 5879 -29291 11493 -3280 -4015 31046 -709 -5815 24369 -9383 -15290 6514 -14727 13770 -26000 11535 -26009 -20268 20834 4122 7433 -12504 -13042 865 -8925 21758 -2203 12174 21031 -14534 25861 -11558 9068 26843 -27954 -26361 -23250 -25784 -4511 11066 -4181 -3541 
685 9946 -704 -4944 -13126 -20666 -2585 144 11305 -12695 3866 144 -5024 1461 -3653 23263 12285 -8495 -5018 -7767 850 -13674 -18708 -4104 -14185 -14226 -11844 -6921 7414 -13450 9853 7712 -179 -5879 5999 25357 66 -533 -2973 4863 338 -4234 -1030 -5914 21137 1583 13987 -202 11839 -341 328 15857 -1803 -20289 -3223 -1868 -66 23192 23800 984 -5694 12335 11142 4661 -19581 -2413 2777 -2408 -5519 6095 4462 1543 10913 5504 -6784 6261 4042 9149 558 -1759 938 -11883 309 313 2213 -4535 -4176 -11861 9490 20 -2204 -9032 -126 3546 -8924 -2858 -10737 4626 -3536 -8843 -11434 3508 14597 7738 -8626 -2578 694 7097 10215 305 6113 -4764 1456 275 -2644 -5385 934 9393 6773 -7139 683 2004 -6044 -9171 -3437 -1553 2915 -1052 
174 22 -2 -3
-9811 -3903 4473 3828 -23237 9218 13238 -1337 -10677 11266 -18141 -1647 -24148 23413 -10125 2090 -17083 -13913 3062 -9581 6059 -21407 11237 11476 6361 3160 19279 -8213 9670 -6080 1669 -19449 -18005 -15671 -14134 -16869 11765 21736 -16497 10578 10571 23738 -3590 5424 943 -4099 11179 13259 -10293 -16612 8927 -21936 6834 23701 -9963 -24221 -15018 -12329 -12742 18845 -3117 -8573 -9012 8160 22854 -4167 -16414 16899 23081 -7145 -15505 -11037 -24924 19950 18792 12267 11511 -12839 -8874 -10001 -11742 -9848 6648 -8229 6083 18027 -16885 14142 -1661 -13140 -23717 1207 -20404 -8262 -6838 9241 9067 19247 8944 22909 -24381 23100 -12174 -9008 -6266 -17870 15302 11623 21088 19079 -23969 -14078 3405 -18667 5373 -1288 -21185 -5070 -23487 22836 -2345 9213 6555 9377 -12301 -9866 -13572 -11148 
-30250 -27265 -22602 25889 5955 -19124 377 20614 20984 18135 -28344 25464 6161 -7079 -11411 1194 -30555 9836 26849 184 -25721 -3479 -1466 31620 -6188 17673 -21820 -32713 -26187 -31417 -205 22238 26240 2863 15963 -11332 -25819 9484 14246 9960 -32000 -19589 -20654 -7912 -17184 14655 -592 -13203 -4591 20523 -10735 -5283 110 -12641 -13466 20655 -16514 -1987 19012 -2064 -19334 6780 -28069 -29726 -4718 -3695 -21652 -30704 -13446 17077 4485 4143 -14472 -21003 27172 -19036 19759 8311 11404 -18951 -3700 32080 5262 -17040 -30965 -23436 22074 12948 -10038 -24395 -3382 3716 -812 32562 -24235 -1248 -7975 17780 5587 -10425 14541 24461 -30294 28760 -1985 -31582 7843 17053 15958 -2793 -8717 6055 3106 6920 18070 -12361 1454 22191 -9055 -32701 -23631 12126 22652 19227 -27460 -10512 -15034 13949 
10064 3608 -3428 3361 -4692 -5978 169 -935 -7597 6928 17436 -1422 -5045 -5620 3918 85 17700 -4640 2788 -60 -5285 2525 -559 12305 -1335 1894 -14265 9110 -8587 6477 -12 -14666 -16020 -1521 -7651 6482 -10300 6990 -7969 3573 -11471 -15768 2514 -1455 -549 -2037 -224 -5936 1602 -11561 -3250 3930 25 -10159 4549 -16964 8410 831 -8215 -1319 2044 -1971 8578 -8225 -3656 522 12051 -17594 -10524 -4137 -2358 -1551 12231 -14208 17315 -7918 7713 -3618 -3432 6427 1473 -10713 1186 4755 -6387 -14326 -12639 6209 565 10870 2720 152 562 -9123 5619 -391 -2452 11604 1694 -8098 -12022 19160 12506 -8785 422 19137 4070 6721 11411 -1807 7085 -2891 359 -4380 3292 540 -1045 -3815 7212 -25322 1879 3788 5035 6114 11454 3517 6919 -5273 
175 23 -4 -3
-4076 3932 3556 1896 2864 -3700 3386 -1655 218 -2674 -1126 3783 -2421 -512 4538 -835 -1332 4076 -380 -3611 1636 1071 3433 -1628 -1551 -1896 1697 -4409 -1125 -2718 3884 -2213 -2510 3066 -3241 -4050 343 991 -4357 2363 -2839 -1816 -1697 -3696 2962 3346 1584 495 326 2624 -357 2296 1047 1321 -1587 4258 2401 -2633 1468 -2060 -1310 -1120 -1383 -4081 -2563 4547 3777 -171 -2147 3596 -3612 1943 -2406 2267 2860 -1318 1537 3720 2466 2695 3916 3133 -288 -884 -2741 -1229 -3525 -4399 2499 3435 965 1578 -1313 3252 1858 -1411 804 2602 -2177 326 -4157 1664 -1950 -431 2496 3266 2394 1138 -4537 944 1884 847 -3934 -4259 3888 -3955 -3191 -1603 3761 2350 1363 4131 193 1021 -2717 78 -4073 1004 
-17348 -28250 1486 -22270 -27699 26942 30819 24460 2947 -5708 14891 -26380 26082 -20126 -31102 7625 24327 30980 16164 30387 -27298 -28465 -27513 2263 -8886 -13348 28112 -31903 -19702 6626 25989 21273 30751 27281 -32471 21205 -4825 -14648 -23290 28752 25504 -16371 -4193 6500 -4974 -8507 4661 3687 9503 10219 15160 -17086 -18227 -18561 -2499 -5040 26615 19682 390 -7140 -15572 -20355 27935 11212 25845 -23603 21663 -22497 25355 -12899 -31051 2226 1264 -7555 -29199 -26417 2087 30490 5134 15369 5137 15333 -12888 -21585 -6521 6543 7135 10189 31627 -26200 31314 21119 20759 24217 18524 -4568 -14513 20386 -29926 13584 13571 -7816 7288 -3122 19112 9617 -19190 4727 7296 -9560 -10098 -11878 25338 12955 11446 21507 -21059 -5873 1595 32683 10630 -32703 -15801 29524 -11456 -20520 -18764 -30201 
16077 -25256 1201 -9600 -18037 -22665 23727 -9204 146 3470 -3812 -22690 -14357 2343 -32091 -1448 -7368 28711 -1397 -24948 -10154 -6932 -21475 -838 3134 5754 10847 31982 5040 -4095 22951 -10704 -17549 19018 23928 -19526 -376 -3301 23072 15448 -16463 6760 1618 -5462 -3350 -6472 1679 415 704 6097 -1231 -8920 -4339 -5575 902 -4879 14529 -11783 130 3344 4638 5183 -8784 -10403 -15061 -24402 18603 875 -12377 -10546 25501 983 -691 -3894 -18987 7916 729 25789 2879 9417 4574 10922 844 4338 4064 -1828 -5718 -10191 17970 -20462 6871 7577 -6197 17906 7825 1465 -2653 12061 14813 1007 -12827 -2957 -3231 306 10846 7141 -10445 1223 -7526 -2052 -4326 -2287 -22664 -12545 10118 -19340 15279 2141 1364 17463 3294 -30716 -693 6854 7077 -364 17377 -6894 
176 19 -3 -4
4023 -2886 -2186 5617 -916 4198 894 -1401 5505 5527 5712 1929 5430 -3663 1490 -6339 -823 3907 -2692 -5384 -4237 6153 159 -1747 5236 3496 -5736 -6551 -1029 6676 6442 2994 -5000 -6310 -2421 -2953 6493 3334 -1551 1993 -117 3089 -174 1057 -6273 -5101 4726 4206 5937 -2980 107 -4505 -1711 2045 1076 -5948 3131 937 -6471 -6908 3547 3735 2319 -2472 1197 -2133 2666 320 5885 -4960 3112 5223 71 594 2997 2674 4139 -5142 -5722 -1613 4944 -4252 -375 -1639 1116 -3087 4010 4959 4238 -4718 6199 -539 3779 4698 -3178 -1840 -294 -1207 -2403 -797 -6030 -3705 -4911 4468 3019 6407 -5196 -1844 6119 -5056 -4503 -1499 613 6732 1612 4741 3609 -3241 -4530 4467 -2735 782 4092 5116 -1496 -3491 -5829 -2721 
21316 -10381 28851 -19043 13407 -21726 -26247 -14957 11985 4833 -12817 30116 -31282 -20963 -13189 -26991 -22698 25021 -22905 6904 12555 -7600 -25904 5263 30562 25255 24648 -17833 29127 6880 1728 18599 -4232 4610 -19352 -24586 22272 -31495 2256 16336 -8596 16286 -5636 4272 4979 1337 -15765 26585 -30599 1329 15816 -24730 -32576 -8821 -677 1271 11170 -20127 -30225 -24771 -13597 -31390 21001 24116 -4628 -26923 14267 -31031 -11444 22485 -19943 -9044 -12165 -9289 -6079 5725 5710 5626 -8866 -22736 -32618 16147 -4363 -12704 -15289 -24902 -4902 -22546 -27652 -2879 -10062 3757 25007 -16300 8780 10278 28563 23423 -28680 27064 -30593 -26438 9055 15124 -5431 -22659 -2839 10872 15416 -5511 -8635 -4561 15181 -17567 10629 -23385 22737 -10327 19209 -21761 -17803 -935 11271 -22951 -23497 -23953 2901 -18671 
10677 3730 -7853 -13318 -1529 -11356 -2922 2609 8215 3326 -9116 7233 -21150 9561 -2447 21304 2326 12172 7677 -4628 -6624 -5823 -513 -1145 19925 10993 -17604 14546 -3732 5719 1386 6934 2635 -3622 5834 9040 18006 -13074 -436 4054 125 6264 122 562 -3889 -849 -9277 13923 -22620 -493 211 13872 6940 -2246 -91 -941 4355 -2348 24353 21306 -6005 -14598 6064 -7423 -690 7150 4736 -1236 -8386 -13886 -7728 -5882 -108 -687 -2268 1906 2943 -3602 6317 4566 -20079 -8549 204 2593 -2124 9572 -2448 -13921 -14592 1691 -7766 -252 11767 -9535 -3474 -2355 -1046 -3520 8581 -2686 22970 12196 -5537 8414 -2042 -18076 1837 -2496 11745 3469 4841 851 1159 -14725 2133 -13804 10217 4167 -10835 -12103 6063 -91 5743 -14620 4377 10412 -2105 6326 
177 21 -3 -4
-13697 1905 -14792 17004 2067 1659 19278 -17470 -15159 10492 9732 -20701 -1208 5031 18409 -4865 19975 -22056 1291 -5626 19643 19947 22982 -16093 9014 6330 5810 -20279 -14796 1567 -22746 10500 18912 -1381 -19153 8822 8083 -2617 9559 -2319 12775 -3342 -8722 2398 -21801 11804 -6605 19001 4071 69 -3775 -17937 -10449 6355 3271 -8973 15365 -15476 3173 11494 16318 9189 -18788 13863 380 23049 6771 -21830 -16368 5422 -10724 -18776 4846 -626 -14526 -11806 -10600 20327 -19066 -5226 6963 -3450 -1288 -2819 16418 -2000 -23017 -11258 4646 -1498 8728 -16482 15259 8598 9447 11038 1667 4748 19881 -17896 3190 -8812 -20611 -13563 -6159 14763 -20068 22646 7653 2630 937 -22340 -893 -6916 12803 2549 -1863 15332 -10953 10499 -3091 -18912 20773 -10309 19137 19252 4984 18390 
-3374 23582 32371 13330 -30411 -28924 -10232 -21910 -6135 13614 -10893 8916 -12283 6198 -24088 -12934 -19739 -5527 -5971 8440 -15563 -16983 15999 -22891 -17206 1458 21585 7547 -32479 1811 11044 -10865 7615 31862 -21870 32188 -12229 -15847 -20829 -15127 -998 10509 -180 19880 2198 -13609 -9415 5569 16207 -19947 -7781 -19120 25720 32343 7908 -8734 3273 -6793 7150 8686 -3205 -16939 29914 30149 -15913 5343 -16011 7470 -22521 26744 -6771 -22763 -29866 -21712 -10246 -28911 -8539 18268 5698 -14196 -7481 15593 32292 3592 27824 13740 -14806 -11677 32446 8698 14665 -24488 -31744 7583 1414 -13955 28922 -349 -30799 -29165 12760 -26753 29761 -18288 30230 -19801 -8305 7595 -20676 17143 17062 20117 29254 20874 19195 -2901 24777 16686 -5907 -29901 -108 -21819 -21122 24417 14342 -399 -8068 3618 
1750 1701 -18129 8581 -2380 -1817 -7468 14492 3521 5408 -4014 -6988 562 1181 -16788 2382 -14928 4615 -292 -1798 -11574 -12825 13921 13947 -5872 349 4748 -5794 18194 107 -9511 -4319 5452 -1666 15859 10751 -3742 1570 -7538 1328 -483 -1330 59 1805 -1814 -6082 2354 4006 2498 -52 1112 12984 -10175 7782 979 2967 1904 3980 859 3780 -1980 -5893 -21278 15824 -229 4662 -4104 -6174 13956 5490 2749 16181 -5479 515 5635 12922 3427 14059 -4113 2809 -1972 -2037 -1575 -383 17295 -1040 12902 4977 5707 -493 4846 15281 -18339 2468 506 -5832 1825 -63 -23182 19760 1541 8925 -23223 9391 -7049 -11067 6310 6512 -5991 1707 605 -17015 -989 -5466 9304 -280 -1748 9686 2450 -11885 13 15623 -16612 -9530 10391 -291 -1522 2519 
178 22 0 -1
11617 -4820 2489 12702 -1027 -16086 -8985 7635 -5338 -2569 -6981 7145 17578 16598 8978 11280 -13733 -3769 5549 -8770 13758 -14359 -19561 -1163 4690 7129 9019 4758 15262 13806 -14802 -11975 21415 -15983 -7803 12175 10001 -18068 -4254 -10696 -451 -16408 -6562 -7895 20833 -6015 12611 18133 3278 13839 10380 8755 -9861 1024 8210 -17285 -12360 5595 8417 9746 2019 14597 9107 -2551 -382 11301 19467 929 -9819 1889 -14102 20301 3894 16950 -9462 17315 12842 -17285 9899 -16278 17498 575 17734 -10878 -19821 9974 2109 -1616 3493 1839 -1502 469 17073 8111 478 -14547 14876 -7473 -10574 -10313 -20883 19031 19171 -10336 749 539 -1864 -19067 -18948 -12071 3961 487 -19791 -10885 -3327 13514 -3561 -4146 20304 11554 -21088 13861 6424 -3494 -16575 3960 -5896 -20671 
5569 -2317 -25332 -6095 -25198 11012 -17374 -27145 -18129 -628 -3441 -9319 -29544 30663 -6058 -8138 -12778 31958 -7186 22278 7524 -19821 -7429 -9671 28476 12378 6811 -24450 21574 -27611 -8094 -29254 22780 -28233 -25037 22543 -17676 -4942 127 -19014 13444 16159 -6684 23175 15990 29137 20578 -16829 26143 23677 7885 24981 -17205 -1658 -8007 -24783 8800 -10900 28575 21009 9744 -21599 -17638 -6260 -4101 -20232 32545 -10929 -5073 24356 31852 25035 -21147 9068 9336 24865 -26623 -12290 9749 2859 4154 -25180 24608 7606 14936 -21035 -5589 26465 13795 -20023 10885 24884 28941 12220 -10138 -5588 4173 -23903 2170 1100 9708 23775 -7578 27751 -24018 -14586 -27757 3922 3564 -27964 -25395 14142 -10102 -1036 6638 25113 10820 26113 22248 -24688 11345 9260 -13990 -22958 3695 -9932 25402 15769 
2574 444 -2508 -3080 1029 -7047 6210 -8245 3850 64 956 -2649 -20659 20246 -2164 -3652 6981 -4792 -1586 -7772 4118 11322 5781 447 5313 3510 2444 -4628 13098 -15164 4766 13936 19407 17951 7772 10918 -7032 3552 -21 8090 -241 -10547 1745 -7279 13252 -6972 10324 -12140 3409 13035 3256 8700 6749 -68 -2615 17041 -4327 -2426 9568 8145 783 -12542 -6390 635 62 -9096 25203 -404 1982 1830 -17869 20218 -3276 6114 -3514 17127 -13601 8451 3839 -1851 2892 -576 17360 -3291 -11777 -8346 -469 -1701 1917 -1465 -650 464 19656 3943 -193 3234 2470 7106 -913 -451 -8065 17999 -5779 -11411 -716 -313 2058 -2975 -2686 13428 -4002 274 7953 449 -879 13501 -1533 -4307 17970 -11347 -9517 5106 -3575 3191 -2436 -1565 -5958 -12967 
179 26 11 13
-10222 -2749 -4755 10671 -7694 -11947 6613 5083 -7553 -3958 -6903 5313 -636 502 4686 -10290 -11208 7808 1665 11822 -9245 11493 -8690 6759 11624 -2846 6273 11123 -10311 -279 3054 -6110 -2330 11803 -2739 -11643 9584 -5196 11191 9191 -526 -4089 4775 -6216 -11159 -4222 -9116 955 -8286 -4780 -9959 -6903 9621 -6999 6484 11815 -9428 -8783 -7125 11392 8514 6297 -8825 -2945 4305 -9936 8600 -8978 -10772 -5703 -4709 -372 -10759 1234 5658 6405 -3323 2025 -9387 4102 3992 -1204 7495 5266 5164 3889 -7893 -1624 -7046 7681 -8692 -6645 -9283 -1680 9357 -8664 -4370 7837 -6689 -4050 9407 8425 9949 8080 -1436 -1646 2527 10841 1104 -9444 -9245 5194 -4340 2722 -9997 -10909 -3168 -6375 -1906 -2597 -9848 679 11758 -5479 7106 8751 -8571 -6943 
883 -32134 26602 9575 6366 -17680 -26553 31391 11395 15825 -17554 10165 -15054 -15471 -3191 -2632 13343 -26932 -12981 3674 -21357 15109 23789 8377 -17399 -18010 -20407 8241 -29946 23346 -31713 31935 11 -8751 -2369 28866 15484 16695 20053 -15251 -15883 -24390 -17655 15351 31303 -21220 23007 28414 -32156 22394 11856 -27595 21688 23656 -23236 -9044 7702 26452 -5491 -25734 32099 16042 -19520 8777 -1494 6693 -21860 -7537 25917 21907 -11900 -7152 27159 -25089 15466 -17063 18974 11255 724 -14297 -6454 -27029 -28733 -9171 1593 18960 -70 -22526 -22507 -28024 -29929 19212 -1792 -3632 7682 1147 -6927 9987 9261 7320 -24936 17604 -2867 20942 -611 8895 -26067 -26318 -32226 8135 12077 -1954 -5433 -25544 -17965 17211 29264 -5919 17364 10669 32547 -14458 -19293 29651 -11778 18699 32426 -19664 
-535 5234 -7494 6053 -2902 12514 -10403 9453 -5099 -3711 7179 3200 567 -460 -886 1605 -8860 -12458 -1280 2573 11698 10288 -12248 3354 -11982 3037 -7584 5431 18293 -386 -5738 -11560 -2 -6119 384 -19912 8792 -5139 13295 -8305 495 5909 -4995 -5653 -20695 5308 -12426 1608 15786 -6342 -6995 11286 12362 -9809 -8926 -6331 -4302 -13764 2318 -17369 16191 5985 10206 -1531 -381 -3940 -11138 4009 -16540 -7402 3320 158 -17312 -1834 5184 -6475 -3735 1350 -403 -3475 -1526 1928 -12759 -2861 487 4368 33 2167 9395 -12753 15412 -7563 986 362 4259 -589 1793 4637 -3670 -1756 -13897 8787 -1690 10025 52 -867 -3903 -16904 -2108 -4552 -6615 -601 1397 -4119 10640 -11124 -5493 2236 -1961 -1642 -18990 -582 -13440 -9625 -4959 9695 -16466 8089 
180 38 0 14
-9581 5013 6744 70 8197 -7107 -9923 -7180 -5136 3325 3709 -2726 7632 -7037 -8171 4140 -42 5495 5398 -961 -2812 -1772 -4810 5673 2238 -7271 9508 -5390 8331 3670 -2176 -2205 7267 2897 -2102 -7866 5996 -9384 7415 587 -2138 5128 -9788 6674 6414 3356 7674 5009 -3216 -3916 4750 7207 -743 -5833 -7025 -4190 4838 -9770 -9141 4240 -2866 9391 -8282 5659 -5155 -1371 -7086 -8928 254 5409 8890 -3234 -1794 -7096 4794 -8872 8518 -5490 7896 -8676 622 6393 66 7570 2536 7654 9468 -2208 -1738 -5509 -6385 4773 9525 -6470 6005 8050 -9249 3384 -6763 5056 1606 5351 -6956 -2446 8673 2469 7417 8261 4629 5418 -184 -9207 -800 4001 4384 6106 -4917 -6990 -2840 228 -3343 -769 -5712 -7075 9535 4748 -87 -6560 
-31271 23950 21207 -31314 -13907 7637 -31752 9144 27087 19344 -22395 16707 15821 22936 -14242 999 -16327 -16929 -11736 -4552 -13373 -15397 -7284 -11570 4774 -17987 -13518 -7113 10243 -3381 22677 -27951 -24534 -8804 -29293 -29446 30476 18574 -17641 5019 -29225 -25449 27303 2083 -30640 14547 8576 32046 -11622 5258 21785 3718 31858 30013 28517 28473 -32588 32185 20326 -30620 23254 -7386 6188 2986 -18019 -1551 -3306 -32118 -16672 17018 6867 -17078 -3135 28825 29620 15308 10565 -25809 -22589 -24016 -25834 -26208 31797 -31391 12202 21021 -22512 21368 31731 3707 -14249 -25268 21835 -9627 20620 16657 415 -23159 10202 28485 18356 -18440 21517 28010 -24574 23099 -15279 -370 23703 -23020 7427 3737 11172 32706 -26652 -24145 13307 -3612 -2077 -2465 -1658 -22498 32300 -24195 5435 24842 15157 449 
17858 7156 8525 -131 -6795 -3235 18780 -3913 -8292 3834 -4951 -2715 7197 -9620 6936 247 41 -5545 -3776 261 2241 1626 2088 -3912 637 7795 -7661 2285 5086 -740 -2941 3674 -10627 -1520 3670 13806 10892 -10389 -7797 176 3724 -7779 -15929 829 -11714 2910 3923 9568 2228 -1227 6168 1597 -1411 -10435 -11941 -7111 -9397 -18743 -11075 -7738 -3972 -4134 -3055 1007 5537 127 1396 17092 -252 5487 3639 3292 335 -12192 8464 -8095 5364 8445 -10631 12419 -958 -9987 125 -14164 1844 9590 -12704 -2812 -3287 -1217 5423 -7189 12396 3713 7380 7992 -229 -4671 -4112 8584 1757 -5881 -8921 -4084 -12704 3399 -6755 -182 6540 -7434 -81 -2051 -533 7800 -6964 -8787 -3900 1505 352 -33 330 1031 -10997 10203 3089 7030 -79 -176 
181 33 0 9
-3425 -13163 -11930 -1713 6573 -5870 -7469 -10041 -5407 -3008 10922 -4293 5670 651 7663 -10586 13092 -7456 1648 -2487 2682 -12010 -5570 8975 3490 -7584 11083 12278 5950 1876 3387 -13255 13842 14084 -2213 13061 14200 6915 3964 -8047 -7065 -8780 -5784 -336 -7238 -14808 -3268 -8715 1441 14061 3227 -952 -10528 6969 2123 3564 3227 12779 11332 -9637 14093 14827 10598 -5004 -6459 -3833 -6802 -1558 -5913 -7065 6909 -6490 -2180 -9091 13225 5261 4792 13240 -13751 -663 1404 12994 -1780 11088 10431 -1647 -5245 8665 -1759 4621 9707 12124 -772 543 -7257 8657 -2378 -918 9840 -13494 11757 -2724 -6216 11271 5391 -1230 14344 -6543 12363 -6328 8405 -12440 -9116 -14344 8395 -3279 13604 -1461 -12496 5427 2985 1860 -4701 -1341 4890 -3800 -9020 13250 
32439 -23402 1888 -2917 -2308 21631 32442 -7742 -31628 -29805 -29919 -30866 522 28150 15980 23609 -27348 23222 22823 -21460 30323 7816 -27645 -25849 18930 -17555 25782 16520 24499 -4235 4916 -653 -6783 15155 11096 -4377 4186 -8075 -12530 -22387 23550 14657 -27131 19462 -13954 29715 -10402 -22177 14295 -6677 -3068 20783 -26184 13070 26111 -164 -16693 21788 -17178 -28082 10519 27075 32297 21142 3330 8492 -14239 23064 -19564 -3085 -17792 -3496 4662 -5114 -22690 -19461 -1715 10336 14318 13718 -10285 -17263 16359 4408 6778 -4498 -15735 10091 2475 3458 21543 23604 21341 32418 -7536 -26770 -5135 23026 -17793 8218 6461 16796 12251 17142 25283 -981 6685 -26234 14157 27947 -4982 -22887 15039 28124 5180 1053 -24548 24701 29942 -22229 -3003 23832 21509 1330 11078 2266 -10330 31360 
-6622 18361 -1343 298 -904 -7568 -14443 4634 10193 5344 -19477 7898 176 1092 7299 -14897 -21341 -10320 2242 3181 4847 -5595 9178 -13828 3938 7936 17032 12090 8689 -474 992 516 -5596 12722 -1464 -3407 3543 -3328 -2960 10738 -9917 -7670 9353 -390 6020 -26227 2026 11520 1228 -5596 -590 -1179 16431 5429 3304 -35 -3211 16596 -11603 16131 8836 23928 20402 -6306 -1282 -1940 5773 -2142 6895 1299 -7327 1352 -606 2771 -17886 -6103 -490 8157 -11735 -542 -861 -13370 -1736 2913 4214 442 4919 5212 -259 952 12464 17057 -982 1049 3260 -13813 728 -1260 -10436 -6610 4528 -2727 -4539 11516 8124 72 5715 10231 10432 -10541 -2496 16970 -8172 -24045 2592 -206 -19905 -2151 -22301 -7191 -534 2642 -6027 -106 3229 -513 5554 24767 
182 31 18 26
-7422 -6430 4962 6820 -3058 2354 4002 882 5940 2351 6655 -3481 1941 -5372 -4213 -6954 2561 -6952 2801 911 -7808 -4057 -3236 -6022 -5993 -445 -5211 1130 5574 -5164 -7051 -5277 4478 -3107 -5409 1370 -2297 3513 2306 3380 388 -4468 -2554 -4593 3210 -5249 -6120 7116 -793 3045 5909 -1194 3080 6047 3790 -2651 -4348 2052 -5116 5606 5010 -5814 -8010 4368 918 -6987 2725 -6080 -4944 -7743 -4894 -5879 3590 -7007 -5695 -4230 7344 -7951 -4717 1642 -7941 2913 -6775 329 1483 7988 -1307 -5549 -3103 4483 -1816 -7466 3665 -3614 2682 1291 -2673 -6091 -7302 -4404 1503 -4557 2874 5022 -7852 1119 -1868 -1227 -4536 -2160 5873 -3754 -1600 -2316 -1339 -1443 6629 -1451 -1157 -3979 411 -4229 1065 614 6039 6878 5845 -1344 
-3862 -30872 -147 9444 17339 -21895 -28427 -24719 29297 23445 24457 -7427 9079 -4939 -27233 -23010 6118 26476 31628 24232 29736 -26298 7897 22232 20105 -12255 -25896 23447 -26326 -28027 -1053 -18386 9248 4310 9595 32333 -4224 18578 -4960 22797 -27236 -28243 -3452 20586 22410 19497 -23081 -15583 27567 -4258 -17010 14501 -7267 23586 8212 -30893 13547 -32410 5802 -27465 15219 -17452 -69 -23395 28485 -16045 1518 -7055 24538 -4033 20590 31328 29799 31009 -17618 -24177 -28081 -24608 -17588 -16732 11971 17449 -30075 30062 29466 -5659 -31456 24451 -26300 10943 26500 -20809 27854 24164 -13361 18941 16777 11318 -10320 24261 23539 14004 30971 12568 6700 -15925 -672 -23125 -18194 5786 31350 13330 12225 15606 -27719 9080 26389 7549 -19124 30650 -1806 7584 -5366 9014 -1998 -17469 -6288 -21970 
3417 23664 -87 7678 -6321 -6144 -13562 -2599 20745 6571 19403 3082 2101 3163 13677 19075 1868 -21942 10561 2632 -27678 12719 -3046 -15960 -14363 650 16087 3158 -17493 17253 885 11566 4937 -1596 -6187 5281 1157 7780 -1363 9186 -1260 15043 1051 -11271 8575 -12200 16839 -13219 -2606 -1546 -11982 -2064 -2668 17002 3710 9763 -7022 -7928 -3538 -18354 9089 12096 66 -12182 3117 13364 493 5113 -14462 3723 -12012 -21956 12753 -25902 11961 12191 -24584 23324 9890 -3275 -11332 6059 24290 1179 5209 -5389 4901 -16174 9729 5848 -5737 18520 12169 -10410 -4272 2915 -5346 -8218 8983 -12737 4218 -7607 10611 7524 -6271 -2124 150 3382 9838 -1490 21949 -5965 -2332 -4309 4425 -1562 20854 -1306 2638 -14538 -88 -3823 -681 660 -1438 -14323 -4381 3520 
183 39 1 16
-7893 659 3131 -1782 -2690 -7237 -2000 -8181 8238 -5206 -2181 7501 -2925 1158 -7685 -553 10219 5372 8546 -3083 9482 -627 -394 -293 1426 -1959 3499 -9241 -4393 -8138 7291 6529 1045 5328 -5216 1171 3440 -4669 -9690 582 6235 257 -1552 6951 -6717 -4653 -6937 6806 -917 8216 10157 7461 124 4386 -8782 8048 -4238 -1490 7131 -2491 7784 -8392 -4481 1096 9458 -2959 -10024 9667 -1916 7373 1785 4836 -4455 4717 -9116 -3048 8307 4330 2743 1340 8359 3396 7878 6594 -8174 -8995 -7995 7063 3416 9700 -5535 -4795 -10171 -10737 10266 -7565 10308 -6514 -5047 8050 -5550 -4183 -1098 1 -4315 -5349 4222 -4980 -208 10437 -5121 -10462 2524 5538 -10237 2044 10229 5820 9425 -1810 -2621 7862 -2487 2384 6827 10026 2709 3814 
25404 17288 3452 -21350 -22273 31118 23008 -25202 -9402 -18920 32735 17657 23372 -1974 -10338 16275 -14776 -8439 -11950 7187 9804 10617 -21504 -15354 11057 12852 29720 -27291 -3803 -31813 15186 24168 7188 -10336 9932 20406 -15723 2661 -9365 5719 25847 18239 20750 16142 -6061 1385 -775 -3777 20846 18494 -12212 -20540 23958 12220 -23985 5789 -13976 22753 -14603 -4663 -25981 757 20660 635 -7461 -15874 -12238 9789 18406 3194 15271 18169 16040 22308 26826 5461 -27589 30960 -4641 -16918 2461 -25834 -27720 5103 -30525 -30743 19540 10427 -21113 11145 -28505 16732 -7463 -24151 26072 -15964 -2300 28264 27212 -27078 32032 9019 -1317 -11641 -14325 -889 -16076 8594 -21221 -25726 631 16746 -3751 -6754 -3320 19249 -20937 -25674 -16808 14212 -32295 2431 -28687 -25807 28572 -7109 -18756 -4280 
-11952 679 644 2268 3571 -13423 -2743 12289 -4617 5871 -4255 7894 -4075 -136 4735 -536 -9000 -2702 -6087 -1321 5541 -397 505 268 940 -1501 6198 15032 996 15431 6599 9405 448 -3282 -3088 1424 -3224 -741 5409 198 9606 279 -1920 6688 2427 -384 320 -1532 -1139 9057 -7393 -9134 177 3195 12555 2777 3530 -2021 -6207 692 -12054 -379 -5518 41 -4206 2800 7312 5640 -2102 1404 1625 5237 -4259 6272 -14576 -992 -13660 7990 -759 -1351 1226 -5229 -13016 2006 14872 16483 -9312 4390 -4299 6444 9404 -4782 4524 15456 15953 7198 -1413 -10974 -8186 -12992 -10596 -2249 86 -1 3684 283 -4046 -2551 263 -16004 -193 -10443 -564 -2229 2026 2345 -12765 -8906 -9442 -1533 5045 1139 4252 -3667 11627 -4248 -3029 -973 
184 42 5 22
9703 9795 21572 16978 1536 28854 4998 -28868 1940 22585 7866 25358 -27663 25080 -6338 17233 14892 -22095 -2223 -19310 -17710 -23504 25221 6589 8132 14969 1574 3828 24301 -22502 -1215 -11634 -17614 23889 -7921 21985 27426 11202 -12156 -25390 28242 7697 26951 14325 -18561 15609 28760 -16802 29649 -6776 8281 70 6837 -2621 -11592 26839 -27033 27175 -699 15545 -5548 23890 9450 20844 7715 14638 -6757 7350 -9370 -28473 7700 15669 -24433 -16085 30195 -11426 28700 11147 5208 -13705 27474 -8473 13921 -13655 17211 25656 -8203 18666 26634 -6478 10101 18922 -22877 -30147 -17394 -22624 5211 10161 -22286 27199 19141 21366 12382 12995 -12096 21018 25523 4235 -28166 -21081 18287 -2710 -23446 -27320 23621 -5555 10650 26085 -7254 -22850 -7685 2531 -2206 -9751 24425 14127 -19540 -9536 
12419 -11260 -24794 -10187 1646 7758 -27860 -32718 12211 -12298 -19914 -30459 -9357 -1502 14348 -16173 9709 -22967 -26552 -5534 -19884 23377 31986 11613 -3785 23581 14335 11627 -16023 -31006 -15470 -26961 7150 -2860 9744 -5058 19226 -27932 32618 -26168 -18990 -19414 23378 28118 1844 25294 16617 -28115 -11399 6188 6775 -4274 12745 4191 12990 -28798 12651 2624 -21365 -23263 13238 30843 13394 8461 -9204 -15498 -17170 1197 31204 27371 -617 -1799 -4622 31081 -28006 13486 -92 32476 4276 2840 -31122 -364 5155 -5966 -13855 4283 -25474 -4161 27293 -16194 27678 25351 -27336 26534 9574 -28805 20465 3979 -21600 -29085 28175 7919 -27740 -30738 4850 7701 5153 13761 -12884 -24101 24095 -32570 -30524 13932 -22717 -32080 -28292 -24621 -29104 18364 3372 28847 26915 26789 13972 20618 -32045 -19404 
3591 -3287 -15940 -5154 75 6671 -4150 28148 706 -8278 -4668 -23019 7714 -1123 -2710 -8306 4309 15123 1759 3185 10495 -16375 24042 2280 -917 10520 672 1326 -11604 20793 560 9348 -3753 -2036 -2300 -3314 15715 -9325 -11817 19801 -15983 -4453 18777 12004 -1020 11766 14243 14078 -10072 -1250 1672 -9 2597 -327 -4488 -23034 -10192 2125 445 -10777 -2189 21960 3772 5256 -2116 -6761 3458 262 -8714 -23226 -142 -840 3366 -14899 -25202 -4592 -79 10789 664 -1160 -25482 92 2139 2428 -7107 3275 6228 -2315 21664 3126 8332 14296 18637 -23839 -4963 19422 3178 1205 14346 -23576 16072 5042 -10236 -11904 -1748 4824 3920 1737 10815 15142 13132 2630 21329 -11343 -15992 5311 -8980 -19140 6292 -12506 -772 2176 -1769 -7785 10171 8681 18661 5515 
185 35 10 20
14726 4487 -30326 -26276 -22614 -7281 22355 25025 9411 4963 -3792 14672 25193 -12920 12014 20435 -4617 8953 -21101 2339 -8947 -21249 -6761 -9890 -14731 17387 -4219 -9146 28498 9373 18832 -24093 11463 -6396 31655 11507 -7489 26597 -8216 27356 -15560 -26891 -16397 30215 -8229 17381 -17438 8316 -22087 2155 8244 9357 15192 14136 -28263 -10692 -1943 12890 21025 20528 27562 3848 2672 5171 15146 17507 -15449 -6243 -20575 19006 -3007 6341 -17938 -6791 26309 11372 5033 2388 -25537 9005 2113 -17994 13547 -21919 5244 -26130 -22613 -23929 26337 -19954 -20907 -10607 -15811 -16690 25483 -25257 -20215 27031 17597 -10858 21159 10000 -23774 -23603 -30716 29980 7695 687 -7086 -18048 28694 2733 12061 -30129 28410 20708 30978 -7351 10682 -10607 -19003 -28239 1212 -19590 22601 -11663 20233 -13386 
30397 -6680 21158 -30756 13695 22150 -11927 -10538 -23859 -22745 -31339 -1235 -14439 -7935 -13398 2320 -18629 -22365 15714 23293 -28504 -30539 30124 -22349 1787 26413 -20197 -1598 15078 15190 19207 4285 -31567 13929 14697 -23807 -32402 -19185 29086 -6948 -8233 -30451 -2293 15388 -32603 20640 20497 -28874 5311 31270 -1667 17493 12577 18763 -7327 20586 20384 -21944 3974 6177 -14135 -19718 31587 -4592 19271 -22751 30996 6774 -22907 5262 31609 13785 5026 -2431 21150 23153 -14378 21156 -8125 -17605 -25501 5868 -6549 -7371 -1815 27079 15080 -25282 -25106 -22116 -21577 -14820 -14886 -15348 -22485 29238 8117 -18598 -25726 6171 23944 2868 -23374 -30466 7380 12140 31450 -5909 -32661 25414 31003 -8748 -10858 21652 17044 8390 8154 7083 14879 -10884 -2279 -6434 -16776 29323 -2286 15006 -22847 -13375 
13340 -893 -19122 24085 -9230 -4806 -7946 -7859 -6692 -3364 3542 -540 -10841 3055 -4797 1413 2563 -5967 -9882 1624 7600 19339 -6070 6587 -785 13686 2539 436 12806 4243 10780 -3077 -10784 -2655 13865 -8164 7232 -15207 -7122 -5665 3818 24404 1121 13857 7996 10691 -10652 -7156 -3496 2008 -410 4878 5694 7905 6172 -6560 -1180 -8430 2490 3779 -11611 -2261 2515 -708 8699 -11870 -14271 -1260 14046 2981 -2833 2605 -2687 492 16583 7847 -2157 1506 6184 -4725 -1606 -3147 -2644 4815 -284 -21087 -10163 18030 -19706 13152 13444 4685 7014 7634 -17076 -22008 -4890 -14982 -13492 -1997 15099 855 16561 21431 -6756 10847 7212 -121 6897 -13669 26512 -713 -3903 -19442 14431 5178 7528 -1552 4737 3441 1291 5415 -606 -17120 -1540 -5216 -13777 5336 
186 36 13 25
-2827 -2840 4362 -4746 -2084 -5690 4811 3782 4410 -9252 1139 -2066 4963 -2735 -237 5251 -5614 -2445 -5981 2662 546 -8343 1309 -4554 -7816 7895 2742 292 -954 6840 -1506 -1563 -4088 -7286 207 -5077 9130 -8995 3251 5347 4589 9258 2857 3174 -599 6803 2737 9192 1362 -3201 6808 8089 8835 7952 9033 2796 -6867 4626 -4395 -3244 -3926 -4845 -8989 -1118 -8861 -7193 5292 8082 1690 4659 -868 3625 2018 7652 618 8765 -1018 2717 6438 8804 5559 -6987 -156 -5206 -548 4083 -65 -3935 2557 -2570 7627 -3858 -5021 -6827 -5071 7583 -2118 -3231 3419 -2716 -4692 -4584 5283 429 5346 -4542 5377 -2462 6964 8556 -1305 3335 7371 2813 8217 6518 -9268 -757 2595 -2534 1626 -2628 -6719 -1093 -8347 -7245 7271 -5750 
-5309 25614 1606 -17288 -23621 -25921 -12980 3416 -10249 15946 -14324 -19179 -14784 27674 17158 6062 -32373 17635 16238 10551 -11098 31652 19084 19469 15730 31151 -17198 -8531 -32425 -22947 -7342 9175 -18723 6624 4900 5103 21639 27208 -18457 -10926 -10663 -3060 -21614 9522 -10304 23978 12078 -31794 28381 29164 -532 24418 -20310 -16892 23451 -18211 -8850 21893 16489 14457 29853 -7040 22865 6658 6892 -9927 11469 -29528 5670 -4375 21566 -15197 -22978 16483 29326 24535 24036 -11414 4612 18121 31768 -29826 23147 25931 12178 -15329 -2025 2412 28650 -22004 -16200 -14976 20329 24140 -18269 28239 6565 28481 -4833 -20844 26158 -24131 10952 -8826 -31598 8998 -10619 -8932 31217 -3972 8601 -15341 32760 -3387 22146 -3934 -2384 32652 -7411 -32557 -23531 680 -4937 16470 -31256 -31847 5978 30531 
895 -4336 418 4890 2934 8791 -3722 770 -2694 -8794 -972 2362 -4373 -4511 -242 1897 10833 -2570 -5789 1674 -361 -15740 1489 -5285 -7328 14659 -2811 -148 1844 -9355 659 -855 4562 -2877 60 -1544 11776 -14587 -3576 -3482 -2917 -1689 -3681 1801 368 9723 1970 -17419 2304 -5564 -216 11773 -10695 -8006 12626 -3035 3622 6037 -4319 -2795 -6986 2033 -12251 -444 -3640 4256 3618 -14224 571 -1215 -1116 -3284 -2764 7518 1080 12818 -1458 -1848 1770 9509 10526 12421 -215 -8046 -398 -3731 8 -566 4367 3371 -7365 3444 -6084 -9823 5522 12764 -829 -5485 -985 3374 -7315 6593 3449 -226 -10069 -2436 -3403 1311 12958 -2026 -669 -3050 14393 -568 10846 -1528 1317 -1473 -1146 4917 -2281 -107 1977 -1073 15550 13753 2591 -10464 
187 33 14 25
-383 -1085 3215 -3445 2718 2557 2005 -2703 -807 -1073 479 14 -2875 -2696 1486 -1433 2798 1576 3481 -2817 -832 2084 -670 -2257 709 197 2339 -1207 394 -1740 -4082 1250 1006 1621 -3822 1116 2941 772 1722 3420 988 -3950 -375 -915 -509 -2203 -1091 3178 -1853 -101 749 300 -693 2069 835 -1773 445 -278 2339 -2132 344 757 -1014 -974 3241 -876 1250 -3909 -2899 -635 162 579 3803 1046 -3201 2034 -1029 -1451 3130 1811 -478 -675 -415 694 1796 -112 -2537 2679 3753 -2137 -3585 2165 -86 2501 -415 2867 653 -1258 -1743 -3493 3717 2710 918 -1634 -921 -2708 -3689 1808 -2076 -1988 1842 -1854 -916 -2486 -1640 3930 2226 441 2985 -266 -4014 2713 -3319 3906 2832 -528 -2510 4030 
12185 28821 -17257 18425 4900 22821 26468 -9046 28184 3197 -25865 11809 31020 23158 -17757 3097 -19781 15305 6938 20228 -6513 14775 -21588 12266 3824 -25738 1548 -2383 3283 11205 -24307 16765 11635 -10908 -9715 -18912 -1143 -5067 6625 28495 16469 22815 1939 -17303 30802 4586 -22470 15142 -25661 11721 24864 11885 -26525 1621 -18518 -32500 7264 8204 28769 -20885 -22877 6174 -20273 7167 22381 32052 25332 -23216 19631 27441 8635 11719 30282 5410 -3597 -23144 -24560 -21156 27198 -26328 31882 22000 6146 29166 26447 6526 -16448 27361 -7288 15465 7168 -16721 -21407 14872 -14877 -17792 18560 -14150 9897 -31132 4036 -5411 11645 2323 10141 -14603 28867 25168 -24133 -10724 20362 12189 25557 -14333 26866 6342 -26688 -24239 21404 -18139 12983 -10794 23568 12559 -9170 -1248 -17687 -16639 
-1113 -7456 -13228 -15133 3175 13913 12652 5830 -5423 -818 -2954 39 -21263 -14885 -6291 -1058 -13196 5751 5758 -13586 1292 7341 3448 -6600 646 -1209 863 686 308 -4648 23656 4996 2791 -4216 8853 -5032 -801 -933 2720 23235 3879 -21486 -173 3775 -3738 -2409 5845 11473 11337 -282 4440 850 4383 800 -3687 13738 771 -544 16043 10616 -1876 1114 4901 -1664 17294 -6694 7550 21637 -13568 -4154 334 1618 27457 1349 2745 -11224 6025 7319 20297 -11368 -3633 -3541 -608 4826 11325 -174 9949 17476 -6521 -7879 -6127 -8631 439 8868 1472 -12162 2890 4244 -4113 25927 3577 -3496 2549 -905 -2227 9428 -25389 10849 11945 5083 8942 -5388 -5581 8495 -10505 5942 -14164 -2549 15233 1150 -12425 -6982 -18650 11696 -6192 157 10584 -15987 
188 29 13 20
1803 -1492 -1093 -2394 2395 1779 1246 -1943 364 -945 112 1325 -1795 1439 1507 -1935 -1925 3179 -3034 1926 3087 2852 -1143 -2207 -2310 3150 -2185 2655 821 -1089 66 1409 1823 493 -2642 2691 -1509 -755 2585 -1867 -898 -399 -553 -1151 -817 -1512 279 -420 302 350 2902 2228 1967 -3100 2842 -3010 1301 1834 2028 1354 140 -150 2926 -1302 297 415 669 -2863 -2367 2115 2551 -2533 -2128 273 1843 -926 135 -186 1822 -3126 -1581 1689 1623 3088 -1240 2457 1189 -1119 -970 -1017 1481 -144 -456 335 -1541 1239 1909 44 -1885 -3075 -580 888 186 2751 -719 2370 1659 2361 -1172 1564 -1641 1661 -1612 -878 7 109 -2610 2309 -1596 185 1500 2867 -2108 -1513 -2140 -2742 215 311 
23812 22664 -2063 26988 8273 3924 -12258 -22078 4162 -2468 -12458 24726 10924 -3694 18466 -12768 -15006 6040 -18237 8417 25406 3347 27796 -4899 23860 22906 29370 6567 6294 -31067 719 11917 21532 -24020 -2962 7594 -31121 -15131 14323 -15381 7003 -14909 -6788 -1973 -9676 26990 7857 13068 -31225 26157 18285 21186 30056 5674 19041 6197 -31348 1536 13635 -7454 -22853 8225 16664 -11262 20382 -17113 -11798 12498 14649 13607 1199 -22546 21216 -5658 -32271 -3493 -20897 -20949 -25855 24615 -15029 -21743 31324 12836 28563 -22396 -19798 -15069 16756 -32465 -27538 -19512 -8530 22254 -20168 -12407 7532 -5912 -6445 -23931 -26830 29211 3952 -18425 -16212 -15818 18922 28634 -6838 -5284 -177 -860 -20890 -3699 -11520 -13370 -8692 16508 1323 -28277 -25364 20756 26451 -28905 8962 -951 -32585 -20235 
10236 -8062 538 -15404 4724 1664 -3641 10228 361 556 -333 7811 -4675 -1267 6635 5890 6887 4578 13192 3865 18699 2276 -7575 2578 -13141 17203 -15300 4157 1232 8066 11 4003 9359 -2823 1866 4872 11196 2724 8827 6846 -1499 1418 895 541 1885 -9730 523 -1309 -2248 2183 12651 11254 14095 -4194 12902 -4447 -9724 672 6593 -2406 -763 -294 11625 3496 1443 -1693 -1882 -8531 -8267 6861 729 13616 -10764 -368 -14180 771 -673 929 -11231 -18345 5665 -8756 12121 9450 -8444 -13119 -5612 4020 -3875 7872 -9724 670 927 1777 7410 -3665 3428 -62 2896 17545 3710 6184 175 -12085 2779 -8938 7484 16118 1911 -1970 69 -341 8029 774 -19 -347 5409 9088 -503 -1247 -9071 14188 -13294 10427 -4573 622 -1670 -1500 
189 43 12 30
-3076 -3910 10796 16431 5159 8429 12226 -663 16583 15720 -7037 19047 -13720 4887 -4102 -15661 1432 13047 -14657 13616 15890 14652 2372 -12211 -13593 14962 1153 -17735 17566 -6126 -6730 -17747 -14416 14491 -38 -11862 12992 -16648 -3067 -13692 -4640 16583 -8596 14440 -6875 7098 11749 5987 -18443 -817 -6053 -15740 -3080 -794 661 964 12833 -7218 -19655 -12672 13407 20220 19403 15075 8581 11599 -13421 10660 657 14426 5262 11753 5930 8210 4974 7180 -2508 -4838 8025 924 10139 3193 6440 479 -7500 10877 11397 -17447 -10713 3312 -18927 -702 7944 -6271 -3218 13677 8326 -388 -7346 2877 5352 -8989 5756 10873 1061 -14244 -18150 -19347 -10265 -14825 16415 3327 -4090 5842 9335 -6580 2893 -6864 -15052 15492 17243 -2992 -10445 1770 -13698 13124 -10256 -749 
-5078 12690 18736 -31487 -21649 13417 -24587 -7630 11752 -15729 -1499 -4777 1389 31086 21097 31277 12541 23132 -20028 -19897 -10294 -24366 3904 20482 -6028 26138 4851 -18132 1198 15801 -31415 31117 -13498 28971 -13135 -26925 -26566 -1375 -16075 -120 4335 -24442 12863 -30509 -3566 -11210 31991 -25593 612 -16136 11743 32597 -20994 -20528 -11444 14261 19144 -10934 -22870 25896 26461 -572 16842 -15778 -26539 19124 20790 -2051 -27287 14008 -31165 8278 -11613 -15720 -3846 -10086 21989 4164 3327 17090 16549 9884 -19125 27234 -1073 -29576 18719 6783 -22153 3101 11469 2056 -32179 11128 -17012 2755 -25044 -331 -19890 -9732 -10964 16898 -15425 -30924 -26179 10106 -26201 23921 11466 30624 -28676 9243 -27848 -20503 -30851 25549 1427 -8436 185 13035 12893 -3432 5037 -20626 21652 -14668 21935 7346 
466 -1479 6028 -15419 -3329 3370 -8959 151 5808 -7369 314 -2712 -568 4527 -2579 -14598 535 8994 8748 -8074 -4875 -10640 276 -7454 2442 11655 167 9584 627 -2885 6301 -16458 5799 12512 15 9518 -10286 682 1469 49 -599 -12080 -3295 -13129 731 -2371 11202 -4566 -336 393 -2118 -15291 1927 486 -225 410 7322 2352 13396 -9780 10573 -345 9739 -7089 -6787 6611 -8316 -652 -534 6022 -4887 2900 -2052 -3846 -570 -2158 -1644 -600 796 471 5001 941 -3671 389 240 -9587 6358 -3527 7073 306 -6469 -43 -7618 -2080 1632 1123 -6214 4 4354 -834 -1749 -4527 -2646 -10021 -828 -4290 14172 -13793 -3508 -13530 -14028 916 3394 -3570 -8583 -5010 123 1726 -83 6018 6625 306 -1568 -1088 -8839 -5737 -6704 -164 
190 31 -1 8
-69 -2977 -1204 3072 615 -2044 -2785 1210 -1875 763 -3384 1588 -3369 -2248 2968 -1537 677 1500 -1720 298 2674 2341 406 3078 1730 -1563 2175 -615 2136 -3021 -2934 -2674 -1424 -2418 166 -3152 2714 2101 -391 -3432 -3313 -2057 -90 -2930 2763 1848 2488 -3091 -1794 2323 2609 767 -2077 646 2417 -2768 3263 1632 2224 -963 2089 -2179 -2231 2462 1445 1486 -3059 1379 3185 1631 2473 -382 -2098 -970 -2284 2678 1445 2458 -1675 -3231 2430 -2498 -920 -2781 3092 -530 31 939 -327 -591 496 -2537 2355 -1693 1438 -1756 -2059 -1975 1832 -185 2673 -280 3388 -738 -1295 392 -1753 1362 2308 -1833 1258 1909 -3225 -83 -980 -3422 -2612 1741 1582 -2716 369 2219 -3224 -2255 3188 -753 -2579 -659 
-6225 2612 26868 -16918 7827 -15733 -30636 -5606 -17380 -21848 15853 -13956 -22226 30142 28127 489 19326 20723 -30155 16858 14275 -31273 18517 22640 14233 17512 -9651 -18312 -9776 -7824 12689 -17773 32159 -8157 -24737 -11661 -23150 10082 -31981 9252 -5421 18147 -31398 -4708 -12129 -16017 15521 9906 -10338 25044 18650 -5387 -5606 -10756 9536 -27882 -29353 -5178 -563 26837 -22924 21696 -13107 -3171 17669 -10470 3551 19484 21249 -4667 27872 -27746 26823 -6407 1994 -9363 28617 -7543 9861 9129 7854 15877 -7803 -22479 -10346 8711 8199 -24346 -23097 3968 -18423 10905 -688 1066 31486 11026 8446 -5822 2959 2874 24918 26920 11496 -24343 -23846 -30843 -15524 27490 -16124 2027 15839 4582 11515 9308 -22814 -1245 -25693 -21225 -29791 -19329 14726 -11665 -5803 6659 9257 -6981 30620 -1824 
102 -1854 -7713 -12391 1148 7667 20342 -1617 7769 -3974 -12790 -5284 17853 -16155 19903 -179 3119 7411 12366 1198 9101 -17455 1792 16614 5871 -6526 -5005 2685 -4979 5635 -8876 11331 -10918 4702 -979 8763 -14980 5050 2981 -7570 4282 -8900 674 3289 -7990 -7057 9207 -7300 4422 13871 11601 -985 2776 -1657 5495 18401 -22835 -2015 -299 -6162 -11417 -11271 6972 -1861 6087 -3709 -2590 6406 16136 -1815 16434 2527 -13417 1482 -1086 -5978 9859 -4420 -3938 -7032 4550 -9456 1712 14905 -7627 -1101 61 -5450 1801 -559 -2179 -6596 -386 -430 10795 -4616 -4146 2741 1292 -127 15880 -1797 9286 4283 7362 -2883 6488 8927 -8873 -886 4751 2085 -8854 -184 5330 1016 16000 -8810 -11237 12516 1296 -6171 4461 -3580 7036 1253 -18828 287 
191 39 15 29
16435 13311 13044 -10336 -17179 15301 8764 -4677 13994 -18041 13934 -4404 -12338 972 -4490 11180 -4979 627 -17475 -3127 8026 -10551 -12793 -2270 5957 -1355 11958 -2382 10401 -18130 -16247 13738 14461 787 -549 -2683 -11619 -15108 -12785 15908 -10044 -6367 2418 -11540 -12282 7873 -1427 -17967 -11534 14648 -12924 -6673 9348 3651 944 12801 -12905 11105 -13445 9352 9934 -14692 17650 -13418 -1167 -1157 10241 4051 12735 -4801 -16992 -10184 -17816 -4389 -16649 6462 -1752 -448 9074 14082 14178 -3232 -18103 -12255 -14525 1802 -14871 -3469 13392 10554 -13581 15328 -16683 -13048 17696 8282 11024 -2588 -1041 -11776 -2809 8525 5631 -17557 -13564 4257 -5844 3224 158 12848 -10265 -11716 2407 213 -9234 14382 -9212 -4380 -15158 14575 13546 12960 -10864 -4685 34 12391 10260 -3124 
30339 -14076 -3906 -6845 -12112 21435 -7335 3900 -29194 21269 5007 -24889 24122 -12814 10513 -20339 32114 2087 23564 14409 5834 -2908 11470 13324 2631 9616 -16077 29720 -12622 -23208 7062 -24480 -27554 -26429 13807 -19569 23397 -26996 -6223 10499 -10417 -23599 -11889 474 -4238 31228 18279 13260 -12790 -32158 26771 32279 -29774 -2908 15879 -1113 -5334 -15669 -21810 -4200 -1518 -23547 -16747 -30122 -20152 -29110 3719 26666 5039 26452 -12317 27615 31900 28060 -24204 -22989 1282 -31381 28702 1016 -17653 -2834 24328 28600 19445 -8565 27840 -12474 28705 -29201 4031 -15931 14174 -26200 -8746 10598 28953 -11646 29681 14536 9988 -18550 -18838 -8399 -18015 -20686 -6438 -204 -30893 26567 -31959 -6694 27180 20949 19843 28604 20477 30012 -7173 -20206 28602 -32268 1925 26889 -13690 -9169 19812 -26503 
14860 -5584 -1518 2109 6201 9774 -1916 -544 -12175 -11436 2079 3267 -8870 -371 -1407 -6777 -4765 39 -12272 -1343 1395 914 -4373 -901 467 -388 -5729 -2110 -3912 12540 -3419 -10023 -11875 -620 -226 1565 -8102 12155 2371 4978 3118 4478 -857 -163 1551 7327 -777 -7100 4396 -14038 -10311 -6419 -8295 -316 447 -425 2051 -5186 8739 -1171 -449 10310 -8809 12045 701 1004 1135 3219 1912 -3785 6237 -8381 -16938 -3670 12010 -4427 -67 419 7762 426 -7459 273 -13125 -10446 -8417 -460 -12338 1290 11457 -9185 -1632 -7277 -7047 10188 -4612 2616 9512 898 -921 -5101 -836 -4713 -3161 4395 7282 -2624 1121 -20 -145 10173 9777 2337 1950 133 -5461 12260 -5622 -3918 3240 -8777 11547 -12463 -623 -3754 -14 -3386 6058 2467 
192 39 20 34
-17504 -19347 4546 13911 -19788 -4053 26279 1964 -6760 -12095 8621 -3293 -21036 -13453 -9206 -21256 -22434 19948 -18726 14539 6064 -20386 18320 -21186 -25595 8106 20014 -8463 8731 -2848 11455 -15096 -22627 -25947 5776 -663 -3677 22998 13015 5388 -19506 26380 840 19628 1906 11533 3379 -23469 2712 -16085 -21868 -26594 5369 -24902 -5018 23354 -24425 18826 19859 -19950 25951 -14860 24335 24608 -6197 -18785 19978 1233 -5215 -2382 -13656 -158 -19687 23639 7655 -7949 602 981 -5357 -12968 -4111 -6830 -4529 -8498 815 -16879 -10987 -13468 -2566 2842 -283 25590 -24559 15533 -15596 16462 -5381 -18853 250 19152 17587 -12471 -20972 -793 6841 19388 7251 -9893 -21658 -16309 -5573 -9203 -25638 -10987 16722 19730 -9249 -1391 18699 19188 -6899 24478 6543 -916 7522 12188 -25383 -26172 
-24623 -20387 26916 31342 18003 -28092 12823 -10851 -17564 30748 11563 23331 -1279 17672 4449 3884 -25447 -3776 -4826 -29934 32332 -20342 10285 -3639 -22302 -17594 13537 24931 -28106 -27241 -20986 3894 -16122 -29483 -25525 16402 27725 -12392 1589 10064 28653 -21220 14203 22478 31001 -26268 28463 -29702 -871 -31584 -24155 -24382 25886 7687 21142 -20736 28046 26403 32551 3582 1787 24556 19459 10480 -29833 -22556 -13856 -11096 -20699 -28223 -998 -3792 -19022 -11396 25759 -17680 1468 -7387 24350 -19892 3702 24149 15379 5561 4289 -7938 -10741 -31247 32260 5502 -4759 11315 -2883 -6 11377 -11487 -15311 5000 19784 -27161 -7824 -12836 -21807 -27932 1947 8601 11308 30486 -6455 10352 -7598 15565 -15323 20209 -30879 30628 -1392 -16401 18017 -6377 -31188 27850 1921 13487 1256 -12487 -20771 -13606 
12845 11755 3647 12994 -10617 3393 10043 -635 3539 -11083 2971 -2290 802 -7085 -1221 -2460 17013 -2245 2693 -12970 5843 12359 5615 2298 17012 -4250 8074 -6288 -7313 2312 -7164 -1752 10872 22799 -4394 -324 -3038 -8493 616 1616 -16657 -16683 356 13149 1761 -9029 2866 20774 -70 15140 15742 19324 4142 -5705 -3162 -14432 -20415 14814 19265 -2130 1382 -10875 14112 7686 5510 12628 -8250 -408 3217 2004 406 18 11161 -8028 5877 4188 26 -216 -3888 7688 -454 -4916 -2076 -1408 104 3993 3517 12542 -2467 466 40 8629 2110 -3 -5288 -5636 2455 -2809 147 -15503 -4101 4771 13630 660 397 4970 2444 -8988 4166 -5032 1262 -4269 11708 -6617 -15389 18009 384 680 10040 -3647 6412 20317 375 -368 282 -4536 15713 10612 
193 36 0 11
5207 -10149 11358 6312 21455 -16765 6969 15614 -20979 6701 13627 -2882 -22904 -8510 -15498 -25850 10417 -4705 17460 -1083 14833 26176 -3849 18014 -7224 19167 16747 -11547 -7531 462 2854 -15582 3762 -6441 -21110 -7924 -1650 15777 -23079 -23970 -12100 -22766 15947 10518 15934 11094 20390 -3334 15554 -16824 -1065 -7695 1464 -19333 -15857 558 10928 -6424 18216 -4202 10652 -9466 -15292 -12847 11263 -19182 26229 25517 11247 25692 -25783 -4971 3116 -22053 25869 -18523 -5 -22528 -24300 -5391 -5785 -12359 -18370 -18123 14334 21175 -93 -7495 -16447 -12010 24354 -24319 11875 -23832 21778 1879 -18393 25291 4252 -7386 24469 9800 18251 19640 -15810 17714 5004 12435 -1118 -3683 99 1798 14598 -14145 9338 -22480 5866 -1972 -8394 20079 -7456 -13541 21853 -1890 -5709 7796 -79 9445 
9862 23274 -20816 19557 -10155 -10845 21086 -3531 28756 10616 8576 -28939 -26737 -24733 -29306 17291 -8651 23600 -16202 -20319 18213 31115 -18603 19802 -18138 28664 -11904 -15863 -22079 -29996 -4285 15699 -31021 24653 -25987 28849 -25520 -925 31583 -1796 -7997 19141 -12923 11676 -27218 23674 16117 19230 15597 -9273 8913 -31021 6844 -18856 17851 15205 -31395 -21127 14207 22968 -27374 6438 -9167 -11624 -12690 27849 25093 -1672 3076 17980 2697 -20031 -11531 -31296 -4964 -27309 12558 -4226 -11685 -31098 24522 11668 6180 5357 25866 -9419 -845 27082 5529 -15565 -1425 -4488 19890 17550 1944 -8273 24195 -32370 -1837 15807 -28403 22668 26930 -2579 -829 -10684 30241 -31598 -4365 -10729 6718 -6888 -14618 -12926 -10316 -31943 9427 -31678 12854 18795 10746 28921 22633 -7760 -21305 8565 -2466 20428 
1530 -7040 -7046 3679 -6493 5419 4379 -1643 -17979 2120 3483 2486 18250 6273 13536 -13321 -2686 -3309 -8431 656 8051 24273 2134 10631 3905 16373 -5941 5459 4955 -413 -364 -7290 -3478 -4732 16349 -6813 1255 -435 -21723 1283 2884 -12987 -6142 3660 -12925 7827 9794 -1911 7230 4649 -283 7114 299 10864 -8436 253 -10225 4045 7713 -2876 -8690 -1816 4178 4450 -4260 -15920 19615 -1271 1031 13767 -2072 2968 -1071 20569 -3827 15075 -2 2837 8462 4996 -4228 -4298 -3383 -2893 11050 -5944 2 -6049 -2710 5571 -1034 3253 7039 -12465 1262 -463 -13263 -24398 -233 -3479 -20712 6620 14648 -1510 391 -5640 4510 -11710 145 1178 20 -369 -6360 5449 -2871 21400 1648 1862 -3216 11247 -2388 -11671 14740 437 3625 1990 6 5750 
194 35 14 27
1880 155 -1035 -2708 -1747 372 -2239 -164 681 1828 1315 2697 494 -918 399 -770 -1378 1396 329 388 -1496 -2062 1476 2299 1102 -2121 119 -128 -752 -1394 67 -958 77 1968 609 2274 2126 967 291 2257 -1910 516 2076 -465 509 2248 -573 463 2529 1529 -479 -1440 -1833 -1014 -2339 -1242 -2642 202 1095 1419 976 443 -2416 387 -2524 -438 -256 -1408 -220 -1908 2022 2273 -1148 -2084 -2417 1590 1591 -2104 -1064 215 -648 -1067 -64 545 -844 -1073 -2027 -2119 -2636 43 -1755 -202 669 -831 886 -340 2292 -1245 -1749 -554 1314 -2198 -2053 -823 -883 -1460 -2019 -2148 -627 -1097 -2342 -1036 -857 1779 -739 -2653 -487 -525 -289 82 1372 1743 -1711 135 2441 1153 -1875 -2243 
-22582 24673 31509 -13896 316 -2560 -25921 -19171 12112 -28606 3906 -28611 -24311 2204 -14978 -23292 -13230 -31877 14949 3246 16138 -2464 29348 -28816 13257 -21521 6231 20905 -6267 -6650 6712 30437 -239 -15104 29028 16407 -31646 -346 27341 4036 18874 7841 -25359 -26299 981 -32117 19186 1290 8375 24058 14185 3000 30923 -17615 30734 5126 -12902 -10559 -18626 -934 -19146 -19068 7489 -20137 15045 27633 27739 20909 12691 8009 17944 -28763 15794 21885 -24839 -17852 7578 8954 2405 -29133 -1056 -29608 -14927 -13888 -2586 -21563 -15107 8890 -2392 489 -3760 19670 19019 22705 19957 -17991 -27146 3351 -22302 11607 6905 23040 2914 -16673 4370 29312 -17374 15322 -30015 1630 -3581 -31592 -19371 17762 7208 -8628 -11720 29564 -27200 -25232 556 24339 2989 -6049 13488 -5592 -5371 -20022 
-10122 912 -7775 8972 -132 -227 13837 750 1967 -12467 1225 -18397 -2863 -482 -1425 4276 4347 -10610 1173 300 -5756 1211 10328 -15795 3483 10883 177 -638 1124 2210 107 -6952 -4 -7087 4215 8895 -16041 -80 1897 2172 -8595 965 -12552 2916 119 -17214 -2621 142 5050 8770 -1620 -1030 -13514 4259 -17139 -1518 8127 -509 -4863 -316 -4455 -2014 -4314 -1858 -9054 -2886 -1693 -7019 -666 -3643 8650 -15587 -4323 -10874 14314 -6767 2875 -4492 -610 -1493 163 7532 228 -1805 520 5516 7301 -4491 1503 5 1573 -947 3034 -4498 4216 1458 -14834 -995 9300 -1533 2163 -12074 -1426 3272 -920 -10203 8363 -7847 4487 -426 2000 7803 3958 7534 -1270 5457 1361 -3701 1874 -493 182 10114 -1219 -195 7850 -1537 2401 10707 
195 20 12 11
-5140 -7590 -2424 -4105 3902 -2552 -7382 -934 5572 -6398 1284 -4339 -4466 1922 2507 1839 -5238 -1269 4517 -5889 4526 -24 6281 -6258 550 620 -2675 6256 7555 -1921 2269 -1510 -1134 1339 -6684 5543 -2358 2839 -2619 -479 -2837 3627 -2000 -1230 3624 -2909 7378 -959 -1333 3514 3584 -170 -6859 -3736 5886 1962 5055 3707 7236 3026 4221 3308 -3270 -931 4777 -4105 -7341 -7594 6328 -6368 -6363 6186 6257 3371 3007 3393 6976 5804 -3962 2471 -2896 -2033 -4354 -2623 6059 -2596 -871 -3412 5512 -5644 5837 2289 -7019 5195 2697 -842 -6963 7138 3274 -712 4367 -3018 -2682 -1056 1217 -5871 -5326 4322 925 3224 1567 -3493 -2360 6202 1124 3386 -4481 -1952 -4246 5620 -1315 3116 2973 1067 3767 -3027 -1470 -6539 
19361 27733 24876 -15008 5475 -16690 29697 -4590 -1508 -6222 31252 -10468 -18955 -16728 8331 31892 13716 32229 25235 -26779 16166 22916 28036 -3027 5394 -29365 30963 -8695 -28947 -17421 4169 -22511 12224 -27161 -22369 -9750 25790 -31945 23182 3961 15403 26923 19673 16527 -10300 20745 -7007 -31608 -21104 -8215 -4605 -22986 -14848 7278 -13438 -18501 -19948 -17367 4578 32110 30869 -4077 27809 17261 11143 -23891 -21583 20337 -7905 21210 28166 19623 -28048 -18021 18698 -1500 11910 -18946 2571 -2443 17123 -21663 -12698 15169 11306 -26199 6282 6424 -23091 -23385 -25475 5748 14047 19085 20683 17660 14330 9281 27002 -504 28628 -28718 -15730 -16216 -24944 -4978 11023 -13197 20714 29863 28036 21691 -9302 -3208 14219 30424 5265 -25689 27731 16051 6552 -7011 25542 25460 6794 23225 26047 -19292 
-11348 -24002 -6876 7025 2436 4857 -24998 489 -958 4539 4576 5179 9653 -3666 2382 6688 -8192 -4664 12998 17983 8343 -63 20080 2160 338 -2076 -9445 -6203 -24938 3816 1079 3876 -1581 -4147 17049 -6163 -6934 -10341 -6923 -216 -4983 11135 -4487 -2318 -4256 -6881 -5895 3456 3208 -3292 -1882 446 11613 -3101 -9019 -4139 -11498 -7341 3777 11080 14858 -1538 -10369 -1832 6070 11183 18067 -17611 -5704 -15401 -20436 13842 -20012 -6927 6411 -580 9474 -12539 -1162 -688 -5654 5022 6304 -4537 7811 7755 -624 -2499 -14513 15050 -16956 1500 -11243 11306 6361 -1696 -11378 7554 10081 41 14256 9883 4811 1953 -3462 3333 -6694 -6504 2185 10979 5010 -8640 2503 -2269 1822 11747 -2690 5718 -13426 10286 -982 -2491 8659 3098 2918 -8016 -4366 14385 
196 19 20 19
-6638 -1231 -1669 7520 -9767 -4973 15669 8471 -8340 2882 16458 -13025 -7826 15717 -8665 -16206 14191 -4686 -6701 2227 -12826 -11390 11931 -9482 -16788 16336 -16638 5001 16046 14107 -7309 -7005 15755 14544 7543 -2870 -16935 -4162 4462 -16098 12742 -16120 14764 -4819 2197 12168 14060 9230 12048 852 -16241 -4962 8454 -4617 2078 -13668 13096 -725 -13183 -12900 -4118 6953 2947 -14247 9361 -9608 -8993 -8100 6546 7023 6712 -16806 -949 -10163 4978 -3713 3516 -6845 -11359 1459 4381 -3156 2019 12507 -15339 1686 719 -5826 -375 570 -12179 -15838 12898 10188 -1170 15855 -5352 10018 806 -2990 6804 -15714 6083 14040 13217 -4719 -14874 17067 -14361 11042 -5301 16129 -2190 -10104 15151 15040 15448 -9664 -4020 3743 12624 8010 2703 608 4130 -5177 -14679 -2412 
10045 32319 -3419 -2937 29031 19815 15047 -5398 -19588 21654 69 20735 -8090 14606 -12560 3003 19118 -23813 11603 18717 -19418 25110 -25689 -14060 26546 73 30073 31945 -27107 18984 2834 11330 -22791 -18520 29169 -5820 8711 23434 -6524 -14366 -31453 10618 11758 -13421 -16304 14396 -4607 14233 24815 17275 -17560 -1078 20800 8167 10403 -699 24511 -32650 31194 12084 -1799 -20832 -32256 12170 -10425 31067 21718 20366 19506 21477 -23535 -25154 -983 -6718 24193 -13495 -11473 -614 -26449 -19807 23662 -31930 -24556 -704 24706 -23050 13395 -4844 9261 32638 -13531 -30164 9433 -10664 22564 -5466 5732 18479 22138 -21847 8077 -32140 -26943 1242 12813 -27872 -17050 21575 31616 419 6459 27475 -7810 -21549 -8147 -6194 11266 4365 21906 1132 20504 -29959 -30501 13740 -30108 -14208 -25823 -6025 
-3241 -1934 277 -1074 -13783 -4790 11461 -2223 7941 3034 55 -13128 3078 11159 5290 -2366 13188 5424 -3779 2026 12106 -13903 -14899 6480 -21663 58 -24322 7766 -21143 13018 -1007 -3858 -17454 -13093 10695 812 -7171 -4741 -1415 11242 -19482 -8320 8438 3144 -1741 8515 -3149 6386 14533 715 13863 260 8548 -1833 1051 464 15604 1151 -19990 -7577 360 -7041 -4621 -8428 -4744 -14510 -9494 -8019 6207 7332 -7679 20549 45 3319 5854 2436 -1961 204 14604 -1405 5039 4898 -2410 -428 -18421 -1889 468 1372 -169 904 8011 23223 5914 -5281 -1283 -4213 -1491 8999 867 3175 2671 24550 -7967 848 8232 6394 12327 17899 -22071 225 -1664 21541 831 10584 -6000 -4528 8460 -2051 -4281 206 12582 -11665 -4008 406 -6044 3575 18426 706 
197 22 16 15
-6050 14201 4540 15915 -885 1224 -6712 -4796 -14477 -16747 8045 -16221 8698 -10069 -5436 -3210 -3752 -11309 4205 -8705 -8291 5465 -10979 451 -9649 -13306 5656 16195 4004 3603 2956 -6283 14222 12072 5423 8361 -10838 732 1790 12590 14729 16587 7730 -3675 14700 6631 3183 5669 104 -14867 8381 -6638 4291 5761 -5360 1272 -7443 15046 -9518 -5215 -2277 -9677 11943 11092 -14079 -4555 4889 -5315 -2641 -14002 5274 8717 -2104 -15716 5094 -4302 -10152 -7077 -10411 5244 -2422 3500 1634 15724 -1600 2972 -12334 -1564 -11066 -14255 771 825 8841 -13933 -14105 -12901 4285 127 -10811 -14024 12335 16702 8880 -14380 -3233 15756 -13871 -2066 -5572 9830 -9200 7340 -13851 -13991 5517 -12323 -5697 15950 -11958 -7739 3788 7926 -8788 -13819 -1658 -5527 10490 -9663 
11797 3918 27737 20738 1494 -14194 3014 -12570 28479 -9346 -24805 7220 -330 3286 -13600 16558 29046 -24876 10340 -13804 -12531 29469 -30713 -14021 -19706 16107 -857 14901 -31315 16544 24169 18808 3323 15580 -2844 -8712 5118 15242 25146 18351 13926 3840 9159 -23325 1999 -32297 28191 -26532 -19773 5084 19481 10880 -7906 2788 -4538 6081 -26112 1708 -32687 -31931 -6126 32424 -13157 -22208 2892 29343 26441 -8968 -20492 14126 6077 7797 29239 25471 28106 -6461 932 -16384 22805 -8825 -29336 28677 -13541 16418 26120 -13074 -17658 -30410 1800 -2925 16200 32079 7412 -440 -26002 25234 -30059 9259 15635 29189 23995 -28961 22328 21684 15602 -27496 -12749 8192 22418 28850 -4729 -14149 -15564 15321 7959 27868 18669 4391 -20119 -10264 -11353 7232 -1529 -29434 25865 24488 -3301 31734 
-3448 2688 6083 15942 -64 -839 -977 2912 -19915 7560 -9639 -5657 -139 -1598 3571 -2567 -5264 13589 2100 5804 5018 7779 16288 -305 9185 -10352 -234 11657 -6057 2879 3451 -5708 2283 9085 -745 -3518 -2679 539 2174 11160 9908 3077 3420 4141 1419 -10345 4334 -7265 -99 -3651 7887 -3489 -1639 776 1175 374 9388 1241 15028 8043 674 -15156 -7590 -11899 -1967 -6456 6244 2302 2614 -9554 1548 3283 -2972 -19336 6916 1343 -457 5601 -11468 -2235 3432 4848 -1069 12470 -2019 -1877 10520 2297 -962 2014 603 1278 3165 296 17716 -15725 -6222 57 -8165 -19773 14297 -23365 9577 -15062 -2436 -20926 8542 -818 -6034 13699 2102 -5016 10413 -10354 2121 -16588 -5137 3383 11621 3837 -2077 2769 649 19647 -2071 -6538 -1673 -14812 
198 21 15 14
9984 -5415 3946 -2292 196 2365 -8891 -7869 -5544 -5156 -6260 -4942 -9534 5179 -9461 -6943 2564 -4289 8336 -8119 -4232 -2650 9931 -6538 3802 6490 8599 7876 -7152 -2029 -8257 4836 7851 3790 1609 -808 442 -674 2426 -6309 1661 759 8548 2599 6781 6542 -7958 -5985 8304 -9000 7506 1756 -9884 -1894 1742 3586 -2870 -4108 -4822 -7240 -9697 -243 5951 8406 2933 7358 -3400 5239 1941 -3809 3265 -3059 -8267 2594 4786 -6502 -8202 -6839 8423 -10029 -1042 -1306 -7200 -7627 -1234 -6843 3769 -10075 -8042 -5380 3967 9833 2679 908 1086 3159 551 824 -3366 -688 92 -1059 -6138 -4803 5877 6337 6674 -1302 -7696 -1367 4724 -6409 -8394 -3299 208 810 356 7699 9369 8833 5997 -9261 6536 8038 -3162 8215 2718 -4703 
-19298 -20589 -6772 6011 6903 -29700 -7534 -11363 -5703 29965 -7645 -9600 -22656 -738 -14900 -8880 -10770 16403 -15981 28469 3764 -26891 -14695 20810 -17267 6234 -20695 24657 17752 -8592 15116 19214 -4767 -3886 26016 7691 -29530 11447 -30191 -14956 16964 9619 605 -31687 12658 25457 -32470 -20316 -24547 32215 -17554 184 -32723 267 26050 -12123 15032 3573 11398 329 -15484 -11340 -28761 31401 -31562 14142 -8548 25003 -18356 -23928 18536 -18568 5398 -15859 14734 17372 -10566 12553 14100 -10073 22301 -5001 32120 31891 18942 -7528 20932 -4669 -14870 24973 12213 2396 5331 -13623 28576 239 737 -4258 3882 22370 -16994 -28920 18006 20514 -32508 22746 -26217 27870 -30086 20041 5241 21139 28852 542 -17490 -4638 -16333 -31797 4161 31601 -17547 -10723 -26495 12622 -23880 -21440 -17117 -5281 
-15480 8957 -2147 -1107 109 -5643 5382 7184 2540 -12413 3845 3812 17354 -307 11326 4954 -2219 -5652 -10703 -18571 -1280 5725 -11725 -10931 -5275 3251 -14298 15603 -10201 1401 -10028 7465 -3007 -1183 3363 -499 -1049 -620 -5885 7581 2264 587 416 -6617 6896 13380 20761 9769 -16377 -23294 -10586 26 25986 -41 3646 -3493 -3466 -1179 -4416 -191 12063 221 -13751 21207 -7438 8360 2335 10524 -2863 7323 4862 4563 -3585 -3305 5666 -9075 6963 -6898 9542 8117 -1867 525 -18581 -19542 -1878 4139 6339 3779 9608 -10795 3893 1893 1147 -994 2493 61 33 -282 -1050 -1237 -126 2461 -8880 -7916 -15350 11581 -14058 -2915 18603 -2201 1989 -10885 -19458 -144 -292 -302 -467 -19669 3132 22427 -8455 7979 -13913 8151 6067 -14151 -3738 1995 
199 20 6 5
9654 5893 -13878 -3677 -15386 -12013 16875 3011 5631 -4246 -11097 -15490 16900 10674 11597 9536 -11810 35 6354 -15796 9652 -13197 4283 4628 -2219 1018 -14002 -11154 98 2695 -5679 425 15727 -14345 8213 11161 1687 -7637 16497 -5796 8186 -26 -43 -4643 14436 -9279 -4998 1088 14295 8224 -7851 -1433 -6862 -7750 13946 4577 12241 -13657 -6773 -5030 -16018 -15274 7855 3507 -622 -8217 -2560 -5521 -16430 12997 10195 -11952 1478 -3633 -10952 8781 9204 -3483 -8584 -59 -16555 15227 1442 15614 -198 -15352 8974 -2400 3765 569 8285 -9053 -1706 -8229 -15818 1220 7391 14854 -13458 -1384 -334 -6786 -1766 -10473 -3475 7811 -14507 -11088 16125 -13455 14741 -3651 -13730 -400 -3869 3345 -10847 2327 16316 -9620 -7206 2401 -9620 -1351 4927 2809 9292 -10770 
-4172 -14202 22795 3441 20407 10315 20108 30943 -4696 15956 -25152 17902 -21269 -4376 15750 25894 -24890 10592 -18846 19929 -12054 -2662 -19303 5307 2751 -22054 12788 2230 -31929 -23516 16004 13095 -226 -9902 14257 7964 -21900 -31615 -22864 -19667 -1189 2238 5987 -9422 -6495 -17571 4452 19557 8607 24094 -18125 -18992 9559 -16965 15363 -768 -21135 23381 19870 -11302 -22997 -8159 -25539 -5121 -22974 2541 12289 -30692 -11708 -22769 -14048 1534 13404 -25425 -25542 30426 -27320 -26864 -23979 23002 -30363 -23067 13266 931 -14275 14450 -27729 -25130 11792 -26937 15547 27713 -15513 -16234 -16225 -28977 3632 -18534 20038 -1662 -32468 4033 20138 353 5671 -9718 31665 6831 30664 -22316 -3135 -17321 -21309 1161 1698 -19734 -28357 -9000 -16313 393 -12340 9892 -3688 31416 -27795 17155 -9914 15858 
-2093 -4348 -16436 -657 -16313 -6438 17630 4841 -1374 -3520 14501 -14407 -18675 -2427 9490 12829 15272 19 -6222 -16356 -6045 1825 -4295 1276 -317 -1166 -9303 -1292 -163 -3293 -4722 289 -185 7380 6084 4618 -1920 12544 -19597 5922 -506 -3 -13 2273 -4871 8471 -1156 1106 6392 10295 7393 1414 -3408 6831 11132 -183 -13442 -16590 -6992 2954 19139 6475 -10423 -933 742 -1085 -1635 8804 9994 -15375 -7441 -953 1029 4799 14534 13881 -13064 4861 10694 -71 26116 -18249 994 755 147 -11526 -12929 3134 2307 -796 6692 -13035 1375 6941 13334 -1837 1395 -14304 -14011 120 563 -1422 -1848 -192 -1024 -3944 -23867 -3935 25690 15600 -2401 3286 15201 -24 -341 -3430 15981 -1088 -13829 -196 4620 1234 1843 -2205 -7115 2504 -4786 -8874 
