# GENERATED by ref/matvec_int4 --trace -- DO NOT EDIT
DIMS 6 1000 32 0 0 0 4
CB 0 -127
CB 1 -104
CB 2 -83
CB 3 -65
CB 4 -49
CB 5 -35
CB 6 -22
CB 7 -10
CB 8 1
CB 9 13
CB 10 25
CB 11 38
CB 12 53
CB 13 69
CB 14 89
CB 15 113
X 0 8000
X 1 8000
X 2 8000
X 3 8000
X 4 8000
X 5 8000
X 6 8000
X 7 8000
X 8 8000
X 9 8000
X 10 8000
X 11 8000
X 12 8000
X 13 8000
X 14 8000
X 15 8000
X 16 8000
X 17 8000
X 18 8000
X 19 8000
X 20 8000
X 21 8000
X 22 8000
X 23 8000
X 24 8000
X 25 8000
X 26 8000
X 27 8000
X 28 8000
X 29 8000
X 30 8000
X 31 8000
X 32 8000
X 33 8000
X 34 8000
X 35 8000
X 36 8000
X 37 8000
X 38 8000
X 39 8000
X 40 8000
X 41 8000
X 42 8000
X 43 8000
X 44 8000
X 45 8000
X 46 8000
X 47 8000
X 48 8000
X 49 8000
X 50 8000
X 51 8000
X 52 8000
X 53 8000
X 54 8000
X 55 8000
X 56 8000
X 57 8000
X 58 8000
X 59 8000
X 60 8000
X 61 8000
X 62 8000
X 63 8000
X 64 8000
X 65 8000
X 66 8000
X 67 8000
X 68 8000
X 69 8000
X 70 8000
X 71 8000
X 72 8000
X 73 8000
X 74 8000
X 75 8000
X 76 8000
X 77 8000
X 78 8000
X 79 8000
X 80 8000
X 81 8000
X 82 8000
X 83 8000
X 84 8000
X 85 8000
X 86 8000
X 87 8000
X 88 8000
X 89 8000
X 90 8000
X 91 8000
X 92 8000
X 93 8000
X 94 8000
X 95 8000
X 96 8000
X 97 8000
X 98 8000
X 99 8000
X 100 8000
X 101 8000
X 102 8000
X 103 8000
X 104 8000
X 105 8000
X 106 8000
X 107 8000
X 108 8000
X 109 8000
X 110 8000
X 111 8000
X 112 8000
X 113 8000
X 114 8000
X 115 8000
X 116 8000
X 117 8000
X 118 8000
X 119 8000
X 120 8000
X 121 8000
X 122 8000
X 123 8000
X 124 8000
X 125 8000
X 126 8000
X 127 8000
X 128 8000
X 129 8000
X 130 8000
X 131 8000
X 132 8000
X 133 8000
X 134 8000
X 135 8000
X 136 8000
X 137 8000
X 138 8000
X 139 8000
X 140 8000
X 141 8000
X 142 8000
X 143 8000
X 144 8000
X 145 8000
X 146 8000
X 147 8000
X 148 8000
X 149 8000
X 150 8000
X 151 8000
X 152 8000
X 153 8000
X 154 8000
X 155 8000
X 156 8000
X 157 8000
X 158 8000
X 159 8000
X 160 8000
X 161 8000
X 162 8000
X 163 8000
X 164 8000
X 165 8000
X 166 8000
X 167 8000
X 168 8000
X 169 8000
X 170 8000
X 171 8000
X 172 8000
X 173 8000
X 174 8000
X 175 8000
X 176 8000
X 177 8000
X 178 8000
X 179 8000
X 180 8000
X 181 8000
X 182 8000
X 183 8000
X 184 8000
X 185 8000
X 186 8000
X 187 8000
X 188 8000
X 189 8000
X 190 8000
X 191 8000
X 192 8000
X 193 8000
X 194 8000
X 195 8000
X 196 8000
X 197 8000
X 198 8000
X 199 8000
X 200 8000
X 201 8000
X 202 8000
X 203 8000
X 204 8000
X 205 8000
X 206 8000
X 207 8000
X 208 8000
X 209 8000
X 210 8000
X 211 8000
X 212 8000
X 213 8000
X 214 8000
X 215 8000
X 216 8000
X 217 8000
X 218 8000
X 219 8000
X 220 8000
X 221 8000
X 222 8000
X 223 8000
X 224 8000
X 225 8000
X 226 8000
X 227 8000
X 228 8000
X 229 8000
X 230 8000
X 231 8000
X 232 8000
X 233 8000
X 234 8000
X 235 8000
X 236 8000
X 237 8000
X 238 8000
X 239 8000
X 240 8000
X 241 8000
X 242 8000
X 243 8000
X 244 8000
X 245 8000
X 246 8000
X 247 8000
X 248 8000
X 249 8000
X 250 8000
X 251 8000
X 252 8000
X 253 8000
X 254 8000
X 255 8000
X 256 8000
X 257 8000
X 258 8000
X 259 8000
X 260 8000
X 261 8000
X 262 8000
X 263 8000
X 264 8000
X 265 8000
X 266 8000
X 267 8000
X 268 8000
X 269 8000
X 270 8000
X 271 8000
X 272 8000
X 273 8000
X 274 8000
X 275 8000
X 276 8000
X 277 8000
X 278 8000
X 279 8000
X 280 8000
X 281 8000
X 282 8000
X 283 8000
X 284 8000
X 285 8000
X 286 8000
X 287 8000
X 288 8000
X 289 8000
X 290 8000
X 291 8000
X 292 8000
X 293 8000
X 294 8000
X 295 8000
X 296 8000
X 297 8000
X 298 8000
X 299 8000
X 300 8000
X 301 8000
X 302 8000
X 303 8000
X 304 8000
X 305 8000
X 306 8000
X 307 8000
X 308 8000
X 309 8000
X 310 8000
X 311 8000
X 312 8000
X 313 8000
X 314 8000
X 315 8000
X 316 8000
X 317 8000
X 318 8000
X 319 8000
X 320 8000
X 321 8000
X 322 8000
X 323 8000
X 324 8000
X 325 8000
X 326 8000
X 327 8000
X 328 8000
X 329 8000
X 330 8000
X 331 8000
X 332 8000
X 333 8000
X 334 8000
X 335 8000
X 336 8000
X 337 8000
X 338 8000
X 339 8000
X 340 8000
X 341 8000
X 342 8000
X 343 8000
X 344 8000
X 345 8000
X 346 8000
X 347 8000
X 348 8000
X 349 8000
X 350 8000
X 351 8000
X 352 8000
X 353 8000
X 354 8000
X 355 8000
X 356 8000
X 357 8000
X 358 8000
X 359 8000
X 360 8000
X 361 8000
X 362 8000
X 363 8000
X 364 8000
X 365 8000
X 366 8000
X 367 8000
X 368 8000
X 369 8000
X 370 8000
X 371 8000
X 372 8000
X 373 8000
X 374 8000
X 375 8000
X 376 8000
X 377 8000
X 378 8000
X 379 8000
X 380 8000
X 381 8000
X 382 8000
X 383 8000
X 384 8000
X 385 8000
X 386 8000
X 387 8000
X 388 8000
X 389 8000
X 390 8000
X 391 8000
X 392 8000
X 393 8000
X 394 8000
X 395 8000
X 396 8000
X 397 8000
X 398 8000
X 399 8000
X 400 8000
X 401 8000
X 402 8000
X 403 8000
X 404 8000
X 405 8000
X 406 8000
X 407 8000
X 408 8000
X 409 8000
X 410 8000
X 411 8000
X 412 8000
X 413 8000
X 414 8000
X 415 8000
X 416 8000
X 417 8000
X 418 8000
X 419 8000
X 420 8000
X 421 8000
X 422 8000
X 423 8000
X 424 8000
X 425 8000
X 426 8000
X 427 8000
X 428 8000
X 429 8000
X 430 8000
X 431 8000
X 432 8000
X 433 8000
X 434 8000
X 435 8000
X 436 8000
X 437 8000
X 438 8000
X 439 8000
X 440 8000
X 441 8000
X 442 8000
X 443 8000
X 444 8000
X 445 8000
X 446 8000
X 447 8000
X 448 8000
X 449 8000
X 450 8000
X 451 8000
X 452 8000
X 453 8000
X 454 8000
X 455 8000
X 456 8000
X 457 8000
X 458 8000
X 459 8000
X 460 8000
X 461 8000
X 462 8000
X 463 8000
X 464 8000
X 465 8000
X 466 8000
X 467 8000
X 468 8000
X 469 8000
X 470 8000
X 471 8000
X 472 8000
X 473 8000
X 474 8000
X 475 8000
X 476 8000
X 477 8000
X 478 8000
X 479 8000
X 480 8000
X 481 8000
X 482 8000
X 483 8000
X 484 8000
X 485 8000
X 486 8000
X 487 8000
X 488 8000
X 489 8000
X 490 8000
X 491 8000
X 492 8000
X 493 8000
X 494 8000
X 495 8000
X 496 8000
X 497 8000
X 498 8000
X 499 8000
X 500 8000
X 501 8000
X 502 8000
X 503 8000
X 504 8000
X 505 8000
X 506 8000
X 507 8000
X 508 8000
X 509 8000
X 510 8000
X 511 8000
X 512 8000
X 513 8000
X 514 8000
X 515 8000
X 516 8000
X 517 8000
X 518 8000
X 519 8000
X 520 8000
X 521 8000
X 522 8000
X 523 8000
X 524 8000
X 525 8000
X 526 8000
X 527 8000
X 528 8000
X 529 8000
X 530 8000
X 531 8000
X 532 8000
X 533 8000
X 534 8000
X 535 8000
X 536 8000
X 537 8000
X 538 8000
X 539 8000
X 540 8000
X 541 8000
X 542 8000
X 543 8000
X 544 8000
X 545 8000
X 546 8000
X 547 8000
X 548 8000
X 549 8000
X 550 8000
X 551 8000
X 552 8000
X 553 8000
X 554 8000
X 555 8000
X 556 8000
X 557 8000
X 558 8000
X 559 8000
X 560 8000
X 561 8000
X 562 8000
X 563 8000
X 564 8000
X 565 8000
X 566 8000
X 567 8000
X 568 8000
X 569 8000
X 570 8000
X 571 8000
X 572 8000
X 573 8000
X 574 8000
X 575 8000
X 576 8000
X 577 8000
X 578 8000
X 579 8000
X 580 8000
X 581 8000
X 582 8000
X 583 8000
X 584 8000
X 585 8000
X 586 8000
X 587 8000
X 588 8000
X 589 8000
X 590 8000
X 591 8000
X 592 8000
X 593 8000
X 594 8000
X 595 8000
X 596 8000
X 597 8000
X 598 8000
X 599 8000
X 600 8000
X 601 8000
X 602 8000
X 603 8000
X 604 8000
X 605 8000
X 606 8000
X 607 8000
X 608 8000
X 609 8000
X 610 8000
X 611 8000
X 612 8000
X 613 8000
X 614 8000
X 615 8000
X 616 8000
X 617 8000
X 618 8000
X 619 8000
X 620 8000
X 621 8000
X 622 8000
X 623 8000
X 624 8000
X 625 8000
X 626 8000
X 627 8000
X 628 8000
X 629 8000
X 630 8000
X 631 8000
X 632 8000
X 633 8000
X 634 8000
X 635 8000
X 636 8000
X 637 8000
X 638 8000
X 639 8000
X 640 8000
X 641 8000
X 642 8000
X 643 8000
X 644 8000
X 645 8000
X 646 8000
X 647 8000
X 648 8000
X 649 8000
X 650 8000
X 651 8000
X 652 8000
X 653 8000
X 654 8000
X 655 8000
X 656 8000
X 657 8000
X 658 8000
X 659 8000
X 660 8000
X 661 8000
X 662 8000
X 663 8000
X 664 8000
X 665 8000
X 666 8000
X 667 8000
X 668 8000
X 669 8000
X 670 8000
X 671 8000
X 672 8000
X 673 8000
X 674 8000
X 675 8000
X 676 8000
X 677 8000
X 678 8000
X 679 8000
X 680 8000
X 681 8000
X 682 8000
X 683 8000
X 684 8000
X 685 8000
X 686 8000
X 687 8000
X 688 8000
X 689 8000
X 690 8000
X 691 8000
X 692 8000
X 693 8000
X 694 8000
X 695 8000
X 696 8000
X 697 8000
X 698 8000
X 699 8000
X 700 8000
X 701 8000
X 702 8000
X 703 8000
X 704 8000
X 705 8000
X 706 8000
X 707 8000
X 708 8000
X 709 8000
X 710 8000
X 711 8000
X 712 8000
X 713 8000
X 714 8000
X 715 8000
X 716 8000
X 717 8000
X 718 8000
X 719 8000
X 720 8000
X 721 8000
X 722 8000
X 723 8000
X 724 8000
X 725 8000
X 726 8000
X 727 8000
X 728 8000
X 729 8000
X 730 8000
X 731 8000
X 732 8000
X 733 8000
X 734 8000
X 735 8000
X 736 8000
X 737 8000
X 738 8000
X 739 8000
X 740 8000
X 741 8000
X 742 8000
X 743 8000
X 744 8000
X 745 8000
X 746 8000
X 747 8000
X 748 8000
X 749 8000
X 750 8000
X 751 8000
X 752 8000
X 753 8000
X 754 8000
X 755 8000
X 756 8000
X 757 8000
X 758 8000
X 759 8000
X 760 8000
X 761 8000
X 762 8000
X 763 8000
X 764 8000
X 765 8000
X 766 8000
X 767 8000
X 768 8000
X 769 8000
X 770 8000
X 771 8000
X 772 8000
X 773 8000
X 774 8000
X 775 8000
X 776 8000
X 777 8000
X 778 8000
X 779 8000
X 780 8000
X 781 8000
X 782 8000
X 783 8000
X 784 8000
X 785 8000
X 786 8000
X 787 8000
X 788 8000
X 789 8000
X 790 8000
X 791 8000
X 792 8000
X 793 8000
X 794 8000
X 795 8000
X 796 8000
X 797 8000
X 798 8000
X 799 8000
X 800 8000
X 801 8000
X 802 8000
X 803 8000
X 804 8000
X 805 8000
X 806 8000
X 807 8000
X 808 8000
X 809 8000
X 810 8000
X 811 8000
X 812 8000
X 813 8000
X 814 8000
X 815 8000
X 816 8000
X 817 8000
X 818 8000
X 819 8000
X 820 8000
X 821 8000
X 822 8000
X 823 8000
X 824 8000
X 825 8000
X 826 8000
X 827 8000
X 828 8000
X 829 8000
X 830 8000
X 831 8000
X 832 8000
X 833 8000
X 834 8000
X 835 8000
X 836 8000
X 837 8000
X 838 8000
X 839 8000
X 840 8000
X 841 8000
X 842 8000
X 843 8000
X 844 8000
X 845 8000
X 846 8000
X 847 8000
X 848 8000
X 849 8000
X 850 8000
X 851 8000
X 852 8000
X 853 8000
X 854 8000
X 855 8000
X 856 8000
X 857 8000
X 858 8000
X 859 8000
X 860 8000
X 861 8000
X 862 8000
X 863 8000
X 864 8000
X 865 8000
X 866 8000
X 867 8000
X 868 8000
X 869 8000
X 870 8000
X 871 8000
X 872 8000
X 873 8000
X 874 8000
X 875 8000
X 876 8000
X 877 8000
X 878 8000
X 879 8000
X 880 8000
X 881 8000
X 882 8000
X 883 8000
X 884 8000
X 885 8000
X 886 8000
X 887 8000
X 888 8000
X 889 8000
X 890 8000
X 891 8000
X 892 8000
X 893 8000
X 894 8000
X 895 8000
X 896 8000
X 897 8000
X 898 8000
X 899 8000
X 900 8000
X 901 8000
X 902 8000
X 903 8000
X 904 8000
X 905 8000
X 906 8000
X 907 8000
X 908 8000
X 909 8000
X 910 8000
X 911 8000
X 912 8000
X 913 8000
X 914 8000
X 915 8000
X 916 8000
X 917 8000
X 918 8000
X 919 8000
X 920 8000
X 921 8000
X 922 8000
X 923 8000
X 924 8000
X 925 8000
X 926 8000
X 927 8000
X 928 8000
X 929 8000
X 930 8000
X 931 8000
X 932 8000
X 933 8000
X 934 8000
X 935 8000
X 936 8000
X 937 8000
X 938 8000
X 939 8000
X 940 8000
X 941 8000
X 942 8000
X 943 8000
X 944 8000
X 945 8000
X 946 8000
X 947 8000
X 948 8000
X 949 8000
X 950 8000
X 951 8000
X 952 8000
X 953 8000
X 954 8000
X 955 8000
X 956 8000
X 957 8000
X 958 8000
X 959 8000
X 960 8000
X 961 8000
X 962 8000
X 963 8000
X 964 8000
X 965 8000
X 966 8000
X 967 8000
X 968 8000
X 969 8000
X 970 8000
X 971 8000
X 972 8000
X 973 8000
X 974 8000
X 975 8000
X 976 8000
X 977 8000
X 978 8000
X 979 8000
X 980 8000
X 981 8000
X 982 8000
X 983 8000
X 984 8000
X 985 8000
X 986 8000
X 987 8000
X 988 8000
X 989 8000
X 990 8000
X 991 8000
X 992 8000
X 993 8000
X 994 8000
X 995 8000
X 996 8000
X 997 8000
X 998 8000
X 999 8000
SCALE 0 0 7FFF
IDX 0 0 0
IDX 0 1 0
IDX 0 2 0
IDX 0 3 0
IDX 0 4 0
IDX 0 5 0
IDX 0 6 0
IDX 0 7 0
IDX 0 8 0
IDX 0 9 0
IDX 0 10 0
IDX 0 11 0
IDX 0 12 0
IDX 0 13 0
IDX 0 14 0
IDX 0 15 0
IDX 0 16 0
IDX 0 17 0
IDX 0 18 0
IDX 0 19 0
IDX 0 20 0
IDX 0 21 0
IDX 0 22 0
IDX 0 23 0
IDX 0 24 0
IDX 0 25 0
IDX 0 26 0
IDX 0 27 0
IDX 0 28 0
IDX 0 29 0
IDX 0 30 0
IDX 0 31 0
SCALE 0 1 7FFF
IDX 0 32 0
IDX 0 33 0
IDX 0 34 0
IDX 0 35 0
IDX 0 36 0
IDX 0 37 0
IDX 0 38 0
IDX 0 39 0
IDX 0 40 0
IDX 0 41 0
IDX 0 42 0
IDX 0 43 0
IDX 0 44 0
IDX 0 45 0
IDX 0 46 0
IDX 0 47 0
IDX 0 48 0
IDX 0 49 0
IDX 0 50 0
IDX 0 51 0
IDX 0 52 0
IDX 0 53 0
IDX 0 54 0
IDX 0 55 0
IDX 0 56 0
IDX 0 57 0
IDX 0 58 0
IDX 0 59 0
IDX 0 60 0
IDX 0 61 0
IDX 0 62 0
IDX 0 63 0
SCALE 0 2 7FFF
IDX 0 64 0
IDX 0 65 0
IDX 0 66 0
IDX 0 67 0
IDX 0 68 0
IDX 0 69 0
IDX 0 70 0
IDX 0 71 0
IDX 0 72 0
IDX 0 73 0
IDX 0 74 0
IDX 0 75 0
IDX 0 76 0
IDX 0 77 0
IDX 0 78 0
IDX 0 79 0
IDX 0 80 0
IDX 0 81 0
IDX 0 82 0
IDX 0 83 0
IDX 0 84 0
IDX 0 85 0
IDX 0 86 0
IDX 0 87 0
IDX 0 88 0
IDX 0 89 0
IDX 0 90 0
IDX 0 91 0
IDX 0 92 0
IDX 0 93 0
IDX 0 94 0
IDX 0 95 0
SCALE 0 3 7FFF
IDX 0 96 0
IDX 0 97 0
IDX 0 98 0
IDX 0 99 0
IDX 0 100 0
IDX 0 101 0
IDX 0 102 0
IDX 0 103 0
IDX 0 104 0
IDX 0 105 0
IDX 0 106 0
IDX 0 107 0
IDX 0 108 0
IDX 0 109 0
IDX 0 110 0
IDX 0 111 0
IDX 0 112 0
IDX 0 113 0
IDX 0 114 0
IDX 0 115 0
IDX 0 116 0
IDX 0 117 0
IDX 0 118 0
IDX 0 119 0
IDX 0 120 0
IDX 0 121 0
IDX 0 122 0
IDX 0 123 0
IDX 0 124 0
IDX 0 125 0
IDX 0 126 0
IDX 0 127 0
SCALE 0 4 7FFF
IDX 0 128 0
IDX 0 129 0
IDX 0 130 0
IDX 0 131 0
IDX 0 132 0
IDX 0 133 0
IDX 0 134 0
IDX 0 135 0
IDX 0 136 0
IDX 0 137 0
IDX 0 138 0
IDX 0 139 0
IDX 0 140 0
IDX 0 141 0
IDX 0 142 0
IDX 0 143 0
IDX 0 144 0
IDX 0 145 0
IDX 0 146 0
IDX 0 147 0
IDX 0 148 0
IDX 0 149 0
IDX 0 150 0
IDX 0 151 0
IDX 0 152 0
IDX 0 153 0
IDX 0 154 0
IDX 0 155 0
IDX 0 156 0
IDX 0 157 0
IDX 0 158 0
IDX 0 159 0
SCALE 0 5 7FFF
IDX 0 160 0
IDX 0 161 0
IDX 0 162 0
IDX 0 163 0
IDX 0 164 0
IDX 0 165 0
IDX 0 166 0
IDX 0 167 0
IDX 0 168 0
IDX 0 169 0
IDX 0 170 0
IDX 0 171 0
IDX 0 172 0
IDX 0 173 0
IDX 0 174 0
IDX 0 175 0
IDX 0 176 0
IDX 0 177 0
IDX 0 178 0
IDX 0 179 0
IDX 0 180 0
IDX 0 181 0
IDX 0 182 0
IDX 0 183 0
IDX 0 184 0
IDX 0 185 0
IDX 0 186 0
IDX 0 187 0
IDX 0 188 0
IDX 0 189 0
IDX 0 190 0
IDX 0 191 0
SCALE 0 6 7FFF
IDX 0 192 0
IDX 0 193 0
IDX 0 194 0
IDX 0 195 0
IDX 0 196 0
IDX 0 197 0
IDX 0 198 0
IDX 0 199 0
IDX 0 200 0
IDX 0 201 0
IDX 0 202 0
IDX 0 203 0
IDX 0 204 0
IDX 0 205 0
IDX 0 206 0
IDX 0 207 0
IDX 0 208 0
IDX 0 209 0
IDX 0 210 0
IDX 0 211 0
IDX 0 212 0
IDX 0 213 0
IDX 0 214 0
IDX 0 215 0
IDX 0 216 0
IDX 0 217 0
IDX 0 218 0
IDX 0 219 0
IDX 0 220 0
IDX 0 221 0
IDX 0 222 0
IDX 0 223 0
SCALE 0 7 7FFF
IDX 0 224 0
IDX 0 225 0
IDX 0 226 0
IDX 0 227 0
IDX 0 228 0
IDX 0 229 0
IDX 0 230 0
IDX 0 231 0
IDX 0 232 0
IDX 0 233 0
IDX 0 234 0
IDX 0 235 0
IDX 0 236 0
IDX 0 237 0
IDX 0 238 0
IDX 0 239 0
IDX 0 240 0
IDX 0 241 0
IDX 0 242 0
IDX 0 243 0
IDX 0 244 0
IDX 0 245 0
IDX 0 246 0
IDX 0 247 0
IDX 0 248 0
IDX 0 249 0
IDX 0 250 0
IDX 0 251 0
IDX 0 252 0
IDX 0 253 0
IDX 0 254 0
IDX 0 255 0
SCALE 0 8 7FFF
IDX 0 256 0
IDX 0 257 0
IDX 0 258 0
IDX 0 259 0
IDX 0 260 0
IDX 0 261 0
IDX 0 262 0
IDX 0 263 0
IDX 0 264 0
IDX 0 265 0
IDX 0 266 0
IDX 0 267 0
IDX 0 268 0
IDX 0 269 0
IDX 0 270 0
IDX 0 271 0
IDX 0 272 0
IDX 0 273 0
IDX 0 274 0
IDX 0 275 0
IDX 0 276 0
IDX 0 277 0
IDX 0 278 0
IDX 0 279 0
IDX 0 280 0
IDX 0 281 0
IDX 0 282 0
IDX 0 283 0
IDX 0 284 0
IDX 0 285 0
IDX 0 286 0
IDX 0 287 0
SCALE 0 9 7FFF
IDX 0 288 0
IDX 0 289 0
IDX 0 290 0
IDX 0 291 0
IDX 0 292 0
IDX 0 293 0
IDX 0 294 0
IDX 0 295 0
IDX 0 296 0
IDX 0 297 0
IDX 0 298 0
IDX 0 299 0
IDX 0 300 0
IDX 0 301 0
IDX 0 302 0
IDX 0 303 0
IDX 0 304 0
IDX 0 305 0
IDX 0 306 0
IDX 0 307 0
IDX 0 308 0
IDX 0 309 0
IDX 0 310 0
IDX 0 311 0
IDX 0 312 0
IDX 0 313 0
IDX 0 314 0
IDX 0 315 0
IDX 0 316 0
IDX 0 317 0
IDX 0 318 0
IDX 0 319 0
SCALE 0 10 7FFF
IDX 0 320 0
IDX 0 321 0
IDX 0 322 0
IDX 0 323 0
IDX 0 324 0
IDX 0 325 0
IDX 0 326 0
IDX 0 327 0
IDX 0 328 0
IDX 0 329 0
IDX 0 330 0
IDX 0 331 0
IDX 0 332 0
IDX 0 333 0
IDX 0 334 0
IDX 0 335 0
IDX 0 336 0
IDX 0 337 0
IDX 0 338 0
IDX 0 339 0
IDX 0 340 0
IDX 0 341 0
IDX 0 342 0
IDX 0 343 0
IDX 0 344 0
IDX 0 345 0
IDX 0 346 0
IDX 0 347 0
IDX 0 348 0
IDX 0 349 0
IDX 0 350 0
IDX 0 351 0
SCALE 0 11 7FFF
IDX 0 352 0
IDX 0 353 0
IDX 0 354 0
IDX 0 355 0
IDX 0 356 0
IDX 0 357 0
IDX 0 358 0
IDX 0 359 0
IDX 0 360 0
IDX 0 361 0
IDX 0 362 0
IDX 0 363 0
IDX 0 364 0
IDX 0 365 0
IDX 0 366 0
IDX 0 367 0
IDX 0 368 0
IDX 0 369 0
IDX 0 370 0
IDX 0 371 0
IDX 0 372 0
IDX 0 373 0
IDX 0 374 0
IDX 0 375 0
IDX 0 376 0
IDX 0 377 0
IDX 0 378 0
IDX 0 379 0
IDX 0 380 0
IDX 0 381 0
IDX 0 382 0
IDX 0 383 0
SCALE 0 12 7FFF
IDX 0 384 0
IDX 0 385 0
IDX 0 386 0
IDX 0 387 0
IDX 0 388 0
IDX 0 389 0
IDX 0 390 0
IDX 0 391 0
IDX 0 392 0
IDX 0 393 0
IDX 0 394 0
IDX 0 395 0
IDX 0 396 0
IDX 0 397 0
IDX 0 398 0
IDX 0 399 0
IDX 0 400 0
IDX 0 401 0
IDX 0 402 0
IDX 0 403 0
IDX 0 404 0
IDX 0 405 0
IDX 0 406 0
IDX 0 407 0
IDX 0 408 0
IDX 0 409 0
IDX 0 410 0
IDX 0 411 0
IDX 0 412 0
IDX 0 413 0
IDX 0 414 0
IDX 0 415 0
SCALE 0 13 7FFF
IDX 0 416 0
IDX 0 417 0
IDX 0 418 0
IDX 0 419 0
IDX 0 420 0
IDX 0 421 0
IDX 0 422 0
IDX 0 423 0
IDX 0 424 0
IDX 0 425 0
IDX 0 426 0
IDX 0 427 0
IDX 0 428 0
IDX 0 429 0
IDX 0 430 0
IDX 0 431 0
IDX 0 432 0
IDX 0 433 0
IDX 0 434 0
IDX 0 435 0
IDX 0 436 0
IDX 0 437 0
IDX 0 438 0
IDX 0 439 0
IDX 0 440 0
IDX 0 441 0
IDX 0 442 0
IDX 0 443 0
IDX 0 444 0
IDX 0 445 0
IDX 0 446 0
IDX 0 447 0
SCALE 0 14 7FFF
IDX 0 448 0
IDX 0 449 0
IDX 0 450 0
IDX 0 451 0
IDX 0 452 0
IDX 0 453 0
IDX 0 454 0
IDX 0 455 0
IDX 0 456 0
IDX 0 457 0
IDX 0 458 0
IDX 0 459 0
IDX 0 460 0
IDX 0 461 0
IDX 0 462 0
IDX 0 463 0
IDX 0 464 0
IDX 0 465 0
IDX 0 466 0
IDX 0 467 0
IDX 0 468 0
IDX 0 469 0
IDX 0 470 0
IDX 0 471 0
IDX 0 472 0
IDX 0 473 0
IDX 0 474 0
IDX 0 475 0
IDX 0 476 0
IDX 0 477 0
IDX 0 478 0
IDX 0 479 0
SCALE 0 15 7FFF
IDX 0 480 0
IDX 0 481 0
IDX 0 482 0
IDX 0 483 0
IDX 0 484 0
IDX 0 485 0
IDX 0 486 0
IDX 0 487 0
IDX 0 488 0
IDX 0 489 0
IDX 0 490 0
IDX 0 491 0
IDX 0 492 0
IDX 0 493 0
IDX 0 494 0
IDX 0 495 0
IDX 0 496 0
IDX 0 497 0
IDX 0 498 0
IDX 0 499 0
IDX 0 500 0
IDX 0 501 0
IDX 0 502 0
IDX 0 503 0
IDX 0 504 0
IDX 0 505 0
IDX 0 506 0
IDX 0 507 0
IDX 0 508 0
IDX 0 509 0
IDX 0 510 0
IDX 0 511 0
SCALE 0 16 7FFF
IDX 0 512 0
IDX 0 513 0
IDX 0 514 0
IDX 0 515 0
IDX 0 516 0
IDX 0 517 0
IDX 0 518 0
IDX 0 519 0
IDX 0 520 0
IDX 0 521 0
IDX 0 522 0
IDX 0 523 0
IDX 0 524 0
IDX 0 525 0
IDX 0 526 0
IDX 0 527 0
IDX 0 528 0
IDX 0 529 0
IDX 0 530 0
IDX 0 531 0
IDX 0 532 0
IDX 0 533 0
IDX 0 534 0
IDX 0 535 0
IDX 0 536 0
IDX 0 537 0
IDX 0 538 0
IDX 0 539 0
IDX 0 540 0
IDX 0 541 0
IDX 0 542 0
IDX 0 543 0
SCALE 0 17 7FFF
IDX 0 544 0
IDX 0 545 0
IDX 0 546 0
IDX 0 547 0
IDX 0 548 0
IDX 0 549 0
IDX 0 550 0
IDX 0 551 0
IDX 0 552 0
IDX 0 553 0
IDX 0 554 0
IDX 0 555 0
IDX 0 556 0
IDX 0 557 0
IDX 0 558 0
IDX 0 559 0
IDX 0 560 0
IDX 0 561 0
IDX 0 562 0
IDX 0 563 0
IDX 0 564 0
IDX 0 565 0
IDX 0 566 0
IDX 0 567 0
IDX 0 568 0
IDX 0 569 0
IDX 0 570 0
IDX 0 571 0
IDX 0 572 0
IDX 0 573 0
IDX 0 574 0
IDX 0 575 0
SCALE 0 18 7FFF
IDX 0 576 0
IDX 0 577 0
IDX 0 578 0
IDX 0 579 0
IDX 0 580 0
IDX 0 581 0
IDX 0 582 0
IDX 0 583 0
IDX 0 584 0
IDX 0 585 0
IDX 0 586 0
IDX 0 587 0
IDX 0 588 0
IDX 0 589 0
IDX 0 590 0
IDX 0 591 0
IDX 0 592 0
IDX 0 593 0
IDX 0 594 0
IDX 0 595 0
IDX 0 596 0
IDX 0 597 0
IDX 0 598 0
IDX 0 599 0
IDX 0 600 0
IDX 0 601 0
IDX 0 602 0
IDX 0 603 0
IDX 0 604 0
IDX 0 605 0
IDX 0 606 0
IDX 0 607 0
SCALE 0 19 7FFF
IDX 0 608 0
IDX 0 609 0
IDX 0 610 0
IDX 0 611 0
IDX 0 612 0
IDX 0 613 0
IDX 0 614 0
IDX 0 615 0
IDX 0 616 0
IDX 0 617 0
IDX 0 618 0
IDX 0 619 0
IDX 0 620 0
IDX 0 621 0
IDX 0 622 0
IDX 0 623 0
IDX 0 624 0
IDX 0 625 0
IDX 0 626 0
IDX 0 627 0
IDX 0 628 0
IDX 0 629 0
IDX 0 630 0
IDX 0 631 0
IDX 0 632 0
IDX 0 633 0
IDX 0 634 0
IDX 0 635 0
IDX 0 636 0
IDX 0 637 0
IDX 0 638 0
IDX 0 639 0
SCALE 0 20 7FFF
IDX 0 640 0
IDX 0 641 0
IDX 0 642 0
IDX 0 643 0
IDX 0 644 0
IDX 0 645 0
IDX 0 646 0
IDX 0 647 0
IDX 0 648 0
IDX 0 649 0
IDX 0 650 0
IDX 0 651 0
IDX 0 652 0
IDX 0 653 0
IDX 0 654 0
IDX 0 655 0
IDX 0 656 0
IDX 0 657 0
IDX 0 658 0
IDX 0 659 0
IDX 0 660 0
IDX 0 661 0
IDX 0 662 0
IDX 0 663 0
IDX 0 664 0
IDX 0 665 0
IDX 0 666 0
IDX 0 667 0
IDX 0 668 0
IDX 0 669 0
IDX 0 670 0
IDX 0 671 0
SCALE 0 21 7FFF
IDX 0 672 0
IDX 0 673 0
IDX 0 674 0
IDX 0 675 0
IDX 0 676 0
IDX 0 677 0
IDX 0 678 0
IDX 0 679 0
IDX 0 680 0
IDX 0 681 0
IDX 0 682 0
IDX 0 683 0
IDX 0 684 0
IDX 0 685 0
IDX 0 686 0
IDX 0 687 0
IDX 0 688 0
IDX 0 689 0
IDX 0 690 0
IDX 0 691 0
IDX 0 692 0
IDX 0 693 0
IDX 0 694 0
IDX 0 695 0
IDX 0 696 0
IDX 0 697 0
IDX 0 698 0
IDX 0 699 0
IDX 0 700 0
IDX 0 701 0
IDX 0 702 0
IDX 0 703 0
SCALE 0 22 7FFF
IDX 0 704 0
IDX 0 705 0
IDX 0 706 0
IDX 0 707 0
IDX 0 708 0
IDX 0 709 0
IDX 0 710 0
IDX 0 711 0
IDX 0 712 0
IDX 0 713 0
IDX 0 714 0
IDX 0 715 0
IDX 0 716 0
IDX 0 717 0
IDX 0 718 0
IDX 0 719 0
IDX 0 720 0
IDX 0 721 0
IDX 0 722 0
IDX 0 723 0
IDX 0 724 0
IDX 0 725 0
IDX 0 726 0
IDX 0 727 0
IDX 0 728 0
IDX 0 729 0
IDX 0 730 0
IDX 0 731 0
IDX 0 732 0
IDX 0 733 0
IDX 0 734 0
IDX 0 735 0
SCALE 0 23 7FFF
IDX 0 736 0
IDX 0 737 0
IDX 0 738 0
IDX 0 739 0
IDX 0 740 0
IDX 0 741 0
IDX 0 742 0
IDX 0 743 0
IDX 0 744 0
IDX 0 745 0
IDX 0 746 0
IDX 0 747 0
IDX 0 748 0
IDX 0 749 0
IDX 0 750 0
IDX 0 751 0
IDX 0 752 0
IDX 0 753 0
IDX 0 754 0
IDX 0 755 0
IDX 0 756 0
IDX 0 757 0
IDX 0 758 0
IDX 0 759 0
IDX 0 760 0
IDX 0 761 0
IDX 0 762 0
IDX 0 763 0
IDX 0 764 0
IDX 0 765 0
IDX 0 766 0
IDX 0 767 0
SCALE 0 24 7FFF
IDX 0 768 0
IDX 0 769 0
IDX 0 770 0
IDX 0 771 0
IDX 0 772 0
IDX 0 773 0
IDX 0 774 0
IDX 0 775 0
IDX 0 776 0
IDX 0 777 0
IDX 0 778 0
IDX 0 779 0
IDX 0 780 0
IDX 0 781 0
IDX 0 782 0
IDX 0 783 0
IDX 0 784 0
IDX 0 785 0
IDX 0 786 0
IDX 0 787 0
IDX 0 788 0
IDX 0 789 0
IDX 0 790 0
IDX 0 791 0
IDX 0 792 0
IDX 0 793 0
IDX 0 794 0
IDX 0 795 0
IDX 0 796 0
IDX 0 797 0
IDX 0 798 0
IDX 0 799 0
SCALE 0 25 7FFF
IDX 0 800 0
IDX 0 801 0
IDX 0 802 0
IDX 0 803 0
IDX 0 804 0
IDX 0 805 0
IDX 0 806 0
IDX 0 807 0
IDX 0 808 0
IDX 0 809 0
IDX 0 810 0
IDX 0 811 0
IDX 0 812 0
IDX 0 813 0
IDX 0 814 0
IDX 0 815 0
IDX 0 816 0
IDX 0 817 0
IDX 0 818 0
IDX 0 819 0
IDX 0 820 0
IDX 0 821 0
IDX 0 822 0
IDX 0 823 0
IDX 0 824 0
IDX 0 825 0
IDX 0 826 0
IDX 0 827 0
IDX 0 828 0
IDX 0 829 0
IDX 0 830 0
IDX 0 831 0
SCALE 0 26 7FFF
IDX 0 832 0
IDX 0 833 0
IDX 0 834 0
IDX 0 835 0
IDX 0 836 0
IDX 0 837 0
IDX 0 838 0
IDX 0 839 0
IDX 0 840 0
IDX 0 841 0
IDX 0 842 0
IDX 0 843 0
IDX 0 844 0
IDX 0 845 0
IDX 0 846 0
IDX 0 847 0
IDX 0 848 0
IDX 0 849 0
IDX 0 850 0
IDX 0 851 0
IDX 0 852 0
IDX 0 853 0
IDX 0 854 0
IDX 0 855 0
IDX 0 856 0
IDX 0 857 0
IDX 0 858 0
IDX 0 859 0
IDX 0 860 0
IDX 0 861 0
IDX 0 862 0
IDX 0 863 0
SCALE 0 27 7FFF
IDX 0 864 0
IDX 0 865 0
IDX 0 866 0
IDX 0 867 0
IDX 0 868 0
IDX 0 869 0
IDX 0 870 0
IDX 0 871 0
IDX 0 872 0
IDX 0 873 0
IDX 0 874 0
IDX 0 875 0
IDX 0 876 0
IDX 0 877 0
IDX 0 878 0
IDX 0 879 0
IDX 0 880 0
IDX 0 881 0
IDX 0 882 0
IDX 0 883 0
IDX 0 884 0
IDX 0 885 0
IDX 0 886 0
IDX 0 887 0
IDX 0 888 0
IDX 0 889 0
IDX 0 890 0
IDX 0 891 0
IDX 0 892 0
IDX 0 893 0
IDX 0 894 0
IDX 0 895 0
SCALE 0 28 7FFF
IDX 0 896 0
IDX 0 897 0
IDX 0 898 0
IDX 0 899 0
IDX 0 900 0
IDX 0 901 0
IDX 0 902 0
IDX 0 903 0
IDX 0 904 0
IDX 0 905 0
IDX 0 906 0
IDX 0 907 0
IDX 0 908 0
IDX 0 909 0
IDX 0 910 0
IDX 0 911 0
IDX 0 912 0
IDX 0 913 0
IDX 0 914 0
IDX 0 915 0
IDX 0 916 0
IDX 0 917 0
IDX 0 918 0
IDX 0 919 0
IDX 0 920 0
IDX 0 921 0
IDX 0 922 0
IDX 0 923 0
IDX 0 924 0
IDX 0 925 0
IDX 0 926 0
IDX 0 927 0
SCALE 0 29 7FFF
IDX 0 928 0
IDX 0 929 0
IDX 0 930 0
IDX 0 931 0
IDX 0 932 0
IDX 0 933 0
IDX 0 934 0
IDX 0 935 0
IDX 0 936 0
IDX 0 937 0
IDX 0 938 0
IDX 0 939 0
IDX 0 940 0
IDX 0 941 0
IDX 0 942 0
IDX 0 943 0
IDX 0 944 0
IDX 0 945 0
IDX 0 946 0
IDX 0 947 0
IDX 0 948 0
IDX 0 949 0
IDX 0 950 0
IDX 0 951 0
IDX 0 952 0
IDX 0 953 0
IDX 0 954 0
IDX 0 955 0
IDX 0 956 0
IDX 0 957 0
IDX 0 958 0
IDX 0 959 0
SCALE 0 30 7FFF
IDX 0 960 0
IDX 0 961 0
IDX 0 962 0
IDX 0 963 0
IDX 0 964 0
IDX 0 965 0
IDX 0 966 0
IDX 0 967 0
IDX 0 968 0
IDX 0 969 0
IDX 0 970 0
IDX 0 971 0
IDX 0 972 0
IDX 0 973 0
IDX 0 974 0
IDX 0 975 0
IDX 0 976 0
IDX 0 977 0
IDX 0 978 0
IDX 0 979 0
IDX 0 980 0
IDX 0 981 0
IDX 0 982 0
IDX 0 983 0
IDX 0 984 0
IDX 0 985 0
IDX 0 986 0
IDX 0 987 0
IDX 0 988 0
IDX 0 989 0
IDX 0 990 0
IDX 0 991 0
SCALE 0 31 7FFF
IDX 0 992 0
IDX 0 993 0
IDX 0 994 0
IDX 0 995 0
IDX 0 996 0
IDX 0 997 0
IDX 0 998 0
IDX 0 999 0
IDX 0 1000 0
IDX 0 1001 0
IDX 0 1002 0
IDX 0 1003 0
IDX 0 1004 0
IDX 0 1005 0
IDX 0 1006 0
IDX 0 1007 0
IDX 0 1008 0
IDX 0 1009 0
IDX 0 1010 0
IDX 0 1011 0
IDX 0 1012 0
IDX 0 1013 0
IDX 0 1014 0
IDX 0 1015 0
IDX 0 1016 0
IDX 0 1017 0
IDX 0 1018 0
IDX 0 1019 0
IDX 0 1020 0
IDX 0 1021 0
IDX 0 1022 0
IDX 0 1023 0
SCALE 1 0 7FFF
IDX 1 0 0
IDX 1 1 0
IDX 1 2 0
IDX 1 3 0
IDX 1 4 0
IDX 1 5 0
IDX 1 6 0
IDX 1 7 0
IDX 1 8 0
IDX 1 9 0
IDX 1 10 0
IDX 1 11 0
IDX 1 12 0
IDX 1 13 0
IDX 1 14 0
IDX 1 15 0
IDX 1 16 0
IDX 1 17 0
IDX 1 18 0
IDX 1 19 0
IDX 1 20 0
IDX 1 21 0
IDX 1 22 0
IDX 1 23 0
IDX 1 24 0
IDX 1 25 0
IDX 1 26 0
IDX 1 27 0
IDX 1 28 0
IDX 1 29 0
IDX 1 30 0
IDX 1 31 0
SCALE 1 1 7FFF
IDX 1 32 0
IDX 1 33 0
IDX 1 34 0
IDX 1 35 0
IDX 1 36 0
IDX 1 37 0
IDX 1 38 0
IDX 1 39 0
IDX 1 40 0
IDX 1 41 0
IDX 1 42 0
IDX 1 43 0
IDX 1 44 0
IDX 1 45 0
IDX 1 46 0
IDX 1 47 0
IDX 1 48 0
IDX 1 49 0
IDX 1 50 0
IDX 1 51 0
IDX 1 52 0
IDX 1 53 0
IDX 1 54 0
IDX 1 55 0
IDX 1 56 0
IDX 1 57 0
IDX 1 58 0
IDX 1 59 0
IDX 1 60 0
IDX 1 61 0
IDX 1 62 0
IDX 1 63 0
SCALE 1 2 7FFF
IDX 1 64 0
IDX 1 65 0
IDX 1 66 0
IDX 1 67 0
IDX 1 68 0
IDX 1 69 0
IDX 1 70 0
IDX 1 71 0
IDX 1 72 0
IDX 1 73 0
IDX 1 74 0
IDX 1 75 0
IDX 1 76 0
IDX 1 77 0
IDX 1 78 0
IDX 1 79 0
IDX 1 80 0
IDX 1 81 0
IDX 1 82 0
IDX 1 83 0
IDX 1 84 0
IDX 1 85 0
IDX 1 86 0
IDX 1 87 0
IDX 1 88 0
IDX 1 89 0
IDX 1 90 0
IDX 1 91 0
IDX 1 92 0
IDX 1 93 0
IDX 1 94 0
IDX 1 95 0
SCALE 1 3 7FFF
IDX 1 96 0
IDX 1 97 0
IDX 1 98 0
IDX 1 99 0
IDX 1 100 0
IDX 1 101 0
IDX 1 102 0
IDX 1 103 0
IDX 1 104 0
IDX 1 105 0
IDX 1 106 0
IDX 1 107 0
IDX 1 108 0
IDX 1 109 0
IDX 1 110 0
IDX 1 111 0
IDX 1 112 0
IDX 1 113 0
IDX 1 114 0
IDX 1 115 0
IDX 1 116 0
IDX 1 117 0
IDX 1 118 0
IDX 1 119 0
IDX 1 120 0
IDX 1 121 0
IDX 1 122 0
IDX 1 123 0
IDX 1 124 0
IDX 1 125 0
IDX 1 126 0
IDX 1 127 0
SCALE 1 4 7FFF
IDX 1 128 0
IDX 1 129 0
IDX 1 130 0
IDX 1 131 0
IDX 1 132 0
IDX 1 133 0
IDX 1 134 0
IDX 1 135 0
IDX 1 136 0
IDX 1 137 0
IDX 1 138 0
IDX 1 139 0
IDX 1 140 0
IDX 1 141 0
IDX 1 142 0
IDX 1 143 0
IDX 1 144 0
IDX 1 145 0
IDX 1 146 0
IDX 1 147 0
IDX 1 148 0
IDX 1 149 0
IDX 1 150 0
IDX 1 151 0
IDX 1 152 0
IDX 1 153 0
IDX 1 154 0
IDX 1 155 0
IDX 1 156 0
IDX 1 157 0
IDX 1 158 0
IDX 1 159 0
SCALE 1 5 7FFF
IDX 1 160 0
IDX 1 161 0
IDX 1 162 0
IDX 1 163 0
IDX 1 164 0
IDX 1 165 0
IDX 1 166 0
IDX 1 167 0
IDX 1 168 0
IDX 1 169 0
IDX 1 170 0
IDX 1 171 0
IDX 1 172 0
IDX 1 173 0
IDX 1 174 0
IDX 1 175 0
IDX 1 176 0
IDX 1 177 0
IDX 1 178 0
IDX 1 179 0
IDX 1 180 0
IDX 1 181 0
IDX 1 182 0
IDX 1 183 0
IDX 1 184 0
IDX 1 185 0
IDX 1 186 0
IDX 1 187 0
IDX 1 188 0
IDX 1 189 0
IDX 1 190 0
IDX 1 191 0
SCALE 1 6 7FFF
IDX 1 192 0
IDX 1 193 0
IDX 1 194 0
IDX 1 195 0
IDX 1 196 0
IDX 1 197 0
IDX 1 198 0
IDX 1 199 0
IDX 1 200 0
IDX 1 201 0
IDX 1 202 0
IDX 1 203 0
IDX 1 204 0
IDX 1 205 0
IDX 1 206 0
IDX 1 207 0
IDX 1 208 0
IDX 1 209 0
IDX 1 210 0
IDX 1 211 0
IDX 1 212 0
IDX 1 213 0
IDX 1 214 0
IDX 1 215 0
IDX 1 216 0
IDX 1 217 0
IDX 1 218 0
IDX 1 219 0
IDX 1 220 0
IDX 1 221 0
IDX 1 222 0
IDX 1 223 0
SCALE 1 7 7FFF
IDX 1 224 0
IDX 1 225 0
IDX 1 226 0
IDX 1 227 0
IDX 1 228 0
IDX 1 229 0
IDX 1 230 0
IDX 1 231 0
IDX 1 232 0
IDX 1 233 0
IDX 1 234 0
IDX 1 235 0
IDX 1 236 0
IDX 1 237 0
IDX 1 238 0
IDX 1 239 0
IDX 1 240 0
IDX 1 241 0
IDX 1 242 0
IDX 1 243 0
IDX 1 244 0
IDX 1 245 0
IDX 1 246 0
IDX 1 247 0
IDX 1 248 0
IDX 1 249 0
IDX 1 250 0
IDX 1 251 0
IDX 1 252 0
IDX 1 253 0
IDX 1 254 0
IDX 1 255 0
SCALE 1 8 7FFF
IDX 1 256 0
IDX 1 257 0
IDX 1 258 0
IDX 1 259 0
IDX 1 260 0
IDX 1 261 0
IDX 1 262 0
IDX 1 263 0
IDX 1 264 0
IDX 1 265 0
IDX 1 266 0
IDX 1 267 0
IDX 1 268 0
IDX 1 269 0
IDX 1 270 0
IDX 1 271 0
IDX 1 272 0
IDX 1 273 0
IDX 1 274 0
IDX 1 275 0
IDX 1 276 0
IDX 1 277 0
IDX 1 278 0
IDX 1 279 0
IDX 1 280 0
IDX 1 281 0
IDX 1 282 0
IDX 1 283 0
IDX 1 284 0
IDX 1 285 0
IDX 1 286 0
IDX 1 287 0
SCALE 1 9 7FFF
IDX 1 288 0
IDX 1 289 0
IDX 1 290 0
IDX 1 291 0
IDX 1 292 0
IDX 1 293 0
IDX 1 294 0
IDX 1 295 0
IDX 1 296 0
IDX 1 297 0
IDX 1 298 0
IDX 1 299 0
IDX 1 300 0
IDX 1 301 0
IDX 1 302 0
IDX 1 303 0
IDX 1 304 0
IDX 1 305 0
IDX 1 306 0
IDX 1 307 0
IDX 1 308 0
IDX 1 309 0
IDX 1 310 0
IDX 1 311 0
IDX 1 312 0
IDX 1 313 0
IDX 1 314 0
IDX 1 315 0
IDX 1 316 0
IDX 1 317 0
IDX 1 318 0
IDX 1 319 0
SCALE 1 10 7FFF
IDX 1 320 0
IDX 1 321 0
IDX 1 322 0
IDX 1 323 0
IDX 1 324 0
IDX 1 325 0
IDX 1 326 0
IDX 1 327 0
IDX 1 328 0
IDX 1 329 0
IDX 1 330 0
IDX 1 331 0
IDX 1 332 0
IDX 1 333 0
IDX 1 334 0
IDX 1 335 0
IDX 1 336 0
IDX 1 337 0
IDX 1 338 0
IDX 1 339 0
IDX 1 340 0
IDX 1 341 0
IDX 1 342 0
IDX 1 343 0
IDX 1 344 0
IDX 1 345 0
IDX 1 346 0
IDX 1 347 0
IDX 1 348 0
IDX 1 349 0
IDX 1 350 0
IDX 1 351 0
SCALE 1 11 7FFF
IDX 1 352 0
IDX 1 353 0
IDX 1 354 0
IDX 1 355 0
IDX 1 356 0
IDX 1 357 0
IDX 1 358 0
IDX 1 359 0
IDX 1 360 0
IDX 1 361 0
IDX 1 362 0
IDX 1 363 0
IDX 1 364 0
IDX 1 365 0
IDX 1 366 0
IDX 1 367 0
IDX 1 368 0
IDX 1 369 0
IDX 1 370 0
IDX 1 371 0
IDX 1 372 0
IDX 1 373 0
IDX 1 374 0
IDX 1 375 0
IDX 1 376 0
IDX 1 377 0
IDX 1 378 0
IDX 1 379 0
IDX 1 380 0
IDX 1 381 0
IDX 1 382 0
IDX 1 383 0
SCALE 1 12 7FFF
IDX 1 384 0
IDX 1 385 0
IDX 1 386 0
IDX 1 387 0
IDX 1 388 0
IDX 1 389 0
IDX 1 390 0
IDX 1 391 0
IDX 1 392 0
IDX 1 393 0
IDX 1 394 0
IDX 1 395 0
IDX 1 396 0
IDX 1 397 0
IDX 1 398 0
IDX 1 399 0
IDX 1 400 0
IDX 1 401 0
IDX 1 402 0
IDX 1 403 0
IDX 1 404 0
IDX 1 405 0
IDX 1 406 0
IDX 1 407 0
IDX 1 408 0
IDX 1 409 0
IDX 1 410 0
IDX 1 411 0
IDX 1 412 0
IDX 1 413 0
IDX 1 414 0
IDX 1 415 0
SCALE 1 13 7FFF
IDX 1 416 0
IDX 1 417 0
IDX 1 418 0
IDX 1 419 0
IDX 1 420 0
IDX 1 421 0
IDX 1 422 0
IDX 1 423 0
IDX 1 424 0
IDX 1 425 0
IDX 1 426 0
IDX 1 427 0
IDX 1 428 0
IDX 1 429 0
IDX 1 430 0
IDX 1 431 0
IDX 1 432 0
IDX 1 433 0
IDX 1 434 0
IDX 1 435 0
IDX 1 436 0
IDX 1 437 0
IDX 1 438 0
IDX 1 439 0
IDX 1 440 0
IDX 1 441 0
IDX 1 442 0
IDX 1 443 0
IDX 1 444 0
IDX 1 445 0
IDX 1 446 0
IDX 1 447 0
SCALE 1 14 7FFF
IDX 1 448 0
IDX 1 449 0
IDX 1 450 0
IDX 1 451 0
IDX 1 452 0
IDX 1 453 0
IDX 1 454 0
IDX 1 455 0
IDX 1 456 0
IDX 1 457 0
IDX 1 458 0
IDX 1 459 0
IDX 1 460 0
IDX 1 461 0
IDX 1 462 0
IDX 1 463 0
IDX 1 464 0
IDX 1 465 0
IDX 1 466 0
IDX 1 467 0
IDX 1 468 0
IDX 1 469 0
IDX 1 470 0
IDX 1 471 0
IDX 1 472 0
IDX 1 473 0
IDX 1 474 0
IDX 1 475 0
IDX 1 476 0
IDX 1 477 0
IDX 1 478 0
IDX 1 479 0
SCALE 1 15 7FFF
IDX 1 480 0
IDX 1 481 0
IDX 1 482 0
IDX 1 483 0
IDX 1 484 0
IDX 1 485 0
IDX 1 486 0
IDX 1 487 0
IDX 1 488 0
IDX 1 489 0
IDX 1 490 0
IDX 1 491 0
IDX 1 492 0
IDX 1 493 0
IDX 1 494 0
IDX 1 495 0
IDX 1 496 0
IDX 1 497 0
IDX 1 498 0
IDX 1 499 0
IDX 1 500 0
IDX 1 501 0
IDX 1 502 0
IDX 1 503 0
IDX 1 504 0
IDX 1 505 0
IDX 1 506 0
IDX 1 507 0
IDX 1 508 0
IDX 1 509 0
IDX 1 510 0
IDX 1 511 0
SCALE 1 16 7FFF
IDX 1 512 0
IDX 1 513 0
IDX 1 514 0
IDX 1 515 0
IDX 1 516 0
IDX 1 517 0
IDX 1 518 0
IDX 1 519 0
IDX 1 520 0
IDX 1 521 0
IDX 1 522 0
IDX 1 523 0
IDX 1 524 0
IDX 1 525 0
IDX 1 526 0
IDX 1 527 0
IDX 1 528 0
IDX 1 529 0
IDX 1 530 0
IDX 1 531 0
IDX 1 532 0
IDX 1 533 0
IDX 1 534 0
IDX 1 535 0
IDX 1 536 0
IDX 1 537 0
IDX 1 538 0
IDX 1 539 0
IDX 1 540 0
IDX 1 541 0
IDX 1 542 0
IDX 1 543 0
SCALE 1 17 7FFF
IDX 1 544 0
IDX 1 545 0
IDX 1 546 0
IDX 1 547 0
IDX 1 548 0
IDX 1 549 0
IDX 1 550 0
IDX 1 551 0
IDX 1 552 0
IDX 1 553 0
IDX 1 554 0
IDX 1 555 0
IDX 1 556 0
IDX 1 557 0
IDX 1 558 0
IDX 1 559 0
IDX 1 560 0
IDX 1 561 0
IDX 1 562 0
IDX 1 563 0
IDX 1 564 0
IDX 1 565 0
IDX 1 566 0
IDX 1 567 0
IDX 1 568 0
IDX 1 569 0
IDX 1 570 0
IDX 1 571 0
IDX 1 572 0
IDX 1 573 0
IDX 1 574 0
IDX 1 575 0
SCALE 1 18 7FFF
IDX 1 576 0
IDX 1 577 0
IDX 1 578 0
IDX 1 579 0
IDX 1 580 0
IDX 1 581 0
IDX 1 582 0
IDX 1 583 0
IDX 1 584 0
IDX 1 585 0
IDX 1 586 0
IDX 1 587 0
IDX 1 588 0
IDX 1 589 0
IDX 1 590 0
IDX 1 591 0
IDX 1 592 0
IDX 1 593 0
IDX 1 594 0
IDX 1 595 0
IDX 1 596 0
IDX 1 597 0
IDX 1 598 0
IDX 1 599 0
IDX 1 600 0
IDX 1 601 0
IDX 1 602 0
IDX 1 603 0
IDX 1 604 0
IDX 1 605 0
IDX 1 606 0
IDX 1 607 0
SCALE 1 19 7FFF
IDX 1 608 0
IDX 1 609 0
IDX 1 610 0
IDX 1 611 0
IDX 1 612 0
IDX 1 613 0
IDX 1 614 0
IDX 1 615 0
IDX 1 616 0
IDX 1 617 0
IDX 1 618 0
IDX 1 619 0
IDX 1 620 0
IDX 1 621 0
IDX 1 622 0
IDX 1 623 0
IDX 1 624 0
IDX 1 625 0
IDX 1 626 0
IDX 1 627 0
IDX 1 628 0
IDX 1 629 0
IDX 1 630 0
IDX 1 631 0
IDX 1 632 0
IDX 1 633 0
IDX 1 634 0
IDX 1 635 0
IDX 1 636 0
IDX 1 637 0
IDX 1 638 0
IDX 1 639 0
SCALE 1 20 7FFF
IDX 1 640 0
IDX 1 641 0
IDX 1 642 0
IDX 1 643 0
IDX 1 644 0
IDX 1 645 0
IDX 1 646 0
IDX 1 647 0
IDX 1 648 0
IDX 1 649 0
IDX 1 650 0
IDX 1 651 0
IDX 1 652 0
IDX 1 653 0
IDX 1 654 0
IDX 1 655 0
IDX 1 656 0
IDX 1 657 0
IDX 1 658 0
IDX 1 659 0
IDX 1 660 0
IDX 1 661 0
IDX 1 662 0
IDX 1 663 0
IDX 1 664 0
IDX 1 665 0
IDX 1 666 0
IDX 1 667 0
IDX 1 668 0
IDX 1 669 0
IDX 1 670 0
IDX 1 671 0
SCALE 1 21 7FFF
IDX 1 672 0
IDX 1 673 0
IDX 1 674 0
IDX 1 675 0
IDX 1 676 0
IDX 1 677 0
IDX 1 678 0
IDX 1 679 0
IDX 1 680 0
IDX 1 681 0
IDX 1 682 0
IDX 1 683 0
IDX 1 684 0
IDX 1 685 0
IDX 1 686 0
IDX 1 687 0
IDX 1 688 0
IDX 1 689 0
IDX 1 690 0
IDX 1 691 0
IDX 1 692 0
IDX 1 693 0
IDX 1 694 0
IDX 1 695 0
IDX 1 696 0
IDX 1 697 0
IDX 1 698 0
IDX 1 699 0
IDX 1 700 0
IDX 1 701 0
IDX 1 702 0
IDX 1 703 0
SCALE 1 22 7FFF
IDX 1 704 0
IDX 1 705 0
IDX 1 706 0
IDX 1 707 0
IDX 1 708 0
IDX 1 709 0
IDX 1 710 0
IDX 1 711 0
IDX 1 712 0
IDX 1 713 0
IDX 1 714 0
IDX 1 715 0
IDX 1 716 0
IDX 1 717 0
IDX 1 718 0
IDX 1 719 0
IDX 1 720 0
IDX 1 721 0
IDX 1 722 0
IDX 1 723 0
IDX 1 724 0
IDX 1 725 0
IDX 1 726 0
IDX 1 727 0
IDX 1 728 0
IDX 1 729 0
IDX 1 730 0
IDX 1 731 0
IDX 1 732 0
IDX 1 733 0
IDX 1 734 0
IDX 1 735 0
SCALE 1 23 7FFF
IDX 1 736 0
IDX 1 737 0
IDX 1 738 0
IDX 1 739 0
IDX 1 740 0
IDX 1 741 0
IDX 1 742 0
IDX 1 743 0
IDX 1 744 0
IDX 1 745 0
IDX 1 746 0
IDX 1 747 0
IDX 1 748 0
IDX 1 749 0
IDX 1 750 0
IDX 1 751 0
IDX 1 752 0
IDX 1 753 0
IDX 1 754 0
IDX 1 755 0
IDX 1 756 0
IDX 1 757 0
IDX 1 758 0
IDX 1 759 0
IDX 1 760 0
IDX 1 761 0
IDX 1 762 0
IDX 1 763 0
IDX 1 764 0
IDX 1 765 0
IDX 1 766 0
IDX 1 767 0
SCALE 1 24 7FFF
IDX 1 768 0
IDX 1 769 0
IDX 1 770 0
IDX 1 771 0
IDX 1 772 0
IDX 1 773 0
IDX 1 774 0
IDX 1 775 0
IDX 1 776 0
IDX 1 777 0
IDX 1 778 0
IDX 1 779 0
IDX 1 780 0
IDX 1 781 0
IDX 1 782 0
IDX 1 783 0
IDX 1 784 0
IDX 1 785 0
IDX 1 786 0
IDX 1 787 0
IDX 1 788 0
IDX 1 789 0
IDX 1 790 0
IDX 1 791 0
IDX 1 792 0
IDX 1 793 0
IDX 1 794 0
IDX 1 795 0
IDX 1 796 0
IDX 1 797 0
IDX 1 798 0
IDX 1 799 0
SCALE 1 25 7FFF
IDX 1 800 0
IDX 1 801 0
IDX 1 802 0
IDX 1 803 0
IDX 1 804 0
IDX 1 805 0
IDX 1 806 0
IDX 1 807 0
IDX 1 808 0
IDX 1 809 0
IDX 1 810 0
IDX 1 811 0
IDX 1 812 0
IDX 1 813 0
IDX 1 814 0
IDX 1 815 0
IDX 1 816 0
IDX 1 817 0
IDX 1 818 0
IDX 1 819 0
IDX 1 820 0
IDX 1 821 0
IDX 1 822 0
IDX 1 823 0
IDX 1 824 0
IDX 1 825 0
IDX 1 826 0
IDX 1 827 0
IDX 1 828 0
IDX 1 829 0
IDX 1 830 0
IDX 1 831 0
SCALE 1 26 7FFF
IDX 1 832 0
IDX 1 833 0
IDX 1 834 0
IDX 1 835 0
IDX 1 836 0
IDX 1 837 0
IDX 1 838 0
IDX 1 839 0
IDX 1 840 0
IDX 1 841 0
IDX 1 842 0
IDX 1 843 0
IDX 1 844 0
IDX 1 845 0
IDX 1 846 0
IDX 1 847 0
IDX 1 848 0
IDX 1 849 0
IDX 1 850 0
IDX 1 851 0
IDX 1 852 0
IDX 1 853 0
IDX 1 854 0
IDX 1 855 0
IDX 1 856 0
IDX 1 857 0
IDX 1 858 0
IDX 1 859 0
IDX 1 860 0
IDX 1 861 0
IDX 1 862 0
IDX 1 863 0
SCALE 1 27 7FFF
IDX 1 864 0
IDX 1 865 0
IDX 1 866 0
IDX 1 867 0
IDX 1 868 0
IDX 1 869 0
IDX 1 870 0
IDX 1 871 0
IDX 1 872 0
IDX 1 873 0
IDX 1 874 0
IDX 1 875 0
IDX 1 876 0
IDX 1 877 0
IDX 1 878 0
IDX 1 879 0
IDX 1 880 0
IDX 1 881 0
IDX 1 882 0
IDX 1 883 0
IDX 1 884 0
IDX 1 885 0
IDX 1 886 0
IDX 1 887 0
IDX 1 888 0
IDX 1 889 0
IDX 1 890 0
IDX 1 891 0
IDX 1 892 0
IDX 1 893 0
IDX 1 894 0
IDX 1 895 0
SCALE 1 28 7FFF
IDX 1 896 0
IDX 1 897 0
IDX 1 898 0
IDX 1 899 0
IDX 1 900 0
IDX 1 901 0
IDX 1 902 0
IDX 1 903 0
IDX 1 904 0
IDX 1 905 0
IDX 1 906 0
IDX 1 907 0
IDX 1 908 0
IDX 1 909 0
IDX 1 910 0
IDX 1 911 0
IDX 1 912 0
IDX 1 913 0
IDX 1 914 0
IDX 1 915 0
IDX 1 916 0
IDX 1 917 0
IDX 1 918 0
IDX 1 919 0
IDX 1 920 0
IDX 1 921 0
IDX 1 922 0
IDX 1 923 0
IDX 1 924 0
IDX 1 925 0
IDX 1 926 0
IDX 1 927 0
SCALE 1 29 7FFF
IDX 1 928 0
IDX 1 929 0
IDX 1 930 0
IDX 1 931 0
IDX 1 932 0
IDX 1 933 0
IDX 1 934 0
IDX 1 935 0
IDX 1 936 0
IDX 1 937 0
IDX 1 938 0
IDX 1 939 0
IDX 1 940 0
IDX 1 941 0
IDX 1 942 0
IDX 1 943 0
IDX 1 944 0
IDX 1 945 0
IDX 1 946 0
IDX 1 947 0
IDX 1 948 0
IDX 1 949 0
IDX 1 950 0
IDX 1 951 0
IDX 1 952 0
IDX 1 953 0
IDX 1 954 0
IDX 1 955 0
IDX 1 956 0
IDX 1 957 0
IDX 1 958 0
IDX 1 959 0
SCALE 1 30 7FFF
IDX 1 960 0
IDX 1 961 0
IDX 1 962 0
IDX 1 963 0
IDX 1 964 0
IDX 1 965 0
IDX 1 966 0
IDX 1 967 0
IDX 1 968 0
IDX 1 969 0
IDX 1 970 0
IDX 1 971 0
IDX 1 972 0
IDX 1 973 0
IDX 1 974 0
IDX 1 975 0
IDX 1 976 0
IDX 1 977 0
IDX 1 978 0
IDX 1 979 0
IDX 1 980 0
IDX 1 981 0
IDX 1 982 0
IDX 1 983 0
IDX 1 984 0
IDX 1 985 0
IDX 1 986 0
IDX 1 987 0
IDX 1 988 0
IDX 1 989 0
IDX 1 990 0
IDX 1 991 0
SCALE 1 31 7FFF
IDX 1 992 0
IDX 1 993 0
IDX 1 994 0
IDX 1 995 0
IDX 1 996 0
IDX 1 997 0
IDX 1 998 0
IDX 1 999 0
IDX 1 1000 0
IDX 1 1001 0
IDX 1 1002 0
IDX 1 1003 0
IDX 1 1004 0
IDX 1 1005 0
IDX 1 1006 0
IDX 1 1007 0
IDX 1 1008 0
IDX 1 1009 0
IDX 1 1010 0
IDX 1 1011 0
IDX 1 1012 0
IDX 1 1013 0
IDX 1 1014 0
IDX 1 1015 0
IDX 1 1016 0
IDX 1 1017 0
IDX 1 1018 0
IDX 1 1019 0
IDX 1 1020 0
IDX 1 1021 0
IDX 1 1022 0
IDX 1 1023 0
SCALE 2 0 7FFF
IDX 2 0 0
IDX 2 1 0
IDX 2 2 0
IDX 2 3 0
IDX 2 4 0
IDX 2 5 0
IDX 2 6 0
IDX 2 7 0
IDX 2 8 0
IDX 2 9 0
IDX 2 10 0
IDX 2 11 0
IDX 2 12 0
IDX 2 13 0
IDX 2 14 0
IDX 2 15 0
IDX 2 16 0
IDX 2 17 0
IDX 2 18 0
IDX 2 19 0
IDX 2 20 0
IDX 2 21 0
IDX 2 22 0
IDX 2 23 0
IDX 2 24 0
IDX 2 25 0
IDX 2 26 0
IDX 2 27 0
IDX 2 28 0
IDX 2 29 0
IDX 2 30 0
IDX 2 31 0
SCALE 2 1 7FFF
IDX 2 32 0
IDX 2 33 0
IDX 2 34 0
IDX 2 35 0
IDX 2 36 0
IDX 2 37 0
IDX 2 38 0
IDX 2 39 0
IDX 2 40 0
IDX 2 41 0
IDX 2 42 0
IDX 2 43 0
IDX 2 44 0
IDX 2 45 0
IDX 2 46 0
IDX 2 47 0
IDX 2 48 0
IDX 2 49 0
IDX 2 50 0
IDX 2 51 0
IDX 2 52 0
IDX 2 53 0
IDX 2 54 0
IDX 2 55 0
IDX 2 56 0
IDX 2 57 0
IDX 2 58 0
IDX 2 59 0
IDX 2 60 0
IDX 2 61 0
IDX 2 62 0
IDX 2 63 0
SCALE 2 2 7FFF
IDX 2 64 0
IDX 2 65 0
IDX 2 66 0
IDX 2 67 0
IDX 2 68 0
IDX 2 69 0
IDX 2 70 0
IDX 2 71 0
IDX 2 72 0
IDX 2 73 0
IDX 2 74 0
IDX 2 75 0
IDX 2 76 0
IDX 2 77 0
IDX 2 78 0
IDX 2 79 0
IDX 2 80 0
IDX 2 81 0
IDX 2 82 0
IDX 2 83 0
IDX 2 84 0
IDX 2 85 0
IDX 2 86 0
IDX 2 87 0
IDX 2 88 0
IDX 2 89 0
IDX 2 90 0
IDX 2 91 0
IDX 2 92 0
IDX 2 93 0
IDX 2 94 0
IDX 2 95 0
SCALE 2 3 7FFF
IDX 2 96 0
IDX 2 97 0
IDX 2 98 0
IDX 2 99 0
IDX 2 100 0
IDX 2 101 0
IDX 2 102 0
IDX 2 103 0
IDX 2 104 0
IDX 2 105 0
IDX 2 106 0
IDX 2 107 0
IDX 2 108 0
IDX 2 109 0
IDX 2 110 0
IDX 2 111 0
IDX 2 112 0
IDX 2 113 0
IDX 2 114 0
IDX 2 115 0
IDX 2 116 0
IDX 2 117 0
IDX 2 118 0
IDX 2 119 0
IDX 2 120 0
IDX 2 121 0
IDX 2 122 0
IDX 2 123 0
IDX 2 124 0
IDX 2 125 0
IDX 2 126 0
IDX 2 127 0
SCALE 2 4 7FFF
IDX 2 128 0
IDX 2 129 0
IDX 2 130 0
IDX 2 131 0
IDX 2 132 0
IDX 2 133 0
IDX 2 134 0
IDX 2 135 0
IDX 2 136 0
IDX 2 137 0
IDX 2 138 0
IDX 2 139 0
IDX 2 140 0
IDX 2 141 0
IDX 2 142 0
IDX 2 143 0
IDX 2 144 0
IDX 2 145 0
IDX 2 146 0
IDX 2 147 0
IDX 2 148 0
IDX 2 149 0
IDX 2 150 0
IDX 2 151 0
IDX 2 152 0
IDX 2 153 0
IDX 2 154 0
IDX 2 155 0
IDX 2 156 0
IDX 2 157 0
IDX 2 158 0
IDX 2 159 0
SCALE 2 5 7FFF
IDX 2 160 0
IDX 2 161 0
IDX 2 162 0
IDX 2 163 0
IDX 2 164 0
IDX 2 165 0
IDX 2 166 0
IDX 2 167 0
IDX 2 168 0
IDX 2 169 0
IDX 2 170 0
IDX 2 171 0
IDX 2 172 0
IDX 2 173 0
IDX 2 174 0
IDX 2 175 0
IDX 2 176 0
IDX 2 177 0
IDX 2 178 0
IDX 2 179 0
IDX 2 180 0
IDX 2 181 0
IDX 2 182 0
IDX 2 183 0
IDX 2 184 0
IDX 2 185 0
IDX 2 186 0
IDX 2 187 0
IDX 2 188 0
IDX 2 189 0
IDX 2 190 0
IDX 2 191 0
SCALE 2 6 7FFF
IDX 2 192 0
IDX 2 193 0
IDX 2 194 0
IDX 2 195 0
IDX 2 196 0
IDX 2 197 0
IDX 2 198 0
IDX 2 199 0
IDX 2 200 0
IDX 2 201 0
IDX 2 202 0
IDX 2 203 0
IDX 2 204 0
IDX 2 205 0
IDX 2 206 0
IDX 2 207 0
IDX 2 208 0
IDX 2 209 0
IDX 2 210 0
IDX 2 211 0
IDX 2 212 0
IDX 2 213 0
IDX 2 214 0
IDX 2 215 0
IDX 2 216 0
IDX 2 217 0
IDX 2 218 0
IDX 2 219 0
IDX 2 220 0
IDX 2 221 0
IDX 2 222 0
IDX 2 223 0
SCALE 2 7 7FFF
IDX 2 224 0
IDX 2 225 0
IDX 2 226 0
IDX 2 227 0
IDX 2 228 0
IDX 2 229 0
IDX 2 230 0
IDX 2 231 0
IDX 2 232 0
IDX 2 233 0
IDX 2 234 0
IDX 2 235 0
IDX 2 236 0
IDX 2 237 0
IDX 2 238 0
IDX 2 239 0
IDX 2 240 0
IDX 2 241 0
IDX 2 242 0
IDX 2 243 0
IDX 2 244 0
IDX 2 245 0
IDX 2 246 0
IDX 2 247 0
IDX 2 248 0
IDX 2 249 0
IDX 2 250 0
IDX 2 251 0
IDX 2 252 0
IDX 2 253 0
IDX 2 254 0
IDX 2 255 0
SCALE 2 8 7FFF
IDX 2 256 0
IDX 2 257 0
IDX 2 258 0
IDX 2 259 0
IDX 2 260 0
IDX 2 261 0
IDX 2 262 0
IDX 2 263 0
IDX 2 264 0
IDX 2 265 0
IDX 2 266 0
IDX 2 267 0
IDX 2 268 0
IDX 2 269 0
IDX 2 270 0
IDX 2 271 0
IDX 2 272 0
IDX 2 273 0
IDX 2 274 0
IDX 2 275 0
IDX 2 276 0
IDX 2 277 0
IDX 2 278 0
IDX 2 279 0
IDX 2 280 0
IDX 2 281 0
IDX 2 282 0
IDX 2 283 0
IDX 2 284 0
IDX 2 285 0
IDX 2 286 0
IDX 2 287 0
SCALE 2 9 7FFF
IDX 2 288 0
IDX 2 289 0
IDX 2 290 0
IDX 2 291 0
IDX 2 292 0
IDX 2 293 0
IDX 2 294 0
IDX 2 295 0
IDX 2 296 0
IDX 2 297 0
IDX 2 298 0
IDX 2 299 0
IDX 2 300 0
IDX 2 301 0
IDX 2 302 0
IDX 2 303 0
IDX 2 304 0
IDX 2 305 0
IDX 2 306 0
IDX 2 307 0
IDX 2 308 0
IDX 2 309 0
IDX 2 310 0
IDX 2 311 0
IDX 2 312 0
IDX 2 313 0
IDX 2 314 0
IDX 2 315 0
IDX 2 316 0
IDX 2 317 0
IDX 2 318 0
IDX 2 319 0
SCALE 2 10 7FFF
IDX 2 320 0
IDX 2 321 0
IDX 2 322 0
IDX 2 323 0
IDX 2 324 0
IDX 2 325 0
IDX 2 326 0
IDX 2 327 0
IDX 2 328 0
IDX 2 329 0
IDX 2 330 0
IDX 2 331 0
IDX 2 332 0
IDX 2 333 0
IDX 2 334 0
IDX 2 335 0
IDX 2 336 0
IDX 2 337 0
IDX 2 338 0
IDX 2 339 0
IDX 2 340 0
IDX 2 341 0
IDX 2 342 0
IDX 2 343 0
IDX 2 344 0
IDX 2 345 0
IDX 2 346 0
IDX 2 347 0
IDX 2 348 0
IDX 2 349 0
IDX 2 350 0
IDX 2 351 0
SCALE 2 11 7FFF
IDX 2 352 0
IDX 2 353 0
IDX 2 354 0
IDX 2 355 0
IDX 2 356 0
IDX 2 357 0
IDX 2 358 0
IDX 2 359 0
IDX 2 360 0
IDX 2 361 0
IDX 2 362 0
IDX 2 363 0
IDX 2 364 0
IDX 2 365 0
IDX 2 366 0
IDX 2 367 0
IDX 2 368 0
IDX 2 369 0
IDX 2 370 0
IDX 2 371 0
IDX 2 372 0
IDX 2 373 0
IDX 2 374 0
IDX 2 375 0
IDX 2 376 0
IDX 2 377 0
IDX 2 378 0
IDX 2 379 0
IDX 2 380 0
IDX 2 381 0
IDX 2 382 0
IDX 2 383 0
SCALE 2 12 7FFF
IDX 2 384 0
IDX 2 385 0
IDX 2 386 0
IDX 2 387 0
IDX 2 388 0
IDX 2 389 0
IDX 2 390 0
IDX 2 391 0
IDX 2 392 0
IDX 2 393 0
IDX 2 394 0
IDX 2 395 0
IDX 2 396 0
IDX 2 397 0
IDX 2 398 0
IDX 2 399 0
IDX 2 400 0
IDX 2 401 0
IDX 2 402 0
IDX 2 403 0
IDX 2 404 0
IDX 2 405 0
IDX 2 406 0
IDX 2 407 0
IDX 2 408 0
IDX 2 409 0
IDX 2 410 0
IDX 2 411 0
IDX 2 412 0
IDX 2 413 0
IDX 2 414 0
IDX 2 415 0
SCALE 2 13 7FFF
IDX 2 416 0
IDX 2 417 0
IDX 2 418 0
IDX 2 419 0
IDX 2 420 0
IDX 2 421 0
IDX 2 422 0
IDX 2 423 0
IDX 2 424 0
IDX 2 425 0
IDX 2 426 0
IDX 2 427 0
IDX 2 428 0
IDX 2 429 0
IDX 2 430 0
IDX 2 431 0
IDX 2 432 0
IDX 2 433 0
IDX 2 434 0
IDX 2 435 0
IDX 2 436 0
IDX 2 437 0
IDX 2 438 0
IDX 2 439 0
IDX 2 440 0
IDX 2 441 0
IDX 2 442 0
IDX 2 443 0
IDX 2 444 0
IDX 2 445 0
IDX 2 446 0
IDX 2 447 0
SCALE 2 14 7FFF
IDX 2 448 0
IDX 2 449 0
IDX 2 450 0
IDX 2 451 0
IDX 2 452 0
IDX 2 453 0
IDX 2 454 0
IDX 2 455 0
IDX 2 456 0
IDX 2 457 0
IDX 2 458 0
IDX 2 459 0
IDX 2 460 0
IDX 2 461 0
IDX 2 462 0
IDX 2 463 0
IDX 2 464 0
IDX 2 465 0
IDX 2 466 0
IDX 2 467 0
IDX 2 468 0
IDX 2 469 0
IDX 2 470 0
IDX 2 471 0
IDX 2 472 0
IDX 2 473 0
IDX 2 474 0
IDX 2 475 0
IDX 2 476 0
IDX 2 477 0
IDX 2 478 0
IDX 2 479 0
SCALE 2 15 7FFF
IDX 2 480 0
IDX 2 481 0
IDX 2 482 0
IDX 2 483 0
IDX 2 484 0
IDX 2 485 0
IDX 2 486 0
IDX 2 487 0
IDX 2 488 0
IDX 2 489 0
IDX 2 490 0
IDX 2 491 0
IDX 2 492 0
IDX 2 493 0
IDX 2 494 0
IDX 2 495 0
IDX 2 496 0
IDX 2 497 0
IDX 2 498 0
IDX 2 499 0
IDX 2 500 0
IDX 2 501 0
IDX 2 502 0
IDX 2 503 0
IDX 2 504 0
IDX 2 505 0
IDX 2 506 0
IDX 2 507 0
IDX 2 508 0
IDX 2 509 0
IDX 2 510 0
IDX 2 511 0
SCALE 2 16 7FFF
IDX 2 512 0
IDX 2 513 0
IDX 2 514 0
IDX 2 515 0
IDX 2 516 0
IDX 2 517 0
IDX 2 518 0
IDX 2 519 0
IDX 2 520 0
IDX 2 521 0
IDX 2 522 0
IDX 2 523 0
IDX 2 524 0
IDX 2 525 0
IDX 2 526 0
IDX 2 527 0
IDX 2 528 0
IDX 2 529 0
IDX 2 530 0
IDX 2 531 0
IDX 2 532 0
IDX 2 533 0
IDX 2 534 0
IDX 2 535 0
IDX 2 536 0
IDX 2 537 0
IDX 2 538 0
IDX 2 539 0
IDX 2 540 0
IDX 2 541 0
IDX 2 542 0
IDX 2 543 0
SCALE 2 17 7FFF
IDX 2 544 0
IDX 2 545 0
IDX 2 546 0
IDX 2 547 0
IDX 2 548 0
IDX 2 549 0
IDX 2 550 0
IDX 2 551 0
IDX 2 552 0
IDX 2 553 0
IDX 2 554 0
IDX 2 555 0
IDX 2 556 0
IDX 2 557 0
IDX 2 558 0
IDX 2 559 0
IDX 2 560 0
IDX 2 561 0
IDX 2 562 0
IDX 2 563 0
IDX 2 564 0
IDX 2 565 0
IDX 2 566 0
IDX 2 567 0
IDX 2 568 0
IDX 2 569 0
IDX 2 570 0
IDX 2 571 0
IDX 2 572 0
IDX 2 573 0
IDX 2 574 0
IDX 2 575 0
SCALE 2 18 7FFF
IDX 2 576 0
IDX 2 577 0
IDX 2 578 0
IDX 2 579 0
IDX 2 580 0
IDX 2 581 0
IDX 2 582 0
IDX 2 583 0
IDX 2 584 0
IDX 2 585 0
IDX 2 586 0
IDX 2 587 0
IDX 2 588 0
IDX 2 589 0
IDX 2 590 0
IDX 2 591 0
IDX 2 592 0
IDX 2 593 0
IDX 2 594 0
IDX 2 595 0
IDX 2 596 0
IDX 2 597 0
IDX 2 598 0
IDX 2 599 0
IDX 2 600 0
IDX 2 601 0
IDX 2 602 0
IDX 2 603 0
IDX 2 604 0
IDX 2 605 0
IDX 2 606 0
IDX 2 607 0
SCALE 2 19 7FFF
IDX 2 608 0
IDX 2 609 0
IDX 2 610 0
IDX 2 611 0
IDX 2 612 0
IDX 2 613 0
IDX 2 614 0
IDX 2 615 0
IDX 2 616 0
IDX 2 617 0
IDX 2 618 0
IDX 2 619 0
IDX 2 620 0
IDX 2 621 0
IDX 2 622 0
IDX 2 623 0
IDX 2 624 0
IDX 2 625 0
IDX 2 626 0
IDX 2 627 0
IDX 2 628 0
IDX 2 629 0
IDX 2 630 0
IDX 2 631 0
IDX 2 632 0
IDX 2 633 0
IDX 2 634 0
IDX 2 635 0
IDX 2 636 0
IDX 2 637 0
IDX 2 638 0
IDX 2 639 0
SCALE 2 20 7FFF
IDX 2 640 0
IDX 2 641 0
IDX 2 642 0
IDX 2 643 0
IDX 2 644 0
IDX 2 645 0
IDX 2 646 0
IDX 2 647 0
IDX 2 648 0
IDX 2 649 0
IDX 2 650 0
IDX 2 651 0
IDX 2 652 0
IDX 2 653 0
IDX 2 654 0
IDX 2 655 0
IDX 2 656 0
IDX 2 657 0
IDX 2 658 0
IDX 2 659 0
IDX 2 660 0
IDX 2 661 0
IDX 2 662 0
IDX 2 663 0
IDX 2 664 0
IDX 2 665 0
IDX 2 666 0
IDX 2 667 0
IDX 2 668 0
IDX 2 669 0
IDX 2 670 0
IDX 2 671 0
SCALE 2 21 7FFF
IDX 2 672 0
IDX 2 673 0
IDX 2 674 0
IDX 2 675 0
IDX 2 676 0
IDX 2 677 0
IDX 2 678 0
IDX 2 679 0
IDX 2 680 0
IDX 2 681 0
IDX 2 682 0
IDX 2 683 0
IDX 2 684 0
IDX 2 685 0
IDX 2 686 0
IDX 2 687 0
IDX 2 688 0
IDX 2 689 0
IDX 2 690 0
IDX 2 691 0
IDX 2 692 0
IDX 2 693 0
IDX 2 694 0
IDX 2 695 0
IDX 2 696 0
IDX 2 697 0
IDX 2 698 0
IDX 2 699 0
IDX 2 700 0
IDX 2 701 0
IDX 2 702 0
IDX 2 703 0
SCALE 2 22 7FFF
IDX 2 704 0
IDX 2 705 0
IDX 2 706 0
IDX 2 707 0
IDX 2 708 0
IDX 2 709 0
IDX 2 710 0
IDX 2 711 0
IDX 2 712 0
IDX 2 713 0
IDX 2 714 0
IDX 2 715 0
IDX 2 716 0
IDX 2 717 0
IDX 2 718 0
IDX 2 719 0
IDX 2 720 0
IDX 2 721 0
IDX 2 722 0
IDX 2 723 0
IDX 2 724 0
IDX 2 725 0
IDX 2 726 0
IDX 2 727 0
IDX 2 728 0
IDX 2 729 0
IDX 2 730 0
IDX 2 731 0
IDX 2 732 0
IDX 2 733 0
IDX 2 734 0
IDX 2 735 0
SCALE 2 23 7FFF
IDX 2 736 0
IDX 2 737 0
IDX 2 738 0
IDX 2 739 0
IDX 2 740 0
IDX 2 741 0
IDX 2 742 0
IDX 2 743 0
IDX 2 744 0
IDX 2 745 0
IDX 2 746 0
IDX 2 747 0
IDX 2 748 0
IDX 2 749 0
IDX 2 750 0
IDX 2 751 0
IDX 2 752 0
IDX 2 753 0
IDX 2 754 0
IDX 2 755 0
IDX 2 756 0
IDX 2 757 0
IDX 2 758 0
IDX 2 759 0
IDX 2 760 0
IDX 2 761 0
IDX 2 762 0
IDX 2 763 0
IDX 2 764 0
IDX 2 765 0
IDX 2 766 0
IDX 2 767 0
SCALE 2 24 7FFF
IDX 2 768 0
IDX 2 769 0
IDX 2 770 0
IDX 2 771 0
IDX 2 772 0
IDX 2 773 0
IDX 2 774 0
IDX 2 775 0
IDX 2 776 0
IDX 2 777 0
IDX 2 778 0
IDX 2 779 0
IDX 2 780 0
IDX 2 781 0
IDX 2 782 0
IDX 2 783 0
IDX 2 784 0
IDX 2 785 0
IDX 2 786 0
IDX 2 787 0
IDX 2 788 0
IDX 2 789 0
IDX 2 790 0
IDX 2 791 0
IDX 2 792 0
IDX 2 793 0
IDX 2 794 0
IDX 2 795 0
IDX 2 796 0
IDX 2 797 0
IDX 2 798 0
IDX 2 799 0
SCALE 2 25 7FFF
IDX 2 800 0
IDX 2 801 0
IDX 2 802 0
IDX 2 803 0
IDX 2 804 0
IDX 2 805 0
IDX 2 806 0
IDX 2 807 0
IDX 2 808 0
IDX 2 809 0
IDX 2 810 0
IDX 2 811 0
IDX 2 812 0
IDX 2 813 0
IDX 2 814 0
IDX 2 815 0
IDX 2 816 0
IDX 2 817 0
IDX 2 818 0
IDX 2 819 0
IDX 2 820 0
IDX 2 821 0
IDX 2 822 0
IDX 2 823 0
IDX 2 824 0
IDX 2 825 0
IDX 2 826 0
IDX 2 827 0
IDX 2 828 0
IDX 2 829 0
IDX 2 830 0
IDX 2 831 0
SCALE 2 26 7FFF
IDX 2 832 0
IDX 2 833 0
IDX 2 834 0
IDX 2 835 0
IDX 2 836 0
IDX 2 837 0
IDX 2 838 0
IDX 2 839 0
IDX 2 840 0
IDX 2 841 0
IDX 2 842 0
IDX 2 843 0
IDX 2 844 0
IDX 2 845 0
IDX 2 846 0
IDX 2 847 0
IDX 2 848 0
IDX 2 849 0
IDX 2 850 0
IDX 2 851 0
IDX 2 852 0
IDX 2 853 0
IDX 2 854 0
IDX 2 855 0
IDX 2 856 0
IDX 2 857 0
IDX 2 858 0
IDX 2 859 0
IDX 2 860 0
IDX 2 861 0
IDX 2 862 0
IDX 2 863 0
SCALE 2 27 7FFF
IDX 2 864 0
IDX 2 865 0
IDX 2 866 0
IDX 2 867 0
IDX 2 868 0
IDX 2 869 0
IDX 2 870 0
IDX 2 871 0
IDX 2 872 0
IDX 2 873 0
IDX 2 874 0
IDX 2 875 0
IDX 2 876 0
IDX 2 877 0
IDX 2 878 0
IDX 2 879 0
IDX 2 880 0
IDX 2 881 0
IDX 2 882 0
IDX 2 883 0
IDX 2 884 0
IDX 2 885 0
IDX 2 886 0
IDX 2 887 0
IDX 2 888 0
IDX 2 889 0
IDX 2 890 0
IDX 2 891 0
IDX 2 892 0
IDX 2 893 0
IDX 2 894 0
IDX 2 895 0
SCALE 2 28 7FFF
IDX 2 896 0
IDX 2 897 0
IDX 2 898 0
IDX 2 899 0
IDX 2 900 0
IDX 2 901 0
IDX 2 902 0
IDX 2 903 0
IDX 2 904 0
IDX 2 905 0
IDX 2 906 0
IDX 2 907 0
IDX 2 908 0
IDX 2 909 0
IDX 2 910 0
IDX 2 911 0
IDX 2 912 0
IDX 2 913 0
IDX 2 914 0
IDX 2 915 0
IDX 2 916 0
IDX 2 917 0
IDX 2 918 0
IDX 2 919 0
IDX 2 920 0
IDX 2 921 0
IDX 2 922 0
IDX 2 923 0
IDX 2 924 0
IDX 2 925 0
IDX 2 926 0
IDX 2 927 0
SCALE 2 29 7FFF
IDX 2 928 0
IDX 2 929 0
IDX 2 930 0
IDX 2 931 0
IDX 2 932 0
IDX 2 933 0
IDX 2 934 0
IDX 2 935 0
IDX 2 936 0
IDX 2 937 0
IDX 2 938 0
IDX 2 939 0
IDX 2 940 0
IDX 2 941 0
IDX 2 942 0
IDX 2 943 0
IDX 2 944 0
IDX 2 945 0
IDX 2 946 0
IDX 2 947 0
IDX 2 948 0
IDX 2 949 0
IDX 2 950 0
IDX 2 951 0
IDX 2 952 0
IDX 2 953 0
IDX 2 954 0
IDX 2 955 0
IDX 2 956 0
IDX 2 957 0
IDX 2 958 0
IDX 2 959 0
SCALE 2 30 7FFF
IDX 2 960 0
IDX 2 961 0
IDX 2 962 0
IDX 2 963 0
IDX 2 964 0
IDX 2 965 0
IDX 2 966 0
IDX 2 967 0
IDX 2 968 0
IDX 2 969 0
IDX 2 970 0
IDX 2 971 0
IDX 2 972 0
IDX 2 973 0
IDX 2 974 0
IDX 2 975 0
IDX 2 976 0
IDX 2 977 0
IDX 2 978 0
IDX 2 979 0
IDX 2 980 0
IDX 2 981 0
IDX 2 982 0
IDX 2 983 0
IDX 2 984 0
IDX 2 985 0
IDX 2 986 0
IDX 2 987 0
IDX 2 988 0
IDX 2 989 0
IDX 2 990 0
IDX 2 991 0
SCALE 2 31 7FFF
IDX 2 992 0
IDX 2 993 0
IDX 2 994 0
IDX 2 995 0
IDX 2 996 0
IDX 2 997 0
IDX 2 998 0
IDX 2 999 0
IDX 2 1000 0
IDX 2 1001 0
IDX 2 1002 0
IDX 2 1003 0
IDX 2 1004 0
IDX 2 1005 0
IDX 2 1006 0
IDX 2 1007 0
IDX 2 1008 0
IDX 2 1009 0
IDX 2 1010 0
IDX 2 1011 0
IDX 2 1012 0
IDX 2 1013 0
IDX 2 1014 0
IDX 2 1015 0
IDX 2 1016 0
IDX 2 1017 0
IDX 2 1018 0
IDX 2 1019 0
IDX 2 1020 0
IDX 2 1021 0
IDX 2 1022 0
IDX 2 1023 0
SCALE 3 0 7FFF
IDX 3 0 0
IDX 3 1 0
IDX 3 2 0
IDX 3 3 0
IDX 3 4 0
IDX 3 5 0
IDX 3 6 0
IDX 3 7 0
IDX 3 8 0
IDX 3 9 0
IDX 3 10 0
IDX 3 11 0
IDX 3 12 0
IDX 3 13 0
IDX 3 14 0
IDX 3 15 0
IDX 3 16 0
IDX 3 17 0
IDX 3 18 0
IDX 3 19 0
IDX 3 20 0
IDX 3 21 0
IDX 3 22 0
IDX 3 23 0
IDX 3 24 0
IDX 3 25 0
IDX 3 26 0
IDX 3 27 0
IDX 3 28 0
IDX 3 29 0
IDX 3 30 0
IDX 3 31 0
SCALE 3 1 7FFF
IDX 3 32 0
IDX 3 33 0
IDX 3 34 0
IDX 3 35 0
IDX 3 36 0
IDX 3 37 0
IDX 3 38 0
IDX 3 39 0
IDX 3 40 0
IDX 3 41 0
IDX 3 42 0
IDX 3 43 0
IDX 3 44 0
IDX 3 45 0
IDX 3 46 0
IDX 3 47 0
IDX 3 48 0
IDX 3 49 0
IDX 3 50 0
IDX 3 51 0
IDX 3 52 0
IDX 3 53 0
IDX 3 54 0
IDX 3 55 0
IDX 3 56 0
IDX 3 57 0
IDX 3 58 0
IDX 3 59 0
IDX 3 60 0
IDX 3 61 0
IDX 3 62 0
IDX 3 63 0
SCALE 3 2 7FFF
IDX 3 64 0
IDX 3 65 0
IDX 3 66 0
IDX 3 67 0
IDX 3 68 0
IDX 3 69 0
IDX 3 70 0
IDX 3 71 0
IDX 3 72 0
IDX 3 73 0
IDX 3 74 0
IDX 3 75 0
IDX 3 76 0
IDX 3 77 0
IDX 3 78 0
IDX 3 79 0
IDX 3 80 0
IDX 3 81 0
IDX 3 82 0
IDX 3 83 0
IDX 3 84 0
IDX 3 85 0
IDX 3 86 0
IDX 3 87 0
IDX 3 88 0
IDX 3 89 0
IDX 3 90 0
IDX 3 91 0
IDX 3 92 0
IDX 3 93 0
IDX 3 94 0
IDX 3 95 0
SCALE 3 3 7FFF
IDX 3 96 0
IDX 3 97 0
IDX 3 98 0
IDX 3 99 0
IDX 3 100 0
IDX 3 101 0
IDX 3 102 0
IDX 3 103 0
IDX 3 104 0
IDX 3 105 0
IDX 3 106 0
IDX 3 107 0
IDX 3 108 0
IDX 3 109 0
IDX 3 110 0
IDX 3 111 0
IDX 3 112 0
IDX 3 113 0
IDX 3 114 0
IDX 3 115 0
IDX 3 116 0
IDX 3 117 0
IDX 3 118 0
IDX 3 119 0
IDX 3 120 0
IDX 3 121 0
IDX 3 122 0
IDX 3 123 0
IDX 3 124 0
IDX 3 125 0
IDX 3 126 0
IDX 3 127 0
SCALE 3 4 7FFF
IDX 3 128 0
IDX 3 129 0
IDX 3 130 0
IDX 3 131 0
IDX 3 132 0
IDX 3 133 0
IDX 3 134 0
IDX 3 135 0
IDX 3 136 0
IDX 3 137 0
IDX 3 138 0
IDX 3 139 0
IDX 3 140 0
IDX 3 141 0
IDX 3 142 0
IDX 3 143 0
IDX 3 144 0
IDX 3 145 0
IDX 3 146 0
IDX 3 147 0
IDX 3 148 0
IDX 3 149 0
IDX 3 150 0
IDX 3 151 0
IDX 3 152 0
IDX 3 153 0
IDX 3 154 0
IDX 3 155 0
IDX 3 156 0
IDX 3 157 0
IDX 3 158 0
IDX 3 159 0
SCALE 3 5 7FFF
IDX 3 160 0
IDX 3 161 0
IDX 3 162 0
IDX 3 163 0
IDX 3 164 0
IDX 3 165 0
IDX 3 166 0
IDX 3 167 0
IDX 3 168 0
IDX 3 169 0
IDX 3 170 0
IDX 3 171 0
IDX 3 172 0
IDX 3 173 0
IDX 3 174 0
IDX 3 175 0
IDX 3 176 0
IDX 3 177 0
IDX 3 178 0
IDX 3 179 0
IDX 3 180 0
IDX 3 181 0
IDX 3 182 0
IDX 3 183 0
IDX 3 184 0
IDX 3 185 0
IDX 3 186 0
IDX 3 187 0
IDX 3 188 0
IDX 3 189 0
IDX 3 190 0
IDX 3 191 0
SCALE 3 6 7FFF
IDX 3 192 0
IDX 3 193 0
IDX 3 194 0
IDX 3 195 0
IDX 3 196 0
IDX 3 197 0
IDX 3 198 0
IDX 3 199 0
IDX 3 200 0
IDX 3 201 0
IDX 3 202 0
IDX 3 203 0
IDX 3 204 0
IDX 3 205 0
IDX 3 206 0
IDX 3 207 0
IDX 3 208 0
IDX 3 209 0
IDX 3 210 0
IDX 3 211 0
IDX 3 212 0
IDX 3 213 0
IDX 3 214 0
IDX 3 215 0
IDX 3 216 0
IDX 3 217 0
IDX 3 218 0
IDX 3 219 0
IDX 3 220 0
IDX 3 221 0
IDX 3 222 0
IDX 3 223 0
SCALE 3 7 7FFF
IDX 3 224 0
IDX 3 225 0
IDX 3 226 0
IDX 3 227 0
IDX 3 228 0
IDX 3 229 0
IDX 3 230 0
IDX 3 231 0
IDX 3 232 0
IDX 3 233 0
IDX 3 234 0
IDX 3 235 0
IDX 3 236 0
IDX 3 237 0
IDX 3 238 0
IDX 3 239 0
IDX 3 240 0
IDX 3 241 0
IDX 3 242 0
IDX 3 243 0
IDX 3 244 0
IDX 3 245 0
IDX 3 246 0
IDX 3 247 0
IDX 3 248 0
IDX 3 249 0
IDX 3 250 0
IDX 3 251 0
IDX 3 252 0
IDX 3 253 0
IDX 3 254 0
IDX 3 255 0
SCALE 3 8 7FFF
IDX 3 256 0
IDX 3 257 0
IDX 3 258 0
IDX 3 259 0
IDX 3 260 0
IDX 3 261 0
IDX 3 262 0
IDX 3 263 0
IDX 3 264 0
IDX 3 265 0
IDX 3 266 0
IDX 3 267 0
IDX 3 268 0
IDX 3 269 0
IDX 3 270 0
IDX 3 271 0
IDX 3 272 0
IDX 3 273 0
IDX 3 274 0
IDX 3 275 0
IDX 3 276 0
IDX 3 277 0
IDX 3 278 0
IDX 3 279 0
IDX 3 280 0
IDX 3 281 0
IDX 3 282 0
IDX 3 283 0
IDX 3 284 0
IDX 3 285 0
IDX 3 286 0
IDX 3 287 0
SCALE 3 9 7FFF
IDX 3 288 0
IDX 3 289 0
IDX 3 290 0
IDX 3 291 0
IDX 3 292 0
IDX 3 293 0
IDX 3 294 0
IDX 3 295 0
IDX 3 296 0
IDX 3 297 0
IDX 3 298 0
IDX 3 299 0
IDX 3 300 0
IDX 3 301 0
IDX 3 302 0
IDX 3 303 0
IDX 3 304 0
IDX 3 305 0
IDX 3 306 0
IDX 3 307 0
IDX 3 308 0
IDX 3 309 0
IDX 3 310 0
IDX 3 311 0
IDX 3 312 0
IDX 3 313 0
IDX 3 314 0
IDX 3 315 0
IDX 3 316 0
IDX 3 317 0
IDX 3 318 0
IDX 3 319 0
SCALE 3 10 7FFF
IDX 3 320 0
IDX 3 321 0
IDX 3 322 0
IDX 3 323 0
IDX 3 324 0
IDX 3 325 0
IDX 3 326 0
IDX 3 327 0
IDX 3 328 0
IDX 3 329 0
IDX 3 330 0
IDX 3 331 0
IDX 3 332 0
IDX 3 333 0
IDX 3 334 0
IDX 3 335 0
IDX 3 336 0
IDX 3 337 0
IDX 3 338 0
IDX 3 339 0
IDX 3 340 0
IDX 3 341 0
IDX 3 342 0
IDX 3 343 0
IDX 3 344 0
IDX 3 345 0
IDX 3 346 0
IDX 3 347 0
IDX 3 348 0
IDX 3 349 0
IDX 3 350 0
IDX 3 351 0
SCALE 3 11 7FFF
IDX 3 352 0
IDX 3 353 0
IDX 3 354 0
IDX 3 355 0
IDX 3 356 0
IDX 3 357 0
IDX 3 358 0
IDX 3 359 0
IDX 3 360 0
IDX 3 361 0
IDX 3 362 0
IDX 3 363 0
IDX 3 364 0
IDX 3 365 0
IDX 3 366 0
IDX 3 367 0
IDX 3 368 0
IDX 3 369 0
IDX 3 370 0
IDX 3 371 0
IDX 3 372 0
IDX 3 373 0
IDX 3 374 0
IDX 3 375 0
IDX 3 376 0
IDX 3 377 0
IDX 3 378 0
IDX 3 379 0
IDX 3 380 0
IDX 3 381 0
IDX 3 382 0
IDX 3 383 0
SCALE 3 12 7FFF
IDX 3 384 0
IDX 3 385 0
IDX 3 386 0
IDX 3 387 0
IDX 3 388 0
IDX 3 389 0
IDX 3 390 0
IDX 3 391 0
IDX 3 392 0
IDX 3 393 0
IDX 3 394 0
IDX 3 395 0
IDX 3 396 0
IDX 3 397 0
IDX 3 398 0
IDX 3 399 0
IDX 3 400 0
IDX 3 401 0
IDX 3 402 0
IDX 3 403 0
IDX 3 404 0
IDX 3 405 0
IDX 3 406 0
IDX 3 407 0
IDX 3 408 0
IDX 3 409 0
IDX 3 410 0
IDX 3 411 0
IDX 3 412 0
IDX 3 413 0
IDX 3 414 0
IDX 3 415 0
SCALE 3 13 7FFF
IDX 3 416 0
IDX 3 417 0
IDX 3 418 0
IDX 3 419 0
IDX 3 420 0
IDX 3 421 0
IDX 3 422 0
IDX 3 423 0
IDX 3 424 0
IDX 3 425 0
IDX 3 426 0
IDX 3 427 0
IDX 3 428 0
IDX 3 429 0
IDX 3 430 0
IDX 3 431 0
IDX 3 432 0
IDX 3 433 0
IDX 3 434 0
IDX 3 435 0
IDX 3 436 0
IDX 3 437 0
IDX 3 438 0
IDX 3 439 0
IDX 3 440 0
IDX 3 441 0
IDX 3 442 0
IDX 3 443 0
IDX 3 444 0
IDX 3 445 0
IDX 3 446 0
IDX 3 447 0
SCALE 3 14 7FFF
IDX 3 448 0
IDX 3 449 0
IDX 3 450 0
IDX 3 451 0
IDX 3 452 0
IDX 3 453 0
IDX 3 454 0
IDX 3 455 0
IDX 3 456 0
IDX 3 457 0
IDX 3 458 0
IDX 3 459 0
IDX 3 460 0
IDX 3 461 0
IDX 3 462 0
IDX 3 463 0
IDX 3 464 0
IDX 3 465 0
IDX 3 466 0
IDX 3 467 0
IDX 3 468 0
IDX 3 469 0
IDX 3 470 0
IDX 3 471 0
IDX 3 472 0
IDX 3 473 0
IDX 3 474 0
IDX 3 475 0
IDX 3 476 0
IDX 3 477 0
IDX 3 478 0
IDX 3 479 0
SCALE 3 15 7FFF
IDX 3 480 0
IDX 3 481 0
IDX 3 482 0
IDX 3 483 0
IDX 3 484 0
IDX 3 485 0
IDX 3 486 0
IDX 3 487 0
IDX 3 488 0
IDX 3 489 0
IDX 3 490 0
IDX 3 491 0
IDX 3 492 0
IDX 3 493 0
IDX 3 494 0
IDX 3 495 0
IDX 3 496 0
IDX 3 497 0
IDX 3 498 0
IDX 3 499 0
IDX 3 500 0
IDX 3 501 0
IDX 3 502 0
IDX 3 503 0
IDX 3 504 0
IDX 3 505 0
IDX 3 506 0
IDX 3 507 0
IDX 3 508 0
IDX 3 509 0
IDX 3 510 0
IDX 3 511 0
SCALE 3 16 7FFF
IDX 3 512 0
IDX 3 513 0
IDX 3 514 0
IDX 3 515 0
IDX 3 516 0
IDX 3 517 0
IDX 3 518 0
IDX 3 519 0
IDX 3 520 0
IDX 3 521 0
IDX 3 522 0
IDX 3 523 0
IDX 3 524 0
IDX 3 525 0
IDX 3 526 0
IDX 3 527 0
IDX 3 528 0
IDX 3 529 0
IDX 3 530 0
IDX 3 531 0
IDX 3 532 0
IDX 3 533 0
IDX 3 534 0
IDX 3 535 0
IDX 3 536 0
IDX 3 537 0
IDX 3 538 0
IDX 3 539 0
IDX 3 540 0
IDX 3 541 0
IDX 3 542 0
IDX 3 543 0
SCALE 3 17 7FFF
IDX 3 544 0
IDX 3 545 0
IDX 3 546 0
IDX 3 547 0
IDX 3 548 0
IDX 3 549 0
IDX 3 550 0
IDX 3 551 0
IDX 3 552 0
IDX 3 553 0
IDX 3 554 0
IDX 3 555 0
IDX 3 556 0
IDX 3 557 0
IDX 3 558 0
IDX 3 559 0
IDX 3 560 0
IDX 3 561 0
IDX 3 562 0
IDX 3 563 0
IDX 3 564 0
IDX 3 565 0
IDX 3 566 0
IDX 3 567 0
IDX 3 568 0
IDX 3 569 0
IDX 3 570 0
IDX 3 571 0
IDX 3 572 0
IDX 3 573 0
IDX 3 574 0
IDX 3 575 0
SCALE 3 18 7FFF
IDX 3 576 0
IDX 3 577 0
IDX 3 578 0
IDX 3 579 0
IDX 3 580 0
IDX 3 581 0
IDX 3 582 0
IDX 3 583 0
IDX 3 584 0
IDX 3 585 0
IDX 3 586 0
IDX 3 587 0
IDX 3 588 0
IDX 3 589 0
IDX 3 590 0
IDX 3 591 0
IDX 3 592 0
IDX 3 593 0
IDX 3 594 0
IDX 3 595 0
IDX 3 596 0
IDX 3 597 0
IDX 3 598 0
IDX 3 599 0
IDX 3 600 0
IDX 3 601 0
IDX 3 602 0
IDX 3 603 0
IDX 3 604 0
IDX 3 605 0
IDX 3 606 0
IDX 3 607 0
SCALE 3 19 7FFF
IDX 3 608 0
IDX 3 609 0
IDX 3 610 0
IDX 3 611 0
IDX 3 612 0
IDX 3 613 0
IDX 3 614 0
IDX 3 615 0
IDX 3 616 0
IDX 3 617 0
IDX 3 618 0
IDX 3 619 0
IDX 3 620 0
IDX 3 621 0
IDX 3 622 0
IDX 3 623 0
IDX 3 624 0
IDX 3 625 0
IDX 3 626 0
IDX 3 627 0
IDX 3 628 0
IDX 3 629 0
IDX 3 630 0
IDX 3 631 0
IDX 3 632 0
IDX 3 633 0
IDX 3 634 0
IDX 3 635 0
IDX 3 636 0
IDX 3 637 0
IDX 3 638 0
IDX 3 639 0
SCALE 3 20 7FFF
IDX 3 640 0
IDX 3 641 0
IDX 3 642 0
IDX 3 643 0
IDX 3 644 0
IDX 3 645 0
IDX 3 646 0
IDX 3 647 0
IDX 3 648 0
IDX 3 649 0
IDX 3 650 0
IDX 3 651 0
IDX 3 652 0
IDX 3 653 0
IDX 3 654 0
IDX 3 655 0
IDX 3 656 0
IDX 3 657 0
IDX 3 658 0
IDX 3 659 0
IDX 3 660 0
IDX 3 661 0
IDX 3 662 0
IDX 3 663 0
IDX 3 664 0
IDX 3 665 0
IDX 3 666 0
IDX 3 667 0
IDX 3 668 0
IDX 3 669 0
IDX 3 670 0
IDX 3 671 0
SCALE 3 21 7FFF
IDX 3 672 0
IDX 3 673 0
IDX 3 674 0
IDX 3 675 0
IDX 3 676 0
IDX 3 677 0
IDX 3 678 0
IDX 3 679 0
IDX 3 680 0
IDX 3 681 0
IDX 3 682 0
IDX 3 683 0
IDX 3 684 0
IDX 3 685 0
IDX 3 686 0
IDX 3 687 0
IDX 3 688 0
IDX 3 689 0
IDX 3 690 0
IDX 3 691 0
IDX 3 692 0
IDX 3 693 0
IDX 3 694 0
IDX 3 695 0
IDX 3 696 0
IDX 3 697 0
IDX 3 698 0
IDX 3 699 0
IDX 3 700 0
IDX 3 701 0
IDX 3 702 0
IDX 3 703 0
SCALE 3 22 7FFF
IDX 3 704 0
IDX 3 705 0
IDX 3 706 0
IDX 3 707 0
IDX 3 708 0
IDX 3 709 0
IDX 3 710 0
IDX 3 711 0
IDX 3 712 0
IDX 3 713 0
IDX 3 714 0
IDX 3 715 0
IDX 3 716 0
IDX 3 717 0
IDX 3 718 0
IDX 3 719 0
IDX 3 720 0
IDX 3 721 0
IDX 3 722 0
IDX 3 723 0
IDX 3 724 0
IDX 3 725 0
IDX 3 726 0
IDX 3 727 0
IDX 3 728 0
IDX 3 729 0
IDX 3 730 0
IDX 3 731 0
IDX 3 732 0
IDX 3 733 0
IDX 3 734 0
IDX 3 735 0
SCALE 3 23 7FFF
IDX 3 736 0
IDX 3 737 0
IDX 3 738 0
IDX 3 739 0
IDX 3 740 0
IDX 3 741 0
IDX 3 742 0
IDX 3 743 0
IDX 3 744 0
IDX 3 745 0
IDX 3 746 0
IDX 3 747 0
IDX 3 748 0
IDX 3 749 0
IDX 3 750 0
IDX 3 751 0
IDX 3 752 0
IDX 3 753 0
IDX 3 754 0
IDX 3 755 0
IDX 3 756 0
IDX 3 757 0
IDX 3 758 0
IDX 3 759 0
IDX 3 760 0
IDX 3 761 0
IDX 3 762 0
IDX 3 763 0
IDX 3 764 0
IDX 3 765 0
IDX 3 766 0
IDX 3 767 0
SCALE 3 24 7FFF
IDX 3 768 0
IDX 3 769 0
IDX 3 770 0
IDX 3 771 0
IDX 3 772 0
IDX 3 773 0
IDX 3 774 0
IDX 3 775 0
IDX 3 776 0
IDX 3 777 0
IDX 3 778 0
IDX 3 779 0
IDX 3 780 0
IDX 3 781 0
IDX 3 782 0
IDX 3 783 0
IDX 3 784 0
IDX 3 785 0
IDX 3 786 0
IDX 3 787 0
IDX 3 788 0
IDX 3 789 0
IDX 3 790 0
IDX 3 791 0
IDX 3 792 0
IDX 3 793 0
IDX 3 794 0
IDX 3 795 0
IDX 3 796 0
IDX 3 797 0
IDX 3 798 0
IDX 3 799 0
SCALE 3 25 7FFF
IDX 3 800 0
IDX 3 801 0
IDX 3 802 0
IDX 3 803 0
IDX 3 804 0
IDX 3 805 0
IDX 3 806 0
IDX 3 807 0
IDX 3 808 0
IDX 3 809 0
IDX 3 810 0
IDX 3 811 0
IDX 3 812 0
IDX 3 813 0
IDX 3 814 0
IDX 3 815 0
IDX 3 816 0
IDX 3 817 0
IDX 3 818 0
IDX 3 819 0
IDX 3 820 0
IDX 3 821 0
IDX 3 822 0
IDX 3 823 0
IDX 3 824 0
IDX 3 825 0
IDX 3 826 0
IDX 3 827 0
IDX 3 828 0
IDX 3 829 0
IDX 3 830 0
IDX 3 831 0
SCALE 3 26 7FFF
IDX 3 832 0
IDX 3 833 0
IDX 3 834 0
IDX 3 835 0
IDX 3 836 0
IDX 3 837 0
IDX 3 838 0
IDX 3 839 0
IDX 3 840 0
IDX 3 841 0
IDX 3 842 0
IDX 3 843 0
IDX 3 844 0
IDX 3 845 0
IDX 3 846 0
IDX 3 847 0
IDX 3 848 0
IDX 3 849 0
IDX 3 850 0
IDX 3 851 0
IDX 3 852 0
IDX 3 853 0
IDX 3 854 0
IDX 3 855 0
IDX 3 856 0
IDX 3 857 0
IDX 3 858 0
IDX 3 859 0
IDX 3 860 0
IDX 3 861 0
IDX 3 862 0
IDX 3 863 0
SCALE 3 27 7FFF
IDX 3 864 0
IDX 3 865 0
IDX 3 866 0
IDX 3 867 0
IDX 3 868 0
IDX 3 869 0
IDX 3 870 0
IDX 3 871 0
IDX 3 872 0
IDX 3 873 0
IDX 3 874 0
IDX 3 875 0
IDX 3 876 0
IDX 3 877 0
IDX 3 878 0
IDX 3 879 0
IDX 3 880 0
IDX 3 881 0
IDX 3 882 0
IDX 3 883 0
IDX 3 884 0
IDX 3 885 0
IDX 3 886 0
IDX 3 887 0
IDX 3 888 0
IDX 3 889 0
IDX 3 890 0
IDX 3 891 0
IDX 3 892 0
IDX 3 893 0
IDX 3 894 0
IDX 3 895 0
SCALE 3 28 7FFF
IDX 3 896 0
IDX 3 897 0
IDX 3 898 0
IDX 3 899 0
IDX 3 900 0
IDX 3 901 0
IDX 3 902 0
IDX 3 903 0
IDX 3 904 0
IDX 3 905 0
IDX 3 906 0
IDX 3 907 0
IDX 3 908 0
IDX 3 909 0
IDX 3 910 0
IDX 3 911 0
IDX 3 912 0
IDX 3 913 0
IDX 3 914 0
IDX 3 915 0
IDX 3 916 0
IDX 3 917 0
IDX 3 918 0
IDX 3 919 0
IDX 3 920 0
IDX 3 921 0
IDX 3 922 0
IDX 3 923 0
IDX 3 924 0
IDX 3 925 0
IDX 3 926 0
IDX 3 927 0
SCALE 3 29 7FFF
IDX 3 928 0
IDX 3 929 0
IDX 3 930 0
IDX 3 931 0
IDX 3 932 0
IDX 3 933 0
IDX 3 934 0
IDX 3 935 0
IDX 3 936 0
IDX 3 937 0
IDX 3 938 0
IDX 3 939 0
IDX 3 940 0
IDX 3 941 0
IDX 3 942 0
IDX 3 943 0
IDX 3 944 0
IDX 3 945 0
IDX 3 946 0
IDX 3 947 0
IDX 3 948 0
IDX 3 949 0
IDX 3 950 0
IDX 3 951 0
IDX 3 952 0
IDX 3 953 0
IDX 3 954 0
IDX 3 955 0
IDX 3 956 0
IDX 3 957 0
IDX 3 958 0
IDX 3 959 0
SCALE 3 30 7FFF
IDX 3 960 0
IDX 3 961 0
IDX 3 962 0
IDX 3 963 0
IDX 3 964 0
IDX 3 965 0
IDX 3 966 0
IDX 3 967 0
IDX 3 968 0
IDX 3 969 0
IDX 3 970 0
IDX 3 971 0
IDX 3 972 0
IDX 3 973 0
IDX 3 974 0
IDX 3 975 0
IDX 3 976 0
IDX 3 977 0
IDX 3 978 0
IDX 3 979 0
IDX 3 980 0
IDX 3 981 0
IDX 3 982 0
IDX 3 983 0
IDX 3 984 0
IDX 3 985 0
IDX 3 986 0
IDX 3 987 0
IDX 3 988 0
IDX 3 989 0
IDX 3 990 0
IDX 3 991 0
SCALE 3 31 7FFF
IDX 3 992 0
IDX 3 993 0
IDX 3 994 0
IDX 3 995 0
IDX 3 996 0
IDX 3 997 0
IDX 3 998 0
IDX 3 999 0
IDX 3 1000 0
IDX 3 1001 0
IDX 3 1002 0
IDX 3 1003 0
IDX 3 1004 0
IDX 3 1005 0
IDX 3 1006 0
IDX 3 1007 0
IDX 3 1008 0
IDX 3 1009 0
IDX 3 1010 0
IDX 3 1011 0
IDX 3 1012 0
IDX 3 1013 0
IDX 3 1014 0
IDX 3 1015 0
IDX 3 1016 0
IDX 3 1017 0
IDX 3 1018 0
IDX 3 1019 0
IDX 3 1020 0
IDX 3 1021 0
IDX 3 1022 0
IDX 3 1023 0
SCALE 4 0 7FFF
IDX 4 0 0
IDX 4 1 0
IDX 4 2 0
IDX 4 3 0
IDX 4 4 0
IDX 4 5 0
IDX 4 6 0
IDX 4 7 0
IDX 4 8 0
IDX 4 9 0
IDX 4 10 0
IDX 4 11 0
IDX 4 12 0
IDX 4 13 0
IDX 4 14 0
IDX 4 15 0
IDX 4 16 0
IDX 4 17 0
IDX 4 18 0
IDX 4 19 0
IDX 4 20 0
IDX 4 21 0
IDX 4 22 0
IDX 4 23 0
IDX 4 24 0
IDX 4 25 0
IDX 4 26 0
IDX 4 27 0
IDX 4 28 0
IDX 4 29 0
IDX 4 30 0
IDX 4 31 0
SCALE 4 1 7FFF
IDX 4 32 0
IDX 4 33 0
IDX 4 34 0
IDX 4 35 0
IDX 4 36 0
IDX 4 37 0
IDX 4 38 0
IDX 4 39 0
IDX 4 40 0
IDX 4 41 0
IDX 4 42 0
IDX 4 43 0
IDX 4 44 0
IDX 4 45 0
IDX 4 46 0
IDX 4 47 0
IDX 4 48 0
IDX 4 49 0
IDX 4 50 0
IDX 4 51 0
IDX 4 52 0
IDX 4 53 0
IDX 4 54 0
IDX 4 55 0
IDX 4 56 0
IDX 4 57 0
IDX 4 58 0
IDX 4 59 0
IDX 4 60 0
IDX 4 61 0
IDX 4 62 0
IDX 4 63 0
SCALE 4 2 7FFF
IDX 4 64 0
IDX 4 65 0
IDX 4 66 0
IDX 4 67 0
IDX 4 68 0
IDX 4 69 0
IDX 4 70 0
IDX 4 71 0
IDX 4 72 0
IDX 4 73 0
IDX 4 74 0
IDX 4 75 0
IDX 4 76 0
IDX 4 77 0
IDX 4 78 0
IDX 4 79 0
IDX 4 80 0
IDX 4 81 0
IDX 4 82 0
IDX 4 83 0
IDX 4 84 0
IDX 4 85 0
IDX 4 86 0
IDX 4 87 0
IDX 4 88 0
IDX 4 89 0
IDX 4 90 0
IDX 4 91 0
IDX 4 92 0
IDX 4 93 0
IDX 4 94 0
IDX 4 95 0
SCALE 4 3 7FFF
IDX 4 96 0
IDX 4 97 0
IDX 4 98 0
IDX 4 99 0
IDX 4 100 0
IDX 4 101 0
IDX 4 102 0
IDX 4 103 0
IDX 4 104 0
IDX 4 105 0
IDX 4 106 0
IDX 4 107 0
IDX 4 108 0
IDX 4 109 0
IDX 4 110 0
IDX 4 111 0
IDX 4 112 0
IDX 4 113 0
IDX 4 114 0
IDX 4 115 0
IDX 4 116 0
IDX 4 117 0
IDX 4 118 0
IDX 4 119 0
IDX 4 120 0
IDX 4 121 0
IDX 4 122 0
IDX 4 123 0
IDX 4 124 0
IDX 4 125 0
IDX 4 126 0
IDX 4 127 0
SCALE 4 4 7FFF
IDX 4 128 0
IDX 4 129 0
IDX 4 130 0
IDX 4 131 0
IDX 4 132 0
IDX 4 133 0
IDX 4 134 0
IDX 4 135 0
IDX 4 136 0
IDX 4 137 0
IDX 4 138 0
IDX 4 139 0
IDX 4 140 0
IDX 4 141 0
IDX 4 142 0
IDX 4 143 0
IDX 4 144 0
IDX 4 145 0
IDX 4 146 0
IDX 4 147 0
IDX 4 148 0
IDX 4 149 0
IDX 4 150 0
IDX 4 151 0
IDX 4 152 0
IDX 4 153 0
IDX 4 154 0
IDX 4 155 0
IDX 4 156 0
IDX 4 157 0
IDX 4 158 0
IDX 4 159 0
SCALE 4 5 7FFF
IDX 4 160 0
IDX 4 161 0
IDX 4 162 0
IDX 4 163 0
IDX 4 164 0
IDX 4 165 0
IDX 4 166 0
IDX 4 167 0
IDX 4 168 0
IDX 4 169 0
IDX 4 170 0
IDX 4 171 0
IDX 4 172 0
IDX 4 173 0
IDX 4 174 0
IDX 4 175 0
IDX 4 176 0
IDX 4 177 0
IDX 4 178 0
IDX 4 179 0
IDX 4 180 0
IDX 4 181 0
IDX 4 182 0
IDX 4 183 0
IDX 4 184 0
IDX 4 185 0
IDX 4 186 0
IDX 4 187 0
IDX 4 188 0
IDX 4 189 0
IDX 4 190 0
IDX 4 191 0
SCALE 4 6 7FFF
IDX 4 192 0
IDX 4 193 0
IDX 4 194 0
IDX 4 195 0
IDX 4 196 0
IDX 4 197 0
IDX 4 198 0
IDX 4 199 0
IDX 4 200 0
IDX 4 201 0
IDX 4 202 0
IDX 4 203 0
IDX 4 204 0
IDX 4 205 0
IDX 4 206 0
IDX 4 207 0
IDX 4 208 0
IDX 4 209 0
IDX 4 210 0
IDX 4 211 0
IDX 4 212 0
IDX 4 213 0
IDX 4 214 0
IDX 4 215 0
IDX 4 216 0
IDX 4 217 0
IDX 4 218 0
IDX 4 219 0
IDX 4 220 0
IDX 4 221 0
IDX 4 222 0
IDX 4 223 0
SCALE 4 7 7FFF
IDX 4 224 0
IDX 4 225 0
IDX 4 226 0
IDX 4 227 0
IDX 4 228 0
IDX 4 229 0
IDX 4 230 0
IDX 4 231 0
IDX 4 232 0
IDX 4 233 0
IDX 4 234 0
IDX 4 235 0
IDX 4 236 0
IDX 4 237 0
IDX 4 238 0
IDX 4 239 0
IDX 4 240 0
IDX 4 241 0
IDX 4 242 0
IDX 4 243 0
IDX 4 244 0
IDX 4 245 0
IDX 4 246 0
IDX 4 247 0
IDX 4 248 0
IDX 4 249 0
IDX 4 250 0
IDX 4 251 0
IDX 4 252 0
IDX 4 253 0
IDX 4 254 0
IDX 4 255 0
SCALE 4 8 7FFF
IDX 4 256 0
IDX 4 257 0
IDX 4 258 0
IDX 4 259 0
IDX 4 260 0
IDX 4 261 0
IDX 4 262 0
IDX 4 263 0
IDX 4 264 0
IDX 4 265 0
IDX 4 266 0
IDX 4 267 0
IDX 4 268 0
IDX 4 269 0
IDX 4 270 0
IDX 4 271 0
IDX 4 272 0
IDX 4 273 0
IDX 4 274 0
IDX 4 275 0
IDX 4 276 0
IDX 4 277 0
IDX 4 278 0
IDX 4 279 0
IDX 4 280 0
IDX 4 281 0
IDX 4 282 0
IDX 4 283 0
IDX 4 284 0
IDX 4 285 0
IDX 4 286 0
IDX 4 287 0
SCALE 4 9 7FFF
IDX 4 288 0
IDX 4 289 0
IDX 4 290 0
IDX 4 291 0
IDX 4 292 0
IDX 4 293 0
IDX 4 294 0
IDX 4 295 0
IDX 4 296 0
IDX 4 297 0
IDX 4 298 0
IDX 4 299 0
IDX 4 300 0
IDX 4 301 0
IDX 4 302 0
IDX 4 303 0
IDX 4 304 0
IDX 4 305 0
IDX 4 306 0
IDX 4 307 0
IDX 4 308 0
IDX 4 309 0
IDX 4 310 0
IDX 4 311 0
IDX 4 312 0
IDX 4 313 0
IDX 4 314 0
IDX 4 315 0
IDX 4 316 0
IDX 4 317 0
IDX 4 318 0
IDX 4 319 0
SCALE 4 10 7FFF
IDX 4 320 0
IDX 4 321 0
IDX 4 322 0
IDX 4 323 0
IDX 4 324 0
IDX 4 325 0
IDX 4 326 0
IDX 4 327 0
IDX 4 328 0
IDX 4 329 0
IDX 4 330 0
IDX 4 331 0
IDX 4 332 0
IDX 4 333 0
IDX 4 334 0
IDX 4 335 0
IDX 4 336 0
IDX 4 337 0
IDX 4 338 0
IDX 4 339 0
IDX 4 340 0
IDX 4 341 0
IDX 4 342 0
IDX 4 343 0
IDX 4 344 0
IDX 4 345 0
IDX 4 346 0
IDX 4 347 0
IDX 4 348 0
IDX 4 349 0
IDX 4 350 0
IDX 4 351 0
SCALE 4 11 7FFF
IDX 4 352 0
IDX 4 353 0
IDX 4 354 0
IDX 4 355 0
IDX 4 356 0
IDX 4 357 0
IDX 4 358 0
IDX 4 359 0
IDX 4 360 0
IDX 4 361 0
IDX 4 362 0
IDX 4 363 0
IDX 4 364 0
IDX 4 365 0
IDX 4 366 0
IDX 4 367 0
IDX 4 368 0
IDX 4 369 0
IDX 4 370 0
IDX 4 371 0
IDX 4 372 0
IDX 4 373 0
IDX 4 374 0
IDX 4 375 0
IDX 4 376 0
IDX 4 377 0
IDX 4 378 0
IDX 4 379 0
IDX 4 380 0
IDX 4 381 0
IDX 4 382 0
IDX 4 383 0
SCALE 4 12 7FFF
IDX 4 384 0
IDX 4 385 0
IDX 4 386 0
IDX 4 387 0
IDX 4 388 0
IDX 4 389 0
IDX 4 390 0
IDX 4 391 0
IDX 4 392 0
IDX 4 393 0
IDX 4 394 0
IDX 4 395 0
IDX 4 396 0
IDX 4 397 0
IDX 4 398 0
IDX 4 399 0
IDX 4 400 0
IDX 4 401 0
IDX 4 402 0
IDX 4 403 0
IDX 4 404 0
IDX 4 405 0
IDX 4 406 0
IDX 4 407 0
IDX 4 408 0
IDX 4 409 0
IDX 4 410 0
IDX 4 411 0
IDX 4 412 0
IDX 4 413 0
IDX 4 414 0
IDX 4 415 0
SCALE 4 13 7FFF
IDX 4 416 0
IDX 4 417 0
IDX 4 418 0
IDX 4 419 0
IDX 4 420 0
IDX 4 421 0
IDX 4 422 0
IDX 4 423 0
IDX 4 424 0
IDX 4 425 0
IDX 4 426 0
IDX 4 427 0
IDX 4 428 0
IDX 4 429 0
IDX 4 430 0
IDX 4 431 0
IDX 4 432 0
IDX 4 433 0
IDX 4 434 0
IDX 4 435 0
IDX 4 436 0
IDX 4 437 0
IDX 4 438 0
IDX 4 439 0
IDX 4 440 0
IDX 4 441 0
IDX 4 442 0
IDX 4 443 0
IDX 4 444 0
IDX 4 445 0
IDX 4 446 0
IDX 4 447 0
SCALE 4 14 7FFF
IDX 4 448 0
IDX 4 449 0
IDX 4 450 0
IDX 4 451 0
IDX 4 452 0
IDX 4 453 0
IDX 4 454 0
IDX 4 455 0
IDX 4 456 0
IDX 4 457 0
IDX 4 458 0
IDX 4 459 0
IDX 4 460 0
IDX 4 461 0
IDX 4 462 0
IDX 4 463 0
IDX 4 464 0
IDX 4 465 0
IDX 4 466 0
IDX 4 467 0
IDX 4 468 0
IDX 4 469 0
IDX 4 470 0
IDX 4 471 0
IDX 4 472 0
IDX 4 473 0
IDX 4 474 0
IDX 4 475 0
IDX 4 476 0
IDX 4 477 0
IDX 4 478 0
IDX 4 479 0
SCALE 4 15 7FFF
IDX 4 480 0
IDX 4 481 0
IDX 4 482 0
IDX 4 483 0
IDX 4 484 0
IDX 4 485 0
IDX 4 486 0
IDX 4 487 0
IDX 4 488 0
IDX 4 489 0
IDX 4 490 0
IDX 4 491 0
IDX 4 492 0
IDX 4 493 0
IDX 4 494 0
IDX 4 495 0
IDX 4 496 0
IDX 4 497 0
IDX 4 498 0
IDX 4 499 0
IDX 4 500 0
IDX 4 501 0
IDX 4 502 0
IDX 4 503 0
IDX 4 504 0
IDX 4 505 0
IDX 4 506 0
IDX 4 507 0
IDX 4 508 0
IDX 4 509 0
IDX 4 510 0
IDX 4 511 0
SCALE 4 16 7FFF
IDX 4 512 0
IDX 4 513 0
IDX 4 514 0
IDX 4 515 0
IDX 4 516 0
IDX 4 517 0
IDX 4 518 0
IDX 4 519 0
IDX 4 520 0
IDX 4 521 0
IDX 4 522 0
IDX 4 523 0
IDX 4 524 0
IDX 4 525 0
IDX 4 526 0
IDX 4 527 0
IDX 4 528 0
IDX 4 529 0
IDX 4 530 0
IDX 4 531 0
IDX 4 532 0
IDX 4 533 0
IDX 4 534 0
IDX 4 535 0
IDX 4 536 0
IDX 4 537 0
IDX 4 538 0
IDX 4 539 0
IDX 4 540 0
IDX 4 541 0
IDX 4 542 0
IDX 4 543 0
SCALE 4 17 7FFF
IDX 4 544 0
IDX 4 545 0
IDX 4 546 0
IDX 4 547 0
IDX 4 548 0
IDX 4 549 0
IDX 4 550 0
IDX 4 551 0
IDX 4 552 0
IDX 4 553 0
IDX 4 554 0
IDX 4 555 0
IDX 4 556 0
IDX 4 557 0
IDX 4 558 0
IDX 4 559 0
IDX 4 560 0
IDX 4 561 0
IDX 4 562 0
IDX 4 563 0
IDX 4 564 0
IDX 4 565 0
IDX 4 566 0
IDX 4 567 0
IDX 4 568 0
IDX 4 569 0
IDX 4 570 0
IDX 4 571 0
IDX 4 572 0
IDX 4 573 0
IDX 4 574 0
IDX 4 575 0
SCALE 4 18 7FFF
IDX 4 576 0
IDX 4 577 0
IDX 4 578 0
IDX 4 579 0
IDX 4 580 0
IDX 4 581 0
IDX 4 582 0
IDX 4 583 0
IDX 4 584 0
IDX 4 585 0
IDX 4 586 0
IDX 4 587 0
IDX 4 588 0
IDX 4 589 0
IDX 4 590 0
IDX 4 591 0
IDX 4 592 0
IDX 4 593 0
IDX 4 594 0
IDX 4 595 0
IDX 4 596 0
IDX 4 597 0
IDX 4 598 0
IDX 4 599 0
IDX 4 600 0
IDX 4 601 0
IDX 4 602 0
IDX 4 603 0
IDX 4 604 0
IDX 4 605 0
IDX 4 606 0
IDX 4 607 0
SCALE 4 19 7FFF
IDX 4 608 0
IDX 4 609 0
IDX 4 610 0
IDX 4 611 0
IDX 4 612 0
IDX 4 613 0
IDX 4 614 0
IDX 4 615 0
IDX 4 616 0
IDX 4 617 0
IDX 4 618 0
IDX 4 619 0
IDX 4 620 0
IDX 4 621 0
IDX 4 622 0
IDX 4 623 0
IDX 4 624 0
IDX 4 625 0
IDX 4 626 0
IDX 4 627 0
IDX 4 628 0
IDX 4 629 0
IDX 4 630 0
IDX 4 631 0
IDX 4 632 0
IDX 4 633 0
IDX 4 634 0
IDX 4 635 0
IDX 4 636 0
IDX 4 637 0
IDX 4 638 0
IDX 4 639 0
SCALE 4 20 7FFF
IDX 4 640 0
IDX 4 641 0
IDX 4 642 0
IDX 4 643 0
IDX 4 644 0
IDX 4 645 0
IDX 4 646 0
IDX 4 647 0
IDX 4 648 0
IDX 4 649 0
IDX 4 650 0
IDX 4 651 0
IDX 4 652 0
IDX 4 653 0
IDX 4 654 0
IDX 4 655 0
IDX 4 656 0
IDX 4 657 0
IDX 4 658 0
IDX 4 659 0
IDX 4 660 0
IDX 4 661 0
IDX 4 662 0
IDX 4 663 0
IDX 4 664 0
IDX 4 665 0
IDX 4 666 0
IDX 4 667 0
IDX 4 668 0
IDX 4 669 0
IDX 4 670 0
IDX 4 671 0
SCALE 4 21 7FFF
IDX 4 672 0
IDX 4 673 0
IDX 4 674 0
IDX 4 675 0
IDX 4 676 0
IDX 4 677 0
IDX 4 678 0
IDX 4 679 0
IDX 4 680 0
IDX 4 681 0
IDX 4 682 0
IDX 4 683 0
IDX 4 684 0
IDX 4 685 0
IDX 4 686 0
IDX 4 687 0
IDX 4 688 0
IDX 4 689 0
IDX 4 690 0
IDX 4 691 0
IDX 4 692 0
IDX 4 693 0
IDX 4 694 0
IDX 4 695 0
IDX 4 696 0
IDX 4 697 0
IDX 4 698 0
IDX 4 699 0
IDX 4 700 0
IDX 4 701 0
IDX 4 702 0
IDX 4 703 0
SCALE 4 22 7FFF
IDX 4 704 0
IDX 4 705 0
IDX 4 706 0
IDX 4 707 0
IDX 4 708 0
IDX 4 709 0
IDX 4 710 0
IDX 4 711 0
IDX 4 712 0
IDX 4 713 0
IDX 4 714 0
IDX 4 715 0
IDX 4 716 0
IDX 4 717 0
IDX 4 718 0
IDX 4 719 0
IDX 4 720 0
IDX 4 721 0
IDX 4 722 0
IDX 4 723 0
IDX 4 724 0
IDX 4 725 0
IDX 4 726 0
IDX 4 727 0
IDX 4 728 0
IDX 4 729 0
IDX 4 730 0
IDX 4 731 0
IDX 4 732 0
IDX 4 733 0
IDX 4 734 0
IDX 4 735 0
SCALE 4 23 7FFF
IDX 4 736 0
IDX 4 737 0
IDX 4 738 0
IDX 4 739 0
IDX 4 740 0
IDX 4 741 0
IDX 4 742 0
IDX 4 743 0
IDX 4 744 0
IDX 4 745 0
IDX 4 746 0
IDX 4 747 0
IDX 4 748 0
IDX 4 749 0
IDX 4 750 0
IDX 4 751 0
IDX 4 752 0
IDX 4 753 0
IDX 4 754 0
IDX 4 755 0
IDX 4 756 0
IDX 4 757 0
IDX 4 758 0
IDX 4 759 0
IDX 4 760 0
IDX 4 761 0
IDX 4 762 0
IDX 4 763 0
IDX 4 764 0
IDX 4 765 0
IDX 4 766 0
IDX 4 767 0
SCALE 4 24 7FFF
IDX 4 768 0
IDX 4 769 0
IDX 4 770 0
IDX 4 771 0
IDX 4 772 0
IDX 4 773 0
IDX 4 774 0
IDX 4 775 0
IDX 4 776 0
IDX 4 777 0
IDX 4 778 0
IDX 4 779 0
IDX 4 780 0
IDX 4 781 0
IDX 4 782 0
IDX 4 783 0
IDX 4 784 0
IDX 4 785 0
IDX 4 786 0
IDX 4 787 0
IDX 4 788 0
IDX 4 789 0
IDX 4 790 0
IDX 4 791 0
IDX 4 792 0
IDX 4 793 0
IDX 4 794 0
IDX 4 795 0
IDX 4 796 0
IDX 4 797 0
IDX 4 798 0
IDX 4 799 0
SCALE 4 25 7FFF
IDX 4 800 0
IDX 4 801 0
IDX 4 802 0
IDX 4 803 0
IDX 4 804 0
IDX 4 805 0
IDX 4 806 0
IDX 4 807 0
IDX 4 808 0
IDX 4 809 0
IDX 4 810 0
IDX 4 811 0
IDX 4 812 0
IDX 4 813 0
IDX 4 814 0
IDX 4 815 0
IDX 4 816 0
IDX 4 817 0
IDX 4 818 0
IDX 4 819 0
IDX 4 820 0
IDX 4 821 0
IDX 4 822 0
IDX 4 823 0
IDX 4 824 0
IDX 4 825 0
IDX 4 826 0
IDX 4 827 0
IDX 4 828 0
IDX 4 829 0
IDX 4 830 0
IDX 4 831 0
SCALE 4 26 7FFF
IDX 4 832 0
IDX 4 833 0
IDX 4 834 0
IDX 4 835 0
IDX 4 836 0
IDX 4 837 0
IDX 4 838 0
IDX 4 839 0
IDX 4 840 0
IDX 4 841 0
IDX 4 842 0
IDX 4 843 0
IDX 4 844 0
IDX 4 845 0
IDX 4 846 0
IDX 4 847 0
IDX 4 848 0
IDX 4 849 0
IDX 4 850 0
IDX 4 851 0
IDX 4 852 0
IDX 4 853 0
IDX 4 854 0
IDX 4 855 0
IDX 4 856 0
IDX 4 857 0
IDX 4 858 0
IDX 4 859 0
IDX 4 860 0
IDX 4 861 0
IDX 4 862 0
IDX 4 863 0
SCALE 4 27 7FFF
IDX 4 864 0
IDX 4 865 0
IDX 4 866 0
IDX 4 867 0
IDX 4 868 0
IDX 4 869 0
IDX 4 870 0
IDX 4 871 0
IDX 4 872 0
IDX 4 873 0
IDX 4 874 0
IDX 4 875 0
IDX 4 876 0
IDX 4 877 0
IDX 4 878 0
IDX 4 879 0
IDX 4 880 0
IDX 4 881 0
IDX 4 882 0
IDX 4 883 0
IDX 4 884 0
IDX 4 885 0
IDX 4 886 0
IDX 4 887 0
IDX 4 888 0
IDX 4 889 0
IDX 4 890 0
IDX 4 891 0
IDX 4 892 0
IDX 4 893 0
IDX 4 894 0
IDX 4 895 0
SCALE 4 28 7FFF
IDX 4 896 0
IDX 4 897 0
IDX 4 898 0
IDX 4 899 0
IDX 4 900 0
IDX 4 901 0
IDX 4 902 0
IDX 4 903 0
IDX 4 904 0
IDX 4 905 0
IDX 4 906 0
IDX 4 907 0
IDX 4 908 0
IDX 4 909 0
IDX 4 910 0
IDX 4 911 0
IDX 4 912 0
IDX 4 913 0
IDX 4 914 0
IDX 4 915 0
IDX 4 916 0
IDX 4 917 0
IDX 4 918 0
IDX 4 919 0
IDX 4 920 0
IDX 4 921 0
IDX 4 922 0
IDX 4 923 0
IDX 4 924 0
IDX 4 925 0
IDX 4 926 0
IDX 4 927 0
SCALE 4 29 7FFF
IDX 4 928 0
IDX 4 929 0
IDX 4 930 0
IDX 4 931 0
IDX 4 932 0
IDX 4 933 0
IDX 4 934 0
IDX 4 935 0
IDX 4 936 0
IDX 4 937 0
IDX 4 938 0
IDX 4 939 0
IDX 4 940 0
IDX 4 941 0
IDX 4 942 0
IDX 4 943 0
IDX 4 944 0
IDX 4 945 0
IDX 4 946 0
IDX 4 947 0
IDX 4 948 0
IDX 4 949 0
IDX 4 950 0
IDX 4 951 0
IDX 4 952 0
IDX 4 953 0
IDX 4 954 0
IDX 4 955 0
IDX 4 956 0
IDX 4 957 0
IDX 4 958 0
IDX 4 959 0
SCALE 4 30 7FFF
IDX 4 960 0
IDX 4 961 0
IDX 4 962 0
IDX 4 963 0
IDX 4 964 0
IDX 4 965 0
IDX 4 966 0
IDX 4 967 0
IDX 4 968 0
IDX 4 969 0
IDX 4 970 0
IDX 4 971 0
IDX 4 972 0
IDX 4 973 0
IDX 4 974 0
IDX 4 975 0
IDX 4 976 0
IDX 4 977 0
IDX 4 978 0
IDX 4 979 0
IDX 4 980 0
IDX 4 981 0
IDX 4 982 0
IDX 4 983 0
IDX 4 984 0
IDX 4 985 0
IDX 4 986 0
IDX 4 987 0
IDX 4 988 0
IDX 4 989 0
IDX 4 990 0
IDX 4 991 0
SCALE 4 31 7FFF
IDX 4 992 0
IDX 4 993 0
IDX 4 994 0
IDX 4 995 0
IDX 4 996 0
IDX 4 997 0
IDX 4 998 0
IDX 4 999 0
IDX 4 1000 0
IDX 4 1001 0
IDX 4 1002 0
IDX 4 1003 0
IDX 4 1004 0
IDX 4 1005 0
IDX 4 1006 0
IDX 4 1007 0
IDX 4 1008 0
IDX 4 1009 0
IDX 4 1010 0
IDX 4 1011 0
IDX 4 1012 0
IDX 4 1013 0
IDX 4 1014 0
IDX 4 1015 0
IDX 4 1016 0
IDX 4 1017 0
IDX 4 1018 0
IDX 4 1019 0
IDX 4 1020 0
IDX 4 1021 0
IDX 4 1022 0
IDX 4 1023 0
SCALE 5 0 7FFF
IDX 5 0 0
IDX 5 1 0
IDX 5 2 0
IDX 5 3 0
IDX 5 4 0
IDX 5 5 0
IDX 5 6 0
IDX 5 7 0
IDX 5 8 0
IDX 5 9 0
IDX 5 10 0
IDX 5 11 0
IDX 5 12 0
IDX 5 13 0
IDX 5 14 0
IDX 5 15 0
IDX 5 16 0
IDX 5 17 0
IDX 5 18 0
IDX 5 19 0
IDX 5 20 0
IDX 5 21 0
IDX 5 22 0
IDX 5 23 0
IDX 5 24 0
IDX 5 25 0
IDX 5 26 0
IDX 5 27 0
IDX 5 28 0
IDX 5 29 0
IDX 5 30 0
IDX 5 31 0
SCALE 5 1 7FFF
IDX 5 32 0
IDX 5 33 0
IDX 5 34 0
IDX 5 35 0
IDX 5 36 0
IDX 5 37 0
IDX 5 38 0
IDX 5 39 0
IDX 5 40 0
IDX 5 41 0
IDX 5 42 0
IDX 5 43 0
IDX 5 44 0
IDX 5 45 0
IDX 5 46 0
IDX 5 47 0
IDX 5 48 0
IDX 5 49 0
IDX 5 50 0
IDX 5 51 0
IDX 5 52 0
IDX 5 53 0
IDX 5 54 0
IDX 5 55 0
IDX 5 56 0
IDX 5 57 0
IDX 5 58 0
IDX 5 59 0
IDX 5 60 0
IDX 5 61 0
IDX 5 62 0
IDX 5 63 0
SCALE 5 2 7FFF
IDX 5 64 0
IDX 5 65 0
IDX 5 66 0
IDX 5 67 0
IDX 5 68 0
IDX 5 69 0
IDX 5 70 0
IDX 5 71 0
IDX 5 72 0
IDX 5 73 0
IDX 5 74 0
IDX 5 75 0
IDX 5 76 0
IDX 5 77 0
IDX 5 78 0
IDX 5 79 0
IDX 5 80 0
IDX 5 81 0
IDX 5 82 0
IDX 5 83 0
IDX 5 84 0
IDX 5 85 0
IDX 5 86 0
IDX 5 87 0
IDX 5 88 0
IDX 5 89 0
IDX 5 90 0
IDX 5 91 0
IDX 5 92 0
IDX 5 93 0
IDX 5 94 0
IDX 5 95 0
SCALE 5 3 7FFF
IDX 5 96 0
IDX 5 97 0
IDX 5 98 0
IDX 5 99 0
IDX 5 100 0
IDX 5 101 0
IDX 5 102 0
IDX 5 103 0
IDX 5 104 0
IDX 5 105 0
IDX 5 106 0
IDX 5 107 0
IDX 5 108 0
IDX 5 109 0
IDX 5 110 0
IDX 5 111 0
IDX 5 112 0
IDX 5 113 0
IDX 5 114 0
IDX 5 115 0
IDX 5 116 0
IDX 5 117 0
IDX 5 118 0
IDX 5 119 0
IDX 5 120 0
IDX 5 121 0
IDX 5 122 0
IDX 5 123 0
IDX 5 124 0
IDX 5 125 0
IDX 5 126 0
IDX 5 127 0
SCALE 5 4 7FFF
IDX 5 128 0
IDX 5 129 0
IDX 5 130 0
IDX 5 131 0
IDX 5 132 0
IDX 5 133 0
IDX 5 134 0
IDX 5 135 0
IDX 5 136 0
IDX 5 137 0
IDX 5 138 0
IDX 5 139 0
IDX 5 140 0
IDX 5 141 0
IDX 5 142 0
IDX 5 143 0
IDX 5 144 0
IDX 5 145 0
IDX 5 146 0
IDX 5 147 0
IDX 5 148 0
IDX 5 149 0
IDX 5 150 0
IDX 5 151 0
IDX 5 152 0
IDX 5 153 0
IDX 5 154 0
IDX 5 155 0
IDX 5 156 0
IDX 5 157 0
IDX 5 158 0
IDX 5 159 0
SCALE 5 5 7FFF
IDX 5 160 0
IDX 5 161 0
IDX 5 162 0
IDX 5 163 0
IDX 5 164 0
IDX 5 165 0
IDX 5 166 0
IDX 5 167 0
IDX 5 168 0
IDX 5 169 0
IDX 5 170 0
IDX 5 171 0
IDX 5 172 0
IDX 5 173 0
IDX 5 174 0
IDX 5 175 0
IDX 5 176 0
IDX 5 177 0
IDX 5 178 0
IDX 5 179 0
IDX 5 180 0
IDX 5 181 0
IDX 5 182 0
IDX 5 183 0
IDX 5 184 0
IDX 5 185 0
IDX 5 186 0
IDX 5 187 0
IDX 5 188 0
IDX 5 189 0
IDX 5 190 0
IDX 5 191 0
SCALE 5 6 7FFF
IDX 5 192 0
IDX 5 193 0
IDX 5 194 0
IDX 5 195 0
IDX 5 196 0
IDX 5 197 0
IDX 5 198 0
IDX 5 199 0
IDX 5 200 0
IDX 5 201 0
IDX 5 202 0
IDX 5 203 0
IDX 5 204 0
IDX 5 205 0
IDX 5 206 0
IDX 5 207 0
IDX 5 208 0
IDX 5 209 0
IDX 5 210 0
IDX 5 211 0
IDX 5 212 0
IDX 5 213 0
IDX 5 214 0
IDX 5 215 0
IDX 5 216 0
IDX 5 217 0
IDX 5 218 0
IDX 5 219 0
IDX 5 220 0
IDX 5 221 0
IDX 5 222 0
IDX 5 223 0
SCALE 5 7 7FFF
IDX 5 224 0
IDX 5 225 0
IDX 5 226 0
IDX 5 227 0
IDX 5 228 0
IDX 5 229 0
IDX 5 230 0
IDX 5 231 0
IDX 5 232 0
IDX 5 233 0
IDX 5 234 0
IDX 5 235 0
IDX 5 236 0
IDX 5 237 0
IDX 5 238 0
IDX 5 239 0
IDX 5 240 0
IDX 5 241 0
IDX 5 242 0
IDX 5 243 0
IDX 5 244 0
IDX 5 245 0
IDX 5 246 0
IDX 5 247 0
IDX 5 248 0
IDX 5 249 0
IDX 5 250 0
IDX 5 251 0
IDX 5 252 0
IDX 5 253 0
IDX 5 254 0
IDX 5 255 0
SCALE 5 8 7FFF
IDX 5 256 0
IDX 5 257 0
IDX 5 258 0
IDX 5 259 0
IDX 5 260 0
IDX 5 261 0
IDX 5 262 0
IDX 5 263 0
IDX 5 264 0
IDX 5 265 0
IDX 5 266 0
IDX 5 267 0
IDX 5 268 0
IDX 5 269 0
IDX 5 270 0
IDX 5 271 0
IDX 5 272 0
IDX 5 273 0
IDX 5 274 0
IDX 5 275 0
IDX 5 276 0
IDX 5 277 0
IDX 5 278 0
IDX 5 279 0
IDX 5 280 0
IDX 5 281 0
IDX 5 282 0
IDX 5 283 0
IDX 5 284 0
IDX 5 285 0
IDX 5 286 0
IDX 5 287 0
SCALE 5 9 7FFF
IDX 5 288 0
IDX 5 289 0
IDX 5 290 0
IDX 5 291 0
IDX 5 292 0
IDX 5 293 0
IDX 5 294 0
IDX 5 295 0
IDX 5 296 0
IDX 5 297 0
IDX 5 298 0
IDX 5 299 0
IDX 5 300 0
IDX 5 301 0
IDX 5 302 0
IDX 5 303 0
IDX 5 304 0
IDX 5 305 0
IDX 5 306 0
IDX 5 307 0
IDX 5 308 0
IDX 5 309 0
IDX 5 310 0
IDX 5 311 0
IDX 5 312 0
IDX 5 313 0
IDX 5 314 0
IDX 5 315 0
IDX 5 316 0
IDX 5 317 0
IDX 5 318 0
IDX 5 319 0
SCALE 5 10 7FFF
IDX 5 320 0
IDX 5 321 0
IDX 5 322 0
IDX 5 323 0
IDX 5 324 0
IDX 5 325 0
IDX 5 326 0
IDX 5 327 0
IDX 5 328 0
IDX 5 329 0
IDX 5 330 0
IDX 5 331 0
IDX 5 332 0
IDX 5 333 0
IDX 5 334 0
IDX 5 335 0
IDX 5 336 0
IDX 5 337 0
IDX 5 338 0
IDX 5 339 0
IDX 5 340 0
IDX 5 341 0
IDX 5 342 0
IDX 5 343 0
IDX 5 344 0
IDX 5 345 0
IDX 5 346 0
IDX 5 347 0
IDX 5 348 0
IDX 5 349 0
IDX 5 350 0
IDX 5 351 0
SCALE 5 11 7FFF
IDX 5 352 0
IDX 5 353 0
IDX 5 354 0
IDX 5 355 0
IDX 5 356 0
IDX 5 357 0
IDX 5 358 0
IDX 5 359 0
IDX 5 360 0
IDX 5 361 0
IDX 5 362 0
IDX 5 363 0
IDX 5 364 0
IDX 5 365 0
IDX 5 366 0
IDX 5 367 0
IDX 5 368 0
IDX 5 369 0
IDX 5 370 0
IDX 5 371 0
IDX 5 372 0
IDX 5 373 0
IDX 5 374 0
IDX 5 375 0
IDX 5 376 0
IDX 5 377 0
IDX 5 378 0
IDX 5 379 0
IDX 5 380 0
IDX 5 381 0
IDX 5 382 0
IDX 5 383 0
SCALE 5 12 7FFF
IDX 5 384 0
IDX 5 385 0
IDX 5 386 0
IDX 5 387 0
IDX 5 388 0
IDX 5 389 0
IDX 5 390 0
IDX 5 391 0
IDX 5 392 0
IDX 5 393 0
IDX 5 394 0
IDX 5 395 0
IDX 5 396 0
IDX 5 397 0
IDX 5 398 0
IDX 5 399 0
IDX 5 400 0
IDX 5 401 0
IDX 5 402 0
IDX 5 403 0
IDX 5 404 0
IDX 5 405 0
IDX 5 406 0
IDX 5 407 0
IDX 5 408 0
IDX 5 409 0
IDX 5 410 0
IDX 5 411 0
IDX 5 412 0
IDX 5 413 0
IDX 5 414 0
IDX 5 415 0
SCALE 5 13 7FFF
IDX 5 416 0
IDX 5 417 0
IDX 5 418 0
IDX 5 419 0
IDX 5 420 0
IDX 5 421 0
IDX 5 422 0
IDX 5 423 0
IDX 5 424 0
IDX 5 425 0
IDX 5 426 0
IDX 5 427 0
IDX 5 428 0
IDX 5 429 0
IDX 5 430 0
IDX 5 431 0
IDX 5 432 0
IDX 5 433 0
IDX 5 434 0
IDX 5 435 0
IDX 5 436 0
IDX 5 437 0
IDX 5 438 0
IDX 5 439 0
IDX 5 440 0
IDX 5 441 0
IDX 5 442 0
IDX 5 443 0
IDX 5 444 0
IDX 5 445 0
IDX 5 446 0
IDX 5 447 0
SCALE 5 14 7FFF
IDX 5 448 0
IDX 5 449 0
IDX 5 450 0
IDX 5 451 0
IDX 5 452 0
IDX 5 453 0
IDX 5 454 0
IDX 5 455 0
IDX 5 456 0
IDX 5 457 0
IDX 5 458 0
IDX 5 459 0
IDX 5 460 0
IDX 5 461 0
IDX 5 462 0
IDX 5 463 0
IDX 5 464 0
IDX 5 465 0
IDX 5 466 0
IDX 5 467 0
IDX 5 468 0
IDX 5 469 0
IDX 5 470 0
IDX 5 471 0
IDX 5 472 0
IDX 5 473 0
IDX 5 474 0
IDX 5 475 0
IDX 5 476 0
IDX 5 477 0
IDX 5 478 0
IDX 5 479 0
SCALE 5 15 7FFF
IDX 5 480 0
IDX 5 481 0
IDX 5 482 0
IDX 5 483 0
IDX 5 484 0
IDX 5 485 0
IDX 5 486 0
IDX 5 487 0
IDX 5 488 0
IDX 5 489 0
IDX 5 490 0
IDX 5 491 0
IDX 5 492 0
IDX 5 493 0
IDX 5 494 0
IDX 5 495 0
IDX 5 496 0
IDX 5 497 0
IDX 5 498 0
IDX 5 499 0
IDX 5 500 0
IDX 5 501 0
IDX 5 502 0
IDX 5 503 0
IDX 5 504 0
IDX 5 505 0
IDX 5 506 0
IDX 5 507 0
IDX 5 508 0
IDX 5 509 0
IDX 5 510 0
IDX 5 511 0
SCALE 5 16 7FFF
IDX 5 512 0
IDX 5 513 0
IDX 5 514 0
IDX 5 515 0
IDX 5 516 0
IDX 5 517 0
IDX 5 518 0
IDX 5 519 0
IDX 5 520 0
IDX 5 521 0
IDX 5 522 0
IDX 5 523 0
IDX 5 524 0
IDX 5 525 0
IDX 5 526 0
IDX 5 527 0
IDX 5 528 0
IDX 5 529 0
IDX 5 530 0
IDX 5 531 0
IDX 5 532 0
IDX 5 533 0
IDX 5 534 0
IDX 5 535 0
IDX 5 536 0
IDX 5 537 0
IDX 5 538 0
IDX 5 539 0
IDX 5 540 0
IDX 5 541 0
IDX 5 542 0
IDX 5 543 0
SCALE 5 17 7FFF
IDX 5 544 0
IDX 5 545 0
IDX 5 546 0
IDX 5 547 0
IDX 5 548 0
IDX 5 549 0
IDX 5 550 0
IDX 5 551 0
IDX 5 552 0
IDX 5 553 0
IDX 5 554 0
IDX 5 555 0
IDX 5 556 0
IDX 5 557 0
IDX 5 558 0
IDX 5 559 0
IDX 5 560 0
IDX 5 561 0
IDX 5 562 0
IDX 5 563 0
IDX 5 564 0
IDX 5 565 0
IDX 5 566 0
IDX 5 567 0
IDX 5 568 0
IDX 5 569 0
IDX 5 570 0
IDX 5 571 0
IDX 5 572 0
IDX 5 573 0
IDX 5 574 0
IDX 5 575 0
SCALE 5 18 7FFF
IDX 5 576 0
IDX 5 577 0
IDX 5 578 0
IDX 5 579 0
IDX 5 580 0
IDX 5 581 0
IDX 5 582 0
IDX 5 583 0
IDX 5 584 0
IDX 5 585 0
IDX 5 586 0
IDX 5 587 0
IDX 5 588 0
IDX 5 589 0
IDX 5 590 0
IDX 5 591 0
IDX 5 592 0
IDX 5 593 0
IDX 5 594 0
IDX 5 595 0
IDX 5 596 0
IDX 5 597 0
IDX 5 598 0
IDX 5 599 0
IDX 5 600 0
IDX 5 601 0
IDX 5 602 0
IDX 5 603 0
IDX 5 604 0
IDX 5 605 0
IDX 5 606 0
IDX 5 607 0
SCALE 5 19 7FFF
IDX 5 608 0
IDX 5 609 0
IDX 5 610 0
IDX 5 611 0
IDX 5 612 0
IDX 5 613 0
IDX 5 614 0
IDX 5 615 0
IDX 5 616 0
IDX 5 617 0
IDX 5 618 0
IDX 5 619 0
IDX 5 620 0
IDX 5 621 0
IDX 5 622 0
IDX 5 623 0
IDX 5 624 0
IDX 5 625 0
IDX 5 626 0
IDX 5 627 0
IDX 5 628 0
IDX 5 629 0
IDX 5 630 0
IDX 5 631 0
IDX 5 632 0
IDX 5 633 0
IDX 5 634 0
IDX 5 635 0
IDX 5 636 0
IDX 5 637 0
IDX 5 638 0
IDX 5 639 0
SCALE 5 20 7FFF
IDX 5 640 0
IDX 5 641 0
IDX 5 642 0
IDX 5 643 0
IDX 5 644 0
IDX 5 645 0
IDX 5 646 0
IDX 5 647 0
IDX 5 648 0
IDX 5 649 0
IDX 5 650 0
IDX 5 651 0
IDX 5 652 0
IDX 5 653 0
IDX 5 654 0
IDX 5 655 0
IDX 5 656 0
IDX 5 657 0
IDX 5 658 0
IDX 5 659 0
IDX 5 660 0
IDX 5 661 0
IDX 5 662 0
IDX 5 663 0
IDX 5 664 0
IDX 5 665 0
IDX 5 666 0
IDX 5 667 0
IDX 5 668 0
IDX 5 669 0
IDX 5 670 0
IDX 5 671 0
SCALE 5 21 7FFF
IDX 5 672 0
IDX 5 673 0
IDX 5 674 0
IDX 5 675 0
IDX 5 676 0
IDX 5 677 0
IDX 5 678 0
IDX 5 679 0
IDX 5 680 0
IDX 5 681 0
IDX 5 682 0
IDX 5 683 0
IDX 5 684 0
IDX 5 685 0
IDX 5 686 0
IDX 5 687 0
IDX 5 688 0
IDX 5 689 0
IDX 5 690 0
IDX 5 691 0
IDX 5 692 0
IDX 5 693 0
IDX 5 694 0
IDX 5 695 0
IDX 5 696 0
IDX 5 697 0
IDX 5 698 0
IDX 5 699 0
IDX 5 700 0
IDX 5 701 0
IDX 5 702 0
IDX 5 703 0
SCALE 5 22 7FFF
IDX 5 704 0
IDX 5 705 0
IDX 5 706 0
IDX 5 707 0
IDX 5 708 0
IDX 5 709 0
IDX 5 710 0
IDX 5 711 0
IDX 5 712 0
IDX 5 713 0
IDX 5 714 0
IDX 5 715 0
IDX 5 716 0
IDX 5 717 0
IDX 5 718 0
IDX 5 719 0
IDX 5 720 0
IDX 5 721 0
IDX 5 722 0
IDX 5 723 0
IDX 5 724 0
IDX 5 725 0
IDX 5 726 0
IDX 5 727 0
IDX 5 728 0
IDX 5 729 0
IDX 5 730 0
IDX 5 731 0
IDX 5 732 0
IDX 5 733 0
IDX 5 734 0
IDX 5 735 0
SCALE 5 23 7FFF
IDX 5 736 0
IDX 5 737 0
IDX 5 738 0
IDX 5 739 0
IDX 5 740 0
IDX 5 741 0
IDX 5 742 0
IDX 5 743 0
IDX 5 744 0
IDX 5 745 0
IDX 5 746 0
IDX 5 747 0
IDX 5 748 0
IDX 5 749 0
IDX 5 750 0
IDX 5 751 0
IDX 5 752 0
IDX 5 753 0
IDX 5 754 0
IDX 5 755 0
IDX 5 756 0
IDX 5 757 0
IDX 5 758 0
IDX 5 759 0
IDX 5 760 0
IDX 5 761 0
IDX 5 762 0
IDX 5 763 0
IDX 5 764 0
IDX 5 765 0
IDX 5 766 0
IDX 5 767 0
SCALE 5 24 7FFF
IDX 5 768 0
IDX 5 769 0
IDX 5 770 0
IDX 5 771 0
IDX 5 772 0
IDX 5 773 0
IDX 5 774 0
IDX 5 775 0
IDX 5 776 0
IDX 5 777 0
IDX 5 778 0
IDX 5 779 0
IDX 5 780 0
IDX 5 781 0
IDX 5 782 0
IDX 5 783 0
IDX 5 784 0
IDX 5 785 0
IDX 5 786 0
IDX 5 787 0
IDX 5 788 0
IDX 5 789 0
IDX 5 790 0
IDX 5 791 0
IDX 5 792 0
IDX 5 793 0
IDX 5 794 0
IDX 5 795 0
IDX 5 796 0
IDX 5 797 0
IDX 5 798 0
IDX 5 799 0
SCALE 5 25 7FFF
IDX 5 800 0
IDX 5 801 0
IDX 5 802 0
IDX 5 803 0
IDX 5 804 0
IDX 5 805 0
IDX 5 806 0
IDX 5 807 0
IDX 5 808 0
IDX 5 809 0
IDX 5 810 0
IDX 5 811 0
IDX 5 812 0
IDX 5 813 0
IDX 5 814 0
IDX 5 815 0
IDX 5 816 0
IDX 5 817 0
IDX 5 818 0
IDX 5 819 0
IDX 5 820 0
IDX 5 821 0
IDX 5 822 0
IDX 5 823 0
IDX 5 824 0
IDX 5 825 0
IDX 5 826 0
IDX 5 827 0
IDX 5 828 0
IDX 5 829 0
IDX 5 830 0
IDX 5 831 0
SCALE 5 26 7FFF
IDX 5 832 0
IDX 5 833 0
IDX 5 834 0
IDX 5 835 0
IDX 5 836 0
IDX 5 837 0
IDX 5 838 0
IDX 5 839 0
IDX 5 840 0
IDX 5 841 0
IDX 5 842 0
IDX 5 843 0
IDX 5 844 0
IDX 5 845 0
IDX 5 846 0
IDX 5 847 0
IDX 5 848 0
IDX 5 849 0
IDX 5 850 0
IDX 5 851 0
IDX 5 852 0
IDX 5 853 0
IDX 5 854 0
IDX 5 855 0
IDX 5 856 0
IDX 5 857 0
IDX 5 858 0
IDX 5 859 0
IDX 5 860 0
IDX 5 861 0
IDX 5 862 0
IDX 5 863 0
SCALE 5 27 7FFF
IDX 5 864 0
IDX 5 865 0
IDX 5 866 0
IDX 5 867 0
IDX 5 868 0
IDX 5 869 0
IDX 5 870 0
IDX 5 871 0
IDX 5 872 0
IDX 5 873 0
IDX 5 874 0
IDX 5 875 0
IDX 5 876 0
IDX 5 877 0
IDX 5 878 0
IDX 5 879 0
IDX 5 880 0
IDX 5 881 0
IDX 5 882 0
IDX 5 883 0
IDX 5 884 0
IDX 5 885 0
IDX 5 886 0
IDX 5 887 0
IDX 5 888 0
IDX 5 889 0
IDX 5 890 0
IDX 5 891 0
IDX 5 892 0
IDX 5 893 0
IDX 5 894 0
IDX 5 895 0
SCALE 5 28 7FFF
IDX 5 896 0
IDX 5 897 0
IDX 5 898 0
IDX 5 899 0
IDX 5 900 0
IDX 5 901 0
IDX 5 902 0
IDX 5 903 0
IDX 5 904 0
IDX 5 905 0
IDX 5 906 0
IDX 5 907 0
IDX 5 908 0
IDX 5 909 0
IDX 5 910 0
IDX 5 911 0
IDX 5 912 0
IDX 5 913 0
IDX 5 914 0
IDX 5 915 0
IDX 5 916 0
IDX 5 917 0
IDX 5 918 0
IDX 5 919 0
IDX 5 920 0
IDX 5 921 0
IDX 5 922 0
IDX 5 923 0
IDX 5 924 0
IDX 5 925 0
IDX 5 926 0
IDX 5 927 0
SCALE 5 29 7FFF
IDX 5 928 0
IDX 5 929 0
IDX 5 930 0
IDX 5 931 0
IDX 5 932 0
IDX 5 933 0
IDX 5 934 0
IDX 5 935 0
IDX 5 936 0
IDX 5 937 0
IDX 5 938 0
IDX 5 939 0
IDX 5 940 0
IDX 5 941 0
IDX 5 942 0
IDX 5 943 0
IDX 5 944 0
IDX 5 945 0
IDX 5 946 0
IDX 5 947 0
IDX 5 948 0
IDX 5 949 0
IDX 5 950 0
IDX 5 951 0
IDX 5 952 0
IDX 5 953 0
IDX 5 954 0
IDX 5 955 0
IDX 5 956 0
IDX 5 957 0
IDX 5 958 0
IDX 5 959 0
SCALE 5 30 7FFF
IDX 5 960 0
IDX 5 961 0
IDX 5 962 0
IDX 5 963 0
IDX 5 964 0
IDX 5 965 0
IDX 5 966 0
IDX 5 967 0
IDX 5 968 0
IDX 5 969 0
IDX 5 970 0
IDX 5 971 0
IDX 5 972 0
IDX 5 973 0
IDX 5 974 0
IDX 5 975 0
IDX 5 976 0
IDX 5 977 0
IDX 5 978 0
IDX 5 979 0
IDX 5 980 0
IDX 5 981 0
IDX 5 982 0
IDX 5 983 0
IDX 5 984 0
IDX 5 985 0
IDX 5 986 0
IDX 5 987 0
IDX 5 988 0
IDX 5 989 0
IDX 5 990 0
IDX 5 991 0
SCALE 5 31 7FFF
IDX 5 992 0
IDX 5 993 0
IDX 5 994 0
IDX 5 995 0
IDX 5 996 0
IDX 5 997 0
IDX 5 998 0
IDX 5 999 0
IDX 5 1000 0
IDX 5 1001 0
IDX 5 1002 0
IDX 5 1003 0
IDX 5 1004 0
IDX 5 1005 0
IDX 5 1006 0
IDX 5 1007 0
IDX 5 1008 0
IDX 5 1009 0
IDX 5 1010 0
IDX 5 1011 0
IDX 5 1012 0
IDX 5 1013 0
IDX 5 1014 0
IDX 5 1015 0
IDX 5 1016 0
IDX 5 1017 0
IDX 5 1018 0
IDX 5 1019 0
IDX 5 1020 0
IDX 5 1021 0
IDX 5 1022 0
IDX 5 1023 0
WBASE 0 4096
WBASE 1 8192
WBASE 2 12288
WBASE 3 16384
SBASE 20480
WBEATS 64
SBEATS 32
IMGWORDS 1536
IMG 0 000003E800000006000100014D563449
IMG 1 00800020000400040000000000000000
IMG 2 7159453526190D01F6EADDCFBFAD9881
IMG 3 00000000000010000000000100005000
IMG 4 00000000000030000000000000002000
IMG 5 00000000000050000000000000004000
IMG 1280 7FFF7FFF7FFF7FFF7FFF7FFF7FFF7FFF
IMG 1281 7FFF7FFF7FFF7FFF7FFF7FFF7FFF7FFF
IMG 1282 7FFF7FFF7FFF7FFF7FFF7FFF7FFF7FFF
IMG 1283 7FFF7FFF7FFF7FFF7FFF7FFF7FFF7FFF
IMG 1284 7FFF7FFF7FFF7FFF7FFF7FFF7FFF7FFF
IMG 1285 7FFF7FFF7FFF7FFF7FFF7FFF7FFF7FFF
IMG 1286 7FFF7FFF7FFF7FFF7FFF7FFF7FFF7FFF
IMG 1287 7FFF7FFF7FFF7FFF7FFF7FFF7FFF7FFF
IMG 1288 7FFF7FFF7FFF7FFF7FFF7FFF7FFF7FFF
IMG 1289 7FFF7FFF7FFF7FFF7FFF7FFF7FFF7FFF
IMG 1290 7FFF7FFF7FFF7FFF7FFF7FFF7FFF7FFF
IMG 1291 7FFF7FFF7FFF7FFF7FFF7FFF7FFF7FFF
IMG 1292 7FFF7FFF7FFF7FFF7FFF7FFF7FFF7FFF
IMG 1293 7FFF7FFF7FFF7FFF7FFF7FFF7FFF7FFF
IMG 1294 7FFF7FFF7FFF7FFF7FFF7FFF7FFF7FFF
IMG 1295 7FFF7FFF7FFF7FFF7FFF7FFF7FFF7FFF
IMG 1296 000000007FFF7FFF000000007FFF7FFF
IMG 1297 000000007FFF7FFF000000007FFF7FFF
IMG 1298 000000007FFF7FFF000000007FFF7FFF
IMG 1299 000000007FFF7FFF000000007FFF7FFF
IMG 1300 000000007FFF7FFF000000007FFF7FFF
IMG 1301 000000007FFF7FFF000000007FFF7FFF
IMG 1302 000000007FFF7FFF000000007FFF7FFF
IMG 1303 000000007FFF7FFF000000007FFF7FFF
IMG 1304 000000007FFF7FFF000000007FFF7FFF
IMG 1305 000000007FFF7FFF000000007FFF7FFF
IMG 1306 000000007FFF7FFF000000007FFF7FFF
IMG 1307 000000007FFF7FFF000000007FFF7FFF
IMG 1308 000000007FFF7FFF000000007FFF7FFF
IMG 1309 000000007FFF7FFF000000007FFF7FFF
IMG 1310 000000007FFF7FFF000000007FFF7FFF
IMG 1311 000000007FFF7FFF000000007FFF7FFF
PARTIAL 0 0 0000000007F00000
CONTRIB 0 0 0000000007EFF020
PARTIAL 0 1 0000000007F00000
CONTRIB 0 1 0000000007EFF020
PARTIAL 0 2 0000000007F00000
CONTRIB 0 2 0000000007EFF020
PARTIAL 0 3 0000000007F00000
CONTRIB 0 3 0000000007EFF020
PARTIAL 0 4 0000000007F00000
CONTRIB 0 4 0000000007EFF020
PARTIAL 0 5 0000000007F00000
CONTRIB 0 5 0000000007EFF020
PARTIAL 0 6 0000000007F00000
CONTRIB 0 6 0000000007EFF020
PARTIAL 0 7 0000000007F00000
CONTRIB 0 7 0000000007EFF020
PARTIAL 0 8 0000000007F00000
CONTRIB 0 8 0000000007EFF020
PARTIAL 0 9 0000000007F00000
CONTRIB 0 9 0000000007EFF020
PARTIAL 0 10 0000000007F00000
CONTRIB 0 10 0000000007EFF020
PARTIAL 0 11 0000000007F00000
CONTRIB 0 11 0000000007EFF020
PARTIAL 0 12 0000000007F00000
CONTRIB 0 12 0000000007EFF020
PARTIAL 0 13 0000000007F00000
CONTRIB 0 13 0000000007EFF020
PARTIAL 0 14 0000000007F00000
CONTRIB 0 14 0000000007EFF020
PARTIAL 0 15 0000000007F00000
CONTRIB 0 15 0000000007EFF020
PARTIAL 0 16 0000000007F00000
CONTRIB 0 16 0000000007EFF020
PARTIAL 0 17 0000000007F00000
CONTRIB 0 17 0000000007EFF020
PARTIAL 0 18 0000000007F00000
CONTRIB 0 18 0000000007EFF020
PARTIAL 0 19 0000000007F00000
CONTRIB 0 19 0000000007EFF020
PARTIAL 0 20 0000000007F00000
CONTRIB 0 20 0000000007EFF020
PARTIAL 0 21 0000000007F00000
CONTRIB 0 21 0000000007EFF020
PARTIAL 0 22 0000000007F00000
CONTRIB 0 22 0000000007EFF020
PARTIAL 0 23 0000000007F00000
CONTRIB 0 23 0000000007EFF020
PARTIAL 0 24 0000000007F00000
CONTRIB 0 24 0000000007EFF020
PARTIAL 0 25 0000000007F00000
CONTRIB 0 25 0000000007EFF020
PARTIAL 0 26 0000000007F00000
CONTRIB 0 26 0000000007EFF020
PARTIAL 0 27 0000000007F00000
CONTRIB 0 27 0000000007EFF020
PARTIAL 0 28 0000000007F00000
CONTRIB 0 28 0000000007EFF020
PARTIAL 0 29 0000000007F00000
CONTRIB 0 29 0000000007EFF020
PARTIAL 0 30 0000000007F00000
CONTRIB 0 30 0000000007EFF020
PARTIAL 0 31 0000000001FC0000
CONTRIB 0 31 0000000001FBFC08
ACC 0 00000000F80A0FE8
YDATA 0 000000007FFFFFFF
PARTIAL 1 0 0000000007F00000
CONTRIB 1 0 0000000007EFF020
PARTIAL 1 1 0000000007F00000
CONTRIB 1 1 0000000007EFF020
PARTIAL 1 2 0000000007F00000
CONTRIB 1 2 0000000007EFF020
PARTIAL 1 3 0000000007F00000
CONTRIB 1 3 0000000007EFF020
PARTIAL 1 4 0000000007F00000
CONTRIB 1 4 0000000007EFF020
PARTIAL 1 5 0000000007F00000
CONTRIB 1 5 0000000007EFF020
PARTIAL 1 6 0000000007F00000
CONTRIB 1 6 0000000007EFF020
PARTIAL 1 7 0000000007F00000
CONTRIB 1 7 0000000007EFF020
PARTIAL 1 8 0000000007F00000
CONTRIB 1 8 0000000007EFF020
PARTIAL 1 9 0000000007F00000
CONTRIB 1 9 0000000007EFF020
PARTIAL 1 10 0000000007F00000
CONTRIB 1 10 0000000007EFF020
PARTIAL 1 11 0000000007F00000
CONTRIB 1 11 0000000007EFF020
PARTIAL 1 12 0000000007F00000
CONTRIB 1 12 0000000007EFF020
PARTIAL 1 13 0000000007F00000
CONTRIB 1 13 0000000007EFF020
PARTIAL 1 14 0000000007F00000
CONTRIB 1 14 0000000007EFF020
PARTIAL 1 15 0000000007F00000
CONTRIB 1 15 0000000007EFF020
PARTIAL 1 16 0000000007F00000
CONTRIB 1 16 0000000007EFF020
PARTIAL 1 17 0000000007F00000
CONTRIB 1 17 0000000007EFF020
PARTIAL 1 18 0000000007F00000
CONTRIB 1 18 0000000007EFF020
PARTIAL 1 19 0000000007F00000
CONTRIB 1 19 0000000007EFF020
PARTIAL 1 20 0000000007F00000
CONTRIB 1 20 0000000007EFF020
PARTIAL 1 21 0000000007F00000
CONTRIB 1 21 0000000007EFF020
PARTIAL 1 22 0000000007F00000
CONTRIB 1 22 0000000007EFF020
PARTIAL 1 23 0000000007F00000
CONTRIB 1 23 0000000007EFF020
PARTIAL 1 24 0000000007F00000
CONTRIB 1 24 0000000007EFF020
PARTIAL 1 25 0000000007F00000
CONTRIB 1 25 0000000007EFF020
PARTIAL 1 26 0000000007F00000
CONTRIB 1 26 0000000007EFF020
PARTIAL 1 27 0000000007F00000
CONTRIB 1 27 0000000007EFF020
PARTIAL 1 28 0000000007F00000
CONTRIB 1 28 0000000007EFF020
PARTIAL 1 29 0000000007F00000
CONTRIB 1 29 0000000007EFF020
PARTIAL 1 30 0000000007F00000
CONTRIB 1 30 0000000007EFF020
PARTIAL 1 31 0000000001FC0000
CONTRIB 1 31 0000000001FBFC08
ACC 1 00000000F80A0FE8
YDATA 1 000000007FFFFFFF
PARTIAL 2 0 0000000007F00000
CONTRIB 2 0 0000000007EFF020
PARTIAL 2 1 0000000007F00000
CONTRIB 2 1 0000000007EFF020
PARTIAL 2 2 0000000007F00000
CONTRIB 2 2 0000000007EFF020
PARTIAL 2 3 0000000007F00000
CONTRIB 2 3 0000000007EFF020
PARTIAL 2 4 0000000007F00000
CONTRIB 2 4 0000000007EFF020
PARTIAL 2 5 0000000007F00000
CONTRIB 2 5 0000000007EFF020
PARTIAL 2 6 0000000007F00000
CONTRIB 2 6 0000000007EFF020
PARTIAL 2 7 0000000007F00000
CONTRIB 2 7 0000000007EFF020
PARTIAL 2 8 0000000007F00000
CONTRIB 2 8 0000000007EFF020
PARTIAL 2 9 0000000007F00000
CONTRIB 2 9 0000000007EFF020
PARTIAL 2 10 0000000007F00000
CONTRIB 2 10 0000000007EFF020
PARTIAL 2 11 0000000007F00000
CONTRIB 2 11 0000000007EFF020
PARTIAL 2 12 0000000007F00000
CONTRIB 2 12 0000000007EFF020
PARTIAL 2 13 0000000007F00000
CONTRIB 2 13 0000000007EFF020
PARTIAL 2 14 0000000007F00000
CONTRIB 2 14 0000000007EFF020
PARTIAL 2 15 0000000007F00000
CONTRIB 2 15 0000000007EFF020
PARTIAL 2 16 0000000007F00000
CONTRIB 2 16 0000000007EFF020
PARTIAL 2 17 0000000007F00000
CONTRIB 2 17 0000000007EFF020
PARTIAL 2 18 0000000007F00000
CONTRIB 2 18 0000000007EFF020
PARTIAL 2 19 0000000007F00000
CONTRIB 2 19 0000000007EFF020
PARTIAL 2 20 0000000007F00000
CONTRIB 2 20 0000000007EFF020
PARTIAL 2 21 0000000007F00000
CONTRIB 2 21 0000000007EFF020
PARTIAL 2 22 0000000007F00000
CONTRIB 2 22 0000000007EFF020
PARTIAL 2 23 0000000007F00000
CONTRIB 2 23 0000000007EFF020
PARTIAL 2 24 0000000007F00000
CONTRIB 2 24 0000000007EFF020
PARTIAL 2 25 0000000007F00000
CONTRIB 2 25 0000000007EFF020
PARTIAL 2 26 0000000007F00000
CONTRIB 2 26 0000000007EFF020
PARTIAL 2 27 0000000007F00000
CONTRIB 2 27 0000000007EFF020
PARTIAL 2 28 0000000007F00000
CONTRIB 2 28 0000000007EFF020
PARTIAL 2 29 0000000007F00000
CONTRIB 2 29 0000000007EFF020
PARTIAL 2 30 0000000007F00000
CONTRIB 2 30 0000000007EFF020
PARTIAL 2 31 0000000001FC0000
CONTRIB 2 31 0000000001FBFC08
ACC 2 00000000F80A0FE8
YDATA 2 000000007FFFFFFF
PARTIAL 3 0 0000000007F00000
CONTRIB 3 0 0000000007EFF020
PARTIAL 3 1 0000000007F00000
CONTRIB 3 1 0000000007EFF020
PARTIAL 3 2 0000000007F00000
CONTRIB 3 2 0000000007EFF020
PARTIAL 3 3 0000000007F00000
CONTRIB 3 3 0000000007EFF020
PARTIAL 3 4 0000000007F00000
CONTRIB 3 4 0000000007EFF020
PARTIAL 3 5 0000000007F00000
CONTRIB 3 5 0000000007EFF020
PARTIAL 3 6 0000000007F00000
CONTRIB 3 6 0000000007EFF020
PARTIAL 3 7 0000000007F00000
CONTRIB 3 7 0000000007EFF020
PARTIAL 3 8 0000000007F00000
CONTRIB 3 8 0000000007EFF020
PARTIAL 3 9 0000000007F00000
CONTRIB 3 9 0000000007EFF020
PARTIAL 3 10 0000000007F00000
CONTRIB 3 10 0000000007EFF020
PARTIAL 3 11 0000000007F00000
CONTRIB 3 11 0000000007EFF020
PARTIAL 3 12 0000000007F00000
CONTRIB 3 12 0000000007EFF020
PARTIAL 3 13 0000000007F00000
CONTRIB 3 13 0000000007EFF020
PARTIAL 3 14 0000000007F00000
CONTRIB 3 14 0000000007EFF020
PARTIAL 3 15 0000000007F00000
CONTRIB 3 15 0000000007EFF020
PARTIAL 3 16 0000000007F00000
CONTRIB 3 16 0000000007EFF020
PARTIAL 3 17 0000000007F00000
CONTRIB 3 17 0000000007EFF020
PARTIAL 3 18 0000000007F00000
CONTRIB 3 18 0000000007EFF020
PARTIAL 3 19 0000000007F00000
CONTRIB 3 19 0000000007EFF020
PARTIAL 3 20 0000000007F00000
CONTRIB 3 20 0000000007EFF020
PARTIAL 3 21 0000000007F00000
CONTRIB 3 21 0000000007EFF020
PARTIAL 3 22 0000000007F00000
CONTRIB 3 22 0000000007EFF020
PARTIAL 3 23 0000000007F00000
CONTRIB 3 23 0000000007EFF020
PARTIAL 3 24 0000000007F00000
CONTRIB 3 24 0000000007EFF020
PARTIAL 3 25 0000000007F00000
CONTRIB 3 25 0000000007EFF020
PARTIAL 3 26 0000000007F00000
CONTRIB 3 26 0000000007EFF020
PARTIAL 3 27 0000000007F00000
CONTRIB 3 27 0000000007EFF020
PARTIAL 3 28 0000000007F00000
CONTRIB 3 28 0000000007EFF020
PARTIAL 3 29 0000000007F00000
CONTRIB 3 29 0000000007EFF020
PARTIAL 3 30 0000000007F00000
CONTRIB 3 30 0000000007EFF020
PARTIAL 3 31 0000000001FC0000
CONTRIB 3 31 0000000001FBFC08
ACC 3 00000000F80A0FE8
YDATA 3 000000007FFFFFFF
PARTIAL 4 0 0000000007F00000
CONTRIB 4 0 0000000007EFF020
PARTIAL 4 1 0000000007F00000
CONTRIB 4 1 0000000007EFF020
PARTIAL 4 2 0000000007F00000
CONTRIB 4 2 0000000007EFF020
PARTIAL 4 3 0000000007F00000
CONTRIB 4 3 0000000007EFF020
PARTIAL 4 4 0000000007F00000
CONTRIB 4 4 0000000007EFF020
PARTIAL 4 5 0000000007F00000
CONTRIB 4 5 0000000007EFF020
PARTIAL 4 6 0000000007F00000
CONTRIB 4 6 0000000007EFF020
PARTIAL 4 7 0000000007F00000
CONTRIB 4 7 0000000007EFF020
PARTIAL 4 8 0000000007F00000
CONTRIB 4 8 0000000007EFF020
PARTIAL 4 9 0000000007F00000
CONTRIB 4 9 0000000007EFF020
PARTIAL 4 10 0000000007F00000
CONTRIB 4 10 0000000007EFF020
PARTIAL 4 11 0000000007F00000
CONTRIB 4 11 0000000007EFF020
PARTIAL 4 12 0000000007F00000
CONTRIB 4 12 0000000007EFF020
PARTIAL 4 13 0000000007F00000
CONTRIB 4 13 0000000007EFF020
PARTIAL 4 14 0000000007F00000
CONTRIB 4 14 0000000007EFF020
PARTIAL 4 15 0000000007F00000
CONTRIB 4 15 0000000007EFF020
PARTIAL 4 16 0000000007F00000
CONTRIB 4 16 0000000007EFF020
PARTIAL 4 17 0000000007F00000
CONTRIB 4 17 0000000007EFF020
PARTIAL 4 18 0000000007F00000
CONTRIB 4 18 0000000007EFF020
PARTIAL 4 19 0000000007F00000
CONTRIB 4 19 0000000007EFF020
PARTIAL 4 20 0000000007F00000
CONTRIB 4 20 0000000007EFF020
PARTIAL 4 21 0000000007F00000
CONTRIB 4 21 0000000007EFF020
PARTIAL 4 22 0000000007F00000
CONTRIB 4 22 0000000007EFF020
PARTIAL 4 23 0000000007F00000
CONTRIB 4 23 0000000007EFF020
PARTIAL 4 24 0000000007F00000
CONTRIB 4 24 0000000007EFF020
PARTIAL 4 25 0000000007F00000
CONTRIB 4 25 0000000007EFF020
PARTIAL 4 26 0000000007F00000
CONTRIB 4 26 0000000007EFF020
PARTIAL 4 27 0000000007F00000
CONTRIB 4 27 0000000007EFF020
PARTIAL 4 28 0000000007F00000
CONTRIB 4 28 0000000007EFF020
PARTIAL 4 29 0000000007F00000
CONTRIB 4 29 0000000007EFF020
PARTIAL 4 30 0000000007F00000
CONTRIB 4 30 0000000007EFF020
PARTIAL 4 31 0000000001FC0000
CONTRIB 4 31 0000000001FBFC08
ACC 4 00000000F80A0FE8
YDATA 4 000000007FFFFFFF
PARTIAL 5 0 0000000007F00000
CONTRIB 5 0 0000000007EFF020
PARTIAL 5 1 0000000007F00000
CONTRIB 5 1 0000000007EFF020
PARTIAL 5 2 0000000007F00000
CONTRIB 5 2 0000000007EFF020
PARTIAL 5 3 0000000007F00000
CONTRIB 5 3 0000000007EFF020
PARTIAL 5 4 0000000007F00000
CONTRIB 5 4 0000000007EFF020
PARTIAL 5 5 0000000007F00000
CONTRIB 5 5 0000000007EFF020
PARTIAL 5 6 0000000007F00000
CONTRIB 5 6 0000000007EFF020
PARTIAL 5 7 0000000007F00000
CONTRIB 5 7 0000000007EFF020
PARTIAL 5 8 0000000007F00000
CONTRIB 5 8 0000000007EFF020
PARTIAL 5 9 0000000007F00000
CONTRIB 5 9 0000000007EFF020
PARTIAL 5 10 0000000007F00000
CONTRIB 5 10 0000000007EFF020
PARTIAL 5 11 0000000007F00000
CONTRIB 5 11 0000000007EFF020
PARTIAL 5 12 0000000007F00000
CONTRIB 5 12 0000000007EFF020
PARTIAL 5 13 0000000007F00000
CONTRIB 5 13 0000000007EFF020
PARTIAL 5 14 0000000007F00000
CONTRIB 5 14 0000000007EFF020
PARTIAL 5 15 0000000007F00000
CONTRIB 5 15 0000000007EFF020
PARTIAL 5 16 0000000007F00000
CONTRIB 5 16 0000000007EFF020
PARTIAL 5 17 0000000007F00000
CONTRIB 5 17 0000000007EFF020
PARTIAL 5 18 0000000007F00000
CONTRIB 5 18 0000000007EFF020
PARTIAL 5 19 0000000007F00000
CONTRIB 5 19 0000000007EFF020
PARTIAL 5 20 0000000007F00000
CONTRIB 5 20 0000000007EFF020
PARTIAL 5 21 0000000007F00000
CONTRIB 5 21 0000000007EFF020
PARTIAL 5 22 0000000007F00000
CONTRIB 5 22 0000000007EFF020
PARTIAL 5 23 0000000007F00000
CONTRIB 5 23 0000000007EFF020
PARTIAL 5 24 0000000007F00000
CONTRIB 5 24 0000000007EFF020
PARTIAL 5 25 0000000007F00000
CONTRIB 5 25 0000000007EFF020
PARTIAL 5 26 0000000007F00000
CONTRIB 5 26 0000000007EFF020
PARTIAL 5 27 0000000007F00000
CONTRIB 5 27 0000000007EFF020
PARTIAL 5 28 0000000007F00000
CONTRIB 5 28 0000000007EFF020
PARTIAL 5 29 0000000007F00000
CONTRIB 5 29 0000000007EFF020
PARTIAL 5 30 0000000007F00000
CONTRIB 5 30 0000000007EFF020
PARTIAL 5 31 0000000001FC0000
CONTRIB 5 31 0000000001FBFC08
ACC 5 00000000F80A0FE8
YDATA 5 000000007FFFFFFF
NS 16
YMANT 0 0000000000007FFF
YMANT 1 0000000000007FFF
YMANT 2 0000000000007FFF
YMANT 3 0000000000007FFF
YMANT 4 0000000000007FFF
YMANT 5 0000000000007FFF
YEXP -16
SATEV 1
