-1.000	bd_i/card/inst/u/gcr.gkvaxi.u_kv/GEN_RD[1].ph_ch_reg[0]/C	bd_i/card/inst/u/gcr.gkvaxi.u_kv/GEN_RD[1].mbank_reg[0][13][108]/CE
-1.000	bd_i/card/inst/u/gcr.gkvaxi.u_kv/GEN_RD[1].ph_ch_reg[0]/C	bd_i/card/inst/u/gcr.gkvaxi.u_kv/GEN_RD[1].mbank_reg[0][13][93]/CE
-1.001	bd_i/card/inst/u/gcr.gkvaxi.u_kv/GEN_RD[1].ph_ch_reg[0]/C	bd_i/card/inst/u/gcr.gkvaxi.u_kv/GEN_RD[1].mbank_reg[0][17][44]/CE
-1.003	bd_i/card/inst/u/gcr.gkvaxi.u_kv/GEN_RD[1].ph_ch_reg[0]/C	bd_i/card/inst/u/gcr.gkvaxi.u_kv/GEN_RD[1].mbank_reg[0][17][23]/CE
-1.004	bd_i/card/inst/u/gcr.gkvaxi.u_kv/GEN_RD[1].ph_ch_reg[0]/C	bd_i/card/inst/u/gcr.gkvaxi.u_kv/GEN_RD[1].hdr_r_reg[1][42]/D
-1.006	bd_i/card/inst/u/gcr.gkvaxi.u_kv/GEN_RD[1].ph_ch_reg[0]/C	bd_i/card/inst/u/gcr.gkvaxi.u_kv/GEN_RD[1].mbank_reg[0][13][97]/CE
-1.006	bd_i/card/inst/u/gcr.gkvaxi.u_kv/GEN_RD[1].ph_ch_reg[0]/C	bd_i/card/inst/u/gcr.gkvaxi.u_kv/GEN_RD[1].mbank_reg[0][19][8]/CE
-1.009	bd_i/card/inst/u/gcr.gkvaxi.u_kv/GEN_RD[1].ph_ch_reg[0]/C	bd_i/card/inst/u/gcr.gkvaxi.u_kv/GEN_RD[1].mbank_reg[0][12][102]/CE
-1.009	bd_i/card/inst/u/gcr.gkvaxi.u_kv/GEN_RD[1].ph_ch_reg[0]/C	bd_i/card/inst/u/gcr.gkvaxi.u_kv/GEN_RD[1].mbank_reg[0][12][104]/CE
-1.009	bd_i/card/inst/u/gcr.gkvaxi.u_kv/GEN_RD[1].ph_ch_reg[0]/C	bd_i/card/inst/u/gcr.gkvaxi.u_kv/GEN_RD[1].mbank_reg[0][16][28]/CE
-1.009	bd_i/card/inst/u/gcr.gkvaxi.u_kv/GEN_RD[1].ph_ch_reg[0]/C	bd_i/card/inst/u/gcr.gkvaxi.u_kv/GEN_RD[1].mbank_reg[0][16][54]/CE
-1.009	bd_i/card/inst/u/gcr.gkvaxi.u_kv/GEN_RD[1].ph_ch_reg[0]/C	bd_i/card/inst/u/gcr.gkvaxi.u_kv/GEN_RD[1].mbank_reg[0][19][75]/CE
-1.009	bd_i/card/inst/u/gcr.gkvaxi.u_kv/GEN_RD[1].ph_ch_reg[0]/C	bd_i/card/inst/u/gcr.gkvaxi.u_kv/GEN_RD[1].mbank_reg[0][19][90]/CE
-1.012	bd_i/card/inst/u/gcr.gkvaxi.u_kv/GEN_RD[1].ph_ch_reg[0]/C	bd_i/card/inst/u/gcr.gkvaxi.u_kv/GEN_RD[1].mbank_reg[0][14][3]/CE
-1.017	bd_i/card/inst/u/gcr.gkvaxi.u_kv/GEN_RD[1].ph_ch_reg[0]/C	bd_i/card/inst/u/gcr.gkvaxi.u_kv/GEN_RD[1].mbank_reg[0][14][6]/CE
-1.017	bd_i/card/inst/u/gcr.gkvaxi.u_kv/GEN_RD[1].ph_ch_reg[0]/C	bd_i/card/inst/u/gcr.gkvaxi.u_kv/GEN_RD[1].mbank_reg[0][16][40]/CE
-1.017	bd_i/card/inst/u/gcr.gkvaxi.u_kv/GEN_RD[1].ph_ch_reg[0]/C	bd_i/card/inst/u/gcr.gkvaxi.u_kv/GEN_RD[1].mbank_reg[0][16][58]/CE
-1.017	bd_i/card/inst/u/gcr.gkvaxi.u_kv/GEN_RD[1].ph_ch_reg[0]/C	bd_i/card/inst/u/gcr.gkvaxi.u_kv/GEN_RD[1].mbank_reg[0][17][34]/CE
-1.018	bd_i/card/inst/u/gcr.gkvaxi.u_kv/GEN_RD[1].ph_ch_reg[0]/C	bd_i/card/inst/u/gcr.gkvaxi.u_kv/GEN_RD[1].mbank_reg[0][19][20]/CE
-1.019	bd_i/card/inst/u/gcr.gkvaxi.u_kv/GEN_RD[1].ph_ch_reg[0]/C	bd_i/card/inst/u/gcr.gkvaxi.u_kv/GEN_RD[1].mbank_reg[0][18][69]/CE
-1.019	bd_i/card/inst/u/gcr.gkvaxi.u_kv/GEN_RD[1].ph_ch_reg[0]/C	bd_i/card/inst/u/gcr.gkvaxi.u_kv/GEN_RD[1].mbank_reg[0][18][74]/CE
-1.020	bd_i/card/inst/u/gcr.gkvaxi.u_kv/GEN_RD[1].ph_ch_reg[0]/C	bd_i/card/inst/u/gcr.gkvaxi.u_kv/GEN_RD[1].mbank_reg[0][13][12]/CE
-1.022	bd_i/card/inst/u/gcr.gkvaxi.u_kv/GEN_RD[1].ph_ch_reg[0]/C	bd_i/card/inst/u/gcr.gkvaxi.u_kv/GEN_RD[1].mbank_reg[0][17][24]/CE
-1.022	bd_i/card/inst/u/gcr.gkvaxi.u_kv/GEN_RD[1].ph_ch_reg[0]/C	bd_i/card/inst/u/gcr.gkvaxi.u_kv/GEN_RD[1].mbank_reg[0][17][47]/CE
-1.022	bd_i/card/inst/u/gcr.gkvaxi.u_kv/GEN_RD[1].ph_ch_reg[0]/C	bd_i/card/inst/u/gcr.gkvaxi.u_kv/GEN_RD[1].mbank_reg[0][17][85]/CE
-1.024	bd_i/card/inst/u/gcr.gkvaxi.u_kv/GEN_RD[1].ph_ch_reg[0]/C	bd_i/card/inst/u/gcr.gkvaxi.u_kv/GEN_RD[1].mbank_reg[0][15][47]/CE
-1.024	bd_i/card/inst/u/gcr.gkvaxi.u_kv/GEN_RD[1].ph_ch_reg[0]/C	bd_i/card/inst/u/gcr.gkvaxi.u_kv/GEN_RD[1].mbank_reg[0][16][1]/CE
-1.024	bd_i/card/inst/u/gcr.gkvaxi.u_kv/GEN_RD[1].ph_ch_reg[0]/C	bd_i/card/inst/u/gcr.gkvaxi.u_kv/GEN_RD[1].mbank_reg[0][16][5]/CE
-1.024	bd_i/card/inst/u/gcr.gkvaxi.u_kv/GEN_RD[1].ph_ch_reg[0]/C	bd_i/card/inst/u/gcr.gkvaxi.u_kv/GEN_RD[1].mbank_reg[0][18][30]/CE
-1.024	bd_i/card/inst/u/gcr.gkvaxi.u_kv/GEN_RD[1].ph_ch_reg[0]/C	bd_i/card/inst/u/gcr.gkvaxi.u_kv/GEN_RD[1].mbank_reg[0][18][37]/CE
-1.024	bd_i/card/inst/u/gcr.gkvaxi.u_kv/GEN_RD[1].ph_ch_reg[0]/C	bd_i/card/inst/u/gcr.gkvaxi.u_kv/GEN_RD[1].mbank_reg[0][19][116]/CE
-1.024	bd_i/card/inst/u/gcr.gkvaxi.u_kv/GEN_RD[1].ph_ch_reg[0]/C	bd_i/card/inst/u/gcr.gkvaxi.u_kv/GEN_RD[1].mbank_reg[0][19][28]/CE
-1.024	bd_i/card/inst/u/gcr.gkvaxi.u_kv/GEN_RD[1].ph_ch_reg[0]/C	bd_i/card/inst/u/gcr.gkvaxi.u_kv/GEN_RD[1].mbank_reg[0][19][54]/CE
-1.025	bd_i/card/inst/u/gcr.gkvaxi.u_kv/GEN_RD[1].ph_ch_reg[0]/C	bd_i/card/inst/u/gcr.gkvaxi.u_kv/GEN_RD[1].mbank_reg[0][16][107]/CE
-1.025	bd_i/card/inst/u/gcr.gkvaxi.u_kv/GEN_RD[1].ph_ch_reg[0]/C	bd_i/card/inst/u/gcr.gkvaxi.u_kv/GEN_RD[1].mbank_reg[0][16][26]/CE
-1.025	bd_i/card/inst/u/gcr.gkvaxi.u_kv/GEN_RD[1].ph_ch_reg[0]/C	bd_i/card/inst/u/gcr.gkvaxi.u_kv/GEN_RD[1].mbank_reg[0][17][16]/CE
-1.025	bd_i/card/inst/u/gcr.gkvaxi.u_kv/GEN_RD[1].ph_ch_reg[0]/C	bd_i/card/inst/u/gcr.gkvaxi.u_kv/GEN_RD[1].mbank_reg[0][17][89]/CE
-1.026	bd_i/card/inst/u/gcr.gkvaxi.u_kv/GEN_RD[1].ph_ch_reg[0]/C	bd_i/card/inst/u/gcr.gkvaxi.u_kv/GEN_RD[1].mbank_reg[0][11][32]/CE
-1.026	bd_i/card/inst/u/gcr.gkvaxi.u_kv/GEN_RD[1].ph_ch_reg[0]/C	bd_i/card/inst/u/gcr.gkvaxi.u_kv/GEN_RD[1].mbank_reg[0][11][46]/CE
-1.027	bd_i/card/inst/u/gcr.gkvaxi.u_kv/GEN_RD[1].ph_ch_reg[0]/C	bd_i/card/inst/u/gcr.gkvaxi.u_kv/GEN_RD[1].mbank_reg[0][0][60]/CE
-1.028	bd_i/card/inst/u/gcr.gkvaxi.u_kv/GEN_RD[1].ph_ch_reg[0]/C	bd_i/card/inst/u/gcr.gkvaxi.u_kv/GEN_RD[1].mbank_reg[0][13][110]/CE
-1.028	bd_i/card/inst/u/gcr.gkvaxi.u_kv/GEN_RD[1].ph_ch_reg[0]/C	bd_i/card/inst/u/gcr.gkvaxi.u_kv/GEN_RD[1].mbank_reg[0][13][118]/CE
-1.028	bd_i/card/inst/u/gcr.gkvaxi.u_kv/GEN_RD[1].ph_ch_reg[0]/C	bd_i/card/inst/u/gcr.gkvaxi.u_kv/GEN_RD[1].mbank_reg[0][13][91]/CE
-1.028	bd_i/card/inst/u/gcr.gkvaxi.u_kv/GEN_RD[1].ph_ch_reg[0]/C	bd_i/card/inst/u/gcr.gkvaxi.u_kv/GEN_RD[1].mbank_reg[0][19][68]/CE
-1.031	bd_i/card/inst/u/gcr.gkvaxi.u_kv/GEN_RD[1].ph_ch_reg[0]/C	bd_i/card/inst/u/gcr.gkvaxi.u_kv/GEN_RD[1].mbank_reg[0][13][80]/CE
-1.031	bd_i/card/inst/u/gcr.gkvaxi.u_kv/GEN_RD[1].ph_ch_reg[0]/C	bd_i/card/inst/u/gcr.gkvaxi.u_kv/GEN_RD[1].mbank_reg[0][13][99]/CE
-1.034	bd_i/card/inst/u/gcr.gkvaxi.u_kv/GEN_RD[1].ph_ch_reg[0]/C	bd_i/card/inst/u/gcr.gkvaxi.u_kv/GEN_RD[1].mbank_reg[0][11][54]/CE
-1.035	bd_i/card/inst/u/gcr.gkvaxi.u_kv/GEN_RD[1].ph_ch_reg[0]/C	bd_i/card/inst/u/gcr.gkvaxi.u_kv/GEN_RD[1].mbank_reg[0][14][43]/CE
-1.035	bd_i/card/inst/u/gcr.gkvaxi.u_kv/GEN_RD[1].ph_ch_reg[0]/C	bd_i/card/inst/u/gcr.gkvaxi.u_kv/GEN_RD[1].mbank_reg[0][14][46]/CE
-1.035	bd_i/card/inst/u/gcr.gkvaxi.u_kv/GEN_RD[1].ph_ch_reg[0]/C	bd_i/card/inst/u/gcr.gkvaxi.u_kv/GEN_RD[1].mbank_reg[0][14][58]/CE
-1.035	bd_i/card/inst/u/gcr.gkvaxi.u_kv/GEN_RD[1].ph_ch_reg[0]/C	bd_i/card/inst/u/gcr.gkvaxi.u_kv/GEN_RD[1].mbank_reg[0][14][9]/CE
-1.036	bd_i/card/inst/u/gcr.gkvaxi.u_kv/GEN_RD[1].ph_ch_reg[0]/C	bd_i/card/inst/u/gcr.gkvaxi.u_kv/GEN_RD[1].hdr_r_reg[0][15]/D
-1.036	bd_i/card/inst/u/gcr.gkvaxi.u_kv/GEN_RD[1].ph_ch_reg[0]/C	bd_i/card/inst/u/gcr.gkvaxi.u_kv/GEN_RD[1].mbank_reg[0][11][65]/CE
-1.036	bd_i/card/inst/u/gcr.gkvaxi.u_kv/GEN_RD[1].ph_ch_reg[0]/C	bd_i/card/inst/u/gcr.gkvaxi.u_kv/GEN_RD[1].mbank_reg[0][11][68]/CE
-1.036	bd_i/card/inst/u/gcr.gkvaxi.u_kv/GEN_RD[1].ph_ch_reg[0]/C	bd_i/card/inst/u/gcr.gkvaxi.u_kv/GEN_RD[1].mbank_reg[0][13][23]/CE
-1.036	bd_i/card/inst/u/gcr.gkvaxi.u_kv/GEN_RD[1].ph_ch_reg[0]/C	bd_i/card/inst/u/gcr.gkvaxi.u_kv/GEN_RD[1].mbank_reg[0][13][95]/CE
-1.038	bd_i/card/inst/u/gcr.gkvaxi.u_kv/GEN_RD[1].ph_ch_reg[0]/C	bd_i/card/inst/u/gcr.gkvaxi.u_kv/GEN_RD[1].mbank_reg[0][16][72]/CE
-1.038	bd_i/card/inst/u/gcr.gkvaxi.u_kv/GEN_RD[1].ph_ch_reg[0]/C	bd_i/card/inst/u/gcr.gkvaxi.u_kv/GEN_RD[1].mbank_reg[0][16][83]/CE
-1.040	bd_i/card/inst/u/gcr.gkvaxi.u_kv/GEN_RD[1].ph_ch_reg[0]/C	bd_i/card/inst/u/gcr.gkvaxi.u_kv/GEN_RD[1].mbank_reg[0][10][11]/CE
-1.040	bd_i/card/inst/u/gcr.gkvaxi.u_kv/GEN_RD[1].ph_ch_reg[0]/C	bd_i/card/inst/u/gcr.gkvaxi.u_kv/GEN_RD[1].mbank_reg[0][10][70]/CE
-1.042	bd_i/card/inst/u/gcr.gkvaxi.u_kv/GEN_RD[1].ph_ch_reg[0]/C	bd_i/card/inst/u/gcr.gkvaxi.u_kv/GEN_RD[1].mbank_reg[0][16][63]/CE
-1.043	bd_i/card/inst/u/gcr.gkvaxi.u_kv/GEN_RD[1].ph_ch_reg[0]/C	bd_i/card/inst/u/gcr.gkvaxi.u_kv/GEN_RD[1].mbank_reg[0][19][38]/CE
-1.043	bd_i/card/inst/u/gcr.gkvaxi.u_kv/GEN_RD[1].ph_ch_reg[0]/C	bd_i/card/inst/u/gcr.gkvaxi.u_kv/GEN_RD[1].mbank_reg[0][19][44]/CE
-1.044	bd_i/card/inst/u/gcr.gkvaxi.u_kv/GEN_RD[1].ph_ch_reg[0]/C	bd_i/card/inst/u/gcr.gkvaxi.u_kv/GEN_RD[1].mbank_reg[0][17][14]/CE
-1.045	bd_i/card/inst/u/gcr.gkvaxi.u_kv/GEN_RD[1].ph_ch_reg[0]/C	bd_i/card/inst/u/gcr.gkvaxi.u_kv/GEN_RD[1].mbank_reg[0][17][10]/CE
-1.045	bd_i/card/inst/u/gcr.gkvaxi.u_kv/GEN_RD[1].ph_ch_reg[0]/C	bd_i/card/inst/u/gcr.gkvaxi.u_kv/GEN_RD[1].mbank_reg[0][17][9]/CE
-1.047	bd_i/card/inst/u/gcr.gkvaxi.u_kv/GEN_RD[1].ph_ch_reg[0]/C	bd_i/card/inst/u/gcr.gkvaxi.u_kv/GEN_RD[1].mbank_reg[0][19][16]/CE
-1.047	bd_i/card/inst/u/gcr.gkvaxi.u_kv/GEN_RD[1].ph_ch_reg[0]/C	bd_i/card/inst/u/gcr.gkvaxi.u_kv/GEN_RD[1].mbank_reg[0][19][80]/CE
-1.047	bd_i/card/inst/u/gcr.gkvaxi.u_kv/GEN_RD[1].ph_ch_reg[0]/C	bd_i/card/inst/u/gcr.gkvaxi.u_kv/GEN_RD[1].mbank_reg[0][19][88]/CE
-1.049	bd_i/card/inst/u/gcr.gkvaxi.u_kv/GEN_RD[1].ph_ch_reg[0]/C	bd_i/card/inst/u/gcr.gkvaxi.u_kv/GEN_RD[1].mbank_reg[0][14][80]/CE
-1.049	bd_i/card/inst/u/gcr.gkvaxi.u_kv/GEN_RD[1].ph_ch_reg[0]/C	bd_i/card/inst/u/gcr.gkvaxi.u_kv/GEN_RD[1].mbank_reg[0][14][99]/CE
-1.051	bd_i/card/inst/u/gcr.gkvaxi.u_kv/GEN_RD[1].ph_ch_reg[0]/C	bd_i/card/inst/u/gcr.gkvaxi.u_kv/GEN_RD[1].mbank_reg[0][13][36]/CE
-1.051	bd_i/card/inst/u/gcr.gkvaxi.u_kv/GEN_RD[1].ph_ch_reg[0]/C	bd_i/card/inst/u/gcr.gkvaxi.u_kv/GEN_RD[1].mbank_reg[0][13][51]/CE
-1.051	bd_i/card/inst/u/gcr.gkvaxi.u_kv/GEN_RD[1].ph_ch_reg[0]/C	bd_i/card/inst/u/gcr.gkvaxi.u_kv/GEN_RD[1].mbank_reg[0][13][63]/CE
-1.052	bd_i/card/inst/u/gcr.gkvaxi.u_kv/GEN_RD[1].ph_ch_reg[0]/C	bd_i/card/inst/u/gcr.gkvaxi.u_kv/GEN_RD[1].mbank_reg[0][0][105]/CE
-1.052	bd_i/card/inst/u/gcr.gkvaxi.u_kv/GEN_RD[1].ph_ch_reg[0]/C	bd_i/card/inst/u/gcr.gkvaxi.u_kv/GEN_RD[1].mbank_reg[0][0][11]/CE
-1.052	bd_i/card/inst/u/gcr.gkvaxi.u_kv/GEN_RD[1].ph_ch_reg[0]/C	bd_i/card/inst/u/gcr.gkvaxi.u_kv/GEN_RD[1].mbank_reg[0][0][73]/CE
-1.052	bd_i/card/inst/u/gcr.gkvaxi.u_kv/GEN_RD[1].ph_ch_reg[0]/C	bd_i/card/inst/u/gcr.gkvaxi.u_kv/GEN_RD[1].mbank_reg[0][14][68]/CE
-1.052	bd_i/card/inst/u/gcr.gkvaxi.u_kv/GEN_RD[1].ph_ch_reg[0]/C	bd_i/card/inst/u/gcr.gkvaxi.u_kv/GEN_RD[1].mbank_reg[0][14][82]/CE
-1.053	bd_i/card/inst/u/gcr.gkvaxi.u_kv/GEN_RD[1].ph_ch_reg[0]/C	bd_i/card/inst/u/gcr.gkvaxi.u_kv/GEN_RD[1].mbank_reg[0][19][69]/CE
-1.058	bd_i/card/inst/u/gcr.gkvaxi.u_kv/GEN_RD[1].ph_ch_reg[0]/C	bd_i/card/inst/u/gcr.gkvaxi.u_kv/GEN_RD[1].mbank_reg[0][0][24]/CE
-1.058	bd_i/card/inst/u/gcr.gkvaxi.u_kv/GEN_RD[1].ph_ch_reg[0]/C	bd_i/card/inst/u/gcr.gkvaxi.u_kv/GEN_RD[1].mbank_reg[0][0][69]/CE
-1.058	bd_i/card/inst/u/gcr.gkvaxi.u_kv/GEN_RD[1].ph_ch_reg[0]/C	bd_i/card/inst/u/gcr.gkvaxi.u_kv/GEN_RD[1].mbank_reg[0][0][85]/CE
-1.059	bd_i/card/inst/u/gcr.gkvaxi.u_kv/GEN_RD[1].ph_ch_reg[0]/C	bd_i/card/inst/u/gcr.gkvaxi.u_kv/GEN_RD[1].mbank_reg[0][14][10]/CE
-1.062	bd_i/card/inst/u/gcr.gkvaxi.u_kv/GEN_RD[1].ph_ch_reg[0]/C	bd_i/card/inst/u/gcr.gkvaxi.u_kv/GEN_RD[1].mbank_reg[0][13][40]/CE
-1.062	bd_i/card/inst/u/gcr.gkvaxi.u_kv/GEN_RD[1].ph_ch_reg[0]/C	bd_i/card/inst/u/gcr.gkvaxi.u_kv/GEN_RD[1].mbank_reg[0][17][39]/CE
-1.063	bd_i/card/inst/u/gcr.gkvaxi.u_kv/GEN_RD[1].ph_ch_reg[0]/C	bd_i/card/inst/u/gcr.gkvaxi.u_kv/GEN_RD[1].mbank_reg[0][19][19]/CE
-1.063	bd_i/card/inst/u/gcr.gkvaxi.u_kv/GEN_RD[1].ph_ch_reg[0]/C	bd_i/card/inst/u/gcr.gkvaxi.u_kv/GEN_RD[1].mbank_reg[0][19][23]/CE
-1.064	bd_i/card/inst/u/gcr.gkvaxi.u_kv/GEN_RD[1].ph_ch_reg[0]/C	bd_i/card/inst/u/gcr.gkvaxi.u_kv/GEN_RD[1].mbank_reg[0][19][77]/CE
-1.064	bd_i/card/inst/u/gcr.gkvaxi.u_kv/GEN_RD[1].ph_ch_reg[0]/C	bd_i/card/inst/u/gcr.gkvaxi.u_kv/GEN_RD[1].mbank_reg[0][19][81]/CE
-1.064	bd_i/card/inst/u/gcr.gkvaxi.u_kv/GEN_RD[1].ph_ch_reg[0]/C	bd_i/card/inst/u/gcr.gkvaxi.u_kv/GEN_RD[1].mbank_reg[0][19][84]/CE
-1.065	bd_i/card/inst/u/gcr.gkvaxi.u_kv/GEN_RD[1].ph_ch_reg[0]/C	bd_i/card/inst/u/gcr.gkvaxi.u_kv/GEN_RD[1].mbank_reg[0][10][47]/CE
-1.065	bd_i/card/inst/u/gcr.gkvaxi.u_kv/GEN_RD[1].ph_ch_reg[0]/C	bd_i/card/inst/u/gcr.gkvaxi.u_kv/GEN_RD[1].mbank_reg[0][10][71]/CE
-1.066	bd_i/card/inst/u/gcr.gkvaxi.u_kv/GEN_RD[1].ph_ch_reg[0]/C	bd_i/card/inst/u/gcr.gkvaxi.u_kv/GEN_RD[1].mbank_reg[0][0][122]/CE
-1.066	bd_i/card/inst/u/gcr.gkvaxi.u_kv/GEN_RD[1].ph_ch_reg[0]/C	bd_i/card/inst/u/gcr.gkvaxi.u_kv/GEN_RD[1].mbank_reg[0][0][28]/CE
-1.067	bd_i/card/inst/u/gcr.gkvaxi.u_kv/GEN_RD[1].ph_ch_reg[0]/C	bd_i/card/inst/u/gcr.gkvaxi.u_kv/GEN_RD[1].mbank_reg[0][16][6]/CE
-1.069	bd_i/card/inst/u/gcr.gkvaxi.u_kv/GEN_RD[1].ph_ch_reg[0]/C	bd_i/card/inst/u/gcr.gkvaxi.u_kv/GEN_RD[1].mbank_reg[0][15][29]/CE
-1.069	bd_i/card/inst/u/gcr.gkvaxi.u_kv/GEN_RD[1].ph_ch_reg[0]/C	bd_i/card/inst/u/gcr.gkvaxi.u_kv/GEN_RD[1].mbank_reg[0][15][60]/CE
-1.071	bd_i/card/inst/u/gcr.gkvaxi.u_kv/GEN_RD[1].ph_ch_reg[0]/C	bd_i/card/inst/u/gcr.gkvaxi.u_kv/GEN_RD[1].mbank_reg[0][12][42]/CE
-1.071	bd_i/card/inst/u/gcr.gkvaxi.u_kv/GEN_RD[1].ph_ch_reg[0]/C	bd_i/card/inst/u/gcr.gkvaxi.u_kv/GEN_RD[1].mbank_reg[0][12][43]/CE
-1.071	bd_i/card/inst/u/gcr.gkvaxi.u_kv/GEN_RD[1].ph_ch_reg[0]/C	bd_i/card/inst/u/gcr.gkvaxi.u_kv/GEN_RD[1].mbank_reg[0][12][46]/CE
-1.071	bd_i/card/inst/u/gcr.gkvaxi.u_kv/GEN_RD[1].ph_ch_reg[0]/C	bd_i/card/inst/u/gcr.gkvaxi.u_kv/GEN_RD[1].mbank_reg[0][12][48]/CE
-1.074	bd_i/card/inst/u/gcr.gkvaxi.u_kv/GEN_RD[1].ph_ch_reg[0]/C	bd_i/card/inst/u/gcr.gkvaxi.u_kv/GEN_RD[1].mbank_reg[0][10][33]/CE
-1.074	bd_i/card/inst/u/gcr.gkvaxi.u_kv/GEN_RD[1].ph_ch_reg[0]/C	bd_i/card/inst/u/gcr.gkvaxi.u_kv/GEN_RD[1].mbank_reg[0][10][39]/CE
-1.074	bd_i/card/inst/u/gcr.gkvaxi.u_kv/GEN_RD[1].ph_ch_reg[0]/C	bd_i/card/inst/u/gcr.gkvaxi.u_kv/GEN_RD[1].mbank_reg[0][12][110]/CE
-1.074	bd_i/card/inst/u/gcr.gkvaxi.u_kv/GEN_RD[1].ph_ch_reg[0]/C	bd_i/card/inst/u/gcr.gkvaxi.u_kv/GEN_RD[1].mbank_reg[0][12][91]/CE
-1.074	bd_i/card/inst/u/gcr.gkvaxi.u_kv/GEN_RD[1].ph_ch_reg[0]/C	bd_i/card/inst/u/gcr.gkvaxi.u_kv/GEN_RD[1].mbank_reg[0][17][62]/CE
-1.075	bd_i/card/inst/u/gcr.gkvaxi.u_kv/GEN_RD[1].ph_ch_reg[0]/C	bd_i/card/inst/u/gcr.gkvaxi.u_kv/GEN_RD[1].mbank_reg[0][12][40]/CE
-1.075	bd_i/card/inst/u/gcr.gkvaxi.u_kv/GEN_RD[1].ph_ch_reg[0]/C	bd_i/card/inst/u/gcr.gkvaxi.u_kv/GEN_RD[1].mbank_reg[0][12][58]/CE
-1.075	bd_i/card/inst/u/gcr.gkvaxi.u_kv/GEN_RD[1].ph_ch_reg[0]/C	bd_i/card/inst/u/gcr.gkvaxi.u_kv/GEN_RD[1].mbank_reg[0][12][59]/CE
-1.079	bd_i/card/inst/u/gcr.gkvaxi.u_kv/GEN_RD[1].ph_ch_reg[0]/C	bd_i/card/inst/u/gcr.gkvaxi.u_kv/GEN_RD[1].mbank_reg[0][12][19]/CE
-1.079	bd_i/card/inst/u/gcr.gkvaxi.u_kv/GEN_RD[1].ph_ch_reg[0]/C	bd_i/card/inst/u/gcr.gkvaxi.u_kv/GEN_RD[1].mbank_reg[0][12][69]/CE
-1.079	bd_i/card/inst/u/gcr.gkvaxi.u_kv/GEN_RD[1].ph_ch_reg[0]/C	bd_i/card/inst/u/gcr.gkvaxi.u_kv/GEN_RD[1].mbank_reg[0][16][34]/CE
-1.079	bd_i/card/inst/u/gcr.gkvaxi.u_kv/GEN_RD[1].ph_ch_reg[0]/C	bd_i/card/inst/u/gcr.gkvaxi.u_kv/GEN_RD[1].mbank_reg[0][16][80]/CE
-1.079	bd_i/card/inst/u/gcr.gkvaxi.u_kv/GEN_RD[1].ph_ch_reg[0]/C	bd_i/card/inst/u/gcr.gkvaxi.u_kv/GEN_RD[1].mbank_reg[0][16][88]/CE
-1.079	bd_i/card/inst/u/gcr.gkvaxi.u_kv/GEN_RD[1].ph_ch_reg[0]/C	bd_i/card/inst/u/gcr.gkvaxi.u_kv/GEN_RD[1].mbank_reg[0][19][115]/CE
-1.080	bd_i/card/inst/u/gcr.gkvaxi.u_kv/GEN_RD[1].ph_ch_reg[0]/C	bd_i/card/inst/u/gcr.gkvaxi.u_kv/GEN_RD[1].mbank_reg[0][0][3]/CE
-1.080	bd_i/card/inst/u/gcr.gkvaxi.u_kv/GEN_RD[1].ph_ch_reg[0]/C	bd_i/card/inst/u/gcr.gkvaxi.u_kv/GEN_RD[1].mbank_reg[0][0][98]/CE
-1.080	bd_i/card/inst/u/gcr.gkvaxi.u_kv/GEN_RD[1].ph_ch_reg[0]/C	bd_i/card/inst/u/gcr.gkvaxi.u_kv/GEN_RD[1].mbank_reg[0][17][53]/CE
-1.082	bd_i/card/inst/u/gcr.gkvaxi.u_kv/GEN_RD[1].ph_ch_reg[0]/C	bd_i/card/inst/u/gcr.gkvaxi.u_kv/GEN_RD[1].mbank_reg[0][16][46]/CE
-1.082	bd_i/card/inst/u/gcr.gkvaxi.u_kv/GEN_RD[1].ph_ch_reg[0]/C	bd_i/card/inst/u/gcr.gkvaxi.u_kv/GEN_RD[1].mbank_reg[0][16][49]/CE
-1.084	bd_i/card/inst/u/gcr.gkvaxi.u_kv/GEN_RD[1].ph_ch_reg[0]/C	bd_i/card/inst/u/gcr.gkvaxi.u_kv/GEN_RD[1].mbank_reg[0][0][82]/CE
-1.084	bd_i/card/inst/u/gcr.gkvaxi.u_kv/GEN_RD[1].ph_ch_reg[0]/C	bd_i/card/inst/u/gcr.gkvaxi.u_kv/GEN_RD[1].mbank_reg[0][19][122]/CE
-1.086	bd_i/card/inst/u/gcr.gkvaxi.u_kv/GEN_RD[1].ph_ch_reg[0]/C	bd_i/card/inst/u/gcr.gkvaxi.u_kv/GEN_RD[1].mbank_reg[0][16][33]/CE
-1.086	bd_i/card/inst/u/gcr.gkvaxi.u_kv/GEN_RD[1].ph_ch_reg[0]/C	bd_i/card/inst/u/gcr.gkvaxi.u_kv/GEN_RD[1].mbank_reg[0][16][59]/CE
-1.088	bd_i/card/inst/u/gcr.gkvaxi.u_kv/GEN_RD[1].ph_ch_reg[0]/C	bd_i/card/inst/u/gcr.gkvaxi.u_kv/GEN_RD[1].mbank_reg[0][16][86]/CE
-1.088	bd_i/card/inst/u/gcr.gkvaxi.u_kv/GEN_RD[1].ph_ch_reg[0]/C	bd_i/card/inst/u/gcr.gkvaxi.u_kv/GEN_RD[1].mbank_reg[0][16][94]/CE
-1.091	bd_i/card/inst/u/gcr.gkvaxi.u_kv/GEN_RD[1].ph_ch_reg[0]/C	bd_i/card/inst/u/gcr.gkvaxi.u_kv/GEN_RD[1].mbank_reg[0][17][100]/CE
-1.091	bd_i/card/inst/u/gcr.gkvaxi.u_kv/GEN_RD[1].ph_ch_reg[0]/C	bd_i/card/inst/u/gcr.gkvaxi.u_kv/GEN_RD[1].mbank_reg[0][17][93]/CE
-1.093	bd_i/card/inst/u/gcr.gkvaxi.u_kv/GEN_RD[1].ph_ch_reg[0]/C	bd_i/card/inst/u/gcr.gkvaxi.u_kv/GEN_RD[1].mbank_reg[0][0][106]/CE
-1.095	bd_i/card/inst/u/gcr.gkvaxi.u_kv/GEN_RD[1].ph_ch_reg[0]/C	bd_i/card/inst/u/gcr.gkvaxi.u_kv/GEN_RD[1].mbank_reg[0][16][16]/CE
-1.095	bd_i/card/inst/u/gcr.gkvaxi.u_kv/GEN_RD[1].ph_ch_reg[0]/C	bd_i/card/inst/u/gcr.gkvaxi.u_kv/GEN_RD[1].mbank_reg[0][16][99]/CE
-1.096	bd_i/card/inst/u/gcr.gkvaxi.u_kv/GEN_RD[1].ph_ch_reg[0]/C	bd_i/card/inst/u/gcr.gkvaxi.u_kv/GEN_RD[1].mbank_reg[0][10][32]/CE
-1.096	bd_i/card/inst/u/gcr.gkvaxi.u_kv/GEN_RD[1].ph_ch_reg[0]/C	bd_i/card/inst/u/gcr.gkvaxi.u_kv/GEN_RD[1].mbank_reg[0][10][40]/CE
-1.096	bd_i/card/inst/u/gcr.gkvaxi.u_kv/GEN_RD[1].ph_ch_reg[0]/C	bd_i/card/inst/u/gcr.gkvaxi.u_kv/GEN_RD[1].mbank_reg[0][10][49]/CE
-1.096	bd_i/card/inst/u/gcr.gkvaxi.u_kv/GEN_RD[1].ph_ch_reg[0]/C	bd_i/card/inst/u/gcr.gkvaxi.u_kv/GEN_RD[1].mbank_reg[0][11][27]/CE
-1.096	bd_i/card/inst/u/gcr.gkvaxi.u_kv/GEN_RD[1].ph_ch_reg[0]/C	bd_i/card/inst/u/gcr.gkvaxi.u_kv/GEN_RD[1].mbank_reg[0][11][4]/CE
-1.096	bd_i/card/inst/u/gcr.gkvaxi.u_kv/GEN_RD[1].ph_ch_reg[0]/C	bd_i/card/inst/u/gcr.gkvaxi.u_kv/GEN_RD[1].mbank_reg[0][11][8]/CE
-1.097	bd_i/card/inst/u/gcr.gkvaxi.u_kv/GEN_RD[1].ph_ch_reg[0]/C	bd_i/card/inst/u/gcr.gkvaxi.u_kv/GEN_RD[1].mbank_reg[0][10][53]/CE
-1.099	bd_i/card/inst/u/gcr.gkvaxi.u_kv/GEN_RD[1].ph_ch_reg[0]/C	bd_i/card/inst/u/gcr.gkvaxi.u_kv/GEN_RD[1].mbank_reg[0][10][35]/CE
-1.099	bd_i/card/inst/u/gcr.gkvaxi.u_kv/GEN_RD[1].ph_ch_reg[0]/C	bd_i/card/inst/u/gcr.gkvaxi.u_kv/GEN_RD[1].mbank_reg[0][10][89]/CE
-1.099	bd_i/card/inst/u/gcr.gkvaxi.u_kv/GEN_RD[1].ph_ch_reg[0]/C	bd_i/card/inst/u/gcr.gkvaxi.u_kv/GEN_RD[1].mbank_reg[0][12][85]/CE
-1.099	bd_i/card/inst/u/gcr.gkvaxi.u_kv/GEN_RD[1].ph_ch_reg[0]/C	bd_i/card/inst/u/gcr.gkvaxi.u_kv/GEN_RD[1].mbank_reg[0][13][69]/CE
-1.100	bd_i/card/inst/u/gcr.gkvaxi.u_kv/GEN_RD[1].ph_ch_reg[0]/C	bd_i/card/inst/u/gcr.gkvaxi.u_kv/GEN_RD[1].mbank_reg[0][14][106]/CE
-1.102	bd_i/card/inst/u/gcr.gkvaxi.u_kv/GEN_RD[1].ph_ch_reg[0]/C	bd_i/card/inst/u/gcr.gkvaxi.u_kv/GEN_RD[1].mbank_reg[0][12][12]/CE
-1.102	bd_i/card/inst/u/gcr.gkvaxi.u_kv/GEN_RD[1].ph_ch_reg[0]/C	bd_i/card/inst/u/gcr.gkvaxi.u_kv/GEN_RD[1].mbank_reg[0][12][15]/CE
-1.102	bd_i/card/inst/u/gcr.gkvaxi.u_kv/GEN_RD[1].ph_ch_reg[0]/C	bd_i/card/inst/u/gcr.gkvaxi.u_kv/GEN_RD[1].mbank_reg[0][12][41]/CE
-1.103	bd_i/card/inst/u/gcr.gkvaxi.u_kv/GEN_RD[1].ph_ch_reg[0]/C	bd_i/card/inst/u/gcr.gkvaxi.u_kv/GEN_RD[1].mbank_reg[0][10][17]/CE
-1.103	bd_i/card/inst/u/gcr.gkvaxi.u_kv/GEN_RD[1].ph_ch_reg[0]/C	bd_i/card/inst/u/gcr.gkvaxi.u_kv/GEN_RD[1].mbank_reg[0][10][87]/CE
-1.106	bd_i/card/inst/u/gcr.gkvaxi.u_kv/GEN_RD[1].ph_ch_reg[0]/C	bd_i/card/inst/u/gcr.gkvaxi.u_kv/GEN_RD[1].mbank_reg[0][17][119]/CE
-1.110	bd_i/card/inst/u/gcr.gkvaxi.u_kv/GEN_RD[1].ph_ch_reg[0]/C	bd_i/card/inst/u/gcr.gkvaxi.u_kv/GEN_RD[1].mbank_reg[0][17][46]/CE
-1.110	bd_i/card/inst/u/gcr.gkvaxi.u_kv/GEN_RD[1].ph_ch_reg[0]/C	bd_i/card/inst/u/gcr.gkvaxi.u_kv/GEN_RD[1].mbank_reg[0][17][59]/CE
-1.111	bd_i/card/inst/u/gcr.gkvaxi.u_kv/GEN_RD[1].ph_ch_reg[0]/C	bd_i/card/inst/u/gcr.gkvaxi.u_kv/GEN_RD[1].mbank_reg[0][11][45]/CE
-1.111	bd_i/card/inst/u/gcr.gkvaxi.u_kv/GEN_RD[1].ph_ch_reg[0]/C	bd_i/card/inst/u/gcr.gkvaxi.u_kv/GEN_RD[1].mbank_reg[0][11][60]/CE
-1.112	bd_i/card/inst/u/gcr.gkvaxi.u_kv/GEN_RD[1].ph_ch_reg[0]/C	bd_i/card/inst/u/gcr.gkvaxi.u_kv/GEN_RD[1].mbank_reg[0][10][50]/CE
-1.112	bd_i/card/inst/u/gcr.gkvaxi.u_kv/GEN_RD[1].ph_ch_reg[0]/C	bd_i/card/inst/u/gcr.gkvaxi.u_kv/GEN_RD[1].mbank_reg[0][17][65]/CE
-1.112	bd_i/card/inst/u/gcr.gkvaxi.u_kv/GEN_RD[1].ph_ch_reg[0]/C	bd_i/card/inst/u/gcr.gkvaxi.u_kv/GEN_RD[1].mbank_reg[0][19][126]/CE
-1.116	bd_i/card/inst/u/gcr.gkvaxi.u_kv/GEN_RD[1].ph_ch_reg[0]/C	bd_i/card/inst/u/gcr.gkvaxi.u_kv/GEN_RD[1].mbank_reg[0][13][5]/CE
-1.116	bd_i/card/inst/u/gcr.gkvaxi.u_kv/GEN_RD[1].ph_ch_reg[0]/C	bd_i/card/inst/u/gcr.gkvaxi.u_kv/GEN_RD[1].mbank_reg[0][13][89]/CE
-1.119	bd_i/card/inst/u/gcr.gkvaxi.u_kv/GEN_RD[1].ph_ch_reg[0]/C	bd_i/card/inst/u/gcr.gkvaxi.u_kv/GEN_RD[1].mbank_reg[0][17][88]/CE
-1.121	bd_i/card/inst/u/gcr.gkvaxi.u_kv/GEN_RD[1].ph_ch_reg[0]/C	bd_i/card/inst/u/gcr.gkvaxi.u_kv/GEN_RD[1].mbank_reg[0][17][118]/CE
-1.121	bd_i/card/inst/u/gcr.gkvaxi.u_kv/GEN_RD[1].ph_ch_reg[0]/C	bd_i/card/inst/u/gcr.gkvaxi.u_kv/GEN_RD[1].mbank_reg[0][17][91]/CE
-1.121	bd_i/card/inst/u/gcr.gkvaxi.u_kv/GEN_RD[1].ph_ch_reg[0]/C	bd_i/card/inst/u/gcr.gkvaxi.u_kv/GEN_RD[1].mbank_reg[0][19][12]/CE
-1.121	bd_i/card/inst/u/gcr.gkvaxi.u_kv/GEN_RD[1].ph_ch_reg[0]/C	bd_i/card/inst/u/gcr.gkvaxi.u_kv/GEN_RD[1].mbank_reg[0][19][15]/CE
-1.122	bd_i/card/inst/u/gcr.gkvaxi.u_kv/GEN_RD[1].ph_ch_reg[0]/C	bd_i/card/inst/u/gcr.gkvaxi.u_kv/GEN_RD[1].mbank_reg[0][0][20]/CE
-1.122	bd_i/card/inst/u/gcr.gkvaxi.u_kv/GEN_RD[1].ph_ch_reg[0]/C	bd_i/card/inst/u/gcr.gkvaxi.u_kv/GEN_RD[1].mbank_reg[0][0][30]/CE
-1.122	bd_i/card/inst/u/gcr.gkvaxi.u_kv/GEN_RD[1].ph_ch_reg[0]/C	bd_i/card/inst/u/gcr.gkvaxi.u_kv/GEN_RD[1].mbank_reg[0][0][43]/CE
-1.124	bd_i/card/inst/u/gcr.gkvaxi.u_kv/GEN_RD[1].ph_ch_reg[0]/C	bd_i/card/inst/u/gcr.gkvaxi.u_kv/GEN_RD[1].hdr_r_reg[3][63]/D
-1.124	bd_i/card/inst/u/gcr.gkvaxi.u_kv/GEN_RD[1].ph_ch_reg[0]/C	bd_i/card/inst/u/gcr.gkvaxi.u_kv/GEN_RD[1].mbank_reg[0][13][106]/CE
-1.124	bd_i/card/inst/u/gcr.gkvaxi.u_kv/GEN_RD[1].ph_ch_reg[0]/C	bd_i/card/inst/u/gcr.gkvaxi.u_kv/GEN_RD[1].mbank_reg[0][13][82]/CE
-1.126	bd_i/card/inst/u/gcr.gkvaxi.u_kv/GEN_RD[1].ph_ch_reg[0]/C	bd_i/card/inst/u/gcr.gkvaxi.u_kv/GEN_RD[1].mbank_reg[0][10][111]/CE
-1.126	bd_i/card/inst/u/gcr.gkvaxi.u_kv/GEN_RD[1].ph_ch_reg[0]/C	bd_i/card/inst/u/gcr.gkvaxi.u_kv/GEN_RD[1].mbank_reg[0][10][24]/CE
-1.129	bd_i/card/inst/u/gcr.gkvaxi.u_kv/GEN_RD[1].ph_ch_reg[0]/C	bd_i/card/inst/u/gcr.gkvaxi.u_kv/GEN_RD[1].mbank_reg[0][14][65]/CE
-1.132	bd_i/card/inst/u/gcr.gkvaxi.u_kv/GEN_RD[1].ph_ch_reg[0]/C	bd_i/card/inst/u/gcr.gkvaxi.u_kv/GEN_RD[1].mbank_reg[0][19][27]/CE
-1.133	bd_i/card/inst/u/gcr.gkvaxi.u_kv/GEN_RD[1].ph_ch_reg[0]/C	bd_i/card/inst/u/gcr.gkvaxi.u_kv/GEN_RD[1].mbank_reg[0][19][14]/CE
-1.133	bd_i/card/inst/u/gcr.gkvaxi.u_kv/GEN_RD[1].ph_ch_reg[0]/C	bd_i/card/inst/u/gcr.gkvaxi.u_kv/GEN_RD[1].mbank_reg[0][19][32]/CE
-1.134	bd_i/card/inst/u/gcr.gkvaxi.u_kv/GEN_RD[1].ph_ch_reg[0]/C	bd_i/card/inst/u/gcr.gkvaxi.u_kv/GEN_RD[1].mbank_reg[0][0][65]/CE
-1.134	bd_i/card/inst/u/gcr.gkvaxi.u_kv/GEN_RD[1].ph_ch_reg[0]/C	bd_i/card/inst/u/gcr.gkvaxi.u_kv/GEN_RD[1].mbank_reg[0][0][68]/CE
-1.134	bd_i/card/inst/u/gcr.gkvaxi.u_kv/GEN_RD[1].ph_ch_reg[0]/C	bd_i/card/inst/u/gcr.gkvaxi.u_kv/GEN_RD[1].mbank_reg[0][10][43]/CE
-1.134	bd_i/card/inst/u/gcr.gkvaxi.u_kv/GEN_RD[1].ph_ch_reg[0]/C	bd_i/card/inst/u/gcr.gkvaxi.u_kv/GEN_RD[1].mbank_reg[0][10][46]/CE
-1.134	bd_i/card/inst/u/gcr.gkvaxi.u_kv/GEN_RD[1].ph_ch_reg[0]/C	bd_i/card/inst/u/gcr.gkvaxi.u_kv/GEN_RD[1].mbank_reg[0][12][28]/CE
-1.136	bd_i/card/inst/u/gcr.gkvaxi.u_kv/GEN_RD[1].ph_ch_reg[0]/C	bd_i/card/inst/u/gcr.gkvaxi.u_kv/GEN_RD[1].mbank_reg[0][0][57]/CE
-1.137	bd_i/card/inst/u/gcr.gkvaxi.u_kv/GEN_RD[1].ph_ch_reg[0]/C	bd_i/card/inst/u/gcr.gkvaxi.u_kv/GEN_RD[1].mbank_reg[0][12][53]/CE
-1.137	bd_i/card/inst/u/gcr.gkvaxi.u_kv/GEN_RD[1].ph_ch_reg[0]/C	bd_i/card/inst/u/gcr.gkvaxi.u_kv/GEN_RD[1].mbank_reg[0][18][2]/CE
-1.137	bd_i/card/inst/u/gcr.gkvaxi.u_kv/GEN_RD[1].ph_ch_reg[0]/C	bd_i/card/inst/u/gcr.gkvaxi.u_kv/GEN_RD[1].mbank_reg[0][18][7]/CE
-1.137	bd_i/card/inst/u/gcr.gkvaxi.u_kv/GEN_RD[1].ph_ch_reg[0]/C	bd_i/card/inst/u/gcr.gkvaxi.u_kv/GEN_RD[1].mbank_reg[0][18][9]/CE
-1.138	bd_i/card/inst/u/gcr.gkvaxi.u_kv/GEN_RD[1].ph_ch_reg[0]/C	bd_i/card/inst/u/gcr.gkvaxi.u_kv/GEN_RD[1].mbank_reg[0][19][51]/CE
-1.138	bd_i/card/inst/u/gcr.gkvaxi.u_kv/GEN_RD[1].ph_ch_reg[0]/C	bd_i/card/inst/u/gcr.gkvaxi.u_kv/GEN_RD[1].mbank_reg[0][19][5]/CE
-1.139	bd_i/card/inst/u/gcr.gkvaxi.u_kv/GEN_RD[1].ph_ch_reg[0]/C	bd_i/card/inst/u/gcr.gkvaxi.u_kv/GEN_RD[1].hdr_r_reg[1][38]/D
-1.139	bd_i/card/inst/u/gcr.gkvaxi.u_kv/GEN_RD[1].ph_ch_reg[0]/C	bd_i/card/inst/u/gcr.gkvaxi.u_kv/GEN_RD[1].mbank_reg[0][10][23]/CE
-1.139	bd_i/card/inst/u/gcr.gkvaxi.u_kv/GEN_RD[1].ph_ch_reg[0]/C	bd_i/card/inst/u/gcr.gkvaxi.u_kv/GEN_RD[1].mbank_reg[0][10][98]/CE
-1.140	bd_i/card/inst/u/gcr.gkvaxi.u_kv/GEN_RD[1].ph_ch_reg[0]/C	bd_i/card/inst/u/gcr.gkvaxi.u_kv/GEN_RD[1].mbank_reg[0][11][97]/CE
-1.141	bd_i/card/inst/u/gcr.gkvaxi.u_kv/GEN_RD[1].ph_ch_reg[0]/C	bd_i/card/inst/u/gcr.gkvaxi.u_kv/GEN_RD[1].mbank_reg[0][16][48]/CE
-1.143	bd_i/card/inst/u/gcr.gkvaxi.u_kv/GEN_RD[1].ph_ch_reg[0]/C	bd_i/card/inst/u/gcr.gkvaxi.u_kv/GEN_RD[1].mbank_reg[0][11][33]/CE
-1.145	bd_i/card/inst/u/gcr.gkvaxi.u_kv/GEN_RD[1].ph_ch_reg[0]/C	bd_i/card/inst/u/gcr.gkvaxi.u_kv/GEN_RD[1].hdr_r_reg[0][38]/D
-1.145	bd_i/card/inst/u/gcr.gkvaxi.u_kv/GEN_RD[1].ph_ch_reg[0]/C	bd_i/card/inst/u/gcr.gkvaxi.u_kv/GEN_RD[1].mbank_reg[0][16][36]/CE
-1.145	bd_i/card/inst/u/gcr.gkvaxi.u_kv/GEN_RD[1].ph_ch_reg[0]/C	bd_i/card/inst/u/gcr.gkvaxi.u_kv/GEN_RD[1].mbank_reg[0][16][43]/CE
-1.145	bd_i/card/inst/u/gcr.gkvaxi.u_kv/GEN_RD[1].ph_ch_reg[0]/C	bd_i/card/inst/u/gcr.gkvaxi.u_kv/GEN_RD[1].mbank_reg[0][16][51]/CE
-1.148	bd_i/card/inst/u/gcr.gkvaxi.u_kv/GEN_RD[1].ph_ch_reg[0]/C	bd_i/card/inst/u/gcr.gkvaxi.u_kv/GEN_RD[1].mbank_reg[0][10][64]/CE
-1.148	bd_i/card/inst/u/gcr.gkvaxi.u_kv/GEN_RD[1].ph_ch_reg[0]/C	bd_i/card/inst/u/gcr.gkvaxi.u_kv/GEN_RD[1].mbank_reg[0][10][96]/CE
-1.150	bd_i/card/inst/u/gcr.gkvaxi.u_kv/GEN_RD[1].ph_ch_reg[0]/C	bd_i/card/inst/u/gcr.gkvaxi.u_kv/GEN_RD[1].mbank_reg[0][17][77]/CE
-1.150	bd_i/card/inst/u/gcr.gkvaxi.u_kv/GEN_RD[1].ph_ch_reg[0]/C	bd_i/card/inst/u/gcr.gkvaxi.u_kv/GEN_RD[1].mbank_reg[0][17][81]/CE
-1.150	bd_i/card/inst/u/gcr.gkvaxi.u_kv/GEN_RD[1].ph_ch_reg[0]/C	bd_i/card/inst/u/gcr.gkvaxi.u_kv/GEN_RD[1].mbank_reg[0][17][84]/CE
-1.150	bd_i/card/inst/u/gcr.gkvaxi.u_kv/GEN_RD[1].ph_ch_reg[0]/C	bd_i/card/inst/u/gcr.gkvaxi.u_kv/GEN_RD[1].mbank_reg[0][17][97]/CE
-1.151	bd_i/card/inst/u/gcr.gkvaxi.u_kv/GEN_RD[1].ph_ch_reg[0]/C	bd_i/card/inst/u/gcr.gkvaxi.u_kv/GEN_RD[1].mbank_reg[0][0][19]/CE
-1.151	bd_i/card/inst/u/gcr.gkvaxi.u_kv/GEN_RD[1].ph_ch_reg[0]/C	bd_i/card/inst/u/gcr.gkvaxi.u_kv/GEN_RD[1].mbank_reg[0][0][81]/CE
-1.151	bd_i/card/inst/u/gcr.gkvaxi.u_kv/GEN_RD[1].ph_ch_reg[0]/C	bd_i/card/inst/u/gcr.gkvaxi.u_kv/GEN_RD[1].mbank_reg[0][0][97]/CE
-1.151	bd_i/card/inst/u/gcr.gkvaxi.u_kv/GEN_RD[1].ph_ch_reg[0]/C	bd_i/card/inst/u/gcr.gkvaxi.u_kv/GEN_RD[1].mbank_reg[0][13][53]/CE
-1.151	bd_i/card/inst/u/gcr.gkvaxi.u_kv/GEN_RD[1].ph_ch_reg[0]/C	bd_i/card/inst/u/gcr.gkvaxi.u_kv/GEN_RD[1].mbank_reg[0][13][90]/CE
-1.151	bd_i/card/inst/u/gcr.gkvaxi.u_kv/GEN_RD[1].ph_ch_reg[0]/C	bd_i/card/inst/u/gcr.gkvaxi.u_kv/GEN_RD[1].mbank_reg[0][16][120]/CE
-1.151	bd_i/card/inst/u/gcr.gkvaxi.u_kv/GEN_RD[1].ph_ch_reg[0]/C	bd_i/card/inst/u/gcr.gkvaxi.u_kv/GEN_RD[1].mbank_reg[0][16][76]/CE
-1.152	bd_i/card/inst/u/gcr.gkvaxi.u_kv/GEN_RD[1].ph_ch_reg[0]/C	bd_i/card/inst/u/gcr.gkvaxi.u_kv/GEN_RD[1].mbank_reg[0][10][18]/CE
-1.152	bd_i/card/inst/u/gcr.gkvaxi.u_kv/GEN_RD[1].ph_ch_reg[0]/C	bd_i/card/inst/u/gcr.gkvaxi.u_kv/GEN_RD[1].mbank_reg[0][10][34]/CE
-1.152	bd_i/card/inst/u/gcr.gkvaxi.u_kv/GEN_RD[1].ph_ch_reg[0]/C	bd_i/card/inst/u/gcr.gkvaxi.u_kv/GEN_RD[1].mbank_reg[0][10][99]/CE
-1.153	bd_i/card/inst/u/gcr.gkvaxi.u_kv/GEN_RD[1].ph_ch_reg[0]/C	bd_i/card/inst/u/gcr.gkvaxi.u_kv/GEN_RD[1].mbank_reg[0][11][0]/CE
-1.153	bd_i/card/inst/u/gcr.gkvaxi.u_kv/GEN_RD[1].ph_ch_reg[0]/C	bd_i/card/inst/u/gcr.gkvaxi.u_kv/GEN_RD[1].mbank_reg[0][13][19]/CE
-1.157	bd_i/card/inst/u/gcr.gkvaxi.u_kv/GEN_RD[1].ph_ch_reg[0]/C	bd_i/card/inst/u/gcr.gkvaxi.u_kv/GEN_RD[1].mbank_reg[0][18][21]/CE
-1.157	bd_i/card/inst/u/gcr.gkvaxi.u_kv/GEN_RD[1].ph_ch_reg[0]/C	bd_i/card/inst/u/gcr.gkvaxi.u_kv/GEN_RD[1].mbank_reg[0][18][50]/CE
-1.158	bd_i/card/inst/u/gcr.gkvaxi.u_kv/GEN_RD[1].ph_ch_reg[0]/C	bd_i/card/inst/u/gcr.gkvaxi.u_kv/GEN_RD[1].mbank_reg[0][17][13]/CE
-1.159	bd_i/card/inst/u/gcr.gkvaxi.u_kv/GEN_RD[1].ph_ch_reg[0]/C	bd_i/card/inst/u/gcr.gkvaxi.u_kv/GEN_RD[1].mbank_reg[0][19][113]/CE
-1.159	bd_i/card/inst/u/gcr.gkvaxi.u_kv/GEN_RD[1].ph_ch_reg[0]/C	bd_i/card/inst/u/gcr.gkvaxi.u_kv/GEN_RD[1].mbank_reg[0][19][61]/CE
-1.160	bd_i/card/inst/u/gcr.gkvaxi.u_kv/GEN_RD[1].ph_ch_reg[0]/C	bd_i/card/inst/u/gcr.gkvaxi.u_kv/GEN_RD[1].mbank_reg[0][13][15]/CE
-1.162	bd_i/card/inst/u/gcr.gkvaxi.u_kv/GEN_RD[1].ph_ch_reg[0]/C	bd_i/card/inst/u/gcr.gkvaxi.u_kv/GEN_RD[1].mbank_reg[0][16][126]/CE
-1.163	bd_i/card/inst/u/gcr.gkvaxi.u_kv/GEN_RD[1].ph_ch_reg[0]/C	bd_i/card/inst/u/gcr.gkvaxi.u_kv/GEN_RD[1].mbank_reg[0][11][19]/CE
-1.163	bd_i/card/inst/u/gcr.gkvaxi.u_kv/GEN_RD[1].ph_ch_reg[0]/C	bd_i/card/inst/u/gcr.gkvaxi.u_kv/GEN_RD[1].mbank_reg[0][11][95]/CE
-1.166	bd_i/card/inst/u/gcr.gkvaxi.u_kv/GEN_RD[1].ph_ch_reg[0]/C	bd_i/card/inst/u/gcr.gkvaxi.u_kv/GEN_RD[1].hdr_r_reg[0][63]/D
-1.166	bd_i/card/inst/u/gcr.gkvaxi.u_kv/GEN_RD[1].ph_ch_reg[0]/C	bd_i/card/inst/u/gcr.gkvaxi.u_kv/GEN_RD[1].mbank_reg[0][12][32]/CE
-1.166	bd_i/card/inst/u/gcr.gkvaxi.u_kv/GEN_RD[1].ph_ch_reg[0]/C	bd_i/card/inst/u/gcr.gkvaxi.u_kv/GEN_RD[1].mbank_reg[0][12][38]/CE
-1.166	bd_i/card/inst/u/gcr.gkvaxi.u_kv/GEN_RD[1].ph_ch_reg[0]/C	bd_i/card/inst/u/gcr.gkvaxi.u_kv/GEN_RD[1].mbank_reg[0][12][49]/CE
-1.166	bd_i/card/inst/u/gcr.gkvaxi.u_kv/GEN_RD[1].ph_ch_reg[0]/C	bd_i/card/inst/u/gcr.gkvaxi.u_kv/GEN_RD[1].mbank_reg[0][13][25]/CE
-1.167	bd_i/card/inst/u/gcr.gkvaxi.u_kv/GEN_RD[1].ph_ch_reg[0]/C	bd_i/card/inst/u/gcr.gkvaxi.u_kv/GEN_RD[1].mbank_reg[0][16][0]/CE
-1.167	bd_i/card/inst/u/gcr.gkvaxi.u_kv/GEN_RD[1].ph_ch_reg[0]/C	bd_i/card/inst/u/gcr.gkvaxi.u_kv/GEN_RD[1].mbank_reg[0][16][89]/CE
-1.167	bd_i/card/inst/u/gcr.gkvaxi.u_kv/GEN_RD[1].ph_ch_reg[0]/C	bd_i/card/inst/u/gcr.gkvaxi.u_kv/GEN_RD[1].mbank_reg[0][17][0]/CE
-1.167	bd_i/card/inst/u/gcr.gkvaxi.u_kv/GEN_RD[1].ph_ch_reg[0]/C	bd_i/card/inst/u/gcr.gkvaxi.u_kv/GEN_RD[1].mbank_reg[0][17][1]/CE
-1.167	bd_i/card/inst/u/gcr.gkvaxi.u_kv/GEN_RD[1].ph_ch_reg[0]/C	bd_i/card/inst/u/gcr.gkvaxi.u_kv/GEN_RD[1].mbank_reg[0][17][33]/CE
-1.170	bd_i/card/inst/u/gcr.gkvaxi.u_kv/GEN_RD[1].ph_ch_reg[0]/C	bd_i/card/inst/u/gcr.gkvaxi.u_kv/GEN_RD[1].mbank_reg[0][0][49]/CE
-1.170	bd_i/card/inst/u/gcr.gkvaxi.u_kv/GEN_RD[1].ph_ch_reg[0]/C	bd_i/card/inst/u/gcr.gkvaxi.u_kv/GEN_RD[1].mbank_reg[0][0][59]/CE
-1.171	bd_i/card/inst/u/gcr.gkvaxi.u_kv/GEN_RD[1].ph_ch_reg[0]/C	bd_i/card/inst/u/gcr.gkvaxi.u_kv/GEN_RD[1].mbank_reg[0][13][117]/CE
-1.172	bd_i/card/inst/u/gcr.gkvaxi.u_kv/GEN_RD[1].ph_ch_reg[0]/C	bd_i/card/inst/u/gcr.gkvaxi.u_kv/GEN_RD[1].mbank_reg[0][0][10]/CE
-1.172	bd_i/card/inst/u/gcr.gkvaxi.u_kv/GEN_RD[1].ph_ch_reg[0]/C	bd_i/card/inst/u/gcr.gkvaxi.u_kv/GEN_RD[1].mbank_reg[0][0][27]/CE
-1.172	bd_i/card/inst/u/gcr.gkvaxi.u_kv/GEN_RD[1].ph_ch_reg[0]/C	bd_i/card/inst/u/gcr.gkvaxi.u_kv/GEN_RD[1].mbank_reg[0][0][44]/CE
-1.172	bd_i/card/inst/u/gcr.gkvaxi.u_kv/GEN_RD[1].ph_ch_reg[0]/C	bd_i/card/inst/u/gcr.gkvaxi.u_kv/GEN_RD[1].mbank_reg[0][12][0]/CE
-1.172	bd_i/card/inst/u/gcr.gkvaxi.u_kv/GEN_RD[1].ph_ch_reg[0]/C	bd_i/card/inst/u/gcr.gkvaxi.u_kv/GEN_RD[1].mbank_reg[0][12][13]/CE
-1.172	bd_i/card/inst/u/gcr.gkvaxi.u_kv/GEN_RD[1].ph_ch_reg[0]/C	bd_i/card/inst/u/gcr.gkvaxi.u_kv/GEN_RD[1].mbank_reg[0][12][6]/CE
-1.173	bd_i/card/inst/u/gcr.gkvaxi.u_kv/GEN_RD[1].ph_ch_reg[0]/C	bd_i/card/inst/u/gcr.gkvaxi.u_kv/GEN_RD[1].mbank_reg[0][10][16]/CE
-1.173	bd_i/card/inst/u/gcr.gkvaxi.u_kv/GEN_RD[1].ph_ch_reg[0]/C	bd_i/card/inst/u/gcr.gkvaxi.u_kv/GEN_RD[1].mbank_reg[0][10][88]/CE
-1.175	bd_i/card/inst/u/gcr.gkvaxi.u_kv/GEN_RD[1].ph_ch_reg[0]/C	bd_i/card/inst/u/gcr.gkvaxi.u_kv/GEN_RD[1].mbank_reg[0][10][105]/CE
-1.176	bd_i/card/inst/u/gcr.gkvaxi.u_kv/GEN_RD[1].ph_ch_reg[0]/C	bd_i/card/inst/u/gcr.gkvaxi.u_kv/GEN_RD[1].mbank_reg[0][19][93]/CE
-1.177	bd_i/card/inst/u/gcr.gkvaxi.u_kv/GEN_RD[1].ph_ch_reg[0]/C	bd_i/card/inst/u/gcr.gkvaxi.u_kv/GEN_RD[1].mbank_reg[0][0][100]/CE
-1.177	bd_i/card/inst/u/gcr.gkvaxi.u_kv/GEN_RD[1].ph_ch_reg[0]/C	bd_i/card/inst/u/gcr.gkvaxi.u_kv/GEN_RD[1].mbank_reg[0][0][77]/CE
-1.177	bd_i/card/inst/u/gcr.gkvaxi.u_kv/GEN_RD[1].ph_ch_reg[0]/C	bd_i/card/inst/u/gcr.gkvaxi.u_kv/GEN_RD[1].mbank_reg[0][0][86]/CE
-1.177	bd_i/card/inst/u/gcr.gkvaxi.u_kv/GEN_RD[1].ph_ch_reg[0]/C	bd_i/card/inst/u/gcr.gkvaxi.u_kv/GEN_RD[1].mbank_reg[0][14][81]/CE
-1.178	bd_i/card/inst/u/gcr.gkvaxi.u_kv/GEN_RD[1].ph_ch_reg[0]/C	bd_i/card/inst/u/gcr.gkvaxi.u_kv/GEN_RD[1].mbank_reg[0][0][118]/CE
-1.178	bd_i/card/inst/u/gcr.gkvaxi.u_kv/GEN_RD[1].ph_ch_reg[0]/C	bd_i/card/inst/u/gcr.gkvaxi.u_kv/GEN_RD[1].mbank_reg[0][13][43]/CE
-1.178	bd_i/card/inst/u/gcr.gkvaxi.u_kv/GEN_RD[1].ph_ch_reg[0]/C	bd_i/card/inst/u/gcr.gkvaxi.u_kv/GEN_RD[1].mbank_reg[0][13][58]/CE
-1.178	bd_i/card/inst/u/gcr.gkvaxi.u_kv/GEN_RD[1].ph_ch_reg[0]/C	bd_i/card/inst/u/gcr.gkvaxi.u_kv/GEN_RD[1].mbank_reg[0][19][55]/CE
-1.178	bd_i/card/inst/u/gcr.gkvaxi.u_kv/GEN_RD[1].ph_ch_reg[0]/C	bd_i/card/inst/u/gcr.gkvaxi.u_kv/GEN_RD[1].mbank_reg[0][19][57]/CE
-1.180	bd_i/card/inst/u/gcr.gkvaxi.u_kv/GEN_RD[1].ph_ch_reg[0]/C	bd_i/card/inst/u/gcr.gkvaxi.u_kv/GEN_RD[1].mbank_reg[0][11][31]/CE
-1.180	bd_i/card/inst/u/gcr.gkvaxi.u_kv/GEN_RD[1].ph_ch_reg[0]/C	bd_i/card/inst/u/gcr.gkvaxi.u_kv/GEN_RD[1].mbank_reg[0][11][38]/CE
-1.180	bd_i/card/inst/u/gcr.gkvaxi.u_kv/GEN_RD[1].ph_ch_reg[0]/C	bd_i/card/inst/u/gcr.gkvaxi.u_kv/GEN_RD[1].mbank_reg[0][11][49]/CE
-1.180	bd_i/card/inst/u/gcr.gkvaxi.u_kv/GEN_RD[1].ph_ch_reg[0]/C	bd_i/card/inst/u/gcr.gkvaxi.u_kv/GEN_RD[1].mbank_reg[0][11][62]/CE
-1.181	bd_i/card/inst/u/gcr.gkvaxi.u_kv/GEN_RD[1].ph_ch_reg[0]/C	bd_i/card/inst/u/gcr.gkvaxi.u_kv/GEN_RD[1].mbank_reg[0][15][13]/CE
-1.183	bd_i/card/inst/u/gcr.gkvaxi.u_kv/GEN_RD[1].ph_ch_reg[0]/C	bd_i/card/inst/u/gcr.gkvaxi.u_kv/GEN_RD[1].mbank_reg[0][13][16]/CE
-1.183	bd_i/card/inst/u/gcr.gkvaxi.u_kv/GEN_RD[1].ph_ch_reg[0]/C	bd_i/card/inst/u/gcr.gkvaxi.u_kv/GEN_RD[1].mbank_reg[0][13][18]/CE
-1.183	bd_i/card/inst/u/gcr.gkvaxi.u_kv/GEN_RD[1].ph_ch_reg[0]/C	bd_i/card/inst/u/gcr.gkvaxi.u_kv/GEN_RD[1].mbank_reg[0][17][109]/CE
-1.183	bd_i/card/inst/u/gcr.gkvaxi.u_kv/GEN_RD[1].ph_ch_reg[0]/C	bd_i/card/inst/u/gcr.gkvaxi.u_kv/GEN_RD[1].mbank_reg[0][17][124]/CE
-1.185	bd_i/card/inst/u/gcr.gkvaxi.u_kv/GEN_RD[1].ph_ch_reg[0]/C	bd_i/card/inst/u/gcr.gkvaxi.u_kv/GEN_RD[1].mbank_reg[0][14][16]/CE
-1.185	bd_i/card/inst/u/gcr.gkvaxi.u_kv/GEN_RD[1].ph_ch_reg[0]/C	bd_i/card/inst/u/gcr.gkvaxi.u_kv/GEN_RD[1].mbank_reg[0][14][34]/CE
-1.185	bd_i/card/inst/u/gcr.gkvaxi.u_kv/GEN_RD[1].ph_ch_reg[0]/C	bd_i/card/inst/u/gcr.gkvaxi.u_kv/GEN_RD[1].mbank_reg[0][14][5]/CE
-1.186	bd_i/card/inst/u/gcr.gkvaxi.u_kv/GEN_RD[1].ph_ch_reg[0]/C	bd_i/card/inst/u/gcr.gkvaxi.u_kv/GEN_RD[1].mbank_reg[0][14][0]/CE
-1.186	bd_i/card/inst/u/gcr.gkvaxi.u_kv/GEN_RD[1].ph_ch_reg[0]/C	bd_i/card/inst/u/gcr.gkvaxi.u_kv/GEN_RD[1].mbank_reg[0][14][13]/CE
-1.186	bd_i/card/inst/u/gcr.gkvaxi.u_kv/GEN_RD[1].ph_ch_reg[0]/C	bd_i/card/inst/u/gcr.gkvaxi.u_kv/GEN_RD[1].mbank_reg[0][14][36]/CE
-1.190	bd_i/card/inst/u/gcr.gkvaxi.u_kv/GEN_RD[1].ph_ch_reg[0]/C	bd_i/card/inst/u/gcr.gkvaxi.u_kv/GEN_RD[1].mbank_reg[0][11][109]/CE
-1.190	bd_i/card/inst/u/gcr.gkvaxi.u_kv/GEN_RD[1].ph_ch_reg[0]/C	bd_i/card/inst/u/gcr.gkvaxi.u_kv/GEN_RD[1].mbank_reg[0][11][123]/CE
-1.190	bd_i/card/inst/u/gcr.gkvaxi.u_kv/GEN_RD[1].ph_ch_reg[0]/C	bd_i/card/inst/u/gcr.gkvaxi.u_kv/GEN_RD[1].mbank_reg[0][11][67]/CE
-1.190	bd_i/card/inst/u/gcr.gkvaxi.u_kv/GEN_RD[1].ph_ch_reg[0]/C	bd_i/card/inst/u/gcr.gkvaxi.u_kv/GEN_RD[1].mbank_reg[0][13][92]/CE
-1.192	bd_i/card/inst/u/gcr.gkvaxi.u_kv/GEN_RD[1].ph_ch_reg[0]/C	bd_i/card/inst/u/gcr.gkvaxi.u_kv/GEN_RD[1].mbank_reg[0][14][66]/CE
-1.192	bd_i/card/inst/u/gcr.gkvaxi.u_kv/GEN_RD[1].ph_ch_reg[0]/C	bd_i/card/inst/u/gcr.gkvaxi.u_kv/GEN_RD[1].mbank_reg[0][14][70]/CE
-1.192	bd_i/card/inst/u/gcr.gkvaxi.u_kv/GEN_RD[1].ph_ch_reg[0]/C	bd_i/card/inst/u/gcr.gkvaxi.u_kv/GEN_RD[1].mbank_reg[0][14][90]/CE
-1.193	bd_i/card/inst/u/gcr.gkvaxi.u_kv/GEN_RD[1].ph_ch_reg[0]/C	bd_i/card/inst/u/gcr.gkvaxi.u_kv/GEN_RD[1].mbank_reg[0][19][123]/CE
-1.193	bd_i/card/inst/u/gcr.gkvaxi.u_kv/GEN_RD[1].ph_ch_reg[0]/C	bd_i/card/inst/u/gcr.gkvaxi.u_kv/GEN_RD[1].mbank_reg[0][19][124]/CE
-1.193	bd_i/card/inst/u/gcr.gkvaxi.u_kv/GEN_RD[1].ph_ch_reg[0]/C	bd_i/card/inst/u/gcr.gkvaxi.u_kv/GEN_RD[1].mbank_reg[0][19][125]/CE
-1.193	bd_i/card/inst/u/gcr.gkvaxi.u_kv/GEN_RD[1].ph_ch_reg[0]/C	bd_i/card/inst/u/gcr.gkvaxi.u_kv/GEN_RD[1].mbank_reg[0][19][67]/CE
-1.196	bd_i/card/inst/u/gcr.gkvaxi.u_kv/GEN_RD[1].ph_ch_reg[0]/C	bd_i/card/inst/u/gcr.gkvaxi.u_kv/GEN_RD[1].mbank_reg[0][0][121]/CE
-1.196	bd_i/card/inst/u/gcr.gkvaxi.u_kv/GEN_RD[1].ph_ch_reg[0]/C	bd_i/card/inst/u/gcr.gkvaxi.u_kv/GEN_RD[1].mbank_reg[0][0][56]/CE
-1.197	bd_i/card/inst/u/gcr.gkvaxi.u_kv/GEN_RD[1].ph_ch_reg[0]/C	bd_i/card/inst/u/gcr.gkvaxi.u_kv/GEN_RD[1].mbank_reg[0][15][11]/CE
-1.197	bd_i/card/inst/u/gcr.gkvaxi.u_kv/GEN_RD[1].ph_ch_reg[0]/C	bd_i/card/inst/u/gcr.gkvaxi.u_kv/GEN_RD[1].mbank_reg[0][15][73]/CE
-1.197	bd_i/card/inst/u/gcr.gkvaxi.u_kv/GEN_RD[1].ph_ch_reg[0]/C	bd_i/card/inst/u/gcr.gkvaxi.u_kv/GEN_RD[1].mbank_reg[0][15][74]/CE
-1.199	bd_i/card/inst/u/gcr.gkvaxi.u_kv/GEN_RD[1].ph_ch_reg[0]/C	bd_i/card/inst/u/gcr.gkvaxi.u_kv/GEN_RD[1].mbank_reg[0][19][56]/CE
-1.199	bd_i/card/inst/u/gcr.gkvaxi.u_kv/GEN_RD[1].ph_ch_reg[0]/C	bd_i/card/inst/u/gcr.gkvaxi.u_kv/GEN_RD[1].mbank_reg[0][19][76]/CE
-1.200	bd_i/card/inst/u/gcr.gkvaxi.u_kv/GEN_RD[1].ph_ch_reg[0]/C	bd_i/card/inst/u/gcr.gkvaxi.u_kv/GEN_RD[1].mbank_reg[0][14][101]/CE
-1.200	bd_i/card/inst/u/gcr.gkvaxi.u_kv/GEN_RD[1].ph_ch_reg[0]/C	bd_i/card/inst/u/gcr.gkvaxi.u_kv/GEN_RD[1].mbank_reg[0][14][108]/CE
-1.200	bd_i/card/inst/u/gcr.gkvaxi.u_kv/GEN_RD[1].ph_ch_reg[0]/C	bd_i/card/inst/u/gcr.gkvaxi.u_kv/GEN_RD[1].mbank_reg[0][14][126]/CE
-1.200	bd_i/card/inst/u/gcr.gkvaxi.u_kv/GEN_RD[1].ph_ch_reg[0]/C	bd_i/card/inst/u/gcr.gkvaxi.u_kv/GEN_RD[1].mbank_reg[0][14][67]/CE
-1.201	bd_i/card/inst/u/gcr.gkvaxi.u_kv/GEN_RD[1].ph_ch_reg[0]/C	bd_i/card/inst/u/gcr.gkvaxi.u_kv/GEN_RD[1].mbank_reg[0][0][101]/CE
-1.201	bd_i/card/inst/u/gcr.gkvaxi.u_kv/GEN_RD[1].ph_ch_reg[0]/C	bd_i/card/inst/u/gcr.gkvaxi.u_kv/GEN_RD[1].mbank_reg[0][0][79]/CE
-1.201	bd_i/card/inst/u/gcr.gkvaxi.u_kv/GEN_RD[1].ph_ch_reg[0]/C	bd_i/card/inst/u/gcr.gkvaxi.u_kv/GEN_RD[1].mbank_reg[0][17][18]/CE
-1.201	bd_i/card/inst/u/gcr.gkvaxi.u_kv/GEN_RD[1].ph_ch_reg[0]/C	bd_i/card/inst/u/gcr.gkvaxi.u_kv/GEN_RD[1].mbank_reg[0][17][25]/CE
-1.202	bd_i/card/inst/u/gcr.gkvaxi.u_kv/GEN_RD[1].ph_ch_reg[0]/C	bd_i/card/inst/u/gcr.gkvaxi.u_kv/GEN_RD[1].mbank_reg[0][19][25]/CE
-1.203	bd_i/card/inst/u/gcr.gkvaxi.u_kv/GEN_RD[1].ph_ch_reg[0]/C	bd_i/card/inst/u/gcr.gkvaxi.u_kv/GEN_RD[1].mbank_reg[0][18][11]/CE
-1.203	bd_i/card/inst/u/gcr.gkvaxi.u_kv/GEN_RD[1].ph_ch_reg[0]/C	bd_i/card/inst/u/gcr.gkvaxi.u_kv/GEN_RD[1].mbank_reg[0][18][90]/CE
-1.204	bd_i/card/inst/u/gcr.gkvaxi.u_kv/GEN_RD[1].ph_ch_reg[0]/C	bd_i/card/inst/u/gcr.gkvaxi.u_kv/GEN_RD[1].mbank_reg[0][13][119]/CE
-1.204	bd_i/card/inst/u/gcr.gkvaxi.u_kv/GEN_RD[1].ph_ch_reg[0]/C	bd_i/card/inst/u/gcr.gkvaxi.u_kv/GEN_RD[1].mbank_reg[0][13][122]/CE
-1.204	bd_i/card/inst/u/gcr.gkvaxi.u_kv/GEN_RD[1].ph_ch_reg[0]/C	bd_i/card/inst/u/gcr.gkvaxi.u_kv/GEN_RD[1].mbank_reg[0][13][125]/CE
-1.205	bd_i/card/inst/u/gcr.gkvaxi.u_kv/GEN_RD[1].ph_ch_reg[0]/C	bd_i/card/inst/u/gcr.gkvaxi.u_kv/GEN_RD[1].mbank_reg[0][10][102]/CE
-1.205	bd_i/card/inst/u/gcr.gkvaxi.u_kv/GEN_RD[1].ph_ch_reg[0]/C	bd_i/card/inst/u/gcr.gkvaxi.u_kv/GEN_RD[1].mbank_reg[0][10][22]/CE
-1.205	bd_i/card/inst/u/gcr.gkvaxi.u_kv/GEN_RD[1].ph_ch_reg[0]/C	bd_i/card/inst/u/gcr.gkvaxi.u_kv/GEN_RD[1].mbank_reg[0][10][85]/CE
-1.205	bd_i/card/inst/u/gcr.gkvaxi.u_kv/GEN_RD[1].ph_ch_reg[0]/C	bd_i/card/inst/u/gcr.gkvaxi.u_kv/GEN_RD[1].mbank_reg[0][12][39]/CE
-1.205	bd_i/card/inst/u/gcr.gkvaxi.u_kv/GEN_RD[1].ph_ch_reg[0]/C	bd_i/card/inst/u/gcr.gkvaxi.u_kv/GEN_RD[1].mbank_reg[0][12][51]/CE
-1.205	bd_i/card/inst/u/gcr.gkvaxi.u_kv/GEN_RD[1].ph_ch_reg[0]/C	bd_i/card/inst/u/gcr.gkvaxi.u_kv/GEN_RD[1].mbank_reg[0][12][63]/CE
-1.205	bd_i/card/inst/u/gcr.gkvaxi.u_kv/GEN_RD[1].ph_ch_reg[0]/C	bd_i/card/inst/u/gcr.gkvaxi.u_kv/GEN_RD[1].mbank_reg[0][18][31]/CE
-1.205	bd_i/card/inst/u/gcr.gkvaxi.u_kv/GEN_RD[1].ph_ch_reg[0]/C	bd_i/card/inst/u/gcr.gkvaxi.u_kv/GEN_RD[1].mbank_reg[0][18][32]/CE
-1.205	bd_i/card/inst/u/gcr.gkvaxi.u_kv/GEN_RD[1].ph_ch_reg[0]/C	bd_i/card/inst/u/gcr.gkvaxi.u_kv/GEN_RD[1].mbank_reg[0][18][45]/CE
-1.207	bd_i/card/inst/u/gcr.gkvaxi.u_kv/GEN_RD[1].ph_ch_reg[0]/C	bd_i/card/inst/u/gcr.gkvaxi.u_kv/GEN_RD[1].mbank_reg[0][18][106]/CE
-1.207	bd_i/card/inst/u/gcr.gkvaxi.u_kv/GEN_RD[1].ph_ch_reg[0]/C	bd_i/card/inst/u/gcr.gkvaxi.u_kv/GEN_RD[1].mbank_reg[0][18][19]/CE
-1.208	bd_i/card/inst/u/gcr.gkvaxi.u_kv/GEN_RD[1].ph_ch_reg[0]/C	bd_i/card/inst/u/gcr.gkvaxi.u_kv/GEN_RD[1].mbank_reg[0][10][3]/CE
-1.209	bd_i/card/inst/u/gcr.gkvaxi.u_kv/GEN_RD[1].ph_ch_reg[0]/C	bd_i/card/inst/u/gcr.gkvaxi.u_kv/GEN_RD[1].mbank_reg[0][14][122]/CE
-1.211	bd_i/card/inst/u/gcr.gkvaxi.u_kv/GEN_RD[1].ph_ch_reg[0]/C	bd_i/card/inst/u/gcr.gkvaxi.u_kv/GEN_RD[1].mbank_reg[0][19][6]/CE
-1.213	bd_i/card/inst/u/gcr.gkvaxi.u_kv/GEN_RD[1].ph_ch_reg[0]/C	bd_i/card/inst/u/gcr.gkvaxi.u_kv/GEN_RD[1].mbank_reg[0][15][15]/CE
-1.213	bd_i/card/inst/u/gcr.gkvaxi.u_kv/GEN_RD[1].ph_ch_reg[0]/C	bd_i/card/inst/u/gcr.gkvaxi.u_kv/GEN_RD[1].mbank_reg[0][15][39]/CE
-1.216	bd_i/card/inst/u/gcr.gkvaxi.u_kv/GEN_RD[1].ph_ch_reg[0]/C	bd_i/card/inst/u/gcr.gkvaxi.u_kv/GEN_RD[1].hdr_r_reg[3][15]/D
-1.216	bd_i/card/inst/u/gcr.gkvaxi.u_kv/GEN_RD[1].ph_ch_reg[0]/C	bd_i/card/inst/u/gcr.gkvaxi.u_kv/GEN_RD[1].mbank_reg[0][17][27]/CE
-1.217	bd_i/card/inst/u/gcr.gkvaxi.u_kv/GEN_RD[1].ph_ch_reg[0]/C	bd_i/card/inst/u/gcr.gkvaxi.u_kv/GEN_RD[1].mbank_reg[0][11][16]/CE
-1.217	bd_i/card/inst/u/gcr.gkvaxi.u_kv/GEN_RD[1].ph_ch_reg[0]/C	bd_i/card/inst/u/gcr.gkvaxi.u_kv/GEN_RD[1].mbank_reg[0][11][88]/CE
-1.220	bd_i/card/inst/u/gcr.gkvaxi.u_kv/GEN_RD[1].ph_ch_reg[0]/C	bd_i/card/inst/u/gcr.gkvaxi.u_kv/GEN_RD[1].hdr_r_reg[2][15]/D
-1.220	bd_i/card/inst/u/gcr.gkvaxi.u_kv/GEN_RD[1].ph_ch_reg[0]/C	bd_i/card/inst/u/gcr.gkvaxi.u_kv/GEN_RD[1].mbank_reg[0][19][78]/CE
-1.221	bd_i/card/inst/u/gcr.gkvaxi.u_kv/GEN_RD[1].ph_ch_reg[0]/C	bd_i/card/inst/u/gcr.gkvaxi.u_kv/GEN_RD[1].mbank_reg[0][14][110]/CE
-1.221	bd_i/card/inst/u/gcr.gkvaxi.u_kv/GEN_RD[1].ph_ch_reg[0]/C	bd_i/card/inst/u/gcr.gkvaxi.u_kv/GEN_RD[1].mbank_reg[0][14][127]/CE
-1.221	bd_i/card/inst/u/gcr.gkvaxi.u_kv/GEN_RD[1].ph_ch_reg[0]/C	bd_i/card/inst/u/gcr.gkvaxi.u_kv/GEN_RD[1].mbank_reg[0][14][53]/CE
-1.223	bd_i/card/inst/u/gcr.gkvaxi.u_kv/GEN_RD[1].ph_ch_reg[0]/C	bd_i/card/inst/u/gcr.gkvaxi.u_kv/GEN_RD[1].mbank_reg[0][19][31]/CE
-1.223	bd_i/card/inst/u/gcr.gkvaxi.u_kv/GEN_RD[1].ph_ch_reg[0]/C	bd_i/card/inst/u/gcr.gkvaxi.u_kv/GEN_RD[1].mbank_reg[0][19][45]/CE
-1.223	bd_i/card/inst/u/gcr.gkvaxi.u_kv/GEN_RD[1].ph_ch_reg[0]/C	bd_i/card/inst/u/gcr.gkvaxi.u_kv/GEN_RD[1].mbank_reg[0][19][62]/CE
-1.225	bd_i/card/inst/u/gcr.gkvaxi.u_kv/GEN_RD[1].ph_ch_reg[0]/C	bd_i/card/inst/u/gcr.gkvaxi.u_kv/GEN_RD[1].mbank_reg[0][17][40]/CE
-1.225	bd_i/card/inst/u/gcr.gkvaxi.u_kv/GEN_RD[1].ph_ch_reg[0]/C	bd_i/card/inst/u/gcr.gkvaxi.u_kv/GEN_RD[1].mbank_reg[0][17][49]/CE
-1.226	bd_i/card/inst/u/gcr.gkvaxi.u_kv/GEN_RD[1].ph_ch_reg[0]/C	bd_i/card/inst/u/gcr.gkvaxi.u_kv/GEN_RD[1].mbank_reg[0][15][2]/CE
-1.226	bd_i/card/inst/u/gcr.gkvaxi.u_kv/GEN_RD[1].ph_ch_reg[0]/C	bd_i/card/inst/u/gcr.gkvaxi.u_kv/GEN_RD[1].mbank_reg[0][15][9]/CE
-1.227	bd_i/card/inst/u/gcr.gkvaxi.u_kv/GEN_RD[1].ph_ch_reg[0]/C	bd_i/card/inst/u/gcr.gkvaxi.u_kv/GEN_RD[1].mbank_reg[0][16][79]/CE
-1.227	bd_i/card/inst/u/gcr.gkvaxi.u_kv/GEN_RD[1].ph_ch_reg[0]/C	bd_i/card/inst/u/gcr.gkvaxi.u_kv/GEN_RD[1].mbank_reg[0][18][12]/CE
-1.227	bd_i/card/inst/u/gcr.gkvaxi.u_kv/GEN_RD[1].ph_ch_reg[0]/C	bd_i/card/inst/u/gcr.gkvaxi.u_kv/GEN_RD[1].mbank_reg[0][18][15]/CE
-1.227	bd_i/card/inst/u/gcr.gkvaxi.u_kv/GEN_RD[1].ph_ch_reg[0]/C	bd_i/card/inst/u/gcr.gkvaxi.u_kv/GEN_RD[1].mbank_reg[0][18][1]/CE
-1.228	bd_i/card/inst/u/gcr.gkvaxi.u_kv/GEN_RD[1].ph_ch_reg[0]/C	bd_i/card/inst/u/gcr.gkvaxi.u_kv/GEN_RD[1].mbank_reg[0][10][12]/CE
-1.228	bd_i/card/inst/u/gcr.gkvaxi.u_kv/GEN_RD[1].ph_ch_reg[0]/C	bd_i/card/inst/u/gcr.gkvaxi.u_kv/GEN_RD[1].mbank_reg[0][10][51]/CE
-1.228	bd_i/card/inst/u/gcr.gkvaxi.u_kv/GEN_RD[1].ph_ch_reg[0]/C	bd_i/card/inst/u/gcr.gkvaxi.u_kv/GEN_RD[1].mbank_reg[0][11][13]/CE
-1.228	bd_i/card/inst/u/gcr.gkvaxi.u_kv/GEN_RD[1].ph_ch_reg[0]/C	bd_i/card/inst/u/gcr.gkvaxi.u_kv/GEN_RD[1].mbank_reg[0][11][1]/CE
-1.229	bd_i/card/inst/u/gcr.gkvaxi.u_kv/GEN_RD[1].ph_ch_reg[0]/C	bd_i/card/inst/u/gcr.gkvaxi.u_kv/GEN_RD[1].hdr_r_reg[2][63]/D
-1.229	bd_i/card/inst/u/gcr.gkvaxi.u_kv/GEN_RD[1].ph_ch_reg[0]/C	bd_i/card/inst/u/gcr.gkvaxi.u_kv/GEN_RD[1].mbank_reg[0][11][106]/CE
-1.229	bd_i/card/inst/u/gcr.gkvaxi.u_kv/GEN_RD[1].ph_ch_reg[0]/C	bd_i/card/inst/u/gcr.gkvaxi.u_kv/GEN_RD[1].mbank_reg[0][11][108]/CE
-1.229	bd_i/card/inst/u/gcr.gkvaxi.u_kv/GEN_RD[1].ph_ch_reg[0]/C	bd_i/card/inst/u/gcr.gkvaxi.u_kv/GEN_RD[1].mbank_reg[0][11][82]/CE
-1.229	bd_i/card/inst/u/gcr.gkvaxi.u_kv/GEN_RD[1].ph_ch_reg[0]/C	bd_i/card/inst/u/gcr.gkvaxi.u_kv/GEN_RD[1].mbank_reg[0][15][6]/CE
-1.234	bd_i/card/inst/u/gcr.gkvaxi.u_kv/GEN_RD[1].ph_ch_reg[0]/C	bd_i/card/inst/u/gcr.gkvaxi.u_kv/GEN_RD[1].mbank_reg[0][15][18]/CE
-1.236	bd_i/card/inst/u/gcr.gkvaxi.u_kv/GEN_RD[1].ph_ch_reg[0]/C	bd_i/card/inst/u/gcr.gkvaxi.u_kv/GEN_RD[1].mbank_reg[0][10][25]/CE
-1.236	bd_i/card/inst/u/gcr.gkvaxi.u_kv/GEN_RD[1].ph_ch_reg[0]/C	bd_i/card/inst/u/gcr.gkvaxi.u_kv/GEN_RD[1].mbank_reg[0][18][68]/CE
-1.237	bd_i/card/inst/u/gcr.gkvaxi.u_kv/GEN_RD[1].ph_ch_reg[0]/C	bd_i/card/inst/u/gcr.gkvaxi.u_kv/GEN_RD[1].mbank_reg[0][13][101]/CE
-1.238	bd_i/card/inst/u/gcr.gkvaxi.u_kv/GEN_RD[1].ph_ch_reg[0]/C	bd_i/card/inst/u/gcr.gkvaxi.u_kv/GEN_RD[1].mbank_reg[0][11][41]/CE
-1.239	bd_i/card/inst/u/gcr.gkvaxi.u_kv/GEN_RD[1].ph_ch_reg[0]/C	bd_i/card/inst/u/gcr.gkvaxi.u_kv/GEN_RD[1].mbank_reg[0][11][53]/CE
-1.239	bd_i/card/inst/u/gcr.gkvaxi.u_kv/GEN_RD[1].ph_ch_reg[0]/C	bd_i/card/inst/u/gcr.gkvaxi.u_kv/GEN_RD[1].mbank_reg[0][11][91]/CE
-1.239	bd_i/card/inst/u/gcr.gkvaxi.u_kv/GEN_RD[1].ph_ch_reg[0]/C	bd_i/card/inst/u/gcr.gkvaxi.u_kv/GEN_RD[1].mbank_reg[0][15][111]/CE
-1.239	bd_i/card/inst/u/gcr.gkvaxi.u_kv/GEN_RD[1].ph_ch_reg[0]/C	bd_i/card/inst/u/gcr.gkvaxi.u_kv/GEN_RD[1].mbank_reg[0][15][75]/CE
-1.240	bd_i/card/inst/u/gcr.gkvaxi.u_kv/GEN_RD[1].ph_ch_reg[0]/C	bd_i/card/inst/u/gcr.gkvaxi.u_kv/GEN_RD[1].mbank_reg[0][19][58]/CE
-1.240	bd_i/card/inst/u/gcr.gkvaxi.u_kv/GEN_RD[1].ph_ch_reg[0]/C	bd_i/card/inst/u/gcr.gkvaxi.u_kv/GEN_RD[1].mbank_reg[0][19][59]/CE
-1.241	bd_i/card/inst/u/gcr.gkvaxi.u_kv/GEN_RD[1].ph_ch_reg[0]/C	bd_i/card/inst/u/gcr.gkvaxi.u_kv/GEN_RD[1].mbank_reg[0][14][93]/CE
-1.241	bd_i/card/inst/u/gcr.gkvaxi.u_kv/GEN_RD[1].ph_ch_reg[0]/C	bd_i/card/inst/u/gcr.gkvaxi.u_kv/GEN_RD[1].mbank_reg[0][14][95]/CE
-1.241	bd_i/card/inst/u/gcr.gkvaxi.u_kv/GEN_RD[1].ph_ch_reg[0]/C	bd_i/card/inst/u/gcr.gkvaxi.u_kv/GEN_RD[1].mbank_reg[0][14][97]/CE
-1.242	bd_i/card/inst/u/gcr.gkvaxi.u_kv/GEN_RD[1].ph_ch_reg[0]/C	bd_i/card/inst/u/gcr.gkvaxi.u_kv/GEN_RD[1].mbank_reg[0][19][108]/CE
-1.242	bd_i/card/inst/u/gcr.gkvaxi.u_kv/GEN_RD[1].ph_ch_reg[0]/C	bd_i/card/inst/u/gcr.gkvaxi.u_kv/GEN_RD[1].mbank_reg[0][19][109]/CE
-1.242	bd_i/card/inst/u/gcr.gkvaxi.u_kv/GEN_RD[1].ph_ch_reg[0]/C	bd_i/card/inst/u/gcr.gkvaxi.u_kv/GEN_RD[1].mbank_reg[0][19][35]/CE
-1.242	bd_i/card/inst/u/gcr.gkvaxi.u_kv/GEN_RD[1].ph_ch_reg[0]/C	bd_i/card/inst/u/gcr.gkvaxi.u_kv/GEN_RD[1].mbank_reg[0][19][36]/CE
-1.243	bd_i/card/inst/u/gcr.gkvaxi.u_kv/GEN_RD[1].ph_ch_reg[0]/C	bd_i/card/inst/u/gcr.gkvaxi.u_kv/GEN_RD[1].mbank_reg[0][11][77]/CE
-1.243	bd_i/card/inst/u/gcr.gkvaxi.u_kv/GEN_RD[1].ph_ch_reg[0]/C	bd_i/card/inst/u/gcr.gkvaxi.u_kv/GEN_RD[1].mbank_reg[0][11][81]/CE
-1.243	bd_i/card/inst/u/gcr.gkvaxi.u_kv/GEN_RD[1].ph_ch_reg[0]/C	bd_i/card/inst/u/gcr.gkvaxi.u_kv/GEN_RD[1].mbank_reg[0][11][84]/CE
-1.244	bd_i/card/inst/u/gcr.gkvaxi.u_kv/GEN_RD[1].ph_ch_reg[0]/C	bd_i/card/inst/u/gcr.gkvaxi.u_kv/GEN_RD[1].mbank_reg[0][18][88]/CE
-1.245	bd_i/card/inst/u/gcr.gkvaxi.u_kv/GEN_RD[1].ph_ch_reg[0]/C	bd_i/card/inst/u/gcr.gkvaxi.u_kv/GEN_RD[1].mbank_reg[0][15][105]/CE
-1.245	bd_i/card/inst/u/gcr.gkvaxi.u_kv/GEN_RD[1].ph_ch_reg[0]/C	bd_i/card/inst/u/gcr.gkvaxi.u_kv/GEN_RD[1].mbank_reg[0][15][64]/CE
-1.245	bd_i/card/inst/u/gcr.gkvaxi.u_kv/GEN_RD[1].ph_ch_reg[0]/C	bd_i/card/inst/u/gcr.gkvaxi.u_kv/GEN_RD[1].mbank_reg[0][15][96]/CE
-1.246	bd_i/card/inst/u/gcr.gkvaxi.u_kv/GEN_RD[1].ph_ch_reg[0]/C	bd_i/card/inst/u/gcr.gkvaxi.u_kv/GEN_RD[1].mbank_reg[0][0][12]/CE
-1.246	bd_i/card/inst/u/gcr.gkvaxi.u_kv/GEN_RD[1].ph_ch_reg[0]/C	bd_i/card/inst/u/gcr.gkvaxi.u_kv/GEN_RD[1].mbank_reg[0][0][16]/CE
-1.250	bd_i/card/inst/u/gcr.gkvaxi.u_kv/GEN_RD[1].ph_ch_reg[0]/C	bd_i/card/inst/u/gcr.gkvaxi.u_kv/GEN_RD[1].mbank_reg[0][12][82]/CE
-1.250	bd_i/card/inst/u/gcr.gkvaxi.u_kv/GEN_RD[1].ph_ch_reg[0]/C	bd_i/card/inst/u/gcr.gkvaxi.u_kv/GEN_RD[1].mbank_reg[0][12][95]/CE
-1.250	bd_i/card/inst/u/gcr.gkvaxi.u_kv/GEN_RD[1].ph_ch_reg[0]/C	bd_i/card/inst/u/gcr.gkvaxi.u_kv/GEN_RD[1].mbank_reg[0][15][33]/CE
-1.250	bd_i/card/inst/u/gcr.gkvaxi.u_kv/GEN_RD[1].ph_ch_reg[0]/C	bd_i/card/inst/u/gcr.gkvaxi.u_kv/GEN_RD[1].mbank_reg[0][17][38]/CE
-1.250	bd_i/card/inst/u/gcr.gkvaxi.u_kv/GEN_RD[1].ph_ch_reg[0]/C	bd_i/card/inst/u/gcr.gkvaxi.u_kv/GEN_RD[1].mbank_reg[0][17][43]/CE
-1.253	bd_i/card/inst/u/gcr.gkvaxi.u_kv/GEN_RD[1].ph_ch_reg[0]/C	bd_i/card/inst/u/gcr.gkvaxi.u_kv/GEN_RD[1].mbank_reg[0][13][68]/CE
-1.254	bd_i/card/inst/u/gcr.gkvaxi.u_kv/GEN_RD[1].ph_ch_reg[0]/C	bd_i/card/inst/u/gcr.gkvaxi.u_kv/GEN_RD[1].mbank_reg[0][14][120]/CE
-1.254	bd_i/card/inst/u/gcr.gkvaxi.u_kv/GEN_RD[1].ph_ch_reg[0]/C	bd_i/card/inst/u/gcr.gkvaxi.u_kv/GEN_RD[1].mbank_reg[0][14][56]/CE
-1.255	bd_i/card/inst/u/gcr.gkvaxi.u_kv/GEN_RD[1].ph_ch_reg[0]/C	bd_i/card/inst/u/gcr.gkvaxi.u_kv/GEN_RD[1].mbank_reg[0][15][14]/CE
-1.255	bd_i/card/inst/u/gcr.gkvaxi.u_kv/GEN_RD[1].ph_ch_reg[0]/C	bd_i/card/inst/u/gcr.gkvaxi.u_kv/GEN_RD[1].mbank_reg[0][15][21]/CE
-1.255	bd_i/card/inst/u/gcr.gkvaxi.u_kv/GEN_RD[1].ph_ch_reg[0]/C	bd_i/card/inst/u/gcr.gkvaxi.u_kv/GEN_RD[1].mbank_reg[0][15][37]/CE
-1.255	bd_i/card/inst/u/gcr.gkvaxi.u_kv/GEN_RD[1].ph_ch_reg[0]/C	bd_i/card/inst/u/gcr.gkvaxi.u_kv/GEN_RD[1].mbank_reg[0][15][50]/CE
-1.255	bd_i/card/inst/u/gcr.gkvaxi.u_kv/GEN_RD[1].ph_ch_reg[0]/C	bd_i/card/inst/u/gcr.gkvaxi.u_kv/GEN_RD[1].mbank_reg[0][19][112]/CE
-1.255	bd_i/card/inst/u/gcr.gkvaxi.u_kv/GEN_RD[1].ph_ch_reg[0]/C	bd_i/card/inst/u/gcr.gkvaxi.u_kv/GEN_RD[1].mbank_reg[0][19][114]/CE
-1.255	bd_i/card/inst/u/gcr.gkvaxi.u_kv/GEN_RD[1].ph_ch_reg[0]/C	bd_i/card/inst/u/gcr.gkvaxi.u_kv/GEN_RD[1].mbank_reg[0][19][52]/CE
-1.256	bd_i/card/inst/u/gcr.gkvaxi.u_kv/GEN_RD[1].ph_ch_reg[0]/C	bd_i/card/inst/u/gcr.gkvaxi.u_kv/GEN_RD[1].mbank_reg[0][16][12]/CE
-1.256	bd_i/card/inst/u/gcr.gkvaxi.u_kv/GEN_RD[1].ph_ch_reg[0]/C	bd_i/card/inst/u/gcr.gkvaxi.u_kv/GEN_RD[1].mbank_reg[0][16][15]/CE
-1.256	bd_i/card/inst/u/gcr.gkvaxi.u_kv/GEN_RD[1].ph_ch_reg[0]/C	bd_i/card/inst/u/gcr.gkvaxi.u_kv/GEN_RD[1].mbank_reg[0][16][41]/CE
-1.256	bd_i/card/inst/u/gcr.gkvaxi.u_kv/GEN_RD[1].ph_ch_reg[0]/C	bd_i/card/inst/u/gcr.gkvaxi.u_kv/GEN_RD[1].mbank_reg[0][17][122]/CE
-1.256	bd_i/card/inst/u/gcr.gkvaxi.u_kv/GEN_RD[1].ph_ch_reg[0]/C	bd_i/card/inst/u/gcr.gkvaxi.u_kv/GEN_RD[1].mbank_reg[0][17][125]/CE
-1.257	bd_i/card/inst/u/gcr.gkvaxi.u_kv/GEN_RD[1].ph_ch_reg[0]/C	bd_i/card/inst/u/gcr.gkvaxi.u_kv/GEN_RD[1].mbank_reg[0][0][15]/CE
-1.257	bd_i/card/inst/u/gcr.gkvaxi.u_kv/GEN_RD[1].ph_ch_reg[0]/C	bd_i/card/inst/u/gcr.gkvaxi.u_kv/GEN_RD[1].mbank_reg[0][0][18]/CE
-1.257	bd_i/card/inst/u/gcr.gkvaxi.u_kv/GEN_RD[1].ph_ch_reg[0]/C	bd_i/card/inst/u/gcr.gkvaxi.u_kv/GEN_RD[1].mbank_reg[0][0][2]/CE
-1.257	bd_i/card/inst/u/gcr.gkvaxi.u_kv/GEN_RD[1].ph_ch_reg[0]/C	bd_i/card/inst/u/gcr.gkvaxi.u_kv/GEN_RD[1].mbank_reg[0][0][33]/CE
-1.257	bd_i/card/inst/u/gcr.gkvaxi.u_kv/GEN_RD[1].ph_ch_reg[0]/C	bd_i/card/inst/u/gcr.gkvaxi.u_kv/GEN_RD[1].mbank_reg[0][10][69]/CE
-1.257	bd_i/card/inst/u/gcr.gkvaxi.u_kv/GEN_RD[1].ph_ch_reg[0]/C	bd_i/card/inst/u/gcr.gkvaxi.u_kv/GEN_RD[1].mbank_reg[0][14][84]/CE
-1.257	bd_i/card/inst/u/gcr.gkvaxi.u_kv/GEN_RD[1].ph_ch_reg[0]/C	bd_i/card/inst/u/gcr.gkvaxi.u_kv/GEN_RD[1].mbank_reg[0][14][92]/CE
-1.257	bd_i/card/inst/u/gcr.gkvaxi.u_kv/GEN_RD[1].ph_ch_reg[0]/C	bd_i/card/inst/u/gcr.gkvaxi.u_kv/GEN_RD[1].mbank_reg[0][16][13]/CE
-1.257	bd_i/card/inst/u/gcr.gkvaxi.u_kv/GEN_RD[1].ph_ch_reg[0]/C	bd_i/card/inst/u/gcr.gkvaxi.u_kv/GEN_RD[1].mbank_reg[0][16][18]/CE
-1.257	bd_i/card/inst/u/gcr.gkvaxi.u_kv/GEN_RD[1].ph_ch_reg[0]/C	bd_i/card/inst/u/gcr.gkvaxi.u_kv/GEN_RD[1].mbank_reg[0][16][25]/CE
-1.257	bd_i/card/inst/u/gcr.gkvaxi.u_kv/GEN_RD[1].ph_ch_reg[0]/C	bd_i/card/inst/u/gcr.gkvaxi.u_kv/GEN_RD[1].mbank_reg[0][18][62]/CE
-1.258	bd_i/card/inst/u/gcr.gkvaxi.u_kv/GEN_RD[1].ph_ch_reg[0]/C	bd_i/card/inst/u/gcr.gkvaxi.u_kv/GEN_RD[1].mbank_reg[0][11][114]/CE
-1.259	bd_i/card/inst/u/gcr.gkvaxi.u_kv/GEN_RD[1].ph_ch_reg[0]/C	bd_i/card/inst/u/gcr.gkvaxi.u_kv/GEN_RD[1].mbank_reg[0][14][121]/CE
-1.260	bd_i/card/inst/u/gcr.gkvaxi.u_kv/GEN_RD[1].ph_ch_reg[0]/C	bd_i/card/inst/u/gcr.gkvaxi.u_kv/GEN_RD[1].mbank_reg[0][19][94]/CE
-1.261	bd_i/card/inst/u/gcr.gkvaxi.u_kv/GEN_RD[1].ph_ch_reg[0]/C	bd_i/card/inst/u/gcr.gkvaxi.u_kv/GEN_RD[1].mbank_reg[0][17][92]/CE
-1.263	bd_i/card/inst/u/gcr.gkvaxi.u_kv/GEN_RD[1].ph_ch_reg[0]/C	bd_i/card/inst/u/gcr.gkvaxi.u_kv/GEN_RD[1].mbank_reg[0][12][18]/CE
-1.263	bd_i/card/inst/u/gcr.gkvaxi.u_kv/GEN_RD[1].ph_ch_reg[0]/C	bd_i/card/inst/u/gcr.gkvaxi.u_kv/GEN_RD[1].mbank_reg[0][12][5]/CE
-1.263	bd_i/card/inst/u/gcr.gkvaxi.u_kv/GEN_RD[1].ph_ch_reg[0]/C	bd_i/card/inst/u/gcr.gkvaxi.u_kv/GEN_RD[1].mbank_reg[0][12][88]/CE
-1.263	bd_i/card/inst/u/gcr.gkvaxi.u_kv/GEN_RD[1].ph_ch_reg[0]/C	bd_i/card/inst/u/gcr.gkvaxi.u_kv/GEN_RD[1].mbank_reg[0][12][89]/CE
-1.263	bd_i/card/inst/u/gcr.gkvaxi.u_kv/GEN_RD[1].ph_ch_reg[0]/C	bd_i/card/inst/u/gcr.gkvaxi.u_kv/GEN_RD[1].mbank_reg[0][12][99]/CE
-1.263	bd_i/card/inst/u/gcr.gkvaxi.u_kv/GEN_RD[1].ph_ch_reg[0]/C	bd_i/card/inst/u/gcr.gkvaxi.u_kv/GEN_RD[1].mbank_reg[0][15][10]/CE
-1.263	bd_i/card/inst/u/gcr.gkvaxi.u_kv/GEN_RD[1].ph_ch_reg[0]/C	bd_i/card/inst/u/gcr.gkvaxi.u_kv/GEN_RD[1].mbank_reg[0][15][20]/CE
-1.263	bd_i/card/inst/u/gcr.gkvaxi.u_kv/GEN_RD[1].ph_ch_reg[0]/C	bd_i/card/inst/u/gcr.gkvaxi.u_kv/GEN_RD[1].mbank_reg[0][15][27]/CE
-1.264	bd_i/card/inst/u/gcr.gkvaxi.u_kv/GEN_RD[1].ph_ch_reg[0]/C	bd_i/card/inst/u/gcr.gkvaxi.u_kv/GEN_RD[1].mbank_reg[0][0][109]/CE
-1.264	bd_i/card/inst/u/gcr.gkvaxi.u_kv/GEN_RD[1].ph_ch_reg[0]/C	bd_i/card/inst/u/gcr.gkvaxi.u_kv/GEN_RD[1].mbank_reg[0][0][126]/CE
-1.264	bd_i/card/inst/u/gcr.gkvaxi.u_kv/GEN_RD[1].ph_ch_reg[0]/C	bd_i/card/inst/u/gcr.gkvaxi.u_kv/GEN_RD[1].mbank_reg[0][0][76]/CE
-1.264	bd_i/card/inst/u/gcr.gkvaxi.u_kv/GEN_RD[1].ph_ch_reg[0]/C	bd_i/card/inst/u/gcr.gkvaxi.u_kv/GEN_RD[1].mbank_reg[0][13][0]/CE
-1.264	bd_i/card/inst/u/gcr.gkvaxi.u_kv/GEN_RD[1].ph_ch_reg[0]/C	bd_i/card/inst/u/gcr.gkvaxi.u_kv/GEN_RD[1].mbank_reg[0][13][13]/CE
-1.264	bd_i/card/inst/u/gcr.gkvaxi.u_kv/GEN_RD[1].ph_ch_reg[0]/C	bd_i/card/inst/u/gcr.gkvaxi.u_kv/GEN_RD[1].mbank_reg[0][13][1]/CE
-1.265	bd_i/card/inst/u/gcr.gkvaxi.u_kv/GEN_RD[1].ph_ch_reg[0]/C	bd_i/card/inst/u/gcr.gkvaxi.u_kv/GEN_RD[1].mbank_reg[0][18][17]/CE
-1.266	bd_i/card/inst/u/gcr.gkvaxi.u_kv/GEN_RD[1].ph_ch_reg[0]/C	bd_i/card/inst/u/gcr.gkvaxi.u_kv/GEN_RD[1].mbank_reg[0][19][65]/CE
-1.266	bd_i/card/inst/u/gcr.gkvaxi.u_kv/GEN_RD[1].ph_ch_reg[0]/C	bd_i/card/inst/u/gcr.gkvaxi.u_kv/GEN_RD[1].mbank_reg[0][19][92]/CE
-1.267	bd_i/card/inst/u/gcr.gkvaxi.u_kv/GEN_RD[1].ph_ch_reg[0]/C	bd_i/card/inst/u/gcr.gkvaxi.u_kv/GEN_RD[1].mbank_reg[0][10][104]/CE
-1.268	bd_i/card/inst/u/gcr.gkvaxi.u_kv/GEN_RD[1].ph_ch_reg[0]/C	bd_i/card/inst/u/gcr.gkvaxi.u_kv/GEN_RD[1].mbank_reg[0][14][88]/CE
-1.269	bd_i/card/inst/u/gcr.gkvaxi.u_kv/GEN_RD[1].ph_ch_reg[0]/C	bd_i/card/inst/u/gcr.gkvaxi.u_kv/GEN_RD[1].mbank_reg[0][11][12]/CE
-1.269	bd_i/card/inst/u/gcr.gkvaxi.u_kv/GEN_RD[1].ph_ch_reg[0]/C	bd_i/card/inst/u/gcr.gkvaxi.u_kv/GEN_RD[1].mbank_reg[0][11][36]/CE
-1.269	bd_i/card/inst/u/gcr.gkvaxi.u_kv/GEN_RD[1].ph_ch_reg[0]/C	bd_i/card/inst/u/gcr.gkvaxi.u_kv/GEN_RD[1].mbank_reg[0][11][48]/CE
-1.269	bd_i/card/inst/u/gcr.gkvaxi.u_kv/GEN_RD[1].ph_ch_reg[0]/C	bd_i/card/inst/u/gcr.gkvaxi.u_kv/GEN_RD[1].mbank_reg[0][11][51]/CE
-1.271	bd_i/card/inst/u/gcr.gkvaxi.u_kv/GEN_RD[1].ph_ch_reg[0]/C	bd_i/card/inst/u/gcr.gkvaxi.u_kv/GEN_RD[1].mbank_reg[0][11][40]/CE
-1.271	bd_i/card/inst/u/gcr.gkvaxi.u_kv/GEN_RD[1].ph_ch_reg[0]/C	bd_i/card/inst/u/gcr.gkvaxi.u_kv/GEN_RD[1].mbank_reg[0][11][59]/CE
-1.271	bd_i/card/inst/u/gcr.gkvaxi.u_kv/GEN_RD[1].ph_ch_reg[0]/C	bd_i/card/inst/u/gcr.gkvaxi.u_kv/GEN_RD[1].mbank_reg[0][11][63]/CE
-1.274	bd_i/card/inst/u/gcr.gkvaxi.u_kv/GEN_RD[1].ph_ch_reg[0]/C	bd_i/card/inst/u/gcr.gkvaxi.u_kv/GEN_RD[1].mbank_reg[0][0][127]/CE
-1.274	bd_i/card/inst/u/gcr.gkvaxi.u_kv/GEN_RD[1].ph_ch_reg[0]/C	bd_i/card/inst/u/gcr.gkvaxi.u_kv/GEN_RD[1].mbank_reg[0][0][90]/CE
-1.274	bd_i/card/inst/u/gcr.gkvaxi.u_kv/GEN_RD[1].ph_ch_reg[0]/C	bd_i/card/inst/u/gcr.gkvaxi.u_kv/GEN_RD[1].mbank_reg[0][10][48]/CE
-1.274	bd_i/card/inst/u/gcr.gkvaxi.u_kv/GEN_RD[1].ph_ch_reg[0]/C	bd_i/card/inst/u/gcr.gkvaxi.u_kv/GEN_RD[1].mbank_reg[0][10][58]/CE
-1.274	bd_i/card/inst/u/gcr.gkvaxi.u_kv/GEN_RD[1].ph_ch_reg[0]/C	bd_i/card/inst/u/gcr.gkvaxi.u_kv/GEN_RD[1].mbank_reg[0][10][59]/CE
-1.277	bd_i/card/inst/u/gcr.gkvaxi.u_kv/GEN_RD[1].ph_ch_reg[0]/C	bd_i/card/inst/u/gcr.gkvaxi.u_kv/GEN_RD[1].mbank_reg[0][13][77]/CE
-1.278	bd_i/card/inst/u/gcr.gkvaxi.u_kv/GEN_RD[1].ph_ch_reg[0]/C	bd_i/card/inst/u/gcr.gkvaxi.u_kv/GEN_RD[1].mbank_reg[0][12][84]/CE
-1.278	bd_i/card/inst/u/gcr.gkvaxi.u_kv/GEN_RD[1].ph_ch_reg[0]/C	bd_i/card/inst/u/gcr.gkvaxi.u_kv/GEN_RD[1].mbank_reg[0][18][23]/CE
-1.279	bd_i/card/inst/u/gcr.gkvaxi.u_kv/GEN_RD[1].ph_ch_reg[0]/C	bd_i/card/inst/u/gcr.gkvaxi.u_kv/GEN_RD[1].mbank_reg[0][13][127]/CE
-1.280	bd_i/card/inst/u/gcr.gkvaxi.u_kv/GEN_RD[1].ph_ch_reg[0]/C	bd_i/card/inst/u/gcr.gkvaxi.u_kv/GEN_RD[1].mbank_reg[0][15][12]/CE
-1.280	bd_i/card/inst/u/gcr.gkvaxi.u_kv/GEN_RD[1].ph_ch_reg[0]/C	bd_i/card/inst/u/gcr.gkvaxi.u_kv/GEN_RD[1].mbank_reg[0][19][120]/CE
-1.280	bd_i/card/inst/u/gcr.gkvaxi.u_kv/GEN_RD[1].ph_ch_reg[0]/C	bd_i/card/inst/u/gcr.gkvaxi.u_kv/GEN_RD[1].mbank_reg[0][19][66]/CE
-1.282	bd_i/card/inst/u/gcr.gkvaxi.u_kv/GEN_RD[1].ph_ch_reg[0]/C	bd_i/card/inst/u/gcr.gkvaxi.u_kv/GEN_RD[1].mbank_reg[0][10][10]/CE
-1.282	bd_i/card/inst/u/gcr.gkvaxi.u_kv/GEN_RD[1].ph_ch_reg[0]/C	bd_i/card/inst/u/gcr.gkvaxi.u_kv/GEN_RD[1].mbank_reg[0][10][2]/CE
-1.282	bd_i/card/inst/u/gcr.gkvaxi.u_kv/GEN_RD[1].ph_ch_reg[0]/C	bd_i/card/inst/u/gcr.gkvaxi.u_kv/GEN_RD[1].mbank_reg[0][10][9]/CE
-1.283	bd_i/card/inst/u/gcr.gkvaxi.u_kv/GEN_RD[1].ph_ch_reg[0]/C	bd_i/card/inst/u/gcr.gkvaxi.u_kv/GEN_RD[1].mbank_reg[0][18][38]/CE
-1.283	bd_i/card/inst/u/gcr.gkvaxi.u_kv/GEN_RD[1].ph_ch_reg[0]/C	bd_i/card/inst/u/gcr.gkvaxi.u_kv/GEN_RD[1].mbank_reg[0][18][39]/CE
-1.283	bd_i/card/inst/u/gcr.gkvaxi.u_kv/GEN_RD[1].ph_ch_reg[0]/C	bd_i/card/inst/u/gcr.gkvaxi.u_kv/GEN_RD[1].mbank_reg[0][18][40]/CE
-1.283	bd_i/card/inst/u/gcr.gkvaxi.u_kv/GEN_RD[1].ph_ch_reg[0]/C	bd_i/card/inst/u/gcr.gkvaxi.u_kv/GEN_RD[1].mbank_reg[0][18][63]/CE
-1.284	bd_i/card/inst/u/gcr.gkvaxi.u_kv/GEN_RD[1].ph_ch_reg[0]/C	bd_i/card/inst/u/gcr.gkvaxi.u_kv/GEN_RD[1].mbank_reg[0][12][106]/CE
-1.284	bd_i/card/inst/u/gcr.gkvaxi.u_kv/GEN_RD[1].ph_ch_reg[0]/C	bd_i/card/inst/u/gcr.gkvaxi.u_kv/GEN_RD[1].mbank_reg[0][12][23]/CE
-1.285	bd_i/card/inst/u/gcr.gkvaxi.u_kv/GEN_RD[1].ph_ch_reg[0]/C	bd_i/card/inst/u/gcr.gkvaxi.u_kv/GEN_RD[1].mbank_reg[0][15][80]/CE
-1.285	bd_i/card/inst/u/gcr.gkvaxi.u_kv/GEN_RD[1].ph_ch_reg[0]/C	bd_i/card/inst/u/gcr.gkvaxi.u_kv/GEN_RD[1].mbank_reg[0][15][88]/CE
-1.286	bd_i/card/inst/u/gcr.gkvaxi.u_kv/GEN_RD[1].ph_ch_reg[0]/C	bd_i/card/inst/u/gcr.gkvaxi.u_kv/GEN_RD[1].mbank_reg[0][14][109]/CE
-1.286	bd_i/card/inst/u/gcr.gkvaxi.u_kv/GEN_RD[1].ph_ch_reg[0]/C	bd_i/card/inst/u/gcr.gkvaxi.u_kv/GEN_RD[1].mbank_reg[0][14][123]/CE
-1.286	bd_i/card/inst/u/gcr.gkvaxi.u_kv/GEN_RD[1].ph_ch_reg[0]/C	bd_i/card/inst/u/gcr.gkvaxi.u_kv/GEN_RD[1].mbank_reg[0][14][125]/CE
-1.286	bd_i/card/inst/u/gcr.gkvaxi.u_kv/GEN_RD[1].ph_ch_reg[0]/C	bd_i/card/inst/u/gcr.gkvaxi.u_kv/GEN_RD[1].mbank_reg[0][18][102]/CE
-1.286	bd_i/card/inst/u/gcr.gkvaxi.u_kv/GEN_RD[1].ph_ch_reg[0]/C	bd_i/card/inst/u/gcr.gkvaxi.u_kv/GEN_RD[1].mbank_reg[0][18][103]/CE
-1.286	bd_i/card/inst/u/gcr.gkvaxi.u_kv/GEN_RD[1].ph_ch_reg[0]/C	bd_i/card/inst/u/gcr.gkvaxi.u_kv/GEN_RD[1].mbank_reg[0][18][22]/CE
-1.286	bd_i/card/inst/u/gcr.gkvaxi.u_kv/GEN_RD[1].ph_ch_reg[0]/C	bd_i/card/inst/u/gcr.gkvaxi.u_kv/GEN_RD[1].mbank_reg[0][18][3]/CE
-1.287	bd_i/card/inst/u/gcr.gkvaxi.u_kv/GEN_RD[1].ph_ch_reg[0]/C	bd_i/card/inst/u/gcr.gkvaxi.u_kv/GEN_RD[1].mbank_reg[0][11][35]/CE
-1.287	bd_i/card/inst/u/gcr.gkvaxi.u_kv/GEN_RD[1].ph_ch_reg[0]/C	bd_i/card/inst/u/gcr.gkvaxi.u_kv/GEN_RD[1].mbank_reg[0][11][42]/CE
-1.287	bd_i/card/inst/u/gcr.gkvaxi.u_kv/GEN_RD[1].ph_ch_reg[0]/C	bd_i/card/inst/u/gcr.gkvaxi.u_kv/GEN_RD[1].mbank_reg[0][11][5]/CE
-1.287	bd_i/card/inst/u/gcr.gkvaxi.u_kv/GEN_RD[1].ph_ch_reg[0]/C	bd_i/card/inst/u/gcr.gkvaxi.u_kv/GEN_RD[1].mbank_reg[0][18][105]/CE
-1.289	bd_i/card/inst/u/gcr.gkvaxi.u_kv/GEN_RD[1].ph_ch_reg[0]/C	bd_i/card/inst/u/gcr.gkvaxi.u_kv/GEN_RD[1].mbank_reg[0][11][126]/CE
-1.289	bd_i/card/inst/u/gcr.gkvaxi.u_kv/GEN_RD[1].ph_ch_reg[0]/C	bd_i/card/inst/u/gcr.gkvaxi.u_kv/GEN_RD[1].mbank_reg[0][11][66]/CE
-1.292	bd_i/card/inst/u/gcr.gkvaxi.u_kv/GEN_RD[1].ph_ch_reg[0]/C	bd_i/card/inst/u/gcr.gkvaxi.u_kv/GEN_RD[1].mbank_reg[0][0][31]/CE
-1.292	bd_i/card/inst/u/gcr.gkvaxi.u_kv/GEN_RD[1].ph_ch_reg[0]/C	bd_i/card/inst/u/gcr.gkvaxi.u_kv/GEN_RD[1].mbank_reg[0][0][41]/CE
-1.292	bd_i/card/inst/u/gcr.gkvaxi.u_kv/GEN_RD[1].ph_ch_reg[0]/C	bd_i/card/inst/u/gcr.gkvaxi.u_kv/GEN_RD[1].mbank_reg[0][10][38]/CE
-1.292	bd_i/card/inst/u/gcr.gkvaxi.u_kv/GEN_RD[1].ph_ch_reg[0]/C	bd_i/card/inst/u/gcr.gkvaxi.u_kv/GEN_RD[1].mbank_reg[0][10][42]/CE
-1.292	bd_i/card/inst/u/gcr.gkvaxi.u_kv/GEN_RD[1].ph_ch_reg[0]/C	bd_i/card/inst/u/gcr.gkvaxi.u_kv/GEN_RD[1].mbank_reg[0][11][15]/CE
-1.292	bd_i/card/inst/u/gcr.gkvaxi.u_kv/GEN_RD[1].ph_ch_reg[0]/C	bd_i/card/inst/u/gcr.gkvaxi.u_kv/GEN_RD[1].mbank_reg[0][12][112]/CE
-1.292	bd_i/card/inst/u/gcr.gkvaxi.u_kv/GEN_RD[1].ph_ch_reg[0]/C	bd_i/card/inst/u/gcr.gkvaxi.u_kv/GEN_RD[1].mbank_reg[0][12][114]/CE
-1.292	bd_i/card/inst/u/gcr.gkvaxi.u_kv/GEN_RD[1].ph_ch_reg[0]/C	bd_i/card/inst/u/gcr.gkvaxi.u_kv/GEN_RD[1].mbank_reg[0][12][52]/CE
-1.292	bd_i/card/inst/u/gcr.gkvaxi.u_kv/GEN_RD[1].ph_ch_reg[0]/C	bd_i/card/inst/u/gcr.gkvaxi.u_kv/GEN_RD[1].mbank_reg[0][12][57]/CE
-1.294	bd_i/card/inst/u/gcr.gkvaxi.u_kv/GEN_RD[1].ph_ch_reg[0]/C	bd_i/card/inst/u/gcr.gkvaxi.u_kv/GEN_RD[1].mbank_reg[0][0][107]/CE
-1.294	bd_i/card/inst/u/gcr.gkvaxi.u_kv/GEN_RD[1].ph_ch_reg[0]/C	bd_i/card/inst/u/gcr.gkvaxi.u_kv/GEN_RD[1].mbank_reg[0][11][69]/CE
-1.295	bd_i/card/inst/u/gcr.gkvaxi.u_kv/GEN_RD[1].ph_ch_reg[0]/C	bd_i/card/inst/u/gcr.gkvaxi.u_kv/GEN_RD[1].mbank_reg[0][11][23]/CE
-1.297	bd_i/card/inst/u/gcr.gkvaxi.u_kv/GEN_RD[1].ph_ch_reg[0]/C	bd_i/card/inst/u/gcr.gkvaxi.u_kv/GEN_RD[1].mbank_reg[0][15][69]/CE
-1.297	bd_i/card/inst/u/gcr.gkvaxi.u_kv/GEN_RD[1].ph_ch_reg[0]/C	bd_i/card/inst/u/gcr.gkvaxi.u_kv/GEN_RD[1].mbank_reg[0][15][82]/CE
-1.299	bd_i/card/inst/u/gcr.gkvaxi.u_kv/GEN_RD[1].ph_ch_reg[0]/C	bd_i/card/inst/u/gcr.gkvaxi.u_kv/GEN_RD[1].mbank_reg[0][12][125]/CE
-1.299	bd_i/card/inst/u/gcr.gkvaxi.u_kv/GEN_RD[1].ph_ch_reg[0]/C	bd_i/card/inst/u/gcr.gkvaxi.u_kv/GEN_RD[1].mbank_reg[0][18][85]/CE
-1.300	bd_i/card/inst/u/gcr.gkvaxi.u_kv/GEN_RD[1].ph_ch_reg[0]/C	bd_i/card/inst/u/gcr.gkvaxi.u_kv/GEN_RD[1].mbank_reg[0][13][28]/CE
-1.300	bd_i/card/inst/u/gcr.gkvaxi.u_kv/GEN_RD[1].ph_ch_reg[0]/C	bd_i/card/inst/u/gcr.gkvaxi.u_kv/GEN_RD[1].mbank_reg[0][13][54]/CE
-1.301	bd_i/card/inst/u/gcr.gkvaxi.u_kv/GEN_RD[1].ph_ch_reg[0]/C	bd_i/card/inst/u/gcr.gkvaxi.u_kv/GEN_RD[1].mbank_reg[0][17][36]/CE
-1.301	bd_i/card/inst/u/gcr.gkvaxi.u_kv/GEN_RD[1].ph_ch_reg[0]/C	bd_i/card/inst/u/gcr.gkvaxi.u_kv/GEN_RD[1].mbank_reg[0][17][51]/CE
-1.302	bd_i/card/inst/u/gcr.gkvaxi.u_kv/GEN_RD[1].ph_ch_reg[0]/C	bd_i/card/inst/u/gcr.gkvaxi.u_kv/GEN_RD[1].mbank_reg[0][10][126]/CE
-1.302	bd_i/card/inst/u/gcr.gkvaxi.u_kv/GEN_RD[1].ph_ch_reg[0]/C	bd_i/card/inst/u/gcr.gkvaxi.u_kv/GEN_RD[1].mbank_reg[0][10][83]/CE
-1.304	bd_i/card/inst/u/gcr.gkvaxi.u_kv/GEN_RD[1].ph_ch_reg[0]/C	bd_i/card/inst/u/gcr.gkvaxi.u_kv/GEN_RD[1].mbank_reg[0][18][84]/CE
-1.304	bd_i/card/inst/u/gcr.gkvaxi.u_kv/GEN_RD[1].ph_ch_reg[0]/C	bd_i/card/inst/u/gcr.gkvaxi.u_kv/GEN_RD[1].mbank_reg[0][18][97]/CE
-1.305	bd_i/card/inst/u/gcr.gkvaxi.u_kv/GEN_RD[1].ph_ch_reg[0]/C	bd_i/card/inst/u/gcr.gkvaxi.u_kv/GEN_RD[1].mbank_reg[0][12][1]/CE
-1.307	bd_i/card/inst/u/gcr.gkvaxi.u_kv/GEN_RD[1].ph_ch_reg[0]/C	bd_i/card/inst/u/gcr.gkvaxi.u_kv/GEN_RD[1].mbank_reg[0][12][80]/CE
-1.307	bd_i/card/inst/u/gcr.gkvaxi.u_kv/GEN_RD[1].ph_ch_reg[0]/C	bd_i/card/inst/u/gcr.gkvaxi.u_kv/GEN_RD[1].mbank_reg[0][15][25]/CE
-1.308	bd_i/card/inst/u/gcr.gkvaxi.u_kv/GEN_RD[1].ph_ch_reg[0]/C	bd_i/card/inst/u/gcr.gkvaxi.u_kv/GEN_RD[1].mbank_reg[0][0][32]/CE
-1.308	bd_i/card/inst/u/gcr.gkvaxi.u_kv/GEN_RD[1].ph_ch_reg[0]/C	bd_i/card/inst/u/gcr.gkvaxi.u_kv/GEN_RD[1].mbank_reg[0][18][100]/CE
-1.308	bd_i/card/inst/u/gcr.gkvaxi.u_kv/GEN_RD[1].ph_ch_reg[0]/C	bd_i/card/inst/u/gcr.gkvaxi.u_kv/GEN_RD[1].mbank_reg[0][18][65]/CE
-1.310	bd_i/card/inst/u/gcr.gkvaxi.u_kv/GEN_RD[1].ph_ch_reg[0]/C	bd_i/card/inst/u/gcr.gkvaxi.u_kv/GEN_RD[1].mbank_reg[0][0][112]/CE
-1.310	bd_i/card/inst/u/gcr.gkvaxi.u_kv/GEN_RD[1].ph_ch_reg[0]/C	bd_i/card/inst/u/gcr.gkvaxi.u_kv/GEN_RD[1].mbank_reg[0][0][123]/CE
-1.310	bd_i/card/inst/u/gcr.gkvaxi.u_kv/GEN_RD[1].ph_ch_reg[0]/C	bd_i/card/inst/u/gcr.gkvaxi.u_kv/GEN_RD[1].mbank_reg[0][0][94]/CE
-1.311	bd_i/card/inst/u/gcr.gkvaxi.u_kv/GEN_RD[1].ph_ch_reg[0]/C	bd_i/card/inst/u/gcr.gkvaxi.u_kv/GEN_RD[1].mbank_reg[0][12][62]/CE
-1.312	bd_i/card/inst/u/gcr.gkvaxi.u_kv/GEN_RD[1].ph_ch_reg[0]/C	bd_i/card/inst/u/gcr.gkvaxi.u_kv/GEN_RD[1].mbank_reg[0][15][34]/CE
-1.312	bd_i/card/inst/u/gcr.gkvaxi.u_kv/GEN_RD[1].ph_ch_reg[0]/C	bd_i/card/inst/u/gcr.gkvaxi.u_kv/GEN_RD[1].mbank_reg[0][15][35]/CE
-1.312	bd_i/card/inst/u/gcr.gkvaxi.u_kv/GEN_RD[1].ph_ch_reg[0]/C	bd_i/card/inst/u/gcr.gkvaxi.u_kv/GEN_RD[1].mbank_reg[0][18][29]/CE
-1.312	bd_i/card/inst/u/gcr.gkvaxi.u_kv/GEN_RD[1].ph_ch_reg[0]/C	bd_i/card/inst/u/gcr.gkvaxi.u_kv/GEN_RD[1].mbank_reg[0][18][4]/CE
-1.312	bd_i/card/inst/u/gcr.gkvaxi.u_kv/GEN_RD[1].ph_ch_reg[0]/C	bd_i/card/inst/u/gcr.gkvaxi.u_kv/GEN_RD[1].mbank_reg[0][18][60]/CE
-1.313	bd_i/card/inst/u/gcr.gkvaxi.u_kv/GEN_RD[1].ph_ch_reg[0]/C	bd_i/card/inst/u/gcr.gkvaxi.u_kv/GEN_RD[1].mbank_reg[0][11][110]/CE
-1.313	bd_i/card/inst/u/gcr.gkvaxi.u_kv/GEN_RD[1].ph_ch_reg[0]/C	bd_i/card/inst/u/gcr.gkvaxi.u_kv/GEN_RD[1].mbank_reg[0][11][125]/CE
-1.313	bd_i/card/inst/u/gcr.gkvaxi.u_kv/GEN_RD[1].ph_ch_reg[0]/C	bd_i/card/inst/u/gcr.gkvaxi.u_kv/GEN_RD[1].mbank_reg[0][11][127]/CE
-1.313	bd_i/card/inst/u/gcr.gkvaxi.u_kv/GEN_RD[1].ph_ch_reg[0]/C	bd_i/card/inst/u/gcr.gkvaxi.u_kv/GEN_RD[1].mbank_reg[0][12][90]/CE
-1.313	bd_i/card/inst/u/gcr.gkvaxi.u_kv/GEN_RD[1].ph_ch_reg[0]/C	bd_i/card/inst/u/gcr.gkvaxi.u_kv/GEN_RD[1].mbank_reg[0][14][61]/CE
-1.313	bd_i/card/inst/u/gcr.gkvaxi.u_kv/GEN_RD[1].ph_ch_reg[0]/C	bd_i/card/inst/u/gcr.gkvaxi.u_kv/GEN_RD[1].mbank_reg[0][17][12]/CE
-1.313	bd_i/card/inst/u/gcr.gkvaxi.u_kv/GEN_RD[1].ph_ch_reg[0]/C	bd_i/card/inst/u/gcr.gkvaxi.u_kv/GEN_RD[1].mbank_reg[0][17][41]/CE
-1.314	bd_i/card/inst/u/gcr.gkvaxi.u_kv/GEN_RD[1].ph_ch_reg[0]/C	bd_i/card/inst/u/gcr.gkvaxi.u_kv/GEN_RD[1].mbank_reg[0][15][0]/CE
-1.314	bd_i/card/inst/u/gcr.gkvaxi.u_kv/GEN_RD[1].ph_ch_reg[0]/C	bd_i/card/inst/u/gcr.gkvaxi.u_kv/GEN_RD[1].mbank_reg[0][15][16]/CE
-1.314	bd_i/card/inst/u/gcr.gkvaxi.u_kv/GEN_RD[1].ph_ch_reg[0]/C	bd_i/card/inst/u/gcr.gkvaxi.u_kv/GEN_RD[1].mbank_reg[0][15][99]/CE
-1.315	bd_i/card/inst/u/gcr.gkvaxi.u_kv/GEN_RD[1].ph_ch_reg[0]/C	bd_i/card/inst/u/gcr.gkvaxi.u_kv/GEN_RD[1].mbank_reg[0][14][115]/CE
-1.315	bd_i/card/inst/u/gcr.gkvaxi.u_kv/GEN_RD[1].ph_ch_reg[0]/C	bd_i/card/inst/u/gcr.gkvaxi.u_kv/GEN_RD[1].mbank_reg[0][14][117]/CE
-1.315	bd_i/card/inst/u/gcr.gkvaxi.u_kv/GEN_RD[1].ph_ch_reg[0]/C	bd_i/card/inst/u/gcr.gkvaxi.u_kv/GEN_RD[1].mbank_reg[0][14][124]/CE
-1.317	bd_i/card/inst/u/gcr.gkvaxi.u_kv/GEN_RD[1].ph_ch_reg[0]/C	bd_i/card/inst/u/gcr.gkvaxi.u_kv/GEN_RD[1].mbank_reg[0][15][43]/CE
-1.317	bd_i/card/inst/u/gcr.gkvaxi.u_kv/GEN_RD[1].ph_ch_reg[0]/C	bd_i/card/inst/u/gcr.gkvaxi.u_kv/GEN_RD[1].mbank_reg[0][15][46]/CE
-1.317	bd_i/card/inst/u/gcr.gkvaxi.u_kv/GEN_RD[1].ph_ch_reg[0]/C	bd_i/card/inst/u/gcr.gkvaxi.u_kv/GEN_RD[1].mbank_reg[0][15][59]/CE
-1.318	bd_i/card/inst/u/gcr.gkvaxi.u_kv/GEN_RD[1].ph_ch_reg[0]/C	bd_i/card/inst/u/gcr.gkvaxi.u_kv/GEN_RD[1].mbank_reg[0][13][65]/CE
-1.318	bd_i/card/inst/u/gcr.gkvaxi.u_kv/GEN_RD[1].ph_ch_reg[0]/C	bd_i/card/inst/u/gcr.gkvaxi.u_kv/GEN_RD[1].mbank_reg[0][13][72]/CE
-1.318	bd_i/card/inst/u/gcr.gkvaxi.u_kv/GEN_RD[1].ph_ch_reg[0]/C	bd_i/card/inst/u/gcr.gkvaxi.u_kv/GEN_RD[1].mbank_reg[0][14][48]/CE
-1.318	bd_i/card/inst/u/gcr.gkvaxi.u_kv/GEN_RD[1].ph_ch_reg[0]/C	bd_i/card/inst/u/gcr.gkvaxi.u_kv/GEN_RD[1].mbank_reg[0][14][59]/CE
-1.319	bd_i/card/inst/u/gcr.gkvaxi.u_kv/GEN_RD[1].ph_ch_reg[0]/C	bd_i/card/inst/u/gcr.gkvaxi.u_kv/GEN_RD[1].mbank_reg[0][0][34]/CE
-1.319	bd_i/card/inst/u/gcr.gkvaxi.u_kv/GEN_RD[1].ph_ch_reg[0]/C	bd_i/card/inst/u/gcr.gkvaxi.u_kv/GEN_RD[1].mbank_reg[0][0][99]/CE
-1.319	bd_i/card/inst/u/gcr.gkvaxi.u_kv/GEN_RD[1].ph_ch_reg[0]/C	bd_i/card/inst/u/gcr.gkvaxi.u_kv/GEN_RD[1].mbank_reg[0][10][75]/CE
-1.320	bd_i/card/inst/u/gcr.gkvaxi.u_kv/GEN_RD[1].ph_ch_reg[0]/C	bd_i/card/inst/u/gcr.gkvaxi.u_kv/GEN_RD[1].mbank_reg[0][18][10]/CE
-1.321	bd_i/card/inst/u/gcr.gkvaxi.u_kv/GEN_RD[1].ph_ch_reg[0]/C	bd_i/card/inst/u/gcr.gkvaxi.u_kv/GEN_RD[1].mbank_reg[0][10][90]/CE
-1.322	bd_i/card/inst/u/gcr.gkvaxi.u_kv/GEN_RD[1].ph_ch_reg[0]/C	bd_i/card/inst/u/gcr.gkvaxi.u_kv/GEN_RD[1].mbank_reg[0][0][125]/CE
-1.322	bd_i/card/inst/u/gcr.gkvaxi.u_kv/GEN_RD[1].ph_ch_reg[0]/C	bd_i/card/inst/u/gcr.gkvaxi.u_kv/GEN_RD[1].mbank_reg[0][0][67]/CE
-1.322	bd_i/card/inst/u/gcr.gkvaxi.u_kv/GEN_RD[1].ph_ch_reg[0]/C	bd_i/card/inst/u/gcr.gkvaxi.u_kv/GEN_RD[1].mbank_reg[0][0][92]/CE
-1.324	bd_i/card/inst/u/gcr.gkvaxi.u_kv/GEN_RD[1].ph_ch_reg[0]/C	bd_i/card/inst/u/gcr.gkvaxi.u_kv/GEN_RD[1].mbank_reg[0][11][39]/CE
-1.324	bd_i/card/inst/u/gcr.gkvaxi.u_kv/GEN_RD[1].ph_ch_reg[0]/C	bd_i/card/inst/u/gcr.gkvaxi.u_kv/GEN_RD[1].mbank_reg[0][11][43]/CE
-1.324	bd_i/card/inst/u/gcr.gkvaxi.u_kv/GEN_RD[1].ph_ch_reg[0]/C	bd_i/card/inst/u/gcr.gkvaxi.u_kv/GEN_RD[1].mbank_reg[0][11][58]/CE
-1.324	bd_i/card/inst/u/gcr.gkvaxi.u_kv/GEN_RD[1].ph_ch_reg[0]/C	bd_i/card/inst/u/gcr.gkvaxi.u_kv/GEN_RD[1].mbank_reg[0][15][51]/CE
-1.324	bd_i/card/inst/u/gcr.gkvaxi.u_kv/GEN_RD[1].ph_ch_reg[0]/C	bd_i/card/inst/u/gcr.gkvaxi.u_kv/GEN_RD[1].mbank_reg[0][15][58]/CE
-1.327	bd_i/card/inst/u/gcr.gkvaxi.u_kv/GEN_RD[1].ph_ch_reg[0]/C	bd_i/card/inst/u/gcr.gkvaxi.u_kv/GEN_RD[1].mbank_reg[0][11][18]/CE
-1.327	bd_i/card/inst/u/gcr.gkvaxi.u_kv/GEN_RD[1].ph_ch_reg[0]/C	bd_i/card/inst/u/gcr.gkvaxi.u_kv/GEN_RD[1].mbank_reg[0][11][6]/CE
-1.327	bd_i/card/inst/u/gcr.gkvaxi.u_kv/GEN_RD[1].ph_ch_reg[0]/C	bd_i/card/inst/u/gcr.gkvaxi.u_kv/GEN_RD[1].mbank_reg[0][11][99]/CE
-1.327	bd_i/card/inst/u/gcr.gkvaxi.u_kv/GEN_RD[1].ph_ch_reg[0]/C	bd_i/card/inst/u/gcr.gkvaxi.u_kv/GEN_RD[1].mbank_reg[0][17][80]/CE
-1.327	bd_i/card/inst/u/gcr.gkvaxi.u_kv/GEN_RD[1].ph_ch_reg[0]/C	bd_i/card/inst/u/gcr.gkvaxi.u_kv/GEN_RD[1].mbank_reg[0][17][99]/CE
-1.330	bd_i/card/inst/u/gcr.gkvaxi.u_kv/GEN_RD[1].ph_ch_reg[0]/C	bd_i/card/inst/u/gcr.gkvaxi.u_kv/GEN_RD[1].mbank_reg[0][15][22]/CE
-1.330	bd_i/card/inst/u/gcr.gkvaxi.u_kv/GEN_RD[1].ph_ch_reg[0]/C	bd_i/card/inst/u/gcr.gkvaxi.u_kv/GEN_RD[1].mbank_reg[0][15][70]/CE
-1.330	bd_i/card/inst/u/gcr.gkvaxi.u_kv/GEN_RD[1].ph_ch_reg[0]/C	bd_i/card/inst/u/gcr.gkvaxi.u_kv/GEN_RD[1].mbank_reg[0][15][85]/CE
-1.331	bd_i/card/inst/u/gcr.gkvaxi.u_kv/GEN_RD[1].ph_ch_reg[0]/C	bd_i/card/inst/u/gcr.gkvaxi.u_kv/GEN_RD[1].mbank_reg[0][18][20]/CE
-1.331	bd_i/card/inst/u/gcr.gkvaxi.u_kv/GEN_RD[1].ph_ch_reg[0]/C	bd_i/card/inst/u/gcr.gkvaxi.u_kv/GEN_RD[1].mbank_reg[0][18][47]/CE
-1.331	bd_i/card/inst/u/gcr.gkvaxi.u_kv/GEN_RD[1].ph_ch_reg[0]/C	bd_i/card/inst/u/gcr.gkvaxi.u_kv/GEN_RD[1].mbank_reg[0][18][71]/CE
-1.333	bd_i/card/inst/u/gcr.gkvaxi.u_kv/GEN_RD[1].ph_ch_reg[0]/C	bd_i/card/inst/u/gcr.gkvaxi.u_kv/GEN_RD[1].mbank_reg[0][0][40]/CE
-1.333	bd_i/card/inst/u/gcr.gkvaxi.u_kv/GEN_RD[1].ph_ch_reg[0]/C	bd_i/card/inst/u/gcr.gkvaxi.u_kv/GEN_RD[1].mbank_reg[0][0][62]/CE
-1.335	bd_i/card/inst/u/gcr.gkvaxi.u_kv/GEN_RD[1].ph_ch_reg[0]/C	bd_i/card/inst/u/gcr.gkvaxi.u_kv/GEN_RD[1].mbank_reg[0][13][123]/CE
-1.335	bd_i/card/inst/u/gcr.gkvaxi.u_kv/GEN_RD[1].ph_ch_reg[0]/C	bd_i/card/inst/u/gcr.gkvaxi.u_kv/GEN_RD[1].mbank_reg[0][13][66]/CE
-1.335	bd_i/card/inst/u/gcr.gkvaxi.u_kv/GEN_RD[1].ph_ch_reg[0]/C	bd_i/card/inst/u/gcr.gkvaxi.u_kv/GEN_RD[1].mbank_reg[0][13][94]/CE
-1.336	bd_i/card/inst/u/gcr.gkvaxi.u_kv/GEN_RD[1].ph_ch_reg[0]/C	bd_i/card/inst/u/gcr.gkvaxi.u_kv/GEN_RD[1].mbank_reg[0][13][26]/CE
-1.336	bd_i/card/inst/u/gcr.gkvaxi.u_kv/GEN_RD[1].ph_ch_reg[0]/C	bd_i/card/inst/u/gcr.gkvaxi.u_kv/GEN_RD[1].mbank_reg[0][13][78]/CE
-1.336	bd_i/card/inst/u/gcr.gkvaxi.u_kv/GEN_RD[1].ph_ch_reg[0]/C	bd_i/card/inst/u/gcr.gkvaxi.u_kv/GEN_RD[1].mbank_reg[0][19][1]/CE
-1.336	bd_i/card/inst/u/gcr.gkvaxi.u_kv/GEN_RD[1].ph_ch_reg[0]/C	bd_i/card/inst/u/gcr.gkvaxi.u_kv/GEN_RD[1].mbank_reg[0][19][33]/CE
-1.336	bd_i/card/inst/u/gcr.gkvaxi.u_kv/GEN_RD[1].ph_ch_reg[0]/C	bd_i/card/inst/u/gcr.gkvaxi.u_kv/GEN_RD[1].mbank_reg[0][19][41]/CE
-1.338	bd_i/card/inst/u/gcr.gkvaxi.u_kv/GEN_RD[1].ph_ch_reg[0]/C	bd_i/card/inst/u/gcr.gkvaxi.u_kv/GEN_RD[1].mbank_reg[0][13][100]/CE
-1.338	bd_i/card/inst/u/gcr.gkvaxi.u_kv/GEN_RD[1].ph_ch_reg[0]/C	bd_i/card/inst/u/gcr.gkvaxi.u_kv/GEN_RD[1].mbank_reg[0][13][109]/CE
-1.338	bd_i/card/inst/u/gcr.gkvaxi.u_kv/GEN_RD[1].ph_ch_reg[0]/C	bd_i/card/inst/u/gcr.gkvaxi.u_kv/GEN_RD[1].mbank_reg[0][13][84]/CE
-1.338	bd_i/card/inst/u/gcr.gkvaxi.u_kv/GEN_RD[1].ph_ch_reg[0]/C	bd_i/card/inst/u/gcr.gkvaxi.u_kv/GEN_RD[1].mbank_reg[0][13][86]/CE
-1.339	bd_i/card/inst/u/gcr.gkvaxi.u_kv/GEN_RD[1].ph_ch_reg[0]/C	bd_i/card/inst/u/gcr.gkvaxi.u_kv/GEN_RD[1].mbank_reg[0][18][111]/CE
-1.342	bd_i/card/inst/u/gcr.gkvaxi.u_kv/GEN_RD[1].ph_ch_reg[0]/C	bd_i/card/inst/u/gcr.gkvaxi.u_kv/GEN_RD[1].mbank_reg[0][14][18]/CE
-1.342	bd_i/card/inst/u/gcr.gkvaxi.u_kv/GEN_RD[1].ph_ch_reg[0]/C	bd_i/card/inst/u/gcr.gkvaxi.u_kv/GEN_RD[1].mbank_reg[0][14][25]/CE
-1.344	bd_i/card/inst/u/gcr.gkvaxi.u_kv/GEN_RD[1].ph_ch_reg[0]/C	bd_i/card/inst/u/gcr.gkvaxi.u_kv/GEN_RD[1].mbank_reg[0][17][114]/CE
-1.344	bd_i/card/inst/u/gcr.gkvaxi.u_kv/GEN_RD[1].ph_ch_reg[0]/C	bd_i/card/inst/u/gcr.gkvaxi.u_kv/GEN_RD[1].mbank_reg[0][17][115]/CE
-1.346	bd_i/card/inst/u/gcr.gkvaxi.u_kv/GEN_RD[1].ph_ch_reg[0]/C	bd_i/card/inst/u/gcr.gkvaxi.u_kv/GEN_RD[1].mbank_reg[0][0][110]/CE
-1.346	bd_i/card/inst/u/gcr.gkvaxi.u_kv/GEN_RD[1].ph_ch_reg[0]/C	bd_i/card/inst/u/gcr.gkvaxi.u_kv/GEN_RD[1].mbank_reg[0][0][66]/CE
-1.346	bd_i/card/inst/u/gcr.gkvaxi.u_kv/GEN_RD[1].ph_ch_reg[0]/C	bd_i/card/inst/u/gcr.gkvaxi.u_kv/GEN_RD[1].mbank_reg[0][0][78]/CE
-1.346	bd_i/card/inst/u/gcr.gkvaxi.u_kv/GEN_RD[1].ph_ch_reg[0]/C	bd_i/card/inst/u/gcr.gkvaxi.u_kv/GEN_RD[1].mbank_reg[0][0][84]/CE
-1.347	bd_i/card/inst/u/gcr.gkvaxi.u_kv/GEN_RD[1].ph_ch_reg[0]/C	bd_i/card/inst/u/gcr.gkvaxi.u_kv/GEN_RD[1].mbank_reg[0][10][95]/CE
-1.349	bd_i/card/inst/u/gcr.gkvaxi.u_kv/GEN_RD[1].ph_ch_reg[0]/C	bd_i/card/inst/u/gcr.gkvaxi.u_kv/GEN_RD[1].mbank_reg[0][10][118]/CE
-1.349	bd_i/card/inst/u/gcr.gkvaxi.u_kv/GEN_RD[1].ph_ch_reg[0]/C	bd_i/card/inst/u/gcr.gkvaxi.u_kv/GEN_RD[1].mbank_reg[0][10][123]/CE
-1.349	bd_i/card/inst/u/gcr.gkvaxi.u_kv/GEN_RD[1].ph_ch_reg[0]/C	bd_i/card/inst/u/gcr.gkvaxi.u_kv/GEN_RD[1].mbank_reg[0][10][54]/CE
-1.349	bd_i/card/inst/u/gcr.gkvaxi.u_kv/GEN_RD[1].ph_ch_reg[0]/C	bd_i/card/inst/u/gcr.gkvaxi.u_kv/GEN_RD[1].mbank_reg[0][12][77]/CE
-1.349	bd_i/card/inst/u/gcr.gkvaxi.u_kv/GEN_RD[1].ph_ch_reg[0]/C	bd_i/card/inst/u/gcr.gkvaxi.u_kv/GEN_RD[1].mbank_reg[0][18][41]/CE
-1.349	bd_i/card/inst/u/gcr.gkvaxi.u_kv/GEN_RD[1].ph_ch_reg[0]/C	bd_i/card/inst/u/gcr.gkvaxi.u_kv/GEN_RD[1].mbank_reg[0][18][98]/CE
-1.353	bd_i/card/inst/u/gcr.gkvaxi.u_kv/GEN_RD[1].ph_ch_reg[0]/C	bd_i/card/inst/u/gcr.gkvaxi.u_kv/GEN_RD[1].mbank_reg[0][0][26]/CE
-1.353	bd_i/card/inst/u/gcr.gkvaxi.u_kv/GEN_RD[1].ph_ch_reg[0]/C	bd_i/card/inst/u/gcr.gkvaxi.u_kv/GEN_RD[1].mbank_reg[0][0][54]/CE
-1.353	bd_i/card/inst/u/gcr.gkvaxi.u_kv/GEN_RD[1].ph_ch_reg[0]/C	bd_i/card/inst/u/gcr.gkvaxi.u_kv/GEN_RD[1].mbank_reg[0][0][61]/CE
-1.353	bd_i/card/inst/u/gcr.gkvaxi.u_kv/GEN_RD[1].ph_ch_reg[0]/C	bd_i/card/inst/u/gcr.gkvaxi.u_kv/GEN_RD[1].mbank_reg[0][18][13]/CE
-1.354	bd_i/card/inst/u/gcr.gkvaxi.u_kv/GEN_RD[1].ph_ch_reg[0]/C	bd_i/card/inst/u/gcr.gkvaxi.u_kv/GEN_RD[1].mbank_reg[0][10][0]/CE
-1.357	bd_i/card/inst/u/gcr.gkvaxi.u_kv/GEN_RD[1].ph_ch_reg[0]/C	bd_i/card/inst/u/gcr.gkvaxi.u_kv/GEN_RD[1].mbank_reg[0][0][36]/CE
-1.357	bd_i/card/inst/u/gcr.gkvaxi.u_kv/GEN_RD[1].ph_ch_reg[0]/C	bd_i/card/inst/u/gcr.gkvaxi.u_kv/GEN_RD[1].mbank_reg[0][0][51]/CE
-1.357	bd_i/card/inst/u/gcr.gkvaxi.u_kv/GEN_RD[1].ph_ch_reg[0]/C	bd_i/card/inst/u/gcr.gkvaxi.u_kv/GEN_RD[1].mbank_reg[0][0][58]/CE
-1.357	bd_i/card/inst/u/gcr.gkvaxi.u_kv/GEN_RD[1].ph_ch_reg[0]/C	bd_i/card/inst/u/gcr.gkvaxi.u_kv/GEN_RD[1].mbank_reg[0][0][63]/CE
-1.358	bd_i/card/inst/u/gcr.gkvaxi.u_kv/GEN_RD[1].ph_ch_reg[0]/C	bd_i/card/inst/u/gcr.gkvaxi.u_kv/GEN_RD[1].mbank_reg[0][13][115]/CE
-1.358	bd_i/card/inst/u/gcr.gkvaxi.u_kv/GEN_RD[1].ph_ch_reg[0]/C	bd_i/card/inst/u/gcr.gkvaxi.u_kv/GEN_RD[1].mbank_reg[0][13][124]/CE
-1.358	bd_i/card/inst/u/gcr.gkvaxi.u_kv/GEN_RD[1].ph_ch_reg[0]/C	bd_i/card/inst/u/gcr.gkvaxi.u_kv/GEN_RD[1].mbank_reg[0][19][100]/CE
-1.358	bd_i/card/inst/u/gcr.gkvaxi.u_kv/GEN_RD[1].ph_ch_reg[0]/C	bd_i/card/inst/u/gcr.gkvaxi.u_kv/GEN_RD[1].mbank_reg[0][19][86]/CE
-1.360	bd_i/card/inst/u/gcr.gkvaxi.u_kv/GEN_RD[1].ph_ch_reg[0]/C	bd_i/card/inst/u/gcr.gkvaxi.u_kv/GEN_RD[1].mbank_reg[0][10][91]/CE
-1.360	bd_i/card/inst/u/gcr.gkvaxi.u_kv/GEN_RD[1].ph_ch_reg[0]/C	bd_i/card/inst/u/gcr.gkvaxi.u_kv/GEN_RD[1].mbank_reg[0][19][48]/CE
-1.360	bd_i/card/inst/u/gcr.gkvaxi.u_kv/GEN_RD[1].ph_ch_reg[0]/C	bd_i/card/inst/u/gcr.gkvaxi.u_kv/GEN_RD[1].mbank_reg[0][19][49]/CE
-1.361	bd_i/card/inst/u/gcr.gkvaxi.u_kv/GEN_RD[1].ph_ch_reg[0]/C	bd_i/card/inst/u/gcr.gkvaxi.u_kv/GEN_RD[1].mbank_reg[0][0][104]/CE
-1.361	bd_i/card/inst/u/gcr.gkvaxi.u_kv/GEN_RD[1].ph_ch_reg[0]/C	bd_i/card/inst/u/gcr.gkvaxi.u_kv/GEN_RD[1].mbank_reg[0][0][25]/CE
-1.361	bd_i/card/inst/u/gcr.gkvaxi.u_kv/GEN_RD[1].ph_ch_reg[0]/C	bd_i/card/inst/u/gcr.gkvaxi.u_kv/GEN_RD[1].mbank_reg[0][0][48]/CE
-1.361	bd_i/card/inst/u/gcr.gkvaxi.u_kv/GEN_RD[1].ph_ch_reg[0]/C	bd_i/card/inst/u/gcr.gkvaxi.u_kv/GEN_RD[1].mbank_reg[0][0][80]/CE
-1.361	bd_i/card/inst/u/gcr.gkvaxi.u_kv/GEN_RD[1].ph_ch_reg[0]/C	bd_i/card/inst/u/gcr.gkvaxi.u_kv/GEN_RD[1].mbank_reg[0][0][88]/CE
-1.362	bd_i/card/inst/u/gcr.gkvaxi.u_kv/GEN_RD[1].ph_ch_reg[0]/C	bd_i/card/inst/u/gcr.gkvaxi.u_kv/GEN_RD[1].mbank_reg[0][12][81]/CE
-1.362	bd_i/card/inst/u/gcr.gkvaxi.u_kv/GEN_RD[1].ph_ch_reg[0]/C	bd_i/card/inst/u/gcr.gkvaxi.u_kv/GEN_RD[1].mbank_reg[0][12][93]/CE
-1.363	bd_i/card/inst/u/gcr.gkvaxi.u_kv/GEN_RD[1].ph_ch_reg[0]/C	bd_i/card/inst/u/gcr.gkvaxi.u_kv/GEN_RD[1].mbank_reg[0][18][64]/CE
-1.363	bd_i/card/inst/u/gcr.gkvaxi.u_kv/GEN_RD[1].ph_ch_reg[0]/C	bd_i/card/inst/u/gcr.gkvaxi.u_kv/GEN_RD[1].mbank_reg[0][18][73]/CE
-1.364	bd_i/card/inst/u/gcr.gkvaxi.u_kv/GEN_RD[1].ph_ch_reg[0]/C	bd_i/card/inst/u/gcr.gkvaxi.u_kv/GEN_RD[1].mbank_reg[0][10][80]/CE
-1.366	bd_i/card/inst/u/gcr.gkvaxi.u_kv/GEN_RD[1].ph_ch_reg[0]/C	bd_i/card/inst/u/gcr.gkvaxi.u_kv/GEN_RD[1].mbank_reg[0][12][92]/CE
-1.368	bd_i/card/inst/u/gcr.gkvaxi.u_kv/GEN_RD[1].ph_ch_reg[0]/C	bd_i/card/inst/u/gcr.gkvaxi.u_kv/GEN_RD[1].mbank_reg[0][18][24]/CE
-1.368	bd_i/card/inst/u/gcr.gkvaxi.u_kv/GEN_RD[1].ph_ch_reg[0]/C	bd_i/card/inst/u/gcr.gkvaxi.u_kv/GEN_RD[1].mbank_reg[0][18][96]/CE
-1.369	bd_i/card/inst/u/gcr.gkvaxi.u_kv/GEN_RD[1].ph_ch_reg[0]/C	bd_i/card/inst/u/gcr.gkvaxi.u_kv/GEN_RD[1].mbank_reg[0][13][67]/CE
-1.371	bd_i/card/inst/u/gcr.gkvaxi.u_kv/GEN_RD[1].ph_ch_reg[0]/C	bd_i/card/inst/u/gcr.gkvaxi.u_kv/GEN_RD[1].mbank_reg[0][10][5]/CE
-1.371	bd_i/card/inst/u/gcr.gkvaxi.u_kv/GEN_RD[1].ph_ch_reg[0]/C	bd_i/card/inst/u/gcr.gkvaxi.u_kv/GEN_RD[1].mbank_reg[0][10][6]/CE
-1.371	bd_i/card/inst/u/gcr.gkvaxi.u_kv/GEN_RD[1].ph_ch_reg[0]/C	bd_i/card/inst/u/gcr.gkvaxi.u_kv/GEN_RD[1].mbank_reg[0][19][107]/CE
-1.371	bd_i/card/inst/u/gcr.gkvaxi.u_kv/GEN_RD[1].ph_ch_reg[0]/C	bd_i/card/inst/u/gcr.gkvaxi.u_kv/GEN_RD[1].mbank_reg[0][19][26]/CE
-1.371	bd_i/card/inst/u/gcr.gkvaxi.u_kv/GEN_RD[1].ph_ch_reg[0]/C	bd_i/card/inst/u/gcr.gkvaxi.u_kv/GEN_RD[1].mbank_reg[0][19][72]/CE
-1.372	bd_i/card/inst/u/gcr.gkvaxi.u_kv/GEN_RD[1].ph_ch_reg[0]/C	bd_i/card/inst/u/gcr.gkvaxi.u_kv/GEN_RD[1].mbank_reg[0][15][5]/CE
-1.372	bd_i/card/inst/u/gcr.gkvaxi.u_kv/GEN_RD[1].ph_ch_reg[0]/C	bd_i/card/inst/u/gcr.gkvaxi.u_kv/GEN_RD[1].mbank_reg[0][15][62]/CE
-1.372	bd_i/card/inst/u/gcr.gkvaxi.u_kv/GEN_RD[1].ph_ch_reg[0]/C	bd_i/card/inst/u/gcr.gkvaxi.u_kv/GEN_RD[1].mbank_reg[0][15][89]/CE
-1.374	bd_i/card/inst/u/gcr.gkvaxi.u_kv/GEN_RD[1].ph_ch_reg[0]/C	bd_i/card/inst/u/gcr.gkvaxi.u_kv/GEN_RD[1].mbank_reg[0][0][46]/CE
-1.374	bd_i/card/inst/u/gcr.gkvaxi.u_kv/GEN_RD[1].ph_ch_reg[0]/C	bd_i/card/inst/u/gcr.gkvaxi.u_kv/GEN_RD[1].mbank_reg[0][12][25]/CE
-1.377	bd_i/card/inst/u/gcr.gkvaxi.u_kv/GEN_RD[1].ph_ch_reg[0]/C	bd_i/card/inst/u/gcr.gkvaxi.u_kv/GEN_RD[1].mbank_reg[0][14][113]/CE
-1.377	bd_i/card/inst/u/gcr.gkvaxi.u_kv/GEN_RD[1].ph_ch_reg[0]/C	bd_i/card/inst/u/gcr.gkvaxi.u_kv/GEN_RD[1].mbank_reg[0][14][116]/CE
-1.377	bd_i/card/inst/u/gcr.gkvaxi.u_kv/GEN_RD[1].ph_ch_reg[0]/C	bd_i/card/inst/u/gcr.gkvaxi.u_kv/GEN_RD[1].mbank_reg[0][14][55]/CE
-1.380	bd_i/card/inst/u/gcr.gkvaxi.u_kv/GEN_RD[1].ph_ch_reg[0]/C	bd_i/card/inst/u/gcr.gkvaxi.u_kv/GEN_RD[1].mbank_reg[0][11][80]/CE
-1.380	bd_i/card/inst/u/gcr.gkvaxi.u_kv/GEN_RD[1].ph_ch_reg[0]/C	bd_i/card/inst/u/gcr.gkvaxi.u_kv/GEN_RD[1].mbank_reg[0][12][65]/CE
-1.380	bd_i/card/inst/u/gcr.gkvaxi.u_kv/GEN_RD[1].ph_ch_reg[0]/C	bd_i/card/inst/u/gcr.gkvaxi.u_kv/GEN_RD[1].mbank_reg[0][12][68]/CE
-1.380	bd_i/card/inst/u/gcr.gkvaxi.u_kv/GEN_RD[1].ph_ch_reg[0]/C	bd_i/card/inst/u/gcr.gkvaxi.u_kv/GEN_RD[1].mbank_reg[0][17][101]/CE
-1.380	bd_i/card/inst/u/gcr.gkvaxi.u_kv/GEN_RD[1].ph_ch_reg[0]/C	bd_i/card/inst/u/gcr.gkvaxi.u_kv/GEN_RD[1].mbank_reg[0][17][86]/CE
-1.381	bd_i/card/inst/u/gcr.gkvaxi.u_kv/GEN_RD[1].ph_ch_reg[0]/C	bd_i/card/inst/u/gcr.gkvaxi.u_kv/GEN_RD[1].mbank_reg[0][18][14]/CE
-1.381	bd_i/card/inst/u/gcr.gkvaxi.u_kv/GEN_RD[1].ph_ch_reg[0]/C	bd_i/card/inst/u/gcr.gkvaxi.u_kv/GEN_RD[1].mbank_reg[0][18][95]/CE
-1.382	bd_i/card/inst/u/gcr.gkvaxi.u_kv/GEN_RD[1].ph_ch_reg[0]/C	bd_i/card/inst/u/gcr.gkvaxi.u_kv/GEN_RD[1].mbank_reg[0][11][92]/CE
-1.382	bd_i/card/inst/u/gcr.gkvaxi.u_kv/GEN_RD[1].ph_ch_reg[0]/C	bd_i/card/inst/u/gcr.gkvaxi.u_kv/GEN_RD[1].mbank_reg[0][11][93]/CE
-1.386	bd_i/card/inst/u/gcr.gkvaxi.u_kv/GEN_RD[1].ph_ch_reg[0]/C	bd_i/card/inst/u/gcr.gkvaxi.u_kv/GEN_RD[1].mbank_reg[0][10][36]/CE
-1.386	bd_i/card/inst/u/gcr.gkvaxi.u_kv/GEN_RD[1].ph_ch_reg[0]/C	bd_i/card/inst/u/gcr.gkvaxi.u_kv/GEN_RD[1].mbank_reg[0][10][41]/CE
-1.386	bd_i/card/inst/u/gcr.gkvaxi.u_kv/GEN_RD[1].ph_ch_reg[0]/C	bd_i/card/inst/u/gcr.gkvaxi.u_kv/GEN_RD[1].mbank_reg[0][10][63]/CE
-1.387	bd_i/card/inst/u/gcr.gkvaxi.u_kv/GEN_RD[1].ph_ch_reg[0]/C	bd_i/card/inst/u/gcr.gkvaxi.u_kv/GEN_RD[1].mbank_reg[0][14][118]/CE
-1.387	bd_i/card/inst/u/gcr.gkvaxi.u_kv/GEN_RD[1].ph_ch_reg[0]/C	bd_i/card/inst/u/gcr.gkvaxi.u_kv/GEN_RD[1].mbank_reg[0][14][119]/CE
-1.387	bd_i/card/inst/u/gcr.gkvaxi.u_kv/GEN_RD[1].ph_ch_reg[0]/C	bd_i/card/inst/u/gcr.gkvaxi.u_kv/GEN_RD[1].mbank_reg[0][17][120]/CE
-1.387	bd_i/card/inst/u/gcr.gkvaxi.u_kv/GEN_RD[1].ph_ch_reg[0]/C	bd_i/card/inst/u/gcr.gkvaxi.u_kv/GEN_RD[1].mbank_reg[0][17][56]/CE
-1.388	bd_i/card/inst/u/gcr.gkvaxi.u_kv/GEN_RD[1].ph_ch_reg[0]/C	bd_i/card/inst/u/gcr.gkvaxi.u_kv/GEN_RD[1].mbank_reg[0][18][44]/CE
-1.388	bd_i/card/inst/u/gcr.gkvaxi.u_kv/GEN_RD[1].ph_ch_reg[0]/C	bd_i/card/inst/u/gcr.gkvaxi.u_kv/GEN_RD[1].mbank_reg[0][18][70]/CE
-1.388	bd_i/card/inst/u/gcr.gkvaxi.u_kv/GEN_RD[1].ph_ch_reg[0]/C	bd_i/card/inst/u/gcr.gkvaxi.u_kv/GEN_RD[1].mbank_reg[0][18][75]/CE
-1.388	bd_i/card/inst/u/gcr.gkvaxi.u_kv/GEN_RD[1].ph_ch_reg[0]/C	bd_i/card/inst/u/gcr.gkvaxi.u_kv/GEN_RD[1].mbank_reg[0][19][0]/CE
-1.388	bd_i/card/inst/u/gcr.gkvaxi.u_kv/GEN_RD[1].ph_ch_reg[0]/C	bd_i/card/inst/u/gcr.gkvaxi.u_kv/GEN_RD[1].mbank_reg[0][19][13]/CE
-1.390	bd_i/card/inst/u/gcr.gkvaxi.u_kv/GEN_RD[1].ph_ch_reg[0]/C	bd_i/card/inst/u/gcr.gkvaxi.u_kv/GEN_RD[1].mbank_reg[0][10][30]/CE
-1.390	bd_i/card/inst/u/gcr.gkvaxi.u_kv/GEN_RD[1].ph_ch_reg[0]/C	bd_i/card/inst/u/gcr.gkvaxi.u_kv/GEN_RD[1].mbank_reg[0][10][45]/CE
-1.390	bd_i/card/inst/u/gcr.gkvaxi.u_kv/GEN_RD[1].ph_ch_reg[0]/C	bd_i/card/inst/u/gcr.gkvaxi.u_kv/GEN_RD[1].mbank_reg[0][10][60]/CE
-1.391	bd_i/card/inst/u/gcr.gkvaxi.u_kv/GEN_RD[1].ph_ch_reg[0]/C	bd_i/card/inst/u/gcr.gkvaxi.u_kv/GEN_RD[1].mbank_reg[0][15][102]/CE
-1.391	bd_i/card/inst/u/gcr.gkvaxi.u_kv/GEN_RD[1].ph_ch_reg[0]/C	bd_i/card/inst/u/gcr.gkvaxi.u_kv/GEN_RD[1].mbank_reg[0][15][17]/CE
-1.391	bd_i/card/inst/u/gcr.gkvaxi.u_kv/GEN_RD[1].ph_ch_reg[0]/C	bd_i/card/inst/u/gcr.gkvaxi.u_kv/GEN_RD[1].mbank_reg[0][15][3]/CE
-1.393	bd_i/card/inst/u/gcr.gkvaxi.u_kv/GEN_RD[1].ph_ch_reg[0]/C	bd_i/card/inst/u/gcr.gkvaxi.u_kv/GEN_RD[1].mbank_reg[0][13][113]/CE
-1.393	bd_i/card/inst/u/gcr.gkvaxi.u_kv/GEN_RD[1].ph_ch_reg[0]/C	bd_i/card/inst/u/gcr.gkvaxi.u_kv/GEN_RD[1].mbank_reg[0][13][55]/CE
-1.393	bd_i/card/inst/u/gcr.gkvaxi.u_kv/GEN_RD[1].ph_ch_reg[0]/C	bd_i/card/inst/u/gcr.gkvaxi.u_kv/GEN_RD[1].mbank_reg[0][13][61]/CE
-1.397	bd_i/card/inst/u/gcr.gkvaxi.u_kv/GEN_RD[1].ph_ch_reg[0]/C	bd_i/card/inst/u/gcr.gkvaxi.u_kv/GEN_RD[1].mbank_reg[0][10][110]/CE
-1.397	bd_i/card/inst/u/gcr.gkvaxi.u_kv/GEN_RD[1].ph_ch_reg[0]/C	bd_i/card/inst/u/gcr.gkvaxi.u_kv/GEN_RD[1].mbank_reg[0][10][28]/CE
-1.398	bd_i/card/inst/u/gcr.gkvaxi.u_kv/GEN_RD[1].ph_ch_reg[0]/C	bd_i/card/inst/u/gcr.gkvaxi.u_kv/GEN_RD[1].mbank_reg[0][18][82]/CE
-1.399	bd_i/card/inst/u/gcr.gkvaxi.u_kv/GEN_RD[1].ph_ch_reg[0]/C	bd_i/card/inst/u/gcr.gkvaxi.u_kv/GEN_RD[1].mbank_reg[0][19][40]/CE
-1.399	bd_i/card/inst/u/gcr.gkvaxi.u_kv/GEN_RD[1].ph_ch_reg[0]/C	bd_i/card/inst/u/gcr.gkvaxi.u_kv/GEN_RD[1].mbank_reg[0][19][42]/CE
-1.400	bd_i/card/inst/u/gcr.gkvaxi.u_kv/GEN_RD[1].ph_ch_reg[0]/C	bd_i/card/inst/u/gcr.gkvaxi.u_kv/GEN_RD[1].mbank_reg[0][17][15]/CE
-1.402	bd_i/card/inst/u/gcr.gkvaxi.u_kv/GEN_RD[1].ph_ch_reg[0]/C	bd_i/card/inst/u/gcr.gkvaxi.u_kv/GEN_RD[1].mbank_reg[0][12][97]/CE
-1.402	bd_i/card/inst/u/gcr.gkvaxi.u_kv/GEN_RD[1].ph_ch_reg[0]/C	bd_i/card/inst/u/gcr.gkvaxi.u_kv/GEN_RD[1].mbank_reg[0][18][87]/CE
-1.403	bd_i/card/inst/u/gcr.gkvaxi.u_kv/GEN_RD[1].ph_ch_reg[0]/C	bd_i/card/inst/u/gcr.gkvaxi.u_kv/GEN_RD[1].mbank_reg[0][0][108]/CE
-1.403	bd_i/card/inst/u/gcr.gkvaxi.u_kv/GEN_RD[1].ph_ch_reg[0]/C	bd_i/card/inst/u/gcr.gkvaxi.u_kv/GEN_RD[1].mbank_reg[0][0][83]/CE
-1.407	bd_i/card/inst/u/gcr.gkvaxi.u_kv/GEN_RD[1].ph_ch_reg[0]/C	bd_i/card/inst/u/gcr.gkvaxi.u_kv/GEN_RD[1].mbank_reg[0][11][100]/CE
-1.407	bd_i/card/inst/u/gcr.gkvaxi.u_kv/GEN_RD[1].ph_ch_reg[0]/C	bd_i/card/inst/u/gcr.gkvaxi.u_kv/GEN_RD[1].mbank_reg[0][11][86]/CE
-1.407	bd_i/card/inst/u/gcr.gkvaxi.u_kv/GEN_RD[1].ph_ch_reg[0]/C	bd_i/card/inst/u/gcr.gkvaxi.u_kv/GEN_RD[1].mbank_reg[0][19][39]/CE
-1.407	bd_i/card/inst/u/gcr.gkvaxi.u_kv/GEN_RD[1].ph_ch_reg[0]/C	bd_i/card/inst/u/gcr.gkvaxi.u_kv/GEN_RD[1].mbank_reg[0][19][63]/CE
-1.409	bd_i/card/inst/u/gcr.gkvaxi.u_kv/GEN_RD[1].ph_ch_reg[0]/C	bd_i/card/inst/u/gcr.gkvaxi.u_kv/GEN_RD[1].mbank_reg[0][10][82]/CE
-1.409	bd_i/card/inst/u/gcr.gkvaxi.u_kv/GEN_RD[1].ph_ch_reg[0]/C	bd_i/card/inst/u/gcr.gkvaxi.u_kv/GEN_RD[1].mbank_reg[0][12][121]/CE
-1.409	bd_i/card/inst/u/gcr.gkvaxi.u_kv/GEN_RD[1].ph_ch_reg[0]/C	bd_i/card/inst/u/gcr.gkvaxi.u_kv/GEN_RD[1].mbank_reg[0][12][126]/CE
-1.409	bd_i/card/inst/u/gcr.gkvaxi.u_kv/GEN_RD[1].ph_ch_reg[0]/C	bd_i/card/inst/u/gcr.gkvaxi.u_kv/GEN_RD[1].mbank_reg[0][12][66]/CE
-1.409	bd_i/card/inst/u/gcr.gkvaxi.u_kv/GEN_RD[1].ph_ch_reg[0]/C	bd_i/card/inst/u/gcr.gkvaxi.u_kv/GEN_RD[1].mbank_reg[0][12][76]/CE
-1.413	bd_i/card/inst/u/gcr.gkvaxi.u_kv/GEN_RD[1].ph_ch_reg[0]/C	bd_i/card/inst/u/gcr.gkvaxi.u_kv/GEN_RD[1].mbank_reg[0][13][116]/CE
-1.413	bd_i/card/inst/u/gcr.gkvaxi.u_kv/GEN_RD[1].ph_ch_reg[0]/C	bd_i/card/inst/u/gcr.gkvaxi.u_kv/GEN_RD[1].mbank_reg[0][13][52]/CE
-1.413	bd_i/card/inst/u/gcr.gkvaxi.u_kv/GEN_RD[1].ph_ch_reg[0]/C	bd_i/card/inst/u/gcr.gkvaxi.u_kv/GEN_RD[1].mbank_reg[0][13][56]/CE
-1.413	bd_i/card/inst/u/gcr.gkvaxi.u_kv/GEN_RD[1].ph_ch_reg[0]/C	bd_i/card/inst/u/gcr.gkvaxi.u_kv/GEN_RD[1].mbank_reg[0][13][57]/CE
-1.413	bd_i/card/inst/u/gcr.gkvaxi.u_kv/GEN_RD[1].ph_ch_reg[0]/C	bd_i/card/inst/u/gcr.gkvaxi.u_kv/GEN_RD[1].mbank_reg[0][17][42]/CE
-1.414	bd_i/card/inst/u/gcr.gkvaxi.u_kv/GEN_RD[1].ph_ch_reg[0]/C	bd_i/card/inst/u/gcr.gkvaxi.u_kv/GEN_RD[1].mbank_reg[0][18][33]/CE
-1.415	bd_i/card/inst/u/gcr.gkvaxi.u_kv/GEN_RD[1].ph_ch_reg[0]/C	bd_i/card/inst/u/gcr.gkvaxi.u_kv/GEN_RD[1].mbank_reg[0][0][53]/CE
-1.415	bd_i/card/inst/u/gcr.gkvaxi.u_kv/GEN_RD[1].ph_ch_reg[0]/C	bd_i/card/inst/u/gcr.gkvaxi.u_kv/GEN_RD[1].mbank_reg[0][15][48]/CE
-1.417	bd_i/card/inst/u/gcr.gkvaxi.u_kv/GEN_RD[1].ph_ch_reg[0]/C	bd_i/card/inst/u/gcr.gkvaxi.u_kv/GEN_RD[1].mbank_reg[0][17][28]/CE
-1.417	bd_i/card/inst/u/gcr.gkvaxi.u_kv/GEN_RD[1].ph_ch_reg[0]/C	bd_i/card/inst/u/gcr.gkvaxi.u_kv/GEN_RD[1].mbank_reg[0][17][54]/CE
-1.417	bd_i/card/inst/u/gcr.gkvaxi.u_kv/GEN_RD[1].ph_ch_reg[0]/C	bd_i/card/inst/u/gcr.gkvaxi.u_kv/GEN_RD[1].mbank_reg[0][17][55]/CE
-1.421	bd_i/card/inst/u/gcr.gkvaxi.u_kv/GEN_RD[1].ph_ch_reg[0]/C	bd_i/card/inst/u/gcr.gkvaxi.u_kv/GEN_RD[1].mbank_reg[0][14][100]/CE
-1.421	bd_i/card/inst/u/gcr.gkvaxi.u_kv/GEN_RD[1].ph_ch_reg[0]/C	bd_i/card/inst/u/gcr.gkvaxi.u_kv/GEN_RD[1].mbank_reg[0][14][76]/CE
-1.421	bd_i/card/inst/u/gcr.gkvaxi.u_kv/GEN_RD[1].ph_ch_reg[0]/C	bd_i/card/inst/u/gcr.gkvaxi.u_kv/GEN_RD[1].mbank_reg[0][14][94]/CE
-1.423	bd_i/card/inst/u/gcr.gkvaxi.u_kv/GEN_RD[1].ph_ch_reg[0]/C	bd_i/card/inst/u/gcr.gkvaxi.u_kv/GEN_RD[1].mbank_reg[0][0][120]/CE
-1.423	bd_i/card/inst/u/gcr.gkvaxi.u_kv/GEN_RD[1].ph_ch_reg[0]/C	bd_i/card/inst/u/gcr.gkvaxi.u_kv/GEN_RD[1].mbank_reg[0][0][124]/CE
-1.423	bd_i/card/inst/u/gcr.gkvaxi.u_kv/GEN_RD[1].ph_ch_reg[0]/C	bd_i/card/inst/u/gcr.gkvaxi.u_kv/GEN_RD[1].mbank_reg[0][18][104]/CE
-1.424	bd_i/card/inst/u/gcr.gkvaxi.u_kv/GEN_RD[1].ph_ch_reg[0]/C	bd_i/card/inst/u/gcr.gkvaxi.u_kv/GEN_RD[1].mbank_reg[0][11][112]/CE
-1.424	bd_i/card/inst/u/gcr.gkvaxi.u_kv/GEN_RD[1].ph_ch_reg[0]/C	bd_i/card/inst/u/gcr.gkvaxi.u_kv/GEN_RD[1].mbank_reg[0][11][57]/CE
-1.425	bd_i/card/inst/u/gcr.gkvaxi.u_kv/GEN_RD[1].ph_ch_reg[0]/C	bd_i/card/inst/u/gcr.gkvaxi.u_kv/GEN_RD[1].mbank_reg[0][14][112]/CE
-1.427	bd_i/card/inst/u/gcr.gkvaxi.u_kv/GEN_RD[1].ph_ch_reg[0]/C	bd_i/card/inst/u/gcr.gkvaxi.u_kv/GEN_RD[1].mbank_reg[0][18][108]/CE
-1.427	bd_i/card/inst/u/gcr.gkvaxi.u_kv/GEN_RD[1].ph_ch_reg[0]/C	bd_i/card/inst/u/gcr.gkvaxi.u_kv/GEN_RD[1].mbank_reg[0][18][77]/CE
-1.427	bd_i/card/inst/u/gcr.gkvaxi.u_kv/GEN_RD[1].ph_ch_reg[0]/C	bd_i/card/inst/u/gcr.gkvaxi.u_kv/GEN_RD[1].mbank_reg[0][18][92]/CE
-1.429	bd_i/card/inst/u/gcr.gkvaxi.u_kv/GEN_RD[1].ph_ch_reg[0]/C	bd_i/card/inst/u/gcr.gkvaxi.u_kv/GEN_RD[1].mbank_reg[0][0][113]/CE
-1.429	bd_i/card/inst/u/gcr.gkvaxi.u_kv/GEN_RD[1].ph_ch_reg[0]/C	bd_i/card/inst/u/gcr.gkvaxi.u_kv/GEN_RD[1].mbank_reg[0][12][113]/CE
-1.429	bd_i/card/inst/u/gcr.gkvaxi.u_kv/GEN_RD[1].ph_ch_reg[0]/C	bd_i/card/inst/u/gcr.gkvaxi.u_kv/GEN_RD[1].mbank_reg[0][12][116]/CE
-1.429	bd_i/card/inst/u/gcr.gkvaxi.u_kv/GEN_RD[1].ph_ch_reg[0]/C	bd_i/card/inst/u/gcr.gkvaxi.u_kv/GEN_RD[1].mbank_reg[0][14][28]/CE
-1.429	bd_i/card/inst/u/gcr.gkvaxi.u_kv/GEN_RD[1].ph_ch_reg[0]/C	bd_i/card/inst/u/gcr.gkvaxi.u_kv/GEN_RD[1].mbank_reg[0][14][54]/CE
-1.432	bd_i/card/inst/u/gcr.gkvaxi.u_kv/GEN_RD[1].ph_ch_reg[0]/C	bd_i/card/inst/u/gcr.gkvaxi.u_kv/GEN_RD[1].mbank_reg[0][17][112]/CE
-1.432	bd_i/card/inst/u/gcr.gkvaxi.u_kv/GEN_RD[1].ph_ch_reg[0]/C	bd_i/card/inst/u/gcr.gkvaxi.u_kv/GEN_RD[1].mbank_reg[0][17][52]/CE
-1.433	bd_i/card/inst/u/gcr.gkvaxi.u_kv/GEN_RD[1].ph_ch_reg[0]/C	bd_i/card/inst/u/gcr.gkvaxi.u_kv/GEN_RD[1].mbank_reg[0][17][6]/CE
-1.434	bd_i/card/inst/u/gcr.gkvaxi.u_kv/GEN_RD[1].ph_ch_reg[0]/C	bd_i/card/inst/u/gcr.gkvaxi.u_kv/GEN_RD[1].mbank_reg[0][0][55]/CE
-1.438	bd_i/card/inst/u/gcr.gkvaxi.u_kv/GEN_RD[1].ph_ch_reg[0]/C	bd_i/card/inst/u/gcr.gkvaxi.u_kv/GEN_RD[1].mbank_reg[0][18][36]/CE
-1.438	bd_i/card/inst/u/gcr.gkvaxi.u_kv/GEN_RD[1].ph_ch_reg[0]/C	bd_i/card/inst/u/gcr.gkvaxi.u_kv/GEN_RD[1].mbank_reg[0][18][51]/CE
-1.439	bd_i/card/inst/u/gcr.gkvaxi.u_kv/GEN_RD[1].ph_ch_reg[0]/C	bd_i/card/inst/u/gcr.gkvaxi.u_kv/GEN_RD[1].mbank_reg[0][13][81]/CE
-1.440	bd_i/card/inst/u/gcr.gkvaxi.u_kv/GEN_RD[1].ph_ch_reg[0]/C	bd_i/card/inst/u/gcr.gkvaxi.u_kv/GEN_RD[1].mbank_reg[0][14][107]/CE
-1.440	bd_i/card/inst/u/gcr.gkvaxi.u_kv/GEN_RD[1].ph_ch_reg[0]/C	bd_i/card/inst/u/gcr.gkvaxi.u_kv/GEN_RD[1].mbank_reg[0][14][26]/CE
-1.440	bd_i/card/inst/u/gcr.gkvaxi.u_kv/GEN_RD[1].ph_ch_reg[0]/C	bd_i/card/inst/u/gcr.gkvaxi.u_kv/GEN_RD[1].mbank_reg[0][18][0]/CE
-1.440	bd_i/card/inst/u/gcr.gkvaxi.u_kv/GEN_RD[1].ph_ch_reg[0]/C	bd_i/card/inst/u/gcr.gkvaxi.u_kv/GEN_RD[1].mbank_reg[0][18][5]/CE
-1.442	bd_i/card/inst/u/gcr.gkvaxi.u_kv/GEN_RD[1].ph_ch_reg[0]/C	bd_i/card/inst/u/gcr.gkvaxi.u_kv/GEN_RD[1].mbank_reg[0][15][103]/CE
-1.442	bd_i/card/inst/u/gcr.gkvaxi.u_kv/GEN_RD[1].ph_ch_reg[0]/C	bd_i/card/inst/u/gcr.gkvaxi.u_kv/GEN_RD[1].mbank_reg[0][15][104]/CE
-1.442	bd_i/card/inst/u/gcr.gkvaxi.u_kv/GEN_RD[1].ph_ch_reg[0]/C	bd_i/card/inst/u/gcr.gkvaxi.u_kv/GEN_RD[1].mbank_reg[0][15][87]/CE
-1.444	bd_i/card/inst/u/gcr.gkvaxi.u_kv/GEN_RD[1].ph_ch_reg[0]/C	bd_i/card/inst/u/gcr.gkvaxi.u_kv/GEN_RD[1].mbank_reg[0][0][115]/CE
-1.444	bd_i/card/inst/u/gcr.gkvaxi.u_kv/GEN_RD[1].ph_ch_reg[0]/C	bd_i/card/inst/u/gcr.gkvaxi.u_kv/GEN_RD[1].mbank_reg[0][0][117]/CE
-1.444	bd_i/card/inst/u/gcr.gkvaxi.u_kv/GEN_RD[1].ph_ch_reg[0]/C	bd_i/card/inst/u/gcr.gkvaxi.u_kv/GEN_RD[1].mbank_reg[0][0][119]/CE
-1.444	bd_i/card/inst/u/gcr.gkvaxi.u_kv/GEN_RD[1].ph_ch_reg[0]/C	bd_i/card/inst/u/gcr.gkvaxi.u_kv/GEN_RD[1].mbank_reg[0][0][52]/CE
-1.444	bd_i/card/inst/u/gcr.gkvaxi.u_kv/GEN_RD[1].ph_ch_reg[0]/C	bd_i/card/inst/u/gcr.gkvaxi.u_kv/GEN_RD[1].mbank_reg[0][15][98]/CE
-1.444	bd_i/card/inst/u/gcr.gkvaxi.u_kv/GEN_RD[1].ph_ch_reg[0]/C	bd_i/card/inst/u/gcr.gkvaxi.u_kv/GEN_RD[1].mbank_reg[0][19][79]/CE
-1.444	bd_i/card/inst/u/gcr.gkvaxi.u_kv/GEN_RD[1].ph_ch_reg[0]/C	bd_i/card/inst/u/gcr.gkvaxi.u_kv/GEN_RD[1].mbank_reg[0][19][83]/CE
-1.445	bd_i/card/inst/u/gcr.gkvaxi.u_kv/GEN_RD[1].ph_ch_reg[0]/C	bd_i/card/inst/u/gcr.gkvaxi.u_kv/GEN_RD[1].mbank_reg[0][0][72]/CE
-1.447	bd_i/card/inst/u/gcr.gkvaxi.u_kv/GEN_RD[1].ph_ch_reg[0]/C	bd_i/card/inst/u/gcr.gkvaxi.u_kv/GEN_RD[1].mbank_reg[0][17][66]/CE
-1.447	bd_i/card/inst/u/gcr.gkvaxi.u_kv/GEN_RD[1].ph_ch_reg[0]/C	bd_i/card/inst/u/gcr.gkvaxi.u_kv/GEN_RD[1].mbank_reg[0][17][76]/CE
-1.447	bd_i/card/inst/u/gcr.gkvaxi.u_kv/GEN_RD[1].ph_ch_reg[0]/C	bd_i/card/inst/u/gcr.gkvaxi.u_kv/GEN_RD[1].mbank_reg[0][18][42]/CE
-1.447	bd_i/card/inst/u/gcr.gkvaxi.u_kv/GEN_RD[1].ph_ch_reg[0]/C	bd_i/card/inst/u/gcr.gkvaxi.u_kv/GEN_RD[1].mbank_reg[0][18][46]/CE
-1.447	bd_i/card/inst/u/gcr.gkvaxi.u_kv/GEN_RD[1].ph_ch_reg[0]/C	bd_i/card/inst/u/gcr.gkvaxi.u_kv/GEN_RD[1].mbank_reg[0][18][59]/CE
-1.448	bd_i/card/inst/u/gcr.gkvaxi.u_kv/GEN_RD[1].ph_ch_reg[0]/C	bd_i/card/inst/u/gcr.gkvaxi.u_kv/GEN_RD[1].mbank_reg[0][18][53]/CE
-1.448	bd_i/card/inst/u/gcr.gkvaxi.u_kv/GEN_RD[1].ph_ch_reg[0]/C	bd_i/card/inst/u/gcr.gkvaxi.u_kv/GEN_RD[1].mbank_reg[0][18][91]/CE
-1.449	bd_i/card/inst/u/gcr.gkvaxi.u_kv/GEN_RD[1].ph_ch_reg[0]/C	bd_i/card/inst/u/gcr.gkvaxi.u_kv/GEN_RD[1].mbank_reg[0][15][24]/CE
-1.451	bd_i/card/inst/u/gcr.gkvaxi.u_kv/GEN_RD[1].ph_ch_reg[0]/C	bd_i/card/inst/u/gcr.gkvaxi.u_kv/GEN_RD[1].mbank_reg[0][10][13]/CE
-1.451	bd_i/card/inst/u/gcr.gkvaxi.u_kv/GEN_RD[1].ph_ch_reg[0]/C	bd_i/card/inst/u/gcr.gkvaxi.u_kv/GEN_RD[1].mbank_reg[0][10][15]/CE
-1.451	bd_i/card/inst/u/gcr.gkvaxi.u_kv/GEN_RD[1].ph_ch_reg[0]/C	bd_i/card/inst/u/gcr.gkvaxi.u_kv/GEN_RD[1].mbank_reg[0][10][1]/CE
-1.454	bd_i/card/inst/u/gcr.gkvaxi.u_kv/GEN_RD[1].ph_ch_reg[0]/C	bd_i/card/inst/u/gcr.gkvaxi.u_kv/GEN_RD[1].mbank_reg[0][18][18]/CE
-1.454	bd_i/card/inst/u/gcr.gkvaxi.u_kv/GEN_RD[1].ph_ch_reg[0]/C	bd_i/card/inst/u/gcr.gkvaxi.u_kv/GEN_RD[1].mbank_reg[0][18][25]/CE
-1.454	bd_i/card/inst/u/gcr.gkvaxi.u_kv/GEN_RD[1].ph_ch_reg[0]/C	bd_i/card/inst/u/gcr.gkvaxi.u_kv/GEN_RD[1].mbank_reg[0][18][99]/CE
-1.457	bd_i/card/inst/u/gcr.gkvaxi.u_kv/GEN_RD[1].ph_ch_reg[0]/C	bd_i/card/inst/u/gcr.gkvaxi.u_kv/GEN_RD[1].mbank_reg[0][13][79]/CE
-1.457	bd_i/card/inst/u/gcr.gkvaxi.u_kv/GEN_RD[1].ph_ch_reg[0]/C	bd_i/card/inst/u/gcr.gkvaxi.u_kv/GEN_RD[1].mbank_reg[0][13][83]/CE
-1.457	bd_i/card/inst/u/gcr.gkvaxi.u_kv/GEN_RD[1].ph_ch_reg[0]/C	bd_i/card/inst/u/gcr.gkvaxi.u_kv/GEN_RD[1].mbank_reg[0][15][1]/CE
-1.457	bd_i/card/inst/u/gcr.gkvaxi.u_kv/GEN_RD[1].ph_ch_reg[0]/C	bd_i/card/inst/u/gcr.gkvaxi.u_kv/GEN_RD[1].mbank_reg[0][15][41]/CE
-1.460	bd_i/card/inst/u/gcr.gkvaxi.u_kv/GEN_RD[1].ph_ch_reg[0]/C	bd_i/card/inst/u/gcr.gkvaxi.u_kv/GEN_RD[1].mbank_reg[0][17][116]/CE
-1.460	bd_i/card/inst/u/gcr.gkvaxi.u_kv/GEN_RD[1].ph_ch_reg[0]/C	bd_i/card/inst/u/gcr.gkvaxi.u_kv/GEN_RD[1].mbank_reg[0][17][57]/CE
-1.463	bd_i/card/inst/u/gcr.gkvaxi.u_kv/GEN_RD[1].ph_ch_reg[0]/C	bd_i/card/inst/u/gcr.gkvaxi.u_kv/GEN_RD[1].mbank_reg[0][18][27]/CE
-1.465	bd_i/card/inst/u/gcr.gkvaxi.u_kv/GEN_RD[1].ph_ch_reg[0]/C	bd_i/card/inst/u/gcr.gkvaxi.u_kv/GEN_RD[1].mbank_reg[0][15][65]/CE
-1.465	bd_i/card/inst/u/gcr.gkvaxi.u_kv/GEN_RD[1].ph_ch_reg[0]/C	bd_i/card/inst/u/gcr.gkvaxi.u_kv/GEN_RD[1].mbank_reg[0][15][81]/CE
-1.469	bd_i/card/inst/u/gcr.gkvaxi.u_kv/GEN_RD[1].ph_ch_reg[0]/C	bd_i/card/inst/u/gcr.gkvaxi.u_kv/GEN_RD[1].mbank_reg[0][13][112]/CE
-1.469	bd_i/card/inst/u/gcr.gkvaxi.u_kv/GEN_RD[1].ph_ch_reg[0]/C	bd_i/card/inst/u/gcr.gkvaxi.u_kv/GEN_RD[1].mbank_reg[0][13][114]/CE
-1.469	bd_i/card/inst/u/gcr.gkvaxi.u_kv/GEN_RD[1].ph_ch_reg[0]/C	bd_i/card/inst/u/gcr.gkvaxi.u_kv/GEN_RD[1].mbank_reg[0][13][120]/CE
-1.469	bd_i/card/inst/u/gcr.gkvaxi.u_kv/GEN_RD[1].ph_ch_reg[0]/C	bd_i/card/inst/u/gcr.gkvaxi.u_kv/GEN_RD[1].mbank_reg[0][13][126]/CE
-1.469	bd_i/card/inst/u/gcr.gkvaxi.u_kv/GEN_RD[1].ph_ch_reg[0]/C	bd_i/card/inst/u/gcr.gkvaxi.u_kv/GEN_RD[1].mbank_reg[0][13][76]/CE
-1.469	bd_i/card/inst/u/gcr.gkvaxi.u_kv/GEN_RD[1].ph_ch_reg[0]/C	bd_i/card/inst/u/gcr.gkvaxi.u_kv/GEN_RD[1].mbank_reg[0][17][48]/CE
-1.473	bd_i/card/inst/u/gcr.gkvaxi.u_kv/GEN_RD[1].ph_ch_reg[0]/C	bd_i/card/inst/u/gcr.gkvaxi.u_kv/GEN_RD[1].mbank_reg[0][12][115]/CE
-1.473	bd_i/card/inst/u/gcr.gkvaxi.u_kv/GEN_RD[1].ph_ch_reg[0]/C	bd_i/card/inst/u/gcr.gkvaxi.u_kv/GEN_RD[1].mbank_reg[0][12][118]/CE
-1.473	bd_i/card/inst/u/gcr.gkvaxi.u_kv/GEN_RD[1].ph_ch_reg[0]/C	bd_i/card/inst/u/gcr.gkvaxi.u_kv/GEN_RD[1].mbank_reg[0][12][127]/CE
-1.473	bd_i/card/inst/u/gcr.gkvaxi.u_kv/GEN_RD[1].ph_ch_reg[0]/C	bd_i/card/inst/u/gcr.gkvaxi.u_kv/GEN_RD[1].mbank_reg[0][12][33]/CE
-1.473	bd_i/card/inst/u/gcr.gkvaxi.u_kv/GEN_RD[1].ph_ch_reg[0]/C	bd_i/card/inst/u/gcr.gkvaxi.u_kv/GEN_RD[1].mbank_reg[0][12][35]/CE
-1.473	bd_i/card/inst/u/gcr.gkvaxi.u_kv/GEN_RD[1].ph_ch_reg[0]/C	bd_i/card/inst/u/gcr.gkvaxi.u_kv/GEN_RD[1].mbank_reg[0][12][36]/CE
-1.473	bd_i/card/inst/u/gcr.gkvaxi.u_kv/GEN_RD[1].ph_ch_reg[0]/C	bd_i/card/inst/u/gcr.gkvaxi.u_kv/GEN_RD[1].mbank_reg[0][12][54]/CE
-1.481	bd_i/card/inst/u/gcr.gkvaxi.u_kv/GEN_RD[1].ph_ch_reg[0]/C	bd_i/card/inst/u/gcr.gkvaxi.u_kv/GEN_RD[1].mbank_reg[0][14][114]/CE
-1.481	bd_i/card/inst/u/gcr.gkvaxi.u_kv/GEN_RD[1].ph_ch_reg[0]/C	bd_i/card/inst/u/gcr.gkvaxi.u_kv/GEN_RD[1].mbank_reg[0][14][52]/CE
-1.481	bd_i/card/inst/u/gcr.gkvaxi.u_kv/GEN_RD[1].ph_ch_reg[0]/C	bd_i/card/inst/u/gcr.gkvaxi.u_kv/GEN_RD[1].mbank_reg[0][14][57]/CE
-1.482	bd_i/card/inst/u/gcr.gkvaxi.u_kv/GEN_RD[1].ph_ch_reg[0]/C	bd_i/card/inst/u/gcr.gkvaxi.u_kv/GEN_RD[1].mbank_reg[0][15][23]/CE
-1.482	bd_i/card/inst/u/gcr.gkvaxi.u_kv/GEN_RD[1].ph_ch_reg[0]/C	bd_i/card/inst/u/gcr.gkvaxi.u_kv/GEN_RD[1].mbank_reg[0][18][107]/CE
-1.482	bd_i/card/inst/u/gcr.gkvaxi.u_kv/GEN_RD[1].ph_ch_reg[0]/C	bd_i/card/inst/u/gcr.gkvaxi.u_kv/GEN_RD[1].mbank_reg[0][18][26]/CE
-1.482	bd_i/card/inst/u/gcr.gkvaxi.u_kv/GEN_RD[1].ph_ch_reg[0]/C	bd_i/card/inst/u/gcr.gkvaxi.u_kv/GEN_RD[1].mbank_reg[0][18][83]/CE
-1.488	bd_i/card/inst/u/gcr.gkvaxi.u_kv/GEN_RD[1].ph_ch_reg[0]/C	bd_i/card/inst/u/gcr.gkvaxi.u_kv/GEN_RD[1].mbank_reg[0][11][118]/CE
-1.488	bd_i/card/inst/u/gcr.gkvaxi.u_kv/GEN_RD[1].ph_ch_reg[0]/C	bd_i/card/inst/u/gcr.gkvaxi.u_kv/GEN_RD[1].mbank_reg[0][11][119]/CE
-1.488	bd_i/card/inst/u/gcr.gkvaxi.u_kv/GEN_RD[1].ph_ch_reg[0]/C	bd_i/card/inst/u/gcr.gkvaxi.u_kv/GEN_RD[1].mbank_reg[0][11][52]/CE
-1.490	bd_i/card/inst/u/gcr.gkvaxi.u_kv/GEN_RD[1].ph_ch_reg[0]/C	bd_i/card/inst/u/gcr.gkvaxi.u_kv/GEN_RD[1].mbank_reg[0][11][25]/CE
-1.491	bd_i/card/inst/u/gcr.gkvaxi.u_kv/GEN_RD[1].ph_ch_reg[0]/C	bd_i/card/inst/u/gcr.gkvaxi.u_kv/GEN_RD[1].mbank_reg[0][15][32]/CE
-1.491	bd_i/card/inst/u/gcr.gkvaxi.u_kv/GEN_RD[1].ph_ch_reg[0]/C	bd_i/card/inst/u/gcr.gkvaxi.u_kv/GEN_RD[1].mbank_reg[0][15][38]/CE
-1.491	bd_i/card/inst/u/gcr.gkvaxi.u_kv/GEN_RD[1].ph_ch_reg[0]/C	bd_i/card/inst/u/gcr.gkvaxi.u_kv/GEN_RD[1].mbank_reg[0][15][42]/CE
-1.491	bd_i/card/inst/u/gcr.gkvaxi.u_kv/GEN_RD[1].ph_ch_reg[0]/C	bd_i/card/inst/u/gcr.gkvaxi.u_kv/GEN_RD[1].mbank_reg[0][15][49]/CE
-1.491	bd_i/card/inst/u/gcr.gkvaxi.u_kv/GEN_RD[1].ph_ch_reg[0]/C	bd_i/card/inst/u/gcr.gkvaxi.u_kv/GEN_RD[1].mbank_reg[0][17][58]/CE
-1.491	bd_i/card/inst/u/gcr.gkvaxi.u_kv/GEN_RD[1].ph_ch_reg[0]/C	bd_i/card/inst/u/gcr.gkvaxi.u_kv/GEN_RD[1].mbank_reg[0][17][63]/CE
-1.494	bd_i/card/inst/u/gcr.gkvaxi.u_kv/GEN_RD[1].ph_ch_reg[0]/C	bd_i/card/inst/u/gcr.gkvaxi.u_kv/GEN_RD[1].mbank_reg[0][10][77]/CE
-1.494	bd_i/card/inst/u/gcr.gkvaxi.u_kv/GEN_RD[1].ph_ch_reg[0]/C	bd_i/card/inst/u/gcr.gkvaxi.u_kv/GEN_RD[1].mbank_reg[0][10][92]/CE
-1.494	bd_i/card/inst/u/gcr.gkvaxi.u_kv/GEN_RD[1].ph_ch_reg[0]/C	bd_i/card/inst/u/gcr.gkvaxi.u_kv/GEN_RD[1].mbank_reg[0][10][97]/CE
-1.494	bd_i/card/inst/u/gcr.gkvaxi.u_kv/GEN_RD[1].ph_ch_reg[0]/C	bd_i/card/inst/u/gcr.gkvaxi.u_kv/GEN_RD[1].mbank_reg[0][11][116]/CE
-1.497	bd_i/card/inst/u/gcr.gkvaxi.u_kv/GEN_RD[1].ph_ch_reg[0]/C	bd_i/card/inst/u/gcr.gkvaxi.u_kv/GEN_RD[1].mbank_reg[0][18][81]/CE
-1.499	bd_i/card/inst/u/gcr.gkvaxi.u_kv/GEN_RD[1].ph_ch_reg[0]/C	bd_i/card/inst/u/gcr.gkvaxi.u_kv/GEN_RD[1].mbank_reg[0][10][65]/CE
-1.499	bd_i/card/inst/u/gcr.gkvaxi.u_kv/GEN_RD[1].ph_ch_reg[0]/C	bd_i/card/inst/u/gcr.gkvaxi.u_kv/GEN_RD[1].mbank_reg[0][10][68]/CE
-1.499	bd_i/card/inst/u/gcr.gkvaxi.u_kv/GEN_RD[1].ph_ch_reg[0]/C	bd_i/card/inst/u/gcr.gkvaxi.u_kv/GEN_RD[1].mbank_reg[0][10][86]/CE
-1.499	bd_i/card/inst/u/gcr.gkvaxi.u_kv/GEN_RD[1].ph_ch_reg[0]/C	bd_i/card/inst/u/gcr.gkvaxi.u_kv/GEN_RD[1].mbank_reg[0][11][120]/CE
-1.499	bd_i/card/inst/u/gcr.gkvaxi.u_kv/GEN_RD[1].ph_ch_reg[0]/C	bd_i/card/inst/u/gcr.gkvaxi.u_kv/GEN_RD[1].mbank_reg[0][11][121]/CE
-1.499	bd_i/card/inst/u/gcr.gkvaxi.u_kv/GEN_RD[1].ph_ch_reg[0]/C	bd_i/card/inst/u/gcr.gkvaxi.u_kv/GEN_RD[1].mbank_reg[0][11][56]/CE
-1.499	bd_i/card/inst/u/gcr.gkvaxi.u_kv/GEN_RD[1].ph_ch_reg[0]/C	bd_i/card/inst/u/gcr.gkvaxi.u_kv/GEN_RD[1].mbank_reg[0][11][76]/CE
-1.499	bd_i/card/inst/u/gcr.gkvaxi.u_kv/GEN_RD[1].ph_ch_reg[0]/C	bd_i/card/inst/u/gcr.gkvaxi.u_kv/GEN_RD[1].mbank_reg[0][18][58]/CE
-1.500	bd_i/card/inst/u/gcr.gkvaxi.u_kv/GEN_RD[1].ph_ch_reg[0]/C	bd_i/card/inst/u/gcr.gkvaxi.u_kv/GEN_RD[1].mbank_reg[0][15][36]/CE
-1.501	bd_i/card/inst/u/gcr.gkvaxi.u_kv/GEN_RD[1].ph_ch_reg[0]/C	bd_i/card/inst/u/gcr.gkvaxi.u_kv/GEN_RD[1].mbank_reg[0][10][19]/CE
-1.501	bd_i/card/inst/u/gcr.gkvaxi.u_kv/GEN_RD[1].ph_ch_reg[0]/C	bd_i/card/inst/u/gcr.gkvaxi.u_kv/GEN_RD[1].mbank_reg[0][12][101]/CE
-1.501	bd_i/card/inst/u/gcr.gkvaxi.u_kv/GEN_RD[1].ph_ch_reg[0]/C	bd_i/card/inst/u/gcr.gkvaxi.u_kv/GEN_RD[1].mbank_reg[0][17][123]/CE
-1.501	bd_i/card/inst/u/gcr.gkvaxi.u_kv/GEN_RD[1].ph_ch_reg[0]/C	bd_i/card/inst/u/gcr.gkvaxi.u_kv/GEN_RD[1].mbank_reg[0][17][126]/CE
-1.501	bd_i/card/inst/u/gcr.gkvaxi.u_kv/GEN_RD[1].ph_ch_reg[0]/C	bd_i/card/inst/u/gcr.gkvaxi.u_kv/GEN_RD[1].mbank_reg[0][17][67]/CE
-1.503	bd_i/card/inst/u/gcr.gkvaxi.u_kv/GEN_RD[1].ph_ch_reg[0]/C	bd_i/card/inst/u/gcr.gkvaxi.u_kv/GEN_RD[1].mbank_reg[0][11][26]/CE
-1.506	bd_i/card/inst/u/gcr.gkvaxi.u_kv/GEN_RD[1].ph_ch_reg[0]/C	bd_i/card/inst/u/gcr.gkvaxi.u_kv/GEN_RD[1].mbank_reg[0][12][16]/CE
-1.507	bd_i/card/inst/u/gcr.gkvaxi.u_kv/GEN_RD[1].ph_ch_reg[0]/C	bd_i/card/inst/u/gcr.gkvaxi.u_kv/GEN_RD[1].mbank_reg[0][15][91]/CE
-1.507	bd_i/card/inst/u/gcr.gkvaxi.u_kv/GEN_RD[1].ph_ch_reg[0]/C	bd_i/card/inst/u/gcr.gkvaxi.u_kv/GEN_RD[1].mbank_reg[0][18][16]/CE
-1.507	bd_i/card/inst/u/gcr.gkvaxi.u_kv/GEN_RD[1].ph_ch_reg[0]/C	bd_i/card/inst/u/gcr.gkvaxi.u_kv/GEN_RD[1].mbank_reg[0][18][34]/CE
-1.507	bd_i/card/inst/u/gcr.gkvaxi.u_kv/GEN_RD[1].ph_ch_reg[0]/C	bd_i/card/inst/u/gcr.gkvaxi.u_kv/GEN_RD[1].mbank_reg[0][18][80]/CE
-1.515	bd_i/card/inst/u/gcr.gkvaxi.u_kv/GEN_RD[1].ph_ch_reg[0]/C	bd_i/card/inst/u/gcr.gkvaxi.u_kv/GEN_RD[1].mbank_reg[0][11][115]/CE
-1.515	bd_i/card/inst/u/gcr.gkvaxi.u_kv/GEN_RD[1].ph_ch_reg[0]/C	bd_i/card/inst/u/gcr.gkvaxi.u_kv/GEN_RD[1].mbank_reg[0][11][117]/CE
-1.515	bd_i/card/inst/u/gcr.gkvaxi.u_kv/GEN_RD[1].ph_ch_reg[0]/C	bd_i/card/inst/u/gcr.gkvaxi.u_kv/GEN_RD[1].mbank_reg[0][11][122]/CE
-1.516	bd_i/card/inst/u/gcr.gkvaxi.u_kv/GEN_RD[1].ph_ch_reg[0]/C	bd_i/card/inst/u/gcr.gkvaxi.u_kv/GEN_RD[1].mbank_reg[0][0][13]/CE
-1.516	bd_i/card/inst/u/gcr.gkvaxi.u_kv/GEN_RD[1].ph_ch_reg[0]/C	bd_i/card/inst/u/gcr.gkvaxi.u_kv/GEN_RD[1].mbank_reg[0][15][19]/CE
-1.516	bd_i/card/inst/u/gcr.gkvaxi.u_kv/GEN_RD[1].ph_ch_reg[0]/C	bd_i/card/inst/u/gcr.gkvaxi.u_kv/GEN_RD[1].mbank_reg[0][15][68]/CE
-1.516	bd_i/card/inst/u/gcr.gkvaxi.u_kv/GEN_RD[1].ph_ch_reg[0]/C	bd_i/card/inst/u/gcr.gkvaxi.u_kv/GEN_RD[1].mbank_reg[0][15][95]/CE
-1.517	bd_i/card/inst/u/gcr.gkvaxi.u_kv/GEN_RD[1].ph_ch_reg[0]/C	bd_i/card/inst/u/gcr.gkvaxi.u_kv/GEN_RD[1].mbank_reg[0][18][86]/CE
-1.518	bd_i/card/inst/u/gcr.gkvaxi.u_kv/GEN_RD[1].ph_ch_reg[0]/C	bd_i/card/inst/u/gcr.gkvaxi.u_kv/GEN_RD[1].mbank_reg[0][0][0]/CE
-1.523	bd_i/card/inst/u/gcr.gkvaxi.u_kv/GEN_RD[1].ph_ch_reg[0]/C	bd_i/card/inst/u/gcr.gkvaxi.u_kv/GEN_RD[1].mbank_reg[0][11][101]/CE
-1.523	bd_i/card/inst/u/gcr.gkvaxi.u_kv/GEN_RD[1].ph_ch_reg[0]/C	bd_i/card/inst/u/gcr.gkvaxi.u_kv/GEN_RD[1].mbank_reg[0][11][79]/CE
-1.523	bd_i/card/inst/u/gcr.gkvaxi.u_kv/GEN_RD[1].ph_ch_reg[0]/C	bd_i/card/inst/u/gcr.gkvaxi.u_kv/GEN_RD[1].mbank_reg[0][11][94]/CE
-1.527	bd_i/card/inst/u/gcr.gkvaxi.u_kv/GEN_RD[1].ph_ch_reg[0]/C	bd_i/card/inst/u/gcr.gkvaxi.u_kv/GEN_RD[1].mbank_reg[0][0][1]/CE
-1.527	bd_i/card/inst/u/gcr.gkvaxi.u_kv/GEN_RD[1].ph_ch_reg[0]/C	bd_i/card/inst/u/gcr.gkvaxi.u_kv/GEN_RD[1].mbank_reg[0][0][5]/CE
-1.527	bd_i/card/inst/u/gcr.gkvaxi.u_kv/GEN_RD[1].ph_ch_reg[0]/C	bd_i/card/inst/u/gcr.gkvaxi.u_kv/GEN_RD[1].mbank_reg[0][0][6]/CE
-1.527	bd_i/card/inst/u/gcr.gkvaxi.u_kv/GEN_RD[1].ph_ch_reg[0]/C	bd_i/card/inst/u/gcr.gkvaxi.u_kv/GEN_RD[1].mbank_reg[0][0][89]/CE
-1.527	bd_i/card/inst/u/gcr.gkvaxi.u_kv/GEN_RD[1].ph_ch_reg[0]/C	bd_i/card/inst/u/gcr.gkvaxi.u_kv/GEN_RD[1].mbank_reg[0][12][109]/CE
-1.527	bd_i/card/inst/u/gcr.gkvaxi.u_kv/GEN_RD[1].ph_ch_reg[0]/C	bd_i/card/inst/u/gcr.gkvaxi.u_kv/GEN_RD[1].mbank_reg[0][12][123]/CE
-1.528	bd_i/card/inst/u/gcr.gkvaxi.u_kv/GEN_RD[1].ph_ch_reg[0]/C	bd_i/card/inst/u/gcr.gkvaxi.u_kv/GEN_RD[1].mbank_reg[0][17][113]/CE
-1.528	bd_i/card/inst/u/gcr.gkvaxi.u_kv/GEN_RD[1].ph_ch_reg[0]/C	bd_i/card/inst/u/gcr.gkvaxi.u_kv/GEN_RD[1].mbank_reg[0][17][61]/CE
-1.532	bd_i/card/inst/u/gcr.gkvaxi.u_kv/GEN_RD[1].ph_ch_reg[0]/C	bd_i/card/inst/u/gcr.gkvaxi.u_kv/GEN_RD[1].mbank_reg[0][12][107]/CE
-1.532	bd_i/card/inst/u/gcr.gkvaxi.u_kv/GEN_RD[1].ph_ch_reg[0]/C	bd_i/card/inst/u/gcr.gkvaxi.u_kv/GEN_RD[1].mbank_reg[0][12][26]/CE
-1.532	bd_i/card/inst/u/gcr.gkvaxi.u_kv/GEN_RD[1].ph_ch_reg[0]/C	bd_i/card/inst/u/gcr.gkvaxi.u_kv/GEN_RD[1].mbank_reg[0][12][94]/CE
-1.533	bd_i/card/inst/u/gcr.gkvaxi.u_kv/GEN_RD[1].ph_ch_reg[0]/C	bd_i/card/inst/u/gcr.gkvaxi.u_kv/GEN_RD[1].mbank_reg[0][14][72]/CE
-1.533	bd_i/card/inst/u/gcr.gkvaxi.u_kv/GEN_RD[1].ph_ch_reg[0]/C	bd_i/card/inst/u/gcr.gkvaxi.u_kv/GEN_RD[1].mbank_reg[0][14][78]/CE
-1.533	bd_i/card/inst/u/gcr.gkvaxi.u_kv/GEN_RD[1].ph_ch_reg[0]/C	bd_i/card/inst/u/gcr.gkvaxi.u_kv/GEN_RD[1].mbank_reg[0][14][79]/CE
-1.533	bd_i/card/inst/u/gcr.gkvaxi.u_kv/GEN_RD[1].ph_ch_reg[0]/C	bd_i/card/inst/u/gcr.gkvaxi.u_kv/GEN_RD[1].mbank_reg[0][14][83]/CE
-1.539	bd_i/card/inst/u/gcr.gkvaxi.u_kv/GEN_RD[1].ph_ch_reg[0]/C	bd_i/card/inst/u/gcr.gkvaxi.u_kv/GEN_RD[1].mbank_reg[0][12][83]/CE
-1.539	bd_i/card/inst/u/gcr.gkvaxi.u_kv/GEN_RD[1].ph_ch_reg[0]/C	bd_i/card/inst/u/gcr.gkvaxi.u_kv/GEN_RD[1].mbank_reg[0][14][86]/CE
-1.542	bd_i/card/inst/u/gcr.gkvaxi.u_kv/GEN_RD[1].ph_ch_reg[0]/C	bd_i/card/inst/u/gcr.gkvaxi.u_kv/GEN_RD[1].mbank_reg[0][13][121]/CE
-1.547	bd_i/card/inst/u/gcr.gkvaxi.u_kv/GEN_RD[1].ph_ch_reg[0]/C	bd_i/card/inst/u/gcr.gkvaxi.u_kv/GEN_RD[1].mbank_reg[0][17][107]/CE
-1.547	bd_i/card/inst/u/gcr.gkvaxi.u_kv/GEN_RD[1].ph_ch_reg[0]/C	bd_i/card/inst/u/gcr.gkvaxi.u_kv/GEN_RD[1].mbank_reg[0][17][78]/CE
-1.547	bd_i/card/inst/u/gcr.gkvaxi.u_kv/GEN_RD[1].ph_ch_reg[0]/C	bd_i/card/inst/u/gcr.gkvaxi.u_kv/GEN_RD[1].mbank_reg[0][17][94]/CE
-1.549	bd_i/card/inst/u/gcr.gkvaxi.u_kv/GEN_RD[1].ph_ch_reg[0]/C	bd_i/card/inst/u/gcr.gkvaxi.u_kv/GEN_RD[1].mbank_reg[0][10][106]/CE
-1.549	bd_i/card/inst/u/gcr.gkvaxi.u_kv/GEN_RD[1].ph_ch_reg[0]/C	bd_i/card/inst/u/gcr.gkvaxi.u_kv/GEN_RD[1].mbank_reg[0][10][117]/CE
-1.549	bd_i/card/inst/u/gcr.gkvaxi.u_kv/GEN_RD[1].ph_ch_reg[0]/C	bd_i/card/inst/u/gcr.gkvaxi.u_kv/GEN_RD[1].mbank_reg[0][10][119]/CE
-1.549	bd_i/card/inst/u/gcr.gkvaxi.u_kv/GEN_RD[1].ph_ch_reg[0]/C	bd_i/card/inst/u/gcr.gkvaxi.u_kv/GEN_RD[1].mbank_reg[0][10][122]/CE
-1.549	bd_i/card/inst/u/gcr.gkvaxi.u_kv/GEN_RD[1].ph_ch_reg[0]/C	bd_i/card/inst/u/gcr.gkvaxi.u_kv/GEN_RD[1].mbank_reg[0][10][124]/CE
-1.557	bd_i/card/inst/u/gcr.gkvaxi.u_kv/GEN_RD[1].ph_ch_reg[0]/C	bd_i/card/inst/u/gcr.gkvaxi.u_kv/GEN_RD[1].mbank_reg[0][15][117]/CE
-1.557	bd_i/card/inst/u/gcr.gkvaxi.u_kv/GEN_RD[1].ph_ch_reg[0]/C	bd_i/card/inst/u/gcr.gkvaxi.u_kv/GEN_RD[1].mbank_reg[0][15][118]/CE
-1.558	bd_i/card/inst/u/gcr.gkvaxi.u_kv/GEN_RD[1].ph_ch_reg[0]/C	bd_i/card/inst/u/gcr.gkvaxi.u_kv/GEN_RD[1].mbank_reg[0][10][81]/CE
-1.558	bd_i/card/inst/u/gcr.gkvaxi.u_kv/GEN_RD[1].ph_ch_reg[0]/C	bd_i/card/inst/u/gcr.gkvaxi.u_kv/GEN_RD[1].mbank_reg[0][10][93]/CE
-1.563	bd_i/card/inst/u/gcr.gkvaxi.u_kv/GEN_RD[1].ph_ch_reg[0]/C	bd_i/card/inst/u/gcr.gkvaxi.u_kv/GEN_RD[1].mbank_reg[0][10][125]/CE
-1.563	bd_i/card/inst/u/gcr.gkvaxi.u_kv/GEN_RD[1].ph_ch_reg[0]/C	bd_i/card/inst/u/gcr.gkvaxi.u_kv/GEN_RD[1].mbank_reg[0][10][56]/CE
-1.567	bd_i/card/inst/u/gcr.gkvaxi.u_kv/GEN_RD[1].ph_ch_reg[0]/C	bd_i/card/inst/u/gcr.gkvaxi.u_kv/GEN_RD[1].mbank_reg[0][18][118]/CE
-1.568	bd_i/card/inst/u/gcr.gkvaxi.u_kv/GEN_RD[1].ph_ch_reg[0]/C	bd_i/card/inst/u/gcr.gkvaxi.u_kv/GEN_RD[1].mbank_reg[0][19][43]/CE
-1.568	bd_i/card/inst/u/gcr.gkvaxi.u_kv/GEN_RD[1].ph_ch_reg[0]/C	bd_i/card/inst/u/gcr.gkvaxi.u_kv/GEN_RD[1].mbank_reg[0][19][46]/CE
-1.570	bd_i/card/inst/u/gcr.gkvaxi.u_kv/GEN_RD[1].ph_ch_reg[0]/C	bd_i/card/inst/u/gcr.gkvaxi.u_kv/GEN_RD[1].mbank_reg[0][12][117]/CE
-1.570	bd_i/card/inst/u/gcr.gkvaxi.u_kv/GEN_RD[1].ph_ch_reg[0]/C	bd_i/card/inst/u/gcr.gkvaxi.u_kv/GEN_RD[1].mbank_reg[0][12][119]/CE
-1.574	bd_i/card/inst/u/gcr.gkvaxi.u_kv/GEN_RD[1].ph_ch_reg[0]/C	bd_i/card/inst/u/gcr.gkvaxi.u_kv/GEN_RD[1].mbank_reg[0][10][112]/CE
-1.574	bd_i/card/inst/u/gcr.gkvaxi.u_kv/GEN_RD[1].ph_ch_reg[0]/C	bd_i/card/inst/u/gcr.gkvaxi.u_kv/GEN_RD[1].mbank_reg[0][10][114]/CE
-1.574	bd_i/card/inst/u/gcr.gkvaxi.u_kv/GEN_RD[1].ph_ch_reg[0]/C	bd_i/card/inst/u/gcr.gkvaxi.u_kv/GEN_RD[1].mbank_reg[0][10][57]/CE
-1.582	bd_i/card/inst/u/gcr.gkvaxi.u_kv/GEN_RD[1].ph_ch_reg[0]/C	bd_i/card/inst/u/gcr.gkvaxi.u_kv/GEN_RD[1].mbank_reg[0][15][4]/CE
-1.582	bd_i/card/inst/u/gcr.gkvaxi.u_kv/GEN_RD[1].ph_ch_reg[0]/C	bd_i/card/inst/u/gcr.gkvaxi.u_kv/GEN_RD[1].mbank_reg[0][15][71]/CE
-1.582	bd_i/card/inst/u/gcr.gkvaxi.u_kv/GEN_RD[1].ph_ch_reg[0]/C	bd_i/card/inst/u/gcr.gkvaxi.u_kv/GEN_RD[1].mbank_reg[0][15][7]/CE
-1.582	bd_i/card/inst/u/gcr.gkvaxi.u_kv/GEN_RD[1].ph_ch_reg[0]/C	bd_i/card/inst/u/gcr.gkvaxi.u_kv/GEN_RD[1].mbank_reg[0][15][8]/CE
-1.591	bd_i/card/inst/u/gcr.gkvaxi.u_kv/GEN_RD[1].ph_ch_reg[0]/C	bd_i/card/inst/u/gcr.gkvaxi.u_kv/GEN_RD[1].mbank_reg[0][10][108]/CE
-1.591	bd_i/card/inst/u/gcr.gkvaxi.u_kv/GEN_RD[1].ph_ch_reg[0]/C	bd_i/card/inst/u/gcr.gkvaxi.u_kv/GEN_RD[1].mbank_reg[0][10][84]/CE
-1.597	bd_i/card/inst/u/gcr.gkvaxi.u_kv/GEN_RD[1].ph_ch_reg[0]/C	bd_i/card/inst/u/gcr.gkvaxi.u_kv/GEN_RD[1].mbank_reg[0][18][48]/CE
-1.598	bd_i/card/inst/u/gcr.gkvaxi.u_kv/GEN_RD[1].ph_ch_reg[0]/C	bd_i/card/inst/u/gcr.gkvaxi.u_kv/GEN_RD[1].mbank_reg[0][18][94]/CE
-1.599	bd_i/card/inst/u/gcr.gkvaxi.u_kv/GEN_RD[1].ph_ch_reg[0]/C	bd_i/card/inst/u/gcr.gkvaxi.u_kv/GEN_RD[1].mbank_reg[0][18][109]/CE
-1.599	bd_i/card/inst/u/gcr.gkvaxi.u_kv/GEN_RD[1].ph_ch_reg[0]/C	bd_i/card/inst/u/gcr.gkvaxi.u_kv/GEN_RD[1].mbank_reg[0][18][123]/CE
-1.599	bd_i/card/inst/u/gcr.gkvaxi.u_kv/GEN_RD[1].ph_ch_reg[0]/C	bd_i/card/inst/u/gcr.gkvaxi.u_kv/GEN_RD[1].mbank_reg[0][18][125]/CE
-1.599	bd_i/card/inst/u/gcr.gkvaxi.u_kv/GEN_RD[1].ph_ch_reg[0]/C	bd_i/card/inst/u/gcr.gkvaxi.u_kv/GEN_RD[1].mbank_reg[0][18][127]/CE
-1.600	bd_i/card/inst/u/gcr.gkvaxi.u_kv/GEN_RD[1].ph_ch_reg[0]/C	bd_i/card/inst/u/gcr.gkvaxi.u_kv/GEN_RD[1].mbank_reg[0][18][8]/CE
-1.602	bd_i/card/inst/u/gcr.gkvaxi.u_kv/GEN_RD[1].ph_ch_reg[0]/C	bd_i/card/inst/u/gcr.gkvaxi.u_kv/GEN_RD[1].mbank_reg[0][18][110]/CE
-1.602	bd_i/card/inst/u/gcr.gkvaxi.u_kv/GEN_RD[1].ph_ch_reg[0]/C	bd_i/card/inst/u/gcr.gkvaxi.u_kv/GEN_RD[1].mbank_reg[0][18][117]/CE
-1.602	bd_i/card/inst/u/gcr.gkvaxi.u_kv/GEN_RD[1].ph_ch_reg[0]/C	bd_i/card/inst/u/gcr.gkvaxi.u_kv/GEN_RD[1].mbank_reg[0][18][119]/CE
-1.602	bd_i/card/inst/u/gcr.gkvaxi.u_kv/GEN_RD[1].ph_ch_reg[0]/C	bd_i/card/inst/u/gcr.gkvaxi.u_kv/GEN_RD[1].mbank_reg[0][18][121]/CE
-1.603	bd_i/card/inst/u/gcr.gkvaxi.u_kv/GEN_RD[1].ph_ch_reg[0]/C	bd_i/card/inst/u/gcr.gkvaxi.u_kv/GEN_RD[1].mbank_reg[0][18][66]/CE
-1.603	bd_i/card/inst/u/gcr.gkvaxi.u_kv/GEN_RD[1].ph_ch_reg[0]/C	bd_i/card/inst/u/gcr.gkvaxi.u_kv/GEN_RD[1].mbank_reg[0][18][76]/CE
-1.607	bd_i/card/inst/u/gcr.gkvaxi.u_kv/GEN_RD[1].ph_ch_reg[0]/C	bd_i/card/inst/u/gcr.gkvaxi.u_kv/GEN_RD[1].mbank_reg[0][18][6]/CE
-1.607	bd_i/card/inst/u/gcr.gkvaxi.u_kv/GEN_RD[1].ph_ch_reg[0]/C	bd_i/card/inst/u/gcr.gkvaxi.u_kv/GEN_RD[1].mbank_reg[0][18][89]/CE
-1.613	bd_i/card/inst/u/gcr.gkvaxi.u_kv/GEN_RD[1].ph_ch_reg[0]/C	bd_i/card/inst/u/gcr.gkvaxi.u_kv/GEN_RD[1].mbank_reg[0][13][107]/CE
-1.617	bd_i/card/inst/u/gcr.gkvaxi.u_kv/GEN_RD[1].ph_ch_reg[0]/C	bd_i/card/inst/u/gcr.gkvaxi.u_kv/GEN_RD[1].mbank_reg[0][11][124]/CE
-1.617	bd_i/card/inst/u/gcr.gkvaxi.u_kv/GEN_RD[1].ph_ch_reg[0]/C	bd_i/card/inst/u/gcr.gkvaxi.u_kv/GEN_RD[1].mbank_reg[0][11][28]/CE
-1.626	bd_i/card/inst/u/gcr.gkvaxi.u_kv/GEN_RD[1].ph_ch_reg[0]/C	bd_i/card/inst/u/gcr.gkvaxi.u_kv/GEN_RD[1].mbank_reg[0][15][106]/CE
-1.627	bd_i/card/inst/u/gcr.gkvaxi.u_kv/GEN_RD[1].ph_ch_reg[0]/C	bd_i/card/inst/u/gcr.gkvaxi.u_kv/GEN_RD[1].mbank_reg[0][15][119]/CE
-1.627	bd_i/card/inst/u/gcr.gkvaxi.u_kv/GEN_RD[1].ph_ch_reg[0]/C	bd_i/card/inst/u/gcr.gkvaxi.u_kv/GEN_RD[1].mbank_reg[0][15][127]/CE
-1.629	bd_i/card/inst/u/gcr.gkvaxi.u_kv/GEN_RD[1].ph_ch_reg[0]/C	bd_i/card/inst/u/gcr.gkvaxi.u_kv/GEN_RD[1].mbank_reg[0][12][100]/CE
-1.629	bd_i/card/inst/u/gcr.gkvaxi.u_kv/GEN_RD[1].ph_ch_reg[0]/C	bd_i/card/inst/u/gcr.gkvaxi.u_kv/GEN_RD[1].mbank_reg[0][12][108]/CE
-1.629	bd_i/card/inst/u/gcr.gkvaxi.u_kv/GEN_RD[1].ph_ch_reg[0]/C	bd_i/card/inst/u/gcr.gkvaxi.u_kv/GEN_RD[1].mbank_reg[0][12][86]/CE
-1.632	bd_i/card/inst/u/gcr.gkvaxi.u_kv/GEN_RD[1].ph_ch_reg[0]/C	bd_i/card/inst/u/gcr.gkvaxi.u_kv/GEN_RD[1].mbank_reg[0][12][120]/CE
-1.632	bd_i/card/inst/u/gcr.gkvaxi.u_kv/GEN_RD[1].ph_ch_reg[0]/C	bd_i/card/inst/u/gcr.gkvaxi.u_kv/GEN_RD[1].mbank_reg[0][12][56]/CE
-1.632	bd_i/card/inst/u/gcr.gkvaxi.u_kv/GEN_RD[1].ph_ch_reg[0]/C	bd_i/card/inst/u/gcr.gkvaxi.u_kv/GEN_RD[1].mbank_reg[0][12][67]/CE
-1.634	bd_i/card/inst/u/gcr.gkvaxi.u_kv/GEN_RD[1].ph_ch_reg[0]/C	bd_i/card/inst/u/gcr.gkvaxi.u_kv/GEN_RD[1].mbank_reg[0][18][54]/CE
-1.634	bd_i/card/inst/u/gcr.gkvaxi.u_kv/GEN_RD[1].ph_ch_reg[0]/C	bd_i/card/inst/u/gcr.gkvaxi.u_kv/GEN_RD[1].mbank_reg[0][18][57]/CE
-1.638	bd_i/card/inst/u/gcr.gkvaxi.u_kv/GEN_RD[1].ph_ch_reg[0]/C	bd_i/card/inst/u/gcr.gkvaxi.u_kv/GEN_RD[1].mbank_reg[0][11][113]/CE
-1.638	bd_i/card/inst/u/gcr.gkvaxi.u_kv/GEN_RD[1].ph_ch_reg[0]/C	bd_i/card/inst/u/gcr.gkvaxi.u_kv/GEN_RD[1].mbank_reg[0][11][55]/CE
-1.638	bd_i/card/inst/u/gcr.gkvaxi.u_kv/GEN_RD[1].ph_ch_reg[0]/C	bd_i/card/inst/u/gcr.gkvaxi.u_kv/GEN_RD[1].mbank_reg[0][11][61]/CE
-1.643	bd_i/card/inst/u/gcr.gkvaxi.u_kv/GEN_RD[1].ph_ch_reg[0]/C	bd_i/card/inst/u/gcr.gkvaxi.u_kv/GEN_RD[1].mbank_reg[0][12][122]/CE
-1.643	bd_i/card/inst/u/gcr.gkvaxi.u_kv/GEN_RD[1].ph_ch_reg[0]/C	bd_i/card/inst/u/gcr.gkvaxi.u_kv/GEN_RD[1].mbank_reg[0][12][124]/CE
-1.643	bd_i/card/inst/u/gcr.gkvaxi.u_kv/GEN_RD[1].ph_ch_reg[0]/C	bd_i/card/inst/u/gcr.gkvaxi.u_kv/GEN_RD[1].mbank_reg[0][12][55]/CE
-1.645	bd_i/card/inst/u/gcr.gkvaxi.u_kv/GEN_RD[1].ph_ch_reg[0]/C	bd_i/card/inst/u/gcr.gkvaxi.u_kv/GEN_RD[1].mbank_reg[0][17][79]/CE
-1.645	bd_i/card/inst/u/gcr.gkvaxi.u_kv/GEN_RD[1].ph_ch_reg[0]/C	bd_i/card/inst/u/gcr.gkvaxi.u_kv/GEN_RD[1].mbank_reg[0][17][83]/CE
-1.660	bd_i/card/inst/u/gcr.gkvaxi.u_kv/GEN_RD[1].ph_ch_reg[0]/C	bd_i/card/inst/u/gcr.gkvaxi.u_kv/GEN_RD[1].mbank_reg[0][15][53]/CE
-1.660	bd_i/card/inst/u/gcr.gkvaxi.u_kv/GEN_RD[1].ph_ch_reg[0]/C	bd_i/card/inst/u/gcr.gkvaxi.u_kv/GEN_RD[1].mbank_reg[0][15][90]/CE
-1.663	bd_i/card/inst/u/gcr.gkvaxi.u_kv/GEN_RD[1].ph_ch_reg[0]/C	bd_i/card/inst/u/gcr.gkvaxi.u_kv/GEN_RD[1].mbank_reg[0][10][66]/CE
-1.663	bd_i/card/inst/u/gcr.gkvaxi.u_kv/GEN_RD[1].ph_ch_reg[0]/C	bd_i/card/inst/u/gcr.gkvaxi.u_kv/GEN_RD[1].mbank_reg[0][10][76]/CE
-1.668	bd_i/card/inst/u/gcr.gkvaxi.u_kv/GEN_RD[1].ph_ch_reg[0]/C	bd_i/card/inst/u/gcr.gkvaxi.u_kv/GEN_RD[1].mbank_reg[0][15][97]/CE
-1.672	bd_i/card/inst/u/gcr.gkvaxi.u_kv/GEN_RD[1].ph_ch_reg[0]/C	bd_i/card/inst/u/gcr.gkvaxi.u_kv/GEN_RD[1].mbank_reg[0][15][116]/CE
-1.672	bd_i/card/inst/u/gcr.gkvaxi.u_kv/GEN_RD[1].ph_ch_reg[0]/C	bd_i/card/inst/u/gcr.gkvaxi.u_kv/GEN_RD[1].mbank_reg[0][15][52]/CE
-1.683	bd_i/card/inst/u/gcr.gkvaxi.u_kv/GEN_RD[1].ph_ch_reg[0]/C	bd_i/card/inst/u/gcr.gkvaxi.u_kv/GEN_RD[1].mbank_reg[0][18][120]/CE
-1.683	bd_i/card/inst/u/gcr.gkvaxi.u_kv/GEN_RD[1].ph_ch_reg[0]/C	bd_i/card/inst/u/gcr.gkvaxi.u_kv/GEN_RD[1].mbank_reg[0][18][56]/CE
-1.684	bd_i/card/inst/u/gcr.gkvaxi.u_kv/GEN_RD[1].ph_ch_reg[0]/C	bd_i/card/inst/u/gcr.gkvaxi.u_kv/GEN_RD[1].mbank_reg[0][15][93]/CE
-1.684	bd_i/card/inst/u/gcr.gkvaxi.u_kv/GEN_RD[1].ph_ch_reg[0]/C	bd_i/card/inst/u/gcr.gkvaxi.u_kv/GEN_RD[1].mbank_reg[0][18][93]/CE
-1.695	bd_i/card/inst/u/gcr.gkvaxi.u_kv/GEN_RD[1].ph_ch_reg[0]/C	bd_i/card/inst/u/gcr.gkvaxi.u_kv/GEN_RD[1].mbank_reg[0][18][43]/CE
-1.695	bd_i/card/inst/u/gcr.gkvaxi.u_kv/GEN_RD[1].ph_ch_reg[0]/C	bd_i/card/inst/u/gcr.gkvaxi.u_kv/GEN_RD[1].mbank_reg[0][18][49]/CE
-1.704	bd_i/card/inst/u/gcr.gkvaxi.u_kv/GEN_RD[1].ph_ch_reg[0]/C	bd_i/card/inst/u/gcr.gkvaxi.u_kv/GEN_RD[1].mbank_reg[0][11][107]/CE
-1.704	bd_i/card/inst/u/gcr.gkvaxi.u_kv/GEN_RD[1].ph_ch_reg[0]/C	bd_i/card/inst/u/gcr.gkvaxi.u_kv/GEN_RD[1].mbank_reg[0][11][72]/CE
-1.705	bd_i/card/inst/u/gcr.gkvaxi.u_kv/GEN_RD[1].ph_ch_reg[0]/C	bd_i/card/inst/u/gcr.gkvaxi.u_kv/GEN_RD[1].mbank_reg[0][15][30]/CE
-1.705	bd_i/card/inst/u/gcr.gkvaxi.u_kv/GEN_RD[1].ph_ch_reg[0]/C	bd_i/card/inst/u/gcr.gkvaxi.u_kv/GEN_RD[1].mbank_reg[0][15][31]/CE
-1.705	bd_i/card/inst/u/gcr.gkvaxi.u_kv/GEN_RD[1].ph_ch_reg[0]/C	bd_i/card/inst/u/gcr.gkvaxi.u_kv/GEN_RD[1].mbank_reg[0][15][44]/CE
-1.705	bd_i/card/inst/u/gcr.gkvaxi.u_kv/GEN_RD[1].ph_ch_reg[0]/C	bd_i/card/inst/u/gcr.gkvaxi.u_kv/GEN_RD[1].mbank_reg[0][15][45]/CE
-1.708	bd_i/card/inst/u/gcr.gkvaxi.u_kv/GEN_RD[1].ph_ch_reg[0]/C	bd_i/card/inst/u/gcr.gkvaxi.u_kv/GEN_RD[1].mbank_reg[0][15][124]/CE
-1.708	bd_i/card/inst/u/gcr.gkvaxi.u_kv/GEN_RD[1].ph_ch_reg[0]/C	bd_i/card/inst/u/gcr.gkvaxi.u_kv/GEN_RD[1].mbank_reg[0][15][28]/CE
-1.708	bd_i/card/inst/u/gcr.gkvaxi.u_kv/GEN_RD[1].ph_ch_reg[0]/C	bd_i/card/inst/u/gcr.gkvaxi.u_kv/GEN_RD[1].mbank_reg[0][15][55]/CE
-1.710	bd_i/card/inst/u/gcr.gkvaxi.u_kv/GEN_RD[1].ph_ch_reg[0]/C	bd_i/card/inst/u/gcr.gkvaxi.u_kv/GEN_RD[1].mbank_reg[0][12][72]/CE
-1.716	bd_i/card/inst/u/gcr.gkvaxi.u_kv/GEN_RD[1].ph_ch_reg[0]/C	bd_i/card/inst/u/gcr.gkvaxi.u_kv/GEN_RD[1].mbank_reg[0][10][116]/CE
-1.716	bd_i/card/inst/u/gcr.gkvaxi.u_kv/GEN_RD[1].ph_ch_reg[0]/C	bd_i/card/inst/u/gcr.gkvaxi.u_kv/GEN_RD[1].mbank_reg[0][10][61]/CE
-1.716	bd_i/card/inst/u/gcr.gkvaxi.u_kv/GEN_RD[1].ph_ch_reg[0]/C	bd_i/card/inst/u/gcr.gkvaxi.u_kv/GEN_RD[1].mbank_reg[0][15][40]/CE
-1.716	bd_i/card/inst/u/gcr.gkvaxi.u_kv/GEN_RD[1].ph_ch_reg[0]/C	bd_i/card/inst/u/gcr.gkvaxi.u_kv/GEN_RD[1].mbank_reg[0][15][63]/CE
-1.722	bd_i/card/inst/u/gcr.gkvaxi.u_kv/GEN_RD[1].ph_ch_reg[0]/C	bd_i/card/inst/u/gcr.gkvaxi.u_kv/GEN_RD[1].mbank_reg[0][12][78]/CE
-1.722	bd_i/card/inst/u/gcr.gkvaxi.u_kv/GEN_RD[1].ph_ch_reg[0]/C	bd_i/card/inst/u/gcr.gkvaxi.u_kv/GEN_RD[1].mbank_reg[0][12][79]/CE
-1.722	bd_i/card/inst/u/gcr.gkvaxi.u_kv/GEN_RD[1].ph_ch_reg[0]/C	bd_i/card/inst/u/gcr.gkvaxi.u_kv/GEN_RD[1].mbank_reg[0][18][79]/CE
-1.728	bd_i/card/inst/u/gcr.gkvaxi.u_kv/GEN_RD[1].ph_ch_reg[0]/C	bd_i/card/inst/u/gcr.gkvaxi.u_kv/GEN_RD[1].mbank_reg[0][18][124]/CE
-1.728	bd_i/card/inst/u/gcr.gkvaxi.u_kv/GEN_RD[1].ph_ch_reg[0]/C	bd_i/card/inst/u/gcr.gkvaxi.u_kv/GEN_RD[1].mbank_reg[0][18][126]/CE
-1.728	bd_i/card/inst/u/gcr.gkvaxi.u_kv/GEN_RD[1].ph_ch_reg[0]/C	bd_i/card/inst/u/gcr.gkvaxi.u_kv/GEN_RD[1].mbank_reg[0][18][67]/CE
-1.729	bd_i/card/inst/u/gcr.gkvaxi.u_kv/GEN_RD[1].ph_ch_reg[0]/C	bd_i/card/inst/u/gcr.gkvaxi.u_kv/GEN_RD[1].mbank_reg[0][10][109]/CE
-1.729	bd_i/card/inst/u/gcr.gkvaxi.u_kv/GEN_RD[1].ph_ch_reg[0]/C	bd_i/card/inst/u/gcr.gkvaxi.u_kv/GEN_RD[1].mbank_reg[0][10][67]/CE
-1.744	bd_i/card/inst/u/gcr.gkvaxi.u_kv/GEN_RD[1].ph_ch_reg[0]/C	bd_i/card/inst/u/gcr.gkvaxi.u_kv/GEN_RD[1].mbank_reg[0][11][78]/CE
-1.744	bd_i/card/inst/u/gcr.gkvaxi.u_kv/GEN_RD[1].ph_ch_reg[0]/C	bd_i/card/inst/u/gcr.gkvaxi.u_kv/GEN_RD[1].mbank_reg[0][11][83]/CE
-1.745	bd_i/card/inst/u/gcr.gkvaxi.u_kv/GEN_RD[1].ph_ch_reg[0]/C	bd_i/card/inst/u/gcr.gkvaxi.u_kv/GEN_RD[1].mbank_reg[0][18][115]/CE
-1.745	bd_i/card/inst/u/gcr.gkvaxi.u_kv/GEN_RD[1].ph_ch_reg[0]/C	bd_i/card/inst/u/gcr.gkvaxi.u_kv/GEN_RD[1].mbank_reg[0][18][122]/CE
-1.751	bd_i/card/inst/u/gcr.gkvaxi.u_kv/GEN_RD[1].ph_ch_reg[0]/C	bd_i/card/inst/u/gcr.gkvaxi.u_kv/GEN_RD[1].mbank_reg[0][18][112]/CE
-1.751	bd_i/card/inst/u/gcr.gkvaxi.u_kv/GEN_RD[1].ph_ch_reg[0]/C	bd_i/card/inst/u/gcr.gkvaxi.u_kv/GEN_RD[1].mbank_reg[0][18][114]/CE
-1.751	bd_i/card/inst/u/gcr.gkvaxi.u_kv/GEN_RD[1].ph_ch_reg[0]/C	bd_i/card/inst/u/gcr.gkvaxi.u_kv/GEN_RD[1].mbank_reg[0][18][52]/CE
-1.755	bd_i/card/inst/u/gcr.gkvaxi.u_kv/GEN_RD[1].ph_ch_reg[0]/C	bd_i/card/inst/u/gcr.gkvaxi.u_kv/GEN_RD[1].mbank_reg[0][10][113]/CE
-1.761	bd_i/card/inst/u/gcr.gkvaxi.u_kv/GEN_RD[1].ph_ch_reg[0]/C	bd_i/card/inst/u/gcr.gkvaxi.u_kv/GEN_RD[1].mbank_reg[0][10][100]/CE
-1.761	bd_i/card/inst/u/gcr.gkvaxi.u_kv/GEN_RD[1].ph_ch_reg[0]/C	bd_i/card/inst/u/gcr.gkvaxi.u_kv/GEN_RD[1].mbank_reg[0][10][107]/CE
-1.765	bd_i/card/inst/u/gcr.gkvaxi.u_kv/GEN_RD[1].ph_ch_reg[0]/C	bd_i/card/inst/u/gcr.gkvaxi.u_kv/GEN_RD[1].mbank_reg[0][10][72]/CE
-1.765	bd_i/card/inst/u/gcr.gkvaxi.u_kv/GEN_RD[1].ph_ch_reg[0]/C	bd_i/card/inst/u/gcr.gkvaxi.u_kv/GEN_RD[1].mbank_reg[0][10][78]/CE
-1.765	bd_i/card/inst/u/gcr.gkvaxi.u_kv/GEN_RD[1].ph_ch_reg[0]/C	bd_i/card/inst/u/gcr.gkvaxi.u_kv/GEN_RD[1].mbank_reg[0][10][79]/CE
-1.766	bd_i/card/inst/u/gcr.gkvaxi.u_kv/GEN_RD[1].ph_ch_reg[0]/C	bd_i/card/inst/u/gcr.gkvaxi.u_kv/GEN_RD[1].mbank_reg[0][15][115]/CE
-1.766	bd_i/card/inst/u/gcr.gkvaxi.u_kv/GEN_RD[1].ph_ch_reg[0]/C	bd_i/card/inst/u/gcr.gkvaxi.u_kv/GEN_RD[1].mbank_reg[0][15][54]/CE
-1.767	bd_i/card/inst/u/gcr.gkvaxi.u_kv/GEN_RD[1].ph_ch_reg[0]/C	bd_i/card/inst/u/gcr.gkvaxi.u_kv/GEN_RD[1].mbank_reg[0][10][115]/CE
-1.767	bd_i/card/inst/u/gcr.gkvaxi.u_kv/GEN_RD[1].ph_ch_reg[0]/C	bd_i/card/inst/u/gcr.gkvaxi.u_kv/GEN_RD[1].mbank_reg[0][10][55]/CE
-1.769	bd_i/card/inst/u/gcr.gkvaxi.u_kv/GEN_RD[1].ph_ch_reg[0]/C	bd_i/card/inst/u/gcr.gkvaxi.u_kv/GEN_RD[1].mbank_reg[0][15][125]/CE
-1.774	bd_i/card/inst/u/gcr.gkvaxi.u_kv/GEN_RD[1].ph_ch_reg[0]/C	bd_i/card/inst/u/gcr.gkvaxi.u_kv/GEN_RD[1].mbank_reg[0][15][101]/CE
-1.794	bd_i/card/inst/u/gcr.gkvaxi.u_kv/GEN_RD[1].ph_ch_reg[0]/C	bd_i/card/inst/u/gcr.gkvaxi.u_kv/GEN_RD[1].mbank_reg[0][12][61]/CE
-1.802	bd_i/card/inst/u/gcr.gkvaxi.u_kv/GEN_RD[1].ph_ch_reg[0]/C	bd_i/card/inst/u/gcr.gkvaxi.u_kv/GEN_RD[1].mbank_reg[0][15][110]/CE
-1.802	bd_i/card/inst/u/gcr.gkvaxi.u_kv/GEN_RD[1].ph_ch_reg[0]/C	bd_i/card/inst/u/gcr.gkvaxi.u_kv/GEN_RD[1].mbank_reg[0][15][122]/CE
-1.802	bd_i/card/inst/u/gcr.gkvaxi.u_kv/GEN_RD[1].ph_ch_reg[0]/C	bd_i/card/inst/u/gcr.gkvaxi.u_kv/GEN_RD[1].mbank_reg[0][15][123]/CE
-1.804	bd_i/card/inst/u/gcr.gkvaxi.u_kv/GEN_RD[1].ph_ch_reg[0]/C	bd_i/card/inst/u/gcr.gkvaxi.u_kv/GEN_RD[1].mbank_reg[0][18][101]/CE
-1.809	bd_i/card/inst/u/gcr.gkvaxi.u_kv/GEN_RD[1].ph_ch_reg[0]/C	bd_i/card/inst/u/gcr.gkvaxi.u_kv/GEN_RD[1].mbank_reg[0][10][101]/CE
-1.809	bd_i/card/inst/u/gcr.gkvaxi.u_kv/GEN_RD[1].ph_ch_reg[0]/C	bd_i/card/inst/u/gcr.gkvaxi.u_kv/GEN_RD[1].mbank_reg[0][10][94]/CE
-1.853	bd_i/card/inst/u/gcr.gkvaxi.u_kv/GEN_RD[1].ph_ch_reg[0]/C	bd_i/card/inst/u/gcr.gkvaxi.u_kv/GEN_RD[1].mbank_reg[0][10][127]/CE
-1.853	bd_i/card/inst/u/gcr.gkvaxi.u_kv/GEN_RD[1].ph_ch_reg[0]/C	bd_i/card/inst/u/gcr.gkvaxi.u_kv/GEN_RD[1].mbank_reg[0][10][52]/CE
-1.869	bd_i/card/inst/u/gcr.gkvaxi.u_kv/GEN_RD[1].ph_ch_reg[0]/C	bd_i/card/inst/u/gcr.gkvaxi.u_kv/GEN_RD[1].mbank_reg[0][15][107]/CE
-1.869	bd_i/card/inst/u/gcr.gkvaxi.u_kv/GEN_RD[1].ph_ch_reg[0]/C	bd_i/card/inst/u/gcr.gkvaxi.u_kv/GEN_RD[1].mbank_reg[0][15][83]/CE
-1.881	bd_i/card/inst/u/gcr.gkvaxi.u_kv/GEN_RD[1].ph_ch_reg[0]/C	bd_i/card/inst/u/gcr.gkvaxi.u_kv/GEN_RD[1].mbank_reg[0][15][112]/CE
-1.881	bd_i/card/inst/u/gcr.gkvaxi.u_kv/GEN_RD[1].ph_ch_reg[0]/C	bd_i/card/inst/u/gcr.gkvaxi.u_kv/GEN_RD[1].mbank_reg[0][15][67]/CE
-1.898	bd_i/card/inst/u/gcr.gkvaxi.u_kv/GEN_RD[1].ph_ch_reg[0]/C	bd_i/card/inst/u/gcr.gkvaxi.u_kv/GEN_RD[1].mbank_reg[0][15][120]/CE
-1.903	bd_i/card/inst/u/gcr.gkvaxi.u_kv/GEN_RD[1].ph_ch_reg[0]/C	bd_i/card/inst/u/gcr.gkvaxi.u_kv/GEN_RD[1].mbank_reg[0][15][114]/CE
-1.903	bd_i/card/inst/u/gcr.gkvaxi.u_kv/GEN_RD[1].ph_ch_reg[0]/C	bd_i/card/inst/u/gcr.gkvaxi.u_kv/GEN_RD[1].mbank_reg[0][15][57]/CE
-1.904	bd_i/card/inst/u/gcr.gkvaxi.u_kv/GEN_RD[1].ph_ch_reg[0]/C	bd_i/card/inst/u/gcr.gkvaxi.u_kv/GEN_RD[1].mbank_reg[0][15][113]/CE
-1.904	bd_i/card/inst/u/gcr.gkvaxi.u_kv/GEN_RD[1].ph_ch_reg[0]/C	bd_i/card/inst/u/gcr.gkvaxi.u_kv/GEN_RD[1].mbank_reg[0][15][61]/CE
-1.912	bd_i/card/inst/u/gcr.gkvaxi.u_kv/GEN_RD[1].ph_ch_reg[0]/C	bd_i/card/inst/u/gcr.gkvaxi.u_kv/GEN_RD[1].mbank_reg[0][15][109]/CE
-1.912	bd_i/card/inst/u/gcr.gkvaxi.u_kv/GEN_RD[1].ph_ch_reg[0]/C	bd_i/card/inst/u/gcr.gkvaxi.u_kv/GEN_RD[1].mbank_reg[0][15][126]/CE
-1.912	bd_i/card/inst/u/gcr.gkvaxi.u_kv/GEN_RD[1].ph_ch_reg[0]/C	bd_i/card/inst/u/gcr.gkvaxi.u_kv/GEN_RD[1].mbank_reg[0][15][72]/CE
-1.912	bd_i/card/inst/u/gcr.gkvaxi.u_kv/GEN_RD[1].ph_ch_reg[0]/C	bd_i/card/inst/u/gcr.gkvaxi.u_kv/GEN_RD[1].mbank_reg[0][15][86]/CE
-1.919	bd_i/card/inst/u/gcr.gkvaxi.u_kv/GEN_RD[1].ph_ch_reg[0]/C	bd_i/card/inst/u/gcr.gkvaxi.u_kv/GEN_RD[1].mbank_reg[0][18][116]/CE
-1.919	bd_i/card/inst/u/gcr.gkvaxi.u_kv/GEN_RD[1].ph_ch_reg[0]/C	bd_i/card/inst/u/gcr.gkvaxi.u_kv/GEN_RD[1].mbank_reg[0][18][28]/CE
-1.919	bd_i/card/inst/u/gcr.gkvaxi.u_kv/GEN_RD[1].ph_ch_reg[0]/C	bd_i/card/inst/u/gcr.gkvaxi.u_kv/GEN_RD[1].mbank_reg[0][18][55]/CE
-1.942	bd_i/card/inst/u/gcr.gkvaxi.u_kv/GEN_RD[1].ph_ch_reg[0]/C	bd_i/card/inst/u/gcr.gkvaxi.u_kv/GEN_RD[1].mbank_reg[0][15][77]/CE
-1.942	bd_i/card/inst/u/gcr.gkvaxi.u_kv/GEN_RD[1].ph_ch_reg[0]/C	bd_i/card/inst/u/gcr.gkvaxi.u_kv/GEN_RD[1].mbank_reg[0][15][84]/CE
-1.942	bd_i/card/inst/u/gcr.gkvaxi.u_kv/GEN_RD[1].ph_ch_reg[0]/C	bd_i/card/inst/u/gcr.gkvaxi.u_kv/GEN_RD[1].mbank_reg[0][15][92]/CE
-1.956	bd_i/card/inst/u/gcr.gkvaxi.u_kv/GEN_RD[1].ph_ch_reg[0]/C	bd_i/card/inst/u/gcr.gkvaxi.u_kv/GEN_RD[1].mbank_reg[0][18][72]/CE
-1.956	bd_i/card/inst/u/gcr.gkvaxi.u_kv/GEN_RD[1].ph_ch_reg[0]/C	bd_i/card/inst/u/gcr.gkvaxi.u_kv/GEN_RD[1].mbank_reg[0][18][78]/CE
-1.967	bd_i/card/inst/u/gcr.gkvaxi.u_kv/GEN_RD[1].ph_ch_reg[0]/C	bd_i/card/inst/u/gcr.gkvaxi.u_kv/GEN_RD[1].mbank_reg[0][10][120]/CE
-1.967	bd_i/card/inst/u/gcr.gkvaxi.u_kv/GEN_RD[1].ph_ch_reg[0]/C	bd_i/card/inst/u/gcr.gkvaxi.u_kv/GEN_RD[1].mbank_reg[0][10][121]/CE
-1.967	bd_i/card/inst/u/gcr.gkvaxi.u_kv/GEN_RD[1].ph_ch_reg[0]/C	bd_i/card/inst/u/gcr.gkvaxi.u_kv/GEN_RD[1].mbank_reg[0][10][26]/CE
-1.981	bd_i/card/inst/u/gcr.gkvaxi.u_kv/GEN_RD[1].ph_ch_reg[0]/C	bd_i/card/inst/u/gcr.gkvaxi.u_kv/GEN_RD[1].mbank_reg[0][18][61]/CE
-1.988	bd_i/card/inst/u/gcr.gkvaxi.u_kv/GEN_RD[1].ph_ch_reg[0]/C	bd_i/card/inst/u/gcr.gkvaxi.u_kv/GEN_RD[1].mbank_reg[0][15][121]/CE
-1.988	bd_i/card/inst/u/gcr.gkvaxi.u_kv/GEN_RD[1].ph_ch_reg[0]/C	bd_i/card/inst/u/gcr.gkvaxi.u_kv/GEN_RD[1].mbank_reg[0][15][66]/CE
-1.994	bd_i/card/inst/u/gcr.gkvaxi.u_kv/GEN_RD[1].ph_ch_reg[0]/C	bd_i/card/inst/u/gcr.gkvaxi.u_kv/GEN_RD[1].mbank_reg[0][18][113]/CE
-2.003	bd_i/card/inst/u/gcr.gkvaxi.u_kv/GEN_RD[1].ph_ch_reg[0]/C	bd_i/card/inst/u/gcr.gkvaxi.u_kv/GEN_RD[1].mbank_reg[0][15][100]/CE
-2.003	bd_i/card/inst/u/gcr.gkvaxi.u_kv/GEN_RD[1].ph_ch_reg[0]/C	bd_i/card/inst/u/gcr.gkvaxi.u_kv/GEN_RD[1].mbank_reg[0][15][108]/CE
-2.003	bd_i/card/inst/u/gcr.gkvaxi.u_kv/GEN_RD[1].ph_ch_reg[0]/C	bd_i/card/inst/u/gcr.gkvaxi.u_kv/GEN_RD[1].mbank_reg[0][15][26]/CE
-2.003	bd_i/card/inst/u/gcr.gkvaxi.u_kv/GEN_RD[1].ph_ch_reg[0]/C	bd_i/card/inst/u/gcr.gkvaxi.u_kv/GEN_RD[1].mbank_reg[0][15][76]/CE
-2.089	bd_i/card/inst/u/gcr.gkvaxi.u_kv/GEN_RD[1].ph_ch_reg[0]/C	bd_i/card/inst/u/gcr.gkvaxi.u_kv/GEN_RD[1].mbank_reg[0][15][56]/CE
-2.099	bd_i/card/inst/u/gcr.gkvaxi.u_kv/GEN_RD[1].ph_ch_reg[0]/C	bd_i/card/inst/u/gcr.gkvaxi.u_kv/GEN_RD[1].mbank_reg[0][15][79]/CE
-2.128	bd_i/card/inst/u/gcr.gkvaxi.u_kv/GEN_RD[1].ph_ch_reg[0]/C	bd_i/card/inst/u/gcr.gkvaxi.u_kv/GEN_RD[1].mbank_reg[0][15][78]/CE
-2.131	bd_i/card/inst/u/gcr.gkvaxi.u_kv/GEN_RD[1].ph_ch_reg[0]/C	bd_i/card/inst/u/gcr.gkvaxi.u_kv/GEN_RD[1].mbank_reg[0][15][94]/CE
