D52B
51A7
197E
317E
EF5E
219D
0165
03B3
05CD
1F01
E5C0
B6F4
2837
D284
E172
2935
E1A0
18FD
8001
2A5A
631F
9D5F
2CF5
5B60
D15C
FFB0
9376
0FD9
E33B
18D4
F82E
DEA3
EA95
C414
010D
7D61
F429
0AC6
992C
1D17
CF70
0E9F
DB43
0A37
F857
F3B1
CB2E
0C7C
028A
E414
1643
CF8C
13EF
37ED
F72E
20FE
ED50
FE49
9E3E
55E7
10A4
DCC6
EC0B
C57B
EB38
AA4E
6323
D394
DD38
FCE9
E4A9
290C
1139
1311
C5CD
CC4B
0ED0
CBA1
066B
D774
D8A4
51D9
E9F3
B939
FFF9
F432
E91A
09B7
FE7B
FBDA
2D97
2226
EC77
18E1
6275
D427
FF44
7FFF
3F7D
1EDE
2D03
DD39
FF51
D662
2204
16EF
27DF
0AC1
CC88
CC9D
3A14
216F
CF2E
0D85
E7FA
E726
2056
D91D
0E62
DE6B
E8FE
D79B
8EE3
1E64
D989
393B
CE0C
064B
D52B
51AB
197C
317E
EF5B
219E
0166
03B4
05D0
1EFC
E5BD
B6F7
2837
D280
E174
2936
E1A2
18FC
8001
2A5B
6321
9D5F
2CF6
5B61
D159
FFA6
9376
0FD5
E339
18D0
F82B
DEA4
EA92
C411
0113
7D62
F424
0AC8
992E
1D15
CF72
0EA2
DB3E
0A36
F857
F3B3
CB38
0C7E
028A
E412
1640
CF8C
13F0
37F1
F72F
20FD
ED51
FE4B
9E39
55EB
10A5
DCC9
EC01
C57A
D52A
51A7
197F
317D
EF5A
219E
0166
03B0
05CF
1F00
E5C5
B6F4
2832
D281
E171
2935
E1A0
18FC
8001
2A59
6322
9D5C
2CF4
5B61
D15C
FFA6
9374
0FD7
E33B
18D7
F82B
DEA4
EA93
C417
0112
7D62
F424
0AC6
992E
1D17
CF71
0EA1
DB42
0A33
F856
F3B0
CB33
0C7C
028B
E412
1641
CF8D
13EF
37EC
F732
20FF
ED50
FE4C
9E3F
55EB
10A3
DCC6
EC0A
C57C
D529
51AD
197A
3180
EF55
219D
0168
03B2
05D1
1F02
E5BE
B6F4
2833
D27F
E171
2936
E1A1
18FF
8001
2A58
6325
9D5F
2CF4
5B62
D15C
FFA4
9373
0FD8
E338
18D3
F832
DEA4
EA92
C415
0113
7D64
F424
0AC7
9931
1D17
CF6E
0EA0
DB40
0A34
F852
F3B1
CB36
0C7C
0288
E411
1642
CF88
13EF
37EF
F732
20FC
ED50
FE4C
9E39
55E9
109F
DCC8
EC00
C57F
D52B
51AA
197D
317C
EF57
219E
0167
03B5
05D1
1F01
E5BA
B6F4
283B
D27D
E172
2936
E1A1
18FD
8001
2A5B
6325
9D61
2CF7
5B62
D15C
FFA5
9373
0FD7
E337
18D0
F831
DEA2
EA93
C413
0114
7D63
F425
0AC8
992B
1D16
CF6A
0EA5
DB45
0A37
F855
F3B4
CB35
0C81
0288
E411
1642
CF89
13F0
37F2
F72F
20FD
ED50
FE4B
9E36
55EF
10A2
DCCA
EC01
C57B
D52A
51A7
197E
317E
EF54
219D
0166
03B0
05CF
1F00
E5CA
B6FA
2839
D27E
E170
2936
E1A0
18FD
8001
2A57
6323
9D63
2CF4
5B5F
D15D
FFA2
9374
0FDB
E339
18D4
F82C
DEA5
EA96
C418
0110
7D5F
F423
0AC7
9928
1D16
CF70
0EA0
DB4C
0A33
F859
F3AF
CB33
0C7D
0288
E415
1646
CF8E
13ED
37E5
F736
20FE
ED4F
FE4B
9E40
55E6
10A1
DCC5
EC09
C580
D529
51AB
197D
317F
EF5C
219E
0166
03B6
05D0
1EFD
E5C3
B6F5
2835
D27F
E173
2937
E1A1
18FC
8001
2A5A
6324
9D61
2CF8
5B63
D15C
FFA7
9376
0FD6
E33A
18D6
F82C
DEA4
EA91
C40C
0111
7D63
F427
0AC8
9935
1D16
CF6C
0E9E
DB3B
0A37
F854
F3AF
CB35
0C7B
0289
E410
1643
CF8C
13F1
37EE
F733
2100
ED4E
FE4D
9E37
55EA
10A3
DCC5
EC03
C580
D52A
51AA
197E
317F
EF57
219F
0166
03B5
05D1
1EFD
E5C1
B6F3
2836
D27F
E172
2938
E1A2
18FE
8001
2A5C
6324
9D5B
2CF6
5B63
D159
FFA7
9373
0FD7
E338
18D4
F829
DEA3
EA92
C414
0114
7D66
F427
0AC8
9927
1D16
CF6F
0EA4
DB41
0A35
F856
F3B2
CB35
0C80
028B
E412
1640
CF8B
13F2
37EE
F72F
20FE
ED52
FE4A
9E36
55ED
10A4
DCC7
EC04
C579
D52A
51A7
197F
3181
EF56
219E
0164
03B6
05CF
1EFB
E5C5
B6FB
283A
D27B
E16F
2937
E19D
18FD
8001
2A58
6326
9D5C
2CF5
5B62
D159
FFA5
9371
0FD4
E33A
18D4
F829
DEA4
EA91
C412
010D
7D66
F422
0AC6
992C
1D16
CF6F
0EA2
DB44
0A35
F858
F3B3
CB35
0C81
0288
E412
1643
CF94
13EF
37EF
F733
2100
ED4F
FE4D
9E3D
55EB
10A4
DCC8
EC09
C57B
D52A
51A9
197E
317C
EF55
219E
0166
03AF
05D0
1F02
E5C5
B6F5
2836
D27E
E170
2935
E19E
18FD
8001
2A58
6323
9D5E
2CF4
5B60
D15C
FFA4
9372
0FD7
E33D
18D4
F82C
DEA4
EA93
C419
0112
7D64
F423
0AC7
992A
1D16
CF71
0EA2
DB46
0A33
F855
F3B1
CB33
0C7D
0289
E414
1641
CF8C
13EF
37EC
F732
20FD
ED51
FE4C
9E3B
55E9
10A1
DCC5
EC04
C57C
D52A
51AF
197D
3182
EF57
219F
0166
03B3
05D1
1F03
E5BD
B6F5
283B
D27E
E170
2937
E19C
18FE
8001
2A5A
6328
9D5B
2CF7
5B64
D15B
FFA9
9371
0FD9
E33D
18D5
F830
DEA2
EA93
C416
010D
7D67
F423
0AC8
9927
1D17
CF6D
0EA0
DB42
0A35
F854
F3B4
CB31
0C7D
0287
E410
1646
CF89
13F0
37EE
F731
2100
ED51
FE4C
9E38
55EA
10A2
DCC4
EC05
C579
D5A1
536D
1F3F
2A43
F68F
2456
F991
0F80
046B
26CF
DF5E
AD80
30D6
CBFA
DA31
2B59
D99F
1B37
9425
2BA1
6A9E
A215
3586
6632
CBF8
0323
8A61
0E68
F19D
0F73
FCF8
D8D6
E217
C5AF
FB6A
7FFF
F364
07F2
832F
1E5A
C0C4
0A41
E88C
10E3
F8EA
FBDE
C57E
0579
FDC0
E0C1
0B54
C0AD
174C
3166
F56E
17AF
F489
F982
8E9F
4F1D
055D
DB49
E516
BBF2
EC7D
E6E3
21D9
1BB2
0F62
D058
EAF4
01F0
E3C2
FB94
20D9
0924
1974
BF99
F613
E34C
3F5F
56C8
369D
AF05
0E1E
E0A6
FD88
35A3
EB4A
072A
FE60
DB61
1880
594C
484D
C66A
D559
FCCF
0D2F
1A6C
14A4
DA0E
40A9
2821
F474
29D5
549B
1B15
0301
1C46
21FA
F8E5
048B
DF57
BA4A
0B55
4883
CE4C
D752
1687
F2A3
E7EA
0D6F
3137
4BF5
7FFF
DCB5
FEFD
D529
51AD
197A
3180
EF5B
219E
0166
03B4
05D1
1F00
E5BB
B6F3
2837
D280
E172
2937
E1A1
18FD
8001
2A5D
6323
9D5E
2CF8
5B62
D15A
FFAA
9376
0FD7
E33C
18D4
F82F
DEA4
EA93
C411
0111
7D65
F425
0AC9
992C
1D17
CF6E
0EA1
DB3C
0A37
F854
F3B1
CB34
0C7C
0289
E411
163F
CF8A
13F1
37EF
F72F
2100
ED51
FE4C
9E37
55EA
10A3
DCC8
EC00
C57C
D528
51AC
197B
3180
EF54
219F
0166
03BA
05D3
1F01
E5BD
B6FD
2837
D27A
E172
2938
E1A0
18FE
8001
2A59
632D
9D62
2CF8
5B64
D159
FFA7
9371
0FD5
E339
18D0
F832
DEA4
EA92
C412
0112
7D68
F421
0AC8
9933
1D16
CF6B
0EA1
DB38
0A36
F852
F3B3
CB37
0C7E
0289
E40F
1642
CF8A
13F0
37F1
F732
2100
ED50
FE4C
9E37
55EB
10A1
DCC7
EC00
C57F
D52B
51AA
197E
317A
EF57
219E
0166
03B5
05D1
1F00
E5BC
B6F6
2839
D27F
E173
2936
E1A0
18FD
8001
2A5B
6323
9D60
2CF8
5B62
D15A
FFA7
9376
0FD7
E339
18D2
F82D
DEA3
EA92
C415
0112
7D63
F426
0AC7
992B
1D16
CF6E
0EA5
DB41
0A36
F855
F3B3
CB36
0C7E
0289
E410
1641
CF8B
13F0
37EF
F730
20FE
ED51
FE4A
9E39
55ED
10A3
DCCA
EC03
C57C
D52A
51AA
197C
3182
EF52
219E
0163
03B7
05CE
1EFB
E5C5
B6FE
283C
D27B
E16F
2938
E19F
18FE
8001
2A57
6328
9D67
2CF3
5B60
D15A
FFA4
9374
0FD4
E33C
18D4
F82C
DEA6
EA93
C40B
0111
7D64
F421
0AC7
9931
1D17
CF70
0E9E
DB41
0A32
F858
F3B0
CB36
0C80
0289
E413
1645
CF94
13EE
37E9
F736
20FE
ED4C
FE4C
9E3C
55E6
10A1
DCC5
EC02
C581
D529
51AE
197A
317E
EF55
219F
0162
03B9
05D0
1EFB
E5BC
B6F9
283E
D27C
E171
2939
E1A0
18FE
8001
2A5B
632A
9D60
2CF8
5B64
D158
FFA6
9373
0FD4
E33D
18D1
F82E
DEA3
EA90
C40A
010D
7D69
F422
0AC8
992E
1D16
CF6E
0EA0
DB39
0A36
F857
F3B3
CB38
0C80
028A
E410
1644
CF90
13F0
37F0
F730
2102
ED4F
FE4C
9E39
55EA
10A3
DCC8
EC02
C57B
D529
51B0
197B
317F
EF55
219F
0164
03B5
05D2
1EFC
E5C1
B6F6
283C
D27B
E171
2939
E1A0
1900
8001
2A5B
632B
9D62
2CF7
5B66
D159
FFA5
9372
0FD8
E33C
18D4
F832
DEA3
EA92
C412
0111
7D69
F424
0AC8
9929
1D17
CF6B
0EA0
DB3E
0A34
F854
F3B1
CB38
0C7E
0288
E411
1647
CF8B
13F0
37ED
F733
2100
ED50
FE4C
9E36
55EB
10A0
DCC0
EC00
C57A
D52A
51AB
1979
317C
EF5D
219D
0161
03B8
05CC
1EFB
E5C2
B6FE
283B
D282
E173
2937
E1A2
18FE
8001
2A58
6323
9D6B
2CF5
5B5D
D15C
FFAB
9378
0FD3
E33B
18D0
F82D
DEA6
EA95
C40B
0110
7D61
F424
0AC8
9934
1D16
CF71
0E9E
DB40
0A34
F85A
F3AD
CB36
0C7E
0289
E413
1644
CF90
13EC
37E9
F731
20FE
ED4D
FE4B
9E3D
55E4
10A2
DCC5
EC02
C581
D52A
51AC
197F
317D
EF57
219E
0168
03B3
05D4
1EFF
E5C0
B6F6
2833
D27F
E172
2936
E1A0
18FC
8001
2A59
6324
9D60
2CF4
5B63
D15B
FFA4
9375
0FD6
E33C
18D5
F82F
DEA4
EA91
C40F
0114
7D64
F426
0AC7
9933
1D16
CF6D
0EA2
DB39
0A36
F851
F3B4
CB35
0C7C
0288
E412
1640
CF8E
13F0
37F1
F732
2100
ED50
FE4D
9E38
55ED
10A2
DCC9
EC01
C57E
D529
51AF
197A
3183
EF5B
219F
0167
03B3
05D2
1F03
E5BA
B6F6
283D
D27B
E171
2937
E19C
18FF
8001
2A5C
6326
9D5E
2CF7
5B67
D15A
FFAA
9373
0FDA
E33E
18D5
F830
DEA2
EA94
C413
010E
7D65
F425
0AC9
9927
1D17
CF6D
0EA2
DB3F
0A36
F854
F3B3
CB30
0C7F
0289
E410
1645
CF85
13EF
37ED
F730
2101
ED50
FE4A
9E34
55EB
10A3
DCC0
EC01
C579
D529
51AD
197B
317E
EF5B
219F
0165
03B6
05D1
1EFD
E5BB
B6F4
2837
D280
E173
2938
E1A4
18FD
8001
2A5E
6324
9D5F
2CF8
5B64
D15A
FFA8
9377
0FD5
E33A
18D1
F82F
DEA3
EA92
C40B
010F
7D68
F426
0ACA
9930
1D17
CF6E
0E9F
DB39
0A38
F855
F3B2
CB34
0C7D
0289
E410
1640
CF8B
13EF
37F1
F72E
2101
ED4E
FE4B
9E34
55EB
10A5
DCCC
EC00
C57C
D52B
51B0
1977
317D
EF58
219D
0160
03B9
05CF
1EFE
E5BE
B6F9
283C
D281
E173
2938
E1A5
18FD
8001
2A5B
6324
9D6B
2CF6
5B5F
D15C
FFAA
9378
0FD3
E338
18CD
F831
DEA6
EA93
C408
0114
7D63
F423
0AC9
9932
1D16
CF70
0E9D
DB3E
0A34
F858
F3B0
CB34
0C7D
028B
E410
1640
CF8C
13ED
37EC
F730
20FF
ED4F
FE4A
9E3B
55E7
10A0
DCCB
EBFF
C583
D52A
51AE
1977
317F
EF58
219D
0162
03B7
05CE
1EFF
E5BD
B6FB
283A
D280
E174
2937
E1A5
18FF
8001
2A59
6324
9D6D
2CF5
5B60
D15D
FFAF
9379
0FD5
E338
18CF
F831
DEA6
EA95
C40C
0115
7D5D
F423
0AC9
9933
1D14
CF71
0E9E
DB42
0A34
F857
F3B1
CB35
0C80
0289
E411
1642
CF89
13ED
37EB
F733
20FC
ED4E
FE4A
9E3D
55E6
109E
DCC6
EC00
C586
D529
51AB
197E
3181
EF5E
219F
0168
03B4
05D0
1EFE
E5BD
B6F5
2838
D27E
E172
2937
E1A0
18FD
8001
2A5C
6326
9D5B
2CF8
5B66
D15A
FFA8
9372
0FD8
E33A
18D4
F82E
DEA2
EA92
C40F
010D
7D67
F428
0AC8
992D
1D17
CF6B
0EA1
DB40
0A36
F855
F3B2
CB34
0C7E
0287
E413
1646
CF89
13F0
37F0
F730
20FF
ED4F
FE4B
9E34
55EC
10A5
DCC5
EC06
C579
D52B
51A9
197E
317D
EF5B
219E
0165
03B4
05D2
1EFC
E5C1
B6F9
2839
D27F
E172
2936
E19F
18FD
8001
2A59
6322
9D61
2CF5
5B63
D15B
FFA7
9378
0FD6
E33E
18D3
F82D
DEA4
EA93
C413
010F
7D63
F425
0AC8
9930
1D16
CF6F
0EA0
DB3D
0A36
F855
F3B2
CB36
0C7C
0287
E413
1644
CF8F
13EF
37EE
F732
2101
ED4E
FE4C
9E3C
55EA
10A4
DCC8
EC05
C57D
D528
51B0
197A
3180
EF54
219F
0167
03B5
05D3
1F01
E5BC
B6F8
283A
D27A
E172
2937
E19E
18FD
8001
2A59
632A
9D63
2CF9
5B67
D159
FFA6
9372
0FD9
E33A
18D3
F832
DEA3
EA94
C413
0116
7D66
F426
0AC8
992F
1D18
CF68
0EA2
DB3D
0A36
F851
F3B1
CB38
0C7D
0287
E410
1644
CF88
13EF
37F0
F733
20FE
ED50
FE4C
9E36
55EB
109F
DCC0
EBFF
C57D
D52A
51A9
197F
317B
EF59
219E
0165
03B3
05D0
1F01
E5BF
B6F5
283B
D280
E173
2936
E19D
18FD
8001
2A5A
6323
9D60
2CF8
5B64
D15B
FFA5
9374
0FD8
E33B
18D2
F82E
DEA3
EA95
C415
0112
7D63
F426
0AC8
9929
1D17
CF6B
0EA3
DB43
0A35
F856
F3B0
CB31
0C7D
0288
E411
1644
CF8A
13EF
37EE
F730
20FD
ED4F
FE4A
9E37
55EA
10A2
DCC6
EC05
C57D
D529
51AC
197C
317F
EF58
219D
0168
03B2
05D1
1F01
E5C1
B6F8
2835
D27E
E171
2936
E19F
18FE
8001
2A58
6324
9D61
2CF5
5B63
D15C
FFA7
9373
0FDA
E33B
18D4
F82F
DEA4
EA94
C414
0114
7D63
F425
0AC8
992E
1D16
CF6D
0EA0
DB42
0A34
F854
F3B1
CB35
0C7D
0289
E412
1645
CF84
13EF
37EC
F734
20FD
ED50
FE4C
9E3A
55E8
109F
DCC3
EC02
C580
D528
51AE
197F
3183
EF58
219F
0169
03B6
05D1
1F02
E5BE
B6F5
2832
D27D
E170
2939
E19F
18FE
8001
2A5A
632A
9D59
2CF7
5B65
D15A
FFA8
9370
0FD8
E33A
18D4
F82B
DEA2
EA91
C411
0110
7D69
F421
0AC9
992F
1D17
CF6D
0EA1
DB3F
0A36
F854
F3B1
CB37
0C7D
0288
E40F
1641
CF87
13F0
37F1
F733
2100
ED50
FE4D
9E35
55ED
10A3
DCC9
EC00
C57C
D52A
51A9
197D
317E
EF53
219F
0167
03B4
05D1
1F01
E5C1
B6F6
2834
D27F
E173
2937
E1A1
18FE
8001
2A59
6325
9D60
2CF6
5B63
D15C
FFA7
9373
0FD9
E336
18D1
F831
DEA3
EA93
C415
0116
7D63
F425
0AC8
9929
1D16
CF6E
0EA4
DB43
0A34
F854
F3B2
CB35
0C7D
0289
E410
1641
CF84
13EF
37EE
F732
20FD
ED51
FE4B
9E38
55EC
109F
DCC6
EC03
C57F
D52B
51A8
197B
3180
EF58
219E
0166
03B6
05D2
1EFF
E5BD
B6F8
2838
D280
E171
2936
E19E
18FC
8001
2A5A
6324
9D5E
2CF4
5B63
D15B
FFA8
9374
0FD6
E33D
18D4
F82E
DEA3
EA91
C412
010C
7D62
F423
0AC8
9931
1D15
CF6D
0EA0
DB3C
0A37
F854
F3B5
CB37
0C7A
028B
E410
1642
CF8C
13F1
37F1
F730
2101
ED50
FE4C
9E3B
55EB
10A3
DCCA
EC05
C57A
D52B
51AC
197C
317B
EF59
219D
0168
03B1
05D0
1F01
E5BE
B6F1
282F
D282
E173
2936
E1A4
18FE
8001
2A5A
6320
9D61
2CF5
5B60
D15D
FFA4
9376
0FD9
E339
18D3
F82C
DEA4
EA94
C415
011A
7D60
F425
0AC9
992E
1D16
CF70
0EA4
DB41
0A35
F854
F3B1
CB34
0C7E
0288
E412
163E
CF88
13F0
37ED
F732
20FC
ED51
FE4A
9E38
55EB
10A1
DCC7
EBFF
C57E
D52A
51AD
197B
3178
EF56
219E
0167
03B3
05D1
1F00
E5BD
B6F5
2838
D280
E174
2936
E1A2
18FE
8001
2A5A
6321
9D62
2CF5
5B60
D15B
FFA5
9375
0FD7
E338
18D1
F82F
DEA4
EA93
C415
0117
7D61
F424
0AC7
992C
1D16
CF71
0EA5
DB3F
0A35
F854
F3B2
CB35
0C7E
028B
E411
163F
CF89
13F1
37EF
F72F
20FB
ED51
FE4A
9E37
55EC
10A2
DCC9
EBFE
C57D
D52A
51AC
197A
317C
EF57
219E
0160
03BD
05CE
1EF9
E5C0
B6FD
2841
D27D
E172
293A
E1A4
18FE
8001
2A5A
632A
9D6A
2CF7
5B62
D159
FFA8
9375
0FD5
E338
18CF
F82C
DEA5
EA92
C408
0113
7D67
F421
0ACA
9932
1D15
CF6F
0E9E
DB3E
0A35
F857
F3B1
CB38
0C83
0288
E410
1646
CF8E
13EF
37ED
F733
20FE
ED4E
FE4B
9E3A
55E6
10A0
DCC5
EC00
C583
D52A
51AB
197F
317C
EF56
219E
0165
03B2
05D1
1EFB
E5C5
B6F8
2835
D27E
E172
2935
E1A3
18FD
8001
2A5A
6323
9D64
2CF6
5B61
D15B
FFA2
9374
0FD5
E337
18D4
F82A
DEA5
EA93
C414
0118
7D63
F426
0AC7
992E
1D16
CF6F
0EA1
DB40
0A35
F854
F3B0
CB35
0C7F
0288
E413
1641
CF8F
13EF
37EC
F733
20FD
ED50
FE4B
9E3B
55EA
10A1
DCC6
EC04
C580
D3D8
53D8
1C9B
2D3F
F38F
2335
FBBB
08C9
043B
242D
E422
AE30
30EF
C925
DC33
2B6E
DA5E
1A30
866F
2AFD
6812
9CA4
333A
633E
CDEA
FE35
8B79
0EC7
EB60
119F
FA5C
DAB2
E5D3
BEBB
FB08
7FFF
F3D3
09E0
8927
1D84
C9C2
0D28
E019
0E17
F9D6
F6D5
C899
076E
018B
E297
0EEB
C91A
16D8
3734
F841
1C9C
EFC1
FC40
9565
5483
0B41
DFB2
E9E4
BDF7
D52B
51AF
1977
317F
EF58
219E
0168
03B5
05D0
1F02
E5B5
B6F3
2838
D27E
E176
2935
E1A4
18FD
8001
2A5B
6321
9D65
2CF6
5B63
D15C
FFA6
9377
0FD5
E336
18CE
F833
DEA4
EA96
C40C
011B
7D62
F425
0AC8
9930
1D16
CF71
0EA4
DB3C
0A34
F854
F3B4
CB33
0C7F
0289
E410
1640
CF87
13EE
37F3
F72E
20FB
ED4F
FE4B
9E36
55ED
10A0
DCCA
EBF9
C580
D52B
51A7
1980
317C
EF59
219E
0166
03B1
05D2
1EFE
E5C2
B6F7
2835
D27F
E173
2936
E19C
18FC
8001
2A58
6323
9D5F
2CF6
5B63
D15C
FFA5
9375
0FD8
E341
18D8
F82C
DEA4
EA93
C418
010E
7D62
F425
0AC6
992E
1D16
CF6C
0EA2
DB3F
0A37
F854
F3B3
CB35
0C7A
0288
E411
1643
CF8C
13F0
37EE
F733
2101
ED51
FE4C
9E3C
55EA
10A3
DCC7
EC07
C57B
D52A
51AE
1978
3182
EF56
219F
0167
03B5
05D1
1F00
E5BB
B6FA
283C
D279
E171
2938
E19D
18FF
8001
2A5B
6328
9D5F
2CF7
5B65
D15B
FFA7
9375
0FD8
E33E
18D0
F82F
DEA3
EA94
C411
0110
7D64
F41F
0AC9
992A
1D16
CF6E
0EA0
DB40
0A35
F855
F3B2
CB37
0C7E
0289
E412
1645
CF89
13F0
37EE
F732
2100
ED50
FE4B
9E37
55EA
10A2
DCC5
EBFE
C57A
D52A
51AE
197D
3181
EF56
219F
0169
03B3
05D1
1F01
E5BC
B6F7
2836
D27C
E172
2937
E19F
18FE
8001
2A5A
6326
9D5D
2CF7
5B65
D15B
FFA6
9373
0FD9
E33B
18D3
F82C
DEA2
EA94
C416
0113
7D65
F422
0AC8
9926
1D15
CF6E
0EA6
DB43
0A35
F855
F3B2
CB33
0C7E
0288
E412
1641
CF89
13F0
37EE
F730
20FE
ED51
FE4A
9E35
55ED
10A2
DCC5
EBFF
C578
D52A
51AA
197E
3180
EF55
219D
0168
03B2
05D2
1F01
E5C4
B6FA
282D
D27D
E172
2935
E1A1
18FF
8001
2A55
6323
9D63
2CF3
5B5F
D15C
FFA1
9376
0FD6
E33A
18D4
F82B
DEA7
EA92
C416
0118
7D5F
F423
0AC8
9935
1D15
CF70
0EA2
DB40
0A33
F852
F3B0
CB3B
0C7E
0288
E413
163E
CF89
13F0
37EE
F736
20FD
ED50
FE4D
9E3C
55E9
109E
DCC8
EBFF
C584
D529
51AC
197D
3181
EF56
219F
0163
03B7
05D3
1EFE
E5C3
B6FD
283B
D27D
E170
2938
E19F
18FE
8001
2A59
632A
9D65
2CF6
5B63
D15B
FFA6
9372
0FD8
E33E
18D4
F82E
DEA4
EA92
C410
010F
7D66
F421
0AC7
992F
1D17
CF6D
0E9E
DB3C
0A35
F854
F3B2
CB36
0C7E
0289
E410
1645
CF8A
13F0
37EE
F734
2101
ED4F
FE4B
9E3B
55E7
10A1
DCC3
EC03
C57E
D529
51AE
197C
3180
EF58
219F
0165
03B4
05D1
1EFB
E5BF
B6F5
283B
D27E
E171
2938
E19F
18FE
8001
2A5D
6328
9D5D
2CF7
5B65
D15A
FFA7
9373
0FD7
E33C
18D3
F830
DEA2
EA93
C412
010E
7D67
F424
0AC8
992B
1D17
CF6D
0EA1
DB3F
0A34
F854
F3B3
CB35
0C7B
0287
E412
1647
CF8B
13F0
37EE
F731
2101
ED4F
FE4C
9E36
55EC
10A3
DCC5
EC03
C579
D52B
51A8
197F
317E
EF5B
219D
0168
03B2
05D0
1EFF
E5BF
B6F4
282D
D281
E173
2935
E1A2
18FD
8001
2A59
631E
9D5F
2CF4
5B60
D15B
FFA8
9378
0FD7
E33A
18D6
F82A
DEA5
EA93
C418
0117
7D5F
F429
0AC8
992F
1D15
CF72
0EA3
DB3F
0A35
F854
F3B4
CB33
0C7D
0288
E412
163F
CF89
13F0
37EE
F731
20FE
ED51
FE4C
9E3D
55E9
10A1
DCC6
EC04
C57F
D52B
51A8
197D
3178
EF58
219D
0163
03B7
05CF
1EFB
E5C3
B6FA
2837
D281
E173
2935
E1A4
18FC
8001
2A58
6325
9D69
2CF4
5B5F
D15B
FFA5
9375
0FD5
E338
18D2
F82D
DEA6
EA93
C40D
0115
7D61
F425
0AC7
9937
1D16
CF6F
0E9F
DB3D
0A35
F855
F3B0
CB36
0C7E
0289
E412
1641
CF8E
13EE
37EF
F733
20FC
ED4E
FE4B
9E3C
55E9
10A3
DCC8
EC01
C582
D52B
51AB
197D
317D
EF5A
219E
0166
03B1
05D2
1F06
E5BC
B6F5
283B
D281
E173
2935
E19D
18FD
8001
2A5A
6323
9D5E
2CF6
5B64
D15C
FFA7
9377
0FD9
E341
18D4
F833
DEA3
EA94
C415
010D
7D60
F423
0AC7
992B
1D17
CF6E
0E9F
DB41
0A36
F854
F3B2
CB30
0C7C
0289
E413
1643
CF8B
13F0
37F2
F72E
2100
ED4F
FE4B
9E37
55EA
10A4
DCCA
EC01
C579
D52C
51A5
197E
3179
EF58
219E
0165
03B2
05CD
1EFD
E5C4
B6F6
2838
D281
E172
2935
E19E
18FD
8001
2A58
6320
9D5F
2CF4
5B5F
D15C
FFA4
9379
0FD6
E341
18D5
F82D
DEA5
EA95
C415
010A
7D5D
F424
0AC6
992D
1D16
CF72
0E9F
DB45
0A35
F85A
F3AF
CB36
0C7B
0289
E415
1643
CF92
13ED
37EC
F731
20FF
ED4F
FE4C
9E41
55E7
10A5
DCCA
EC07
C578
D529
51A9
197C
3180
EF51
21A0
0162
03B9
05CE
1EFC
E5C5
B6FD
2841
D27B
E16E
2938
E19F
18FE
8001
2A59
632B
9D63
2CF6
5B62
D15A
FFA6
9372
0FD6
E33B
18D1
F82C
DEA5
EA94
C410
0111
7D66
F41F
0AC7
992A
1D16
CF6D
0E9F
DB43
0A33
F858
F3B0
CB33
0C7F
028A
E412
1645
CF96
13EF
37ED
F733
2100
ED4E
FE4B
9E3C
55E7
10A1
DCC7
EC05
C57F
D528
51B1
197C
3181
EF54
219F
0164
03B8
05D1
1EFD
E5BD
B6F7
283D
D27E
E170
2938
E1A0
18FD
8001
2A5C
6329
9D5F
2CF9
5B67
D159
FFAC
9371
0FD7
E339
18D4
F82D
DEA3
EA92
C412
0111
7D6A
F424
0AC8
9929
1D17
CF6A
0EA3
DB3E
0A35
F853
F3B2
CB35
0C80
0288
E411
1645
CF8F
13F1
37EF
F730
20FF
ED51
FE4A
9E36
55EB
10A4
DCC3
EC05
C57A
D52B
51AC
197B
317F
EF57
219E
0167
03B1
05D1
1F06
E5BD
B6F5
2838
D27E
E171
2934
E19D
18FD
8001
2A58
6323
9D60
2CF5
5B63
D15C
FFA4
9373
0FDA
E33C
18D4
F834
DEA4
EA95
C415
0113
7D60
F424
0AC7
992C
1D16
CF6E
0EA0
DB41
0A35
F853
F3B1
CB32
0C7B
028A
E411
1642
CF84
13EE
37EF
F732
20FE
ED51
FE4C
9E38
55EA
10A0
DCC4
EC02
C57C
D52B
51A8
197D
3178
EF53
219E
0162
03B8
05CF
1F00
E5C6
B6F8
2840
D280
E172
2936
E1A0
18FC
8001
2A5A
6325
9D67
2CF7
5B61
D15C
FFA9
9373
0FDA
E338
18D1
F82D
DEA4
EA95
C415
0115
7D63
F423
0AC7
9929
1D15
CF6D
0EA0
DB45
0A34
F856
F3B2
CB34
0C7E
0289
E412
1646
CF8E
13EF
37ED
F730
20FA
ED50
FE49
9E3B
55E9
10A2
DCC5
EC07
C57F
D52B
51A8
197D
317D
EF5D
219E
0167
03B3
05CE
1EFF
E5C4
B6F6
2838
D281
E171
2936
E1A0
18FD
8001
2A59
6321
9D62
2CF5
5B60
D15C
FFA6
9378
0FD8
E33C
18D4
F82B
DEA4
EA95
C411
010C
7D61
F425
0AC8
992D
1D17
CF71
0E9D
DB43
0A36
F856
F3AF
CB33
0C7D
0287
E414
1643
CF8F
13ED
37EB
F731
20FE
ED4E
FE4A
9E3B
55E8
10A4
DCCA
EC04
C57D
D52A
51AB
197E
317F
EF55
21A0
0165
03B9
05D1
1EFD
E5BC
B6F9
2845
D27B
E171
2938
E19A
18FE
8001
2A5C
6328
9D61
2CFA
5B67
D15A
FFA9
9372
0FD8
E33D
18D1
F82D
DEA2
EA94
C410
010E
7D67
F420
0AC8
9926
1D17
CF6A
0EA4
DB43
0A37
F856
F3B4
CB33
0C80
0287
E411
1648
CF90
13F0
37F2
F72F
2100
ED4F
FE4B
9E35
55EC
10A6
DCC6
EC03
C576
D529
51AD
197C
3181
EF58
219E
0168
03B5
05D4
1F02
E5BE
B6F7
2838
D27E
E171
2936
E1A0
18FD
8001
2A58
6327
9D62
2CF5
5B62
D15B
FFA7
9375
0FD7
E33D
18D3
F82F
DEA4
EA92
C410
0111
7D65
F422
0AC9
9933
1D16
CF6C
0E9F
DB39
0A36
F852
F3B2
CB35
0C7D
0288
E411
1642
CF8C
13F0
37F2
F732
20FF
ED50
FE4B
9E38
55EA
10A3
DCCA
EBFE
C57F
D52B
51AD
1978
3178
EF59
219E
0163
03B5
05D0
1F00
E5BB
B6F6
283E
D281
E175
2935
E1A2
18FD
8001
2A5B
6321
9D65
2CF7
5B61
D15C
FFA9
9377
0FD6
E339
18CE
F833
DEA4
EA96
C40E
0114
7D62
F425
0AC8
992B
1D16
CF6E
0EA1
DB40
0A36
F855
F3B2
CB34
0C80
028A
E411
1642
CF8B
13ED
37EE
F72F
20FB
ED50
FE49
9E3A
55E9
10A2
DCC6
EC00
C57F
D52A
51AB
1980
3181
EF59
219F
0168
03B5
05D0
1F00
E5C0
B6F4
283B
D27F
E16F
2938
E19C
18FE
8001
2A5C
6327
9D5A
2CF6
5B65
D15A
FFAB
9371
0FD8
E33D
18D6
F82D
DEA2
EA93
C416
010A
7D68
F423
0AC7
9927
1D18
CF6C
0E9F
DB43
0A36
F856
F3B2
CB32
0C7D
0288
E411
1647
CF8A
13F1
37ED
F731
2100
ED4F
FE4C
9E37
55EB
10A4
DCC5
EC09
C577
D52C
51A8
1981
3179
EF5B
219E
0168
03B2
05D2
1EFF
E5C0
B6F5
2838
D283
E174
2935
E19F
18FC
8001
2A5A
6321
9D60
2CF3
5B60
D15B
FFA8
9379
0FD9
E33D
18D4
F82E
DEA4
EA94
C413
010D
7D60
F426
0AC6
992F
1D16
CF6E
0EA1
DB40
0A38
F856
F3B2
CB35
0C7D
028B
E413
1644
CF8D
13F0
37F2
F72F
2100
ED4F
FE49
9E3B
55EA
10A5
DCCA
EC06
C578
D52A
51AC
197F
317C
EF56
219E
0167
03AF
05D2
1F02
E5C6
B6F5
2836
D27E
E171
2935
E19E
18FE
8001
2A58
6324
9D60
2CF6
5B62
D15D
FFA1
9374
0FD9
E33E
18D4
F830
DEA3
EA94
C41A
0112
7D63
F424
0AC7
9929
1D17
CF6D
0EA1
DB42
0A32
F854
F3AF
CB34
0C7B
0286
E414
1644
CF8C
13EF
37EB
F734
20FE
ED4F
FE4C
9E3A
55EB
10A1
DCC4
EC02
C57C
D52B
51A8
197D
317C
EF58
219D
0166
03B2
05CF
1F02
E5C2
B6F6
283A
D281
E172
2936
E19E
18FC
8001
2A5A
6323
9D60
2CF7
5B61
D15D
FFAA
9374
0FD9
E33A
18D4
F82F
DEA3
EA95
C417
010F
7D61
F426
0AC6
992B
1D16
CF6F
0EA1
DB43
0A35
F856
F3B2
CB32
0C7C
0288
E412
1646
CF8C
13EF
37ED
F730
20FC
ED50
FE4C
9E3C
55E8
10A1
DCC6
EC08
C57C
D52A
51AB
197F
3180
EF5C
219E
0168
03B7
05D0
1EFE
E5BD
B6F7
2836
D280
E173
2938
E1A3
18FD
8001
2A5C
6326
9D5E
2CF8
5B63
D15A
FFA9
9375
0FD7
E338
18D2
F82D
DEA3
EA92
C40E
0112
7D65
F426
0AC8
992D
1D16
CF6E
0EA3
DB3F
0A36
F856
F3B5
CB34
0C7D
0289
E412
1643
CF88
13F1
37F0
F730
20FF
ED51
FE4B
9E36
55EC
10A4
DCC9
EC04
C57A
D528
51AA
197E
3180
EF58
219F
0164
03B8
05CF
1EFA
E5C3
B6FC
283A
D27B
E171
2938
E1A0
18FE
8001
2A59
6329
9D68
2CF7
5B62
D159
FFA6
9374
0FD4
E33B
18D3
F82C
DEA5
EA93
C40B
0110
7D65
F423
0AC8
9934
1D17
CF6E
0E9E
DB3E
0A33
F857
F3B0
CB37
0C7F
0286
E413
1646
CF8F
13EE
37EC
F734
20FF
ED4C
FE4C
9E3A
55E8
10A2
DCC3
EC03
C57F
D507
4EA8
2400
1B20
FC6B
2410
EF78
152F
FFA9
27C7
E81D
A711
3505
C4F2
D8F1
2BA4
DADF
1DC2
A264
249F
6BFD
A53C
357D
6925
C718
0558
88DD
0A8D
FFE2
092A
FB53
D733
DE7E
C8BD
F012
7D14
F56C
0600
8001
17A2
BA91
FF5A
F26C
130A
FCE1
FC7D
C59C
FF9D
FDC8
E2C8
037D
BBAC
161E
2907
F8BC
14D4
F43D
F5DF
8AA0
44DD
FF98
DBED
E849
B602
D529
51AC
197F
317D
EF54
219F
0164
03B2
05CF
1EFF
E5C3
B6F5
283B
D27D
E170
2937
E19F
18FE
8001
2A5A
6328
9D5E
2CF6
5B63
D15A
FFA5
9370
0FD7
E33A
18D3
F82F
DEA2
EA94
C415
010F
7D67
F424
0AC7
9927
1D17
CF6D
0EA3
DB43
0A33
F856
F3B1
CB32
0C80
0289
E412
1646
CF8C
13EE
37ED
F732
20FD
ED50
FE4C
9E39
55EA
10A3
DCC2
EC06
C57A
D52A
51A6
197F
3180
EF58
219F
0162
03B6
05CD
1EFA
E5C9
B6FB
283C
D27D
E16F
2937
E19F
18FC
8001
2A5A
6326
9D60
2CF5
5B62
D15A
FFA4
9373
0FD7
E338
18D4
F82A
DEA5
EA91
C40D
010B
7D65
F425
0AC7
992E
1D17
CF6F
0E9D
DB43
0A36
F859
F3AF
CB37
0C81
0289
E412
1647
CF94
13EE
37EA
F734
2101
ED4D
FE4D
9E3D
55E7
10A4
DCC5
EC0C
C57F
D535
534D
1AEB
309A
F0F2
2241
FFD7
04A5
0519
2061
E4BA
B2D3
2A8A
D0D1
DF28
2A7A
DFF2
18AB
819D
2D02
65AC
9B71
2E4C
5EA5
CF54
FF29
90A3
101E
E5E3
1784
F850
DD8A
E87E
C19D
FFCB
7FFF
F459
0A5E
9448
1ED3
CC9E
0DB6
DDCE
0C21
FA59
F459
CAE8
0AB4
012B
E3C9
1460
CC10
1506
38B8
F768
2005
EDFB
FE8E
9A67
564B
0E5B
DC05
EAF1
C285
D52A
51AD
1979
317F
EF53
219D
0167
03B2
05D2
1F03
E5C0
B6F4
2833
D27E
E172
2935
E1A1
18FF
8001
2A58
6322
9D63
2CF4
5B61
D15D
FFA5
9373
0FD8
E338
18D3
F831
DEA4
EA93
C415
0118
7D62
F423
0AC8
9931
1D16
CF70
0EA1
DB40
0A33
F852
F3B2
CB36
0C7B
0288
E412
1640
CF85
13EF
37ED
F733
20FD
ED50
FE4D
9E39
55E9
109E
DCC6
EBFF
C580
D52C
51A8
197F
317E
EF52
219E
0165
03AE
05CF
1EFE
E5C9
B6F4
282E
D280
E172
2935
E1A1
18FE
8001
2A57
6320
9D5F
2CF2
5B5F
D15C
FFA4
9373
0FD6
E336
18D7
F829
DEA6
EA93
C41B
011A
7D63
F426
0AC7
9927
1D16
CF73
0EA5
DB47
0A32
F855
F3B0
CB31
0C81
0288
E414
1640
CF8E
13F0
37E9
F734
20FB
ED50
FE4B
9E3B
55E9
10A0
DCC3
EC06
C580
D52B
51AA
197D
317A
EF57
219F
0165
03B6
05D0
1EFF
E5BD
B6F5
283A
D27E
E174
2937
E1A1
18FE
8001
2A5C
6323
9D60
2CF8
5B63
D15A
FFA6
9374
0FD7
E338
18D1
F82E
DEA3
EA94
C414
0114
7D64
F426
0AC8
9928
1D16
CF6E
0EA6
DB42
0A35
F855
F3B2
CB34
0C80
0289
E411
163F
CF8A
13F0
37EE
F72F
20FD
ED51
FE49
9E36
55EE
10A4
DCC9
EC01
C57B
D52B
51A8
197C
317F
EF57
219E
0164
03B7
05D0
1EFB
E5C0
B6F9
283B
D27D
E172
2937
E1A0
18FD
8001
2A58
6324
9D63
2CF5
5B62
D15C
FFA6
9377
0FD6
E33E
18D2
F82C
DEA4
EA94
C40F
0110
7D62
F423
0AC8
9930
1D16
CF6F
0EA1
DB41
0A36
F856
F3B3
CB35
0C7E
0287
E412
1645
CF8F
13EF
37EF
F731
2100
ED4E
FE4C
9E39
55EA
10A3
DCC6
EC00
C57C
D52B
51A7
197F
317C
EF52
219E
0163
03B0
05CE
1F01
E5C5
B6F7
2839
D27E
E170
2934
E19C
18FD
8001
2A58
6320
9D61
2CF4
5B5F
D15D
FFA4
9374
0FD7
E33C
18D1
F82E
DEA4
EA96
C41A
0112
7D5F
F423
0AC6
9929
1D16
CF70
0EA2
DB4B
0A33
F858
F3B0
CB2F
0C7E
0288
E413
1643
CF8D
13ED
37EC
F732
20FD
ED50
FE4D
9E40
55E8
10A0
DCC6
EC0A
C57D
D52A
51AB
197C
317F
EF5B
219E
0167
03B2
05D0
1F02
E5BE
B6F5
2835
D280
E172
2936
E1A1
18FC
8001
2A5B
6322
9D5D
2CF7
5B62
D15B
FFA7
9375
0FD7
E33C
18D5
F82E
DEA4
EA93
C416
0112
7D62
F425
0AC7
992E
1D16
CF6F
0EA1
DB3F
0A35
F855
F3B2
CB34
0C7C
0289
E412
1640
CF8A
13F1
37F0
F730
20FE
ED51
FE4B
9E3B
55EB
10A4
DCCA
EC02
C57A
D528
51AE
197C
317C
EF56
219E
0164
03B7
05D2
1EFC
E5C1
B6FB
283C
D27C
E171
2938
E1A1
18FD
8001
2A59
6329
9D65
2CF7
5B65
D15A
FFA4
9374
0FD6
E33C
18D1
F82D
DEA4
EA91
C40F
0113
7D66
F423
0AC8
9930
1D17
CF6B
0E9F
DB3D
0A36
F854
F3B1
CB38
0C7F
0288
E411
1645
CF8C
13F0
37EE
F733
2100
ED4F
FE4C
9E38
55E9
10A2
DCC4
EC01
C57F
D529
51AF
197E
3181
EF57
219F
0166
03B6
05D1
1EFC
E5C4
B6F8
283B
D27C
E170
2938
E1A0
18FD
8001
2A5B
632B
9D61
2CF7
5B66
D15B
FFA7
9370
0FDB
E33B
18D5
F82C
DEA2
EA93
C40F
0112
7D69
F424
0AC8
9929
1D17
CF69
0E9F
DB41
0A36
F855
F3B1
CB32
0C7F
0288
E411
1648
CF8B
13F0
37ED
F733
2100
ED4F
FE4B
9E36
55EA
10A2
DCC2
EC02
C57C
D529
51AE
197A
3181
EF58
219E
0165
03B3
05D1
1EFF
E5BE
B6F7
2836
D279
E171
2936
E1A0
18FE
8001
2A5A
6324
9D63
2CF6
5B63
D15B
FFA2
9376
0FD6
E33A
18D1
F82B
DEA4
EA95
C411
0115
7D63
F422
0AC9
992F
1D16
CF70
0EA1
DB42
0A33
F856
F3B0
CB35
0C7F
0288
E414
1641
CF8B
13ED
37EC
F733
20FF
ED4E
FE4C
9E3A
55EB
10A1
DCC6
EBFC
C580
D52B
51AC
197C
317B
EF57
219E
0165
03B3
05D0
1F01
E5BD
B6F5
283B
D280
E172
2936
E19F
18FE
8001
2A5A
6324
9D62
2CF8
5B63
D15C
FFA7
9375
0FD7
E339
18D2
F830
DEA3
EA94
C415
0113
7D63
F425
0AC8
992C
1D17
CF6D
0EA4
DB42
0A35
F854
F3B1
CB34
0C7E
0288
E411
1642
CF8A
13EF
37EF
F72F
20FB
ED50
FE4B
9E36
55EB
10A2
DCC6
EC00
C57B
D529
51AC
197C
3181
EF59
219E
0169
03B1
05D2
1F01
E5C3
B6F3
282F
D27E
E171
2936
E19F
18FF
8001
2A58
6324
9D5D
2CF3
5B62
D15B
FFA3
9373
0FD7
E33B
18D7
F82D
DEA4
EA90
C414
0113
7D61
F425
0AC8
9933
1D16
CF6F
0EA1
DB3F
0A33
F853
F3B2
CB38
0C7B
0289
E412
1641
CF88
13F1
37EE
F734
20FF
ED50
FE4E
9E38
55EC
10A2
DCC5
EC01
C57D
D52A
51AD
197A
317C
EF58
219E
0164
03B8
05CF
1F01
E5BF
B6F6
283B
D280
E173
2937
E1A3
18FD
8001
2A5C
6325
9D65
2CF8
5B62
D15A
FFAB
9376
0FD8
E336
18D0
F82C
DEA4
EA95
C40E
0116
7D64
F424
0AC8
992C
1D16
CF6F
0EA1
DB3E
0A36
F855
F3B1
CB35
0C80
0289
E410
1643
CF87
13EF
37ED
F72F
20FB
ED50
FE4A
9E38
55E9
10A1
DCC5
EC01
C581
D52B
51AB
197E
317B
EF58
219E
0166
03B3
05D1
1F03
E5BE
B6F2
283B
D281
E172
2936
E19E
18FD
8001
2A5B
6323
9D5E
2CF6
5B63
D15A
FFA9
9373
0FDA
E33B
18D4
F832
DEA3
EA94
C416
0110
7D63
F425
0AC6
9929
1D16
CF6E
0EA2
DB43
0A35
F856
F3B4
CB32
0C7C
0289
E411
1644
CF89
13F0
37EF
F730
20FD
ED52
FE4C
9E3B
55EA
10A2
DCC6
EC09
C578
D529
51AC
197B
317C
EF54
219E
0164
03B8
05D2
1EFC
E5C0
B6FC
283D
D27C
E171
2937
E1A1
18FC
8001
2A59
6327
9D65
2CF6
5B62
D15B
FFA6
9374
0FD5
E33A
18D0
F82F
DEA5
EA92
C40E
0114
7D64
F423
0AC8
9932
1D16
CF6C
0EA0
DB3E
0A37
F854
F3B3
CB36
0C7E
0289
E411
1644
CF8E
13F0
37EF
F733
20FF
ED4E
FE4B
9E3A
55E8
10A2
DCC7
EC03
C581
D52C
51A7
197F
3181
EF5B
219D
0167
03B3
05CE
1EFA
E5C4
B6F8
2835
D27F
E171
2936
E19F
18FD
8001
2A59
6322
9D5F
2CF3
5B60
D159
FFA5
9375
0FD3
E33B
18D5
F82E
DEA4
EA91
C40F
010E
7D63
F426
0AC7
9935
1D14
CF73
0E9F
DB3E
0A35
F857
F3B0
CB38
0C7E
028A
E413
1641
CF8F
13F0
37ED
F733
20FF
ED4F
FE4D
9E3D
55E9
10A4
DCC7
EC05
C57B
D52A
51AC
1979
317D
EF54
219E
0165
03B7
05D1
1F00
E5BC
B6F7
283C
D27F
E172
2936
E1A0
18FD
8001
2A5A
6325
9D65
2CF7
5B60
D15C
FFA8
9373
0FD6
E339
18D2
F82E
DEA4
EA94
C413
0115
7D63
F423
0AC8
992C
1D16
CF70
0EA4
DB40
0A35
F854
F3B3
CB34
0C7F
028B
E411
1642
CF8C
13F0
37EF
F730
20FC
ED52
FE4B
9E3C
55E8
10A1
DCC8
EC00
C57E
D529
51AB
197B
317E
EF5A
219E
0166
03B4
05D2
1F02
E5BE
B6F6
2839
D27F
E170
2937
E1A0
18FC
8001
2A5B
6326
9D5F
2CF7
5B63
D15B
FFA8
9373
0FDA
E33B
18D3
F830
DEA3
EA93
C413
0111
7D64
F424
0AC8
9930
1D16
CF6B
0E9F
DB3E
0A36
F853
F3B2
CB35
0C7A
0289
E410
1644
CF86
13EF
37EF
F731
20FE
ED4F
FE4B
9E39
55EA
10A4
DCC5
EC01
C57D
D529
51AC
197A
317E
EF58
219E
0162
03B7
05CE
1EFE
E5C3
B6FA
2838
D280
E170
2937
E1A2
18FD
8001
2A5A
632A
9D67
2CF7
5B60
D15A
FFA8
9372
0FD4
E337
18D1
F830
DEA4
EA93
C40B
0111
7D66
F422
0AC7
9933
1D17
CF6D
0E9E
DB3D
0A35
F856
F3B0
CB36
0C7D
0289
E410
1643
CF8C
13EE
37EF
F732
20FD
ED4F
FE4C
9E3C
55E8
10A2
DCCA
EC05
C581
D52A
51AB
197A
317D
EF56
219F
0163
03B8
05CF
1EFC
E5C3
B6FA
283E
D27E
E171
2937
E19F
18FC
8001
2A58
6328
9D64
2CF7
5B63
D15B
FFA6
9375
0FD7
E33C
18D1
F82D
DEA5
EA94
C40D
0110
7D65
F423
0AC7
992D
1D18
CF6D
0E9F
DB40
0A36
F856
F3B0
CB36
0C7E
0289
E412
1647
CF8D
13EE
37ED
F733
20FF
ED4E
FE4B
9E3B
55E9
10A1
DCC6
EC05
C57E
D529
51AC
197E
3181
EF59
219D
0166
03B3
05D0
1EFB
E5C3
B6F6
2832
D27E
E172
2937
E1A1
18FE
8001
2A59
6326
9D5F
2CF6
5B63
D15A
FFA5
9373
0FD5
E33A
18D7
F82D
DEA4
EA91
C40F
0112
7D66
F426
0AC7
9934
1D16
CF6E
0EA1
DB3D
0A33
F855
F3B1
CB38
0C7E
0289
E412
1644
CF8A
13F0
37EE
F733
20FF
ED4F
FE4E
9E37
55EA
10A0
DCC4
EC01
C57D
D52A
51AA
197F
317C
EF56
219E
0165
03B1
05D1
1F00
E5C0
B6F6
2838
D27C
E170
2936
E19E
18FE
8001
2A58
6325
9D5F
2CF6
5B61
D15B
FFA3
9372
0FD6
E33D
18D4
F82E
DEA4
EA93
C416
0110
7D65
F426
0AC8
992B
1D15
CF6E
0EA2
DB42
0A35
F855
F3B3
CB36
0C7F
0288
E412
1643
CF8B
13F0
37EE
F732
20FF
ED50
FE4C
9E39
55EB
10A2
DCC4
EC04
C57C
D52A
51AC
197D
317C
EF52
219F
0162
03BA
05D1
1EFD
E5BE
B6FA
2840
D27C
E171
2938
E1A0
18FD
8001
2A5A
632A
9D63
2CF8
5B63
D15A
FFA7
9373
0FD7
E33B
18CF
F82B
DEA4
EA92
C40D
0112
7D68
F421
0AC9
992B
1D17
CF6B
0EA1
DB40
0A38
F856
F3B3
CB35
0C81
0288
E410
1643
CF90
13F0
37F1
F730
2100
ED4F
FE49
9E37
55EB
10A4
DCC9
EC01
C57D
D529
51AE
197B
317F
EF53
219F
0166
03B7
05D2
1F01
E5BE
B6F9
283E
D27D
E171
2937
E19F
18FD
8001
2A5A
6329
9D61
2CF7
5B62
D15B
FFA8
9372
0FD9
E33A
18D2
F82E
DEA3
EA93
C412
0115
7D67
F422
0AC9
992A
1D17
CF6C
0EA2
DB3F
0A36
F853
F3B3
CB35
0C81
028A
E410
1643
CF8A
13F0
37F0
F730
20FD
ED51
FE49
9E37
55EB
10A2
DCC6
EBFF
C57C
D529
51AA
197D
317E
EF53
219F
0167
03B8
05D3
1EFD
E5BF
B6FA
283B
D27B
E172
2938
E19F
18FC
8001
2A5A
632A
9D62
2CF8
5B64
D15B
FFA6
9374
0FD7
E33B
18D1
F82E
DEA3
EA91
C412
0114
7D67
F423
0AC8
992D
1D16
CF69
0EA2
DB40
0A36
F851
F3B3
CB39
0C7E
0288
E410
1645
CF8C
13F1
37F0
F732
2101
ED4F
FE4B
9E36
55EC
10A3
DCC8
EC00
C57E
D528
51AB
197B
3184
EF50
219F
0163
03B9
05D2
1EFD
E5C1
B6FD
2841
D277
E16F
2937
E19D
18FD
8001
2A5A
632B
9D63
2CF8
5B65
D15A
FFA5
9370
0FD6
E33B
18D4
F82F
DEA4
EA90
C410
0111
7D68
F421
0AC8
992B
1D17
CF68
0EA0
DB3E
0A35
F853
F3B4
CB33
0C7F
0289
E40F
1647
CF91
13F1
37EF
F734
2102
ED4F
FE4D
9E39
55EA
10A0
DCC6
EC06
C57F
D52B
51AA
197D
317A
EF55
219D
0167
03B1
05D3
1F02
E5C0
B6F7
283A
D27D
E173
2934
E19F
18FD
8001
2A59
6321
9D61
2CF4
5B61
D15C
FFA0
9375
0FD8
E33E
18D4
F82F
DEA5
EA93
C415
0113
7D61
F424
0AC6
9930
1D16
CF6E
0EA1
DB40
0A37
F852
F3B3
CB35
0C7B
0289
E413
1641
CF8B
13F0
37EE
F733
20FF
ED51
FE4D
9E39
55E9
10A1
DCC9
EC01
C57D
D529
51A8
1980
317E
EF58
219E
0166
03B2
05D1
1EFD
E5C5
B6F6
2833
D27C
E170
2937
E19D
18FF
8001
2A58
6326
9D5B
2CF3
5B61
D15A
FFA3
9372
0FD4
E340
18D5
F82E
DEA4
EA91
C412
010D
7D65
F425
0AC8
9931
1D17
CF6E
0EA0
DB3A
0A35
F856
F3B1
CB37
0C7D
028A
E412
1642
CF8B
13F1
37EE
F733
2102
ED4F
FE4E
9E3A
55E9
10A3
DCC6
EC05
C57B
D52B
51A9
197E
3178
EF54
219F
0164
03B4
05D0
1EFF
E5C6
B6F6
283F
D27E
E170
2936
E19D
18FC
8001
2A5A
6326
9D63
2CF6
5B62
D15C
FFA3
9372
0FDA
E33A
18D4
F82C
DEA4
EA95
C415
0112
7D65
F422
0AC6
9929
1D17
CF6C
0EA0
DB45
0A34
F856
F3AF
CB34
0C7E
0288
E412
1647
CF90
13EF
37ED
F732
20FD
ED50
FE4A
9E3A
55EA
10A4
DCC5
EC04
C57D
D529
51A8
1982
3180
EF59
219F
0168
03B0
05D2
1F01
E5C6
B6F7
2836
D27C
E170
2938
E19D
18FD
8001
2A59
6328
9D5B
2CF6
5B65
D15A
FFA3
9372
0FDC
E33E
18D8
F82B
DEA3
EA93
C417
010C
7D66
F423
0AC8
992B
1D16
CF6B
0E9E
DB40
0A36
F854
F3B1
CB35
0C7C
0288
E413
1645
CF89
13F1
37ED
F733
2100
ED50
FE4C
9E38
55EC
10A4
DCC6
EC05
C57A
D52C
51AC
1980
317F
EF54
219F
0166
03B1
05CE
1F00
E5C3
B6F3
2836
D281
E170
2936
E19E
18FE
8001
2A5A
6323
9D5F
2CF5
5B62
D15B
FFA5
9372
0FD9
E337
18D3
F82F
DEA2
EA94
C419
0114
7D64
F424
0AC6
9924
1D17
CF6E
0EA5
DB4B
0A34
F857
F3B2
CB31
0C7F
0288
E411
1642
CF89
13EF
37ED
F730
20FB
ED51
FE4B
9E3A
55ED
10A1
DCC6
EC07
C57B
D6A2
4D79
249B
1C0F
FA69
2301
F32C
1238
0080
2974
E884
B2D7
378A
C661
DD63
2948
DDFA
19BD
9E73
233F
69B2
A800
31F0
6456
CA84
01AA
8FAC
0CEB
FE4E
0645
FC93
DAFD
DFA1
CA89
F5AB
78DB
F5D4
06FA
8001
18F5
BBB5
0166
EDA7
120C
FAFD
F8D1
C3C4
0089
F86B
E5DA
047A
BFDE
160A
2A2B
FA13
1582
F5B4
F7F0
8FB7
44FA
0381
E218
E68B
BBF9
D52A
51AA
197D
3180
EF59
219E
0168
03B4
05CE
1EFC
E5C4
B6F5
2836
D27F
E172
2937
E1A1
18FE
8001
2A5A
6325
9D5F
2CF6
5B62
D15C
FFA9
9374
0FD7
E339
18D5
F82B
DEA4
EA94
C412
0110
7D63
F426
0AC8
992C
1D16
CF6F
0EA0
DB43
0A34
F856
F3B1
CB34
0C7E
0289
E412
1644
CF8B
13F1
37EC
F731
20FE
ED4F
FE4B
9E37
55EA
10A2
DCC5
EC04
C57C
D529
51AE
197C
317E
EF54
219F
0166
03B5
05D0
1F01
E5C2
B6F5
283B
D27E
E170
2938
E1A0
18FD
8001
2A5B
632A
9D62
2CF9
5B64
D15B
FFAA
9372
0FDB
E337
18D3
F82E
DEA3
EA94
C416
0114
7D67
F423
0AC7
9928
1D17
CF6B
0EA2
DB42
0A34
F854
F3B0
CB33
0C7F
0288
E411
1645
CF8A
13EF
37ED
F733
20FD
ED50
FE4B
9E38
55EA
10A2
DCC3
EC04
C57F
D529
51AF
197B
317F
EF59
219F
0161
03B9
05D3
1EFC
E5BD
B6F9
2840
D27C
E171
2938
E19E
18FE
8001
2A5C
6329
9D63
2CFA
5B67
D15B
FFAA
9374
0FD9
E33E
18D1
F82F
DEA3
EA94
C40B
010F
7D69
F425
0ACA
992C
1D16
CF67
0EA0
DB37
0A39
F854
F3B2
CB34
0C80
0288
E410
1647
CF8B
13F1
37F0
F730
2103
ED50
FE4A
9E34
55EA
10A2
DCC1
EC00
C57D
D52A
51AC
197D
3180
EF55
219F
0168
03B4
05D0
1F00
E5BF
B6F4
2839
D27C
E171
2937
E19E
18FF
8001
2A5A
6326
9D5F
2CF6
5B64
D15B
FFA3
9371
0FD6
E338
18D1
F832
DEA2
EA92
C413
0112
7D66
F424
0AC8
9928
1D16
CF6E
0EA6
DB45
0A35
F856
F3B4
CB33
0C7E
0287
E410
1643
CF89
13F0
37EF
F730
20FE
ED50
FE4C
9E35
55EF
10A0
DCC7
EC02
C579
D528
51AE
1979
3185
EF55
219F
0163
03BD
05D3
1EFD
E5B8
B6FD
2840
D278
E170
2939
E19F
18FC
8001
2A5C
632D
9D61
2CF9
5B66
D159
FFA9
9371
0FD5
E33A
18D2
F830
DEA3
EA94
C40B
0112
7D69
F421
0AC8
992F
1D18
CF67
0EA1
DB3C
0A37
F853
F3B3
CB34
0C81
0289
E40F
1643
CF8F
13EF
37F2
F731
2102
ED4E
FE4A
9E35
55EB
10A3
DCC8
EBFF
C57D
D528
51AE
197D
3182
EF56
219E
0165
03B3
05D1
1EFA
E5C4
B6F8
2837
D27C
E170
2937
E1A2
18FE
8001
2A5B
6328
9D60
2CF7
5B65
D15B
FFA3
9372
0FD6
E338
18D4
F82D
DEA4
EA92
C413
0113
7D69
F425
0AC8
992F
1D17
CF6A
0EA0
DB3F
0A34
F856
F3B1
CB35
0C7C
0286
E413
1647
CF8C
13EF
37EB
F736
2100
ED4F
FE4D
9E37
55EA
10A2
DCC3
EC06
C57E
D529
51AF
197A
317C
EF55
219F
0161
03B7
05CE
1EFC
E5BF
B6F3
2842
D280
E172
2937
E1A1
18FD
8001
2A5C
6325
9D62
2CF8
5B63
D159
FFA9
9372
0FD6
E33B
18D3
F831
DEA3
EA94
C411
0110
7D67
F423
0AC7
9927
1D17
CF6D
0EA0
DB3E
0A34
F857
F3B1
CB32
0C7F
028A
E411
1646
CF8F
13EF
37ED
F72F
20FF
ED51
FE4C
9E39
55E9
10A1
DCC5
EC06
C57B
D528
51AB
1982
3185
EF5C
21A0
0169
03B7
05D3
1EFF
E5BE
B6F9
2836
D27C
E170
2938
E19E
18FD
8001
2A5B
632B
9D5A
2CF7
5B68
D159
FFA9
9372
0FD8
E340
18D6
F82D
DEA2
EA8F
C410
010A
7D69
F426
0AC8
9931
1D17
CF65
0E9E
DB3B
0A39
F853
F3B3
CB38
0C7D
0287
E412
1647
CF89
13F2
37F3
F732
2104
ED4F
FE4C
9E33
55ED
10A7
DCC6
EC04
C578
D529
51AA
197D
317E
EF56
219F
0164
03B7
05D1
1EFD
E5BF
B6F5
283C
D27C
E172
2938
E19E
18FE
8001
2A5C
6325
9D5C
2CF8
5B64
D159
FFA7
9372
0FD6
E33C
18D4
F82C
DEA3
EA91
C414
010F
7D67
F425
0AC7
9926
1D16
CF6D
0EA3
DB41
0A35
F856
F3B4
CB34
0C7F
028A
E411
1643
CF8B
13F1
37EE
F730
2101
ED51
FE4B
9E38
55EC
10A2
DCC5
EC08
C579
D529
51AE
197B
317F
EF57
219E
0166
03B3
05D0
1EFF
E5C3
B6F6
283B
D27C
E170
2938
E19F
18FE
8001
2A59
6327
9D61
2CF5
5B65
D15B
FFA5
9373
0FD8
E33B
18D3
F830
DEA3
EA94
C413
0111
7D65
F424
0AC8
992A
1D17
CF6D
0EA0
DB42
0A34
F855
F3B1
CB34
0C7E
0288
E411
1645
CF89
13EF
37EB
F733
20FE
ED4F
FE4C
9E39
55E9
10A0
DCC2
EC02
C57D
D52A
51AE
1978
317F
EF57
219E
0164
03B4
05D0
1EFE
E5C1
B6F9
283A
D27C
E171
2937
E1A0
18FE
8001
2A58
6326
9D65
2CF4
5B62
D15A
FFA6
9374
0FD4
E33D
18D3
F82E
DEA4
EA93
C40E
0111
7D65
F423
0AC8
9930
1D16
CF70
0EA0
DB3E
0A34
F856
F3B1
CB36
0C7E
028B
E412
1644
CF8D
13EE
37EC
F733
20FF
ED4E
FE4B
9E3B
55E9
10A1
DCC3
EC00
C57D
D52A
51AF
197C
3180
EF59
219F
0167
03B0
05D2
1F02
E5BF
B6F7
2835
D27E
E171
2938
E1A1
18FF
8001
2A59
6326
9D5F
2CF5
5B62
D15B
FFA5
9375
0FDB
E33F
18D1
F82D
DEA3
EA95
C415
0110
7D64
F423
0AC8
992A
1D15
CF71
0EA2
DB44
0A34
F857
F3B1
CB34
0C7C
0288
E413
1641
CF87
13EF
37EA
F733
20FE
ED51
FE4A
9E38
55E9
10A2
DCC2
EBFE
C57B
D52C
51A7
1982
317B
EF58
219E
0166
03B1
05D2
1EFB
E5C3
B6F5
2839
D27E
E173
2936
E19D
18FD
8001
2A58
6323
9D5C
2CF4
5B61
D15B
FFA5
9375
0FD7
E341
18D5
F82F
DEA3
EA93
C416
010A
7D63
F426
0AC6
992C
1D15
CF6D
0E9F
DB40
0A36
F855
F3B4
CB37
0C7B
0288
E413
1646
CF8D
13F1
37ED
F733
2101
ED50
FE4D
9E3A
55E9
10A3
DCC7
EC0A
C579
D529
51AC
197C
317C
EF51
219E
0163
03B8
05D3
1EFB
E5BF
B6FC
283E
D277
E172
2937
E1A0
18FD
8001
2A5A
6328
9D64
2CF6
5B61
D15A
FFA2
9373
0FD4
E33C
18CE
F830
DEA4
EA92
C40B
0115
7D66
F422
0AC9
9931
1D15
CF6C
0EA2
DB3E
0A36
F854
F3B3
CB39
0C7F
0289
E410
1644
CF90
13F1
37F0
F733
20FF
ED4F
FE4C
9E39
55EB
10A2
DCC8
EC00
C57E
D52A
51AB
197E
317E
EF5A
219F
0167
03B3
05D2
1EFE
E5BE
B6F2
2833
D280
E172
2937
E1A1
18FD
8001
2A5B
6323
9D5B
2CF6
5B64
D15A
FFA6
9375
0FD7
E33C
18D5
F82D
DEA3
EA91
C412
010F
7D64
F428
0AC7
992F
1D17
CF6E
0EA0
DB3C
0A37
F855
F3B3
CB36
0C7D
028A
E411
1640
CF8B
13F1
37F2
F730
2101
ED50
FE4C
9E38
55EC
10A4
DCCB
EC03
C579
D527
51AF
1980
3184
EF51
219F
0166
03B4
05D1
1EFE
E5C7
B6F8
2836
D278
E16F
2938
E19D
18FE
8001
2A5A
632B
9D5C
2CF7
5B64
D159
FFA3
936C
0FD7
E336
18D5
F829
DEA3
EA93
C415
0116
7D6D
F423
0AC7
9924
1D16
CF6A
0EA6
DB45
0A33
F855
F3B3
CB32
0C82
0289
E412
1646
CF8D
13F1
37EC
F735
20FF
ED50
FE4D
9E36
55ED
10A1
DCBF
EC07
C57C
D52A
51A9
1980
317D
EF52
219F
0166
03B5
05D2
1EFC
E5C3
B6F9
283C
D279
E16F
2937
E19D
18FD
8001
2A59
6328
9D5C
2CF7
5B64
D15A
FFA2
9370
0FD6
E33C
18D4
F82D
DEA3
EA91
C412
0110
7D66
F421
0AC7
992D
1D17
CF6B
0EA2
DB3F
0A34
F853
F3B1
CB37
0C7F
0289
E410
1644
CF8F
13F1
37F2
F732
2101
ED4F
FE4E
9E3A
55ED
10A3
DCC8
EC05
C57B
D528
51AD
197C
317D
EF52
219E
0166
03B6
05D2
1F01
E5C2
B6FA
2835
D27D
E172
2937
E1A0
18FE
8001
2A58
6328
9D61
2CF6
5B62
D15B
FFA3
9372
0FD7
E339
18D1
F82F
DEA4
EA93
C413
0117
7D64
F422
0AC9
992F
1D15
CF6D
0EA3
DB3E
0A32
F854
F3B1
CB3A
0C7F
028B
E410
1640
CF8A
13EF
37F0
F732
20FC
ED51
FE4A
9E3A
55EB
10A0
DCC8
EBFD
C580
D52A
51AE
197B
317F
EF57
219E
0163
03B7
05D1
1EFC
E5BE
B6F9
2838
D27E
E172
2938
E1A1
18FE
8001
2A59
6328
9D63
2CF6
5B63
D15A
FFA6
9375
0FD4
E33C
18D0
F82E
DEA4
EA91
C40E
0111
7D66
F421
0AC8
9931
1D15
CF6E
0EA1
DB3B
0A35
F855
F3B3
CB39
0C7F
0288
E411
1643
CF8B
13EF
37F0
F732
2100
ED50
FE4D
9E39
55E9
10A2
DCC8
EC01
C57D
D52B
51AA
197D
317A
EF5A
219E
0167
03B5
05D1
1F00
E5BD
B6F6
2838
D27F
E174
2936
E1A1
18FC
8001
2A5A
6321
9D61
2CF7
5B62
D15A
FFA7
9375
0FD5
E33A
18D2
F82D
DEA4
EA92
C40F
0114
7D62
F426
0AC8
992F
1D16
CF6F
0EA3
DB3C
0A37
F855
F3B3
CB36
0C7E
028A
E410
1640
CF8B
13F0
37F0
F730
20FE
ED50
FE4C
9E39
55EC
10A3
DCC9
EC02
C57D
D52A
51A9
197F
317E
EF53
219D
0168
03AF
05D3
1F02
E5C3
B6F4
2830
D27E
E171
2935
E19E
18FE
8001
2A57
6323
9D5C
2CF4
5B61
D15C
FFA2
9372
0FD8
E33C
18D6
F831
DEA4
EA91
C417
0113
7D64
F424
0AC7
9931
1D16
CF6D
0EA1
DB40
0A34
F851
F3B2
CB37
0C7C
0288
E411
1641
CF88
13F0
37EE
F735
20FF
ED50
FE4F
9E39
55EA
10A0
DCC6
EC05
C57D
D52A
51AC
197D
317A
EF55
219F
0163
03B8
05D1
1EFC
E5BF
B6F8
283F
D27E
E172
2938
E19F
18FD
8001
2A5B
6329
9D60
2CF9
5B64
D15A
FFA9
9374
0FD7
E339
18D1
F82C
DEA2
EA92
C412
0111
7D68
F422
0AC8
992B
1D16
CF6C
0EA2
DB3F
0A35
F855
F3B1
CB37
0C81
0289
E40F
1644
CF8B
13F0
37EF
F731
20FF
ED50
FE4A
9E36
55EB
10A2
DCC7
EC01
C57B
D529
51B0
197B
317B
EF59
219D
0165
03B5
05D2
1EFF
E5BF
B6F7
2836
D27C
E172
2937
E1A1
18FE
8001
2A59
6327
9D64
2CF6
5B62
D15A
FFA4
9374
0FD5
E33D
18D2
F830
DEA4
EA93
C40E
0114
7D65
F425
0AC8
9933
1D17
CF6D
0EA0
DB3B
0A35
F854
F3B1
CB37
0C7C
0288
E413
1642
CF8B
13EF
37F0
F733
20FE
ED4E
FE4C
9E39
55EA
10A2
DCC4
EBFE
C57F
D52B
51A8
197F
317D
EF57
219F
0167
03B5
05D1
1EFF
E5C2
B6F7
283B
D280
E171
2937
E19E
18FD
8001
2A5A
6326
9D5F
2CF6
5B64
D15B
FFA4
9375
0FD7
E33E
18D4
F82C
DEA3
EA92
C414
010B
7D63
F423
0AC7
992D
1D17
CF6D
0E9F
DB43
0A37
F856
F3B2
CB35
0C7E
0288
E412
1645
CF8E
13F0
37EF
F730
2100
ED4F
FE4B
9E37
55EA
10A4
DCC8
EC06
C57A
D52A
51AC
197E
3178
EF5A
219F
0165
03B3
05D0
1EFF
E5BE
B6EF
2839
D280
E174
2937
E1A0
18FF
8001
2A5C
6321
9D5D
2CF8
5B64
D159
FFA6
9375
0FD7
E339
18D0
F831
DEA2
EA94
C415
0113
7D65
F425
0AC7
9925
1D17
CF6E
0EA4
DB41
0A37
F858
F3B2
CB32
0C7F
0289
E411
1640
CF85
13F0
37EE
F72E
20FD
ED51
FE49
9E36
55ED
10A4
DCC7
EC05
C579
D52A
51AB
197B
317A
EF57
219E
0166
03B2
05D2
1F01
E5BD
B6F5
283A
D280
E173
2935
E19C
18FD
8001
2A5A
6323
9D60
2CF7
5B63
D15B
FFA7
9375
0FD9
E33D
18D5
F831
DEA3
EA94
C414
0112
7D61
F425
0AC6
992C
1D16
CF6E
0EA3
DB3E
0A36
F853
F3B3
CB34
0C7D
0289
E411
1643
CF89
13EF
37F0
F730
20FE
ED51
FE4C
9E39
55EA
10A2
DCC6
EC03
C579
D52B
51AA
197B
3179
EF55
219E
0165
03B5
05D1
1F01
E5C2
B6F8
2840
D281
E171
2936
E19F
18FD
8001
2A5A
6325
9D66
2CF7
5B60
D15D
FFA5
9374
0FDA
E33B
18D1
F830
DEA4
EA95
C414
0111
7D61
F423
0AC8
992C
1D16
CF6D
0E9F
DB45
0A35
F855
F3B2
CB33
0C7C
0288
E411
1647
CF8D
13EF
37EC
F732
20FC
ED50
FE4B
9E3A
55E9
10A1
DCC5
EC04
C57D
D517
528B
196A
3101
F058
2260
0092
049F
0570
1FD0
E3FF
B49F
2A1B
D133
E063
2A1F
E025
1A03
8001
2BA1
6526
9A7E
2E05
5CD1
D0F8
003A
91BB
1048
E39F
17CD
F866
DDC4
E9A5
C1DC
0017
7EB7
F406
0B11
94D9
1E59
CD98
0E08
DBD6
0ADD
F94F
F43C
C910
0D43
026C
E386
154F
CDF2
1474
38FC
F6DA
210C
ED6D
FEB5
9BE4
55CB
0FE5
DCBA
EB83
C3DC
D52A
51A8
197D
3178
EF54
219D
0164
03B2
05D2
1F03
E5BE
B6F8
283A
D281
E172
2935
E19E
18FC
8001
2A59
6321
9D61
2CF6
5B61
D15C
FFA5
9375
0FD8
E33D
18D3
F82F
DEA4
EA94
C417
0112
7D62
F424
0AC7
992C
1D17
CF6F
0EA2
DB42
0A36
F853
F3B2
CB33
0C7D
0289
E411
1642
CF8B
13EF
37EF
F732
20FE
ED51
FE4C
9E3D
55E7
10A1
DCC9
EC06
C57E
D4D4
52B9
19EA
3164
F035
2253
00B0
04E5
0587
20FB
E4F1
B4BD
2A19
D161
E037
2A16
E083
1932
8001
2AD9
65F5
9B25
2DA5
5D40
CFA5
004B
90E3
104C
E3FF
17CE
F883
DD73
E92E
C12A
FFED
7F0C
F43B
0B01
94B9
1E03
CD35
0DC2
DC64
0B1C
F952
F455
C915
0C41
029F
E2EE
1564
CD9F
14DC
393B
F6EC
2109
ED87
FDF2
9B4B
5645
1005
DC4F
EC0F
C38E
D52B
51A8
197E
317F
EF58
219F
0168
03B0
05CF
1F01
E5C5
B6F3
2834
D27F
E171
2936
E19E
18FF
8001
2A58
6322
9D5C
2CF2
5B60
D15C
FFA4
9375
0FD8
E33E
18D5
F82D
DEA4
EA94
C419
010F
7D60
F423
0AC7
992A
1D15
CF73
0EA0
DB47
0A32
F859
F3B1
CB33
0C7C
0289
E413
1642
CF8B
13EF
37EA
F733
20FE
ED50
FE4C
9E3C
55E9
10A1
DCC5
EC06
C57A
D52A
51A9
197D
3180
EF59
219E
0168
03B3
05D0
1EFF
E5C2
B6F6
2835
D280
E172
2936
E19F
18FF
8001
2A58
6322
9D5F
2CF4
5B61
D15C
FFA4
9377
0FD7
E33E
18D4
F82E
DEA4
EA92
C414
010E
7D61
F423
0AC8
9930
1D16
CF70
0E9D
DB42
0A35
F855
F3B2
CB36
0C7A
0287
E411
1643
CF87
13EF
37ED
F732
2100
ED4F
FE4C
9E38
55E9
10A2
DCC9
EC02
C57D
E089
42A4
1CEA
08E1
0002
18C8
E733
0D9C
F77E
180B
FB26
B490
172B
E190
D894
25C4
ED5F
0BD9
BCBC
1433
4909
AF3F
2436
5537
CD9D
209D
98D7
0F2D
01AA
FD93
EE37
E8AC
D4B0
D260
E369
7FFF
F3DF
01EA
951E
0D55
C043
04D7
FEBF
1885
0077
EBC1
D810
FEFD
ED8A
E9C7
0099
C91B
1510
16BC
EBF8
FE0A
0747
F245
94B0
25FB
F368
E082
F251
BB3F
D529
5192
1A82
2DB9
F08F
2210
FFA3
05ED
0582
21AE
E673
B0ED
29CF
D31E
E107
2A0E
DFF5
18CC
84A4
2A27
651E
9CBC
2EAD
5CB7
CFB1
00D0
9281
0F96
E5B0
16BF
F671
DE27
E7EE
C587
FEB2
7FFF
F2E1
0AB2
93A0
1CB2
CD17
0CBF
DD86
0C2C
F851
F422
CAD8
0B54
0086
E413
136A
CCCB
14E8
36D6
F64E
205F
EEE8
FD72
9A50
5662
1010
DD91
EB8B
C426
D4FA
52C2
19F0
30BD
F04D
2210
0068
0455
05B9
1FBD
E5F9
B438
28AC
D2F6
E17B
29BA
E1FF
1921
8001
2A4A
64AA
9C34
2D8D
5C8C
D0F8
00EE
9288
0FF4
E362
18BC
F749
DE69
E958
C399
0068
7FA0
F389
0AC7
9718
1D57
CDD4
0D91
DB14
0AD9
F84F
F390
CADB
0C40
0302
E41F
1583
CEB6
1413
37FF
F66C
218C
ED81
FDAB
9C4B
5770
11E4
DCDA
EB76
C490
D509
52FA
195A
30F8
EF9F
2218
00BB
0464
05FB
2031
E5DA
B50C
2843
D250
E100
2982
E1C1
1951
8001
2A4C
6458
9C98
2CF6
5BCF
D140
00C5
92D9
0FD1
E3AF
1912
F778
DE76
EA31
C331
00E6
7E8F
F32A
0AEE
9863
1D37
CE4C
0E3A
DA5A
0AA5
F80B
F38C
CAFC
0C1B
027C
E42A
15AF
CEEC
143A
3853
F643
210A
EDA3
FE20
9CD6
568D
1143
DCEE
EB57
C4E9
D5B5
5276
1974
2F8A
EF9E
21CA
0023
03D3
05F7
1FC8
E5D4
B5B0
2738
D395
E19D
291E
E2AB
181A
8001
29A3
63A4
9DC0
2D3C
5BB7
D148
016A
93B4
103B
E2CB
196A
F6CC
DEE2
E975
C398
0165
7D9E
F50E
0AB5
9AB4
1D1F
CDDE
0F3D
DA82
0AB4
F72D
F2D1
CC9F
0BBC
01C8
E4C7
15E5
CED1
1441
3757
F63C
20B9
ED3F
FD74
9CDB
5681
1134
DDC0
EB68
C661
D4E8
511C
1B29
2EE6
F155
2257
FF84
04C1
0664
20D9
E675
B3DE
2952
D192
E0D6
29F7
E093
195B
8214
2A7F
64CC
9D7B
2ED8
5D3B
D108
FFE6
93E6
1038
E5D9
167E
F782
DE03
E831
C38B
FF70
7FFF
F546
0AFE
943C
1CE6
CCD1
0E95
DCB6
0B72
F7F5
F367
CC89
0C44
02AC
E4F3
1386
CCF1
1512
384C
F663
1FFF
EE8B
FCBC
9B04
5701
10E3
DC87
EA28
C3A0
D552
525E
1A23
30E8
EFA3
220D
00AE
043A
05C5
1F03
E5C7
B4C9
2901
D250
E102
29A5
E162
1922
8001
2A39
6457
9BF3
2D35
5C67
D07D
0128
928A
0FFF
E367
18B3
F68F
DE79
E9DE
C46E
00BB
7F0A
F393
0ADA
96B6
1D14
CDDB
0E7B
DBB2
0A9B
F85E
F3A8
CA64
0C7F
01C6
E450
15B8
CF48
146A
374D
F6E5
2167
ED12
FDCD
9C8C
5751
1145
DCD8
EBEE
C478
D51C
52A6
1A6E
3013
F0B4
2247
FFCA
04DE
05B0
202B
E622
B2F5
2943
D325
E033
2A0E
E20F
189D
8001
2A9F
654E
9BEE
2E13
5DA9
D098
0232
92E4
119E
E3E3
18B4
F652
DE5F
E88D
C492
FFD8
7FC2
F297
0AEA
96E8
1D02
CC07
0DBB
DB77
0B7D
F779
F255
CB81
0B8F
0227
E4A6
14CF
CDBF
147C
3889
F64C
204F
EDD5
FCBA
9B3D
5812
117E
DD11
EAD8
C4C6
D4B7
53EA
196A
2F74
F07B
2271
00B0
04E7
059D
1F7C
E572
B42C
2879
D2B7
E12F
2A40
E261
194E
8001
2B67
658A
9B07
2E42
5CD6
D0A5
0151
91F3
1027
E3D0
1858
F711
DE40
E878
C23F
003B
7F99
F31F
0B07
9724
1DE2
CCE8
0DB1
D9CC
0B74
F898
F2D6
CA81
0BFE
022E
E454
1533
CE3F
1489
37BD
F6D1
20FD
ED39
FDB4
9B2F
56AD
113F
DCBA
EB27
C4C5
D598
54C2
1BE0
2C9A
F2C8
21A8
FD1E
06B1
0580
228B
E697
B042
2C04
D1BF
DF11
29E3
E149
1848
892D
29BD
6454
9F75
3063
5F3D
CFA9
0237
9212
0FBC
E8C4
15A0
F932
DDE3
E6B6
C672
FF14
7FFF
F341
0960
9247
1CCE
C9B3
0D43
DFB8
0D86
F719
F562
CAD2
0833
FF3C
E4EA
1115
CAEE
1394
33C7
F6CD
1D11
F017
FBD8
98E0
545E
0E31
DD40
E8E9
C29C
D3AA
53E7
186C
309D
F034
22A1
0002
0547
0657
20FF
E494
B31A
28F1
D116
E092
29F5
E107
1936
8001
2A76
65E2
9BEB
2F3F
5DCB
D06A
004B
91DD
104F
E4AE
176A
F869
DDB8
E908
C24C
0131
7FAB
F250
0B28
979F
1D24
CCC9
0E08
D88D
0B20
F76E
F316
CADE
0BE5
0322
E400
1567
CD6D
14F4
3817
F64C
20A6
EDA3
FDE3
9ADC
5830
10CF
DC49
E9CE
C52B
D92D
475C
22F1
0FB8
08DF
1E51
ED75
1210
032E
2D0E
E5FC
A217
336F
D40E
DD9D
274A
E4B1
1596
B2C1
1AA4
5C51
B293
3BF4
5F76
D576
05A3
A1D5
119B
FC6C
0D57
073F
DC9D
D8B4
E2D0
F913
7DB1
F36E
03D2
8001
1471
BF03
036D
EC7B
12D4
EEC7
F07E
CE59
01C5
01F2
E82B
F968
B94E
141B
20AD
FD57
0E8C
FC35
EFA2
8D63
45AD
0D02
E6A7
E233
BF5C
D542
53CC
1AA2
2E03
F1CF
22DE
FEF2
05D5
0809
2316
E66E
B00A
2B8B
D08B
DEE0
2A9D
E099
18DA
8001
2CF0
661A
9C7B
2F43
601C
CF74
0062
90B6
1024
E62C
15B6
F7CA
DC4D
E716
C104
FEC3
7EA1
F371
09F7
9268
1CEC
CA0E
0C95
DB9F
0C06
F78A
F3AF
CA2C
09C3
019B
E450
1127
CBA5
1565
36A8
F6F7
1FD2
EEF7
FC0E
9815
58F3
0FCD
DF27
EA34
C176
D49C
522D
1AC2
30DB
EF45
2239
0042
03FB
062A
2050
E561
B3C1
29A8
D21B
DFBB
2A4B
E07A
193B
8001
2BF2
6585
9AC2
2E6F
5DDD
CF65
FFEF
9123
109C
E42B
188E
F79F
DDB1
E8F8
C2A5
0019
7FA6
F448
0A61
94BD
1D75
CD21
0D7F
DC2E
0B5D
F89B
F346
CA52
0BC3
01EE
E41A
14EC
CE33
14D9
3828
F6AD
209B
EDBA
FD83
9B2B
56E8
0FA6
DCE9
EC14
C325
D4A5
53F7
1A52
2F92
F158
22DE
0009
0602
05B6
203D
E363
B158
2AB4
D0BC
E122
2A38
E212
194B
8153
2B61
66AF
9AB2
2EC4
5E55
CFFB
0223
90DE
1065
E594
16E9
F654
DDB8
E807
C31B
0001
7FFF
F390
0AEC
9330
1D0F
CB5C
0C7A
DA4E
0C0A
F801
F4D8
C9CD
0B80
0223
E42C
13C5
CC4E
156C
3823
F6BB
2100
EE1E
FE09
99AA
5749
121F
DBD0
EB35
C268
D5DA
524A
1A8C
304D
F02E
2253
00CB
0363
060B
1FF4
E61C
B3F4
27B5
D229
E0AE
29A8
E215
18BB
8001
29DD
648D
9D06
2CFE
5CDE
D0D8
0128
9370
10A7
E530
18AE
F6F1
DE92
E943
C3E2
0017
7EEE
F428
0AB1
97C8
1CFD
CD68
0E5B
DAA0
0B60
F6F6
F21F
CBF9
0B3B
010D
E4F8
13FD
CDA9
139D
378B
F7A4
204E
ED8F
FD0C
9C49
583C
11B1
DD9F
EA84
C5D4
D4AC
5369
1996
31DD
F021
2255
0049
04BA
053C
20A6
E4C7
B5C1
2A2E
D13D
E04D
2A1F
DF52
192D
8001
2AC8
650B
9C64
2EAA
5E14
CFE0
FF8E
906E
0FC4
E3EE
1829
F8DA
DDB8
E99D
C14C
0025
7E80
F42E
0A8D
95F5
1D86
CDE6
0E49
DAD8
0B06
F94B
F409
CA54
0BB8
02FA
E22E
152E
CD58
139F
3954
F75F
20E4
EDC0
FDA4
9B5E
571E
0F3B
DC11
EAB9
C3EC
D518
528F
1AD7
3070
F022
224C
00B6
0482
05AD
201A
E502
B373
2915
D1AC
E04C
2A23
E07A
1965
8001
2B29
646B
9C57
2D58
5D1F
D044
0100
9143
101B
E39F
17F1
F841
DDDC
E98A
C360
0037
7EC3
F40A
0A90
9632
1D25
CDBF
0EB7
DCA3
0B57
F88C
F39D
C9FE
0C79
01E7
E41B
14A5
CDC3
1423
3724
F7AE
20C8
EDD2
FD63
9BE4
5755
10E0
DCFF
EBB9
C3F2
D3A1
53DB
19FB
2DCB
F425
2253
FE54
0631
050C
221B
E4FF
B09E
2ABA
CFDF
E03B
2A76
DFF4
190A
85D3
2B13
6646
9A84
302B
5F21
D02B
01B9
92BB
10FE
E875
1656
F8F3
DC8D
E6F3
C188
FED8
7FFF
F54F
0AC2
9172
1D28
C915
0D73
D90F
0C4D
F949
F5AB
C990
0946
01CA
E495
1324
CA5C
1589
36EF
F89F
2049
EEFD
FC47
98A5
5559
0EF1
DCD6
E920
C2DD
D56F
56B6
198D
2F2A
F16B
2219
00FB
0508
0568
1F51
E643
B425
25F0
D191
E13C
29E6
E182
181F
82E7
2B64
6500
9DC4
2B86
5D07
D148
0219
92E6
0FB6
E6CC
17F5
F753
DEA5
E88C
BF84
00BE
7FFF
F415
0AF1
95B1
1E58
CD79
0D64
DA2E
0AFA
F71A
F1E8
CDAD
08ED
FFB7
E41A
152F
CCD1
14E0
365E
F5A0
1F08
EF8D
FDD4
999C
5552
0FF8
DD36
E8F1
C4A6
D61A
53B8
19C5
2E44
F0C9
226A
FE35
05B1
066E
22C6
E4F2
AF59
2A63
D0BD
E0DA
2A6C
E04D
185D
82A5
2B2E
6541
9E54
2F36
5E97
CFFA
01D4
922C
1160
E66B
16E6
F7B5
DDD2
E738
C296
FEFF
7FFF
F3D3
0A97
9360
1DD7
CB9C
0C8E
DD43
0D22
F850
F3F0
CC90
0B1D
01F9
E250
12E3
CB73
14A4
37AA
F6D2
2061
EEC3
FCE1
9951
565D
0FBC
DB06
EB39
C310
D33E
530D
1AD5
2D32
F487
22AF
FC30
0757
048B
22A6
E3A5
AF5A
2E44
CFF1
DE63
2B2A
DF10
1911
8630
2A71
66FC
99D7
3269
60E2
CCEC
0260
8EAE
1050
E9F2
1703
F8D7
DC90
E73F
C0B1
FCD5
7FFF
F4B8
09EE
8E48
1D84
C75E
0C7B
DC1D
0D30
FB3E
F3C4
C81F
0869
FEDB
E31B
1269
C9CD
1396
35A4
F77A
1FDD
EE92
FB72
9732
57C0
0D0B
DBE0
E961
C175
D55C
5310
1ADB
2F74
F04D
2273
FFEC
0478
05CD
2171
E599
B141
2986
D199
E025
2A51
E0E9
1968
8102
2AE0
659F
9B9C
2E4B
5D9A
CFE6
01CA
90C0
1059
E4D5
1859
F800
DD89
E8BD
C2B4
FFE5
7FFF
F432
0AC4
9451
1D93
CBA7
0D37
DBE9
0BFC
F848
F3AF
CA01
0C4E
02A5
E40A
1447
CC8B
1443
3748
F743
211A
EDD9
FDED
9AD6
572D
1074
DC8C
EBF2
C410
D529
51AE
197B
3181
EF58
219D
0165
03B5
05D2
1F01
E5BA
B6F7
2839
D27C
E171
2937
E1A0
18FD
8001
2A5A
6326
9D61
2CF6
5B64
D15A
FFA9
9372
0FD6
E33C
18D3
F832
DEA3
EA92
C40F
0111
7D65
F424
0AC8
9931
1D16
CF6D
0EA0
DB3C
0A37
F854
F3B3
CB33
0C7E
028B
E40F
1643
CF89
13F0
37F0
F731
2100
ED50
FE4C
9E39
55EA
10A1
DCC5
EC01
C57D
D584
525C
1963
30EC
EFEA
21FA
0137
03E2
0671
1FD0
E4F5
B5FE
2847
D31C
E1A0
299D
E1B5
18B6
8001
2B24
6409
9C9A
2D69
5C4E
D130
00E1
9319
1077
E31C
18A9
F6C6
DE7A
E9A8
C42B
011F
7E7B
F414
0ABE
9835
1D6D
CE61
0E48
DB2F
0B38
F870
F330
CBA3
0C4B
0252
E459
15D5
CEC1
1483
37A7
F627
212E
ED77
FDC0
9C5D
56F2
11BA
DD21
EB18
C47C
D3AE
53FF
197F
2FC8
EFA1
222E
FF69
04C1
05AA
214A
E459
B1DF
29F5
D182
E08C
2A80
E104
193A
81C8
2BA2
6563
9C73
2F25
5EAA
D055
0266
9180
110F
E58B
16B8
F743
DE52
E7E2
C4B8
FF0A
7FFF
F26C
0A56
93D7
1CAB
CBFD
0D30
DBCE
0C0C
F715
F2FD
CBFE
0AB8
010E
E47A
13C1
CC80
14F5
376D
F7B5
214E
EE70
FD7C
9A87
57C2
10C7
DCC5
EB90
C2F0
D456
54A2
196F
30E8
F146
2283
FFF4
04BF
059C
2114
E43D
B25B
29FF
D069
E019
2A35
DFD0
1921
8001
2C25
65F4
9B2C
2EFF
5EBE
D027
015B
903A
1003
E4A7
1781
F814
DD96
E86D
C182
004D
7FF0
F438
0AE1
94B7
1E60
CC61
0DDE
DAD5
0B93
F845
F3D4
C99E
0B54
0280
E349
150C
CCB7
155C
3876
F678
2186
ED8F
FE5E
9A3C
5772
107F
DABF
EBC7
C323
D558
533F
1AB2
2FB1
F001
2250
0156
0382
06D8
2110
E682
B29A
27D8
D221
E16B
29F1
E25C
190D
8001
2A29
64F9
9BAA
2DE1
5D40
D099
01D1
91C3
1144
E4AB
193D
F6A3
DE67
E8C6
C471
0058
7FDB
F3EE
0B13
970B
1D6F
CCA8
0D9C
DA8D
0A32
F7B1
F267
CC14
0B29
02B7
E41A
1602
CD4E
146B
373B
F6BC
20C9
ED9A
FD20
9AF0
57E2
10B3
DD20
EAE1
C4B4
D4FA
545E
1A56
30C2
F03D
226A
0021
04E1
0578
1FFC
E5E0
B330
2901
D2AA
E052
29EF
E1D3
18C6
800B
2ABA
6590
9C2F
2D6D
5D8A
D02C
015C
927A
0FDE
E4BD
1925
F6EC
DE55
E8C7
C35C
0048
7FFF
F278
0AF1
9738
1D26
CC86
0DB8
D8F4
0B16
F750
F1AB
CBC3
0B70
0158
E436
14FF
CDC0
1463
3857
F6A6
20F7
EE01
FD5C
9B32
5823
120D
DD37
EA41
C414
D497
536A
19C6
3195
F08C
228A
FFD6
0446
05E1
2066
E591
B425
2956
D21C
E092
2A40
E1DE
1921
8001
2AF4
652C
9CBA
2E6B
5DAC
D03D
00CD
92CF
1019
E3C9
182C
F7B4
DE40
E8E1
C3B2
FFFF
7F1D
F381
0A92
963D
1CF2
CCFF
0D8F
DA4C
0B7D
F8A6
F335
CB31
0BEC
01ED
E3B6
1523
CE0D
13EC
37F8
F5DF
20D2
EE03
FD82
9B89
56C6
1132
DC8C
EBFB
C46B
D57F
533B
19CB
3103
F0FB
2317
FE65
0608
05A5
22E7
E4D8
AFB8
2AFE
CD61
DDAE
2AA4
DC54
18AF
815C
2C07
66A4
9CDF
3094
6072
CF86
FE8D
8EBF
1052
E700
1753
F9F7
DBD0
E82D
BFB3
FE64
7FFF
F424
0A84
918E
1DB9
CBA9
0E1A
DCAC
0C54
F9FB
F56E
C88A
094B
0048
E360
12B6
CB35
1486
3912
F77D
1F53
EE2E
FD1C
98B0
5746
0CDC
DBCA
E97A
C139
D513
53E8
1B16
307D
F111
2252
0013
05A3
059A
1F8F
E4B6
B2DA
2942
D01A
E009
2AC0
E156
17F8
81BB
2B54
6717
9B83
2F03
5F0F
CE0D
FFC7
90BA
1071
E805
180B
F590
DD22
E8F6
C021
FD66
7FFF
F670
0A45
9228
1E53
CA2F
0D40
DCCD
0D15
FA4E
F44C
CB68
0AD5
FF8E
E504
1321
CB5D
15F2
382D
F542
1EF6
EE80
FD40
97BA
5526
0E80
DC34
E9E6
C1BF
D1B7
5177
1DD9
2DB4
F1DB
22D9
FCC7
08B5
0603
2456
E611
B127
2DB2
D0D7
DD21
2A3A
DCAE
1AD6
8901
2870
65CF
9E2F
317F
60CA
CD35
FF98
8D41
0E46
EAB2
1398
F9F9
DC3F
E59F
C4EF
FAC7
7FFF
F439
083C
8E31
1BDA
C8C8
0DE8
E0F0
0D70
F7F4
F652
C88F
0878
00B3
E19C
0F7A
C772
136D
350A
F8D2
1E03
F026
FABF
9651
532F
0C75
DD72
EA57
C096
D3AE
557D
1ECE
28D1
F518
2312
F846
0BA9
03BD
2328
E66A
AFFA
2FBD
CD15
DCCD
2BAF
DEB3
1709
8B78
294C
68A6
A054
33CA
650A
CAD7
FFDD
8E3D
0EFB
EEBB
126F
F9A8
DBF5
E26C
C4C2
FBAA
7FFF
F52E
0887
880F
1D32
C646
0EC8
E1CA
0F15
F6DF
F891
CD11
0569
FF1F
E582
0D5E
C520
1544
31C0
F790
1BBE
F31C
F882
9173
52F1
0BE0
DD94
E716
BDD4
D43C
53A7
1B01
30E0
F020
2241
FFC6
0419
058C
20D6
E4F2
B3B3
28CC
D1F1
E089
29BC
E0D6
1966
8001
2A74
645D
9CF7
2D85
5D0F
D0E0
0079
9287
109C
E536
17CD
F7E2
DE64
E90B
C48A
FFA2
7ECD
F3D6
0AD3
96F7
1CE7
CD3F
0D8C
DBD9
0AEE
F794
F319
CA93
0B3F
013D
E39B
14B3
CD75
1472
38B6
F759
2117
ED7D
FD77
9BF3
56EC
100D
DC71
EAE8
C507
D47E
53FF
18CD
2C87
F3C0
2133
FDD1
077C
05CB
2260
E4C5
B404
280E
D284
DFBF
29D4
E03E
1826
8890
2B22
64E7
9B6B
2E7B
5C38
D24F
0249
9212
0FF2
E987
16CD
F6FC
DE27
E780
C4C0
FE40
7FFF
F15B
0B0D
94DB
1DA3
CA54
0B04
DA0E
0CC2
F84F
F4AB
CB66
09DF
0085
E411
132A
CCEA
16B7
34FA
F564
20A7
F018
FD01
9A39
5399
0EB2
DE2E
EAEB
C64B
D56C
5334
1999
313E
F07E
21F4
00E0
03CE
0620
20AC
E50B
B3D5
2850
D31A
E1E8
29A3
E14A
182D
816C
2A63
64A4
9DF4
2C94
5C1B
D264
00F7
93C4
108F
E4BE
17CE
F5D9
DEAD
E926
C1B8
FFFD
7FFF
F54C
0AFD
9807
1D50
CD5F
0D50
DB5E
0BD3
F8D6
F225
CDA1
0C23
0037
E4AB
1577
CD24
14AA
375B
F4C9
2051
EDE8
FEA4
9C68
566A
1019
DCC4
EAE3
C625
D55F
5273
1926
3076
F00D
220C
0041
0420
05B0
1ECC
E626
B58F
27DF
D2ED
E12F
2984
E230
18A3
8001
29EF
6451
9CDB
2CCC
5C3A
D0E1
011F
9355
0FBE
E381
1985
F6F8
DE95
E959
C30E
00FE
7EB9
F3BA
0ACC
99C7
1D10
CDE9
0DB9
D905
0AE7
F776
F279
CBEB
0BF4
0273
E471
1579
CEE5
13D6
37B7
F712
21AB
ED5C
FE17
9CF3
56B3
11F5
DD21
EB4A
C50C
D501
5305
1982
3137
EFED
2211
0085
0492
05EB
1F6A
E57A
B51E
287D
D273
E158
29C1
E1BE
1933
8001
2A86
64C1
9BF6
2D72
5C41
D0BE
00C1
9280
0FF3
E388
18DA
F6C7
DE56
E9B2
C2E3
00DD
7F85
F3E9
0AFF
980A
1D73
CDEE
0E38
DA44
0AA1
F860
F3E0
CAD1
0C91
02B5
E42E
15EA
CF09
1495
37D5
F69E
2155
ED82
FDED
9C7E
5701
113D
DCB1
EB67
C53B
D4C5
51DA
1A4E
305D
F07E
227F
FFED
0609
0509
2039
E4C8
B508
2A68
CFBA
DF7B
2A61
DF25
19E7
80E0
2C55
65C1
9BF8
2EFD
5E7C
D109
FEAF
8FC1
0F75
E534
1665
F998
DD50
E94A
C0EC
FF88
7FFF
F6C6
0AAD
926F
1F42
CCA0
0FBC
DCEF
0BFF
F9FC
F430
C9FB
0B6B
0173
E35D
14A5
CC37
1495
37A5
F5B7
2007
EE4E
FE5C
9A5A
56E8
0E23
D9C9
EABD
C284
D5E0
52FE
1CDF
2AB0
F53F
2317
F98D
09D6
0463
232D
E4E5
ACA0
2E4A
CC2D
DBA9
2AF5
DCA3
183C
8C1F
29F1
6846
9DA5
313E
61B0
CDA4
00FD
8F94
0EA9
EE45
12FA
F895
DC4B
E61B
C363
FC44
7FFF
F2B7
0A21
8AE3
1CA0
C562
0B84
E067
0F82
F7A3
F5F9
C8B7
0770
FAF4
E3B8
0DF2
C803
15E0
3186
F79E
1CA0
F0DA
FBCC
940B
533B
0C11
DBF8
E8D2
C05E
D532
518D
1A80
3094
EFF1
220E
0026
0466
0539
1F7B
E709
B295
2861
D34F
E074
2A0F
E260
18AF
817B
2A35
645A
9C24
2CFB
5CB4
D064
01E9
92DF
0FBC
E3DC
17D2
F704
DEB2
E863
C374
FF5F
7FFF
F493
0A96
9692
1CC6
CDC4
0D1F
DB38
0C0D
F7E4
F336
CBED
0B27
0149
E4C7
143E
CD85
14B7
3706
F773
2011
EDAB
FD95
9BC9
575B
10C1
DDD6
EC26
C3C8
D534
55D0
1B7C
2F53
EE98
2278
00C8
029D
05C9
21CF
E5FF
AF89
286C
CFC8
DF98
2997
DF6F
188F
8001
2C43
6591
9CFF
2E1F
5E27
D033
0349
8FCF
1095
E5D0
1721
F605
DE12
E83B
C1C9
0027
7EE3
F373
0ABB
9379
1D75
CB19
0D43
DED6
0B45
F6D6
F145
C9D9
09DE
FF67
E4B2
136D
CCF6
1563
3816
F65F
1F85
EDAE
FE1B
99FC
5760
0DB1
DCB9
EB25
C3B1
D57F
5412
1A3F
3022
F0D6
21F8
008E
04E5
0596
1FF5
E649
B469
28F4
D145
E05C
29D6
E141
18D8
81D2
29F4
6560
9CBD
2D72
5D07
D058
00B9
922B
0FD7
E4D5
17B7
F74E
DE15
E90F
C1B3
009F
7FFF
F3C5
0ACD
9713
1DAA
CCF8
0DF4
DB3A
0B38
F88E
F311
CADF
0BC0
011D
E4BE
14DC
CE3A
1548
36A8
F759
1FC9
EDFF
FE2F
9BA6
5658
0FFA
DBFF
EA7F
C4F1
D52B
51AA
197D
3179
EF56
219E
0163
03B2
05CE
1EFF
E5C3
B6F5
283B
D280
E171
2936
E19E
18FE
8001
2A59
6323
9D60
2CF7
5B60
D15C
FFA4
9373
0FD5
E33A
18D2
F82F
DEA4
EA96
C416
0110
7D62
F424
0AC6
9928
1D16
CF71
0EA3
DB46
0A33
F859
F3B0
CB32
0C7F
0288
E412
1643
CF8F
13EE
37EC
F730
20FC
ED4F
FE4A
9E3B
55E9
10A2
DCC5
EC05
C57B
D441
4DA8
1D24
2703
F708
21F9
F6DA
0CF3
05A0
217C
E1E1
ADF3
2F9D
D051
DB92
2A9A
DEE5
18FA
90EB
2ABE
6437
9FB1
32D8
6057
CD69
0252
8FA7
0D3E
EFF6
0DA5
FA44
DC1C
E4A7
C81D
F70F
7FFF
F477
084B
89E3
1B0B
C4F0
0A6A
E422
0DEC
F926
F918
C7C9
0324
FF19
E589
0C4D
C7E6
1363
2DBE
F7B1
1C9A
F211
F89A
95E0
5086
0CAA
DFD5
EB35
BF32
D51B
51E8
1919
305B
EF9C
21A2
00BD
0348
05EB
1F86
E620
B5C6
2781
D2C5
E10D
2931
E1F8
192A
8001
29C6
6367
9D89
2CA0
5B13
D177
FFB1
9389
0FB3
E471
1917
F7CA
DECD
EA3B
C3EB
0135
7D62
F3A4
0AAA
9922
1D13
CF3A
0E53
DBCF
0A5B
F865
F342
CB46
0C52
025F
E49B
155B
CFD6
13D5
376B
F787
213E
ED70
FE72
9E63
55C7
109D
DD37
EBF9
C589
D4E7
534F
1C02
3155
EFEC
23BC
FF31
0703
0634
2108
E295
B0CE
2DEF
CD37
DEB7
2B78
DC77
1AA0
8372
2B6A
6874
99EE
3010
61F8
CD27
0173
8F8E
1173
EA18
1694
F6E1
DCA6
E796
C568
FF2C
7FFF
F393
0A5C
8DB3
1D91
C95D
1069
DE8A
0B45
F8CE
F406
CA48
08E9
FF82
E509
1139
CAA4
1471
358C
F838
1F2E
EFAE
FC75
97CA
5987
0E60
DE54
E86F
C175
D4E8
538C
1AE4
2F51
F0A1
227A
FF60
059A
0636
222B
E4B9
B145
2AC1
D1A8
DFF1
2AC3
DF4E
19DD
8201
2AD0
652F
9AAD
2F1D
5F43
D020
00E8
904E
1109
E591
1687
F56C
DD6F
E7C4
C26F
FF73
7FFF
F367
0AAB
924C
1D49
CC33
0DCC
DE60
0B46
F838
F402
CAE6
0BC4
013F
E3DF
13F7
CBA9
142E
37D0
F6C1
1FAA
EE48
FCF0
9909
5855
1012
DC8E
EB6D
C2FD
D555
5333
1A21
302B
F059
21FC
00AF
036B
05F2
200A
E5C2
B386
2866
D2B9
E1AE
29BB
E1C2
190B
8001
2A7C
6482
9CB4
2D6A
5CF8
D105
0101
9303
1004
E446
192D
F734
DE51
E95E
C3FD
002A
7F65
F479
0AD7
9707
1D59
CD72
0DAE
DACB
0B43
F7A5
F29B
CB36
0BF1
01B6
E457
1547
CDA9
1446
376E
F750
21EB
ED78
FE14
9BDC
575C
119C
DCB9
EB8B
C4B5
D529
51AB
197E
3182
EF5A
219E
0166
03B9
05D0
1EFF
E5C2
B6F9
2830
D281
E172
2938
E1A4
18FE
8001
2A59
632A
9D63
2CF6
5B62
D159
FFAB
9375
0FD5
E338
18D4
F82B
DEA5
EA90
C40E
0112
7D66
F423
0AC8
9935
1D16
CF6E
0E9D
DB3A
0A37
F854
F3B0
CB39
0C7D
028A
E410
1640
CF87
13F0
37EF
F732
20FF
ED4F
FE4B
9E38
55E9
10A1
DCCA
EC01
C582
D139
4EAF
1EE3
256D
F4A4
2265
F448
0B40
02B1
22ED
E70B
AD72
32A4
CB8B
DD9A
2AEA
DE4F
1646
8F86
262A
66CD
A63A
3739
625E
CD95
FC1D
92CA
0DEB
F528
0F9D
F8BB
DCA5
E190
C86C
F5E5
7FFF
F0EA
07F0
8778
1A2D
CAFC
0CC4
E8A9
0CA6
F2E0
F087
CAB9
02E1
00F9
E4C8
0827
CB9D
16C5
2ED4
F19C
18D6
F3F5
F634
91F6
5501
091E
E32D
EA8D
BBEE
D49E
41FE
2363
14E6
F72B
1DD4
EE2A
0E86
05A5
2BE7
F2BE
B387
2E27
C7F3
DC6F
2455
D96E
186E
A93F
1B66
557F
BA2D
2FB7
5EBA
CDF3
030B
96D1
0EC1
02BD
0592
FBE8
DF13
DDA4
DD9C
F4B2
6F13
F9E0
0170
8001
14CB
C494
0985
F61F
0E37
EC01
F7D6
CFB7
FC12
F762
E906
FE89
C155
13D2
18ED
FE56
083F
FDA6
F138
9371
3E26
FB08
E21B
E8F6
C023
D530
52FC
19D9
30EF
EFDA
21F8
011E
037D
05E5
1FA4
E5A2
B528
27FD
D29F
E13E
296B
E1BF
1917
8001
2A35
6408
9CBD
2D12
5BD3
D11A
00AD
9324
1024
E397
1914
F7F2
DE73
E9D4
C33E
00EC
7EBA
F446
0AFB
98D6
1D49
CE18
0E80
D9C8
0ACD
F7B3
F2A5
CB37
0C49
02A1
E429
15D8
CEAD
1450
37F3
F684
210A
ED7D
FE35
9CAF
5640
1107
DCED
EBC4
C515
D53A
52E5
1AE1
31C0
EEF4
2248
014E
0489
066D
20DC
E480
B221
2977
D0A8
E05A
29FB
E0D1
18FE
8001
2B1B
6496
9D05
2D86
5E37
CF60
00BD
915D
10DD
E411
182A
F7C3
DE10
EA20
C46B
FFD3
7E47
F4C1
0A93
94C3
1D96
CDCC
0E5F
DD6F
0BB4
F70B
F441
CADF
0B0D
0181
E420
145D
CD55
1451
36DE
F812
20BC
ED0C
FE2C
9B0E
5768
0F3E
DD68
ECAB
C515
D550
5411
1B5F
3035
EFC5
22A1
005D
04BF
0711
21A8
E59A
B337
29FE
D0C4
E0F1
2A58
DFC1
1912
808E
2BA4
65E3
9BF8
2E1C
5E52
D00D
00FF
90B6
101C
E4A4
17FB
F5F3
DDCC
E875
C3DA
00DB
7FFF
F423
0A87
94E0
1E1C
CC24
0E52
DD5E
0B6B
F813
F301
CA6A
0BA6
0283
E348
154B
CD50
1594
3743
F73C
215A
EDAB
FDB7
9A6A
5787
10F2
DC5E
EBCA
C39B
D46D
535D
1A6A
307C
F078
2257
0027
0520
05BB
1FED
E537
B403
295D
D27E
E045
2A05
E1E2
18E0
8001
2A5A
6532
9B72
2D40
5D11
D019
0167
92EB
1095
E4B9
187F
F6E1
DE81
E920
C331
005A
7F86
F2B2
0AC1
97DE
1CE2
CD1D
0E26
DB4B
0B0E
F837
F293
CBAA
0BD6
00F5
E45F
1503
CDDC
13FB
3923
F6B8
207E
ED89
FDC8
9C6B
56BA
1202
DCFC
EA87
C56A
D4CA
5308
196C
3122
EFE0
2216
00B3
0435
05B5
1F92
E56B
B4DE
28B4
D2A8
E127
29B5
E1CF
1922
8001
2AA2
649F
9BC2
2DAF
5C92
D0F8
00B9
92AF
105E
E38B
1934
F7FF
DE53
E9D5
C310
00F5
7F1A
F359
0AE8
9775
1D79
CDF6
0DBF
D9AF
0AA0
F85C
F36B
CACF
0C7E
0239
E3E8
1616
CEE0
13FD
382E
F684
214D
ED3C
FE00
9CD0
570F
1145
DCBE
EB4E
C49F
D45A
53E7
1A96
2F55
F11D
2224
FFBE
050C
062C
211A
E530
B18E
29CA
D25E
E050
2A1A
E14F
1957
819F
2B89
6515
9C39
2EF6
5DDF
D09F
0229
9220
1031
E52B
17B7
F85C
DDA3
E8B7
C43D
FF4A
7FFF
F3F5
0A57
94A9
1D3C
CC11
0CF4
DAA3
0B72
F7D0
F480
C9F8
0B26
0200
E4CA
147F
CCA5
14A8
3726
F729
2116
EDE9
FD24
9ACD
573C
11B3
DD5C
EB18
C377
D61A
547E
1A4D
2D58
F2D2
2226
FFB6
0727
03F6
2294
E6FB
B0F2
27C1
D035
E0BC
2A54
E242
196A
84E4
2AE0
6734
9BD9
2CCD
5D9C
D0F8
FFF1
901D
103B
E762
157D
F467
DE42
E639
BD88
FD54
7FFF
F3A6
0B61
916F
1E73
C903
0D02
DED0
0D3C
F9D0
F46C
CB32
0A99
0230
E52F
118A
CAA3
16C3
388B
F500
1F0E
EEF1
FE7D
9688
554F
0F20
DCEE
EB1B
C42D
D473
5392
1A41
3088
F006
229C
0112
05B6
05B7
2033
E50A
B526
288E
D232
E0BD
29FD
E193
18CB
8001
2A4F
657D
9DBB
2DF3
5DD1
D08B
0198
9135
103F
E3CC
18AF
F71D
DDBE
E91C
C258
00C6
7F96
F2CE
0AF7
96B2
1D02
CC11
0EBF
DAF3
0BC5
F6D9
F3E4
CA94
0B35
0116
E3F1
1500
CCF2
1443
3754
F775
2099
EDB6
FDF2
9AB9
585B
109C
DDD8
EAC2
C528
D558
5340
1A59
3063
F027
2245
004A
04BB
0626
20DA
E551
B321
29E8
D0EF
E06E
2A18
E0EE
1927
8174
2A54
6531
9C8F
2DC9
5D00
D083
00B2
91D0
1009
E4D1
17E9
F6DC
DE53
E9AC
C4EE
0016
7FFF
F37B
0AEF
94F4
1CF2
CD55
0D2D
DD44
0B17
F925
F404
C99F
0C0A
01AF
E417
14D2
CDEA
1461
36DD
F738
21BA
ED7F
FE31
9BA6
56A1
10CB
DC06
EB77
C478
D53B
52B3
1A0A
3082
F0C1
2215
0097
0413
05B3
1F4E
E637
B3E1
27C3
D358
E13C
29B6
E22C
18B7
8001
2A70
64B5
9C97
2D24
5C9B
D15D
016E
9348
10C9
E3B2
19C8
F73E
DE5A
E96A
C315
0070
7EF7
F428
0AE9
986B
1D48
CD67
0D36
DAEC
0B1C
F796
F36A
CB28
0C0A
01AC
E440
1595
CE4D
1461
37CA
F6D2
21A9
ED74
FDB6
9C5F
575E
11F5
DCC1
EB26
C48A
D3B0
50B3
1CB2
2DEC
F3E7
220D
FCC9
0646
03DD
21FB
E719
AEBD
2C3A
D362
DEA9
2A34
DEE7
195C
8A8B
27E7
6468
9EC5
30D5
5F55
CF20
0203
9325
119B
E9C5
1392
F9DE
DDB6
E53B
C501
FBFE
7FFF
F339
0933
8F7C
1BE5
C9DD
0A51
E085
0F35
F6D1
F32F
C98F
08BC
0138
E388
0F72
C7C8
1457
3346
F6EB
1BFF
F06F
FA33
95AC
5535
0E3E
DF79
E855
C18F
D529
51B0
1978
3183
EF54
219E
015F
03BC
05D0
1EFC
E5B8
B6FC
283F
D278
E171
2938
E1A1
18FE
8001
2A5C
6329
9D63
2CF7
5B64
D159
FFA6
9372
0FD3
E339
18CD
F82E
DEA3
EA93
C40B
0113
7D67
F420
0AC8
992C
1D16
CF6D
0EA0
DB3E
0A36
F858
F3B4
CB37
0C82
028A
E410
1642
CF8D
13EE
37EF
F72F
2100
ED4F
FE4B
9E38
55EB
10A2
DCC9
EBFF
C57D
D529
51B0
1979
3181
EF59
219E
0161
03B8
05D0
1EFB
E5BD
B6FB
283C
D27E
E171
2939
E1A1
18FE
8001
2A5A
6329
9D64
2CF7
5B64
D159
FFAB
9374
0FD5
E33B
18D1
F82F
DEA4
EA94
C40B
010F
7D67
F423
0AC8
992E
1D16
CF6F
0EA0
DB3D
0A36
F857
F3B1
CB37
0C80
0289
E411
1646
CF8C
13EF
37ED
F731
20FF
ED4E
FE4A
9E38
55E9
10A2
DCC1
EC00
C57B
DD36
592D
2923
0B5A
0D82
1C1C
E329
1E4F
FEC1
2155
EC3B
A76C
1A82
CFD9
D85A
294A
F080
1A8A
B686
22D1
5F30
AFF0
2FE2
5B9D
C8CD
17CD
8E85
0F03
FD64
FB46
EF64
DBEA
DEA0
D13A
F0FC
7FFF
F398
0789
9369
207B
C8C4
FB5F
F316
1EC9
FE61
F164
CF31
F743
E84E
E665
F89E
CDC1
183C
2163
E6A5
F7D2
FCC6
F3B3
9066
2C20
05AD
CFDB
D774
B252
E37E
5052
15E0
17F8
F544
20FD
0018
1516
FA99
0EA4
EE7D
A747
193A
CDEE
DE0D
291E
D82C
04F3
99F4
307F
6541
A5BA
2B1A
4E4E
D486
0E54
8001
079E
FB41
083B
E744
E297
E044
B612
E2E5
6DB1
0996
0FB5
8222
2E69
C388
0D25
FEAF
1982
070A
F68C
D7EE
076F
EEDC
EADB
FFB9
D783
28A8
3C2A
E074
03FA
F4F3
FC8F
93AC
2D88
E6FC
D50F
E959
BAE4
D3F8
5506
1B4C
30EF
F085
2313
0089
055E
0539
226D
E40D
B1C6
2AFA
CEED
DF51
2ADB
DEB4
193D
80FB
2B0B
67DB
99A7
2F67
5F5F
CF67
0076
8E8B
110A
E540
16DC
F7BB
DCAE
E8A1
C251
FFCA
7FFF
F368
0B4D
9119
1DEB
CB86
0CFD
DD08
0B7F
F863
F49D
C7EA
0B83
0133
E2AD
1482
CBBF
1600
38BD
F730
2080
EE12
FD8B
9883
56BC
1097
DAE9
EAF6
C1F8
D448
5367
1A82
309D
EFFA
2234
00C3
0475
061F
1F98
E5DB
B442
271C
D2C3
E0F3
29E6
E294
1893
8179
2AA2
654B
9ADE
2E2C
5CB0
D076
0054
923C
108F
E496
18C2
F646
DE75
E935
C4A9
00BB
7FFF
F315
0AEB
9618
1D11
CD42
0D17
DBD5
0A9B
F80D
F360
CBA2
0BBD
01A9
E3EF
152E
CDEC
14FB
37A3
F5DE
2102
ED9E
FD8A
9C18
5717
1146
DCAD
EB80
C456
D52A
51A8
197E
317F
EF5A
219E
0168
03B3
05D2
1EFF
E5C6
B6F7
2830
D27C
E172
2936
E19F
18FE
8001
2A56
6324
9D5F
2CF3
5B63
D15C
FFA4
9375
0FD8
E33F
18D6
F82D
DEA5
EA91
C410
0111
7D61
F424
0AC8
9936
1D16
CF6F
0E9E
DB3B
0A34
F853
F3B2
CB37
0C79
0288
E412
1643
CF89
13F0
37EE
F735
2100
ED4E
FE4E
9E39
55E9
10A2
DCC5
EC02
C57F
D52A
51A9
197F
317C
EF58
219E
0167
03B1
05CF
1EFF
E5C9
B6F3
2834
D280
E171
2936
E1A0
18FE
8001
2A5A
6321
9D5D
2CF2
5B63
D15C
FFA4
9374
0FDA
E339
18D6
F82C
DEA3
EA94
C416
0111
7D61
F426
0AC7
992A
1D17
CF71
0EA0
DB46
0A33
F857
F3AF
CB31
0C7C
0289
E413
1644
CF8A
13EE
37EA
F733
20FD
ED4F
FE4C
9E3B
55E9
10A1
DCC5
EC07
C57D
D52A
51B0
197A
317F
EF5C
219D
0169
03B3
05D2
1F05
E5B6
B6F1
2833
D280
E174
2936
E1A1
18FD
8001
2A5B
6321
9D61
2CF7
5B64
D15B
FFAA
9376
0FD8
E33D
18D2
F833
DEA3
EA95
C411
0114
7D63
F425
0AC9
992E
1D16
CF6D
0EA3
DB39
0A37
F852
F3B4
CB33
0C7C
0288
E410
163F
CF82
13F0
37F1
F72D
20FE
ED52
FE4B
9E37
55EC
10A2
DCC8
EBFD
C57C
D58E
51DB
198F
313A
EFF6
21D0
0185
043B
05FB
1F6F
E5C3
B794
2781
D2E8
E15A
28F9
E227
1858
8001
29CA
634F
9E4C
2CC3
5B37
D1C2
FF73
93BA
10BB
E34A
190C
F88F
DEE2
EA0D
C3C3
0149
7D05
F4D5
0ABD
99A7
1D58
CE8D
0E75
DC0C
0AB6
F780
F35C
CC01
0BE8
01C2
E45B
1552
CEFB
13CC
38CF
F6B0
2026
EDB0
FDBD
9DBF
5685
1108
DD79
EB1B
C65F
D48F
52AF
1962
314F
EFC1
21DC
0075
043B
05C6
2031
E59A
B587
2935
D1CE
E0C1
2982
E1B7
18B3
8001
2A66
6441
9D4C
2D23
5CB2
D0B0
0048
92A3
0FDC
E426
18AB
F71C
DE9F
E992
C44D
0058
7D8F
F343
0A9F
98B5
1CED
CE3F
0E87
DB6D
0AA9
F7E0
F366
CBC1
0BC5
01C4
E459
1548
CEA6
1415
37C5
F638
206C
ED88
FDBB
9CF4
567B
1141
DD0A
EB35
C4FF
D52A
51A7
197E
3180
EF57
219E
0165
03B4
05CF
1F00
E5C3
B6F7
2839
D27D
E170
2936
E19F
18FC
8001
2A59
6325
9D5F
2CF7
5B61
D15A
FFA8
9372
0FD7
E339
18D4
F82A
DEA4
EA93
C415
0111
7D63
F424
0AC7
992D
1D16
CF6E
0EA1
DB42
0A35
F856
F3B2
CB34
0C7F
0289
E412
1643
CF8C
13EE
37ED
F731
20FE
ED50
FE4C
9E3C
55E9
10A3
DCC7
EC08
C57F
D52A
51A9
1981
3181
EF56
219E
0168
03B1
05D2
1EFF
E5C4
B6F9
2834
D27D
E170
2936
E19F
18FD
8001
2A58
6325
9D5F
2CF4
5B63
D15C
FFA6
9372
0FDA
E33D
18D4
F82B
DEA3
EA93
C417
0111
7D64
F425
0AC8
9929
1D17
CF6D
0EA2
DB45
0A35
F853
F3B3
CB32
0C7E
0285
E413
1645
CF8D
13F0
37ED
F733
20FF
ED50
FE4B
9E38
55EA
10A3
DCC3
EC07
C57B
D52A
51A9
197C
317C
EF59
219E
0169
03B3
05D2
1F01
E5BA
B6F7
2837
D27E
E174
2935
E19F
18FC
8001
2A5A
6323
9D61
2CF7
5B62
D15B
FFA4
9376
0FD9
E33D
18D2
F830
DEA3
EA93
C416
0116
7D61
F426
0AC7
992D
1D16
CF6D
0EA6
DB3E
0A36
F852
F3B3
CB38
0C7C
0289
E412
1641
CF88
13F1
37F3
F731
20FD
ED52
FE4C
9E38
55EC
10A3
DCC6
EBFE
C57A
D52A
51AC
197E
317F
EF58
219D
0167
03B4
05D1
1F01
E5C0
B6F3
2835
D281
E170
2936
E1A1
18FD
8001
2A5A
6324
9D5E
2CF5
5B61
D15C
FFA8
9373
0FD7
E33B
18D4
F831
DEA3
EA93
C414
010E
7D64
F424
0AC7
992F
1D17
CF6E
0E9F
DB41
0A36
F853
F3B2
CB34
0C7B
0288
E411
1643
CF89
13F0
37EF
F730
20FE
ED50
FE4D
9E3A
55EA
10A3
DCC9
EC05
C57B
D52A
51AC
197E
3181
EF53
21A0
0167
03B5
05D4
1EFD
E5BF
B6F8
2836
D27A
E170
2937
E19F
18FD
8001
2A5B
6329
9D5B
2CF6
5B65
D15A
FFA4
9370
0FD8
E338
18D5
F82B
DEA2
EA91
C416
0113
7D68
F423
0AC8
992B
1D16
CF6B
0EA5
DB3F
0A34
F852
F3B3
CB38
0C7F
0288
E411
1643
CF8A
13F0
37EF
F734
2100
ED50
FE4B
9E35
55ED
10A2
DCC5
EC02
C57A
D52A
51AA
197C
3180
EF56
219F
0164
03B8
05CE
1EFC
E5C3
B6FA
283D
D27E
E16F
2938
E19F
18FE
8001
2A59
6327
9D64
2CF6
5B61
D15B
FFA6
9375
0FD6
E33E
18D2
F82C
DEA5
EA95
C40E
010D
7D65
F421
0AC8
992F
1D18
CF70
0E9C
DB44
0A35
F858
F3AF
CB34
0C7F
0288
E412
1647
CF90
13EE
37EA
F733
20FF
ED4D
FE4B
9E3B
55E6
10A1
DCC7
EC03
C57E
D4F2
50B2
1988
307C
EFE6
21B0
0184
0392
0690
1F5A
E51C
B78D
2832
D180
E17F
2968
E107
1900
8001
2A34
6424
9D38
2DB1
5BC2
D0AB
FE90
936B
1013
E4E8
1923
F80E
DE83
EABA
C342
FFEE
7D3F
F4E8
0AA8
98E7
1D95
CF32
0EFA
DA3D
0A7E
F8CB
F385
CAF6
0CB3
018D
E3D1
1546
D03A
147C
3863
F7AE
217B
EDB3
FE5C
9E24
5640
0F59
DCB7
EC71
C50E
D570
5100
194A
30C3
EFEC
218C
0075
032B
05EA
1FDF
E61F
B59F
289D
D2F3
E0F5
2958
E201
189D
8001
2A15
633B
9DE3
2CB8
5C0D
D17A
001F
943D
0FB9
E3A8
196B
F7DC
DEB3
E9B6
C3C8
004E
7DA5
F4A7
0AC4
9899
1CF2
CE87
0E3E
DB26
0ADE
F7BD
F2C7
CBFF
0BBF
02B5
E495
155B
CF26
1394
37C9
F68B
2131
ECEE
FDE5
9DA5
56B3
1126
DD2A
EC86
C5D4
D529
51A9
1980
3180
EF56
219E
0166
03B3
05D1
1F01
E5C5
B6F4
2835
D27E
E170
2937
E19E
18FD
8001
2A5A
6326
9D5C
2CF7
5B63
D15A
FFA8
9372
0FD6
E33C
18D7
F82C
DEA3
EA92
C418
0110
7D64
F421
0AC7
992B
1D16
CF6D
0EA1
DB42
0A35
F854
F3B3
CB34
0C7B
028A
E410
1643
CF8A
13F1
37EE
F731
20FF
ED50
FE4D
9E3A
55EC
10A4
DCC7
EC08
C57C
D52B
51AB
197A
317A
EF57
219E
0164
03B4
05CE
1F02
E5C3
B6F8
283E
D281
E171
2935
E19F
18FC
8001
2A59
6323
9D64
2CF6
5B60
D15D
FFA9
9374
0FD9
E33A
18D4
F82D
DEA5
EA97
C413
0111
7D5F
F424
0AC6
992C
1D16
CF6F
0E9E
DB45
0A35
F857
F3B0
CB33
0C7D
0289
E413
1645
CF8F
13ED
37ED
F731
20FA
ED51
FE4B
9E3E
55E7
10A3
DCC5
EC04
C57D
D52A
51AA
197D
3179
EF56
219E
0164
03B5
05CF
1F02
E5BF
B6F4
283E
D281
E171
2937
E19F
18FD
8001
2A5B
6325
9D60
2CF9
5B63
D15A
FFA8
9373
0FD8
E33A
18D4
F82C
DEA3
EA94
C415
010F
7D65
F424
0AC7
9928
1D17
CF6D
0EA1
DB41
0A37
F855
F3B2
CB32
0C7E
0289
E40F
1642
CF8C
13EF
37EF
F730
20FE
ED50
FE4B
9E39
55E8
10A3
DCC8
EC07
C57C
D52B
51AD
197C
317A
EF59
219F
0164
03B5
05D1
1EFD
E5C0
B6FA
283E
D27F
E172
2936
E1A0
18FE
8001
2A59
6326
9D66
2CF5
5B62
D15C
FFA5
9376
0FD7
E33D
18D0
F82E
DEA4
EA95
C40F
0110
7D65
F423
0AC7
992C
1D17
CF6E
0EA0
DB42
0A35
F855
F3B0
CB35
0C7F
0287
E412
1645
CF8D
13EE
37ED
F730
20FD
ED4E
FE49
9E37
55E8
10A4
DCC4
EBFF
C57C
D52A
51AB
197E
317F
EF5A
219E
0166
03B1
05D0
1EFF
E5C6
B6F6
2836
D280
E172
2936
E19F
18FE
8001
2A57
6323
9D60
2CF4
5B61
D15D
FFA7
9377
0FD7
E340
18D5
F830
DEA4
EA93
C410
010C
7D62
F424
0AC8
9930
1D17
CF6E
0E9D
DB40
0A35
F854
F3B2
CB32
0C79
0288
E413
1645
CF8C
13EE
37EC
F732
2100
ED4E
FE4C
9E3A
55E9
10A2
DCC6
EC03
C57C
D52A
51A9
197E
317D
EF5C
219E
0167
03B4
05D0
1EFF
E5C1
B6F7
2839
D281
E173
2936
E1A1
18FD
8001
2A5A
6322
9D62
2CF7
5B62
D15C
FFA7
9378
0FDA
E33B
18D2
F82C
DEA4
EA95
C413
010F
7D62
F426
0AC8
992B
1D16
CF6E
0EA0
DB42
0A38
F854
F3B0
CB34
0C7E
0286
E412
1644
CF8B
13F0
37ED
F731
20FE
ED4F
FE4A
9E37
55EA
10A5
DCC7
EC02
C57C
D52A
51AC
197A
317C
EF53
219E
0166
03B7
05D2
1F02
E5BD
B6F5
283A
D281
E173
2936
E1A0
18FD
8001
2A5A
6323
9D63
2CF5
5B62
D15A
FFA8
9373
0FD7
E335
18D0
F832
DEA3
EA93
C415
0118
7D63
F423
0AC7
992A
1D15
CF6E
0EA5
DB3D
0A35
F852
F3B4
CB35
0C7E
028C
E410
1641
CF88
13F0
37F0
F72E
20FB
ED52
FE4B
9E39
55EC
109F
DCC9
EC00
C57F
D528
51AB
1980
317E
EF5A
21A0
0167
03B2
05D3
1F02
E5C0
B6F2
2834
D27D
E170
2937
E19D
18FC
8001
2A5A
6329
9D58
2CF9
5B67
D15A
FFA4
9370
0FD9
E33D
18D7
F82D
DEA2
EA91
C416
010E
7D67
F425
0AC8
992E
1D18
CF68
0EA0
DB3C
0A37
F854
F3B0
CB36
0C7B
0287
E410
1642
CF88
13F1
37F0
F732
2102
ED4F
FE4C
9E37
55EE
10A5
DCC6
EC04
C579
D529
51B0
1978
3180
EF54
219E
0165
03B9
05D0
1F01
E5B9
B6F9
283D
D27C
E173
2938
E1A3
18FD
8001
2A5C
6328
9D65
2CF7
5B63
D15B
FFAB
9373
0FD5
E335
18CE
F831
DEA3
EA94
C40D
011A
7D66
F423
0AC9
992B
1D17
CF6C
0EA4
DB40
0A37
F855
F3B3
CB33
0C80
0289
E40F
1642
CF88
13EF
37F0
F730
20FC
ED50
FE49
9E34
55ED
10A0
DCC8
EBFD
C57F
D52A
51AC
197E
317A
EF58
219E
0169
03B0
05D3
1F02
E5C0
B6F4
2832
D27E
E173
2936
E19F
18FD
8001
2A58
6323
9D5E
2CF6
5B62
D15B
FFA4
9374
0FD9
E33B
18D5
F82D
DEA3
EA93
C419
0114
7D62
F426
0AC7
992F
1D16
CF6D
0EA3
DB40
0A35
F852
F3B2
CB37
0C7D
0287
E411
1640
CF88
13F1
37F0
F732
20FE
ED51
FE4B
9E38
55ED
10A3
DCC6
EC00
C57B
D52B
51AB
197E
317E
EF59
219F
0169
03B0
05D1
1F02
E5BE
B6F5
283A
D27E
E172
2936
E19B
18FE
8001
2A59
6322
9D5B
2CF4
5B62
D15B
FFA5
9375
0FD7
E340
18D3
F82F
DEA3
EA94
C417
010D
7D61
F423
0AC7
9928
1D16
CF71
0EA4
DB47
0A34
F858
F3B2
CB31
0C7D
0289
E413
1643
CF8B
13EF
37ED
F72F
20FF
ED50
FE4B
9E38
55EB
10A2
DCC8
EC04
C573
D52B
51AC
197E
317F
EF58
219F
0166
03B2
05D0
1F03
E5BD
B6EF
2839
D281
E171
2936
E19B
18FD
8001
2A5A
6323
9D5A
2CF5
5B64
D15B
FFA9
9373
0FDA
E341
18D6
F835
DEA2
EA95
C415
010C
7D62
F424
0AC6
9927
1D17
CF6C
0E9F
DB44
0A36
F854
F3B3
CB2F
0C7B
0289
E410
1646
CF86
13EF
37F0
F730
20FF
ED50
FE4C
9E3B
55E9
10A1
DCC9
EC09
C578
D529
51AC
197A
317D
EF59
219D
0165
03B5
05CF
1EFD
E5C1
B6F8
2839
D27F
E172
2936
E1A2
18FE
8001
2A58
6324
9D65
2CF5
5B60
D15C
FFA8
9373
0FD6
E339
18D3
F82E
DEA5
EA93
C40E
0112
7D62
F426
0AC8
9932
1D16
CF70
0EA0
DB3F
0A35
F855
F3B3
CB34
0C7E
028A
E411
1644
CF8B
13EF
37EC
F732
20FD
ED50
FE4B
9E3C
55E7
10A1
DCC7
EC02
C57F
D52C
51A9
197C
317D
EF5A
219F
0163
03B6
05CF
1EFA
E5C3
B6FA
283E
D27E
E172
2937
E19F
18FC
8001
2A5A
6324
9D64
2CF6
5B60
D15C
FFA7
9376
0FD6
E33F
18D3
F82C
DEA4
EA93
C40E
010C
7D62
F425
0AC8
992E
1D15
CF6D
0E9F
DB42
0A36
F857
F3B2
CB34
0C7D
0289
E414
1646
CF92
13EE
37EB
F732
2100
ED4E
FE4A
9E3B
55E9
10A5
DCC8
EC03
C57A
D481
5287
1A46
3144
EFD1
2205
00C2
0479
05D5
200C
E596
B4F9
285B
D272
E039
29A2
E18C
1899
8001
2A6B
6484
9D02
2D43
5CA6
D078
FF71
921E
0FF1
E41C
18F3
F8A1
DE59
E986
C467
0053
7F8D
F384
0A8C
9866
1D2D
CE13
0F6E
DBC6
0AC3
F79D
F3C8
CBCF
0BC3
01CB
E43B
1554
CE35
1416
380D
F6C9
20AB
ED71
FDB7
9CB3
578F
10CF
DD12
EB51
C500
D0ED
5625
21B1
11FD
0958
1E36
DB23
1B73
FB8A
1B9E
EA00
B6EC
1388
CCE2
D274
22CD
DA67
140B
CB7B
0DCD
5A5E
B149
1E97
55B9
D3C8
1239
9500
1722
FD82
06D5
FFDD
DAD1
E232
DCBA
EC70
7FFF
E7AB
0447
A341
1579
B06B
FDA3
F181
1F16
0BBB
FBE0
D4C2
F2AA
EB7B
D133
F76B
C4C8
182C
12D8
ED23
0AC8
0494
F162
9D58
2885
047B
E2B4
D260
B02E
D493
53AD
1A0D
3135
F08D
2267
0078
0484
05E8
1FAD
E48C
B45C
28F3
D177
E04D
2A57
E1C8
19B7
802E
2ABF
65FA
9BC3
2E1D
5D5B
D054
FFC6
9176
0FCF
E436
1808
F79A
DDC3
E978
C262
0089
7FFF
F328
0AA7
95DB
1D40
CD27
0D42
DB09
0B82
F8D3
F2E5
CA46
0BFC
0185
E375
146D
CDD1
13E9
379B
F6C5
20F0
EDD5
FE5C
9B62
576D
1066
DDB1
EADC
C3C4
D4DD
5393
19CE
30C8
F056
2250
013D
03D3
062C
200D
E64A
B378
27F6
D235
E0F2
29CB
E1DD
190C
8001
2A7B
64FF
9B8D
2D0A
5C74
D0B1
006C
9297
1022
E45A
197C
F735
DE54
E978
C351
002C
7F84
F38B
0AE0
9706
1D4F
CDEA
0D89
DA5E
0A9E
F83C
F35A
CAE6
0C15
0252
E457
158F
CE94
14D5
37E7
F6C6
2109
ED32
FE03
9C21
570A
11C5
DCEF
EBD4
C4A4
D563
532F
19C6
3003
F06F
2249
0051
045B
05B1
2052
E632
B39B
286D
D327
E0D6
29DF
E21E
18C4
8001
2A48
64CA
9C06
2D49
5C95
D128
0169
92C4
10E0
E357
190E
F6C4
DE4A
E969
C303
0088
7F6C
F42B
0B01
96DD
1D88
CD48
0D61
DAE7
0B50
F7B0
F301
CB4E
0C1A
01AF
E448
156D
CDF3
1480
378D
F683
214F
ED6C
FD8A
9BEA
56F7
1203
DCDC
EB95
C4A9
D534
529B
1A3E
3068
F0C2
220D
00FE
0431
0628
2091
E582
B3F0
27E6
D2D7
E109
29C8
E1D9
18D5
8001
29F1
64E5
9C19
2D05
5C87
D0A3
0196
9248
10F5
E3F6
1929
F70F
DE3F
E948
C436
000A
7F44
F432
0ACC
988B
1D32
CD21
0DA5
DB4B
0B3B
F794
F3A8
CB0F
0BEE
01A4
E450
1573
CDBC
1479
37F5
F6BA
219E
ED5C
FDA6
9BBC
576A
11C1
DCBB
EBEC
C4FB
D524
5309
191D
305F
F03D
220A
0086
0464
061D
208A
E584
B355
2821
D335
E18A
29DB
E23C
18F8
8001
2AD8
64AE
9C35
2D95
5CF4
D0B4
01AD
92D2
10C3
E424
18CC
F71C
DE40
E93C
C337
0049
7F2C
F3F5
0ADB
9764
1D51
CD49
0D61
DA4B
0B84
F7AD
F327
CB63
0BC3
021C
E430
1560
CDAF
1460
37EF
F6F2
2194
EDA6
FDB8
9BCD
5771
11F5
DCB6
EB7B
C4D5
D524
5395
1979
30C8
F006
2243
00AC
0467
05AD
1F7A
E569
B414
27F9
D2E5
E17D
29BE
E204
1921
8001
2A26
651F
9C6E
2D57
5C79
D11D
013F
9261
0FEA
E3B1
18BF
F7E1
DE50
E91D
C299
0060
7FDF
F3DB
0AF8
983F
1D3B
CD1E
0DAB
DA08
0AFA
F793
F369
CB4A
0C07
01AA
E40A
15A7
CE25
1486
37E1
F66D
2184
ED3D
FDEB
9BCB
5778
11E9
DCDB
EB40
C473
D5A3
52B3
1995
3079
F02C
21E0
00F5
03B1
0595
1F14
E699
B4C6
2761
D35B
E128
297B
E25C
18B6
8001
2A93
645C
9D1B
2CFE
5C2E
D139
006D
9380
0FB1
E308
19C2
F6C6
DE90
EA1E
C316
00B5
7E80
F44C
0AC4
9878
1D3A
CDF8
0DAC
DB4B
0AFA
F7FF
F283
CB46
0BCC
01AD
E43A
15AB
CED1
1435
3758
F6AC
214F
ED61
FE53
9CA2
568E
11AB
DD34
EB75
C4E6
D529
51AF
197D
3183
EF4F
219F
0168
03B8
05D2
1EFD
E5C3
B6FC
2838
D278
E170
2938
E1A1
18FF
8001
2A58
632B
9D64
2CF5
5B61
D15A
FFA4
9371
0FD6
E337
18D1
F82D
DEA5
EA92
C410
0117
7D67
F41F
0AC8
992C
1D16
CF6D
0EA2
DB44
0A34
F854
F3B3
CB36
0C80
0289
E410
1643
CF8A
13F1
37EE
F735
20FF
ED4F
FE4C
9E38
55EB
109F
DCC7
EC00
C583
D52B
51AA
197C
3180
EF55
219E
0167
03B3
05D0
1F01
E5C2
B6F6
2833
D280
E172
2936
E1A2
18FF
8001
2A58
6322
9D61
2CF4
5B5F
D15D
FFA7
9374
0FD8
E337
18D3
F82C
DEA4
EA94
C417
0117
7D61
F424
0AC7
9929
1D15
CF71
0EA4
DB43
0A33
F855
F3B4
CB30
0C7D
0289
E412
1640
CF8B
13F0
37EC
F732
20FB
ED51
FE4B
9E3A
55E8
109F
DCC5
EC02
C580
D52A
51AB
197F
3179
EF59
219F
0166
03AF
05CF
1F01
E5C2
B6EE
2837
D282
E172
2936
E1A0
18FD
8001
2A5B
6321
9D5C
2CF7
5B61
D15C
FFA6
9373
0FDA
E339
18D5
F832
DEA3
EA95
C41A
0115
7D63
F429
0AC6
9926
1D17
CF6D
0EA3
DB47
0A36
F856
F3B1
CB30
0C80
0289
E411
1641
CF85
13EF
37EC
F731
20FD
ED50
FE4A
9E3A
55EC
10A1
DCC7
EC08
C57B
D529
51AC
197E
317B
EF54
219F
0169
03B0
05D3
1F02
E5BF
B6F5
2839
D27E
E172
2936
E19B
18FE
8001
2A5A
6325
9D5D
2CF6
5B63
D15A
FFA3
9371
0FDC
E33B
18D5
F832
DEA2
EA93
C419
0113
7D65
F424
0AC6
992A
1D16
CF6C
0EA6
DB44
0A35
F853
F3B3
CB34
0C7C
0288
E411
1646
CF87
13F0
37EF
F730
20FD
ED51
FE4C
9E36
55EE
10A2
DCC4
EC04
C577
D4AA
52FA
198A
31DD
EFEA
2244
008B
049D
0535
206B
E5FD
B3F3
29F3
D04B
DFE1
2A1E
DF41
189A
8001
2A9D
6508
9BC9
2E68
5D30
CFEE
FFB7
90FB
0FF5
E442
183A
F875
DD94
E9DD
C171
0048
7E5B
F476
0AA4
9635
1D28
CDC1
0E86
DBFD
0AE0
F8B0
F432
CA1E
0B88
0218
E3D1
14EE
CDAF
14AF
3843
F7BB
206B
EDBC
FDB7
9C3D
570B
0F0D
DD6A
EB05
C3EF
D56B
5605
1B75
2C90
F399
234D
FDFA
08F1
068A
23E3
E2D2
AD3F
2A5D
D178
DF12
2A8C
DD82
1B14
8CD4
297F
66DF
9DF6
2E30
5E1B
D137
04C8
91E7
11BF
EB01
1492
F865
DCE8
E5A0
C394
FB2A
7FFF
F177
0A6B
9125
1DD9
C79F
0AEE
E14F
0F31
F863
F555
CBED
0B38
FCCB
E406
0F7F
C906
148F
34FE
F712
1F3B
F035
FD5B
98BD
54D8
0DA3
E0C3
E828
C3E5
D302
5310
1B17
31D2
F1C8
22F9
0132
051F
06FA
21F9
E573
B464
2A8D
D0A8
DF2C
2ABA
DEA4
189E
8214
2CBE
6639
99C7
2E5A
5E2B
CFAC
00CF
905E
10DA
E6D9
1717
F7A1
DD16
E7D6
C23F
FDF8
7FFF
F4C1
0A11
946F
1DA4
CB54
0E65
DB7C
0C8F
F9C1
F3DA
CA49
0C4D
003B
E482
1492
CC04
1539
386C
F694
1F9D
EE35
FD62
9A7F
555A
0F1B
DDDF
EC08
C1AA
D52A
51A9
197F
317B
EF56
219D
0166
03B3
05D0
1EFF
E5C4
B6F3
2834
D280
E171
2937
E1A0
18FD
8001
2A59
6325
9D5C
2CF5
5B61
D15A
FFA7
9373
0FD5
E33A
18D5
F82E
DEA3
EA91
C414
0110
7D64
F423
0AC7
9930
1D16
CF6E
0EA1
DB40
0A36
F855
F3B1
CB37
0C7A
028A
E411
1642
CF8A
13F1
37EF
F730
20FE
ED50
FE4D
9E39
55EB
10A2
DCCA
EC07
C57C
D52A
51A8
1980
317F
EF58
219E
0167
03B1
05CF
1EFE
E5C6
B6F9
2838
D27E
E170
2936
E19F
18FD
8001
2A59
6326
9D60
2CF7
5B62
D15D
FFA5
9374
0FDB
E33C
18D5
F82B
DEA3
EA93
C415
010F
7D62
F423
0AC8
992E
1D16
CF6E
0EA0
DB44
0A36
F855
F3B1
CB35
0C7D
0286
E413
1645
CF8D
13F0
37EC
F732
20FD
ED4F
FE4B
9E39
55EA
10A5
DCC6
EC02
C57B
D52B
51AA
197F
3180
EF55
219D
0166
03B1
05D0
1F03
E5C2
B6F5
2832
D280
E171
2935
E19F
18FE
8001
2A58
6321
9D5E
2CF4
5B60
D15B
FFA7
9373
0FD9
E33B
18D6
F82D
DEA4
EA93
C417
0113
7D62
F426
0AC7
992C
1D16
CF71
0EA2
DB41
0A34
F854
F3B2
CB32
0C7E
028A
E413
1641
CF8A
13EF
37ED
F733
20FE
ED51
FE4E
9E3E
55E8
10A0
DCC4
EC06
C57D
D529
51AD
1982
3183
EF59
219F
0164
03B6
05D1
1EFC
E5C7
B6F9
283D
D279
E16F
2939
E19E
18FF
8001
2A59
632B
9D60
2CF6
5B65
D15A
FFA9
9372
0FD8
E340
18D4
F829
DEA4
EA94
C40A
010B
7D69
F424
0ACA
992A
1D16
CF6C
0E9E
DB42
0A33
F858
F3AF
CB33
0C7F
0287
E413
1649
CF8F
13F1
37E8
F735
2103
ED4C
FE4A
9E37
55E8
10A4
DCBF
EC04
C57B
D529
51AD
1978
3181
EF54
219D
0161
03B8
05CF
1EFF
E5C0
B6FC
283A
D27F
E170
2937
E1A1
18FD
8001
2A59
6327
9D67
2CF5
5B61
D15A
FFA8
9374
0FD4
E338
18D1
F830
DEA5
EA92
C40E
0116
7D63
F41F
0AC7
9932
1D15
CF6F
0E9F
DB3D
0A35
F857
F3B1
CB35
0C7F
028A
E40F
1643
CF8B
13ED
37EE
F733
20FF
ED4F
FE4C
9E3D
55E8
109F
DCC7
EC02
C583
D52B
51AA
197C
317B
EF58
219D
0165
03B5
05D0
1F02
E5C0
B6F6
2837
D282
E173
2934
E1A1
18FD
8001
2A5A
631F
9D64
2CF5
5B5F
D15C
FFA7
9377
0FD7
E339
18D2
F82D
DEA5
EA93
C411
0115
7D5F
F426
0AC7
9930
1D16
CF70
0EA1
DB3F
0A36
F854
F3B2
CB32
0C7E
028A
E412
1640
CF8B
13EF
37EE
F731
20FC
ED50
FE4B
9E3C
55E9
10A1
DCC9
EC03
C582
D52B
51AC
1980
317C
EF56
219D
016A
03AC
05D2
1F04
E5C1
B6EF
282C
D281
E171
2934
E1A1
18FE
8001
2A56
6321
9D5D
2CF2
5B5F
D15C
FFA1
9374
0FD8
E33B
18D5
F831
DEA5
EA93
C419
0119
7D61
F425
0AC6
9930
1D16
CF70
0EA3
DB42
0A34
F852
F3B1
CB37
0C7D
0288
E412
163E
CF84
13F1
37F1
F732
20FD
ED51
FE4E
9E3B
55EC
109F
DCC8
EC01
C57E
D529
51AD
197C
3182
EF55
219E
0165
03B7
05D2
1EFD
E5C0
B6FA
2838
D27B
E172
2938
E1A0
18FF
8001
2A59
632A
9D61
2CF5
5B63
D158
FFA6
9373
0FD4
E33D
18D3
F830
DEA4
EA90
C40E
010E
7D68
F421
0AC9
9931
1D15
CF6E
0EA0
DB38
0A35
F854
F3B4
CB38
0C7E
028A
E410
1643
CF8C
13F0
37EF
F732
2101
ED50
FE4C
9E38
55E9
10A1
DCC8
EC01
C57B
D52B
51AC
197A
3180
EF59
219D
0164
03B5
05CF
1F02
E5BD
B6F5
2839
D282
E172
2936
E1A1
18FD
8001
2A5B
6323
9D60
2CF6
5B62
D15C
FFAC
9376
0FD7
E33C
18D3
F832
DEA3
EA93
C40F
010D
7D61
F424
0AC8
9931
1D17
CF70
0E9C
DB41
0A36
F856
F3B2
CB34
0C7B
028A
E410
1643
CF8A
13EE
37EE
F730
20FF
ED4F
FE4C
9E3C
55E7
10A2
DCC9
EC03
C57C
D52B
51A7
197F
317C
EF54
219D
0166
03B3
05D0
1EFF
E5C4
B6F9
2836
D27D
E171
2936
E19F
18FD
8001
2A57
6323
9D61
2CF5
5B61
D15C
FFA4
9374
0FD7
E33C
18D5
F82D
DEA5
EA92
C415
0111
7D60
F421
0AC8
9932
1D16
CF6E
0EA0
DB42
0A34
F853
F3AF
CB37
0C7B
028A
E411
1642
CF8C
13EF
37EE
F734
20FF
ED4F
FE4C
9E3C
55E9
10A1
DCCB
EC03
C57F
D529
51AD
197D
317B
EF57
219E
016A
03B4
05D4
1F00
E5BB
B6F9
2834
D27C
E174
2936
E1A3
18FD
8001
2A58
6326
9D64
2CF7
5B63
D15B
FFA2
9375
0FD6
E339
18D1
F82E
DEA4
EA93
C40E
011A
7D64
F425
0AC9
9935
1D16
CF6A
0EA4
DB3C
0A35
F851
F3B3
CB39
0C7F
0286
E411
1641
CF89
13F1
37F2
F732
20FF
ED50
FE4B
9E34
55ED
10A2
DCC8
EBFB
C580
D52A
51AD
197D
3184
EF55
219E
0168
03B5
05D3
1EFB
E5BE
B6FB
2836
D278
E171
2937
E19F
18FE
8001
2A5A
6327
9D5C
2CF5
5B64
D15B
FFA3
9372
0FD5
E33D
18D3
F82D
DEA3
EA91
C410
010F
7D68
F423
0AC8
992D
1D16
CF6E
0EA3
DB3E
0A35
F853
F3B5
CB38
0C7E
0289
E412
1644
CF8C
13F1
37EF
F733
2102
ED50
FE4E
9E37
55ED
10A2
DCC7
EC03
C579
D52A
51AC
197C
317E
EF55
219E
0163
03B5
05D0
1EFA
E5C2
B6F8
2839
D27D
E172
2937
E1A2
18FD
8001
2A5C
6325
9D62
2CF6
5B63
D15A
FFA5
9373
0FD5
E339
18D4
F82E
DEA4
EA93
C411
0112
7D66
F425
0AC8
992C
1D17
CF6D
0EA1
DB3F
0A34
F856
F3B0
CB35
0C7F
0289
E412
1642
CF8F
13EE
37EB
F732
20FF
ED50
FE4B
9E39
55EA
10A2
DCC6
EC02
C57D
D52A
51AA
1980
317E
EF59
21A0
0167
03B3
05CE
1EFC
E5C3
B6F3
2836
D280
E170
2937
E1A2
18FE
8001
2A5C
6323
9D5C
2CF5
5B61
D15A
FFA7
9372
0FD7
E335
18D3
F82A
DEA4
EA93
C416
0111
7D66
F425
0AC6
9928
1D16
CF71
0EA3
DB48
0A35
F858
F3B1
CB32
0C80
0289
E413
1640
CF8D
13EF
37ED
F730
20FC
ED4F
FE49
9E3A
55EB
10A4
DCC9
EC08
C57A
D52B
51AC
197D
317E
EF52
219E
0168
03B2
05D1
1F01
E5BF
B6F4
2833
D27E
E171
2936
E1A0
18FF
8001
2A58
6323
9D5E
2CF4
5B60
D15C
FFA4
9373
0FD8
E33A
18D5
F831
DEA4
EA94
C418
0115
7D62
F423
0AC8
9929
1D16
CF70
0EA3
DB43
0A31
F854
F3B2
CB33
0C7D
0289
E411
163F
CF89
13F0
37EC
F732
20FE
ED52
FE4C
9E3B
55EA
109F
DCC8
EC01
C57D
130D
0B46
3901
A3BF
777D
8001
B8AC
320E
44C1
F7E9
EA3B
FB5A
3CB1
BB6D
E5DC
8B9B
220A
1AF6
4081
ED98
FBCC
1780
4957
0B51
C5E8
A00F
7A5C
D315
21FD
35F6
8B60
5639
BCC4
2343
4923
80A7
26E0
121D
8241
FAFF
EE17
D01D
A593
0477
F4DD
52EA
B723
E11E
445A
DAE7
0BF8
E25C
9E36
EBE4
18B6
2881
72E9
BC28
0FA0
353A
4085
66F1
5F83
B0BC
15AD
D432
16D6
C8A6
EA75
0A50
023D
EE0E
EC43
15E5
E6C2
E440
02AD
F2B9
ACDC
FFE2
428F
1A3D
2F50
15D9
E501
3431
4502
E78F
2464
0AFE
C476
E8D8
10E1
F8A4
D7D5
FF04
1EA1
3C11
D2B5
DD09
E90E
D22E
D4DB
1AD6
0A96
EEF6
2F66
0830
CF3D
D18F
2242
CEBA
C766
E58D
4A5F
F150
F6DE
D170
DB2D
2B33
420E
3B62
B395
E6ED
EEC8
7FFF
1BCB
2132
1108
EC0C
2BC5
D056
7FFF
AA90
05DF
E315
C7DA
39BD
027A
2AB4
39ED
3808
261C
927D
EC6C
F4DE
7DB6
BD0F
E039
4370
2EF6
3B80
0DAF
51AF
592F
18B6
39CA
4107
53F1
39ED
130D
42AF
2275
F4B0
2A2A
02AA
5713
DE52
39C4
A97D
A843
2187
F8F0
4B8C
4E83
32C8
225D
E2FF
21BF
9D7F
AE5F
ACAF
1E4A
075D
77D2
EDC3
3979
C07F
E44B
FC4D
167B
4191
EF2A
B60C
3D24
D0E1
3AA9
A501
0204
0659
18B3
156D
0B1B
5556
FAE0
DB16
DD50
B6A3
E367
F6A0
5867
0943
E132
0FC3
FD54
0ED0
EE19
BF7F
531B
01D2
7FFF
243E
DEA1
29BC
B74F
F571
CDF5
D211
143A
FEA7
E07D
EF7A
146A
F58E
3819
03C3
03CC
3020
16A4
2700
2761
0362
01B6
2211
B8A8
2C7D
44B6
F4A7
467F
FE05
0D2D
E44C
1279
075C
FC95
1D77
0819
B13E
1556
9625
D97B
A9C1
BDE5
EB68
D874
0B06
CDF1
4CBA
FC0E
1106
08CF
BF73
E664
15D7
EC5F
2285
E412
EA21
112B
06F5
256E
0B14
472E
19F3
7FFF
C410
664F
2D1D
042D
EC43
F85F
C8A0
0620
0FCD
013F
FA6C
3B69
F08A
D654
E9E0
143B
406C
C035
0437
E83F
1114
F93F
1DED
E036
9A67
2336
FFC6
3726
F1F3
01F9
F384
F373
3291
BBC3
0E14
D3E2
FD53
EB3F
8001
242C
13CE
ABD4
1909
F9B0
B2C6
1D08
0B28
7C41
1E82
34A6
FDD6
DAB9
1FAE
7FC2
365C
E7DB
6C14
E2B7
D9AA
2649
7CE1
1101
4AEF
34C9
AA01
3200
D1D5
047D
0425
DE93
EA77
D7C1
143E
0B0B
DB74
D671
18B0
5C9E
4A07
0DDE
F008
E05D
9F99
FFCC
FE65
1393
1288
282F
286B
0BD6
3345
CB81
00E0
C087
0A3D
DE9B
680A
00B8
122E
187E
E02D
1F46
8001
3037
A309
D067
FA8B
CD6F
1590
4D0D
5ED2
FD6D
5946
C2C1
A7B3
EB01
DBA1
FAD9
DBF5
ED1D
2FFF
C528
2EFF
26FB
ED4F
04C8
F8D4
1D28
190B
E22E
0C10
E2BB
6586
3878
2B5F
2EF4
18BE
172B
F409
3987
127D
6E0D
DE21
0557
4DF9
0E83
0D1C
FD33
2DEB
1C73
D04B
BA5A
9D3F
B829
39EB
5D4F
AB53
0FB1
A993
20AD
4482
00A4
138F
384E
294B
0D6D
2A48
F32D
EB24
E731
C417
F28A
3332
FDFC
5002
7FFF
3B9A
CAD5
12A6
0482
1F3D
321D
0028
D558
1301
2114
E4CD
D415
26F2
DA94
D417
E205
0AB9
B08C
FDBD
21B2
D9FA
B4DF
E30F
318E
C634
1D60
E519
12ED
9BA8
3363
5E2F
C6A6
FC8C
EDEE
F56D
DCAD
40E0
C79A
0994
2201
BA70
FCC7
F68F
4B26
AAA1
F5B9
138E
E9C0
E9D3
9FD7
EA03
D9B1
D7C8
EA93
5C95
1FDF
A67B
15F1
1CF4
E440
036B
A9E4
4A09
5973
4378
E6A6
B212
544A
F067
F4C2
BC73
F5C5
22AD
FFF2
F14F
F90E
08FD
4486
2152
F1F6
304B
D152
37F6
E5F1
1C1E
F76B
C209
E89F
02E6
D392
DDBC
3D4C
B9CC
448F
0B52
0383
7FFF
A345
C952
CAE3
FB88
F031
D872
E0F3
BE57
1AAC
0B96
61A1
2BC3
150C
BF02
0EEE
0DF9
0979
FBA9
0D7E
E24F
CE3C
FCE2
7FFF
ACF7
243A
FFDE
0660
F014
1C65
33AE
0645
DB54
14A9
A71F
E5D5
11A4
0EB8
1F7C
E073
1A8A
F592
E43A
00D7
F907
5AD5
D4F7
06BC
13F1
26DE
30D2
E82E
10AE
C3E8
CF06
FDD7
11BD
3D9A
E544
EB9C
DB33
3641
E021
ECD4
3812
B6B4
0507
2791
E075
16FC
D66F
D9A7
B632
269B
2637
71AB
FC6C
CE13
DB79
D789
FD9F
21B7
90B8
3890
CA23
EC44
E7E4
E09C
CC52
F474
FEBA
CD65
8001
24F1
2594
4C65
F6DD
1893
BD19
3A36
F10F
EDA0
CCF9
FE01
3394
268B
03FE
FC22
E547
43F9
1F3A
DF54
E333
041F
29B4
F2B4
3DDB
3442
396F
07D9
CF86
B6FA
C04C
F2EC
E057
6235
044E
0C7E
443B
FE08
E548
13AF
FC82
DD3A
E83E
CC20
B175
3C7E
041B
3AA9
EB0D
10C1
2968
2568
0FE2
175A
18C3
EC1C
BF42
0260
02D0
FDFD
BC64
D062
0797
F0C1
205B
3CB5
310A
3465
F797
E966
BE92
ECF9
FD75
7FFF
10AA
0455
F872
1F4E
EC82
D353
BFA8
24B3
E39D
F578
C4BE
06E5
1CE3
CDDB
1AEA
CEA9
E6AA
B97F
068C
0559
F98E
2287
AAC1
909E
0F99
3BD9
1145
AC7A
FF7B
1445
0360
FF33
0DBA
D2BA
E261
096C
2337
54C1
FAD6
ED8C
D437
25F4
202C
012E
E5FD
5B28
BF05
20A1
F585
CE1D
1D89
DC04
F776
0B1A
DF40
25B1
08CF
EA4D
2551
E266
0AEC
CAFA
D8E0
21A5
2E2A
D396
DD7F
DE3D
EA07
3701
12F4
F9A8
ADA3
217F
F0F4
C480
E91A
1C22
7FFF
E555
1CF2
030E
B9D3
200F
24A4
DD34
4364
F062
54C4
E0E9
0773
1602
D876
0E1E
BF76
E982
834E
2222
1BC7
5211
0A1A
2898
B525
AEA0
CC84
B989
7BE0
E8A7
58DC
230E
CE87
E189
8001
6765
A7A6
0794
2F87
E263
28B9
21D5
0975
BBD2
4285
2D2A
B8D6
BFFF
2181
6F61
02F6
E9AC
E9F9
D6FD
E57D
D1FC
2281
69CC
1F27
554E
2532
51EA
42C2
B74D
E79F
8E86
D078
E05F
FF1C
B44E
DAE9
E892
D314
328B
FC47
2865
3F40
08EA
F241
D407
05BA
12A3
D64E
AB69
C4E1
5B0A
C149
69EE
D090
EE87
D2AB
3E7D
4084
17E4
21FF
0186
F4E5
169E
14EF
5AF0
B572
DEC7
6848
525B
2194
FDB6
7BC4
E50B
1A71
DC69
BF4C
A760
073D
1FBD
117E
F5A2
185C
2710
29EB
0E40
1DC9
5C24
DBC8
4554
AE8B
0CFD
3725
ED35
0113
1611
0D05
B8FF
1685
8001
115E
CC0F
F51F
C238
DE07
FF12
F628
EBD9
E049
F8EB
E951
FA6C
D0F8
CAF9
EC2E
3499
F984
516D
074B
BDC6
36C4
10EA
177B
0148
3310
CA93
1160
2EB7
F256
C6DC
BB21
1A57
0732
C78A
3F7E
36C8
08F9
D8E8
FD42
D110
9BE3
26F8
EBDE
5359
88DE
0E4F
BDD0
D871
3281
8001
A35E
EF2B
F564
E5F8
F3DE
2777
E7F7
F244
7480
7E3C
F71F
FB82
DEAA
F152
3425
0FB9
142F
D777
1262
1DE8
EA2E
BF7B
D03A
0ED5
EE1F
00BB
16E5
C244
9C63
C5BD
EE68
6748
F5D9
C97F
F80F
FB4C
E53A
D13A
25A7
2307
F1E0
10EF
015B
1BDE
2136
DA52
461A
F49B
5089
E61D
F405
EE1C
3B96
1278
E55E
49C5
D578
13B5
EFA4
E730
0303
D8EC
C188
B03A
5529
0E0E
E3F3
3720
8FCF
0BB3
D1B6
C168
020C
8811
F0EE
0F66
D513
8001
D592
0878
FD08
1769
FAE3
D4AE
1150
0DBA
14D8
26DE
2E09
1DD8
A5A4
3E1C
08DF
0021
01F9
FB95
F0F6
B335
13DF
C5AF
E3D4
EA36
F4BD
E4BC
D7C6
F82C
0F5D
7FFF
F029
D6DF
DCA8
E6A4
E73A
1788
3F9F
0D5A
42E8
F3A2
2A5D
E3CF
DED5
2CE2
172C
CE88
3DF7
1134
E05A
FA81
0D96
4290
D2A3
D173
B638
F30D
0BEB
25A0
47CC
1658
E0BA
4481
CD43
101F
2F24
C83F
40EE
D1E5
13C0
C70F
71E6
0D09
E172
CF91
230E
DB82
0D3F
2F8C
4071
2896
E7CB
EB1D
2305
F351
D357
0F2D
53C3
DC15
EABF
E940
11E6
E943
C586
2EF8
0ABC
F578
F718
BD1F
FA4F
58E6
DC5F
209A
EDD1
2B01
1F6B
C59A
E4DC
7FFF
0500
D5BF
4182
73C2
D815
14C3
37CB
E6B1
1E2F
49A4
E8B5
E3B9
D5AD
B21F
0B1A
0192
3375
27AD
C9C4
F6F3
ED44
3A05
0103
5383
02A1
AA77
DD03
EC28
C1CB
F875
F183
B008
E52A
2D4F
B4E7
2050
F647
3B44
FDE8
F3E2
F51C
D88B
20B1
AFDD
B47E
DB18
D450
DEDB
AD66
08DA
9CCD
C874
1889
E3A0
0FA6
17E5
4C6E
064F
FBDB
E686
BFB9
F82C
1BC0
4FA6
BBA3
F63D
D6C9
588F
E2AA
26E9
FFEC
7FFF
C5EC
5A2C
E80E
DD80
40E1
D903
E0EC
DE04
EE12
D9C6
11B1
FEBF
1985
08DA
A41B
D2F5
19E5
D75D
4C7A
02DF
3B4A
27C2
D886
1D18
3465
C5F6
2D7E
378D
E149
5115
BEBF
D555
509A
F395
6F69
1FEE
10FB
F3B0
D177
FC3A
D959
7FFF
BA4A
DFD7
3EB8
C4B9
01E9
091E
795C
DA8F
07D3
19F8
B2D1
FA8E
0CF9
154D
E23A
E398
FF81
3DBC
DF46
CB8F
D9EA
45F3
E6E1
F616
E33E
3487
2B81
FC61
A6E4
DD67
F769
1D32
24A6
F58A
E419
D987
D875
FEF7
1166
23DA
FE7A
2957
2586
0509
154E
1504
2E21
DA17
CD46
5AFB
077A
5347
DB67
C4EE
F3FC
FB83
D94A
F97A
24B0
1F2C
FD58
ED74
8EBE
7FFF
AEA7
1629
3BA2
DC4A
EABE
CBA0
188B
D94B
C9EA
137E
B349
F697
FF77
171E
D928
EA90
1DA3
1323
F6C7
F7F2
E469
4762
0B3F
69E9
2E96
E840
2535
FE64
CD45
1578
B27A
13BC
0E4D
1909
0266
E528
1B02
E2D8
0A96
E948
0DC2
FF17
E5DB
08F7
0EAD
EC4C
002D
C78B
0141
5311
30ED
487D
FD77
D85B
FE4D
3AF2
1893
E04F
DEAD
E6DE
00B0
ECE8
8001
2781
C61E
2DAB
0BDA
11E6
4D39
F9D0
48D8
4B2E
2B10
D914
BF08
E968
16F7
F3E6
C882
F256
10EF
6B46
2E23
0C17
D345
3AD5
F440
073E
0811
4D08
1D08
C9E5
CDB4
E0AE
0B4C
F01C
F596
DDDA
E6BB
0A9E
F71A
1A93
E137
D983
DB68
BE44
F4FA
052E
D41C
1884
EAC4
C5F0
11CE
F3D4
0195
1737
04F5
0D8D
C6A7
3E37
4AAC
AE26
1D8A
1C6A
B748
19F3
BF1F
7FFF
AAE9
2798
3D45
EBDC
FBCA
112D
0433
0A3E
EEFC
EA82
B694
059A
07B8
C4A8
1DBA
E565
FFD3
D9D3
FCD9
FA1E
1FAC
59AC
E176
FB2E
1B71
1427
341E
BF71
E37E
07AE
BA5C
DBDE
1B88
E5A7
F321
E54B
DE1B
C432
2133
2FFE
1C5E
2EA9
D0D7
3767
08EA
CF44
208A
DB9D
CCA3
3D77
D902
7923
E8AD
EDDB
26A4
F9C9
5B8B
09E8
CA70
FAA8
E10D
109C
EC02
F406
2C23
F543
2740
A939
B2EB
FD58
EDE9
7FFF
F18B
B1C7
E97B
DC63
D3F8
0CB8
2837
D7E0
3CE7
09F3
F9D9
0573
347C
F993
D720
4010
FD7A
0995
DFAA
E742
15AB
21F6
0071
0D90
D3B6
06DE
0D20
184E
E128
FA4F
0474
26A2
C3CF
C1EA
11DA
FF70
E4BC
37F5
E6F0
04E7
DF6F
0BB8
260E
F236
0422
F024
FA16
E457
DCD0
B13A
E046
E195
E3DB
F2F8
8001
F040
A8FF
EE0F
53A8
EA29
2181
FA53
D53D
1B08
D247
FAB1
C271
0B89
F6A2
F7B2
3673
DF22
3117
33E0
0654
E33B
1A6C
2ED4
0DBD
FDDB
49CD
B8D5
2B1B
E44D
0C60
0B4F
CD4B
D0B3
0BA7
6420
01E3
278D
BCA8
0D29
E510
0216
2CA1
FA84
F166
21F4
0CAC
DA5E
1CB1
D661
0392
35E0
DB26
5039
BEC3
104B
D022
C984
7318
170E
022A
1FE1
E9EF
C859
C72E
48E7
D146
99EF
09E5
17C0
CC15
A3B9
2EC4
0430
04C1
B557
332A
547F
C774
EC3A
2D48
B16C
4E25
F653
CACC
D44B
BCF9
BF73
8001
2B9C
C235
1D34
1AB5
2564
30AD
05F1
3DBD
1B0F
BF6E
F80F
BEB0
C508
D40D
D80D
0760
0867
D815
34D1
C158
D1CC
0BDC
EB21
A082
1E9D
AAF4
CC92
3831
14E1
00A1
3FD5
04E2
1820
BB74
A86D
2361
F170
E667
F5FC
B18F
289D
A681
E82C
012A
E79E
3EA2
7508
D000
FCAD
BFA2
2912
D24C
0AF5
ED8B
B48B
948B
E777
F537
5FCF
1D8C
3EE9
DC91
59C9
179F
13C7
C7EA
493A
2B98
180B
B2F6
E5EF
CA4C
E832
F4B0
2CB6
12EE
EA39
004C
1063
D963
2136
44C4
54B9
C6C1
CAF6
0EFE
CAF9
A77C
F1ED
4A20
3B7A
FB8D
4C04
8001
DC89
ED40
1D61
B783
842E
020C
FB2D
24EB
1DFA
3C57
5387
2A63
1718
6912
A4B9
44F0
C203
2138
08E1
54F4
B855
F4F2
06D0
C837
184D
8001
CEED
563A
4B7D
C112
1048
260F
CC52
F33C
6A19
DFFE
E5AC
CD0D
2DEA
29FE
396B
4981
0E98
B6FB
AF61
36A8
7AF7
45CB
5459
FB29
1920
121F
3504
D65E
DD35
F0DE
A462
031C
D2F0
5B4A
425B
0DB4
11B0
3A97
B0CD
A62B
C3F7
DCB3
101A
E394
302C
A486
00C6
0641
A1A5
0961
0223
F4F1
9A0E
2A0E
AFB7
01B9
34E8
2BD6
0334
096A
F271
CC3F
7150
EDB4
D35E
1E2D
0514
F497
2AE1
13B3
29F1
AAED
CB4A
BABC
7348
BEBC
FC52
2B22
2979
DC12
B34D
D205
F6BF
17C5
1E79
DFD6
D542
F80A
4CBB
D933
29B7
D1E4
8A01
D430
A7BB
EAD9
083F
63D8
BD08
1D09
18A5
008D
DB27
0613
0550
3DB7
E40B
8001
E0C2
F178
A998
A451
563B
FCB4
1038
7FFF
14AC
F3CD
B61B
DB6B
0B2D
6D2A
F59E
080D
504A
0BC3
2DD7
1770
D884
39B0
1394
DAC0
3BFE
C891
9636
D297
4468
C3E6
1B2B
E051
D73A
29B0
E975
2345
D41A
BB45
02D1
28BB
B795
E210
19C8
FCF3
DCBC
61E0
E9AE
45BF
E740
1A0D
CC55
FA2E
0724
56D6
0ED2
E69A
4227
E48D
F40D
CE34
B256
F5E0
98DF
4096
EDBB
AEDE
E7E9
1C8A
FA30
25DB
0DDE
6B90
D5D6
D94F
0A21
B56D
0CD0
B007
257E
1179
E87D
D82C
017C
DA0C
DB98
F88F
11B5
EF4C
E4BD
15B2
D35D
AED9
E400
0912
09E2
E3D0
B4A8
48D1
9F4F
EC20
0CF1
C5DD
B8A5
0657
F258
3A1E
3210
0C7D
BFC5
1312
F643
0876
F946
3B5A
D276
AB55
E345
FBDE
B5DD
C312
0AD1
0EA1
A4C0
8001
F448
48F2
D781
62C1
163C
F6C1
0F6A
AE62
23CD
DD6A
DE03
1D31
12FC
35FF
174C
E805
D7EA
E9DB
C7B9
CC9A
0444
E72E
F661
A2A0
210B
EC9F
FD8D
107C
E1B2
07CF
3073
E9AE
08AE
3E92
EC88
DE4B
FD78
7FFF
0814
3E47
007F
F52D
1310
323F
06C6
2BF2
5215
00C0
0564
DD2C
0B1D
0872
CF9B
0C0C
12A4
F1F3
1CD1
8937
E0FB
193F
30F5
E798
EB6D
EAFB
0A3F
50F3
0340
F429
EEC3
D294
DB65
F52F
EACC
1BF6
F2C1
1DEF
0102
17FF
BB30
2366
019F
357C
0872
FEA0
ECFC
E837
7FFF
CDE1
EBE5
2776
FF1C
1926
F8FE
176F
EF56
EF58
FD86
F00C
E4A1
F201
EFE0
EB43
F024
0E87
F708
DB25
EC00
EDCA
C514
F93F
E655
1D06
0434
DB80
0509
06B6
E206
1B08
1049
D74B
1B7D
17F1
13FD
EF37
13EC
BF9C
FDA2
0970
D8FF
F3B0
E1F1
2684
F44B
F6D7
EBE7
D0D1
E26B
18F9
AD0D
2A7A
C2AA
1CB8
46CF
1E63
009F
DC61
EC0B
FD31
2F3F
E6F8
0B40
088E
E62F
1045
0250
C20B
04D9
D7DA
FB2A
F59A
E793
0CA3
080C
0048
D0A8
3343
CC77
109D
2D07
DEF2
F604
12AF
F72E
D065
E0C8
2A9E
D8F6
1EC8
2722
EC90
DC09
FB79
2255
8001
323C
2B47
14D6
BA23
06D8
E02B
3261
D03A
D45B
C416
DB3C
2027
D6E4
063A
4170
DCFA
B8CC
2207
24E1
0E11
12DE
14FD
4A76
CABE
6D55
38DD
E524
FE1D
1658
D6E4
CB4D
EFDA
E0F0
0EA5
D5DD
B5A7
2FAD
193F
30D3
9AC1
2AF4
AD8F
1B20
E035
4472
FB1B
0B4F
CA35
0243
B65C
82AE
D85E
F50A
9DCA
202E
44BA
9063
7FFF
1BE7
F21E
3354
696D
1C67
B2A8
169B
FA5D
0F12
2CA5
54A1
3048
DCCB
DDFA
FBCC
BEA3
9FD3
2AD3
1561
23F0
0752
F924
EDF1
044B
36E2
4BCA
FFBE
C7E8
0448
01E2
7FFF
4F1C
1B84
023F
0FCA
EB8E
FBD8
C9B8
C21C
0A60
E74F
D1D9
E62F
CF9D
0E21
166D
FC83
E888
E9CA
D00E
A2A0
151B
57BD
B69D
E46A
C26E
B82C
2019
027B
1428
CF6C
1DDD
D7ED
D639
43C1
E0FF
1396
205F
E9CA
B0ED
4B75
C659
2572
35F4
016C
1F1D
A6A6
A43C
08EE
1518
AB2C
574B
FF09
EDDA
06DA
3EA5
7FFF
BF0F
FF0C
2ED5
D22A
4724
1F19
51C3
496E
D639
EE4E
D6B7
E8EC
F905
0336
2DCC
F5F3
1A62
29FB
2697
3011
D9E4
0BEA
39B0
243E
EC2B
E2FB
23B8
B7E6
F93E
F822
CD51
E1B9
069E
E83E
214B
BA89
31EC
EB84
E300
D9FD
FBBB
E162
F865
0547
E447
F2A9
CDA7
B361
1040
31B1
D6AD
55FD
03B8
C921
FACB
0383
EA83
17B6
2F0F
C53F
E670
08B2
8001
0E45
B332
0F92
770B
D457
449B
E914
F49D
5251
087E
E669
D5A7
091C
F1EE
1CC9
FBA4
FA51
59A1
E8D0
08E6
18DE
D027
5C58
E551
127A
F912
5558
34B5
950F
4192
E1D9
182C
31EF
D88E
E9C4
C2D0
10A8
0219
9B7B
E84E
1BC5
5F96
D61F
1291
DBA6
4378
3582
4A36
B5EE
4A37
24C4
D0EB
5800
FDF0
1612
150A
086A
0529
0604
CF6B
F3FE
EE55
D8C6
D077
7FFF
AD43
F88B
E5F6
1D43
2389
F3A0
EC0E
F0A2
D655
D8C4
D785
F2C4
0821
F060
F798
EBF8
DFDD
E8EE
EA17
E574
EED4
4BE7
F5C0
1AC1
E904
3A08
29FE
CAFD
0F80
0139
B722
E907
0F5E
D33F
D23A
4622
F8D5
D4B7
FCC3
CF24
4966
0062
0B2F
FD8B
DA4F
BF09
E4F5
D793
DBE4
3C2C
0191
6940
CD34
DDF0
DD34
127B
5353
EEB7
C4B7
4CFE
E45E
2B38
5913
CF2A
F7BD
0ED7
2AE7
8001
24C1
9C6B
AF3D
74D8
572E
B2BF
E5CE
C6E3
CCBA
5921
4D5F
D679
9341
5B0E
B7EB
458A
9AE4
C2AB
835D
E99A
EF3E
BCDC
F89A
C3D9
ECCE
BDB8
D1C3
6B01
C0A3
7111
D86F
E884
D5EF
5F57
099F
1204
0377
0EBC
CCF8
22DC
7865
D051
8B96
00C3
9DF6
035A
131B
326A
A299
189F
6F58
DE2D
AB54
C1C6
9A97
F7B7
EECD
3ADA
2359
5AE4
D0A0
8001
4B87
19E8
E67E
1EEF
C95D
2293
E231
F7A6
B2AF
EA7F
2463
E2B1
D2EE
0947
45EC
11AF
045D
C553
EB1E
3C09
F750
F675
407C
DDA5
23D6
FB9D
E1C5
3B58
F17B
ED9D
069A
D1DC
1BF5
D14F
0B56
E451
F215
B60E
2BA6
06AA
1A1A
2088
1849
FE0A
27D9
CA21
685D
4FA5
F64E
3119
1545
1330
D3DD
E796
17EF
D3CF
24A8
D1B3
E25F
3DFD
9583
0A10
AEE6
1B99
F9A6
0DAB
FE00
D7B0
7FFF
CC97
C214
D1AA
AD0E
17DE
E5AD
F947
9CDC
EDF5
F3F8
DE1F
1F58
AAE4
BDBC
FDD4
2232
1648
0B59
43DC
B845
10C2
2D9C
0012
F2A7
2DA1
D747
1188
2E5F
1168
326B
6265
31A1
3908
68FD
FF09
FA7F
35B5
D738
2021
1FA3
CD4C
D1A4
E409
0EA0
38BB
A616
F23B
F1C5
3515
2F1D
17D9
E3E6
DBBA
30EE
E793
34DB
ED73
F875
04A7
D287
D833
188D
1DD3
17BE
7FFF
D306
C31B
106D
F5CA
B28D
507B
E326
C9FD
C95F
F093
05CB
1400
0305
2F89
8B1B
11C9
2766
D91E
0CE9
3824
24BE
F666
080D
3D83
CA86
56FB
BFD3
B458
F692
1865
EE87
023F
EC9B
E9ED
0B98
29B2
216E
B4A2
9204
5515
EAA6
F6E0
0BF1
F658
F5EE
CB34
BEE3
4C7C
2DE6
C867
E368
F3AB
1D86
0D57
FEED
45B1
0F27
D37A
7FFF
D6BB
E43F
12DD
D0EF
608C
52EB
E6C8
2089
0050
DA4E
0584
FF24
DEB9
F023
D42E
E9DF
14E1
F2F0
F4EE
2D4E
EE72
4F79
297C
FDEA
FF73
D21D
D1DC
D8B4
0BEC
CB1F
0EB2
F7E0
F5C0
487F
7589
3CF6
E23C
121C
2DAB
DF9A
CFB3
FC21
EECF
EEA8
3629
FC38
5267
3B9E
4CEE
ED4E
39DA
C463
DC13
055A
E763
16AF
F93E
ECDB
CED6
12AE
18F1
1425
10EF
1BBD
D0BA
089D
01C3
F9FD
0622
F8A3
E93A
141C
26DA
EEF3
3C73
1B06
E3F8
2C46
3494
F85A
069D
C3F7
0D5A
E383
3C28
D5C6
DA78
E989
D818
0346
DA0A
C4BF
D14A
DAE9
1EF9
01DB
05ED
23E9
1C62
E9FE
D9CD
FF49
1458
D838
1F78
EE68
049A
8001
2C9D
EC06
F83C
1E7A
154A
17D3
0ECC
CF8D
FCF1
DD55
065C
DAF1
28FD
F582
F1FA
AC9E
7494
F3FA
93F2
04F3
0A5F
CCF8
F587
CD5E
CF37
2ACE
CC14
0935
CD1D
D7AF
43C2
24F7
D24F
007D
1006
C4C0
CD5D
57CA
CFF4
ED1D
3B76
B31D
21EB
DA1F
12F4
9FE8
9AB4
ED21
E6CD
BF63
E4A3
2E54
C567
A369
76FC
0609
0117
1386
4488
8001
1045
CFEB
A74C
AA6C
CE1F
2A0A
DEE2
2EEE
D44F
3F01
01DA
E6B4
2C67
1C90
10D3
3239
0122
7EE8
3861
1EBA
C7EF
BB3A
8282
7CCC
142F
DE72
12E4
E869
766B
492D
1A80
1752
0CBE
EFA7
7FFF
FFC8
C81E
BBC3
EC9C
D44E
0150
D24B
0F9A
03A6
4830
A9E2
BECA
DE60
0605
3D58
32E1
BAE9
CD19
27AA
48DB
15D0
15FD
0C4E
0BAA
3128
C7A9
1BAB
1B13
E5E8
23F7
1D95
F3B8
E921
1176
238A
0938
DAB0
C793
292D
B632
F8A7
3ED1
28A6
1EF6
CC7B
C41B
2836
FD16
8CA3
06C7
CD1E
D854
3F5B
C1F5
D50B
5701
091E
C38E
0173
DDDC
BDA1
1241
0AFA
27AB
9576
0E95
D0E5
DE6D
2790
8001
053A
CD58
FBCF
C72F
FF4E
48C7
DB35
32DC
00A4
E73F
1F59
CB58
EC48
EABC
1E43
ECEB
19FC
B08E
2CAF
42D7
F375
1AA3
093F
252E
DCF3
0EC2
12C8
C934
B1F8
DFB5
E53C
49BC
B0B5
D227
F879
C7C3
1EC1
E8BB
3BFB
DC46
D260
29E4
F969
4BDA
BB51
0FCD
32E3
9B0C
D876
F8AA
2C81
F335
1D38
04AD
D055
1818
0213
4B52
FBDB
FBAB
DC7A
1376
200B
11ED
EC8C
3600
D45E
35A2
E654
D8F3
2265
8001
28A5
1564
060F
0DD8
1B8E
D871
E1D7
3AAC
EAA1
C13F
D4C9
1463
3F13
14E5
066A
F4E2
F1D3
F3FC
DBDF
E085
DA0B
440E
006B
487A
02F1
FD6A
15B3
0898
4A9B
B74B
1FF8
FE4E
1B94
CB68
22E9
4503
1C07
DDF3
0400
01FA
5721
FCFF
BDB1
7FFF
41FE
2215
2269
2079
DB9C
1829
05B7
D4D2
20BB
F414
CB77
F176
BFF8
19CC
DBA4
111C
C52F
2804
E334
06F4
38D5
2C01
368A
EC11
D46A
2952
11D5
382A
E80B
05EA
0210
BD10
3226
2EDB
FDC1
2C09
C89F
AB10
4510
FB48
E173
D70E
E2F0
FBDB
CD01
0B37
C366
E65D
1249
B2F6
0E76
CD6F
2C90
CBA8
ECA1
C9F3
24ED
F667
0244
154F
C18F
EB45
C59C
0277
D5C8
E041
2528
17EA
DCF5
24B7
D1BF
E691
0720
67F9
35FE
28D3
463F
1E4B
C717
1E89
D207
7FFF
0723
1C8F
15BE
0063
764F
FEEC
D7CF
9B20
EBB2
5AC9
C76C
1AA1
1A44
D1FC
294D
ED0B
15D5
0C38
0932
95B9
D7ED
17C3
FB84
8D41
CD71
1BD2
2911
8CBF
0545
12AB
C1C9
E783
BF89
BE93
FA74
04FD
B237
E7A6
A295
A1DD
D39F
E27B
FF64
06ED
7FFF
FD9F
5C07
C847
B4A9
D3D4
D0ED
559E
D359
FA99
6FE4
F37D
3777
00F1
8BE8
BA3E
0C8C
DE89
1662
3B65
104C
1F99
0218
B028
13DE
0FB8
15E7
9776
F388
63EB
21A4
C60E
E86E
FD72
AC64
4DED
0D22
3D4A
52F8
892A
99EC
C5B2
CB47
9E9A
1F65
7018
D929
E88F
E8AA
2983
3620
3B5A
8916
DDC5
2998
4E6E
FA5C
7FFF
B393
0B5A
0029
CA78
3A88
5C57
226C
02DC
1598
D657
C41C
EADA
CCFD
E695
D276
E983
1F38
0B75
2B34
4A4C
27AC
E0A5
08E5
4ED4
0BAD
129F
08E1
C932
DA10
EA4C
6619
0EED
06F6
EBB3
08D2
3C02
DDF6
EF36
DED6
FEAB
01B4
B4CB
CA5A
0496
3F83
1B4A
19C1
D090
F1E9
EDC2
2DA4
484C
CCC8
1CBA
F9F3
0CB6
3C47
DD7B
E680
FFEE
06C0
0F16
1610
E875
C948
DCC2
0574
1FC8
F1AD
4AE1
7FFF
CFC0
FA2D
DE37
D11E
2A86
337E
31C0
9D02
19FB
EADC
F879
1BD2
13C8
B1CB
EF46
11C5
3181
498E
22D4
E8E7
EDFC
2972
EE10
36F5
FF56
F2E3
FFA4
F3D7
3E25
207A
D2FF
22E8
D52B
540E
EDCF
DA6F
EB85
F3E8
1051
013B
1145
E78D
5C62
CC88
3EAC
0902
0BE8
358A
41CB
1C62
C6F4
D250
0C1E
2796
2B91
D3C1
F586
FE32
F498
59FF
F905
2AD7
CB67
C974
102F
583D
164C
163C
FB39
CF74
39A7
B251
CE89
B86C
50BB
BBB1
F08E
7FFF
B87C
F911
DB2C
D6F8
1938
FC8C
F6A4
5797
434C
C245
F959
C814
FC4C
119A
EB32
021F
6FE9
C566
E6E4
6207
1EA0
18F7
D20C
D409
AC7C
23FF
61FD
4480
1658
5B92
3E69
0DD2
8C08
9CC0
006E
B073
14BE
E361
DDA3
568D
076A
8001
180C
1F79
DE0D
E59E
26B2
13DB
ECFF
1331
6AB3
F632
FEE6
F501
ED5B
CC72
25FD
C943
C8DF
0A53
D494
C9A6
F86B
EF23
03AE
E885
EA01
05DB
F425
14EA
E075
3AE0
D8D1
DFF2
D53F
CF83
A88D
18C4
D739
76CB
F02D
33D0
D982
C174
03FF
0864
EBD6
DD65
C881
9B18
0F39
FB6C
1335
BC33
EE37
24B8
BF46
04EA
BBE1
05CF
290D
B5A9
16A7
205C
B397
59C5
499D
0C62
DEF4
3608
4632
0547
A546
A09C
7D1B
B5B5
BF85
F552
F2CC
C1A5
F3BF
D92A
BF25
EA00
4245
C9AB
16D4
3397
C3FB
D4F9
5BA0
D19B
330C
FD1A
1B28
F163
1A26
3956
BFAE
B1E7
E44C
0BC3
2B7E
8985
3255
4E65
CE12
DBD8
1F88
F9F9
5DC2
6F77
13D7
1C15
436B
B98A
5275
8001
EA6F
C866
FEA0
9B1A
1409
D20C
345C
1725
ACE3
37B1
D70E
A9B4
C99B
C25F
D0BC
0501
097D
F2CF
1E7E
078F
CE93
E662
EED5
B690
E4E3
ED5C
F7CE
8001
0B02
D460
F9E9
3577
E33E
0F58
FA81
CD65
FC90
D7F4
52CD
DEA2
2B64
DE7A
FA42
3533
3413
ECF8
CCCF
E5ED
5010
4A8E
2CEC
0BB7
155E
1828
E5E5
3335
26D6
13B1
B995
1C75
D175
FB6F
AAE7
F90B
781D
CA9D
D3D7
04CF
DC64
4224
FC38
C935
E5DF
8001
E321
4ED5
76B8
C796
23FA
CC82
9C39
168A
2076
F00A
06A3
DB46
1D71
C050
FCF8
F1FA
3A37
05EC
E3F8
0B5E
4B30
0023
CA26
1D2B
3B3F
DF58
D3A0
1A39
00F7
3115
D225
0929
32FB
F0D0
D6BE
2AEC
0008
BB3B
D31D
BF79
E22D
E255
1EBD
1ADE
D7A5
123D
FB51
F336
D22E
02C9
C294
D625
157E
386E
52D8
E310
1635
067D
FA46
3642
E963
2232
02AE
1714
596A
E6CA
1692
DCF6
968E
7A48
0753
2A05
D25A
2779
CA0F
8381
CF3B
C028
964D
00ED
F6E6
FE92
0C9F
6254
DEDB
76FD
DC67
DCCC
E069
1B72
221A
26FE
583F
CAD4
1382
5BB6
E64B
4269
0CEE
FE7B
1184
12AE
923B
70F9
9497
1FDB
DDAB
5465
007E
99F9
3C69
E42D
31E6
01D9
D604
8001
FF37
E7D5
F797
DB79
1656
9C60
FB30
F3CA
2485
E0A6
F2F1
0519
5D7B
DB2F
C0E3
D7B3
A499
1647
04BC
0E79
D8A2
FEFD
F228
1D11
12F4
C109
D6E0
2170
F4C9
A672
150B
15A0
E1E5
27F4
F457
C1EA
FC03
FC45
CA8E
FA6F
7FFF
CF48
07A3
1F2F
B39F
4FE3
D059
0675
465C
2E9D
0293
0C45
F073
3C31
E580
E86A
EA06
9149
25D2
1C1B
34BB
1414
059D
985F
E884
0B67
4363
ECAD
074E
0BCD
2538
38AC
2744
9865
EB02
AA8D
2A1B
EA15
29EA
E951
1FFA
55A2
2E2E
F299
D104
C277
B5A0
E71F
D20A
EDDD
D2D7
0B72
15ED
B480
0175
B9AF
C079
1145
CD78
2BAF
BA0A
4048
C440
0D88
47BD
DA8B
E58E
7FFF
C7D6
48CB
5184
FE34
E588
FFEF
B9F8
DCD4
C54E
DBC1
21B4
0A54
9390
E732
FC77
BF71
288C
FEAF
6BAB
B560
DDB8
FEB9
4813
E4F1
E858
2ED4
D99C
19EF
E598
07EA
20AA
8001
205D
F82C
4626
D1ED
14E3
1DD0
C747
E964
0B59
EC25
EFAA
DD21
0958
C34F
FC78
E370
18DC
CCA3
0251
FF11
ED05
F510
F717
0B96
0A60
1D36
D096
D8CF
36B8
343F
083A
EBBA
E2DA
05BA
08EF
2375
164A
C8ED
FF68
C265
D150
D6E3
D8B1
54A6
EB53
E57B
F617
E03D
D560
B493
CF4F
C3EB
052B
4C4C
2EF8
F7A4
EA32
F4F7
0F1A
1DF8
EC06
142D
D9A8
12CE
F3EB
8001
FEB5
2ADF
BEC7
E28C
EFEA
4DEE
5FC1
9976
6487
3150
97E0
2CDA
B759
BF65
2A6C
868A
CB62
F212
062F
F9E3
1ECD
6642
DF19
F175
4296
ADB8
4638
134E
F878
EF9C
EF2A
DFF1
373A
B0DB
DA67
3E5F
A8C3
0781
1C2C
69D1
3F32
D78D
F6CB
B814
6034
1B9E
A962
4E28
F982
E499
CE04
436E
2380
4630
3BB7
3C37
0341
4A25
E5CD
0CEF
E6DE
CA74
24FF
1B7D
31B8
C98E
0302
1C45
35DC
E15E
2ABA
F13A
F797
3814
002B
F344
EE01
09C3
7FFF
20DB
E72A
0455
D5BD
047F
AF16
2500
2D67
E3A2
2E5B
EB9C
07BB
0E41
971F
20EB
1836
F73A
C154
178D
B2CE
C02A
B8BE
C097
8F94
FF64
F660
08D4
DB5D
F76E
E96B
E3D5
CFF8
E68D
DBD5
1350
04A4
1C3C
3804
0525
C5BC
3817
240C
BE4D
0C20
E14C
070D
3345
E840
22DC
F4B6
0757
B338
45A0
08D2
F238
4EED
7742
18BB
DE89
0369
36AC
DF73
065A
74C0
9BF3
BEA6
6D63
42AA
2AFE
E12F
51E3
8DD1
D578
2432
DE35
01CB
FA4C
8BF3
D741
048B
CEF2
481D
C3E4
963D
1A67
BBDE
43C8
EE9C
FCC7
8001
2BF9
2859
3F75
E550
E3E1
D176
DC61
16E4
C8A0
028F
211C
C485
FEE8
38A2
F6E0
DDA2
D648
20FD
9F90
151D
F8E4
0C35
C5FB
E6CB
B895
2F81
E675
FDFC
519F
2EF8
ED09
3752
2AB6
88DB
B6FE
CFFC
EAE2
D24A
8001
266E
C039
1D83
107B
CE7F
AEFF
0C2E
E6E1
0134
B52D
5118
A15A
D41D
2E35
6C1B
4C48
1ADE
EB24
3AE6
3C4B
49A3
4BB5
FD6F
D1E8
EFA6
5896
DE0F
E2AE
3D88
DE6E
FEB7
22D6
9DBA
D839
A5F6
CDEA
5AD6
94A1
C8FA
1C48
15F0
DD6B
DCE3
CE55
192B
2AEF
03AA
0732
1ED5
23CA
0B9D
2B6F
EF83
0C71
BEC9
5EE5
69C1
207D
289C
3BAC
28E0
DDA2
621B
3AE8
CDC9
D643
F2AD
E5E0
388C
D5B1
FE93
33CD
550C
B86C
1F90
35A2
DDA1
5092
42CD
4689
DDD3
C76B
107C
FE2E
C56A
ADBD
EB40
6A1B
EBDA
0269
415B
F6BD
E5A5
FCB5
1D8A
17F6
221C
E8D5
9735
4976
1E40
F73D
DC7F
E9E9
D511
3624
8001
8257
BB29
DBB0
21BF
94EE
0F32
E031
F8B4
3D8C
34F0
FBBC
C9E5
B4C6
192E
091F
91D6
CC1A
08DE
2647
1C07
F10D
E1AC
30A6
EC82
2FD8
263F
D5C7
0717
5D7C
FD75
8001
331C
135D
C1AC
057C
3547
DB1F
1A48
00F3
32EF
2332
C721
B10C
176C
CC3B
C644
2182
061E
21B7
0252
2312
9D79
044E
0081
EE20
2AFF
0468
F02C
FDDC
9351
EBD7
FC4F
9407
043F
F263
002E
2535
EB8B
DCA0
E83F
95BD
894F
B1BD
D141
D2A1
AE74
CD0C
FF8A
D978
C850
A1D3
E1ED
DA84
32D3
DC8B
D00B
525A
0546
E63A
0D70
0D08
7FFF
4E53
3FE2
2365
5C05
49F2
A91F
BC4E
35AE
AF24
90FB
1A65
B760
DD40
C349
E332
D9E3
F061
BEBC
D5C2
DBFC
14B2
C631
A7FA
1217
DE5B
A456
CC8E
CA65
EEC1
220B
AF77
635D
07EE
1160
099B
C3ED
4213
D435
05A8
D90C
24BC
4534
F186
A361
1C8F
2900
177D
1778
8001
6524
254B
CA0F
160E
15D1
02DB
30FE
E6E7
F95F
FE5A
ECC0
7284
CB91
00AE
E13A
04AA
0508
BF80
D704
B9FB
FA95
F899
5F53
9446
1040
F3AA
B6AC
AA1F
DFBD
C82B
69F3
CF4C
D778
4026
455C
B7C9
F9E5
7C6D
E8AD
BF30
1598
466B
F274
590D
DC3E
8643
B317
C434
0F48
CE6C
0C6B
0127
2247
E844
F28B
B1AA
43CE
1F32
D279
F604
1B15
D7BA
FC8A
EBDC
1B36
470B
A5D5
F305
0E99
FB46
FD89
E727
F2C4
592E
448B
0A2B
C019
1EA5
F078
1FF6
D565
CF5C
32D9
F73A
0418
7FFF
A21B
CA1E
0AB0
0148
01EE
B8CE
D1AA
F296
0CC7
2758
1323
C2BE
05D6
DEE3
1F71
DF61
0603
BFF5
3E96
6283
125F
CED5
EE31
A0C4
A318
3489
51DC
4E61
4AB5
29D8
D13D
2617
3457
9D3E
4765
2022
893B
174E
AA29
1FF8
EF05
D209
4712
FC33
A2C8
1C53
2553
195C
C11B
030F
D730
E0CB
1F73
475F
2C66
0D07
9CCC
1960
F60D
0EDC
D98B
F932
D316
4061
BB6E
3532
09E4
CDE5
8001
DCAB
FD28
FADB
F4BB
2398
279F
100B
F98D
2484
F79B
CE87
D65F
EB27
0FCF
F70F
EA60
F479
BDD4
195A
952E
E1DB
2A09
F806
0CD5
277E
1EC3
0D38
D598
E8A0
24F0
163C
9517
E35E
F1FD
018D
E07D
9897
1DB1
1DC4
FCE1
10E4
C61E
E40A
FD85
0016
CC49
27A2
EF46
D046
3EB2
CD9D
48D0
EED7
11FC
0B40
2C42
D4D9
AE78
4EA5
BB51
249C
015A
CA95
F731
0EB0
0CFB
037E
8001
734C
F56E
F79B
E05A
1212
ED15
512E
D46B
D4C9
F89C
DF84
E148
08D0
FC30
D2DD
0EE2
B418
1F22
BFB4
FC74
9F77
FEA6
FF91
CC11
2259
198A
D8CB
F8E9
2FA6
F2E4
38DD
0CCF
F197
FC28
F541
0A7B
D5F9
FE85
DEAD
7FFF
1962
F840
0EAC
DE50
2EB8
E551
F5FE
28BE
2704
ED66
344D
347B
1C05
D450
EF20
3290
E042
F9EE
0603
1297
DD92
0B1B
05D5
DD75
F603
D740
080A
0023
CD9C
FAFF
C12E
CDFC
3FAB
EEC0
CE2F
FAEC
334D
3EA1
EB4C
D2DF
EEFD
16AB
F48A
E208
0969
FBAF
9E49
1CD3
D851
175C
C495
2837
69D6
D9D4
0392
FFB8
F28A
03E8
0469
F22C
DB38
1ADE
D299
8FD7
C6D8
F24A
107F
F34D
308F
0495
E1EC
F1B6
7068
AD94
E9E9
DCD5
2E72
D85E
1CC0
AC15
180E
2DF3
E28F
14DB
C61B
3B94
BB31
DF84
310A
DB08
0F51
B11F
EB1C
F293
F2B9
948D
8001
BB02
B6DF
60DB
2964
3A83
B720
077C
3E21
30EF
4344
3E8F
1E3A
FA74
9E88
0F23
C62F
2929
D120
C834
4B74
E0C7
FE8D
0FB5
0802
7FFF
DB88
108F
0409
DE5C
29F0
D989
A4A5
E079
AE9C
77B3
28AC
02DF
BFDD
2D20
BB76
3BE1
28FC
CF24
18AB
4ADA
1651
FC17
1D50
DE19
0F75
C7D6
DEE9
1EB5
1A30
08A5
092D
1E8E
2455
13EE
CFAF
FF6D
CE85
0143
39AE
EBF2
FDD0
DEBC
2299
48F6
CC0C
C8B3
BEE2
24F2
D20F
DA88
C2BF
E692
C52D
3655
086B
4149
B027
14A2
60BF
2B4B
8B84
B100
53FF
F7A3
1505
DDE4
B919
C4DE
F00D
E5A7
CD1D
0041
D422
FEA8
4205
E557
158B
6145
093D
D0F1
9973
9D47
1FF1
EBCF
D8A3
49D4
8603
B7E1
2F7E
C1C5
FAF5
FF02
D8B0
FC13
D695
8C45
E85A
B86A
2B82
13AB
FAD8
3E62
AAC9
B093
E866
4D54
ED6A
7FFF
D285
D0C7
E3A6
2EA1
04F5
C7EB
390F
DF5E
DA77
FE4A
0384
EB83
DAAE
138F
1B1B
28EB
E756
1F10
3944
0424
DE11
BCB3
D985
E8E9
E572
4414
C7F6
1527
DD33
53A7
21C6
E7C3
B3DE
1945
02CA
E40F
3BAE
402D
E834
3AAD
29A8
DDA7
27FE
E654
EF29
B30D
2338
0484
5324
329D
0EE8
EB02
8001
02A6
E352
18EA
0F90
DB6B
C7CF
5647
F0FB
C49A
CD7E
1795
F7C0
0711
1C41
21B7
43E1
C42D
B658
34E2
6209
FFEF
1FEB
0974
F708
0DE4
C48E
ECF7
E33F
1611
C9EA
D04F
5BAA
F691
153A
2678
1CB5
1077
1121
F5EB
0EF2
172B
D173
D8E7
EE64
C736
AA69
02BC
064B
1ADB
F4EF
4422
1F56
2602
C69F
AA24
1FD3
8001
DBE3
D9AC
EA11
2CE9
4C96
D123
05BB
0F4E
B5B2
F74C
0D30
ED37
A6B9
F95A
72B6
357B
E098
E4B1
D3CF
D451
01D8
A829
5257
A3EF
D1A7
F856
BDE1
0675
24E6
6E5E
E44D
E429
4523
1DFC
E56F
3AD4
BF31
5462
0CC7
FF3B
12C0
3DCC
1179
49BF
F360
E652
0D00
46DA
F219
5194
F32A
D9C6
F65D
03F1
2D74
D18A
DF9E
F675
212C
A78D
D3A8
F070
2BFE
FD8E
F41A
1218
A5BF
F5E5
41BB
044B
8802
11E8
92D4
FF8A
25E3
CB23
D6F8
17A5
43F1
01FF
CE89
D7B7
D72B
B6E1
8001
F457
ECB2
0731
07A6
F381
28DE
D128
E945
E2A4
07E4
F4DD
0DF1
EDC3
B9F0
1CF9
3962
6674
10AB
0426
333F
D6DF
F6C1
E5AB
FA74
DEB3
DB3C
58C3
0214
E8F6
D49C
0695
0E32
30CA
FD6A
2803
F75E
FB05
0DCD
FC1C
D359
0E59
1080
8001
D6CD
CF78
FE37
ECA4
2CBE
EBBC
2477
1336
D15D
1B4C
00A8
E59E
EEAD
E5BB
0BE5
CF3C
13F2
F1F0
E2F8
C34A
CC91
13D2
4A40
EF27
FD7D
E50F
A00F
3964
F541
16C4
E19B
F428
4425
5B5D
DB10
3349
DA44
07A6
F353
C19A
D2A0
DB64
0B97
41EC
AB23
1B89
D103
0E02
0D20
CD82
F423
23D2
FF94
05A9
1CFC
25DD
D980
4ABC
1B4B
43F6
1209
E2FD
E4D4
D64E
07C5
258F
5028
7FFF
24A6
F63C
D957
CBFE
FE19
B972
B627
133C
E9C9
5120
E91D
DCEF
CE9A
2BE7
CFA4
3735
D586
3EDB
FDE0
DF68
D596
FBD3
273A
EADF
2306
0338
FB30
173D
7571
D11C
E04C
E449
0FFD
F37A
05F4
0135
FB5C
4895
0682
324F
221B
E881
0FEF
4172
2D95
0B31
638E
350D
368F
583C
BCB5
3B02
EE36
4A26
460F
D9C8
E0A4
19E5
03D9
BB17
EB73
20CF
E6E8
7FFF
37F1
0CCD
E96E
0748
3621
10A1
C795
E351
E355
FE48
6190
CFE8
18EE
1222
2C18
C903
0AF6
17AF
305E
CFC5
865A
EE1A
8CBE
56F1
F938
6A8E
C5FE
EA89
E6B6
EA3C
F981
0332
BE4A
6BA8
1257
0E63
C480
D0D2
1386
7429
0363
020F
3950
3C38
3861
F5AA
EB69
256D
F4F6
D770
261F
7FFF
2F4B
EF77
FE66
18DE
C4BA
F1C6
F910
F354
FC89
DCB7
9795
2BD7
E21B
F5FE
5453
EC47
E35A
D21E
2C23
D0C7
56CE
A3DD
E083
24A9
1110
4F67
F8A7
125E
CA93
358A
3842
40D5
0191
0146
2602
0455
BE39
F431
BF28
BBE7
D305
0B77
4B4B
D5B8
7FFF
3A62
6622
DF32
CDBC
C87F
FA49
E2BA
C198
EBF7
493D
FD8E
3BA9
E03B
8360
E6E3
E63A
C58C
CCEA
0F49
F7A8
C004
E028
0501
66E6
32BD
FD8C
4309
02DC
413C
D81E
F551
DB36
3970
F56D
01CB
E104
EB8E
C717
F74F
8281
CD44
D99A
FF0F
2DD3
377F
BDE6
DFDA
B98F
4280
43AA
103A
F526
ECF2
1FC4
FE58
EEF1
E76F
DD29
169A
2E09
43D5
3148
FB83
33A2
295F
1653
BF1C
E3CE
E75E
020A
083E
B49C
182C
E3E7
59E3
19B0
BD2F
A969
2971
EAD6
C968
0302
3160
DC45
0B09
F425
FFE9
5192
054B
DD5B
EF6E
110B
11FE
1CDC
4EA5
219E
067D
C23B
D3B8
D3CC
C0B8
BF66
264F
C89E
4CC1
E001
E920
F3D7
0DBF
E423
0115
EAF6
1AC3
7FFF
B959
05A5
13D1
FD8F
9DCA
9EF3
569F
359F
248D
7FFF
F0FF
E954
E652
EEAB
5961
061F
CA54
F844
C9E4
DD86
FE15
D307
CA84
B5E5
05A7
CDB4
C9E4
36AF
DE97
EE6B
F20C
EC43
AFB4
08FA
C6B8
5398
E6C9
FC01
CAD8
B71A
3656
3BAC
3DB7
C16C
C47F
EF33
ABBA
1003
2950
B1CB
CA60
0AD5
F703
356F
5088
DF8E
94EE
BB10
3D86
6A64
C938
3EED
073C
D0DC
CF38
E27B
2306
1865
1F97
D40B
36FA
BCC9
3147
FF66
E036
235E
5A4B
E276
22EC
231A
D896
E200
E646
0148
D313
269E
FA12
F7FB
26DD
164C
DF47
1074
3843
E619
5787
3CAD
70F6
197D
89A3
1B8F
F043
070D
E492
E705
BEDB
F47B
FDD5
09F5
8B84
15E2
208D
5D39
BC69
FFB3
CAD6
3E61
D34E
1533
ECAF
395B
40B2
E09B
7FFF
03CB
DAE2
38D2
2955
1120
5482
A68F
E38D
002A
22A1
E299
12F6
B75B
BF1A
2528
189D
F686
C06A
0E55
04E8
E127
089C
C3A1
D21C
1772
E52A
2070
E49C
1596
3E72
DB10
1C00
E161
368D
E5FA
ED99
F271
0433
322D
C865
B370
0700
D3B3
EC98
0BF7
9FF2
EE2B
FEC6
01A8
8001
FA03
2D5F
3528
F505
DE0A
3262
DA23
F982
2B64
C669
C4F3
0B1B
EDDE
4B0C
C2C1
FD08
F0FC
118D
0563
C47E
F72A
FFFD
017B
143F
43A3
61EA
D35F
8001
5B42
BAEB
1D17
4BF9
211C
305F
E1F3
0E7F
DCDF
FDE1
0279
4184
5BAD
1DB8
3036
FEC9
2D98
296C
034A
BB59
2D02
0638
DCE8
16E0
1525
F540
AD69
AD8B
1292
38C3
FC2B
AF35
D9C1
2B5B
C084
C81C
CEA5
E33B
3288
C30C
C8A8
0F1A
B975
F07A
0148
C199
C447
3027
3271
253A
E6D5
E8C1
C0CB
1628
1046
14D8
E82C
0BAE
DC4F
463A
C56F
D716
B177
2A4A
F361
D871
C52F
AFC5
F422
0E83
A8F7
D149
AA1D
F26C
40CC
B6E5
A5D8
E430
0075
065A
0EC6
5A6D
1474
DBEC
1F55
1322
A07D
ECA2
1E11
B2F6
54CD
9E2B
719C
952E
E9F9
BC96
E53B
6B17
933A
0226
0485
C929
7FFF
CB6B
1EF8
EAD8
7635
250C
9D8F
AE15
0BF1
09A1
2EE6
393A
DF9F
4912
02F9
B176
ECC9
EA3B
DC14
EE2E
30E5
2073
DDDA
D77C
AF8E
F843
475A
2391
071B
1CAD
F077
EBC3
F933
3365
CD7F
BF71
EFC4
1DB6
1CD7
E324
1360
1B01
166A
BE0A
292F
452B
D94C
E0B7
F3F7
D1D6
2D79
D1C2
E30F
3C82
C864
0678
FFB7
F886
D198
E9CF
E1AD
B7B1
EDAA
0A26
E1A3
EEFB
F225
E1FA
D8FE
F80D
E383
C65F
CD0B
51C4
0AFB
7FFF
081F
DF90
DE6E
35DE
DE31
F860
DF2D
01C0
8001
313B
0C7B
7329
D028
EC7E
5DCB
E882
E509
E89C
ED46
DFA6
0B51
FE7B
C1CA
F12C
EC00
F5DA
A7FB
F746
17A5
F9B0
005A
0059
E572
0836
23A4
F1BF
1709
F386
38CC
CE47
2A57
C34E
3947
FD90
1C33
EC60
EF8F
E9C5
F7A9
EACA
D32A
C594
5EA9
CFE3
FB54
372B
DF81
D32B
ACA4
CF26
BCF3
ECFE
2DAA
13EC
E585
1082
E63D
C96D
FEBD
E3EE
625C
E4C8
BD2A
E55B
5118
FBD6
0F57
931A
052F
C27E
EFCE
0210
04C8
2AD1
253F
23AD
1CB6
FCB4
FA21
288A
C943
DCF8
17CE
12C4
18CB
0E36
1BB8
FBE4
B434
FDDB
D589
03CB
DF77
DF90
2291
BF38
DA89
D870
0064
2A54
FE21
3ABA
2780
1C54
490C
2465
7320
8001
C046
ED88
FE3B
BC14
DA1B
20AD
31D5
15ED
D34F
D3BB
C5B7
CA92
04B1
E483
116F
27BA
F8FB
04EB
F601
0FEE
123C
0094
0234
B2BD
CA25
D490
B7E1
D52A
3D1F
53AD
39B8
B49B
352E
E7C2
18A6
5199
8001
E0CC
E912
7454
41DB
F1B2
F193
94D0
1872
EF2F
18D5
CB37
E517
12BE
D24E
BCBB
AE9D
0567
0748
26F3
FE46
12CC
266D
FE42
6B0B
0A4D
7CDE
D10C
E398
CCDD
DBC6
F51E
D19C
E687
2537
A13D
376E
0DC5
9F9D
F867
0164
BFB8
F5D1
DB43
EE11
5544
EDE3
D53D
BBDA
F09D
F44C
9E8B
CD88
169D
D4C0
34D3
EF4F
16AE
4C90
D481
C41F
F747
DCE9
DF19
8001
D96D
0895
D008
07B2
174B
20BD
4012
B71A
4382
C7ED
CD3E
AC02
9A80
00D9
B212
8767
F87D
1C02
DB16
F56B
EE76
FDF9
FD2E
37BE
CF01
1E21
B9A1
D81C
C7B5
4893
8209
D0D4
257A
79F4
B3FE
0916
E4BB
42B4
18F5
F5E5
401B
16E8
F36F
4FCA
EB70
C327
0068
B58C
F97C
D384
C50A
447F
CF3C
11CC
D34B
10CA
E6FD
0A31
BA40
C359
E1B3
21DF
F72D
FA01
0940
15BE
2811
2420
D8A9
4EAD
19EB
FB14
1904
E741
2943
FE61
E598
03F9
F0C0
FBB2
24D3
0844
BDE0
F560
2EE4
F89D
7FFF
FFA1
1340
C4DC
1BDF
F682
ECB4
EF5D
C4AA
36EA
C6BB
18D2
10BF
DBDC
1372
1E2E
C04C
22AB
E2E0
AE72
1349
92B9
C023
D5DC
FBF4
AA80
0B3A
C531
174A
E6A7
137E
FCEE
099D
14E2
0D3C
1705
E41D
C868
0175
0385
3A34
CE1D
F938
F1DD
501D
2C31
3077
CD42
E2C4
ECEB
0A2D
38FA
7A11
1AA9
0B48
FD9D
C081
0B14
DBF8
F4F2
8001
04E4
164F
3239
FAB0
D8F6
BDA3
BE62
F33E
03DD
21A9
1DF1
E232
C0B2
DBFD
F844
C7AB
1963
1A7A
2663
0002
068B
1BCB
1392
E4F0
DDF0
EA5C
6466
24B1
F5A6
03A7
CC42
3AE9
48CF
F7D5
E885
EB2B
B6BD
AF0F
D846
AC92
A780
DCB6
20E7
4B01
BD4E
F34F
C3C3
3172
1DE5
BE0F
CDBB
39C5
1415
0AC4
1811
418C
D8FE
F2F4
282E
08FB
60C9
F06A
0DEC
E5E7
ED1C
1851
51E6
5BC6
108C
ABD9
CBC3
FA73
8C14
B1E3
1A02
2A31
06FD
2E44
BDD6
22A8
2ED2
4980
BF43
5C96
32B5
DCD5
7FFF
DEAA
DD42
E02A
06A8
C556
3836
52AB
0B03
A7C4
0A0A
EB4A
C232
1192
08A0
6245
06F0
C6EB
00D7
EFEC
D324
E77D
351C
CA86
5094
1306
DAFB
F036
EEB9
B509
1493
EA05
A6B1
F32C
CF38
2B8C
3468
D858
0349
F5AB
301C
467C
FA99
B398
2D8C
2EEF
42AE
3DD6
7FFF
D17C
F2A2
0E20
2983
B31E
97B8
52A9
0CD6
D3D5
F46D
200F
E0DB
1A62
C218
CB58
0634
3814
FC5A
E515
17BA
61B9
8001
1126
F8E8
D1B9
4289
FE1D
A670
CCC9
87A3
1ED2
6136
3474
0D9A
3AA2
D201
383C
CBA4
0019
1D91
F43F
FF05
C532
73EC
AD11
E1F7
CB33
83F2
C733
F4CF
C537
EF87
213B
EEA1
C111
18B7
34B0
E385
86FF
0F59
4360
34FA
00B8
B71A
ED7B
DCE0
0979
F660
0091
95E6
F735
34F6
5A7D
4B1F
EEE1
27F9
EF14
4F91
EA1E
36E1
DBA2
D23A
20DE
57B8
2F05
2E80
C680
214F
D640
085C
1BA9
193D
D755
14B7
FB39
D84A
2143
EAA1
0DA6
CBEC
29D4
135C
E79F
BD9B
3192
E543
0F9A
E756
EA82
BF1B
2BC2
0C15
F385
CF58
3345
13D3
CED5
35CD
C56A
E65C
AECA
ED83
F21F
E4C0
0347
1FBF
E97F
BDB8
D0AA
F8B9
2602
17C0
F0E5
B3E6
12AA
1808
354B
E18C
20B9
0023
D7E1
0D46
EBBE
1F6B
8001
9AD7
DAD1
4F5D
16AF
A366
2286
0B2F
0DA0
01C4
1055
11EB
1CF1
9077
5C0D
0DE4
F35D
ED57
0F34
1095
7AEE
0B12
08B1
C01C
4FE4
F289
DB35
CDDB
BFB9
9EF2
5C2A
D79E
41D8
CF11
0408
61B7
05F7
F657
EB8B
10FB
E811
2089
D68F
C49F
7FFF
D4C9
064E
4D93
184C
0743
C8A2
537C
02B8
F724
198D
2215
F965
2FB0
E7A2
1274
C1B8
2CFD
EFCA
E63E
59EF
058B
B72F
7FFF
E3B4
A7A5
3CEE
D5BC
FCAA
FFE6
CCC3
0A3B
030F
EF27
41B6
DFF6
BFE7
BDF1
D692
DC03
2E75
2781
EB3F
29E3
3A83
3393
C565
EEAA
DCA8
DFD6
58FB
E03E
2430
FEDB
D3E1
592E
2BC0
2AC3
0482
14D1
3FD6
F215
3CBE
1EB5
50C4
D474
8987
0531
B2DD
C388
BFB2
33AE
1DFB
FC4F
DB97
1B2D
2B07
EAFD
2D78
E3CD
3DF2
1D63
FF61
6D96
192F
CD5E
BC21
0A4A
E1EC
F27C
298D
EBC2
D0E6
E41C
B17C
1E10
FF7D
A864
CB64
BAE0
FA1B
F41E
FC0E
117A
037E
BC93
0B27
ECC2
F2B2
07B0
101B
0F2E
0F34
D11D
BDA4
1085
CEC7
2546
2570
F19C
2185
0EAE
EED0
04E0
2E66
CD61
149E
C4BC
DAB0
F628
E57C
194E
FD17
F767
B00C
E8C9
E26C
8001
D807
2EA4
173E
40A6
391D
D32B
D24E
0271
1D2A
F1C2
DF53
BED9
BC88
B034
35DA
8001
487A
C68F
1E01
EF26
1E28
D63B
0F58
F28A
34C7
4145
CFCC
D4C2
E049
1ADD
2C1F
D26D
F01E
DA54
1C18
1C94
39A3
1455
E6F9
EF81
FB90
1ABC
3EA5
0884
100B
DD00
4165
3E7F
E638
E717
A06C
DBBD
30A5
2F6D
602F
EA8A
FCCA
FEA0
B9D5
05D5
D104
DDBA
1B64
D604
E0A8
E502
F1C3
056E
332F
DC5E
3799
D7C6
27EA
D142
F1BC
FA93
E71E
BCC9
1019
6C94
053F
08E8
BB11
587E
F98B
12FD
C254
E2DA
07E2
0983
AB55
0DF1
ABAB
C948
38CC
5BD3
F22B
E719
3BDF
FEA7
C201
3B18
9010
9A31
0DB2
8001
F29A
D66F
D928
66B1
E60F
096A
CB4B
EB84
85F7
0F31
4239
3206
1980
4A9C
CD00
F80E
5A33
4936
469A
AE0B
041F
B63B
4788
DCBC
0EF5
32F5
F03C
B8DC
DB25
24EC
704A
2790
F50A
F631
084A
061A
31E0
DD2A
1295
C04B
F9A2
17E7
E589
D4FA
2C12
467F
E9F0
B997
0E4D
960E
056E
161B
E67B
D69C
FFA7
C829
E50F
50E9
D5A4
E0E3
F465
D35A
DBFF
E755
7017
D066
E815
0B79
DC70
2D66
F35C
E8E4
24C4
402C
E641
551A
5736
0CD9
4C82
FAE9
AFA6
C5DE
5597
DCC3
4F3F
E686
CB87
8001
D3C1
C84D
78CE
CFD2
C4AD
D7A5
FA57
F69C
F336
B84E
A0A6
1B9B
E786
1C7C
B28E
203A
8001
7EA7
26CF
3CED
A2AA
BEE1
5696
F060
A930
1CA9
D548
EE59
3837
F2A5
EE24
4119
00F5
2536
EBA2
3267
BEC1
E7CD
1148
CD05
C55F
F21B
E791
2F5E
ECEC
76BE
EC26
D747
3392
55CE
D22D
E01C
573B
F7AD
B6DC
2758
1A46
EF73
F972
0F89
DDE3
621D
020F
B272
0AFB
42FF
2363
CAA7
A811
3D67
B96F
D1EE
4E79
6B84
192E
7FAB
4310
94D5
09AD
B08E
D8B2
2983
E1B4
5A3E
3E1F
E0CF
29C3
2B61
CDCD
BDC0
A95C
03D3
226F
01D3
E200
D902
5BD4
CED2
BD49
3058
F780
3697
0574
22BF
0059
26D6
A238
57E1
BBCA
C344
1998
03A4
A708
E947
A53A
03D9
FA2E
F629
5747
6B66
D3B7
E854
0FD7
A843
1031
38B5
8372
4E3D
0FC9
4CE3
5689
349C
ABFF
252A
90F0
0622
7FFF
D7B7
E430
5641
0812
41DE
1BEA
EC60
DAAB
0569
F0C5
1F01
DFB6
07BB
199E
CB50
2769
F903
B0E6
16A1
1A9D
0C08
0340
EE48
3048
2D87
F24D
0E2D
CC73
F7D6
41BC
DAE8
0EF9
0570
CF76
09EA
DAD5
0089
14B9
F6C0
8001
F258
C625
558C
E1A0
F60A
DFAB
FFE1
F606
45DC
2738
DA30
05AE
D043
F2C5
012D
34C9
1529
3BAD
0369
D5C6
1029
FE8E
FC5D
171A
1417
DF54
DD98
E8AF
D2CD
1674
12C8
9668
D8A7
26CC
1515
44D0
5585
3B0D
2559
26DF
D669
36E4
CA3F
DC39
1A62
F0CC
0183
7B12
FCB0
1731
1820
A111
1B93
F54D
BCF8
0307
F8FA
B88B
071E
F6AB
FF40
38B6
31B1
23F7
EA96
03C8
0594
249F
23C2
F46E
0E75
F1C6
8001
D675
99BF
C3A8
C897
BBE7
45E7
BAA5
99AB
0F6E
4591
04BB
2197
CFA3
1EC1
F4EC
C4D1
C758
0301
CED7
ECDE
332F
ECD7
2782
2287
02A3
0880
B429
1CBE
3765
19A4
01A1
B0E4
D168
214D
260B
1305
0B64
F58C
B185
0418
2BE8
E5A5
1B57
3F22
3E38
F13A
33B9
2FB9
0179
5997
27DC
12FB
1E2B
F750
AAA7
0892
D787
C465
1AFE
27E3
17AD
626A
031F
DE42
304C
E75D
BB78
97C9
0CBE
F85E
1DB4
7FFF
3510
B4DD
1EC0
1EB3
F288
EAA4
C88E
38FD
1616
CEC0
F663
BE1A
3645
C800
A598
151D
EA94
E210
8001
EFEE
73E3
0523
BBBA
CF28
C2A2
266B
B9C0
0F61
F12A
2B46
187B
F164
CAFF
D4F8
F228
EF16
208C
054A
4CD8
F6B1
BED2
615A
CEBB
D4E6
D7DB
1788
22FC
EB77
0181
F574
F69E
EDD5
F477
00DC
1A60
01FD
9E54
AEF7
C895
FD42
AB23
12BC
3858
E17B
1B93
13AF
1984
0C23
FD6D
964C
1CEE
111F
FA98
0CB0
1600
43C2
FB48
0F28
081F
5438
F1E3
DE66
5672
8BF2
CCB6
AD65
EF54
27DE
EA90
0F86
E2FF
F905
E591
E966
1783
3063
02DE
CF4E
F583
E6A2
A74C
DB26
0153
E72A
079C
7FFF
AC09
5FAA
CC4C
E20D
EF36
25A8
E051
BC8D
67B4
F57A
E5BB
D7E1
EC94
C148
C23D
1496
212F
E3F8
FDDB
CDC7
6054
F197
1CD2
1514
CF0C
06FA
0F4C
88D3
128A
9A8B
E6F3
2D18
F447
9B0D
F0EF
D470
E083
0476
00FA
26B7
2933
D8BB
02E2
DAFC
D5F8
DDEA
E518
227F
17B2
28E1
EBC5
CB2E
1A04
0DE2
D8E5
29E0
FC09
0C9C
B2B6
EF06
2696
1066
DC72
7FFF
E3D6
D5EC
08E0
05A4
1DFE
0290
ED52
E015
45E4
FD1A
E2CF
020F
0F84
F2A0
07CC
F7C8
03F5
1066
C4BB
154B
2395
2838
1896
1498
BDE1
2D0E
DF06
CD47
1766
A688
F80C
8F73
D84A
1564
0E82
1650
DC19
1669
ECBD
2910
DD48
F874
1774
E399
CB49
119D
FC62
D569
3495
10F0
E205
D120
EC25
EABE
2041
2C4C
F8BC
2934
DF4E
DE5C
EC6B
F622
25EE
F53B
B2D2
CAA6
1F01
D3E4
BAF1
00DD
E4AA
2DD7
3761
32C3
DB6E
134B
C318
2821
03B3
E5A1
BDC0
FDB9
40D5
0570
E3D4
1EDF
0E05
D11D
12BA
C128
7FFF
11CA
815C
D31B
C8DD
08CA
03C0
E0C1
692D
F6CD
BD1B
2F9D
1B9F
1280
CB19
BF97
F7B8
45C1
B3CE
EAF3
3189
FDEF
1AFC
F61C
F7EE
1829
F3DF
2AFE
E012
3428
CB36
09F0
0F84
D730
2F78
0743
CBB1
F912
159D
01F5
1D25
F0AD
02E3
1D2E
BE24
E0F0
C9FF
E5A9
E259
7FFF
D92E
34EE
0475
F7C2
EF3D
D4F8
F6E3
EEB4
0C8A
F4A7
03DE
0110
C37A
24F9
F081
D6DE
13F1
F8F6
CB38
0840
1E64
0ED7
2F61
1F00
C4DF
BC98
2647
C30A
C27B
C12B
091C
562C
F4AB
1EDC
F029
CA63
29AE
C045
E452
DB3D
A7DD
EA5C
E35B
01AF
20F7
E5A9
EF5B
E388
2586
F8F6
CD5C
005B
DB86
F7B1
1C34
BDE0
F328
2AD0
3E15
B434
62C7
282C
2032
F4D1
FA2B
2E4F
98C6
1A25
AE8E
F9EE
0355
C331
7FFF
05CB
58CA
FA9F
C052
2BBA
E2DD
EE18
9EC5
29AA
F86B
2D92
F4FF
F4CA
1D3F
1E9A
29EA
5070
59AD
0102
0A1A
E58C
54F2
3255
24D1
ECC1
CF8D
CE44
CBB1
8001
DD3C
FE30
3FA7
FD2A
F80C
ECD5
FB2F
E684
3594
C2C6
AFAB
E84A
FD3A
4C34
0E1D
DA50
E893
DC4B
08F4
F8D0
F497
DCB8
0C5E
1617
2AAA
1550
2801
FF18
0BF9
27F3
FA31
CFF1
4738
530B
05DC
F44D
1426
BDE7
0D82
E465
BC87
1D8C
23D8
C2DF
11F1
0428
E421
F596
1DE9
B5AA
B13D
122C
D5A2
028D
F007
DE54
7FFF
C14A
15D3
C816
C4C2
0A3C
1FE2
92C2
EC4C
D523
6C71
2AFC
E85A
FA68
3D92
29F9
50B0
E489
D982
1648
3BAB
D318
3E1A
F252
15B7
020F
E9B5
0BB1
B498
22DE
E6CE
B8BF
1561
4658
E049
2CFF
CCB2
1B8A
F714
C85E
212E
4EBF
F414
DF8A
3ECE
9C6D
0E40
D0BB
288B
B4AA
B3F6
1B44
AA78
3712
3091
8001
3D30
BC76
3225
0226
F0C6
F148
5C55
F782
1DFB
FC4D
CF04
AA53
D251
D2F8
5F16
2A20
F303
0CA6
689E
FF0A
EE4B
DD71
27B5
260D
1047
C900
54AC
28E5
2179
D842
4016
F053
BD8F
11AF
FFA3
F866
F7F5
338F
1DB7
DDE8
9E63
E43F
D34C
DC66
D6C5
C139
0DB5
1AB8
0554
4572
5D47
BF53
6849
9C8D
329B
17F9
F99B
FABB
E7EE
EE29
0329
D7D0
2D74
8719
7FFF
CBC0
15DD
EB2B
C792
3F4E
0A15
807D
0939
F41E
B6FF
B481
C198
F854
1EBC
A632
16E3
0114
22FB
0E73
335F
3808
D4DB
4F63
A938
ECA1
25AD
1805
2D3C
1A9F
D835
39C4
4080
21BC
F4E0
CD40
FEC2
3B91
B97F
D582
A848
05B7
CC7C
88FC
0E18
D361
12F8
E898
D46C
0882
25EB
452F
0EAC
FD28
D641
AE0B
0008
2762
06AC
E963
170F
D634
E888
F813
F3CD
CE08
FC16
F7A8
F904
3137
2435
13A6
2C43
270D
FBA2
DD53
0A7D
C5F2
F310
EC90
F2B4
FF5E
145B
2E39
1EC1
E8DA
03CC
0F26
011B
1891
7FFF
0DCF
C4CF
0222
D202
E216
F4BF
EE5A
E003
E7D9
B825
D93C
1471
0931
BFCD
3121
1C36
EF9E
CDFB
FFE5
14DF
40ED
C8AB
056F
0C3C
DF3C
4EFC
07B6
F659
2001
0729
2857
0FAB
1BE5
DF46
FD73
3873
F426
E7AE
E5FA
0463
06DA
3F73
E5F3
FC7B
AA6A
095B
D09E
EDC1
E680
CCBE
1460
DCC9
A7DB
0436
B286
1E57
30F7
0FA8
0572
B263
0EA4
FE19
F763
4F5C
EC9A
FD83
142B
E943
0F1F
171C
F311
4C0B
2A9A
0685
F76B
3DFB
1905
2FF0
021A
E80E
FB43
E94A
356D
0C5D
DEC8
339C
8001
F802
0ED5
018E
E60E
D4E6
F13E
F444
2272
06F7
CBF9
0BE0
F237
DE16
09B5
27A9
1E11
A348
060F
D2F1
1C28
F238
B4B3
28A0
D5FC
AE7E
E262
32B0
0C2B
22B9
30AA
F973
3F8F
50F9
DBAF
E2D9
E33D
CA19
229D
1F7A
A31C
16FC
E8D3
0995
2E48
15B7
1201
FBB6
DAB4
E571
13A4
1C19
B6F8
668B
F846
C5AE
2944
2DAA
D9E5
1D03
B730
0591
D469
5792
8001
C976
1FDA
3295
441D
A14E
461B
68DE
B101
E136
3C2B
ECD7
B862
DCE6
5604
28F3
CD12
0BEA
3DE4
C084
276E
C356
338C
1C44
E651
021C
DB53
FC25
F605
FB0A
D36A
FE6B
207A
E556
3345
FE40
384F
30F3
1DD8
1C0C
D613
09C6
15A9
CD28
525F
14C7
EB35
E8B4
079C
DB5A
D24E
B5B5
0C6D
ED56
1874
DF78
6743
E4D4
DB7D
14B9
FA84
E107
8001
E96A
F383
0465
2037
0818
E909
2350
0BD1
F780
EB76
1075
D0F0
CC3D
31DE
315F
1B74
F883
F17D
B16E
58B8
4225
08F8
04A2
058A
20E6
080E
2706
2444
4497
D0A5
F9E5
B5A5
CBEB
C4B0
05B3
12A2
057D
0F68
BFCE
3CBE
F23A
D94D
8978
F2DE
D473
7FFF
B7A4
D42A
40BC
C6DB
DC3B
034F
BA04
AF93
1820
0C71
E0CE
1AA9
05F7
DF11
DFEF
E693
1666
CB46
0ACA
E443
2ACC
32EF
F2EC
EF19
8253
F959
0460
FCC9
0B61
D846
CC3E
B715
C9B0
DCDD
CE0D
E57C
DB87
7FFF
A261
E7C0
C430
0897
4BB7
2CA1
CCD7
3803
F114
211A
289B
BFC3
ECF9
A06F
2DE9
3C3A
0DB2
CDBC
D544
6C37
3CF8
F88B
F653
BCD3
E21F
9AE6
1F1D
A7D8
C002
A8A8
EA7E
518B
8B8E
40F0
2478
11AB
BDDD
3CC3
43B2
1A1E
8F2D
3CE3
539D
1B6D
6A3C
4BE2
C291
6DFF
5104
CC56
EE52
9336
ABF4
5BAC
C65E
B4DD
DCBA
04EF
2DED
F39A
A4D6
F357
B441
5BFF
F0C1
F481
095C
268D
FC0E
291E
2C0C
FC55
136F
3588
DE7B
F618
0CDA
0DAF
28C8
3023
CFC3
02B2
C7B1
0FB2
31BF
2882
F170
1282
D193
297E
E31A
F890
FF7E
07AA
8001
08DF
C8CA
281B
C248
FBFB
CC2C
14BB
0A9A
0FFF
CF8D
C10F
ECDF
DA1F
F08F
1EF1
2B07
FC11
1E8C
1A43
0CD8
F15E
AA53
40A5
DA61
E945
0BCB
F56F
F7EC
1A24
2014
A93E
AB39
3219
A7A0
2595
DB0B
1CCA
67C6
0F58
276B
F9A7
0834
2023
A54A
14A3
F687
8962
789D
1D43
9A4C
4036
32EC
DBC1
F0D8
FB41
F6A1
3431
09DA
CD64
01C2
F3F6
D2C4
09B3
8001
1944
0EE6
36C4
9AF9
EBE4
FCB0
1A60
13EF
0ADD
07B8
1BFF
406D
C3A1
FF46
2F74
3D34
F33B
30A4
D10B
0056
9F34
02D7
3A7F
9FCB
1DA1
D060
21EE
35B8
9301
C801
BC98
B743
7FFF
042F
20D0
01D3
126B
E7ED
C860
DB0C
B4C9
FE5F
FBE4
EAD4
C680
209F
0D00
FB7B
5E60
C568
4F06
EF66
F83B
C821
051F
2C32
E898
E0BA
3054
479F
04C6
FB0A
F22A
0616
1131
1D34
3726
C5B6
10CC
1BE4
E0F9
F544
CBDB
2AC0
F44D
EB22
1C22
B139
D439
EAA3
EEB7
5255
B685
2005
0D4D
0E6E
D6AA
DA96
E9F2
DC0E
C6FA
0A00
EF08
76D9
E03A
C976
7225
88C1
23EC
1D31
D663
7FFF
E0C6
BD4C
F472
C839
22BD
9DF6
312D
ED3A
E6D9
1208
087F
15E0
D447
DD43
030F
AA0E
2208
28DA
1767
DBB9
06E0
D079
EBA6
DB10
E838
B57B
05E4
DBE7
45F5
1105
FE7E
F19F
5A3A
0425
6393
CE84
BFB8
0B3F
F30E
A6D3
2EC2
3D52
F641
57C3
0A23
BCD3
2257
677B
4382
2732
FCDB
1E51
DF4F
EA4D
9737
D78B
BEAB
F5AC
46EF
05B6
3923
F664
2EA1
51C5
C9BD
1CE5
F588
EA96
2A48
1EE2
BBFF
EB86
DB04
5398
15C7
C7B0
45CC
3482
28A2
2080
B7FC
CF2D
2260
2855
E03A
DE08
06B9
1B30
1275
8032
F32C
D1E6
DDE5
BE52
05B2
FBD0
38C3
E417
AF1A
EC8F
EA24
17BE
3929
0880
4616
0098
E2B9
1B43
D9D5
ABE7
8001
F837
E781
F989
2568
2DFE
A2F9
E5AE
85A7
CA5A
D790
375D
10BE
2318
EDBA
E2EA
3E0F
2271
E876
0DB9
1A3A
CA9F
299B
DB44
B3E6
E6DF
FEAE
1C7D
5B8F
8001
E3F3
C287
4447
0D67
DDB2
4570
1DDA
1FF8
5DC7
BEFE
F973
F426
F845
35F9
EC9A
43D3
6AB8
012A
E388
D465
268F
2F09
9DCC
144B
4716
F5AB
1442
F9ED
DA78
FF97
60FE
207E
D8DC
085B
1102
E1CB
D90E
B0DE
D477
0D1A
F800
E2E5
F75D
37A9
1203
D5F3
F481
DA6A
EF94
2C48
E10C
61E9
0672
8001
FF59
E13F
29CD
20C7
A495
E5D0
1EFC
4547
14B2
EDB1
F8A8
BA99
162E
8BE3
953E
E788
C39C
04D7
CD6B
A324
EEFE
D47A
2A72
106A
2099
B042
2FC4
114C
4935
1C82
6399
057F
23D8
EE4F
0405
813E
9D98
3888
6EFA
CF05
2EC0
32EA
0CE9
FC1D
D5CA
D23B
1A10
BA76
E59B
F63A
F4C0
DD8F
F0FE
BA44
C9C1
E76A
F32F
9919
F2FA
3378
16E5
5488
F82A
0918
C621
038D
E8C9
8001
0CBB
FDD9
E738
1D1A
4DB6
D0D7
3BB7
3333
E4FB
17CA
1BFC
696B
2C24
ED75
E08D
E9D6
BC46
C327
0BD7
2E43
0983
BEF2
F484
B164
E2FF
FB05
1C68
2ED6
EC8B
FE5E
FBE2
235C
A095
E736
F661
605A
E24E
38A8
ED34
DCCF
9F3A
E73A
33C0
DAEE
2B41
F145
116C
0CC7
DD15
F183
C205
D91D
A878
CD33
031F
240D
265A
08CD
0292
138A
DAE6
0D28
DD9C
EE89
FB9A
E53D
DFD6
1B37
FB1A
1E11
139D
1BE4
04D8
F868
FA41
7FFF
1285
E0A4
02FB
06CB
3D99
E061
F7CD
B523
05BB
913C
D6E1
52A3
4650
F3A2
E2AD
CB37
BC9A
F916
01AB
E96F
30B0
C6C2
A25C
37AE
188E
5443
4262
11E2
6494
31FE
F074
2CE0
F894
2734
0F9E
05A3
7897
3FA0
A844
D73E
2ADF
CA75
ECC8
19E4
1EF4
6EED
3923
E745
D95A
E745
C600
A274
FAED
0142
5AD9
51DC
1040
F9BF
C781
CBCD
5FF5
D92D
E87C
7FFF
2843
D6F3
FD13
A727
D60F
24BC
E966
3F76
DB0C
D2EC
193F
056D
EFFA
F732
67A1
343D
53C3
857D
E5E0
52C9
50E8
BD7B
F749
2095
D7AC
5F99
F23C
B85C
1B90
10F9
5071
EB30
F9AD
B83B
46E9
E328
2936
5C1A
BFE4
CEF7
1CD8
EEF9
C5CF
FDDC
4080
E80D
B788
19B3
C7E8
E8D4
3C13
1A7D
CC86
108E
0F49
ED78
0F9E
C357
1545
5A4F
BFC8
1CA6
EF5B
FCCE
3D9B
C1A5
EA91
42DF
BA19
F274
130C
0966
FBC1
FBD7
39C4
D41A
07CC
8001
ED15
E5B7
E49F
04B8
0CB4
E8B3
0290
C089
DDED
3649
50CF
3F86
FD48
EC18
13DA
ADF4
A26B
D874
D88A
CD04
3AC2
D552
F630
015F
D360
CF42
375F
C631
F2FC
EFBD
5241
578B
FB74
FC9A
D2D1
1630
F8C3
8001
E2B6
036F
E2D9
4638
2DA9
F311
D9E3
22ED
281E
3345
EC2E
33F2
21E8
F32F
E153
D596
BC6B
FA40
2A9E
0813
1838
EA10
F409
A685
FC21
EFE7
1E89
0736
2757
0450
111F
02CB
C5BD
E3CA
2BF2
2D4D
C8AD
4602
FF55
D9C7
D82B
FDB0
107A
A61B
5702
0C2A
F1E4
FFDD
2B60
7EFC
FD5B
B4BB
F9B2
051C
27C0
00F3
D220
CF98
14EF
F105
012C
28B2
E661
054B
1660
FD82
2868
1CA2
F119
DB31
E996
C969
C2AE
7FFF
CFCE
0A04
099B
0AA3
E49F
0149
E277
E066
F993
0BC8
CA42
2EA7
12D0
3B72
08C8
31FA
0335
081E
B722
BA38
2FFF
EE7A
B7DD
2AC9
93C2
15FD
C4ED
F6B1
08C2
0366
23AB
0341
265E
2384
345B
0087
E69D
04AE
8001
293E
F125
FC69
FD34
FA73
13C7
F674
A896
0A36
F6CC
DFB0
D87F
DBB9
37AC
FD63
E0BA
18CC
A1F0
01F4
2EAA
0261
11C9
8152
2085
05D0
0BDA
4F05
E2A1
FAA9
434B
1AA6
20AF
39C4
DFEE
01D2
33FD
13C1
F181
1070
0765
F88A
F400
0B3D
F0FD
E69B
285B
E5F9
1824
3BCE
942F
20B0
086C
D326
ED52
C5C7
1F28
E914
187C
F1C8
A57A
FB69
E176
2CB3
C4DD
1C39
CA53
D6C0
0833
BB61
5D58
E8ED
A4F6
38E4
3EA7
23E0
C914
EBDE
E9C2
E53A
F327
F67A
0619
22E0
F1D8
BBD9
C441
1D52
0A37
1328
2678
56A9
284E
F754
4F3E
020B
E66A
D560
0AB4
C05D
FC16
F135
E0EB
DF2D
E984
F6D2
1910
BC4A
21A0
015C
0EFF
F6A9
8001
C4C1
3BF8
3637
FE97
27DF
F269
EE3B
1078
EE4C
070E
F8A0
14D9
132D
3020
D731
FBCA
1B95
CA16
F6A1
CF78
0971
6876
FE06
D4A9
F048
059D
E8D6
AF3F
ED15
F5CD
0D6F
9388
F54B
99BB
300F
661F
E96C
BCAA
02FA
F59B
E650
8001
3BD8
AD8E
05B5
D1B5
785F
721F
4A7C
FFDF
4083
EFE3
0136
1AEE
23A5
0F07
E956
FD6F
B2D5
1245
30C5
DD87
C274
E281
A72F
F841
B718
F312
7D79
E121
C337
F4F6
3FC5
F5C3
9E23
AC2E
0544
E05D
56D3
26E5
F1A3
E3B1
0F42
6010
E288
A6B8
14AE
CC67
6AFE
2A14
1F68
F695
D8C4
DD8F
BD8A
EE8E
D2D2
43AD
65D9
CC8F
258A
D09E
C5CA
B653
F0FE
E3FA
67F6
E258
97DF
2FE4
E2A0
0BD7
6BA7
EC02
1ACF
1CB7
CE70
F671
3C01
7FFF
914C
CCCB
AF15
0E86
2010
E7FC
E38F
D8A9
6E01
3D71
DDE4
9A32
439E
B109
EF67
1E5D
2179
D9F8
C24C
4589
22A0
E092
F89B
BB6A
325C
19EB
1E73
DFCD
CF7D
4340
ED02
952C
0526
F85C
DE8A
E99B
AA82
015C
1BDE
D6FC
FBD9
D98B
1FE0
1AF0
BFC6
103F
B5B4
67FF
026F
F11C
3B39
0451
E495
39BD
F9E1
7FFF
35DA
00B9
9F6E
F2DE
F931
4700
FBE6
02FA
0C6D
1C3B
ED0A
E3BB
FF36
356C
E2C4
EC55
16B3
D279
1F2C
0DCA
E715
D19B
B4EC
F341
F6CA
E83B
F8A4
A936
EA0C
15B6
18E2
CD24
1F88
0178
D8A1
7FFF
92FA
1237
CEC9
057D
1A1B
110D
21EF
FC3E
F98E
3296
69EF
15FA
DBA6
43D1
BD74
FB10
3C36
356E
F1D5
F8A7
D8B1
DC38
D839
D3EF
1A47
11BF
D203
20D5
4827
EC47
F7E7
2F07
A418
89F7
C83B
E563
D1DA
0AD4
D83A
F0A5
29C5
D379
E26C
D2E7
0637
16E9
A9D7
2A77
1D84
BB58
EA56
FF47
1FF9
48EB
F8CA
C218
9E92
238D
AB3E
E0E7
F314
B2BD
ED08
0F1E
A585
306A
9F59
EBC2
2C7C
C326
0197
AB54
CF08
25AF
183B
1767
E56C
E3AB
42DB
F286
2EB1
12E5
7FFF
ED92
CEAA
1C62
B70A
275B
A5A1
2AE6
3F3D
B323
C744
2F77
DE97
CE8A
0E96
FA17
F58F
ED66
28B3
EF97
73FC
197C
18FC
D51C
DB62
FA1E
DD3A
ED78
7F75
0944
44FA
150B
0FF3
BFF7
5784
38A1
CD1B
111B
073C
DF9C
2087
F95E
0B41
B61B
06F1
4985
F363
23FA
FD62
3504
D5C6
EF2B
0A4D
A576
F233
0F28
7EAC
A57A
F8B5
0B43
EDB4
1C3E
F17F
BA9B
4646
CBC7
FD82
0F32
4C32
21DB
0FFB
0D7B
FD32
E8BD
01C6
FC03
7FFF
E541
E658
1E18
41F6
0F1C
0880
3671
EB99
009D
F874
00A7
D91B
1417
D73F
A66A
1DF8
DC14
3707
F1F2
1D8A
058B
F576
49EB
EAB6
FA44
0DDC
333B
2FB0
B72B
5307
DA67
EC52
EBF0
ACA8
98BE
B19B
21BB
C8F7
21D6
2CDB
0205
BBE7
B5AE
323D
D9EC
B9D5
7FFF
0460
BEF1
216E
FA73
D017
A946
F3CC
A689
0B72
2095
BC21
4870
E9DA
9619
F82D
9B28
6B48
0F69
5EC0
9ABF
7937
60DD
B750
B9C1
EAE4
A71E
37C3
33F2
2376
065A
57EE
64E4
B73E
04C9
1D73
C6D0
0FF4
AC47
56F2
E1C6
D759
6885
2526
48AD
FE90
ED2A
7B46
1D10
D5CC
6023
05F1
BEFC
58EB
4857
66F0
E1BC
0168
EA7D
2F35
C867
6217
F700
BB47
C108
F236
C9DC
2ABC
0D5F
E8D5
B6A1
EBF4
8F71
3E85
F34F
0D31
2B52
199F
8001
36E6
B4E4
DC94
D7EE
703D
CE3C
E13A
F8EE
D782
D6F8
2099
1741
CD7E
1788
BD7C
0EC1
320B
FF6F
F1F2
4CA6
2798
D0E5
15D6
D34F
D1D4
3F09
2DAB
46AE
1D18
F057
DD17
5C01
C106
F025
B580
6500
2C3C
1D02
35D9
A565
D345
3613
8001
EBDB
FC29
F7E2
15B4
C02A
D3AA
6EDC
3001
A70C
1927
3C6C
0C34
D247
FBF6
B1D3
2E8F
08DF
DC80
F49F
2C9D
BBBC
35ED
130C
E6FC
EF26
391F
FDF4
4223
3DE1
0264
49FE
49F2
F607
4119
3792
3FA9
ED27
321A
064B
19D6
25A4
2F4F
0AB9
2B11
1416
256A
30D9
C61C
F452
0897
FECA
B943
04DA
081E
2403
1E46
470F
F22C
B55A
0CA0
27C9
05F5
3494
AFF6
1F60
188A
D49E
696F
8001
C355
EEAE
F295
D03C
1CC1
C724
0ADE
EF81
EC41
BF1F
37A3
03B7
FBD3
48B3
26A0
89EE
5E9B
B255
BFBC
1D53
C306
87E1
2B9E
E821
A905
A55B
2169
B338
1721
D67F
174A
1B33
B8B9
F4FE
1103
BA55
4B26
BBD5
0486
8D2A
D7C3
2CE0
C2F0
C12F
E519
ACAD
DE35
C9C9
F607
FE24
242B
5EF1
84A0
0172
CDA5
A686
E099
A1FF
C4B6
23C2
2302
C7FF
699B
DAA9
CC40
280B
3EE9
AC09
2C28
1576
BAAA
DDE6
1FB8
8028
B5F3
016F
3ED4
FE64
FCF2
CC32
258C
BA58
1D55
05D9
6112
36EF
DD6E
6B9B
D201
6E2C
37A8
B9EA
E88D
10F2
38CB
DF4B
BB83
893D
ADB0
0567
27CE
F342
8001
EC48
3F4F
2807
3E8C
6F57
E770
C7E9
2AB3
C3FE
3C68
01BE
B552
084F
2A0F
E7A6
9463
B77F
1217
1FB4
DB9C
0E70
5DEF
BDD2
7FFF
FEE5
C8E9
0800
FE22
E789
0B7A
24BF
47C6
E7C7
D5DF
E04D
0842
0B6B
D8C7
4A75
BC53
CD1F
31BB
0EF8
3F2C
C080
0596
2359
231F
D9EF
2FE5
071C
EC4E
E73E
1A78
420B
382B
0A4D
B96A
412D
1209
FCD8
35CA
3845
E500
1E3C
D97E
2F82
8A02
05D3
2903
2C4E
1D33
C27E
E6A2
22E0
1590
1A9A
043D
F50B
E6B2
2728
3045
054E
F3E3
141A
2568
DA00
7FFF
FF1E
D495
2CEE
F3D4
FF69
0E27
3B2D
053D
C7EF
F31F
D5E0
2D94
0F8C
CA87
1A44
CDF2
0521
2BC7
D1A4
F59D
19BE
2C3D
3819
DB5A
DE0C
C80C
42BF
192E
C549
09CC
1FE3
DF28
E1C8
230F
E8E6
27E8
CF88
0D9E
DD45
1AB6
C9C4
35DA
FE77
FED7
F27A
1CAB
F46B
1D88
CFAE
0BF4
FFDD
0911
01AE
0C4A
C8FC
3072
F3AE
418D
2C9F
B2CE
1201
CD6C
1676
2D2D
E245
DB54
41E3
244A
E0CF
1A04
F78B
1A30
0D2A
1C53
8001
C203
126F
07BA
D649
07A9
C605
217B
14BA
518B
CEB8
467D
E31D
0449
22D4
34A0
E7DE
04BC
F334
EC33
40F1
DF0D
C6E6
D518
FAC6
E933
A879
DE1C
1FB5
1D4E
EF7D
E4AA
38F7
A67E
C25B
E96A
AD43
EC5B
F133
E440
CFF8
0C48
CE07
2197
EFDF
37F3
D646
7FFF
FC15
2637
CC89
47DC
F0B9
6706
E598
D752
4653
D46C
BDCA
D867
4610
B60C
C33B
4194
C0FB
05B0
FA50
F49C
322E
C0A6
C5D2
58B6
0F2A
07EB
2253
27E9
1B78
288C
55AF
0D67
0AB2
39DA
EE57
DE6D
CA44
0606
CDC8
CC26
0DB6
0F9B
F011
F982
EAAC
384E
F863
2AB2
0A7C
CA10
0B23
1EAF
DC5E
EC76
C5DD
4A3A
F68D
A6A5
35BF
FF12
1F4A
4C31
7FFF
F049
2830
015B
0B31
2DD8
D531
419B
C044
D8E4
FBFC
1CF1
CEBD
1C9A
4C17
E843
D4B7
DB97
B4DD
E51A
1528
D2A2
DCCE
378E
B938
EEA3
C3F8
292B
2B24
186D
20A7
364B
3A44
CF66
CB52
18A4
2CF1
00DF
0E4C
2616
B383
F191
C700
43B1
07B0
D3C2
23B9
233D
E2A7
FC19
34E5
C033
9E23
F8D5
115D
C2E0
D2F4
388A
C9FF
B4A6
11FC
40BB
B2F6
399B
1A63
46B1
2CFA
FB6F
0542
F7E1
D8D6
70EC
B229
C3E3
C71F
F848
CFDF
1068
3B24
2261
EAA0
D7CE
E398
E487
DACB
FC42
12CE
D99E
C665
EA7F
C13F
7FFF
DD4B
3475
0E51
010B
0A74
CDCC
63D3
506A
A9E4
4A7B
375C
223E
D909
EC9E
D65D
EEE4
E222
E02A
4222
BE5D
2AB3
F6E7
F370
CF32
3F30
060B
1989
0802
F814
B6DE
1E4F
29E9
5366
0E07
C90E
33D9
3380
212B
1DC5
001A
089C
2E62
C225
7FFF
34BF
B379
D677
2AC6
FAA5
DD29
E871
52E1
E00A
277F
BD7C
5608
04A9
0FD2
EDE1
EE3E
FAA1
255C
F527
3F51
566C
2167
E69D
5C9B
5D17
A890
0225
DCC6
F16B
2ECB
2287
B29B
80B7
C92D
2480
D0B2
3900
3AFC
F479
FAB1
E444
F0D4
BB42
E4D2
2BFF
2228
32BD
499C
EAA2
0548
0873
0762
4A09
4A88
8001
E807
EC41
DBDC
C4ED
E36C
EA04
450F
C782
522C
23F6
D5A3
209D
220A
D78D
234B
5DE2
D39E
D1AD
63C0
1C92
1ED5
13B0
B2FC
0751
0E8C
9654
E02A
FE7F
0B38
C7EA
19BA
CFAD
F495
43F8
22F8
5C2A
257E
41A6
B009
419F
D903
A49A
C210
20D9
CB94
D133
F2E2
2903
A2BD
C2AB
1C8D
106D
B395
A1EA
0BB7
08C3
B98E
1F66
C035
C8CA
8BB4
18EE
41DA
FECD
FAA1
E4D5
C7DB
026C
CCD7
F874
1FE8
D884
7F5F
2C95
C58F
6124
E99D
D7B7
1FC4
1976
2C60
B830
B5B2
2BC9
0BF6
CB97
409F
6E69
17EA
EBE1
D721
D5F7
2039
306D
1B80
BBE3
DDCA
4AF3
0DF7
C885
D02E
FDDB
B51A
7453
C868
03D4
B466
11A3
5F5F
575A
DF76
C50D
8001
C8D5
2865
E7DD
CE7B
CAAB
D1E6
39A7
05EA
3861
4CF8
1FFF
1B34
EFA8
16CE
D2E3
3232
7FFF
E9B2
EC66
FEFD
1221
2C41
D03F
389E
CA24
C6F1
61CA
30D2
B282
2DA9
71F6
3724
C0D4
E585
C1B5
001E
E464
CAF3
48AE
B1AC
A7D5
DE30
B80F
C782
1EBC
DE40
26C5
7550
00D7
1351
D73E
36B8
C6E6
E4CC
26B0
C2F0
1FC2
F352
AD50
CF5D
116E
3A7D
B5BF
0E96
05E1
BEE5
EC54
C4DD
2ED7
F6D7
C2C8
055C
32C5
EE63
E0C4
F677
1368
FAEE
D38B
0631
3283
F506
38B5
0071
CAD5
1E3E
0F95
E9C1
D8BF
EE35
FB86
1430
EB2A
EC18
4B11
229F
1E6D
4163
EDC8
2D3A
1BBC
FD89
4026
F6EE
1AF0
FCD4
D855
7FFF
D100
F1C5
1099
F3A6
EAAF
F7A1
E754
F132
F367
FBD7
1098
E652
EB27
D739
DAAD
0909
1AE7
24D5
D2A9
147F
FC4C
36B5
164A
14EE
074C
3E92
AA5F
BEBD
011C
E4D7
E44B
F0AF
D9FA
28BB
22A8
38BB
5D09
A9C5
37CD
2239
10EC
0037
C85C
FEBD
2872
D2FA
3E4F
5900
C1A5
209D
4719
906E
9FAC
1B3C
193B
5A82
DF0D
1B23
3766
52C5
96E8
0DB4
DD35
DE73
A57F
545A
0BF1
494F
6A48
FF8F
7FFF
5978
86A7
1C4B
11EA
B2DB
FA5F
CAFC
63F2
1EA3
06FB
D343
B594
9BBA
A464
CB55
08E8
910B
0EB4
54DC
DF88
0FA2
1867
24EB
EF7B
932D
B444
2C10
D7A3
0750
F67A
76EE
C4F9
EC44
249F
5BCB
0A27
5426
BB10
CF65
569B
0424
E3B8
0BCC
07C5
D4C1
DC64
4182
8001
47CD
F467
D8A0
FAF0
29B9
D6D6
D7C6
25B4
42C3
CF01
DE8D
3E6D
3E66
4A90
C41B
AA87
F217
FDD2
4A9D
3F21
053D
E662
B434
0852
326D
EAE2
0A5E
EF9C
D0DD
B6D6
CCA1
3F02
1FFA
1FB4
3890
0D2E
E05D
EDEC
2468
E855
203C
0ECE
0679
0025
0C45
048D
00DD
FC3C
C5A7
F9DA
5D70
DB9C
7FFF
D1C2
D901
4683
1A20
D5F5
1B1D
0E98
D339
D5D2
0B1C
0CF2
1D15
CF6E
1E20
BBBE
E46D
BC72
D3AB
FCEA
022A
B5A3
0D9F
29C9
C880
1F14
0CB0
1ACA
E622
92EF
E5FE
1F05
1FD2
CC3A
1D68
3201
530E
E281
0A4A
E95D
DF98
4680
2BBD
FB31
10E3
360F
4FA6
192C
E2A8
4872
F14D
E3AA
B1BB
40B6
1539
CA39
5408
B94E
EB02
3677
E30D
FE1A
0D52
3416
2211
0E47
C065
6BF3
D286
2D46
36BB
F62F
C5C3
FD8D
62B2
0EFE
278E
E779
3656
5712
D957
AF6A
19E7
CFCF
0D40
CB62
15A8
EC83
FA7C
0236
0CBC
CBF5
D557
F6C6
30AB
D3E2
E7E4
CC24
DA7D
29B9
139D
B102
EC8B
2CFE
F719
EE48
CA14
257F
8001
19CC
1911
0E66
E1A3
C73D
0026
E674
0136
50D0
0FFD
139E
0D8B
28E8
3568
C86D
9A92
F33B
23D2
3985
1E4C
3B60
D564
C6D2
09D4
CF16
5017
7FFA
8001
F9A0
C8CA
F909
3637
F748
EA93
578A
037C
A841
FCA2
1831
149C
02BB
C38B
2485
4CB9
4F76
40CD
4779
D4DF
9734
40CF
6926
CBB9
94E0
EC12
38E6
3FC1
E784
F4B6
068E
2FF5
B9C5
36C5
2351
BEE1
60DC
12FC
DCCA
EBCB
B8AA
F75F
C33F
31F8
D962
C025
B3B9
2E42
D9BA
E4DF
7FFF
D81D
B875
674D
FBBA
F429
D0BE
EEE9
0EB3
370D
28DD
234D
2065
3CF6
0FE1
03E9
B792
FAD5
3499
D439
5AFE
BA11
1141
D599
E1BD
3B99
C483
F37F
33CC
E044
4890
EDE5
2B2C
E125
07BF
33A1
E12D
CBF8
67B8
BD7D
9BBF
3514
32BF
1DCB
A7BB
2E8C
BFC8
224D
DB1A
EDEE
E852
F16F
FF04
CB47
37AC
FE62
20AB
9ED1
CF7C
FC86
ACCE
D20C
EB7A
0473
48FB
E54E
11AB
DC76
E4EB
7FFF
D92D
EF79
DEEF
62E4
05D3
093C
03DF
CE7E
FE53
4FAB
104C
242D
0DD8
D116
F021
3A2A
A1E8
50C9
E370
1EFA
0305
456D
44EF
1C04
654B
1E23
7DEF
B6F0
A901
FC82
1AA1
0657
DB44
CF88
F532
CB81
00F7
EF4F
A661
EFD4
2FDA
CE38
0F3E
146A
5AB9
D81F
0ECC
1C8E
1F93
FC6A
1C59
C04A
CCF3
B6F2
FD23
2B21
1945
FA53
1BA6
975F
E63E
2491
1A02
18C4
D3D1
DBCA
C83C
EA09
54D5
AA6E
CB11
F00A
E47C
0DBF
0900
56B8
B35D
E1E5
7FFF
749E
1CB6
DE83
1705
093B
3F6E
0EF0
CCB7
1E40
FCC1
165E
E14D
04C8
DC5B
0751
E81C
236F
3143
2ABB
DEF8
09D9
0344
5A51
2C29
CBB9
383E
1563
11A7
DE5E
11C0
ED63
28C9
DF91
D670
3E8C
0133
E8BC
189D
ED5A
EDD3
1344
D55F
F937
1EE4
0736
098C
1153
0E3F
4BDA
08AE
F429
2924
29E0
D9AE
E493
EC32
D7AE
C952
C2A5
F440
142A
E231
1B4A
1E1C
1947
F521
2A09
04D6
033A
D622
C240
2020
242A
1364
14D5
3858
F00C
1D79
0C20
3995
D2E5
8001
0698
E55F
F6D7
E93A
EDDB
E5F5
0D74
F900
1836
1570
E8B1
D6CC
D5C0
E406
1339
3BDF
053D
1837
AA8A
303E
D57D
D7EC
190E
1E5D
0A32
1C5A
F6AB
B20E
110F
F673
DB28
B50A
EBFC
A427
F84A
486D
CFB6
08D3
2EB5
0E2C
0FE5
5440
197A
B6B1
0E61
1190
C16B
34EC
2053
F025
130C
E0E0
2166
F0DF
2AEA
0E00
8001
22B1
1E69
9228
DD65
FD37
0618
2759
DE89
C5DF
1BC5
BD03
20DC
28D3
1504
2F60
E51A
071F
DC9F
E3E7
C63D
D40C
2249
C578
F85C
1966
0FBB
D897
07F9
F332
EC3B
7FFF
F39D
B5E2
CE48
E7F7
3DC2
069F
F529
ED97
E923
D473
11AD
2B1E
AAB8
D28A
DCCF
2813
39E6
28E6
4510
B037
F5DB
5068
F55D
0183
3116
070C
ECFB
1EF5
FA0B
E040
52B2
316C
3141
38FC
102A
F382
3D4E
D268
170F
1F75
1FBD
0456
23ED
EF5D
4D4B
1C7E
01F5
EECB
362A
309C
FDD9
07A3
99E8
24BF
EE1B
BD63
D38E
296C
CC86
FD7F
BA8D
CDA3
3CEF
2279
B96A
FA9E
0763
F609
1CBD
00D3
15E7
8BF7
E4C3
BFC2
15F2
416F
8EB3
4AD2
DFC2
DA67
2F6B
149C
5BD2
AE8D
138C
2254
FDE1
2757
E425
25C1
B57A
2E5A
1A46
BD56
CDA9
4017
567D
29EF
F628
079D
569A
D99D
FDA8
138A
2A7F
30A6
EC88
FC1C
7FFF
1A49
94BC
4DC3
D1C3
3147
C82F
1534
D47C
908B
CFE6
F424
5BCD
DAF1
8373
48A3
096A
2503
0F72
909C
DC3B
E508
57EF
E1D5
47FC
0E67
2E9F
3B2D
D6B5
0C52
7706
3E47
CCC9
A5F4
4BD1
3A29
CB70
D613
1A85
0C79
2F7F
6F12
FD1D
10C6
FF25
D40B
220D
1081
7300
07BA
FEE6
0F18
B434
335B
C54D
D9B2
DD86
2429
2D3B
CBFB
055C
0204
F5DA
D41F
275D
ED77
7FFF
F7B3
212C
D442
AC4C
EB91
E4AE
30CD
3541
AC89
AD6B
1F69
BB98
DC47
FAB6
F5E0
D9B8
30F6
2597
396B
3A63
F4EB
C853
383E
E241
E1BB
E424
D91E
1EF4
56F6
9FB3
D9E1
E081
E6AA
05DE
1480
7FFF
CAD0
E626
66A6
C4E4
54DF
CD6B
2685
EA82
3F70
0651
E9A7
D561
3DFC
CDDB
E90F
100A
A377
36D3
146A
5261
338A
1D11
CE49
10DC
F343
4065
3D74
D6FD
FD86
374F
7CE9
04E6
F3B5
FC4C
9762
F989
F9C7
DD22
214E
1545
E143
ED43
C104
09C7
0DF2
153C
C79F
D133
F513
DD16
2A51
D891
CC75
ECB7
E9A6
32F5
304D
DE02
138A
B06D
3E15
0AEC
0C40
15AF
D558
EE61
7FFF
0B15
F434
F830
09BA
575E
1F30
ED45
D4D0
D31F
0970
238D
1D49
EB63
EF15
040B
0EA5
15E9
098B
4EDF
BC35
225B
C710
2AD1
25EA
DE82
E61D
BCDE
0FC5
E62F
2268
D375
FDDD
2F85
F27F
FF10
1B07
00AE
33D5
D972
15D5
F73B
DDC3
DE5E
FDB6
B267
F90E
E9EA
62E2
521F
205E
D294
CFEB
608F
4A53
A26F
17ED
E320
2363
1065
E660
3497
9C19
F24B
5770
20DF
2143
E7E3
1E0B
9D5A
1208
1869
FB6F
781F
0AB9
F978
B0A8
F102
95C2
C300
0D91
3AEB
3CC4
5538
C6A2
579B
09DA
7FFF
1C6B
0B55
35A4
C66F
410D
DBC8
FF81
05EE
25B2
FABE
230D
0243
F1AF
FB3A
11CE
15D1
DE76
F936
CC14
DD16
1618
056F
C31B
19C4
056A
DAF3
E5C7
FF49
E9C0
3883
1A60
F138
4686
1D1C
1449
5F23
DA5E
CBB3
0E32
E8BF
7FFF
D777
43EE
074A
DE82
2232
C5DC
C881
EF1B
CD78
F5ED
C264
20ED
DE50
E0E9
DD1E
2110
E47A
1601
CAF9
CEE2
1923
162E
0C4E
DE7D
16AD
E504
20BD
2CE0
EEE5
0BE2
DC60
EE37
2954
E842
4D45
0B6F
38D2
1E60
00D2
E1DC
24EA
C3B1
1BA6
3D7B
03AC
17E5
50C1
19F7
3F0B
1044
EA5A
19D6
025D
F63C
DE66
DEBF
23FA
DA1F
168B
D451
4CAF
DFAA
402D
FBF7
0D5A
EC01
E45C
E47D
8001
DF2C
06FA
0548
FA92
4BAA
0DC7
06FB
E6D0
EC61
D407
2BC0
D56B
BF1D
FE24
7018
DDBB
368E
D361
2674
E0FA
DA9C
EBC3
1C60
FCA0
1228
FF61
F737
1B0C
EA11
2DF4
238F
C0BA
E46E
D0F2
C13F
4D6F
7474
070F
C479
1CA4
CC83
1E1B
328E
E13B
21BB
E07F
A6BC
EE4C
71E6
B39F
EAB6
CE5C
D340
1CA2
E0A3
66F0
A148
DF8E
30EA
D89E
FC11
FAC3
13DA
2C6E
487B
D6E8
F5A3
5A53
FCA9
53BD
F182
AED8
A987
64D6
C369
58BA
0A29
15C9
9715
0CA5
B667
7FFF
231B
A35E
F79A
F2F8
FC33
CAB1
C367
C0BF
0DC4
3C9D
8001
E825
22D5
B3DA
6613
ED07
289E
EA21
32CD
F576
CA3B
EFB5
F16C
14C4
1DC3
F7C9
E025
F003
10A2
194B
7563
B89F
5335
DDC6
11CB
DA72
1190
237B
BA7B
CBBE
48A4
5610
FF78
D703
21D1
EAD6
2B34
2629
E6F1
B65D
10A1
18C9
BC93
100C
A9C5
37D5
E30B
FE4E
1085
04E4
109D
0410
D397
55E8
F6F7
22D6
1053
F8A9
F2A1
C543
DD36
D53A
21E2
3B8F
C37F
17FF
1E42
DA61
F37A
A762
27FD
1A23
070D
0B3B
0A69
FED3
F3D6
4E2C
2EEB
37B1
CD25
EEF0
32B2
0837
33ED
BBA1
2876
2076
15FC
2D52
2176
7FFF
B84A
2FA4
37D9
2050
0B48
04BD
F374
20E6
3FD3
F257
DA3F
EC6B
FF6E
0F99
57F7
34FE
FC5D
49FC
D044
30FF
EFCD
367D
CC6B
F7FC
B702
2E74
FA56
1C11
E73F
C1E1
2E79
1A6F
0E1C
F34E
ECD6
363C
9D0B
F824
1CFC
D7DD
01E2
C2D0
22F7
EFDC
5908
ECCA
DF53
08E9
017A
266D
5CC3
FDDF
039E
D8C1
F75A
1FB4
4E47
E22F
158B
FA72
EA11
7FFF
F058
7751
B0B5
42F7
05B6
0787
0568
EF31
099A
E66D
12A8
FFD1
FF45
D282
ED46
F4F1
4539
CFD8
FAC1
EBFB
2CFA
1B5B
0D5D
30DD
8232
1CD7
CF9C
4020
22DC
3DC0
D25D
FBF5
3D12
DFA9
0C51
2565
BA48
DFF3
FF42
EDC8
F2F8
C547
E5CF
CA4C
06A6
39A5
2BA3
0285
E7A6
171C
2054
1493
FE81
7FFF
DC92
D440
4370
3851
DD31
20C9
14DF
0A1F
02DF
EB5D
D5E5
D972
CF69
F54A
2806
3215
18FD
ED68
FA85
2354
C58A
ACD6
C963
0089
01BC
329F
166D
DCF4
F2A9
F8CD
090F
003D
F49A
268F
32D9
DE15
C159
FC58
E5AB
22E4
0353
211A
5B6D
1B53
D173
B6BA
EFB6
1A21
1EA5
F77B
F540
2024
254C
E6CE
01AB
030F
D68B
AD6D
6690
0E0C
BF70
7FFF
27F6
9C37
1E6E
EAF1
B646
3EB2
34B5
CA03
29BC
FEB9
C32F
42C7
C69F
1D88
0794
A3AD
D5BC
0425
49A4
4C92
F3B4
2043
AA41
0FE6
F7FB
8B6A
37CC
CEAF
E0EF
ECDA
D7BC
11C9
0A85
F7D2
F120
E7F4
D842
393B
0199
F67F
FC7B
1653
B201
0A2B
5627
4B93
1BE7
2C5B
0677
0541
29A4
E414
F3A1
F146
04F6
0B64
EEC0
7FFF
E728
F274
0F97
F2CE
1F76
F3A7
2B22
7449
4E8E
D827
1A37
0D23
F8AE
DFE5
BD01
CE6B
DB5B
F11A
AC64
CA3E
F7C0
12AA
46BA
002F
1A92
C794
021B
001C
FBC3
EDA0
1E4D
1310
1019
F03E
F31F
F694
F835
D97A
079E
E9BE
A03E
3581
DD9E
F2A9
94D0
042A
F8C9
CDBE
DB53
42A5
32B1
D946
52C9
F65F
E4C6
5C1B
210C
1C4F
19B0
1C53
3133
C7BD
FCE7
1790
F3EC
F298
024C
D9D8
022E
FF74
3562
DBC7
CD02
EB52
FD0B
4E04
16F9
A4CC
A775
E5CB
06F5
4418
6475
7FFF
B024
DBFA
65A6
3703
F7B5
E04A
E014
1E8E
E20E
E01A
DB0D
BE98
09A6
FF96
6D83
DA9D
EC9D
D37F
25AA
184D
1529
537D
2739
2261
BBC8
4C82
139F
288F
53A3
2957
2E6F
D91B
E4FE
E6AF
E5C8
23F7
E666
2560
2E8B
E605
01BE
E0F6
3E24
0CB2
3CB7
023F
FFB1
11E2
F2CB
DC46
44B2
FBAE
E7BC
E97C
03B4
EE36
311F
BF6F
02F9
05F2
2F0B
5211
E1B1
3DDA
B84D
0615
1272
CD99
02F2
B0A4
E154
03FC
FFC8
CFE1
0AF2
3664
F228
4819
7FFF
2D5E
E839
114F
09EB
F60A
07D0
1137
B09D
3089
D228
1B64
F8A8
0457
F470
1830
FE21
F5D1
92B0
CED7
0E91
69DF
E462
0B70
1095
ABAA
E02B
9D8C
309D
2094
7521
C865
D3C4
22A0
19F7
638B
25E1
F38E
915E
D96C
E6BB
1289
2562
C018
F0B7
9E85
C59E
CEB6
ED17
7FFF
C2A6
C3D2
FB71
63DC
36F1
DB1A
1AA9
FFF6
11AC
A7F3
CDF6
0F6C
C827
0E9F
362C
D7B8
E334
6D1B
CF8E
EE05
FB5F
56BD
96CB
D69C
B642
1312
2CC8
F377
D085
2E80
0885
F033
B719
BB17
F77F
26B6
E590
FF6A
1A8A
C8DE
3BA9
AA3A
1D86
E5EC
613D
D5B9
DB83
3669
FCDA
2F12
49DC
3B62
1649
E8C4
F000
372F
0F60
C14A
F05B
F1E7
D4B1
F2AB
FD1F
7FFF
B465
0FC4
DE4A
F831
2800
FD18
0941
EECE
F88C
B0B4
017E
EBFF
15E2
2177
4FB7
0AD7
EEAA
0213
0AB5
1176
2823
26FD
DAD5
1D5C
187C
3B20
05ED
18AF
0446
E0DD
C9DF
E36C
04F8
CE20
C689
F7E7
F133
DDDC
1ACF
3AC5
F3C1
FC52
F926
2B14
C5FC
08E2
E77D
3028
2133
21AB
D592
655A
D751
C2BD
E186
08E6
E443
07DB
1610
E5A7
ED89
39D7
30CF
07F0
D12D
0619
725D
3008
E26C
16E6
0269
A9CF
EBC9
D572
F7DC
FAA4
44BC
184A
7FFF
AE38
BF22
D138
DD6D
C036
9DE3
2F4A
1BC7
30CD
42AB
EC8A
025E
FB93
2C95
520A
C95B
2CF3
AE3D
0C11
2D3D
16C3
C407
2C13
1CA3
EC48
48E4
CC4F
07F2
C9B0
188E
D2DB
C0DD
1725
F934
15D8
111E
F93E
F5D4
EFE8
FD03
FAF3
37A0
C8AC
D58C
F82D
DC2A
54AD
2483
0D9F
BCC4
1F16
E594
0CED
FEF0
EA98
152A
1AEC
1661
D560
186F
B714
0605
E994
7FFF
0577
B9AB
F941
135E
F1AE
012D
2DA6
E138
3ABA
0171
1D67
EF9D
F7BE
0948
1091
1112
08D0
D3B6
A92A
F52C
483D
11E6
F5D2
1208
CB19
3A92
1A99
3DF5
E83B
166C
3038
E340
EF7A
0C1E
3B7F
2D5F
FF2C
F1B9
F043
4342
2873
187F
C19B
C9CF
E3FE
27D2
34AE
13EF
6079
B4AE
EB71
5E62
0050
FF42
E111
EDB6
1E0A
FA6A
BF90
F8A1
D4C9
F2F0
13DA
7FFF
CF5F
0F9A
FDAB
E4DE
28CB
5369
2CF8
1191
1507
CE16
586F
1F3D
317E
0BD9
F288
10DA
E972
CBC7
ED06
F550
68A9
F5D1
1A1F
1484
EA85
FEC5
039F
EFA2
18AB
062F
1C9C
FECA
F48A
1376
0575
123B
4079
E949
F7B1
1B19
210C
299D
E16A
FB0D
DAB9
045F
F3A6
09FA
4E72
D9E5
0EB7
1775
FECA
FD12
D053
083A
04CE
1B93
C197
F376
FD0A
DAA6
0CBA
7FFF
1845
003A
E8CF
0069
F7C4
2D60
1B79
CC28
0774
D862
15DD
042A
0085
FA20
0AA0
042F
1E99
EF34
1036
F6A9
33F6
C62E
13AA
0C9D
E812
4A74
C46D
DD10
FD1D
1438
FE38
E1A3
1207
0585
1826
40C1
EE0C
1B72
F318
DEF1
132C
1776
CDB9
C950
F173
C231
FA82
0AE8
2A34
D104
036B
E44A
F4BF
35BA
C6D2
1CF2
F9C5
0FD3
B200
EBE0
DE32
277E
40A1
7FFF
10CE
95F4
27BF
05E5
CFE6
55FF
3B0B
B7A3
23BF
F393
0E5B
D902
F62D
E575
0D44
1896
1ED4
A609
B5A0
6E26
0E9F
3307
ECEB
1DB2
B98F
32E3
EA3F
4E75
115F
11ED
E8D7
DCF9
2869
03A3
F1E6
0D1E
CC31
F7D6
DC6D
0F4B
E758
4A1F
9C95
15D2
ACC6
E214
35BA
FECA
2BC2
D746
E6FD
1713
1AFA
12E6
DB76
11EA
7FFF
0BB1
CC30
F303
ABB4
E207
1695
159B
D958
BEFD
0543
FCDC
DD01
E640
3B7B
DF44
365D
AC4D
3893
1B64
DA87
AE95
324B
0D49
E2A2
E42D
C72B
1669
1FAF
DDD8
8001
2E82
890C
20B5
B359
1912
F042
D8B9
FEFC
1B60
D9BF
FC1D
226F
6A5D
4EBD
EB66
F99B
E5D6
2B4A
ED44
C308
CDC6
E82B
FDE2
E556
26A8
2B69
EDAD
3637
5903
2CAE
11EF
AEBA
01A5
DF28
DE96
0CDF
42DF
A57B
54DF
4B46
5BD4
CDC5
CD00
2DCD
EAD8
EC25
58F5
2A5A
B6A5
34D8
2ECE
00C4
FC5A
0B07
F887
D4A0
DEE9
0587
2D85
A440
1672
05EC
B32D
0A74
2F35
C1D8
F762
D162
3D00
D6BD
12BB
CA5D
E13E
DD40
FAE6
E297
4731
02A3
10C5
DD25
C4D4
DC6A
169B
8001
F279
BFDA
E384
3182
08D1
7302
D4F7
E2E7
2265
32A9
E673
A085
314E
1978
F76A
37C9
1B75
88DD
0724
F64A
4EE5
184C
ECA8
0324
D725
CAC9
01C6
7500
903B
FBD1
F4D3
3662
D3DF
DDD2
C06D
4EB8
20DA
0362
9C94
2EA9
3741
0B49
EA6B
66D9
024A
F49F
329D
C291
15B5
09DF
FBCE
D80A
F930
FF01
0099
7FFF
2A07
0A49
C64D
E5D9
EC0E
F930
0CBD
123D
BF72
DBCC
2288
25FA
3D4B
F4CB
185C
CA8E
184A
34F8
140A
2A90
E5F6
FD98
E6C3
07D0
26AB
05A7
EB84
F1C9
3F26
DBC0
CCF7
188F
2A05
A959
D1DE
F335
D2A8
FC10
049F
D5D8
FA23
1C12
1DE7
0E20
E8F9
1B49
EED4
F05B
10B6
3D22
2F84
F7C5
0FCE
D3FB
13D2
13A3
1563
2334
2A61
DAC1
EB17
C05B
0D12
30F6
0E57
3E48
1DB0
FF15
E24B
2977
7FFF
F1E3
D3F0
CBDA
304A
E92B
1C01
302B
F366
F2BF
1FA7
C05E
5A2F
1A22
D7C0
B0E0
F2B0
1AE4
E7E1
C5EB
DFBC
FBB0
5BAE
D4A1
C61A
E83A
F808
232D
C0DD
178B
EF34
1505
F545
DB66
4A73
E5D0
3473
15AD
47BA
A460
D565
F5D1
D76E
10DA
6759
05E4
FA5D
BAB8
2824
F30C
F3D0
34BB
EE9C
EAF7
0253
DF9F
FF81
F5CE
0330
F3B4
1833
F870
B60E
0966
7FFF
C561
0FE1
DF5E
2FAA
0925
206A
392C
C93B
EA8B
1AE0
D57F
4CF6
176E
DF83
FC6E
D8FB
F1C6
9753
F889
0D8D
B05C
E6CD
2B21
98A5
B909
0811
1D4A
F83B
E030
E872
F4EB
E0BA
D221
27FB
D0A4
3A95
07A9
454B
C244
A507
D391
CA7F
2F97
49ED
D3BB
E6B6
1DB7
192D
E735
E638
0D9D
2009
CA48
A5BC
FF29
F0A9
48B7
34D0
FDAA
A247
0C56
E2BF
17BA
6AAC
1103
314E
018D
3BDE
46FE
BDAC
D49B
2CE1
A300
4A3D
F3AC
7FFF
E79C
F9C4
F889
F7B1
3E66
F078
31A7
3A58
E0C0
391B
DE20
D700
C5FE
E52D
B16F
E420
149B
12AE
4741
1CC0
02E8
F03B
DF24
37B5
1765
E22A
C589
B321
DC2A
DF3C
E047
1533
5F9E
E8A0
8579
41B1
136B
442B
F434
A20F
DBB6
C68F
3A68
F97A
3BB8
1429
2B1E
3956
E6E7
01E6
7FFF
7D04
BAE3
C65E
EED6
4BEF
D609
AFB9
2CE0
0314
E78F
6516
D63D
2C87
DA1D
D975
04E0
25FB
1E18
AB21
DC57
2004
D476
D1FC
D3F0
B80C
B224
3885
0CD2
A302
118F
3080
0244
0EB0
E81B
04D9
0D55
052C
296B
0EB2
A26F
EE7C
E7EF
2939
65A5
1026
DE3F
061A
B63F
38D1
E162
EF2F
3793
B605
D660
EC63
F726
174A
F01E
36D3
051F
016B
EFB5
E369
D0CC
3EFD
A590
AECB
A169
BF53
DFB0
C235
C391
EE82
1001
008D
6D15
1F4B
B950
2365
0E8B
E856
DBDF
2A8C
3460
0F91
DBB2
0AC2
E5AA
AF5B
29C7
EF41
EA34
5E2A
58A2
8001
4B95
B925
FD4F
F9F8
E1F1
C1E2
22BD
EC6E
F871
FD47
D66D
DBF9
2C0E
0C97
D729
22B6
8B93
4CBD
F3EB
20E7
F59E
E3AA
E60F
FC82
D450
12FA
EE57
3B22
EBD9
E87A
D776
FF9D
1AA1
E5E1
B4B7
D4D9
8001
F73B
0CB1
D4B1
1588
D3C5
2A3F
E19E
172C
54B2
F4FF
E651
F737
F845
0F5A
01CB
DCB0
30B2
0BD2
44CE
E506
03F3
0580
C760
BBAB
D5D9
099F
10B2
1060
D4A0
05F6
02AB
F7B7
2AB2
2606
F2D7
39F7
2541
83BD
04B6
F038
324C
5D05
305C
2CBA
D9C3
B2F6
01AB
0E9C
FE47
28E7
B1EB
17F4
100C
2699
291A
F634
C1A5
EC83
07E1
5882
31FD
828C
E4B3
B62E
B8AE
E311
0BCB
F7D3
D5A0
0597
6F09
AD7C
1040
A944
3B85
C8EB
F870
A8B8
BD1B
AF06
E73B
00F0
7E50
CC3C
F336
0070
D139
18DA
FAB4
4E14
C2BC
1FFC
1210
4BF0
2D53
1F0D
BC2B
F189
7FFF
2C3A
2696
CEB4
5F28
298F
EDF7
343D
1E0E
FDD5
071D
F6A2
1AB5
32BF
ED74
E5CA
D8C0
E1D7
3619
DFDF
18AD
3108
CCEB
E18A
E343
2E03
450D
DA37
F960
CB4B
F9FE
F102
D0CF
3B9D
02CB
09B9
0CA8
28AF
F8D1
C51F
F89C
A546
08B8
0C60
DA4F
F316
F018
051A
28FA
D5B5
E41E
E6F0
EFDE
C0A3
8001
08F7
E804
BB05
1BB0
DCDA
FE49
CAF9
613A
F8FF
CACE
2B2A
E226
CF55
0180
05BE
9AC2
FF7E
30E0
0648
15BF
DBEB
3BFE
6DD6
D285
F254
818A
10F9
053F
E6B8
4AA8
E65A
D206
0059
9894
0699
197B
936B
15D3
947C
CE72
3A03
F0CA
0898
B257
152F
1EAE
36F8
1561
B518
14F9
A9D9
BD06
B45E
D706
D89C
02E6
0FC2
36A6
810D
8001
BD0E
E4C6
C1C1
F98D
4904
E03D
1BA6
63F9
3567
124A
0E6C
123E
160D
C66C
4BDA
A5A1
E286
2A90
0DCB
03F7
F6A9
FC04
E150
F334
EA13
E221
1185
C523
E759
02CE
EF0F
E6F1
29B3
134E
968D
C4F6
1447
D762
2DE8
5431
24F8
3484
D8D1
49C1
057E
9633
327E
0C52
B165
2ED6
AD9B
7FFF
E313
E57B
F4AC
D0C5
CA9B
F302
E784
069E
D2AC
F836
D0BD
D8F2
D215
CDAD
C2A3
AFCF
FF09
EDDF
360B
51C0
0863
EAA4
E2CC
3595
381B
AF0C
E661
D2E9
FF2C
3683
2ACF
3441
ED46
0622
D14D
15FE
E948
1FEA
2BE7
8001
D165
EE53
0DA1
16CC
D3D5
1FF6
11FD
E793
E416
D326
083A
1A8F
CAFB
0FB9
B77B
1159
0B99
1585
D6CF
FA53
D5D6
4D45
1427
6684
F179
046E
B286
EECB
FEEB
286B
E9CD
0A34
FFDA
241A
F51A
FE51
F8E5
FDEA
E119
D9A6
34D4
E278
E207
EED0
1EA8
F670
BC97
0BF0
D58F
0C17
0C54
C410
BEB7
F7C6
1A85
0668
1B47
14E5
E926
5623
C9AA
00A1
148C
9B5E
E22A
F578
18E5
2884
7FFF
4AE6
DA42
E321
FAB3
F818
128E
5634
2328
1E1E
A05D
26DE
03DC
072F
FA09
EF03
BA5B
3206
EA9C
78BF
0533
F06E
D43B
FC27
BF4F
DD04
DAF3
EC02
DA75
3493
F341
D197
1FD9
11DF
B248
83C0
0E59
F95F
F0CE
1066
E9A8
F0F9
F548
3EB5
E0E5
F640
0C30
A445
BBDE
2AB8
0E16
3647
FFBE
07F2
BCFF
11C4
F84E
2336
684B
AF22
063D
0D6C
CEE6
1658
EF3E
DBED
C1E5
DF35
EC9E
C3B0
33DC
5B95
F1EF
F36B
DB93
18C8
319D
EA03
BEE7
FB58
A647
5F1F
2A2A
7139
D7BB
FDEE
8001
FBE0
EC42
0C24
DB7A
DB12
EEC8
29B2
F60C
EE6E
F463
0E93
E645
96A1
5099
F77F
1069
001A
29BE
F48C
92E4
781E
D130
E3CB
3048
D049
0A46
2CF4
36B2
568F
E2A7
3565
1FE3
3B6F
E426
4234
1ECC
95DA
39BF
131F
D543
334A
FE1A
17A8
EE4A
CD7E
D3C9
1413
FEF7
1EAA
8001
CC80
9D71
D687
1EBF
DB9D
CAF9
CEC4
DD7D
4CB5
B348
5B04
F742
01EC
93D8
1C0C
2E94
EB7F
10C3
F95B
4D6A
2845
ABAA
EBFE
C16E
000D
F3CB
A4CD
1A3D
0390
05DC
E2AB
DF04
FCA3
8BA1
398A
AF86
3014
3330
EE6B
008E
2B20
511E
220F
EBA7
097B
D0DD
1EF5
DD0C
1145
49E0
8001
D4DE
F8B8
013D
19AC
C912
1A42
0810
E16F
E794
D4A6
003C
30E9
C83D
1C64
CDCB
10E2
223D
0321
D3A7
FCD3
D7C8
4208
22C6
7AA5
F25A
03F0
A5D3
E985
F015
23F0
C550
FE06
F418
2886
12B2
EEE6
FD53
F96D
E286
F483
32E7
FA91
DC00
EF03
0DC6
026F
C334
3833
C009
F592
FCF4
E09B
DF84
3549
2B0A
06D9
E41E
085C
D901
14BA
E2AD
20B2
5EA5
9199
E4E6
0482
EDC4
1F68
DAB0
0146
F696
D41A
DDEB
D334
2D43
3F3F
D4F7
0B4D
CAA7
106A
3199
FEFB
E41B
EE0F
C924
4561
1E86
7FFF
EFB2
FCA8
9B0B
F6C8
EB08
2632
CC42
EB88
FAD7
3210
0CAE
01CD
0146
0FAB
E1ED
C1AD
3D9D
0709
E4D1
02D8
0BEC
00A4
B118
4E67
C345
F1F6
2E33
D28E
C84D
38BB
54B6
4115
30D8
00C0
E06D
1A84
B390
EBE2
09C3
E1D2
EB69
EEC2
FA1D
F20D
7332
4F1B
D06A
CBAE
1025
CC71
E983
3023
F570
C632
A5BD
1C06
F218
018E
31E8
F837
BAB9
2237
1942
7FFF
03BE
D626
C673
F6BE
A0EE
2157
0E02
CDC2
F299
31F0
B3DB
C786
F8B3
06EB
E4E1
8F44
F426
058C
F4BF
0281
E330
FE11
F55D
5B3A
0786
FE1B
E683
F874
ED83
1C03
4CB9
322B
10AB
012E
D579
2D24
E36F
0E49
F755
0634
CC1D
EA00
C4C9
1403
3FAC
12A8
27A3
0741
08D5
CAB7
208E
5EF3
C75D
CDDA
8EF6
1A30
FD72
01D0
07A5
D7C2
029F
EFFB
E518
6717
110B
EF7F
8001
F1AB
12B9
EC10
0568
E878
09FB
531B
C26A
D4ED
0CA4
E455
07CF
848E
104B
F09F
F80E
F90E
CCF1
277A
ED13
438E
17E9
2F16
C251
CADE
E04F
4AC5
1B5A
0779
DD10
04FC
C578
42BE
C9BB
5686
1187
8D93
CE8F
F454
2FC3
0DA2
DBC7
358F
2F9A
ED4B
1C08
CE1B
1FE7
2756
EC32
2D2C
8593
F4F3
E627
2A49
DA8C
EF14
B65A
4FFE
0A7E
7CDB
ED83
0278
9F98
03EC
E0F6
35EA
1171
022E
E026
1CE5
07EF
C7EF
CB64
DF3A
0411
D989
0AAF
1C6E
E2D9
072B
2756
135F
C8E0
24AB
FA3A
13C1
FECE
8001
D674
448A
3588
0A01
F1BB
0796
CE6D
16C3
F21D
1E7A
291A
87E4
DBB9
EC56
EEDE
28CD
D670
08D9
0A0E
F172
DD1A
BCDA
22FA
4B29
B42E
37CA
B527
232B
198E
FAE7
F18A
EF3E
C509
13ED
2E5B
7FFF
F204
FC2D
9C9D
F105
D54C
2BCC
D7D2
EF80
EA5B
33D6
0BA5
EB4A
0BCB
F6D1
E591
E5EE
34C1
FE47
D6C8
14F9
0C71
050D
B724
5167
D6E6
EB3C
2F93
C865
CF1C
24E3
013F
F2BF
26A3
14C9
D350
6D41
0C3D
F1E8
D8D8
A28D
EBFE
ED07
DAC4
095D
F00B
0ABD
B683
DDAA
2339
CC52
1FA1
071F
20E0
5500
C761
2FA8
03AD
E3B2
067C
F211
EC18
1C0E
E056
5420
1CCD
043C
8001
0D21
0E77
DD9E
33AE
01ED
DB48
3B79
CD17
A23D
1F27
CE74
E75F
AD3C
2C2D
14DE
4483
35D7
E383
1322
FD4D
D2FF
49B4
D033
102D
10AD
DB20
3439
271D
41FA
3C76
03CA
EB49
0693
F6ED
FECF
2BD4
B742
CBD5
F289
EBAD
E58F
32B3
26AE
B6EB
16D2
229C
AA64
470C
4F5E
D724
1387
B535
10CD
425B
F0BD
F3F5
F20D
CECF
5214
EC16
7FFF
1328
EB69
C2BE
ECC0
A206
E51F
CAB7
0494
074E
FEC6
CFB1
E6ED
C7DF
FF2E
F84C
C40F
03DC
0374
1ED9
139C
FD88
009A
E082
2697
FEC8
05CA
DC39
E6B7
EFE5
4C02
2B72
0214
FD12
0EB9
D32D
127D
E1BB
35BC
3E66
82A3
E20E
FD15
EC6E
1E3A
E00A
093C
F789
EE0A
F13D
BDB2
2E5A
4759
CD85
2A60
C889
14D1
1DA4
FC93
F0B4
EF92
BEFD
2B54
20F7
7A8B
EBA3
FC31
8001
F7D5
E4FA
213E
ECC6
F0C5
E8A8
283B
0BF5
F292
FCB5
FBDD
E541
C8B5
3CC0
0518
E974
0F8B
092B
FC3F
AD31
4067
E141
E55C
1F8C
E426
B3A8
FF61
1923
3ACD
F951
128F
CCFF
2A35
FCA6
F2D8
F27A
BB7A
2EA7
C8E5
DC94
D5A5
E59B
112A
BA1F
0556
1D53
C53D
35D2
4EE6
CDC2
F940
9D26
033E
F9E8
EED4
0A1B
E7D9
0FB8
EDD8
F4BA
7FFF
EE4A
E46F
B1A0
F97C
DB35
130E
DD1B
EE35
DB49
F2DF
AD9C
EE52
C331
D547
E7ED
BF72
0902
11F5
F28F
DD22
E374
DE71
A1AF
398F
0100
C20D
C86B
BD2E
E3D8
4747
6BE7
2EA5
2CD2
0A8F
BC96
4F4B
048A
21BF
20C5
C3D1
E761
DDE2
EE01
1B55
2FC1
438A
1D54
07F2
1768
CF61
096F
45B3
D896
A5EF
8D32
1435
0CC2
1D58
0CEA
DDD9
EF4A
0023
36E1
7FFF
F9B1
E65B
A6BB
1F3F
F56D
0D7A
E04A
F30C
F1BE
EDD8
D235
CA9C
FDFA
F1AA
FBD2
B3B8
179A
0589
00DE
E751
F5E0
E156
F1FA
37E7
DE3B
E15A
F4D0
BD0C
FA41
5952
31B6
040F
F4B7
0AA2
D36C
13F1
DD1A
3237
2D8C
8001
CEAC
F9C9
EEB2
2092
D5C0
0C3D
FD19
EFC9
F3E6
AC04
267C
3F7E
C464
3B21
C3C8
102E
228E
F329
E9B9
EF28
C15B
28E8
227D
7E84
F88C
FFB3
81E9
F5CC
DF36
257A
F2D8
ED82
FE64
32A2
FC5C
EDBB
EDAF
FBB2
E4A4
D4C8
3F51
FB63
E5BA
0C1A
0A3C
F481
A942
46D2
DC2A
EEE1
22EE
DCB1
F296
39C9
436D
0D7D
FA8D
0B4F
D3E7
1957
E487
2375
113C
8BE2
EE30
0237
EE57
21F9
D9B4
168C
07C2
E4D4
F446
C0AA
1FF0
3B73
C074
25BC
B7F1
1FF0
27C8
006E
F0AD
F93A
D4E2
20D2
18A3
7FFF
EE66
0330
92C3
FBAF
D974
1D0C
DF00
F214
FD25
26A4
0426
F127
EE90
03EB
F35B
E92C
3478
1685
EB86
0534
0290
F5BF
BE8B
3B64
C98E
E896
1953
E3DE
D104
4CDA
4C77
1819
49AE
06D9
9FAA
39F8
F22B
FDC9
12F1
00F5
3C29
C014
0B1C
E54F
F324
3D18
C078
4D0F
3402
A951
317A
3609
8001
EFA9
D24F
F8A3
2C07
A606
2934
E5FA
1AD1
EE20
40AD
577E
1EA2
DC7A
93E2
FB0A
B7A4
308C
0A3E
19D7
F2B9
0FC2
A2B6
E246
0719
DB03
13C9
3AC4
1BBA
F177
2901
1221
CBFE
2571
A9C5
F9B7
F9FF
C17C
03FC
0075
B6DF
34D3
103F
FD4E
DF00
1927
CBDB
2065
0C73
0804
E91F
B156
03C8
0FD9
EF2B
1A21
CDE8
1769
DB2F
FFCF
1D2C
EA07
FF7D
3A1E
D3A3
0441
8001
EB7D
017E
2459
F856
E2C1
1485
BD13
FEAB
2B7F
B91F
0A53
B194
EED8
FEED
2FA0
F072
2AA0
FA12
FE4F
C467
BFB2
F8B0
0BB3
030D
DC6B
2F66
DE11
2567
FD37
1886
DF09
DC82
EA64
5272
BBD9
FC6E
D772
F88F
6255
3464
0FBC
FFAB
0210
E287
1AF0
ECC4
2B41
0798
ABD2
DDA0
DBFE
F405
2015
BA0E
2407
1F8B
F813
FD70
C5A9
1436
1A68
C7CE
4720
9EA8
1190
FA89
0228
DF6D
EE8B
CB4B
1895
18EB
7FFF
EBF3
0754
B4FA
FEE1
CF00
0B2F
CFF3
13D3
00AB
F6B9
FAB8
FCF4
E01E
ED9B
D311
CC4C
2AEC
FC33
05D7
1361
FF11
F4B4
D949
2167
E1A5
0536
0489
DB55
D10F
1F03
16D6
3105
2A96
0978
B450
3D25
131B
0C58
FA9A
CE4B
F261
DE23
D19A
251C
1ABF
147F
E94F
19EE
2909
B9B7
44CD
68DF
CC97
F8E6
C818
1966
0458
00A7
EC26
D870
F79E
047A
F0E9
7FFF
09C2
EE3F
C67A
F7D2
02E6
E098
F55F
FD41
DF42
0E6F
DC2B
D8A5
DA92
001F
02E1
C771
0711
0C38
FDB7
D214
EFD5
17BD
E72F
1FA9
1871
E36F
BE92
D5EA
9AFD
26B9
1E83
0E5F
E634
0CF1
EC25
43BD
1F0A
33A5
EB3F
CE06
FEC8
EC4A
E670
395C
21B6
0D6E
F68B
1ED1
0764
CAA2
2CE9
73F1
D303
2F73
C2AC
0BD4
E6F6
AFBF
257C
DF08
F344
CBDC
E0BD
2B6A
F6C7
0C24
9BE4
CA69
D1B3
E99F
19F4
0AE3
F7D5
2555
094B
1330
F04D
F662
F33D
CD3B
FDCE
2D0B
F744
2C8A
EFF2
DD19
8001
3F02
F455
2553
ED6A
CBBE
DA27
3708
389F
0D13
111A
1B27
E6EC
1D3E
F88F
1DDB
FB04
BA83
2BB2
CC2F
D2BF
253A
EF6C
1A4F
D2D5
06C3
4F70
BDA8
3004
5BA1
C2BA
12CA
93D0
0936
0271
F7FB
FEF3
DF2F
D3E5
EADD
0878
7FFF
FE53
FC4D
A1C4
0807
BC70
0B00
F7C6
0FE0
EA0D
FF98
C147
F026
ED2A
EBC1
F067
B706
1106
0858
FF4D
FAE2
FAD3
EB65
941B
3A92
0B1C
D8E0
DCD6
BE2B
DACC
3AAC
3F7E
1320
16BA
1D8B
E408
21B7
023D
1BD4
F79D
BBBE
21F9
D656
D222
2AF3
F248
1844
D25F
0987
5F86
AE1E
2B37
634E
C0AC
199F
99CC
0286
FB3E
0386
F95F
D60A
CC4E
F10B
0586
7FFF
EE40
FE45
9DA2
0AA3
B15D
0C0B
07B1
1C2E
F544
FDE8
CB28
F62B
F39B
D89F
E94F
AF99
16E2
0CB5
FA99
FD72
FFB9
EDE0
8B75
34B9
0F51
EEFB
D6B8
BAA5
D669
3018
338B
0EAA
0A7F
20AD
DEDF
23C7
FA29
1FB9
EA4A
D447
4016
CA40
D2F3
28AC
E03A
1403
D033
10DA
5072
C3BA
326E
5EE6
CE72
0ED9
A068
145A
0CC4
F570
059A
E0CF
D856
EBE0
F0D5
6911
F5A1
FF21
8001
11B3
BD76
0600
F6FF
0FEF
F354
F4FD
C2E7
F2BF
0069
E8EA
ED3D
BBF9
0FF2
0F6C
015E
01DD
FC72
F30F
9273
25A9
09BE
D830
E43F
B3DB
CF78
386E
3116
1401
0C43
1F6E
E952
1F3C
FA41
250C
F9B0
B645
35B0
C615
CE37
2ACD
E9F3
19CC
BBA8
1701
659F
A767
3AC9
670B
C0A9
08D1
962D
046B
FC35
09FA
F811
D6AE
D390
D98A
FDA3
7FFF
F61A
0225
8D12
0E33
BEEF
07B0
F80D
1411
F1BF
FB05
C77F
F60B
F4ED
D9CF
F494
B420
1758
1A26
F8E6
0E96
FC2C
ED2D
831F
4013
0AE9
E044
E122
B3C2
D386
3C2E
21B3
0D88
0C3C
1F50
E040
20FC
0C0D
20B7
ECBF
B474
384C
DAB7
D6AB
2856
DDA9
104F
CADD
11C3
56B4
C170
3BFA
646C
D0D1
11D7
A18C
17DF
111D
FB7C
F5B1
DD90
D6C9
E868
F9EB
7B6F
EEB5
0196
8001
0E91
B978
04F2
FBBC
0E2C
EC8D
0771
BDD6
F808
F5D0
E676
F866
BE8E
1492
0D8E
FC2A
0DAA
01E1
ED49
8906
3374
05AB
DAD2
EC40
BDD8
D464
5464
1AB6
2E27
F0B5
2294
FF0F
04F1
05E9
20F9
E52E
B1E8
297B
D0DB
DF45
29C6
E0CB
18E9
8408
2B32
65BB
9B47
2DF6
5DC0
CF58
FFCC
9128
0FB5
E5AE
1730
F7A6
DE21
E8BE
C51D
FEA0
7FFF
F31E
0A4E
9400
1DFA
CD0A
0D00
DD46
0B77
F7F4
F344
CA9E
0B4D
0216
E482
1338
CD75
148F
352B
F6C9
2014
EEE3
FD9E
9BC4
5405
1019
DDA8
EBBD
C377
D595
5384
1B1D
2D0B
F16E
225B
FF83
0568
04C0
1E9A
E5A8
B2D5
285F
D1E7
E120
29F1
E120
1808
84A9
29F2
65C5
9BFA
2E51
5B79
D0F0
011C
9220
0F4A
E735
16F3
F6A4
DE79
E841
C4C3
FED5
7FFF
F4BE
0AE0
9330
1D3C
CB82
0C69
DD5F
0B66
F893
F3B5
CBB8
0B04
00CF
E480
1326
CD1A
15FE
365D
F604
1FEF
EE9F
FD16
9BAF
54A6
1109
DD1D
EB8E
C331
D309
5966
1D87
2702
F55A
251A
FC5C
0AEA
04E9
2489
E06A
A9AF
2D22
C7D3
D9FB
2C5A
DA26
1BB7
934D
2C6B
709B
9CB8
3491
6622
CB99
FA52
87F4
0EC5
F202
12EC
FCEC
D964
E2CD
B8FB
F90B
7ED4
F820
0828
8001
207A
BFE7
07AF
E631
1150
FC0D
F96B
CA2D
07A1
FA5C
DCA0
0D61
BE79
1C4B
3804
F3C6
1529
F209
FFCF
8B66
53DF
03CE
D89E
E735
BB68
D385
5269
1F98
28DA
F5F1
236A
F932
0CD5
02CD
23F8
E2CB
AA1A
32BB
C909
D94D
2D0B
DF5D
1BBA
8D32
2A2D
69E0
98CC
356C
633E
CC66
0064
89F3
0C85
EC96
1057
FCA9
DC0D
E548
C111
FB05
7FFF
F5EB
0935
84C0
1D30
C648
0C96
E2A7
0FBF
F93D
F581
C68B
067E
028F
E2E2
0B50
C807
173D
31B1
F426
198B
F2EF
FA1F
9337
5030
066F
DB65
E612
BD0D
D4CB
5303
1A6A
3198
EFD9
2254
00C8
0485
05B2
1F79
E4F5
B48F
2942
D187
E0BD
2A3A
E0AE
192F
8001
2B0C
657A
9AFC
2DCF
5D5E
D054
00D4
918B
1039
E3E1
1911
F7B2
DDD7
E9D4
C32D
00C8
7F5E
F40F
0B19
95D3
1D46
CD6E
0E15
DB9D
0AB3
F8E9
F458
C927
0C6B
01D6
E394
1638
CE27
14D9
383E
F6D2
217A
ED73
FE2E
9BF7
5656
109D
DC2F
EBD8
C3DB
D539
542E
1A64
2FE6
F076
226D
00CF
0458
0569
2000
E583
B333
28B3
D074
DFCB
29C2
E0D4
190A
823D
2B64
6601
9B8B
2EB4
5D8D
D01B
FFC0
9231
0ECD
E67F
1688
F6A4
DDA5
E87B
C4A7
FF93
7FFF
F6B4
0ABC
928C
1D89
CC46
0FD8
DF6F
0AD6
F93E
F351
CBC3
0BC3
0115
E527
1489
CCCA
162A
36AE
F5C6
1FF2
EEB0
FCEA
996E
5675
0FA5
DB58
EB08
C288
D6BB
4EEF
20B4
1DC0
FE65
226C
F7DE
0D7E
FFA2
2630
E632
B20A
2E4B
CD17
DCAE
28C1
DB41
1CA5
9C1A
2516
6781
A3DF
304E
60EB
CCEF
08BF
8E96
0BC3
F90A
0EC4
FD70
D917
DF34
C874
FAA8
79AB
F5CF
0899
8001
1CD5
BBFB
07D6
E57F
1182
FB0E
F8F5
C4FB
04D1
FAC5
E16E
08DF
BECC
189C
2E86
F350
1527
F602
F7EE
8FD8
4989
031D
DC08
E929
BEDE
D6CB
4DD8
1D99
25E3
F72C
2296
F7AB
0E12
01D4
23A1
E5C2
B3A5
316F
CCC1
DC34
2917
D700
19B7
9A8B
2569
65FA
A5CB
3091
614D
CD3D
02D3
8C01
0E38
F45E
0A1F
FBFD
DC00
E4BD
C50D
F556
7914
F70F
0785
8001
1CE8
BF56
0714
EC07
0EA7
FC8B
FAE5
C489
016D
FD05
E273
0989
C396
148D
2C39
F6CD
1603
F462
FA86
91A6
46D7
0294
D91F
EB93
C067
D44E
534C
1B8E
2F69
F10A
22E2
FECE
06C8
04D8
205B
E368
B09C
2C4B
CFC4
DED0
2B25
DF57
1986
839F
2C16
6729
9A80
2F8C
6035
CE03
00F8
8F45
0F32
E75A
167C
F930
DCBE
E857
C1C9
FEB4
7FFF
F4D7
0A68
9105
1DBD
CA0A
0D94
DC51
0BB9
FB04
F418
C8D8
0BB7
01CC
E2A1
12E4
CB6E
149F
36FE
F687
20D6
EE51
FD95
9885
5621
0E06
DD38
EA85
C230
D8E0
453C
2331
1D6C
FF7D
21B9
F09C
1382
007E
2942
E777
B4D1
34EE
CA9C
D6D4
27F2
DA00
1C80
A6FC
1E1D
6299
AE1E
3615
60B0
CB77
05DC
8E45
09BF
FDB6
0593
022B
D8EF
DBAB
CDF3
F0F4
78EE
F87D
044D
8001
18F5
BF0B
030C
F0C2
1459
F5CC
FEE5
C1E9
FC6B
F65D
DEED
01B2
BC86
10EA
2099
FC51
10CE
F69B
F533
9196
4041
FFBC
DA8C
E59D
BC22
