Copyright 1986-2022 Xilinx, Inc. All Rights Reserved. Copyright 2022-2023 Advanced Micro Devices, Inc. All Rights Reserved.
--------------------------------------------------------------------------------------------------------------------------------------------------------------
| Tool Version      : Vivado v.2023.2 (lin64) Build 4029153 Fri Oct 13 20:13:54 MDT 2023
| Date              : Sun Aug 30 06:49:47 2026
| Host              : Oren-Dell-Ubuntu running 64-bit Ubuntu 22.04.5 LTS
| Command           : report_timing -delay_type max -max_paths 30 -nworst 1 -sort_by slack -input_pins -file /mnt/storage/timing_track/out/timing_worst30.rpt
| Design            : compose4_top
| Device            : xcvu33p-fsvh2104
| Speed File        : -2L  PRODUCTION 1.30 05-01-2022
| Design State      : Fully Placed
| Temperature Grade : E
--------------------------------------------------------------------------------------------------------------------------------------------------------------

Timing Report

Slack (VIOLATED) :        -3.056ns  (required time - arrival time)
  Source:                 c_attn/vref_r_reg[26][7]/C
                            (rising edge-triggered cell FDRE clocked by core_clk  {rise@0.000ns fall@2.500ns period=5.000ns})
  Destination:            c_attn/vref_r_reg[16][1]/D
                            (rising edge-triggered cell FDSE clocked by core_clk  {rise@0.000ns fall@2.500ns period=5.000ns})
  Path Group:             core_clk
  Path Type:              Setup (Max at Slow Process Corner)
  Requirement:            5.000ns  (core_clk rise@5.000ns - core_clk rise@0.000ns)
  Data Path Delay:        7.972ns  (logic 2.524ns (31.661%)  route 5.448ns (68.339%))
  Logic Levels:           28  (CARRY8=8 LUT3=2 LUT4=3 LUT5=5 LUT6=9 MUXF7=1)
  Clock Path Skew:        -0.074ns (DCD - SCD + CPR)
    Destination Clock Delay (DCD):    1.474ns = ( 6.474 - 5.000 ) 
    Source Clock Delay      (SCD):    1.674ns
    Clock Pessimism Removal (CPR):    0.126ns
  Clock Uncertainty:      0.035ns  ((TSJ^2 + TIJ^2)^1/2 + DJ) / 2 + PE
    Total System Jitter     (TSJ):    0.071ns
    Total Input Jitter      (TIJ):    0.000ns
    Discrete Jitter          (DJ):    0.000ns
    Phase Error              (PE):    0.000ns
  Clock Net Delay (Source):      1.603ns (routing 0.210ns, distribution 1.393ns)
  Clock Net Delay (Destination): 1.414ns (routing 0.190ns, distribution 1.224ns)

    Location             Delay type                Incr(ns)  Path(ns)    Netlist Resource(s)
  -------------------------------------------------------------------    -------------------
                         (clock core_clk rise edge)
                                                      0.000     0.000 r  
                                                      0.000     0.000 r  core_clk (IN)
                         net (fo=0)                   0.043     0.043    core_clk
    BUFGCE_X0Y25                                                      r  gbufg.u_bufg_core/I
    BUFGCE_X0Y25         BUFGCE (Prop_BUFCE_BUFGCE_I_O)
                                                      0.028     0.071 r  gbufg.u_bufg_core/O
    X4Y1 (CLOCK_ROOT)    net (fo=392507, estimated)
                                                      1.603     1.674    c_attn/core_clk_i
    SLICE_X220Y9         FDRE                                         r  c_attn/vref_r_reg[26][7]/C
  -------------------------------------------------------------------    -------------------
    SLICE_X220Y9         FDRE (Prop_GFF_SLICEM_C_Q)
                                                      0.078     1.752 r  c_attn/vref_r_reg[26][7]/Q
                         net (fo=2, estimated)        0.574     2.326    c_attn/u_arr/err_r_reg_i_21_2[7]
    SLICE_X225Y8                                                      r  c_attn/u_arr/err_r_i_25__3/I1
    SLICE_X225Y8         LUT6 (Prop_F6LUT_SLICEM_I1_O)
                                                      0.123     2.449 r  c_attn/u_arr/err_r_i_25__3/O
                         net (fo=1, routed)           0.023     2.472    c_attn/u_arr/err_r_i_25__3_n_0
    SLICE_X225Y8                                                      r  c_attn/u_arr/err_r_reg_i_21/I0
    SLICE_X225Y8         MUXF7 (Prop_F7MUX_EF_SLICEM_I0_O)
                                                      0.068     2.540 r  c_attn/u_arr/err_r_reg_i_21/O
                         net (fo=1, estimated)        0.187     2.727    c_attn/u_arr/err_r_reg_i_21_n_0
    SLICE_X225Y9                                                      r  c_attn/u_arr/err_r_i_17__4/I0
    SLICE_X225Y9         LUT6 (Prop_F6LUT_SLICEM_I0_O)
                                                      0.098     2.825 r  c_attn/u_arr/err_r_i_17__4/O
                         net (fo=14, estimated)       0.134     2.959    c_attn/u_arr_n_3
    SLICE_X225Y9                                                      r  c_attn/vref_r[0][7]_i_84/I0
    SLICE_X225Y9         LUT4 (Prop_D6LUT_SLICEM_I0_O)
                                                      0.088     3.047 r  c_attn/vref_r[0][7]_i_84/O
                         net (fo=1, routed)           0.025     3.072    c_attn/vref_r[0][7]_i_84_n_0
    SLICE_X225Y9                                                      r  c_attn/vref_r_reg[0][7]_i_68/S[3]
    SLICE_X225Y9         CARRY8 (Prop_CARRY8_SLICEM_S[3]_CO[3])
                                                      0.133     3.205 r  c_attn/vref_r_reg[0][7]_i_68/CO[3]
                         net (fo=16, estimated)       0.170     3.375    c_attn/vref_r_reg[0][7]_i_68_n_4
    SLICE_X224Y8                                                      r  c_attn/vref_r[0][0]_i_8/I2
    SLICE_X224Y8         LUT3 (Prop_G6LUT_SLICEL_I2_O)
                                                      0.035     3.410 r  c_attn/vref_r[0][0]_i_8/O
                         net (fo=5, estimated)        0.111     3.521    c_attn/vref_r[0][0]_i_8_n_0
    SLICE_X224Y8                                                      r  c_attn/vref_r[0][6]_i_13/I3
    SLICE_X224Y8         LUT6 (Prop_F6LUT_SLICEL_I3_O)
                                                      0.035     3.556 r  c_attn/vref_r[0][6]_i_13/O
                         net (fo=1, estimated)        0.183     3.739    c_attn/vref_r[0][6]_i_13_n_0
    SLICE_X224Y8                                                      r  c_attn/vref_r_reg[0][6]_i_9/DI[0]
    SLICE_X224Y8         CARRY8 (Prop_CARRY8_SLICEL_DI[0]_CO[3])
                                                      0.180     3.919 r  c_attn/vref_r_reg[0][6]_i_9/CO[3]
                         net (fo=16, estimated)       0.255     4.174    c_attn/vref_r_reg[0][6]_i_9_n_4
    SLICE_X223Y8                                                      r  c_attn/vref_r[0][1]_i_6/I4
    SLICE_X223Y8         LUT5 (Prop_H6LUT_SLICEL_I4_O)
                                                      0.036     4.210 r  c_attn/vref_r[0][1]_i_6/O
                         net (fo=5, estimated)        0.107     4.317    c_attn/vref_r[0][1]_i_6_n_0
    SLICE_X222Y8                                                      r  c_attn/vref_r[0][7]_i_72/I5
    SLICE_X222Y8         LUT6 (Prop_H6LUT_SLICEM_I5_O)
                                                      0.039     4.356 r  c_attn/vref_r[0][7]_i_72/O
                         net (fo=1, estimated)        0.144     4.500    c_attn/vref_r[0][7]_i_72_n_0
    SLICE_X221Y9                                                      r  c_attn/vref_r_reg[0][7]_i_47/DI[0]
    SLICE_X221Y9         CARRY8 (Prop_CARRY8_SLICEL_DI[0]_CO[3])
                                                      0.180     4.680 r  c_attn/vref_r_reg[0][7]_i_47/CO[3]
                         net (fo=10, estimated)       0.154     4.834    c_attn/vref_r_reg[0][7]_i_47_n_4
    SLICE_X221Y10                                                     r  c_attn/vref_r[0][0]_i_7/I4
    SLICE_X221Y10        LUT5 (Prop_A6LUT_SLICEL_I4_O)
                                                      0.035     4.869 r  c_attn/vref_r[0][0]_i_7/O
                         net (fo=5, estimated)        0.461     5.330    c_attn/vref_r[0][0]_i_7_n_0
    SLICE_X219Y12                                                     r  c_attn/vref_r[0][7]_i_51/I3
    SLICE_X219Y12        LUT6 (Prop_B6LUT_SLICEL_I3_O)
                                                      0.036     5.366 r  c_attn/vref_r[0][7]_i_51/O
                         net (fo=1, estimated)        0.142     5.508    c_attn/vref_r[0][7]_i_51_n_0
    SLICE_X219Y13                                                     r  c_attn/vref_r_reg[0][7]_i_28/DI[0]
    SLICE_X219Y13        CARRY8 (Prop_CARRY8_SLICEL_DI[0]_CO[3])
                                                      0.180     5.688 r  c_attn/vref_r_reg[0][7]_i_28/CO[3]
                         net (fo=19, estimated)       0.216     5.904    c_attn/vref_r_reg[0][7]_i_28_n_4
    SLICE_X219Y13                                                     r  c_attn/vref_r[0][1]_i_5/I4
    SLICE_X219Y13        LUT5 (Prop_G6LUT_SLICEL_I4_O)
                                                      0.035     5.939 r  c_attn/vref_r[0][1]_i_5/O
                         net (fo=3, estimated)        0.142     6.081    c_attn/vref_r[0][1]_i_5_n_0
    SLICE_X218Y13                                                     r  c_attn/vref_r[0][7]_i_59/I5
    SLICE_X218Y13        LUT6 (Prop_F6LUT_SLICEL_I5_O)
                                                      0.035     6.116 r  c_attn/vref_r[0][7]_i_59/O
                         net (fo=1, estimated)        0.142     6.258    c_attn/vref_r[0][7]_i_59_n_0
    SLICE_X218Y14                                                     r  c_attn/vref_r_reg[0][7]_i_29/DI[0]
    SLICE_X218Y14        CARRY8 (Prop_CARRY8_SLICEL_DI[0]_CO[3])
                                                      0.180     6.438 r  c_attn/vref_r_reg[0][7]_i_29/CO[3]
                         net (fo=8, estimated)        0.193     6.631    c_attn/vref_r_reg[0][7]_i_29_n_4
    SLICE_X219Y14                                                     r  c_attn/vref_r[0][0]_i_6/I4
    SLICE_X219Y14        LUT5 (Prop_C6LUT_SLICEL_I4_O)
                                                      0.035     6.666 r  c_attn/vref_r[0][0]_i_6/O
                         net (fo=5, estimated)        0.206     6.872    c_attn/vref_r[0][0]_i_6_n_0
    SLICE_X220Y15                                                     r  c_attn/vref_r[0][7]_i_37/I0
    SLICE_X220Y15        LUT4 (Prop_A6LUT_SLICEM_I0_O)
                                                      0.090     6.962 r  c_attn/vref_r[0][7]_i_37/O
                         net (fo=1, routed)           0.013     6.975    c_attn/vref_r[0][7]_i_37_n_0
    SLICE_X220Y15                                                     r  c_attn/vref_r_reg[0][7]_i_17/S[0]
    SLICE_X220Y15        CARRY8 (Prop_CARRY8_SLICEM_S[0]_CO[3])
                                                      0.186     7.161 r  c_attn/vref_r_reg[0][7]_i_17/CO[3]
                         net (fo=20, estimated)       0.221     7.382    c_attn/vref_r_reg[0][7]_i_17_n_4
    SLICE_X220Y15                                                     r  c_attn/vref_r[0][7]_i_66/I2
    SLICE_X220Y15        LUT3 (Prop_F6LUT_SLICEM_I2_O)
                                                      0.051     7.433 r  c_attn/vref_r[0][7]_i_66/O
                         net (fo=2, estimated)        0.041     7.474    c_attn/vref_r[0][7]_i_66_n_0
    SLICE_X220Y15                                                     r  c_attn/vref_r[0][7]_i_40/I5
    SLICE_X220Y15        LUT6 (Prop_G6LUT_SLICEM_I5_O)
                                                      0.037     7.511 r  c_attn/vref_r[0][7]_i_40/O
                         net (fo=1, estimated)        0.238     7.749    c_attn/vref_r[0][7]_i_40_n_0
    SLICE_X220Y13                                                     r  c_attn/vref_r_reg[0][7]_i_18/DI[1]
    SLICE_X220Y13        CARRY8 (Prop_CARRY8_SLICEM_DI[1]_CO[3])
                                                      0.144     7.893 r  c_attn/vref_r_reg[0][7]_i_18/CO[3]
                         net (fo=8, estimated)        0.209     8.102    c_attn/vref_r_reg[0][7]_i_18_n_4
    SLICE_X220Y14                                                     r  c_attn/vref_r[0][0]_i_5/I4
    SLICE_X220Y14        LUT5 (Prop_G6LUT_SLICEM_I4_O)
                                                      0.037     8.139 r  c_attn/vref_r[0][0]_i_5/O
                         net (fo=34, estimated)       0.156     8.295    c_attn/ev[0]
    SLICE_X220Y14                                                     r  c_attn/vref_r[0][7]_i_26/I0
    SLICE_X220Y14        LUT4 (Prop_A6LUT_SLICEM_I0_O)
                                                      0.090     8.385 r  c_attn/vref_r[0][7]_i_26/O
                         net (fo=1, routed)           0.013     8.398    c_attn/vref_r[0][7]_i_26_n_0
    SLICE_X220Y14                                                     r  c_attn/vref_r_reg[0][7]_i_13/S[0]
    SLICE_X220Y14        CARRY8 (Prop_CARRY8_SLICEM_S[0]_CO[3])
                                                      0.186     8.584 r  c_attn/vref_r_reg[0][7]_i_13/CO[3]
                         net (fo=256, estimated)      0.782     9.366    c_attn/ev1
    SLICE_X227Y15                                                     r  c_attn/vref_r[16][1]_i_2/I1
    SLICE_X227Y15        LUT6 (Prop_F6LUT_SLICEM_I1_O)
                                                      0.037     9.403 r  c_attn/vref_r[16][1]_i_2/O
                         net (fo=1, estimated)        0.134     9.537    c_attn/vref_r_reg[16]_623[1]
    SLICE_X227Y15                                                     r  c_attn/vref_r[16][1]_i_1/I3
    SLICE_X227Y15        LUT6 (Prop_D6LUT_SLICEM_I3_O)
                                                      0.037     9.574 r  c_attn/vref_r[16][1]_i_1/O
                         net (fo=1, routed)           0.072     9.646    c_attn/vref_r[16][1]_i_1_n_0
    SLICE_X227Y15        FDSE                                         r  c_attn/vref_r_reg[16][1]/D
  -------------------------------------------------------------------    -------------------

                         (clock core_clk rise edge)
                                                      5.000     5.000 r  
                                                      0.000     5.000 r  core_clk (IN)
                         net (fo=0)                   0.036     5.036    core_clk
    BUFGCE_X0Y25                                                      r  gbufg.u_bufg_core/I
    BUFGCE_X0Y25         BUFGCE (Prop_BUFCE_BUFGCE_I_O)
                                                      0.024     5.060 r  gbufg.u_bufg_core/O
    X4Y1 (CLOCK_ROOT)    net (fo=392507, estimated)
                                                      1.414     6.474    c_attn/core_clk_i
    SLICE_X227Y15        FDSE                                         r  c_attn/vref_r_reg[16][1]/C
                         clock pessimism              0.126     6.600    
                         clock uncertainty           -0.035     6.565    
    SLICE_X227Y15        FDSE (Setup_DFF_SLICEM_C_D)
                                                      0.025     6.590    c_attn/vref_r_reg[16][1]
  -------------------------------------------------------------------
                         required time                          6.590    
                         arrival time                          -9.646    
  -------------------------------------------------------------------
                         slack                                 -3.056    

Slack (VIOLATED) :        -3.041ns  (required time - arrival time)
  Source:                 c_attn/vref_r_reg[26][7]/C
                            (rising edge-triggered cell FDRE clocked by core_clk  {rise@0.000ns fall@2.500ns period=5.000ns})
  Destination:            c_attn/vref_r_reg[2][3]/D
                            (rising edge-triggered cell FDSE clocked by core_clk  {rise@0.000ns fall@2.500ns period=5.000ns})
  Path Group:             core_clk
  Path Type:              Setup (Max at Slow Process Corner)
  Requirement:            5.000ns  (core_clk rise@5.000ns - core_clk rise@0.000ns)
  Data Path Delay:        7.953ns  (logic 2.521ns (31.699%)  route 5.432ns (68.301%))
  Logic Levels:           28  (CARRY8=8 LUT3=2 LUT4=3 LUT5=5 LUT6=9 MUXF7=1)
  Clock Path Skew:        -0.078ns (DCD - SCD + CPR)
    Destination Clock Delay (DCD):    1.470ns = ( 6.470 - 5.000 ) 
    Source Clock Delay      (SCD):    1.674ns
    Clock Pessimism Removal (CPR):    0.126ns
  Clock Uncertainty:      0.035ns  ((TSJ^2 + TIJ^2)^1/2 + DJ) / 2 + PE
    Total System Jitter     (TSJ):    0.071ns
    Total Input Jitter      (TIJ):    0.000ns
    Discrete Jitter          (DJ):    0.000ns
    Phase Error              (PE):    0.000ns
  Clock Net Delay (Source):      1.603ns (routing 0.210ns, distribution 1.393ns)
  Clock Net Delay (Destination): 1.410ns (routing 0.190ns, distribution 1.220ns)

    Location             Delay type                Incr(ns)  Path(ns)    Netlist Resource(s)
  -------------------------------------------------------------------    -------------------
                         (clock core_clk rise edge)
                                                      0.000     0.000 r  
                                                      0.000     0.000 r  core_clk (IN)
                         net (fo=0)                   0.043     0.043    core_clk
    BUFGCE_X0Y25                                                      r  gbufg.u_bufg_core/I
    BUFGCE_X0Y25         BUFGCE (Prop_BUFCE_BUFGCE_I_O)
                                                      0.028     0.071 r  gbufg.u_bufg_core/O
    X4Y1 (CLOCK_ROOT)    net (fo=392507, estimated)
                                                      1.603     1.674    c_attn/core_clk_i
    SLICE_X220Y9         FDRE                                         r  c_attn/vref_r_reg[26][7]/C
  -------------------------------------------------------------------    -------------------
    SLICE_X220Y9         FDRE (Prop_GFF_SLICEM_C_Q)
                                                      0.078     1.752 r  c_attn/vref_r_reg[26][7]/Q
                         net (fo=2, estimated)        0.574     2.326    c_attn/u_arr/err_r_reg_i_21_2[7]
    SLICE_X225Y8                                                      r  c_attn/u_arr/err_r_i_25__3/I1
    SLICE_X225Y8         LUT6 (Prop_F6LUT_SLICEM_I1_O)
                                                      0.123     2.449 r  c_attn/u_arr/err_r_i_25__3/O
                         net (fo=1, routed)           0.023     2.472    c_attn/u_arr/err_r_i_25__3_n_0
    SLICE_X225Y8                                                      r  c_attn/u_arr/err_r_reg_i_21/I0
    SLICE_X225Y8         MUXF7 (Prop_F7MUX_EF_SLICEM_I0_O)
                                                      0.068     2.540 r  c_attn/u_arr/err_r_reg_i_21/O
                         net (fo=1, estimated)        0.187     2.727    c_attn/u_arr/err_r_reg_i_21_n_0
    SLICE_X225Y9                                                      r  c_attn/u_arr/err_r_i_17__4/I0
    SLICE_X225Y9         LUT6 (Prop_F6LUT_SLICEM_I0_O)
                                                      0.098     2.825 r  c_attn/u_arr/err_r_i_17__4/O
                         net (fo=14, estimated)       0.134     2.959    c_attn/u_arr_n_3
    SLICE_X225Y9                                                      r  c_attn/vref_r[0][7]_i_84/I0
    SLICE_X225Y9         LUT4 (Prop_D6LUT_SLICEM_I0_O)
                                                      0.088     3.047 r  c_attn/vref_r[0][7]_i_84/O
                         net (fo=1, routed)           0.025     3.072    c_attn/vref_r[0][7]_i_84_n_0
    SLICE_X225Y9                                                      r  c_attn/vref_r_reg[0][7]_i_68/S[3]
    SLICE_X225Y9         CARRY8 (Prop_CARRY8_SLICEM_S[3]_CO[3])
                                                      0.133     3.205 r  c_attn/vref_r_reg[0][7]_i_68/CO[3]
                         net (fo=16, estimated)       0.170     3.375    c_attn/vref_r_reg[0][7]_i_68_n_4
    SLICE_X224Y8                                                      r  c_attn/vref_r[0][0]_i_8/I2
    SLICE_X224Y8         LUT3 (Prop_G6LUT_SLICEL_I2_O)
                                                      0.035     3.410 r  c_attn/vref_r[0][0]_i_8/O
                         net (fo=5, estimated)        0.111     3.521    c_attn/vref_r[0][0]_i_8_n_0
    SLICE_X224Y8                                                      r  c_attn/vref_r[0][6]_i_13/I3
    SLICE_X224Y8         LUT6 (Prop_F6LUT_SLICEL_I3_O)
                                                      0.035     3.556 r  c_attn/vref_r[0][6]_i_13/O
                         net (fo=1, estimated)        0.183     3.739    c_attn/vref_r[0][6]_i_13_n_0
    SLICE_X224Y8                                                      r  c_attn/vref_r_reg[0][6]_i_9/DI[0]
    SLICE_X224Y8         CARRY8 (Prop_CARRY8_SLICEL_DI[0]_CO[3])
                                                      0.180     3.919 r  c_attn/vref_r_reg[0][6]_i_9/CO[3]
                         net (fo=16, estimated)       0.255     4.174    c_attn/vref_r_reg[0][6]_i_9_n_4
    SLICE_X223Y8                                                      r  c_attn/vref_r[0][1]_i_6/I4
    SLICE_X223Y8         LUT5 (Prop_H6LUT_SLICEL_I4_O)
                                                      0.036     4.210 r  c_attn/vref_r[0][1]_i_6/O
                         net (fo=5, estimated)        0.107     4.317    c_attn/vref_r[0][1]_i_6_n_0
    SLICE_X222Y8                                                      r  c_attn/vref_r[0][7]_i_72/I5
    SLICE_X222Y8         LUT6 (Prop_H6LUT_SLICEM_I5_O)
                                                      0.039     4.356 r  c_attn/vref_r[0][7]_i_72/O
                         net (fo=1, estimated)        0.144     4.500    c_attn/vref_r[0][7]_i_72_n_0
    SLICE_X221Y9                                                      r  c_attn/vref_r_reg[0][7]_i_47/DI[0]
    SLICE_X221Y9         CARRY8 (Prop_CARRY8_SLICEL_DI[0]_CO[3])
                                                      0.180     4.680 r  c_attn/vref_r_reg[0][7]_i_47/CO[3]
                         net (fo=10, estimated)       0.154     4.834    c_attn/vref_r_reg[0][7]_i_47_n_4
    SLICE_X221Y10                                                     r  c_attn/vref_r[0][0]_i_7/I4
    SLICE_X221Y10        LUT5 (Prop_A6LUT_SLICEL_I4_O)
                                                      0.035     4.869 r  c_attn/vref_r[0][0]_i_7/O
                         net (fo=5, estimated)        0.461     5.330    c_attn/vref_r[0][0]_i_7_n_0
    SLICE_X219Y12                                                     r  c_attn/vref_r[0][7]_i_51/I3
    SLICE_X219Y12        LUT6 (Prop_B6LUT_SLICEL_I3_O)
                                                      0.036     5.366 r  c_attn/vref_r[0][7]_i_51/O
                         net (fo=1, estimated)        0.142     5.508    c_attn/vref_r[0][7]_i_51_n_0
    SLICE_X219Y13                                                     r  c_attn/vref_r_reg[0][7]_i_28/DI[0]
    SLICE_X219Y13        CARRY8 (Prop_CARRY8_SLICEL_DI[0]_CO[3])
                                                      0.180     5.688 r  c_attn/vref_r_reg[0][7]_i_28/CO[3]
                         net (fo=19, estimated)       0.216     5.904    c_attn/vref_r_reg[0][7]_i_28_n_4
    SLICE_X219Y13                                                     r  c_attn/vref_r[0][1]_i_5/I4
    SLICE_X219Y13        LUT5 (Prop_G6LUT_SLICEL_I4_O)
                                                      0.035     5.939 r  c_attn/vref_r[0][1]_i_5/O
                         net (fo=3, estimated)        0.142     6.081    c_attn/vref_r[0][1]_i_5_n_0
    SLICE_X218Y13                                                     r  c_attn/vref_r[0][7]_i_59/I5
    SLICE_X218Y13        LUT6 (Prop_F6LUT_SLICEL_I5_O)
                                                      0.035     6.116 r  c_attn/vref_r[0][7]_i_59/O
                         net (fo=1, estimated)        0.142     6.258    c_attn/vref_r[0][7]_i_59_n_0
    SLICE_X218Y14                                                     r  c_attn/vref_r_reg[0][7]_i_29/DI[0]
    SLICE_X218Y14        CARRY8 (Prop_CARRY8_SLICEL_DI[0]_CO[3])
                                                      0.180     6.438 r  c_attn/vref_r_reg[0][7]_i_29/CO[3]
                         net (fo=8, estimated)        0.193     6.631    c_attn/vref_r_reg[0][7]_i_29_n_4
    SLICE_X219Y14                                                     r  c_attn/vref_r[0][0]_i_6/I4
    SLICE_X219Y14        LUT5 (Prop_C6LUT_SLICEL_I4_O)
                                                      0.035     6.666 r  c_attn/vref_r[0][0]_i_6/O
                         net (fo=5, estimated)        0.206     6.872    c_attn/vref_r[0][0]_i_6_n_0
    SLICE_X220Y15                                                     r  c_attn/vref_r[0][7]_i_37/I0
    SLICE_X220Y15        LUT4 (Prop_A6LUT_SLICEM_I0_O)
                                                      0.090     6.962 r  c_attn/vref_r[0][7]_i_37/O
                         net (fo=1, routed)           0.013     6.975    c_attn/vref_r[0][7]_i_37_n_0
    SLICE_X220Y15                                                     r  c_attn/vref_r_reg[0][7]_i_17/S[0]
    SLICE_X220Y15        CARRY8 (Prop_CARRY8_SLICEM_S[0]_CO[3])
                                                      0.186     7.161 r  c_attn/vref_r_reg[0][7]_i_17/CO[3]
                         net (fo=20, estimated)       0.221     7.382    c_attn/vref_r_reg[0][7]_i_17_n_4
    SLICE_X220Y15                                                     r  c_attn/vref_r[0][7]_i_66/I2
    SLICE_X220Y15        LUT3 (Prop_F6LUT_SLICEM_I2_O)
                                                      0.051     7.433 r  c_attn/vref_r[0][7]_i_66/O
                         net (fo=2, estimated)        0.041     7.474    c_attn/vref_r[0][7]_i_66_n_0
    SLICE_X220Y15                                                     r  c_attn/vref_r[0][7]_i_40/I5
    SLICE_X220Y15        LUT6 (Prop_G6LUT_SLICEM_I5_O)
                                                      0.037     7.511 r  c_attn/vref_r[0][7]_i_40/O
                         net (fo=1, estimated)        0.238     7.749    c_attn/vref_r[0][7]_i_40_n_0
    SLICE_X220Y13                                                     r  c_attn/vref_r_reg[0][7]_i_18/DI[1]
    SLICE_X220Y13        CARRY8 (Prop_CARRY8_SLICEM_DI[1]_CO[3])
                                                      0.144     7.893 r  c_attn/vref_r_reg[0][7]_i_18/CO[3]
                         net (fo=8, estimated)        0.209     8.102    c_attn/vref_r_reg[0][7]_i_18_n_4
    SLICE_X220Y14                                                     r  c_attn/vref_r[0][0]_i_5/I4
    SLICE_X220Y14        LUT5 (Prop_G6LUT_SLICEM_I4_O)
                                                      0.037     8.139 r  c_attn/vref_r[0][0]_i_5/O
                         net (fo=34, estimated)       0.156     8.295    c_attn/ev[0]
    SLICE_X220Y14                                                     r  c_attn/vref_r[0][7]_i_26/I0
    SLICE_X220Y14        LUT4 (Prop_A6LUT_SLICEM_I0_O)
                                                      0.090     8.385 r  c_attn/vref_r[0][7]_i_26/O
                         net (fo=1, routed)           0.013     8.398    c_attn/vref_r[0][7]_i_26_n_0
    SLICE_X220Y14                                                     r  c_attn/vref_r_reg[0][7]_i_13/S[0]
    SLICE_X220Y14        CARRY8 (Prop_CARRY8_SLICEM_S[0]_CO[3])
                                                      0.186     8.584 r  c_attn/vref_r_reg[0][7]_i_13/CO[3]
                         net (fo=256, estimated)      0.786     9.370    c_attn/ev1
    SLICE_X228Y12                                                     r  c_attn/vref_r[2][3]_i_2/I1
    SLICE_X228Y12        LUT6 (Prop_C6LUT_SLICEL_I1_O)
                                                      0.035     9.405 r  c_attn/vref_r[2][3]_i_2/O
                         net (fo=1, estimated)        0.137     9.542    c_attn/vref_r_reg[2]_626[3]
    SLICE_X228Y9                                                      r  c_attn/vref_r[2][3]_i_1/I3
    SLICE_X228Y9         LUT6 (Prop_B6LUT_SLICEL_I3_O)
                                                      0.036     9.578 r  c_attn/vref_r[2][3]_i_1/O
                         net (fo=1, routed)           0.049     9.627    c_attn/vref_r[2][3]_i_1_n_0
    SLICE_X228Y9         FDSE                                         r  c_attn/vref_r_reg[2][3]/D
  -------------------------------------------------------------------    -------------------

                         (clock core_clk rise edge)
                                                      5.000     5.000 r  
                                                      0.000     5.000 r  core_clk (IN)
                         net (fo=0)                   0.036     5.036    core_clk
    BUFGCE_X0Y25                                                      r  gbufg.u_bufg_core/I
    BUFGCE_X0Y25         BUFGCE (Prop_BUFCE_BUFGCE_I_O)
                                                      0.024     5.060 r  gbufg.u_bufg_core/O
    X4Y1 (CLOCK_ROOT)    net (fo=392507, estimated)
                                                      1.410     6.470    c_attn/core_clk_i
    SLICE_X228Y9         FDSE                                         r  c_attn/vref_r_reg[2][3]/C
                         clock pessimism              0.126     6.596    
                         clock uncertainty           -0.035     6.561    
    SLICE_X228Y9         FDSE (Setup_BFF_SLICEL_C_D)
                                                      0.025     6.586    c_attn/vref_r_reg[2][3]
  -------------------------------------------------------------------
                         required time                          6.586    
                         arrival time                          -9.627    
  -------------------------------------------------------------------
                         slack                                 -3.041    

Slack (VIOLATED) :        -3.040ns  (required time - arrival time)
  Source:                 c_attn/vref_r_reg[26][7]/C
                            (rising edge-triggered cell FDRE clocked by core_clk  {rise@0.000ns fall@2.500ns period=5.000ns})
  Destination:            c_attn/vref_r_reg[25][4]/D
                            (rising edge-triggered cell FDSE clocked by core_clk  {rise@0.000ns fall@2.500ns period=5.000ns})
  Path Group:             core_clk
  Path Type:              Setup (Max at Slow Process Corner)
  Requirement:            5.000ns  (core_clk rise@5.000ns - core_clk rise@0.000ns)
  Data Path Delay:        7.948ns  (logic 2.522ns (31.731%)  route 5.426ns (68.269%))
  Logic Levels:           28  (CARRY8=8 LUT3=2 LUT4=3 LUT5=5 LUT6=9 MUXF7=1)
  Clock Path Skew:        -0.082ns (DCD - SCD + CPR)
    Destination Clock Delay (DCD):    1.466ns = ( 6.466 - 5.000 ) 
    Source Clock Delay      (SCD):    1.674ns
    Clock Pessimism Removal (CPR):    0.126ns
  Clock Uncertainty:      0.035ns  ((TSJ^2 + TIJ^2)^1/2 + DJ) / 2 + PE
    Total System Jitter     (TSJ):    0.071ns
    Total Input Jitter      (TIJ):    0.000ns
    Discrete Jitter          (DJ):    0.000ns
    Phase Error              (PE):    0.000ns
  Clock Net Delay (Source):      1.603ns (routing 0.210ns, distribution 1.393ns)
  Clock Net Delay (Destination): 1.406ns (routing 0.190ns, distribution 1.216ns)

    Location             Delay type                Incr(ns)  Path(ns)    Netlist Resource(s)
  -------------------------------------------------------------------    -------------------
                         (clock core_clk rise edge)
                                                      0.000     0.000 r  
                                                      0.000     0.000 r  core_clk (IN)
                         net (fo=0)                   0.043     0.043    core_clk
    BUFGCE_X0Y25                                                      r  gbufg.u_bufg_core/I
    BUFGCE_X0Y25         BUFGCE (Prop_BUFCE_BUFGCE_I_O)
                                                      0.028     0.071 r  gbufg.u_bufg_core/O
    X4Y1 (CLOCK_ROOT)    net (fo=392507, estimated)
                                                      1.603     1.674    c_attn/core_clk_i
    SLICE_X220Y9         FDRE                                         r  c_attn/vref_r_reg[26][7]/C
  -------------------------------------------------------------------    -------------------
    SLICE_X220Y9         FDRE (Prop_GFF_SLICEM_C_Q)
                                                      0.078     1.752 r  c_attn/vref_r_reg[26][7]/Q
                         net (fo=2, estimated)        0.574     2.326    c_attn/u_arr/err_r_reg_i_21_2[7]
    SLICE_X225Y8                                                      r  c_attn/u_arr/err_r_i_25__3/I1
    SLICE_X225Y8         LUT6 (Prop_F6LUT_SLICEM_I1_O)
                                                      0.123     2.449 r  c_attn/u_arr/err_r_i_25__3/O
                         net (fo=1, routed)           0.023     2.472    c_attn/u_arr/err_r_i_25__3_n_0
    SLICE_X225Y8                                                      r  c_attn/u_arr/err_r_reg_i_21/I0
    SLICE_X225Y8         MUXF7 (Prop_F7MUX_EF_SLICEM_I0_O)
                                                      0.068     2.540 r  c_attn/u_arr/err_r_reg_i_21/O
                         net (fo=1, estimated)        0.187     2.727    c_attn/u_arr/err_r_reg_i_21_n_0
    SLICE_X225Y9                                                      r  c_attn/u_arr/err_r_i_17__4/I0
    SLICE_X225Y9         LUT6 (Prop_F6LUT_SLICEM_I0_O)
                                                      0.098     2.825 r  c_attn/u_arr/err_r_i_17__4/O
                         net (fo=14, estimated)       0.134     2.959    c_attn/u_arr_n_3
    SLICE_X225Y9                                                      r  c_attn/vref_r[0][7]_i_84/I0
    SLICE_X225Y9         LUT4 (Prop_D6LUT_SLICEM_I0_O)
                                                      0.088     3.047 r  c_attn/vref_r[0][7]_i_84/O
                         net (fo=1, routed)           0.025     3.072    c_attn/vref_r[0][7]_i_84_n_0
    SLICE_X225Y9                                                      r  c_attn/vref_r_reg[0][7]_i_68/S[3]
    SLICE_X225Y9         CARRY8 (Prop_CARRY8_SLICEM_S[3]_CO[3])
                                                      0.133     3.205 r  c_attn/vref_r_reg[0][7]_i_68/CO[3]
                         net (fo=16, estimated)       0.170     3.375    c_attn/vref_r_reg[0][7]_i_68_n_4
    SLICE_X224Y8                                                      r  c_attn/vref_r[0][0]_i_8/I2
    SLICE_X224Y8         LUT3 (Prop_G6LUT_SLICEL_I2_O)
                                                      0.035     3.410 r  c_attn/vref_r[0][0]_i_8/O
                         net (fo=5, estimated)        0.111     3.521    c_attn/vref_r[0][0]_i_8_n_0
    SLICE_X224Y8                                                      r  c_attn/vref_r[0][6]_i_13/I3
    SLICE_X224Y8         LUT6 (Prop_F6LUT_SLICEL_I3_O)
                                                      0.035     3.556 r  c_attn/vref_r[0][6]_i_13/O
                         net (fo=1, estimated)        0.183     3.739    c_attn/vref_r[0][6]_i_13_n_0
    SLICE_X224Y8                                                      r  c_attn/vref_r_reg[0][6]_i_9/DI[0]
    SLICE_X224Y8         CARRY8 (Prop_CARRY8_SLICEL_DI[0]_CO[3])
                                                      0.180     3.919 r  c_attn/vref_r_reg[0][6]_i_9/CO[3]
                         net (fo=16, estimated)       0.255     4.174    c_attn/vref_r_reg[0][6]_i_9_n_4
    SLICE_X223Y8                                                      r  c_attn/vref_r[0][1]_i_6/I4
    SLICE_X223Y8         LUT5 (Prop_H6LUT_SLICEL_I4_O)
                                                      0.036     4.210 r  c_attn/vref_r[0][1]_i_6/O
                         net (fo=5, estimated)        0.107     4.317    c_attn/vref_r[0][1]_i_6_n_0
    SLICE_X222Y8                                                      r  c_attn/vref_r[0][7]_i_72/I5
    SLICE_X222Y8         LUT6 (Prop_H6LUT_SLICEM_I5_O)
                                                      0.039     4.356 r  c_attn/vref_r[0][7]_i_72/O
                         net (fo=1, estimated)        0.144     4.500    c_attn/vref_r[0][7]_i_72_n_0
    SLICE_X221Y9                                                      r  c_attn/vref_r_reg[0][7]_i_47/DI[0]
    SLICE_X221Y9         CARRY8 (Prop_CARRY8_SLICEL_DI[0]_CO[3])
                                                      0.180     4.680 r  c_attn/vref_r_reg[0][7]_i_47/CO[3]
                         net (fo=10, estimated)       0.154     4.834    c_attn/vref_r_reg[0][7]_i_47_n_4
    SLICE_X221Y10                                                     r  c_attn/vref_r[0][0]_i_7/I4
    SLICE_X221Y10        LUT5 (Prop_A6LUT_SLICEL_I4_O)
                                                      0.035     4.869 r  c_attn/vref_r[0][0]_i_7/O
                         net (fo=5, estimated)        0.461     5.330    c_attn/vref_r[0][0]_i_7_n_0
    SLICE_X219Y12                                                     r  c_attn/vref_r[0][7]_i_51/I3
    SLICE_X219Y12        LUT6 (Prop_B6LUT_SLICEL_I3_O)
                                                      0.036     5.366 r  c_attn/vref_r[0][7]_i_51/O
                         net (fo=1, estimated)        0.142     5.508    c_attn/vref_r[0][7]_i_51_n_0
    SLICE_X219Y13                                                     r  c_attn/vref_r_reg[0][7]_i_28/DI[0]
    SLICE_X219Y13        CARRY8 (Prop_CARRY8_SLICEL_DI[0]_CO[3])
                                                      0.180     5.688 r  c_attn/vref_r_reg[0][7]_i_28/CO[3]
                         net (fo=19, estimated)       0.216     5.904    c_attn/vref_r_reg[0][7]_i_28_n_4
    SLICE_X219Y13                                                     r  c_attn/vref_r[0][1]_i_5/I4
    SLICE_X219Y13        LUT5 (Prop_G6LUT_SLICEL_I4_O)
                                                      0.035     5.939 r  c_attn/vref_r[0][1]_i_5/O
                         net (fo=3, estimated)        0.142     6.081    c_attn/vref_r[0][1]_i_5_n_0
    SLICE_X218Y13                                                     r  c_attn/vref_r[0][7]_i_59/I5
    SLICE_X218Y13        LUT6 (Prop_F6LUT_SLICEL_I5_O)
                                                      0.035     6.116 r  c_attn/vref_r[0][7]_i_59/O
                         net (fo=1, estimated)        0.142     6.258    c_attn/vref_r[0][7]_i_59_n_0
    SLICE_X218Y14                                                     r  c_attn/vref_r_reg[0][7]_i_29/DI[0]
    SLICE_X218Y14        CARRY8 (Prop_CARRY8_SLICEL_DI[0]_CO[3])
                                                      0.180     6.438 r  c_attn/vref_r_reg[0][7]_i_29/CO[3]
                         net (fo=8, estimated)        0.193     6.631    c_attn/vref_r_reg[0][7]_i_29_n_4
    SLICE_X219Y14                                                     r  c_attn/vref_r[0][0]_i_6/I4
    SLICE_X219Y14        LUT5 (Prop_C6LUT_SLICEL_I4_O)
                                                      0.035     6.666 r  c_attn/vref_r[0][0]_i_6/O
                         net (fo=5, estimated)        0.206     6.872    c_attn/vref_r[0][0]_i_6_n_0
    SLICE_X220Y15                                                     r  c_attn/vref_r[0][7]_i_37/I0
    SLICE_X220Y15        LUT4 (Prop_A6LUT_SLICEM_I0_O)
                                                      0.090     6.962 r  c_attn/vref_r[0][7]_i_37/O
                         net (fo=1, routed)           0.013     6.975    c_attn/vref_r[0][7]_i_37_n_0
    SLICE_X220Y15                                                     r  c_attn/vref_r_reg[0][7]_i_17/S[0]
    SLICE_X220Y15        CARRY8 (Prop_CARRY8_SLICEM_S[0]_CO[3])
                                                      0.186     7.161 r  c_attn/vref_r_reg[0][7]_i_17/CO[3]
                         net (fo=20, estimated)       0.221     7.382    c_attn/vref_r_reg[0][7]_i_17_n_4
    SLICE_X220Y15                                                     r  c_attn/vref_r[0][7]_i_66/I2
    SLICE_X220Y15        LUT3 (Prop_F6LUT_SLICEM_I2_O)
                                                      0.051     7.433 r  c_attn/vref_r[0][7]_i_66/O
                         net (fo=2, estimated)        0.041     7.474    c_attn/vref_r[0][7]_i_66_n_0
    SLICE_X220Y15                                                     r  c_attn/vref_r[0][7]_i_40/I5
    SLICE_X220Y15        LUT6 (Prop_G6LUT_SLICEM_I5_O)
                                                      0.037     7.511 r  c_attn/vref_r[0][7]_i_40/O
                         net (fo=1, estimated)        0.238     7.749    c_attn/vref_r[0][7]_i_40_n_0
    SLICE_X220Y13                                                     r  c_attn/vref_r_reg[0][7]_i_18/DI[1]
    SLICE_X220Y13        CARRY8 (Prop_CARRY8_SLICEM_DI[1]_CO[3])
                                                      0.144     7.893 r  c_attn/vref_r_reg[0][7]_i_18/CO[3]
                         net (fo=8, estimated)        0.209     8.102    c_attn/vref_r_reg[0][7]_i_18_n_4
    SLICE_X220Y14                                                     r  c_attn/vref_r[0][0]_i_5/I4
    SLICE_X220Y14        LUT5 (Prop_G6LUT_SLICEM_I4_O)
                                                      0.037     8.139 r  c_attn/vref_r[0][0]_i_5/O
                         net (fo=34, estimated)       0.156     8.295    c_attn/ev[0]
    SLICE_X220Y14                                                     r  c_attn/vref_r[0][7]_i_26/I0
    SLICE_X220Y14        LUT4 (Prop_A6LUT_SLICEM_I0_O)
                                                      0.090     8.385 r  c_attn/vref_r[0][7]_i_26/O
                         net (fo=1, routed)           0.013     8.398    c_attn/vref_r[0][7]_i_26_n_0
    SLICE_X220Y14                                                     r  c_attn/vref_r_reg[0][7]_i_13/S[0]
    SLICE_X220Y14        CARRY8 (Prop_CARRY8_SLICEM_S[0]_CO[3])
                                                      0.186     8.584 r  c_attn/vref_r_reg[0][7]_i_13/CO[3]
                         net (fo=256, estimated)      0.721     9.305    c_attn/ev1
    SLICE_X225Y16                                                     r  c_attn/vref_r[25][4]_i_2/I2
    SLICE_X225Y16        LUT6 (Prop_B6LUT_SLICEM_I2_O)
                                                      0.037     9.342 r  c_attn/vref_r[25][4]_i_2/O
                         net (fo=1, estimated)        0.195     9.537    c_attn/vref_r_reg[25]_632[4]
    SLICE_X228Y16                                                     r  c_attn/vref_r[25][4]_i_1/I3
    SLICE_X228Y16        LUT6 (Prop_C6LUT_SLICEL_I3_O)
                                                      0.035     9.572 r  c_attn/vref_r[25][4]_i_1/O
                         net (fo=1, routed)           0.050     9.622    c_attn/vref_r[25][4]_i_1_n_0
    SLICE_X228Y16        FDSE                                         r  c_attn/vref_r_reg[25][4]/D
  -------------------------------------------------------------------    -------------------

                         (clock core_clk rise edge)
                                                      5.000     5.000 r  
                                                      0.000     5.000 r  core_clk (IN)
                         net (fo=0)                   0.036     5.036    core_clk
    BUFGCE_X0Y25                                                      r  gbufg.u_bufg_core/I
    BUFGCE_X0Y25         BUFGCE (Prop_BUFCE_BUFGCE_I_O)
                                                      0.024     5.060 r  gbufg.u_bufg_core/O
    X4Y1 (CLOCK_ROOT)    net (fo=392507, estimated)
                                                      1.406     6.466    c_attn/core_clk_i
    SLICE_X228Y16        FDSE                                         r  c_attn/vref_r_reg[25][4]/C
                         clock pessimism              0.126     6.592    
                         clock uncertainty           -0.035     6.557    
    SLICE_X228Y16        FDSE (Setup_CFF_SLICEL_C_D)
                                                      0.025     6.582    c_attn/vref_r_reg[25][4]
  -------------------------------------------------------------------
                         required time                          6.582    
                         arrival time                          -9.622    
  -------------------------------------------------------------------
                         slack                                 -3.040    

Slack (VIOLATED) :        -3.037ns  (required time - arrival time)
  Source:                 c_attn/vref_r_reg[26][7]/C
                            (rising edge-triggered cell FDRE clocked by core_clk  {rise@0.000ns fall@2.500ns period=5.000ns})
  Destination:            c_attn/vref_r_reg[20][2]/D
                            (rising edge-triggered cell FDSE clocked by core_clk  {rise@0.000ns fall@2.500ns period=5.000ns})
  Path Group:             core_clk
  Path Type:              Setup (Max at Slow Process Corner)
  Requirement:            5.000ns  (core_clk rise@5.000ns - core_clk rise@0.000ns)
  Data Path Delay:        7.947ns  (logic 2.522ns (31.735%)  route 5.425ns (68.265%))
  Logic Levels:           28  (CARRY8=8 LUT3=2 LUT4=3 LUT5=5 LUT6=9 MUXF7=1)
  Clock Path Skew:        -0.080ns (DCD - SCD + CPR)
    Destination Clock Delay (DCD):    1.468ns = ( 6.468 - 5.000 ) 
    Source Clock Delay      (SCD):    1.674ns
    Clock Pessimism Removal (CPR):    0.126ns
  Clock Uncertainty:      0.035ns  ((TSJ^2 + TIJ^2)^1/2 + DJ) / 2 + PE
    Total System Jitter     (TSJ):    0.071ns
    Total Input Jitter      (TIJ):    0.000ns
    Discrete Jitter          (DJ):    0.000ns
    Phase Error              (PE):    0.000ns
  Clock Net Delay (Source):      1.603ns (routing 0.210ns, distribution 1.393ns)
  Clock Net Delay (Destination): 1.408ns (routing 0.190ns, distribution 1.218ns)

    Location             Delay type                Incr(ns)  Path(ns)    Netlist Resource(s)
  -------------------------------------------------------------------    -------------------
                         (clock core_clk rise edge)
                                                      0.000     0.000 r  
                                                      0.000     0.000 r  core_clk (IN)
                         net (fo=0)                   0.043     0.043    core_clk
    BUFGCE_X0Y25                                                      r  gbufg.u_bufg_core/I
    BUFGCE_X0Y25         BUFGCE (Prop_BUFCE_BUFGCE_I_O)
                                                      0.028     0.071 r  gbufg.u_bufg_core/O
    X4Y1 (CLOCK_ROOT)    net (fo=392507, estimated)
                                                      1.603     1.674    c_attn/core_clk_i
    SLICE_X220Y9         FDRE                                         r  c_attn/vref_r_reg[26][7]/C
  -------------------------------------------------------------------    -------------------
    SLICE_X220Y9         FDRE (Prop_GFF_SLICEM_C_Q)
                                                      0.078     1.752 r  c_attn/vref_r_reg[26][7]/Q
                         net (fo=2, estimated)        0.574     2.326    c_attn/u_arr/err_r_reg_i_21_2[7]
    SLICE_X225Y8                                                      r  c_attn/u_arr/err_r_i_25__3/I1
    SLICE_X225Y8         LUT6 (Prop_F6LUT_SLICEM_I1_O)
                                                      0.123     2.449 r  c_attn/u_arr/err_r_i_25__3/O
                         net (fo=1, routed)           0.023     2.472    c_attn/u_arr/err_r_i_25__3_n_0
    SLICE_X225Y8                                                      r  c_attn/u_arr/err_r_reg_i_21/I0
    SLICE_X225Y8         MUXF7 (Prop_F7MUX_EF_SLICEM_I0_O)
                                                      0.068     2.540 r  c_attn/u_arr/err_r_reg_i_21/O
                         net (fo=1, estimated)        0.187     2.727    c_attn/u_arr/err_r_reg_i_21_n_0
    SLICE_X225Y9                                                      r  c_attn/u_arr/err_r_i_17__4/I0
    SLICE_X225Y9         LUT6 (Prop_F6LUT_SLICEM_I0_O)
                                                      0.098     2.825 r  c_attn/u_arr/err_r_i_17__4/O
                         net (fo=14, estimated)       0.134     2.959    c_attn/u_arr_n_3
    SLICE_X225Y9                                                      r  c_attn/vref_r[0][7]_i_84/I0
    SLICE_X225Y9         LUT4 (Prop_D6LUT_SLICEM_I0_O)
                                                      0.088     3.047 r  c_attn/vref_r[0][7]_i_84/O
                         net (fo=1, routed)           0.025     3.072    c_attn/vref_r[0][7]_i_84_n_0
    SLICE_X225Y9                                                      r  c_attn/vref_r_reg[0][7]_i_68/S[3]
    SLICE_X225Y9         CARRY8 (Prop_CARRY8_SLICEM_S[3]_CO[3])
                                                      0.133     3.205 r  c_attn/vref_r_reg[0][7]_i_68/CO[3]
                         net (fo=16, estimated)       0.170     3.375    c_attn/vref_r_reg[0][7]_i_68_n_4
    SLICE_X224Y8                                                      r  c_attn/vref_r[0][0]_i_8/I2
    SLICE_X224Y8         LUT3 (Prop_G6LUT_SLICEL_I2_O)
                                                      0.035     3.410 r  c_attn/vref_r[0][0]_i_8/O
                         net (fo=5, estimated)        0.111     3.521    c_attn/vref_r[0][0]_i_8_n_0
    SLICE_X224Y8                                                      r  c_attn/vref_r[0][6]_i_13/I3
    SLICE_X224Y8         LUT6 (Prop_F6LUT_SLICEL_I3_O)
                                                      0.035     3.556 r  c_attn/vref_r[0][6]_i_13/O
                         net (fo=1, estimated)        0.183     3.739    c_attn/vref_r[0][6]_i_13_n_0
    SLICE_X224Y8                                                      r  c_attn/vref_r_reg[0][6]_i_9/DI[0]
    SLICE_X224Y8         CARRY8 (Prop_CARRY8_SLICEL_DI[0]_CO[3])
                                                      0.180     3.919 r  c_attn/vref_r_reg[0][6]_i_9/CO[3]
                         net (fo=16, estimated)       0.255     4.174    c_attn/vref_r_reg[0][6]_i_9_n_4
    SLICE_X223Y8                                                      r  c_attn/vref_r[0][1]_i_6/I4
    SLICE_X223Y8         LUT5 (Prop_H6LUT_SLICEL_I4_O)
                                                      0.036     4.210 r  c_attn/vref_r[0][1]_i_6/O
                         net (fo=5, estimated)        0.107     4.317    c_attn/vref_r[0][1]_i_6_n_0
    SLICE_X222Y8                                                      r  c_attn/vref_r[0][7]_i_72/I5
    SLICE_X222Y8         LUT6 (Prop_H6LUT_SLICEM_I5_O)
                                                      0.039     4.356 r  c_attn/vref_r[0][7]_i_72/O
                         net (fo=1, estimated)        0.144     4.500    c_attn/vref_r[0][7]_i_72_n_0
    SLICE_X221Y9                                                      r  c_attn/vref_r_reg[0][7]_i_47/DI[0]
    SLICE_X221Y9         CARRY8 (Prop_CARRY8_SLICEL_DI[0]_CO[3])
                                                      0.180     4.680 r  c_attn/vref_r_reg[0][7]_i_47/CO[3]
                         net (fo=10, estimated)       0.154     4.834    c_attn/vref_r_reg[0][7]_i_47_n_4
    SLICE_X221Y10                                                     r  c_attn/vref_r[0][0]_i_7/I4
    SLICE_X221Y10        LUT5 (Prop_A6LUT_SLICEL_I4_O)
                                                      0.035     4.869 r  c_attn/vref_r[0][0]_i_7/O
                         net (fo=5, estimated)        0.461     5.330    c_attn/vref_r[0][0]_i_7_n_0
    SLICE_X219Y12                                                     r  c_attn/vref_r[0][7]_i_51/I3
    SLICE_X219Y12        LUT6 (Prop_B6LUT_SLICEL_I3_O)
                                                      0.036     5.366 r  c_attn/vref_r[0][7]_i_51/O
                         net (fo=1, estimated)        0.142     5.508    c_attn/vref_r[0][7]_i_51_n_0
    SLICE_X219Y13                                                     r  c_attn/vref_r_reg[0][7]_i_28/DI[0]
    SLICE_X219Y13        CARRY8 (Prop_CARRY8_SLICEL_DI[0]_CO[3])
                                                      0.180     5.688 r  c_attn/vref_r_reg[0][7]_i_28/CO[3]
                         net (fo=19, estimated)       0.216     5.904    c_attn/vref_r_reg[0][7]_i_28_n_4
    SLICE_X219Y13                                                     r  c_attn/vref_r[0][1]_i_5/I4
    SLICE_X219Y13        LUT5 (Prop_G6LUT_SLICEL_I4_O)
                                                      0.035     5.939 r  c_attn/vref_r[0][1]_i_5/O
                         net (fo=3, estimated)        0.142     6.081    c_attn/vref_r[0][1]_i_5_n_0
    SLICE_X218Y13                                                     r  c_attn/vref_r[0][7]_i_59/I5
    SLICE_X218Y13        LUT6 (Prop_F6LUT_SLICEL_I5_O)
                                                      0.035     6.116 r  c_attn/vref_r[0][7]_i_59/O
                         net (fo=1, estimated)        0.142     6.258    c_attn/vref_r[0][7]_i_59_n_0
    SLICE_X218Y14                                                     r  c_attn/vref_r_reg[0][7]_i_29/DI[0]
    SLICE_X218Y14        CARRY8 (Prop_CARRY8_SLICEL_DI[0]_CO[3])
                                                      0.180     6.438 r  c_attn/vref_r_reg[0][7]_i_29/CO[3]
                         net (fo=8, estimated)        0.193     6.631    c_attn/vref_r_reg[0][7]_i_29_n_4
    SLICE_X219Y14                                                     r  c_attn/vref_r[0][0]_i_6/I4
    SLICE_X219Y14        LUT5 (Prop_C6LUT_SLICEL_I4_O)
                                                      0.035     6.666 r  c_attn/vref_r[0][0]_i_6/O
                         net (fo=5, estimated)        0.206     6.872    c_attn/vref_r[0][0]_i_6_n_0
    SLICE_X220Y15                                                     r  c_attn/vref_r[0][7]_i_37/I0
    SLICE_X220Y15        LUT4 (Prop_A6LUT_SLICEM_I0_O)
                                                      0.090     6.962 r  c_attn/vref_r[0][7]_i_37/O
                         net (fo=1, routed)           0.013     6.975    c_attn/vref_r[0][7]_i_37_n_0
    SLICE_X220Y15                                                     r  c_attn/vref_r_reg[0][7]_i_17/S[0]
    SLICE_X220Y15        CARRY8 (Prop_CARRY8_SLICEM_S[0]_CO[3])
                                                      0.186     7.161 r  c_attn/vref_r_reg[0][7]_i_17/CO[3]
                         net (fo=20, estimated)       0.221     7.382    c_attn/vref_r_reg[0][7]_i_17_n_4
    SLICE_X220Y15                                                     r  c_attn/vref_r[0][7]_i_66/I2
    SLICE_X220Y15        LUT3 (Prop_F6LUT_SLICEM_I2_O)
                                                      0.051     7.433 r  c_attn/vref_r[0][7]_i_66/O
                         net (fo=2, estimated)        0.041     7.474    c_attn/vref_r[0][7]_i_66_n_0
    SLICE_X220Y15                                                     r  c_attn/vref_r[0][7]_i_40/I5
    SLICE_X220Y15        LUT6 (Prop_G6LUT_SLICEM_I5_O)
                                                      0.037     7.511 r  c_attn/vref_r[0][7]_i_40/O
                         net (fo=1, estimated)        0.238     7.749    c_attn/vref_r[0][7]_i_40_n_0
    SLICE_X220Y13                                                     r  c_attn/vref_r_reg[0][7]_i_18/DI[1]
    SLICE_X220Y13        CARRY8 (Prop_CARRY8_SLICEM_DI[1]_CO[3])
                                                      0.144     7.893 r  c_attn/vref_r_reg[0][7]_i_18/CO[3]
                         net (fo=8, estimated)        0.209     8.102    c_attn/vref_r_reg[0][7]_i_18_n_4
    SLICE_X220Y14                                                     r  c_attn/vref_r[0][0]_i_5/I4
    SLICE_X220Y14        LUT5 (Prop_G6LUT_SLICEM_I4_O)
                                                      0.037     8.139 r  c_attn/vref_r[0][0]_i_5/O
                         net (fo=34, estimated)       0.156     8.295    c_attn/ev[0]
    SLICE_X220Y14                                                     r  c_attn/vref_r[0][7]_i_26/I0
    SLICE_X220Y14        LUT4 (Prop_A6LUT_SLICEM_I0_O)
                                                      0.090     8.385 r  c_attn/vref_r[0][7]_i_26/O
                         net (fo=1, routed)           0.013     8.398    c_attn/vref_r[0][7]_i_26_n_0
    SLICE_X220Y14                                                     r  c_attn/vref_r_reg[0][7]_i_13/S[0]
    SLICE_X220Y14        CARRY8 (Prop_CARRY8_SLICEM_S[0]_CO[3])
                                                      0.186     8.584 r  c_attn/vref_r_reg[0][7]_i_13/CO[3]
                         net (fo=256, estimated)      0.779     9.363    c_attn/ev1
    SLICE_X227Y13                                                     r  c_attn/vref_r[20][2]_i_2/I2
    SLICE_X227Y13        LUT6 (Prop_B6LUT_SLICEM_I2_O)
                                                      0.037     9.400 r  c_attn/vref_r[20][2]_i_2/O
                         net (fo=1, estimated)        0.136     9.536    c_attn/vref_r_reg[20]_612[2]
    SLICE_X228Y13                                                     r  c_attn/vref_r[20][2]_i_1/I3
    SLICE_X228Y13        LUT6 (Prop_C6LUT_SLICEL_I3_O)
                                                      0.035     9.571 r  c_attn/vref_r[20][2]_i_1/O
                         net (fo=1, routed)           0.050     9.621    c_attn/vref_r[20][2]_i_1_n_0
    SLICE_X228Y13        FDSE                                         r  c_attn/vref_r_reg[20][2]/D
  -------------------------------------------------------------------    -------------------

                         (clock core_clk rise edge)
                                                      5.000     5.000 r  
                                                      0.000     5.000 r  core_clk (IN)
                         net (fo=0)                   0.036     5.036    core_clk
    BUFGCE_X0Y25                                                      r  gbufg.u_bufg_core/I
    BUFGCE_X0Y25         BUFGCE (Prop_BUFCE_BUFGCE_I_O)
                                                      0.024     5.060 r  gbufg.u_bufg_core/O
    X4Y1 (CLOCK_ROOT)    net (fo=392507, estimated)
                                                      1.408     6.468    c_attn/core_clk_i
    SLICE_X228Y13        FDSE                                         r  c_attn/vref_r_reg[20][2]/C
                         clock pessimism              0.126     6.594    
                         clock uncertainty           -0.035     6.559    
    SLICE_X228Y13        FDSE (Setup_CFF_SLICEL_C_D)
                                                      0.025     6.584    c_attn/vref_r_reg[20][2]
  -------------------------------------------------------------------
                         required time                          6.584    
                         arrival time                          -9.621    
  -------------------------------------------------------------------
                         slack                                 -3.037    

Slack (VIOLATED) :        -3.035ns  (required time - arrival time)
  Source:                 c_attn/vref_r_reg[26][7]/C
                            (rising edge-triggered cell FDRE clocked by core_clk  {rise@0.000ns fall@2.500ns period=5.000ns})
  Destination:            c_attn/vref_r_reg[9][3]/D
                            (rising edge-triggered cell FDSE clocked by core_clk  {rise@0.000ns fall@2.500ns period=5.000ns})
  Path Group:             core_clk
  Path Type:              Setup (Max at Slow Process Corner)
  Requirement:            5.000ns  (core_clk rise@5.000ns - core_clk rise@0.000ns)
  Data Path Delay:        7.952ns  (logic 2.524ns (31.740%)  route 5.428ns (68.260%))
  Logic Levels:           28  (CARRY8=8 LUT3=2 LUT4=3 LUT5=5 LUT6=9 MUXF7=1)
  Clock Path Skew:        -0.073ns (DCD - SCD + CPR)
    Destination Clock Delay (DCD):    1.475ns = ( 6.475 - 5.000 ) 
    Source Clock Delay      (SCD):    1.674ns
    Clock Pessimism Removal (CPR):    0.126ns
  Clock Uncertainty:      0.035ns  ((TSJ^2 + TIJ^2)^1/2 + DJ) / 2 + PE
    Total System Jitter     (TSJ):    0.071ns
    Total Input Jitter      (TIJ):    0.000ns
    Discrete Jitter          (DJ):    0.000ns
    Phase Error              (PE):    0.000ns
  Clock Net Delay (Source):      1.603ns (routing 0.210ns, distribution 1.393ns)
  Clock Net Delay (Destination): 1.415ns (routing 0.190ns, distribution 1.225ns)

    Location             Delay type                Incr(ns)  Path(ns)    Netlist Resource(s)
  -------------------------------------------------------------------    -------------------
                         (clock core_clk rise edge)
                                                      0.000     0.000 r  
                                                      0.000     0.000 r  core_clk (IN)
                         net (fo=0)                   0.043     0.043    core_clk
    BUFGCE_X0Y25                                                      r  gbufg.u_bufg_core/I
    BUFGCE_X0Y25         BUFGCE (Prop_BUFCE_BUFGCE_I_O)
                                                      0.028     0.071 r  gbufg.u_bufg_core/O
    X4Y1 (CLOCK_ROOT)    net (fo=392507, estimated)
                                                      1.603     1.674    c_attn/core_clk_i
    SLICE_X220Y9         FDRE                                         r  c_attn/vref_r_reg[26][7]/C
  -------------------------------------------------------------------    -------------------
    SLICE_X220Y9         FDRE (Prop_GFF_SLICEM_C_Q)
                                                      0.078     1.752 r  c_attn/vref_r_reg[26][7]/Q
                         net (fo=2, estimated)        0.574     2.326    c_attn/u_arr/err_r_reg_i_21_2[7]
    SLICE_X225Y8                                                      r  c_attn/u_arr/err_r_i_25__3/I1
    SLICE_X225Y8         LUT6 (Prop_F6LUT_SLICEM_I1_O)
                                                      0.123     2.449 r  c_attn/u_arr/err_r_i_25__3/O
                         net (fo=1, routed)           0.023     2.472    c_attn/u_arr/err_r_i_25__3_n_0
    SLICE_X225Y8                                                      r  c_attn/u_arr/err_r_reg_i_21/I0
    SLICE_X225Y8         MUXF7 (Prop_F7MUX_EF_SLICEM_I0_O)
                                                      0.068     2.540 r  c_attn/u_arr/err_r_reg_i_21/O
                         net (fo=1, estimated)        0.187     2.727    c_attn/u_arr/err_r_reg_i_21_n_0
    SLICE_X225Y9                                                      r  c_attn/u_arr/err_r_i_17__4/I0
    SLICE_X225Y9         LUT6 (Prop_F6LUT_SLICEM_I0_O)
                                                      0.098     2.825 r  c_attn/u_arr/err_r_i_17__4/O
                         net (fo=14, estimated)       0.134     2.959    c_attn/u_arr_n_3
    SLICE_X225Y9                                                      r  c_attn/vref_r[0][7]_i_84/I0
    SLICE_X225Y9         LUT4 (Prop_D6LUT_SLICEM_I0_O)
                                                      0.088     3.047 r  c_attn/vref_r[0][7]_i_84/O
                         net (fo=1, routed)           0.025     3.072    c_attn/vref_r[0][7]_i_84_n_0
    SLICE_X225Y9                                                      r  c_attn/vref_r_reg[0][7]_i_68/S[3]
    SLICE_X225Y9         CARRY8 (Prop_CARRY8_SLICEM_S[3]_CO[3])
                                                      0.133     3.205 r  c_attn/vref_r_reg[0][7]_i_68/CO[3]
                         net (fo=16, estimated)       0.170     3.375    c_attn/vref_r_reg[0][7]_i_68_n_4
    SLICE_X224Y8                                                      r  c_attn/vref_r[0][0]_i_8/I2
    SLICE_X224Y8         LUT3 (Prop_G6LUT_SLICEL_I2_O)
                                                      0.035     3.410 r  c_attn/vref_r[0][0]_i_8/O
                         net (fo=5, estimated)        0.111     3.521    c_attn/vref_r[0][0]_i_8_n_0
    SLICE_X224Y8                                                      r  c_attn/vref_r[0][6]_i_13/I3
    SLICE_X224Y8         LUT6 (Prop_F6LUT_SLICEL_I3_O)
                                                      0.035     3.556 r  c_attn/vref_r[0][6]_i_13/O
                         net (fo=1, estimated)        0.183     3.739    c_attn/vref_r[0][6]_i_13_n_0
    SLICE_X224Y8                                                      r  c_attn/vref_r_reg[0][6]_i_9/DI[0]
    SLICE_X224Y8         CARRY8 (Prop_CARRY8_SLICEL_DI[0]_CO[3])
                                                      0.180     3.919 r  c_attn/vref_r_reg[0][6]_i_9/CO[3]
                         net (fo=16, estimated)       0.255     4.174    c_attn/vref_r_reg[0][6]_i_9_n_4
    SLICE_X223Y8                                                      r  c_attn/vref_r[0][1]_i_6/I4
    SLICE_X223Y8         LUT5 (Prop_H6LUT_SLICEL_I4_O)
                                                      0.036     4.210 r  c_attn/vref_r[0][1]_i_6/O
                         net (fo=5, estimated)        0.107     4.317    c_attn/vref_r[0][1]_i_6_n_0
    SLICE_X222Y8                                                      r  c_attn/vref_r[0][7]_i_72/I5
    SLICE_X222Y8         LUT6 (Prop_H6LUT_SLICEM_I5_O)
                                                      0.039     4.356 r  c_attn/vref_r[0][7]_i_72/O
                         net (fo=1, estimated)        0.144     4.500    c_attn/vref_r[0][7]_i_72_n_0
    SLICE_X221Y9                                                      r  c_attn/vref_r_reg[0][7]_i_47/DI[0]
    SLICE_X221Y9         CARRY8 (Prop_CARRY8_SLICEL_DI[0]_CO[3])
                                                      0.180     4.680 r  c_attn/vref_r_reg[0][7]_i_47/CO[3]
                         net (fo=10, estimated)       0.154     4.834    c_attn/vref_r_reg[0][7]_i_47_n_4
    SLICE_X221Y10                                                     r  c_attn/vref_r[0][0]_i_7/I4
    SLICE_X221Y10        LUT5 (Prop_A6LUT_SLICEL_I4_O)
                                                      0.035     4.869 r  c_attn/vref_r[0][0]_i_7/O
                         net (fo=5, estimated)        0.461     5.330    c_attn/vref_r[0][0]_i_7_n_0
    SLICE_X219Y12                                                     r  c_attn/vref_r[0][7]_i_51/I3
    SLICE_X219Y12        LUT6 (Prop_B6LUT_SLICEL_I3_O)
                                                      0.036     5.366 r  c_attn/vref_r[0][7]_i_51/O
                         net (fo=1, estimated)        0.142     5.508    c_attn/vref_r[0][7]_i_51_n_0
    SLICE_X219Y13                                                     r  c_attn/vref_r_reg[0][7]_i_28/DI[0]
    SLICE_X219Y13        CARRY8 (Prop_CARRY8_SLICEL_DI[0]_CO[3])
                                                      0.180     5.688 r  c_attn/vref_r_reg[0][7]_i_28/CO[3]
                         net (fo=19, estimated)       0.216     5.904    c_attn/vref_r_reg[0][7]_i_28_n_4
    SLICE_X219Y13                                                     r  c_attn/vref_r[0][1]_i_5/I4
    SLICE_X219Y13        LUT5 (Prop_G6LUT_SLICEL_I4_O)
                                                      0.035     5.939 r  c_attn/vref_r[0][1]_i_5/O
                         net (fo=3, estimated)        0.142     6.081    c_attn/vref_r[0][1]_i_5_n_0
    SLICE_X218Y13                                                     r  c_attn/vref_r[0][7]_i_59/I5
    SLICE_X218Y13        LUT6 (Prop_F6LUT_SLICEL_I5_O)
                                                      0.035     6.116 r  c_attn/vref_r[0][7]_i_59/O
                         net (fo=1, estimated)        0.142     6.258    c_attn/vref_r[0][7]_i_59_n_0
    SLICE_X218Y14                                                     r  c_attn/vref_r_reg[0][7]_i_29/DI[0]
    SLICE_X218Y14        CARRY8 (Prop_CARRY8_SLICEL_DI[0]_CO[3])
                                                      0.180     6.438 r  c_attn/vref_r_reg[0][7]_i_29/CO[3]
                         net (fo=8, estimated)        0.193     6.631    c_attn/vref_r_reg[0][7]_i_29_n_4
    SLICE_X219Y14                                                     r  c_attn/vref_r[0][0]_i_6/I4
    SLICE_X219Y14        LUT5 (Prop_C6LUT_SLICEL_I4_O)
                                                      0.035     6.666 r  c_attn/vref_r[0][0]_i_6/O
                         net (fo=5, estimated)        0.206     6.872    c_attn/vref_r[0][0]_i_6_n_0
    SLICE_X220Y15                                                     r  c_attn/vref_r[0][7]_i_37/I0
    SLICE_X220Y15        LUT4 (Prop_A6LUT_SLICEM_I0_O)
                                                      0.090     6.962 r  c_attn/vref_r[0][7]_i_37/O
                         net (fo=1, routed)           0.013     6.975    c_attn/vref_r[0][7]_i_37_n_0
    SLICE_X220Y15                                                     r  c_attn/vref_r_reg[0][7]_i_17/S[0]
    SLICE_X220Y15        CARRY8 (Prop_CARRY8_SLICEM_S[0]_CO[3])
                                                      0.186     7.161 r  c_attn/vref_r_reg[0][7]_i_17/CO[3]
                         net (fo=20, estimated)       0.221     7.382    c_attn/vref_r_reg[0][7]_i_17_n_4
    SLICE_X220Y15                                                     r  c_attn/vref_r[0][7]_i_66/I2
    SLICE_X220Y15        LUT3 (Prop_F6LUT_SLICEM_I2_O)
                                                      0.051     7.433 r  c_attn/vref_r[0][7]_i_66/O
                         net (fo=2, estimated)        0.041     7.474    c_attn/vref_r[0][7]_i_66_n_0
    SLICE_X220Y15                                                     r  c_attn/vref_r[0][7]_i_40/I5
    SLICE_X220Y15        LUT6 (Prop_G6LUT_SLICEM_I5_O)
                                                      0.037     7.511 r  c_attn/vref_r[0][7]_i_40/O
                         net (fo=1, estimated)        0.238     7.749    c_attn/vref_r[0][7]_i_40_n_0
    SLICE_X220Y13                                                     r  c_attn/vref_r_reg[0][7]_i_18/DI[1]
    SLICE_X220Y13        CARRY8 (Prop_CARRY8_SLICEM_DI[1]_CO[3])
                                                      0.144     7.893 r  c_attn/vref_r_reg[0][7]_i_18/CO[3]
                         net (fo=8, estimated)        0.209     8.102    c_attn/vref_r_reg[0][7]_i_18_n_4
    SLICE_X220Y14                                                     r  c_attn/vref_r[0][0]_i_5/I4
    SLICE_X220Y14        LUT5 (Prop_G6LUT_SLICEM_I4_O)
                                                      0.037     8.139 r  c_attn/vref_r[0][0]_i_5/O
                         net (fo=34, estimated)       0.156     8.295    c_attn/ev[0]
    SLICE_X220Y14                                                     r  c_attn/vref_r[0][7]_i_26/I0
    SLICE_X220Y14        LUT4 (Prop_A6LUT_SLICEM_I0_O)
                                                      0.090     8.385 r  c_attn/vref_r[0][7]_i_26/O
                         net (fo=1, routed)           0.013     8.398    c_attn/vref_r[0][7]_i_26_n_0
    SLICE_X220Y14                                                     r  c_attn/vref_r_reg[0][7]_i_13/S[0]
    SLICE_X220Y14        CARRY8 (Prop_CARRY8_SLICEM_S[0]_CO[3])
                                                      0.186     8.584 r  c_attn/vref_r_reg[0][7]_i_13/CO[3]
                         net (fo=256, estimated)      0.762     9.346    c_attn/ev1
    SLICE_X227Y14                                                     r  c_attn/vref_r[9][3]_i_2/I2
    SLICE_X227Y14        LUT6 (Prop_E6LUT_SLICEM_I2_O)
                                                      0.037     9.383 r  c_attn/vref_r[9][3]_i_2/O
                         net (fo=1, estimated)        0.147     9.530    c_attn/vref_r_reg[9]_618[3]
    SLICE_X227Y11                                                     r  c_attn/vref_r[9][3]_i_1/I3
    SLICE_X227Y11        LUT6 (Prop_G6LUT_SLICEM_I3_O)
                                                      0.037     9.567 r  c_attn/vref_r[9][3]_i_1/O
                         net (fo=1, routed)           0.059     9.626    c_attn/vref_r[9][3]_i_1_n_0
    SLICE_X227Y11        FDSE                                         r  c_attn/vref_r_reg[9][3]/D
  -------------------------------------------------------------------    -------------------

                         (clock core_clk rise edge)
                                                      5.000     5.000 r  
                                                      0.000     5.000 r  core_clk (IN)
                         net (fo=0)                   0.036     5.036    core_clk
    BUFGCE_X0Y25                                                      r  gbufg.u_bufg_core/I
    BUFGCE_X0Y25         BUFGCE (Prop_BUFCE_BUFGCE_I_O)
                                                      0.024     5.060 r  gbufg.u_bufg_core/O
    X4Y1 (CLOCK_ROOT)    net (fo=392507, estimated)
                                                      1.415     6.475    c_attn/core_clk_i
    SLICE_X227Y11        FDSE                                         r  c_attn/vref_r_reg[9][3]/C
                         clock pessimism              0.126     6.601    
                         clock uncertainty           -0.035     6.566    
    SLICE_X227Y11        FDSE (Setup_GFF_SLICEM_C_D)
                                                      0.025     6.591    c_attn/vref_r_reg[9][3]
  -------------------------------------------------------------------
                         required time                          6.591    
                         arrival time                          -9.626    
  -------------------------------------------------------------------
                         slack                                 -3.035    

Slack (VIOLATED) :        -3.032ns  (required time - arrival time)
  Source:                 c_attn/vref_r_reg[26][7]/C
                            (rising edge-triggered cell FDRE clocked by core_clk  {rise@0.000ns fall@2.500ns period=5.000ns})
  Destination:            c_attn/vref_r_reg[7][2]/D
                            (rising edge-triggered cell FDSE clocked by core_clk  {rise@0.000ns fall@2.500ns period=5.000ns})
  Path Group:             core_clk
  Path Type:              Setup (Max at Slow Process Corner)
  Requirement:            5.000ns  (core_clk rise@5.000ns - core_clk rise@0.000ns)
  Data Path Delay:        7.946ns  (logic 2.520ns (31.714%)  route 5.426ns (68.286%))
  Logic Levels:           28  (CARRY8=8 LUT3=2 LUT4=3 LUT5=5 LUT6=9 MUXF7=1)
  Clock Path Skew:        -0.076ns (DCD - SCD + CPR)
    Destination Clock Delay (DCD):    1.472ns = ( 6.472 - 5.000 ) 
    Source Clock Delay      (SCD):    1.674ns
    Clock Pessimism Removal (CPR):    0.126ns
  Clock Uncertainty:      0.035ns  ((TSJ^2 + TIJ^2)^1/2 + DJ) / 2 + PE
    Total System Jitter     (TSJ):    0.071ns
    Total Input Jitter      (TIJ):    0.000ns
    Discrete Jitter          (DJ):    0.000ns
    Phase Error              (PE):    0.000ns
  Clock Net Delay (Source):      1.603ns (routing 0.210ns, distribution 1.393ns)
  Clock Net Delay (Destination): 1.412ns (routing 0.190ns, distribution 1.222ns)

    Location             Delay type                Incr(ns)  Path(ns)    Netlist Resource(s)
  -------------------------------------------------------------------    -------------------
                         (clock core_clk rise edge)
                                                      0.000     0.000 r  
                                                      0.000     0.000 r  core_clk (IN)
                         net (fo=0)                   0.043     0.043    core_clk
    BUFGCE_X0Y25                                                      r  gbufg.u_bufg_core/I
    BUFGCE_X0Y25         BUFGCE (Prop_BUFCE_BUFGCE_I_O)
                                                      0.028     0.071 r  gbufg.u_bufg_core/O
    X4Y1 (CLOCK_ROOT)    net (fo=392507, estimated)
                                                      1.603     1.674    c_attn/core_clk_i
    SLICE_X220Y9         FDRE                                         r  c_attn/vref_r_reg[26][7]/C
  -------------------------------------------------------------------    -------------------
    SLICE_X220Y9         FDRE (Prop_GFF_SLICEM_C_Q)
                                                      0.078     1.752 r  c_attn/vref_r_reg[26][7]/Q
                         net (fo=2, estimated)        0.574     2.326    c_attn/u_arr/err_r_reg_i_21_2[7]
    SLICE_X225Y8                                                      r  c_attn/u_arr/err_r_i_25__3/I1
    SLICE_X225Y8         LUT6 (Prop_F6LUT_SLICEM_I1_O)
                                                      0.123     2.449 r  c_attn/u_arr/err_r_i_25__3/O
                         net (fo=1, routed)           0.023     2.472    c_attn/u_arr/err_r_i_25__3_n_0
    SLICE_X225Y8                                                      r  c_attn/u_arr/err_r_reg_i_21/I0
    SLICE_X225Y8         MUXF7 (Prop_F7MUX_EF_SLICEM_I0_O)
                                                      0.068     2.540 r  c_attn/u_arr/err_r_reg_i_21/O
                         net (fo=1, estimated)        0.187     2.727    c_attn/u_arr/err_r_reg_i_21_n_0
    SLICE_X225Y9                                                      r  c_attn/u_arr/err_r_i_17__4/I0
    SLICE_X225Y9         LUT6 (Prop_F6LUT_SLICEM_I0_O)
                                                      0.098     2.825 r  c_attn/u_arr/err_r_i_17__4/O
                         net (fo=14, estimated)       0.134     2.959    c_attn/u_arr_n_3
    SLICE_X225Y9                                                      r  c_attn/vref_r[0][7]_i_84/I0
    SLICE_X225Y9         LUT4 (Prop_D6LUT_SLICEM_I0_O)
                                                      0.088     3.047 r  c_attn/vref_r[0][7]_i_84/O
                         net (fo=1, routed)           0.025     3.072    c_attn/vref_r[0][7]_i_84_n_0
    SLICE_X225Y9                                                      r  c_attn/vref_r_reg[0][7]_i_68/S[3]
    SLICE_X225Y9         CARRY8 (Prop_CARRY8_SLICEM_S[3]_CO[3])
                                                      0.133     3.205 r  c_attn/vref_r_reg[0][7]_i_68/CO[3]
                         net (fo=16, estimated)       0.170     3.375    c_attn/vref_r_reg[0][7]_i_68_n_4
    SLICE_X224Y8                                                      r  c_attn/vref_r[0][0]_i_8/I2
    SLICE_X224Y8         LUT3 (Prop_G6LUT_SLICEL_I2_O)
                                                      0.035     3.410 r  c_attn/vref_r[0][0]_i_8/O
                         net (fo=5, estimated)        0.111     3.521    c_attn/vref_r[0][0]_i_8_n_0
    SLICE_X224Y8                                                      r  c_attn/vref_r[0][6]_i_13/I3
    SLICE_X224Y8         LUT6 (Prop_F6LUT_SLICEL_I3_O)
                                                      0.035     3.556 r  c_attn/vref_r[0][6]_i_13/O
                         net (fo=1, estimated)        0.183     3.739    c_attn/vref_r[0][6]_i_13_n_0
    SLICE_X224Y8                                                      r  c_attn/vref_r_reg[0][6]_i_9/DI[0]
    SLICE_X224Y8         CARRY8 (Prop_CARRY8_SLICEL_DI[0]_CO[3])
                                                      0.180     3.919 r  c_attn/vref_r_reg[0][6]_i_9/CO[3]
                         net (fo=16, estimated)       0.255     4.174    c_attn/vref_r_reg[0][6]_i_9_n_4
    SLICE_X223Y8                                                      r  c_attn/vref_r[0][1]_i_6/I4
    SLICE_X223Y8         LUT5 (Prop_H6LUT_SLICEL_I4_O)
                                                      0.036     4.210 r  c_attn/vref_r[0][1]_i_6/O
                         net (fo=5, estimated)        0.107     4.317    c_attn/vref_r[0][1]_i_6_n_0
    SLICE_X222Y8                                                      r  c_attn/vref_r[0][7]_i_72/I5
    SLICE_X222Y8         LUT6 (Prop_H6LUT_SLICEM_I5_O)
                                                      0.039     4.356 r  c_attn/vref_r[0][7]_i_72/O
                         net (fo=1, estimated)        0.144     4.500    c_attn/vref_r[0][7]_i_72_n_0
    SLICE_X221Y9                                                      r  c_attn/vref_r_reg[0][7]_i_47/DI[0]
    SLICE_X221Y9         CARRY8 (Prop_CARRY8_SLICEL_DI[0]_CO[3])
                                                      0.180     4.680 r  c_attn/vref_r_reg[0][7]_i_47/CO[3]
                         net (fo=10, estimated)       0.154     4.834    c_attn/vref_r_reg[0][7]_i_47_n_4
    SLICE_X221Y10                                                     r  c_attn/vref_r[0][0]_i_7/I4
    SLICE_X221Y10        LUT5 (Prop_A6LUT_SLICEL_I4_O)
                                                      0.035     4.869 r  c_attn/vref_r[0][0]_i_7/O
                         net (fo=5, estimated)        0.461     5.330    c_attn/vref_r[0][0]_i_7_n_0
    SLICE_X219Y12                                                     r  c_attn/vref_r[0][7]_i_51/I3
    SLICE_X219Y12        LUT6 (Prop_B6LUT_SLICEL_I3_O)
                                                      0.036     5.366 r  c_attn/vref_r[0][7]_i_51/O
                         net (fo=1, estimated)        0.142     5.508    c_attn/vref_r[0][7]_i_51_n_0
    SLICE_X219Y13                                                     r  c_attn/vref_r_reg[0][7]_i_28/DI[0]
    SLICE_X219Y13        CARRY8 (Prop_CARRY8_SLICEL_DI[0]_CO[3])
                                                      0.180     5.688 r  c_attn/vref_r_reg[0][7]_i_28/CO[3]
                         net (fo=19, estimated)       0.216     5.904    c_attn/vref_r_reg[0][7]_i_28_n_4
    SLICE_X219Y13                                                     r  c_attn/vref_r[0][1]_i_5/I4
    SLICE_X219Y13        LUT5 (Prop_G6LUT_SLICEL_I4_O)
                                                      0.035     5.939 r  c_attn/vref_r[0][1]_i_5/O
                         net (fo=3, estimated)        0.142     6.081    c_attn/vref_r[0][1]_i_5_n_0
    SLICE_X218Y13                                                     r  c_attn/vref_r[0][7]_i_59/I5
    SLICE_X218Y13        LUT6 (Prop_F6LUT_SLICEL_I5_O)
                                                      0.035     6.116 r  c_attn/vref_r[0][7]_i_59/O
                         net (fo=1, estimated)        0.142     6.258    c_attn/vref_r[0][7]_i_59_n_0
    SLICE_X218Y14                                                     r  c_attn/vref_r_reg[0][7]_i_29/DI[0]
    SLICE_X218Y14        CARRY8 (Prop_CARRY8_SLICEL_DI[0]_CO[3])
                                                      0.180     6.438 r  c_attn/vref_r_reg[0][7]_i_29/CO[3]
                         net (fo=8, estimated)        0.193     6.631    c_attn/vref_r_reg[0][7]_i_29_n_4
    SLICE_X219Y14                                                     r  c_attn/vref_r[0][0]_i_6/I4
    SLICE_X219Y14        LUT5 (Prop_C6LUT_SLICEL_I4_O)
                                                      0.035     6.666 r  c_attn/vref_r[0][0]_i_6/O
                         net (fo=5, estimated)        0.206     6.872    c_attn/vref_r[0][0]_i_6_n_0
    SLICE_X220Y15                                                     r  c_attn/vref_r[0][7]_i_37/I0
    SLICE_X220Y15        LUT4 (Prop_A6LUT_SLICEM_I0_O)
                                                      0.090     6.962 r  c_attn/vref_r[0][7]_i_37/O
                         net (fo=1, routed)           0.013     6.975    c_attn/vref_r[0][7]_i_37_n_0
    SLICE_X220Y15                                                     r  c_attn/vref_r_reg[0][7]_i_17/S[0]
    SLICE_X220Y15        CARRY8 (Prop_CARRY8_SLICEM_S[0]_CO[3])
                                                      0.186     7.161 r  c_attn/vref_r_reg[0][7]_i_17/CO[3]
                         net (fo=20, estimated)       0.221     7.382    c_attn/vref_r_reg[0][7]_i_17_n_4
    SLICE_X220Y15                                                     r  c_attn/vref_r[0][7]_i_66/I2
    SLICE_X220Y15        LUT3 (Prop_F6LUT_SLICEM_I2_O)
                                                      0.051     7.433 r  c_attn/vref_r[0][7]_i_66/O
                         net (fo=2, estimated)        0.041     7.474    c_attn/vref_r[0][7]_i_66_n_0
    SLICE_X220Y15                                                     r  c_attn/vref_r[0][7]_i_40/I5
    SLICE_X220Y15        LUT6 (Prop_G6LUT_SLICEM_I5_O)
                                                      0.037     7.511 r  c_attn/vref_r[0][7]_i_40/O
                         net (fo=1, estimated)        0.238     7.749    c_attn/vref_r[0][7]_i_40_n_0
    SLICE_X220Y13                                                     r  c_attn/vref_r_reg[0][7]_i_18/DI[1]
    SLICE_X220Y13        CARRY8 (Prop_CARRY8_SLICEM_DI[1]_CO[3])
                                                      0.144     7.893 r  c_attn/vref_r_reg[0][7]_i_18/CO[3]
                         net (fo=8, estimated)        0.209     8.102    c_attn/vref_r_reg[0][7]_i_18_n_4
    SLICE_X220Y14                                                     r  c_attn/vref_r[0][0]_i_5/I4
    SLICE_X220Y14        LUT5 (Prop_G6LUT_SLICEM_I4_O)
                                                      0.037     8.139 r  c_attn/vref_r[0][0]_i_5/O
                         net (fo=34, estimated)       0.156     8.295    c_attn/ev[0]
    SLICE_X220Y14                                                     r  c_attn/vref_r[0][7]_i_26/I0
    SLICE_X220Y14        LUT4 (Prop_A6LUT_SLICEM_I0_O)
                                                      0.090     8.385 r  c_attn/vref_r[0][7]_i_26/O
                         net (fo=1, routed)           0.013     8.398    c_attn/vref_r[0][7]_i_26_n_0
    SLICE_X220Y14                                                     r  c_attn/vref_r_reg[0][7]_i_13/S[0]
    SLICE_X220Y14        CARRY8 (Prop_CARRY8_SLICEM_S[0]_CO[3])
                                                      0.186     8.584 r  c_attn/vref_r_reg[0][7]_i_13/CO[3]
                         net (fo=256, estimated)      0.703     9.287    c_attn/ev1
    SLICE_X224Y12                                                     r  c_attn/vref_r[7][2]_i_2/I2
    SLICE_X224Y12        LUT6 (Prop_E6LUT_SLICEL_I2_O)
                                                      0.035     9.322 r  c_attn/vref_r[7][2]_i_2/O
                         net (fo=1, estimated)        0.215     9.537    c_attn/vref_r_reg[7]_634[2]
    SLICE_X228Y9                                                      r  c_attn/vref_r[7][2]_i_1/I3
    SLICE_X228Y9         LUT6 (Prop_G6LUT_SLICEL_I3_O)
                                                      0.035     9.572 r  c_attn/vref_r[7][2]_i_1/O
                         net (fo=1, routed)           0.048     9.620    c_attn/vref_r[7][2]_i_1_n_0
    SLICE_X228Y9         FDSE                                         r  c_attn/vref_r_reg[7][2]/D
  -------------------------------------------------------------------    -------------------

                         (clock core_clk rise edge)
                                                      5.000     5.000 r  
                                                      0.000     5.000 r  core_clk (IN)
                         net (fo=0)                   0.036     5.036    core_clk
    BUFGCE_X0Y25                                                      r  gbufg.u_bufg_core/I
    BUFGCE_X0Y25         BUFGCE (Prop_BUFCE_BUFGCE_I_O)
                                                      0.024     5.060 r  gbufg.u_bufg_core/O
    X4Y1 (CLOCK_ROOT)    net (fo=392507, estimated)
                                                      1.412     6.472    c_attn/core_clk_i
    SLICE_X228Y9         FDSE                                         r  c_attn/vref_r_reg[7][2]/C
                         clock pessimism              0.126     6.598    
                         clock uncertainty           -0.035     6.563    
    SLICE_X228Y9         FDSE (Setup_GFF_SLICEL_C_D)
                                                      0.025     6.588    c_attn/vref_r_reg[7][2]
  -------------------------------------------------------------------
                         required time                          6.588    
                         arrival time                          -9.620    
  -------------------------------------------------------------------
                         slack                                 -3.032    

Slack (VIOLATED) :        -3.032ns  (required time - arrival time)
  Source:                 c_attn/vref_r_reg[26][7]/C
                            (rising edge-triggered cell FDRE clocked by core_clk  {rise@0.000ns fall@2.500ns period=5.000ns})
  Destination:            c_attn/vref_r_reg[6][4]/D
                            (rising edge-triggered cell FDSE clocked by core_clk  {rise@0.000ns fall@2.500ns period=5.000ns})
  Path Group:             core_clk
  Path Type:              Setup (Max at Slow Process Corner)
  Requirement:            5.000ns  (core_clk rise@5.000ns - core_clk rise@0.000ns)
  Data Path Delay:        7.938ns  (logic 2.522ns (31.771%)  route 5.416ns (68.229%))
  Logic Levels:           28  (CARRY8=8 LUT3=2 LUT4=3 LUT5=5 LUT6=9 MUXF7=1)
  Clock Path Skew:        -0.084ns (DCD - SCD + CPR)
    Destination Clock Delay (DCD):    1.464ns = ( 6.464 - 5.000 ) 
    Source Clock Delay      (SCD):    1.674ns
    Clock Pessimism Removal (CPR):    0.126ns
  Clock Uncertainty:      0.035ns  ((TSJ^2 + TIJ^2)^1/2 + DJ) / 2 + PE
    Total System Jitter     (TSJ):    0.071ns
    Total Input Jitter      (TIJ):    0.000ns
    Discrete Jitter          (DJ):    0.000ns
    Phase Error              (PE):    0.000ns
  Clock Net Delay (Source):      1.603ns (routing 0.210ns, distribution 1.393ns)
  Clock Net Delay (Destination): 1.404ns (routing 0.190ns, distribution 1.214ns)

    Location             Delay type                Incr(ns)  Path(ns)    Netlist Resource(s)
  -------------------------------------------------------------------    -------------------
                         (clock core_clk rise edge)
                                                      0.000     0.000 r  
                                                      0.000     0.000 r  core_clk (IN)
                         net (fo=0)                   0.043     0.043    core_clk
    BUFGCE_X0Y25                                                      r  gbufg.u_bufg_core/I
    BUFGCE_X0Y25         BUFGCE (Prop_BUFCE_BUFGCE_I_O)
                                                      0.028     0.071 r  gbufg.u_bufg_core/O
    X4Y1 (CLOCK_ROOT)    net (fo=392507, estimated)
                                                      1.603     1.674    c_attn/core_clk_i
    SLICE_X220Y9         FDRE                                         r  c_attn/vref_r_reg[26][7]/C
  -------------------------------------------------------------------    -------------------
    SLICE_X220Y9         FDRE (Prop_GFF_SLICEM_C_Q)
                                                      0.078     1.752 r  c_attn/vref_r_reg[26][7]/Q
                         net (fo=2, estimated)        0.574     2.326    c_attn/u_arr/err_r_reg_i_21_2[7]
    SLICE_X225Y8                                                      r  c_attn/u_arr/err_r_i_25__3/I1
    SLICE_X225Y8         LUT6 (Prop_F6LUT_SLICEM_I1_O)
                                                      0.123     2.449 r  c_attn/u_arr/err_r_i_25__3/O
                         net (fo=1, routed)           0.023     2.472    c_attn/u_arr/err_r_i_25__3_n_0
    SLICE_X225Y8                                                      r  c_attn/u_arr/err_r_reg_i_21/I0
    SLICE_X225Y8         MUXF7 (Prop_F7MUX_EF_SLICEM_I0_O)
                                                      0.068     2.540 r  c_attn/u_arr/err_r_reg_i_21/O
                         net (fo=1, estimated)        0.187     2.727    c_attn/u_arr/err_r_reg_i_21_n_0
    SLICE_X225Y9                                                      r  c_attn/u_arr/err_r_i_17__4/I0
    SLICE_X225Y9         LUT6 (Prop_F6LUT_SLICEM_I0_O)
                                                      0.098     2.825 r  c_attn/u_arr/err_r_i_17__4/O
                         net (fo=14, estimated)       0.134     2.959    c_attn/u_arr_n_3
    SLICE_X225Y9                                                      r  c_attn/vref_r[0][7]_i_84/I0
    SLICE_X225Y9         LUT4 (Prop_D6LUT_SLICEM_I0_O)
                                                      0.088     3.047 r  c_attn/vref_r[0][7]_i_84/O
                         net (fo=1, routed)           0.025     3.072    c_attn/vref_r[0][7]_i_84_n_0
    SLICE_X225Y9                                                      r  c_attn/vref_r_reg[0][7]_i_68/S[3]
    SLICE_X225Y9         CARRY8 (Prop_CARRY8_SLICEM_S[3]_CO[3])
                                                      0.133     3.205 r  c_attn/vref_r_reg[0][7]_i_68/CO[3]
                         net (fo=16, estimated)       0.170     3.375    c_attn/vref_r_reg[0][7]_i_68_n_4
    SLICE_X224Y8                                                      r  c_attn/vref_r[0][0]_i_8/I2
    SLICE_X224Y8         LUT3 (Prop_G6LUT_SLICEL_I2_O)
                                                      0.035     3.410 r  c_attn/vref_r[0][0]_i_8/O
                         net (fo=5, estimated)        0.111     3.521    c_attn/vref_r[0][0]_i_8_n_0
    SLICE_X224Y8                                                      r  c_attn/vref_r[0][6]_i_13/I3
    SLICE_X224Y8         LUT6 (Prop_F6LUT_SLICEL_I3_O)
                                                      0.035     3.556 r  c_attn/vref_r[0][6]_i_13/O
                         net (fo=1, estimated)        0.183     3.739    c_attn/vref_r[0][6]_i_13_n_0
    SLICE_X224Y8                                                      r  c_attn/vref_r_reg[0][6]_i_9/DI[0]
    SLICE_X224Y8         CARRY8 (Prop_CARRY8_SLICEL_DI[0]_CO[3])
                                                      0.180     3.919 r  c_attn/vref_r_reg[0][6]_i_9/CO[3]
                         net (fo=16, estimated)       0.255     4.174    c_attn/vref_r_reg[0][6]_i_9_n_4
    SLICE_X223Y8                                                      r  c_attn/vref_r[0][1]_i_6/I4
    SLICE_X223Y8         LUT5 (Prop_H6LUT_SLICEL_I4_O)
                                                      0.036     4.210 r  c_attn/vref_r[0][1]_i_6/O
                         net (fo=5, estimated)        0.107     4.317    c_attn/vref_r[0][1]_i_6_n_0
    SLICE_X222Y8                                                      r  c_attn/vref_r[0][7]_i_72/I5
    SLICE_X222Y8         LUT6 (Prop_H6LUT_SLICEM_I5_O)
                                                      0.039     4.356 r  c_attn/vref_r[0][7]_i_72/O
                         net (fo=1, estimated)        0.144     4.500    c_attn/vref_r[0][7]_i_72_n_0
    SLICE_X221Y9                                                      r  c_attn/vref_r_reg[0][7]_i_47/DI[0]
    SLICE_X221Y9         CARRY8 (Prop_CARRY8_SLICEL_DI[0]_CO[3])
                                                      0.180     4.680 r  c_attn/vref_r_reg[0][7]_i_47/CO[3]
                         net (fo=10, estimated)       0.154     4.834    c_attn/vref_r_reg[0][7]_i_47_n_4
    SLICE_X221Y10                                                     r  c_attn/vref_r[0][0]_i_7/I4
    SLICE_X221Y10        LUT5 (Prop_A6LUT_SLICEL_I4_O)
                                                      0.035     4.869 r  c_attn/vref_r[0][0]_i_7/O
                         net (fo=5, estimated)        0.461     5.330    c_attn/vref_r[0][0]_i_7_n_0
    SLICE_X219Y12                                                     r  c_attn/vref_r[0][7]_i_51/I3
    SLICE_X219Y12        LUT6 (Prop_B6LUT_SLICEL_I3_O)
                                                      0.036     5.366 r  c_attn/vref_r[0][7]_i_51/O
                         net (fo=1, estimated)        0.142     5.508    c_attn/vref_r[0][7]_i_51_n_0
    SLICE_X219Y13                                                     r  c_attn/vref_r_reg[0][7]_i_28/DI[0]
    SLICE_X219Y13        CARRY8 (Prop_CARRY8_SLICEL_DI[0]_CO[3])
                                                      0.180     5.688 r  c_attn/vref_r_reg[0][7]_i_28/CO[3]
                         net (fo=19, estimated)       0.216     5.904    c_attn/vref_r_reg[0][7]_i_28_n_4
    SLICE_X219Y13                                                     r  c_attn/vref_r[0][1]_i_5/I4
    SLICE_X219Y13        LUT5 (Prop_G6LUT_SLICEL_I4_O)
                                                      0.035     5.939 r  c_attn/vref_r[0][1]_i_5/O
                         net (fo=3, estimated)        0.142     6.081    c_attn/vref_r[0][1]_i_5_n_0
    SLICE_X218Y13                                                     r  c_attn/vref_r[0][7]_i_59/I5
    SLICE_X218Y13        LUT6 (Prop_F6LUT_SLICEL_I5_O)
                                                      0.035     6.116 r  c_attn/vref_r[0][7]_i_59/O
                         net (fo=1, estimated)        0.142     6.258    c_attn/vref_r[0][7]_i_59_n_0
    SLICE_X218Y14                                                     r  c_attn/vref_r_reg[0][7]_i_29/DI[0]
    SLICE_X218Y14        CARRY8 (Prop_CARRY8_SLICEL_DI[0]_CO[3])
                                                      0.180     6.438 r  c_attn/vref_r_reg[0][7]_i_29/CO[3]
                         net (fo=8, estimated)        0.193     6.631    c_attn/vref_r_reg[0][7]_i_29_n_4
    SLICE_X219Y14                                                     r  c_attn/vref_r[0][0]_i_6/I4
    SLICE_X219Y14        LUT5 (Prop_C6LUT_SLICEL_I4_O)
                                                      0.035     6.666 r  c_attn/vref_r[0][0]_i_6/O
                         net (fo=5, estimated)        0.206     6.872    c_attn/vref_r[0][0]_i_6_n_0
    SLICE_X220Y15                                                     r  c_attn/vref_r[0][7]_i_37/I0
    SLICE_X220Y15        LUT4 (Prop_A6LUT_SLICEM_I0_O)
                                                      0.090     6.962 r  c_attn/vref_r[0][7]_i_37/O
                         net (fo=1, routed)           0.013     6.975    c_attn/vref_r[0][7]_i_37_n_0
    SLICE_X220Y15                                                     r  c_attn/vref_r_reg[0][7]_i_17/S[0]
    SLICE_X220Y15        CARRY8 (Prop_CARRY8_SLICEM_S[0]_CO[3])
                                                      0.186     7.161 r  c_attn/vref_r_reg[0][7]_i_17/CO[3]
                         net (fo=20, estimated)       0.221     7.382    c_attn/vref_r_reg[0][7]_i_17_n_4
    SLICE_X220Y15                                                     r  c_attn/vref_r[0][7]_i_66/I2
    SLICE_X220Y15        LUT3 (Prop_F6LUT_SLICEM_I2_O)
                                                      0.051     7.433 r  c_attn/vref_r[0][7]_i_66/O
                         net (fo=2, estimated)        0.041     7.474    c_attn/vref_r[0][7]_i_66_n_0
    SLICE_X220Y15                                                     r  c_attn/vref_r[0][7]_i_40/I5
    SLICE_X220Y15        LUT6 (Prop_G6LUT_SLICEM_I5_O)
                                                      0.037     7.511 r  c_attn/vref_r[0][7]_i_40/O
                         net (fo=1, estimated)        0.238     7.749    c_attn/vref_r[0][7]_i_40_n_0
    SLICE_X220Y13                                                     r  c_attn/vref_r_reg[0][7]_i_18/DI[1]
    SLICE_X220Y13        CARRY8 (Prop_CARRY8_SLICEM_DI[1]_CO[3])
                                                      0.144     7.893 r  c_attn/vref_r_reg[0][7]_i_18/CO[3]
                         net (fo=8, estimated)        0.209     8.102    c_attn/vref_r_reg[0][7]_i_18_n_4
    SLICE_X220Y14                                                     r  c_attn/vref_r[0][0]_i_5/I4
    SLICE_X220Y14        LUT5 (Prop_G6LUT_SLICEM_I4_O)
                                                      0.037     8.139 r  c_attn/vref_r[0][0]_i_5/O
                         net (fo=34, estimated)       0.156     8.295    c_attn/ev[0]
    SLICE_X220Y14                                                     r  c_attn/vref_r[0][7]_i_26/I0
    SLICE_X220Y14        LUT4 (Prop_A6LUT_SLICEM_I0_O)
                                                      0.090     8.385 r  c_attn/vref_r[0][7]_i_26/O
                         net (fo=1, routed)           0.013     8.398    c_attn/vref_r[0][7]_i_26_n_0
    SLICE_X220Y14                                                     r  c_attn/vref_r_reg[0][7]_i_13/S[0]
    SLICE_X220Y14        CARRY8 (Prop_CARRY8_SLICEM_S[0]_CO[3])
                                                      0.186     8.584 r  c_attn/vref_r_reg[0][7]_i_13/CO[3]
                         net (fo=256, estimated)      0.773     9.357    c_attn/ev1
    SLICE_X225Y18                                                     r  c_attn/vref_r[6][4]_i_2/I1
    SLICE_X225Y18        LUT6 (Prop_F6LUT_SLICEM_I1_O)
                                                      0.037     9.394 r  c_attn/vref_r[6][4]_i_2/O
                         net (fo=1, estimated)        0.132     9.526    c_attn/vref_r_reg[6]_613[4]
    SLICE_X226Y19                                                     r  c_attn/vref_r[6][4]_i_1/I3
    SLICE_X226Y19        LUT6 (Prop_F6LUT_SLICEL_I3_O)
                                                      0.035     9.561 r  c_attn/vref_r[6][4]_i_1/O
                         net (fo=1, routed)           0.051     9.612    c_attn/vref_r[6][4]_i_1_n_0
    SLICE_X226Y19        FDSE                                         r  c_attn/vref_r_reg[6][4]/D
  -------------------------------------------------------------------    -------------------

                         (clock core_clk rise edge)
                                                      5.000     5.000 r  
                                                      0.000     5.000 r  core_clk (IN)
                         net (fo=0)                   0.036     5.036    core_clk
    BUFGCE_X0Y25                                                      r  gbufg.u_bufg_core/I
    BUFGCE_X0Y25         BUFGCE (Prop_BUFCE_BUFGCE_I_O)
                                                      0.024     5.060 r  gbufg.u_bufg_core/O
    X4Y1 (CLOCK_ROOT)    net (fo=392507, estimated)
                                                      1.404     6.464    c_attn/core_clk_i
    SLICE_X226Y19        FDSE                                         r  c_attn/vref_r_reg[6][4]/C
                         clock pessimism              0.126     6.590    
                         clock uncertainty           -0.035     6.555    
    SLICE_X226Y19        FDSE (Setup_FFF_SLICEL_C_D)
                                                      0.025     6.580    c_attn/vref_r_reg[6][4]
  -------------------------------------------------------------------
                         required time                          6.580    
                         arrival time                          -9.612    
  -------------------------------------------------------------------
                         slack                                 -3.032    

Slack (VIOLATED) :        -3.030ns  (required time - arrival time)
  Source:                 c_attn/vref_r_reg[26][7]/C
                            (rising edge-triggered cell FDRE clocked by core_clk  {rise@0.000ns fall@2.500ns period=5.000ns})
  Destination:            c_attn/vref_r_reg[3][0]/D
                            (rising edge-triggered cell FDSE clocked by core_clk  {rise@0.000ns fall@2.500ns period=5.000ns})
  Path Group:             core_clk
  Path Type:              Setup (Max at Slow Process Corner)
  Requirement:            5.000ns  (core_clk rise@5.000ns - core_clk rise@0.000ns)
  Data Path Delay:        7.945ns  (logic 2.524ns (31.768%)  route 5.421ns (68.232%))
  Logic Levels:           28  (CARRY8=8 LUT3=2 LUT4=3 LUT5=5 LUT6=9 MUXF7=1)
  Clock Path Skew:        -0.075ns (DCD - SCD + CPR)
    Destination Clock Delay (DCD):    1.473ns = ( 6.473 - 5.000 ) 
    Source Clock Delay      (SCD):    1.674ns
    Clock Pessimism Removal (CPR):    0.126ns
  Clock Uncertainty:      0.035ns  ((TSJ^2 + TIJ^2)^1/2 + DJ) / 2 + PE
    Total System Jitter     (TSJ):    0.071ns
    Total Input Jitter      (TIJ):    0.000ns
    Discrete Jitter          (DJ):    0.000ns
    Phase Error              (PE):    0.000ns
  Clock Net Delay (Source):      1.603ns (routing 0.210ns, distribution 1.393ns)
  Clock Net Delay (Destination): 1.413ns (routing 0.190ns, distribution 1.223ns)

    Location             Delay type                Incr(ns)  Path(ns)    Netlist Resource(s)
  -------------------------------------------------------------------    -------------------
                         (clock core_clk rise edge)
                                                      0.000     0.000 r  
                                                      0.000     0.000 r  core_clk (IN)
                         net (fo=0)                   0.043     0.043    core_clk
    BUFGCE_X0Y25                                                      r  gbufg.u_bufg_core/I
    BUFGCE_X0Y25         BUFGCE (Prop_BUFCE_BUFGCE_I_O)
                                                      0.028     0.071 r  gbufg.u_bufg_core/O
    X4Y1 (CLOCK_ROOT)    net (fo=392507, estimated)
                                                      1.603     1.674    c_attn/core_clk_i
    SLICE_X220Y9         FDRE                                         r  c_attn/vref_r_reg[26][7]/C
  -------------------------------------------------------------------    -------------------
    SLICE_X220Y9         FDRE (Prop_GFF_SLICEM_C_Q)
                                                      0.078     1.752 r  c_attn/vref_r_reg[26][7]/Q
                         net (fo=2, estimated)        0.574     2.326    c_attn/u_arr/err_r_reg_i_21_2[7]
    SLICE_X225Y8                                                      r  c_attn/u_arr/err_r_i_25__3/I1
    SLICE_X225Y8         LUT6 (Prop_F6LUT_SLICEM_I1_O)
                                                      0.123     2.449 r  c_attn/u_arr/err_r_i_25__3/O
                         net (fo=1, routed)           0.023     2.472    c_attn/u_arr/err_r_i_25__3_n_0
    SLICE_X225Y8                                                      r  c_attn/u_arr/err_r_reg_i_21/I0
    SLICE_X225Y8         MUXF7 (Prop_F7MUX_EF_SLICEM_I0_O)
                                                      0.068     2.540 r  c_attn/u_arr/err_r_reg_i_21/O
                         net (fo=1, estimated)        0.187     2.727    c_attn/u_arr/err_r_reg_i_21_n_0
    SLICE_X225Y9                                                      r  c_attn/u_arr/err_r_i_17__4/I0
    SLICE_X225Y9         LUT6 (Prop_F6LUT_SLICEM_I0_O)
                                                      0.098     2.825 r  c_attn/u_arr/err_r_i_17__4/O
                         net (fo=14, estimated)       0.134     2.959    c_attn/u_arr_n_3
    SLICE_X225Y9                                                      r  c_attn/vref_r[0][7]_i_84/I0
    SLICE_X225Y9         LUT4 (Prop_D6LUT_SLICEM_I0_O)
                                                      0.088     3.047 r  c_attn/vref_r[0][7]_i_84/O
                         net (fo=1, routed)           0.025     3.072    c_attn/vref_r[0][7]_i_84_n_0
    SLICE_X225Y9                                                      r  c_attn/vref_r_reg[0][7]_i_68/S[3]
    SLICE_X225Y9         CARRY8 (Prop_CARRY8_SLICEM_S[3]_CO[3])
                                                      0.133     3.205 r  c_attn/vref_r_reg[0][7]_i_68/CO[3]
                         net (fo=16, estimated)       0.170     3.375    c_attn/vref_r_reg[0][7]_i_68_n_4
    SLICE_X224Y8                                                      r  c_attn/vref_r[0][0]_i_8/I2
    SLICE_X224Y8         LUT3 (Prop_G6LUT_SLICEL_I2_O)
                                                      0.035     3.410 r  c_attn/vref_r[0][0]_i_8/O
                         net (fo=5, estimated)        0.111     3.521    c_attn/vref_r[0][0]_i_8_n_0
    SLICE_X224Y8                                                      r  c_attn/vref_r[0][6]_i_13/I3
    SLICE_X224Y8         LUT6 (Prop_F6LUT_SLICEL_I3_O)
                                                      0.035     3.556 r  c_attn/vref_r[0][6]_i_13/O
                         net (fo=1, estimated)        0.183     3.739    c_attn/vref_r[0][6]_i_13_n_0
    SLICE_X224Y8                                                      r  c_attn/vref_r_reg[0][6]_i_9/DI[0]
    SLICE_X224Y8         CARRY8 (Prop_CARRY8_SLICEL_DI[0]_CO[3])
                                                      0.180     3.919 r  c_attn/vref_r_reg[0][6]_i_9/CO[3]
                         net (fo=16, estimated)       0.255     4.174    c_attn/vref_r_reg[0][6]_i_9_n_4
    SLICE_X223Y8                                                      r  c_attn/vref_r[0][1]_i_6/I4
    SLICE_X223Y8         LUT5 (Prop_H6LUT_SLICEL_I4_O)
                                                      0.036     4.210 r  c_attn/vref_r[0][1]_i_6/O
                         net (fo=5, estimated)        0.107     4.317    c_attn/vref_r[0][1]_i_6_n_0
    SLICE_X222Y8                                                      r  c_attn/vref_r[0][7]_i_72/I5
    SLICE_X222Y8         LUT6 (Prop_H6LUT_SLICEM_I5_O)
                                                      0.039     4.356 r  c_attn/vref_r[0][7]_i_72/O
                         net (fo=1, estimated)        0.144     4.500    c_attn/vref_r[0][7]_i_72_n_0
    SLICE_X221Y9                                                      r  c_attn/vref_r_reg[0][7]_i_47/DI[0]
    SLICE_X221Y9         CARRY8 (Prop_CARRY8_SLICEL_DI[0]_CO[3])
                                                      0.180     4.680 r  c_attn/vref_r_reg[0][7]_i_47/CO[3]
                         net (fo=10, estimated)       0.154     4.834    c_attn/vref_r_reg[0][7]_i_47_n_4
    SLICE_X221Y10                                                     r  c_attn/vref_r[0][0]_i_7/I4
    SLICE_X221Y10        LUT5 (Prop_A6LUT_SLICEL_I4_O)
                                                      0.035     4.869 r  c_attn/vref_r[0][0]_i_7/O
                         net (fo=5, estimated)        0.461     5.330    c_attn/vref_r[0][0]_i_7_n_0
    SLICE_X219Y12                                                     r  c_attn/vref_r[0][7]_i_51/I3
    SLICE_X219Y12        LUT6 (Prop_B6LUT_SLICEL_I3_O)
                                                      0.036     5.366 r  c_attn/vref_r[0][7]_i_51/O
                         net (fo=1, estimated)        0.142     5.508    c_attn/vref_r[0][7]_i_51_n_0
    SLICE_X219Y13                                                     r  c_attn/vref_r_reg[0][7]_i_28/DI[0]
    SLICE_X219Y13        CARRY8 (Prop_CARRY8_SLICEL_DI[0]_CO[3])
                                                      0.180     5.688 r  c_attn/vref_r_reg[0][7]_i_28/CO[3]
                         net (fo=19, estimated)       0.216     5.904    c_attn/vref_r_reg[0][7]_i_28_n_4
    SLICE_X219Y13                                                     r  c_attn/vref_r[0][1]_i_5/I4
    SLICE_X219Y13        LUT5 (Prop_G6LUT_SLICEL_I4_O)
                                                      0.035     5.939 r  c_attn/vref_r[0][1]_i_5/O
                         net (fo=3, estimated)        0.142     6.081    c_attn/vref_r[0][1]_i_5_n_0
    SLICE_X218Y13                                                     r  c_attn/vref_r[0][7]_i_59/I5
    SLICE_X218Y13        LUT6 (Prop_F6LUT_SLICEL_I5_O)
                                                      0.035     6.116 r  c_attn/vref_r[0][7]_i_59/O
                         net (fo=1, estimated)        0.142     6.258    c_attn/vref_r[0][7]_i_59_n_0
    SLICE_X218Y14                                                     r  c_attn/vref_r_reg[0][7]_i_29/DI[0]
    SLICE_X218Y14        CARRY8 (Prop_CARRY8_SLICEL_DI[0]_CO[3])
                                                      0.180     6.438 r  c_attn/vref_r_reg[0][7]_i_29/CO[3]
                         net (fo=8, estimated)        0.193     6.631    c_attn/vref_r_reg[0][7]_i_29_n_4
    SLICE_X219Y14                                                     r  c_attn/vref_r[0][0]_i_6/I4
    SLICE_X219Y14        LUT5 (Prop_C6LUT_SLICEL_I4_O)
                                                      0.035     6.666 r  c_attn/vref_r[0][0]_i_6/O
                         net (fo=5, estimated)        0.206     6.872    c_attn/vref_r[0][0]_i_6_n_0
    SLICE_X220Y15                                                     r  c_attn/vref_r[0][7]_i_37/I0
    SLICE_X220Y15        LUT4 (Prop_A6LUT_SLICEM_I0_O)
                                                      0.090     6.962 r  c_attn/vref_r[0][7]_i_37/O
                         net (fo=1, routed)           0.013     6.975    c_attn/vref_r[0][7]_i_37_n_0
    SLICE_X220Y15                                                     r  c_attn/vref_r_reg[0][7]_i_17/S[0]
    SLICE_X220Y15        CARRY8 (Prop_CARRY8_SLICEM_S[0]_CO[3])
                                                      0.186     7.161 r  c_attn/vref_r_reg[0][7]_i_17/CO[3]
                         net (fo=20, estimated)       0.221     7.382    c_attn/vref_r_reg[0][7]_i_17_n_4
    SLICE_X220Y15                                                     r  c_attn/vref_r[0][7]_i_66/I2
    SLICE_X220Y15        LUT3 (Prop_F6LUT_SLICEM_I2_O)
                                                      0.051     7.433 r  c_attn/vref_r[0][7]_i_66/O
                         net (fo=2, estimated)        0.041     7.474    c_attn/vref_r[0][7]_i_66_n_0
    SLICE_X220Y15                                                     r  c_attn/vref_r[0][7]_i_40/I5
    SLICE_X220Y15        LUT6 (Prop_G6LUT_SLICEM_I5_O)
                                                      0.037     7.511 r  c_attn/vref_r[0][7]_i_40/O
                         net (fo=1, estimated)        0.238     7.749    c_attn/vref_r[0][7]_i_40_n_0
    SLICE_X220Y13                                                     r  c_attn/vref_r_reg[0][7]_i_18/DI[1]
    SLICE_X220Y13        CARRY8 (Prop_CARRY8_SLICEM_DI[1]_CO[3])
                                                      0.144     7.893 r  c_attn/vref_r_reg[0][7]_i_18/CO[3]
                         net (fo=8, estimated)        0.209     8.102    c_attn/vref_r_reg[0][7]_i_18_n_4
    SLICE_X220Y14                                                     r  c_attn/vref_r[0][0]_i_5/I4
    SLICE_X220Y14        LUT5 (Prop_G6LUT_SLICEM_I4_O)
                                                      0.037     8.139 r  c_attn/vref_r[0][0]_i_5/O
                         net (fo=34, estimated)       0.156     8.295    c_attn/ev[0]
    SLICE_X220Y14                                                     r  c_attn/vref_r[0][7]_i_26/I0
    SLICE_X220Y14        LUT4 (Prop_A6LUT_SLICEM_I0_O)
                                                      0.090     8.385 r  c_attn/vref_r[0][7]_i_26/O
                         net (fo=1, routed)           0.013     8.398    c_attn/vref_r[0][7]_i_26_n_0
    SLICE_X220Y14                                                     r  c_attn/vref_r_reg[0][7]_i_13/S[0]
    SLICE_X220Y14        CARRY8 (Prop_CARRY8_SLICEM_S[0]_CO[3])
                                                      0.186     8.584 r  c_attn/vref_r_reg[0][7]_i_13/CO[3]
                         net (fo=256, estimated)      0.803     9.387    c_attn/ev1
    SLICE_X227Y16                                                     r  c_attn/vref_r[3][0]_i_2/I1
    SLICE_X227Y16        LUT6 (Prop_G6LUT_SLICEM_I1_O)
                                                      0.037     9.424 r  c_attn/vref_r[3][0]_i_2/O
                         net (fo=1, estimated)        0.092     9.516    c_attn/vref_r_reg[3]_616[0]
    SLICE_X227Y16                                                     r  c_attn/vref_r[3][0]_i_1/I3
    SLICE_X227Y16        LUT6 (Prop_C6LUT_SLICEM_I3_O)
                                                      0.037     9.553 r  c_attn/vref_r[3][0]_i_1/O
                         net (fo=1, routed)           0.066     9.619    c_attn/vref_r[3][0]_i_1_n_0
    SLICE_X227Y16        FDSE                                         r  c_attn/vref_r_reg[3][0]/D
  -------------------------------------------------------------------    -------------------

                         (clock core_clk rise edge)
                                                      5.000     5.000 r  
                                                      0.000     5.000 r  core_clk (IN)
                         net (fo=0)                   0.036     5.036    core_clk
    BUFGCE_X0Y25                                                      r  gbufg.u_bufg_core/I
    BUFGCE_X0Y25         BUFGCE (Prop_BUFCE_BUFGCE_I_O)
                                                      0.024     5.060 r  gbufg.u_bufg_core/O
    X4Y1 (CLOCK_ROOT)    net (fo=392507, estimated)
                                                      1.413     6.473    c_attn/core_clk_i
    SLICE_X227Y16        FDSE                                         r  c_attn/vref_r_reg[3][0]/C
                         clock pessimism              0.126     6.599    
                         clock uncertainty           -0.035     6.564    
    SLICE_X227Y16        FDSE (Setup_CFF_SLICEM_C_D)
                                                      0.025     6.589    c_attn/vref_r_reg[3][0]
  -------------------------------------------------------------------
                         required time                          6.589    
                         arrival time                          -9.619    
  -------------------------------------------------------------------
                         slack                                 -3.030    

Slack (VIOLATED) :        -3.030ns  (required time - arrival time)
  Source:                 c_attn/vref_r_reg[26][7]/C
                            (rising edge-triggered cell FDRE clocked by core_clk  {rise@0.000ns fall@2.500ns period=5.000ns})
  Destination:            c_attn/vref_r_reg[13][2]/D
                            (rising edge-triggered cell FDSE clocked by core_clk  {rise@0.000ns fall@2.500ns period=5.000ns})
  Path Group:             core_clk
  Path Type:              Setup (Max at Slow Process Corner)
  Requirement:            5.000ns  (core_clk rise@5.000ns - core_clk rise@0.000ns)
  Data Path Delay:        7.944ns  (logic 2.524ns (31.772%)  route 5.420ns (68.228%))
  Logic Levels:           28  (CARRY8=8 LUT3=2 LUT4=3 LUT5=5 LUT6=9 MUXF7=1)
  Clock Path Skew:        -0.076ns (DCD - SCD + CPR)
    Destination Clock Delay (DCD):    1.472ns = ( 6.472 - 5.000 ) 
    Source Clock Delay      (SCD):    1.674ns
    Clock Pessimism Removal (CPR):    0.126ns
  Clock Uncertainty:      0.035ns  ((TSJ^2 + TIJ^2)^1/2 + DJ) / 2 + PE
    Total System Jitter     (TSJ):    0.071ns
    Total Input Jitter      (TIJ):    0.000ns
    Discrete Jitter          (DJ):    0.000ns
    Phase Error              (PE):    0.000ns
  Clock Net Delay (Source):      1.603ns (routing 0.210ns, distribution 1.393ns)
  Clock Net Delay (Destination): 1.412ns (routing 0.190ns, distribution 1.222ns)

    Location             Delay type                Incr(ns)  Path(ns)    Netlist Resource(s)
  -------------------------------------------------------------------    -------------------
                         (clock core_clk rise edge)
                                                      0.000     0.000 r  
                                                      0.000     0.000 r  core_clk (IN)
                         net (fo=0)                   0.043     0.043    core_clk
    BUFGCE_X0Y25                                                      r  gbufg.u_bufg_core/I
    BUFGCE_X0Y25         BUFGCE (Prop_BUFCE_BUFGCE_I_O)
                                                      0.028     0.071 r  gbufg.u_bufg_core/O
    X4Y1 (CLOCK_ROOT)    net (fo=392507, estimated)
                                                      1.603     1.674    c_attn/core_clk_i
    SLICE_X220Y9         FDRE                                         r  c_attn/vref_r_reg[26][7]/C
  -------------------------------------------------------------------    -------------------
    SLICE_X220Y9         FDRE (Prop_GFF_SLICEM_C_Q)
                                                      0.078     1.752 r  c_attn/vref_r_reg[26][7]/Q
                         net (fo=2, estimated)        0.574     2.326    c_attn/u_arr/err_r_reg_i_21_2[7]
    SLICE_X225Y8                                                      r  c_attn/u_arr/err_r_i_25__3/I1
    SLICE_X225Y8         LUT6 (Prop_F6LUT_SLICEM_I1_O)
                                                      0.123     2.449 r  c_attn/u_arr/err_r_i_25__3/O
                         net (fo=1, routed)           0.023     2.472    c_attn/u_arr/err_r_i_25__3_n_0
    SLICE_X225Y8                                                      r  c_attn/u_arr/err_r_reg_i_21/I0
    SLICE_X225Y8         MUXF7 (Prop_F7MUX_EF_SLICEM_I0_O)
                                                      0.068     2.540 r  c_attn/u_arr/err_r_reg_i_21/O
                         net (fo=1, estimated)        0.187     2.727    c_attn/u_arr/err_r_reg_i_21_n_0
    SLICE_X225Y9                                                      r  c_attn/u_arr/err_r_i_17__4/I0
    SLICE_X225Y9         LUT6 (Prop_F6LUT_SLICEM_I0_O)
                                                      0.098     2.825 r  c_attn/u_arr/err_r_i_17__4/O
                         net (fo=14, estimated)       0.134     2.959    c_attn/u_arr_n_3
    SLICE_X225Y9                                                      r  c_attn/vref_r[0][7]_i_84/I0
    SLICE_X225Y9         LUT4 (Prop_D6LUT_SLICEM_I0_O)
                                                      0.088     3.047 r  c_attn/vref_r[0][7]_i_84/O
                         net (fo=1, routed)           0.025     3.072    c_attn/vref_r[0][7]_i_84_n_0
    SLICE_X225Y9                                                      r  c_attn/vref_r_reg[0][7]_i_68/S[3]
    SLICE_X225Y9         CARRY8 (Prop_CARRY8_SLICEM_S[3]_CO[3])
                                                      0.133     3.205 r  c_attn/vref_r_reg[0][7]_i_68/CO[3]
                         net (fo=16, estimated)       0.170     3.375    c_attn/vref_r_reg[0][7]_i_68_n_4
    SLICE_X224Y8                                                      r  c_attn/vref_r[0][0]_i_8/I2
    SLICE_X224Y8         LUT3 (Prop_G6LUT_SLICEL_I2_O)
                                                      0.035     3.410 r  c_attn/vref_r[0][0]_i_8/O
                         net (fo=5, estimated)        0.111     3.521    c_attn/vref_r[0][0]_i_8_n_0
    SLICE_X224Y8                                                      r  c_attn/vref_r[0][6]_i_13/I3
    SLICE_X224Y8         LUT6 (Prop_F6LUT_SLICEL_I3_O)
                                                      0.035     3.556 r  c_attn/vref_r[0][6]_i_13/O
                         net (fo=1, estimated)        0.183     3.739    c_attn/vref_r[0][6]_i_13_n_0
    SLICE_X224Y8                                                      r  c_attn/vref_r_reg[0][6]_i_9/DI[0]
    SLICE_X224Y8         CARRY8 (Prop_CARRY8_SLICEL_DI[0]_CO[3])
                                                      0.180     3.919 r  c_attn/vref_r_reg[0][6]_i_9/CO[3]
                         net (fo=16, estimated)       0.255     4.174    c_attn/vref_r_reg[0][6]_i_9_n_4
    SLICE_X223Y8                                                      r  c_attn/vref_r[0][1]_i_6/I4
    SLICE_X223Y8         LUT5 (Prop_H6LUT_SLICEL_I4_O)
                                                      0.036     4.210 r  c_attn/vref_r[0][1]_i_6/O
                         net (fo=5, estimated)        0.107     4.317    c_attn/vref_r[0][1]_i_6_n_0
    SLICE_X222Y8                                                      r  c_attn/vref_r[0][7]_i_72/I5
    SLICE_X222Y8         LUT6 (Prop_H6LUT_SLICEM_I5_O)
                                                      0.039     4.356 r  c_attn/vref_r[0][7]_i_72/O
                         net (fo=1, estimated)        0.144     4.500    c_attn/vref_r[0][7]_i_72_n_0
    SLICE_X221Y9                                                      r  c_attn/vref_r_reg[0][7]_i_47/DI[0]
    SLICE_X221Y9         CARRY8 (Prop_CARRY8_SLICEL_DI[0]_CO[3])
                                                      0.180     4.680 r  c_attn/vref_r_reg[0][7]_i_47/CO[3]
                         net (fo=10, estimated)       0.154     4.834    c_attn/vref_r_reg[0][7]_i_47_n_4
    SLICE_X221Y10                                                     r  c_attn/vref_r[0][0]_i_7/I4
    SLICE_X221Y10        LUT5 (Prop_A6LUT_SLICEL_I4_O)
                                                      0.035     4.869 r  c_attn/vref_r[0][0]_i_7/O
                         net (fo=5, estimated)        0.461     5.330    c_attn/vref_r[0][0]_i_7_n_0
    SLICE_X219Y12                                                     r  c_attn/vref_r[0][7]_i_51/I3
    SLICE_X219Y12        LUT6 (Prop_B6LUT_SLICEL_I3_O)
                                                      0.036     5.366 r  c_attn/vref_r[0][7]_i_51/O
                         net (fo=1, estimated)        0.142     5.508    c_attn/vref_r[0][7]_i_51_n_0
    SLICE_X219Y13                                                     r  c_attn/vref_r_reg[0][7]_i_28/DI[0]
    SLICE_X219Y13        CARRY8 (Prop_CARRY8_SLICEL_DI[0]_CO[3])
                                                      0.180     5.688 r  c_attn/vref_r_reg[0][7]_i_28/CO[3]
                         net (fo=19, estimated)       0.216     5.904    c_attn/vref_r_reg[0][7]_i_28_n_4
    SLICE_X219Y13                                                     r  c_attn/vref_r[0][1]_i_5/I4
    SLICE_X219Y13        LUT5 (Prop_G6LUT_SLICEL_I4_O)
                                                      0.035     5.939 r  c_attn/vref_r[0][1]_i_5/O
                         net (fo=3, estimated)        0.142     6.081    c_attn/vref_r[0][1]_i_5_n_0
    SLICE_X218Y13                                                     r  c_attn/vref_r[0][7]_i_59/I5
    SLICE_X218Y13        LUT6 (Prop_F6LUT_SLICEL_I5_O)
                                                      0.035     6.116 r  c_attn/vref_r[0][7]_i_59/O
                         net (fo=1, estimated)        0.142     6.258    c_attn/vref_r[0][7]_i_59_n_0
    SLICE_X218Y14                                                     r  c_attn/vref_r_reg[0][7]_i_29/DI[0]
    SLICE_X218Y14        CARRY8 (Prop_CARRY8_SLICEL_DI[0]_CO[3])
                                                      0.180     6.438 r  c_attn/vref_r_reg[0][7]_i_29/CO[3]
                         net (fo=8, estimated)        0.193     6.631    c_attn/vref_r_reg[0][7]_i_29_n_4
    SLICE_X219Y14                                                     r  c_attn/vref_r[0][0]_i_6/I4
    SLICE_X219Y14        LUT5 (Prop_C6LUT_SLICEL_I4_O)
                                                      0.035     6.666 r  c_attn/vref_r[0][0]_i_6/O
                         net (fo=5, estimated)        0.206     6.872    c_attn/vref_r[0][0]_i_6_n_0
    SLICE_X220Y15                                                     r  c_attn/vref_r[0][7]_i_37/I0
    SLICE_X220Y15        LUT4 (Prop_A6LUT_SLICEM_I0_O)
                                                      0.090     6.962 r  c_attn/vref_r[0][7]_i_37/O
                         net (fo=1, routed)           0.013     6.975    c_attn/vref_r[0][7]_i_37_n_0
    SLICE_X220Y15                                                     r  c_attn/vref_r_reg[0][7]_i_17/S[0]
    SLICE_X220Y15        CARRY8 (Prop_CARRY8_SLICEM_S[0]_CO[3])
                                                      0.186     7.161 r  c_attn/vref_r_reg[0][7]_i_17/CO[3]
                         net (fo=20, estimated)       0.221     7.382    c_attn/vref_r_reg[0][7]_i_17_n_4
    SLICE_X220Y15                                                     r  c_attn/vref_r[0][7]_i_66/I2
    SLICE_X220Y15        LUT3 (Prop_F6LUT_SLICEM_I2_O)
                                                      0.051     7.433 r  c_attn/vref_r[0][7]_i_66/O
                         net (fo=2, estimated)        0.041     7.474    c_attn/vref_r[0][7]_i_66_n_0
    SLICE_X220Y15                                                     r  c_attn/vref_r[0][7]_i_40/I5
    SLICE_X220Y15        LUT6 (Prop_G6LUT_SLICEM_I5_O)
                                                      0.037     7.511 r  c_attn/vref_r[0][7]_i_40/O
                         net (fo=1, estimated)        0.238     7.749    c_attn/vref_r[0][7]_i_40_n_0
    SLICE_X220Y13                                                     r  c_attn/vref_r_reg[0][7]_i_18/DI[1]
    SLICE_X220Y13        CARRY8 (Prop_CARRY8_SLICEM_DI[1]_CO[3])
                                                      0.144     7.893 r  c_attn/vref_r_reg[0][7]_i_18/CO[3]
                         net (fo=8, estimated)        0.209     8.102    c_attn/vref_r_reg[0][7]_i_18_n_4
    SLICE_X220Y14                                                     r  c_attn/vref_r[0][0]_i_5/I4
    SLICE_X220Y14        LUT5 (Prop_G6LUT_SLICEM_I4_O)
                                                      0.037     8.139 r  c_attn/vref_r[0][0]_i_5/O
                         net (fo=34, estimated)       0.156     8.295    c_attn/ev[0]
    SLICE_X220Y14                                                     r  c_attn/vref_r[0][7]_i_26/I0
    SLICE_X220Y14        LUT4 (Prop_A6LUT_SLICEM_I0_O)
                                                      0.090     8.385 r  c_attn/vref_r[0][7]_i_26/O
                         net (fo=1, routed)           0.013     8.398    c_attn/vref_r[0][7]_i_26_n_0
    SLICE_X220Y14                                                     r  c_attn/vref_r_reg[0][7]_i_13/S[0]
    SLICE_X220Y14        CARRY8 (Prop_CARRY8_SLICEM_S[0]_CO[3])
                                                      0.186     8.584 r  c_attn/vref_r_reg[0][7]_i_13/CO[3]
                         net (fo=256, estimated)      0.793     9.377    c_attn/ev1
    SLICE_X227Y17                                                     r  c_attn/vref_r[13][2]_i_2/I2
    SLICE_X227Y17        LUT6 (Prop_C6LUT_SLICEM_I2_O)
                                                      0.037     9.414 r  c_attn/vref_r[13][2]_i_2/O
                         net (fo=1, estimated)        0.095     9.509    c_attn/vref_r_reg[13]_627[2]
    SLICE_X229Y17                                                     r  c_attn/vref_r[13][2]_i_1/I3
    SLICE_X229Y17        LUT6 (Prop_D6LUT_SLICEM_I3_O)
                                                      0.037     9.546 r  c_attn/vref_r[13][2]_i_1/O
                         net (fo=1, routed)           0.072     9.618    c_attn/vref_r[13][2]_i_1_n_0
    SLICE_X229Y17        FDSE                                         r  c_attn/vref_r_reg[13][2]/D
  -------------------------------------------------------------------    -------------------

                         (clock core_clk rise edge)
                                                      5.000     5.000 r  
                                                      0.000     5.000 r  core_clk (IN)
                         net (fo=0)                   0.036     5.036    core_clk
    BUFGCE_X0Y25                                                      r  gbufg.u_bufg_core/I
    BUFGCE_X0Y25         BUFGCE (Prop_BUFCE_BUFGCE_I_O)
                                                      0.024     5.060 r  gbufg.u_bufg_core/O
    X4Y1 (CLOCK_ROOT)    net (fo=392507, estimated)
                                                      1.412     6.472    c_attn/core_clk_i
    SLICE_X229Y17        FDSE                                         r  c_attn/vref_r_reg[13][2]/C
                         clock pessimism              0.126     6.598    
                         clock uncertainty           -0.035     6.563    
    SLICE_X229Y17        FDSE (Setup_DFF_SLICEM_C_D)
                                                      0.025     6.588    c_attn/vref_r_reg[13][2]
  -------------------------------------------------------------------
                         required time                          6.588    
                         arrival time                          -9.618    
  -------------------------------------------------------------------
                         slack                                 -3.030    

Slack (VIOLATED) :        -3.029ns  (required time - arrival time)
  Source:                 c_attn/vref_r_reg[26][7]/C
                            (rising edge-triggered cell FDRE clocked by core_clk  {rise@0.000ns fall@2.500ns period=5.000ns})
  Destination:            c_attn/vref_r_reg[20][1]/D
                            (rising edge-triggered cell FDSE clocked by core_clk  {rise@0.000ns fall@2.500ns period=5.000ns})
  Path Group:             core_clk
  Path Type:              Setup (Max at Slow Process Corner)
  Requirement:            5.000ns  (core_clk rise@5.000ns - core_clk rise@0.000ns)
  Data Path Delay:        7.939ns  (logic 2.523ns (31.780%)  route 5.416ns (68.220%))
  Logic Levels:           28  (CARRY8=8 LUT3=2 LUT4=3 LUT5=5 LUT6=9 MUXF7=1)
  Clock Path Skew:        -0.080ns (DCD - SCD + CPR)
    Destination Clock Delay (DCD):    1.468ns = ( 6.468 - 5.000 ) 
    Source Clock Delay      (SCD):    1.674ns
    Clock Pessimism Removal (CPR):    0.126ns
  Clock Uncertainty:      0.035ns  ((TSJ^2 + TIJ^2)^1/2 + DJ) / 2 + PE
    Total System Jitter     (TSJ):    0.071ns
    Total Input Jitter      (TIJ):    0.000ns
    Discrete Jitter          (DJ):    0.000ns
    Phase Error              (PE):    0.000ns
  Clock Net Delay (Source):      1.603ns (routing 0.210ns, distribution 1.393ns)
  Clock Net Delay (Destination): 1.408ns (routing 0.190ns, distribution 1.218ns)

    Location             Delay type                Incr(ns)  Path(ns)    Netlist Resource(s)
  -------------------------------------------------------------------    -------------------
                         (clock core_clk rise edge)
                                                      0.000     0.000 r  
                                                      0.000     0.000 r  core_clk (IN)
                         net (fo=0)                   0.043     0.043    core_clk
    BUFGCE_X0Y25                                                      r  gbufg.u_bufg_core/I
    BUFGCE_X0Y25         BUFGCE (Prop_BUFCE_BUFGCE_I_O)
                                                      0.028     0.071 r  gbufg.u_bufg_core/O
    X4Y1 (CLOCK_ROOT)    net (fo=392507, estimated)
                                                      1.603     1.674    c_attn/core_clk_i
    SLICE_X220Y9         FDRE                                         r  c_attn/vref_r_reg[26][7]/C
  -------------------------------------------------------------------    -------------------
    SLICE_X220Y9         FDRE (Prop_GFF_SLICEM_C_Q)
                                                      0.078     1.752 r  c_attn/vref_r_reg[26][7]/Q
                         net (fo=2, estimated)        0.574     2.326    c_attn/u_arr/err_r_reg_i_21_2[7]
    SLICE_X225Y8                                                      r  c_attn/u_arr/err_r_i_25__3/I1
    SLICE_X225Y8         LUT6 (Prop_F6LUT_SLICEM_I1_O)
                                                      0.123     2.449 r  c_attn/u_arr/err_r_i_25__3/O
                         net (fo=1, routed)           0.023     2.472    c_attn/u_arr/err_r_i_25__3_n_0
    SLICE_X225Y8                                                      r  c_attn/u_arr/err_r_reg_i_21/I0
    SLICE_X225Y8         MUXF7 (Prop_F7MUX_EF_SLICEM_I0_O)
                                                      0.068     2.540 r  c_attn/u_arr/err_r_reg_i_21/O
                         net (fo=1, estimated)        0.187     2.727    c_attn/u_arr/err_r_reg_i_21_n_0
    SLICE_X225Y9                                                      r  c_attn/u_arr/err_r_i_17__4/I0
    SLICE_X225Y9         LUT6 (Prop_F6LUT_SLICEM_I0_O)
                                                      0.098     2.825 r  c_attn/u_arr/err_r_i_17__4/O
                         net (fo=14, estimated)       0.134     2.959    c_attn/u_arr_n_3
    SLICE_X225Y9                                                      r  c_attn/vref_r[0][7]_i_84/I0
    SLICE_X225Y9         LUT4 (Prop_D6LUT_SLICEM_I0_O)
                                                      0.088     3.047 r  c_attn/vref_r[0][7]_i_84/O
                         net (fo=1, routed)           0.025     3.072    c_attn/vref_r[0][7]_i_84_n_0
    SLICE_X225Y9                                                      r  c_attn/vref_r_reg[0][7]_i_68/S[3]
    SLICE_X225Y9         CARRY8 (Prop_CARRY8_SLICEM_S[3]_CO[3])
                                                      0.133     3.205 r  c_attn/vref_r_reg[0][7]_i_68/CO[3]
                         net (fo=16, estimated)       0.170     3.375    c_attn/vref_r_reg[0][7]_i_68_n_4
    SLICE_X224Y8                                                      r  c_attn/vref_r[0][0]_i_8/I2
    SLICE_X224Y8         LUT3 (Prop_G6LUT_SLICEL_I2_O)
                                                      0.035     3.410 r  c_attn/vref_r[0][0]_i_8/O
                         net (fo=5, estimated)        0.111     3.521    c_attn/vref_r[0][0]_i_8_n_0
    SLICE_X224Y8                                                      r  c_attn/vref_r[0][6]_i_13/I3
    SLICE_X224Y8         LUT6 (Prop_F6LUT_SLICEL_I3_O)
                                                      0.035     3.556 r  c_attn/vref_r[0][6]_i_13/O
                         net (fo=1, estimated)        0.183     3.739    c_attn/vref_r[0][6]_i_13_n_0
    SLICE_X224Y8                                                      r  c_attn/vref_r_reg[0][6]_i_9/DI[0]
    SLICE_X224Y8         CARRY8 (Prop_CARRY8_SLICEL_DI[0]_CO[3])
                                                      0.180     3.919 r  c_attn/vref_r_reg[0][6]_i_9/CO[3]
                         net (fo=16, estimated)       0.255     4.174    c_attn/vref_r_reg[0][6]_i_9_n_4
    SLICE_X223Y8                                                      r  c_attn/vref_r[0][1]_i_6/I4
    SLICE_X223Y8         LUT5 (Prop_H6LUT_SLICEL_I4_O)
                                                      0.036     4.210 r  c_attn/vref_r[0][1]_i_6/O
                         net (fo=5, estimated)        0.107     4.317    c_attn/vref_r[0][1]_i_6_n_0
    SLICE_X222Y8                                                      r  c_attn/vref_r[0][7]_i_72/I5
    SLICE_X222Y8         LUT6 (Prop_H6LUT_SLICEM_I5_O)
                                                      0.039     4.356 r  c_attn/vref_r[0][7]_i_72/O
                         net (fo=1, estimated)        0.144     4.500    c_attn/vref_r[0][7]_i_72_n_0
    SLICE_X221Y9                                                      r  c_attn/vref_r_reg[0][7]_i_47/DI[0]
    SLICE_X221Y9         CARRY8 (Prop_CARRY8_SLICEL_DI[0]_CO[3])
                                                      0.180     4.680 r  c_attn/vref_r_reg[0][7]_i_47/CO[3]
                         net (fo=10, estimated)       0.154     4.834    c_attn/vref_r_reg[0][7]_i_47_n_4
    SLICE_X221Y10                                                     r  c_attn/vref_r[0][0]_i_7/I4
    SLICE_X221Y10        LUT5 (Prop_A6LUT_SLICEL_I4_O)
                                                      0.035     4.869 r  c_attn/vref_r[0][0]_i_7/O
                         net (fo=5, estimated)        0.461     5.330    c_attn/vref_r[0][0]_i_7_n_0
    SLICE_X219Y12                                                     r  c_attn/vref_r[0][7]_i_51/I3
    SLICE_X219Y12        LUT6 (Prop_B6LUT_SLICEL_I3_O)
                                                      0.036     5.366 r  c_attn/vref_r[0][7]_i_51/O
                         net (fo=1, estimated)        0.142     5.508    c_attn/vref_r[0][7]_i_51_n_0
    SLICE_X219Y13                                                     r  c_attn/vref_r_reg[0][7]_i_28/DI[0]
    SLICE_X219Y13        CARRY8 (Prop_CARRY8_SLICEL_DI[0]_CO[3])
                                                      0.180     5.688 r  c_attn/vref_r_reg[0][7]_i_28/CO[3]
                         net (fo=19, estimated)       0.216     5.904    c_attn/vref_r_reg[0][7]_i_28_n_4
    SLICE_X219Y13                                                     r  c_attn/vref_r[0][1]_i_5/I4
    SLICE_X219Y13        LUT5 (Prop_G6LUT_SLICEL_I4_O)
                                                      0.035     5.939 r  c_attn/vref_r[0][1]_i_5/O
                         net (fo=3, estimated)        0.142     6.081    c_attn/vref_r[0][1]_i_5_n_0
    SLICE_X218Y13                                                     r  c_attn/vref_r[0][7]_i_59/I5
    SLICE_X218Y13        LUT6 (Prop_F6LUT_SLICEL_I5_O)
                                                      0.035     6.116 r  c_attn/vref_r[0][7]_i_59/O
                         net (fo=1, estimated)        0.142     6.258    c_attn/vref_r[0][7]_i_59_n_0
    SLICE_X218Y14                                                     r  c_attn/vref_r_reg[0][7]_i_29/DI[0]
    SLICE_X218Y14        CARRY8 (Prop_CARRY8_SLICEL_DI[0]_CO[3])
                                                      0.180     6.438 r  c_attn/vref_r_reg[0][7]_i_29/CO[3]
                         net (fo=8, estimated)        0.193     6.631    c_attn/vref_r_reg[0][7]_i_29_n_4
    SLICE_X219Y14                                                     r  c_attn/vref_r[0][0]_i_6/I4
    SLICE_X219Y14        LUT5 (Prop_C6LUT_SLICEL_I4_O)
                                                      0.035     6.666 r  c_attn/vref_r[0][0]_i_6/O
                         net (fo=5, estimated)        0.206     6.872    c_attn/vref_r[0][0]_i_6_n_0
    SLICE_X220Y15                                                     r  c_attn/vref_r[0][7]_i_37/I0
    SLICE_X220Y15        LUT4 (Prop_A6LUT_SLICEM_I0_O)
                                                      0.090     6.962 r  c_attn/vref_r[0][7]_i_37/O
                         net (fo=1, routed)           0.013     6.975    c_attn/vref_r[0][7]_i_37_n_0
    SLICE_X220Y15                                                     r  c_attn/vref_r_reg[0][7]_i_17/S[0]
    SLICE_X220Y15        CARRY8 (Prop_CARRY8_SLICEM_S[0]_CO[3])
                                                      0.186     7.161 r  c_attn/vref_r_reg[0][7]_i_17/CO[3]
                         net (fo=20, estimated)       0.221     7.382    c_attn/vref_r_reg[0][7]_i_17_n_4
    SLICE_X220Y15                                                     r  c_attn/vref_r[0][7]_i_66/I2
    SLICE_X220Y15        LUT3 (Prop_F6LUT_SLICEM_I2_O)
                                                      0.051     7.433 r  c_attn/vref_r[0][7]_i_66/O
                         net (fo=2, estimated)        0.041     7.474    c_attn/vref_r[0][7]_i_66_n_0
    SLICE_X220Y15                                                     r  c_attn/vref_r[0][7]_i_40/I5
    SLICE_X220Y15        LUT6 (Prop_G6LUT_SLICEM_I5_O)
                                                      0.037     7.511 r  c_attn/vref_r[0][7]_i_40/O
                         net (fo=1, estimated)        0.238     7.749    c_attn/vref_r[0][7]_i_40_n_0
    SLICE_X220Y13                                                     r  c_attn/vref_r_reg[0][7]_i_18/DI[1]
    SLICE_X220Y13        CARRY8 (Prop_CARRY8_SLICEM_DI[1]_CO[3])
                                                      0.144     7.893 r  c_attn/vref_r_reg[0][7]_i_18/CO[3]
                         net (fo=8, estimated)        0.209     8.102    c_attn/vref_r_reg[0][7]_i_18_n_4
    SLICE_X220Y14                                                     r  c_attn/vref_r[0][0]_i_5/I4
    SLICE_X220Y14        LUT5 (Prop_G6LUT_SLICEM_I4_O)
                                                      0.037     8.139 r  c_attn/vref_r[0][0]_i_5/O
                         net (fo=34, estimated)       0.156     8.295    c_attn/ev[0]
    SLICE_X220Y14                                                     r  c_attn/vref_r[0][7]_i_26/I0
    SLICE_X220Y14        LUT4 (Prop_A6LUT_SLICEM_I0_O)
                                                      0.090     8.385 r  c_attn/vref_r[0][7]_i_26/O
                         net (fo=1, routed)           0.013     8.398    c_attn/vref_r[0][7]_i_26_n_0
    SLICE_X220Y14                                                     r  c_attn/vref_r_reg[0][7]_i_13/S[0]
    SLICE_X220Y14        CARRY8 (Prop_CARRY8_SLICEM_S[0]_CO[3])
                                                      0.186     8.584 r  c_attn/vref_r_reg[0][7]_i_13/CO[3]
                         net (fo=256, estimated)      0.724     9.308    c_attn/ev1
    SLICE_X227Y14                                                     r  c_attn/vref_r[20][1]_i_2/I2
    SLICE_X227Y14        LUT6 (Prop_B6LUT_SLICEM_I2_O)
                                                      0.037     9.345 r  c_attn/vref_r[20][1]_i_2/O
                         net (fo=1, estimated)        0.183     9.528    c_attn/vref_r_reg[20]_612[1]
    SLICE_X228Y13                                                     r  c_attn/vref_r[20][1]_i_1/I3
    SLICE_X228Y13        LUT6 (Prop_B6LUT_SLICEL_I3_O)
                                                      0.036     9.564 r  c_attn/vref_r[20][1]_i_1/O
                         net (fo=1, routed)           0.049     9.613    c_attn/vref_r[20][1]_i_1_n_0
    SLICE_X228Y13        FDSE                                         r  c_attn/vref_r_reg[20][1]/D
  -------------------------------------------------------------------    -------------------

                         (clock core_clk rise edge)
                                                      5.000     5.000 r  
                                                      0.000     5.000 r  core_clk (IN)
                         net (fo=0)                   0.036     5.036    core_clk
    BUFGCE_X0Y25                                                      r  gbufg.u_bufg_core/I
    BUFGCE_X0Y25         BUFGCE (Prop_BUFCE_BUFGCE_I_O)
                                                      0.024     5.060 r  gbufg.u_bufg_core/O
    X4Y1 (CLOCK_ROOT)    net (fo=392507, estimated)
                                                      1.408     6.468    c_attn/core_clk_i
    SLICE_X228Y13        FDSE                                         r  c_attn/vref_r_reg[20][1]/C
                         clock pessimism              0.126     6.594    
                         clock uncertainty           -0.035     6.559    
    SLICE_X228Y13        FDSE (Setup_BFF_SLICEL_C_D)
                                                      0.025     6.584    c_attn/vref_r_reg[20][1]
  -------------------------------------------------------------------
                         required time                          6.584    
                         arrival time                          -9.613    
  -------------------------------------------------------------------
                         slack                                 -3.029    

Slack (VIOLATED) :        -3.028ns  (required time - arrival time)
  Source:                 c_attn/vref_r_reg[26][7]/C
                            (rising edge-triggered cell FDRE clocked by core_clk  {rise@0.000ns fall@2.500ns period=5.000ns})
  Destination:            c_attn/vref_r_reg[30][2]/D
                            (rising edge-triggered cell FDSE clocked by core_clk  {rise@0.000ns fall@2.500ns period=5.000ns})
  Path Group:             core_clk
  Path Type:              Setup (Max at Slow Process Corner)
  Requirement:            5.000ns  (core_clk rise@5.000ns - core_clk rise@0.000ns)
  Data Path Delay:        7.939ns  (logic 2.524ns (31.792%)  route 5.415ns (68.208%))
  Logic Levels:           28  (CARRY8=8 LUT3=2 LUT4=3 LUT5=5 LUT6=9 MUXF7=1)
  Clock Path Skew:        -0.079ns (DCD - SCD + CPR)
    Destination Clock Delay (DCD):    1.469ns = ( 6.469 - 5.000 ) 
    Source Clock Delay      (SCD):    1.674ns
    Clock Pessimism Removal (CPR):    0.126ns
  Clock Uncertainty:      0.035ns  ((TSJ^2 + TIJ^2)^1/2 + DJ) / 2 + PE
    Total System Jitter     (TSJ):    0.071ns
    Total Input Jitter      (TIJ):    0.000ns
    Discrete Jitter          (DJ):    0.000ns
    Phase Error              (PE):    0.000ns
  Clock Net Delay (Source):      1.603ns (routing 0.210ns, distribution 1.393ns)
  Clock Net Delay (Destination): 1.409ns (routing 0.190ns, distribution 1.219ns)

    Location             Delay type                Incr(ns)  Path(ns)    Netlist Resource(s)
  -------------------------------------------------------------------    -------------------
                         (clock core_clk rise edge)
                                                      0.000     0.000 r  
                                                      0.000     0.000 r  core_clk (IN)
                         net (fo=0)                   0.043     0.043    core_clk
    BUFGCE_X0Y25                                                      r  gbufg.u_bufg_core/I
    BUFGCE_X0Y25         BUFGCE (Prop_BUFCE_BUFGCE_I_O)
                                                      0.028     0.071 r  gbufg.u_bufg_core/O
    X4Y1 (CLOCK_ROOT)    net (fo=392507, estimated)
                                                      1.603     1.674    c_attn/core_clk_i
    SLICE_X220Y9         FDRE                                         r  c_attn/vref_r_reg[26][7]/C
  -------------------------------------------------------------------    -------------------
    SLICE_X220Y9         FDRE (Prop_GFF_SLICEM_C_Q)
                                                      0.078     1.752 r  c_attn/vref_r_reg[26][7]/Q
                         net (fo=2, estimated)        0.574     2.326    c_attn/u_arr/err_r_reg_i_21_2[7]
    SLICE_X225Y8                                                      r  c_attn/u_arr/err_r_i_25__3/I1
    SLICE_X225Y8         LUT6 (Prop_F6LUT_SLICEM_I1_O)
                                                      0.123     2.449 r  c_attn/u_arr/err_r_i_25__3/O
                         net (fo=1, routed)           0.023     2.472    c_attn/u_arr/err_r_i_25__3_n_0
    SLICE_X225Y8                                                      r  c_attn/u_arr/err_r_reg_i_21/I0
    SLICE_X225Y8         MUXF7 (Prop_F7MUX_EF_SLICEM_I0_O)
                                                      0.068     2.540 r  c_attn/u_arr/err_r_reg_i_21/O
                         net (fo=1, estimated)        0.187     2.727    c_attn/u_arr/err_r_reg_i_21_n_0
    SLICE_X225Y9                                                      r  c_attn/u_arr/err_r_i_17__4/I0
    SLICE_X225Y9         LUT6 (Prop_F6LUT_SLICEM_I0_O)
                                                      0.098     2.825 r  c_attn/u_arr/err_r_i_17__4/O
                         net (fo=14, estimated)       0.134     2.959    c_attn/u_arr_n_3
    SLICE_X225Y9                                                      r  c_attn/vref_r[0][7]_i_84/I0
    SLICE_X225Y9         LUT4 (Prop_D6LUT_SLICEM_I0_O)
                                                      0.088     3.047 r  c_attn/vref_r[0][7]_i_84/O
                         net (fo=1, routed)           0.025     3.072    c_attn/vref_r[0][7]_i_84_n_0
    SLICE_X225Y9                                                      r  c_attn/vref_r_reg[0][7]_i_68/S[3]
    SLICE_X225Y9         CARRY8 (Prop_CARRY8_SLICEM_S[3]_CO[3])
                                                      0.133     3.205 r  c_attn/vref_r_reg[0][7]_i_68/CO[3]
                         net (fo=16, estimated)       0.170     3.375    c_attn/vref_r_reg[0][7]_i_68_n_4
    SLICE_X224Y8                                                      r  c_attn/vref_r[0][0]_i_8/I2
    SLICE_X224Y8         LUT3 (Prop_G6LUT_SLICEL_I2_O)
                                                      0.035     3.410 r  c_attn/vref_r[0][0]_i_8/O
                         net (fo=5, estimated)        0.111     3.521    c_attn/vref_r[0][0]_i_8_n_0
    SLICE_X224Y8                                                      r  c_attn/vref_r[0][6]_i_13/I3
    SLICE_X224Y8         LUT6 (Prop_F6LUT_SLICEL_I3_O)
                                                      0.035     3.556 r  c_attn/vref_r[0][6]_i_13/O
                         net (fo=1, estimated)        0.183     3.739    c_attn/vref_r[0][6]_i_13_n_0
    SLICE_X224Y8                                                      r  c_attn/vref_r_reg[0][6]_i_9/DI[0]
    SLICE_X224Y8         CARRY8 (Prop_CARRY8_SLICEL_DI[0]_CO[3])
                                                      0.180     3.919 r  c_attn/vref_r_reg[0][6]_i_9/CO[3]
                         net (fo=16, estimated)       0.255     4.174    c_attn/vref_r_reg[0][6]_i_9_n_4
    SLICE_X223Y8                                                      r  c_attn/vref_r[0][1]_i_6/I4
    SLICE_X223Y8         LUT5 (Prop_H6LUT_SLICEL_I4_O)
                                                      0.036     4.210 r  c_attn/vref_r[0][1]_i_6/O
                         net (fo=5, estimated)        0.107     4.317    c_attn/vref_r[0][1]_i_6_n_0
    SLICE_X222Y8                                                      r  c_attn/vref_r[0][7]_i_72/I5
    SLICE_X222Y8         LUT6 (Prop_H6LUT_SLICEM_I5_O)
                                                      0.039     4.356 r  c_attn/vref_r[0][7]_i_72/O
                         net (fo=1, estimated)        0.144     4.500    c_attn/vref_r[0][7]_i_72_n_0
    SLICE_X221Y9                                                      r  c_attn/vref_r_reg[0][7]_i_47/DI[0]
    SLICE_X221Y9         CARRY8 (Prop_CARRY8_SLICEL_DI[0]_CO[3])
                                                      0.180     4.680 r  c_attn/vref_r_reg[0][7]_i_47/CO[3]
                         net (fo=10, estimated)       0.154     4.834    c_attn/vref_r_reg[0][7]_i_47_n_4
    SLICE_X221Y10                                                     r  c_attn/vref_r[0][0]_i_7/I4
    SLICE_X221Y10        LUT5 (Prop_A6LUT_SLICEL_I4_O)
                                                      0.035     4.869 r  c_attn/vref_r[0][0]_i_7/O
                         net (fo=5, estimated)        0.461     5.330    c_attn/vref_r[0][0]_i_7_n_0
    SLICE_X219Y12                                                     r  c_attn/vref_r[0][7]_i_51/I3
    SLICE_X219Y12        LUT6 (Prop_B6LUT_SLICEL_I3_O)
                                                      0.036     5.366 r  c_attn/vref_r[0][7]_i_51/O
                         net (fo=1, estimated)        0.142     5.508    c_attn/vref_r[0][7]_i_51_n_0
    SLICE_X219Y13                                                     r  c_attn/vref_r_reg[0][7]_i_28/DI[0]
    SLICE_X219Y13        CARRY8 (Prop_CARRY8_SLICEL_DI[0]_CO[3])
                                                      0.180     5.688 r  c_attn/vref_r_reg[0][7]_i_28/CO[3]
                         net (fo=19, estimated)       0.216     5.904    c_attn/vref_r_reg[0][7]_i_28_n_4
    SLICE_X219Y13                                                     r  c_attn/vref_r[0][1]_i_5/I4
    SLICE_X219Y13        LUT5 (Prop_G6LUT_SLICEL_I4_O)
                                                      0.035     5.939 r  c_attn/vref_r[0][1]_i_5/O
                         net (fo=3, estimated)        0.142     6.081    c_attn/vref_r[0][1]_i_5_n_0
    SLICE_X218Y13                                                     r  c_attn/vref_r[0][7]_i_59/I5
    SLICE_X218Y13        LUT6 (Prop_F6LUT_SLICEL_I5_O)
                                                      0.035     6.116 r  c_attn/vref_r[0][7]_i_59/O
                         net (fo=1, estimated)        0.142     6.258    c_attn/vref_r[0][7]_i_59_n_0
    SLICE_X218Y14                                                     r  c_attn/vref_r_reg[0][7]_i_29/DI[0]
    SLICE_X218Y14        CARRY8 (Prop_CARRY8_SLICEL_DI[0]_CO[3])
                                                      0.180     6.438 r  c_attn/vref_r_reg[0][7]_i_29/CO[3]
                         net (fo=8, estimated)        0.193     6.631    c_attn/vref_r_reg[0][7]_i_29_n_4
    SLICE_X219Y14                                                     r  c_attn/vref_r[0][0]_i_6/I4
    SLICE_X219Y14        LUT5 (Prop_C6LUT_SLICEL_I4_O)
                                                      0.035     6.666 r  c_attn/vref_r[0][0]_i_6/O
                         net (fo=5, estimated)        0.206     6.872    c_attn/vref_r[0][0]_i_6_n_0
    SLICE_X220Y15                                                     r  c_attn/vref_r[0][7]_i_37/I0
    SLICE_X220Y15        LUT4 (Prop_A6LUT_SLICEM_I0_O)
                                                      0.090     6.962 r  c_attn/vref_r[0][7]_i_37/O
                         net (fo=1, routed)           0.013     6.975    c_attn/vref_r[0][7]_i_37_n_0
    SLICE_X220Y15                                                     r  c_attn/vref_r_reg[0][7]_i_17/S[0]
    SLICE_X220Y15        CARRY8 (Prop_CARRY8_SLICEM_S[0]_CO[3])
                                                      0.186     7.161 r  c_attn/vref_r_reg[0][7]_i_17/CO[3]
                         net (fo=20, estimated)       0.221     7.382    c_attn/vref_r_reg[0][7]_i_17_n_4
    SLICE_X220Y15                                                     r  c_attn/vref_r[0][7]_i_66/I2
    SLICE_X220Y15        LUT3 (Prop_F6LUT_SLICEM_I2_O)
                                                      0.051     7.433 r  c_attn/vref_r[0][7]_i_66/O
                         net (fo=2, estimated)        0.041     7.474    c_attn/vref_r[0][7]_i_66_n_0
    SLICE_X220Y15                                                     r  c_attn/vref_r[0][7]_i_40/I5
    SLICE_X220Y15        LUT6 (Prop_G6LUT_SLICEM_I5_O)
                                                      0.037     7.511 r  c_attn/vref_r[0][7]_i_40/O
                         net (fo=1, estimated)        0.238     7.749    c_attn/vref_r[0][7]_i_40_n_0
    SLICE_X220Y13                                                     r  c_attn/vref_r_reg[0][7]_i_18/DI[1]
    SLICE_X220Y13        CARRY8 (Prop_CARRY8_SLICEM_DI[1]_CO[3])
                                                      0.144     7.893 r  c_attn/vref_r_reg[0][7]_i_18/CO[3]
                         net (fo=8, estimated)        0.209     8.102    c_attn/vref_r_reg[0][7]_i_18_n_4
    SLICE_X220Y14                                                     r  c_attn/vref_r[0][0]_i_5/I4
    SLICE_X220Y14        LUT5 (Prop_G6LUT_SLICEM_I4_O)
                                                      0.037     8.139 r  c_attn/vref_r[0][0]_i_5/O
                         net (fo=34, estimated)       0.156     8.295    c_attn/ev[0]
    SLICE_X220Y14                                                     r  c_attn/vref_r[0][7]_i_26/I0
    SLICE_X220Y14        LUT4 (Prop_A6LUT_SLICEM_I0_O)
                                                      0.090     8.385 r  c_attn/vref_r[0][7]_i_26/O
                         net (fo=1, routed)           0.013     8.398    c_attn/vref_r[0][7]_i_26_n_0
    SLICE_X220Y14                                                     r  c_attn/vref_r_reg[0][7]_i_13/S[0]
    SLICE_X220Y14        CARRY8 (Prop_CARRY8_SLICEM_S[0]_CO[3])
                                                      0.186     8.584 r  c_attn/vref_r_reg[0][7]_i_13/CO[3]
                         net (fo=256, estimated)      0.737     9.321    c_attn/ev1
    SLICE_X225Y18                                                     r  c_attn/vref_r[30][2]_i_2/I2
    SLICE_X225Y18        LUT6 (Prop_B6LUT_SLICEM_I2_O)
                                                      0.037     9.358 r  c_attn/vref_r[30][2]_i_2/O
                         net (fo=1, estimated)        0.151     9.509    c_attn/vref_r_reg[30]_604[2]
    SLICE_X227Y19                                                     r  c_attn/vref_r[30][2]_i_1/I3
    SLICE_X227Y19        LUT6 (Prop_F6LUT_SLICEM_I3_O)
                                                      0.037     9.546 r  c_attn/vref_r[30][2]_i_1/O
                         net (fo=1, routed)           0.067     9.613    c_attn/vref_r[30][2]_i_1_n_0
    SLICE_X227Y19        FDSE                                         r  c_attn/vref_r_reg[30][2]/D
  -------------------------------------------------------------------    -------------------

                         (clock core_clk rise edge)
                                                      5.000     5.000 r  
                                                      0.000     5.000 r  core_clk (IN)
                         net (fo=0)                   0.036     5.036    core_clk
    BUFGCE_X0Y25                                                      r  gbufg.u_bufg_core/I
    BUFGCE_X0Y25         BUFGCE (Prop_BUFCE_BUFGCE_I_O)
                                                      0.024     5.060 r  gbufg.u_bufg_core/O
    X4Y1 (CLOCK_ROOT)    net (fo=392507, estimated)
                                                      1.409     6.469    c_attn/core_clk_i
    SLICE_X227Y19        FDSE                                         r  c_attn/vref_r_reg[30][2]/C
                         clock pessimism              0.126     6.595    
                         clock uncertainty           -0.035     6.560    
    SLICE_X227Y19        FDSE (Setup_FFF_SLICEM_C_D)
                                                      0.025     6.585    c_attn/vref_r_reg[30][2]
  -------------------------------------------------------------------
                         required time                          6.585    
                         arrival time                          -9.613    
  -------------------------------------------------------------------
                         slack                                 -3.028    

Slack (VIOLATED) :        -3.025ns  (required time - arrival time)
  Source:                 c_attn/vref_r_reg[26][7]/C
                            (rising edge-triggered cell FDRE clocked by core_clk  {rise@0.000ns fall@2.500ns period=5.000ns})
  Destination:            c_attn/vref_r_reg[17][5]/D
                            (rising edge-triggered cell FDSE clocked by core_clk  {rise@0.000ns fall@2.500ns period=5.000ns})
  Path Group:             core_clk
  Path Type:              Setup (Max at Slow Process Corner)
  Requirement:            5.000ns  (core_clk rise@5.000ns - core_clk rise@0.000ns)
  Data Path Delay:        7.944ns  (logic 2.523ns (31.760%)  route 5.421ns (68.240%))
  Logic Levels:           28  (CARRY8=8 LUT3=2 LUT4=3 LUT5=5 LUT6=9 MUXF7=1)
  Clock Path Skew:        -0.071ns (DCD - SCD + CPR)
    Destination Clock Delay (DCD):    1.477ns = ( 6.477 - 5.000 ) 
    Source Clock Delay      (SCD):    1.674ns
    Clock Pessimism Removal (CPR):    0.126ns
  Clock Uncertainty:      0.035ns  ((TSJ^2 + TIJ^2)^1/2 + DJ) / 2 + PE
    Total System Jitter     (TSJ):    0.071ns
    Total Input Jitter      (TIJ):    0.000ns
    Discrete Jitter          (DJ):    0.000ns
    Phase Error              (PE):    0.000ns
  Clock Net Delay (Source):      1.603ns (routing 0.210ns, distribution 1.393ns)
  Clock Net Delay (Destination): 1.417ns (routing 0.190ns, distribution 1.227ns)

    Location             Delay type                Incr(ns)  Path(ns)    Netlist Resource(s)
  -------------------------------------------------------------------    -------------------
                         (clock core_clk rise edge)
                                                      0.000     0.000 r  
                                                      0.000     0.000 r  core_clk (IN)
                         net (fo=0)                   0.043     0.043    core_clk
    BUFGCE_X0Y25                                                      r  gbufg.u_bufg_core/I
    BUFGCE_X0Y25         BUFGCE (Prop_BUFCE_BUFGCE_I_O)
                                                      0.028     0.071 r  gbufg.u_bufg_core/O
    X4Y1 (CLOCK_ROOT)    net (fo=392507, estimated)
                                                      1.603     1.674    c_attn/core_clk_i
    SLICE_X220Y9         FDRE                                         r  c_attn/vref_r_reg[26][7]/C
  -------------------------------------------------------------------    -------------------
    SLICE_X220Y9         FDRE (Prop_GFF_SLICEM_C_Q)
                                                      0.078     1.752 r  c_attn/vref_r_reg[26][7]/Q
                         net (fo=2, estimated)        0.574     2.326    c_attn/u_arr/err_r_reg_i_21_2[7]
    SLICE_X225Y8                                                      r  c_attn/u_arr/err_r_i_25__3/I1
    SLICE_X225Y8         LUT6 (Prop_F6LUT_SLICEM_I1_O)
                                                      0.123     2.449 r  c_attn/u_arr/err_r_i_25__3/O
                         net (fo=1, routed)           0.023     2.472    c_attn/u_arr/err_r_i_25__3_n_0
    SLICE_X225Y8                                                      r  c_attn/u_arr/err_r_reg_i_21/I0
    SLICE_X225Y8         MUXF7 (Prop_F7MUX_EF_SLICEM_I0_O)
                                                      0.068     2.540 r  c_attn/u_arr/err_r_reg_i_21/O
                         net (fo=1, estimated)        0.187     2.727    c_attn/u_arr/err_r_reg_i_21_n_0
    SLICE_X225Y9                                                      r  c_attn/u_arr/err_r_i_17__4/I0
    SLICE_X225Y9         LUT6 (Prop_F6LUT_SLICEM_I0_O)
                                                      0.098     2.825 r  c_attn/u_arr/err_r_i_17__4/O
                         net (fo=14, estimated)       0.134     2.959    c_attn/u_arr_n_3
    SLICE_X225Y9                                                      r  c_attn/vref_r[0][7]_i_84/I0
    SLICE_X225Y9         LUT4 (Prop_D6LUT_SLICEM_I0_O)
                                                      0.088     3.047 r  c_attn/vref_r[0][7]_i_84/O
                         net (fo=1, routed)           0.025     3.072    c_attn/vref_r[0][7]_i_84_n_0
    SLICE_X225Y9                                                      r  c_attn/vref_r_reg[0][7]_i_68/S[3]
    SLICE_X225Y9         CARRY8 (Prop_CARRY8_SLICEM_S[3]_CO[3])
                                                      0.133     3.205 r  c_attn/vref_r_reg[0][7]_i_68/CO[3]
                         net (fo=16, estimated)       0.170     3.375    c_attn/vref_r_reg[0][7]_i_68_n_4
    SLICE_X224Y8                                                      r  c_attn/vref_r[0][0]_i_8/I2
    SLICE_X224Y8         LUT3 (Prop_G6LUT_SLICEL_I2_O)
                                                      0.035     3.410 r  c_attn/vref_r[0][0]_i_8/O
                         net (fo=5, estimated)        0.111     3.521    c_attn/vref_r[0][0]_i_8_n_0
    SLICE_X224Y8                                                      r  c_attn/vref_r[0][6]_i_13/I3
    SLICE_X224Y8         LUT6 (Prop_F6LUT_SLICEL_I3_O)
                                                      0.035     3.556 r  c_attn/vref_r[0][6]_i_13/O
                         net (fo=1, estimated)        0.183     3.739    c_attn/vref_r[0][6]_i_13_n_0
    SLICE_X224Y8                                                      r  c_attn/vref_r_reg[0][6]_i_9/DI[0]
    SLICE_X224Y8         CARRY8 (Prop_CARRY8_SLICEL_DI[0]_CO[3])
                                                      0.180     3.919 r  c_attn/vref_r_reg[0][6]_i_9/CO[3]
                         net (fo=16, estimated)       0.255     4.174    c_attn/vref_r_reg[0][6]_i_9_n_4
    SLICE_X223Y8                                                      r  c_attn/vref_r[0][1]_i_6/I4
    SLICE_X223Y8         LUT5 (Prop_H6LUT_SLICEL_I4_O)
                                                      0.036     4.210 r  c_attn/vref_r[0][1]_i_6/O
                         net (fo=5, estimated)        0.107     4.317    c_attn/vref_r[0][1]_i_6_n_0
    SLICE_X222Y8                                                      r  c_attn/vref_r[0][7]_i_72/I5
    SLICE_X222Y8         LUT6 (Prop_H6LUT_SLICEM_I5_O)
                                                      0.039     4.356 r  c_attn/vref_r[0][7]_i_72/O
                         net (fo=1, estimated)        0.144     4.500    c_attn/vref_r[0][7]_i_72_n_0
    SLICE_X221Y9                                                      r  c_attn/vref_r_reg[0][7]_i_47/DI[0]
    SLICE_X221Y9         CARRY8 (Prop_CARRY8_SLICEL_DI[0]_CO[3])
                                                      0.180     4.680 r  c_attn/vref_r_reg[0][7]_i_47/CO[3]
                         net (fo=10, estimated)       0.154     4.834    c_attn/vref_r_reg[0][7]_i_47_n_4
    SLICE_X221Y10                                                     r  c_attn/vref_r[0][0]_i_7/I4
    SLICE_X221Y10        LUT5 (Prop_A6LUT_SLICEL_I4_O)
                                                      0.035     4.869 r  c_attn/vref_r[0][0]_i_7/O
                         net (fo=5, estimated)        0.461     5.330    c_attn/vref_r[0][0]_i_7_n_0
    SLICE_X219Y12                                                     r  c_attn/vref_r[0][7]_i_51/I3
    SLICE_X219Y12        LUT6 (Prop_B6LUT_SLICEL_I3_O)
                                                      0.036     5.366 r  c_attn/vref_r[0][7]_i_51/O
                         net (fo=1, estimated)        0.142     5.508    c_attn/vref_r[0][7]_i_51_n_0
    SLICE_X219Y13                                                     r  c_attn/vref_r_reg[0][7]_i_28/DI[0]
    SLICE_X219Y13        CARRY8 (Prop_CARRY8_SLICEL_DI[0]_CO[3])
                                                      0.180     5.688 r  c_attn/vref_r_reg[0][7]_i_28/CO[3]
                         net (fo=19, estimated)       0.216     5.904    c_attn/vref_r_reg[0][7]_i_28_n_4
    SLICE_X219Y13                                                     r  c_attn/vref_r[0][1]_i_5/I4
    SLICE_X219Y13        LUT5 (Prop_G6LUT_SLICEL_I4_O)
                                                      0.035     5.939 r  c_attn/vref_r[0][1]_i_5/O
                         net (fo=3, estimated)        0.142     6.081    c_attn/vref_r[0][1]_i_5_n_0
    SLICE_X218Y13                                                     r  c_attn/vref_r[0][7]_i_59/I5
    SLICE_X218Y13        LUT6 (Prop_F6LUT_SLICEL_I5_O)
                                                      0.035     6.116 r  c_attn/vref_r[0][7]_i_59/O
                         net (fo=1, estimated)        0.142     6.258    c_attn/vref_r[0][7]_i_59_n_0
    SLICE_X218Y14                                                     r  c_attn/vref_r_reg[0][7]_i_29/DI[0]
    SLICE_X218Y14        CARRY8 (Prop_CARRY8_SLICEL_DI[0]_CO[3])
                                                      0.180     6.438 r  c_attn/vref_r_reg[0][7]_i_29/CO[3]
                         net (fo=8, estimated)        0.193     6.631    c_attn/vref_r_reg[0][7]_i_29_n_4
    SLICE_X219Y14                                                     r  c_attn/vref_r[0][0]_i_6/I4
    SLICE_X219Y14        LUT5 (Prop_C6LUT_SLICEL_I4_O)
                                                      0.035     6.666 r  c_attn/vref_r[0][0]_i_6/O
                         net (fo=5, estimated)        0.206     6.872    c_attn/vref_r[0][0]_i_6_n_0
    SLICE_X220Y15                                                     r  c_attn/vref_r[0][7]_i_37/I0
    SLICE_X220Y15        LUT4 (Prop_A6LUT_SLICEM_I0_O)
                                                      0.090     6.962 r  c_attn/vref_r[0][7]_i_37/O
                         net (fo=1, routed)           0.013     6.975    c_attn/vref_r[0][7]_i_37_n_0
    SLICE_X220Y15                                                     r  c_attn/vref_r_reg[0][7]_i_17/S[0]
    SLICE_X220Y15        CARRY8 (Prop_CARRY8_SLICEM_S[0]_CO[3])
                                                      0.186     7.161 r  c_attn/vref_r_reg[0][7]_i_17/CO[3]
                         net (fo=20, estimated)       0.221     7.382    c_attn/vref_r_reg[0][7]_i_17_n_4
    SLICE_X220Y15                                                     r  c_attn/vref_r[0][7]_i_66/I2
    SLICE_X220Y15        LUT3 (Prop_F6LUT_SLICEM_I2_O)
                                                      0.051     7.433 r  c_attn/vref_r[0][7]_i_66/O
                         net (fo=2, estimated)        0.041     7.474    c_attn/vref_r[0][7]_i_66_n_0
    SLICE_X220Y15                                                     r  c_attn/vref_r[0][7]_i_40/I5
    SLICE_X220Y15        LUT6 (Prop_G6LUT_SLICEM_I5_O)
                                                      0.037     7.511 r  c_attn/vref_r[0][7]_i_40/O
                         net (fo=1, estimated)        0.238     7.749    c_attn/vref_r[0][7]_i_40_n_0
    SLICE_X220Y13                                                     r  c_attn/vref_r_reg[0][7]_i_18/DI[1]
    SLICE_X220Y13        CARRY8 (Prop_CARRY8_SLICEM_DI[1]_CO[3])
                                                      0.144     7.893 r  c_attn/vref_r_reg[0][7]_i_18/CO[3]
                         net (fo=8, estimated)        0.209     8.102    c_attn/vref_r_reg[0][7]_i_18_n_4
    SLICE_X220Y14                                                     r  c_attn/vref_r[0][0]_i_5/I4
    SLICE_X220Y14        LUT5 (Prop_G6LUT_SLICEM_I4_O)
                                                      0.037     8.139 r  c_attn/vref_r[0][0]_i_5/O
                         net (fo=34, estimated)       0.156     8.295    c_attn/ev[0]
    SLICE_X220Y14                                                     r  c_attn/vref_r[0][7]_i_26/I0
    SLICE_X220Y14        LUT4 (Prop_A6LUT_SLICEM_I0_O)
                                                      0.090     8.385 r  c_attn/vref_r[0][7]_i_26/O
                         net (fo=1, routed)           0.013     8.398    c_attn/vref_r[0][7]_i_26_n_0
    SLICE_X220Y14                                                     r  c_attn/vref_r_reg[0][7]_i_13/S[0]
    SLICE_X220Y14        CARRY8 (Prop_CARRY8_SLICEM_S[0]_CO[3])
                                                      0.186     8.584 r  c_attn/vref_r_reg[0][7]_i_13/CO[3]
                         net (fo=256, estimated)      0.704     9.288    c_attn/ev1
    SLICE_X224Y12                                                     r  c_attn/vref_r[17][5]_i_2/I2
    SLICE_X224Y12        LUT6 (Prop_A6LUT_SLICEL_I2_O)
                                                      0.035     9.323 r  c_attn/vref_r[17][5]_i_2/O
                         net (fo=1, estimated)        0.204     9.527    c_attn/vref_r_reg[17]_619[5]
    SLICE_X227Y10                                                     r  c_attn/vref_r[17][5]_i_1/I3
    SLICE_X227Y10        LUT6 (Prop_A6LUT_SLICEM_I3_O)
                                                      0.038     9.565 r  c_attn/vref_r[17][5]_i_1/O
                         net (fo=1, routed)           0.053     9.618    c_attn/vref_r[17][5]_i_1_n_0
    SLICE_X227Y10        FDSE                                         r  c_attn/vref_r_reg[17][5]/D
  -------------------------------------------------------------------    -------------------

                         (clock core_clk rise edge)
                                                      5.000     5.000 r  
                                                      0.000     5.000 r  core_clk (IN)
                         net (fo=0)                   0.036     5.036    core_clk
    BUFGCE_X0Y25                                                      r  gbufg.u_bufg_core/I
    BUFGCE_X0Y25         BUFGCE (Prop_BUFCE_BUFGCE_I_O)
                                                      0.024     5.060 r  gbufg.u_bufg_core/O
    X4Y1 (CLOCK_ROOT)    net (fo=392507, estimated)
                                                      1.417     6.477    c_attn/core_clk_i
    SLICE_X227Y10        FDSE                                         r  c_attn/vref_r_reg[17][5]/C
                         clock pessimism              0.126     6.603    
                         clock uncertainty           -0.035     6.568    
    SLICE_X227Y10        FDSE (Setup_AFF_SLICEM_C_D)
                                                      0.025     6.593    c_attn/vref_r_reg[17][5]
  -------------------------------------------------------------------
                         required time                          6.593    
                         arrival time                          -9.618    
  -------------------------------------------------------------------
                         slack                                 -3.025    

Slack (VIOLATED) :        -3.021ns  (required time - arrival time)
  Source:                 c_attn/vref_r_reg[26][7]/C
                            (rising edge-triggered cell FDRE clocked by core_clk  {rise@0.000ns fall@2.500ns period=5.000ns})
  Destination:            c_attn/vref_r_reg[26][4]/D
                            (rising edge-triggered cell FDSE clocked by core_clk  {rise@0.000ns fall@2.500ns period=5.000ns})
  Path Group:             core_clk
  Path Type:              Setup (Max at Slow Process Corner)
  Requirement:            5.000ns  (core_clk rise@5.000ns - core_clk rise@0.000ns)
  Data Path Delay:        7.938ns  (logic 2.525ns (31.809%)  route 5.413ns (68.191%))
  Logic Levels:           28  (CARRY8=8 LUT3=2 LUT4=3 LUT5=5 LUT6=9 MUXF7=1)
  Clock Path Skew:        -0.073ns (DCD - SCD + CPR)
    Destination Clock Delay (DCD):    1.475ns = ( 6.475 - 5.000 ) 
    Source Clock Delay      (SCD):    1.674ns
    Clock Pessimism Removal (CPR):    0.126ns
  Clock Uncertainty:      0.035ns  ((TSJ^2 + TIJ^2)^1/2 + DJ) / 2 + PE
    Total System Jitter     (TSJ):    0.071ns
    Total Input Jitter      (TIJ):    0.000ns
    Discrete Jitter          (DJ):    0.000ns
    Phase Error              (PE):    0.000ns
  Clock Net Delay (Source):      1.603ns (routing 0.210ns, distribution 1.393ns)
  Clock Net Delay (Destination): 1.415ns (routing 0.190ns, distribution 1.225ns)

    Location             Delay type                Incr(ns)  Path(ns)    Netlist Resource(s)
  -------------------------------------------------------------------    -------------------
                         (clock core_clk rise edge)
                                                      0.000     0.000 r  
                                                      0.000     0.000 r  core_clk (IN)
                         net (fo=0)                   0.043     0.043    core_clk
    BUFGCE_X0Y25                                                      r  gbufg.u_bufg_core/I
    BUFGCE_X0Y25         BUFGCE (Prop_BUFCE_BUFGCE_I_O)
                                                      0.028     0.071 r  gbufg.u_bufg_core/O
    X4Y1 (CLOCK_ROOT)    net (fo=392507, estimated)
                                                      1.603     1.674    c_attn/core_clk_i
    SLICE_X220Y9         FDRE                                         r  c_attn/vref_r_reg[26][7]/C
  -------------------------------------------------------------------    -------------------
    SLICE_X220Y9         FDRE (Prop_GFF_SLICEM_C_Q)
                                                      0.078     1.752 r  c_attn/vref_r_reg[26][7]/Q
                         net (fo=2, estimated)        0.574     2.326    c_attn/u_arr/err_r_reg_i_21_2[7]
    SLICE_X225Y8                                                      r  c_attn/u_arr/err_r_i_25__3/I1
    SLICE_X225Y8         LUT6 (Prop_F6LUT_SLICEM_I1_O)
                                                      0.123     2.449 r  c_attn/u_arr/err_r_i_25__3/O
                         net (fo=1, routed)           0.023     2.472    c_attn/u_arr/err_r_i_25__3_n_0
    SLICE_X225Y8                                                      r  c_attn/u_arr/err_r_reg_i_21/I0
    SLICE_X225Y8         MUXF7 (Prop_F7MUX_EF_SLICEM_I0_O)
                                                      0.068     2.540 r  c_attn/u_arr/err_r_reg_i_21/O
                         net (fo=1, estimated)        0.187     2.727    c_attn/u_arr/err_r_reg_i_21_n_0
    SLICE_X225Y9                                                      r  c_attn/u_arr/err_r_i_17__4/I0
    SLICE_X225Y9         LUT6 (Prop_F6LUT_SLICEM_I0_O)
                                                      0.098     2.825 r  c_attn/u_arr/err_r_i_17__4/O
                         net (fo=14, estimated)       0.134     2.959    c_attn/u_arr_n_3
    SLICE_X225Y9                                                      r  c_attn/vref_r[0][7]_i_84/I0
    SLICE_X225Y9         LUT4 (Prop_D6LUT_SLICEM_I0_O)
                                                      0.088     3.047 r  c_attn/vref_r[0][7]_i_84/O
                         net (fo=1, routed)           0.025     3.072    c_attn/vref_r[0][7]_i_84_n_0
    SLICE_X225Y9                                                      r  c_attn/vref_r_reg[0][7]_i_68/S[3]
    SLICE_X225Y9         CARRY8 (Prop_CARRY8_SLICEM_S[3]_CO[3])
                                                      0.133     3.205 r  c_attn/vref_r_reg[0][7]_i_68/CO[3]
                         net (fo=16, estimated)       0.170     3.375    c_attn/vref_r_reg[0][7]_i_68_n_4
    SLICE_X224Y8                                                      r  c_attn/vref_r[0][0]_i_8/I2
    SLICE_X224Y8         LUT3 (Prop_G6LUT_SLICEL_I2_O)
                                                      0.035     3.410 r  c_attn/vref_r[0][0]_i_8/O
                         net (fo=5, estimated)        0.111     3.521    c_attn/vref_r[0][0]_i_8_n_0
    SLICE_X224Y8                                                      r  c_attn/vref_r[0][6]_i_13/I3
    SLICE_X224Y8         LUT6 (Prop_F6LUT_SLICEL_I3_O)
                                                      0.035     3.556 r  c_attn/vref_r[0][6]_i_13/O
                         net (fo=1, estimated)        0.183     3.739    c_attn/vref_r[0][6]_i_13_n_0
    SLICE_X224Y8                                                      r  c_attn/vref_r_reg[0][6]_i_9/DI[0]
    SLICE_X224Y8         CARRY8 (Prop_CARRY8_SLICEL_DI[0]_CO[3])
                                                      0.180     3.919 r  c_attn/vref_r_reg[0][6]_i_9/CO[3]
                         net (fo=16, estimated)       0.255     4.174    c_attn/vref_r_reg[0][6]_i_9_n_4
    SLICE_X223Y8                                                      r  c_attn/vref_r[0][1]_i_6/I4
    SLICE_X223Y8         LUT5 (Prop_H6LUT_SLICEL_I4_O)
                                                      0.036     4.210 r  c_attn/vref_r[0][1]_i_6/O
                         net (fo=5, estimated)        0.107     4.317    c_attn/vref_r[0][1]_i_6_n_0
    SLICE_X222Y8                                                      r  c_attn/vref_r[0][7]_i_72/I5
    SLICE_X222Y8         LUT6 (Prop_H6LUT_SLICEM_I5_O)
                                                      0.039     4.356 r  c_attn/vref_r[0][7]_i_72/O
                         net (fo=1, estimated)        0.144     4.500    c_attn/vref_r[0][7]_i_72_n_0
    SLICE_X221Y9                                                      r  c_attn/vref_r_reg[0][7]_i_47/DI[0]
    SLICE_X221Y9         CARRY8 (Prop_CARRY8_SLICEL_DI[0]_CO[3])
                                                      0.180     4.680 r  c_attn/vref_r_reg[0][7]_i_47/CO[3]
                         net (fo=10, estimated)       0.154     4.834    c_attn/vref_r_reg[0][7]_i_47_n_4
    SLICE_X221Y10                                                     r  c_attn/vref_r[0][0]_i_7/I4
    SLICE_X221Y10        LUT5 (Prop_A6LUT_SLICEL_I4_O)
                                                      0.035     4.869 r  c_attn/vref_r[0][0]_i_7/O
                         net (fo=5, estimated)        0.461     5.330    c_attn/vref_r[0][0]_i_7_n_0
    SLICE_X219Y12                                                     r  c_attn/vref_r[0][7]_i_51/I3
    SLICE_X219Y12        LUT6 (Prop_B6LUT_SLICEL_I3_O)
                                                      0.036     5.366 r  c_attn/vref_r[0][7]_i_51/O
                         net (fo=1, estimated)        0.142     5.508    c_attn/vref_r[0][7]_i_51_n_0
    SLICE_X219Y13                                                     r  c_attn/vref_r_reg[0][7]_i_28/DI[0]
    SLICE_X219Y13        CARRY8 (Prop_CARRY8_SLICEL_DI[0]_CO[3])
                                                      0.180     5.688 r  c_attn/vref_r_reg[0][7]_i_28/CO[3]
                         net (fo=19, estimated)       0.216     5.904    c_attn/vref_r_reg[0][7]_i_28_n_4
    SLICE_X219Y13                                                     r  c_attn/vref_r[0][1]_i_5/I4
    SLICE_X219Y13        LUT5 (Prop_G6LUT_SLICEL_I4_O)
                                                      0.035     5.939 r  c_attn/vref_r[0][1]_i_5/O
                         net (fo=3, estimated)        0.142     6.081    c_attn/vref_r[0][1]_i_5_n_0
    SLICE_X218Y13                                                     r  c_attn/vref_r[0][7]_i_59/I5
    SLICE_X218Y13        LUT6 (Prop_F6LUT_SLICEL_I5_O)
                                                      0.035     6.116 r  c_attn/vref_r[0][7]_i_59/O
                         net (fo=1, estimated)        0.142     6.258    c_attn/vref_r[0][7]_i_59_n_0
    SLICE_X218Y14                                                     r  c_attn/vref_r_reg[0][7]_i_29/DI[0]
    SLICE_X218Y14        CARRY8 (Prop_CARRY8_SLICEL_DI[0]_CO[3])
                                                      0.180     6.438 r  c_attn/vref_r_reg[0][7]_i_29/CO[3]
                         net (fo=8, estimated)        0.193     6.631    c_attn/vref_r_reg[0][7]_i_29_n_4
    SLICE_X219Y14                                                     r  c_attn/vref_r[0][0]_i_6/I4
    SLICE_X219Y14        LUT5 (Prop_C6LUT_SLICEL_I4_O)
                                                      0.035     6.666 r  c_attn/vref_r[0][0]_i_6/O
                         net (fo=5, estimated)        0.206     6.872    c_attn/vref_r[0][0]_i_6_n_0
    SLICE_X220Y15                                                     r  c_attn/vref_r[0][7]_i_37/I0
    SLICE_X220Y15        LUT4 (Prop_A6LUT_SLICEM_I0_O)
                                                      0.090     6.962 r  c_attn/vref_r[0][7]_i_37/O
                         net (fo=1, routed)           0.013     6.975    c_attn/vref_r[0][7]_i_37_n_0
    SLICE_X220Y15                                                     r  c_attn/vref_r_reg[0][7]_i_17/S[0]
    SLICE_X220Y15        CARRY8 (Prop_CARRY8_SLICEM_S[0]_CO[3])
                                                      0.186     7.161 r  c_attn/vref_r_reg[0][7]_i_17/CO[3]
                         net (fo=20, estimated)       0.221     7.382    c_attn/vref_r_reg[0][7]_i_17_n_4
    SLICE_X220Y15                                                     r  c_attn/vref_r[0][7]_i_66/I2
    SLICE_X220Y15        LUT3 (Prop_F6LUT_SLICEM_I2_O)
                                                      0.051     7.433 r  c_attn/vref_r[0][7]_i_66/O
                         net (fo=2, estimated)        0.041     7.474    c_attn/vref_r[0][7]_i_66_n_0
    SLICE_X220Y15                                                     r  c_attn/vref_r[0][7]_i_40/I5
    SLICE_X220Y15        LUT6 (Prop_G6LUT_SLICEM_I5_O)
                                                      0.037     7.511 r  c_attn/vref_r[0][7]_i_40/O
                         net (fo=1, estimated)        0.238     7.749    c_attn/vref_r[0][7]_i_40_n_0
    SLICE_X220Y13                                                     r  c_attn/vref_r_reg[0][7]_i_18/DI[1]
    SLICE_X220Y13        CARRY8 (Prop_CARRY8_SLICEM_DI[1]_CO[3])
                                                      0.144     7.893 r  c_attn/vref_r_reg[0][7]_i_18/CO[3]
                         net (fo=8, estimated)        0.209     8.102    c_attn/vref_r_reg[0][7]_i_18_n_4
    SLICE_X220Y14                                                     r  c_attn/vref_r[0][0]_i_5/I4
    SLICE_X220Y14        LUT5 (Prop_G6LUT_SLICEM_I4_O)
                                                      0.037     8.139 r  c_attn/vref_r[0][0]_i_5/O
                         net (fo=34, estimated)       0.156     8.295    c_attn/ev[0]
    SLICE_X220Y14                                                     r  c_attn/vref_r[0][7]_i_26/I0
    SLICE_X220Y14        LUT4 (Prop_A6LUT_SLICEM_I0_O)
                                                      0.090     8.385 r  c_attn/vref_r[0][7]_i_26/O
                         net (fo=1, routed)           0.013     8.398    c_attn/vref_r[0][7]_i_26_n_0
    SLICE_X220Y14                                                     r  c_attn/vref_r_reg[0][7]_i_13/S[0]
    SLICE_X220Y14        CARRY8 (Prop_CARRY8_SLICEM_S[0]_CO[3])
                                                      0.186     8.584 r  c_attn/vref_r_reg[0][7]_i_13/CO[3]
                         net (fo=256, estimated)      0.620     9.204    c_attn/ev1
    SLICE_X222Y12                                                     r  c_attn/vref_r[26][4]_i_2/I1
    SLICE_X222Y12        LUT6 (Prop_E6LUT_SLICEM_I1_O)
                                                      0.037     9.241 r  c_attn/vref_r[26][4]_i_2/O
                         net (fo=1, estimated)        0.280     9.521    c_attn/vref_r_reg[26]_621[4]
    SLICE_X225Y11                                                     r  c_attn/vref_r[26][4]_i_1/I3
    SLICE_X225Y11        LUT6 (Prop_A6LUT_SLICEM_I3_O)
                                                      0.038     9.559 r  c_attn/vref_r[26][4]_i_1/O
                         net (fo=1, routed)           0.053     9.612    c_attn/vref_r[26][4]_i_1_n_0
    SLICE_X225Y11        FDSE                                         r  c_attn/vref_r_reg[26][4]/D
  -------------------------------------------------------------------    -------------------

                         (clock core_clk rise edge)
                                                      5.000     5.000 r  
                                                      0.000     5.000 r  core_clk (IN)
                         net (fo=0)                   0.036     5.036    core_clk
    BUFGCE_X0Y25                                                      r  gbufg.u_bufg_core/I
    BUFGCE_X0Y25         BUFGCE (Prop_BUFCE_BUFGCE_I_O)
                                                      0.024     5.060 r  gbufg.u_bufg_core/O
    X4Y1 (CLOCK_ROOT)    net (fo=392507, estimated)
                                                      1.415     6.475    c_attn/core_clk_i
    SLICE_X225Y11        FDSE                                         r  c_attn/vref_r_reg[26][4]/C
                         clock pessimism              0.126     6.601    
                         clock uncertainty           -0.035     6.566    
    SLICE_X225Y11        FDSE (Setup_AFF_SLICEM_C_D)
                                                      0.025     6.591    c_attn/vref_r_reg[26][4]
  -------------------------------------------------------------------
                         required time                          6.591    
                         arrival time                          -9.612    
  -------------------------------------------------------------------
                         slack                                 -3.021    

Slack (VIOLATED) :        -3.021ns  (required time - arrival time)
  Source:                 c_attn/vref_r_reg[26][7]/C
                            (rising edge-triggered cell FDRE clocked by core_clk  {rise@0.000ns fall@2.500ns period=5.000ns})
  Destination:            c_attn/vref_r_reg[28][5]/D
                            (rising edge-triggered cell FDSE clocked by core_clk  {rise@0.000ns fall@2.500ns period=5.000ns})
  Path Group:             core_clk
  Path Type:              Setup (Max at Slow Process Corner)
  Requirement:            5.000ns  (core_clk rise@5.000ns - core_clk rise@0.000ns)
  Data Path Delay:        7.932ns  (logic 2.523ns (31.808%)  route 5.409ns (68.192%))
  Logic Levels:           28  (CARRY8=8 LUT3=2 LUT4=3 LUT5=5 LUT6=9 MUXF7=1)
  Clock Path Skew:        -0.079ns (DCD - SCD + CPR)
    Destination Clock Delay (DCD):    1.469ns = ( 6.469 - 5.000 ) 
    Source Clock Delay      (SCD):    1.674ns
    Clock Pessimism Removal (CPR):    0.126ns
  Clock Uncertainty:      0.035ns  ((TSJ^2 + TIJ^2)^1/2 + DJ) / 2 + PE
    Total System Jitter     (TSJ):    0.071ns
    Total Input Jitter      (TIJ):    0.000ns
    Discrete Jitter          (DJ):    0.000ns
    Phase Error              (PE):    0.000ns
  Clock Net Delay (Source):      1.603ns (routing 0.210ns, distribution 1.393ns)
  Clock Net Delay (Destination): 1.409ns (routing 0.190ns, distribution 1.219ns)

    Location             Delay type                Incr(ns)  Path(ns)    Netlist Resource(s)
  -------------------------------------------------------------------    -------------------
                         (clock core_clk rise edge)
                                                      0.000     0.000 r  
                                                      0.000     0.000 r  core_clk (IN)
                         net (fo=0)                   0.043     0.043    core_clk
    BUFGCE_X0Y25                                                      r  gbufg.u_bufg_core/I
    BUFGCE_X0Y25         BUFGCE (Prop_BUFCE_BUFGCE_I_O)
                                                      0.028     0.071 r  gbufg.u_bufg_core/O
    X4Y1 (CLOCK_ROOT)    net (fo=392507, estimated)
                                                      1.603     1.674    c_attn/core_clk_i
    SLICE_X220Y9         FDRE                                         r  c_attn/vref_r_reg[26][7]/C
  -------------------------------------------------------------------    -------------------
    SLICE_X220Y9         FDRE (Prop_GFF_SLICEM_C_Q)
                                                      0.078     1.752 r  c_attn/vref_r_reg[26][7]/Q
                         net (fo=2, estimated)        0.574     2.326    c_attn/u_arr/err_r_reg_i_21_2[7]
    SLICE_X225Y8                                                      r  c_attn/u_arr/err_r_i_25__3/I1
    SLICE_X225Y8         LUT6 (Prop_F6LUT_SLICEM_I1_O)
                                                      0.123     2.449 r  c_attn/u_arr/err_r_i_25__3/O
                         net (fo=1, routed)           0.023     2.472    c_attn/u_arr/err_r_i_25__3_n_0
    SLICE_X225Y8                                                      r  c_attn/u_arr/err_r_reg_i_21/I0
    SLICE_X225Y8         MUXF7 (Prop_F7MUX_EF_SLICEM_I0_O)
                                                      0.068     2.540 r  c_attn/u_arr/err_r_reg_i_21/O
                         net (fo=1, estimated)        0.187     2.727    c_attn/u_arr/err_r_reg_i_21_n_0
    SLICE_X225Y9                                                      r  c_attn/u_arr/err_r_i_17__4/I0
    SLICE_X225Y9         LUT6 (Prop_F6LUT_SLICEM_I0_O)
                                                      0.098     2.825 r  c_attn/u_arr/err_r_i_17__4/O
                         net (fo=14, estimated)       0.134     2.959    c_attn/u_arr_n_3
    SLICE_X225Y9                                                      r  c_attn/vref_r[0][7]_i_84/I0
    SLICE_X225Y9         LUT4 (Prop_D6LUT_SLICEM_I0_O)
                                                      0.088     3.047 r  c_attn/vref_r[0][7]_i_84/O
                         net (fo=1, routed)           0.025     3.072    c_attn/vref_r[0][7]_i_84_n_0
    SLICE_X225Y9                                                      r  c_attn/vref_r_reg[0][7]_i_68/S[3]
    SLICE_X225Y9         CARRY8 (Prop_CARRY8_SLICEM_S[3]_CO[3])
                                                      0.133     3.205 r  c_attn/vref_r_reg[0][7]_i_68/CO[3]
                         net (fo=16, estimated)       0.170     3.375    c_attn/vref_r_reg[0][7]_i_68_n_4
    SLICE_X224Y8                                                      r  c_attn/vref_r[0][0]_i_8/I2
    SLICE_X224Y8         LUT3 (Prop_G6LUT_SLICEL_I2_O)
                                                      0.035     3.410 r  c_attn/vref_r[0][0]_i_8/O
                         net (fo=5, estimated)        0.111     3.521    c_attn/vref_r[0][0]_i_8_n_0
    SLICE_X224Y8                                                      r  c_attn/vref_r[0][6]_i_13/I3
    SLICE_X224Y8         LUT6 (Prop_F6LUT_SLICEL_I3_O)
                                                      0.035     3.556 r  c_attn/vref_r[0][6]_i_13/O
                         net (fo=1, estimated)        0.183     3.739    c_attn/vref_r[0][6]_i_13_n_0
    SLICE_X224Y8                                                      r  c_attn/vref_r_reg[0][6]_i_9/DI[0]
    SLICE_X224Y8         CARRY8 (Prop_CARRY8_SLICEL_DI[0]_CO[3])
                                                      0.180     3.919 r  c_attn/vref_r_reg[0][6]_i_9/CO[3]
                         net (fo=16, estimated)       0.255     4.174    c_attn/vref_r_reg[0][6]_i_9_n_4
    SLICE_X223Y8                                                      r  c_attn/vref_r[0][1]_i_6/I4
    SLICE_X223Y8         LUT5 (Prop_H6LUT_SLICEL_I4_O)
                                                      0.036     4.210 r  c_attn/vref_r[0][1]_i_6/O
                         net (fo=5, estimated)        0.107     4.317    c_attn/vref_r[0][1]_i_6_n_0
    SLICE_X222Y8                                                      r  c_attn/vref_r[0][7]_i_72/I5
    SLICE_X222Y8         LUT6 (Prop_H6LUT_SLICEM_I5_O)
                                                      0.039     4.356 r  c_attn/vref_r[0][7]_i_72/O
                         net (fo=1, estimated)        0.144     4.500    c_attn/vref_r[0][7]_i_72_n_0
    SLICE_X221Y9                                                      r  c_attn/vref_r_reg[0][7]_i_47/DI[0]
    SLICE_X221Y9         CARRY8 (Prop_CARRY8_SLICEL_DI[0]_CO[3])
                                                      0.180     4.680 r  c_attn/vref_r_reg[0][7]_i_47/CO[3]
                         net (fo=10, estimated)       0.154     4.834    c_attn/vref_r_reg[0][7]_i_47_n_4
    SLICE_X221Y10                                                     r  c_attn/vref_r[0][0]_i_7/I4
    SLICE_X221Y10        LUT5 (Prop_A6LUT_SLICEL_I4_O)
                                                      0.035     4.869 r  c_attn/vref_r[0][0]_i_7/O
                         net (fo=5, estimated)        0.461     5.330    c_attn/vref_r[0][0]_i_7_n_0
    SLICE_X219Y12                                                     r  c_attn/vref_r[0][7]_i_51/I3
    SLICE_X219Y12        LUT6 (Prop_B6LUT_SLICEL_I3_O)
                                                      0.036     5.366 r  c_attn/vref_r[0][7]_i_51/O
                         net (fo=1, estimated)        0.142     5.508    c_attn/vref_r[0][7]_i_51_n_0
    SLICE_X219Y13                                                     r  c_attn/vref_r_reg[0][7]_i_28/DI[0]
    SLICE_X219Y13        CARRY8 (Prop_CARRY8_SLICEL_DI[0]_CO[3])
                                                      0.180     5.688 r  c_attn/vref_r_reg[0][7]_i_28/CO[3]
                         net (fo=19, estimated)       0.216     5.904    c_attn/vref_r_reg[0][7]_i_28_n_4
    SLICE_X219Y13                                                     r  c_attn/vref_r[0][1]_i_5/I4
    SLICE_X219Y13        LUT5 (Prop_G6LUT_SLICEL_I4_O)
                                                      0.035     5.939 r  c_attn/vref_r[0][1]_i_5/O
                         net (fo=3, estimated)        0.142     6.081    c_attn/vref_r[0][1]_i_5_n_0
    SLICE_X218Y13                                                     r  c_attn/vref_r[0][7]_i_59/I5
    SLICE_X218Y13        LUT6 (Prop_F6LUT_SLICEL_I5_O)
                                                      0.035     6.116 r  c_attn/vref_r[0][7]_i_59/O
                         net (fo=1, estimated)        0.142     6.258    c_attn/vref_r[0][7]_i_59_n_0
    SLICE_X218Y14                                                     r  c_attn/vref_r_reg[0][7]_i_29/DI[0]
    SLICE_X218Y14        CARRY8 (Prop_CARRY8_SLICEL_DI[0]_CO[3])
                                                      0.180     6.438 r  c_attn/vref_r_reg[0][7]_i_29/CO[3]
                         net (fo=8, estimated)        0.193     6.631    c_attn/vref_r_reg[0][7]_i_29_n_4
    SLICE_X219Y14                                                     r  c_attn/vref_r[0][0]_i_6/I4
    SLICE_X219Y14        LUT5 (Prop_C6LUT_SLICEL_I4_O)
                                                      0.035     6.666 r  c_attn/vref_r[0][0]_i_6/O
                         net (fo=5, estimated)        0.206     6.872    c_attn/vref_r[0][0]_i_6_n_0
    SLICE_X220Y15                                                     r  c_attn/vref_r[0][7]_i_37/I0
    SLICE_X220Y15        LUT4 (Prop_A6LUT_SLICEM_I0_O)
                                                      0.090     6.962 r  c_attn/vref_r[0][7]_i_37/O
                         net (fo=1, routed)           0.013     6.975    c_attn/vref_r[0][7]_i_37_n_0
    SLICE_X220Y15                                                     r  c_attn/vref_r_reg[0][7]_i_17/S[0]
    SLICE_X220Y15        CARRY8 (Prop_CARRY8_SLICEM_S[0]_CO[3])
                                                      0.186     7.161 r  c_attn/vref_r_reg[0][7]_i_17/CO[3]
                         net (fo=20, estimated)       0.221     7.382    c_attn/vref_r_reg[0][7]_i_17_n_4
    SLICE_X220Y15                                                     r  c_attn/vref_r[0][7]_i_66/I2
    SLICE_X220Y15        LUT3 (Prop_F6LUT_SLICEM_I2_O)
                                                      0.051     7.433 r  c_attn/vref_r[0][7]_i_66/O
                         net (fo=2, estimated)        0.041     7.474    c_attn/vref_r[0][7]_i_66_n_0
    SLICE_X220Y15                                                     r  c_attn/vref_r[0][7]_i_40/I5
    SLICE_X220Y15        LUT6 (Prop_G6LUT_SLICEM_I5_O)
                                                      0.037     7.511 r  c_attn/vref_r[0][7]_i_40/O
                         net (fo=1, estimated)        0.238     7.749    c_attn/vref_r[0][7]_i_40_n_0
    SLICE_X220Y13                                                     r  c_attn/vref_r_reg[0][7]_i_18/DI[1]
    SLICE_X220Y13        CARRY8 (Prop_CARRY8_SLICEM_DI[1]_CO[3])
                                                      0.144     7.893 r  c_attn/vref_r_reg[0][7]_i_18/CO[3]
                         net (fo=8, estimated)        0.209     8.102    c_attn/vref_r_reg[0][7]_i_18_n_4
    SLICE_X220Y14                                                     r  c_attn/vref_r[0][0]_i_5/I4
    SLICE_X220Y14        LUT5 (Prop_G6LUT_SLICEM_I4_O)
                                                      0.037     8.139 r  c_attn/vref_r[0][0]_i_5/O
                         net (fo=34, estimated)       0.156     8.295    c_attn/ev[0]
    SLICE_X220Y14                                                     r  c_attn/vref_r[0][7]_i_26/I0
    SLICE_X220Y14        LUT4 (Prop_A6LUT_SLICEM_I0_O)
                                                      0.090     8.385 r  c_attn/vref_r[0][7]_i_26/O
                         net (fo=1, routed)           0.013     8.398    c_attn/vref_r[0][7]_i_26_n_0
    SLICE_X220Y14                                                     r  c_attn/vref_r_reg[0][7]_i_13/S[0]
    SLICE_X220Y14        CARRY8 (Prop_CARRY8_SLICEM_S[0]_CO[3])
                                                      0.186     8.584 r  c_attn/vref_r_reg[0][7]_i_13/CO[3]
                         net (fo=256, estimated)      0.803     9.387    c_attn/ev1
    SLICE_X226Y20                                                     r  c_attn/vref_r[28][5]_i_2/I2
    SLICE_X226Y20        LUT6 (Prop_E6LUT_SLICEL_I2_O)
                                                      0.035     9.422 r  c_attn/vref_r[28][5]_i_2/O
                         net (fo=1, estimated)        0.093     9.515    c_attn/vref_r_reg[28]_620[5]
    SLICE_X227Y20                                                     r  c_attn/vref_r[28][5]_i_1/I3
    SLICE_X227Y20        LUT6 (Prop_A6LUT_SLICEM_I3_O)
                                                      0.038     9.553 r  c_attn/vref_r[28][5]_i_1/O
                         net (fo=1, routed)           0.053     9.606    c_attn/vref_r[28][5]_i_1_n_0
    SLICE_X227Y20        FDSE                                         r  c_attn/vref_r_reg[28][5]/D
  -------------------------------------------------------------------    -------------------

                         (clock core_clk rise edge)
                                                      5.000     5.000 r  
                                                      0.000     5.000 r  core_clk (IN)
                         net (fo=0)                   0.036     5.036    core_clk
    BUFGCE_X0Y25                                                      r  gbufg.u_bufg_core/I
    BUFGCE_X0Y25         BUFGCE (Prop_BUFCE_BUFGCE_I_O)
                                                      0.024     5.060 r  gbufg.u_bufg_core/O
    X4Y1 (CLOCK_ROOT)    net (fo=392507, estimated)
                                                      1.409     6.469    c_attn/core_clk_i
    SLICE_X227Y20        FDSE                                         r  c_attn/vref_r_reg[28][5]/C
                         clock pessimism              0.126     6.595    
                         clock uncertainty           -0.035     6.560    
    SLICE_X227Y20        FDSE (Setup_AFF_SLICEM_C_D)
                                                      0.025     6.585    c_attn/vref_r_reg[28][5]
  -------------------------------------------------------------------
                         required time                          6.585    
                         arrival time                          -9.606    
  -------------------------------------------------------------------
                         slack                                 -3.021    

Slack (VIOLATED) :        -3.018ns  (required time - arrival time)
  Source:                 c_attn/vref_r_reg[26][7]/C
                            (rising edge-triggered cell FDRE clocked by core_clk  {rise@0.000ns fall@2.500ns period=5.000ns})
  Destination:            c_attn/vref_r_reg[10][4]/D
                            (rising edge-triggered cell FDSE clocked by core_clk  {rise@0.000ns fall@2.500ns period=5.000ns})
  Path Group:             core_clk
  Path Type:              Setup (Max at Slow Process Corner)
  Requirement:            5.000ns  (core_clk rise@5.000ns - core_clk rise@0.000ns)
  Data Path Delay:        7.932ns  (logic 2.520ns (31.770%)  route 5.412ns (68.230%))
  Logic Levels:           28  (CARRY8=8 LUT3=2 LUT4=3 LUT5=5 LUT6=9 MUXF7=1)
  Clock Path Skew:        -0.076ns (DCD - SCD + CPR)
    Destination Clock Delay (DCD):    1.472ns = ( 6.472 - 5.000 ) 
    Source Clock Delay      (SCD):    1.674ns
    Clock Pessimism Removal (CPR):    0.126ns
  Clock Uncertainty:      0.035ns  ((TSJ^2 + TIJ^2)^1/2 + DJ) / 2 + PE
    Total System Jitter     (TSJ):    0.071ns
    Total Input Jitter      (TIJ):    0.000ns
    Discrete Jitter          (DJ):    0.000ns
    Phase Error              (PE):    0.000ns
  Clock Net Delay (Source):      1.603ns (routing 0.210ns, distribution 1.393ns)
  Clock Net Delay (Destination): 1.412ns (routing 0.190ns, distribution 1.222ns)

    Location             Delay type                Incr(ns)  Path(ns)    Netlist Resource(s)
  -------------------------------------------------------------------    -------------------
                         (clock core_clk rise edge)
                                                      0.000     0.000 r  
                                                      0.000     0.000 r  core_clk (IN)
                         net (fo=0)                   0.043     0.043    core_clk
    BUFGCE_X0Y25                                                      r  gbufg.u_bufg_core/I
    BUFGCE_X0Y25         BUFGCE (Prop_BUFCE_BUFGCE_I_O)
                                                      0.028     0.071 r  gbufg.u_bufg_core/O
    X4Y1 (CLOCK_ROOT)    net (fo=392507, estimated)
                                                      1.603     1.674    c_attn/core_clk_i
    SLICE_X220Y9         FDRE                                         r  c_attn/vref_r_reg[26][7]/C
  -------------------------------------------------------------------    -------------------
    SLICE_X220Y9         FDRE (Prop_GFF_SLICEM_C_Q)
                                                      0.078     1.752 r  c_attn/vref_r_reg[26][7]/Q
                         net (fo=2, estimated)        0.574     2.326    c_attn/u_arr/err_r_reg_i_21_2[7]
    SLICE_X225Y8                                                      r  c_attn/u_arr/err_r_i_25__3/I1
    SLICE_X225Y8         LUT6 (Prop_F6LUT_SLICEM_I1_O)
                                                      0.123     2.449 r  c_attn/u_arr/err_r_i_25__3/O
                         net (fo=1, routed)           0.023     2.472    c_attn/u_arr/err_r_i_25__3_n_0
    SLICE_X225Y8                                                      r  c_attn/u_arr/err_r_reg_i_21/I0
    SLICE_X225Y8         MUXF7 (Prop_F7MUX_EF_SLICEM_I0_O)
                                                      0.068     2.540 r  c_attn/u_arr/err_r_reg_i_21/O
                         net (fo=1, estimated)        0.187     2.727    c_attn/u_arr/err_r_reg_i_21_n_0
    SLICE_X225Y9                                                      r  c_attn/u_arr/err_r_i_17__4/I0
    SLICE_X225Y9         LUT6 (Prop_F6LUT_SLICEM_I0_O)
                                                      0.098     2.825 r  c_attn/u_arr/err_r_i_17__4/O
                         net (fo=14, estimated)       0.134     2.959    c_attn/u_arr_n_3
    SLICE_X225Y9                                                      r  c_attn/vref_r[0][7]_i_84/I0
    SLICE_X225Y9         LUT4 (Prop_D6LUT_SLICEM_I0_O)
                                                      0.088     3.047 r  c_attn/vref_r[0][7]_i_84/O
                         net (fo=1, routed)           0.025     3.072    c_attn/vref_r[0][7]_i_84_n_0
    SLICE_X225Y9                                                      r  c_attn/vref_r_reg[0][7]_i_68/S[3]
    SLICE_X225Y9         CARRY8 (Prop_CARRY8_SLICEM_S[3]_CO[3])
                                                      0.133     3.205 r  c_attn/vref_r_reg[0][7]_i_68/CO[3]
                         net (fo=16, estimated)       0.170     3.375    c_attn/vref_r_reg[0][7]_i_68_n_4
    SLICE_X224Y8                                                      r  c_attn/vref_r[0][0]_i_8/I2
    SLICE_X224Y8         LUT3 (Prop_G6LUT_SLICEL_I2_O)
                                                      0.035     3.410 r  c_attn/vref_r[0][0]_i_8/O
                         net (fo=5, estimated)        0.111     3.521    c_attn/vref_r[0][0]_i_8_n_0
    SLICE_X224Y8                                                      r  c_attn/vref_r[0][6]_i_13/I3
    SLICE_X224Y8         LUT6 (Prop_F6LUT_SLICEL_I3_O)
                                                      0.035     3.556 r  c_attn/vref_r[0][6]_i_13/O
                         net (fo=1, estimated)        0.183     3.739    c_attn/vref_r[0][6]_i_13_n_0
    SLICE_X224Y8                                                      r  c_attn/vref_r_reg[0][6]_i_9/DI[0]
    SLICE_X224Y8         CARRY8 (Prop_CARRY8_SLICEL_DI[0]_CO[3])
                                                      0.180     3.919 r  c_attn/vref_r_reg[0][6]_i_9/CO[3]
                         net (fo=16, estimated)       0.255     4.174    c_attn/vref_r_reg[0][6]_i_9_n_4
    SLICE_X223Y8                                                      r  c_attn/vref_r[0][1]_i_6/I4
    SLICE_X223Y8         LUT5 (Prop_H6LUT_SLICEL_I4_O)
                                                      0.036     4.210 r  c_attn/vref_r[0][1]_i_6/O
                         net (fo=5, estimated)        0.107     4.317    c_attn/vref_r[0][1]_i_6_n_0
    SLICE_X222Y8                                                      r  c_attn/vref_r[0][7]_i_72/I5
    SLICE_X222Y8         LUT6 (Prop_H6LUT_SLICEM_I5_O)
                                                      0.039     4.356 r  c_attn/vref_r[0][7]_i_72/O
                         net (fo=1, estimated)        0.144     4.500    c_attn/vref_r[0][7]_i_72_n_0
    SLICE_X221Y9                                                      r  c_attn/vref_r_reg[0][7]_i_47/DI[0]
    SLICE_X221Y9         CARRY8 (Prop_CARRY8_SLICEL_DI[0]_CO[3])
                                                      0.180     4.680 r  c_attn/vref_r_reg[0][7]_i_47/CO[3]
                         net (fo=10, estimated)       0.154     4.834    c_attn/vref_r_reg[0][7]_i_47_n_4
    SLICE_X221Y10                                                     r  c_attn/vref_r[0][0]_i_7/I4
    SLICE_X221Y10        LUT5 (Prop_A6LUT_SLICEL_I4_O)
                                                      0.035     4.869 r  c_attn/vref_r[0][0]_i_7/O
                         net (fo=5, estimated)        0.461     5.330    c_attn/vref_r[0][0]_i_7_n_0
    SLICE_X219Y12                                                     r  c_attn/vref_r[0][7]_i_51/I3
    SLICE_X219Y12        LUT6 (Prop_B6LUT_SLICEL_I3_O)
                                                      0.036     5.366 r  c_attn/vref_r[0][7]_i_51/O
                         net (fo=1, estimated)        0.142     5.508    c_attn/vref_r[0][7]_i_51_n_0
    SLICE_X219Y13                                                     r  c_attn/vref_r_reg[0][7]_i_28/DI[0]
    SLICE_X219Y13        CARRY8 (Prop_CARRY8_SLICEL_DI[0]_CO[3])
                                                      0.180     5.688 r  c_attn/vref_r_reg[0][7]_i_28/CO[3]
                         net (fo=19, estimated)       0.216     5.904    c_attn/vref_r_reg[0][7]_i_28_n_4
    SLICE_X219Y13                                                     r  c_attn/vref_r[0][1]_i_5/I4
    SLICE_X219Y13        LUT5 (Prop_G6LUT_SLICEL_I4_O)
                                                      0.035     5.939 r  c_attn/vref_r[0][1]_i_5/O
                         net (fo=3, estimated)        0.142     6.081    c_attn/vref_r[0][1]_i_5_n_0
    SLICE_X218Y13                                                     r  c_attn/vref_r[0][7]_i_59/I5
    SLICE_X218Y13        LUT6 (Prop_F6LUT_SLICEL_I5_O)
                                                      0.035     6.116 r  c_attn/vref_r[0][7]_i_59/O
                         net (fo=1, estimated)        0.142     6.258    c_attn/vref_r[0][7]_i_59_n_0
    SLICE_X218Y14                                                     r  c_attn/vref_r_reg[0][7]_i_29/DI[0]
    SLICE_X218Y14        CARRY8 (Prop_CARRY8_SLICEL_DI[0]_CO[3])
                                                      0.180     6.438 r  c_attn/vref_r_reg[0][7]_i_29/CO[3]
                         net (fo=8, estimated)        0.193     6.631    c_attn/vref_r_reg[0][7]_i_29_n_4
    SLICE_X219Y14                                                     r  c_attn/vref_r[0][0]_i_6/I4
    SLICE_X219Y14        LUT5 (Prop_C6LUT_SLICEL_I4_O)
                                                      0.035     6.666 r  c_attn/vref_r[0][0]_i_6/O
                         net (fo=5, estimated)        0.206     6.872    c_attn/vref_r[0][0]_i_6_n_0
    SLICE_X220Y15                                                     r  c_attn/vref_r[0][7]_i_37/I0
    SLICE_X220Y15        LUT4 (Prop_A6LUT_SLICEM_I0_O)
                                                      0.090     6.962 r  c_attn/vref_r[0][7]_i_37/O
                         net (fo=1, routed)           0.013     6.975    c_attn/vref_r[0][7]_i_37_n_0
    SLICE_X220Y15                                                     r  c_attn/vref_r_reg[0][7]_i_17/S[0]
    SLICE_X220Y15        CARRY8 (Prop_CARRY8_SLICEM_S[0]_CO[3])
                                                      0.186     7.161 r  c_attn/vref_r_reg[0][7]_i_17/CO[3]
                         net (fo=20, estimated)       0.221     7.382    c_attn/vref_r_reg[0][7]_i_17_n_4
    SLICE_X220Y15                                                     r  c_attn/vref_r[0][7]_i_66/I2
    SLICE_X220Y15        LUT3 (Prop_F6LUT_SLICEM_I2_O)
                                                      0.051     7.433 r  c_attn/vref_r[0][7]_i_66/O
                         net (fo=2, estimated)        0.041     7.474    c_attn/vref_r[0][7]_i_66_n_0
    SLICE_X220Y15                                                     r  c_attn/vref_r[0][7]_i_40/I5
    SLICE_X220Y15        LUT6 (Prop_G6LUT_SLICEM_I5_O)
                                                      0.037     7.511 r  c_attn/vref_r[0][7]_i_40/O
                         net (fo=1, estimated)        0.238     7.749    c_attn/vref_r[0][7]_i_40_n_0
    SLICE_X220Y13                                                     r  c_attn/vref_r_reg[0][7]_i_18/DI[1]
    SLICE_X220Y13        CARRY8 (Prop_CARRY8_SLICEM_DI[1]_CO[3])
                                                      0.144     7.893 r  c_attn/vref_r_reg[0][7]_i_18/CO[3]
                         net (fo=8, estimated)        0.209     8.102    c_attn/vref_r_reg[0][7]_i_18_n_4
    SLICE_X220Y14                                                     r  c_attn/vref_r[0][0]_i_5/I4
    SLICE_X220Y14        LUT5 (Prop_G6LUT_SLICEM_I4_O)
                                                      0.037     8.139 r  c_attn/vref_r[0][0]_i_5/O
                         net (fo=34, estimated)       0.156     8.295    c_attn/ev[0]
    SLICE_X220Y14                                                     r  c_attn/vref_r[0][7]_i_26/I0
    SLICE_X220Y14        LUT4 (Prop_A6LUT_SLICEM_I0_O)
                                                      0.090     8.385 r  c_attn/vref_r[0][7]_i_26/O
                         net (fo=1, routed)           0.013     8.398    c_attn/vref_r[0][7]_i_26_n_0
    SLICE_X220Y14                                                     r  c_attn/vref_r_reg[0][7]_i_13/S[0]
    SLICE_X220Y14        CARRY8 (Prop_CARRY8_SLICEM_S[0]_CO[3])
                                                      0.186     8.584 r  c_attn/vref_r_reg[0][7]_i_13/CO[3]
                         net (fo=256, estimated)      0.762     9.346    c_attn/ev1
    SLICE_X224Y9                                                      r  c_attn/vref_r[10][4]_i_2/I1
    SLICE_X224Y9         LUT6 (Prop_A6LUT_SLICEL_I1_O)
                                                      0.035     9.381 r  c_attn/vref_r[10][4]_i_2/O
                         net (fo=1, estimated)        0.142     9.523    c_attn/vref_r_reg[10]_615[4]
    SLICE_X226Y7                                                      r  c_attn/vref_r[10][4]_i_1/I3
    SLICE_X226Y7         LUT6 (Prop_G6LUT_SLICEL_I3_O)
                                                      0.035     9.558 r  c_attn/vref_r[10][4]_i_1/O
                         net (fo=1, routed)           0.048     9.606    c_attn/vref_r[10][4]_i_1_n_0
    SLICE_X226Y7         FDSE                                         r  c_attn/vref_r_reg[10][4]/D
  -------------------------------------------------------------------    -------------------

                         (clock core_clk rise edge)
                                                      5.000     5.000 r  
                                                      0.000     5.000 r  core_clk (IN)
                         net (fo=0)                   0.036     5.036    core_clk
    BUFGCE_X0Y25                                                      r  gbufg.u_bufg_core/I
    BUFGCE_X0Y25         BUFGCE (Prop_BUFCE_BUFGCE_I_O)
                                                      0.024     5.060 r  gbufg.u_bufg_core/O
    X4Y1 (CLOCK_ROOT)    net (fo=392507, estimated)
                                                      1.412     6.472    c_attn/core_clk_i
    SLICE_X226Y7         FDSE                                         r  c_attn/vref_r_reg[10][4]/C
                         clock pessimism              0.126     6.598    
                         clock uncertainty           -0.035     6.563    
    SLICE_X226Y7         FDSE (Setup_GFF_SLICEL_C_D)
                                                      0.025     6.588    c_attn/vref_r_reg[10][4]
  -------------------------------------------------------------------
                         required time                          6.588    
                         arrival time                          -9.606    
  -------------------------------------------------------------------
                         slack                                 -3.018    

Slack (VIOLATED) :        -3.018ns  (required time - arrival time)
  Source:                 c_attn/vref_r_reg[26][7]/C
                            (rising edge-triggered cell FDRE clocked by core_clk  {rise@0.000ns fall@2.500ns period=5.000ns})
  Destination:            c_attn/vref_r_reg[2][0]/D
                            (rising edge-triggered cell FDSE clocked by core_clk  {rise@0.000ns fall@2.500ns period=5.000ns})
  Path Group:             core_clk
  Path Type:              Setup (Max at Slow Process Corner)
  Requirement:            5.000ns  (core_clk rise@5.000ns - core_clk rise@0.000ns)
  Data Path Delay:        7.930ns  (logic 2.520ns (31.778%)  route 5.410ns (68.222%))
  Logic Levels:           28  (CARRY8=8 LUT3=2 LUT4=3 LUT5=5 LUT6=9 MUXF7=1)
  Clock Path Skew:        -0.078ns (DCD - SCD + CPR)
    Destination Clock Delay (DCD):    1.470ns = ( 6.470 - 5.000 ) 
    Source Clock Delay      (SCD):    1.674ns
    Clock Pessimism Removal (CPR):    0.126ns
  Clock Uncertainty:      0.035ns  ((TSJ^2 + TIJ^2)^1/2 + DJ) / 2 + PE
    Total System Jitter     (TSJ):    0.071ns
    Total Input Jitter      (TIJ):    0.000ns
    Discrete Jitter          (DJ):    0.000ns
    Phase Error              (PE):    0.000ns
  Clock Net Delay (Source):      1.603ns (routing 0.210ns, distribution 1.393ns)
  Clock Net Delay (Destination): 1.410ns (routing 0.190ns, distribution 1.220ns)

    Location             Delay type                Incr(ns)  Path(ns)    Netlist Resource(s)
  -------------------------------------------------------------------    -------------------
                         (clock core_clk rise edge)
                                                      0.000     0.000 r  
                                                      0.000     0.000 r  core_clk (IN)
                         net (fo=0)                   0.043     0.043    core_clk
    BUFGCE_X0Y25                                                      r  gbufg.u_bufg_core/I
    BUFGCE_X0Y25         BUFGCE (Prop_BUFCE_BUFGCE_I_O)
                                                      0.028     0.071 r  gbufg.u_bufg_core/O
    X4Y1 (CLOCK_ROOT)    net (fo=392507, estimated)
                                                      1.603     1.674    c_attn/core_clk_i
    SLICE_X220Y9         FDRE                                         r  c_attn/vref_r_reg[26][7]/C
  -------------------------------------------------------------------    -------------------
    SLICE_X220Y9         FDRE (Prop_GFF_SLICEM_C_Q)
                                                      0.078     1.752 r  c_attn/vref_r_reg[26][7]/Q
                         net (fo=2, estimated)        0.574     2.326    c_attn/u_arr/err_r_reg_i_21_2[7]
    SLICE_X225Y8                                                      r  c_attn/u_arr/err_r_i_25__3/I1
    SLICE_X225Y8         LUT6 (Prop_F6LUT_SLICEM_I1_O)
                                                      0.123     2.449 r  c_attn/u_arr/err_r_i_25__3/O
                         net (fo=1, routed)           0.023     2.472    c_attn/u_arr/err_r_i_25__3_n_0
    SLICE_X225Y8                                                      r  c_attn/u_arr/err_r_reg_i_21/I0
    SLICE_X225Y8         MUXF7 (Prop_F7MUX_EF_SLICEM_I0_O)
                                                      0.068     2.540 r  c_attn/u_arr/err_r_reg_i_21/O
                         net (fo=1, estimated)        0.187     2.727    c_attn/u_arr/err_r_reg_i_21_n_0
    SLICE_X225Y9                                                      r  c_attn/u_arr/err_r_i_17__4/I0
    SLICE_X225Y9         LUT6 (Prop_F6LUT_SLICEM_I0_O)
                                                      0.098     2.825 r  c_attn/u_arr/err_r_i_17__4/O
                         net (fo=14, estimated)       0.134     2.959    c_attn/u_arr_n_3
    SLICE_X225Y9                                                      r  c_attn/vref_r[0][7]_i_84/I0
    SLICE_X225Y9         LUT4 (Prop_D6LUT_SLICEM_I0_O)
                                                      0.088     3.047 r  c_attn/vref_r[0][7]_i_84/O
                         net (fo=1, routed)           0.025     3.072    c_attn/vref_r[0][7]_i_84_n_0
    SLICE_X225Y9                                                      r  c_attn/vref_r_reg[0][7]_i_68/S[3]
    SLICE_X225Y9         CARRY8 (Prop_CARRY8_SLICEM_S[3]_CO[3])
                                                      0.133     3.205 r  c_attn/vref_r_reg[0][7]_i_68/CO[3]
                         net (fo=16, estimated)       0.170     3.375    c_attn/vref_r_reg[0][7]_i_68_n_4
    SLICE_X224Y8                                                      r  c_attn/vref_r[0][0]_i_8/I2
    SLICE_X224Y8         LUT3 (Prop_G6LUT_SLICEL_I2_O)
                                                      0.035     3.410 r  c_attn/vref_r[0][0]_i_8/O
                         net (fo=5, estimated)        0.111     3.521    c_attn/vref_r[0][0]_i_8_n_0
    SLICE_X224Y8                                                      r  c_attn/vref_r[0][6]_i_13/I3
    SLICE_X224Y8         LUT6 (Prop_F6LUT_SLICEL_I3_O)
                                                      0.035     3.556 r  c_attn/vref_r[0][6]_i_13/O
                         net (fo=1, estimated)        0.183     3.739    c_attn/vref_r[0][6]_i_13_n_0
    SLICE_X224Y8                                                      r  c_attn/vref_r_reg[0][6]_i_9/DI[0]
    SLICE_X224Y8         CARRY8 (Prop_CARRY8_SLICEL_DI[0]_CO[3])
                                                      0.180     3.919 r  c_attn/vref_r_reg[0][6]_i_9/CO[3]
                         net (fo=16, estimated)       0.255     4.174    c_attn/vref_r_reg[0][6]_i_9_n_4
    SLICE_X223Y8                                                      r  c_attn/vref_r[0][1]_i_6/I4
    SLICE_X223Y8         LUT5 (Prop_H6LUT_SLICEL_I4_O)
                                                      0.036     4.210 r  c_attn/vref_r[0][1]_i_6/O
                         net (fo=5, estimated)        0.107     4.317    c_attn/vref_r[0][1]_i_6_n_0
    SLICE_X222Y8                                                      r  c_attn/vref_r[0][7]_i_72/I5
    SLICE_X222Y8         LUT6 (Prop_H6LUT_SLICEM_I5_O)
                                                      0.039     4.356 r  c_attn/vref_r[0][7]_i_72/O
                         net (fo=1, estimated)        0.144     4.500    c_attn/vref_r[0][7]_i_72_n_0
    SLICE_X221Y9                                                      r  c_attn/vref_r_reg[0][7]_i_47/DI[0]
    SLICE_X221Y9         CARRY8 (Prop_CARRY8_SLICEL_DI[0]_CO[3])
                                                      0.180     4.680 r  c_attn/vref_r_reg[0][7]_i_47/CO[3]
                         net (fo=10, estimated)       0.154     4.834    c_attn/vref_r_reg[0][7]_i_47_n_4
    SLICE_X221Y10                                                     r  c_attn/vref_r[0][0]_i_7/I4
    SLICE_X221Y10        LUT5 (Prop_A6LUT_SLICEL_I4_O)
                                                      0.035     4.869 r  c_attn/vref_r[0][0]_i_7/O
                         net (fo=5, estimated)        0.461     5.330    c_attn/vref_r[0][0]_i_7_n_0
    SLICE_X219Y12                                                     r  c_attn/vref_r[0][7]_i_51/I3
    SLICE_X219Y12        LUT6 (Prop_B6LUT_SLICEL_I3_O)
                                                      0.036     5.366 r  c_attn/vref_r[0][7]_i_51/O
                         net (fo=1, estimated)        0.142     5.508    c_attn/vref_r[0][7]_i_51_n_0
    SLICE_X219Y13                                                     r  c_attn/vref_r_reg[0][7]_i_28/DI[0]
    SLICE_X219Y13        CARRY8 (Prop_CARRY8_SLICEL_DI[0]_CO[3])
                                                      0.180     5.688 r  c_attn/vref_r_reg[0][7]_i_28/CO[3]
                         net (fo=19, estimated)       0.216     5.904    c_attn/vref_r_reg[0][7]_i_28_n_4
    SLICE_X219Y13                                                     r  c_attn/vref_r[0][1]_i_5/I4
    SLICE_X219Y13        LUT5 (Prop_G6LUT_SLICEL_I4_O)
                                                      0.035     5.939 r  c_attn/vref_r[0][1]_i_5/O
                         net (fo=3, estimated)        0.142     6.081    c_attn/vref_r[0][1]_i_5_n_0
    SLICE_X218Y13                                                     r  c_attn/vref_r[0][7]_i_59/I5
    SLICE_X218Y13        LUT6 (Prop_F6LUT_SLICEL_I5_O)
                                                      0.035     6.116 r  c_attn/vref_r[0][7]_i_59/O
                         net (fo=1, estimated)        0.142     6.258    c_attn/vref_r[0][7]_i_59_n_0
    SLICE_X218Y14                                                     r  c_attn/vref_r_reg[0][7]_i_29/DI[0]
    SLICE_X218Y14        CARRY8 (Prop_CARRY8_SLICEL_DI[0]_CO[3])
                                                      0.180     6.438 r  c_attn/vref_r_reg[0][7]_i_29/CO[3]
                         net (fo=8, estimated)        0.193     6.631    c_attn/vref_r_reg[0][7]_i_29_n_4
    SLICE_X219Y14                                                     r  c_attn/vref_r[0][0]_i_6/I4
    SLICE_X219Y14        LUT5 (Prop_C6LUT_SLICEL_I4_O)
                                                      0.035     6.666 r  c_attn/vref_r[0][0]_i_6/O
                         net (fo=5, estimated)        0.206     6.872    c_attn/vref_r[0][0]_i_6_n_0
    SLICE_X220Y15                                                     r  c_attn/vref_r[0][7]_i_37/I0
    SLICE_X220Y15        LUT4 (Prop_A6LUT_SLICEM_I0_O)
                                                      0.090     6.962 r  c_attn/vref_r[0][7]_i_37/O
                         net (fo=1, routed)           0.013     6.975    c_attn/vref_r[0][7]_i_37_n_0
    SLICE_X220Y15                                                     r  c_attn/vref_r_reg[0][7]_i_17/S[0]
    SLICE_X220Y15        CARRY8 (Prop_CARRY8_SLICEM_S[0]_CO[3])
                                                      0.186     7.161 r  c_attn/vref_r_reg[0][7]_i_17/CO[3]
                         net (fo=20, estimated)       0.221     7.382    c_attn/vref_r_reg[0][7]_i_17_n_4
    SLICE_X220Y15                                                     r  c_attn/vref_r[0][7]_i_66/I2
    SLICE_X220Y15        LUT3 (Prop_F6LUT_SLICEM_I2_O)
                                                      0.051     7.433 r  c_attn/vref_r[0][7]_i_66/O
                         net (fo=2, estimated)        0.041     7.474    c_attn/vref_r[0][7]_i_66_n_0
    SLICE_X220Y15                                                     r  c_attn/vref_r[0][7]_i_40/I5
    SLICE_X220Y15        LUT6 (Prop_G6LUT_SLICEM_I5_O)
                                                      0.037     7.511 r  c_attn/vref_r[0][7]_i_40/O
                         net (fo=1, estimated)        0.238     7.749    c_attn/vref_r[0][7]_i_40_n_0
    SLICE_X220Y13                                                     r  c_attn/vref_r_reg[0][7]_i_18/DI[1]
    SLICE_X220Y13        CARRY8 (Prop_CARRY8_SLICEM_DI[1]_CO[3])
                                                      0.144     7.893 r  c_attn/vref_r_reg[0][7]_i_18/CO[3]
                         net (fo=8, estimated)        0.209     8.102    c_attn/vref_r_reg[0][7]_i_18_n_4
    SLICE_X220Y14                                                     r  c_attn/vref_r[0][0]_i_5/I4
    SLICE_X220Y14        LUT5 (Prop_G6LUT_SLICEM_I4_O)
                                                      0.037     8.139 r  c_attn/vref_r[0][0]_i_5/O
                         net (fo=34, estimated)       0.156     8.295    c_attn/ev[0]
    SLICE_X220Y14                                                     r  c_attn/vref_r[0][7]_i_26/I0
    SLICE_X220Y14        LUT4 (Prop_A6LUT_SLICEM_I0_O)
                                                      0.090     8.385 r  c_attn/vref_r[0][7]_i_26/O
                         net (fo=1, routed)           0.013     8.398    c_attn/vref_r[0][7]_i_26_n_0
    SLICE_X220Y14                                                     r  c_attn/vref_r_reg[0][7]_i_13/S[0]
    SLICE_X220Y14        CARRY8 (Prop_CARRY8_SLICEM_S[0]_CO[3])
                                                      0.186     8.584 r  c_attn/vref_r_reg[0][7]_i_13/CO[3]
                         net (fo=256, estimated)      0.675     9.259    c_attn/ev1
    SLICE_X223Y11                                                     r  c_attn/vref_r[2][0]_i_2/I1
    SLICE_X223Y11        LUT6 (Prop_E6LUT_SLICEL_I1_O)
                                                      0.035     9.294 r  c_attn/vref_r[2][0]_i_2/O
                         net (fo=1, estimated)        0.224     9.518    c_attn/vref_r_reg[2]_626[0]
    SLICE_X224Y9                                                      r  c_attn/vref_r[2][0]_i_1/I3
    SLICE_X224Y9         LUT6 (Prop_F6LUT_SLICEL_I3_O)
                                                      0.035     9.553 r  c_attn/vref_r[2][0]_i_1/O
                         net (fo=1, routed)           0.051     9.604    c_attn/vref_r[2][0]_i_1_n_0
    SLICE_X224Y9         FDSE                                         r  c_attn/vref_r_reg[2][0]/D
  -------------------------------------------------------------------    -------------------

                         (clock core_clk rise edge)
                                                      5.000     5.000 r  
                                                      0.000     5.000 r  core_clk (IN)
                         net (fo=0)                   0.036     5.036    core_clk
    BUFGCE_X0Y25                                                      r  gbufg.u_bufg_core/I
    BUFGCE_X0Y25         BUFGCE (Prop_BUFCE_BUFGCE_I_O)
                                                      0.024     5.060 r  gbufg.u_bufg_core/O
    X4Y1 (CLOCK_ROOT)    net (fo=392507, estimated)
                                                      1.410     6.470    c_attn/core_clk_i
    SLICE_X224Y9         FDSE                                         r  c_attn/vref_r_reg[2][0]/C
                         clock pessimism              0.126     6.596    
                         clock uncertainty           -0.035     6.561    
    SLICE_X224Y9         FDSE (Setup_FFF_SLICEL_C_D)
                                                      0.025     6.586    c_attn/vref_r_reg[2][0]
  -------------------------------------------------------------------
                         required time                          6.586    
                         arrival time                          -9.604    
  -------------------------------------------------------------------
                         slack                                 -3.018    

Slack (VIOLATED) :        -3.016ns  (required time - arrival time)
  Source:                 c_attn/vref_r_reg[26][7]/C
                            (rising edge-triggered cell FDRE clocked by core_clk  {rise@0.000ns fall@2.500ns period=5.000ns})
  Destination:            c_attn/vref_r_reg[30][4]/D
                            (rising edge-triggered cell FDSE clocked by core_clk  {rise@0.000ns fall@2.500ns period=5.000ns})
  Path Group:             core_clk
  Path Type:              Setup (Max at Slow Process Corner)
  Requirement:            5.000ns  (core_clk rise@5.000ns - core_clk rise@0.000ns)
  Data Path Delay:        7.934ns  (logic 2.527ns (31.850%)  route 5.407ns (68.150%))
  Logic Levels:           28  (CARRY8=8 LUT3=2 LUT4=3 LUT5=5 LUT6=9 MUXF7=1)
  Clock Path Skew:        -0.072ns (DCD - SCD + CPR)
    Destination Clock Delay (DCD):    1.476ns = ( 6.476 - 5.000 ) 
    Source Clock Delay      (SCD):    1.674ns
    Clock Pessimism Removal (CPR):    0.126ns
  Clock Uncertainty:      0.035ns  ((TSJ^2 + TIJ^2)^1/2 + DJ) / 2 + PE
    Total System Jitter     (TSJ):    0.071ns
    Total Input Jitter      (TIJ):    0.000ns
    Discrete Jitter          (DJ):    0.000ns
    Phase Error              (PE):    0.000ns
  Clock Net Delay (Source):      1.603ns (routing 0.210ns, distribution 1.393ns)
  Clock Net Delay (Destination): 1.416ns (routing 0.190ns, distribution 1.226ns)

    Location             Delay type                Incr(ns)  Path(ns)    Netlist Resource(s)
  -------------------------------------------------------------------    -------------------
                         (clock core_clk rise edge)
                                                      0.000     0.000 r  
                                                      0.000     0.000 r  core_clk (IN)
                         net (fo=0)                   0.043     0.043    core_clk
    BUFGCE_X0Y25                                                      r  gbufg.u_bufg_core/I
    BUFGCE_X0Y25         BUFGCE (Prop_BUFCE_BUFGCE_I_O)
                                                      0.028     0.071 r  gbufg.u_bufg_core/O
    X4Y1 (CLOCK_ROOT)    net (fo=392507, estimated)
                                                      1.603     1.674    c_attn/core_clk_i
    SLICE_X220Y9         FDRE                                         r  c_attn/vref_r_reg[26][7]/C
  -------------------------------------------------------------------    -------------------
    SLICE_X220Y9         FDRE (Prop_GFF_SLICEM_C_Q)
                                                      0.078     1.752 r  c_attn/vref_r_reg[26][7]/Q
                         net (fo=2, estimated)        0.574     2.326    c_attn/u_arr/err_r_reg_i_21_2[7]
    SLICE_X225Y8                                                      r  c_attn/u_arr/err_r_i_25__3/I1
    SLICE_X225Y8         LUT6 (Prop_F6LUT_SLICEM_I1_O)
                                                      0.123     2.449 r  c_attn/u_arr/err_r_i_25__3/O
                         net (fo=1, routed)           0.023     2.472    c_attn/u_arr/err_r_i_25__3_n_0
    SLICE_X225Y8                                                      r  c_attn/u_arr/err_r_reg_i_21/I0
    SLICE_X225Y8         MUXF7 (Prop_F7MUX_EF_SLICEM_I0_O)
                                                      0.068     2.540 r  c_attn/u_arr/err_r_reg_i_21/O
                         net (fo=1, estimated)        0.187     2.727    c_attn/u_arr/err_r_reg_i_21_n_0
    SLICE_X225Y9                                                      r  c_attn/u_arr/err_r_i_17__4/I0
    SLICE_X225Y9         LUT6 (Prop_F6LUT_SLICEM_I0_O)
                                                      0.098     2.825 r  c_attn/u_arr/err_r_i_17__4/O
                         net (fo=14, estimated)       0.134     2.959    c_attn/u_arr_n_3
    SLICE_X225Y9                                                      r  c_attn/vref_r[0][7]_i_84/I0
    SLICE_X225Y9         LUT4 (Prop_D6LUT_SLICEM_I0_O)
                                                      0.088     3.047 r  c_attn/vref_r[0][7]_i_84/O
                         net (fo=1, routed)           0.025     3.072    c_attn/vref_r[0][7]_i_84_n_0
    SLICE_X225Y9                                                      r  c_attn/vref_r_reg[0][7]_i_68/S[3]
    SLICE_X225Y9         CARRY8 (Prop_CARRY8_SLICEM_S[3]_CO[3])
                                                      0.133     3.205 r  c_attn/vref_r_reg[0][7]_i_68/CO[3]
                         net (fo=16, estimated)       0.170     3.375    c_attn/vref_r_reg[0][7]_i_68_n_4
    SLICE_X224Y8                                                      r  c_attn/vref_r[0][0]_i_8/I2
    SLICE_X224Y8         LUT3 (Prop_G6LUT_SLICEL_I2_O)
                                                      0.035     3.410 r  c_attn/vref_r[0][0]_i_8/O
                         net (fo=5, estimated)        0.111     3.521    c_attn/vref_r[0][0]_i_8_n_0
    SLICE_X224Y8                                                      r  c_attn/vref_r[0][6]_i_13/I3
    SLICE_X224Y8         LUT6 (Prop_F6LUT_SLICEL_I3_O)
                                                      0.035     3.556 r  c_attn/vref_r[0][6]_i_13/O
                         net (fo=1, estimated)        0.183     3.739    c_attn/vref_r[0][6]_i_13_n_0
    SLICE_X224Y8                                                      r  c_attn/vref_r_reg[0][6]_i_9/DI[0]
    SLICE_X224Y8         CARRY8 (Prop_CARRY8_SLICEL_DI[0]_CO[3])
                                                      0.180     3.919 r  c_attn/vref_r_reg[0][6]_i_9/CO[3]
                         net (fo=16, estimated)       0.255     4.174    c_attn/vref_r_reg[0][6]_i_9_n_4
    SLICE_X223Y8                                                      r  c_attn/vref_r[0][1]_i_6/I4
    SLICE_X223Y8         LUT5 (Prop_H6LUT_SLICEL_I4_O)
                                                      0.036     4.210 r  c_attn/vref_r[0][1]_i_6/O
                         net (fo=5, estimated)        0.107     4.317    c_attn/vref_r[0][1]_i_6_n_0
    SLICE_X222Y8                                                      r  c_attn/vref_r[0][7]_i_72/I5
    SLICE_X222Y8         LUT6 (Prop_H6LUT_SLICEM_I5_O)
                                                      0.039     4.356 r  c_attn/vref_r[0][7]_i_72/O
                         net (fo=1, estimated)        0.144     4.500    c_attn/vref_r[0][7]_i_72_n_0
    SLICE_X221Y9                                                      r  c_attn/vref_r_reg[0][7]_i_47/DI[0]
    SLICE_X221Y9         CARRY8 (Prop_CARRY8_SLICEL_DI[0]_CO[3])
                                                      0.180     4.680 r  c_attn/vref_r_reg[0][7]_i_47/CO[3]
                         net (fo=10, estimated)       0.154     4.834    c_attn/vref_r_reg[0][7]_i_47_n_4
    SLICE_X221Y10                                                     r  c_attn/vref_r[0][0]_i_7/I4
    SLICE_X221Y10        LUT5 (Prop_A6LUT_SLICEL_I4_O)
                                                      0.035     4.869 r  c_attn/vref_r[0][0]_i_7/O
                         net (fo=5, estimated)        0.461     5.330    c_attn/vref_r[0][0]_i_7_n_0
    SLICE_X219Y12                                                     r  c_attn/vref_r[0][7]_i_51/I3
    SLICE_X219Y12        LUT6 (Prop_B6LUT_SLICEL_I3_O)
                                                      0.036     5.366 r  c_attn/vref_r[0][7]_i_51/O
                         net (fo=1, estimated)        0.142     5.508    c_attn/vref_r[0][7]_i_51_n_0
    SLICE_X219Y13                                                     r  c_attn/vref_r_reg[0][7]_i_28/DI[0]
    SLICE_X219Y13        CARRY8 (Prop_CARRY8_SLICEL_DI[0]_CO[3])
                                                      0.180     5.688 r  c_attn/vref_r_reg[0][7]_i_28/CO[3]
                         net (fo=19, estimated)       0.216     5.904    c_attn/vref_r_reg[0][7]_i_28_n_4
    SLICE_X219Y13                                                     r  c_attn/vref_r[0][1]_i_5/I4
    SLICE_X219Y13        LUT5 (Prop_G6LUT_SLICEL_I4_O)
                                                      0.035     5.939 r  c_attn/vref_r[0][1]_i_5/O
                         net (fo=3, estimated)        0.142     6.081    c_attn/vref_r[0][1]_i_5_n_0
    SLICE_X218Y13                                                     r  c_attn/vref_r[0][7]_i_59/I5
    SLICE_X218Y13        LUT6 (Prop_F6LUT_SLICEL_I5_O)
                                                      0.035     6.116 r  c_attn/vref_r[0][7]_i_59/O
                         net (fo=1, estimated)        0.142     6.258    c_attn/vref_r[0][7]_i_59_n_0
    SLICE_X218Y14                                                     r  c_attn/vref_r_reg[0][7]_i_29/DI[0]
    SLICE_X218Y14        CARRY8 (Prop_CARRY8_SLICEL_DI[0]_CO[3])
                                                      0.180     6.438 r  c_attn/vref_r_reg[0][7]_i_29/CO[3]
                         net (fo=8, estimated)        0.193     6.631    c_attn/vref_r_reg[0][7]_i_29_n_4
    SLICE_X219Y14                                                     r  c_attn/vref_r[0][0]_i_6/I4
    SLICE_X219Y14        LUT5 (Prop_C6LUT_SLICEL_I4_O)
                                                      0.035     6.666 r  c_attn/vref_r[0][0]_i_6/O
                         net (fo=5, estimated)        0.206     6.872    c_attn/vref_r[0][0]_i_6_n_0
    SLICE_X220Y15                                                     r  c_attn/vref_r[0][7]_i_37/I0
    SLICE_X220Y15        LUT4 (Prop_A6LUT_SLICEM_I0_O)
                                                      0.090     6.962 r  c_attn/vref_r[0][7]_i_37/O
                         net (fo=1, routed)           0.013     6.975    c_attn/vref_r[0][7]_i_37_n_0
    SLICE_X220Y15                                                     r  c_attn/vref_r_reg[0][7]_i_17/S[0]
    SLICE_X220Y15        CARRY8 (Prop_CARRY8_SLICEM_S[0]_CO[3])
                                                      0.186     7.161 r  c_attn/vref_r_reg[0][7]_i_17/CO[3]
                         net (fo=20, estimated)       0.221     7.382    c_attn/vref_r_reg[0][7]_i_17_n_4
    SLICE_X220Y15                                                     r  c_attn/vref_r[0][7]_i_66/I2
    SLICE_X220Y15        LUT3 (Prop_F6LUT_SLICEM_I2_O)
                                                      0.051     7.433 r  c_attn/vref_r[0][7]_i_66/O
                         net (fo=2, estimated)        0.041     7.474    c_attn/vref_r[0][7]_i_66_n_0
    SLICE_X220Y15                                                     r  c_attn/vref_r[0][7]_i_40/I5
    SLICE_X220Y15        LUT6 (Prop_G6LUT_SLICEM_I5_O)
                                                      0.037     7.511 r  c_attn/vref_r[0][7]_i_40/O
                         net (fo=1, estimated)        0.238     7.749    c_attn/vref_r[0][7]_i_40_n_0
    SLICE_X220Y13                                                     r  c_attn/vref_r_reg[0][7]_i_18/DI[1]
    SLICE_X220Y13        CARRY8 (Prop_CARRY8_SLICEM_DI[1]_CO[3])
                                                      0.144     7.893 r  c_attn/vref_r_reg[0][7]_i_18/CO[3]
                         net (fo=8, estimated)        0.209     8.102    c_attn/vref_r_reg[0][7]_i_18_n_4
    SLICE_X220Y14                                                     r  c_attn/vref_r[0][0]_i_5/I4
    SLICE_X220Y14        LUT5 (Prop_G6LUT_SLICEM_I4_O)
                                                      0.037     8.139 r  c_attn/vref_r[0][0]_i_5/O
                         net (fo=34, estimated)       0.156     8.295    c_attn/ev[0]
    SLICE_X220Y14                                                     r  c_attn/vref_r[0][7]_i_26/I0
    SLICE_X220Y14        LUT4 (Prop_A6LUT_SLICEM_I0_O)
                                                      0.090     8.385 r  c_attn/vref_r[0][7]_i_26/O
                         net (fo=1, routed)           0.013     8.398    c_attn/vref_r[0][7]_i_26_n_0
    SLICE_X220Y14                                                     r  c_attn/vref_r_reg[0][7]_i_13/S[0]
    SLICE_X220Y14        CARRY8 (Prop_CARRY8_SLICEM_S[0]_CO[3])
                                                      0.186     8.584 r  c_attn/vref_r_reg[0][7]_i_13/CO[3]
                         net (fo=256, estimated)      0.787     9.371    c_attn/ev1
    SLICE_X227Y12                                                     r  c_attn/vref_r[30][4]_i_2/I2
    SLICE_X227Y12        LUT6 (Prop_A6LUT_SLICEM_I2_O)
                                                      0.038     9.409 r  c_attn/vref_r[30][4]_i_2/O
                         net (fo=1, estimated)        0.102     9.511    c_attn/vref_r_reg[30]_604[4]
    SLICE_X227Y9                                                      r  c_attn/vref_r[30][4]_i_1/I3
    SLICE_X227Y9         LUT6 (Prop_H6LUT_SLICEM_I3_O)
                                                      0.039     9.550 r  c_attn/vref_r[30][4]_i_1/O
                         net (fo=1, routed)           0.058     9.608    c_attn/vref_r[30][4]_i_1_n_0
    SLICE_X227Y9         FDSE                                         r  c_attn/vref_r_reg[30][4]/D
  -------------------------------------------------------------------    -------------------

                         (clock core_clk rise edge)
                                                      5.000     5.000 r  
                                                      0.000     5.000 r  core_clk (IN)
                         net (fo=0)                   0.036     5.036    core_clk
    BUFGCE_X0Y25                                                      r  gbufg.u_bufg_core/I
    BUFGCE_X0Y25         BUFGCE (Prop_BUFCE_BUFGCE_I_O)
                                                      0.024     5.060 r  gbufg.u_bufg_core/O
    X4Y1 (CLOCK_ROOT)    net (fo=392507, estimated)
                                                      1.416     6.476    c_attn/core_clk_i
    SLICE_X227Y9         FDSE                                         r  c_attn/vref_r_reg[30][4]/C
                         clock pessimism              0.126     6.602    
                         clock uncertainty           -0.035     6.567    
    SLICE_X227Y9         FDSE (Setup_HFF_SLICEM_C_D)
                                                      0.025     6.592    c_attn/vref_r_reg[30][4]
  -------------------------------------------------------------------
                         required time                          6.592    
                         arrival time                          -9.608    
  -------------------------------------------------------------------
                         slack                                 -3.016    

Slack (VIOLATED) :        -3.016ns  (required time - arrival time)
  Source:                 c_attn/vref_r_reg[26][7]/C
                            (rising edge-triggered cell FDRE clocked by core_clk  {rise@0.000ns fall@2.500ns period=5.000ns})
  Destination:            c_attn/vref_r_reg[13][4]/D
                            (rising edge-triggered cell FDSE clocked by core_clk  {rise@0.000ns fall@2.500ns period=5.000ns})
  Path Group:             core_clk
  Path Type:              Setup (Max at Slow Process Corner)
  Requirement:            5.000ns  (core_clk rise@5.000ns - core_clk rise@0.000ns)
  Data Path Delay:        7.930ns  (logic 2.524ns (31.829%)  route 5.406ns (68.172%))
  Logic Levels:           28  (CARRY8=8 LUT3=2 LUT4=3 LUT5=5 LUT6=9 MUXF7=1)
  Clock Path Skew:        -0.076ns (DCD - SCD + CPR)
    Destination Clock Delay (DCD):    1.472ns = ( 6.472 - 5.000 ) 
    Source Clock Delay      (SCD):    1.674ns
    Clock Pessimism Removal (CPR):    0.126ns
  Clock Uncertainty:      0.035ns  ((TSJ^2 + TIJ^2)^1/2 + DJ) / 2 + PE
    Total System Jitter     (TSJ):    0.071ns
    Total Input Jitter      (TIJ):    0.000ns
    Discrete Jitter          (DJ):    0.000ns
    Phase Error              (PE):    0.000ns
  Clock Net Delay (Source):      1.603ns (routing 0.210ns, distribution 1.393ns)
  Clock Net Delay (Destination): 1.412ns (routing 0.190ns, distribution 1.222ns)

    Location             Delay type                Incr(ns)  Path(ns)    Netlist Resource(s)
  -------------------------------------------------------------------    -------------------
                         (clock core_clk rise edge)
                                                      0.000     0.000 r  
                                                      0.000     0.000 r  core_clk (IN)
                         net (fo=0)                   0.043     0.043    core_clk
    BUFGCE_X0Y25                                                      r  gbufg.u_bufg_core/I
    BUFGCE_X0Y25         BUFGCE (Prop_BUFCE_BUFGCE_I_O)
                                                      0.028     0.071 r  gbufg.u_bufg_core/O
    X4Y1 (CLOCK_ROOT)    net (fo=392507, estimated)
                                                      1.603     1.674    c_attn/core_clk_i
    SLICE_X220Y9         FDRE                                         r  c_attn/vref_r_reg[26][7]/C
  -------------------------------------------------------------------    -------------------
    SLICE_X220Y9         FDRE (Prop_GFF_SLICEM_C_Q)
                                                      0.078     1.752 r  c_attn/vref_r_reg[26][7]/Q
                         net (fo=2, estimated)        0.574     2.326    c_attn/u_arr/err_r_reg_i_21_2[7]
    SLICE_X225Y8                                                      r  c_attn/u_arr/err_r_i_25__3/I1
    SLICE_X225Y8         LUT6 (Prop_F6LUT_SLICEM_I1_O)
                                                      0.123     2.449 r  c_attn/u_arr/err_r_i_25__3/O
                         net (fo=1, routed)           0.023     2.472    c_attn/u_arr/err_r_i_25__3_n_0
    SLICE_X225Y8                                                      r  c_attn/u_arr/err_r_reg_i_21/I0
    SLICE_X225Y8         MUXF7 (Prop_F7MUX_EF_SLICEM_I0_O)
                                                      0.068     2.540 r  c_attn/u_arr/err_r_reg_i_21/O
                         net (fo=1, estimated)        0.187     2.727    c_attn/u_arr/err_r_reg_i_21_n_0
    SLICE_X225Y9                                                      r  c_attn/u_arr/err_r_i_17__4/I0
    SLICE_X225Y9         LUT6 (Prop_F6LUT_SLICEM_I0_O)
                                                      0.098     2.825 r  c_attn/u_arr/err_r_i_17__4/O
                         net (fo=14, estimated)       0.134     2.959    c_attn/u_arr_n_3
    SLICE_X225Y9                                                      r  c_attn/vref_r[0][7]_i_84/I0
    SLICE_X225Y9         LUT4 (Prop_D6LUT_SLICEM_I0_O)
                                                      0.088     3.047 r  c_attn/vref_r[0][7]_i_84/O
                         net (fo=1, routed)           0.025     3.072    c_attn/vref_r[0][7]_i_84_n_0
    SLICE_X225Y9                                                      r  c_attn/vref_r_reg[0][7]_i_68/S[3]
    SLICE_X225Y9         CARRY8 (Prop_CARRY8_SLICEM_S[3]_CO[3])
                                                      0.133     3.205 r  c_attn/vref_r_reg[0][7]_i_68/CO[3]
                         net (fo=16, estimated)       0.170     3.375    c_attn/vref_r_reg[0][7]_i_68_n_4
    SLICE_X224Y8                                                      r  c_attn/vref_r[0][0]_i_8/I2
    SLICE_X224Y8         LUT3 (Prop_G6LUT_SLICEL_I2_O)
                                                      0.035     3.410 r  c_attn/vref_r[0][0]_i_8/O
                         net (fo=5, estimated)        0.111     3.521    c_attn/vref_r[0][0]_i_8_n_0
    SLICE_X224Y8                                                      r  c_attn/vref_r[0][6]_i_13/I3
    SLICE_X224Y8         LUT6 (Prop_F6LUT_SLICEL_I3_O)
                                                      0.035     3.556 r  c_attn/vref_r[0][6]_i_13/O
                         net (fo=1, estimated)        0.183     3.739    c_attn/vref_r[0][6]_i_13_n_0
    SLICE_X224Y8                                                      r  c_attn/vref_r_reg[0][6]_i_9/DI[0]
    SLICE_X224Y8         CARRY8 (Prop_CARRY8_SLICEL_DI[0]_CO[3])
                                                      0.180     3.919 r  c_attn/vref_r_reg[0][6]_i_9/CO[3]
                         net (fo=16, estimated)       0.255     4.174    c_attn/vref_r_reg[0][6]_i_9_n_4
    SLICE_X223Y8                                                      r  c_attn/vref_r[0][1]_i_6/I4
    SLICE_X223Y8         LUT5 (Prop_H6LUT_SLICEL_I4_O)
                                                      0.036     4.210 r  c_attn/vref_r[0][1]_i_6/O
                         net (fo=5, estimated)        0.107     4.317    c_attn/vref_r[0][1]_i_6_n_0
    SLICE_X222Y8                                                      r  c_attn/vref_r[0][7]_i_72/I5
    SLICE_X222Y8         LUT6 (Prop_H6LUT_SLICEM_I5_O)
                                                      0.039     4.356 r  c_attn/vref_r[0][7]_i_72/O
                         net (fo=1, estimated)        0.144     4.500    c_attn/vref_r[0][7]_i_72_n_0
    SLICE_X221Y9                                                      r  c_attn/vref_r_reg[0][7]_i_47/DI[0]
    SLICE_X221Y9         CARRY8 (Prop_CARRY8_SLICEL_DI[0]_CO[3])
                                                      0.180     4.680 r  c_attn/vref_r_reg[0][7]_i_47/CO[3]
                         net (fo=10, estimated)       0.154     4.834    c_attn/vref_r_reg[0][7]_i_47_n_4
    SLICE_X221Y10                                                     r  c_attn/vref_r[0][0]_i_7/I4
    SLICE_X221Y10        LUT5 (Prop_A6LUT_SLICEL_I4_O)
                                                      0.035     4.869 r  c_attn/vref_r[0][0]_i_7/O
                         net (fo=5, estimated)        0.461     5.330    c_attn/vref_r[0][0]_i_7_n_0
    SLICE_X219Y12                                                     r  c_attn/vref_r[0][7]_i_51/I3
    SLICE_X219Y12        LUT6 (Prop_B6LUT_SLICEL_I3_O)
                                                      0.036     5.366 r  c_attn/vref_r[0][7]_i_51/O
                         net (fo=1, estimated)        0.142     5.508    c_attn/vref_r[0][7]_i_51_n_0
    SLICE_X219Y13                                                     r  c_attn/vref_r_reg[0][7]_i_28/DI[0]
    SLICE_X219Y13        CARRY8 (Prop_CARRY8_SLICEL_DI[0]_CO[3])
                                                      0.180     5.688 r  c_attn/vref_r_reg[0][7]_i_28/CO[3]
                         net (fo=19, estimated)       0.216     5.904    c_attn/vref_r_reg[0][7]_i_28_n_4
    SLICE_X219Y13                                                     r  c_attn/vref_r[0][1]_i_5/I4
    SLICE_X219Y13        LUT5 (Prop_G6LUT_SLICEL_I4_O)
                                                      0.035     5.939 r  c_attn/vref_r[0][1]_i_5/O
                         net (fo=3, estimated)        0.142     6.081    c_attn/vref_r[0][1]_i_5_n_0
    SLICE_X218Y13                                                     r  c_attn/vref_r[0][7]_i_59/I5
    SLICE_X218Y13        LUT6 (Prop_F6LUT_SLICEL_I5_O)
                                                      0.035     6.116 r  c_attn/vref_r[0][7]_i_59/O
                         net (fo=1, estimated)        0.142     6.258    c_attn/vref_r[0][7]_i_59_n_0
    SLICE_X218Y14                                                     r  c_attn/vref_r_reg[0][7]_i_29/DI[0]
    SLICE_X218Y14        CARRY8 (Prop_CARRY8_SLICEL_DI[0]_CO[3])
                                                      0.180     6.438 r  c_attn/vref_r_reg[0][7]_i_29/CO[3]
                         net (fo=8, estimated)        0.193     6.631    c_attn/vref_r_reg[0][7]_i_29_n_4
    SLICE_X219Y14                                                     r  c_attn/vref_r[0][0]_i_6/I4
    SLICE_X219Y14        LUT5 (Prop_C6LUT_SLICEL_I4_O)
                                                      0.035     6.666 r  c_attn/vref_r[0][0]_i_6/O
                         net (fo=5, estimated)        0.206     6.872    c_attn/vref_r[0][0]_i_6_n_0
    SLICE_X220Y15                                                     r  c_attn/vref_r[0][7]_i_37/I0
    SLICE_X220Y15        LUT4 (Prop_A6LUT_SLICEM_I0_O)
                                                      0.090     6.962 r  c_attn/vref_r[0][7]_i_37/O
                         net (fo=1, routed)           0.013     6.975    c_attn/vref_r[0][7]_i_37_n_0
    SLICE_X220Y15                                                     r  c_attn/vref_r_reg[0][7]_i_17/S[0]
    SLICE_X220Y15        CARRY8 (Prop_CARRY8_SLICEM_S[0]_CO[3])
                                                      0.186     7.161 r  c_attn/vref_r_reg[0][7]_i_17/CO[3]
                         net (fo=20, estimated)       0.221     7.382    c_attn/vref_r_reg[0][7]_i_17_n_4
    SLICE_X220Y15                                                     r  c_attn/vref_r[0][7]_i_66/I2
    SLICE_X220Y15        LUT3 (Prop_F6LUT_SLICEM_I2_O)
                                                      0.051     7.433 r  c_attn/vref_r[0][7]_i_66/O
                         net (fo=2, estimated)        0.041     7.474    c_attn/vref_r[0][7]_i_66_n_0
    SLICE_X220Y15                                                     r  c_attn/vref_r[0][7]_i_40/I5
    SLICE_X220Y15        LUT6 (Prop_G6LUT_SLICEM_I5_O)
                                                      0.037     7.511 r  c_attn/vref_r[0][7]_i_40/O
                         net (fo=1, estimated)        0.238     7.749    c_attn/vref_r[0][7]_i_40_n_0
    SLICE_X220Y13                                                     r  c_attn/vref_r_reg[0][7]_i_18/DI[1]
    SLICE_X220Y13        CARRY8 (Prop_CARRY8_SLICEM_DI[1]_CO[3])
                                                      0.144     7.893 r  c_attn/vref_r_reg[0][7]_i_18/CO[3]
                         net (fo=8, estimated)        0.209     8.102    c_attn/vref_r_reg[0][7]_i_18_n_4
    SLICE_X220Y14                                                     r  c_attn/vref_r[0][0]_i_5/I4
    SLICE_X220Y14        LUT5 (Prop_G6LUT_SLICEM_I4_O)
                                                      0.037     8.139 r  c_attn/vref_r[0][0]_i_5/O
                         net (fo=34, estimated)       0.156     8.295    c_attn/ev[0]
    SLICE_X220Y14                                                     r  c_attn/vref_r[0][7]_i_26/I0
    SLICE_X220Y14        LUT4 (Prop_A6LUT_SLICEM_I0_O)
                                                      0.090     8.385 r  c_attn/vref_r[0][7]_i_26/O
                         net (fo=1, routed)           0.013     8.398    c_attn/vref_r[0][7]_i_26_n_0
    SLICE_X220Y14                                                     r  c_attn/vref_r_reg[0][7]_i_13/S[0]
    SLICE_X220Y14        CARRY8 (Prop_CARRY8_SLICEM_S[0]_CO[3])
                                                      0.186     8.584 r  c_attn/vref_r_reg[0][7]_i_13/CO[3]
                         net (fo=256, estimated)      0.785     9.369    c_attn/ev1
    SLICE_X229Y14                                                     r  c_attn/vref_r[13][4]_i_2/I2
    SLICE_X229Y14        LUT6 (Prop_F6LUT_SLICEM_I2_O)
                                                      0.037     9.406 r  c_attn/vref_r[13][4]_i_2/O
                         net (fo=1, estimated)        0.094     9.500    c_attn/vref_r_reg[13]_627[4]
    SLICE_X229Y16                                                     r  c_attn/vref_r[13][4]_i_1/I3
    SLICE_X229Y16        LUT6 (Prop_F6LUT_SLICEM_I3_O)
                                                      0.037     9.537 r  c_attn/vref_r[13][4]_i_1/O
                         net (fo=1, routed)           0.067     9.604    c_attn/vref_r[13][4]_i_1_n_0
    SLICE_X229Y16        FDSE                                         r  c_attn/vref_r_reg[13][4]/D
  -------------------------------------------------------------------    -------------------

                         (clock core_clk rise edge)
                                                      5.000     5.000 r  
                                                      0.000     5.000 r  core_clk (IN)
                         net (fo=0)                   0.036     5.036    core_clk
    BUFGCE_X0Y25                                                      r  gbufg.u_bufg_core/I
    BUFGCE_X0Y25         BUFGCE (Prop_BUFCE_BUFGCE_I_O)
                                                      0.024     5.060 r  gbufg.u_bufg_core/O
    X4Y1 (CLOCK_ROOT)    net (fo=392507, estimated)
                                                      1.412     6.472    c_attn/core_clk_i
    SLICE_X229Y16        FDSE                                         r  c_attn/vref_r_reg[13][4]/C
                         clock pessimism              0.126     6.598    
                         clock uncertainty           -0.035     6.563    
    SLICE_X229Y16        FDSE (Setup_FFF_SLICEM_C_D)
                                                      0.025     6.588    c_attn/vref_r_reg[13][4]
  -------------------------------------------------------------------
                         required time                          6.588    
                         arrival time                          -9.604    
  -------------------------------------------------------------------
                         slack                                 -3.016    

Slack (VIOLATED) :        -3.016ns  (required time - arrival time)
  Source:                 c_attn/vref_r_reg[26][7]/C
                            (rising edge-triggered cell FDRE clocked by core_clk  {rise@0.000ns fall@2.500ns period=5.000ns})
  Destination:            c_attn/vref_r_reg[14][3]/D
                            (rising edge-triggered cell FDSE clocked by core_clk  {rise@0.000ns fall@2.500ns period=5.000ns})
  Path Group:             core_clk
  Path Type:              Setup (Max at Slow Process Corner)
  Requirement:            5.000ns  (core_clk rise@5.000ns - core_clk rise@0.000ns)
  Data Path Delay:        7.928ns  (logic 2.523ns (31.824%)  route 5.405ns (68.176%))
  Logic Levels:           28  (CARRY8=8 LUT3=2 LUT4=3 LUT5=5 LUT6=9 MUXF7=1)
  Clock Path Skew:        -0.078ns (DCD - SCD + CPR)
    Destination Clock Delay (DCD):    1.470ns = ( 6.470 - 5.000 ) 
    Source Clock Delay      (SCD):    1.674ns
    Clock Pessimism Removal (CPR):    0.126ns
  Clock Uncertainty:      0.035ns  ((TSJ^2 + TIJ^2)^1/2 + DJ) / 2 + PE
    Total System Jitter     (TSJ):    0.071ns
    Total Input Jitter      (TIJ):    0.000ns
    Discrete Jitter          (DJ):    0.000ns
    Phase Error              (PE):    0.000ns
  Clock Net Delay (Source):      1.603ns (routing 0.210ns, distribution 1.393ns)
  Clock Net Delay (Destination): 1.410ns (routing 0.190ns, distribution 1.220ns)

    Location             Delay type                Incr(ns)  Path(ns)    Netlist Resource(s)
  -------------------------------------------------------------------    -------------------
                         (clock core_clk rise edge)
                                                      0.000     0.000 r  
                                                      0.000     0.000 r  core_clk (IN)
                         net (fo=0)                   0.043     0.043    core_clk
    BUFGCE_X0Y25                                                      r  gbufg.u_bufg_core/I
    BUFGCE_X0Y25         BUFGCE (Prop_BUFCE_BUFGCE_I_O)
                                                      0.028     0.071 r  gbufg.u_bufg_core/O
    X4Y1 (CLOCK_ROOT)    net (fo=392507, estimated)
                                                      1.603     1.674    c_attn/core_clk_i
    SLICE_X220Y9         FDRE                                         r  c_attn/vref_r_reg[26][7]/C
  -------------------------------------------------------------------    -------------------
    SLICE_X220Y9         FDRE (Prop_GFF_SLICEM_C_Q)
                                                      0.078     1.752 r  c_attn/vref_r_reg[26][7]/Q
                         net (fo=2, estimated)        0.574     2.326    c_attn/u_arr/err_r_reg_i_21_2[7]
    SLICE_X225Y8                                                      r  c_attn/u_arr/err_r_i_25__3/I1
    SLICE_X225Y8         LUT6 (Prop_F6LUT_SLICEM_I1_O)
                                                      0.123     2.449 r  c_attn/u_arr/err_r_i_25__3/O
                         net (fo=1, routed)           0.023     2.472    c_attn/u_arr/err_r_i_25__3_n_0
    SLICE_X225Y8                                                      r  c_attn/u_arr/err_r_reg_i_21/I0
    SLICE_X225Y8         MUXF7 (Prop_F7MUX_EF_SLICEM_I0_O)
                                                      0.068     2.540 r  c_attn/u_arr/err_r_reg_i_21/O
                         net (fo=1, estimated)        0.187     2.727    c_attn/u_arr/err_r_reg_i_21_n_0
    SLICE_X225Y9                                                      r  c_attn/u_arr/err_r_i_17__4/I0
    SLICE_X225Y9         LUT6 (Prop_F6LUT_SLICEM_I0_O)
                                                      0.098     2.825 r  c_attn/u_arr/err_r_i_17__4/O
                         net (fo=14, estimated)       0.134     2.959    c_attn/u_arr_n_3
    SLICE_X225Y9                                                      r  c_attn/vref_r[0][7]_i_84/I0
    SLICE_X225Y9         LUT4 (Prop_D6LUT_SLICEM_I0_O)
                                                      0.088     3.047 r  c_attn/vref_r[0][7]_i_84/O
                         net (fo=1, routed)           0.025     3.072    c_attn/vref_r[0][7]_i_84_n_0
    SLICE_X225Y9                                                      r  c_attn/vref_r_reg[0][7]_i_68/S[3]
    SLICE_X225Y9         CARRY8 (Prop_CARRY8_SLICEM_S[3]_CO[3])
                                                      0.133     3.205 r  c_attn/vref_r_reg[0][7]_i_68/CO[3]
                         net (fo=16, estimated)       0.170     3.375    c_attn/vref_r_reg[0][7]_i_68_n_4
    SLICE_X224Y8                                                      r  c_attn/vref_r[0][0]_i_8/I2
    SLICE_X224Y8         LUT3 (Prop_G6LUT_SLICEL_I2_O)
                                                      0.035     3.410 r  c_attn/vref_r[0][0]_i_8/O
                         net (fo=5, estimated)        0.111     3.521    c_attn/vref_r[0][0]_i_8_n_0
    SLICE_X224Y8                                                      r  c_attn/vref_r[0][6]_i_13/I3
    SLICE_X224Y8         LUT6 (Prop_F6LUT_SLICEL_I3_O)
                                                      0.035     3.556 r  c_attn/vref_r[0][6]_i_13/O
                         net (fo=1, estimated)        0.183     3.739    c_attn/vref_r[0][6]_i_13_n_0
    SLICE_X224Y8                                                      r  c_attn/vref_r_reg[0][6]_i_9/DI[0]
    SLICE_X224Y8         CARRY8 (Prop_CARRY8_SLICEL_DI[0]_CO[3])
                                                      0.180     3.919 r  c_attn/vref_r_reg[0][6]_i_9/CO[3]
                         net (fo=16, estimated)       0.255     4.174    c_attn/vref_r_reg[0][6]_i_9_n_4
    SLICE_X223Y8                                                      r  c_attn/vref_r[0][1]_i_6/I4
    SLICE_X223Y8         LUT5 (Prop_H6LUT_SLICEL_I4_O)
                                                      0.036     4.210 r  c_attn/vref_r[0][1]_i_6/O
                         net (fo=5, estimated)        0.107     4.317    c_attn/vref_r[0][1]_i_6_n_0
    SLICE_X222Y8                                                      r  c_attn/vref_r[0][7]_i_72/I5
    SLICE_X222Y8         LUT6 (Prop_H6LUT_SLICEM_I5_O)
                                                      0.039     4.356 r  c_attn/vref_r[0][7]_i_72/O
                         net (fo=1, estimated)        0.144     4.500    c_attn/vref_r[0][7]_i_72_n_0
    SLICE_X221Y9                                                      r  c_attn/vref_r_reg[0][7]_i_47/DI[0]
    SLICE_X221Y9         CARRY8 (Prop_CARRY8_SLICEL_DI[0]_CO[3])
                                                      0.180     4.680 r  c_attn/vref_r_reg[0][7]_i_47/CO[3]
                         net (fo=10, estimated)       0.154     4.834    c_attn/vref_r_reg[0][7]_i_47_n_4
    SLICE_X221Y10                                                     r  c_attn/vref_r[0][0]_i_7/I4
    SLICE_X221Y10        LUT5 (Prop_A6LUT_SLICEL_I4_O)
                                                      0.035     4.869 r  c_attn/vref_r[0][0]_i_7/O
                         net (fo=5, estimated)        0.461     5.330    c_attn/vref_r[0][0]_i_7_n_0
    SLICE_X219Y12                                                     r  c_attn/vref_r[0][7]_i_51/I3
    SLICE_X219Y12        LUT6 (Prop_B6LUT_SLICEL_I3_O)
                                                      0.036     5.366 r  c_attn/vref_r[0][7]_i_51/O
                         net (fo=1, estimated)        0.142     5.508    c_attn/vref_r[0][7]_i_51_n_0
    SLICE_X219Y13                                                     r  c_attn/vref_r_reg[0][7]_i_28/DI[0]
    SLICE_X219Y13        CARRY8 (Prop_CARRY8_SLICEL_DI[0]_CO[3])
                                                      0.180     5.688 r  c_attn/vref_r_reg[0][7]_i_28/CO[3]
                         net (fo=19, estimated)       0.216     5.904    c_attn/vref_r_reg[0][7]_i_28_n_4
    SLICE_X219Y13                                                     r  c_attn/vref_r[0][1]_i_5/I4
    SLICE_X219Y13        LUT5 (Prop_G6LUT_SLICEL_I4_O)
                                                      0.035     5.939 r  c_attn/vref_r[0][1]_i_5/O
                         net (fo=3, estimated)        0.142     6.081    c_attn/vref_r[0][1]_i_5_n_0
    SLICE_X218Y13                                                     r  c_attn/vref_r[0][7]_i_59/I5
    SLICE_X218Y13        LUT6 (Prop_F6LUT_SLICEL_I5_O)
                                                      0.035     6.116 r  c_attn/vref_r[0][7]_i_59/O
                         net (fo=1, estimated)        0.142     6.258    c_attn/vref_r[0][7]_i_59_n_0
    SLICE_X218Y14                                                     r  c_attn/vref_r_reg[0][7]_i_29/DI[0]
    SLICE_X218Y14        CARRY8 (Prop_CARRY8_SLICEL_DI[0]_CO[3])
                                                      0.180     6.438 r  c_attn/vref_r_reg[0][7]_i_29/CO[3]
                         net (fo=8, estimated)        0.193     6.631    c_attn/vref_r_reg[0][7]_i_29_n_4
    SLICE_X219Y14                                                     r  c_attn/vref_r[0][0]_i_6/I4
    SLICE_X219Y14        LUT5 (Prop_C6LUT_SLICEL_I4_O)
                                                      0.035     6.666 r  c_attn/vref_r[0][0]_i_6/O
                         net (fo=5, estimated)        0.206     6.872    c_attn/vref_r[0][0]_i_6_n_0
    SLICE_X220Y15                                                     r  c_attn/vref_r[0][7]_i_37/I0
    SLICE_X220Y15        LUT4 (Prop_A6LUT_SLICEM_I0_O)
                                                      0.090     6.962 r  c_attn/vref_r[0][7]_i_37/O
                         net (fo=1, routed)           0.013     6.975    c_attn/vref_r[0][7]_i_37_n_0
    SLICE_X220Y15                                                     r  c_attn/vref_r_reg[0][7]_i_17/S[0]
    SLICE_X220Y15        CARRY8 (Prop_CARRY8_SLICEM_S[0]_CO[3])
                                                      0.186     7.161 r  c_attn/vref_r_reg[0][7]_i_17/CO[3]
                         net (fo=20, estimated)       0.221     7.382    c_attn/vref_r_reg[0][7]_i_17_n_4
    SLICE_X220Y15                                                     r  c_attn/vref_r[0][7]_i_66/I2
    SLICE_X220Y15        LUT3 (Prop_F6LUT_SLICEM_I2_O)
                                                      0.051     7.433 r  c_attn/vref_r[0][7]_i_66/O
                         net (fo=2, estimated)        0.041     7.474    c_attn/vref_r[0][7]_i_66_n_0
    SLICE_X220Y15                                                     r  c_attn/vref_r[0][7]_i_40/I5
    SLICE_X220Y15        LUT6 (Prop_G6LUT_SLICEM_I5_O)
                                                      0.037     7.511 r  c_attn/vref_r[0][7]_i_40/O
                         net (fo=1, estimated)        0.238     7.749    c_attn/vref_r[0][7]_i_40_n_0
    SLICE_X220Y13                                                     r  c_attn/vref_r_reg[0][7]_i_18/DI[1]
    SLICE_X220Y13        CARRY8 (Prop_CARRY8_SLICEM_DI[1]_CO[3])
                                                      0.144     7.893 r  c_attn/vref_r_reg[0][7]_i_18/CO[3]
                         net (fo=8, estimated)        0.209     8.102    c_attn/vref_r_reg[0][7]_i_18_n_4
    SLICE_X220Y14                                                     r  c_attn/vref_r[0][0]_i_5/I4
    SLICE_X220Y14        LUT5 (Prop_G6LUT_SLICEM_I4_O)
                                                      0.037     8.139 r  c_attn/vref_r[0][0]_i_5/O
                         net (fo=34, estimated)       0.156     8.295    c_attn/ev[0]
    SLICE_X220Y14                                                     r  c_attn/vref_r[0][7]_i_26/I0
    SLICE_X220Y14        LUT4 (Prop_A6LUT_SLICEM_I0_O)
                                                      0.090     8.385 r  c_attn/vref_r[0][7]_i_26/O
                         net (fo=1, routed)           0.013     8.398    c_attn/vref_r[0][7]_i_26_n_0
    SLICE_X220Y14                                                     r  c_attn/vref_r_reg[0][7]_i_13/S[0]
    SLICE_X220Y14        CARRY8 (Prop_CARRY8_SLICEM_S[0]_CO[3])
                                                      0.186     8.584 r  c_attn/vref_r_reg[0][7]_i_13/CO[3]
                         net (fo=256, estimated)      0.650     9.234    c_attn/ev1
    SLICE_X223Y17                                                     r  c_attn/vref_r[14][3]_i_2/I1
    SLICE_X223Y17        LUT6 (Prop_D6LUT_SLICEL_I1_O)
                                                      0.036     9.270 r  c_attn/vref_r[14][3]_i_2/O
                         net (fo=1, estimated)        0.236     9.506    c_attn/vref_r_reg[14]_624[3]
    SLICE_X225Y17                                                     r  c_attn/vref_r[14][3]_i_1/I3
    SLICE_X225Y17        LUT6 (Prop_G6LUT_SLICEM_I3_O)
                                                      0.037     9.543 r  c_attn/vref_r[14][3]_i_1/O
                         net (fo=1, routed)           0.059     9.602    c_attn/vref_r[14][3]_i_1_n_0
    SLICE_X225Y17        FDSE                                         r  c_attn/vref_r_reg[14][3]/D
  -------------------------------------------------------------------    -------------------

                         (clock core_clk rise edge)
                                                      5.000     5.000 r  
                                                      0.000     5.000 r  core_clk (IN)
                         net (fo=0)                   0.036     5.036    core_clk
    BUFGCE_X0Y25                                                      r  gbufg.u_bufg_core/I
    BUFGCE_X0Y25         BUFGCE (Prop_BUFCE_BUFGCE_I_O)
                                                      0.024     5.060 r  gbufg.u_bufg_core/O
    X4Y1 (CLOCK_ROOT)    net (fo=392507, estimated)
                                                      1.410     6.470    c_attn/core_clk_i
    SLICE_X225Y17        FDSE                                         r  c_attn/vref_r_reg[14][3]/C
                         clock pessimism              0.126     6.596    
                         clock uncertainty           -0.035     6.561    
    SLICE_X225Y17        FDSE (Setup_GFF_SLICEM_C_D)
                                                      0.025     6.586    c_attn/vref_r_reg[14][3]
  -------------------------------------------------------------------
                         required time                          6.586    
                         arrival time                          -9.602    
  -------------------------------------------------------------------
                         slack                                 -3.016    

Slack (VIOLATED) :        -3.016ns  (required time - arrival time)
  Source:                 c_attn/vref_r_reg[26][7]/C
                            (rising edge-triggered cell FDRE clocked by core_clk  {rise@0.000ns fall@2.500ns period=5.000ns})
  Destination:            c_attn/vref_r_reg[5][5]/D
                            (rising edge-triggered cell FDSE clocked by core_clk  {rise@0.000ns fall@2.500ns period=5.000ns})
  Path Group:             core_clk
  Path Type:              Setup (Max at Slow Process Corner)
  Requirement:            5.000ns  (core_clk rise@5.000ns - core_clk rise@0.000ns)
  Data Path Delay:        7.926ns  (logic 2.523ns (31.832%)  route 5.403ns (68.168%))
  Logic Levels:           28  (CARRY8=8 LUT3=2 LUT4=3 LUT5=5 LUT6=9 MUXF7=1)
  Clock Path Skew:        -0.080ns (DCD - SCD + CPR)
    Destination Clock Delay (DCD):    1.468ns = ( 6.468 - 5.000 ) 
    Source Clock Delay      (SCD):    1.674ns
    Clock Pessimism Removal (CPR):    0.126ns
  Clock Uncertainty:      0.035ns  ((TSJ^2 + TIJ^2)^1/2 + DJ) / 2 + PE
    Total System Jitter     (TSJ):    0.071ns
    Total Input Jitter      (TIJ):    0.000ns
    Discrete Jitter          (DJ):    0.000ns
    Phase Error              (PE):    0.000ns
  Clock Net Delay (Source):      1.603ns (routing 0.210ns, distribution 1.393ns)
  Clock Net Delay (Destination): 1.408ns (routing 0.190ns, distribution 1.218ns)

    Location             Delay type                Incr(ns)  Path(ns)    Netlist Resource(s)
  -------------------------------------------------------------------    -------------------
                         (clock core_clk rise edge)
                                                      0.000     0.000 r  
                                                      0.000     0.000 r  core_clk (IN)
                         net (fo=0)                   0.043     0.043    core_clk
    BUFGCE_X0Y25                                                      r  gbufg.u_bufg_core/I
    BUFGCE_X0Y25         BUFGCE (Prop_BUFCE_BUFGCE_I_O)
                                                      0.028     0.071 r  gbufg.u_bufg_core/O
    X4Y1 (CLOCK_ROOT)    net (fo=392507, estimated)
                                                      1.603     1.674    c_attn/core_clk_i
    SLICE_X220Y9         FDRE                                         r  c_attn/vref_r_reg[26][7]/C
  -------------------------------------------------------------------    -------------------
    SLICE_X220Y9         FDRE (Prop_GFF_SLICEM_C_Q)
                                                      0.078     1.752 r  c_attn/vref_r_reg[26][7]/Q
                         net (fo=2, estimated)        0.574     2.326    c_attn/u_arr/err_r_reg_i_21_2[7]
    SLICE_X225Y8                                                      r  c_attn/u_arr/err_r_i_25__3/I1
    SLICE_X225Y8         LUT6 (Prop_F6LUT_SLICEM_I1_O)
                                                      0.123     2.449 r  c_attn/u_arr/err_r_i_25__3/O
                         net (fo=1, routed)           0.023     2.472    c_attn/u_arr/err_r_i_25__3_n_0
    SLICE_X225Y8                                                      r  c_attn/u_arr/err_r_reg_i_21/I0
    SLICE_X225Y8         MUXF7 (Prop_F7MUX_EF_SLICEM_I0_O)
                                                      0.068     2.540 r  c_attn/u_arr/err_r_reg_i_21/O
                         net (fo=1, estimated)        0.187     2.727    c_attn/u_arr/err_r_reg_i_21_n_0
    SLICE_X225Y9                                                      r  c_attn/u_arr/err_r_i_17__4/I0
    SLICE_X225Y9         LUT6 (Prop_F6LUT_SLICEM_I0_O)
                                                      0.098     2.825 r  c_attn/u_arr/err_r_i_17__4/O
                         net (fo=14, estimated)       0.134     2.959    c_attn/u_arr_n_3
    SLICE_X225Y9                                                      r  c_attn/vref_r[0][7]_i_84/I0
    SLICE_X225Y9         LUT4 (Prop_D6LUT_SLICEM_I0_O)
                                                      0.088     3.047 r  c_attn/vref_r[0][7]_i_84/O
                         net (fo=1, routed)           0.025     3.072    c_attn/vref_r[0][7]_i_84_n_0
    SLICE_X225Y9                                                      r  c_attn/vref_r_reg[0][7]_i_68/S[3]
    SLICE_X225Y9         CARRY8 (Prop_CARRY8_SLICEM_S[3]_CO[3])
                                                      0.133     3.205 r  c_attn/vref_r_reg[0][7]_i_68/CO[3]
                         net (fo=16, estimated)       0.170     3.375    c_attn/vref_r_reg[0][7]_i_68_n_4
    SLICE_X224Y8                                                      r  c_attn/vref_r[0][0]_i_8/I2
    SLICE_X224Y8         LUT3 (Prop_G6LUT_SLICEL_I2_O)
                                                      0.035     3.410 r  c_attn/vref_r[0][0]_i_8/O
                         net (fo=5, estimated)        0.111     3.521    c_attn/vref_r[0][0]_i_8_n_0
    SLICE_X224Y8                                                      r  c_attn/vref_r[0][6]_i_13/I3
    SLICE_X224Y8         LUT6 (Prop_F6LUT_SLICEL_I3_O)
                                                      0.035     3.556 r  c_attn/vref_r[0][6]_i_13/O
                         net (fo=1, estimated)        0.183     3.739    c_attn/vref_r[0][6]_i_13_n_0
    SLICE_X224Y8                                                      r  c_attn/vref_r_reg[0][6]_i_9/DI[0]
    SLICE_X224Y8         CARRY8 (Prop_CARRY8_SLICEL_DI[0]_CO[3])
                                                      0.180     3.919 r  c_attn/vref_r_reg[0][6]_i_9/CO[3]
                         net (fo=16, estimated)       0.255     4.174    c_attn/vref_r_reg[0][6]_i_9_n_4
    SLICE_X223Y8                                                      r  c_attn/vref_r[0][1]_i_6/I4
    SLICE_X223Y8         LUT5 (Prop_H6LUT_SLICEL_I4_O)
                                                      0.036     4.210 r  c_attn/vref_r[0][1]_i_6/O
                         net (fo=5, estimated)        0.107     4.317    c_attn/vref_r[0][1]_i_6_n_0
    SLICE_X222Y8                                                      r  c_attn/vref_r[0][7]_i_72/I5
    SLICE_X222Y8         LUT6 (Prop_H6LUT_SLICEM_I5_O)
                                                      0.039     4.356 r  c_attn/vref_r[0][7]_i_72/O
                         net (fo=1, estimated)        0.144     4.500    c_attn/vref_r[0][7]_i_72_n_0
    SLICE_X221Y9                                                      r  c_attn/vref_r_reg[0][7]_i_47/DI[0]
    SLICE_X221Y9         CARRY8 (Prop_CARRY8_SLICEL_DI[0]_CO[3])
                                                      0.180     4.680 r  c_attn/vref_r_reg[0][7]_i_47/CO[3]
                         net (fo=10, estimated)       0.154     4.834    c_attn/vref_r_reg[0][7]_i_47_n_4
    SLICE_X221Y10                                                     r  c_attn/vref_r[0][0]_i_7/I4
    SLICE_X221Y10        LUT5 (Prop_A6LUT_SLICEL_I4_O)
                                                      0.035     4.869 r  c_attn/vref_r[0][0]_i_7/O
                         net (fo=5, estimated)        0.461     5.330    c_attn/vref_r[0][0]_i_7_n_0
    SLICE_X219Y12                                                     r  c_attn/vref_r[0][7]_i_51/I3
    SLICE_X219Y12        LUT6 (Prop_B6LUT_SLICEL_I3_O)
                                                      0.036     5.366 r  c_attn/vref_r[0][7]_i_51/O
                         net (fo=1, estimated)        0.142     5.508    c_attn/vref_r[0][7]_i_51_n_0
    SLICE_X219Y13                                                     r  c_attn/vref_r_reg[0][7]_i_28/DI[0]
    SLICE_X219Y13        CARRY8 (Prop_CARRY8_SLICEL_DI[0]_CO[3])
                                                      0.180     5.688 r  c_attn/vref_r_reg[0][7]_i_28/CO[3]
                         net (fo=19, estimated)       0.216     5.904    c_attn/vref_r_reg[0][7]_i_28_n_4
    SLICE_X219Y13                                                     r  c_attn/vref_r[0][1]_i_5/I4
    SLICE_X219Y13        LUT5 (Prop_G6LUT_SLICEL_I4_O)
                                                      0.035     5.939 r  c_attn/vref_r[0][1]_i_5/O
                         net (fo=3, estimated)        0.142     6.081    c_attn/vref_r[0][1]_i_5_n_0
    SLICE_X218Y13                                                     r  c_attn/vref_r[0][7]_i_59/I5
    SLICE_X218Y13        LUT6 (Prop_F6LUT_SLICEL_I5_O)
                                                      0.035     6.116 r  c_attn/vref_r[0][7]_i_59/O
                         net (fo=1, estimated)        0.142     6.258    c_attn/vref_r[0][7]_i_59_n_0
    SLICE_X218Y14                                                     r  c_attn/vref_r_reg[0][7]_i_29/DI[0]
    SLICE_X218Y14        CARRY8 (Prop_CARRY8_SLICEL_DI[0]_CO[3])
                                                      0.180     6.438 r  c_attn/vref_r_reg[0][7]_i_29/CO[3]
                         net (fo=8, estimated)        0.193     6.631    c_attn/vref_r_reg[0][7]_i_29_n_4
    SLICE_X219Y14                                                     r  c_attn/vref_r[0][0]_i_6/I4
    SLICE_X219Y14        LUT5 (Prop_C6LUT_SLICEL_I4_O)
                                                      0.035     6.666 r  c_attn/vref_r[0][0]_i_6/O
                         net (fo=5, estimated)        0.206     6.872    c_attn/vref_r[0][0]_i_6_n_0
    SLICE_X220Y15                                                     r  c_attn/vref_r[0][7]_i_37/I0
    SLICE_X220Y15        LUT4 (Prop_A6LUT_SLICEM_I0_O)
                                                      0.090     6.962 r  c_attn/vref_r[0][7]_i_37/O
                         net (fo=1, routed)           0.013     6.975    c_attn/vref_r[0][7]_i_37_n_0
    SLICE_X220Y15                                                     r  c_attn/vref_r_reg[0][7]_i_17/S[0]
    SLICE_X220Y15        CARRY8 (Prop_CARRY8_SLICEM_S[0]_CO[3])
                                                      0.186     7.161 r  c_attn/vref_r_reg[0][7]_i_17/CO[3]
                         net (fo=20, estimated)       0.221     7.382    c_attn/vref_r_reg[0][7]_i_17_n_4
    SLICE_X220Y15                                                     r  c_attn/vref_r[0][7]_i_66/I2
    SLICE_X220Y15        LUT3 (Prop_F6LUT_SLICEM_I2_O)
                                                      0.051     7.433 r  c_attn/vref_r[0][7]_i_66/O
                         net (fo=2, estimated)        0.041     7.474    c_attn/vref_r[0][7]_i_66_n_0
    SLICE_X220Y15                                                     r  c_attn/vref_r[0][7]_i_40/I5
    SLICE_X220Y15        LUT6 (Prop_G6LUT_SLICEM_I5_O)
                                                      0.037     7.511 r  c_attn/vref_r[0][7]_i_40/O
                         net (fo=1, estimated)        0.238     7.749    c_attn/vref_r[0][7]_i_40_n_0
    SLICE_X220Y13                                                     r  c_attn/vref_r_reg[0][7]_i_18/DI[1]
    SLICE_X220Y13        CARRY8 (Prop_CARRY8_SLICEM_DI[1]_CO[3])
                                                      0.144     7.893 r  c_attn/vref_r_reg[0][7]_i_18/CO[3]
                         net (fo=8, estimated)        0.209     8.102    c_attn/vref_r_reg[0][7]_i_18_n_4
    SLICE_X220Y14                                                     r  c_attn/vref_r[0][0]_i_5/I4
    SLICE_X220Y14        LUT5 (Prop_G6LUT_SLICEM_I4_O)
                                                      0.037     8.139 r  c_attn/vref_r[0][0]_i_5/O
                         net (fo=34, estimated)       0.156     8.295    c_attn/ev[0]
    SLICE_X220Y14                                                     r  c_attn/vref_r[0][7]_i_26/I0
    SLICE_X220Y14        LUT4 (Prop_A6LUT_SLICEM_I0_O)
                                                      0.090     8.385 r  c_attn/vref_r[0][7]_i_26/O
                         net (fo=1, routed)           0.013     8.398    c_attn/vref_r[0][7]_i_26_n_0
    SLICE_X220Y14                                                     r  c_attn/vref_r_reg[0][7]_i_13/S[0]
    SLICE_X220Y14        CARRY8 (Prop_CARRY8_SLICEM_S[0]_CO[3])
                                                      0.186     8.584 r  c_attn/vref_r_reg[0][7]_i_13/CO[3]
                         net (fo=256, estimated)      0.617     9.201    c_attn/ev1
    SLICE_X222Y15                                                     r  c_attn/vref_r[5][5]_i_2/I2
    SLICE_X222Y15        LUT6 (Prop_E6LUT_SLICEM_I2_O)
                                                      0.037     9.238 r  c_attn/vref_r[5][5]_i_2/O
                         net (fo=1, estimated)        0.275     9.513    c_attn/vref_r_reg[5]_617[5]
    SLICE_X224Y13                                                     r  c_attn/vref_r[5][5]_i_1/I3
    SLICE_X224Y13        LUT6 (Prop_H6LUT_SLICEL_I3_O)
                                                      0.036     9.549 r  c_attn/vref_r[5][5]_i_1/O
                         net (fo=1, routed)           0.051     9.600    c_attn/vref_r[5][5]_i_1_n_0
    SLICE_X224Y13        FDSE                                         r  c_attn/vref_r_reg[5][5]/D
  -------------------------------------------------------------------    -------------------

                         (clock core_clk rise edge)
                                                      5.000     5.000 r  
                                                      0.000     5.000 r  core_clk (IN)
                         net (fo=0)                   0.036     5.036    core_clk
    BUFGCE_X0Y25                                                      r  gbufg.u_bufg_core/I
    BUFGCE_X0Y25         BUFGCE (Prop_BUFCE_BUFGCE_I_O)
                                                      0.024     5.060 r  gbufg.u_bufg_core/O
    X4Y1 (CLOCK_ROOT)    net (fo=392507, estimated)
                                                      1.408     6.468    c_attn/core_clk_i
    SLICE_X224Y13        FDSE                                         r  c_attn/vref_r_reg[5][5]/C
                         clock pessimism              0.126     6.594    
                         clock uncertainty           -0.035     6.559    
    SLICE_X224Y13        FDSE (Setup_HFF_SLICEL_C_D)
                                                      0.025     6.584    c_attn/vref_r_reg[5][5]
  -------------------------------------------------------------------
                         required time                          6.584    
                         arrival time                          -9.600    
  -------------------------------------------------------------------
                         slack                                 -3.016    

Slack (VIOLATED) :        -3.016ns  (required time - arrival time)
  Source:                 c_attn/vref_r_reg[26][7]/C
                            (rising edge-triggered cell FDRE clocked by core_clk  {rise@0.000ns fall@2.500ns period=5.000ns})
  Destination:            c_attn/vref_r_reg[30][6]/D
                            (rising edge-triggered cell FDSE clocked by core_clk  {rise@0.000ns fall@2.500ns period=5.000ns})
  Path Group:             core_clk
  Path Type:              Setup (Max at Slow Process Corner)
  Requirement:            5.000ns  (core_clk rise@5.000ns - core_clk rise@0.000ns)
  Data Path Delay:        7.925ns  (logic 2.522ns (31.823%)  route 5.403ns (68.177%))
  Logic Levels:           28  (CARRY8=8 LUT3=2 LUT4=3 LUT5=5 LUT6=9 MUXF7=1)
  Clock Path Skew:        -0.081ns (DCD - SCD + CPR)
    Destination Clock Delay (DCD):    1.467ns = ( 6.467 - 5.000 ) 
    Source Clock Delay      (SCD):    1.674ns
    Clock Pessimism Removal (CPR):    0.126ns
  Clock Uncertainty:      0.035ns  ((TSJ^2 + TIJ^2)^1/2 + DJ) / 2 + PE
    Total System Jitter     (TSJ):    0.071ns
    Total Input Jitter      (TIJ):    0.000ns
    Discrete Jitter          (DJ):    0.000ns
    Phase Error              (PE):    0.000ns
  Clock Net Delay (Source):      1.603ns (routing 0.210ns, distribution 1.393ns)
  Clock Net Delay (Destination): 1.407ns (routing 0.190ns, distribution 1.217ns)

    Location             Delay type                Incr(ns)  Path(ns)    Netlist Resource(s)
  -------------------------------------------------------------------    -------------------
                         (clock core_clk rise edge)
                                                      0.000     0.000 r  
                                                      0.000     0.000 r  core_clk (IN)
                         net (fo=0)                   0.043     0.043    core_clk
    BUFGCE_X0Y25                                                      r  gbufg.u_bufg_core/I
    BUFGCE_X0Y25         BUFGCE (Prop_BUFCE_BUFGCE_I_O)
                                                      0.028     0.071 r  gbufg.u_bufg_core/O
    X4Y1 (CLOCK_ROOT)    net (fo=392507, estimated)
                                                      1.603     1.674    c_attn/core_clk_i
    SLICE_X220Y9         FDRE                                         r  c_attn/vref_r_reg[26][7]/C
  -------------------------------------------------------------------    -------------------
    SLICE_X220Y9         FDRE (Prop_GFF_SLICEM_C_Q)
                                                      0.078     1.752 r  c_attn/vref_r_reg[26][7]/Q
                         net (fo=2, estimated)        0.574     2.326    c_attn/u_arr/err_r_reg_i_21_2[7]
    SLICE_X225Y8                                                      r  c_attn/u_arr/err_r_i_25__3/I1
    SLICE_X225Y8         LUT6 (Prop_F6LUT_SLICEM_I1_O)
                                                      0.123     2.449 r  c_attn/u_arr/err_r_i_25__3/O
                         net (fo=1, routed)           0.023     2.472    c_attn/u_arr/err_r_i_25__3_n_0
    SLICE_X225Y8                                                      r  c_attn/u_arr/err_r_reg_i_21/I0
    SLICE_X225Y8         MUXF7 (Prop_F7MUX_EF_SLICEM_I0_O)
                                                      0.068     2.540 r  c_attn/u_arr/err_r_reg_i_21/O
                         net (fo=1, estimated)        0.187     2.727    c_attn/u_arr/err_r_reg_i_21_n_0
    SLICE_X225Y9                                                      r  c_attn/u_arr/err_r_i_17__4/I0
    SLICE_X225Y9         LUT6 (Prop_F6LUT_SLICEM_I0_O)
                                                      0.098     2.825 r  c_attn/u_arr/err_r_i_17__4/O
                         net (fo=14, estimated)       0.134     2.959    c_attn/u_arr_n_3
    SLICE_X225Y9                                                      r  c_attn/vref_r[0][7]_i_84/I0
    SLICE_X225Y9         LUT4 (Prop_D6LUT_SLICEM_I0_O)
                                                      0.088     3.047 r  c_attn/vref_r[0][7]_i_84/O
                         net (fo=1, routed)           0.025     3.072    c_attn/vref_r[0][7]_i_84_n_0
    SLICE_X225Y9                                                      r  c_attn/vref_r_reg[0][7]_i_68/S[3]
    SLICE_X225Y9         CARRY8 (Prop_CARRY8_SLICEM_S[3]_CO[3])
                                                      0.133     3.205 r  c_attn/vref_r_reg[0][7]_i_68/CO[3]
                         net (fo=16, estimated)       0.170     3.375    c_attn/vref_r_reg[0][7]_i_68_n_4
    SLICE_X224Y8                                                      r  c_attn/vref_r[0][0]_i_8/I2
    SLICE_X224Y8         LUT3 (Prop_G6LUT_SLICEL_I2_O)
                                                      0.035     3.410 r  c_attn/vref_r[0][0]_i_8/O
                         net (fo=5, estimated)        0.111     3.521    c_attn/vref_r[0][0]_i_8_n_0
    SLICE_X224Y8                                                      r  c_attn/vref_r[0][6]_i_13/I3
    SLICE_X224Y8         LUT6 (Prop_F6LUT_SLICEL_I3_O)
                                                      0.035     3.556 r  c_attn/vref_r[0][6]_i_13/O
                         net (fo=1, estimated)        0.183     3.739    c_attn/vref_r[0][6]_i_13_n_0
    SLICE_X224Y8                                                      r  c_attn/vref_r_reg[0][6]_i_9/DI[0]
    SLICE_X224Y8         CARRY8 (Prop_CARRY8_SLICEL_DI[0]_CO[3])
                                                      0.180     3.919 r  c_attn/vref_r_reg[0][6]_i_9/CO[3]
                         net (fo=16, estimated)       0.255     4.174    c_attn/vref_r_reg[0][6]_i_9_n_4
    SLICE_X223Y8                                                      r  c_attn/vref_r[0][1]_i_6/I4
    SLICE_X223Y8         LUT5 (Prop_H6LUT_SLICEL_I4_O)
                                                      0.036     4.210 r  c_attn/vref_r[0][1]_i_6/O
                         net (fo=5, estimated)        0.107     4.317    c_attn/vref_r[0][1]_i_6_n_0
    SLICE_X222Y8                                                      r  c_attn/vref_r[0][7]_i_72/I5
    SLICE_X222Y8         LUT6 (Prop_H6LUT_SLICEM_I5_O)
                                                      0.039     4.356 r  c_attn/vref_r[0][7]_i_72/O
                         net (fo=1, estimated)        0.144     4.500    c_attn/vref_r[0][7]_i_72_n_0
    SLICE_X221Y9                                                      r  c_attn/vref_r_reg[0][7]_i_47/DI[0]
    SLICE_X221Y9         CARRY8 (Prop_CARRY8_SLICEL_DI[0]_CO[3])
                                                      0.180     4.680 r  c_attn/vref_r_reg[0][7]_i_47/CO[3]
                         net (fo=10, estimated)       0.154     4.834    c_attn/vref_r_reg[0][7]_i_47_n_4
    SLICE_X221Y10                                                     r  c_attn/vref_r[0][0]_i_7/I4
    SLICE_X221Y10        LUT5 (Prop_A6LUT_SLICEL_I4_O)
                                                      0.035     4.869 r  c_attn/vref_r[0][0]_i_7/O
                         net (fo=5, estimated)        0.461     5.330    c_attn/vref_r[0][0]_i_7_n_0
    SLICE_X219Y12                                                     r  c_attn/vref_r[0][7]_i_51/I3
    SLICE_X219Y12        LUT6 (Prop_B6LUT_SLICEL_I3_O)
                                                      0.036     5.366 r  c_attn/vref_r[0][7]_i_51/O
                         net (fo=1, estimated)        0.142     5.508    c_attn/vref_r[0][7]_i_51_n_0
    SLICE_X219Y13                                                     r  c_attn/vref_r_reg[0][7]_i_28/DI[0]
    SLICE_X219Y13        CARRY8 (Prop_CARRY8_SLICEL_DI[0]_CO[3])
                                                      0.180     5.688 r  c_attn/vref_r_reg[0][7]_i_28/CO[3]
                         net (fo=19, estimated)       0.216     5.904    c_attn/vref_r_reg[0][7]_i_28_n_4
    SLICE_X219Y13                                                     r  c_attn/vref_r[0][1]_i_5/I4
    SLICE_X219Y13        LUT5 (Prop_G6LUT_SLICEL_I4_O)
                                                      0.035     5.939 r  c_attn/vref_r[0][1]_i_5/O
                         net (fo=3, estimated)        0.142     6.081    c_attn/vref_r[0][1]_i_5_n_0
    SLICE_X218Y13                                                     r  c_attn/vref_r[0][7]_i_59/I5
    SLICE_X218Y13        LUT6 (Prop_F6LUT_SLICEL_I5_O)
                                                      0.035     6.116 r  c_attn/vref_r[0][7]_i_59/O
                         net (fo=1, estimated)        0.142     6.258    c_attn/vref_r[0][7]_i_59_n_0
    SLICE_X218Y14                                                     r  c_attn/vref_r_reg[0][7]_i_29/DI[0]
    SLICE_X218Y14        CARRY8 (Prop_CARRY8_SLICEL_DI[0]_CO[3])
                                                      0.180     6.438 r  c_attn/vref_r_reg[0][7]_i_29/CO[3]
                         net (fo=8, estimated)        0.193     6.631    c_attn/vref_r_reg[0][7]_i_29_n_4
    SLICE_X219Y14                                                     r  c_attn/vref_r[0][0]_i_6/I4
    SLICE_X219Y14        LUT5 (Prop_C6LUT_SLICEL_I4_O)
                                                      0.035     6.666 r  c_attn/vref_r[0][0]_i_6/O
                         net (fo=5, estimated)        0.206     6.872    c_attn/vref_r[0][0]_i_6_n_0
    SLICE_X220Y15                                                     r  c_attn/vref_r[0][7]_i_37/I0
    SLICE_X220Y15        LUT4 (Prop_A6LUT_SLICEM_I0_O)
                                                      0.090     6.962 r  c_attn/vref_r[0][7]_i_37/O
                         net (fo=1, routed)           0.013     6.975    c_attn/vref_r[0][7]_i_37_n_0
    SLICE_X220Y15                                                     r  c_attn/vref_r_reg[0][7]_i_17/S[0]
    SLICE_X220Y15        CARRY8 (Prop_CARRY8_SLICEM_S[0]_CO[3])
                                                      0.186     7.161 r  c_attn/vref_r_reg[0][7]_i_17/CO[3]
                         net (fo=20, estimated)       0.221     7.382    c_attn/vref_r_reg[0][7]_i_17_n_4
    SLICE_X220Y15                                                     r  c_attn/vref_r[0][7]_i_66/I2
    SLICE_X220Y15        LUT3 (Prop_F6LUT_SLICEM_I2_O)
                                                      0.051     7.433 r  c_attn/vref_r[0][7]_i_66/O
                         net (fo=2, estimated)        0.041     7.474    c_attn/vref_r[0][7]_i_66_n_0
    SLICE_X220Y15                                                     r  c_attn/vref_r[0][7]_i_40/I5
    SLICE_X220Y15        LUT6 (Prop_G6LUT_SLICEM_I5_O)
                                                      0.037     7.511 r  c_attn/vref_r[0][7]_i_40/O
                         net (fo=1, estimated)        0.238     7.749    c_attn/vref_r[0][7]_i_40_n_0
    SLICE_X220Y13                                                     r  c_attn/vref_r_reg[0][7]_i_18/DI[1]
    SLICE_X220Y13        CARRY8 (Prop_CARRY8_SLICEM_DI[1]_CO[3])
                                                      0.144     7.893 r  c_attn/vref_r_reg[0][7]_i_18/CO[3]
                         net (fo=8, estimated)        0.209     8.102    c_attn/vref_r_reg[0][7]_i_18_n_4
    SLICE_X220Y14                                                     r  c_attn/vref_r[0][0]_i_5/I4
    SLICE_X220Y14        LUT5 (Prop_G6LUT_SLICEM_I4_O)
                                                      0.037     8.139 r  c_attn/vref_r[0][0]_i_5/O
                         net (fo=34, estimated)       0.156     8.295    c_attn/ev[0]
    SLICE_X220Y14                                                     r  c_attn/vref_r[0][7]_i_26/I0
    SLICE_X220Y14        LUT4 (Prop_A6LUT_SLICEM_I0_O)
                                                      0.090     8.385 r  c_attn/vref_r[0][7]_i_26/O
                         net (fo=1, routed)           0.013     8.398    c_attn/vref_r[0][7]_i_26_n_0
    SLICE_X220Y14                                                     r  c_attn/vref_r_reg[0][7]_i_13/S[0]
    SLICE_X220Y14        CARRY8 (Prop_CARRY8_SLICEM_S[0]_CO[3])
                                                      0.186     8.584 r  c_attn/vref_r_reg[0][7]_i_13/CO[3]
                         net (fo=256, estimated)      0.745     9.329    c_attn/ev1
    SLICE_X225Y15                                                     r  c_attn/vref_r[30][6]_i_2/I2
    SLICE_X225Y15        LUT6 (Prop_E6LUT_SLICEM_I2_O)
                                                      0.037     9.366 r  c_attn/vref_r[30][6]_i_2/O
                         net (fo=1, estimated)        0.148     9.514    c_attn/vref_r_reg[30]_604[6]
    SLICE_X228Y15                                                     r  c_attn/vref_r[30][6]_i_1/I3
    SLICE_X228Y15        LUT6 (Prop_C6LUT_SLICEL_I3_O)
                                                      0.035     9.549 r  c_attn/vref_r[30][6]_i_1/O
                         net (fo=1, routed)           0.050     9.599    c_attn/vref_r[30][6]_i_1_n_0
    SLICE_X228Y15        FDSE                                         r  c_attn/vref_r_reg[30][6]/D
  -------------------------------------------------------------------    -------------------

                         (clock core_clk rise edge)
                                                      5.000     5.000 r  
                                                      0.000     5.000 r  core_clk (IN)
                         net (fo=0)                   0.036     5.036    core_clk
    BUFGCE_X0Y25                                                      r  gbufg.u_bufg_core/I
    BUFGCE_X0Y25         BUFGCE (Prop_BUFCE_BUFGCE_I_O)
                                                      0.024     5.060 r  gbufg.u_bufg_core/O
    X4Y1 (CLOCK_ROOT)    net (fo=392507, estimated)
                                                      1.407     6.467    c_attn/core_clk_i
    SLICE_X228Y15        FDSE                                         r  c_attn/vref_r_reg[30][6]/C
                         clock pessimism              0.126     6.593    
                         clock uncertainty           -0.035     6.558    
    SLICE_X228Y15        FDSE (Setup_CFF_SLICEL_C_D)
                                                      0.025     6.583    c_attn/vref_r_reg[30][6]
  -------------------------------------------------------------------
                         required time                          6.583    
                         arrival time                          -9.599    
  -------------------------------------------------------------------
                         slack                                 -3.016    

Slack (VIOLATED) :        -3.015ns  (required time - arrival time)
  Source:                 c_attn/vref_r_reg[26][7]/C
                            (rising edge-triggered cell FDRE clocked by core_clk  {rise@0.000ns fall@2.500ns period=5.000ns})
  Destination:            c_attn/vref_r_reg[26][3]/D
                            (rising edge-triggered cell FDSE clocked by core_clk  {rise@0.000ns fall@2.500ns period=5.000ns})
  Path Group:             core_clk
  Path Type:              Setup (Max at Slow Process Corner)
  Requirement:            5.000ns  (core_clk rise@5.000ns - core_clk rise@0.000ns)
  Data Path Delay:        7.933ns  (logic 2.523ns (31.804%)  route 5.410ns (68.196%))
  Logic Levels:           28  (CARRY8=8 LUT3=2 LUT4=3 LUT5=5 LUT6=9 MUXF7=1)
  Clock Path Skew:        -0.072ns (DCD - SCD + CPR)
    Destination Clock Delay (DCD):    1.476ns = ( 6.476 - 5.000 ) 
    Source Clock Delay      (SCD):    1.674ns
    Clock Pessimism Removal (CPR):    0.126ns
  Clock Uncertainty:      0.035ns  ((TSJ^2 + TIJ^2)^1/2 + DJ) / 2 + PE
    Total System Jitter     (TSJ):    0.071ns
    Total Input Jitter      (TIJ):    0.000ns
    Discrete Jitter          (DJ):    0.000ns
    Phase Error              (PE):    0.000ns
  Clock Net Delay (Source):      1.603ns (routing 0.210ns, distribution 1.393ns)
  Clock Net Delay (Destination): 1.416ns (routing 0.190ns, distribution 1.226ns)

    Location             Delay type                Incr(ns)  Path(ns)    Netlist Resource(s)
  -------------------------------------------------------------------    -------------------
                         (clock core_clk rise edge)
                                                      0.000     0.000 r  
                                                      0.000     0.000 r  core_clk (IN)
                         net (fo=0)                   0.043     0.043    core_clk
    BUFGCE_X0Y25                                                      r  gbufg.u_bufg_core/I
    BUFGCE_X0Y25         BUFGCE (Prop_BUFCE_BUFGCE_I_O)
                                                      0.028     0.071 r  gbufg.u_bufg_core/O
    X4Y1 (CLOCK_ROOT)    net (fo=392507, estimated)
                                                      1.603     1.674    c_attn/core_clk_i
    SLICE_X220Y9         FDRE                                         r  c_attn/vref_r_reg[26][7]/C
  -------------------------------------------------------------------    -------------------
    SLICE_X220Y9         FDRE (Prop_GFF_SLICEM_C_Q)
                                                      0.078     1.752 r  c_attn/vref_r_reg[26][7]/Q
                         net (fo=2, estimated)        0.574     2.326    c_attn/u_arr/err_r_reg_i_21_2[7]
    SLICE_X225Y8                                                      r  c_attn/u_arr/err_r_i_25__3/I1
    SLICE_X225Y8         LUT6 (Prop_F6LUT_SLICEM_I1_O)
                                                      0.123     2.449 r  c_attn/u_arr/err_r_i_25__3/O
                         net (fo=1, routed)           0.023     2.472    c_attn/u_arr/err_r_i_25__3_n_0
    SLICE_X225Y8                                                      r  c_attn/u_arr/err_r_reg_i_21/I0
    SLICE_X225Y8         MUXF7 (Prop_F7MUX_EF_SLICEM_I0_O)
                                                      0.068     2.540 r  c_attn/u_arr/err_r_reg_i_21/O
                         net (fo=1, estimated)        0.187     2.727    c_attn/u_arr/err_r_reg_i_21_n_0
    SLICE_X225Y9                                                      r  c_attn/u_arr/err_r_i_17__4/I0
    SLICE_X225Y9         LUT6 (Prop_F6LUT_SLICEM_I0_O)
                                                      0.098     2.825 r  c_attn/u_arr/err_r_i_17__4/O
                         net (fo=14, estimated)       0.134     2.959    c_attn/u_arr_n_3
    SLICE_X225Y9                                                      r  c_attn/vref_r[0][7]_i_84/I0
    SLICE_X225Y9         LUT4 (Prop_D6LUT_SLICEM_I0_O)
                                                      0.088     3.047 r  c_attn/vref_r[0][7]_i_84/O
                         net (fo=1, routed)           0.025     3.072    c_attn/vref_r[0][7]_i_84_n_0
    SLICE_X225Y9                                                      r  c_attn/vref_r_reg[0][7]_i_68/S[3]
    SLICE_X225Y9         CARRY8 (Prop_CARRY8_SLICEM_S[3]_CO[3])
                                                      0.133     3.205 r  c_attn/vref_r_reg[0][7]_i_68/CO[3]
                         net (fo=16, estimated)       0.170     3.375    c_attn/vref_r_reg[0][7]_i_68_n_4
    SLICE_X224Y8                                                      r  c_attn/vref_r[0][0]_i_8/I2
    SLICE_X224Y8         LUT3 (Prop_G6LUT_SLICEL_I2_O)
                                                      0.035     3.410 r  c_attn/vref_r[0][0]_i_8/O
                         net (fo=5, estimated)        0.111     3.521    c_attn/vref_r[0][0]_i_8_n_0
    SLICE_X224Y8                                                      r  c_attn/vref_r[0][6]_i_13/I3
    SLICE_X224Y8         LUT6 (Prop_F6LUT_SLICEL_I3_O)
                                                      0.035     3.556 r  c_attn/vref_r[0][6]_i_13/O
                         net (fo=1, estimated)        0.183     3.739    c_attn/vref_r[0][6]_i_13_n_0
    SLICE_X224Y8                                                      r  c_attn/vref_r_reg[0][6]_i_9/DI[0]
    SLICE_X224Y8         CARRY8 (Prop_CARRY8_SLICEL_DI[0]_CO[3])
                                                      0.180     3.919 r  c_attn/vref_r_reg[0][6]_i_9/CO[3]
                         net (fo=16, estimated)       0.255     4.174    c_attn/vref_r_reg[0][6]_i_9_n_4
    SLICE_X223Y8                                                      r  c_attn/vref_r[0][1]_i_6/I4
    SLICE_X223Y8         LUT5 (Prop_H6LUT_SLICEL_I4_O)
                                                      0.036     4.210 r  c_attn/vref_r[0][1]_i_6/O
                         net (fo=5, estimated)        0.107     4.317    c_attn/vref_r[0][1]_i_6_n_0
    SLICE_X222Y8                                                      r  c_attn/vref_r[0][7]_i_72/I5
    SLICE_X222Y8         LUT6 (Prop_H6LUT_SLICEM_I5_O)
                                                      0.039     4.356 r  c_attn/vref_r[0][7]_i_72/O
                         net (fo=1, estimated)        0.144     4.500    c_attn/vref_r[0][7]_i_72_n_0
    SLICE_X221Y9                                                      r  c_attn/vref_r_reg[0][7]_i_47/DI[0]
    SLICE_X221Y9         CARRY8 (Prop_CARRY8_SLICEL_DI[0]_CO[3])
                                                      0.180     4.680 r  c_attn/vref_r_reg[0][7]_i_47/CO[3]
                         net (fo=10, estimated)       0.154     4.834    c_attn/vref_r_reg[0][7]_i_47_n_4
    SLICE_X221Y10                                                     r  c_attn/vref_r[0][0]_i_7/I4
    SLICE_X221Y10        LUT5 (Prop_A6LUT_SLICEL_I4_O)
                                                      0.035     4.869 r  c_attn/vref_r[0][0]_i_7/O
                         net (fo=5, estimated)        0.461     5.330    c_attn/vref_r[0][0]_i_7_n_0
    SLICE_X219Y12                                                     r  c_attn/vref_r[0][7]_i_51/I3
    SLICE_X219Y12        LUT6 (Prop_B6LUT_SLICEL_I3_O)
                                                      0.036     5.366 r  c_attn/vref_r[0][7]_i_51/O
                         net (fo=1, estimated)        0.142     5.508    c_attn/vref_r[0][7]_i_51_n_0
    SLICE_X219Y13                                                     r  c_attn/vref_r_reg[0][7]_i_28/DI[0]
    SLICE_X219Y13        CARRY8 (Prop_CARRY8_SLICEL_DI[0]_CO[3])
                                                      0.180     5.688 r  c_attn/vref_r_reg[0][7]_i_28/CO[3]
                         net (fo=19, estimated)       0.216     5.904    c_attn/vref_r_reg[0][7]_i_28_n_4
    SLICE_X219Y13                                                     r  c_attn/vref_r[0][1]_i_5/I4
    SLICE_X219Y13        LUT5 (Prop_G6LUT_SLICEL_I4_O)
                                                      0.035     5.939 r  c_attn/vref_r[0][1]_i_5/O
                         net (fo=3, estimated)        0.142     6.081    c_attn/vref_r[0][1]_i_5_n_0
    SLICE_X218Y13                                                     r  c_attn/vref_r[0][7]_i_59/I5
    SLICE_X218Y13        LUT6 (Prop_F6LUT_SLICEL_I5_O)
                                                      0.035     6.116 r  c_attn/vref_r[0][7]_i_59/O
                         net (fo=1, estimated)        0.142     6.258    c_attn/vref_r[0][7]_i_59_n_0
    SLICE_X218Y14                                                     r  c_attn/vref_r_reg[0][7]_i_29/DI[0]
    SLICE_X218Y14        CARRY8 (Prop_CARRY8_SLICEL_DI[0]_CO[3])
                                                      0.180     6.438 r  c_attn/vref_r_reg[0][7]_i_29/CO[3]
                         net (fo=8, estimated)        0.193     6.631    c_attn/vref_r_reg[0][7]_i_29_n_4
    SLICE_X219Y14                                                     r  c_attn/vref_r[0][0]_i_6/I4
    SLICE_X219Y14        LUT5 (Prop_C6LUT_SLICEL_I4_O)
                                                      0.035     6.666 r  c_attn/vref_r[0][0]_i_6/O
                         net (fo=5, estimated)        0.206     6.872    c_attn/vref_r[0][0]_i_6_n_0
    SLICE_X220Y15                                                     r  c_attn/vref_r[0][7]_i_37/I0
    SLICE_X220Y15        LUT4 (Prop_A6LUT_SLICEM_I0_O)
                                                      0.090     6.962 r  c_attn/vref_r[0][7]_i_37/O
                         net (fo=1, routed)           0.013     6.975    c_attn/vref_r[0][7]_i_37_n_0
    SLICE_X220Y15                                                     r  c_attn/vref_r_reg[0][7]_i_17/S[0]
    SLICE_X220Y15        CARRY8 (Prop_CARRY8_SLICEM_S[0]_CO[3])
                                                      0.186     7.161 r  c_attn/vref_r_reg[0][7]_i_17/CO[3]
                         net (fo=20, estimated)       0.221     7.382    c_attn/vref_r_reg[0][7]_i_17_n_4
    SLICE_X220Y15                                                     r  c_attn/vref_r[0][7]_i_66/I2
    SLICE_X220Y15        LUT3 (Prop_F6LUT_SLICEM_I2_O)
                                                      0.051     7.433 r  c_attn/vref_r[0][7]_i_66/O
                         net (fo=2, estimated)        0.041     7.474    c_attn/vref_r[0][7]_i_66_n_0
    SLICE_X220Y15                                                     r  c_attn/vref_r[0][7]_i_40/I5
    SLICE_X220Y15        LUT6 (Prop_G6LUT_SLICEM_I5_O)
                                                      0.037     7.511 r  c_attn/vref_r[0][7]_i_40/O
                         net (fo=1, estimated)        0.238     7.749    c_attn/vref_r[0][7]_i_40_n_0
    SLICE_X220Y13                                                     r  c_attn/vref_r_reg[0][7]_i_18/DI[1]
    SLICE_X220Y13        CARRY8 (Prop_CARRY8_SLICEM_DI[1]_CO[3])
                                                      0.144     7.893 r  c_attn/vref_r_reg[0][7]_i_18/CO[3]
                         net (fo=8, estimated)        0.209     8.102    c_attn/vref_r_reg[0][7]_i_18_n_4
    SLICE_X220Y14                                                     r  c_attn/vref_r[0][0]_i_5/I4
    SLICE_X220Y14        LUT5 (Prop_G6LUT_SLICEM_I4_O)
                                                      0.037     8.139 r  c_attn/vref_r[0][0]_i_5/O
                         net (fo=34, estimated)       0.156     8.295    c_attn/ev[0]
    SLICE_X220Y14                                                     r  c_attn/vref_r[0][7]_i_26/I0
    SLICE_X220Y14        LUT4 (Prop_A6LUT_SLICEM_I0_O)
                                                      0.090     8.385 r  c_attn/vref_r[0][7]_i_26/O
                         net (fo=1, routed)           0.013     8.398    c_attn/vref_r[0][7]_i_26_n_0
    SLICE_X220Y14                                                     r  c_attn/vref_r_reg[0][7]_i_13/S[0]
    SLICE_X220Y14        CARRY8 (Prop_CARRY8_SLICEM_S[0]_CO[3])
                                                      0.186     8.584 r  c_attn/vref_r_reg[0][7]_i_13/CO[3]
                         net (fo=256, estimated)      0.574     9.158    c_attn/ev1
    SLICE_X221Y12                                                     r  c_attn/vref_r[26][3]_i_2/I1
    SLICE_X221Y12        LUT6 (Prop_B6LUT_SLICEL_I1_O)
                                                      0.036     9.194 r  c_attn/vref_r[26][3]_i_2/O
                         net (fo=1, estimated)        0.321     9.515    c_attn/vref_r_reg[26]_621[3]
    SLICE_X227Y10                                                     r  c_attn/vref_r[26][3]_i_1/I3
    SLICE_X227Y10        LUT6 (Prop_E6LUT_SLICEM_I3_O)
                                                      0.037     9.552 r  c_attn/vref_r[26][3]_i_1/O
                         net (fo=1, routed)           0.055     9.607    c_attn/vref_r[26][3]_i_1_n_0
    SLICE_X227Y10        FDSE                                         r  c_attn/vref_r_reg[26][3]/D
  -------------------------------------------------------------------    -------------------

                         (clock core_clk rise edge)
                                                      5.000     5.000 r  
                                                      0.000     5.000 r  core_clk (IN)
                         net (fo=0)                   0.036     5.036    core_clk
    BUFGCE_X0Y25                                                      r  gbufg.u_bufg_core/I
    BUFGCE_X0Y25         BUFGCE (Prop_BUFCE_BUFGCE_I_O)
                                                      0.024     5.060 r  gbufg.u_bufg_core/O
    X4Y1 (CLOCK_ROOT)    net (fo=392507, estimated)
                                                      1.416     6.476    c_attn/core_clk_i
    SLICE_X227Y10        FDSE                                         r  c_attn/vref_r_reg[26][3]/C
                         clock pessimism              0.126     6.602    
                         clock uncertainty           -0.035     6.567    
    SLICE_X227Y10        FDSE (Setup_EFF_SLICEM_C_D)
                                                      0.025     6.592    c_attn/vref_r_reg[26][3]
  -------------------------------------------------------------------
                         required time                          6.592    
                         arrival time                          -9.607    
  -------------------------------------------------------------------
                         slack                                 -3.015    

Slack (VIOLATED) :        -3.015ns  (required time - arrival time)
  Source:                 c_attn/vref_r_reg[26][7]/C
                            (rising edge-triggered cell FDRE clocked by core_clk  {rise@0.000ns fall@2.500ns period=5.000ns})
  Destination:            c_attn/vref_r_reg[25][6]/D
                            (rising edge-triggered cell FDSE clocked by core_clk  {rise@0.000ns fall@2.500ns period=5.000ns})
  Path Group:             core_clk
  Path Type:              Setup (Max at Slow Process Corner)
  Requirement:            5.000ns  (core_clk rise@5.000ns - core_clk rise@0.000ns)
  Data Path Delay:        7.928ns  (logic 2.520ns (31.786%)  route 5.408ns (68.214%))
  Logic Levels:           28  (CARRY8=8 LUT3=2 LUT4=3 LUT5=5 LUT6=9 MUXF7=1)
  Clock Path Skew:        -0.077ns (DCD - SCD + CPR)
    Destination Clock Delay (DCD):    1.471ns = ( 6.471 - 5.000 ) 
    Source Clock Delay      (SCD):    1.674ns
    Clock Pessimism Removal (CPR):    0.126ns
  Clock Uncertainty:      0.035ns  ((TSJ^2 + TIJ^2)^1/2 + DJ) / 2 + PE
    Total System Jitter     (TSJ):    0.071ns
    Total Input Jitter      (TIJ):    0.000ns
    Discrete Jitter          (DJ):    0.000ns
    Phase Error              (PE):    0.000ns
  Clock Net Delay (Source):      1.603ns (routing 0.210ns, distribution 1.393ns)
  Clock Net Delay (Destination): 1.411ns (routing 0.190ns, distribution 1.221ns)

    Location             Delay type                Incr(ns)  Path(ns)    Netlist Resource(s)
  -------------------------------------------------------------------    -------------------
                         (clock core_clk rise edge)
                                                      0.000     0.000 r  
                                                      0.000     0.000 r  core_clk (IN)
                         net (fo=0)                   0.043     0.043    core_clk
    BUFGCE_X0Y25                                                      r  gbufg.u_bufg_core/I
    BUFGCE_X0Y25         BUFGCE (Prop_BUFCE_BUFGCE_I_O)
                                                      0.028     0.071 r  gbufg.u_bufg_core/O
    X4Y1 (CLOCK_ROOT)    net (fo=392507, estimated)
                                                      1.603     1.674    c_attn/core_clk_i
    SLICE_X220Y9         FDRE                                         r  c_attn/vref_r_reg[26][7]/C
  -------------------------------------------------------------------    -------------------
    SLICE_X220Y9         FDRE (Prop_GFF_SLICEM_C_Q)
                                                      0.078     1.752 r  c_attn/vref_r_reg[26][7]/Q
                         net (fo=2, estimated)        0.574     2.326    c_attn/u_arr/err_r_reg_i_21_2[7]
    SLICE_X225Y8                                                      r  c_attn/u_arr/err_r_i_25__3/I1
    SLICE_X225Y8         LUT6 (Prop_F6LUT_SLICEM_I1_O)
                                                      0.123     2.449 r  c_attn/u_arr/err_r_i_25__3/O
                         net (fo=1, routed)           0.023     2.472    c_attn/u_arr/err_r_i_25__3_n_0
    SLICE_X225Y8                                                      r  c_attn/u_arr/err_r_reg_i_21/I0
    SLICE_X225Y8         MUXF7 (Prop_F7MUX_EF_SLICEM_I0_O)
                                                      0.068     2.540 r  c_attn/u_arr/err_r_reg_i_21/O
                         net (fo=1, estimated)        0.187     2.727    c_attn/u_arr/err_r_reg_i_21_n_0
    SLICE_X225Y9                                                      r  c_attn/u_arr/err_r_i_17__4/I0
    SLICE_X225Y9         LUT6 (Prop_F6LUT_SLICEM_I0_O)
                                                      0.098     2.825 r  c_attn/u_arr/err_r_i_17__4/O
                         net (fo=14, estimated)       0.134     2.959    c_attn/u_arr_n_3
    SLICE_X225Y9                                                      r  c_attn/vref_r[0][7]_i_84/I0
    SLICE_X225Y9         LUT4 (Prop_D6LUT_SLICEM_I0_O)
                                                      0.088     3.047 r  c_attn/vref_r[0][7]_i_84/O
                         net (fo=1, routed)           0.025     3.072    c_attn/vref_r[0][7]_i_84_n_0
    SLICE_X225Y9                                                      r  c_attn/vref_r_reg[0][7]_i_68/S[3]
    SLICE_X225Y9         CARRY8 (Prop_CARRY8_SLICEM_S[3]_CO[3])
                                                      0.133     3.205 r  c_attn/vref_r_reg[0][7]_i_68/CO[3]
                         net (fo=16, estimated)       0.170     3.375    c_attn/vref_r_reg[0][7]_i_68_n_4
    SLICE_X224Y8                                                      r  c_attn/vref_r[0][0]_i_8/I2
    SLICE_X224Y8         LUT3 (Prop_G6LUT_SLICEL_I2_O)
                                                      0.035     3.410 r  c_attn/vref_r[0][0]_i_8/O
                         net (fo=5, estimated)        0.111     3.521    c_attn/vref_r[0][0]_i_8_n_0
    SLICE_X224Y8                                                      r  c_attn/vref_r[0][6]_i_13/I3
    SLICE_X224Y8         LUT6 (Prop_F6LUT_SLICEL_I3_O)
                                                      0.035     3.556 r  c_attn/vref_r[0][6]_i_13/O
                         net (fo=1, estimated)        0.183     3.739    c_attn/vref_r[0][6]_i_13_n_0
    SLICE_X224Y8                                                      r  c_attn/vref_r_reg[0][6]_i_9/DI[0]
    SLICE_X224Y8         CARRY8 (Prop_CARRY8_SLICEL_DI[0]_CO[3])
                                                      0.180     3.919 r  c_attn/vref_r_reg[0][6]_i_9/CO[3]
                         net (fo=16, estimated)       0.255     4.174    c_attn/vref_r_reg[0][6]_i_9_n_4
    SLICE_X223Y8                                                      r  c_attn/vref_r[0][1]_i_6/I4
    SLICE_X223Y8         LUT5 (Prop_H6LUT_SLICEL_I4_O)
                                                      0.036     4.210 r  c_attn/vref_r[0][1]_i_6/O
                         net (fo=5, estimated)        0.107     4.317    c_attn/vref_r[0][1]_i_6_n_0
    SLICE_X222Y8                                                      r  c_attn/vref_r[0][7]_i_72/I5
    SLICE_X222Y8         LUT6 (Prop_H6LUT_SLICEM_I5_O)
                                                      0.039     4.356 r  c_attn/vref_r[0][7]_i_72/O
                         net (fo=1, estimated)        0.144     4.500    c_attn/vref_r[0][7]_i_72_n_0
    SLICE_X221Y9                                                      r  c_attn/vref_r_reg[0][7]_i_47/DI[0]
    SLICE_X221Y9         CARRY8 (Prop_CARRY8_SLICEL_DI[0]_CO[3])
                                                      0.180     4.680 r  c_attn/vref_r_reg[0][7]_i_47/CO[3]
                         net (fo=10, estimated)       0.154     4.834    c_attn/vref_r_reg[0][7]_i_47_n_4
    SLICE_X221Y10                                                     r  c_attn/vref_r[0][0]_i_7/I4
    SLICE_X221Y10        LUT5 (Prop_A6LUT_SLICEL_I4_O)
                                                      0.035     4.869 r  c_attn/vref_r[0][0]_i_7/O
                         net (fo=5, estimated)        0.461     5.330    c_attn/vref_r[0][0]_i_7_n_0
    SLICE_X219Y12                                                     r  c_attn/vref_r[0][7]_i_51/I3
    SLICE_X219Y12        LUT6 (Prop_B6LUT_SLICEL_I3_O)
                                                      0.036     5.366 r  c_attn/vref_r[0][7]_i_51/O
                         net (fo=1, estimated)        0.142     5.508    c_attn/vref_r[0][7]_i_51_n_0
    SLICE_X219Y13                                                     r  c_attn/vref_r_reg[0][7]_i_28/DI[0]
    SLICE_X219Y13        CARRY8 (Prop_CARRY8_SLICEL_DI[0]_CO[3])
                                                      0.180     5.688 r  c_attn/vref_r_reg[0][7]_i_28/CO[3]
                         net (fo=19, estimated)       0.216     5.904    c_attn/vref_r_reg[0][7]_i_28_n_4
    SLICE_X219Y13                                                     r  c_attn/vref_r[0][1]_i_5/I4
    SLICE_X219Y13        LUT5 (Prop_G6LUT_SLICEL_I4_O)
                                                      0.035     5.939 r  c_attn/vref_r[0][1]_i_5/O
                         net (fo=3, estimated)        0.142     6.081    c_attn/vref_r[0][1]_i_5_n_0
    SLICE_X218Y13                                                     r  c_attn/vref_r[0][7]_i_59/I5
    SLICE_X218Y13        LUT6 (Prop_F6LUT_SLICEL_I5_O)
                                                      0.035     6.116 r  c_attn/vref_r[0][7]_i_59/O
                         net (fo=1, estimated)        0.142     6.258    c_attn/vref_r[0][7]_i_59_n_0
    SLICE_X218Y14                                                     r  c_attn/vref_r_reg[0][7]_i_29/DI[0]
    SLICE_X218Y14        CARRY8 (Prop_CARRY8_SLICEL_DI[0]_CO[3])
                                                      0.180     6.438 r  c_attn/vref_r_reg[0][7]_i_29/CO[3]
                         net (fo=8, estimated)        0.193     6.631    c_attn/vref_r_reg[0][7]_i_29_n_4
    SLICE_X219Y14                                                     r  c_attn/vref_r[0][0]_i_6/I4
    SLICE_X219Y14        LUT5 (Prop_C6LUT_SLICEL_I4_O)
                                                      0.035     6.666 r  c_attn/vref_r[0][0]_i_6/O
                         net (fo=5, estimated)        0.206     6.872    c_attn/vref_r[0][0]_i_6_n_0
    SLICE_X220Y15                                                     r  c_attn/vref_r[0][7]_i_37/I0
    SLICE_X220Y15        LUT4 (Prop_A6LUT_SLICEM_I0_O)
                                                      0.090     6.962 r  c_attn/vref_r[0][7]_i_37/O
                         net (fo=1, routed)           0.013     6.975    c_attn/vref_r[0][7]_i_37_n_0
    SLICE_X220Y15                                                     r  c_attn/vref_r_reg[0][7]_i_17/S[0]
    SLICE_X220Y15        CARRY8 (Prop_CARRY8_SLICEM_S[0]_CO[3])
                                                      0.186     7.161 r  c_attn/vref_r_reg[0][7]_i_17/CO[3]
                         net (fo=20, estimated)       0.221     7.382    c_attn/vref_r_reg[0][7]_i_17_n_4
    SLICE_X220Y15                                                     r  c_attn/vref_r[0][7]_i_66/I2
    SLICE_X220Y15        LUT3 (Prop_F6LUT_SLICEM_I2_O)
                                                      0.051     7.433 r  c_attn/vref_r[0][7]_i_66/O
                         net (fo=2, estimated)        0.041     7.474    c_attn/vref_r[0][7]_i_66_n_0
    SLICE_X220Y15                                                     r  c_attn/vref_r[0][7]_i_40/I5
    SLICE_X220Y15        LUT6 (Prop_G6LUT_SLICEM_I5_O)
                                                      0.037     7.511 r  c_attn/vref_r[0][7]_i_40/O
                         net (fo=1, estimated)        0.238     7.749    c_attn/vref_r[0][7]_i_40_n_0
    SLICE_X220Y13                                                     r  c_attn/vref_r_reg[0][7]_i_18/DI[1]
    SLICE_X220Y13        CARRY8 (Prop_CARRY8_SLICEM_DI[1]_CO[3])
                                                      0.144     7.893 r  c_attn/vref_r_reg[0][7]_i_18/CO[3]
                         net (fo=8, estimated)        0.209     8.102    c_attn/vref_r_reg[0][7]_i_18_n_4
    SLICE_X220Y14                                                     r  c_attn/vref_r[0][0]_i_5/I4
    SLICE_X220Y14        LUT5 (Prop_G6LUT_SLICEM_I4_O)
                                                      0.037     8.139 r  c_attn/vref_r[0][0]_i_5/O
                         net (fo=34, estimated)       0.156     8.295    c_attn/ev[0]
    SLICE_X220Y14                                                     r  c_attn/vref_r[0][7]_i_26/I0
    SLICE_X220Y14        LUT4 (Prop_A6LUT_SLICEM_I0_O)
                                                      0.090     8.385 r  c_attn/vref_r[0][7]_i_26/O
                         net (fo=1, routed)           0.013     8.398    c_attn/vref_r[0][7]_i_26_n_0
    SLICE_X220Y14                                                     r  c_attn/vref_r_reg[0][7]_i_13/S[0]
    SLICE_X220Y14        CARRY8 (Prop_CARRY8_SLICEM_S[0]_CO[3])
                                                      0.186     8.584 r  c_attn/vref_r_reg[0][7]_i_13/CO[3]
                         net (fo=256, estimated)      0.746     9.330    c_attn/ev1
    SLICE_X224Y11                                                     r  c_attn/vref_r[25][6]_i_2/I2
    SLICE_X224Y11        LUT6 (Prop_E6LUT_SLICEL_I2_O)
                                                      0.035     9.365 r  c_attn/vref_r[25][6]_i_2/O
                         net (fo=1, estimated)        0.151     9.516    c_attn/vref_r_reg[25]_632[6]
    SLICE_X224Y6                                                      r  c_attn/vref_r[25][6]_i_1/I3
    SLICE_X224Y6         LUT6 (Prop_F6LUT_SLICEL_I3_O)
                                                      0.035     9.551 r  c_attn/vref_r[25][6]_i_1/O
                         net (fo=1, routed)           0.051     9.602    c_attn/vref_r[25][6]_i_1_n_0
    SLICE_X224Y6         FDSE                                         r  c_attn/vref_r_reg[25][6]/D
  -------------------------------------------------------------------    -------------------

                         (clock core_clk rise edge)
                                                      5.000     5.000 r  
                                                      0.000     5.000 r  core_clk (IN)
                         net (fo=0)                   0.036     5.036    core_clk
    BUFGCE_X0Y25                                                      r  gbufg.u_bufg_core/I
    BUFGCE_X0Y25         BUFGCE (Prop_BUFCE_BUFGCE_I_O)
                                                      0.024     5.060 r  gbufg.u_bufg_core/O
    X4Y1 (CLOCK_ROOT)    net (fo=392507, estimated)
                                                      1.411     6.471    c_attn/core_clk_i
    SLICE_X224Y6         FDSE                                         r  c_attn/vref_r_reg[25][6]/C
                         clock pessimism              0.126     6.597    
                         clock uncertainty           -0.035     6.562    
    SLICE_X224Y6         FDSE (Setup_FFF_SLICEL_C_D)
                                                      0.025     6.587    c_attn/vref_r_reg[25][6]
  -------------------------------------------------------------------
                         required time                          6.587    
                         arrival time                          -9.602    
  -------------------------------------------------------------------
                         slack                                 -3.015    

Slack (VIOLATED) :        -3.014ns  (required time - arrival time)
  Source:                 c_attn/vref_r_reg[26][7]/C
                            (rising edge-triggered cell FDRE clocked by core_clk  {rise@0.000ns fall@2.500ns period=5.000ns})
  Destination:            c_attn/vref_r_reg[9][6]/D
                            (rising edge-triggered cell FDSE clocked by core_clk  {rise@0.000ns fall@2.500ns period=5.000ns})
  Path Group:             core_clk
  Path Type:              Setup (Max at Slow Process Corner)
  Requirement:            5.000ns  (core_clk rise@5.000ns - core_clk rise@0.000ns)
  Data Path Delay:        7.931ns  (logic 2.525ns (31.837%)  route 5.406ns (68.163%))
  Logic Levels:           28  (CARRY8=8 LUT3=2 LUT4=3 LUT5=5 LUT6=9 MUXF7=1)
  Clock Path Skew:        -0.073ns (DCD - SCD + CPR)
    Destination Clock Delay (DCD):    1.475ns = ( 6.475 - 5.000 ) 
    Source Clock Delay      (SCD):    1.674ns
    Clock Pessimism Removal (CPR):    0.126ns
  Clock Uncertainty:      0.035ns  ((TSJ^2 + TIJ^2)^1/2 + DJ) / 2 + PE
    Total System Jitter     (TSJ):    0.071ns
    Total Input Jitter      (TIJ):    0.000ns
    Discrete Jitter          (DJ):    0.000ns
    Phase Error              (PE):    0.000ns
  Clock Net Delay (Source):      1.603ns (routing 0.210ns, distribution 1.393ns)
  Clock Net Delay (Destination): 1.415ns (routing 0.190ns, distribution 1.225ns)

    Location             Delay type                Incr(ns)  Path(ns)    Netlist Resource(s)
  -------------------------------------------------------------------    -------------------
                         (clock core_clk rise edge)
                                                      0.000     0.000 r  
                                                      0.000     0.000 r  core_clk (IN)
                         net (fo=0)                   0.043     0.043    core_clk
    BUFGCE_X0Y25                                                      r  gbufg.u_bufg_core/I
    BUFGCE_X0Y25         BUFGCE (Prop_BUFCE_BUFGCE_I_O)
                                                      0.028     0.071 r  gbufg.u_bufg_core/O
    X4Y1 (CLOCK_ROOT)    net (fo=392507, estimated)
                                                      1.603     1.674    c_attn/core_clk_i
    SLICE_X220Y9         FDRE                                         r  c_attn/vref_r_reg[26][7]/C
  -------------------------------------------------------------------    -------------------
    SLICE_X220Y9         FDRE (Prop_GFF_SLICEM_C_Q)
                                                      0.078     1.752 r  c_attn/vref_r_reg[26][7]/Q
                         net (fo=2, estimated)        0.574     2.326    c_attn/u_arr/err_r_reg_i_21_2[7]
    SLICE_X225Y8                                                      r  c_attn/u_arr/err_r_i_25__3/I1
    SLICE_X225Y8         LUT6 (Prop_F6LUT_SLICEM_I1_O)
                                                      0.123     2.449 r  c_attn/u_arr/err_r_i_25__3/O
                         net (fo=1, routed)           0.023     2.472    c_attn/u_arr/err_r_i_25__3_n_0
    SLICE_X225Y8                                                      r  c_attn/u_arr/err_r_reg_i_21/I0
    SLICE_X225Y8         MUXF7 (Prop_F7MUX_EF_SLICEM_I0_O)
                                                      0.068     2.540 r  c_attn/u_arr/err_r_reg_i_21/O
                         net (fo=1, estimated)        0.187     2.727    c_attn/u_arr/err_r_reg_i_21_n_0
    SLICE_X225Y9                                                      r  c_attn/u_arr/err_r_i_17__4/I0
    SLICE_X225Y9         LUT6 (Prop_F6LUT_SLICEM_I0_O)
                                                      0.098     2.825 r  c_attn/u_arr/err_r_i_17__4/O
                         net (fo=14, estimated)       0.134     2.959    c_attn/u_arr_n_3
    SLICE_X225Y9                                                      r  c_attn/vref_r[0][7]_i_84/I0
    SLICE_X225Y9         LUT4 (Prop_D6LUT_SLICEM_I0_O)
                                                      0.088     3.047 r  c_attn/vref_r[0][7]_i_84/O
                         net (fo=1, routed)           0.025     3.072    c_attn/vref_r[0][7]_i_84_n_0
    SLICE_X225Y9                                                      r  c_attn/vref_r_reg[0][7]_i_68/S[3]
    SLICE_X225Y9         CARRY8 (Prop_CARRY8_SLICEM_S[3]_CO[3])
                                                      0.133     3.205 r  c_attn/vref_r_reg[0][7]_i_68/CO[3]
                         net (fo=16, estimated)       0.170     3.375    c_attn/vref_r_reg[0][7]_i_68_n_4
    SLICE_X224Y8                                                      r  c_attn/vref_r[0][0]_i_8/I2
    SLICE_X224Y8         LUT3 (Prop_G6LUT_SLICEL_I2_O)
                                                      0.035     3.410 r  c_attn/vref_r[0][0]_i_8/O
                         net (fo=5, estimated)        0.111     3.521    c_attn/vref_r[0][0]_i_8_n_0
    SLICE_X224Y8                                                      r  c_attn/vref_r[0][6]_i_13/I3
    SLICE_X224Y8         LUT6 (Prop_F6LUT_SLICEL_I3_O)
                                                      0.035     3.556 r  c_attn/vref_r[0][6]_i_13/O
                         net (fo=1, estimated)        0.183     3.739    c_attn/vref_r[0][6]_i_13_n_0
    SLICE_X224Y8                                                      r  c_attn/vref_r_reg[0][6]_i_9/DI[0]
    SLICE_X224Y8         CARRY8 (Prop_CARRY8_SLICEL_DI[0]_CO[3])
                                                      0.180     3.919 r  c_attn/vref_r_reg[0][6]_i_9/CO[3]
                         net (fo=16, estimated)       0.255     4.174    c_attn/vref_r_reg[0][6]_i_9_n_4
    SLICE_X223Y8                                                      r  c_attn/vref_r[0][1]_i_6/I4
    SLICE_X223Y8         LUT5 (Prop_H6LUT_SLICEL_I4_O)
                                                      0.036     4.210 r  c_attn/vref_r[0][1]_i_6/O
                         net (fo=5, estimated)        0.107     4.317    c_attn/vref_r[0][1]_i_6_n_0
    SLICE_X222Y8                                                      r  c_attn/vref_r[0][7]_i_72/I5
    SLICE_X222Y8         LUT6 (Prop_H6LUT_SLICEM_I5_O)
                                                      0.039     4.356 r  c_attn/vref_r[0][7]_i_72/O
                         net (fo=1, estimated)        0.144     4.500    c_attn/vref_r[0][7]_i_72_n_0
    SLICE_X221Y9                                                      r  c_attn/vref_r_reg[0][7]_i_47/DI[0]
    SLICE_X221Y9         CARRY8 (Prop_CARRY8_SLICEL_DI[0]_CO[3])
                                                      0.180     4.680 r  c_attn/vref_r_reg[0][7]_i_47/CO[3]
                         net (fo=10, estimated)       0.154     4.834    c_attn/vref_r_reg[0][7]_i_47_n_4
    SLICE_X221Y10                                                     r  c_attn/vref_r[0][0]_i_7/I4
    SLICE_X221Y10        LUT5 (Prop_A6LUT_SLICEL_I4_O)
                                                      0.035     4.869 r  c_attn/vref_r[0][0]_i_7/O
                         net (fo=5, estimated)        0.461     5.330    c_attn/vref_r[0][0]_i_7_n_0
    SLICE_X219Y12                                                     r  c_attn/vref_r[0][7]_i_51/I3
    SLICE_X219Y12        LUT6 (Prop_B6LUT_SLICEL_I3_O)
                                                      0.036     5.366 r  c_attn/vref_r[0][7]_i_51/O
                         net (fo=1, estimated)        0.142     5.508    c_attn/vref_r[0][7]_i_51_n_0
    SLICE_X219Y13                                                     r  c_attn/vref_r_reg[0][7]_i_28/DI[0]
    SLICE_X219Y13        CARRY8 (Prop_CARRY8_SLICEL_DI[0]_CO[3])
                                                      0.180     5.688 r  c_attn/vref_r_reg[0][7]_i_28/CO[3]
                         net (fo=19, estimated)       0.216     5.904    c_attn/vref_r_reg[0][7]_i_28_n_4
    SLICE_X219Y13                                                     r  c_attn/vref_r[0][1]_i_5/I4
    SLICE_X219Y13        LUT5 (Prop_G6LUT_SLICEL_I4_O)
                                                      0.035     5.939 r  c_attn/vref_r[0][1]_i_5/O
                         net (fo=3, estimated)        0.142     6.081    c_attn/vref_r[0][1]_i_5_n_0
    SLICE_X218Y13                                                     r  c_attn/vref_r[0][7]_i_59/I5
    SLICE_X218Y13        LUT6 (Prop_F6LUT_SLICEL_I5_O)
                                                      0.035     6.116 r  c_attn/vref_r[0][7]_i_59/O
                         net (fo=1, estimated)        0.142     6.258    c_attn/vref_r[0][7]_i_59_n_0
    SLICE_X218Y14                                                     r  c_attn/vref_r_reg[0][7]_i_29/DI[0]
    SLICE_X218Y14        CARRY8 (Prop_CARRY8_SLICEL_DI[0]_CO[3])
                                                      0.180     6.438 r  c_attn/vref_r_reg[0][7]_i_29/CO[3]
                         net (fo=8, estimated)        0.193     6.631    c_attn/vref_r_reg[0][7]_i_29_n_4
    SLICE_X219Y14                                                     r  c_attn/vref_r[0][0]_i_6/I4
    SLICE_X219Y14        LUT5 (Prop_C6LUT_SLICEL_I4_O)
                                                      0.035     6.666 r  c_attn/vref_r[0][0]_i_6/O
                         net (fo=5, estimated)        0.206     6.872    c_attn/vref_r[0][0]_i_6_n_0
    SLICE_X220Y15                                                     r  c_attn/vref_r[0][7]_i_37/I0
    SLICE_X220Y15        LUT4 (Prop_A6LUT_SLICEM_I0_O)
                                                      0.090     6.962 r  c_attn/vref_r[0][7]_i_37/O
                         net (fo=1, routed)           0.013     6.975    c_attn/vref_r[0][7]_i_37_n_0
    SLICE_X220Y15                                                     r  c_attn/vref_r_reg[0][7]_i_17/S[0]
    SLICE_X220Y15        CARRY8 (Prop_CARRY8_SLICEM_S[0]_CO[3])
                                                      0.186     7.161 r  c_attn/vref_r_reg[0][7]_i_17/CO[3]
                         net (fo=20, estimated)       0.221     7.382    c_attn/vref_r_reg[0][7]_i_17_n_4
    SLICE_X220Y15                                                     r  c_attn/vref_r[0][7]_i_66/I2
    SLICE_X220Y15        LUT3 (Prop_F6LUT_SLICEM_I2_O)
                                                      0.051     7.433 r  c_attn/vref_r[0][7]_i_66/O
                         net (fo=2, estimated)        0.041     7.474    c_attn/vref_r[0][7]_i_66_n_0
    SLICE_X220Y15                                                     r  c_attn/vref_r[0][7]_i_40/I5
    SLICE_X220Y15        LUT6 (Prop_G6LUT_SLICEM_I5_O)
                                                      0.037     7.511 r  c_attn/vref_r[0][7]_i_40/O
                         net (fo=1, estimated)        0.238     7.749    c_attn/vref_r[0][7]_i_40_n_0
    SLICE_X220Y13                                                     r  c_attn/vref_r_reg[0][7]_i_18/DI[1]
    SLICE_X220Y13        CARRY8 (Prop_CARRY8_SLICEM_DI[1]_CO[3])
                                                      0.144     7.893 r  c_attn/vref_r_reg[0][7]_i_18/CO[3]
                         net (fo=8, estimated)        0.209     8.102    c_attn/vref_r_reg[0][7]_i_18_n_4
    SLICE_X220Y14                                                     r  c_attn/vref_r[0][0]_i_5/I4
    SLICE_X220Y14        LUT5 (Prop_G6LUT_SLICEM_I4_O)
                                                      0.037     8.139 r  c_attn/vref_r[0][0]_i_5/O
                         net (fo=34, estimated)       0.156     8.295    c_attn/ev[0]
    SLICE_X220Y14                                                     r  c_attn/vref_r[0][7]_i_26/I0
    SLICE_X220Y14        LUT4 (Prop_A6LUT_SLICEM_I0_O)
                                                      0.090     8.385 r  c_attn/vref_r[0][7]_i_26/O
                         net (fo=1, routed)           0.013     8.398    c_attn/vref_r[0][7]_i_26_n_0
    SLICE_X220Y14                                                     r  c_attn/vref_r_reg[0][7]_i_13/S[0]
    SLICE_X220Y14        CARRY8 (Prop_CARRY8_SLICEM_S[0]_CO[3])
                                                      0.186     8.584 r  c_attn/vref_r_reg[0][7]_i_13/CO[3]
                         net (fo=256, estimated)      0.736     9.320    c_attn/ev1
    SLICE_X227Y13                                                     r  c_attn/vref_r[9][6]_i_2/I2
    SLICE_X227Y13        LUT6 (Prop_A6LUT_SLICEM_I2_O)
                                                      0.038     9.358 r  c_attn/vref_r[9][6]_i_2/O
                         net (fo=1, estimated)        0.143     9.501    c_attn/vref_r_reg[9]_618[6]
    SLICE_X227Y11                                                     r  c_attn/vref_r[9][6]_i_1/I3
    SLICE_X227Y11        LUT6 (Prop_F6LUT_SLICEM_I3_O)
                                                      0.037     9.538 r  c_attn/vref_r[9][6]_i_1/O
                         net (fo=1, routed)           0.067     9.605    c_attn/vref_r[9][6]_i_1_n_0
    SLICE_X227Y11        FDSE                                         r  c_attn/vref_r_reg[9][6]/D
  -------------------------------------------------------------------    -------------------

                         (clock core_clk rise edge)
                                                      5.000     5.000 r  
                                                      0.000     5.000 r  core_clk (IN)
                         net (fo=0)                   0.036     5.036    core_clk
    BUFGCE_X0Y25                                                      r  gbufg.u_bufg_core/I
    BUFGCE_X0Y25         BUFGCE (Prop_BUFCE_BUFGCE_I_O)
                                                      0.024     5.060 r  gbufg.u_bufg_core/O
    X4Y1 (CLOCK_ROOT)    net (fo=392507, estimated)
                                                      1.415     6.475    c_attn/core_clk_i
    SLICE_X227Y11        FDSE                                         r  c_attn/vref_r_reg[9][6]/C
                         clock pessimism              0.126     6.601    
                         clock uncertainty           -0.035     6.566    
    SLICE_X227Y11        FDSE (Setup_FFF_SLICEM_C_D)
                                                      0.025     6.591    c_attn/vref_r_reg[9][6]
  -------------------------------------------------------------------
                         required time                          6.591    
                         arrival time                          -9.605    
  -------------------------------------------------------------------
                         slack                                 -3.014    

Slack (VIOLATED) :        -3.014ns  (required time - arrival time)
  Source:                 c_attn/vref_r_reg[26][7]/C
                            (rising edge-triggered cell FDRE clocked by core_clk  {rise@0.000ns fall@2.500ns period=5.000ns})
  Destination:            c_attn/vref_r_reg[19][0]/D
                            (rising edge-triggered cell FDSE clocked by core_clk  {rise@0.000ns fall@2.500ns period=5.000ns})
  Path Group:             core_clk
  Path Type:              Setup (Max at Slow Process Corner)
  Requirement:            5.000ns  (core_clk rise@5.000ns - core_clk rise@0.000ns)
  Data Path Delay:        7.929ns  (logic 2.524ns (31.833%)  route 5.405ns (68.167%))
  Logic Levels:           28  (CARRY8=8 LUT3=2 LUT4=3 LUT5=5 LUT6=9 MUXF7=1)
  Clock Path Skew:        -0.075ns (DCD - SCD + CPR)
    Destination Clock Delay (DCD):    1.473ns = ( 6.473 - 5.000 ) 
    Source Clock Delay      (SCD):    1.674ns
    Clock Pessimism Removal (CPR):    0.126ns
  Clock Uncertainty:      0.035ns  ((TSJ^2 + TIJ^2)^1/2 + DJ) / 2 + PE
    Total System Jitter     (TSJ):    0.071ns
    Total Input Jitter      (TIJ):    0.000ns
    Discrete Jitter          (DJ):    0.000ns
    Phase Error              (PE):    0.000ns
  Clock Net Delay (Source):      1.603ns (routing 0.210ns, distribution 1.393ns)
  Clock Net Delay (Destination): 1.413ns (routing 0.190ns, distribution 1.223ns)

    Location             Delay type                Incr(ns)  Path(ns)    Netlist Resource(s)
  -------------------------------------------------------------------    -------------------
                         (clock core_clk rise edge)
                                                      0.000     0.000 r  
                                                      0.000     0.000 r  core_clk (IN)
                         net (fo=0)                   0.043     0.043    core_clk
    BUFGCE_X0Y25                                                      r  gbufg.u_bufg_core/I
    BUFGCE_X0Y25         BUFGCE (Prop_BUFCE_BUFGCE_I_O)
                                                      0.028     0.071 r  gbufg.u_bufg_core/O
    X4Y1 (CLOCK_ROOT)    net (fo=392507, estimated)
                                                      1.603     1.674    c_attn/core_clk_i
    SLICE_X220Y9         FDRE                                         r  c_attn/vref_r_reg[26][7]/C
  -------------------------------------------------------------------    -------------------
    SLICE_X220Y9         FDRE (Prop_GFF_SLICEM_C_Q)
                                                      0.078     1.752 r  c_attn/vref_r_reg[26][7]/Q
                         net (fo=2, estimated)        0.574     2.326    c_attn/u_arr/err_r_reg_i_21_2[7]
    SLICE_X225Y8                                                      r  c_attn/u_arr/err_r_i_25__3/I1
    SLICE_X225Y8         LUT6 (Prop_F6LUT_SLICEM_I1_O)
                                                      0.123     2.449 r  c_attn/u_arr/err_r_i_25__3/O
                         net (fo=1, routed)           0.023     2.472    c_attn/u_arr/err_r_i_25__3_n_0
    SLICE_X225Y8                                                      r  c_attn/u_arr/err_r_reg_i_21/I0
    SLICE_X225Y8         MUXF7 (Prop_F7MUX_EF_SLICEM_I0_O)
                                                      0.068     2.540 r  c_attn/u_arr/err_r_reg_i_21/O
                         net (fo=1, estimated)        0.187     2.727    c_attn/u_arr/err_r_reg_i_21_n_0
    SLICE_X225Y9                                                      r  c_attn/u_arr/err_r_i_17__4/I0
    SLICE_X225Y9         LUT6 (Prop_F6LUT_SLICEM_I0_O)
                                                      0.098     2.825 r  c_attn/u_arr/err_r_i_17__4/O
                         net (fo=14, estimated)       0.134     2.959    c_attn/u_arr_n_3
    SLICE_X225Y9                                                      r  c_attn/vref_r[0][7]_i_84/I0
    SLICE_X225Y9         LUT4 (Prop_D6LUT_SLICEM_I0_O)
                                                      0.088     3.047 r  c_attn/vref_r[0][7]_i_84/O
                         net (fo=1, routed)           0.025     3.072    c_attn/vref_r[0][7]_i_84_n_0
    SLICE_X225Y9                                                      r  c_attn/vref_r_reg[0][7]_i_68/S[3]
    SLICE_X225Y9         CARRY8 (Prop_CARRY8_SLICEM_S[3]_CO[3])
                                                      0.133     3.205 r  c_attn/vref_r_reg[0][7]_i_68/CO[3]
                         net (fo=16, estimated)       0.170     3.375    c_attn/vref_r_reg[0][7]_i_68_n_4
    SLICE_X224Y8                                                      r  c_attn/vref_r[0][0]_i_8/I2
    SLICE_X224Y8         LUT3 (Prop_G6LUT_SLICEL_I2_O)
                                                      0.035     3.410 r  c_attn/vref_r[0][0]_i_8/O
                         net (fo=5, estimated)        0.111     3.521    c_attn/vref_r[0][0]_i_8_n_0
    SLICE_X224Y8                                                      r  c_attn/vref_r[0][6]_i_13/I3
    SLICE_X224Y8         LUT6 (Prop_F6LUT_SLICEL_I3_O)
                                                      0.035     3.556 r  c_attn/vref_r[0][6]_i_13/O
                         net (fo=1, estimated)        0.183     3.739    c_attn/vref_r[0][6]_i_13_n_0
    SLICE_X224Y8                                                      r  c_attn/vref_r_reg[0][6]_i_9/DI[0]
    SLICE_X224Y8         CARRY8 (Prop_CARRY8_SLICEL_DI[0]_CO[3])
                                                      0.180     3.919 r  c_attn/vref_r_reg[0][6]_i_9/CO[3]
                         net (fo=16, estimated)       0.255     4.174    c_attn/vref_r_reg[0][6]_i_9_n_4
    SLICE_X223Y8                                                      r  c_attn/vref_r[0][1]_i_6/I4
    SLICE_X223Y8         LUT5 (Prop_H6LUT_SLICEL_I4_O)
                                                      0.036     4.210 r  c_attn/vref_r[0][1]_i_6/O
                         net (fo=5, estimated)        0.107     4.317    c_attn/vref_r[0][1]_i_6_n_0
    SLICE_X222Y8                                                      r  c_attn/vref_r[0][7]_i_72/I5
    SLICE_X222Y8         LUT6 (Prop_H6LUT_SLICEM_I5_O)
                                                      0.039     4.356 r  c_attn/vref_r[0][7]_i_72/O
                         net (fo=1, estimated)        0.144     4.500    c_attn/vref_r[0][7]_i_72_n_0
    SLICE_X221Y9                                                      r  c_attn/vref_r_reg[0][7]_i_47/DI[0]
    SLICE_X221Y9         CARRY8 (Prop_CARRY8_SLICEL_DI[0]_CO[3])
                                                      0.180     4.680 r  c_attn/vref_r_reg[0][7]_i_47/CO[3]
                         net (fo=10, estimated)       0.154     4.834    c_attn/vref_r_reg[0][7]_i_47_n_4
    SLICE_X221Y10                                                     r  c_attn/vref_r[0][0]_i_7/I4
    SLICE_X221Y10        LUT5 (Prop_A6LUT_SLICEL_I4_O)
                                                      0.035     4.869 r  c_attn/vref_r[0][0]_i_7/O
                         net (fo=5, estimated)        0.461     5.330    c_attn/vref_r[0][0]_i_7_n_0
    SLICE_X219Y12                                                     r  c_attn/vref_r[0][7]_i_51/I3
    SLICE_X219Y12        LUT6 (Prop_B6LUT_SLICEL_I3_O)
                                                      0.036     5.366 r  c_attn/vref_r[0][7]_i_51/O
                         net (fo=1, estimated)        0.142     5.508    c_attn/vref_r[0][7]_i_51_n_0
    SLICE_X219Y13                                                     r  c_attn/vref_r_reg[0][7]_i_28/DI[0]
    SLICE_X219Y13        CARRY8 (Prop_CARRY8_SLICEL_DI[0]_CO[3])
                                                      0.180     5.688 r  c_attn/vref_r_reg[0][7]_i_28/CO[3]
                         net (fo=19, estimated)       0.216     5.904    c_attn/vref_r_reg[0][7]_i_28_n_4
    SLICE_X219Y13                                                     r  c_attn/vref_r[0][1]_i_5/I4
    SLICE_X219Y13        LUT5 (Prop_G6LUT_SLICEL_I4_O)
                                                      0.035     5.939 r  c_attn/vref_r[0][1]_i_5/O
                         net (fo=3, estimated)        0.142     6.081    c_attn/vref_r[0][1]_i_5_n_0
    SLICE_X218Y13                                                     r  c_attn/vref_r[0][7]_i_59/I5
    SLICE_X218Y13        LUT6 (Prop_F6LUT_SLICEL_I5_O)
                                                      0.035     6.116 r  c_attn/vref_r[0][7]_i_59/O
                         net (fo=1, estimated)        0.142     6.258    c_attn/vref_r[0][7]_i_59_n_0
    SLICE_X218Y14                                                     r  c_attn/vref_r_reg[0][7]_i_29/DI[0]
    SLICE_X218Y14        CARRY8 (Prop_CARRY8_SLICEL_DI[0]_CO[3])
                                                      0.180     6.438 r  c_attn/vref_r_reg[0][7]_i_29/CO[3]
                         net (fo=8, estimated)        0.193     6.631    c_attn/vref_r_reg[0][7]_i_29_n_4
    SLICE_X219Y14                                                     r  c_attn/vref_r[0][0]_i_6/I4
    SLICE_X219Y14        LUT5 (Prop_C6LUT_SLICEL_I4_O)
                                                      0.035     6.666 r  c_attn/vref_r[0][0]_i_6/O
                         net (fo=5, estimated)        0.206     6.872    c_attn/vref_r[0][0]_i_6_n_0
    SLICE_X220Y15                                                     r  c_attn/vref_r[0][7]_i_37/I0
    SLICE_X220Y15        LUT4 (Prop_A6LUT_SLICEM_I0_O)
                                                      0.090     6.962 r  c_attn/vref_r[0][7]_i_37/O
                         net (fo=1, routed)           0.013     6.975    c_attn/vref_r[0][7]_i_37_n_0
    SLICE_X220Y15                                                     r  c_attn/vref_r_reg[0][7]_i_17/S[0]
    SLICE_X220Y15        CARRY8 (Prop_CARRY8_SLICEM_S[0]_CO[3])
                                                      0.186     7.161 r  c_attn/vref_r_reg[0][7]_i_17/CO[3]
                         net (fo=20, estimated)       0.221     7.382    c_attn/vref_r_reg[0][7]_i_17_n_4
    SLICE_X220Y15                                                     r  c_attn/vref_r[0][7]_i_66/I2
    SLICE_X220Y15        LUT3 (Prop_F6LUT_SLICEM_I2_O)
                                                      0.051     7.433 r  c_attn/vref_r[0][7]_i_66/O
                         net (fo=2, estimated)        0.041     7.474    c_attn/vref_r[0][7]_i_66_n_0
    SLICE_X220Y15                                                     r  c_attn/vref_r[0][7]_i_40/I5
    SLICE_X220Y15        LUT6 (Prop_G6LUT_SLICEM_I5_O)
                                                      0.037     7.511 r  c_attn/vref_r[0][7]_i_40/O
                         net (fo=1, estimated)        0.238     7.749    c_attn/vref_r[0][7]_i_40_n_0
    SLICE_X220Y13                                                     r  c_attn/vref_r_reg[0][7]_i_18/DI[1]
    SLICE_X220Y13        CARRY8 (Prop_CARRY8_SLICEM_DI[1]_CO[3])
                                                      0.144     7.893 r  c_attn/vref_r_reg[0][7]_i_18/CO[3]
                         net (fo=8, estimated)        0.209     8.102    c_attn/vref_r_reg[0][7]_i_18_n_4
    SLICE_X220Y14                                                     r  c_attn/vref_r[0][0]_i_5/I4
    SLICE_X220Y14        LUT5 (Prop_G6LUT_SLICEM_I4_O)
                                                      0.037     8.139 r  c_attn/vref_r[0][0]_i_5/O
                         net (fo=34, estimated)       0.156     8.295    c_attn/ev[0]
    SLICE_X220Y14                                                     r  c_attn/vref_r[0][7]_i_26/I0
    SLICE_X220Y14        LUT4 (Prop_A6LUT_SLICEM_I0_O)
                                                      0.090     8.385 r  c_attn/vref_r[0][7]_i_26/O
                         net (fo=1, routed)           0.013     8.398    c_attn/vref_r[0][7]_i_26_n_0
    SLICE_X220Y14                                                     r  c_attn/vref_r_reg[0][7]_i_13/S[0]
    SLICE_X220Y14        CARRY8 (Prop_CARRY8_SLICEM_S[0]_CO[3])
                                                      0.186     8.584 r  c_attn/vref_r_reg[0][7]_i_13/CO[3]
                         net (fo=256, estimated)      0.796     9.380    c_attn/ev1
    SLICE_X229Y15                                                     r  c_attn/vref_r[19][0]_i_2/I2
    SLICE_X229Y15        LUT6 (Prop_G6LUT_SLICEM_I2_O)
                                                      0.037     9.417 r  c_attn/vref_r[19][0]_i_2/O
                         net (fo=1, estimated)        0.094     9.511    c_attn/vref_r_reg[19]_633[0]
    SLICE_X229Y15                                                     r  c_attn/vref_r[19][0]_i_1/I3
    SLICE_X229Y15        LUT6 (Prop_E6LUT_SLICEM_I3_O)
                                                      0.037     9.548 r  c_attn/vref_r[19][0]_i_1/O
                         net (fo=1, routed)           0.055     9.603    c_attn/vref_r[19][0]_i_1_n_0
    SLICE_X229Y15        FDSE                                         r  c_attn/vref_r_reg[19][0]/D
  -------------------------------------------------------------------    -------------------

                         (clock core_clk rise edge)
                                                      5.000     5.000 r  
                                                      0.000     5.000 r  core_clk (IN)
                         net (fo=0)                   0.036     5.036    core_clk
    BUFGCE_X0Y25                                                      r  gbufg.u_bufg_core/I
    BUFGCE_X0Y25         BUFGCE (Prop_BUFCE_BUFGCE_I_O)
                                                      0.024     5.060 r  gbufg.u_bufg_core/O
    X4Y1 (CLOCK_ROOT)    net (fo=392507, estimated)
                                                      1.413     6.473    c_attn/core_clk_i
    SLICE_X229Y15        FDSE                                         r  c_attn/vref_r_reg[19][0]/C
                         clock pessimism              0.126     6.599    
                         clock uncertainty           -0.035     6.564    
    SLICE_X229Y15        FDSE (Setup_EFF_SLICEM_C_D)
                                                      0.025     6.589    c_attn/vref_r_reg[19][0]
  -------------------------------------------------------------------
                         required time                          6.589    
                         arrival time                          -9.603    
  -------------------------------------------------------------------
                         slack                                 -3.014    

Slack (VIOLATED) :        -3.014ns  (required time - arrival time)
  Source:                 c_attn/vref_r_reg[26][7]/C
                            (rising edge-triggered cell FDRE clocked by core_clk  {rise@0.000ns fall@2.500ns period=5.000ns})
  Destination:            c_attn/vref_r_reg[14][4]/D
                            (rising edge-triggered cell FDSE clocked by core_clk  {rise@0.000ns fall@2.500ns period=5.000ns})
  Path Group:             core_clk
  Path Type:              Setup (Max at Slow Process Corner)
  Requirement:            5.000ns  (core_clk rise@5.000ns - core_clk rise@0.000ns)
  Data Path Delay:        7.918ns  (logic 2.521ns (31.839%)  route 5.397ns (68.161%))
  Logic Levels:           28  (CARRY8=8 LUT3=2 LUT4=3 LUT5=5 LUT6=9 MUXF7=1)
  Clock Path Skew:        -0.086ns (DCD - SCD + CPR)
    Destination Clock Delay (DCD):    1.462ns = ( 6.462 - 5.000 ) 
    Source Clock Delay      (SCD):    1.674ns
    Clock Pessimism Removal (CPR):    0.126ns
  Clock Uncertainty:      0.035ns  ((TSJ^2 + TIJ^2)^1/2 + DJ) / 2 + PE
    Total System Jitter     (TSJ):    0.071ns
    Total Input Jitter      (TIJ):    0.000ns
    Discrete Jitter          (DJ):    0.000ns
    Phase Error              (PE):    0.000ns
  Clock Net Delay (Source):      1.603ns (routing 0.210ns, distribution 1.393ns)
  Clock Net Delay (Destination): 1.402ns (routing 0.190ns, distribution 1.212ns)

    Location             Delay type                Incr(ns)  Path(ns)    Netlist Resource(s)
  -------------------------------------------------------------------    -------------------
                         (clock core_clk rise edge)
                                                      0.000     0.000 r  
                                                      0.000     0.000 r  core_clk (IN)
                         net (fo=0)                   0.043     0.043    core_clk
    BUFGCE_X0Y25                                                      r  gbufg.u_bufg_core/I
    BUFGCE_X0Y25         BUFGCE (Prop_BUFCE_BUFGCE_I_O)
                                                      0.028     0.071 r  gbufg.u_bufg_core/O
    X4Y1 (CLOCK_ROOT)    net (fo=392507, estimated)
                                                      1.603     1.674    c_attn/core_clk_i
    SLICE_X220Y9         FDRE                                         r  c_attn/vref_r_reg[26][7]/C
  -------------------------------------------------------------------    -------------------
    SLICE_X220Y9         FDRE (Prop_GFF_SLICEM_C_Q)
                                                      0.078     1.752 r  c_attn/vref_r_reg[26][7]/Q
                         net (fo=2, estimated)        0.574     2.326    c_attn/u_arr/err_r_reg_i_21_2[7]
    SLICE_X225Y8                                                      r  c_attn/u_arr/err_r_i_25__3/I1
    SLICE_X225Y8         LUT6 (Prop_F6LUT_SLICEM_I1_O)
                                                      0.123     2.449 r  c_attn/u_arr/err_r_i_25__3/O
                         net (fo=1, routed)           0.023     2.472    c_attn/u_arr/err_r_i_25__3_n_0
    SLICE_X225Y8                                                      r  c_attn/u_arr/err_r_reg_i_21/I0
    SLICE_X225Y8         MUXF7 (Prop_F7MUX_EF_SLICEM_I0_O)
                                                      0.068     2.540 r  c_attn/u_arr/err_r_reg_i_21/O
                         net (fo=1, estimated)        0.187     2.727    c_attn/u_arr/err_r_reg_i_21_n_0
    SLICE_X225Y9                                                      r  c_attn/u_arr/err_r_i_17__4/I0
    SLICE_X225Y9         LUT6 (Prop_F6LUT_SLICEM_I0_O)
                                                      0.098     2.825 r  c_attn/u_arr/err_r_i_17__4/O
                         net (fo=14, estimated)       0.134     2.959    c_attn/u_arr_n_3
    SLICE_X225Y9                                                      r  c_attn/vref_r[0][7]_i_84/I0
    SLICE_X225Y9         LUT4 (Prop_D6LUT_SLICEM_I0_O)
                                                      0.088     3.047 r  c_attn/vref_r[0][7]_i_84/O
                         net (fo=1, routed)           0.025     3.072    c_attn/vref_r[0][7]_i_84_n_0
    SLICE_X225Y9                                                      r  c_attn/vref_r_reg[0][7]_i_68/S[3]
    SLICE_X225Y9         CARRY8 (Prop_CARRY8_SLICEM_S[3]_CO[3])
                                                      0.133     3.205 r  c_attn/vref_r_reg[0][7]_i_68/CO[3]
                         net (fo=16, estimated)       0.170     3.375    c_attn/vref_r_reg[0][7]_i_68_n_4
    SLICE_X224Y8                                                      r  c_attn/vref_r[0][0]_i_8/I2
    SLICE_X224Y8         LUT3 (Prop_G6LUT_SLICEL_I2_O)
                                                      0.035     3.410 r  c_attn/vref_r[0][0]_i_8/O
                         net (fo=5, estimated)        0.111     3.521    c_attn/vref_r[0][0]_i_8_n_0
    SLICE_X224Y8                                                      r  c_attn/vref_r[0][6]_i_13/I3
    SLICE_X224Y8         LUT6 (Prop_F6LUT_SLICEL_I3_O)
                                                      0.035     3.556 r  c_attn/vref_r[0][6]_i_13/O
                         net (fo=1, estimated)        0.183     3.739    c_attn/vref_r[0][6]_i_13_n_0
    SLICE_X224Y8                                                      r  c_attn/vref_r_reg[0][6]_i_9/DI[0]
    SLICE_X224Y8         CARRY8 (Prop_CARRY8_SLICEL_DI[0]_CO[3])
                                                      0.180     3.919 r  c_attn/vref_r_reg[0][6]_i_9/CO[3]
                         net (fo=16, estimated)       0.255     4.174    c_attn/vref_r_reg[0][6]_i_9_n_4
    SLICE_X223Y8                                                      r  c_attn/vref_r[0][1]_i_6/I4
    SLICE_X223Y8         LUT5 (Prop_H6LUT_SLICEL_I4_O)
                                                      0.036     4.210 r  c_attn/vref_r[0][1]_i_6/O
                         net (fo=5, estimated)        0.107     4.317    c_attn/vref_r[0][1]_i_6_n_0
    SLICE_X222Y8                                                      r  c_attn/vref_r[0][7]_i_72/I5
    SLICE_X222Y8         LUT6 (Prop_H6LUT_SLICEM_I5_O)
                                                      0.039     4.356 r  c_attn/vref_r[0][7]_i_72/O
                         net (fo=1, estimated)        0.144     4.500    c_attn/vref_r[0][7]_i_72_n_0
    SLICE_X221Y9                                                      r  c_attn/vref_r_reg[0][7]_i_47/DI[0]
    SLICE_X221Y9         CARRY8 (Prop_CARRY8_SLICEL_DI[0]_CO[3])
                                                      0.180     4.680 r  c_attn/vref_r_reg[0][7]_i_47/CO[3]
                         net (fo=10, estimated)       0.154     4.834    c_attn/vref_r_reg[0][7]_i_47_n_4
    SLICE_X221Y10                                                     r  c_attn/vref_r[0][0]_i_7/I4
    SLICE_X221Y10        LUT5 (Prop_A6LUT_SLICEL_I4_O)
                                                      0.035     4.869 r  c_attn/vref_r[0][0]_i_7/O
                         net (fo=5, estimated)        0.461     5.330    c_attn/vref_r[0][0]_i_7_n_0
    SLICE_X219Y12                                                     r  c_attn/vref_r[0][7]_i_51/I3
    SLICE_X219Y12        LUT6 (Prop_B6LUT_SLICEL_I3_O)
                                                      0.036     5.366 r  c_attn/vref_r[0][7]_i_51/O
                         net (fo=1, estimated)        0.142     5.508    c_attn/vref_r[0][7]_i_51_n_0
    SLICE_X219Y13                                                     r  c_attn/vref_r_reg[0][7]_i_28/DI[0]
    SLICE_X219Y13        CARRY8 (Prop_CARRY8_SLICEL_DI[0]_CO[3])
                                                      0.180     5.688 r  c_attn/vref_r_reg[0][7]_i_28/CO[3]
                         net (fo=19, estimated)       0.216     5.904    c_attn/vref_r_reg[0][7]_i_28_n_4
    SLICE_X219Y13                                                     r  c_attn/vref_r[0][1]_i_5/I4
    SLICE_X219Y13        LUT5 (Prop_G6LUT_SLICEL_I4_O)
                                                      0.035     5.939 r  c_attn/vref_r[0][1]_i_5/O
                         net (fo=3, estimated)        0.142     6.081    c_attn/vref_r[0][1]_i_5_n_0
    SLICE_X218Y13                                                     r  c_attn/vref_r[0][7]_i_59/I5
    SLICE_X218Y13        LUT6 (Prop_F6LUT_SLICEL_I5_O)
                                                      0.035     6.116 r  c_attn/vref_r[0][7]_i_59/O
                         net (fo=1, estimated)        0.142     6.258    c_attn/vref_r[0][7]_i_59_n_0
    SLICE_X218Y14                                                     r  c_attn/vref_r_reg[0][7]_i_29/DI[0]
    SLICE_X218Y14        CARRY8 (Prop_CARRY8_SLICEL_DI[0]_CO[3])
                                                      0.180     6.438 r  c_attn/vref_r_reg[0][7]_i_29/CO[3]
                         net (fo=8, estimated)        0.193     6.631    c_attn/vref_r_reg[0][7]_i_29_n_4
    SLICE_X219Y14                                                     r  c_attn/vref_r[0][0]_i_6/I4
    SLICE_X219Y14        LUT5 (Prop_C6LUT_SLICEL_I4_O)
                                                      0.035     6.666 r  c_attn/vref_r[0][0]_i_6/O
                         net (fo=5, estimated)        0.206     6.872    c_attn/vref_r[0][0]_i_6_n_0
    SLICE_X220Y15                                                     r  c_attn/vref_r[0][7]_i_37/I0
    SLICE_X220Y15        LUT4 (Prop_A6LUT_SLICEM_I0_O)
                                                      0.090     6.962 r  c_attn/vref_r[0][7]_i_37/O
                         net (fo=1, routed)           0.013     6.975    c_attn/vref_r[0][7]_i_37_n_0
    SLICE_X220Y15                                                     r  c_attn/vref_r_reg[0][7]_i_17/S[0]
    SLICE_X220Y15        CARRY8 (Prop_CARRY8_SLICEM_S[0]_CO[3])
                                                      0.186     7.161 r  c_attn/vref_r_reg[0][7]_i_17/CO[3]
                         net (fo=20, estimated)       0.221     7.382    c_attn/vref_r_reg[0][7]_i_17_n_4
    SLICE_X220Y15                                                     r  c_attn/vref_r[0][7]_i_66/I2
    SLICE_X220Y15        LUT3 (Prop_F6LUT_SLICEM_I2_O)
                                                      0.051     7.433 r  c_attn/vref_r[0][7]_i_66/O
                         net (fo=2, estimated)        0.041     7.474    c_attn/vref_r[0][7]_i_66_n_0
    SLICE_X220Y15                                                     r  c_attn/vref_r[0][7]_i_40/I5
    SLICE_X220Y15        LUT6 (Prop_G6LUT_SLICEM_I5_O)
                                                      0.037     7.511 r  c_attn/vref_r[0][7]_i_40/O
                         net (fo=1, estimated)        0.238     7.749    c_attn/vref_r[0][7]_i_40_n_0
    SLICE_X220Y13                                                     r  c_attn/vref_r_reg[0][7]_i_18/DI[1]
    SLICE_X220Y13        CARRY8 (Prop_CARRY8_SLICEM_DI[1]_CO[3])
                                                      0.144     7.893 r  c_attn/vref_r_reg[0][7]_i_18/CO[3]
                         net (fo=8, estimated)        0.209     8.102    c_attn/vref_r_reg[0][7]_i_18_n_4
    SLICE_X220Y14                                                     r  c_attn/vref_r[0][0]_i_5/I4
    SLICE_X220Y14        LUT5 (Prop_G6LUT_SLICEM_I4_O)
                                                      0.037     8.139 r  c_attn/vref_r[0][0]_i_5/O
                         net (fo=34, estimated)       0.156     8.295    c_attn/ev[0]
    SLICE_X220Y14                                                     r  c_attn/vref_r[0][7]_i_26/I0
    SLICE_X220Y14        LUT4 (Prop_A6LUT_SLICEM_I0_O)
                                                      0.090     8.385 r  c_attn/vref_r[0][7]_i_26/O
                         net (fo=1, routed)           0.013     8.398    c_attn/vref_r[0][7]_i_26_n_0
    SLICE_X220Y14                                                     r  c_attn/vref_r_reg[0][7]_i_13/S[0]
    SLICE_X220Y14        CARRY8 (Prop_CARRY8_SLICEM_S[0]_CO[3])
                                                      0.186     8.584 r  c_attn/vref_r_reg[0][7]_i_13/CO[3]
                         net (fo=256, estimated)      0.618     9.202    c_attn/ev1
    SLICE_X221Y17                                                     r  c_attn/vref_r[14][4]_i_2/I1
    SLICE_X221Y17        LUT6 (Prop_A6LUT_SLICEL_I1_O)
                                                      0.035     9.237 r  c_attn/vref_r[14][4]_i_2/O
                         net (fo=1, estimated)        0.270     9.507    c_attn/vref_r_reg[14]_624[4]
    SLICE_X226Y19                                                     r  c_attn/vref_r[14][4]_i_1/I3
    SLICE_X226Y19        LUT6 (Prop_B6LUT_SLICEL_I3_O)
                                                      0.036     9.543 r  c_attn/vref_r[14][4]_i_1/O
                         net (fo=1, routed)           0.049     9.592    c_attn/vref_r[14][4]_i_1_n_0
    SLICE_X226Y19        FDSE                                         r  c_attn/vref_r_reg[14][4]/D
  -------------------------------------------------------------------    -------------------

                         (clock core_clk rise edge)
                                                      5.000     5.000 r  
                                                      0.000     5.000 r  core_clk (IN)
                         net (fo=0)                   0.036     5.036    core_clk
    BUFGCE_X0Y25                                                      r  gbufg.u_bufg_core/I
    BUFGCE_X0Y25         BUFGCE (Prop_BUFCE_BUFGCE_I_O)
                                                      0.024     5.060 r  gbufg.u_bufg_core/O
    X4Y1 (CLOCK_ROOT)    net (fo=392507, estimated)
                                                      1.402     6.462    c_attn/core_clk_i
    SLICE_X226Y19        FDSE                                         r  c_attn/vref_r_reg[14][4]/C
                         clock pessimism              0.126     6.588    
                         clock uncertainty           -0.035     6.553    
    SLICE_X226Y19        FDSE (Setup_BFF_SLICEL_C_D)
                                                      0.025     6.578    c_attn/vref_r_reg[14][4]
  -------------------------------------------------------------------
                         required time                          6.578    
                         arrival time                          -9.592    
  -------------------------------------------------------------------
                         slack                                 -3.014    

Slack (VIOLATED) :        -3.013ns  (required time - arrival time)
  Source:                 c_attn/vref_r_reg[26][7]/C
                            (rising edge-triggered cell FDRE clocked by core_clk  {rise@0.000ns fall@2.500ns period=5.000ns})
  Destination:            c_attn/vref_r_reg[30][5]/D
                            (rising edge-triggered cell FDSE clocked by core_clk  {rise@0.000ns fall@2.500ns period=5.000ns})
  Path Group:             core_clk
  Path Type:              Setup (Max at Slow Process Corner)
  Requirement:            5.000ns  (core_clk rise@5.000ns - core_clk rise@0.000ns)
  Data Path Delay:        7.931ns  (logic 2.525ns (31.837%)  route 5.406ns (68.163%))
  Logic Levels:           28  (CARRY8=8 LUT3=2 LUT4=3 LUT5=5 LUT6=9 MUXF7=1)
  Clock Path Skew:        -0.072ns (DCD - SCD + CPR)
    Destination Clock Delay (DCD):    1.476ns = ( 6.476 - 5.000 ) 
    Source Clock Delay      (SCD):    1.674ns
    Clock Pessimism Removal (CPR):    0.126ns
  Clock Uncertainty:      0.035ns  ((TSJ^2 + TIJ^2)^1/2 + DJ) / 2 + PE
    Total System Jitter     (TSJ):    0.071ns
    Total Input Jitter      (TIJ):    0.000ns
    Discrete Jitter          (DJ):    0.000ns
    Phase Error              (PE):    0.000ns
  Clock Net Delay (Source):      1.603ns (routing 0.210ns, distribution 1.393ns)
  Clock Net Delay (Destination): 1.416ns (routing 0.190ns, distribution 1.226ns)

    Location             Delay type                Incr(ns)  Path(ns)    Netlist Resource(s)
  -------------------------------------------------------------------    -------------------
                         (clock core_clk rise edge)
                                                      0.000     0.000 r  
                                                      0.000     0.000 r  core_clk (IN)
                         net (fo=0)                   0.043     0.043    core_clk
    BUFGCE_X0Y25                                                      r  gbufg.u_bufg_core/I
    BUFGCE_X0Y25         BUFGCE (Prop_BUFCE_BUFGCE_I_O)
                                                      0.028     0.071 r  gbufg.u_bufg_core/O
    X4Y1 (CLOCK_ROOT)    net (fo=392507, estimated)
                                                      1.603     1.674    c_attn/core_clk_i
    SLICE_X220Y9         FDRE                                         r  c_attn/vref_r_reg[26][7]/C
  -------------------------------------------------------------------    -------------------
    SLICE_X220Y9         FDRE (Prop_GFF_SLICEM_C_Q)
                                                      0.078     1.752 r  c_attn/vref_r_reg[26][7]/Q
                         net (fo=2, estimated)        0.574     2.326    c_attn/u_arr/err_r_reg_i_21_2[7]
    SLICE_X225Y8                                                      r  c_attn/u_arr/err_r_i_25__3/I1
    SLICE_X225Y8         LUT6 (Prop_F6LUT_SLICEM_I1_O)
                                                      0.123     2.449 r  c_attn/u_arr/err_r_i_25__3/O
                         net (fo=1, routed)           0.023     2.472    c_attn/u_arr/err_r_i_25__3_n_0
    SLICE_X225Y8                                                      r  c_attn/u_arr/err_r_reg_i_21/I0
    SLICE_X225Y8         MUXF7 (Prop_F7MUX_EF_SLICEM_I0_O)
                                                      0.068     2.540 r  c_attn/u_arr/err_r_reg_i_21/O
                         net (fo=1, estimated)        0.187     2.727    c_attn/u_arr/err_r_reg_i_21_n_0
    SLICE_X225Y9                                                      r  c_attn/u_arr/err_r_i_17__4/I0
    SLICE_X225Y9         LUT6 (Prop_F6LUT_SLICEM_I0_O)
                                                      0.098     2.825 r  c_attn/u_arr/err_r_i_17__4/O
                         net (fo=14, estimated)       0.134     2.959    c_attn/u_arr_n_3
    SLICE_X225Y9                                                      r  c_attn/vref_r[0][7]_i_84/I0
    SLICE_X225Y9         LUT4 (Prop_D6LUT_SLICEM_I0_O)
                                                      0.088     3.047 r  c_attn/vref_r[0][7]_i_84/O
                         net (fo=1, routed)           0.025     3.072    c_attn/vref_r[0][7]_i_84_n_0
    SLICE_X225Y9                                                      r  c_attn/vref_r_reg[0][7]_i_68/S[3]
    SLICE_X225Y9         CARRY8 (Prop_CARRY8_SLICEM_S[3]_CO[3])
                                                      0.133     3.205 r  c_attn/vref_r_reg[0][7]_i_68/CO[3]
                         net (fo=16, estimated)       0.170     3.375    c_attn/vref_r_reg[0][7]_i_68_n_4
    SLICE_X224Y8                                                      r  c_attn/vref_r[0][0]_i_8/I2
    SLICE_X224Y8         LUT3 (Prop_G6LUT_SLICEL_I2_O)
                                                      0.035     3.410 r  c_attn/vref_r[0][0]_i_8/O
                         net (fo=5, estimated)        0.111     3.521    c_attn/vref_r[0][0]_i_8_n_0
    SLICE_X224Y8                                                      r  c_attn/vref_r[0][6]_i_13/I3
    SLICE_X224Y8         LUT6 (Prop_F6LUT_SLICEL_I3_O)
                                                      0.035     3.556 r  c_attn/vref_r[0][6]_i_13/O
                         net (fo=1, estimated)        0.183     3.739    c_attn/vref_r[0][6]_i_13_n_0
    SLICE_X224Y8                                                      r  c_attn/vref_r_reg[0][6]_i_9/DI[0]
    SLICE_X224Y8         CARRY8 (Prop_CARRY8_SLICEL_DI[0]_CO[3])
                                                      0.180     3.919 r  c_attn/vref_r_reg[0][6]_i_9/CO[3]
                         net (fo=16, estimated)       0.255     4.174    c_attn/vref_r_reg[0][6]_i_9_n_4
    SLICE_X223Y8                                                      r  c_attn/vref_r[0][1]_i_6/I4
    SLICE_X223Y8         LUT5 (Prop_H6LUT_SLICEL_I4_O)
                                                      0.036     4.210 r  c_attn/vref_r[0][1]_i_6/O
                         net (fo=5, estimated)        0.107     4.317    c_attn/vref_r[0][1]_i_6_n_0
    SLICE_X222Y8                                                      r  c_attn/vref_r[0][7]_i_72/I5
    SLICE_X222Y8         LUT6 (Prop_H6LUT_SLICEM_I5_O)
                                                      0.039     4.356 r  c_attn/vref_r[0][7]_i_72/O
                         net (fo=1, estimated)        0.144     4.500    c_attn/vref_r[0][7]_i_72_n_0
    SLICE_X221Y9                                                      r  c_attn/vref_r_reg[0][7]_i_47/DI[0]
    SLICE_X221Y9         CARRY8 (Prop_CARRY8_SLICEL_DI[0]_CO[3])
                                                      0.180     4.680 r  c_attn/vref_r_reg[0][7]_i_47/CO[3]
                         net (fo=10, estimated)       0.154     4.834    c_attn/vref_r_reg[0][7]_i_47_n_4
    SLICE_X221Y10                                                     r  c_attn/vref_r[0][0]_i_7/I4
    SLICE_X221Y10        LUT5 (Prop_A6LUT_SLICEL_I4_O)
                                                      0.035     4.869 r  c_attn/vref_r[0][0]_i_7/O
                         net (fo=5, estimated)        0.461     5.330    c_attn/vref_r[0][0]_i_7_n_0
    SLICE_X219Y12                                                     r  c_attn/vref_r[0][7]_i_51/I3
    SLICE_X219Y12        LUT6 (Prop_B6LUT_SLICEL_I3_O)
                                                      0.036     5.366 r  c_attn/vref_r[0][7]_i_51/O
                         net (fo=1, estimated)        0.142     5.508    c_attn/vref_r[0][7]_i_51_n_0
    SLICE_X219Y13                                                     r  c_attn/vref_r_reg[0][7]_i_28/DI[0]
    SLICE_X219Y13        CARRY8 (Prop_CARRY8_SLICEL_DI[0]_CO[3])
                                                      0.180     5.688 r  c_attn/vref_r_reg[0][7]_i_28/CO[3]
                         net (fo=19, estimated)       0.216     5.904    c_attn/vref_r_reg[0][7]_i_28_n_4
    SLICE_X219Y13                                                     r  c_attn/vref_r[0][1]_i_5/I4
    SLICE_X219Y13        LUT5 (Prop_G6LUT_SLICEL_I4_O)
                                                      0.035     5.939 r  c_attn/vref_r[0][1]_i_5/O
                         net (fo=3, estimated)        0.142     6.081    c_attn/vref_r[0][1]_i_5_n_0
    SLICE_X218Y13                                                     r  c_attn/vref_r[0][7]_i_59/I5
    SLICE_X218Y13        LUT6 (Prop_F6LUT_SLICEL_I5_O)
                                                      0.035     6.116 r  c_attn/vref_r[0][7]_i_59/O
                         net (fo=1, estimated)        0.142     6.258    c_attn/vref_r[0][7]_i_59_n_0
    SLICE_X218Y14                                                     r  c_attn/vref_r_reg[0][7]_i_29/DI[0]
    SLICE_X218Y14        CARRY8 (Prop_CARRY8_SLICEL_DI[0]_CO[3])
                                                      0.180     6.438 r  c_attn/vref_r_reg[0][7]_i_29/CO[3]
                         net (fo=8, estimated)        0.193     6.631    c_attn/vref_r_reg[0][7]_i_29_n_4
    SLICE_X219Y14                                                     r  c_attn/vref_r[0][0]_i_6/I4
    SLICE_X219Y14        LUT5 (Prop_C6LUT_SLICEL_I4_O)
                                                      0.035     6.666 r  c_attn/vref_r[0][0]_i_6/O
                         net (fo=5, estimated)        0.206     6.872    c_attn/vref_r[0][0]_i_6_n_0
    SLICE_X220Y15                                                     r  c_attn/vref_r[0][7]_i_37/I0
    SLICE_X220Y15        LUT4 (Prop_A6LUT_SLICEM_I0_O)
                                                      0.090     6.962 r  c_attn/vref_r[0][7]_i_37/O
                         net (fo=1, routed)           0.013     6.975    c_attn/vref_r[0][7]_i_37_n_0
    SLICE_X220Y15                                                     r  c_attn/vref_r_reg[0][7]_i_17/S[0]
    SLICE_X220Y15        CARRY8 (Prop_CARRY8_SLICEM_S[0]_CO[3])
                                                      0.186     7.161 r  c_attn/vref_r_reg[0][7]_i_17/CO[3]
                         net (fo=20, estimated)       0.221     7.382    c_attn/vref_r_reg[0][7]_i_17_n_4
    SLICE_X220Y15                                                     r  c_attn/vref_r[0][7]_i_66/I2
    SLICE_X220Y15        LUT3 (Prop_F6LUT_SLICEM_I2_O)
                                                      0.051     7.433 r  c_attn/vref_r[0][7]_i_66/O
                         net (fo=2, estimated)        0.041     7.474    c_attn/vref_r[0][7]_i_66_n_0
    SLICE_X220Y15                                                     r  c_attn/vref_r[0][7]_i_40/I5
    SLICE_X220Y15        LUT6 (Prop_G6LUT_SLICEM_I5_O)
                                                      0.037     7.511 r  c_attn/vref_r[0][7]_i_40/O
                         net (fo=1, estimated)        0.238     7.749    c_attn/vref_r[0][7]_i_40_n_0
    SLICE_X220Y13                                                     r  c_attn/vref_r_reg[0][7]_i_18/DI[1]
    SLICE_X220Y13        CARRY8 (Prop_CARRY8_SLICEM_DI[1]_CO[3])
                                                      0.144     7.893 r  c_attn/vref_r_reg[0][7]_i_18/CO[3]
                         net (fo=8, estimated)        0.209     8.102    c_attn/vref_r_reg[0][7]_i_18_n_4
    SLICE_X220Y14                                                     r  c_attn/vref_r[0][0]_i_5/I4
    SLICE_X220Y14        LUT5 (Prop_G6LUT_SLICEM_I4_O)
                                                      0.037     8.139 r  c_attn/vref_r[0][0]_i_5/O
                         net (fo=34, estimated)       0.156     8.295    c_attn/ev[0]
    SLICE_X220Y14                                                     r  c_attn/vref_r[0][7]_i_26/I0
    SLICE_X220Y14        LUT4 (Prop_A6LUT_SLICEM_I0_O)
                                                      0.090     8.385 r  c_attn/vref_r[0][7]_i_26/O
                         net (fo=1, routed)           0.013     8.398    c_attn/vref_r[0][7]_i_26_n_0
    SLICE_X220Y14                                                     r  c_attn/vref_r_reg[0][7]_i_13/S[0]
    SLICE_X220Y14        CARRY8 (Prop_CARRY8_SLICEM_S[0]_CO[3])
                                                      0.186     8.584 r  c_attn/vref_r_reg[0][7]_i_13/CO[3]
                         net (fo=256, estimated)      0.788     9.372    c_attn/ev1
    SLICE_X227Y11                                                     r  c_attn/vref_r[30][5]_i_2/I2
    SLICE_X227Y11        LUT6 (Prop_A6LUT_SLICEM_I2_O)
                                                      0.038     9.410 r  c_attn/vref_r[30][5]_i_2/O
                         net (fo=1, estimated)        0.099     9.509    c_attn/vref_r_reg[30]_604[5]
    SLICE_X227Y11                                                     r  c_attn/vref_r[30][5]_i_1/I3
    SLICE_X227Y11        LUT6 (Prop_B6LUT_SLICEM_I3_O)
                                                      0.037     9.546 r  c_attn/vref_r[30][5]_i_1/O
                         net (fo=1, routed)           0.059     9.605    c_attn/vref_r[30][5]_i_1_n_0
    SLICE_X227Y11        FDSE                                         r  c_attn/vref_r_reg[30][5]/D
  -------------------------------------------------------------------    -------------------

                         (clock core_clk rise edge)
                                                      5.000     5.000 r  
                                                      0.000     5.000 r  core_clk (IN)
                         net (fo=0)                   0.036     5.036    core_clk
    BUFGCE_X0Y25                                                      r  gbufg.u_bufg_core/I
    BUFGCE_X0Y25         BUFGCE (Prop_BUFCE_BUFGCE_I_O)
                                                      0.024     5.060 r  gbufg.u_bufg_core/O
    X4Y1 (CLOCK_ROOT)    net (fo=392507, estimated)
                                                      1.416     6.476    c_attn/core_clk_i
    SLICE_X227Y11        FDSE                                         r  c_attn/vref_r_reg[30][5]/C
                         clock pessimism              0.126     6.602    
                         clock uncertainty           -0.035     6.567    
    SLICE_X227Y11        FDSE (Setup_BFF_SLICEM_C_D)
                                                      0.025     6.592    c_attn/vref_r_reg[30][5]
  -------------------------------------------------------------------
                         required time                          6.592    
                         arrival time                          -9.605    
  -------------------------------------------------------------------
                         slack                                 -3.013    

Slack (VIOLATED) :        -3.013ns  (required time - arrival time)
  Source:                 c_attn/vref_r_reg[26][7]/C
                            (rising edge-triggered cell FDRE clocked by core_clk  {rise@0.000ns fall@2.500ns period=5.000ns})
  Destination:            c_attn/vref_r_reg[19][3]/D
                            (rising edge-triggered cell FDSE clocked by core_clk  {rise@0.000ns fall@2.500ns period=5.000ns})
  Path Group:             core_clk
  Path Type:              Setup (Max at Slow Process Corner)
  Requirement:            5.000ns  (core_clk rise@5.000ns - core_clk rise@0.000ns)
  Data Path Delay:        7.925ns  (logic 2.521ns (31.811%)  route 5.404ns (68.189%))
  Logic Levels:           28  (CARRY8=8 LUT3=2 LUT4=3 LUT5=5 LUT6=9 MUXF7=1)
  Clock Path Skew:        -0.078ns (DCD - SCD + CPR)
    Destination Clock Delay (DCD):    1.470ns = ( 6.470 - 5.000 ) 
    Source Clock Delay      (SCD):    1.674ns
    Clock Pessimism Removal (CPR):    0.126ns
  Clock Uncertainty:      0.035ns  ((TSJ^2 + TIJ^2)^1/2 + DJ) / 2 + PE
    Total System Jitter     (TSJ):    0.071ns
    Total Input Jitter      (TIJ):    0.000ns
    Discrete Jitter          (DJ):    0.000ns
    Phase Error              (PE):    0.000ns
  Clock Net Delay (Source):      1.603ns (routing 0.210ns, distribution 1.393ns)
  Clock Net Delay (Destination): 1.410ns (routing 0.190ns, distribution 1.220ns)

    Location             Delay type                Incr(ns)  Path(ns)    Netlist Resource(s)
  -------------------------------------------------------------------    -------------------
                         (clock core_clk rise edge)
                                                      0.000     0.000 r  
                                                      0.000     0.000 r  core_clk (IN)
                         net (fo=0)                   0.043     0.043    core_clk
    BUFGCE_X0Y25                                                      r  gbufg.u_bufg_core/I
    BUFGCE_X0Y25         BUFGCE (Prop_BUFCE_BUFGCE_I_O)
                                                      0.028     0.071 r  gbufg.u_bufg_core/O
    X4Y1 (CLOCK_ROOT)    net (fo=392507, estimated)
                                                      1.603     1.674    c_attn/core_clk_i
    SLICE_X220Y9         FDRE                                         r  c_attn/vref_r_reg[26][7]/C
  -------------------------------------------------------------------    -------------------
    SLICE_X220Y9         FDRE (Prop_GFF_SLICEM_C_Q)
                                                      0.078     1.752 r  c_attn/vref_r_reg[26][7]/Q
                         net (fo=2, estimated)        0.574     2.326    c_attn/u_arr/err_r_reg_i_21_2[7]
    SLICE_X225Y8                                                      r  c_attn/u_arr/err_r_i_25__3/I1
    SLICE_X225Y8         LUT6 (Prop_F6LUT_SLICEM_I1_O)
                                                      0.123     2.449 r  c_attn/u_arr/err_r_i_25__3/O
                         net (fo=1, routed)           0.023     2.472    c_attn/u_arr/err_r_i_25__3_n_0
    SLICE_X225Y8                                                      r  c_attn/u_arr/err_r_reg_i_21/I0
    SLICE_X225Y8         MUXF7 (Prop_F7MUX_EF_SLICEM_I0_O)
                                                      0.068     2.540 r  c_attn/u_arr/err_r_reg_i_21/O
                         net (fo=1, estimated)        0.187     2.727    c_attn/u_arr/err_r_reg_i_21_n_0
    SLICE_X225Y9                                                      r  c_attn/u_arr/err_r_i_17__4/I0
    SLICE_X225Y9         LUT6 (Prop_F6LUT_SLICEM_I0_O)
                                                      0.098     2.825 r  c_attn/u_arr/err_r_i_17__4/O
                         net (fo=14, estimated)       0.134     2.959    c_attn/u_arr_n_3
    SLICE_X225Y9                                                      r  c_attn/vref_r[0][7]_i_84/I0
    SLICE_X225Y9         LUT4 (Prop_D6LUT_SLICEM_I0_O)
                                                      0.088     3.047 r  c_attn/vref_r[0][7]_i_84/O
                         net (fo=1, routed)           0.025     3.072    c_attn/vref_r[0][7]_i_84_n_0
    SLICE_X225Y9                                                      r  c_attn/vref_r_reg[0][7]_i_68/S[3]
    SLICE_X225Y9         CARRY8 (Prop_CARRY8_SLICEM_S[3]_CO[3])
                                                      0.133     3.205 r  c_attn/vref_r_reg[0][7]_i_68/CO[3]
                         net (fo=16, estimated)       0.170     3.375    c_attn/vref_r_reg[0][7]_i_68_n_4
    SLICE_X224Y8                                                      r  c_attn/vref_r[0][0]_i_8/I2
    SLICE_X224Y8         LUT3 (Prop_G6LUT_SLICEL_I2_O)
                                                      0.035     3.410 r  c_attn/vref_r[0][0]_i_8/O
                         net (fo=5, estimated)        0.111     3.521    c_attn/vref_r[0][0]_i_8_n_0
    SLICE_X224Y8                                                      r  c_attn/vref_r[0][6]_i_13/I3
    SLICE_X224Y8         LUT6 (Prop_F6LUT_SLICEL_I3_O)
                                                      0.035     3.556 r  c_attn/vref_r[0][6]_i_13/O
                         net (fo=1, estimated)        0.183     3.739    c_attn/vref_r[0][6]_i_13_n_0
    SLICE_X224Y8                                                      r  c_attn/vref_r_reg[0][6]_i_9/DI[0]
    SLICE_X224Y8         CARRY8 (Prop_CARRY8_SLICEL_DI[0]_CO[3])
                                                      0.180     3.919 r  c_attn/vref_r_reg[0][6]_i_9/CO[3]
                         net (fo=16, estimated)       0.255     4.174    c_attn/vref_r_reg[0][6]_i_9_n_4
    SLICE_X223Y8                                                      r  c_attn/vref_r[0][1]_i_6/I4
    SLICE_X223Y8         LUT5 (Prop_H6LUT_SLICEL_I4_O)
                                                      0.036     4.210 r  c_attn/vref_r[0][1]_i_6/O
                         net (fo=5, estimated)        0.107     4.317    c_attn/vref_r[0][1]_i_6_n_0
    SLICE_X222Y8                                                      r  c_attn/vref_r[0][7]_i_72/I5
    SLICE_X222Y8         LUT6 (Prop_H6LUT_SLICEM_I5_O)
                                                      0.039     4.356 r  c_attn/vref_r[0][7]_i_72/O
                         net (fo=1, estimated)        0.144     4.500    c_attn/vref_r[0][7]_i_72_n_0
    SLICE_X221Y9                                                      r  c_attn/vref_r_reg[0][7]_i_47/DI[0]
    SLICE_X221Y9         CARRY8 (Prop_CARRY8_SLICEL_DI[0]_CO[3])
                                                      0.180     4.680 r  c_attn/vref_r_reg[0][7]_i_47/CO[3]
                         net (fo=10, estimated)       0.154     4.834    c_attn/vref_r_reg[0][7]_i_47_n_4
    SLICE_X221Y10                                                     r  c_attn/vref_r[0][0]_i_7/I4
    SLICE_X221Y10        LUT5 (Prop_A6LUT_SLICEL_I4_O)
                                                      0.035     4.869 r  c_attn/vref_r[0][0]_i_7/O
                         net (fo=5, estimated)        0.461     5.330    c_attn/vref_r[0][0]_i_7_n_0
    SLICE_X219Y12                                                     r  c_attn/vref_r[0][7]_i_51/I3
    SLICE_X219Y12        LUT6 (Prop_B6LUT_SLICEL_I3_O)
                                                      0.036     5.366 r  c_attn/vref_r[0][7]_i_51/O
                         net (fo=1, estimated)        0.142     5.508    c_attn/vref_r[0][7]_i_51_n_0
    SLICE_X219Y13                                                     r  c_attn/vref_r_reg[0][7]_i_28/DI[0]
    SLICE_X219Y13        CARRY8 (Prop_CARRY8_SLICEL_DI[0]_CO[3])
                                                      0.180     5.688 r  c_attn/vref_r_reg[0][7]_i_28/CO[3]
                         net (fo=19, estimated)       0.216     5.904    c_attn/vref_r_reg[0][7]_i_28_n_4
    SLICE_X219Y13                                                     r  c_attn/vref_r[0][1]_i_5/I4
    SLICE_X219Y13        LUT5 (Prop_G6LUT_SLICEL_I4_O)
                                                      0.035     5.939 r  c_attn/vref_r[0][1]_i_5/O
                         net (fo=3, estimated)        0.142     6.081    c_attn/vref_r[0][1]_i_5_n_0
    SLICE_X218Y13                                                     r  c_attn/vref_r[0][7]_i_59/I5
    SLICE_X218Y13        LUT6 (Prop_F6LUT_SLICEL_I5_O)
                                                      0.035     6.116 r  c_attn/vref_r[0][7]_i_59/O
                         net (fo=1, estimated)        0.142     6.258    c_attn/vref_r[0][7]_i_59_n_0
    SLICE_X218Y14                                                     r  c_attn/vref_r_reg[0][7]_i_29/DI[0]
    SLICE_X218Y14        CARRY8 (Prop_CARRY8_SLICEL_DI[0]_CO[3])
                                                      0.180     6.438 r  c_attn/vref_r_reg[0][7]_i_29/CO[3]
                         net (fo=8, estimated)        0.193     6.631    c_attn/vref_r_reg[0][7]_i_29_n_4
    SLICE_X219Y14                                                     r  c_attn/vref_r[0][0]_i_6/I4
    SLICE_X219Y14        LUT5 (Prop_C6LUT_SLICEL_I4_O)
                                                      0.035     6.666 r  c_attn/vref_r[0][0]_i_6/O
                         net (fo=5, estimated)        0.206     6.872    c_attn/vref_r[0][0]_i_6_n_0
    SLICE_X220Y15                                                     r  c_attn/vref_r[0][7]_i_37/I0
    SLICE_X220Y15        LUT4 (Prop_A6LUT_SLICEM_I0_O)
                                                      0.090     6.962 r  c_attn/vref_r[0][7]_i_37/O
                         net (fo=1, routed)           0.013     6.975    c_attn/vref_r[0][7]_i_37_n_0
    SLICE_X220Y15                                                     r  c_attn/vref_r_reg[0][7]_i_17/S[0]
    SLICE_X220Y15        CARRY8 (Prop_CARRY8_SLICEM_S[0]_CO[3])
                                                      0.186     7.161 r  c_attn/vref_r_reg[0][7]_i_17/CO[3]
                         net (fo=20, estimated)       0.221     7.382    c_attn/vref_r_reg[0][7]_i_17_n_4
    SLICE_X220Y15                                                     r  c_attn/vref_r[0][7]_i_66/I2
    SLICE_X220Y15        LUT3 (Prop_F6LUT_SLICEM_I2_O)
                                                      0.051     7.433 r  c_attn/vref_r[0][7]_i_66/O
                         net (fo=2, estimated)        0.041     7.474    c_attn/vref_r[0][7]_i_66_n_0
    SLICE_X220Y15                                                     r  c_attn/vref_r[0][7]_i_40/I5
    SLICE_X220Y15        LUT6 (Prop_G6LUT_SLICEM_I5_O)
                                                      0.037     7.511 r  c_attn/vref_r[0][7]_i_40/O
                         net (fo=1, estimated)        0.238     7.749    c_attn/vref_r[0][7]_i_40_n_0
    SLICE_X220Y13                                                     r  c_attn/vref_r_reg[0][7]_i_18/DI[1]
    SLICE_X220Y13        CARRY8 (Prop_CARRY8_SLICEM_DI[1]_CO[3])
                                                      0.144     7.893 r  c_attn/vref_r_reg[0][7]_i_18/CO[3]
                         net (fo=8, estimated)        0.209     8.102    c_attn/vref_r_reg[0][7]_i_18_n_4
    SLICE_X220Y14                                                     r  c_attn/vref_r[0][0]_i_5/I4
    SLICE_X220Y14        LUT5 (Prop_G6LUT_SLICEM_I4_O)
                                                      0.037     8.139 r  c_attn/vref_r[0][0]_i_5/O
                         net (fo=34, estimated)       0.156     8.295    c_attn/ev[0]
    SLICE_X220Y14                                                     r  c_attn/vref_r[0][7]_i_26/I0
    SLICE_X220Y14        LUT4 (Prop_A6LUT_SLICEM_I0_O)
                                                      0.090     8.385 r  c_attn/vref_r[0][7]_i_26/O
                         net (fo=1, routed)           0.013     8.398    c_attn/vref_r[0][7]_i_26_n_0
    SLICE_X220Y14                                                     r  c_attn/vref_r_reg[0][7]_i_13/S[0]
    SLICE_X220Y14        CARRY8 (Prop_CARRY8_SLICEM_S[0]_CO[3])
                                                      0.186     8.584 r  c_attn/vref_r_reg[0][7]_i_13/CO[3]
                         net (fo=256, estimated)      0.803     9.387    c_attn/ev1
    SLICE_X228Y10                                                     r  c_attn/vref_r[19][3]_i_2/I2
    SLICE_X228Y10        LUT6 (Prop_E6LUT_SLICEL_I2_O)
                                                      0.035     9.422 r  c_attn/vref_r[19][3]_i_2/O
                         net (fo=1, estimated)        0.092     9.514    c_attn/vref_r_reg[19]_633[3]
    SLICE_X228Y10                                                     r  c_attn/vref_r[19][3]_i_1/I3
    SLICE_X228Y10        LUT6 (Prop_B6LUT_SLICEL_I3_O)
                                                      0.036     9.550 r  c_attn/vref_r[19][3]_i_1/O
                         net (fo=1, routed)           0.049     9.599    c_attn/vref_r[19][3]_i_1_n_0
    SLICE_X228Y10        FDSE                                         r  c_attn/vref_r_reg[19][3]/D
  -------------------------------------------------------------------    -------------------

                         (clock core_clk rise edge)
                                                      5.000     5.000 r  
                                                      0.000     5.000 r  core_clk (IN)
                         net (fo=0)                   0.036     5.036    core_clk
    BUFGCE_X0Y25                                                      r  gbufg.u_bufg_core/I
    BUFGCE_X0Y25         BUFGCE (Prop_BUFCE_BUFGCE_I_O)
                                                      0.024     5.060 r  gbufg.u_bufg_core/O
    X4Y1 (CLOCK_ROOT)    net (fo=392507, estimated)
                                                      1.410     6.470    c_attn/core_clk_i
    SLICE_X228Y10        FDSE                                         r  c_attn/vref_r_reg[19][3]/C
                         clock pessimism              0.126     6.596    
                         clock uncertainty           -0.035     6.561    
    SLICE_X228Y10        FDSE (Setup_BFF_SLICEL_C_D)
                                                      0.025     6.586    c_attn/vref_r_reg[19][3]
  -------------------------------------------------------------------
                         required time                          6.586    
                         arrival time                          -9.599    
  -------------------------------------------------------------------
                         slack                                 -3.013    

Slack (VIOLATED) :        -3.013ns  (required time - arrival time)
  Source:                 c_attn/vref_r_reg[26][7]/C
                            (rising edge-triggered cell FDRE clocked by core_clk  {rise@0.000ns fall@2.500ns period=5.000ns})
  Destination:            c_attn/vref_r_reg[7][0]/D
                            (rising edge-triggered cell FDSE clocked by core_clk  {rise@0.000ns fall@2.500ns period=5.000ns})
  Path Group:             core_clk
  Path Type:              Setup (Max at Slow Process Corner)
  Requirement:            5.000ns  (core_clk rise@5.000ns - core_clk rise@0.000ns)
  Data Path Delay:        7.923ns  (logic 2.522ns (31.831%)  route 5.401ns (68.169%))
  Logic Levels:           28  (CARRY8=8 LUT3=2 LUT4=3 LUT5=5 LUT6=9 MUXF7=1)
  Clock Path Skew:        -0.080ns (DCD - SCD + CPR)
    Destination Clock Delay (DCD):    1.468ns = ( 6.468 - 5.000 ) 
    Source Clock Delay      (SCD):    1.674ns
    Clock Pessimism Removal (CPR):    0.126ns
  Clock Uncertainty:      0.035ns  ((TSJ^2 + TIJ^2)^1/2 + DJ) / 2 + PE
    Total System Jitter     (TSJ):    0.071ns
    Total Input Jitter      (TIJ):    0.000ns
    Discrete Jitter          (DJ):    0.000ns
    Phase Error              (PE):    0.000ns
  Clock Net Delay (Source):      1.603ns (routing 0.210ns, distribution 1.393ns)
  Clock Net Delay (Destination): 1.408ns (routing 0.190ns, distribution 1.218ns)

    Location             Delay type                Incr(ns)  Path(ns)    Netlist Resource(s)
  -------------------------------------------------------------------    -------------------
                         (clock core_clk rise edge)
                                                      0.000     0.000 r  
                                                      0.000     0.000 r  core_clk (IN)
                         net (fo=0)                   0.043     0.043    core_clk
    BUFGCE_X0Y25                                                      r  gbufg.u_bufg_core/I
    BUFGCE_X0Y25         BUFGCE (Prop_BUFCE_BUFGCE_I_O)
                                                      0.028     0.071 r  gbufg.u_bufg_core/O
    X4Y1 (CLOCK_ROOT)    net (fo=392507, estimated)
                                                      1.603     1.674    c_attn/core_clk_i
    SLICE_X220Y9         FDRE                                         r  c_attn/vref_r_reg[26][7]/C
  -------------------------------------------------------------------    -------------------
    SLICE_X220Y9         FDRE (Prop_GFF_SLICEM_C_Q)
                                                      0.078     1.752 r  c_attn/vref_r_reg[26][7]/Q
                         net (fo=2, estimated)        0.574     2.326    c_attn/u_arr/err_r_reg_i_21_2[7]
    SLICE_X225Y8                                                      r  c_attn/u_arr/err_r_i_25__3/I1
    SLICE_X225Y8         LUT6 (Prop_F6LUT_SLICEM_I1_O)
                                                      0.123     2.449 r  c_attn/u_arr/err_r_i_25__3/O
                         net (fo=1, routed)           0.023     2.472    c_attn/u_arr/err_r_i_25__3_n_0
    SLICE_X225Y8                                                      r  c_attn/u_arr/err_r_reg_i_21/I0
    SLICE_X225Y8         MUXF7 (Prop_F7MUX_EF_SLICEM_I0_O)
                                                      0.068     2.540 r  c_attn/u_arr/err_r_reg_i_21/O
                         net (fo=1, estimated)        0.187     2.727    c_attn/u_arr/err_r_reg_i_21_n_0
    SLICE_X225Y9                                                      r  c_attn/u_arr/err_r_i_17__4/I0
    SLICE_X225Y9         LUT6 (Prop_F6LUT_SLICEM_I0_O)
                                                      0.098     2.825 r  c_attn/u_arr/err_r_i_17__4/O
                         net (fo=14, estimated)       0.134     2.959    c_attn/u_arr_n_3
    SLICE_X225Y9                                                      r  c_attn/vref_r[0][7]_i_84/I0
    SLICE_X225Y9         LUT4 (Prop_D6LUT_SLICEM_I0_O)
                                                      0.088     3.047 r  c_attn/vref_r[0][7]_i_84/O
                         net (fo=1, routed)           0.025     3.072    c_attn/vref_r[0][7]_i_84_n_0
    SLICE_X225Y9                                                      r  c_attn/vref_r_reg[0][7]_i_68/S[3]
    SLICE_X225Y9         CARRY8 (Prop_CARRY8_SLICEM_S[3]_CO[3])
                                                      0.133     3.205 r  c_attn/vref_r_reg[0][7]_i_68/CO[3]
                         net (fo=16, estimated)       0.170     3.375    c_attn/vref_r_reg[0][7]_i_68_n_4
    SLICE_X224Y8                                                      r  c_attn/vref_r[0][0]_i_8/I2
    SLICE_X224Y8         LUT3 (Prop_G6LUT_SLICEL_I2_O)
                                                      0.035     3.410 r  c_attn/vref_r[0][0]_i_8/O
                         net (fo=5, estimated)        0.111     3.521    c_attn/vref_r[0][0]_i_8_n_0
    SLICE_X224Y8                                                      r  c_attn/vref_r[0][6]_i_13/I3
    SLICE_X224Y8         LUT6 (Prop_F6LUT_SLICEL_I3_O)
                                                      0.035     3.556 r  c_attn/vref_r[0][6]_i_13/O
                         net (fo=1, estimated)        0.183     3.739    c_attn/vref_r[0][6]_i_13_n_0
    SLICE_X224Y8                                                      r  c_attn/vref_r_reg[0][6]_i_9/DI[0]
    SLICE_X224Y8         CARRY8 (Prop_CARRY8_SLICEL_DI[0]_CO[3])
                                                      0.180     3.919 r  c_attn/vref_r_reg[0][6]_i_9/CO[3]
                         net (fo=16, estimated)       0.255     4.174    c_attn/vref_r_reg[0][6]_i_9_n_4
    SLICE_X223Y8                                                      r  c_attn/vref_r[0][1]_i_6/I4
    SLICE_X223Y8         LUT5 (Prop_H6LUT_SLICEL_I4_O)
                                                      0.036     4.210 r  c_attn/vref_r[0][1]_i_6/O
                         net (fo=5, estimated)        0.107     4.317    c_attn/vref_r[0][1]_i_6_n_0
    SLICE_X222Y8                                                      r  c_attn/vref_r[0][7]_i_72/I5
    SLICE_X222Y8         LUT6 (Prop_H6LUT_SLICEM_I5_O)
                                                      0.039     4.356 r  c_attn/vref_r[0][7]_i_72/O
                         net (fo=1, estimated)        0.144     4.500    c_attn/vref_r[0][7]_i_72_n_0
    SLICE_X221Y9                                                      r  c_attn/vref_r_reg[0][7]_i_47/DI[0]
    SLICE_X221Y9         CARRY8 (Prop_CARRY8_SLICEL_DI[0]_CO[3])
                                                      0.180     4.680 r  c_attn/vref_r_reg[0][7]_i_47/CO[3]
                         net (fo=10, estimated)       0.154     4.834    c_attn/vref_r_reg[0][7]_i_47_n_4
    SLICE_X221Y10                                                     r  c_attn/vref_r[0][0]_i_7/I4
    SLICE_X221Y10        LUT5 (Prop_A6LUT_SLICEL_I4_O)
                                                      0.035     4.869 r  c_attn/vref_r[0][0]_i_7/O
                         net (fo=5, estimated)        0.461     5.330    c_attn/vref_r[0][0]_i_7_n_0
    SLICE_X219Y12                                                     r  c_attn/vref_r[0][7]_i_51/I3
    SLICE_X219Y12        LUT6 (Prop_B6LUT_SLICEL_I3_O)
                                                      0.036     5.366 r  c_attn/vref_r[0][7]_i_51/O
                         net (fo=1, estimated)        0.142     5.508    c_attn/vref_r[0][7]_i_51_n_0
    SLICE_X219Y13                                                     r  c_attn/vref_r_reg[0][7]_i_28/DI[0]
    SLICE_X219Y13        CARRY8 (Prop_CARRY8_SLICEL_DI[0]_CO[3])
                                                      0.180     5.688 r  c_attn/vref_r_reg[0][7]_i_28/CO[3]
                         net (fo=19, estimated)       0.216     5.904    c_attn/vref_r_reg[0][7]_i_28_n_4
    SLICE_X219Y13                                                     r  c_attn/vref_r[0][1]_i_5/I4
    SLICE_X219Y13        LUT5 (Prop_G6LUT_SLICEL_I4_O)
                                                      0.035     5.939 r  c_attn/vref_r[0][1]_i_5/O
                         net (fo=3, estimated)        0.142     6.081    c_attn/vref_r[0][1]_i_5_n_0
    SLICE_X218Y13                                                     r  c_attn/vref_r[0][7]_i_59/I5
    SLICE_X218Y13        LUT6 (Prop_F6LUT_SLICEL_I5_O)
                                                      0.035     6.116 r  c_attn/vref_r[0][7]_i_59/O
                         net (fo=1, estimated)        0.142     6.258    c_attn/vref_r[0][7]_i_59_n_0
    SLICE_X218Y14                                                     r  c_attn/vref_r_reg[0][7]_i_29/DI[0]
    SLICE_X218Y14        CARRY8 (Prop_CARRY8_SLICEL_DI[0]_CO[3])
                                                      0.180     6.438 r  c_attn/vref_r_reg[0][7]_i_29/CO[3]
                         net (fo=8, estimated)        0.193     6.631    c_attn/vref_r_reg[0][7]_i_29_n_4
    SLICE_X219Y14                                                     r  c_attn/vref_r[0][0]_i_6/I4
    SLICE_X219Y14        LUT5 (Prop_C6LUT_SLICEL_I4_O)
                                                      0.035     6.666 r  c_attn/vref_r[0][0]_i_6/O
                         net (fo=5, estimated)        0.206     6.872    c_attn/vref_r[0][0]_i_6_n_0
    SLICE_X220Y15                                                     r  c_attn/vref_r[0][7]_i_37/I0
    SLICE_X220Y15        LUT4 (Prop_A6LUT_SLICEM_I0_O)
                                                      0.090     6.962 r  c_attn/vref_r[0][7]_i_37/O
                         net (fo=1, routed)           0.013     6.975    c_attn/vref_r[0][7]_i_37_n_0
    SLICE_X220Y15                                                     r  c_attn/vref_r_reg[0][7]_i_17/S[0]
    SLICE_X220Y15        CARRY8 (Prop_CARRY8_SLICEM_S[0]_CO[3])
                                                      0.186     7.161 r  c_attn/vref_r_reg[0][7]_i_17/CO[3]
                         net (fo=20, estimated)       0.221     7.382    c_attn/vref_r_reg[0][7]_i_17_n_4
    SLICE_X220Y15                                                     r  c_attn/vref_r[0][7]_i_66/I2
    SLICE_X220Y15        LUT3 (Prop_F6LUT_SLICEM_I2_O)
                                                      0.051     7.433 r  c_attn/vref_r[0][7]_i_66/O
                         net (fo=2, estimated)        0.041     7.474    c_attn/vref_r[0][7]_i_66_n_0
    SLICE_X220Y15                                                     r  c_attn/vref_r[0][7]_i_40/I5
    SLICE_X220Y15        LUT6 (Prop_G6LUT_SLICEM_I5_O)
                                                      0.037     7.511 r  c_attn/vref_r[0][7]_i_40/O
                         net (fo=1, estimated)        0.238     7.749    c_attn/vref_r[0][7]_i_40_n_0
    SLICE_X220Y13                                                     r  c_attn/vref_r_reg[0][7]_i_18/DI[1]
    SLICE_X220Y13        CARRY8 (Prop_CARRY8_SLICEM_DI[1]_CO[3])
                                                      0.144     7.893 r  c_attn/vref_r_reg[0][7]_i_18/CO[3]
                         net (fo=8, estimated)        0.209     8.102    c_attn/vref_r_reg[0][7]_i_18_n_4
    SLICE_X220Y14                                                     r  c_attn/vref_r[0][0]_i_5/I4
    SLICE_X220Y14        LUT5 (Prop_G6LUT_SLICEM_I4_O)
                                                      0.037     8.139 r  c_attn/vref_r[0][0]_i_5/O
                         net (fo=34, estimated)       0.156     8.295    c_attn/ev[0]
    SLICE_X220Y14                                                     r  c_attn/vref_r[0][7]_i_26/I0
    SLICE_X220Y14        LUT4 (Prop_A6LUT_SLICEM_I0_O)
                                                      0.090     8.385 r  c_attn/vref_r[0][7]_i_26/O
                         net (fo=1, routed)           0.013     8.398    c_attn/vref_r[0][7]_i_26_n_0
    SLICE_X220Y14                                                     r  c_attn/vref_r_reg[0][7]_i_13/S[0]
    SLICE_X220Y14        CARRY8 (Prop_CARRY8_SLICEM_S[0]_CO[3])
                                                      0.186     8.584 r  c_attn/vref_r_reg[0][7]_i_13/CO[3]
                         net (fo=256, estimated)      0.761     9.345    c_attn/ev1
    SLICE_X227Y14                                                     r  c_attn/vref_r[7][0]_i_2/I2
    SLICE_X227Y14        LUT6 (Prop_F6LUT_SLICEM_I2_O)
                                                      0.037     9.382 r  c_attn/vref_r[7][0]_i_2/O
                         net (fo=1, estimated)        0.132     9.514    c_attn/vref_r_reg[7]_634[0]
    SLICE_X228Y16                                                     r  c_attn/vref_r[7][0]_i_1/I3
    SLICE_X228Y16        LUT6 (Prop_G6LUT_SLICEL_I3_O)
                                                      0.035     9.549 r  c_attn/vref_r[7][0]_i_1/O
                         net (fo=1, routed)           0.048     9.597    c_attn/vref_r[7][0]_i_1_n_0
    SLICE_X228Y16        FDSE                                         r  c_attn/vref_r_reg[7][0]/D
  -------------------------------------------------------------------    -------------------

                         (clock core_clk rise edge)
                                                      5.000     5.000 r  
                                                      0.000     5.000 r  core_clk (IN)
                         net (fo=0)                   0.036     5.036    core_clk
    BUFGCE_X0Y25                                                      r  gbufg.u_bufg_core/I
    BUFGCE_X0Y25         BUFGCE (Prop_BUFCE_BUFGCE_I_O)
                                                      0.024     5.060 r  gbufg.u_bufg_core/O
    X4Y1 (CLOCK_ROOT)    net (fo=392507, estimated)
                                                      1.408     6.468    c_attn/core_clk_i
    SLICE_X228Y16        FDSE                                         r  c_attn/vref_r_reg[7][0]/C
                         clock pessimism              0.126     6.594    
                         clock uncertainty           -0.035     6.559    
    SLICE_X228Y16        FDSE (Setup_GFF_SLICEL_C_D)
                                                      0.025     6.584    c_attn/vref_r_reg[7][0]
  -------------------------------------------------------------------
                         required time                          6.584    
                         arrival time                          -9.597    
  -------------------------------------------------------------------
                         slack                                 -3.013    

Slack (VIOLATED) :        -3.013ns  (required time - arrival time)
  Source:                 c_attn/vref_r_reg[26][7]/C
                            (rising edge-triggered cell FDRE clocked by core_clk  {rise@0.000ns fall@2.500ns period=5.000ns})
  Destination:            c_attn/vref_r_reg[21][0]/D
                            (rising edge-triggered cell FDSE clocked by core_clk  {rise@0.000ns fall@2.500ns period=5.000ns})
  Path Group:             core_clk
  Path Type:              Setup (Max at Slow Process Corner)
  Requirement:            5.000ns  (core_clk rise@5.000ns - core_clk rise@0.000ns)
  Data Path Delay:        7.917ns  (logic 2.524ns (31.881%)  route 5.393ns (68.119%))
  Logic Levels:           28  (CARRY8=8 LUT3=2 LUT4=3 LUT5=5 LUT6=9 MUXF7=1)
  Clock Path Skew:        -0.086ns (DCD - SCD + CPR)
    Destination Clock Delay (DCD):    1.462ns = ( 6.462 - 5.000 ) 
    Source Clock Delay      (SCD):    1.674ns
    Clock Pessimism Removal (CPR):    0.126ns
  Clock Uncertainty:      0.035ns  ((TSJ^2 + TIJ^2)^1/2 + DJ) / 2 + PE
    Total System Jitter     (TSJ):    0.071ns
    Total Input Jitter      (TIJ):    0.000ns
    Discrete Jitter          (DJ):    0.000ns
    Phase Error              (PE):    0.000ns
  Clock Net Delay (Source):      1.603ns (routing 0.210ns, distribution 1.393ns)
  Clock Net Delay (Destination): 1.402ns (routing 0.190ns, distribution 1.212ns)

    Location             Delay type                Incr(ns)  Path(ns)    Netlist Resource(s)
  -------------------------------------------------------------------    -------------------
                         (clock core_clk rise edge)
                                                      0.000     0.000 r  
                                                      0.000     0.000 r  core_clk (IN)
                         net (fo=0)                   0.043     0.043    core_clk
    BUFGCE_X0Y25                                                      r  gbufg.u_bufg_core/I
    BUFGCE_X0Y25         BUFGCE (Prop_BUFCE_BUFGCE_I_O)
                                                      0.028     0.071 r  gbufg.u_bufg_core/O
    X4Y1 (CLOCK_ROOT)    net (fo=392507, estimated)
                                                      1.603     1.674    c_attn/core_clk_i
    SLICE_X220Y9         FDRE                                         r  c_attn/vref_r_reg[26][7]/C
  -------------------------------------------------------------------    -------------------
    SLICE_X220Y9         FDRE (Prop_GFF_SLICEM_C_Q)
                                                      0.078     1.752 r  c_attn/vref_r_reg[26][7]/Q
                         net (fo=2, estimated)        0.574     2.326    c_attn/u_arr/err_r_reg_i_21_2[7]
    SLICE_X225Y8                                                      r  c_attn/u_arr/err_r_i_25__3/I1
    SLICE_X225Y8         LUT6 (Prop_F6LUT_SLICEM_I1_O)
                                                      0.123     2.449 r  c_attn/u_arr/err_r_i_25__3/O
                         net (fo=1, routed)           0.023     2.472    c_attn/u_arr/err_r_i_25__3_n_0
    SLICE_X225Y8                                                      r  c_attn/u_arr/err_r_reg_i_21/I0
    SLICE_X225Y8         MUXF7 (Prop_F7MUX_EF_SLICEM_I0_O)
                                                      0.068     2.540 r  c_attn/u_arr/err_r_reg_i_21/O
                         net (fo=1, estimated)        0.187     2.727    c_attn/u_arr/err_r_reg_i_21_n_0
    SLICE_X225Y9                                                      r  c_attn/u_arr/err_r_i_17__4/I0
    SLICE_X225Y9         LUT6 (Prop_F6LUT_SLICEM_I0_O)
                                                      0.098     2.825 r  c_attn/u_arr/err_r_i_17__4/O
                         net (fo=14, estimated)       0.134     2.959    c_attn/u_arr_n_3
    SLICE_X225Y9                                                      r  c_attn/vref_r[0][7]_i_84/I0
    SLICE_X225Y9         LUT4 (Prop_D6LUT_SLICEM_I0_O)
                                                      0.088     3.047 r  c_attn/vref_r[0][7]_i_84/O
                         net (fo=1, routed)           0.025     3.072    c_attn/vref_r[0][7]_i_84_n_0
    SLICE_X225Y9                                                      r  c_attn/vref_r_reg[0][7]_i_68/S[3]
    SLICE_X225Y9         CARRY8 (Prop_CARRY8_SLICEM_S[3]_CO[3])
                                                      0.133     3.205 r  c_attn/vref_r_reg[0][7]_i_68/CO[3]
                         net (fo=16, estimated)       0.170     3.375    c_attn/vref_r_reg[0][7]_i_68_n_4
    SLICE_X224Y8                                                      r  c_attn/vref_r[0][0]_i_8/I2
    SLICE_X224Y8         LUT3 (Prop_G6LUT_SLICEL_I2_O)
                                                      0.035     3.410 r  c_attn/vref_r[0][0]_i_8/O
                         net (fo=5, estimated)        0.111     3.521    c_attn/vref_r[0][0]_i_8_n_0
    SLICE_X224Y8                                                      r  c_attn/vref_r[0][6]_i_13/I3
    SLICE_X224Y8         LUT6 (Prop_F6LUT_SLICEL_I3_O)
                                                      0.035     3.556 r  c_attn/vref_r[0][6]_i_13/O
                         net (fo=1, estimated)        0.183     3.739    c_attn/vref_r[0][6]_i_13_n_0
    SLICE_X224Y8                                                      r  c_attn/vref_r_reg[0][6]_i_9/DI[0]
    SLICE_X224Y8         CARRY8 (Prop_CARRY8_SLICEL_DI[0]_CO[3])
                                                      0.180     3.919 r  c_attn/vref_r_reg[0][6]_i_9/CO[3]
                         net (fo=16, estimated)       0.255     4.174    c_attn/vref_r_reg[0][6]_i_9_n_4
    SLICE_X223Y8                                                      r  c_attn/vref_r[0][1]_i_6/I4
    SLICE_X223Y8         LUT5 (Prop_H6LUT_SLICEL_I4_O)
                                                      0.036     4.210 r  c_attn/vref_r[0][1]_i_6/O
                         net (fo=5, estimated)        0.107     4.317    c_attn/vref_r[0][1]_i_6_n_0
    SLICE_X222Y8                                                      r  c_attn/vref_r[0][7]_i_72/I5
    SLICE_X222Y8         LUT6 (Prop_H6LUT_SLICEM_I5_O)
                                                      0.039     4.356 r  c_attn/vref_r[0][7]_i_72/O
                         net (fo=1, estimated)        0.144     4.500    c_attn/vref_r[0][7]_i_72_n_0
    SLICE_X221Y9                                                      r  c_attn/vref_r_reg[0][7]_i_47/DI[0]
    SLICE_X221Y9         CARRY8 (Prop_CARRY8_SLICEL_DI[0]_CO[3])
                                                      0.180     4.680 r  c_attn/vref_r_reg[0][7]_i_47/CO[3]
                         net (fo=10, estimated)       0.154     4.834    c_attn/vref_r_reg[0][7]_i_47_n_4
    SLICE_X221Y10                                                     r  c_attn/vref_r[0][0]_i_7/I4
    SLICE_X221Y10        LUT5 (Prop_A6LUT_SLICEL_I4_O)
                                                      0.035     4.869 r  c_attn/vref_r[0][0]_i_7/O
                         net (fo=5, estimated)        0.461     5.330    c_attn/vref_r[0][0]_i_7_n_0
    SLICE_X219Y12                                                     r  c_attn/vref_r[0][7]_i_51/I3
    SLICE_X219Y12        LUT6 (Prop_B6LUT_SLICEL_I3_O)
                                                      0.036     5.366 r  c_attn/vref_r[0][7]_i_51/O
                         net (fo=1, estimated)        0.142     5.508    c_attn/vref_r[0][7]_i_51_n_0
    SLICE_X219Y13                                                     r  c_attn/vref_r_reg[0][7]_i_28/DI[0]
    SLICE_X219Y13        CARRY8 (Prop_CARRY8_SLICEL_DI[0]_CO[3])
                                                      0.180     5.688 r  c_attn/vref_r_reg[0][7]_i_28/CO[3]
                         net (fo=19, estimated)       0.216     5.904    c_attn/vref_r_reg[0][7]_i_28_n_4
    SLICE_X219Y13                                                     r  c_attn/vref_r[0][1]_i_5/I4
    SLICE_X219Y13        LUT5 (Prop_G6LUT_SLICEL_I4_O)
                                                      0.035     5.939 r  c_attn/vref_r[0][1]_i_5/O
                         net (fo=3, estimated)        0.142     6.081    c_attn/vref_r[0][1]_i_5_n_0
    SLICE_X218Y13                                                     r  c_attn/vref_r[0][7]_i_59/I5
    SLICE_X218Y13        LUT6 (Prop_F6LUT_SLICEL_I5_O)
                                                      0.035     6.116 r  c_attn/vref_r[0][7]_i_59/O
                         net (fo=1, estimated)        0.142     6.258    c_attn/vref_r[0][7]_i_59_n_0
    SLICE_X218Y14                                                     r  c_attn/vref_r_reg[0][7]_i_29/DI[0]
    SLICE_X218Y14        CARRY8 (Prop_CARRY8_SLICEL_DI[0]_CO[3])
                                                      0.180     6.438 r  c_attn/vref_r_reg[0][7]_i_29/CO[3]
                         net (fo=8, estimated)        0.193     6.631    c_attn/vref_r_reg[0][7]_i_29_n_4
    SLICE_X219Y14                                                     r  c_attn/vref_r[0][0]_i_6/I4
    SLICE_X219Y14        LUT5 (Prop_C6LUT_SLICEL_I4_O)
                                                      0.035     6.666 r  c_attn/vref_r[0][0]_i_6/O
                         net (fo=5, estimated)        0.206     6.872    c_attn/vref_r[0][0]_i_6_n_0
    SLICE_X220Y15                                                     r  c_attn/vref_r[0][7]_i_37/I0
    SLICE_X220Y15        LUT4 (Prop_A6LUT_SLICEM_I0_O)
                                                      0.090     6.962 r  c_attn/vref_r[0][7]_i_37/O
                         net (fo=1, routed)           0.013     6.975    c_attn/vref_r[0][7]_i_37_n_0
    SLICE_X220Y15                                                     r  c_attn/vref_r_reg[0][7]_i_17/S[0]
    SLICE_X220Y15        CARRY8 (Prop_CARRY8_SLICEM_S[0]_CO[3])
                                                      0.186     7.161 r  c_attn/vref_r_reg[0][7]_i_17/CO[3]
                         net (fo=20, estimated)       0.221     7.382    c_attn/vref_r_reg[0][7]_i_17_n_4
    SLICE_X220Y15                                                     r  c_attn/vref_r[0][7]_i_66/I2
    SLICE_X220Y15        LUT3 (Prop_F6LUT_SLICEM_I2_O)
                                                      0.051     7.433 r  c_attn/vref_r[0][7]_i_66/O
                         net (fo=2, estimated)        0.041     7.474    c_attn/vref_r[0][7]_i_66_n_0
    SLICE_X220Y15                                                     r  c_attn/vref_r[0][7]_i_40/I5
    SLICE_X220Y15        LUT6 (Prop_G6LUT_SLICEM_I5_O)
                                                      0.037     7.511 r  c_attn/vref_r[0][7]_i_40/O
                         net (fo=1, estimated)        0.238     7.749    c_attn/vref_r[0][7]_i_40_n_0
    SLICE_X220Y13                                                     r  c_attn/vref_r_reg[0][7]_i_18/DI[1]
    SLICE_X220Y13        CARRY8 (Prop_CARRY8_SLICEM_DI[1]_CO[3])
                                                      0.144     7.893 r  c_attn/vref_r_reg[0][7]_i_18/CO[3]
                         net (fo=8, estimated)        0.209     8.102    c_attn/vref_r_reg[0][7]_i_18_n_4
    SLICE_X220Y14                                                     r  c_attn/vref_r[0][0]_i_5/I4
    SLICE_X220Y14        LUT5 (Prop_G6LUT_SLICEM_I4_O)
                                                      0.037     8.139 r  c_attn/vref_r[0][0]_i_5/O
                         net (fo=34, estimated)       0.156     8.295    c_attn/ev[0]
    SLICE_X220Y14                                                     r  c_attn/vref_r[0][7]_i_26/I0
    SLICE_X220Y14        LUT4 (Prop_A6LUT_SLICEM_I0_O)
                                                      0.090     8.385 r  c_attn/vref_r[0][7]_i_26/O
                         net (fo=1, routed)           0.013     8.398    c_attn/vref_r[0][7]_i_26_n_0
    SLICE_X220Y14                                                     r  c_attn/vref_r_reg[0][7]_i_13/S[0]
    SLICE_X220Y14        CARRY8 (Prop_CARRY8_SLICEM_S[0]_CO[3])
                                                      0.186     8.584 r  c_attn/vref_r_reg[0][7]_i_13/CO[3]
                         net (fo=256, estimated)      0.333     8.917    c_attn/ev1
    SLICE_X220Y16                                                     r  c_attn/vref_r[21][0]_i_2/I2
    SLICE_X220Y16        LUT6 (Prop_H6LUT_SLICEM_I2_O)
                                                      0.039     8.956 r  c_attn/vref_r[21][0]_i_2/O
                         net (fo=1, estimated)        0.552     9.508    c_attn/vref_r_reg[21]_635[0]
    SLICE_X224Y18                                                     r  c_attn/vref_r[21][0]_i_1/I3
    SLICE_X224Y18        LUT6 (Prop_A6LUT_SLICEL_I3_O)
                                                      0.035     9.543 r  c_attn/vref_r[21][0]_i_1/O
                         net (fo=1, routed)           0.048     9.591    c_attn/vref_r[21][0]_i_1_n_0
    SLICE_X224Y18        FDSE                                         r  c_attn/vref_r_reg[21][0]/D
  -------------------------------------------------------------------    -------------------

                         (clock core_clk rise edge)
                                                      5.000     5.000 r  
                                                      0.000     5.000 r  core_clk (IN)
                         net (fo=0)                   0.036     5.036    core_clk
    BUFGCE_X0Y25                                                      r  gbufg.u_bufg_core/I
    BUFGCE_X0Y25         BUFGCE (Prop_BUFCE_BUFGCE_I_O)
                                                      0.024     5.060 r  gbufg.u_bufg_core/O
    X4Y1 (CLOCK_ROOT)    net (fo=392507, estimated)
                                                      1.402     6.462    c_attn/core_clk_i
    SLICE_X224Y18        FDSE                                         r  c_attn/vref_r_reg[21][0]/C
                         clock pessimism              0.126     6.588    
                         clock uncertainty           -0.035     6.553    
    SLICE_X224Y18        FDSE (Setup_AFF_SLICEL_C_D)
                                                      0.025     6.578    c_attn/vref_r_reg[21][0]
  -------------------------------------------------------------------
                         required time                          6.578    
                         arrival time                          -9.591    
  -------------------------------------------------------------------
                         slack                                 -3.013    




