-10965
20903
6526
12670
-4258
8605
357
947
1485
7937
-6720
-18700
10295
-11644
-7822
10549
-7776
6397
-32767
10842
25375
-25249
11509
23392
-11940
-80
-27786
4057
-7365
6356
-2002
-8541
-5483
-15340
269
32097
-3031
2758
-26324
7447
-12432
3743
-9405
2615
-1961
-3151
-13522
3196
650
-7148
5699
-12404
5103
14317
-2258
8446
-4784
-439
-25026
21991
4260
-9018
-5109
-14981
-5320
-21938
25379
-11372
-8904
-791
-6999
10508
4409
4881
-14899
-13237
3792
-13407
1643
-10380
-10076
20953
-5645
-18119
-7
-3022
-5862
2487
-389
-1062
11671
8742
-5001
6369
25205
-11225
-188
32767
16253
7902
11523
-8903
-175
-10654
8708
5871
10207
2753
-13176
-13155
14868
8559
-12498
3461
-6150
-6362
8278
-9955
3682
-8597
-5890
-10341
-28957
7780
-9847
14651
-12788
1611
-10965
20907
6524
12670
-4261
8606
358
948
1488
7932
-6723
-18697
10295
-11648
-7820
10550
-7774
6396
-32767
10843
25377
-25249
11510
23393
-11943
-90
-27786
4053
-7367
6352
-2005
-8540
-5486
-15343
275
32098
-3036
2760
-26322
7445
-12430
3746
-9410
2614
-1961
-3149
-13512
3198
650
-7150
5696
-12404
5104
14321
-2257
8445
-4783
-437
-25031
21995
4261
-9015
-5119
-14982
-10966
20903
6527
12669
-4262
8606
358
944
1487
7936
-6715
-18700
10290
-11647
-7823
10549
-7776
6396
-32767
10841
25378
-25252
11508
23393
-11940
-90
-27788
4055
-7365
6359
-2005
-8540
-5485
-15337
274
32098
-3036
2758
-26322
7447
-12431
3745
-9406
2611
-1962
-3152
-13517
3196
651
-7150
5697
-12403
5103
14316
-2254
8447
-4784
-436
-25025
21995
4259
-9018
-5110
-14980
-10967
20909
6522
12672
-4267
8605
360
946
1489
7938
-6722
-18700
10291
-11649
-7823
10550
-7775
6399
-32767
10840
25381
-25249
11508
23394
-11940
-92
-27789
4056
-7368
6355
-1998
-8540
-5486
-15339
275
32100
-3036
2759
-26319
7447
-12434
3744
-9408
2612
-1966
-3151
-13514
3196
648
-7151
5698
-12408
5103
14319
-2254
8444
-4784
-436
-25031
21993
4255
-9016
-5120
-14977
-10965
20906
6525
12668
-4265
8606
359
949
1489
7937
-6726
-18700
10299
-11651
-7822
10550
-7775
6397
-32767
10843
25381
-25247
11511
23394
-11940
-91
-27789
4055
-7369
6352
-1999
-8542
-5485
-15341
276
32099
-3035
2760
-26325
7446
-12438
3749
-9403
2615
-1963
-3148
-13515
3201
648
-7151
5698
-12407
5104
14322
-2257
8445
-4784
-437
-25034
21999
4258
-9014
-5119
-14981
-10966
20903
6526
12670
-4268
8605
358
944
1487
7936
-6710
-18694
10297
-11650
-7824
10550
-7776
6397
-32767
10839
25379
-25245
11508
23391
-11939
-94
-27788
4059
-7367
6356
-2004
-8539
-5482
-15336
272
32095
-3037
2759
-26328
7446
-12432
3744
-9396
2611
-1959
-3153
-13517
3197
648
-7147
5702
-12402
5101
14309
-2250
8446
-4785
-437
-25024
21990
4257
-9019
-5111
-14976
-10967
20907
6525
12671
-4260
8606
358
950
1488
7933
-6717
-18699
10293
-11649
-7821
10551
-7775
6396
-32767
10842
25380
-25247
11512
23395
-11940
-89
-27786
4054
-7366
6358
-2004
-8540
-5487
-15348
273
32099
-3033
2760
-26315
7446
-12436
3742
-9413
2615
-1964
-3153
-13515
3195
649
-7152
5699
-12404
5105
14318
-2253
8448
-4786
-435
-25033
21994
4259
-9019
-5117
-14976
-10966
20906
6526
12671
-4265
8607
358
949
1489
7933
-6719
-18701
10294
-11649
-7822
10552
-7774
6398
-32767
10844
25380
-25253
11510
23395
-11943
-89
-27789
4055
-7368
6356
-2007
-8541
-5486
-15340
276
32102
-3033
2760
-26329
7446
-12433
3748
-9407
2613
-1962
-3150
-13515
3200
651
-7150
5696
-12405
5106
14318
-2257
8446
-4782
-438
-25034
21997
4260
-9017
-5116
-14983
-10966
20903
6527
12673
-4266
8606
356
950
1487
7931
-6715
-18693
10298
-11653
-7825
10551
-7779
6397
-32767
10840
25382
-25252
11509
23394
-11943
-91
-27791
4052
-7366
6356
-2007
-8540
-5487
-15342
269
32102
-3038
2758
-26324
7446
-12433
3746
-9404
2613
-1960
-3149
-13515
3201
648
-7150
5699
-12396
5103
14319
-2253
8448
-4785
-435
-25027
21995
4260
-9016
-5111
-14981
-10966
20905
6526
12668
-4267
8606
358
943
1488
7938
-6715
-18699
10294
-11650
-7824
10549
-7778
6397
-32767
10840
25379
-25250
11508
23392
-11940
-92
-27790
4055
-7363
6356
-2004
-8540
-5485
-15335
274
32100
-3037
2759
-26326
7446
-12431
3746
-9402
2611
-1963
-3151
-13517
3197
649
-7148
5697
-12404
5103
14316
-2254
8445
-4783
-436
-25029
21993
4257
-9019
-5116
-14980
-10966
20911
6525
12674
-4265
8607
358
947
1489
7939
-6723
-18699
10299
-11650
-7824
10551
-7780
6398
-32767
10842
25384
-25253
11511
23396
-11941
-87
-27791
4057
-7363
6357
-2000
-8542
-5485
-15338
269
32103
-3037
2760
-26329
7447
-12435
3744
-9406
2613
-1964
-3148
-13519
3197
647
-7152
5702
-12407
5104
14318
-2255
8448
-4783
-436
-25032
21994
4258
-9020
-5115
-14983
-10847
21357
7999
10819
-2417
9302
-1647
3968
1131
9935
-8354
-21120
12502
-13318
-9679
11097
-9825
6967
-27611
11169
27294
-24043
13702
26162
-13320
803
-30111
3688
-3683
3955
-776
-10026
-7657
-14929
-1174
32767
-3228
2034
-31953
7770
-16188
2625
-6004
4323
-1814
-1058
-14978
1401
-576
-7999
2900
-16211
5964
12646
-2706
6063
-2935
-1662
-29025
20253
1373
-9399
-6890
-17422
-4995
-6429
8665
7090
3938
-12200
-5388
496
-7230
-1132
8409
2340
6516
-16487
-2541
-7348
16223
22216
13981
-20731
3614
-8026
-632
13731
-5302
1834
-416
-9375
6272
22860
18509
-14742
-10919
-817
3375
6764
5284
-9714
16553
10273
-2956
10709
21659
6933
769
7238
8698
-1819
1163
-8361
-17846
2901
18563
-12724
-10414
5767
-3421
-6166
3439
12599
19445
32767
-9035
-259
-10967
20909
6522
12672
-4261
8606
358
948
1489
7936
-6725
-18701
10295
-11648
-7822
10551
-7775
6397
-32767
10845
25379
-25250
11512
23394
-11942
-86
-27786
4055
-7364
6356
-2001
-8540
-5485
-15343
273
32101
-3035
2761
-26324
7447
-12434
3745
-9412
2615
-1964
-3151
-13516
3196
649
-7151
5695
-12406
5105
14319
-2257
8448
-4783
-436
-25033
21994
4259
-9016
-5120
-14980
-10968
20908
6523
12672
-4268
8607
358
954
1491
7937
-6723
-18691
10295
-11654
-7822
10552
-7776
6398
-32767
10841
25389
-25246
11512
23396
-11943
-89
-27791
4053
-7367
6352
-1998
-8540
-5486
-15342
274
32104
-3039
2760
-26317
7446
-12437
3745
-9416
2614
-1966
-3149
-13513
3198
649
-7153
5698
-12406
5104
14321
-2254
8448
-4784
-436
-25033
21995
4257
-9017
-5120
-14977
-10965
20906
6526
12666
-4265
8606
358
949
1489
7936
-6724
-18698
10297
-11649
-7821
10550
-7776
6397
-32767
10843
25379
-25248
11512
23394
-11942
-89
-27786
4055
-7367
6354
-2003
-8541
-5486
-15339
274
32099
-3034
2759
-26325
7446
-12434
3749
-9407
2614
-1963
-3149
-13514
3198
649
-7152
5697
-12405
5104
14319
-2256
8446
-4783
-438
-25031
21997
4259
-9014
-5117
-14980
-10966
20906
6524
12674
-4270
8606
355
951
1486
7931
-6715
-18690
10300
-11653
-7825
10552
-7777
6398
-32767
10839
25384
-25241
11507
23392
-11942
-92
-27788
4052
-7364
6356
-2004
-8538
-5485
-15349
273
32100
-3039
2759
-26319
7447
-12432
3742
-9407
2610
-1960
-3152
-13514
3200
649
-7149
5701
-12396
5102
14313
-2250
8446
-4788
-436
-25028
21990
4257
-9019
-5118
-14975
-10967
20910
6522
12670
-4267
8607
354
953
1488
7931
-6724
-18695
10302
-11652
-7823
10553
-7776
6398
-32767
10843
25386
-25248
11512
23396
-11944
-90
-27789
4052
-7363
6353
-2002
-8541
-5488
-15350
269
32105
-3038
2760
-26322
7446
-12434
3744
-9415
2614
-1961
-3149
-13512
3200
650
-7152
5700
-12400
5104
14320
-2256
8450
-4785
-436
-25031
21994
4259
-9016
-5118
-14981
-10967
20912
6523
12671
-4267
8607
356
949
1490
7932
-6719
-18698
10300
-11653
-7823
10553
-7776
6400
-32767
10843
25387
-25246
11511
23398
-11943
-91
-27790
4056
-7364
6356
-1998
-8541
-5486
-15342
273
32105
-3036
2760
-26327
7447
-12437
3744
-9410
2612
-1964
-3151
-13512
3198
648
-7151
5703
-12405
5104
14317
-2253
8448
-4784
-436
-25034
21995
4256
-9024
-5120
-14982
-10966
20907
6521
12668
-4259
8605
353
952
1484
7931
-6718
-18690
10299
-11646
-7821
10551
-7774
6398
-32767
10840
25379
-25237
11509
23389
-11940
-85
-27784
4051
-7365
6352
-2003
-8538
-5483
-15349
272
32097
-3036
2760
-26316
7446
-12431
3742
-9408
2612
-1958
-3155
-13514
3198
649
-7149
5700
-12400
5100
14313
-2255
8446
-4787
-437
-25027
21988
4258
-9019
-5118
-14975
-10966
20908
6527
12669
-4265
8606
360
947
1492
7935
-6720
-18698
10291
-11649
-7822
10550
-7776
6396
-32767
10841
25380
-25248
11508
23395
-11941
-92
-27787
4054
-7364
6357
-2001
-8540
-5487
-15345
276
32100
-3034
2759
-26317
7446
-12435
3746
-9415
2614
-1967
-3148
-13515
3196
648
-7150
5696
-12402
5104
14321
-2254
8448
-4784
-435
-25032
21997
4258
-9015
-5119
-14978
-10967
20911
6522
12675
-4261
8607
359
947
1490
7939
-6726
-18698
10301
-11653
-7823
10551
-7780
6399
-32767
10844
25382
-25250
11511
23399
-11942
-86
-27789
4058
-7362
6357
-2000
-8542
-5484
-15341
270
32101
-3035
2761
-26329
7447
-12435
3746
-9409
2614
-1964
-3149
-13520
3199
649
-7152
5701
-12411
5103
14317
-2256
8449
-4784
-438
-25036
21995
4259
-9024
-5119
-14983
-10967
20909
6523
12670
-4261
8607
357
950
1489
7933
-6725
-18700
10295
-11648
-7821
10552
-7772
6397
-32767
10846
25380
-25249
11512
23396
-11942
-88
-27785
4053
-7366
6353
-2001
-8541
-5486
-15349
271
32104
-3034
2762
-26320
7447
-12434
3743
-9415
2616
-1963
-3150
-13516
3197
649
-7152
5696
-12405
5103
14321
-2258
8449
-4786
-437
-25036
21995
4261
-9012
-5120
-14980
-10965
20912
6519
12669
-4264
8605
352
953
1487
7934
-6722
-18695
10300
-11647
-7821
10552
-7771
6397
-32767
10843
25380
-25237
11510
23391
-11940
-86
-27784
4051
-7368
6349
-1999
-8538
-5485
-15352
276
32099
-3037
2761
-26318
7446
-12432
3741
-9410
2612
-1960
-3152
-13516
3197
651
-7152
5696
-12404
5101
14316
-2256
8447
-4785
-438
-25029
21991
4256
-9013
-5121
-14973
-10966
20910
6519
12671
-4264
8605
354
951
1486
7935
-6723
-18693
10298
-11648
-7820
10551
-7771
6399
-32767
10841
25380
-25235
11509
23392
-11939
-81
-27783
4053
-7368
6351
-1999
-8538
-5483
-15348
277
32093
-3037
2761
-26317
7444
-12431
3742
-9406
2612
-1961
-3151
-13515
3200
649
-7151
5698
-12407
5101
14315
-2253
8444
-4786
-438
-25027
21990
4254
-9018
-5120
-14970
-10967
20907
6526
12673
-4258
8607
360
948
1488
7934
-6723
-18699
10296
-11650
-7822
10551
-7776
6397
-32767
10844
25382
-25253
11512
23398
-11942
-88
-27790
4056
-7366
6356
-2002
-8542
-5486
-15345
269
32103
-3032
2760
-26323
7447
-12437
3745
-9408
2614
-1963
-3150
-13516
3198
647
-7149
5702
-12407
5104
14320
-2256
8447
-4785
-437
-25036
21996
4261
-9019
-5114
-14983
-10965
20905
6526
12669
-4261
8606
357
948
1490
7932
-6719
-18695
10297
-11649
-7822
10550
-7777
6397
-32767
10841
25378
-25247
11509
23395
-11941
-89
-27784
4054
-7362
6355
-2003
-8540
-5485
-15341
271
32099
-3035
2760
-26320
7446
-12433
3744
-9411
2614
-1963
-3150
-13514
3196
647
-7149
5700
-12401
5103
14318
-2254
8449
-4786
-436
-25028
21994
4260
-9016
-5115
-14979
-10968
20912
6522
12672
-4268
8607
359
949
1491
7937
-6724
-18696
10298
-11654
-7822
10551
-7778
6397
-32767
10841
25386
-25245
11513
23399
-11943
-90
-27790
4057
-7366
6355
-1998
-8541
-5484
-15341
278
32102
-3034
2760
-26321
7448
-12440
3746
-9411
2614
-1967
-3151
-13512
3197
647
-7152
5700
-12408
5103
14320
-2253
8446
-4784
-436
-25034
21995
4255
-9024
-5121
-14979
-10966
20905
6527
12667
-4263
8606
357
947
1488
7937
-6721
-18699
10299
-11648
-7821
10550
-7779
6397
-32767
10842
25379
-25248
11512
23396
-11941
-91
-27788
4056
-7365
6354
-2002
-8541
-5483
-15339
274
32099
-3034
2760
-26327
7447
-12437
3747
-9405
2613
-1962
-3152
-13519
3197
648
-7151
5700
-12406
5103
14318
-2256
8445
-4785
-438
-25033
21994
4258
-9018
-5115
-14979
-10967
20908
6524
12671
-4264
8605
360
946
1489
7937
-6719
-18696
10293
-11650
-7823
10550
-7777
6398
-32767
10840
25380
-25247
11509
23395
-11940
-89
-27789
4058
-7365
6356
-2001
-8540
-5484
-15340
276
32099
-3035
2760
-26322
7446
-12435
3744
-9406
2612
-1964
-3151
-13515
3197
649
-7150
5701
-12412
5103
14316
-2252
8445
-4784
-436
-25030
21992
4255
-9021
-5118
-14976
-10968
20910
6527
12675
-4264
8607
361
950
1489
7938
-6722
-18699
10290
-11651
-7824
10553
-7777
6398
-32767
10842
25386
-25255
11511
23397
-11942
-88
-27792
4056
-7366
6356
-2005
-8542
-5487
-15343
272
32105
-3039
2761
-26321
7447
-12435
3745
-9409
2614
-1964
-3151
-13513
3197
648
-7153
5697
-12409
5104
14321
-2253
8448
-4784
-435
-25035
21997
4259
-9015
-5120
-14980
-10966
20905
6525
12670
-4269
8607
359
948
1489
7937
-6719
-18698
10292
-11649
-7821
10551
-7775
6398
-32767
10841
25381
-25248
11510
23395
-11940
-89
-27789
4057
-7370
6353
-1999
-8541
-5485
-15339
278
32099
-3035
2760
-26327
7446
-12434
3748
-9405
2612
-1964
-3150
-13515
3197
649
-7152
5697
-12412
5103
14318
-2254
8445
-4783
-437
-25032
21996
4255
-9018
-5117
-14977
-10965
20904
6523
12672
-4264
8606
358
950
1490
7935
-6723
-18696
10296
-11648
-7823
10550
-7778
6396
-32767
10842
25380
-25250
11508
23395
-11941
-88
-27788
4054
-7363
6356
-2002
-8541
-5487
-15342
268
32098
-3037
2760
-26319
7445
-12435
3744
-9412
2615
-1964
-3147
-13513
3194
651
-7152
5698
-12404
5105
14321
-2256
8449
-4784
-436
-25029
21995
4259
-9014
-5115
-14982
-10965
20908
6524
12667
-4263
8605
360
945
1488
7937
-6722
-18703
10287
-11646
-7821
10550
-7772
6398
-32767
10842
25376
-25247
11509
23392
-11939
-92
-27786
4057
-7367
6355
-2004
-8540
-5484
-15339
282
32096
-3035
2761
-26322
7446
-12432
3748
-9407
2613
-1964
-3151
-13516
3198
648
-7150
5694
-12408
5104
14317
-2254
8444
-4783
-438
-25032
21995
4257
-9017
-5121
-14978
-10966
20909
6523
12664
-4266
8606
359
947
1489
7936
-6723
-18699
10296
-11648
-7820
10550
-7774
6398
-32767
10842
25377
-25246
11509
23392
-11941
-91
-27787
4055
-7368
6353
-2001
-8540
-5485
-15339
279
32097
-3036
2759
-26324
7446
-12431
3749
-9409
2613
-1964
-3150
-13515
3198
651
-7151
5695
-12407
5105
14319
-2257
8443
-4783
-438
-25033
21996
4258
-9015
-5122
-14979
-10966
20908
6522
12668
-4265
8606
352
957
1486
7929
-6720
-18691
10305
-11651
-7822
10554
-7772
6398
-32767
10842
25386
-25238
11511
23394
-11943
-88
-27787
4053
-7368
6351
-2004
-8539
-5486
-15352
275
32103
-3039
2762
-26318
7445
-12433
3742
-9410
2613
-1961
-3151
-13512
3203
648
-7152
5702
-12402
5103
14317
-2253
8446
-4786
-437
-25030
21990
4256
-9019
-5120
-14973
-10966
20907
6527
12668
-4266
8606
357
946
1489
7931
-6715
-18696
10293
-11650
-7822
10549
-7773
6397
-32767
10842
25379
-25244
11510
23393
-11941
-94
-27788
4053
-7369
6356
-2006
-8539
-5485
-15340
280
32099
-3034
2759
-26322
7446
-12433
3745
-9408
2613
-1964
-3152
-13515
3199
648
-7149
5697
-12401
5103
14316
-2253
8445
-4784
-437
-25029
21994
4257
-9018
-5116
-14976
-11304
21464
7323
11583
-3185
9013
-1093
2249
1083
9261
-7134
-20944
12527
-14043
-9165
11118
-9634
6704
-31121
11005
26642
-25436
13114
25406
-12822
-459
-29831
3783
-5280
4511
-1444
-9550
-6701
-16709
-1272
32767
-3117
2528
-30425
7556
-13886
3368
-8167
3607
-1578
-2347
-14183
1902
395
-7529
3819
-14054
5848
14132
-1983
7324
-4159
-960
-27291
21635
2881
-8270
-5660
-16905
-10965
20911
6519
12671
-4264
8606
360
949
1488
7938
-6731
-18701
10296
-11650
-7818
10549
-7772
6397
-32767
10843
25377
-25243
11510
23395
-11940
-90
-27785
4053
-7370
6350
-1997
-8540
-5482
-15348
283
32098
-3035
2760
-26320
7446
-12431
3748
-9412
2612
-1964
-3148
-13517
3199
649
-7152
5696
-12409
5102
14323
-2258
8443
-4785
-437
-25034
21997
4256
-9014
-5127
-14976
-10965
20903
6528
12668
-4263
8606
358
945
1490
7934
-6718
-18697
10293
-11649
-7821
10550
-7780
6396
-32767
10840
25379
-25249
11510
23395
-11940
-91
-27787
4056
-7359
6360
-2004
-8540
-5485
-15336
270
32098
-3035
2758
-26322
7446
-12436
3746
-9409
2615
-1964
-3149
-13515
3194
648
-7151
5699
-12404
5104
14318
-2253
8449
-4783
-436
-25028
21994
4259
-9017
-5113
-14981
-10966
20910
6520
12674
-4266
8607
359
949
1489
7936
-6725
-18694
10300
-11655
-7823
10552
-7779
6399
-32767
10843
25384
-25249
11511
23397
-11941
-89
-27787
4056
-7362
6352
-2001
-8541
-5484
-15343
272
32100
-3041
2761
-26326
7446
-12434
3744
-9408
2613
-1963
-3150
-13513
3198
649
-7150
5701
-12407
5104
14318
-2254
8448
-4784
-437
-25033
21994
4258
-9019
-5122
-14982
-10966
20910
6525
12673
-4266
8607
361
947
1489
7937
-6724
-18697
10294
-11652
-7822
10551
-7777
6398
-32767
10842
25382
-25251
11511
23397
-11941
-90
-27789
4057
-7365
6355
-2004
-8542
-5484
-15338
275
32101
-3038
2760
-26330
7445
-12434
3750
-9405
2613
-1963
-3150
-13517
3198
648
-7150
5697
-12407
5104
14318
-2256
8446
-4783
-438
-25035
21997
4258
-9019
-5121
-14984
-10966
20906
6526
12672
-4267
8605
360
946
1490
7937
-6716
-18694
10285
-11651
-7822
10549
-7775
6399
-32767
10837
25379
-25245
11507
23391
-11940
-95
-27786
4054
-7366
6356
-2005
-8537
-5486
-15338
280
32095
-3037
2760
-26315
7445
-12432
3746
-9408
2611
-1966
-3152
-13509
3198
648
-7149
5694
-12407
5104
14318
-2250
8445
-4784
-435
-25028
21993
4254
-9016
-5121
-14972
-10967
20908
6525
12673
-4266
8607
355
951
1491
7934
-6717
-18691
10299
-11651
-7824
10552
-7777
6398
-32767
10841
25386
-25243
11510
23395
-11941
-90
-27790
4056
-7362
6356
-2002
-8540
-5486
-15344
271
32102
-3039
2759
-26321
7447
-12435
3742
-9412
2613
-1964
-3150
-13514
3198
649
-7152
5701
-12406
5104
14318
-2252
8449
-4785
-437
-25029
21991
4257
-9021
-5117
-14978
-10967
20910
6524
12672
-4264
8607
357
948
1489
7931
-6721
-18699
10299
-11650
-7823
10552
-7777
6398
-32767
10845
25384
-25251
11511
23397
-11942
-89
-27789
4055
-7364
6355
-2000
-8542
-5485
-15342
270
32103
-3036
2760
-26325
7447
-12435
3745
-9409
2612
-1964
-3149
-13515
3195
647
-7150
5703
-12405
5104
14318
-2255
8449
-4785
-436
-25034
21996
4259
-9019
-5117
-14983
-10965
20904
6527
12670
-4261
8605
360
946
1488
7935
-6721
-18700
10285
-11647
-7821
10549
-7774
6397
-32767
10841
25374
-25249
11508
23392
-11941
-88
-27784
4055
-7366
6358
-2006
-8539
-5485
-15336
279
32095
-3031
2760
-26321
7445
-12430
3747
-9409
2613
-1964
-3148
-13517
3197
648
-7150
5695
-12407
5104
14318
-2255
8446
-4783
-436
-25027
21993
4257
-9018
-5116
-14977
-10965
20904
6525
12664
-4264
8605
355
951
1487
7931
-6717
-18694
10295
-11647
-7821
10549
-7772
6396
-32767
10840
25381
-25239
11508
23391
-11941
-91
-27787
4053
-7368
6354
-2003
-8538
-5485
-15347
277
32097
-3035
2759
-26313
7446
-12433
3743
-9411
2613
-1963
-3152
-13514
3198
649
-7150
5697
-12402
5102
14319
-2253
8444
-4786
-437
-25028
21993
4259
-9016
-5119
-14974
-10965
20907
6525
12669
-4262
8606
358
945
1490
7942
-6724
-18699
10299
-11647
-7821
10549
-7779
6397
-32767
10842
25379
-25250
11510
23396
-11940
-89
-27785
4057
-7359
6356
-1997
-8541
-5484
-15339
269
32096
-3037
2759
-26325
7447
-12434
3743
-9407
2614
-1964
-3150
-13520
3196
649
-7149
5699
-12405
5104
14322
-2258
8448
-4785
-437
-25033
21994
4260
-9014
-5119
-14983
-10964
20901
6526
12665
-4264
8606
357
946
1485
7933
-6716
-18698
10296
-11647
-7822
10549
-7778
6397
-32767
10840
25376
-25249
11508
23391
-11940
-92
-27783
4054
-7359
6357
-2003
-8539
-5483
-15339
266
32093
-3036
2758
-26323
7446
-12430
3743
-9403
2613
-1958
-3153
-13514
3195
649
-7147
5699
-12398
5101
14316
-2255
8447
-4785
-436
-25023
21991
4261
-9014
-5113
-14984
-10967
20905
6524
12672
-4271
8608
354
953
1486
7932
-6715
-18691
10305
-11653
-7826
10552
-7777
6398
-32767
10841
25387
-25245
11510
23394
-11942
-90
-27790
4054
-7365
6353
-2004
-8539
-5484
-15344
273
32102
-3041
2759
-26326
7446
-12435
3743
-9405
2611
-1960
-3152
-13517
3199
650
-7150
5701
-12394
5103
14317
-2253
8448
-4786
-437
-25028
21991
4257
-9017
-5115
-14977
-10968
20913
6524
12673
-4268
8607
356
952
1489
7933
-6723
-18697
10301
-11650
-7824
10552
-7776
6397
-32767
10844
25385
-25249
11513
23399
-11943
-84
-27791
4055
-7367
6356
-2003
-8541
-5486
-15342
273
32106
-3036
2760
-26327
7447
-12438
3747
-9410
2613
-1965
-3150
-13515
3200
648
-7151
5701
-12401
5105
14319
-2256
8447
-4783
-438
-25034
21995
4260
-9021
-5115
-14982
-10965
20908
6523
12671
-4265
8606
359
945
1489
7942
-6723
-18699
10296
-11650
-7823
10548
-7779
6397
-32767
10840
25379
-25248
11509
23395
-11940
-92
-27789
4058
-7364
6356
-1996
-8540
-5483
-15339
275
32096
-3036
2759
-26324
7446
-12434
3744
-9407
2613
-1965
-3151
-13518
3195
650
-7151
5698
-12412
5102
14319
-2254
8446
-4783
-436
-25032
21994
4256
-9020
-5118
-14980
-10965
20904
6525
12664
-4269
8606
354
952
1487
7936
-6714
-18696
10304
-11648
-7822
10550
-7776
6396
-32767
10842
25381
-25241
11511
23393
-11940
-87
-27789
4058
-7368
6353
-2003
-8540
-5483
-15339
277
32099
-3037
2759
-26327
7445
-12435
3744
-9403
2612
-1962
-3150
-13516
3198
649
-7150
5702
-12402
5103
14317
-2256
8442
-4784
-439
-25029
21993
4258
-9019
-5113
-14977
-10965
20904
6525
12669
-4259
8606
359
947
1486
7935
-6716
-18698
10296
-11647
-7823
10550
-7776
6397
-32767
10841
25377
-25246
11509
23392
-11940
-90
-27784
4056
-7364
6356
-2005
-8540
-5483
-15343
268
32097
-3035
2760
-26323
7447
-12431
3741
-9405
2614
-1962
-3153
-13517
3197
647
-7148
5699
-12401
5101
14315
-2255
8446
-4786
-438
-25029
21992
4260
-9014
-5116
-14979
-10966
20907
6526
12671
-4267
8608
357
953
1489
7933
-6724
-18695
10309
-11653
-7823
10552
-7782
6398
-32767
10844
25384
-25247
11514
23399
-11942
-87
-27790
4056
-7363
6353
-2003
-8542
-5484
-15344
270
32103
-3040
2760
-26330
7447
-12438
3748
-9405
2615
-1962
-3148
-13517
3200
647
-7151
5704
-12400
5104
14322
-2257
8448
-4785
-437
-25035
21996
4262
-9018
-5117
-14986
-10967
20909
6524
12673
-4264
8606
360
949
1492
7938
-6722
-18697
10296
-11650
-7823
10550
-7776
6397
-32767
10840
25383
-25246
11509
23394
-11941
-89
-27787
4055
-7363
6355
-2001
-8540
-5486
-15344
273
32101
-3038
2761
-26317
7446
-12436
3743
-9415
2614
-1966
-3150
-13515
3197
648
-7151
5698
-12404
5104
14322
-2254
8447
-4784
-437
-25032
21994
4259
-9014
-5122
-14977
-10965
20909
6520
12664
-4263
8606
355
949
1488
7936
-6725
-18698
10302
-11647
-7819
10549
-7774
6397
-32767
10843
25377
-25243
11511
23393
-11940
-87
-27785
4054
-7367
6350
-1997
-8540
-5482
-15346
276
32098
-3035
2760
-26325
7446
-12434
3745
-9408
2614
-1963
-3150
-13516
3200
650
-7151
5698
-12405
5101
14318
-2257
8443
-4784
-439
-25030
21993
4258
-9018
-5120
-14977
-10966
20907
6528
12673
-4263
8607
360
949
1488
7936
-6720
-18700
10299
-11649
-7825
10552
-7780
6398
-32767
10844
25383
-25254
11510
23397
-11942
-85
-27791
4056
-7363
6358
-2003
-8542
-5485
-15338
266
32104
-3037
2759
-26329
7448
-12436
3743
-9405
2614
-1962
-3150
-13518
3197
648
-7151
5703
-12406
5105
14317
-2255
8448
-4785
-436
-25033
21995
4260
-9019
-5111
-14985
-10964
20904
6529
12665
-4261
8606
360
946
1490
7935
-6720
-18699
10296
-11645
-7820
10549
-7777
6396
-32767
10842
25377
-25248
11507
23392
-11941
-88
-27783
4057
-7363
6356
-2002
-8540
-5484
-15341
269
32096
-3034
2758
-26321
7446
-12434
3745
-9408
2616
-1962
-3150
-13515
3197
651
-7149
5700
-12403
5104
14322
-2257
8448
-4785
-439
-25029
21994
4261
-9014
-5114
-14984
-10966
20908
6527
12668
-4266
8606
359
943
1490
7938
-6714
-18699
10294
-11650
-7823
10549
-7778
6398
-32767
10840
25380
-25248
11510
23394
-11939
-95
-27788
4057
-7362
6356
-2000
-8541
-5484
-15334
274
32099
-3036
2759
-26327
7447
-12435
3745
-9406
2610
-1964
-3153
-13516
3195
646
-7148
5700
-12404
5103
14315
-2252
8446
-4785
-436
-25030
21995
4257
-9020
-5118
-14980
-10965
20904
6525
12668
-4264
8605
358
946
1487
7938
-6718
-18698
10298
-11647
-7822
10550
-7778
6396
-32767
10842
25379
-25248
11511
23393
-11939
-86
-27788
4057
-7366
6356
-2001
-8541
-5483
-15337
271
32097
-3034
2758
-26325
7446
-12433
3745
-9405
2613
-1962
-3150
-13518
3196
648
-7150
5702
-12404
5103
14317
-2256
8444
-4784
-436
-25028
21992
4257
-9018
-5112
-14980
-10966
20907
6527
12672
-4260
8606
360
951
1488
7934
-6723
-18697
10294
-11648
-7821
10552
-7773
6397
-32767
10844
25382
-25250
11512
23395
-11942
-87
-27787
4055
-7368
6354
-2003
-8541
-5486
-15346
274
32101
-3034
2760
-26323
7446
-12434
3747
-9409
2614
-1962
-3147
-13516
3197
649
-7150
5699
-12408
5105
14320
-2256
8447
-4783
-437
-25034
21996
4260
-9015
-5116
-14982
-10968
20906
6526
12672
-4264
8607
356
952
1487
7930
-6717
-18692
10298
-11653
-7823
10552
-7776
6398
-32767
10841
25385
-25240
11511
23394
-11943
-90
-27788
4052
-7365
6355
-2004
-8539
-5485
-15349
272
32101
-3037
2760
-26316
7447
-12434
3742
-9410
2611
-1961
-3152
-13513
3199
646
-7149
5702
-12401
5102
14316
-2252
8447
-4788
-436
-25030
21992
4258
-9021
-5117
-14977
-11001
20136
9216
6944
-917
9232
-4232
5423
-87
10183
-6115
-22767
13573
-15118
-9999
11172
-9505
7618
-23964
9375
27645
-23236
13693
26917
-14568
1368
-30499
2701
-30
2346
-1197
-10445
-8578
-14147
-4078
32020
-2708
1536
-32767
6050
-17775
-166
-3476
4874
-799
-899
-14948
-99
-568
-7480
893
-17492
5662
10503
-1860
5332
-3011
-2593
-30048
17629
-104
-9235
-6071
-18942
-10967
20908
6527
12669
-4268
8607
356
946
1487
7935
-6717
-18699
10299
-11651
-7824
10551
-7777
6398
-32767
10842
25384
-25250
11510
23395
-11942
-91
-27792
4055
-7366
6355
-2001
-8542
-5484
-15339
271
32103
-3036
2759
-26329
7447
-12435
3747
-9405
2611
-1962
-3151
-13518
3200
649
-7150
5702
-12404
5102
14317
-2254
8445
-4784
-436
-25031
21994
4259
-9022
-5114
-14982
-10966
20902
6527
12672
-4264
8607
354
950
1485
7930
-6711
-18693
10300
-11651
-7825
10551
-7777
6396
-32767
10842
25382
-25248
11509
23394
-11942
-92
-27789
4055
-7368
6356
-2006
-8539
-5487
-15347
267
32101
-3035
2759
-26322
7447
-12433
3741
-9405
2614
-1959
-3153
-13513
3201
649
-7150
5703
-12396
5102
14314
-2252
8449
-4787
-435
-25027
21991
4260
-9019
-5108
-14977
-10955
21325
6891
12442
-3854
8769
-41
1189
1305
8289
-6982
-19757
10890
-12079
-8408
10874
-8206
6315
-32355
11522
26028
-25743
11852
24229
-12460
-215
-28509
4126
-6685
6020
-1968
-8822
-6018
-15971
-53
32767
-2983
2654
-27576
7891
-13154
3510
-8754
3105
-1447
-2983
-13592
2740
299
-7223
5216
-13296
5382
14520
-2200
8197
-4613
-370
-26009
22091
3675
-9211
-5391
-15739
-10966
20909
6521
12671
-4269
8605
359
946
1490
7939
-6720
-18700
10291
-11650
-7822
10549
-7775
6399
-32767
10840
25378
-25245
11508
23393
-11939
-91
-27789
4056
-7368
6355
-1999
-8540
-5485
-15339
280
32098
-3037
2760
-26319
7446
-12432
3745
-9408
2611
-1966
-3150
-13514
3195
648
-7150
5696
-12411
5103
14317
-2253
8445
-4784
-435
-25031
21993
4254
-9018
-5121
-14976
-10964
20904
6527
12670
-4270
8606
357
942
1487
7934
-6711
-18700
10286
-11648
-7822
10549
-7775
6398
-32767
10839
25376
-25249
11506
23391
-11940
-92
-27789
4054
-7370
6359
-2007
-8538
-5485
-15333
282
32099
-3034
2759
-26329
7446
-12429
3749
-9401
2610
-1963
-3152
-13519
3201
648
-7148
5696
-12402
5104
14313
-2252
8443
-4784
-437
-25029
21993
4256
-9021
-5114
-14976
-10965
20906
6525
12666
-4265
8607
357
950
1488
7935
-6723
-18699
10298
-11650
-7820
10551
-7775
6398
-32767
10844
25379
-25248
11512
23395
-11942
-90
-27788
4055
-7368
6353
-2002
-8541
-5484
-15340
276
32100
-3034
2760
-26328
7446
-12434
3750
-9406
2613
-1963
-3150
-13516
3200
649
-7151
5695
-12406
5104
14318
-2257
8445
-4783
-439
-25034
21998
4260
-9015
-5119
-14981
-10965
20904
6524
12671
-4265
8606
356
951
1488
7931
-6720
-18695
10299
-11651
-7822
10551
-7776
6397
-32767
10840
25380
-25245
11509
23394
-11940
-90
-27785
4054
-7362
6354
-2004
-8540
-5484
-15345
272
32098
-3037
2760
-26320
7446
-12433
3745
-9407
2614
-1962
-3149
-13515
3198
647
-7150
5701
-12401
5103
14319
-2255
8448
-4786
-436
-25031
21994
4259
-9018
-5120
-14980
-10965
20903
6527
12668
-4270
8606
355
944
1486
7937
-6715
-18697
10297
-11650
-7824
10548
-7780
6397
-32767
10840
25376
-25247
11508
23391
-11939
-92
-27788
4055
-7364
6353
-2002
-8540
-5482
-15334
274
32095
-3037
2758
-26327
7446
-12432
3746
-9397
2611
-1960
-3152
-13521
3198
648
-7149
5699
-12403
5101
14316
-2254
8445
-4784
-435
-25024
21992
4256
-9018
-5110
-14979
-10966
20907
6524
12671
-4261
8606
359
946
1488
7938
-6722
-18699
10293
-11648
-7822
10550
-7775
6396
-32767
10843
25378
-25251
11511
23394
-11941
-89
-27787
4055
-7364
6357
-2002
-8540
-5485
-15338
274
32098
-3035
2759
-26322
7446
-12433
3745
-9409
2613
-1963
-3150
-13516
3196
649
-7150
5696
-12406
5105
14320
-2256
8446
-4783
-437
-25029
21995
4260
-9014
-5118
-14982
-10968
20910
6524
12668
-4266
8606
356
951
1490
7932
-6719
-18693
10300
-11652
-7823
10552
-7775
6397
-32767
10841
25385
-25243
11511
23397
-11942
-92
-27788
4054
-7364
6353
-2003
-8540
-5487
-15345
275
32102
-3037
2760
-26320
7447
-12437
3743
-9411
2614
-1964
-3151
-13512
3199
648
-7151
5701
-12404
5104
14318
-2253
8448
-4785
-436
-25032
21993
4258
-9020
-5119
-14977
-10967
20911
6526
12673
-4265
8607
358
950
1489
7932
-6716
-18696
10299
-11652
-7824
10552
-7776
6397
-32767
10843
25387
-25247
11511
23398
-11941
-89
-27792
4059
-7365
6357
-2004
-8542
-5485
-15345
274
32105
-3036
2760
-26327
7447
-12439
3743
-9407
2614
-1963
-3151
-13518
3199
648
-7151
5704
-12405
5104
14317
-2253
8448
-4785
-437
-25034
21994
4258
-9022
-5118
-14980
-10967
20910
6522
12673
-4264
8606
357
947
1489
7935
-6722
-18697
10294
-11655
-7823
10550
-7776
6398
-32767
10842
25380
-25245
11510
23395
-11941
-94
-27786
4054
-7366
6353
-2005
-8540
-5483
-15343
277
32099
-3038
2761
-26321
7446
-12432
3745
-9406
2611
-1962
-3152
-13515
3199
648
-7148
5697
-12405
5101
14316
-2253
8447
-4786
-436
-25030
21995
4257
-9018
-5124
-14976
-10965
20908
6524
12667
-4265
8606
357
947
1488
7937
-6723
-18699
10299
-11648
-7822
10550
-7777
6398
-32767
10842
25380
-25246
11512
23395
-11940
-89
-27787
4055
-7367
6354
-2000
-8541
-5484
-15339
275
32099
-3035
2760
-26324
7447
-12435
3748
-9406
2613
-1964
-3151
-13516
3198
648
-7151
5698
-12406
5103
14319
-2257
8443
-4784
-437
-25034
21995
4258
-9018
-5120
-14981
-10967
20908
6524
12673
-4263
8606
361
945
1490
7937
-6717
-18701
10287
-11650
-7823
10550
-7777
6399
-32767
10840
25380
-25251
11507
23394
-11941
-93
-27789
4055
-7365
6359
-2003
-8540
-5488
-15340
275
32097
-3035
2760
-26317
7446
-12433
3745
-9409
2611
-1965
-3150
-13512
3195
649
-7150
5697
-12408
5105
14318
-2252
8447
-4784
-434
-25032
21996
4258
-9019
-5119
-14979
-10966
20909
6522
12668
-4264
8606
356
952
1487
7937
-6721
-18698
10299
-11648
-7821
10551
-7773
6397
-32767
10844
25381
-25243
11512
23394
-11942
-85
-27786
4056
-7370
6352
-2004
-8540
-5483
-15346
278
32100
-3036
2760
-26324
7446
-12433
3745
-9410
2614
-1963
-3151
-13515
3200
649
-7152
5699
-12409
5103
14317
-2257
8443
-4784
-438
-25032
21993
4257
-9019
-5119
-14975
-10965
20907
6526
12667
-4264
8606
358
947
1489
7939
-6722
-18702
10299
-11647
-7822
10550
-7778
6397
-32767
10843
25379
-25250
11510
23395
-11942
-87
-27789
4058
-7365
6356
-1998
-8541
-5484
-15338
272
32099
-3035
2758
-26327
7446
-12434
3746
-9405
2613
-1962
-3148
-13518
3196
649
-7151
5700
-12407
5104
14319
-2256
8445
-4782
-436
-25029
21994
4258
-9018
-5111
-14984
-10967
20908
6523
12668
-4268
8606
356
952
1490
7932
-6720
-18692
10301
-11652
-7823
10551
-7775
6396
-32767
10841
25383
-25243
11510
23394
-11941
-90
-27788
4053
-7366
6352
-2001
-8539
-5486
-15346
276
32100
-3037
2760
-26318
7446
-12436
3744
-9410
2615
-1964
-3149
-13514
3198
649
-7151
5700
-12402
5104
14319
-2253
8447
-4786
-437
-25030
21992
4258
-9017
-5117
-14975
-10964
20903
6527
12673
-4261
8605
359
947
1486
7930
-6716
-18696
10293
-11649
-7823
10550
-7777
6397
-32767
10841
25378
-25249
11507
23392
-11943
-91
-27787
4051
-7365
6357
-2002
-8540
-5487
-15345
270
32099
-3034
2759
-26315
7444
-12429
3743
-9410
2613
-1961
-3152
-13512
3198
650
-7149
5697
-12401
5104
14317
-2253
8447
-4785
-435
-25027
21993
4260
-9017
-5115
-14981
-10966
20908
6521
12669
-4268
8606
357
951
1489
7936
-6724
-18697
10300
-11649
-7822
10550
-7776
6397
-32767
10842
25381
-25243
11511
23392
-11940
-88
-27789
4054
-7367
6354
-2002
-8540
-5484
-15341
277
32099
-3037
2760
-26324
7446
-12432
3748
-9408
2613
-1964
-3149
-13516
3199
651
-7151
5698
-12404
5104
14319
-2256
8444
-4782
-437
-25028
21992
4257
-9016
-5120
-14978
-10967
20907
6523
12670
-4262
8606
358
948
1490
7938
-6722
-18698
10297
-11649
-7824
10551
-7776
6396
-32767
10843
25382
-25249
11511
23395
-11941
-88
-27789
4058
-7365
6355
-2000
-8541
-5485
-15341
273
32100
-3036
2760
-26320
7446
-12437
3743
-9410
2614
-1965
-3150
-13515
3194
649
-7152
5700
-12410
5103
14319
-2255
8446
-4785
-437
-25031
21994
4260
-9019
-5119
-14979
-10967
20908
6522
12670
-4264
8606
354
951
1486
7934
-6717
-18694
10296
-11648
-7824
10551
-7774
6397
-32767
10842
25386
-25241
11511
23392
-11942
-88
-27790
4052
-7369
6353
-2000
-8540
-5485
-15349
273
32102
-3038
2759
-26317
7447
-12435
3742
-9411
2613
-1962
-3152
-13514
3197
649
-7152
5699
-12404
5102
14319
-2254
8445
-4785
-436
-25028
21992
4258
-9014
-5115
-14975
-10966
20907
6522
12669
-4266
8607
355
952
1487
7932
-6717
-18694
10302
-11650
-7823
10551
-7777
6396
-32767
10840
25384
-25244
11511
23395
-11941
-90
-27787
4055
-7364
6353
-2003
-8539
-5484
-15347
272
32101
-3037
2759
-26323
7448
-12435
3743
-9408
2614
-1962
-3152
-13514
3198
649
-7150
5703
-12403
5102
14317
-2253
8447
-4786
-437
-25029
21993
4257
-9018
-5115
-14978
-10967
20908
6526
12673
-4263
8605
358
947
1488
7931
-6717
-18698
10290
-11650
-7822
10551
-7775
6398
-32767
10841
25382
-25249
11510
23395
-11942
-91
-27789
4053
-7366
6359
-2003
-8540
-5487
-15345
274
32102
-3034
2759
-26316
7446
-12434
3745
-9411
2611
-1963
-3151
-13512
3198
649
-7150
5700
-12406
5104
14318
-2253
8447
-4785
-434
-25033
21994
4256
-9020
-5119
-14979
-10966
20906
6527
12668
-4266
8606
357
945
1489
7936
-6720
-18698
10296
-11652
-7824
10550
-7778
6398
-32767
10840
25381
-25249
11510
23393
-11941
-93
-27790
4054
-7363
6356
-2002
-8540
-5485
-15338
272
32101
-3034
2760
-26325
7445
-12434
3746
-9406
2613
-1963
-3149
-13514
3199
648
-7150
5699
-12405
5104
14318
-2254
8447
-4784
-436
-25031
21995
4258
-9020
-5116
-14980
-10966
20908
6525
12668
-4270
8607
354
954
1489
7933
-6722
-18694
10304
-11652
-7823
10552
-7776
6397
-32767
10842
25386
-25245
11512
23395
-11942
-89
-27789
4055
-7365
6351
-2005
-8540
-5486
-15347
274
32104
-3039
2761
-26325
7447
-12437
3745
-9408
2616
-1962
-3149
-13515
3201
648
-7152
5699
-12400
5104
14321
-2256
8448
-4785
-439
-25033
21995
4260
-9015
-5119
-14979
-10967
20910
6523
12671
-4269
8607
358
951
1490
7937
-6722
-18695
10302
-11651
-7823
10551
-7777
6397
-32767
10842
25385
-25247
11511
23394
-11941
-88
-27790
4057
-7366
6354
-2002
-8541
-5485
-15342
277
32103
-3038
2761
-26326
7447
-12436
3746
-9409
2614
-1965
-3149
-13515
3201
650
-7152
5699
-12406
5104
14320
-2256
8445
-4783
-439
-25033
21995
4258
-9018
-5121
-14980
-10967
20906
6525
12670
-4269
8607
359
952
1491
7933
-6721
-18694
10299
-11653
-7822
10552
-7777
6396
-32767
10842
25386
-25246
11512
23396
-11941
-90
-27788
4055
-7365
6353
-2002
-8541
-5487
-15342
276
32103
-3037
2760
-26323
7446
-12439
3746
-9408
2614
-1967
-3149
-13511
3198
648
-7152
5701
-12404
5105
14320
-2254
8449
-4785
-437
-25034
21996
4259
-9016
-5120
-14978
-10968
20907
6523
12676
-4272
8607
355
953
1490
7933
-6719
-18691
10305
-11657
-7825
10551
-7779
6397
-32767
10842
25387
-25245
11512
23397
-11942
-91
-27792
4054
-7365
6356
-2001
-8540
-5488
-15344
273
32104
-3039
2760
-26325
7447
-12440
3744
-9410
2613
-1965
-3148
-13517
3199
649
-7153
5703
-12399
5105
14319
-2252
8450
-4785
-435
-25031
21994
4256
-9018
-5114
-14977
-10965
20906
6525
12666
-4267
8605
359
945
1491
7938
-6720
-18697
10298
-11651
-7821
10548
-7777
6397
-32767
10841
25377
-25247
11508
23393
-11940
-96
-27787
4056
-7362
6356
-2001
-8539
-5485
-15339
275
32097
-3036
2758
-26320
7446
-12434
3745
-9408
2615
-1966
-3149
-13515
3195
649
-7149
5697
-12405
5104
14318
-2253
8447
-4783
-435
-25031
21993
4257
-9015
-5119
-14979
-10967
20904
6528
12670
-4264
8606
358
946
1489
7933
-6715
-18698
10291
-11652
-7824
10551
-7779
6399
-32767
10840
25382
-25253
11507
23393
-11942
-93
-27790
4052
-7360
6357
-2002
-8540
-5487
-15342
269
32101
-3035
2760
-26319
7447
-12434
3744
-9414
2613
-1962
-3151
-13513
3197
650
-7150
5698
-12405
5105
14318
-2253
8450
-4785
-434
-25030
21993
4259
-9018
-5115
-14981
-10965
20905
6526
12664
-4268
8607
356
948
1488
7935
-6714
-18698
10303
-11650
-7824
10550
-7779
6396
-32767
10842
25382
-25245
11510
23394
-11940
-93
-27790
4058
-7366
6356
-2004
-8540
-5483
-15339
274
32101
-3038
2758
-26327
7447
-12436
3744
-9403
2612
-1962
-3153
-13516
3198
648
-7150
5703
-12400
5103
14317
-2254
8445
-4784
-438
-25030
21994
4260
-9019
-5116
-14979
-10967
20904
6530
12672
-4263
8607
360
944
1490
7937
-6714
-18697
10294
-11652
-7824
10552
-7779
6397
-32767
10841
25384
-25253
11510
23397
-11942
-93
-27790
4060
-7362
6360
-2005
-8541
-5485
-15337
268
32102
-3037
2760
-26325
7446
-12437
3742
-9408
2614
-1964
-3151
-13515
3196
648
-7149
5701
-12407
5105
14317
-2253
8448
-4784
-436
-25032
21996
4260
-9018
-5115
-14982
-10964
20908
6528
12671
-4268
8607
358
945
1486
7936
-6717
-18701
10294
-11647
-7824
10550
-7778
6398
-32767
10842
25379
-25249
11509
23394
-11941
-91
-27790
4057
-7369
6355
-2001
-8542
-5484
-15335
276
32100
-3036
2758
-26332
7447
-12434
3749
-9397
2612
-1961
-3150
-13519
3199
648
-7151
5698
-12407
5103
14317
-2256
8443
-4783
-437
-25030
21997
4257
-9018
-5113
-14981
-10590
19833
9371
7183
-1431
8961
-3284
4664
128
10612
-6012
-19753
14218
-14751
-8861
10568
-8710
6589
-24973
9023
27058
-22528
12784
25686
-13692
426
-28756
3307
-434
1605
-877
-9475
-8287
-13687
-2645
30939
-2604
1786
-32767
6389
-17483
358
-4697
4620
-1283
-1839
-15420
137
-1941
-6694
1146
-16418
5642
10795
-1517
5506
-2636
-2064
-28745
17658
897
-7656
-6517
-17415
-10966
20906
6525
12672
-4263
8606
360
948
1486
7932
-6716
-18699
10294
-11649
-7822
10551
-7775
6398
-32767
10842
25381
-25249
11510
23394
-11940
-87
-27788
4055
-7367
6357
-2005
-8540
-5484
-15342
272
32099
-3034
2760
-26324
7446
-12433
3744
-9405
2612
-1962
-3151
-13516
3198
649
-7150
5700
-12405
5105
14316
-2255
8446
-4785
-437
-25033
21994
4258
-9019
-5116
-14980
-10967
20910
6524
12670
-4268
8607
358
949
1488
7937
-6718
-18699
10299
-11650
-7824
10552
-7776
6397
-32767
10843
25386
-25246
11513
23396
-11941
-86
-27790
4059
-7369
6355
-2002
-8541
-5484
-15338
276
32103
-3037
2759
-26328
7447
-12437
3746
-9406
2612
-1964
-3152
-13517
3199
648
-7151
5701
-12406
5103
14317
-2253
8445
-4784
-437
-25032
21994
4258
-9021
-5116
-14977
-10967
20911
6523
12671
-4263
8607
353
953
1491
7932
-6723
-18695
10304
-11652
-7823
10552
-7778
6398
-32767
10844
25385
-25245
11514
23399
-11941
-86
-27788
4057
-7362
6353
-2001
-8541
-5484
-15349
271
32105
-3035
2762
-26324
7446
-12441
3744
-9417
2617
-1964
-3150
-13516
3200
648
-7152
5703
-12405
5105
14320
-2256
8451
-4784
-438
-25036
21994
4258
-9023
-5120
-14979
-10966
20908
6525
12672
-4267
8607
360
948
1488
7936
-6721
-18700
10297
-11652
-7823
10551
-7778
6399
-32767
10842
25382
-25249
11510
23396
-11941
-93
-27791
4054
-7368
6353
-1998
-8542
-5486
-15341
274
32102
-3036
2760
-26328
7446
-12434
3750
-9403
2613
-1962
-3148
-13517
3198
647
-7152
5699
-12407
5104
14319
-2256
8446
-4784
-436
-25035
21999
4256
-9017
-5118
-14983
-10968
20910
6521
12677
-4267
8607
355
957
1491
7933
-6728
-18691
10304
-11656
-7824
10553
-7777
6396
-32767
10844
25389
-25247
11513
23398
-11943
-87
-27791
4053
-7366
6354
-2000
-8541
-5484
-15349
274
32105
-3039
2760
-26321
7448
-12441
3745
-9412
2615
-1965
-3149
-13516
3201
649
-7153
5699
-12401
5103
14322
-2255
8450
-4786
-438
-25035
21995
4259
-9016
-5121
-14979
-10968
20910
6525
12674
-4266
8606
357
947
1489
7930
-6716
-18696
10295
-11652
-7824
10551
-7774
6398
-32767
10843
25384
-25248
11511
23397
-11941
-93
-27790
4054
-7368
6356
-2003
-8540
-5486
-15341
275
32105
-3035
2760
-26321
7447
-12438
3744
-9409
2612
-1962
-3151
-13515
3196
646
-7149
5703
-12404
5103
14315
-2250
8448
-4785
-435
-25033
21994
4258
-9021
-5114
-14978
-10967
20911
6522
12668
-4267
8607
353
951
1486
7932
-6721
-18701
10306
-11648
-7822
10551
-7775
6397
-32767
10844
25381
-25246
11512
23395
-11943
-87
-27790
4054
-7365
6355
-1999
-8541
-5484
-15343
272
32103
-3037
2759
-26329
7447
-12435
3744
-9410
2612
-1961
-3151
-13518
3199
650
-7151
5702
-12401
5103
14317
-2257
8447
-4783
-436
-25031
21993
4257
-9019
-5114
-14981
-10968
20907
6530
12677
-4260
8608
361
951
1491
7935
-6722
-18695
10294
-11652
-7824
10552
-7778
6397
-32767
10843
25387
-25254
11511
23400
-11943
-87
-27790
4056
-7360
6358
-2003
-8542
-5489
-15344
266
32105
-3034
2760
-26319
7447
-12443
3742
-9413
2617
-1965
-3149
-13512
3197
647
-7150
5703
-12407
5106
14323
-2254
8452
-4785
-436
-25037
21997
4263
-9018
-5116
-14984
-10967
20906
6525
12670
-4266
8607
356
951
1489
7933
-6721
-18699
10300
-11652
-7822
10552
-7778
6398
-32767
10844
25381
-25252
11512
23396
-11943
-89
-27790
4054
-7364
6356
-2004
-8541
-5487
-15340
271
32103
-3035
2759
-26330
7446
-12435
3747
-9407
2613
-1962
-3148
-13516
3199
650
-7151
5699
-12405
5105
14318
-2256
8449
-4783
-437
-25032
21996
4258
-9019
-5112
-14983
-10967
20910
6523
12671
-4265
8606
358
947
1488
7935
-6717
-18698
10299
-11652
-7824
10552
-7777
6398
-32767
10841
25383
-25247
11509
23397
-11941
-91
-27789
4056
-7365
6355
-2000
-8541
-5484
-15341
273
32101
-3036
2760
-26326
7447
-12435
3744
-9406
2612
-1963
-3151
-13516
3198
648
-7151
5701
-12407
5103
14315
-2253
8446
-4785
-436
-25031
21993
4256
-9022
-5118
-14979
-10966
20910
6520
12671
-4265
8606
356
948
1488
7934
-6719
-18695
10298
-11652
-7823
10551
-7776
6398
-32767
10840
25382
-25243
11508
23394
-11942
-90
-27788
4052
-7363
6355
-2002
-8540
-5485
-15346
273
32101
-3037
2760
-26320
7446
-12432
3744
-9410
2612
-1962
-3151
-13514
3198
651
-7150
5700
-12403
5102
14316
-2253
8447
-4786
-437
-25029
21993
4257
-9021
-5120
-14979
-10966
20911
6524
12672
-4263
8607
359
944
1490
7938
-6721
-18697
10293
-11650
-7823
10552
-7775
6399
-32767
10841
25382
-25249
11509
23394
-11941
-91
-27787
4059
-7361
6353
-2003
-8541
-5483
-15339
272
32100
-3037
2760
-26326
7445
-12431
3746
-9404
2612
-1961
-3151
-13516
3196
648
-7149
5697
-12409
5103
14314
-2253
8446
-4783
-438
-25032
21993
4258
-9022
-5122
-14981
-10964
20903
6530
12667
-4264
8606
358
945
1490
7931
-6717
-18699
10297
-11650
-7821
10550
-7779
6397
-32767
10840
25379
-25252
11508
23393
-11941
-91
-27787
4055
-7359
6357
-2001
-8541
-5485
-15338
266
32099
-3034
2758
-26324
7445
-12435
3743
-9408
2614
-1963
-3148
-13513
3195
648
-7149
5702
-12403
5105
14317
-2253
8449
-4784
-435
-25030
21993
4259
-9017
-5110
-14983
-10967
20908
6524
12668
-4271
8606
355
952
1491
7931
-6721
-18692
10302
-11657
-7822
10551
-7776
6397
-32767
10842
25384
-25244
11510
23393
-11942
-94
-27789
4052
-7364
6350
-2000
-8540
-5486
-15349
277
32102
-3038
2761
-26319
7445
-12436
3746
-9410
2614
-1964
-3149
-13511
3199
649
-7152
5700
-12400
5105
14320
-2253
8447
-4785
-436
-25031
21995
4258
-9016
-5120
-14978
-10966
20907
6526
12670
-4262
8607
359
947
1490
7934
-6722
-18702
10291
-11648
-7822
10551
-7775
6397
-32767
10843
25379
-25253
11510
23396
-11942
-90
-27787
4055
-7364
6357
-2003
-8541
-5487
-15342
271
32100
-3032
2759
-26321
7447
-12434
3744
-9412
2615
-1963
-3149
-13514
3197
650
-7151
5696
-12405
5105
14322
-2256
8449
-4784
-436
-25032
21996
4260
-9013
-5117
-14983
-10969
20911
6528
12676
-4271
8607
358
948
1489
7934
-6713
-18696
10294
-11656
-7825
10552
-7779
6398
-32767
10842
25387
-25252
11511
23396
-11943
-93
-27796
4055
-7370
6357
-2007
-8541
-5485
-15339
278
32109
-3037
2759
-26332
7446
-12438
3750
-9403
2611
-1963
-3149
-13518
3202
649
-7150
5702
-12403
5105
14316
-2251
8447
-4784
-435
-25034
21997
4257
-9025
-5113
-14980
-10966
20905
6528
12669
-4270
8607
358
949
1490
7932
-6717
-18695
10300
-11655
-7825
10551
-7779
6397
-32767
10841
25384
-25252
11511
23396
-11942
-94
-27792
4054
-7364
6356
-2003
-8541
-5487
-15342
272
32102
-3039
2759
-26323
7447
-12437
3746
-9409
2612
-1965
-3151
-13513
3199
649
-7152
5700
-12401
5105
14322
-2254
8449
-4785
-434
-25030
21997
4259
-9016
-5115
-14981
-10968
20909
6524
12669
-4270
8606
358
950
1490
7937
-6718
-18694
10293
-11651
-7822
10551
-7776
6398
-32767
10840
25384
-25247
11510
23394
-11941
-93
-27790
4055
-7367
6353
-2001
-8540
-5485
-15341
279
32100
-3038
2761
-26321
7445
-12435
3747
-9410
2610
-1964
-3151
-13510
3199
651
-7152
5696
-12406
5103
14320
-2254
8444
-4783
-438
-25030
21995
4256
-9016
-5123
-14976
-10966
20910
6523
12671
-4265
8606
355
951
1489
7932
-6722
-18695
10296
-11650
-7822
10552
-7775
6398
-32767
10841
25384
-25245
11510
23395
-11942
-90
-27787
4052
-7364
6352
-2002
-8540
-5487
-15346
273
32102
-3039
2760
-26319
7445
-12434
3745
-9413
2613
-1963
-3149
-13511
3199
648
-7151
5699
-12405
5103
14320
-2254
8448
-4784
-435
-25031
21993
4258
-9016
-5119
-14979
-10965
20906
6525
12666
-4262
8606
359
949
1489
7936
-6723
-18698
10296
-11649
-7820
10550
-7775
6396
-32767
10842
25377
-25247
11511
23394
-11942
-89
-27787
4053
-7366
6354
-2003
-8540
-5486
-15345
276
32098
-3034
2760
-26321
7446
-12433
3747
-9412
2615
-1963
-3149
-13514
3198
650
-7152
5696
-12405
5104
14320
-2256
8446
-4784
-436
-25031
21996
4259
-9015
-5118
-14979
-10966
20905
6527
12670
-4269
8605
360
943
1491
7938
-6717
-18700
10288
-11650
-7823
10549
-7778
6398
-32767
10839
25379
-25252
11508
23393
-11940
-94
-27790
4056
-7364
6358
-1999
-8540
-5487
-15337
275
32100
-3036
2759
-26319
7446
-12435
3745
-9408
2612
-1967
-3150
-13513
3196
648
-7151
5697
-12408
5104
14318
-2251
8447
-4784
-433
-25031
21994
4256
-9018
-5115
-14979
-10966
20908
6525
12666
-4267
8607
355
952
1489
7932
-6721
-18696
10303
-11650
-7822
10552
-7777
6397
-32767
10843
25385
-25248
11513
23396
-11942
-87
-27788
4055
-7367
6353
-2004
-8542
-5486
-15342
273
32104
-3038
2760
-26325
7446
-12436
3746
-9409
2613
-1963
-3151
-13513
3201
649
-7153
5700
-12405
5104
14319
-2255
8447
-4784
-438
-25034
21995
4258
-9017
-5119
-14981
-10967
20912
6523
12667
-4263
8605
357
949
1490
7935
-6721
-18697
10294
-11652
-7822
10551
-7775
6398
-32767
10841
25383
-25244
11510
23394
-11942
-92
-27788
4053
-7363
6354
-2000
-8540
-5485
-15346
276
32101
-3035
2760
-26317
7447
-12435
3744
-9413
2613
-1964
-3151
-13513
3196
648
-7149
5698
-12405
5103
14320
-2253
8446
-4786
-436
-25031
21994
4258
-9020
-5122
-14977
-10965
20904
6527
12669
-4265
8607
359
949
1489
7935
-6718
-18697
10299
-11648
-7823
10551
-7778
6397
-32767
10842
25382
-25249
11510
23396
-11941
-92
-27787
4055
-7362
6356
-2004
-8541
-5486
-15340
267
32099
-3037
2759
-26323
7447
-12435
3743
-9405
2615
-1962
-3150
-13515
3198
648
-7150
5701
-12402
5104
14319
-2256
8448
-4785
-437
-25033
21994
4260
-9016
-5114
-14982
-10966
20908
6526
12664
-4262
8607
357
947
1488
7935
-6722
-18705
10297
-11648
-7820
10551
-7776
6399
-32767
10844
25377
-25251
11512
23396
-11943
-90
-27787
4055
-7367
6352
-1999
-8542
-5484
-15339
275
32101
-3035
2759
-26331
7447
-12434
3748
-9407
2615
-1960
-3150
-13518
3199
649
-7151
5696
-12411
5104
14318
-2258
8445
-4783
-439
-25034
21997
4260
-9017
-5115
-14983
-10966
20907
6523
12666
-4265
8606
358
946
1490
7937
-6723
-18699
10298
-11648
-7821
10549
-7780
6397
-32767
10842
25379
-25248
11511
23395
-11941
-89
-27787
4057
-7363
6357
-1999
-8541
-5484
-15340
274
32097
-3035
2758
-26324
7446
-12434
3747
-9410
2614
-1965
-3149
-13516
3197
649
-7151
5699
-12407
5103
14320
-2256
8446
-4783
-436
-25031
21994
4258
-9018
-5117
-14983
-10965
20906
6523
12665
-4267
8606
357
949
1489
7937
-6718
-18696
10304
-11647
-7823
10550
-7777
6397
-32767
10842
25381
-25242
11511
23392
-11939
-91
-27788
4058
-7365
6353
-2000
-8540
-5483
-15340
273
32097
-3037
2760
-26324
7446
-12435
3743
-9403
2613
-1963
-3150
-13517
3196
648
-7151
5703
-12403
5103
14316
-2254
8444
-4784
-437
-25030
21993
4257
-9019
-5116
-14979
-10985
21131
6506
12545
-4008
8800
146
1183
1392
8144
-7169
-19297
10779
-11981
-8093
10783
-8155
6659
-32767
11169
25894
-25986
11781
23761
-12040
58
-28229
4168
-7265
6093
-1946
-8764
-5723
-15908
23
32439
-3066
2833
-27431
7769
-12904
3592
-9258
2781
-1713
-3012
-14064
3395
620
-7290
5455
-12814
5236
14588
-2342
8460
-4755
-331
-25628
21963
4069
-9030
-5245
-15396
-10966
20904
6525
12664
-4268
8605
356
946
1490
7939
-6722
-18696
10298
-11647
-7822
10549
-7778
6396
-32767
10841
25377
-25247
11510
23393
-11940
-91
-27787
4056
-7363
6355
-2001
-8540
-5484
-15337
274
32098
-3036
2759
-26324
7447
-12433
3746
-9406
2614
-1965
-3150
-13517
3197
649
-7151
5698
-12405
5103
14319
-2254
8446
-4783
-436
-25027
21991
4257
-9015
-5114
-14978
-11052
21177
6634
12644
-4043
8787
176
1253
1415
8443
-6927
-19267
10777
-11935
-8137
10774
-8061
6450
-32767
10969
26101
-25819
11685
23872
-12379
75
-28445
4172
-7169
6094
-1917
-8845
-5842
-16086
-19
32524
-3013
2817
-27463
7683
-13003
3522
-9116
2844
-1710
-2987
-14059
3137
671
-7442
5476
-12897
5340
14651
-2324
8457
-4729
-526
-25781
22085
4101
-9137
-5105
-15474
-10965
20904
6526
12671
-4264
8607
360
944
1487
7937
-6715
-18701
10292
-11649
-7823
10550
-7778
6399
-32767
10840
25378
-25252
11506
23392
-11940
-92
-27787
4056
-7362
6357
-2003
-8540
-5484
-15335
271
32096
-3037
2759
-26326
7445
-12429
3744
-9401
2610
-1959
-3151
-13517
3196
649
-7149
5698
-12405
5103
14314
-2253
8446
-4784
-436
-25028
21993
4257
-9019
-5114
-14982
-10966
20905
6525
12672
-4263
8606
360
947
1488
7935
-6718
-18698
10293
-11648
-7822
10550
-7777
6399
-32767
10840
25378
-25249
11508
23393
-11940
-92
-27785
4055
-7362
6356
-2002
-8540
-5486
-15340
270
32097
-3037
2760
-26320
7446
-12432
3741
-9406
2613
-1963
-3150
-13514
3194
647
-7151
5699
-12409
5103
14317
-2254
8448
-4785
-436
-25032
21993
4258
-9015
-5118
-14979
-8055
17060
7402
2273
2
6344
-6349
3484
-2178
6155
-1242
-19312
5931
-7792
-10092
9668
-4769
3033
-17220
5171
18697
-20673
9270
21815
-12899
8349
-26409
3885
426
-621
-4553
-5972
-11088
-11680
-7319
32767
-3105
490
-27362
3413
-16317
1239
-321
6277
119
-5183
-10224
-259
-4726
-5689
153
-14053
5392
5820
-5128
-502
1863
-3515
-27472
9723
-3224
-8062
-3503
-17601
-10967
20882
6786
11705
-3953
8720
-93
1517
1410
8622
-6541
-20243
10703
-11490
-7929
10766
-8203
6348
-31580
10791
25886
-25412
11949
23735
-12367
208
-28031
3990
-6736
5823
-2447
-8665
-6162
-14969
-334
32767
-3359
2738
-27744
7346
-13033
3263
-8826
3116
-1967
-3038
-13608
2900
134
-7149
4970
-13109
5352
14038
-2482
8287
-4376
-654
-26032
22114
4112
-8815
-5237
-15322
-11014
21186
6640
12477
-4019
8720
104
1109
1465
8125
-6663
-19400
10412
-11530
-7813
10682
-7681
6433
-32767
10826
25770
-25548
11661
23692
-12040
238
-28024
4084
-7326
6332
-2231
-8599
-5800
-15463
104
32672
-3191
2759
-26856
7511
-12844
3473
-9452
2777
-1969
-3184
-13605
3136
770
-7137
5507
-12618
5139
14335
-2452
8588
-4735
-597
-25525
22384
4580
-8998
-5258
-15216
-10999
21242
6490
12536
-4193
8728
187
1124
1531
8241
-6694
-19188
10307
-11696
-7936
10626
-7743
6481
-32767
10828
25688
-25448
11510
23503
-11968
197
-27943
4049
-7249
6418
-2184
-8586
-5583
-15567
230
32399
-3286
2798
-26525
7479
-12724
3642
-9638
2725
-2037
-3188
-13572
3099
636
-7126
5551
-12564
5178
14419
-2493
8458
-4701
-480
-25386
22157
4419
-8978
-5289
-15127
-10827
21110
6516
12170
-4194
8650
35
979
1527
8136
-6700
-19024
10040
-11371
-7779
10526
-7509
6170
-32767
10659
25508
-25152
11580
23479
-11960
362
-27724
4155
-7477
6506
-2356
-8478
-5771
-15464
357
32158
-2802
2741
-25932
7455
-12834
3901
-9598
2740
-2259
-3375
-13153
3004
456
-6969
5605
-12591
5185
14167
-2500
8377
-4801
-652
-25381
22145
4404
-8768
-5272
-14751
-11032
20764
6953
12006
-3755
8791
-124
1217
1636
8409
-6539
-19490
10578
-11886
-7978
10743
-8045
6491
-32236
10879
25804
-25221
11992
23867
-12024
-26
-27674
4152
-6695
5758
-2174
-8701
-6095
-15477
-144
32767
-2746
2814
-27588
7398
-13103
3733
-9034
2930
-2059
-3225
-13175
3140
684
-6925
4998
-13071
5394
14412
-2461
8191
-4469
-836
-25852
22273
4323
-9081
-5592
-15456
-10926
21086
6691
12520
-4189
8717
174
1082
1477
7939
-6713
-19255
10497
-11696
-7934
10661
-7838
6434
-32767
10809
25687
-25613
11573
23655
-12163
296
-28022
4095
-7321
6323
-2417
-8583
-5666
-15250
187
32522
-3181
2778
-26954
7444
-12837
3707
-9294
2715
-1954
-3160
-13724
3199
454
-7088
5560
-12472
5226
14157
-2331
8551
-4846
-563
-25460
22353
4421
-9000
-5138
-15240
-10980
21158
6766
12307
-3916
8775
-54
1246
1456
8235
-6622
-19723
10563
-11483
-8141
10766
-7665
6301
-32767
10911
25934
-25618
11795
23977
-12136
562
-27932
4510
-7197
6324
-2478
-8609
-6003
-15214
-40
32706
-3433
2794
-26904
7426
-13305
3515
-9353
2941
-2183
-3499
-13439
2959
551
-7002
5327
-12865
5244
14473
-2484
8271
-4651
-838
-25795
22546
4478
-8943
-5416
-15162
-11081
21482
6506
12148
-3973
8817
176
1255
1437
8060
-6798
-19412
10361
-11593
-7889
10816
-7583
6478
-32767
11111
25994
-25849
11842
23766
-12123
337
-28173
4135
-7216
6232
-2287
-8640
-6024
-15809
59
32665
-3297
2823
-26844
7650
-13080
3505
-9780
2932
-1896
-3370
-13695
3070
558
-7084
5427
-12737
5257
14269
-2351
8445
-4807
-588
-25809
22189
4415
-9030
-5337
-15163
-10856
21698
7136
11418
-3384
8616
-738
1713
1408
8843
-6505
-20414
11268
-11841
-8431
10723
-7863
6216
-30419
10685
25684
-24715
12387
24381
-12375
567
-28142
4028
-5948
5536
-1742
-8733
-6474
-14734
-236
32767
-3263
2400
-28089
7374
-13901
3395
-8264
3462
-2279
-2718
-13614
2099
-196
-6934
4373
-13586
5012
13255
-2355
7441
-4073
-1064
-26400
21598
3633
-8896
-5911
-15716
-11350
21479
6252
12445
-4044
8865
2
1351
1623
8447
-7020
-19686
10481
-12010
-8046
10741
-7929
6454
-32767
10870
26082
-25621
12095
24011
-12182
75
-28195
4175
-6994
5994
-1943
-8776
-5880
-15796
305
32683
-3504
2856
-26721
7460
-13111
3592
-10099
2848
-2194
-3306
-13602
3045
802
-7168
5479
-12947
5364
14359
-2484
8358
-4701
-541
-25892
22576
4303
-9143
-5682
-15061
-9939
18268
8945
4024
2271
7761
-4747
4624
814
11534
-6660
-24041
13167
-11250
-8803
10058
-6991
5526
-19775
6820
23633
-19821
15348
24438
-10890
1443
-24107
4507
-916
3415
1855
-9059
-10060
-7472
-1773
32177
-3218
978
-32767
5233
-16637
877
-4997
4820
-4409
-3970
-12711
453
498
-6101
-1688
-18098
5147
8365
-681
3724
-971
-4190
-29341
17837
3330
-6489
-7629
-16548
-10942
21452
6818
11779
-3633
8926
-270
1493
2057
8982
-6546
-20470
11147
-12149
-8480
10909
-8039
6362
-32767
11504
26138
-25477
12099
24604
-12428
98
-28490
4132
-6612
5558
-2102
-9139
-6378
-16124
-317
32417
-3215
2551
-28056
7404
-13810
3221
-9313
3078
-2166
-3153
-13780
2499
411
-7088
4391
-13403
5477
13992
-2313
8146
-4361
-1010
-26603
22771
4045
-8409
-5580
-16010
-11108
21037
6850
12507
-4283
8761
66
1019
1578
8272
-6815
-19519
10664
-11749
-8261
10827
-8070
6459
-32767
11250
25989
-25918
11887
24029
-12443
-17
-28381
4252
-7125
6286
-2145
-8783
-5896
-15707
25
32678
-3000
2657
-27459
7541
-13023
3455
-9170
2909
-1893
-3258
-13742
3011
494
-7142
5356
-12749
5337
14376
-2387
8347
-4678
-637
-25813
22248
4006
-8983
-5100
-15579
-11099
21495
6738
12178
-3752
8926
9
1538
1462
8253
-7325
-20136
10932
-12100
-7902
10808
-7662
6475
-32429
11105
26287
-25934
11972
24149
-12293
547
-28450
4197
-6764
5865
-2476
-8776
-6137
-15589
1
32767
-3184
2796
-27856
7439
-13476
3194
-9650
3082
-2047
-2856
-13875
2944
547
-7124
5061
-13234
5484
14371
-2373
8448
-4578
-503
-26198
22345
4639
-9264
-5323
-15768
-10790
21066
6796
12365
-4050
8787
203
867
1547
8180
-6628
-19468
10165
-11735
-8018
10664
-7659
6331
-32767
10717
25741
-25338
11518
23774
-12072
296
-27792
4263
-6864
6318
-2319
-8558
-5821
-15390
23
32494
-3032
2737
-26680
7421
-12952
3675
-9568
2912
-2314
-3553
-13319
2875
269
-6920
5117
-12887
5021
14219
-2140
8270
-4721
-756
-25527
22588
4529
-8801
-5500
-14892
-11092
21353
6550
12765
-4063
8789
73
1210
1340
8358
-6969
-19007
10798
-11971
-8115
10783
-8366
6445
-32767
10952
25867
-25500
11946
24084
-12320
-114
-28562
4036
-7186
6185
-1830
-8776
-5731
-16052
37
32384
-3026
2701
-27147
7558
-12826
3657
-9512
2822
-1717
-3063
-13740
3000
762
-7634
5422
-12968
5023
14676
-2209
8420
-4672
-604
-25762
22302
3899
-9199
-5447
-15380
-10984
21135
6871
12400
-4062
8780
182
1154
1453
8218
-6910
-19597
10517
-11860
-8116
10787
-8070
6501
-32767
11049
25707
-25513
11608
23839
-12220
256
-28349
4123
-7265
6129
-1983
-8740
-5750
-15520
55
32451
-3062
2704
-27086
7461
-12865
3767
-9053
2903
-1908
-3171
-13826
3193
487
-7141
5285
-12861
5155
14116
-2130
8392
-4654
-669
-25628
22357
4320
-8961
-5191
-15374
-11359
21467
6651
11723
-3035
8787
-428
1585
1292
8731
-6913
-20322
10938
-12321
-8133
10870
-8204
6410
-31277
11027
26182
-25980
12331
24353
-12245
441
-27973
4350
-6027
5718
-1805
-9075
-6413
-15992
-296
32767
-2737
2754
-28302
7464
-14059
3443
-9969
3149
-1719
-2645
-13936
2374
458
-7019
4900
-13732
5513
14063
-1889
8265
-4355
-953
-26459
21849
3825
-9002
-5856
-15651
-10897
22198
6541
12074
-3733
8729
251
1288
1384
8017
-6589
-19419
9712
-11887
-7876
10726
-7806
6175
-32025
11108
25856
-25148
11142
23815
-11960
537
-27930
4022
-6452
6133
-2221
-8539
-6004
-16508
190
32767
-3051
2801
-27215
7768
-12935
3428
-9682
2810
-2278
-3608
-12883
2285
-73
-7142
5423
-13103
5344
13918
-2656
7944
-4211
-556
-26212
21842
4088
-8906
-5903
-15194
-10726
21432
6597
11844
-3895
8810
-459
1457
1646
8902
-6926
-20647
10851
-12099
-7974
10860
-8115
6237
-32091
11054
25921
-25004
12086
24215
-12294
468
-28116
4448
-6549
5862
-2123
-8750
-6344
-15722
-257
32767
-3117
2711
-27808
7639
-13412
3214
-8893
3362
-1968
-3088
-13168
2845
505
-7600
4835
-13453
5284
14250
-2350
8289
-4413
-799
-26287
22109
4028
-9466
-5319
-15600
-11458
21261
6869
11570
-2937
8879
-976
1879
1163
8870
-7259
-20646
11844
-12303
-8605
11050
-8432
6417
-31184
10865
26364
-26153
12905
24802
-13076
608
-29010
4176
-5646
5891
-1833
-9072
-6337
-16207
-811
32767
-2888
2542
-29112
7556
-14498
3195
-9187
3376
-1218
-3132
-14305
2153
-293
-7397
4713
-13875
5014
13732
-2182
8157
-4462
-1166
-26830
22464
3339
-9248
-5791
-16011
-10916
21264
6875
12148
-4019
8819
-20
1144
1485
8561
-6759
-20159
10630
-11879
-8155
10833
-7959
6504
-32510
10976
26015
-25700
11851
23962
-12314
458
-28480
4185
-6955
6233
-2048
-8823
-5955
-15692
-27
32767
-3022
2756
-27567
7571
-13401
3383
-9239
3068
-1976
-3153
-13823
3150
677
-7158
5191
-13173
5187
14152
-2237
8474
-4647
-531
-25898
22317
4212
-9076
-5134
-15344
-10967
20910
6523
12673
-4264
8605
357
949
1490
7937
-6726
-18697
10297
-11652
-7823
10551
-7776
6397
-32767
10842
25382
-25247
11510
23396
-11942
-87
-27790
4054
-7364
6355
-1998
-8541
-5486
-15345
273
32101
-3036
2760
-26319
7446
-12435
3744
-9412
2615
-1964
-3149
-13517
3198
651
-7153
5699
-12407
5104
14320
-2255
8448
-4784
-436
-25031
21994
4257
-9019
-5119
-14979
-10876
21084
6499
12524
-4118
8698
311
994
1649
8144
-6923
-18946
10311
-11492
-7776
10653
-7755
6326
-32767
11044
25609
-25446
11625
23630
-11984
225
-27879
4215
-7396
6313
-2362
-8582
-5720
-15317
287
32379
-3052
2750
-26571
7533
-12703
3656
-9425
2872
-1936
-3280
-13405
3147
594
-7079
5589
-12607
5251
14247
-2521
8494
-4745
-576
-25507
22258
4538
-8927
-5352
-15236
-11346
21503
6527
12232
-4191
8750
-151
1217
1450
8522
-7079
-20001
10741
-11902
-8052
10880
-7932
6458
-32312
11170
25955
-25485
12069
24234
-12203
614
-28288
4367
-6773
5816
-2237
-8622
-6174
-15176
-246
32767
-3476
2646
-27689
7339
-13315
3376
-9266
3084
-2283
-3331
-13314
2744
270
-7046
5057
-13184
5365
14189
-2123
8526
-4496
-644
-25977
22466
4295
-9019
-5232
-15632
-11178
21666
6511
12520
-3770
8835
-12
1215
1436
8468
-7107
-19877
10751
-12183
-8167
10805
-8240
6433
-32767
11301
26100
-25812
12031
24254
-12249
347
-28614
4099
-7001
6017
-2028
-8810
-6035
-15998
77
32752
-3016
2785
-27465
7776
-13215
3550
-9515
2963
-1979
-3116
-13922
2900
640
-7351
5388
-13129
5468
14454
-2440
8582
-4721
-418
-26052
22386
4223
-9537
-5177
-15581
-10920
21311
6834
12209
-4095
8784
342
898
1752
8464
-6526
-19814
10200
-11743
-7829
10737
-7588
6413
-32767
10793
25849
-25686
11745
23872
-12135
465
-28221
4420
-6997
6461
-2397
-8601
-5946
-15247
88
32731
-3090
2835
-26869
7535
-13144
3484
-9587
2610
-2127
-3481
-13292
2857
695
-7142
5634
-12978
5227
14139
-2372
8393
-4710
-736
-25872
22498
4275
-8928
-5407
-15180
-11014
21598
6742
12482
-4035
8810
33
1249
1400
8188
-6688
-19664
10497
-11606
-8110
10735
-7725
6342
-32757
10938
26000
-25553
11629
23946
-12244
348
-28038
4062
-6979
6437
-2324
-8619
-5945
-15524
72
32767
-3464
2801
-26824
7462
-13178
3512
-9996
2838
-2224
-3669
-13373
2928
344
-7114
5375
-12864
5219
14423
-2394
8439
-4607
-676
-25806
22563
4621
-8905
-5567
-15340
-11113
21354
6598
12693
-3956
8842
-42
1094
1505
8294
-6767
-19419
10582
-11748
-8046
10816
-7714
6433
-32767
10996
25900
-25414
11883
23980
-12227
205
-27953
4121
-7223
6188
-2124
-8640
-5919
-15438
-1
32541
-3199
2706
-27075
7410
-13057
3471
-9652
2941
-1882
-3275
-13519
3052
493
-7242
5411
-12787
5100
14328
-2593
8402
-4605
-638
-25719
22214
4402
-9076
-5125
-15253
-10881
21307
6603
12547
-3845
8983
-411
1544
1445
8935
-6952
-20552
11006
-12959
-8786
10916
-9132
6319
-32420
11271
26276
-25377
12436
24690
-12410
-371
-28993
4178
-6400
5971
-1545
-9264
-6099
-16461
-412
32767
-3036
2692
-28274
7609
-13399
3610
-9044
3156
-1541
-2706
-14198
2379
72
-7328
4790
-13515
5254
14610
-2179
8019
-4562
-740
-26448
22342
3292
-9270
-5766
-16071
-10989
21480
6934
12413
-3823
8786
19
1443
1434
8079
-6986
-19750
10562
-12262
-8183
10944
-7850
6136
-32325
11092
26391
-25725
12035
24335
-12787
-57
-28486
4209
-6139
6155
-2672
-8926
-5898
-16351
-666
32767
-2448
2629
-28120
7763
-13777
3392
-9011
3349
-1458
-2996
-13464
2773
-114
-6908
4897
-13475
5618
14381
-2750
7926
-4480
-704
-26694
21798
3712
-9164
-5658
-15937
-11849
20855
7641
11700
-3621
8921
-825
2229
1539
9302
-6639
-20185
11698
-12073
-8927
10810
-9042
6870
-30463
10352
26063
-25041
12671
24778
-13003
-104
-29375
3654
-5454
5016
-1543
-9153
-6753
-15121
-1337
32767
-3015
2108
-29135
7130
-14136
3560
-7952
3440
-2060
-2478
-14193
2168
179
-7780
3962
-14478
4973
13578
-1838
7683
-4058
-1345
-27055
21295
3189
-8846
-5545
-16234
-11346
21885
7886
10449
-2792
8978
-1978
2985
957
9000
-6550
-20486
12221
-13035
-9011
11183
-8525
5897
-29832
10572
26790
-24492
13258
25866
-13609
-35
-29123
3835
-4421
4719
-1624
-9227
-7572
-15166
-1110
32767
-2770
2183
-30705
7474
-14778
3784
-7734
3861
-2337
-1903
-13039
1385
-225
-6782
3422
-15072
5444
12736
-2160
7102
-3300
-1918
-28301
21233
3040
-8812
-6378
-16940
-11204
21415
6913
12512
-4064
8769
-58
1049
1420
8406
-6926
-19533
10444
-11791
-8055
10684
-7978
6502
-32767
10868
25693
-25353
11653
23823
-12064
121
-28025
4252
-6858
6093
-2078
-8604
-5877
-15222
-94
32461
-3114
2771
-26889
7399
-12993
3468
-9255
2798
-2156
-3303
-13677
2879
317
-7269
5299
-12939
5234
14518
-2215
8471
-4739
-649
-25613
22252
4109
-9103
-5400
-15097
-11138
21503
6349
11399
-3136
8499
-559
1916
1483
8800
-6971
-19452
10254
-11644
-8257
10708
-8130
6182
-30576
11042
25831
-25749
11899
23608
-11697
585
-28142
4082
-5753
5837
-2308
-8665
-6272
-15168
-448
32767
-3749
2829
-27429
7587
-13740
2820
-9714
3266
-1969
-2901
-13466
2527
133
-7151
4906
-13078
5815
13562
-2716
8359
-4072
-767
-26055
21401
3762
-8658
-5397
-14773
-10900
21300
6553
12606
-3970
8692
224
974
1568
8364
-6901
-19499
10320
-11494
-7704
10659
-7862
6189
-32404
10851
25764
-25100
11412
23579
-11676
247
-27708
4239
-6978
6094
-2599
-8531
-5850
-15944
-3
32767
-2740
2813
-26617
7504
-12961
3408
-9378
3027
-1834
-3547
-12895
3107
55
-6997
5495
-13020
5290
14171
-2871
8273
-4632
-348
-25496
22122
4121
-9020
-5405
-14811
-10913
21107
6438
12406
-4083
8716
65
1056
1456
7884
-6618
-19057
10207
-11539
-7889
10628
-7632
6307
-32767
10735
25681
-25381
11468
23610
-12063
287
-27819
4030
-7295
6533
-2312
-8555
-5799
-15602
254
32441
-3142
2764
-26169
7440
-12823
3513
-9979
2791
-2186
-3463
-13333
3060
627
-7055
5497
-12571
5078
14263
-2286
8619
-4772
-489
-25357
22195
4597
-8927
-5302
-15092
-11007
21253
6530
12599
-4115
8721
133
1170
1515
8042
-6790
-19170
10365
-11661
-7848
10689
-7746
6451
-32767
10886
25793
-25610
11634
23617
-12098
193
-28032
4083
-7288
6362
-2361
-8618
-5710
-15645
221
32645
-3095
2815
-26614
7539
-12818
3640
-9660
2721
-1952
-3104
-13615
3217
693
-7122
5610
-12535
5269
14293
-2402
8533
-4734
-531
-25474
22273
4413
-9039
-5273
-15045
-11067
20954
6734
12381
-3970
8831
-19
1545
1289
8249
-6968
-19192
10856
-12358
-8325
10849
-8411
6631
-32544
11349
26049
-25608
12029
24188
-12023
-337
-28735
3957
-6860
5733
-1640
-8880
-5814
-16148
-120
32767
-2362
2733
-28049
8002
-13152
4028
-8977
3071
-1540
-3024
-13829
2923
371
-7331
5285
-13257
5269
14245
-2633
8199
-4530
-420
-26022
22248
3619
-9783
-5443
-15740
-10784
21246
7391
10928
-2753
8983
-1651
2518
1123
9005
-6939
-21344
11850
-13267
-9303
10997
-9053
6204
-29665
10737
26694
-25179
12606
25008
-12892
253
-28780
3753
-4539
4858
-1899
-9141
-6629
-15517
-956
32767
-3401
2593
-29981
7328
-15006
2948
-8089
3970
-2141
-2567
-14153
1904
-1292
-7240
3570
-14333
5600
12678
-2146
7328
-3878
-1076
-27637
21307
3089
-9224
-5934
-16290
-10958
20877
6784
12436
-4111
8718
38
1126
1337
8059
-6391
-19819
10337
-11441
-8076
10767
-7584
6319
-32389
10805
25690
-25564
11515
23732
-12188
489
-27937
4028
-7204
6098
-2300
-8526
-6045
-15500
-161
32767
-2925
2710
-26990
7366
-12860
3359
-9416
3085
-2076
-3274
-13331
2855
329
-6969
5182
-12923
5303
14086
-2189
8209
-4693
-619
-25655
22363
4289
-8746
-5082
-15416
-10956
21968
7036
12115
-4456
8824
200
669
1481
8655
-6657
-20599
10348
-12344
-8296
10647
-8337
6287
-32767
11331
26001
-25345
11807
24103
-12237
841
-28721
4245
-6704
5921
-2555
-8686
-6085
-15927
39
32483
-3213
2747
-27783
7541
-13543
3395
-8490
2885
-2346
-3771
-13863
2526
-153
-6990
4973
-13066
5475
14358
-2465
8069
-4690
-485
-26116
22368
3505
-9031
-5339
-15439
-10881
21522
6719
12322
-3882
8696
142
1253
1430
8181
-6583
-19351
10484
-11963
-8100
10710
-7871
6360
-32302
10740
25952
-25411
11634
23815
-12200
185
-28117
4055
-6955
6071
-2226
-8683
-5873
-15949
159
32767
-3131
2765
-26861
7594
-13064
3572
-9414
2872
-1906
-3311
-13601
3008
285
-6978
5340
-12742
5448
13992
-2215
8137
-4609
-465
-25690
22104
4090
-9217
-5505
-15119
-10965
20906
6525
12665
-4266
8606
355
946
1486
7935
-6717
-18699
10299
-11648
-7823
10550
-7778
6398
-32767
10841
25379
-25248
11511
23392
-11940
-92
-27789
4053
-7366
6354
-2001
-8540
-5482
-15338
272
32098
-3036
2758
-26328
7446
-12431
3747
-9402
2611
-1959
-3152
-13518
3199
648
-7150
5699
-12401
5102
14316
-2256
8444
-4785
-438
-25029
21993
4258
-9019
-5115
-14981
-11199
19880
7460
9987
-2296
8697
-2342
3315
1440
8572
-7711
-21005
12189
-12207
-9326
10906
-8475
6394
-28437
10942
25655
-24655
13016
24663
-12951
594
-28761
3390
-4106
3493
-1468
-9188
-7001
-14307
-2289
32767
-2953
2123
-30237
6923
-15120
2666
-7134
3564
-1754
-1768
-14391
804
-231
-6775
3149
-14362
4963
11710
-2127
7322
-3567
-1894
-27168
20614
3242
-8235
-5323
-16590
-10981
20968
6425
12379
-4196
8610
189
840
1515
8070
-6624
-19002
10113
-11579
-7923
10545
-7688
6442
-32767
10694
25447
-25207
11424
23315
-11913
-79
-27767
4019
-7055
6423
-2102
-8499
-5573
-15381
309
32098
-3164
2730
-26334
7443
-12486
3667
-9265
2651
-1947
-3262
-13498
3154
607
-7013
5467
-12330
5077
14187
-2169
8510
-4752
-398
-24989
21959
4253
-8905
-5127
-14967
-11033
21327
7170
12629
-4116
9148
-207
1795
1588
8456
-7531
-20274
11759
-13001
-8521
11128
-9097
6816
-31886
11114
26740
-26130
12304
25080
-13017
371
-28786
4467
-5608
5780
-2335
-9050
-6250
-15000
-212
32767
-3181
2652
-29261
7569
-13987
4201
-8566
2885
-1842
-3066
-13752
2281
-126
-6903
4409
-13660
5233
13708
-1992
7982
-4178
-907
-26678
22919
3680
-8620
-6033
-16011
-11032
21388
6884
12113
-3935
8826
-160
1434
1590
8747
-6983
-20155
10945
-11864
-8207
10947
-8370
6621
-32255
10960
25903
-25939
12061
24387
-12256
232
-28594
4361
-6767
5767
-2708
-8849
-6204
-15761
-141
32767
-3225
2731
-28084
7497
-13261
3532
-8608
2886
-1992
-3070
-13594
3012
319
-7201
5111
-13399
5166
14288
-2367
8106
-4536
-784
-26359
22613
4114
-9074
-5267
-15619
-10923
21299
6689
12331
-4007
8700
175
875
1522
8202
-6718
-19578
10342
-11591
-7762
10683
-7742
6411
-32767
10876
25730
-25420
11626
23800
-12027
257
-27901
4100
-7098
6445
-2252
-8623
-5794
-15363
42
32613
-2951
2775
-26873
7513
-12942
3502
-9525
2883
-2139
-3429
-13514
3057
438
-7081
5447
-12887
5190
14190
-2224
8683
-4744
-492
-25636
22364
4508
-9031
-5237
-15179
-10967
20907
6526
12674
-4262
8606
358
953
1488
7935
-6718
-18695
10288
-11647
-7822
10552
-7772
6398
-32767
10841
25386
-25245
11510
23394
-11943
-85
-27787
4053
-7368
6356
-2005
-8539
-5488
-15346
274
32102
-3037
2760
-26315
7446
-12434
3741
-9414
2615
-1964
-3152
-13511
3197
650
-7152
5696
-12409
5104
14319
-2254
8447
-4785
-437
-25032
21993
4257
-9014
-5119
-14974
-11975
20143
7907
9581
-2908
8805
-3000
2880
689
8941
-6389
-21134
12964
-13429
-8806
10986
-8625
5702
-28794
9770
26317
-22982
14137
25182
-12907
-995
-27958
3563
-2776
3997
-1861
-9051
-7792
-14228
-2587
32767
-3862
2032
-30856
6701
-13572
3268
-5975
3238
-3360
-3961
-13639
737
249
-6968
2087
-13411
5829
11988
-3684
6358
-3083
-2508
-28170
21761
2334
-7379
-5491
-17426
-11106
16894
9059
5350
-2261
7636
-4566
3718
1445
11239
-3394
-19577
11815
-14349
-9105
9301
-9874
6254
-22209
7014
21887
-17875
12215
24250
-12813
779
-26927
3777
701
1426
-1048
-8429
-8796
-8804
-2894
28435
-1568
368
-32767
5323
-15212
2437
-2529
3639
-5119
-2090
-12361
-1006
-2206
-5882
-375
-16043
5074
6381
-426
2111
-602
-3784
-27791
15910
-1272
-7653
-5898
-16349
-10960
21244
6617
12527
-4134
8696
286
893
1509
8100
-6750
-19160
10237
-11617
-7874
10603
-7745
6423
-32767
10805
25608
-25411
11538
23507
-12006
173
-27868
4132
-7273
6420
-2062
-8589
-5676
-15554
236
32442
-3002
2811
-26410
7497
-12776
3712
-9784
2765
-2125
-3419
-13513
3145
673
-7127
5592
-12627
5200
14323
-2428
8458
-4739
-459
-25425
22080
4359
-8979
-5180
-15083
-10950
21221
6881
12736
-4364
8776
334
1161
1645
8412
-7040
-19935
10615
-12120
-8102
10747
-7983
6398
-32767
11035
25750
-25339
11654
24119
-12448
189
-28323
4317
-7151
6186
-2109
-8688
-5600
-15253
-45
32327
-2879
2707
-27453
7574
-12852
3679
-8849
2996
-2293
-3007
-13601
2829
385
-7136
5213
-12971
5201
14046
-2030
8380
-4852
-468
-25842
22376
3902
-8856
-4949
-15083
-10928
21521
7007
12341
-4155
8865
93
1215
1809
8616
-6758
-19657
10750
-12092
-7951
10840
-8255
6418
-32626
11172
26083
-25608
11804
24146
-12275
255
-28490
4124
-7004
6139
-2573
-8756
-6027
-15398
219
32767
-3037
2695
-27424
7708
-13276
3666
-8866
2923
-2029
-3327
-13718
2982
643
-7352
5451
-12976
5524
14147
-2244
8538
-4693
-585
-26006
22407
4338
-9122
-5174
-15461
-11155
21341
6762
12412
-3976
8791
39
1312
1467
8173
-6857
-19453
10589
-11650
-8123
10757
-7710
6368
-32767
10842
25906
-25742
11584
23825
-12263
359
-27925
4245
-6983
6271
-2335
-8575
-5856
-15567
90
32646
-3406
2753
-26658
7394
-13027
3622
-9397
2830
-1993
-3437
-13398
3030
245
-7073
5379
-12836
5115
14627
-2376
8318
-4727
-568
-25493
22202
4610
-8964
-5497
-14998
-11062
21256
6508
12578
-4128
8726
179
1077
1461
8082
-6805
-19234
10420
-11608
-7897
10677
-7729
6434
-32767
10914
25759
-25662
11695
23698
-12040
185
-27985
4190
-7285
6452
-2049
-8621
-5675
-15600
245
32538
-3239
2792
-26763
7545
-12810
3519
-9809
2720
-1956
-3221
-13617
3198
569
-7192
5654
-12576
5117
14382
-2428
8525
-4804
-512
-25392
22287
4421
-9026
-5298
-15201
-11174
21479
6806
12117
-3811
8740
-66
1292
1580
8474
-6864
-20082
10698
-11682
-8112
10778
-7857
6487
-32353
11145
25877
-25543
12022
24031
-12129
553
-28128
4145
-6869
6071
-1956
-8797
-5961
-15299
-182
32767
-3083
2647
-27479
7484
-13295
3316
-9565
2930
-2096
-2944
-13832
2854
512
-6966
5247
-13147
5288
14118
-2263
8470
-4631
-732
-25907
22332
4531
-8868
-5352
-15497
-10726
21630
6733
11608
-3374
8742
-74
1831
1014
8852
-6405
-20238
10177
-12235
-8004
10836
-7614
6506
-31516
10976
26420
-25639
11469
23964
-12040
-15
-28643
4155
-6302
5501
-2969
-8638
-6599
-17016
-684
32767
-3162
2913
-28305
7795
-14077
3330
-8496
3388
-1584
-2964
-13518
2713
560
-6865
4490
-13661
5827
14475
-2816
7950
-4367
-387
-27000
21839
3872
-8978
-5349
-15315
-11149
21394
6721
12424
-4090
8860
274
1462
1463
8243
-6902
-19162
10382
-11726
-8003
10749
-7789
6347
-32767
10831
25981
-25157
11763
24017
-12149
408
-28363
4159
-7220
6319
-2275
-8770
-5860
-15784
198
32662
-3378
2807
-26958
7426
-13295
3775
-9485
3013
-2343
-3100
-13676
2869
278
-7183
5376
-13070
5187
14164
-2187
8345
-4682
-526
-25927
22619
4252
-8744
-5438
-15064
-10920
21312
6745
12387
-4057
8773
74
1211
1574
8410
-6831
-19679
10728
-12049
-8082
10776
-7954
6439
-32396
10836
25905
-25457
11721
23808
-12157
178
-28208
4105
-6959
6121
-2340
-8621
-5716
-15122
22
32767
-3205
2799
-27404
7410
-12971
3373
-8892
2839
-1755
-3068
-13921
3082
431
-7145
5330
-12822
5217
14045
-2248
8634
-4737
-463
-25690
22177
4299
-9210
-5257
-15240
-10949
21171
6666
12418
-3903
8725
151
1043
1459
8014
-6601
-19487
10179
-11432
-7876
10678
-7636
6327
-32767
10864
25781
-25449
11556
23707
-11939
366
-27832
4297
-7246
6600
-2242
-8614
-5782
-15595
112
32503
-3032
2793
-26517
7496
-12953
3382
-9492
2844
-2154
-3222
-13528
3082
428
-7104
5525
-12723
5217
14282
-2350
8617
-4748
-586
-25505
22366
4597
-9023
-5338
-15222
-11344
20659
7346
11756
-3097
8717
-823
1606
989
8699
-6375
-20803
11322
-11422
-8535
10804
-8473
6492
-30069
10215
25704
-24891
12501
24405
-12512
515
-27867
4507
-5691
5010
-1570
-8778
-6853
-15103
-1026
32767
-3271
2355
-28804
7141
-13859
2641
-8059
3893
-2351
-3281
-13937
2236
312
-7288
3954
-14392
5207
13126
-2325
7167
-3985
-1485
-27220
21813
3646
-8327
-6059
-15985
-10967
20912
6520
12675
-4268
8606
351
956
1488
7932
-6728
-18692
10303
-11656
-7823
10552
-7775
6398
-32767
10844
25385
-25245
11511
23396
-11943
-90
-27790
4051
-7367
6349
-2002
-8541
-5485
-15349
275
32103
-3040
2760
-26324
7446
-12435
3744
-9410
2614
-1960
-3148
-13513
3202
650
-7152
5698
-12403
5102
14319
-2257
8448
-4785
-437
-25032
21995
4258
-9015
-5121
-14979
-10967
20912
6521
12673
-4263
8606
353
952
1488
7931
-6723
-18693
10300
-11650
-7823
10553
-7775
6398
-32767
10842
25385
-25244
11511
23396
-11943
-85
-27788
4053
-7365
6353
-2001
-8540
-5484
-15349
271
32103
-3037
2760
-26322
7446
-12433
3744
-9411
2614
-1961
-3151
-13513
3200
649
-7151
5702
-12404
5103
14317
-2255
8447
-4786
-438
-25032
21993
4258
-9023
-5120
-14981
-8906
22829
10531
2906
3458
7196
-7383
7759
-319
8533
-5061
-22676
6786
-12327
-10150
10570
-3968
6794
-18810
8913
24368
-20496
12258
23453
-14131
6093
-29051
3843
-668
-1210
-4252
-9238
-8544
-11974
-3844
32767
-3176
1929
-27799
8315
-14140
-1185
-3306
7881
-415
-3740
-12495
-2237
-6066
-6555
-1890
-12863
6204
8547
-6491
-2094
-826
-3149
-28570
11296
1453
-12325
-10380
-19886
-7298
20562
5600
6136
-2748
8445
24
5398
-1383
3748
-4483
-22713
6458
-12818
-8691
10526
-10196
1267
-26124
12415
25921
-23110
11034
20046
-11130
3668
-32767
1950
-1215
2107
-6332
-7529
-8124
-18926
-7451
28081
2454
4021
-32222
11881
-15480
3365
-337
6530
1802
-2420
-10258
1903
-4388
-5413
-71
-10365
10408
15402
-8076
1018
-2829
-881
-27732
11656
-6404
-10993
-5799
-17692
-11272
21766
6988
12527
-3963
8979
137
1374
1337
8813
-7155
-20026
11002
-12563
-8367
10971
-8524
6461
-32517
11019
26587
-26201
12135
24415
-12441
118
-29045
4362
-6848
5852
-2117
-9042
-5983
-15791
-54
32767
-3224
2893
-28391
7659
-13434
3325
-8952
2943
-1949
-2915
-14358
2947
307
-7507
5250
-13377
5632
14525
-2256
8320
-4590
-629
-26493
22204
4247
-9495
-5386
-15880
-11192
21351
6786
12445
-4102
8756
195
1141
1567
8088
-6693
-19390
10012
-11581
-7949
10726
-7532
6291
-32391
10914
25931
-25890
11820
23728
-12170
84
-28100
4239
-7018
6338
-2490
-8587
-5835
-15191
187
32767
-3307
2795
-27112
7441
-12990
3351
-9259
2715
-2035
-3232
-13406
3005
425
-7185
5422
-12820
5371
14243
-2594
8450
-4706
-630
-25576
22295
4422
-9043
-5248
-15274
-10966
20904
6526
12671
-4262
8606
360
947
1490
7935
-6714
-18697
10288
-11652
-7822
10550
-7777
6398
-32767
10838
25380
-25249
11507
23395
-11940
-92
-27787
4056
-7361
6358
-2003
-8539
-5487
-15344
273
32097
-3036
2760
-26314
7446
-12433
3742
-9413
2612
-1965
-3150
-13513
3193
648
-7150
5699
-12407
5104
14318
-2251
8448
-4786
-434
-25031
21993
4258
-9019
-5118
-14977
-10966
20905
6527
12668
-4264
8606
359
945
1487
7935
-6711
-18701
10292
-11648
-7823
10550
-7776
6398
-32767
10842
25377
-25251
11506
23395
-11940
-92
-27788
4058
-7367
6358
-2004
-8541
-5484
-15338
273
32097
-3034
2759
-26326
7447
-12431
3744
-9402
2611
-1961
-3153
-13519
3196
649
-7149
5700
-12406
5102
14314
-2253
8445
-4785
-436
-25029
21993
4257
-9019
-5113
-14979
-10966
20912
6522
12671
-4260
8605
361
947
1490
7941
-6730
-18703
10291
-11648
-7820
10550
-7775
6397
-32767
10843
25377
-25247
11511
23396
-11941
-86
-27786
4056
-7363
6354
-1997
-8541
-5483
-15343
276
32099
-3035
2761
-26322
7446
-12435
3747
-9415
2615
-1966
-3148
-13517
3196
648
-7152
5695
-12414
5104
14321
-2259
8446
-4782
-437
-25033
21996
4258
-9016
-5123
-14980
-10866
20955
6543
12602
-4106
8656
389
1083
1531
8047
-6717
-18540
10113
-11544
-7846
10489
-7641
6232
-32767
10698
25423
-25012
11459
23351
-11838
-141
-27718
4283
-7350
6412
-1905
-8478
-5619
-15421
329
32005
-2859
2749
-26201
7512
-12659
3701
-9204
2742
-2176
-3236
-13311
3048
450
-7077
5458
-12549
5068
14543
-2384
8230
-4688
-579
-25153
22149
4360
-8839
-5349
-14753
-11121
21167
6498
12623
-4159
8668
117
1083
1478
8241
-6758
-19065
10549
-11826
-7999
10626
-7753
6323
-32767
10854
25665
-25268
11555
23730
-12112
72
-27997
4060
-7130
6315
-2276
-8545
-5742
-15283
88
32143
-3261
2719
-26443
7405
-12737
3719
-9363
2729
-2080
-3226
-13375
3013
452
-7079
5448
-12634
5141
14277
-2504
8300
-4728
-581
-25356
22139
4417
-8950
-5323
-15105
-10966
20903
6526
12672
-4265
8606
357
948
1487
7936
-6717
-18697
10297
-11651
-7824
10550
-7777
6396
-32767
10841
25381
-25249
11511
23393
-11942
-88
-27790
4055
-7367
6356
-2006
-8540
-5485
-15339
273
32099
-3036
2759
-26323
7446
-12434
3745
-9406
2613
-1962
-3150
-13516
3199
649
-7150
5699
-12404
5102
14317
-2255
8446
-4784
-436
-25028
21993
4259
-9017
-5112
-14977
-10966
20905
6529
12673
-4266
8606
360
945
1490
7935
-6716
-18695
10292
-11651
-7824
10550
-7777
6397
-32767
10840
25381
-25249
11508
23395
-11940
-90
-27790
4058
-7363
6356
-2005
-8541
-5485
-15337
273
32100
-3035
2760
-26327
7447
-12435
3746
-9403
2613
-1965
-3149
-13518
3198
645
-7149
5701
-12403
5104
14317
-2253
8447
-4784
-437
-25032
21994
4259
-9021
-5113
-14981
-10966
20905
6524
12668
-4263
8606
361
947
1490
7937
-6726
-18697
10295
-11650
-7820
10549
-7777
6396
-32767
10842
25379
-25247
11511
23394
-11941
-92
-27786
4057
-7363
6354
-2000
-8541
-5485
-15338
278
32097
-3034
2759
-26323
7446
-12435
3750
-9410
2614
-1966
-3149
-13512
3196
649
-7150
5697
-12408
5105
14323
-2255
8445
-4782
-436
-25032
21996
4259
-9018
-5122
-14982
-10966
20908
6526
12671
-4264
8605
359
948
1489
7937
-6720
-18701
10293
-11647
-7824
10550
-7775
6397
-32767
10842
25380
-25250
11509
23393
-11940
-88
-27789
4055
-7365
6356
-1999
-8541
-5485
-15340
270
32100
-3036
2759
-26321
7447
-12434
3743
-9407
2614
-1965
-3150
-13516
3195
648
-7151
5699
-12407
5104
14319
-2256
8446
-4784
-435
-25030
21994
4259
-9015
-5115
-14981
-10966
20908
6526
12673
-4269
8608
359
949
1492
7933
-6721
-18696
10294
-11654
-7824
10551
-7777
6397
-32767
10843
25385
-25253
11510
23397
-11942
-92
-27792
4056
-7368
6357
-2005
-8542
-5487
-15338
275
32104
-3037
2760
-26325
7446
-12437
3749
-9409
2612
-1966
-3149
-13512
3199
648
-7151
5699
-12406
5104
14319
-2252
8448
-4784
-437
-25035
21997
4258
-9019
-5118
-14982
-10966
20906
6524
12672
-4266
8607
356
952
1486
7932
-6717
-18694
10301
-11650
-7825
10552
-7777
6398
-32767
10841
25383
-25244
11510
23393
-11941
-90
-27787
4054
-7362
6354
-2004
-8539
-5483
-15346
269
32101
-3039
2760
-26321
7448
-12432
3740
-9404
2613
-1960
-3153
-13516
3199
648
-7150
5703
-12400
5102
14314
-2253
8447
-4787
-437
-25029
21990
4257
-9017
-5117
-14978
-11022
20658
6536
12412
-4122
8624
388
914
1680
8026
-6884
-18547
10290
-11904
-7809
10600
-7929
6400
-32767
10804
25636
-25288
11697
23490
-12117
-368
-27797
4115
-6936
6435
-2034
-8573
-5446
-15550
-18
32063
-2840
2728
-26393
7573
-12494
3834
-9667
2686
-1845
-3195
-13578
3251
397
-7215
5446
-12230
5244
14435
-2130
8571
-4685
-420
-25052
22080
3929
-9033
-5007
-15090
-10896
20736
6474
12483
-4116
8588
117
811
1514
8159
-6625
-19041
10397
-11533
-7947
10584
-7679
6301
-32767
10773
25403
-25117
11448
23565
-11910
31
-27587
4025
-7256
6507
-2084
-8525
-5706
-15416
78
32165
-2905
2756
-26471
7410
-12665
3646
-9434
2782
-2115
-3385
-13313
3007
693
-7019
5467
-12506
5012
14281
-2421
8497
-4882
-539
-25179
22195
4390
-8918
-4986
-14892
-10967
20905
6528
12672
-4266
8606
358
947
1489
7937
-6715
-18700
10293
-11650
-7824
10551
-7778
6397
-32767
10842
25382
-25252
11511
23395
-11942
-88
-27790
4054
-7364
6359
-2004
-8541
-5486
-15336
272
32100
-3039
2759
-26325
7446
-12435
3745
-9406
2613
-1964
-3149
-13516
3195
650
-7152
5699
-12406
5105
14318
-2255
8447
-4784
-435
-25030
21996
4260
-9017
-5112
-14980
-10965
20907
6522
12666
-4265
8606
356
948
1486
7938
-6717
-18696
10302
-11647
-7823
10549
-7777
6396
-32767
10841
25379
-25244
11510
23392
-11939
-87
-27788
4057
-7366
6356
-2003
-8539
-5481
-15341
273
32095
-3036
2758
-26324
7446
-12433
3742
-9403
2613
-1961
-3152
-13517
3197
649
-7149
5701
-12401
5101
14317
-2255
8442
-4783
-437
-25026
21991
4259
-9019
-5116
-14979
-10966
20906
6525
12665
-4266
8606
356
949
1487
7938
-6721
-18700
10302
-11647
-7823
10551
-7777
6397
-32767
10843
25381
-25248
11513
23395
-11942
-88
-27789
4056
-7366
6356
-2004
-8541
-5484
-15339
271
32101
-3036
2759
-26328
7447
-12435
3745
-9407
2615
-1963
-3150
-13518
3198
649
-7153
5698
-12404
5103
14319
-2256
8446
-4784
-437
-25031
21992
4259
-9016
-5113
-14980
-10965
20909
6524
12666
-4263
8607
356
949
1489
7933
-6720
-18694
10302
-11649
-7822
10550
-7776
6398
-32767
10841
25382
-25242
11509
23394
-11940
-91
-27786
4055
-7363
6352
-2002
-8540
-5483
-15345
272
32101
-3037
2759
-26324
7447
-12434
3744
-9406
2613
-1963
-3152
-13515
3199
647
-7150
5701
-12403
5102
14317
-2256
8445
-4786
-439
-25033
21992
4260
-9020
-5121
-14980
-10966
20907
6526
12671
-4262
8606
358
945
1488
7935
-6714
-18698
10294
-11648
-7822
10550
-7777
6398
-32767
10839
25379
-25248
11508
23393
-11939
-89
-27785
4055
-7360
6357
-2000
-8540
-5485
-15344
268
32098
-3036
2760
-26320
7447
-12434
3741
-9408
2613
-1964
-3150
-13518
3193
648
-7149
5701
-12404
5102
14316
-2254
8448
-4786
-436
-25030
21993
4258
-9018
-5117
-14980
-10966
20905
6526
12669
-4260
8606
359
948
1488
7935
-6719
-18697
10297
-11647
-7821
10550
-7775
6397
-32767
10842
25378
-25246
11511
23394
-11940
-89
-27784
4058
-7365
6354
-2004
-8540
-5483
-15341
271
32098
-3034
2760
-26325
7446
-12434
3744
-9406
2616
-1964
-3152
-13516
3198
646
-7150
5700
-12405
5104
14317
-2255
8446
-4785
-438
-25033
21994
4261
-9017
-5118
-14980
-10966
20908
6522
12668
-4269
8606
358
951
1490
7938
-6723
-18699
10298
-11647
-7821
10550
-7776
6397
-32767
10842
25379
-25245
11509
23394
-11942
-88
-27789
4055
-7371
6352
-1998
-8541
-5485
-15339
280
32099
-3037
2759
-26326
7445
-12434
3749
-9411
2613
-1966
-3148
-13515
3198
652
-7152
5697
-12408
5104
14320
-2258
8443
-4782
-437
-25031
21996
4255
-9015
-5120
-14977
-10968
20907
6528
12670
-4262
8608
359
946
1491
7938
-6720
-18702
10292
-11651
-7824
10551
-7779
6396
-32767
10842
25385
-25256
11513
23399
-11942
-92
-27792
4057
-7363
6359
-2003
-8542
-5487
-15338
270
32103
-3035
2760
-26322
7448
-12440
3744
-9412
2615
-1964
-3152
-13514
3195
647
-7152
5698
-12408
5105
14320
-2254
8450
-4785
-436
-25033
21998
4261
-9018
-5116
-14983
-10967
20912
6520
12672
-4268
8606
357
953
1488
7937
-6727
-18695
10301
-11652
-7821
10552
-7773
6397
-32767
10844
25384
-25243
11511
23395
-11941
-85
-27789
4053
-7371
6350
-1999
-8541
-5484
-15347
282
32102
-3037
2761
-26325
7447
-12436
3748
-9408
2615
-1963
-3149
-13517
3200
649
-7153
5698
-12408
5103
14320
-2256
8444
-4784
-439
-25036
21997
4256
-9016
-5123
-14977
-10966
20908
6526
12666
-4264
8606
361
944
1491
7938
-6720
-18700
10290
-11650
-7821
10550
-7777
6397
-32767
10840
25379
-25250
11510
23394
-11941
-92
-27788
4057
-7365
6357
-2003
-8541
-5485
-15335
276
32098
-3034
2759
-26321
7446
-12435
3747
-9408
2613
-1966
-3150
-13513
3197
647
-7151
5696
-12408
5105
14320
-2254
8446
-4783
-437
-25032
21997
4259
-9018
-5120
-14981
-10965
20907
6526
12670
-4263
8607
361
944
1489
7938
-6722
-18699
10298
-11650
-7822
10550
-7781
6398
-32767
10841
25378
-25253
11508
23394
-11941
-91
-27787
4055
-7360
6355
-2001
-8541
-5484
-15337
269
32097
-3037
2759
-26328
7446
-12431
3748
-9401
2612
-1960
-3150
-13519
3197
649
-7149
5699
-12405
5103
14317
-2257
8447
-4784
-437
-25032
21995
4258
-9016
-5116
-14989
-10965
20908
6526
12671
-4264
8607
358
946
1488
7939
-6723
-18705
10297
-11647
-7823
10550
-7781
6397
-32767
10842
25379
-25254
11509
23396
-11941
-87
-27789
4058
-7359
6358
-1995
-8542
-5483
-15339
268
32098
-3036
2758
-26329
7447
-12436
3743
-9404
2614
-1964
-3149
-13521
3195
649
-7152
5702
-12410
5103
14320
-2256
8447
-4784
-436
-25029
21993
4257
-9015
-5111
-14984
-10967
20908
6522
12669
-4263
8605
357
949
1487
7933
-6719
-18696
10297
-11649
-7822
10550
-7774
6398
-32767
10840
25380
-25243
11509
23392
-11940
-88
-27789
4054
-7367
6355
-2002
-8539
-5485
-15346
274
32098
-3034
2760
-26318
7446
-12432
3744
-9409
2613
-1963
-3149
-13516
3198
650
-7151
5700
-12405
5103
14316
-2254
8445
-4784
-437
-25028
21991
4257
-9017
-5118
-14977
-10964
20905
6524
12669
-4262
8607
355
950
1487
7930
-6717
-18694
10302
-11650
-7822
10551
-7777
6396
-32767
10842
25380
-25244
11510
23392
-11940
-89
-27786
4054
-7361
6355
-2004
-8540
-5485
-15346
268
32098
-3035
2760
-26322
7445
-12435
3743
-9406
2614
-1961
-3150
-13516
3197
649
-7148
5702
-12398
5102
14315
-2254
8448
-4786
-438
-25029
21993
4261
-9016
-5117
-14982
-11135
21127
6726
12612
-4143
8709
194
1145
1493
8204
-6762
-19207
10331
-11662
-8135
10658
-7796
6297
-32767
10859
25732
-25342
11587
23718
-12168
-143
-28130
4081
-7140
6387
-1887
-8615
-5754
-15257
83
32653
-3196
2700
-26522
7469
-12781
3950
-9274
2755
-2147
-3128
-13361
3011
459
-7109
5460
-12747
5142
14349
-2359
8363
-4751
-585
-25421
22415
4303
-8942
-5295
-15104
-12051
22053
8625
4605
2392
7734
-9437
7027
-1142
7070
-5632
-18708
5000
-13086
-11660
8909
-9625
5131
-13445
3533
23134
-20151
7831
21945
-11320
4665
-27392
5922
-638
1749
-35
-9519
-7630
-9030
-5008
32767
-6229
1095
-23743
5497
-20373
-605
-3711
7958
3003
-1056
-11070
-3414
-5253
-11981
-2197
-15160
6188
4824
-4829
2760
1172
-3742
-25256
10373
1147
-7500
-11680
-20434
-11117
21421
6669
12597
-3955
8807
120
1156
1512
8109
-7028
-19364
10483
-11913
-8115
10839
-7736
6583
-32722
10943
26106
-25661
11805
23899
-12204
-58
-28298
4047
-7114
6152
-2150
-8765
-5768
-15774
137
32767
-3288
2727
-27173
7488
-13017
3394
-9463
2946
-1837
-3355
-13754
3068
389
-7307
5229
-12847
5097
14235
-2363
8432
-4651
-420
-25758
22381
4198
-8783
-5412
-15420
-11043
21395
6606
12488
-4010
8784
317
979
1580
8205
-6582
-19592
10230
-11723
-7950
10699
-7715
6412
-32767
10875
25855
-25715
11530
23668
-12111
108
-28009
4130
-7078
6524
-2251
-8620
-5768
-15535
44
32644
-3189
2784
-26874
7503
-12822
3465
-9634
2718
-1988
-3238
-13594
3093
594
-7081
5519
-12652
5333
14311
-2362
8457
-4814
-509
-25567
22282
4549
-8977
-5164
-15196
-10909
21295
6598
12291
-3985
8777
81
1115
1457
8274
-6606
-19557
10349
-11481
-7978
10719
-7650
6340
-32767
10824
25802
-25594
11593
23701
-11992
361
-27964
4320
-7337
6414
-2364
-8630
-5783
-15613
136
32620
-3029
2817
-26915
7560
-12984
3425
-9497
2896
-2128
-3327
-13490
3098
431
-7096
5485
-12813
5248
14221
-2429
8527
-4756
-630
-25622
22263
4611
-8996
-5227
-15191
-10956
21147
6718
12392
-3902
8717
254
1073
1576
8337
-6782
-19472
10214
-11561
-7927
10696
-7719
6357
-32767
10737
25829
-25575
11525
23687
-12125
406
-28088
4341
-7178
6441
-2289
-8641
-5816
-15306
10
32580
-3022
2764
-26485
7474
-13023
3493
-9397
2875
-2156
-3160
-13553
3054
420
-7088
5491
-12868
5241
14325
-2374
8606
-4772
-602
-25668
22378
4545
-9029
-5140
-15109
-10972
21257
6429
12383
-4035
8714
134
1124
1565
8330
-6780
-19627
10273
-11467
-7798
10715
-7620
6392
-32767
10968
25774
-25547
11669
23796
-12108
429
-27950
4291
-7132
6348
-2276
-8640
-5828
-15561
73
32556
-3083
2779
-26780
7505
-12983
3425
-9653
2948
-2131
-3289
-13469
3011
540
-7120
5472
-12881
5216
14319
-2318
8596
-4698
-584
-25651
22385
4597
-9034
-5253
-15147
-10972
21397
6521
12488
-4090
8771
172
1127
1453
8058
-6807
-19436
10233
-11547
-7811
10686
-7676
6433
-32767
10790
25887
-25490
11607
23673
-12003
319
-28063
4074
-7247
6335
-2079
-8624
-5859
-15719
96
32735
-3109
2808
-26561
7483
-13026
3499
-9720
2810
-2157
-3223
-13494
3079
426
-7158
5543
-12763
5254
14305
-2451
8580
-4803
-533
-25653
22392
4585
-8997
-5312
-15245
-10845
21171
6549
12409
-4052
8672
245
945
1429
7956
-6503
-19258
10081
-11429
-7896
10619
-7588
6326
-32767
10899
25692
-25317
11518
23598
-11975
109
-27776
4017
-7416
6594
-2362
-8560
-5602
-15594
181
32384
-2996
2756
-26504
7482
-12808
3500
-9397
2810
-2049
-3453
-13498
3020
429
-7110
5547
-12591
5173
14168
-2388
8527
-4767
-429
-25438
22158
4523
-8908
-5259
-15130
-10967
20911
6525
12675
-4273
8607
360
952
1490
7933
-6717
-18692
10296
-11656
-7824
10552
-7775
6399
-32767
10840
25387
-25244
11509
23393
-11942
-92
-27791
4054
-7369
6353
-2003
-8539
-5486
-15344
279
32103
-3041
2760
-26324
7446
-12435
3746
-9404
2612
-1964
-3149
-13514
3200
649
-7152
5699
-12406
5105
14318
-2251
8447
-4785
-436
-25032
21995
4255
-9017
-5120
-14973
-10965
20906
6524
12672
-4267
8606
359
947
1488
7937
-6718
-18698
10291
-11648
-7822
10550
-7774
6399
-32767
10840
25378
-25247
11508
23391
-11939
-89
-27788
4056
-7369
6355
-2004
-8540
-5484
-15337
279
32097
-3036
2759
-26327
7445
-12431
3748
-9405
2611
-1963
-3148
-13520
3197
649
-7150
5696
-12405
5104
14316
-2254
8443
-4783
-437
-25030
21992
4255
-9019
-5118
-14976
-10966
20907
6527
12665
-4263
8607
358
943
1487
7937
-6718
-18706
10295
-11646
-7822
10550
-7776
6397
-32767
10843
25377
-25252
11511
23393
-11940
-90
-27789
4058
-7367
6357
-1998
-8541
-5483
-15334
277
32099
-3031
2758
-26330
7447
-12435
3747
-9401
2614
-1962
-3151
-13520
3200
649
-7151
5697
-12411
5103
14316
-2255
8445
-4784
-438
-25030
21996
4257
-9017
-5112
-14981
-10967
20908
6526
12667
-4268
8607
361
944
1491
7938
-6721
-18699
10297
-11650
-7822
10550
-7781
6398
-32767
10842
25381
-25251
11510
23395
-11942
-93
-27791
4060
-7365
6357
-1998
-8542
-5485
-15335
275
32101
-3036
2758
-26326
7446
-12436
3750
-9404
2613
-1965
-3149
-13516
3196
648
-7151
5702
-12409
5104
14319
-2256
8445
-4783
-436
-25034
21998
4258
-9020
-5116
-14985
-11094
21242
6538
12765
-4118
8772
139
1181
1333
8299
-6659
-19469
10739
-12213
-8223
10782
-8383
6298
-32767
10909
25864
-25655
11880
23856
-12306
-73
-28421
4085
-7102
6202
-1931
-8812
-5667
-16015
72
32347
-2954
2724
-27083
7464
-12863
3718
-9219
2784
-1872
-3022
-13794
2952
536
-7215
5358
-12881
5295
14403
-2117
8299
-4676
-585
-25539
22283
3853
-8854
-5371
-15377
-10901
22021
7029
11408
-3175
9037
-518
2289
1674
9187
-7470
-21185
10845
-11912
-8430
10892
-8830
6932
-29484
10623
26335
-25098
11824
24091
-11977
1224
-28185
4543
-5375
5266
-1947
-8984
-6752
-15468
-1238
32767
-3721
2667
-28379
7641
-14433
2798
-7857
3889
-1949
-2731
-13331
2872
-821
-7162
3967
-14074
5263
13566
-2286
7995
-4043
-677
-26435
21720
3491
-7997
-6104
-15387
-11518
21264
6935
12754
-3640
8953
306
1311
1786
8697
-6797
-19356
10893
-12120
-8404
10938
-8540
6302
-32236
11454
26169
-26169
11866
24107
-12372
207
-28578
4314
-6439
5911
-2143
-8938
-6186
-15809
-520
32767
-2879
2577
-27537
7588
-13484
3685
-9348
3215
-1599
-3110
-13751
3149
59
-7038
5266
-13308
5433
14444
-2412
8093
-4555
-670
-25985
21850
3867
-8737
-5112
-15958
-10966
20905
6527
12667
-4266
8605
358
947
1488
7935
-6716
-18701
10292
-11648
-7823
10551
-7776
6397
-32767
10841
25381
-25252
11509
23393
-11942
-89
-27789
4053
-7366
6357
-2002
-8541
-5487
-15340
272
32100
-3037
2759
-26320
7446
-12434
3745
-9408
2614
-1963
-3151
-13513
3194
650
-7151
5698
-12406
5105
14319
-2256
8446
-4784
-435
-25031
21995
4258
-9014
-5113
-14980
-10966
20904
6528
12671
-4264
8606
359
945
1487
7934
-6714
-18695
10296
-11650
-7824
10550
-7777
6397
-32767
10841
25382
-25248
11511
23394
-11939
-91
-27788
4059
-7364
6357
-2005
-8541
-5485
-15339
271
32098
-3037
2760
-26322
7446
-12434
3744
-9404
2614
-1963
-3151
-13515
3197
646
-7149
5701
-12403
5104
14316
-2254
8445
-4785
-437
-25031
21994
4261
-9018
-5118
-14981
-10965
20906
6527
12672
-4267
8605
358
945
1488
7939
-6718
-18699
10290
-11648
-7823
10549
-7777
6398
-32767
10840
25377
-25250
11508
23392
-11941
-89
-27789
4057
-7365
6358
-2003
-8540
-5485
-15337
275
32098
-3034
2759
-26324
7446
-12431
3746
-9407
2612
-1964
-3150
-13518
3198
650
-7149
5697
-12406
5103
14317
-2253
8446
-4783
-434
-25026
21992
4256
-9020
-5114
-14979
-10967
20909
6530
12675
-4263
8607
356
950
1489
7932
-6713
-18695
10301
-11655
-7825
10553
-7778
6399
-32767
10841
25387
-25248
11510
23397
-11942
-87
-27790
4056
-7360
6356
-2007
-8540
-5484
-15350
267
32105
-3036
2762
-26326
7446
-12436
3742
-9406
2611
-1960
-3153
-13517
3199
647
-7149
5705
-12401
5105
14312
-2251
8451
-4788
-438
-25033
21992
4260
-9025
-5116
-14981
-10967
20909
6520
12673
-4268
8605
353
952
1487
7935
-6720
-18692
10298
-11649
-7824
10551
-7775
6397
-32767
10841
25383
-25241
11509
23393
-11942
-88
-27788
4052
-7368
6353
-2000
-8539
-5486
-15346
278
32099
-3041
2759
-26318
7445
-12433
3743
-9411
2613
-1961
-3151
-13515
3199
650
-7153
5699
-12405
5101
14318
-2253
8447
-4785
-436
-25027
21992
4255
-9017
-5118
-14973
-10965
20906
6524
12667
-4264
8605
357
949
1488
7938
-6720
-18698
10295
-11646
-7821
10548
-7775
6397
-32767
10842
25375
-25244
11509
23391
-11940
-89
-27785
4055
-7367
6354
-2003
-8539
-5485
-15343
277
32095
-3034
2759
-26320
7446
-12432
3745
-9409
2614
-1964
-3150
-13518
3198
650
-7150
5696
-12405
5103
14318
-2255
8444
-4784
-437
-25028
21993
4257
-9015
-5117
-14974
-10965
20908
6528
12668
-4266
8605
362
940
1490
7940
-6719
-18705
10284
-11647
-7823
10548
-7775
6398
-32767
10838
25377
-25251
11506
23391
-11940
-95
-27788
4056
-7365
6357
-1999
-8539
-5485
-15335
281
32097
-3035
2758
-26320
7446
-12432
3747
-9406
2612
-1966
-3151
-13513
3197
648
-7150
5694
-12412
5105
14321
-2254
8445
-4783
-434
-25029
21996
4255
-9016
-5119
-14978
-10967
20909
6524
12674
-4267
8606
357
951
1490
7933
-6720
-18694
10296
-11653
-7822
10552
-7776
6399
-32767
10841
25386
-25247
11509
23395
-11944
-90
-27789
4052
-7363
6355
-2000
-8540
-5488
-15346
270
32104
-3039
2761
-26319
7445
-12434
3744
-9416
2613
-1964
-3148
-13512
3198
650
-7152
5699
-12404
5104
14319
-2254
8449
-4784
-436
-25032
21993
4257
-9016
-5119
-14981
-10965
20908
6522
12672
-4263
8605
356
949
1487
7938
-6723
-18699
10297
-11646
-7822
10550
-7775
6397
-32767
10843
25379
-25248
11510
23394
-11940
-84
-27786
4055
-7364
6355
-1998
-8541
-5485
-15345
269
32097
-3036
2760
-26319
7447
-12432
3740
-9407
2614
-1962
-3150
-13516
3195
650
-7152
5699
-12406
5102
14318
-2256
8447
-4785
-436
-25028
21991
4258
-9015
-5117
-14980
-10965
20903
6527
12668
-4268
8605
358
947
1488
7935
-6716
-18695
10294
-11651
-7823
10550
-7777
6397
-32767
10839
25379
-25247
11509
23393
-11940
-92
-27788
4055
-7364
6357
-2003
-8539
-5486
-15339
273
32096
-3039
2760
-26318
7446
-12434
3744
-9406
2612
-1965
-3153
-13513
3195
650
-7151
5698
-12404
5103
14318
-2252
8447
-4785
-436
-25028
21993
4257
-9013
-5117
-14977
-10967
20909
6525
12667
-4265
8606
362
948
1492
7936
-6725
-18695
10292
-11652
-7820
10550
-7773
6397
-32767
10840
25382
-25244
11511
23395
-11941
-94
-27787
4054
-7367
6353
-2002
-8540
-5485
-15346
282
32100
-3035
2761
-26315
7446
-12438
3748
-9412
2613
-1967
-3149
-13511
3199
646
-7151
5697
-12407
5105
14322
-2254
8447
-4784
-437
-25036
21997
4258
-9016
-5125
-14976
-10966
20909
6525
12676
-4267
8606
360
949
1491
7931
-6722
-18693
10294
-11656
-7823
10551
-7777
6398
-32767
10842
25383
-25252
11509
23396
-11941
-93
-27790
4053
-7363
6355
-2003
-8541
-5487
-15344
271
32104
-3037
2760
-26323
7446
-12434
3747
-9410
2613
-1965
-3147
-13512
3198
649
-7150
5700
-12404
5105
14319
-2253
8450
-4784
-434
-25033
21997
4258
-9017
-5117
-14983
-10966
20908
6524
12670
-4267
8606
355
949
1488
7930
-6718
-18696
10297
-11651
-7822
10551
-7774
6397
-32767
10844
25381
-25246
11510
23395
-11942
-91
-27789
4053
-7367
6356
-2002
-8540
-5485
-15343
274
32102
-3035
2760
-26324
7447
-12435
3745
-9409
2612
-1962
-3152
-13515
3199
649
-7150
5698
-12401
5102
14315
-2254
8447
-4784
-437
-25031
21994
4258
-9018
-5118
-14979
-10966
20906
6528
12670
-4263
8608
359
947
1486
7932
-6717
-18701
10294
-11648
-7824
10551
-7774
6398
-32767
10844
25379
-25252
11509
23393
-11942
-89
-27790
4055
-7371
6355
-2006
-8540
-5485
-15338
273
32102
-3035
2758
-26328
7446
-12431
3747
-9400
2613
-1960
-3151
-13518
3200
649
-7149
5696
-12403
5103
14317
-2256
8444
-4785
-439
-25030
21995
4260
-9015
-5112
-14982
-10965
20908
6525
12670
-4270
8606
360
946
1489
7937
-6721
-18700
10291
-11650
-7823
10550
-7776
6399
-32767
10840
25379
-25250
11508
23392
-11940
-92
-27789
4056
-7366
6357
-1999
-8540
-5484
-15336
277
32098
-3037
2760
-26327
7446
-12432
3747
-9405
2609
-1964
-3150
-13517
3197
649
-7151
5695
-12407
5104
14316
-2254
8446
-4782
-436
-25029
21994
4255
-9016
-5119
-14979
4877
2886
14593
-23617
30589
-32767
-18260
12814
17601
-2071
-5573
-1190
15537
-17555
-6692
-29797
8714
6902
16513
-4712
-1076
6016
18775
2897
-14872
-24561
31324
-11499
8701
13814
-29856
22073
-17212
9027
18723
-32601
9952
4637
-32191
-1281
-4585
-12259
-23149
1143
-2851
21226
-18653
-7906
17498
-9497
3064
-7588
-25034
-5148
6326
10369
29417
-17368
4000
13626
16517
26353
24451
-20292
5549
-11214
5846
-14170
-5515
2640
573
-4594
-5053
5605
-6462
-7104
685
-3399
-21284
-30
17039
6717
12112
5593
-6911
13361
17666
-6257
9316
2814
-15242
-5928
4321
-1884
-10283
-252
7841
15377
-11595
-8951
-5874
-11730
-11045
6870
2710
-4362
12134
2096
-12483
-11889
8770
-12614
-14490
-6771
19039
-3760
-2338
-11920
-9427
11059
16910
15202
-19563
-6419
-4408
32767
7115
8498
4360
-5108
11205
-12202
32767
-21872
1503
-7403
-14374
14781
634
10932
14829
14344
9756
-28035
-5012
-2850
32182
-17137
-8135
17264
12022
15232
3503
20911
22831
6326
14794
16647
21489
14829
4877
17071
8821
-2896
10794
682
22291
-8622
14788
-22147
-22461
8583
-1808
19340
20099
13000
8797
-7425
8639
-25217
-20897
-21329
7754
1885
30674
-4669
14713
-16257
-7093
-947
5755
16785
-4310
-18932
15652
-12063
15017
-23295
516
1625
6323
5485
2843
21846
-1312
-9450
-8880
-18781
-7321
-2400
22631
2371
-7886
4035
-684
3792
-4583
-16513
21275
466
32767
9278
-8543
10684
-18609
-2703
-12811
-11759
5178
-345
-8067
-4230
5226
-2674
14361
963
972
12320
5796
9984
10081
866
438
8721
-18264
11389
17590
-2905
18047
-507
3373
-7092
4729
1884
-875
7543
2073
-20162
5462
-27099
-9861
-22079
-16923
-5272
-10124
2822
-12815
19642
-1010
4358
2255
-16525
-6556
5591
-5025
8837
-7150
-5599
4395
1781
9582
2836
18222
6643
32767
-15344
26191
11549
1069
-5053
-1953
-14176
1568
4045
319
-1428
15209
-3958
-10668
-5664
5179
16492
-16331
1079
-6081
4372
-1729
7661
-8138
-26009
9014
-58
14118
-3597
505
-3196
-3213
12945
-17469
3604
-11294
-685
-5313
-32767
9260
5070
-21548
6409
-1616
-19770
7432
2856
31809
7810
13478
-554
-9543
8110
32706
13916
-6181
27668
-7497
-9814
9801
31969
4353
19183
13513
-22015
12800
-11819
1149
1061
-8557
-5513
-10303
5182
2827
-9356
-10639
6320
23710
18951
3550
-4088
-8099
-24679
-52
-411
5011
4744
10287
10347
3030
13125
-13439
224
-16249
2621
-8549
26634
184
4654
6270
-8147
8006
-32767
12343
-23799
-12185
-1397
-12945
5520
19725
24274
-659
22854
-15679
-22605
-5375
-9311
-1319
-9227
-4835
12287
-15064
12031
9979
-4785
1224
-1836
7464
6411
-7634
3088
-7493
25990
14456
11103
12020
6334
5931
-3063
14727
4733
28173
-8671
1367
19961
3715
3356
-717
11755
7283
-12213
-17830
-25281
-18391
14827
23887
-21677
4017
-22125
8365
17538
164
5007
14414
10571
3437
10824
-3283
-5340
-6351
-15337
-3446
13106
-516
20482
32767
15258
-13611
4774
1154
7997
12829
40
-10920
4865
8468
-6963
-11243
9970
-9580
-11241
-7675
2745
-20340
-579
8626
-9734
-19233
-7409
12686
-14796
7520
-6887
4845
-25688
13155
24111
-14682
-884
-4626
-2707
-9043
16608
-14438
2452
8705
-17808
-825
-2417
19238
-21855
-2631
5006
-5696
-5677
-24617
-5629
-9807
-10296
-5485
23701
8159
-22917
5617
7412
-7104
875
-22044
18953
22899
17272
-6490
-19950
21578
-3993
-2878
-17293
-2619
8877
-14
-3761
-1778
2301
17542
8530
-3594
12363
-11950
14326
-6671
7198
-2197
-15863
-5985
742
-11374
-8772
15692
-17972
17551
2898
899
32767
-23739
-13998
-13597
-1144
-4047
-10126
-7949
-16809
6828
2966
24993
11203
5388
-16638
3822
3577
2425
-1111
3454
-7601
-12740
-798
32767
-21257
9274
-34
1632
-4076
7269
13230
1605
-9388
5289
-22753
-6699
4516
3768
8060
-8077
6794
-2670
-7110
215
-1785
23253
-11017
1724
5105
9950
12498
-6098
4270
-15384
-12538
-553
4541
15770
-6844
-5220
-9421
13889
-8159
-4908
14354
-18764
1287
10129
-8075
5884
-10641
-9817
-18894
9883
9783
29099
-916
-12781
-9351
-10359
-609
8631
-28488
14480
-13789
-5052
-6172
-8036
-13230
-2956
-326
-12955
-32767
9457
9620
19557
-2339
6291
-17127
14902
-3825
-4704
-13063
-511
13204
9867
1022
-990
-6841
17401
7994
-8364
-7373
1055
10676
-3404
15835
13378
14703
2009
-12410
-18694
-16308
-3348
-8105
25141
1102
3198
17467
-504
-6840
5039
-894
-8902
-6082
-13280
-20107
15486
1051
15017
-5363
4289
10600
9576
4066
5978
6339
-5092
-16574
608
720
-515
-17308
-12190
1943
-3903
8283
15541
12554
13413
-2153
-5786
-16750
-4871
-651
32767
4266
1109
-1934
8014
-4990
-11437
-16472
9395
-7267
-2696
-15170
1765
7395
-12837
6890
-12631
-6486
-18049
1676
1369
-1650
8839
-21823
-28514
3993
15321
4421
-21382
-133
5189
864
-205
3514
-11590
-7583
2412
9015
21697
-1322
-4724
-11209
9716
8236
302
-6659
23336
-16635
8353
-2683
-12771
7561
-9212
-2186
2842
-8384
9649
2255
-5555
9553
-7578
2796
-13574
-10016
8613
11818
-11370
-8833
-8643
-5625
14081
4852
-1624
-21085
8575
-3852
-15232
-5862
7202
32767
-6827
7410
782
-17965
8207
9380
-8908
17252
-3998
21700
-7959
1907
5634
-10122
3614
-16522
-5758
-31922
8738
7111
21009
2586
10392
-19163
-20832
-13180
-18039
31712
-5977
22748
8974
-12665
-7799
-32767
26469
-22618
1940
12167
-7581
10425
8661
2421
-17454
17029
11562
-18218
-16385
8577
28513
758
-5716
-5639
-10499
-6787
-11780
8833
27084
7975
21838
9522
20970
17090
-18611
-6241
-29050
-12168
-8097
-228
-19378
-9495
-5998
-11500
12939
-953
10341
16192
2282
-3519
-11257
1466
4771
-10674
-21655
-15135
23306
-16055
27118
-12144
-4473
-11605
15997
16516
6116
8703
390
-2843
5790
5359
23280
-19086
-8505
26696
21083
8596
-586
31684
-6901
6769
-9111
-16564
-22688
1853
8125
4478
-2654
6236
10000
10731
3648
7625
23588
-9272
17748
-20853
3325
14117
-4811
275
5649
3333
-18177
5765
-32767
4446
-13297
-2785
-15816
-8697
-238
-2520
-5159
-8119
-1813
-5807
-1428
-12040
-13575
-5074
13465
-1660
20845
1867
-16954
14020
4330
6011
328
13072
-13677
4448
11959
-3498
-14628
-17631
6743
1842
-14454
16254
14024
2297
-10008
-702
-12016
-25629
9976
-5154
21337
-30498
3663
-16944
-10127
12929
-32767
-23714
-4309
-2716
-6664
-3106
10103
-6153
-3516
29824
32316
-2273
-1150
-8534
-3758
13349
4025
5167
-10377
4706
7656
-5586
-16517
-12230
3797
-4577
187
5861
-15804
-25501
-14915
-4504
26440
-2599
-13953
-2033
-1204
-6854
-11974
9639
8967
-3616
4335
347
7134
8502
-9646
17946
-2917
20617
-6627
-3067
-4580
15254
4728
-6818
18885
-10888
5045
-4188
-6352
771
-10004
-15992
-20422
21801
3598
-7181
14112
-28721
2995
-11850
-16024
524
-30703
-3858
3942
-10989
-32767
-10862
2168
-760
5993
-1309
-11090
4432
3514
5336
9950
11785
7640
-23132
15900
2271
33
505
-1131
-3850
-19659
5087
-14929
-7212
-5578
-2883
-6980
-10298
-2004
3933
32767
-4055
-10529
-9048
-6492
-6342
6024
16287
3418
17128
-3166
10845
-7217
-8491
11490
5932
-12664
15863
4404
-8102
-1407
3478
17040
-11613
-11917
-18888
-3315
3051
9632
18380
5720
-8006
17537
-12989
4127
12068
-14273
16622
-11803
5056
-14577
29158
3337
-7822
-12399
8974
-9342
3391
12172
16497
10390
-6197
-5347
8965
-3247
-11433
3885
21443
-9195
-5441
-5824
4582
-5821
-14970
12024
2748
-2696
-2280
-17121
-1457
22758
-9121
8346
-4655
11009
8043
-14950
-6948
32767
1280
-10817
16770
29634
-10219
5315
14283
-6479
7727
18852
-5963
-7239
-10835
-19937
2842
402
13173
10157
-13884
-2317
-4796
14853
259
21379
673
-21897
-8957
-5080
-15925
-1931
-3709
-20472
-6870
11599
-19225
8272
-2489
15172
-536
-3102
-2788
-10101
8369
-20515
-19330
-9448
-11184
-8485
-21146
2266
-25395
-14220
6281
-7264
4006
6117
19566
1615
-1061
-6522
-16455
-2004
7104
20390
-17501
-2499
-10551
22671
-7510
9961
-20
32767
-14868
23084
-6130
-8832
16609
-9981
-7956
-8700
-4590
-9786
4529
-321
6533
2266
-23525
-11531
6629
-10403
19578
735
15178
10178
-10106
7448
13413
-14858
11646
14221
-7863
20757
-16705
-10923
20634
-3179
28521
8174
4347
-3152
-11913
-966
-9895
32767
-17846
-8233
16056
-15175
489
2334
31068
-9585
2003
6648
-19759
-1394
3321
5453
-7622
-7272
-127
15804
-8378
-13425
-9750
17907
-6431
-2538
-7362
13447
11137
-927
-22812
-8857
-2199
7474
9382
-2678
-7143
-9849
-10123
-265
4454
9178
-390
10583
9606
1289
5454
5380
11809
-9705
-12986
23291
1914
21319
-9369
-15122
-3076
-1149
-9910
-1670
9392
7980
-680
-4748
-28994
32767
-20825
5673
15266
-9142
-5442
-13408
6283
-9909
-13846
4990
-19639
-2409
-137
5918
-9944
-5488
7587
4899
-2361
-2062
-7063
18274
2879
27113
11926
-6080
9525
-412
-12987
5496
-19846
5052
3661
6409
614
-6872
6914
-7464
2710
-5816
3522
-233
-6693
2295
3757
-5044
45
-14453
321
21265
12525
18557
-649
-10149
-435
15090
6291
-8113
-8531
-6434
176
-4888
-32767
10113
-14818
11691
3034
4582
19769
-1584
18648
19246
11024
-9964
-16632
-5784
5879
-3098
-14206
-3498
4335
27462
11811
3095
-11451
15061
-3008
1854
2065
19720
7432
-13851
-12876
-8018
2892
-4068
-2666
-8742
-6469
2718
-2278
6803
-7881
-9853
-9368
-16828
-2822
1326
-11236
6276
-5436
-14864
4558
-3116
405
5943
1269
3469
-14681
15927
19116
-20954
7562
7274
-18616
6643
-16609
32767
-21783
10136
15685
-5156
-1078
4397
1075
2622
-4356
-5502
-18796
1434
1976
-15192
7610
-6811
-45
-9773
-807
-1506
8108
22956
-7818
-1234
7025
5159
13342
-16527
-7298
1966
-17828
-9250
7048
-6745
-3295
-6837
-8677
-15310
8499
12286
7262
11945
-12073
14183
2282
-12476
8330
-9315
-13149
15735
-9982
31011
-5971
-4645
9892
-1591
23435
2536
-13712
-1368
-7923
4252
-5118
-3066
11299
-2749
10048
-22215
-19733
-680
-4631
32767
-3701
-20025
-5765
-9117
-11272
3256
10295
-10272
15591
2547
-1575
1395
13436
-1645
-10464
16400
-646
2453
-8278
-6334
5547
8694
113
3472
-11338
1758
3360
6222
-7896
-1457
1140
9890
-15409
-15894
4570
-144
-6980
14325
-6416
1255
-8337
3000
9742
-3530
1058
-4060
-1514
-7081
-9008
-20166
-8122
-7787
-7205
-3336
-32767
-4032
-22273
-4593
21416
-5591
8577
-1453
-10947
6920
-11705
-1359
-15759
2953
-2398
-2126
13939
-8414
12567
13280
1620
-7365
6764
11988
3517
-549
18893
-18219
11035
-7091
3168
2895
-12981
-12109
2983
25632
483
10125
-17240
3369
-6896
534
11425
-1404
-3738
8692
3244
-9634
7345
-10655
914
13792
-9434
20537
-16701
4171
-12254
-13948
29464
5902
554
8161
-5649
-14247
-14546
18663
-11962
-26129
2533
6080
-13291
-23623
11972
1072
1217
-19113
13098
21631
-14476
-5062
11592
-20116
20005
-2477
-13620
-11189
-17159
-16525
-32767
11164
-15819
7476
6837
9572
12461
1521
15805
6927
-16530
-2033
-16720
-15096
-11251
-10227
1888
2151
-10219
13521
-16040
-11828
3036
-5343
-24446
7837
-21772
-13166
14385
5345
161
16341
1250
6176
-17548
-22419
9057
-3728
-6553
-2564
-20081
10397
-22911
-6100
298
-6242
16034
29960
-12288
-851
-16478
10514
-11700
2805
-4725
-19317
-27509
-6281
-2761
24527
7564
16105
-9071
22985
6047
5063
-14358
18746
11160
6155
-19722
-6673
-13748
-6094
-2896
11446
4846
-5575
76
4195
-9885
8502
17604
21689
-14655
-13578
3838
-13575
-22660
-3603
18976
15226
-1139
19460
-32767
-9079
-4800
7521
-18557
-31698
524
-1235
9451
7674
15447
21383
10851
5912
26898
-23367
17648
-15869
8504
2273
21748
-18347
-2830
1744
-14281
6221
-32767
-12563
22074
19325
-16110
4168
9743
-13230
-3268
27161
-8194
-6740
-13043
11754
10750
14699
18817
3736
-18693
-20639
13992
31479
17867
21593
-1239
6432
4639
13572
-10658
-8907
-3874
-23454
796
-11536
23370
16987
3508
4528
14999
-20275
-22997
-15369
-9037
4122
-7276
12332
-23418
198
1601
-24155
2401
547
-2831
-26098
10766
-20553
441
13544
11222
820
2410
-3471
-13249
29008
-4684
-11426
7725
1300
-2921
10977
5043
10737
-21779
-13494
-17732
29512
-16708
-942
11042
10617
-9198
-19635
-11771
-2369
6085
7801
-8234
-10942
-2038
19643
-9933
10679
-11804
-30207
-11216
-22597
-5415
2111
25560
-17144
7433
6309
141
-9433
1555
1360
15799
-7157
-32767
-7998
-3720
-22120
-23471
22075
-844
4152
32767
5292
-3123
-18917
-9365
2861
27946
-2658
2061
20554
3011
11735
6000
-10108
14768
5012
-9536
15358
-14191
-27082
-11625
17512
-15386
6955
-8111
-10438
10672
-5771
9029
-11238
-17595
721
10427
-18539
-7664
6600
-781
-9028
25056
-5714
17855
-6336
6669
-13227
-1490
1828
22230
3794
-6502
16935
-7027
-3059
-12748
-19882
-2592
-26401
16534
-4677
-20770
-6167
7306
-1488
9691
3550
27536
-10794
-9905
2593
-19091
3280
-20473
9598
4473
-6019
-10196
380
-9716
-9320
-1905
4533
-4276
-6979
5554
-11427
-20775
-7168
2322
2530
-7216
-19288
18641
-24753
-5088
3313
-14883
-18267
1623
-3496
14878
12816
3197
-16443
4882
-2493
2166
-1722
15194
-11658
-21675
-7355
-1058
-18979
-15598
2769
3745
-23360
-32767
-3000
18674
-10367
25281
5692
-2367
3946
-20894
9165
-8854
-8701
7473
4860
13823
5964
-6139
-10262
-5669
-14407
-13158
1092
-6354
-2463
-23904
8459
-4961
-627
4220
-7758
1999
12403
-5714
2222
16018
-4984
-8629
-648
32767
2068
15943
127
-2771
4880
12863
1734
11250
21013
192
1380
-8916
2845
2162
-12389
3084
4772
-3597
7377
-30409
-7941
6463
12533
-6248
-5267
-5381
2623
20723
832
-3031
-4413
-11628
-9371
-2769
-5428
7158
-3391
7663
258
6143
-17616
9062
415
13692
2162
-352
-4868
-6089
32767
-12831
-5147
10102
-228
6438
-1794
5999
-4266
-4264
-634
-4084
-7007
-3583
-4128
-5309
-4060
3719
-2296
-9435
-5120
-4662
-15084
-1729
-6571
7430
1076
-9344
1289
1718
-7674
6920
4169
-10421
7037
6129
5117
-4297
5100
-16484
-606
2416
-9985
-3152
-7695
9860
-2997
-2345
-5145
-12079
-7573
6393
-21235
10874
-15702
7352
18127
7779
159
-9119
-5109
-719
12095
-6408
2880
2190
-6609
4165
592
-15861
1241
-10278
-1238
-2662
-6253
3235
2060
72
-12120
13123
-13193
4253
11527
-8462
-2556
4783
-2258
-12187
-7992
10910
-9994
7880
10018
-4976
-9207
-1159
8789
-32767
12860
11079
5334
-17885
1752
-8149
12897
-12230
-11173
-15338
-9412
8231
-10524
1594
16752
-8966
-18228
8711
9441
3601
4830
5373
19062
-13634
27989
14557
-6876
-483
5720
-10524
-13491
-4134
-7952
3749
-10787
-19033
12205
6463
12499
-25919
10996
-21105
6944
-8139
17522
-1253
2895
-13771
579
-18852
-32082
-10146
-2806
-25142
8238
17594
-28573
32767
7143
-3554
13140
26989
7271
-19800
5787
-1443
3858
11429
21665
12360
-9013
-8710
-1076
-16733
-24621
10963
5473
9200
1874
-1756
-4623
1099
14050
19402
-66
-14360
1096
482
32767
20252
7044
575
4042
-5234
-1064
-13896
-15844
2656
-6321
-11815
-6609
-12387
3617
5741
-893
-6008
-5686
-12274
-23904
5403
22461
-18787
-7062
-15762
-18388
8217
635
5160
-12436
7645
-10259
-10695
17345
-7937
5014
8287
-5686
-20243
19317
-14759
9586
13812
364
7965
-22874
-23492
2286
5400
-21716
22347
-247
-4646
1754
16037
32767
-16625
-244
11989
-11734
18212
7961
20931
18798
-10695
-4530
-10569
-5908
-1787
822
11724
-2573
6754
10747
9879
12305
-9756
3050
14768
9278
-5077
-7429
9144
-18458
-1730
-2014
-12975
-7751
1694
-6082
8523
-17783
12780
-5244
-7424
-9731
-1093
-7838
-1947
1351
-7097
-3415
-12889
-19615
4160
12721
-10579
22013
952
-14047
-1333
899
-5501
6070
12047
-15041
-6544
2226
-32767
3653
-19662
3986
30475
-11177
17563
-5868
-2915
21073
2174
-6551
-10841
2332
-3602
7369
-1116
-1455
22945
-5936
2278
6366
-12249
23640
-6831
4730
-1774
21848
13493
-27377
16786
-7719
6188
12783
-10098
-5692
-15664
4264
537
-25733
-6066
7109
24470
-10721
4753
-9306
17272
13698
18998
-18962
18999
9412
-12053
22528
-528
5650
5386
2154
1321
1540
-12437
-3074
-4523
-10042
-12169
32767
-21181
-1909
-6666
7491
9097
-3168
-5106
-3934
-10667
-10044
-10363
-3388
2081
-4000
-2152
-5128
-8227
-5906
-5609
-6796
-4396
19431
-2624
6849
-5884
14856
10750
-13571
3968
313
-18654
-5881
3934
-11457
-11718
17954
-1835
-11081
-829
-12508
18790
98
2863
-629
-9649
-16631
-6923
-10349
-9244
15404
401
26944
-13004
-8720
-8908
4731
21331
-4425
-15177
19710
-7074
11064
22803
-12502
-2115
3799
10983
-32767
9409
-25493
-20675
29912
22318
-19777
-6706
-14621
-13126
22817
19807
-10631
-27839
23310
-18453
17802
-25884
-15701
-31907
-5734
-4290
-17188
-1894
-15399
-4914
-16968
-11837
27393
-16221
28945
-10129
-6012
-10769
24407
2463
4612
887
3772
-13064
8924
30821
-12207
-29802
195
-25098
858
4891
12906
-23911
6303
28504
-8659
-21676
-15930
-25961
-2121
-4403
15066
9049
23268
-12128
-32767
19335
6632
-6530
7919
-13987
8851
-7631
-2138
-19793
-5505
9315
-7503
-11538
2375
17900
4527
1117
-15021
-5346
15369
-2224
-2443
16508
-8795
9174
-1123
-7739
15192
-3717
-4707
1690
-11812
7157
-11953
2902
-7087
-3563
-18930
11174
1706
6682
8328
6217
-502
10201
-13791
26717
20389
-2482
12569
5445
4912
-11299
-6250
6127
-11313
9384
-11853
-7585
15869
-27261
2576
-20762
7065
-1626
3499
-512
-10320
32767
-13161
-15852
-11862
-21234
6110
-6739
-1721
-25380
-4619
-3080
-8673
8024
-21788
-16964
-556
8754
5704
2905
17372
-18363
4290
11676
18
-3417
11681
-10425
4488
11871
4456
12907
25189
12705
14600
26877
-247
-1409
13749
-10440
8225
8099
-12980
-11868
-7159
3744
14523
-23018
-3525
-3643
13589
12061
6105
-7194
-9286
12526
-6253
13531
-4749
-1931
1191
-11641
-10189
6285
7635
6078
32767
-11514
-15589
4205
-2614
-19827
20603
-7386
-13827
-13985
-3949
1483
5120
773
12169
-29925
4553
10086
-9954
3305
14372
9406
-2458
2061
15747
-13690
22267
-16429
-19368
-2414
6245
-4473
575
-4965
-5651
2968
10674
8558
-19294
-28156
21781
-5466
-2336
3057
-2472
-2578
-13516
-16669
19580
11750
-14233
-7320
-3157
7558
3415
-275
17841
3879
-11398
32767
-10565
-7105
4829
-12049
24716
21227
-6456
8329
80
-9650
1412
-220
-8519
-4061
-11218
-5665
5345
-3344
-2834
11598
-4494
20345
10620
-534
-141
-11747
-11812
-10060
3052
-13537
3762
-2080
-2624
18559
30089
15606
-7620
4636
11691
-8294
-12365
-991
-4401
-4440
13865
-968
21095
15262
19694
-4786
14810
-15261
-9197
1370
-6301
5807
-1730
-4901
-12586
4782
6385
5157
4335
7101
-12102
2205
451
-1539
1570
-1885
-5830
5148
9946
-4365
15475
6918
-7176
11334
13460
-1958
1693
-15369
3418
-7293
15400
-10810
-9608
-5751
-10216
838
-9718
-15169
-11958
-9495
7929
475
1517
9193
7266
-5634
-9779
-183
5208
-10184
8056
-4504
1178
-32767
11421
-5114
-1988
7802
5450
6099
3788
-12403
-783
-8875
1628
-9487
10493
-2686
-3590
-21346
29844
-3078
-27662
1267
2655
-13064
-2681
-12962
-12489
10958
-13292
2357
-13027
-10321
17346
9463
-11697
125
4102
-15168
-12963
22474
-12300
-4835
15222
-19683
8683
-9697
4852
-24600
-25932
-4831
-6451
-16541
-7005
11860
-15001
-23703
30460
1545
279
4998
17544
-32767
4165
-12309
-22708
-21908
-12769
10762
-8478
12014
-11185
16129
474
-6476
11367
7312
4307
12857
290
32488
14433
7866
-14353
-17606
-32126
31948
5167
-8590
4836
-6039
30315
18733
6784
5970
3262
-4185
32767
-56
-14306
-17469
-4964
-11186
336
-11701
3994
934
18480
-22046
-16694
-8608
1541
15704
13025
-17687
-13031
10154
18651
5584
5629
3150
2986
12584
-14423
7083
6931
-6680
9207
7573
-3144
-5855
4470
9098
2360
-9552
-14445
10541
-18894
-1881
16081
10406
7926
-13189
-15333
10294
-746
-29533
1735
-13026
-10156
16219
-15883
-10997
22273
2334
-15474
371
-8740
-16991
4673
2810
10155
-27274
3733
-12059
-8595
10128
-32767
1338
-12968
-1073
-14545
-178
18631
-9419
13020
164
-6337
8025
-13480
-5048
-5444
7747
-4885
6652
-20338
11439
17111
-3211
6819
2367
9518
-8973
3778
4808
-14028
-19976
-8267
-6852
18876
-20299
-11737
-1927
-14397
7873
-5957
15355
-9146
-11680
10724
-1687
19418
-17583
4045
13027
-25844
-10122
-1878
11393
-3275
7480
1197
-12203
6168
531
19282
-1061
-1109
-9094
4982
8203
4589
-4980
13824
-11170
13730
-6572
-9997
8805
-32767
10405
5476
1551
3544
7054
-10127
-7721
15020
-5471
-16065
-11063
5219
16147
5349
1642
-2846
-3629
-3076
-9249
-8059
-9717
17422
107
18554
753
-662
5555
2200
19099
-18613
8184
-434
7060
-13464
8937
17667
7175
-8717
1024
506
22305
-769
-16975
32767
16894
8725
8809
8313
-9316
6185
1463
-11054
8379
-3052
-13449
-3722
-16392
6604
-9308
4380
-15057
10244
-7372
1780
14549
11265
13962
-5103
-11158
10578
4565
14378
-6133
1514
528
-17136
12838
11995
-575
11273
-14177
-21744
17680
-1208
-7821
-10482
-7440
-1061
-13055
2871
-15514
-6563
4681
-19722
3702
-12945
11408
-13400
-4959
-13837
9453
-2457
580
5455
-15985
-5307
-14948
631
-10808
-8127
9512
6122
-8971
9399
-11841
-6511
1824
26617
13822
10451
17983
7755
-14569
7817
-11769
32767
1827
7311
5566
99
30287
-276
-10289
-25824
-5198
23241
-14484
6817
6724
-11780
10573
-4853
5589
3128
2354
-27207
-10259
6083
-1148
-29375
-12943
7122
10513
-29505
1349
4779
-15927
-6269
-16503
-16749
-1420
1277
-19913
-6234
-23915
-24099
-11361
-7557
-156
1773
32767
-609
23559
-14265
-19287
-11308
-12051
21918
-11431
-1383
28644
-3203
14199
241
-29720
-17858
3212
-8567
5730
15205
4172
8089
536
-20440
5086
4024
5607
-26762
-3192
25579
8612
-14834
-6034
-654
-21404
19949
3362
15690
21240
-30422
-26132
-14926
-13497
-24934
8037
28696
-9943
-6001
-5974
10627
13856
15194
-30442
-8763
10648
20078
-1444
32767
-19565
2906
41
-13704
14984
23639
8812
732
5528
-10665
-15332
-5414
-13059
-6507
-11658
-5757
7992
2933
11060
19020
10156
-8027
2277
20180
2989
4767
2273
-14030
-9712
-5556
26137
3821
1782
-5197
2258
15362
-8714
-4298
-8490
-341
436
-19253
-13734
1174
16259
6986
6593
-12144
-3607
-4670
11684
18508
-13112
7354
-1549
3254
15431
-8837
-6528
-18
1728
3862
5648
-6027
-14008
-9022
1396
8136
-3667
19169
32767
-12352
-1491
-8649
-12002
10886
13182
12736
-25342
6651
-5412
-1927
7122
5064
-20021
-4282
4549
12673
18830
8916
-5913
-4612
10610
-4592
14069
-170
-3357
-92
-3113
15909
8314
-11521
8936
-10965
21518
-4657
-9617
-5243
-3096
4177
315
4421
-6259
23650
-13176
16044
2306
3048
13706
16843
7266
-14604
-11696
3102
10134
11153
-11327
-2682
-462
-2920
23039
-1787
10967
-13465
-13964
4143
22589
5708
5692
-1223
-12428
14759
-19887
-12663
-18324
20667
-17487
-3954
32767
-18308
-1775
-9428
-10504
6456
-884
-2396
22423
17228
-15803
-1703
-14316
-948
4506
-5326
543
28649
-15002
-6428
25095
7840
6391
-11764
-11255
-21380
9215
25085
17536
5720
23442
15977
3538
-29688
-25408
110
-20365
5310
-7327
-8797
22157
1898
-32767
6156
8057
-8691
-6754
9906
5083
-4865
4913
27315
-2510
-282
-2815
-4773
-13198
9725
-14013
-14113
2643
-11116
-13914
-1941
-4317
942
-6011
-5631
1499
-3035
5354
-8075
15072
-10031
-8206
-10945
-12413
-22387
6340
-10439
30411
-4051
13264
-9854
-16012
1023
2148
-5162
-8859
-14207
-25832
3897
-1172
4917
-17357
-4553
9400
-16570
1258
-17439
1487
10509
-19031
5799
8284
-19561
22981
18845
3170
-8460
13832
17970
1351
-23226
-24420
32027
-19019
-16507
-2734
-3380
-15963
-3137
-9942
-16603
-5632
16965
-13909
5844
13207
-15365
-11015
23456
-11877
13068
-742
6952
-3741
6694
14678
-16466
-19993
-7092
3011
11134
-30331
12885
20069
-12782
-9256
8072
-1543
24002
28535
5079
7189
17259
-18038
21109
-32767
-5521
-14234
-352
-25830
5129
-11764
13404
5925
-21277
14257
-10482
-22092
-13925
-15777
-12100
1281
2429
-3377
7806
1935
-12653
-6558
-4395
-18800
-6941
-4772
-2098
-32767
2818
-11168
-1559
13687
-7362
3928
-1407
-12955
-880
-10252
21197
-8542
11108
-8582
-1470
13619
13331
-4872
-13105
-6675
20496
19086
11500
2999
5470
6184
-6683
13109
9942
5041
-18027
7285
-11915
-1169
-21785
-1781
30749
-13667
-11305
1231
-9116
16932
-968
-14027
-6689
-32767
-7391
20181
30392
-14442
9210
-13182
-25543
5770
8310
-4086
1699
-9402
7537
-16304
-776
-3590
14903
1516
-7176
2910
19248
35
-13786
7467
15167
-8360
-11360
6713
247
12565
-11739
2345
13051
-3888
-10562
10988
8
-17605
-11491
-16519
-7635
-7595
7869
6878
-10331
4669
-1199
-3274
-11730
713
-15724
-10715
5502
14446
21208
-7408
5685
1661
-1466
13890
-5789
8754
686
5908
22890
-6454
5778
-8970
-26994
31304
1875
10757
-11686
10105
-13809
-31871
-12485
-16344
-27059
237
-2330
-366
3231
25172
-8485
30461
-9113
-9012
-8087
7026
8730
9982
22591
-13612
4994
23478
-6581
17001
3310
-389
4484
4782
-28101
28921
-27497
8155
-8789
21605
126
-26119
15465
-7123
12774
473
-10748
-32767
-201
-6187
-2153
-9351
5718
-25504
-1232
-3126
9349
-8026
-3343
1305
23931
-9425
-16157
-10317
-23399
5703
1212
3705
-10078
-259
-3544
7441
4852
-16119
-10528
8560
-2871
-22926
5387
5536
-7707
10228
-2985
-15894
-1021
-955
-13682
-1425
32767
-12472
1955
7983
-19553
20451
-12199
1653
18012
11933
659
3141
-3981
15409
-6784
-6038
-5626
-28343
9682
7195
13499
5140
1437
-26529
-6012
2919
17251
-4947
1870
3021
9528
14508
10052
-26523
-5374
-21875
10779
-5611
10730
-5807
8186
21922
11822
-3431
-12028
-15753
-19040
-6369
-11766
-4643
-11561
2930
5613
-19328
373
-18001
-16263
4421
-12936
11183
-17910
16456
-15296
3464
18365
-9589
-6770
32767
-14378
18635
20868
-460
-6776
-17
-17928
-9004
-15026
-9279
8628
2644
-27760
-6350
-905
-16527
10380
-337
27563
-19104
-8776
-327
18451
-6927
-6056
11988
-9828
6639
-6760
2026
8362
-32767
8285
-2004
17958
-11795
5347
7632
-14521
-5788
2905
-5083
-4182
-8927
2392
-15537
-904
-7312
6364
-13149
593
-239
-4859
-2800
-2281
2966
2656
7478
-12138
-10033
14008
13375
2106
-5190
-7462
1466
2287
9077
5706
-14099
-152
-15771
-11952
-10525
-10063
21670
-5293
-6789
-2537
-8131
-10912
-19309
-12465
-15381
1323
19532
12024
-2140
-5582
-2825
3866
7672
-5114
5165
-9816
4814
-3093
-32767
-331
10975
-16697
-7540
-4118
19950
24513
-26250
25735
12624
-26656
11482
-18599
-16539
10860
-31094
-13470
-3566
1583
-1565
7885
26178
-8423
-3723
17046
-21064
17976
4942
-1928
-4196
-4310
-8207
14138
-20261
-9625
15967
-22333
1921
7212
27089
16178
-10355
-2357
-18412
24628
7070
-22174
20008
-1662
-7015
-12796
17262
9088
17968
15287
15415
833
18981
-6707
3311
-6434
-13708
9471
7037
12728
-13938
770
7237
13788
-7842
10938
-3782
-2153
14356
43
-3260
-4607
2499
32767
8411
-6358
1109
-10819
1151
-20714
9472
11623
-7262
11867
-5220
1979
3649
-26849
8427
6198
-2246
-16044
6029
-19762
-16342
-18242
-16233
-28780
-156
-2464
2260
-9379
-2194
-5781
-7211
-12296
-6515
-9259
4944
1188
7228
14340
1317
-14916
14359
9228
-16819
3104
-7860
1805
13125
-6080
8924
-2890
1879
-19656
17824
2258
-3528
20205
30530
6331
-8567
873
13996
-8333
1626
29888
-25613
-16730
28003
17066
11006
-7889
20963
-29231
-10888
9266
-8651
459
-1460
-29709
-10431
1163
-12558
18461
-15388
-27075
6759
-17442
17352
-4452
-825
-32767
11257
10329
16245
-6832
-7199
-11914
-9119
5860
-14176
655
8476
-15227
-280
14498
-2336
-8798
-10680
8445
-24688
5405
-1820
3125
-14853
-6453
-18283
12161
-6539
-516
20895
12024
-4855
14162
10934
-30501
-18690
-12292
-5406
-11702
-32767
9838
-16327
7555
4219
-12673
-20737
3118
-6431
308
-19155
20760
-24230
-11235
11829
27675
19528
6878
-5340
15078
15435
18851
19381
-657
-11800
-4186
22678
-8689
-7506
15752
-8594
-329
8918
-25158
-10183
-23050
-12822
23254
-27487
-14086
7240
5616
-8853
-8989
-12715
6443
10991
938
1842
7893
9162
2973
11119
-4221
3185
-16695
24293
27073
8317
10396
15276
10464
-8798
25115
15080
-12855
-10685
-3411
-6688
14476
-10831
-365
13261
21772
-18324
8080
13730
-8799
20626
17101
18057
-8749
-14485
4220
-466
-14998
-21059
-5312
27163
-5158
617
16731
-2371
-6747
-843
7562
6134
8732
-5931
-26827
18806
7744
-2243
-9089
-5655
-10991
13860
-32767
-32169
-17623
-9296
8639
-27410
3890
-8143
-1868
15756
13552
-1092
-13851
-19258
6446
2335
-28202
-13286
2270
9799
7175
-3827
-7764
12454
-4990
12248
9791
-10809
1815
23932
-651
-32767
13084
4957
-15956
1404
13639
-9441
6728
243
13039
9010
-14559
-20212
5996
-13253
-14780
8578
1566
8631
594
8978
-25223
1102
129
-4576
11007
1128
-4052
-548
-27823
-5161
-945
-27641
1087
-3485
46
9525
-5237
-9056
-6081
-27203
-30385
-20035
-11967
-11615
-20876
-13044
-118
-9864
-14256
-24109
-7699
-9596
13011
-9077
-12277
21082
1350
-6598
3440
3336
32767
20051
16354
9061
23557
18930
-22241
-17330
13742
-20700
-28421
6757
-18592
-8896
-15543
-7374
-9757
-3999
-16708
-10814
-9220
5298
-14799
-22534
4631
-8613
-23466
-13170
-13723
-4415
8715
-20617
25437
2030
4448
2459
-15379
16915
-11211
1448
-9972
9404
17716
-3706
-23711
7311
10496
6013
6008
-32767
25892
9547
-13809
5646
5585
731
12542
-6425
-1697
-422
-4928
29316
-13423
174
-7878
1194
1288
-16512
-10492
-17925
-1387
-1895
24403
-27578
4160
-3158
-18772
-21985
-8259
-14293
27123
-12468
-10376
16422
17756
-18487
-1563
31853
-5971
-16592
5528
18027
-3468
22797
-9154
-31165
-19689
-15308
3912
-12692
3179
295
8775
-6076
-3445
-20054
17358
7986
-11655
-2556
6933
-10310
-886
-5156
6966
18187
-23083
-3323
3737
-1210
-631
-6361
-3388
22830
17547
2603
-16359
7845
-3976
8182
-10907
-12452
13017
-2246
1048
32767
-24037
-13794
2736
328
494
-18226
-11862
-3434
3271
10072
4899
-15682
1494
-8477
8049
-8351
1539
-16395
16022
25219
4703
-12587
-4559
-24380
-23784
13449
20956
20065
19125
10712
-11971
9751
13399
-25282
18277
8226
-30405
5966
-21975
8184
-4347
-11767
18194
-973
-23864
7251
9555
6492
-16101
783
-10448
-7989
8051
18271
11366
3335
-25396
6496
-2547
3804
-9845
-1742
-11498
16481
-17554
13618
2532
-12827
-32767
-9045
-728
-1317
-2885
9112
10143
4107
-1651
9348
-2149
-12665
-10657
-5337
4047
-2289
-5536
-2951
-16940
6490
-27346
-7717
10761
-2042
3285
10110
7875
3384
-10856
-5984
9456
5692
-27369
-7330
-3587
397
-8067
-26473
7601
7620
-799
4324
-14818
-7158
-635
22
-13239
10146
-4282
-12218
16050
-12899
18640
-4393
4604
2880
11330
-11047
-20872
20133
-17583
9372
346
-13675
-2255
3760
3323
894
-32767
29516
-2706
-2149
-8102
4626
-4843
20782
-11157
-11063
-1892
-8316
-7864
2256
-976
-11555
3810
-19432
7970
-16460
-908
-24713
-346
-111
-13295
8793
6538
-10037
-1815
12198
-3356
14557
3279
-3689
-984
-2751
2683
-10759
-379
-8531
32767
6498
-1984
3756
-8624
11960
-6831
-2562
10430
9988
-4762
13389
13435
7173
-11184
-4320
12944
-8126
-1554
1539
4759
-8814
2843
1493
-8843
-2557
-10432
2058
35
-12900
-1281
-16082
-12804
16299
-4416
-12753
-1300
13133
16033
-5300
-11553
-4355
5803
-2934
-7672
2409
-1105
-25015
7379
-10159
5980
-15211
10295
27094
-9772
914
-72
-3446
1000
1129
-3540
-9416
6878
-11623
-28713
-14632
-3510
4223
-3251
12431
1173
-7700
-3658
28776
-21100
-5655
-9003
11890
-10146
7360
-21483
6158
11763
-7537
5339
-14821
15252
-17615
-8316
12554
-9464
3921
-20193
-5348
-3437
-3399
-27507
-32767
-17662
-18721
24795
10596
14979
-18656
1916
15905
12527
17220
16015
7738
-1420
-24952
3875
-14801
10537
-12000
-14284
19316
-7993
-371
4021
2050
32767
-9336
4239
1033
-8612
10736
-9847
-23387
-8071
-20836
30643
10412
735
-16419
11552
-17546
15329
10492
-12508
6315
19162
5713
-1001
7504
-8679
3957
-14378
-8471
7861
6704
2213
2349
7822
9301
5102
-12369
-147
-12667
323
14766
-5134
-560
-8516
8857
18678
-13300
-14157
-16670
9458
-11761
-9592
-15681
-6510
-15059
13909
2155
16713
-20441
5282
24767
11083
-29820
-20224
21503
-2141
5381
-8732
-18151
-15138
-4083
-6745
-13027
65
-11230
-344
16901
-6825
5515
24901
2365
-12047
-26253
-25273
8177
-5169
-10077
18900
-31229
-18463
12158
-15931
-1291
-254
-10064
-1005
-10603
-29627
-6054
-18326
11138
5035
-1320
15970
-21815
-20333
-6042
19796
-4758
32767
-11643
-12089
-7258
11937
1269
-14357
14607
-8354
-9609
-438
900
-5245
-9554
5007
6939
10475
-6314
7952
14660
1060
-8687
-17229
-9851
-5911
-6798
17428
-14346
5415
-8909
21415
8646
-6205
-19490
6469
714
-7153
15278
16429
-6092
15021
10664
-8793
10238
-6572
-4311
-19699
9016
1156
21284
12957
3816
-5374
-32767
678
-7342
6378
3984
-9365
-14385
22087
-3845
-15206
-12930
6037
-2112
1809
7233
8631
17377
-15315
-18856
13538
25097
-17
8171
2420
-2296
3556
-15218
-4873
-7361
5649
-13846
-12209
23466
-2415
5434
9848
7349
4215
4385
-2581
3826
5931
-11917
-10009
-4508
-14538
-21911
700
1611
6875
-2833
17442
8022
9730
-14689
-21980
8147
-32767
-9245
-9812
-5615
11497
19606
-11997
1467
3918
-19022
-2228
3376
-4809
-22855
-1702
29366
13691
-8040
-6991
-11313
-11183
472
-22487
21079
-23569
-11865
-1962
-16927
1653
9446
28254
-7091
-7127
17699
7676
-6801
15060
-16591
21602
3271
-197
4800
15820
4473
18879
-3232
-6574
3328
18138
-3559
20884
-3286
-9786
-2467
1009
11636
-11894
-8290
-2443
8492
-22643
-11352
-3984
11262
-626
-3046
4632
-23105
-2587
16827
1099
-30718
4584
-27948
-118
9699
-13533
-10504
6053
17393
511
-12663
-10313
-10453
-18719
-32767
-2985
-4942
1841
1958
-3199
10462
-11992
-5819
-7516
2020
-2851
3569
-4669
-17936
7417
14690
26228
4267
1062
13119
-10529
-2367
-6741
-1420
-8525
-9412
22723
532
-5898
-11108
1685
3634
12490
-662
10243
-2210
-1275
3533
-996
-11431
3673
4224
-32767
-10547
-12424
-457
-4956
11454
-5188
9335
4918
-11939
6988
168
-6754
-4435
-6725
3045
-12484
5106
-3600
-7432
-15542
-13167
5074
19008
-4313
-643
-6897
-24561
14692
-2751
5828
-7781
-3032
17445
23389
-9456
13129
-9660
1958
-3245
-15974
-11616
-9372
2967
16876
-21725
7049
-12029
3586
3360
-12926
-3037
9170
-108
1449
7420
9693
-9856
19132
6987
17398
4617
-7427
-6956
-10674
1989
9615
20520
32767
9382
-2500
-9897
-13314
-487
-18062
-18905
4924
-5687
20768
-5859
-8977
-12646
11239
-12380
14133
-10874
16091
-544
-8344
-10858
-1069
10042
-5409
8966
824
-1232
5949
30065
-12004
-8116
-7095
4093
-3206
1524
309
-1188
18581
1666
12879
8731
-6015
4079
16754
11669
2865
25486
13581
13967
22588
-17227
15106
-4554
18982
17935
-9784
-8028
6629
985
-17641
-5261
8399
-6424
32767
14321
3277
-5778
1864
13857
4257
-14443
-7343
-7339
-440
24976
-12312
6382
4642
11288
-14077
2806
6063
12382
-12347
-31142
-4582
-29506
22257
-1736
27278
-14850
-5495
-6474
-5572
-1663
818
-16822
27560
4695
3683
-15232
-12078
4998
29737
867
527
14672
15416
14433
-2646
-5271
9581
-2826
-10384
9759
32767
12107
-4233
-410
6366
-15174
-3642
-1776
-3244
-887
-9033
-26731
11223
-7653
-2562
21587
-5049
-7334
-11746
11299
-12089
22222
-23587
-8061
9385
4368
20327
-1881
4702
-13677
13706
14402
16597
401
326
9730
1109
-16839
-3023
-16600
-17433
-11515
2935
19275
-10824
32767
14946
26146
-8398
-12868
-14209
-1463
-7494
-15976
-5129
18749
-626
15273
-8133
-31904
-6429
-6598
-14964
-13078
3913
-2136
-16380
-8152
1281
26342
12989
-628
17161
732
16700
-10210
-2735
-9418
14704
-2707
459
-7932
-5234
-14569
-2225
-32127
-12988
-9830
-241
11731
14207
-16922
-8230
-18033
17024
17322
4154
-2778
-4878
8132
-424
-4367
-6289
-8919
5786
11785
17365
12616
-1149
13218
10591
5715
-16612
-7218
-6306
522
2110
-19300
6188
-7193
23011
6576
-17105
-22167
10609
-5418
-13976
770
12640
-9147
2825
-3035
-23
20882
1355
-8869
-4242
4363
4606
7388
20133
8606
1661
-15813
-11336
-11316
-16200
-16538
9807
-14178
19649
-8191
-5856
-3113
3519
-7133
277
-5386
6851
32767
-18087
1445
5073
-625
-25142
-24845
22175
13727
9357
32767
-3841
-5804
-6574
-4437
22881
1567
-13740
-1980
-13852
-8826
-491
-11513
-13692
-18971
1447
-12876
-13852
13999
-8553
-4501
-3572
-5053
-20556
2298
-14664
21400
-6455
-1023
-13608
-18662
13910
15276
15799
-16020
-15233
-4301
-21574
4099
10576
-20021
-13728
2773
-2301
13679
20616
-8306
-27410
-17648
15750
27236
-14024
16109
1852
-12068
-12488
-7557
8966
6245
8087
-11253
14074
-17207
12615
-154
-8138
9054
23115
-7562
8940
8986
-10090
-7680
-6586
328
-11501
9886
-1518
-2053
9949
5708
-8377
4212
14403
-6631
22407
15533
28918
6525
-30301
7055
-4029
1805
-7022
-6395
-16677
-2949
-555
2549
-29820
5602
8333
23865
-17303
-77
-13610
15969
-11442
5427
-4945
14683
16562
-8037
32767
971
-9502
14546
10581
4384
21634
-22897
-7283
42
8865
-7527
4854
-18597
-16614
9512
6301
-2426
-16278
3669
1256
-7897
2204
-15455
-11748
6002
-6870
8304
-7012
5526
15986
-9456
7168
-7839
13965
-6662
-4711
-3471
1075
12845
-14235
-19600
1792
-11341
-4968
3063
-24590
-4565
-314
424
-32767
-1533
11615
13608
-2811
-8694
12898
-9693
-1662
11108
-14743
-15117
2843
-4642
19212
-15679
-760
-3844
4493
1379
-15234
-2262
-3
379
5183
17315
25066
-11425
-32767
23362
-17685
7447
19449
8476
12383
-7693
3711
-8993
-543
633
16772
23469
7608
12342
-311
11672
10604
842
-17575
11522
1592
-8984
5856
5413
-2752
-21143
-21109
4754
14531
-981
-20683
-9791
11099
-16252
-14308
-12635
-7365
12936
-15604
-14168
3866
-18059
-3974
328
-15975
-15289
12327
12913
9530
-6443
-5951
-16181
5672
4166
5336
-6100
2990
-9137
17978
-14993
-10474
-20105
10826
-3231
-10127
-15057
-20539
-3038
3715
-22281
-11959
-21987
-3476
16588
-18715
-23080
-7120
117
1626
3782
23149
5236
-9236
8021
4898
-24451
-4958
7697
-19722
21709
-25045
29084
-27346
-5639
-17258
-6853
27415
-27846
550
1157
-14039
32767
-13461
7928
-5416
30261
9484
-25201
-20971
3057
2465
12006
14650
-8289
18706
761
-20106
-4919
-5573
-9196
-4562
12517
8307
-8742
-10372
-20594
-1981
18266
9105
1819
7341
-3977
-5181
-1741
13157
-12929
-16527
-4156
7606
7383
-7388
4960
6913
5738
-16886
10543
17707
-9908
-8009
-3081
-11818
11641
-11838
-7409
15490
-14236
1656
-73
-1914
-11880
-5681
-7763
-18511
-4694
2598
-7773
-4357
-3547
-7686
-9986
-2035
-7293
-14753
-13045
20932
2811
32767
2079
-8304
-8594
13790
-8655
-1952
-8403
448
-32767
12603
3195
29481
-12248
-4994
24011
-6014
-6903
-5988
-4794
-8282
2897
-389
-15926
-3796
-5120
-2598
-22533
-2234
6053
-1616
90
89
-6798
2102
9124
-3649
5897
-3194
14540
-12729
10839
-15538
14663
-624
7219
-5024
-4209
-5691
-2135
-5430
-11478
-14956
24233
-12317
-1196
14123
-8319
-11477
-21340
-12506
-17165
-4866
11690
5100
-6779
4226
-6595
-13971
-323
-7186
25180
-6968
-17110
-6821
20760
-1066
3927
-27878
1327
-15746
-4146
528
1224
10961
9535
9133
7350
-844
-1503
10378
-14013
-8968
6094
4804
6347
3638
7096
-1052
-19404
-549
-10871
971
-8329
-8304
8849
-16584
-9591
-10128
100
10836
-479
15034
10112
7252
18700
9317
29472
-32767
-16314
-4728
-453
-17388
-9701
8365
12757
5613
-11441
-11333
-14921
-13678
1201
-7037
4463
10170
-1797
1259
-2559
4078
4668
148
564
-19779
-13787
-11120
-18463
-10966
15647
21421
14776
-19301
13614
-6206
6310
20889
-32767
-7988
-5870
29780
16859
-3662
-3693
-27440
6258
-4305
6357
-13513
-6889
4798
-11698
-17221
-20835
1383
1864
9971
-442
4812
9837
-446
27403
2637
31966
-12020
-7272
-13091
-9274
-2786
-11876
-6521
9527
-24259
14190
3525
-24675
-1945
356
-16456
-2607
-9405
-4591
21828
-4637
-10947
-17446
-3939
-2996
-24949
-12920
5789
-11072
13523
-4273
5806
19600
-11135
-15329
-2233
-8983
-8423
-32767
-9875
2197
-12280
1970
5963
8381
16402
-18662
17282
-14355
-12994
-21502
-25984
217
-19950
-30873
-1923
7170
-9450
-2709
-4490
-519
-722
14270
-12543
7713
-18015
-10212
-14411
18579
-32247
-12076
9594
31220
-19458
2326
-6981
17076
6389
-2587
16411
5864
-3217
20426
-5264
-15577
104
-19060
-1668
-11388
-15094
17535
-12484
4556
-11445
4298
-6403
2609
-17856
-15527
-7757
8671
-2259
-1535
2368
5566
10257
9248
-10071
20141
6635
-1260
6404
-6335
10563
-415
-6760
1017
-3904
-1102
9427
2116
-16928
-2720
12004
-1891
32767
-95
4928
-15140
7135
-2430
-4940
-4259
-15190
14058
-14661
6354
4287
-9252
4978
7726
-16308
8875
-7456
-20878
4937
-27975
-16349
-10788
-1036
-21888
2874
-15055
5962
-6489
4990
-786
2461
5346
3388
5893
-7139
-14232
373
901
14900
-12771
-1736
-3619
20509
11313
12407
-12990
-7484
-4885
2605
14586
31249
6825
2888
-611
-16255
2836
-9224
-2830
-32767
1252
5711
12857
-1360
-9994
-16989
-16798
-3266
989
8617
7665
-7630
-16206
-9219
-1980
-14421
6499
6778
9827
2
1675
7115
5010
-6928
-8720
-5540
25702
9393
-2650
935
-13246
15081
18639
-2091
-6011
-5333
-18755
-20721
-10170
-21358
-22656
-9034
8423
19201
-17074
-3249
-15421
12658
7653
-16881
-12869
14789
5141
2756
6161
16780
-9986
-3340
10286
2299
24777
-3990
3564
-6681
-4836
6225
20966
23494
4236
-21543
-13373
-1421
-29676
-19997
6658
10801
1789
11844
-16938
8872
11986
18816
-16573
23702
12981
-9003
32767
-8534
-8894
-8150
1704
-15018
14390
21163
2819
-22588
2570
-5302
-15822
4498
2208
25157
1776
-14613
215
-4116
-11484
-6275
13596
-13690
20628
4870
-9477
-4042
-4423
-19191
5267
-5627
-22863
-3284
-12488
11148
13416
-10152
841
-2645
12316
18044
-1383
-19560
11660
12015
17070
15830
32767
-11908
-3422
3616
10627
-19682
-26696
21161
3286
-11307
-2963
8207
-7973
6754
-15848
-13480
1588
14356
-934
-6891
6074
25017
-32767
4390
-1816
-11847
17033
-483
-22928
-13111
-30813
7890
24886
13428
3482
15010
-11775
14396
-13404
25
7569
-3009
-251
-15054
29676
-21231
-7689
-13517
-31758
-14541
-2865
-15049
-4217
8507
-4447
-16111
6327
13488
-7291
-30977
3929
17248
13562
184
-18662
-4741
-8992
2425
-2464
145
-27162
-2251
13558
23165
19231
-4383
10233
-4332
20369
-5602
14049
-9310
-11718
8414
22456
12037
11904
-14720
8527
-10688
2140
7081
6461
-10411
5303
-1223
-10166
8515
-5471
3494
-13332
10708
4956
-6241
-16997
12690
-6845
3994
-6314
-5502
-16613
11202
3093
-3195
-12456
13125
5075
-12587
13773
-14998
-6564
-20790
-4733
-3553
-6976
839
8127
-5761
-16968
-12118
-1863
9730
6080
-3867
-19482
4778
6152
13643
-7796
8377
35
-10271
3398
-5186
8043
-32767
-25897
-9519
20317
5807
-23706
8838
2863
3488
452
4181
4587
7409
-28553
23565
3556
-3235
-4777
3892
4245
31470
2834
2225
-16356
20452
-3447
-9419
-12837
-16455
-24846
23594
-10338
16856
-12527
1032
25015
1527
-2473
-5237
4347
-6127
8329
-10609
-15201
32767
-11063
1614
19859
6220
1859
-14174
21372
696
-2268
6541
8725
-1691
12208
-6238
4724
-15944
11517
-4150
-6594
23023
1419
-18641
32767
-7244
-22619
15598
-10820
-854
-26
-13117
2619
783
-4313
16822
-8202
-16409
-16911
-10606
-9213
11893
10113
-5313
10723
14979
13203
-15003
-4438
-9048
-8234
22779
-8130
9264
-293
-11295
22830
11200
10947
1154
5329
16342
-3563
15550
7861
20676
-11148
-30329
1329
-19747
-15480
-16462
13230
7675
-945
-9321
6957
11015
-5379
11640
-7219
15858
7523
-159
28054
6447
-12962
-17375
2634
-7700
-3460
10637
-5182
-12058
-7140
-20100
7696
-131
-22428
-13468
-17696
-1509
-3042
-1010
4474
894
-17261
2855
-4926
-3406
1968
4123
3886
3892
-12003
-16988
4229
-12601
9542
9584
-3684
8581
3758
-4400
1248
11878
-12959
5278
-15172
-9552
-2520
-6788
6478
-745
-2201
-20468
-5943
-7572
-32767
-10233
11940
5950
16550
14621
-11477
-11698
625
7466
-3646
-8365
-16679
-17272
-20428
13786
-32767
18554
-14705
7681
-4314
7720
-10693
3928
-3446
13511
16709
-12340
-11070
-8119
6877
11295
-11667
-4066
-9644
7192
7316
14755
5205
-6407
-4223
-1136
6844
16037
2180
4107
-8960
16741
15999
-6600
-6377
-24468
-9283
12453
12141
24623
-5494
-822
-352
-17963
1493
-12028
-8774
7012
-10748
-8024
-6910
-3645
1390
13103
-9122
14233
-10298
10218
-11966
-3652
-1389
-6370
-17207
4121
27796
1343
2280
-17647
22654
-1653
4861
-15788
-7462
2018
2435
-21675
3569
-21589
-14008
14540
23507
-3541
-6375
15327
-345
-15871
15128
-28656
-26063
3506
-32767
-3430
-10641
-9944
26289
-6641
2410
-13493
-5244
-31241
3889
16953
12806
6528
19100
-13056
-2034
23091
18742
18074
-20981
1055
-18885
18312
-9028
3829
13045
-4036
-18212
-9435
9452
28746
10128
-2806
-2511
2122
1562
12768
-8918
4757
-16309
-1630
6119
-6775
-11014
11282
18047
-5648
-18025
3661
-27122
1390
5659
-6533
-10596
-89
-14295
-6897
20713
-10844
-7965
-2971
-11430
-9217
-6315
28695
-12186
-6123
2937
-9104
11622
-3236
-5916
9412
16428
-6591
21786
22326
3289
19586
-1303
-20570
-14882
21911
-9021
20287
-6522
-13433
-32767
-11327
-14259
30926
-12334
-15187
-10331
-1449
-2404
-3274
-18354
-24410
7067
-6266
7292
-19826
8250
-32767
32423
9935
15597
-23894
-16671
22166
-4000
-22224
7337
-10936
-4519
14391
-3419
-4572
16665
245
9526
-5214
12903
-16703
-6195
4424
-13051
-15009
-3557
-6255
12126
-4884
30398
-5082
-10425
13202
21966
-11731
-8164
22331
-2131
-18724
10072
6726
-4237
-1678
3977
-8733
25117
527
-19854
2811
17151
9059
-13657
-22511
15719
-18065
-11794
20089
27524
6446
32683
17168
-27435
2477
-20338
-10062
10627
-7756
23102
15903
-7985
10691
11105
-12851
-16960
-22180
979
8815
467
-7680
-9982
23508
-12590
-17079
12376
-2176
13975
1396
8895
89
9942
-24008
22497
-17462
-15548
6552
932
-22776
-5817
-23238
985
-1490
-2519
22343
27494
-11337
-6060
4055
-22461
4145
14517
-31886
20029
4041
19683
22153
13468
-21505
9514
-28432
1570
32767
-10313
-7120
22081
2066
16862
7146
-5024
-9557
1385
-3899
7937
-8266
1979
6558
-13488
10089
-1789
-20250
5793
6813
3080
832
-4536
12360
11655
-3507
3629
-13197
-2090
16828
-9496
3833
1392
-12426
2538
-9515
137
5305
-2368
-32767
-3496
-14811
21900
-7776
-2550
-8277
-31
-2554
17884
10040
-9680
1454
-12221
-3387
301
13513
5417
15277
873
-10810
4137
-370
-931
5914
5143
-8364
-8808
-5969
-11571
5748
4808
-27032
-10073
9932
5397
17616
21893
15117
9561
9951
-10647
14052
-13761
-9159
6754
-3892
387
31506
-848
5937
6176
-24303
7059
-2739
-17160
775
-1798
-18293
1822
-2389
-192
14518
12721
9207
-5482
968
1428
9375
9154
-2962
3701
-3642
-32767
-10635
-26177
-15448
-14185
-17433
17895
-17755
-26197
3950
17809
1211
8599
-12381
7873
-2836
-15151
-14504
769
-12585
-4898
13103
-4905
10114
8839
675
2176
-19415
7358
14181
6564
417
-20252
-11928
8525
9739
4869
2916
-2676
-20091
1048
11240
-6747
6999
16162
15928
-3782
13241
12217
377
22935
10204
4859
7723
-2224
-21849
2194
-10361
-15259
6910
10211
6061
25194
799
-8638
12364
-6307
-17544
-26679
3262
-1954
7604
32767
13584
-19235
7872
7859
-3448
-5468
-14194
14589
5654
-12608
-2461
-16870
13893
-14336
-23144
5405
-5484
-7664
-32767
-4114
29667
1315
-17478
-12504
-15710
9835
-17984
3937
-3798
11078
6267
-3740
-13569
-11016
-3544
-4330
8332
1354
19672
-2383
-16686
24922
-12613
-11034
-10277
6024
8956
-5257
385
-2700
-2402
-4651
-2953
220
6752
509
-25004
-20745
-14187
-702
-21725
4796
14424
-7813
7059
5039
6532
3107
-659
-27060
7406
4383
-1384
3248
5632
17346
-1208
3880
2079
21560
-3613
-8602
22130
-29710
-13130
-21147
-4268
10206
-5488
3974
-7425
-1787
-6767
-5786
6019
12387
734
-12466
-2685
-6494
-22708
-9434
339
-6358
1948
32767
-21495
24490
-13236
-7667
-4298
9640
-8111
-17267
26548
-2694
-6725
-10271
-4972
-16056
-15811
5270
8495
-7176
-549
-12857
24660
-3689
7378
5396
-12532
1786
3916
-30509
4746
-25973
-6413
11544
-3001
-25843
-3857
-11152
-8061
1142
250
9911
10547
-10053
738
-9476
-10760
-8726
-6888
8831
6066
10465
-5179
-13522
6660
3554
-10011
10720
-1015
3228
-19786
-4346
9878
4198
-9102
32767
-7210
-10772
2272
1444
7678
656
-4782
-8171
17892
-742
-7473
527
3972
-3424
1996
-2104
1013
4198
-15173
5451
9109
10296
6294
5272
-16927
11534
-8442
-12985
5990
-22904
-2036
-28813
-10166
5476
3714
5712
-9191
5737
-4931
10512
-8888
-1932
6004
-7271
-13495
4509
-926
-10903
13461
4336
-7675
-12000
-5083
-5442
8257
11340
-1860
10548
-8370
-8612
-5013
-2526
9710
-2757
-19758
-13658
7937
-11292
-17679
221
-6998
11735
14177
12995
-9362
4939
-15592
10273
947
-6751
-16960
-583
16597
1392
-7212
7903
3589
-12003
4794
-16088
32767
4554
-32420
-11493
-14115
2250
960
-7999
26925
-2355
-17125
12189
7071
4736
-13543
-16489
-2120
17857
-19506
-5389
12681
-529
6908
-2532
-2066
6185
-3105
11006
-8174
13352
-13514
2544
3972
-10448
12152
1859
-13391
-1774
5533
501
7461
-3923
739
7470
-16860
-7952
-13825
-6743
-7591
32767
-9938
13550
1141
-2110
-4291
-11016
-2333
-4428
3210
-2905
990
272
-15494
9465
-3967
-10530
5105
-1802
-13512
2112
7780
3799
12129
7936
-15137
-17256
9799
-15606
-15749
-16085
2332
22060
-2901
7900
-4055
-13725
10670
-16315
-7086
-9411
-22563
-5540
-7333
431
8439
-6743
-4261
-7288
9606
-1802
-12964
91
-9338
-2127
7220
-16928
-3288
10960
15893
-19404
25287
10284
8242
-2863
-1493
11855
-26426
6693
-20850
-1554
853
-15567
32767
1483
22730
-1377
-16302
11194
-7459
-4584
-24891
10666
-1941
11666
-2817
-2870
7487
7834
10730
20592
22957
258
2586
-6772
21746
12885
9425
-4927
-12403
-12732
-13391
-32767
-8900
-464
16295
-726
-2036
-4907
-1233
-6524
13716
-15674
-20565
-6070
-710
19508
3613
-9648
-5997
-9141
2292
-1840
-2921
-9032
3166
5655
10922
5456
10241
-232
3065
10227
-1487
-12303
18232
21259
1500
-2995
5158
-16921
3458
-7067
-17273
7564
9176
-15649
4593
1064
-7135
-2666
7657
-19030
-20163
4652
-10846
653
-4089
-8620
32767
-16054
5587
-14314
-15166
2620
8162
-27966
-5044
-10973
27761
11004
-6054
-1432
15762
10745
20656
-7031
-9854
5704
15275
-11496
15898
-3502
5559
527
-5707
2993
-19304
8926
-6450
-18241
5473
18008
-8119
11519
-13134
7050
-2284
-14242
8494
20159
-3052
-8310
16078
-25491
3648
-12101
10379
-19286
-19466
6980
-21896
14098
12433
-32767
15664
-17290
12837
550
-3898
-3768
23637
-2174
7675
-947
-12540
-21933
-11695
-11528
24342
10784
-3325
3238
26782
-246
-4533
-8847
10165
9741
4167
-14080
21676
10469
8569
-10174
16406
-4013
-17009
4527
-93
-1946
-2059
13199
7607
-8728
-24989
-7105
-11444
-9114
-10555
-16071
3509
6840
1364
17778
23879
-16557
26697
-25459
12955
6137
-1637
-1349
-6162
-4567
809
-10288
11636
-30951
32767
-13376
5597
-5333
-14446
16206
2581
-32643
2361
-3042
-18689
-19327
-15976
-1964
7868
-22990
5859
276
8955
3699
13151
14344
-11045
20323
-22216
-4959
9645
6149
11580
6815
-10187
14788
16512
8636
-2848
-12992
-318
15249
-18049
-10878
-22456
1463
-13188
-30468
3608
-11423
4856
-5992
-11156
2178
9707
17711
3756
-728
-10687
-20981
8
10082
1708
-5789
5903
-10700
-6008
-2029
-3123
-12792
-1002
-2136
-1788
12599
9269
5030
11331
9997
-1118
-8877
2685
-14862
-3312
-4976
-3404
-162
5211
11833
7873
-5926
972
3878
283
6289
32767
3535
-15153
546
-11774
-7658
-2881
-4518
-8189
-6183
-18395
-9924
5233
2353
-16435
12577
7222
-4194
-12805
-27
5343
16621
-14165
1391
3132
-8388
20220
1974
-2471
8193
1833
10327
4011
7141
-8378
-653
14451
-3034
-6226
-6662
1123
1754
16243
-6669
-901
-21910
2395
-12130
-4671
-6528
-13122
5216
-9015
-22565
1078
-19834
7767
12535
4008
1394
-19869
3748
-487
-2205
20316
-4966
-637
5163
-5821
3871
5916
-3311
19467
10906
1669
-2197
15867
6405
12272
538
-6130
-1213
-5814
13677
3165
-8504
13212
-32767
-2046
3797
398
-6642
-11034
-3778
-3004
8818
1783
-13319
3040
-3529
-8682
2485
10153
7697
-23736
1551
-11535
7208
-3528
-19277
10400
-10756
-20866
-7582
12976
3115
8889
12458
-1677
16271
20729
-9297
-7463
-7363
-13799
8861
8058
-23780
5884
-5933
2453
11848
5559
4609
-1098
-9548
-6799
5028
7193
-18696
26251
-1978
-14930
10564
11690
-9755
7427
-18640
1425
-11159
22418
-32767
-13962
8154
12949
17437
-24242
17947
26846
-20223
-7882
15403
-4905
-18334
-8986
22020
10483
-13038
3050
15844
-16252
10094
-15530
13196
7236
-6575
540
-9389
-987
-2555
-1270
-11414
-405
8314
-6826
13125
-448
14415
12531
7640
7180
-10733
2502
5545
-13016
21087
5319
-5323
-5964
1948
-9382
-11698
-19019
3181
-4778
6260
-8328
26435
-6956
-9347
5305
-1404
-7929
-32767
-5782
-3197
1125
8247
2072
-5879
9040
3025
-2176
-5258
4213
-12048
-13251
12766
12639
7028
-1917
-3715
-20114
22712
16933
2296
1186
1418
8422
2062
9990
9284
17559
-12123
-1563
-19035
-13333
-15184
1459
4770
1405
3944
-16434
15550
-3526
-9907
-30344
-3362
-11149
32767
-18524
-11222
16572
-14629
-9157
847
-17916
-20589
6176
3185
-7986
6825
1527
-8431
-8209
-6509
5734
-13498
2762
-7101
10956
13039
-3348
-4327
-32173
-1703
1120
-823
2913
-10170
-13250
-18667
-13904
-8995
-12787
-6788
-9337
32767
-23967
-6208
-15312
2199
19383
11425
-13097
14339
-3820
8474
10395
-16445
-4871
-24465
11753
15418
3506
-12868
-10940
27703
15608
-1909
-2477
-17197
-7649
-25882
7965
-22568
-16382
-22360
-5506
20875
-29810
16624
9336
4523
-16931
15555
17330
6686
-28883
15587
21405
7021
27196
19426
-15727
28159
20740
-13226
-4526
-27850
-21516
23468
-14754
-19235
-9030
1263
11757
-3174
-23338
-3241
-19391
23551
-3903
-2943
2396
9869
-1010
10526
11276
-939
4975
13704
-8581
-2536
3290
3503
10440
12323
-12349
690
-14415
4018
12735
10370
-3728
4738
-11885
10622
-7398
-1904
-130
1962
-32767
2271
-14134
10267
-15800
-1029
-13268
5307
2714
4095
-12403
-16113
-4897
-9697
-3953
7921
11015
-1007
7820
6723
3288
-3746
-21933
16549
-9631
-5819
3019
-2705
-2068
6692
8212
-22210
-21703
12825
-22624
9621
-9461
7370
26566
3928
10091
-1625
2100
8227
-23222
5283
-2425
-30366
30877
7491
-26036
16438
13036
-9279
-3880
-1215
-2399
13361
2522
-12956
450
-3082
-11580
2483
-32767
6468
3814
14020
-25863
-5148
-848
6752
5103
2781
1976
7167
16493
-15455
-186
12148
15668
-3269
12452
-12021
86
-24780
727
14975
-24629
7585
-12192
8686
13752
-27903
-14335
-17256
-18621
32767
1071
8400
467
4715
-6163
-14240
-9460
-19255
-417
-1052
-5420
-14720
8351
3328
-1157
24160
-15000
20230
-4250
-1989
-14303
1311
11314
-5992
-8006
12372
18335
1222
-1270
-3542
1558
4401
7476
14118
-14922
4300
7140
-7943
-2748
-13349
10944
-2995
-5342
7202
-20167
-11207
-5469
-4425
21077
-18811
8197
3405
3694
-10582
-9578
-5646
-9202
-14598
2560
-4344
30425
-8134
-13962
29221
-30527
9196
7473
-10653
32767
-7994
-17076
-2958
-14279
8893
-25098
12589
-4806
-6439
4616
2175
5600
-11193
-8893
783
-22002
8712
10458
5991
-9287
1760
-12167
-5210
-9456
-6088
-19077
1508
-9241
17909
4357
-386
-3681
23098
1061
25491
-12668
-16456
2879
-3314
-22829
11970
15698
-2495
22467
2595
-17197
8791
26491
17282
10034
-805
7761
-8369
-5555
-26825
-10357
-16725
-2644
18159
1462
14627
-2460
11937
20933
-13891
7397
-2680
-5482
10824
7906
-17409
-5242
-9468
21400
5575
-14416
17868
13442
10402
8320
-18436
-12499
8800
10325
-8134
-8696
1721
6960
4725
-32718
-3284
-11802
-8731
-16814
1458
-1072
14531
-7145
-20710
-4977
-5596
6078
14633
2176
17942
152
-7495
6979
-9771
-21529
-32767
-1993
-6271
-1655
9576
11774
-23815
-6738
-31321
-13734
-10352
14173
4286
8984
-4678
-7446
15887
8817
-6026
3513
6714
-13665
10651
-9404
-19482
-6433
-338
7293
23439
-32767
-7181
-15737
17479
3431
-8782
17776
7642
8184
24007
-16642
-1677
-3034
-1979
13817
-4966
17363
27320
298
-7288
-11163
9871
12041
-25140
5195
18198
-2645
5186
-1555
-9608
-105
24830
8318
-10020
2139
4354
-7733
-9970
-20258
-11145
3354
-2048
-7451
-2211
14249
4611
-10765
-2943
-9622
-4204
11336
-7924
25065
1650
-32767
-167
-7873
10701
8391
-23403
-6704
7932
17735
5298
-4687
-1880
-17767
5678
-29725
-27330
-6264
-15460
1239
-12949
-23772
-4354
-11142
10866
4202
8345
-20414
12228
4428
18741
7298
25497
1407
9176
-4529
1029
-32450
-25192
14472
28410
-12539
11968
13034
3305
-995
-10806
-11717
6672
-17802
-6757
-2502
-2880
-8817
-3842
-17852
-13887
-6294
-3281
-26343
-3334
13176
5861
21640
-2006
2328
-14815
909
-5943
-32767
3259
-551
-6344
7450
19894
-12073
15287
13107
-6917
6090
7164
26987
11300
-4747
-8051
-5674
-17338
-15577
3031
11843
2435
-16654
-2940
-20124
-7425
-1275
7272
11990
-4981
-418
-1054
9052
-24427
-6346
-2463
24666
-7602
14504
-4812
-9009
-24774
-6342
13248
-9490
11073
-3771
4460
3271
-8939
-3709
-15867
-9955
-22408
-13005
799
9229
9818
2253
658
5002
-9498
3368
-8804
-4471
-1126
-6851
-8234
6967
-1254
7697
5021
7140
1240
-1944
-1471
32767
4741
-8028
763
1739
15769
-8095
-2099
-19165
1467
-28356
-10527
21155
18000
-3166
-7507
-13513
-17254
-1770
427
-5777
12464
-14654
-23972
14254
6286
21571
16994
4578
25748
12798
-3980
11488
-1900
10036
3998
1443
30871
16288
-22460
-10434
10975
-13707
-4920
6628
7924
28397
14627
-6331
-9894
-6331
-14848
-23948
-1299
322
23257
20956
4160
-1601
-14463
-13363
24565
-9939
-6020
32767
10307
-10509
-749
-22745
-10737
9404
-5786
16246
-9460
-11540
6463
1389
-4102
-2254
26529
13373
21443
-31363
-6688
21193
20712
-17029
-2231
8341
-10324
24473
-3524
-18340
7056
4345
20593
-5328
-1619
-18373
18153
-7384
10550
23578
-16412
-12553
7384
-4359
-14897
-548
16512
-6131
-18552
6579
-14360
-5932
15379
6781
-13178
4238
3913
-4744
3998
-15529
5445
23119
-16440
7334
-4261
-818
15771
-15963
-5487
17119
-17895
-3468
4876
2406
-1087
-1065
14788
-11238
1996
-32767
-4843
-6729
-7009
1208
3252
-5965
656
-16247
-8723
13897
20687
16262
-696
-5096
5082
-21004
-23957
-10124
-10102
-13052
15042
-10926
-2512
351
-11424
-12478
14175
-14799
-3332
-4163
21057
22411
-1164
-870
-11567
5680
-1853
-32767
-7498
879
-7463
17976
11689
-3311
-9757
8941
10270
13125
-5074
13298
8680
-3281
-7853
-10858
-17301
-1472
10910
2067
6200
-5616
-3063
-22907
-991
-4121
7817
1846
10071
1104
4383
715
-14915
-7222
11250
11597
-14163
17922
-171
-9785
-10197
-592
4218
-23013
22274
3114
-3612
-35
11104
32508
-677
-19269
-1614
1308
10176
243
-11744
-12392
5359
-3835
300
10418
-6559
1355
5728
-638
10344
7330
-3815
-9423
-5738
-13975
-15698
32767
-12338
2564
2459
2723
-7009
329
-7561
-8090
-1645
3016
-13758
11943
4816
15218
2248
12794
821
2078
-18654
-17864
12287
-4486
-18467
10953
-27710
5629
-15123
-2383
2242
870
9131
833
9822
9092
13403
135
-6499
1198
-32767
10558
-3803
-919
-716
-1421
5063
-2444
-22378
2614
-2356
-8272
-10113
-9287
14252
-669
-8006
6348
-24080
500
11946
609
4553
-32430
8325
1488
3034
20229
-7519
-1367
17227
6822
8367
14788
-8210
466
13309
5057
-3711
4208
1893
-1910
-3072
2877
-3843
-6501
10331
-6663
6180
15310
-27601
8368
2156
-11482
-4782
-14905
7976
-5868
6268
-3640
-23174
-1175
-7818
11443
-15139
7225
-13741
-10560
2099
-17567
23896
-5907
-23306
14564
16039
9184
-14060
-5154
-5694
-6854
-3289
-2438
1561
8928
-3624
-17447
-15295
7506
2615
4904
9848
22185
10318
-2220
20286
523
-6550
-10912
2740
-16291
-1002
-3787
-7957
-8403
-5756
-2350
6416
-17334
8608
348
3839
-2391
-32767
-15167
15352
13879
-361
10207
-3479
-4549
4216
-4532
1806
-1888
5337
4909
12320
-10447
-1078
7061
-13802
-2399
-12424
2417
26742
-506
-11095
-4024
1437
-5930
-20673
-4843
-2611
3439
-27768
-2741
-26181
12303
26143
-5780
-17238
762
-2661
-6576
-32767
15320
-21106
1461
-11851
30815
29215
19068
-33
16515
-4125
310
6894
9125
3847
-5802
-657
-19755
4677
12485
-8825
-15756
-7551
-22737
-1983
-18664
-3310
32121
-7903
-15561
-2826
16325
-2621
-25053
-21458
1348
-8099
22227
9957
-3677
-7247
3906
24592
-7544
-22856
5294
-13209
27390
10772
8040
-2411
-10044
-8817
-17014
-4466
-11566
17325
26073
-13169
9610
-12130
-14902
-18861
-3842
-7174
26614
-7592
-26657
12260
-7520
3031
27559
-5118
6863
7351
-12688
-2447
15361
32767
-28340
-13109
-20715
3718
8208
-6148
-7281
-10071
28161
15729
-8732
-26062
17310
-20215
-4249
7773
8569
-9736
-15796
17801
8864
-8046
-1893
-17558
12892
6635
7795
-8243
-12419
17216
-4862
-27348
1318
-1956
-8566
-5733
-21886
348
7134
-10500
-1063
-9845
8160
6896
-16442
4159
-19020
26623
623
-3812
15161
1105
-7019
14781
-1567
32767
13786
185
-24722
-3362
-1743
18176
-1050
762
3181
7227
-4854
-7237
-202
13676
-7484
-5035
5811
-11655
7980
3530
-6379
-11877
-19220
-3263
-2358
-6085
-1884
-22218
-5620
5558
6370
-13020
8072
376
-10079
32767
-27910
4663
-12599
1405
6683
4365
8687
-962
-1650
12950
27119
5626
-9306
17361
-17036
-1264
15414
13678
-3627
-1881
-10063
-9160
-10183
-11281
6727
4543
-11773
8405
18471
-5049
-2073
12039
-23528
-30217
-14277
-6813
-11814
2772
-10182
-3931
10693
-11399
-7572
-11545
1591
5865
-22057
10871
7556
-17576
-5546
-185
8185
18667
-1846
-15848
-24942
9101
-21698
-7961
-3308
-19779
-4856
3870
-23163
12394
-24743
-5182
11388
-15578
407
-21676
-12536
9647
6203
5991
-6804
-7253
17115
-3450
11953
4837
32767
-4718
-12630
7266
-18678
10075
-23135
10982
16189
-19677
-14524
12151
-8553
-12662
3734
-1513
-2673
-4762
10419
-4201
29692
6524
6396
-10980
-9374
-1506
-8902
-4744
32629
2372
17658
5387
4083
-16393
22404
14497
-13029
4379
1852
-8292
8327
-1698
2881
-18917
1777
18821
-3229
9210
-670
13572
-10810
-4309
2637
-23178
-3533
3880
32428
-23174
-1867
2883
-4684
7230
-3713
-17765
17990
-13369
-638
3890
19506
8667
4091
3451
-718
-5955
454
-1021
32767
-6847
-6568
7704
16886
3868
2176
13937
-5223
157
-1932
167
-9957
5143
-10433
-22934
7672
-9196
14087
-3598
7562
1419
-2698
18923
-5450
-1468
3548
13115
12208
-18645
21255
-9625
-5038
-5136
-21336
-26434
-20069
8635
-14089
8662
11483
517
-17433
-19026
12861
-9748
-17963
32767
1120
-16655
8558
-1421
-12265
-22202
-3124
-22903
2930
8341
-17375
18544
-5670
-27111
-2003
-25816
27464
3945
24256
-25921
31031
24797
-18608
-17983
-5404
-22754
14275
13298
9078
1626
22510
25828
-18626
1225
7539
-14640
4084
-21433
22258
-7738
-10407
26757
9510
18605
-368
-4822
31558
7440
-10804
24611
1521
-16644
22763
18519
26352
-7748
360
-5507
12085
-14233
25111
-2304
-17593
-16120
-3530
-13860
10940
3423
-5931
-18783
-5132
-28815
16005
-3249
3377
11090
6559
-32767
14054
-19228
-9068
-10258
28733
-12740
-7878
-1810
-10366
-10504
8345
5953
-12930
6024
-17028
3777
12811
-145
-3598
19622
10136
-12059
5590
-11441
-11820
16137
11691
18094
7448
-4009
-8937
23553
-16122
-4059
-19072
25856
11324
7426
13785
-23195
-11451
13843
-32767
-5157
-983
-2078
5556
-16342
-11350
28380
12289
-22772
6439
15468
3124
-11705
-1034
-20013
11919
2271
-9088
-2913
11421
-17476
13805
4876
-6404
-4314
14623
-524
16931
15841
612
18942
18930
-2553
16665
14226
16297
-4825
12826
1611
6614
9636
12111
2745
11025
5142
9578
12505
-14820
-2990
2199
-310
-18109
1242
2078
9219
7750
18191
-3540
-19110
3232
10185
1525
13460
-20490
8032
6282
-11106
26991
-32767
-15531
-4434
-3435
-12228
7361
-14556
2782
-4223
-5055
-16609
14243
951
-1069
18611
9888
-30226
24219
-19883
-16452
7507
-15610
-30751
11166
-6111
-22267
-23205
8553
-19656
5921
-10625
5962
6963
-18247
-2818
4355
-17835
19238
-17451
1158
-29398
-10301
11488
-15632
-16081
-6887
-21331
-8651
-13879
-2553
-476
9259
24305
-31584
370
-12891
-22906
-8039
-24065
-15178
9154
8962
-14337
27035
-9559
-13248
10251
16105
-21495
11304
5494
-17750
-8730
8120
-32728
-18957
367
16084
-412
-782
-13262
9612
-17832
7509
1497
24850
14063
-8850
27547
-11775
28204
14248
-17942
-6003
4338
14539
-8373
-17533
-30403
-21072
1383
10190
-3262
-32767
-5048
16207
10247
16012
28503
-6288
-14359
10931
-15362
15464
446
-19118
2127
10767
-6234
-27549
-18561
4631
8116
-9316
3696
24047
-16942
32767
-283
-14103
2048
-478
-6263
2938
9407
18374
-6201
-10785
-8115
2114
2923
-10041
19061
-17325
-13025
12731
3832
16172
-16256
1430
9049
8991
-9745
12261
1820
-5042
-6338
6776
16907
14379
2637
-18070
16685
4617
-808
13770
14405
-6912
7740
-9858
12162
-30206
1491
10499
11342
7475
-15746
-6494
8928
5520
6810
1085
-2805
-6478
10024
12357
1358
-3101
5146
9576
-9728
32767
-226
-11115
11502
-3116
-151
3623
15149
1341
-14353
-3297
-10784
11668
3980
-13689
6724
-12814
1313
11207
-11868
-2659
6590
11325
14361
-9382
-8692
-14324
17087
6446
-15031
2508
8163
-8408
-7736
8975
-5914
10216
-12408
3486
-8891
6838
-13884
13786
-393
-297
-3462
7339
-2965
7560
-12370
3060
-35
2321
430
3146
-14084
12402
-3154
16781
11423
-19762
4609
-12948
5750
11565
-7611
-9388
16867
9290
-7985
6660
-2165
6704
3370
7251
-32767
-15869
4719
1978
-10679
1961
-14843
8571
5306
20875
-12616
18045
-7395
1097
8916
13472
-6178
1212
-3276
-5069
16625
-8435
-14618
-10984
-1338
-5837
-22407
-8676
8117
7502
-4227
-6998
14583
-22914
-15781
-5782
-21181
-5029
-3789
-7104
-12296
3144
-12793
8599
-4129
14323
-10682
32767
-1003
9783
-13175
18396
-3911
26374
-6760
-10414
18003
-11156
-16950
-10137
17936
-18932
-15557
16788
-16133
1456
-1456
-2916
12846
-16218
-14894
22710
3882
2027
8787
10217
7032
10380
21935
3431
2738
14810
-4521
-8595
-13756
1542
-12856
-13274
3510
3995
-4079
-1662
-5460
14414
-1949
10930
2684
-13808
2851
7855
-9122
-5002
-14883
19002
-2419
-22875
13759
-238
8010
19505
32767
-4023
10288
347
2865
11736
-10959
16795
-16316
-10012
-1028
7409
-12611
7322
19479
-6077
-11081
-9321
-19235
-6886
5416
-11614
-9010
14222
-18120
-4445
-15368
10539
11044
6253
8359
13899
14916
-12442
-13486
6308
11505
223
3660
9750
-19581
-3695
-14592
17329
1968
-11326
9145
9021
-7513
-999
13541
-16333
-25053
-1835
4445
-15648
-11532
14474
-13825
-19290
4604
16571
-19722
14747
6755
18097
11514
-1169
1346
-2079
-10026
28908
-19927
-15389
-14561
-1976
-12321
4200
15140
8801
-5472
-10290
-7272
-7033
-9525
-958
4814
-9826
-14747
-5505
-16065
32767
-8885
13429
3665
267
2676
-12852
25555
20586
-22044
19067
14172
8766
-9975
-4962
-10659
-4380
-7646
-8150
16930
-16803
10931
-2329
-3216
-12494
16176
1547
6537
2050
-2028
-18722
7759
10729
21350
3591
-14066
13273
13184
8491
7621
26
2204
11874
-15835
32767
13503
-19591
-10633
10950
-1371
-8919
-6031
21217
-8182
10111
-17028
22024
1193
4050
-4639
-4546
-1375
9564
-2777
16209
22124
8551
-6499
23707
23831
-22384
549
-9018
-3733
11979
8839
-19813
-32585
-14035
9344
-12110
14592
15100
-2951
-1359
-7100
-3884
-17598
-6958
11263
8744
12989
18844
-5470
1352
2163
1890
18953
19080
-32767
-6137
-5055
-9252
-15123
-7316
-5628
17679
-14462
21036
9206
-10845
8349
8714
-10355
9035
24034
-11362
-11859
25536
7314
7893
5040
-19716
1873
3724
-27052
-8150
-385
2872
-14358
6586
-12371
-2923
17400
8952
23594
9598
16806
-20471
16799
-9981
-23398
-15856
8409
-13420
-11981
-3358
10499
-23875
-15701
7309
4205
-19563
-24086
2999
2243
-18034
8038
-16331
-14134
-29772
6382
16858
-307
-1375
-6955
-14373
620
-13097
-1932
8168
-10108
32607
11413
-14961
24868
-5731
-10313
8132
6518
11360
-18384
-19022
11209
3062
-13417
16543
28265
6122
-5151
-10463
-10761
8249
12397
7040
-17437
-8758
19187
3575
-14203
-12242
-549
-19174
29779
-14232
980
-19354
4515
24415
22362
-8330
-15091
-32767
-14123
10341
-6179
-12677
-13653
-11802
14759
1514
14433
19704
8191
6964
-4184
5838
-11549
12850
32767
-5710
-5018
-259
4641
11329
-12225
14494
-13788
-14607
25034
12498
-19838
11689
29174
14116
-16172
-6779
-15947
30
-7068
-13581
18606
-20052
-22571
-8656
-18417
-14462
7868
-8640
9925
30032
215
4945
-10434
14008
-14618
-6964
9904
-15632
8130
-3246
-21168
-12451
4462
14973
-19009
3734
1505
-16667
-5036
-15139
11991
-2345
-15672
1372
12997
-4509
-7996
-2441
4968
-1298
-11381
1585
12931
-2810
14517
113
-13611
7742
3989
-5695
-10049
-4555
-1146
5168
-5334
-5096
19217
8863
7789
16739
-4664
11578
7100
-631
16422
-2322
6896
-812
-10155
32767
-12032
-3643
4249
-3162
-5457
-2143
-6316
-3790
-3225
-1065
4248
-6574
-5337
-10439
-9555
2313
6887
9429
-11607
5247
-948
14005
5706
5358
1868
16018
-21921
-16707
284
-6953
-7093
-3921
-9734
10427
8872
14523
23817
-22075
14285
8761
4332
55
-14244
-323
10354
-11526
15951
22784
-15963
8349
18201
-28562
-24660
6972
6459
23170
-8435
6947
14182
21189
-26904
3508
-8907
-8589
-23169
21594
3057
18767
27208
-113
32767
22904
-31065
7243
4586
-19749
-1441
-13572
25586
7843
1787
-11453
-19052
-25670
-23452
-13483
2280
-28405
3764
21724
-8312
4002
6247
9451
-4229
-27859
-19388
11280
-10333
1872
-2438
30446
-15111
-5052
9375
23499
2599
21542
-17648
-12443
22171
1060
-7240
3020
1989
-11071
-9116
16770
-32767
18381
-2969
-10080
-1296
10681
-10538
-10298
9652
17091
-12543
-8563
15981
15974
19088
-15333
-21881
-3561
-558
19101
16161
1341
-6558
-19404
2130
12909
-5406
2654
-4196
-12067
-18730
-13151
16130
8186
8116
14480
3374
-8099
-4628
9320
-6059
8252
3790
1657
37
3141
1165
221
-964
-14937
-1574
23920
-9316
32767
-11838
-9983
18051
6688
-10763
6941
3736
-11463
-10798
2844
3314
7445
-12434
7712
-17474
-7059
-17294
-11349
-790
554
-19037
3487
10697
-14208
7956
3248
6858
-6622
-27921
-6658
7941
8146
-13254
7528
12801
21262
-7551
2634
-5795
-8296
18048
11197
-1231
4323
13839
20390
6444
-7512
18546
-3763
-7254
-20037
16566
5433
-13767
21512
-18098
-5374
13943
-7411
-486
3410
13334
8721
3655
-16283
27635
-11642
11590
14011
-2513
-14909
-627
25266
3838
10126
-6279
13910
22290
-9897
-20630
6631
-12337
3392
-13470
5544
-4989
-1412
566
3260
-13323
-10921
-2362
12459
-11294
-6172
-13276
-9603
10681
5021
-20222
-4981
11518
-2279
-4536
-13804
9599
-32767
6604
6417
3686
-7773
-14531
38
-6540
310
20688
4093
5022
3467
10472
13672
-14227
-25966
-3269
9170
14725
7756
15200
-10908
-14638
2516
-12522
20503
32762
-32767
-1632
-14134
-1783
13879
-2232
-5485
22410
892
-22463
-862
6193
5276
699
-15477
9349
19641
20342
16589
18297
-11041
-26828
16591
26918
-13383
-27424
-5102
14566
16321
-6268
-2890
1678
12277
-17979
14021
9041
-16671
24796
4860
-9014
-5173
-18262
-2209
-15553
12792
-9886
-16347
-19527
11842
-9798
-6945
32767
-10211
-18315
26445
-1094
-3031
-12098
-4375
3763
14093
10461
9037
8293
15606
4065
1001
-18542
-1323
13465
-11207
23294
-17903
4417
-10855
-7747
15257
-15229
-3201
13260
-8124
18576
-4635
11052
-7899
1983
13217
-7891
-13320
26552
-17027
-25665
13588
12991
7627
-22597
11916
-16440
8781
-9446
-4626
-6062
-3729
-252
-13497
14252
-414
8363
-24879
-12420
-890
-21298
-11764
-5254
1139
18683
-6834
4523
-9098
-6933
32767
-9939
-4231
-8465
25316
1491
2364
991
-12674
-429
20395
4172
9261
3544
-12010
-4063
14890
-24088
20681
-7312
7930
773
17773
17647
7172
25931
7715
32239
-18704
-22271
-894
6817
1623
-9404
-12408
-2766
-13439
247
-4273
-22943
-4140
12250
-12744
3902
5226
23225
-10209
3788
7310
8083
-918
7257
-16310
-13069
-18702
-733
11041
6469
-1453
7078
-26785
-6594
9361
6658
6340
-11311
-9270
-14276
-5623
21717
-21906
-13551
-4086
-7044
3519
2304
22200
-19619
-7707
32767
29854
7350
-8573
5893
2363
16238
3824
-13129
7744
-831
5726
-7859
1224
-9125
1873
-6116
9071
12611
10939
-8456
2521
836
23121
11305
-13383
14398
5475
4519
-8610
4544
-4765
10441
-8303
-10640
16012
307
-5956
6301
-4774
-4653
4932
-10913
-1737
7908
1846
2444
4435
3647
19418
2222
-3031
10532
10720
-9810
-7021
-5070
-10322
-13998
-15707
-3008
5162
-7631
6986
7708
6471
-2783
10761
1238
826
-10718
-15808
8224
9258
4964
5333
14424
-4084
7545
3104
14741
-11547
-32767
1688
-6817
-2345
-5830
-4645
-6667
3444
-1792
6198
5488
-5967
-10548
-10816
-7162
4921
15327
1341
6199
-21878
12350
-10883
-10260
6414
7773
2610
7258
-2389
-19954
4367
-2445
-9432
-19190
-5124
-23513
-1974
18541
-12362
2259
11957
3628
4069
21568
6522
-18767
3681
4496
-16021
13548
8275
-4059
4876
-7968
8550
-3873
10986
3584
-32767
8881
7785
-28120
-8859
-713
1560
10073
-8567
-14881
7109
-17149
8412
10451
5380
12128
-6886
1823
-9057
-7193
-14787
-11252
8777
-14984
-1956
6502
4027
-10089
2041
-3278
-5061
32767
-3171
-18974
-12728
-6153
15810
1695
-2775
-4713
-5853
-11149
4525
11038
-21832
-11638
-9009
10259
14822
10470
17680
-20425
-2597
20584
-2723
387
12566
1804
-4869
7925
-1525
-8128
21170
12652
12609
14588
4138
-3198
15694
-11672
5903
8053
8125
1110
9197
-4259
19787
7294
501
-4405
13866
12444
-551
1955
-26136
9407
-4581
-17053
-11378
10604
-13178
-641
-17779
-12893
15599
8825
-18070
-1378
1891
-2551
7357
211
5607
-29705
-6973
-16446
5618
16751
-29005
19154
-8254
-9625
12139
5276
23506
-20851
5004
8788
-543
10071
-7131
9665
-19078
11866
6726
-17066
-12887
16407
22141
10735
-2520
1949
22170
-9827
-600
5002
10879
12454
-4984
-996
32767
6729
-27460
19907
-11837
12615
-14289
5428
-11140
-28533
-12314
-3036
23501
-9487
-31885
18595
2410
9475
3954
-28516
-9157
-6904
22511
-7723
18428
3687
11935
15149
-10571
3154
30470
15943
-13111
-23052
19409
14889
-13456
-10733
6789
3193
12159
28434
-739
4294
-219
-11253
8717
4225
29440
1978
-282
3864
-19404
13147
-15027
-9806
-8826
9257
11579
-13317
1372
516
-2598
-11233
10077
-4745
32767
-2125
8492
-11198
-21428
-5231
-6994
12493
13633
-21367
-21141
8041
-17512
-9145
-1354
-2592
-9800
12534
9623
14699
14947
-2837
-14253
14398
-7615
-7749
-7132
-9954
7924
22262
-24653
-9759
-8063
-6486
1502
5248
32767
-13616
-6618
26278
-15132
21727
-12949
9861
-5502
16240
1617
-5721
-10911
15868
-12837
-5873
4106
-23689
14035
5226
21089
13194
7441
-12727
4316
-3261
16485
15732
-10499
-634
14159
31977
1254
-3147
-948
-26782
-1655
-1593
-8926
8526
5445
-7869
-4797
-16124
2503
3570
5436
-14433
-11981
-2797
-8938
10833
-10095
-13195
-4937
-5722
13045
12365
-8702
5002
-20371
15893
2796
3136
5551
-10920
-4511
32767
2837
-3020
-2000
2490
22366
7984
-4795
-11056
-11489
2416
9101
7497
-5277
-4331
1035
3749
5609
2443
20191
-17355
8795
-14576
10961
9706
-8574
-6627
-17186
4037
-6609
8808
-11403
-547
12165
-3457
-240
6919
174
13269
-9870
5589
-2245
-8765
-8610
-586
-19865
-1778
-5654
25314
21023
8286
-11628
-12309
24719
19027
-23953
6125
-7392
9059
4197
-6560
13463
-25575
-3509
22384
8415
8515
-6173
7691
-25254
4616
6249
-1169
30751
2745
-1672
-20312
-3838
-27198
-15616
3473
15083
15556
21816
-14686
22427
2522
32767
7275
2901
13732
-14737
16653
-9272
-127
1518
9650
-1346
8973
579
-3665
-1222
4558
5585
-8586
-1738
-13292
-8938
5656
1391
-15589
6596
1386
-9485
-6713
-183
-5696
14467
6752
-3784
18054
7452
5193
24355
-9634
-13389
3634
-5953
32767
-10377
17390
1866
-8574
8754
-14884
-14207
-4325
-12936
-2579
-15772
8429
-8624
-7959
-8930
8464
-7046
5633
-13575
-12574
6435
5678
3150
-8579
5805
-6908
8381
11488
-4379
3042
-9120
-4553
10580
-6078
19781
2927
14546
7776
210
-7716
9450
-15439
7078
15739
940
6117
20673
6647
16139
4164
-5542
6614
605
-2500
-8602
-8513
9210
-9697
5771
-11183
19631
-8278
16429
-1033
3418
-5119
-7076
-7043
-32767
-8404
1786
1352
-1390
19370
3527
1787
-6448
-5023
-11257
11200
-10901
-16611
-476
28696
-8773
13966
-11423
9844
-7942
-9572
-5181
7264
-864
4648
-159
-2249
6924
-5615
11764
9103
-16198
-7058
-12046
-16065
19823
29812
1807
-15239
7332
-13181
7707
12942
-7877
8635
-8065
-22852
-4532
29158
-19553
-5450
-12708
-11456
7330
-8029
26352
-24248
-8306
12522
-10082
-1007
-1341
5082
11374
18555
-10520
-2653
23123
-855
21437
-3710
-20776
-22137
25814
-15511
22714
2601
5577
-26859
3237
-18841
32767
8987
-23714
-2150
-3336
-973
-13647
-15513
-16193
3524
15517
-32767
-6107
8917
-19494
26131
-4857
10398
-5599
13005
-2698
-13765
-4171
-3732
5316
7619
-2103
-8155
-4093
4258
6475
30051
-18273
21301
-8762
4555
-9614
4496
9083
-17797
-13378
18596
22032
-136
-10493
8657
-5418
11060
9769
-6415
-18851
4257
6345
-17261
4108
-22075
14293
-7413
-434
4229
1252
4253
1040
-11369
21992
-2313
8918
4179
-1879
-3423
-15037
-8906
-10950
8674
15247
-15489
6143
7746
-9631
-3206
-22686
10237
6691
1805
2875
2665
-301
-3114
20012
12011
14257
-13019
-4368
12978
2103
13293
-17503
10358
8310
5628
11602
8566
32767
-18358
12196
14297
8272
2888
1213
-3212
8422
16339
-3497
-9665
-5013
-146
3993
22519
13566
-931
18940
-12220
12543
-4147
13949
-13205
-2052
-18686
11892
-1450
7185
-6337
-15903
11897
6767
3612
-3250
-4906
13884
-25333
-2012
7420
-10275
482
-15664
8951
-4132
22792
-4918
-8365
2281
378
9837
23747
-545
926
-10047
-2214
8116
20039
-7633
5515
-1422
-5615
32767
-4008
30545
-20299
17143
1462
1927
1384
-4303
2458
-6547
4776
-47
-187
-11646
-4794
-2831
17721
-12328
-1343
-5125
11514
7003
3421
12509
-32206
7383
-12388
16416
8924
15808
-11683
-1035
15634
-8279
3153
9573
-17848
-8205
-190
-4664
-3336
-15033
-6705
-13748
1702
14757
11171
645
-6234
5916
8276
5267
-383
32767
-9070
-11200
17264
14417
-8911
8393
5343
2591
735
-5283
-10779
-9870
-12439
-2742
10246
12821
6397
-4760
-1403
9044
-14966
-21290
-13981
137
444
12959
5741
-8972
-3415
-1843
2319
61
-2918
9871
13017
-8683
-16039
-936
-6741
8932
851
8474
23405
6995
-11917
-18758
-4170
6689
7845
-2181
-2752
8228
9548
-6450
427
783
-10613
-21139
26256
3596
-16528
32767
10230
-25545
7790
-5391
-18874
16050
13493
-13821
10684
-327
-15569
17095
-14689
7560
1940
-23635
-10820
1061
18852
19602
-3148
8259
-21951
4070
-2053
-29846
14284
-12625
-7953
-4902
-10308
4553
2693
-2094
-3808
-6156
-10174
14651
409
-2433
-901
5715
-19967
2603
22055
19347
7143
11355
1655
1345
10660
-7148
-3167
-3770
1270
2916
-4416
32767
-6360
-3468
3991
-3378
8054
-3161
11042
29769
20110
-10201
6711
3363
-1874
-8219
-17151
-12693
-9381
-3814
-21404
-13762
-2112
4778
18106
47
6802
-14444
539
28
-1085
-4704
7757
4880
4121
-4034
-3297
-2412
-1995
-9862
1950
-5698
-24514
13697
-8802
-3415
-27440
1066
-1847
-12866
-9389
17061
12977
-9914
21193
-2465
-6970
23579
8460
7247
6576
7251
12595
-14403
-793
6032
-3092
-3432
588
-9768
558
-140
13666
-9273
-13054
-5294
-757
19972
5881
-23348
-22667
-6709
1781
17432
25717
32767
-20444
-9222
26022
14083
-2123
-8118
-8172
7822
-7666
-8166
-9459
-16744
2470
-106
28035
-9571
-4963
-11393
9642
6221
5417
21373
10041
8801
-17464
19586
5023
10383
21411
10583
11887
-9957
-6914
-6481
-6712
9207
-6554
9568
11915
-6651
446
-7946
15908
3250
15543
575
-79
4578
-3381
-9146
17586
-1106
-6212
-5764
948
-4554
12575
-16529
761
1522
12043
21009
-7759
15834
-18355
1557
4722
-12903
754
-20316
-7852
1020
-56
-12319
2802
13924
-3544
18457
32767
11614
-6087
4431
2539
-2550
2000
4407
-20323
12425
-11736
7012
-1880
1111
-2960
6192
-479
-2607
-27984
-12585
3729
27103
-7070
2928
4245
-21590
-8149
-25204
12445
8340
29985
-14235
-11324
8864
6647
25483
9697
-3186
-28322
-9876
-6469
4745
9570
-16360
-3913
-24955
-14946
-12618
-4841
32767
-15706
-15406
-1167
25564
14065
-9446
6825
-10
4524
-22541
-12810
3948
-14297
3743
13868
-10312
-7372
27931
-12402
-4603
-1185
22205
-26933
-10596
-18878
4882
11464
-3209
-12155
11904
2181
-4045
-18663
-17641
-2177
9910
-6768
-150
6794
-14114
15273
-21958
7558
-6676
24893
-10823
-9341
13929
-806
12050
18908
15202
5705
-5948
-4096
14127
3936
-16054
-4005
-3609
-11087
-3413
-737
32767
-19355
4036
-8630
-1999
10240
-744
2369
-4402
-1908
-20300
382
-5121
5602
8567
20407
2775
-4438
531
2741
4470
10275
9981
-9515
7516
6268
15136
1517
6319
1094
-7971
-13857
-7316
1272
-12768
-14711
-2073
-3789
-8740
6863
15045
-3135
-942
-1754
11028
-14852
2274
-6275
12328
8499
8619
-10862
25946
-10415
-15683
-7802
2278
-7101
2011
5648
-6745
-4727
14807
12495
2032
-11987
1561
29277
12296
-7572
5862
617
-22065
-5175
-10894
-2084
-1372
17596
6218
32767
-20936
-16606
-11976
-8851
-16330
-25117
12106
7111
12493
17067
-4982
606
-1133
11413
21002
-13989
11507
-20931
3089
11581
5827
-15353
11283
7331
-5048
18660
-13233
2034
-13904
6286
-11557
-16163
5925
-1740
5592
4382
-1730
-2604
-4120
-765
-1293
14240
-14164
-10868
-2003
-9174
21677
9347
3487
-17212
7958
-6764
3309
-272
-5480
5418
6892
5729
-10912
6255
-18668
1541
-5740
32767
1399
-18005
-1727
4958
-3666
301
11686
-7880
15034
369
7527
-4195
-2114
2376
4241
4370
2256
-11338
-22230
-2772
18493
4582
-2606
4616
-13543
14994
6809
15861
-6085
5740
12344
-7360
-4230
3102
15231
11615
-212
-3655
-4029
17218
10355
6271
-15973
-13873
-7170
10194
13486
5103
24697
-19282
-5263
24162
80
-190
-7919
-4682
7690
-1430
-16496
-1887
-11063
-3344
5082
32767
-12449
3994
-597
-6946
10443
21353
11512
4497
5383
-12778
22639
7997
12670
3033
-3448
4314
-5774
-13369
-4858
-2736
26793
-2607
6687
5252
-5499
-315
927
-4190
6315
1583
7324
-310
-2934
4982
1397
4667
16505
-5815
-2127
6937
8460
10653
-7830
-1267
-9543
1119
-3162
2554
20082
-9755
3767
6005
-310
-750
-12205
2106
1230
7059
-15977
-3210
-758
-9562
3258
32767
6213
58
-5937
105
-2108
11616
7033
-13272
1908
-10142
5597
1066
133
-1504
2720
1071
7833
-4300
4150
-2391
13302
-14802
5034
3229
-6126
19060
-15251
-8944
-739
5176
-456
-7773
4615
1413
6182
16577
-4596
7026
-3304
-8463
4908
6006
-12871
-14000
-3725
-15823
-1406
2792
10804
-12028
875
-7094
-2881
13754
-14638
7410
-1595
4051
-19968
-5152
-8654
10110
16545
32767
4302
-27148
10175
1509
-12314
22015
15115
-18525
9151
-3181
3675
-9982
-2515
-6795
3396
6294
7892
-23031
-19040
28198
3743
13063
-4885
7602
-18033
13027
-5569
20085
4447
4589
-5929
-8967
10345
931
-3610
3358
-13263
-2090
-9107
3915
-6312
18975
-25451
5586
-21306
-7660
13754
-310
11202
-10426
-6403
5907
6906
4838
-9354
4586
32767
2993
-13264
-3325
-21580
-7673
5781
5531
-9896
-16643
1347
-804
-8959
-6592
15227
-8380
13917
-21427
14483
7012
-9593
-20843
12875
3401
-7518
-7123
-14549
5737
8111
-8744
-32767
11906
-30452
8373
-19623
6418
-4030
-10055
-260
7008
-9793
-995
8815
27229
20157
-5274
-1637
-6698
11082
-4796
-15608
-12858
-6101
-542
-6826
9896
11113
-4691
13879
22787
11438
4591
-20806
421
-8408
-8554
3295
17119
-23173
21727
19270
23508
-12859
-13056
11725
-5416
-5083
22773
10842
-18779
13528
11982
196
-934
2823
-1913
-11104
-8471
1415
11653
-23488
5746
1516
-19667
2676
12085
-15912
-2206
-11934
15616
-10563
4795
-13731
-7874
-8896
-1306
-7529
18225
675
4293
-8923
-15148
-9110
5787
-32767
-3463
-16422
-7292
12674
2257
29442
-11017
-7449
8805
12969
-6541
-24443
12622
6520
-2198
14281
7029
-30499
1828
-2486
20197
6220
-4952
804
-10459
-13623
454
29952
-28613
-1071
-2861
13922
-11297
-8750
-16275
20152
8410
866
-25452
11945
14145
2889
-5525
26329
586
-2913
12957
-15727
5557
2527
-1074
-10230
-1744
-255
153
32767
10759
2633
-14771
-6695
-5106
-1744
3261
4669
-16526
-9268
8840
9722
15691
-2869
6236
-13682
6218
13560
5130
10896
-6666
-616
-6461
2000
9899
1447
-5244
-3639
16166
-9280
-13065
6287
10757
-22183
-11810
-3275
-11608
-1008
1183
-10792
-1501
7186
7655
3616
-5895
6985
-4396
-4005
4278
15650
12164
-2107
4046
-11269
5074
5027
5475
9012
10849
-9535
-5353
-16293
3346
12534
3671
15944
7600
-235
-7605
10615
32767
-3613
-11280
-13350
12362
-5845
7169
12331
-3226
-3393
8103
-16290
23087
6690
-10304
-20256
-3408
6884
-6175
-14869
-8260
-1104
23470
-11103
-14822
-6086
-2040
9005
-16163
6027
-4300
5381
-2747
-9370
19059
-6704
13427
5549
18362
-23456
-10907
-2607
-10386
4314
26457
1508
-1443
-17736
10276
-3316
-3120
13499
-4452
-5385
595
-8289
-127
-2610
816
-3148
6195
-1936
-18930
2406
32767
-15007
4065
-8354
12202
2341
8298
14636
-14021
-5493
6880
-10881
19702
5998
-8317
-914
-9989
-3642
-26797
-1911
3469
-20388
-6451
11041
-26459
-18167
2065
7498
-1989
-8144
-6030
-2837
-8006
-11743
10235
-12124
14997
1961
17739
-15804
-23289
-11375
-13697
12183
18925
-11333
-6474
7607
6445
-6347
-6600
3485
8201
-13752
-23108
-215
-3927
18615
13520
-598
-23993
3158
-7489
6074
27308
4355
12622
397
15326
18174
-16980
-11109
11489
-23808
19005
-3156
32767
-6244
-1596
-1911
-2127
15974
-3976
12711
14936
-8000
14619
-8672
-10496
-14850
-6867
-20113
-7136
5275
4782
18241
7360
744
-4037
-8412
14261
5989
-7638
-14967
-19679
-9174
-8388
-8121
5427
24478
-5984
-31367
16817
4971
17451
-3020
-24049
-9290
-14705
14952
-1670
15288
5161
11038
14678
-6425
486
32767
32004
-17693
-14754
-4394
19439
-10743
-20551
11488
788
-6257
25878
-10691
11399
-9699
-9867
1248
9723
7704
-21727
-9129
8196
-11146
-11780
-11280
-18420
-19932
14469
3282
-23806
4495
12416
580
3760
-6117
1241
3413
1324
10603
3762
-23953
-4484
-6161
10553
26021
4134
-8641
1562
-18881
14545
-7838
-4305
14227
-18939
-10656
-5021
-2266
5962
-4066
14035
1311
363
-4171
-7319
-12084
16125
-23152
-20789
-24215
-16557
-8272
-15819
-15471
-4478
4097
141
27925
8011
-18096
9061
3723
-6058
-9249
10892
13408
3985
-9294
2754
-6742
-20645
10695
-4287
-5580
24106
22690
-32767
19349
-18139
-689
-1544
-7695
-15902
8893
-5010
-1935
-697
-10643
-9223
11278
3223
-10455
8886
-29805
19645
-3093
8423
-2658
-7254
-6641
-894
-11184
4858
-4521
15138
-5159
-6022
-10378
-99
6817
-6687
-19273
-11047
-32767
-2245
3249
-11087
5512
-11323
10815
-7778
5932
21682
-2817
-6575
-2249
-1979
3930
459
-9040
12466
3026
17614
-6906
1011
1408
-14496
-17493
-10791
2463
4274
4192
-11104
1526
683
-2121
10930
9734
-3369
14839
9537
-31811
1206
-4040
12876
23813
12380
11450
-9789
-19722
427
3740
-441
10471
-19989
6132
4108
9881
10522
-2508
-15963
-4989
2017
22658
12797
-32116
-6989
-18898
-18258
-7407
3019
-2093
-10848
1431
28425
-21124
4160
-22204
15237
-14101
-1936
-22344
-17125
-20730
-6341
240
32336
-13252
-3274
112
-11975
6362
-1356
19988
-15684
8188
4624
19440
11603
7949
-17365
-3703
32767
11322
9878
-12620
24360
10639
-4617
13373
7694
-555
1821
-2398
6837
12991
-4748
-6710
-10048
-7721
13849
-8225
6317
12552
-13077
-7798
-7357
11779
17677
-9673
-1696
-13493
-1538
-3838
-12081
15261
715
2489
3240
10415
-1839
-15073
-1892
-23226
2232
3168
-9649
-3306
-4072
1306
10490
-10827
-7138
-6416
-4130
-16221
-32767
2295
-6140
-17659
7088
-8998
-439
-13575
24890
-1793
-13618
11050
-7642
-12459
384
1470
-25918
-130
12512
1608
5567
-9237
15358
28118
-11643
-3500
-32374
4345
1343
-6472
19112
-6566
-11770
89
-26476
1689
6523
-27797
5587
-27524
-12686
14851
-3894
2200
-19881
5423
7854
14072
5473
-19176
5369
-22055
-17146
-19362
-10490
-10084
742
4034
13990
-32499
-32767
-17138
-6970
-15935
-1651
18692
-8131
7078
25593
13671
4682
3692
4670
5645
-14740
19418
-23135
-7546
10896
3531
1015
-2391
-1020
-7856
-3276
-5613
-7647
4485
-15069
-6311
718
-4337
-6415
10675
4942
-26995
-15114
5191
-10398
11752
21553
9464
13444
-10031
18881
1406
-27085
12926
3154
-20123
11990
-21093
32767
-7405
-6789
-2900
-12091
-13669
-3326
-6268
1694
-11604
-1994
-12099
-9998
-11755
-12883
-15709
-20529
-247
-4641
13835
20928
2147
-5468
-7476
13717
14363
-20724
-6559
-11543
-212
13955
10959
13377
-4794
1570
-11955
5630
-5816
8170
11239
-32767
-11931
-4525
3489
5836
-11307
8182
4605
-6253
-7146
-11482
2106
6799
-13573
4025
-18565
4441
2969
5509
-10545
-1453
-10794
19781
5159
26244
-3719
1134
-19834
-4405
-277
10347
-5683
2612
-38
9242
-2790
-431
-1819
-534
-7911
-9818
13524
-7560
-7673
-4400
7848
-2448
-17257
3056
-10865
3095
3156
-15344
-16713
-2106
6789
1640
6983
5349
-5850
22051
-13910
161
5260
-25762
-7638
-2696
6373
10372
32767
19174
-9662
-7391
-1357
-2024
4750
22068
9000
7710
-24483
9950
988
1839
-1527
-4349
-17829
12806
-5476
30911
1331
-3986
-11205
-985
-16561
-8956
-9485
-5118
-9611
13459
-3263
-11881
8153
4575
-19896
-31808
3673
-1697
-3890
4198
-5720
-3847
-2744
16053
-7963
-2496
3120
-23483
-17442
10936
3606
13895
-66
2034
-17153
4548
-1970
9014
26699
-20702
1597
3436
-12570
5720
-4290
-9235
-15899
-8395
-4962
-15440
13276
23445
-3601
-3221
-9325
6344
12701
-5629
-16665
-1192
-22969
24351
10794
28985
-10309
-530
-32767
-1056
-5054
3108
-9350
-9454
-4408
10674
-2548
-4498
-2973
3731
-6587
-26975
20633
-2177
4201
26
10686
-2932
-27932
30750
-11984
-7221
12360
-12215
2630
11508
14002
22159
-7513
13669
8163
15215
-7130
16948
7884
-27174
14783
4895
-10941
13130
-486
6056
-4534
-12930
-11319
5139
-265
7850
-32767
-13184
-25231
-10617
7871
-9315
-13575
-12604
-8835
19637
-19640
23300
-2238
492
-27688
7180
11924
-5249
4291
-1701
19818
10309
-21590
-5122
-16018
13
-3125
-23347
6717
912
1500
-7509
-8444
-861
-29791
14730
-20602
12308
13104
-4501
142
11040
20766
8719
-5209
2427
-12067
7925
-8948
4421
18912
-32767
-11042
-1864
317
6572
-14062
6722
2064
-7825
-6252
-11098
60
12521
-14275
7268
-12853
4322
8765
801
-11353
-813
-10296
16904
8902
31397
-3494
1008
-23085
-5755
-4075
9200
-15024
-506
-3048
10374
4786
-4378
-685
-1683
-7546
-2941
13031
-1391
-9216
-4349
3526
623
-15564
14387
-16375
-2670
-780
-8037
-8316
13641
11018
1753
-7138
2140
-9983
5306
-7507
8370
24229
-28263
-6938
1154
-4668
8040
-9552
326
-2410
-11238
-8725
-11468
11587
16191
-11017
2893
-13657
4202
12697
-261
-7141
-4593
-14044
17761
7814
32767
-4174
-856
-25845
-2360
-5368
9778
-13246
-5240
-1321
12816
3246
461
326
4011
-7699
-15955
15773
1801
-6959
728
3052
164
-20200
20071
-15547
-3594
11827
-11634
-14259
14523
21686
16661
12504
192
-8083
6788
-19568
-5150
2499
-7726
-5271
-4414
-1507
-3571
29490
20251
-12182
-13394
4133
-13199
-5757
12323
-2704
-14798
-23107
7174
-3560
398
12776
-1993
-17735
8759
6466
32767
958
-10714
-14733
-2370
-24338
8535
3586
-12862
-3431
12784
-19493
-14458
-1869
1771
-6943
-28860
-3034
1420
-2881
641
-7376
-495
-2723
23354
1926
-485
-6525
-1932
-4733
7171
19641
12843
4267
302
-10887
11556
-7313
3657
-2219
1588
-13283
-5632
-15159
5123
16300
4776
10147
1857
2261
-13641
8334
24307
-14499
-12838
-28938
6704
-654
464
1957
-10302
671
-4101
-6888
26391
4363
-4225
-32767
-3669
4793
-5104
1384
-6024
2555
21275
-15766
-11027
3236
-7083
1999
-31602
4171
-3937
-2034
-1778
-13071
10106
-4845
17294
6121
12054
-15791
-13602
-8113
19141
7002
1913
-8944
1276
-14984
17086
-13893
22150
4487
-29293
-12657
-2988
12227
3490
-9273
13711
12186
-4789
7176
-12773
8167
10070
-5070
11564
-31341
-2829
-6617
10825
-9588
-4332
-18854
20478
2686
31963
-4733
632
-24680
1004
-7946
13802
4465
558
-8154
7397
2031
-14353
-13468
-8390
1041
-9847
2735
7278
-7463
1835
10070
4959
-14112
9387
-1478
5057
-306
-32767
-10636
17546
13704
2561
-3653
1942
-12691
5827
-3555
7802
10522
-30748
-9287
-5034
-4386
10445
-10640
2265
2574
-3726
-8934
-17190
8954
19241
-19410
14282
-19161
9003
6542
-1305
-3702
-4290
-15095
5101
11867
32767
-3580
-979
-25443
-3835
-10932
11212
-10286
-4224
-5541
13270
2981
-5302
3019
-2351
-6767
-6674
13505
-441
-10552
5369
3185
1293
-18652
20839
-10522
-5316
12179
-14235
-12516
9443
319
-3393
9891
5321
-11440
27969
3133
-3608
-10024
-23923
-5122
-4857
-9532
2397
-4085
2749
-18813
-8790
9017
-13230
8097
1823
8416
21760
-14495
12200
941
-7246
1660
-3567
-5096
7182
-8106
21536
7373
1084
-32767
3361
3703
-8802
13230
493
-9400
15225
-13033
-24003
7975
-12684
-6305
-21188
11309
5342
17539
13783
-7293
4898
-691
-11521
18868
-12237
4141
4269
-9440
13369
10013
16890
15478
970
-5303
1683
-2323
-305
11220
-18622
-13355
-3447
-5203
-6769
12979
9902
-18709
5842
8860
-21916
18188
20318
-10460
4999
-19147
4301
16987
-3907
-3083
-3571
-12593
21012
-5098
32767
4904
-5271
-15682
-4928
-24058
-6881
-13641
1172
1870
-314
-12367
-6419
-14369
-210
-1972
-15345
988
884
7897
5020
-632
154
-8062
9879
-312
1482
-9159
-6473
-4123
19458
11122
532
-750
3769
-11475
4733
-7749
13756
15974
-32093
-7666
-747
-5010
7738
-8182
2364
-2167
-4598
-3779
-16974
11866
18265
-12923
10848
-14199
5329
7588
-877
-3916
-4206
-16643
11092
8439
31371
-5213
-975
-32767
-2091
-6918
8510
-4922
-3899
-5976
10299
3061
-3438
-843
-1059
-6847
-14155
15552
1304
-5772
3979
2347
-961
-21199
16487
-7871
-6820
8076
-7130
-19544
-159
6435
15053
-1711
4751
-13057
10805
-858
-3368
-3462
-17542
11943
-14107
-9068
-10843
-6757
4394
-17889
1366
7507
-15043
13778
20198
-12862
-1728
-25306
830
-1560
-4396
2587
-6183
4024
-4648
-2886
32767
-4534
-7057
-20064
-1668
-9419
4878
-8933
-4555
-9399
-3361
-21092
-4526
-15567
-10937
-6163
-16526
2306
4597
-3441
-8926
-7308
-8591
-24145
14735
256
-15859
-14229
-17106
-7208
18247
27623
11941
11474
2703
-17258
20299
1162
8639
8389
-15407
-6303
-8734
-4607
6997
12225
17290
7508
2034
5992
-12447
2415
17843
-10090
-23057
-29390
5173
3266
7512
3306
-8743
-4278
35
14049
32767
-1615
-6565
-22853
7999
-2707
3450
-8118
-3316
-3650
-4648
-11723
-13668
-518
-3670
-1070
-19528
6042
1417
222
-6319
-2592
-7850
-3590
14311
-8645
-7846
-2864
-17140
-1471
22866
12726
1039
-2889
2722
-11412
5105
-8934
12855
11660
-32767
-12628
-1591
-4430
8338
-10816
3133
-743
-4151
-3098
-21500
9852
16254
-15260
15137
-15416
4142
8846
-3287
-5703
-4312
-16037
10472
8829
32388
-1908
-77
-32279
-2612
-8394
9594
-3368
-4734
-412
12962
-932
-4677
-4689
-1102
-7004
-11064
16209
-1181
-6726
3098
2620
-2943
-22206
18130
-9174
-4383
8942
-9039
-3434
14793
17261
3453
-1395
2895
-11289
6487
-7033
9077
4412
-29726
-4560
567
-4521
8697
-9804
5772
1986
-6956
-3002
-16214
8176
15219
-16268
9660
-18447
8176
10184
110
-3923
-1734
-11038
8402
6307
32767
-4506
816
-27965
-1105
-9868
7436
-8448
-3564
-731
9892
1062
-3801
-4464
1003
-3237
-5844
13432
5765
-5242
1332
656
-2625
-16757
15204
-13938
-5994
6483
-7202
-12028
19674
19575
6169
18862
1753
-24662
14840
-3541
-567
4849
245
15401
-16364
2844
-6833
-3292
15640
-16264
19727
13314
-22191
12666
13833
-32767
-4183
-11697
-1885
11271
-23034
10548
-6662
6865
-4576
16557
22398
7842
-9094
-27678
-1270
-18524
12428
2622
6615
-3399
4034
-23882
-7610
1817
-9469
5065
15044
7098
-3721
10497
4641
-13314
9585
-22075
-1609
-1537
-16004
1020
117
-18721
13523
4159
-690
-8448
6439
-13349
8293
3187
2052
-5857
-20138
968
4057
-4309
6689
-12824
5993
-9425
-49
7468
-5625
-131
14878
-11357
1089
-32767
-5251
382
9305
-1962
-7487
5253
-17133
-341
11135
-18145
2643
-20076
-4392
-275
12192
-3982
10912
-1518
-433
-15257
-16462
-1872
2995
781
-9109
12134
-8687
9575
-713
6278
-8439
-9086
-5532
21106
-17447
-914
-10382
-1905
25173
13412
4028
-85
528
-7545
6896
-4924
11073
1944
-21550
-8800
-9218
-3067
8213
-17906
9223
8075
-2029
-656
-14935
5174
6760
-14386
18208
-24920
4496
-1399
552
-8339
-4469
-13493
6293
6379
32767
-5133
1876
-19206
-287
-12544
2863
-12301
5075
171
-2375
-1352
-780
-8162
-4709
-11503
-13236
10988
-973
1495
4961
-239
-2892
-9911
8551
-7771
1334
1161
-9387
-12017
7939
5846
12549
10902
2424
-19376
15653
4891
3160
-1382
-12725
-3487
-8669
-11878
9500
6847
5247
-5809
6638
10505
-17993
17613
26847
-13161
-1818
-14312
6502
1112
167
-5082
-10128
-2146
1146
-3863
32767
2498
-4545
-14726
-2094
742
-8040
-2721
-703
-8382
3695
-9173
-10075
-9582
31
737
-14479
1809
3128
-585
-11756
-4139
6077
-6353
8105
6257
-7313
-16750
-10774
-25859
9913
7811
3679
-6604
3313
-5083
17341
7946
13221
-5313
-12794
-312
-5046
-6544
14684
8630
3438
-2421
7889
1892
-13662
11497
29681
-11517
12147
-15700
3028
-6410
-20545
9596
-8440
-3260
-13348
-8003
11114
-2361
3108
-25628
-13719
-11853
-5729
6644
2787
-2091
9557
2379
4912
-4019
-2462
-3267
-12997
-562
11531
-2236
11402
-4110
-8935
-32767
16130
-2987
9555
-4758
-13378
-9689
14088
14495
3347
4378
6951
-6420
7486
-1905
7643
-1276
-17789
11186
-13265
-11585
9530
-4244
6735
-11563
1731
20336
-16984
12292
23457
-15686
4810
-27696
2358
625
-2053
-269
-8401
-11291
-5411
2168
32767
-429
-947
-24124
2055
-17296
2816
-2106
4064
-5619
-104
-16057
-4058
-4822
-5183
-3993
-18682
4358
2136
-179
-1310
-1325
-5275
-27621
14994
2844
-10016
-9002
-16853
-9524
15020
16254
4896
5818
7563
-7160
8631
573
7124
-2147
-17474
8697
-10666
-11742
10995
-3512
6212
-11681
2439
24454
-20962
11063
25422
-16212
6559
-26164
646
-1218
902
-1697
-10742
-13234
-3829
1414
32767
-4544
-443
-25182
2723
-20131
3083
1969
7214
-2748
-536
-13528
-2517
-3173
-10081
-5809
-20583
5858
3253
-1383
-654
-71
-4640
-29835
13497
3921
-4357
-10568
-17755
-10647
12312
13195
3754
2687
8365
-8481
9159
-1495
8121
-5558
-11193
16406
-13760
-11533
10412
-8134
5123
-12237
4314
20594
-15430
12910
24294
-12686
3801
-24472
5210
3268
-2704
1434
-7985
-10154
-5152
-3883
26897
-2655
-223
-32767
4531
-17034
1536
-2305
4079
-3244
-2819
-15641
-3393
105
-5910
-4803
-17415
4082
3948
350
477
-910
-3313
-28045
9641
2494
-10192
-7105
-19493
-12424
14446
12566
5121
3139
8046
-5806
7996
-1471
9484
-1616
-18875
13744
-14827
-12745
10957
-5645
6604
-17496
5889
26015
-22681
15049
26379
-16215
2257
-27091
1131
-971
2554
-2031
-10578
-11376
-9846
-605
32767
-2534
549
-29422
3635
-16657
1968
-2035
5137
-3649
-1275
-14465
-2549
-2835
-9777
-2924
-19424
5976
6694
-1818
3734
-980
-4819
-31969
16403
2793
-8124
-7902
-19518
-11386
15406
8627
3464
3132
8016
-8128
8444
3085
8375
-4929
-19340
14412
-9545
-10581
10326
-8791
4175
-13603
4547
22196
-16016
15354
25708
-12079
4567
-24180
6111
4381
-1156
-2639
-8816
-10551
-6040
-1557
31599
-4427
406
-32767
3729
-18056
1266
-1092
3628
-4979
1905
-16938
-2040
-2608
-6538
-1946
-16754
5266
3470
-982
3498
481
-4791
-30458
13172
1451
-9518
-5056
-16936
-11164
21604
6838
11815
-3915
8852
-241
1265
1513
8441
-6866
-19992
10619
-12069
-8379
10694
-7989
6377
-31736
11058
26043
-25785
11766
24000
-12456
-52
-28376
4021
-6738
5936
-2138
-8671
-5954
-15075
-352
32767
-3298
2638
-27648
7674
-13046
3328
-8890
2935
-2060
-3260
-13666
2893
534
-7038
4920
-12939
5263
13611
-2359
8212
-4381
-610
-25660
21509
4121
-8792
-5187
-15497
-10859
21380
6941
11531
-3730
8795
-125
1384
1216
7834
-6744
-19755
10335
-11801
-7904
10737
-7904
6152
-31575
10738
26053
-25606
11857
23417
-12048
284
-28128
3914
-6347
5875
-2396
-8583
-6079
-15165
-299
32767
-2882
2784
-27856
7484
-13438
3177
-8865
2918
-1901
-3147
-13384
2820
207
-7040
4902
-13030
5630
13917
-2556
8175
-4449
-746
-25681
21670
4361
-8931
-5234
-15567
-11511
22886
7559
9986
-2726
9498
-932
2794
1257
9353
-8086
-22097
11554
-14381
-9733
11354
-9690
7095
-27827
11371
28827
-25416
13457
26146
-13415
-1454
-30732
3781
-3582
4844
-788
-9884
-7475
-18181
-1781
32468
-2016
2088
-32767
8314
-16409
1967
-6607
4432
-1011
-1685
-13779
1953
-1444
-9056
3425
-16775
7243
14340
-3130
5417
-3575
-49
-29850
21471
974
-10082
-6347
-17560
-11387
21097
8088
10458
-2575
9066
-1742
3285
717
9208
-7477
-21990
12987
-14071
-9907
11531
-8355
7098
-29390
10797
27104
-26420
13676
25406
-13210
100
-30221
3205
-4970
4183
-855
-9203
-6840
-16111
-1275
32767
-2581
2357
-31552
7472
-14776
3222
-7513
4031
-1731
-2687
-14709
1662
655
-7454
2896
-14329
5949
12721
-3034
6539
-3345
-1505
-27849
20528
1647
-9371
-6638
-17139
-11061
21251
6762
12696
-4135
8788
200
1157
1458
8057
-6923
-19313
10562
-11897
-8003
10810
-8018
6447
-32767
11020
25978
-25860
11727
23902
-12204
212
-28277
4153
-7199
6417
-2126
-8745
-5676
-15571
200
32606
-3057
2841
-27181
7494
-12946
3605
-9315
2739
-1815
-2984
-14041
3179
470
-7276
5688
-12761
5337
14398
-2350
8570
-4749
-466
-25609
22102
4253
-9169
-5160
-15397
-10951
21550
6756
12262
-3978
8813
207
1112
1385
8192
-6781
-19661
10419
-12172
-8245
10690
-7980
6410
-32195
11108
26113
-25717
11956
23949
-12261
-64
-28111
3789
-6529
5768
-2396
-8795
-6021
-15193
-109
32767
-2380
2748
-28020
7561
-13242
4056
-8337
2774
-1730
-3247
-13373
3011
277
-6873
5257
-13110
5674
13998
-2618
8178
-4432
-790
-26258
22133
4005
-9384
-5368
-15736
-10565
20207
8372
7616
-411
8812
-2082
3454
-94
9776
-6606
-19958
11851
-13033
-9042
10433
-9407
7333
-25574
9494
26497
-23585
12366
24811
-13073
2239
-29034
3011
-1782
3780
-656
-9961
-8396
-14220
-1368
31147
-2609
2201
-32767
7381
-17413
2006
-6785
4482
-1266
-1803
-15109
1233
-1339
-7826
2271
-16692
6300
11910
-3248
5415
-2558
-2066
-28712
18825
797
-9208
-5847
-16674
-10549
19928
7577
9699
-2260
8854
-2133
3602
468
9121
-6718
-19547
12655
-13119
-9164
10519
-10496
6583
-25973
9577
26106
-23093
12433
24909
-12995
723
-29695
3640
-2978
2591
-1027
-9216
-6979
-15091
-2730
30996
-2289
1925
-32767
7400
-16554
1812
-5113
3751
-885
-1307
-15223
365
-763
-7565
2441
-15466
5261
11321
-2355
5635
-2974
-1402
-28250
18135
660
-9953
-5229
-16281
-11186
21324
7054
12137
-3830
8930
-306
1736
1240
8283
-7320
-20324
11339
-12348
-8496
11045
-8361
6534
-31841
11286
26409
-25984
12172
24629
-12797
248
-28859
3890
-6310
5756
-1744
-9026
-6057
-15927
-332
32767
-2857
2664
-28411
7613
-13814
3476
-9135
3001
-1276
-3048
-14120
2999
460
-7519
4836
-13458
5279
14078
-2425
8406
-4527
-619
-26491
22049
3590
-8904
-5499
-15824
-10016
17724
9009
7532
-131
8633
-3940
4994
126
10562
-6281
-19247
13550
-13668
-10540
10226
-9728
7296
-22788
7709
25241
-20962
13845
24752
-13449
1500
-29115
2495
-586
1427
555
-10001
-9301
-12813
-3852
30958
-1923
1101
-32767
6389
-16629
780
-3902
5209
-2612
-283
-15895
-917
-2467
-8467
434
-17274
4330
8345
-943
4302
-2405
-2765
-28266
16449
-68
-9588
-6755
-17374
