Copyright 1986-2022 Xilinx, Inc. All Rights Reserved. Copyright 2022-2023 Advanced Micro Devices, Inc. All Rights Reserved.
--------------------------------------------------------------------------------------------------------------------------------------------------
| Tool Version      : Vivado v.2023.2 (lin64) Build 4029153 Fri Oct 13 20:13:54 MDT 2023
| Date              : Mon Oct  5 22:14:23 2026
| Host              : cachyos-bc250 running 64-bit CachyOS
| Command           : report_timing_summary -max_paths 20 -report_unconstrained -file /home/labuser/jcl_ooc/r4/timing_routed.rpt
| Design            : jc_loader_core
| Device            : xcvu35p-fsvh2104
| Speed File        : -1  PRODUCTION 1.30 05-01-2022
| Design State      : Routed
| Temperature Grade : E
--------------------------------------------------------------------------------------------------------------------------------------------------

Timing Summary Report

------------------------------------------------------------------------------------------------
| Timer Settings
| --------------
------------------------------------------------------------------------------------------------

  Enable Multi Corner Analysis               :  Yes
  Enable Pessimism Removal                   :  Yes
  Pessimism Removal Resolution               :  Nearest Common Node
  Enable Input Delay Default Clock           :  No
  Enable Preset / Clear Arcs                 :  No
  Disable Flight Delays                      :  No
  Ignore I/O Paths                           :  No
  Timing Early Launch at Borrowing Latches   :  No
  Borrow Time for Max Delay Exceptions       :  Yes
  Merge Timing Exceptions                    :  Yes
  Inter-SLR Compensation                     :  Conservative

  Corner  Analyze    Analyze    
  Name    Max Paths  Min Paths  
  ------  ---------  ---------  
  Slow    Yes        Yes        
  Fast    Yes        Yes        


------------------------------------------------------------------------------------------------
| Report Methodology
| ------------------
------------------------------------------------------------------------------------------------

No report available as report_methodology has not been run prior. Run report_methodology on the current design for the summary of methodology violations.



check_timing report

Table of Contents
-----------------
1. checking no_clock (0)
2. checking constant_clock (0)
3. checking pulse_width_clock (0)
4. checking unconstrained_internal_endpoints (0)
5. checking no_input_delay (270)
6. checking no_output_delay (340)
7. checking multiple_clock (0)
8. checking generated_clocks (0)
9. checking loops (0)
10. checking partial_input_delay (0)
11. checking partial_output_delay (0)
12. checking latch_loops (0)

1. checking no_clock (0)
------------------------
 There are 0 register/latch pins with no clock.


2. checking constant_clock (0)
------------------------------
 There are 0 register/latch pins with constant_clock.


3. checking pulse_width_clock (0)
---------------------------------
 There are 0 register/latch pins which need pulse_width check


4. checking unconstrained_internal_endpoints (0)
------------------------------------------------
 There are 0 pins that are not constrained for maximum delay.

 There are 0 pins that are not constrained for maximum delay due to constant clock.


5. checking no_input_delay (270)
--------------------------------
 There are 270 input ports with no input delay specified. (HIGH)

 There are 0 input ports with no input delay but user has a false path constraint.


6. checking no_output_delay (340)
---------------------------------
 There are 339 ports with no output delay specified. (HIGH)

 There are 0 ports with no output delay but user has a false path constraint

 There is 1 port with no output delay but with a timing clock defined on it or propagating through it (LOW)


7. checking multiple_clock (0)
------------------------------
 There are 0 register/latch pins with multiple clocks.


8. checking generated_clocks (0)
--------------------------------
 There are 0 generated clocks that are not connected to a clock source.


9. checking loops (0)
---------------------
 There are 0 combinational loops in the design.


10. checking partial_input_delay (0)
------------------------------------
 There are 0 input ports with partial input delay specified.


11. checking partial_output_delay (0)
-------------------------------------
 There are 0 ports with partial output delay specified.


12. checking latch_loops (0)
----------------------------
 There are 0 combinational latch loops in the design through latch input



------------------------------------------------------------------------------------------------
| Design Timing Summary
| ---------------------
------------------------------------------------------------------------------------------------

    WNS(ns)      TNS(ns)  TNS Failing Endpoints  TNS Total Endpoints      WHS(ns)      THS(ns)  THS Failing Endpoints  THS Total Endpoints     WPWS(ns)     TPWS(ns)  TPWS Failing Endpoints  TPWS Total Endpoints  
    -------      -------  ---------------------  -------------------      -------      -------  ---------------------  -------------------     --------     --------  ----------------------  --------------------  
      1.205        0.000                      0                 6591        0.030        0.000                      0                 6279        1.927        0.000                       0                  2947  


All user specified timing constraints are met.


------------------------------------------------------------------------------------------------
| Clock Summary
| -------------
------------------------------------------------------------------------------------------------

Clock      Waveform(ns)         Period(ns)      Frequency(MHz)
-----      ------------         ----------      --------------
aclk       {0.000 2.500}        5.000           200.000         
  dna_clk  {0.000 50.000}       100.000         10.000          
tck        {0.000 18.518}       37.037          27.000          


------------------------------------------------------------------------------------------------
| Intra Clock Table
| -----------------
------------------------------------------------------------------------------------------------

Clock             WNS(ns)      TNS(ns)  TNS Failing Endpoints  TNS Total Endpoints      WHS(ns)      THS(ns)  THS Failing Endpoints  THS Total Endpoints     WPWS(ns)     TPWS(ns)  TPWS Failing Endpoints  TPWS Total Endpoints  
-----             -------      -------  ---------------------  -------------------      -------      -------  ---------------------  -------------------     --------     --------  ----------------------  --------------------  
aclk                1.205        0.000                      0                 3899        0.041        0.000                      0                 3899        1.927        0.000                       0                  1603  
tck                32.682        0.000                      0                 2380        0.030        0.000                      0                 2380       17.975        0.000                       0                  1344  


------------------------------------------------------------------------------------------------
| Inter Clock Table
| -----------------
------------------------------------------------------------------------------------------------

From Clock    To Clock          WNS(ns)      TNS(ns)  TNS Failing Endpoints  TNS Total Endpoints      WHS(ns)      THS(ns)  THS Failing Endpoints  THS Total Endpoints  
----------    --------          -------      -------  ---------------------  -------------------      -------      -------  ---------------------  -------------------  
dna_clk       aclk                4.617        0.000                      0                    1        0.082        0.000                      0                    1  
tck           aclk                4.284        0.000                      0                    9                                                                        
aclk          tck                 2.970        0.000                      0                  303                                                                        


------------------------------------------------------------------------------------------------
| Other Path Groups Table
| -----------------------
------------------------------------------------------------------------------------------------

Path Group    From Clock    To Clock          WNS(ns)      TNS(ns)  TNS Failing Endpoints  TNS Total Endpoints      WHS(ns)      THS(ns)  THS Failing Endpoints  THS Total Endpoints  
----------    ----------    --------          -------      -------  ---------------------  -------------------      -------      -------  ---------------------  -------------------  


------------------------------------------------------------------------------------------------
| User Ignored Path Table
| -----------------------
------------------------------------------------------------------------------------------------

Path Group    From Clock    To Clock    
----------    ----------    --------    
(none)        aclk          aclk          
(none)        tck           aclk          
(none)        aclk          tck           


------------------------------------------------------------------------------------------------
| Unconstrained Path Table
| ------------------------
------------------------------------------------------------------------------------------------

Path Group    From Clock    To Clock    
----------    ----------    --------    
(none)        aclk                        
(none)        dna_clk                     
(none)        tck                         
(none)                      aclk          
(none)                      tck           


------------------------------------------------------------------------------------------------
| Timing Details
| --------------
------------------------------------------------------------------------------------------------


---------------------------------------------------------------------------------------------------
From Clock:  aclk
  To Clock:  aclk

Setup :            0  Failing Endpoints,  Worst Slack        1.205ns,  Total Violation        0.000ns
Hold  :            0  Failing Endpoints,  Worst Slack        0.041ns,  Total Violation        0.000ns
PW    :            0  Failing Endpoints,  Worst Slack        1.927ns,  Total Violation        0.000ns
---------------------------------------------------------------------------------------------------


Max Delay Paths
--------------------------------------------------------------------------------------
Slack (MET) :             1.205ns  (required time - arrival time)
  Source:                 arst
                            (input port clocked by aclk  {rise@0.000ns fall@2.500ns period=5.000ns})
  Destination:            wr/buf_reg_3/ADDRARDADDR[11]
                            (rising edge-triggered cell RAMB36E2 clocked by aclk  {rise@0.000ns fall@2.500ns period=5.000ns})
  Path Group:             aclk
  Path Type:              Setup (Max at Slow Process Corner)
  Requirement:            5.000ns  (aclk rise@5.000ns - aclk rise@0.000ns)
  Data Path Delay:        1.481ns  (logic 0.337ns (22.749%)  route 1.144ns (77.251%))
  Logic Levels:           3  (LUT5=2 LUT6=1)
  Input Delay:            2.000ns
  Clock Path Skew:        0.041ns (DCD - SCD + CPR)
    Destination Clock Delay (DCD):    0.041ns = ( 5.041 - 5.000 ) 
    Source Clock Delay      (SCD):    0.000ns
    Clock Pessimism Removal (CPR):    0.000ns
  Clock Uncertainty:      0.035ns  ((TSJ^2 + TIJ^2)^1/2 + DJ) / 2 + PE
    Total System Jitter     (TSJ):    0.071ns
    Total Input Jitter      (TIJ):    0.000ns
    Discrete Jitter          (DJ):    0.000ns
    Phase Error              (PE):    0.000ns

    Location             Delay type                Incr(ns)  Path(ns)    Netlist Resource(s)
  -------------------------------------------------------------------    -------------------
                         (clock aclk rise edge)       0.000     0.000 r  
                         input delay                  2.000     2.000    
                                                      0.000     2.000 f  arst (IN)
                         net (fo=383, unset)          0.000     2.000    wr/out
    SLICE_X63Y411        LUT5 (Prop_C5LUT_SLICEM_I2_O)
                                                      0.136     2.136 r  wr/rd_idx[5]_i_3/O
                         net (fo=1, routed)           0.212     2.348    wr/rd_idx[5]_i_3_n_0
    SLICE_X63Y408        LUT5 (Prop_E6LUT_SLICEM_I0_O)
                                                      0.101     2.449 r  wr/rd_idx[5]_i_1/O
                         net (fo=18, routed)          0.371     2.820    wr/arst
    SLICE_X64Y413        LUT6 (Prop_H6LUT_SLICEL_I4_O)
                                                      0.100     2.920 r  wr/buf_reg_3_i_2/O
                         net (fo=4, routed)           0.562     3.481    wr/buf_reg_3_i_2_n_0
    RAMB36_X3Y80         RAMB36E2                                     r  wr/buf_reg_3/ADDRARDADDR[11]
  -------------------------------------------------------------------    -------------------

                         (clock aclk rise edge)       5.000     5.000 r  
                                                      0.000     5.000 r  aclk (IN)
                         net (fo=1602, unset)         0.041     5.041    wr/aclk
    RAMB36_X3Y80         RAMB36E2                                     r  wr/buf_reg_3/CLKARDCLK
                         clock pessimism              0.000     5.041    
                         clock uncertainty           -0.035     5.006    
    RAMB36_X3Y80         RAMB36E2 (Setup_RAMB36E2_RAMB36_CLKARDCLK_ADDRARDADDR[11])
                                                     -0.319     4.687    wr/buf_reg_3
  -------------------------------------------------------------------
                         required time                          4.687    
                         arrival time                          -3.481    
  -------------------------------------------------------------------
                         slack                                  1.205    

Slack (MET) :             1.264ns  (required time - arrival time)
  Source:                 arst
                            (input port clocked by aclk  {rise@0.000ns fall@2.500ns period=5.000ns})
  Destination:            wr/buf_reg_1/ADDRARDADDR[11]
                            (rising edge-triggered cell RAMB36E2 clocked by aclk  {rise@0.000ns fall@2.500ns period=5.000ns})
  Path Group:             aclk
  Path Type:              Setup (Max at Slow Process Corner)
  Requirement:            5.000ns  (aclk rise@5.000ns - aclk rise@0.000ns)
  Data Path Delay:        1.423ns  (logic 0.337ns (23.684%)  route 1.086ns (76.316%))
  Logic Levels:           3  (LUT5=2 LUT6=1)
  Input Delay:            2.000ns
  Clock Path Skew:        0.041ns (DCD - SCD + CPR)
    Destination Clock Delay (DCD):    0.041ns = ( 5.041 - 5.000 ) 
    Source Clock Delay      (SCD):    0.000ns
    Clock Pessimism Removal (CPR):    0.000ns
  Clock Uncertainty:      0.035ns  ((TSJ^2 + TIJ^2)^1/2 + DJ) / 2 + PE
    Total System Jitter     (TSJ):    0.071ns
    Total Input Jitter      (TIJ):    0.000ns
    Discrete Jitter          (DJ):    0.000ns
    Phase Error              (PE):    0.000ns

    Location             Delay type                Incr(ns)  Path(ns)    Netlist Resource(s)
  -------------------------------------------------------------------    -------------------
                         (clock aclk rise edge)       0.000     0.000 r  
                         input delay                  2.000     2.000    
                                                      0.000     2.000 f  arst (IN)
                         net (fo=383, unset)          0.000     2.000    wr/out
    SLICE_X63Y411        LUT5 (Prop_C5LUT_SLICEM_I2_O)
                                                      0.136     2.136 r  wr/rd_idx[5]_i_3/O
                         net (fo=1, routed)           0.212     2.348    wr/rd_idx[5]_i_3_n_0
    SLICE_X63Y408        LUT5 (Prop_E6LUT_SLICEM_I0_O)
                                                      0.101     2.449 r  wr/rd_idx[5]_i_1/O
                         net (fo=18, routed)          0.371     2.820    wr/arst
    SLICE_X64Y413        LUT6 (Prop_H6LUT_SLICEL_I4_O)
                                                      0.100     2.920 r  wr/buf_reg_3_i_2/O
                         net (fo=4, routed)           0.503     3.423    wr/buf_reg_3_i_2_n_0
    RAMB36_X4Y81         RAMB36E2                                     r  wr/buf_reg_1/ADDRARDADDR[11]
  -------------------------------------------------------------------    -------------------

                         (clock aclk rise edge)       5.000     5.000 r  
                                                      0.000     5.000 r  aclk (IN)
                         net (fo=1602, unset)         0.041     5.041    wr/aclk
    RAMB36_X4Y81         RAMB36E2                                     r  wr/buf_reg_1/CLKARDCLK
                         clock pessimism              0.000     5.041    
                         clock uncertainty           -0.035     5.006    
    RAMB36_X4Y81         RAMB36E2 (Setup_RAMB36E2_RAMB36_CLKARDCLK_ADDRARDADDR[11])
                                                     -0.319     4.687    wr/buf_reg_1
  -------------------------------------------------------------------
                         required time                          4.687    
                         arrival time                          -3.423    
  -------------------------------------------------------------------
                         slack                                  1.264    

Slack (MET) :             1.269ns  (required time - arrival time)
  Source:                 arst
                            (input port clocked by aclk  {rise@0.000ns fall@2.500ns period=5.000ns})
  Destination:            wr/buf_reg_0/ADDRARDADDR[11]
                            (rising edge-triggered cell RAMB36E2 clocked by aclk  {rise@0.000ns fall@2.500ns period=5.000ns})
  Path Group:             aclk
  Path Type:              Setup (Max at Slow Process Corner)
  Requirement:            5.000ns  (aclk rise@5.000ns - aclk rise@0.000ns)
  Data Path Delay:        1.417ns  (logic 0.337ns (23.775%)  route 1.080ns (76.225%))
  Logic Levels:           3  (LUT5=2 LUT6=1)
  Input Delay:            2.000ns
  Clock Path Skew:        0.041ns (DCD - SCD + CPR)
    Destination Clock Delay (DCD):    0.041ns = ( 5.041 - 5.000 ) 
    Source Clock Delay      (SCD):    0.000ns
    Clock Pessimism Removal (CPR):    0.000ns
  Clock Uncertainty:      0.035ns  ((TSJ^2 + TIJ^2)^1/2 + DJ) / 2 + PE
    Total System Jitter     (TSJ):    0.071ns
    Total Input Jitter      (TIJ):    0.000ns
    Discrete Jitter          (DJ):    0.000ns
    Phase Error              (PE):    0.000ns

    Location             Delay type                Incr(ns)  Path(ns)    Netlist Resource(s)
  -------------------------------------------------------------------    -------------------
                         (clock aclk rise edge)       0.000     0.000 r  
                         input delay                  2.000     2.000    
                                                      0.000     2.000 f  arst (IN)
                         net (fo=383, unset)          0.000     2.000    wr/out
    SLICE_X63Y411        LUT5 (Prop_C5LUT_SLICEM_I2_O)
                                                      0.136     2.136 r  wr/rd_idx[5]_i_3/O
                         net (fo=1, routed)           0.212     2.348    wr/rd_idx[5]_i_3_n_0
    SLICE_X63Y408        LUT5 (Prop_E6LUT_SLICEM_I0_O)
                                                      0.101     2.449 r  wr/rd_idx[5]_i_1/O
                         net (fo=18, routed)          0.371     2.820    wr/arst
    SLICE_X64Y413        LUT6 (Prop_H6LUT_SLICEL_I4_O)
                                                      0.100     2.920 r  wr/buf_reg_3_i_2/O
                         net (fo=4, routed)           0.498     3.417    wr/buf_reg_3_i_2_n_0
    RAMB36_X4Y79         RAMB36E2                                     r  wr/buf_reg_0/ADDRARDADDR[11]
  -------------------------------------------------------------------    -------------------

                         (clock aclk rise edge)       5.000     5.000 r  
                                                      0.000     5.000 r  aclk (IN)
                         net (fo=1602, unset)         0.041     5.041    wr/aclk
    RAMB36_X4Y79         RAMB36E2                                     r  wr/buf_reg_0/CLKARDCLK
                         clock pessimism              0.000     5.041    
                         clock uncertainty           -0.035     5.006    
    RAMB36_X4Y79         RAMB36E2 (Setup_RAMB36E2_RAMB36_CLKARDCLK_ADDRARDADDR[11])
                                                     -0.319     4.687    wr/buf_reg_0
  -------------------------------------------------------------------
                         required time                          4.687    
                         arrival time                          -3.417    
  -------------------------------------------------------------------
                         slack                                  1.269    

Slack (MET) :             1.273ns  (required time - arrival time)
  Source:                 arst
                            (input port clocked by aclk  {rise@0.000ns fall@2.500ns period=5.000ns})
  Destination:            wr/buf_reg_3/ADDRARDADDR[10]
                            (rising edge-triggered cell RAMB36E2 clocked by aclk  {rise@0.000ns fall@2.500ns period=5.000ns})
  Path Group:             aclk
  Path Type:              Setup (Max at Slow Process Corner)
  Requirement:            5.000ns  (aclk rise@5.000ns - aclk rise@0.000ns)
  Data Path Delay:        1.431ns  (logic 0.300ns (20.959%)  route 1.131ns (79.041%))
  Logic Levels:           3  (LUT3=1 LUT5=2)
  Input Delay:            2.000ns
  Clock Path Skew:        0.041ns (DCD - SCD + CPR)
    Destination Clock Delay (DCD):    0.041ns = ( 5.041 - 5.000 ) 
    Source Clock Delay      (SCD):    0.000ns
    Clock Pessimism Removal (CPR):    0.000ns
  Clock Uncertainty:      0.035ns  ((TSJ^2 + TIJ^2)^1/2 + DJ) / 2 + PE
    Total System Jitter     (TSJ):    0.071ns
    Total Input Jitter      (TIJ):    0.000ns
    Discrete Jitter          (DJ):    0.000ns
    Phase Error              (PE):    0.000ns

    Location             Delay type                Incr(ns)  Path(ns)    Netlist Resource(s)
  -------------------------------------------------------------------    -------------------
                         (clock aclk rise edge)       0.000     0.000 r  
                         input delay                  2.000     2.000    
                                                      0.000     2.000 f  arst (IN)
                         net (fo=383, unset)          0.000     2.000    wr/out
    SLICE_X63Y411        LUT5 (Prop_C5LUT_SLICEM_I2_O)
                                                      0.136     2.136 r  wr/rd_idx[5]_i_3/O
                         net (fo=1, routed)           0.212     2.348    wr/rd_idx[5]_i_3_n_0
    SLICE_X63Y408        LUT5 (Prop_E6LUT_SLICEM_I0_O)
                                                      0.101     2.449 r  wr/rd_idx[5]_i_1/O
                         net (fo=18, routed)          0.368     2.817    wr/arst
    SLICE_X59Y413        LUT3 (Prop_D6LUT_SLICEL_I1_O)
                                                      0.063     2.880 r  wr/buf_reg_3_i_3/O
                         net (fo=4, routed)           0.551     3.431    wr/buf_reg_3_i_3_n_0
    RAMB36_X3Y80         RAMB36E2                                     r  wr/buf_reg_3/ADDRARDADDR[10]
  -------------------------------------------------------------------    -------------------

                         (clock aclk rise edge)       5.000     5.000 r  
                                                      0.000     5.000 r  aclk (IN)
                         net (fo=1602, unset)         0.041     5.041    wr/aclk
    RAMB36_X3Y80         RAMB36E2                                     r  wr/buf_reg_3/CLKARDCLK
                         clock pessimism              0.000     5.041    
                         clock uncertainty           -0.035     5.006    
    RAMB36_X3Y80         RAMB36E2 (Setup_RAMB36E2_RAMB36_CLKARDCLK_ADDRARDADDR[10])
                                                     -0.301     4.705    wr/buf_reg_3
  -------------------------------------------------------------------
                         required time                          4.705    
                         arrival time                          -3.431    
  -------------------------------------------------------------------
                         slack                                  1.273    

Slack (MET) :             1.296ns  (required time - arrival time)
  Source:                 arst
                            (input port clocked by aclk  {rise@0.000ns fall@2.500ns period=5.000ns})
  Destination:            wr/buf_reg_3/ADDRARDADDR[7]
                            (rising edge-triggered cell RAMB36E2 clocked by aclk  {rise@0.000ns fall@2.500ns period=5.000ns})
  Path Group:             aclk
  Path Type:              Setup (Max at Slow Process Corner)
  Requirement:            5.000ns  (aclk rise@5.000ns - aclk rise@0.000ns)
  Data Path Delay:        1.417ns  (logic 0.387ns (27.307%)  route 1.030ns (72.693%))
  Logic Levels:           3  (LUT5=3)
  Input Delay:            2.000ns
  Clock Path Skew:        0.041ns (DCD - SCD + CPR)
    Destination Clock Delay (DCD):    0.041ns = ( 5.041 - 5.000 ) 
    Source Clock Delay      (SCD):    0.000ns
    Clock Pessimism Removal (CPR):    0.000ns
  Clock Uncertainty:      0.035ns  ((TSJ^2 + TIJ^2)^1/2 + DJ) / 2 + PE
    Total System Jitter     (TSJ):    0.071ns
    Total Input Jitter      (TIJ):    0.000ns
    Discrete Jitter          (DJ):    0.000ns
    Phase Error              (PE):    0.000ns

    Location             Delay type                Incr(ns)  Path(ns)    Netlist Resource(s)
  -------------------------------------------------------------------    -------------------
                         (clock aclk rise edge)       0.000     0.000 r  
                         input delay                  2.000     2.000    
                                                      0.000     2.000 f  arst (IN)
                         net (fo=383, unset)          0.000     2.000    wr/out
    SLICE_X63Y411        LUT5 (Prop_C5LUT_SLICEM_I2_O)
                                                      0.136     2.136 r  wr/rd_idx[5]_i_3/O
                         net (fo=1, routed)           0.212     2.348    wr/rd_idx[5]_i_3_n_0
    SLICE_X63Y408        LUT5 (Prop_E6LUT_SLICEM_I0_O)
                                                      0.101     2.449 r  wr/rd_idx[5]_i_1/O
                         net (fo=18, routed)          0.222     2.671    wr/arst
    SLICE_X63Y414        LUT5 (Prop_B6LUT_SLICEM_I3_O)
                                                      0.150     2.821 r  wr/buf_reg_3_i_6/O
                         net (fo=4, routed)           0.596     3.417    wr/buf_reg_3_i_6_n_0
    RAMB36_X3Y80         RAMB36E2                                     r  wr/buf_reg_3/ADDRARDADDR[7]
  -------------------------------------------------------------------    -------------------

                         (clock aclk rise edge)       5.000     5.000 r  
                                                      0.000     5.000 r  aclk (IN)
                         net (fo=1602, unset)         0.041     5.041    wr/aclk
    RAMB36_X3Y80         RAMB36E2                                     r  wr/buf_reg_3/CLKARDCLK
                         clock pessimism              0.000     5.041    
                         clock uncertainty           -0.035     5.006    
    RAMB36_X3Y80         RAMB36E2 (Setup_RAMB36E2_RAMB36_CLKARDCLK_ADDRARDADDR[7])
                                                     -0.292     4.714    wr/buf_reg_3
  -------------------------------------------------------------------
                         required time                          4.714    
                         arrival time                          -3.417    
  -------------------------------------------------------------------
                         slack                                  1.296    

Slack (MET) :             1.297ns  (required time - arrival time)
  Source:                 arst
                            (input port clocked by aclk  {rise@0.000ns fall@2.500ns period=5.000ns})
  Destination:            wr/buf_reg_2/ADDRARDADDR[11]
                            (rising edge-triggered cell RAMB36E2 clocked by aclk  {rise@0.000ns fall@2.500ns period=5.000ns})
  Path Group:             aclk
  Path Type:              Setup (Max at Slow Process Corner)
  Requirement:            5.000ns  (aclk rise@5.000ns - aclk rise@0.000ns)
  Data Path Delay:        1.389ns  (logic 0.337ns (24.258%)  route 1.052ns (75.742%))
  Logic Levels:           3  (LUT5=2 LUT6=1)
  Input Delay:            2.000ns
  Clock Path Skew:        0.041ns (DCD - SCD + CPR)
    Destination Clock Delay (DCD):    0.041ns = ( 5.041 - 5.000 ) 
    Source Clock Delay      (SCD):    0.000ns
    Clock Pessimism Removal (CPR):    0.000ns
  Clock Uncertainty:      0.035ns  ((TSJ^2 + TIJ^2)^1/2 + DJ) / 2 + PE
    Total System Jitter     (TSJ):    0.071ns
    Total Input Jitter      (TIJ):    0.000ns
    Discrete Jitter          (DJ):    0.000ns
    Phase Error              (PE):    0.000ns

    Location             Delay type                Incr(ns)  Path(ns)    Netlist Resource(s)
  -------------------------------------------------------------------    -------------------
                         (clock aclk rise edge)       0.000     0.000 r  
                         input delay                  2.000     2.000    
                                                      0.000     2.000 f  arst (IN)
                         net (fo=383, unset)          0.000     2.000    wr/out
    SLICE_X63Y411        LUT5 (Prop_C5LUT_SLICEM_I2_O)
                                                      0.136     2.136 r  wr/rd_idx[5]_i_3/O
                         net (fo=1, routed)           0.212     2.348    wr/rd_idx[5]_i_3_n_0
    SLICE_X63Y408        LUT5 (Prop_E6LUT_SLICEM_I0_O)
                                                      0.101     2.449 r  wr/rd_idx[5]_i_1/O
                         net (fo=18, routed)          0.371     2.820    wr/arst
    SLICE_X64Y413        LUT6 (Prop_H6LUT_SLICEL_I4_O)
                                                      0.100     2.920 r  wr/buf_reg_3_i_2/O
                         net (fo=4, routed)           0.469     3.389    wr/buf_reg_3_i_2_n_0
    RAMB36_X3Y82         RAMB36E2                                     r  wr/buf_reg_2/ADDRARDADDR[11]
  -------------------------------------------------------------------    -------------------

                         (clock aclk rise edge)       5.000     5.000 r  
                                                      0.000     5.000 r  aclk (IN)
                         net (fo=1602, unset)         0.041     5.041    wr/aclk
    RAMB36_X3Y82         RAMB36E2                                     r  wr/buf_reg_2/CLKARDCLK
                         clock pessimism              0.000     5.041    
                         clock uncertainty           -0.035     5.006    
    RAMB36_X3Y82         RAMB36E2 (Setup_RAMB36E2_RAMB36_CLKARDCLK_ADDRARDADDR[11])
                                                     -0.319     4.687    wr/buf_reg_2
  -------------------------------------------------------------------
                         required time                          4.687    
                         arrival time                          -3.389    
  -------------------------------------------------------------------
                         slack                                  1.297    

Slack (MET) :             1.304ns  (required time - arrival time)
  Source:                 arst
                            (input port clocked by aclk  {rise@0.000ns fall@2.500ns period=5.000ns})
  Destination:            wr/buf_reg_3/ADDRARDADDR[9]
                            (rising edge-triggered cell RAMB36E2 clocked by aclk  {rise@0.000ns fall@2.500ns period=5.000ns})
  Path Group:             aclk
  Path Type:              Setup (Max at Slow Process Corner)
  Requirement:            5.000ns  (aclk rise@5.000ns - aclk rise@0.000ns)
  Data Path Delay:        1.402ns  (logic 0.317ns (22.612%)  route 1.085ns (77.388%))
  Logic Levels:           3  (LUT3=1 LUT5=2)
  Input Delay:            2.000ns
  Clock Path Skew:        0.041ns (DCD - SCD + CPR)
    Destination Clock Delay (DCD):    0.041ns = ( 5.041 - 5.000 ) 
    Source Clock Delay      (SCD):    0.000ns
    Clock Pessimism Removal (CPR):    0.000ns
  Clock Uncertainty:      0.035ns  ((TSJ^2 + TIJ^2)^1/2 + DJ) / 2 + PE
    Total System Jitter     (TSJ):    0.071ns
    Total Input Jitter      (TIJ):    0.000ns
    Discrete Jitter          (DJ):    0.000ns
    Phase Error              (PE):    0.000ns

    Location             Delay type                Incr(ns)  Path(ns)    Netlist Resource(s)
  -------------------------------------------------------------------    -------------------
                         (clock aclk rise edge)       0.000     0.000 r  
                         input delay                  2.000     2.000    
                                                      0.000     2.000 f  arst (IN)
                         net (fo=383, unset)          0.000     2.000    wr/out
    SLICE_X63Y411        LUT5 (Prop_C5LUT_SLICEM_I2_O)
                                                      0.136     2.136 r  wr/rd_idx[5]_i_3/O
                         net (fo=1, routed)           0.212     2.348    wr/rd_idx[5]_i_3_n_0
    SLICE_X63Y408        LUT5 (Prop_E6LUT_SLICEM_I0_O)
                                                      0.101     2.449 r  wr/rd_idx[5]_i_1/O
                         net (fo=18, routed)          0.368     2.817    wr/arst
    SLICE_X59Y413        LUT3 (Prop_D5LUT_SLICEL_I1_O)
                                                      0.080     2.897 r  wr/buf_reg_3_i_4/O
                         net (fo=4, routed)           0.504     3.402    wr/buf_reg_3_i_4_n_0
    RAMB36_X3Y80         RAMB36E2                                     r  wr/buf_reg_3/ADDRARDADDR[9]
  -------------------------------------------------------------------    -------------------

                         (clock aclk rise edge)       5.000     5.000 r  
                                                      0.000     5.000 r  aclk (IN)
                         net (fo=1602, unset)         0.041     5.041    wr/aclk
    RAMB36_X3Y80         RAMB36E2                                     r  wr/buf_reg_3/CLKARDCLK
                         clock pessimism              0.000     5.041    
                         clock uncertainty           -0.035     5.006    
    RAMB36_X3Y80         RAMB36E2 (Setup_RAMB36E2_RAMB36_CLKARDCLK_ADDRARDADDR[9])
                                                     -0.300     4.706    wr/buf_reg_3
  -------------------------------------------------------------------
                         required time                          4.706    
                         arrival time                          -3.402    
  -------------------------------------------------------------------
                         slack                                  1.304    

Slack (MET) :             1.321ns  (required time - arrival time)
  Source:                 arst
                            (input port clocked by aclk  {rise@0.000ns fall@2.500ns period=5.000ns})
  Destination:            wr/buf_reg_2/ADDRARDADDR[7]
                            (rising edge-triggered cell RAMB36E2 clocked by aclk  {rise@0.000ns fall@2.500ns period=5.000ns})
  Path Group:             aclk
  Path Type:              Setup (Max at Slow Process Corner)
  Requirement:            5.000ns  (aclk rise@5.000ns - aclk rise@0.000ns)
  Data Path Delay:        1.393ns  (logic 0.387ns (27.785%)  route 1.006ns (72.215%))
  Logic Levels:           3  (LUT5=3)
  Input Delay:            2.000ns
  Clock Path Skew:        0.041ns (DCD - SCD + CPR)
    Destination Clock Delay (DCD):    0.041ns = ( 5.041 - 5.000 ) 
    Source Clock Delay      (SCD):    0.000ns
    Clock Pessimism Removal (CPR):    0.000ns
  Clock Uncertainty:      0.035ns  ((TSJ^2 + TIJ^2)^1/2 + DJ) / 2 + PE
    Total System Jitter     (TSJ):    0.071ns
    Total Input Jitter      (TIJ):    0.000ns
    Discrete Jitter          (DJ):    0.000ns
    Phase Error              (PE):    0.000ns

    Location             Delay type                Incr(ns)  Path(ns)    Netlist Resource(s)
  -------------------------------------------------------------------    -------------------
                         (clock aclk rise edge)       0.000     0.000 r  
                         input delay                  2.000     2.000    
                                                      0.000     2.000 f  arst (IN)
                         net (fo=383, unset)          0.000     2.000    wr/out
    SLICE_X63Y411        LUT5 (Prop_C5LUT_SLICEM_I2_O)
                                                      0.136     2.136 r  wr/rd_idx[5]_i_3/O
                         net (fo=1, routed)           0.212     2.348    wr/rd_idx[5]_i_3_n_0
    SLICE_X63Y408        LUT5 (Prop_E6LUT_SLICEM_I0_O)
                                                      0.101     2.449 r  wr/rd_idx[5]_i_1/O
                         net (fo=18, routed)          0.222     2.671    wr/arst
    SLICE_X63Y414        LUT5 (Prop_B6LUT_SLICEM_I3_O)
                                                      0.150     2.821 r  wr/buf_reg_3_i_6/O
                         net (fo=4, routed)           0.572     3.393    wr/buf_reg_3_i_6_n_0
    RAMB36_X3Y82         RAMB36E2                                     r  wr/buf_reg_2/ADDRARDADDR[7]
  -------------------------------------------------------------------    -------------------

                         (clock aclk rise edge)       5.000     5.000 r  
                                                      0.000     5.000 r  aclk (IN)
                         net (fo=1602, unset)         0.041     5.041    wr/aclk
    RAMB36_X3Y82         RAMB36E2                                     r  wr/buf_reg_2/CLKARDCLK
                         clock pessimism              0.000     5.041    
                         clock uncertainty           -0.035     5.006    
    RAMB36_X3Y82         RAMB36E2 (Setup_RAMB36E2_RAMB36_CLKARDCLK_ADDRARDADDR[7])
                                                     -0.292     4.714    wr/buf_reg_2
  -------------------------------------------------------------------
                         required time                          4.714    
                         arrival time                          -3.393    
  -------------------------------------------------------------------
                         slack                                  1.321    

Slack (MET) :             1.343ns  (required time - arrival time)
  Source:                 arst
                            (input port clocked by aclk  {rise@0.000ns fall@2.500ns period=5.000ns})
  Destination:            wr/buf_reg_3/ADDRARDADDR[8]
                            (rising edge-triggered cell RAMB36E2 clocked by aclk  {rise@0.000ns fall@2.500ns period=5.000ns})
  Path Group:             aclk
  Path Type:              Setup (Max at Slow Process Corner)
  Requirement:            5.000ns  (aclk rise@5.000ns - aclk rise@0.000ns)
  Data Path Delay:        1.357ns  (logic 0.350ns (25.800%)  route 1.007ns (74.200%))
  Logic Levels:           3  (LUT5=2 LUT6=1)
  Input Delay:            2.000ns
  Clock Path Skew:        0.041ns (DCD - SCD + CPR)
    Destination Clock Delay (DCD):    0.041ns = ( 5.041 - 5.000 ) 
    Source Clock Delay      (SCD):    0.000ns
    Clock Pessimism Removal (CPR):    0.000ns
  Clock Uncertainty:      0.035ns  ((TSJ^2 + TIJ^2)^1/2 + DJ) / 2 + PE
    Total System Jitter     (TSJ):    0.071ns
    Total Input Jitter      (TIJ):    0.000ns
    Discrete Jitter          (DJ):    0.000ns
    Phase Error              (PE):    0.000ns

    Location             Delay type                Incr(ns)  Path(ns)    Netlist Resource(s)
  -------------------------------------------------------------------    -------------------
                         (clock aclk rise edge)       0.000     0.000 r  
                         input delay                  2.000     2.000    
                                                      0.000     2.000 f  arst (IN)
                         net (fo=383, unset)          0.000     2.000    wr/out
    SLICE_X63Y411        LUT5 (Prop_C5LUT_SLICEM_I2_O)
                                                      0.136     2.136 r  wr/rd_idx[5]_i_3/O
                         net (fo=1, routed)           0.212     2.348    wr/rd_idx[5]_i_3_n_0
    SLICE_X63Y408        LUT5 (Prop_E6LUT_SLICEM_I0_O)
                                                      0.101     2.449 r  wr/rd_idx[5]_i_1/O
                         net (fo=18, routed)          0.219     2.668    wr/arst
    SLICE_X63Y413        LUT6 (Prop_C6LUT_SLICEM_I4_O)
                                                      0.113     2.781 r  wr/buf_reg_3_i_5/O
                         net (fo=4, routed)           0.575     3.357    wr/buf_reg_3_i_5_n_0
    RAMB36_X3Y80         RAMB36E2                                     r  wr/buf_reg_3/ADDRARDADDR[8]
  -------------------------------------------------------------------    -------------------

                         (clock aclk rise edge)       5.000     5.000 r  
                                                      0.000     5.000 r  aclk (IN)
                         net (fo=1602, unset)         0.041     5.041    wr/aclk
    RAMB36_X3Y80         RAMB36E2                                     r  wr/buf_reg_3/CLKARDCLK
                         clock pessimism              0.000     5.041    
                         clock uncertainty           -0.035     5.006    
    RAMB36_X3Y80         RAMB36E2 (Setup_RAMB36E2_RAMB36_CLKARDCLK_ADDRARDADDR[8])
                                                     -0.306     4.700    wr/buf_reg_3
  -------------------------------------------------------------------
                         required time                          4.700    
                         arrival time                          -3.357    
  -------------------------------------------------------------------
                         slack                                  1.343    

Slack (MET) :             1.344ns  (required time - arrival time)
  Source:                 arst
                            (input port clocked by aclk  {rise@0.000ns fall@2.500ns period=5.000ns})
  Destination:            wr/buf_reg_0/ADDRARDADDR[7]
                            (rising edge-triggered cell RAMB36E2 clocked by aclk  {rise@0.000ns fall@2.500ns period=5.000ns})
  Path Group:             aclk
  Path Type:              Setup (Max at Slow Process Corner)
  Requirement:            5.000ns  (aclk rise@5.000ns - aclk rise@0.000ns)
  Data Path Delay:        1.370ns  (logic 0.387ns (28.252%)  route 0.983ns (71.747%))
  Logic Levels:           3  (LUT5=3)
  Input Delay:            2.000ns
  Clock Path Skew:        0.041ns (DCD - SCD + CPR)
    Destination Clock Delay (DCD):    0.041ns = ( 5.041 - 5.000 ) 
    Source Clock Delay      (SCD):    0.000ns
    Clock Pessimism Removal (CPR):    0.000ns
  Clock Uncertainty:      0.035ns  ((TSJ^2 + TIJ^2)^1/2 + DJ) / 2 + PE
    Total System Jitter     (TSJ):    0.071ns
    Total Input Jitter      (TIJ):    0.000ns
    Discrete Jitter          (DJ):    0.000ns
    Phase Error              (PE):    0.000ns

    Location             Delay type                Incr(ns)  Path(ns)    Netlist Resource(s)
  -------------------------------------------------------------------    -------------------
                         (clock aclk rise edge)       0.000     0.000 r  
                         input delay                  2.000     2.000    
                                                      0.000     2.000 f  arst (IN)
                         net (fo=383, unset)          0.000     2.000    wr/out
    SLICE_X63Y411        LUT5 (Prop_C5LUT_SLICEM_I2_O)
                                                      0.136     2.136 r  wr/rd_idx[5]_i_3/O
                         net (fo=1, routed)           0.212     2.348    wr/rd_idx[5]_i_3_n_0
    SLICE_X63Y408        LUT5 (Prop_E6LUT_SLICEM_I0_O)
                                                      0.101     2.449 r  wr/rd_idx[5]_i_1/O
                         net (fo=18, routed)          0.222     2.671    wr/arst
    SLICE_X63Y414        LUT5 (Prop_B6LUT_SLICEM_I3_O)
                                                      0.150     2.821 r  wr/buf_reg_3_i_6/O
                         net (fo=4, routed)           0.549     3.370    wr/buf_reg_3_i_6_n_0
    RAMB36_X4Y79         RAMB36E2                                     r  wr/buf_reg_0/ADDRARDADDR[7]
  -------------------------------------------------------------------    -------------------

                         (clock aclk rise edge)       5.000     5.000 r  
                                                      0.000     5.000 r  aclk (IN)
                         net (fo=1602, unset)         0.041     5.041    wr/aclk
    RAMB36_X4Y79         RAMB36E2                                     r  wr/buf_reg_0/CLKARDCLK
                         clock pessimism              0.000     5.041    
                         clock uncertainty           -0.035     5.006    
    RAMB36_X4Y79         RAMB36E2 (Setup_RAMB36E2_RAMB36_CLKARDCLK_ADDRARDADDR[7])
                                                     -0.292     4.714    wr/buf_reg_0
  -------------------------------------------------------------------
                         required time                          4.714    
                         arrival time                          -3.370    
  -------------------------------------------------------------------
                         slack                                  1.344    

Slack (MET) :             1.379ns  (required time - arrival time)
  Source:                 arst
                            (input port clocked by aclk  {rise@0.000ns fall@2.500ns period=5.000ns})
  Destination:            wr/buf_reg_1/ADDRARDADDR[7]
                            (rising edge-triggered cell RAMB36E2 clocked by aclk  {rise@0.000ns fall@2.500ns period=5.000ns})
  Path Group:             aclk
  Path Type:              Setup (Max at Slow Process Corner)
  Requirement:            5.000ns  (aclk rise@5.000ns - aclk rise@0.000ns)
  Data Path Delay:        1.335ns  (logic 0.387ns (28.998%)  route 0.948ns (71.002%))
  Logic Levels:           3  (LUT5=3)
  Input Delay:            2.000ns
  Clock Path Skew:        0.041ns (DCD - SCD + CPR)
    Destination Clock Delay (DCD):    0.041ns = ( 5.041 - 5.000 ) 
    Source Clock Delay      (SCD):    0.000ns
    Clock Pessimism Removal (CPR):    0.000ns
  Clock Uncertainty:      0.035ns  ((TSJ^2 + TIJ^2)^1/2 + DJ) / 2 + PE
    Total System Jitter     (TSJ):    0.071ns
    Total Input Jitter      (TIJ):    0.000ns
    Discrete Jitter          (DJ):    0.000ns
    Phase Error              (PE):    0.000ns

    Location             Delay type                Incr(ns)  Path(ns)    Netlist Resource(s)
  -------------------------------------------------------------------    -------------------
                         (clock aclk rise edge)       0.000     0.000 r  
                         input delay                  2.000     2.000    
                                                      0.000     2.000 f  arst (IN)
                         net (fo=383, unset)          0.000     2.000    wr/out
    SLICE_X63Y411        LUT5 (Prop_C5LUT_SLICEM_I2_O)
                                                      0.136     2.136 r  wr/rd_idx[5]_i_3/O
                         net (fo=1, routed)           0.212     2.348    wr/rd_idx[5]_i_3_n_0
    SLICE_X63Y408        LUT5 (Prop_E6LUT_SLICEM_I0_O)
                                                      0.101     2.449 r  wr/rd_idx[5]_i_1/O
                         net (fo=18, routed)          0.222     2.671    wr/arst
    SLICE_X63Y414        LUT5 (Prop_B6LUT_SLICEM_I3_O)
                                                      0.150     2.821 r  wr/buf_reg_3_i_6/O
                         net (fo=4, routed)           0.514     3.335    wr/buf_reg_3_i_6_n_0
    RAMB36_X4Y81         RAMB36E2                                     r  wr/buf_reg_1/ADDRARDADDR[7]
  -------------------------------------------------------------------    -------------------

                         (clock aclk rise edge)       5.000     5.000 r  
                                                      0.000     5.000 r  aclk (IN)
                         net (fo=1602, unset)         0.041     5.041    wr/aclk
    RAMB36_X4Y81         RAMB36E2                                     r  wr/buf_reg_1/CLKARDCLK
                         clock pessimism              0.000     5.041    
                         clock uncertainty           -0.035     5.006    
    RAMB36_X4Y81         RAMB36E2 (Setup_RAMB36E2_RAMB36_CLKARDCLK_ADDRARDADDR[7])
                                                     -0.292     4.714    wr/buf_reg_1
  -------------------------------------------------------------------
                         required time                          4.714    
                         arrival time                          -3.335    
  -------------------------------------------------------------------
                         slack                                  1.379    

Slack (MET) :             1.382ns  (required time - arrival time)
  Source:                 arst
                            (input port clocked by aclk  {rise@0.000ns fall@2.500ns period=5.000ns})
  Destination:            cu/beats_reg[19]/CE
                            (rising edge-triggered cell FDRE clocked by aclk  {rise@0.000ns fall@2.500ns period=5.000ns})
  Path Group:             aclk
  Path Type:              Setup (Max at Slow Process Corner)
  Requirement:            5.000ns  (aclk rise@5.000ns - aclk rise@0.000ns)
  Data Path Delay:        1.564ns  (logic 0.233ns (14.896%)  route 1.331ns (85.104%))
  Logic Levels:           2  (LUT5=1 LUT6=1)
  Input Delay:            2.000ns
  Clock Path Skew:        0.024ns (DCD - SCD + CPR)
    Destination Clock Delay (DCD):    0.024ns = ( 5.024 - 5.000 ) 
    Source Clock Delay      (SCD):    0.000ns
    Clock Pessimism Removal (CPR):    0.000ns
  Clock Uncertainty:      0.035ns  ((TSJ^2 + TIJ^2)^1/2 + DJ) / 2 + PE
    Total System Jitter     (TSJ):    0.071ns
    Total Input Jitter      (TIJ):    0.000ns
    Discrete Jitter          (DJ):    0.000ns
    Phase Error              (PE):    0.000ns

    Location             Delay type                Incr(ns)  Path(ns)    Netlist Resource(s)
  -------------------------------------------------------------------    -------------------
                         (clock aclk rise edge)       0.000     0.000 r  
                         input delay                  2.000     2.000    
                                                      0.000     2.000 f  arst (IN)
                         net (fo=383, unset)          0.000     2.000    cu/out
    SLICE_X67Y402        LUT5 (Prop_G5LUT_SLICEL_I4_O)
                                                      0.082     2.082 r  cu/seq[31]_i_1/O
                         net (fo=33, routed)          0.526     2.608    cu/seq[31]_i_1_n_0
    SLICE_X65Y406        LUT6 (Prop_H6LUT_SLICEM_I5_O)
                                                      0.151     2.759 r  cu/cur[32]_i_1__0/O
                         net (fo=68, routed)          0.805     3.564    cu/cur[32]_i_1__0_n_0
    SLICE_X59Y418        FDRE                                         r  cu/beats_reg[19]/CE
  -------------------------------------------------------------------    -------------------

                         (clock aclk rise edge)       5.000     5.000 r  
                                                      0.000     5.000 r  aclk (IN)
                         net (fo=1602, unset)         0.024     5.024    cu/aclk
    SLICE_X59Y418        FDRE                                         r  cu/beats_reg[19]/C
                         clock pessimism              0.000     5.024    
                         clock uncertainty           -0.035     4.989    
    SLICE_X59Y418        FDRE (Setup_DFF_SLICEL_C_CE)
                                                     -0.042     4.947    cu/beats_reg[19]
  -------------------------------------------------------------------
                         required time                          4.947    
                         arrival time                          -3.564    
  -------------------------------------------------------------------
                         slack                                  1.382    

Slack (MET) :             1.382ns  (required time - arrival time)
  Source:                 arst
                            (input port clocked by aclk  {rise@0.000ns fall@2.500ns period=5.000ns})
  Destination:            cu/beats_reg[20]/CE
                            (rising edge-triggered cell FDRE clocked by aclk  {rise@0.000ns fall@2.500ns period=5.000ns})
  Path Group:             aclk
  Path Type:              Setup (Max at Slow Process Corner)
  Requirement:            5.000ns  (aclk rise@5.000ns - aclk rise@0.000ns)
  Data Path Delay:        1.564ns  (logic 0.233ns (14.896%)  route 1.331ns (85.104%))
  Logic Levels:           2  (LUT5=1 LUT6=1)
  Input Delay:            2.000ns
  Clock Path Skew:        0.024ns (DCD - SCD + CPR)
    Destination Clock Delay (DCD):    0.024ns = ( 5.024 - 5.000 ) 
    Source Clock Delay      (SCD):    0.000ns
    Clock Pessimism Removal (CPR):    0.000ns
  Clock Uncertainty:      0.035ns  ((TSJ^2 + TIJ^2)^1/2 + DJ) / 2 + PE
    Total System Jitter     (TSJ):    0.071ns
    Total Input Jitter      (TIJ):    0.000ns
    Discrete Jitter          (DJ):    0.000ns
    Phase Error              (PE):    0.000ns

    Location             Delay type                Incr(ns)  Path(ns)    Netlist Resource(s)
  -------------------------------------------------------------------    -------------------
                         (clock aclk rise edge)       0.000     0.000 r  
                         input delay                  2.000     2.000    
                                                      0.000     2.000 f  arst (IN)
                         net (fo=383, unset)          0.000     2.000    cu/out
    SLICE_X67Y402        LUT5 (Prop_G5LUT_SLICEL_I4_O)
                                                      0.082     2.082 r  cu/seq[31]_i_1/O
                         net (fo=33, routed)          0.526     2.608    cu/seq[31]_i_1_n_0
    SLICE_X65Y406        LUT6 (Prop_H6LUT_SLICEM_I5_O)
                                                      0.151     2.759 r  cu/cur[32]_i_1__0/O
                         net (fo=68, routed)          0.805     3.564    cu/cur[32]_i_1__0_n_0
    SLICE_X59Y418        FDRE                                         r  cu/beats_reg[20]/CE
  -------------------------------------------------------------------    -------------------

                         (clock aclk rise edge)       5.000     5.000 r  
                                                      0.000     5.000 r  aclk (IN)
                         net (fo=1602, unset)         0.024     5.024    cu/aclk
    SLICE_X59Y418        FDRE                                         r  cu/beats_reg[20]/C
                         clock pessimism              0.000     5.024    
                         clock uncertainty           -0.035     4.989    
    SLICE_X59Y418        FDRE (Setup_CFF_SLICEL_C_CE)
                                                     -0.042     4.947    cu/beats_reg[20]
  -------------------------------------------------------------------
                         required time                          4.947    
                         arrival time                          -3.564    
  -------------------------------------------------------------------
                         slack                                  1.382    

Slack (MET) :             1.382ns  (required time - arrival time)
  Source:                 arst
                            (input port clocked by aclk  {rise@0.000ns fall@2.500ns period=5.000ns})
  Destination:            cu/beats_reg[21]/CE
                            (rising edge-triggered cell FDRE clocked by aclk  {rise@0.000ns fall@2.500ns period=5.000ns})
  Path Group:             aclk
  Path Type:              Setup (Max at Slow Process Corner)
  Requirement:            5.000ns  (aclk rise@5.000ns - aclk rise@0.000ns)
  Data Path Delay:        1.564ns  (logic 0.233ns (14.896%)  route 1.331ns (85.104%))
  Logic Levels:           2  (LUT5=1 LUT6=1)
  Input Delay:            2.000ns
  Clock Path Skew:        0.024ns (DCD - SCD + CPR)
    Destination Clock Delay (DCD):    0.024ns = ( 5.024 - 5.000 ) 
    Source Clock Delay      (SCD):    0.000ns
    Clock Pessimism Removal (CPR):    0.000ns
  Clock Uncertainty:      0.035ns  ((TSJ^2 + TIJ^2)^1/2 + DJ) / 2 + PE
    Total System Jitter     (TSJ):    0.071ns
    Total Input Jitter      (TIJ):    0.000ns
    Discrete Jitter          (DJ):    0.000ns
    Phase Error              (PE):    0.000ns

    Location             Delay type                Incr(ns)  Path(ns)    Netlist Resource(s)
  -------------------------------------------------------------------    -------------------
                         (clock aclk rise edge)       0.000     0.000 r  
                         input delay                  2.000     2.000    
                                                      0.000     2.000 f  arst (IN)
                         net (fo=383, unset)          0.000     2.000    cu/out
    SLICE_X67Y402        LUT5 (Prop_G5LUT_SLICEL_I4_O)
                                                      0.082     2.082 r  cu/seq[31]_i_1/O
                         net (fo=33, routed)          0.526     2.608    cu/seq[31]_i_1_n_0
    SLICE_X65Y406        LUT6 (Prop_H6LUT_SLICEM_I5_O)
                                                      0.151     2.759 r  cu/cur[32]_i_1__0/O
                         net (fo=68, routed)          0.805     3.564    cu/cur[32]_i_1__0_n_0
    SLICE_X59Y418        FDRE                                         r  cu/beats_reg[21]/CE
  -------------------------------------------------------------------    -------------------

                         (clock aclk rise edge)       5.000     5.000 r  
                                                      0.000     5.000 r  aclk (IN)
                         net (fo=1602, unset)         0.024     5.024    cu/aclk
    SLICE_X59Y418        FDRE                                         r  cu/beats_reg[21]/C
                         clock pessimism              0.000     5.024    
                         clock uncertainty           -0.035     4.989    
    SLICE_X59Y418        FDRE (Setup_BFF_SLICEL_C_CE)
                                                     -0.042     4.947    cu/beats_reg[21]
  -------------------------------------------------------------------
                         required time                          4.947    
                         arrival time                          -3.564    
  -------------------------------------------------------------------
                         slack                                  1.382    

Slack (MET) :             1.382ns  (required time - arrival time)
  Source:                 arst
                            (input port clocked by aclk  {rise@0.000ns fall@2.500ns period=5.000ns})
  Destination:            cu/beats_reg[30]/CE
                            (rising edge-triggered cell FDRE clocked by aclk  {rise@0.000ns fall@2.500ns period=5.000ns})
  Path Group:             aclk
  Path Type:              Setup (Max at Slow Process Corner)
  Requirement:            5.000ns  (aclk rise@5.000ns - aclk rise@0.000ns)
  Data Path Delay:        1.564ns  (logic 0.233ns (14.896%)  route 1.331ns (85.104%))
  Logic Levels:           2  (LUT5=1 LUT6=1)
  Input Delay:            2.000ns
  Clock Path Skew:        0.024ns (DCD - SCD + CPR)
    Destination Clock Delay (DCD):    0.024ns = ( 5.024 - 5.000 ) 
    Source Clock Delay      (SCD):    0.000ns
    Clock Pessimism Removal (CPR):    0.000ns
  Clock Uncertainty:      0.035ns  ((TSJ^2 + TIJ^2)^1/2 + DJ) / 2 + PE
    Total System Jitter     (TSJ):    0.071ns
    Total Input Jitter      (TIJ):    0.000ns
    Discrete Jitter          (DJ):    0.000ns
    Phase Error              (PE):    0.000ns

    Location             Delay type                Incr(ns)  Path(ns)    Netlist Resource(s)
  -------------------------------------------------------------------    -------------------
                         (clock aclk rise edge)       0.000     0.000 r  
                         input delay                  2.000     2.000    
                                                      0.000     2.000 f  arst (IN)
                         net (fo=383, unset)          0.000     2.000    cu/out
    SLICE_X67Y402        LUT5 (Prop_G5LUT_SLICEL_I4_O)
                                                      0.082     2.082 r  cu/seq[31]_i_1/O
                         net (fo=33, routed)          0.526     2.608    cu/seq[31]_i_1_n_0
    SLICE_X65Y406        LUT6 (Prop_H6LUT_SLICEM_I5_O)
                                                      0.151     2.759 r  cu/cur[32]_i_1__0/O
                         net (fo=68, routed)          0.805     3.564    cu/cur[32]_i_1__0_n_0
    SLICE_X59Y418        FDRE                                         r  cu/beats_reg[30]/CE
  -------------------------------------------------------------------    -------------------

                         (clock aclk rise edge)       5.000     5.000 r  
                                                      0.000     5.000 r  aclk (IN)
                         net (fo=1602, unset)         0.024     5.024    cu/aclk
    SLICE_X59Y418        FDRE                                         r  cu/beats_reg[30]/C
                         clock pessimism              0.000     5.024    
                         clock uncertainty           -0.035     4.989    
    SLICE_X59Y418        FDRE (Setup_AFF_SLICEL_C_CE)
                                                     -0.042     4.947    cu/beats_reg[30]
  -------------------------------------------------------------------
                         required time                          4.947    
                         arrival time                          -3.564    
  -------------------------------------------------------------------
                         slack                                  1.382    

Slack (MET) :             1.388ns  (required time - arrival time)
  Source:                 arst
                            (input port clocked by aclk  {rise@0.000ns fall@2.500ns period=5.000ns})
  Destination:            cu/beats_reg[17]/CE
                            (rising edge-triggered cell FDRE clocked by aclk  {rise@0.000ns fall@2.500ns period=5.000ns})
  Path Group:             aclk
  Path Type:              Setup (Max at Slow Process Corner)
  Requirement:            5.000ns  (aclk rise@5.000ns - aclk rise@0.000ns)
  Data Path Delay:        1.559ns  (logic 0.233ns (14.944%)  route 1.326ns (85.056%))
  Logic Levels:           2  (LUT5=1 LUT6=1)
  Input Delay:            2.000ns
  Clock Path Skew:        0.025ns (DCD - SCD + CPR)
    Destination Clock Delay (DCD):    0.025ns = ( 5.025 - 5.000 ) 
    Source Clock Delay      (SCD):    0.000ns
    Clock Pessimism Removal (CPR):    0.000ns
  Clock Uncertainty:      0.035ns  ((TSJ^2 + TIJ^2)^1/2 + DJ) / 2 + PE
    Total System Jitter     (TSJ):    0.071ns
    Total Input Jitter      (TIJ):    0.000ns
    Discrete Jitter          (DJ):    0.000ns
    Phase Error              (PE):    0.000ns

    Location             Delay type                Incr(ns)  Path(ns)    Netlist Resource(s)
  -------------------------------------------------------------------    -------------------
                         (clock aclk rise edge)       0.000     0.000 r  
                         input delay                  2.000     2.000    
                                                      0.000     2.000 f  arst (IN)
                         net (fo=383, unset)          0.000     2.000    cu/out
    SLICE_X67Y402        LUT5 (Prop_G5LUT_SLICEL_I4_O)
                                                      0.082     2.082 r  cu/seq[31]_i_1/O
                         net (fo=33, routed)          0.526     2.608    cu/seq[31]_i_1_n_0
    SLICE_X65Y406        LUT6 (Prop_H6LUT_SLICEM_I5_O)
                                                      0.151     2.759 r  cu/cur[32]_i_1__0/O
                         net (fo=68, routed)          0.800     3.559    cu/cur[32]_i_1__0_n_0
    SLICE_X59Y417        FDRE                                         r  cu/beats_reg[17]/CE
  -------------------------------------------------------------------    -------------------

                         (clock aclk rise edge)       5.000     5.000 r  
                                                      0.000     5.000 r  aclk (IN)
                         net (fo=1602, unset)         0.025     5.025    cu/aclk
    SLICE_X59Y417        FDRE                                         r  cu/beats_reg[17]/C
                         clock pessimism              0.000     5.025    
                         clock uncertainty           -0.035     4.990    
    SLICE_X59Y417        FDRE (Setup_HFF_SLICEL_C_CE)
                                                     -0.043     4.947    cu/beats_reg[17]
  -------------------------------------------------------------------
                         required time                          4.947    
                         arrival time                          -3.559    
  -------------------------------------------------------------------
                         slack                                  1.388    

Slack (MET) :             1.388ns  (required time - arrival time)
  Source:                 arst
                            (input port clocked by aclk  {rise@0.000ns fall@2.500ns period=5.000ns})
  Destination:            cu/beats_reg[24]/CE
                            (rising edge-triggered cell FDRE clocked by aclk  {rise@0.000ns fall@2.500ns period=5.000ns})
  Path Group:             aclk
  Path Type:              Setup (Max at Slow Process Corner)
  Requirement:            5.000ns  (aclk rise@5.000ns - aclk rise@0.000ns)
  Data Path Delay:        1.559ns  (logic 0.233ns (14.944%)  route 1.326ns (85.056%))
  Logic Levels:           2  (LUT5=1 LUT6=1)
  Input Delay:            2.000ns
  Clock Path Skew:        0.025ns (DCD - SCD + CPR)
    Destination Clock Delay (DCD):    0.025ns = ( 5.025 - 5.000 ) 
    Source Clock Delay      (SCD):    0.000ns
    Clock Pessimism Removal (CPR):    0.000ns
  Clock Uncertainty:      0.035ns  ((TSJ^2 + TIJ^2)^1/2 + DJ) / 2 + PE
    Total System Jitter     (TSJ):    0.071ns
    Total Input Jitter      (TIJ):    0.000ns
    Discrete Jitter          (DJ):    0.000ns
    Phase Error              (PE):    0.000ns

    Location             Delay type                Incr(ns)  Path(ns)    Netlist Resource(s)
  -------------------------------------------------------------------    -------------------
                         (clock aclk rise edge)       0.000     0.000 r  
                         input delay                  2.000     2.000    
                                                      0.000     2.000 f  arst (IN)
                         net (fo=383, unset)          0.000     2.000    cu/out
    SLICE_X67Y402        LUT5 (Prop_G5LUT_SLICEL_I4_O)
                                                      0.082     2.082 r  cu/seq[31]_i_1/O
                         net (fo=33, routed)          0.526     2.608    cu/seq[31]_i_1_n_0
    SLICE_X65Y406        LUT6 (Prop_H6LUT_SLICEM_I5_O)
                                                      0.151     2.759 r  cu/cur[32]_i_1__0/O
                         net (fo=68, routed)          0.800     3.559    cu/cur[32]_i_1__0_n_0
    SLICE_X59Y417        FDRE                                         r  cu/beats_reg[24]/CE
  -------------------------------------------------------------------    -------------------

                         (clock aclk rise edge)       5.000     5.000 r  
                                                      0.000     5.000 r  aclk (IN)
                         net (fo=1602, unset)         0.025     5.025    cu/aclk
    SLICE_X59Y417        FDRE                                         r  cu/beats_reg[24]/C
                         clock pessimism              0.000     5.025    
                         clock uncertainty           -0.035     4.990    
    SLICE_X59Y417        FDRE (Setup_GFF_SLICEL_C_CE)
                                                     -0.043     4.947    cu/beats_reg[24]
  -------------------------------------------------------------------
                         required time                          4.947    
                         arrival time                          -3.559    
  -------------------------------------------------------------------
                         slack                                  1.388    

Slack (MET) :             1.388ns  (required time - arrival time)
  Source:                 arst
                            (input port clocked by aclk  {rise@0.000ns fall@2.500ns period=5.000ns})
  Destination:            cu/beats_reg[26]/CE
                            (rising edge-triggered cell FDRE clocked by aclk  {rise@0.000ns fall@2.500ns period=5.000ns})
  Path Group:             aclk
  Path Type:              Setup (Max at Slow Process Corner)
  Requirement:            5.000ns  (aclk rise@5.000ns - aclk rise@0.000ns)
  Data Path Delay:        1.559ns  (logic 0.233ns (14.944%)  route 1.326ns (85.056%))
  Logic Levels:           2  (LUT5=1 LUT6=1)
  Input Delay:            2.000ns
  Clock Path Skew:        0.025ns (DCD - SCD + CPR)
    Destination Clock Delay (DCD):    0.025ns = ( 5.025 - 5.000 ) 
    Source Clock Delay      (SCD):    0.000ns
    Clock Pessimism Removal (CPR):    0.000ns
  Clock Uncertainty:      0.035ns  ((TSJ^2 + TIJ^2)^1/2 + DJ) / 2 + PE
    Total System Jitter     (TSJ):    0.071ns
    Total Input Jitter      (TIJ):    0.000ns
    Discrete Jitter          (DJ):    0.000ns
    Phase Error              (PE):    0.000ns

    Location             Delay type                Incr(ns)  Path(ns)    Netlist Resource(s)
  -------------------------------------------------------------------    -------------------
                         (clock aclk rise edge)       0.000     0.000 r  
                         input delay                  2.000     2.000    
                                                      0.000     2.000 f  arst (IN)
                         net (fo=383, unset)          0.000     2.000    cu/out
    SLICE_X67Y402        LUT5 (Prop_G5LUT_SLICEL_I4_O)
                                                      0.082     2.082 r  cu/seq[31]_i_1/O
                         net (fo=33, routed)          0.526     2.608    cu/seq[31]_i_1_n_0
    SLICE_X65Y406        LUT6 (Prop_H6LUT_SLICEM_I5_O)
                                                      0.151     2.759 r  cu/cur[32]_i_1__0/O
                         net (fo=68, routed)          0.800     3.559    cu/cur[32]_i_1__0_n_0
    SLICE_X59Y417        FDRE                                         r  cu/beats_reg[26]/CE
  -------------------------------------------------------------------    -------------------

                         (clock aclk rise edge)       5.000     5.000 r  
                                                      0.000     5.000 r  aclk (IN)
                         net (fo=1602, unset)         0.025     5.025    cu/aclk
    SLICE_X59Y417        FDRE                                         r  cu/beats_reg[26]/C
                         clock pessimism              0.000     5.025    
                         clock uncertainty           -0.035     4.990    
    SLICE_X59Y417        FDRE (Setup_FFF_SLICEL_C_CE)
                                                     -0.043     4.947    cu/beats_reg[26]
  -------------------------------------------------------------------
                         required time                          4.947    
                         arrival time                          -3.559    
  -------------------------------------------------------------------
                         slack                                  1.388    

Slack (MET) :             1.388ns  (required time - arrival time)
  Source:                 arst
                            (input port clocked by aclk  {rise@0.000ns fall@2.500ns period=5.000ns})
  Destination:            cu/beats_reg[31]/CE
                            (rising edge-triggered cell FDRE clocked by aclk  {rise@0.000ns fall@2.500ns period=5.000ns})
  Path Group:             aclk
  Path Type:              Setup (Max at Slow Process Corner)
  Requirement:            5.000ns  (aclk rise@5.000ns - aclk rise@0.000ns)
  Data Path Delay:        1.559ns  (logic 0.233ns (14.944%)  route 1.326ns (85.056%))
  Logic Levels:           2  (LUT5=1 LUT6=1)
  Input Delay:            2.000ns
  Clock Path Skew:        0.025ns (DCD - SCD + CPR)
    Destination Clock Delay (DCD):    0.025ns = ( 5.025 - 5.000 ) 
    Source Clock Delay      (SCD):    0.000ns
    Clock Pessimism Removal (CPR):    0.000ns
  Clock Uncertainty:      0.035ns  ((TSJ^2 + TIJ^2)^1/2 + DJ) / 2 + PE
    Total System Jitter     (TSJ):    0.071ns
    Total Input Jitter      (TIJ):    0.000ns
    Discrete Jitter          (DJ):    0.000ns
    Phase Error              (PE):    0.000ns

    Location             Delay type                Incr(ns)  Path(ns)    Netlist Resource(s)
  -------------------------------------------------------------------    -------------------
                         (clock aclk rise edge)       0.000     0.000 r  
                         input delay                  2.000     2.000    
                                                      0.000     2.000 f  arst (IN)
                         net (fo=383, unset)          0.000     2.000    cu/out
    SLICE_X67Y402        LUT5 (Prop_G5LUT_SLICEL_I4_O)
                                                      0.082     2.082 r  cu/seq[31]_i_1/O
                         net (fo=33, routed)          0.526     2.608    cu/seq[31]_i_1_n_0
    SLICE_X65Y406        LUT6 (Prop_H6LUT_SLICEM_I5_O)
                                                      0.151     2.759 r  cu/cur[32]_i_1__0/O
                         net (fo=68, routed)          0.800     3.559    cu/cur[32]_i_1__0_n_0
    SLICE_X59Y417        FDRE                                         r  cu/beats_reg[31]/CE
  -------------------------------------------------------------------    -------------------

                         (clock aclk rise edge)       5.000     5.000 r  
                                                      0.000     5.000 r  aclk (IN)
                         net (fo=1602, unset)         0.025     5.025    cu/aclk
    SLICE_X59Y417        FDRE                                         r  cu/beats_reg[31]/C
                         clock pessimism              0.000     5.025    
                         clock uncertainty           -0.035     4.990    
    SLICE_X59Y417        FDRE (Setup_EFF_SLICEL_C_CE)
                                                     -0.043     4.947    cu/beats_reg[31]
  -------------------------------------------------------------------
                         required time                          4.947    
                         arrival time                          -3.559    
  -------------------------------------------------------------------
                         slack                                  1.388    

Slack (MET) :             1.396ns  (required time - arrival time)
  Source:                 arst
                            (input port clocked by aclk  {rise@0.000ns fall@2.500ns period=5.000ns})
  Destination:            wr/buf_reg_3/ADDRARDADDR[6]
                            (rising edge-triggered cell RAMB36E2 clocked by aclk  {rise@0.000ns fall@2.500ns period=5.000ns})
  Path Group:             aclk
  Path Type:              Setup (Max at Slow Process Corner)
  Requirement:            5.000ns  (aclk rise@5.000ns - aclk rise@0.000ns)
  Data Path Delay:        1.299ns  (logic 0.337ns (25.942%)  route 0.962ns (74.058%))
  Logic Levels:           3  (LUT4=1 LUT5=2)
  Input Delay:            2.000ns
  Clock Path Skew:        0.041ns (DCD - SCD + CPR)
    Destination Clock Delay (DCD):    0.041ns = ( 5.041 - 5.000 ) 
    Source Clock Delay      (SCD):    0.000ns
    Clock Pessimism Removal (CPR):    0.000ns
  Clock Uncertainty:      0.035ns  ((TSJ^2 + TIJ^2)^1/2 + DJ) / 2 + PE
    Total System Jitter     (TSJ):    0.071ns
    Total Input Jitter      (TIJ):    0.000ns
    Discrete Jitter          (DJ):    0.000ns
    Phase Error              (PE):    0.000ns

    Location             Delay type                Incr(ns)  Path(ns)    Netlist Resource(s)
  -------------------------------------------------------------------    -------------------
                         (clock aclk rise edge)       0.000     0.000 r  
                         input delay                  2.000     2.000    
                                                      0.000     2.000 f  arst (IN)
                         net (fo=383, unset)          0.000     2.000    wr/out
    SLICE_X63Y411        LUT5 (Prop_C5LUT_SLICEM_I2_O)
                                                      0.136     2.136 r  wr/rd_idx[5]_i_3/O
                         net (fo=1, routed)           0.212     2.348    wr/rd_idx[5]_i_3_n_0
    SLICE_X63Y408        LUT5 (Prop_E6LUT_SLICEM_I0_O)
                                                      0.101     2.449 r  wr/rd_idx[5]_i_1/O
                         net (fo=18, routed)          0.186     2.635    wr/arst
    SLICE_X63Y411        LUT4 (Prop_B6LUT_SLICEM_I2_O)
                                                      0.100     2.735 r  wr/buf_reg_3_i_7/O
                         net (fo=4, routed)           0.564     3.299    wr/buf_reg_3_i_7_n_0
    RAMB36_X3Y80         RAMB36E2                                     r  wr/buf_reg_3/ADDRARDADDR[6]
  -------------------------------------------------------------------    -------------------

                         (clock aclk rise edge)       5.000     5.000 r  
                                                      0.000     5.000 r  aclk (IN)
                         net (fo=1602, unset)         0.041     5.041    wr/aclk
    RAMB36_X3Y80         RAMB36E2                                     r  wr/buf_reg_3/CLKARDCLK
                         clock pessimism              0.000     5.041    
                         clock uncertainty           -0.035     5.006    
    RAMB36_X3Y80         RAMB36E2 (Setup_RAMB36E2_RAMB36_CLKARDCLK_ADDRARDADDR[6])
                                                     -0.311     4.695    wr/buf_reg_3
  -------------------------------------------------------------------
                         required time                          4.695    
                         arrival time                          -3.299    
  -------------------------------------------------------------------
                         slack                                  1.396    





Min Delay Paths
--------------------------------------------------------------------------------------
Slack (MET) :             0.041ns  (arrival time - required time)
  Source:                 cu/seq_reg[24]/C
                            (rising edge-triggered cell FDRE clocked by aclk  {rise@0.000ns fall@2.500ns period=5.000ns})
  Destination:            sync/snap_reg[248]/D
                            (rising edge-triggered cell FDRE clocked by aclk  {rise@0.000ns fall@2.500ns period=5.000ns})
  Path Group:             aclk
  Path Type:              Hold (Min at Fast Process Corner)
  Requirement:            0.000ns  (aclk rise@0.000ns - aclk rise@0.000ns)
  Data Path Delay:        0.093ns  (logic 0.039ns (41.935%)  route 0.054ns (58.065%))
  Logic Levels:           0  
  Clock Path Skew:        0.005ns (DCD - SCD - CPR)
    Destination Clock Delay (DCD):    0.018ns
    Source Clock Delay      (SCD):    0.013ns
    Clock Pessimism Removal (CPR):    -0.000ns

    Location             Delay type                Incr(ns)  Path(ns)    Netlist Resource(s)
  -------------------------------------------------------------------    -------------------
                         (clock aclk rise edge)       0.000     0.000 r  
                                                      0.000     0.000 r  aclk (IN)
                         net (fo=1602, unset)         0.013     0.013    cu/aclk
    SLICE_X63Y405        FDRE                                         r  cu/seq_reg[24]/C
  -------------------------------------------------------------------    -------------------
    SLICE_X63Y405        FDRE (Prop_HFF2_SLICEM_C_Q)
                                                      0.039     0.052 r  cu/seq_reg[24]/Q
                         net (fo=1, routed)           0.054     0.106    sync/D[188]
    SLICE_X64Y405        FDRE                                         r  sync/snap_reg[248]/D
  -------------------------------------------------------------------    -------------------

                         (clock aclk rise edge)       0.000     0.000 r  
                                                      0.000     0.000 r  aclk (IN)
                         net (fo=1602, unset)         0.018     0.018    sync/aclk
    SLICE_X64Y405        FDRE                                         r  sync/snap_reg[248]/C
                         clock pessimism              0.000     0.018    
    SLICE_X64Y405        FDRE (Hold_DFF2_SLICEL_C_D)
                                                      0.047     0.065    sync/snap_reg[248]
  -------------------------------------------------------------------
                         required time                         -0.065    
                         arrival time                           0.106    
  -------------------------------------------------------------------
                         slack                                  0.041    

Slack (MET) :             0.043ns  (arrival time - required time)
  Source:                 dnar/val_reg[92]/C
                            (rising edge-triggered cell FDRE clocked by aclk  {rise@0.000ns fall@2.500ns period=5.000ns})
  Destination:            sync/snap_reg[348]/D
                            (rising edge-triggered cell FDRE clocked by aclk  {rise@0.000ns fall@2.500ns period=5.000ns})
  Path Group:             aclk
  Path Type:              Hold (Min at Fast Process Corner)
  Requirement:            0.000ns  (aclk rise@0.000ns - aclk rise@0.000ns)
  Data Path Delay:        0.097ns  (logic 0.040ns (41.237%)  route 0.057ns (58.763%))
  Logic Levels:           0  
  Clock Path Skew:        0.007ns (DCD - SCD - CPR)
    Destination Clock Delay (DCD):    0.019ns
    Source Clock Delay      (SCD):    0.012ns
    Clock Pessimism Removal (CPR):    -0.000ns

    Location             Delay type                Incr(ns)  Path(ns)    Netlist Resource(s)
  -------------------------------------------------------------------    -------------------
                         (clock aclk rise edge)       0.000     0.000 r  
                                                      0.000     0.000 r  aclk (IN)
                         net (fo=1602, unset)         0.012     0.012    dnar/aclk
    SLICE_X69Y421        FDRE                                         r  dnar/val_reg[92]/C
  -------------------------------------------------------------------    -------------------
    SLICE_X69Y421        FDRE (Prop_BFF2_SLICEL_C_Q)
                                                      0.040     0.052 r  dnar/val_reg[92]/Q
                         net (fo=1, routed)           0.057     0.109    sync/D[288]
    SLICE_X70Y421        FDRE                                         r  sync/snap_reg[348]/D
  -------------------------------------------------------------------    -------------------

                         (clock aclk rise edge)       0.000     0.000 r  
                                                      0.000     0.000 r  aclk (IN)
                         net (fo=1602, unset)         0.019     0.019    sync/aclk
    SLICE_X70Y421        FDRE                                         r  sync/snap_reg[348]/C
                         clock pessimism              0.000     0.019    
    SLICE_X70Y421        FDRE (Hold_EFF2_SLICEL_C_D)
                                                      0.047     0.066    sync/snap_reg[348]
  -------------------------------------------------------------------
                         required time                         -0.066    
                         arrival time                           0.109    
  -------------------------------------------------------------------
                         slack                                  0.043    

Slack (MET) :             0.044ns  (arrival time - required time)
  Source:                 cu/outcrc_reg[9]/C
                            (rising edge-triggered cell FDRE clocked by aclk  {rise@0.000ns fall@2.500ns period=5.000ns})
  Destination:            sync/snap_reg[201]/D
                            (rising edge-triggered cell FDRE clocked by aclk  {rise@0.000ns fall@2.500ns period=5.000ns})
  Path Group:             aclk
  Path Type:              Hold (Min at Fast Process Corner)
  Requirement:            0.000ns  (aclk rise@0.000ns - aclk rise@0.000ns)
  Data Path Delay:        0.097ns  (logic 0.039ns (40.206%)  route 0.058ns (59.794%))
  Logic Levels:           0  
  Clock Path Skew:        0.006ns (DCD - SCD - CPR)
    Destination Clock Delay (DCD):    0.019ns
    Source Clock Delay      (SCD):    0.013ns
    Clock Pessimism Removal (CPR):    -0.000ns

    Location             Delay type                Incr(ns)  Path(ns)    Netlist Resource(s)
  -------------------------------------------------------------------    -------------------
                         (clock aclk rise edge)       0.000     0.000 r  
                                                      0.000     0.000 r  aclk (IN)
                         net (fo=1602, unset)         0.013     0.013    cu/aclk
    SLICE_X67Y397        FDRE                                         r  cu/outcrc_reg[9]/C
  -------------------------------------------------------------------    -------------------
    SLICE_X67Y397        FDRE (Prop_HFF_SLICEL_C_Q)
                                                      0.039     0.052 r  cu/outcrc_reg[9]/Q
                         net (fo=1, routed)           0.058     0.110    sync/D[141]
    SLICE_X67Y399        FDRE                                         r  sync/snap_reg[201]/D
  -------------------------------------------------------------------    -------------------

                         (clock aclk rise edge)       0.000     0.000 r  
                                                      0.000     0.000 r  aclk (IN)
                         net (fo=1602, unset)         0.019     0.019    sync/aclk
    SLICE_X67Y399        FDRE                                         r  sync/snap_reg[201]/C
                         clock pessimism              0.000     0.019    
    SLICE_X67Y399        FDRE (Hold_HFF2_SLICEL_C_D)
                                                      0.047     0.066    sync/snap_reg[201]
  -------------------------------------------------------------------
                         required time                         -0.066    
                         arrival time                           0.110    
  -------------------------------------------------------------------
                         slack                                  0.044    

Slack (MET) :             0.044ns  (arrival time - required time)
  Source:                 cu/seq_reg[28]/C
                            (rising edge-triggered cell FDRE clocked by aclk  {rise@0.000ns fall@2.500ns period=5.000ns})
  Destination:            sync/snap_reg[252]/D
                            (rising edge-triggered cell FDRE clocked by aclk  {rise@0.000ns fall@2.500ns period=5.000ns})
  Path Group:             aclk
  Path Type:              Hold (Min at Fast Process Corner)
  Requirement:            0.000ns  (aclk rise@0.000ns - aclk rise@0.000ns)
  Data Path Delay:        0.096ns  (logic 0.039ns (40.625%)  route 0.057ns (59.375%))
  Logic Levels:           0  
  Clock Path Skew:        0.005ns (DCD - SCD - CPR)
    Destination Clock Delay (DCD):    0.018ns
    Source Clock Delay      (SCD):    0.013ns
    Clock Pessimism Removal (CPR):    -0.000ns

    Location             Delay type                Incr(ns)  Path(ns)    Netlist Resource(s)
  -------------------------------------------------------------------    -------------------
                         (clock aclk rise edge)       0.000     0.000 r  
                                                      0.000     0.000 r  aclk (IN)
                         net (fo=1602, unset)         0.013     0.013    cu/aclk
    SLICE_X63Y405        FDRE                                         r  cu/seq_reg[28]/C
  -------------------------------------------------------------------    -------------------
    SLICE_X63Y405        FDRE (Prop_EFF2_SLICEM_C_Q)
                                                      0.039     0.052 r  cu/seq_reg[28]/Q
                         net (fo=1, routed)           0.057     0.109    sync/D[192]
    SLICE_X64Y405        FDRE                                         r  sync/snap_reg[252]/D
  -------------------------------------------------------------------    -------------------

                         (clock aclk rise edge)       0.000     0.000 r  
                                                      0.000     0.000 r  aclk (IN)
                         net (fo=1602, unset)         0.018     0.018    sync/aclk
    SLICE_X64Y405        FDRE                                         r  sync/snap_reg[252]/C
                         clock pessimism              0.000     0.018    
    SLICE_X64Y405        FDRE (Hold_CFF2_SLICEL_C_D)
                                                      0.047     0.065    sync/snap_reg[252]
  -------------------------------------------------------------------
                         required time                         -0.065    
                         arrival time                           0.109    
  -------------------------------------------------------------------
                         slack                                  0.044    

Slack (MET) :             0.044ns  (arrival time - required time)
  Source:                 dnar/val_reg[33]/C
                            (rising edge-triggered cell FDRE clocked by aclk  {rise@0.000ns fall@2.500ns period=5.000ns})
  Destination:            sync/snap_reg[289]/D
                            (rising edge-triggered cell FDRE clocked by aclk  {rise@0.000ns fall@2.500ns period=5.000ns})
  Path Group:             aclk
  Path Type:              Hold (Min at Fast Process Corner)
  Requirement:            0.000ns  (aclk rise@0.000ns - aclk rise@0.000ns)
  Data Path Delay:        0.097ns  (logic 0.039ns (40.206%)  route 0.058ns (59.794%))
  Logic Levels:           0  
  Clock Path Skew:        0.006ns (DCD - SCD - CPR)
    Destination Clock Delay (DCD):    0.019ns
    Source Clock Delay      (SCD):    0.013ns
    Clock Pessimism Removal (CPR):    -0.000ns

    Location             Delay type                Incr(ns)  Path(ns)    Netlist Resource(s)
  -------------------------------------------------------------------    -------------------
                         (clock aclk rise edge)       0.000     0.000 r  
                                                      0.000     0.000 r  aclk (IN)
                         net (fo=1602, unset)         0.013     0.013    dnar/aclk
    SLICE_X77Y419        FDRE                                         r  dnar/val_reg[33]/C
  -------------------------------------------------------------------    -------------------
    SLICE_X77Y419        FDRE (Prop_GFF_SLICEM_C_Q)
                                                      0.039     0.052 r  dnar/val_reg[33]/Q
                         net (fo=1, routed)           0.058     0.110    sync/D[229]
    SLICE_X78Y419        FDRE                                         r  sync/snap_reg[289]/D
  -------------------------------------------------------------------    -------------------

                         (clock aclk rise edge)       0.000     0.000 r  
                                                      0.000     0.000 r  aclk (IN)
                         net (fo=1602, unset)         0.019     0.019    sync/aclk
    SLICE_X78Y419        FDRE                                         r  sync/snap_reg[289]/C
                         clock pessimism              0.000     0.019    
    SLICE_X78Y419        FDRE (Hold_EFF2_SLICEL_C_D)
                                                      0.047     0.066    sync/snap_reg[289]
  -------------------------------------------------------------------
                         required time                         -0.066    
                         arrival time                           0.110    
  -------------------------------------------------------------------
                         slack                                  0.044    

Slack (MET) :             0.045ns  (arrival time - required time)
  Source:                 wr/last_reg[30]/C
                            (rising edge-triggered cell FDSE clocked by aclk  {rise@0.000ns fall@2.500ns period=5.000ns})
  Destination:            sync/snap_reg[62]/D
                            (rising edge-triggered cell FDRE clocked by aclk  {rise@0.000ns fall@2.500ns period=5.000ns})
  Path Group:             aclk
  Path Type:              Hold (Min at Fast Process Corner)
  Requirement:            0.000ns  (aclk rise@0.000ns - aclk rise@0.000ns)
  Data Path Delay:        0.098ns  (logic 0.039ns (39.925%)  route 0.059ns (60.075%))
  Logic Levels:           0  
  Clock Path Skew:        0.006ns (DCD - SCD - CPR)
    Destination Clock Delay (DCD):    0.019ns
    Source Clock Delay      (SCD):    0.013ns
    Clock Pessimism Removal (CPR):    -0.000ns

    Location             Delay type                Incr(ns)  Path(ns)    Netlist Resource(s)
  -------------------------------------------------------------------    -------------------
                         (clock aclk rise edge)       0.000     0.000 r  
                                                      0.000     0.000 r  aclk (IN)
                         net (fo=1602, unset)         0.013     0.013    wr/aclk
    SLICE_X64Y405        FDSE                                         r  wr/last_reg[30]/C
  -------------------------------------------------------------------    -------------------
    SLICE_X64Y405        FDSE (Prop_HFF_SLICEL_C_Q)
                                                      0.039     0.052 r  wr/last_reg[30]/Q
                         net (fo=2, routed)           0.059     0.111    sync/D[30]
    SLICE_X64Y406        FDRE                                         r  sync/snap_reg[62]/D
  -------------------------------------------------------------------    -------------------

                         (clock aclk rise edge)       0.000     0.000 r  
                                                      0.000     0.000 r  aclk (IN)
                         net (fo=1602, unset)         0.019     0.019    sync/aclk
    SLICE_X64Y406        FDRE                                         r  sync/snap_reg[62]/C
                         clock pessimism              0.000     0.019    
    SLICE_X64Y406        FDRE (Hold_GFF2_SLICEL_C_D)
                                                      0.047     0.066    sync/snap_reg[62]
  -------------------------------------------------------------------
                         required time                         -0.066    
                         arrival time                           0.111    
  -------------------------------------------------------------------
                         slack                                  0.045    

Slack (MET) :             0.045ns  (arrival time - required time)
  Source:                 dnar/sr_reg[94]/C
                            (rising edge-triggered cell FDRE clocked by aclk  {rise@0.000ns fall@2.500ns period=5.000ns})
  Destination:            dnar/val_reg[93]/D
                            (rising edge-triggered cell FDRE clocked by aclk  {rise@0.000ns fall@2.500ns period=5.000ns})
  Path Group:             aclk
  Path Type:              Hold (Min at Fast Process Corner)
  Requirement:            0.000ns  (aclk rise@0.000ns - aclk rise@0.000ns)
  Data Path Delay:        0.097ns  (logic 0.040ns (41.237%)  route 0.057ns (58.763%))
  Logic Levels:           0  
  Clock Path Skew:        0.005ns (DCD - SCD - CPR)
    Destination Clock Delay (DCD):    0.018ns
    Source Clock Delay      (SCD):    0.013ns
    Clock Pessimism Removal (CPR):    -0.000ns

    Location             Delay type                Incr(ns)  Path(ns)    Netlist Resource(s)
  -------------------------------------------------------------------    -------------------
                         (clock aclk rise edge)       0.000     0.000 r  
                                                      0.000     0.000 r  aclk (IN)
                         net (fo=1602, unset)         0.013     0.013    dnar/aclk
    SLICE_X69Y421        FDRE                                         r  dnar/sr_reg[94]/C
  -------------------------------------------------------------------    -------------------
    SLICE_X69Y421        FDRE (Prop_GFF2_SLICEL_C_Q)
                                                      0.040     0.053 r  dnar/sr_reg[94]/Q
                         net (fo=2, routed)           0.057     0.110    dnar/p_1_in[93]
    SLICE_X69Y422        FDRE                                         r  dnar/val_reg[93]/D
  -------------------------------------------------------------------    -------------------

                         (clock aclk rise edge)       0.000     0.000 r  
                                                      0.000     0.000 r  aclk (IN)
                         net (fo=1602, unset)         0.018     0.018    dnar/aclk
    SLICE_X69Y422        FDRE                                         r  dnar/val_reg[93]/C
                         clock pessimism              0.000     0.018    
    SLICE_X69Y422        FDRE (Hold_CFF2_SLICEL_C_D)
                                                      0.047     0.065    dnar/val_reg[93]
  -------------------------------------------------------------------
                         required time                         -0.065    
                         arrival time                           0.110    
  -------------------------------------------------------------------
                         slack                                  0.045    

Slack (MET) :             0.045ns  (arrival time - required time)
  Source:                 dnar/sr_reg[5]/C
                            (rising edge-triggered cell FDRE clocked by aclk  {rise@0.000ns fall@2.500ns period=5.000ns})
  Destination:            dnar/val_reg[4]/D
                            (rising edge-triggered cell FDRE clocked by aclk  {rise@0.000ns fall@2.500ns period=5.000ns})
  Path Group:             aclk
  Path Type:              Hold (Min at Fast Process Corner)
  Requirement:            0.000ns  (aclk rise@0.000ns - aclk rise@0.000ns)
  Data Path Delay:        0.097ns  (logic 0.039ns (40.076%)  route 0.058ns (59.924%))
  Logic Levels:           0  
  Clock Path Skew:        0.005ns (DCD - SCD - CPR)
    Destination Clock Delay (DCD):    0.018ns
    Source Clock Delay      (SCD):    0.013ns
    Clock Pessimism Removal (CPR):    -0.000ns

    Location             Delay type                Incr(ns)  Path(ns)    Netlist Resource(s)
  -------------------------------------------------------------------    -------------------
                         (clock aclk rise edge)       0.000     0.000 r  
                                                      0.000     0.000 r  aclk (IN)
                         net (fo=1602, unset)         0.013     0.013    dnar/aclk
    SLICE_X72Y417        FDRE                                         r  dnar/sr_reg[5]/C
  -------------------------------------------------------------------    -------------------
    SLICE_X72Y417        FDRE (Prop_EFF2_SLICEM_C_Q)
                                                      0.039     0.052 r  dnar/sr_reg[5]/Q
                         net (fo=2, routed)           0.058     0.110    dnar/p_1_in[4]
    SLICE_X73Y417        FDRE                                         r  dnar/val_reg[4]/D
  -------------------------------------------------------------------    -------------------

                         (clock aclk rise edge)       0.000     0.000 r  
                                                      0.000     0.000 r  aclk (IN)
                         net (fo=1602, unset)         0.018     0.018    dnar/aclk
    SLICE_X73Y417        FDRE                                         r  dnar/val_reg[4]/C
                         clock pessimism              0.000     0.018    
    SLICE_X73Y417        FDRE (Hold_BFF2_SLICEL_C_D)
                                                      0.047     0.065    dnar/val_reg[4]
  -------------------------------------------------------------------
                         required time                         -0.065    
                         arrival time                           0.110    
  -------------------------------------------------------------------
                         slack                                  0.045    

Slack (MET) :             0.046ns  (arrival time - required time)
  Source:                 dnar/val_reg[87]/C
                            (rising edge-triggered cell FDRE clocked by aclk  {rise@0.000ns fall@2.500ns period=5.000ns})
  Destination:            sync/snap_reg[343]/D
                            (rising edge-triggered cell FDRE clocked by aclk  {rise@0.000ns fall@2.500ns period=5.000ns})
  Path Group:             aclk
  Path Type:              Hold (Min at Fast Process Corner)
  Requirement:            0.000ns  (aclk rise@0.000ns - aclk rise@0.000ns)
  Data Path Delay:        0.099ns  (logic 0.039ns (39.394%)  route 0.060ns (60.606%))
  Logic Levels:           0  
  Clock Path Skew:        0.006ns (DCD - SCD - CPR)
    Destination Clock Delay (DCD):    0.019ns
    Source Clock Delay      (SCD):    0.013ns
    Clock Pessimism Removal (CPR):    -0.000ns

    Location             Delay type                Incr(ns)  Path(ns)    Netlist Resource(s)
  -------------------------------------------------------------------    -------------------
                         (clock aclk rise edge)       0.000     0.000 r  
                                                      0.000     0.000 r  aclk (IN)
                         net (fo=1602, unset)         0.013     0.013    dnar/aclk
    SLICE_X68Y420        FDRE                                         r  dnar/val_reg[87]/C
  -------------------------------------------------------------------    -------------------
    SLICE_X68Y420        FDRE (Prop_FFF_SLICEL_C_Q)
                                                      0.039     0.052 r  dnar/val_reg[87]/Q
                         net (fo=1, routed)           0.060     0.112    sync/D[283]
    SLICE_X69Y420        FDRE                                         r  sync/snap_reg[343]/D
  -------------------------------------------------------------------    -------------------

                         (clock aclk rise edge)       0.000     0.000 r  
                                                      0.000     0.000 r  aclk (IN)
                         net (fo=1602, unset)         0.019     0.019    sync/aclk
    SLICE_X69Y420        FDRE                                         r  sync/snap_reg[343]/C
                         clock pessimism              0.000     0.019    
    SLICE_X69Y420        FDRE (Hold_EFF2_SLICEL_C_D)
                                                      0.047     0.066    sync/snap_reg[343]
  -------------------------------------------------------------------
                         required time                         -0.066    
                         arrival time                           0.112    
  -------------------------------------------------------------------
                         slack                                  0.046    

Slack (MET) :             0.047ns  (arrival time - required time)
  Source:                 dnar/val_reg[85]/C
                            (rising edge-triggered cell FDRE clocked by aclk  {rise@0.000ns fall@2.500ns period=5.000ns})
  Destination:            sync/snap_reg[341]/D
                            (rising edge-triggered cell FDRE clocked by aclk  {rise@0.000ns fall@2.500ns period=5.000ns})
  Path Group:             aclk
  Path Type:              Hold (Min at Fast Process Corner)
  Requirement:            0.000ns  (aclk rise@0.000ns - aclk rise@0.000ns)
  Data Path Delay:        0.100ns  (logic 0.039ns (39.000%)  route 0.061ns (61.000%))
  Logic Levels:           0  
  Clock Path Skew:        0.006ns (DCD - SCD - CPR)
    Destination Clock Delay (DCD):    0.019ns
    Source Clock Delay      (SCD):    0.013ns
    Clock Pessimism Removal (CPR):    -0.000ns

    Location             Delay type                Incr(ns)  Path(ns)    Netlist Resource(s)
  -------------------------------------------------------------------    -------------------
                         (clock aclk rise edge)       0.000     0.000 r  
                                                      0.000     0.000 r  aclk (IN)
                         net (fo=1602, unset)         0.013     0.013    dnar/aclk
    SLICE_X68Y420        FDRE                                         r  dnar/val_reg[85]/C
  -------------------------------------------------------------------    -------------------
    SLICE_X68Y420        FDRE (Prop_HFF_SLICEL_C_Q)
                                                      0.039     0.052 r  dnar/val_reg[85]/Q
                         net (fo=1, routed)           0.061     0.113    sync/D[281]
    SLICE_X70Y420        FDRE                                         r  sync/snap_reg[341]/D
  -------------------------------------------------------------------    -------------------

                         (clock aclk rise edge)       0.000     0.000 r  
                                                      0.000     0.000 r  aclk (IN)
                         net (fo=1602, unset)         0.019     0.019    sync/aclk
    SLICE_X70Y420        FDRE                                         r  sync/snap_reg[341]/C
                         clock pessimism              0.000     0.019    
    SLICE_X70Y420        FDRE (Hold_EFF2_SLICEL_C_D)
                                                      0.047     0.066    sync/snap_reg[341]
  -------------------------------------------------------------------
                         required time                         -0.066    
                         arrival time                           0.113    
  -------------------------------------------------------------------
                         slack                                  0.047    

Slack (MET) :             0.047ns  (arrival time - required time)
  Source:                 wr/n_seq_reg[5]/C
                            (rising edge-triggered cell FDRE clocked by aclk  {rise@0.000ns fall@2.500ns period=5.000ns})
  Destination:            sync/snap_reg[117]/D
                            (rising edge-triggered cell FDRE clocked by aclk  {rise@0.000ns fall@2.500ns period=5.000ns})
  Path Group:             aclk
  Path Type:              Hold (Min at Fast Process Corner)
  Requirement:            0.000ns  (aclk rise@0.000ns - aclk rise@0.000ns)
  Data Path Delay:        0.100ns  (logic 0.039ns (38.877%)  route 0.061ns (61.123%))
  Logic Levels:           0  
  Clock Path Skew:        0.006ns (DCD - SCD - CPR)
    Destination Clock Delay (DCD):    0.019ns
    Source Clock Delay      (SCD):    0.013ns
    Clock Pessimism Removal (CPR):    -0.000ns

    Location             Delay type                Incr(ns)  Path(ns)    Netlist Resource(s)
  -------------------------------------------------------------------    -------------------
                         (clock aclk rise edge)       0.000     0.000 r  
                                                      0.000     0.000 r  aclk (IN)
                         net (fo=1602, unset)         0.013     0.013    wr/aclk
    SLICE_X67Y423        FDRE                                         r  wr/n_seq_reg[5]/C
  -------------------------------------------------------------------    -------------------
    SLICE_X67Y423        FDRE (Prop_EFF_SLICEL_C_Q)
                                                      0.039     0.052 r  wr/n_seq_reg[5]/Q
                         net (fo=2, routed)           0.061     0.113    sync/D[85]
    SLICE_X68Y423        FDRE                                         r  sync/snap_reg[117]/D
  -------------------------------------------------------------------    -------------------

                         (clock aclk rise edge)       0.000     0.000 r  
                                                      0.000     0.000 r  aclk (IN)
                         net (fo=1602, unset)         0.019     0.019    sync/aclk
    SLICE_X68Y423        FDRE                                         r  sync/snap_reg[117]/C
                         clock pessimism              0.000     0.019    
    SLICE_X68Y423        FDRE (Hold_FFF2_SLICEL_C_D)
                                                      0.047     0.066    sync/snap_reg[117]
  -------------------------------------------------------------------
                         required time                         -0.066    
                         arrival time                           0.113    
  -------------------------------------------------------------------
                         slack                                  0.047    

Slack (MET) :             0.048ns  (arrival time - required time)
  Source:                 cu/outcrc_reg[7]/C
                            (rising edge-triggered cell FDRE clocked by aclk  {rise@0.000ns fall@2.500ns period=5.000ns})
  Destination:            sync/snap_reg[199]/D
                            (rising edge-triggered cell FDRE clocked by aclk  {rise@0.000ns fall@2.500ns period=5.000ns})
  Path Group:             aclk
  Path Type:              Hold (Min at Fast Process Corner)
  Requirement:            0.000ns  (aclk rise@0.000ns - aclk rise@0.000ns)
  Data Path Delay:        0.101ns  (logic 0.038ns (37.624%)  route 0.063ns (62.376%))
  Logic Levels:           0  
  Clock Path Skew:        0.006ns (DCD - SCD - CPR)
    Destination Clock Delay (DCD):    0.019ns
    Source Clock Delay      (SCD):    0.013ns
    Clock Pessimism Removal (CPR):    -0.000ns

    Location             Delay type                Incr(ns)  Path(ns)    Netlist Resource(s)
  -------------------------------------------------------------------    -------------------
                         (clock aclk rise edge)       0.000     0.000 r  
                                                      0.000     0.000 r  aclk (IN)
                         net (fo=1602, unset)         0.013     0.013    cu/aclk
    SLICE_X72Y403        FDRE                                         r  cu/outcrc_reg[7]/C
  -------------------------------------------------------------------    -------------------
    SLICE_X72Y403        FDRE (Prop_BFF_SLICEM_C_Q)
                                                      0.038     0.051 r  cu/outcrc_reg[7]/Q
                         net (fo=1, routed)           0.063     0.114    sync/D[139]
    SLICE_X72Y403        FDRE                                         r  sync/snap_reg[199]/D
  -------------------------------------------------------------------    -------------------

                         (clock aclk rise edge)       0.000     0.000 r  
                                                      0.000     0.000 r  aclk (IN)
                         net (fo=1602, unset)         0.019     0.019    sync/aclk
    SLICE_X72Y403        FDRE                                         r  sync/snap_reg[199]/C
                         clock pessimism              0.000     0.019    
    SLICE_X72Y403        FDRE (Hold_DFF2_SLICEM_C_D)
                                                      0.047     0.066    sync/snap_reg[199]
  -------------------------------------------------------------------
                         required time                         -0.066    
                         arrival time                           0.114    
  -------------------------------------------------------------------
                         slack                                  0.048    

Slack (MET) :             0.048ns  (arrival time - required time)
  Source:                 dnar/val_reg[28]/C
                            (rising edge-triggered cell FDRE clocked by aclk  {rise@0.000ns fall@2.500ns period=5.000ns})
  Destination:            sync/snap_reg[284]/D
                            (rising edge-triggered cell FDRE clocked by aclk  {rise@0.000ns fall@2.500ns period=5.000ns})
  Path Group:             aclk
  Path Type:              Hold (Min at Fast Process Corner)
  Requirement:            0.000ns  (aclk rise@0.000ns - aclk rise@0.000ns)
  Data Path Delay:        0.101ns  (logic 0.037ns (36.634%)  route 0.064ns (63.366%))
  Logic Levels:           0  
  Clock Path Skew:        0.006ns (DCD - SCD - CPR)
    Destination Clock Delay (DCD):    0.019ns
    Source Clock Delay      (SCD):    0.013ns
    Clock Pessimism Removal (CPR):    -0.000ns

    Location             Delay type                Incr(ns)  Path(ns)    Netlist Resource(s)
  -------------------------------------------------------------------    -------------------
                         (clock aclk rise edge)       0.000     0.000 r  
                                                      0.000     0.000 r  aclk (IN)
                         net (fo=1602, unset)         0.013     0.013    dnar/aclk
    SLICE_X77Y418        FDRE                                         r  dnar/val_reg[28]/C
  -------------------------------------------------------------------    -------------------
    SLICE_X77Y418        FDRE (Prop_FFF_SLICEM_C_Q)
                                                      0.037     0.050 r  dnar/val_reg[28]/Q
                         net (fo=1, routed)           0.064     0.114    sync/D[224]
    SLICE_X77Y417        FDRE                                         r  sync/snap_reg[284]/D
  -------------------------------------------------------------------    -------------------

                         (clock aclk rise edge)       0.000     0.000 r  
                                                      0.000     0.000 r  aclk (IN)
                         net (fo=1602, unset)         0.019     0.019    sync/aclk
    SLICE_X77Y417        FDRE                                         r  sync/snap_reg[284]/C
                         clock pessimism              0.000     0.019    
    SLICE_X77Y417        FDRE (Hold_EFF2_SLICEM_C_D)
                                                      0.047     0.066    sync/snap_reg[284]
  -------------------------------------------------------------------
                         required time                         -0.066    
                         arrival time                           0.114    
  -------------------------------------------------------------------
                         slack                                  0.048    

Slack (MET) :             0.048ns  (arrival time - required time)
  Source:                 wr/n_crc_reg[14]/C
                            (rising edge-triggered cell FDRE clocked by aclk  {rise@0.000ns fall@2.500ns period=5.000ns})
  Destination:            sync/snap_reg[110]/D
                            (rising edge-triggered cell FDRE clocked by aclk  {rise@0.000ns fall@2.500ns period=5.000ns})
  Path Group:             aclk
  Path Type:              Hold (Min at Fast Process Corner)
  Requirement:            0.000ns  (aclk rise@0.000ns - aclk rise@0.000ns)
  Data Path Delay:        0.101ns  (logic 0.039ns (38.578%)  route 0.062ns (61.422%))
  Logic Levels:           0  
  Clock Path Skew:        0.006ns (DCD - SCD - CPR)
    Destination Clock Delay (DCD):    0.019ns
    Source Clock Delay      (SCD):    0.013ns
    Clock Pessimism Removal (CPR):    -0.000ns

    Location             Delay type                Incr(ns)  Path(ns)    Netlist Resource(s)
  -------------------------------------------------------------------    -------------------
                         (clock aclk rise edge)       0.000     0.000 r  
                                                      0.000     0.000 r  aclk (IN)
                         net (fo=1602, unset)         0.013     0.013    wr/aclk
    SLICE_X69Y417        FDRE                                         r  wr/n_crc_reg[14]/C
  -------------------------------------------------------------------    -------------------
    SLICE_X69Y417        FDRE (Prop_FFF_SLICEL_C_Q)
                                                      0.039     0.052 r  wr/n_crc_reg[14]/Q
                         net (fo=2, routed)           0.062     0.114    sync/D[78]
    SLICE_X68Y417        FDRE                                         r  sync/snap_reg[110]/D
  -------------------------------------------------------------------    -------------------

                         (clock aclk rise edge)       0.000     0.000 r  
                                                      0.000     0.000 r  aclk (IN)
                         net (fo=1602, unset)         0.019     0.019    sync/aclk
    SLICE_X68Y417        FDRE                                         r  sync/snap_reg[110]/C
                         clock pessimism              0.000     0.019    
    SLICE_X68Y417        FDRE (Hold_EFF2_SLICEL_C_D)
                                                      0.047     0.066    sync/snap_reg[110]
  -------------------------------------------------------------------
                         required time                         -0.066    
                         arrival time                           0.114    
  -------------------------------------------------------------------
                         slack                                  0.048    

Slack (MET) :             0.048ns  (arrival time - required time)
  Source:                 wr/n_seq_reg[14]/C
                            (rising edge-triggered cell FDRE clocked by aclk  {rise@0.000ns fall@2.500ns period=5.000ns})
  Destination:            sync/snap_reg[126]/D
                            (rising edge-triggered cell FDRE clocked by aclk  {rise@0.000ns fall@2.500ns period=5.000ns})
  Path Group:             aclk
  Path Type:              Hold (Min at Fast Process Corner)
  Requirement:            0.000ns  (aclk rise@0.000ns - aclk rise@0.000ns)
  Data Path Delay:        0.101ns  (logic 0.039ns (38.578%)  route 0.062ns (61.422%))
  Logic Levels:           0  
  Clock Path Skew:        0.006ns (DCD - SCD - CPR)
    Destination Clock Delay (DCD):    0.019ns
    Source Clock Delay      (SCD):    0.013ns
    Clock Pessimism Removal (CPR):    -0.000ns

    Location             Delay type                Incr(ns)  Path(ns)    Netlist Resource(s)
  -------------------------------------------------------------------    -------------------
                         (clock aclk rise edge)       0.000     0.000 r  
                                                      0.000     0.000 r  aclk (IN)
                         net (fo=1602, unset)         0.013     0.013    wr/aclk
    SLICE_X67Y424        FDRE                                         r  wr/n_seq_reg[14]/C
  -------------------------------------------------------------------    -------------------
    SLICE_X67Y424        FDRE (Prop_FFF_SLICEL_C_Q)
                                                      0.039     0.052 r  wr/n_seq_reg[14]/Q
                         net (fo=2, routed)           0.062     0.114    sync/D[94]
    SLICE_X66Y424        FDRE                                         r  sync/snap_reg[126]/D
  -------------------------------------------------------------------    -------------------

                         (clock aclk rise edge)       0.000     0.000 r  
                                                      0.000     0.000 r  aclk (IN)
                         net (fo=1602, unset)         0.019     0.019    sync/aclk
    SLICE_X66Y424        FDRE                                         r  sync/snap_reg[126]/C
                         clock pessimism              0.000     0.019    
    SLICE_X66Y424        FDRE (Hold_EFF2_SLICEL_C_D)
                                                      0.047     0.066    sync/snap_reg[126]
  -------------------------------------------------------------------
                         required time                         -0.066    
                         arrival time                           0.114    
  -------------------------------------------------------------------
                         slack                                  0.048    

Slack (MET) :             0.050ns  (arrival time - required time)
  Source:                 wr/last_reg[26]/C
                            (rising edge-triggered cell FDSE clocked by aclk  {rise@0.000ns fall@2.500ns period=5.000ns})
  Destination:            sync/snap_reg[58]/D
                            (rising edge-triggered cell FDRE clocked by aclk  {rise@0.000ns fall@2.500ns period=5.000ns})
  Path Group:             aclk
  Path Type:              Hold (Min at Fast Process Corner)
  Requirement:            0.000ns  (aclk rise@0.000ns - aclk rise@0.000ns)
  Data Path Delay:        0.103ns  (logic 0.039ns (37.981%)  route 0.064ns (62.019%))
  Logic Levels:           0  
  Clock Path Skew:        0.006ns (DCD - SCD - CPR)
    Destination Clock Delay (DCD):    0.019ns
    Source Clock Delay      (SCD):    0.013ns
    Clock Pessimism Removal (CPR):    -0.000ns

    Location             Delay type                Incr(ns)  Path(ns)    Netlist Resource(s)
  -------------------------------------------------------------------    -------------------
                         (clock aclk rise edge)       0.000     0.000 r  
                                                      0.000     0.000 r  aclk (IN)
                         net (fo=1602, unset)         0.013     0.013    wr/aclk
    SLICE_X64Y405        FDSE                                         r  wr/last_reg[26]/C
  -------------------------------------------------------------------    -------------------
    SLICE_X64Y405        FDSE (Prop_FFF_SLICEL_C_Q)
                                                      0.039     0.052 r  wr/last_reg[26]/Q
                         net (fo=2, routed)           0.064     0.116    sync/D[26]
    SLICE_X64Y406        FDRE                                         r  sync/snap_reg[58]/D
  -------------------------------------------------------------------    -------------------

                         (clock aclk rise edge)       0.000     0.000 r  
                                                      0.000     0.000 r  aclk (IN)
                         net (fo=1602, unset)         0.019     0.019    sync/aclk
    SLICE_X64Y406        FDRE                                         r  sync/snap_reg[58]/C
                         clock pessimism              0.000     0.019    
    SLICE_X64Y406        FDRE (Hold_FFF2_SLICEL_C_D)
                                                      0.047     0.066    sync/snap_reg[58]
  -------------------------------------------------------------------
                         required time                         -0.066    
                         arrival time                           0.116    
  -------------------------------------------------------------------
                         slack                                  0.050    

Slack (MET) :             0.050ns  (arrival time - required time)
  Source:                 dnar/sr_reg[10]/C
                            (rising edge-triggered cell FDRE clocked by aclk  {rise@0.000ns fall@2.500ns period=5.000ns})
  Destination:            dnar/sr_reg[9]/D
                            (rising edge-triggered cell FDRE clocked by aclk  {rise@0.000ns fall@2.500ns period=5.000ns})
  Path Group:             aclk
  Path Type:              Hold (Min at Fast Process Corner)
  Requirement:            0.000ns  (aclk rise@0.000ns - aclk rise@0.000ns)
  Data Path Delay:        0.103ns  (logic 0.038ns (36.893%)  route 0.065ns (63.107%))
  Logic Levels:           0  
  Clock Path Skew:        0.006ns (DCD - SCD - CPR)
    Destination Clock Delay (DCD):    0.019ns
    Source Clock Delay      (SCD):    0.013ns
    Clock Pessimism Removal (CPR):    -0.000ns

    Location             Delay type                Incr(ns)  Path(ns)    Netlist Resource(s)
  -------------------------------------------------------------------    -------------------
                         (clock aclk rise edge)       0.000     0.000 r  
                                                      0.000     0.000 r  aclk (IN)
                         net (fo=1602, unset)         0.013     0.013    dnar/aclk
    SLICE_X74Y417        FDRE                                         r  dnar/sr_reg[10]/C
  -------------------------------------------------------------------    -------------------
    SLICE_X74Y417        FDRE (Prop_EFF_SLICEM_C_Q)
                                                      0.038     0.051 r  dnar/sr_reg[10]/Q
                         net (fo=2, routed)           0.065     0.116    dnar/p_1_in[9]
    SLICE_X74Y417        FDRE                                         r  dnar/sr_reg[9]/D
  -------------------------------------------------------------------    -------------------

                         (clock aclk rise edge)       0.000     0.000 r  
                                                      0.000     0.000 r  aclk (IN)
                         net (fo=1602, unset)         0.019     0.019    dnar/aclk
    SLICE_X74Y417        FDRE                                         r  dnar/sr_reg[9]/C
                         clock pessimism              0.000     0.019    
    SLICE_X74Y417        FDRE (Hold_EFF2_SLICEM_C_D)
                                                      0.047     0.066    dnar/sr_reg[9]
  -------------------------------------------------------------------
                         required time                         -0.066    
                         arrival time                           0.116    
  -------------------------------------------------------------------
                         slack                                  0.050    

Slack (MET) :             0.050ns  (arrival time - required time)
  Source:                 dnar/val_reg[23]/C
                            (rising edge-triggered cell FDRE clocked by aclk  {rise@0.000ns fall@2.500ns period=5.000ns})
  Destination:            sync/snap_reg[279]/D
                            (rising edge-triggered cell FDRE clocked by aclk  {rise@0.000ns fall@2.500ns period=5.000ns})
  Path Group:             aclk
  Path Type:              Hold (Min at Fast Process Corner)
  Requirement:            0.000ns  (aclk rise@0.000ns - aclk rise@0.000ns)
  Data Path Delay:        0.103ns  (logic 0.039ns (37.864%)  route 0.064ns (62.136%))
  Logic Levels:           0  
  Clock Path Skew:        0.006ns (DCD - SCD - CPR)
    Destination Clock Delay (DCD):    0.019ns
    Source Clock Delay      (SCD):    0.013ns
    Clock Pessimism Removal (CPR):    -0.000ns

    Location             Delay type                Incr(ns)  Path(ns)    Netlist Resource(s)
  -------------------------------------------------------------------    -------------------
                         (clock aclk rise edge)       0.000     0.000 r  
                                                      0.000     0.000 r  aclk (IN)
                         net (fo=1602, unset)         0.013     0.013    dnar/aclk
    SLICE_X74Y417        FDRE                                         r  dnar/val_reg[23]/C
  -------------------------------------------------------------------    -------------------
    SLICE_X74Y417        FDRE (Prop_AFF2_SLICEM_C_Q)
                                                      0.039     0.052 r  dnar/val_reg[23]/Q
                         net (fo=1, routed)           0.064     0.116    sync/D[219]
    SLICE_X74Y416        FDRE                                         r  sync/snap_reg[279]/D
  -------------------------------------------------------------------    -------------------

                         (clock aclk rise edge)       0.000     0.000 r  
                                                      0.000     0.000 r  aclk (IN)
                         net (fo=1602, unset)         0.019     0.019    sync/aclk
    SLICE_X74Y416        FDRE                                         r  sync/snap_reg[279]/C
                         clock pessimism              0.000     0.019    
    SLICE_X74Y416        FDRE (Hold_EFF2_SLICEM_C_D)
                                                      0.047     0.066    sync/snap_reg[279]
  -------------------------------------------------------------------
                         required time                         -0.066    
                         arrival time                           0.116    
  -------------------------------------------------------------------
                         slack                                  0.050    

Slack (MET) :             0.050ns  (arrival time - required time)
  Source:                 wr/cur_reg[1]/C
                            (rising edge-triggered cell FDRE clocked by aclk  {rise@0.000ns fall@2.500ns period=5.000ns})
  Destination:            wr/cur_reg[1]/D
                            (rising edge-triggered cell FDRE clocked by aclk  {rise@0.000ns fall@2.500ns period=5.000ns})
  Path Group:             aclk
  Path Type:              Hold (Min at Fast Process Corner)
  Requirement:            0.000ns  (aclk rise@0.000ns - aclk rise@0.000ns)
  Data Path Delay:        0.102ns  (logic 0.062ns (60.784%)  route 0.040ns (39.216%))
  Logic Levels:           1  (LUT3=1)
  Clock Path Skew:        0.006ns (DCD - SCD - CPR)
    Destination Clock Delay (DCD):    0.019ns
    Source Clock Delay      (SCD):    0.013ns
    Clock Pessimism Removal (CPR):    -0.000ns

    Location             Delay type                Incr(ns)  Path(ns)    Netlist Resource(s)
  -------------------------------------------------------------------    -------------------
                         (clock aclk rise edge)       0.000     0.000 r  
                                                      0.000     0.000 r  aclk (IN)
                         net (fo=1602, unset)         0.013     0.013    wr/aclk
    SLICE_X59Y409        FDRE                                         r  wr/cur_reg[1]/C
  -------------------------------------------------------------------    -------------------
    SLICE_X59Y409        FDRE (Prop_HFF_SLICEL_C_Q)
                                                      0.039     0.052 r  wr/cur_reg[1]/Q
                         net (fo=1, routed)           0.023     0.075    wr/cur_reg[32]_0[1]
    SLICE_X59Y409        LUT3 (Prop_H6LUT_SLICEL_I0_O)
                                                      0.023     0.098 r  wr/cur[1]_i_1/O
                         net (fo=1, routed)           0.017     0.115    wr/cur[1]_i_1_n_0
    SLICE_X59Y409        FDRE                                         r  wr/cur_reg[1]/D
  -------------------------------------------------------------------    -------------------

                         (clock aclk rise edge)       0.000     0.000 r  
                                                      0.000     0.000 r  aclk (IN)
                         net (fo=1602, unset)         0.019     0.019    wr/aclk
    SLICE_X59Y409        FDRE                                         r  wr/cur_reg[1]/C
                         clock pessimism              0.000     0.019    
    SLICE_X59Y409        FDRE (Hold_HFF_SLICEL_C_D)
                                                      0.046     0.065    wr/cur_reg[1]
  -------------------------------------------------------------------
                         required time                         -0.065    
                         arrival time                           0.115    
  -------------------------------------------------------------------
                         slack                                  0.050    

Slack (MET) :             0.050ns  (arrival time - required time)
  Source:                 dnar/sr_reg[64]/C
                            (rising edge-triggered cell FDRE clocked by aclk  {rise@0.000ns fall@2.500ns period=5.000ns})
  Destination:            dnar/val_reg[63]/D
                            (rising edge-triggered cell FDRE clocked by aclk  {rise@0.000ns fall@2.500ns period=5.000ns})
  Path Group:             aclk
  Path Type:              Hold (Min at Fast Process Corner)
  Requirement:            0.000ns  (aclk rise@0.000ns - aclk rise@0.000ns)
  Data Path Delay:        0.102ns  (logic 0.039ns (38.145%)  route 0.063ns (61.855%))
  Logic Levels:           0  
  Clock Path Skew:        0.006ns (DCD - SCD - CPR)
    Destination Clock Delay (DCD):    0.019ns
    Source Clock Delay      (SCD):    0.013ns
    Clock Pessimism Removal (CPR):    -0.000ns

    Location             Delay type                Incr(ns)  Path(ns)    Netlist Resource(s)
  -------------------------------------------------------------------    -------------------
                         (clock aclk rise edge)       0.000     0.000 r  
                                                      0.000     0.000 r  aclk (IN)
                         net (fo=1602, unset)         0.013     0.013    dnar/aclk
    SLICE_X75Y423        FDRE                                         r  dnar/sr_reg[64]/C
  -------------------------------------------------------------------    -------------------
    SLICE_X75Y423        FDRE (Prop_HFF_SLICEL_C_Q)
                                                      0.039     0.052 r  dnar/sr_reg[64]/Q
                         net (fo=2, routed)           0.063     0.115    dnar/p_1_in[63]
    SLICE_X74Y423        FDRE                                         r  dnar/val_reg[63]/D
  -------------------------------------------------------------------    -------------------

                         (clock aclk rise edge)       0.000     0.000 r  
                                                      0.000     0.000 r  aclk (IN)
                         net (fo=1602, unset)         0.019     0.019    dnar/aclk
    SLICE_X74Y423        FDRE                                         r  dnar/val_reg[63]/C
                         clock pessimism              0.000     0.019    
    SLICE_X74Y423        FDRE (Hold_HFF_SLICEM_C_D)
                                                      0.046     0.065    dnar/val_reg[63]
  -------------------------------------------------------------------
                         required time                         -0.065    
                         arrival time                           0.115    
  -------------------------------------------------------------------
                         slack                                  0.050    





Pulse Width Checks
--------------------------------------------------------------------------------------
Clock Name:         aclk
Waveform(ns):       { 0.000 2.500 }
Period(ns):         5.000
Sources:            { aclk }

Check Type        Corner  Lib Pin             Reference Pin  Required(ns)  Actual(ns)  Slack(ns)  Location       Pin
Min Period        n/a     RAMB36E2/CLKARDCLK  n/a            1.739         5.000       3.261      RAMB36_X4Y79   wr/buf_reg_0/CLKARDCLK
Min Period        n/a     RAMB36E2/CLKBWRCLK  n/a            1.739         5.000       3.261      RAMB36_X4Y79   wr/buf_reg_0/CLKBWRCLK
Min Period        n/a     RAMB36E2/CLKARDCLK  n/a            1.739         5.000       3.261      RAMB36_X4Y81   wr/buf_reg_1/CLKARDCLK
Min Period        n/a     RAMB36E2/CLKBWRCLK  n/a            1.739         5.000       3.261      RAMB36_X4Y81   wr/buf_reg_1/CLKBWRCLK
Min Period        n/a     RAMB36E2/CLKARDCLK  n/a            1.739         5.000       3.261      RAMB36_X3Y82   wr/buf_reg_2/CLKARDCLK
Min Period        n/a     RAMB36E2/CLKBWRCLK  n/a            1.739         5.000       3.261      RAMB36_X3Y82   wr/buf_reg_2/CLKBWRCLK
Min Period        n/a     RAMB36E2/CLKARDCLK  n/a            1.739         5.000       3.261      RAMB36_X3Y80   wr/buf_reg_3/CLKARDCLK
Min Period        n/a     RAMB36E2/CLKBWRCLK  n/a            1.739         5.000       3.261      RAMB36_X3Y80   wr/buf_reg_3/CLKBWRCLK
Min Period        n/a     RAMB36E2/CLKARDCLK  n/a            1.550         5.000       3.450      RAMB36_X4Y80   fifo/mem_reg_0/CLKARDCLK
Min Period        n/a     RAMB36E2/CLKARDCLK  n/a            1.550         5.000       3.450      RAMB36_X4Y82   fifo/mem_reg_1/CLKARDCLK
Min Period        n/a     RAMB36E2/CLKARDCLK  n/a            1.550         5.000       3.450      RAMB36_X4Y83   fifo/mem_reg_2/CLKARDCLK
Min Period        n/a     RAMB36E2/CLKARDCLK  n/a            1.550         5.000       3.450      RAMB36_X3Y81   fifo/mem_reg_3/CLKARDCLK
Min Period        n/a     RAMD32/CLK          n/a            1.146         5.000       3.854      SLICE_X60Y400  fifo/ob_reg_0_1_0_13/RAMA/CLK
Min Period        n/a     RAMD32/CLK          n/a            1.146         5.000       3.854      SLICE_X60Y400  fifo/ob_reg_0_1_0_13/RAMA_D1/CLK
Min Period        n/a     RAMD32/CLK          n/a            1.146         5.000       3.854      SLICE_X60Y400  fifo/ob_reg_0_1_0_13/RAMB/CLK
Min Period        n/a     RAMD32/CLK          n/a            1.146         5.000       3.854      SLICE_X60Y400  fifo/ob_reg_0_1_0_13/RAMB_D1/CLK
Min Period        n/a     RAMD32/CLK          n/a            1.146         5.000       3.854      SLICE_X60Y400  fifo/ob_reg_0_1_0_13/RAMC/CLK
Min Period        n/a     RAMD32/CLK          n/a            1.146         5.000       3.854      SLICE_X60Y400  fifo/ob_reg_0_1_0_13/RAMC_D1/CLK
Min Period        n/a     RAMD32/CLK          n/a            1.146         5.000       3.854      SLICE_X60Y400  fifo/ob_reg_0_1_0_13/RAMD/CLK
Min Period        n/a     RAMD32/CLK          n/a            1.146         5.000       3.854      SLICE_X60Y400  fifo/ob_reg_0_1_0_13/RAMD_D1/CLK
Low Pulse Width   Slow    RAMD32/CLK          n/a            0.573         2.500       1.927      SLICE_X60Y400  fifo/ob_reg_0_1_0_13/RAMA/CLK
Low Pulse Width   Fast    RAMD32/CLK          n/a            0.573         2.500       1.927      SLICE_X60Y400  fifo/ob_reg_0_1_0_13/RAMA/CLK
Low Pulse Width   Slow    RAMD32/CLK          n/a            0.573         2.500       1.927      SLICE_X60Y400  fifo/ob_reg_0_1_0_13/RAMA_D1/CLK
Low Pulse Width   Fast    RAMD32/CLK          n/a            0.573         2.500       1.927      SLICE_X60Y400  fifo/ob_reg_0_1_0_13/RAMA_D1/CLK
Low Pulse Width   Slow    RAMD32/CLK          n/a            0.573         2.500       1.927      SLICE_X60Y400  fifo/ob_reg_0_1_0_13/RAMB/CLK
Low Pulse Width   Fast    RAMD32/CLK          n/a            0.573         2.500       1.927      SLICE_X60Y400  fifo/ob_reg_0_1_0_13/RAMB/CLK
Low Pulse Width   Slow    RAMD32/CLK          n/a            0.573         2.500       1.927      SLICE_X60Y400  fifo/ob_reg_0_1_0_13/RAMB_D1/CLK
Low Pulse Width   Fast    RAMD32/CLK          n/a            0.573         2.500       1.927      SLICE_X60Y400  fifo/ob_reg_0_1_0_13/RAMB_D1/CLK
Low Pulse Width   Slow    RAMD32/CLK          n/a            0.573         2.500       1.927      SLICE_X60Y400  fifo/ob_reg_0_1_0_13/RAMC/CLK
Low Pulse Width   Fast    RAMD32/CLK          n/a            0.573         2.500       1.927      SLICE_X60Y400  fifo/ob_reg_0_1_0_13/RAMC/CLK
Low Pulse Width   Slow    RAMD32/CLK          n/a            0.573         2.500       1.927      SLICE_X60Y400  fifo/ob_reg_0_1_0_13/RAMC_D1/CLK
Low Pulse Width   Fast    RAMD32/CLK          n/a            0.573         2.500       1.927      SLICE_X60Y400  fifo/ob_reg_0_1_0_13/RAMC_D1/CLK
Low Pulse Width   Slow    RAMD32/CLK          n/a            0.573         2.500       1.927      SLICE_X60Y400  fifo/ob_reg_0_1_0_13/RAMD/CLK
Low Pulse Width   Fast    RAMD32/CLK          n/a            0.573         2.500       1.927      SLICE_X60Y400  fifo/ob_reg_0_1_0_13/RAMD/CLK
Low Pulse Width   Slow    RAMD32/CLK          n/a            0.573         2.500       1.927      SLICE_X60Y400  fifo/ob_reg_0_1_0_13/RAMD_D1/CLK
Low Pulse Width   Fast    RAMD32/CLK          n/a            0.573         2.500       1.927      SLICE_X60Y400  fifo/ob_reg_0_1_0_13/RAMD_D1/CLK
Low Pulse Width   Slow    RAMD32/CLK          n/a            0.573         2.500       1.927      SLICE_X60Y400  fifo/ob_reg_0_1_0_13/RAME/CLK
Low Pulse Width   Fast    RAMD32/CLK          n/a            0.573         2.500       1.927      SLICE_X60Y400  fifo/ob_reg_0_1_0_13/RAME/CLK
Low Pulse Width   Slow    RAMD32/CLK          n/a            0.573         2.500       1.927      SLICE_X60Y400  fifo/ob_reg_0_1_0_13/RAME_D1/CLK
Low Pulse Width   Fast    RAMD32/CLK          n/a            0.573         2.500       1.927      SLICE_X60Y400  fifo/ob_reg_0_1_0_13/RAME_D1/CLK
High Pulse Width  Slow    RAMD32/CLK          n/a            0.573         2.500       1.927      SLICE_X60Y400  fifo/ob_reg_0_1_0_13/RAMA/CLK
High Pulse Width  Fast    RAMD32/CLK          n/a            0.573         2.500       1.927      SLICE_X60Y400  fifo/ob_reg_0_1_0_13/RAMA/CLK
High Pulse Width  Slow    RAMD32/CLK          n/a            0.573         2.500       1.927      SLICE_X60Y400  fifo/ob_reg_0_1_0_13/RAMA_D1/CLK
High Pulse Width  Fast    RAMD32/CLK          n/a            0.573         2.500       1.927      SLICE_X60Y400  fifo/ob_reg_0_1_0_13/RAMA_D1/CLK
High Pulse Width  Slow    RAMD32/CLK          n/a            0.573         2.500       1.927      SLICE_X60Y400  fifo/ob_reg_0_1_0_13/RAMB/CLK
High Pulse Width  Fast    RAMD32/CLK          n/a            0.573         2.500       1.927      SLICE_X60Y400  fifo/ob_reg_0_1_0_13/RAMB/CLK
High Pulse Width  Slow    RAMD32/CLK          n/a            0.573         2.500       1.927      SLICE_X60Y400  fifo/ob_reg_0_1_0_13/RAMB_D1/CLK
High Pulse Width  Fast    RAMD32/CLK          n/a            0.573         2.500       1.927      SLICE_X60Y400  fifo/ob_reg_0_1_0_13/RAMB_D1/CLK
High Pulse Width  Slow    RAMD32/CLK          n/a            0.573         2.500       1.927      SLICE_X60Y400  fifo/ob_reg_0_1_0_13/RAMC/CLK
High Pulse Width  Fast    RAMD32/CLK          n/a            0.573         2.500       1.927      SLICE_X60Y400  fifo/ob_reg_0_1_0_13/RAMC/CLK
High Pulse Width  Slow    RAMD32/CLK          n/a            0.573         2.500       1.927      SLICE_X60Y400  fifo/ob_reg_0_1_0_13/RAMC_D1/CLK
High Pulse Width  Fast    RAMD32/CLK          n/a            0.573         2.500       1.927      SLICE_X60Y400  fifo/ob_reg_0_1_0_13/RAMC_D1/CLK
High Pulse Width  Slow    RAMD32/CLK          n/a            0.573         2.500       1.927      SLICE_X60Y400  fifo/ob_reg_0_1_0_13/RAMD/CLK
High Pulse Width  Fast    RAMD32/CLK          n/a            0.573         2.500       1.927      SLICE_X60Y400  fifo/ob_reg_0_1_0_13/RAMD/CLK
High Pulse Width  Slow    RAMD32/CLK          n/a            0.573         2.500       1.927      SLICE_X60Y400  fifo/ob_reg_0_1_0_13/RAMD_D1/CLK
High Pulse Width  Fast    RAMD32/CLK          n/a            0.573         2.500       1.927      SLICE_X60Y400  fifo/ob_reg_0_1_0_13/RAMD_D1/CLK
High Pulse Width  Slow    RAMD32/CLK          n/a            0.573         2.500       1.927      SLICE_X60Y400  fifo/ob_reg_0_1_0_13/RAME/CLK
High Pulse Width  Fast    RAMD32/CLK          n/a            0.573         2.500       1.927      SLICE_X60Y400  fifo/ob_reg_0_1_0_13/RAME/CLK
High Pulse Width  Slow    RAMD32/CLK          n/a            0.573         2.500       1.927      SLICE_X60Y400  fifo/ob_reg_0_1_0_13/RAME_D1/CLK
High Pulse Width  Fast    RAMD32/CLK          n/a            0.573         2.500       1.927      SLICE_X60Y400  fifo/ob_reg_0_1_0_13/RAME_D1/CLK



---------------------------------------------------------------------------------------------------
From Clock:  tck
  To Clock:  tck

Setup :            0  Failing Endpoints,  Worst Slack       32.682ns,  Total Violation        0.000ns
Hold  :            0  Failing Endpoints,  Worst Slack        0.030ns,  Total Violation        0.000ns
PW    :            0  Failing Endpoints,  Worst Slack       17.975ns,  Total Violation        0.000ns
---------------------------------------------------------------------------------------------------


Max Delay Paths
--------------------------------------------------------------------------------------
Slack (MET) :             32.682ns  (required time - arrival time)
  Source:                 rx/sr_reg[114]/C
                            (rising edge-triggered cell FDRE clocked by tck  {rise@0.000ns fall@18.518ns period=37.037ns})
  Destination:            rx/wd_reg[34]/R
                            (rising edge-triggered cell FDRE clocked by tck  {rise@0.000ns fall@18.518ns period=37.037ns})
  Path Group:             tck
  Path Type:              Setup (Max at Slow Process Corner)
  Requirement:            37.037ns  (tck rise@37.037ns - tck rise@0.000ns)
  Data Path Delay:        4.236ns  (logic 0.753ns (17.778%)  route 3.483ns (82.222%))
  Logic Levels:           5  (LUT2=1 LUT4=1 LUT5=1 LUT6=2)
  Clock Path Skew:        -0.012ns (DCD - SCD + CPR)
    Destination Clock Delay (DCD):    0.024ns = ( 37.061 - 37.037 ) 
    Source Clock Delay      (SCD):    0.036ns
    Clock Pessimism Removal (CPR):    0.000ns
  Clock Uncertainty:      0.035ns  ((TSJ^2 + TIJ^2)^1/2 + DJ) / 2 + PE
    Total System Jitter     (TSJ):    0.071ns
    Total Input Jitter      (TIJ):    0.000ns
    Discrete Jitter          (DJ):    0.000ns
    Phase Error              (PE):    0.000ns

    Location             Delay type                Incr(ns)  Path(ns)    Netlist Resource(s)
  -------------------------------------------------------------------    -------------------
                         (clock tck rise edge)        0.000     0.000 r  
                                                      0.000     0.000 r  tck (IN)
                         net (fo=1343, unset)         0.036     0.036    rx/tck
    SLICE_X64Y411        FDRE                                         r  rx/sr_reg[114]/C
  -------------------------------------------------------------------    -------------------
    SLICE_X64Y411        FDRE (Prop_EFF_SLICEL_C_Q)
                                                      0.096     0.132 f  rx/sr_reg[114]/Q
                         net (fo=4, routed)           0.581     0.713    rx/p_0_in[113]
    SLICE_X61Y403        LUT4 (Prop_F6LUT_SLICEM_I1_O)
                                                      0.113     0.826 f  rx/nwords[15]_i_10/O
                         net (fo=1, routed)           0.061     0.887    rx/nwords[15]_i_10_n_0
    SLICE_X61Y403        LUT6 (Prop_H6LUT_SLICEM_I1_O)
                                                      0.151     1.038 f  rx/nwords[15]_i_4/O
                         net (fo=1, routed)           0.190     1.228    rx/nwords[15]_i_4_n_0
    SLICE_X61Y405        LUT5 (Prop_C6LUT_SLICEM_I0_O)
                                                      0.038     1.266 r  rx/nwords[15]_i_2/O
                         net (fo=4, routed)           0.496     1.762    rx/wv016_out
    SLICE_X64Y414        LUT6 (Prop_H6LUT_SLICEL_I0_O)
                                                      0.179     1.941 r  rx/wd[257]_i_1/O
                         net (fo=260, routed)         0.389     2.330    rx/wd[257]_i_1_n_0
    SLICE_X64Y408        LUT2 (Prop_E6LUT_SLICEL_I1_O)
                                                      0.176     2.506 r  rx/wd[255]_i_1/O
                         net (fo=224, routed)         1.765     4.272    rx/wd[255]_i_1_n_0
    SLICE_X59Y401        FDRE                                         r  rx/wd_reg[34]/R
  -------------------------------------------------------------------    -------------------

                         (clock tck rise edge)       37.037    37.037 r  
                                                      0.000    37.037 r  tck (IN)
                         net (fo=1343, unset)         0.024    37.061    rx/tck
    SLICE_X59Y401        FDRE                                         r  rx/wd_reg[34]/C
                         clock pessimism              0.000    37.061    
                         clock uncertainty           -0.035    37.026    
    SLICE_X59Y401        FDRE (Setup_AFF_SLICEL_C_R)
                                                     -0.072    36.954    rx/wd_reg[34]
  -------------------------------------------------------------------
                         required time                         36.954    
                         arrival time                          -4.272    
  -------------------------------------------------------------------
                         slack                                 32.682    

Slack (MET) :             32.682ns  (required time - arrival time)
  Source:                 rx/sr_reg[114]/C
                            (rising edge-triggered cell FDRE clocked by tck  {rise@0.000ns fall@18.518ns period=37.037ns})
  Destination:            rx/wd_reg[36]/R
                            (rising edge-triggered cell FDRE clocked by tck  {rise@0.000ns fall@18.518ns period=37.037ns})
  Path Group:             tck
  Path Type:              Setup (Max at Slow Process Corner)
  Requirement:            37.037ns  (tck rise@37.037ns - tck rise@0.000ns)
  Data Path Delay:        4.236ns  (logic 0.753ns (17.778%)  route 3.483ns (82.222%))
  Logic Levels:           5  (LUT2=1 LUT4=1 LUT5=1 LUT6=2)
  Clock Path Skew:        -0.012ns (DCD - SCD + CPR)
    Destination Clock Delay (DCD):    0.024ns = ( 37.061 - 37.037 ) 
    Source Clock Delay      (SCD):    0.036ns
    Clock Pessimism Removal (CPR):    0.000ns
  Clock Uncertainty:      0.035ns  ((TSJ^2 + TIJ^2)^1/2 + DJ) / 2 + PE
    Total System Jitter     (TSJ):    0.071ns
    Total Input Jitter      (TIJ):    0.000ns
    Discrete Jitter          (DJ):    0.000ns
    Phase Error              (PE):    0.000ns

    Location             Delay type                Incr(ns)  Path(ns)    Netlist Resource(s)
  -------------------------------------------------------------------    -------------------
                         (clock tck rise edge)        0.000     0.000 r  
                                                      0.000     0.000 r  tck (IN)
                         net (fo=1343, unset)         0.036     0.036    rx/tck
    SLICE_X64Y411        FDRE                                         r  rx/sr_reg[114]/C
  -------------------------------------------------------------------    -------------------
    SLICE_X64Y411        FDRE (Prop_EFF_SLICEL_C_Q)
                                                      0.096     0.132 f  rx/sr_reg[114]/Q
                         net (fo=4, routed)           0.581     0.713    rx/p_0_in[113]
    SLICE_X61Y403        LUT4 (Prop_F6LUT_SLICEM_I1_O)
                                                      0.113     0.826 f  rx/nwords[15]_i_10/O
                         net (fo=1, routed)           0.061     0.887    rx/nwords[15]_i_10_n_0
    SLICE_X61Y403        LUT6 (Prop_H6LUT_SLICEM_I1_O)
                                                      0.151     1.038 f  rx/nwords[15]_i_4/O
                         net (fo=1, routed)           0.190     1.228    rx/nwords[15]_i_4_n_0
    SLICE_X61Y405        LUT5 (Prop_C6LUT_SLICEM_I0_O)
                                                      0.038     1.266 r  rx/nwords[15]_i_2/O
                         net (fo=4, routed)           0.496     1.762    rx/wv016_out
    SLICE_X64Y414        LUT6 (Prop_H6LUT_SLICEL_I0_O)
                                                      0.179     1.941 r  rx/wd[257]_i_1/O
                         net (fo=260, routed)         0.389     2.330    rx/wd[257]_i_1_n_0
    SLICE_X64Y408        LUT2 (Prop_E6LUT_SLICEL_I1_O)
                                                      0.176     2.506 r  rx/wd[255]_i_1/O
                         net (fo=224, routed)         1.765     4.272    rx/wd[255]_i_1_n_0
    SLICE_X59Y401        FDRE                                         r  rx/wd_reg[36]/R
  -------------------------------------------------------------------    -------------------

                         (clock tck rise edge)       37.037    37.037 r  
                                                      0.000    37.037 r  tck (IN)
                         net (fo=1343, unset)         0.024    37.061    rx/tck
    SLICE_X59Y401        FDRE                                         r  rx/wd_reg[36]/C
                         clock pessimism              0.000    37.061    
                         clock uncertainty           -0.035    37.026    
    SLICE_X59Y401        FDRE (Setup_AFF2_SLICEL_C_R)
                                                     -0.072    36.954    rx/wd_reg[36]
  -------------------------------------------------------------------
                         required time                         36.954    
                         arrival time                          -4.272    
  -------------------------------------------------------------------
                         slack                                 32.682    

Slack (MET) :             32.682ns  (required time - arrival time)
  Source:                 rx/sr_reg[114]/C
                            (rising edge-triggered cell FDRE clocked by tck  {rise@0.000ns fall@18.518ns period=37.037ns})
  Destination:            rx/wd_reg[38]/R
                            (rising edge-triggered cell FDRE clocked by tck  {rise@0.000ns fall@18.518ns period=37.037ns})
  Path Group:             tck
  Path Type:              Setup (Max at Slow Process Corner)
  Requirement:            37.037ns  (tck rise@37.037ns - tck rise@0.000ns)
  Data Path Delay:        4.236ns  (logic 0.753ns (17.778%)  route 3.483ns (82.222%))
  Logic Levels:           5  (LUT2=1 LUT4=1 LUT5=1 LUT6=2)
  Clock Path Skew:        -0.012ns (DCD - SCD + CPR)
    Destination Clock Delay (DCD):    0.024ns = ( 37.061 - 37.037 ) 
    Source Clock Delay      (SCD):    0.036ns
    Clock Pessimism Removal (CPR):    0.000ns
  Clock Uncertainty:      0.035ns  ((TSJ^2 + TIJ^2)^1/2 + DJ) / 2 + PE
    Total System Jitter     (TSJ):    0.071ns
    Total Input Jitter      (TIJ):    0.000ns
    Discrete Jitter          (DJ):    0.000ns
    Phase Error              (PE):    0.000ns

    Location             Delay type                Incr(ns)  Path(ns)    Netlist Resource(s)
  -------------------------------------------------------------------    -------------------
                         (clock tck rise edge)        0.000     0.000 r  
                                                      0.000     0.000 r  tck (IN)
                         net (fo=1343, unset)         0.036     0.036    rx/tck
    SLICE_X64Y411        FDRE                                         r  rx/sr_reg[114]/C
  -------------------------------------------------------------------    -------------------
    SLICE_X64Y411        FDRE (Prop_EFF_SLICEL_C_Q)
                                                      0.096     0.132 f  rx/sr_reg[114]/Q
                         net (fo=4, routed)           0.581     0.713    rx/p_0_in[113]
    SLICE_X61Y403        LUT4 (Prop_F6LUT_SLICEM_I1_O)
                                                      0.113     0.826 f  rx/nwords[15]_i_10/O
                         net (fo=1, routed)           0.061     0.887    rx/nwords[15]_i_10_n_0
    SLICE_X61Y403        LUT6 (Prop_H6LUT_SLICEM_I1_O)
                                                      0.151     1.038 f  rx/nwords[15]_i_4/O
                         net (fo=1, routed)           0.190     1.228    rx/nwords[15]_i_4_n_0
    SLICE_X61Y405        LUT5 (Prop_C6LUT_SLICEM_I0_O)
                                                      0.038     1.266 r  rx/nwords[15]_i_2/O
                         net (fo=4, routed)           0.496     1.762    rx/wv016_out
    SLICE_X64Y414        LUT6 (Prop_H6LUT_SLICEL_I0_O)
                                                      0.179     1.941 r  rx/wd[257]_i_1/O
                         net (fo=260, routed)         0.389     2.330    rx/wd[257]_i_1_n_0
    SLICE_X64Y408        LUT2 (Prop_E6LUT_SLICEL_I1_O)
                                                      0.176     2.506 r  rx/wd[255]_i_1/O
                         net (fo=224, routed)         1.765     4.272    rx/wd[255]_i_1_n_0
    SLICE_X59Y401        FDRE                                         r  rx/wd_reg[38]/R
  -------------------------------------------------------------------    -------------------

                         (clock tck rise edge)       37.037    37.037 r  
                                                      0.000    37.037 r  tck (IN)
                         net (fo=1343, unset)         0.024    37.061    rx/tck
    SLICE_X59Y401        FDRE                                         r  rx/wd_reg[38]/C
                         clock pessimism              0.000    37.061    
                         clock uncertainty           -0.035    37.026    
    SLICE_X59Y401        FDRE (Setup_BFF_SLICEL_C_R)
                                                     -0.072    36.954    rx/wd_reg[38]
  -------------------------------------------------------------------
                         required time                         36.954    
                         arrival time                          -4.272    
  -------------------------------------------------------------------
                         slack                                 32.682    

Slack (MET) :             32.682ns  (required time - arrival time)
  Source:                 rx/sr_reg[114]/C
                            (rising edge-triggered cell FDRE clocked by tck  {rise@0.000ns fall@18.518ns period=37.037ns})
  Destination:            rx/wd_reg[48]/R
                            (rising edge-triggered cell FDRE clocked by tck  {rise@0.000ns fall@18.518ns period=37.037ns})
  Path Group:             tck
  Path Type:              Setup (Max at Slow Process Corner)
  Requirement:            37.037ns  (tck rise@37.037ns - tck rise@0.000ns)
  Data Path Delay:        4.236ns  (logic 0.753ns (17.778%)  route 3.483ns (82.222%))
  Logic Levels:           5  (LUT2=1 LUT4=1 LUT5=1 LUT6=2)
  Clock Path Skew:        -0.012ns (DCD - SCD + CPR)
    Destination Clock Delay (DCD):    0.024ns = ( 37.061 - 37.037 ) 
    Source Clock Delay      (SCD):    0.036ns
    Clock Pessimism Removal (CPR):    0.000ns
  Clock Uncertainty:      0.035ns  ((TSJ^2 + TIJ^2)^1/2 + DJ) / 2 + PE
    Total System Jitter     (TSJ):    0.071ns
    Total Input Jitter      (TIJ):    0.000ns
    Discrete Jitter          (DJ):    0.000ns
    Phase Error              (PE):    0.000ns

    Location             Delay type                Incr(ns)  Path(ns)    Netlist Resource(s)
  -------------------------------------------------------------------    -------------------
                         (clock tck rise edge)        0.000     0.000 r  
                                                      0.000     0.000 r  tck (IN)
                         net (fo=1343, unset)         0.036     0.036    rx/tck
    SLICE_X64Y411        FDRE                                         r  rx/sr_reg[114]/C
  -------------------------------------------------------------------    -------------------
    SLICE_X64Y411        FDRE (Prop_EFF_SLICEL_C_Q)
                                                      0.096     0.132 f  rx/sr_reg[114]/Q
                         net (fo=4, routed)           0.581     0.713    rx/p_0_in[113]
    SLICE_X61Y403        LUT4 (Prop_F6LUT_SLICEM_I1_O)
                                                      0.113     0.826 f  rx/nwords[15]_i_10/O
                         net (fo=1, routed)           0.061     0.887    rx/nwords[15]_i_10_n_0
    SLICE_X61Y403        LUT6 (Prop_H6LUT_SLICEM_I1_O)
                                                      0.151     1.038 f  rx/nwords[15]_i_4/O
                         net (fo=1, routed)           0.190     1.228    rx/nwords[15]_i_4_n_0
    SLICE_X61Y405        LUT5 (Prop_C6LUT_SLICEM_I0_O)
                                                      0.038     1.266 r  rx/nwords[15]_i_2/O
                         net (fo=4, routed)           0.496     1.762    rx/wv016_out
    SLICE_X64Y414        LUT6 (Prop_H6LUT_SLICEL_I0_O)
                                                      0.179     1.941 r  rx/wd[257]_i_1/O
                         net (fo=260, routed)         0.389     2.330    rx/wd[257]_i_1_n_0
    SLICE_X64Y408        LUT2 (Prop_E6LUT_SLICEL_I1_O)
                                                      0.176     2.506 r  rx/wd[255]_i_1/O
                         net (fo=224, routed)         1.765     4.272    rx/wd[255]_i_1_n_0
    SLICE_X59Y401        FDRE                                         r  rx/wd_reg[48]/R
  -------------------------------------------------------------------    -------------------

                         (clock tck rise edge)       37.037    37.037 r  
                                                      0.000    37.037 r  tck (IN)
                         net (fo=1343, unset)         0.024    37.061    rx/tck
    SLICE_X59Y401        FDRE                                         r  rx/wd_reg[48]/C
                         clock pessimism              0.000    37.061    
                         clock uncertainty           -0.035    37.026    
    SLICE_X59Y401        FDRE (Setup_BFF2_SLICEL_C_R)
                                                     -0.072    36.954    rx/wd_reg[48]
  -------------------------------------------------------------------
                         required time                         36.954    
                         arrival time                          -4.272    
  -------------------------------------------------------------------
                         slack                                 32.682    

Slack (MET) :             32.682ns  (required time - arrival time)
  Source:                 rx/sr_reg[114]/C
                            (rising edge-triggered cell FDRE clocked by tck  {rise@0.000ns fall@18.518ns period=37.037ns})
  Destination:            rx/wd_reg[49]/R
                            (rising edge-triggered cell FDRE clocked by tck  {rise@0.000ns fall@18.518ns period=37.037ns})
  Path Group:             tck
  Path Type:              Setup (Max at Slow Process Corner)
  Requirement:            37.037ns  (tck rise@37.037ns - tck rise@0.000ns)
  Data Path Delay:        4.236ns  (logic 0.753ns (17.778%)  route 3.483ns (82.222%))
  Logic Levels:           5  (LUT2=1 LUT4=1 LUT5=1 LUT6=2)
  Clock Path Skew:        -0.012ns (DCD - SCD + CPR)
    Destination Clock Delay (DCD):    0.024ns = ( 37.061 - 37.037 ) 
    Source Clock Delay      (SCD):    0.036ns
    Clock Pessimism Removal (CPR):    0.000ns
  Clock Uncertainty:      0.035ns  ((TSJ^2 + TIJ^2)^1/2 + DJ) / 2 + PE
    Total System Jitter     (TSJ):    0.071ns
    Total Input Jitter      (TIJ):    0.000ns
    Discrete Jitter          (DJ):    0.000ns
    Phase Error              (PE):    0.000ns

    Location             Delay type                Incr(ns)  Path(ns)    Netlist Resource(s)
  -------------------------------------------------------------------    -------------------
                         (clock tck rise edge)        0.000     0.000 r  
                                                      0.000     0.000 r  tck (IN)
                         net (fo=1343, unset)         0.036     0.036    rx/tck
    SLICE_X64Y411        FDRE                                         r  rx/sr_reg[114]/C
  -------------------------------------------------------------------    -------------------
    SLICE_X64Y411        FDRE (Prop_EFF_SLICEL_C_Q)
                                                      0.096     0.132 f  rx/sr_reg[114]/Q
                         net (fo=4, routed)           0.581     0.713    rx/p_0_in[113]
    SLICE_X61Y403        LUT4 (Prop_F6LUT_SLICEM_I1_O)
                                                      0.113     0.826 f  rx/nwords[15]_i_10/O
                         net (fo=1, routed)           0.061     0.887    rx/nwords[15]_i_10_n_0
    SLICE_X61Y403        LUT6 (Prop_H6LUT_SLICEM_I1_O)
                                                      0.151     1.038 f  rx/nwords[15]_i_4/O
                         net (fo=1, routed)           0.190     1.228    rx/nwords[15]_i_4_n_0
    SLICE_X61Y405        LUT5 (Prop_C6LUT_SLICEM_I0_O)
                                                      0.038     1.266 r  rx/nwords[15]_i_2/O
                         net (fo=4, routed)           0.496     1.762    rx/wv016_out
    SLICE_X64Y414        LUT6 (Prop_H6LUT_SLICEL_I0_O)
                                                      0.179     1.941 r  rx/wd[257]_i_1/O
                         net (fo=260, routed)         0.389     2.330    rx/wd[257]_i_1_n_0
    SLICE_X64Y408        LUT2 (Prop_E6LUT_SLICEL_I1_O)
                                                      0.176     2.506 r  rx/wd[255]_i_1/O
                         net (fo=224, routed)         1.765     4.272    rx/wd[255]_i_1_n_0
    SLICE_X59Y401        FDRE                                         r  rx/wd_reg[49]/R
  -------------------------------------------------------------------    -------------------

                         (clock tck rise edge)       37.037    37.037 r  
                                                      0.000    37.037 r  tck (IN)
                         net (fo=1343, unset)         0.024    37.061    rx/tck
    SLICE_X59Y401        FDRE                                         r  rx/wd_reg[49]/C
                         clock pessimism              0.000    37.061    
                         clock uncertainty           -0.035    37.026    
    SLICE_X59Y401        FDRE (Setup_CFF_SLICEL_C_R)
                                                     -0.072    36.954    rx/wd_reg[49]
  -------------------------------------------------------------------
                         required time                         36.954    
                         arrival time                          -4.272    
  -------------------------------------------------------------------
                         slack                                 32.682    

Slack (MET) :             32.682ns  (required time - arrival time)
  Source:                 rx/sr_reg[114]/C
                            (rising edge-triggered cell FDRE clocked by tck  {rise@0.000ns fall@18.518ns period=37.037ns})
  Destination:            rx/wd_reg[50]/R
                            (rising edge-triggered cell FDRE clocked by tck  {rise@0.000ns fall@18.518ns period=37.037ns})
  Path Group:             tck
  Path Type:              Setup (Max at Slow Process Corner)
  Requirement:            37.037ns  (tck rise@37.037ns - tck rise@0.000ns)
  Data Path Delay:        4.236ns  (logic 0.753ns (17.778%)  route 3.483ns (82.222%))
  Logic Levels:           5  (LUT2=1 LUT4=1 LUT5=1 LUT6=2)
  Clock Path Skew:        -0.012ns (DCD - SCD + CPR)
    Destination Clock Delay (DCD):    0.024ns = ( 37.061 - 37.037 ) 
    Source Clock Delay      (SCD):    0.036ns
    Clock Pessimism Removal (CPR):    0.000ns
  Clock Uncertainty:      0.035ns  ((TSJ^2 + TIJ^2)^1/2 + DJ) / 2 + PE
    Total System Jitter     (TSJ):    0.071ns
    Total Input Jitter      (TIJ):    0.000ns
    Discrete Jitter          (DJ):    0.000ns
    Phase Error              (PE):    0.000ns

    Location             Delay type                Incr(ns)  Path(ns)    Netlist Resource(s)
  -------------------------------------------------------------------    -------------------
                         (clock tck rise edge)        0.000     0.000 r  
                                                      0.000     0.000 r  tck (IN)
                         net (fo=1343, unset)         0.036     0.036    rx/tck
    SLICE_X64Y411        FDRE                                         r  rx/sr_reg[114]/C
  -------------------------------------------------------------------    -------------------
    SLICE_X64Y411        FDRE (Prop_EFF_SLICEL_C_Q)
                                                      0.096     0.132 f  rx/sr_reg[114]/Q
                         net (fo=4, routed)           0.581     0.713    rx/p_0_in[113]
    SLICE_X61Y403        LUT4 (Prop_F6LUT_SLICEM_I1_O)
                                                      0.113     0.826 f  rx/nwords[15]_i_10/O
                         net (fo=1, routed)           0.061     0.887    rx/nwords[15]_i_10_n_0
    SLICE_X61Y403        LUT6 (Prop_H6LUT_SLICEM_I1_O)
                                                      0.151     1.038 f  rx/nwords[15]_i_4/O
                         net (fo=1, routed)           0.190     1.228    rx/nwords[15]_i_4_n_0
    SLICE_X61Y405        LUT5 (Prop_C6LUT_SLICEM_I0_O)
                                                      0.038     1.266 r  rx/nwords[15]_i_2/O
                         net (fo=4, routed)           0.496     1.762    rx/wv016_out
    SLICE_X64Y414        LUT6 (Prop_H6LUT_SLICEL_I0_O)
                                                      0.179     1.941 r  rx/wd[257]_i_1/O
                         net (fo=260, routed)         0.389     2.330    rx/wd[257]_i_1_n_0
    SLICE_X64Y408        LUT2 (Prop_E6LUT_SLICEL_I1_O)
                                                      0.176     2.506 r  rx/wd[255]_i_1/O
                         net (fo=224, routed)         1.765     4.272    rx/wd[255]_i_1_n_0
    SLICE_X59Y401        FDRE                                         r  rx/wd_reg[50]/R
  -------------------------------------------------------------------    -------------------

                         (clock tck rise edge)       37.037    37.037 r  
                                                      0.000    37.037 r  tck (IN)
                         net (fo=1343, unset)         0.024    37.061    rx/tck
    SLICE_X59Y401        FDRE                                         r  rx/wd_reg[50]/C
                         clock pessimism              0.000    37.061    
                         clock uncertainty           -0.035    37.026    
    SLICE_X59Y401        FDRE (Setup_CFF2_SLICEL_C_R)
                                                     -0.072    36.954    rx/wd_reg[50]
  -------------------------------------------------------------------
                         required time                         36.954    
                         arrival time                          -4.272    
  -------------------------------------------------------------------
                         slack                                 32.682    

Slack (MET) :             32.682ns  (required time - arrival time)
  Source:                 rx/sr_reg[114]/C
                            (rising edge-triggered cell FDRE clocked by tck  {rise@0.000ns fall@18.518ns period=37.037ns})
  Destination:            rx/wd_reg[52]/R
                            (rising edge-triggered cell FDRE clocked by tck  {rise@0.000ns fall@18.518ns period=37.037ns})
  Path Group:             tck
  Path Type:              Setup (Max at Slow Process Corner)
  Requirement:            37.037ns  (tck rise@37.037ns - tck rise@0.000ns)
  Data Path Delay:        4.236ns  (logic 0.753ns (17.778%)  route 3.483ns (82.222%))
  Logic Levels:           5  (LUT2=1 LUT4=1 LUT5=1 LUT6=2)
  Clock Path Skew:        -0.012ns (DCD - SCD + CPR)
    Destination Clock Delay (DCD):    0.024ns = ( 37.061 - 37.037 ) 
    Source Clock Delay      (SCD):    0.036ns
    Clock Pessimism Removal (CPR):    0.000ns
  Clock Uncertainty:      0.035ns  ((TSJ^2 + TIJ^2)^1/2 + DJ) / 2 + PE
    Total System Jitter     (TSJ):    0.071ns
    Total Input Jitter      (TIJ):    0.000ns
    Discrete Jitter          (DJ):    0.000ns
    Phase Error              (PE):    0.000ns

    Location             Delay type                Incr(ns)  Path(ns)    Netlist Resource(s)
  -------------------------------------------------------------------    -------------------
                         (clock tck rise edge)        0.000     0.000 r  
                                                      0.000     0.000 r  tck (IN)
                         net (fo=1343, unset)         0.036     0.036    rx/tck
    SLICE_X64Y411        FDRE                                         r  rx/sr_reg[114]/C
  -------------------------------------------------------------------    -------------------
    SLICE_X64Y411        FDRE (Prop_EFF_SLICEL_C_Q)
                                                      0.096     0.132 f  rx/sr_reg[114]/Q
                         net (fo=4, routed)           0.581     0.713    rx/p_0_in[113]
    SLICE_X61Y403        LUT4 (Prop_F6LUT_SLICEM_I1_O)
                                                      0.113     0.826 f  rx/nwords[15]_i_10/O
                         net (fo=1, routed)           0.061     0.887    rx/nwords[15]_i_10_n_0
    SLICE_X61Y403        LUT6 (Prop_H6LUT_SLICEM_I1_O)
                                                      0.151     1.038 f  rx/nwords[15]_i_4/O
                         net (fo=1, routed)           0.190     1.228    rx/nwords[15]_i_4_n_0
    SLICE_X61Y405        LUT5 (Prop_C6LUT_SLICEM_I0_O)
                                                      0.038     1.266 r  rx/nwords[15]_i_2/O
                         net (fo=4, routed)           0.496     1.762    rx/wv016_out
    SLICE_X64Y414        LUT6 (Prop_H6LUT_SLICEL_I0_O)
                                                      0.179     1.941 r  rx/wd[257]_i_1/O
                         net (fo=260, routed)         0.389     2.330    rx/wd[257]_i_1_n_0
    SLICE_X64Y408        LUT2 (Prop_E6LUT_SLICEL_I1_O)
                                                      0.176     2.506 r  rx/wd[255]_i_1/O
                         net (fo=224, routed)         1.765     4.272    rx/wd[255]_i_1_n_0
    SLICE_X59Y401        FDRE                                         r  rx/wd_reg[52]/R
  -------------------------------------------------------------------    -------------------

                         (clock tck rise edge)       37.037    37.037 r  
                                                      0.000    37.037 r  tck (IN)
                         net (fo=1343, unset)         0.024    37.061    rx/tck
    SLICE_X59Y401        FDRE                                         r  rx/wd_reg[52]/C
                         clock pessimism              0.000    37.061    
                         clock uncertainty           -0.035    37.026    
    SLICE_X59Y401        FDRE (Setup_DFF_SLICEL_C_R)
                                                     -0.072    36.954    rx/wd_reg[52]
  -------------------------------------------------------------------
                         required time                         36.954    
                         arrival time                          -4.272    
  -------------------------------------------------------------------
                         slack                                 32.682    

Slack (MET) :             32.682ns  (required time - arrival time)
  Source:                 rx/sr_reg[114]/C
                            (rising edge-triggered cell FDRE clocked by tck  {rise@0.000ns fall@18.518ns period=37.037ns})
  Destination:            rx/wd_reg[54]/R
                            (rising edge-triggered cell FDRE clocked by tck  {rise@0.000ns fall@18.518ns period=37.037ns})
  Path Group:             tck
  Path Type:              Setup (Max at Slow Process Corner)
  Requirement:            37.037ns  (tck rise@37.037ns - tck rise@0.000ns)
  Data Path Delay:        4.236ns  (logic 0.753ns (17.778%)  route 3.483ns (82.222%))
  Logic Levels:           5  (LUT2=1 LUT4=1 LUT5=1 LUT6=2)
  Clock Path Skew:        -0.012ns (DCD - SCD + CPR)
    Destination Clock Delay (DCD):    0.024ns = ( 37.061 - 37.037 ) 
    Source Clock Delay      (SCD):    0.036ns
    Clock Pessimism Removal (CPR):    0.000ns
  Clock Uncertainty:      0.035ns  ((TSJ^2 + TIJ^2)^1/2 + DJ) / 2 + PE
    Total System Jitter     (TSJ):    0.071ns
    Total Input Jitter      (TIJ):    0.000ns
    Discrete Jitter          (DJ):    0.000ns
    Phase Error              (PE):    0.000ns

    Location             Delay type                Incr(ns)  Path(ns)    Netlist Resource(s)
  -------------------------------------------------------------------    -------------------
                         (clock tck rise edge)        0.000     0.000 r  
                                                      0.000     0.000 r  tck (IN)
                         net (fo=1343, unset)         0.036     0.036    rx/tck
    SLICE_X64Y411        FDRE                                         r  rx/sr_reg[114]/C
  -------------------------------------------------------------------    -------------------
    SLICE_X64Y411        FDRE (Prop_EFF_SLICEL_C_Q)
                                                      0.096     0.132 f  rx/sr_reg[114]/Q
                         net (fo=4, routed)           0.581     0.713    rx/p_0_in[113]
    SLICE_X61Y403        LUT4 (Prop_F6LUT_SLICEM_I1_O)
                                                      0.113     0.826 f  rx/nwords[15]_i_10/O
                         net (fo=1, routed)           0.061     0.887    rx/nwords[15]_i_10_n_0
    SLICE_X61Y403        LUT6 (Prop_H6LUT_SLICEM_I1_O)
                                                      0.151     1.038 f  rx/nwords[15]_i_4/O
                         net (fo=1, routed)           0.190     1.228    rx/nwords[15]_i_4_n_0
    SLICE_X61Y405        LUT5 (Prop_C6LUT_SLICEM_I0_O)
                                                      0.038     1.266 r  rx/nwords[15]_i_2/O
                         net (fo=4, routed)           0.496     1.762    rx/wv016_out
    SLICE_X64Y414        LUT6 (Prop_H6LUT_SLICEL_I0_O)
                                                      0.179     1.941 r  rx/wd[257]_i_1/O
                         net (fo=260, routed)         0.389     2.330    rx/wd[257]_i_1_n_0
    SLICE_X64Y408        LUT2 (Prop_E6LUT_SLICEL_I1_O)
                                                      0.176     2.506 r  rx/wd[255]_i_1/O
                         net (fo=224, routed)         1.765     4.272    rx/wd[255]_i_1_n_0
    SLICE_X59Y401        FDRE                                         r  rx/wd_reg[54]/R
  -------------------------------------------------------------------    -------------------

                         (clock tck rise edge)       37.037    37.037 r  
                                                      0.000    37.037 r  tck (IN)
                         net (fo=1343, unset)         0.024    37.061    rx/tck
    SLICE_X59Y401        FDRE                                         r  rx/wd_reg[54]/C
                         clock pessimism              0.000    37.061    
                         clock uncertainty           -0.035    37.026    
    SLICE_X59Y401        FDRE (Setup_DFF2_SLICEL_C_R)
                                                     -0.072    36.954    rx/wd_reg[54]
  -------------------------------------------------------------------
                         required time                         36.954    
                         arrival time                          -4.272    
  -------------------------------------------------------------------
                         slack                                 32.682    

Slack (MET) :             32.907ns  (required time - arrival time)
  Source:                 rx/sr_reg[114]/C
                            (rising edge-triggered cell FDRE clocked by tck  {rise@0.000ns fall@18.518ns period=37.037ns})
  Destination:            rx/wd_reg[64]/R
                            (rising edge-triggered cell FDRE clocked by tck  {rise@0.000ns fall@18.518ns period=37.037ns})
  Path Group:             tck
  Path Type:              Setup (Max at Slow Process Corner)
  Requirement:            37.037ns  (tck rise@37.037ns - tck rise@0.000ns)
  Data Path Delay:        4.011ns  (logic 0.753ns (18.775%)  route 3.258ns (81.225%))
  Logic Levels:           5  (LUT2=1 LUT4=1 LUT5=1 LUT6=2)
  Clock Path Skew:        -0.012ns (DCD - SCD + CPR)
    Destination Clock Delay (DCD):    0.024ns = ( 37.061 - 37.037 ) 
    Source Clock Delay      (SCD):    0.036ns
    Clock Pessimism Removal (CPR):    0.000ns
  Clock Uncertainty:      0.035ns  ((TSJ^2 + TIJ^2)^1/2 + DJ) / 2 + PE
    Total System Jitter     (TSJ):    0.071ns
    Total Input Jitter      (TIJ):    0.000ns
    Discrete Jitter          (DJ):    0.000ns
    Phase Error              (PE):    0.000ns

    Location             Delay type                Incr(ns)  Path(ns)    Netlist Resource(s)
  -------------------------------------------------------------------    -------------------
                         (clock tck rise edge)        0.000     0.000 r  
                                                      0.000     0.000 r  tck (IN)
                         net (fo=1343, unset)         0.036     0.036    rx/tck
    SLICE_X64Y411        FDRE                                         r  rx/sr_reg[114]/C
  -------------------------------------------------------------------    -------------------
    SLICE_X64Y411        FDRE (Prop_EFF_SLICEL_C_Q)
                                                      0.096     0.132 f  rx/sr_reg[114]/Q
                         net (fo=4, routed)           0.581     0.713    rx/p_0_in[113]
    SLICE_X61Y403        LUT4 (Prop_F6LUT_SLICEM_I1_O)
                                                      0.113     0.826 f  rx/nwords[15]_i_10/O
                         net (fo=1, routed)           0.061     0.887    rx/nwords[15]_i_10_n_0
    SLICE_X61Y403        LUT6 (Prop_H6LUT_SLICEM_I1_O)
                                                      0.151     1.038 f  rx/nwords[15]_i_4/O
                         net (fo=1, routed)           0.190     1.228    rx/nwords[15]_i_4_n_0
    SLICE_X61Y405        LUT5 (Prop_C6LUT_SLICEM_I0_O)
                                                      0.038     1.266 r  rx/nwords[15]_i_2/O
                         net (fo=4, routed)           0.496     1.762    rx/wv016_out
    SLICE_X64Y414        LUT6 (Prop_H6LUT_SLICEL_I0_O)
                                                      0.179     1.941 r  rx/wd[257]_i_1/O
                         net (fo=260, routed)         0.389     2.330    rx/wd[257]_i_1_n_0
    SLICE_X64Y408        LUT2 (Prop_E6LUT_SLICEL_I1_O)
                                                      0.176     2.506 r  rx/wd[255]_i_1/O
                         net (fo=224, routed)         1.540     4.047    rx/wd[255]_i_1_n_0
    SLICE_X58Y403        FDRE                                         r  rx/wd_reg[64]/R
  -------------------------------------------------------------------    -------------------

                         (clock tck rise edge)       37.037    37.037 r  
                                                      0.000    37.037 r  tck (IN)
                         net (fo=1343, unset)         0.024    37.061    rx/tck
    SLICE_X58Y403        FDRE                                         r  rx/wd_reg[64]/C
                         clock pessimism              0.000    37.061    
                         clock uncertainty           -0.035    37.026    
    SLICE_X58Y403        FDRE (Setup_AFF_SLICEL_C_R)
                                                     -0.072    36.954    rx/wd_reg[64]
  -------------------------------------------------------------------
                         required time                         36.954    
                         arrival time                          -4.047    
  -------------------------------------------------------------------
                         slack                                 32.907    

Slack (MET) :             32.907ns  (required time - arrival time)
  Source:                 rx/sr_reg[114]/C
                            (rising edge-triggered cell FDRE clocked by tck  {rise@0.000ns fall@18.518ns period=37.037ns})
  Destination:            rx/wd_reg[65]/R
                            (rising edge-triggered cell FDRE clocked by tck  {rise@0.000ns fall@18.518ns period=37.037ns})
  Path Group:             tck
  Path Type:              Setup (Max at Slow Process Corner)
  Requirement:            37.037ns  (tck rise@37.037ns - tck rise@0.000ns)
  Data Path Delay:        4.011ns  (logic 0.753ns (18.775%)  route 3.258ns (81.225%))
  Logic Levels:           5  (LUT2=1 LUT4=1 LUT5=1 LUT6=2)
  Clock Path Skew:        -0.012ns (DCD - SCD + CPR)
    Destination Clock Delay (DCD):    0.024ns = ( 37.061 - 37.037 ) 
    Source Clock Delay      (SCD):    0.036ns
    Clock Pessimism Removal (CPR):    0.000ns
  Clock Uncertainty:      0.035ns  ((TSJ^2 + TIJ^2)^1/2 + DJ) / 2 + PE
    Total System Jitter     (TSJ):    0.071ns
    Total Input Jitter      (TIJ):    0.000ns
    Discrete Jitter          (DJ):    0.000ns
    Phase Error              (PE):    0.000ns

    Location             Delay type                Incr(ns)  Path(ns)    Netlist Resource(s)
  -------------------------------------------------------------------    -------------------
                         (clock tck rise edge)        0.000     0.000 r  
                                                      0.000     0.000 r  tck (IN)
                         net (fo=1343, unset)         0.036     0.036    rx/tck
    SLICE_X64Y411        FDRE                                         r  rx/sr_reg[114]/C
  -------------------------------------------------------------------    -------------------
    SLICE_X64Y411        FDRE (Prop_EFF_SLICEL_C_Q)
                                                      0.096     0.132 f  rx/sr_reg[114]/Q
                         net (fo=4, routed)           0.581     0.713    rx/p_0_in[113]
    SLICE_X61Y403        LUT4 (Prop_F6LUT_SLICEM_I1_O)
                                                      0.113     0.826 f  rx/nwords[15]_i_10/O
                         net (fo=1, routed)           0.061     0.887    rx/nwords[15]_i_10_n_0
    SLICE_X61Y403        LUT6 (Prop_H6LUT_SLICEM_I1_O)
                                                      0.151     1.038 f  rx/nwords[15]_i_4/O
                         net (fo=1, routed)           0.190     1.228    rx/nwords[15]_i_4_n_0
    SLICE_X61Y405        LUT5 (Prop_C6LUT_SLICEM_I0_O)
                                                      0.038     1.266 r  rx/nwords[15]_i_2/O
                         net (fo=4, routed)           0.496     1.762    rx/wv016_out
    SLICE_X64Y414        LUT6 (Prop_H6LUT_SLICEL_I0_O)
                                                      0.179     1.941 r  rx/wd[257]_i_1/O
                         net (fo=260, routed)         0.389     2.330    rx/wd[257]_i_1_n_0
    SLICE_X64Y408        LUT2 (Prop_E6LUT_SLICEL_I1_O)
                                                      0.176     2.506 r  rx/wd[255]_i_1/O
                         net (fo=224, routed)         1.540     4.047    rx/wd[255]_i_1_n_0
    SLICE_X58Y403        FDRE                                         r  rx/wd_reg[65]/R
  -------------------------------------------------------------------    -------------------

                         (clock tck rise edge)       37.037    37.037 r  
                                                      0.000    37.037 r  tck (IN)
                         net (fo=1343, unset)         0.024    37.061    rx/tck
    SLICE_X58Y403        FDRE                                         r  rx/wd_reg[65]/C
                         clock pessimism              0.000    37.061    
                         clock uncertainty           -0.035    37.026    
    SLICE_X58Y403        FDRE (Setup_AFF2_SLICEL_C_R)
                                                     -0.072    36.954    rx/wd_reg[65]
  -------------------------------------------------------------------
                         required time                         36.954    
                         arrival time                          -4.047    
  -------------------------------------------------------------------
                         slack                                 32.907    

Slack (MET) :             32.907ns  (required time - arrival time)
  Source:                 rx/sr_reg[114]/C
                            (rising edge-triggered cell FDRE clocked by tck  {rise@0.000ns fall@18.518ns period=37.037ns})
  Destination:            rx/wd_reg[66]/R
                            (rising edge-triggered cell FDRE clocked by tck  {rise@0.000ns fall@18.518ns period=37.037ns})
  Path Group:             tck
  Path Type:              Setup (Max at Slow Process Corner)
  Requirement:            37.037ns  (tck rise@37.037ns - tck rise@0.000ns)
  Data Path Delay:        4.011ns  (logic 0.753ns (18.775%)  route 3.258ns (81.225%))
  Logic Levels:           5  (LUT2=1 LUT4=1 LUT5=1 LUT6=2)
  Clock Path Skew:        -0.012ns (DCD - SCD + CPR)
    Destination Clock Delay (DCD):    0.024ns = ( 37.061 - 37.037 ) 
    Source Clock Delay      (SCD):    0.036ns
    Clock Pessimism Removal (CPR):    0.000ns
  Clock Uncertainty:      0.035ns  ((TSJ^2 + TIJ^2)^1/2 + DJ) / 2 + PE
    Total System Jitter     (TSJ):    0.071ns
    Total Input Jitter      (TIJ):    0.000ns
    Discrete Jitter          (DJ):    0.000ns
    Phase Error              (PE):    0.000ns

    Location             Delay type                Incr(ns)  Path(ns)    Netlist Resource(s)
  -------------------------------------------------------------------    -------------------
                         (clock tck rise edge)        0.000     0.000 r  
                                                      0.000     0.000 r  tck (IN)
                         net (fo=1343, unset)         0.036     0.036    rx/tck
    SLICE_X64Y411        FDRE                                         r  rx/sr_reg[114]/C
  -------------------------------------------------------------------    -------------------
    SLICE_X64Y411        FDRE (Prop_EFF_SLICEL_C_Q)
                                                      0.096     0.132 f  rx/sr_reg[114]/Q
                         net (fo=4, routed)           0.581     0.713    rx/p_0_in[113]
    SLICE_X61Y403        LUT4 (Prop_F6LUT_SLICEM_I1_O)
                                                      0.113     0.826 f  rx/nwords[15]_i_10/O
                         net (fo=1, routed)           0.061     0.887    rx/nwords[15]_i_10_n_0
    SLICE_X61Y403        LUT6 (Prop_H6LUT_SLICEM_I1_O)
                                                      0.151     1.038 f  rx/nwords[15]_i_4/O
                         net (fo=1, routed)           0.190     1.228    rx/nwords[15]_i_4_n_0
    SLICE_X61Y405        LUT5 (Prop_C6LUT_SLICEM_I0_O)
                                                      0.038     1.266 r  rx/nwords[15]_i_2/O
                         net (fo=4, routed)           0.496     1.762    rx/wv016_out
    SLICE_X64Y414        LUT6 (Prop_H6LUT_SLICEL_I0_O)
                                                      0.179     1.941 r  rx/wd[257]_i_1/O
                         net (fo=260, routed)         0.389     2.330    rx/wd[257]_i_1_n_0
    SLICE_X64Y408        LUT2 (Prop_E6LUT_SLICEL_I1_O)
                                                      0.176     2.506 r  rx/wd[255]_i_1/O
                         net (fo=224, routed)         1.540     4.047    rx/wd[255]_i_1_n_0
    SLICE_X58Y403        FDRE                                         r  rx/wd_reg[66]/R
  -------------------------------------------------------------------    -------------------

                         (clock tck rise edge)       37.037    37.037 r  
                                                      0.000    37.037 r  tck (IN)
                         net (fo=1343, unset)         0.024    37.061    rx/tck
    SLICE_X58Y403        FDRE                                         r  rx/wd_reg[66]/C
                         clock pessimism              0.000    37.061    
                         clock uncertainty           -0.035    37.026    
    SLICE_X58Y403        FDRE (Setup_BFF_SLICEL_C_R)
                                                     -0.072    36.954    rx/wd_reg[66]
  -------------------------------------------------------------------
                         required time                         36.954    
                         arrival time                          -4.047    
  -------------------------------------------------------------------
                         slack                                 32.907    

Slack (MET) :             32.907ns  (required time - arrival time)
  Source:                 rx/sr_reg[114]/C
                            (rising edge-triggered cell FDRE clocked by tck  {rise@0.000ns fall@18.518ns period=37.037ns})
  Destination:            rx/wd_reg[67]/R
                            (rising edge-triggered cell FDRE clocked by tck  {rise@0.000ns fall@18.518ns period=37.037ns})
  Path Group:             tck
  Path Type:              Setup (Max at Slow Process Corner)
  Requirement:            37.037ns  (tck rise@37.037ns - tck rise@0.000ns)
  Data Path Delay:        4.011ns  (logic 0.753ns (18.775%)  route 3.258ns (81.225%))
  Logic Levels:           5  (LUT2=1 LUT4=1 LUT5=1 LUT6=2)
  Clock Path Skew:        -0.012ns (DCD - SCD + CPR)
    Destination Clock Delay (DCD):    0.024ns = ( 37.061 - 37.037 ) 
    Source Clock Delay      (SCD):    0.036ns
    Clock Pessimism Removal (CPR):    0.000ns
  Clock Uncertainty:      0.035ns  ((TSJ^2 + TIJ^2)^1/2 + DJ) / 2 + PE
    Total System Jitter     (TSJ):    0.071ns
    Total Input Jitter      (TIJ):    0.000ns
    Discrete Jitter          (DJ):    0.000ns
    Phase Error              (PE):    0.000ns

    Location             Delay type                Incr(ns)  Path(ns)    Netlist Resource(s)
  -------------------------------------------------------------------    -------------------
                         (clock tck rise edge)        0.000     0.000 r  
                                                      0.000     0.000 r  tck (IN)
                         net (fo=1343, unset)         0.036     0.036    rx/tck
    SLICE_X64Y411        FDRE                                         r  rx/sr_reg[114]/C
  -------------------------------------------------------------------    -------------------
    SLICE_X64Y411        FDRE (Prop_EFF_SLICEL_C_Q)
                                                      0.096     0.132 f  rx/sr_reg[114]/Q
                         net (fo=4, routed)           0.581     0.713    rx/p_0_in[113]
    SLICE_X61Y403        LUT4 (Prop_F6LUT_SLICEM_I1_O)
                                                      0.113     0.826 f  rx/nwords[15]_i_10/O
                         net (fo=1, routed)           0.061     0.887    rx/nwords[15]_i_10_n_0
    SLICE_X61Y403        LUT6 (Prop_H6LUT_SLICEM_I1_O)
                                                      0.151     1.038 f  rx/nwords[15]_i_4/O
                         net (fo=1, routed)           0.190     1.228    rx/nwords[15]_i_4_n_0
    SLICE_X61Y405        LUT5 (Prop_C6LUT_SLICEM_I0_O)
                                                      0.038     1.266 r  rx/nwords[15]_i_2/O
                         net (fo=4, routed)           0.496     1.762    rx/wv016_out
    SLICE_X64Y414        LUT6 (Prop_H6LUT_SLICEL_I0_O)
                                                      0.179     1.941 r  rx/wd[257]_i_1/O
                         net (fo=260, routed)         0.389     2.330    rx/wd[257]_i_1_n_0
    SLICE_X64Y408        LUT2 (Prop_E6LUT_SLICEL_I1_O)
                                                      0.176     2.506 r  rx/wd[255]_i_1/O
                         net (fo=224, routed)         1.540     4.047    rx/wd[255]_i_1_n_0
    SLICE_X58Y403        FDRE                                         r  rx/wd_reg[67]/R
  -------------------------------------------------------------------    -------------------

                         (clock tck rise edge)       37.037    37.037 r  
                                                      0.000    37.037 r  tck (IN)
                         net (fo=1343, unset)         0.024    37.061    rx/tck
    SLICE_X58Y403        FDRE                                         r  rx/wd_reg[67]/C
                         clock pessimism              0.000    37.061    
                         clock uncertainty           -0.035    37.026    
    SLICE_X58Y403        FDRE (Setup_BFF2_SLICEL_C_R)
                                                     -0.072    36.954    rx/wd_reg[67]
  -------------------------------------------------------------------
                         required time                         36.954    
                         arrival time                          -4.047    
  -------------------------------------------------------------------
                         slack                                 32.907    

Slack (MET) :             32.907ns  (required time - arrival time)
  Source:                 rx/sr_reg[114]/C
                            (rising edge-triggered cell FDRE clocked by tck  {rise@0.000ns fall@18.518ns period=37.037ns})
  Destination:            rx/wd_reg[68]/R
                            (rising edge-triggered cell FDRE clocked by tck  {rise@0.000ns fall@18.518ns period=37.037ns})
  Path Group:             tck
  Path Type:              Setup (Max at Slow Process Corner)
  Requirement:            37.037ns  (tck rise@37.037ns - tck rise@0.000ns)
  Data Path Delay:        4.011ns  (logic 0.753ns (18.775%)  route 3.258ns (81.225%))
  Logic Levels:           5  (LUT2=1 LUT4=1 LUT5=1 LUT6=2)
  Clock Path Skew:        -0.012ns (DCD - SCD + CPR)
    Destination Clock Delay (DCD):    0.024ns = ( 37.061 - 37.037 ) 
    Source Clock Delay      (SCD):    0.036ns
    Clock Pessimism Removal (CPR):    0.000ns
  Clock Uncertainty:      0.035ns  ((TSJ^2 + TIJ^2)^1/2 + DJ) / 2 + PE
    Total System Jitter     (TSJ):    0.071ns
    Total Input Jitter      (TIJ):    0.000ns
    Discrete Jitter          (DJ):    0.000ns
    Phase Error              (PE):    0.000ns

    Location             Delay type                Incr(ns)  Path(ns)    Netlist Resource(s)
  -------------------------------------------------------------------    -------------------
                         (clock tck rise edge)        0.000     0.000 r  
                                                      0.000     0.000 r  tck (IN)
                         net (fo=1343, unset)         0.036     0.036    rx/tck
    SLICE_X64Y411        FDRE                                         r  rx/sr_reg[114]/C
  -------------------------------------------------------------------    -------------------
    SLICE_X64Y411        FDRE (Prop_EFF_SLICEL_C_Q)
                                                      0.096     0.132 f  rx/sr_reg[114]/Q
                         net (fo=4, routed)           0.581     0.713    rx/p_0_in[113]
    SLICE_X61Y403        LUT4 (Prop_F6LUT_SLICEM_I1_O)
                                                      0.113     0.826 f  rx/nwords[15]_i_10/O
                         net (fo=1, routed)           0.061     0.887    rx/nwords[15]_i_10_n_0
    SLICE_X61Y403        LUT6 (Prop_H6LUT_SLICEM_I1_O)
                                                      0.151     1.038 f  rx/nwords[15]_i_4/O
                         net (fo=1, routed)           0.190     1.228    rx/nwords[15]_i_4_n_0
    SLICE_X61Y405        LUT5 (Prop_C6LUT_SLICEM_I0_O)
                                                      0.038     1.266 r  rx/nwords[15]_i_2/O
                         net (fo=4, routed)           0.496     1.762    rx/wv016_out
    SLICE_X64Y414        LUT6 (Prop_H6LUT_SLICEL_I0_O)
                                                      0.179     1.941 r  rx/wd[257]_i_1/O
                         net (fo=260, routed)         0.389     2.330    rx/wd[257]_i_1_n_0
    SLICE_X64Y408        LUT2 (Prop_E6LUT_SLICEL_I1_O)
                                                      0.176     2.506 r  rx/wd[255]_i_1/O
                         net (fo=224, routed)         1.540     4.047    rx/wd[255]_i_1_n_0
    SLICE_X58Y403        FDRE                                         r  rx/wd_reg[68]/R
  -------------------------------------------------------------------    -------------------

                         (clock tck rise edge)       37.037    37.037 r  
                                                      0.000    37.037 r  tck (IN)
                         net (fo=1343, unset)         0.024    37.061    rx/tck
    SLICE_X58Y403        FDRE                                         r  rx/wd_reg[68]/C
                         clock pessimism              0.000    37.061    
                         clock uncertainty           -0.035    37.026    
    SLICE_X58Y403        FDRE (Setup_CFF_SLICEL_C_R)
                                                     -0.072    36.954    rx/wd_reg[68]
  -------------------------------------------------------------------
                         required time                         36.954    
                         arrival time                          -4.047    
  -------------------------------------------------------------------
                         slack                                 32.907    

Slack (MET) :             32.907ns  (required time - arrival time)
  Source:                 rx/sr_reg[114]/C
                            (rising edge-triggered cell FDRE clocked by tck  {rise@0.000ns fall@18.518ns period=37.037ns})
  Destination:            rx/wd_reg[69]/R
                            (rising edge-triggered cell FDRE clocked by tck  {rise@0.000ns fall@18.518ns period=37.037ns})
  Path Group:             tck
  Path Type:              Setup (Max at Slow Process Corner)
  Requirement:            37.037ns  (tck rise@37.037ns - tck rise@0.000ns)
  Data Path Delay:        4.011ns  (logic 0.753ns (18.775%)  route 3.258ns (81.225%))
  Logic Levels:           5  (LUT2=1 LUT4=1 LUT5=1 LUT6=2)
  Clock Path Skew:        -0.012ns (DCD - SCD + CPR)
    Destination Clock Delay (DCD):    0.024ns = ( 37.061 - 37.037 ) 
    Source Clock Delay      (SCD):    0.036ns
    Clock Pessimism Removal (CPR):    0.000ns
  Clock Uncertainty:      0.035ns  ((TSJ^2 + TIJ^2)^1/2 + DJ) / 2 + PE
    Total System Jitter     (TSJ):    0.071ns
    Total Input Jitter      (TIJ):    0.000ns
    Discrete Jitter          (DJ):    0.000ns
    Phase Error              (PE):    0.000ns

    Location             Delay type                Incr(ns)  Path(ns)    Netlist Resource(s)
  -------------------------------------------------------------------    -------------------
                         (clock tck rise edge)        0.000     0.000 r  
                                                      0.000     0.000 r  tck (IN)
                         net (fo=1343, unset)         0.036     0.036    rx/tck
    SLICE_X64Y411        FDRE                                         r  rx/sr_reg[114]/C
  -------------------------------------------------------------------    -------------------
    SLICE_X64Y411        FDRE (Prop_EFF_SLICEL_C_Q)
                                                      0.096     0.132 f  rx/sr_reg[114]/Q
                         net (fo=4, routed)           0.581     0.713    rx/p_0_in[113]
    SLICE_X61Y403        LUT4 (Prop_F6LUT_SLICEM_I1_O)
                                                      0.113     0.826 f  rx/nwords[15]_i_10/O
                         net (fo=1, routed)           0.061     0.887    rx/nwords[15]_i_10_n_0
    SLICE_X61Y403        LUT6 (Prop_H6LUT_SLICEM_I1_O)
                                                      0.151     1.038 f  rx/nwords[15]_i_4/O
                         net (fo=1, routed)           0.190     1.228    rx/nwords[15]_i_4_n_0
    SLICE_X61Y405        LUT5 (Prop_C6LUT_SLICEM_I0_O)
                                                      0.038     1.266 r  rx/nwords[15]_i_2/O
                         net (fo=4, routed)           0.496     1.762    rx/wv016_out
    SLICE_X64Y414        LUT6 (Prop_H6LUT_SLICEL_I0_O)
                                                      0.179     1.941 r  rx/wd[257]_i_1/O
                         net (fo=260, routed)         0.389     2.330    rx/wd[257]_i_1_n_0
    SLICE_X64Y408        LUT2 (Prop_E6LUT_SLICEL_I1_O)
                                                      0.176     2.506 r  rx/wd[255]_i_1/O
                         net (fo=224, routed)         1.540     4.047    rx/wd[255]_i_1_n_0
    SLICE_X58Y403        FDRE                                         r  rx/wd_reg[69]/R
  -------------------------------------------------------------------    -------------------

                         (clock tck rise edge)       37.037    37.037 r  
                                                      0.000    37.037 r  tck (IN)
                         net (fo=1343, unset)         0.024    37.061    rx/tck
    SLICE_X58Y403        FDRE                                         r  rx/wd_reg[69]/C
                         clock pessimism              0.000    37.061    
                         clock uncertainty           -0.035    37.026    
    SLICE_X58Y403        FDRE (Setup_CFF2_SLICEL_C_R)
                                                     -0.072    36.954    rx/wd_reg[69]
  -------------------------------------------------------------------
                         required time                         36.954    
                         arrival time                          -4.047    
  -------------------------------------------------------------------
                         slack                                 32.907    

Slack (MET) :             32.907ns  (required time - arrival time)
  Source:                 rx/sr_reg[114]/C
                            (rising edge-triggered cell FDRE clocked by tck  {rise@0.000ns fall@18.518ns period=37.037ns})
  Destination:            rx/wd_reg[70]/R
                            (rising edge-triggered cell FDRE clocked by tck  {rise@0.000ns fall@18.518ns period=37.037ns})
  Path Group:             tck
  Path Type:              Setup (Max at Slow Process Corner)
  Requirement:            37.037ns  (tck rise@37.037ns - tck rise@0.000ns)
  Data Path Delay:        4.011ns  (logic 0.753ns (18.775%)  route 3.258ns (81.225%))
  Logic Levels:           5  (LUT2=1 LUT4=1 LUT5=1 LUT6=2)
  Clock Path Skew:        -0.012ns (DCD - SCD + CPR)
    Destination Clock Delay (DCD):    0.024ns = ( 37.061 - 37.037 ) 
    Source Clock Delay      (SCD):    0.036ns
    Clock Pessimism Removal (CPR):    0.000ns
  Clock Uncertainty:      0.035ns  ((TSJ^2 + TIJ^2)^1/2 + DJ) / 2 + PE
    Total System Jitter     (TSJ):    0.071ns
    Total Input Jitter      (TIJ):    0.000ns
    Discrete Jitter          (DJ):    0.000ns
    Phase Error              (PE):    0.000ns

    Location             Delay type                Incr(ns)  Path(ns)    Netlist Resource(s)
  -------------------------------------------------------------------    -------------------
                         (clock tck rise edge)        0.000     0.000 r  
                                                      0.000     0.000 r  tck (IN)
                         net (fo=1343, unset)         0.036     0.036    rx/tck
    SLICE_X64Y411        FDRE                                         r  rx/sr_reg[114]/C
  -------------------------------------------------------------------    -------------------
    SLICE_X64Y411        FDRE (Prop_EFF_SLICEL_C_Q)
                                                      0.096     0.132 f  rx/sr_reg[114]/Q
                         net (fo=4, routed)           0.581     0.713    rx/p_0_in[113]
    SLICE_X61Y403        LUT4 (Prop_F6LUT_SLICEM_I1_O)
                                                      0.113     0.826 f  rx/nwords[15]_i_10/O
                         net (fo=1, routed)           0.061     0.887    rx/nwords[15]_i_10_n_0
    SLICE_X61Y403        LUT6 (Prop_H6LUT_SLICEM_I1_O)
                                                      0.151     1.038 f  rx/nwords[15]_i_4/O
                         net (fo=1, routed)           0.190     1.228    rx/nwords[15]_i_4_n_0
    SLICE_X61Y405        LUT5 (Prop_C6LUT_SLICEM_I0_O)
                                                      0.038     1.266 r  rx/nwords[15]_i_2/O
                         net (fo=4, routed)           0.496     1.762    rx/wv016_out
    SLICE_X64Y414        LUT6 (Prop_H6LUT_SLICEL_I0_O)
                                                      0.179     1.941 r  rx/wd[257]_i_1/O
                         net (fo=260, routed)         0.389     2.330    rx/wd[257]_i_1_n_0
    SLICE_X64Y408        LUT2 (Prop_E6LUT_SLICEL_I1_O)
                                                      0.176     2.506 r  rx/wd[255]_i_1/O
                         net (fo=224, routed)         1.540     4.047    rx/wd[255]_i_1_n_0
    SLICE_X58Y403        FDRE                                         r  rx/wd_reg[70]/R
  -------------------------------------------------------------------    -------------------

                         (clock tck rise edge)       37.037    37.037 r  
                                                      0.000    37.037 r  tck (IN)
                         net (fo=1343, unset)         0.024    37.061    rx/tck
    SLICE_X58Y403        FDRE                                         r  rx/wd_reg[70]/C
                         clock pessimism              0.000    37.061    
                         clock uncertainty           -0.035    37.026    
    SLICE_X58Y403        FDRE (Setup_DFF_SLICEL_C_R)
                                                     -0.072    36.954    rx/wd_reg[70]
  -------------------------------------------------------------------
                         required time                         36.954    
                         arrival time                          -4.047    
  -------------------------------------------------------------------
                         slack                                 32.907    

Slack (MET) :             33.017ns  (required time - arrival time)
  Source:                 rx/sr_reg[114]/C
                            (rising edge-triggered cell FDRE clocked by tck  {rise@0.000ns fall@18.518ns period=37.037ns})
  Destination:            rx/wd_reg[35]/R
                            (rising edge-triggered cell FDRE clocked by tck  {rise@0.000ns fall@18.518ns period=37.037ns})
  Path Group:             tck
  Path Type:              Setup (Max at Slow Process Corner)
  Requirement:            37.037ns  (tck rise@37.037ns - tck rise@0.000ns)
  Data Path Delay:        3.901ns  (logic 0.753ns (19.304%)  route 3.148ns (80.696%))
  Logic Levels:           5  (LUT2=1 LUT4=1 LUT5=1 LUT6=2)
  Clock Path Skew:        -0.012ns (DCD - SCD + CPR)
    Destination Clock Delay (DCD):    0.024ns = ( 37.061 - 37.037 ) 
    Source Clock Delay      (SCD):    0.036ns
    Clock Pessimism Removal (CPR):    0.000ns
  Clock Uncertainty:      0.035ns  ((TSJ^2 + TIJ^2)^1/2 + DJ) / 2 + PE
    Total System Jitter     (TSJ):    0.071ns
    Total Input Jitter      (TIJ):    0.000ns
    Discrete Jitter          (DJ):    0.000ns
    Phase Error              (PE):    0.000ns

    Location             Delay type                Incr(ns)  Path(ns)    Netlist Resource(s)
  -------------------------------------------------------------------    -------------------
                         (clock tck rise edge)        0.000     0.000 r  
                                                      0.000     0.000 r  tck (IN)
                         net (fo=1343, unset)         0.036     0.036    rx/tck
    SLICE_X64Y411        FDRE                                         r  rx/sr_reg[114]/C
  -------------------------------------------------------------------    -------------------
    SLICE_X64Y411        FDRE (Prop_EFF_SLICEL_C_Q)
                                                      0.096     0.132 f  rx/sr_reg[114]/Q
                         net (fo=4, routed)           0.581     0.713    rx/p_0_in[113]
    SLICE_X61Y403        LUT4 (Prop_F6LUT_SLICEM_I1_O)
                                                      0.113     0.826 f  rx/nwords[15]_i_10/O
                         net (fo=1, routed)           0.061     0.887    rx/nwords[15]_i_10_n_0
    SLICE_X61Y403        LUT6 (Prop_H6LUT_SLICEM_I1_O)
                                                      0.151     1.038 f  rx/nwords[15]_i_4/O
                         net (fo=1, routed)           0.190     1.228    rx/nwords[15]_i_4_n_0
    SLICE_X61Y405        LUT5 (Prop_C6LUT_SLICEM_I0_O)
                                                      0.038     1.266 r  rx/nwords[15]_i_2/O
                         net (fo=4, routed)           0.496     1.762    rx/wv016_out
    SLICE_X64Y414        LUT6 (Prop_H6LUT_SLICEL_I0_O)
                                                      0.179     1.941 r  rx/wd[257]_i_1/O
                         net (fo=260, routed)         0.389     2.330    rx/wd[257]_i_1_n_0
    SLICE_X64Y408        LUT2 (Prop_E6LUT_SLICEL_I1_O)
                                                      0.176     2.506 r  rx/wd[255]_i_1/O
                         net (fo=224, routed)         1.431     3.937    rx/wd[255]_i_1_n_0
    SLICE_X59Y403        FDRE                                         r  rx/wd_reg[35]/R
  -------------------------------------------------------------------    -------------------

                         (clock tck rise edge)       37.037    37.037 r  
                                                      0.000    37.037 r  tck (IN)
                         net (fo=1343, unset)         0.024    37.061    rx/tck
    SLICE_X59Y403        FDRE                                         r  rx/wd_reg[35]/C
                         clock pessimism              0.000    37.061    
                         clock uncertainty           -0.035    37.026    
    SLICE_X59Y403        FDRE (Setup_AFF_SLICEL_C_R)
                                                     -0.072    36.954    rx/wd_reg[35]
  -------------------------------------------------------------------
                         required time                         36.954    
                         arrival time                          -3.937    
  -------------------------------------------------------------------
                         slack                                 33.017    

Slack (MET) :             33.017ns  (required time - arrival time)
  Source:                 rx/sr_reg[114]/C
                            (rising edge-triggered cell FDRE clocked by tck  {rise@0.000ns fall@18.518ns period=37.037ns})
  Destination:            rx/wd_reg[37]/R
                            (rising edge-triggered cell FDRE clocked by tck  {rise@0.000ns fall@18.518ns period=37.037ns})
  Path Group:             tck
  Path Type:              Setup (Max at Slow Process Corner)
  Requirement:            37.037ns  (tck rise@37.037ns - tck rise@0.000ns)
  Data Path Delay:        3.901ns  (logic 0.753ns (19.304%)  route 3.148ns (80.696%))
  Logic Levels:           5  (LUT2=1 LUT4=1 LUT5=1 LUT6=2)
  Clock Path Skew:        -0.012ns (DCD - SCD + CPR)
    Destination Clock Delay (DCD):    0.024ns = ( 37.061 - 37.037 ) 
    Source Clock Delay      (SCD):    0.036ns
    Clock Pessimism Removal (CPR):    0.000ns
  Clock Uncertainty:      0.035ns  ((TSJ^2 + TIJ^2)^1/2 + DJ) / 2 + PE
    Total System Jitter     (TSJ):    0.071ns
    Total Input Jitter      (TIJ):    0.000ns
    Discrete Jitter          (DJ):    0.000ns
    Phase Error              (PE):    0.000ns

    Location             Delay type                Incr(ns)  Path(ns)    Netlist Resource(s)
  -------------------------------------------------------------------    -------------------
                         (clock tck rise edge)        0.000     0.000 r  
                                                      0.000     0.000 r  tck (IN)
                         net (fo=1343, unset)         0.036     0.036    rx/tck
    SLICE_X64Y411        FDRE                                         r  rx/sr_reg[114]/C
  -------------------------------------------------------------------    -------------------
    SLICE_X64Y411        FDRE (Prop_EFF_SLICEL_C_Q)
                                                      0.096     0.132 f  rx/sr_reg[114]/Q
                         net (fo=4, routed)           0.581     0.713    rx/p_0_in[113]
    SLICE_X61Y403        LUT4 (Prop_F6LUT_SLICEM_I1_O)
                                                      0.113     0.826 f  rx/nwords[15]_i_10/O
                         net (fo=1, routed)           0.061     0.887    rx/nwords[15]_i_10_n_0
    SLICE_X61Y403        LUT6 (Prop_H6LUT_SLICEM_I1_O)
                                                      0.151     1.038 f  rx/nwords[15]_i_4/O
                         net (fo=1, routed)           0.190     1.228    rx/nwords[15]_i_4_n_0
    SLICE_X61Y405        LUT5 (Prop_C6LUT_SLICEM_I0_O)
                                                      0.038     1.266 r  rx/nwords[15]_i_2/O
                         net (fo=4, routed)           0.496     1.762    rx/wv016_out
    SLICE_X64Y414        LUT6 (Prop_H6LUT_SLICEL_I0_O)
                                                      0.179     1.941 r  rx/wd[257]_i_1/O
                         net (fo=260, routed)         0.389     2.330    rx/wd[257]_i_1_n_0
    SLICE_X64Y408        LUT2 (Prop_E6LUT_SLICEL_I1_O)
                                                      0.176     2.506 r  rx/wd[255]_i_1/O
                         net (fo=224, routed)         1.431     3.937    rx/wd[255]_i_1_n_0
    SLICE_X59Y403        FDRE                                         r  rx/wd_reg[37]/R
  -------------------------------------------------------------------    -------------------

                         (clock tck rise edge)       37.037    37.037 r  
                                                      0.000    37.037 r  tck (IN)
                         net (fo=1343, unset)         0.024    37.061    rx/tck
    SLICE_X59Y403        FDRE                                         r  rx/wd_reg[37]/C
                         clock pessimism              0.000    37.061    
                         clock uncertainty           -0.035    37.026    
    SLICE_X59Y403        FDRE (Setup_AFF2_SLICEL_C_R)
                                                     -0.072    36.954    rx/wd_reg[37]
  -------------------------------------------------------------------
                         required time                         36.954    
                         arrival time                          -3.937    
  -------------------------------------------------------------------
                         slack                                 33.017    

Slack (MET) :             33.017ns  (required time - arrival time)
  Source:                 rx/sr_reg[114]/C
                            (rising edge-triggered cell FDRE clocked by tck  {rise@0.000ns fall@18.518ns period=37.037ns})
  Destination:            rx/wd_reg[39]/R
                            (rising edge-triggered cell FDRE clocked by tck  {rise@0.000ns fall@18.518ns period=37.037ns})
  Path Group:             tck
  Path Type:              Setup (Max at Slow Process Corner)
  Requirement:            37.037ns  (tck rise@37.037ns - tck rise@0.000ns)
  Data Path Delay:        3.901ns  (logic 0.753ns (19.304%)  route 3.148ns (80.696%))
  Logic Levels:           5  (LUT2=1 LUT4=1 LUT5=1 LUT6=2)
  Clock Path Skew:        -0.012ns (DCD - SCD + CPR)
    Destination Clock Delay (DCD):    0.024ns = ( 37.061 - 37.037 ) 
    Source Clock Delay      (SCD):    0.036ns
    Clock Pessimism Removal (CPR):    0.000ns
  Clock Uncertainty:      0.035ns  ((TSJ^2 + TIJ^2)^1/2 + DJ) / 2 + PE
    Total System Jitter     (TSJ):    0.071ns
    Total Input Jitter      (TIJ):    0.000ns
    Discrete Jitter          (DJ):    0.000ns
    Phase Error              (PE):    0.000ns

    Location             Delay type                Incr(ns)  Path(ns)    Netlist Resource(s)
  -------------------------------------------------------------------    -------------------
                         (clock tck rise edge)        0.000     0.000 r  
                                                      0.000     0.000 r  tck (IN)
                         net (fo=1343, unset)         0.036     0.036    rx/tck
    SLICE_X64Y411        FDRE                                         r  rx/sr_reg[114]/C
  -------------------------------------------------------------------    -------------------
    SLICE_X64Y411        FDRE (Prop_EFF_SLICEL_C_Q)
                                                      0.096     0.132 f  rx/sr_reg[114]/Q
                         net (fo=4, routed)           0.581     0.713    rx/p_0_in[113]
    SLICE_X61Y403        LUT4 (Prop_F6LUT_SLICEM_I1_O)
                                                      0.113     0.826 f  rx/nwords[15]_i_10/O
                         net (fo=1, routed)           0.061     0.887    rx/nwords[15]_i_10_n_0
    SLICE_X61Y403        LUT6 (Prop_H6LUT_SLICEM_I1_O)
                                                      0.151     1.038 f  rx/nwords[15]_i_4/O
                         net (fo=1, routed)           0.190     1.228    rx/nwords[15]_i_4_n_0
    SLICE_X61Y405        LUT5 (Prop_C6LUT_SLICEM_I0_O)
                                                      0.038     1.266 r  rx/nwords[15]_i_2/O
                         net (fo=4, routed)           0.496     1.762    rx/wv016_out
    SLICE_X64Y414        LUT6 (Prop_H6LUT_SLICEL_I0_O)
                                                      0.179     1.941 r  rx/wd[257]_i_1/O
                         net (fo=260, routed)         0.389     2.330    rx/wd[257]_i_1_n_0
    SLICE_X64Y408        LUT2 (Prop_E6LUT_SLICEL_I1_O)
                                                      0.176     2.506 r  rx/wd[255]_i_1/O
                         net (fo=224, routed)         1.431     3.937    rx/wd[255]_i_1_n_0
    SLICE_X59Y403        FDRE                                         r  rx/wd_reg[39]/R
  -------------------------------------------------------------------    -------------------

                         (clock tck rise edge)       37.037    37.037 r  
                                                      0.000    37.037 r  tck (IN)
                         net (fo=1343, unset)         0.024    37.061    rx/tck
    SLICE_X59Y403        FDRE                                         r  rx/wd_reg[39]/C
                         clock pessimism              0.000    37.061    
                         clock uncertainty           -0.035    37.026    
    SLICE_X59Y403        FDRE (Setup_BFF_SLICEL_C_R)
                                                     -0.072    36.954    rx/wd_reg[39]
  -------------------------------------------------------------------
                         required time                         36.954    
                         arrival time                          -3.937    
  -------------------------------------------------------------------
                         slack                                 33.017    

Slack (MET) :             33.017ns  (required time - arrival time)
  Source:                 rx/sr_reg[114]/C
                            (rising edge-triggered cell FDRE clocked by tck  {rise@0.000ns fall@18.518ns period=37.037ns})
  Destination:            rx/wd_reg[42]/R
                            (rising edge-triggered cell FDRE clocked by tck  {rise@0.000ns fall@18.518ns period=37.037ns})
  Path Group:             tck
  Path Type:              Setup (Max at Slow Process Corner)
  Requirement:            37.037ns  (tck rise@37.037ns - tck rise@0.000ns)
  Data Path Delay:        3.901ns  (logic 0.753ns (19.304%)  route 3.148ns (80.696%))
  Logic Levels:           5  (LUT2=1 LUT4=1 LUT5=1 LUT6=2)
  Clock Path Skew:        -0.012ns (DCD - SCD + CPR)
    Destination Clock Delay (DCD):    0.024ns = ( 37.061 - 37.037 ) 
    Source Clock Delay      (SCD):    0.036ns
    Clock Pessimism Removal (CPR):    0.000ns
  Clock Uncertainty:      0.035ns  ((TSJ^2 + TIJ^2)^1/2 + DJ) / 2 + PE
    Total System Jitter     (TSJ):    0.071ns
    Total Input Jitter      (TIJ):    0.000ns
    Discrete Jitter          (DJ):    0.000ns
    Phase Error              (PE):    0.000ns

    Location             Delay type                Incr(ns)  Path(ns)    Netlist Resource(s)
  -------------------------------------------------------------------    -------------------
                         (clock tck rise edge)        0.000     0.000 r  
                                                      0.000     0.000 r  tck (IN)
                         net (fo=1343, unset)         0.036     0.036    rx/tck
    SLICE_X64Y411        FDRE                                         r  rx/sr_reg[114]/C
  -------------------------------------------------------------------    -------------------
    SLICE_X64Y411        FDRE (Prop_EFF_SLICEL_C_Q)
                                                      0.096     0.132 f  rx/sr_reg[114]/Q
                         net (fo=4, routed)           0.581     0.713    rx/p_0_in[113]
    SLICE_X61Y403        LUT4 (Prop_F6LUT_SLICEM_I1_O)
                                                      0.113     0.826 f  rx/nwords[15]_i_10/O
                         net (fo=1, routed)           0.061     0.887    rx/nwords[15]_i_10_n_0
    SLICE_X61Y403        LUT6 (Prop_H6LUT_SLICEM_I1_O)
                                                      0.151     1.038 f  rx/nwords[15]_i_4/O
                         net (fo=1, routed)           0.190     1.228    rx/nwords[15]_i_4_n_0
    SLICE_X61Y405        LUT5 (Prop_C6LUT_SLICEM_I0_O)
                                                      0.038     1.266 r  rx/nwords[15]_i_2/O
                         net (fo=4, routed)           0.496     1.762    rx/wv016_out
    SLICE_X64Y414        LUT6 (Prop_H6LUT_SLICEL_I0_O)
                                                      0.179     1.941 r  rx/wd[257]_i_1/O
                         net (fo=260, routed)         0.389     2.330    rx/wd[257]_i_1_n_0
    SLICE_X64Y408        LUT2 (Prop_E6LUT_SLICEL_I1_O)
                                                      0.176     2.506 r  rx/wd[255]_i_1/O
                         net (fo=224, routed)         1.431     3.937    rx/wd[255]_i_1_n_0
    SLICE_X59Y403        FDRE                                         r  rx/wd_reg[42]/R
  -------------------------------------------------------------------    -------------------

                         (clock tck rise edge)       37.037    37.037 r  
                                                      0.000    37.037 r  tck (IN)
                         net (fo=1343, unset)         0.024    37.061    rx/tck
    SLICE_X59Y403        FDRE                                         r  rx/wd_reg[42]/C
                         clock pessimism              0.000    37.061    
                         clock uncertainty           -0.035    37.026    
    SLICE_X59Y403        FDRE (Setup_BFF2_SLICEL_C_R)
                                                     -0.072    36.954    rx/wd_reg[42]
  -------------------------------------------------------------------
                         required time                         36.954    
                         arrival time                          -3.937    
  -------------------------------------------------------------------
                         slack                                 33.017    

Slack (MET) :             33.017ns  (required time - arrival time)
  Source:                 rx/sr_reg[114]/C
                            (rising edge-triggered cell FDRE clocked by tck  {rise@0.000ns fall@18.518ns period=37.037ns})
  Destination:            rx/wd_reg[51]/R
                            (rising edge-triggered cell FDRE clocked by tck  {rise@0.000ns fall@18.518ns period=37.037ns})
  Path Group:             tck
  Path Type:              Setup (Max at Slow Process Corner)
  Requirement:            37.037ns  (tck rise@37.037ns - tck rise@0.000ns)
  Data Path Delay:        3.901ns  (logic 0.753ns (19.304%)  route 3.148ns (80.696%))
  Logic Levels:           5  (LUT2=1 LUT4=1 LUT5=1 LUT6=2)
  Clock Path Skew:        -0.012ns (DCD - SCD + CPR)
    Destination Clock Delay (DCD):    0.024ns = ( 37.061 - 37.037 ) 
    Source Clock Delay      (SCD):    0.036ns
    Clock Pessimism Removal (CPR):    0.000ns
  Clock Uncertainty:      0.035ns  ((TSJ^2 + TIJ^2)^1/2 + DJ) / 2 + PE
    Total System Jitter     (TSJ):    0.071ns
    Total Input Jitter      (TIJ):    0.000ns
    Discrete Jitter          (DJ):    0.000ns
    Phase Error              (PE):    0.000ns

    Location             Delay type                Incr(ns)  Path(ns)    Netlist Resource(s)
  -------------------------------------------------------------------    -------------------
                         (clock tck rise edge)        0.000     0.000 r  
                                                      0.000     0.000 r  tck (IN)
                         net (fo=1343, unset)         0.036     0.036    rx/tck
    SLICE_X64Y411        FDRE                                         r  rx/sr_reg[114]/C
  -------------------------------------------------------------------    -------------------
    SLICE_X64Y411        FDRE (Prop_EFF_SLICEL_C_Q)
                                                      0.096     0.132 f  rx/sr_reg[114]/Q
                         net (fo=4, routed)           0.581     0.713    rx/p_0_in[113]
    SLICE_X61Y403        LUT4 (Prop_F6LUT_SLICEM_I1_O)
                                                      0.113     0.826 f  rx/nwords[15]_i_10/O
                         net (fo=1, routed)           0.061     0.887    rx/nwords[15]_i_10_n_0
    SLICE_X61Y403        LUT6 (Prop_H6LUT_SLICEM_I1_O)
                                                      0.151     1.038 f  rx/nwords[15]_i_4/O
                         net (fo=1, routed)           0.190     1.228    rx/nwords[15]_i_4_n_0
    SLICE_X61Y405        LUT5 (Prop_C6LUT_SLICEM_I0_O)
                                                      0.038     1.266 r  rx/nwords[15]_i_2/O
                         net (fo=4, routed)           0.496     1.762    rx/wv016_out
    SLICE_X64Y414        LUT6 (Prop_H6LUT_SLICEL_I0_O)
                                                      0.179     1.941 r  rx/wd[257]_i_1/O
                         net (fo=260, routed)         0.389     2.330    rx/wd[257]_i_1_n_0
    SLICE_X64Y408        LUT2 (Prop_E6LUT_SLICEL_I1_O)
                                                      0.176     2.506 r  rx/wd[255]_i_1/O
                         net (fo=224, routed)         1.431     3.937    rx/wd[255]_i_1_n_0
    SLICE_X59Y403        FDRE                                         r  rx/wd_reg[51]/R
  -------------------------------------------------------------------    -------------------

                         (clock tck rise edge)       37.037    37.037 r  
                                                      0.000    37.037 r  tck (IN)
                         net (fo=1343, unset)         0.024    37.061    rx/tck
    SLICE_X59Y403        FDRE                                         r  rx/wd_reg[51]/C
                         clock pessimism              0.000    37.061    
                         clock uncertainty           -0.035    37.026    
    SLICE_X59Y403        FDRE (Setup_CFF_SLICEL_C_R)
                                                     -0.072    36.954    rx/wd_reg[51]
  -------------------------------------------------------------------
                         required time                         36.954    
                         arrival time                          -3.937    
  -------------------------------------------------------------------
                         slack                                 33.017    





Min Delay Paths
--------------------------------------------------------------------------------------
Slack (MET) :             0.030ns  (arrival time - required time)
  Source:                 rx/sr_reg[109]/C
                            (rising edge-triggered cell FDRE clocked by tck  {rise@0.000ns fall@18.518ns period=37.037ns})
  Destination:            rx/sr_reg[108]/D
                            (rising edge-triggered cell FDRE clocked by tck  {rise@0.000ns fall@18.518ns period=37.037ns})
  Path Group:             tck
  Path Type:              Hold (Min at Fast Process Corner)
  Requirement:            0.000ns  (tck rise@0.000ns - tck rise@0.000ns)
  Data Path Delay:        0.082ns  (logic 0.039ns (47.746%)  route 0.043ns (52.254%))
  Logic Levels:           0  
  Clock Path Skew:        0.006ns (DCD - SCD - CPR)
    Destination Clock Delay (DCD):    0.018ns
    Source Clock Delay      (SCD):    0.012ns
    Clock Pessimism Removal (CPR):    -0.000ns

    Location             Delay type                Incr(ns)  Path(ns)    Netlist Resource(s)
  -------------------------------------------------------------------    -------------------
                         (clock tck rise edge)        0.000     0.000 r  
                                                      0.000     0.000 r  tck (IN)
                         net (fo=1343, unset)         0.012     0.012    rx/tck
    SLICE_X64Y412        FDRE                                         r  rx/sr_reg[109]/C
  -------------------------------------------------------------------    -------------------
    SLICE_X64Y412        FDRE (Prop_CFF_SLICEL_C_Q)
                                                      0.039     0.051 r  rx/sr_reg[109]/Q
                         net (fo=4, routed)           0.043     0.094    rx/p_0_in[108]
    SLICE_X64Y412        FDRE                                         r  rx/sr_reg[108]/D
  -------------------------------------------------------------------    -------------------

                         (clock tck rise edge)        0.000     0.000 r  
                                                      0.000     0.000 r  tck (IN)
                         net (fo=1343, unset)         0.018     0.018    rx/tck
    SLICE_X64Y412        FDRE                                         r  rx/sr_reg[108]/C
                         clock pessimism              0.000     0.018    
    SLICE_X64Y412        FDRE (Hold_DFF_SLICEL_C_D)
                                                      0.046     0.064    rx/sr_reg[108]
  -------------------------------------------------------------------
                         required time                         -0.064    
                         arrival time                           0.094    
  -------------------------------------------------------------------
                         slack                                  0.030    

Slack (MET) :             0.037ns  (arrival time - required time)
  Source:                 rx/sr_reg[105]/C
                            (rising edge-triggered cell FDRE clocked by tck  {rise@0.000ns fall@18.518ns period=37.037ns})
  Destination:            rx/sr_reg[104]/D
                            (rising edge-triggered cell FDRE clocked by tck  {rise@0.000ns fall@18.518ns period=37.037ns})
  Path Group:             tck
  Path Type:              Hold (Min at Fast Process Corner)
  Requirement:            0.000ns  (tck rise@0.000ns - tck rise@0.000ns)
  Data Path Delay:        0.088ns  (logic 0.039ns (44.135%)  route 0.049ns (55.865%))
  Logic Levels:           0  
  Clock Path Skew:        0.005ns (DCD - SCD - CPR)
    Destination Clock Delay (DCD):    0.018ns
    Source Clock Delay      (SCD):    0.013ns
    Clock Pessimism Removal (CPR):    -0.000ns

    Location             Delay type                Incr(ns)  Path(ns)    Netlist Resource(s)
  -------------------------------------------------------------------    -------------------
                         (clock tck rise edge)        0.000     0.000 r  
                                                      0.000     0.000 r  tck (IN)
                         net (fo=1343, unset)         0.013     0.013    rx/tck
    SLICE_X64Y413        FDRE                                         r  rx/sr_reg[105]/C
  -------------------------------------------------------------------    -------------------
    SLICE_X64Y413        FDRE (Prop_EFF_SLICEL_C_Q)
                                                      0.039     0.052 r  rx/sr_reg[105]/Q
                         net (fo=4, routed)           0.049     0.101    rx/p_0_in[104]
    SLICE_X64Y414        FDRE                                         r  rx/sr_reg[104]/D
  -------------------------------------------------------------------    -------------------

                         (clock tck rise edge)        0.000     0.000 r  
                                                      0.000     0.000 r  tck (IN)
                         net (fo=1343, unset)         0.018     0.018    rx/tck
    SLICE_X64Y414        FDRE                                         r  rx/sr_reg[104]/C
                         clock pessimism              0.000     0.018    
    SLICE_X64Y414        FDRE (Hold_CFF_SLICEL_C_D)
                                                      0.046     0.064    rx/sr_reg[104]
  -------------------------------------------------------------------
                         required time                         -0.064    
                         arrival time                           0.101    
  -------------------------------------------------------------------
                         slack                                  0.037    

Slack (MET) :             0.044ns  (arrival time - required time)
  Source:                 rx/sr_reg[196]/C
                            (rising edge-triggered cell FDRE clocked by tck  {rise@0.000ns fall@18.518ns period=37.037ns})
  Destination:            rx/wd_reg[195]/D
                            (rising edge-triggered cell FDRE clocked by tck  {rise@0.000ns fall@18.518ns period=37.037ns})
  Path Group:             tck
  Path Type:              Hold (Min at Fast Process Corner)
  Requirement:            0.000ns  (tck rise@0.000ns - tck rise@0.000ns)
  Data Path Delay:        0.098ns  (logic 0.040ns (40.632%)  route 0.058ns (59.368%))
  Logic Levels:           0  
  Clock Path Skew:        0.007ns (DCD - SCD - CPR)
    Destination Clock Delay (DCD):    0.019ns
    Source Clock Delay      (SCD):    0.012ns
    Clock Pessimism Removal (CPR):    -0.000ns

    Location             Delay type                Incr(ns)  Path(ns)    Netlist Resource(s)
  -------------------------------------------------------------------    -------------------
                         (clock tck rise edge)        0.000     0.000 r  
                                                      0.000     0.000 r  tck (IN)
                         net (fo=1343, unset)         0.012     0.012    rx/tck
    SLICE_X62Y417        FDRE                                         r  rx/sr_reg[196]/C
  -------------------------------------------------------------------    -------------------
    SLICE_X62Y417        FDRE (Prop_BFF2_SLICEL_C_Q)
                                                      0.040     0.052 r  rx/sr_reg[196]/Q
                         net (fo=2, routed)           0.058     0.110    rx/sr_reg_n_0_[196]
    SLICE_X62Y418        FDRE                                         r  rx/wd_reg[195]/D
  -------------------------------------------------------------------    -------------------

                         (clock tck rise edge)        0.000     0.000 r  
                                                      0.000     0.000 r  tck (IN)
                         net (fo=1343, unset)         0.019     0.019    rx/tck
    SLICE_X62Y418        FDRE                                         r  rx/wd_reg[195]/C
                         clock pessimism              0.000     0.019    
    SLICE_X62Y418        FDRE (Hold_GFF2_SLICEL_C_D)
                                                      0.047     0.066    rx/wd_reg[195]
  -------------------------------------------------------------------
                         required time                         -0.066    
                         arrival time                           0.110    
  -------------------------------------------------------------------
                         slack                                  0.044    

Slack (MET) :             0.045ns  (arrival time - required time)
  Source:                 rx/wd_reg[51]/C
                            (rising edge-triggered cell FDRE clocked by tck  {rise@0.000ns fall@18.518ns period=37.037ns})
  Destination:            fifo/mem_reg_0/DINBDIN[19]
                            (rising edge-triggered cell RAMB36E2 clocked by tck  {rise@0.000ns fall@18.518ns period=37.037ns})
  Path Group:             tck
  Path Type:              Hold (Min at Fast Process Corner)
  Requirement:            0.000ns  (tck rise@0.000ns - tck rise@0.000ns)
  Data Path Delay:        0.082ns  (logic 0.039ns (47.561%)  route 0.043ns (52.439%))
  Logic Levels:           0  
  Clock Path Skew:        0.042ns (DCD - SCD - CPR)
    Destination Clock Delay (DCD):    0.054ns
    Source Clock Delay      (SCD):    0.012ns
    Clock Pessimism Removal (CPR):    -0.000ns

    Location             Delay type                Incr(ns)  Path(ns)    Netlist Resource(s)
  -------------------------------------------------------------------    -------------------
                         (clock tck rise edge)        0.000     0.000 r  
                                                      0.000     0.000 r  tck (IN)
                         net (fo=1343, unset)         0.012     0.012    rx/tck
    SLICE_X59Y403        FDRE                                         r  rx/wd_reg[51]/C
  -------------------------------------------------------------------    -------------------
    SLICE_X59Y403        FDRE (Prop_CFF_SLICEL_C_Q)
                                                      0.039     0.051 r  rx/wd_reg[51]/Q
                         net (fo=1, routed)           0.043     0.094    fifo/w_data[51]
    RAMB36_X4Y80         RAMB36E2                                     r  fifo/mem_reg_0/DINBDIN[19]
  -------------------------------------------------------------------    -------------------

                         (clock tck rise edge)        0.000     0.000 r  
                                                      0.000     0.000 r  tck (IN)
                         net (fo=1343, unset)         0.054     0.054    fifo/tck
    RAMB36_X4Y80         RAMB36E2                                     r  fifo/mem_reg_0/CLKBWRCLK
                         clock pessimism              0.000     0.054    
    RAMB36_X4Y80         RAMB36E2 (Hold_RAMB36E2_RAMB36_CLKBWRCLK_DINBDIN[19])
                                                     -0.005     0.049    fifo/mem_reg_0
  -------------------------------------------------------------------
                         required time                         -0.049    
                         arrival time                           0.094    
  -------------------------------------------------------------------
                         slack                                  0.045    

Slack (MET) :             0.045ns  (arrival time - required time)
  Source:                 rx/sr_reg[104]/C
                            (rising edge-triggered cell FDRE clocked by tck  {rise@0.000ns fall@18.518ns period=37.037ns})
  Destination:            rx/wd_reg[103]/D
                            (rising edge-triggered cell FDRE clocked by tck  {rise@0.000ns fall@18.518ns period=37.037ns})
  Path Group:             tck
  Path Type:              Hold (Min at Fast Process Corner)
  Requirement:            0.000ns  (tck rise@0.000ns - tck rise@0.000ns)
  Data Path Delay:        0.099ns  (logic 0.039ns (39.218%)  route 0.060ns (60.782%))
  Logic Levels:           0  
  Clock Path Skew:        0.007ns (DCD - SCD - CPR)
    Destination Clock Delay (DCD):    0.019ns
    Source Clock Delay      (SCD):    0.012ns
    Clock Pessimism Removal (CPR):    -0.000ns

    Location             Delay type                Incr(ns)  Path(ns)    Netlist Resource(s)
  -------------------------------------------------------------------    -------------------
                         (clock tck rise edge)        0.000     0.000 r  
                                                      0.000     0.000 r  tck (IN)
                         net (fo=1343, unset)         0.012     0.012    rx/tck
    SLICE_X64Y414        FDRE                                         r  rx/sr_reg[104]/C
  -------------------------------------------------------------------    -------------------
    SLICE_X64Y414        FDRE (Prop_CFF_SLICEL_C_Q)
                                                      0.039     0.051 r  rx/sr_reg[104]/Q
                         net (fo=2, routed)           0.060     0.111    rx/sr_reg_n_0_[104]
    SLICE_X64Y414        FDRE                                         r  rx/wd_reg[103]/D
  -------------------------------------------------------------------    -------------------

                         (clock tck rise edge)        0.000     0.000 r  
                                                      0.000     0.000 r  tck (IN)
                         net (fo=1343, unset)         0.019     0.019    rx/tck
    SLICE_X64Y414        FDRE                                         r  rx/wd_reg[103]/C
                         clock pessimism              0.000     0.019    
    SLICE_X64Y414        FDRE (Hold_FFF2_SLICEL_C_D)
                                                      0.047     0.066    rx/wd_reg[103]
  -------------------------------------------------------------------
                         required time                         -0.066    
                         arrival time                           0.111    
  -------------------------------------------------------------------
                         slack                                  0.045    

Slack (MET) :             0.045ns  (arrival time - required time)
  Source:                 rx/sr_reg[132]/C
                            (rising edge-triggered cell FDRE clocked by tck  {rise@0.000ns fall@18.518ns period=37.037ns})
  Destination:            rx/wd_reg[131]/D
                            (rising edge-triggered cell FDRE clocked by tck  {rise@0.000ns fall@18.518ns period=37.037ns})
  Path Group:             tck
  Path Type:              Hold (Min at Fast Process Corner)
  Requirement:            0.000ns  (tck rise@0.000ns - tck rise@0.000ns)
  Data Path Delay:        0.099ns  (logic 0.039ns (39.218%)  route 0.060ns (60.782%))
  Logic Levels:           0  
  Clock Path Skew:        0.007ns (DCD - SCD - CPR)
    Destination Clock Delay (DCD):    0.019ns
    Source Clock Delay      (SCD):    0.012ns
    Clock Pessimism Removal (CPR):    -0.000ns

    Location             Delay type                Incr(ns)  Path(ns)    Netlist Resource(s)
  -------------------------------------------------------------------    -------------------
                         (clock tck rise edge)        0.000     0.000 r  
                                                      0.000     0.000 r  tck (IN)
                         net (fo=1343, unset)         0.012     0.012    rx/tck
    SLICE_X64Y415        FDRE                                         r  rx/sr_reg[132]/C
  -------------------------------------------------------------------    -------------------
    SLICE_X64Y415        FDRE (Prop_CFF_SLICEL_C_Q)
                                                      0.039     0.051 r  rx/sr_reg[132]/Q
                         net (fo=2, routed)           0.060     0.111    rx/sr_reg_n_0_[132]
    SLICE_X64Y415        FDRE                                         r  rx/wd_reg[131]/D
  -------------------------------------------------------------------    -------------------

                         (clock tck rise edge)        0.000     0.000 r  
                                                      0.000     0.000 r  tck (IN)
                         net (fo=1343, unset)         0.019     0.019    rx/tck
    SLICE_X64Y415        FDRE                                         r  rx/wd_reg[131]/C
                         clock pessimism              0.000     0.019    
    SLICE_X64Y415        FDRE (Hold_FFF2_SLICEL_C_D)
                                                      0.047     0.066    rx/wd_reg[131]
  -------------------------------------------------------------------
                         required time                         -0.066    
                         arrival time                           0.111    
  -------------------------------------------------------------------
                         slack                                  0.045    

Slack (MET) :             0.045ns  (arrival time - required time)
  Source:                 rx/sr_reg[231]/C
                            (rising edge-triggered cell FDRE clocked by tck  {rise@0.000ns fall@18.518ns period=37.037ns})
  Destination:            rx/wd_reg[230]/D
                            (rising edge-triggered cell FDRE clocked by tck  {rise@0.000ns fall@18.518ns period=37.037ns})
  Path Group:             tck
  Path Type:              Hold (Min at Fast Process Corner)
  Requirement:            0.000ns  (tck rise@0.000ns - tck rise@0.000ns)
  Data Path Delay:        0.099ns  (logic 0.039ns (39.218%)  route 0.060ns (60.782%))
  Logic Levels:           0  
  Clock Path Skew:        0.007ns (DCD - SCD - CPR)
    Destination Clock Delay (DCD):    0.019ns
    Source Clock Delay      (SCD):    0.012ns
    Clock Pessimism Removal (CPR):    -0.000ns

    Location             Delay type                Incr(ns)  Path(ns)    Netlist Resource(s)
  -------------------------------------------------------------------    -------------------
                         (clock tck rise edge)        0.000     0.000 r  
                                                      0.000     0.000 r  tck (IN)
                         net (fo=1343, unset)         0.012     0.012    rx/tck
    SLICE_X55Y409        FDRE                                         r  rx/sr_reg[231]/C
  -------------------------------------------------------------------    -------------------
    SLICE_X55Y409        FDRE (Prop_CFF_SLICEL_C_Q)
                                                      0.039     0.051 r  rx/sr_reg[231]/Q
                         net (fo=2, routed)           0.060     0.111    rx/sr_reg_n_0_[231]
    SLICE_X55Y409        FDRE                                         r  rx/wd_reg[230]/D
  -------------------------------------------------------------------    -------------------

                         (clock tck rise edge)        0.000     0.000 r  
                                                      0.000     0.000 r  tck (IN)
                         net (fo=1343, unset)         0.019     0.019    rx/tck
    SLICE_X55Y409        FDRE                                         r  rx/wd_reg[230]/C
                         clock pessimism              0.000     0.019    
    SLICE_X55Y409        FDRE (Hold_FFF2_SLICEL_C_D)
                                                      0.047     0.066    rx/wd_reg[230]
  -------------------------------------------------------------------
                         required time                         -0.066    
                         arrival time                           0.111    
  -------------------------------------------------------------------
                         slack                                  0.045    

Slack (MET) :             0.045ns  (arrival time - required time)
  Source:                 rx/sr_reg[247]/C
                            (rising edge-triggered cell FDRE clocked by tck  {rise@0.000ns fall@18.518ns period=37.037ns})
  Destination:            rx/wd_reg[246]/D
                            (rising edge-triggered cell FDRE clocked by tck  {rise@0.000ns fall@18.518ns period=37.037ns})
  Path Group:             tck
  Path Type:              Hold (Min at Fast Process Corner)
  Requirement:            0.000ns  (tck rise@0.000ns - tck rise@0.000ns)
  Data Path Delay:        0.099ns  (logic 0.039ns (39.218%)  route 0.060ns (60.782%))
  Logic Levels:           0  
  Clock Path Skew:        0.007ns (DCD - SCD - CPR)
    Destination Clock Delay (DCD):    0.019ns
    Source Clock Delay      (SCD):    0.012ns
    Clock Pessimism Removal (CPR):    -0.000ns

    Location             Delay type                Incr(ns)  Path(ns)    Netlist Resource(s)
  -------------------------------------------------------------------    -------------------
                         (clock tck rise edge)        0.000     0.000 r  
                                                      0.000     0.000 r  tck (IN)
                         net (fo=1343, unset)         0.012     0.012    rx/tck
    SLICE_X55Y408        FDRE                                         r  rx/sr_reg[247]/C
  -------------------------------------------------------------------    -------------------
    SLICE_X55Y408        FDRE (Prop_CFF_SLICEL_C_Q)
                                                      0.039     0.051 r  rx/sr_reg[247]/Q
                         net (fo=2, routed)           0.060     0.111    rx/sr_reg_n_0_[247]
    SLICE_X55Y408        FDRE                                         r  rx/wd_reg[246]/D
  -------------------------------------------------------------------    -------------------

                         (clock tck rise edge)        0.000     0.000 r  
                                                      0.000     0.000 r  tck (IN)
                         net (fo=1343, unset)         0.019     0.019    rx/tck
    SLICE_X55Y408        FDRE                                         r  rx/wd_reg[246]/C
                         clock pessimism              0.000     0.019    
    SLICE_X55Y408        FDRE (Hold_FFF2_SLICEL_C_D)
                                                      0.047     0.066    rx/wd_reg[246]
  -------------------------------------------------------------------
                         required time                         -0.066    
                         arrival time                           0.111    
  -------------------------------------------------------------------
                         slack                                  0.045    

Slack (MET) :             0.045ns  (arrival time - required time)
  Source:                 rx/sr_reg[84]/C
                            (rising edge-triggered cell FDRE clocked by tck  {rise@0.000ns fall@18.518ns period=37.037ns})
  Destination:            rx/wd_reg[83]/D
                            (rising edge-triggered cell FDRE clocked by tck  {rise@0.000ns fall@18.518ns period=37.037ns})
  Path Group:             tck
  Path Type:              Hold (Min at Fast Process Corner)
  Requirement:            0.000ns  (tck rise@0.000ns - tck rise@0.000ns)
  Data Path Delay:        0.099ns  (logic 0.039ns (39.218%)  route 0.060ns (60.782%))
  Logic Levels:           0  
  Clock Path Skew:        0.007ns (DCD - SCD - CPR)
    Destination Clock Delay (DCD):    0.019ns
    Source Clock Delay      (SCD):    0.012ns
    Clock Pessimism Removal (CPR):    -0.000ns

    Location             Delay type                Incr(ns)  Path(ns)    Netlist Resource(s)
  -------------------------------------------------------------------    -------------------
                         (clock tck rise edge)        0.000     0.000 r  
                                                      0.000     0.000 r  tck (IN)
                         net (fo=1343, unset)         0.012     0.012    rx/tck
    SLICE_X64Y417        FDRE                                         r  rx/sr_reg[84]/C
  -------------------------------------------------------------------    -------------------
    SLICE_X64Y417        FDRE (Prop_CFF_SLICEL_C_Q)
                                                      0.039     0.051 r  rx/sr_reg[84]/Q
                         net (fo=2, routed)           0.060     0.111    rx/sr_reg_n_0_[84]
    SLICE_X64Y417        FDRE                                         r  rx/wd_reg[83]/D
  -------------------------------------------------------------------    -------------------

                         (clock tck rise edge)        0.000     0.000 r  
                                                      0.000     0.000 r  tck (IN)
                         net (fo=1343, unset)         0.019     0.019    rx/tck
    SLICE_X64Y417        FDRE                                         r  rx/wd_reg[83]/C
                         clock pessimism              0.000     0.019    
    SLICE_X64Y417        FDRE (Hold_FFF2_SLICEL_C_D)
                                                      0.047     0.066    rx/wd_reg[83]
  -------------------------------------------------------------------
                         required time                         -0.066    
                         arrival time                           0.111    
  -------------------------------------------------------------------
                         slack                                  0.045    

Slack (MET) :             0.046ns  (arrival time - required time)
  Source:                 rx/crc_reg[23]/C
                            (rising edge-triggered cell FDSE clocked by tck  {rise@0.000ns fall@18.518ns period=37.037ns})
  Destination:            rx/crc_reg[22]/D
                            (rising edge-triggered cell FDSE clocked by tck  {rise@0.000ns fall@18.518ns period=37.037ns})
  Path Group:             tck
  Path Type:              Hold (Min at Fast Process Corner)
  Requirement:            0.000ns  (tck rise@0.000ns - tck rise@0.000ns)
  Data Path Delay:        0.100ns  (logic 0.039ns (39.124%)  route 0.061ns (60.876%))
  Logic Levels:           0  
  Clock Path Skew:        0.007ns (DCD - SCD - CPR)
    Destination Clock Delay (DCD):    0.019ns
    Source Clock Delay      (SCD):    0.012ns
    Clock Pessimism Removal (CPR):    -0.000ns

    Location             Delay type                Incr(ns)  Path(ns)    Netlist Resource(s)
  -------------------------------------------------------------------    -------------------
                         (clock tck rise edge)        0.000     0.000 r  
                                                      0.000     0.000 r  tck (IN)
                         net (fo=1343, unset)         0.012     0.012    rx/tck
    SLICE_X75Y406        FDSE                                         r  rx/crc_reg[23]/C
  -------------------------------------------------------------------    -------------------
    SLICE_X75Y406        FDSE (Prop_DFF_SLICEL_C_Q)
                                                      0.039     0.051 r  rx/crc_reg[23]/Q
                         net (fo=2, routed)           0.061     0.112    rx/crc32_bit[22]
    SLICE_X75Y405        FDSE                                         r  rx/crc_reg[22]/D
  -------------------------------------------------------------------    -------------------

                         (clock tck rise edge)        0.000     0.000 r  
                                                      0.000     0.000 r  tck (IN)
                         net (fo=1343, unset)         0.019     0.019    rx/tck
    SLICE_X75Y405        FDSE                                         r  rx/crc_reg[22]/C
                         clock pessimism              0.000     0.019    
    SLICE_X75Y405        FDSE (Hold_EFF2_SLICEL_C_D)
                                                      0.047     0.066    rx/crc_reg[22]
  -------------------------------------------------------------------
                         required time                         -0.066    
                         arrival time                           0.112    
  -------------------------------------------------------------------
                         slack                                  0.046    

Slack (MET) :             0.046ns  (arrival time - required time)
  Source:                 rx/wd_reg[71]/C
                            (rising edge-triggered cell FDRE clocked by tck  {rise@0.000ns fall@18.518ns period=37.037ns})
  Destination:            fifo/mem_reg_0/DINPBDINP[3]
                            (rising edge-triggered cell RAMB36E2 clocked by tck  {rise@0.000ns fall@18.518ns period=37.037ns})
  Path Group:             tck
  Path Type:              Hold (Min at Fast Process Corner)
  Requirement:            0.000ns  (tck rise@0.000ns - tck rise@0.000ns)
  Data Path Delay:        0.083ns  (logic 0.041ns (49.398%)  route 0.042ns (50.602%))
  Logic Levels:           0  
  Clock Path Skew:        0.042ns (DCD - SCD - CPR)
    Destination Clock Delay (DCD):    0.054ns
    Source Clock Delay      (SCD):    0.012ns
    Clock Pessimism Removal (CPR):    -0.000ns

    Location             Delay type                Incr(ns)  Path(ns)    Netlist Resource(s)
  -------------------------------------------------------------------    -------------------
                         (clock tck rise edge)        0.000     0.000 r  
                                                      0.000     0.000 r  tck (IN)
                         net (fo=1343, unset)         0.012     0.012    rx/tck
    SLICE_X59Y403        FDRE                                         r  rx/wd_reg[71]/C
  -------------------------------------------------------------------    -------------------
    SLICE_X59Y403        FDRE (Prop_DFF2_SLICEL_C_Q)
                                                      0.041     0.053 r  rx/wd_reg[71]/Q
                         net (fo=1, routed)           0.042     0.095    fifo/w_data[71]
    RAMB36_X4Y80         RAMB36E2                                     r  fifo/mem_reg_0/DINPBDINP[3]
  -------------------------------------------------------------------    -------------------

                         (clock tck rise edge)        0.000     0.000 r  
                                                      0.000     0.000 r  tck (IN)
                         net (fo=1343, unset)         0.054     0.054    fifo/tck
    RAMB36_X4Y80         RAMB36E2                                     r  fifo/mem_reg_0/CLKBWRCLK
                         clock pessimism              0.000     0.054    
    RAMB36_X4Y80         RAMB36E2 (Hold_RAMB36E2_RAMB36_CLKBWRCLK_DINPBDINP[3])
                                                     -0.005     0.049    fifo/mem_reg_0
  -------------------------------------------------------------------
                         required time                         -0.049    
                         arrival time                           0.095    
  -------------------------------------------------------------------
                         slack                                  0.046    

Slack (MET) :             0.046ns  (arrival time - required time)
  Source:                 rx/sr_reg[174]/C
                            (rising edge-triggered cell FDRE clocked by tck  {rise@0.000ns fall@18.518ns period=37.037ns})
  Destination:            rx/sr_reg[173]/D
                            (rising edge-triggered cell FDRE clocked by tck  {rise@0.000ns fall@18.518ns period=37.037ns})
  Path Group:             tck
  Path Type:              Hold (Min at Fast Process Corner)
  Requirement:            0.000ns  (tck rise@0.000ns - tck rise@0.000ns)
  Data Path Delay:        0.100ns  (logic 0.040ns (39.823%)  route 0.060ns (60.177%))
  Logic Levels:           0  
  Clock Path Skew:        0.007ns (DCD - SCD - CPR)
    Destination Clock Delay (DCD):    0.019ns
    Source Clock Delay      (SCD):    0.012ns
    Clock Pessimism Removal (CPR):    -0.000ns

    Location             Delay type                Incr(ns)  Path(ns)    Netlist Resource(s)
  -------------------------------------------------------------------    -------------------
                         (clock tck rise edge)        0.000     0.000 r  
                                                      0.000     0.000 r  tck (IN)
                         net (fo=1343, unset)         0.012     0.012    rx/tck
    SLICE_X59Y419        FDRE                                         r  rx/sr_reg[174]/C
  -------------------------------------------------------------------    -------------------
    SLICE_X59Y419        FDRE (Prop_AFF2_SLICEL_C_Q)
                                                      0.040     0.052 r  rx/sr_reg[174]/Q
                         net (fo=2, routed)           0.060     0.112    rx/sr_reg_n_0_[174]
    SLICE_X59Y420        FDRE                                         r  rx/sr_reg[173]/D
  -------------------------------------------------------------------    -------------------

                         (clock tck rise edge)        0.000     0.000 r  
                                                      0.000     0.000 r  tck (IN)
                         net (fo=1343, unset)         0.019     0.019    rx/tck
    SLICE_X59Y420        FDRE                                         r  rx/sr_reg[173]/C
                         clock pessimism              0.000     0.019    
    SLICE_X59Y420        FDRE (Hold_HFF2_SLICEL_C_D)
                                                      0.047     0.066    rx/sr_reg[173]
  -------------------------------------------------------------------
                         required time                         -0.066    
                         arrival time                           0.112    
  -------------------------------------------------------------------
                         slack                                  0.046    

Slack (MET) :             0.047ns  (arrival time - required time)
  Source:                 rx/wd_reg[45]/C
                            (rising edge-triggered cell FDRE clocked by tck  {rise@0.000ns fall@18.518ns period=37.037ns})
  Destination:            fifo/mem_reg_0/DINBDIN[13]
                            (rising edge-triggered cell RAMB36E2 clocked by tck  {rise@0.000ns fall@18.518ns period=37.037ns})
  Path Group:             tck
  Path Type:              Hold (Min at Fast Process Corner)
  Requirement:            0.000ns  (tck rise@0.000ns - tck rise@0.000ns)
  Data Path Delay:        0.084ns  (logic 0.040ns (47.619%)  route 0.044ns (52.381%))
  Logic Levels:           0  
  Clock Path Skew:        0.042ns (DCD - SCD - CPR)
    Destination Clock Delay (DCD):    0.054ns
    Source Clock Delay      (SCD):    0.012ns
    Clock Pessimism Removal (CPR):    -0.000ns

    Location             Delay type                Incr(ns)  Path(ns)    Netlist Resource(s)
  -------------------------------------------------------------------    -------------------
                         (clock tck rise edge)        0.000     0.000 r  
                                                      0.000     0.000 r  tck (IN)
                         net (fo=1343, unset)         0.012     0.012    rx/tck
    SLICE_X59Y404        FDRE                                         r  rx/wd_reg[45]/C
  -------------------------------------------------------------------    -------------------
    SLICE_X59Y404        FDRE (Prop_BFF2_SLICEL_C_Q)
                                                      0.040     0.052 r  rx/wd_reg[45]/Q
                         net (fo=1, routed)           0.044     0.096    fifo/w_data[45]
    RAMB36_X4Y80         RAMB36E2                                     r  fifo/mem_reg_0/DINBDIN[13]
  -------------------------------------------------------------------    -------------------

                         (clock tck rise edge)        0.000     0.000 r  
                                                      0.000     0.000 r  tck (IN)
                         net (fo=1343, unset)         0.054     0.054    fifo/tck
    RAMB36_X4Y80         RAMB36E2                                     r  fifo/mem_reg_0/CLKBWRCLK
                         clock pessimism              0.000     0.054    
    RAMB36_X4Y80         RAMB36E2 (Hold_RAMB36E2_RAMB36_CLKBWRCLK_DINBDIN[13])
                                                     -0.005     0.049    fifo/mem_reg_0
  -------------------------------------------------------------------
                         required time                         -0.049    
                         arrival time                           0.096    
  -------------------------------------------------------------------
                         slack                                  0.047    

Slack (MET) :             0.048ns  (arrival time - required time)
  Source:                 rx/sr_reg[238]/C
                            (rising edge-triggered cell FDRE clocked by tck  {rise@0.000ns fall@18.518ns period=37.037ns})
  Destination:            rx/sr_reg[237]/D
                            (rising edge-triggered cell FDRE clocked by tck  {rise@0.000ns fall@18.518ns period=37.037ns})
  Path Group:             tck
  Path Type:              Hold (Min at Fast Process Corner)
  Requirement:            0.000ns  (tck rise@0.000ns - tck rise@0.000ns)
  Data Path Delay:        0.101ns  (logic 0.039ns (38.735%)  route 0.062ns (61.265%))
  Logic Levels:           0  
  Clock Path Skew:        0.006ns (DCD - SCD - CPR)
    Destination Clock Delay (DCD):    0.018ns
    Source Clock Delay      (SCD):    0.012ns
    Clock Pessimism Removal (CPR):    -0.000ns

    Location             Delay type                Incr(ns)  Path(ns)    Netlist Resource(s)
  -------------------------------------------------------------------    -------------------
                         (clock tck rise edge)        0.000     0.000 r  
                                                      0.000     0.000 r  tck (IN)
                         net (fo=1343, unset)         0.012     0.012    rx/tck
    SLICE_X55Y407        FDRE                                         r  rx/sr_reg[238]/C
  -------------------------------------------------------------------    -------------------
    SLICE_X55Y407        FDRE (Prop_AFF_SLICEL_C_Q)
                                                      0.039     0.051 r  rx/sr_reg[238]/Q
                         net (fo=2, routed)           0.062     0.113    rx/sr_reg_n_0_[238]
    SLICE_X55Y406        FDRE                                         r  rx/sr_reg[237]/D
  -------------------------------------------------------------------    -------------------

                         (clock tck rise edge)        0.000     0.000 r  
                                                      0.000     0.000 r  tck (IN)
                         net (fo=1343, unset)         0.018     0.018    rx/tck
    SLICE_X55Y406        FDRE                                         r  rx/sr_reg[237]/C
                         clock pessimism              0.000     0.018    
    SLICE_X55Y406        FDRE (Hold_CFF2_SLICEL_C_D)
                                                      0.047     0.065    rx/sr_reg[237]
  -------------------------------------------------------------------
                         required time                         -0.065    
                         arrival time                           0.113    
  -------------------------------------------------------------------
                         slack                                  0.048    

Slack (MET) :             0.048ns  (arrival time - required time)
  Source:                 rx/st_sr_reg[101]/C
                            (rising edge-triggered cell FDRE clocked by tck  {rise@0.000ns fall@18.518ns period=37.037ns})
  Destination:            rx/st_sr_reg[100]/D
                            (rising edge-triggered cell FDRE clocked by tck  {rise@0.000ns fall@18.518ns period=37.037ns})
  Path Group:             tck
  Path Type:              Hold (Min at Fast Process Corner)
  Requirement:            0.000ns  (tck rise@0.000ns - tck rise@0.000ns)
  Data Path Delay:        0.100ns  (logic 0.062ns (62.000%)  route 0.038ns (38.000%))
  Logic Levels:           1  (LUT6=1)
  Clock Path Skew:        0.006ns (DCD - SCD - CPR)
    Destination Clock Delay (DCD):    0.018ns
    Source Clock Delay      (SCD):    0.012ns
    Clock Pessimism Removal (CPR):    -0.000ns

    Location             Delay type                Incr(ns)  Path(ns)    Netlist Resource(s)
  -------------------------------------------------------------------    -------------------
                         (clock tck rise edge)        0.000     0.000 r  
                                                      0.000     0.000 r  tck (IN)
                         net (fo=1343, unset)         0.012     0.012    rx/tck
    SLICE_X70Y416        FDRE                                         r  rx/st_sr_reg[101]/C
  -------------------------------------------------------------------    -------------------
    SLICE_X70Y416        FDRE (Prop_DFF_SLICEL_C_Q)
                                                      0.039     0.051 r  rx/st_sr_reg[101]/Q
                         net (fo=1, routed)           0.023     0.074    rx/data1[100]
    SLICE_X70Y416        LUT6 (Prop_B6LUT_SLICEL_I4_O)
                                                      0.023     0.097 r  rx/st_sr[100]_i_1/O
                         net (fo=1, routed)           0.015     0.112    rx/p_1_in[100]
    SLICE_X70Y416        FDRE                                         r  rx/st_sr_reg[100]/D
  -------------------------------------------------------------------    -------------------

                         (clock tck rise edge)        0.000     0.000 r  
                                                      0.000     0.000 r  tck (IN)
                         net (fo=1343, unset)         0.018     0.018    rx/tck
    SLICE_X70Y416        FDRE                                         r  rx/st_sr_reg[100]/C
                         clock pessimism              0.000     0.018    
    SLICE_X70Y416        FDRE (Hold_BFF_SLICEL_C_D)
                                                      0.046     0.064    rx/st_sr_reg[100]
  -------------------------------------------------------------------
                         required time                         -0.064    
                         arrival time                           0.112    
  -------------------------------------------------------------------
                         slack                                  0.048    

Slack (MET) :             0.049ns  (arrival time - required time)
  Source:                 rx/wd_reg[201]/C
                            (rising edge-triggered cell FDRE clocked by tck  {rise@0.000ns fall@18.518ns period=37.037ns})
  Destination:            fifo/mem_reg_2/DINBDIN[25]
                            (rising edge-triggered cell RAMB36E2 clocked by tck  {rise@0.000ns fall@18.518ns period=37.037ns})
  Path Group:             tck
  Path Type:              Hold (Min at Fast Process Corner)
  Requirement:            0.000ns  (tck rise@0.000ns - tck rise@0.000ns)
  Data Path Delay:        0.085ns  (logic 0.040ns (47.059%)  route 0.045ns (52.941%))
  Logic Levels:           0  
  Clock Path Skew:        0.041ns (DCD - SCD - CPR)
    Destination Clock Delay (DCD):    0.054ns
    Source Clock Delay      (SCD):    0.013ns
    Clock Pessimism Removal (CPR):    -0.000ns

    Location             Delay type                Incr(ns)  Path(ns)    Netlist Resource(s)
  -------------------------------------------------------------------    -------------------
                         (clock tck rise edge)        0.000     0.000 r  
                                                      0.000     0.000 r  tck (IN)
                         net (fo=1343, unset)         0.013     0.013    rx/tck
    SLICE_X59Y419        FDRE                                         r  rx/wd_reg[201]/C
  -------------------------------------------------------------------    -------------------
    SLICE_X59Y419        FDRE (Prop_FFF2_SLICEL_C_Q)
                                                      0.040     0.053 r  rx/wd_reg[201]/Q
                         net (fo=1, routed)           0.045     0.098    fifo/w_data[201]
    RAMB36_X4Y83         RAMB36E2                                     r  fifo/mem_reg_2/DINBDIN[25]
  -------------------------------------------------------------------    -------------------

                         (clock tck rise edge)        0.000     0.000 r  
                                                      0.000     0.000 r  tck (IN)
                         net (fo=1343, unset)         0.054     0.054    fifo/tck
    RAMB36_X4Y83         RAMB36E2                                     r  fifo/mem_reg_2/CLKBWRCLK
                         clock pessimism              0.000     0.054    
    RAMB36_X4Y83         RAMB36E2 (Hold_RAMB36E2_RAMB36_CLKBWRCLK_DINBDIN[25])
                                                     -0.005     0.049    fifo/mem_reg_2
  -------------------------------------------------------------------
                         required time                         -0.049    
                         arrival time                           0.098    
  -------------------------------------------------------------------
                         slack                                  0.049    

Slack (MET) :             0.049ns  (arrival time - required time)
  Source:                 rx/wd_reg[203]/C
                            (rising edge-triggered cell FDRE clocked by tck  {rise@0.000ns fall@18.518ns period=37.037ns})
  Destination:            fifo/mem_reg_2/DINBDIN[27]
                            (rising edge-triggered cell RAMB36E2 clocked by tck  {rise@0.000ns fall@18.518ns period=37.037ns})
  Path Group:             tck
  Path Type:              Hold (Min at Fast Process Corner)
  Requirement:            0.000ns  (tck rise@0.000ns - tck rise@0.000ns)
  Data Path Delay:        0.085ns  (logic 0.040ns (47.059%)  route 0.045ns (52.941%))
  Logic Levels:           0  
  Clock Path Skew:        0.041ns (DCD - SCD - CPR)
    Destination Clock Delay (DCD):    0.054ns
    Source Clock Delay      (SCD):    0.013ns
    Clock Pessimism Removal (CPR):    -0.000ns

    Location             Delay type                Incr(ns)  Path(ns)    Netlist Resource(s)
  -------------------------------------------------------------------    -------------------
                         (clock tck rise edge)        0.000     0.000 r  
                                                      0.000     0.000 r  tck (IN)
                         net (fo=1343, unset)         0.013     0.013    rx/tck
    SLICE_X59Y419        FDRE                                         r  rx/wd_reg[203]/C
  -------------------------------------------------------------------    -------------------
    SLICE_X59Y419        FDRE (Prop_GFF2_SLICEL_C_Q)
                                                      0.040     0.053 r  rx/wd_reg[203]/Q
                         net (fo=1, routed)           0.045     0.098    fifo/w_data[203]
    RAMB36_X4Y83         RAMB36E2                                     r  fifo/mem_reg_2/DINBDIN[27]
  -------------------------------------------------------------------    -------------------

                         (clock tck rise edge)        0.000     0.000 r  
                                                      0.000     0.000 r  tck (IN)
                         net (fo=1343, unset)         0.054     0.054    fifo/tck
    RAMB36_X4Y83         RAMB36E2                                     r  fifo/mem_reg_2/CLKBWRCLK
                         clock pessimism              0.000     0.054    
    RAMB36_X4Y83         RAMB36E2 (Hold_RAMB36E2_RAMB36_CLKBWRCLK_DINBDIN[27])
                                                     -0.005     0.049    fifo/mem_reg_2
  -------------------------------------------------------------------
                         required time                         -0.049    
                         arrival time                           0.098    
  -------------------------------------------------------------------
                         slack                                  0.049    

Slack (MET) :             0.049ns  (arrival time - required time)
  Source:                 rx/wd_reg[205]/C
                            (rising edge-triggered cell FDRE clocked by tck  {rise@0.000ns fall@18.518ns period=37.037ns})
  Destination:            fifo/mem_reg_2/DINBDIN[29]
                            (rising edge-triggered cell RAMB36E2 clocked by tck  {rise@0.000ns fall@18.518ns period=37.037ns})
  Path Group:             tck
  Path Type:              Hold (Min at Fast Process Corner)
  Requirement:            0.000ns  (tck rise@0.000ns - tck rise@0.000ns)
  Data Path Delay:        0.085ns  (logic 0.039ns (45.882%)  route 0.046ns (54.118%))
  Logic Levels:           0  
  Clock Path Skew:        0.041ns (DCD - SCD - CPR)
    Destination Clock Delay (DCD):    0.054ns
    Source Clock Delay      (SCD):    0.013ns
    Clock Pessimism Removal (CPR):    -0.000ns

    Location             Delay type                Incr(ns)  Path(ns)    Netlist Resource(s)
  -------------------------------------------------------------------    -------------------
                         (clock tck rise edge)        0.000     0.000 r  
                                                      0.000     0.000 r  tck (IN)
                         net (fo=1343, unset)         0.013     0.013    rx/tck
    SLICE_X59Y419        FDRE                                         r  rx/wd_reg[205]/C
  -------------------------------------------------------------------    -------------------
    SLICE_X59Y419        FDRE (Prop_HFF2_SLICEL_C_Q)
                                                      0.039     0.052 r  rx/wd_reg[205]/Q
                         net (fo=1, routed)           0.046     0.098    fifo/w_data[205]
    RAMB36_X4Y83         RAMB36E2                                     r  fifo/mem_reg_2/DINBDIN[29]
  -------------------------------------------------------------------    -------------------

                         (clock tck rise edge)        0.000     0.000 r  
                                                      0.000     0.000 r  tck (IN)
                         net (fo=1343, unset)         0.054     0.054    fifo/tck
    RAMB36_X4Y83         RAMB36E2                                     r  fifo/mem_reg_2/CLKBWRCLK
                         clock pessimism              0.000     0.054    
    RAMB36_X4Y83         RAMB36E2 (Hold_RAMB36E2_RAMB36_CLKBWRCLK_DINBDIN[29])
                                                     -0.005     0.049    fifo/mem_reg_2
  -------------------------------------------------------------------
                         required time                         -0.049    
                         arrival time                           0.098    
  -------------------------------------------------------------------
                         slack                                  0.049    

Slack (MET) :             0.049ns  (arrival time - required time)
  Source:                 rx/st_sr_reg[120]/C
                            (rising edge-triggered cell FDRE clocked by tck  {rise@0.000ns fall@18.518ns period=37.037ns})
  Destination:            rx/st_sr_reg[119]/D
                            (rising edge-triggered cell FDRE clocked by tck  {rise@0.000ns fall@18.518ns period=37.037ns})
  Path Group:             tck
  Path Type:              Hold (Min at Fast Process Corner)
  Requirement:            0.000ns  (tck rise@0.000ns - tck rise@0.000ns)
  Data Path Delay:        0.101ns  (logic 0.062ns (61.386%)  route 0.039ns (38.614%))
  Logic Levels:           1  (LUT6=1)
  Clock Path Skew:        0.006ns (DCD - SCD - CPR)
    Destination Clock Delay (DCD):    0.018ns
    Source Clock Delay      (SCD):    0.012ns
    Clock Pessimism Removal (CPR):    -0.000ns

    Location             Delay type                Incr(ns)  Path(ns)    Netlist Resource(s)
  -------------------------------------------------------------------    -------------------
                         (clock tck rise edge)        0.000     0.000 r  
                                                      0.000     0.000 r  tck (IN)
                         net (fo=1343, unset)         0.012     0.012    rx/tck
    SLICE_X68Y423        FDRE                                         r  rx/st_sr_reg[120]/C
  -------------------------------------------------------------------    -------------------
    SLICE_X68Y423        FDRE (Prop_AFF_SLICEL_C_Q)
                                                      0.039     0.051 r  rx/st_sr_reg[120]/Q
                         net (fo=1, routed)           0.024     0.075    rx/data1[119]
    SLICE_X68Y423        LUT6 (Prop_B6LUT_SLICEL_I4_O)
                                                      0.023     0.098 r  rx/st_sr[119]_i_1/O
                         net (fo=1, routed)           0.015     0.113    rx/p_1_in[119]
    SLICE_X68Y423        FDRE                                         r  rx/st_sr_reg[119]/D
  -------------------------------------------------------------------    -------------------

                         (clock tck rise edge)        0.000     0.000 r  
                                                      0.000     0.000 r  tck (IN)
                         net (fo=1343, unset)         0.018     0.018    rx/tck
    SLICE_X68Y423        FDRE                                         r  rx/st_sr_reg[119]/C
                         clock pessimism              0.000     0.018    
    SLICE_X68Y423        FDRE (Hold_BFF_SLICEL_C_D)
                                                      0.046     0.064    rx/st_sr_reg[119]
  -------------------------------------------------------------------
                         required time                         -0.064    
                         arrival time                           0.113    
  -------------------------------------------------------------------
                         slack                                  0.049    

Slack (MET) :             0.049ns  (arrival time - required time)
  Source:                 rx/st_sr_reg[124]/C
                            (rising edge-triggered cell FDRE clocked by tck  {rise@0.000ns fall@18.518ns period=37.037ns})
  Destination:            rx/st_sr_reg[123]/D
                            (rising edge-triggered cell FDRE clocked by tck  {rise@0.000ns fall@18.518ns period=37.037ns})
  Path Group:             tck
  Path Type:              Hold (Min at Fast Process Corner)
  Requirement:            0.000ns  (tck rise@0.000ns - tck rise@0.000ns)
  Data Path Delay:        0.101ns  (logic 0.062ns (61.386%)  route 0.039ns (38.614%))
  Logic Levels:           1  (LUT6=1)
  Clock Path Skew:        0.006ns (DCD - SCD - CPR)
    Destination Clock Delay (DCD):    0.018ns
    Source Clock Delay      (SCD):    0.012ns
    Clock Pessimism Removal (CPR):    -0.000ns

    Location             Delay type                Incr(ns)  Path(ns)    Netlist Resource(s)
  -------------------------------------------------------------------    -------------------
                         (clock tck rise edge)        0.000     0.000 r  
                                                      0.000     0.000 r  tck (IN)
                         net (fo=1343, unset)         0.012     0.012    rx/tck
    SLICE_X68Y424        FDRE                                         r  rx/st_sr_reg[124]/C
  -------------------------------------------------------------------    -------------------
    SLICE_X68Y424        FDRE (Prop_AFF_SLICEL_C_Q)
                                                      0.039     0.051 r  rx/st_sr_reg[124]/Q
                         net (fo=1, routed)           0.024     0.075    rx/data1[123]
    SLICE_X68Y424        LUT6 (Prop_B6LUT_SLICEL_I4_O)
                                                      0.023     0.098 r  rx/st_sr[123]_i_1/O
                         net (fo=1, routed)           0.015     0.113    rx/p_1_in[123]
    SLICE_X68Y424        FDRE                                         r  rx/st_sr_reg[123]/D
  -------------------------------------------------------------------    -------------------

                         (clock tck rise edge)        0.000     0.000 r  
                                                      0.000     0.000 r  tck (IN)
                         net (fo=1343, unset)         0.018     0.018    rx/tck
    SLICE_X68Y424        FDRE                                         r  rx/st_sr_reg[123]/C
                         clock pessimism              0.000     0.018    
    SLICE_X68Y424        FDRE (Hold_BFF_SLICEL_C_D)
                                                      0.046     0.064    rx/st_sr_reg[123]
  -------------------------------------------------------------------
                         required time                         -0.064    
                         arrival time                           0.113    
  -------------------------------------------------------------------
                         slack                                  0.049    





Pulse Width Checks
--------------------------------------------------------------------------------------
Clock Name:         tck
Waveform(ns):       { 0.000 18.518 }
Period(ns):         37.037
Sources:            { tck }

Check Type        Corner  Lib Pin             Reference Pin  Required(ns)  Actual(ns)  Slack(ns)  Location       Pin
Min Period        n/a     RAMB36E2/CLKBWRCLK  n/a            1.550         37.037      35.487     RAMB36_X4Y80   fifo/mem_reg_0/CLKBWRCLK
Min Period        n/a     RAMB36E2/CLKBWRCLK  n/a            1.550         37.037      35.487     RAMB36_X4Y82   fifo/mem_reg_1/CLKBWRCLK
Min Period        n/a     RAMB36E2/CLKBWRCLK  n/a            1.550         37.037      35.487     RAMB36_X4Y83   fifo/mem_reg_2/CLKBWRCLK
Min Period        n/a     RAMB36E2/CLKBWRCLK  n/a            1.550         37.037      35.487     RAMB36_X3Y81   fifo/mem_reg_3/CLKBWRCLK
Min Period        n/a     FDRE/C              n/a            0.550         37.037      36.487     SLICE_X58Y420  trst_s1_reg/C
Min Period        n/a     FDRE/C              n/a            0.550         37.037      36.487     SLICE_X58Y420  trst_s2_reg/C
Min Period        n/a     FDRE/C              n/a            0.550         37.037      36.487     SLICE_X58Y420  fifo/full_r_reg/C
Min Period        n/a     FDRE/C              n/a            0.550         37.037      36.487     SLICE_X58Y419  fifo/rp_g_s1_reg[0]/C
Min Period        n/a     FDRE/C              n/a            0.550         37.037      36.487     SLICE_X58Y418  fifo/rp_g_s1_reg[1]/C
Min Period        n/a     FDRE/C              n/a            0.550         37.037      36.487     SLICE_X57Y418  fifo/rp_g_s1_reg[2]/C
Min Period        n/a     FDRE/C              n/a            0.550         37.037      36.487     SLICE_X57Y417  fifo/rp_g_s1_reg[3]/C
Min Period        n/a     FDRE/C              n/a            0.550         37.037      36.487     SLICE_X58Y418  fifo/rp_g_s1_reg[4]/C
Min Period        n/a     FDRE/C              n/a            0.550         37.037      36.487     SLICE_X57Y417  fifo/rp_g_s1_reg[5]/C
Min Period        n/a     FDRE/C              n/a            0.550         37.037      36.487     SLICE_X57Y418  fifo/rp_g_s1_reg[6]/C
Min Period        n/a     FDRE/C              n/a            0.550         37.037      36.487     SLICE_X57Y419  fifo/rp_g_s1_reg[7]/C
Min Period        n/a     FDRE/C              n/a            0.550         37.037      36.487     SLICE_X58Y419  fifo/rp_g_s2_reg[0]/C
Min Period        n/a     FDRE/C              n/a            0.550         37.037      36.487     SLICE_X58Y418  fifo/rp_g_s2_reg[1]/C
Min Period        n/a     FDRE/C              n/a            0.550         37.037      36.487     SLICE_X57Y418  fifo/rp_g_s2_reg[2]/C
Min Period        n/a     FDRE/C              n/a            0.550         37.037      36.487     SLICE_X57Y417  fifo/rp_g_s2_reg[3]/C
Min Period        n/a     FDRE/C              n/a            0.550         37.037      36.487     SLICE_X58Y418  fifo/rp_g_s2_reg[4]/C
Low Pulse Width   Slow    RAMB36E2/CLKBWRCLK  n/a            0.543         18.518      17.975     RAMB36_X4Y80   fifo/mem_reg_0/CLKBWRCLK
Low Pulse Width   Fast    RAMB36E2/CLKBWRCLK  n/a            0.543         18.518      17.975     RAMB36_X4Y80   fifo/mem_reg_0/CLKBWRCLK
Low Pulse Width   Slow    RAMB36E2/CLKBWRCLK  n/a            0.543         18.518      17.975     RAMB36_X4Y82   fifo/mem_reg_1/CLKBWRCLK
Low Pulse Width   Fast    RAMB36E2/CLKBWRCLK  n/a            0.543         18.518      17.975     RAMB36_X4Y82   fifo/mem_reg_1/CLKBWRCLK
Low Pulse Width   Slow    RAMB36E2/CLKBWRCLK  n/a            0.543         18.518      17.975     RAMB36_X4Y83   fifo/mem_reg_2/CLKBWRCLK
Low Pulse Width   Fast    RAMB36E2/CLKBWRCLK  n/a            0.543         18.518      17.975     RAMB36_X4Y83   fifo/mem_reg_2/CLKBWRCLK
Low Pulse Width   Slow    RAMB36E2/CLKBWRCLK  n/a            0.543         18.518      17.975     RAMB36_X3Y81   fifo/mem_reg_3/CLKBWRCLK
Low Pulse Width   Fast    RAMB36E2/CLKBWRCLK  n/a            0.543         18.518      17.975     RAMB36_X3Y81   fifo/mem_reg_3/CLKBWRCLK
Low Pulse Width   Slow    FDRE/C              n/a            0.275         18.518      18.243     SLICE_X58Y420  trst_s1_reg/C
Low Pulse Width   Fast    FDRE/C              n/a            0.275         18.519      18.244     SLICE_X58Y420  trst_s1_reg/C
Low Pulse Width   Slow    FDRE/C              n/a            0.275         18.518      18.243     SLICE_X58Y420  trst_s2_reg/C
Low Pulse Width   Fast    FDRE/C              n/a            0.275         18.519      18.244     SLICE_X58Y420  trst_s2_reg/C
Low Pulse Width   Slow    FDRE/C              n/a            0.275         18.518      18.243     SLICE_X58Y420  fifo/full_r_reg/C
Low Pulse Width   Fast    FDRE/C              n/a            0.275         18.519      18.244     SLICE_X58Y420  fifo/full_r_reg/C
Low Pulse Width   Slow    FDRE/C              n/a            0.275         18.518      18.243     SLICE_X58Y419  fifo/rp_g_s1_reg[0]/C
Low Pulse Width   Fast    FDRE/C              n/a            0.275         18.518      18.243     SLICE_X58Y419  fifo/rp_g_s1_reg[0]/C
Low Pulse Width   Slow    FDRE/C              n/a            0.275         18.518      18.243     SLICE_X58Y418  fifo/rp_g_s1_reg[1]/C
Low Pulse Width   Fast    FDRE/C              n/a            0.275         18.519      18.244     SLICE_X58Y418  fifo/rp_g_s1_reg[1]/C
Low Pulse Width   Slow    FDRE/C              n/a            0.275         18.518      18.243     SLICE_X57Y418  fifo/rp_g_s1_reg[2]/C
Low Pulse Width   Fast    FDRE/C              n/a            0.275         18.518      18.243     SLICE_X57Y418  fifo/rp_g_s1_reg[2]/C
High Pulse Width  Slow    RAMB36E2/CLKBWRCLK  n/a            0.543         18.518      17.975     RAMB36_X4Y80   fifo/mem_reg_0/CLKBWRCLK
High Pulse Width  Fast    RAMB36E2/CLKBWRCLK  n/a            0.543         18.518      17.975     RAMB36_X4Y80   fifo/mem_reg_0/CLKBWRCLK
High Pulse Width  Slow    RAMB36E2/CLKBWRCLK  n/a            0.543         18.518      17.975     RAMB36_X4Y82   fifo/mem_reg_1/CLKBWRCLK
High Pulse Width  Fast    RAMB36E2/CLKBWRCLK  n/a            0.543         18.518      17.975     RAMB36_X4Y82   fifo/mem_reg_1/CLKBWRCLK
High Pulse Width  Slow    RAMB36E2/CLKBWRCLK  n/a            0.543         18.518      17.975     RAMB36_X4Y83   fifo/mem_reg_2/CLKBWRCLK
High Pulse Width  Fast    RAMB36E2/CLKBWRCLK  n/a            0.543         18.518      17.975     RAMB36_X4Y83   fifo/mem_reg_2/CLKBWRCLK
High Pulse Width  Slow    RAMB36E2/CLKBWRCLK  n/a            0.543         18.518      17.975     RAMB36_X3Y81   fifo/mem_reg_3/CLKBWRCLK
High Pulse Width  Fast    RAMB36E2/CLKBWRCLK  n/a            0.543         18.518      17.975     RAMB36_X3Y81   fifo/mem_reg_3/CLKBWRCLK
High Pulse Width  Slow    FDRE/C              n/a            0.275         18.518      18.243     SLICE_X58Y420  trst_s1_reg/C
High Pulse Width  Fast    FDRE/C              n/a            0.275         18.518      18.243     SLICE_X58Y420  trst_s1_reg/C
High Pulse Width  Slow    FDRE/C              n/a            0.275         18.518      18.243     SLICE_X58Y420  trst_s2_reg/C
High Pulse Width  Fast    FDRE/C              n/a            0.275         18.518      18.243     SLICE_X58Y420  trst_s2_reg/C
High Pulse Width  Slow    FDRE/C              n/a            0.275         18.518      18.243     SLICE_X58Y420  fifo/full_r_reg/C
High Pulse Width  Fast    FDRE/C              n/a            0.275         18.518      18.243     SLICE_X58Y420  fifo/full_r_reg/C
High Pulse Width  Slow    FDRE/C              n/a            0.275         18.518      18.243     SLICE_X58Y419  fifo/rp_g_s1_reg[0]/C
High Pulse Width  Fast    FDRE/C              n/a            0.275         18.518      18.243     SLICE_X58Y419  fifo/rp_g_s1_reg[0]/C
High Pulse Width  Slow    FDRE/C              n/a            0.275         18.518      18.243     SLICE_X58Y418  fifo/rp_g_s1_reg[1]/C
High Pulse Width  Fast    FDRE/C              n/a            0.275         18.518      18.243     SLICE_X58Y418  fifo/rp_g_s1_reg[1]/C
High Pulse Width  Slow    FDRE/C              n/a            0.275         18.518      18.243     SLICE_X57Y418  fifo/rp_g_s1_reg[2]/C
High Pulse Width  Fast    FDRE/C              n/a            0.275         18.518      18.243     SLICE_X57Y418  fifo/rp_g_s1_reg[2]/C



---------------------------------------------------------------------------------------------------
From Clock:  dna_clk
  To Clock:  aclk

Setup :            0  Failing Endpoints,  Worst Slack        4.617ns,  Total Violation        0.000ns
Hold  :            0  Failing Endpoints,  Worst Slack        0.082ns,  Total Violation        0.000ns
---------------------------------------------------------------------------------------------------


Max Delay Paths
--------------------------------------------------------------------------------------
Slack (MET) :             4.617ns  (required time - arrival time)
  Source:                 dnar/ck_reg/Q
                            (clock source 'dna_clk'  {rise@0.000ns fall@50.000ns period=100.000ns})
  Destination:            dnar/ck_reg/D
                            (rising edge-triggered cell FDRE clocked by aclk  {rise@0.000ns fall@2.500ns period=5.000ns})
  Path Group:             aclk
  Path Type:              Setup (Max at Slow Process Corner)
  Requirement:            5.000ns  (aclk rise@5.000ns - dna_clk rise@0.000ns)
  Data Path Delay:        0.266ns  (logic 0.136ns (51.128%)  route 0.130ns (48.872%))
  Logic Levels:           1  (LUT4=1)
  Clock Path Skew:        -0.109ns (DCD - SCD + CPR)
    Destination Clock Delay (DCD):    0.024ns = ( 5.024 - 5.000 ) 
    Source Clock Delay      (SCD):    0.133ns
    Clock Pessimism Removal (CPR):    0.000ns
  Clock Uncertainty:      0.035ns  ((TSJ^2 + TIJ^2)^1/2 + DJ) / 2 + PE
    Total System Jitter     (TSJ):    0.071ns
    Total Input Jitter      (TIJ):    0.000ns
    Discrete Jitter          (DJ):    0.000ns
    Phase Error              (PE):    0.000ns

    Location             Delay type                Incr(ns)  Path(ns)    Netlist Resource(s)
  -------------------------------------------------------------------    -------------------
                         (clock dna_clk rise edge)    0.000     0.000 r  
                                                      0.000     0.000 r  aclk (IN)
                         net (fo=1602, unset)         0.035     0.035    dnar/aclk
  -------------------------------------------------------------------    -------------------
    SLICE_X70Y426        FDRE (Prop_DFF2_SLICEL_C_Q)
                                                      0.098     0.133 r  dnar/ck_reg/Q
                         net (fo=1, routed)           0.108     0.241    dnar/dna_clk
    SLICE_X70Y426        LUT4 (Prop_D5LUT_SLICEL_I2_O)
                                                      0.136     0.377 r  dnar/ck_i_1/O
                         net (fo=1, routed)           0.022     0.399    dnar/ck_i_1_n_0
    SLICE_X70Y426        FDRE                                         r  dnar/ck_reg/D
  -------------------------------------------------------------------    -------------------

                         (clock aclk rise edge)       5.000     5.000 r  
                                                      0.000     5.000 r  aclk (IN)
                         net (fo=1602, unset)         0.024     5.024    dnar/aclk
    SLICE_X70Y426        FDRE                                         r  dnar/ck_reg/C
                         clock pessimism              0.000     5.024    
                         clock uncertainty           -0.035     4.989    
    SLICE_X70Y426        FDRE (Setup_DFF2_SLICEL_C_D)
                                                      0.027     5.016    dnar/ck_reg
  -------------------------------------------------------------------
                         required time                          5.016    
                         arrival time                          -0.399    
  -------------------------------------------------------------------
                         slack                                  4.617    





Min Delay Paths
--------------------------------------------------------------------------------------
Slack (MET) :             0.082ns  (arrival time - required time)
  Source:                 dnar/ck_reg/Q
                            (clock source 'dna_clk'  {rise@0.000ns fall@50.000ns period=100.000ns})
  Destination:            dnar/ck_reg/D
                            (rising edge-triggered cell FDRE clocked by aclk  {rise@0.000ns fall@2.500ns period=5.000ns})
  Path Group:             aclk
  Path Type:              Hold (Min at Fast Process Corner)
  Requirement:            0.000ns  (aclk rise@0.000ns - dna_clk rise@0.000ns)
  Data Path Delay:        0.094ns  (logic 0.039ns (41.489%)  route 0.055ns (58.511%))
  Logic Levels:           1  (LUT4=1)
  Clock Path Skew:        -0.035ns (DCD - SCD - CPR)
    Destination Clock Delay (DCD):    0.018ns
    Source Clock Delay      (SCD):    0.053ns
    Clock Pessimism Removal (CPR):    -0.000ns

    Location             Delay type                Incr(ns)  Path(ns)    Netlist Resource(s)
  -------------------------------------------------------------------    -------------------
                         (clock dna_clk rise edge)    0.000     0.000 r  
                                                      0.000     0.000 r  aclk (IN)
                         net (fo=1602, unset)         0.012     0.012    dnar/aclk
  -------------------------------------------------------------------    -------------------
    SLICE_X70Y426        FDRE (Prop_DFF2_SLICEL_C_Q)
                                                      0.041     0.053 r  dnar/ck_reg/Q
                         net (fo=1, routed)           0.049     0.102    dnar/dna_clk
    SLICE_X70Y426        LUT4 (Prop_D5LUT_SLICEL_I2_O)
                                                      0.039     0.141 r  dnar/ck_i_1/O
                         net (fo=1, routed)           0.006     0.147    dnar/ck_i_1_n_0
    SLICE_X70Y426        FDRE                                         r  dnar/ck_reg/D
  -------------------------------------------------------------------    -------------------

                         (clock aclk rise edge)       0.000     0.000 r  
                                                      0.000     0.000 r  aclk (IN)
                         net (fo=1602, unset)         0.018     0.018    dnar/aclk
    SLICE_X70Y426        FDRE                                         r  dnar/ck_reg/C
                         clock pessimism              0.000     0.018    
    SLICE_X70Y426        FDRE (Hold_DFF2_SLICEL_C_D)
                                                      0.047     0.065    dnar/ck_reg
  -------------------------------------------------------------------
                         required time                         -0.065    
                         arrival time                           0.147    
  -------------------------------------------------------------------
                         slack                                  0.082    





---------------------------------------------------------------------------------------------------
From Clock:  tck
  To Clock:  aclk

Setup :            0  Failing Endpoints,  Worst Slack        4.284ns,  Total Violation        0.000ns
Hold  :           NA  Failing Endpoints,  Worst Slack           NA  ,  Total Violation           NA
---------------------------------------------------------------------------------------------------


Max Delay Paths
--------------------------------------------------------------------------------------
Slack (MET) :             4.284ns  (required time - arrival time)
  Source:                 fifo/wp_g_reg[1]/C
                            (rising edge-triggered cell FDRE clocked by tck  {rise@0.000ns fall@18.518ns period=37.037ns})
  Destination:            fifo/wp_g_s1_reg[1]/D
                            (rising edge-triggered cell FDRE clocked by aclk  {rise@0.000ns fall@2.500ns period=5.000ns})
  Path Group:             aclk
  Path Type:              Setup (Max at Slow Process Corner)
  Requirement:            5.000ns  (MaxDelay Path 5.000ns)
  Data Path Delay:        0.743ns  (logic 0.095ns (12.786%)  route 0.648ns (87.214%))
  Logic Levels:           0  
  Timing Exception:       MaxDelay Path 5.000ns -datapath_only

    Location             Delay type                Incr(ns)  Path(ns)    Netlist Resource(s)
  -------------------------------------------------------------------    -------------------
    SLICE_X56Y419                                     0.000     0.000 r  fifo/wp_g_reg[1]/C
    SLICE_X56Y419        FDRE (Prop_BFF_SLICEM_C_Q)
                                                      0.095     0.095 r  fifo/wp_g_reg[1]/Q
                         net (fo=1, routed)           0.648     0.743    fifo/wp_g_reg_n_0_[1]
    SLICE_X56Y419        FDRE                                         r  fifo/wp_g_s1_reg[1]/D
  -------------------------------------------------------------------    -------------------

                         max delay                    5.000     5.000    
    SLICE_X56Y419        FDRE (Setup_HFF2_SLICEM_C_D)
                                                      0.027     5.027    fifo/wp_g_s1_reg[1]
  -------------------------------------------------------------------
                         required time                          5.027    
                         arrival time                          -0.743    
  -------------------------------------------------------------------
                         slack                                  4.284    

Slack (MET) :             4.439ns  (required time - arrival time)
  Source:                 fifo/wp_g_reg[2]/C
                            (rising edge-triggered cell FDRE clocked by tck  {rise@0.000ns fall@18.518ns period=37.037ns})
  Destination:            fifo/wp_g_s1_reg[2]/D
                            (rising edge-triggered cell FDRE clocked by aclk  {rise@0.000ns fall@2.500ns period=5.000ns})
  Path Group:             aclk
  Path Type:              Setup (Max at Slow Process Corner)
  Requirement:            5.000ns  (MaxDelay Path 5.000ns)
  Data Path Delay:        0.588ns  (logic 0.093ns (15.816%)  route 0.495ns (84.184%))
  Logic Levels:           0  
  Timing Exception:       MaxDelay Path 5.000ns -datapath_only

    Location             Delay type                Incr(ns)  Path(ns)    Netlist Resource(s)
  -------------------------------------------------------------------    -------------------
    SLICE_X56Y419                                     0.000     0.000 r  fifo/wp_g_reg[2]/C
    SLICE_X56Y419        FDRE (Prop_AFF_SLICEM_C_Q)
                                                      0.093     0.093 r  fifo/wp_g_reg[2]/Q
                         net (fo=1, routed)           0.495     0.588    fifo/wp_g_reg_n_0_[2]
    SLICE_X57Y419        FDRE                                         r  fifo/wp_g_s1_reg[2]/D
  -------------------------------------------------------------------    -------------------

                         max delay                    5.000     5.000    
    SLICE_X57Y419        FDRE (Setup_CFF2_SLICEM_C_D)
                                                      0.027     5.027    fifo/wp_g_s1_reg[2]
  -------------------------------------------------------------------
                         required time                          5.027    
                         arrival time                          -0.588    
  -------------------------------------------------------------------
                         slack                                  4.439    

Slack (MET) :             4.470ns  (required time - arrival time)
  Source:                 fifo/wp_g_reg[0]/C
                            (rising edge-triggered cell FDRE clocked by tck  {rise@0.000ns fall@18.518ns period=37.037ns})
  Destination:            fifo/wp_g_s1_reg[0]/D
                            (rising edge-triggered cell FDRE clocked by aclk  {rise@0.000ns fall@2.500ns period=5.000ns})
  Path Group:             aclk
  Path Type:              Setup (Max at Slow Process Corner)
  Requirement:            5.000ns  (MaxDelay Path 5.000ns)
  Data Path Delay:        0.557ns  (logic 0.096ns (17.235%)  route 0.461ns (82.765%))
  Logic Levels:           0  
  Timing Exception:       MaxDelay Path 5.000ns -datapath_only

    Location             Delay type                Incr(ns)  Path(ns)    Netlist Resource(s)
  -------------------------------------------------------------------    -------------------
    SLICE_X57Y419                                     0.000     0.000 r  fifo/wp_g_reg[0]/C
    SLICE_X57Y419        FDRE (Prop_HFF_SLICEM_C_Q)
                                                      0.096     0.096 r  fifo/wp_g_reg[0]/Q
                         net (fo=1, routed)           0.461     0.557    fifo/wp_g_reg_n_0_[0]
    SLICE_X57Y419        FDRE                                         r  fifo/wp_g_s1_reg[0]/D
  -------------------------------------------------------------------    -------------------

                         max delay                    5.000     5.000    
    SLICE_X57Y419        FDRE (Setup_DFF2_SLICEM_C_D)
                                                      0.027     5.027    fifo/wp_g_s1_reg[0]
  -------------------------------------------------------------------
                         required time                          5.027    
                         arrival time                          -0.557    
  -------------------------------------------------------------------
                         slack                                  4.470    

Slack (MET) :             4.535ns  (required time - arrival time)
  Source:                 fifo/wp_g_reg[6]/C
                            (rising edge-triggered cell FDRE clocked by tck  {rise@0.000ns fall@18.518ns period=37.037ns})
  Destination:            fifo/wp_g_s1_reg[6]/D
                            (rising edge-triggered cell FDRE clocked by aclk  {rise@0.000ns fall@2.500ns period=5.000ns})
  Path Group:             aclk
  Path Type:              Setup (Max at Slow Process Corner)
  Requirement:            5.000ns  (MaxDelay Path 5.000ns)
  Data Path Delay:        0.492ns  (logic 0.095ns (19.309%)  route 0.397ns (80.691%))
  Logic Levels:           0  
  Timing Exception:       MaxDelay Path 5.000ns -datapath_only

    Location             Delay type                Incr(ns)  Path(ns)    Netlist Resource(s)
  -------------------------------------------------------------------    -------------------
    SLICE_X57Y420                                     0.000     0.000 r  fifo/wp_g_reg[6]/C
    SLICE_X57Y420        FDRE (Prop_GFF_SLICEM_C_Q)
                                                      0.095     0.095 r  fifo/wp_g_reg[6]/Q
                         net (fo=1, routed)           0.397     0.492    fifo/wp_g_reg_n_0_[6]
    SLICE_X57Y420        FDRE                                         r  fifo/wp_g_s1_reg[6]/D
  -------------------------------------------------------------------    -------------------

                         max delay                    5.000     5.000    
    SLICE_X57Y420        FDRE (Setup_DFF2_SLICEM_C_D)
                                                      0.027     5.027    fifo/wp_g_s1_reg[6]
  -------------------------------------------------------------------
                         required time                          5.027    
                         arrival time                          -0.492    
  -------------------------------------------------------------------
                         slack                                  4.535    

Slack (MET) :             4.559ns  (required time - arrival time)
  Source:                 sync/ack_reg/C
                            (rising edge-triggered cell FDRE clocked by tck  {rise@0.000ns fall@18.518ns period=37.037ns})
  Destination:            sync/ack_s1_reg/D
                            (rising edge-triggered cell FDRE clocked by aclk  {rise@0.000ns fall@2.500ns period=5.000ns})
  Path Group:             aclk
  Path Type:              Setup (Max at Slow Process Corner)
  Requirement:            5.000ns  (MaxDelay Path 5.000ns)
  Data Path Delay:        0.468ns  (logic 0.096ns (20.496%)  route 0.372ns (79.504%))
  Logic Levels:           0  
  Timing Exception:       MaxDelay Path 5.000ns -datapath_only

    Location             Delay type                Incr(ns)  Path(ns)    Netlist Resource(s)
  -------------------------------------------------------------------    -------------------
    SLICE_X71Y419                                     0.000     0.000 r  sync/ack_reg/C
    SLICE_X71Y419        FDRE (Prop_HFF_SLICEM_C_Q)
                                                      0.096     0.096 r  sync/ack_reg/Q
                         net (fo=2, routed)           0.372     0.468    sync/ack
    SLICE_X71Y419        FDRE                                         r  sync/ack_s1_reg/D
  -------------------------------------------------------------------    -------------------

                         max delay                    5.000     5.000    
    SLICE_X71Y419        FDRE (Setup_DFF2_SLICEM_C_D)
                                                      0.027     5.027    sync/ack_s1_reg
  -------------------------------------------------------------------
                         required time                          5.027    
                         arrival time                          -0.468    
  -------------------------------------------------------------------
                         slack                                  4.559    

Slack (MET) :             4.561ns  (required time - arrival time)
  Source:                 fifo/wp_reg[7]/C
                            (rising edge-triggered cell FDRE clocked by tck  {rise@0.000ns fall@18.518ns period=37.037ns})
  Destination:            fifo/wp_g_s1_reg[7]/D
                            (rising edge-triggered cell FDRE clocked by aclk  {rise@0.000ns fall@2.500ns period=5.000ns})
  Path Group:             aclk
  Path Type:              Setup (Max at Slow Process Corner)
  Requirement:            5.000ns  (MaxDelay Path 5.000ns)
  Data Path Delay:        0.466ns  (logic 0.098ns (21.023%)  route 0.368ns (78.977%))
  Logic Levels:           0  
  Timing Exception:       MaxDelay Path 5.000ns -datapath_only

    Location             Delay type                Incr(ns)  Path(ns)    Netlist Resource(s)
  -------------------------------------------------------------------    -------------------
    SLICE_X57Y420                                     0.000     0.000 r  fifo/wp_reg[7]/C
    SLICE_X57Y420        FDRE (Prop_GFF2_SLICEM_C_Q)
                                                      0.098     0.098 r  fifo/wp_reg[7]/Q
                         net (fo=4, routed)           0.368     0.466    fifo/wp_reg__0[7]
    SLICE_X57Y420        FDRE                                         r  fifo/wp_g_s1_reg[7]/D
  -------------------------------------------------------------------    -------------------

                         max delay                    5.000     5.000    
    SLICE_X57Y420        FDRE (Setup_CFF2_SLICEM_C_D)
                                                      0.027     5.027    fifo/wp_g_s1_reg[7]
  -------------------------------------------------------------------
                         required time                          5.027    
                         arrival time                          -0.466    
  -------------------------------------------------------------------
                         slack                                  4.561    

Slack (MET) :             4.571ns  (required time - arrival time)
  Source:                 fifo/wp_g_reg[4]/C
                            (rising edge-triggered cell FDRE clocked by tck  {rise@0.000ns fall@18.518ns period=37.037ns})
  Destination:            fifo/wp_g_s1_reg[4]/D
                            (rising edge-triggered cell FDRE clocked by aclk  {rise@0.000ns fall@2.500ns period=5.000ns})
  Path Group:             aclk
  Path Type:              Setup (Max at Slow Process Corner)
  Requirement:            5.000ns  (MaxDelay Path 5.000ns)
  Data Path Delay:        0.456ns  (logic 0.095ns (20.833%)  route 0.361ns (79.167%))
  Logic Levels:           0  
  Timing Exception:       MaxDelay Path 5.000ns -datapath_only

    Location             Delay type                Incr(ns)  Path(ns)    Netlist Resource(s)
  -------------------------------------------------------------------    -------------------
    SLICE_X56Y418                                     0.000     0.000 r  fifo/wp_g_reg[4]/C
    SLICE_X56Y418        FDRE (Prop_CFF_SLICEM_C_Q)
                                                      0.095     0.095 r  fifo/wp_g_reg[4]/Q
                         net (fo=1, routed)           0.361     0.456    fifo/wp_g_reg_n_0_[4]
    SLICE_X56Y418        FDRE                                         r  fifo/wp_g_s1_reg[4]/D
  -------------------------------------------------------------------    -------------------

                         max delay                    5.000     5.000    
    SLICE_X56Y418        FDRE (Setup_HFF2_SLICEM_C_D)
                                                      0.027     5.027    fifo/wp_g_s1_reg[4]
  -------------------------------------------------------------------
                         required time                          5.027    
                         arrival time                          -0.456    
  -------------------------------------------------------------------
                         slack                                  4.571    

Slack (MET) :             4.621ns  (required time - arrival time)
  Source:                 fifo/wp_g_reg[3]/C
                            (rising edge-triggered cell FDRE clocked by tck  {rise@0.000ns fall@18.518ns period=37.037ns})
  Destination:            fifo/wp_g_s1_reg[3]/D
                            (rising edge-triggered cell FDRE clocked by aclk  {rise@0.000ns fall@2.500ns period=5.000ns})
  Path Group:             aclk
  Path Type:              Setup (Max at Slow Process Corner)
  Requirement:            5.000ns  (MaxDelay Path 5.000ns)
  Data Path Delay:        0.406ns  (logic 0.093ns (22.906%)  route 0.313ns (77.094%))
  Logic Levels:           0  
  Timing Exception:       MaxDelay Path 5.000ns -datapath_only

    Location             Delay type                Incr(ns)  Path(ns)    Netlist Resource(s)
  -------------------------------------------------------------------    -------------------
    SLICE_X57Y420                                     0.000     0.000 r  fifo/wp_g_reg[3]/C
    SLICE_X57Y420        FDRE (Prop_EFF_SLICEM_C_Q)
                                                      0.093     0.093 r  fifo/wp_g_reg[3]/Q
                         net (fo=1, routed)           0.313     0.406    fifo/wp_g_reg_n_0_[3]
    SLICE_X57Y421        FDRE                                         r  fifo/wp_g_s1_reg[3]/D
  -------------------------------------------------------------------    -------------------

                         max delay                    5.000     5.000    
    SLICE_X57Y421        FDRE (Setup_DFF2_SLICEM_C_D)
                                                      0.027     5.027    fifo/wp_g_s1_reg[3]
  -------------------------------------------------------------------
                         required time                          5.027    
                         arrival time                          -0.406    
  -------------------------------------------------------------------
                         slack                                  4.621    

Slack (MET) :             4.627ns  (required time - arrival time)
  Source:                 fifo/wp_g_reg[5]/C
                            (rising edge-triggered cell FDRE clocked by tck  {rise@0.000ns fall@18.518ns period=37.037ns})
  Destination:            fifo/wp_g_s1_reg[5]/D
                            (rising edge-triggered cell FDRE clocked by aclk  {rise@0.000ns fall@2.500ns period=5.000ns})
  Path Group:             aclk
  Path Type:              Setup (Max at Slow Process Corner)
  Requirement:            5.000ns  (MaxDelay Path 5.000ns)
  Data Path Delay:        0.400ns  (logic 0.096ns (24.000%)  route 0.304ns (76.000%))
  Logic Levels:           0  
  Timing Exception:       MaxDelay Path 5.000ns -datapath_only

    Location             Delay type                Incr(ns)  Path(ns)    Netlist Resource(s)
  -------------------------------------------------------------------    -------------------
    SLICE_X57Y420                                     0.000     0.000 r  fifo/wp_g_reg[5]/C
    SLICE_X57Y420        FDRE (Prop_HFF_SLICEM_C_Q)
                                                      0.096     0.096 r  fifo/wp_g_reg[5]/Q
                         net (fo=1, routed)           0.304     0.400    fifo/wp_g_reg_n_0_[5]
    SLICE_X57Y421        FDRE                                         r  fifo/wp_g_s1_reg[5]/D
  -------------------------------------------------------------------    -------------------

                         max delay                    5.000     5.000    
    SLICE_X57Y421        FDRE (Setup_CFF2_SLICEM_C_D)
                                                      0.027     5.027    fifo/wp_g_s1_reg[5]
  -------------------------------------------------------------------
                         required time                          5.027    
                         arrival time                          -0.400    
  -------------------------------------------------------------------
                         slack                                  4.627    





---------------------------------------------------------------------------------------------------
From Clock:  aclk
  To Clock:  tck

Setup :            0  Failing Endpoints,  Worst Slack        2.970ns,  Total Violation        0.000ns
Hold  :           NA  Failing Endpoints,  Worst Slack           NA  ,  Total Violation           NA
---------------------------------------------------------------------------------------------------


Max Delay Paths
--------------------------------------------------------------------------------------
Slack (MET) :             2.970ns  (required time - arrival time)
  Source:                 arst
                            (input port clocked by aclk  {rise@0.000ns fall@2.500ns period=5.000ns})
  Destination:            trst_s1_reg/D
                            (rising edge-triggered cell FDRE clocked by tck  {rise@0.000ns fall@18.518ns period=37.037ns})
  Path Group:             tck
  Path Type:              Setup (Max at Slow Process Corner)
  Requirement:            5.000ns  (MaxDelay Path 5.000ns)
  Data Path Delay:        0.057ns  (logic 0.000ns (0.000%)  route 0.057ns (100.000%))
  Logic Levels:           0  
  Input Delay:            2.000ns
  Timing Exception:       MaxDelay Path 5.000ns -datapath_only

    Location             Delay type                Incr(ns)  Path(ns)    Netlist Resource(s)
  -------------------------------------------------------------------    -------------------
                         input delay                  2.000     2.000    
                                                      0.000     2.000 r  arst (IN)
                         net (fo=383, unset)          0.057     2.057    arst
    SLICE_X58Y420        FDRE                                         r  trst_s1_reg/D
  -------------------------------------------------------------------    -------------------

                         max delay                    5.000     5.000    
    SLICE_X58Y420        FDRE (Setup_DFF2_SLICEL_C_D)
                                                      0.027     5.027    trst_s1_reg
  -------------------------------------------------------------------
                         required time                          5.027    
                         arrival time                          -2.057    
  -------------------------------------------------------------------
                         slack                                  2.970    

Slack (MET) :             4.342ns  (required time - arrival time)
  Source:                 fifo/rp_g_reg[2]/C
                            (rising edge-triggered cell FDRE clocked by aclk  {rise@0.000ns fall@2.500ns period=5.000ns})
  Destination:            fifo/rp_g_s1_reg[2]/D
                            (rising edge-triggered cell FDRE clocked by tck  {rise@0.000ns fall@18.518ns period=37.037ns})
  Path Group:             tck
  Path Type:              Setup (Max at Slow Process Corner)
  Requirement:            5.000ns  (MaxDelay Path 5.000ns)
  Data Path Delay:        0.685ns  (logic 0.096ns (14.015%)  route 0.589ns (85.985%))
  Logic Levels:           0  
  Timing Exception:       MaxDelay Path 5.000ns -datapath_only

    Location             Delay type                Incr(ns)  Path(ns)    Netlist Resource(s)
  -------------------------------------------------------------------    -------------------
    SLICE_X57Y418                                     0.000     0.000 r  fifo/rp_g_reg[2]/C
    SLICE_X57Y418        FDRE (Prop_HFF_SLICEM_C_Q)
                                                      0.096     0.096 r  fifo/rp_g_reg[2]/Q
                         net (fo=1, routed)           0.589     0.685    fifo/rp_g[2]
    SLICE_X57Y418        FDRE                                         r  fifo/rp_g_s1_reg[2]/D
  -------------------------------------------------------------------    -------------------

                         max delay                    5.000     5.000    
    SLICE_X57Y418        FDRE (Setup_DFF2_SLICEM_C_D)
                                                      0.027     5.027    fifo/rp_g_s1_reg[2]
  -------------------------------------------------------------------
                         required time                          5.027    
                         arrival time                          -0.685    
  -------------------------------------------------------------------
                         slack                                  4.342    

Slack (MET) :             4.441ns  (required time - arrival time)
  Source:                 fifo/rp_g_reg[6]/C
                            (rising edge-triggered cell FDRE clocked by aclk  {rise@0.000ns fall@2.500ns period=5.000ns})
  Destination:            fifo/rp_g_s1_reg[6]/D
                            (rising edge-triggered cell FDRE clocked by tck  {rise@0.000ns fall@18.518ns period=37.037ns})
  Path Group:             tck
  Path Type:              Setup (Max at Slow Process Corner)
  Requirement:            5.000ns  (MaxDelay Path 5.000ns)
  Data Path Delay:        0.586ns  (logic 0.095ns (16.212%)  route 0.491ns (83.788%))
  Logic Levels:           0  
  Timing Exception:       MaxDelay Path 5.000ns -datapath_only

    Location             Delay type                Incr(ns)  Path(ns)    Netlist Resource(s)
  -------------------------------------------------------------------    -------------------
    SLICE_X57Y418                                     0.000     0.000 r  fifo/rp_g_reg[6]/C
    SLICE_X57Y418        FDRE (Prop_GFF_SLICEM_C_Q)
                                                      0.095     0.095 r  fifo/rp_g_reg[6]/Q
                         net (fo=1, routed)           0.491     0.586    fifo/rp_g[6]
    SLICE_X57Y418        FDRE                                         r  fifo/rp_g_s1_reg[6]/D
  -------------------------------------------------------------------    -------------------

                         max delay                    5.000     5.000    
    SLICE_X57Y418        FDRE (Setup_CFF2_SLICEM_C_D)
                                                      0.027     5.027    fifo/rp_g_s1_reg[6]
  -------------------------------------------------------------------
                         required time                          5.027    
                         arrival time                          -0.586    
  -------------------------------------------------------------------
                         slack                                  4.441    

Slack (MET) :             4.477ns  (required time - arrival time)
  Source:                 fifo/rp_g_reg[0]/C
                            (rising edge-triggered cell FDRE clocked by aclk  {rise@0.000ns fall@2.500ns period=5.000ns})
  Destination:            fifo/rp_g_s1_reg[0]/D
                            (rising edge-triggered cell FDRE clocked by tck  {rise@0.000ns fall@18.518ns period=37.037ns})
  Path Group:             tck
  Path Type:              Setup (Max at Slow Process Corner)
  Requirement:            5.000ns  (MaxDelay Path 5.000ns)
  Data Path Delay:        0.550ns  (logic 0.098ns (17.818%)  route 0.452ns (82.182%))
  Logic Levels:           0  
  Timing Exception:       MaxDelay Path 5.000ns -datapath_only

    Location             Delay type                Incr(ns)  Path(ns)    Netlist Resource(s)
  -------------------------------------------------------------------    -------------------
    SLICE_X58Y419                                     0.000     0.000 r  fifo/rp_g_reg[0]/C
    SLICE_X58Y419        FDRE (Prop_DFF2_SLICEL_C_Q)
                                                      0.098     0.098 r  fifo/rp_g_reg[0]/Q
                         net (fo=1, routed)           0.452     0.550    fifo/rp_g[0]
    SLICE_X58Y419        FDRE                                         r  fifo/rp_g_s1_reg[0]/D
  -------------------------------------------------------------------    -------------------

                         max delay                    5.000     5.000    
    SLICE_X58Y419        FDRE (Setup_HFF2_SLICEL_C_D)
                                                      0.027     5.027    fifo/rp_g_s1_reg[0]
  -------------------------------------------------------------------
                         required time                          5.027    
                         arrival time                          -0.550    
  -------------------------------------------------------------------
                         slack                                  4.477    

Slack (MET) :             4.543ns  (required time - arrival time)
  Source:                 fifo/rp_reg[7]/C
                            (rising edge-triggered cell FDRE clocked by aclk  {rise@0.000ns fall@2.500ns period=5.000ns})
  Destination:            fifo/rp_g_s1_reg[7]/D
                            (rising edge-triggered cell FDRE clocked by tck  {rise@0.000ns fall@18.518ns period=37.037ns})
  Path Group:             tck
  Path Type:              Setup (Max at Slow Process Corner)
  Requirement:            5.000ns  (MaxDelay Path 5.000ns)
  Data Path Delay:        0.484ns  (logic 0.098ns (20.232%)  route 0.386ns (79.768%))
  Logic Levels:           0  
  Timing Exception:       MaxDelay Path 5.000ns -datapath_only

    Location             Delay type                Incr(ns)  Path(ns)    Netlist Resource(s)
  -------------------------------------------------------------------    -------------------
    SLICE_X57Y418                                     0.000     0.000 r  fifo/rp_reg[7]/C
    SLICE_X57Y418        FDRE (Prop_GFF2_SLICEM_C_Q)
                                                      0.098     0.098 r  fifo/rp_reg[7]/Q
                         net (fo=4, routed)           0.386     0.484    fifo/rp_reg[7]
    SLICE_X57Y419        FDRE                                         r  fifo/rp_g_s1_reg[7]/D
  -------------------------------------------------------------------    -------------------

                         max delay                    5.000     5.000    
    SLICE_X57Y419        FDRE (Setup_HFF2_SLICEM_C_D)
                                                      0.027     5.027    fifo/rp_g_s1_reg[7]
  -------------------------------------------------------------------
                         required time                          5.027    
                         arrival time                          -0.484    
  -------------------------------------------------------------------
                         slack                                  4.543    

Slack (MET) :             4.544ns  (required time - arrival time)
  Source:                 fifo/rp_g_reg[3]/C
                            (rising edge-triggered cell FDRE clocked by aclk  {rise@0.000ns fall@2.500ns period=5.000ns})
  Destination:            fifo/rp_g_s1_reg[3]/D
                            (rising edge-triggered cell FDRE clocked by tck  {rise@0.000ns fall@18.518ns period=37.037ns})
  Path Group:             tck
  Path Type:              Setup (Max at Slow Process Corner)
  Requirement:            5.000ns  (MaxDelay Path 5.000ns)
  Data Path Delay:        0.483ns  (logic 0.093ns (19.255%)  route 0.390ns (80.745%))
  Logic Levels:           0  
  Timing Exception:       MaxDelay Path 5.000ns -datapath_only

    Location             Delay type                Incr(ns)  Path(ns)    Netlist Resource(s)
  -------------------------------------------------------------------    -------------------
    SLICE_X57Y417                                     0.000     0.000 r  fifo/rp_g_reg[3]/C
    SLICE_X57Y417        FDRE (Prop_AFF_SLICEM_C_Q)
                                                      0.093     0.093 r  fifo/rp_g_reg[3]/Q
                         net (fo=1, routed)           0.390     0.483    fifo/rp_g[3]
    SLICE_X57Y417        FDRE                                         r  fifo/rp_g_s1_reg[3]/D
  -------------------------------------------------------------------    -------------------

                         max delay                    5.000     5.000    
    SLICE_X57Y417        FDRE (Setup_HFF2_SLICEM_C_D)
                                                      0.027     5.027    fifo/rp_g_s1_reg[3]
  -------------------------------------------------------------------
                         required time                          5.027    
                         arrival time                          -0.483    
  -------------------------------------------------------------------
                         slack                                  4.544    

Slack (MET) :             4.550ns  (required time - arrival time)
  Source:                 fifo/rp_g_reg[5]/C
                            (rising edge-triggered cell FDRE clocked by aclk  {rise@0.000ns fall@2.500ns period=5.000ns})
  Destination:            fifo/rp_g_s1_reg[5]/D
                            (rising edge-triggered cell FDRE clocked by tck  {rise@0.000ns fall@18.518ns period=37.037ns})
  Path Group:             tck
  Path Type:              Setup (Max at Slow Process Corner)
  Requirement:            5.000ns  (MaxDelay Path 5.000ns)
  Data Path Delay:        0.477ns  (logic 0.095ns (19.916%)  route 0.382ns (80.084%))
  Logic Levels:           0  
  Timing Exception:       MaxDelay Path 5.000ns -datapath_only

    Location             Delay type                Incr(ns)  Path(ns)    Netlist Resource(s)
  -------------------------------------------------------------------    -------------------
    SLICE_X57Y417                                     0.000     0.000 r  fifo/rp_g_reg[5]/C
    SLICE_X57Y417        FDRE (Prop_CFF_SLICEM_C_Q)
                                                      0.095     0.095 r  fifo/rp_g_reg[5]/Q
                         net (fo=1, routed)           0.382     0.477    fifo/rp_g[5]
    SLICE_X57Y417        FDRE                                         r  fifo/rp_g_s1_reg[5]/D
  -------------------------------------------------------------------    -------------------

                         max delay                    5.000     5.000    
    SLICE_X57Y417        FDRE (Setup_GFF2_SLICEM_C_D)
                                                      0.027     5.027    fifo/rp_g_s1_reg[5]
  -------------------------------------------------------------------
                         required time                          5.027    
                         arrival time                          -0.477    
  -------------------------------------------------------------------
                         slack                                  4.550    

Slack (MET) :             4.558ns  (required time - arrival time)
  Source:                 fifo/rp_g_reg[1]/C
                            (rising edge-triggered cell FDRE clocked by aclk  {rise@0.000ns fall@2.500ns period=5.000ns})
  Destination:            fifo/rp_g_s1_reg[1]/D
                            (rising edge-triggered cell FDRE clocked by tck  {rise@0.000ns fall@18.518ns period=37.037ns})
  Path Group:             tck
  Path Type:              Setup (Max at Slow Process Corner)
  Requirement:            5.000ns  (MaxDelay Path 5.000ns)
  Data Path Delay:        0.469ns  (logic 0.096ns (20.469%)  route 0.373ns (79.531%))
  Logic Levels:           0  
  Timing Exception:       MaxDelay Path 5.000ns -datapath_only

    Location             Delay type                Incr(ns)  Path(ns)    Netlist Resource(s)
  -------------------------------------------------------------------    -------------------
    SLICE_X58Y418                                     0.000     0.000 r  fifo/rp_g_reg[1]/C
    SLICE_X58Y418        FDRE (Prop_FFF_SLICEL_C_Q)
                                                      0.096     0.096 r  fifo/rp_g_reg[1]/Q
                         net (fo=1, routed)           0.373     0.469    fifo/rp_g[1]
    SLICE_X58Y418        FDRE                                         r  fifo/rp_g_s1_reg[1]/D
  -------------------------------------------------------------------    -------------------

                         max delay                    5.000     5.000    
    SLICE_X58Y418        FDRE (Setup_DFF2_SLICEL_C_D)
                                                      0.027     5.027    fifo/rp_g_s1_reg[1]
  -------------------------------------------------------------------
                         required time                          5.027    
                         arrival time                          -0.469    
  -------------------------------------------------------------------
                         slack                                  4.558    

Slack (MET) :             4.622ns  (required time - arrival time)
  Source:                 sync/pub_reg/C
                            (rising edge-triggered cell FDRE clocked by aclk  {rise@0.000ns fall@2.500ns period=5.000ns})
  Destination:            sync/tgl_s1_reg/D
                            (rising edge-triggered cell FDRE clocked by tck  {rise@0.000ns fall@18.518ns period=37.037ns})
  Path Group:             tck
  Path Type:              Setup (Max at Slow Process Corner)
  Requirement:            5.000ns  (MaxDelay Path 5.000ns)
  Data Path Delay:        0.405ns  (logic 0.096ns (23.719%)  route 0.309ns (76.281%))
  Logic Levels:           0  
  Timing Exception:       MaxDelay Path 5.000ns -datapath_only

    Location             Delay type                Incr(ns)  Path(ns)    Netlist Resource(s)
  -------------------------------------------------------------------    -------------------
    SLICE_X71Y419                                     0.000     0.000 r  sync/pub_reg/C
    SLICE_X71Y419        FDRE (Prop_DFF_SLICEM_C_Q)
                                                      0.096     0.096 r  sync/pub_reg/Q
                         net (fo=3, routed)           0.309     0.405    sync/pub
    SLICE_X71Y419        FDRE                                         r  sync/tgl_s1_reg/D
  -------------------------------------------------------------------    -------------------

                         max delay                    5.000     5.000    
    SLICE_X71Y419        FDRE (Setup_HFF2_SLICEM_C_D)
                                                      0.027     5.027    sync/tgl_s1_reg
  -------------------------------------------------------------------
                         required time                          5.027    
                         arrival time                          -0.405    
  -------------------------------------------------------------------
                         slack                                  4.622    

Slack (MET) :             4.703ns  (required time - arrival time)
  Source:                 fifo/rp_g_reg[4]/C
                            (rising edge-triggered cell FDRE clocked by aclk  {rise@0.000ns fall@2.500ns period=5.000ns})
  Destination:            fifo/rp_g_s1_reg[4]/D
                            (rising edge-triggered cell FDRE clocked by tck  {rise@0.000ns fall@18.518ns period=37.037ns})
  Path Group:             tck
  Path Type:              Setup (Max at Slow Process Corner)
  Requirement:            5.000ns  (MaxDelay Path 5.000ns)
  Data Path Delay:        0.324ns  (logic 0.096ns (29.630%)  route 0.228ns (70.370%))
  Logic Levels:           0  
  Timing Exception:       MaxDelay Path 5.000ns -datapath_only

    Location             Delay type                Incr(ns)  Path(ns)    Netlist Resource(s)
  -------------------------------------------------------------------    -------------------
    SLICE_X58Y418                                     0.000     0.000 r  fifo/rp_g_reg[4]/C
    SLICE_X58Y418        FDRE (Prop_EFF_SLICEL_C_Q)
                                                      0.096     0.096 r  fifo/rp_g_reg[4]/Q
                         net (fo=1, routed)           0.228     0.324    fifo/rp_g[4]
    SLICE_X58Y418        FDRE                                         r  fifo/rp_g_s1_reg[4]/D
  -------------------------------------------------------------------    -------------------

                         max delay                    5.000     5.000    
    SLICE_X58Y418        FDRE (Setup_CFF2_SLICEL_C_D)
                                                      0.027     5.027    fifo/rp_g_s1_reg[4]
  -------------------------------------------------------------------
                         required time                          5.027    
                         arrival time                          -0.324    
  -------------------------------------------------------------------
                         slack                                  4.703    

Slack (MET) :             36.481ns  (required time - arrival time)
  Source:                 sync/snap_reg[209]/C
                            (rising edge-triggered cell FDRE clocked by aclk  {rise@0.000ns fall@2.500ns period=5.000ns})
  Destination:            sync/st_r_reg[209]/D
                            (rising edge-triggered cell FDRE clocked by tck  {rise@0.000ns fall@18.518ns period=37.037ns})
  Path Group:             tck
  Path Type:              Setup (Max at Slow Process Corner)
  Requirement:            37.037ns  (MaxDelay Path 37.037ns)
  Data Path Delay:        0.583ns  (logic 0.095ns (16.295%)  route 0.488ns (83.705%))
  Logic Levels:           0  
  Timing Exception:       MaxDelay Path 37.037ns -datapath_only

    Location             Delay type                Incr(ns)  Path(ns)    Netlist Resource(s)
  -------------------------------------------------------------------    -------------------
    SLICE_X72Y400                                     0.000     0.000 r  sync/snap_reg[209]/C
    SLICE_X72Y400        FDRE (Prop_GFF_SLICEM_C_Q)
                                                      0.095     0.095 r  sync/snap_reg[209]/Q
                         net (fo=1, routed)           0.488     0.583    sync/snap[209]
    SLICE_X72Y400        FDRE                                         r  sync/st_r_reg[209]/D
  -------------------------------------------------------------------    -------------------

                         max delay                   37.037    37.037    
    SLICE_X72Y400        FDRE (Setup_BFF_SLICEM_C_D)
                                                      0.027    37.064    sync/st_r_reg[209]
  -------------------------------------------------------------------
                         required time                         37.064    
                         arrival time                          -0.583    
  -------------------------------------------------------------------
                         slack                                 36.481    

Slack (MET) :             36.482ns  (required time - arrival time)
  Source:                 sync/snap_reg[57]/C
                            (rising edge-triggered cell FDRE clocked by aclk  {rise@0.000ns fall@2.500ns period=5.000ns})
  Destination:            sync/st_r_reg[57]/D
                            (rising edge-triggered cell FDRE clocked by tck  {rise@0.000ns fall@18.518ns period=37.037ns})
  Path Group:             tck
  Path Type:              Setup (Max at Slow Process Corner)
  Requirement:            37.037ns  (MaxDelay Path 37.037ns)
  Data Path Delay:        0.582ns  (logic 0.096ns (16.495%)  route 0.486ns (83.505%))
  Logic Levels:           0  
  Timing Exception:       MaxDelay Path 37.037ns -datapath_only

    Location             Delay type                Incr(ns)  Path(ns)    Netlist Resource(s)
  -------------------------------------------------------------------    -------------------
    SLICE_X64Y406                                     0.000     0.000 r  sync/snap_reg[57]/C
    SLICE_X64Y406        FDRE (Prop_FFF_SLICEL_C_Q)
                                                      0.096     0.096 r  sync/snap_reg[57]/Q
                         net (fo=1, routed)           0.486     0.582    sync/snap[57]
    SLICE_X64Y406        FDRE                                         r  sync/st_r_reg[57]/D
  -------------------------------------------------------------------    -------------------

                         max delay                   37.037    37.037    
    SLICE_X64Y406        FDRE (Setup_BFF2_SLICEL_C_D)
                                                      0.027    37.064    sync/st_r_reg[57]
  -------------------------------------------------------------------
                         required time                         37.064    
                         arrival time                          -0.582    
  -------------------------------------------------------------------
                         slack                                 36.482    

Slack (MET) :             36.488ns  (required time - arrival time)
  Source:                 sync/snap_reg[197]/C
                            (rising edge-triggered cell FDRE clocked by aclk  {rise@0.000ns fall@2.500ns period=5.000ns})
  Destination:            sync/st_r_reg[197]/D
                            (rising edge-triggered cell FDRE clocked by tck  {rise@0.000ns fall@18.518ns period=37.037ns})
  Path Group:             tck
  Path Type:              Setup (Max at Slow Process Corner)
  Requirement:            37.037ns  (MaxDelay Path 37.037ns)
  Data Path Delay:        0.576ns  (logic 0.096ns (16.667%)  route 0.480ns (83.333%))
  Logic Levels:           0  
  Timing Exception:       MaxDelay Path 37.037ns -datapath_only

    Location             Delay type                Incr(ns)  Path(ns)    Netlist Resource(s)
  -------------------------------------------------------------------    -------------------
    SLICE_X72Y400                                     0.000     0.000 r  sync/snap_reg[197]/C
    SLICE_X72Y400        FDRE (Prop_HFF_SLICEM_C_Q)
                                                      0.096     0.096 r  sync/snap_reg[197]/Q
                         net (fo=1, routed)           0.480     0.576    sync/snap[197]
    SLICE_X72Y400        FDRE                                         r  sync/st_r_reg[197]/D
  -------------------------------------------------------------------    -------------------

                         max delay                   37.037    37.037    
    SLICE_X72Y400        FDRE (Setup_AFF_SLICEM_C_D)
                                                      0.027    37.064    sync/st_r_reg[197]
  -------------------------------------------------------------------
                         required time                         37.064    
                         arrival time                          -0.576    
  -------------------------------------------------------------------
                         slack                                 36.488    

Slack (MET) :             36.491ns  (required time - arrival time)
  Source:                 sync/snap_reg[331]/C
                            (rising edge-triggered cell FDRE clocked by aclk  {rise@0.000ns fall@2.500ns period=5.000ns})
  Destination:            sync/st_r_reg[331]/D
                            (rising edge-triggered cell FDRE clocked by tck  {rise@0.000ns fall@18.518ns period=37.037ns})
  Path Group:             tck
  Path Type:              Setup (Max at Slow Process Corner)
  Requirement:            37.037ns  (MaxDelay Path 37.037ns)
  Data Path Delay:        0.573ns  (logic 0.093ns (16.230%)  route 0.480ns (83.770%))
  Logic Levels:           0  
  Timing Exception:       MaxDelay Path 37.037ns -datapath_only

    Location             Delay type                Incr(ns)  Path(ns)    Netlist Resource(s)
  -------------------------------------------------------------------    -------------------
    SLICE_X72Y419                                     0.000     0.000 r  sync/snap_reg[331]/C
    SLICE_X72Y419        FDRE (Prop_EFF_SLICEM_C_Q)
                                                      0.093     0.093 r  sync/snap_reg[331]/Q
                         net (fo=1, routed)           0.480     0.573    sync/snap[331]
    SLICE_X72Y419        FDRE                                         r  sync/st_r_reg[331]/D
  -------------------------------------------------------------------    -------------------

                         max delay                   37.037    37.037    
    SLICE_X72Y419        FDRE (Setup_DFF2_SLICEM_C_D)
                                                      0.027    37.064    sync/st_r_reg[331]
  -------------------------------------------------------------------
                         required time                         37.064    
                         arrival time                          -0.573    
  -------------------------------------------------------------------
                         slack                                 36.491    

Slack (MET) :             36.497ns  (required time - arrival time)
  Source:                 sync/snap_reg[55]/C
                            (rising edge-triggered cell FDRE clocked by aclk  {rise@0.000ns fall@2.500ns period=5.000ns})
  Destination:            sync/st_r_reg[55]/D
                            (rising edge-triggered cell FDRE clocked by tck  {rise@0.000ns fall@18.518ns period=37.037ns})
  Path Group:             tck
  Path Type:              Setup (Max at Slow Process Corner)
  Requirement:            37.037ns  (MaxDelay Path 37.037ns)
  Data Path Delay:        0.567ns  (logic 0.096ns (16.931%)  route 0.471ns (83.069%))
  Logic Levels:           0  
  Timing Exception:       MaxDelay Path 37.037ns -datapath_only

    Location             Delay type                Incr(ns)  Path(ns)    Netlist Resource(s)
  -------------------------------------------------------------------    -------------------
    SLICE_X64Y406                                     0.000     0.000 r  sync/snap_reg[55]/C
    SLICE_X64Y406        FDRE (Prop_EFF_SLICEL_C_Q)
                                                      0.096     0.096 r  sync/snap_reg[55]/Q
                         net (fo=1, routed)           0.471     0.567    sync/snap[55]
    SLICE_X64Y406        FDRE                                         r  sync/st_r_reg[55]/D
  -------------------------------------------------------------------    -------------------

                         max delay                   37.037    37.037    
    SLICE_X64Y406        FDRE (Setup_DFF2_SLICEL_C_D)
                                                      0.027    37.064    sync/st_r_reg[55]
  -------------------------------------------------------------------
                         required time                         37.064    
                         arrival time                          -0.567    
  -------------------------------------------------------------------
                         slack                                 36.497    

Slack (MET) :             36.500ns  (required time - arrival time)
  Source:                 sync/snap_reg[121]/C
                            (rising edge-triggered cell FDRE clocked by aclk  {rise@0.000ns fall@2.500ns period=5.000ns})
  Destination:            sync/st_r_reg[121]/D
                            (rising edge-triggered cell FDRE clocked by tck  {rise@0.000ns fall@18.518ns period=37.037ns})
  Path Group:             tck
  Path Type:              Setup (Max at Slow Process Corner)
  Requirement:            37.037ns  (MaxDelay Path 37.037ns)
  Data Path Delay:        0.564ns  (logic 0.096ns (17.021%)  route 0.468ns (82.979%))
  Logic Levels:           0  
  Timing Exception:       MaxDelay Path 37.037ns -datapath_only

    Location             Delay type                Incr(ns)  Path(ns)    Netlist Resource(s)
  -------------------------------------------------------------------    -------------------
    SLICE_X68Y424                                     0.000     0.000 r  sync/snap_reg[121]/C
    SLICE_X68Y424        FDRE (Prop_EFF_SLICEL_C_Q)
                                                      0.096     0.096 r  sync/snap_reg[121]/Q
                         net (fo=1, routed)           0.468     0.564    sync/snap[121]
    SLICE_X68Y424        FDRE                                         r  sync/st_r_reg[121]/D
  -------------------------------------------------------------------    -------------------

                         max delay                   37.037    37.037    
    SLICE_X68Y424        FDRE (Setup_DFF2_SLICEL_C_D)
                                                      0.027    37.064    sync/st_r_reg[121]
  -------------------------------------------------------------------
                         required time                         37.064    
                         arrival time                          -0.564    
  -------------------------------------------------------------------
                         slack                                 36.500    

Slack (MET) :             36.503ns  (required time - arrival time)
  Source:                 sync/snap_reg[193]/C
                            (rising edge-triggered cell FDRE clocked by aclk  {rise@0.000ns fall@2.500ns period=5.000ns})
  Destination:            sync/st_r_reg[193]/D
                            (rising edge-triggered cell FDRE clocked by tck  {rise@0.000ns fall@18.518ns period=37.037ns})
  Path Group:             tck
  Path Type:              Setup (Max at Slow Process Corner)
  Requirement:            37.037ns  (MaxDelay Path 37.037ns)
  Data Path Delay:        0.561ns  (logic 0.098ns (17.469%)  route 0.463ns (82.531%))
  Logic Levels:           0  
  Timing Exception:       MaxDelay Path 37.037ns -datapath_only

    Location             Delay type                Incr(ns)  Path(ns)    Netlist Resource(s)
  -------------------------------------------------------------------    -------------------
    SLICE_X68Y398                                     0.000     0.000 r  sync/snap_reg[193]/C
    SLICE_X68Y398        FDRE (Prop_DFF2_SLICEL_C_Q)
                                                      0.098     0.098 r  sync/snap_reg[193]/Q
                         net (fo=1, routed)           0.463     0.561    sync/snap[193]
    SLICE_X72Y404        FDRE                                         r  sync/st_r_reg[193]/D
  -------------------------------------------------------------------    -------------------

                         max delay                   37.037    37.037    
    SLICE_X72Y404        FDRE (Setup_HFF2_SLICEM_C_D)
                                                      0.027    37.064    sync/st_r_reg[193]
  -------------------------------------------------------------------
                         required time                         37.064    
                         arrival time                          -0.561    
  -------------------------------------------------------------------
                         slack                                 36.503    

Slack (MET) :             36.503ns  (required time - arrival time)
  Source:                 sync/snap_reg[307]/C
                            (rising edge-triggered cell FDRE clocked by aclk  {rise@0.000ns fall@2.500ns period=5.000ns})
  Destination:            sync/st_r_reg[307]/D
                            (rising edge-triggered cell FDRE clocked by tck  {rise@0.000ns fall@18.518ns period=37.037ns})
  Path Group:             tck
  Path Type:              Setup (Max at Slow Process Corner)
  Requirement:            37.037ns  (MaxDelay Path 37.037ns)
  Data Path Delay:        0.561ns  (logic 0.099ns (17.647%)  route 0.462ns (82.353%))
  Logic Levels:           0  
  Timing Exception:       MaxDelay Path 37.037ns -datapath_only

    Location             Delay type                Incr(ns)  Path(ns)    Netlist Resource(s)
  -------------------------------------------------------------------    -------------------
    SLICE_X75Y424                                     0.000     0.000 r  sync/snap_reg[307]/C
    SLICE_X75Y424        FDRE (Prop_AFF2_SLICEL_C_Q)
                                                      0.099     0.099 r  sync/snap_reg[307]/Q
                         net (fo=1, routed)           0.462     0.561    sync/snap[307]
    SLICE_X74Y424        FDRE                                         r  sync/st_r_reg[307]/D
  -------------------------------------------------------------------    -------------------

                         max delay                   37.037    37.037    
    SLICE_X74Y424        FDRE (Setup_BFF_SLICEM_C_D)
                                                      0.027    37.064    sync/st_r_reg[307]
  -------------------------------------------------------------------
                         required time                         37.064    
                         arrival time                          -0.561    
  -------------------------------------------------------------------
                         slack                                 36.503    

Slack (MET) :             36.504ns  (required time - arrival time)
  Source:                 sync/snap_reg[273]/C
                            (rising edge-triggered cell FDRE clocked by aclk  {rise@0.000ns fall@2.500ns period=5.000ns})
  Destination:            sync/st_r_reg[273]/D
                            (rising edge-triggered cell FDRE clocked by tck  {rise@0.000ns fall@18.518ns period=37.037ns})
  Path Group:             tck
  Path Type:              Setup (Max at Slow Process Corner)
  Requirement:            37.037ns  (MaxDelay Path 37.037ns)
  Data Path Delay:        0.560ns  (logic 0.094ns (16.786%)  route 0.466ns (83.214%))
  Logic Levels:           0  
  Timing Exception:       MaxDelay Path 37.037ns -datapath_only

    Location             Delay type                Incr(ns)  Path(ns)    Netlist Resource(s)
  -------------------------------------------------------------------    -------------------
    SLICE_X74Y421                                     0.000     0.000 r  sync/snap_reg[273]/C
    SLICE_X74Y421        FDRE (Prop_FFF_SLICEM_C_Q)
                                                      0.094     0.094 r  sync/snap_reg[273]/Q
                         net (fo=1, routed)           0.466     0.560    sync/snap[273]
    SLICE_X74Y421        FDRE                                         r  sync/st_r_reg[273]/D
  -------------------------------------------------------------------    -------------------

                         max delay                   37.037    37.037    
    SLICE_X74Y421        FDRE (Setup_BFF_SLICEM_C_D)
                                                      0.027    37.064    sync/st_r_reg[273]
  -------------------------------------------------------------------
                         required time                         37.064    
                         arrival time                          -0.560    
  -------------------------------------------------------------------
                         slack                                 36.504    

Slack (MET) :             36.513ns  (required time - arrival time)
  Source:                 sync/snap_reg[91]/C
                            (rising edge-triggered cell FDRE clocked by aclk  {rise@0.000ns fall@2.500ns period=5.000ns})
  Destination:            sync/st_r_reg[91]/D
                            (rising edge-triggered cell FDRE clocked by tck  {rise@0.000ns fall@18.518ns period=37.037ns})
  Path Group:             tck
  Path Type:              Setup (Max at Slow Process Corner)
  Requirement:            37.037ns  (MaxDelay Path 37.037ns)
  Data Path Delay:        0.551ns  (logic 0.093ns (16.878%)  route 0.458ns (83.122%))
  Logic Levels:           0  
  Timing Exception:       MaxDelay Path 37.037ns -datapath_only

    Location             Delay type                Incr(ns)  Path(ns)    Netlist Resource(s)
  -------------------------------------------------------------------    -------------------
    SLICE_X71Y415                                     0.000     0.000 r  sync/snap_reg[91]/C
    SLICE_X71Y415        FDRE (Prop_EFF_SLICEM_C_Q)
                                                      0.093     0.093 r  sync/snap_reg[91]/Q
                         net (fo=1, routed)           0.458     0.551    sync/snap[91]
    SLICE_X71Y415        FDRE                                         r  sync/st_r_reg[91]/D
  -------------------------------------------------------------------    -------------------

                         max delay                   37.037    37.037    
    SLICE_X71Y415        FDRE (Setup_DFF2_SLICEM_C_D)
                                                      0.027    37.064    sync/st_r_reg[91]
  -------------------------------------------------------------------
                         required time                         37.064    
                         arrival time                          -0.551    
  -------------------------------------------------------------------
                         slack                                 36.513    





--------------------------------------------------------------------------------------
Path Group:  (none)
From Clock:  aclk
  To Clock:  aclk

Max Delay             1 Endpoint
Min Delay             1 Endpoint
--------------------------------------------------------------------------------------


Max Delay Paths
--------------------------------------------------------------------------------------
Slack:                    inf
  Source:                 hbm_cat_trip
                            (input port clocked by aclk  {rise@0.000ns fall@2.500ns period=5.000ns})
  Destination:            trip_s1_reg/D
                            (rising edge-triggered cell FDRE clocked by aclk  {rise@0.000ns fall@2.500ns period=5.000ns})
  Path Group:             (none)
  Path Type:              Setup (Max at Slow Process Corner)
  Data Path Delay:        0.057ns  (logic 0.000ns (0.000%)  route 0.057ns (100.000%))
  Logic Levels:           0  
  Input Delay:            2.000ns
  Clock Path Skew:        0.024ns (DCD - SCD + CPR)
    Destination Clock Delay (DCD):    0.024ns
    Source Clock Delay      (SCD):    0.000ns
    Clock Pessimism Removal (CPR):    0.000ns
  Clock Uncertainty:      0.035ns  ((TSJ^2 + TIJ^2)^1/2 + DJ) / 2 + PE
    Total System Jitter     (TSJ):    0.071ns
    Total Input Jitter      (TIJ):    0.000ns
    Discrete Jitter          (DJ):    0.000ns
    Phase Error              (PE):    0.000ns
  Timing Exception:       False Path

    Location             Delay type                Incr(ns)  Path(ns)    Netlist Resource(s)
  -------------------------------------------------------------------    -------------------
                         (clock aclk rise edge)       0.000     0.000 r  
                         input delay                  2.000     2.000    
                                                      0.000     2.000 r  hbm_cat_trip (IN)
                         net (fo=0)                   0.057     2.057    hbm_cat_trip
    SLICE_X68Y408        FDRE                                         r  trip_s1_reg/D
  -------------------------------------------------------------------    -------------------

                         (clock aclk rise edge)       0.000     0.000 r  
                                                      0.000     0.000 r  aclk (IN)
                         net (fo=1602, unset)         0.024     0.024    aclk
    SLICE_X68Y408        FDRE                                         r  trip_s1_reg/C





Min Delay Paths
--------------------------------------------------------------------------------------
Slack:                    inf
  Source:                 hbm_cat_trip
                            (input port clocked by aclk  {rise@0.000ns fall@2.500ns period=5.000ns})
  Destination:            trip_s1_reg/D
                            (rising edge-triggered cell FDRE clocked by aclk  {rise@0.000ns fall@2.500ns period=5.000ns})
  Path Group:             (none)
  Path Type:              Hold (Min at Fast Process Corner)
  Data Path Delay:        0.007ns  (logic 0.000ns (0.000%)  route 0.007ns (100.000%))
  Logic Levels:           0  
  Input Delay:            0.500ns
  Clock Path Skew:        0.018ns (DCD - SCD - CPR)
    Destination Clock Delay (DCD):    0.018ns
    Source Clock Delay      (SCD):    0.000ns
    Clock Pessimism Removal (CPR):    -0.000ns
  Clock Uncertainty:      0.035ns  ((TSJ^2 + TIJ^2)^1/2 + DJ) / 2 + PE
    Total System Jitter     (TSJ):    0.071ns
    Total Input Jitter      (TIJ):    0.000ns
    Discrete Jitter          (DJ):    0.000ns
    Phase Error              (PE):    0.000ns
  Timing Exception:       False Path

    Location             Delay type                Incr(ns)  Path(ns)    Netlist Resource(s)
  -------------------------------------------------------------------    -------------------
                         (clock aclk rise edge)       0.000     0.000 r  
                         input delay                  0.500     0.500    
                                                      0.000     0.500 r  hbm_cat_trip (IN)
                         net (fo=0)                   0.007     0.507    hbm_cat_trip
    SLICE_X68Y408        FDRE                                         r  trip_s1_reg/D
  -------------------------------------------------------------------    -------------------

                         (clock aclk rise edge)       0.000     0.000 r  
                                                      0.000     0.000 r  aclk (IN)
                         net (fo=1602, unset)         0.018     0.018    aclk
    SLICE_X68Y408        FDRE                                         r  trip_s1_reg/C





--------------------------------------------------------------------------------------
Path Group:  (none)
From Clock:  tck
  To Clock:  aclk

Max Delay             0 Endpoints
Min Delay             9 Endpoints
--------------------------------------------------------------------------------------


Min Delay Paths
--------------------------------------------------------------------------------------
Slack:                    inf
  Source:                 fifo/wp_g_reg[5]/C
                            (rising edge-triggered cell FDRE clocked by tck  {rise@0.000ns fall@18.518ns period=37.037ns})
  Destination:            fifo/wp_g_s1_reg[5]/D
                            (rising edge-triggered cell FDRE clocked by aclk  {rise@0.000ns fall@2.500ns period=5.000ns})
  Path Group:             (none)
  Path Type:              Hold (Min at Fast Process Corner)
  Data Path Delay:        0.147ns  (logic 0.039ns (26.531%)  route 0.108ns (73.469%))
  Logic Levels:           0  
  Clock Path Skew:        0.006ns (DCD - SCD - CPR)
    Destination Clock Delay (DCD):    0.019ns
    Source Clock Delay      (SCD):    0.013ns
    Clock Pessimism Removal (CPR):    -0.000ns
  Clock Uncertainty:      0.035ns  ((TSJ^2 + TIJ^2)^1/2 + DJ) / 2 + PE
    Total System Jitter     (TSJ):    0.071ns
    Total Input Jitter      (TIJ):    0.000ns
    Discrete Jitter          (DJ):    0.000ns
    Phase Error              (PE):    0.000ns
  Timing Exception:       False Path

    Location             Delay type                Incr(ns)  Path(ns)    Netlist Resource(s)
  -------------------------------------------------------------------    -------------------
                         (clock tck rise edge)        0.000     0.000 r  
                                                      0.000     0.000 r  tck (IN)
                         net (fo=1343, unset)         0.013     0.013    fifo/tck
    SLICE_X57Y420        FDRE                                         r  fifo/wp_g_reg[5]/C
  -------------------------------------------------------------------    -------------------
    SLICE_X57Y420        FDRE (Prop_HFF_SLICEM_C_Q)
                                                      0.039     0.052 r  fifo/wp_g_reg[5]/Q
                         net (fo=1, routed)           0.108     0.160    fifo/wp_g_reg_n_0_[5]
    SLICE_X57Y421        FDRE                                         r  fifo/wp_g_s1_reg[5]/D
  -------------------------------------------------------------------    -------------------

                         (clock aclk rise edge)       0.000     0.000 r  
                                                      0.000     0.000 r  aclk (IN)
                         net (fo=1602, unset)         0.019     0.019    fifo/aclk
    SLICE_X57Y421        FDRE                                         r  fifo/wp_g_s1_reg[5]/C

Slack:                    inf
  Source:                 fifo/wp_g_reg[3]/C
                            (rising edge-triggered cell FDRE clocked by tck  {rise@0.000ns fall@18.518ns period=37.037ns})
  Destination:            fifo/wp_g_s1_reg[3]/D
                            (rising edge-triggered cell FDRE clocked by aclk  {rise@0.000ns fall@2.500ns period=5.000ns})
  Path Group:             (none)
  Path Type:              Hold (Min at Fast Process Corner)
  Data Path Delay:        0.148ns  (logic 0.038ns (25.676%)  route 0.110ns (74.324%))
  Logic Levels:           0  
  Clock Path Skew:        0.006ns (DCD - SCD - CPR)
    Destination Clock Delay (DCD):    0.019ns
    Source Clock Delay      (SCD):    0.013ns
    Clock Pessimism Removal (CPR):    -0.000ns
  Clock Uncertainty:      0.035ns  ((TSJ^2 + TIJ^2)^1/2 + DJ) / 2 + PE
    Total System Jitter     (TSJ):    0.071ns
    Total Input Jitter      (TIJ):    0.000ns
    Discrete Jitter          (DJ):    0.000ns
    Phase Error              (PE):    0.000ns
  Timing Exception:       False Path

    Location             Delay type                Incr(ns)  Path(ns)    Netlist Resource(s)
  -------------------------------------------------------------------    -------------------
                         (clock tck rise edge)        0.000     0.000 r  
                                                      0.000     0.000 r  tck (IN)
                         net (fo=1343, unset)         0.013     0.013    fifo/tck
    SLICE_X57Y420        FDRE                                         r  fifo/wp_g_reg[3]/C
  -------------------------------------------------------------------    -------------------
    SLICE_X57Y420        FDRE (Prop_EFF_SLICEM_C_Q)
                                                      0.038     0.051 r  fifo/wp_g_reg[3]/Q
                         net (fo=1, routed)           0.110     0.161    fifo/wp_g_reg_n_0_[3]
    SLICE_X57Y421        FDRE                                         r  fifo/wp_g_s1_reg[3]/D
  -------------------------------------------------------------------    -------------------

                         (clock aclk rise edge)       0.000     0.000 r  
                                                      0.000     0.000 r  aclk (IN)
                         net (fo=1602, unset)         0.019     0.019    fifo/aclk
    SLICE_X57Y421        FDRE                                         r  fifo/wp_g_s1_reg[3]/C

Slack:                    inf
  Source:                 fifo/wp_g_reg[4]/C
                            (rising edge-triggered cell FDRE clocked by tck  {rise@0.000ns fall@18.518ns period=37.037ns})
  Destination:            fifo/wp_g_s1_reg[4]/D
                            (rising edge-triggered cell FDRE clocked by aclk  {rise@0.000ns fall@2.500ns period=5.000ns})
  Path Group:             (none)
  Path Type:              Hold (Min at Fast Process Corner)
  Data Path Delay:        0.173ns  (logic 0.038ns (21.965%)  route 0.135ns (78.035%))
  Logic Levels:           0  
  Clock Path Skew:        0.006ns (DCD - SCD - CPR)
    Destination Clock Delay (DCD):    0.019ns
    Source Clock Delay      (SCD):    0.013ns
    Clock Pessimism Removal (CPR):    -0.000ns
  Clock Uncertainty:      0.035ns  ((TSJ^2 + TIJ^2)^1/2 + DJ) / 2 + PE
    Total System Jitter     (TSJ):    0.071ns
    Total Input Jitter      (TIJ):    0.000ns
    Discrete Jitter          (DJ):    0.000ns
    Phase Error              (PE):    0.000ns
  Timing Exception:       False Path

    Location             Delay type                Incr(ns)  Path(ns)    Netlist Resource(s)
  -------------------------------------------------------------------    -------------------
                         (clock tck rise edge)        0.000     0.000 r  
                                                      0.000     0.000 r  tck (IN)
                         net (fo=1343, unset)         0.013     0.013    fifo/tck
    SLICE_X56Y418        FDRE                                         r  fifo/wp_g_reg[4]/C
  -------------------------------------------------------------------    -------------------
    SLICE_X56Y418        FDRE (Prop_CFF_SLICEM_C_Q)
                                                      0.038     0.051 r  fifo/wp_g_reg[4]/Q
                         net (fo=1, routed)           0.135     0.186    fifo/wp_g_reg_n_0_[4]
    SLICE_X56Y418        FDRE                                         r  fifo/wp_g_s1_reg[4]/D
  -------------------------------------------------------------------    -------------------

                         (clock aclk rise edge)       0.000     0.000 r  
                                                      0.000     0.000 r  aclk (IN)
                         net (fo=1602, unset)         0.019     0.019    fifo/aclk
    SLICE_X56Y418        FDRE                                         r  fifo/wp_g_s1_reg[4]/C

Slack:                    inf
  Source:                 sync/ack_reg/C
                            (rising edge-triggered cell FDRE clocked by tck  {rise@0.000ns fall@18.518ns period=37.037ns})
  Destination:            sync/ack_s1_reg/D
                            (rising edge-triggered cell FDRE clocked by aclk  {rise@0.000ns fall@2.500ns period=5.000ns})
  Path Group:             (none)
  Path Type:              Hold (Min at Fast Process Corner)
  Data Path Delay:        0.182ns  (logic 0.039ns (21.418%)  route 0.143ns (78.582%))
  Logic Levels:           0  
  Clock Path Skew:        0.006ns (DCD - SCD - CPR)
    Destination Clock Delay (DCD):    0.019ns
    Source Clock Delay      (SCD):    0.013ns
    Clock Pessimism Removal (CPR):    -0.000ns
  Clock Uncertainty:      0.035ns  ((TSJ^2 + TIJ^2)^1/2 + DJ) / 2 + PE
    Total System Jitter     (TSJ):    0.071ns
    Total Input Jitter      (TIJ):    0.000ns
    Discrete Jitter          (DJ):    0.000ns
    Phase Error              (PE):    0.000ns
  Timing Exception:       False Path

    Location             Delay type                Incr(ns)  Path(ns)    Netlist Resource(s)
  -------------------------------------------------------------------    -------------------
                         (clock tck rise edge)        0.000     0.000 r  
                                                      0.000     0.000 r  tck (IN)
                         net (fo=1343, unset)         0.013     0.013    sync/tck
    SLICE_X71Y419        FDRE                                         r  sync/ack_reg/C
  -------------------------------------------------------------------    -------------------
    SLICE_X71Y419        FDRE (Prop_HFF_SLICEM_C_Q)
                                                      0.039     0.052 r  sync/ack_reg/Q
                         net (fo=2, routed)           0.143     0.195    sync/ack
    SLICE_X71Y419        FDRE                                         r  sync/ack_s1_reg/D
  -------------------------------------------------------------------    -------------------

                         (clock aclk rise edge)       0.000     0.000 r  
                                                      0.000     0.000 r  aclk (IN)
                         net (fo=1602, unset)         0.019     0.019    sync/aclk
    SLICE_X71Y419        FDRE                                         r  sync/ack_s1_reg/C

Slack:                    inf
  Source:                 fifo/wp_reg[7]/C
                            (rising edge-triggered cell FDRE clocked by tck  {rise@0.000ns fall@18.518ns period=37.037ns})
  Destination:            fifo/wp_g_s1_reg[7]/D
                            (rising edge-triggered cell FDRE clocked by aclk  {rise@0.000ns fall@2.500ns period=5.000ns})
  Path Group:             (none)
  Path Type:              Hold (Min at Fast Process Corner)
  Data Path Delay:        0.186ns  (logic 0.039ns (21.004%)  route 0.147ns (78.996%))
  Logic Levels:           0  
  Clock Path Skew:        0.006ns (DCD - SCD - CPR)
    Destination Clock Delay (DCD):    0.019ns
    Source Clock Delay      (SCD):    0.013ns
    Clock Pessimism Removal (CPR):    -0.000ns
  Clock Uncertainty:      0.035ns  ((TSJ^2 + TIJ^2)^1/2 + DJ) / 2 + PE
    Total System Jitter     (TSJ):    0.071ns
    Total Input Jitter      (TIJ):    0.000ns
    Discrete Jitter          (DJ):    0.000ns
    Phase Error              (PE):    0.000ns
  Timing Exception:       False Path

    Location             Delay type                Incr(ns)  Path(ns)    Netlist Resource(s)
  -------------------------------------------------------------------    -------------------
                         (clock tck rise edge)        0.000     0.000 r  
                                                      0.000     0.000 r  tck (IN)
                         net (fo=1343, unset)         0.013     0.013    fifo/tck
    SLICE_X57Y420        FDRE                                         r  fifo/wp_reg[7]/C
  -------------------------------------------------------------------    -------------------
    SLICE_X57Y420        FDRE (Prop_GFF2_SLICEM_C_Q)
                                                      0.039     0.052 r  fifo/wp_reg[7]/Q
                         net (fo=4, routed)           0.147     0.199    fifo/wp_reg__0[7]
    SLICE_X57Y420        FDRE                                         r  fifo/wp_g_s1_reg[7]/D
  -------------------------------------------------------------------    -------------------

                         (clock aclk rise edge)       0.000     0.000 r  
                                                      0.000     0.000 r  aclk (IN)
                         net (fo=1602, unset)         0.019     0.019    fifo/aclk
    SLICE_X57Y420        FDRE                                         r  fifo/wp_g_s1_reg[7]/C

Slack:                    inf
  Source:                 fifo/wp_g_reg[6]/C
                            (rising edge-triggered cell FDRE clocked by tck  {rise@0.000ns fall@18.518ns period=37.037ns})
  Destination:            fifo/wp_g_s1_reg[6]/D
                            (rising edge-triggered cell FDRE clocked by aclk  {rise@0.000ns fall@2.500ns period=5.000ns})
  Path Group:             (none)
  Path Type:              Hold (Min at Fast Process Corner)
  Data Path Delay:        0.196ns  (logic 0.039ns (19.898%)  route 0.157ns (80.102%))
  Logic Levels:           0  
  Clock Path Skew:        0.006ns (DCD - SCD - CPR)
    Destination Clock Delay (DCD):    0.019ns
    Source Clock Delay      (SCD):    0.013ns
    Clock Pessimism Removal (CPR):    -0.000ns
  Clock Uncertainty:      0.035ns  ((TSJ^2 + TIJ^2)^1/2 + DJ) / 2 + PE
    Total System Jitter     (TSJ):    0.071ns
    Total Input Jitter      (TIJ):    0.000ns
    Discrete Jitter          (DJ):    0.000ns
    Phase Error              (PE):    0.000ns
  Timing Exception:       False Path

    Location             Delay type                Incr(ns)  Path(ns)    Netlist Resource(s)
  -------------------------------------------------------------------    -------------------
                         (clock tck rise edge)        0.000     0.000 r  
                                                      0.000     0.000 r  tck (IN)
                         net (fo=1343, unset)         0.013     0.013    fifo/tck
    SLICE_X57Y420        FDRE                                         r  fifo/wp_g_reg[6]/C
  -------------------------------------------------------------------    -------------------
    SLICE_X57Y420        FDRE (Prop_GFF_SLICEM_C_Q)
                                                      0.039     0.052 r  fifo/wp_g_reg[6]/Q
                         net (fo=1, routed)           0.157     0.209    fifo/wp_g_reg_n_0_[6]
    SLICE_X57Y420        FDRE                                         r  fifo/wp_g_s1_reg[6]/D
  -------------------------------------------------------------------    -------------------

                         (clock aclk rise edge)       0.000     0.000 r  
                                                      0.000     0.000 r  aclk (IN)
                         net (fo=1602, unset)         0.019     0.019    fifo/aclk
    SLICE_X57Y420        FDRE                                         r  fifo/wp_g_s1_reg[6]/C

Slack:                    inf
  Source:                 fifo/wp_g_reg[0]/C
                            (rising edge-triggered cell FDRE clocked by tck  {rise@0.000ns fall@18.518ns period=37.037ns})
  Destination:            fifo/wp_g_s1_reg[0]/D
                            (rising edge-triggered cell FDRE clocked by aclk  {rise@0.000ns fall@2.500ns period=5.000ns})
  Path Group:             (none)
  Path Type:              Hold (Min at Fast Process Corner)
  Data Path Delay:        0.223ns  (logic 0.039ns (17.489%)  route 0.184ns (82.511%))
  Logic Levels:           0  
  Clock Path Skew:        0.006ns (DCD - SCD - CPR)
    Destination Clock Delay (DCD):    0.019ns
    Source Clock Delay      (SCD):    0.013ns
    Clock Pessimism Removal (CPR):    -0.000ns
  Clock Uncertainty:      0.035ns  ((TSJ^2 + TIJ^2)^1/2 + DJ) / 2 + PE
    Total System Jitter     (TSJ):    0.071ns
    Total Input Jitter      (TIJ):    0.000ns
    Discrete Jitter          (DJ):    0.000ns
    Phase Error              (PE):    0.000ns
  Timing Exception:       False Path

    Location             Delay type                Incr(ns)  Path(ns)    Netlist Resource(s)
  -------------------------------------------------------------------    -------------------
                         (clock tck rise edge)        0.000     0.000 r  
                                                      0.000     0.000 r  tck (IN)
                         net (fo=1343, unset)         0.013     0.013    fifo/tck
    SLICE_X57Y419        FDRE                                         r  fifo/wp_g_reg[0]/C
  -------------------------------------------------------------------    -------------------
    SLICE_X57Y419        FDRE (Prop_HFF_SLICEM_C_Q)
                                                      0.039     0.052 r  fifo/wp_g_reg[0]/Q
                         net (fo=1, routed)           0.184     0.236    fifo/wp_g_reg_n_0_[0]
    SLICE_X57Y419        FDRE                                         r  fifo/wp_g_s1_reg[0]/D
  -------------------------------------------------------------------    -------------------

                         (clock aclk rise edge)       0.000     0.000 r  
                                                      0.000     0.000 r  aclk (IN)
                         net (fo=1602, unset)         0.019     0.019    fifo/aclk
    SLICE_X57Y419        FDRE                                         r  fifo/wp_g_s1_reg[0]/C

Slack:                    inf
  Source:                 fifo/wp_g_reg[2]/C
                            (rising edge-triggered cell FDRE clocked by tck  {rise@0.000ns fall@18.518ns period=37.037ns})
  Destination:            fifo/wp_g_s1_reg[2]/D
                            (rising edge-triggered cell FDRE clocked by aclk  {rise@0.000ns fall@2.500ns period=5.000ns})
  Path Group:             (none)
  Path Type:              Hold (Min at Fast Process Corner)
  Data Path Delay:        0.238ns  (logic 0.038ns (15.966%)  route 0.200ns (84.034%))
  Logic Levels:           0  
  Clock Path Skew:        0.006ns (DCD - SCD - CPR)
    Destination Clock Delay (DCD):    0.019ns
    Source Clock Delay      (SCD):    0.013ns
    Clock Pessimism Removal (CPR):    -0.000ns
  Clock Uncertainty:      0.035ns  ((TSJ^2 + TIJ^2)^1/2 + DJ) / 2 + PE
    Total System Jitter     (TSJ):    0.071ns
    Total Input Jitter      (TIJ):    0.000ns
    Discrete Jitter          (DJ):    0.000ns
    Phase Error              (PE):    0.000ns
  Timing Exception:       False Path

    Location             Delay type                Incr(ns)  Path(ns)    Netlist Resource(s)
  -------------------------------------------------------------------    -------------------
                         (clock tck rise edge)        0.000     0.000 r  
                                                      0.000     0.000 r  tck (IN)
                         net (fo=1343, unset)         0.013     0.013    fifo/tck
    SLICE_X56Y419        FDRE                                         r  fifo/wp_g_reg[2]/C
  -------------------------------------------------------------------    -------------------
    SLICE_X56Y419        FDRE (Prop_AFF_SLICEM_C_Q)
                                                      0.038     0.051 r  fifo/wp_g_reg[2]/Q
                         net (fo=1, routed)           0.200     0.251    fifo/wp_g_reg_n_0_[2]
    SLICE_X57Y419        FDRE                                         r  fifo/wp_g_s1_reg[2]/D
  -------------------------------------------------------------------    -------------------

                         (clock aclk rise edge)       0.000     0.000 r  
                                                      0.000     0.000 r  aclk (IN)
                         net (fo=1602, unset)         0.019     0.019    fifo/aclk
    SLICE_X57Y419        FDRE                                         r  fifo/wp_g_s1_reg[2]/C

Slack:                    inf
  Source:                 fifo/wp_g_reg[1]/C
                            (rising edge-triggered cell FDRE clocked by tck  {rise@0.000ns fall@18.518ns period=37.037ns})
  Destination:            fifo/wp_g_s1_reg[1]/D
                            (rising edge-triggered cell FDRE clocked by aclk  {rise@0.000ns fall@2.500ns period=5.000ns})
  Path Group:             (none)
  Path Type:              Hold (Min at Fast Process Corner)
  Data Path Delay:        0.279ns  (logic 0.038ns (13.620%)  route 0.241ns (86.380%))
  Logic Levels:           0  
  Clock Path Skew:        0.006ns (DCD - SCD - CPR)
    Destination Clock Delay (DCD):    0.019ns
    Source Clock Delay      (SCD):    0.013ns
    Clock Pessimism Removal (CPR):    -0.000ns
  Clock Uncertainty:      0.035ns  ((TSJ^2 + TIJ^2)^1/2 + DJ) / 2 + PE
    Total System Jitter     (TSJ):    0.071ns
    Total Input Jitter      (TIJ):    0.000ns
    Discrete Jitter          (DJ):    0.000ns
    Phase Error              (PE):    0.000ns
  Timing Exception:       False Path

    Location             Delay type                Incr(ns)  Path(ns)    Netlist Resource(s)
  -------------------------------------------------------------------    -------------------
                         (clock tck rise edge)        0.000     0.000 r  
                                                      0.000     0.000 r  tck (IN)
                         net (fo=1343, unset)         0.013     0.013    fifo/tck
    SLICE_X56Y419        FDRE                                         r  fifo/wp_g_reg[1]/C
  -------------------------------------------------------------------    -------------------
    SLICE_X56Y419        FDRE (Prop_BFF_SLICEM_C_Q)
                                                      0.038     0.051 r  fifo/wp_g_reg[1]/Q
                         net (fo=1, routed)           0.241     0.292    fifo/wp_g_reg_n_0_[1]
    SLICE_X56Y419        FDRE                                         r  fifo/wp_g_s1_reg[1]/D
  -------------------------------------------------------------------    -------------------

                         (clock aclk rise edge)       0.000     0.000 r  
                                                      0.000     0.000 r  aclk (IN)
                         net (fo=1602, unset)         0.019     0.019    fifo/aclk
    SLICE_X56Y419        FDRE                                         r  fifo/wp_g_s1_reg[1]/C





--------------------------------------------------------------------------------------
Path Group:  (none)
From Clock:  aclk
  To Clock:  tck

Max Delay             0 Endpoints
Min Delay           303 Endpoints
--------------------------------------------------------------------------------------


Min Delay Paths
--------------------------------------------------------------------------------------
Slack:                    inf
  Source:                 sync/snap_reg[225]/C
                            (rising edge-triggered cell FDRE clocked by aclk  {rise@0.000ns fall@2.500ns period=5.000ns})
  Destination:            sync/st_r_reg[225]/D
                            (rising edge-triggered cell FDRE clocked by tck  {rise@0.000ns fall@18.518ns period=37.037ns})
  Path Group:             (none)
  Path Type:              Hold (Min at Fast Process Corner)
  Data Path Delay:        0.094ns  (logic 0.038ns (40.426%)  route 0.056ns (59.574%))
  Logic Levels:           0  
  Clock Path Skew:        0.005ns (DCD - SCD - CPR)
    Destination Clock Delay (DCD):    0.018ns
    Source Clock Delay      (SCD):    0.013ns
    Clock Pessimism Removal (CPR):    -0.000ns
  Clock Uncertainty:      0.035ns  ((TSJ^2 + TIJ^2)^1/2 + DJ) / 2 + PE
    Total System Jitter     (TSJ):    0.071ns
    Total Input Jitter      (TIJ):    0.000ns
    Discrete Jitter          (DJ):    0.000ns
    Phase Error              (PE):    0.000ns
  Timing Exception:       False Path

    Location             Delay type                Incr(ns)  Path(ns)    Netlist Resource(s)
  -------------------------------------------------------------------    -------------------
                         (clock aclk rise edge)       0.000     0.000 r  
                                                      0.000     0.000 r  aclk (IN)
                         net (fo=1602, unset)         0.013     0.013    sync/aclk
    SLICE_X61Y401        FDRE                                         r  sync/snap_reg[225]/C
  -------------------------------------------------------------------    -------------------
    SLICE_X61Y401        FDRE (Prop_CFF_SLICEM_C_Q)
                                                      0.038     0.051 r  sync/snap_reg[225]/Q
                         net (fo=1, routed)           0.056     0.107    sync/snap[225]
    SLICE_X62Y401        FDRE                                         r  sync/st_r_reg[225]/D
  -------------------------------------------------------------------    -------------------

                         (clock tck rise edge)        0.000     0.000 r  
                                                      0.000     0.000 r  tck (IN)
                         net (fo=1343, unset)         0.018     0.018    sync/tck
    SLICE_X62Y401        FDRE                                         r  sync/st_r_reg[225]/C

Slack:                    inf
  Source:                 sync/snap_reg[77]/C
                            (rising edge-triggered cell FDRE clocked by aclk  {rise@0.000ns fall@2.500ns period=5.000ns})
  Destination:            sync/st_r_reg[77]/D
                            (rising edge-triggered cell FDRE clocked by tck  {rise@0.000ns fall@18.518ns period=37.037ns})
  Path Group:             (none)
  Path Type:              Hold (Min at Fast Process Corner)
  Data Path Delay:        0.096ns  (logic 0.040ns (41.667%)  route 0.056ns (58.333%))
  Logic Levels:           0  
  Clock Path Skew:        0.005ns (DCD - SCD - CPR)
    Destination Clock Delay (DCD):    0.018ns
    Source Clock Delay      (SCD):    0.013ns
    Clock Pessimism Removal (CPR):    -0.000ns
  Clock Uncertainty:      0.035ns  ((TSJ^2 + TIJ^2)^1/2 + DJ) / 2 + PE
    Total System Jitter     (TSJ):    0.071ns
    Total Input Jitter      (TIJ):    0.000ns
    Discrete Jitter          (DJ):    0.000ns
    Phase Error              (PE):    0.000ns
  Timing Exception:       False Path

    Location             Delay type                Incr(ns)  Path(ns)    Netlist Resource(s)
  -------------------------------------------------------------------    -------------------
                         (clock aclk rise edge)       0.000     0.000 r  
                                                      0.000     0.000 r  aclk (IN)
                         net (fo=1602, unset)         0.013     0.013    sync/aclk
    SLICE_X75Y411        FDRE                                         r  sync/snap_reg[77]/C
  -------------------------------------------------------------------    -------------------
    SLICE_X75Y411        FDRE (Prop_EFF2_SLICEL_C_Q)
                                                      0.040     0.053 r  sync/snap_reg[77]/Q
                         net (fo=1, routed)           0.056     0.109    sync/snap[77]
    SLICE_X75Y410        FDRE                                         r  sync/st_r_reg[77]/D
  -------------------------------------------------------------------    -------------------

                         (clock tck rise edge)        0.000     0.000 r  
                                                      0.000     0.000 r  tck (IN)
                         net (fo=1343, unset)         0.018     0.018    sync/tck
    SLICE_X75Y410        FDRE                                         r  sync/st_r_reg[77]/C

Slack:                    inf
  Source:                 sync/snap_reg[280]/C
                            (rising edge-triggered cell FDRE clocked by aclk  {rise@0.000ns fall@2.500ns period=5.000ns})
  Destination:            sync/st_r_reg[280]/D
                            (rising edge-triggered cell FDRE clocked by tck  {rise@0.000ns fall@18.518ns period=37.037ns})
  Path Group:             (none)
  Path Type:              Hold (Min at Fast Process Corner)
  Data Path Delay:        0.098ns  (logic 0.039ns (39.796%)  route 0.059ns (60.204%))
  Logic Levels:           0  
  Clock Path Skew:        0.006ns (DCD - SCD - CPR)
    Destination Clock Delay (DCD):    0.019ns
    Source Clock Delay      (SCD):    0.013ns
    Clock Pessimism Removal (CPR):    -0.000ns
  Clock Uncertainty:      0.035ns  ((TSJ^2 + TIJ^2)^1/2 + DJ) / 2 + PE
    Total System Jitter     (TSJ):    0.071ns
    Total Input Jitter      (TIJ):    0.000ns
    Discrete Jitter          (DJ):    0.000ns
    Phase Error              (PE):    0.000ns
  Timing Exception:       False Path

    Location             Delay type                Incr(ns)  Path(ns)    Netlist Resource(s)
  -------------------------------------------------------------------    -------------------
                         (clock aclk rise edge)       0.000     0.000 r  
                                                      0.000     0.000 r  aclk (IN)
                         net (fo=1602, unset)         0.013     0.013    sync/aclk
    SLICE_X75Y417        FDRE                                         r  sync/snap_reg[280]/C
  -------------------------------------------------------------------    -------------------
    SLICE_X75Y417        FDRE (Prop_EFF_SLICEL_C_Q)
                                                      0.039     0.052 r  sync/snap_reg[280]/Q
                         net (fo=1, routed)           0.059     0.111    sync/snap[280]
    SLICE_X75Y416        FDRE                                         r  sync/st_r_reg[280]/D
  -------------------------------------------------------------------    -------------------

                         (clock tck rise edge)        0.000     0.000 r  
                                                      0.000     0.000 r  tck (IN)
                         net (fo=1343, unset)         0.019     0.019    sync/tck
    SLICE_X75Y416        FDRE                                         r  sync/st_r_reg[280]/C

Slack:                    inf
  Source:                 sync/snap_reg[316]/C
                            (rising edge-triggered cell FDRE clocked by aclk  {rise@0.000ns fall@2.500ns period=5.000ns})
  Destination:            sync/st_r_reg[316]/D
                            (rising edge-triggered cell FDRE clocked by tck  {rise@0.000ns fall@18.518ns period=37.037ns})
  Path Group:             (none)
  Path Type:              Hold (Min at Fast Process Corner)
  Data Path Delay:        0.098ns  (logic 0.038ns (38.776%)  route 0.060ns (61.224%))
  Logic Levels:           0  
  Clock Path Skew:        0.006ns (DCD - SCD - CPR)
    Destination Clock Delay (DCD):    0.019ns
    Source Clock Delay      (SCD):    0.013ns
    Clock Pessimism Removal (CPR):    -0.000ns
  Clock Uncertainty:      0.035ns  ((TSJ^2 + TIJ^2)^1/2 + DJ) / 2 + PE
    Total System Jitter     (TSJ):    0.071ns
    Total Input Jitter      (TIJ):    0.000ns
    Discrete Jitter          (DJ):    0.000ns
    Phase Error              (PE):    0.000ns
  Timing Exception:       False Path

    Location             Delay type                Incr(ns)  Path(ns)    Netlist Resource(s)
  -------------------------------------------------------------------    -------------------
                         (clock aclk rise edge)       0.000     0.000 r  
                                                      0.000     0.000 r  aclk (IN)
                         net (fo=1602, unset)         0.013     0.013    sync/aclk
    SLICE_X74Y423        FDRE                                         r  sync/snap_reg[316]/C
  -------------------------------------------------------------------    -------------------
    SLICE_X74Y423        FDRE (Prop_BFF_SLICEM_C_Q)
                                                      0.038     0.051 r  sync/snap_reg[316]/Q
                         net (fo=1, routed)           0.060     0.111    sync/snap[316]
    SLICE_X74Y422        FDRE                                         r  sync/st_r_reg[316]/D
  -------------------------------------------------------------------    -------------------

                         (clock tck rise edge)        0.000     0.000 r  
                                                      0.000     0.000 r  tck (IN)
                         net (fo=1343, unset)         0.019     0.019    sync/tck
    SLICE_X74Y422        FDRE                                         r  sync/st_r_reg[316]/C

Slack:                    inf
  Source:                 sync/snap_reg[99]/C
                            (rising edge-triggered cell FDRE clocked by aclk  {rise@0.000ns fall@2.500ns period=5.000ns})
  Destination:            sync/st_r_reg[99]/D
                            (rising edge-triggered cell FDRE clocked by tck  {rise@0.000ns fall@18.518ns period=37.037ns})
  Path Group:             (none)
  Path Type:              Hold (Min at Fast Process Corner)
  Data Path Delay:        0.098ns  (logic 0.040ns (40.816%)  route 0.058ns (59.184%))
  Logic Levels:           0  
  Clock Path Skew:        0.005ns (DCD - SCD - CPR)
    Destination Clock Delay (DCD):    0.018ns
    Source Clock Delay      (SCD):    0.013ns
    Clock Pessimism Removal (CPR):    -0.000ns
  Clock Uncertainty:      0.035ns  ((TSJ^2 + TIJ^2)^1/2 + DJ) / 2 + PE
    Total System Jitter     (TSJ):    0.071ns
    Total Input Jitter      (TIJ):    0.000ns
    Discrete Jitter          (DJ):    0.000ns
    Phase Error              (PE):    0.000ns
  Timing Exception:       False Path

    Location             Delay type                Incr(ns)  Path(ns)    Netlist Resource(s)
  -------------------------------------------------------------------    -------------------
                         (clock aclk rise edge)       0.000     0.000 r  
                                                      0.000     0.000 r  aclk (IN)
                         net (fo=1602, unset)         0.013     0.013    sync/aclk
    SLICE_X69Y415        FDRE                                         r  sync/snap_reg[99]/C
  -------------------------------------------------------------------    -------------------
    SLICE_X69Y415        FDRE (Prop_EFF2_SLICEL_C_Q)
                                                      0.040     0.053 r  sync/snap_reg[99]/Q
                         net (fo=1, routed)           0.058     0.111    sync/snap[99]
    SLICE_X68Y415        FDRE                                         r  sync/st_r_reg[99]/D
  -------------------------------------------------------------------    -------------------

                         (clock tck rise edge)        0.000     0.000 r  
                                                      0.000     0.000 r  tck (IN)
                         net (fo=1343, unset)         0.018     0.018    sync/tck
    SLICE_X68Y415        FDRE                                         r  sync/st_r_reg[99]/C

Slack:                    inf
  Source:                 sync/snap_reg[211]/C
                            (rising edge-triggered cell FDRE clocked by aclk  {rise@0.000ns fall@2.500ns period=5.000ns})
  Destination:            sync/st_r_reg[211]/D
                            (rising edge-triggered cell FDRE clocked by tck  {rise@0.000ns fall@18.518ns period=37.037ns})
  Path Group:             (none)
  Path Type:              Hold (Min at Fast Process Corner)
  Data Path Delay:        0.099ns  (logic 0.039ns (39.394%)  route 0.060ns (60.606%))
  Logic Levels:           0  
  Clock Path Skew:        0.006ns (DCD - SCD - CPR)
    Destination Clock Delay (DCD):    0.019ns
    Source Clock Delay      (SCD):    0.013ns
    Clock Pessimism Removal (CPR):    -0.000ns
  Clock Uncertainty:      0.035ns  ((TSJ^2 + TIJ^2)^1/2 + DJ) / 2 + PE
    Total System Jitter     (TSJ):    0.071ns
    Total Input Jitter      (TIJ):    0.000ns
    Discrete Jitter          (DJ):    0.000ns
    Phase Error              (PE):    0.000ns
  Timing Exception:       False Path

    Location             Delay type                Incr(ns)  Path(ns)    Netlist Resource(s)
  -------------------------------------------------------------------    -------------------
                         (clock aclk rise edge)       0.000     0.000 r  
                                                      0.000     0.000 r  aclk (IN)
                         net (fo=1602, unset)         0.013     0.013    sync/aclk
    SLICE_X70Y401        FDRE                                         r  sync/snap_reg[211]/C
  -------------------------------------------------------------------    -------------------
    SLICE_X70Y401        FDRE (Prop_EFF_SLICEL_C_Q)
                                                      0.039     0.052 r  sync/snap_reg[211]/Q
                         net (fo=1, routed)           0.060     0.112    sync/snap[211]
    SLICE_X70Y402        FDRE                                         r  sync/st_r_reg[211]/D
  -------------------------------------------------------------------    -------------------

                         (clock tck rise edge)        0.000     0.000 r  
                                                      0.000     0.000 r  tck (IN)
                         net (fo=1343, unset)         0.019     0.019    sync/tck
    SLICE_X70Y402        FDRE                                         r  sync/st_r_reg[211]/C

Slack:                    inf
  Source:                 sync/snap_reg[226]/C
                            (rising edge-triggered cell FDRE clocked by aclk  {rise@0.000ns fall@2.500ns period=5.000ns})
  Destination:            sync/st_r_reg[226]/D
                            (rising edge-triggered cell FDRE clocked by tck  {rise@0.000ns fall@18.518ns period=37.037ns})
  Path Group:             (none)
  Path Type:              Hold (Min at Fast Process Corner)
  Data Path Delay:        0.099ns  (logic 0.039ns (39.394%)  route 0.060ns (60.606%))
  Logic Levels:           0  
  Clock Path Skew:        0.005ns (DCD - SCD - CPR)
    Destination Clock Delay (DCD):    0.018ns
    Source Clock Delay      (SCD):    0.013ns
    Clock Pessimism Removal (CPR):    -0.000ns
  Clock Uncertainty:      0.035ns  ((TSJ^2 + TIJ^2)^1/2 + DJ) / 2 + PE
    Total System Jitter     (TSJ):    0.071ns
    Total Input Jitter      (TIJ):    0.000ns
    Discrete Jitter          (DJ):    0.000ns
    Phase Error              (PE):    0.000ns
  Timing Exception:       False Path

    Location             Delay type                Incr(ns)  Path(ns)    Netlist Resource(s)
  -------------------------------------------------------------------    -------------------
                         (clock aclk rise edge)       0.000     0.000 r  
                                                      0.000     0.000 r  aclk (IN)
                         net (fo=1602, unset)         0.013     0.013    sync/aclk
    SLICE_X62Y400        FDRE                                         r  sync/snap_reg[226]/C
  -------------------------------------------------------------------    -------------------
    SLICE_X62Y400        FDRE (Prop_HFF2_SLICEL_C_Q)
                                                      0.039     0.052 r  sync/snap_reg[226]/Q
                         net (fo=1, routed)           0.060     0.112    sync/snap[226]
    SLICE_X64Y400        FDRE                                         r  sync/st_r_reg[226]/D
  -------------------------------------------------------------------    -------------------

                         (clock tck rise edge)        0.000     0.000 r  
                                                      0.000     0.000 r  tck (IN)
                         net (fo=1343, unset)         0.018     0.018    sync/tck
    SLICE_X64Y400        FDRE                                         r  sync/st_r_reg[226]/C

Slack:                    inf
  Source:                 sync/snap_reg[229]/C
                            (rising edge-triggered cell FDRE clocked by aclk  {rise@0.000ns fall@2.500ns period=5.000ns})
  Destination:            sync/st_r_reg[229]/D
                            (rising edge-triggered cell FDRE clocked by tck  {rise@0.000ns fall@18.518ns period=37.037ns})
  Path Group:             (none)
  Path Type:              Hold (Min at Fast Process Corner)
  Data Path Delay:        0.100ns  (logic 0.039ns (39.000%)  route 0.061ns (61.000%))
  Logic Levels:           0  
  Clock Path Skew:        0.006ns (DCD - SCD - CPR)
    Destination Clock Delay (DCD):    0.019ns
    Source Clock Delay      (SCD):    0.013ns
    Clock Pessimism Removal (CPR):    -0.000ns
  Clock Uncertainty:      0.035ns  ((TSJ^2 + TIJ^2)^1/2 + DJ) / 2 + PE
    Total System Jitter     (TSJ):    0.071ns
    Total Input Jitter      (TIJ):    0.000ns
    Discrete Jitter          (DJ):    0.000ns
    Phase Error              (PE):    0.000ns
  Timing Exception:       False Path

    Location             Delay type                Incr(ns)  Path(ns)    Netlist Resource(s)
  -------------------------------------------------------------------    -------------------
                         (clock aclk rise edge)       0.000     0.000 r  
                                                      0.000     0.000 r  aclk (IN)
                         net (fo=1602, unset)         0.013     0.013    sync/aclk
    SLICE_X65Y399        FDRE                                         r  sync/snap_reg[229]/C
  -------------------------------------------------------------------    -------------------
    SLICE_X65Y399        FDRE (Prop_HFF_SLICEM_C_Q)
                                                      0.039     0.052 r  sync/snap_reg[229]/Q
                         net (fo=1, routed)           0.061     0.113    sync/snap[229]
    SLICE_X65Y399        FDRE                                         r  sync/st_r_reg[229]/D
  -------------------------------------------------------------------    -------------------

                         (clock tck rise edge)        0.000     0.000 r  
                                                      0.000     0.000 r  tck (IN)
                         net (fo=1343, unset)         0.019     0.019    sync/tck
    SLICE_X65Y399        FDRE                                         r  sync/st_r_reg[229]/C

Slack:                    inf
  Source:                 sync/snap_reg[255]/C
                            (rising edge-triggered cell FDRE clocked by aclk  {rise@0.000ns fall@2.500ns period=5.000ns})
  Destination:            sync/st_r_reg[255]/D
                            (rising edge-triggered cell FDRE clocked by tck  {rise@0.000ns fall@18.518ns period=37.037ns})
  Path Group:             (none)
  Path Type:              Hold (Min at Fast Process Corner)
  Data Path Delay:        0.100ns  (logic 0.037ns (37.000%)  route 0.063ns (63.000%))
  Logic Levels:           0  
  Clock Path Skew:        0.006ns (DCD - SCD - CPR)
    Destination Clock Delay (DCD):    0.019ns
    Source Clock Delay      (SCD):    0.013ns
    Clock Pessimism Removal (CPR):    -0.000ns
  Clock Uncertainty:      0.035ns  ((TSJ^2 + TIJ^2)^1/2 + DJ) / 2 + PE
    Total System Jitter     (TSJ):    0.071ns
    Total Input Jitter      (TIJ):    0.000ns
    Discrete Jitter          (DJ):    0.000ns
    Phase Error              (PE):    0.000ns
  Timing Exception:       False Path

    Location             Delay type                Incr(ns)  Path(ns)    Netlist Resource(s)
  -------------------------------------------------------------------    -------------------
                         (clock aclk rise edge)       0.000     0.000 r  
                                                      0.000     0.000 r  aclk (IN)
                         net (fo=1602, unset)         0.013     0.013    sync/aclk
    SLICE_X63Y403        FDRE                                         r  sync/snap_reg[255]/C
  -------------------------------------------------------------------    -------------------
    SLICE_X63Y403        FDRE (Prop_FFF_SLICEM_C_Q)
                                                      0.037     0.050 r  sync/snap_reg[255]/Q
                         net (fo=1, routed)           0.063     0.113    sync/snap[255]
    SLICE_X63Y404        FDRE                                         r  sync/st_r_reg[255]/D
  -------------------------------------------------------------------    -------------------

                         (clock tck rise edge)        0.000     0.000 r  
                                                      0.000     0.000 r  tck (IN)
                         net (fo=1343, unset)         0.019     0.019    sync/tck
    SLICE_X63Y404        FDRE                                         r  sync/st_r_reg[255]/C

Slack:                    inf
  Source:                 sync/snap_reg[243]/C
                            (rising edge-triggered cell FDRE clocked by aclk  {rise@0.000ns fall@2.500ns period=5.000ns})
  Destination:            sync/st_r_reg[243]/D
                            (rising edge-triggered cell FDRE clocked by tck  {rise@0.000ns fall@18.518ns period=37.037ns})
  Path Group:             (none)
  Path Type:              Hold (Min at Fast Process Corner)
  Data Path Delay:        0.100ns  (logic 0.039ns (39.000%)  route 0.061ns (61.000%))
  Logic Levels:           0  
  Clock Path Skew:        0.006ns (DCD - SCD - CPR)
    Destination Clock Delay (DCD):    0.019ns
    Source Clock Delay      (SCD):    0.013ns
    Clock Pessimism Removal (CPR):    -0.000ns
  Clock Uncertainty:      0.035ns  ((TSJ^2 + TIJ^2)^1/2 + DJ) / 2 + PE
    Total System Jitter     (TSJ):    0.071ns
    Total Input Jitter      (TIJ):    0.000ns
    Discrete Jitter          (DJ):    0.000ns
    Phase Error              (PE):    0.000ns
  Timing Exception:       False Path

    Location             Delay type                Incr(ns)  Path(ns)    Netlist Resource(s)
  -------------------------------------------------------------------    -------------------
                         (clock aclk rise edge)       0.000     0.000 r  
                                                      0.000     0.000 r  aclk (IN)
                         net (fo=1602, unset)         0.013     0.013    sync/aclk
    SLICE_X62Y404        FDRE                                         r  sync/snap_reg[243]/C
  -------------------------------------------------------------------    -------------------
    SLICE_X62Y404        FDRE (Prop_HFF_SLICEL_C_Q)
                                                      0.039     0.052 r  sync/snap_reg[243]/Q
                         net (fo=1, routed)           0.061     0.113    sync/snap[243]
    SLICE_X63Y404        FDRE                                         r  sync/st_r_reg[243]/D
  -------------------------------------------------------------------    -------------------

                         (clock tck rise edge)        0.000     0.000 r  
                                                      0.000     0.000 r  tck (IN)
                         net (fo=1343, unset)         0.019     0.019    sync/tck
    SLICE_X63Y404        FDRE                                         r  sync/st_r_reg[243]/C

Slack:                    inf
  Source:                 sync/snap_reg[228]/C
                            (rising edge-triggered cell FDRE clocked by aclk  {rise@0.000ns fall@2.500ns period=5.000ns})
  Destination:            sync/st_r_reg[228]/D
                            (rising edge-triggered cell FDRE clocked by tck  {rise@0.000ns fall@18.518ns period=37.037ns})
  Path Group:             (none)
  Path Type:              Hold (Min at Fast Process Corner)
  Data Path Delay:        0.101ns  (logic 0.039ns (38.614%)  route 0.062ns (61.386%))
  Logic Levels:           0  
  Clock Path Skew:        0.006ns (DCD - SCD - CPR)
    Destination Clock Delay (DCD):    0.019ns
    Source Clock Delay      (SCD):    0.013ns
    Clock Pessimism Removal (CPR):    -0.000ns
  Clock Uncertainty:      0.035ns  ((TSJ^2 + TIJ^2)^1/2 + DJ) / 2 + PE
    Total System Jitter     (TSJ):    0.071ns
    Total Input Jitter      (TIJ):    0.000ns
    Discrete Jitter          (DJ):    0.000ns
    Phase Error              (PE):    0.000ns
  Timing Exception:       False Path

    Location             Delay type                Incr(ns)  Path(ns)    Netlist Resource(s)
  -------------------------------------------------------------------    -------------------
                         (clock aclk rise edge)       0.000     0.000 r  
                                                      0.000     0.000 r  aclk (IN)
                         net (fo=1602, unset)         0.013     0.013    sync/aclk
    SLICE_X63Y401        FDRE                                         r  sync/snap_reg[228]/C
  -------------------------------------------------------------------    -------------------
    SLICE_X63Y401        FDRE (Prop_HFF_SLICEM_C_Q)
                                                      0.039     0.052 r  sync/snap_reg[228]/Q
                         net (fo=1, routed)           0.062     0.114    sync/snap[228]
    SLICE_X63Y400        FDRE                                         r  sync/st_r_reg[228]/D
  -------------------------------------------------------------------    -------------------

                         (clock tck rise edge)        0.000     0.000 r  
                                                      0.000     0.000 r  tck (IN)
                         net (fo=1343, unset)         0.019     0.019    sync/tck
    SLICE_X63Y400        FDRE                                         r  sync/st_r_reg[228]/C

Slack:                    inf
  Source:                 sync/snap_reg[72]/C
                            (rising edge-triggered cell FDRE clocked by aclk  {rise@0.000ns fall@2.500ns period=5.000ns})
  Destination:            sync/st_r_reg[72]/D
                            (rising edge-triggered cell FDRE clocked by tck  {rise@0.000ns fall@18.518ns period=37.037ns})
  Path Group:             (none)
  Path Type:              Hold (Min at Fast Process Corner)
  Data Path Delay:        0.101ns  (logic 0.040ns (39.604%)  route 0.061ns (60.396%))
  Logic Levels:           0  
  Clock Path Skew:        0.006ns (DCD - SCD - CPR)
    Destination Clock Delay (DCD):    0.019ns
    Source Clock Delay      (SCD):    0.013ns
    Clock Pessimism Removal (CPR):    -0.000ns
  Clock Uncertainty:      0.035ns  ((TSJ^2 + TIJ^2)^1/2 + DJ) / 2 + PE
    Total System Jitter     (TSJ):    0.071ns
    Total Input Jitter      (TIJ):    0.000ns
    Discrete Jitter          (DJ):    0.000ns
    Phase Error              (PE):    0.000ns
  Timing Exception:       False Path

    Location             Delay type                Incr(ns)  Path(ns)    Netlist Resource(s)
  -------------------------------------------------------------------    -------------------
                         (clock aclk rise edge)       0.000     0.000 r  
                                                      0.000     0.000 r  aclk (IN)
                         net (fo=1602, unset)         0.013     0.013    sync/aclk
    SLICE_X73Y411        FDRE                                         r  sync/snap_reg[72]/C
  -------------------------------------------------------------------    -------------------
    SLICE_X73Y411        FDRE (Prop_FFF2_SLICEL_C_Q)
                                                      0.040     0.053 r  sync/snap_reg[72]/Q
                         net (fo=1, routed)           0.061     0.114    sync/snap[72]
    SLICE_X75Y410        FDRE                                         r  sync/st_r_reg[72]/D
  -------------------------------------------------------------------    -------------------

                         (clock tck rise edge)        0.000     0.000 r  
                                                      0.000     0.000 r  tck (IN)
                         net (fo=1343, unset)         0.019     0.019    sync/tck
    SLICE_X75Y410        FDRE                                         r  sync/st_r_reg[72]/C

Slack:                    inf
  Source:                 sync/snap_reg[227]/C
                            (rising edge-triggered cell FDRE clocked by aclk  {rise@0.000ns fall@2.500ns period=5.000ns})
  Destination:            sync/st_r_reg[227]/D
                            (rising edge-triggered cell FDRE clocked by tck  {rise@0.000ns fall@18.518ns period=37.037ns})
  Path Group:             (none)
  Path Type:              Hold (Min at Fast Process Corner)
  Data Path Delay:        0.101ns  (logic 0.040ns (39.604%)  route 0.061ns (60.396%))
  Logic Levels:           0  
  Clock Path Skew:        0.005ns (DCD - SCD - CPR)
    Destination Clock Delay (DCD):    0.018ns
    Source Clock Delay      (SCD):    0.013ns
    Clock Pessimism Removal (CPR):    -0.000ns
  Clock Uncertainty:      0.035ns  ((TSJ^2 + TIJ^2)^1/2 + DJ) / 2 + PE
    Total System Jitter     (TSJ):    0.071ns
    Total Input Jitter      (TIJ):    0.000ns
    Discrete Jitter          (DJ):    0.000ns
    Phase Error              (PE):    0.000ns
  Timing Exception:       False Path

    Location             Delay type                Incr(ns)  Path(ns)    Netlist Resource(s)
  -------------------------------------------------------------------    -------------------
                         (clock aclk rise edge)       0.000     0.000 r  
                                                      0.000     0.000 r  aclk (IN)
                         net (fo=1602, unset)         0.013     0.013    sync/aclk
    SLICE_X62Y400        FDRE                                         r  sync/snap_reg[227]/C
  -------------------------------------------------------------------    -------------------
    SLICE_X62Y400        FDRE (Prop_GFF2_SLICEL_C_Q)
                                                      0.040     0.053 r  sync/snap_reg[227]/Q
                         net (fo=1, routed)           0.061     0.114    sync/snap[227]
    SLICE_X64Y400        FDRE                                         r  sync/st_r_reg[227]/D
  -------------------------------------------------------------------    -------------------

                         (clock tck rise edge)        0.000     0.000 r  
                                                      0.000     0.000 r  tck (IN)
                         net (fo=1343, unset)         0.018     0.018    sync/tck
    SLICE_X64Y400        FDRE                                         r  sync/st_r_reg[227]/C

Slack:                    inf
  Source:                 sync/snap_reg[257]/C
                            (rising edge-triggered cell FDRE clocked by aclk  {rise@0.000ns fall@2.500ns period=5.000ns})
  Destination:            sync/st_r_reg[257]/D
                            (rising edge-triggered cell FDRE clocked by tck  {rise@0.000ns fall@18.518ns period=37.037ns})
  Path Group:             (none)
  Path Type:              Hold (Min at Fast Process Corner)
  Data Path Delay:        0.102ns  (logic 0.039ns (38.235%)  route 0.063ns (61.765%))
  Logic Levels:           0  
  Clock Path Skew:        0.006ns (DCD - SCD - CPR)
    Destination Clock Delay (DCD):    0.019ns
    Source Clock Delay      (SCD):    0.013ns
    Clock Pessimism Removal (CPR):    -0.000ns
  Clock Uncertainty:      0.035ns  ((TSJ^2 + TIJ^2)^1/2 + DJ) / 2 + PE
    Total System Jitter     (TSJ):    0.071ns
    Total Input Jitter      (TIJ):    0.000ns
    Discrete Jitter          (DJ):    0.000ns
    Phase Error              (PE):    0.000ns
  Timing Exception:       False Path

    Location             Delay type                Incr(ns)  Path(ns)    Netlist Resource(s)
  -------------------------------------------------------------------    -------------------
                         (clock aclk rise edge)       0.000     0.000 r  
                                                      0.000     0.000 r  aclk (IN)
                         net (fo=1602, unset)         0.013     0.013    sync/aclk
    SLICE_X72Y416        FDRE                                         r  sync/snap_reg[257]/C
  -------------------------------------------------------------------    -------------------
    SLICE_X72Y416        FDRE (Prop_AFF2_SLICEM_C_Q)
                                                      0.039     0.052 r  sync/snap_reg[257]/Q
                         net (fo=1, routed)           0.063     0.115    sync/snap[257]
    SLICE_X72Y415        FDRE                                         r  sync/st_r_reg[257]/D
  -------------------------------------------------------------------    -------------------

                         (clock tck rise edge)        0.000     0.000 r  
                                                      0.000     0.000 r  tck (IN)
                         net (fo=1343, unset)         0.019     0.019    sync/tck
    SLICE_X72Y415        FDRE                                         r  sync/st_r_reg[257]/C

Slack:                    inf
  Source:                 sync/snap_reg[298]/C
                            (rising edge-triggered cell FDRE clocked by aclk  {rise@0.000ns fall@2.500ns period=5.000ns})
  Destination:            sync/st_r_reg[298]/D
                            (rising edge-triggered cell FDRE clocked by tck  {rise@0.000ns fall@18.518ns period=37.037ns})
  Path Group:             (none)
  Path Type:              Hold (Min at Fast Process Corner)
  Data Path Delay:        0.102ns  (logic 0.038ns (37.255%)  route 0.064ns (62.745%))
  Logic Levels:           0  
  Clock Path Skew:        0.006ns (DCD - SCD - CPR)
    Destination Clock Delay (DCD):    0.019ns
    Source Clock Delay      (SCD):    0.013ns
    Clock Pessimism Removal (CPR):    -0.000ns
  Clock Uncertainty:      0.035ns  ((TSJ^2 + TIJ^2)^1/2 + DJ) / 2 + PE
    Total System Jitter     (TSJ):    0.071ns
    Total Input Jitter      (TIJ):    0.000ns
    Discrete Jitter          (DJ):    0.000ns
    Phase Error              (PE):    0.000ns
  Timing Exception:       False Path

    Location             Delay type                Incr(ns)  Path(ns)    Netlist Resource(s)
  -------------------------------------------------------------------    -------------------
                         (clock aclk rise edge)       0.000     0.000 r  
                                                      0.000     0.000 r  aclk (IN)
                         net (fo=1602, unset)         0.013     0.013    sync/aclk
    SLICE_X77Y421        FDRE                                         r  sync/snap_reg[298]/C
  -------------------------------------------------------------------    -------------------
    SLICE_X77Y421        FDRE (Prop_BFF_SLICEM_C_Q)
                                                      0.038     0.051 r  sync/snap_reg[298]/Q
                         net (fo=1, routed)           0.064     0.115    sync/snap[298]
    SLICE_X77Y420        FDRE                                         r  sync/st_r_reg[298]/D
  -------------------------------------------------------------------    -------------------

                         (clock tck rise edge)        0.000     0.000 r  
                                                      0.000     0.000 r  tck (IN)
                         net (fo=1343, unset)         0.019     0.019    sync/tck
    SLICE_X77Y420        FDRE                                         r  sync/st_r_reg[298]/C

Slack:                    inf
  Source:                 sync/snap_reg[115]/C
                            (rising edge-triggered cell FDRE clocked by aclk  {rise@0.000ns fall@2.500ns period=5.000ns})
  Destination:            sync/st_r_reg[115]/D
                            (rising edge-triggered cell FDRE clocked by tck  {rise@0.000ns fall@18.518ns period=37.037ns})
  Path Group:             (none)
  Path Type:              Hold (Min at Fast Process Corner)
  Data Path Delay:        0.102ns  (logic 0.040ns (39.216%)  route 0.062ns (60.784%))
  Logic Levels:           0  
  Clock Path Skew:        0.005ns (DCD - SCD - CPR)
    Destination Clock Delay (DCD):    0.018ns
    Source Clock Delay      (SCD):    0.013ns
    Clock Pessimism Removal (CPR):    -0.000ns
  Clock Uncertainty:      0.035ns  ((TSJ^2 + TIJ^2)^1/2 + DJ) / 2 + PE
    Total System Jitter     (TSJ):    0.071ns
    Total Input Jitter      (TIJ):    0.000ns
    Discrete Jitter          (DJ):    0.000ns
    Phase Error              (PE):    0.000ns
  Timing Exception:       False Path

    Location             Delay type                Incr(ns)  Path(ns)    Netlist Resource(s)
  -------------------------------------------------------------------    -------------------
                         (clock aclk rise edge)       0.000     0.000 r  
                                                      0.000     0.000 r  aclk (IN)
                         net (fo=1602, unset)         0.013     0.013    sync/aclk
    SLICE_X68Y423        FDRE                                         r  sync/snap_reg[115]/C
  -------------------------------------------------------------------    -------------------
    SLICE_X68Y423        FDRE (Prop_EFF2_SLICEL_C_Q)
                                                      0.040     0.053 r  sync/snap_reg[115]/Q
                         net (fo=1, routed)           0.062     0.115    sync/snap[115]
    SLICE_X68Y421        FDRE                                         r  sync/st_r_reg[115]/D
  -------------------------------------------------------------------    -------------------

                         (clock tck rise edge)        0.000     0.000 r  
                                                      0.000     0.000 r  tck (IN)
                         net (fo=1343, unset)         0.018     0.018    sync/tck
    SLICE_X68Y421        FDRE                                         r  sync/st_r_reg[115]/C

Slack:                    inf
  Source:                 sync/snap_reg[258]/C
                            (rising edge-triggered cell FDRE clocked by aclk  {rise@0.000ns fall@2.500ns period=5.000ns})
  Destination:            sync/st_r_reg[258]/D
                            (rising edge-triggered cell FDRE clocked by tck  {rise@0.000ns fall@18.518ns period=37.037ns})
  Path Group:             (none)
  Path Type:              Hold (Min at Fast Process Corner)
  Data Path Delay:        0.103ns  (logic 0.038ns (36.893%)  route 0.065ns (63.107%))
  Logic Levels:           0  
  Clock Path Skew:        0.006ns (DCD - SCD - CPR)
    Destination Clock Delay (DCD):    0.019ns
    Source Clock Delay      (SCD):    0.013ns
    Clock Pessimism Removal (CPR):    -0.000ns
  Clock Uncertainty:      0.035ns  ((TSJ^2 + TIJ^2)^1/2 + DJ) / 2 + PE
    Total System Jitter     (TSJ):    0.071ns
    Total Input Jitter      (TIJ):    0.000ns
    Discrete Jitter          (DJ):    0.000ns
    Phase Error              (PE):    0.000ns
  Timing Exception:       False Path

    Location             Delay type                Incr(ns)  Path(ns)    Netlist Resource(s)
  -------------------------------------------------------------------    -------------------
                         (clock aclk rise edge)       0.000     0.000 r  
                                                      0.000     0.000 r  aclk (IN)
                         net (fo=1602, unset)         0.013     0.013    sync/aclk
    SLICE_X72Y416        FDRE                                         r  sync/snap_reg[258]/C
  -------------------------------------------------------------------    -------------------
    SLICE_X72Y416        FDRE (Prop_BFF_SLICEM_C_Q)
                                                      0.038     0.051 r  sync/snap_reg[258]/Q
                         net (fo=1, routed)           0.065     0.116    sync/snap[258]
    SLICE_X72Y415        FDRE                                         r  sync/st_r_reg[258]/D
  -------------------------------------------------------------------    -------------------

                         (clock tck rise edge)        0.000     0.000 r  
                                                      0.000     0.000 r  tck (IN)
                         net (fo=1343, unset)         0.019     0.019    sync/tck
    SLICE_X72Y415        FDRE                                         r  sync/st_r_reg[258]/C

Slack:                    inf
  Source:                 sync/snap_reg[270]/C
                            (rising edge-triggered cell FDRE clocked by aclk  {rise@0.000ns fall@2.500ns period=5.000ns})
  Destination:            sync/st_r_reg[270]/D
                            (rising edge-triggered cell FDRE clocked by tck  {rise@0.000ns fall@18.518ns period=37.037ns})
  Path Group:             (none)
  Path Type:              Hold (Min at Fast Process Corner)
  Data Path Delay:        0.105ns  (logic 0.038ns (36.190%)  route 0.067ns (63.810%))
  Logic Levels:           0  
  Clock Path Skew:        0.006ns (DCD - SCD - CPR)
    Destination Clock Delay (DCD):    0.019ns
    Source Clock Delay      (SCD):    0.013ns
    Clock Pessimism Removal (CPR):    -0.000ns
  Clock Uncertainty:      0.035ns  ((TSJ^2 + TIJ^2)^1/2 + DJ) / 2 + PE
    Total System Jitter     (TSJ):    0.071ns
    Total Input Jitter      (TIJ):    0.000ns
    Discrete Jitter          (DJ):    0.000ns
    Phase Error              (PE):    0.000ns
  Timing Exception:       False Path

    Location             Delay type                Incr(ns)  Path(ns)    Netlist Resource(s)
  -------------------------------------------------------------------    -------------------
                         (clock aclk rise edge)       0.000     0.000 r  
                                                      0.000     0.000 r  aclk (IN)
                         net (fo=1602, unset)         0.013     0.013    sync/aclk
    SLICE_X74Y419        FDRE                                         r  sync/snap_reg[270]/C
  -------------------------------------------------------------------    -------------------
    SLICE_X74Y419        FDRE (Prop_BFF_SLICEM_C_Q)
                                                      0.038     0.051 r  sync/snap_reg[270]/Q
                         net (fo=1, routed)           0.067     0.118    sync/snap[270]
    SLICE_X74Y418        FDRE                                         r  sync/st_r_reg[270]/D
  -------------------------------------------------------------------    -------------------

                         (clock tck rise edge)        0.000     0.000 r  
                                                      0.000     0.000 r  tck (IN)
                         net (fo=1343, unset)         0.019     0.019    sync/tck
    SLICE_X74Y418        FDRE                                         r  sync/st_r_reg[270]/C

Slack:                    inf
  Source:                 sync/snap_reg[274]/C
                            (rising edge-triggered cell FDRE clocked by aclk  {rise@0.000ns fall@2.500ns period=5.000ns})
  Destination:            sync/st_r_reg[274]/D
                            (rising edge-triggered cell FDRE clocked by tck  {rise@0.000ns fall@18.518ns period=37.037ns})
  Path Group:             (none)
  Path Type:              Hold (Min at Fast Process Corner)
  Data Path Delay:        0.105ns  (logic 0.039ns (37.143%)  route 0.066ns (62.857%))
  Logic Levels:           0  
  Clock Path Skew:        0.006ns (DCD - SCD - CPR)
    Destination Clock Delay (DCD):    0.019ns
    Source Clock Delay      (SCD):    0.013ns
    Clock Pessimism Removal (CPR):    -0.000ns
  Clock Uncertainty:      0.035ns  ((TSJ^2 + TIJ^2)^1/2 + DJ) / 2 + PE
    Total System Jitter     (TSJ):    0.071ns
    Total Input Jitter      (TIJ):    0.000ns
    Discrete Jitter          (DJ):    0.000ns
    Phase Error              (PE):    0.000ns
  Timing Exception:       False Path

    Location             Delay type                Incr(ns)  Path(ns)    Netlist Resource(s)
  -------------------------------------------------------------------    -------------------
                         (clock aclk rise edge)       0.000     0.000 r  
                                                      0.000     0.000 r  aclk (IN)
                         net (fo=1602, unset)         0.013     0.013    sync/aclk
    SLICE_X74Y419        FDRE                                         r  sync/snap_reg[274]/C
  -------------------------------------------------------------------    -------------------
    SLICE_X74Y419        FDRE (Prop_CFF2_SLICEM_C_Q)
                                                      0.039     0.052 r  sync/snap_reg[274]/Q
                         net (fo=1, routed)           0.066     0.118    sync/snap[274]
    SLICE_X74Y418        FDRE                                         r  sync/st_r_reg[274]/D
  -------------------------------------------------------------------    -------------------

                         (clock tck rise edge)        0.000     0.000 r  
                                                      0.000     0.000 r  tck (IN)
                         net (fo=1343, unset)         0.019     0.019    sync/tck
    SLICE_X74Y418        FDRE                                         r  sync/st_r_reg[274]/C

Slack:                    inf
  Source:                 sync/snap_reg[240]/C
                            (rising edge-triggered cell FDRE clocked by aclk  {rise@0.000ns fall@2.500ns period=5.000ns})
  Destination:            sync/st_r_reg[240]/D
                            (rising edge-triggered cell FDRE clocked by tck  {rise@0.000ns fall@18.518ns period=37.037ns})
  Path Group:             (none)
  Path Type:              Hold (Min at Fast Process Corner)
  Data Path Delay:        0.105ns  (logic 0.037ns (35.238%)  route 0.068ns (64.762%))
  Logic Levels:           0  
  Clock Path Skew:        0.006ns (DCD - SCD - CPR)
    Destination Clock Delay (DCD):    0.019ns
    Source Clock Delay      (SCD):    0.013ns
    Clock Pessimism Removal (CPR):    -0.000ns
  Clock Uncertainty:      0.035ns  ((TSJ^2 + TIJ^2)^1/2 + DJ) / 2 + PE
    Total System Jitter     (TSJ):    0.071ns
    Total Input Jitter      (TIJ):    0.000ns
    Discrete Jitter          (DJ):    0.000ns
    Phase Error              (PE):    0.000ns
  Timing Exception:       False Path

    Location             Delay type                Incr(ns)  Path(ns)    Netlist Resource(s)
  -------------------------------------------------------------------    -------------------
                         (clock aclk rise edge)       0.000     0.000 r  
                                                      0.000     0.000 r  aclk (IN)
                         net (fo=1602, unset)         0.013     0.013    sync/aclk
    SLICE_X63Y401        FDRE                                         r  sync/snap_reg[240]/C
  -------------------------------------------------------------------    -------------------
    SLICE_X63Y401        FDRE (Prop_FFF_SLICEM_C_Q)
                                                      0.037     0.050 r  sync/snap_reg[240]/Q
                         net (fo=1, routed)           0.068     0.118    sync/snap[240]
    SLICE_X65Y401        FDRE                                         r  sync/st_r_reg[240]/D
  -------------------------------------------------------------------    -------------------

                         (clock tck rise edge)        0.000     0.000 r  
                                                      0.000     0.000 r  tck (IN)
                         net (fo=1343, unset)         0.019     0.019    sync/tck
    SLICE_X65Y401        FDRE                                         r  sync/st_r_reg[240]/C





--------------------------------------------------------------------------------------
Path Group:  (none)
From Clock:  aclk
  To Clock:  

Max Delay           338 Endpoints
Min Delay           338 Endpoints
--------------------------------------------------------------------------------------


Max Delay Paths
--------------------------------------------------------------------------------------
Slack:                    inf
  Source:                 cu/beats_reg[5]/C
                            (rising edge-triggered cell FDRE clocked by aclk  {rise@0.000ns fall@2.500ns period=5.000ns})
  Destination:            m_arlen[3]
                            (output port)
  Path Group:             (none)
  Path Type:              Max at Slow Process Corner
  Data Path Delay:        2.727ns  (logic 1.103ns (40.449%)  route 1.624ns (59.551%))
  Logic Levels:           8  (CARRY8=1 LUT2=1 LUT3=1 LUT4=1 LUT5=1 LUT6=3)
  Clock Uncertainty:      0.025ns  ((TSJ^2 + TIJ^2)^1/2 + DJ) / 2 + PE
    Total System Jitter     (TSJ):    0.050ns
    Total Input Jitter      (TIJ):    0.000ns
    Discrete Jitter          (DJ):    0.000ns
    Phase Error              (PE):    0.000ns

    Location             Delay type                Incr(ns)  Path(ns)    Netlist Resource(s)
  -------------------------------------------------------------------    -------------------
                         (clock aclk rise edge)       0.000     0.000 r  
                                                      0.000     0.000 r  aclk (IN)
                         net (fo=1602, unset)         0.035     0.035    cu/aclk
    SLICE_X59Y415        FDRE                                         r  cu/beats_reg[5]/C
  -------------------------------------------------------------------    -------------------
    SLICE_X59Y415        FDRE (Prop_BFF_SLICEL_C_Q)
                                                      0.096     0.131 f  cu/beats_reg[5]/Q
                         net (fo=5, routed)           0.147     0.278    cu/beats_reg_n_0_[5]
    SLICE_X60Y415        LUT4 (Prop_E6LUT_SLICEM_I1_O)
                                                      0.177     0.455 f  cu/m_arlen[1]_INST_0_i_9/O
                         net (fo=1, routed)           0.104     0.559    cu/m_arlen[1]_INST_0_i_9_n_0
    SLICE_X60Y415        LUT5 (Prop_G6LUT_SLICEM_I4_O)
                                                      0.100     0.659 f  cu/m_arlen[1]_INST_0_i_5/O
                         net (fo=3, routed)           0.199     0.858    cu/m_arlen[1]_INST_0_i_5_n_0
    SLICE_X61Y417        LUT6 (Prop_G6LUT_SLICEM_I5_O)
                                                      0.100     0.958 r  cu/m_arlen[1]_INST_0_i_1/O
                         net (fo=13, routed)          0.167     1.125    cu/m_arlen[1]_INST_0_i_1_n_0
    SLICE_X61Y416        LUT2 (Prop_E5LUT_SLICEM_I0_O)
                                                      0.139     1.264 r  cu/m_arlen[3]_INST_0_i_4/O
                         net (fo=3, routed)           0.258     1.522    cu/m_arlen[3]_INST_0_i_4_n_0
    SLICE_X63Y417        LUT6 (Prop_F6LUT_SLICEM_I5_O)
                                                      0.062     1.584 r  cu/m_arlen[2]_INST_0_i_5/O
                         net (fo=1, routed)           0.252     1.836    cu/m_arlen[2]_INST_0_i_5_n_0
    SLICE_X63Y415        CARRY8 (Prop_CARRY8_SLICEM_DI[1]_CO[3])
                                                      0.181     2.017 r  cu/m_arlen[2]_INST_0_i_2/CO[3]
                         net (fo=8, routed)           0.430     2.447    cu/n1
    SLICE_X62Y417        LUT6 (Prop_G6LUT_SLICEL_I3_O)
                                                      0.100     2.547 r  cu/m_arlen[3]_INST_0_i_2/O
                         net (fo=2, routed)           0.067     2.614    cu/m_arlen[3]_INST_0_i_2_n_0
    SLICE_X62Y417        LUT3 (Prop_C6LUT_SLICEL_I1_O)
                                                      0.148     2.762 r  cu/m_arlen[3]_INST_0/O
                         net (fo=0)                   0.000     2.762    m_arlen[3]
                                                                      r  m_arlen[3] (OUT)
  -------------------------------------------------------------------    -------------------

Slack:                    inf
  Source:                 cu/beats_reg[5]/C
                            (rising edge-triggered cell FDRE clocked by aclk  {rise@0.000ns fall@2.500ns period=5.000ns})
  Destination:            m_arlen[2]
                            (output port)
  Path Group:             (none)
  Path Type:              Max at Slow Process Corner
  Data Path Delay:        2.633ns  (logic 1.019ns (38.703%)  route 1.614ns (61.297%))
  Logic Levels:           8  (CARRY8=1 LUT2=1 LUT4=1 LUT5=1 LUT6=4)
  Clock Uncertainty:      0.025ns  ((TSJ^2 + TIJ^2)^1/2 + DJ) / 2 + PE
    Total System Jitter     (TSJ):    0.050ns
    Total Input Jitter      (TIJ):    0.000ns
    Discrete Jitter          (DJ):    0.000ns
    Phase Error              (PE):    0.000ns

    Location             Delay type                Incr(ns)  Path(ns)    Netlist Resource(s)
  -------------------------------------------------------------------    -------------------
                         (clock aclk rise edge)       0.000     0.000 r  
                                                      0.000     0.000 r  aclk (IN)
                         net (fo=1602, unset)         0.035     0.035    cu/aclk
    SLICE_X59Y415        FDRE                                         r  cu/beats_reg[5]/C
  -------------------------------------------------------------------    -------------------
    SLICE_X59Y415        FDRE (Prop_BFF_SLICEL_C_Q)
                                                      0.096     0.131 f  cu/beats_reg[5]/Q
                         net (fo=5, routed)           0.147     0.278    cu/beats_reg_n_0_[5]
    SLICE_X60Y415        LUT4 (Prop_E6LUT_SLICEM_I1_O)
                                                      0.177     0.455 f  cu/m_arlen[1]_INST_0_i_9/O
                         net (fo=1, routed)           0.104     0.559    cu/m_arlen[1]_INST_0_i_9_n_0
    SLICE_X60Y415        LUT5 (Prop_G6LUT_SLICEM_I4_O)
                                                      0.100     0.659 f  cu/m_arlen[1]_INST_0_i_5/O
                         net (fo=3, routed)           0.199     0.858    cu/m_arlen[1]_INST_0_i_5_n_0
    SLICE_X61Y417        LUT6 (Prop_G6LUT_SLICEM_I5_O)
                                                      0.100     0.958 r  cu/m_arlen[1]_INST_0_i_1/O
                         net (fo=13, routed)          0.167     1.125    cu/m_arlen[1]_INST_0_i_1_n_0
    SLICE_X61Y416        LUT2 (Prop_E5LUT_SLICEM_I0_O)
                                                      0.139     1.264 r  cu/m_arlen[3]_INST_0_i_4/O
                         net (fo=3, routed)           0.258     1.522    cu/m_arlen[3]_INST_0_i_4_n_0
    SLICE_X63Y417        LUT6 (Prop_F6LUT_SLICEM_I5_O)
                                                      0.062     1.584 r  cu/m_arlen[2]_INST_0_i_5/O
                         net (fo=1, routed)           0.252     1.836    cu/m_arlen[2]_INST_0_i_5_n_0
    SLICE_X63Y415        CARRY8 (Prop_CARRY8_SLICEM_DI[1]_CO[3])
                                                      0.181     2.017 r  cu/m_arlen[2]_INST_0_i_2/CO[3]
                         net (fo=8, routed)           0.430     2.447    cu/n1
    SLICE_X62Y417        LUT6 (Prop_G6LUT_SLICEL_I3_O)
                                                      0.100     2.547 r  cu/m_arlen[3]_INST_0_i_2/O
                         net (fo=2, routed)           0.057     2.604    cu/m_arlen[3]_INST_0_i_2_n_0
    SLICE_X62Y417        LUT6 (Prop_H6LUT_SLICEL_I0_O)
                                                      0.064     2.668 r  cu/m_arlen[2]_INST_0/O
                         net (fo=0)                   0.000     2.668    m_arlen[2]
                                                                      r  m_arlen[2] (OUT)
  -------------------------------------------------------------------    -------------------

Slack:                    inf
  Source:                 cu/beats_reg[5]/C
                            (rising edge-triggered cell FDRE clocked by aclk  {rise@0.000ns fall@2.500ns period=5.000ns})
  Destination:            m_arlen[1]
                            (output port)
  Path Group:             (none)
  Path Type:              Max at Slow Process Corner
  Data Path Delay:        2.354ns  (logic 0.953ns (40.481%)  route 1.401ns (59.519%))
  Logic Levels:           7  (CARRY8=1 LUT2=1 LUT4=1 LUT5=2 LUT6=2)
  Clock Uncertainty:      0.025ns  ((TSJ^2 + TIJ^2)^1/2 + DJ) / 2 + PE
    Total System Jitter     (TSJ):    0.050ns
    Total Input Jitter      (TIJ):    0.000ns
    Discrete Jitter          (DJ):    0.000ns
    Phase Error              (PE):    0.000ns

    Location             Delay type                Incr(ns)  Path(ns)    Netlist Resource(s)
  -------------------------------------------------------------------    -------------------
                         (clock aclk rise edge)       0.000     0.000 r  
                                                      0.000     0.000 r  aclk (IN)
                         net (fo=1602, unset)         0.035     0.035    cu/aclk
    SLICE_X59Y415        FDRE                                         r  cu/beats_reg[5]/C
  -------------------------------------------------------------------    -------------------
    SLICE_X59Y415        FDRE (Prop_BFF_SLICEL_C_Q)
                                                      0.096     0.131 f  cu/beats_reg[5]/Q
                         net (fo=5, routed)           0.147     0.278    cu/beats_reg_n_0_[5]
    SLICE_X60Y415        LUT4 (Prop_E6LUT_SLICEM_I1_O)
                                                      0.177     0.455 f  cu/m_arlen[1]_INST_0_i_9/O
                         net (fo=1, routed)           0.104     0.559    cu/m_arlen[1]_INST_0_i_9_n_0
    SLICE_X60Y415        LUT5 (Prop_G6LUT_SLICEM_I4_O)
                                                      0.100     0.659 f  cu/m_arlen[1]_INST_0_i_5/O
                         net (fo=3, routed)           0.199     0.858    cu/m_arlen[1]_INST_0_i_5_n_0
    SLICE_X61Y417        LUT6 (Prop_G6LUT_SLICEM_I5_O)
                                                      0.100     0.958 r  cu/m_arlen[1]_INST_0_i_1/O
                         net (fo=13, routed)          0.167     1.125    cu/m_arlen[1]_INST_0_i_1_n_0
    SLICE_X61Y416        LUT2 (Prop_E5LUT_SLICEM_I0_O)
                                                      0.139     1.264 r  cu/m_arlen[3]_INST_0_i_4/O
                         net (fo=3, routed)           0.258     1.522    cu/m_arlen[3]_INST_0_i_4_n_0
    SLICE_X63Y417        LUT6 (Prop_F6LUT_SLICEM_I5_O)
                                                      0.062     1.584 r  cu/m_arlen[2]_INST_0_i_5/O
                         net (fo=1, routed)           0.252     1.836    cu/m_arlen[2]_INST_0_i_5_n_0
    SLICE_X63Y415        CARRY8 (Prop_CARRY8_SLICEM_DI[1]_CO[3])
                                                      0.181     2.017 r  cu/m_arlen[2]_INST_0_i_2/CO[3]
                         net (fo=8, routed)           0.275     2.291    cu/n1
    SLICE_X62Y416        LUT5 (Prop_C6LUT_SLICEL_I3_O)
                                                      0.098     2.389 r  cu/m_arlen[1]_INST_0/O
                         net (fo=0)                   0.000     2.389    m_arlen[1]
                                                                      r  m_arlen[1] (OUT)
  -------------------------------------------------------------------    -------------------

Slack:                    inf
  Source:                 wr/remain_reg[4]/C
                            (rising edge-triggered cell FDRE clocked by aclk  {rise@0.000ns fall@2.500ns period=5.000ns})
  Destination:            m_wlast
                            (output port)
  Path Group:             (none)
  Path Type:              Max at Slow Process Corner
  Data Path Delay:        2.299ns  (logic 0.895ns (38.931%)  route 1.404ns (61.069%))
  Logic Levels:           6  (CARRY8=1 LUT3=1 LUT4=1 LUT6=3)
  Clock Uncertainty:      0.025ns  ((TSJ^2 + TIJ^2)^1/2 + DJ) / 2 + PE
    Total System Jitter     (TSJ):    0.050ns
    Total Input Jitter      (TIJ):    0.000ns
    Discrete Jitter          (DJ):    0.000ns
    Phase Error              (PE):    0.000ns

    Location             Delay type                Incr(ns)  Path(ns)    Netlist Resource(s)
  -------------------------------------------------------------------    -------------------
                         (clock aclk rise edge)       0.000     0.000 r  
                                                      0.000     0.000 r  aclk (IN)
                         net (fo=1602, unset)         0.035     0.035    wr/aclk
    SLICE_X62Y409        FDRE                                         r  wr/remain_reg[4]/C
  -------------------------------------------------------------------    -------------------
    SLICE_X62Y409        FDRE (Prop_CFF2_SLICEL_C_Q)
                                                      0.097     0.132 f  wr/remain_reg[4]/Q
                         net (fo=13, routed)          0.311     0.443    wr/r[4]
    SLICE_X61Y407        LUT4 (Prop_D5LUT_SLICEM_I0_O)
                                                      0.136     0.579 r  wr/m_awlen[1]_INST_0_i_11/O
                         net (fo=1, routed)           0.252     0.831    wr/m_awlen[1]_INST_0_i_11_n_0
    SLICE_X61Y407        LUT6 (Prop_H6LUT_SLICEM_I0_O)
                                                      0.100     0.931 r  wr/m_awlen[1]_INST_0_i_4/O
                         net (fo=1, routed)           0.175     1.106    wr/m_awlen[1]_INST_0_i_4_n_0
    SLICE_X62Y407        CARRY8 (Prop_CARRY8_SLICEL_DI[1]_CO[3])
                                                      0.177     1.283 r  wr/m_awlen[1]_INST_0_i_2/CO[3]
                         net (fo=14, routed)          0.215     1.498    wr/n1
    SLICE_X62Y408        LUT6 (Prop_G6LUT_SLICEL_I1_O)
                                                      0.063     1.561 r  wr/m_awlen[3]_INST_0_i_2/O
                         net (fo=6, routed)           0.177     1.738    wr/burst_len[0]
    SLICE_X63Y409        LUT3 (Prop_A5LUT_SLICEM_I1_O)
                                                      0.171     1.909 r  wr/m_wlast_INST_0_i_2/O
                         net (fo=1, routed)           0.274     2.183    wr/m_wlast_INST_0_i_2_n_0
    SLICE_X63Y409        LUT6 (Prop_H6LUT_SLICEM_I4_O)
                                                      0.151     2.334 r  wr/m_wlast_INST_0/O
                         net (fo=3, unset)            0.000     2.334    m_wlast
                                                                      r  m_wlast (OUT)
  -------------------------------------------------------------------    -------------------

Slack:                    inf
  Source:                 cu/beats_reg[5]/C
                            (rising edge-triggered cell FDRE clocked by aclk  {rise@0.000ns fall@2.500ns period=5.000ns})
  Destination:            m_arlen[0]
                            (output port)
  Path Group:             (none)
  Path Type:              Max at Slow Process Corner
  Data Path Delay:        2.264ns  (logic 0.917ns (40.503%)  route 1.347ns (59.497%))
  Logic Levels:           7  (CARRY8=1 LUT2=1 LUT4=2 LUT5=1 LUT6=2)
  Clock Uncertainty:      0.025ns  ((TSJ^2 + TIJ^2)^1/2 + DJ) / 2 + PE
    Total System Jitter     (TSJ):    0.050ns
    Total Input Jitter      (TIJ):    0.000ns
    Discrete Jitter          (DJ):    0.000ns
    Phase Error              (PE):    0.000ns

    Location             Delay type                Incr(ns)  Path(ns)    Netlist Resource(s)
  -------------------------------------------------------------------    -------------------
                         (clock aclk rise edge)       0.000     0.000 r  
                                                      0.000     0.000 r  aclk (IN)
                         net (fo=1602, unset)         0.035     0.035    cu/aclk
    SLICE_X59Y415        FDRE                                         r  cu/beats_reg[5]/C
  -------------------------------------------------------------------    -------------------
    SLICE_X59Y415        FDRE (Prop_BFF_SLICEL_C_Q)
                                                      0.096     0.131 f  cu/beats_reg[5]/Q
                         net (fo=5, routed)           0.147     0.278    cu/beats_reg_n_0_[5]
    SLICE_X60Y415        LUT4 (Prop_E6LUT_SLICEM_I1_O)
                                                      0.177     0.455 f  cu/m_arlen[1]_INST_0_i_9/O
                         net (fo=1, routed)           0.104     0.559    cu/m_arlen[1]_INST_0_i_9_n_0
    SLICE_X60Y415        LUT5 (Prop_G6LUT_SLICEM_I4_O)
                                                      0.100     0.659 f  cu/m_arlen[1]_INST_0_i_5/O
                         net (fo=3, routed)           0.199     0.858    cu/m_arlen[1]_INST_0_i_5_n_0
    SLICE_X61Y417        LUT6 (Prop_G6LUT_SLICEM_I5_O)
                                                      0.100     0.958 r  cu/m_arlen[1]_INST_0_i_1/O
                         net (fo=13, routed)          0.167     1.125    cu/m_arlen[1]_INST_0_i_1_n_0
    SLICE_X61Y416        LUT2 (Prop_E5LUT_SLICEM_I0_O)
                                                      0.139     1.264 r  cu/m_arlen[3]_INST_0_i_4/O
                         net (fo=3, routed)           0.258     1.522    cu/m_arlen[3]_INST_0_i_4_n_0
    SLICE_X63Y417        LUT6 (Prop_F6LUT_SLICEM_I5_O)
                                                      0.062     1.584 r  cu/m_arlen[2]_INST_0_i_5/O
                         net (fo=1, routed)           0.252     1.836    cu/m_arlen[2]_INST_0_i_5_n_0
    SLICE_X63Y415        CARRY8 (Prop_CARRY8_SLICEM_DI[1]_CO[3])
                                                      0.181     2.017 r  cu/m_arlen[2]_INST_0_i_2/CO[3]
                         net (fo=8, routed)           0.220     2.237    cu/n1
    SLICE_X63Y416        LUT4 (Prop_F6LUT_SLICEM_I3_O)
                                                      0.062     2.299 r  cu/m_arlen[0]_INST_0_i_1/O
                         net (fo=1, unset)            0.000     2.299    m_arlen[0]
                                                                      r  m_arlen[0] (OUT)
  -------------------------------------------------------------------    -------------------

Slack:                    inf
  Source:                 wr/remain_reg[4]/C
                            (rising edge-triggered cell FDRE clocked by aclk  {rise@0.000ns fall@2.500ns period=5.000ns})
  Destination:            m_awlen[3]
                            (output port)
  Path Group:             (none)
  Path Type:              Max at Slow Process Corner
  Data Path Delay:        1.890ns  (logic 0.728ns (38.521%)  route 1.162ns (61.479%))
  Logic Levels:           5  (CARRY8=1 LUT4=2 LUT6=2)
  Clock Uncertainty:      0.025ns  ((TSJ^2 + TIJ^2)^1/2 + DJ) / 2 + PE
    Total System Jitter     (TSJ):    0.050ns
    Total Input Jitter      (TIJ):    0.000ns
    Discrete Jitter          (DJ):    0.000ns
    Phase Error              (PE):    0.000ns

    Location             Delay type                Incr(ns)  Path(ns)    Netlist Resource(s)
  -------------------------------------------------------------------    -------------------
                         (clock aclk rise edge)       0.000     0.000 r  
                                                      0.000     0.000 r  aclk (IN)
                         net (fo=1602, unset)         0.035     0.035    wr/aclk
    SLICE_X62Y409        FDRE                                         r  wr/remain_reg[4]/C
  -------------------------------------------------------------------    -------------------
    SLICE_X62Y409        FDRE (Prop_CFF2_SLICEL_C_Q)
                                                      0.097     0.132 f  wr/remain_reg[4]/Q
                         net (fo=13, routed)          0.311     0.443    wr/r[4]
    SLICE_X61Y407        LUT4 (Prop_D5LUT_SLICEM_I0_O)
                                                      0.136     0.579 r  wr/m_awlen[1]_INST_0_i_11/O
                         net (fo=1, routed)           0.252     0.831    wr/m_awlen[1]_INST_0_i_11_n_0
    SLICE_X61Y407        LUT6 (Prop_H6LUT_SLICEM_I0_O)
                                                      0.100     0.931 r  wr/m_awlen[1]_INST_0_i_4/O
                         net (fo=1, routed)           0.175     1.106    wr/m_awlen[1]_INST_0_i_4_n_0
    SLICE_X62Y407        CARRY8 (Prop_CARRY8_SLICEL_DI[1]_CO[3])
                                                      0.177     1.283 r  wr/m_awlen[1]_INST_0_i_2/CO[3]
                         net (fo=14, routed)          0.214     1.498    wr/n1
    SLICE_X61Y407        LUT6 (Prop_G6LUT_SLICEM_I4_O)
                                                      0.039     1.537 r  wr/m_awlen[3]_INST_0_i_4/O
                         net (fo=6, routed)           0.209     1.746    wr/burst_len[3]
    SLICE_X63Y409        LUT4 (Prop_A6LUT_SLICEM_I3_O)
                                                      0.179     1.925 r  wr/m_awlen[3]_INST_0/O
                         net (fo=0)                   0.000     1.925    m_awlen[3]
                                                                      r  m_awlen[3] (OUT)
  -------------------------------------------------------------------    -------------------

Slack:                    inf
  Source:                 wr/remain_reg[4]/C
                            (rising edge-triggered cell FDRE clocked by aclk  {rise@0.000ns fall@2.500ns period=5.000ns})
  Destination:            m_awlen[2]
                            (output port)
  Path Group:             (none)
  Path Type:              Max at Slow Process Corner
  Data Path Delay:        1.821ns  (logic 0.787ns (43.213%)  route 1.034ns (56.787%))
  Logic Levels:           5  (CARRY8=1 LUT3=1 LUT4=1 LUT6=2)
  Clock Uncertainty:      0.025ns  ((TSJ^2 + TIJ^2)^1/2 + DJ) / 2 + PE
    Total System Jitter     (TSJ):    0.050ns
    Total Input Jitter      (TIJ):    0.000ns
    Discrete Jitter          (DJ):    0.000ns
    Phase Error              (PE):    0.000ns

    Location             Delay type                Incr(ns)  Path(ns)    Netlist Resource(s)
  -------------------------------------------------------------------    -------------------
                         (clock aclk rise edge)       0.000     0.000 r  
                                                      0.000     0.000 r  aclk (IN)
                         net (fo=1602, unset)         0.035     0.035    wr/aclk
    SLICE_X62Y409        FDRE                                         r  wr/remain_reg[4]/C
  -------------------------------------------------------------------    -------------------
    SLICE_X62Y409        FDRE (Prop_CFF2_SLICEL_C_Q)
                                                      0.097     0.132 f  wr/remain_reg[4]/Q
                         net (fo=13, routed)          0.311     0.443    wr/r[4]
    SLICE_X61Y407        LUT4 (Prop_D5LUT_SLICEM_I0_O)
                                                      0.136     0.579 r  wr/m_awlen[1]_INST_0_i_11/O
                         net (fo=1, routed)           0.252     0.831    wr/m_awlen[1]_INST_0_i_11_n_0
    SLICE_X61Y407        LUT6 (Prop_H6LUT_SLICEM_I0_O)
                                                      0.100     0.931 r  wr/m_awlen[1]_INST_0_i_4/O
                         net (fo=1, routed)           0.175     1.106    wr/m_awlen[1]_INST_0_i_4_n_0
    SLICE_X62Y407        CARRY8 (Prop_CARRY8_SLICEL_DI[1]_CO[3])
                                                      0.177     1.283 r  wr/m_awlen[1]_INST_0_i_2/CO[3]
                         net (fo=14, routed)          0.186     1.469    wr/n1
    SLICE_X62Y409        LUT6 (Prop_H6LUT_SLICEL_I3_O)
                                                      0.179     1.648 r  wr/m_awlen[3]_INST_0_i_1/O
                         net (fo=7, routed)           0.110     1.758    wr/burst_len[2]
    SLICE_X63Y409        LUT3 (Prop_F6LUT_SLICEM_I2_O)
                                                      0.098     1.856 r  wr/m_awlen[2]_INST_0/O
                         net (fo=0)                   0.000     1.856    m_awlen[2]
                                                                      r  m_awlen[2] (OUT)
  -------------------------------------------------------------------    -------------------

Slack:                    inf
  Source:                 wr/remain_reg[4]/C
                            (rising edge-triggered cell FDRE clocked by aclk  {rise@0.000ns fall@2.500ns period=5.000ns})
  Destination:            m_awlen[0]
                            (output port)
  Path Group:             (none)
  Path Type:              Max at Slow Process Corner
  Data Path Delay:        1.709ns  (logic 0.689ns (40.305%)  route 1.020ns (59.695%))
  Logic Levels:           4  (CARRY8=1 LUT4=1 LUT6=2)
  Clock Uncertainty:      0.025ns  ((TSJ^2 + TIJ^2)^1/2 + DJ) / 2 + PE
    Total System Jitter     (TSJ):    0.050ns
    Total Input Jitter      (TIJ):    0.000ns
    Discrete Jitter          (DJ):    0.000ns
    Phase Error              (PE):    0.000ns

    Location             Delay type                Incr(ns)  Path(ns)    Netlist Resource(s)
  -------------------------------------------------------------------    -------------------
                         (clock aclk rise edge)       0.000     0.000 r  
                                                      0.000     0.000 r  aclk (IN)
                         net (fo=1602, unset)         0.035     0.035    wr/aclk
    SLICE_X62Y409        FDRE                                         r  wr/remain_reg[4]/C
  -------------------------------------------------------------------    -------------------
    SLICE_X62Y409        FDRE (Prop_CFF2_SLICEL_C_Q)
                                                      0.097     0.132 f  wr/remain_reg[4]/Q
                         net (fo=13, routed)          0.311     0.443    wr/r[4]
    SLICE_X61Y407        LUT4 (Prop_D5LUT_SLICEM_I0_O)
                                                      0.136     0.579 r  wr/m_awlen[1]_INST_0_i_11/O
                         net (fo=1, routed)           0.252     0.831    wr/m_awlen[1]_INST_0_i_11_n_0
    SLICE_X61Y407        LUT6 (Prop_H6LUT_SLICEM_I0_O)
                                                      0.100     0.931 r  wr/m_awlen[1]_INST_0_i_4/O
                         net (fo=1, routed)           0.175     1.106    wr/m_awlen[1]_INST_0_i_4_n_0
    SLICE_X62Y407        CARRY8 (Prop_CARRY8_SLICEL_DI[1]_CO[3])
                                                      0.177     1.283 r  wr/m_awlen[1]_INST_0_i_2/CO[3]
                         net (fo=14, routed)          0.282     1.565    wr/n1
    SLICE_X62Y407        LUT6 (Prop_H6LUT_SLICEL_I4_O)
                                                      0.179     1.744 r  wr/m_awlen[0]_INST_0/O
                         net (fo=0)                   0.000     1.744    m_awlen[0]
                                                                      r  m_awlen[0] (OUT)
  -------------------------------------------------------------------    -------------------

Slack:                    inf
  Source:                 wr/remain_reg[4]/C
                            (rising edge-triggered cell FDRE clocked by aclk  {rise@0.000ns fall@2.500ns period=5.000ns})
  Destination:            m_awlen[1]
                            (output port)
  Path Group:             (none)
  Path Type:              Max at Slow Process Corner
  Data Path Delay:        1.526ns  (logic 0.623ns (40.837%)  route 0.903ns (59.163%))
  Logic Levels:           4  (CARRY8=1 LUT4=1 LUT5=1 LUT6=1)
  Clock Uncertainty:      0.025ns  ((TSJ^2 + TIJ^2)^1/2 + DJ) / 2 + PE
    Total System Jitter     (TSJ):    0.050ns
    Total Input Jitter      (TIJ):    0.000ns
    Discrete Jitter          (DJ):    0.000ns
    Phase Error              (PE):    0.000ns

    Location             Delay type                Incr(ns)  Path(ns)    Netlist Resource(s)
  -------------------------------------------------------------------    -------------------
                         (clock aclk rise edge)       0.000     0.000 r  
                                                      0.000     0.000 r  aclk (IN)
                         net (fo=1602, unset)         0.035     0.035    wr/aclk
    SLICE_X62Y409        FDRE                                         r  wr/remain_reg[4]/C
  -------------------------------------------------------------------    -------------------
    SLICE_X62Y409        FDRE (Prop_CFF2_SLICEL_C_Q)
                                                      0.097     0.132 f  wr/remain_reg[4]/Q
                         net (fo=13, routed)          0.311     0.443    wr/r[4]
    SLICE_X61Y407        LUT4 (Prop_D5LUT_SLICEM_I0_O)
                                                      0.136     0.579 r  wr/m_awlen[1]_INST_0_i_11/O
                         net (fo=1, routed)           0.252     0.831    wr/m_awlen[1]_INST_0_i_11_n_0
    SLICE_X61Y407        LUT6 (Prop_H6LUT_SLICEM_I0_O)
                                                      0.100     0.931 r  wr/m_awlen[1]_INST_0_i_4/O
                         net (fo=1, routed)           0.175     1.106    wr/m_awlen[1]_INST_0_i_4_n_0
    SLICE_X62Y407        CARRY8 (Prop_CARRY8_SLICEL_DI[1]_CO[3])
                                                      0.177     1.283 r  wr/m_awlen[1]_INST_0_i_2/CO[3]
                         net (fo=14, routed)          0.164     1.448    wr/n1
    SLICE_X62Y408        LUT5 (Prop_C6LUT_SLICEL_I3_O)
                                                      0.113     1.561 r  wr/m_awlen[1]_INST_0/O
                         net (fo=0)                   0.000     1.561    m_awlen[1]
                                                                      r  m_awlen[1] (OUT)
  -------------------------------------------------------------------    -------------------

Slack:                    inf
  Source:                 wr/buf_reg_2/CLKARDCLK
                            (rising edge-triggered cell RAMB36E2 clocked by aclk  {rise@0.000ns fall@2.500ns period=5.000ns})
  Destination:            m_wdata[162]
                            (output port)
  Path Group:             (none)
  Path Type:              Max at Slow Process Corner
  Data Path Delay:        0.931ns  (logic 0.931ns (100.000%)  route 0.000ns (0.000%))
  Logic Levels:           0  
  Clock Uncertainty:      0.025ns  ((TSJ^2 + TIJ^2)^1/2 + DJ) / 2 + PE
    Total System Jitter     (TSJ):    0.050ns
    Total Input Jitter      (TIJ):    0.000ns
    Discrete Jitter          (DJ):    0.000ns
    Phase Error              (PE):    0.000ns

    Location             Delay type                Incr(ns)  Path(ns)    Netlist Resource(s)
  -------------------------------------------------------------------    -------------------
                         (clock aclk rise edge)       0.000     0.000 r  
                                                      0.000     0.000 r  aclk (IN)
                         net (fo=1602, unset)         0.081     0.081    wr/aclk
    RAMB36_X3Y82         RAMB36E2                                     r  wr/buf_reg_2/CLKARDCLK
  -------------------------------------------------------------------    -------------------
    RAMB36_X3Y82         RAMB36E2 (Prop_RAMB36E2_RAMB36_CLKARDCLK_DOUTADOUT[18])
                                                      0.931     1.012 r  wr/buf_reg_2/DOUTADOUT[18]
                         net (fo=0)                   0.000     1.012    m_wdata[162]
                                                                      r  m_wdata[162] (OUT)
  -------------------------------------------------------------------    -------------------

Slack:                    inf
  Source:                 wr/buf_reg_0/CLKARDCLK
                            (rising edge-triggered cell RAMB36E2 clocked by aclk  {rise@0.000ns fall@2.500ns period=5.000ns})
  Destination:            m_wdata[18]
                            (output port)
  Path Group:             (none)
  Path Type:              Max at Slow Process Corner
  Data Path Delay:        0.931ns  (logic 0.931ns (100.000%)  route 0.000ns (0.000%))
  Logic Levels:           0  
  Clock Uncertainty:      0.025ns  ((TSJ^2 + TIJ^2)^1/2 + DJ) / 2 + PE
    Total System Jitter     (TSJ):    0.050ns
    Total Input Jitter      (TIJ):    0.000ns
    Discrete Jitter          (DJ):    0.000ns
    Phase Error              (PE):    0.000ns

    Location             Delay type                Incr(ns)  Path(ns)    Netlist Resource(s)
  -------------------------------------------------------------------    -------------------
                         (clock aclk rise edge)       0.000     0.000 r  
                                                      0.000     0.000 r  aclk (IN)
                         net (fo=1602, unset)         0.081     0.081    wr/aclk
    RAMB36_X4Y79         RAMB36E2                                     r  wr/buf_reg_0/CLKARDCLK
  -------------------------------------------------------------------    -------------------
    RAMB36_X4Y79         RAMB36E2 (Prop_RAMB36E2_RAMB36_CLKARDCLK_DOUTADOUT[18])
                                                      0.931     1.012 r  wr/buf_reg_0/DOUTADOUT[18]
                         net (fo=0)                   0.000     1.012    m_wdata[18]
                                                                      r  m_wdata[18] (OUT)
  -------------------------------------------------------------------    -------------------

Slack:                    inf
  Source:                 wr/buf_reg_3/CLKARDCLK
                            (rising edge-triggered cell RAMB36E2 clocked by aclk  {rise@0.000ns fall@2.500ns period=5.000ns})
  Destination:            m_wdata[234]
                            (output port)
  Path Group:             (none)
  Path Type:              Max at Slow Process Corner
  Data Path Delay:        0.931ns  (logic 0.931ns (100.000%)  route 0.000ns (0.000%))
  Logic Levels:           0  
  Clock Uncertainty:      0.025ns  ((TSJ^2 + TIJ^2)^1/2 + DJ) / 2 + PE
    Total System Jitter     (TSJ):    0.050ns
    Total Input Jitter      (TIJ):    0.000ns
    Discrete Jitter          (DJ):    0.000ns
    Phase Error              (PE):    0.000ns

    Location             Delay type                Incr(ns)  Path(ns)    Netlist Resource(s)
  -------------------------------------------------------------------    -------------------
                         (clock aclk rise edge)       0.000     0.000 r  
                                                      0.000     0.000 r  aclk (IN)
                         net (fo=1602, unset)         0.081     0.081    wr/aclk
    RAMB36_X3Y80         RAMB36E2                                     r  wr/buf_reg_3/CLKARDCLK
  -------------------------------------------------------------------    -------------------
    RAMB36_X3Y80         RAMB36E2 (Prop_RAMB36E2_RAMB36_CLKARDCLK_DOUTADOUT[18])
                                                      0.931     1.012 r  wr/buf_reg_3/DOUTADOUT[18]
                         net (fo=0)                   0.000     1.012    m_wdata[234]
                                                                      r  m_wdata[234] (OUT)
  -------------------------------------------------------------------    -------------------

Slack:                    inf
  Source:                 wr/buf_reg_1/CLKARDCLK
                            (rising edge-triggered cell RAMB36E2 clocked by aclk  {rise@0.000ns fall@2.500ns period=5.000ns})
  Destination:            m_wdata[90]
                            (output port)
  Path Group:             (none)
  Path Type:              Max at Slow Process Corner
  Data Path Delay:        0.931ns  (logic 0.931ns (100.000%)  route 0.000ns (0.000%))
  Logic Levels:           0  
  Clock Uncertainty:      0.025ns  ((TSJ^2 + TIJ^2)^1/2 + DJ) / 2 + PE
    Total System Jitter     (TSJ):    0.050ns
    Total Input Jitter      (TIJ):    0.000ns
    Discrete Jitter          (DJ):    0.000ns
    Phase Error              (PE):    0.000ns

    Location             Delay type                Incr(ns)  Path(ns)    Netlist Resource(s)
  -------------------------------------------------------------------    -------------------
                         (clock aclk rise edge)       0.000     0.000 r  
                                                      0.000     0.000 r  aclk (IN)
                         net (fo=1602, unset)         0.081     0.081    wr/aclk
    RAMB36_X4Y81         RAMB36E2                                     r  wr/buf_reg_1/CLKARDCLK
  -------------------------------------------------------------------    -------------------
    RAMB36_X4Y81         RAMB36E2 (Prop_RAMB36E2_RAMB36_CLKARDCLK_DOUTADOUT[18])
                                                      0.931     1.012 r  wr/buf_reg_1/DOUTADOUT[18]
                         net (fo=0)                   0.000     1.012    m_wdata[90]
                                                                      r  m_wdata[90] (OUT)
  -------------------------------------------------------------------    -------------------

Slack:                    inf
  Source:                 wr/buf_reg_0/CLKARDCLK
                            (rising edge-triggered cell RAMB36E2 clocked by aclk  {rise@0.000ns fall@2.500ns period=5.000ns})
  Destination:            m_wdata[11]
                            (output port)
  Path Group:             (none)
  Path Type:              Max at Slow Process Corner
  Data Path Delay:        0.919ns  (logic 0.919ns (100.000%)  route 0.000ns (0.000%))
  Logic Levels:           0  
  Clock Uncertainty:      0.025ns  ((TSJ^2 + TIJ^2)^1/2 + DJ) / 2 + PE
    Total System Jitter     (TSJ):    0.050ns
    Total Input Jitter      (TIJ):    0.000ns
    Discrete Jitter          (DJ):    0.000ns
    Phase Error              (PE):    0.000ns

    Location             Delay type                Incr(ns)  Path(ns)    Netlist Resource(s)
  -------------------------------------------------------------------    -------------------
                         (clock aclk rise edge)       0.000     0.000 r  
                                                      0.000     0.000 r  aclk (IN)
                         net (fo=1602, unset)         0.081     0.081    wr/aclk
    RAMB36_X4Y79         RAMB36E2                                     r  wr/buf_reg_0/CLKARDCLK
  -------------------------------------------------------------------    -------------------
    RAMB36_X4Y79         RAMB36E2 (Prop_RAMB36E2_RAMB36_CLKARDCLK_DOUTADOUT[11])
                                                      0.919     1.000 r  wr/buf_reg_0/DOUTADOUT[11]
                         net (fo=0)                   0.000     1.000    m_wdata[11]
                                                                      r  m_wdata[11] (OUT)
  -------------------------------------------------------------------    -------------------

Slack:                    inf
  Source:                 wr/buf_reg_2/CLKARDCLK
                            (rising edge-triggered cell RAMB36E2 clocked by aclk  {rise@0.000ns fall@2.500ns period=5.000ns})
  Destination:            m_wdata[150]
                            (output port)
  Path Group:             (none)
  Path Type:              Max at Slow Process Corner
  Data Path Delay:        0.919ns  (logic 0.919ns (100.000%)  route 0.000ns (0.000%))
  Logic Levels:           0  
  Clock Uncertainty:      0.025ns  ((TSJ^2 + TIJ^2)^1/2 + DJ) / 2 + PE
    Total System Jitter     (TSJ):    0.050ns
    Total Input Jitter      (TIJ):    0.000ns
    Discrete Jitter          (DJ):    0.000ns
    Phase Error              (PE):    0.000ns

    Location             Delay type                Incr(ns)  Path(ns)    Netlist Resource(s)
  -------------------------------------------------------------------    -------------------
                         (clock aclk rise edge)       0.000     0.000 r  
                                                      0.000     0.000 r  aclk (IN)
                         net (fo=1602, unset)         0.081     0.081    wr/aclk
    RAMB36_X3Y82         RAMB36E2                                     r  wr/buf_reg_2/CLKARDCLK
  -------------------------------------------------------------------    -------------------
    RAMB36_X3Y82         RAMB36E2 (Prop_RAMB36E2_RAMB36_CLKARDCLK_DOUTADOUT[6])
                                                      0.919     1.000 r  wr/buf_reg_2/DOUTADOUT[6]
                         net (fo=0)                   0.000     1.000    m_wdata[150]
                                                                      r  m_wdata[150] (OUT)
  -------------------------------------------------------------------    -------------------

Slack:                    inf
  Source:                 wr/buf_reg_2/CLKARDCLK
                            (rising edge-triggered cell RAMB36E2 clocked by aclk  {rise@0.000ns fall@2.500ns period=5.000ns})
  Destination:            m_wdata[153]
                            (output port)
  Path Group:             (none)
  Path Type:              Max at Slow Process Corner
  Data Path Delay:        0.919ns  (logic 0.919ns (100.000%)  route 0.000ns (0.000%))
  Logic Levels:           0  
  Clock Uncertainty:      0.025ns  ((TSJ^2 + TIJ^2)^1/2 + DJ) / 2 + PE
    Total System Jitter     (TSJ):    0.050ns
    Total Input Jitter      (TIJ):    0.000ns
    Discrete Jitter          (DJ):    0.000ns
    Phase Error              (PE):    0.000ns

    Location             Delay type                Incr(ns)  Path(ns)    Netlist Resource(s)
  -------------------------------------------------------------------    -------------------
                         (clock aclk rise edge)       0.000     0.000 r  
                                                      0.000     0.000 r  aclk (IN)
                         net (fo=1602, unset)         0.081     0.081    wr/aclk
    RAMB36_X3Y82         RAMB36E2                                     r  wr/buf_reg_2/CLKARDCLK
  -------------------------------------------------------------------    -------------------
    RAMB36_X3Y82         RAMB36E2 (Prop_RAMB36E2_RAMB36_CLKARDCLK_DOUTADOUT[9])
                                                      0.919     1.000 r  wr/buf_reg_2/DOUTADOUT[9]
                         net (fo=0)                   0.000     1.000    m_wdata[153]
                                                                      r  m_wdata[153] (OUT)
  -------------------------------------------------------------------    -------------------

Slack:                    inf
  Source:                 wr/buf_reg_2/CLKARDCLK
                            (rising edge-triggered cell RAMB36E2 clocked by aclk  {rise@0.000ns fall@2.500ns period=5.000ns})
  Destination:            m_wdata[155]
                            (output port)
  Path Group:             (none)
  Path Type:              Max at Slow Process Corner
  Data Path Delay:        0.919ns  (logic 0.919ns (100.000%)  route 0.000ns (0.000%))
  Logic Levels:           0  
  Clock Uncertainty:      0.025ns  ((TSJ^2 + TIJ^2)^1/2 + DJ) / 2 + PE
    Total System Jitter     (TSJ):    0.050ns
    Total Input Jitter      (TIJ):    0.000ns
    Discrete Jitter          (DJ):    0.000ns
    Phase Error              (PE):    0.000ns

    Location             Delay type                Incr(ns)  Path(ns)    Netlist Resource(s)
  -------------------------------------------------------------------    -------------------
                         (clock aclk rise edge)       0.000     0.000 r  
                                                      0.000     0.000 r  aclk (IN)
                         net (fo=1602, unset)         0.081     0.081    wr/aclk
    RAMB36_X3Y82         RAMB36E2                                     r  wr/buf_reg_2/CLKARDCLK
  -------------------------------------------------------------------    -------------------
    RAMB36_X3Y82         RAMB36E2 (Prop_RAMB36E2_RAMB36_CLKARDCLK_DOUTADOUT[11])
                                                      0.919     1.000 r  wr/buf_reg_2/DOUTADOUT[11]
                         net (fo=0)                   0.000     1.000    m_wdata[155]
                                                                      r  m_wdata[155] (OUT)
  -------------------------------------------------------------------    -------------------

Slack:                    inf
  Source:                 wr/buf_reg_2/CLKARDCLK
                            (rising edge-triggered cell RAMB36E2 clocked by aclk  {rise@0.000ns fall@2.500ns period=5.000ns})
  Destination:            m_wdata[164]
                            (output port)
  Path Group:             (none)
  Path Type:              Max at Slow Process Corner
  Data Path Delay:        0.919ns  (logic 0.919ns (100.000%)  route 0.000ns (0.000%))
  Logic Levels:           0  
  Clock Uncertainty:      0.025ns  ((TSJ^2 + TIJ^2)^1/2 + DJ) / 2 + PE
    Total System Jitter     (TSJ):    0.050ns
    Total Input Jitter      (TIJ):    0.000ns
    Discrete Jitter          (DJ):    0.000ns
    Phase Error              (PE):    0.000ns

    Location             Delay type                Incr(ns)  Path(ns)    Netlist Resource(s)
  -------------------------------------------------------------------    -------------------
                         (clock aclk rise edge)       0.000     0.000 r  
                                                      0.000     0.000 r  aclk (IN)
                         net (fo=1602, unset)         0.081     0.081    wr/aclk
    RAMB36_X3Y82         RAMB36E2                                     r  wr/buf_reg_2/CLKARDCLK
  -------------------------------------------------------------------    -------------------
    RAMB36_X3Y82         RAMB36E2 (Prop_RAMB36E2_RAMB36_CLKARDCLK_DOUTADOUT[20])
                                                      0.919     1.000 r  wr/buf_reg_2/DOUTADOUT[20]
                         net (fo=0)                   0.000     1.000    m_wdata[164]
                                                                      r  m_wdata[164] (OUT)
  -------------------------------------------------------------------    -------------------

Slack:                    inf
  Source:                 wr/buf_reg_0/CLKARDCLK
                            (rising edge-triggered cell RAMB36E2 clocked by aclk  {rise@0.000ns fall@2.500ns period=5.000ns})
  Destination:            m_wdata[20]
                            (output port)
  Path Group:             (none)
  Path Type:              Max at Slow Process Corner
  Data Path Delay:        0.919ns  (logic 0.919ns (100.000%)  route 0.000ns (0.000%))
  Logic Levels:           0  
  Clock Uncertainty:      0.025ns  ((TSJ^2 + TIJ^2)^1/2 + DJ) / 2 + PE
    Total System Jitter     (TSJ):    0.050ns
    Total Input Jitter      (TIJ):    0.000ns
    Discrete Jitter          (DJ):    0.000ns
    Phase Error              (PE):    0.000ns

    Location             Delay type                Incr(ns)  Path(ns)    Netlist Resource(s)
  -------------------------------------------------------------------    -------------------
                         (clock aclk rise edge)       0.000     0.000 r  
                                                      0.000     0.000 r  aclk (IN)
                         net (fo=1602, unset)         0.081     0.081    wr/aclk
    RAMB36_X4Y79         RAMB36E2                                     r  wr/buf_reg_0/CLKARDCLK
  -------------------------------------------------------------------    -------------------
    RAMB36_X4Y79         RAMB36E2 (Prop_RAMB36E2_RAMB36_CLKARDCLK_DOUTADOUT[20])
                                                      0.919     1.000 r  wr/buf_reg_0/DOUTADOUT[20]
                         net (fo=0)                   0.000     1.000    m_wdata[20]
                                                                      r  m_wdata[20] (OUT)
  -------------------------------------------------------------------    -------------------

Slack:                    inf
  Source:                 wr/buf_reg_3/CLKARDCLK
                            (rising edge-triggered cell RAMB36E2 clocked by aclk  {rise@0.000ns fall@2.500ns period=5.000ns})
  Destination:            m_wdata[222]
                            (output port)
  Path Group:             (none)
  Path Type:              Max at Slow Process Corner
  Data Path Delay:        0.919ns  (logic 0.919ns (100.000%)  route 0.000ns (0.000%))
  Logic Levels:           0  
  Clock Uncertainty:      0.025ns  ((TSJ^2 + TIJ^2)^1/2 + DJ) / 2 + PE
    Total System Jitter     (TSJ):    0.050ns
    Total Input Jitter      (TIJ):    0.000ns
    Discrete Jitter          (DJ):    0.000ns
    Phase Error              (PE):    0.000ns

    Location             Delay type                Incr(ns)  Path(ns)    Netlist Resource(s)
  -------------------------------------------------------------------    -------------------
                         (clock aclk rise edge)       0.000     0.000 r  
                                                      0.000     0.000 r  aclk (IN)
                         net (fo=1602, unset)         0.081     0.081    wr/aclk
    RAMB36_X3Y80         RAMB36E2                                     r  wr/buf_reg_3/CLKARDCLK
  -------------------------------------------------------------------    -------------------
    RAMB36_X3Y80         RAMB36E2 (Prop_RAMB36E2_RAMB36_CLKARDCLK_DOUTADOUT[6])
                                                      0.919     1.000 r  wr/buf_reg_3/DOUTADOUT[6]
                         net (fo=0)                   0.000     1.000    m_wdata[222]
                                                                      r  m_wdata[222] (OUT)
  -------------------------------------------------------------------    -------------------





Min Delay Paths
--------------------------------------------------------------------------------------
Slack:                    inf
  Source:                 cu/cur_reg[24]/C
                            (rising edge-triggered cell FDRE clocked by aclk  {rise@0.000ns fall@2.500ns period=5.000ns})
  Destination:            m_araddr[24]
                            (output port)
  Path Group:             (none)
  Path Type:              Min at Fast Process Corner
  Data Path Delay:        0.037ns  (logic 0.037ns (100.000%)  route 0.000ns (0.000%))
  Logic Levels:           0  
  Clock Uncertainty:      0.025ns  ((TSJ^2 + TIJ^2)^1/2 + DJ) / 2 + PE
    Total System Jitter     (TSJ):    0.050ns
    Total Input Jitter      (TIJ):    0.000ns
    Discrete Jitter          (DJ):    0.000ns
    Phase Error              (PE):    0.000ns

    Location             Delay type                Incr(ns)  Path(ns)    Netlist Resource(s)
  -------------------------------------------------------------------    -------------------
                         (clock aclk rise edge)       0.000     0.000 r  
                                                      0.000     0.000 r  aclk (IN)
                         net (fo=1602, unset)         0.013     0.013    cu/aclk
    SLICE_X61Y415        FDRE                                         r  cu/cur_reg[24]/C
  -------------------------------------------------------------------    -------------------
    SLICE_X61Y415        FDRE (Prop_FFF_SLICEM_C_Q)
                                                      0.037     0.050 r  cu/cur_reg[24]/Q
                         net (fo=1, unset)            0.000     0.050    m_araddr[24]
                                                                      r  m_araddr[24] (OUT)
  -------------------------------------------------------------------    -------------------

Slack:                    inf
  Source:                 cu/cur_reg[25]/C
                            (rising edge-triggered cell FDRE clocked by aclk  {rise@0.000ns fall@2.500ns period=5.000ns})
  Destination:            m_araddr[25]
                            (output port)
  Path Group:             (none)
  Path Type:              Min at Fast Process Corner
  Data Path Delay:        0.037ns  (logic 0.037ns (100.000%)  route 0.000ns (0.000%))
  Logic Levels:           0  
  Clock Uncertainty:      0.025ns  ((TSJ^2 + TIJ^2)^1/2 + DJ) / 2 + PE
    Total System Jitter     (TSJ):    0.050ns
    Total Input Jitter      (TIJ):    0.000ns
    Discrete Jitter          (DJ):    0.000ns
    Phase Error              (PE):    0.000ns

    Location             Delay type                Incr(ns)  Path(ns)    Netlist Resource(s)
  -------------------------------------------------------------------    -------------------
                         (clock aclk rise edge)       0.000     0.000 r  
                                                      0.000     0.000 r  aclk (IN)
                         net (fo=1602, unset)         0.013     0.013    cu/aclk
    SLICE_X61Y414        FDRE                                         r  cu/cur_reg[25]/C
  -------------------------------------------------------------------    -------------------
    SLICE_X61Y414        FDRE (Prop_FFF_SLICEM_C_Q)
                                                      0.037     0.050 r  cu/cur_reg[25]/Q
                         net (fo=1, unset)            0.000     0.050    m_araddr[25]
                                                                      r  m_araddr[25] (OUT)
  -------------------------------------------------------------------    -------------------

Slack:                    inf
  Source:                 cu/cur_reg[21]/C
                            (rising edge-triggered cell FDRE clocked by aclk  {rise@0.000ns fall@2.500ns period=5.000ns})
  Destination:            m_araddr[21]
                            (output port)
  Path Group:             (none)
  Path Type:              Min at Fast Process Corner
  Data Path Delay:        0.038ns  (logic 0.038ns (100.000%)  route 0.000ns (0.000%))
  Logic Levels:           0  
  Clock Uncertainty:      0.025ns  ((TSJ^2 + TIJ^2)^1/2 + DJ) / 2 + PE
    Total System Jitter     (TSJ):    0.050ns
    Total Input Jitter      (TIJ):    0.000ns
    Discrete Jitter          (DJ):    0.000ns
    Phase Error              (PE):    0.000ns

    Location             Delay type                Incr(ns)  Path(ns)    Netlist Resource(s)
  -------------------------------------------------------------------    -------------------
                         (clock aclk rise edge)       0.000     0.000 r  
                                                      0.000     0.000 r  aclk (IN)
                         net (fo=1602, unset)         0.013     0.013    cu/aclk
    SLICE_X63Y414        FDRE                                         r  cu/cur_reg[21]/C
  -------------------------------------------------------------------    -------------------
    SLICE_X63Y414        FDRE (Prop_CFF_SLICEM_C_Q)
                                                      0.038     0.051 r  cu/cur_reg[21]/Q
                         net (fo=1, unset)            0.000     0.051    m_araddr[21]
                                                                      r  m_araddr[21] (OUT)
  -------------------------------------------------------------------    -------------------

Slack:                    inf
  Source:                 cu/cur_reg[26]/C
                            (rising edge-triggered cell FDRE clocked by aclk  {rise@0.000ns fall@2.500ns period=5.000ns})
  Destination:            m_araddr[26]
                            (output port)
  Path Group:             (none)
  Path Type:              Min at Fast Process Corner
  Data Path Delay:        0.038ns  (logic 0.038ns (100.000%)  route 0.000ns (0.000%))
  Logic Levels:           0  
  Clock Uncertainty:      0.025ns  ((TSJ^2 + TIJ^2)^1/2 + DJ) / 2 + PE
    Total System Jitter     (TSJ):    0.050ns
    Total Input Jitter      (TIJ):    0.000ns
    Discrete Jitter          (DJ):    0.000ns
    Phase Error              (PE):    0.000ns

    Location             Delay type                Incr(ns)  Path(ns)    Netlist Resource(s)
  -------------------------------------------------------------------    -------------------
                         (clock aclk rise edge)       0.000     0.000 r  
                                                      0.000     0.000 r  aclk (IN)
                         net (fo=1602, unset)         0.013     0.013    cu/aclk
    SLICE_X61Y414        FDRE                                         r  cu/cur_reg[26]/C
  -------------------------------------------------------------------    -------------------
    SLICE_X61Y414        FDRE (Prop_EFF_SLICEM_C_Q)
                                                      0.038     0.051 r  cu/cur_reg[26]/Q
                         net (fo=1, unset)            0.000     0.051    m_araddr[26]
                                                                      r  m_araddr[26] (OUT)
  -------------------------------------------------------------------    -------------------

Slack:                    inf
  Source:                 cu/cur_reg[30]/C
                            (rising edge-triggered cell FDRE clocked by aclk  {rise@0.000ns fall@2.500ns period=5.000ns})
  Destination:            m_araddr[30]
                            (output port)
  Path Group:             (none)
  Path Type:              Min at Fast Process Corner
  Data Path Delay:        0.038ns  (logic 0.038ns (100.000%)  route 0.000ns (0.000%))
  Logic Levels:           0  
  Clock Uncertainty:      0.025ns  ((TSJ^2 + TIJ^2)^1/2 + DJ) / 2 + PE
    Total System Jitter     (TSJ):    0.050ns
    Total Input Jitter      (TIJ):    0.000ns
    Discrete Jitter          (DJ):    0.000ns
    Phase Error              (PE):    0.000ns

    Location             Delay type                Incr(ns)  Path(ns)    Netlist Resource(s)
  -------------------------------------------------------------------    -------------------
                         (clock aclk rise edge)       0.000     0.000 r  
                                                      0.000     0.000 r  aclk (IN)
                         net (fo=1602, unset)         0.013     0.013    cu/aclk
    SLICE_X61Y415        FDRE                                         r  cu/cur_reg[30]/C
  -------------------------------------------------------------------    -------------------
    SLICE_X61Y415        FDRE (Prop_EFF_SLICEM_C_Q)
                                                      0.038     0.051 r  cu/cur_reg[30]/Q
                         net (fo=1, unset)            0.000     0.051    m_araddr[30]
                                                                      r  m_araddr[30] (OUT)
  -------------------------------------------------------------------    -------------------

Slack:                    inf
  Source:                 wr/cur_reg[23]/C
                            (rising edge-triggered cell FDRE clocked by aclk  {rise@0.000ns fall@2.500ns period=5.000ns})
  Destination:            m_awaddr[23]
                            (output port)
  Path Group:             (none)
  Path Type:              Min at Fast Process Corner
  Data Path Delay:        0.038ns  (logic 0.038ns (100.000%)  route 0.000ns (0.000%))
  Logic Levels:           0  
  Clock Uncertainty:      0.025ns  ((TSJ^2 + TIJ^2)^1/2 + DJ) / 2 + PE
    Total System Jitter     (TSJ):    0.050ns
    Total Input Jitter      (TIJ):    0.000ns
    Discrete Jitter          (DJ):    0.000ns
    Phase Error              (PE):    0.000ns

    Location             Delay type                Incr(ns)  Path(ns)    Netlist Resource(s)
  -------------------------------------------------------------------    -------------------
                         (clock aclk rise edge)       0.000     0.000 r  
                                                      0.000     0.000 r  aclk (IN)
                         net (fo=1602, unset)         0.013     0.013    wr/aclk
    SLICE_X61Y415        FDRE                                         r  wr/cur_reg[23]/C
  -------------------------------------------------------------------    -------------------
    SLICE_X61Y415        FDRE (Prop_CFF_SLICEM_C_Q)
                                                      0.038     0.051 r  wr/cur_reg[23]/Q
                         net (fo=1, unset)            0.000     0.051    m_awaddr[23]
                                                                      r  m_awaddr[23] (OUT)
  -------------------------------------------------------------------    -------------------

Slack:                    inf
  Source:                 wr/cur_reg[25]/C
                            (rising edge-triggered cell FDRE clocked by aclk  {rise@0.000ns fall@2.500ns period=5.000ns})
  Destination:            m_awaddr[25]
                            (output port)
  Path Group:             (none)
  Path Type:              Min at Fast Process Corner
  Data Path Delay:        0.038ns  (logic 0.038ns (100.000%)  route 0.000ns (0.000%))
  Logic Levels:           0  
  Clock Uncertainty:      0.025ns  ((TSJ^2 + TIJ^2)^1/2 + DJ) / 2 + PE
    Total System Jitter     (TSJ):    0.050ns
    Total Input Jitter      (TIJ):    0.000ns
    Discrete Jitter          (DJ):    0.000ns
    Phase Error              (PE):    0.000ns

    Location             Delay type                Incr(ns)  Path(ns)    Netlist Resource(s)
  -------------------------------------------------------------------    -------------------
                         (clock aclk rise edge)       0.000     0.000 r  
                                                      0.000     0.000 r  aclk (IN)
                         net (fo=1602, unset)         0.013     0.013    wr/aclk
    SLICE_X61Y414        FDRE                                         r  wr/cur_reg[25]/C
  -------------------------------------------------------------------    -------------------
    SLICE_X61Y414        FDRE (Prop_CFF_SLICEM_C_Q)
                                                      0.038     0.051 r  wr/cur_reg[25]/Q
                         net (fo=1, unset)            0.000     0.051    m_awaddr[25]
                                                                      r  m_awaddr[25] (OUT)
  -------------------------------------------------------------------    -------------------

Slack:                    inf
  Source:                 wr/cur_reg[31]/C
                            (rising edge-triggered cell FDRE clocked by aclk  {rise@0.000ns fall@2.500ns period=5.000ns})
  Destination:            m_awaddr[31]
                            (output port)
  Path Group:             (none)
  Path Type:              Min at Fast Process Corner
  Data Path Delay:        0.038ns  (logic 0.038ns (100.000%)  route 0.000ns (0.000%))
  Logic Levels:           0  
  Clock Uncertainty:      0.025ns  ((TSJ^2 + TIJ^2)^1/2 + DJ) / 2 + PE
    Total System Jitter     (TSJ):    0.050ns
    Total Input Jitter      (TIJ):    0.000ns
    Discrete Jitter          (DJ):    0.000ns
    Phase Error              (PE):    0.000ns

    Location             Delay type                Incr(ns)  Path(ns)    Netlist Resource(s)
  -------------------------------------------------------------------    -------------------
                         (clock aclk rise edge)       0.000     0.000 r  
                                                      0.000     0.000 r  aclk (IN)
                         net (fo=1602, unset)         0.013     0.013    wr/aclk
    SLICE_X61Y416        FDRE                                         r  wr/cur_reg[31]/C
  -------------------------------------------------------------------    -------------------
    SLICE_X61Y416        FDRE (Prop_CFF_SLICEM_C_Q)
                                                      0.038     0.051 r  wr/cur_reg[31]/Q
                         net (fo=1, unset)            0.000     0.051    m_awaddr[31]
                                                                      r  m_awaddr[31] (OUT)
  -------------------------------------------------------------------    -------------------

Slack:                    inf
  Source:                 wr/cur_reg[5]/C
                            (rising edge-triggered cell FDRE clocked by aclk  {rise@0.000ns fall@2.500ns period=5.000ns})
  Destination:            m_awaddr[5]
                            (output port)
  Path Group:             (none)
  Path Type:              Min at Fast Process Corner
  Data Path Delay:        0.038ns  (logic 0.038ns (100.000%)  route 0.000ns (0.000%))
  Logic Levels:           0  
  Clock Uncertainty:      0.025ns  ((TSJ^2 + TIJ^2)^1/2 + DJ) / 2 + PE
    Total System Jitter     (TSJ):    0.050ns
    Total Input Jitter      (TIJ):    0.000ns
    Discrete Jitter          (DJ):    0.000ns
    Phase Error              (PE):    0.000ns

    Location             Delay type                Incr(ns)  Path(ns)    Netlist Resource(s)
  -------------------------------------------------------------------    -------------------
                         (clock aclk rise edge)       0.000     0.000 r  
                                                      0.000     0.000 r  aclk (IN)
                         net (fo=1602, unset)         0.013     0.013    wr/aclk
    SLICE_X61Y409        FDRE                                         r  wr/cur_reg[5]/C
  -------------------------------------------------------------------    -------------------
    SLICE_X61Y409        FDRE (Prop_CFF_SLICEM_C_Q)
                                                      0.038     0.051 r  wr/cur_reg[5]/Q
                         net (fo=19, unset)           0.000     0.051    m_awaddr[5]
                                                                      r  m_awaddr[5] (OUT)
  -------------------------------------------------------------------    -------------------

Slack:                    inf
  Source:                 wr/cur_reg[7]/C
                            (rising edge-triggered cell FDRE clocked by aclk  {rise@0.000ns fall@2.500ns period=5.000ns})
  Destination:            m_awaddr[7]
                            (output port)
  Path Group:             (none)
  Path Type:              Min at Fast Process Corner
  Data Path Delay:        0.038ns  (logic 0.038ns (100.000%)  route 0.000ns (0.000%))
  Logic Levels:           0  
  Clock Uncertainty:      0.025ns  ((TSJ^2 + TIJ^2)^1/2 + DJ) / 2 + PE
    Total System Jitter     (TSJ):    0.050ns
    Total Input Jitter      (TIJ):    0.000ns
    Discrete Jitter          (DJ):    0.000ns
    Phase Error              (PE):    0.000ns

    Location             Delay type                Incr(ns)  Path(ns)    Netlist Resource(s)
  -------------------------------------------------------------------    -------------------
                         (clock aclk rise edge)       0.000     0.000 r  
                                                      0.000     0.000 r  aclk (IN)
                         net (fo=1602, unset)         0.013     0.013    wr/aclk
    SLICE_X61Y409        FDRE                                         r  wr/cur_reg[7]/C
  -------------------------------------------------------------------    -------------------
    SLICE_X61Y409        FDRE (Prop_BFF_SLICEM_C_Q)
                                                      0.038     0.051 r  wr/cur_reg[7]/Q
                         net (fo=10, unset)           0.000     0.051    m_awaddr[7]
                                                                      r  m_awaddr[7] (OUT)
  -------------------------------------------------------------------    -------------------

Slack:                    inf
  Source:                 wr/wv_reg/C
                            (rising edge-triggered cell FDRE clocked by aclk  {rise@0.000ns fall@2.500ns period=5.000ns})
  Destination:            m_wvalid
                            (output port)
  Path Group:             (none)
  Path Type:              Min at Fast Process Corner
  Data Path Delay:        0.038ns  (logic 0.038ns (100.000%)  route 0.000ns (0.000%))
  Logic Levels:           0  
  Clock Uncertainty:      0.025ns  ((TSJ^2 + TIJ^2)^1/2 + DJ) / 2 + PE
    Total System Jitter     (TSJ):    0.050ns
    Total Input Jitter      (TIJ):    0.000ns
    Discrete Jitter          (DJ):    0.000ns
    Phase Error              (PE):    0.000ns

    Location             Delay type                Incr(ns)  Path(ns)    Netlist Resource(s)
  -------------------------------------------------------------------    -------------------
                         (clock aclk rise edge)       0.000     0.000 r  
                                                      0.000     0.000 r  aclk (IN)
                         net (fo=1602, unset)         0.013     0.013    wr/aclk
    SLICE_X63Y411        FDRE                                         r  wr/wv_reg/C
  -------------------------------------------------------------------    -------------------
    SLICE_X63Y411        FDRE (Prop_AFF_SLICEM_C_Q)
                                                      0.038     0.051 r  wr/wv_reg/Q
                         net (fo=3, unset)            0.000     0.051    m_wvalid
                                                                      r  m_wvalid (OUT)
  -------------------------------------------------------------------    -------------------

Slack:                    inf
  Source:                 cu/cur_reg[0]/C
                            (rising edge-triggered cell FDRE clocked by aclk  {rise@0.000ns fall@2.500ns period=5.000ns})
  Destination:            m_araddr[0]
                            (output port)
  Path Group:             (none)
  Path Type:              Min at Fast Process Corner
  Data Path Delay:        0.039ns  (logic 0.039ns (100.000%)  route 0.000ns (0.000%))
  Logic Levels:           0  
  Clock Uncertainty:      0.025ns  ((TSJ^2 + TIJ^2)^1/2 + DJ) / 2 + PE
    Total System Jitter     (TSJ):    0.050ns
    Total Input Jitter      (TIJ):    0.000ns
    Discrete Jitter          (DJ):    0.000ns
    Phase Error              (PE):    0.000ns

    Location             Delay type                Incr(ns)  Path(ns)    Netlist Resource(s)
  -------------------------------------------------------------------    -------------------
                         (clock aclk rise edge)       0.000     0.000 r  
                                                      0.000     0.000 r  aclk (IN)
                         net (fo=1602, unset)         0.012     0.012    cu/aclk
    SLICE_X59Y409        FDRE                                         r  cu/cur_reg[0]/C
  -------------------------------------------------------------------    -------------------
    SLICE_X59Y409        FDRE (Prop_DFF_SLICEL_C_Q)
                                                      0.039     0.051 r  cu/cur_reg[0]/Q
                         net (fo=1, unset)            0.000     0.051    m_araddr[0]
                                                                      r  m_araddr[0] (OUT)
  -------------------------------------------------------------------    -------------------

Slack:                    inf
  Source:                 cu/cur_reg[10]/C
                            (rising edge-triggered cell FDRE clocked by aclk  {rise@0.000ns fall@2.500ns period=5.000ns})
  Destination:            m_araddr[10]
                            (output port)
  Path Group:             (none)
  Path Type:              Min at Fast Process Corner
  Data Path Delay:        0.039ns  (logic 0.039ns (100.000%)  route 0.000ns (0.000%))
  Logic Levels:           0  
  Clock Uncertainty:      0.025ns  ((TSJ^2 + TIJ^2)^1/2 + DJ) / 2 + PE
    Total System Jitter     (TSJ):    0.050ns
    Total Input Jitter      (TIJ):    0.000ns
    Discrete Jitter          (DJ):    0.000ns
    Phase Error              (PE):    0.000ns

    Location             Delay type                Incr(ns)  Path(ns)    Netlist Resource(s)
  -------------------------------------------------------------------    -------------------
                         (clock aclk rise edge)       0.000     0.000 r  
                                                      0.000     0.000 r  aclk (IN)
                         net (fo=1602, unset)         0.012     0.012    cu/aclk
    SLICE_X62Y410        FDRE                                         r  cu/cur_reg[10]/C
  -------------------------------------------------------------------    -------------------
    SLICE_X62Y410        FDRE (Prop_DFF_SLICEL_C_Q)
                                                      0.039     0.051 r  cu/cur_reg[10]/Q
                         net (fo=4, unset)            0.000     0.051    m_araddr[10]
                                                                      r  m_araddr[10] (OUT)
  -------------------------------------------------------------------    -------------------

Slack:                    inf
  Source:                 cu/cur_reg[1]/C
                            (rising edge-triggered cell FDRE clocked by aclk  {rise@0.000ns fall@2.500ns period=5.000ns})
  Destination:            m_araddr[1]
                            (output port)
  Path Group:             (none)
  Path Type:              Min at Fast Process Corner
  Data Path Delay:        0.039ns  (logic 0.039ns (100.000%)  route 0.000ns (0.000%))
  Logic Levels:           0  
  Clock Uncertainty:      0.025ns  ((TSJ^2 + TIJ^2)^1/2 + DJ) / 2 + PE
    Total System Jitter     (TSJ):    0.050ns
    Total Input Jitter      (TIJ):    0.000ns
    Discrete Jitter          (DJ):    0.000ns
    Phase Error              (PE):    0.000ns

    Location             Delay type                Incr(ns)  Path(ns)    Netlist Resource(s)
  -------------------------------------------------------------------    -------------------
                         (clock aclk rise edge)       0.000     0.000 r  
                                                      0.000     0.000 r  aclk (IN)
                         net (fo=1602, unset)         0.012     0.012    cu/aclk
    SLICE_X59Y409        FDRE                                         r  cu/cur_reg[1]/C
  -------------------------------------------------------------------    -------------------
    SLICE_X59Y409        FDRE (Prop_CFF_SLICEL_C_Q)
                                                      0.039     0.051 r  cu/cur_reg[1]/Q
                         net (fo=1, unset)            0.000     0.051    m_araddr[1]
                                                                      r  m_araddr[1] (OUT)
  -------------------------------------------------------------------    -------------------

Slack:                    inf
  Source:                 cu/cur_reg[2]/C
                            (rising edge-triggered cell FDRE clocked by aclk  {rise@0.000ns fall@2.500ns period=5.000ns})
  Destination:            m_araddr[2]
                            (output port)
  Path Group:             (none)
  Path Type:              Min at Fast Process Corner
  Data Path Delay:        0.039ns  (logic 0.039ns (100.000%)  route 0.000ns (0.000%))
  Logic Levels:           0  
  Clock Uncertainty:      0.025ns  ((TSJ^2 + TIJ^2)^1/2 + DJ) / 2 + PE
    Total System Jitter     (TSJ):    0.050ns
    Total Input Jitter      (TIJ):    0.000ns
    Discrete Jitter          (DJ):    0.000ns
    Phase Error              (PE):    0.000ns

    Location             Delay type                Incr(ns)  Path(ns)    Netlist Resource(s)
  -------------------------------------------------------------------    -------------------
                         (clock aclk rise edge)       0.000     0.000 r  
                                                      0.000     0.000 r  aclk (IN)
                         net (fo=1602, unset)         0.012     0.012    cu/aclk
    SLICE_X59Y407        FDRE                                         r  cu/cur_reg[2]/C
  -------------------------------------------------------------------    -------------------
    SLICE_X59Y407        FDRE (Prop_DFF_SLICEL_C_Q)
                                                      0.039     0.051 r  cu/cur_reg[2]/Q
                         net (fo=1, unset)            0.000     0.051    m_araddr[2]
                                                                      r  m_araddr[2] (OUT)
  -------------------------------------------------------------------    -------------------

Slack:                    inf
  Source:                 cu/cur_reg[4]/C
                            (rising edge-triggered cell FDRE clocked by aclk  {rise@0.000ns fall@2.500ns period=5.000ns})
  Destination:            m_araddr[4]
                            (output port)
  Path Group:             (none)
  Path Type:              Min at Fast Process Corner
  Data Path Delay:        0.039ns  (logic 0.039ns (100.000%)  route 0.000ns (0.000%))
  Logic Levels:           0  
  Clock Uncertainty:      0.025ns  ((TSJ^2 + TIJ^2)^1/2 + DJ) / 2 + PE
    Total System Jitter     (TSJ):    0.050ns
    Total Input Jitter      (TIJ):    0.000ns
    Discrete Jitter          (DJ):    0.000ns
    Phase Error              (PE):    0.000ns

    Location             Delay type                Incr(ns)  Path(ns)    Netlist Resource(s)
  -------------------------------------------------------------------    -------------------
                         (clock aclk rise edge)       0.000     0.000 r  
                                                      0.000     0.000 r  aclk (IN)
                         net (fo=1602, unset)         0.012     0.012    cu/aclk
    SLICE_X62Y410        FDRE                                         r  cu/cur_reg[4]/C
  -------------------------------------------------------------------    -------------------
    SLICE_X62Y410        FDRE (Prop_CFF_SLICEL_C_Q)
                                                      0.039     0.051 r  cu/cur_reg[4]/Q
                         net (fo=1, unset)            0.000     0.051    m_araddr[4]
                                                                      r  m_araddr[4] (OUT)
  -------------------------------------------------------------------    -------------------

Slack:                    inf
  Source:                 cu/cur_reg[5]/C
                            (rising edge-triggered cell FDRE clocked by aclk  {rise@0.000ns fall@2.500ns period=5.000ns})
  Destination:            m_araddr[5]
                            (output port)
  Path Group:             (none)
  Path Type:              Min at Fast Process Corner
  Data Path Delay:        0.039ns  (logic 0.039ns (100.000%)  route 0.000ns (0.000%))
  Logic Levels:           0  
  Clock Uncertainty:      0.025ns  ((TSJ^2 + TIJ^2)^1/2 + DJ) / 2 + PE
    Total System Jitter     (TSJ):    0.050ns
    Total Input Jitter      (TIJ):    0.000ns
    Discrete Jitter          (DJ):    0.000ns
    Phase Error              (PE):    0.000ns

    Location             Delay type                Incr(ns)  Path(ns)    Netlist Resource(s)
  -------------------------------------------------------------------    -------------------
                         (clock aclk rise edge)       0.000     0.000 r  
                                                      0.000     0.000 r  aclk (IN)
                         net (fo=1602, unset)         0.012     0.012    cu/aclk
    SLICE_X62Y411        FDRE                                         r  cu/cur_reg[5]/C
  -------------------------------------------------------------------    -------------------
    SLICE_X62Y411        FDRE (Prop_DFF_SLICEL_C_Q)
                                                      0.039     0.051 r  cu/cur_reg[5]/Q
                         net (fo=15, unset)           0.000     0.051    m_araddr[5]
                                                                      r  m_araddr[5] (OUT)
  -------------------------------------------------------------------    -------------------

Slack:                    inf
  Source:                 cu/cur_reg[6]/C
                            (rising edge-triggered cell FDRE clocked by aclk  {rise@0.000ns fall@2.500ns period=5.000ns})
  Destination:            m_araddr[6]
                            (output port)
  Path Group:             (none)
  Path Type:              Min at Fast Process Corner
  Data Path Delay:        0.039ns  (logic 0.039ns (100.000%)  route 0.000ns (0.000%))
  Logic Levels:           0  
  Clock Uncertainty:      0.025ns  ((TSJ^2 + TIJ^2)^1/2 + DJ) / 2 + PE
    Total System Jitter     (TSJ):    0.050ns
    Total Input Jitter      (TIJ):    0.000ns
    Discrete Jitter          (DJ):    0.000ns
    Phase Error              (PE):    0.000ns

    Location             Delay type                Incr(ns)  Path(ns)    Netlist Resource(s)
  -------------------------------------------------------------------    -------------------
                         (clock aclk rise edge)       0.000     0.000 r  
                                                      0.000     0.000 r  aclk (IN)
                         net (fo=1602, unset)         0.012     0.012    cu/aclk
    SLICE_X62Y411        FDRE                                         r  cu/cur_reg[6]/C
  -------------------------------------------------------------------    -------------------
    SLICE_X62Y411        FDRE (Prop_CFF_SLICEL_C_Q)
                                                      0.039     0.051 r  cu/cur_reg[6]/Q
                         net (fo=14, unset)           0.000     0.051    m_araddr[6]
                                                                      r  m_araddr[6] (OUT)
  -------------------------------------------------------------------    -------------------

Slack:                    inf
  Source:                 cu/cur_reg[7]/C
                            (rising edge-triggered cell FDRE clocked by aclk  {rise@0.000ns fall@2.500ns period=5.000ns})
  Destination:            m_araddr[7]
                            (output port)
  Path Group:             (none)
  Path Type:              Min at Fast Process Corner
  Data Path Delay:        0.039ns  (logic 0.039ns (100.000%)  route 0.000ns (0.000%))
  Logic Levels:           0  
  Clock Uncertainty:      0.025ns  ((TSJ^2 + TIJ^2)^1/2 + DJ) / 2 + PE
    Total System Jitter     (TSJ):    0.050ns
    Total Input Jitter      (TIJ):    0.000ns
    Discrete Jitter          (DJ):    0.000ns
    Phase Error              (PE):    0.000ns

    Location             Delay type                Incr(ns)  Path(ns)    Netlist Resource(s)
  -------------------------------------------------------------------    -------------------
                         (clock aclk rise edge)       0.000     0.000 r  
                                                      0.000     0.000 r  aclk (IN)
                         net (fo=1602, unset)         0.012     0.012    cu/aclk
    SLICE_X62Y411        FDRE                                         r  cu/cur_reg[7]/C
  -------------------------------------------------------------------    -------------------
    SLICE_X62Y411        FDRE (Prop_BFF_SLICEL_C_Q)
                                                      0.039     0.051 r  cu/cur_reg[7]/Q
                         net (fo=9, unset)            0.000     0.051    m_araddr[7]
                                                                      r  m_araddr[7] (OUT)
  -------------------------------------------------------------------    -------------------

Slack:                    inf
  Source:                 cu/cur_reg[8]/C
                            (rising edge-triggered cell FDRE clocked by aclk  {rise@0.000ns fall@2.500ns period=5.000ns})
  Destination:            m_araddr[8]
                            (output port)
  Path Group:             (none)
  Path Type:              Min at Fast Process Corner
  Data Path Delay:        0.039ns  (logic 0.039ns (100.000%)  route 0.000ns (0.000%))
  Logic Levels:           0  
  Clock Uncertainty:      0.025ns  ((TSJ^2 + TIJ^2)^1/2 + DJ) / 2 + PE
    Total System Jitter     (TSJ):    0.050ns
    Total Input Jitter      (TIJ):    0.000ns
    Discrete Jitter          (DJ):    0.000ns
    Phase Error              (PE):    0.000ns

    Location             Delay type                Incr(ns)  Path(ns)    Netlist Resource(s)
  -------------------------------------------------------------------    -------------------
                         (clock aclk rise edge)       0.000     0.000 r  
                                                      0.000     0.000 r  aclk (IN)
                         net (fo=1602, unset)         0.012     0.012    cu/aclk
    SLICE_X62Y411        FDRE                                         r  cu/cur_reg[8]/C
  -------------------------------------------------------------------    -------------------
    SLICE_X62Y411        FDRE (Prop_AFF_SLICEL_C_Q)
                                                      0.039     0.051 r  cu/cur_reg[8]/Q
                         net (fo=7, unset)            0.000     0.051    m_araddr[8]
                                                                      r  m_araddr[8] (OUT)
  -------------------------------------------------------------------    -------------------





--------------------------------------------------------------------------------------
Path Group:  (none)
From Clock:  dna_clk
  To Clock:  

Max Delay             1 Endpoint
Min Delay             1 Endpoint
--------------------------------------------------------------------------------------


Max Delay Paths
--------------------------------------------------------------------------------------
Slack:                    inf
  Source:                 dnar/ck_reg/Q
                            (clock source 'dna_clk'  {rise@0.000ns fall@50.000ns period=100.000ns})
  Destination:            dna_clk
                            (output port)
  Path Group:             (none)
  Path Type:              Max at Slow Process Corner
  Data Path Delay:        0.000ns  (logic 0.000ns (0.000%)  route 0.000ns (0.000%))
  Logic Levels:           0  
  Clock Uncertainty:      0.025ns  ((TSJ^2 + TIJ^2)^1/2 + DJ) / 2 + PE
    Total System Jitter     (TSJ):    0.050ns
    Total Input Jitter      (TIJ):    0.000ns
    Discrete Jitter          (DJ):    0.000ns
    Phase Error              (PE):    0.000ns

    Location             Delay type                Incr(ns)  Path(ns)    Netlist Resource(s)
  -------------------------------------------------------------------    -------------------
                         (clock dna_clk fall edge)   50.000    50.000 f  
                                                      0.000    50.000 r  aclk (IN)
                         net (fo=1602, unset)         0.035    50.035    dnar/aclk
  -------------------------------------------------------------------    -------------------
    SLICE_X70Y426        FDRE (Prop_DFF2_SLICEL_C_Q)
                                                      0.098    50.133 f  dnar/ck_reg/Q
                         net (fo=1, unset)            0.000    50.133    dna_clk
                                                                      f  dna_clk (OUT)
  -------------------------------------------------------------------    -------------------





Min Delay Paths
--------------------------------------------------------------------------------------
Slack:                    inf
  Source:                 dnar/ck_reg/Q
                            (clock source 'dna_clk'  {rise@0.000ns fall@50.000ns period=100.000ns})
  Destination:            dna_clk
                            (output port)
  Path Group:             (none)
  Path Type:              Min at Fast Process Corner
  Data Path Delay:        0.000ns  (logic 0.000ns (0.000%)  route 0.000ns (0.000%))
  Logic Levels:           0  
  Clock Uncertainty:      0.025ns  ((TSJ^2 + TIJ^2)^1/2 + DJ) / 2 + PE
    Total System Jitter     (TSJ):    0.050ns
    Total Input Jitter      (TIJ):    0.000ns
    Discrete Jitter          (DJ):    0.000ns
    Phase Error              (PE):    0.000ns

    Location             Delay type                Incr(ns)  Path(ns)    Netlist Resource(s)
  -------------------------------------------------------------------    -------------------
                         (clock dna_clk rise edge)    0.000     0.000 r  
                                                      0.000     0.000 r  aclk (IN)
                         net (fo=1602, unset)         0.012     0.012    dnar/aclk
  -------------------------------------------------------------------    -------------------
    SLICE_X70Y426        FDRE (Prop_DFF2_SLICEL_C_Q)
                                                      0.041     0.053 r  dnar/ck_reg/Q
                         net (fo=1, unset)            0.000     0.053    dna_clk
                                                                      r  dna_clk (OUT)
  -------------------------------------------------------------------    -------------------





--------------------------------------------------------------------------------------
Path Group:  (none)
From Clock:  tck
  To Clock:  

Max Delay             1 Endpoint
Min Delay             1 Endpoint
--------------------------------------------------------------------------------------


Max Delay Paths
--------------------------------------------------------------------------------------
Slack:                    inf
  Source:                 rx/st_sr_reg[0]/C
                            (rising edge-triggered cell FDRE clocked by tck  {rise@0.000ns fall@18.518ns period=37.037ns})
  Destination:            tdo
                            (output port)
  Path Group:             (none)
  Path Type:              Max at Slow Process Corner
  Data Path Delay:        0.096ns  (logic 0.096ns (100.000%)  route 0.000ns (0.000%))
  Logic Levels:           0  
  Clock Uncertainty:      0.025ns  ((TSJ^2 + TIJ^2)^1/2 + DJ) / 2 + PE
    Total System Jitter     (TSJ):    0.050ns
    Total Input Jitter      (TIJ):    0.000ns
    Discrete Jitter          (DJ):    0.000ns
    Phase Error              (PE):    0.000ns

    Location             Delay type                Incr(ns)  Path(ns)    Netlist Resource(s)
  -------------------------------------------------------------------    -------------------
                         (clock tck rise edge)        0.000     0.000 r  
                                                      0.000     0.000 r  tck (IN)
                         net (fo=1343, unset)         0.035     0.035    rx/tck
    SLICE_X70Y407        FDRE                                         r  rx/st_sr_reg[0]/C
  -------------------------------------------------------------------    -------------------
    SLICE_X70Y407        FDRE (Prop_AFF_SLICEL_C_Q)
                                                      0.096     0.131 r  rx/st_sr_reg[0]/Q
                         net (fo=0)                   0.000     0.131    tdo
                                                                      r  tdo (OUT)
  -------------------------------------------------------------------    -------------------





Min Delay Paths
--------------------------------------------------------------------------------------
Slack:                    inf
  Source:                 rx/st_sr_reg[0]/C
                            (rising edge-triggered cell FDRE clocked by tck  {rise@0.000ns fall@18.518ns period=37.037ns})
  Destination:            tdo
                            (output port)
  Path Group:             (none)
  Path Type:              Min at Fast Process Corner
  Data Path Delay:        0.039ns  (logic 0.039ns (100.000%)  route 0.000ns (0.000%))
  Logic Levels:           0  
  Clock Uncertainty:      0.025ns  ((TSJ^2 + TIJ^2)^1/2 + DJ) / 2 + PE
    Total System Jitter     (TSJ):    0.050ns
    Total Input Jitter      (TIJ):    0.000ns
    Discrete Jitter          (DJ):    0.000ns
    Phase Error              (PE):    0.000ns

    Location             Delay type                Incr(ns)  Path(ns)    Netlist Resource(s)
  -------------------------------------------------------------------    -------------------
                         (clock tck rise edge)        0.000     0.000 r  
                                                      0.000     0.000 r  tck (IN)
                         net (fo=1343, unset)         0.012     0.012    rx/tck
    SLICE_X70Y407        FDRE                                         r  rx/st_sr_reg[0]/C
  -------------------------------------------------------------------    -------------------
    SLICE_X70Y407        FDRE (Prop_AFF_SLICEL_C_Q)
                                                      0.039     0.051 r  rx/st_sr_reg[0]/Q
                         net (fo=0)                   0.000     0.051    tdo
                                                                      r  tdo (OUT)
  -------------------------------------------------------------------    -------------------





--------------------------------------------------------------------------------------
Path Group:  (none)
From Clock:  
  To Clock:  aclk

Max Delay           695 Endpoints
Min Delay           695 Endpoints
--------------------------------------------------------------------------------------


Max Delay Paths
--------------------------------------------------------------------------------------
Slack:                    inf
  Source:                 m_wready
                            (input port)
  Destination:            wr/buf_reg_3/ADDRARDADDR[11]
                            (rising edge-triggered cell RAMB36E2 clocked by aclk  {rise@0.000ns fall@2.500ns period=5.000ns})
  Path Group:             (none)
  Path Type:              Setup (Max at Slow Process Corner)
  Data Path Delay:        1.429ns  (logic 0.285ns (19.939%)  route 1.144ns (80.061%))
  Logic Levels:           3  (LUT5=2 LUT6=1)
  Clock Path Skew:        0.041ns (DCD - SCD + CPR)
    Destination Clock Delay (DCD):    0.041ns
    Source Clock Delay      (SCD):    0.000ns
    Clock Pessimism Removal (CPR):    0.000ns
  Clock Uncertainty:      0.025ns  ((TSJ^2 + TIJ^2)^1/2 + DJ) / 2 + PE
    Total System Jitter     (TSJ):    0.050ns
    Total Input Jitter      (TIJ):    0.000ns
    Discrete Jitter          (DJ):    0.000ns
    Phase Error              (PE):    0.000ns

    Location             Delay type                Incr(ns)  Path(ns)    Netlist Resource(s)
  -------------------------------------------------------------------    -------------------
                                                      0.000     0.000 r  m_wready (IN)
                         net (fo=2, unset)            0.000     0.000    wr/m_wready
    SLICE_X63Y411        LUT5 (Prop_C5LUT_SLICEM_I3_O)
                                                      0.084     0.084 r  wr/rd_idx[5]_i_3/O
                         net (fo=1, routed)           0.212     0.296    wr/rd_idx[5]_i_3_n_0
    SLICE_X63Y408        LUT5 (Prop_E6LUT_SLICEM_I0_O)
                                                      0.101     0.397 r  wr/rd_idx[5]_i_1/O
                         net (fo=18, routed)          0.371     0.768    wr/arst
    SLICE_X64Y413        LUT6 (Prop_H6LUT_SLICEL_I4_O)
                                                      0.100     0.868 r  wr/buf_reg_3_i_2/O
                         net (fo=4, routed)           0.562     1.429    wr/buf_reg_3_i_2_n_0
    RAMB36_X3Y80         RAMB36E2                                     r  wr/buf_reg_3/ADDRARDADDR[11]
  -------------------------------------------------------------------    -------------------

                         (clock aclk rise edge)       0.000     0.000 r  
                                                      0.000     0.000 r  aclk (IN)
                         net (fo=1602, unset)         0.041     0.041    wr/aclk
    RAMB36_X3Y80         RAMB36E2                                     r  wr/buf_reg_3/CLKARDCLK

Slack:                    inf
  Source:                 m_wready
                            (input port)
  Destination:            wr/buf_reg_3/ADDRARDADDR[10]
                            (rising edge-triggered cell RAMB36E2 clocked by aclk  {rise@0.000ns fall@2.500ns period=5.000ns})
  Path Group:             (none)
  Path Type:              Setup (Max at Slow Process Corner)
  Data Path Delay:        1.379ns  (logic 0.248ns (17.979%)  route 1.131ns (82.021%))
  Logic Levels:           3  (LUT3=1 LUT5=2)
  Clock Path Skew:        0.041ns (DCD - SCD + CPR)
    Destination Clock Delay (DCD):    0.041ns
    Source Clock Delay      (SCD):    0.000ns
    Clock Pessimism Removal (CPR):    0.000ns
  Clock Uncertainty:      0.025ns  ((TSJ^2 + TIJ^2)^1/2 + DJ) / 2 + PE
    Total System Jitter     (TSJ):    0.050ns
    Total Input Jitter      (TIJ):    0.000ns
    Discrete Jitter          (DJ):    0.000ns
    Phase Error              (PE):    0.000ns

    Location             Delay type                Incr(ns)  Path(ns)    Netlist Resource(s)
  -------------------------------------------------------------------    -------------------
                                                      0.000     0.000 r  m_wready (IN)
                         net (fo=2, unset)            0.000     0.000    wr/m_wready
    SLICE_X63Y411        LUT5 (Prop_C5LUT_SLICEM_I3_O)
                                                      0.084     0.084 r  wr/rd_idx[5]_i_3/O
                         net (fo=1, routed)           0.212     0.296    wr/rd_idx[5]_i_3_n_0
    SLICE_X63Y408        LUT5 (Prop_E6LUT_SLICEM_I0_O)
                                                      0.101     0.397 r  wr/rd_idx[5]_i_1/O
                         net (fo=18, routed)          0.368     0.765    wr/arst
    SLICE_X59Y413        LUT3 (Prop_D6LUT_SLICEL_I1_O)
                                                      0.063     0.828 r  wr/buf_reg_3_i_3/O
                         net (fo=4, routed)           0.551     1.379    wr/buf_reg_3_i_3_n_0
    RAMB36_X3Y80         RAMB36E2                                     r  wr/buf_reg_3/ADDRARDADDR[10]
  -------------------------------------------------------------------    -------------------

                         (clock aclk rise edge)       0.000     0.000 r  
                                                      0.000     0.000 r  aclk (IN)
                         net (fo=1602, unset)         0.041     0.041    wr/aclk
    RAMB36_X3Y80         RAMB36E2                                     r  wr/buf_reg_3/CLKARDCLK

Slack:                    inf
  Source:                 m_wready
                            (input port)
  Destination:            wr/buf_reg_1/ADDRARDADDR[11]
                            (rising edge-triggered cell RAMB36E2 clocked by aclk  {rise@0.000ns fall@2.500ns period=5.000ns})
  Path Group:             (none)
  Path Type:              Setup (Max at Slow Process Corner)
  Data Path Delay:        1.371ns  (logic 0.285ns (20.790%)  route 1.086ns (79.210%))
  Logic Levels:           3  (LUT5=2 LUT6=1)
  Clock Path Skew:        0.041ns (DCD - SCD + CPR)
    Destination Clock Delay (DCD):    0.041ns
    Source Clock Delay      (SCD):    0.000ns
    Clock Pessimism Removal (CPR):    0.000ns
  Clock Uncertainty:      0.025ns  ((TSJ^2 + TIJ^2)^1/2 + DJ) / 2 + PE
    Total System Jitter     (TSJ):    0.050ns
    Total Input Jitter      (TIJ):    0.000ns
    Discrete Jitter          (DJ):    0.000ns
    Phase Error              (PE):    0.000ns

    Location             Delay type                Incr(ns)  Path(ns)    Netlist Resource(s)
  -------------------------------------------------------------------    -------------------
                                                      0.000     0.000 r  m_wready (IN)
                         net (fo=2, unset)            0.000     0.000    wr/m_wready
    SLICE_X63Y411        LUT5 (Prop_C5LUT_SLICEM_I3_O)
                                                      0.084     0.084 r  wr/rd_idx[5]_i_3/O
                         net (fo=1, routed)           0.212     0.296    wr/rd_idx[5]_i_3_n_0
    SLICE_X63Y408        LUT5 (Prop_E6LUT_SLICEM_I0_O)
                                                      0.101     0.397 r  wr/rd_idx[5]_i_1/O
                         net (fo=18, routed)          0.371     0.768    wr/arst
    SLICE_X64Y413        LUT6 (Prop_H6LUT_SLICEL_I4_O)
                                                      0.100     0.868 r  wr/buf_reg_3_i_2/O
                         net (fo=4, routed)           0.503     1.371    wr/buf_reg_3_i_2_n_0
    RAMB36_X4Y81         RAMB36E2                                     r  wr/buf_reg_1/ADDRARDADDR[11]
  -------------------------------------------------------------------    -------------------

                         (clock aclk rise edge)       0.000     0.000 r  
                                                      0.000     0.000 r  aclk (IN)
                         net (fo=1602, unset)         0.041     0.041    wr/aclk
    RAMB36_X4Y81         RAMB36E2                                     r  wr/buf_reg_1/CLKARDCLK

Slack:                    inf
  Source:                 m_wready
                            (input port)
  Destination:            wr/buf_reg_0/ADDRARDADDR[11]
                            (rising edge-triggered cell RAMB36E2 clocked by aclk  {rise@0.000ns fall@2.500ns period=5.000ns})
  Path Group:             (none)
  Path Type:              Setup (Max at Slow Process Corner)
  Data Path Delay:        1.365ns  (logic 0.285ns (20.872%)  route 1.080ns (79.128%))
  Logic Levels:           3  (LUT5=2 LUT6=1)
  Clock Path Skew:        0.041ns (DCD - SCD + CPR)
    Destination Clock Delay (DCD):    0.041ns
    Source Clock Delay      (SCD):    0.000ns
    Clock Pessimism Removal (CPR):    0.000ns
  Clock Uncertainty:      0.025ns  ((TSJ^2 + TIJ^2)^1/2 + DJ) / 2 + PE
    Total System Jitter     (TSJ):    0.050ns
    Total Input Jitter      (TIJ):    0.000ns
    Discrete Jitter          (DJ):    0.000ns
    Phase Error              (PE):    0.000ns

    Location             Delay type                Incr(ns)  Path(ns)    Netlist Resource(s)
  -------------------------------------------------------------------    -------------------
                                                      0.000     0.000 r  m_wready (IN)
                         net (fo=2, unset)            0.000     0.000    wr/m_wready
    SLICE_X63Y411        LUT5 (Prop_C5LUT_SLICEM_I3_O)
                                                      0.084     0.084 r  wr/rd_idx[5]_i_3/O
                         net (fo=1, routed)           0.212     0.296    wr/rd_idx[5]_i_3_n_0
    SLICE_X63Y408        LUT5 (Prop_E6LUT_SLICEM_I0_O)
                                                      0.101     0.397 r  wr/rd_idx[5]_i_1/O
                         net (fo=18, routed)          0.371     0.768    wr/arst
    SLICE_X64Y413        LUT6 (Prop_H6LUT_SLICEL_I4_O)
                                                      0.100     0.868 r  wr/buf_reg_3_i_2/O
                         net (fo=4, routed)           0.498     1.365    wr/buf_reg_3_i_2_n_0
    RAMB36_X4Y79         RAMB36E2                                     r  wr/buf_reg_0/ADDRARDADDR[11]
  -------------------------------------------------------------------    -------------------

                         (clock aclk rise edge)       0.000     0.000 r  
                                                      0.000     0.000 r  aclk (IN)
                         net (fo=1602, unset)         0.041     0.041    wr/aclk
    RAMB36_X4Y79         RAMB36E2                                     r  wr/buf_reg_0/CLKARDCLK

Slack:                    inf
  Source:                 m_wready
                            (input port)
  Destination:            wr/buf_reg_3/ADDRARDADDR[7]
                            (rising edge-triggered cell RAMB36E2 clocked by aclk  {rise@0.000ns fall@2.500ns period=5.000ns})
  Path Group:             (none)
  Path Type:              Setup (Max at Slow Process Corner)
  Data Path Delay:        1.365ns  (logic 0.335ns (24.538%)  route 1.030ns (75.462%))
  Logic Levels:           3  (LUT5=3)
  Clock Path Skew:        0.041ns (DCD - SCD + CPR)
    Destination Clock Delay (DCD):    0.041ns
    Source Clock Delay      (SCD):    0.000ns
    Clock Pessimism Removal (CPR):    0.000ns
  Clock Uncertainty:      0.025ns  ((TSJ^2 + TIJ^2)^1/2 + DJ) / 2 + PE
    Total System Jitter     (TSJ):    0.050ns
    Total Input Jitter      (TIJ):    0.000ns
    Discrete Jitter          (DJ):    0.000ns
    Phase Error              (PE):    0.000ns

    Location             Delay type                Incr(ns)  Path(ns)    Netlist Resource(s)
  -------------------------------------------------------------------    -------------------
                                                      0.000     0.000 r  m_wready (IN)
                         net (fo=2, unset)            0.000     0.000    wr/m_wready
    SLICE_X63Y411        LUT5 (Prop_C5LUT_SLICEM_I3_O)
                                                      0.084     0.084 r  wr/rd_idx[5]_i_3/O
                         net (fo=1, routed)           0.212     0.296    wr/rd_idx[5]_i_3_n_0
    SLICE_X63Y408        LUT5 (Prop_E6LUT_SLICEM_I0_O)
                                                      0.101     0.397 r  wr/rd_idx[5]_i_1/O
                         net (fo=18, routed)          0.222     0.619    wr/arst
    SLICE_X63Y414        LUT5 (Prop_B6LUT_SLICEM_I3_O)
                                                      0.150     0.769 r  wr/buf_reg_3_i_6/O
                         net (fo=4, routed)           0.596     1.365    wr/buf_reg_3_i_6_n_0
    RAMB36_X3Y80         RAMB36E2                                     r  wr/buf_reg_3/ADDRARDADDR[7]
  -------------------------------------------------------------------    -------------------

                         (clock aclk rise edge)       0.000     0.000 r  
                                                      0.000     0.000 r  aclk (IN)
                         net (fo=1602, unset)         0.041     0.041    wr/aclk
    RAMB36_X3Y80         RAMB36E2                                     r  wr/buf_reg_3/CLKARDCLK

Slack:                    inf
  Source:                 m_wready
                            (input port)
  Destination:            wr/buf_reg_3/ADDRARDADDR[9]
                            (rising edge-triggered cell RAMB36E2 clocked by aclk  {rise@0.000ns fall@2.500ns period=5.000ns})
  Path Group:             (none)
  Path Type:              Setup (Max at Slow Process Corner)
  Data Path Delay:        1.350ns  (logic 0.265ns (19.631%)  route 1.085ns (80.369%))
  Logic Levels:           3  (LUT3=1 LUT5=2)
  Clock Path Skew:        0.041ns (DCD - SCD + CPR)
    Destination Clock Delay (DCD):    0.041ns
    Source Clock Delay      (SCD):    0.000ns
    Clock Pessimism Removal (CPR):    0.000ns
  Clock Uncertainty:      0.025ns  ((TSJ^2 + TIJ^2)^1/2 + DJ) / 2 + PE
    Total System Jitter     (TSJ):    0.050ns
    Total Input Jitter      (TIJ):    0.000ns
    Discrete Jitter          (DJ):    0.000ns
    Phase Error              (PE):    0.000ns

    Location             Delay type                Incr(ns)  Path(ns)    Netlist Resource(s)
  -------------------------------------------------------------------    -------------------
                                                      0.000     0.000 r  m_wready (IN)
                         net (fo=2, unset)            0.000     0.000    wr/m_wready
    SLICE_X63Y411        LUT5 (Prop_C5LUT_SLICEM_I3_O)
                                                      0.084     0.084 r  wr/rd_idx[5]_i_3/O
                         net (fo=1, routed)           0.212     0.296    wr/rd_idx[5]_i_3_n_0
    SLICE_X63Y408        LUT5 (Prop_E6LUT_SLICEM_I0_O)
                                                      0.101     0.397 r  wr/rd_idx[5]_i_1/O
                         net (fo=18, routed)          0.368     0.765    wr/arst
    SLICE_X59Y413        LUT3 (Prop_D5LUT_SLICEL_I1_O)
                                                      0.080     0.845 r  wr/buf_reg_3_i_4/O
                         net (fo=4, routed)           0.504     1.350    wr/buf_reg_3_i_4_n_0
    RAMB36_X3Y80         RAMB36E2                                     r  wr/buf_reg_3/ADDRARDADDR[9]
  -------------------------------------------------------------------    -------------------

                         (clock aclk rise edge)       0.000     0.000 r  
                                                      0.000     0.000 r  aclk (IN)
                         net (fo=1602, unset)         0.041     0.041    wr/aclk
    RAMB36_X3Y80         RAMB36E2                                     r  wr/buf_reg_3/CLKARDCLK

Slack:                    inf
  Source:                 m_wready
                            (input port)
  Destination:            wr/buf_reg_2/ADDRARDADDR[7]
                            (rising edge-triggered cell RAMB36E2 clocked by aclk  {rise@0.000ns fall@2.500ns period=5.000ns})
  Path Group:             (none)
  Path Type:              Setup (Max at Slow Process Corner)
  Data Path Delay:        1.341ns  (logic 0.335ns (24.985%)  route 1.006ns (75.015%))
  Logic Levels:           3  (LUT5=3)
  Clock Path Skew:        0.041ns (DCD - SCD + CPR)
    Destination Clock Delay (DCD):    0.041ns
    Source Clock Delay      (SCD):    0.000ns
    Clock Pessimism Removal (CPR):    0.000ns
  Clock Uncertainty:      0.025ns  ((TSJ^2 + TIJ^2)^1/2 + DJ) / 2 + PE
    Total System Jitter     (TSJ):    0.050ns
    Total Input Jitter      (TIJ):    0.000ns
    Discrete Jitter          (DJ):    0.000ns
    Phase Error              (PE):    0.000ns

    Location             Delay type                Incr(ns)  Path(ns)    Netlist Resource(s)
  -------------------------------------------------------------------    -------------------
                                                      0.000     0.000 r  m_wready (IN)
                         net (fo=2, unset)            0.000     0.000    wr/m_wready
    SLICE_X63Y411        LUT5 (Prop_C5LUT_SLICEM_I3_O)
                                                      0.084     0.084 r  wr/rd_idx[5]_i_3/O
                         net (fo=1, routed)           0.212     0.296    wr/rd_idx[5]_i_3_n_0
    SLICE_X63Y408        LUT5 (Prop_E6LUT_SLICEM_I0_O)
                                                      0.101     0.397 r  wr/rd_idx[5]_i_1/O
                         net (fo=18, routed)          0.222     0.619    wr/arst
    SLICE_X63Y414        LUT5 (Prop_B6LUT_SLICEM_I3_O)
                                                      0.150     0.769 r  wr/buf_reg_3_i_6/O
                         net (fo=4, routed)           0.572     1.341    wr/buf_reg_3_i_6_n_0
    RAMB36_X3Y82         RAMB36E2                                     r  wr/buf_reg_2/ADDRARDADDR[7]
  -------------------------------------------------------------------    -------------------

                         (clock aclk rise edge)       0.000     0.000 r  
                                                      0.000     0.000 r  aclk (IN)
                         net (fo=1602, unset)         0.041     0.041    wr/aclk
    RAMB36_X3Y82         RAMB36E2                                     r  wr/buf_reg_2/CLKARDCLK

Slack:                    inf
  Source:                 m_wready
                            (input port)
  Destination:            wr/buf_reg_2/ADDRARDADDR[11]
                            (rising edge-triggered cell RAMB36E2 clocked by aclk  {rise@0.000ns fall@2.500ns period=5.000ns})
  Path Group:             (none)
  Path Type:              Setup (Max at Slow Process Corner)
  Data Path Delay:        1.337ns  (logic 0.285ns (21.312%)  route 1.052ns (78.688%))
  Logic Levels:           3  (LUT5=2 LUT6=1)
  Clock Path Skew:        0.041ns (DCD - SCD + CPR)
    Destination Clock Delay (DCD):    0.041ns
    Source Clock Delay      (SCD):    0.000ns
    Clock Pessimism Removal (CPR):    0.000ns
  Clock Uncertainty:      0.025ns  ((TSJ^2 + TIJ^2)^1/2 + DJ) / 2 + PE
    Total System Jitter     (TSJ):    0.050ns
    Total Input Jitter      (TIJ):    0.000ns
    Discrete Jitter          (DJ):    0.000ns
    Phase Error              (PE):    0.000ns

    Location             Delay type                Incr(ns)  Path(ns)    Netlist Resource(s)
  -------------------------------------------------------------------    -------------------
                                                      0.000     0.000 r  m_wready (IN)
                         net (fo=2, unset)            0.000     0.000    wr/m_wready
    SLICE_X63Y411        LUT5 (Prop_C5LUT_SLICEM_I3_O)
                                                      0.084     0.084 r  wr/rd_idx[5]_i_3/O
                         net (fo=1, routed)           0.212     0.296    wr/rd_idx[5]_i_3_n_0
    SLICE_X63Y408        LUT5 (Prop_E6LUT_SLICEM_I0_O)
                                                      0.101     0.397 r  wr/rd_idx[5]_i_1/O
                         net (fo=18, routed)          0.371     0.768    wr/arst
    SLICE_X64Y413        LUT6 (Prop_H6LUT_SLICEL_I4_O)
                                                      0.100     0.868 r  wr/buf_reg_3_i_2/O
                         net (fo=4, routed)           0.469     1.337    wr/buf_reg_3_i_2_n_0
    RAMB36_X3Y82         RAMB36E2                                     r  wr/buf_reg_2/ADDRARDADDR[11]
  -------------------------------------------------------------------    -------------------

                         (clock aclk rise edge)       0.000     0.000 r  
                                                      0.000     0.000 r  aclk (IN)
                         net (fo=1602, unset)         0.041     0.041    wr/aclk
    RAMB36_X3Y82         RAMB36E2                                     r  wr/buf_reg_2/CLKARDCLK

Slack:                    inf
  Source:                 m_wready
                            (input port)
  Destination:            wr/buf_reg_0/ADDRARDADDR[7]
                            (rising edge-triggered cell RAMB36E2 clocked by aclk  {rise@0.000ns fall@2.500ns period=5.000ns})
  Path Group:             (none)
  Path Type:              Setup (Max at Slow Process Corner)
  Data Path Delay:        1.318ns  (logic 0.335ns (25.421%)  route 0.983ns (74.579%))
  Logic Levels:           3  (LUT5=3)
  Clock Path Skew:        0.041ns (DCD - SCD + CPR)
    Destination Clock Delay (DCD):    0.041ns
    Source Clock Delay      (SCD):    0.000ns
    Clock Pessimism Removal (CPR):    0.000ns
  Clock Uncertainty:      0.025ns  ((TSJ^2 + TIJ^2)^1/2 + DJ) / 2 + PE
    Total System Jitter     (TSJ):    0.050ns
    Total Input Jitter      (TIJ):    0.000ns
    Discrete Jitter          (DJ):    0.000ns
    Phase Error              (PE):    0.000ns

    Location             Delay type                Incr(ns)  Path(ns)    Netlist Resource(s)
  -------------------------------------------------------------------    -------------------
                                                      0.000     0.000 r  m_wready (IN)
                         net (fo=2, unset)            0.000     0.000    wr/m_wready
    SLICE_X63Y411        LUT5 (Prop_C5LUT_SLICEM_I3_O)
                                                      0.084     0.084 r  wr/rd_idx[5]_i_3/O
                         net (fo=1, routed)           0.212     0.296    wr/rd_idx[5]_i_3_n_0
    SLICE_X63Y408        LUT5 (Prop_E6LUT_SLICEM_I0_O)
                                                      0.101     0.397 r  wr/rd_idx[5]_i_1/O
                         net (fo=18, routed)          0.222     0.619    wr/arst
    SLICE_X63Y414        LUT5 (Prop_B6LUT_SLICEM_I3_O)
                                                      0.150     0.769 r  wr/buf_reg_3_i_6/O
                         net (fo=4, routed)           0.549     1.318    wr/buf_reg_3_i_6_n_0
    RAMB36_X4Y79         RAMB36E2                                     r  wr/buf_reg_0/ADDRARDADDR[7]
  -------------------------------------------------------------------    -------------------

                         (clock aclk rise edge)       0.000     0.000 r  
                                                      0.000     0.000 r  aclk (IN)
                         net (fo=1602, unset)         0.041     0.041    wr/aclk
    RAMB36_X4Y79         RAMB36E2                                     r  wr/buf_reg_0/CLKARDCLK

Slack:                    inf
  Source:                 m_wready
                            (input port)
  Destination:            wr/buf_reg_3/ADDRARDADDR[8]
                            (rising edge-triggered cell RAMB36E2 clocked by aclk  {rise@0.000ns fall@2.500ns period=5.000ns})
  Path Group:             (none)
  Path Type:              Setup (Max at Slow Process Corner)
  Data Path Delay:        1.305ns  (logic 0.298ns (22.843%)  route 1.007ns (77.157%))
  Logic Levels:           3  (LUT5=2 LUT6=1)
  Clock Path Skew:        0.041ns (DCD - SCD + CPR)
    Destination Clock Delay (DCD):    0.041ns
    Source Clock Delay      (SCD):    0.000ns
    Clock Pessimism Removal (CPR):    0.000ns
  Clock Uncertainty:      0.025ns  ((TSJ^2 + TIJ^2)^1/2 + DJ) / 2 + PE
    Total System Jitter     (TSJ):    0.050ns
    Total Input Jitter      (TIJ):    0.000ns
    Discrete Jitter          (DJ):    0.000ns
    Phase Error              (PE):    0.000ns

    Location             Delay type                Incr(ns)  Path(ns)    Netlist Resource(s)
  -------------------------------------------------------------------    -------------------
                                                      0.000     0.000 r  m_wready (IN)
                         net (fo=2, unset)            0.000     0.000    wr/m_wready
    SLICE_X63Y411        LUT5 (Prop_C5LUT_SLICEM_I3_O)
                                                      0.084     0.084 r  wr/rd_idx[5]_i_3/O
                         net (fo=1, routed)           0.212     0.296    wr/rd_idx[5]_i_3_n_0
    SLICE_X63Y408        LUT5 (Prop_E6LUT_SLICEM_I0_O)
                                                      0.101     0.397 r  wr/rd_idx[5]_i_1/O
                         net (fo=18, routed)          0.219     0.616    wr/arst
    SLICE_X63Y413        LUT6 (Prop_C6LUT_SLICEM_I4_O)
                                                      0.113     0.729 r  wr/buf_reg_3_i_5/O
                         net (fo=4, routed)           0.575     1.305    wr/buf_reg_3_i_5_n_0
    RAMB36_X3Y80         RAMB36E2                                     r  wr/buf_reg_3/ADDRARDADDR[8]
  -------------------------------------------------------------------    -------------------

                         (clock aclk rise edge)       0.000     0.000 r  
                                                      0.000     0.000 r  aclk (IN)
                         net (fo=1602, unset)         0.041     0.041    wr/aclk
    RAMB36_X3Y80         RAMB36E2                                     r  wr/buf_reg_3/CLKARDCLK

Slack:                    inf
  Source:                 m_wready
                            (input port)
  Destination:            wr/buf_reg_1/ADDRARDADDR[7]
                            (rising edge-triggered cell RAMB36E2 clocked by aclk  {rise@0.000ns fall@2.500ns period=5.000ns})
  Path Group:             (none)
  Path Type:              Setup (Max at Slow Process Corner)
  Data Path Delay:        1.283ns  (logic 0.335ns (26.119%)  route 0.948ns (73.881%))
  Logic Levels:           3  (LUT5=3)
  Clock Path Skew:        0.041ns (DCD - SCD + CPR)
    Destination Clock Delay (DCD):    0.041ns
    Source Clock Delay      (SCD):    0.000ns
    Clock Pessimism Removal (CPR):    0.000ns
  Clock Uncertainty:      0.025ns  ((TSJ^2 + TIJ^2)^1/2 + DJ) / 2 + PE
    Total System Jitter     (TSJ):    0.050ns
    Total Input Jitter      (TIJ):    0.000ns
    Discrete Jitter          (DJ):    0.000ns
    Phase Error              (PE):    0.000ns

    Location             Delay type                Incr(ns)  Path(ns)    Netlist Resource(s)
  -------------------------------------------------------------------    -------------------
                                                      0.000     0.000 r  m_wready (IN)
                         net (fo=2, unset)            0.000     0.000    wr/m_wready
    SLICE_X63Y411        LUT5 (Prop_C5LUT_SLICEM_I3_O)
                                                      0.084     0.084 r  wr/rd_idx[5]_i_3/O
                         net (fo=1, routed)           0.212     0.296    wr/rd_idx[5]_i_3_n_0
    SLICE_X63Y408        LUT5 (Prop_E6LUT_SLICEM_I0_O)
                                                      0.101     0.397 r  wr/rd_idx[5]_i_1/O
                         net (fo=18, routed)          0.222     0.619    wr/arst
    SLICE_X63Y414        LUT5 (Prop_B6LUT_SLICEM_I3_O)
                                                      0.150     0.769 r  wr/buf_reg_3_i_6/O
                         net (fo=4, routed)           0.514     1.283    wr/buf_reg_3_i_6_n_0
    RAMB36_X4Y81         RAMB36E2                                     r  wr/buf_reg_1/ADDRARDADDR[7]
  -------------------------------------------------------------------    -------------------

                         (clock aclk rise edge)       0.000     0.000 r  
                                                      0.000     0.000 r  aclk (IN)
                         net (fo=1602, unset)         0.041     0.041    wr/aclk
    RAMB36_X4Y81         RAMB36E2                                     r  wr/buf_reg_1/CLKARDCLK

Slack:                    inf
  Source:                 m_rvalid
                            (input port)
  Destination:            cu/beat_r_reg[106]/CE
                            (rising edge-triggered cell FDRE clocked by aclk  {rise@0.000ns fall@2.500ns period=5.000ns})
  Path Group:             (none)
  Path Type:              Setup (Max at Slow Process Corner)
  Data Path Delay:        1.273ns  (logic 0.115ns (9.035%)  route 1.158ns (90.965%))
  Logic Levels:           1  (LUT5=1)
  Clock Path Skew:        0.026ns (DCD - SCD + CPR)
    Destination Clock Delay (DCD):    0.026ns
    Source Clock Delay      (SCD):    0.000ns
    Clock Pessimism Removal (CPR):    0.000ns
  Clock Uncertainty:      0.025ns  ((TSJ^2 + TIJ^2)^1/2 + DJ) / 2 + PE
    Total System Jitter     (TSJ):    0.050ns
    Total Input Jitter      (TIJ):    0.000ns
    Discrete Jitter          (DJ):    0.000ns
    Phase Error              (PE):    0.000ns

    Location             Delay type                Incr(ns)  Path(ns)    Netlist Resource(s)
  -------------------------------------------------------------------    -------------------
                                                      0.000     0.000 r  m_rvalid (IN)
                         net (fo=2, unset)            0.000     0.000    cu/m_rvalid
    SLICE_X66Y406        LUT5 (Prop_B6LUT_SLICEL_I1_O)
                                                      0.115     0.115 r  cu/beat_r[255]_i_1/O
                         net (fo=257, routed)         1.158     1.273    cu/beat_r[255]_i_1_n_0
    SLICE_X74Y395        FDRE                                         r  cu/beat_r_reg[106]/CE
  -------------------------------------------------------------------    -------------------

                         (clock aclk rise edge)       0.000     0.000 r  
                                                      0.000     0.000 r  aclk (IN)
                         net (fo=1602, unset)         0.026     0.026    cu/aclk
    SLICE_X74Y395        FDRE                                         r  cu/beat_r_reg[106]/C

Slack:                    inf
  Source:                 m_rvalid
                            (input port)
  Destination:            cu/beat_r_reg[10]/CE
                            (rising edge-triggered cell FDRE clocked by aclk  {rise@0.000ns fall@2.500ns period=5.000ns})
  Path Group:             (none)
  Path Type:              Setup (Max at Slow Process Corner)
  Data Path Delay:        1.273ns  (logic 0.115ns (9.035%)  route 1.158ns (90.965%))
  Logic Levels:           1  (LUT5=1)
  Clock Path Skew:        0.026ns (DCD - SCD + CPR)
    Destination Clock Delay (DCD):    0.026ns
    Source Clock Delay      (SCD):    0.000ns
    Clock Pessimism Removal (CPR):    0.000ns
  Clock Uncertainty:      0.025ns  ((TSJ^2 + TIJ^2)^1/2 + DJ) / 2 + PE
    Total System Jitter     (TSJ):    0.050ns
    Total Input Jitter      (TIJ):    0.000ns
    Discrete Jitter          (DJ):    0.000ns
    Phase Error              (PE):    0.000ns

    Location             Delay type                Incr(ns)  Path(ns)    Netlist Resource(s)
  -------------------------------------------------------------------    -------------------
                                                      0.000     0.000 r  m_rvalid (IN)
                         net (fo=2, unset)            0.000     0.000    cu/m_rvalid
    SLICE_X66Y406        LUT5 (Prop_B6LUT_SLICEL_I1_O)
                                                      0.115     0.115 r  cu/beat_r[255]_i_1/O
                         net (fo=257, routed)         1.158     1.273    cu/beat_r[255]_i_1_n_0
    SLICE_X74Y395        FDRE                                         r  cu/beat_r_reg[10]/CE
  -------------------------------------------------------------------    -------------------

                         (clock aclk rise edge)       0.000     0.000 r  
                                                      0.000     0.000 r  aclk (IN)
                         net (fo=1602, unset)         0.026     0.026    cu/aclk
    SLICE_X74Y395        FDRE                                         r  cu/beat_r_reg[10]/C

Slack:                    inf
  Source:                 m_rvalid
                            (input port)
  Destination:            cu/beat_r_reg[138]/CE
                            (rising edge-triggered cell FDRE clocked by aclk  {rise@0.000ns fall@2.500ns period=5.000ns})
  Path Group:             (none)
  Path Type:              Setup (Max at Slow Process Corner)
  Data Path Delay:        1.273ns  (logic 0.115ns (9.035%)  route 1.158ns (90.965%))
  Logic Levels:           1  (LUT5=1)
  Clock Path Skew:        0.026ns (DCD - SCD + CPR)
    Destination Clock Delay (DCD):    0.026ns
    Source Clock Delay      (SCD):    0.000ns
    Clock Pessimism Removal (CPR):    0.000ns
  Clock Uncertainty:      0.025ns  ((TSJ^2 + TIJ^2)^1/2 + DJ) / 2 + PE
    Total System Jitter     (TSJ):    0.050ns
    Total Input Jitter      (TIJ):    0.000ns
    Discrete Jitter          (DJ):    0.000ns
    Phase Error              (PE):    0.000ns

    Location             Delay type                Incr(ns)  Path(ns)    Netlist Resource(s)
  -------------------------------------------------------------------    -------------------
                                                      0.000     0.000 r  m_rvalid (IN)
                         net (fo=2, unset)            0.000     0.000    cu/m_rvalid
    SLICE_X66Y406        LUT5 (Prop_B6LUT_SLICEL_I1_O)
                                                      0.115     0.115 r  cu/beat_r[255]_i_1/O
                         net (fo=257, routed)         1.158     1.273    cu/beat_r[255]_i_1_n_0
    SLICE_X74Y395        FDRE                                         r  cu/beat_r_reg[138]/CE
  -------------------------------------------------------------------    -------------------

                         (clock aclk rise edge)       0.000     0.000 r  
                                                      0.000     0.000 r  aclk (IN)
                         net (fo=1602, unset)         0.026     0.026    cu/aclk
    SLICE_X74Y395        FDRE                                         r  cu/beat_r_reg[138]/C

Slack:                    inf
  Source:                 m_rvalid
                            (input port)
  Destination:            cu/beat_r_reg[170]/CE
                            (rising edge-triggered cell FDRE clocked by aclk  {rise@0.000ns fall@2.500ns period=5.000ns})
  Path Group:             (none)
  Path Type:              Setup (Max at Slow Process Corner)
  Data Path Delay:        1.273ns  (logic 0.115ns (9.035%)  route 1.158ns (90.965%))
  Logic Levels:           1  (LUT5=1)
  Clock Path Skew:        0.026ns (DCD - SCD + CPR)
    Destination Clock Delay (DCD):    0.026ns
    Source Clock Delay      (SCD):    0.000ns
    Clock Pessimism Removal (CPR):    0.000ns
  Clock Uncertainty:      0.025ns  ((TSJ^2 + TIJ^2)^1/2 + DJ) / 2 + PE
    Total System Jitter     (TSJ):    0.050ns
    Total Input Jitter      (TIJ):    0.000ns
    Discrete Jitter          (DJ):    0.000ns
    Phase Error              (PE):    0.000ns

    Location             Delay type                Incr(ns)  Path(ns)    Netlist Resource(s)
  -------------------------------------------------------------------    -------------------
                                                      0.000     0.000 r  m_rvalid (IN)
                         net (fo=2, unset)            0.000     0.000    cu/m_rvalid
    SLICE_X66Y406        LUT5 (Prop_B6LUT_SLICEL_I1_O)
                                                      0.115     0.115 r  cu/beat_r[255]_i_1/O
                         net (fo=257, routed)         1.158     1.273    cu/beat_r[255]_i_1_n_0
    SLICE_X74Y395        FDRE                                         r  cu/beat_r_reg[170]/CE
  -------------------------------------------------------------------    -------------------

                         (clock aclk rise edge)       0.000     0.000 r  
                                                      0.000     0.000 r  aclk (IN)
                         net (fo=1602, unset)         0.026     0.026    cu/aclk
    SLICE_X74Y395        FDRE                                         r  cu/beat_r_reg[170]/C

Slack:                    inf
  Source:                 m_rvalid
                            (input port)
  Destination:            cu/beat_r_reg[202]/CE
                            (rising edge-triggered cell FDRE clocked by aclk  {rise@0.000ns fall@2.500ns period=5.000ns})
  Path Group:             (none)
  Path Type:              Setup (Max at Slow Process Corner)
  Data Path Delay:        1.273ns  (logic 0.115ns (9.035%)  route 1.158ns (90.965%))
  Logic Levels:           1  (LUT5=1)
  Clock Path Skew:        0.026ns (DCD - SCD + CPR)
    Destination Clock Delay (DCD):    0.026ns
    Source Clock Delay      (SCD):    0.000ns
    Clock Pessimism Removal (CPR):    0.000ns
  Clock Uncertainty:      0.025ns  ((TSJ^2 + TIJ^2)^1/2 + DJ) / 2 + PE
    Total System Jitter     (TSJ):    0.050ns
    Total Input Jitter      (TIJ):    0.000ns
    Discrete Jitter          (DJ):    0.000ns
    Phase Error              (PE):    0.000ns

    Location             Delay type                Incr(ns)  Path(ns)    Netlist Resource(s)
  -------------------------------------------------------------------    -------------------
                                                      0.000     0.000 r  m_rvalid (IN)
                         net (fo=2, unset)            0.000     0.000    cu/m_rvalid
    SLICE_X66Y406        LUT5 (Prop_B6LUT_SLICEL_I1_O)
                                                      0.115     0.115 r  cu/beat_r[255]_i_1/O
                         net (fo=257, routed)         1.158     1.273    cu/beat_r[255]_i_1_n_0
    SLICE_X74Y395        FDRE                                         r  cu/beat_r_reg[202]/CE
  -------------------------------------------------------------------    -------------------

                         (clock aclk rise edge)       0.000     0.000 r  
                                                      0.000     0.000 r  aclk (IN)
                         net (fo=1602, unset)         0.026     0.026    cu/aclk
    SLICE_X74Y395        FDRE                                         r  cu/beat_r_reg[202]/C

Slack:                    inf
  Source:                 m_rvalid
                            (input port)
  Destination:            cu/beat_r_reg[234]/CE
                            (rising edge-triggered cell FDRE clocked by aclk  {rise@0.000ns fall@2.500ns period=5.000ns})
  Path Group:             (none)
  Path Type:              Setup (Max at Slow Process Corner)
  Data Path Delay:        1.273ns  (logic 0.115ns (9.035%)  route 1.158ns (90.965%))
  Logic Levels:           1  (LUT5=1)
  Clock Path Skew:        0.026ns (DCD - SCD + CPR)
    Destination Clock Delay (DCD):    0.026ns
    Source Clock Delay      (SCD):    0.000ns
    Clock Pessimism Removal (CPR):    0.000ns
  Clock Uncertainty:      0.025ns  ((TSJ^2 + TIJ^2)^1/2 + DJ) / 2 + PE
    Total System Jitter     (TSJ):    0.050ns
    Total Input Jitter      (TIJ):    0.000ns
    Discrete Jitter          (DJ):    0.000ns
    Phase Error              (PE):    0.000ns

    Location             Delay type                Incr(ns)  Path(ns)    Netlist Resource(s)
  -------------------------------------------------------------------    -------------------
                                                      0.000     0.000 r  m_rvalid (IN)
                         net (fo=2, unset)            0.000     0.000    cu/m_rvalid
    SLICE_X66Y406        LUT5 (Prop_B6LUT_SLICEL_I1_O)
                                                      0.115     0.115 r  cu/beat_r[255]_i_1/O
                         net (fo=257, routed)         1.158     1.273    cu/beat_r[255]_i_1_n_0
    SLICE_X74Y395        FDRE                                         r  cu/beat_r_reg[234]/CE
  -------------------------------------------------------------------    -------------------

                         (clock aclk rise edge)       0.000     0.000 r  
                                                      0.000     0.000 r  aclk (IN)
                         net (fo=1602, unset)         0.026     0.026    cu/aclk
    SLICE_X74Y395        FDRE                                         r  cu/beat_r_reg[234]/C

Slack:                    inf
  Source:                 m_rvalid
                            (input port)
  Destination:            cu/beat_r_reg[42]/CE
                            (rising edge-triggered cell FDRE clocked by aclk  {rise@0.000ns fall@2.500ns period=5.000ns})
  Path Group:             (none)
  Path Type:              Setup (Max at Slow Process Corner)
  Data Path Delay:        1.273ns  (logic 0.115ns (9.035%)  route 1.158ns (90.965%))
  Logic Levels:           1  (LUT5=1)
  Clock Path Skew:        0.026ns (DCD - SCD + CPR)
    Destination Clock Delay (DCD):    0.026ns
    Source Clock Delay      (SCD):    0.000ns
    Clock Pessimism Removal (CPR):    0.000ns
  Clock Uncertainty:      0.025ns  ((TSJ^2 + TIJ^2)^1/2 + DJ) / 2 + PE
    Total System Jitter     (TSJ):    0.050ns
    Total Input Jitter      (TIJ):    0.000ns
    Discrete Jitter          (DJ):    0.000ns
    Phase Error              (PE):    0.000ns

    Location             Delay type                Incr(ns)  Path(ns)    Netlist Resource(s)
  -------------------------------------------------------------------    -------------------
                                                      0.000     0.000 r  m_rvalid (IN)
                         net (fo=2, unset)            0.000     0.000    cu/m_rvalid
    SLICE_X66Y406        LUT5 (Prop_B6LUT_SLICEL_I1_O)
                                                      0.115     0.115 r  cu/beat_r[255]_i_1/O
                         net (fo=257, routed)         1.158     1.273    cu/beat_r[255]_i_1_n_0
    SLICE_X74Y395        FDRE                                         r  cu/beat_r_reg[42]/CE
  -------------------------------------------------------------------    -------------------

                         (clock aclk rise edge)       0.000     0.000 r  
                                                      0.000     0.000 r  aclk (IN)
                         net (fo=1602, unset)         0.026     0.026    cu/aclk
    SLICE_X74Y395        FDRE                                         r  cu/beat_r_reg[42]/C

Slack:                    inf
  Source:                 m_rvalid
                            (input port)
  Destination:            cu/beat_r_reg[74]/CE
                            (rising edge-triggered cell FDRE clocked by aclk  {rise@0.000ns fall@2.500ns period=5.000ns})
  Path Group:             (none)
  Path Type:              Setup (Max at Slow Process Corner)
  Data Path Delay:        1.273ns  (logic 0.115ns (9.035%)  route 1.158ns (90.965%))
  Logic Levels:           1  (LUT5=1)
  Clock Path Skew:        0.026ns (DCD - SCD + CPR)
    Destination Clock Delay (DCD):    0.026ns
    Source Clock Delay      (SCD):    0.000ns
    Clock Pessimism Removal (CPR):    0.000ns
  Clock Uncertainty:      0.025ns  ((TSJ^2 + TIJ^2)^1/2 + DJ) / 2 + PE
    Total System Jitter     (TSJ):    0.050ns
    Total Input Jitter      (TIJ):    0.000ns
    Discrete Jitter          (DJ):    0.000ns
    Phase Error              (PE):    0.000ns

    Location             Delay type                Incr(ns)  Path(ns)    Netlist Resource(s)
  -------------------------------------------------------------------    -------------------
                                                      0.000     0.000 r  m_rvalid (IN)
                         net (fo=2, unset)            0.000     0.000    cu/m_rvalid
    SLICE_X66Y406        LUT5 (Prop_B6LUT_SLICEL_I1_O)
                                                      0.115     0.115 r  cu/beat_r[255]_i_1/O
                         net (fo=257, routed)         1.158     1.273    cu/beat_r[255]_i_1_n_0
    SLICE_X74Y395        FDRE                                         r  cu/beat_r_reg[74]/CE
  -------------------------------------------------------------------    -------------------

                         (clock aclk rise edge)       0.000     0.000 r  
                                                      0.000     0.000 r  aclk (IN)
                         net (fo=1602, unset)         0.026     0.026    cu/aclk
    SLICE_X74Y395        FDRE                                         r  cu/beat_r_reg[74]/C

Slack:                    inf
  Source:                 m_rvalid
                            (input port)
  Destination:            cu/beat_r_reg[128]/CE
                            (rising edge-triggered cell FDRE clocked by aclk  {rise@0.000ns fall@2.500ns period=5.000ns})
  Path Group:             (none)
  Path Type:              Setup (Max at Slow Process Corner)
  Data Path Delay:        1.272ns  (logic 0.115ns (9.044%)  route 1.157ns (90.956%))
  Logic Levels:           1  (LUT5=1)
  Clock Path Skew:        0.026ns (DCD - SCD + CPR)
    Destination Clock Delay (DCD):    0.026ns
    Source Clock Delay      (SCD):    0.000ns
    Clock Pessimism Removal (CPR):    0.000ns
  Clock Uncertainty:      0.025ns  ((TSJ^2 + TIJ^2)^1/2 + DJ) / 2 + PE
    Total System Jitter     (TSJ):    0.050ns
    Total Input Jitter      (TIJ):    0.000ns
    Discrete Jitter          (DJ):    0.000ns
    Phase Error              (PE):    0.000ns

    Location             Delay type                Incr(ns)  Path(ns)    Netlist Resource(s)
  -------------------------------------------------------------------    -------------------
                                                      0.000     0.000 r  m_rvalid (IN)
                         net (fo=2, unset)            0.000     0.000    cu/m_rvalid
    SLICE_X66Y406        LUT5 (Prop_B6LUT_SLICEL_I1_O)
                                                      0.115     0.115 r  cu/beat_r[255]_i_1/O
                         net (fo=257, routed)         1.157     1.272    cu/beat_r[255]_i_1_n_0
    SLICE_X74Y398        FDRE                                         r  cu/beat_r_reg[128]/CE
  -------------------------------------------------------------------    -------------------

                         (clock aclk rise edge)       0.000     0.000 r  
                                                      0.000     0.000 r  aclk (IN)
                         net (fo=1602, unset)         0.026     0.026    cu/aclk
    SLICE_X74Y398        FDRE                                         r  cu/beat_r_reg[128]/C





Min Delay Paths
--------------------------------------------------------------------------------------
Slack:                    inf
  Source:                 m_rdata[105]
                            (input port)
  Destination:            cu/beat_r_reg[105]/D
                            (rising edge-triggered cell FDRE clocked by aclk  {rise@0.000ns fall@2.500ns period=5.000ns})
  Path Group:             (none)
  Path Type:              Hold (Min at Fast Process Corner)
  Data Path Delay:        0.007ns  (logic 0.000ns (0.000%)  route 0.007ns (100.000%))
  Logic Levels:           0  
  Clock Path Skew:        0.019ns (DCD - SCD - CPR)
    Destination Clock Delay (DCD):    0.019ns
    Source Clock Delay      (SCD):    0.000ns
    Clock Pessimism Removal (CPR):    -0.000ns

    Location             Delay type                Incr(ns)  Path(ns)    Netlist Resource(s)
  -------------------------------------------------------------------    -------------------
                                                      0.000     0.000 r  m_rdata[105] (IN)
                         net (fo=0)                   0.007     0.007    cu/m_rdata[105]
    SLICE_X67Y397        FDRE                                         r  cu/beat_r_reg[105]/D
  -------------------------------------------------------------------    -------------------

                         (clock aclk rise edge)       0.000     0.000 r  
                                                      0.000     0.000 r  aclk (IN)
                         net (fo=1602, unset)         0.019     0.019    cu/aclk
    SLICE_X67Y397        FDRE                                         r  cu/beat_r_reg[105]/C

Slack:                    inf
  Source:                 m_rdata[239]
                            (input port)
  Destination:            cu/beat_r_reg[239]/D
                            (rising edge-triggered cell FDRE clocked by aclk  {rise@0.000ns fall@2.500ns period=5.000ns})
  Path Group:             (none)
  Path Type:              Hold (Min at Fast Process Corner)
  Data Path Delay:        0.007ns  (logic 0.000ns (0.000%)  route 0.007ns (100.000%))
  Logic Levels:           0  
  Clock Path Skew:        0.019ns (DCD - SCD - CPR)
    Destination Clock Delay (DCD):    0.019ns
    Source Clock Delay      (SCD):    0.000ns
    Clock Pessimism Removal (CPR):    -0.000ns

    Location             Delay type                Incr(ns)  Path(ns)    Netlist Resource(s)
  -------------------------------------------------------------------    -------------------
                                                      0.000     0.000 r  m_rdata[239] (IN)
                         net (fo=0)                   0.007     0.007    cu/m_rdata[239]
    SLICE_X73Y400        FDRE                                         r  cu/beat_r_reg[239]/D
  -------------------------------------------------------------------    -------------------

                         (clock aclk rise edge)       0.000     0.000 r  
                                                      0.000     0.000 r  aclk (IN)
                         net (fo=1602, unset)         0.019     0.019    cu/aclk
    SLICE_X73Y400        FDRE                                         r  cu/beat_r_reg[239]/C

Slack:                    inf
  Source:                 m_rdata[240]
                            (input port)
  Destination:            cu/beat_r_reg[240]/D
                            (rising edge-triggered cell FDRE clocked by aclk  {rise@0.000ns fall@2.500ns period=5.000ns})
  Path Group:             (none)
  Path Type:              Hold (Min at Fast Process Corner)
  Data Path Delay:        0.007ns  (logic 0.000ns (0.000%)  route 0.007ns (100.000%))
  Logic Levels:           0  
  Clock Path Skew:        0.019ns (DCD - SCD - CPR)
    Destination Clock Delay (DCD):    0.019ns
    Source Clock Delay      (SCD):    0.000ns
    Clock Pessimism Removal (CPR):    -0.000ns

    Location             Delay type                Incr(ns)  Path(ns)    Netlist Resource(s)
  -------------------------------------------------------------------    -------------------
                                                      0.000     0.000 r  m_rdata[240] (IN)
                         net (fo=0)                   0.007     0.007    cu/m_rdata[240]
    SLICE_X70Y394        FDRE                                         r  cu/beat_r_reg[240]/D
  -------------------------------------------------------------------    -------------------

                         (clock aclk rise edge)       0.000     0.000 r  
                                                      0.000     0.000 r  aclk (IN)
                         net (fo=1602, unset)         0.019     0.019    cu/aclk
    SLICE_X70Y394        FDRE                                         r  cu/beat_r_reg[240]/C

Slack:                    inf
  Source:                 m_rdata[241]
                            (input port)
  Destination:            cu/beat_r_reg[241]/D
                            (rising edge-triggered cell FDRE clocked by aclk  {rise@0.000ns fall@2.500ns period=5.000ns})
  Path Group:             (none)
  Path Type:              Hold (Min at Fast Process Corner)
  Data Path Delay:        0.007ns  (logic 0.000ns (0.000%)  route 0.007ns (100.000%))
  Logic Levels:           0  
  Clock Path Skew:        0.019ns (DCD - SCD - CPR)
    Destination Clock Delay (DCD):    0.019ns
    Source Clock Delay      (SCD):    0.000ns
    Clock Pessimism Removal (CPR):    -0.000ns

    Location             Delay type                Incr(ns)  Path(ns)    Netlist Resource(s)
  -------------------------------------------------------------------    -------------------
                                                      0.000     0.000 r  m_rdata[241] (IN)
                         net (fo=0)                   0.007     0.007    cu/m_rdata[241]
    SLICE_X68Y395        FDRE                                         r  cu/beat_r_reg[241]/D
  -------------------------------------------------------------------    -------------------

                         (clock aclk rise edge)       0.000     0.000 r  
                                                      0.000     0.000 r  aclk (IN)
                         net (fo=1602, unset)         0.019     0.019    cu/aclk
    SLICE_X68Y395        FDRE                                         r  cu/beat_r_reg[241]/C

Slack:                    inf
  Source:                 m_rdata[243]
                            (input port)
  Destination:            cu/beat_r_reg[243]/D
                            (rising edge-triggered cell FDRE clocked by aclk  {rise@0.000ns fall@2.500ns period=5.000ns})
  Path Group:             (none)
  Path Type:              Hold (Min at Fast Process Corner)
  Data Path Delay:        0.007ns  (logic 0.000ns (0.000%)  route 0.007ns (100.000%))
  Logic Levels:           0  
  Clock Path Skew:        0.019ns (DCD - SCD - CPR)
    Destination Clock Delay (DCD):    0.019ns
    Source Clock Delay      (SCD):    0.000ns
    Clock Pessimism Removal (CPR):    -0.000ns

    Location             Delay type                Incr(ns)  Path(ns)    Netlist Resource(s)
  -------------------------------------------------------------------    -------------------
                                                      0.000     0.000 r  m_rdata[243] (IN)
                         net (fo=0)                   0.007     0.007    cu/m_rdata[243]
    SLICE_X68Y400        FDRE                                         r  cu/beat_r_reg[243]/D
  -------------------------------------------------------------------    -------------------

                         (clock aclk rise edge)       0.000     0.000 r  
                                                      0.000     0.000 r  aclk (IN)
                         net (fo=1602, unset)         0.019     0.019    cu/aclk
    SLICE_X68Y400        FDRE                                         r  cu/beat_r_reg[243]/C

Slack:                    inf
  Source:                 m_rdata[245]
                            (input port)
  Destination:            cu/beat_r_reg[245]/D
                            (rising edge-triggered cell FDRE clocked by aclk  {rise@0.000ns fall@2.500ns period=5.000ns})
  Path Group:             (none)
  Path Type:              Hold (Min at Fast Process Corner)
  Data Path Delay:        0.007ns  (logic 0.000ns (0.000%)  route 0.007ns (100.000%))
  Logic Levels:           0  
  Clock Path Skew:        0.019ns (DCD - SCD - CPR)
    Destination Clock Delay (DCD):    0.019ns
    Source Clock Delay      (SCD):    0.000ns
    Clock Pessimism Removal (CPR):    -0.000ns

    Location             Delay type                Incr(ns)  Path(ns)    Netlist Resource(s)
  -------------------------------------------------------------------    -------------------
                                                      0.000     0.000 r  m_rdata[245] (IN)
                         net (fo=0)                   0.007     0.007    cu/m_rdata[245]
    SLICE_X73Y397        FDRE                                         r  cu/beat_r_reg[245]/D
  -------------------------------------------------------------------    -------------------

                         (clock aclk rise edge)       0.000     0.000 r  
                                                      0.000     0.000 r  aclk (IN)
                         net (fo=1602, unset)         0.019     0.019    cu/aclk
    SLICE_X73Y397        FDRE                                         r  cu/beat_r_reg[245]/C

Slack:                    inf
  Source:                 m_rdata[246]
                            (input port)
  Destination:            cu/beat_r_reg[246]/D
                            (rising edge-triggered cell FDRE clocked by aclk  {rise@0.000ns fall@2.500ns period=5.000ns})
  Path Group:             (none)
  Path Type:              Hold (Min at Fast Process Corner)
  Data Path Delay:        0.007ns  (logic 0.000ns (0.000%)  route 0.007ns (100.000%))
  Logic Levels:           0  
  Clock Path Skew:        0.018ns (DCD - SCD - CPR)
    Destination Clock Delay (DCD):    0.018ns
    Source Clock Delay      (SCD):    0.000ns
    Clock Pessimism Removal (CPR):    -0.000ns

    Location             Delay type                Incr(ns)  Path(ns)    Netlist Resource(s)
  -------------------------------------------------------------------    -------------------
                                                      0.000     0.000 r  m_rdata[246] (IN)
                         net (fo=0)                   0.007     0.007    cu/m_rdata[246]
    SLICE_X67Y398        FDRE                                         r  cu/beat_r_reg[246]/D
  -------------------------------------------------------------------    -------------------

                         (clock aclk rise edge)       0.000     0.000 r  
                                                      0.000     0.000 r  aclk (IN)
                         net (fo=1602, unset)         0.018     0.018    cu/aclk
    SLICE_X67Y398        FDRE                                         r  cu/beat_r_reg[246]/C

Slack:                    inf
  Source:                 m_rdata[247]
                            (input port)
  Destination:            cu/beat_r_reg[247]/D
                            (rising edge-triggered cell FDRE clocked by aclk  {rise@0.000ns fall@2.500ns period=5.000ns})
  Path Group:             (none)
  Path Type:              Hold (Min at Fast Process Corner)
  Data Path Delay:        0.007ns  (logic 0.000ns (0.000%)  route 0.007ns (100.000%))
  Logic Levels:           0  
  Clock Path Skew:        0.019ns (DCD - SCD - CPR)
    Destination Clock Delay (DCD):    0.019ns
    Source Clock Delay      (SCD):    0.000ns
    Clock Pessimism Removal (CPR):    -0.000ns

    Location             Delay type                Incr(ns)  Path(ns)    Netlist Resource(s)
  -------------------------------------------------------------------    -------------------
                                                      0.000     0.000 r  m_rdata[247] (IN)
                         net (fo=0)                   0.007     0.007    cu/m_rdata[247]
    SLICE_X73Y395        FDRE                                         r  cu/beat_r_reg[247]/D
  -------------------------------------------------------------------    -------------------

                         (clock aclk rise edge)       0.000     0.000 r  
                                                      0.000     0.000 r  aclk (IN)
                         net (fo=1602, unset)         0.019     0.019    cu/aclk
    SLICE_X73Y395        FDRE                                         r  cu/beat_r_reg[247]/C

Slack:                    inf
  Source:                 m_rdata[24]
                            (input port)
  Destination:            cu/beat_r_reg[24]/D
                            (rising edge-triggered cell FDRE clocked by aclk  {rise@0.000ns fall@2.500ns period=5.000ns})
  Path Group:             (none)
  Path Type:              Hold (Min at Fast Process Corner)
  Data Path Delay:        0.007ns  (logic 0.000ns (0.000%)  route 0.007ns (100.000%))
  Logic Levels:           0  
  Clock Path Skew:        0.019ns (DCD - SCD - CPR)
    Destination Clock Delay (DCD):    0.019ns
    Source Clock Delay      (SCD):    0.000ns
    Clock Pessimism Removal (CPR):    -0.000ns

    Location             Delay type                Incr(ns)  Path(ns)    Netlist Resource(s)
  -------------------------------------------------------------------    -------------------
                                                      0.000     0.000 r  m_rdata[24] (IN)
                         net (fo=0)                   0.007     0.007    cu/m_rdata[24]
    SLICE_X69Y396        FDRE                                         r  cu/beat_r_reg[24]/D
  -------------------------------------------------------------------    -------------------

                         (clock aclk rise edge)       0.000     0.000 r  
                                                      0.000     0.000 r  aclk (IN)
                         net (fo=1602, unset)         0.019     0.019    cu/aclk
    SLICE_X69Y396        FDRE                                         r  cu/beat_r_reg[24]/C

Slack:                    inf
  Source:                 m_rdata[254]
                            (input port)
  Destination:            cu/beat_r_reg[254]/D
                            (rising edge-triggered cell FDRE clocked by aclk  {rise@0.000ns fall@2.500ns period=5.000ns})
  Path Group:             (none)
  Path Type:              Hold (Min at Fast Process Corner)
  Data Path Delay:        0.007ns  (logic 0.000ns (0.000%)  route 0.007ns (100.000%))
  Logic Levels:           0  
  Clock Path Skew:        0.018ns (DCD - SCD - CPR)
    Destination Clock Delay (DCD):    0.018ns
    Source Clock Delay      (SCD):    0.000ns
    Clock Pessimism Removal (CPR):    -0.000ns

    Location             Delay type                Incr(ns)  Path(ns)    Netlist Resource(s)
  -------------------------------------------------------------------    -------------------
                                                      0.000     0.000 r  m_rdata[254] (IN)
                         net (fo=0)                   0.007     0.007    cu/m_rdata[254]
    SLICE_X68Y400        FDRE                                         r  cu/beat_r_reg[254]/D
  -------------------------------------------------------------------    -------------------

                         (clock aclk rise edge)       0.000     0.000 r  
                                                      0.000     0.000 r  aclk (IN)
                         net (fo=1602, unset)         0.018     0.018    cu/aclk
    SLICE_X68Y400        FDRE                                         r  cu/beat_r_reg[254]/C

Slack:                    inf
  Source:                 m_rdata[25]
                            (input port)
  Destination:            cu/beat_r_reg[25]/D
                            (rising edge-triggered cell FDRE clocked by aclk  {rise@0.000ns fall@2.500ns period=5.000ns})
  Path Group:             (none)
  Path Type:              Hold (Min at Fast Process Corner)
  Data Path Delay:        0.007ns  (logic 0.000ns (0.000%)  route 0.007ns (100.000%))
  Logic Levels:           0  
  Clock Path Skew:        0.019ns (DCD - SCD - CPR)
    Destination Clock Delay (DCD):    0.019ns
    Source Clock Delay      (SCD):    0.000ns
    Clock Pessimism Removal (CPR):    -0.000ns

    Location             Delay type                Incr(ns)  Path(ns)    Netlist Resource(s)
  -------------------------------------------------------------------    -------------------
                                                      0.000     0.000 r  m_rdata[25] (IN)
                         net (fo=0)                   0.007     0.007    cu/m_rdata[25]
    SLICE_X67Y398        FDRE                                         r  cu/beat_r_reg[25]/D
  -------------------------------------------------------------------    -------------------

                         (clock aclk rise edge)       0.000     0.000 r  
                                                      0.000     0.000 r  aclk (IN)
                         net (fo=1602, unset)         0.019     0.019    cu/aclk
    SLICE_X67Y398        FDRE                                         r  cu/beat_r_reg[25]/C

Slack:                    inf
  Source:                 m_rdata[26]
                            (input port)
  Destination:            cu/beat_r_reg[26]/D
                            (rising edge-triggered cell FDRE clocked by aclk  {rise@0.000ns fall@2.500ns period=5.000ns})
  Path Group:             (none)
  Path Type:              Hold (Min at Fast Process Corner)
  Data Path Delay:        0.007ns  (logic 0.000ns (0.000%)  route 0.007ns (100.000%))
  Logic Levels:           0  
  Clock Path Skew:        0.019ns (DCD - SCD - CPR)
    Destination Clock Delay (DCD):    0.019ns
    Source Clock Delay      (SCD):    0.000ns
    Clock Pessimism Removal (CPR):    -0.000ns

    Location             Delay type                Incr(ns)  Path(ns)    Netlist Resource(s)
  -------------------------------------------------------------------    -------------------
                                                      0.000     0.000 r  m_rdata[26] (IN)
                         net (fo=0)                   0.007     0.007    cu/m_rdata[26]
    SLICE_X67Y400        FDRE                                         r  cu/beat_r_reg[26]/D
  -------------------------------------------------------------------    -------------------

                         (clock aclk rise edge)       0.000     0.000 r  
                                                      0.000     0.000 r  aclk (IN)
                         net (fo=1602, unset)         0.019     0.019    cu/aclk
    SLICE_X67Y400        FDRE                                         r  cu/beat_r_reg[26]/C

Slack:                    inf
  Source:                 m_rdata[27]
                            (input port)
  Destination:            cu/beat_r_reg[27]/D
                            (rising edge-triggered cell FDRE clocked by aclk  {rise@0.000ns fall@2.500ns period=5.000ns})
  Path Group:             (none)
  Path Type:              Hold (Min at Fast Process Corner)
  Data Path Delay:        0.007ns  (logic 0.000ns (0.000%)  route 0.007ns (100.000%))
  Logic Levels:           0  
  Clock Path Skew:        0.019ns (DCD - SCD - CPR)
    Destination Clock Delay (DCD):    0.019ns
    Source Clock Delay      (SCD):    0.000ns
    Clock Pessimism Removal (CPR):    -0.000ns

    Location             Delay type                Incr(ns)  Path(ns)    Netlist Resource(s)
  -------------------------------------------------------------------    -------------------
                                                      0.000     0.000 r  m_rdata[27] (IN)
                         net (fo=0)                   0.007     0.007    cu/m_rdata[27]
    SLICE_X73Y394        FDRE                                         r  cu/beat_r_reg[27]/D
  -------------------------------------------------------------------    -------------------

                         (clock aclk rise edge)       0.000     0.000 r  
                                                      0.000     0.000 r  aclk (IN)
                         net (fo=1602, unset)         0.019     0.019    cu/aclk
    SLICE_X73Y394        FDRE                                         r  cu/beat_r_reg[27]/C

Slack:                    inf
  Source:                 m_rdata[28]
                            (input port)
  Destination:            cu/beat_r_reg[28]/D
                            (rising edge-triggered cell FDRE clocked by aclk  {rise@0.000ns fall@2.500ns period=5.000ns})
  Path Group:             (none)
  Path Type:              Hold (Min at Fast Process Corner)
  Data Path Delay:        0.007ns  (logic 0.000ns (0.000%)  route 0.007ns (100.000%))
  Logic Levels:           0  
  Clock Path Skew:        0.019ns (DCD - SCD - CPR)
    Destination Clock Delay (DCD):    0.019ns
    Source Clock Delay      (SCD):    0.000ns
    Clock Pessimism Removal (CPR):    -0.000ns

    Location             Delay type                Incr(ns)  Path(ns)    Netlist Resource(s)
  -------------------------------------------------------------------    -------------------
                                                      0.000     0.000 r  m_rdata[28] (IN)
                         net (fo=0)                   0.007     0.007    cu/m_rdata[28]
    SLICE_X68Y399        FDRE                                         r  cu/beat_r_reg[28]/D
  -------------------------------------------------------------------    -------------------

                         (clock aclk rise edge)       0.000     0.000 r  
                                                      0.000     0.000 r  aclk (IN)
                         net (fo=1602, unset)         0.019     0.019    cu/aclk
    SLICE_X68Y399        FDRE                                         r  cu/beat_r_reg[28]/C

Slack:                    inf
  Source:                 m_rdata[29]
                            (input port)
  Destination:            cu/beat_r_reg[29]/D
                            (rising edge-triggered cell FDRE clocked by aclk  {rise@0.000ns fall@2.500ns period=5.000ns})
  Path Group:             (none)
  Path Type:              Hold (Min at Fast Process Corner)
  Data Path Delay:        0.007ns  (logic 0.000ns (0.000%)  route 0.007ns (100.000%))
  Logic Levels:           0  
  Clock Path Skew:        0.019ns (DCD - SCD - CPR)
    Destination Clock Delay (DCD):    0.019ns
    Source Clock Delay      (SCD):    0.000ns
    Clock Pessimism Removal (CPR):    -0.000ns

    Location             Delay type                Incr(ns)  Path(ns)    Netlist Resource(s)
  -------------------------------------------------------------------    -------------------
                                                      0.000     0.000 r  m_rdata[29] (IN)
                         net (fo=0)                   0.007     0.007    cu/m_rdata[29]
    SLICE_X70Y403        FDRE                                         r  cu/beat_r_reg[29]/D
  -------------------------------------------------------------------    -------------------

                         (clock aclk rise edge)       0.000     0.000 r  
                                                      0.000     0.000 r  aclk (IN)
                         net (fo=1602, unset)         0.019     0.019    cu/aclk
    SLICE_X70Y403        FDRE                                         r  cu/beat_r_reg[29]/C

Slack:                    inf
  Source:                 m_rdata[2]
                            (input port)
  Destination:            cu/beat_r_reg[2]/D
                            (rising edge-triggered cell FDRE clocked by aclk  {rise@0.000ns fall@2.500ns period=5.000ns})
  Path Group:             (none)
  Path Type:              Hold (Min at Fast Process Corner)
  Data Path Delay:        0.007ns  (logic 0.000ns (0.000%)  route 0.007ns (100.000%))
  Logic Levels:           0  
  Clock Path Skew:        0.019ns (DCD - SCD - CPR)
    Destination Clock Delay (DCD):    0.019ns
    Source Clock Delay      (SCD):    0.000ns
    Clock Pessimism Removal (CPR):    -0.000ns

    Location             Delay type                Incr(ns)  Path(ns)    Netlist Resource(s)
  -------------------------------------------------------------------    -------------------
                                                      0.000     0.000 r  m_rdata[2] (IN)
                         net (fo=0)                   0.007     0.007    cu/m_rdata[2]
    SLICE_X74Y398        FDRE                                         r  cu/beat_r_reg[2]/D
  -------------------------------------------------------------------    -------------------

                         (clock aclk rise edge)       0.000     0.000 r  
                                                      0.000     0.000 r  aclk (IN)
                         net (fo=1602, unset)         0.019     0.019    cu/aclk
    SLICE_X74Y398        FDRE                                         r  cu/beat_r_reg[2]/C

Slack:                    inf
  Source:                 m_rdata[31]
                            (input port)
  Destination:            cu/beat_r_reg[31]/D
                            (rising edge-triggered cell FDRE clocked by aclk  {rise@0.000ns fall@2.500ns period=5.000ns})
  Path Group:             (none)
  Path Type:              Hold (Min at Fast Process Corner)
  Data Path Delay:        0.007ns  (logic 0.000ns (0.000%)  route 0.007ns (100.000%))
  Logic Levels:           0  
  Clock Path Skew:        0.019ns (DCD - SCD - CPR)
    Destination Clock Delay (DCD):    0.019ns
    Source Clock Delay      (SCD):    0.000ns
    Clock Pessimism Removal (CPR):    -0.000ns

    Location             Delay type                Incr(ns)  Path(ns)    Netlist Resource(s)
  -------------------------------------------------------------------    -------------------
                                                      0.000     0.000 r  m_rdata[31] (IN)
                         net (fo=0)                   0.007     0.007    cu/m_rdata[31]
    SLICE_X67Y396        FDRE                                         r  cu/beat_r_reg[31]/D
  -------------------------------------------------------------------    -------------------

                         (clock aclk rise edge)       0.000     0.000 r  
                                                      0.000     0.000 r  aclk (IN)
                         net (fo=1602, unset)         0.019     0.019    cu/aclk
    SLICE_X67Y396        FDRE                                         r  cu/beat_r_reg[31]/C

Slack:                    inf
  Source:                 m_rdata[35]
                            (input port)
  Destination:            cu/beat_r_reg[35]/D
                            (rising edge-triggered cell FDRE clocked by aclk  {rise@0.000ns fall@2.500ns period=5.000ns})
  Path Group:             (none)
  Path Type:              Hold (Min at Fast Process Corner)
  Data Path Delay:        0.007ns  (logic 0.000ns (0.000%)  route 0.007ns (100.000%))
  Logic Levels:           0  
  Clock Path Skew:        0.019ns (DCD - SCD - CPR)
    Destination Clock Delay (DCD):    0.019ns
    Source Clock Delay      (SCD):    0.000ns
    Clock Pessimism Removal (CPR):    -0.000ns

    Location             Delay type                Incr(ns)  Path(ns)    Netlist Resource(s)
  -------------------------------------------------------------------    -------------------
                                                      0.000     0.000 r  m_rdata[35] (IN)
                         net (fo=0)                   0.007     0.007    cu/m_rdata[35]
    SLICE_X73Y396        FDRE                                         r  cu/beat_r_reg[35]/D
  -------------------------------------------------------------------    -------------------

                         (clock aclk rise edge)       0.000     0.000 r  
                                                      0.000     0.000 r  aclk (IN)
                         net (fo=1602, unset)         0.019     0.019    cu/aclk
    SLICE_X73Y396        FDRE                                         r  cu/beat_r_reg[35]/C

Slack:                    inf
  Source:                 m_rdata[37]
                            (input port)
  Destination:            cu/beat_r_reg[37]/D
                            (rising edge-triggered cell FDRE clocked by aclk  {rise@0.000ns fall@2.500ns period=5.000ns})
  Path Group:             (none)
  Path Type:              Hold (Min at Fast Process Corner)
  Data Path Delay:        0.007ns  (logic 0.000ns (0.000%)  route 0.007ns (100.000%))
  Logic Levels:           0  
  Clock Path Skew:        0.019ns (DCD - SCD - CPR)
    Destination Clock Delay (DCD):    0.019ns
    Source Clock Delay      (SCD):    0.000ns
    Clock Pessimism Removal (CPR):    -0.000ns

    Location             Delay type                Incr(ns)  Path(ns)    Netlist Resource(s)
  -------------------------------------------------------------------    -------------------
                                                      0.000     0.000 r  m_rdata[37] (IN)
                         net (fo=0)                   0.007     0.007    cu/m_rdata[37]
    SLICE_X69Y402        FDRE                                         r  cu/beat_r_reg[37]/D
  -------------------------------------------------------------------    -------------------

                         (clock aclk rise edge)       0.000     0.000 r  
                                                      0.000     0.000 r  aclk (IN)
                         net (fo=1602, unset)         0.019     0.019    cu/aclk
    SLICE_X69Y402        FDRE                                         r  cu/beat_r_reg[37]/C

Slack:                    inf
  Source:                 m_rdata[38]
                            (input port)
  Destination:            cu/beat_r_reg[38]/D
                            (rising edge-triggered cell FDRE clocked by aclk  {rise@0.000ns fall@2.500ns period=5.000ns})
  Path Group:             (none)
  Path Type:              Hold (Min at Fast Process Corner)
  Data Path Delay:        0.007ns  (logic 0.000ns (0.000%)  route 0.007ns (100.000%))
  Logic Levels:           0  
  Clock Path Skew:        0.019ns (DCD - SCD - CPR)
    Destination Clock Delay (DCD):    0.019ns
    Source Clock Delay      (SCD):    0.000ns
    Clock Pessimism Removal (CPR):    -0.000ns

    Location             Delay type                Incr(ns)  Path(ns)    Netlist Resource(s)
  -------------------------------------------------------------------    -------------------
                                                      0.000     0.000 r  m_rdata[38] (IN)
                         net (fo=0)                   0.007     0.007    cu/m_rdata[38]
    SLICE_X68Y398        FDRE                                         r  cu/beat_r_reg[38]/D
  -------------------------------------------------------------------    -------------------

                         (clock aclk rise edge)       0.000     0.000 r  
                                                      0.000     0.000 r  aclk (IN)
                         net (fo=1602, unset)         0.019     0.019    cu/aclk
    SLICE_X68Y398        FDRE                                         r  cu/beat_r_reg[38]/C





--------------------------------------------------------------------------------------
Path Group:  (none)
From Clock:  
  To Clock:  tck

Max Delay          1650 Endpoints
Min Delay          1650 Endpoints
--------------------------------------------------------------------------------------


Max Delay Paths
--------------------------------------------------------------------------------------
Slack:                    inf
  Source:                 shift
                            (input port)
  Destination:            rx/wd_reg[34]/R
                            (rising edge-triggered cell FDRE clocked by tck  {rise@0.000ns fall@18.518ns period=37.037ns})
  Path Group:             (none)
  Path Type:              Setup (Max at Slow Process Corner)
  Data Path Delay:        2.446ns  (logic 0.292ns (11.935%)  route 2.154ns (88.065%))
  Logic Levels:           2  (LUT2=1 LUT6=1)
  Clock Path Skew:        0.024ns (DCD - SCD + CPR)
    Destination Clock Delay (DCD):    0.024ns
    Source Clock Delay      (SCD):    0.000ns
    Clock Pessimism Removal (CPR):    0.000ns
  Clock Uncertainty:      0.025ns  ((TSJ^2 + TIJ^2)^1/2 + DJ) / 2 + PE
    Total System Jitter     (TSJ):    0.050ns
    Total Input Jitter      (TIJ):    0.000ns
    Discrete Jitter          (DJ):    0.000ns
    Phase Error              (PE):    0.000ns

    Location             Delay type                Incr(ns)  Path(ns)    Netlist Resource(s)
  -------------------------------------------------------------------    -------------------
                                                      0.000     0.000 r  shift (IN)
                         net (fo=5, unset)            0.000     0.000    rx/shift
    SLICE_X64Y414        LUT6 (Prop_H6LUT_SLICEL_I2_O)
                                                      0.116     0.116 r  rx/wd[257]_i_1/O
                         net (fo=260, routed)         0.389     0.505    rx/wd[257]_i_1_n_0
    SLICE_X64Y408        LUT2 (Prop_E6LUT_SLICEL_I1_O)
                                                      0.176     0.681 r  rx/wd[255]_i_1/O
                         net (fo=224, routed)         1.765     2.446    rx/wd[255]_i_1_n_0
    SLICE_X59Y401        FDRE                                         r  rx/wd_reg[34]/R
  -------------------------------------------------------------------    -------------------

                         (clock tck rise edge)        0.000     0.000 r  
                                                      0.000     0.000 r  tck (IN)
                         net (fo=1343, unset)         0.024     0.024    rx/tck
    SLICE_X59Y401        FDRE                                         r  rx/wd_reg[34]/C

Slack:                    inf
  Source:                 shift
                            (input port)
  Destination:            rx/wd_reg[36]/R
                            (rising edge-triggered cell FDRE clocked by tck  {rise@0.000ns fall@18.518ns period=37.037ns})
  Path Group:             (none)
  Path Type:              Setup (Max at Slow Process Corner)
  Data Path Delay:        2.446ns  (logic 0.292ns (11.935%)  route 2.154ns (88.065%))
  Logic Levels:           2  (LUT2=1 LUT6=1)
  Clock Path Skew:        0.024ns (DCD - SCD + CPR)
    Destination Clock Delay (DCD):    0.024ns
    Source Clock Delay      (SCD):    0.000ns
    Clock Pessimism Removal (CPR):    0.000ns
  Clock Uncertainty:      0.025ns  ((TSJ^2 + TIJ^2)^1/2 + DJ) / 2 + PE
    Total System Jitter     (TSJ):    0.050ns
    Total Input Jitter      (TIJ):    0.000ns
    Discrete Jitter          (DJ):    0.000ns
    Phase Error              (PE):    0.000ns

    Location             Delay type                Incr(ns)  Path(ns)    Netlist Resource(s)
  -------------------------------------------------------------------    -------------------
                                                      0.000     0.000 r  shift (IN)
                         net (fo=5, unset)            0.000     0.000    rx/shift
    SLICE_X64Y414        LUT6 (Prop_H6LUT_SLICEL_I2_O)
                                                      0.116     0.116 r  rx/wd[257]_i_1/O
                         net (fo=260, routed)         0.389     0.505    rx/wd[257]_i_1_n_0
    SLICE_X64Y408        LUT2 (Prop_E6LUT_SLICEL_I1_O)
                                                      0.176     0.681 r  rx/wd[255]_i_1/O
                         net (fo=224, routed)         1.765     2.446    rx/wd[255]_i_1_n_0
    SLICE_X59Y401        FDRE                                         r  rx/wd_reg[36]/R
  -------------------------------------------------------------------    -------------------

                         (clock tck rise edge)        0.000     0.000 r  
                                                      0.000     0.000 r  tck (IN)
                         net (fo=1343, unset)         0.024     0.024    rx/tck
    SLICE_X59Y401        FDRE                                         r  rx/wd_reg[36]/C

Slack:                    inf
  Source:                 shift
                            (input port)
  Destination:            rx/wd_reg[38]/R
                            (rising edge-triggered cell FDRE clocked by tck  {rise@0.000ns fall@18.518ns period=37.037ns})
  Path Group:             (none)
  Path Type:              Setup (Max at Slow Process Corner)
  Data Path Delay:        2.446ns  (logic 0.292ns (11.935%)  route 2.154ns (88.065%))
  Logic Levels:           2  (LUT2=1 LUT6=1)
  Clock Path Skew:        0.024ns (DCD - SCD + CPR)
    Destination Clock Delay (DCD):    0.024ns
    Source Clock Delay      (SCD):    0.000ns
    Clock Pessimism Removal (CPR):    0.000ns
  Clock Uncertainty:      0.025ns  ((TSJ^2 + TIJ^2)^1/2 + DJ) / 2 + PE
    Total System Jitter     (TSJ):    0.050ns
    Total Input Jitter      (TIJ):    0.000ns
    Discrete Jitter          (DJ):    0.000ns
    Phase Error              (PE):    0.000ns

    Location             Delay type                Incr(ns)  Path(ns)    Netlist Resource(s)
  -------------------------------------------------------------------    -------------------
                                                      0.000     0.000 r  shift (IN)
                         net (fo=5, unset)            0.000     0.000    rx/shift
    SLICE_X64Y414        LUT6 (Prop_H6LUT_SLICEL_I2_O)
                                                      0.116     0.116 r  rx/wd[257]_i_1/O
                         net (fo=260, routed)         0.389     0.505    rx/wd[257]_i_1_n_0
    SLICE_X64Y408        LUT2 (Prop_E6LUT_SLICEL_I1_O)
                                                      0.176     0.681 r  rx/wd[255]_i_1/O
                         net (fo=224, routed)         1.765     2.446    rx/wd[255]_i_1_n_0
    SLICE_X59Y401        FDRE                                         r  rx/wd_reg[38]/R
  -------------------------------------------------------------------    -------------------

                         (clock tck rise edge)        0.000     0.000 r  
                                                      0.000     0.000 r  tck (IN)
                         net (fo=1343, unset)         0.024     0.024    rx/tck
    SLICE_X59Y401        FDRE                                         r  rx/wd_reg[38]/C

Slack:                    inf
  Source:                 shift
                            (input port)
  Destination:            rx/wd_reg[48]/R
                            (rising edge-triggered cell FDRE clocked by tck  {rise@0.000ns fall@18.518ns period=37.037ns})
  Path Group:             (none)
  Path Type:              Setup (Max at Slow Process Corner)
  Data Path Delay:        2.446ns  (logic 0.292ns (11.935%)  route 2.154ns (88.065%))
  Logic Levels:           2  (LUT2=1 LUT6=1)
  Clock Path Skew:        0.024ns (DCD - SCD + CPR)
    Destination Clock Delay (DCD):    0.024ns
    Source Clock Delay      (SCD):    0.000ns
    Clock Pessimism Removal (CPR):    0.000ns
  Clock Uncertainty:      0.025ns  ((TSJ^2 + TIJ^2)^1/2 + DJ) / 2 + PE
    Total System Jitter     (TSJ):    0.050ns
    Total Input Jitter      (TIJ):    0.000ns
    Discrete Jitter          (DJ):    0.000ns
    Phase Error              (PE):    0.000ns

    Location             Delay type                Incr(ns)  Path(ns)    Netlist Resource(s)
  -------------------------------------------------------------------    -------------------
                                                      0.000     0.000 r  shift (IN)
                         net (fo=5, unset)            0.000     0.000    rx/shift
    SLICE_X64Y414        LUT6 (Prop_H6LUT_SLICEL_I2_O)
                                                      0.116     0.116 r  rx/wd[257]_i_1/O
                         net (fo=260, routed)         0.389     0.505    rx/wd[257]_i_1_n_0
    SLICE_X64Y408        LUT2 (Prop_E6LUT_SLICEL_I1_O)
                                                      0.176     0.681 r  rx/wd[255]_i_1/O
                         net (fo=224, routed)         1.765     2.446    rx/wd[255]_i_1_n_0
    SLICE_X59Y401        FDRE                                         r  rx/wd_reg[48]/R
  -------------------------------------------------------------------    -------------------

                         (clock tck rise edge)        0.000     0.000 r  
                                                      0.000     0.000 r  tck (IN)
                         net (fo=1343, unset)         0.024     0.024    rx/tck
    SLICE_X59Y401        FDRE                                         r  rx/wd_reg[48]/C

Slack:                    inf
  Source:                 shift
                            (input port)
  Destination:            rx/wd_reg[49]/R
                            (rising edge-triggered cell FDRE clocked by tck  {rise@0.000ns fall@18.518ns period=37.037ns})
  Path Group:             (none)
  Path Type:              Setup (Max at Slow Process Corner)
  Data Path Delay:        2.446ns  (logic 0.292ns (11.935%)  route 2.154ns (88.065%))
  Logic Levels:           2  (LUT2=1 LUT6=1)
  Clock Path Skew:        0.024ns (DCD - SCD + CPR)
    Destination Clock Delay (DCD):    0.024ns
    Source Clock Delay      (SCD):    0.000ns
    Clock Pessimism Removal (CPR):    0.000ns
  Clock Uncertainty:      0.025ns  ((TSJ^2 + TIJ^2)^1/2 + DJ) / 2 + PE
    Total System Jitter     (TSJ):    0.050ns
    Total Input Jitter      (TIJ):    0.000ns
    Discrete Jitter          (DJ):    0.000ns
    Phase Error              (PE):    0.000ns

    Location             Delay type                Incr(ns)  Path(ns)    Netlist Resource(s)
  -------------------------------------------------------------------    -------------------
                                                      0.000     0.000 r  shift (IN)
                         net (fo=5, unset)            0.000     0.000    rx/shift
    SLICE_X64Y414        LUT6 (Prop_H6LUT_SLICEL_I2_O)
                                                      0.116     0.116 r  rx/wd[257]_i_1/O
                         net (fo=260, routed)         0.389     0.505    rx/wd[257]_i_1_n_0
    SLICE_X64Y408        LUT2 (Prop_E6LUT_SLICEL_I1_O)
                                                      0.176     0.681 r  rx/wd[255]_i_1/O
                         net (fo=224, routed)         1.765     2.446    rx/wd[255]_i_1_n_0
    SLICE_X59Y401        FDRE                                         r  rx/wd_reg[49]/R
  -------------------------------------------------------------------    -------------------

                         (clock tck rise edge)        0.000     0.000 r  
                                                      0.000     0.000 r  tck (IN)
                         net (fo=1343, unset)         0.024     0.024    rx/tck
    SLICE_X59Y401        FDRE                                         r  rx/wd_reg[49]/C

Slack:                    inf
  Source:                 shift
                            (input port)
  Destination:            rx/wd_reg[50]/R
                            (rising edge-triggered cell FDRE clocked by tck  {rise@0.000ns fall@18.518ns period=37.037ns})
  Path Group:             (none)
  Path Type:              Setup (Max at Slow Process Corner)
  Data Path Delay:        2.446ns  (logic 0.292ns (11.935%)  route 2.154ns (88.065%))
  Logic Levels:           2  (LUT2=1 LUT6=1)
  Clock Path Skew:        0.024ns (DCD - SCD + CPR)
    Destination Clock Delay (DCD):    0.024ns
    Source Clock Delay      (SCD):    0.000ns
    Clock Pessimism Removal (CPR):    0.000ns
  Clock Uncertainty:      0.025ns  ((TSJ^2 + TIJ^2)^1/2 + DJ) / 2 + PE
    Total System Jitter     (TSJ):    0.050ns
    Total Input Jitter      (TIJ):    0.000ns
    Discrete Jitter          (DJ):    0.000ns
    Phase Error              (PE):    0.000ns

    Location             Delay type                Incr(ns)  Path(ns)    Netlist Resource(s)
  -------------------------------------------------------------------    -------------------
                                                      0.000     0.000 r  shift (IN)
                         net (fo=5, unset)            0.000     0.000    rx/shift
    SLICE_X64Y414        LUT6 (Prop_H6LUT_SLICEL_I2_O)
                                                      0.116     0.116 r  rx/wd[257]_i_1/O
                         net (fo=260, routed)         0.389     0.505    rx/wd[257]_i_1_n_0
    SLICE_X64Y408        LUT2 (Prop_E6LUT_SLICEL_I1_O)
                                                      0.176     0.681 r  rx/wd[255]_i_1/O
                         net (fo=224, routed)         1.765     2.446    rx/wd[255]_i_1_n_0
    SLICE_X59Y401        FDRE                                         r  rx/wd_reg[50]/R
  -------------------------------------------------------------------    -------------------

                         (clock tck rise edge)        0.000     0.000 r  
                                                      0.000     0.000 r  tck (IN)
                         net (fo=1343, unset)         0.024     0.024    rx/tck
    SLICE_X59Y401        FDRE                                         r  rx/wd_reg[50]/C

Slack:                    inf
  Source:                 shift
                            (input port)
  Destination:            rx/wd_reg[52]/R
                            (rising edge-triggered cell FDRE clocked by tck  {rise@0.000ns fall@18.518ns period=37.037ns})
  Path Group:             (none)
  Path Type:              Setup (Max at Slow Process Corner)
  Data Path Delay:        2.446ns  (logic 0.292ns (11.935%)  route 2.154ns (88.065%))
  Logic Levels:           2  (LUT2=1 LUT6=1)
  Clock Path Skew:        0.024ns (DCD - SCD + CPR)
    Destination Clock Delay (DCD):    0.024ns
    Source Clock Delay      (SCD):    0.000ns
    Clock Pessimism Removal (CPR):    0.000ns
  Clock Uncertainty:      0.025ns  ((TSJ^2 + TIJ^2)^1/2 + DJ) / 2 + PE
    Total System Jitter     (TSJ):    0.050ns
    Total Input Jitter      (TIJ):    0.000ns
    Discrete Jitter          (DJ):    0.000ns
    Phase Error              (PE):    0.000ns

    Location             Delay type                Incr(ns)  Path(ns)    Netlist Resource(s)
  -------------------------------------------------------------------    -------------------
                                                      0.000     0.000 r  shift (IN)
                         net (fo=5, unset)            0.000     0.000    rx/shift
    SLICE_X64Y414        LUT6 (Prop_H6LUT_SLICEL_I2_O)
                                                      0.116     0.116 r  rx/wd[257]_i_1/O
                         net (fo=260, routed)         0.389     0.505    rx/wd[257]_i_1_n_0
    SLICE_X64Y408        LUT2 (Prop_E6LUT_SLICEL_I1_O)
                                                      0.176     0.681 r  rx/wd[255]_i_1/O
                         net (fo=224, routed)         1.765     2.446    rx/wd[255]_i_1_n_0
    SLICE_X59Y401        FDRE                                         r  rx/wd_reg[52]/R
  -------------------------------------------------------------------    -------------------

                         (clock tck rise edge)        0.000     0.000 r  
                                                      0.000     0.000 r  tck (IN)
                         net (fo=1343, unset)         0.024     0.024    rx/tck
    SLICE_X59Y401        FDRE                                         r  rx/wd_reg[52]/C

Slack:                    inf
  Source:                 shift
                            (input port)
  Destination:            rx/wd_reg[54]/R
                            (rising edge-triggered cell FDRE clocked by tck  {rise@0.000ns fall@18.518ns period=37.037ns})
  Path Group:             (none)
  Path Type:              Setup (Max at Slow Process Corner)
  Data Path Delay:        2.446ns  (logic 0.292ns (11.935%)  route 2.154ns (88.065%))
  Logic Levels:           2  (LUT2=1 LUT6=1)
  Clock Path Skew:        0.024ns (DCD - SCD + CPR)
    Destination Clock Delay (DCD):    0.024ns
    Source Clock Delay      (SCD):    0.000ns
    Clock Pessimism Removal (CPR):    0.000ns
  Clock Uncertainty:      0.025ns  ((TSJ^2 + TIJ^2)^1/2 + DJ) / 2 + PE
    Total System Jitter     (TSJ):    0.050ns
    Total Input Jitter      (TIJ):    0.000ns
    Discrete Jitter          (DJ):    0.000ns
    Phase Error              (PE):    0.000ns

    Location             Delay type                Incr(ns)  Path(ns)    Netlist Resource(s)
  -------------------------------------------------------------------    -------------------
                                                      0.000     0.000 r  shift (IN)
                         net (fo=5, unset)            0.000     0.000    rx/shift
    SLICE_X64Y414        LUT6 (Prop_H6LUT_SLICEL_I2_O)
                                                      0.116     0.116 r  rx/wd[257]_i_1/O
                         net (fo=260, routed)         0.389     0.505    rx/wd[257]_i_1_n_0
    SLICE_X64Y408        LUT2 (Prop_E6LUT_SLICEL_I1_O)
                                                      0.176     0.681 r  rx/wd[255]_i_1/O
                         net (fo=224, routed)         1.765     2.446    rx/wd[255]_i_1_n_0
    SLICE_X59Y401        FDRE                                         r  rx/wd_reg[54]/R
  -------------------------------------------------------------------    -------------------

                         (clock tck rise edge)        0.000     0.000 r  
                                                      0.000     0.000 r  tck (IN)
                         net (fo=1343, unset)         0.024     0.024    rx/tck
    SLICE_X59Y401        FDRE                                         r  rx/wd_reg[54]/C

Slack:                    inf
  Source:                 shift
                            (input port)
  Destination:            rx/seq_reg[15]/CE
                            (rising edge-triggered cell FDRE clocked by tck  {rise@0.000ns fall@18.518ns period=37.037ns})
  Path Group:             (none)
  Path Type:              Setup (Max at Slow Process Corner)
  Data Path Delay:        2.397ns  (logic 0.215ns (8.969%)  route 2.182ns (91.031%))
  Logic Levels:           2  (LUT3=1 LUT5=1)
  Clock Path Skew:        0.025ns (DCD - SCD + CPR)
    Destination Clock Delay (DCD):    0.025ns
    Source Clock Delay      (SCD):    0.000ns
    Clock Pessimism Removal (CPR):    0.000ns
  Clock Uncertainty:      0.025ns  ((TSJ^2 + TIJ^2)^1/2 + DJ) / 2 + PE
    Total System Jitter     (TSJ):    0.050ns
    Total Input Jitter      (TIJ):    0.000ns
    Discrete Jitter          (DJ):    0.000ns
    Phase Error              (PE):    0.000ns

    Location             Delay type                Incr(ns)  Path(ns)    Netlist Resource(s)
  -------------------------------------------------------------------    -------------------
                                                      0.000     0.000 r  shift (IN)
                         net (fo=5, unset)            0.000     0.000    rx/shift
    SLICE_X57Y420        LUT3 (Prop_E6LUT_SLICEM_I0_O)
                                                      0.101     0.101 r  rx/sr[255]_i_1/O
                         net (fo=258, routed)         0.989     1.090    rx/sr
    SLICE_X64Y413        LUT5 (Prop_G6LUT_SLICEL_I2_O)
                                                      0.114     1.204 r  rx/nwords[15]_i_1/O
                         net (fo=48, routed)          1.193     2.397    rx/nwords[15]_i_1_n_0
    SLICE_X59Y402        FDRE                                         r  rx/seq_reg[15]/CE
  -------------------------------------------------------------------    -------------------

                         (clock tck rise edge)        0.000     0.000 r  
                                                      0.000     0.000 r  tck (IN)
                         net (fo=1343, unset)         0.025     0.025    rx/tck
    SLICE_X59Y402        FDRE                                         r  rx/seq_reg[15]/C

Slack:                    inf
  Source:                 shift
                            (input port)
  Destination:            rx/seq_reg[16]/CE
                            (rising edge-triggered cell FDRE clocked by tck  {rise@0.000ns fall@18.518ns period=37.037ns})
  Path Group:             (none)
  Path Type:              Setup (Max at Slow Process Corner)
  Data Path Delay:        2.397ns  (logic 0.215ns (8.969%)  route 2.182ns (91.031%))
  Logic Levels:           2  (LUT3=1 LUT5=1)
  Clock Path Skew:        0.025ns (DCD - SCD + CPR)
    Destination Clock Delay (DCD):    0.025ns
    Source Clock Delay      (SCD):    0.000ns
    Clock Pessimism Removal (CPR):    0.000ns
  Clock Uncertainty:      0.025ns  ((TSJ^2 + TIJ^2)^1/2 + DJ) / 2 + PE
    Total System Jitter     (TSJ):    0.050ns
    Total Input Jitter      (TIJ):    0.000ns
    Discrete Jitter          (DJ):    0.000ns
    Phase Error              (PE):    0.000ns

    Location             Delay type                Incr(ns)  Path(ns)    Netlist Resource(s)
  -------------------------------------------------------------------    -------------------
                                                      0.000     0.000 r  shift (IN)
                         net (fo=5, unset)            0.000     0.000    rx/shift
    SLICE_X57Y420        LUT3 (Prop_E6LUT_SLICEM_I0_O)
                                                      0.101     0.101 r  rx/sr[255]_i_1/O
                         net (fo=258, routed)         0.989     1.090    rx/sr
    SLICE_X64Y413        LUT5 (Prop_G6LUT_SLICEL_I2_O)
                                                      0.114     1.204 r  rx/nwords[15]_i_1/O
                         net (fo=48, routed)          1.193     2.397    rx/nwords[15]_i_1_n_0
    SLICE_X59Y402        FDRE                                         r  rx/seq_reg[16]/CE
  -------------------------------------------------------------------    -------------------

                         (clock tck rise edge)        0.000     0.000 r  
                                                      0.000     0.000 r  tck (IN)
                         net (fo=1343, unset)         0.025     0.025    rx/tck
    SLICE_X59Y402        FDRE                                         r  rx/seq_reg[16]/C

Slack:                    inf
  Source:                 shift
                            (input port)
  Destination:            rx/seq_reg[5]/CE
                            (rising edge-triggered cell FDRE clocked by tck  {rise@0.000ns fall@18.518ns period=37.037ns})
  Path Group:             (none)
  Path Type:              Setup (Max at Slow Process Corner)
  Data Path Delay:        2.397ns  (logic 0.215ns (8.969%)  route 2.182ns (91.031%))
  Logic Levels:           2  (LUT3=1 LUT5=1)
  Clock Path Skew:        0.025ns (DCD - SCD + CPR)
    Destination Clock Delay (DCD):    0.025ns
    Source Clock Delay      (SCD):    0.000ns
    Clock Pessimism Removal (CPR):    0.000ns
  Clock Uncertainty:      0.025ns  ((TSJ^2 + TIJ^2)^1/2 + DJ) / 2 + PE
    Total System Jitter     (TSJ):    0.050ns
    Total Input Jitter      (TIJ):    0.000ns
    Discrete Jitter          (DJ):    0.000ns
    Phase Error              (PE):    0.000ns

    Location             Delay type                Incr(ns)  Path(ns)    Netlist Resource(s)
  -------------------------------------------------------------------    -------------------
                                                      0.000     0.000 r  shift (IN)
                         net (fo=5, unset)            0.000     0.000    rx/shift
    SLICE_X57Y420        LUT3 (Prop_E6LUT_SLICEM_I0_O)
                                                      0.101     0.101 r  rx/sr[255]_i_1/O
                         net (fo=258, routed)         0.989     1.090    rx/sr
    SLICE_X64Y413        LUT5 (Prop_G6LUT_SLICEL_I2_O)
                                                      0.114     1.204 r  rx/nwords[15]_i_1/O
                         net (fo=48, routed)          1.193     2.397    rx/nwords[15]_i_1_n_0
    SLICE_X59Y402        FDRE                                         r  rx/seq_reg[5]/CE
  -------------------------------------------------------------------    -------------------

                         (clock tck rise edge)        0.000     0.000 r  
                                                      0.000     0.000 r  tck (IN)
                         net (fo=1343, unset)         0.025     0.025    rx/tck
    SLICE_X59Y402        FDRE                                         r  rx/seq_reg[5]/C

Slack:                    inf
  Source:                 shift
                            (input port)
  Destination:            rx/seq_reg[6]/CE
                            (rising edge-triggered cell FDRE clocked by tck  {rise@0.000ns fall@18.518ns period=37.037ns})
  Path Group:             (none)
  Path Type:              Setup (Max at Slow Process Corner)
  Data Path Delay:        2.397ns  (logic 0.215ns (8.969%)  route 2.182ns (91.031%))
  Logic Levels:           2  (LUT3=1 LUT5=1)
  Clock Path Skew:        0.025ns (DCD - SCD + CPR)
    Destination Clock Delay (DCD):    0.025ns
    Source Clock Delay      (SCD):    0.000ns
    Clock Pessimism Removal (CPR):    0.000ns
  Clock Uncertainty:      0.025ns  ((TSJ^2 + TIJ^2)^1/2 + DJ) / 2 + PE
    Total System Jitter     (TSJ):    0.050ns
    Total Input Jitter      (TIJ):    0.000ns
    Discrete Jitter          (DJ):    0.000ns
    Phase Error              (PE):    0.000ns

    Location             Delay type                Incr(ns)  Path(ns)    Netlist Resource(s)
  -------------------------------------------------------------------    -------------------
                                                      0.000     0.000 r  shift (IN)
                         net (fo=5, unset)            0.000     0.000    rx/shift
    SLICE_X57Y420        LUT3 (Prop_E6LUT_SLICEM_I0_O)
                                                      0.101     0.101 r  rx/sr[255]_i_1/O
                         net (fo=258, routed)         0.989     1.090    rx/sr
    SLICE_X64Y413        LUT5 (Prop_G6LUT_SLICEL_I2_O)
                                                      0.114     1.204 r  rx/nwords[15]_i_1/O
                         net (fo=48, routed)          1.193     2.397    rx/nwords[15]_i_1_n_0
    SLICE_X59Y402        FDRE                                         r  rx/seq_reg[6]/CE
  -------------------------------------------------------------------    -------------------

                         (clock tck rise edge)        0.000     0.000 r  
                                                      0.000     0.000 r  tck (IN)
                         net (fo=1343, unset)         0.025     0.025    rx/tck
    SLICE_X59Y402        FDRE                                         r  rx/seq_reg[6]/C

Slack:                    inf
  Source:                 shift
                            (input port)
  Destination:            rx/seq_reg[1]/CE
                            (rising edge-triggered cell FDRE clocked by tck  {rise@0.000ns fall@18.518ns period=37.037ns})
  Path Group:             (none)
  Path Type:              Setup (Max at Slow Process Corner)
  Data Path Delay:        2.358ns  (logic 0.215ns (9.118%)  route 2.143ns (90.882%))
  Logic Levels:           2  (LUT3=1 LUT5=1)
  Clock Path Skew:        0.026ns (DCD - SCD + CPR)
    Destination Clock Delay (DCD):    0.026ns
    Source Clock Delay      (SCD):    0.000ns
    Clock Pessimism Removal (CPR):    0.000ns
  Clock Uncertainty:      0.025ns  ((TSJ^2 + TIJ^2)^1/2 + DJ) / 2 + PE
    Total System Jitter     (TSJ):    0.050ns
    Total Input Jitter      (TIJ):    0.000ns
    Discrete Jitter          (DJ):    0.000ns
    Phase Error              (PE):    0.000ns

    Location             Delay type                Incr(ns)  Path(ns)    Netlist Resource(s)
  -------------------------------------------------------------------    -------------------
                                                      0.000     0.000 r  shift (IN)
                         net (fo=5, unset)            0.000     0.000    rx/shift
    SLICE_X57Y420        LUT3 (Prop_E6LUT_SLICEM_I0_O)
                                                      0.101     0.101 r  rx/sr[255]_i_1/O
                         net (fo=258, routed)         0.989     1.090    rx/sr
    SLICE_X64Y413        LUT5 (Prop_G6LUT_SLICEL_I2_O)
                                                      0.114     1.204 r  rx/nwords[15]_i_1/O
                         net (fo=48, routed)          1.154     2.358    rx/nwords[15]_i_1_n_0
    SLICE_X60Y403        FDRE                                         r  rx/seq_reg[1]/CE
  -------------------------------------------------------------------    -------------------

                         (clock tck rise edge)        0.000     0.000 r  
                                                      0.000     0.000 r  tck (IN)
                         net (fo=1343, unset)         0.026     0.026    rx/tck
    SLICE_X60Y403        FDRE                                         r  rx/seq_reg[1]/C

Slack:                    inf
  Source:                 shift
                            (input port)
  Destination:            rx/seq_reg[2]/CE
                            (rising edge-triggered cell FDRE clocked by tck  {rise@0.000ns fall@18.518ns period=37.037ns})
  Path Group:             (none)
  Path Type:              Setup (Max at Slow Process Corner)
  Data Path Delay:        2.358ns  (logic 0.215ns (9.118%)  route 2.143ns (90.882%))
  Logic Levels:           2  (LUT3=1 LUT5=1)
  Clock Path Skew:        0.026ns (DCD - SCD + CPR)
    Destination Clock Delay (DCD):    0.026ns
    Source Clock Delay      (SCD):    0.000ns
    Clock Pessimism Removal (CPR):    0.000ns
  Clock Uncertainty:      0.025ns  ((TSJ^2 + TIJ^2)^1/2 + DJ) / 2 + PE
    Total System Jitter     (TSJ):    0.050ns
    Total Input Jitter      (TIJ):    0.000ns
    Discrete Jitter          (DJ):    0.000ns
    Phase Error              (PE):    0.000ns

    Location             Delay type                Incr(ns)  Path(ns)    Netlist Resource(s)
  -------------------------------------------------------------------    -------------------
                                                      0.000     0.000 r  shift (IN)
                         net (fo=5, unset)            0.000     0.000    rx/shift
    SLICE_X57Y420        LUT3 (Prop_E6LUT_SLICEM_I0_O)
                                                      0.101     0.101 r  rx/sr[255]_i_1/O
                         net (fo=258, routed)         0.989     1.090    rx/sr
    SLICE_X64Y413        LUT5 (Prop_G6LUT_SLICEL_I2_O)
                                                      0.114     1.204 r  rx/nwords[15]_i_1/O
                         net (fo=48, routed)          1.154     2.358    rx/nwords[15]_i_1_n_0
    SLICE_X60Y403        FDRE                                         r  rx/seq_reg[2]/CE
  -------------------------------------------------------------------    -------------------

                         (clock tck rise edge)        0.000     0.000 r  
                                                      0.000     0.000 r  tck (IN)
                         net (fo=1343, unset)         0.026     0.026    rx/tck
    SLICE_X60Y403        FDRE                                         r  rx/seq_reg[2]/C

Slack:                    inf
  Source:                 shift
                            (input port)
  Destination:            rx/seq_reg[3]/CE
                            (rising edge-triggered cell FDRE clocked by tck  {rise@0.000ns fall@18.518ns period=37.037ns})
  Path Group:             (none)
  Path Type:              Setup (Max at Slow Process Corner)
  Data Path Delay:        2.358ns  (logic 0.215ns (9.118%)  route 2.143ns (90.882%))
  Logic Levels:           2  (LUT3=1 LUT5=1)
  Clock Path Skew:        0.026ns (DCD - SCD + CPR)
    Destination Clock Delay (DCD):    0.026ns
    Source Clock Delay      (SCD):    0.000ns
    Clock Pessimism Removal (CPR):    0.000ns
  Clock Uncertainty:      0.025ns  ((TSJ^2 + TIJ^2)^1/2 + DJ) / 2 + PE
    Total System Jitter     (TSJ):    0.050ns
    Total Input Jitter      (TIJ):    0.000ns
    Discrete Jitter          (DJ):    0.000ns
    Phase Error              (PE):    0.000ns

    Location             Delay type                Incr(ns)  Path(ns)    Netlist Resource(s)
  -------------------------------------------------------------------    -------------------
                                                      0.000     0.000 r  shift (IN)
                         net (fo=5, unset)            0.000     0.000    rx/shift
    SLICE_X57Y420        LUT3 (Prop_E6LUT_SLICEM_I0_O)
                                                      0.101     0.101 r  rx/sr[255]_i_1/O
                         net (fo=258, routed)         0.989     1.090    rx/sr
    SLICE_X64Y413        LUT5 (Prop_G6LUT_SLICEL_I2_O)
                                                      0.114     1.204 r  rx/nwords[15]_i_1/O
                         net (fo=48, routed)          1.154     2.358    rx/nwords[15]_i_1_n_0
    SLICE_X60Y403        FDRE                                         r  rx/seq_reg[3]/CE
  -------------------------------------------------------------------    -------------------

                         (clock tck rise edge)        0.000     0.000 r  
                                                      0.000     0.000 r  tck (IN)
                         net (fo=1343, unset)         0.026     0.026    rx/tck
    SLICE_X60Y403        FDRE                                         r  rx/seq_reg[3]/C

Slack:                    inf
  Source:                 shift
                            (input port)
  Destination:            rx/seq_reg[4]/CE
                            (rising edge-triggered cell FDRE clocked by tck  {rise@0.000ns fall@18.518ns period=37.037ns})
  Path Group:             (none)
  Path Type:              Setup (Max at Slow Process Corner)
  Data Path Delay:        2.358ns  (logic 0.215ns (9.118%)  route 2.143ns (90.882%))
  Logic Levels:           2  (LUT3=1 LUT5=1)
  Clock Path Skew:        0.026ns (DCD - SCD + CPR)
    Destination Clock Delay (DCD):    0.026ns
    Source Clock Delay      (SCD):    0.000ns
    Clock Pessimism Removal (CPR):    0.000ns
  Clock Uncertainty:      0.025ns  ((TSJ^2 + TIJ^2)^1/2 + DJ) / 2 + PE
    Total System Jitter     (TSJ):    0.050ns
    Total Input Jitter      (TIJ):    0.000ns
    Discrete Jitter          (DJ):    0.000ns
    Phase Error              (PE):    0.000ns

    Location             Delay type                Incr(ns)  Path(ns)    Netlist Resource(s)
  -------------------------------------------------------------------    -------------------
                                                      0.000     0.000 r  shift (IN)
                         net (fo=5, unset)            0.000     0.000    rx/shift
    SLICE_X57Y420        LUT3 (Prop_E6LUT_SLICEM_I0_O)
                                                      0.101     0.101 r  rx/sr[255]_i_1/O
                         net (fo=258, routed)         0.989     1.090    rx/sr
    SLICE_X64Y413        LUT5 (Prop_G6LUT_SLICEL_I2_O)
                                                      0.114     1.204 r  rx/nwords[15]_i_1/O
                         net (fo=48, routed)          1.154     2.358    rx/nwords[15]_i_1_n_0
    SLICE_X60Y403        FDRE                                         r  rx/seq_reg[4]/CE
  -------------------------------------------------------------------    -------------------

                         (clock tck rise edge)        0.000     0.000 r  
                                                      0.000     0.000 r  tck (IN)
                         net (fo=1343, unset)         0.026     0.026    rx/tck
    SLICE_X60Y403        FDRE                                         r  rx/seq_reg[4]/C

Slack:                    inf
  Source:                 shift
                            (input port)
  Destination:            rx/seq_reg[11]/CE
                            (rising edge-triggered cell FDRE clocked by tck  {rise@0.000ns fall@18.518ns period=37.037ns})
  Path Group:             (none)
  Path Type:              Setup (Max at Slow Process Corner)
  Data Path Delay:        2.342ns  (logic 0.215ns (9.178%)  route 2.127ns (90.822%))
  Logic Levels:           2  (LUT3=1 LUT5=1)
  Clock Path Skew:        0.025ns (DCD - SCD + CPR)
    Destination Clock Delay (DCD):    0.025ns
    Source Clock Delay      (SCD):    0.000ns
    Clock Pessimism Removal (CPR):    0.000ns
  Clock Uncertainty:      0.025ns  ((TSJ^2 + TIJ^2)^1/2 + DJ) / 2 + PE
    Total System Jitter     (TSJ):    0.050ns
    Total Input Jitter      (TIJ):    0.000ns
    Discrete Jitter          (DJ):    0.000ns
    Phase Error              (PE):    0.000ns

    Location             Delay type                Incr(ns)  Path(ns)    Netlist Resource(s)
  -------------------------------------------------------------------    -------------------
                                                      0.000     0.000 r  shift (IN)
                         net (fo=5, unset)            0.000     0.000    rx/shift
    SLICE_X57Y420        LUT3 (Prop_E6LUT_SLICEM_I0_O)
                                                      0.101     0.101 r  rx/sr[255]_i_1/O
                         net (fo=258, routed)         0.989     1.090    rx/sr
    SLICE_X64Y413        LUT5 (Prop_G6LUT_SLICEL_I2_O)
                                                      0.114     1.204 r  rx/nwords[15]_i_1/O
                         net (fo=48, routed)          1.138     2.342    rx/nwords[15]_i_1_n_0
    SLICE_X59Y405        FDRE                                         r  rx/seq_reg[11]/CE
  -------------------------------------------------------------------    -------------------

                         (clock tck rise edge)        0.000     0.000 r  
                                                      0.000     0.000 r  tck (IN)
                         net (fo=1343, unset)         0.025     0.025    rx/tck
    SLICE_X59Y405        FDRE                                         r  rx/seq_reg[11]/C

Slack:                    inf
  Source:                 shift
                            (input port)
  Destination:            rx/seq_reg[12]/CE
                            (rising edge-triggered cell FDRE clocked by tck  {rise@0.000ns fall@18.518ns period=37.037ns})
  Path Group:             (none)
  Path Type:              Setup (Max at Slow Process Corner)
  Data Path Delay:        2.342ns  (logic 0.215ns (9.178%)  route 2.127ns (90.822%))
  Logic Levels:           2  (LUT3=1 LUT5=1)
  Clock Path Skew:        0.025ns (DCD - SCD + CPR)
    Destination Clock Delay (DCD):    0.025ns
    Source Clock Delay      (SCD):    0.000ns
    Clock Pessimism Removal (CPR):    0.000ns
  Clock Uncertainty:      0.025ns  ((TSJ^2 + TIJ^2)^1/2 + DJ) / 2 + PE
    Total System Jitter     (TSJ):    0.050ns
    Total Input Jitter      (TIJ):    0.000ns
    Discrete Jitter          (DJ):    0.000ns
    Phase Error              (PE):    0.000ns

    Location             Delay type                Incr(ns)  Path(ns)    Netlist Resource(s)
  -------------------------------------------------------------------    -------------------
                                                      0.000     0.000 r  shift (IN)
                         net (fo=5, unset)            0.000     0.000    rx/shift
    SLICE_X57Y420        LUT3 (Prop_E6LUT_SLICEM_I0_O)
                                                      0.101     0.101 r  rx/sr[255]_i_1/O
                         net (fo=258, routed)         0.989     1.090    rx/sr
    SLICE_X64Y413        LUT5 (Prop_G6LUT_SLICEL_I2_O)
                                                      0.114     1.204 r  rx/nwords[15]_i_1/O
                         net (fo=48, routed)          1.138     2.342    rx/nwords[15]_i_1_n_0
    SLICE_X59Y405        FDRE                                         r  rx/seq_reg[12]/CE
  -------------------------------------------------------------------    -------------------

                         (clock tck rise edge)        0.000     0.000 r  
                                                      0.000     0.000 r  tck (IN)
                         net (fo=1343, unset)         0.025     0.025    rx/tck
    SLICE_X59Y405        FDRE                                         r  rx/seq_reg[12]/C

Slack:                    inf
  Source:                 shift
                            (input port)
  Destination:            rx/seq_reg[13]/CE
                            (rising edge-triggered cell FDRE clocked by tck  {rise@0.000ns fall@18.518ns period=37.037ns})
  Path Group:             (none)
  Path Type:              Setup (Max at Slow Process Corner)
  Data Path Delay:        2.342ns  (logic 0.215ns (9.178%)  route 2.127ns (90.822%))
  Logic Levels:           2  (LUT3=1 LUT5=1)
  Clock Path Skew:        0.025ns (DCD - SCD + CPR)
    Destination Clock Delay (DCD):    0.025ns
    Source Clock Delay      (SCD):    0.000ns
    Clock Pessimism Removal (CPR):    0.000ns
  Clock Uncertainty:      0.025ns  ((TSJ^2 + TIJ^2)^1/2 + DJ) / 2 + PE
    Total System Jitter     (TSJ):    0.050ns
    Total Input Jitter      (TIJ):    0.000ns
    Discrete Jitter          (DJ):    0.000ns
    Phase Error              (PE):    0.000ns

    Location             Delay type                Incr(ns)  Path(ns)    Netlist Resource(s)
  -------------------------------------------------------------------    -------------------
                                                      0.000     0.000 r  shift (IN)
                         net (fo=5, unset)            0.000     0.000    rx/shift
    SLICE_X57Y420        LUT3 (Prop_E6LUT_SLICEM_I0_O)
                                                      0.101     0.101 r  rx/sr[255]_i_1/O
                         net (fo=258, routed)         0.989     1.090    rx/sr
    SLICE_X64Y413        LUT5 (Prop_G6LUT_SLICEL_I2_O)
                                                      0.114     1.204 r  rx/nwords[15]_i_1/O
                         net (fo=48, routed)          1.138     2.342    rx/nwords[15]_i_1_n_0
    SLICE_X59Y405        FDRE                                         r  rx/seq_reg[13]/CE
  -------------------------------------------------------------------    -------------------

                         (clock tck rise edge)        0.000     0.000 r  
                                                      0.000     0.000 r  tck (IN)
                         net (fo=1343, unset)         0.025     0.025    rx/tck
    SLICE_X59Y405        FDRE                                         r  rx/seq_reg[13]/C

Slack:                    inf
  Source:                 shift
                            (input port)
  Destination:            rx/seq_reg[14]/CE
                            (rising edge-triggered cell FDRE clocked by tck  {rise@0.000ns fall@18.518ns period=37.037ns})
  Path Group:             (none)
  Path Type:              Setup (Max at Slow Process Corner)
  Data Path Delay:        2.342ns  (logic 0.215ns (9.178%)  route 2.127ns (90.822%))
  Logic Levels:           2  (LUT3=1 LUT5=1)
  Clock Path Skew:        0.025ns (DCD - SCD + CPR)
    Destination Clock Delay (DCD):    0.025ns
    Source Clock Delay      (SCD):    0.000ns
    Clock Pessimism Removal (CPR):    0.000ns
  Clock Uncertainty:      0.025ns  ((TSJ^2 + TIJ^2)^1/2 + DJ) / 2 + PE
    Total System Jitter     (TSJ):    0.050ns
    Total Input Jitter      (TIJ):    0.000ns
    Discrete Jitter          (DJ):    0.000ns
    Phase Error              (PE):    0.000ns

    Location             Delay type                Incr(ns)  Path(ns)    Netlist Resource(s)
  -------------------------------------------------------------------    -------------------
                                                      0.000     0.000 r  shift (IN)
                         net (fo=5, unset)            0.000     0.000    rx/shift
    SLICE_X57Y420        LUT3 (Prop_E6LUT_SLICEM_I0_O)
                                                      0.101     0.101 r  rx/sr[255]_i_1/O
                         net (fo=258, routed)         0.989     1.090    rx/sr
    SLICE_X64Y413        LUT5 (Prop_G6LUT_SLICEL_I2_O)
                                                      0.114     1.204 r  rx/nwords[15]_i_1/O
                         net (fo=48, routed)          1.138     2.342    rx/nwords[15]_i_1_n_0
    SLICE_X59Y405        FDRE                                         r  rx/seq_reg[14]/CE
  -------------------------------------------------------------------    -------------------

                         (clock tck rise edge)        0.000     0.000 r  
                                                      0.000     0.000 r  tck (IN)
                         net (fo=1343, unset)         0.025     0.025    rx/tck
    SLICE_X59Y405        FDRE                                         r  rx/seq_reg[14]/C





Min Delay Paths
--------------------------------------------------------------------------------------
Slack:                    inf
  Source:                 tdi
                            (input port)
  Destination:            rx/rx_crc_reg[31]/D
                            (rising edge-triggered cell FDRE clocked by tck  {rise@0.000ns fall@18.518ns period=37.037ns})
  Path Group:             (none)
  Path Type:              Hold (Min at Fast Process Corner)
  Data Path Delay:        0.007ns  (logic 0.000ns (0.000%)  route 0.007ns (100.000%))
  Logic Levels:           0  
  Clock Path Skew:        0.019ns (DCD - SCD - CPR)
    Destination Clock Delay (DCD):    0.019ns
    Source Clock Delay      (SCD):    0.000ns
    Clock Pessimism Removal (CPR):    -0.000ns

    Location             Delay type                Incr(ns)  Path(ns)    Netlist Resource(s)
  -------------------------------------------------------------------    -------------------
                                                      0.000     0.000 r  tdi (IN)
                         net (fo=17, unset)           0.007     0.007    rx/tdi
    SLICE_X76Y407        FDRE                                         r  rx/rx_crc_reg[31]/D
  -------------------------------------------------------------------    -------------------

                         (clock tck rise edge)        0.000     0.000 r  
                                                      0.000     0.000 r  tck (IN)
                         net (fo=1343, unset)         0.019     0.019    rx/tck
    SLICE_X76Y407        FDRE                                         r  rx/rx_crc_reg[31]/C

Slack:                    inf
  Source:                 tdi
                            (input port)
  Destination:            rx/sr_reg[255]/D
                            (rising edge-triggered cell FDRE clocked by tck  {rise@0.000ns fall@18.518ns period=37.037ns})
  Path Group:             (none)
  Path Type:              Hold (Min at Fast Process Corner)
  Data Path Delay:        0.007ns  (logic 0.000ns (0.000%)  route 0.007ns (100.000%))
  Logic Levels:           0  
  Clock Path Skew:        0.018ns (DCD - SCD - CPR)
    Destination Clock Delay (DCD):    0.018ns
    Source Clock Delay      (SCD):    0.000ns
    Clock Pessimism Removal (CPR):    -0.000ns

    Location             Delay type                Incr(ns)  Path(ns)    Netlist Resource(s)
  -------------------------------------------------------------------    -------------------
                                                      0.000     0.000 r  tdi (IN)
                         net (fo=17, unset)           0.007     0.007    rx/tdi
    SLICE_X55Y406        FDRE                                         r  rx/sr_reg[255]/D
  -------------------------------------------------------------------    -------------------

                         (clock tck rise edge)        0.000     0.000 r  
                                                      0.000     0.000 r  tck (IN)
                         net (fo=1343, unset)         0.018     0.018    rx/tck
    SLICE_X55Y406        FDRE                                         r  rx/sr_reg[255]/C

Slack:                    inf
  Source:                 tdi
                            (input port)
  Destination:            rx/wd_reg[255]/D
                            (rising edge-triggered cell FDRE clocked by tck  {rise@0.000ns fall@18.518ns period=37.037ns})
  Path Group:             (none)
  Path Type:              Hold (Min at Fast Process Corner)
  Data Path Delay:        0.007ns  (logic 0.000ns (0.000%)  route 0.007ns (100.000%))
  Logic Levels:           0  
  Clock Path Skew:        0.019ns (DCD - SCD - CPR)
    Destination Clock Delay (DCD):    0.019ns
    Source Clock Delay      (SCD):    0.000ns
    Clock Pessimism Removal (CPR):    -0.000ns

    Location             Delay type                Incr(ns)  Path(ns)    Netlist Resource(s)
  -------------------------------------------------------------------    -------------------
                                                      0.000     0.000 r  tdi (IN)
                         net (fo=17, unset)           0.007     0.007    rx/tdi
    SLICE_X55Y408        FDRE                                         r  rx/wd_reg[255]/D
  -------------------------------------------------------------------    -------------------

                         (clock tck rise edge)        0.000     0.000 r  
                                                      0.000     0.000 r  tck (IN)
                         net (fo=1343, unset)         0.019     0.019    rx/tck
    SLICE_X55Y408        FDRE                                         r  rx/wd_reg[255]/C

Slack:                    inf
  Source:                 tdi
                            (input port)
  Destination:            rx/crc_reg[5]/D
                            (rising edge-triggered cell FDSE clocked by tck  {rise@0.000ns fall@18.518ns period=37.037ns})
  Path Group:             (none)
  Path Type:              Hold (Min at Fast Process Corner)
  Data Path Delay:        0.026ns  (logic 0.020ns (76.923%)  route 0.006ns (23.077%))
  Logic Levels:           1  (LUT3=1)
  Clock Path Skew:        0.018ns (DCD - SCD - CPR)
    Destination Clock Delay (DCD):    0.018ns
    Source Clock Delay      (SCD):    0.000ns
    Clock Pessimism Removal (CPR):    -0.000ns

    Location             Delay type                Incr(ns)  Path(ns)    Netlist Resource(s)
  -------------------------------------------------------------------    -------------------
                                                      0.000     0.000 r  tdi (IN)
                         net (fo=17, unset)           0.000     0.000    rx/tdi
    SLICE_X75Y405        LUT3 (Prop_D5LUT_SLICEL_I1_O)
                                                      0.020     0.020 r  rx/crc[5]_i_1/O
                         net (fo=1, routed)           0.006     0.026    rx/crc32_bit[5]
    SLICE_X75Y405        FDSE                                         r  rx/crc_reg[5]/D
  -------------------------------------------------------------------    -------------------

                         (clock tck rise edge)        0.000     0.000 r  
                                                      0.000     0.000 r  tck (IN)
                         net (fo=1343, unset)         0.018     0.018    rx/tck
    SLICE_X75Y405        FDSE                                         r  rx/crc_reg[5]/C

Slack:                    inf
  Source:                 tdi
                            (input port)
  Destination:            rx/crc_reg[31]/D
                            (rising edge-triggered cell FDSE clocked by tck  {rise@0.000ns fall@18.518ns period=37.037ns})
  Path Group:             (none)
  Path Type:              Hold (Min at Fast Process Corner)
  Data Path Delay:        0.038ns  (logic 0.022ns (57.895%)  route 0.016ns (42.105%))
  Logic Levels:           1  (LUT2=1)
  Clock Path Skew:        0.018ns (DCD - SCD - CPR)
    Destination Clock Delay (DCD):    0.018ns
    Source Clock Delay      (SCD):    0.000ns
    Clock Pessimism Removal (CPR):    -0.000ns

    Location             Delay type                Incr(ns)  Path(ns)    Netlist Resource(s)
  -------------------------------------------------------------------    -------------------
                                                      0.000     0.000 r  tdi (IN)
                         net (fo=17, unset)           0.000     0.000    rx/tdi
    SLICE_X75Y405        LUT2 (Prop_D6LUT_SLICEL_I1_O)
                                                      0.022     0.022 r  rx/crc[31]_i_2/O
                         net (fo=1, routed)           0.016     0.038    rx/crc[31]_i_2_n_0
    SLICE_X75Y405        FDSE                                         r  rx/crc_reg[31]/D
  -------------------------------------------------------------------    -------------------

                         (clock tck rise edge)        0.000     0.000 r  
                                                      0.000     0.000 r  tck (IN)
                         net (fo=1343, unset)         0.018     0.018    rx/tck
    SLICE_X75Y405        FDSE                                         r  rx/crc_reg[31]/C

Slack:                    inf
  Source:                 tdi
                            (input port)
  Destination:            rx/crc_reg[9]/D
                            (rising edge-triggered cell FDSE clocked by tck  {rise@0.000ns fall@18.518ns period=37.037ns})
  Path Group:             (none)
  Path Type:              Hold (Min at Fast Process Corner)
  Data Path Delay:        0.038ns  (logic 0.032ns (84.211%)  route 0.006ns (15.789%))
  Logic Levels:           1  (LUT3=1)
  Clock Path Skew:        0.019ns (DCD - SCD - CPR)
    Destination Clock Delay (DCD):    0.019ns
    Source Clock Delay      (SCD):    0.000ns
    Clock Pessimism Removal (CPR):    -0.000ns

    Location             Delay type                Incr(ns)  Path(ns)    Netlist Resource(s)
  -------------------------------------------------------------------    -------------------
                                                      0.000     0.000 r  tdi (IN)
                         net (fo=17, unset)           0.000     0.000    rx/tdi
    SLICE_X75Y405        LUT3 (Prop_H5LUT_SLICEL_I1_O)
                                                      0.032     0.032 r  rx/crc[9]_i_1/O
                         net (fo=1, routed)           0.006     0.038    rx/crc32_bit[9]
    SLICE_X75Y405        FDSE                                         r  rx/crc_reg[9]/D
  -------------------------------------------------------------------    -------------------

                         (clock tck rise edge)        0.000     0.000 r  
                                                      0.000     0.000 r  tck (IN)
                         net (fo=1343, unset)         0.019     0.019    rx/tck
    SLICE_X75Y405        FDSE                                         r  rx/crc_reg[9]/C

Slack:                    inf
  Source:                 tdi
                            (input port)
  Destination:            rx/crc_reg[24]/D
                            (rising edge-triggered cell FDSE clocked by tck  {rise@0.000ns fall@18.518ns period=37.037ns})
  Path Group:             (none)
  Path Type:              Hold (Min at Fast Process Corner)
  Data Path Delay:        0.039ns  (logic 0.033ns (84.615%)  route 0.006ns (15.385%))
  Logic Levels:           1  (LUT3=1)
  Clock Path Skew:        0.018ns (DCD - SCD - CPR)
    Destination Clock Delay (DCD):    0.018ns
    Source Clock Delay      (SCD):    0.000ns
    Clock Pessimism Removal (CPR):    -0.000ns

    Location             Delay type                Incr(ns)  Path(ns)    Netlist Resource(s)
  -------------------------------------------------------------------    -------------------
                                                      0.000     0.000 r  tdi (IN)
                         net (fo=17, unset)           0.000     0.000    rx/tdi
    SLICE_X75Y406        LUT3 (Prop_D5LUT_SLICEL_I1_O)
                                                      0.033     0.033 r  rx/crc[24]_i_1/O
                         net (fo=1, routed)           0.006     0.039    rx/crc32_bit[24]
    SLICE_X75Y406        FDSE                                         r  rx/crc_reg[24]/D
  -------------------------------------------------------------------    -------------------

                         (clock tck rise edge)        0.000     0.000 r  
                                                      0.000     0.000 r  tck (IN)
                         net (fo=1343, unset)         0.018     0.018    rx/tck
    SLICE_X75Y406        FDSE                                         r  rx/crc_reg[24]/C

Slack:                    inf
  Source:                 tdi
                            (input port)
  Destination:            rx/crc_reg[27]/D
                            (rising edge-triggered cell FDSE clocked by tck  {rise@0.000ns fall@18.518ns period=37.037ns})
  Path Group:             (none)
  Path Type:              Hold (Min at Fast Process Corner)
  Data Path Delay:        0.039ns  (logic 0.033ns (84.615%)  route 0.006ns (15.385%))
  Logic Levels:           1  (LUT3=1)
  Clock Path Skew:        0.018ns (DCD - SCD - CPR)
    Destination Clock Delay (DCD):    0.018ns
    Source Clock Delay      (SCD):    0.000ns
    Clock Pessimism Removal (CPR):    -0.000ns

    Location             Delay type                Incr(ns)  Path(ns)    Netlist Resource(s)
  -------------------------------------------------------------------    -------------------
                                                      0.000     0.000 r  tdi (IN)
                         net (fo=17, unset)           0.000     0.000    rx/tdi
    SLICE_X75Y406        LUT3 (Prop_C5LUT_SLICEL_I1_O)
                                                      0.033     0.033 r  rx/crc[27]_i_1/O
                         net (fo=1, routed)           0.006     0.039    rx/crc32_bit[27]
    SLICE_X75Y406        FDSE                                         r  rx/crc_reg[27]/D
  -------------------------------------------------------------------    -------------------

                         (clock tck rise edge)        0.000     0.000 r  
                                                      0.000     0.000 r  tck (IN)
                         net (fo=1343, unset)         0.018     0.018    rx/tck
    SLICE_X75Y406        FDSE                                         r  rx/crc_reg[27]/C

Slack:                    inf
  Source:                 tdi
                            (input port)
  Destination:            rx/crc_reg[30]/D
                            (rising edge-triggered cell FDSE clocked by tck  {rise@0.000ns fall@18.518ns period=37.037ns})
  Path Group:             (none)
  Path Type:              Hold (Min at Fast Process Corner)
  Data Path Delay:        0.040ns  (logic 0.033ns (82.500%)  route 0.007ns (17.500%))
  Logic Levels:           1  (LUT3=1)
  Clock Path Skew:        0.018ns (DCD - SCD - CPR)
    Destination Clock Delay (DCD):    0.018ns
    Source Clock Delay      (SCD):    0.000ns
    Clock Pessimism Removal (CPR):    -0.000ns

    Location             Delay type                Incr(ns)  Path(ns)    Netlist Resource(s)
  -------------------------------------------------------------------    -------------------
                                                      0.000     0.000 r  tdi (IN)
                         net (fo=17, unset)           0.000     0.000    rx/tdi
    SLICE_X75Y406        LUT3 (Prop_B5LUT_SLICEL_I1_O)
                                                      0.033     0.033 r  rx/crc[30]_i_1/O
                         net (fo=1, routed)           0.007     0.040    rx/crc32_bit[30]
    SLICE_X75Y406        FDSE                                         r  rx/crc_reg[30]/D
  -------------------------------------------------------------------    -------------------

                         (clock tck rise edge)        0.000     0.000 r  
                                                      0.000     0.000 r  tck (IN)
                         net (fo=1343, unset)         0.018     0.018    rx/tck
    SLICE_X75Y406        FDSE                                         r  rx/crc_reg[30]/C

Slack:                    inf
  Source:                 tdi
                            (input port)
  Destination:            rx/crc_reg[21]/D
                            (rising edge-triggered cell FDSE clocked by tck  {rise@0.000ns fall@18.518ns period=37.037ns})
  Path Group:             (none)
  Path Type:              Hold (Min at Fast Process Corner)
  Data Path Delay:        0.044ns  (logic 0.036ns (81.818%)  route 0.008ns (18.182%))
  Logic Levels:           1  (LUT3=1)
  Clock Path Skew:        0.019ns (DCD - SCD - CPR)
    Destination Clock Delay (DCD):    0.019ns
    Source Clock Delay      (SCD):    0.000ns
    Clock Pessimism Removal (CPR):    -0.000ns

    Location             Delay type                Incr(ns)  Path(ns)    Netlist Resource(s)
  -------------------------------------------------------------------    -------------------
                                                      0.000     0.000 r  tdi (IN)
                         net (fo=17, unset)           0.000     0.000    rx/tdi
    SLICE_X76Y404        LUT3 (Prop_C5LUT_SLICEM_I1_O)
                                                      0.036     0.036 r  rx/crc[21]_i_1/O
                         net (fo=1, routed)           0.008     0.044    rx/crc32_bit[21]
    SLICE_X76Y404        FDSE                                         r  rx/crc_reg[21]/D
  -------------------------------------------------------------------    -------------------

                         (clock tck rise edge)        0.000     0.000 r  
                                                      0.000     0.000 r  tck (IN)
                         net (fo=1343, unset)         0.019     0.019    rx/tck
    SLICE_X76Y404        FDSE                                         r  rx/crc_reg[21]/C

Slack:                    inf
  Source:                 tdi
                            (input port)
  Destination:            rx/crc_reg[19]/D
                            (rising edge-triggered cell FDSE clocked by tck  {rise@0.000ns fall@18.518ns period=37.037ns})
  Path Group:             (none)
  Path Type:              Hold (Min at Fast Process Corner)
  Data Path Delay:        0.046ns  (logic 0.037ns (80.435%)  route 0.009ns (19.565%))
  Logic Levels:           1  (LUT3=1)
  Clock Path Skew:        0.019ns (DCD - SCD - CPR)
    Destination Clock Delay (DCD):    0.019ns
    Source Clock Delay      (SCD):    0.000ns
    Clock Pessimism Removal (CPR):    -0.000ns

    Location             Delay type                Incr(ns)  Path(ns)    Netlist Resource(s)
  -------------------------------------------------------------------    -------------------
                                                      0.000     0.000 r  tdi (IN)
                         net (fo=17, unset)           0.000     0.000    rx/tdi
    SLICE_X76Y404        LUT3 (Prop_D5LUT_SLICEM_I1_O)
                                                      0.037     0.037 r  rx/crc[19]_i_1/O
                         net (fo=1, routed)           0.009     0.046    rx/crc32_bit[19]
    SLICE_X76Y404        FDSE                                         r  rx/crc_reg[19]/D
  -------------------------------------------------------------------    -------------------

                         (clock tck rise edge)        0.000     0.000 r  
                                                      0.000     0.000 r  tck (IN)
                         net (fo=1343, unset)         0.019     0.019    rx/tck
    SLICE_X76Y404        FDSE                                         r  rx/crc_reg[19]/C

Slack:                    inf
  Source:                 tdi
                            (input port)
  Destination:            rx/crc_reg[23]/D
                            (rising edge-triggered cell FDSE clocked by tck  {rise@0.000ns fall@18.518ns period=37.037ns})
  Path Group:             (none)
  Path Type:              Hold (Min at Fast Process Corner)
  Data Path Delay:        0.051ns  (logic 0.035ns (68.627%)  route 0.016ns (31.373%))
  Logic Levels:           1  (LUT3=1)
  Clock Path Skew:        0.018ns (DCD - SCD - CPR)
    Destination Clock Delay (DCD):    0.018ns
    Source Clock Delay      (SCD):    0.000ns
    Clock Pessimism Removal (CPR):    -0.000ns

    Location             Delay type                Incr(ns)  Path(ns)    Netlist Resource(s)
  -------------------------------------------------------------------    -------------------
                                                      0.000     0.000 r  tdi (IN)
                         net (fo=17, unset)           0.000     0.000    rx/tdi
    SLICE_X75Y406        LUT3 (Prop_D6LUT_SLICEL_I1_O)
                                                      0.035     0.035 r  rx/crc[23]_i_1/O
                         net (fo=1, routed)           0.016     0.051    rx/crc32_bit[23]
    SLICE_X75Y406        FDSE                                         r  rx/crc_reg[23]/D
  -------------------------------------------------------------------    -------------------

                         (clock tck rise edge)        0.000     0.000 r  
                                                      0.000     0.000 r  tck (IN)
                         net (fo=1343, unset)         0.018     0.018    rx/tck
    SLICE_X75Y406        FDSE                                         r  rx/crc_reg[23]/C

Slack:                    inf
  Source:                 tdi
                            (input port)
  Destination:            rx/crc_reg[29]/D
                            (rising edge-triggered cell FDSE clocked by tck  {rise@0.000ns fall@18.518ns period=37.037ns})
  Path Group:             (none)
  Path Type:              Hold (Min at Fast Process Corner)
  Data Path Delay:        0.051ns  (logic 0.036ns (70.588%)  route 0.015ns (29.412%))
  Logic Levels:           1  (LUT3=1)
  Clock Path Skew:        0.018ns (DCD - SCD - CPR)
    Destination Clock Delay (DCD):    0.018ns
    Source Clock Delay      (SCD):    0.000ns
    Clock Pessimism Removal (CPR):    -0.000ns

    Location             Delay type                Incr(ns)  Path(ns)    Netlist Resource(s)
  -------------------------------------------------------------------    -------------------
                                                      0.000     0.000 r  tdi (IN)
                         net (fo=17, unset)           0.000     0.000    rx/tdi
    SLICE_X75Y406        LUT3 (Prop_B6LUT_SLICEL_I1_O)
                                                      0.036     0.036 r  rx/crc[29]_i_1/O
                         net (fo=1, routed)           0.015     0.051    rx/crc32_bit[29]
    SLICE_X75Y406        FDSE                                         r  rx/crc_reg[29]/D
  -------------------------------------------------------------------    -------------------

                         (clock tck rise edge)        0.000     0.000 r  
                                                      0.000     0.000 r  tck (IN)
                         net (fo=1343, unset)         0.018     0.018    rx/tck
    SLICE_X75Y406        FDSE                                         r  rx/crc_reg[29]/C

Slack:                    inf
  Source:                 tdi
                            (input port)
  Destination:            rx/crc_reg[26]/D
                            (rising edge-triggered cell FDSE clocked by tck  {rise@0.000ns fall@18.518ns period=37.037ns})
  Path Group:             (none)
  Path Type:              Hold (Min at Fast Process Corner)
  Data Path Delay:        0.052ns  (logic 0.035ns (67.308%)  route 0.017ns (32.692%))
  Logic Levels:           1  (LUT3=1)
  Clock Path Skew:        0.018ns (DCD - SCD - CPR)
    Destination Clock Delay (DCD):    0.018ns
    Source Clock Delay      (SCD):    0.000ns
    Clock Pessimism Removal (CPR):    -0.000ns

    Location             Delay type                Incr(ns)  Path(ns)    Netlist Resource(s)
  -------------------------------------------------------------------    -------------------
                                                      0.000     0.000 r  tdi (IN)
                         net (fo=17, unset)           0.000     0.000    rx/tdi
    SLICE_X75Y406        LUT3 (Prop_C6LUT_SLICEL_I1_O)
                                                      0.035     0.035 r  rx/crc[26]_i_1/O
                         net (fo=1, routed)           0.017     0.052    rx/crc32_bit[26]
    SLICE_X75Y406        FDSE                                         r  rx/crc_reg[26]/D
  -------------------------------------------------------------------    -------------------

                         (clock tck rise edge)        0.000     0.000 r  
                                                      0.000     0.000 r  tck (IN)
                         net (fo=1343, unset)         0.018     0.018    rx/tck
    SLICE_X75Y406        FDSE                                         r  rx/crc_reg[26]/C

Slack:                    inf
  Source:                 tdi
                            (input port)
  Destination:            rx/crc_reg[8]/D
                            (rising edge-triggered cell FDSE clocked by tck  {rise@0.000ns fall@18.518ns period=37.037ns})
  Path Group:             (none)
  Path Type:              Hold (Min at Fast Process Corner)
  Data Path Delay:        0.052ns  (logic 0.035ns (67.308%)  route 0.017ns (32.692%))
  Logic Levels:           1  (LUT3=1)
  Clock Path Skew:        0.019ns (DCD - SCD - CPR)
    Destination Clock Delay (DCD):    0.019ns
    Source Clock Delay      (SCD):    0.000ns
    Clock Pessimism Removal (CPR):    -0.000ns

    Location             Delay type                Incr(ns)  Path(ns)    Netlist Resource(s)
  -------------------------------------------------------------------    -------------------
                                                      0.000     0.000 r  tdi (IN)
                         net (fo=17, unset)           0.000     0.000    rx/tdi
    SLICE_X75Y405        LUT3 (Prop_H6LUT_SLICEL_I1_O)
                                                      0.035     0.035 r  rx/crc[8]_i_1/O
                         net (fo=1, routed)           0.017     0.052    rx/crc32_bit[8]
    SLICE_X75Y405        FDSE                                         r  rx/crc_reg[8]/D
  -------------------------------------------------------------------    -------------------

                         (clock tck rise edge)        0.000     0.000 r  
                                                      0.000     0.000 r  tck (IN)
                         net (fo=1343, unset)         0.019     0.019    rx/tck
    SLICE_X75Y405        FDSE                                         r  rx/crc_reg[8]/C

Slack:                    inf
  Source:                 capture
                            (input port)
  Destination:            rx/st_sr_reg[352]/D
                            (rising edge-triggered cell FDRE clocked by tck  {rise@0.000ns fall@18.518ns period=37.037ns})
  Path Group:             (none)
  Path Type:              Hold (Min at Fast Process Corner)
  Data Path Delay:        0.058ns  (logic 0.041ns (70.690%)  route 0.017ns (29.310%))
  Logic Levels:           1  (LUT5=1)
  Clock Path Skew:        0.019ns (DCD - SCD - CPR)
    Destination Clock Delay (DCD):    0.019ns
    Source Clock Delay      (SCD):    0.000ns
    Clock Pessimism Removal (CPR):    -0.000ns

    Location             Delay type                Incr(ns)  Path(ns)    Netlist Resource(s)
  -------------------------------------------------------------------    -------------------
                                                      0.000     0.000 r  capture (IN)
                         net (fo=314, unset)          0.000     0.000    rx/capture
    SLICE_X70Y422        LUT5 (Prop_H6LUT_SLICEL_I1_O)
                                                      0.041     0.041 r  rx/st_sr[352]_i_1/O
                         net (fo=1, routed)           0.017     0.058    rx/p_1_in[352]
    SLICE_X70Y422        FDRE                                         r  rx/st_sr_reg[352]/D
  -------------------------------------------------------------------    -------------------

                         (clock tck rise edge)        0.000     0.000 r  
                                                      0.000     0.000 r  tck (IN)
                         net (fo=1343, unset)         0.019     0.019    rx/tck
    SLICE_X70Y422        FDRE                                         r  rx/st_sr_reg[352]/C

Slack:                    inf
  Source:                 tdi
                            (input port)
  Destination:            rx/crc_reg[20]/D
                            (rising edge-triggered cell FDSE clocked by tck  {rise@0.000ns fall@18.518ns period=37.037ns})
  Path Group:             (none)
  Path Type:              Hold (Min at Fast Process Corner)
  Data Path Delay:        0.059ns  (logic 0.035ns (59.322%)  route 0.024ns (40.678%))
  Logic Levels:           1  (LUT3=1)
  Clock Path Skew:        0.019ns (DCD - SCD - CPR)
    Destination Clock Delay (DCD):    0.019ns
    Source Clock Delay      (SCD):    0.000ns
    Clock Pessimism Removal (CPR):    -0.000ns

    Location             Delay type                Incr(ns)  Path(ns)    Netlist Resource(s)
  -------------------------------------------------------------------    -------------------
                                                      0.000     0.000 r  tdi (IN)
                         net (fo=17, unset)           0.000     0.000    rx/tdi
    SLICE_X76Y404        LUT3 (Prop_C6LUT_SLICEM_I1_O)
                                                      0.035     0.035 r  rx/crc[20]_i_1/O
                         net (fo=1, routed)           0.024     0.059    rx/crc32_bit[20]
    SLICE_X76Y404        FDSE                                         r  rx/crc_reg[20]/D
  -------------------------------------------------------------------    -------------------

                         (clock tck rise edge)        0.000     0.000 r  
                                                      0.000     0.000 r  tck (IN)
                         net (fo=1343, unset)         0.019     0.019    rx/tck
    SLICE_X76Y404        FDSE                                         r  rx/crc_reg[20]/C

Slack:                    inf
  Source:                 tdi
                            (input port)
  Destination:            rx/crc_reg[15]/D
                            (rising edge-triggered cell FDSE clocked by tck  {rise@0.000ns fall@18.518ns period=37.037ns})
  Path Group:             (none)
  Path Type:              Hold (Min at Fast Process Corner)
  Data Path Delay:        0.061ns  (logic 0.035ns (57.377%)  route 0.026ns (42.623%))
  Logic Levels:           1  (LUT3=1)
  Clock Path Skew:        0.019ns (DCD - SCD - CPR)
    Destination Clock Delay (DCD):    0.019ns
    Source Clock Delay      (SCD):    0.000ns
    Clock Pessimism Removal (CPR):    -0.000ns

    Location             Delay type                Incr(ns)  Path(ns)    Netlist Resource(s)
  -------------------------------------------------------------------    -------------------
                                                      0.000     0.000 r  tdi (IN)
                         net (fo=17, unset)           0.000     0.000    rx/tdi
    SLICE_X76Y404        LUT3 (Prop_D6LUT_SLICEM_I1_O)
                                                      0.035     0.035 r  rx/crc[15]_i_1/O
                         net (fo=1, routed)           0.026     0.061    rx/crc32_bit[15]
    SLICE_X76Y404        FDSE                                         r  rx/crc_reg[15]/D
  -------------------------------------------------------------------    -------------------

                         (clock tck rise edge)        0.000     0.000 r  
                                                      0.000     0.000 r  tck (IN)
                         net (fo=1343, unset)         0.019     0.019    rx/tck
    SLICE_X76Y404        FDSE                                         r  rx/crc_reg[15]/C

Slack:                    inf
  Source:                 capture
                            (input port)
  Destination:            rx/st_sr_reg[100]/D
                            (rising edge-triggered cell FDRE clocked by tck  {rise@0.000ns fall@18.518ns period=37.037ns})
  Path Group:             (none)
  Path Type:              Hold (Min at Fast Process Corner)
  Data Path Delay:        0.065ns  (logic 0.050ns (76.923%)  route 0.015ns (23.077%))
  Logic Levels:           1  (LUT6=1)
  Clock Path Skew:        0.018ns (DCD - SCD - CPR)
    Destination Clock Delay (DCD):    0.018ns
    Source Clock Delay      (SCD):    0.000ns
    Clock Pessimism Removal (CPR):    -0.000ns

    Location             Delay type                Incr(ns)  Path(ns)    Netlist Resource(s)
  -------------------------------------------------------------------    -------------------
                                                      0.000     0.000 r  capture (IN)
                         net (fo=314, unset)          0.000     0.000    rx/capture
    SLICE_X70Y416        LUT6 (Prop_B6LUT_SLICEL_I1_O)
                                                      0.050     0.050 r  rx/st_sr[100]_i_1/O
                         net (fo=1, routed)           0.015     0.065    rx/p_1_in[100]
    SLICE_X70Y416        FDRE                                         r  rx/st_sr_reg[100]/D
  -------------------------------------------------------------------    -------------------

                         (clock tck rise edge)        0.000     0.000 r  
                                                      0.000     0.000 r  tck (IN)
                         net (fo=1343, unset)         0.018     0.018    rx/tck
    SLICE_X70Y416        FDRE                                         r  rx/st_sr_reg[100]/C

Slack:                    inf
  Source:                 capture
                            (input port)
  Destination:            rx/st_sr_reg[107]/D
                            (rising edge-triggered cell FDRE clocked by tck  {rise@0.000ns fall@18.518ns period=37.037ns})
  Path Group:             (none)
  Path Type:              Hold (Min at Fast Process Corner)
  Data Path Delay:        0.065ns  (logic 0.050ns (76.923%)  route 0.015ns (23.077%))
  Logic Levels:           1  (LUT6=1)
  Clock Path Skew:        0.018ns (DCD - SCD - CPR)
    Destination Clock Delay (DCD):    0.018ns
    Source Clock Delay      (SCD):    0.000ns
    Clock Pessimism Removal (CPR):    -0.000ns

    Location             Delay type                Incr(ns)  Path(ns)    Netlist Resource(s)
  -------------------------------------------------------------------    -------------------
                                                      0.000     0.000 r  capture (IN)
                         net (fo=314, unset)          0.000     0.000    rx/capture
    SLICE_X69Y418        LUT6 (Prop_B6LUT_SLICEL_I1_O)
                                                      0.050     0.050 r  rx/st_sr[107]_i_1/O
                         net (fo=1, routed)           0.015     0.065    rx/p_1_in[107]
    SLICE_X69Y418        FDRE                                         r  rx/st_sr_reg[107]/D
  -------------------------------------------------------------------    -------------------

                         (clock tck rise edge)        0.000     0.000 r  
                                                      0.000     0.000 r  tck (IN)
                         net (fo=1343, unset)         0.018     0.018    rx/tck
    SLICE_X69Y418        FDRE                                         r  rx/st_sr_reg[107]/C





