WARNING: Default location for XILINX_HLS not found

****** Vivado v2023.2 (64-bit)
  **** SW Build 4029153 on Fri Oct 13 20:13:54 MDT 2023
  **** IP Build 4028589 on Sat Oct 14 00:45:43 MDT 2023
  **** SharedData Build 4025554 on Tue Oct 10 17:18:54 MDT 2023
    ** Copyright 1986-2022 Xilinx, Inc. All Rights Reserved.
    ** Copyright 2022-2023 Advanced Micro Devices, Inc. All Rights Reserved.

source /home/orencollaco/GitHub/llama.vhdl/sim/ooc_scorehdr.tcl
# set part xcvu33p-fsvh2104-2L-e
# proc envor {name def} {
#     return [expr {[info exists ::env($name)] ? $::env($name) : $def}]
# }
# set tag    [envor SH_TAG    unnamed]
# set outdir [envor SH_OUT    .]
# set rtldir [envor SH_RTL    rtl]
# set gens   [envor SH_GEN    ""]
# set period [envor SH_PERIOD 13.333]
# set target attn_block
# file mkdir $outdir
# puts "SCOREHDR_BEGIN tag=$tag target=$target part=$part period=$period"
SCOREHDR_BEGIN tag=attn9 target=attn_block part=xcvu33p-fsvh2104-2L-e period=13.333
# puts "SCOREHDR_GENERICS tag=$tag gen=\"$gens\""
SCOREHDR_GENERICS tag=attn9 gen="HEAD_DIM=256 N_KVH=4 KV_BLOCK=32 N_ROT=64 POS_W=17 MANT_W=16 CM_W=8 EXP_W=8 NORM_LANES=1 STRICT_PRODUCER=true SWEEP_PIPE=false SCORE_EARLY=false SCORE_HDR_TREE=0 N_QH=16 LAYERS=8"
# create_project -in_memory -part $part
create_project: Time (s): cpu = 00:00:06 ; elapsed = 00:00:07 . Memory (MB): peak = 1315.949 ; gain = 0.027 ; free physical = 11470 ; free virtual = 59649
# foreach mid {{Synth 8-7186} {Synth 8-10226}} {
#     if {[catch {set_msg_config -id $mid -limit 100000} e]} {
#         puts "SCOREHDR_MSGLIMIT_FAIL $mid : $e"
#     }
# }
# set nread 0;
# set nskip 0;
# set nexcl 0
# foreach f [lsort [glob -directory $rtldir *.vhd]] {
#     if {[string match "ooc_*_top.vhd" [file tail $f]]} {
#         incr nexcl; continue
#     }
#     if {[catch {read_vhdl -vhdl2008 $f} e]} {
#         puts "SCOREHDR_READ_SKIP $f : $e"; incr nskip
#     } else { incr nread }
# }
# puts "SCOREHDR_READ tag=$tag files=$nread skipped=$nskip excluded=$nexcl"
SCOREHDR_READ tag=attn9 files=110 skipped=0 excluded=5
# set xdc [file join $outdir clk_$tag.xdc]
# set fh [open $xdc w]
# puts $fh "create_clock -period $period -name clk \[get_ports clk\]"
# close $fh
# read_xdc $xdc
# puts "SCOREHDR_XDC tag=$tag $xdc period=$period"
SCOREHDR_XDC tag=attn9 /home/labuser/probe27b/out/clk_attn9.xdc period=13.333
# set gl {}
# foreach g $gens { lappend gl -generic $g }
# set t0 [clock seconds]
# eval synth_design -mode out_of_context -top $target -part $part \
#     -flatten_hierarchy none $gl
Command: synth_design -mode out_of_context -top attn_block -part xcvu33p-fsvh2104-2L-e -flatten_hierarchy none -generic HEAD_DIM=256 -generic N_KVH=4 -generic KV_BLOCK=32 -generic N_ROT=64 -generic POS_W=17 -generic MANT_W=16 -generic CM_W=8 -generic EXP_W=8 -generic NORM_LANES=1 -generic STRICT_PRODUCER=true -generic SWEEP_PIPE=false -generic SCORE_EARLY=false -generic SCORE_HDR_TREE=0 -generic N_QH=16 -generic LAYERS=8
Starting synth_design
Attempting to get a license for feature 'Synthesis' and/or device 'xcvu33p'
INFO: [Common 17-349] Got license for feature 'Synthesis' and/or device 'xcvu33p'
INFO: [Device 21-403] Loading part xcvu33p-fsvh2104-2L-e
INFO: [Synth 8-7079] Multithreading enabled for synth_design using a maximum of 4 processes.
INFO: [Synth 8-7078] Launching helper process for spawning children vivado processes
INFO: [Synth 8-7075] Helper process launched with PID 825751
---------------------------------------------------------------------------------
Starting RTL Elaboration : Time (s): cpu = 00:00:04 ; elapsed = 00:00:04 . Memory (MB): peak = 2791.637 ; gain = 399.715 ; free physical = 9605 ; free virtual = 57880
---------------------------------------------------------------------------------
INFO: [Synth 8-638] synthesizing module 'attn_block' [/home/orencollaco/GitHub/llama.vhdl/rtl/attn_block.vhd:486]
	Parameter HEAD_DIM bound to: 256 - type: integer 
	Parameter N_QH bound to: 16 - type: integer 
	Parameter N_KVH bound to: 4 - type: integer 
	Parameter KV_BLOCK bound to: 32 - type: integer 
	Parameter N_ROT bound to: 64 - type: integer 
	Parameter LAYERS bound to: 8 - type: integer 
	Parameter POS_W bound to: 17 - type: integer 
	Parameter MANT_W bound to: 16 - type: integer 
	Parameter CM_W bound to: 8 - type: integer 
	Parameter EXP_W bound to: 8 - type: integer 
	Parameter NORM_LANES bound to: 1 - type: integer 
	Parameter STRICT_PRODUCER bound to: 1 - type: bool 
	Parameter SWEEP_PIPE bound to: 0 - type: bool 
	Parameter SCORE_EARLY bound to: 0 - type: bool 
	Parameter SCORE_HDR_TREE bound to: 0 - type: integer 
INFO: [Synth 8-638] synthesizing module 'rmsnorm_rs' [/home/orencollaco/GitHub/llama.vhdl/rtl/rmsnorm_rs.vhd:81]
	Parameter N bound to: 256 - type: integer 
	Parameter LANES bound to: 1 - type: integer 
	Parameter Q bound to: 12 - type: integer 
INFO: [Synth 8-256] done synthesizing module 'rmsnorm_rs' (0#1) [/home/orencollaco/GitHub/llama.vhdl/rtl/rmsnorm_rs.vhd:81]
INFO: [Synth 8-638] synthesizing module 'attn_twiddle' [/home/orencollaco/GitHub/llama.vhdl/rtl/attn_twiddle.vhd:165]
	Parameter NPAIR bound to: 32 - type: integer 
	Parameter TBL bound to: 1024 - type: integer 
	Parameter POS_W bound to: 17 - type: integer 
	Parameter Q_W bound to: 16 - type: integer 
	Parameter PHI_W bound to: 32 - type: integer 
	Parameter STRICT_PRODUCER bound to: 1 - type: bool 
INFO: [Synth 8-256] done synthesizing module 'attn_twiddle' (0#1) [/home/orencollaco/GitHub/llama.vhdl/rtl/attn_twiddle.vhd:165]
INFO: [Synth 8-638] synthesizing module 'attn_rope' [/home/orencollaco/GitHub/llama.vhdl/rtl/attn_rope.vhd:206]
	Parameter HEAD_DIM bound to: 256 - type: integer 
	Parameter N_ROT bound to: 64 - type: integer 
	Parameter MANT_W bound to: 16 - type: integer 
	Parameter Q bound to: 15 - type: integer 
	Parameter EXP_W bound to: 8 - type: integer 
	Parameter STRICT_PRODUCER bound to: 1 - type: bool 
INFO: [Synth 8-256] done synthesizing module 'attn_rope' (0#1) [/home/orencollaco/GitHub/llama.vhdl/rtl/attn_rope.vhd:206]
INFO: [Synth 8-638] synthesizing module 'attn_kv_quant' [/home/orencollaco/GitHub/llama.vhdl/rtl/attn_kv_quant.vhd:223]
	Parameter HEAD_DIM bound to: 256 - type: integer 
	Parameter KV_BLOCK bound to: 32 - type: integer 
	Parameter IN_W bound to: 16 - type: integer 
	Parameter MANT_W bound to: 8 - type: integer 
	Parameter EXP_W bound to: 8 - type: integer 
	Parameter VREF_INIT bound to: 127 - type: integer 
	Parameter STRICT_PRODUCER bound to: 1 - type: bool 
INFO: [Synth 8-256] done synthesizing module 'attn_kv_quant' (0#1) [/home/orencollaco/GitHub/llama.vhdl/rtl/attn_kv_quant.vhd:223]
INFO: [Synth 8-638] synthesizing module 'attn_mac_array' [/home/orencollaco/GitHub/llama.vhdl/rtl/attn_mac_array.vhd:222]
	Parameter QH_TILE bound to: 4 - type: integer 
	Parameter DIM_TILE bound to: 32 - type: integer 
	Parameter ACC_N bound to: 8 - type: integer 
	Parameter Q_W bound to: 16 - type: integer 
	Parameter K_W bound to: 8 - type: integer 
	Parameter E_W bound to: 13 - type: integer 
	Parameter ACC_W bound to: 36 - type: integer 
	Parameter P_W bound to: 32 - type: integer 
	Parameter Q bound to: 12 - type: integer 
	Parameter STRICT_PRODUCER bound to: 1 - type: bool 
INFO: [Synth 8-256] done synthesizing module 'attn_mac_array' (0#1) [/home/orencollaco/GitHub/llama.vhdl/rtl/attn_mac_array.vhd:222]
INFO: [Synth 8-638] synthesizing module 'attn_score_q12' [/home/orencollaco/GitHub/llama.vhdl/rtl/attn_score_q12.vhd:244]
	Parameter NBLK bound to: 8 - type: integer 
	Parameter P_W bound to: 32 - type: integer 
	Parameter EXP_W bound to: 8 - type: integer 
	Parameter KQ_SHIFT bound to: 4 - type: integer 
	Parameter QOUT bound to: 12 - type: integer 
	Parameter LSH_CLAMP bound to: 32 - type: integer 
	Parameter RSH_CLAMP bound to: 32 - type: integer 
	Parameter HDR_TREE bound to: 0 - type: integer 
	Parameter STRICT_PRODUCER bound to: 1 - type: bool 
INFO: [Synth 8-256] done synthesizing module 'attn_score_q12' (0#1) [/home/orencollaco/GitHub/llama.vhdl/rtl/attn_score_q12.vhd:244]
INFO: [Synth 8-638] synthesizing module 'attn_softmax' [/home/orencollaco/GitHub/llama.vhdl/rtl/attn_softmax.vhd:283]
	Parameter P_W bound to: 32 - type: integer 
	Parameter Q bound to: 12 - type: integer 
	Parameter ROM_N bound to: 256 - type: integer 
	Parameter E_W bound to: 13 - type: integer 
	Parameter S_W bound to: 26 - type: integer 
	Parameter STRICT_PRODUCER bound to: 1 - type: bool 
INFO: [Synth 8-256] done synthesizing module 'attn_softmax' (0#1) [/home/orencollaco/GitHub/llama.vhdl/rtl/attn_softmax.vhd:283]
INFO: [Synth 8-638] synthesizing module 'attn_recip' [/home/orencollaco/GitHub/llama.vhdl/rtl/attn_recip.vhd:193]
	Parameter S_W bound to: 26 - type: integer 
	Parameter R_W bound to: 16 - type: integer 
	Parameter R_Q bound to: 15 - type: integer 
	Parameter NW bound to: 44 - type: integer 
	Parameter DW bound to: 28 - type: integer 
	Parameter STRICT_PRODUCER bound to: 1 - type: bool 
INFO: [Synth 8-638] synthesizing module 'divider_rs' [/home/orencollaco/GitHub/llama.vhdl/rtl/divider_rs.vhd:79]
	Parameter NW bound to: 44 - type: integer 
	Parameter DW bound to: 28 - type: integer 
INFO: [Synth 8-256] done synthesizing module 'divider_rs' (0#1) [/home/orencollaco/GitHub/llama.vhdl/rtl/divider_rs.vhd:79]
INFO: [Synth 8-256] done synthesizing module 'attn_recip' (0#1) [/home/orencollaco/GitHub/llama.vhdl/rtl/attn_recip.vhd:193]
INFO: [Synth 8-638] synthesizing module 'attn_gate' [/home/orencollaco/GitHub/llama.vhdl/rtl/attn_gate.vhd:260]
	Parameter N bound to: 256 - type: integer 
	Parameter O_W bound to: 36 - type: integer 
	Parameter R_W bound to: 16 - type: integer 
	Parameter P_W bound to: 5 - type: integer 
	Parameter G_W bound to: 16 - type: integer 
	Parameter Z_W bound to: 32 - type: integer 
	Parameter EXP_W bound to: 8 - type: integer 
	Parameter Q bound to: 12 - type: integer 
	Parameter GQ bound to: 15 - type: integer 
	Parameter T_W bound to: 24 - type: integer 
	Parameter Y_W bound to: 24 - type: integer 
	Parameter SIG_N bound to: 512 - type: integer 
	Parameter LSH_CLAMP bound to: 32 - type: integer 
	Parameter STRICT_PRODUCER bound to: 1 - type: bool 
INFO: [Synth 8-256] done synthesizing module 'attn_gate' (0#1) [/home/orencollaco/GitHub/llama.vhdl/rtl/attn_gate.vhd:260]
INFO: [Synth 8-638] synthesizing module 'attn_emit' [/home/orencollaco/GitHub/llama.vhdl/rtl/attn_emit.vhd:207]
	Parameter NGRP bound to: 4 - type: integer 
	Parameter GRP_N bound to: 1024 - type: integer 
	Parameter IN_W bound to: 24 - type: integer 
	Parameter MANT_W bound to: 16 - type: integer 
	Parameter EXP_W bound to: 8 - type: integer 
	Parameter TARGET_MSB bound to: 14 - type: integer 
	Parameter SH_MAX bound to: 63 - type: integer 
	Parameter STRICT_PRODUCER bound to: 1 - type: bool 
INFO: [Synth 8-256] done synthesizing module 'attn_emit' (0#1) [/home/orencollaco/GitHub/llama.vhdl/rtl/attn_emit.vhd:207]
INFO: [Synth 8-256] done synthesizing module 'attn_block' (0#1) [/home/orencollaco/GitHub/llama.vhdl/rtl/attn_block.vhd:486]
WARNING: [Synth 8-6014] Unused sequential element tn_reg was removed.  [/home/orencollaco/GitHub/llama.vhdl/rtl/attn_score_q12.vhd:409]
WARNING: [Synth 8-6014] Unused sequential element tl0_reg was removed.  [/home/orencollaco/GitHub/llama.vhdl/rtl/attn_score_q12.vhd:410]
WARNING: [Synth 8-6014] Unused sequential element se_rdy_reg was removed.  [/home/orencollaco/GitHub/llama.vhdl/rtl/attn_block.vhd:1331]
WARNING: [Synth 8-6014] Unused sequential element se_sent_reg was removed.  [/home/orencollaco/GitHub/llama.vhdl/rtl/attn_block.vhd:1331]
WARNING: [Synth 8-6014] Unused sequential element rbs_reg was removed.  [/home/orencollaco/GitHub/llama.vhdl/rtl/attn_block.vhd:1340]
WARNING: [Synth 8-6014] Unused sequential element pk_en_reg was removed.  [/home/orencollaco/GitHub/llama.vhdl/rtl/attn_block.vhd:1341]
WARNING: [Synth 8-6014] Unused sequential element pk_blk_reg was removed.  [/home/orencollaco/GitHub/llama.vhdl/rtl/attn_block.vhd:1341]
WARNING: [Synth 8-6014] Unused sequential element pk_cnt_reg was removed.  [/home/orencollaco/GitHub/llama.vhdl/rtl/attn_block.vhd:1341]
WARNING: [Synth 8-6014] Unused sequential element pk_got_reg was removed.  [/home/orencollaco/GitHub/llama.vhdl/rtl/attn_block.vhd:1341]
WARNING: [Synth 8-6014] Unused sequential element pk_act_reg was removed.  [/home/orencollaco/GitHub/llama.vhdl/rtl/attn_block.vhd:1341]
WARNING: [Synth 8-6014] Unused sequential element pk_pend_reg was removed.  [/home/orencollaco/GitHub/llama.vhdl/rtl/attn_block.vhd:1342]
WARNING: [Synth 8-6014] Unused sequential element pv_en_reg was removed.  [/home/orencollaco/GitHub/llama.vhdl/rtl/attn_block.vhd:1343]
WARNING: [Synth 8-6014] Unused sequential element pv_blk_reg was removed.  [/home/orencollaco/GitHub/llama.vhdl/rtl/attn_block.vhd:1343]
WARNING: [Synth 8-6014] Unused sequential element pv_cnt_reg was removed.  [/home/orencollaco/GitHub/llama.vhdl/rtl/attn_block.vhd:1343]
WARNING: [Synth 8-6014] Unused sequential element pv_got_reg was removed.  [/home/orencollaco/GitHub/llama.vhdl/rtl/attn_block.vhd:1343]
WARNING: [Synth 8-6014] Unused sequential element clen_r_reg was removed.  [/home/orencollaco/GitHub/llama.vhdl/rtl/attn_block.vhd:1602]
WARNING: [Synth 8-6014] Unused sequential element rp_start_reg was removed.  [/home/orencollaco/GitHub/llama.vhdl/rtl/attn_block.vhd:1068]
WARNING: [Synth 8-6014] Unused sequential element sm_start_reg was removed.  [/home/orencollaco/GitHub/llama.vhdl/rtl/attn_block.vhd:1139]
WARNING: [Synth 8-6014] Unused sequential element wntk_r_reg was removed.  [/home/orencollaco/GitHub/llama.vhdl/rtl/attn_block.vhd:928]
WARNING: [Synth 8-7129] Port ep_ready in module attn_softmax is either unconnected or has no load
WARNING: [Synth 8-7129] Port p_ready in module attn_mac_array is either unconnected or has no load
---------------------------------------------------------------------------------
Finished RTL Elaboration : Time (s): cpu = 00:02:48 ; elapsed = 00:02:52 . Memory (MB): peak = 5390.051 ; gain = 2998.129 ; free physical = 7016 ; free virtual = 55310
---------------------------------------------------------------------------------
---------------------------------------------------------------------------------
Start Handling Custom Attributes
---------------------------------------------------------------------------------
---------------------------------------------------------------------------------
Finished Handling Custom Attributes : Time (s): cpu = 00:02:49 ; elapsed = 00:02:54 . Memory (MB): peak = 5390.051 ; gain = 2998.129 ; free physical = 7012 ; free virtual = 55307
---------------------------------------------------------------------------------
---------------------------------------------------------------------------------
Finished RTL Optimization Phase 1 : Time (s): cpu = 00:02:49 ; elapsed = 00:02:54 . Memory (MB): peak = 5390.051 ; gain = 2998.129 ; free physical = 7012 ; free virtual = 55307
---------------------------------------------------------------------------------
Netlist sorting complete. Time (s): cpu = 00:00:05 ; elapsed = 00:00:05 . Memory (MB): peak = 5390.051 ; gain = 0.000 ; free physical = 7028 ; free virtual = 55324
INFO: [Project 1-570] Preparing netlist for logic optimization

Processing XDC Constraints
Initializing timing engine
Parsing XDC File [/home/labuser/probe27b/out/clk_attn9.xdc]
Finished Parsing XDC File [/home/labuser/probe27b/out/clk_attn9.xdc]
Completed Processing XDC Constraints

Netlist sorting complete. Time (s): cpu = 00:00:00.02 ; elapsed = 00:00:00.02 . Memory (MB): peak = 5454.082 ; gain = 0.000 ; free physical = 7042 ; free virtual = 55338
INFO: [Project 1-111] Unisim Transformation Summary:
No Unisim elements were transformed.

Constraint Validation Runtime : Time (s): cpu = 00:00:08 ; elapsed = 00:00:02 . Memory (MB): peak = 5454.117 ; gain = 0.000 ; free physical = 7041 ; free virtual = 55338
---------------------------------------------------------------------------------
Finished Constraint Validation : Time (s): cpu = 00:03:59 ; elapsed = 00:03:46 . Memory (MB): peak = 5454.117 ; gain = 3062.195 ; free physical = 7029 ; free virtual = 55327
---------------------------------------------------------------------------------
WARNING: [Synth 8-3936] Found unconnected internal register 's2_pr_reg' and it is trimmed from '49' to '32' bits. [/home/orencollaco/GitHub/llama.vhdl/rtl/attn_twiddle.vhd:310]
WARNING: [Synth 8-6040] Register s4_is_reg_rep driving address of a ROM cannot be packed in BRAM/URAM because of presence of initial value.
WARNING: [Synth 8-6040] Register s4_is_reg driving address of a ROM cannot be packed in BRAM/URAM because of presence of initial value.
WARNING: [Synth 8-6040] Register s4_ic_reg_rep driving address of a ROM cannot be packed in BRAM/URAM because of presence of initial value.
WARNING: [Synth 8-6040] Register s4_ic_reg driving address of a ROM cannot be packed in BRAM/URAM because of presence of initial value.
INFO: [Synth 8-802] inferred FSM for state register 'state_reg' in module 'attn_twiddle'
INFO: [Synth 8-802] inferred FSM for state register 'state_reg' in module 'attn_rope'
INFO: [Synth 8-802] inferred FSM for state register 'state_reg' in module 'attn_kv_quant'
INFO: [Synth 8-802] inferred FSM for state register 'state_reg' in module 'attn_score_q12'
WARNING: [Synth 8-3936] Found unconnected internal register 'sf_b_reg' and it is trimmed from '39' to '38' bits. [/home/orencollaco/GitHub/llama.vhdl/rtl/attn_softmax.vhd:727]
WARNING: [Synth 8-3936] Found unconnected internal register 'sf_reg' and it is trimmed from '39' to '38' bits. [/home/orencollaco/GitHub/llama.vhdl/rtl/attn_softmax.vhd:722]
WARNING: [Synth 8-3936] Found unconnected internal register 'k_sl_reg' and it is trimmed from '27' to '9' bits. [/home/orencollaco/GitHub/llama.vhdl/rtl/attn_softmax.vhd:678]
WARNING: [Synth 8-3936] Found unconnected internal register 'f_sum_reg' and it is trimmed from '32' to '31' bits. [/home/orencollaco/GitHub/llama.vhdl/rtl/attn_softmax.vhd:704]
WARNING: [Synth 8-3936] Found unconnected internal register 'x9_sum_reg' and it is trimmed from '32' to '31' bits. [/home/orencollaco/GitHub/llama.vhdl/rtl/attn_softmax.vhd:576]
WARNING: [Synth 8-6040] Register rom_ix_reg driving address of a ROM cannot be packed in BRAM/URAM because of presence of initial value.
INFO: [Synth 8-802] inferred FSM for state register 'state_reg' in module 'attn_recip'
WARNING: [Synth 8-3936] Found unconnected internal register 's13_sum_reg' and it is trimmed from '32' to '31' bits. [/home/orencollaco/GitHub/llama.vhdl/rtl/attn_gate.vhd:677]
WARNING: [Synth 8-3936] Found unconnected internal register 's6_z_reg' and it is trimmed from '32' to '17' bits. [/home/orencollaco/GitHub/llama.vhdl/rtl/attn_gate.vhd:594]
WARNING: [Synth 8-6040] Register s8_idx_reg_rep driving address of a ROM cannot be packed in BRAM/URAM because of presence of initial value.
INFO: [Synth 8-802] inferred FSM for state register 'state_reg' in module 'attn_gate'
---------------------------------------------------------------------------------------------------
                   State |                     New Encoding |                Previous Encoding 
---------------------------------------------------------------------------------------------------
                  s_idle |                               00 |                               00
                   s_run |                               01 |                               01
                 s_drain |                               10 |                               10
                  s_done |                               11 |                               11
---------------------------------------------------------------------------------------------------
INFO: [Synth 8-3354] encoded FSM with state register 'state_reg' using encoding 'sequential' in module 'attn_twiddle'
INFO: [Synth 8-6904] The RAM "attn_rope:/buf_reg" of size (depth=32 x width=16) is automatically implemented using LUTRAM. BRAM implementation would be inefficient 
INFO: [Synth 8-6904] The RAM "attn_rope:/tw_c_reg" of size (depth=32 x width=16) is automatically implemented using LUTRAM. BRAM implementation would be inefficient 
INFO: [Synth 8-6904] The RAM "attn_rope:/tw_s_reg" of size (depth=32 x width=16) is automatically implemented using LUTRAM. BRAM implementation would be inefficient 
INFO: [Synth 8-6904] The RAM "attn_rope:/buf2_reg" of size (depth=32 x width=16) is automatically implemented using LUTRAM. BRAM implementation would be inefficient 
---------------------------------------------------------------------------------------------------
                   State |                     New Encoding |                Previous Encoding 
---------------------------------------------------------------------------------------------------
                 iSTATE5 |                              110 |                              000
                  iSTATE |                              111 |                              001
                 iSTATE1 |                              100 |                              010
                 iSTATE2 |                              011 |                              011
                 iSTATE3 |                              010 |                              100
                 iSTATE4 |                              000 |                              101
                 iSTATE0 |                              001 |                              110
                 iSTATE6 |                              101 |                              111
---------------------------------------------------------------------------------------------------
INFO: [Synth 8-3354] encoded FSM with state register 'state_reg' using encoding 'sequential' in module 'attn_rope'
INFO: [Synth 8-6904] The RAM "attn_kv_quant:/sh_arr_reg" of size (depth=8 x width=4) is automatically implemented using LUTRAM. BRAM implementation would be inefficient 
INFO: [Synth 8-6904] The RAM "attn_kv_quant:/bias_arr_reg" of size (depth=8 x width=18) is automatically implemented using LUTRAM. BRAM implementation would be inefficient 
---------------------------------------------------------------------------------------------------
                   State |                     New Encoding |                Previous Encoding 
---------------------------------------------------------------------------------------------------
                  s_idle |                              000 |                              000
                  s_amax |                              001 |                              001
                  s_fin1 |                              010 |                              010
                  s_fin2 |                              011 |                              011
                  s_fin3 |                              100 |                              100
                 s_vfold |                              101 |                              101
                  s_emit |                              110 |                              110
                  s_done |                              111 |                              111
---------------------------------------------------------------------------------------------------
INFO: [Synth 8-3354] encoded FSM with state register 'state_reg' using encoding 'sequential' in module 'attn_kv_quant'
---------------------------------------------------------------------------------------------------
                   State |                     New Encoding |                Previous Encoding 
---------------------------------------------------------------------------------------------------
                  s_idle |                       0000000001 |                             0000
                  s_emin |                       0000000010 |                             0001
                s_shifts |                       0000000100 |                             0010
                   s_acc |                       0000001000 |                             0011
                  s_exp1 |                       0000010000 |                             0100
                  s_exp2 |                       0000100000 |                             0101
                    s_sh |                       0001000000 |                             0110
                    s_q1 |                       0010000000 |                             0111
                    s_q2 |                       0100000000 |                             1000
                  s_done |                       1000000000 |                             1001
---------------------------------------------------------------------------------------------------
INFO: [Synth 8-3354] encoded FSM with state register 'state_reg' using encoding 'one-hot' in module 'attn_score_q12'
---------------------------------------------------------------------------------------------------
                   State |                     New Encoding |                Previous Encoding 
---------------------------------------------------------------------------------------------------
                  s_idle |                       0000000001 |                             0000
                   s_msb |                       0000000010 |                             0001
                  s_zero |                       0000000100 |                             0111
                    s_sh |                       0000001000 |                             0010
                   s_num |                       0000010000 |                             0011
                   s_div |                       0000100000 |                             0100
                  s_wait |                       0001000000 |                             0101
                   s_sat |                       0010000000 |                             0110
                   s_out |                       0100000000 |                             1000
                  s_done |                       1000000000 |                             1001
---------------------------------------------------------------------------------------------------
INFO: [Synth 8-3354] encoded FSM with state register 'state_reg' using encoding 'one-hot' in module 'attn_recip'
---------------------------------------------------------------------------------------------------
                   State |                     New Encoding |                Previous Encoding 
---------------------------------------------------------------------------------------------------
                  s_idle |                              000 |                              000
                  s_cfg1 |                              001 |                              001
                  s_cfg2 |                              010 |                              010
                  s_cfg3 |                              011 |                              011
                   s_run |                              100 |                              100
                 s_drain |                              101 |                              101
                  s_done |                              110 |                              110
---------------------------------------------------------------------------------------------------
INFO: [Synth 8-3354] encoded FSM with state register 'state_reg' using encoding 'sequential' in module 'attn_gate'
INFO: [Synth 8-6904] The RAM "attn_emit:/sh_a_reg" of size (depth=4 x width=6) is automatically implemented using LUTRAM. BRAM implementation would be inefficient 
INFO: [Synth 8-5555] Implemented Block Ram Cascade chain of height 2 and width 18 for RAM "attn_block/ypre_reg"
INFO: [Synth 8-7030] Implemented Non-Cascaded Block Ram (cascade_height = 1) of width 6 for RAM "attn_block/ypre_reg"
---------------------------------------------------------------------------------
Finished RTL Optimization Phase 2 : Time (s): cpu = 00:04:59 ; elapsed = 00:04:50 . Memory (MB): peak = 5454.117 ; gain = 3062.195 ; free physical = 1671 ; free virtual = 47452
---------------------------------------------------------------------------------
# Minor page faults: 1.01809e+06 Major page faults: 112377
# Thrashing Detected!
# Process may be trying to use more memory than is available
# (memory might be consumed by other processes or file cache).
# Minor page faults: 1.0181e+06 Major page faults: 112541
# Thrashing Detected!
# Process may be trying to use more memory than is available
# (memory might be consumed by other processes or file cache).
# Minor page faults: 1.0181e+06 Major page faults: 115857
# Thrashing Detected!
# Process may be trying to use more memory than is available
# (memory might be consumed by other processes or file cache).
# Minor page faults: 1.01815e+06 Major page faults: 118565
# Thrashing Detected!
# Process may be trying to use more memory than is available
# (memory might be consumed by other processes or file cache).
# Minor page faults: 1.01815e+06 Major page faults: 119812
# Thrashing Detected!
# Process may be trying to use more memory than is available
# (memory might be consumed by other processes or file cache).
# Minor page faults: 1.01823e+06 Major page faults: 121126
# Thrashing Detected!
# Process may be trying to use more memory than is available
# (memory might be consumed by other processes or file cache).
# Minor page faults: 1.01838e+06 Major page faults: 122131
# Thrashing Detected!
# Process may be trying to use more memory than is available
# (memory might be consumed by other processes or file cache).
# Minor page faults: 1.01838e+06 Major page faults: 122132
# Thrashing Detected!
# Process may be trying to use more memory than is available
# (memory might be consumed by other processes or file cache).
# Minor page faults: 1.01839e+06 Major page faults: 123183
# Thrashing Detected!
# Process may be trying to use more memory than is available
# (memory might be consumed by other processes or file cache).
# Minor page faults: 1.01839e+06 Major page faults: 124018
# Thrashing Detected!
# Process may be trying to use more memory than is available
# (memory might be consumed by other processes or file cache).
# Minor page faults: 1.01839e+06 Major page faults: 124018
# Thrashing Detected!
# Process may be trying to use more memory than is available
# (memory might be consumed by other processes or file cache).
# Minor page faults: 1.01839e+06 Major page faults: 124800
# Thrashing Detected!
# Process may be trying to use more memory than is available
# (memory might be consumed by other processes or file cache).
# Minor page faults: 1.01839e+06 Major page faults: 124844
# Thrashing Detected!
# Process may be trying to use more memory than is available
# (memory might be consumed by other processes or file cache).
# Minor page faults: 1.01839e+06 Major page faults: 124923
# Thrashing Detected!
# Process may be trying to use more memory than is available
# (memory might be consumed by other processes or file cache).
# Minor page faults: 1.01839e+06 Major page faults: 124927
# Thrashing Detected!
# Process may be trying to use more memory than is available
# (memory might be consumed by other processes or file cache).
# Minor page faults: 1.01839e+06 Major page faults: 124962
# Thrashing Detected!
# Process may be trying to use more memory than is available
# (memory might be consumed by other processes or file cache).
# Minor page faults: 1.01839e+06 Major page faults: 125324
# Thrashing Detected!
# Process may be trying to use more memory than is available
# (memory might be consumed by other processes or file cache).
# Minor page faults: 1.01839e+06 Major page faults: 126407
# Thrashing Detected!
# Process may be trying to use more memory than is available
# (memory might be consumed by other processes or file cache).
# Minor page faults: 1.01839e+06 Major page faults: 127224
# Thrashing Detected!
# Process may be trying to use more memory than is available
# (memory might be consumed by other processes or file cache).
# Minor page faults: 1.01839e+06 Major page faults: 128612
# Thrashing Detected!
# Process may be trying to use more memory than is available
# (memory might be consumed by other processes or file cache).
# Minor page faults: 1.01839e+06 Major page faults: 128756
# Thrashing Detected!
# Process may be trying to use more memory than is available
# (memory might be consumed by other processes or file cache).
# Minor page faults: 1.01839e+06 Major page faults: 129273
# Thrashing Detected!
# Process may be trying to use more memory than is available
# (memory might be consumed by other processes or file cache).
# Minor page faults: 1.01839e+06 Major page faults: 129573
# Thrashing Detected!
# Process may be trying to use more memory than is available
# (memory might be consumed by other processes or file cache).
---------------------------------------------------------------------------------
Start RTL Component Statistics 
---------------------------------------------------------------------------------
Detailed RTL Component Info : 
+---Adders : 
	   2 Input   66 Bit       Adders := 1     
	   2 Input   65 Bit       Adders := 1     
	   2 Input   64 Bit       Adders := 7     
	  32 Input   56 Bit       Adders := 4     
	   2 Input   53 Bit       Adders := 1     
	   2 Input   50 Bit       Adders := 128   
	   2 Input   37 Bit       Adders := 128   
	   3 Input   35 Bit       Adders := 8     
	   2 Input   34 Bit       Adders := 15    
	   4 Input   32 Bit       Adders := 1     
	   2 Input   32 Bit       Adders := 10    
	   2 Input   31 Bit       Adders := 17    
	   2 Input   27 Bit       Adders := 4     
	   3 Input   26 Bit       Adders := 4     
	   2 Input   26 Bit       Adders := 1     
	   2 Input   25 Bit       Adders := 1     
	   3 Input   24 Bit       Adders := 1     
	   2 Input   18 Bit       Adders := 2     
	   2 Input   17 Bit       Adders := 8     
	   2 Input   16 Bit       Adders := 6     
	   2 Input   13 Bit       Adders := 10    
	   2 Input   11 Bit       Adders := 9     
	   3 Input   10 Bit       Adders := 7     
	   2 Input   10 Bit       Adders := 1     
	   2 Input    9 Bit       Adders := 12    
	   3 Input    9 Bit       Adders := 2     
	   3 Input    8 Bit       Adders := 2     
	   2 Input    8 Bit       Adders := 4     
	   2 Input    7 Bit       Adders := 7     
	   2 Input    6 Bit       Adders := 10    
	   2 Input    5 Bit       Adders := 6     
	   2 Input    4 Bit       Adders := 6     
	   4 Input    4 Bit       Adders := 4     
	   2 Input    3 Bit       Adders := 14    
	   2 Input    2 Bit       Adders := 2     
+---Registers : 
	             4096 Bit    Registers := 8     
	              256 Bit    Registers := 1     
	              128 Bit    Registers := 1     
	               66 Bit    Registers := 3     
	               64 Bit    Registers := 21    
	               63 Bit    Registers := 1     
	               53 Bit    Registers := 4     
	               52 Bit    Registers := 1     
	               50 Bit    Registers := 128   
	               48 Bit    Registers := 3     
	               44 Bit    Registers := 4     
	               36 Bit    Registers := 1155  
	               35 Bit    Registers := 12    
	               34 Bit    Registers := 22    
	               32 Bit    Registers := 41    
	               31 Bit    Registers := 38    
	               28 Bit    Registers := 2     
	               26 Bit    Registers := 9     
	               25 Bit    Registers := 2     
	               24 Bit    Registers := 20    
	               22 Bit    Registers := 2     
	               18 Bit    Registers := 10    
	               17 Bit    Registers := 16    
	               16 Bit    Registers := 806   
	               15 Bit    Registers := 8     
	               14 Bit    Registers := 129   
	               13 Bit    Registers := 30    
	               12 Bit    Registers := 10    
	               11 Bit    Registers := 5     
	               10 Bit    Registers := 5     
	                9 Bit    Registers := 28    
	                8 Bit    Registers := 635   
	                6 Bit    Registers := 55    
	                5 Bit    Registers := 23    
	                4 Bit    Registers := 19    
	                3 Bit    Registers := 25    
	                2 Bit    Registers := 10    
	                1 Bit    Registers := 243   
+---Multipliers : 
	              31x32  Multipliers := 1     
	              17x36  Multipliers := 1     
	              14x36  Multipliers := 128   
	              16x32  Multipliers := 1     
	              17x32  Multipliers := 1     
+---RAMs : 
	              96K Bit	(4096 X 24 bit)          RAMs := 1     
	              512 Bit	(32 X 16 bit)          RAMs := 4     
	              144 Bit	(8 X 18 bit)          RAMs := 1     
	               32 Bit	(8 X 4 bit)          RAMs := 1     
	               24 Bit	(4 X 6 bit)          RAMs := 1     
+---ROMs : 
	                    ROMs := 18    
+---Muxes : 
	   2 Input 4096 Bit        Muxes := 1     
	   2 Input  256 Bit        Muxes := 1     
	   4 Input   66 Bit        Muxes := 1     
	   2 Input   64 Bit        Muxes := 13    
	  21 Input   64 Bit        Muxes := 1     
	  38 Input   64 Bit        Muxes := 2     
	  21 Input   63 Bit        Muxes := 1     
	   2 Input   63 Bit        Muxes := 1     
	   2 Input   53 Bit        Muxes := 1     
	   2 Input   48 Bit        Muxes := 1     
	   2 Input   44 Bit        Muxes := 1     
	   2 Input   36 Bit        Muxes := 896   
	   4 Input   36 Bit        Muxes := 128   
	   2 Input   34 Bit        Muxes := 4     
	  10 Input   34 Bit        Muxes := 4     
	  18 Input   34 Bit        Muxes := 4     
	   2 Input   32 Bit        Muxes := 39    
	  63 Input   32 Bit        Muxes := 2     
	   2 Input   31 Bit        Muxes := 2     
	   2 Input   26 Bit        Muxes := 9     
	   4 Input   26 Bit        Muxes := 5     
	  26 Input   26 Bit        Muxes := 1     
	   2 Input   25 Bit        Muxes := 1     
	  10 Input   25 Bit        Muxes := 1     
	  25 Input   25 Bit        Muxes := 1     
	   2 Input   24 Bit        Muxes := 4     
	   2 Input   18 Bit        Muxes := 2     
	   2 Input   17 Bit        Muxes := 2     
	   8 Input   17 Bit        Muxes := 1     
	  17 Input   17 Bit        Muxes := 1     
	   2 Input   16 Bit        Muxes := 273   
	   5 Input   16 Bit        Muxes := 1     
	  18 Input   16 Bit        Muxes := 4     
	  10 Input   16 Bit        Muxes := 1     
	   7 Input   16 Bit        Muxes := 1     
	  38 Input   16 Bit        Muxes := 256   
	   2 Input   15 Bit        Muxes := 5     
	   2 Input   14 Bit        Muxes := 256   
	   3 Input   13 Bit        Muxes := 4     
	   4 Input   13 Bit        Muxes := 4     
	   2 Input   13 Bit        Muxes := 11    
	  10 Input   13 Bit        Muxes := 1     
	  38 Input   13 Bit        Muxes := 1     
	  10 Input   12 Bit        Muxes := 1     
	   2 Input   12 Bit        Muxes := 1     
	  10 Input   11 Bit        Muxes := 5     
	   2 Input   11 Bit        Muxes := 3     
	  10 Input   10 Bit        Muxes := 1     
	   2 Input   10 Bit        Muxes := 2     
	  21 Input    9 Bit        Muxes := 5     
	   2 Input    9 Bit        Muxes := 14    
	   8 Input    9 Bit        Muxes := 3     
	  18 Input    9 Bit        Muxes := 4     
	   7 Input    9 Bit        Muxes := 1     
	   6 Input    9 Bit        Muxes := 1     
	   2 Input    8 Bit        Muxes := 1100  
	   5 Input    8 Bit        Muxes := 1     
	   8 Input    8 Bit        Muxes := 2     
	  10 Input    8 Bit        Muxes := 5     
	   4 Input    8 Bit        Muxes := 1     
	   2 Input    7 Bit        Muxes := 1     
	   2 Input    6 Bit        Muxes := 25    
	   4 Input    6 Bit        Muxes := 4     
	   8 Input    6 Bit        Muxes := 2     
	  21 Input    5 Bit        Muxes := 1     
	   2 Input    5 Bit        Muxes := 4     
	   8 Input    5 Bit        Muxes := 1     
	   2 Input    4 Bit        Muxes := 19    
	   4 Input    4 Bit        Muxes := 5     
	  10 Input    4 Bit        Muxes := 4     
	   3 Input    4 Bit        Muxes := 4     
	   5 Input    4 Bit        Muxes := 1     
	  38 Input    4 Bit        Muxes := 1     
	   6 Input    4 Bit        Muxes := 1     
	  11 Input    4 Bit        Muxes := 1     
	   2 Input    3 Bit        Muxes := 16    
	   8 Input    3 Bit        Muxes := 6     
	   7 Input    3 Bit        Muxes := 3     
	  10 Input    3 Bit        Muxes := 9     
	  38 Input    3 Bit        Muxes := 4     
	   3 Input    3 Bit        Muxes := 1     
	  13 Input    2 Bit        Muxes := 1     
	   2 Input    2 Bit        Muxes := 9     
	   4 Input    2 Bit        Muxes := 2     
	  18 Input    2 Bit        Muxes := 8     
	  10 Input    2 Bit        Muxes := 2     
	  38 Input    2 Bit        Muxes := 13    
	  21 Input    1 Bit        Muxes := 45    
	  13 Input    1 Bit        Muxes := 5     
	   2 Input    1 Bit        Muxes := 2373  
	   4 Input    1 Bit        Muxes := 1062  
	 129 Input    1 Bit        Muxes := 2     
	   5 Input    1 Bit        Muxes := 16    
	   3 Input    1 Bit        Muxes := 7     
	   8 Input    1 Bit        Muxes := 51    
	  10 Input    1 Bit        Muxes := 191   
	  18 Input    1 Bit        Muxes := 84    
	   7 Input    1 Bit        Muxes := 13    
	  38 Input    1 Bit        Muxes := 370   
	  12 Input    1 Bit        Muxes := 1     
	   6 Input    1 Bit        Muxes := 1     
---------------------------------------------------------------------------------
Finished RTL Component Statistics 
---------------------------------------------------------------------------------
---------------------------------------------------------------------------------
Start Part Resource Summary
---------------------------------------------------------------------------------
Part Resources:
DSPs: 2880 (col length:90)
BRAMs: 1344 (col length: RAMB18 96 RAMB36 48)
---------------------------------------------------------------------------------
Finished Part Resource Summary
---------------------------------------------------------------------------------
---------------------------------------------------------------------------------
Start Cross Boundary and Area Optimization
---------------------------------------------------------------------------------
DSP Report: Generating DSP p_reg_reg[21]0, operation Mode is: A2*B.
DSP Report: register p_reg_reg[21]0 is absorbed into DSP p_reg_reg[21]0.
DSP Report: operator p_reg_reg[21]0 is absorbed into DSP p_reg_reg[21]0.
DSP Report: operator p_reg_reg[21]0 is absorbed into DSP p_reg_reg[21]0.
DSP Report: Generating DSP p_reg_reg[21], operation Mode is: (PCIN>>17)+A*B.
DSP Report: register p_reg_reg[21] is absorbed into DSP p_reg_reg[21].
DSP Report: operator p_reg_reg[21]0 is absorbed into DSP p_reg_reg[21].
DSP Report: operator p_reg_reg[21]0 is absorbed into DSP p_reg_reg[21].
DSP Report: Generating DSP p_reg_reg[10]0, operation Mode is: A2*B2.
DSP Report: register b_reg_reg[10] is absorbed into DSP p_reg_reg[10]0.
DSP Report: register p_reg_reg[10]0 is absorbed into DSP p_reg_reg[10]0.
DSP Report: operator p_reg_reg[10]0 is absorbed into DSP p_reg_reg[10]0.
DSP Report: operator p_reg_reg[10]0 is absorbed into DSP p_reg_reg[10]0.
DSP Report: Generating DSP p_reg_reg[10], operation Mode is: (PCIN>>17)+A*B2.
DSP Report: register b_reg_reg[10] is absorbed into DSP p_reg_reg[10].
DSP Report: register p_reg_reg[10] is absorbed into DSP p_reg_reg[10].
DSP Report: operator p_reg_reg[10]0 is absorbed into DSP p_reg_reg[10].
DSP Report: operator p_reg_reg[10]0 is absorbed into DSP p_reg_reg[10].
DSP Report: Generating DSP p_reg_reg[92]0, operation Mode is: A2*B.
DSP Report: register p_reg_reg[92]0 is absorbed into DSP p_reg_reg[92]0.
DSP Report: operator p_reg_reg[92]0 is absorbed into DSP p_reg_reg[92]0.
DSP Report: operator p_reg_reg[92]0 is absorbed into DSP p_reg_reg[92]0.
DSP Report: Generating DSP p_reg_reg[92], operation Mode is: (PCIN>>17)+A2*B.
DSP Report: register a_reg_reg[92] is absorbed into DSP p_reg_reg[92].
DSP Report: register p_reg_reg[92] is absorbed into DSP p_reg_reg[92].
DSP Report: operator p_reg_reg[92]0 is absorbed into DSP p_reg_reg[92].
DSP Report: operator p_reg_reg[92]0 is absorbed into DSP p_reg_reg[92].
DSP Report: Generating DSP p_reg_reg[70]0, operation Mode is: A2*B.
DSP Report: register p_reg_reg[70]0 is absorbed into DSP p_reg_reg[70]0.
DSP Report: operator p_reg_reg[70]0 is absorbed into DSP p_reg_reg[70]0.
DSP Report: operator p_reg_reg[70]0 is absorbed into DSP p_reg_reg[70]0.
DSP Report: Generating DSP p_reg_reg[70], operation Mode is: (PCIN>>17)+A*B.
DSP Report: register p_reg_reg[70] is absorbed into DSP p_reg_reg[70].
DSP Report: operator p_reg_reg[70]0 is absorbed into DSP p_reg_reg[70].
DSP Report: operator p_reg_reg[70]0 is absorbed into DSP p_reg_reg[70].
DSP Report: Generating DSP p_reg_reg[58]0, operation Mode is: A2*B2.
DSP Report: register b_reg_reg[58] is absorbed into DSP p_reg_reg[58]0.
DSP Report: register p_reg_reg[58]0 is absorbed into DSP p_reg_reg[58]0.
DSP Report: operator p_reg_reg[58]0 is absorbed into DSP p_reg_reg[58]0.
DSP Report: operator p_reg_reg[58]0 is absorbed into DSP p_reg_reg[58]0.
DSP Report: Generating DSP p_reg_reg[58], operation Mode is: (PCIN>>17)+A2*B2.
DSP Report: register b_reg_reg[58] is absorbed into DSP p_reg_reg[58].
DSP Report: register a_reg_reg[58] is absorbed into DSP p_reg_reg[58].
DSP Report: register p_reg_reg[58] is absorbed into DSP p_reg_reg[58].
DSP Report: operator p_reg_reg[58]0 is absorbed into DSP p_reg_reg[58].
DSP Report: operator p_reg_reg[58]0 is absorbed into DSP p_reg_reg[58].
DSP Report: Generating DSP p_reg_reg[66]0, operation Mode is: A2*B2.
DSP Report: register b_reg_reg[66] is absorbed into DSP p_reg_reg[66]0.
DSP Report: register p_reg_reg[66]0 is absorbed into DSP p_reg_reg[66]0.
DSP Report: operator p_reg_reg[66]0 is absorbed into DSP p_reg_reg[66]0.
DSP Report: operator p_reg_reg[66]0 is absorbed into DSP p_reg_reg[66]0.
DSP Report: Generating DSP p_reg_reg[66], operation Mode is: (PCIN>>17)+A2*B2.
DSP Report: register b_reg_reg[66] is absorbed into DSP p_reg_reg[66].
DSP Report: register a_reg_reg[66] is absorbed into DSP p_reg_reg[66].
DSP Report: register p_reg_reg[66] is absorbed into DSP p_reg_reg[66].
DSP Report: operator p_reg_reg[66]0 is absorbed into DSP p_reg_reg[66].
DSP Report: operator p_reg_reg[66]0 is absorbed into DSP p_reg_reg[66].
DSP Report: Generating DSP p_reg_reg[69]0, operation Mode is: A2*B2.
DSP Report: register b_reg_reg[69] is absorbed into DSP p_reg_reg[69]0.
DSP Report: register p_reg_reg[69]0 is absorbed into DSP p_reg_reg[69]0.
DSP Report: operator p_reg_reg[69]0 is absorbed into DSP p_reg_reg[69]0.
DSP Report: operator p_reg_reg[69]0 is absorbed into DSP p_reg_reg[69]0.
DSP Report: Generating DSP p_reg_reg[69], operation Mode is: (PCIN>>17)+A2*B2.
DSP Report: register b_reg_reg[69] is absorbed into DSP p_reg_reg[69].
DSP Report: register a_reg_reg[69] is absorbed into DSP p_reg_reg[69].
DSP Report: register p_reg_reg[69] is absorbed into DSP p_reg_reg[69].
DSP Report: operator p_reg_reg[69]0 is absorbed into DSP p_reg_reg[69].
DSP Report: operator p_reg_reg[69]0 is absorbed into DSP p_reg_reg[69].
DSP Report: Generating DSP p_reg_reg[76]0, operation Mode is: A2*B2.
DSP Report: register b_reg_reg[76] is absorbed into DSP p_reg_reg[76]0.
DSP Report: register p_reg_reg[76]0 is absorbed into DSP p_reg_reg[76]0.
DSP Report: operator p_reg_reg[76]0 is absorbed into DSP p_reg_reg[76]0.
DSP Report: operator p_reg_reg[76]0 is absorbed into DSP p_reg_reg[76]0.
DSP Report: Generating DSP p_reg_reg[76], operation Mode is: (PCIN>>17)+A2*B2.
DSP Report: register b_reg_reg[76] is absorbed into DSP p_reg_reg[76].
DSP Report: register a_reg_reg[76] is absorbed into DSP p_reg_reg[76].
DSP Report: register p_reg_reg[76] is absorbed into DSP p_reg_reg[76].
DSP Report: operator p_reg_reg[76]0 is absorbed into DSP p_reg_reg[76].
DSP Report: operator p_reg_reg[76]0 is absorbed into DSP p_reg_reg[76].
DSP Report: Generating DSP p_reg_reg[79]0, operation Mode is: A2*B2.
DSP Report: register b_reg_reg[79] is absorbed into DSP p_reg_reg[79]0.
DSP Report: register p_reg_reg[79]0 is absorbed into DSP p_reg_reg[79]0.
DSP Report: operator p_reg_reg[79]0 is absorbed into DSP p_reg_reg[79]0.
DSP Report: operator p_reg_reg[79]0 is absorbed into DSP p_reg_reg[79]0.
DSP Report: Generating DSP p_reg_reg[79], operation Mode is: (PCIN>>17)+A2*B2.
DSP Report: register b_reg_reg[79] is absorbed into DSP p_reg_reg[79].
DSP Report: register a_reg_reg[79] is absorbed into DSP p_reg_reg[79].
DSP Report: register p_reg_reg[79] is absorbed into DSP p_reg_reg[79].
DSP Report: operator p_reg_reg[79]0 is absorbed into DSP p_reg_reg[79].
DSP Report: operator p_reg_reg[79]0 is absorbed into DSP p_reg_reg[79].
DSP Report: Generating DSP p_reg_reg[0]0, operation Mode is: A2*B2.
DSP Report: register b_reg_reg[0] is absorbed into DSP p_reg_reg[0]0.
DSP Report: register p_reg_reg[0]0 is absorbed into DSP p_reg_reg[0]0.
DSP Report: operator p_reg_reg[0]0 is absorbed into DSP p_reg_reg[0]0.
DSP Report: operator p_reg_reg[0]0 is absorbed into DSP p_reg_reg[0]0.
DSP Report: Generating DSP p_reg_reg[0], operation Mode is: (PCIN>>17)+A2*B2.
DSP Report: register b_reg_reg[0] is absorbed into DSP p_reg_reg[0].
DSP Report: register a_reg_reg[0] is absorbed into DSP p_reg_reg[0].
DSP Report: register p_reg_reg[0] is absorbed into DSP p_reg_reg[0].
DSP Report: operator p_reg_reg[0]0 is absorbed into DSP p_reg_reg[0].
DSP Report: operator p_reg_reg[0]0 is absorbed into DSP p_reg_reg[0].
DSP Report: Generating DSP p_reg_reg[36]0, operation Mode is: A2*B2.
DSP Report: register b_reg_reg[36] is absorbed into DSP p_reg_reg[36]0.
DSP Report: register p_reg_reg[36]0 is absorbed into DSP p_reg_reg[36]0.
DSP Report: operator p_reg_reg[36]0 is absorbed into DSP p_reg_reg[36]0.
DSP Report: operator p_reg_reg[36]0 is absorbed into DSP p_reg_reg[36]0.
DSP Report: Generating DSP p_reg_reg[36], operation Mode is: (PCIN>>17)+A2*B2.
DSP Report: register b_reg_reg[36] is absorbed into DSP p_reg_reg[36].
DSP Report: register a_reg_reg[36] is absorbed into DSP p_reg_reg[36].
DSP Report: register p_reg_reg[36] is absorbed into DSP p_reg_reg[36].
DSP Report: operator p_reg_reg[36]0 is absorbed into DSP p_reg_reg[36].
DSP Report: operator p_reg_reg[36]0 is absorbed into DSP p_reg_reg[36].
DSP Report: Generating DSP p_reg_reg[61]0, operation Mode is: A2*B.
DSP Report: register p_reg_reg[61]0 is absorbed into DSP p_reg_reg[61]0.
DSP Report: operator p_reg_reg[61]0 is absorbed into DSP p_reg_reg[61]0.
DSP Report: operator p_reg_reg[61]0 is absorbed into DSP p_reg_reg[61]0.
DSP Report: Generating DSP p_reg_reg[61], operation Mode is: (PCIN>>17)+A2*B.
DSP Report: register a_reg_reg[61] is absorbed into DSP p_reg_reg[61].
DSP Report: register p_reg_reg[61] is absorbed into DSP p_reg_reg[61].
DSP Report: operator p_reg_reg[61]0 is absorbed into DSP p_reg_reg[61].
DSP Report: operator p_reg_reg[61]0 is absorbed into DSP p_reg_reg[61].
WARNING: [Synth 8-7129] Port p_ready in module attn_mac_array is either unconnected or has no load
INFO: [Synth 8-4471] merging register 'xa_reg[0][15:0]' into 'xa_reg[0][15:0]' [/home/orencollaco/GitHub/llama.vhdl/rtl/rmsnorm_rs.vhd:308]
WARNING: [Synth 8-3936] Found unconnected internal register 'shift_total_reg' and it is trimmed from '32' to '31' bits. [/home/orencollaco/GitHub/llama.vhdl/rtl/rmsnorm_rs.vhd:601]
WARNING: [Synth 8-3936] Found unconnected internal register 'rq_sh_r_reg' and it is trimmed from '32' to '31' bits. [/home/orencollaco/GitHub/llama.vhdl/rtl/rmsnorm_rs.vhd:499]
INFO: [Synth 8-5546] ROM "state" won't be mapped to RAM because it is too sparse
INFO: [Synth 8-5546] ROM "rq_y" won't be mapped to RAM because it is too sparse
INFO: [Synth 8-5587] ROM size for "mr_m" is below threshold of ROM address width. It will be mapped to LUTs
INFO: [Synth 8-5546] ROM "rq_y2" won't be mapped to RAM because it is too sparse
INFO: [Synth 8-5546] ROM "rq_diff" won't be mapped to RAM because it is too sparse
INFO: [Synth 8-5845] Not enough pipeline registers after wide multiplier. Recommended levels of pipeline registers is 4 [/home/orencollaco/GitHub/llama.vhdl/rtl/rmsnorm_rs.vhd:484]
INFO: [Synth 8-5845] Not enough pipeline registers after wide multiplier. Recommended levels of pipeline registers is 2 [/home/orencollaco/GitHub/llama.vhdl/rtl/rmsnorm_rs.vhd:556]
INFO: [Synth 8-5546] ROM "state" won't be mapped to RAM because it is too sparse
INFO: [Synth 8-5546] ROM "rq_y" won't be mapped to RAM because it is too sparse
INFO: [Synth 8-5587] ROM size for "mr_m" is below threshold of ROM address width. It will be mapped to LUTs
INFO: [Synth 8-5546] ROM "rq_y2" won't be mapped to RAM because it is too sparse
INFO: [Synth 8-5546] ROM "rq_diff" won't be mapped to RAM because it is too sparse
DSP Report: Generating DSP sq_reg[0], operation Mode is: (A2*B2)'.
DSP Report: register xa_reg[0] is absorbed into DSP sq_reg[0].
DSP Report: register xa_reg[0] is absorbed into DSP sq_reg[0].
DSP Report: register sq_reg[0] is absorbed into DSP sq_reg[0].
DSP Report: operator ARG is absorbed into DSP sq_reg[0].
DSP Report: Generating DSP ARG, operation Mode is: A2*B2.
DSP Report: register rq_y_reg is absorbed into DSP ARG.
DSP Report: register ARG is absorbed into DSP ARG.
DSP Report: operator ARG is absorbed into DSP ARG.
DSP Report: operator ARG is absorbed into DSP ARG.
DSP Report: Generating DSP ARG, operation Mode is: (PCIN>>17)+A2*B2.
DSP Report: register rq_y_reg is absorbed into DSP ARG.
DSP Report: register rq_y_reg is absorbed into DSP ARG.
DSP Report: operator ARG is absorbed into DSP ARG.
DSP Report: operator ARG is absorbed into DSP ARG.
DSP Report: Generating DSP ARG, operation Mode is: A2*B2.
DSP Report: register ARG is absorbed into DSP ARG.
DSP Report: register ARG is absorbed into DSP ARG.
DSP Report: operator ARG is absorbed into DSP ARG.
DSP Report: operator ARG is absorbed into DSP ARG.
DSP Report: Generating DSP ARG, operation Mode is: (PCIN>>17)+A2*B2.
DSP Report: register ARG is absorbed into DSP ARG.
DSP Report: register rq_y_reg is absorbed into DSP ARG.
DSP Report: operator ARG is absorbed into DSP ARG.
DSP Report: operator ARG is absorbed into DSP ARG.
DSP Report: Generating DSP ARG, operation Mode is: A''*B2.
DSP Report: register rq_smant_reg is absorbed into DSP ARG.
DSP Report: register ARG is absorbed into DSP ARG.
DSP Report: register ARG is absorbed into DSP ARG.
DSP Report: operator ARG is absorbed into DSP ARG.
DSP Report: operator ARG is absorbed into DSP ARG.
DSP Report: Generating DSP ARG, operation Mode is: (PCIN>>17)+A2*B''.
DSP Report: register rq_smant_reg is absorbed into DSP ARG.
DSP Report: register mr_p_reg is absorbed into DSP ARG.
DSP Report: register rq_y2_reg is absorbed into DSP ARG.
DSP Report: operator ARG is absorbed into DSP ARG.
DSP Report: operator ARG is absorbed into DSP ARG.
DSP Report: Generating DSP ARG, operation Mode is: A2*B''.
DSP Report: register ARG is absorbed into DSP ARG.
DSP Report: register ARG is absorbed into DSP ARG.
DSP Report: register ARG is absorbed into DSP ARG.
DSP Report: operator ARG is absorbed into DSP ARG.
DSP Report: operator ARG is absorbed into DSP ARG.
DSP Report: Generating DSP ARG, operation Mode is: (PCIN>>17)+A2*B''.
DSP Report: register mr_p_reg is absorbed into DSP ARG.
DSP Report: register ARG is absorbed into DSP ARG.
DSP Report: register rq_y2_reg is absorbed into DSP ARG.
DSP Report: operator ARG is absorbed into DSP ARG.
DSP Report: operator ARG is absorbed into DSP ARG.
DSP Report: Generating DSP ARG, operation Mode is: A2*B2.
DSP Report: register rq_diff_reg is absorbed into DSP ARG.
DSP Report: register ARG is absorbed into DSP ARG.
DSP Report: operator ARG is absorbed into DSP ARG.
DSP Report: operator ARG is absorbed into DSP ARG.
DSP Report: Generating DSP ARG, operation Mode is: (PCIN>>17)+A2*B2.
DSP Report: register rq_diff_reg is absorbed into DSP ARG.
DSP Report: register rq_y_reg is absorbed into DSP ARG.
DSP Report: operator ARG is absorbed into DSP ARG.
DSP Report: operator ARG is absorbed into DSP ARG.
DSP Report: Generating DSP ARG, operation Mode is: A2*B2.
DSP Report: register ARG is absorbed into DSP ARG.
DSP Report: register ARG is absorbed into DSP ARG.
DSP Report: operator ARG is absorbed into DSP ARG.
DSP Report: operator ARG is absorbed into DSP ARG.
DSP Report: Generating DSP ARG, operation Mode is: (PCIN>>17)+A2*B2.
DSP Report: register rq_y_reg is absorbed into DSP ARG.
DSP Report: register ARG is absorbed into DSP ARG.
DSP Report: operator ARG is absorbed into DSP ARG.
DSP Report: operator ARG is absorbed into DSP ARG.
DSP Report: Generating DSP ARG, operation Mode is: (A:0x13ccd)*B2.
DSP Report: register rq_y_reg is absorbed into DSP ARG.
DSP Report: operator ARG is absorbed into DSP ARG.
DSP Report: operator ARG is absorbed into DSP ARG.
DSP Report: Generating DSP ARG, operation Mode is: (PCIN>>17)+A2*B.
DSP Report: register rq_y_reg is absorbed into DSP ARG.
DSP Report: operator ARG is absorbed into DSP ARG.
DSP Report: operator ARG is absorbed into DSP ARG.
DSP Report: Generating DSP ARG, operation Mode is: A2*(B:0x13ccd).
DSP Report: register ARG is absorbed into DSP ARG.
DSP Report: operator ARG is absorbed into DSP ARG.
DSP Report: operator ARG is absorbed into DSP ARG.
DSP Report: Generating DSP ARG, operation Mode is: (PCIN>>17)+A2*B.
DSP Report: register ARG is absorbed into DSP ARG.
DSP Report: operator ARG is absorbed into DSP ARG.
DSP Report: operator ARG is absorbed into DSP ARG.
DSP Report: Generating DSP ARG, operation Mode is: A2*B2.
DSP Report: register xf_reg[0] is absorbed into DSP ARG.
DSP Report: register ARG is absorbed into DSP ARG.
DSP Report: operator ARG is absorbed into DSP ARG.
DSP Report: operator ARG is absorbed into DSP ARG.
DSP Report: Generating DSP ARG, operation Mode is: (PCIN>>17)+A2*B2.
DSP Report: register xf_reg[0] is absorbed into DSP ARG.
DSP Report: register inv32_reg is absorbed into DSP ARG.
DSP Report: operator ARG is absorbed into DSP ARG.
DSP Report: operator ARG is absorbed into DSP ARG.
DSP Report: Generating DSP ARG, operation Mode is: A''*B2.
DSP Report: register ARG is absorbed into DSP ARG.
DSP Report: register ARG is absorbed into DSP ARG.
DSP Report: register ARG is absorbed into DSP ARG.
DSP Report: operator ARG is absorbed into DSP ARG.
DSP Report: operator ARG is absorbed into DSP ARG.
DSP Report: Generating DSP ARG, operation Mode is: A2*B''.
DSP Report: register ARG is absorbed into DSP ARG.
DSP Report: register ARG is absorbed into DSP ARG.
DSP Report: register ARG is absorbed into DSP ARG.
DSP Report: operator ARG is absorbed into DSP ARG.
DSP Report: operator ARG is absorbed into DSP ARG.
DSP Report: Generating DSP ARG, operation Mode is: (PCIN>>17)+A2*B''.
DSP Report: register ARG is absorbed into DSP ARG.
DSP Report: register ARG is absorbed into DSP ARG.
DSP Report: register ARG is absorbed into DSP ARG.
DSP Report: operator ARG is absorbed into DSP ARG.
DSP Report: operator ARG is absorbed into DSP ARG.
INFO: [Synth 8-3333] propagating constant 0 across sequential element (\sh_r_reg[0] )
INFO: [Synth 8-3886] merging instance 'num_r_reg[11]' (FDE) to 'num_r_reg[0]'
INFO: [Synth 8-3886] merging instance 'num_r_reg[10]' (FDE) to 'num_r_reg[0]'
INFO: [Synth 8-3886] merging instance 'num_r_reg[9]' (FDE) to 'num_r_reg[0]'
INFO: [Synth 8-3886] merging instance 'num_r_reg[8]' (FDE) to 'num_r_reg[0]'
INFO: [Synth 8-3886] merging instance 'num_r_reg[6]' (FDE) to 'num_r_reg[0]'
INFO: [Synth 8-3886] merging instance 'num_r_reg[5]' (FDE) to 'num_r_reg[0]'
INFO: [Synth 8-3886] merging instance 'num_r_reg[4]' (FDE) to 'num_r_reg[0]'
INFO: [Synth 8-3886] merging instance 'num_r_reg[3]' (FDE) to 'num_r_reg[0]'
INFO: [Synth 8-3886] merging instance 'num_r_reg[2]' (FDE) to 'num_r_reg[0]'
INFO: [Synth 8-3886] merging instance 'num_r_reg[1]' (FDE) to 'num_r_reg[0]'
INFO: [Synth 8-3886] merging instance 'num_r_reg[0]' (FDE) to 'num_r_reg[7]'
INFO: [Synth 8-3333] propagating constant 0 across sequential element (\num_r_reg[7] )
INFO: [Synth 8-3886] merging instance 'msb_p_reg[31]' (FDE) to 'msb_p_reg[30]'
INFO: [Synth 8-3886] merging instance 'msb_p_reg[6]' (FDE) to 'msb_p_reg[30]'
INFO: [Synth 8-3886] merging instance 'msb_p_reg[7]' (FDE) to 'msb_p_reg[30]'
INFO: [Synth 8-3886] merging instance 'msb_p_reg[8]' (FDE) to 'msb_p_reg[30]'
INFO: [Synth 8-3886] merging instance 'msb_p_reg[9]' (FDE) to 'msb_p_reg[30]'
INFO: [Synth 8-3886] merging instance 'msb_p_reg[10]' (FDE) to 'msb_p_reg[30]'
INFO: [Synth 8-3886] merging instance 'msb_p_reg[11]' (FDE) to 'msb_p_reg[30]'
INFO: [Synth 8-3886] merging instance 'msb_p_reg[12]' (FDE) to 'msb_p_reg[30]'
INFO: [Synth 8-3886] merging instance 'msb_p_reg[13]' (FDE) to 'msb_p_reg[30]'
INFO: [Synth 8-3886] merging instance 'msb_p_reg[14]' (FDE) to 'msb_p_reg[30]'
INFO: [Synth 8-3886] merging instance 'msb_p_reg[15]' (FDE) to 'msb_p_reg[30]'
INFO: [Synth 8-3886] merging instance 'msb_p_reg[16]' (FDE) to 'msb_p_reg[30]'
INFO: [Synth 8-3886] merging instance 'msb_p_reg[17]' (FDE) to 'msb_p_reg[30]'
INFO: [Synth 8-3886] merging instance 'msb_p_reg[18]' (FDE) to 'msb_p_reg[30]'
INFO: [Synth 8-3886] merging instance 'msb_p_reg[19]' (FDE) to 'msb_p_reg[30]'
INFO: [Synth 8-3886] merging instance 'msb_p_reg[20]' (FDE) to 'msb_p_reg[30]'
INFO: [Synth 8-3886] merging instance 'msb_p_reg[21]' (FDE) to 'msb_p_reg[30]'
INFO: [Synth 8-3886] merging instance 'msb_p_reg[22]' (FDE) to 'msb_p_reg[30]'
INFO: [Synth 8-3886] merging instance 'msb_p_reg[23]' (FDE) to 'msb_p_reg[30]'
INFO: [Synth 8-3886] merging instance 'msb_p_reg[24]' (FDE) to 'msb_p_reg[30]'
INFO: [Synth 8-3886] merging instance 'msb_p_reg[25]' (FDE) to 'msb_p_reg[30]'
INFO: [Synth 8-3886] merging instance 'msb_p_reg[26]' (FDE) to 'msb_p_reg[30]'
INFO: [Synth 8-3886] merging instance 'msb_p_reg[27]' (FDE) to 'msb_p_reg[30]'
INFO: [Synth 8-3886] merging instance 'msb_p_reg[28]' (FDE) to 'msb_p_reg[30]'
INFO: [Synth 8-3886] merging instance 'msb_p_reg[29]' (FDE) to 'msb_p_reg[30]'
INFO: [Synth 8-3333] propagating constant 0 across sequential element (\msb_p_reg[30] )
INFO: [Synth 8-3886] merging instance 'bias_r_reg[0]' (FDE) to 'bias_r_reg[2]'
INFO: [Synth 8-3886] merging instance 'bias_r_reg[2]' (FDE) to 'bias_r_reg[4]'
INFO: [Synth 8-3886] merging instance 'bias_r_reg[4]' (FDE) to 'bias_r_reg[6]'
INFO: [Synth 8-3886] merging instance 'bias_r_reg[6]' (FDE) to 'bias_r_reg[8]'
INFO: [Synth 8-3886] merging instance 'bias_r_reg[8]' (FDE) to 'bias_r_reg[10]'
INFO: [Synth 8-3886] merging instance 'bias_r_reg[10]' (FDE) to 'bias_r_reg[12]'
INFO: [Synth 8-3886] merging instance 'bias_r_reg[12]' (FDE) to 'bias_r_reg[14]'
INFO: [Synth 8-3886] merging instance 'bias_r_reg[14]' (FDE) to 'bias_r_reg[16]'
INFO: [Synth 8-3886] merging instance 'bias_r_reg[16]' (FDE) to 'bias_r_reg[18]'
INFO: [Synth 8-3886] merging instance 'bias_r_reg[18]' (FDE) to 'bias_r_reg[20]'
INFO: [Synth 8-3886] merging instance 'bias_r_reg[20]' (FDE) to 'bias_r_reg[22]'
INFO: [Synth 8-3886] merging instance 'bias_r_reg[22]' (FDE) to 'bias_r_reg[24]'
INFO: [Synth 8-3886] merging instance 'bias_r_reg[24]' (FDE) to 'bias_r_reg[26]'
INFO: [Synth 8-3886] merging instance 'bias_r_reg[26]' (FDE) to 'bias_r_reg[28]'
INFO: [Synth 8-3886] merging instance 'bias_r_reg[28]' (FDE) to 'bias_r_reg[30]'
INFO: [Synth 8-3886] merging instance 'bias_r_reg[30]' (FDE) to 'bias_r_reg[32]'
INFO: [Synth 8-3886] merging instance 'bias_r_reg[32]' (FDE) to 'bias_r_reg[34]'
INFO: [Synth 8-3886] merging instance 'bias_r_reg[34]' (FDE) to 'bias_r_reg[36]'
INFO: [Synth 8-3886] merging instance 'bias_r_reg[36]' (FDE) to 'bias_r_reg[38]'
INFO: [Synth 8-3886] merging instance 'bias_r_reg[38]' (FDE) to 'bias_r_reg[40]'
INFO: [Synth 8-3886] merging instance 'bias_r_reg[40]' (FDE) to 'bias_r_reg[42]'
INFO: [Synth 8-3886] merging instance 'bias_r_reg[42]' (FDE) to 'bias_r_reg[44]'
INFO: [Synth 8-3886] merging instance 'bias_r_reg[44]' (FDE) to 'bias_r_reg[46]'
INFO: [Synth 8-3886] merging instance 'bias_r_reg[46]' (FDE) to 'bias_r_reg[48]'
INFO: [Synth 8-3886] merging instance 'bias_r_reg[48]' (FDE) to 'bias_r_reg[50]'
INFO: [Synth 8-3886] merging instance 'bias_r_reg[50]' (FDE) to 'bias_r_reg[52]'
INFO: [Synth 8-3886] merging instance 'bias_r_reg[52]' (FDE) to 'bias_r_reg[54]'
INFO: [Synth 8-3886] merging instance 'bias_r_reg[54]' (FDE) to 'bias_r_reg[56]'
INFO: [Synth 8-3886] merging instance 'bias_r_reg[56]' (FDE) to 'bias_r_reg[58]'
INFO: [Synth 8-3886] merging instance 'bias_r_reg[58]' (FDE) to 'bias_r_reg[60]'
INFO: [Synth 8-3886] merging instance 'bias_r_reg[60]' (FDE) to 'bias_r_reg[62]'
INFO: [Synth 8-3333] propagating constant 0 across sequential element (\bias_r_reg[62] )
INFO: [Synth 8-3886] merging instance 'shift_total_reg[30]' (FDE) to 'shift_total_reg[6]'
INFO: [Synth 8-3886] merging instance 'shift_total_reg[29]' (FDE) to 'shift_total_reg[6]'
INFO: [Synth 8-3886] merging instance 'shift_total_reg[28]' (FDE) to 'shift_total_reg[6]'
INFO: [Synth 8-3886] merging instance 'shift_total_reg[27]' (FDE) to 'shift_total_reg[6]'
INFO: [Synth 8-3886] merging instance 'shift_total_reg[26]' (FDE) to 'shift_total_reg[6]'
INFO: [Synth 8-3886] merging instance 'shift_total_reg[25]' (FDE) to 'shift_total_reg[6]'
INFO: [Synth 8-3886] merging instance 'shift_total_reg[24]' (FDE) to 'shift_total_reg[6]'
INFO: [Synth 8-3886] merging instance 'shift_total_reg[23]' (FDE) to 'shift_total_reg[6]'
INFO: [Synth 8-3886] merging instance 'shift_total_reg[22]' (FDE) to 'shift_total_reg[6]'
INFO: [Synth 8-3886] merging instance 'shift_total_reg[21]' (FDE) to 'shift_total_reg[6]'
INFO: [Synth 8-3886] merging instance 'shift_total_reg[20]' (FDE) to 'shift_total_reg[6]'
INFO: [Synth 8-3886] merging instance 'shift_total_reg[19]' (FDE) to 'shift_total_reg[6]'
INFO: [Synth 8-3886] merging instance 'shift_total_reg[18]' (FDE) to 'shift_total_reg[6]'
INFO: [Synth 8-3886] merging instance 'shift_total_reg[17]' (FDE) to 'shift_total_reg[6]'
INFO: [Synth 8-3886] merging instance 'shift_total_reg[16]' (FDE) to 'shift_total_reg[6]'
INFO: [Synth 8-3886] merging instance 'shift_total_reg[15]' (FDE) to 'shift_total_reg[6]'
INFO: [Synth 8-3886] merging instance 'shift_total_reg[14]' (FDE) to 'shift_total_reg[6]'
INFO: [Synth 8-3886] merging instance 'shift_total_reg[13]' (FDE) to 'shift_total_reg[6]'
INFO: [Synth 8-3886] merging instance 'shift_total_reg[12]' (FDE) to 'shift_total_reg[6]'
INFO: [Synth 8-3886] merging instance 'shift_total_reg[11]' (FDE) to 'shift_total_reg[6]'
INFO: [Synth 8-3886] merging instance 'shift_total_reg[10]' (FDE) to 'shift_total_reg[6]'
INFO: [Synth 8-3886] merging instance 'shift_total_reg[9]' (FDE) to 'shift_total_reg[6]'
INFO: [Synth 8-3886] merging instance 'shift_total_reg[8]' (FDE) to 'shift_total_reg[6]'
INFO: [Synth 8-3886] merging instance 'shift_total_reg[7]' (FDE) to 'shift_total_reg[6]'
INFO: [Synth 8-3333] propagating constant 0 across sequential element (\shift_total_reg[6] )
INFO: [Synth 8-3886] merging instance 'rq_p_reg[31]' (FDE) to 'rq_p_reg[6]'
INFO: [Synth 8-3886] merging instance 'rq_p_reg[6]' (FDE) to 'rq_p_reg[7]'
INFO: [Synth 8-3886] merging instance 'rq_p_reg[7]' (FDE) to 'rq_p_reg[8]'
INFO: [Synth 8-3886] merging instance 'rq_p_reg[8]' (FDE) to 'rq_p_reg[9]'
INFO: [Synth 8-3886] merging instance 'rq_p_reg[9]' (FDE) to 'rq_p_reg[10]'
INFO: [Synth 8-3886] merging instance 'rq_p_reg[10]' (FDE) to 'rq_p_reg[11]'
INFO: [Synth 8-3886] merging instance 'rq_p_reg[11]' (FDE) to 'rq_p_reg[12]'
INFO: [Synth 8-3886] merging instance 'rq_p_reg[12]' (FDE) to 'rq_p_reg[13]'
INFO: [Synth 8-3886] merging instance 'rq_p_reg[13]' (FDE) to 'rq_p_reg[14]'
INFO: [Common 17-14] Message 'Synth 8-3886' appears 100 times and further instances of the messages will be disabled. Use the Tcl command set_msg_config to change the current settings.
INFO: [Synth 8-3333] propagating constant 0 across sequential element (\rq_p_reg[30] )
INFO: [Synth 8-5845] Not enough pipeline registers after wide multiplier. Recommended levels of pipeline registers is 2 [/home/orencollaco/GitHub/llama.vhdl/rtl/attn_mac_array.vhd:432]
DSP Report: Generating DSP p_reg_reg[38]0, operation Mode is: A2*B.
DSP Report: register p_reg_reg[38]0 is absorbed into DSP p_reg_reg[38]0.
DSP Report: operator p_reg_reg[38]0 is absorbed into DSP p_reg_reg[38]0.
DSP Report: operator p_reg_reg[38]0 is absorbed into DSP p_reg_reg[38]0.
DSP Report: Generating DSP p_reg_reg[38], operation Mode is: (PCIN>>17)+A2*B.
DSP Report: register a_reg_reg[38] is absorbed into DSP p_reg_reg[38].
DSP Report: register p_reg_reg[38] is absorbed into DSP p_reg_reg[38].
DSP Report: operator p_reg_reg[38]0 is absorbed into DSP p_reg_reg[38].
DSP Report: operator p_reg_reg[38]0 is absorbed into DSP p_reg_reg[38].
INFO: [Synth 8-5845] Not enough pipeline registers after wide multiplier. Recommended levels of pipeline registers is 2 [/home/orencollaco/GitHub/llama.vhdl/rtl/attn_mac_array.vhd:432]
INFO: [Synth 8-5845] Not enough pipeline registers after wide multiplier. Recommended levels of pipeline registers is 2 [/home/orencollaco/GitHub/llama.vhdl/rtl/attn_mac_array.vhd:432]
INFO: [Synth 8-5845] Not enough pipeline registers after wide multiplier. Recommended levels of pipeline registers is 2 [/home/orencollaco/GitHub/llama.vhdl/rtl/attn_mac_array.vhd:432]
DSP Report: Generating DSP p_reg_reg[88]0, operation Mode is: A2*B.
DSP Report: register p_reg_reg[88]0 is absorbed into DSP p_reg_reg[88]0.
DSP Report: operator p_reg_reg[88]0 is absorbed into DSP p_reg_reg[88]0.
DSP Report: operator p_reg_reg[88]0 is absorbed into DSP p_reg_reg[88]0.
DSP Report: Generating DSP p_reg_reg[88], operation Mode is: (PCIN>>17)+A2*B.
DSP Report: register a_reg_reg[88] is absorbed into DSP p_reg_reg[88].
DSP Report: register p_reg_reg[88] is absorbed into DSP p_reg_reg[88].
DSP Report: operator p_reg_reg[88]0 is absorbed into DSP p_reg_reg[88].
DSP Report: operator p_reg_reg[88]0 is absorbed into DSP p_reg_reg[88].
DSP Report: Generating DSP p_reg_reg[17]0, operation Mode is: A2*B.
DSP Report: register p_reg_reg[17]0 is absorbed into DSP p_reg_reg[17]0.
DSP Report: operator p_reg_reg[17]0 is absorbed into DSP p_reg_reg[17]0.
DSP Report: operator p_reg_reg[17]0 is absorbed into DSP p_reg_reg[17]0.
DSP Report: Generating DSP p_reg_reg[17], operation Mode is: (PCIN>>17)+A2*B.
DSP Report: register a_reg_reg[17] is absorbed into DSP p_reg_reg[17].
DSP Report: register p_reg_reg[17] is absorbed into DSP p_reg_reg[17].
DSP Report: operator p_reg_reg[17]0 is absorbed into DSP p_reg_reg[17].
DSP Report: operator p_reg_reg[17]0 is absorbed into DSP p_reg_reg[17].
DSP Report: Generating DSP p_reg_reg[87]0, operation Mode is: A2*B.
DSP Report: register p_reg_reg[87]0 is absorbed into DSP p_reg_reg[87]0.
DSP Report: operator p_reg_reg[87]0 is absorbed into DSP p_reg_reg[87]0.
DSP Report: operator p_reg_reg[87]0 is absorbed into DSP p_reg_reg[87]0.
DSP Report: Generating DSP p_reg_reg[87], operation Mode is: (PCIN>>17)+A2*B.
DSP Report: register a_reg_reg[87] is absorbed into DSP p_reg_reg[87].
DSP Report: register p_reg_reg[87] is absorbed into DSP p_reg_reg[87].
DSP Report: operator p_reg_reg[87]0 is absorbed into DSP p_reg_reg[87].
DSP Report: operator p_reg_reg[87]0 is absorbed into DSP p_reg_reg[87].
INFO: [Synth 8-5845] Not enough pipeline registers after wide multiplier. Recommended levels of pipeline registers is 2 [/home/orencollaco/GitHub/llama.vhdl/rtl/attn_mac_array.vhd:432]
INFO: [Synth 8-5845] Not enough pipeline registers after wide multiplier. Recommended levels of pipeline registers is 2 [/home/orencollaco/GitHub/llama.vhdl/rtl/attn_mac_array.vhd:432]
INFO: [Synth 8-5845] Not enough pipeline registers after wide multiplier. Recommended levels of pipeline registers is 2 [/home/orencollaco/GitHub/llama.vhdl/rtl/attn_mac_array.vhd:432]
INFO: [Synth 8-5845] Not enough pipeline registers after wide multiplier. Recommended levels of pipeline registers is 2 [/home/orencollaco/GitHub/llama.vhdl/rtl/attn_mac_array.vhd:432]
INFO: [Synth 8-5845] Not enough pipeline registers after wide multiplier. Recommended levels of pipeline registers is 2 [/home/orencollaco/GitHub/llama.vhdl/rtl/attn_mac_array.vhd:432]
INFO: [Synth 8-5845] Not enough pipeline registers after wide multiplier. Recommended levels of pipeline registers is 2 [/home/orencollaco/GitHub/llama.vhdl/rtl/attn_mac_array.vhd:432]
INFO: [Synth 8-5845] Not enough pipeline registers after wide multiplier. Recommended levels of pipeline registers is 2 [/home/orencollaco/GitHub/llama.vhdl/rtl/attn_mac_array.vhd:432]
INFO: [Synth 8-5845] Not enough pipeline registers after wide multiplier. Recommended levels of pipeline registers is 2 [/home/orencollaco/GitHub/llama.vhdl/rtl/attn_mac_array.vhd:432]
INFO: [Synth 8-5845] Not enough pipeline registers after wide multiplier. Recommended levels of pipeline registers is 2 [/home/orencollaco/GitHub/llama.vhdl/rtl/attn_mac_array.vhd:432]
INFO: [Synth 8-5845] Not enough pipeline registers after wide multiplier. Recommended levels of pipeline registers is 2 [/home/orencollaco/GitHub/llama.vhdl/rtl/attn_mac_array.vhd:432]
INFO: [Synth 8-5845] Not enough pipeline registers after wide multiplier. Recommended levels of pipeline registers is 2 [/home/orencollaco/GitHub/llama.vhdl/rtl/attn_mac_array.vhd:432]
INFO: [Synth 8-5845] Not enough pipeline registers after wide multiplier. Recommended levels of pipeline registers is 2 [/home/orencollaco/GitHub/llama.vhdl/rtl/attn_mac_array.vhd:432]
INFO: [Synth 8-5845] Not enough pipeline registers after wide multiplier. Recommended levels of pipeline registers is 2 [/home/orencollaco/GitHub/llama.vhdl/rtl/attn_mac_array.vhd:432]
INFO: [Synth 8-5845] Not enough pipeline registers after wide multiplier. Recommended levels of pipeline registers is 2 [/home/orencollaco/GitHub/llama.vhdl/rtl/attn_mac_array.vhd:432]
INFO: [Synth 8-5845] Not enough pipeline registers after wide multiplier. Recommended levels of pipeline registers is 2 [/home/orencollaco/GitHub/llama.vhdl/rtl/attn_mac_array.vhd:432]
INFO: [Synth 8-5845] Not enough pipeline registers after wide multiplier. Recommended levels of pipeline registers is 2 [/home/orencollaco/GitHub/llama.vhdl/rtl/attn_mac_array.vhd:432]
INFO: [Synth 8-5845] Not enough pipeline registers after wide multiplier. Recommended levels of pipeline registers is 2 [/home/orencollaco/GitHub/llama.vhdl/rtl/attn_mac_array.vhd:432]
INFO: [Synth 8-5845] Not enough pipeline registers after wide multiplier. Recommended levels of pipeline registers is 2 [/home/orencollaco/GitHub/llama.vhdl/rtl/attn_mac_array.vhd:432]
INFO: [Synth 8-5845] Not enough pipeline registers after wide multiplier. Recommended levels of pipeline registers is 2 [/home/orencollaco/GitHub/llama.vhdl/rtl/attn_mac_array.vhd:432]
INFO: [Synth 8-5845] Not enough pipeline registers after wide multiplier. Recommended levels of pipeline registers is 2 [/home/orencollaco/GitHub/llama.vhdl/rtl/attn_mac_array.vhd:432]
INFO: [Synth 8-5845] Not enough pipeline registers after wide multiplier. Recommended levels of pipeline registers is 2 [/home/orencollaco/GitHub/llama.vhdl/rtl/attn_mac_array.vhd:432]
INFO: [Synth 8-5845] Not enough pipeline registers after wide multiplier. Recommended levels of pipeline registers is 2 [/home/orencollaco/GitHub/llama.vhdl/rtl/attn_mac_array.vhd:432]
INFO: [Synth 8-5845] Not enough pipeline registers after wide multiplier. Recommended levels of pipeline registers is 2 [/home/orencollaco/GitHub/llama.vhdl/rtl/attn_mac_array.vhd:432]
DSP Report: Generating DSP p_reg_reg[60]0, operation Mode is: A2*B.
DSP Report: register p_reg_reg[60]0 is absorbed into DSP p_reg_reg[60]0.
DSP Report: operator p_reg_reg[60]0 is absorbed into DSP p_reg_reg[60]0.
DSP Report: operator p_reg_reg[60]0 is absorbed into DSP p_reg_reg[60]0.
DSP Report: Generating DSP p_reg_reg[60], operation Mode is: (PCIN>>17)+A2*B.
DSP Report: register a_reg_reg[60] is absorbed into DSP p_reg_reg[60].
DSP Report: register p_reg_reg[60] is absorbed into DSP p_reg_reg[60].
DSP Report: operator p_reg_reg[60]0 is absorbed into DSP p_reg_reg[60].
DSP Report: operator p_reg_reg[60]0 is absorbed into DSP p_reg_reg[60].
DSP Report: Generating DSP p_reg_reg[59]0, operation Mode is: A2*B.
DSP Report: register p_reg_reg[59]0 is absorbed into DSP p_reg_reg[59]0.
DSP Report: operator p_reg_reg[59]0 is absorbed into DSP p_reg_reg[59]0.
DSP Report: operator p_reg_reg[59]0 is absorbed into DSP p_reg_reg[59]0.
DSP Report: Generating DSP p_reg_reg[59], operation Mode is: (PCIN>>17)+A2*B.
DSP Report: register a_reg_reg[59] is absorbed into DSP p_reg_reg[59].
DSP Report: register p_reg_reg[59] is absorbed into DSP p_reg_reg[59].
DSP Report: operator p_reg_reg[59]0 is absorbed into DSP p_reg_reg[59].
DSP Report: operator p_reg_reg[59]0 is absorbed into DSP p_reg_reg[59].
DSP Report: Generating DSP p_reg_reg[57]0, operation Mode is: A2*B.
DSP Report: register p_reg_reg[57]0 is absorbed into DSP p_reg_reg[57]0.
DSP Report: operator p_reg_reg[57]0 is absorbed into DSP p_reg_reg[57]0.
DSP Report: operator p_reg_reg[57]0 is absorbed into DSP p_reg_reg[57]0.
DSP Report: Generating DSP p_reg_reg[57], operation Mode is: (PCIN>>17)+A2*B.
DSP Report: register a_reg_reg[57] is absorbed into DSP p_reg_reg[57].
DSP Report: register p_reg_reg[57] is absorbed into DSP p_reg_reg[57].
DSP Report: operator p_reg_reg[57]0 is absorbed into DSP p_reg_reg[57].
DSP Report: operator p_reg_reg[57]0 is absorbed into DSP p_reg_reg[57].
DSP Report: Generating DSP p_reg_reg[32]0, operation Mode is: A2*B.
DSP Report: register p_reg_reg[32]0 is absorbed into DSP p_reg_reg[32]0.
DSP Report: operator p_reg_reg[32]0 is absorbed into DSP p_reg_reg[32]0.
DSP Report: operator p_reg_reg[32]0 is absorbed into DSP p_reg_reg[32]0.
DSP Report: Generating DSP p_reg_reg[32], operation Mode is: (PCIN>>17)+A2*B.
DSP Report: register a_reg_reg[32] is absorbed into DSP p_reg_reg[32].
DSP Report: register p_reg_reg[32] is absorbed into DSP p_reg_reg[32].
DSP Report: operator p_reg_reg[32]0 is absorbed into DSP p_reg_reg[32].
DSP Report: operator p_reg_reg[32]0 is absorbed into DSP p_reg_reg[32].
DSP Report: Generating DSP p_reg_reg[56]0, operation Mode is: A2*B.
DSP Report: register p_reg_reg[56]0 is absorbed into DSP p_reg_reg[56]0.
DSP Report: operator p_reg_reg[56]0 is absorbed into DSP p_reg_reg[56]0.
DSP Report: operator p_reg_reg[56]0 is absorbed into DSP p_reg_reg[56]0.
DSP Report: Generating DSP p_reg_reg[56], operation Mode is: (PCIN>>17)+A2*B.
DSP Report: register a_reg_reg[56] is absorbed into DSP p_reg_reg[56].
DSP Report: register p_reg_reg[56] is absorbed into DSP p_reg_reg[56].
DSP Report: operator p_reg_reg[56]0 is absorbed into DSP p_reg_reg[56].
DSP Report: operator p_reg_reg[56]0 is absorbed into DSP p_reg_reg[56].
DSP Report: Generating DSP p_reg_reg[33]0, operation Mode is: A2*B.
DSP Report: register p_reg_reg[33]0 is absorbed into DSP p_reg_reg[33]0.
DSP Report: operator p_reg_reg[33]0 is absorbed into DSP p_reg_reg[33]0.
DSP Report: operator p_reg_reg[33]0 is absorbed into DSP p_reg_reg[33]0.
DSP Report: Generating DSP p_reg_reg[33], operation Mode is: (PCIN>>17)+A2*B.
DSP Report: register a_reg_reg[33] is absorbed into DSP p_reg_reg[33].
DSP Report: register p_reg_reg[33] is absorbed into DSP p_reg_reg[33].
DSP Report: operator p_reg_reg[33]0 is absorbed into DSP p_reg_reg[33].
DSP Report: operator p_reg_reg[33]0 is absorbed into DSP p_reg_reg[33].
DSP Report: Generating DSP p_reg_reg[34]0, operation Mode is: A2*B.
DSP Report: register p_reg_reg[34]0 is absorbed into DSP p_reg_reg[34]0.
DSP Report: operator p_reg_reg[34]0 is absorbed into DSP p_reg_reg[34]0.
DSP Report: operator p_reg_reg[34]0 is absorbed into DSP p_reg_reg[34]0.
DSP Report: Generating DSP p_reg_reg[34], operation Mode is: (PCIN>>17)+A2*B.
DSP Report: register a_reg_reg[34] is absorbed into DSP p_reg_reg[34].
DSP Report: register p_reg_reg[34] is absorbed into DSP p_reg_reg[34].
DSP Report: operator p_reg_reg[34]0 is absorbed into DSP p_reg_reg[34].
DSP Report: operator p_reg_reg[34]0 is absorbed into DSP p_reg_reg[34].
DSP Report: Generating DSP p_reg_reg[35]0, operation Mode is: A2*B.
DSP Report: register p_reg_reg[35]0 is absorbed into DSP p_reg_reg[35]0.
DSP Report: operator p_reg_reg[35]0 is absorbed into DSP p_reg_reg[35]0.
DSP Report: operator p_reg_reg[35]0 is absorbed into DSP p_reg_reg[35]0.
DSP Report: Generating DSP p_reg_reg[35], operation Mode is: (PCIN>>17)+A2*B.
DSP Report: register a_reg_reg[35] is absorbed into DSP p_reg_reg[35].
DSP Report: register p_reg_reg[35] is absorbed into DSP p_reg_reg[35].
DSP Report: operator p_reg_reg[35]0 is absorbed into DSP p_reg_reg[35].
DSP Report: operator p_reg_reg[35]0 is absorbed into DSP p_reg_reg[35].
DSP Report: Generating DSP p_reg_reg[37]0, operation Mode is: A2*B.
DSP Report: register p_reg_reg[37]0 is absorbed into DSP p_reg_reg[37]0.
DSP Report: operator p_reg_reg[37]0 is absorbed into DSP p_reg_reg[37]0.
DSP Report: operator p_reg_reg[37]0 is absorbed into DSP p_reg_reg[37]0.
DSP Report: Generating DSP p_reg_reg[37], operation Mode is: (PCIN>>17)+A2*B.
DSP Report: register a_reg_reg[37] is absorbed into DSP p_reg_reg[37].
DSP Report: register p_reg_reg[37] is absorbed into DSP p_reg_reg[37].
DSP Report: operator p_reg_reg[37]0 is absorbed into DSP p_reg_reg[37].
DSP Report: operator p_reg_reg[37]0 is absorbed into DSP p_reg_reg[37].
DSP Report: Generating DSP p_reg_reg[39]0, operation Mode is: A2*B.
DSP Report: register p_reg_reg[39]0 is absorbed into DSP p_reg_reg[39]0.
DSP Report: operator p_reg_reg[39]0 is absorbed into DSP p_reg_reg[39]0.
DSP Report: operator p_reg_reg[39]0 is absorbed into DSP p_reg_reg[39]0.
DSP Report: Generating DSP p_reg_reg[39], operation Mode is: (PCIN>>17)+A2*B.
DSP Report: register a_reg_reg[39] is absorbed into DSP p_reg_reg[39].
DSP Report: register p_reg_reg[39] is absorbed into DSP p_reg_reg[39].
DSP Report: operator p_reg_reg[39]0 is absorbed into DSP p_reg_reg[39].
DSP Report: operator p_reg_reg[39]0 is absorbed into DSP p_reg_reg[39].
DSP Report: Generating DSP p_reg_reg[41]0, operation Mode is: A2*B.
DSP Report: register p_reg_reg[41]0 is absorbed into DSP p_reg_reg[41]0.
DSP Report: operator p_reg_reg[41]0 is absorbed into DSP p_reg_reg[41]0.
DSP Report: operator p_reg_reg[41]0 is absorbed into DSP p_reg_reg[41]0.
DSP Report: Generating DSP p_reg_reg[41], operation Mode is: (PCIN>>17)+A2*B.
DSP Report: register a_reg_reg[41] is absorbed into DSP p_reg_reg[41].
DSP Report: register p_reg_reg[41] is absorbed into DSP p_reg_reg[41].
DSP Report: operator p_reg_reg[41]0 is absorbed into DSP p_reg_reg[41].
DSP Report: operator p_reg_reg[41]0 is absorbed into DSP p_reg_reg[41].
DSP Report: Generating DSP p_reg_reg[42]0, operation Mode is: A2*B.
DSP Report: register p_reg_reg[42]0 is absorbed into DSP p_reg_reg[42]0.
DSP Report: operator p_reg_reg[42]0 is absorbed into DSP p_reg_reg[42]0.
DSP Report: operator p_reg_reg[42]0 is absorbed into DSP p_reg_reg[42]0.
DSP Report: Generating DSP p_reg_reg[42], operation Mode is: (PCIN>>17)+A*B.
DSP Report: register p_reg_reg[42] is absorbed into DSP p_reg_reg[42].
DSP Report: operator p_reg_reg[42]0 is absorbed into DSP p_reg_reg[42].
DSP Report: operator p_reg_reg[42]0 is absorbed into DSP p_reg_reg[42].
DSP Report: Generating DSP p_reg_reg[43]0, operation Mode is: A2*B.
DSP Report: register p_reg_reg[43]0 is absorbed into DSP p_reg_reg[43]0.
DSP Report: operator p_reg_reg[43]0 is absorbed into DSP p_reg_reg[43]0.
DSP Report: operator p_reg_reg[43]0 is absorbed into DSP p_reg_reg[43]0.
DSP Report: Generating DSP p_reg_reg[43], operation Mode is: (PCIN>>17)+A2*B.
DSP Report: register a_reg_reg[43] is absorbed into DSP p_reg_reg[43].
DSP Report: register p_reg_reg[43] is absorbed into DSP p_reg_reg[43].
DSP Report: operator p_reg_reg[43]0 is absorbed into DSP p_reg_reg[43].
DSP Report: operator p_reg_reg[43]0 is absorbed into DSP p_reg_reg[43].
DSP Report: Generating DSP p_reg_reg[44]0, operation Mode is: A2*B.
DSP Report: register p_reg_reg[44]0 is absorbed into DSP p_reg_reg[44]0.
DSP Report: operator p_reg_reg[44]0 is absorbed into DSP p_reg_reg[44]0.
DSP Report: operator p_reg_reg[44]0 is absorbed into DSP p_reg_reg[44]0.
DSP Report: Generating DSP p_reg_reg[44], operation Mode is: (PCIN>>17)+A*B.
DSP Report: register p_reg_reg[44] is absorbed into DSP p_reg_reg[44].
DSP Report: operator p_reg_reg[44]0 is absorbed into DSP p_reg_reg[44].
DSP Report: operator p_reg_reg[44]0 is absorbed into DSP p_reg_reg[44].
DSP Report: Generating DSP p_reg_reg[46]0, operation Mode is: A2*B.
DSP Report: register p_reg_reg[46]0 is absorbed into DSP p_reg_reg[46]0.
DSP Report: operator p_reg_reg[46]0 is absorbed into DSP p_reg_reg[46]0.
DSP Report: operator p_reg_reg[46]0 is absorbed into DSP p_reg_reg[46]0.
DSP Report: Generating DSP p_reg_reg[46], operation Mode is: (PCIN>>17)+A2*B.
DSP Report: register a_reg_reg[46] is absorbed into DSP p_reg_reg[46].
DSP Report: register p_reg_reg[46] is absorbed into DSP p_reg_reg[46].
DSP Report: operator p_reg_reg[46]0 is absorbed into DSP p_reg_reg[46].
DSP Report: operator p_reg_reg[46]0 is absorbed into DSP p_reg_reg[46].
DSP Report: Generating DSP p_reg_reg[47]0, operation Mode is: A2*B.
DSP Report: register p_reg_reg[47]0 is absorbed into DSP p_reg_reg[47]0.
DSP Report: operator p_reg_reg[47]0 is absorbed into DSP p_reg_reg[47]0.
DSP Report: operator p_reg_reg[47]0 is absorbed into DSP p_reg_reg[47]0.
DSP Report: Generating DSP p_reg_reg[47], operation Mode is: (PCIN>>17)+A2*B.
DSP Report: register a_reg_reg[47] is absorbed into DSP p_reg_reg[47].
DSP Report: register p_reg_reg[47] is absorbed into DSP p_reg_reg[47].
DSP Report: operator p_reg_reg[47]0 is absorbed into DSP p_reg_reg[47].
DSP Report: operator p_reg_reg[47]0 is absorbed into DSP p_reg_reg[47].
DSP Report: Generating DSP p_reg_reg[48]0, operation Mode is: A2*B.
DSP Report: register p_reg_reg[48]0 is absorbed into DSP p_reg_reg[48]0.
DSP Report: operator p_reg_reg[48]0 is absorbed into DSP p_reg_reg[48]0.
DSP Report: operator p_reg_reg[48]0 is absorbed into DSP p_reg_reg[48]0.
DSP Report: Generating DSP p_reg_reg[48], operation Mode is: (PCIN>>17)+A2*B.
DSP Report: register a_reg_reg[48] is absorbed into DSP p_reg_reg[48].
DSP Report: register p_reg_reg[48] is absorbed into DSP p_reg_reg[48].
DSP Report: operator p_reg_reg[48]0 is absorbed into DSP p_reg_reg[48].
DSP Report: operator p_reg_reg[48]0 is absorbed into DSP p_reg_reg[48].
DSP Report: Generating DSP p_reg_reg[49]0, operation Mode is: A2*B.
DSP Report: register p_reg_reg[49]0 is absorbed into DSP p_reg_reg[49]0.
DSP Report: operator p_reg_reg[49]0 is absorbed into DSP p_reg_reg[49]0.
DSP Report: operator p_reg_reg[49]0 is absorbed into DSP p_reg_reg[49]0.
DSP Report: Generating DSP p_reg_reg[49], operation Mode is: (PCIN>>17)+A2*B.
DSP Report: register a_reg_reg[49] is absorbed into DSP p_reg_reg[49].
DSP Report: register p_reg_reg[49] is absorbed into DSP p_reg_reg[49].
DSP Report: operator p_reg_reg[49]0 is absorbed into DSP p_reg_reg[49].
DSP Report: operator p_reg_reg[49]0 is absorbed into DSP p_reg_reg[49].
DSP Report: Generating DSP p_reg_reg[50]0, operation Mode is: A2*B.
DSP Report: register p_reg_reg[50]0 is absorbed into DSP p_reg_reg[50]0.
DSP Report: operator p_reg_reg[50]0 is absorbed into DSP p_reg_reg[50]0.
DSP Report: operator p_reg_reg[50]0 is absorbed into DSP p_reg_reg[50]0.
DSP Report: Generating DSP p_reg_reg[50], operation Mode is: (PCIN>>17)+A2*B.
DSP Report: register a_reg_reg[50] is absorbed into DSP p_reg_reg[50].
DSP Report: register p_reg_reg[50] is absorbed into DSP p_reg_reg[50].
DSP Report: operator p_reg_reg[50]0 is absorbed into DSP p_reg_reg[50].
DSP Report: operator p_reg_reg[50]0 is absorbed into DSP p_reg_reg[50].
DSP Report: Generating DSP p_reg_reg[52]0, operation Mode is: A2*B.
DSP Report: register p_reg_reg[52]0 is absorbed into DSP p_reg_reg[52]0.
DSP Report: operator p_reg_reg[52]0 is absorbed into DSP p_reg_reg[52]0.
DSP Report: operator p_reg_reg[52]0 is absorbed into DSP p_reg_reg[52]0.
DSP Report: Generating DSP p_reg_reg[52], operation Mode is: (PCIN>>17)+A*B.
DSP Report: register p_reg_reg[52] is absorbed into DSP p_reg_reg[52].
DSP Report: operator p_reg_reg[52]0 is absorbed into DSP p_reg_reg[52].
DSP Report: operator p_reg_reg[52]0 is absorbed into DSP p_reg_reg[52].
DSP Report: Generating DSP p_reg_reg[54]0, operation Mode is: A2*B.
DSP Report: register p_reg_reg[54]0 is absorbed into DSP p_reg_reg[54]0.
DSP Report: operator p_reg_reg[54]0 is absorbed into DSP p_reg_reg[54]0.
DSP Report: operator p_reg_reg[54]0 is absorbed into DSP p_reg_reg[54]0.
DSP Report: Generating DSP p_reg_reg[54], operation Mode is: (PCIN>>17)+A2*B.
DSP Report: register a_reg_reg[54] is absorbed into DSP p_reg_reg[54].
DSP Report: register p_reg_reg[54] is absorbed into DSP p_reg_reg[54].
DSP Report: operator p_reg_reg[54]0 is absorbed into DSP p_reg_reg[54].
DSP Report: operator p_reg_reg[54]0 is absorbed into DSP p_reg_reg[54].
DSP Report: Generating DSP p_reg_reg[55]0, operation Mode is: A2*B.
DSP Report: register p_reg_reg[55]0 is absorbed into DSP p_reg_reg[55]0.
DSP Report: operator p_reg_reg[55]0 is absorbed into DSP p_reg_reg[55]0.
DSP Report: operator p_reg_reg[55]0 is absorbed into DSP p_reg_reg[55]0.
DSP Report: Generating DSP p_reg_reg[55], operation Mode is: (PCIN>>17)+A2*B.
DSP Report: register a_reg_reg[55] is absorbed into DSP p_reg_reg[55].
DSP Report: register p_reg_reg[55] is absorbed into DSP p_reg_reg[55].
DSP Report: operator p_reg_reg[55]0 is absorbed into DSP p_reg_reg[55].
DSP Report: operator p_reg_reg[55]0 is absorbed into DSP p_reg_reg[55].
DSP Report: Generating DSP p_reg_reg[94]0, operation Mode is: A2*B.
DSP Report: register p_reg_reg[94]0 is absorbed into DSP p_reg_reg[94]0.
DSP Report: operator p_reg_reg[94]0 is absorbed into DSP p_reg_reg[94]0.
DSP Report: operator p_reg_reg[94]0 is absorbed into DSP p_reg_reg[94]0.
DSP Report: Generating DSP p_reg_reg[94], operation Mode is: (PCIN>>17)+A*B.
DSP Report: register p_reg_reg[94] is absorbed into DSP p_reg_reg[94].
DSP Report: operator p_reg_reg[94]0 is absorbed into DSP p_reg_reg[94].
DSP Report: operator p_reg_reg[94]0 is absorbed into DSP p_reg_reg[94].
INFO: [Synth 8-5845] Not enough pipeline registers after wide multiplier. Recommended levels of pipeline registers is 2 [/home/orencollaco/GitHub/llama.vhdl/rtl/attn_mac_array.vhd:432]
INFO: [Synth 8-5845] Not enough pipeline registers after wide multiplier. Recommended levels of pipeline registers is 2 [/home/orencollaco/GitHub/llama.vhdl/rtl/attn_mac_array.vhd:432]
INFO: [Synth 8-5845] Not enough pipeline registers after wide multiplier. Recommended levels of pipeline registers is 2 [/home/orencollaco/GitHub/llama.vhdl/rtl/attn_mac_array.vhd:432]
INFO: [Synth 8-5845] Not enough pipeline registers after wide multiplier. Recommended levels of pipeline registers is 2 [/home/orencollaco/GitHub/llama.vhdl/rtl/attn_mac_array.vhd:432]
INFO: [Synth 8-5845] Not enough pipeline registers after wide multiplier. Recommended levels of pipeline registers is 2 [/home/orencollaco/GitHub/llama.vhdl/rtl/attn_mac_array.vhd:432]
INFO: [Synth 8-5845] Not enough pipeline registers after wide multiplier. Recommended levels of pipeline registers is 2 [/home/orencollaco/GitHub/llama.vhdl/rtl/attn_mac_array.vhd:432]
INFO: [Synth 8-5845] Not enough pipeline registers after wide multiplier. Recommended levels of pipeline registers is 2 [/home/orencollaco/GitHub/llama.vhdl/rtl/attn_mac_array.vhd:432]
INFO: [Synth 8-5845] Not enough pipeline registers after wide multiplier. Recommended levels of pipeline registers is 2 [/home/orencollaco/GitHub/llama.vhdl/rtl/attn_mac_array.vhd:432]
INFO: [Synth 8-5845] Not enough pipeline registers after wide multiplier. Recommended levels of pipeline registers is 2 [/home/orencollaco/GitHub/llama.vhdl/rtl/attn_mac_array.vhd:432]
INFO: [Synth 8-5845] Not enough pipeline registers after wide multiplier. Recommended levels of pipeline registers is 2 [/home/orencollaco/GitHub/llama.vhdl/rtl/attn_mac_array.vhd:432]
INFO: [Synth 8-5845] Not enough pipeline registers after wide multiplier. Recommended levels of pipeline registers is 2 [/home/orencollaco/GitHub/llama.vhdl/rtl/attn_mac_array.vhd:432]
INFO: [Synth 8-5845] Not enough pipeline registers after wide multiplier. Recommended levels of pipeline registers is 2 [/home/orencollaco/GitHub/llama.vhdl/rtl/attn_mac_array.vhd:432]
INFO: [Synth 8-5845] Not enough pipeline registers after wide multiplier. Recommended levels of pipeline registers is 2 [/home/orencollaco/GitHub/llama.vhdl/rtl/attn_mac_array.vhd:432]
INFO: [Synth 8-5845] Not enough pipeline registers after wide multiplier. Recommended levels of pipeline registers is 2 [/home/orencollaco/GitHub/llama.vhdl/rtl/attn_mac_array.vhd:432]
INFO: [Synth 8-5845] Not enough pipeline registers after wide multiplier. Recommended levels of pipeline registers is 2 [/home/orencollaco/GitHub/llama.vhdl/rtl/attn_mac_array.vhd:432]
INFO: [Synth 8-5845] Not enough pipeline registers after wide multiplier. Recommended levels of pipeline registers is 2 [/home/orencollaco/GitHub/llama.vhdl/rtl/attn_mac_array.vhd:432]
INFO: [Synth 8-5845] Not enough pipeline registers after wide multiplier. Recommended levels of pipeline registers is 2 [/home/orencollaco/GitHub/llama.vhdl/rtl/attn_mac_array.vhd:432]
INFO: [Synth 8-5845] Not enough pipeline registers after wide multiplier. Recommended levels of pipeline registers is 2 [/home/orencollaco/GitHub/llama.vhdl/rtl/attn_mac_array.vhd:432]
INFO: [Synth 8-5845] Not enough pipeline registers after wide multiplier. Recommended levels of pipeline registers is 2 [/home/orencollaco/GitHub/llama.vhdl/rtl/attn_mac_array.vhd:432]
DSP Report: Generating DSP p_reg_reg[2]0, operation Mode is: A2*B.
DSP Report: register p_reg_reg[2]0 is absorbed into DSP p_reg_reg[2]0.
DSP Report: operator p_reg_reg[2]0 is absorbed into DSP p_reg_reg[2]0.
DSP Report: operator p_reg_reg[2]0 is absorbed into DSP p_reg_reg[2]0.
DSP Report: Generating DSP p_reg_reg[2], operation Mode is: (PCIN>>17)+A2*B.
DSP Report: register a_reg_reg[2] is absorbed into DSP p_reg_reg[2].
DSP Report: register p_reg_reg[2] is absorbed into DSP p_reg_reg[2].
DSP Report: operator p_reg_reg[2]0 is absorbed into DSP p_reg_reg[2].
DSP Report: operator p_reg_reg[2]0 is absorbed into DSP p_reg_reg[2].
DSP Report: Generating DSP p_reg_reg[3]0, operation Mode is: A2*B.
DSP Report: register p_reg_reg[3]0 is absorbed into DSP p_reg_reg[3]0.
DSP Report: operator p_reg_reg[3]0 is absorbed into DSP p_reg_reg[3]0.
DSP Report: operator p_reg_reg[3]0 is absorbed into DSP p_reg_reg[3]0.
DSP Report: Generating DSP p_reg_reg[3], operation Mode is: (PCIN>>17)+A2*B.
DSP Report: register a_reg_reg[3] is absorbed into DSP p_reg_reg[3].
DSP Report: register p_reg_reg[3] is absorbed into DSP p_reg_reg[3].
DSP Report: operator p_reg_reg[3]0 is absorbed into DSP p_reg_reg[3].
DSP Report: operator p_reg_reg[3]0 is absorbed into DSP p_reg_reg[3].
DSP Report: Generating DSP p_reg_reg[4]0, operation Mode is: A2*B.
DSP Report: register p_reg_reg[4]0 is absorbed into DSP p_reg_reg[4]0.
DSP Report: operator p_reg_reg[4]0 is absorbed into DSP p_reg_reg[4]0.
DSP Report: operator p_reg_reg[4]0 is absorbed into DSP p_reg_reg[4]0.
DSP Report: Generating DSP p_reg_reg[4], operation Mode is: (PCIN>>17)+A2*B.
DSP Report: register a_reg_reg[4] is absorbed into DSP p_reg_reg[4].
DSP Report: register p_reg_reg[4] is absorbed into DSP p_reg_reg[4].
DSP Report: operator p_reg_reg[4]0 is absorbed into DSP p_reg_reg[4].
DSP Report: operator p_reg_reg[4]0 is absorbed into DSP p_reg_reg[4].
DSP Report: Generating DSP p_reg_reg[6]0, operation Mode is: A2*B.
DSP Report: register p_reg_reg[6]0 is absorbed into DSP p_reg_reg[6]0.
DSP Report: operator p_reg_reg[6]0 is absorbed into DSP p_reg_reg[6]0.
DSP Report: operator p_reg_reg[6]0 is absorbed into DSP p_reg_reg[6]0.
DSP Report: Generating DSP p_reg_reg[6], operation Mode is: (PCIN>>17)+A2*B.
DSP Report: register a_reg_reg[6] is absorbed into DSP p_reg_reg[6].
DSP Report: register p_reg_reg[6] is absorbed into DSP p_reg_reg[6].
DSP Report: operator p_reg_reg[6]0 is absorbed into DSP p_reg_reg[6].
DSP Report: operator p_reg_reg[6]0 is absorbed into DSP p_reg_reg[6].
DSP Report: Generating DSP p_reg_reg[7]0, operation Mode is: A2*B.
DSP Report: register p_reg_reg[7]0 is absorbed into DSP p_reg_reg[7]0.
DSP Report: operator p_reg_reg[7]0 is absorbed into DSP p_reg_reg[7]0.
DSP Report: operator p_reg_reg[7]0 is absorbed into DSP p_reg_reg[7]0.
DSP Report: Generating DSP p_reg_reg[7], operation Mode is: (PCIN>>17)+A2*B.
DSP Report: register a_reg_reg[7] is absorbed into DSP p_reg_reg[7].
DSP Report: register p_reg_reg[7] is absorbed into DSP p_reg_reg[7].
DSP Report: operator p_reg_reg[7]0 is absorbed into DSP p_reg_reg[7].
DSP Report: operator p_reg_reg[7]0 is absorbed into DSP p_reg_reg[7].
DSP Report: Generating DSP p_reg_reg[9]0, operation Mode is: A2*B.
DSP Report: register p_reg_reg[9]0 is absorbed into DSP p_reg_reg[9]0.
DSP Report: operator p_reg_reg[9]0 is absorbed into DSP p_reg_reg[9]0.
DSP Report: operator p_reg_reg[9]0 is absorbed into DSP p_reg_reg[9]0.
DSP Report: Generating DSP p_reg_reg[9], operation Mode is: (PCIN>>17)+A2*B.
DSP Report: register a_reg_reg[9] is absorbed into DSP p_reg_reg[9].
DSP Report: register p_reg_reg[9] is absorbed into DSP p_reg_reg[9].
DSP Report: operator p_reg_reg[9]0 is absorbed into DSP p_reg_reg[9].
DSP Report: operator p_reg_reg[9]0 is absorbed into DSP p_reg_reg[9].
DSP Report: Generating DSP p_reg_reg[11]0, operation Mode is: A2*B.
DSP Report: register p_reg_reg[11]0 is absorbed into DSP p_reg_reg[11]0.
DSP Report: operator p_reg_reg[11]0 is absorbed into DSP p_reg_reg[11]0.
DSP Report: operator p_reg_reg[11]0 is absorbed into DSP p_reg_reg[11]0.
DSP Report: Generating DSP p_reg_reg[11], operation Mode is: (PCIN>>17)+A2*B.
DSP Report: register a_reg_reg[11] is absorbed into DSP p_reg_reg[11].
DSP Report: register p_reg_reg[11] is absorbed into DSP p_reg_reg[11].
DSP Report: operator p_reg_reg[11]0 is absorbed into DSP p_reg_reg[11].
DSP Report: operator p_reg_reg[11]0 is absorbed into DSP p_reg_reg[11].
DSP Report: Generating DSP p_reg_reg[12]0, operation Mode is: A2*B.
DSP Report: register p_reg_reg[12]0 is absorbed into DSP p_reg_reg[12]0.
DSP Report: operator p_reg_reg[12]0 is absorbed into DSP p_reg_reg[12]0.
DSP Report: operator p_reg_reg[12]0 is absorbed into DSP p_reg_reg[12]0.
DSP Report: Generating DSP p_reg_reg[12], operation Mode is: (PCIN>>17)+A2*B.
DSP Report: register a_reg_reg[12] is absorbed into DSP p_reg_reg[12].
DSP Report: register p_reg_reg[12] is absorbed into DSP p_reg_reg[12].
DSP Report: operator p_reg_reg[12]0 is absorbed into DSP p_reg_reg[12].
DSP Report: operator p_reg_reg[12]0 is absorbed into DSP p_reg_reg[12].
DSP Report: Generating DSP p_reg_reg[14]0, operation Mode is: A2*B.
DSP Report: register p_reg_reg[14]0 is absorbed into DSP p_reg_reg[14]0.
DSP Report: operator p_reg_reg[14]0 is absorbed into DSP p_reg_reg[14]0.
DSP Report: operator p_reg_reg[14]0 is absorbed into DSP p_reg_reg[14]0.
DSP Report: Generating DSP p_reg_reg[14], operation Mode is: (PCIN>>17)+A2*B.
DSP Report: register a_reg_reg[14] is absorbed into DSP p_reg_reg[14].
DSP Report: register p_reg_reg[14] is absorbed into DSP p_reg_reg[14].
DSP Report: operator p_reg_reg[14]0 is absorbed into DSP p_reg_reg[14].
DSP Report: operator p_reg_reg[14]0 is absorbed into DSP p_reg_reg[14].
DSP Report: Generating DSP p_reg_reg[16]0, operation Mode is: A2*B.
DSP Report: register p_reg_reg[16]0 is absorbed into DSP p_reg_reg[16]0.
DSP Report: operator p_reg_reg[16]0 is absorbed into DSP p_reg_reg[16]0.
DSP Report: operator p_reg_reg[16]0 is absorbed into DSP p_reg_reg[16]0.
DSP Report: Generating DSP p_reg_reg[16], operation Mode is: (PCIN>>17)+A2*B.
DSP Report: register a_reg_reg[16] is absorbed into DSP p_reg_reg[16].
DSP Report: register p_reg_reg[16] is absorbed into DSP p_reg_reg[16].
DSP Report: operator p_reg_reg[16]0 is absorbed into DSP p_reg_reg[16].
DSP Report: operator p_reg_reg[16]0 is absorbed into DSP p_reg_reg[16].
DSP Report: Generating DSP p_reg_reg[19]0, operation Mode is: A2*B.
DSP Report: register p_reg_reg[19]0 is absorbed into DSP p_reg_reg[19]0.
DSP Report: operator p_reg_reg[19]0 is absorbed into DSP p_reg_reg[19]0.
DSP Report: operator p_reg_reg[19]0 is absorbed into DSP p_reg_reg[19]0.
DSP Report: Generating DSP p_reg_reg[19], operation Mode is: (PCIN>>17)+A2*B.
DSP Report: register a_reg_reg[19] is absorbed into DSP p_reg_reg[19].
DSP Report: register p_reg_reg[19] is absorbed into DSP p_reg_reg[19].
DSP Report: operator p_reg_reg[19]0 is absorbed into DSP p_reg_reg[19].
DSP Report: operator p_reg_reg[19]0 is absorbed into DSP p_reg_reg[19].
DSP Report: Generating DSP p_reg_reg[20]0, operation Mode is: A2*B.
DSP Report: register p_reg_reg[20]0 is absorbed into DSP p_reg_reg[20]0.
DSP Report: operator p_reg_reg[20]0 is absorbed into DSP p_reg_reg[20]0.
DSP Report: operator p_reg_reg[20]0 is absorbed into DSP p_reg_reg[20]0.
DSP Report: Generating DSP p_reg_reg[20], operation Mode is: (PCIN>>17)+A2*B.
DSP Report: register a_reg_reg[20] is absorbed into DSP p_reg_reg[20].
DSP Report: register p_reg_reg[20] is absorbed into DSP p_reg_reg[20].
DSP Report: operator p_reg_reg[20]0 is absorbed into DSP p_reg_reg[20].
DSP Report: operator p_reg_reg[20]0 is absorbed into DSP p_reg_reg[20].
DSP Report: Generating DSP p_reg_reg[22]0, operation Mode is: A2*B.
DSP Report: register p_reg_reg[22]0 is absorbed into DSP p_reg_reg[22]0.
DSP Report: operator p_reg_reg[22]0 is absorbed into DSP p_reg_reg[22]0.
DSP Report: operator p_reg_reg[22]0 is absorbed into DSP p_reg_reg[22]0.
DSP Report: Generating DSP p_reg_reg[22], operation Mode is: (PCIN>>17)+A2*B.
DSP Report: register a_reg_reg[22] is absorbed into DSP p_reg_reg[22].
DSP Report: register p_reg_reg[22] is absorbed into DSP p_reg_reg[22].
DSP Report: operator p_reg_reg[22]0 is absorbed into DSP p_reg_reg[22].
DSP Report: operator p_reg_reg[22]0 is absorbed into DSP p_reg_reg[22].
DSP Report: Generating DSP p_reg_reg[23]0, operation Mode is: A2*B.
DSP Report: register p_reg_reg[23]0 is absorbed into DSP p_reg_reg[23]0.
DSP Report: operator p_reg_reg[23]0 is absorbed into DSP p_reg_reg[23]0.
DSP Report: operator p_reg_reg[23]0 is absorbed into DSP p_reg_reg[23]0.
DSP Report: Generating DSP p_reg_reg[23], operation Mode is: (PCIN>>17)+A2*B.
DSP Report: register a_reg_reg[23] is absorbed into DSP p_reg_reg[23].
DSP Report: register p_reg_reg[23] is absorbed into DSP p_reg_reg[23].
DSP Report: operator p_reg_reg[23]0 is absorbed into DSP p_reg_reg[23].
DSP Report: operator p_reg_reg[23]0 is absorbed into DSP p_reg_reg[23].
DSP Report: Generating DSP p_reg_reg[24]0, operation Mode is: A2*B.
DSP Report: register p_reg_reg[24]0 is absorbed into DSP p_reg_reg[24]0.
DSP Report: operator p_reg_reg[24]0 is absorbed into DSP p_reg_reg[24]0.
DSP Report: operator p_reg_reg[24]0 is absorbed into DSP p_reg_reg[24]0.
DSP Report: Generating DSP p_reg_reg[24], operation Mode is: (PCIN>>17)+A*B.
DSP Report: register p_reg_reg[24] is absorbed into DSP p_reg_reg[24].
DSP Report: operator p_reg_reg[24]0 is absorbed into DSP p_reg_reg[24].
DSP Report: operator p_reg_reg[24]0 is absorbed into DSP p_reg_reg[24].
DSP Report: Generating DSP p_reg_reg[27]0, operation Mode is: A2*B.
DSP Report: register p_reg_reg[27]0 is absorbed into DSP p_reg_reg[27]0.
DSP Report: operator p_reg_reg[27]0 is absorbed into DSP p_reg_reg[27]0.
DSP Report: operator p_reg_reg[27]0 is absorbed into DSP p_reg_reg[27]0.
DSP Report: Generating DSP p_reg_reg[27], operation Mode is: (PCIN>>17)+A*B.
DSP Report: register p_reg_reg[27] is absorbed into DSP p_reg_reg[27].
DSP Report: operator p_reg_reg[27]0 is absorbed into DSP p_reg_reg[27].
DSP Report: operator p_reg_reg[27]0 is absorbed into DSP p_reg_reg[27].
DSP Report: Generating DSP p_reg_reg[29]0, operation Mode is: A2*B.
DSP Report: register p_reg_reg[29]0 is absorbed into DSP p_reg_reg[29]0.
DSP Report: operator p_reg_reg[29]0 is absorbed into DSP p_reg_reg[29]0.
DSP Report: operator p_reg_reg[29]0 is absorbed into DSP p_reg_reg[29]0.
DSP Report: Generating DSP p_reg_reg[29], operation Mode is: (PCIN>>17)+A2*B.
DSP Report: register a_reg_reg[29] is absorbed into DSP p_reg_reg[29].
DSP Report: register p_reg_reg[29] is absorbed into DSP p_reg_reg[29].
DSP Report: operator p_reg_reg[29]0 is absorbed into DSP p_reg_reg[29].
DSP Report: operator p_reg_reg[29]0 is absorbed into DSP p_reg_reg[29].
DSP Report: Generating DSP p_reg_reg[30]0, operation Mode is: A2*B.
DSP Report: register p_reg_reg[30]0 is absorbed into DSP p_reg_reg[30]0.
DSP Report: operator p_reg_reg[30]0 is absorbed into DSP p_reg_reg[30]0.
DSP Report: operator p_reg_reg[30]0 is absorbed into DSP p_reg_reg[30]0.
DSP Report: Generating DSP p_reg_reg[30], operation Mode is: (PCIN>>17)+A*B.
DSP Report: register p_reg_reg[30] is absorbed into DSP p_reg_reg[30].
DSP Report: operator p_reg_reg[30]0 is absorbed into DSP p_reg_reg[30].
DSP Report: operator p_reg_reg[30]0 is absorbed into DSP p_reg_reg[30].
DSP Report: Generating DSP p_reg_reg[73]0, operation Mode is: A2*B2.
DSP Report: register b_reg_reg[73] is absorbed into DSP p_reg_reg[73]0.
DSP Report: register p_reg_reg[73]0 is absorbed into DSP p_reg_reg[73]0.
DSP Report: operator p_reg_reg[73]0 is absorbed into DSP p_reg_reg[73]0.
DSP Report: operator p_reg_reg[73]0 is absorbed into DSP p_reg_reg[73]0.
DSP Report: Generating DSP p_reg_reg[73], operation Mode is: (PCIN>>17)+A2*B2.
DSP Report: register b_reg_reg[73] is absorbed into DSP p_reg_reg[73].
DSP Report: register a_reg_reg[73] is absorbed into DSP p_reg_reg[73].
DSP Report: register p_reg_reg[73] is absorbed into DSP p_reg_reg[73].
DSP Report: operator p_reg_reg[73]0 is absorbed into DSP p_reg_reg[73].
DSP Report: operator p_reg_reg[73]0 is absorbed into DSP p_reg_reg[73].
INFO: [Synth 8-5845] Not enough pipeline registers after wide multiplier. Recommended levels of pipeline registers is 2 [/home/orencollaco/GitHub/llama.vhdl/rtl/attn_mac_array.vhd:432]
INFO: [Synth 8-5845] Not enough pipeline registers after wide multiplier. Recommended levels of pipeline registers is 2 [/home/orencollaco/GitHub/llama.vhdl/rtl/attn_mac_array.vhd:432]
INFO: [Synth 8-5845] Not enough pipeline registers after wide multiplier. Recommended levels of pipeline registers is 2 [/home/orencollaco/GitHub/llama.vhdl/rtl/attn_mac_array.vhd:432]
INFO: [Synth 8-5845] Not enough pipeline registers after wide multiplier. Recommended levels of pipeline registers is 2 [/home/orencollaco/GitHub/llama.vhdl/rtl/attn_mac_array.vhd:432]
INFO: [Synth 8-5845] Not enough pipeline registers after wide multiplier. Recommended levels of pipeline registers is 2 [/home/orencollaco/GitHub/llama.vhdl/rtl/attn_mac_array.vhd:432]
INFO: [Synth 8-5845] Not enough pipeline registers after wide multiplier. Recommended levels of pipeline registers is 2 [/home/orencollaco/GitHub/llama.vhdl/rtl/attn_mac_array.vhd:432]
INFO: [Synth 8-5845] Not enough pipeline registers after wide multiplier. Recommended levels of pipeline registers is 2 [/home/orencollaco/GitHub/llama.vhdl/rtl/attn_mac_array.vhd:432]
INFO: [Synth 8-5845] Not enough pipeline registers after wide multiplier. Recommended levels of pipeline registers is 2 [/home/orencollaco/GitHub/llama.vhdl/rtl/attn_mac_array.vhd:432]
INFO: [Synth 8-5845] Not enough pipeline registers after wide multiplier. Recommended levels of pipeline registers is 2 [/home/orencollaco/GitHub/llama.vhdl/rtl/attn_mac_array.vhd:432]
INFO: [Synth 8-5845] Not enough pipeline registers after wide multiplier. Recommended levels of pipeline registers is 2 [/home/orencollaco/GitHub/llama.vhdl/rtl/attn_mac_array.vhd:432]
INFO: [Synth 8-5845] Not enough pipeline registers after wide multiplier. Recommended levels of pipeline registers is 2 [/home/orencollaco/GitHub/llama.vhdl/rtl/attn_mac_array.vhd:432]
INFO: [Synth 8-5845] Not enough pipeline registers after wide multiplier. Recommended levels of pipeline registers is 2 [/home/orencollaco/GitHub/llama.vhdl/rtl/attn_mac_array.vhd:432]
INFO: [Synth 8-5845] Not enough pipeline registers after wide multiplier. Recommended levels of pipeline registers is 2 [/home/orencollaco/GitHub/llama.vhdl/rtl/attn_mac_array.vhd:432]
INFO: [Synth 8-5845] Not enough pipeline registers after wide multiplier. Recommended levels of pipeline registers is 2 [/home/orencollaco/GitHub/llama.vhdl/rtl/attn_mac_array.vhd:432]
INFO: [Synth 8-5845] Not enough pipeline registers after wide multiplier. Recommended levels of pipeline registers is 2 [/home/orencollaco/GitHub/llama.vhdl/rtl/attn_mac_array.vhd:432]
INFO: [Synth 8-5845] Not enough pipeline registers after wide multiplier. Recommended levels of pipeline registers is 2 [/home/orencollaco/GitHub/llama.vhdl/rtl/attn_mac_array.vhd:432]
INFO: [Synth 8-5845] Not enough pipeline registers after wide multiplier. Recommended levels of pipeline registers is 2 [/home/orencollaco/GitHub/llama.vhdl/rtl/attn_mac_array.vhd:432]
INFO: [Synth 8-5845] Not enough pipeline registers after wide multiplier. Recommended levels of pipeline registers is 2 [/home/orencollaco/GitHub/llama.vhdl/rtl/attn_mac_array.vhd:432]
INFO: [Synth 8-5845] Not enough pipeline registers after wide multiplier. Recommended levels of pipeline registers is 2 [/home/orencollaco/GitHub/llama.vhdl/rtl/attn_mac_array.vhd:432]
INFO: [Synth 8-5845] Not enough pipeline registers after wide multiplier. Recommended levels of pipeline registers is 2 [/home/orencollaco/GitHub/llama.vhdl/rtl/attn_mac_array.vhd:432]
INFO: [Synth 8-5845] Not enough pipeline registers after wide multiplier. Recommended levels of pipeline registers is 2 [/home/orencollaco/GitHub/llama.vhdl/rtl/attn_mac_array.vhd:432]
INFO: [Synth 8-5845] Not enough pipeline registers after wide multiplier. Recommended levels of pipeline registers is 2 [/home/orencollaco/GitHub/llama.vhdl/rtl/attn_mac_array.vhd:432]
INFO: [Synth 8-5845] Not enough pipeline registers after wide multiplier. Recommended levels of pipeline registers is 2 [/home/orencollaco/GitHub/llama.vhdl/rtl/attn_mac_array.vhd:432]
INFO: [Synth 8-5845] Not enough pipeline registers after wide multiplier. Recommended levels of pipeline registers is 2 [/home/orencollaco/GitHub/llama.vhdl/rtl/attn_mac_array.vhd:432]
INFO: [Synth 8-5845] Not enough pipeline registers after wide multiplier. Recommended levels of pipeline registers is 2 [/home/orencollaco/GitHub/llama.vhdl/rtl/attn_mac_array.vhd:432]
DSP Report: Generating DSP p_reg_reg[96]0, operation Mode is: A2*B.
DSP Report: register p_reg_reg[96]0 is absorbed into DSP p_reg_reg[96]0.
DSP Report: operator p_reg_reg[96]0 is absorbed into DSP p_reg_reg[96]0.
DSP Report: operator p_reg_reg[96]0 is absorbed into DSP p_reg_reg[96]0.
DSP Report: Generating DSP p_reg_reg[96], operation Mode is: (PCIN>>17)+A2*B.
DSP Report: register a_reg_reg[96] is absorbed into DSP p_reg_reg[96].
DSP Report: register p_reg_reg[96] is absorbed into DSP p_reg_reg[96].
DSP Report: operator p_reg_reg[96]0 is absorbed into DSP p_reg_reg[96].
DSP Report: operator p_reg_reg[96]0 is absorbed into DSP p_reg_reg[96].
DSP Report: Generating DSP p_reg_reg[112]0, operation Mode is: A2*B2.
DSP Report: register b_reg_reg[112] is absorbed into DSP p_reg_reg[112]0.
DSP Report: register p_reg_reg[112]0 is absorbed into DSP p_reg_reg[112]0.
DSP Report: operator p_reg_reg[112]0 is absorbed into DSP p_reg_reg[112]0.
DSP Report: operator p_reg_reg[112]0 is absorbed into DSP p_reg_reg[112]0.
DSP Report: Generating DSP p_reg_reg[112], operation Mode is: (PCIN>>17)+A2*B2.
DSP Report: register b_reg_reg[112] is absorbed into DSP p_reg_reg[112].
DSP Report: register a_reg_reg[112] is absorbed into DSP p_reg_reg[112].
DSP Report: register p_reg_reg[112] is absorbed into DSP p_reg_reg[112].
DSP Report: operator p_reg_reg[112]0 is absorbed into DSP p_reg_reg[112].
DSP Report: operator p_reg_reg[112]0 is absorbed into DSP p_reg_reg[112].
DSP Report: Generating DSP p_reg_reg[127]0, operation Mode is: A2*B.
DSP Report: register p_reg_reg[127]0 is absorbed into DSP p_reg_reg[127]0.
DSP Report: operator p_reg_reg[127]0 is absorbed into DSP p_reg_reg[127]0.
DSP Report: operator p_reg_reg[127]0 is absorbed into DSP p_reg_reg[127]0.
DSP Report: Generating DSP p_reg_reg[127], operation Mode is: (PCIN>>17)+A2*B.
DSP Report: register a_reg_reg[127] is absorbed into DSP p_reg_reg[127].
DSP Report: register p_reg_reg[127] is absorbed into DSP p_reg_reg[127].
DSP Report: operator p_reg_reg[127]0 is absorbed into DSP p_reg_reg[127].
DSP Report: operator p_reg_reg[127]0 is absorbed into DSP p_reg_reg[127].
DSP Report: Generating DSP p_reg_reg[109]0, operation Mode is: A2*B.
DSP Report: register p_reg_reg[109]0 is absorbed into DSP p_reg_reg[109]0.
DSP Report: operator p_reg_reg[109]0 is absorbed into DSP p_reg_reg[109]0.
DSP Report: operator p_reg_reg[109]0 is absorbed into DSP p_reg_reg[109]0.
DSP Report: Generating DSP p_reg_reg[109], operation Mode is: (PCIN>>17)+A*B.
DSP Report: register p_reg_reg[109] is absorbed into DSP p_reg_reg[109].
DSP Report: operator p_reg_reg[109]0 is absorbed into DSP p_reg_reg[109].
DSP Report: operator p_reg_reg[109]0 is absorbed into DSP p_reg_reg[109].
DSP Report: Generating DSP p_reg_reg[114]0, operation Mode is: A2*B.
DSP Report: register p_reg_reg[114]0 is absorbed into DSP p_reg_reg[114]0.
DSP Report: operator p_reg_reg[114]0 is absorbed into DSP p_reg_reg[114]0.
DSP Report: operator p_reg_reg[114]0 is absorbed into DSP p_reg_reg[114]0.
DSP Report: Generating DSP p_reg_reg[114], operation Mode is: (PCIN>>17)+A2*B.
DSP Report: register a_reg_reg[114] is absorbed into DSP p_reg_reg[114].
DSP Report: register p_reg_reg[114] is absorbed into DSP p_reg_reg[114].
DSP Report: operator p_reg_reg[114]0 is absorbed into DSP p_reg_reg[114].
DSP Report: operator p_reg_reg[114]0 is absorbed into DSP p_reg_reg[114].
DSP Report: Generating DSP p_reg_reg[110]0, operation Mode is: A2*B2.
DSP Report: register b_reg_reg[110] is absorbed into DSP p_reg_reg[110]0.
DSP Report: register p_reg_reg[110]0 is absorbed into DSP p_reg_reg[110]0.
DSP Report: operator p_reg_reg[110]0 is absorbed into DSP p_reg_reg[110]0.
DSP Report: operator p_reg_reg[110]0 is absorbed into DSP p_reg_reg[110]0.
DSP Report: Generating DSP p_reg_reg[110], operation Mode is: (PCIN>>17)+A2*B2.
DSP Report: register b_reg_reg[110] is absorbed into DSP p_reg_reg[110].
DSP Report: register a_reg_reg[110] is absorbed into DSP p_reg_reg[110].
DSP Report: register p_reg_reg[110] is absorbed into DSP p_reg_reg[110].
DSP Report: operator p_reg_reg[110]0 is absorbed into DSP p_reg_reg[110].
DSP Report: operator p_reg_reg[110]0 is absorbed into DSP p_reg_reg[110].
DSP Report: Generating DSP p_reg_reg[113]0, operation Mode is: A2*B2.
DSP Report: register b_reg_reg[113] is absorbed into DSP p_reg_reg[113]0.
DSP Report: register p_reg_reg[113]0 is absorbed into DSP p_reg_reg[113]0.
DSP Report: operator p_reg_reg[113]0 is absorbed into DSP p_reg_reg[113]0.
DSP Report: operator p_reg_reg[113]0 is absorbed into DSP p_reg_reg[113]0.
DSP Report: Generating DSP p_reg_reg[113], operation Mode is: (PCIN>>17)+A*B2.
DSP Report: register b_reg_reg[113] is absorbed into DSP p_reg_reg[113].
DSP Report: register p_reg_reg[113] is absorbed into DSP p_reg_reg[113].
DSP Report: operator p_reg_reg[113]0 is absorbed into DSP p_reg_reg[113].
DSP Report: operator p_reg_reg[113]0 is absorbed into DSP p_reg_reg[113].
DSP Report: Generating DSP p_reg_reg[97]0, operation Mode is: A2*B.
DSP Report: register p_reg_reg[97]0 is absorbed into DSP p_reg_reg[97]0.
DSP Report: operator p_reg_reg[97]0 is absorbed into DSP p_reg_reg[97]0.
DSP Report: operator p_reg_reg[97]0 is absorbed into DSP p_reg_reg[97]0.
DSP Report: Generating DSP p_reg_reg[97], operation Mode is: (PCIN>>17)+A2*B.
DSP Report: register a_reg_reg[97] is absorbed into DSP p_reg_reg[97].
DSP Report: register p_reg_reg[97] is absorbed into DSP p_reg_reg[97].
DSP Report: operator p_reg_reg[97]0 is absorbed into DSP p_reg_reg[97].
DSP Report: operator p_reg_reg[97]0 is absorbed into DSP p_reg_reg[97].
DSP Report: Generating DSP p_reg_reg[107]0, operation Mode is: A2*B2.
DSP Report: register b_reg_reg[107] is absorbed into DSP p_reg_reg[107]0.
DSP Report: register p_reg_reg[107]0 is absorbed into DSP p_reg_reg[107]0.
DSP Report: operator p_reg_reg[107]0 is absorbed into DSP p_reg_reg[107]0.
DSP Report: operator p_reg_reg[107]0 is absorbed into DSP p_reg_reg[107]0.
DSP Report: Generating DSP p_reg_reg[107], operation Mode is: (PCIN>>17)+A2*B2.
DSP Report: register b_reg_reg[107] is absorbed into DSP p_reg_reg[107].
DSP Report: register a_reg_reg[107] is absorbed into DSP p_reg_reg[107].
DSP Report: register p_reg_reg[107] is absorbed into DSP p_reg_reg[107].
DSP Report: operator p_reg_reg[107]0 is absorbed into DSP p_reg_reg[107].
DSP Report: operator p_reg_reg[107]0 is absorbed into DSP p_reg_reg[107].
DSP Report: Generating DSP p_reg_reg[74]0, operation Mode is: A2*B2.
DSP Report: register b_reg_reg[74] is absorbed into DSP p_reg_reg[74]0.
DSP Report: register p_reg_reg[74]0 is absorbed into DSP p_reg_reg[74]0.
DSP Report: operator p_reg_reg[74]0 is absorbed into DSP p_reg_reg[74]0.
DSP Report: operator p_reg_reg[74]0 is absorbed into DSP p_reg_reg[74]0.
DSP Report: Generating DSP p_reg_reg[74], operation Mode is: (PCIN>>17)+A*B2.
DSP Report: register b_reg_reg[74] is absorbed into DSP p_reg_reg[74].
DSP Report: register p_reg_reg[74] is absorbed into DSP p_reg_reg[74].
DSP Report: operator p_reg_reg[74]0 is absorbed into DSP p_reg_reg[74].
DSP Report: operator p_reg_reg[74]0 is absorbed into DSP p_reg_reg[74].
DSP Report: Generating DSP p_reg_reg[98]0, operation Mode is: A2*B.
DSP Report: register p_reg_reg[98]0 is absorbed into DSP p_reg_reg[98]0.
DSP Report: operator p_reg_reg[98]0 is absorbed into DSP p_reg_reg[98]0.
DSP Report: operator p_reg_reg[98]0 is absorbed into DSP p_reg_reg[98]0.
DSP Report: Generating DSP p_reg_reg[98], operation Mode is: (PCIN>>17)+A2*B.
DSP Report: register a_reg_reg[98] is absorbed into DSP p_reg_reg[98].
DSP Report: register p_reg_reg[98] is absorbed into DSP p_reg_reg[98].
DSP Report: operator p_reg_reg[98]0 is absorbed into DSP p_reg_reg[98].
DSP Report: operator p_reg_reg[98]0 is absorbed into DSP p_reg_reg[98].
DSP Report: Generating DSP p_reg_reg[100]0, operation Mode is: A2*B2.
DSP Report: register b_reg_reg[100] is absorbed into DSP p_reg_reg[100]0.
DSP Report: register p_reg_reg[100]0 is absorbed into DSP p_reg_reg[100]0.
DSP Report: operator p_reg_reg[100]0 is absorbed into DSP p_reg_reg[100]0.
DSP Report: operator p_reg_reg[100]0 is absorbed into DSP p_reg_reg[100]0.
DSP Report: Generating DSP p_reg_reg[100], operation Mode is: (PCIN>>17)+A2*B2.
DSP Report: register b_reg_reg[100] is absorbed into DSP p_reg_reg[100].
DSP Report: register a_reg_reg[100] is absorbed into DSP p_reg_reg[100].
DSP Report: register p_reg_reg[100] is absorbed into DSP p_reg_reg[100].
DSP Report: operator p_reg_reg[100]0 is absorbed into DSP p_reg_reg[100].
DSP Report: operator p_reg_reg[100]0 is absorbed into DSP p_reg_reg[100].
DSP Report: Generating DSP p_reg_reg[101]0, operation Mode is: A2*B.
DSP Report: register p_reg_reg[101]0 is absorbed into DSP p_reg_reg[101]0.
DSP Report: operator p_reg_reg[101]0 is absorbed into DSP p_reg_reg[101]0.
DSP Report: operator p_reg_reg[101]0 is absorbed into DSP p_reg_reg[101]0.
DSP Report: Generating DSP p_reg_reg[101], operation Mode is: (PCIN>>17)+A2*B.
DSP Report: register a_reg_reg[101] is absorbed into DSP p_reg_reg[101].
DSP Report: register p_reg_reg[101] is absorbed into DSP p_reg_reg[101].
DSP Report: operator p_reg_reg[101]0 is absorbed into DSP p_reg_reg[101].
DSP Report: operator p_reg_reg[101]0 is absorbed into DSP p_reg_reg[101].
DSP Report: Generating DSP p_reg_reg[103]0, operation Mode is: A2*B2.
DSP Report: register b_reg_reg[103] is absorbed into DSP p_reg_reg[103]0.
DSP Report: register p_reg_reg[103]0 is absorbed into DSP p_reg_reg[103]0.
DSP Report: operator p_reg_reg[103]0 is absorbed into DSP p_reg_reg[103]0.
DSP Report: operator p_reg_reg[103]0 is absorbed into DSP p_reg_reg[103]0.
DSP Report: Generating DSP p_reg_reg[103], operation Mode is: (PCIN>>17)+A2*B2.
DSP Report: register b_reg_reg[103] is absorbed into DSP p_reg_reg[103].
DSP Report: register a_reg_reg[103] is absorbed into DSP p_reg_reg[103].
DSP Report: register p_reg_reg[103] is absorbed into DSP p_reg_reg[103].
DSP Report: operator p_reg_reg[103]0 is absorbed into DSP p_reg_reg[103].
DSP Report: operator p_reg_reg[103]0 is absorbed into DSP p_reg_reg[103].
DSP Report: Generating DSP p_reg_reg[105]0, operation Mode is: A2*B2.
DSP Report: register b_reg_reg[105] is absorbed into DSP p_reg_reg[105]0.
DSP Report: register p_reg_reg[105]0 is absorbed into DSP p_reg_reg[105]0.
DSP Report: operator p_reg_reg[105]0 is absorbed into DSP p_reg_reg[105]0.
DSP Report: operator p_reg_reg[105]0 is absorbed into DSP p_reg_reg[105]0.
DSP Report: Generating DSP p_reg_reg[105], operation Mode is: (PCIN>>17)+A*B2.
DSP Report: register b_reg_reg[105] is absorbed into DSP p_reg_reg[105].
DSP Report: register p_reg_reg[105] is absorbed into DSP p_reg_reg[105].
DSP Report: operator p_reg_reg[105]0 is absorbed into DSP p_reg_reg[105].
DSP Report: operator p_reg_reg[105]0 is absorbed into DSP p_reg_reg[105].
DSP Report: Generating DSP p_reg_reg[106]0, operation Mode is: A2*B2.
DSP Report: register b_reg_reg[106] is absorbed into DSP p_reg_reg[106]0.
DSP Report: register p_reg_reg[106]0 is absorbed into DSP p_reg_reg[106]0.
DSP Report: operator p_reg_reg[106]0 is absorbed into DSP p_reg_reg[106]0.
DSP Report: operator p_reg_reg[106]0 is absorbed into DSP p_reg_reg[106]0.
DSP Report: Generating DSP p_reg_reg[106], operation Mode is: (PCIN>>17)+A2*B2.
DSP Report: register b_reg_reg[106] is absorbed into DSP p_reg_reg[106].
DSP Report: register a_reg_reg[106] is absorbed into DSP p_reg_reg[106].
DSP Report: register p_reg_reg[106] is absorbed into DSP p_reg_reg[106].
DSP Report: operator p_reg_reg[106]0 is absorbed into DSP p_reg_reg[106].
DSP Report: operator p_reg_reg[106]0 is absorbed into DSP p_reg_reg[106].
DSP Report: Generating DSP p_reg_reg[115]0, operation Mode is: A2*B.
DSP Report: register p_reg_reg[115]0 is absorbed into DSP p_reg_reg[115]0.
DSP Report: operator p_reg_reg[115]0 is absorbed into DSP p_reg_reg[115]0.
DSP Report: operator p_reg_reg[115]0 is absorbed into DSP p_reg_reg[115]0.
DSP Report: Generating DSP p_reg_reg[115], operation Mode is: (PCIN>>17)+A2*B.
DSP Report: register a_reg_reg[115] is absorbed into DSP p_reg_reg[115].
DSP Report: register p_reg_reg[115] is absorbed into DSP p_reg_reg[115].
DSP Report: operator p_reg_reg[115]0 is absorbed into DSP p_reg_reg[115].
DSP Report: operator p_reg_reg[115]0 is absorbed into DSP p_reg_reg[115].
DSP Report: Generating DSP p_reg_reg[116]0, operation Mode is: A2*B2.
DSP Report: register b_reg_reg[116] is absorbed into DSP p_reg_reg[116]0.
DSP Report: register p_reg_reg[116]0 is absorbed into DSP p_reg_reg[116]0.
DSP Report: operator p_reg_reg[116]0 is absorbed into DSP p_reg_reg[116]0.
DSP Report: operator p_reg_reg[116]0 is absorbed into DSP p_reg_reg[116]0.
DSP Report: Generating DSP p_reg_reg[116], operation Mode is: (PCIN>>17)+A*B2.
DSP Report: register b_reg_reg[116] is absorbed into DSP p_reg_reg[116].
DSP Report: register p_reg_reg[116] is absorbed into DSP p_reg_reg[116].
DSP Report: operator p_reg_reg[116]0 is absorbed into DSP p_reg_reg[116].
DSP Report: operator p_reg_reg[116]0 is absorbed into DSP p_reg_reg[116].
DSP Report: Generating DSP p_reg_reg[117]0, operation Mode is: A2*B.
DSP Report: register p_reg_reg[117]0 is absorbed into DSP p_reg_reg[117]0.
DSP Report: operator p_reg_reg[117]0 is absorbed into DSP p_reg_reg[117]0.
DSP Report: operator p_reg_reg[117]0 is absorbed into DSP p_reg_reg[117]0.
DSP Report: Generating DSP p_reg_reg[117], operation Mode is: (PCIN>>17)+A*B.
DSP Report: register p_reg_reg[117] is absorbed into DSP p_reg_reg[117].
DSP Report: operator p_reg_reg[117]0 is absorbed into DSP p_reg_reg[117].
DSP Report: operator p_reg_reg[117]0 is absorbed into DSP p_reg_reg[117].
DSP Report: Generating DSP p_reg_reg[119]0, operation Mode is: A2*B2.
DSP Report: register b_reg_reg[119] is absorbed into DSP p_reg_reg[119]0.
DSP Report: register p_reg_reg[119]0 is absorbed into DSP p_reg_reg[119]0.
DSP Report: operator p_reg_reg[119]0 is absorbed into DSP p_reg_reg[119]0.
DSP Report: operator p_reg_reg[119]0 is absorbed into DSP p_reg_reg[119]0.
DSP Report: Generating DSP p_reg_reg[119], operation Mode is: (PCIN>>17)+A*B2.
DSP Report: register b_reg_reg[119] is absorbed into DSP p_reg_reg[119].
DSP Report: register p_reg_reg[119] is absorbed into DSP p_reg_reg[119].
DSP Report: operator p_reg_reg[119]0 is absorbed into DSP p_reg_reg[119].
DSP Report: operator p_reg_reg[119]0 is absorbed into DSP p_reg_reg[119].
DSP Report: Generating DSP p_reg_reg[120]0, operation Mode is: A2*B2.
DSP Report: register b_reg_reg[120] is absorbed into DSP p_reg_reg[120]0.
DSP Report: register p_reg_reg[120]0 is absorbed into DSP p_reg_reg[120]0.
DSP Report: operator p_reg_reg[120]0 is absorbed into DSP p_reg_reg[120]0.
DSP Report: operator p_reg_reg[120]0 is absorbed into DSP p_reg_reg[120]0.
DSP Report: Generating DSP p_reg_reg[120], operation Mode is: (PCIN>>17)+A2*B2.
DSP Report: register b_reg_reg[120] is absorbed into DSP p_reg_reg[120].
DSP Report: register a_reg_reg[120] is absorbed into DSP p_reg_reg[120].
DSP Report: register p_reg_reg[120] is absorbed into DSP p_reg_reg[120].
DSP Report: operator p_reg_reg[120]0 is absorbed into DSP p_reg_reg[120].
DSP Report: operator p_reg_reg[120]0 is absorbed into DSP p_reg_reg[120].
DSP Report: Generating DSP p_reg_reg[121]0, operation Mode is: A2*B.
DSP Report: register p_reg_reg[121]0 is absorbed into DSP p_reg_reg[121]0.
DSP Report: operator p_reg_reg[121]0 is absorbed into DSP p_reg_reg[121]0.
DSP Report: operator p_reg_reg[121]0 is absorbed into DSP p_reg_reg[121]0.
DSP Report: Generating DSP p_reg_reg[121], operation Mode is: (PCIN>>17)+A2*B.
DSP Report: register a_reg_reg[121] is absorbed into DSP p_reg_reg[121].
DSP Report: register p_reg_reg[121] is absorbed into DSP p_reg_reg[121].
DSP Report: operator p_reg_reg[121]0 is absorbed into DSP p_reg_reg[121].
DSP Report: operator p_reg_reg[121]0 is absorbed into DSP p_reg_reg[121].
DSP Report: Generating DSP p_reg_reg[124]0, operation Mode is: A2*B.
DSP Report: register p_reg_reg[124]0 is absorbed into DSP p_reg_reg[124]0.
DSP Report: operator p_reg_reg[124]0 is absorbed into DSP p_reg_reg[124]0.
DSP Report: operator p_reg_reg[124]0 is absorbed into DSP p_reg_reg[124]0.
DSP Report: Generating DSP p_reg_reg[124], operation Mode is: (PCIN>>17)+A2*B.
DSP Report: register a_reg_reg[124] is absorbed into DSP p_reg_reg[124].
DSP Report: register p_reg_reg[124] is absorbed into DSP p_reg_reg[124].
DSP Report: operator p_reg_reg[124]0 is absorbed into DSP p_reg_reg[124].
DSP Report: operator p_reg_reg[124]0 is absorbed into DSP p_reg_reg[124].
DSP Report: Generating DSP p_reg_reg[15]0, operation Mode is: A2*B.
DSP Report: register p_reg_reg[15]0 is absorbed into DSP p_reg_reg[15]0.
DSP Report: operator p_reg_reg[15]0 is absorbed into DSP p_reg_reg[15]0.
DSP Report: operator p_reg_reg[15]0 is absorbed into DSP p_reg_reg[15]0.
DSP Report: Generating DSP p_reg_reg[15], operation Mode is: (PCIN>>17)+A*B.
DSP Report: register p_reg_reg[15] is absorbed into DSP p_reg_reg[15].
DSP Report: operator p_reg_reg[15]0 is absorbed into DSP p_reg_reg[15].
DSP Report: operator p_reg_reg[15]0 is absorbed into DSP p_reg_reg[15].
DSP Report: Generating DSP p_reg_reg[25]0, operation Mode is: A2*B2.
DSP Report: register b_reg_reg[25] is absorbed into DSP p_reg_reg[25]0.
DSP Report: register p_reg_reg[25]0 is absorbed into DSP p_reg_reg[25]0.
DSP Report: operator p_reg_reg[25]0 is absorbed into DSP p_reg_reg[25]0.
DSP Report: operator p_reg_reg[25]0 is absorbed into DSP p_reg_reg[25]0.
DSP Report: Generating DSP p_reg_reg[25], operation Mode is: (PCIN>>17)+A*B2.
DSP Report: register b_reg_reg[25] is absorbed into DSP p_reg_reg[25].
DSP Report: register p_reg_reg[25] is absorbed into DSP p_reg_reg[25].
DSP Report: operator p_reg_reg[25]0 is absorbed into DSP p_reg_reg[25].
DSP Report: operator p_reg_reg[25]0 is absorbed into DSP p_reg_reg[25].
INFO: [Synth 8-5845] Not enough pipeline registers after wide multiplier. Recommended levels of pipeline registers is 2 [/home/orencollaco/GitHub/llama.vhdl/rtl/attn_mac_array.vhd:432]
INFO: [Synth 8-5845] Not enough pipeline registers after wide multiplier. Recommended levels of pipeline registers is 2 [/home/orencollaco/GitHub/llama.vhdl/rtl/attn_mac_array.vhd:432]
DSP Report: Generating DSP p_reg_reg[75]0, operation Mode is: A2*B2.
DSP Report: register b_reg_reg[75] is absorbed into DSP p_reg_reg[75]0.
DSP Report: register p_reg_reg[75]0 is absorbed into DSP p_reg_reg[75]0.
DSP Report: operator p_reg_reg[75]0 is absorbed into DSP p_reg_reg[75]0.
DSP Report: operator p_reg_reg[75]0 is absorbed into DSP p_reg_reg[75]0.
DSP Report: Generating DSP p_reg_reg[75], operation Mode is: (PCIN>>17)+A2*B2.
DSP Report: register b_reg_reg[75] is absorbed into DSP p_reg_reg[75].
DSP Report: register a_reg_reg[75] is absorbed into DSP p_reg_reg[75].
DSP Report: register p_reg_reg[75] is absorbed into DSP p_reg_reg[75].
DSP Report: operator p_reg_reg[75]0 is absorbed into DSP p_reg_reg[75].
DSP Report: operator p_reg_reg[75]0 is absorbed into DSP p_reg_reg[75].
DSP Report: Generating DSP p_reg_reg[80]0, operation Mode is: A*B2.
DSP Report: register b_reg_reg[80] is absorbed into DSP p_reg_reg[80]0.
DSP Report: operator p_reg_reg[80]0 is absorbed into DSP p_reg_reg[80]0.
DSP Report: operator p_reg_reg[80]0 is absorbed into DSP p_reg_reg[80]0.
DSP Report: Generating DSP p_reg_reg[80], operation Mode is: (PCIN>>17)+A*B2.
DSP Report: register b_reg_reg[80] is absorbed into DSP p_reg_reg[80].
DSP Report: register p_reg_reg[80] is absorbed into DSP p_reg_reg[80].
DSP Report: operator p_reg_reg[80]0 is absorbed into DSP p_reg_reg[80].
DSP Report: operator p_reg_reg[80]0 is absorbed into DSP p_reg_reg[80].
INFO: [Synth 8-5845] Not enough pipeline registers after wide multiplier. Recommended levels of pipeline registers is 2 [/home/orencollaco/GitHub/llama.vhdl/rtl/attn_mac_array.vhd:432]
INFO: [Synth 8-5845] Not enough pipeline registers after wide multiplier. Recommended levels of pipeline registers is 2 [/home/orencollaco/GitHub/llama.vhdl/rtl/attn_mac_array.vhd:432]
INFO: [Synth 8-5845] Not enough pipeline registers after wide multiplier. Recommended levels of pipeline registers is 2 [/home/orencollaco/GitHub/llama.vhdl/rtl/attn_mac_array.vhd:432]
INFO: [Synth 8-5845] Not enough pipeline registers after wide multiplier. Recommended levels of pipeline registers is 2 [/home/orencollaco/GitHub/llama.vhdl/rtl/attn_mac_array.vhd:432]
DSP Report: Generating DSP p_reg_reg[90]0, operation Mode is: A2*B2.
DSP Report: register b_reg_reg[90] is absorbed into DSP p_reg_reg[90]0.
DSP Report: register p_reg_reg[90]0 is absorbed into DSP p_reg_reg[90]0.
DSP Report: operator p_reg_reg[90]0 is absorbed into DSP p_reg_reg[90]0.
DSP Report: operator p_reg_reg[90]0 is absorbed into DSP p_reg_reg[90]0.
DSP Report: Generating DSP p_reg_reg[90], operation Mode is: (PCIN>>17)+A2*B2.
DSP Report: register b_reg_reg[90] is absorbed into DSP p_reg_reg[90].
DSP Report: register a_reg_reg[90] is absorbed into DSP p_reg_reg[90].
DSP Report: register p_reg_reg[90] is absorbed into DSP p_reg_reg[90].
DSP Report: operator p_reg_reg[90]0 is absorbed into DSP p_reg_reg[90].
DSP Report: operator p_reg_reg[90]0 is absorbed into DSP p_reg_reg[90].
DSP Report: Generating DSP p_reg_reg[63]0, operation Mode is: A2*B2.
DSP Report: register b_reg_reg[63] is absorbed into DSP p_reg_reg[63]0.
DSP Report: register p_reg_reg[63]0 is absorbed into DSP p_reg_reg[63]0.
DSP Report: operator p_reg_reg[63]0 is absorbed into DSP p_reg_reg[63]0.
DSP Report: operator p_reg_reg[63]0 is absorbed into DSP p_reg_reg[63]0.
DSP Report: Generating DSP p_reg_reg[63], operation Mode is: (PCIN>>17)+A2*B2.
DSP Report: register b_reg_reg[63] is absorbed into DSP p_reg_reg[63].
DSP Report: register a_reg_reg[63] is absorbed into DSP p_reg_reg[63].
DSP Report: register p_reg_reg[63] is absorbed into DSP p_reg_reg[63].
DSP Report: operator p_reg_reg[63]0 is absorbed into DSP p_reg_reg[63].
DSP Report: operator p_reg_reg[63]0 is absorbed into DSP p_reg_reg[63].
DSP Report: Generating DSP p_reg_reg[67]0, operation Mode is: A2*B.
DSP Report: register p_reg_reg[67]0 is absorbed into DSP p_reg_reg[67]0.
DSP Report: operator p_reg_reg[67]0 is absorbed into DSP p_reg_reg[67]0.
DSP Report: operator p_reg_reg[67]0 is absorbed into DSP p_reg_reg[67]0.
DSP Report: Generating DSP p_reg_reg[67], operation Mode is: (PCIN>>17)+A2*B.
DSP Report: register a_reg_reg[67] is absorbed into DSP p_reg_reg[67].
DSP Report: register p_reg_reg[67] is absorbed into DSP p_reg_reg[67].
DSP Report: operator p_reg_reg[67]0 is absorbed into DSP p_reg_reg[67].
DSP Report: operator p_reg_reg[67]0 is absorbed into DSP p_reg_reg[67].
DSP Report: Generating DSP p_reg_reg[78]0, operation Mode is: A2*B2.
DSP Report: register b_reg_reg[78] is absorbed into DSP p_reg_reg[78]0.
DSP Report: register p_reg_reg[78]0 is absorbed into DSP p_reg_reg[78]0.
DSP Report: operator p_reg_reg[78]0 is absorbed into DSP p_reg_reg[78]0.
DSP Report: operator p_reg_reg[78]0 is absorbed into DSP p_reg_reg[78]0.
DSP Report: Generating DSP p_reg_reg[78], operation Mode is: (PCIN>>17)+A2*B2.
DSP Report: register b_reg_reg[78] is absorbed into DSP p_reg_reg[78].
DSP Report: register a_reg_reg[78] is absorbed into DSP p_reg_reg[78].
DSP Report: register p_reg_reg[78] is absorbed into DSP p_reg_reg[78].
DSP Report: operator p_reg_reg[78]0 is absorbed into DSP p_reg_reg[78].
DSP Report: operator p_reg_reg[78]0 is absorbed into DSP p_reg_reg[78].
INFO: [Synth 8-5845] Not enough pipeline registers after wide multiplier. Recommended levels of pipeline registers is 2 [/home/orencollaco/GitHub/llama.vhdl/rtl/attn_mac_array.vhd:432]
INFO: [Synth 8-5845] Not enough pipeline registers after wide multiplier. Recommended levels of pipeline registers is 2 [/home/orencollaco/GitHub/llama.vhdl/rtl/attn_mac_array.vhd:432]
INFO: [Synth 8-5845] Not enough pipeline registers after wide multiplier. Recommended levels of pipeline registers is 2 [/home/orencollaco/GitHub/llama.vhdl/rtl/attn_mac_array.vhd:432]
INFO: [Synth 8-5845] Not enough pipeline registers after wide multiplier. Recommended levels of pipeline registers is 2 [/home/orencollaco/GitHub/llama.vhdl/rtl/attn_mac_array.vhd:432]
INFO: [Synth 8-5845] Not enough pipeline registers after wide multiplier. Recommended levels of pipeline registers is 2 [/home/orencollaco/GitHub/llama.vhdl/rtl/attn_mac_array.vhd:432]
INFO: [Synth 8-5845] Not enough pipeline registers after wide multiplier. Recommended levels of pipeline registers is 2 [/home/orencollaco/GitHub/llama.vhdl/rtl/attn_mac_array.vhd:432]
INFO: [Synth 8-5845] Not enough pipeline registers after wide multiplier. Recommended levels of pipeline registers is 2 [/home/orencollaco/GitHub/llama.vhdl/rtl/attn_mac_array.vhd:432]
INFO: [Synth 8-5845] Not enough pipeline registers after wide multiplier. Recommended levels of pipeline registers is 2 [/home/orencollaco/GitHub/llama.vhdl/rtl/attn_mac_array.vhd:432]
INFO: [Synth 8-5845] Not enough pipeline registers after wide multiplier. Recommended levels of pipeline registers is 2 [/home/orencollaco/GitHub/llama.vhdl/rtl/attn_mac_array.vhd:432]
INFO: [Synth 8-5845] Not enough pipeline registers after wide multiplier. Recommended levels of pipeline registers is 2 [/home/orencollaco/GitHub/llama.vhdl/rtl/attn_mac_array.vhd:432]
INFO: [Synth 8-5845] Not enough pipeline registers after wide multiplier. Recommended levels of pipeline registers is 2 [/home/orencollaco/GitHub/llama.vhdl/rtl/attn_mac_array.vhd:432]
INFO: [Synth 8-5845] Not enough pipeline registers after wide multiplier. Recommended levels of pipeline registers is 2 [/home/orencollaco/GitHub/llama.vhdl/rtl/attn_mac_array.vhd:432]
INFO: [Synth 8-5845] Not enough pipeline registers after wide multiplier. Recommended levels of pipeline registers is 2 [/home/orencollaco/GitHub/llama.vhdl/rtl/attn_mac_array.vhd:432]
INFO: [Synth 8-5845] Not enough pipeline registers after wide multiplier. Recommended levels of pipeline registers is 2 [/home/orencollaco/GitHub/llama.vhdl/rtl/attn_mac_array.vhd:432]
INFO: [Synth 8-5845] Not enough pipeline registers after wide multiplier. Recommended levels of pipeline registers is 2 [/home/orencollaco/GitHub/llama.vhdl/rtl/attn_mac_array.vhd:432]
DSP Report: Generating DSP p_reg_reg[71]0, operation Mode is: A2*B2.
DSP Report: register b_reg_reg[71] is absorbed into DSP p_reg_reg[71]0.
DSP Report: register p_reg_reg[71]0 is absorbed into DSP p_reg_reg[71]0.
DSP Report: operator p_reg_reg[71]0 is absorbed into DSP p_reg_reg[71]0.
DSP Report: operator p_reg_reg[71]0 is absorbed into DSP p_reg_reg[71]0.
DSP Report: Generating DSP p_reg_reg[71], operation Mode is: (PCIN>>17)+A2*B2.
DSP Report: register b_reg_reg[71] is absorbed into DSP p_reg_reg[71].
DSP Report: register a_reg_reg[71] is absorbed into DSP p_reg_reg[71].
DSP Report: register p_reg_reg[71] is absorbed into DSP p_reg_reg[71].
DSP Report: operator p_reg_reg[71]0 is absorbed into DSP p_reg_reg[71].
DSP Report: operator p_reg_reg[71]0 is absorbed into DSP p_reg_reg[71].
DSP Report: Generating DSP p_reg_reg[72]0, operation Mode is: A2*B.
DSP Report: register p_reg_reg[72]0 is absorbed into DSP p_reg_reg[72]0.
DSP Report: operator p_reg_reg[72]0 is absorbed into DSP p_reg_reg[72]0.
DSP Report: operator p_reg_reg[72]0 is absorbed into DSP p_reg_reg[72]0.
DSP Report: Generating DSP p_reg_reg[72], operation Mode is: (PCIN>>17)+A*B.
DSP Report: register p_reg_reg[72] is absorbed into DSP p_reg_reg[72].
DSP Report: operator p_reg_reg[72]0 is absorbed into DSP p_reg_reg[72].
DSP Report: operator p_reg_reg[72]0 is absorbed into DSP p_reg_reg[72].
DSP Report: Generating DSP p_reg_reg[68]0, operation Mode is: A2*B2.
DSP Report: register b_reg_reg[68] is absorbed into DSP p_reg_reg[68]0.
DSP Report: register p_reg_reg[68]0 is absorbed into DSP p_reg_reg[68]0.
DSP Report: operator p_reg_reg[68]0 is absorbed into DSP p_reg_reg[68]0.
DSP Report: operator p_reg_reg[68]0 is absorbed into DSP p_reg_reg[68]0.
DSP Report: Generating DSP p_reg_reg[68], operation Mode is: (PCIN>>17)+A*B2.
DSP Report: register b_reg_reg[68] is absorbed into DSP p_reg_reg[68].
DSP Report: register p_reg_reg[68] is absorbed into DSP p_reg_reg[68].
DSP Report: operator p_reg_reg[68]0 is absorbed into DSP p_reg_reg[68].
DSP Report: operator p_reg_reg[68]0 is absorbed into DSP p_reg_reg[68].
DSP Report: Generating DSP p_reg_reg[77]0, operation Mode is: A2*B2.
DSP Report: register b_reg_reg[77] is absorbed into DSP p_reg_reg[77]0.
DSP Report: register p_reg_reg[77]0 is absorbed into DSP p_reg_reg[77]0.
DSP Report: operator p_reg_reg[77]0 is absorbed into DSP p_reg_reg[77]0.
DSP Report: operator p_reg_reg[77]0 is absorbed into DSP p_reg_reg[77]0.
DSP Report: Generating DSP p_reg_reg[77], operation Mode is: (PCIN>>17)+A*B2.
DSP Report: register b_reg_reg[77] is absorbed into DSP p_reg_reg[77].
DSP Report: register p_reg_reg[77] is absorbed into DSP p_reg_reg[77].
DSP Report: operator p_reg_reg[77]0 is absorbed into DSP p_reg_reg[77].
DSP Report: operator p_reg_reg[77]0 is absorbed into DSP p_reg_reg[77].
DSP Report: Generating DSP p_reg_reg[64]0, operation Mode is: A2*B2.
DSP Report: register b_reg_reg[64] is absorbed into DSP p_reg_reg[64]0.
DSP Report: register p_reg_reg[64]0 is absorbed into DSP p_reg_reg[64]0.
DSP Report: operator p_reg_reg[64]0 is absorbed into DSP p_reg_reg[64]0.
DSP Report: operator p_reg_reg[64]0 is absorbed into DSP p_reg_reg[64]0.
DSP Report: Generating DSP p_reg_reg[64], operation Mode is: (PCIN>>17)+A*B2.
DSP Report: register b_reg_reg[64] is absorbed into DSP p_reg_reg[64].
DSP Report: register p_reg_reg[64] is absorbed into DSP p_reg_reg[64].
DSP Report: operator p_reg_reg[64]0 is absorbed into DSP p_reg_reg[64].
DSP Report: operator p_reg_reg[64]0 is absorbed into DSP p_reg_reg[64].
DSP Report: Generating DSP p_reg_reg[81]0, operation Mode is: A2*B2.
DSP Report: register b_reg_reg[81] is absorbed into DSP p_reg_reg[81]0.
DSP Report: register p_reg_reg[81]0 is absorbed into DSP p_reg_reg[81]0.
DSP Report: operator p_reg_reg[81]0 is absorbed into DSP p_reg_reg[81]0.
DSP Report: operator p_reg_reg[81]0 is absorbed into DSP p_reg_reg[81]0.
DSP Report: Generating DSP p_reg_reg[81], operation Mode is: (PCIN>>17)+A*B2.
DSP Report: register b_reg_reg[81] is absorbed into DSP p_reg_reg[81].
DSP Report: register p_reg_reg[81] is absorbed into DSP p_reg_reg[81].
DSP Report: operator p_reg_reg[81]0 is absorbed into DSP p_reg_reg[81].
DSP Report: operator p_reg_reg[81]0 is absorbed into DSP p_reg_reg[81].
DSP Report: Generating DSP p_reg_reg[65]0, operation Mode is: A2*B2.
DSP Report: register b_reg_reg[65] is absorbed into DSP p_reg_reg[65]0.
DSP Report: register p_reg_reg[65]0 is absorbed into DSP p_reg_reg[65]0.
DSP Report: operator p_reg_reg[65]0 is absorbed into DSP p_reg_reg[65]0.
DSP Report: operator p_reg_reg[65]0 is absorbed into DSP p_reg_reg[65]0.
DSP Report: Generating DSP p_reg_reg[65], operation Mode is: (PCIN>>17)+A2*B2.
DSP Report: register b_reg_reg[65] is absorbed into DSP p_reg_reg[65].
DSP Report: register a_reg_reg[65] is absorbed into DSP p_reg_reg[65].
DSP Report: register p_reg_reg[65] is absorbed into DSP p_reg_reg[65].
DSP Report: operator p_reg_reg[65]0 is absorbed into DSP p_reg_reg[65].
DSP Report: operator p_reg_reg[65]0 is absorbed into DSP p_reg_reg[65].
DSP Report: Generating DSP p_reg_reg[82]0, operation Mode is: A2*B.
DSP Report: register p_reg_reg[82]0 is absorbed into DSP p_reg_reg[82]0.
DSP Report: operator p_reg_reg[82]0 is absorbed into DSP p_reg_reg[82]0.
DSP Report: operator p_reg_reg[82]0 is absorbed into DSP p_reg_reg[82]0.
DSP Report: Generating DSP p_reg_reg[82], operation Mode is: (PCIN>>17)+A*B.
DSP Report: register p_reg_reg[82] is absorbed into DSP p_reg_reg[82].
DSP Report: operator p_reg_reg[82]0 is absorbed into DSP p_reg_reg[82].
DSP Report: operator p_reg_reg[82]0 is absorbed into DSP p_reg_reg[82].
DSP Report: Generating DSP p_reg_reg[84]0, operation Mode is: A2*B2.
DSP Report: register b_reg_reg[84] is absorbed into DSP p_reg_reg[84]0.
DSP Report: register p_reg_reg[84]0 is absorbed into DSP p_reg_reg[84]0.
DSP Report: operator p_reg_reg[84]0 is absorbed into DSP p_reg_reg[84]0.
DSP Report: operator p_reg_reg[84]0 is absorbed into DSP p_reg_reg[84]0.
DSP Report: Generating DSP p_reg_reg[84], operation Mode is: (PCIN>>17)+A*B2.
DSP Report: register b_reg_reg[84] is absorbed into DSP p_reg_reg[84].
DSP Report: register p_reg_reg[84] is absorbed into DSP p_reg_reg[84].
DSP Report: operator p_reg_reg[84]0 is absorbed into DSP p_reg_reg[84].
DSP Report: operator p_reg_reg[84]0 is absorbed into DSP p_reg_reg[84].
DSP Report: Generating DSP p_reg_reg[86]0, operation Mode is: A2*B2.
DSP Report: register b_reg_reg[86] is absorbed into DSP p_reg_reg[86]0.
DSP Report: register p_reg_reg[86]0 is absorbed into DSP p_reg_reg[86]0.
DSP Report: operator p_reg_reg[86]0 is absorbed into DSP p_reg_reg[86]0.
DSP Report: operator p_reg_reg[86]0 is absorbed into DSP p_reg_reg[86]0.
DSP Report: Generating DSP p_reg_reg[86], operation Mode is: (PCIN>>17)+A*B2.
DSP Report: register b_reg_reg[86] is absorbed into DSP p_reg_reg[86].
DSP Report: register p_reg_reg[86] is absorbed into DSP p_reg_reg[86].
DSP Report: operator p_reg_reg[86]0 is absorbed into DSP p_reg_reg[86].
DSP Report: operator p_reg_reg[86]0 is absorbed into DSP p_reg_reg[86].
DSP Report: Generating DSP p_reg_reg[62]0, operation Mode is: A2*B2.
DSP Report: register b_reg_reg[62] is absorbed into DSP p_reg_reg[62]0.
DSP Report: register p_reg_reg[62]0 is absorbed into DSP p_reg_reg[62]0.
DSP Report: operator p_reg_reg[62]0 is absorbed into DSP p_reg_reg[62]0.
DSP Report: operator p_reg_reg[62]0 is absorbed into DSP p_reg_reg[62]0.
DSP Report: Generating DSP p_reg_reg[62], operation Mode is: (PCIN>>17)+A*B2.
DSP Report: register b_reg_reg[62] is absorbed into DSP p_reg_reg[62].
DSP Report: register p_reg_reg[62] is absorbed into DSP p_reg_reg[62].
DSP Report: operator p_reg_reg[62]0 is absorbed into DSP p_reg_reg[62].
DSP Report: operator p_reg_reg[62]0 is absorbed into DSP p_reg_reg[62].
DSP Report: Generating DSP p_reg_reg[89]0, operation Mode is: A2*B2.
DSP Report: register b_reg_reg[89] is absorbed into DSP p_reg_reg[89]0.
DSP Report: register p_reg_reg[89]0 is absorbed into DSP p_reg_reg[89]0.
DSP Report: operator p_reg_reg[89]0 is absorbed into DSP p_reg_reg[89]0.
DSP Report: operator p_reg_reg[89]0 is absorbed into DSP p_reg_reg[89]0.
DSP Report: Generating DSP p_reg_reg[89], operation Mode is: (PCIN>>17)+A2*B2.
DSP Report: register b_reg_reg[89] is absorbed into DSP p_reg_reg[89].
DSP Report: register a_reg_reg[89] is absorbed into DSP p_reg_reg[89].
DSP Report: register p_reg_reg[89] is absorbed into DSP p_reg_reg[89].
DSP Report: operator p_reg_reg[89]0 is absorbed into DSP p_reg_reg[89].
DSP Report: operator p_reg_reg[89]0 is absorbed into DSP p_reg_reg[89].
DSP Report: Generating DSP p_reg_reg[93]0, operation Mode is: A2*B2.
DSP Report: register b_reg_reg[93] is absorbed into DSP p_reg_reg[93]0.
DSP Report: register p_reg_reg[93]0 is absorbed into DSP p_reg_reg[93]0.
DSP Report: operator p_reg_reg[93]0 is absorbed into DSP p_reg_reg[93]0.
DSP Report: operator p_reg_reg[93]0 is absorbed into DSP p_reg_reg[93]0.
DSP Report: Generating DSP p_reg_reg[93], operation Mode is: (PCIN>>17)+A*B2.
DSP Report: register b_reg_reg[93] is absorbed into DSP p_reg_reg[93].
DSP Report: register p_reg_reg[93] is absorbed into DSP p_reg_reg[93].
DSP Report: operator p_reg_reg[93]0 is absorbed into DSP p_reg_reg[93].
DSP Report: operator p_reg_reg[93]0 is absorbed into DSP p_reg_reg[93].
DSP Report: Generating DSP p_reg_reg[125]0, operation Mode is: A2*B2.
DSP Report: register b_reg_reg[125] is absorbed into DSP p_reg_reg[125]0.
DSP Report: register p_reg_reg[125]0 is absorbed into DSP p_reg_reg[125]0.
DSP Report: operator p_reg_reg[125]0 is absorbed into DSP p_reg_reg[125]0.
DSP Report: operator p_reg_reg[125]0 is absorbed into DSP p_reg_reg[125]0.
DSP Report: Generating DSP p_reg_reg[125], operation Mode is: (PCIN>>17)+A*B2.
DSP Report: register b_reg_reg[125] is absorbed into DSP p_reg_reg[125].
DSP Report: register p_reg_reg[125] is absorbed into DSP p_reg_reg[125].
DSP Report: operator p_reg_reg[125]0 is absorbed into DSP p_reg_reg[125].
DSP Report: operator p_reg_reg[125]0 is absorbed into DSP p_reg_reg[125].
DSP Report: Generating DSP p_reg_reg[122]0, operation Mode is: A2*B2.
DSP Report: register b_reg_reg[122] is absorbed into DSP p_reg_reg[122]0.
DSP Report: register p_reg_reg[122]0 is absorbed into DSP p_reg_reg[122]0.
DSP Report: operator p_reg_reg[122]0 is absorbed into DSP p_reg_reg[122]0.
DSP Report: operator p_reg_reg[122]0 is absorbed into DSP p_reg_reg[122]0.
DSP Report: Generating DSP p_reg_reg[122], operation Mode is: (PCIN>>17)+A*B2.
DSP Report: register b_reg_reg[122] is absorbed into DSP p_reg_reg[122].
DSP Report: register p_reg_reg[122] is absorbed into DSP p_reg_reg[122].
DSP Report: operator p_reg_reg[122]0 is absorbed into DSP p_reg_reg[122].
DSP Report: operator p_reg_reg[122]0 is absorbed into DSP p_reg_reg[122].
INFO: [Synth 8-5845] Not enough pipeline registers after wide multiplier. Recommended levels of pipeline registers is 2 [/home/orencollaco/GitHub/llama.vhdl/rtl/attn_mac_array.vhd:432]
INFO: [Synth 8-5845] Not enough pipeline registers after wide multiplier. Recommended levels of pipeline registers is 2 [/home/orencollaco/GitHub/llama.vhdl/rtl/attn_mac_array.vhd:432]
INFO: [Synth 8-5845] Not enough pipeline registers after wide multiplier. Recommended levels of pipeline registers is 2 [/home/orencollaco/GitHub/llama.vhdl/rtl/attn_mac_array.vhd:432]
INFO: [Synth 8-5845] Not enough pipeline registers after wide multiplier. Recommended levels of pipeline registers is 2 [/home/orencollaco/GitHub/llama.vhdl/rtl/attn_mac_array.vhd:432]
INFO: [Synth 8-5845] Not enough pipeline registers after wide multiplier. Recommended levels of pipeline registers is 2 [/home/orencollaco/GitHub/llama.vhdl/rtl/attn_mac_array.vhd:432]
DSP Report: Generating DSP p_reg_reg[104]0, operation Mode is: A2*B.
DSP Report: register p_reg_reg[104]0 is absorbed into DSP p_reg_reg[104]0.
DSP Report: operator p_reg_reg[104]0 is absorbed into DSP p_reg_reg[104]0.
DSP Report: operator p_reg_reg[104]0 is absorbed into DSP p_reg_reg[104]0.
DSP Report: Generating DSP p_reg_reg[104], operation Mode is: (PCIN>>17)+A2*B.
DSP Report: register a_reg_reg[104] is absorbed into DSP p_reg_reg[104].
DSP Report: register p_reg_reg[104] is absorbed into DSP p_reg_reg[104].
DSP Report: operator p_reg_reg[104]0 is absorbed into DSP p_reg_reg[104].
DSP Report: operator p_reg_reg[104]0 is absorbed into DSP p_reg_reg[104].
DSP Report: Generating DSP p_reg_reg[40]0, operation Mode is: A2*B.
DSP Report: register p_reg_reg[40]0 is absorbed into DSP p_reg_reg[40]0.
DSP Report: operator p_reg_reg[40]0 is absorbed into DSP p_reg_reg[40]0.
DSP Report: operator p_reg_reg[40]0 is absorbed into DSP p_reg_reg[40]0.
DSP Report: Generating DSP p_reg_reg[40], operation Mode is: (PCIN>>17)+A2*B.
DSP Report: register a_reg_reg[40] is absorbed into DSP p_reg_reg[40].
DSP Report: register p_reg_reg[40] is absorbed into DSP p_reg_reg[40].
DSP Report: operator p_reg_reg[40]0 is absorbed into DSP p_reg_reg[40].
DSP Report: operator p_reg_reg[40]0 is absorbed into DSP p_reg_reg[40].
DSP Report: Generating DSP p_reg_reg[26]0, operation Mode is: A2*B2.
DSP Report: register b_reg_reg[26] is absorbed into DSP p_reg_reg[26]0.
DSP Report: register p_reg_reg[26]0 is absorbed into DSP p_reg_reg[26]0.
DSP Report: operator p_reg_reg[26]0 is absorbed into DSP p_reg_reg[26]0.
DSP Report: operator p_reg_reg[26]0 is absorbed into DSP p_reg_reg[26]0.
DSP Report: Generating DSP p_reg_reg[26], operation Mode is: (PCIN>>17)+A2*B2.
DSP Report: register b_reg_reg[26] is absorbed into DSP p_reg_reg[26].
DSP Report: register a_reg_reg[26] is absorbed into DSP p_reg_reg[26].
DSP Report: register p_reg_reg[26] is absorbed into DSP p_reg_reg[26].
DSP Report: operator p_reg_reg[26]0 is absorbed into DSP p_reg_reg[26].
DSP Report: operator p_reg_reg[26]0 is absorbed into DSP p_reg_reg[26].
DSP Report: Generating DSP p_reg_reg[118]0, operation Mode is: A2*B2.
DSP Report: register b_reg_reg[118] is absorbed into DSP p_reg_reg[118]0.
DSP Report: register p_reg_reg[118]0 is absorbed into DSP p_reg_reg[118]0.
DSP Report: operator p_reg_reg[118]0 is absorbed into DSP p_reg_reg[118]0.
DSP Report: operator p_reg_reg[118]0 is absorbed into DSP p_reg_reg[118]0.
DSP Report: Generating DSP p_reg_reg[118], operation Mode is: (PCIN>>17)+A2*B2.
DSP Report: register b_reg_reg[118] is absorbed into DSP p_reg_reg[118].
DSP Report: register a_reg_reg[118] is absorbed into DSP p_reg_reg[118].
DSP Report: register p_reg_reg[118] is absorbed into DSP p_reg_reg[118].
DSP Report: operator p_reg_reg[118]0 is absorbed into DSP p_reg_reg[118].
DSP Report: operator p_reg_reg[118]0 is absorbed into DSP p_reg_reg[118].
DSP Report: Generating DSP p_reg_reg[5]0, operation Mode is: A2*B.
DSP Report: register p_reg_reg[5]0 is absorbed into DSP p_reg_reg[5]0.
DSP Report: operator p_reg_reg[5]0 is absorbed into DSP p_reg_reg[5]0.
DSP Report: operator p_reg_reg[5]0 is absorbed into DSP p_reg_reg[5]0.
DSP Report: Generating DSP p_reg_reg[5], operation Mode is: (PCIN>>17)+A2*B.
DSP Report: register a_reg_reg[5] is absorbed into DSP p_reg_reg[5].
DSP Report: register p_reg_reg[5] is absorbed into DSP p_reg_reg[5].
DSP Report: operator p_reg_reg[5]0 is absorbed into DSP p_reg_reg[5].
DSP Report: operator p_reg_reg[5]0 is absorbed into DSP p_reg_reg[5].
INFO: [Synth 8-5845] Not enough pipeline registers after wide multiplier. Recommended levels of pipeline registers is 2 [/home/orencollaco/GitHub/llama.vhdl/rtl/attn_mac_array.vhd:432]
INFO: [Common 17-14] Message 'Synth 8-5845' appears 100 times and further instances of the messages will be disabled. Use the Tcl command set_msg_config to change the current settings.
DSP Report: Generating DSP p_reg_reg[108]0, operation Mode is: A2*B2.
DSP Report: register b_reg_reg[108] is absorbed into DSP p_reg_reg[108]0.
DSP Report: register p_reg_reg[108]0 is absorbed into DSP p_reg_reg[108]0.
DSP Report: operator p_reg_reg[108]0 is absorbed into DSP p_reg_reg[108]0.
DSP Report: operator p_reg_reg[108]0 is absorbed into DSP p_reg_reg[108]0.
DSP Report: Generating DSP p_reg_reg[108], operation Mode is: (PCIN>>17)+A2*B2.
DSP Report: register b_reg_reg[108] is absorbed into DSP p_reg_reg[108].
DSP Report: register a_reg_reg[108] is absorbed into DSP p_reg_reg[108].
DSP Report: register p_reg_reg[108] is absorbed into DSP p_reg_reg[108].
DSP Report: operator p_reg_reg[108]0 is absorbed into DSP p_reg_reg[108].
DSP Report: operator p_reg_reg[108]0 is absorbed into DSP p_reg_reg[108].
DSP Report: Generating DSP p_reg_reg[102]0, operation Mode is: A2*B2.
DSP Report: register b_reg_reg[102] is absorbed into DSP p_reg_reg[102]0.
DSP Report: register p_reg_reg[102]0 is absorbed into DSP p_reg_reg[102]0.
DSP Report: operator p_reg_reg[102]0 is absorbed into DSP p_reg_reg[102]0.
DSP Report: operator p_reg_reg[102]0 is absorbed into DSP p_reg_reg[102]0.
DSP Report: Generating DSP p_reg_reg[102], operation Mode is: (PCIN>>17)+A2*B2.
DSP Report: register b_reg_reg[102] is absorbed into DSP p_reg_reg[102].
DSP Report: register a_reg_reg[102] is absorbed into DSP p_reg_reg[102].
DSP Report: register p_reg_reg[102] is absorbed into DSP p_reg_reg[102].
DSP Report: operator p_reg_reg[102]0 is absorbed into DSP p_reg_reg[102].
DSP Report: operator p_reg_reg[102]0 is absorbed into DSP p_reg_reg[102].
DSP Report: Generating DSP p_reg_reg[99]0, operation Mode is: A2*B2.
DSP Report: register b_reg_reg[99] is absorbed into DSP p_reg_reg[99]0.
DSP Report: register p_reg_reg[99]0 is absorbed into DSP p_reg_reg[99]0.
DSP Report: operator p_reg_reg[99]0 is absorbed into DSP p_reg_reg[99]0.
DSP Report: operator p_reg_reg[99]0 is absorbed into DSP p_reg_reg[99]0.
DSP Report: Generating DSP p_reg_reg[99], operation Mode is: (PCIN>>17)+A*B2.
DSP Report: register b_reg_reg[99] is absorbed into DSP p_reg_reg[99].
DSP Report: register p_reg_reg[99] is absorbed into DSP p_reg_reg[99].
DSP Report: operator p_reg_reg[99]0 is absorbed into DSP p_reg_reg[99].
DSP Report: operator p_reg_reg[99]0 is absorbed into DSP p_reg_reg[99].
DSP Report: Generating DSP p_reg_reg[111]0, operation Mode is: A2*B2.
DSP Report: register b_reg_reg[111] is absorbed into DSP p_reg_reg[111]0.
DSP Report: register p_reg_reg[111]0 is absorbed into DSP p_reg_reg[111]0.
DSP Report: operator p_reg_reg[111]0 is absorbed into DSP p_reg_reg[111]0.
DSP Report: operator p_reg_reg[111]0 is absorbed into DSP p_reg_reg[111]0.
DSP Report: Generating DSP p_reg_reg[111], operation Mode is: (PCIN>>17)+A*B2.
DSP Report: register b_reg_reg[111] is absorbed into DSP p_reg_reg[111].
DSP Report: register p_reg_reg[111] is absorbed into DSP p_reg_reg[111].
DSP Report: operator p_reg_reg[111]0 is absorbed into DSP p_reg_reg[111].
DSP Report: operator p_reg_reg[111]0 is absorbed into DSP p_reg_reg[111].
DSP Report: Generating DSP p_reg_reg[91]0, operation Mode is: A2*B2.
DSP Report: register b_reg_reg[91] is absorbed into DSP p_reg_reg[91]0.
DSP Report: register p_reg_reg[91]0 is absorbed into DSP p_reg_reg[91]0.
DSP Report: operator p_reg_reg[91]0 is absorbed into DSP p_reg_reg[91]0.
DSP Report: operator p_reg_reg[91]0 is absorbed into DSP p_reg_reg[91]0.
DSP Report: Generating DSP p_reg_reg[91], operation Mode is: (PCIN>>17)+A2*B2.
DSP Report: register b_reg_reg[91] is absorbed into DSP p_reg_reg[91].
DSP Report: register a_reg_reg[91] is absorbed into DSP p_reg_reg[91].
DSP Report: register p_reg_reg[91] is absorbed into DSP p_reg_reg[91].
DSP Report: operator p_reg_reg[91]0 is absorbed into DSP p_reg_reg[91].
DSP Report: operator p_reg_reg[91]0 is absorbed into DSP p_reg_reg[91].
DSP Report: Generating DSP p_reg_reg[31]0, operation Mode is: A2*B2.
DSP Report: register b_reg_reg[31] is absorbed into DSP p_reg_reg[31]0.
DSP Report: register p_reg_reg[31]0 is absorbed into DSP p_reg_reg[31]0.
DSP Report: operator p_reg_reg[31]0 is absorbed into DSP p_reg_reg[31]0.
DSP Report: operator p_reg_reg[31]0 is absorbed into DSP p_reg_reg[31]0.
DSP Report: Generating DSP p_reg_reg[31], operation Mode is: (PCIN>>17)+A*B2.
DSP Report: register b_reg_reg[31] is absorbed into DSP p_reg_reg[31].
DSP Report: register p_reg_reg[31] is absorbed into DSP p_reg_reg[31].
DSP Report: operator p_reg_reg[31]0 is absorbed into DSP p_reg_reg[31].
DSP Report: operator p_reg_reg[31]0 is absorbed into DSP p_reg_reg[31].
DSP Report: Generating DSP p_reg_reg[85]0, operation Mode is: A2*B2.
DSP Report: register b_reg_reg[85] is absorbed into DSP p_reg_reg[85]0.
DSP Report: register p_reg_reg[85]0 is absorbed into DSP p_reg_reg[85]0.
DSP Report: operator p_reg_reg[85]0 is absorbed into DSP p_reg_reg[85]0.
DSP Report: operator p_reg_reg[85]0 is absorbed into DSP p_reg_reg[85]0.
DSP Report: Generating DSP p_reg_reg[85], operation Mode is: (PCIN>>17)+A2*B2.
DSP Report: register b_reg_reg[85] is absorbed into DSP p_reg_reg[85].
DSP Report: register a_reg_reg[85] is absorbed into DSP p_reg_reg[85].
DSP Report: register p_reg_reg[85] is absorbed into DSP p_reg_reg[85].
DSP Report: operator p_reg_reg[85]0 is absorbed into DSP p_reg_reg[85].
DSP Report: operator p_reg_reg[85]0 is absorbed into DSP p_reg_reg[85].
DSP Report: Generating DSP p_reg_reg[18]0, operation Mode is: A2*B.
DSP Report: register p_reg_reg[18]0 is absorbed into DSP p_reg_reg[18]0.
DSP Report: operator p_reg_reg[18]0 is absorbed into DSP p_reg_reg[18]0.
DSP Report: operator p_reg_reg[18]0 is absorbed into DSP p_reg_reg[18]0.
DSP Report: Generating DSP p_reg_reg[18], operation Mode is: (PCIN>>17)+A*B.
DSP Report: register p_reg_reg[18] is absorbed into DSP p_reg_reg[18].
DSP Report: operator p_reg_reg[18]0 is absorbed into DSP p_reg_reg[18].
DSP Report: operator p_reg_reg[18]0 is absorbed into DSP p_reg_reg[18].
DSP Report: Generating DSP p_reg_reg[28]0, operation Mode is: A2*B2.
DSP Report: register b_reg_reg[28] is absorbed into DSP p_reg_reg[28]0.
DSP Report: register p_reg_reg[28]0 is absorbed into DSP p_reg_reg[28]0.
DSP Report: operator p_reg_reg[28]0 is absorbed into DSP p_reg_reg[28]0.
DSP Report: operator p_reg_reg[28]0 is absorbed into DSP p_reg_reg[28]0.
DSP Report: Generating DSP p_reg_reg[28], operation Mode is: (PCIN>>17)+A*B2.
DSP Report: register b_reg_reg[28] is absorbed into DSP p_reg_reg[28].
DSP Report: register p_reg_reg[28] is absorbed into DSP p_reg_reg[28].
DSP Report: operator p_reg_reg[28]0 is absorbed into DSP p_reg_reg[28].
DSP Report: operator p_reg_reg[28]0 is absorbed into DSP p_reg_reg[28].
DSP Report: Generating DSP p_reg_reg[53]0, operation Mode is: A2*B2.
DSP Report: register b_reg_reg[53] is absorbed into DSP p_reg_reg[53]0.
DSP Report: register p_reg_reg[53]0 is absorbed into DSP p_reg_reg[53]0.
DSP Report: operator p_reg_reg[53]0 is absorbed into DSP p_reg_reg[53]0.
DSP Report: operator p_reg_reg[53]0 is absorbed into DSP p_reg_reg[53]0.
DSP Report: Generating DSP p_reg_reg[53], operation Mode is: (PCIN>>17)+A*B2.
DSP Report: register b_reg_reg[53] is absorbed into DSP p_reg_reg[53].
DSP Report: register p_reg_reg[53] is absorbed into DSP p_reg_reg[53].
DSP Report: operator p_reg_reg[53]0 is absorbed into DSP p_reg_reg[53].
DSP Report: operator p_reg_reg[53]0 is absorbed into DSP p_reg_reg[53].
DSP Report: Generating DSP p_reg_reg[51]0, operation Mode is: A2*B2.
DSP Report: register b_reg_reg[51] is absorbed into DSP p_reg_reg[51]0.
DSP Report: register p_reg_reg[51]0 is absorbed into DSP p_reg_reg[51]0.
DSP Report: operator p_reg_reg[51]0 is absorbed into DSP p_reg_reg[51]0.
DSP Report: operator p_reg_reg[51]0 is absorbed into DSP p_reg_reg[51]0.
DSP Report: Generating DSP p_reg_reg[51], operation Mode is: (PCIN>>17)+A2*B2.
DSP Report: register b_reg_reg[51] is absorbed into DSP p_reg_reg[51].
DSP Report: register a_reg_reg[51] is absorbed into DSP p_reg_reg[51].
DSP Report: register p_reg_reg[51] is absorbed into DSP p_reg_reg[51].
DSP Report: operator p_reg_reg[51]0 is absorbed into DSP p_reg_reg[51].
DSP Report: operator p_reg_reg[51]0 is absorbed into DSP p_reg_reg[51].
DSP Report: Generating DSP p_reg_reg[123]0, operation Mode is: A2*B2.
DSP Report: register b_reg_reg[123] is absorbed into DSP p_reg_reg[123]0.
DSP Report: register p_reg_reg[123]0 is absorbed into DSP p_reg_reg[123]0.
DSP Report: operator p_reg_reg[123]0 is absorbed into DSP p_reg_reg[123]0.
DSP Report: operator p_reg_reg[123]0 is absorbed into DSP p_reg_reg[123]0.
DSP Report: Generating DSP p_reg_reg[123], operation Mode is: (PCIN>>17)+A2*B2.
DSP Report: register b_reg_reg[123] is absorbed into DSP p_reg_reg[123].
DSP Report: register a_reg_reg[123] is absorbed into DSP p_reg_reg[123].
DSP Report: register p_reg_reg[123] is absorbed into DSP p_reg_reg[123].
DSP Report: operator p_reg_reg[123]0 is absorbed into DSP p_reg_reg[123].
DSP Report: operator p_reg_reg[123]0 is absorbed into DSP p_reg_reg[123].
DSP Report: Generating DSP p_reg_reg[83]0, operation Mode is: A2*B2.
DSP Report: register b_reg_reg[83] is absorbed into DSP p_reg_reg[83]0.
DSP Report: register p_reg_reg[83]0 is absorbed into DSP p_reg_reg[83]0.
DSP Report: operator p_reg_reg[83]0 is absorbed into DSP p_reg_reg[83]0.
DSP Report: operator p_reg_reg[83]0 is absorbed into DSP p_reg_reg[83]0.
DSP Report: Generating DSP p_reg_reg[83], operation Mode is: (PCIN>>17)+A2*B2.
DSP Report: register b_reg_reg[83] is absorbed into DSP p_reg_reg[83].
DSP Report: register a_reg_reg[83] is absorbed into DSP p_reg_reg[83].
DSP Report: register p_reg_reg[83] is absorbed into DSP p_reg_reg[83].
DSP Report: operator p_reg_reg[83]0 is absorbed into DSP p_reg_reg[83].
DSP Report: operator p_reg_reg[83]0 is absorbed into DSP p_reg_reg[83].
DSP Report: Generating DSP p_reg_reg[95]0, operation Mode is: A2*B2.
DSP Report: register b_reg_reg[95] is absorbed into DSP p_reg_reg[95]0.
DSP Report: register p_reg_reg[95]0 is absorbed into DSP p_reg_reg[95]0.
DSP Report: operator p_reg_reg[95]0 is absorbed into DSP p_reg_reg[95]0.
DSP Report: operator p_reg_reg[95]0 is absorbed into DSP p_reg_reg[95]0.
DSP Report: Generating DSP p_reg_reg[95], operation Mode is: (PCIN>>17)+A2*B2.
DSP Report: register b_reg_reg[95] is absorbed into DSP p_reg_reg[95].
DSP Report: register a_reg_reg[95] is absorbed into DSP p_reg_reg[95].
DSP Report: register p_reg_reg[95] is absorbed into DSP p_reg_reg[95].
DSP Report: operator p_reg_reg[95]0 is absorbed into DSP p_reg_reg[95].
DSP Report: operator p_reg_reg[95]0 is absorbed into DSP p_reg_reg[95].
DSP Report: Generating DSP p_reg_reg[126]0, operation Mode is: A2*B.
DSP Report: register p_reg_reg[126]0 is absorbed into DSP p_reg_reg[126]0.
DSP Report: operator p_reg_reg[126]0 is absorbed into DSP p_reg_reg[126]0.
DSP Report: operator p_reg_reg[126]0 is absorbed into DSP p_reg_reg[126]0.
DSP Report: Generating DSP p_reg_reg[126], operation Mode is: (PCIN>>17)+A2*B.
DSP Report: register a_reg_reg[126] is absorbed into DSP p_reg_reg[126].
DSP Report: register p_reg_reg[126] is absorbed into DSP p_reg_reg[126].
DSP Report: operator p_reg_reg[126]0 is absorbed into DSP p_reg_reg[126].
DSP Report: operator p_reg_reg[126]0 is absorbed into DSP p_reg_reg[126].
DSP Report: Generating DSP p_reg_reg[1]0, operation Mode is: A2*B2.
DSP Report: register b_reg_reg[1] is absorbed into DSP p_reg_reg[1]0.
DSP Report: register p_reg_reg[1]0 is absorbed into DSP p_reg_reg[1]0.
DSP Report: operator p_reg_reg[1]0 is absorbed into DSP p_reg_reg[1]0.
DSP Report: operator p_reg_reg[1]0 is absorbed into DSP p_reg_reg[1]0.
DSP Report: Generating DSP p_reg_reg[1], operation Mode is: (PCIN>>17)+A2*B2.
DSP Report: register b_reg_reg[1] is absorbed into DSP p_reg_reg[1].
DSP Report: register a_reg_reg[1] is absorbed into DSP p_reg_reg[1].
DSP Report: register p_reg_reg[1] is absorbed into DSP p_reg_reg[1].
DSP Report: operator p_reg_reg[1]0 is absorbed into DSP p_reg_reg[1].
DSP Report: operator p_reg_reg[1]0 is absorbed into DSP p_reg_reg[1].
DSP Report: Generating DSP p_reg_reg[13]0, operation Mode is: A2*B2.
DSP Report: register b_reg_reg[13] is absorbed into DSP p_reg_reg[13]0.
DSP Report: register p_reg_reg[13]0 is absorbed into DSP p_reg_reg[13]0.
DSP Report: operator p_reg_reg[13]0 is absorbed into DSP p_reg_reg[13]0.
DSP Report: operator p_reg_reg[13]0 is absorbed into DSP p_reg_reg[13]0.
DSP Report: Generating DSP p_reg_reg[13], operation Mode is: (PCIN>>17)+A2*B2.
DSP Report: register b_reg_reg[13] is absorbed into DSP p_reg_reg[13].
DSP Report: register a_reg_reg[13] is absorbed into DSP p_reg_reg[13].
DSP Report: register p_reg_reg[13] is absorbed into DSP p_reg_reg[13].
DSP Report: operator p_reg_reg[13]0 is absorbed into DSP p_reg_reg[13].
DSP Report: operator p_reg_reg[13]0 is absorbed into DSP p_reg_reg[13].
DSP Report: Generating DSP p_reg_reg[8]0, operation Mode is: A2*B2.
DSP Report: register b_reg_reg[8] is absorbed into DSP p_reg_reg[8]0.
DSP Report: register p_reg_reg[8]0 is absorbed into DSP p_reg_reg[8]0.
DSP Report: operator p_reg_reg[8]0 is absorbed into DSP p_reg_reg[8]0.
DSP Report: operator p_reg_reg[8]0 is absorbed into DSP p_reg_reg[8]0.
DSP Report: Generating DSP p_reg_reg[8], operation Mode is: (PCIN>>17)+A2*B2.
DSP Report: register b_reg_reg[8] is absorbed into DSP p_reg_reg[8].
DSP Report: register a_reg_reg[8] is absorbed into DSP p_reg_reg[8].
DSP Report: register p_reg_reg[8] is absorbed into DSP p_reg_reg[8].
DSP Report: operator p_reg_reg[8]0 is absorbed into DSP p_reg_reg[8].
DSP Report: operator p_reg_reg[8]0 is absorbed into DSP p_reg_reg[8].
DSP Report: Generating DSP p_reg_reg[45]0, operation Mode is: A2*B2.
DSP Report: register b_reg_reg[45] is absorbed into DSP p_reg_reg[45]0.
DSP Report: register p_reg_reg[45]0 is absorbed into DSP p_reg_reg[45]0.
DSP Report: operator p_reg_reg[45]0 is absorbed into DSP p_reg_reg[45]0.
DSP Report: operator p_reg_reg[45]0 is absorbed into DSP p_reg_reg[45]0.
DSP Report: Generating DSP p_reg_reg[45], operation Mode is: (PCIN>>17)+A*B2.
DSP Report: register b_reg_reg[45] is absorbed into DSP p_reg_reg[45].
DSP Report: register p_reg_reg[45] is absorbed into DSP p_reg_reg[45].
DSP Report: operator p_reg_reg[45]0 is absorbed into DSP p_reg_reg[45].
DSP Report: operator p_reg_reg[45]0 is absorbed into DSP p_reg_reg[45].
WARNING: [Synth 8-6040] Register s4_is_reg_rep_rep driving address of a ROM cannot be packed in BRAM/URAM because of presence of initial value.
WARNING: [Synth 8-6040] Register s4_is_reg_rep driving address of a ROM cannot be packed in BRAM/URAM because of presence of initial value.
WARNING: [Synth 8-6040] Register s4_ic_reg_rep_rep driving address of a ROM cannot be packed in BRAM/URAM because of presence of initial value.
WARNING: [Synth 8-6040] Register s4_ic_reg_rep driving address of a ROM cannot be packed in BRAM/URAM because of presence of initial value.
DSP Report: Generating DSP s2_pr0, operation Mode is: A2*B2.
DSP Report: register s2_pr0 is absorbed into DSP s2_pr0.
DSP Report: register s2_pr0 is absorbed into DSP s2_pr0.
DSP Report: operator s2_pr0 is absorbed into DSP s2_pr0.
DSP Report: operator s2_pr0 is absorbed into DSP s2_pr0.
DSP Report: Generating DSP s2_pr_reg, operation Mode is: (PCIN>>17)+A2*B2.
DSP Report: register s1_w_reg is absorbed into DSP s2_pr_reg.
DSP Report: register s2_pr_reg is absorbed into DSP s2_pr_reg.
DSP Report: register s2_pr_reg is absorbed into DSP s2_pr_reg.
DSP Report: operator s2_pr0 is absorbed into DSP s2_pr_reg.
DSP Report: operator s2_pr0 is absorbed into DSP s2_pr_reg.
DSP Report: Generating DSP s7_sp_reg, operation Mode is: (A''*B2)'.
DSP Report: register s6_sd_reg is absorbed into DSP s7_sp_reg.
DSP Report: register s7_sp_reg is absorbed into DSP s7_sp_reg.
DSP Report: register s7_sp_reg is absorbed into DSP s7_sp_reg.
DSP Report: register s7_sp_reg is absorbed into DSP s7_sp_reg.
DSP Report: operator s7_sp0 is absorbed into DSP s7_sp_reg.
DSP Report: Generating DSP s7_cp_reg, operation Mode is: (A''*B2)'.
DSP Report: register s6_cd_reg is absorbed into DSP s7_cp_reg.
DSP Report: register s7_cp_reg is absorbed into DSP s7_cp_reg.
DSP Report: register s7_cp_reg is absorbed into DSP s7_cp_reg.
DSP Report: register s7_cp_reg is absorbed into DSP s7_cp_reg.
DSP Report: operator s7_cp0 is absorbed into DSP s7_cp_reg.
INFO: [Synth 8-4471] merging register 'r1_x1_reg[15:0]' into 'r1_x1_reg[15:0]' [/home/orencollaco/GitHub/llama.vhdl/rtl/attn_rope.vhd:391]
INFO: [Synth 8-6904] The RAM "u_rope/tw_c_reg" of size (depth=32 x width=16) is automatically implemented using LUTRAM. BRAM implementation would be inefficient 
INFO: [Synth 8-6904] The RAM "u_rope/buf_reg" of size (depth=32 x width=16) is automatically implemented using LUTRAM. BRAM implementation would be inefficient 
INFO: [Synth 8-6904] The RAM "u_rope/tw_s_reg" of size (depth=32 x width=16) is automatically implemented using LUTRAM. BRAM implementation would be inefficient 
DSP Report: Generating DSP r2_p10_reg, operation Mode is: (A*B)'.
DSP Report: register r2_p10_reg is absorbed into DSP r2_p10_reg.
DSP Report: operator r2_p100 is absorbed into DSP r2_p10_reg.
DSP Report: Generating DSP r3_d1_reg, operation Mode is: (PCIN+(A2*B)')'.
DSP Report: register r1_x1_reg is absorbed into DSP r3_d1_reg.
DSP Report: register r3_d1_reg is absorbed into DSP r3_d1_reg.
DSP Report: register r2_p11_reg is absorbed into DSP r3_d1_reg.
DSP Report: operator r3_d10 is absorbed into DSP r3_d1_reg.
DSP Report: operator r2_p110 is absorbed into DSP r3_d1_reg.
DSP Report: Generating DSP r2_p00_reg, operation Mode is: (A*B)'.
DSP Report: register r2_p00_reg is absorbed into DSP r2_p00_reg.
DSP Report: operator r2_p000 is absorbed into DSP r2_p00_reg.
DSP Report: Generating DSP r3_d0_reg, operation Mode is: (PCIN-(A2*B)')'.
DSP Report: register r1_x1_reg is absorbed into DSP r3_d0_reg.
DSP Report: register r3_d0_reg is absorbed into DSP r3_d0_reg.
DSP Report: register r2_p01_reg is absorbed into DSP r3_d0_reg.
DSP Report: operator r3_d00 is absorbed into DSP r3_d0_reg.
DSP Report: operator r2_p010 is absorbed into DSP r3_d0_reg.
INFO: [Synth 8-6904] The RAM "u_rope/buf2_reg" of size (depth=32 x width=16) is automatically implemented using LUTRAM. BRAM implementation would be inefficient 
INFO: [Synth 8-4471] merging register 'rd_idx_reg[5:0]' into 'rd_idx_reg[5:0]' [/home/orencollaco/GitHub/llama.vhdl/rtl/attn_kv_quant.vhd:384]
INFO: [Synth 8-6904] The RAM "u_quant/sh_arr_reg" of size (depth=8 x width=4) is automatically implemented using LUTRAM. BRAM implementation would be inefficient 
INFO: [Synth 8-6904] The RAM "u_quant/bias_arr_reg" of size (depth=8 x width=18) is automatically implemented using LUTRAM. BRAM implementation would be inefficient 
INFO: [Synth 8-4471] merging register 'f_r_reg[12:0]' into 'f_r_reg[12:0]' [/home/orencollaco/GitHub/llama.vhdl/rtl/attn_softmax.vhd:408]
INFO: [Synth 8-4471] merging register 's_r_reg[25:0]' into 's_r_reg[25:0]' [/home/orencollaco/GitHub/llama.vhdl/rtl/attn_softmax.vhd:409]
WARNING: [Synth 8-6040] Register rom_ix_reg driving address of a ROM cannot be packed in BRAM/URAM because of presence of initial value.
DSP Report: Generating DSP x7_prod_reg, operation Mode is: (A2*B'')'.
DSP Report: register x5_frac_reg is absorbed into DSP x7_prod_reg.
DSP Report: register x6_frac_reg is absorbed into DSP x7_prod_reg.
DSP Report: register x6_dlt_reg is absorbed into DSP x7_prod_reg.
DSP Report: register x7_prod_reg is absorbed into DSP x7_prod_reg.
DSP Report: operator x7_prod0 is absorbed into DSP x7_prod_reg.
DSP Report: Generating DSP sf_b_reg, operation Mode is: (C:0x800)+(A2*B2)'.
DSP Report: register f_r_reg is absorbed into DSP sf_b_reg.
DSP Report: register s_r_reg is absorbed into DSP sf_b_reg.
DSP Report: register sf_b_reg is absorbed into DSP sf_b_reg.
DSP Report: register sf_reg is absorbed into DSP sf_b_reg.
DSP Report: operator sf_b0 is absorbed into DSP sf_b_reg.
DSP Report: operator sf0 is absorbed into DSP sf_b_reg.
INFO: [Synth 8-4471] merging register 'f_r_reg[12:0]' into 'f_r_reg[12:0]' [/home/orencollaco/GitHub/llama.vhdl/rtl/attn_softmax.vhd:408]
INFO: [Synth 8-4471] merging register 's_r_reg[25:0]' into 's_r_reg[25:0]' [/home/orencollaco/GitHub/llama.vhdl/rtl/attn_softmax.vhd:409]
WARNING: [Synth 8-6040] Register rom_ix_reg driving address of a ROM cannot be packed in BRAM/URAM because of presence of initial value.
DSP Report: Generating DSP x7_prod_reg, operation Mode is: (A2*B'')'.
DSP Report: register x5_frac_reg is absorbed into DSP x7_prod_reg.
DSP Report: register x6_frac_reg is absorbed into DSP x7_prod_reg.
DSP Report: register x6_dlt_reg is absorbed into DSP x7_prod_reg.
DSP Report: register x7_prod_reg is absorbed into DSP x7_prod_reg.
DSP Report: operator x7_prod0 is absorbed into DSP x7_prod_reg.
DSP Report: Generating DSP sf_b_reg, operation Mode is: (C:0x800)+(A2*B2)'.
DSP Report: register f_r_reg is absorbed into DSP sf_b_reg.
DSP Report: register s_r_reg is absorbed into DSP sf_b_reg.
DSP Report: register sf_b_reg is absorbed into DSP sf_b_reg.
DSP Report: register sf_reg is absorbed into DSP sf_b_reg.
DSP Report: operator sf_b0 is absorbed into DSP sf_b_reg.
DSP Report: operator sf0 is absorbed into DSP sf_b_reg.
INFO: [Synth 8-4471] merging register 'f_r_reg[12:0]' into 'f_r_reg[12:0]' [/home/orencollaco/GitHub/llama.vhdl/rtl/attn_softmax.vhd:408]
INFO: [Synth 8-4471] merging register 's_r_reg[25:0]' into 's_r_reg[25:0]' [/home/orencollaco/GitHub/llama.vhdl/rtl/attn_softmax.vhd:409]
WARNING: [Synth 8-6040] Register rom_ix_reg driving address of a ROM cannot be packed in BRAM/URAM because of presence of initial value.
DSP Report: Generating DSP x7_prod_reg, operation Mode is: (A2*B'')'.
DSP Report: register x5_frac_reg is absorbed into DSP x7_prod_reg.
DSP Report: register x6_frac_reg is absorbed into DSP x7_prod_reg.
DSP Report: register x6_dlt_reg is absorbed into DSP x7_prod_reg.
DSP Report: register x7_prod_reg is absorbed into DSP x7_prod_reg.
DSP Report: operator x7_prod0 is absorbed into DSP x7_prod_reg.
DSP Report: Generating DSP sf_b_reg, operation Mode is: (C:0x800)+(A2*B2)'.
DSP Report: register f_r_reg is absorbed into DSP sf_b_reg.
DSP Report: register s_r_reg is absorbed into DSP sf_b_reg.
DSP Report: register sf_b_reg is absorbed into DSP sf_b_reg.
DSP Report: register sf_reg is absorbed into DSP sf_b_reg.
DSP Report: operator sf_b0 is absorbed into DSP sf_b_reg.
DSP Report: operator sf0 is absorbed into DSP sf_b_reg.
INFO: [Synth 8-4471] merging register 'f_r_reg[12:0]' into 'f_r_reg[12:0]' [/home/orencollaco/GitHub/llama.vhdl/rtl/attn_softmax.vhd:408]
INFO: [Synth 8-4471] merging register 's_r_reg[25:0]' into 's_r_reg[25:0]' [/home/orencollaco/GitHub/llama.vhdl/rtl/attn_softmax.vhd:409]
WARNING: [Synth 8-6040] Register rom_ix_reg driving address of a ROM cannot be packed in BRAM/URAM because of presence of initial value.
DSP Report: Generating DSP x7_prod_reg, operation Mode is: (A2*B'')'.
DSP Report: register x5_frac_reg is absorbed into DSP x7_prod_reg.
DSP Report: register x6_frac_reg is absorbed into DSP x7_prod_reg.
DSP Report: register x6_dlt_reg is absorbed into DSP x7_prod_reg.
DSP Report: register x7_prod_reg is absorbed into DSP x7_prod_reg.
DSP Report: operator x7_prod0 is absorbed into DSP x7_prod_reg.
DSP Report: Generating DSP sf_b_reg, operation Mode is: (C:0x800)+(A2*B2)'.
DSP Report: register f_r_reg is absorbed into DSP sf_b_reg.
DSP Report: register s_r_reg is absorbed into DSP sf_b_reg.
DSP Report: register sf_b_reg is absorbed into DSP sf_b_reg.
DSP Report: register sf_reg is absorbed into DSP sf_b_reg.
DSP Report: operator sf_b0 is absorbed into DSP sf_b_reg.
DSP Report: operator sf0 is absorbed into DSP sf_b_reg.
INFO: [Synth 8-4471] merging register 't_p_reg[13][23:0]' into 't_p_reg[13][23:0]' [/home/orencollaco/GitHub/llama.vhdl/rtl/attn_gate.vhd:473]
INFO: [Synth 8-4471] merging register 't_p_reg[14][23:0]' into 't_p_reg[14][23:0]' [/home/orencollaco/GitHub/llama.vhdl/rtl/attn_gate.vhd:473]
WARNING: [Synth 8-6040] Register s8_idx_reg_rep_rep driving address of a ROM cannot be packed in BRAM/URAM because of presence of initial value.
WARNING: [Synth 8-6040] Register s8_idx_reg_rep driving address of a ROM cannot be packed in BRAM/URAM because of presence of initial value.
DSP Report: Generating DSP s2_pr0, operation Mode is: A2*B2.
DSP Report: register s2_pr0 is absorbed into DSP s2_pr0.
DSP Report: register s2_pr0 is absorbed into DSP s2_pr0.
DSP Report: operator s2_pr0 is absorbed into DSP s2_pr0.
DSP Report: operator s2_pr0 is absorbed into DSP s2_pr0.
DSP Report: Generating DSP s2_pr_reg, operation Mode is: (PCIN>>17)+A*B2.
DSP Report: register s2_pr_reg is absorbed into DSP s2_pr_reg.
DSP Report: register s2_pr_reg is absorbed into DSP s2_pr_reg.
DSP Report: operator s2_pr0 is absorbed into DSP s2_pr_reg.
DSP Report: operator s2_pr0 is absorbed into DSP s2_pr_reg.
DSP Report: Generating DSP s11_prd_reg, operation Mode is: (A2*B'')'.
DSP Report: register s9_frac_reg is absorbed into DSP s11_prd_reg.
DSP Report: register s10_frac_reg is absorbed into DSP s11_prd_reg.
DSP Report: register s10_dlt_reg is absorbed into DSP s11_prd_reg.
DSP Report: register s11_prd_reg is absorbed into DSP s11_prd_reg.
DSP Report: operator s11_prd0 is absorbed into DSP s11_prd_reg.
DSP Report: Generating DSP s16_ys_reg, operation Mode is: (C:0x4000)+(A''*B)'.
DSP Report: register t_p_reg[13] is absorbed into DSP s16_ys_reg.
DSP Report: register t_p_reg[14] is absorbed into DSP s16_ys_reg.
DSP Report: register s16_ys_reg is absorbed into DSP s16_ys_reg.
DSP Report: register s15_yp_reg is absorbed into DSP s16_ys_reg.
DSP Report: operator s16_ys0 is absorbed into DSP s16_ys_reg.
DSP Report: operator s15_yp0 is absorbed into DSP s16_ys_reg.
INFO: [Synth 8-6904] The RAM "u_emit/sh_a_reg" of size (depth=4 x width=6) is automatically implemented using LUTRAM. BRAM implementation would be inefficient 
INFO: [Synth 8-4471] merging register 'gi_reg[8:0]' into 'gi_reg[8:0]' [/home/orencollaco/GitHub/llama.vhdl/rtl/attn_block.vhd:1344]
INFO: [Synth 8-4471] merging register 'lay_r_reg[2:0]' into 'lay_r_reg[2:0]' [/home/orencollaco/GitHub/llama.vhdl/rtl/attn_block.vhd:1600]
INFO: [Synth 8-4471] merging register 'lay_r_reg[2:0]' into 'lay_r_reg[2:0]' [/home/orencollaco/GitHub/llama.vhdl/rtl/attn_block.vhd:1600]
INFO: [Synth 8-4471] merging register 'lay_r_reg[2:0]' into 'lay_r_reg[2:0]' [/home/orencollaco/GitHub/llama.vhdl/rtl/attn_block.vhd:1600]
INFO: [Synth 8-4471] merging register 'kvh_reg[2:0]' into 'kvh_reg[2:0]' [/home/orencollaco/GitHub/llama.vhdl/rtl/attn_block.vhd:1338]
INFO: [Synth 8-4471] merging register 'li_reg[8:0]' into 'li_reg[8:0]' [/home/orencollaco/GitHub/llama.vhdl/rtl/attn_block.vhd:1338]
INFO: [Synth 8-4471] merging register 'kvh_reg[2:0]' into 'kvh_reg[2:0]' [/home/orencollaco/GitHub/llama.vhdl/rtl/attn_block.vhd:1338]
INFO: [Synth 8-4471] merging register 'kvh_reg[2:0]' into 'kvh_reg[2:0]' [/home/orencollaco/GitHub/llama.vhdl/rtl/attn_block.vhd:1338]
INFO: [Synth 8-4471] merging register 'qh_reg[2:0]' into 'qh_reg[2:0]' [/home/orencollaco/GitHub/llama.vhdl/rtl/attn_block.vhd:1269]
INFO: [Synth 8-4471] merging register 'kvh_reg[2:0]' into 'kvh_reg[2:0]' [/home/orencollaco/GitHub/llama.vhdl/rtl/attn_block.vhd:1338]
INFO: [Synth 8-4471] merging register 'kvh_reg[2:0]' into 'kvh_reg[2:0]' [/home/orencollaco/GitHub/llama.vhdl/rtl/attn_block.vhd:1338]
INFO: [Synth 8-4471] merging register 'li_reg[8:0]' into 'li_reg[8:0]' [/home/orencollaco/GitHub/llama.vhdl/rtl/attn_block.vhd:1338]
INFO: [Synth 8-4471] merging register 'li_reg[8:0]' into 'li_reg[8:0]' [/home/orencollaco/GitHub/llama.vhdl/rtl/attn_block.vhd:1338]
INFO: [Synth 8-5587] ROM size for "p_0_out" is below threshold of ROM address width. It will be mapped to LUTs
INFO: [Synth 8-5587] ROM size for "p_0_out" is below threshold of ROM address width. It will be mapped to LUTs
WARNING: [Synth 8-7129] Port ep_ready in module attn_softmax is either unconnected or has no load
WARNING: [Synth 8-7129] Port ep_ready in module attn_softmax__3 is either unconnected or has no load
WARNING: [Synth 8-7129] Port ep_ready in module attn_softmax__2 is either unconnected or has no load
WARNING: [Synth 8-7129] Port ep_ready in module attn_softmax__1 is either unconnected or has no load
INFO: [Synth 8-6904] The RAM "u_rope/tw_c_reg" of size (depth=32 x width=16) is automatically implemented using LUTRAM. BRAM implementation would be inefficient 
INFO: [Synth 8-6904] The RAM "u_rope/buf_reg" of size (depth=32 x width=16) is automatically implemented using LUTRAM. BRAM implementation would be inefficient 
INFO: [Synth 8-6904] The RAM "u_rope/tw_s_reg" of size (depth=32 x width=16) is automatically implemented using LUTRAM. BRAM implementation would be inefficient 
INFO: [Synth 8-6904] The RAM "u_rope/buf2_reg" of size (depth=32 x width=16) is automatically implemented using LUTRAM. BRAM implementation would be inefficient 
INFO: [Synth 8-6904] The RAM "u_quant/sh_arr_reg" of size (depth=8 x width=4) is automatically implemented using LUTRAM. BRAM implementation would be inefficient 
INFO: [Synth 8-6904] The RAM "u_quant/bias_arr_reg" of size (depth=8 x width=18) is automatically implemented using LUTRAM. BRAM implementation would be inefficient 
INFO: [Synth 8-6904] The RAM "u_emit/sh_a_reg" of size (depth=4 x width=6) is automatically implemented using LUTRAM. BRAM implementation would be inefficient 
INFO: [Synth 8-7124] RAM ("attn_block__GCB0/ypre_reg") is implemented using BRAM instead of URAM. Memory would be severely underutilized if URAMs are used
INFO: [Synth 8-5555] Implemented Block Ram Cascade chain of height 2 and width 18 for RAM "attn_block__GCB0/ypre_reg"
INFO: [Synth 8-7030] Implemented Non-Cascaded Block Ram (cascade_height = 1) of width 6 for RAM "attn_block__GCB0/ypre_reg"
INFO: [Synth 8-3333] propagating constant 0 across sequential element (u_recip/u_div/\r_den_reg[27] )
INFO: [Synth 8-3333] propagating constant 0 across sequential element (u_gate/\s8_frac_reg[3] )
INFO: [Synth 8-3333] propagating constant 0 across sequential element (\gen_head[0].u_sm /\x4_frac_reg[3] )
INFO: [Synth 8-3333] propagating constant 0 across sequential element (\gen_head[1].u_sm /\x4_frac_reg[3] )
INFO: [Synth 8-3333] propagating constant 0 across sequential element (\gen_head[2].u_sm /\x4_frac_reg[3] )
INFO: [Synth 8-3333] propagating constant 0 across sequential element (\gen_head[3].u_sm /\x4_frac_reg[3] )
INFO: [Common 17-14] Message 'Synth 8-3886' appears 100 times and further instances of the messages will be disabled. Use the Tcl command set_msg_config to change the current settings.
INFO: [Synth 8-3333] propagating constant 0 across sequential element (\gen_head[0].u_sm /\sc_ceil_reg[7] )
INFO: [Synth 8-3333] propagating constant 0 across sequential element (\gen_head[2].u_sm /\sc_ceil_reg[7] )
INFO: [Synth 8-3333] propagating constant 0 across sequential element (\gen_head[3].u_sm /\sc_ceil_reg[7] )
INFO: [Synth 8-3333] propagating constant 0 across sequential element (\gen_head[1].u_sm /\sc_ceil_reg[7] )
INFO: [Synth 8-3333] propagating constant 0 across sequential element (\gen_head[3].u_sm /\m_g_reg[7] )
INFO: [Synth 8-3333] propagating constant 0 across sequential element (\gen_head[0].u_sm /\m_g_reg[7] )
INFO: [Synth 8-3333] propagating constant 0 across sequential element (\gen_head[1].u_sm /\m_g_reg[7] )
INFO: [Synth 8-3333] propagating constant 0 across sequential element (\gen_head[2].u_sm /\m_g_reg[7] )
WARNING: [Synth 8-3332] Sequential element (s2_pr_reg[47]) is unused and will be removed from module attn_twiddle.
WARNING: [Synth 8-3332] Sequential element (s2_pr_reg[46]) is unused and will be removed from module attn_twiddle.
WARNING: [Synth 8-3332] Sequential element (s2_pr_reg[45]) is unused and will be removed from module attn_twiddle.
WARNING: [Synth 8-3332] Sequential element (s2_pr_reg[44]) is unused and will be removed from module attn_twiddle.
WARNING: [Synth 8-3332] Sequential element (s2_pr_reg[43]) is unused and will be removed from module attn_twiddle.
WARNING: [Synth 8-3332] Sequential element (s2_pr_reg[42]) is unused and will be removed from module attn_twiddle.
WARNING: [Synth 8-3332] Sequential element (s2_pr_reg[41]) is unused and will be removed from module attn_twiddle.
WARNING: [Synth 8-3332] Sequential element (s2_pr_reg[40]) is unused and will be removed from module attn_twiddle.
WARNING: [Synth 8-3332] Sequential element (s2_pr_reg[39]) is unused and will be removed from module attn_twiddle.
WARNING: [Synth 8-3332] Sequential element (s2_pr_reg[38]) is unused and will be removed from module attn_twiddle.
WARNING: [Synth 8-3332] Sequential element (s2_pr_reg[37]) is unused and will be removed from module attn_twiddle.
WARNING: [Synth 8-3332] Sequential element (s2_pr_reg[36]) is unused and will be removed from module attn_twiddle.
WARNING: [Synth 8-3332] Sequential element (s2_pr_reg[35]) is unused and will be removed from module attn_twiddle.
WARNING: [Synth 8-3332] Sequential element (s2_pr_reg[34]) is unused and will be removed from module attn_twiddle.
WARNING: [Synth 8-3332] Sequential element (s2_pr_reg[33]) is unused and will be removed from module attn_twiddle.
WARNING: [Synth 8-3332] Sequential element (s2_pr_reg[32]) is unused and will be removed from module attn_twiddle.
WARNING: [Synth 8-3332] Sequential element (s2_pr_reg[31]) is unused and will be removed from module attn_twiddle.
WARNING: [Synth 8-3332] Sequential element (s2_pr_reg[30]) is unused and will be removed from module attn_twiddle.
WARNING: [Synth 8-3332] Sequential element (s2_pr_reg[29]) is unused and will be removed from module attn_twiddle.
WARNING: [Synth 8-3332] Sequential element (s2_pr_reg[28]) is unused and will be removed from module attn_twiddle.
WARNING: [Synth 8-3332] Sequential element (s2_pr_reg[27]) is unused and will be removed from module attn_twiddle.
WARNING: [Synth 8-3332] Sequential element (s2_pr_reg[26]) is unused and will be removed from module attn_twiddle.
WARNING: [Synth 8-3332] Sequential element (s2_pr_reg[25]) is unused and will be removed from module attn_twiddle.
WARNING: [Synth 8-3332] Sequential element (s2_pr_reg[24]) is unused and will be removed from module attn_twiddle.
WARNING: [Synth 8-3332] Sequential element (s2_pr_reg[23]) is unused and will be removed from module attn_twiddle.
WARNING: [Synth 8-3332] Sequential element (s2_pr_reg[22]) is unused and will be removed from module attn_twiddle.
WARNING: [Synth 8-3332] Sequential element (s2_pr_reg[21]) is unused and will be removed from module attn_twiddle.
WARNING: [Synth 8-3332] Sequential element (s2_pr_reg[20]) is unused and will be removed from module attn_twiddle.
WARNING: [Synth 8-3332] Sequential element (s2_pr_reg[19]) is unused and will be removed from module attn_twiddle.
WARNING: [Synth 8-3332] Sequential element (s2_pr_reg[18]) is unused and will be removed from module attn_twiddle.
WARNING: [Synth 8-3332] Sequential element (s2_pr_reg[17]) is unused and will be removed from module attn_twiddle.
WARNING: [Synth 8-3332] Sequential element (s2_pr_reg[47]) is unused and will be removed from module attn_gate.
WARNING: [Synth 8-3332] Sequential element (s2_pr_reg[46]) is unused and will be removed from module attn_gate.
WARNING: [Synth 8-3332] Sequential element (s2_pr_reg[45]) is unused and will be removed from module attn_gate.
WARNING: [Synth 8-3332] Sequential element (s2_pr_reg[44]) is unused and will be removed from module attn_gate.
WARNING: [Synth 8-3332] Sequential element (s2_pr_reg[43]) is unused and will be removed from module attn_gate.
WARNING: [Synth 8-3332] Sequential element (s2_pr_reg[42]) is unused and will be removed from module attn_gate.
WARNING: [Synth 8-3332] Sequential element (s2_pr_reg[41]) is unused and will be removed from module attn_gate.
WARNING: [Synth 8-3332] Sequential element (s2_pr_reg[40]) is unused and will be removed from module attn_gate.
WARNING: [Synth 8-3332] Sequential element (s2_pr_reg[39]) is unused and will be removed from module attn_gate.
WARNING: [Synth 8-3332] Sequential element (s2_pr_reg[38]) is unused and will be removed from module attn_gate.
WARNING: [Synth 8-3332] Sequential element (s2_pr_reg[37]) is unused and will be removed from module attn_gate.
WARNING: [Synth 8-3332] Sequential element (s2_pr_reg[36]) is unused and will be removed from module attn_gate.
WARNING: [Synth 8-3332] Sequential element (s2_pr_reg[35]) is unused and will be removed from module attn_gate.
WARNING: [Synth 8-3332] Sequential element (s2_pr_reg[34]) is unused and will be removed from module attn_gate.
WARNING: [Synth 8-3332] Sequential element (s2_pr_reg[33]) is unused and will be removed from module attn_gate.
WARNING: [Synth 8-3332] Sequential element (s2_pr_reg[32]) is unused and will be removed from module attn_gate.
WARNING: [Synth 8-3332] Sequential element (s2_pr_reg[31]) is unused and will be removed from module attn_gate.
WARNING: [Synth 8-3332] Sequential element (s2_pr_reg[30]) is unused and will be removed from module attn_gate.
WARNING: [Synth 8-3332] Sequential element (s2_pr_reg[29]) is unused and will be removed from module attn_gate.
WARNING: [Synth 8-3332] Sequential element (s2_pr_reg[28]) is unused and will be removed from module attn_gate.
WARNING: [Synth 8-3332] Sequential element (s2_pr_reg[27]) is unused and will be removed from module attn_gate.
WARNING: [Synth 8-3332] Sequential element (s2_pr_reg[26]) is unused and will be removed from module attn_gate.
WARNING: [Synth 8-3332] Sequential element (s2_pr_reg[25]) is unused and will be removed from module attn_gate.
WARNING: [Synth 8-3332] Sequential element (s2_pr_reg[24]) is unused and will be removed from module attn_gate.
WARNING: [Synth 8-3332] Sequential element (s2_pr_reg[23]) is unused and will be removed from module attn_gate.
WARNING: [Synth 8-3332] Sequential element (s2_pr_reg[22]) is unused and will be removed from module attn_gate.
WARNING: [Synth 8-3332] Sequential element (s2_pr_reg[21]) is unused and will be removed from module attn_gate.
WARNING: [Synth 8-3332] Sequential element (s2_pr_reg[20]) is unused and will be removed from module attn_gate.
WARNING: [Synth 8-3332] Sequential element (s2_pr_reg[19]) is unused and will be removed from module attn_gate.
WARNING: [Synth 8-3332] Sequential element (s2_pr_reg[18]) is unused and will be removed from module attn_gate.
WARNING: [Synth 8-3332] Sequential element (s2_pr_reg[17]) is unused and will be removed from module attn_gate.
INFO: [Synth 8-3333] propagating constant 0 across sequential element (u_gate/\rsh_reg[5] )
INFO: [Synth 8-3333] propagating constant 0 across sequential element (u_quant/\a4_abs_reg[16] )
INFO: [Synth 8-3333] propagating constant 0 across sequential element (u_emit/\bias_r_reg[23] )
INFO: [Synth 8-3333] propagating constant 0 across sequential element (u_quant/i_1/\m2_bias_reg[16] )
INFO: [Synth 8-3333] propagating constant 0 across sequential element (u_quant/\amax_reg[16] )
INFO: [Synth 8-3333] propagating constant 0 across sequential element (u_quant/\m3_bias_reg[16] )
---------------------------------------------------------------------------------
Finished Cross Boundary and Area Optimization : Time (s): cpu = 00:07:43 ; elapsed = 00:07:36 . Memory (MB): peak = 5454.117 ; gain = 3062.195 ; free physical = 783 ; free virtual = 45396
---------------------------------------------------------------------------------
 Sort Area is attn_block__GCB0 s2_pr0_15 : 0 0 : 3052 6214 : Used 1 time 0
 Sort Area is attn_block__GCB0 s2_pr0_15 : 0 1 : 3162 6214 : Used 1 time 0
 Sort Area is rmsnorm_rs__GB0 ARG_1b : 0 0 : 2601 5209 : Used 1 time 0
 Sort Area is rmsnorm_rs__GB0 ARG_1b : 0 1 : 2608 5209 : Used 1 time 0
 Sort Area is attn_block__GCB0 s2_pr0_0 : 0 0 : 2737 5165 : Used 1 time 0
 Sort Area is attn_block__GCB0 s2_pr0_0 : 0 1 : 2428 5165 : Used 1 time 0
 Sort Area is attn_mac_array__GB14 p_reg_reg[118]0_7 : 0 0 : 2492 5102 : Used 1 time 0
 Sort Area is attn_mac_array__GB14 p_reg_reg[118]0_7 : 0 1 : 2610 5102 : Used 1 time 0
 Sort Area is attn_mac_array__GB18 p_reg_reg[123]0_3 : 0 0 : 2492 5102 : Used 1 time 0
 Sort Area is attn_mac_array__GB18 p_reg_reg[123]0_3 : 0 1 : 2610 5102 : Used 1 time 0
 Sort Area is attn_mac_array__GB14 p_reg_reg[26]0_4 : 0 0 : 2492 5102 : Used 1 time 0
 Sort Area is attn_mac_array__GB14 p_reg_reg[26]0_4 : 0 1 : 2610 5102 : Used 1 time 0
 Sort Area is attn_mac_array__GB18 p_reg_reg[51]0_0 : 0 0 : 2492 5102 : Used 1 time 0
 Sort Area is attn_mac_array__GB18 p_reg_reg[51]0_0 : 0 1 : 2610 5102 : Used 1 time 0
 Sort Area is attn_mac_array__GB18 p_reg_reg[83]0_4 : 0 0 : 2492 5102 : Used 1 time 0
 Sort Area is attn_mac_array__GB18 p_reg_reg[83]0_4 : 0 1 : 2610 5102 : Used 1 time 0
 Sort Area is attn_mac_array__GB18 p_reg_reg[95]0_5 : 0 0 : 2492 5102 : Used 1 time 0
 Sort Area is attn_mac_array__GB18 p_reg_reg[95]0_5 : 0 1 : 2610 5102 : Used 1 time 0
 Sort Area is attn_mac_array__GB6 p_reg_reg[17]0_3 : 0 0 : 2478 5074 : Used 1 time 0
 Sort Area is attn_mac_array__GB6 p_reg_reg[17]0_3 : 0 1 : 2596 5074 : Used 1 time 0
 Sort Area is attn_mac_array__GB6 p_reg_reg[87]0_4 : 0 0 : 2478 5074 : Used 1 time 0
 Sort Area is attn_mac_array__GB6 p_reg_reg[87]0_4 : 0 1 : 2596 5074 : Used 1 time 0
 Sort Area is attn_mac_array__GB6 p_reg_reg[88]0_0 : 0 0 : 2478 5074 : Used 1 time 0
 Sort Area is attn_mac_array__GB6 p_reg_reg[88]0_0 : 0 1 : 2596 5074 : Used 1 time 0
 Sort Area is attn_mac_array__GB13 p_reg_reg[72]0_3 : 0 0 : 2478 5055 : Used 1 time 0
 Sort Area is attn_mac_array__GB13 p_reg_reg[72]0_3 : 0 1 : 2577 5055 : Used 1 time 0
 Sort Area is attn_mac_array__GB13 p_reg_reg[82]0_c : 0 0 : 2478 5055 : Used 1 time 0
 Sort Area is attn_mac_array__GB13 p_reg_reg[82]0_c : 0 1 : 2577 5055 : Used 1 time 0
 Sort Area is rmsnorm_rs__GB0 ARG_8 : 0 0 : 2755 4963 : Used 1 time 0
 Sort Area is rmsnorm_rs__GB0 ARG_8 : 0 1 : 2208 4963 : Used 1 time 0
 Sort Area is rmsnorm_rs__GB0 ARG_0 : 0 0 : 2737 4933 : Used 1 time 0
 Sort Area is rmsnorm_rs__GB0 ARG_0 : 0 1 : 2196 4933 : Used 1 time 0
 Sort Area is rmsnorm_rs__GB0 ARG_e : 0 0 : 2737 4933 : Used 1 time 0
 Sort Area is rmsnorm_rs__GB0 ARG_e : 0 1 : 2196 4933 : Used 1 time 0
 Sort Area is rmsnorm_rs__GB0 ARG_3 : 0 0 : 2584 4606 : Used 1 time 0
 Sort Area is rmsnorm_rs__GB0 ARG_3 : 0 1 : 2022 4606 : Used 1 time 0
 Sort Area is rmsnorm_rs__GB0 ARG_18 : 0 0 : 2338 4317 : Used 1 time 0
 Sort Area is rmsnorm_rs__GB0 ARG_18 : 0 1 : 1979 4317 : Used 1 time 0
 Sort Area is attn_block__GCB0 r2_p00_reg_9 : 0 0 : 1969 4225 : Used 1 time 0
 Sort Area is attn_block__GCB0 r2_p00_reg_9 : 0 1 : 2256 4225 : Used 1 time 0
 Sort Area is attn_mac_array__GB21 p_reg_reg[0]0_f : 0 0 : 2027 4157 : Used 1 time 0
 Sort Area is attn_mac_array__GB21 p_reg_reg[0]0_f : 0 1 : 2130 4157 : Used 1 time 0
 Sort Area is attn_mac_array__GB10 p_reg_reg[100]0_1b : 0 0 : 2027 4157 : Used 1 time 0
 Sort Area is attn_mac_array__GB10 p_reg_reg[100]0_1b : 0 1 : 2130 4157 : Used 1 time 0
 Sort Area is attn_mac_array__GB15 p_reg_reg[102]0_3 : 0 0 : 2027 4157 : Used 1 time 0
 Sort Area is attn_mac_array__GB15 p_reg_reg[102]0_3 : 0 1 : 2130 4157 : Used 1 time 0
 Sort Area is attn_mac_array__GB10 p_reg_reg[103]0_19 : 0 0 : 2027 4157 : Used 1 time 0
 Sort Area is attn_mac_array__GB10 p_reg_reg[103]0_19 : 0 1 : 2130 4157 : Used 1 time 0
 Sort Area is attn_mac_array__GB10 p_reg_reg[106]0_17 : 0 0 : 2027 4157 : Used 1 time 0
 Sort Area is attn_mac_array__GB10 p_reg_reg[106]0_17 : 0 1 : 2130 4157 : Used 1 time 0
 Sort Area is attn_mac_array__GB10 p_reg_reg[107]0_e : 0 0 : 2027 4157 : Used 1 time 0
 Sort Area is attn_mac_array__GB10 p_reg_reg[107]0_e : 0 1 : 2130 4157 : Used 1 time 0
 Sort Area is attn_mac_array__GB15 p_reg_reg[108]0_0 : 0 0 : 2027 4157 : Used 1 time 0
 Sort Area is attn_mac_array__GB15 p_reg_reg[108]0_0 : 0 1 : 2130 4157 : Used 1 time 0
 Sort Area is attn_mac_array__GB10 p_reg_reg[110]0_a : 0 0 : 2027 4157 : Used 1 time 0
 Sort Area is attn_mac_array__GB10 p_reg_reg[110]0_a : 0 1 : 2130 4157 : Used 1 time 0
 Sort Area is attn_mac_array__GB10 p_reg_reg[112]0_3 : 0 0 : 2027 4157 : Used 1 time 0
 Sort Area is attn_mac_array__GB10 p_reg_reg[112]0_3 : 0 1 : 2130 4157 : Used 1 time 0
 Sort Area is attn_mac_array__GB10 p_reg_reg[120]0_12 : 0 0 : 2027 4157 : Used 1 time 0
 Sort Area is attn_mac_array__GB10 p_reg_reg[120]0_12 : 0 1 : 2130 4157 : Used 1 time 0
 Sort Area is attn_mac_array__GB19 p_reg_reg[13]0_3 : 0 0 : 2027 4157 : Used 1 time 0
 Sort Area is attn_mac_array__GB19 p_reg_reg[13]0_3 : 0 1 : 2130 4157 : Used 1 time 0
 Sort Area is attn_mac_array__GB19 p_reg_reg[1]0_0 : 0 0 : 2027 4157 : Used 1 time 0
 Sort Area is attn_mac_array__GB19 p_reg_reg[1]0_0 : 0 1 : 2130 4157 : Used 1 time 0
 Sort Area is attn_mac_array__GB21 p_reg_reg[36]0_10 : 0 0 : 2027 4157 : Used 1 time 0
 Sort Area is attn_mac_array__GB21 p_reg_reg[36]0_10 : 0 1 : 2130 4157 : Used 1 time 0
 Sort Area is attn_mac_array__GB16 p_reg_reg[58]0_9 : 0 0 : 2027 4157 : Used 1 time 0
 Sort Area is attn_mac_array__GB16 p_reg_reg[58]0_9 : 0 1 : 2130 4157 : Used 1 time 0
 Sort Area is attn_mac_array__GB12 p_reg_reg[63]0_3 : 0 0 : 2027 4157 : Used 1 time 0
 Sort Area is attn_mac_array__GB12 p_reg_reg[63]0_3 : 0 1 : 2130 4157 : Used 1 time 0
 Sort Area is attn_mac_array__GB13 p_reg_reg[65]0_b : 0 0 : 2027 4157 : Used 1 time 0
 Sort Area is attn_mac_array__GB13 p_reg_reg[65]0_b : 0 1 : 2130 4157 : Used 1 time 0
 Sort Area is attn_mac_array__GB16 p_reg_reg[66]0_b : 0 0 : 2027 4157 : Used 1 time 0
 Sort Area is attn_mac_array__GB16 p_reg_reg[66]0_b : 0 1 : 2130 4157 : Used 1 time 0
 Sort Area is attn_mac_array__GB16 p_reg_reg[69]0_c : 0 0 : 2027 4157 : Used 1 time 0
 Sort Area is attn_mac_array__GB16 p_reg_reg[69]0_c : 0 1 : 2130 4157 : Used 1 time 0
 Sort Area is attn_mac_array__GB13 p_reg_reg[71]0_0 : 0 0 : 2027 4157 : Used 1 time 0
 Sort Area is attn_mac_array__GB13 p_reg_reg[71]0_0 : 0 1 : 2130 4157 : Used 1 time 0
 Sort Area is attn_mac_array__GB8 p_reg_reg[73]0_15 : 0 0 : 2027 4157 : Used 1 time 0
 Sort Area is attn_mac_array__GB8 p_reg_reg[73]0_15 : 0 1 : 2130 4157 : Used 1 time 0
 Sort Area is attn_mac_array__GB11 p_reg_reg[75]0_0 : 0 0 : 2027 4157 : Used 1 time 0
 Sort Area is attn_mac_array__GB11 p_reg_reg[75]0_0 : 0 1 : 2130 4157 : Used 1 time 0
 Sort Area is attn_mac_array__GB16 p_reg_reg[76]0_d : 0 0 : 2027 4157 : Used 1 time 0
 Sort Area is attn_mac_array__GB16 p_reg_reg[76]0_d : 0 1 : 2130 4157 : Used 1 time 0
 Sort Area is attn_mac_array__GB12 p_reg_reg[78]0_7 : 0 0 : 2027 4157 : Used 1 time 0
 Sort Area is attn_mac_array__GB12 p_reg_reg[78]0_7 : 0 1 : 2130 4157 : Used 1 time 0
 Sort Area is attn_mac_array__GB16 p_reg_reg[79]0_e : 0 0 : 2027 4157 : Used 1 time 0
 Sort Area is attn_mac_array__GB16 p_reg_reg[79]0_e : 0 1 : 2130 4157 : Used 1 time 0
 Sort Area is attn_mac_array__GB15 p_reg_reg[85]0_9 : 0 0 : 2027 4157 : Used 1 time 0
 Sort Area is attn_mac_array__GB15 p_reg_reg[85]0_9 : 0 1 : 2130 4157 : Used 1 time 0
 Sort Area is attn_mac_array__GB13 p_reg_reg[89]0_10 : 0 0 : 2027 4157 : Used 1 time 0
 Sort Area is attn_mac_array__GB13 p_reg_reg[89]0_10 : 0 1 : 2130 4157 : Used 1 time 0
 Sort Area is attn_mac_array__GB19 p_reg_reg[8]0_4 : 0 0 : 2027 4157 : Used 1 time 0
 Sort Area is attn_mac_array__GB19 p_reg_reg[8]0_4 : 0 1 : 2130 4157 : Used 1 time 0
 Sort Area is attn_mac_array__GB12 p_reg_reg[90]0_0 : 0 0 : 2027 4157 : Used 1 time 0
 Sort Area is attn_mac_array__GB12 p_reg_reg[90]0_0 : 0 1 : 2130 4157 : Used 1 time 0
 Sort Area is attn_mac_array__GB15 p_reg_reg[91]0_7 : 0 0 : 2027 4157 : Used 1 time 0
 Sort Area is attn_mac_array__GB15 p_reg_reg[91]0_7 : 0 1 : 2130 4157 : Used 1 time 0
 Sort Area is attn_mac_array__GB10 p_reg_reg[105]0_18 : 0 0 : 2027 4138 : Used 1 time 0
 Sort Area is attn_mac_array__GB10 p_reg_reg[105]0_18 : 0 1 : 2111 4138 : Used 1 time 0
 Sort Area is attn_mac_array__GB9 p_reg_reg[10]0_3 : 0 0 : 2027 4138 : Used 1 time 0
 Sort Area is attn_mac_array__GB9 p_reg_reg[10]0_3 : 0 1 : 2111 4138 : Used 1 time 0
 Sort Area is attn_mac_array__GB15 p_reg_reg[111]0_6 : 0 0 : 2027 4138 : Used 1 time 0
 Sort Area is attn_mac_array__GB15 p_reg_reg[111]0_6 : 0 1 : 2111 4138 : Used 1 time 0
 Sort Area is attn_mac_array__GB10 p_reg_reg[113]0_b : 0 0 : 2027 4138 : Used 1 time 0
 Sort Area is attn_mac_array__GB10 p_reg_reg[113]0_b : 0 1 : 2111 4138 : Used 1 time 0
 Sort Area is attn_mac_array__GB10 p_reg_reg[116]0_15 : 0 0 : 2027 4138 : Used 1 time 0
 Sort Area is attn_mac_array__GB10 p_reg_reg[116]0_15 : 0 1 : 2111 4138 : Used 1 time 0
 Sort Area is attn_mac_array__GB10 p_reg_reg[119]0_13 : 0 0 : 2027 4138 : Used 1 time 0
 Sort Area is attn_mac_array__GB10 p_reg_reg[119]0_13 : 0 1 : 2111 4138 : Used 1 time 0
 Sort Area is attn_mac_array__GB13 p_reg_reg[122]0_13 : 0 0 : 2027 4138 : Used 1 time 0
 Sort Area is attn_mac_array__GB13 p_reg_reg[122]0_13 : 0 1 : 2111 4138 : Used 1 time 0
 Sort Area is attn_mac_array__GB13 p_reg_reg[125]0_12 : 0 0 : 2027 4138 : Used 1 time 0
 Sort Area is attn_mac_array__GB13 p_reg_reg[125]0_12 : 0 1 : 2111 4138 : Used 1 time 0
 Sort Area is attn_mac_array__GB10 p_reg_reg[25]0_1e : 0 0 : 2027 4138 : Used 1 time 0
 Sort Area is attn_mac_array__GB10 p_reg_reg[25]0_1e : 0 1 : 2111 4138 : Used 1 time 0
 Sort Area is attn_mac_array__GB15 p_reg_reg[28]0_d : 0 0 : 2027 4138 : Used 1 time 0
 Sort Area is attn_mac_array__GB15 p_reg_reg[28]0_d : 0 1 : 2111 4138 : Used 1 time 0
 Sort Area is attn_mac_array__GB15 p_reg_reg[31]0_8 : 0 0 : 2027 4138 : Used 1 time 0
 Sort Area is attn_mac_array__GB15 p_reg_reg[31]0_8 : 0 1 : 2111 4138 : Used 1 time 0
 Sort Area is attn_mac_array__GB19 p_reg_reg[45]0_5 : 0 0 : 2027 4138 : Used 1 time 0
 Sort Area is attn_mac_array__GB19 p_reg_reg[45]0_5 : 0 1 : 2111 4138 : Used 1 time 0
 Sort Area is attn_mac_array__GB15 p_reg_reg[53]0_e : 0 0 : 2027 4138 : Used 1 time 0
 Sort Area is attn_mac_array__GB15 p_reg_reg[53]0_e : 0 1 : 2111 4138 : Used 1 time 0
 Sort Area is attn_mac_array__GB13 p_reg_reg[62]0_f : 0 0 : 2027 4138 : Used 1 time 0
 Sort Area is attn_mac_array__GB13 p_reg_reg[62]0_f : 0 1 : 2111 4138 : Used 1 time 0
 Sort Area is attn_mac_array__GB13 p_reg_reg[64]0_9 : 0 0 : 2027 4138 : Used 1 time 0
 Sort Area is attn_mac_array__GB13 p_reg_reg[64]0_9 : 0 1 : 2111 4138 : Used 1 time 0
 Sort Area is attn_mac_array__GB13 p_reg_reg[68]0_6 : 0 0 : 2027 4138 : Used 1 time 0
 Sort Area is attn_mac_array__GB13 p_reg_reg[68]0_6 : 0 1 : 2111 4138 : Used 1 time 0
 Sort Area is attn_mac_array__GB10 p_reg_reg[74]0_f : 0 0 : 2027 4138 : Used 1 time 0
 Sort Area is attn_mac_array__GB10 p_reg_reg[74]0_f : 0 1 : 2111 4138 : Used 1 time 0
 Sort Area is attn_mac_array__GB13 p_reg_reg[77]0_8 : 0 0 : 2027 4138 : Used 1 time 0
 Sort Area is attn_mac_array__GB13 p_reg_reg[77]0_8 : 0 1 : 2111 4138 : Used 1 time 0
 Sort Area is attn_mac_array__GB13 p_reg_reg[81]0_a : 0 0 : 2027 4138 : Used 1 time 0
 Sort Area is attn_mac_array__GB13 p_reg_reg[81]0_a : 0 1 : 2111 4138 : Used 1 time 0
 Sort Area is attn_mac_array__GB13 p_reg_reg[84]0_d : 0 0 : 2027 4138 : Used 1 time 0
 Sort Area is attn_mac_array__GB13 p_reg_reg[84]0_d : 0 1 : 2111 4138 : Used 1 time 0
 Sort Area is attn_mac_array__GB13 p_reg_reg[86]0_e : 0 0 : 2027 4138 : Used 1 time 0
 Sort Area is attn_mac_array__GB13 p_reg_reg[86]0_e : 0 1 : 2111 4138 : Used 1 time 0
 Sort Area is attn_mac_array__GB13 p_reg_reg[93]0_11 : 0 0 : 2027 4138 : Used 1 time 0
 Sort Area is attn_mac_array__GB13 p_reg_reg[93]0_11 : 0 1 : 2111 4138 : Used 1 time 0
 Sort Area is attn_mac_array__GB15 p_reg_reg[99]0_4 : 0 0 : 2027 4138 : Used 1 time 0
 Sort Area is attn_mac_array__GB15 p_reg_reg[99]0_4 : 0 1 : 2111 4138 : Used 1 time 0
 Sort Area is attn_mac_array__GB10 p_reg_reg[101]0_1a : 0 0 : 2013 4129 : Used 1 time 0
 Sort Area is attn_mac_array__GB10 p_reg_reg[101]0_1a : 0 1 : 2116 4129 : Used 1 time 0
 Sort Area is attn_mac_array__GB14 p_reg_reg[104]0_0 : 0 0 : 2013 4129 : Used 1 time 0
 Sort Area is attn_mac_array__GB14 p_reg_reg[104]0_0 : 0 1 : 2116 4129 : Used 1 time 0
 Sort Area is attn_mac_array__GB10 p_reg_reg[114]0_9 : 0 0 : 2013 4129 : Used 1 time 0
 Sort Area is attn_mac_array__GB10 p_reg_reg[114]0_9 : 0 1 : 2116 4129 : Used 1 time 0
 Sort Area is attn_mac_array__GB10 p_reg_reg[115]0_16 : 0 0 : 2013 4129 : Used 1 time 0
 Sort Area is attn_mac_array__GB10 p_reg_reg[115]0_16 : 0 1 : 2116 4129 : Used 1 time 0
 Sort Area is attn_mac_array__GB8 p_reg_reg[11]0_12 : 0 0 : 2013 4129 : Used 1 time 0
 Sort Area is attn_mac_array__GB8 p_reg_reg[11]0_12 : 0 1 : 2116 4129 : Used 1 time 0
 Sort Area is attn_mac_array__GB10 p_reg_reg[121]0_11 : 0 0 : 2013 4129 : Used 1 time 0
 Sort Area is attn_mac_array__GB10 p_reg_reg[121]0_11 : 0 1 : 2116 4129 : Used 1 time 0
 Sort Area is attn_mac_array__GB10 p_reg_reg[124]0_10 : 0 0 : 2013 4129 : Used 1 time 0
 Sort Area is attn_mac_array__GB10 p_reg_reg[124]0_10 : 0 1 : 2116 4129 : Used 1 time 0
 Sort Area is attn_mac_array__GB18 p_reg_reg[126]0_6 : 0 0 : 2013 4129 : Used 1 time 0
 Sort Area is attn_mac_array__GB18 p_reg_reg[126]0_6 : 0 1 : 2116 4129 : Used 1 time 0
 Sort Area is attn_mac_array__GB10 p_reg_reg[127]0_6 : 0 0 : 2013 4129 : Used 1 time 0
 Sort Area is attn_mac_array__GB10 p_reg_reg[127]0_6 : 0 1 : 2116 4129 : Used 1 time 0
 Sort Area is attn_mac_array__GB8 p_reg_reg[12]0_11 : 0 0 : 2013 4129 : Used 1 time 0
 Sort Area is attn_mac_array__GB8 p_reg_reg[12]0_11 : 0 1 : 2116 4129 : Used 1 time 0
 Sort Area is attn_mac_array__GB8 p_reg_reg[14]0_10 : 0 0 : 2013 4129 : Used 1 time 0
 Sort Area is attn_mac_array__GB8 p_reg_reg[14]0_10 : 0 1 : 2116 4129 : Used 1 time 0
 Sort Area is attn_mac_array__GB8 p_reg_reg[16]0_f : 0 0 : 2013 4129 : Used 1 time 0
 Sort Area is attn_mac_array__GB8 p_reg_reg[16]0_f : 0 1 : 2116 4129 : Used 1 time 0
 Sort Area is attn_mac_array__GB8 p_reg_reg[19]0_e : 0 0 : 2013 4129 : Used 1 time 0
 Sort Area is attn_mac_array__GB8 p_reg_reg[19]0_e : 0 1 : 2116 4129 : Used 1 time 0
 Sort Area is attn_mac_array__GB8 p_reg_reg[20]0_d : 0 0 : 2013 4129 : Used 1 time 0
 Sort Area is attn_mac_array__GB8 p_reg_reg[20]0_d : 0 1 : 2116 4129 : Used 1 time 0
 Sort Area is attn_mac_array__GB8 p_reg_reg[22]0_c : 0 0 : 2013 4129 : Used 1 time 0
 Sort Area is attn_mac_array__GB8 p_reg_reg[22]0_c : 0 1 : 2116 4129 : Used 1 time 0
 Sort Area is attn_mac_array__GB8 p_reg_reg[23]0_b : 0 0 : 2013 4129 : Used 1 time 0
 Sort Area is attn_mac_array__GB8 p_reg_reg[23]0_b : 0 1 : 2116 4129 : Used 1 time 0
 Sort Area is attn_mac_array__GB8 p_reg_reg[29]0_8 : 0 0 : 2013 4129 : Used 1 time 0
 Sort Area is attn_mac_array__GB8 p_reg_reg[29]0_8 : 0 1 : 2116 4129 : Used 1 time 0
 Sort Area is attn_mac_array__GB8 p_reg_reg[2]0_0 : 0 0 : 2013 4129 : Used 1 time 0
 Sort Area is attn_mac_array__GB8 p_reg_reg[2]0_0 : 0 1 : 2116 4129 : Used 1 time 0
 Sort Area is attn_mac_array__GB7 p_reg_reg[32]0_5 : 0 0 : 2013 4129 : Used 1 time 0
 Sort Area is attn_mac_array__GB7 p_reg_reg[32]0_5 : 0 1 : 2116 4129 : Used 1 time 0
 Sort Area is attn_mac_array__GB7 p_reg_reg[33]0_18 : 0 0 : 2013 4129 : Used 1 time 0
 Sort Area is attn_mac_array__GB7 p_reg_reg[33]0_18 : 0 1 : 2116 4129 : Used 1 time 0
 Sort Area is attn_mac_array__GB7 p_reg_reg[34]0_17 : 0 0 : 2013 4129 : Used 1 time 0
 Sort Area is attn_mac_array__GB7 p_reg_reg[34]0_17 : 0 1 : 2116 4129 : Used 1 time 0
 Sort Area is attn_mac_array__GB7 p_reg_reg[35]0_16 : 0 0 : 2013 4129 : Used 1 time 0
 Sort Area is attn_mac_array__GB7 p_reg_reg[35]0_16 : 0 1 : 2116 4129 : Used 1 time 0
 Sort Area is attn_mac_array__GB7 p_reg_reg[37]0_15 : 0 0 : 2013 4129 : Used 1 time 0
 Sort Area is attn_mac_array__GB7 p_reg_reg[37]0_15 : 0 1 : 2116 4129 : Used 1 time 0
 Sort Area is attn_mac_array__GB2 p_reg_reg[38]0_0 : 0 0 : 2013 4129 : Used 1 time 0
 Sort Area is attn_mac_array__GB2 p_reg_reg[38]0_0 : 0 1 : 2116 4129 : Used 1 time 0
 Sort Area is attn_mac_array__GB7 p_reg_reg[39]0_14 : 0 0 : 2013 4129 : Used 1 time 0
 Sort Area is attn_mac_array__GB7 p_reg_reg[39]0_14 : 0 1 : 2116 4129 : Used 1 time 0
 Sort Area is attn_mac_array__GB8 p_reg_reg[3]0_3 : 0 0 : 2013 4129 : Used 1 time 0
 Sort Area is attn_mac_array__GB8 p_reg_reg[3]0_3 : 0 1 : 2116 4129 : Used 1 time 0
 Sort Area is attn_mac_array__GB14 p_reg_reg[40]0_3 : 0 0 : 2013 4129 : Used 1 time 0
 Sort Area is attn_mac_array__GB14 p_reg_reg[40]0_3 : 0 1 : 2116 4129 : Used 1 time 0
 Sort Area is attn_mac_array__GB7 p_reg_reg[41]0_13 : 0 0 : 2013 4129 : Used 1 time 0
 Sort Area is attn_mac_array__GB7 p_reg_reg[41]0_13 : 0 1 : 2116 4129 : Used 1 time 0
 Sort Area is attn_mac_array__GB7 p_reg_reg[43]0_11 : 0 0 : 2013 4129 : Used 1 time 0
 Sort Area is attn_mac_array__GB7 p_reg_reg[43]0_11 : 0 1 : 2116 4129 : Used 1 time 0
 Sort Area is attn_mac_array__GB7 p_reg_reg[46]0_f : 0 0 : 2013 4129 : Used 1 time 0
 Sort Area is attn_mac_array__GB7 p_reg_reg[46]0_f : 0 1 : 2116 4129 : Used 1 time 0
 Sort Area is attn_mac_array__GB7 p_reg_reg[47]0_e : 0 0 : 2013 4129 : Used 1 time 0
 Sort Area is attn_mac_array__GB7 p_reg_reg[47]0_e : 0 1 : 2116 4129 : Used 1 time 0
 Sort Area is attn_mac_array__GB7 p_reg_reg[48]0_d : 0 0 : 2013 4129 : Used 1 time 0
 Sort Area is attn_mac_array__GB7 p_reg_reg[48]0_d : 0 1 : 2116 4129 : Used 1 time 0
 Sort Area is attn_mac_array__GB7 p_reg_reg[49]0_c : 0 0 : 2013 4129 : Used 1 time 0
 Sort Area is attn_mac_array__GB7 p_reg_reg[49]0_c : 0 1 : 2116 4129 : Used 1 time 0
 Sort Area is attn_mac_array__GB8 p_reg_reg[4]0_4 : 0 0 : 2013 4129 : Used 1 time 0
 Sort Area is attn_mac_array__GB8 p_reg_reg[4]0_4 : 0 1 : 2116 4129 : Used 1 time 0
 Sort Area is attn_mac_array__GB7 p_reg_reg[50]0_b : 0 0 : 2013 4129 : Used 1 time 0
 Sort Area is attn_mac_array__GB7 p_reg_reg[50]0_b : 0 1 : 2116 4129 : Used 1 time 0
 Sort Area is attn_mac_array__GB7 p_reg_reg[54]0_8 : 0 0 : 2013 4129 : Used 1 time 0
 Sort Area is attn_mac_array__GB7 p_reg_reg[54]0_8 : 0 1 : 2116 4129 : Used 1 time 0
 Sort Area is attn_mac_array__GB7 p_reg_reg[55]0_7 : 0 0 : 2013 4129 : Used 1 time 0
 Sort Area is attn_mac_array__GB7 p_reg_reg[55]0_7 : 0 1 : 2116 4129 : Used 1 time 0
 Sort Area is attn_mac_array__GB7 p_reg_reg[56]0_6 : 0 0 : 2013 4129 : Used 1 time 0
 Sort Area is attn_mac_array__GB7 p_reg_reg[56]0_6 : 0 1 : 2116 4129 : Used 1 time 0
 Sort Area is attn_mac_array__GB7 p_reg_reg[57]0_4 : 0 0 : 2013 4129 : Used 1 time 0
 Sort Area is attn_mac_array__GB7 p_reg_reg[57]0_4 : 0 1 : 2116 4129 : Used 1 time 0
 Sort Area is attn_mac_array__GB7 p_reg_reg[59]0_3 : 0 0 : 2013 4129 : Used 1 time 0
 Sort Area is attn_mac_array__GB7 p_reg_reg[59]0_3 : 0 1 : 2116 4129 : Used 1 time 0
 Sort Area is attn_mac_array__GB14 p_reg_reg[5]0_8 : 0 0 : 2013 4129 : Used 1 time 0
 Sort Area is attn_mac_array__GB14 p_reg_reg[5]0_8 : 0 1 : 2116 4129 : Used 1 time 0
 Sort Area is attn_mac_array__GB7 p_reg_reg[60]0_0 : 0 0 : 2013 4129 : Used 1 time 0
 Sort Area is attn_mac_array__GB7 p_reg_reg[60]0_0 : 0 1 : 2116 4129 : Used 1 time 0
 Sort Area is attn_mac_array__GB21 p_reg_reg[61]0_11 : 0 0 : 2013 4129 : Used 1 time 0
 Sort Area is attn_mac_array__GB21 p_reg_reg[61]0_11 : 0 1 : 2116 4129 : Used 1 time 0
 Sort Area is attn_mac_array__GB12 p_reg_reg[67]0_4 : 0 0 : 2013 4129 : Used 1 time 0
 Sort Area is attn_mac_array__GB12 p_reg_reg[67]0_4 : 0 1 : 2116 4129 : Used 1 time 0
 Sort Area is attn_mac_array__GB8 p_reg_reg[6]0_5 : 0 0 : 2013 4129 : Used 1 time 0
 Sort Area is attn_mac_array__GB8 p_reg_reg[6]0_5 : 0 1 : 2116 4129 : Used 1 time 0
 Sort Area is attn_mac_array__GB8 p_reg_reg[7]0_14 : 0 0 : 2013 4129 : Used 1 time 0
 Sort Area is attn_mac_array__GB8 p_reg_reg[7]0_14 : 0 1 : 2116 4129 : Used 1 time 0
 Sort Area is attn_mac_array__GB9 p_reg_reg[92]0_6 : 0 0 : 2013 4129 : Used 1 time 0
 Sort Area is attn_mac_array__GB9 p_reg_reg[92]0_6 : 0 1 : 2116 4129 : Used 1 time 0
 Sort Area is attn_mac_array__GB10 p_reg_reg[96]0_0 : 0 0 : 2013 4129 : Used 1 time 0
 Sort Area is attn_mac_array__GB10 p_reg_reg[96]0_0 : 0 1 : 2116 4129 : Used 1 time 0
 Sort Area is attn_mac_array__GB10 p_reg_reg[97]0_d : 0 0 : 2013 4129 : Used 1 time 0
 Sort Area is attn_mac_array__GB10 p_reg_reg[97]0_d : 0 1 : 2116 4129 : Used 1 time 0
 Sort Area is attn_mac_array__GB10 p_reg_reg[98]0_1c : 0 0 : 2013 4129 : Used 1 time 0
 Sort Area is attn_mac_array__GB10 p_reg_reg[98]0_1c : 0 1 : 2116 4129 : Used 1 time 0
 Sort Area is attn_mac_array__GB8 p_reg_reg[9]0_13 : 0 0 : 2013 4129 : Used 1 time 0
 Sort Area is attn_mac_array__GB8 p_reg_reg[9]0_13 : 0 1 : 2116 4129 : Used 1 time 0
 Sort Area is attn_mac_array__GB11 p_reg_reg[80]0_3 : 0 0 : 2009 4120 : Used 1 time 0
 Sort Area is attn_mac_array__GB11 p_reg_reg[80]0_3 : 0 1 : 2111 4120 : Used 1 time 0
 Sort Area is attn_mac_array__GB10 p_reg_reg[109]0_7 : 0 0 : 2013 4110 : Used 1 time 0
 Sort Area is attn_mac_array__GB10 p_reg_reg[109]0_7 : 0 1 : 2097 4110 : Used 1 time 0
 Sort Area is attn_mac_array__GB10 p_reg_reg[117]0_14 : 0 0 : 2013 4110 : Used 1 time 0
 Sort Area is attn_mac_array__GB10 p_reg_reg[117]0_14 : 0 1 : 2097 4110 : Used 1 time 0
 Sort Area is attn_mac_array__GB10 p_reg_reg[15]0_1d : 0 0 : 2013 4110 : Used 1 time 0
 Sort Area is attn_mac_array__GB10 p_reg_reg[15]0_1d : 0 1 : 2097 4110 : Used 1 time 0
 Sort Area is attn_mac_array__GB15 p_reg_reg[18]0_a : 0 0 : 2013 4110 : Used 1 time 0
 Sort Area is attn_mac_array__GB15 p_reg_reg[18]0_a : 0 1 : 2097 4110 : Used 1 time 0
 Sort Area is attn_mac_array__GB9 p_reg_reg[21]0_0 : 0 0 : 2013 4110 : Used 1 time 0
 Sort Area is attn_mac_array__GB9 p_reg_reg[21]0_0 : 0 1 : 2097 4110 : Used 1 time 0
 Sort Area is attn_mac_array__GB8 p_reg_reg[24]0_a : 0 0 : 2013 4110 : Used 1 time 0
 Sort Area is attn_mac_array__GB8 p_reg_reg[24]0_a : 0 1 : 2097 4110 : Used 1 time 0
 Sort Area is attn_mac_array__GB8 p_reg_reg[27]0_9 : 0 0 : 2013 4110 : Used 1 time 0
 Sort Area is attn_mac_array__GB8 p_reg_reg[27]0_9 : 0 1 : 2097 4110 : Used 1 time 0
 Sort Area is attn_mac_array__GB8 p_reg_reg[30]0_6 : 0 0 : 2013 4110 : Used 1 time 0
 Sort Area is attn_mac_array__GB8 p_reg_reg[30]0_6 : 0 1 : 2097 4110 : Used 1 time 0
 Sort Area is attn_mac_array__GB7 p_reg_reg[42]0_12 : 0 0 : 2013 4110 : Used 1 time 0
 Sort Area is attn_mac_array__GB7 p_reg_reg[42]0_12 : 0 1 : 2097 4110 : Used 1 time 0
 Sort Area is attn_mac_array__GB7 p_reg_reg[44]0_10 : 0 0 : 2013 4110 : Used 1 time 0
 Sort Area is attn_mac_array__GB7 p_reg_reg[44]0_10 : 0 1 : 2097 4110 : Used 1 time 0
 Sort Area is attn_mac_array__GB7 p_reg_reg[52]0_9 : 0 0 : 2013 4110 : Used 1 time 0
 Sort Area is attn_mac_array__GB7 p_reg_reg[52]0_9 : 0 1 : 2097 4110 : Used 1 time 0
 Sort Area is attn_mac_array__GB9 p_reg_reg[70]0_8 : 0 0 : 2013 4110 : Used 1 time 0
 Sort Area is attn_mac_array__GB9 p_reg_reg[70]0_8 : 0 1 : 2097 4110 : Used 1 time 0
 Sort Area is attn_mac_array__GB7 p_reg_reg[94]0_19 : 0 0 : 2013 4110 : Used 1 time 0
 Sort Area is attn_mac_array__GB7 p_reg_reg[94]0_19 : 0 1 : 2097 4110 : Used 1 time 0
 Sort Area is attn_block__GCB0 r2_p10_reg_6 : 0 0 : 1969 4091 : Used 1 time 0
 Sort Area is attn_block__GCB0 r2_p10_reg_6 : 0 1 : 2122 4091 : Used 1 time 0
 Sort Area is rmsnorm_rs__GB0 ARG_b : 0 0 : 2209 4054 : Used 1 time 0
 Sort Area is rmsnorm_rs__GB0 ARG_b : 0 1 : 1845 4054 : Used 1 time 0
 Sort Area is rmsnorm_rs__GB0 ARG_f : 0 0 : 2191 4021 : Used 1 time 0
 Sort Area is rmsnorm_rs__GB0 ARG_f : 0 1 : 1830 4021 : Used 1 time 0
 Sort Area is rmsnorm_rs__GB0 ARG_12 : 0 0 : 1616 3633 : Used 1 time 0
 Sort Area is rmsnorm_rs__GB0 ARG_12 : 0 1 : 2017 3633 : Used 1 time 0
 Sort Area is attn_block__GCB0 s16_ys_reg_1a : 0 0 : 3219 3219 : Used 1 time 0
 Sort Area is rmsnorm_rs__GB0 ARG_15 : 0 0 : 1187 2926 : Used 1 time 0
 Sort Area is rmsnorm_rs__GB0 ARG_15 : 0 1 : 1739 2926 : Used 1 time 0
 Sort Area is attn_block__GCB0 sf_b_reg_10 : 0 0 : 2480 2480 : Used 1 time 0
 Sort Area is attn_block__GCB0 sf_b_reg_12 : 0 0 : 2480 2480 : Used 1 time 0
 Sort Area is attn_block__GCB0 sf_b_reg_14 : 0 0 : 2480 2480 : Used 1 time 0
 Sort Area is attn_block__GCB0 sf_b_reg_d : 0 0 : 2480 2480 : Used 1 time 0
 Sort Area is attn_block__GCB0 x7_prod_reg_11 : 0 0 : 2343 2343 : Used 1 time 0
 Sort Area is attn_block__GCB0 x7_prod_reg_13 : 0 0 : 2343 2343 : Used 1 time 0
 Sort Area is attn_block__GCB0 x7_prod_reg_b : 0 0 : 2343 2343 : Used 1 time 0
 Sort Area is attn_block__GCB0 x7_prod_reg_f : 0 0 : 2343 2343 : Used 1 time 0
 Sort Area is rmsnorm_rs__GB0 sq_reg[0]_6 : 0 0 : 2001 2001 : Used 1 time 0
 Sort Area is attn_block__GCB0 s11_prd_reg_18 : 0 0 : 1961 1961 : Used 1 time 0
 Sort Area is rmsnorm_rs__GB0 ARG_1e : 0 0 : 1880 1880 : Used 1 time 0
 Sort Area is attn_block__GCB0 s7_cp_reg_5 : 0 0 : 1412 1412 : Used 1 time 0
 Sort Area is attn_block__GCB0 s7_sp_reg_3 : 0 0 : 1412 1412 : Used 1 time 0
---------------------------------------------------------------------------------
Start ROM, RAM, DSP, Shift Register and Retiming Reporting
---------------------------------------------------------------------------------

ROM: Preliminary Mapping Report
+-------------+--------------+---------------+----------------+
|Module Name  | RTL Object   | Depth x Width | Implemented As | 
+-------------+--------------+---------------+----------------+
|rmsnorm_rs   | state        | 32x5          | LUT            | 
|rmsnorm_rs   | RSQRT_ROM[0] | 64x32         | LUT            | 
|attn_twiddle | IMROPE_W[0]  | 32x32         | LUT            | 
+-------------+--------------+---------------+----------------+


Block RAM: Preliminary Mapping Report (see note below)
+-----------------+------------+------------------------+---+---+------------------------+---+---+------------------+--------+--------+-----------------+
|Module Name      | RTL Object | PORT A (Depth x Width) | W | R | PORT B (Depth x Width) | W | R | Ports driving FF | RAMB18 | RAMB36 | Cascade Heights | 
+-----------------+------------+------------------------+---+---+------------------------+---+---+------------------+--------+--------+-----------------+
|attn_block__GCB0 | ypre_reg   | 4 K x 24(READ_FIRST)   | W |   | 4 K x 24(WRITE_FIRST)  |   | R | Port A and B     | 0      | 3      | 2,1             | 
+-----------------+------------+------------------------+---+---+------------------------+---+---+------------------+--------+--------+-----------------+

Note: The table above is a preliminary report that shows the Block RAMs at the current stage of the synthesis flow. Some Block RAMs may be reimplemented as non Block RAM primitives later in the synthesis flow. Multiple instantiated Block RAMs are reported only once. 

Distributed RAM: Preliminary Mapping Report (see note below)
+------------+--------------+-----------+----------------------+---------------+
|Module Name | RTL Object   | Inference | Size (Depth x Width) | Primitives    | 
+------------+--------------+-----------+----------------------+---------------+
|u_rope      | tw_c_reg     | Implied   | 32 x 16              | RAM32M16 x 2  | 
|u_rope      | buf_reg      | Implied   | 32 x 16              | RAM32M16 x 2  | 
|u_rope      | tw_s_reg     | Implied   | 32 x 16              | RAM32M16 x 2  | 
|u_rope      | buf2_reg     | Implied   | 32 x 16              | RAM32M16 x 2  | 
|u_quant     | sh_arr_reg   | Implied   | 8 x 4                | RAM32M16 x 1  | 
|u_quant     | bias_arr_reg | Implied   | 8 x 18               | RAM32M16 x 2  | 
|u_emit      | sh_a_reg     | Implied   | 4 x 6                | RAM32M16 x 2  | 
+------------+--------------+-----------+----------------------+---------------+

Note: The table above is a preliminary report that shows the Distributed RAMs at the current stage of the synthesis flow. Some Distributed RAMs may be reimplemented as non Distributed RAM primitives later in the synthesis flow. Multiple instantiated RAMs are reported only once.

DSP: Preliminary Mapping Report (see note below. The ' indicates corresponding REG is set)
+---------------------+---------------------+--------+--------+--------+--------+--------+------+------+------+------+-------+------+------+
|Module Name          | DSP Mapping         | A Size | B Size | C Size | D Size | P Size | AREG | BREG | CREG | DREG | ADREG | MREG | PREG | 
+---------------------+---------------------+--------+--------+--------+--------+--------+------+------+------+------+-------+------+------+
|attn_mac_array       | A2*B                | 18     | 14     | -      | -      | 48     | 1    | 0    | -    | -    | -     | 0    | 0    | 
|attn_mac_array       | (PCIN>>17)+A*B      | 19     | 14     | -      | -      | 48     | 0    | 0    | -    | -    | -     | 0    | 1    | 
|attn_mac_array       | A2*B2               | 18     | 14     | -      | -      | 48     | 1    | 1    | -    | -    | -     | 0    | 0    | 
|attn_mac_array       | (PCIN>>17)+A*B2     | 19     | 14     | -      | -      | 48     | 0    | 1    | -    | -    | -     | 0    | 1    | 
|attn_mac_array       | A2*B                | 18     | 14     | -      | -      | 48     | 1    | 0    | -    | -    | -     | 0    | 0    | 
|attn_mac_array       | (PCIN>>17)+A2*B     | 19     | 14     | -      | -      | 48     | 1    | 0    | -    | -    | -     | 0    | 1    | 
|attn_mac_array       | A2*B                | 18     | 14     | -      | -      | 48     | 1    | 0    | -    | -    | -     | 0    | 0    | 
|attn_mac_array       | (PCIN>>17)+A*B      | 19     | 14     | -      | -      | 48     | 0    | 0    | -    | -    | -     | 0    | 1    | 
|attn_mac_array       | A2*B2               | 18     | 14     | -      | -      | 48     | 1    | 1    | -    | -    | -     | 0    | 0    | 
|attn_mac_array       | (PCIN>>17)+A2*B2    | 19     | 14     | -      | -      | 48     | 1    | 1    | -    | -    | -     | 0    | 1    | 
|attn_mac_array       | A2*B2               | 18     | 14     | -      | -      | 48     | 1    | 1    | -    | -    | -     | 0    | 0    | 
|attn_mac_array       | (PCIN>>17)+A2*B2    | 19     | 14     | -      | -      | 48     | 1    | 1    | -    | -    | -     | 0    | 1    | 
|attn_mac_array       | A2*B2               | 18     | 14     | -      | -      | 48     | 1    | 1    | -    | -    | -     | 0    | 0    | 
|attn_mac_array       | (PCIN>>17)+A2*B2    | 19     | 14     | -      | -      | 48     | 1    | 1    | -    | -    | -     | 0    | 1    | 
|attn_mac_array       | A2*B2               | 18     | 14     | -      | -      | 48     | 1    | 1    | -    | -    | -     | 0    | 0    | 
|attn_mac_array       | (PCIN>>17)+A2*B2    | 19     | 14     | -      | -      | 48     | 1    | 1    | -    | -    | -     | 0    | 1    | 
|attn_mac_array       | A2*B2               | 18     | 14     | -      | -      | 48     | 1    | 1    | -    | -    | -     | 0    | 0    | 
|attn_mac_array       | (PCIN>>17)+A2*B2    | 19     | 14     | -      | -      | 48     | 1    | 1    | -    | -    | -     | 0    | 1    | 
|attn_mac_array       | A2*B2               | 18     | 14     | -      | -      | 48     | 1    | 1    | -    | -    | -     | 0    | 0    | 
|attn_mac_array       | (PCIN>>17)+A2*B2    | 19     | 14     | -      | -      | 48     | 1    | 1    | -    | -    | -     | 0    | 1    | 
|attn_mac_array       | A2*B2               | 18     | 14     | -      | -      | 48     | 1    | 1    | -    | -    | -     | 0    | 0    | 
|attn_mac_array       | (PCIN>>17)+A2*B2    | 19     | 14     | -      | -      | 48     | 1    | 1    | -    | -    | -     | 0    | 1    | 
|attn_mac_array       | A2*B                | 18     | 14     | -      | -      | 48     | 1    | 0    | -    | -    | -     | 0    | 0    | 
|attn_mac_array       | (PCIN>>17)+A2*B     | 19     | 14     | -      | -      | 48     | 1    | 0    | -    | -    | -     | 0    | 1    | 
|rmsnorm_rs           | (A2*B2)'            | 16     | 16     | -      | -      | 32     | 1    | 1    | -    | -    | -     | 1    | 0    | 
|rmsnorm_rs           | A2*B2               | 18     | 15     | -      | -      | 48     | 1    | 1    | -    | -    | -     | 0    | 0    | 
|rmsnorm_rs           | (PCIN>>17)+A2*B2    | 15     | 15     | -      | -      | 30     | 1    | 1    | -    | -    | -     | 0    | 0    | 
|rmsnorm_rs__GB0      | A2*B2               | 18     | 18     | -      | -      | 48     | 1    | 1    | -    | -    | -     | 0    | 0    | 
|rmsnorm_rs__GB0      | (PCIN>>17)+A2*B2    | 18     | 15     | -      | -      | 47     | 1    | 1    | -    | -    | -     | 0    | 0    | 
|rmsnorm_rs           | A''*B2              | 18     | 15     | -      | -      | 48     | 2    | 1    | -    | -    | -     | 0    | 0    | 
|rmsnorm_rs           | (PCIN>>17)+A2*B''   | 15     | 15     | -      | -      | 30     | 1    | 2    | -    | -    | -     | 0    | 0    | 
|rmsnorm_rs__GB0      | A2*B''              | 18     | 18     | -      | -      | 48     | 1    | 2    | -    | -    | -     | 0    | 0    | 
|rmsnorm_rs           | (PCIN>>17)+A2*B''   | 18     | 15     | -      | -      | 47     | 1    | 2    | -    | -    | -     | 0    | 0    | 
|rmsnorm_rs           | A2*B2               | 18     | 17     | -      | -      | 48     | 1    | 1    | -    | -    | -     | 0    | 0    | 
|rmsnorm_rs           | (PCIN>>17)+A2*B2    | 17     | 15     | -      | -      | 32     | 1    | 1    | -    | -    | -     | 0    | 0    | 
|rmsnorm_rs__GB0      | A2*B2               | 18     | 18     | -      | -      | 48     | 1    | 1    | -    | -    | -     | 0    | 0    | 
|rmsnorm_rs           | (PCIN>>17)+A2*B2    | 18     | 15     | -      | -      | 48     | 1    | 1    | -    | -    | -     | 0    | 0    | 
|rmsnorm_rs__GB0      | (A:0x13ccd)*B2      | 18     | 15     | -      | -      | 48     | 0    | 1    | -    | -    | -     | 0    | 0    | 
|rmsnorm_rs__GB0      | (PCIN>>17)+A2*B     | 15     | 14     | -      | -      | 48     | 1    | 0    | -    | -    | -     | 0    | 0    | 
|rmsnorm_rs__GB0      | A2*(B:0x13ccd)      | 18     | 18     | -      | -      | 48     | 1    | 0    | -    | -    | -     | 0    | 0    | 
|rmsnorm_rs__GB0      | (PCIN>>17)+A2*B     | 18     | 14     | -      | -      | 48     | 1    | 0    | -    | -    | -     | 0    | 0    | 
|rmsnorm_rs__GB0      | A2*B2               | 18     | 16     | -      | -      | 48     | 1    | 1    | -    | -    | -     | 0    | 0    | 
|rmsnorm_rs__GB0      | (PCIN>>17)+A2*B2    | 16     | 15     | -      | -      | 48     | 1    | 1    | -    | -    | -     | 0    | 0    | 
|rmsnorm_rs           | A''*B2              | 17     | 14     | -      | -      | 31     | 2    | 1    | -    | -    | -     | 0    | 0    | 
|rmsnorm_rs__GB0      | A2*B''              | 18     | 17     | -      | -      | 48     | 1    | 2    | -    | -    | -     | 0    | 0    | 
|rmsnorm_rs__GB0      | (PCIN>>17)+A2*B''   | 18     | 17     | -      | -      | 48     | 1    | 2    | -    | -    | -     | 0    | 0    | 
|attn_mac_array__GB2  | A2*B                | 18     | 14     | -      | -      | 48     | 1    | 0    | -    | -    | -     | 0    | 0    | 
|attn_mac_array__GB2  | (PCIN>>17)+A2*B     | 19     | 14     | -      | -      | 48     | 1    | 0    | -    | -    | -     | 0    | 1    | 
|attn_mac_array__GB6  | A2*B                | 18     | 14     | -      | -      | 48     | 1    | 0    | -    | -    | -     | 0    | 0    | 
|attn_mac_array__GB6  | (PCIN>>17)+A2*B     | 19     | 14     | -      | -      | 48     | 1    | 0    | -    | -    | -     | 0    | 1    | 
|attn_mac_array__GB6  | A2*B                | 18     | 14     | -      | -      | 48     | 1    | 0    | -    | -    | -     | 0    | 0    | 
|attn_mac_array__GB6  | (PCIN>>17)+A2*B     | 19     | 14     | -      | -      | 48     | 1    | 0    | -    | -    | -     | 0    | 1    | 
|attn_mac_array__GB6  | A2*B                | 18     | 14     | -      | -      | 48     | 1    | 0    | -    | -    | -     | 0    | 0    | 
|attn_mac_array__GB6  | (PCIN>>17)+A2*B     | 19     | 14     | -      | -      | 48     | 1    | 0    | -    | -    | -     | 0    | 1    | 
|attn_mac_array__GB7  | A2*B                | 18     | 14     | -      | -      | 48     | 1    | 0    | -    | -    | -     | 0    | 0    | 
|attn_mac_array__GB7  | (PCIN>>17)+A2*B     | 19     | 14     | -      | -      | 48     | 1    | 0    | -    | -    | -     | 0    | 1    | 
|attn_mac_array__GB7  | A2*B                | 18     | 14     | -      | -      | 48     | 1    | 0    | -    | -    | -     | 0    | 0    | 
|attn_mac_array__GB7  | (PCIN>>17)+A2*B     | 19     | 14     | -      | -      | 48     | 1    | 0    | -    | -    | -     | 0    | 1    | 
|attn_mac_array__GB7  | A2*B                | 18     | 14     | -      | -      | 48     | 1    | 0    | -    | -    | -     | 0    | 0    | 
|attn_mac_array__GB7  | (PCIN>>17)+A2*B     | 19     | 14     | -      | -      | 48     | 1    | 0    | -    | -    | -     | 0    | 1    | 
|attn_mac_array__GB7  | A2*B                | 18     | 14     | -      | -      | 48     | 1    | 0    | -    | -    | -     | 0    | 0    | 
|attn_mac_array__GB7  | (PCIN>>17)+A2*B     | 19     | 14     | -      | -      | 48     | 1    | 0    | -    | -    | -     | 0    | 1    | 
|attn_mac_array__GB7  | A2*B                | 18     | 14     | -      | -      | 48     | 1    | 0    | -    | -    | -     | 0    | 0    | 
|attn_mac_array__GB7  | (PCIN>>17)+A2*B     | 19     | 14     | -      | -      | 48     | 1    | 0    | -    | -    | -     | 0    | 1    | 
|attn_mac_array__GB7  | A2*B                | 18     | 14     | -      | -      | 48     | 1    | 0    | -    | -    | -     | 0    | 0    | 
|attn_mac_array__GB7  | (PCIN>>17)+A2*B     | 19     | 14     | -      | -      | 48     | 1    | 0    | -    | -    | -     | 0    | 1    | 
|attn_mac_array__GB7  | A2*B                | 18     | 14     | -      | -      | 48     | 1    | 0    | -    | -    | -     | 0    | 0    | 
|attn_mac_array__GB7  | (PCIN>>17)+A2*B     | 19     | 14     | -      | -      | 48     | 1    | 0    | -    | -    | -     | 0    | 1    | 
|attn_mac_array__GB7  | A2*B                | 18     | 14     | -      | -      | 48     | 1    | 0    | -    | -    | -     | 0    | 0    | 
|attn_mac_array__GB7  | (PCIN>>17)+A2*B     | 19     | 14     | -      | -      | 48     | 1    | 0    | -    | -    | -     | 0    | 1    | 
|attn_mac_array__GB7  | A2*B                | 18     | 14     | -      | -      | 48     | 1    | 0    | -    | -    | -     | 0    | 0    | 
|attn_mac_array__GB7  | (PCIN>>17)+A2*B     | 19     | 14     | -      | -      | 48     | 1    | 0    | -    | -    | -     | 0    | 1    | 
|attn_mac_array__GB7  | A2*B                | 18     | 14     | -      | -      | 48     | 1    | 0    | -    | -    | -     | 0    | 0    | 
|attn_mac_array__GB7  | (PCIN>>17)+A2*B     | 19     | 14     | -      | -      | 48     | 1    | 0    | -    | -    | -     | 0    | 1    | 
|attn_mac_array__GB7  | A2*B                | 18     | 14     | -      | -      | 48     | 1    | 0    | -    | -    | -     | 0    | 0    | 
|attn_mac_array__GB7  | (PCIN>>17)+A2*B     | 19     | 14     | -      | -      | 48     | 1    | 0    | -    | -    | -     | 0    | 1    | 
|attn_mac_array__GB7  | A2*B                | 18     | 14     | -      | -      | 48     | 1    | 0    | -    | -    | -     | 0    | 0    | 
|attn_mac_array__GB7  | (PCIN>>17)+A*B      | 19     | 14     | -      | -      | 48     | 0    | 0    | -    | -    | -     | 0    | 1    | 
|attn_mac_array__GB7  | A2*B                | 18     | 14     | -      | -      | 48     | 1    | 0    | -    | -    | -     | 0    | 0    | 
|attn_mac_array__GB7  | (PCIN>>17)+A2*B     | 19     | 14     | -      | -      | 48     | 1    | 0    | -    | -    | -     | 0    | 1    | 
|attn_mac_array__GB7  | A2*B                | 18     | 14     | -      | -      | 48     | 1    | 0    | -    | -    | -     | 0    | 0    | 
|attn_mac_array__GB7  | (PCIN>>17)+A*B      | 19     | 14     | -      | -      | 48     | 0    | 0    | -    | -    | -     | 0    | 1    | 
|attn_mac_array__GB7  | A2*B                | 18     | 14     | -      | -      | 48     | 1    | 0    | -    | -    | -     | 0    | 0    | 
|attn_mac_array__GB7  | (PCIN>>17)+A2*B     | 19     | 14     | -      | -      | 48     | 1    | 0    | -    | -    | -     | 0    | 1    | 
|attn_mac_array__GB7  | A2*B                | 18     | 14     | -      | -      | 48     | 1    | 0    | -    | -    | -     | 0    | 0    | 
|attn_mac_array__GB7  | (PCIN>>17)+A2*B     | 19     | 14     | -      | -      | 48     | 1    | 0    | -    | -    | -     | 0    | 1    | 
|attn_mac_array__GB7  | A2*B                | 18     | 14     | -      | -      | 48     | 1    | 0    | -    | -    | -     | 0    | 0    | 
|attn_mac_array__GB7  | (PCIN>>17)+A2*B     | 19     | 14     | -      | -      | 48     | 1    | 0    | -    | -    | -     | 0    | 1    | 
|attn_mac_array__GB7  | A2*B                | 18     | 14     | -      | -      | 48     | 1    | 0    | -    | -    | -     | 0    | 0    | 
|attn_mac_array__GB7  | (PCIN>>17)+A2*B     | 19     | 14     | -      | -      | 48     | 1    | 0    | -    | -    | -     | 0    | 1    | 
|attn_mac_array__GB7  | A2*B                | 18     | 14     | -      | -      | 48     | 1    | 0    | -    | -    | -     | 0    | 0    | 
|attn_mac_array__GB7  | (PCIN>>17)+A2*B     | 19     | 14     | -      | -      | 48     | 1    | 0    | -    | -    | -     | 0    | 1    | 
|attn_mac_array__GB7  | A2*B                | 18     | 14     | -      | -      | 48     | 1    | 0    | -    | -    | -     | 0    | 0    | 
|attn_mac_array__GB7  | (PCIN>>17)+A*B      | 19     | 14     | -      | -      | 48     | 0    | 0    | -    | -    | -     | 0    | 1    | 
|attn_mac_array__GB7  | A2*B                | 18     | 14     | -      | -      | 48     | 1    | 0    | -    | -    | -     | 0    | 0    | 
|attn_mac_array__GB7  | (PCIN>>17)+A2*B     | 19     | 14     | -      | -      | 48     | 1    | 0    | -    | -    | -     | 0    | 1    | 
|attn_mac_array__GB7  | A2*B                | 18     | 14     | -      | -      | 48     | 1    | 0    | -    | -    | -     | 0    | 0    | 
|attn_mac_array__GB7  | (PCIN>>17)+A2*B     | 19     | 14     | -      | -      | 48     | 1    | 0    | -    | -    | -     | 0    | 1    | 
|attn_mac_array__GB7  | A2*B                | 18     | 14     | -      | -      | 48     | 1    | 0    | -    | -    | -     | 0    | 0    | 
|attn_mac_array__GB7  | (PCIN>>17)+A*B      | 19     | 14     | -      | -      | 48     | 0    | 0    | -    | -    | -     | 0    | 1    | 
|attn_mac_array__GB8  | A2*B                | 18     | 14     | -      | -      | 48     | 1    | 0    | -    | -    | -     | 0    | 0    | 
|attn_mac_array__GB8  | (PCIN>>17)+A2*B     | 19     | 14     | -      | -      | 48     | 1    | 0    | -    | -    | -     | 0    | 1    | 
|attn_mac_array__GB8  | A2*B                | 18     | 14     | -      | -      | 48     | 1    | 0    | -    | -    | -     | 0    | 0    | 
|attn_mac_array__GB8  | (PCIN>>17)+A2*B     | 19     | 14     | -      | -      | 48     | 1    | 0    | -    | -    | -     | 0    | 1    | 
|attn_mac_array__GB8  | A2*B                | 18     | 14     | -      | -      | 48     | 1    | 0    | -    | -    | -     | 0    | 0    | 
|attn_mac_array__GB8  | (PCIN>>17)+A2*B     | 19     | 14     | -      | -      | 48     | 1    | 0    | -    | -    | -     | 0    | 1    | 
|attn_mac_array__GB8  | A2*B                | 18     | 14     | -      | -      | 48     | 1    | 0    | -    | -    | -     | 0    | 0    | 
|attn_mac_array__GB8  | (PCIN>>17)+A2*B     | 19     | 14     | -      | -      | 48     | 1    | 0    | -    | -    | -     | 0    | 1    | 
|attn_mac_array__GB8  | A2*B                | 18     | 14     | -      | -      | 48     | 1    | 0    | -    | -    | -     | 0    | 0    | 
|attn_mac_array__GB8  | (PCIN>>17)+A2*B     | 19     | 14     | -      | -      | 48     | 1    | 0    | -    | -    | -     | 0    | 1    | 
|attn_mac_array__GB8  | A2*B                | 18     | 14     | -      | -      | 48     | 1    | 0    | -    | -    | -     | 0    | 0    | 
|attn_mac_array__GB8  | (PCIN>>17)+A2*B     | 19     | 14     | -      | -      | 48     | 1    | 0    | -    | -    | -     | 0    | 1    | 
|attn_mac_array__GB8  | A2*B                | 18     | 14     | -      | -      | 48     | 1    | 0    | -    | -    | -     | 0    | 0    | 
|attn_mac_array__GB8  | (PCIN>>17)+A2*B     | 19     | 14     | -      | -      | 48     | 1    | 0    | -    | -    | -     | 0    | 1    | 
|attn_mac_array__GB8  | A2*B                | 18     | 14     | -      | -      | 48     | 1    | 0    | -    | -    | -     | 0    | 0    | 
|attn_mac_array__GB8  | (PCIN>>17)+A2*B     | 19     | 14     | -      | -      | 48     | 1    | 0    | -    | -    | -     | 0    | 1    | 
|attn_mac_array__GB8  | A2*B                | 18     | 14     | -      | -      | 48     | 1    | 0    | -    | -    | -     | 0    | 0    | 
|attn_mac_array__GB8  | (PCIN>>17)+A2*B     | 19     | 14     | -      | -      | 48     | 1    | 0    | -    | -    | -     | 0    | 1    | 
|attn_mac_array__GB8  | A2*B                | 18     | 14     | -      | -      | 48     | 1    | 0    | -    | -    | -     | 0    | 0    | 
|attn_mac_array__GB8  | (PCIN>>17)+A2*B     | 19     | 14     | -      | -      | 48     | 1    | 0    | -    | -    | -     | 0    | 1    | 
|attn_mac_array__GB8  | A2*B                | 18     | 14     | -      | -      | 48     | 1    | 0    | -    | -    | -     | 0    | 0    | 
|attn_mac_array__GB8  | (PCIN>>17)+A2*B     | 19     | 14     | -      | -      | 48     | 1    | 0    | -    | -    | -     | 0    | 1    | 
|attn_mac_array__GB8  | A2*B                | 18     | 14     | -      | -      | 48     | 1    | 0    | -    | -    | -     | 0    | 0    | 
|attn_mac_array__GB8  | (PCIN>>17)+A2*B     | 19     | 14     | -      | -      | 48     | 1    | 0    | -    | -    | -     | 0    | 1    | 
|attn_mac_array__GB8  | A2*B                | 18     | 14     | -      | -      | 48     | 1    | 0    | -    | -    | -     | 0    | 0    | 
|attn_mac_array__GB8  | (PCIN>>17)+A2*B     | 19     | 14     | -      | -      | 48     | 1    | 0    | -    | -    | -     | 0    | 1    | 
|attn_mac_array__GB8  | A2*B                | 18     | 14     | -      | -      | 48     | 1    | 0    | -    | -    | -     | 0    | 0    | 
|attn_mac_array__GB8  | (PCIN>>17)+A2*B     | 19     | 14     | -      | -      | 48     | 1    | 0    | -    | -    | -     | 0    | 1    | 
|attn_mac_array__GB8  | A2*B                | 18     | 14     | -      | -      | 48     | 1    | 0    | -    | -    | -     | 0    | 0    | 
|attn_mac_array__GB8  | (PCIN>>17)+A*B      | 19     | 14     | -      | -      | 48     | 0    | 0    | -    | -    | -     | 0    | 1    | 
|attn_mac_array__GB8  | A2*B                | 18     | 14     | -      | -      | 48     | 1    | 0    | -    | -    | -     | 0    | 0    | 
|attn_mac_array__GB8  | (PCIN>>17)+A*B      | 19     | 14     | -      | -      | 48     | 0    | 0    | -    | -    | -     | 0    | 1    | 
|attn_mac_array__GB8  | A2*B                | 18     | 14     | -      | -      | 48     | 1    | 0    | -    | -    | -     | 0    | 0    | 
|attn_mac_array__GB8  | (PCIN>>17)+A2*B     | 19     | 14     | -      | -      | 48     | 1    | 0    | -    | -    | -     | 0    | 1    | 
|attn_mac_array__GB8  | A2*B                | 18     | 14     | -      | -      | 48     | 1    | 0    | -    | -    | -     | 0    | 0    | 
|attn_mac_array__GB8  | (PCIN>>17)+A*B      | 19     | 14     | -      | -      | 48     | 0    | 0    | -    | -    | -     | 0    | 1    | 
|attn_mac_array__GB8  | A2*B2               | 18     | 14     | -      | -      | 48     | 1    | 1    | -    | -    | -     | 0    | 0    | 
|attn_mac_array__GB8  | (PCIN>>17)+A2*B2    | 19     | 14     | -      | -      | 48     | 1    | 1    | -    | -    | -     | 0    | 1    | 
|attn_mac_array__GB10 | A2*B                | 18     | 14     | -      | -      | 48     | 1    | 0    | -    | -    | -     | 0    | 0    | 
|attn_mac_array__GB10 | (PCIN>>17)+A2*B     | 19     | 14     | -      | -      | 48     | 1    | 0    | -    | -    | -     | 0    | 1    | 
|attn_mac_array__GB10 | A2*B2               | 18     | 14     | -      | -      | 48     | 1    | 1    | -    | -    | -     | 0    | 0    | 
|attn_mac_array__GB10 | (PCIN>>17)+A2*B2    | 19     | 14     | -      | -      | 48     | 1    | 1    | -    | -    | -     | 0    | 1    | 
|attn_mac_array__GB10 | A2*B                | 18     | 14     | -      | -      | 48     | 1    | 0    | -    | -    | -     | 0    | 0    | 
|attn_mac_array__GB10 | (PCIN>>17)+A2*B     | 19     | 14     | -      | -      | 48     | 1    | 0    | -    | -    | -     | 0    | 1    | 
|attn_mac_array__GB10 | A2*B                | 18     | 14     | -      | -      | 48     | 1    | 0    | -    | -    | -     | 0    | 0    | 
|attn_mac_array__GB10 | (PCIN>>17)+A*B      | 19     | 14     | -      | -      | 48     | 0    | 0    | -    | -    | -     | 0    | 1    | 
|attn_mac_array__GB10 | A2*B                | 18     | 14     | -      | -      | 48     | 1    | 0    | -    | -    | -     | 0    | 0    | 
|attn_mac_array__GB10 | (PCIN>>17)+A2*B     | 19     | 14     | -      | -      | 48     | 1    | 0    | -    | -    | -     | 0    | 1    | 
|attn_mac_array__GB10 | A2*B2               | 18     | 14     | -      | -      | 48     | 1    | 1    | -    | -    | -     | 0    | 0    | 
|attn_mac_array__GB10 | (PCIN>>17)+A2*B2    | 19     | 14     | -      | -      | 48     | 1    | 1    | -    | -    | -     | 0    | 1    | 
|attn_mac_array__GB10 | A2*B2               | 18     | 14     | -      | -      | 48     | 1    | 1    | -    | -    | -     | 0    | 0    | 
|attn_mac_array__GB10 | (PCIN>>17)+A*B2     | 19     | 14     | -      | -      | 48     | 0    | 1    | -    | -    | -     | 0    | 1    | 
|attn_mac_array__GB10 | A2*B                | 18     | 14     | -      | -      | 48     | 1    | 0    | -    | -    | -     | 0    | 0    | 
|attn_mac_array__GB10 | (PCIN>>17)+A2*B     | 19     | 14     | -      | -      | 48     | 1    | 0    | -    | -    | -     | 0    | 1    | 
|attn_mac_array__GB10 | A2*B2               | 18     | 14     | -      | -      | 48     | 1    | 1    | -    | -    | -     | 0    | 0    | 
|attn_mac_array__GB10 | (PCIN>>17)+A2*B2    | 19     | 14     | -      | -      | 48     | 1    | 1    | -    | -    | -     | 0    | 1    | 
|attn_mac_array__GB10 | A2*B2               | 18     | 14     | -      | -      | 48     | 1    | 1    | -    | -    | -     | 0    | 0    | 
|attn_mac_array__GB10 | (PCIN>>17)+A*B2     | 19     | 14     | -      | -      | 48     | 0    | 1    | -    | -    | -     | 0    | 1    | 
|attn_mac_array__GB10 | A2*B                | 18     | 14     | -      | -      | 48     | 1    | 0    | -    | -    | -     | 0    | 0    | 
|attn_mac_array__GB10 | (PCIN>>17)+A2*B     | 19     | 14     | -      | -      | 48     | 1    | 0    | -    | -    | -     | 0    | 1    | 
|attn_mac_array__GB10 | A2*B2               | 18     | 14     | -      | -      | 48     | 1    | 1    | -    | -    | -     | 0    | 0    | 
|attn_mac_array__GB10 | (PCIN>>17)+A2*B2    | 19     | 14     | -      | -      | 48     | 1    | 1    | -    | -    | -     | 0    | 1    | 
|attn_mac_array__GB10 | A2*B                | 18     | 14     | -      | -      | 48     | 1    | 0    | -    | -    | -     | 0    | 0    | 
|attn_mac_array__GB10 | (PCIN>>17)+A2*B     | 19     | 14     | -      | -      | 48     | 1    | 0    | -    | -    | -     | 0    | 1    | 
|attn_mac_array__GB10 | A2*B2               | 18     | 14     | -      | -      | 48     | 1    | 1    | -    | -    | -     | 0    | 0    | 
|attn_mac_array__GB10 | (PCIN>>17)+A2*B2    | 19     | 14     | -      | -      | 48     | 1    | 1    | -    | -    | -     | 0    | 1    | 
|attn_mac_array__GB10 | A2*B2               | 18     | 14     | -      | -      | 48     | 1    | 1    | -    | -    | -     | 0    | 0    | 
|attn_mac_array__GB10 | (PCIN>>17)+A*B2     | 19     | 14     | -      | -      | 48     | 0    | 1    | -    | -    | -     | 0    | 1    | 
|attn_mac_array__GB10 | A2*B2               | 18     | 14     | -      | -      | 48     | 1    | 1    | -    | -    | -     | 0    | 0    | 
|attn_mac_array__GB10 | (PCIN>>17)+A2*B2    | 19     | 14     | -      | -      | 48     | 1    | 1    | -    | -    | -     | 0    | 1    | 
|attn_mac_array__GB10 | A2*B                | 18     | 14     | -      | -      | 48     | 1    | 0    | -    | -    | -     | 0    | 0    | 
|attn_mac_array__GB10 | (PCIN>>17)+A2*B     | 19     | 14     | -      | -      | 48     | 1    | 0    | -    | -    | -     | 0    | 1    | 
|attn_mac_array__GB10 | A2*B2               | 18     | 14     | -      | -      | 48     | 1    | 1    | -    | -    | -     | 0    | 0    | 
|attn_mac_array__GB10 | (PCIN>>17)+A*B2     | 19     | 14     | -      | -      | 48     | 0    | 1    | -    | -    | -     | 0    | 1    | 
|attn_mac_array__GB10 | A2*B                | 18     | 14     | -      | -      | 48     | 1    | 0    | -    | -    | -     | 0    | 0    | 
|attn_mac_array__GB10 | (PCIN>>17)+A*B      | 19     | 14     | -      | -      | 48     | 0    | 0    | -    | -    | -     | 0    | 1    | 
|attn_mac_array__GB10 | A2*B2               | 18     | 14     | -      | -      | 48     | 1    | 1    | -    | -    | -     | 0    | 0    | 
|attn_mac_array__GB10 | (PCIN>>17)+A*B2     | 19     | 14     | -      | -      | 48     | 0    | 1    | -    | -    | -     | 0    | 1    | 
|attn_mac_array__GB10 | A2*B2               | 18     | 14     | -      | -      | 48     | 1    | 1    | -    | -    | -     | 0    | 0    | 
|attn_mac_array__GB10 | (PCIN>>17)+A2*B2    | 19     | 14     | -      | -      | 48     | 1    | 1    | -    | -    | -     | 0    | 1    | 
|attn_mac_array__GB10 | A2*B                | 18     | 14     | -      | -      | 48     | 1    | 0    | -    | -    | -     | 0    | 0    | 
|attn_mac_array__GB10 | (PCIN>>17)+A2*B     | 19     | 14     | -      | -      | 48     | 1    | 0    | -    | -    | -     | 0    | 1    | 
|attn_mac_array__GB10 | A2*B                | 18     | 14     | -      | -      | 48     | 1    | 0    | -    | -    | -     | 0    | 0    | 
|attn_mac_array__GB10 | (PCIN>>17)+A2*B     | 19     | 14     | -      | -      | 48     | 1    | 0    | -    | -    | -     | 0    | 1    | 
|attn_mac_array__GB10 | A2*B                | 18     | 14     | -      | -      | 48     | 1    | 0    | -    | -    | -     | 0    | 0    | 
|attn_mac_array__GB10 | (PCIN>>17)+A*B      | 19     | 14     | -      | -      | 48     | 0    | 0    | -    | -    | -     | 0    | 1    | 
|attn_mac_array__GB10 | A2*B2               | 18     | 14     | -      | -      | 48     | 1    | 1    | -    | -    | -     | 0    | 0    | 
|attn_mac_array__GB10 | (PCIN>>17)+A*B2     | 19     | 14     | -      | -      | 48     | 0    | 1    | -    | -    | -     | 0    | 1    | 
|attn_mac_array__GB11 | A2*B2               | 18     | 14     | -      | -      | 48     | 1    | 1    | -    | -    | -     | 0    | 0    | 
|attn_mac_array__GB11 | (PCIN>>17)+A2*B2    | 19     | 14     | -      | -      | 48     | 1    | 1    | -    | -    | -     | 0    | 1    | 
|attn_mac_array__GB11 | A*B2                | 18     | 14     | -      | -      | 48     | 0    | 1    | -    | -    | -     | 0    | 0    | 
|attn_mac_array__GB11 | (PCIN>>17)+A*B2     | 19     | 14     | -      | -      | 48     | 0    | 1    | -    | -    | -     | 0    | 1    | 
|attn_mac_array__GB12 | A2*B2               | 18     | 14     | -      | -      | 48     | 1    | 1    | -    | -    | -     | 0    | 0    | 
|attn_mac_array__GB12 | (PCIN>>17)+A2*B2    | 19     | 14     | -      | -      | 48     | 1    | 1    | -    | -    | -     | 0    | 1    | 
|attn_mac_array__GB12 | A2*B2               | 18     | 14     | -      | -      | 48     | 1    | 1    | -    | -    | -     | 0    | 0    | 
|attn_mac_array__GB12 | (PCIN>>17)+A2*B2    | 19     | 14     | -      | -      | 48     | 1    | 1    | -    | -    | -     | 0    | 1    | 
|attn_mac_array__GB12 | A2*B                | 18     | 14     | -      | -      | 48     | 1    | 0    | -    | -    | -     | 0    | 0    | 
|attn_mac_array__GB12 | (PCIN>>17)+A2*B     | 19     | 14     | -      | -      | 48     | 1    | 0    | -    | -    | -     | 0    | 1    | 
|attn_mac_array__GB12 | A2*B2               | 18     | 14     | -      | -      | 48     | 1    | 1    | -    | -    | -     | 0    | 0    | 
|attn_mac_array__GB12 | (PCIN>>17)+A2*B2    | 19     | 14     | -      | -      | 48     | 1    | 1    | -    | -    | -     | 0    | 1    | 
|attn_mac_array__GB13 | A2*B2               | 18     | 14     | -      | -      | 48     | 1    | 1    | -    | -    | -     | 0    | 0    | 
|attn_mac_array__GB13 | (PCIN>>17)+A2*B2    | 19     | 14     | -      | -      | 48     | 1    | 1    | -    | -    | -     | 0    | 1    | 
|attn_mac_array__GB13 | A2*B                | 18     | 14     | -      | -      | 48     | 1    | 0    | -    | -    | -     | 0    | 0    | 
|attn_mac_array__GB13 | (PCIN>>17)+A*B      | 19     | 14     | -      | -      | 48     | 0    | 0    | -    | -    | -     | 0    | 1    | 
|attn_mac_array__GB13 | A2*B2               | 18     | 14     | -      | -      | 48     | 1    | 1    | -    | -    | -     | 0    | 0    | 
|attn_mac_array__GB13 | (PCIN>>17)+A*B2     | 19     | 14     | -      | -      | 48     | 0    | 1    | -    | -    | -     | 0    | 1    | 
|attn_mac_array__GB13 | A2*B2               | 18     | 14     | -      | -      | 48     | 1    | 1    | -    | -    | -     | 0    | 0    | 
|attn_mac_array__GB13 | (PCIN>>17)+A*B2     | 19     | 14     | -      | -      | 48     | 0    | 1    | -    | -    | -     | 0    | 1    | 
|attn_mac_array__GB13 | A2*B2               | 18     | 14     | -      | -      | 48     | 1    | 1    | -    | -    | -     | 0    | 0    | 
|attn_mac_array__GB13 | (PCIN>>17)+A*B2     | 19     | 14     | -      | -      | 48     | 0    | 1    | -    | -    | -     | 0    | 1    | 
|attn_mac_array__GB13 | A2*B2               | 18     | 14     | -      | -      | 48     | 1    | 1    | -    | -    | -     | 0    | 0    | 
|attn_mac_array__GB13 | (PCIN>>17)+A*B2     | 19     | 14     | -      | -      | 48     | 0    | 1    | -    | -    | -     | 0    | 1    | 
|attn_mac_array__GB13 | A2*B2               | 18     | 14     | -      | -      | 48     | 1    | 1    | -    | -    | -     | 0    | 0    | 
|attn_mac_array__GB13 | (PCIN>>17)+A2*B2    | 19     | 14     | -      | -      | 48     | 1    | 1    | -    | -    | -     | 0    | 1    | 
|attn_mac_array__GB13 | A2*B                | 18     | 14     | -      | -      | 48     | 1    | 0    | -    | -    | -     | 0    | 0    | 
|attn_mac_array__GB13 | (PCIN>>17)+A*B      | 19     | 14     | -      | -      | 48     | 0    | 0    | -    | -    | -     | 0    | 1    | 
|attn_mac_array__GB13 | A2*B2               | 18     | 14     | -      | -      | 48     | 1    | 1    | -    | -    | -     | 0    | 0    | 
|attn_mac_array__GB13 | (PCIN>>17)+A*B2     | 19     | 14     | -      | -      | 48     | 0    | 1    | -    | -    | -     | 0    | 1    | 
|attn_mac_array__GB13 | A2*B2               | 18     | 14     | -      | -      | 48     | 1    | 1    | -    | -    | -     | 0    | 0    | 
|attn_mac_array__GB13 | (PCIN>>17)+A*B2     | 19     | 14     | -      | -      | 48     | 0    | 1    | -    | -    | -     | 0    | 1    | 
|attn_mac_array__GB13 | A2*B2               | 18     | 14     | -      | -      | 48     | 1    | 1    | -    | -    | -     | 0    | 0    | 
|attn_mac_array__GB13 | (PCIN>>17)+A*B2     | 19     | 14     | -      | -      | 48     | 0    | 1    | -    | -    | -     | 0    | 1    | 
|attn_mac_array__GB13 | A2*B2               | 18     | 14     | -      | -      | 48     | 1    | 1    | -    | -    | -     | 0    | 0    | 
|attn_mac_array__GB13 | (PCIN>>17)+A2*B2    | 19     | 14     | -      | -      | 48     | 1    | 1    | -    | -    | -     | 0    | 1    | 
|attn_mac_array__GB13 | A2*B2               | 18     | 14     | -      | -      | 48     | 1    | 1    | -    | -    | -     | 0    | 0    | 
|attn_mac_array__GB13 | (PCIN>>17)+A*B2     | 19     | 14     | -      | -      | 48     | 0    | 1    | -    | -    | -     | 0    | 1    | 
|attn_mac_array__GB13 | A2*B2               | 18     | 14     | -      | -      | 48     | 1    | 1    | -    | -    | -     | 0    | 0    | 
|attn_mac_array__GB13 | (PCIN>>17)+A*B2     | 19     | 14     | -      | -      | 48     | 0    | 1    | -    | -    | -     | 0    | 1    | 
|attn_mac_array__GB13 | A2*B2               | 18     | 14     | -      | -      | 48     | 1    | 1    | -    | -    | -     | 0    | 0    | 
|attn_mac_array__GB13 | (PCIN>>17)+A*B2     | 19     | 14     | -      | -      | 48     | 0    | 1    | -    | -    | -     | 0    | 1    | 
|attn_mac_array__GB14 | A2*B                | 18     | 14     | -      | -      | 48     | 1    | 0    | -    | -    | -     | 0    | 0    | 
|attn_mac_array__GB14 | (PCIN>>17)+A2*B     | 19     | 14     | -      | -      | 48     | 1    | 0    | -    | -    | -     | 0    | 1    | 
|attn_mac_array__GB14 | A2*B                | 18     | 14     | -      | -      | 48     | 1    | 0    | -    | -    | -     | 0    | 0    | 
|attn_mac_array__GB14 | (PCIN>>17)+A2*B     | 19     | 14     | -      | -      | 48     | 1    | 0    | -    | -    | -     | 0    | 1    | 
|attn_mac_array__GB14 | A2*B2               | 18     | 14     | -      | -      | 48     | 1    | 1    | -    | -    | -     | 0    | 0    | 
|attn_mac_array__GB14 | (PCIN>>17)+A2*B2    | 19     | 14     | -      | -      | 48     | 1    | 1    | -    | -    | -     | 0    | 1    | 
|attn_mac_array__GB14 | A2*B2               | 18     | 14     | -      | -      | 48     | 1    | 1    | -    | -    | -     | 0    | 0    | 
|attn_mac_array__GB14 | (PCIN>>17)+A2*B2    | 19     | 14     | -      | -      | 48     | 1    | 1    | -    | -    | -     | 0    | 1    | 
|attn_mac_array__GB14 | A2*B                | 18     | 14     | -      | -      | 48     | 1    | 0    | -    | -    | -     | 0    | 0    | 
|attn_mac_array__GB14 | (PCIN>>17)+A2*B     | 19     | 14     | -      | -      | 48     | 1    | 0    | -    | -    | -     | 0    | 1    | 
|attn_mac_array__GB15 | A2*B2               | 18     | 14     | -      | -      | 48     | 1    | 1    | -    | -    | -     | 0    | 0    | 
|attn_mac_array__GB15 | (PCIN>>17)+A2*B2    | 19     | 14     | -      | -      | 48     | 1    | 1    | -    | -    | -     | 0    | 1    | 
|attn_mac_array__GB15 | A2*B2               | 18     | 14     | -      | -      | 48     | 1    | 1    | -    | -    | -     | 0    | 0    | 
|attn_mac_array__GB15 | (PCIN>>17)+A2*B2    | 19     | 14     | -      | -      | 48     | 1    | 1    | -    | -    | -     | 0    | 1    | 
|attn_mac_array__GB15 | A2*B2               | 18     | 14     | -      | -      | 48     | 1    | 1    | -    | -    | -     | 0    | 0    | 
|attn_mac_array__GB15 | (PCIN>>17)+A*B2     | 19     | 14     | -      | -      | 48     | 0    | 1    | -    | -    | -     | 0    | 1    | 
|attn_mac_array__GB15 | A2*B2               | 18     | 14     | -      | -      | 48     | 1    | 1    | -    | -    | -     | 0    | 0    | 
|attn_mac_array__GB15 | (PCIN>>17)+A*B2     | 19     | 14     | -      | -      | 48     | 0    | 1    | -    | -    | -     | 0    | 1    | 
|attn_mac_array__GB15 | A2*B2               | 18     | 14     | -      | -      | 48     | 1    | 1    | -    | -    | -     | 0    | 0    | 
|attn_mac_array__GB15 | (PCIN>>17)+A2*B2    | 19     | 14     | -      | -      | 48     | 1    | 1    | -    | -    | -     | 0    | 1    | 
|attn_mac_array__GB15 | A2*B2               | 18     | 14     | -      | -      | 48     | 1    | 1    | -    | -    | -     | 0    | 0    | 
|attn_mac_array__GB15 | (PCIN>>17)+A*B2     | 19     | 14     | -      | -      | 48     | 0    | 1    | -    | -    | -     | 0    | 1    | 
|attn_mac_array__GB15 | A2*B2               | 18     | 14     | -      | -      | 48     | 1    | 1    | -    | -    | -     | 0    | 0    | 
|attn_mac_array__GB15 | (PCIN>>17)+A2*B2    | 19     | 14     | -      | -      | 48     | 1    | 1    | -    | -    | -     | 0    | 1    | 
|attn_mac_array__GB15 | A2*B                | 18     | 14     | -      | -      | 48     | 1    | 0    | -    | -    | -     | 0    | 0    | 
|attn_mac_array__GB15 | (PCIN>>17)+A*B      | 19     | 14     | -      | -      | 48     | 0    | 0    | -    | -    | -     | 0    | 1    | 
|attn_mac_array__GB15 | A2*B2               | 18     | 14     | -      | -      | 48     | 1    | 1    | -    | -    | -     | 0    | 0    | 
|attn_mac_array__GB15 | (PCIN>>17)+A*B2     | 19     | 14     | -      | -      | 48     | 0    | 1    | -    | -    | -     | 0    | 1    | 
|attn_mac_array__GB15 | A2*B2               | 18     | 14     | -      | -      | 48     | 1    | 1    | -    | -    | -     | 0    | 0    | 
|attn_mac_array__GB15 | (PCIN>>17)+A*B2     | 19     | 14     | -      | -      | 48     | 0    | 1    | -    | -    | -     | 0    | 1    | 
|attn_mac_array__GB18 | A2*B2               | 18     | 14     | -      | -      | 48     | 1    | 1    | -    | -    | -     | 0    | 0    | 
|attn_mac_array__GB18 | (PCIN>>17)+A2*B2    | 19     | 14     | -      | -      | 48     | 1    | 1    | -    | -    | -     | 0    | 1    | 
|attn_mac_array__GB18 | A2*B2               | 18     | 14     | -      | -      | 48     | 1    | 1    | -    | -    | -     | 0    | 0    | 
|attn_mac_array__GB18 | (PCIN>>17)+A2*B2    | 19     | 14     | -      | -      | 48     | 1    | 1    | -    | -    | -     | 0    | 1    | 
|attn_mac_array__GB18 | A2*B2               | 18     | 14     | -      | -      | 48     | 1    | 1    | -    | -    | -     | 0    | 0    | 
|attn_mac_array__GB18 | (PCIN>>17)+A2*B2    | 19     | 14     | -      | -      | 48     | 1    | 1    | -    | -    | -     | 0    | 1    | 
|attn_mac_array__GB18 | A2*B2               | 18     | 14     | -      | -      | 48     | 1    | 1    | -    | -    | -     | 0    | 0    | 
|attn_mac_array__GB18 | (PCIN>>17)+A2*B2    | 19     | 14     | -      | -      | 48     | 1    | 1    | -    | -    | -     | 0    | 1    | 
|attn_mac_array__GB18 | A2*B                | 18     | 14     | -      | -      | 48     | 1    | 0    | -    | -    | -     | 0    | 0    | 
|attn_mac_array__GB18 | (PCIN>>17)+A2*B     | 19     | 14     | -      | -      | 48     | 1    | 0    | -    | -    | -     | 0    | 1    | 
|attn_mac_array__GB19 | A2*B2               | 18     | 14     | -      | -      | 48     | 1    | 1    | -    | -    | -     | 0    | 0    | 
|attn_mac_array__GB19 | (PCIN>>17)+A2*B2    | 19     | 14     | -      | -      | 48     | 1    | 1    | -    | -    | -     | 0    | 1    | 
|attn_mac_array__GB19 | A2*B2               | 18     | 14     | -      | -      | 48     | 1    | 1    | -    | -    | -     | 0    | 0    | 
|attn_mac_array__GB19 | (PCIN>>17)+A2*B2    | 19     | 14     | -      | -      | 48     | 1    | 1    | -    | -    | -     | 0    | 1    | 
|attn_mac_array__GB19 | A2*B2               | 18     | 14     | -      | -      | 48     | 1    | 1    | -    | -    | -     | 0    | 0    | 
|attn_mac_array__GB19 | (PCIN>>17)+A2*B2    | 19     | 14     | -      | -      | 48     | 1    | 1    | -    | -    | -     | 0    | 1    | 
|attn_mac_array__GB19 | A2*B2               | 18     | 14     | -      | -      | 48     | 1    | 1    | -    | -    | -     | 0    | 0    | 
|attn_mac_array__GB19 | (PCIN>>17)+A*B2     | 19     | 14     | -      | -      | 48     | 0    | 1    | -    | -    | -     | 0    | 1    | 
|attn_twiddle         | A2*B2               | 18     | 18     | -      | -      | 48     | 1    | 1    | -    | -    | -     | 0    | 0    | 
|attn_twiddle         | (PCIN>>17)+A2*B2    | 18     | 16     | -      | -      | 48     | 1    | 1    | -    | -    | -     | 0    | 1    | 
|attn_twiddle         | (A''*B2)'           | 23     | 9      | -      | -      | 32     | 2    | 1    | -    | -    | -     | 1    | 0    | 
|attn_twiddle         | (A''*B2)'           | 23     | 9      | -      | -      | 32     | 2    | 1    | -    | -    | -     | 1    | 0    | 
|attn_rope            | (A*B)'              | 16     | 16     | -      | -      | 32     | 0    | 0    | -    | -    | -     | 1    | 0    | 
|attn_rope            | (PCIN+(A2*B)')'     | 16     | 16     | -      | -      | 34     | 1    | 0    | -    | -    | -     | 1    | 1    | 
|attn_rope            | (A*B)'              | 16     | 16     | -      | -      | 32     | 0    | 0    | -    | -    | -     | 1    | 0    | 
|attn_rope            | (PCIN-(A2*B)')'     | 16     | 16     | -      | -      | 34     | 1    | 0    | -    | -    | -     | 1    | 1    | 
|attn_softmax         | (A2*B'')'           | 26     | 13     | -      | -      | 39     | 1    | 2    | -    | -    | -     | 1    | 0    | 
|attn_softmax         | (C:0x800)+(A2*B2)'  | 26     | 13     | 12     | -      | 38     | 1    | 1    | 0    | -    | -     | 1    | 1    | 
|attn_softmax         | (A2*B'')'           | 26     | 13     | -      | -      | 39     | 1    | 2    | -    | -    | -     | 1    | 0    | 
|attn_softmax         | (C:0x800)+(A2*B2)'  | 26     | 13     | 12     | -      | 38     | 1    | 1    | 0    | -    | -     | 1    | 1    | 
|attn_softmax         | (A2*B'')'           | 26     | 13     | -      | -      | 39     | 1    | 2    | -    | -    | -     | 1    | 0    | 
|attn_softmax         | (C:0x800)+(A2*B2)'  | 26     | 13     | 12     | -      | 38     | 1    | 1    | 0    | -    | -     | 1    | 1    | 
|attn_softmax         | (A2*B'')'           | 26     | 13     | -      | -      | 39     | 1    | 2    | -    | -    | -     | 1    | 0    | 
|attn_softmax         | (C:0x800)+(A2*B2)'  | 26     | 13     | 12     | -      | 38     | 1    | 1    | 0    | -    | -     | 1    | 1    | 
|attn_gate            | A2*B2               | 18     | 17     | -      | -      | 48     | 1    | 1    | -    | -    | -     | 0    | 0    | 
|attn_gate            | (PCIN>>17)+A*B2     | 19     | 17     | -      | -      | 48     | 0    | 1    | -    | -    | -     | 0    | 1    | 
|attn_gate            | (A2*B'')'           | 24     | 12     | -      | -      | 36     | 1    | 2    | -    | -    | -     | 1    | 0    | 
|attn_gate            | (C:0x4000)+(A''*B)' | 24     | 17     | 16     | -      | 41     | 2    | 0    | 0    | -    | -     | 1    | 1    | 
+---------------------+---------------------+--------+--------+--------+--------+--------+------+------+------+------+-------+------+------+

Note: The table above is a preliminary report that shows the DSPs inferred at the current stage of the synthesis flow. Some DSP may be reimplemented as non DSP primitives later in the synthesis flow. Multiple instantiated DSPs are reported only once.
---------------------------------------------------------------------------------
Finished ROM, RAM, DSP, Shift Register and Retiming Reporting
---------------------------------------------------------------------------------
---------------------------------------------------------------------------------
Start Applying XDC Timing Constraints
---------------------------------------------------------------------------------
---------------------------------------------------------------------------------
Finished Applying XDC Timing Constraints : Time (s): cpu = 00:07:57 ; elapsed = 00:07:52 . Memory (MB): peak = 5454.117 ; gain = 3062.195 ; free physical = 681 ; free virtual = 45342
---------------------------------------------------------------------------------
---------------------------------------------------------------------------------
Start Timing Optimization
---------------------------------------------------------------------------------
---------------------------------------------------------------------------------
Finished Timing Optimization : Time (s): cpu = 00:10:21 ; elapsed = 00:10:29 . Memory (MB): peak = 5454.117 ; gain = 3062.195 ; free physical = 730 ; free virtual = 45395
---------------------------------------------------------------------------------
---------------------------------------------------------------------------------
Start ROM, RAM, DSP, Shift Register and Retiming Reporting
---------------------------------------------------------------------------------

Block RAM: Final Mapping Report
+-----------------+------------+------------------------+---+---+------------------------+---+---+------------------+--------+--------+-----------------+
|Module Name      | RTL Object | PORT A (Depth x Width) | W | R | PORT B (Depth x Width) | W | R | Ports driving FF | RAMB18 | RAMB36 | Cascade Heights | 
+-----------------+------------+------------------------+---+---+------------------------+---+---+------------------+--------+--------+-----------------+
|attn_block__GCB0 | ypre_reg   | 4 K x 24(READ_FIRST)   | W |   | 4 K x 24(WRITE_FIRST)  |   | R | Port A and B     | 0      | 3      | 2,1             | 
+-----------------+------------+------------------------+---+---+------------------------+---+---+------------------+--------+--------+-----------------+


Distributed RAM: Final Mapping Report
+------------+--------------+-----------+----------------------+---------------+
|Module Name | RTL Object   | Inference | Size (Depth x Width) | Primitives    | 
+------------+--------------+-----------+----------------------+---------------+
|u_rope      | tw_c_reg     | Implied   | 32 x 16              | RAM32M16 x 2  | 
|u_rope      | buf_reg      | Implied   | 32 x 16              | RAM32M16 x 2  | 
|u_rope      | tw_s_reg     | Implied   | 32 x 16              | RAM32M16 x 2  | 
|u_rope      | buf2_reg     | Implied   | 32 x 16              | RAM32M16 x 2  | 
|u_quant     | sh_arr_reg   | Implied   | 8 x 4                | RAM32M16 x 1  | 
|u_quant     | bias_arr_reg | Implied   | 8 x 18               | RAM32M16 x 2  | 
|u_emit      | sh_a_reg     | Implied   | 4 x 6                | RAM32M16 x 2  | 
+------------+--------------+-----------+----------------------+---------------+

---------------------------------------------------------------------------------
Finished ROM, RAM, DSP, Shift Register and Retiming Reporting
---------------------------------------------------------------------------------
---------------------------------------------------------------------------------
Start Technology Mapping
---------------------------------------------------------------------------------
INFO: [Synth 8-7052] The timing for the instance i_0/u_tw/s5_slo_reg (implemented as a Block RAM) might be sub-optimal as no optional output register could be merged into the ram block. Providing additional output register may help in improving timing.
INFO: [Synth 8-7052] The timing for the instance i_0/u_tw/s5_slo_reg (implemented as a Block RAM) might be sub-optimal as no optional output register could be merged into the ram block. Providing additional output register may help in improving timing.
INFO: [Synth 8-7052] The timing for the instance i_0/u_tw/s5_shi_reg (implemented as a Block RAM) might be sub-optimal as no optional output register could be merged into the ram block. Providing additional output register may help in improving timing.
INFO: [Synth 8-7052] The timing for the instance i_0/u_tw/s5_shi_reg (implemented as a Block RAM) might be sub-optimal as no optional output register could be merged into the ram block. Providing additional output register may help in improving timing.
INFO: [Synth 8-7052] The timing for the instance i_0/gen_head[0].u_sm/x5_lo_reg (implemented as a Block RAM) might be sub-optimal as no optional output register could be merged into the ram block. Providing additional output register may help in improving timing.
INFO: [Synth 8-7052] The timing for the instance i_0/gen_head[0].u_sm/x5_lo_reg (implemented as a Block RAM) might be sub-optimal as no optional output register could be merged into the ram block. Providing additional output register may help in improving timing.
INFO: [Synth 8-7052] The timing for the instance i_0/gen_head[0].u_sm/x5_hi_reg (implemented as a Block RAM) might be sub-optimal as no optional output register could be merged into the ram block. Providing additional output register may help in improving timing.
INFO: [Synth 8-7052] The timing for the instance i_0/gen_head[0].u_sm/x5_hi_reg (implemented as a Block RAM) might be sub-optimal as no optional output register could be merged into the ram block. Providing additional output register may help in improving timing.
INFO: [Synth 8-7052] The timing for the instance i_0/gen_head[1].u_sm/x5_lo_reg (implemented as a Block RAM) might be sub-optimal as no optional output register could be merged into the ram block. Providing additional output register may help in improving timing.
INFO: [Synth 8-7052] The timing for the instance i_0/gen_head[1].u_sm/x5_lo_reg (implemented as a Block RAM) might be sub-optimal as no optional output register could be merged into the ram block. Providing additional output register may help in improving timing.
INFO: [Synth 8-7052] The timing for the instance i_0/gen_head[1].u_sm/x5_hi_reg (implemented as a Block RAM) might be sub-optimal as no optional output register could be merged into the ram block. Providing additional output register may help in improving timing.
INFO: [Synth 8-7052] The timing for the instance i_0/gen_head[1].u_sm/x5_hi_reg (implemented as a Block RAM) might be sub-optimal as no optional output register could be merged into the ram block. Providing additional output register may help in improving timing.
INFO: [Synth 8-7052] The timing for the instance i_0/gen_head[2].u_sm/x5_lo_reg (implemented as a Block RAM) might be sub-optimal as no optional output register could be merged into the ram block. Providing additional output register may help in improving timing.
INFO: [Synth 8-7052] The timing for the instance i_0/gen_head[2].u_sm/x5_lo_reg (implemented as a Block RAM) might be sub-optimal as no optional output register could be merged into the ram block. Providing additional output register may help in improving timing.
INFO: [Synth 8-7052] The timing for the instance i_0/gen_head[2].u_sm/x5_hi_reg (implemented as a Block RAM) might be sub-optimal as no optional output register could be merged into the ram block. Providing additional output register may help in improving timing.
INFO: [Synth 8-7052] The timing for the instance i_0/gen_head[2].u_sm/x5_hi_reg (implemented as a Block RAM) might be sub-optimal as no optional output register could be merged into the ram block. Providing additional output register may help in improving timing.
INFO: [Synth 8-7052] The timing for the instance i_0/gen_head[3].u_sm/x5_lo_reg (implemented as a Block RAM) might be sub-optimal as no optional output register could be merged into the ram block. Providing additional output register may help in improving timing.
INFO: [Synth 8-7052] The timing for the instance i_0/gen_head[3].u_sm/x5_lo_reg (implemented as a Block RAM) might be sub-optimal as no optional output register could be merged into the ram block. Providing additional output register may help in improving timing.
INFO: [Synth 8-7052] The timing for the instance i_0/gen_head[3].u_sm/x5_hi_reg (implemented as a Block RAM) might be sub-optimal as no optional output register could be merged into the ram block. Providing additional output register may help in improving timing.
INFO: [Synth 8-7052] The timing for the instance i_0/gen_head[3].u_sm/x5_hi_reg (implemented as a Block RAM) might be sub-optimal as no optional output register could be merged into the ram block. Providing additional output register may help in improving timing.
INFO: [Synth 8-7052] The timing for the instance i_0/u_gate/s9_l_reg (implemented as a Block RAM) might be sub-optimal as no optional output register could be merged into the ram block. Providing additional output register may help in improving timing.
INFO: [Synth 8-7052] The timing for the instance i_0/u_gate/s9_l_reg (implemented as a Block RAM) might be sub-optimal as no optional output register could be merged into the ram block. Providing additional output register may help in improving timing.
INFO: [Synth 8-7052] The timing for the instance i_0/u_gate/s9_h_reg (implemented as a Block RAM) might be sub-optimal as no optional output register could be merged into the ram block. Providing additional output register may help in improving timing.
INFO: [Synth 8-7052] The timing for the instance i_0/u_gate/s9_h_reg (implemented as a Block RAM) might be sub-optimal as no optional output register could be merged into the ram block. Providing additional output register may help in improving timing.
INFO: [Synth 8-7052] The timing for the instance i_0/ypre_reg_bram_1 (implemented as a Block RAM) might be sub-optimal as no optional output register could be merged into the ram block. Providing additional output register may help in improving timing.
INFO: [Synth 8-7052] The timing for the instance i_0/ypre_reg_bram_2 (implemented as a Block RAM) might be sub-optimal as no optional output register could be merged into the ram block. Providing additional output register may help in improving timing.
---------------------------------------------------------------------------------
Finished Technology Mapping : Time (s): cpu = 00:11:32 ; elapsed = 00:11:53 . Memory (MB): peak = 5461.680 ; gain = 3069.758 ; free physical = 636 ; free virtual = 41572
---------------------------------------------------------------------------------
---------------------------------------------------------------------------------
Start IO Insertion
---------------------------------------------------------------------------------
---------------------------------------------------------------------------------
Start Final Netlist Cleanup
---------------------------------------------------------------------------------
INFO: [Synth 8-7052] The timing for the instance u_tw/s5_slo_reg (implemented as a Block RAM) might be sub-optimal as no optional output register could be merged into the ram block. Providing additional output register may help in improving timing.
INFO: [Synth 8-7052] The timing for the instance u_tw/s5_slo_reg (implemented as a Block RAM) might be sub-optimal as no optional output register could be merged into the ram block. Providing additional output register may help in improving timing.
INFO: [Synth 8-7052] The timing for the instance u_tw/s5_shi_reg (implemented as a Block RAM) might be sub-optimal as no optional output register could be merged into the ram block. Providing additional output register may help in improving timing.
INFO: [Synth 8-7052] The timing for the instance u_tw/s5_shi_reg (implemented as a Block RAM) might be sub-optimal as no optional output register could be merged into the ram block. Providing additional output register may help in improving timing.
INFO: [Synth 8-7052] The timing for the instance gen_head[0].u_sm/x5_lo_reg (implemented as a Block RAM) might be sub-optimal as no optional output register could be merged into the ram block. Providing additional output register may help in improving timing.
INFO: [Synth 8-7052] The timing for the instance gen_head[0].u_sm/x5_lo_reg (implemented as a Block RAM) might be sub-optimal as no optional output register could be merged into the ram block. Providing additional output register may help in improving timing.
INFO: [Synth 8-7052] The timing for the instance gen_head[0].u_sm/x5_hi_reg (implemented as a Block RAM) might be sub-optimal as no optional output register could be merged into the ram block. Providing additional output register may help in improving timing.
INFO: [Synth 8-7052] The timing for the instance gen_head[0].u_sm/x5_hi_reg (implemented as a Block RAM) might be sub-optimal as no optional output register could be merged into the ram block. Providing additional output register may help in improving timing.
INFO: [Synth 8-7052] The timing for the instance gen_head[1].u_sm/x5_lo_reg (implemented as a Block RAM) might be sub-optimal as no optional output register could be merged into the ram block. Providing additional output register may help in improving timing.
INFO: [Synth 8-7052] The timing for the instance gen_head[1].u_sm/x5_lo_reg (implemented as a Block RAM) might be sub-optimal as no optional output register could be merged into the ram block. Providing additional output register may help in improving timing.
INFO: [Synth 8-7052] The timing for the instance gen_head[1].u_sm/x5_hi_reg (implemented as a Block RAM) might be sub-optimal as no optional output register could be merged into the ram block. Providing additional output register may help in improving timing.
INFO: [Synth 8-7052] The timing for the instance gen_head[1].u_sm/x5_hi_reg (implemented as a Block RAM) might be sub-optimal as no optional output register could be merged into the ram block. Providing additional output register may help in improving timing.
INFO: [Synth 8-7052] The timing for the instance gen_head[2].u_sm/x5_lo_reg (implemented as a Block RAM) might be sub-optimal as no optional output register could be merged into the ram block. Providing additional output register may help in improving timing.
INFO: [Synth 8-7052] The timing for the instance gen_head[2].u_sm/x5_lo_reg (implemented as a Block RAM) might be sub-optimal as no optional output register could be merged into the ram block. Providing additional output register may help in improving timing.
INFO: [Synth 8-7052] The timing for the instance gen_head[2].u_sm/x5_hi_reg (implemented as a Block RAM) might be sub-optimal as no optional output register could be merged into the ram block. Providing additional output register may help in improving timing.
INFO: [Synth 8-7052] The timing for the instance gen_head[2].u_sm/x5_hi_reg (implemented as a Block RAM) might be sub-optimal as no optional output register could be merged into the ram block. Providing additional output register may help in improving timing.
INFO: [Synth 8-7052] The timing for the instance gen_head[3].u_sm/x5_lo_reg (implemented as a Block RAM) might be sub-optimal as no optional output register could be merged into the ram block. Providing additional output register may help in improving timing.
INFO: [Synth 8-7052] The timing for the instance gen_head[3].u_sm/x5_lo_reg (implemented as a Block RAM) might be sub-optimal as no optional output register could be merged into the ram block. Providing additional output register may help in improving timing.
INFO: [Synth 8-7052] The timing for the instance gen_head[3].u_sm/x5_hi_reg (implemented as a Block RAM) might be sub-optimal as no optional output register could be merged into the ram block. Providing additional output register may help in improving timing.
INFO: [Synth 8-7052] The timing for the instance gen_head[3].u_sm/x5_hi_reg (implemented as a Block RAM) might be sub-optimal as no optional output register could be merged into the ram block. Providing additional output register may help in improving timing.
INFO: [Synth 8-7052] The timing for the instance u_gate/s9_l_reg (implemented as a Block RAM) might be sub-optimal as no optional output register could be merged into the ram block. Providing additional output register may help in improving timing.
INFO: [Synth 8-7052] The timing for the instance u_gate/s9_l_reg (implemented as a Block RAM) might be sub-optimal as no optional output register could be merged into the ram block. Providing additional output register may help in improving timing.
INFO: [Synth 8-7052] The timing for the instance u_gate/s9_h_reg (implemented as a Block RAM) might be sub-optimal as no optional output register could be merged into the ram block. Providing additional output register may help in improving timing.
INFO: [Synth 8-7052] The timing for the instance u_gate/s9_h_reg (implemented as a Block RAM) might be sub-optimal as no optional output register could be merged into the ram block. Providing additional output register may help in improving timing.
INFO: [Synth 8-7052] The timing for the instance ypre_reg_bram_1 (implemented as a Block RAM) might be sub-optimal as no optional output register could be merged into the ram block. Providing additional output register may help in improving timing.
INFO: [Synth 8-7052] The timing for the instance ypre_reg_bram_2 (implemented as a Block RAM) might be sub-optimal as no optional output register could be merged into the ram block. Providing additional output register may help in improving timing.
---------------------------------------------------------------------------------
Finished Final Netlist Cleanup
---------------------------------------------------------------------------------
---------------------------------------------------------------------------------
Finished IO Insertion : Time (s): cpu = 00:12:03 ; elapsed = 00:12:26 . Memory (MB): peak = 5461.680 ; gain = 3069.758 ; free physical = 492 ; free virtual = 41572
---------------------------------------------------------------------------------
---------------------------------------------------------------------------------
Start Renaming Generated Instances
---------------------------------------------------------------------------------
---------------------------------------------------------------------------------
Finished Renaming Generated Instances : Time (s): cpu = 00:12:03 ; elapsed = 00:12:26 . Memory (MB): peak = 5461.680 ; gain = 3069.758 ; free physical = 492 ; free virtual = 41572
---------------------------------------------------------------------------------
---------------------------------------------------------------------------------
Start Handling Custom Attributes
---------------------------------------------------------------------------------
---------------------------------------------------------------------------------
Finished Handling Custom Attributes : Time (s): cpu = 00:12:38 ; elapsed = 00:13:02 . Memory (MB): peak = 5461.680 ; gain = 3069.758 ; free physical = 489 ; free virtual = 41572
---------------------------------------------------------------------------------
---------------------------------------------------------------------------------
Start ROM, RAM, DSP, Shift Register and Retiming Reporting
---------------------------------------------------------------------------------

Static Shift Register Report:
+--------------+--------------------+--------+-------+--------------+--------------------+-------------------+--------+---------+
|Module Name   | RTL Name           | Length | Width | Reset Signal | Pull out first Reg | Pull out last Reg | SRL16E | SRLC32E | 
+--------------+--------------------+--------+-------+--------------+--------------------+-------------------+--------+---------+
|attn_rope     | r_j_reg[4][4]      | 3      | 5     | NO           | NO                 | YES               | 5      | 0       | 
|attn_kv_quant | m_idx_p_reg[4][7]  | 4      | 8     | NO           | NO                 | YES               | 8      | 0       | 
|attn_softmax  | x9_do_reg          | 7      | 4     | NO           | NO                 | YES               | 4      | 0       | 
|attn_emit     | m_idx_p_reg[5][11] | 5      | 12    | NO           | NO                 | NO                | 12     | 0       | 
+--------------+--------------------+--------+-------+--------------+--------------------+-------------------+--------+---------+

---------------------------------------------------------------------------------
Finished ROM, RAM, DSP, Shift Register and Retiming Reporting
---------------------------------------------------------------------------------
---------------------------------------------------------------------------------
Start Writing Synthesis Report
---------------------------------------------------------------------------------

DSP Final Report (the ' indicates corresponding REG is set)
+---------------------+----------------------+--------+--------+--------+--------+--------+------+------+------+------+-------+------+------+
|Module Name          | DSP Mapping          | A Size | B Size | C Size | D Size | P Size | AREG | BREG | CREG | DREG | ADREG | MREG | PREG | 
+---------------------+----------------------+--------+--------+--------+--------+--------+------+------+------+------+-------+------+------+
|rmsnorm_rs           | (A'*B')'             | 30     | 18     | -      | -      | 32     | 1    | 1    | -    | -    | -     | 0    | 1    | 
|rmsnorm_rs           | A'*B'                | 17     | 18     | -      | -      | 48     | 1    | 1    | -    | -    | -     | 0    | 0    | 
|rmsnorm_rs           | PCIN>>17+A'*B'       | 30     | 18     | -      | -      | 30     | 1    | 1    | -    | -    | -     | 0    | 0    | 
|rmsnorm_rs__GB0      | A'*B'                | 17     | 17     | -      | -      | 48     | 1    | 1    | -    | -    | -     | 0    | 0    | 
|rmsnorm_rs__GB0      | PCIN>>17+A'*B'       | 17     | 18     | -      | -      | 47     | 1    | 1    | -    | -    | -     | 0    | 0    | 
|rmsnorm_rs           | A''*B'               | 17     | 18     | -      | -      | 48     | 2    | 1    | -    | -    | -     | 0    | 0    | 
|rmsnorm_rs           | PCIN>>17+A'*B''      | 30     | 18     | -      | -      | 30     | 1    | 2    | -    | -    | -     | 0    | 0    | 
|rmsnorm_rs__GB0      | A'*B''               | 17     | 17     | -      | -      | 48     | 1    | 2    | -    | -    | -     | 0    | 0    | 
|rmsnorm_rs           | PCIN>>17+A*B''       | 0      | 18     | -      | -      | 47     | 0    | 2    | -    | -    | -     | 0    | 0    | 
|rmsnorm_rs           | A'*B'                | 17     | 18     | -      | -      | 48     | 1    | 1    | -    | -    | -     | 0    | 0    | 
|rmsnorm_rs           | PCIN>>17+A'*B'       | 30     | 18     | -      | -      | 32     | 1    | 1    | -    | -    | -     | 0    | 0    | 
|rmsnorm_rs__GB0      | A'*B'                | 17     | 17     | -      | -      | 48     | 1    | 1    | -    | -    | -     | 0    | 0    | 
|rmsnorm_rs           | PCIN>>17+A'*B'       | 17     | 18     | -      | -      | 48     | 1    | 1    | -    | -    | -     | 0    | 0    | 
|rmsnorm_rs__GB0      | A*B'                 | 17     | 18     | -      | -      | 48     | 0    | 1    | -    | -    | -     | 0    | 0    | 
|rmsnorm_rs__GB0      | PCIN>>17+A'*B        | 30     | 13     | -      | -      | 48     | 1    | 0    | -    | -    | -     | 0    | 0    | 
|rmsnorm_rs__GB0      | A'*B                 | 17     | 17     | -      | -      | 48     | 1    | 0    | -    | -    | -     | 0    | 0    | 
|rmsnorm_rs__GB0      | PCIN>>17+A'*B        | 17     | 13     | -      | -      | 48     | 1    | 0    | -    | -    | -     | 0    | 0    | 
|rmsnorm_rs__GB0      | A'*B'                | 17     | 18     | -      | -      | 48     | 1    | 1    | -    | -    | -     | 0    | 0    | 
|rmsnorm_rs__GB0      | PCIN>>17+A'*B'       | 30     | 14     | -      | -      | 48     | 1    | 1    | -    | -    | -     | 0    | 0    | 
|rmsnorm_rs           | A''*B'               | 30     | 18     | -      | -      | 31     | 2    | 1    | -    | -    | -     | 0    | 0    | 
|rmsnorm_rs__GB0      | A'*B''               | 17     | 18     | -      | -      | 48     | 1    | 2    | -    | -    | -     | 0    | 0    | 
|rmsnorm_rs__GB0      | PCIN>>17+A'*B''      | 17     | 18     | -      | -      | 48     | 1    | 2    | -    | -    | -     | 0    | 0    | 
|attn_mac_array__GB2  | A'*B'                | 17     | 18     | -      | -      | 48     | 1    | 1    | -    | -    | -     | 0    | 0    | 
|attn_mac_array__GB2  | (PCIN>>17+A'*B')'    | 30     | 18     | -      | -      | 48     | 1    | 1    | -    | -    | -     | 0    | 1    | 
|attn_mac_array__GB6  | A'*B'                | 17     | 18     | -      | -      | 48     | 1    | 1    | -    | -    | -     | 0    | 0    | 
|attn_mac_array__GB6  | (PCIN>>17+A'*B')'    | 30     | 18     | -      | -      | 48     | 1    | 1    | -    | -    | -     | 0    | 1    | 
|attn_mac_array__GB6  | A'*B'                | 17     | 18     | -      | -      | 48     | 1    | 1    | -    | -    | -     | 0    | 0    | 
|attn_mac_array__GB6  | (PCIN>>17+A'*B')'    | 30     | 18     | -      | -      | 48     | 1    | 1    | -    | -    | -     | 0    | 1    | 
|attn_mac_array__GB6  | A'*B'                | 17     | 18     | -      | -      | 48     | 1    | 1    | -    | -    | -     | 0    | 0    | 
|attn_mac_array__GB6  | (PCIN>>17+A'*B')'    | 30     | 18     | -      | -      | 48     | 1    | 1    | -    | -    | -     | 0    | 1    | 
|attn_mac_array__GB7  | A'*B                 | 17     | 18     | -      | -      | 48     | 1    | 0    | -    | -    | -     | 0    | 0    | 
|attn_mac_array__GB7  | (PCIN>>17+A'*B)'     | 30     | 18     | -      | -      | 48     | 1    | 0    | -    | -    | -     | 0    | 1    | 
|attn_mac_array__GB7  | A'*B'                | 17     | 18     | -      | -      | 48     | 1    | 1    | -    | -    | -     | 0    | 0    | 
|attn_mac_array__GB7  | (PCIN>>17+A'*B')'    | 30     | 18     | -      | -      | 48     | 1    | 1    | -    | -    | -     | 0    | 1    | 
|attn_mac_array__GB7  | A'*B                 | 17     | 18     | -      | -      | 48     | 1    | 0    | -    | -    | -     | 0    | 0    | 
|attn_mac_array__GB7  | (PCIN>>17+A'*B)'     | 30     | 18     | -      | -      | 48     | 1    | 0    | -    | -    | -     | 0    | 1    | 
|attn_mac_array__GB7  | A'*B                 | 17     | 18     | -      | -      | 48     | 1    | 0    | -    | -    | -     | 0    | 0    | 
|attn_mac_array__GB7  | (PCIN>>17+A'*B)'     | 30     | 18     | -      | -      | 48     | 1    | 0    | -    | -    | -     | 0    | 1    | 
|attn_mac_array__GB7  | A'*B'                | 17     | 18     | -      | -      | 48     | 1    | 1    | -    | -    | -     | 0    | 0    | 
|attn_mac_array__GB7  | (PCIN>>17+A'*B')'    | 30     | 18     | -      | -      | 48     | 1    | 1    | -    | -    | -     | 0    | 1    | 
|attn_mac_array__GB7  | A'*B                 | 17     | 18     | -      | -      | 48     | 1    | 0    | -    | -    | -     | 0    | 0    | 
|attn_mac_array__GB7  | (PCIN>>17+A'*B)'     | 30     | 18     | -      | -      | 48     | 1    | 0    | -    | -    | -     | 0    | 1    | 
|attn_mac_array__GB7  | A'*B                 | 17     | 18     | -      | -      | 48     | 1    | 0    | -    | -    | -     | 0    | 0    | 
|attn_mac_array__GB7  | (PCIN>>17+A'*B)'     | 30     | 18     | -      | -      | 48     | 1    | 0    | -    | -    | -     | 0    | 1    | 
|attn_mac_array__GB7  | A'*B'                | 17     | 18     | -      | -      | 48     | 1    | 1    | -    | -    | -     | 0    | 0    | 
|attn_mac_array__GB7  | (PCIN>>17+A'*B')'    | 30     | 18     | -      | -      | 48     | 1    | 1    | -    | -    | -     | 0    | 1    | 
|attn_mac_array__GB7  | A'*B'                | 17     | 18     | -      | -      | 48     | 1    | 1    | -    | -    | -     | 0    | 0    | 
|attn_mac_array__GB7  | (PCIN>>17+A'*B')'    | 30     | 18     | -      | -      | 48     | 1    | 1    | -    | -    | -     | 0    | 1    | 
|attn_mac_array__GB7  | A'*B'                | 17     | 18     | -      | -      | 48     | 1    | 1    | -    | -    | -     | 0    | 0    | 
|attn_mac_array__GB7  | (PCIN>>17+A'*B')'    | 30     | 18     | -      | -      | 48     | 1    | 1    | -    | -    | -     | 0    | 1    | 
|attn_mac_array__GB7  | A'*B'                | 17     | 18     | -      | -      | 48     | 1    | 1    | -    | -    | -     | 0    | 0    | 
|attn_mac_array__GB7  | (PCIN>>17+A'*B')'    | 30     | 18     | -      | -      | 48     | 1    | 1    | -    | -    | -     | 0    | 1    | 
|attn_mac_array__GB7  | A'*B'                | 17     | 18     | -      | -      | 48     | 1    | 1    | -    | -    | -     | 0    | 0    | 
|attn_mac_array__GB7  | (PCIN>>17+A'*B')'    | 30     | 18     | -      | -      | 48     | 1    | 1    | -    | -    | -     | 0    | 1    | 
|attn_mac_array__GB7  | A'*B'                | 17     | 18     | -      | -      | 48     | 1    | 1    | -    | -    | -     | 0    | 0    | 
|attn_mac_array__GB7  | (PCIN>>17+A'*B')'    | 30     | 18     | -      | -      | 48     | 1    | 1    | -    | -    | -     | 0    | 1    | 
|attn_mac_array__GB7  | A'*B'                | 17     | 18     | -      | -      | 48     | 1    | 1    | -    | -    | -     | 0    | 0    | 
|attn_mac_array__GB7  | (PCIN>>17+A'*B')'    | 30     | 18     | -      | -      | 48     | 1    | 1    | -    | -    | -     | 0    | 1    | 
|attn_mac_array__GB7  | A'*B'                | 17     | 18     | -      | -      | 48     | 1    | 1    | -    | -    | -     | 0    | 0    | 
|attn_mac_array__GB7  | (PCIN>>17+A'*B')'    | 30     | 18     | -      | -      | 48     | 1    | 1    | -    | -    | -     | 0    | 1    | 
|attn_mac_array__GB7  | A'*B'                | 17     | 18     | -      | -      | 48     | 1    | 1    | -    | -    | -     | 0    | 0    | 
|attn_mac_array__GB7  | (PCIN>>17+A'*B')'    | 30     | 18     | -      | -      | 48     | 1    | 1    | -    | -    | -     | 0    | 1    | 
|attn_mac_array__GB7  | A'*B'                | 17     | 18     | -      | -      | 48     | 1    | 1    | -    | -    | -     | 0    | 0    | 
|attn_mac_array__GB7  | (PCIN>>17+A'*B')'    | 30     | 18     | -      | -      | 48     | 1    | 1    | -    | -    | -     | 0    | 1    | 
|attn_mac_array__GB7  | A'*B'                | 17     | 18     | -      | -      | 48     | 1    | 1    | -    | -    | -     | 0    | 0    | 
|attn_mac_array__GB7  | (PCIN>>17+A'*B')'    | 30     | 18     | -      | -      | 48     | 1    | 1    | -    | -    | -     | 0    | 1    | 
|attn_mac_array__GB7  | A'*B'                | 17     | 18     | -      | -      | 48     | 1    | 1    | -    | -    | -     | 0    | 0    | 
|attn_mac_array__GB7  | (PCIN>>17+A'*B')'    | 30     | 18     | -      | -      | 48     | 1    | 1    | -    | -    | -     | 0    | 1    | 
|attn_mac_array__GB7  | A'*B'                | 17     | 18     | -      | -      | 48     | 1    | 1    | -    | -    | -     | 0    | 0    | 
|attn_mac_array__GB7  | (PCIN>>17+A'*B')'    | 30     | 18     | -      | -      | 48     | 1    | 1    | -    | -    | -     | 0    | 1    | 
|attn_mac_array__GB7  | A'*B'                | 17     | 18     | -      | -      | 48     | 1    | 1    | -    | -    | -     | 0    | 0    | 
|attn_mac_array__GB7  | (PCIN>>17+A'*B')'    | 30     | 18     | -      | -      | 48     | 1    | 1    | -    | -    | -     | 0    | 1    | 
|attn_mac_array__GB7  | A'*B'                | 17     | 18     | -      | -      | 48     | 1    | 1    | -    | -    | -     | 0    | 0    | 
|attn_mac_array__GB7  | (PCIN>>17+A'*B')'    | 30     | 18     | -      | -      | 48     | 1    | 1    | -    | -    | -     | 0    | 1    | 
|attn_mac_array__GB7  | A'*B'                | 17     | 18     | -      | -      | 48     | 1    | 1    | -    | -    | -     | 0    | 0    | 
|attn_mac_array__GB7  | (PCIN>>17+A'*B')'    | 30     | 18     | -      | -      | 48     | 1    | 1    | -    | -    | -     | 0    | 1    | 
|attn_mac_array__GB8  | A'*B                 | 17     | 18     | -      | -      | 48     | 1    | 0    | -    | -    | -     | 0    | 0    | 
|attn_mac_array__GB8  | (PCIN>>17+A'*B)'     | 30     | 18     | -      | -      | 48     | 1    | 0    | -    | -    | -     | 0    | 1    | 
|attn_mac_array__GB8  | A'*B'                | 17     | 18     | -      | -      | 48     | 1    | 1    | -    | -    | -     | 0    | 0    | 
|attn_mac_array__GB8  | (PCIN>>17+A'*B')'    | 30     | 18     | -      | -      | 48     | 1    | 1    | -    | -    | -     | 0    | 1    | 
|attn_mac_array__GB8  | A'*B'                | 17     | 18     | -      | -      | 48     | 1    | 1    | -    | -    | -     | 0    | 0    | 
|attn_mac_array__GB8  | (PCIN>>17+A'*B')'    | 30     | 18     | -      | -      | 48     | 1    | 1    | -    | -    | -     | 0    | 1    | 
|attn_mac_array__GB8  | A'*B'                | 17     | 18     | -      | -      | 48     | 1    | 1    | -    | -    | -     | 0    | 0    | 
|attn_mac_array__GB8  | (PCIN>>17+A'*B')'    | 30     | 18     | -      | -      | 48     | 1    | 1    | -    | -    | -     | 0    | 1    | 
|attn_mac_array__GB8  | A'*B'                | 17     | 18     | -      | -      | 48     | 1    | 1    | -    | -    | -     | 0    | 0    | 
|attn_mac_array__GB8  | (PCIN>>17+A'*B')'    | 30     | 18     | -      | -      | 48     | 1    | 1    | -    | -    | -     | 0    | 1    | 
|attn_mac_array__GB8  | A'*B'                | 17     | 18     | -      | -      | 48     | 1    | 1    | -    | -    | -     | 0    | 0    | 
|attn_mac_array__GB8  | (PCIN>>17+A'*B')'    | 30     | 18     | -      | -      | 48     | 1    | 1    | -    | -    | -     | 0    | 1    | 
|attn_mac_array__GB8  | A'*B'                | 17     | 18     | -      | -      | 48     | 1    | 1    | -    | -    | -     | 0    | 0    | 
|attn_mac_array__GB8  | (PCIN>>17+A'*B')'    | 30     | 18     | -      | -      | 48     | 1    | 1    | -    | -    | -     | 0    | 1    | 
|attn_mac_array__GB8  | A'*B'                | 17     | 18     | -      | -      | 48     | 1    | 1    | -    | -    | -     | 0    | 0    | 
|attn_mac_array__GB8  | (PCIN>>17+A'*B')'    | 30     | 18     | -      | -      | 48     | 1    | 1    | -    | -    | -     | 0    | 1    | 
|attn_mac_array__GB8  | A'*B'                | 17     | 18     | -      | -      | 48     | 1    | 1    | -    | -    | -     | 0    | 0    | 
|attn_mac_array__GB8  | (PCIN>>17+A'*B')'    | 30     | 18     | -      | -      | 48     | 1    | 1    | -    | -    | -     | 0    | 1    | 
|attn_mac_array__GB8  | A'*B'                | 17     | 18     | -      | -      | 48     | 1    | 1    | -    | -    | -     | 0    | 0    | 
|attn_mac_array__GB8  | (PCIN>>17+A'*B')'    | 30     | 18     | -      | -      | 48     | 1    | 1    | -    | -    | -     | 0    | 1    | 
|attn_mac_array__GB8  | A'*B'                | 17     | 18     | -      | -      | 48     | 1    | 1    | -    | -    | -     | 0    | 0    | 
|attn_mac_array__GB8  | (PCIN>>17+A'*B')'    | 30     | 18     | -      | -      | 48     | 1    | 1    | -    | -    | -     | 0    | 1    | 
|attn_mac_array__GB8  | A'*B'                | 17     | 18     | -      | -      | 48     | 1    | 1    | -    | -    | -     | 0    | 0    | 
|attn_mac_array__GB8  | (PCIN>>17+A'*B')'    | 30     | 18     | -      | -      | 48     | 1    | 1    | -    | -    | -     | 0    | 1    | 
|attn_mac_array__GB8  | A'*B'                | 17     | 18     | -      | -      | 48     | 1    | 1    | -    | -    | -     | 0    | 0    | 
|attn_mac_array__GB8  | (PCIN>>17+A'*B')'    | 30     | 18     | -      | -      | 48     | 1    | 1    | -    | -    | -     | 0    | 1    | 
|attn_mac_array__GB8  | A'*B'                | 17     | 18     | -      | -      | 48     | 1    | 1    | -    | -    | -     | 0    | 0    | 
|attn_mac_array__GB8  | (PCIN>>17+A'*B')'    | 30     | 18     | -      | -      | 48     | 1    | 1    | -    | -    | -     | 0    | 1    | 
|attn_mac_array__GB8  | A'*B'                | 17     | 18     | -      | -      | 48     | 1    | 1    | -    | -    | -     | 0    | 0    | 
|attn_mac_array__GB8  | (PCIN>>17+A'*B')'    | 30     | 18     | -      | -      | 48     | 1    | 1    | -    | -    | -     | 0    | 1    | 
|attn_mac_array__GB8  | A'*B'                | 17     | 18     | -      | -      | 48     | 1    | 1    | -    | -    | -     | 0    | 0    | 
|attn_mac_array__GB8  | (PCIN>>17+A'*B')'    | 30     | 18     | -      | -      | 48     | 1    | 1    | -    | -    | -     | 0    | 1    | 
|attn_mac_array__GB8  | A'*B                 | 17     | 18     | -      | -      | 48     | 1    | 0    | -    | -    | -     | 0    | 0    | 
|attn_mac_array__GB8  | (PCIN>>17+A'*B)'     | 30     | 18     | -      | -      | 48     | 1    | 0    | -    | -    | -     | 0    | 1    | 
|attn_mac_array__GB8  | A'*B                 | 17     | 18     | -      | -      | 48     | 1    | 0    | -    | -    | -     | 0    | 0    | 
|attn_mac_array__GB8  | (PCIN>>17+A'*B)'     | 30     | 18     | -      | -      | 48     | 1    | 0    | -    | -    | -     | 0    | 1    | 
|attn_mac_array__GB8  | A'*B'                | 17     | 18     | -      | -      | 48     | 1    | 1    | -    | -    | -     | 0    | 0    | 
|attn_mac_array__GB8  | (PCIN>>17+A'*B')'    | 30     | 18     | -      | -      | 48     | 1    | 1    | -    | -    | -     | 0    | 1    | 
|attn_mac_array       | A'*B'                | 17     | 18     | -      | -      | 48     | 1    | 1    | -    | -    | -     | 0    | 0    | 
|attn_mac_array       | (PCIN>>17+A'*B')'    | 30     | 18     | -      | -      | 48     | 1    | 1    | -    | -    | -     | 0    | 1    | 
|attn_mac_array       | A'*B'                | 17     | 18     | -      | -      | 48     | 1    | 1    | -    | -    | -     | 0    | 0    | 
|attn_mac_array       | (PCIN>>17+A'*B')'    | 30     | 18     | -      | -      | 48     | 1    | 1    | -    | -    | -     | 0    | 1    | 
|attn_mac_array       | A'*B'                | 17     | 18     | -      | -      | 48     | 1    | 1    | -    | -    | -     | 0    | 0    | 
|attn_mac_array       | (PCIN>>17+A'*B')'    | 30     | 18     | -      | -      | 48     | 1    | 1    | -    | -    | -     | 0    | 1    | 
|attn_mac_array       | A'*B'                | 17     | 18     | -      | -      | 48     | 1    | 1    | -    | -    | -     | 0    | 0    | 
|attn_mac_array       | (PCIN>>17+A'*B')'    | 30     | 18     | -      | -      | 48     | 1    | 1    | -    | -    | -     | 0    | 1    | 
|attn_mac_array__GB10 | A'*B                 | 17     | 18     | -      | -      | 48     | 1    | 0    | -    | -    | -     | 0    | 0    | 
|attn_mac_array__GB10 | (PCIN>>17+A'*B)'     | 30     | 18     | -      | -      | 48     | 1    | 0    | -    | -    | -     | 0    | 1    | 
|attn_mac_array__GB10 | A'*B'                | 17     | 18     | -      | -      | 48     | 1    | 1    | -    | -    | -     | 0    | 0    | 
|attn_mac_array__GB10 | (PCIN>>17+A'*B')'    | 30     | 18     | -      | -      | 48     | 1    | 1    | -    | -    | -     | 0    | 1    | 
|attn_mac_array__GB10 | A'*B                 | 17     | 18     | -      | -      | 48     | 1    | 0    | -    | -    | -     | 0    | 0    | 
|attn_mac_array__GB10 | (PCIN>>17+A'*B)'     | 30     | 18     | -      | -      | 48     | 1    | 0    | -    | -    | -     | 0    | 1    | 
|attn_mac_array__GB10 | A'*B                 | 17     | 18     | -      | -      | 48     | 1    | 0    | -    | -    | -     | 0    | 0    | 
|attn_mac_array__GB10 | (PCIN>>17+A'*B)'     | 30     | 18     | -      | -      | 48     | 1    | 0    | -    | -    | -     | 0    | 1    | 
|attn_mac_array__GB10 | A'*B'                | 17     | 18     | -      | -      | 48     | 1    | 1    | -    | -    | -     | 0    | 0    | 
|attn_mac_array__GB10 | (PCIN>>17+A'*B')'    | 30     | 18     | -      | -      | 48     | 1    | 1    | -    | -    | -     | 0    | 1    | 
|attn_mac_array__GB10 | A'*B'                | 17     | 18     | -      | -      | 48     | 1    | 1    | -    | -    | -     | 0    | 0    | 
|attn_mac_array__GB10 | (PCIN>>17+A'*B')'    | 30     | 18     | -      | -      | 48     | 1    | 1    | -    | -    | -     | 0    | 1    | 
|attn_mac_array__GB10 | A'*B'                | 17     | 18     | -      | -      | 48     | 1    | 1    | -    | -    | -     | 0    | 0    | 
|attn_mac_array__GB10 | (PCIN>>17+A'*B')'    | 30     | 18     | -      | -      | 48     | 1    | 1    | -    | -    | -     | 0    | 1    | 
|attn_mac_array__GB10 | A'*B                 | 17     | 18     | -      | -      | 48     | 1    | 0    | -    | -    | -     | 0    | 0    | 
|attn_mac_array__GB10 | (PCIN>>17+A'*B)'     | 30     | 18     | -      | -      | 48     | 1    | 0    | -    | -    | -     | 0    | 1    | 
|attn_mac_array__GB10 | A'*B'                | 17     | 18     | -      | -      | 48     | 1    | 1    | -    | -    | -     | 0    | 0    | 
|attn_mac_array__GB10 | (PCIN>>17+A'*B')'    | 30     | 18     | -      | -      | 48     | 1    | 1    | -    | -    | -     | 0    | 1    | 
|attn_mac_array__GB10 | A'*B'                | 17     | 18     | -      | -      | 48     | 1    | 1    | -    | -    | -     | 0    | 0    | 
|attn_mac_array__GB10 | (PCIN>>17+A'*B')'    | 30     | 18     | -      | -      | 48     | 1    | 1    | -    | -    | -     | 0    | 1    | 
|attn_mac_array__GB10 | A'*B                 | 17     | 18     | -      | -      | 48     | 1    | 0    | -    | -    | -     | 0    | 0    | 
|attn_mac_array__GB10 | (PCIN>>17+A'*B)'     | 30     | 18     | -      | -      | 48     | 1    | 0    | -    | -    | -     | 0    | 1    | 
|attn_mac_array__GB10 | A'*B'                | 17     | 18     | -      | -      | 48     | 1    | 1    | -    | -    | -     | 0    | 0    | 
|attn_mac_array__GB10 | (PCIN>>17+A'*B')'    | 30     | 18     | -      | -      | 48     | 1    | 1    | -    | -    | -     | 0    | 1    | 
|attn_mac_array__GB10 | A'*B'                | 17     | 18     | -      | -      | 48     | 1    | 1    | -    | -    | -     | 0    | 0    | 
|attn_mac_array__GB10 | (PCIN>>17+A'*B')'    | 30     | 18     | -      | -      | 48     | 1    | 1    | -    | -    | -     | 0    | 1    | 
|attn_mac_array__GB10 | A'*B'                | 17     | 18     | -      | -      | 48     | 1    | 1    | -    | -    | -     | 0    | 0    | 
|attn_mac_array__GB10 | (PCIN>>17+A'*B')'    | 30     | 18     | -      | -      | 48     | 1    | 1    | -    | -    | -     | 0    | 1    | 
|attn_mac_array__GB10 | A'*B'                | 17     | 18     | -      | -      | 48     | 1    | 1    | -    | -    | -     | 0    | 0    | 
|attn_mac_array__GB10 | (PCIN>>17+A'*B')'    | 30     | 18     | -      | -      | 48     | 1    | 1    | -    | -    | -     | 0    | 1    | 
|attn_mac_array__GB10 | A'*B'                | 17     | 18     | -      | -      | 48     | 1    | 1    | -    | -    | -     | 0    | 0    | 
|attn_mac_array__GB10 | (PCIN>>17+A'*B')'    | 30     | 18     | -      | -      | 48     | 1    | 1    | -    | -    | -     | 0    | 1    | 
|attn_mac_array__GB10 | A'*B'                | 17     | 18     | -      | -      | 48     | 1    | 1    | -    | -    | -     | 0    | 0    | 
|attn_mac_array__GB10 | (PCIN>>17+A'*B')'    | 30     | 18     | -      | -      | 48     | 1    | 1    | -    | -    | -     | 0    | 1    | 
|attn_mac_array__GB10 | A'*B'                | 17     | 18     | -      | -      | 48     | 1    | 1    | -    | -    | -     | 0    | 0    | 
|attn_mac_array__GB10 | (PCIN>>17+A'*B')'    | 30     | 18     | -      | -      | 48     | 1    | 1    | -    | -    | -     | 0    | 1    | 
|attn_mac_array__GB10 | A'*B'                | 17     | 18     | -      | -      | 48     | 1    | 1    | -    | -    | -     | 0    | 0    | 
|attn_mac_array__GB10 | (PCIN>>17+A'*B')'    | 30     | 18     | -      | -      | 48     | 1    | 1    | -    | -    | -     | 0    | 1    | 
|attn_mac_array__GB10 | A'*B'                | 17     | 18     | -      | -      | 48     | 1    | 1    | -    | -    | -     | 0    | 0    | 
|attn_mac_array__GB10 | (PCIN>>17+A'*B')'    | 30     | 18     | -      | -      | 48     | 1    | 1    | -    | -    | -     | 0    | 1    | 
|attn_mac_array__GB10 | A'*B'                | 17     | 18     | -      | -      | 48     | 1    | 1    | -    | -    | -     | 0    | 0    | 
|attn_mac_array__GB10 | (PCIN>>17+A'*B')'    | 30     | 18     | -      | -      | 48     | 1    | 1    | -    | -    | -     | 0    | 1    | 
|attn_mac_array__GB10 | A'*B                 | 17     | 18     | -      | -      | 48     | 1    | 0    | -    | -    | -     | 0    | 0    | 
|attn_mac_array__GB10 | (PCIN>>17+A'*B)'     | 30     | 18     | -      | -      | 48     | 1    | 0    | -    | -    | -     | 0    | 1    | 
|attn_mac_array__GB10 | A'*B                 | 17     | 18     | -      | -      | 48     | 1    | 0    | -    | -    | -     | 0    | 0    | 
|attn_mac_array__GB10 | (PCIN>>17+A'*B)'     | 30     | 18     | -      | -      | 48     | 1    | 0    | -    | -    | -     | 0    | 1    | 
|attn_mac_array__GB10 | A'*B'                | 17     | 18     | -      | -      | 48     | 1    | 1    | -    | -    | -     | 0    | 0    | 
|attn_mac_array__GB10 | (PCIN>>17+A'*B')'    | 30     | 18     | -      | -      | 48     | 1    | 1    | -    | -    | -     | 0    | 1    | 
|attn_mac_array__GB10 | A'*B'                | 17     | 18     | -      | -      | 48     | 1    | 1    | -    | -    | -     | 0    | 0    | 
|attn_mac_array__GB10 | (PCIN>>17+A'*B')'    | 30     | 18     | -      | -      | 48     | 1    | 1    | -    | -    | -     | 0    | 1    | 
|attn_mac_array__GB11 | A'*B'                | 17     | 18     | -      | -      | 48     | 1    | 1    | -    | -    | -     | 0    | 0    | 
|attn_mac_array__GB11 | (PCIN>>17+A'*B')'    | 30     | 18     | -      | -      | 48     | 1    | 1    | -    | -    | -     | 0    | 1    | 
|attn_mac_array__GB11 | A'*B'                | 17     | 18     | -      | -      | 48     | 1    | 1    | -    | -    | -     | 0    | 0    | 
|attn_mac_array__GB11 | (PCIN>>17+A'*B')'    | 30     | 18     | -      | -      | 48     | 1    | 1    | -    | -    | -     | 0    | 1    | 
|attn_mac_array__GB12 | A'*B'                | 17     | 18     | -      | -      | 48     | 1    | 1    | -    | -    | -     | 0    | 0    | 
|attn_mac_array__GB12 | (PCIN>>17+A'*B')'    | 30     | 18     | -      | -      | 48     | 1    | 1    | -    | -    | -     | 0    | 1    | 
|attn_mac_array__GB12 | A'*B'                | 17     | 18     | -      | -      | 48     | 1    | 1    | -    | -    | -     | 0    | 0    | 
|attn_mac_array__GB12 | (PCIN>>17+A'*B')'    | 30     | 18     | -      | -      | 48     | 1    | 1    | -    | -    | -     | 0    | 1    | 
|attn_mac_array__GB12 | A'*B'                | 17     | 18     | -      | -      | 48     | 1    | 1    | -    | -    | -     | 0    | 0    | 
|attn_mac_array__GB12 | (PCIN>>17+A'*B')'    | 30     | 18     | -      | -      | 48     | 1    | 1    | -    | -    | -     | 0    | 1    | 
|attn_mac_array__GB12 | A'*B'                | 17     | 18     | -      | -      | 48     | 1    | 1    | -    | -    | -     | 0    | 0    | 
|attn_mac_array__GB12 | (PCIN>>17+A'*B')'    | 30     | 18     | -      | -      | 48     | 1    | 1    | -    | -    | -     | 0    | 1    | 
|attn_mac_array__GB14 | A'*B'                | 17     | 18     | -      | -      | 48     | 1    | 1    | -    | -    | -     | 0    | 0    | 
|attn_mac_array__GB14 | (PCIN>>17+A'*B')'    | 30     | 18     | -      | -      | 48     | 1    | 1    | -    | -    | -     | 0    | 1    | 
|attn_mac_array__GB14 | A'*B'                | 17     | 18     | -      | -      | 48     | 1    | 1    | -    | -    | -     | 0    | 0    | 
|attn_mac_array__GB14 | (PCIN>>17+A'*B')'    | 30     | 18     | -      | -      | 48     | 1    | 1    | -    | -    | -     | 0    | 1    | 
|attn_mac_array__GB14 | A'*B'                | 17     | 18     | -      | -      | 48     | 1    | 1    | -    | -    | -     | 0    | 0    | 
|attn_mac_array__GB14 | (PCIN>>17+A'*B')'    | 30     | 18     | -      | -      | 48     | 1    | 1    | -    | -    | -     | 0    | 1    | 
|attn_mac_array__GB14 | A'*B'                | 17     | 18     | -      | -      | 48     | 1    | 1    | -    | -    | -     | 0    | 0    | 
|attn_mac_array__GB14 | (PCIN>>17+A'*B')'    | 30     | 18     | -      | -      | 48     | 1    | 1    | -    | -    | -     | 0    | 1    | 
|attn_mac_array__GB14 | A'*B'                | 17     | 18     | -      | -      | 48     | 1    | 1    | -    | -    | -     | 0    | 0    | 
|attn_mac_array__GB14 | (PCIN>>17+A'*B')'    | 30     | 18     | -      | -      | 48     | 1    | 1    | -    | -    | -     | 0    | 1    | 
|attn_mac_array__GB15 | A'*B'                | 17     | 18     | -      | -      | 48     | 1    | 1    | -    | -    | -     | 0    | 0    | 
|attn_mac_array__GB15 | (PCIN>>17+A'*B')'    | 30     | 18     | -      | -      | 48     | 1    | 1    | -    | -    | -     | 0    | 1    | 
|attn_mac_array__GB15 | A'*B'                | 17     | 18     | -      | -      | 48     | 1    | 1    | -    | -    | -     | 0    | 0    | 
|attn_mac_array__GB15 | (PCIN>>17+A'*B')'    | 30     | 18     | -      | -      | 48     | 1    | 1    | -    | -    | -     | 0    | 1    | 
|attn_mac_array__GB15 | A'*B'                | 17     | 18     | -      | -      | 48     | 1    | 1    | -    | -    | -     | 0    | 0    | 
|attn_mac_array__GB15 | (PCIN>>17+A'*B')'    | 30     | 18     | -      | -      | 48     | 1    | 1    | -    | -    | -     | 0    | 1    | 
|attn_mac_array__GB15 | A'*B'                | 17     | 18     | -      | -      | 48     | 1    | 1    | -    | -    | -     | 0    | 0    | 
|attn_mac_array__GB15 | (PCIN>>17+A'*B')'    | 30     | 18     | -      | -      | 48     | 1    | 1    | -    | -    | -     | 0    | 1    | 
|attn_mac_array__GB15 | A'*B'                | 17     | 18     | -      | -      | 48     | 1    | 1    | -    | -    | -     | 0    | 0    | 
|attn_mac_array__GB15 | (PCIN>>17+A'*B')'    | 30     | 18     | -      | -      | 48     | 1    | 1    | -    | -    | -     | 0    | 1    | 
|attn_mac_array__GB15 | A'*B'                | 17     | 18     | -      | -      | 48     | 1    | 1    | -    | -    | -     | 0    | 0    | 
|attn_mac_array__GB15 | (PCIN>>17+A'*B')'    | 30     | 18     | -      | -      | 48     | 1    | 1    | -    | -    | -     | 0    | 1    | 
|attn_mac_array__GB15 | A'*B'                | 17     | 18     | -      | -      | 48     | 1    | 1    | -    | -    | -     | 0    | 0    | 
|attn_mac_array__GB15 | (PCIN>>17+A'*B')'    | 30     | 18     | -      | -      | 48     | 1    | 1    | -    | -    | -     | 0    | 1    | 
|attn_mac_array__GB15 | A'*B'                | 17     | 18     | -      | -      | 48     | 1    | 1    | -    | -    | -     | 0    | 0    | 
|attn_mac_array__GB15 | (PCIN>>17+A'*B')'    | 30     | 18     | -      | -      | 48     | 1    | 1    | -    | -    | -     | 0    | 1    | 
|attn_mac_array__GB15 | A'*B'                | 17     | 18     | -      | -      | 48     | 1    | 1    | -    | -    | -     | 0    | 0    | 
|attn_mac_array__GB15 | (PCIN>>17+A'*B')'    | 30     | 18     | -      | -      | 48     | 1    | 1    | -    | -    | -     | 0    | 1    | 
|attn_mac_array__GB15 | A'*B'                | 17     | 18     | -      | -      | 48     | 1    | 1    | -    | -    | -     | 0    | 0    | 
|attn_mac_array__GB15 | (PCIN>>17+A'*B')'    | 30     | 18     | -      | -      | 48     | 1    | 1    | -    | -    | -     | 0    | 1    | 
|attn_mac_array__GB18 | A'*B'                | 17     | 18     | -      | -      | 48     | 1    | 1    | -    | -    | -     | 0    | 0    | 
|attn_mac_array__GB18 | (PCIN>>17+A'*B')'    | 30     | 18     | -      | -      | 48     | 1    | 1    | -    | -    | -     | 0    | 1    | 
|attn_mac_array__GB18 | A'*B'                | 17     | 18     | -      | -      | 48     | 1    | 1    | -    | -    | -     | 0    | 0    | 
|attn_mac_array__GB18 | (PCIN>>17+A'*B')'    | 30     | 18     | -      | -      | 48     | 1    | 1    | -    | -    | -     | 0    | 1    | 
|attn_mac_array__GB18 | A'*B'                | 17     | 18     | -      | -      | 48     | 1    | 1    | -    | -    | -     | 0    | 0    | 
|attn_mac_array__GB18 | (PCIN>>17+A'*B')'    | 30     | 18     | -      | -      | 48     | 1    | 1    | -    | -    | -     | 0    | 1    | 
|attn_mac_array__GB18 | A'*B'                | 17     | 18     | -      | -      | 48     | 1    | 1    | -    | -    | -     | 0    | 0    | 
|attn_mac_array__GB18 | (PCIN>>17+A'*B')'    | 30     | 18     | -      | -      | 48     | 1    | 1    | -    | -    | -     | 0    | 1    | 
|attn_mac_array__GB18 | A'*B                 | 17     | 18     | -      | -      | 48     | 1    | 0    | -    | -    | -     | 0    | 0    | 
|attn_mac_array__GB18 | (PCIN>>17+A'*B)'     | 30     | 18     | -      | -      | 48     | 1    | 0    | -    | -    | -     | 0    | 1    | 
|attn_mac_array       | A'*B'                | 17     | 18     | -      | -      | 48     | 1    | 1    | -    | -    | -     | 0    | 0    | 
|attn_mac_array       | (PCIN>>17+A'*B')'    | 30     | 18     | -      | -      | 48     | 1    | 1    | -    | -    | -     | 0    | 1    | 
|attn_mac_array       | A'*B'                | 17     | 18     | -      | -      | 48     | 1    | 1    | -    | -    | -     | 0    | 0    | 
|attn_mac_array       | (PCIN>>17+A'*B')'    | 30     | 18     | -      | -      | 48     | 1    | 1    | -    | -    | -     | 0    | 1    | 
|attn_mac_array       | A'*B'                | 17     | 18     | -      | -      | 48     | 1    | 1    | -    | -    | -     | 0    | 0    | 
|attn_mac_array       | (PCIN>>17+A'*B')'    | 30     | 18     | -      | -      | 48     | 1    | 1    | -    | -    | -     | 0    | 1    | 
|attn_mac_array       | A'*B'                | 17     | 18     | -      | -      | 48     | 1    | 1    | -    | -    | -     | 0    | 0    | 
|attn_mac_array       | (PCIN>>17+A'*B')'    | 30     | 18     | -      | -      | 48     | 1    | 1    | -    | -    | -     | 0    | 1    | 
|attn_mac_array       | A'*B'                | 17     | 18     | -      | -      | 48     | 1    | 1    | -    | -    | -     | 0    | 0    | 
|attn_mac_array       | (PCIN>>17+A'*B')'    | 30     | 18     | -      | -      | 48     | 1    | 1    | -    | -    | -     | 0    | 1    | 
|attn_mac_array       | A'*B'                | 17     | 18     | -      | -      | 48     | 1    | 1    | -    | -    | -     | 0    | 0    | 
|attn_mac_array       | (PCIN>>17+A'*B')'    | 30     | 18     | -      | -      | 48     | 1    | 1    | -    | -    | -     | 0    | 1    | 
|attn_mac_array       | A'*B'                | 17     | 18     | -      | -      | 48     | 1    | 1    | -    | -    | -     | 0    | 0    | 
|attn_mac_array       | (PCIN>>17+A'*B')'    | 30     | 18     | -      | -      | 48     | 1    | 1    | -    | -    | -     | 0    | 1    | 
|attn_mac_array       | A'*B'                | 17     | 18     | -      | -      | 48     | 1    | 1    | -    | -    | -     | 0    | 0    | 
|attn_mac_array       | (PCIN>>17+A'*B')'    | 30     | 18     | -      | -      | 48     | 1    | 1    | -    | -    | -     | 0    | 1    | 
|attn_mac_array__GB13 | A'*B'                | 17     | 18     | -      | -      | 48     | 1    | 1    | -    | -    | -     | 0    | 0    | 
|attn_mac_array__GB13 | (PCIN>>17+A'*B')'    | 30     | 18     | -      | -      | 48     | 1    | 1    | -    | -    | -     | 0    | 1    | 
|attn_mac_array__GB13 | A'*B'                | 17     | 18     | -      | -      | 48     | 1    | 1    | -    | -    | -     | 0    | 0    | 
|attn_mac_array__GB13 | (PCIN>>17+A'*B')'    | 30     | 18     | -      | -      | 48     | 1    | 1    | -    | -    | -     | 0    | 1    | 
|attn_mac_array__GB13 | A'*B'                | 17     | 18     | -      | -      | 48     | 1    | 1    | -    | -    | -     | 0    | 0    | 
|attn_mac_array__GB13 | (PCIN>>17+A'*B')'    | 30     | 18     | -      | -      | 48     | 1    | 1    | -    | -    | -     | 0    | 1    | 
|attn_mac_array__GB13 | A'*B'                | 17     | 18     | -      | -      | 48     | 1    | 1    | -    | -    | -     | 0    | 0    | 
|attn_mac_array__GB13 | (PCIN>>17+A'*B')'    | 30     | 18     | -      | -      | 48     | 1    | 1    | -    | -    | -     | 0    | 1    | 
|attn_mac_array__GB13 | A'*B'                | 17     | 18     | -      | -      | 48     | 1    | 1    | -    | -    | -     | 0    | 0    | 
|attn_mac_array__GB13 | (PCIN>>17+A'*B')'    | 30     | 18     | -      | -      | 48     | 1    | 1    | -    | -    | -     | 0    | 1    | 
|attn_mac_array__GB13 | A'*B'                | 17     | 18     | -      | -      | 48     | 1    | 1    | -    | -    | -     | 0    | 0    | 
|attn_mac_array__GB13 | (PCIN>>17+A'*B')'    | 30     | 18     | -      | -      | 48     | 1    | 1    | -    | -    | -     | 0    | 1    | 
|attn_mac_array__GB13 | A'*B'                | 17     | 18     | -      | -      | 48     | 1    | 1    | -    | -    | -     | 0    | 0    | 
|attn_mac_array__GB13 | (PCIN>>17+A'*B')'    | 30     | 18     | -      | -      | 48     | 1    | 1    | -    | -    | -     | 0    | 1    | 
|attn_mac_array__GB13 | A'*B'                | 17     | 18     | -      | -      | 48     | 1    | 1    | -    | -    | -     | 0    | 0    | 
|attn_mac_array__GB13 | (PCIN>>17+A'*B')'    | 30     | 18     | -      | -      | 48     | 1    | 1    | -    | -    | -     | 0    | 1    | 
|attn_mac_array__GB13 | A'*B'                | 17     | 18     | -      | -      | 48     | 1    | 1    | -    | -    | -     | 0    | 0    | 
|attn_mac_array__GB13 | (PCIN>>17+A'*B')'    | 30     | 18     | -      | -      | 48     | 1    | 1    | -    | -    | -     | 0    | 1    | 
|attn_mac_array__GB13 | A'*B'                | 17     | 18     | -      | -      | 48     | 1    | 1    | -    | -    | -     | 0    | 0    | 
|attn_mac_array__GB13 | (PCIN>>17+A'*B')'    | 30     | 18     | -      | -      | 48     | 1    | 1    | -    | -    | -     | 0    | 1    | 
|attn_mac_array__GB13 | A'*B'                | 17     | 18     | -      | -      | 48     | 1    | 1    | -    | -    | -     | 0    | 0    | 
|attn_mac_array__GB13 | (PCIN>>17+A'*B')'    | 30     | 18     | -      | -      | 48     | 1    | 1    | -    | -    | -     | 0    | 1    | 
|attn_mac_array__GB13 | A'*B'                | 17     | 18     | -      | -      | 48     | 1    | 1    | -    | -    | -     | 0    | 0    | 
|attn_mac_array__GB13 | (PCIN>>17+A'*B')'    | 30     | 18     | -      | -      | 48     | 1    | 1    | -    | -    | -     | 0    | 1    | 
|attn_mac_array__GB13 | A'*B'                | 17     | 18     | -      | -      | 48     | 1    | 1    | -    | -    | -     | 0    | 0    | 
|attn_mac_array__GB13 | (PCIN>>17+A'*B')'    | 30     | 18     | -      | -      | 48     | 1    | 1    | -    | -    | -     | 0    | 1    | 
|attn_mac_array__GB13 | A'*B'                | 17     | 18     | -      | -      | 48     | 1    | 1    | -    | -    | -     | 0    | 0    | 
|attn_mac_array__GB13 | (PCIN>>17+A'*B')'    | 30     | 18     | -      | -      | 48     | 1    | 1    | -    | -    | -     | 0    | 1    | 
|attn_mac_array__GB13 | A'*B'                | 17     | 18     | -      | -      | 48     | 1    | 1    | -    | -    | -     | 0    | 0    | 
|attn_mac_array__GB13 | (PCIN>>17+A'*B')'    | 30     | 18     | -      | -      | 48     | 1    | 1    | -    | -    | -     | 0    | 1    | 
|attn_mac_array__GB19 | A'*B'                | 17     | 18     | -      | -      | 48     | 1    | 1    | -    | -    | -     | 0    | 0    | 
|attn_mac_array__GB19 | (PCIN>>17+A'*B')'    | 30     | 18     | -      | -      | 48     | 1    | 1    | -    | -    | -     | 0    | 1    | 
|attn_mac_array__GB19 | A'*B'                | 17     | 18     | -      | -      | 48     | 1    | 1    | -    | -    | -     | 0    | 0    | 
|attn_mac_array__GB19 | (PCIN>>17+A'*B')'    | 30     | 18     | -      | -      | 48     | 1    | 1    | -    | -    | -     | 0    | 1    | 
|attn_mac_array__GB19 | A'*B'                | 17     | 18     | -      | -      | 48     | 1    | 1    | -    | -    | -     | 0    | 0    | 
|attn_mac_array__GB19 | (PCIN>>17+A'*B')'    | 30     | 18     | -      | -      | 48     | 1    | 1    | -    | -    | -     | 0    | 1    | 
|attn_mac_array__GB19 | A'*B'                | 17     | 18     | -      | -      | 48     | 1    | 1    | -    | -    | -     | 0    | 0    | 
|attn_mac_array__GB19 | (PCIN>>17+A'*B')'    | 30     | 18     | -      | -      | 48     | 1    | 1    | -    | -    | -     | 0    | 1    | 
|attn_twiddle         | A'*B'                | 17     | 17     | -      | -      | 48     | 1    | 1    | -    | -    | -     | 0    | 0    | 
|attn_twiddle         | (PCIN>>17+A*B')'     | 0      | 13     | -      | -      | 48     | 0    | 1    | -    | -    | -     | 0    | 1    | 
|attn_twiddle         | (A''*B')'            | 22     | 18     | -      | -      | 32     | 2    | 1    | -    | -    | -     | 0    | 1    | 
|attn_twiddle         | (A''*B')'            | 22     | 18     | -      | -      | 32     | 2    | 1    | -    | -    | -     | 0    | 1    | 
|attn_rope            | (A'*B')'             | 30     | 18     | -      | -      | 32     | 1    | 1    | -    | -    | -     | 0    | 1    | 
|attn_rope            | (PCIN+RND+(A'*B')')' | 30     | 18     | -      | -      | 34     | 1    | 1    | -    | -    | -     | 1    | 1    | 
|attn_rope            | (A'*B')'             | 30     | 18     | -      | -      | 32     | 1    | 1    | -    | -    | -     | 0    | 1    | 
|attn_rope            | (PCIN-((A'*B')'))'   | 30     | 18     | -      | -      | 34     | 1    | 1    | -    | -    | -     | 1    | 1    | 
|attn_softmax         | (A'*B'')'            | 26     | 13     | -      | -      | 39     | 1    | 2    | -    | -    | -     | 0    | 1    | 
|attn_softmax         | (C+(A'*B')')'        | 26     | 13     | 12     | -      | 38     | 1    | 1    | 1    | -    | -     | 1    | 1    | 
|attn_softmax         | (A'*B'')'            | 26     | 13     | -      | -      | 39     | 1    | 2    | -    | -    | -     | 0    | 1    | 
|attn_softmax         | (C+(A'*B')')'        | 26     | 13     | 12     | -      | 38     | 1    | 1    | 1    | -    | -     | 1    | 1    | 
|attn_softmax         | (A'*B'')'            | 26     | 13     | -      | -      | 39     | 1    | 2    | -    | -    | -     | 0    | 1    | 
|attn_softmax         | (C+(A'*B')')'        | 26     | 13     | 12     | -      | 38     | 1    | 1    | 1    | -    | -     | 1    | 1    | 
|attn_softmax         | (A'*B'')'            | 26     | 13     | -      | -      | 39     | 1    | 2    | -    | -    | -     | 0    | 1    | 
|attn_softmax         | (C+(A'*B')')'        | 26     | 13     | 12     | -      | 38     | 1    | 1    | 1    | -    | -     | 1    | 1    | 
|attn_gate            | A'*B'                | 17     | 16     | -      | -      | 48     | 1    | 1    | -    | -    | -     | 0    | 0    | 
|attn_gate            | (PCIN>>17+A'*B)'     | 30     | 0      | -      | -      | 48     | 1    | 0    | -    | -    | -     | 0    | 1    | 
|attn_gate            | (A'*B'')'            | 24     | 12     | -      | -      | 36     | 1    | 2    | -    | -    | -     | 0    | 1    | 
|attn_gate            | (C+(A''*B)')'        | 30     | 16     | 15     | -      | 41     | 2    | 0    | 0    | -    | -     | 1    | 1    | 
+---------------------+----------------------+--------+--------+--------+--------+--------+------+------+------+------+-------+------+------+


Report BlackBoxes: 
+-+--------------+----------+
| |BlackBox name |Instances |
+-+--------------+----------+
+-+--------------+----------+

Report Cell Usage: 
+------+----------------+-------+
|      |Cell            |Count  |
+------+----------------+-------+
|1     |CARRY8          |   2741|
|2     |DSP_ALU         |    298|
|5     |DSP_A_B_DATA    |    298|
|12    |DSP_C_DATA      |    298|
|14    |DSP_MULTIPLIER  |    298|
|15    |DSP_M_DATA      |    298|
|17    |DSP_OUTPUT      |    298|
|19    |DSP_PREADD      |    298|
|20    |DSP_PREADD_DATA |    298|
|21    |LUT1            |   2235|
|22    |LUT2            |   8916|
|23    |LUT3            |   9154|
|24    |LUT4            |   6512|
|25    |LUT5            |  14184|
|26    |LUT6            |  53977|
|27    |MUXF7           |  16374|
|28    |MUXF8           |   2992|
|29    |RAM32M          |      4|
|30    |RAM32M16        |      5|
|31    |RAM32X1D        |      4|
|32    |RAMB18E2        |     16|
|39    |RAMB36E2        |      3|
|42    |SRL16E          |     29|
|43    |FDRE            | 100538|
|44    |FDSE            |    683|
+------+----------------+-------+
---------------------------------------------------------------------------------
Finished Writing Synthesis Report : Time (s): cpu = 00:12:39 ; elapsed = 00:13:03 . Memory (MB): peak = 5461.680 ; gain = 3069.758 ; free physical = 467 ; free virtual = 41550
---------------------------------------------------------------------------------
Synthesis finished with 0 errors, 0 critical warnings and 93 warnings.
Synthesis Optimization Runtime : Time (s): cpu = 00:11:41 ; elapsed = 00:12:32 . Memory (MB): peak = 5461.680 ; gain = 3005.691 ; free physical = 8553 ; free virtual = 54541
Synthesis Optimization Complete : Time (s): cpu = 00:12:42 ; elapsed = 00:13:15 . Memory (MB): peak = 5461.680 ; gain = 3069.758 ; free physical = 8576 ; free virtual = 54556
INFO: [Project 1-571] Translating synthesized netlist
Netlist sorting complete. Time (s): cpu = 00:00:02 ; elapsed = 00:00:02 . Memory (MB): peak = 5461.680 ; gain = 0.000 ; free physical = 8893 ; free virtual = 54934
INFO: [Netlist 29-17] Analyzing 22418 Unisim elements for replacement
INFO: [Netlist 29-28] Unisim Transformation completed in 3 CPU seconds
INFO: [Project 1-570] Preparing netlist for logic optimization
Parsing XDC File [/home/labuser/probe27b/out/clk_attn9.xdc]
Finished Parsing XDC File [/home/labuser/probe27b/out/clk_attn9.xdc]
INFO: [Opt 31-138] Pushed 0 inverter(s) to 0 load pin(s).
INFO: [Opt 31-422] The CLOCK_DOMAINS attribute on the BRAM cell gen_head[0].u_sm/f_lo_reg has been changed from INDEPENDENT to COMMON to match the clocking topology used for the BRAM.
INFO: [Opt 31-422] The CLOCK_DOMAINS attribute on the BRAM cell gen_head[0].u_sm/x5_hi_reg has been changed from INDEPENDENT to COMMON to match the clocking topology used for the BRAM.
INFO: [Opt 31-422] The CLOCK_DOMAINS attribute on the BRAM cell gen_head[0].u_sm/x5_lo_reg has been changed from INDEPENDENT to COMMON to match the clocking topology used for the BRAM.
INFO: [Opt 31-422] The CLOCK_DOMAINS attribute on the BRAM cell gen_head[1].u_sm/f_lo_reg has been changed from INDEPENDENT to COMMON to match the clocking topology used for the BRAM.
INFO: [Opt 31-422] The CLOCK_DOMAINS attribute on the BRAM cell gen_head[1].u_sm/x5_hi_reg has been changed from INDEPENDENT to COMMON to match the clocking topology used for the BRAM.
INFO: [Opt 31-422] The CLOCK_DOMAINS attribute on the BRAM cell gen_head[1].u_sm/x5_lo_reg has been changed from INDEPENDENT to COMMON to match the clocking topology used for the BRAM.
INFO: [Opt 31-422] The CLOCK_DOMAINS attribute on the BRAM cell gen_head[2].u_sm/f_lo_reg has been changed from INDEPENDENT to COMMON to match the clocking topology used for the BRAM.
INFO: [Opt 31-422] The CLOCK_DOMAINS attribute on the BRAM cell gen_head[2].u_sm/x5_hi_reg has been changed from INDEPENDENT to COMMON to match the clocking topology used for the BRAM.
INFO: [Opt 31-422] The CLOCK_DOMAINS attribute on the BRAM cell gen_head[2].u_sm/x5_lo_reg has been changed from INDEPENDENT to COMMON to match the clocking topology used for the BRAM.
INFO: [Opt 31-422] The CLOCK_DOMAINS attribute on the BRAM cell gen_head[3].u_sm/f_lo_reg has been changed from INDEPENDENT to COMMON to match the clocking topology used for the BRAM.
INFO: [Opt 31-422] The CLOCK_DOMAINS attribute on the BRAM cell gen_head[3].u_sm/x5_hi_reg has been changed from INDEPENDENT to COMMON to match the clocking topology used for the BRAM.
INFO: [Opt 31-422] The CLOCK_DOMAINS attribute on the BRAM cell gen_head[3].u_sm/x5_lo_reg has been changed from INDEPENDENT to COMMON to match the clocking topology used for the BRAM.
INFO: [Opt 31-422] The CLOCK_DOMAINS attribute on the BRAM cell u_gate/s9_h_reg has been changed from INDEPENDENT to COMMON to match the clocking topology used for the BRAM.
INFO: [Opt 31-422] The CLOCK_DOMAINS attribute on the BRAM cell u_gate/s9_l_reg has been changed from INDEPENDENT to COMMON to match the clocking topology used for the BRAM.
INFO: [Opt 31-422] The CLOCK_DOMAINS attribute on the BRAM cell u_tw/s5_shi_reg has been changed from INDEPENDENT to COMMON to match the clocking topology used for the BRAM.
INFO: [Opt 31-422] The CLOCK_DOMAINS attribute on the BRAM cell u_tw/s5_slo_reg has been changed from INDEPENDENT to COMMON to match the clocking topology used for the BRAM.
Netlist sorting complete. Time (s): cpu = 00:00:00.03 ; elapsed = 00:00:00.04 . Memory (MB): peak = 5505.781 ; gain = 0.000 ; free physical = 9032 ; free virtual = 55160
INFO: [Project 1-111] Unisim Transformation Summary:
  A total of 311 instances were transformed.
  DSP48E2 => DSP48E2 (DSP_ALU, DSP_A_B_DATA, DSP_C_DATA, DSP_MULTIPLIER, DSP_M_DATA, DSP_OUTPUT, DSP_PREADD, DSP_PREADD_DATA): 298 instances
  RAM32M => RAM32M (RAMD32(x6), RAMS32(x2)): 4 instances
  RAM32M16 => RAM32M16 (RAMD32(x14), RAMS32(x2)): 5 instances
  RAM32X1D => RAM32X1D (RAMD32(x2)): 4 instances

Synth Design complete | Checksum: bc7bf23f
INFO: [Common 17-83] Releasing license: Synthesis
412 Infos, 114 Warnings, 0 Critical Warnings and 0 Errors encountered.
synth_design completed successfully
synth_design: Time (s): cpu = 00:13:44 ; elapsed = 00:14:19 . Memory (MB): peak = 5505.816 ; gain = 4189.867 ; free physical = 8967 ; free virtual = 55172
INFO: [Common 17-2834] synth_design peak Physical Memory [PSS] (MB): overall = 11216.722; main = 4811.715; forked = 9341.137
INFO: [Common 17-2834] synth_design peak Virtual Memory [VSS] (MB): overall = 22785.219; main = 5505.785; forked = 17327.457
# set tsynth [expr {[clock seconds] - $t0}]
# puts "SCOREHDR_SYNTH_SECONDS tag=$tag $tsynth"
SCOREHDR_SYNTH_SECONDS tag=attn9 859
# proc uget {rpt label} {
#     foreach line [split $rpt "\n"] {
#         if {[string index [string trim $line] 0] ne "|"} continue
#         set f [split $line "|"]
#         if {[llength $f] < 4} continue
#         if {[string trim [lindex $f 1]] eq $label} { return [string trim [lindex $f 2]] }
#     }
#     return "NA"
# }
# proc census {stage tag outdir} {
#     set fh [open [file join $outdir census_${stage}_$tag.txt] w]
#     puts $fh "# HDRCOST census stage=$stage tag=$tag (get_cells -hier by REF_NAME)"
#     set out {}
#     foreach {label pat} {
#         dsp48_exact   {REF_NAME == DSP48E2}
#         dsp_wildcard  {REF_NAME =~ DSP*}
#         uram288       {REF_NAME == URAM288}
#         ramb36        {REF_NAME == RAMB36E2}
#         ramb18        {REF_NAME == RAMB18E2}
#         lutram        {REF_NAME =~ RAM32* || REF_NAME =~ RAM64* || REF_NAME =~ RAM128* || REF_NAME =~ RAM256* || REF_NAME =~ RAM512* || REF_NAME =~ RAMD* || REF_NAME =~ RAMS*}
#         lut_all       {REF_NAME =~ LUT*}
#         lut1          {REF_NAME == LUT1}
#         lut2          {REF_NAME == LUT2}
#         lut3          {REF_NAME == LUT3}
#         lut4          {REF_NAME == LUT4}
#         lut5          {REF_NAME == LUT5}
#         lut6          {REF_NAME == LUT6}
#         ff            {REF_NAME =~ FD*}
#         fdre          {REF_NAME == FDRE}
#         fdse          {REF_NAME == FDSE}
#         fdce          {REF_NAME == FDCE}
#         fdpe          {REF_NAME == FDPE}
#         carry8        {REF_NAME == CARRY8}
#         f7            {REF_NAME == MUXF7}
#         f8            {REF_NAME == MUXF8}
#         f9            {REF_NAME == MUXF9}
#         srl           {REF_NAME =~ SRL*}
#     } {
#         set n [llength [get_cells -hier -quiet -filter $pat]]
#         lappend out "$label=$n"
#         puts $fh "## $label $n"
#     }
#     close $fh
#     puts "SCOREHDR_CENSUS stage=$stage tag=$tag [join $out { }]"
#     return $out
# }
# proc conecensus {stage tag outdir} {
#     set cells [get_cells -hier -quiet -filter {NAME =~ *u_sq*}]
#     array unset byref
#     foreach c $cells {
#         set r [get_property REF_NAME $c]
#         if {![info exists byref($r)]} { set byref($r) 0 }
#         incr byref($r)
#     }
#     set out {}
#     set nlut 0; set nff 0; set ncar 0; set nmux 0
#     foreach r [lsort [array names byref]] {
#         lappend out "$r=$byref($r)"
#         if {[string match "LUT*" $r]}   { incr nlut $byref($r) }
#         if {[string match "FD*" $r]}    { incr nff  $byref($r) }
#         if {$r eq "CARRY8"}             { incr ncar $byref($r) }
#         if {[string match "MUXF*" $r]}  { incr nmux $byref($r) }
#     }
#     puts "SCOREHDR_CONE stage=$stage tag=$tag total=[llength $cells]\
#  lut=$nlut ff=$nff carry8=$ncar muxf=$nmux"
#     puts "SCOREHDR_CONEREF stage=$stage tag=$tag [join $out { }]"
#     set fh [open [file join $outdir cone_${stage}_$tag.txt] w]
#     puts $fh "# cells under *u_sq* by REF_NAME, stage=$stage tag=$tag"
#     foreach r [lsort [array names byref]] { puts $fh "$r $byref($r)" }
#     close $fh
#     # Per-instance, so a claim can be attributed to one of the four rather
#     # than to their sum.
#     set fh [open [file join $outdir cone_byinst_${stage}_$tag.txt] w]
#     array unset byinst
#     foreach c $cells {
#         if {[regexp {(gen_head\[[0-9]+\])} $c -> k]} {
#             if {![info exists byinst($k)]} { set byinst($k) 0 }
#             incr byinst($k)
#         }
#     }
#     foreach k [lsort [array names byinst]] { puts $fh "$k $byinst($k)" }
#     close $fh
# }
# report_utilization -file [file join $outdir synthutil_$tag.rpt]
# set surpt [report_utilization -return_string]
# census synth $tag $outdir
SCOREHDR_CENSUS stage=synth tag=attn9 dsp48_exact=298 dsp_wildcard=2682 uram288=0 ramb36=3 ramb18=16 lutram=133 lut_all=94978 lut1=2235 lut2=8916 lut3=9154 lut4=6512 lut5=14184 lut6=53977 ff=101221 fdre=100538 fdse=683 fdce=0 fdpe=0 carry8=2741 f7=16374 f8=2992 f9=0 srl=29
# conecensus synth $tag $outdir
SCOREHDR_CONE stage=synth tag=attn9 total=5408 lut=3464 ff=1780 carry8=92 muxf=56
SCOREHDR_CONEREF stage=synth tag=attn9 CARRY8=92 FDRE=1652 FDSE=128 GND=8 LUT1=12 LUT2=808 LUT3=296 LUT4=228 LUT5=748 LUT6=1372 MUXF7=56 VCC=4 attn_score_q12=1 attn_score_q12__1=1 attn_score_q12__2=1 attn_score_q12__3=1
# set t1 [clock seconds]
# opt_design
Command: opt_design
Attempting to get a license for feature 'Implementation' and/or device 'xcvu33p'
INFO: [Common 17-349] Got license for feature 'Implementation' and/or device 'xcvu33p'
Running DRC as a precondition to command opt_design

Starting DRC Task
INFO: [DRC 23-27] Running DRC with 8 threads
INFO: [Project 1-461] DRC finished with 0 Errors
INFO: [Project 1-462] Please refer to the DRC report (report_drc) for more information.

Time (s): cpu = 00:00:05 ; elapsed = 00:00:02 . Memory (MB): peak = 5569.812 ; gain = 63.996 ; free physical = 8956 ; free virtual = 55177

Starting Cache Timing Information Task
INFO: [Timing 38-35] Done setting XDC timing constraints.
Ending Cache Timing Information Task | Checksum: 128eb670c

Time (s): cpu = 00:00:41 ; elapsed = 00:00:10 . Memory (MB): peak = 5569.812 ; gain = 0.000 ; free physical = 8837 ; free virtual = 55215

Starting Logic Optimization Task

Phase 1 Initialization

Phase 1.1 Core Generation And Design Setup
Phase 1.1 Core Generation And Design Setup | Checksum: 128eb670c

Time (s): cpu = 00:00:00.04 ; elapsed = 00:00:00.04 . Memory (MB): peak = 5569.812 ; gain = 0.000 ; free physical = 8827 ; free virtual = 55227

Phase 1.2 Setup Constraints And Sort Netlist
Phase 1.2 Setup Constraints And Sort Netlist | Checksum: 128eb670c

Time (s): cpu = 00:00:00.13 ; elapsed = 00:00:00.13 . Memory (MB): peak = 5569.812 ; gain = 0.000 ; free physical = 8827 ; free virtual = 55227
Phase 1 Initialization | Checksum: 128eb670c

Time (s): cpu = 00:00:00.15 ; elapsed = 00:00:00.15 . Memory (MB): peak = 5569.812 ; gain = 0.000 ; free physical = 8827 ; free virtual = 55227

Phase 2 Timer Update And Timing Data Collection

Phase 2.1 Timer Update
Phase 2.1 Timer Update | Checksum: 128eb670c

Time (s): cpu = 00:00:18 ; elapsed = 00:00:05 . Memory (MB): peak = 5569.812 ; gain = 0.000 ; free physical = 8828 ; free virtual = 55230

Phase 2.2 Timing Data Collection
Phase 2.2 Timing Data Collection | Checksum: 128eb670c

Time (s): cpu = 00:00:19 ; elapsed = 00:00:06 . Memory (MB): peak = 5569.812 ; gain = 0.000 ; free physical = 8828 ; free virtual = 55230
Phase 2 Timer Update And Timing Data Collection | Checksum: 128eb670c

Time (s): cpu = 00:00:19 ; elapsed = 00:00:06 . Memory (MB): peak = 5569.812 ; gain = 0.000 ; free physical = 8828 ; free virtual = 55230

Phase 3 Retarget
INFO: [Opt 31-1566] Pulled 1 inverters resulting in an inversion of 3 pins
INFO: [Opt 31-138] Pushed 4 inverter(s) to 8 load pin(s).
INFO: [Opt 31-49] Retargeted 0 cell(s).
Phase 3 Retarget | Checksum: 1bffee79b

Time (s): cpu = 00:00:24 ; elapsed = 00:00:10 . Memory (MB): peak = 5569.812 ; gain = 0.000 ; free physical = 8819 ; free virtual = 55224
Retarget | Checksum: 1bffee79b
INFO: [Opt 31-389] Phase Retarget created 0 cells and removed 5 cells

Phase 4 Constant propagation
INFO: [Opt 31-138] Pushed 0 inverter(s) to 0 load pin(s).
Phase 4 Constant propagation | Checksum: 1b895fbec

Time (s): cpu = 00:00:26 ; elapsed = 00:00:13 . Memory (MB): peak = 5569.812 ; gain = 0.000 ; free physical = 8822 ; free virtual = 55227
Constant propagation | Checksum: 1b895fbec
INFO: [Opt 31-389] Phase Constant propagation created 0 cells and removed 0 cells

Phase 5 Sweep
Phase 5 Sweep | Checksum: 17dbc3b4a

Time (s): cpu = 00:00:34 ; elapsed = 00:00:21 . Memory (MB): peak = 5569.812 ; gain = 0.000 ; free physical = 8819 ; free virtual = 55231
Sweep | Checksum: 17dbc3b4a
INFO: [Opt 31-389] Phase Sweep created 0 cells and removed 0 cells

Phase 6 BUFG optimization
INFO: [Opt 31-1077] Phase BUFG optimization inserted 0 global clock buffer(s) for CLOCK_LOW_FANOUT.
INFO: [Opt 31-129] Inserted BUFG to drive high-fanout reset|set|enable net. BUFG cell: u_arr/acc[1023]_BUFG_inst, Net: u_arr/acc[1023]
Phase 6 BUFG optimization | Checksum: f76c5444

Time (s): cpu = 00:00:36 ; elapsed = 00:00:23 . Memory (MB): peak = 5601.828 ; gain = 32.016 ; free physical = 8818 ; free virtual = 55231
BUFG optimization | Checksum: f76c5444
INFO: [Opt 31-662] Phase BUFG optimization created 1 cells of which 1 are BUFGs and removed 0 cells.

Phase 7 Shift Register Optimization
INFO: [Opt 31-1064] SRL Remap converted 0 SRLs to 0 registers and converted 0 registers of register chains to 0 SRLs
Phase 7 Shift Register Optimization | Checksum: f76c5444

Time (s): cpu = 00:00:37 ; elapsed = 00:00:23 . Memory (MB): peak = 5601.828 ; gain = 32.016 ; free physical = 8818 ; free virtual = 55231
Shift Register Optimization | Checksum: f76c5444
INFO: [Opt 31-389] Phase Shift Register Optimization created 0 cells and removed 0 cells

Phase 8 Post Processing Netlist
Phase 8 Post Processing Netlist | Checksum: f76c5444

Time (s): cpu = 00:00:38 ; elapsed = 00:00:25 . Memory (MB): peak = 5601.828 ; gain = 32.016 ; free physical = 8818 ; free virtual = 55231
Post Processing Netlist | Checksum: f76c5444
INFO: [Opt 31-389] Phase Post Processing Netlist created 0 cells and removed 0 cells

Phase 9 Finalization

Phase 9.1 Finalizing Design Cores and Updating Shapes
Phase 9.1 Finalizing Design Cores and Updating Shapes | Checksum: 11b81afdf

Time (s): cpu = 00:00:44 ; elapsed = 00:00:31 . Memory (MB): peak = 5601.828 ; gain = 32.016 ; free physical = 8814 ; free virtual = 55228

Phase 9.2 Verifying Netlist Connectivity

Starting Connectivity Check Task

Time (s): cpu = 00:00:00.6 ; elapsed = 00:00:00.6 . Memory (MB): peak = 5601.828 ; gain = 0.000 ; free physical = 8814 ; free virtual = 55228
Phase 9.2 Verifying Netlist Connectivity | Checksum: 11b81afdf

Time (s): cpu = 00:00:45 ; elapsed = 00:00:31 . Memory (MB): peak = 5601.828 ; gain = 32.016 ; free physical = 8814 ; free virtual = 55228
Phase 9 Finalization | Checksum: 11b81afdf

Time (s): cpu = 00:00:45 ; elapsed = 00:00:31 . Memory (MB): peak = 5601.828 ; gain = 32.016 ; free physical = 8814 ; free virtual = 55228
Opt_design Change Summary
=========================


-------------------------------------------------------------------------------------------------------------------------
|  Phase                        |  #Cells created  |  #Cells Removed  |  #Constrained objects preventing optimizations  |
-------------------------------------------------------------------------------------------------------------------------
|  Retarget                     |               0  |               5  |                                              0  |
|  Constant propagation         |               0  |               0  |                                              0  |
|  Sweep                        |               0  |               0  |                                              0  |
|  BUFG optimization            |               1  |               0  |                                              0  |
|  Shift Register Optimization  |               0  |               0  |                                              0  |
|  Post Processing Netlist      |               0  |               0  |                                              0  |
-------------------------------------------------------------------------------------------------------------------------


Ending Logic Optimization Task | Checksum: 11b81afdf

Time (s): cpu = 00:00:45 ; elapsed = 00:00:31 . Memory (MB): peak = 5601.828 ; gain = 32.016 ; free physical = 8814 ; free virtual = 55228
INFO: [Constraints 18-11670] Building netlist checker database with flags, 0x8
Done building netlist checker database: Time (s): cpu = 00:00:00.1 ; elapsed = 00:00:00.1 . Memory (MB): peak = 5601.828 ; gain = 0.000 ; free physical = 8815 ; free virtual = 55228

Starting Power Optimization Task
INFO: [Pwropt 34-132] Skipping clock gating for clocks with a period < 2.00 ns.
INFO: [Pwropt 34-9] Applying IDT optimizations ...
INFO: [Pwropt 34-10] Applying ODC optimizations ...
INFO: [Timing 38-35] Done setting XDC timing constraints.
Running Vector-less Activity Propagation...

Finished Running Vector-less Activity Propagation


Starting PowerOpt Patch Enables Task
INFO: [Pwropt 34-162] WRITE_MODE attribute of 0 BRAM(s) out of a total of 19 has been updated to save power. Run report_power_opt to get a complete listing of the BRAMs updated.
INFO: [Pwropt 34-201] Structural ODC has moved 4 WE to EN ports
Number of BRAM Ports augmented: 3 newly gated: 4 Total Ports: 38
Ending PowerOpt Patch Enables Task | Checksum: 17e345fc3

Time (s): cpu = 00:00:01 ; elapsed = 00:00:01 . Memory (MB): peak = 6097.883 ; gain = 0.000 ; free physical = 8964 ; free virtual = 55706
Ending Power Optimization Task | Checksum: 17e345fc3

Time (s): cpu = 00:01:34 ; elapsed = 00:00:26 . Memory (MB): peak = 6097.883 ; gain = 496.055 ; free physical = 8964 ; free virtual = 55706

Starting Final Cleanup Task
Ending Final Cleanup Task | Checksum: 17e345fc3

Time (s): cpu = 00:00:00.01 ; elapsed = 00:00:00.02 . Memory (MB): peak = 6097.883 ; gain = 0.000 ; free physical = 8964 ; free virtual = 55706

Starting Netlist Obfuscation Task
Netlist sorting complete. Time (s): cpu = 00:00:00.41 ; elapsed = 00:00:00.41 . Memory (MB): peak = 6097.883 ; gain = 0.000 ; free physical = 8964 ; free virtual = 55706
Ending Netlist Obfuscation Task | Checksum: 18e171dce

Time (s): cpu = 00:00:00.43 ; elapsed = 00:00:00.43 . Memory (MB): peak = 6097.883 ; gain = 0.000 ; free physical = 8964 ; free virtual = 55706
INFO: [Common 17-83] Releasing license: Implementation
26 Infos, 0 Warnings, 0 Critical Warnings and 0 Errors encountered.
opt_design completed successfully
opt_design: Time (s): cpu = 00:03:09 ; elapsed = 00:01:14 . Memory (MB): peak = 6097.883 ; gain = 592.066 ; free physical = 8964 ; free virtual = 55706
# set topt [expr {[clock seconds] - $t1}]
# puts "SCOREHDR_OPT_SECONDS tag=$tag $topt"
SCOREHDR_OPT_SECONDS tag=attn9 74
# report_utilization -file [file join $outdir optutil_$tag.rpt]
# report_utilization -hierarchical -file [file join $outdir optutil_hier_$tag.rpt]
# set urpt [report_utilization -return_string]
SCOREHDR_CENSUS stage=opt tag=attn9 dsp48_exact=298 dsp_wildcard=2682 uram288=0 ramb36=3 ramb18=16 lutram=133 lut_all=94976 lut1=2230 lut2=8919 lut3=9154 lut4=6512 lut5=14184 lut6=53977 ff=101221 fdre=100538 fdse=683 fdce=0 fdpe=0 carry8=2741 f7=16374 f8=2992 f9=0 srl=29
# set ocens [census opt $tag $outdir]
# conecensus opt $tag $outdir
SCOREHDR_CONE stage=opt tag=attn9 total=5404 lut=3460 ff=1780 carry8=92 muxf=56
SCOREHDR_CONEREF stage=opt tag=attn9 CARRY8=92 FDRE=1652 FDSE=128 GND=8 LUT1=8 LUT2=808 LUT3=296 LUT4=228 LUT5=748 LUT6=1372 MUXF7=56 VCC=4 attn_score_q12=1 attn_score_q12__1=1 attn_score_q12__2=1 attn_score_q12__3=1
# proc vrow {name cval rval} {
#     set verdict [expr {$cval == $rval ? "AGREE" : "DIFFER"}]
#     puts "SCOREHDR_FILTERCHK $name census=$cval report=$rval $verdict"
# }
# set c_ff   [llength [get_cells -hier -quiet -filter {REF_NAME =~ FD*}]]
# set c_dspx [llength [get_cells -hier -quiet -filter {REF_NAME == DSP48E2}]]
# set c_dspw [llength [get_cells -hier -quiet -filter {REF_NAME =~ DSP*}]]
# set c_car  [llength [get_cells -hier -quiet -filter {REF_NAME == CARRY8}]]
# set c_f7   [llength [get_cells -hier -quiet -filter {REF_NAME == MUXF7}]]
# set c_f8   [llength [get_cells -hier -quiet -filter {REF_NAME == MUXF8}]]
# set c_b36  [llength [get_cells -hier -quiet -filter {REF_NAME == RAMB36E2}]]
# vrow "REF_NAME=~FD*"      $c_ff   [uget $urpt "CLB Registers"]
SCOREHDR_FILTERCHK REF_NAME=~FD* census=101221 report=101221 AGREE
# vrow "REF_NAME==DSP48E2"  $c_dspx [uget $urpt "DSPs"]
SCOREHDR_FILTERCHK REF_NAME==DSP48E2 census=298 report=298 AGREE
# vrow "REF_NAME=~DSP*"     $c_dspw [uget $urpt "DSPs"]
SCOREHDR_FILTERCHK REF_NAME=~DSP* census=2682 report=298 DIFFER
# vrow "REF_NAME==CARRY8"   $c_car  [uget $urpt "CARRY8"]
SCOREHDR_FILTERCHK REF_NAME==CARRY8 census=2741 report=2741 AGREE
# vrow "REF_NAME==MUXF7"    $c_f7   [uget $urpt "F7 Muxes"]
SCOREHDR_FILTERCHK REF_NAME==MUXF7 census=16374 report=16374 AGREE
# vrow "REF_NAME==MUXF8"    $c_f8   [uget $urpt "F8 Muxes"]
SCOREHDR_FILTERCHK REF_NAME==MUXF8 census=2992 report=2992 AGREE
# vrow "REF_NAME==RAMB36E2" $c_b36  [uget $urpt "RAMB36/FIFO*"]
SCOREHDR_FILTERCHK REF_NAME==RAMB36E2 census=3 report=3 AGREE
# if {$c_dspx > 0} {
#     puts "SCOREHDR_DSPRATIO tag=$tag wildcard/exact = [format %.4f [expr {double($c_dspw)/$c_dspx}]]"
# } else {
#     puts "SCOREHDR_DSPRATIO tag=$tag exact=0 (no DSP48E2 in this unit; the\
#  wildcard filter cannot be validated here and is not quoted)"
# }
SCOREHDR_DSPRATIO tag=attn9 wildcard/exact = 9.0000
# write_checkpoint -force [file join $outdir post_opt_$tag.dcp]
INFO: [Timing 38-35] Done setting XDC timing constraints.
INFO: [Timing 38-480] Writing timing data to binary archive.
Write ShapeDB Complete: Time (s): cpu = 00:00:01 ; elapsed = 00:00:00.31 . Memory (MB): peak = 6097.883 ; gain = 0.000 ; free physical = 8902 ; free virtual = 55665
INFO: [Common 17-1381] The checkpoint '/home/labuser/probe27b/out/post_opt_attn9.dcp' has been generated.
write_checkpoint: Time (s): cpu = 00:00:56 ; elapsed = 00:00:21 . Memory (MB): peak = 6097.883 ; gain = 0.000 ; free physical = 8830 ; free virtual = 55612
# puts "SCOREHDR_DCP tag=$tag [file join $outdir post_opt_$tag.dcp]"
SCOREHDR_DCP tag=attn9 /home/labuser/probe27b/out/post_opt_attn9.dcp
# puts "SCOREHDR_SRESULT tag=$tag\
#  lut_sites=[uget $urpt {CLB LUTs*}] lut_logic=[uget $urpt {LUT as Logic}]\
#  lut_mem=[uget $urpt {LUT as Memory}] ff=[uget $urpt {CLB Registers}]\
#  carry8=[uget $urpt CARRY8] f7=[uget $urpt {F7 Muxes}] f8=[uget $urpt {F8 Muxes}]\
#  bram=[uget $urpt {Block RAM Tile}] dsp=[uget $urpt DSPs]\
#  synth_s=$tsynth opt_s=$topt"
SCOREHDR_SRESULT tag=attn9 lut_sites=86827 lut_logic=86734 lut_mem=93 ff=101221 carry8=2741 f7=16374 f8=2992 bram=11 dsp=298 synth_s=859 opt_s=74
# set csv [open [file join $outdir synth_$tag.csv] w]
# puts $csv "tag,gen,lut_sites,lut_logic,lut_mem,ff,carry8,f7,f8,bram,dsp,synth_s,opt_s,census"
# puts $csv "$tag,\"$gens\",[uget $urpt {CLB LUTs*}],[uget $urpt {LUT as Logic}],[uget $urpt {LUT as Memory}],[uget $urpt {CLB Registers}],[uget $urpt CARRY8],[uget $urpt {F7 Muxes}],[uget $urpt {F8 Muxes}],[uget $urpt {Block RAM Tile}],[uget $urpt DSPs],$tsynth,$topt,\"[join $ocens { }]\""
# close $csv
# close_project
# puts "SCOREHDR_SDONE $tag"
SCOREHDR_SDONE attn9
INFO: [Common 17-206] Exiting Vivado at Wed Sep 23 13:53:44 2026...
