WARNING: Default location for XILINX_HLS not found

****** Vivado v2023.2 (64-bit)
  **** SW Build 4029153 on Fri Oct 13 20:13:54 MDT 2023
  **** IP Build 4028589 on Sat Oct 14 00:45:43 MDT 2023
  **** SharedData Build 4025554 on Tue Oct 10 17:18:54 MDT 2023
    ** Copyright 1986-2022 Xilinx, Inc. All Rights Reserved.
    ** Copyright 2022-2023 Advanced Micro Devices, Inc. All Rights Reserved.

source /home/orencollaco/GitHub/llama.vhdl/sim/ooc_gdn_block.tcl
# set part   xcvu33p-fsvh2104-2L-e
# set period 5.0
# set pfRoot [file normalize [file join [file dirname [info script]] ..]]
# if {![file exists $pfRoot/rtl/util_pkg.vhd]} {
#     error "pfRoot: derived repo root '$pfRoot' does not contain rtl/util_pkg.vhd. Source this script by its path in the tree."
# }
# set rtldir $pfRoot/rtl
# create_project -in_memory -part $part
create_project: Time (s): cpu = 00:00:06 ; elapsed = 00:00:07 . Memory (MB): peak = 1323.629 ; gain = 0.027 ; free physical = 11616 ; free virtual = 59769
# foreach f [glob $rtldir/*.vhd] { read_vhdl -vhdl2008 $f }
# synth_design -mode out_of_context -top gdn_block -part $part \
#              -generic KEY_HEADS=16 -generic VAL_HEADS=32 -generic DIM=128 \
#              -generic KCONV=4 -generic LAYERS=24 \
#              -generic CONV_LANES=4 -generic RECUR_LANES=4 \
#              -generic RECUR_SLOTS=16 -generic L2_LANES=4 \
#              -generic SILU_LANES=8 -generic RMS_LANES=4
Command: synth_design -mode out_of_context -top gdn_block -part xcvu33p-fsvh2104-2L-e -generic KEY_HEADS=16 -generic VAL_HEADS=32 -generic DIM=128 -generic KCONV=4 -generic LAYERS=24 -generic CONV_LANES=4 -generic RECUR_LANES=4 -generic RECUR_SLOTS=16 -generic L2_LANES=4 -generic SILU_LANES=8 -generic RMS_LANES=4
Starting synth_design
Attempting to get a license for feature 'Synthesis' and/or device 'xcvu33p'
INFO: [Common 17-349] Got license for feature 'Synthesis' and/or device 'xcvu33p'
INFO: [Synth 8-7079] Multithreading enabled for synth_design using a maximum of 4 processes.
INFO: [Synth 8-7078] Launching helper process for spawning children vivado processes
INFO: [Synth 8-7075] Helper process launched with PID 833284
---------------------------------------------------------------------------------
Starting Synthesize : Time (s): cpu = 00:00:04 ; elapsed = 00:00:04 . Memory (MB): peak = 1736.379 ; gain = 402.066 ; free physical = 10883 ; free virtual = 59045
---------------------------------------------------------------------------------
INFO: [Synth 8-638] synthesizing module 'gdn_block' [/home/orencollaco/GitHub/llama.vhdl/rtl/gdn_block.vhd:358]
	Parameter KEY_HEADS bound to: 16 - type: integer 
	Parameter VAL_HEADS bound to: 32 - type: integer 
	Parameter DIM bound to: 128 - type: integer 
	Parameter KCONV bound to: 4 - type: integer 
	Parameter LAYERS bound to: 24 - type: integer 
	Parameter CONV_LANES bound to: 4 - type: integer 
	Parameter RECUR_LANES bound to: 4 - type: integer 
	Parameter RECUR_SLOTS bound to: 16 - type: integer 
	Parameter L2_LANES bound to: 4 - type: integer 
	Parameter SILU_LANES bound to: 8 - type: integer 
	Parameter RMS_LANES bound to: 4 - type: integer 
WARNING: [Synth 8-7186] Applying attribute ram_style = "distributed" is ignored, object 'qbuf[0][0]' is not inferred as ram due to incorrect usage [/home/orencollaco/GitHub/llama.vhdl/rtl/gdn_block.vhd:396]
WARNING: [Synth 8-7186] Applying attribute ram_style = "distributed" is ignored, object 'qbuf[0][1]' is not inferred as ram due to incorrect usage [/home/orencollaco/GitHub/llama.vhdl/rtl/gdn_block.vhd:396]
WARNING: [Synth 8-7186] Applying attribute ram_style = "distributed" is ignored, object 'qbuf[0][2]' is not inferred as ram due to incorrect usage [/home/orencollaco/GitHub/llama.vhdl/rtl/gdn_block.vhd:396]
WARNING: [Synth 8-7186] Applying attribute ram_style = "distributed" is ignored, object 'qbuf[0][3]' is not inferred as ram due to incorrect usage [/home/orencollaco/GitHub/llama.vhdl/rtl/gdn_block.vhd:396]
WARNING: [Synth 8-7186] Applying attribute ram_style = "distributed" is ignored, object 'qbuf[0][4]' is not inferred as ram due to incorrect usage [/home/orencollaco/GitHub/llama.vhdl/rtl/gdn_block.vhd:396]
WARNING: [Synth 8-7186] Applying attribute ram_style = "distributed" is ignored, object 'qbuf[0][5]' is not inferred as ram due to incorrect usage [/home/orencollaco/GitHub/llama.vhdl/rtl/gdn_block.vhd:396]
WARNING: [Synth 8-7186] Applying attribute ram_style = "distributed" is ignored, object 'qbuf[0][6]' is not inferred as ram due to incorrect usage [/home/orencollaco/GitHub/llama.vhdl/rtl/gdn_block.vhd:396]
WARNING: [Synth 8-7186] Applying attribute ram_style = "distributed" is ignored, object 'qbuf[0][7]' is not inferred as ram due to incorrect usage [/home/orencollaco/GitHub/llama.vhdl/rtl/gdn_block.vhd:396]
WARNING: [Synth 8-7186] Applying attribute ram_style = "distributed" is ignored, object 'qbuf[0][8]' is not inferred as ram due to incorrect usage [/home/orencollaco/GitHub/llama.vhdl/rtl/gdn_block.vhd:396]
WARNING: [Synth 8-7186] Applying attribute ram_style = "distributed" is ignored, object 'qbuf[0][9]' is not inferred as ram due to incorrect usage [/home/orencollaco/GitHub/llama.vhdl/rtl/gdn_block.vhd:396]
WARNING: [Synth 8-7186] Applying attribute ram_style = "distributed" is ignored, object 'qbuf[0][10]' is not inferred as ram due to incorrect usage [/home/orencollaco/GitHub/llama.vhdl/rtl/gdn_block.vhd:396]
WARNING: [Synth 8-7186] Applying attribute ram_style = "distributed" is ignored, object 'qbuf[0][11]' is not inferred as ram due to incorrect usage [/home/orencollaco/GitHub/llama.vhdl/rtl/gdn_block.vhd:396]
WARNING: [Synth 8-7186] Applying attribute ram_style = "distributed" is ignored, object 'qbuf[0][12]' is not inferred as ram due to incorrect usage [/home/orencollaco/GitHub/llama.vhdl/rtl/gdn_block.vhd:396]
WARNING: [Synth 8-7186] Applying attribute ram_style = "distributed" is ignored, object 'qbuf[0][13]' is not inferred as ram due to incorrect usage [/home/orencollaco/GitHub/llama.vhdl/rtl/gdn_block.vhd:396]
WARNING: [Synth 8-7186] Applying attribute ram_style = "distributed" is ignored, object 'qbuf[0][14]' is not inferred as ram due to incorrect usage [/home/orencollaco/GitHub/llama.vhdl/rtl/gdn_block.vhd:396]
WARNING: [Synth 8-7186] Applying attribute ram_style = "distributed" is ignored, object 'qbuf[0][15]' is not inferred as ram due to incorrect usage [/home/orencollaco/GitHub/llama.vhdl/rtl/gdn_block.vhd:396]
WARNING: [Synth 8-7186] Applying attribute ram_style = "distributed" is ignored, object 'qbuf[1][0]' is not inferred as ram due to incorrect usage [/home/orencollaco/GitHub/llama.vhdl/rtl/gdn_block.vhd:396]
WARNING: [Synth 8-7186] Applying attribute ram_style = "distributed" is ignored, object 'qbuf[1][1]' is not inferred as ram due to incorrect usage [/home/orencollaco/GitHub/llama.vhdl/rtl/gdn_block.vhd:396]
WARNING: [Synth 8-7186] Applying attribute ram_style = "distributed" is ignored, object 'qbuf[1][2]' is not inferred as ram due to incorrect usage [/home/orencollaco/GitHub/llama.vhdl/rtl/gdn_block.vhd:396]
WARNING: [Synth 8-7186] Applying attribute ram_style = "distributed" is ignored, object 'qbuf[1][3]' is not inferred as ram due to incorrect usage [/home/orencollaco/GitHub/llama.vhdl/rtl/gdn_block.vhd:396]
WARNING: [Synth 8-7186] Applying attribute ram_style = "distributed" is ignored, object 'qbuf[1][4]' is not inferred as ram due to incorrect usage [/home/orencollaco/GitHub/llama.vhdl/rtl/gdn_block.vhd:396]
WARNING: [Synth 8-7186] Applying attribute ram_style = "distributed" is ignored, object 'qbuf[1][5]' is not inferred as ram due to incorrect usage [/home/orencollaco/GitHub/llama.vhdl/rtl/gdn_block.vhd:396]
WARNING: [Synth 8-7186] Applying attribute ram_style = "distributed" is ignored, object 'qbuf[1][6]' is not inferred as ram due to incorrect usage [/home/orencollaco/GitHub/llama.vhdl/rtl/gdn_block.vhd:396]
WARNING: [Synth 8-7186] Applying attribute ram_style = "distributed" is ignored, object 'qbuf[1][7]' is not inferred as ram due to incorrect usage [/home/orencollaco/GitHub/llama.vhdl/rtl/gdn_block.vhd:396]
WARNING: [Synth 8-7186] Applying attribute ram_style = "distributed" is ignored, object 'qbuf[1][8]' is not inferred as ram due to incorrect usage [/home/orencollaco/GitHub/llama.vhdl/rtl/gdn_block.vhd:396]
WARNING: [Synth 8-7186] Applying attribute ram_style = "distributed" is ignored, object 'qbuf[1][9]' is not inferred as ram due to incorrect usage [/home/orencollaco/GitHub/llama.vhdl/rtl/gdn_block.vhd:396]
WARNING: [Synth 8-7186] Applying attribute ram_style = "distributed" is ignored, object 'qbuf[1][10]' is not inferred as ram due to incorrect usage [/home/orencollaco/GitHub/llama.vhdl/rtl/gdn_block.vhd:396]
WARNING: [Synth 8-7186] Applying attribute ram_style = "distributed" is ignored, object 'qbuf[1][11]' is not inferred as ram due to incorrect usage [/home/orencollaco/GitHub/llama.vhdl/rtl/gdn_block.vhd:396]
WARNING: [Synth 8-7186] Applying attribute ram_style = "distributed" is ignored, object 'qbuf[1][12]' is not inferred as ram due to incorrect usage [/home/orencollaco/GitHub/llama.vhdl/rtl/gdn_block.vhd:396]
WARNING: [Synth 8-7186] Applying attribute ram_style = "distributed" is ignored, object 'qbuf[1][13]' is not inferred as ram due to incorrect usage [/home/orencollaco/GitHub/llama.vhdl/rtl/gdn_block.vhd:396]
WARNING: [Synth 8-7186] Applying attribute ram_style = "distributed" is ignored, object 'qbuf[1][14]' is not inferred as ram due to incorrect usage [/home/orencollaco/GitHub/llama.vhdl/rtl/gdn_block.vhd:396]
WARNING: [Synth 8-7186] Applying attribute ram_style = "distributed" is ignored, object 'qbuf[1][15]' is not inferred as ram due to incorrect usage [/home/orencollaco/GitHub/llama.vhdl/rtl/gdn_block.vhd:396]
WARNING: [Synth 8-7186] Applying attribute ram_style = "distributed" is ignored, object 'qbuf[2][0]' is not inferred as ram due to incorrect usage [/home/orencollaco/GitHub/llama.vhdl/rtl/gdn_block.vhd:396]
WARNING: [Synth 8-7186] Applying attribute ram_style = "distributed" is ignored, object 'qbuf[2][1]' is not inferred as ram due to incorrect usage [/home/orencollaco/GitHub/llama.vhdl/rtl/gdn_block.vhd:396]
WARNING: [Synth 8-7186] Applying attribute ram_style = "distributed" is ignored, object 'qbuf[2][2]' is not inferred as ram due to incorrect usage [/home/orencollaco/GitHub/llama.vhdl/rtl/gdn_block.vhd:396]
WARNING: [Synth 8-7186] Applying attribute ram_style = "distributed" is ignored, object 'qbuf[2][3]' is not inferred as ram due to incorrect usage [/home/orencollaco/GitHub/llama.vhdl/rtl/gdn_block.vhd:396]
WARNING: [Synth 8-7186] Applying attribute ram_style = "distributed" is ignored, object 'qbuf[2][4]' is not inferred as ram due to incorrect usage [/home/orencollaco/GitHub/llama.vhdl/rtl/gdn_block.vhd:396]
WARNING: [Synth 8-7186] Applying attribute ram_style = "distributed" is ignored, object 'qbuf[2][5]' is not inferred as ram due to incorrect usage [/home/orencollaco/GitHub/llama.vhdl/rtl/gdn_block.vhd:396]
WARNING: [Synth 8-7186] Applying attribute ram_style = "distributed" is ignored, object 'qbuf[2][6]' is not inferred as ram due to incorrect usage [/home/orencollaco/GitHub/llama.vhdl/rtl/gdn_block.vhd:396]
WARNING: [Synth 8-7186] Applying attribute ram_style = "distributed" is ignored, object 'qbuf[2][7]' is not inferred as ram due to incorrect usage [/home/orencollaco/GitHub/llama.vhdl/rtl/gdn_block.vhd:396]
WARNING: [Synth 8-7186] Applying attribute ram_style = "distributed" is ignored, object 'qbuf[2][8]' is not inferred as ram due to incorrect usage [/home/orencollaco/GitHub/llama.vhdl/rtl/gdn_block.vhd:396]
WARNING: [Synth 8-7186] Applying attribute ram_style = "distributed" is ignored, object 'qbuf[2][9]' is not inferred as ram due to incorrect usage [/home/orencollaco/GitHub/llama.vhdl/rtl/gdn_block.vhd:396]
WARNING: [Synth 8-7186] Applying attribute ram_style = "distributed" is ignored, object 'qbuf[2][10]' is not inferred as ram due to incorrect usage [/home/orencollaco/GitHub/llama.vhdl/rtl/gdn_block.vhd:396]
WARNING: [Synth 8-7186] Applying attribute ram_style = "distributed" is ignored, object 'qbuf[2][11]' is not inferred as ram due to incorrect usage [/home/orencollaco/GitHub/llama.vhdl/rtl/gdn_block.vhd:396]
WARNING: [Synth 8-7186] Applying attribute ram_style = "distributed" is ignored, object 'qbuf[2][12]' is not inferred as ram due to incorrect usage [/home/orencollaco/GitHub/llama.vhdl/rtl/gdn_block.vhd:396]
WARNING: [Synth 8-7186] Applying attribute ram_style = "distributed" is ignored, object 'qbuf[2][13]' is not inferred as ram due to incorrect usage [/home/orencollaco/GitHub/llama.vhdl/rtl/gdn_block.vhd:396]
WARNING: [Synth 8-7186] Applying attribute ram_style = "distributed" is ignored, object 'qbuf[2][14]' is not inferred as ram due to incorrect usage [/home/orencollaco/GitHub/llama.vhdl/rtl/gdn_block.vhd:396]
WARNING: [Synth 8-7186] Applying attribute ram_style = "distributed" is ignored, object 'qbuf[2][15]' is not inferred as ram due to incorrect usage [/home/orencollaco/GitHub/llama.vhdl/rtl/gdn_block.vhd:396]
WARNING: [Synth 8-7186] Applying attribute ram_style = "distributed" is ignored, object 'qbuf[3][0]' is not inferred as ram due to incorrect usage [/home/orencollaco/GitHub/llama.vhdl/rtl/gdn_block.vhd:396]
WARNING: [Synth 8-7186] Applying attribute ram_style = "distributed" is ignored, object 'qbuf[3][1]' is not inferred as ram due to incorrect usage [/home/orencollaco/GitHub/llama.vhdl/rtl/gdn_block.vhd:396]
WARNING: [Synth 8-7186] Applying attribute ram_style = "distributed" is ignored, object 'qbuf[3][2]' is not inferred as ram due to incorrect usage [/home/orencollaco/GitHub/llama.vhdl/rtl/gdn_block.vhd:396]
WARNING: [Synth 8-7186] Applying attribute ram_style = "distributed" is ignored, object 'qbuf[3][3]' is not inferred as ram due to incorrect usage [/home/orencollaco/GitHub/llama.vhdl/rtl/gdn_block.vhd:396]
WARNING: [Synth 8-7186] Applying attribute ram_style = "distributed" is ignored, object 'qbuf[3][4]' is not inferred as ram due to incorrect usage [/home/orencollaco/GitHub/llama.vhdl/rtl/gdn_block.vhd:396]
WARNING: [Synth 8-7186] Applying attribute ram_style = "distributed" is ignored, object 'qbuf[3][5]' is not inferred as ram due to incorrect usage [/home/orencollaco/GitHub/llama.vhdl/rtl/gdn_block.vhd:396]
WARNING: [Synth 8-7186] Applying attribute ram_style = "distributed" is ignored, object 'qbuf[3][6]' is not inferred as ram due to incorrect usage [/home/orencollaco/GitHub/llama.vhdl/rtl/gdn_block.vhd:396]
WARNING: [Synth 8-7186] Applying attribute ram_style = "distributed" is ignored, object 'qbuf[3][7]' is not inferred as ram due to incorrect usage [/home/orencollaco/GitHub/llama.vhdl/rtl/gdn_block.vhd:396]
WARNING: [Synth 8-7186] Applying attribute ram_style = "distributed" is ignored, object 'qbuf[3][8]' is not inferred as ram due to incorrect usage [/home/orencollaco/GitHub/llama.vhdl/rtl/gdn_block.vhd:396]
WARNING: [Synth 8-7186] Applying attribute ram_style = "distributed" is ignored, object 'qbuf[3][9]' is not inferred as ram due to incorrect usage [/home/orencollaco/GitHub/llama.vhdl/rtl/gdn_block.vhd:396]
WARNING: [Synth 8-7186] Applying attribute ram_style = "distributed" is ignored, object 'qbuf[3][10]' is not inferred as ram due to incorrect usage [/home/orencollaco/GitHub/llama.vhdl/rtl/gdn_block.vhd:396]
WARNING: [Synth 8-7186] Applying attribute ram_style = "distributed" is ignored, object 'qbuf[3][11]' is not inferred as ram due to incorrect usage [/home/orencollaco/GitHub/llama.vhdl/rtl/gdn_block.vhd:396]
WARNING: [Synth 8-7186] Applying attribute ram_style = "distributed" is ignored, object 'qbuf[3][12]' is not inferred as ram due to incorrect usage [/home/orencollaco/GitHub/llama.vhdl/rtl/gdn_block.vhd:396]
WARNING: [Synth 8-7186] Applying attribute ram_style = "distributed" is ignored, object 'qbuf[3][13]' is not inferred as ram due to incorrect usage [/home/orencollaco/GitHub/llama.vhdl/rtl/gdn_block.vhd:396]
WARNING: [Synth 8-7186] Applying attribute ram_style = "distributed" is ignored, object 'qbuf[3][14]' is not inferred as ram due to incorrect usage [/home/orencollaco/GitHub/llama.vhdl/rtl/gdn_block.vhd:396]
WARNING: [Synth 8-7186] Applying attribute ram_style = "distributed" is ignored, object 'qbuf[3][15]' is not inferred as ram due to incorrect usage [/home/orencollaco/GitHub/llama.vhdl/rtl/gdn_block.vhd:396]
WARNING: [Synth 8-7186] Applying attribute ram_style = "distributed" is ignored, object 'qbuf[4][0]' is not inferred as ram due to incorrect usage [/home/orencollaco/GitHub/llama.vhdl/rtl/gdn_block.vhd:396]
WARNING: [Synth 8-7186] Applying attribute ram_style = "distributed" is ignored, object 'qbuf[4][1]' is not inferred as ram due to incorrect usage [/home/orencollaco/GitHub/llama.vhdl/rtl/gdn_block.vhd:396]
WARNING: [Synth 8-7186] Applying attribute ram_style = "distributed" is ignored, object 'qbuf[4][2]' is not inferred as ram due to incorrect usage [/home/orencollaco/GitHub/llama.vhdl/rtl/gdn_block.vhd:396]
WARNING: [Synth 8-7186] Applying attribute ram_style = "distributed" is ignored, object 'qbuf[4][3]' is not inferred as ram due to incorrect usage [/home/orencollaco/GitHub/llama.vhdl/rtl/gdn_block.vhd:396]
WARNING: [Synth 8-7186] Applying attribute ram_style = "distributed" is ignored, object 'qbuf[4][4]' is not inferred as ram due to incorrect usage [/home/orencollaco/GitHub/llama.vhdl/rtl/gdn_block.vhd:396]
WARNING: [Synth 8-7186] Applying attribute ram_style = "distributed" is ignored, object 'qbuf[4][5]' is not inferred as ram due to incorrect usage [/home/orencollaco/GitHub/llama.vhdl/rtl/gdn_block.vhd:396]
WARNING: [Synth 8-7186] Applying attribute ram_style = "distributed" is ignored, object 'qbuf[4][6]' is not inferred as ram due to incorrect usage [/home/orencollaco/GitHub/llama.vhdl/rtl/gdn_block.vhd:396]
WARNING: [Synth 8-7186] Applying attribute ram_style = "distributed" is ignored, object 'qbuf[4][7]' is not inferred as ram due to incorrect usage [/home/orencollaco/GitHub/llama.vhdl/rtl/gdn_block.vhd:396]
WARNING: [Synth 8-7186] Applying attribute ram_style = "distributed" is ignored, object 'qbuf[4][8]' is not inferred as ram due to incorrect usage [/home/orencollaco/GitHub/llama.vhdl/rtl/gdn_block.vhd:396]
WARNING: [Synth 8-7186] Applying attribute ram_style = "distributed" is ignored, object 'qbuf[4][9]' is not inferred as ram due to incorrect usage [/home/orencollaco/GitHub/llama.vhdl/rtl/gdn_block.vhd:396]
WARNING: [Synth 8-7186] Applying attribute ram_style = "distributed" is ignored, object 'qbuf[4][10]' is not inferred as ram due to incorrect usage [/home/orencollaco/GitHub/llama.vhdl/rtl/gdn_block.vhd:396]
WARNING: [Synth 8-7186] Applying attribute ram_style = "distributed" is ignored, object 'qbuf[4][11]' is not inferred as ram due to incorrect usage [/home/orencollaco/GitHub/llama.vhdl/rtl/gdn_block.vhd:396]
WARNING: [Synth 8-7186] Applying attribute ram_style = "distributed" is ignored, object 'qbuf[4][12]' is not inferred as ram due to incorrect usage [/home/orencollaco/GitHub/llama.vhdl/rtl/gdn_block.vhd:396]
WARNING: [Synth 8-7186] Applying attribute ram_style = "distributed" is ignored, object 'qbuf[4][13]' is not inferred as ram due to incorrect usage [/home/orencollaco/GitHub/llama.vhdl/rtl/gdn_block.vhd:396]
WARNING: [Synth 8-7186] Applying attribute ram_style = "distributed" is ignored, object 'qbuf[4][14]' is not inferred as ram due to incorrect usage [/home/orencollaco/GitHub/llama.vhdl/rtl/gdn_block.vhd:396]
WARNING: [Synth 8-7186] Applying attribute ram_style = "distributed" is ignored, object 'qbuf[4][15]' is not inferred as ram due to incorrect usage [/home/orencollaco/GitHub/llama.vhdl/rtl/gdn_block.vhd:396]
WARNING: [Synth 8-7186] Applying attribute ram_style = "distributed" is ignored, object 'qbuf[5][0]' is not inferred as ram due to incorrect usage [/home/orencollaco/GitHub/llama.vhdl/rtl/gdn_block.vhd:396]
WARNING: [Synth 8-7186] Applying attribute ram_style = "distributed" is ignored, object 'qbuf[5][1]' is not inferred as ram due to incorrect usage [/home/orencollaco/GitHub/llama.vhdl/rtl/gdn_block.vhd:396]
WARNING: [Synth 8-7186] Applying attribute ram_style = "distributed" is ignored, object 'qbuf[5][2]' is not inferred as ram due to incorrect usage [/home/orencollaco/GitHub/llama.vhdl/rtl/gdn_block.vhd:396]
WARNING: [Synth 8-7186] Applying attribute ram_style = "distributed" is ignored, object 'qbuf[5][3]' is not inferred as ram due to incorrect usage [/home/orencollaco/GitHub/llama.vhdl/rtl/gdn_block.vhd:396]
WARNING: [Synth 8-7186] Applying attribute ram_style = "distributed" is ignored, object 'qbuf[5][4]' is not inferred as ram due to incorrect usage [/home/orencollaco/GitHub/llama.vhdl/rtl/gdn_block.vhd:396]
WARNING: [Synth 8-7186] Applying attribute ram_style = "distributed" is ignored, object 'qbuf[5][5]' is not inferred as ram due to incorrect usage [/home/orencollaco/GitHub/llama.vhdl/rtl/gdn_block.vhd:396]
WARNING: [Synth 8-7186] Applying attribute ram_style = "distributed" is ignored, object 'qbuf[5][6]' is not inferred as ram due to incorrect usage [/home/orencollaco/GitHub/llama.vhdl/rtl/gdn_block.vhd:396]
WARNING: [Synth 8-7186] Applying attribute ram_style = "distributed" is ignored, object 'qbuf[5][7]' is not inferred as ram due to incorrect usage [/home/orencollaco/GitHub/llama.vhdl/rtl/gdn_block.vhd:396]
WARNING: [Synth 8-7186] Applying attribute ram_style = "distributed" is ignored, object 'qbuf[5][8]' is not inferred as ram due to incorrect usage [/home/orencollaco/GitHub/llama.vhdl/rtl/gdn_block.vhd:396]
WARNING: [Synth 8-7186] Applying attribute ram_style = "distributed" is ignored, object 'qbuf[5][9]' is not inferred as ram due to incorrect usage [/home/orencollaco/GitHub/llama.vhdl/rtl/gdn_block.vhd:396]
WARNING: [Synth 8-7186] Applying attribute ram_style = "distributed" is ignored, object 'qbuf[5][10]' is not inferred as ram due to incorrect usage [/home/orencollaco/GitHub/llama.vhdl/rtl/gdn_block.vhd:396]
WARNING: [Synth 8-7186] Applying attribute ram_style = "distributed" is ignored, object 'qbuf[5][11]' is not inferred as ram due to incorrect usage [/home/orencollaco/GitHub/llama.vhdl/rtl/gdn_block.vhd:396]
WARNING: [Synth 8-7186] Applying attribute ram_style = "distributed" is ignored, object 'qbuf[5][12]' is not inferred as ram due to incorrect usage [/home/orencollaco/GitHub/llama.vhdl/rtl/gdn_block.vhd:396]
WARNING: [Synth 8-7186] Applying attribute ram_style = "distributed" is ignored, object 'qbuf[5][13]' is not inferred as ram due to incorrect usage [/home/orencollaco/GitHub/llama.vhdl/rtl/gdn_block.vhd:396]
WARNING: [Synth 8-7186] Applying attribute ram_style = "distributed" is ignored, object 'qbuf[5][14]' is not inferred as ram due to incorrect usage [/home/orencollaco/GitHub/llama.vhdl/rtl/gdn_block.vhd:396]
WARNING: [Synth 8-7186] Applying attribute ram_style = "distributed" is ignored, object 'qbuf[5][15]' is not inferred as ram due to incorrect usage [/home/orencollaco/GitHub/llama.vhdl/rtl/gdn_block.vhd:396]
WARNING: [Synth 8-7186] Applying attribute ram_style = "distributed" is ignored, object 'qbuf[6][0]' is not inferred as ram due to incorrect usage [/home/orencollaco/GitHub/llama.vhdl/rtl/gdn_block.vhd:396]
WARNING: [Synth 8-7186] Applying attribute ram_style = "distributed" is ignored, object 'qbuf[6][1]' is not inferred as ram due to incorrect usage [/home/orencollaco/GitHub/llama.vhdl/rtl/gdn_block.vhd:396]
WARNING: [Synth 8-7186] Applying attribute ram_style = "distributed" is ignored, object 'qbuf[6][2]' is not inferred as ram due to incorrect usage [/home/orencollaco/GitHub/llama.vhdl/rtl/gdn_block.vhd:396]
WARNING: [Synth 8-7186] Applying attribute ram_style = "distributed" is ignored, object 'qbuf[6][3]' is not inferred as ram due to incorrect usage [/home/orencollaco/GitHub/llama.vhdl/rtl/gdn_block.vhd:396]
INFO: [Common 17-14] Message 'Synth 8-7186' appears 100 times and further instances of the messages will be disabled. Use the Tcl command set_msg_config to change the current settings.
INFO: [Synth 8-638] synthesizing module 'gdn_exp_capture' [/home/orencollaco/GitHub/llama.vhdl/rtl/gdn_exp_capture.vhd:87]
	Parameter LAYERS bound to: 24 - type: integer 
	Parameter SEGS bound to: 3 - type: integer 
	Parameter K bound to: 4 - type: integer 
INFO: [Synth 8-256] done synthesizing module 'gdn_exp_capture' (0#1) [/home/orencollaco/GitHub/llama.vhdl/rtl/gdn_exp_capture.vhd:87]
INFO: [Synth 8-638] synthesizing module 'gdn_conv' [/home/orencollaco/GitHub/llama.vhdl/rtl/gdn_conv.vhd:101]
	Parameter CH_MAX bound to: 4096 - type: integer 
	Parameter K bound to: 4 - type: integer 
	Parameter LANES bound to: 4 - type: integer 
INFO: [Synth 8-256] done synthesizing module 'gdn_conv' (0#1) [/home/orencollaco/GitHub/llama.vhdl/rtl/gdn_conv.vhd:101]
INFO: [Synth 8-638] synthesizing module 'gdn_silu' [/home/orencollaco/GitHub/llama.vhdl/rtl/gdn_silu.vhd:69]
	Parameter LANES bound to: 4 - type: integer 
	Parameter ARG_Q bound to: 12 - type: integer 
INFO: [Synth 8-256] done synthesizing module 'gdn_silu' (0#1) [/home/orencollaco/GitHub/llama.vhdl/rtl/gdn_silu.vhd:69]
INFO: [Synth 8-638] synthesizing module 'l2norm_rs' [/home/orencollaco/GitHub/llama.vhdl/rtl/l2norm_rs.vhd:110]
	Parameter N bound to: 128 - type: integer 
	Parameter LANES bound to: 4 - type: integer 
INFO: [Synth 8-256] done synthesizing module 'l2norm_rs' (0#1) [/home/orencollaco/GitHub/llama.vhdl/rtl/l2norm_rs.vhd:110]
INFO: [Synth 8-638] synthesizing module 'gdn_scalar' [/home/orencollaco/GitHub/llama.vhdl/rtl/gdn_scalar.vhd:97]
	Parameter SP_Q bound to: 18 - type: integer 
WARNING: [Synth 8-7193] Integer conversion function is truncating input [/home/orencollaco/GitHub/llama.vhdl/rtl/gdn_scalar.vhd:295]
INFO: [Synth 8-256] done synthesizing module 'gdn_scalar' (0#1) [/home/orencollaco/GitHub/llama.vhdl/rtl/gdn_scalar.vhd:97]
INFO: [Synth 8-638] synthesizing module 'gdn_recur_pipe' [/home/orencollaco/GitHub/llama.vhdl/rtl/gdn_recur_pipe.vhd:122]
	Parameter DIM bound to: 128 - type: integer 
	Parameter LANES bound to: 4 - type: integer 
	Parameter SLOTS bound to: 16 - type: integer 
INFO: [Synth 8-256] done synthesizing module 'gdn_recur_pipe' (0#1) [/home/orencollaco/GitHub/llama.vhdl/rtl/gdn_recur_pipe.vhd:122]
INFO: [Synth 8-638] synthesizing module 'gdn_emit_chain' [/home/orencollaco/GitHub/llama.vhdl/rtl/gdn_emit_chain.vhd:194]
	Parameter HEADS bound to: 32 - type: integer 
	Parameter DIM bound to: 128 - type: integer 
	Parameter SILU_LANES bound to: 8 - type: integer 
	Parameter RMS_LANES bound to: 4 - type: integer 
	Parameter Q bound to: 12 - type: integer 
	Parameter EPS bound to: 0.000001 - type: double 
	Parameter STRICT_PRODUCER bound to: 1 - type: bool 
WARNING: [Synth 8-614] signal 'rst' is read in the process but is not in the sensitivity list [/home/orencollaco/GitHub/llama.vhdl/rtl/gdn_emit_chain.vhd:275]
INFO: [Synth 8-638] synthesizing module 'gdn_head_emit' [/home/orencollaco/GitHub/llama.vhdl/rtl/gdn_head_emit.vhd:151]
	Parameter DIM bound to: 128 - type: integer 
INFO: [Synth 8-256] done synthesizing module 'gdn_head_emit' (0#1) [/home/orencollaco/GitHub/llama.vhdl/rtl/gdn_head_emit.vhd:151]
INFO: [Synth 8-638] synthesizing module 'rmsnorm_bf' [/home/orencollaco/GitHub/llama.vhdl/rtl/rmsnorm_bf.vhd:163]
	Parameter N bound to: 128 - type: integer 
	Parameter LANES bound to: 4 - type: integer 
	Parameter Q bound to: 12 - type: integer 
	Parameter EPS bound to: 0.000001 - type: double 
INFO: [Synth 8-256] done synthesizing module 'rmsnorm_bf' (0#1) [/home/orencollaco/GitHub/llama.vhdl/rtl/rmsnorm_bf.vhd:163]
INFO: [Synth 8-638] synthesizing module 'gdn_silu__parameterized0' [/home/orencollaco/GitHub/llama.vhdl/rtl/gdn_silu.vhd:69]
	Parameter LANES bound to: 8 - type: integer 
	Parameter ARG_Q bound to: 12 - type: integer 
INFO: [Synth 8-256] done synthesizing module 'gdn_silu__parameterized0' (0#1) [/home/orencollaco/GitHub/llama.vhdl/rtl/gdn_silu.vhd:69]
INFO: [Synth 8-638] synthesizing module 'gdn_y_emit' [/home/orencollaco/GitHub/llama.vhdl/rtl/gdn_y_emit.vhd:119]
	Parameter HEADS bound to: 32 - type: integer 
	Parameter DIM bound to: 128 - type: integer 
INFO: [Synth 8-256] done synthesizing module 'gdn_y_emit' (0#1) [/home/orencollaco/GitHub/llama.vhdl/rtl/gdn_y_emit.vhd:119]
INFO: [Synth 8-256] done synthesizing module 'gdn_emit_chain' (0#1) [/home/orencollaco/GitHub/llama.vhdl/rtl/gdn_emit_chain.vhd:194]
INFO: [Synth 8-256] done synthesizing module 'gdn_block' (0#1) [/home/orencollaco/GitHub/llama.vhdl/rtl/gdn_block.vhd:358]
WARNING: [Synth 8-6014] Unused sequential element idx3_reg was removed.  [/home/orencollaco/GitHub/llama.vhdl/rtl/gdn_conv.vhd:277]
WARNING: [Synth 8-6014] Unused sequential element amax_reg was removed.  [/home/orencollaco/GitHub/llama.vhdl/rtl/gdn_conv.vhd:370]
WARNING: [Synth 8-6014] Unused sequential element v6_reg was removed.  [/home/orencollaco/GitHub/llama.vhdl/rtl/gdn_silu.vhd:218]
WARNING: [Synth 8-6014] Unused sequential element eseg_r_reg was removed.  [/home/orencollaco/GitHub/llama.vhdl/rtl/gdn_silu.vhd:248]
WARNING: [Synth 8-6014] Unused sequential element rl3_reg[0] was removed.  [/home/orencollaco/GitHub/llama.vhdl/rtl/gdn_silu.vhd:334]
WARNING: [Synth 8-6014] Unused sequential element rl3_reg[1] was removed.  [/home/orencollaco/GitHub/llama.vhdl/rtl/gdn_silu.vhd:334]
WARNING: [Synth 8-6014] Unused sequential element rl3_reg[2] was removed.  [/home/orencollaco/GitHub/llama.vhdl/rtl/gdn_silu.vhd:334]
WARNING: [Synth 8-6014] Unused sequential element rl3_reg[3] was removed.  [/home/orencollaco/GitHub/llama.vhdl/rtl/gdn_silu.vhd:334]
WARNING: [Synth 8-6014] Unused sequential element sm5_reg[0] was removed.  [/home/orencollaco/GitHub/llama.vhdl/rtl/gdn_silu.vhd:350]
WARNING: [Synth 8-6014] Unused sequential element sm5_reg[1] was removed.  [/home/orencollaco/GitHub/llama.vhdl/rtl/gdn_silu.vhd:350]
WARNING: [Synth 8-6014] Unused sequential element sm5_reg[2] was removed.  [/home/orencollaco/GitHub/llama.vhdl/rtl/gdn_silu.vhd:350]
WARNING: [Synth 8-6014] Unused sequential element sm5_reg[3] was removed.  [/home/orencollaco/GitHub/llama.vhdl/rtl/gdn_silu.vhd:350]
WARNING: [Synth 8-6014] Unused sequential element a_ctx_reg[0][e_u] was removed.  [/home/orencollaco/GitHub/llama.vhdl/rtl/gdn_recur_pipe.vhd:416]
WARNING: [Synth 8-6014] Unused sequential element a_ctx_reg[0][d_m] was removed.  [/home/orencollaco/GitHub/llama.vhdl/rtl/gdn_recur_pipe.vhd:416]
WARNING: [Synth 8-6014] Unused sequential element a_ctx_reg[0][su] was removed.  [/home/orencollaco/GitHub/llama.vhdl/rtl/gdn_recur_pipe.vhd:416]
WARNING: [Synth 8-6014] Unused sequential element a_ctx_reg[0][sk2] was removed.  [/home/orencollaco/GitHub/llama.vhdl/rtl/gdn_recur_pipe.vhd:416]
WARNING: [Synth 8-6014] Unused sequential element a_ctx_reg[0][shq] was removed.  [/home/orencollaco/GitHub/llama.vhdl/rtl/gdn_recur_pipe.vhd:416]
WARNING: [Synth 8-6014] Unused sequential element a_ctx_reg[0][bias] was removed.  [/home/orencollaco/GitHub/llama.vhdl/rtl/gdn_recur_pipe.vhd:416]
WARNING: [Synth 8-6014] Unused sequential element a_ctx_reg[1][e_u] was removed.  [/home/orencollaco/GitHub/llama.vhdl/rtl/gdn_recur_pipe.vhd:416]
WARNING: [Synth 8-6014] Unused sequential element a_ctx_reg[1][d_m] was removed.  [/home/orencollaco/GitHub/llama.vhdl/rtl/gdn_recur_pipe.vhd:416]
WARNING: [Synth 8-6014] Unused sequential element a_ctx_reg[1][su] was removed.  [/home/orencollaco/GitHub/llama.vhdl/rtl/gdn_recur_pipe.vhd:416]
WARNING: [Synth 8-6014] Unused sequential element a_ctx_reg[1][sk2] was removed.  [/home/orencollaco/GitHub/llama.vhdl/rtl/gdn_recur_pipe.vhd:416]
WARNING: [Synth 8-6014] Unused sequential element a_ctx_reg[1][shq] was removed.  [/home/orencollaco/GitHub/llama.vhdl/rtl/gdn_recur_pipe.vhd:416]
WARNING: [Synth 8-6014] Unused sequential element a_ctx_reg[1][bias] was removed.  [/home/orencollaco/GitHub/llama.vhdl/rtl/gdn_recur_pipe.vhd:416]
WARNING: [Synth 8-6014] Unused sequential element a_ctx_reg[2][e_u] was removed.  [/home/orencollaco/GitHub/llama.vhdl/rtl/gdn_recur_pipe.vhd:416]
WARNING: [Synth 8-6014] Unused sequential element a_ctx_reg[2][d_m] was removed.  [/home/orencollaco/GitHub/llama.vhdl/rtl/gdn_recur_pipe.vhd:416]
WARNING: [Synth 8-6014] Unused sequential element a_ctx_reg[2][su] was removed.  [/home/orencollaco/GitHub/llama.vhdl/rtl/gdn_recur_pipe.vhd:416]
WARNING: [Synth 8-6014] Unused sequential element a_ctx_reg[2][sk2] was removed.  [/home/orencollaco/GitHub/llama.vhdl/rtl/gdn_recur_pipe.vhd:416]
WARNING: [Synth 8-6014] Unused sequential element a_ctx_reg[2][shq] was removed.  [/home/orencollaco/GitHub/llama.vhdl/rtl/gdn_recur_pipe.vhd:416]
WARNING: [Synth 8-6014] Unused sequential element a_ctx_reg[2][bias] was removed.  [/home/orencollaco/GitHub/llama.vhdl/rtl/gdn_recur_pipe.vhd:416]
WARNING: [Synth 8-6014] Unused sequential element a_ctx_reg[3][e_u] was removed.  [/home/orencollaco/GitHub/llama.vhdl/rtl/gdn_recur_pipe.vhd:416]
WARNING: [Synth 8-6014] Unused sequential element a_ctx_reg[3][d_m] was removed.  [/home/orencollaco/GitHub/llama.vhdl/rtl/gdn_recur_pipe.vhd:416]
WARNING: [Synth 8-6014] Unused sequential element a_ctx_reg[3][su] was removed.  [/home/orencollaco/GitHub/llama.vhdl/rtl/gdn_recur_pipe.vhd:416]
WARNING: [Synth 8-6014] Unused sequential element a_ctx_reg[3][sk2] was removed.  [/home/orencollaco/GitHub/llama.vhdl/rtl/gdn_recur_pipe.vhd:416]
WARNING: [Synth 8-6014] Unused sequential element a_ctx_reg[3][shq] was removed.  [/home/orencollaco/GitHub/llama.vhdl/rtl/gdn_recur_pipe.vhd:416]
WARNING: [Synth 8-6014] Unused sequential element a_ctx_reg[3][bias] was removed.  [/home/orencollaco/GitHub/llama.vhdl/rtl/gdn_recur_pipe.vhd:416]
WARNING: [Synth 8-6014] Unused sequential element a_ctx_reg[4][v] was removed.  [/home/orencollaco/GitHub/llama.vhdl/rtl/gdn_recur_pipe.vhd:416]
WARNING: [Synth 8-6014] Unused sequential element a_ctx_reg[4][tk0] was removed.  [/home/orencollaco/GitHub/llama.vhdl/rtl/gdn_recur_pipe.vhd:416]
WARNING: [Synth 8-6014] Unused sequential element a_ctx_reg[4][hsel] was removed.  [/home/orencollaco/GitHub/llama.vhdl/rtl/gdn_recur_pipe.vhd:416]
WARNING: [Synth 8-6014] Unused sequential element a_ctx_reg[4][eg0] was removed.  [/home/orencollaco/GitHub/llama.vhdl/rtl/gdn_recur_pipe.vhd:416]
WARNING: [Synth 8-6014] Unused sequential element a_ctx_reg[4][se_j] was removed.  [/home/orencollaco/GitHub/llama.vhdl/rtl/gdn_recur_pipe.vhd:416]
WARNING: [Synth 8-6014] Unused sequential element a_ctx_reg[4][e_v] was removed.  [/home/orencollaco/GitHub/llama.vhdl/rtl/gdn_recur_pipe.vhd:416]
WARNING: [Synth 8-6014] Unused sequential element a_ctx_reg[4][v_j] was removed.  [/home/orencollaco/GitHub/llama.vhdl/rtl/gdn_recur_pipe.vhd:416]
WARNING: [Synth 8-6014] Unused sequential element a_ctx_reg[4][e_u] was removed.  [/home/orencollaco/GitHub/llama.vhdl/rtl/gdn_recur_pipe.vhd:416]
WARNING: [Synth 8-6014] Unused sequential element a_ctx_reg[4][d_m] was removed.  [/home/orencollaco/GitHub/llama.vhdl/rtl/gdn_recur_pipe.vhd:416]
WARNING: [Synth 8-6014] Unused sequential element a_ctx_reg[4][su] was removed.  [/home/orencollaco/GitHub/llama.vhdl/rtl/gdn_recur_pipe.vhd:416]
WARNING: [Synth 8-6014] Unused sequential element a_ctx_reg[4][sk2] was removed.  [/home/orencollaco/GitHub/llama.vhdl/rtl/gdn_recur_pipe.vhd:416]
WARNING: [Synth 8-6014] Unused sequential element a_ctx_reg[4][shq] was removed.  [/home/orencollaco/GitHub/llama.vhdl/rtl/gdn_recur_pipe.vhd:416]
WARNING: [Synth 8-6014] Unused sequential element a_ctx_reg[4][bias] was removed.  [/home/orencollaco/GitHub/llama.vhdl/rtl/gdn_recur_pipe.vhd:416]
WARNING: [Synth 8-6014] Unused sequential element a_ctx_reg[4][slot] was removed.  [/home/orencollaco/GitHub/llama.vhdl/rtl/gdn_recur_pipe.vhd:416]
WARNING: [Synth 8-6014] Unused sequential element a_ctx_reg[4][grp] was removed.  [/home/orencollaco/GitHub/llama.vhdl/rtl/gdn_recur_pipe.vhd:416]
WARNING: [Synth 8-6014] Unused sequential element b_ctx_reg[0][eg0] was removed.  [/home/orencollaco/GitHub/llama.vhdl/rtl/gdn_recur_pipe.vhd:416]
WARNING: [Synth 8-6014] Unused sequential element b_ctx_reg[0][se_j] was removed.  [/home/orencollaco/GitHub/llama.vhdl/rtl/gdn_recur_pipe.vhd:416]
WARNING: [Synth 8-6014] Unused sequential element b_ctx_reg[0][e_v] was removed.  [/home/orencollaco/GitHub/llama.vhdl/rtl/gdn_recur_pipe.vhd:416]
WARNING: [Synth 8-6014] Unused sequential element b_ctx_reg[0][v_j] was removed.  [/home/orencollaco/GitHub/llama.vhdl/rtl/gdn_recur_pipe.vhd:416]
WARNING: [Synth 8-6014] Unused sequential element b_ctx_reg[0][shq] was removed.  [/home/orencollaco/GitHub/llama.vhdl/rtl/gdn_recur_pipe.vhd:416]
WARNING: [Synth 8-6014] Unused sequential element b_ctx_reg[0][bias] was removed.  [/home/orencollaco/GitHub/llama.vhdl/rtl/gdn_recur_pipe.vhd:416]
WARNING: [Synth 8-6014] Unused sequential element b_ctx_reg[1][eg0] was removed.  [/home/orencollaco/GitHub/llama.vhdl/rtl/gdn_recur_pipe.vhd:416]
WARNING: [Synth 8-6014] Unused sequential element b_ctx_reg[1][se_j] was removed.  [/home/orencollaco/GitHub/llama.vhdl/rtl/gdn_recur_pipe.vhd:416]
WARNING: [Synth 8-6014] Unused sequential element b_ctx_reg[1][e_v] was removed.  [/home/orencollaco/GitHub/llama.vhdl/rtl/gdn_recur_pipe.vhd:416]
WARNING: [Synth 8-6014] Unused sequential element b_ctx_reg[1][v_j] was removed.  [/home/orencollaco/GitHub/llama.vhdl/rtl/gdn_recur_pipe.vhd:416]
WARNING: [Synth 8-6014] Unused sequential element b_ctx_reg[1][d_m] was removed.  [/home/orencollaco/GitHub/llama.vhdl/rtl/gdn_recur_pipe.vhd:416]
WARNING: [Synth 8-6014] Unused sequential element b_ctx_reg[1][shq] was removed.  [/home/orencollaco/GitHub/llama.vhdl/rtl/gdn_recur_pipe.vhd:416]
WARNING: [Synth 8-6014] Unused sequential element b_ctx_reg[1][bias] was removed.  [/home/orencollaco/GitHub/llama.vhdl/rtl/gdn_recur_pipe.vhd:416]
WARNING: [Synth 8-6014] Unused sequential element b_ctx_reg[2][tk0] was removed.  [/home/orencollaco/GitHub/llama.vhdl/rtl/gdn_recur_pipe.vhd:416]
WARNING: [Synth 8-6014] Unused sequential element b_ctx_reg[2][eg0] was removed.  [/home/orencollaco/GitHub/llama.vhdl/rtl/gdn_recur_pipe.vhd:416]
WARNING: [Synth 8-6014] Unused sequential element b_ctx_reg[2][se_j] was removed.  [/home/orencollaco/GitHub/llama.vhdl/rtl/gdn_recur_pipe.vhd:416]
WARNING: [Synth 8-6014] Unused sequential element b_ctx_reg[2][e_v] was removed.  [/home/orencollaco/GitHub/llama.vhdl/rtl/gdn_recur_pipe.vhd:416]
WARNING: [Synth 8-6014] Unused sequential element b_ctx_reg[2][v_j] was removed.  [/home/orencollaco/GitHub/llama.vhdl/rtl/gdn_recur_pipe.vhd:416]
WARNING: [Synth 8-6014] Unused sequential element b_ctx_reg[2][d_m] was removed.  [/home/orencollaco/GitHub/llama.vhdl/rtl/gdn_recur_pipe.vhd:416]
WARNING: [Synth 8-6014] Unused sequential element b_ctx_reg[2][su] was removed.  [/home/orencollaco/GitHub/llama.vhdl/rtl/gdn_recur_pipe.vhd:416]
WARNING: [Synth 8-6014] Unused sequential element b_ctx_reg[2][sk2] was removed.  [/home/orencollaco/GitHub/llama.vhdl/rtl/gdn_recur_pipe.vhd:416]
WARNING: [Synth 8-6014] Unused sequential element b_ctx_reg[2][shq] was removed.  [/home/orencollaco/GitHub/llama.vhdl/rtl/gdn_recur_pipe.vhd:416]
WARNING: [Synth 8-6014] Unused sequential element b_ctx_reg[2][bias] was removed.  [/home/orencollaco/GitHub/llama.vhdl/rtl/gdn_recur_pipe.vhd:416]
WARNING: [Synth 8-6014] Unused sequential element b_ctx_reg[3][tk0] was removed.  [/home/orencollaco/GitHub/llama.vhdl/rtl/gdn_recur_pipe.vhd:416]
WARNING: [Synth 8-6014] Unused sequential element b_ctx_reg[3][eg0] was removed.  [/home/orencollaco/GitHub/llama.vhdl/rtl/gdn_recur_pipe.vhd:416]
WARNING: [Synth 8-6014] Unused sequential element b_ctx_reg[3][se_j] was removed.  [/home/orencollaco/GitHub/llama.vhdl/rtl/gdn_recur_pipe.vhd:416]
WARNING: [Synth 8-6014] Unused sequential element b_ctx_reg[3][e_v] was removed.  [/home/orencollaco/GitHub/llama.vhdl/rtl/gdn_recur_pipe.vhd:416]
WARNING: [Synth 8-6014] Unused sequential element b_ctx_reg[3][v_j] was removed.  [/home/orencollaco/GitHub/llama.vhdl/rtl/gdn_recur_pipe.vhd:416]
WARNING: [Synth 8-6014] Unused sequential element b_ctx_reg[3][d_m] was removed.  [/home/orencollaco/GitHub/llama.vhdl/rtl/gdn_recur_pipe.vhd:416]
WARNING: [Synth 8-6014] Unused sequential element b_ctx_reg[3][su] was removed.  [/home/orencollaco/GitHub/llama.vhdl/rtl/gdn_recur_pipe.vhd:416]
WARNING: [Synth 8-6014] Unused sequential element b_ctx_reg[3][sk2] was removed.  [/home/orencollaco/GitHub/llama.vhdl/rtl/gdn_recur_pipe.vhd:416]
WARNING: [Synth 8-6014] Unused sequential element b_ctx_reg[3][shq] was removed.  [/home/orencollaco/GitHub/llama.vhdl/rtl/gdn_recur_pipe.vhd:416]
WARNING: [Synth 8-6014] Unused sequential element b_ctx_reg[3][bias] was removed.  [/home/orencollaco/GitHub/llama.vhdl/rtl/gdn_recur_pipe.vhd:416]
WARNING: [Synth 8-6014] Unused sequential element b_ctx_reg[4][tk0] was removed.  [/home/orencollaco/GitHub/llama.vhdl/rtl/gdn_recur_pipe.vhd:416]
WARNING: [Synth 8-6014] Unused sequential element b_ctx_reg[4][eg0] was removed.  [/home/orencollaco/GitHub/llama.vhdl/rtl/gdn_recur_pipe.vhd:416]
WARNING: [Synth 8-6014] Unused sequential element b_ctx_reg[4][se_j] was removed.  [/home/orencollaco/GitHub/llama.vhdl/rtl/gdn_recur_pipe.vhd:416]
WARNING: [Synth 8-6014] Unused sequential element b_ctx_reg[4][e_v] was removed.  [/home/orencollaco/GitHub/llama.vhdl/rtl/gdn_recur_pipe.vhd:416]
WARNING: [Synth 8-6014] Unused sequential element b_ctx_reg[4][v_j] was removed.  [/home/orencollaco/GitHub/llama.vhdl/rtl/gdn_recur_pipe.vhd:416]
WARNING: [Synth 8-6014] Unused sequential element b_ctx_reg[4][d_m] was removed.  [/home/orencollaco/GitHub/llama.vhdl/rtl/gdn_recur_pipe.vhd:416]
WARNING: [Synth 8-6014] Unused sequential element b_ctx_reg[4][su] was removed.  [/home/orencollaco/GitHub/llama.vhdl/rtl/gdn_recur_pipe.vhd:416]
WARNING: [Synth 8-6014] Unused sequential element b_ctx_reg[4][sk2] was removed.  [/home/orencollaco/GitHub/llama.vhdl/rtl/gdn_recur_pipe.vhd:416]
WARNING: [Synth 8-6014] Unused sequential element b_ctx_reg[4][shq] was removed.  [/home/orencollaco/GitHub/llama.vhdl/rtl/gdn_recur_pipe.vhd:416]
WARNING: [Synth 8-6014] Unused sequential element b_ctx_reg[4][bias] was removed.  [/home/orencollaco/GitHub/llama.vhdl/rtl/gdn_recur_pipe.vhd:416]
WARNING: [Synth 8-6014] Unused sequential element c_ctx_reg[0][tk0] was removed.  [/home/orencollaco/GitHub/llama.vhdl/rtl/gdn_recur_pipe.vhd:417]
WARNING: [Synth 8-6014] Unused sequential element c_ctx_reg[0][hsel] was removed.  [/home/orencollaco/GitHub/llama.vhdl/rtl/gdn_recur_pipe.vhd:417]
WARNING: [Synth 8-6014] Unused sequential element c_ctx_reg[0][eg0] was removed.  [/home/orencollaco/GitHub/llama.vhdl/rtl/gdn_recur_pipe.vhd:417]
WARNING: [Synth 8-6014] Unused sequential element c_ctx_reg[0][se_j] was removed.  [/home/orencollaco/GitHub/llama.vhdl/rtl/gdn_recur_pipe.vhd:417]
WARNING: [Synth 8-6014] Unused sequential element c_ctx_reg[0][e_v] was removed.  [/home/orencollaco/GitHub/llama.vhdl/rtl/gdn_recur_pipe.vhd:417]
WARNING: [Synth 8-6014] Unused sequential element c_ctx_reg[0][v_j] was removed.  [/home/orencollaco/GitHub/llama.vhdl/rtl/gdn_recur_pipe.vhd:417]
INFO: [Common 17-14] Message 'Synth 8-6014' appears 100 times and further instances of the messages will be disabled. Use the Tcl command set_msg_config to change the current settings.
---------------------------------------------------------------------------------
Finished Synthesize : Time (s): cpu = 00:00:12 ; elapsed = 00:00:13 . Memory (MB): peak = 2121.223 ; gain = 786.910 ; free physical = 10426 ; free virtual = 58597
---------------------------------------------------------------------------------
---------------------------------------------------------------------------------
Finished Constraint Validation : Time (s): cpu = 00:00:14 ; elapsed = 00:00:15 . Memory (MB): peak = 2121.223 ; gain = 786.910 ; free physical = 10432 ; free virtual = 58603
---------------------------------------------------------------------------------
INFO: [Synth 8-802] inferred FSM for state register 'state_reg' in module 'gdn_y_emit'
INFO: [Synth 8-802] inferred FSM for state register 'state_reg' in module 'gdn_emit_chain'
---------------------------------------------------------------------------------------------------
                   State |                     New Encoding |                Previous Encoding 
---------------------------------------------------------------------------------------------------
                  s_idle |                             0001 |                               00
                s_cap_rd |                             0010 |                               01
                s_cap_wr |                             0100 |                               10
                    s_rd |                             1000 |                               11
---------------------------------------------------------------------------------------------------
INFO: [Synth 8-3354] encoded FSM with state register 'state_reg' using encoding 'one-hot' in module 'gdn_exp_capture'
INFO: [Synth 8-6904] The RAM "gdn_exp_capture:/mem_reg" of size (depth=72 x width=32) is automatically implemented using LUTRAM. BRAM implementation would be inefficient 
INFO: [Synth 8-6794] RAM ("gdn_conv:/acc_mem_reg") will be automatically implemented using URAM. 
INFO: [Synth 8-6794] RAM ("gdn_conv:/acc_mem_reg") will be automatically implemented using URAM. 
INFO: [Synth 8-5780] Default cascade height of 1 will be used for URAM '"gdn_conv:/acc_mem_reg"'.
INFO: [Synth 8-6904] The RAM "gdn_recur_pipe:/betabuf_reg" of size (depth=2 x width=16) is automatically implemented using LUTRAM. BRAM implementation would be inefficient 
INFO: [Synth 8-6904] The RAM "gdn_recur_pipe:/egbuf_reg" of size (depth=2 x width=16) is automatically implemented using LUTRAM. BRAM implementation would be inefficient 
INFO: [Synth 8-6904] The RAM "gdn_recur_pipe:/kbuf_reg" of size (depth=2 x width=2048) is automatically implemented using LUTRAM. BRAM implementation would be inefficient 
INFO: [Synth 8-6794] RAM ("gdn_recur_pipe:/u_mem_reg") will be automatically implemented using URAM. 
INFO: [Synth 8-6794] RAM ("gdn_recur_pipe:/u_mem_reg") will be automatically implemented using URAM. 
INFO: [Synth 8-5780] Default cascade height of 1 will be used for URAM '"gdn_recur_pipe:/u_mem_reg"'.
INFO: [Synth 8-6904] The RAM "gdn_recur_pipe:/qbuf_reg" of size (depth=2 x width=2048) is automatically implemented using LUTRAM. BRAM implementation would be inefficient 
INFO: [Synth 8-6904] The RAM "gdn_head_emit:/e_h_b_reg" of size (depth=2 x width=8) is automatically implemented using LUTRAM. BRAM implementation would be inefficient 
---------------------------------------------------------------------------------------------------
                   State |                     New Encoding |                Previous Encoding 
---------------------------------------------------------------------------------------------------
                  s_idle |                               00 |                               00
                  s_amax |                               01 |                               01
                  s_emit |                               10 |                               10
                  s_done |                               11 |                               11
---------------------------------------------------------------------------------------------------
INFO: [Synth 8-3354] encoded FSM with state register 'state_reg' using encoding 'sequential' in module 'gdn_head_emit'
INFO: [Synth 8-6904] The RAM "gdn_y_emit:/e_y_b_reg" of size (depth=2 x width=8) is automatically implemented using LUTRAM. BRAM implementation would be inefficient 
INFO: [Synth 8-6904] The RAM "gdn_y_emit:/ep_reg" of size (depth=64 x width=8) is automatically implemented using LUTRAM. BRAM implementation would be inefficient 
INFO: [Synth 8-5555] Implemented Block Ram Cascade chain of height 4 and width 18 for RAM "gdn_y_emit:/mem_reg"
INFO: [Synth 8-5555] Implemented Block Ram Cascade chain of height 2 and width 9 for RAM "gdn_y_emit:/mem_reg"
INFO: [Synth 8-7030] Implemented Non-Cascaded Block Ram (cascade_height = 1) of width 4 for RAM "gdn_y_emit:/mem_reg"
INFO: [Synth 8-7030] Implemented Non-Cascaded Block Ram (cascade_height = 1) of width 1 for RAM "gdn_y_emit:/mem_reg"
---------------------------------------------------------------------------------------------------
                   State |                     New Encoding |                Previous Encoding 
---------------------------------------------------------------------------------------------------
                  s_idle |                               00 |                               00
                  s_amax |                               01 |                               01
                  s_emit |                               10 |                               10
                  s_done |                               11 |                               11
---------------------------------------------------------------------------------------------------
INFO: [Synth 8-3354] encoded FSM with state register 'state_reg' using encoding 'sequential' in module 'gdn_y_emit'
---------------------------------------------------------------------------------------------------
                   State |                     New Encoding |                Previous Encoding 
---------------------------------------------------------------------------------------------------
                  s_idle |                              000 |                              000
                  s_gate |                              001 |                              001
                   s_rms |                              010 |                              010
                   s_ser |                              011 |                              011
               s_waitblk |                              100 |                              100
---------------------------------------------------------------------------------------------------
INFO: [Synth 8-3354] encoded FSM with state register 'state_reg' using encoding 'sequential' in module 'gdn_emit_chain'
INFO: [Synth 8-6904] The RAM "gdn_block/eg_b_reg" of size (depth=32 x width=16) is automatically implemented using LUTRAM. BRAM implementation would be inefficient 
INFO: [Synth 8-6904] The RAM "gdn_block/beta_b_reg" of size (depth=32 x width=16) is automatically implemented using LUTRAM. BRAM implementation would be inefficient 
---------------------------------------------------------------------------------
Finished RTL Optimization Phase 2 : Time (s): cpu = 00:00:37 ; elapsed = 00:00:34 . Memory (MB): peak = 3135.637 ; gain = 1801.324 ; free physical = 6680 ; free virtual = 53571
---------------------------------------------------------------------------------
No constraint files found.
---------------------------------------------------------------------------------
Start RTL Component Statistics 
---------------------------------------------------------------------------------
Detailed RTL Component Info : 
+---Adders : 
	   2 Input   68 Bit       Adders := 1     
	   2 Input   66 Bit       Adders := 1     
	   2 Input   65 Bit       Adders := 4     
	   2 Input   64 Bit       Adders := 42    
	   5 Input   64 Bit       Adders := 2     
	   3 Input   64 Bit       Adders := 13    
	   2 Input   52 Bit       Adders := 6     
	   3 Input   52 Bit       Adders := 2     
	   2 Input   42 Bit       Adders := 16    
	   2 Input   40 Bit       Adders := 2     
	   2 Input   35 Bit       Adders := 14    
	   2 Input   34 Bit       Adders := 10    
	   4 Input   34 Bit       Adders := 4     
	   2 Input   32 Bit       Adders := 25    
	   3 Input   32 Bit       Adders := 6     
	   4 Input   32 Bit       Adders := 1     
	   2 Input   31 Bit       Adders := 15    
	   3 Input   31 Bit       Adders := 12    
	   3 Input   18 Bit       Adders := 2     
	   2 Input   17 Bit       Adders := 12    
	   2 Input   16 Bit       Adders := 1     
	   3 Input   16 Bit       Adders := 5     
	   4 Input   16 Bit       Adders := 1     
	   2 Input   13 Bit       Adders := 8     
	   2 Input   11 Bit       Adders := 3     
	   2 Input   10 Bit       Adders := 6     
	   3 Input   10 Bit       Adders := 4     
	   3 Input    8 Bit       Adders := 4     
	   2 Input    8 Bit       Adders := 5     
	   2 Input    7 Bit       Adders := 17    
	   2 Input    6 Bit       Adders := 19    
	   2 Input    5 Bit       Adders := 13    
	   2 Input    3 Bit       Adders := 4     
	   2 Input    2 Bit       Adders := 1     
+---Registers : 
	             2048 Bit    Registers := 6     
	              193 Bit    Registers := 1     
	              140 Bit    Registers := 1     
	              136 Bit    Registers := 1     
	              128 Bit    Registers := 2     
	               76 Bit    Registers := 1     
	               68 Bit    Registers := 2     
	               66 Bit    Registers := 5     
	               64 Bit    Registers := 129   
	               63 Bit    Registers := 11    
	               52 Bit    Registers := 4     
	               48 Bit    Registers := 9     
	               42 Bit    Registers := 27    
	               40 Bit    Registers := 6     
	               35 Bit    Registers := 57    
	               34 Bit    Registers := 22    
	               32 Bit    Registers := 90    
	               31 Bit    Registers := 1     
	               19 Bit    Registers := 8     
	               18 Bit    Registers := 22    
	               17 Bit    Registers := 9     
	               16 Bit    Registers := 191   
	               15 Bit    Registers := 8     
	               14 Bit    Registers := 4     
	               13 Bit    Registers := 24    
	               12 Bit    Registers := 12    
	               11 Bit    Registers := 6     
	               10 Bit    Registers := 7     
	                9 Bit    Registers := 36    
	                8 Bit    Registers := 58    
	                7 Bit    Registers := 9     
	                6 Bit    Registers := 93    
	                5 Bit    Registers := 33    
	                4 Bit    Registers := 34    
	                3 Bit    Registers := 88    
	                2 Bit    Registers := 42    
	                1 Bit    Registers := 242   
+---Multipliers : 
	              16x52  Multipliers := 1     
	              32x34  Multipliers := 1     
	              32x32  Multipliers := 3     
	              31x32  Multipliers := 2     
	              16x32  Multipliers := 12    
+---RAMs : 
	             256K Bit	(8192 X 32 bit)          RAMs := 1     
	             136K Bit	(1024 X 136 bit)          RAMs := 1     
	              70K Bit	(512 X 140 bit)          RAMs := 1     
	              38K Bit	(512 X 76 bit)          RAMs := 1     
	              12K Bit	(256 X 48 bit)          RAMs := 1     
	               4K Bit	(2 X 2048 bit)          RAMs := 2     
	               2K Bit	(72 X 32 bit)          RAMs := 1     
	              512 Bit	(64 X 8 bit)          RAMs := 1     
	              512 Bit	(32 X 16 bit)          RAMs := 2     
	               32 Bit	(2 X 16 bit)          RAMs := 2     
	               16 Bit	(2 X 8 bit)          RAMs := 2     
+---ROMs : 
	                    ROMs := 12    
+---Muxes : 
	   2 Input 2048 Bit        Muxes := 14    
	  23 Input 2048 Bit        Muxes := 1     
	   4 Input 2048 Bit        Muxes := 1     
	   2 Input   68 Bit        Muxes := 6     
	   3 Input   68 Bit        Muxes := 1     
	   4 Input   66 Bit        Muxes := 1     
	   2 Input   64 Bit        Muxes := 134   
	  23 Input   64 Bit        Muxes := 1     
	  12 Input   64 Bit        Muxes := 1     
	  23 Input   63 Bit        Muxes := 1     
	   2 Input   63 Bit        Muxes := 7     
	   2 Input   52 Bit        Muxes := 20    
	   3 Input   52 Bit        Muxes := 6     
	  16 Input   52 Bit        Muxes := 1     
	   2 Input   42 Bit        Muxes := 9     
	   2 Input   40 Bit        Muxes := 2     
	   4 Input   40 Bit        Muxes := 1     
	   2 Input   35 Bit        Muxes := 12    
	   3 Input   35 Bit        Muxes := 1     
	   2 Input   34 Bit        Muxes := 5     
	  10 Input   34 Bit        Muxes := 4     
	   4 Input   34 Bit        Muxes := 3     
	  42 Input   32 Bit        Muxes := 1     
	  35 Input   32 Bit        Muxes := 2     
	   2 Input   32 Bit        Muxes := 88    
	  63 Input   32 Bit        Muxes := 4     
	   4 Input   32 Bit        Muxes := 14    
	   3 Input   32 Bit        Muxes := 12    
	  32 Input   32 Bit        Muxes := 1     
	  40 Input   32 Bit        Muxes := 1     
	  34 Input   32 Bit        Muxes := 1     
	  12 Input   32 Bit        Muxes := 1     
	   2 Input   31 Bit        Muxes := 4     
	   2 Input   23 Bit        Muxes := 1     
	   2 Input   19 Bit        Muxes := 1     
	   2 Input   18 Bit        Muxes := 26    
	   3 Input   18 Bit        Muxes := 12    
	   2 Input   17 Bit        Muxes := 2     
	  32 Input   16 Bit        Muxes := 8     
	   2 Input   16 Bit        Muxes := 45    
	  16 Input   16 Bit        Muxes := 1     
	   2 Input   14 Bit        Muxes := 1     
	   2 Input   13 Bit        Muxes := 16    
	   4 Input   13 Bit        Muxes := 3     
	   4 Input   12 Bit        Muxes := 12    
	   2 Input   12 Bit        Muxes := 5     
	  10 Input   11 Bit        Muxes := 4     
	   2 Input   11 Bit        Muxes := 6     
	  21 Input   11 Bit        Muxes := 1     
	   2 Input   10 Bit        Muxes := 2     
	  21 Input   10 Bit        Muxes := 1     
	   2 Input    8 Bit        Muxes := 9     
	   5 Input    8 Bit        Muxes := 1     
	   4 Input    8 Bit        Muxes := 1     
	  21 Input    8 Bit        Muxes := 1     
	   2 Input    7 Bit        Muxes := 2     
	   3 Input    6 Bit        Muxes := 1     
	   2 Input    6 Bit        Muxes := 43    
	  23 Input    6 Bit        Muxes := 5     
	  12 Input    6 Bit        Muxes := 3     
	  21 Input    6 Bit        Muxes := 1     
	   2 Input    5 Bit        Muxes := 9     
	  23 Input    5 Bit        Muxes := 1     
	   5 Input    5 Bit        Muxes := 2     
	  12 Input    5 Bit        Muxes := 1     
	  21 Input    5 Bit        Muxes := 2     
	   2 Input    4 Bit        Muxes := 7     
	   4 Input    4 Bit        Muxes := 1     
	   3 Input    4 Bit        Muxes := 2     
	  23 Input    3 Bit        Muxes := 1     
	   2 Input    3 Bit        Muxes := 166   
	   4 Input    3 Bit        Muxes := 74    
	   5 Input    3 Bit        Muxes := 2     
	  10 Input    3 Bit        Muxes := 1     
	   2 Input    2 Bit        Muxes := 6     
	   4 Input    2 Bit        Muxes := 18    
	   3 Input    2 Bit        Muxes := 12    
	  16 Input    2 Bit        Muxes := 1     
	  17 Input    2 Bit        Muxes := 1     
	  13 Input    2 Bit        Muxes := 1     
	  21 Input    2 Bit        Muxes := 1     
	   2 Input    1 Bit        Muxes := 312   
	  23 Input    1 Bit        Muxes := 48    
	   7 Input    1 Bit        Muxes := 4     
	   4 Input    1 Bit        Muxes := 129   
	   5 Input    1 Bit        Muxes := 16    
	  10 Input    1 Bit        Muxes := 27    
	  21 Input    1 Bit        Muxes := 25    
	  16 Input    1 Bit        Muxes := 17    
	  17 Input    1 Bit        Muxes := 1     
	  12 Input    1 Bit        Muxes := 31    
	  13 Input    1 Bit        Muxes := 5     
---------------------------------------------------------------------------------
Finished RTL Component Statistics 
---------------------------------------------------------------------------------
---------------------------------------------------------------------------------
Start Part Resource Summary
---------------------------------------------------------------------------------
Part Resources:
DSPs: 2880 (col length:90)
BRAMs: 1344 (col length: RAMB18 96 RAMB36 48)
---------------------------------------------------------------------------------
Finished Part Resource Summary
---------------------------------------------------------------------------------
No constraint files found.
---------------------------------------------------------------------------------
Start Cross Boundary and Area Optimization
---------------------------------------------------------------------------------
WARNING: [Synth 8-3936] Found unconnected internal register 'rq_sh_r_reg' and it is trimmed from '32' to '31' bits. [/home/orencollaco/GitHub/llama.vhdl/rtl/rmsnorm_bf.vhd:681]
DSP Report: Generating DSP sq_reg[1], operation Mode is: (A2*B2)'.
DSP Report: register xa_reg[1] is absorbed into DSP sq_reg[1].
DSP Report: register xa_reg[1] is absorbed into DSP sq_reg[1].
DSP Report: register sq_reg[1] is absorbed into DSP sq_reg[1].
DSP Report: operator ARG is absorbed into DSP sq_reg[1].
DSP Report: Generating DSP sq_reg[2], operation Mode is: (A2*B2)'.
DSP Report: register xa_reg[2] is absorbed into DSP sq_reg[2].
DSP Report: register xa_reg[2] is absorbed into DSP sq_reg[2].
DSP Report: register sq_reg[2] is absorbed into DSP sq_reg[2].
DSP Report: operator ARG is absorbed into DSP sq_reg[2].
DSP Report: Generating DSP sq_reg[3], operation Mode is: (A2*B2)'.
DSP Report: register xa_reg[3] is absorbed into DSP sq_reg[3].
DSP Report: register xa_reg[3] is absorbed into DSP sq_reg[3].
DSP Report: register sq_reg[3] is absorbed into DSP sq_reg[3].
DSP Report: operator ARG is absorbed into DSP sq_reg[3].
DSP Report: Generating DSP sq_reg[0], operation Mode is: (A2*B2)'.
DSP Report: register xa_reg[0] is absorbed into DSP sq_reg[0].
DSP Report: register xa_reg[0] is absorbed into DSP sq_reg[0].
DSP Report: register sq_reg[0] is absorbed into DSP sq_reg[0].
DSP Report: operator ARG is absorbed into DSP sq_reg[0].
INFO: [Synth 8-6904] The RAM "gdn_recur_pipe__GB2/kbuf_reg" of size (depth=2 x width=2048) is automatically implemented using LUTRAM. BRAM implementation would be inefficient 
INFO: [Synth 8-6904] The RAM "gdn_recur_pipe__GB2/kbuf_reg" of size (depth=2 x width=2048) is automatically implemented using LUTRAM. BRAM implementation would be inefficient 
INFO: [Synth 8-4471] merging register 'slotB_reg[3:0]' into 'slotB_reg[3:0]' [/home/orencollaco/GitHub/llama.vhdl/rtl/gdn_recur_pipe.vhd:668]
INFO: [Synth 8-4471] merging register 'a_ctx_reg[1][slot][3:0]' into 'a_ctx_reg[1][slot][3:0]' [/home/orencollaco/GitHub/llama.vhdl/rtl/gdn_recur_pipe.vhd:416]
INFO: [Synth 8-4471] merging register 'b_ctx_reg[0][d_m][17:0]' into 'b_ctx_reg[0][d_m][17:0]' [/home/orencollaco/GitHub/llama.vhdl/rtl/gdn_recur_pipe.vhd:416]
INFO: [Synth 8-4471] merging register 'b_ctx_reg[0][d_m][17:0]' into 'b_ctx_reg[0][d_m][17:0]' [/home/orencollaco/GitHub/llama.vhdl/rtl/gdn_recur_pipe.vhd:416]
INFO: [Synth 8-4471] merging register 'b_ctx_reg[0][d_m][17:0]' into 'b_ctx_reg[0][d_m][17:0]' [/home/orencollaco/GitHub/llama.vhdl/rtl/gdn_recur_pipe.vhd:416]
INFO: [Synth 8-4471] merging register 'slotC_reg[3:0]' into 'slotC_reg[3:0]' [/home/orencollaco/GitHub/llama.vhdl/rtl/gdn_recur_pipe.vhd:793]
INFO: [Synth 8-4471] merging register 'b_ctx_reg[2][grp][4:0]' into 'b_ctx_reg[2][grp][4:0]' [/home/orencollaco/GitHub/llama.vhdl/rtl/gdn_recur_pipe.vhd:416]
INFO: [Synth 8-4471] merging register 'grpB_reg[4:0]' into 'grpB_reg[4:0]' [/home/orencollaco/GitHub/llama.vhdl/rtl/gdn_recur_pipe.vhd:423]
INFO: [Synth 8-4471] merging register 'a_ctx_reg[2][slot][3:0]' into 'a_ctx_reg[2][slot][3:0]' [/home/orencollaco/GitHub/llama.vhdl/rtl/gdn_recur_pipe.vhd:416]
INFO: [Synth 8-4471] merging register 'grpC_reg[4:0]' into 'grpC_reg[4:0]' [/home/orencollaco/GitHub/llama.vhdl/rtl/gdn_recur_pipe.vhd:423]
INFO: [Synth 8-4471] merging register 'b_ctx_reg[1][slot][3:0]' into 'b_ctx_reg[1][slot][3:0]' [/home/orencollaco/GitHub/llama.vhdl/rtl/gdn_recur_pipe.vhd:416]
INFO: [Synth 8-4471] merging register 'a_ctx_reg[2][grp][4:0]' into 'a_ctx_reg[2][grp][4:0]' [/home/orencollaco/GitHub/llama.vhdl/rtl/gdn_recur_pipe.vhd:416]
INFO: [Synth 8-4471] merging register 'b_ctx_reg[2][slot][3:0]' into 'b_ctx_reg[2][slot][3:0]' [/home/orencollaco/GitHub/llama.vhdl/rtl/gdn_recur_pipe.vhd:416]
INFO: [Synth 8-4471] merging register 'a_w18_reg[0][18:0]' into 'a_w18_reg[0][18:0]' [/home/orencollaco/GitHub/llama.vhdl/rtl/gdn_recur_pipe.vhd:520]
INFO: [Synth 8-4471] merging register 'a_w18_reg[1][18:0]' into 'a_w18_reg[1][18:0]' [/home/orencollaco/GitHub/llama.vhdl/rtl/gdn_recur_pipe.vhd:520]
INFO: [Synth 8-4471] merging register 'a_w18_reg[2][18:0]' into 'a_w18_reg[2][18:0]' [/home/orencollaco/GitHub/llama.vhdl/rtl/gdn_recur_pipe.vhd:520]
INFO: [Synth 8-4471] merging register 'a_w18_reg[3][18:0]' into 'a_w18_reg[3][18:0]' [/home/orencollaco/GitHub/llama.vhdl/rtl/gdn_recur_pipe.vhd:520]
INFO: [Synth 8-6904] The RAM "gdn_recur_pipe__GB12/egbuf_reg" of size (depth=2 x width=16) is automatically implemented using LUTRAM. BRAM implementation would be inefficient 
DSP Report: Generating DSP ARG, operation Mode is: (C:0x1000)+(A*B2)'.
DSP Report: register a_sf_reg[3] is absorbed into DSP ARG.
DSP Report: register a_m1_reg[3] is absorbed into DSP ARG.
DSP Report: operator ARG is absorbed into DSP ARG.
DSP Report: operator ARG is absorbed into DSP ARG.
DSP Report: Generating DSP a_m2_reg[3], operation Mode is: (A2*B'')'.
DSP Report: register a_k1_reg[3] is absorbed into DSP a_m2_reg[3].
DSP Report: register a_k2_reg[3] is absorbed into DSP a_m2_reg[3].
DSP Report: register a_w18_reg[3] is absorbed into DSP a_m2_reg[3].
DSP Report: register a_m2_reg[3] is absorbed into DSP a_m2_reg[3].
DSP Report: operator ARG is absorbed into DSP a_m2_reg[3].
DSP Report: Generating DSP ARG, operation Mode is: (C:0x1000)+(A*B2)'.
DSP Report: register a_sf_reg[1] is absorbed into DSP ARG.
DSP Report: register a_m1_reg[1] is absorbed into DSP ARG.
DSP Report: operator ARG is absorbed into DSP ARG.
DSP Report: operator ARG is absorbed into DSP ARG.
DSP Report: Generating DSP a_m2_reg[1], operation Mode is: (A2*B'')'.
DSP Report: register a_k1_reg[1] is absorbed into DSP a_m2_reg[1].
DSP Report: register a_k2_reg[1] is absorbed into DSP a_m2_reg[1].
DSP Report: register a_w18_reg[1] is absorbed into DSP a_m2_reg[1].
DSP Report: register a_m2_reg[1] is absorbed into DSP a_m2_reg[1].
DSP Report: operator ARG is absorbed into DSP a_m2_reg[1].
DSP Report: Generating DSP ARG, operation Mode is: (C:0x1000)+(A*B2)'.
DSP Report: register a_sf_reg[2] is absorbed into DSP ARG.
DSP Report: register a_m1_reg[2] is absorbed into DSP ARG.
DSP Report: operator ARG is absorbed into DSP ARG.
DSP Report: operator ARG is absorbed into DSP ARG.
DSP Report: Generating DSP a_m2_reg[2], operation Mode is: (A2*B'')'.
DSP Report: register a_k1_reg[2] is absorbed into DSP a_m2_reg[2].
DSP Report: register a_k2_reg[2] is absorbed into DSP a_m2_reg[2].
DSP Report: register a_w18_reg[2] is absorbed into DSP a_m2_reg[2].
DSP Report: register a_m2_reg[2] is absorbed into DSP a_m2_reg[2].
DSP Report: operator ARG is absorbed into DSP a_m2_reg[2].
DSP Report: Generating DSP ARG, operation Mode is: (C:0x1000)+(A*B2)'.
DSP Report: register a_sf_reg[0] is absorbed into DSP ARG.
DSP Report: register a_m1_reg[0] is absorbed into DSP ARG.
DSP Report: operator ARG is absorbed into DSP ARG.
DSP Report: operator ARG is absorbed into DSP ARG.
DSP Report: Generating DSP a_m2_reg[0], operation Mode is: (A2*B'')'.
DSP Report: register a_k1_reg[0] is absorbed into DSP a_m2_reg[0].
DSP Report: register a_k2_reg[0] is absorbed into DSP a_m2_reg[0].
DSP Report: register a_w18_reg[0] is absorbed into DSP a_m2_reg[0].
DSP Report: register a_m2_reg[0] is absorbed into DSP a_m2_reg[0].
DSP Report: operator ARG is absorbed into DSP a_m2_reg[0].
INFO: [Synth 8-6904] The RAM "gdn_recur_pipe__GB12/betabuf_reg" of size (depth=2 x width=16) is automatically implemented using LUTRAM. BRAM implementation would be inefficient 
DSP Report: Generating DSP sc1_reg[6][dmul], operation Mode is: (A2*B)'.
DSP Report: register sc1_reg[5][diff] is absorbed into DSP sc1_reg[6][dmul].
DSP Report: register sc1_reg[6][dmul] is absorbed into DSP sc1_reg[6][dmul].
DSP Report: operator ARG is absorbed into DSP sc1_reg[6][dmul].
DSP Report: Generating DSP b_mkd_reg[0], operation Mode is: (A2*B2)'.
DSP Report: register b_kf_reg[0] is absorbed into DSP b_mkd_reg[0].
DSP Report: register b_ctx_reg[0][d_m] is absorbed into DSP b_mkd_reg[0].
DSP Report: register b_mkd_reg[0] is absorbed into DSP b_mkd_reg[0].
DSP Report: operator ARG is absorbed into DSP b_mkd_reg[0].
DSP Report: Generating DSP b_mkd_reg[1], operation Mode is: (A2*B2)'.
DSP Report: register b_kf_reg[1] is absorbed into DSP b_mkd_reg[1].
DSP Report: register b_ctx_reg[0][d_m] is absorbed into DSP b_mkd_reg[1].
DSP Report: register b_mkd_reg[1] is absorbed into DSP b_mkd_reg[1].
DSP Report: operator ARG is absorbed into DSP b_mkd_reg[1].
DSP Report: Generating DSP b_mkd_reg[2], operation Mode is: (A2*B2)'.
DSP Report: register b_kf_reg[2] is absorbed into DSP b_mkd_reg[2].
DSP Report: register b_ctx_reg[0][d_m] is absorbed into DSP b_mkd_reg[2].
DSP Report: register b_mkd_reg[2] is absorbed into DSP b_mkd_reg[2].
DSP Report: operator ARG is absorbed into DSP b_mkd_reg[2].
DSP Report: Generating DSP b_mkd_reg[3], operation Mode is: (A2*B2)'.
DSP Report: register b_kf_reg[3] is absorbed into DSP b_mkd_reg[3].
DSP Report: register b_ctx_reg[0][d_m] is absorbed into DSP b_mkd_reg[3].
DSP Report: register b_mkd_reg[3] is absorbed into DSP b_mkd_reg[3].
DSP Report: operator ARG is absorbed into DSP b_mkd_reg[3].
INFO: [Synth 8-6904] The RAM "gdn_recur_pipe__GB12/qbuf_reg" of size (depth=2 x width=2048) is automatically implemented using LUTRAM. BRAM implementation would be inefficient 
DSP Report: Generating DSP c_m3_reg[3], operation Mode is: (A2*B'')'.
DSP Report: register c_q2_reg[3] is absorbed into DSP c_m3_reg[3].
DSP Report: register c_q3_reg[3] is absorbed into DSP c_m3_reg[3].
DSP Report: register c_sm_reg[3] is absorbed into DSP c_m3_reg[3].
DSP Report: register c_m3_reg[3] is absorbed into DSP c_m3_reg[3].
DSP Report: operator ARG is absorbed into DSP c_m3_reg[3].
DSP Report: Generating DSP c_m3_reg[1], operation Mode is: (A2*B'')'.
DSP Report: register c_q2_reg[1] is absorbed into DSP c_m3_reg[1].
DSP Report: register c_q3_reg[1] is absorbed into DSP c_m3_reg[1].
DSP Report: register c_sm_reg[1] is absorbed into DSP c_m3_reg[1].
DSP Report: register c_m3_reg[1] is absorbed into DSP c_m3_reg[1].
DSP Report: operator ARG is absorbed into DSP c_m3_reg[1].
DSP Report: Generating DSP c_m3_reg[2], operation Mode is: (A2*B'')'.
DSP Report: register c_q2_reg[2] is absorbed into DSP c_m3_reg[2].
DSP Report: register c_q3_reg[2] is absorbed into DSP c_m3_reg[2].
DSP Report: register c_sm_reg[2] is absorbed into DSP c_m3_reg[2].
DSP Report: register c_m3_reg[2] is absorbed into DSP c_m3_reg[2].
DSP Report: operator ARG is absorbed into DSP c_m3_reg[2].
DSP Report: Generating DSP c_m3_reg[0], operation Mode is: (A2*B'')'.
DSP Report: register c_q2_reg[0] is absorbed into DSP c_m3_reg[0].
DSP Report: register c_q3_reg[0] is absorbed into DSP c_m3_reg[0].
DSP Report: register c_sm_reg[0] is absorbed into DSP c_m3_reg[0].
DSP Report: register c_m3_reg[0] is absorbed into DSP c_m3_reg[0].
DSP Report: operator ARG is absorbed into DSP c_m3_reg[0].
RAM ("gdn_recur_pipe__GB12/w18_mem_reg") is too shallow (depth = 512) to use URAM. Choosing BRAM instead of URAM 
RAM ("gdn_recur_pipe__GB12/u_mem_reg") is too shallow (depth = 512) to use URAM. Choosing BRAM instead of URAM 
INFO: [Synth 8-6904] The RAM "gdn_recur_pipe__GB12/egbuf_reg" of size (depth=2 x width=16) is automatically implemented using LUTRAM. BRAM implementation would be inefficient 
INFO: [Synth 8-6904] The RAM "gdn_recur_pipe__GB12/betabuf_reg" of size (depth=2 x width=16) is automatically implemented using LUTRAM. BRAM implementation would be inefficient 
INFO: [Synth 8-6904] The RAM "gdn_recur_pipe__GB12/qbuf_reg" of size (depth=2 x width=2048) is automatically implemented using LUTRAM. BRAM implementation would be inefficient 
INFO: [Synth 8-3886] merging instance 'sc1_reg[2][ske][9]' (FDR) to 'sc1_reg[2][ske][10]'
INFO: [Synth 8-3886] merging instance 'sc1_reg[2][ske][10]' (FDR) to 'sc1_reg[2][ske][11]'
INFO: [Synth 8-3886] merging instance 'sc1_reg[2][ske][11]' (FDR) to 'sc1_reg[2][ske][12]'
INFO: [Synth 8-3886] merging instance 'sc1_reg[2][ske][12]' (FDR) to 'sc1_reg[2][ske][13]'
INFO: [Synth 8-3886] merging instance 'sc1_reg[2][ske][13]' (FDR) to 'sc1_reg[2][ske][14]'
INFO: [Synth 8-3886] merging instance 'sc1_reg[2][ske][14]' (FDR) to 'sc1_reg[2][ske][15]'
INFO: [Synth 8-3886] merging instance 'sc1_reg[3][ske][9]' (FDR) to 'sc1_reg[3][ske][14]'
INFO: [Synth 8-3886] merging instance 'sc1_reg[3][ske][10]' (FDR) to 'sc1_reg[3][ske][14]'
INFO: [Synth 8-3886] merging instance 'sc1_reg[3][ske][11]' (FDR) to 'sc1_reg[3][ske][14]'
INFO: [Synth 8-3886] merging instance 'sc1_reg[3][ske][12]' (FDR) to 'sc1_reg[3][ske][14]'
INFO: [Synth 8-3886] merging instance 'sc1_reg[3][ske][13]' (FDR) to 'sc1_reg[3][ske][14]'
INFO: [Synth 8-3886] merging instance 'sc1_reg[3][ske][14]' (FDR) to 'sc1_reg[3][ske][15]'
INFO: [Synth 8-3886] merging instance 'sc1_reg[4][ske][15]' (FDR) to 'sc1_reg[4][ske][14]'
INFO: [Synth 8-3886] merging instance 'sc1_reg[4][ske][9]' (FDR) to 'sc1_reg[4][ske][14]'
INFO: [Synth 8-3886] merging instance 'sc1_reg[4][ske][10]' (FDR) to 'sc1_reg[4][ske][14]'
INFO: [Synth 8-3886] merging instance 'sc1_reg[4][ske][11]' (FDR) to 'sc1_reg[4][ske][14]'
INFO: [Synth 8-3886] merging instance 'sc1_reg[4][ske][12]' (FDR) to 'sc1_reg[4][ske][14]'
INFO: [Synth 8-3886] merging instance 'sc1_reg[4][ske][13]' (FDR) to 'sc1_reg[4][ske][14]'
INFO: [Synth 8-3886] merging instance 'b_ks_reg[1][34]' (FDE) to 'b_ks_reg[1][33]'
INFO: [Synth 8-3886] merging instance 'b_ws_reg[1][34]' (FDRE) to 'b_ws_reg[1][33]'
INFO: [Synth 8-3886] merging instance 'b_ws_reg[1][33]' (FDRE) to 'b_ws_reg[1][32]'
INFO: [Synth 8-3886] merging instance 'b_ws_reg[1][32]' (FDRE) to 'b_ws_reg[1][29]'
INFO: [Synth 8-3886] merging instance 'b_ws_reg[1][29]' (FDRE) to 'b_ws_reg[1][30]'
INFO: [Synth 8-3886] merging instance 'b_ws_reg[1][30]' (FDRE) to 'b_ws_reg[1][31]'
INFO: [Synth 8-3886] merging instance 'b_ws_reg[1][31]' (FDRE) to 'b_ws_reg[1][28]'
INFO: [Synth 8-3886] merging instance 'b_ks_reg[0][34]' (FDE) to 'b_ks_reg[0][33]'
INFO: [Synth 8-3886] merging instance 'b_ws_reg[0][34]' (FDRE) to 'b_ws_reg[0][32]'
INFO: [Synth 8-3886] merging instance 'b_ws_reg[0][32]' (FDRE) to 'b_ws_reg[0][33]'
INFO: [Synth 8-3886] merging instance 'b_ws_reg[0][33]' (FDRE) to 'b_ws_reg[0][31]'
INFO: [Synth 8-3886] merging instance 'b_ws_reg[1][28]' (FDRE) to 'b_ws_reg[1][18]'
INFO: [Synth 8-3886] merging instance 'b_ws_reg[1][18]' (FDRE) to 'b_ws_reg[1][19]'
INFO: [Synth 8-3886] merging instance 'b_ws_reg[1][19]' (FDRE) to 'b_ws_reg[1][20]'
INFO: [Synth 8-3886] merging instance 'b_ws_reg[1][20]' (FDRE) to 'b_ws_reg[1][21]'
INFO: [Synth 8-3886] merging instance 'b_ws_reg[1][21]' (FDRE) to 'b_ws_reg[1][22]'
INFO: [Synth 8-3886] merging instance 'b_ws_reg[1][22]' (FDRE) to 'b_ws_reg[1][23]'
INFO: [Synth 8-3886] merging instance 'b_ws_reg[1][23]' (FDRE) to 'b_ws_reg[1][24]'
INFO: [Synth 8-3886] merging instance 'b_ws_reg[1][24]' (FDRE) to 'b_ws_reg[1][25]'
INFO: [Synth 8-3886] merging instance 'b_ws_reg[1][25]' (FDRE) to 'b_ws_reg[1][26]'
INFO: [Synth 8-3886] merging instance 'b_ws_reg[1][26]' (FDRE) to 'b_ws_reg[1][27]'
INFO: [Synth 8-3886] merging instance 'b_ws_reg[0][31]' (FDRE) to 'b_ws_reg[0][18]'
INFO: [Synth 8-3886] merging instance 'b_ws_reg[0][18]' (FDRE) to 'b_ws_reg[0][19]'
INFO: [Synth 8-3886] merging instance 'b_ws_reg[0][19]' (FDRE) to 'b_ws_reg[0][20]'
INFO: [Synth 8-3886] merging instance 'b_ws_reg[0][20]' (FDRE) to 'b_ws_reg[0][21]'
INFO: [Synth 8-3886] merging instance 'b_ws_reg[0][21]' (FDRE) to 'b_ws_reg[0][22]'
INFO: [Synth 8-3886] merging instance 'b_ws_reg[0][22]' (FDRE) to 'b_ws_reg[0][23]'
INFO: [Synth 8-3886] merging instance 'b_ws_reg[0][23]' (FDRE) to 'b_ws_reg[0][24]'
INFO: [Synth 8-3886] merging instance 'b_ws_reg[0][24]' (FDRE) to 'b_ws_reg[0][25]'
INFO: [Synth 8-3886] merging instance 'b_ws_reg[0][25]' (FDRE) to 'b_ws_reg[0][26]'
INFO: [Synth 8-3886] merging instance 'b_ws_reg[0][26]' (FDRE) to 'b_ws_reg[0][27]'
INFO: [Synth 8-3886] merging instance 'b_ws_reg[0][27]' (FDRE) to 'b_ws_reg[0][28]'
INFO: [Synth 8-3886] merging instance 'b_ws_reg[0][28]' (FDRE) to 'b_ws_reg[0][29]'
INFO: [Synth 8-3886] merging instance 'b_ws_reg[0][29]' (FDRE) to 'b_ws_reg[0][30]'
INFO: [Synth 8-3886] merging instance 'b_ks_reg[3][34]' (FDE) to 'b_ks_reg[3][33]'
INFO: [Synth 8-3886] merging instance 'b_ws_reg[3][34]' (FDRE) to 'b_ws_reg[3][31]'
INFO: [Synth 8-3886] merging instance 'b_ws_reg[3][31]' (FDRE) to 'b_ws_reg[3][32]'
INFO: [Synth 8-3886] merging instance 'b_ws_reg[3][32]' (FDRE) to 'b_ws_reg[3][33]'
INFO: [Synth 8-3886] merging instance 'b_ws_reg[3][33]' (FDRE) to 'b_ws_reg[3][30]'
INFO: [Synth 8-3886] merging instance 'b_ks_reg[2][34]' (FDE) to 'b_ks_reg[2][33]'
INFO: [Synth 8-3886] merging instance 'b_ws_reg[2][34]' (FDRE) to 'b_ws_reg[2][33]'
INFO: [Synth 8-3886] merging instance 'b_ws_reg[3][30]' (FDRE) to 'b_ws_reg[3][18]'
INFO: [Synth 8-3886] merging instance 'b_ws_reg[3][18]' (FDRE) to 'b_ws_reg[3][19]'
INFO: [Synth 8-3886] merging instance 'b_ws_reg[3][19]' (FDRE) to 'b_ws_reg[3][20]'
INFO: [Synth 8-3886] merging instance 'b_ws_reg[3][20]' (FDRE) to 'b_ws_reg[3][21]'
INFO: [Synth 8-3886] merging instance 'b_ws_reg[3][21]' (FDRE) to 'b_ws_reg[3][22]'
INFO: [Synth 8-3886] merging instance 'b_ws_reg[3][22]' (FDRE) to 'b_ws_reg[3][23]'
INFO: [Synth 8-3886] merging instance 'b_ws_reg[3][23]' (FDRE) to 'b_ws_reg[3][24]'
INFO: [Synth 8-3886] merging instance 'b_ws_reg[3][24]' (FDRE) to 'b_ws_reg[3][25]'
INFO: [Synth 8-3886] merging instance 'b_ws_reg[3][25]' (FDRE) to 'b_ws_reg[3][26]'
INFO: [Synth 8-3886] merging instance 'b_ws_reg[3][26]' (FDRE) to 'b_ws_reg[3][27]'
INFO: [Synth 8-3886] merging instance 'b_ws_reg[3][27]' (FDRE) to 'b_ws_reg[3][28]'
INFO: [Synth 8-3886] merging instance 'b_ws_reg[3][28]' (FDRE) to 'b_ws_reg[3][29]'
INFO: [Synth 8-3886] merging instance 'b_ws_reg[2][33]' (FDRE) to 'b_ws_reg[2][18]'
INFO: [Synth 8-3886] merging instance 'b_ws_reg[2][18]' (FDRE) to 'b_ws_reg[2][19]'
INFO: [Synth 8-3886] merging instance 'b_ws_reg[2][19]' (FDRE) to 'b_ws_reg[2][20]'
INFO: [Synth 8-3886] merging instance 'b_ws_reg[2][20]' (FDRE) to 'b_ws_reg[2][21]'
INFO: [Synth 8-3886] merging instance 'b_ws_reg[2][21]' (FDRE) to 'b_ws_reg[2][22]'
INFO: [Synth 8-3886] merging instance 'b_ws_reg[2][22]' (FDRE) to 'b_ws_reg[2][23]'
INFO: [Synth 8-3886] merging instance 'b_ws_reg[2][23]' (FDRE) to 'b_ws_reg[2][24]'
INFO: [Synth 8-3886] merging instance 'b_ws_reg[2][24]' (FDRE) to 'b_ws_reg[2][25]'
INFO: [Synth 8-3886] merging instance 'b_ws_reg[2][25]' (FDRE) to 'b_ws_reg[2][26]'
INFO: [Synth 8-3886] merging instance 'b_ws_reg[2][26]' (FDRE) to 'b_ws_reg[2][27]'
INFO: [Synth 8-3886] merging instance 'b_ws_reg[2][27]' (FDRE) to 'b_ws_reg[2][28]'
INFO: [Synth 8-3886] merging instance 'b_ws_reg[2][28]' (FDRE) to 'b_ws_reg[2][29]'
INFO: [Synth 8-3886] merging instance 'b_ws_reg[2][29]' (FDRE) to 'b_ws_reg[2][30]'
INFO: [Synth 8-3886] merging instance 'b_ws_reg[2][30]' (FDRE) to 'b_ws_reg[2][31]'
INFO: [Synth 8-3886] merging instance 'b_ws_reg[2][31]' (FDRE) to 'b_ws_reg[2][32]'
INFO: [Synth 8-3886] merging instance 'sc1_reg[4][ed][15]' (FDR) to 'sc1_reg[4][ed][9]'
INFO: [Synth 8-3886] merging instance 'sc1_reg[4][ed][9]' (FDR) to 'sc1_reg[4][ed][10]'
INFO: [Synth 8-3886] merging instance 'sc1_reg[4][ed][10]' (FDR) to 'sc1_reg[4][ed][11]'
INFO: [Synth 8-3886] merging instance 'sc1_reg[4][ed][11]' (FDR) to 'sc1_reg[4][ed][12]'
INFO: [Synth 8-3886] merging instance 'sc1_reg[4][ed][12]' (FDR) to 'sc1_reg[4][ed][13]'
INFO: [Synth 8-3886] merging instance 'sc1_reg[4][ed][13]' (FDR) to 'sc1_reg[4][ed][14]'
INFO: [Synth 8-3886] merging instance 'sc1_reg[5][ed][9]' (FDR) to 'sc1_reg[5][ed][13]'
INFO: [Synth 8-3886] merging instance 'sc1_reg[5][ed][10]' (FDR) to 'sc1_reg[5][ed][13]'
INFO: [Synth 8-3886] merging instance 'sc1_reg[5][ed][11]' (FDR) to 'sc1_reg[5][ed][13]'
INFO: [Synth 8-3886] merging instance 'sc1_reg[5][ed][12]' (FDR) to 'sc1_reg[5][ed][13]'
INFO: [Synth 8-3886] merging instance 'sc1_reg[5][ed][13]' (FDR) to 'sc1_reg[5][ed][15]'
INFO: [Synth 8-3886] merging instance 'sc1_reg[5][ed][14]' (FDR) to 'sc1_reg[5][ed][15]'
INFO: [Common 17-14] Message 'Synth 8-3886' appears 100 times and further instances of the messages will be disabled. Use the Tcl command set_msg_config to change the current settings.
INFO: [Synth 8-3333] propagating constant 0 across sequential element (\sc1_reg[2][bi][40] )
INFO: [Synth 8-3333] propagating constant 0 across sequential element (\sc1_reg[8][dbias][33] )
INFO: [Synth 8-3333] propagating constant 0 across sequential element (\par2_reg[15][bias][32] )
INFO: [Synth 8-3333] propagating constant 0 across sequential element (\par2_reg[14][bias][32] )
INFO: [Synth 8-3333] propagating constant 0 across sequential element (\par2_reg[13][bias][32] )
INFO: [Synth 8-3333] propagating constant 0 across sequential element (\par2_reg[12][bias][32] )
INFO: [Synth 8-3333] propagating constant 0 across sequential element (\par2_reg[11][bias][32] )
INFO: [Synth 8-3333] propagating constant 0 across sequential element (\par2_reg[10][bias][32] )
INFO: [Synth 8-3333] propagating constant 0 across sequential element (\par2_reg[9][bias][32] )
INFO: [Synth 8-3333] propagating constant 0 across sequential element (\par2_reg[8][bias][32] )
INFO: [Synth 8-3333] propagating constant 0 across sequential element (\par2_reg[7][bias][32] )
INFO: [Synth 8-3333] propagating constant 0 across sequential element (\par2_reg[6][bias][32] )
INFO: [Synth 8-3333] propagating constant 0 across sequential element (\par2_reg[5][bias][32] )
INFO: [Synth 8-3333] propagating constant 0 across sequential element (\par2_reg[4][bias][32] )
INFO: [Synth 8-3333] propagating constant 0 across sequential element (\par2_reg[3][bias][32] )
INFO: [Synth 8-3333] propagating constant 0 across sequential element (\par2_reg[2][bias][32] )
INFO: [Synth 8-3333] propagating constant 0 across sequential element (\par2_reg[1][bias][32] )
INFO: [Synth 8-3333] propagating constant 0 across sequential element (\par2_reg[0][bias][32] )
INFO: [Synth 8-3333] propagating constant 0 across sequential element (\c_ctx_reg[0][bias][33] )
INFO: [Synth 8-4471] merging register 'idx3_reg[5:0]' into 'idx3_reg[5:0]' [/home/orencollaco/GitHub/llama.vhdl/rtl/rmsnorm_bf.vhd:708]
INFO: [Synth 8-4471] merging register 'idx3_reg[5:0]' into 'idx3_reg[5:0]' [/home/orencollaco/GitHub/llama.vhdl/rtl/rmsnorm_bf.vhd:708]
INFO: [Synth 8-4471] merging register 'idx3_reg[5:0]' into 'idx3_reg[5:0]' [/home/orencollaco/GitHub/llama.vhdl/rtl/rmsnorm_bf.vhd:708]
WARNING: [Synth 8-3917] design rmsnorm_bf__GB5 has port p_3_in[2047] driven by constant 0
WARNING: [Synth 8-3917] design rmsnorm_bf__GB5 has port p_3_in[2046] driven by constant 0
WARNING: [Synth 8-3917] design rmsnorm_bf__GB5 has port p_3_in[2045] driven by constant 0
WARNING: [Synth 8-3917] design rmsnorm_bf__GB5 has port p_3_in[2044] driven by constant 0
WARNING: [Synth 8-3917] design rmsnorm_bf__GB5 has port p_3_in[2043] driven by constant 0
WARNING: [Synth 8-3917] design rmsnorm_bf__GB5 has port p_3_in[2042] driven by constant 0
WARNING: [Synth 8-3917] design rmsnorm_bf__GB5 has port p_3_in[2041] driven by constant 0
WARNING: [Synth 8-3917] design rmsnorm_bf__GB5 has port p_3_in[2040] driven by constant 0
WARNING: [Synth 8-3917] design rmsnorm_bf__GB5 has port p_3_in[2039] driven by constant 0
WARNING: [Synth 8-3917] design rmsnorm_bf__GB5 has port p_3_in[2038] driven by constant 0
WARNING: [Synth 8-3917] design rmsnorm_bf__GB5 has port p_3_in[2037] driven by constant 0
WARNING: [Synth 8-3917] design rmsnorm_bf__GB5 has port p_3_in[2036] driven by constant 0
WARNING: [Synth 8-3917] design rmsnorm_bf__GB5 has port p_3_in[2035] driven by constant 0
WARNING: [Synth 8-3917] design rmsnorm_bf__GB5 has port p_3_in[2034] driven by constant 0
WARNING: [Synth 8-3917] design rmsnorm_bf__GB5 has port p_3_in[2033] driven by constant 0
WARNING: [Synth 8-3917] design rmsnorm_bf__GB5 has port p_3_in[2032] driven by constant 0
WARNING: [Synth 8-3917] design rmsnorm_bf__GB5 has port p_3_in[2031] driven by constant 0
WARNING: [Synth 8-3917] design rmsnorm_bf__GB5 has port p_3_in[2030] driven by constant 0
WARNING: [Synth 8-3917] design rmsnorm_bf__GB5 has port p_3_in[2029] driven by constant 0
WARNING: [Synth 8-3917] design rmsnorm_bf__GB5 has port p_3_in[2028] driven by constant 0
WARNING: [Synth 8-3917] design rmsnorm_bf__GB5 has port p_3_in[2027] driven by constant 0
WARNING: [Synth 8-3917] design rmsnorm_bf__GB5 has port p_3_in[2026] driven by constant 0
WARNING: [Synth 8-3917] design rmsnorm_bf__GB5 has port p_3_in[2025] driven by constant 0
WARNING: [Synth 8-3917] design rmsnorm_bf__GB5 has port p_3_in[2024] driven by constant 0
WARNING: [Synth 8-3917] design rmsnorm_bf__GB5 has port p_3_in[2023] driven by constant 0
WARNING: [Synth 8-3917] design rmsnorm_bf__GB5 has port p_3_in[2022] driven by constant 0
WARNING: [Synth 8-3917] design rmsnorm_bf__GB5 has port p_3_in[2021] driven by constant 0
WARNING: [Synth 8-3917] design rmsnorm_bf__GB5 has port p_3_in[2020] driven by constant 0
WARNING: [Synth 8-3917] design rmsnorm_bf__GB5 has port p_3_in[2019] driven by constant 0
WARNING: [Synth 8-3917] design rmsnorm_bf__GB5 has port p_3_in[2018] driven by constant 0
WARNING: [Synth 8-3917] design rmsnorm_bf__GB5 has port p_3_in[2017] driven by constant 0
WARNING: [Synth 8-3917] design rmsnorm_bf__GB5 has port p_3_in[2016] driven by constant 0
WARNING: [Synth 8-3917] design rmsnorm_bf__GB5 has port p_3_in[1999] driven by constant 0
WARNING: [Synth 8-3917] design rmsnorm_bf__GB5 has port p_3_in[1998] driven by constant 0
WARNING: [Synth 8-3917] design rmsnorm_bf__GB5 has port p_3_in[1997] driven by constant 0
WARNING: [Synth 8-3917] design rmsnorm_bf__GB5 has port p_3_in[1996] driven by constant 0
WARNING: [Synth 8-3917] design rmsnorm_bf__GB5 has port p_3_in[1995] driven by constant 0
WARNING: [Synth 8-3917] design rmsnorm_bf__GB5 has port p_3_in[1994] driven by constant 0
WARNING: [Synth 8-3917] design rmsnorm_bf__GB5 has port p_3_in[1993] driven by constant 0
WARNING: [Synth 8-3917] design rmsnorm_bf__GB5 has port p_3_in[1992] driven by constant 0
WARNING: [Synth 8-3917] design rmsnorm_bf__GB5 has port p_3_in[1991] driven by constant 0
WARNING: [Synth 8-3917] design rmsnorm_bf__GB5 has port p_3_in[1990] driven by constant 0
WARNING: [Synth 8-3917] design rmsnorm_bf__GB5 has port p_3_in[1989] driven by constant 0
WARNING: [Synth 8-3917] design rmsnorm_bf__GB5 has port p_3_in[1988] driven by constant 0
WARNING: [Synth 8-3917] design rmsnorm_bf__GB5 has port p_3_in[1987] driven by constant 0
WARNING: [Synth 8-3917] design rmsnorm_bf__GB5 has port p_3_in[1986] driven by constant 0
WARNING: [Synth 8-3917] design rmsnorm_bf__GB5 has port p_3_in[1985] driven by constant 0
WARNING: [Synth 8-3917] design rmsnorm_bf__GB5 has port p_3_in[1984] driven by constant 0
WARNING: [Synth 8-3917] design rmsnorm_bf__GB5 has port p_3_in[1983] driven by constant 0
WARNING: [Synth 8-3917] design rmsnorm_bf__GB5 has port p_3_in[1982] driven by constant 0
WARNING: [Synth 8-3917] design rmsnorm_bf__GB5 has port p_3_in[1981] driven by constant 0
WARNING: [Synth 8-3917] design rmsnorm_bf__GB5 has port p_3_in[1980] driven by constant 0
WARNING: [Synth 8-3917] design rmsnorm_bf__GB5 has port p_3_in[1979] driven by constant 0
WARNING: [Synth 8-3917] design rmsnorm_bf__GB5 has port p_3_in[1978] driven by constant 0
WARNING: [Synth 8-3917] design rmsnorm_bf__GB5 has port p_3_in[1977] driven by constant 0
WARNING: [Synth 8-3917] design rmsnorm_bf__GB5 has port p_3_in[1976] driven by constant 0
WARNING: [Synth 8-3917] design rmsnorm_bf__GB5 has port p_3_in[1975] driven by constant 0
WARNING: [Synth 8-3917] design rmsnorm_bf__GB5 has port p_3_in[1974] driven by constant 0
WARNING: [Synth 8-3917] design rmsnorm_bf__GB5 has port p_3_in[1973] driven by constant 0
WARNING: [Synth 8-3917] design rmsnorm_bf__GB5 has port p_3_in[1972] driven by constant 0
WARNING: [Synth 8-3917] design rmsnorm_bf__GB5 has port p_3_in[1971] driven by constant 0
WARNING: [Synth 8-3917] design rmsnorm_bf__GB5 has port p_3_in[1970] driven by constant 0
WARNING: [Synth 8-3917] design rmsnorm_bf__GB5 has port p_3_in[1969] driven by constant 0
WARNING: [Synth 8-3917] design rmsnorm_bf__GB5 has port p_3_in[1968] driven by constant 0
WARNING: [Synth 8-3917] design rmsnorm_bf__GB5 has port p_3_in[1967] driven by constant 0
WARNING: [Synth 8-3917] design rmsnorm_bf__GB5 has port p_3_in[1966] driven by constant 0
WARNING: [Synth 8-3917] design rmsnorm_bf__GB5 has port p_3_in[1965] driven by constant 0
WARNING: [Synth 8-3917] design rmsnorm_bf__GB5 has port p_3_in[1964] driven by constant 0
WARNING: [Synth 8-3917] design rmsnorm_bf__GB5 has port p_3_in[1963] driven by constant 0
WARNING: [Synth 8-3917] design rmsnorm_bf__GB5 has port p_3_in[1962] driven by constant 0
WARNING: [Synth 8-3917] design rmsnorm_bf__GB5 has port p_3_in[1961] driven by constant 0
WARNING: [Synth 8-3917] design rmsnorm_bf__GB5 has port p_3_in[1960] driven by constant 0
WARNING: [Synth 8-3917] design rmsnorm_bf__GB5 has port p_3_in[1959] driven by constant 0
WARNING: [Synth 8-3917] design rmsnorm_bf__GB5 has port p_3_in[1958] driven by constant 0
WARNING: [Synth 8-3917] design rmsnorm_bf__GB5 has port p_3_in[1957] driven by constant 0
WARNING: [Synth 8-3917] design rmsnorm_bf__GB5 has port p_3_in[1956] driven by constant 0
WARNING: [Synth 8-3917] design rmsnorm_bf__GB5 has port p_3_in[1955] driven by constant 0
WARNING: [Synth 8-3917] design rmsnorm_bf__GB5 has port p_3_in[1954] driven by constant 0
WARNING: [Synth 8-3917] design rmsnorm_bf__GB5 has port p_3_in[1953] driven by constant 0
WARNING: [Synth 8-3917] design rmsnorm_bf__GB5 has port p_3_in[1952] driven by constant 0
WARNING: [Synth 8-3917] design rmsnorm_bf__GB5 has port p_3_in[1935] driven by constant 0
WARNING: [Synth 8-3917] design rmsnorm_bf__GB5 has port p_3_in[1934] driven by constant 0
WARNING: [Synth 8-3917] design rmsnorm_bf__GB5 has port p_3_in[1933] driven by constant 0
WARNING: [Synth 8-3917] design rmsnorm_bf__GB5 has port p_3_in[1932] driven by constant 0
WARNING: [Synth 8-3917] design rmsnorm_bf__GB5 has port p_3_in[1931] driven by constant 0
WARNING: [Synth 8-3917] design rmsnorm_bf__GB5 has port p_3_in[1930] driven by constant 0
WARNING: [Synth 8-3917] design rmsnorm_bf__GB5 has port p_3_in[1929] driven by constant 0
WARNING: [Synth 8-3917] design rmsnorm_bf__GB5 has port p_3_in[1928] driven by constant 0
WARNING: [Synth 8-3917] design rmsnorm_bf__GB5 has port p_3_in[1927] driven by constant 0
WARNING: [Synth 8-3917] design rmsnorm_bf__GB5 has port p_3_in[1926] driven by constant 0
WARNING: [Synth 8-3917] design rmsnorm_bf__GB5 has port p_3_in[1925] driven by constant 0
WARNING: [Synth 8-3917] design rmsnorm_bf__GB5 has port p_3_in[1924] driven by constant 0
WARNING: [Synth 8-3917] design rmsnorm_bf__GB5 has port p_3_in[1923] driven by constant 0
WARNING: [Synth 8-3917] design rmsnorm_bf__GB5 has port p_3_in[1922] driven by constant 0
WARNING: [Synth 8-3917] design rmsnorm_bf__GB5 has port p_3_in[1921] driven by constant 0
WARNING: [Synth 8-3917] design rmsnorm_bf__GB5 has port p_3_in[1920] driven by constant 0
WARNING: [Synth 8-3917] design rmsnorm_bf__GB5 has port p_3_in[1919] driven by constant 0
WARNING: [Synth 8-3917] design rmsnorm_bf__GB5 has port p_3_in[1918] driven by constant 0
WARNING: [Synth 8-3917] design rmsnorm_bf__GB5 has port p_3_in[1917] driven by constant 0
WARNING: [Synth 8-3917] design rmsnorm_bf__GB5 has port p_3_in[1916] driven by constant 0
INFO: [Common 17-14] Message 'Synth 8-3917' appears 100 times and further instances of the messages will be disabled. Use the Tcl command set_msg_config to change the current settings.
INFO: [Common 17-14] Message 'Synth 8-3917' appears 100 times and further instances of the messages will be disabled. Use the Tcl command set_msg_config to change the current settings.
WARNING: [Synth 8-3936] Found unconnected internal register 'shift_total_reg' and it is trimmed from '32' to '31' bits. [/home/orencollaco/GitHub/llama.vhdl/rtl/rmsnorm_bf.vhd:854]
INFO: [Synth 8-5845] Not enough pipeline registers after wide multiplier. Recommended levels of pipeline registers is 4 [/home/orencollaco/GitHub/llama.vhdl/rtl/rmsnorm_bf.vhd:614]
INFO: [Synth 8-5845] Not enough pipeline registers after wide multiplier. Recommended levels of pipeline registers is 2 [/home/orencollaco/GitHub/llama.vhdl/rtl/rmsnorm_bf.vhd:739]
INFO: [Synth 8-5845] Not enough pipeline registers after wide multiplier. Recommended levels of pipeline registers is 2 [/home/orencollaco/GitHub/llama.vhdl/rtl/rmsnorm_bf.vhd:739]
INFO: [Synth 8-5845] Not enough pipeline registers after wide multiplier. Recommended levels of pipeline registers is 2 [/home/orencollaco/GitHub/llama.vhdl/rtl/rmsnorm_bf.vhd:739]
INFO: [Synth 8-5845] Not enough pipeline registers after wide multiplier. Recommended levels of pipeline registers is 4 [/home/orencollaco/GitHub/llama.vhdl/rtl/rmsnorm_bf.vhd:616]
INFO: [Synth 8-5845] Not enough pipeline registers after wide multiplier. Recommended levels of pipeline registers is 2 [/home/orencollaco/GitHub/llama.vhdl/rtl/rmsnorm_bf.vhd:739]
INFO: [Synth 8-5845] Not enough pipeline registers after wide multiplier. Recommended levels of pipeline registers is 4 [/home/orencollaco/GitHub/llama.vhdl/rtl/rmsnorm_bf.vhd:610]
INFO: [Synth 8-5845] Not enough pipeline registers after wide multiplier. Recommended levels of pipeline registers is 4 [/home/orencollaco/GitHub/llama.vhdl/rtl/rmsnorm_bf.vhd:612]
DSP Report: Generating DSP ARG, operation Mode is: A2*B2.
DSP Report: register xf_reg[3] is absorbed into DSP ARG.
DSP Report: register ARG is absorbed into DSP ARG.
DSP Report: operator ARG is absorbed into DSP ARG.
DSP Report: operator ARG is absorbed into DSP ARG.
DSP Report: Generating DSP ARG, operation Mode is: (PCIN>>17)+A2*B2.
DSP Report: register xf_reg[3] is absorbed into DSP ARG.
DSP Report: register inv32_reg is absorbed into DSP ARG.
DSP Report: operator ARG is absorbed into DSP ARG.
DSP Report: operator ARG is absorbed into DSP ARG.
DSP Report: Generating DSP ARG, operation Mode is: A''*B2.
DSP Report: register ARG is absorbed into DSP ARG.
DSP Report: register ARG is absorbed into DSP ARG.
DSP Report: register ARG is absorbed into DSP ARG.
DSP Report: operator ARG is absorbed into DSP ARG.
DSP Report: operator ARG is absorbed into DSP ARG.
DSP Report: Generating DSP ARG, operation Mode is: A2*B''.
DSP Report: register ARG is absorbed into DSP ARG.
DSP Report: register ARG is absorbed into DSP ARG.
DSP Report: register ARG is absorbed into DSP ARG.
DSP Report: operator ARG is absorbed into DSP ARG.
DSP Report: operator ARG is absorbed into DSP ARG.
DSP Report: Generating DSP ARG, operation Mode is: (PCIN>>17)+A2*B''.
DSP Report: register ARG is absorbed into DSP ARG.
DSP Report: register ARG is absorbed into DSP ARG.
DSP Report: register ARG is absorbed into DSP ARG.
DSP Report: operator ARG is absorbed into DSP ARG.
DSP Report: operator ARG is absorbed into DSP ARG.
DSP Report: Generating DSP ARG, operation Mode is: A2*B2.
DSP Report: register xf_reg[1] is absorbed into DSP ARG.
DSP Report: register ARG is absorbed into DSP ARG.
DSP Report: operator ARG is absorbed into DSP ARG.
DSP Report: operator ARG is absorbed into DSP ARG.
DSP Report: Generating DSP ARG, operation Mode is: (PCIN>>17)+A2*B2.
DSP Report: register xf_reg[1] is absorbed into DSP ARG.
DSP Report: register inv32_reg is absorbed into DSP ARG.
DSP Report: operator ARG is absorbed into DSP ARG.
DSP Report: operator ARG is absorbed into DSP ARG.
DSP Report: Generating DSP ARG, operation Mode is: A''*B2.
DSP Report: register ARG is absorbed into DSP ARG.
DSP Report: register ARG is absorbed into DSP ARG.
DSP Report: register ARG is absorbed into DSP ARG.
DSP Report: operator ARG is absorbed into DSP ARG.
DSP Report: operator ARG is absorbed into DSP ARG.
DSP Report: Generating DSP ARG, operation Mode is: A2*B''.
DSP Report: register ARG is absorbed into DSP ARG.
DSP Report: register ARG is absorbed into DSP ARG.
DSP Report: register ARG is absorbed into DSP ARG.
DSP Report: operator ARG is absorbed into DSP ARG.
DSP Report: operator ARG is absorbed into DSP ARG.
DSP Report: Generating DSP ARG, operation Mode is: (PCIN>>17)+A2*B''.
DSP Report: register ARG is absorbed into DSP ARG.
DSP Report: register ARG is absorbed into DSP ARG.
DSP Report: register ARG is absorbed into DSP ARG.
DSP Report: operator ARG is absorbed into DSP ARG.
DSP Report: operator ARG is absorbed into DSP ARG.
DSP Report: Generating DSP ARG, operation Mode is: A2*B2.
DSP Report: register xf_reg[0] is absorbed into DSP ARG.
DSP Report: register ARG is absorbed into DSP ARG.
DSP Report: operator ARG is absorbed into DSP ARG.
DSP Report: operator ARG is absorbed into DSP ARG.
DSP Report: Generating DSP ARG, operation Mode is: (PCIN>>17)+A2*B2.
DSP Report: register xf_reg[0] is absorbed into DSP ARG.
DSP Report: register inv32_reg is absorbed into DSP ARG.
DSP Report: operator ARG is absorbed into DSP ARG.
DSP Report: operator ARG is absorbed into DSP ARG.
DSP Report: Generating DSP ARG, operation Mode is: A''*B2.
DSP Report: register ARG is absorbed into DSP ARG.
DSP Report: register ARG is absorbed into DSP ARG.
DSP Report: register ARG is absorbed into DSP ARG.
DSP Report: operator ARG is absorbed into DSP ARG.
DSP Report: operator ARG is absorbed into DSP ARG.
DSP Report: Generating DSP ARG, operation Mode is: A2*B''.
DSP Report: register ARG is absorbed into DSP ARG.
DSP Report: register ARG is absorbed into DSP ARG.
DSP Report: register ARG is absorbed into DSP ARG.
DSP Report: operator ARG is absorbed into DSP ARG.
DSP Report: operator ARG is absorbed into DSP ARG.
DSP Report: Generating DSP ARG, operation Mode is: (PCIN>>17)+A2*B''.
DSP Report: register ARG is absorbed into DSP ARG.
DSP Report: register ARG is absorbed into DSP ARG.
DSP Report: register ARG is absorbed into DSP ARG.
DSP Report: operator ARG is absorbed into DSP ARG.
DSP Report: operator ARG is absorbed into DSP ARG.
DSP Report: Generating DSP ARG, operation Mode is: A2*B2.
DSP Report: register rq_diff_reg is absorbed into DSP ARG.
DSP Report: register ARG is absorbed into DSP ARG.
DSP Report: operator ARG is absorbed into DSP ARG.
DSP Report: operator ARG is absorbed into DSP ARG.
DSP Report: Generating DSP mr_m_dy_reg, operation Mode is: (PCIN>>17)+A2*B2.
DSP Report: register rq_y_reg is absorbed into DSP mr_m_dy_reg.
DSP Report: register rq_diff_reg is absorbed into DSP mr_m_dy_reg.
DSP Report: register mr_m_dy_reg is absorbed into DSP mr_m_dy_reg.
DSP Report: operator ARG is absorbed into DSP mr_m_dy_reg.
DSP Report: operator ARG is absorbed into DSP mr_m_dy_reg.
DSP Report: Generating DSP ARG, operation Mode is: A2*B2.
DSP Report: register ARG is absorbed into DSP ARG.
DSP Report: register ARG is absorbed into DSP ARG.
DSP Report: operator ARG is absorbed into DSP ARG.
DSP Report: operator ARG is absorbed into DSP ARG.
DSP Report: Generating DSP mr_m_dy_reg, operation Mode is: (PCIN>>17)+A2*B2.
DSP Report: register rq_y_reg is absorbed into DSP mr_m_dy_reg.
DSP Report: register mr_m_dy_reg is absorbed into DSP mr_m_dy_reg.
DSP Report: register mr_m_dy_reg is absorbed into DSP mr_m_dy_reg.
DSP Report: operator ARG is absorbed into DSP mr_m_dy_reg.
DSP Report: operator ARG is absorbed into DSP mr_m_dy_reg.
DSP Report: Generating DSP ARG, operation Mode is: (A:0x13ccd)*B2.
DSP Report: register rq_y_reg is absorbed into DSP ARG.
DSP Report: operator ARG is absorbed into DSP ARG.
DSP Report: operator ARG is absorbed into DSP ARG.
DSP Report: Generating DSP mr_m_rt_reg, operation Mode is: (PCIN>>17)+A2*B.
DSP Report: register rq_y_reg is absorbed into DSP mr_m_rt_reg.
DSP Report: register mr_m_rt_reg is absorbed into DSP mr_m_rt_reg.
DSP Report: operator ARG is absorbed into DSP mr_m_rt_reg.
DSP Report: operator ARG is absorbed into DSP mr_m_rt_reg.
DSP Report: Generating DSP ARG, operation Mode is: A2*(B:0x13ccd).
DSP Report: register ARG is absorbed into DSP ARG.
DSP Report: operator ARG is absorbed into DSP ARG.
DSP Report: operator ARG is absorbed into DSP ARG.
DSP Report: Generating DSP mr_m_rt_reg, operation Mode is: (PCIN>>17)+A2*B.
DSP Report: register mr_m_rt_reg is absorbed into DSP mr_m_rt_reg.
DSP Report: register mr_m_rt_reg is absorbed into DSP mr_m_rt_reg.
DSP Report: operator ARG is absorbed into DSP mr_m_rt_reg.
DSP Report: operator ARG is absorbed into DSP mr_m_rt_reg.
DSP Report: Generating DSP ARG, operation Mode is: A2*B2.
DSP Report: register xf_reg[2] is absorbed into DSP ARG.
DSP Report: register ARG is absorbed into DSP ARG.
DSP Report: operator ARG is absorbed into DSP ARG.
DSP Report: operator ARG is absorbed into DSP ARG.
DSP Report: Generating DSP ARG, operation Mode is: (PCIN>>17)+A2*B2.
DSP Report: register xf_reg[2] is absorbed into DSP ARG.
DSP Report: register inv32_reg is absorbed into DSP ARG.
DSP Report: operator ARG is absorbed into DSP ARG.
DSP Report: operator ARG is absorbed into DSP ARG.
DSP Report: Generating DSP ARG, operation Mode is: A''*B2.
DSP Report: register ARG is absorbed into DSP ARG.
DSP Report: register ARG is absorbed into DSP ARG.
DSP Report: register ARG is absorbed into DSP ARG.
DSP Report: operator ARG is absorbed into DSP ARG.
DSP Report: operator ARG is absorbed into DSP ARG.
DSP Report: Generating DSP ARG, operation Mode is: A2*B''.
DSP Report: register ARG is absorbed into DSP ARG.
DSP Report: register ARG is absorbed into DSP ARG.
DSP Report: register ARG is absorbed into DSP ARG.
DSP Report: operator ARG is absorbed into DSP ARG.
DSP Report: operator ARG is absorbed into DSP ARG.
DSP Report: Generating DSP ARG, operation Mode is: (PCIN>>17)+A2*B''.
DSP Report: register ARG is absorbed into DSP ARG.
DSP Report: register ARG is absorbed into DSP ARG.
DSP Report: register ARG is absorbed into DSP ARG.
DSP Report: operator ARG is absorbed into DSP ARG.
DSP Report: operator ARG is absorbed into DSP ARG.
DSP Report: Generating DSP ARG, operation Mode is: A2*B2.
DSP Report: register rq_y_reg is absorbed into DSP ARG.
DSP Report: register ARG is absorbed into DSP ARG.
DSP Report: operator ARG is absorbed into DSP ARG.
DSP Report: operator ARG is absorbed into DSP ARG.
DSP Report: Generating DSP mr_m_yy_reg, operation Mode is: (PCIN>>17)+A2*B2.
DSP Report: register rq_y_reg is absorbed into DSP mr_m_yy_reg.
DSP Report: register rq_y_reg is absorbed into DSP mr_m_yy_reg.
DSP Report: register mr_m_yy_reg is absorbed into DSP mr_m_yy_reg.
DSP Report: operator ARG is absorbed into DSP mr_m_yy_reg.
DSP Report: operator ARG is absorbed into DSP mr_m_yy_reg.
DSP Report: Generating DSP ARG, operation Mode is: A2*B2.
DSP Report: register ARG is absorbed into DSP ARG.
DSP Report: register ARG is absorbed into DSP ARG.
DSP Report: operator ARG is absorbed into DSP ARG.
DSP Report: operator ARG is absorbed into DSP ARG.
DSP Report: Generating DSP mr_m_yy_reg, operation Mode is: (PCIN>>17)+A2*B2.
DSP Report: register rq_y_reg is absorbed into DSP mr_m_yy_reg.
DSP Report: register mr_m_yy_reg is absorbed into DSP mr_m_yy_reg.
DSP Report: register mr_m_yy_reg is absorbed into DSP mr_m_yy_reg.
DSP Report: operator ARG is absorbed into DSP mr_m_yy_reg.
DSP Report: operator ARG is absorbed into DSP mr_m_yy_reg.
DSP Report: Generating DSP ARG, operation Mode is: A''*B2.
DSP Report: register rq_smant_reg is absorbed into DSP ARG.
DSP Report: register ARG is absorbed into DSP ARG.
DSP Report: register ARG is absorbed into DSP ARG.
DSP Report: operator ARG is absorbed into DSP ARG.
DSP Report: operator ARG is absorbed into DSP ARG.
DSP Report: Generating DSP mr_m_sy_reg, operation Mode is: (PCIN>>17)+A2*B''.
DSP Report: register mr_p_yy_reg is absorbed into DSP mr_m_sy_reg.
DSP Report: register rq_y2_reg is absorbed into DSP mr_m_sy_reg.
DSP Report: register rq_smant_reg is absorbed into DSP mr_m_sy_reg.
DSP Report: register mr_m_sy_reg is absorbed into DSP mr_m_sy_reg.
DSP Report: operator ARG is absorbed into DSP mr_m_sy_reg.
DSP Report: operator ARG is absorbed into DSP mr_m_sy_reg.
DSP Report: Generating DSP ARG, operation Mode is: A2*B''.
DSP Report: register ARG is absorbed into DSP ARG.
DSP Report: register ARG is absorbed into DSP ARG.
DSP Report: register ARG is absorbed into DSP ARG.
DSP Report: operator ARG is absorbed into DSP ARG.
DSP Report: operator ARG is absorbed into DSP ARG.
DSP Report: Generating DSP mr_m_sy_reg, operation Mode is: (PCIN>>17)+A2*B''.
DSP Report: register mr_p_yy_reg is absorbed into DSP mr_m_sy_reg.
DSP Report: register rq_y2_reg is absorbed into DSP mr_m_sy_reg.
DSP Report: register mr_m_sy_reg is absorbed into DSP mr_m_sy_reg.
DSP Report: register mr_m_sy_reg is absorbed into DSP mr_m_sy_reg.
DSP Report: operator ARG is absorbed into DSP mr_m_sy_reg.
DSP Report: operator ARG is absorbed into DSP mr_m_sy_reg.
INFO: [Synth 8-3886] merging instance 'msb_p_reg[31]' (FDE) to 'msb_p_reg[30]'
INFO: [Synth 8-3886] merging instance 'msb_p_reg[6]' (FDE) to 'msb_p_reg[30]'
INFO: [Common 17-14] Message 'Synth 8-3886' appears 100 times and further instances of the messages will be disabled. Use the Tcl command set_msg_config to change the current settings.
INFO: [Synth 8-3333] propagating constant 0 across sequential element (\msb_p_reg[30] )
INFO: [Synth 8-3333] propagating constant 0 across sequential element (\shift_total_reg[6] )
DSP Report: Generating DSP pr_reg[0], operation Mode is: (A2*B2)'.
DSP Report: register pr_reg[0] is absorbed into DSP pr_reg[0].
DSP Report: register dl_reg[0] is absorbed into DSP pr_reg[0].
DSP Report: register pr_reg[0] is absorbed into DSP pr_reg[0].
DSP Report: operator ARG is absorbed into DSP pr_reg[0].
DSP Report: Generating DSP prod_reg[0], operation Mode is: (A2*B'')'.
DSP Report: register sm3_reg[0] is absorbed into DSP prod_reg[0].
DSP Report: register sm4_reg[0] is absorbed into DSP prod_reg[0].
DSP Report: register sig_reg[0] is absorbed into DSP prod_reg[0].
DSP Report: register prod_reg[0] is absorbed into DSP prod_reg[0].
DSP Report: operator ARG is absorbed into DSP prod_reg[0].
DSP Report: Generating DSP pr_reg[1], operation Mode is: (A2*B2)'.
DSP Report: register pr_reg[1] is absorbed into DSP pr_reg[1].
DSP Report: register dl_reg[1] is absorbed into DSP pr_reg[1].
DSP Report: register pr_reg[1] is absorbed into DSP pr_reg[1].
DSP Report: operator ARG is absorbed into DSP pr_reg[1].
DSP Report: Generating DSP prod_reg[1], operation Mode is: (A2*B'')'.
DSP Report: register sm3_reg[1] is absorbed into DSP prod_reg[1].
DSP Report: register sm4_reg[1] is absorbed into DSP prod_reg[1].
DSP Report: register sig_reg[1] is absorbed into DSP prod_reg[1].
DSP Report: register prod_reg[1] is absorbed into DSP prod_reg[1].
DSP Report: operator ARG is absorbed into DSP prod_reg[1].
DSP Report: Generating DSP pr_reg[2], operation Mode is: (A2*B2)'.
DSP Report: register pr_reg[2] is absorbed into DSP pr_reg[2].
DSP Report: register dl_reg[2] is absorbed into DSP pr_reg[2].
DSP Report: register pr_reg[2] is absorbed into DSP pr_reg[2].
DSP Report: operator ARG is absorbed into DSP pr_reg[2].
DSP Report: Generating DSP prod_reg[2], operation Mode is: (A2*B'')'.
DSP Report: register sm3_reg[2] is absorbed into DSP prod_reg[2].
DSP Report: register sm4_reg[2] is absorbed into DSP prod_reg[2].
DSP Report: register sig_reg[2] is absorbed into DSP prod_reg[2].
DSP Report: register prod_reg[2] is absorbed into DSP prod_reg[2].
DSP Report: operator ARG is absorbed into DSP prod_reg[2].
DSP Report: Generating DSP pr_reg[3], operation Mode is: (A2*B2)'.
DSP Report: register pr_reg[3] is absorbed into DSP pr_reg[3].
DSP Report: register dl_reg[3] is absorbed into DSP pr_reg[3].
DSP Report: register pr_reg[3] is absorbed into DSP pr_reg[3].
DSP Report: operator ARG is absorbed into DSP pr_reg[3].
DSP Report: Generating DSP prod_reg[3], operation Mode is: (A2*B'')'.
DSP Report: register sm3_reg[3] is absorbed into DSP prod_reg[3].
DSP Report: register sm4_reg[3] is absorbed into DSP prod_reg[3].
DSP Report: register sig_reg[3] is absorbed into DSP prod_reg[3].
DSP Report: register prod_reg[3] is absorbed into DSP prod_reg[3].
DSP Report: operator ARG is absorbed into DSP prod_reg[3].
DSP Report: Generating DSP pr_reg[6], operation Mode is: (A2*B2)'.
DSP Report: register pr_reg[6] is absorbed into DSP pr_reg[6].
DSP Report: register dl_reg[6] is absorbed into DSP pr_reg[6].
DSP Report: register pr_reg[6] is absorbed into DSP pr_reg[6].
DSP Report: operator ARG is absorbed into DSP pr_reg[6].
DSP Report: Generating DSP prod_reg[6], operation Mode is: (A2*B'')'.
DSP Report: register sm3_reg[6] is absorbed into DSP prod_reg[6].
DSP Report: register sm4_reg[6] is absorbed into DSP prod_reg[6].
DSP Report: register sig_reg[6] is absorbed into DSP prod_reg[6].
DSP Report: register prod_reg[6] is absorbed into DSP prod_reg[6].
DSP Report: operator ARG is absorbed into DSP prod_reg[6].
DSP Report: Generating DSP pr_reg[7], operation Mode is: (A2*B2)'.
DSP Report: register pr_reg[7] is absorbed into DSP pr_reg[7].
DSP Report: register dl_reg[7] is absorbed into DSP pr_reg[7].
DSP Report: register pr_reg[7] is absorbed into DSP pr_reg[7].
DSP Report: operator ARG is absorbed into DSP pr_reg[7].
DSP Report: Generating DSP prod_reg[7], operation Mode is: (A2*B'')'.
DSP Report: register sm3_reg[7] is absorbed into DSP prod_reg[7].
DSP Report: register sm4_reg[7] is absorbed into DSP prod_reg[7].
DSP Report: register sig_reg[7] is absorbed into DSP prod_reg[7].
DSP Report: register prod_reg[7] is absorbed into DSP prod_reg[7].
DSP Report: operator ARG is absorbed into DSP prod_reg[7].
DSP Report: Generating DSP pr_reg[5], operation Mode is: (A2*B2)'.
DSP Report: register pr_reg[5] is absorbed into DSP pr_reg[5].
DSP Report: register dl_reg[5] is absorbed into DSP pr_reg[5].
DSP Report: register pr_reg[5] is absorbed into DSP pr_reg[5].
DSP Report: operator ARG is absorbed into DSP pr_reg[5].
DSP Report: Generating DSP pr_reg[4], operation Mode is: (A2*B2)'.
DSP Report: register pr_reg[4] is absorbed into DSP pr_reg[4].
DSP Report: register dl_reg[4] is absorbed into DSP pr_reg[4].
DSP Report: register pr_reg[4] is absorbed into DSP pr_reg[4].
DSP Report: operator ARG is absorbed into DSP pr_reg[4].
INFO: [Synth 8-3333] propagating constant 0 across sequential element (\fr_reg[5][3] )
DSP Report: Generating DSP prod_reg[4], operation Mode is: (A2*B'')'.
DSP Report: register sm3_reg[4] is absorbed into DSP prod_reg[4].
DSP Report: register sm4_reg[4] is absorbed into DSP prod_reg[4].
DSP Report: register sig_reg[4] is absorbed into DSP prod_reg[4].
DSP Report: register prod_reg[4] is absorbed into DSP prod_reg[4].
DSP Report: operator ARG is absorbed into DSP prod_reg[4].
DSP Report: Generating DSP prod_reg[5], operation Mode is: (A2*B'')'.
DSP Report: register sm3_reg[5] is absorbed into DSP prod_reg[5].
DSP Report: register sm4_reg[5] is absorbed into DSP prod_reg[5].
DSP Report: register sig_reg[5] is absorbed into DSP prod_reg[5].
DSP Report: register prod_reg[5] is absorbed into DSP prod_reg[5].
DSP Report: operator ARG is absorbed into DSP prod_reg[5].
INFO: [Synth 8-4471] merging register 'wb_reg[0:0]' into 'wb_reg[0:0]' [/home/orencollaco/GitHub/llama.vhdl/rtl/gdn_y_emit.vhd:226]
INFO: [Synth 8-4471] merging register 'rb_reg[0:0]' into 'rb_reg[0:0]' [/home/orencollaco/GitHub/llama.vhdl/rtl/gdn_y_emit.vhd:245]
INFO: [Synth 8-4471] merging register 'w_h_reg[12:0]' into 'w_h_reg[12:0]' [/home/orencollaco/GitHub/llama.vhdl/rtl/gdn_y_emit.vhd:246]
INFO: [Synth 8-4471] merging register 'w_addr_reg[12:0]' into 'w_addr_reg[12:0]' [/home/orencollaco/GitHub/llama.vhdl/rtl/gdn_y_emit.vhd:246]
INFO: [Synth 8-4471] merging register 'r_addr_reg[12:0]' into 'r_addr_reg[12:0]' [/home/orencollaco/GitHub/llama.vhdl/rtl/gdn_y_emit.vhd:247]
INFO: [Synth 8-6904] The RAM "u_y/e_y_b_reg" of size (depth=2 x width=8) is automatically implemented using LUTRAM. BRAM implementation would be inefficient 
DSP Report: Generating DSP a_prod_reg, operation Mode is: (A*B)'.
DSP Report: register a_prod_reg is absorbed into DSP a_prod_reg.
DSP Report: operator a_prod0 is absorbed into DSP a_prod_reg.
INFO: [Synth 8-6904] The RAM "u_y/ep_reg" of size (depth=64 x width=8) is automatically implemented using LUTRAM. BRAM implementation would be inefficient 
INFO: [Synth 8-4471] merging register 'si_rd_reg[4:0]' into 'si_rd_reg[4:0]' [/home/orencollaco/GitHub/llama.vhdl/rtl/gdn_emit_chain.vhd:327]
INFO: [Synth 8-5555] Implemented Block Ram Cascade chain of height 4 and width 18 for RAM "u_y/mem_reg"
INFO: [Synth 8-5555] Implemented Block Ram Cascade chain of height 2 and width 9 for RAM "u_y/mem_reg"
INFO: [Synth 8-7030] Implemented Non-Cascaded Block Ram (cascade_height = 1) of width 4 for RAM "u_y/mem_reg"
INFO: [Synth 8-7030] Implemented Non-Cascaded Block Ram (cascade_height = 1) of width 1 for RAM "u_y/mem_reg"
INFO: [Synth 8-6904] The RAM "u_y/e_y_b_reg" of size (depth=2 x width=8) is automatically implemented using LUTRAM. BRAM implementation would be inefficient 
INFO: [Synth 8-6904] The RAM "u_y/ep_reg" of size (depth=64 x width=8) is automatically implemented using LUTRAM. BRAM implementation would be inefficient 
INFO: [Synth 8-4471] merging register 'wr_idx_reg[7:0]' into 'wr_idx_reg[7:0]' [/home/orencollaco/GitHub/llama.vhdl/rtl/gdn_head_emit.vhd:258]
INFO: [Synth 8-4471] merging register 'rd_idx_reg[7:0]' into 'rd_idx_reg[7:0]' [/home/orencollaco/GitHub/llama.vhdl/rtl/gdn_head_emit.vhd:258]
INFO: [Synth 8-6904] The RAM "u_head/e_h_b_reg" of size (depth=2 x width=8) is automatically implemented using LUTRAM. BRAM implementation would be inefficient 
INFO: [Synth 8-6904] The RAM "u_head/e_h_b_reg" of size (depth=2 x width=8) is automatically implemented using LUTRAM. BRAM implementation would be inefficient 
DSP Report: Generating DSP pr_reg[0], operation Mode is: (A2*B2)'.
DSP Report: register pr_reg[0] is absorbed into DSP pr_reg[0].
DSP Report: register dl_reg[0] is absorbed into DSP pr_reg[0].
DSP Report: register pr_reg[0] is absorbed into DSP pr_reg[0].
DSP Report: operator ARG is absorbed into DSP pr_reg[0].
DSP Report: Generating DSP prod_reg[0], operation Mode is: (A2*B'')'.
DSP Report: register sm3_reg[0] is absorbed into DSP prod_reg[0].
DSP Report: register sm4_reg[0] is absorbed into DSP prod_reg[0].
DSP Report: register sig_reg[0] is absorbed into DSP prod_reg[0].
DSP Report: register prod_reg[0] is absorbed into DSP prod_reg[0].
DSP Report: operator ARG is absorbed into DSP prod_reg[0].
DSP Report: Generating DSP pr_reg[1], operation Mode is: (A2*B2)'.
DSP Report: register pr_reg[1] is absorbed into DSP pr_reg[1].
DSP Report: register dl_reg[1] is absorbed into DSP pr_reg[1].
DSP Report: register pr_reg[1] is absorbed into DSP pr_reg[1].
DSP Report: operator ARG is absorbed into DSP pr_reg[1].
DSP Report: Generating DSP prod_reg[1], operation Mode is: (A2*B'')'.
DSP Report: register sm3_reg[1] is absorbed into DSP prod_reg[1].
DSP Report: register sm4_reg[1] is absorbed into DSP prod_reg[1].
DSP Report: register sig_reg[1] is absorbed into DSP prod_reg[1].
DSP Report: register prod_reg[1] is absorbed into DSP prod_reg[1].
DSP Report: operator ARG is absorbed into DSP prod_reg[1].
DSP Report: Generating DSP pr_reg[2], operation Mode is: (A2*B2)'.
DSP Report: register pr_reg[2] is absorbed into DSP pr_reg[2].
DSP Report: register dl_reg[2] is absorbed into DSP pr_reg[2].
DSP Report: register pr_reg[2] is absorbed into DSP pr_reg[2].
DSP Report: operator ARG is absorbed into DSP pr_reg[2].
DSP Report: Generating DSP prod_reg[2], operation Mode is: (A2*B'')'.
DSP Report: register sm3_reg[2] is absorbed into DSP prod_reg[2].
DSP Report: register sm4_reg[2] is absorbed into DSP prod_reg[2].
DSP Report: register sig_reg[2] is absorbed into DSP prod_reg[2].
DSP Report: register prod_reg[2] is absorbed into DSP prod_reg[2].
DSP Report: operator ARG is absorbed into DSP prod_reg[2].
DSP Report: Generating DSP pr_reg[3], operation Mode is: (A2*B2)'.
DSP Report: register pr_reg[3] is absorbed into DSP pr_reg[3].
DSP Report: register dl_reg[3] is absorbed into DSP pr_reg[3].
DSP Report: register pr_reg[3] is absorbed into DSP pr_reg[3].
DSP Report: operator ARG is absorbed into DSP pr_reg[3].
DSP Report: Generating DSP prod_reg[3], operation Mode is: (A2*B'')'.
DSP Report: register sm3_reg[3] is absorbed into DSP prod_reg[3].
DSP Report: register sm4_reg[3] is absorbed into DSP prod_reg[3].
DSP Report: register sig_reg[3] is absorbed into DSP prod_reg[3].
DSP Report: register prod_reg[3] is absorbed into DSP prod_reg[3].
DSP Report: operator ARG is absorbed into DSP prod_reg[3].
INFO: [Synth 8-3333] propagating constant 0 across sequential element (u_silu_conv/\fr_reg[3][3] )
DSP Report: Generating DSP p1_reg[1][0], operation Mode is: (A2*B2)'.
DSP Report: register wf_reg[1][0] is absorbed into DSP p1_reg[1][0].
DSP Report: register xf_reg[1][0] is absorbed into DSP p1_reg[1][0].
DSP Report: register p1_reg[1][0] is absorbed into DSP p1_reg[1][0].
DSP Report: operator ARG is absorbed into DSP p1_reg[1][0].
DSP Report: Generating DSP p1_reg[2][0], operation Mode is: (A2*B2)'.
DSP Report: register wf_reg[2][0] is absorbed into DSP p1_reg[2][0].
DSP Report: register xf_reg[2][0] is absorbed into DSP p1_reg[2][0].
DSP Report: register p1_reg[2][0] is absorbed into DSP p1_reg[2][0].
DSP Report: operator ARG is absorbed into DSP p1_reg[2][0].
DSP Report: Generating DSP p1_reg[3][0], operation Mode is: (A2*B2)'.
DSP Report: register wf_reg[3][0] is absorbed into DSP p1_reg[3][0].
DSP Report: register xf_reg[3][0] is absorbed into DSP p1_reg[3][0].
DSP Report: register p1_reg[3][0] is absorbed into DSP p1_reg[3][0].
DSP Report: operator ARG is absorbed into DSP p1_reg[3][0].
DSP Report: Generating DSP p1_reg[0][0], operation Mode is: (A2*B2)'.
DSP Report: register wf_reg[0][0] is absorbed into DSP p1_reg[0][0].
DSP Report: register xf_reg[0][0] is absorbed into DSP p1_reg[0][0].
DSP Report: register p1_reg[0][0] is absorbed into DSP p1_reg[0][0].
DSP Report: operator ARG is absorbed into DSP p1_reg[0][0].
DSP Report: Generating DSP p1_reg[1][1], operation Mode is: (A2*B2)'.
DSP Report: register wf_reg[1][1] is absorbed into DSP p1_reg[1][1].
DSP Report: register xf_reg[1][1] is absorbed into DSP p1_reg[1][1].
DSP Report: register p1_reg[1][1] is absorbed into DSP p1_reg[1][1].
DSP Report: operator ARG is absorbed into DSP p1_reg[1][1].
DSP Report: Generating DSP p1_reg[2][1], operation Mode is: (A2*B2)'.
DSP Report: register wf_reg[2][1] is absorbed into DSP p1_reg[2][1].
DSP Report: register xf_reg[2][1] is absorbed into DSP p1_reg[2][1].
DSP Report: register p1_reg[2][1] is absorbed into DSP p1_reg[2][1].
DSP Report: operator ARG is absorbed into DSP p1_reg[2][1].
DSP Report: Generating DSP p1_reg[3][1], operation Mode is: (A2*B2)'.
DSP Report: register wf_reg[3][1] is absorbed into DSP p1_reg[3][1].
DSP Report: register xf_reg[3][1] is absorbed into DSP p1_reg[3][1].
DSP Report: register p1_reg[3][1] is absorbed into DSP p1_reg[3][1].
DSP Report: operator ARG is absorbed into DSP p1_reg[3][1].
DSP Report: Generating DSP p1_reg[0][1], operation Mode is: (A2*B2)'.
DSP Report: register wf_reg[0][1] is absorbed into DSP p1_reg[0][1].
DSP Report: register xf_reg[0][1] is absorbed into DSP p1_reg[0][1].
DSP Report: register p1_reg[0][1] is absorbed into DSP p1_reg[0][1].
DSP Report: operator ARG is absorbed into DSP p1_reg[0][1].
DSP Report: Generating DSP p1_reg[1][2], operation Mode is: (A2*B2)'.
DSP Report: register wf_reg[1][2] is absorbed into DSP p1_reg[1][2].
DSP Report: register xf_reg[1][2] is absorbed into DSP p1_reg[1][2].
DSP Report: register p1_reg[1][2] is absorbed into DSP p1_reg[1][2].
DSP Report: operator ARG is absorbed into DSP p1_reg[1][2].
DSP Report: Generating DSP p1_reg[2][2], operation Mode is: (A2*B2)'.
DSP Report: register wf_reg[2][2] is absorbed into DSP p1_reg[2][2].
DSP Report: register xf_reg[2][2] is absorbed into DSP p1_reg[2][2].
DSP Report: register p1_reg[2][2] is absorbed into DSP p1_reg[2][2].
DSP Report: operator ARG is absorbed into DSP p1_reg[2][2].
DSP Report: Generating DSP p1_reg[3][2], operation Mode is: (A2*B2)'.
DSP Report: register wf_reg[3][2] is absorbed into DSP p1_reg[3][2].
DSP Report: register xf_reg[3][2] is absorbed into DSP p1_reg[3][2].
DSP Report: register p1_reg[3][2] is absorbed into DSP p1_reg[3][2].
DSP Report: operator ARG is absorbed into DSP p1_reg[3][2].
DSP Report: Generating DSP p1_reg[0][2], operation Mode is: (A2*B2)'.
DSP Report: register wf_reg[0][2] is absorbed into DSP p1_reg[0][2].
DSP Report: register xf_reg[0][2] is absorbed into DSP p1_reg[0][2].
DSP Report: register p1_reg[0][2] is absorbed into DSP p1_reg[0][2].
DSP Report: operator ARG is absorbed into DSP p1_reg[0][2].
DSP Report: Generating DSP p1_reg[1][3], operation Mode is: (A2*B2)'.
DSP Report: register wf_reg[1][3] is absorbed into DSP p1_reg[1][3].
DSP Report: register xf_reg[1][3] is absorbed into DSP p1_reg[1][3].
DSP Report: register p1_reg[1][3] is absorbed into DSP p1_reg[1][3].
DSP Report: operator ARG is absorbed into DSP p1_reg[1][3].
DSP Report: Generating DSP p1_reg[2][3], operation Mode is: (A2*B2)'.
DSP Report: register wf_reg[2][3] is absorbed into DSP p1_reg[2][3].
DSP Report: register xf_reg[2][3] is absorbed into DSP p1_reg[2][3].
DSP Report: register p1_reg[2][3] is absorbed into DSP p1_reg[2][3].
DSP Report: operator ARG is absorbed into DSP p1_reg[2][3].
DSP Report: Generating DSP p1_reg[3][3], operation Mode is: (A2*B2)'.
DSP Report: register wf_reg[3][3] is absorbed into DSP p1_reg[3][3].
DSP Report: register xf_reg[3][3] is absorbed into DSP p1_reg[3][3].
DSP Report: register p1_reg[3][3] is absorbed into DSP p1_reg[3][3].
DSP Report: operator ARG is absorbed into DSP p1_reg[3][3].
DSP Report: Generating DSP p1_reg[0][3], operation Mode is: (A2*B2)'.
DSP Report: register wf_reg[0][3] is absorbed into DSP p1_reg[0][3].
DSP Report: register xf_reg[0][3] is absorbed into DSP p1_reg[0][3].
DSP Report: register p1_reg[0][3] is absorbed into DSP p1_reg[0][3].
DSP Report: operator ARG is absorbed into DSP p1_reg[0][3].
INFO: [Synth 8-6904] The RAM "gdn_block__GCB1/u_exp/mem_reg" of size (depth=72 x width=32) is automatically implemented using LUTRAM. BRAM implementation would be inefficient 
WARNING: [Synth 8-7129] Port nch[1] in module gdn_conv is either unconnected or has no load
WARNING: [Synth 8-7129] Port nch[0] in module gdn_conv is either unconnected or has no load
RAM ("u_conv/acc_mem_reg") is too shallow (depth = 1024) to use URAM. Choosing BRAM instead of URAM 
INFO: [Synth 8-7030] Implemented Non-Cascaded Block Ram (cascade_height = 1) of width 36 for RAM "u_conv/acc_mem_reg"
INFO: [Synth 8-7030] Implemented Non-Cascaded Block Ram (cascade_height = 1) of width 36 for RAM "u_conv/acc_mem_reg"
INFO: [Synth 8-7030] Implemented Non-Cascaded Block Ram (cascade_height = 1) of width 36 for RAM "u_conv/acc_mem_reg"
INFO: [Synth 8-7030] Implemented Non-Cascaded Block Ram (cascade_height = 1) of width 28 for RAM "u_conv/acc_mem_reg"
INFO: [Synth 8-6904] The RAM "gdn_block__GCB1/u_exp/mem_reg" of size (depth=72 x width=32) is automatically implemented using LUTRAM. BRAM implementation would be inefficient 
INFO: [Synth 8-3333] propagating constant 0 across sequential element (u_conv/\shf_reg[2][8] )
INFO: [Synth 8-3333] propagating constant 0 across sequential element (u_conv/\shf_reg[2][6] )
INFO: [Synth 8-3333] propagating constant 0 across sequential element (u_conv/\bias_reg[32] )
WARNING: [Synth 8-6040] Register ip_k_reg_rep_rep driving address of a ROM cannot be packed in BRAM/URAM because of presence of initial value.
WARNING: [Synth 8-6040] Register ip_k_reg_rep_rep driving address of a ROM cannot be packed in BRAM/URAM because of presence of initial value.
WARNING: [Synth 8-6040] Register ip_k_reg_rep_rep driving address of a ROM cannot be packed in BRAM/URAM because of presence of initial value.
WARNING: [Synth 8-6040] Register ip_k_reg_rep_rep driving address of a ROM cannot be packed in BRAM/URAM because of presence of initial value.
WARNING: [Synth 8-6040] Register ip_k_reg_rep driving address of a ROM cannot be packed in BRAM/URAM because of presence of initial value.
WARNING: [Synth 8-6040] Register ip_k_reg_rep_rep driving address of a ROM cannot be packed in BRAM/URAM because of presence of initial value.
INFO: [Synth 8-5845] Not enough pipeline registers after wide multiplier. Recommended levels of pipeline registers is 4 [/home/orencollaco/GitHub/llama.vhdl/rtl/gdn_scalar.vhd:319]
INFO: [Synth 8-5845] Not enough pipeline registers after wide multiplier. Recommended levels of pipeline registers is 3 [/home/orencollaco/GitHub/llama.vhdl/rtl/gdn_scalar.vhd:337]
DSP Report: Generating DSP ARG, operation Mode is: A2*B.
DSP Report: register ARG is absorbed into DSP ARG.
DSP Report: operator ARG is absorbed into DSP ARG.
DSP Report: operator ARG is absorbed into DSP ARG.
DSP Report: Generating DSP ip_p_reg, operation Mode is: (PCIN>>17)+A*B2.
DSP Report: register ip_frac_reg is absorbed into DSP ip_p_reg.
DSP Report: register ip_p_reg is absorbed into DSP ip_p_reg.
DSP Report: operator ARG is absorbed into DSP ip_p_reg.
DSP Report: operator ARG is absorbed into DSP ip_p_reg.
DSP Report: Generating DSP ARG, operation Mode is: A*B2.
DSP Report: register ARG is absorbed into DSP ARG.
DSP Report: operator ARG is absorbed into DSP ARG.
DSP Report: operator ARG is absorbed into DSP ARG.
DSP Report: Generating DSP ip_p_reg, operation Mode is: (PCIN>>17)+A*B2.
DSP Report: register ip_frac_reg is absorbed into DSP ip_p_reg.
DSP Report: register ip_p_reg is absorbed into DSP ip_p_reg.
DSP Report: operator ARG is absorbed into DSP ip_p_reg.
DSP Report: operator ARG is absorbed into DSP ip_p_reg.
DSP Report: Generating DSP gp_reg, operation Mode is: (A2*B)'.
DSP Report: register gp_reg is absorbed into DSP gp_reg.
DSP Report: register gp_reg is absorbed into DSP gp_reg.
DSP Report: operator ARG is absorbed into DSP gp_reg.
DSP Report: operator ARG is absorbed into DSP gp_reg.
DSP Report: Generating DSP ARG, operation Mode is: A2*B.
DSP Report: register ARG is absorbed into DSP ARG.
DSP Report: operator ARG is absorbed into DSP ARG.
DSP Report: operator ARG is absorbed into DSP ARG.
DSP Report: Generating DSP gp_reg, operation Mode is: (PCIN>>17)+A2*B.
DSP Report: register gp_reg is absorbed into DSP gp_reg.
DSP Report: register gp_reg is absorbed into DSP gp_reg.
DSP Report: operator ARG is absorbed into DSP gp_reg.
DSP Report: operator ARG is absorbed into DSP gp_reg.
INFO: [Synth 8-4471] merging register 'st_rc_i_reg[6:0]' into 'st_rc_i_reg[6:0]' [/home/orencollaco/GitHub/llama.vhdl/rtl/gdn_block.vhd:618]
INFO: [Synth 8-6904] The RAM "gdn_block__GCB2/beta_b_reg" of size (depth=32 x width=16) is automatically implemented using LUTRAM. BRAM implementation would be inefficient 
INFO: [Synth 8-6904] The RAM "gdn_block__GCB2/eg_b_reg" of size (depth=32 x width=16) is automatically implemented using LUTRAM. BRAM implementation would be inefficient 
INFO: [Synth 8-6904] The RAM "gdn_block__GCB2/beta_b_reg" of size (depth=32 x width=16) is automatically implemented using LUTRAM. BRAM implementation would be inefficient 
INFO: [Synth 8-6904] The RAM "gdn_block__GCB2/eg_b_reg" of size (depth=32 x width=16) is automatically implemented using LUTRAM. BRAM implementation would be inefficient 
INFO: [Synth 8-3333] propagating constant 0 across sequential element (u_scal/\ip_lo_reg[31] )
INFO: [Synth 8-3333] propagating constant 0 across sequential element (u_scal/\ip_ret_reg[0] )
INFO: [Synth 8-3333] propagating constant 0 across sequential element (\nbeat_reg[8] )
WARNING: [Synth 8-3332] Sequential element (ip_p_reg[47]) is unused and will be removed from module gdn_scalar.
WARNING: [Synth 8-3332] Sequential element (ip_p_reg[46]) is unused and will be removed from module gdn_scalar.
WARNING: [Synth 8-3332] Sequential element (ip_p_reg[45]) is unused and will be removed from module gdn_scalar.
WARNING: [Synth 8-3332] Sequential element (ip_p_reg[44]) is unused and will be removed from module gdn_scalar.
WARNING: [Synth 8-3332] Sequential element (ip_p_reg[43]) is unused and will be removed from module gdn_scalar.
WARNING: [Synth 8-3332] Sequential element (ip_p_reg[42]) is unused and will be removed from module gdn_scalar.
WARNING: [Synth 8-3332] Sequential element (ip_p_reg[41]) is unused and will be removed from module gdn_scalar.
WARNING: [Synth 8-3332] Sequential element (ip_p_reg[40]) is unused and will be removed from module gdn_scalar.
WARNING: [Synth 8-3332] Sequential element (ip_p_reg[39]) is unused and will be removed from module gdn_scalar.
WARNING: [Synth 8-3332] Sequential element (ip_p_reg[38]) is unused and will be removed from module gdn_scalar.
WARNING: [Synth 8-3332] Sequential element (ip_p_reg[37]) is unused and will be removed from module gdn_scalar.
WARNING: [Synth 8-3332] Sequential element (ip_p_reg[36]) is unused and will be removed from module gdn_scalar.
WARNING: [Synth 8-3332] Sequential element (ip_p_reg[35]) is unused and will be removed from module gdn_scalar.
WARNING: [Synth 8-3332] Sequential element (ip_p_reg[34]) is unused and will be removed from module gdn_scalar.
WARNING: [Synth 8-3332] Sequential element (ip_p_reg[33]) is unused and will be removed from module gdn_scalar.
WARNING: [Synth 8-3332] Sequential element (ip_p_reg[32]) is unused and will be removed from module gdn_scalar.
WARNING: [Synth 8-3332] Sequential element (ip_p_reg[31]) is unused and will be removed from module gdn_scalar.
WARNING: [Synth 8-3332] Sequential element (ip_p_reg[30]) is unused and will be removed from module gdn_scalar.
WARNING: [Synth 8-3332] Sequential element (ip_p_reg[29]) is unused and will be removed from module gdn_scalar.
WARNING: [Synth 8-3332] Sequential element (ip_p_reg[28]) is unused and will be removed from module gdn_scalar.
WARNING: [Synth 8-3332] Sequential element (ip_p_reg[27]) is unused and will be removed from module gdn_scalar.
WARNING: [Synth 8-3332] Sequential element (ip_p_reg[26]) is unused and will be removed from module gdn_scalar.
WARNING: [Synth 8-3332] Sequential element (ip_p_reg[25]) is unused and will be removed from module gdn_scalar.
WARNING: [Synth 8-3332] Sequential element (ip_p_reg[24]) is unused and will be removed from module gdn_scalar.
WARNING: [Synth 8-3332] Sequential element (ip_p_reg[23]) is unused and will be removed from module gdn_scalar.
WARNING: [Synth 8-3332] Sequential element (ip_p_reg[22]) is unused and will be removed from module gdn_scalar.
WARNING: [Synth 8-3332] Sequential element (ip_p_reg[21]) is unused and will be removed from module gdn_scalar.
WARNING: [Synth 8-3332] Sequential element (ip_p_reg[20]) is unused and will be removed from module gdn_scalar.
WARNING: [Synth 8-3332] Sequential element (ip_p_reg[19]) is unused and will be removed from module gdn_scalar.
WARNING: [Synth 8-3332] Sequential element (ip_p_reg[18]) is unused and will be removed from module gdn_scalar.
WARNING: [Synth 8-3332] Sequential element (ip_p_reg[17]) is unused and will be removed from module gdn_scalar.
WARNING: [Synth 8-3332] Sequential element (ip_p_reg[47]__0) is unused and will be removed from module gdn_scalar.
WARNING: [Synth 8-3332] Sequential element (ip_p_reg[46]__0) is unused and will be removed from module gdn_scalar.
WARNING: [Synth 8-3332] Sequential element (ip_p_reg[45]__0) is unused and will be removed from module gdn_scalar.
WARNING: [Synth 8-3332] Sequential element (ip_p_reg[44]__0) is unused and will be removed from module gdn_scalar.
WARNING: [Synth 8-3332] Sequential element (ip_p_reg[43]__0) is unused and will be removed from module gdn_scalar.
WARNING: [Synth 8-3332] Sequential element (ip_p_reg[42]__0) is unused and will be removed from module gdn_scalar.
WARNING: [Synth 8-3332] Sequential element (ip_p_reg[41]__0) is unused and will be removed from module gdn_scalar.
WARNING: [Synth 8-3332] Sequential element (ip_p_reg[40]__0) is unused and will be removed from module gdn_scalar.
WARNING: [Synth 8-3332] Sequential element (ip_p_reg[39]__0) is unused and will be removed from module gdn_scalar.
WARNING: [Synth 8-3332] Sequential element (ip_p_reg[38]__0) is unused and will be removed from module gdn_scalar.
WARNING: [Synth 8-3332] Sequential element (ip_p_reg[37]__0) is unused and will be removed from module gdn_scalar.
WARNING: [Synth 8-3332] Sequential element (ip_p_reg[36]__0) is unused and will be removed from module gdn_scalar.
WARNING: [Synth 8-3332] Sequential element (ip_p_reg[35]__0) is unused and will be removed from module gdn_scalar.
WARNING: [Synth 8-3332] Sequential element (ip_p_reg[34]__0) is unused and will be removed from module gdn_scalar.
WARNING: [Synth 8-3332] Sequential element (ip_p_reg[33]__0) is unused and will be removed from module gdn_scalar.
WARNING: [Synth 8-3332] Sequential element (ip_p_reg[32]__0) is unused and will be removed from module gdn_scalar.
WARNING: [Synth 8-3332] Sequential element (ip_p_reg[31]__0) is unused and will be removed from module gdn_scalar.
WARNING: [Synth 8-3332] Sequential element (ip_p_reg[30]__0) is unused and will be removed from module gdn_scalar.
WARNING: [Synth 8-3332] Sequential element (ip_p_reg[29]__0) is unused and will be removed from module gdn_scalar.
WARNING: [Synth 8-3332] Sequential element (ip_p_reg[28]__0) is unused and will be removed from module gdn_scalar.
WARNING: [Synth 8-3332] Sequential element (ip_p_reg[27]__0) is unused and will be removed from module gdn_scalar.
WARNING: [Synth 8-3332] Sequential element (ip_p_reg[26]__0) is unused and will be removed from module gdn_scalar.
WARNING: [Synth 8-3332] Sequential element (ip_p_reg[25]__0) is unused and will be removed from module gdn_scalar.
WARNING: [Synth 8-3332] Sequential element (ip_p_reg[24]__0) is unused and will be removed from module gdn_scalar.
WARNING: [Synth 8-3332] Sequential element (ip_p_reg[23]__0) is unused and will be removed from module gdn_scalar.
WARNING: [Synth 8-3332] Sequential element (ip_p_reg[22]__0) is unused and will be removed from module gdn_scalar.
WARNING: [Synth 8-3332] Sequential element (ip_p_reg[21]__0) is unused and will be removed from module gdn_scalar.
WARNING: [Synth 8-3332] Sequential element (ip_p_reg[20]__0) is unused and will be removed from module gdn_scalar.
WARNING: [Synth 8-3332] Sequential element (ip_p_reg[19]__0) is unused and will be removed from module gdn_scalar.
WARNING: [Synth 8-3332] Sequential element (ip_p_reg[18]__0) is unused and will be removed from module gdn_scalar.
WARNING: [Synth 8-3332] Sequential element (ip_p_reg[17]__0) is unused and will be removed from module gdn_scalar.
WARNING: [Synth 8-3332] Sequential element (ip_p_reg[15]__0) is unused and will be removed from module gdn_scalar.
WARNING: [Synth 8-3332] Sequential element (ip_p_reg[14]__0) is unused and will be removed from module gdn_scalar.
WARNING: [Synth 8-3332] Sequential element (ip_p_reg[13]__0) is unused and will be removed from module gdn_scalar.
WARNING: [Synth 8-3332] Sequential element (ip_p_reg[12]__0) is unused and will be removed from module gdn_scalar.
WARNING: [Synth 8-3332] Sequential element (ip_p_reg[11]__0) is unused and will be removed from module gdn_scalar.
WARNING: [Synth 8-3332] Sequential element (ip_p_reg[10]__0) is unused and will be removed from module gdn_scalar.
WARNING: [Synth 8-3332] Sequential element (ip_p_reg[9]__0) is unused and will be removed from module gdn_scalar.
WARNING: [Synth 8-3332] Sequential element (ip_p_reg[8]__0) is unused and will be removed from module gdn_scalar.
WARNING: [Synth 8-3332] Sequential element (ip_p_reg[7]__0) is unused and will be removed from module gdn_scalar.
WARNING: [Synth 8-3332] Sequential element (ip_p_reg[6]__0) is unused and will be removed from module gdn_scalar.
WARNING: [Synth 8-3332] Sequential element (ip_p_reg[5]__0) is unused and will be removed from module gdn_scalar.
WARNING: [Synth 8-3332] Sequential element (ip_p_reg[4]__0) is unused and will be removed from module gdn_scalar.
WARNING: [Synth 8-3332] Sequential element (ip_p_reg[3]__0) is unused and will be removed from module gdn_scalar.
WARNING: [Synth 8-3332] Sequential element (ip_p_reg[2]__0) is unused and will be removed from module gdn_scalar.
WARNING: [Synth 8-3332] Sequential element (ip_p_reg[1]__0) is unused and will be removed from module gdn_scalar.
WARNING: [Synth 8-3332] Sequential element (ip_p_reg[0]__0) is unused and will be removed from module gdn_scalar.
WARNING: [Synth 8-3332] Sequential element (gp_reg[47]) is unused and will be removed from module gdn_scalar.
WARNING: [Synth 8-3332] Sequential element (gp_reg[46]) is unused and will be removed from module gdn_scalar.
WARNING: [Synth 8-3332] Sequential element (gp_reg[45]) is unused and will be removed from module gdn_scalar.
WARNING: [Synth 8-3332] Sequential element (gp_reg[44]) is unused and will be removed from module gdn_scalar.
WARNING: [Synth 8-3332] Sequential element (gp_reg[43]) is unused and will be removed from module gdn_scalar.
WARNING: [Synth 8-3332] Sequential element (gp_reg[42]) is unused and will be removed from module gdn_scalar.
WARNING: [Synth 8-3332] Sequential element (gp_reg[41]) is unused and will be removed from module gdn_scalar.
WARNING: [Synth 8-3332] Sequential element (gp_reg[40]) is unused and will be removed from module gdn_scalar.
WARNING: [Synth 8-3332] Sequential element (gp_reg[39]) is unused and will be removed from module gdn_scalar.
WARNING: [Synth 8-3332] Sequential element (gp_reg[38]) is unused and will be removed from module gdn_scalar.
WARNING: [Synth 8-3332] Sequential element (gp_reg[37]) is unused and will be removed from module gdn_scalar.
WARNING: [Synth 8-3332] Sequential element (gp_reg[36]) is unused and will be removed from module gdn_scalar.
WARNING: [Synth 8-3332] Sequential element (gp_reg[35]) is unused and will be removed from module gdn_scalar.
WARNING: [Synth 8-3332] Sequential element (gp_reg[34]) is unused and will be removed from module gdn_scalar.
WARNING: [Synth 8-3332] Sequential element (gp_reg[33]) is unused and will be removed from module gdn_scalar.
WARNING: [Synth 8-3332] Sequential element (gp_reg[32]) is unused and will be removed from module gdn_scalar.
WARNING: [Synth 8-3332] Sequential element (gp_reg[31]) is unused and will be removed from module gdn_scalar.
WARNING: [Synth 8-3332] Sequential element (gp_reg[30]) is unused and will be removed from module gdn_scalar.
WARNING: [Synth 8-3332] Sequential element (gp_reg[29]) is unused and will be removed from module gdn_scalar.
WARNING: [Synth 8-3332] Sequential element (gp_reg[28]) is unused and will be removed from module gdn_scalar.
WARNING: [Synth 8-3332] Sequential element (gp_reg[27]) is unused and will be removed from module gdn_scalar.
WARNING: [Synth 8-3332] Sequential element (gp_reg[26]) is unused and will be removed from module gdn_scalar.
INFO: [Common 17-14] Message 'Synth 8-3332' appears 100 times and further instances of the messages will be disabled. Use the Tcl command set_msg_config to change the current settings.
INFO: [Common 17-14] Message 'Synth 8-3332' appears 100 times and further instances of the messages will be disabled. Use the Tcl command set_msg_config to change the current settings.
INFO: [Synth 8-4471] merging register 'xa_reg[1][15:0]' into 'xa_reg[1][15:0]' [/home/orencollaco/GitHub/llama.vhdl/rtl/l2norm_rs.vhd:291]
INFO: [Synth 8-4471] merging register 'xa_reg[2][15:0]' into 'xa_reg[2][15:0]' [/home/orencollaco/GitHub/llama.vhdl/rtl/l2norm_rs.vhd:291]
INFO: [Synth 8-4471] merging register 'xa_reg[3][15:0]' into 'xa_reg[3][15:0]' [/home/orencollaco/GitHub/llama.vhdl/rtl/l2norm_rs.vhd:291]
INFO: [Synth 8-4471] merging register 'xa_reg[0][15:0]' into 'xa_reg[0][15:0]' [/home/orencollaco/GitHub/llama.vhdl/rtl/l2norm_rs.vhd:291]
WARNING: [Synth 8-3936] Found unconnected internal register 'sh_q_reg' and it is trimmed from '32' to '31' bits. [/home/orencollaco/GitHub/llama.vhdl/rtl/l2norm_rs.vhd:441]
WARNING: [Synth 8-3936] Found unconnected internal register 'sh_k_reg' and it is trimmed from '32' to '31' bits. [/home/orencollaco/GitHub/llama.vhdl/rtl/l2norm_rs.vhd:434]
INFO: [Synth 8-5546] ROM "state" won't be mapped to RAM because it is too sparse
INFO: [Synth 8-5546] ROM "rq_y" won't be mapped to RAM because it is too sparse
INFO: [Synth 8-5587] ROM size for "mr_m" is below threshold of ROM address width. It will be mapped to LUTs
INFO: [Synth 8-5546] ROM "rq_y2" won't be mapped to RAM because it is too sparse
INFO: [Synth 8-5546] ROM "rq_diff" won't be mapped to RAM because it is too sparse
INFO: [Synth 8-5845] Not enough pipeline registers after wide multiplier. Recommended levels of pipeline registers is 4 [/home/orencollaco/GitHub/llama.vhdl/rtl/l2norm_rs.vhd:422]
INFO: [Synth 8-5845] Not enough pipeline registers after wide multiplier. Recommended levels of pipeline registers is 2 [/home/orencollaco/GitHub/llama.vhdl/rtl/l2norm_rs.vhd:488]
INFO: [Synth 8-5845] Not enough pipeline registers after wide multiplier. Recommended levels of pipeline registers is 2 [/home/orencollaco/GitHub/llama.vhdl/rtl/l2norm_rs.vhd:488]
INFO: [Synth 8-5845] Not enough pipeline registers after wide multiplier. Recommended levels of pipeline registers is 2 [/home/orencollaco/GitHub/llama.vhdl/rtl/l2norm_rs.vhd:488]
INFO: [Synth 8-5845] Not enough pipeline registers after wide multiplier. Recommended levels of pipeline registers is 2 [/home/orencollaco/GitHub/llama.vhdl/rtl/l2norm_rs.vhd:488]
INFO: [Synth 8-5845] Not enough pipeline registers after wide multiplier. Recommended levels of pipeline registers is 2 [/home/orencollaco/GitHub/llama.vhdl/rtl/l2norm_rs.vhd:489]
INFO: [Synth 8-5845] Not enough pipeline registers after wide multiplier. Recommended levels of pipeline registers is 2 [/home/orencollaco/GitHub/llama.vhdl/rtl/l2norm_rs.vhd:489]
INFO: [Synth 8-5845] Not enough pipeline registers after wide multiplier. Recommended levels of pipeline registers is 2 [/home/orencollaco/GitHub/llama.vhdl/rtl/l2norm_rs.vhd:489]
INFO: [Synth 8-5845] Not enough pipeline registers after wide multiplier. Recommended levels of pipeline registers is 2 [/home/orencollaco/GitHub/llama.vhdl/rtl/l2norm_rs.vhd:489]
INFO: [Synth 8-5546] ROM "state" won't be mapped to RAM because it is too sparse
INFO: [Synth 8-5546] ROM "rq_y" won't be mapped to RAM because it is too sparse
INFO: [Synth 8-5587] ROM size for "mr_m" is below threshold of ROM address width. It will be mapped to LUTs
INFO: [Synth 8-5546] ROM "rq_y2" won't be mapped to RAM because it is too sparse
INFO: [Synth 8-5546] ROM "rq_diff" won't be mapped to RAM because it is too sparse
DSP Report: Generating DSP sq_reg[1], operation Mode is: (A2*B2)'.
DSP Report: register xa_reg[1] is absorbed into DSP sq_reg[1].
DSP Report: register xa_reg[1] is absorbed into DSP sq_reg[1].
DSP Report: register sq_reg[1] is absorbed into DSP sq_reg[1].
DSP Report: operator ARG is absorbed into DSP sq_reg[1].
DSP Report: Generating DSP sq_reg[2], operation Mode is: (A2*B2)'.
DSP Report: register xa_reg[2] is absorbed into DSP sq_reg[2].
DSP Report: register xa_reg[2] is absorbed into DSP sq_reg[2].
DSP Report: register sq_reg[2] is absorbed into DSP sq_reg[2].
DSP Report: operator ARG is absorbed into DSP sq_reg[2].
DSP Report: Generating DSP sq_reg[3], operation Mode is: (A2*B2)'.
DSP Report: register xa_reg[3] is absorbed into DSP sq_reg[3].
DSP Report: register xa_reg[3] is absorbed into DSP sq_reg[3].
DSP Report: register sq_reg[3] is absorbed into DSP sq_reg[3].
DSP Report: operator ARG is absorbed into DSP sq_reg[3].
DSP Report: Generating DSP sq_reg[0], operation Mode is: (A2*B2)'.
DSP Report: register xa_reg[0] is absorbed into DSP sq_reg[0].
DSP Report: register xa_reg[0] is absorbed into DSP sq_reg[0].
DSP Report: register sq_reg[0] is absorbed into DSP sq_reg[0].
DSP Report: operator ARG is absorbed into DSP sq_reg[0].
DSP Report: Generating DSP ARG, operation Mode is: A2*B2.
DSP Report: register rq_y_reg is absorbed into DSP ARG.
DSP Report: register ARG is absorbed into DSP ARG.
DSP Report: operator ARG is absorbed into DSP ARG.
DSP Report: operator ARG is absorbed into DSP ARG.
DSP Report: Generating DSP ARG, operation Mode is: (PCIN>>17)+A2*B2.
DSP Report: register rq_y_reg is absorbed into DSP ARG.
DSP Report: register rq_y_reg is absorbed into DSP ARG.
DSP Report: operator ARG is absorbed into DSP ARG.
DSP Report: operator ARG is absorbed into DSP ARG.
DSP Report: Generating DSP ARG, operation Mode is: A2*B2.
DSP Report: register ARG is absorbed into DSP ARG.
DSP Report: register ARG is absorbed into DSP ARG.
DSP Report: operator ARG is absorbed into DSP ARG.
DSP Report: operator ARG is absorbed into DSP ARG.
DSP Report: Generating DSP ARG, operation Mode is: (PCIN>>17)+A2*B2.
DSP Report: register ARG is absorbed into DSP ARG.
DSP Report: register rq_y_reg is absorbed into DSP ARG.
DSP Report: operator ARG is absorbed into DSP ARG.
DSP Report: operator ARG is absorbed into DSP ARG.
DSP Report: Generating DSP ARG, operation Mode is: A''*B2.
DSP Report: register rq_smant_reg is absorbed into DSP ARG.
DSP Report: register ARG is absorbed into DSP ARG.
DSP Report: register ARG is absorbed into DSP ARG.
DSP Report: operator ARG is absorbed into DSP ARG.
DSP Report: operator ARG is absorbed into DSP ARG.
DSP Report: Generating DSP ARG, operation Mode is: (PCIN>>17)+A2*B''.
DSP Report: register rq_smant_reg is absorbed into DSP ARG.
DSP Report: register mr_p_reg is absorbed into DSP ARG.
DSP Report: register rq_y2_reg is absorbed into DSP ARG.
DSP Report: operator ARG is absorbed into DSP ARG.
DSP Report: operator ARG is absorbed into DSP ARG.
DSP Report: Generating DSP ARG, operation Mode is: A2*B''.
DSP Report: register ARG is absorbed into DSP ARG.
DSP Report: register ARG is absorbed into DSP ARG.
DSP Report: register ARG is absorbed into DSP ARG.
DSP Report: operator ARG is absorbed into DSP ARG.
DSP Report: operator ARG is absorbed into DSP ARG.
DSP Report: Generating DSP ARG, operation Mode is: (PCIN>>17)+A2*B''.
DSP Report: register mr_p_reg is absorbed into DSP ARG.
DSP Report: register ARG is absorbed into DSP ARG.
DSP Report: register rq_y2_reg is absorbed into DSP ARG.
DSP Report: operator ARG is absorbed into DSP ARG.
DSP Report: operator ARG is absorbed into DSP ARG.
DSP Report: Generating DSP ARG, operation Mode is: A2*B2.
DSP Report: register rq_diff_reg is absorbed into DSP ARG.
DSP Report: register ARG is absorbed into DSP ARG.
DSP Report: operator ARG is absorbed into DSP ARG.
DSP Report: operator ARG is absorbed into DSP ARG.
DSP Report: Generating DSP ARG, operation Mode is: (PCIN>>17)+A2*B2.
DSP Report: register rq_diff_reg is absorbed into DSP ARG.
DSP Report: register rq_y_reg is absorbed into DSP ARG.
DSP Report: operator ARG is absorbed into DSP ARG.
DSP Report: operator ARG is absorbed into DSP ARG.
DSP Report: Generating DSP ARG, operation Mode is: A2*B2.
DSP Report: register ARG is absorbed into DSP ARG.
DSP Report: register ARG is absorbed into DSP ARG.
DSP Report: operator ARG is absorbed into DSP ARG.
DSP Report: operator ARG is absorbed into DSP ARG.
DSP Report: Generating DSP ARG, operation Mode is: (PCIN>>17)+A2*B2.
DSP Report: register rq_y_reg is absorbed into DSP ARG.
DSP Report: register ARG is absorbed into DSP ARG.
DSP Report: operator ARG is absorbed into DSP ARG.
DSP Report: operator ARG is absorbed into DSP ARG.
DSP Report: Generating DSP ARG, operation Mode is: (A:0x13ccd)*B2.
DSP Report: register rq_y_reg is absorbed into DSP ARG.
DSP Report: operator ARG is absorbed into DSP ARG.
DSP Report: operator ARG is absorbed into DSP ARG.
DSP Report: Generating DSP fold_p_reg, operation Mode is: (PCIN>>17)+A2*B.
DSP Report: register rq_y_reg is absorbed into DSP fold_p_reg.
DSP Report: register fold_p_reg is absorbed into DSP fold_p_reg.
DSP Report: operator ARG is absorbed into DSP fold_p_reg.
DSP Report: operator ARG is absorbed into DSP fold_p_reg.
DSP Report: Generating DSP ARG, operation Mode is: A2*(B:0x13ccd).
DSP Report: register ARG is absorbed into DSP ARG.
DSP Report: operator ARG is absorbed into DSP ARG.
DSP Report: operator ARG is absorbed into DSP ARG.
DSP Report: Generating DSP fold_p_reg, operation Mode is: (PCIN>>17)+A2*B.
DSP Report: register fold_p_reg is absorbed into DSP fold_p_reg.
DSP Report: register fold_p_reg is absorbed into DSP fold_p_reg.
DSP Report: operator ARG is absorbed into DSP fold_p_reg.
DSP Report: operator ARG is absorbed into DSP fold_p_reg.
DSP Report: Generating DSP ARG, operation Mode is: A2*B2.
DSP Report: register xf_reg[0] is absorbed into DSP ARG.
DSP Report: register ARG is absorbed into DSP ARG.
DSP Report: operator ARG is absorbed into DSP ARG.
DSP Report: operator ARG is absorbed into DSP ARG.
DSP Report: Generating DSP pk_reg[0], operation Mode is: (PCIN>>17)+A2*B2.
DSP Report: register xf_reg[0] is absorbed into DSP pk_reg[0].
DSP Report: register y_k_reg is absorbed into DSP pk_reg[0].
DSP Report: register pk_reg[0] is absorbed into DSP pk_reg[0].
DSP Report: operator ARG is absorbed into DSP pk_reg[0].
DSP Report: operator ARG is absorbed into DSP pk_reg[0].
DSP Report: Generating DSP ARG, operation Mode is: A2*B2.
DSP Report: register xf_reg[1] is absorbed into DSP ARG.
DSP Report: register ARG is absorbed into DSP ARG.
DSP Report: operator ARG is absorbed into DSP ARG.
DSP Report: operator ARG is absorbed into DSP ARG.
DSP Report: Generating DSP pk_reg[1], operation Mode is: (PCIN>>17)+A2*B2.
DSP Report: register xf_reg[1] is absorbed into DSP pk_reg[1].
DSP Report: register y_k_reg is absorbed into DSP pk_reg[1].
DSP Report: register pk_reg[1] is absorbed into DSP pk_reg[1].
DSP Report: operator ARG is absorbed into DSP pk_reg[1].
DSP Report: operator ARG is absorbed into DSP pk_reg[1].
DSP Report: Generating DSP ARG, operation Mode is: A2*B2.
DSP Report: register xf_reg[2] is absorbed into DSP ARG.
DSP Report: register ARG is absorbed into DSP ARG.
DSP Report: operator ARG is absorbed into DSP ARG.
DSP Report: operator ARG is absorbed into DSP ARG.
DSP Report: Generating DSP pk_reg[2], operation Mode is: (PCIN>>17)+A2*B2.
DSP Report: register xf_reg[2] is absorbed into DSP pk_reg[2].
DSP Report: register y_k_reg is absorbed into DSP pk_reg[2].
DSP Report: register pk_reg[2] is absorbed into DSP pk_reg[2].
DSP Report: operator ARG is absorbed into DSP pk_reg[2].
DSP Report: operator ARG is absorbed into DSP pk_reg[2].
DSP Report: Generating DSP ARG, operation Mode is: A2*B2.
DSP Report: register xf_reg[3] is absorbed into DSP ARG.
DSP Report: register ARG is absorbed into DSP ARG.
DSP Report: operator ARG is absorbed into DSP ARG.
DSP Report: operator ARG is absorbed into DSP ARG.
DSP Report: Generating DSP pk_reg[3], operation Mode is: (PCIN>>17)+A2*B2.
DSP Report: register xf_reg[3] is absorbed into DSP pk_reg[3].
DSP Report: register y_k_reg is absorbed into DSP pk_reg[3].
DSP Report: register pk_reg[3] is absorbed into DSP pk_reg[3].
DSP Report: operator ARG is absorbed into DSP pk_reg[3].
DSP Report: operator ARG is absorbed into DSP pk_reg[3].
DSP Report: Generating DSP ARG, operation Mode is: A2*B2.
DSP Report: register ARG is absorbed into DSP ARG.
DSP Report: register xf_reg[0] is absorbed into DSP ARG.
DSP Report: operator ARG is absorbed into DSP ARG.
DSP Report: operator ARG is absorbed into DSP ARG.
DSP Report: Generating DSP pq_reg[0], operation Mode is: (PCIN>>17)+A2*B2.
DSP Report: register xf_reg[0] is absorbed into DSP pq_reg[0].
DSP Report: register y_q_reg is absorbed into DSP pq_reg[0].
DSP Report: register pq_reg[0] is absorbed into DSP pq_reg[0].
DSP Report: operator ARG is absorbed into DSP pq_reg[0].
DSP Report: operator ARG is absorbed into DSP pq_reg[0].
DSP Report: Generating DSP ARG, operation Mode is: A2*B2.
DSP Report: register ARG is absorbed into DSP ARG.
DSP Report: register xf_reg[1] is absorbed into DSP ARG.
DSP Report: operator ARG is absorbed into DSP ARG.
DSP Report: operator ARG is absorbed into DSP ARG.
DSP Report: Generating DSP pq_reg[1], operation Mode is: (PCIN>>17)+A2*B2.
DSP Report: register xf_reg[1] is absorbed into DSP pq_reg[1].
DSP Report: register y_q_reg is absorbed into DSP pq_reg[1].
DSP Report: register pq_reg[1] is absorbed into DSP pq_reg[1].
DSP Report: operator ARG is absorbed into DSP pq_reg[1].
DSP Report: operator ARG is absorbed into DSP pq_reg[1].
DSP Report: Generating DSP ARG, operation Mode is: A2*B2.
DSP Report: register ARG is absorbed into DSP ARG.
DSP Report: register xf_reg[2] is absorbed into DSP ARG.
DSP Report: operator ARG is absorbed into DSP ARG.
DSP Report: operator ARG is absorbed into DSP ARG.
DSP Report: Generating DSP pq_reg[2], operation Mode is: (PCIN>>17)+A2*B2.
DSP Report: register xf_reg[2] is absorbed into DSP pq_reg[2].
DSP Report: register y_q_reg is absorbed into DSP pq_reg[2].
DSP Report: register pq_reg[2] is absorbed into DSP pq_reg[2].
DSP Report: operator ARG is absorbed into DSP pq_reg[2].
DSP Report: operator ARG is absorbed into DSP pq_reg[2].
DSP Report: Generating DSP ARG, operation Mode is: A2*B2.
DSP Report: register ARG is absorbed into DSP ARG.
DSP Report: register xf_reg[3] is absorbed into DSP ARG.
DSP Report: operator ARG is absorbed into DSP ARG.
DSP Report: operator ARG is absorbed into DSP ARG.
DSP Report: Generating DSP pq_reg[3], operation Mode is: (PCIN>>17)+A2*B2.
DSP Report: register xf_reg[3] is absorbed into DSP pq_reg[3].
DSP Report: register y_q_reg is absorbed into DSP pq_reg[3].
DSP Report: register pq_reg[3] is absorbed into DSP pq_reg[3].
DSP Report: operator ARG is absorbed into DSP pq_reg[3].
DSP Report: operator ARG is absorbed into DSP pq_reg[3].
INFO: [Synth 8-3333] propagating constant 0 across sequential element (u_l2/\msb_p_reg[31] )
INFO: [Common 17-14] Message 'Synth 8-3332' appears 100 times and further instances of the messages will be disabled. Use the Tcl command set_msg_config to change the current settings.
---------------------------------------------------------------------------------
Finished Cross Boundary and Area Optimization : Time (s): cpu = 00:02:44 ; elapsed = 00:02:45 . Memory (MB): peak = 3191.918 ; gain = 1857.605 ; free physical = 3395 ; free virtual = 48222
---------------------------------------------------------------------------------
 Sort Area is rmsnorm_bf__GB6 ARG_21 : 0 0 : 3155 5904 : Used 1 time 0
 Sort Area is rmsnorm_bf__GB6 ARG_21 : 0 1 : 2749 5904 : Used 1 time 0
 Sort Area is rmsnorm_bf__GB6 ARG_0 : 0 0 : 3137 5871 : Used 1 time 0
 Sort Area is rmsnorm_bf__GB6 ARG_0 : 0 1 : 2734 5871 : Used 1 time 0
 Sort Area is rmsnorm_bf__GB6 ARG_1d : 0 0 : 3137 5871 : Used 1 time 0
 Sort Area is rmsnorm_bf__GB6 ARG_1d : 0 1 : 2734 5871 : Used 1 time 0
 Sort Area is rmsnorm_bf__GB6 ARG_3 : 0 0 : 3052 5730 : Used 1 time 0
 Sort Area is rmsnorm_bf__GB6 ARG_3 : 0 1 : 2678 5730 : Used 1 time 0
 Sort Area is gdn_block__GCB3 ARG_1b : 0 0 : 2793 5415 : Used 1 time 0
 Sort Area is gdn_block__GCB3 ARG_1b : 0 1 : 2622 5415 : Used 1 time 0
 Sort Area is gdn_block__GCB3 ARG_1e : 0 0 : 2793 5415 : Used 1 time 0
 Sort Area is gdn_block__GCB3 ARG_1e : 0 1 : 2622 5415 : Used 1 time 0
 Sort Area is gdn_block__GCB3 ARG_1f : 0 0 : 2793 5415 : Used 1 time 0
 Sort Area is gdn_block__GCB3 ARG_1f : 0 1 : 2622 5415 : Used 1 time 0
 Sort Area is gdn_block__GCB3 ARG_20 : 0 0 : 2793 5415 : Used 1 time 0
 Sort Area is gdn_block__GCB3 ARG_20 : 0 1 : 2622 5415 : Used 1 time 0
 Sort Area is gdn_block__GCB3 ARG_21 : 0 0 : 2793 5415 : Used 1 time 0
 Sort Area is gdn_block__GCB3 ARG_21 : 0 1 : 2622 5415 : Used 1 time 0
 Sort Area is gdn_block__GCB3 ARG_22 : 0 0 : 2793 5415 : Used 1 time 0
 Sort Area is gdn_block__GCB3 ARG_22 : 0 1 : 2622 5415 : Used 1 time 0
 Sort Area is gdn_block__GCB3 ARG_23 : 0 0 : 2793 5415 : Used 1 time 0
 Sort Area is gdn_block__GCB3 ARG_23 : 0 1 : 2622 5415 : Used 1 time 0
 Sort Area is gdn_block__GCB3 ARG_24 : 0 0 : 2793 5415 : Used 1 time 0
 Sort Area is gdn_block__GCB3 ARG_24 : 0 1 : 2622 5415 : Used 1 time 0
 Sort Area is rmsnorm_bf__GB6 ARG_24 : 0 0 : 2685 5263 : Used 1 time 0
 Sort Area is rmsnorm_bf__GB6 ARG_24 : 0 1 : 2578 5263 : Used 1 time 0
 Sort Area is rmsnorm_bf__GB6 ARG_1e : 0 0 : 2667 5230 : Used 1 time 0
 Sort Area is rmsnorm_bf__GB6 ARG_1e : 0 1 : 2563 5230 : Used 1 time 0
 Sort Area is rmsnorm_bf__GB6 ARG_12 : 0 0 : 2601 5209 : Used 1 time 0
 Sort Area is rmsnorm_bf__GB6 ARG_12 : 0 1 : 2608 5209 : Used 1 time 0
 Sort Area is rmsnorm_bf__GB6 ARG_1b : 0 0 : 2601 5209 : Used 1 time 0
 Sort Area is rmsnorm_bf__GB6 ARG_1b : 0 1 : 2608 5209 : Used 1 time 0
 Sort Area is rmsnorm_bf__GB6 ARG_9 : 0 0 : 2601 5209 : Used 1 time 0
 Sort Area is rmsnorm_bf__GB6 ARG_9 : 0 1 : 2608 5209 : Used 1 time 0
 Sort Area is rmsnorm_bf__GB6 ARG_f : 0 0 : 2601 5209 : Used 1 time 0
 Sort Area is rmsnorm_bf__GB6 ARG_f : 0 1 : 2608 5209 : Used 1 time 0
 Sort Area is gdn_block__GCB3 ARG_b : 0 0 : 2755 4963 : Used 1 time 0
 Sort Area is gdn_block__GCB3 ARG_b : 0 1 : 2208 4963 : Used 1 time 0
 Sort Area is gdn_block__GCB2 ARG_0 : 0 0 : 2719 4945 : Used 1 time 0
 Sort Area is gdn_block__GCB2 ARG_0 : 0 1 : 2226 4945 : Used 1 time 0
 Sort Area is gdn_block__GCB3 ARG_11 : 0 0 : 2737 4933 : Used 1 time 0
 Sort Area is gdn_block__GCB3 ARG_11 : 0 1 : 2196 4933 : Used 1 time 0
 Sort Area is gdn_block__GCB3 ARG_5 : 0 0 : 2737 4933 : Used 1 time 0
 Sort Area is gdn_block__GCB3 ARG_5 : 0 1 : 2196 4933 : Used 1 time 0
 Sort Area is gdn_block__GCB2 ARG_6 : 0 0 : 2322 4698 : Used 1 time 0
 Sort Area is gdn_block__GCB2 ARG_6 : 0 1 : 2376 4698 : Used 1 time 0
 Sort Area is gdn_block__GCB3 ARG_8 : 0 0 : 2584 4606 : Used 1 time 0
 Sort Area is gdn_block__GCB3 ARG_8 : 0 1 : 2022 4606 : Used 1 time 0
 Sort Area is rmsnorm_bf__GB6 ARG_14 : 0 0 : 2016 4561 : Used 1 time 0
 Sort Area is rmsnorm_bf__GB6 ARG_14 : 0 1 : 2545 4561 : Used 1 time 0
 Sort Area is rmsnorm_bf__GB6 ARG_11 : 0 0 : 2338 4317 : Used 1 time 0
 Sort Area is rmsnorm_bf__GB6 ARG_11 : 0 1 : 1979 4317 : Used 1 time 0
 Sort Area is rmsnorm_bf__GB6 ARG_1a : 0 0 : 2338 4317 : Used 1 time 0
 Sort Area is rmsnorm_bf__GB6 ARG_1a : 0 1 : 1979 4317 : Used 1 time 0
 Sort Area is rmsnorm_bf__GB6 ARG_6 : 0 0 : 2338 4317 : Used 1 time 0
 Sort Area is rmsnorm_bf__GB6 ARG_6 : 0 1 : 1979 4317 : Used 1 time 0
 Sort Area is rmsnorm_bf__GB6 ARG_e : 0 0 : 2338 4317 : Used 1 time 0
 Sort Area is rmsnorm_bf__GB6 ARG_e : 0 1 : 1979 4317 : Used 1 time 0
 Sort Area is gdn_block__GCB2 ARG_3 : 0 0 : 2176 4095 : Used 1 time 0
 Sort Area is gdn_block__GCB2 ARG_3 : 0 1 : 1919 4095 : Used 1 time 0
 Sort Area is gdn_block__GCB3 ARG_e : 0 0 : 2209 4054 : Used 1 time 0
 Sort Area is gdn_block__GCB3 ARG_e : 0 1 : 1845 4054 : Used 1 time 0
 Sort Area is gdn_block__GCB3 ARG_12 : 0 0 : 2191 4021 : Used 1 time 0
 Sort Area is gdn_block__GCB3 ARG_12 : 0 1 : 1830 4021 : Used 1 time 0
 Sort Area is rmsnorm_bf__GB6 ARG_17 : 0 0 : 1579 3971 : Used 1 time 0
 Sort Area is rmsnorm_bf__GB6 ARG_17 : 0 1 : 2392 3971 : Used 1 time 0
 Sort Area is gdn_block__GCB3 ARG_15 : 0 0 : 1616 3681 : Used 1 time 0
 Sort Area is gdn_block__GCB3 ARG_15 : 0 1 : 2065 3681 : Used 1 time 0
 Sort Area is gdn_block__GCB3 ARG_18 : 0 0 : 1187 2974 : Used 1 time 0
 Sort Area is gdn_block__GCB3 ARG_18 : 0 1 : 1787 2974 : Used 1 time 0
 Sort Area is gdn_recur_pipe__GB12 sc1_reg[6][dmul]_a : 0 0 : 2420 2420 : Used 1 time 0
 Sort Area is gdn_block__GCB2 gp_reg_9 : 0 0 : 2335 2335 : Used 1 time 0
 Sort Area is gdn_recur_pipe__GB12 a_m2_reg[0]_2 : 0 0 : 2304 2304 : Used 1 time 0
 Sort Area is gdn_recur_pipe__GB12 a_m2_reg[1]_7 : 0 0 : 2304 2304 : Used 1 time 0
 Sort Area is gdn_recur_pipe__GB12 a_m2_reg[2]_5 : 0 0 : 2304 2304 : Used 1 time 0
 Sort Area is gdn_recur_pipe__GB12 a_m2_reg[3]_9 : 0 0 : 2304 2304 : Used 1 time 0
 Sort Area is gdn_block__GCB0 pr_reg[0]_0 : 0 0 : 2248 2248 : Used 1 time 0
 Sort Area is gdn_silu__parameterized0__GB0 pr_reg[0]_0 : 0 0 : 2248 2248 : Used 1 time 0
 Sort Area is gdn_block__GCB0 pr_reg[1]_4 : 0 0 : 2248 2248 : Used 1 time 0
 Sort Area is gdn_silu__parameterized0__GB0 pr_reg[1]_4 : 0 0 : 2248 2248 : Used 1 time 0
 Sort Area is gdn_block__GCB0 pr_reg[2]_6 : 0 0 : 2248 2248 : Used 1 time 0
 Sort Area is gdn_silu__parameterized0__GB0 pr_reg[2]_6 : 0 0 : 2248 2248 : Used 1 time 0
 Sort Area is gdn_block__GCB0 pr_reg[3]_8 : 0 0 : 2248 2248 : Used 1 time 0
 Sort Area is gdn_silu__parameterized0__GB0 pr_reg[3]_8 : 0 0 : 2248 2248 : Used 1 time 0
 Sort Area is gdn_silu__parameterized0__GB0 pr_reg[4]_f : 0 0 : 2248 2248 : Used 1 time 0
 Sort Area is gdn_silu__parameterized0__GB0 pr_reg[5]_e : 0 0 : 2248 2248 : Used 1 time 0
 Sort Area is gdn_silu__parameterized0__GB0 pr_reg[6]_a : 0 0 : 2248 2248 : Used 1 time 0
 Sort Area is gdn_silu__parameterized0__GB0 pr_reg[7]_c : 0 0 : 2248 2248 : Used 1 time 0
 Sort Area is gdn_block__GCB0 prod_reg[0]_2 : 0 0 : 2210 2210 : Used 1 time 0
 Sort Area is gdn_silu__parameterized0__GB0 prod_reg[0]_2 : 0 0 : 2210 2210 : Used 1 time 0
 Sort Area is gdn_block__GCB0 prod_reg[1]_5 : 0 0 : 2210 2210 : Used 1 time 0
 Sort Area is gdn_silu__parameterized0__GB0 prod_reg[1]_5 : 0 0 : 2210 2210 : Used 1 time 0
 Sort Area is gdn_block__GCB0 prod_reg[2]_7 : 0 0 : 2210 2210 : Used 1 time 0
 Sort Area is gdn_silu__parameterized0__GB0 prod_reg[2]_7 : 0 0 : 2210 2210 : Used 1 time 0
 Sort Area is gdn_block__GCB0 prod_reg[3]_9 : 0 0 : 2210 2210 : Used 1 time 0
 Sort Area is gdn_silu__parameterized0__GB0 prod_reg[3]_9 : 0 0 : 2210 2210 : Used 1 time 0
 Sort Area is gdn_silu__parameterized0__GB1 prod_reg[4]_0 : 0 0 : 2210 2210 : Used 1 time 0
 Sort Area is gdn_silu__parameterized0__GB1 prod_reg[5]_2 : 0 0 : 2210 2210 : Used 1 time 0
 Sort Area is gdn_silu__parameterized0__GB0 prod_reg[6]_b : 0 0 : 2210 2210 : Used 1 time 0
 Sort Area is gdn_silu__parameterized0__GB0 prod_reg[7]_d : 0 0 : 2210 2210 : Used 1 time 0
 Sort Area is gdn_recur_pipe__GB12 b_mkd_reg[0]_c : 0 0 : 2194 2194 : Used 1 time 0
 Sort Area is gdn_recur_pipe__GB12 b_mkd_reg[1]_e : 0 0 : 2194 2194 : Used 1 time 0
 Sort Area is gdn_recur_pipe__GB12 b_mkd_reg[2]_f : 0 0 : 2194 2194 : Used 1 time 0
 Sort Area is gdn_recur_pipe__GB12 b_mkd_reg[3]_10 : 0 0 : 2194 2194 : Used 1 time 0
 Sort Area is gdn_recur_pipe__GB12 ARG_0 : 0 0 : 2181 2181 : Used 1 time 0
 Sort Area is gdn_recur_pipe__GB12 ARG_4 : 0 0 : 2181 2181 : Used 1 time 0
 Sort Area is gdn_recur_pipe__GB12 ARG_6 : 0 0 : 2181 2181 : Used 1 time 0
 Sort Area is gdn_recur_pipe__GB12 ARG_8 : 0 0 : 2181 2181 : Used 1 time 0
 Sort Area is gdn_recur_pipe__GB12 c_m3_reg[0]_11 : 0 0 : 2017 2017 : Used 1 time 0
 Sort Area is gdn_recur_pipe__GB12 c_m3_reg[1]_14 : 0 0 : 2017 2017 : Used 1 time 0
 Sort Area is gdn_recur_pipe__GB12 c_m3_reg[2]_13 : 0 0 : 2017 2017 : Used 1 time 0
 Sort Area is gdn_recur_pipe__GB12 c_m3_reg[3]_15 : 0 0 : 2017 2017 : Used 1 time 0
 Sort Area is gdn_block__GCB1 p1_reg[0][0]_0 : 0 0 : 2001 2001 : Used 1 time 0
 Sort Area is gdn_block__GCB1 p1_reg[0][1]_5 : 0 0 : 2001 2001 : Used 1 time 0
 Sort Area is gdn_block__GCB1 p1_reg[0][2]_9 : 0 0 : 2001 2001 : Used 1 time 0
 Sort Area is gdn_block__GCB1 p1_reg[0][3]_d : 0 0 : 2001 2001 : Used 1 time 0
 Sort Area is gdn_block__GCB1 p1_reg[1][0]_4 : 0 0 : 2001 2001 : Used 1 time 0
 Sort Area is gdn_block__GCB1 p1_reg[1][1]_8 : 0 0 : 2001 2001 : Used 1 time 0
 Sort Area is gdn_block__GCB1 p1_reg[1][2]_c : 0 0 : 2001 2001 : Used 1 time 0
 Sort Area is gdn_block__GCB1 p1_reg[1][3]_10 : 0 0 : 2001 2001 : Used 1 time 0
 Sort Area is gdn_block__GCB1 p1_reg[2][0]_3 : 0 0 : 2001 2001 : Used 1 time 0
 Sort Area is gdn_block__GCB1 p1_reg[2][1]_7 : 0 0 : 2001 2001 : Used 1 time 0
 Sort Area is gdn_block__GCB1 p1_reg[2][2]_b : 0 0 : 2001 2001 : Used 1 time 0
 Sort Area is gdn_block__GCB1 p1_reg[2][3]_f : 0 0 : 2001 2001 : Used 1 time 0
 Sort Area is gdn_block__GCB1 p1_reg[3][0]_2 : 0 0 : 2001 2001 : Used 1 time 0
 Sort Area is gdn_block__GCB1 p1_reg[3][1]_6 : 0 0 : 2001 2001 : Used 1 time 0
 Sort Area is gdn_block__GCB1 p1_reg[3][2]_a : 0 0 : 2001 2001 : Used 1 time 0
 Sort Area is gdn_block__GCB1 p1_reg[3][3]_e : 0 0 : 2001 2001 : Used 1 time 0
 Sort Area is rmsnorm_bf__GB7 sq_reg[0]_0 : 0 0 : 2001 2001 : Used 1 time 0
 Sort Area is gdn_block__GCB3 sq_reg[0]_0 : 0 0 : 2001 2001 : Used 1 time 0
 Sort Area is rmsnorm_bf__GB7 sq_reg[1]_4 : 0 0 : 2001 2001 : Used 1 time 0
 Sort Area is gdn_block__GCB3 sq_reg[1]_4 : 0 0 : 2001 2001 : Used 1 time 0
 Sort Area is rmsnorm_bf__GB7 sq_reg[2]_3 : 0 0 : 2001 2001 : Used 1 time 0
 Sort Area is gdn_block__GCB3 sq_reg[2]_3 : 0 0 : 2001 2001 : Used 1 time 0
 Sort Area is rmsnorm_bf__GB7 sq_reg[3]_2 : 0 0 : 2001 2001 : Used 1 time 0
 Sort Area is gdn_block__GCB3 sq_reg[3]_2 : 0 0 : 2001 2001 : Used 1 time 0
 Sort Area is gdn_emit_chain__GCB0 a_prod_reg_0 : 0 0 : 1969 1969 : Used 1 time 0
 Sort Area is rmsnorm_bf__GB6 ARG_10 : 0 0 : 1880 1880 : Used 1 time 0
 Sort Area is rmsnorm_bf__GB6 ARG_13 : 0 0 : 1880 1880 : Used 1 time 0
 Sort Area is rmsnorm_bf__GB6 ARG_1c : 0 0 : 1880 1880 : Used 1 time 0
 Sort Area is rmsnorm_bf__GB6 ARG_c : 0 0 : 1880 1880 : Used 1 time 0
---------------------------------------------------------------------------------
Start ROM, RAM, DSP, Shift Register and Retiming Reporting
---------------------------------------------------------------------------------

ROM: Preliminary Mapping Report
+------------+--------------+---------------+----------------+
|Module Name | RTL Object   | Depth x Width | Implemented As | 
+------------+--------------+---------------+----------------+
|gdn_silu    | SIG_ROM[0]   | 512x31        | LUT            | 
|gdn_silu    | SIG_ROM[1]   | 512x31        | LUT            | 
|gdn_silu    | SIG_ROM[0]   | 512x31        | LUT            | 
|gdn_silu    | SIG_ROM[1]   | 512x31        | LUT            | 
|gdn_silu    | SIG_ROM[0]   | 512x31        | LUT            | 
|gdn_silu    | SIG_ROM[1]   | 512x31        | LUT            | 
|gdn_silu    | SIG_ROM[0]   | 512x31        | LUT            | 
|gdn_silu    | SIG_ROM[1]   | 512x31        | LUT            | 
|l2norm_rs   | RSQRT_ROM[0] | 64x32         | LUT            | 
|gdn_scalar  | EXP_ROM[0]   | 512x32        | LUT            | 
|gdn_scalar  | SP_ROM[0]    | 512x32        | LUT            | 
|gdn_scalar  | SIG_ROM[0]   | 1024x32       | LUT            | 
|gdn_scalar  | EXP_ROM[0]   | 512x32        | LUT            | 
|gdn_scalar  | SP_ROM[0]    | 512x32        | LUT            | 
|gdn_scalar  | SIG_ROM[1]   | 512x32        | LUT            | 
|rmsnorm_bf  | state        | 32x5          | LUT            | 
|rmsnorm_bf  | RSQRT_ROM[0] | 64x32         | LUT            | 
|gdn_silu    | SIG_ROM[0]   | 512x31        | LUT            | 
|gdn_silu    | SIG_ROM[1]   | 512x31        | LUT            | 
|gdn_silu    | SIG_ROM[0]   | 512x31        | LUT            | 
|gdn_silu    | SIG_ROM[1]   | 512x31        | LUT            | 
|gdn_silu    | SIG_ROM[0]   | 512x31        | LUT            | 
|gdn_silu    | SIG_ROM[1]   | 512x31        | LUT            | 
|gdn_silu    | SIG_ROM[0]   | 512x31        | LUT            | 
|gdn_silu    | SIG_ROM[1]   | 512x31        | LUT            | 
|gdn_silu    | SIG_ROM[0]   | 512x31        | LUT            | 
|gdn_silu    | SIG_ROM[1]   | 512x31        | LUT            | 
|gdn_silu    | SIG_ROM[0]   | 512x31        | LUT            | 
|gdn_silu    | SIG_ROM[1]   | 512x31        | LUT            | 
|gdn_silu    | SIG_ROM[0]   | 512x31        | LUT            | 
|gdn_silu    | SIG_ROM[1]   | 512x31        | LUT            | 
|gdn_silu    | SIG_ROM[0]   | 512x31        | LUT            | 
|gdn_silu    | SIG_ROM[1]   | 512x31        | LUT            | 
|gdn_block   | state        | 32x5          | LUT            | 
+------------+--------------+---------------+----------------+


Block RAM: Preliminary Mapping Report (see note below)
+---------------------+-------------+------------------------+---+---+------------------------+---+---+------------------+--------+--------+-----------------+
|Module Name          | RTL Object  | PORT A (Depth x Width) | W | R | PORT B (Depth x Width) | W | R | Ports driving FF | RAMB18 | RAMB36 | Cascade Heights | 
+---------------------+-------------+------------------------+---+---+------------------------+---+---+------------------+--------+--------+-----------------+
|gdn_recur_pipe__GB12 | w18_mem_reg | 512 x 76(READ_FIRST)   | W |   | 512 x 76(WRITE_FIRST)  |   | R | Port A and B     | 1      | 1      |                 | 
|gdn_recur_pipe__GB12 | u_mem_reg   | 512 x 140(READ_FIRST)  | W |   | 512 x 140(WRITE_FIRST) |   | R | Port A and B     | 0      | 2      |                 | 
|u_y                  | mem_reg     | 8 K x 32(READ_FIRST)   | W |   | 8 K x 32(WRITE_FIRST)  |   | R | Port A and B     | 1      | 7      | 4,2,1,1         | 
|u_head               | mem_reg     | 256 x 48(READ_FIRST)   | W |   | 256 x 48(WRITE_FIRST)  |   | R | Port A and B     | 0      | 1      |                 | 
|u_conv               | acc_mem_reg | 1 K x 136(READ_FIRST)  | W |   | 1 K x 136(WRITE_FIRST) |   | R | Port A and B     | 0      | 4      | 1,1,1,1         | 
+---------------------+-------------+------------------------+---+---+------------------------+---+---+------------------+--------+--------+-----------------+

Note: The table above is a preliminary report that shows the Block RAMs at the current stage of the synthesis flow. Some Block RAMs may be reimplemented as non Block RAM primitives later in the synthesis flow. Multiple instantiated Block RAMs are reported only once. 

Distributed RAM: Preliminary Mapping Report (see note below)
+---------------------+----------------------------+----------------+----------------------+-----------------+
|Module Name          | RTL Object                 | Inference      | Size (Depth x Width) | Primitives      | 
+---------------------+----------------------------+----------------+----------------------+-----------------+
|gdn_recur_pipe__GB2  | kbuf_reg                   | Implied        | 2 x 2048             | RAM32M16 x 294  | 
|gdn_recur_pipe__GB12 | egbuf_reg                  | Implied        | 2 x 16               | RAM32M16 x 2    | 
|gdn_recur_pipe__GB12 | betabuf_reg                | Implied        | 2 x 16               | RAM32M16 x 2    | 
|gdn_recur_pipe__GB12 | qbuf_reg                   | Implied        | 2 x 2048             | RAM32M16 x 147  | 
|u_y                  | e_y_b_reg                  | Implied        | 2 x 8                | RAM16X1D x 8    | 
|u_y                  | ep_reg                     | Implied        | 64 x 8               | RAM64M8 x 2     | 
|u_head               | e_h_b_reg                  | Implied        | 2 x 8                | RAM16X1D x 8    | 
|gdn_block__GCB0      | vbuf_reg                   | User Attribute | 1 K x 64             | RAM64M8 x 160   | 
|gdn_block__GCB1      | u_exp/mem_reg              | Implied        | 128 x 32             | RAM64M8 x 20    | 
|gdn_block__GCB2      | beta_b_reg                 | Implied        | 32 x 16              | RAM32X1S x 16   | 
|gdn_block__GCB2      | eg_b_reg                   | Implied        | 32 x 16              | RAM32X1S x 16   | 
|gdn_block__GCB4      | gkbuf[0].kbuf_reg[0][11]   | User Attribute | 16 x 64              | RAM32M16 x 5    | 
|gdn_block__GCB4      | gqbuf[0].qbuf_reg[0][11]   | User Attribute | 16 x 64              | RAM32M16 x 5    | 
|gdn_block__GCB4      | gkbuf[1].kbuf_reg[1][11]   | User Attribute | 16 x 64              | RAM32M16 x 5    | 
|gdn_block__GCB4      | gqbuf[1].qbuf_reg[1][11]   | User Attribute | 16 x 64              | RAM32M16 x 5    | 
|gdn_block__GCB4      | gkbuf[2].kbuf_reg[2][11]   | User Attribute | 16 x 64              | RAM32M16 x 5    | 
|gdn_block__GCB4      | gqbuf[2].qbuf_reg[2][11]   | User Attribute | 16 x 64              | RAM32M16 x 5    | 
|gdn_block__GCB4      | gkbuf[3].kbuf_reg[3][11]   | User Attribute | 16 x 64              | RAM32M16 x 5    | 
|gdn_block__GCB4      | gqbuf[3].qbuf_reg[3][11]   | User Attribute | 16 x 64              | RAM32M16 x 5    | 
|gdn_block__GCB4      | gkbuf[4].kbuf_reg[4][11]   | User Attribute | 16 x 64              | RAM32M16 x 5    | 
|gdn_block__GCB4      | gqbuf[4].qbuf_reg[4][11]   | User Attribute | 16 x 64              | RAM32M16 x 5    | 
|gdn_block__GCB4      | gkbuf[5].kbuf_reg[5][11]   | User Attribute | 16 x 64              | RAM32M16 x 5    | 
|gdn_block__GCB4      | gqbuf[5].qbuf_reg[5][11]   | User Attribute | 16 x 64              | RAM32M16 x 5    | 
|gdn_block__GCB4      | gkbuf[6].kbuf_reg[6][11]   | User Attribute | 16 x 64              | RAM32M16 x 5    | 
|gdn_block__GCB4      | gqbuf[6].qbuf_reg[6][11]   | User Attribute | 16 x 64              | RAM32M16 x 5    | 
|gdn_block__GCB4      | gkbuf[7].kbuf_reg[7][11]   | User Attribute | 16 x 64              | RAM32M16 x 5    | 
|gdn_block__GCB4      | gqbuf[7].qbuf_reg[7][11]   | User Attribute | 16 x 64              | RAM32M16 x 5    | 
|gdn_block__GCB4      | gkbuf[8].kbuf_reg[8][11]   | User Attribute | 16 x 64              | RAM32M16 x 5    | 
|gdn_block__GCB4      | gqbuf[8].qbuf_reg[8][11]   | User Attribute | 16 x 64              | RAM32M16 x 5    | 
|gdn_block__GCB4      | gkbuf[9].kbuf_reg[9][11]   | User Attribute | 16 x 64              | RAM32M16 x 5    | 
|gdn_block__GCB4      | gqbuf[9].qbuf_reg[9][11]   | User Attribute | 16 x 64              | RAM32M16 x 5    | 
|gdn_block__GCB4      | gkbuf[10].kbuf_reg[10][11] | User Attribute | 16 x 64              | RAM32M16 x 5    | 
|gdn_block__GCB4      | gqbuf[10].qbuf_reg[10][11] | User Attribute | 16 x 64              | RAM32M16 x 5    | 
|gdn_block__GCB4      | gkbuf[11].kbuf_reg[11][11] | User Attribute | 16 x 64              | RAM32M16 x 5    | 
|gdn_block__GCB4      | gqbuf[11].qbuf_reg[11][11] | User Attribute | 16 x 64              | RAM32M16 x 5    | 
|gdn_block__GCB4      | gkbuf[12].kbuf_reg[12][11] | User Attribute | 16 x 64              | RAM32M16 x 5    | 
|gdn_block__GCB4      | gqbuf[12].qbuf_reg[12][11] | User Attribute | 16 x 64              | RAM32M16 x 5    | 
|gdn_block__GCB4      | gkbuf[13].kbuf_reg[13][11] | User Attribute | 16 x 64              | RAM32M16 x 5    | 
|gdn_block__GCB4      | gqbuf[13].qbuf_reg[13][11] | User Attribute | 16 x 64              | RAM32M16 x 5    | 
|gdn_block__GCB4      | gkbuf[14].kbuf_reg[14][11] | User Attribute | 16 x 64              | RAM32M16 x 5    | 
|gdn_block__GCB4      | gqbuf[14].qbuf_reg[14][11] | User Attribute | 16 x 64              | RAM32M16 x 5    | 
|gdn_block__GCB4      | gkbuf[15].kbuf_reg[15][11] | User Attribute | 16 x 64              | RAM32M16 x 5    | 
|gdn_block__GCB4      | gqbuf[15].qbuf_reg[15][11] | User Attribute | 16 x 64              | RAM32M16 x 5    | 
|gdn_block__GCB4      | gkbuf[16].kbuf_reg[16][11] | User Attribute | 16 x 64              | RAM32M16 x 5    | 
|gdn_block__GCB4      | gqbuf[16].qbuf_reg[16][11] | User Attribute | 16 x 64              | RAM32M16 x 5    | 
|gdn_block__GCB4      | gkbuf[17].kbuf_reg[17][11] | User Attribute | 16 x 64              | RAM32M16 x 5    | 
|gdn_block__GCB4      | gqbuf[17].qbuf_reg[17][11] | User Attribute | 16 x 64              | RAM32M16 x 5    | 
|gdn_block__GCB4      | gkbuf[18].kbuf_reg[18][11] | User Attribute | 16 x 64              | RAM32M16 x 5    | 
|gdn_block__GCB4      | gqbuf[18].qbuf_reg[18][11] | User Attribute | 16 x 64              | RAM32M16 x 5    | 
|gdn_block__GCB4      | gkbuf[19].kbuf_reg[19][11] | User Attribute | 16 x 64              | RAM32M16 x 5    | 
|gdn_block__GCB4      | gqbuf[19].qbuf_reg[19][11] | User Attribute | 16 x 64              | RAM32M16 x 5    | 
|gdn_block__GCB4      | gkbuf[20].kbuf_reg[20][11] | User Attribute | 16 x 64              | RAM32M16 x 5    | 
|gdn_block__GCB4      | gqbuf[20].qbuf_reg[20][11] | User Attribute | 16 x 64              | RAM32M16 x 5    | 
|gdn_block__GCB4      | gkbuf[21].kbuf_reg[21][11] | User Attribute | 16 x 64              | RAM32M16 x 5    | 
|gdn_block__GCB4      | gqbuf[21].qbuf_reg[21][11] | User Attribute | 16 x 64              | RAM32M16 x 5    | 
|gdn_block__GCB4      | gkbuf[22].kbuf_reg[22][11] | User Attribute | 16 x 64              | RAM32M16 x 5    | 
|gdn_block__GCB4      | gqbuf[22].qbuf_reg[22][11] | User Attribute | 16 x 64              | RAM32M16 x 5    | 
|gdn_block__GCB4      | gkbuf[23].kbuf_reg[23][11] | User Attribute | 16 x 64              | RAM32M16 x 5    | 
|gdn_block__GCB4      | gqbuf[23].qbuf_reg[23][11] | User Attribute | 16 x 64              | RAM32M16 x 5    | 
|gdn_block__GCB4      | gkbuf[24].kbuf_reg[24][11] | User Attribute | 16 x 64              | RAM32M16 x 5    | 
|gdn_block__GCB4      | gqbuf[24].qbuf_reg[24][11] | User Attribute | 16 x 64              | RAM32M16 x 5    | 
|gdn_block__GCB4      | gkbuf[25].kbuf_reg[25][11] | User Attribute | 16 x 64              | RAM32M16 x 5    | 
|gdn_block__GCB4      | gqbuf[25].qbuf_reg[25][11] | User Attribute | 16 x 64              | RAM32M16 x 5    | 
|gdn_block__GCB4      | gkbuf[26].kbuf_reg[26][11] | User Attribute | 16 x 64              | RAM32M16 x 5    | 
|gdn_block__GCB4      | gqbuf[26].qbuf_reg[26][11] | User Attribute | 16 x 64              | RAM32M16 x 5    | 
|gdn_block__GCB4      | gkbuf[27].kbuf_reg[27][11] | User Attribute | 16 x 64              | RAM32M16 x 5    | 
|gdn_block__GCB4      | gqbuf[27].qbuf_reg[27][11] | User Attribute | 16 x 64              | RAM32M16 x 5    | 
|gdn_block__GCB4      | gkbuf[28].kbuf_reg[28][11] | User Attribute | 16 x 64              | RAM32M16 x 5    | 
|gdn_block__GCB4      | gqbuf[28].qbuf_reg[28][11] | User Attribute | 16 x 64              | RAM32M16 x 5    | 
|gdn_block__GCB4      | gkbuf[29].kbuf_reg[29][11] | User Attribute | 16 x 64              | RAM32M16 x 5    | 
|gdn_block__GCB4      | gqbuf[29].qbuf_reg[29][11] | User Attribute | 16 x 64              | RAM32M16 x 5    | 
|gdn_block__GCB4      | gkbuf[30].kbuf_reg[30][11] | User Attribute | 16 x 64              | RAM32M16 x 5    | 
|gdn_block__GCB4      | gqbuf[30].qbuf_reg[30][11] | User Attribute | 16 x 64              | RAM32M16 x 5    | 
|gdn_block__GCB4      | gkbuf[31].kbuf_reg[31][11] | User Attribute | 16 x 64              | RAM32M16 x 5    | 
|gdn_block__GCB4      | gqbuf[31].qbuf_reg[31][11] | User Attribute | 16 x 64              | RAM32M16 x 5    | 
|gdn_block__GCB4      | knb_reg                    | User Attribute | 16 x 2048            | RAM32M16 x 147  | 
|gdn_block__GCB4      | qsb_reg                    | User Attribute | 16 x 2048            | RAM32M16 x 147  | 
+---------------------+----------------------------+----------------+----------------------+-----------------+

Note: The table above is a preliminary report that shows the Distributed RAMs at the current stage of the synthesis flow. Some Distributed RAMs may be reimplemented as non Distributed RAM primitives later in the synthesis flow. Multiple instantiated RAMs are reported only once.

DSP: Preliminary Mapping Report (see note below. The ' indicates corresponding REG is set)
+------------------------------+--------------------+--------+--------+--------+--------+--------+------+------+------+------+-------+------+------+
|Module Name                   | DSP Mapping        | A Size | B Size | C Size | D Size | P Size | AREG | BREG | CREG | DREG | ADREG | MREG | PREG | 
+------------------------------+--------------------+--------+--------+--------+--------+--------+------+------+------+------+-------+------+------+
|rmsnorm_bf                    | (A2*B2)'           | 16     | 16     | -      | -      | 32     | 1    | 1    | -    | -    | -     | 1    | 0    | 
|rmsnorm_bf                    | (A2*B2)'           | 16     | 16     | -      | -      | 32     | 1    | 1    | -    | -    | -     | 1    | 0    | 
|rmsnorm_bf                    | (A2*B2)'           | 16     | 16     | -      | -      | 32     | 1    | 1    | -    | -    | -     | 1    | 0    | 
|rmsnorm_bf                    | (A2*B2)'           | 16     | 16     | -      | -      | 32     | 1    | 1    | -    | -    | -     | 1    | 0    | 
|gdn_recur_pipe                | (C:0x1000)+(A*B2)' | 17     | 16     | 14     | -      | 33     | 0    | 1    | 0    | -    | -     | 1    | 0    | 
|gdn_recur_pipe                | (A2*B'')'          | 19     | 16     | -      | -      | 35     | 1    | 2    | -    | -    | -     | 1    | 0    | 
|gdn_recur_pipe                | (C:0x1000)+(A*B2)' | 17     | 16     | 14     | -      | 33     | 0    | 1    | 0    | -    | -     | 1    | 0    | 
|gdn_recur_pipe                | (A2*B'')'          | 19     | 16     | -      | -      | 35     | 1    | 2    | -    | -    | -     | 1    | 0    | 
|gdn_recur_pipe                | (C:0x1000)+(A*B2)' | 17     | 16     | 14     | -      | 33     | 0    | 1    | 0    | -    | -     | 1    | 0    | 
|gdn_recur_pipe                | (A2*B'')'          | 19     | 16     | -      | -      | 35     | 1    | 2    | -    | -    | -     | 1    | 0    | 
|gdn_recur_pipe                | (C:0x1000)+(A*B2)' | 17     | 16     | 14     | -      | 33     | 0    | 1    | 0    | -    | -     | 1    | 0    | 
|gdn_recur_pipe                | (A2*B'')'          | 19     | 16     | -      | -      | 35     | 1    | 2    | -    | -    | -     | 1    | 0    | 
|gdn_recur_pipe                | (A2*B)'            | 18     | 17     | -      | -      | 35     | 1    | 0    | -    | -    | -     | 1    | 0    | 
|gdn_recur_pipe                | (A2*B2)'           | 18     | 16     | -      | -      | 34     | 1    | 1    | -    | -    | -     | 1    | 0    | 
|gdn_recur_pipe                | (A2*B2)'           | 18     | 16     | -      | -      | 34     | 1    | 1    | -    | -    | -     | 1    | 0    | 
|gdn_recur_pipe                | (A2*B2)'           | 18     | 16     | -      | -      | 34     | 1    | 1    | -    | -    | -     | 1    | 0    | 
|gdn_recur_pipe                | (A2*B2)'           | 18     | 16     | -      | -      | 34     | 1    | 1    | -    | -    | -     | 1    | 0    | 
|gdn_recur_pipe                | (A2*B'')'          | 16     | 16     | -      | -      | 32     | 1    | 2    | -    | -    | -     | 1    | 0    | 
|gdn_recur_pipe                | (A2*B'')'          | 16     | 16     | -      | -      | 32     | 1    | 2    | -    | -    | -     | 1    | 0    | 
|gdn_recur_pipe                | (A2*B'')'          | 16     | 16     | -      | -      | 32     | 1    | 2    | -    | -    | -     | 1    | 0    | 
|gdn_recur_pipe                | (A2*B'')'          | 16     | 16     | -      | -      | 32     | 1    | 2    | -    | -    | -     | 1    | 0    | 
|rmsnorm_bf__GB6               | A2*B2              | 18     | 16     | -      | -      | 48     | 1    | 1    | -    | -    | -     | 0    | 0    | 
|rmsnorm_bf__GB6               | (PCIN>>17)+A2*B2   | 16     | 15     | -      | -      | 48     | 1    | 1    | -    | -    | -     | 0    | 0    | 
|rmsnorm_bf                    | A''*B2             | 17     | 14     | -      | -      | 31     | 2    | 1    | -    | -    | -     | 0    | 0    | 
|rmsnorm_bf                    | A2*B''             | 18     | 17     | -      | -      | 48     | 1    | 2    | -    | -    | -     | 0    | 0    | 
|rmsnorm_bf                    | (PCIN>>17)+A2*B''  | 18     | 17     | -      | -      | 48     | 1    | 2    | -    | -    | -     | 0    | 0    | 
|rmsnorm_bf__GB6               | A2*B2              | 18     | 16     | -      | -      | 48     | 1    | 1    | -    | -    | -     | 0    | 0    | 
|rmsnorm_bf__GB6               | (PCIN>>17)+A2*B2   | 16     | 15     | -      | -      | 48     | 1    | 1    | -    | -    | -     | 0    | 0    | 
|rmsnorm_bf                    | A''*B2             | 17     | 14     | -      | -      | 31     | 2    | 1    | -    | -    | -     | 0    | 0    | 
|rmsnorm_bf                    | A2*B''             | 18     | 17     | -      | -      | 48     | 1    | 2    | -    | -    | -     | 0    | 0    | 
|rmsnorm_bf                    | (PCIN>>17)+A2*B''  | 18     | 17     | -      | -      | 48     | 1    | 2    | -    | -    | -     | 0    | 0    | 
|rmsnorm_bf__GB6               | A2*B2              | 18     | 16     | -      | -      | 48     | 1    | 1    | -    | -    | -     | 0    | 0    | 
|rmsnorm_bf__GB6               | (PCIN>>17)+A2*B2   | 16     | 15     | -      | -      | 48     | 1    | 1    | -    | -    | -     | 0    | 0    | 
|rmsnorm_bf                    | A''*B2             | 17     | 14     | -      | -      | 31     | 2    | 1    | -    | -    | -     | 0    | 0    | 
|rmsnorm_bf                    | A2*B''             | 18     | 17     | -      | -      | 48     | 1    | 2    | -    | -    | -     | 0    | 0    | 
|rmsnorm_bf                    | (PCIN>>17)+A2*B''  | 18     | 17     | -      | -      | 48     | 1    | 2    | -    | -    | -     | 0    | 0    | 
|rmsnorm_bf__GB6               | A2*B2              | 18     | 17     | -      | -      | 48     | 1    | 1    | -    | -    | -     | 0    | 0    | 
|rmsnorm_bf__GB6               | (PCIN>>17)+A2*B2   | 17     | 15     | -      | -      | 48     | 1    | 1    | -    | -    | -     | 0    | 1    | 
|rmsnorm_bf__GB6               | A2*B2              | 18     | 18     | -      | -      | 48     | 1    | 1    | -    | -    | -     | 0    | 0    | 
|rmsnorm_bf__GB6               | (PCIN>>17)+A2*B2   | 18     | 15     | -      | -      | 48     | 1    | 1    | -    | -    | -     | 0    | 1    | 
|rmsnorm_bf__GB6               | (A:0x13ccd)*B2     | 18     | 15     | -      | -      | 48     | 0    | 1    | -    | -    | -     | 0    | 0    | 
|rmsnorm_bf__GB6               | (PCIN>>17)+A2*B    | 15     | 14     | -      | -      | 48     | 1    | 0    | -    | -    | -     | 0    | 1    | 
|rmsnorm_bf__GB6               | A2*(B:0x13ccd)     | 18     | 18     | -      | -      | 48     | 1    | 0    | -    | -    | -     | 0    | 0    | 
|rmsnorm_bf__GB6               | (PCIN>>17)+A2*B    | 18     | 14     | -      | -      | 48     | 1    | 0    | -    | -    | -     | 0    | 1    | 
|rmsnorm_bf__GB6               | A2*B2              | 18     | 16     | -      | -      | 48     | 1    | 1    | -    | -    | -     | 0    | 0    | 
|rmsnorm_bf__GB6               | (PCIN>>17)+A2*B2   | 16     | 15     | -      | -      | 48     | 1    | 1    | -    | -    | -     | 0    | 0    | 
|rmsnorm_bf                    | A''*B2             | 17     | 14     | -      | -      | 31     | 2    | 1    | -    | -    | -     | 0    | 0    | 
|rmsnorm_bf                    | A2*B''             | 18     | 17     | -      | -      | 48     | 1    | 2    | -    | -    | -     | 0    | 0    | 
|rmsnorm_bf                    | (PCIN>>17)+A2*B''  | 18     | 17     | -      | -      | 48     | 1    | 2    | -    | -    | -     | 0    | 0    | 
|rmsnorm_bf__GB6               | A2*B2              | 18     | 15     | -      | -      | 48     | 1    | 1    | -    | -    | -     | 0    | 0    | 
|rmsnorm_bf__GB6               | (PCIN>>17)+A2*B2   | 15     | 15     | -      | -      | 48     | 1    | 1    | -    | -    | -     | 0    | 1    | 
|rmsnorm_bf__GB6               | A2*B2              | 18     | 18     | -      | -      | 48     | 1    | 1    | -    | -    | -     | 0    | 0    | 
|rmsnorm_bf__GB6               | (PCIN>>17)+A2*B2   | 18     | 15     | -      | -      | 48     | 1    | 1    | -    | -    | -     | 0    | 1    | 
|rmsnorm_bf__GB6               | A''*B2             | 18     | 15     | -      | -      | 48     | 2    | 1    | -    | -    | -     | 0    | 0    | 
|rmsnorm_bf__GB6               | (PCIN>>17)+A2*B''  | 15     | 15     | -      | -      | 48     | 1    | 2    | -    | -    | -     | 0    | 1    | 
|rmsnorm_bf__GB6               | A2*B''             | 18     | 18     | -      | -      | 48     | 1    | 2    | -    | -    | -     | 0    | 0    | 
|rmsnorm_bf__GB6               | (PCIN>>17)+A2*B''  | 18     | 15     | -      | -      | 48     | 1    | 2    | -    | -    | -     | 0    | 1    | 
|gdn_silu__parameterized0__GB0 | (A2*B2)'           | 25     | 13     | -      | -      | 38     | 1    | 1    | -    | -    | -     | 1    | 0    | 
|gdn_silu                      | (A2*B'')'          | 18     | 16     | -      | -      | 34     | 1    | 2    | -    | -    | -     | 1    | 0    | 
|gdn_silu__parameterized0__GB0 | (A2*B2)'           | 25     | 13     | -      | -      | 38     | 1    | 1    | -    | -    | -     | 1    | 0    | 
|gdn_silu                      | (A2*B'')'          | 18     | 16     | -      | -      | 34     | 1    | 2    | -    | -    | -     | 1    | 0    | 
|gdn_silu__parameterized0__GB0 | (A2*B2)'           | 25     | 13     | -      | -      | 38     | 1    | 1    | -    | -    | -     | 1    | 0    | 
|gdn_silu                      | (A2*B'')'          | 18     | 16     | -      | -      | 34     | 1    | 2    | -    | -    | -     | 1    | 0    | 
|gdn_silu__parameterized0__GB0 | (A2*B2)'           | 25     | 13     | -      | -      | 38     | 1    | 1    | -    | -    | -     | 1    | 0    | 
|gdn_silu                      | (A2*B'')'          | 18     | 16     | -      | -      | 34     | 1    | 2    | -    | -    | -     | 1    | 0    | 
|gdn_silu__parameterized0__GB0 | (A2*B2)'           | 25     | 13     | -      | -      | 38     | 1    | 1    | -    | -    | -     | 1    | 0    | 
|gdn_silu                      | (A2*B'')'          | 18     | 16     | -      | -      | 34     | 1    | 2    | -    | -    | -     | 1    | 0    | 
|gdn_silu__parameterized0__GB0 | (A2*B2)'           | 25     | 13     | -      | -      | 38     | 1    | 1    | -    | -    | -     | 1    | 0    | 
|gdn_silu                      | (A2*B'')'          | 18     | 16     | -      | -      | 34     | 1    | 2    | -    | -    | -     | 1    | 0    | 
|gdn_silu__parameterized0__GB0 | (A2*B2)'           | 25     | 13     | -      | -      | 38     | 1    | 1    | -    | -    | -     | 1    | 0    | 
|gdn_silu__parameterized0__GB0 | (A2*B2)'           | 25     | 13     | -      | -      | 38     | 1    | 1    | -    | -    | -     | 1    | 0    | 
|gdn_silu                      | (A2*B'')'          | 18     | 16     | -      | -      | 34     | 1    | 2    | -    | -    | -     | 1    | 0    | 
|gdn_silu                      | (A2*B'')'          | 18     | 16     | -      | -      | 34     | 1    | 2    | -    | -    | -     | 1    | 0    | 
|gdn_y_emit                    | (A*B)'             | 16     | 16     | -      | -      | 32     | 0    | 0    | -    | -    | -     | 1    | 0    | 
|gdn_silu                      | (A2*B2)'           | 25     | 13     | -      | -      | 38     | 1    | 1    | -    | -    | -     | 1    | 0    | 
|gdn_silu                      | (A2*B'')'          | 18     | 16     | -      | -      | 34     | 1    | 2    | -    | -    | -     | 1    | 0    | 
|gdn_silu                      | (A2*B2)'           | 25     | 13     | -      | -      | 38     | 1    | 1    | -    | -    | -     | 1    | 0    | 
|gdn_silu                      | (A2*B'')'          | 18     | 16     | -      | -      | 34     | 1    | 2    | -    | -    | -     | 1    | 0    | 
|gdn_silu                      | (A2*B2)'           | 25     | 13     | -      | -      | 38     | 1    | 1    | -    | -    | -     | 1    | 0    | 
|gdn_silu                      | (A2*B'')'          | 18     | 16     | -      | -      | 34     | 1    | 2    | -    | -    | -     | 1    | 0    | 
|gdn_silu                      | (A2*B2)'           | 25     | 13     | -      | -      | 38     | 1    | 1    | -    | -    | -     | 1    | 0    | 
|gdn_silu                      | (A2*B'')'          | 18     | 16     | -      | -      | 34     | 1    | 2    | -    | -    | -     | 1    | 0    | 
|gdn_conv                      | (A2*B2)'           | 16     | 16     | -      | -      | 32     | 1    | 1    | -    | -    | -     | 1    | 0    | 
|gdn_conv                      | (A2*B2)'           | 16     | 16     | -      | -      | 32     | 1    | 1    | -    | -    | -     | 1    | 0    | 
|gdn_conv                      | (A2*B2)'           | 16     | 16     | -      | -      | 32     | 1    | 1    | -    | -    | -     | 1    | 0    | 
|gdn_conv                      | (A2*B2)'           | 16     | 16     | -      | -      | 32     | 1    | 1    | -    | -    | -     | 1    | 0    | 
|gdn_conv                      | (A2*B2)'           | 16     | 16     | -      | -      | 32     | 1    | 1    | -    | -    | -     | 1    | 0    | 
|gdn_conv                      | (A2*B2)'           | 16     | 16     | -      | -      | 32     | 1    | 1    | -    | -    | -     | 1    | 0    | 
|gdn_conv                      | (A2*B2)'           | 16     | 16     | -      | -      | 32     | 1    | 1    | -    | -    | -     | 1    | 0    | 
|gdn_conv                      | (A2*B2)'           | 16     | 16     | -      | -      | 32     | 1    | 1    | -    | -    | -     | 1    | 0    | 
|gdn_conv                      | (A2*B2)'           | 16     | 16     | -      | -      | 32     | 1    | 1    | -    | -    | -     | 1    | 0    | 
|gdn_conv                      | (A2*B2)'           | 16     | 16     | -      | -      | 32     | 1    | 1    | -    | -    | -     | 1    | 0    | 
|gdn_conv                      | (A2*B2)'           | 16     | 16     | -      | -      | 32     | 1    | 1    | -    | -    | -     | 1    | 0    | 
|gdn_conv                      | (A2*B2)'           | 16     | 16     | -      | -      | 32     | 1    | 1    | -    | -    | -     | 1    | 0    | 
|gdn_conv                      | (A2*B2)'           | 16     | 16     | -      | -      | 32     | 1    | 1    | -    | -    | -     | 1    | 0    | 
|gdn_conv                      | (A2*B2)'           | 16     | 16     | -      | -      | 32     | 1    | 1    | -    | -    | -     | 1    | 0    | 
|gdn_conv                      | (A2*B2)'           | 16     | 16     | -      | -      | 32     | 1    | 1    | -    | -    | -     | 1    | 0    | 
|gdn_conv                      | (A2*B2)'           | 16     | 16     | -      | -      | 32     | 1    | 1    | -    | -    | -     | 1    | 0    | 
|gdn_scalar                    | A2*B               | 18     | 15     | -      | -      | 48     | 1    | 0    | -    | -    | -     | 0    | 0    | 
|gdn_scalar                    | (PCIN>>17)+A*B2    | 15     | 15     | -      | -      | 48     | 0    | 1    | -    | -    | -     | 0    | 1    | 
|gdn_scalar                    | A*B2               | 18     | 18     | -      | -      | 48     | 0    | 1    | -    | -    | -     | 0    | 0    | 
|gdn_scalar                    | (PCIN>>17)+A*B2    | 18     | 15     | -      | -      | 48     | 0    | 1    | -    | -    | -     | 0    | 1    | 
|gdn_scalar                    | (A2*B)'            | 18     | 16     | -      | -      | 48     | 1    | 0    | -    | -    | -     | 1    | 0    | 
|gdn_scalar                    | A2*B               | 18     | 16     | -      | -      | 48     | 1    | 0    | -    | -    | -     | 0    | 0    | 
|gdn_scalar                    | (PCIN>>17)+A2*B    | 18     | 16     | -      | -      | 48     | 1    | 0    | -    | -    | -     | 0    | 1    | 
|l2norm_rs                     | (A2*B2)'           | 16     | 16     | -      | -      | 32     | 1    | 1    | -    | -    | -     | 1    | 0    | 
|l2norm_rs                     | (A2*B2)'           | 16     | 16     | -      | -      | 32     | 1    | 1    | -    | -    | -     | 1    | 0    | 
|l2norm_rs                     | (A2*B2)'           | 16     | 16     | -      | -      | 32     | 1    | 1    | -    | -    | -     | 1    | 0    | 
|l2norm_rs                     | (A2*B2)'           | 16     | 16     | -      | -      | 32     | 1    | 1    | -    | -    | -     | 1    | 0    | 
|l2norm_rs                     | A2*B2              | 18     | 15     | -      | -      | 48     | 1    | 1    | -    | -    | -     | 0    | 0    | 
|l2norm_rs                     | (PCIN>>17)+A2*B2   | 15     | 15     | -      | -      | 30     | 1    | 1    | -    | -    | -     | 0    | 0    | 
|l2norm_rs                     | A2*B2              | 18     | 18     | -      | -      | 48     | 1    | 1    | -    | -    | -     | 0    | 0    | 
|l2norm_rs                     | (PCIN>>17)+A2*B2   | 18     | 15     | -      | -      | 47     | 1    | 1    | -    | -    | -     | 0    | 0    | 
|l2norm_rs                     | A''*B2             | 18     | 15     | -      | -      | 48     | 2    | 1    | -    | -    | -     | 0    | 0    | 
|l2norm_rs                     | (PCIN>>17)+A2*B''  | 15     | 15     | -      | -      | 30     | 1    | 2    | -    | -    | -     | 0    | 0    | 
|l2norm_rs                     | A2*B''             | 18     | 18     | -      | -      | 48     | 1    | 2    | -    | -    | -     | 0    | 0    | 
|l2norm_rs                     | (PCIN>>17)+A2*B''  | 18     | 15     | -      | -      | 47     | 1    | 2    | -    | -    | -     | 0    | 0    | 
|l2norm_rs                     | A2*B2              | 18     | 17     | -      | -      | 48     | 1    | 1    | -    | -    | -     | 0    | 0    | 
|l2norm_rs                     | (PCIN>>17)+A2*B2   | 17     | 15     | -      | -      | 32     | 1    | 1    | -    | -    | -     | 0    | 0    | 
|l2norm_rs                     | A2*B2              | 18     | 18     | -      | -      | 48     | 1    | 1    | -    | -    | -     | 0    | 0    | 
|l2norm_rs                     | (PCIN>>17)+A2*B2   | 18     | 15     | -      | -      | 48     | 1    | 1    | -    | -    | -     | 0    | 0    | 
|l2norm_rs                     | (A:0x13ccd)*B2     | 18     | 15     | -      | -      | 48     | 0    | 1    | -    | -    | -     | 0    | 0    | 
|l2norm_rs                     | (PCIN>>17)+A2*B    | 15     | 14     | -      | -      | 48     | 1    | 0    | -    | -    | -     | 0    | 1    | 
|l2norm_rs                     | A2*(B:0x13ccd)     | 18     | 18     | -      | -      | 48     | 1    | 0    | -    | -    | -     | 0    | 0    | 
|l2norm_rs                     | (PCIN>>17)+A2*B    | 18     | 14     | -      | -      | 48     | 1    | 0    | -    | -    | -     | 0    | 1    | 
|l2norm_rs                     | A2*B2              | 18     | 16     | -      | -      | 48     | 1    | 1    | -    | -    | -     | 0    | 0    | 
|l2norm_rs                     | (PCIN>>17)+A2*B2   | 16     | 15     | -      | -      | 48     | 1    | 1    | -    | -    | -     | 0    | 1    | 
|l2norm_rs                     | A2*B2              | 18     | 16     | -      | -      | 48     | 1    | 1    | -    | -    | -     | 0    | 0    | 
|l2norm_rs                     | (PCIN>>17)+A2*B2   | 16     | 15     | -      | -      | 48     | 1    | 1    | -    | -    | -     | 0    | 1    | 
|l2norm_rs                     | A2*B2              | 18     | 16     | -      | -      | 48     | 1    | 1    | -    | -    | -     | 0    | 0    | 
|l2norm_rs                     | (PCIN>>17)+A2*B2   | 16     | 15     | -      | -      | 48     | 1    | 1    | -    | -    | -     | 0    | 1    | 
|l2norm_rs                     | A2*B2              | 18     | 16     | -      | -      | 48     | 1    | 1    | -    | -    | -     | 0    | 0    | 
|l2norm_rs                     | (PCIN>>17)+A2*B2   | 16     | 15     | -      | -      | 48     | 1    | 1    | -    | -    | -     | 0    | 1    | 
|l2norm_rs                     | A2*B2              | 18     | 16     | -      | -      | 48     | 1    | 1    | -    | -    | -     | 0    | 0    | 
|l2norm_rs                     | (PCIN>>17)+A2*B2   | 16     | 15     | -      | -      | 48     | 1    | 1    | -    | -    | -     | 0    | 1    | 
|l2norm_rs                     | A2*B2              | 18     | 16     | -      | -      | 48     | 1    | 1    | -    | -    | -     | 0    | 0    | 
|l2norm_rs                     | (PCIN>>17)+A2*B2   | 16     | 15     | -      | -      | 48     | 1    | 1    | -    | -    | -     | 0    | 1    | 
|l2norm_rs                     | A2*B2              | 18     | 16     | -      | -      | 48     | 1    | 1    | -    | -    | -     | 0    | 0    | 
|l2norm_rs                     | (PCIN>>17)+A2*B2   | 16     | 15     | -      | -      | 48     | 1    | 1    | -    | -    | -     | 0    | 1    | 
|l2norm_rs                     | A2*B2              | 18     | 16     | -      | -      | 48     | 1    | 1    | -    | -    | -     | 0    | 0    | 
|l2norm_rs                     | (PCIN>>17)+A2*B2   | 16     | 15     | -      | -      | 48     | 1    | 1    | -    | -    | -     | 0    | 1    | 
+------------------------------+--------------------+--------+--------+--------+--------+--------+------+------+------+------+-------+------+------+

Note: The table above is a preliminary report that shows the DSPs inferred at the current stage of the synthesis flow. Some DSP may be reimplemented as non DSP primitives later in the synthesis flow. Multiple instantiated DSPs are reported only once.
---------------------------------------------------------------------------------
Finished ROM, RAM, DSP, Shift Register and Retiming Reporting
---------------------------------------------------------------------------------
No constraint files found.
---------------------------------------------------------------------------------
Start Timing Optimization
---------------------------------------------------------------------------------
---------------------------------------------------------------------------------
Finished Timing Optimization : Time (s): cpu = 00:02:50 ; elapsed = 00:02:51 . Memory (MB): peak = 3191.918 ; gain = 1857.605 ; free physical = 3378 ; free virtual = 48221
---------------------------------------------------------------------------------
---------------------------------------------------------------------------------
Start ROM, RAM, DSP, Shift Register and Retiming Reporting
---------------------------------------------------------------------------------

Block RAM: Final Mapping Report
+---------------------+-------------+------------------------+---+---+------------------------+---+---+------------------+--------+--------+-----------------+
|Module Name          | RTL Object  | PORT A (Depth x Width) | W | R | PORT B (Depth x Width) | W | R | Ports driving FF | RAMB18 | RAMB36 | Cascade Heights | 
+---------------------+-------------+------------------------+---+---+------------------------+---+---+------------------+--------+--------+-----------------+
|gdn_recur_pipe__GB12 | w18_mem_reg | 512 x 76(READ_FIRST)   | W |   | 512 x 76(WRITE_FIRST)  |   | R | Port A and B     | 1      | 1      |                 | 
|gdn_recur_pipe__GB12 | u_mem_reg   | 512 x 140(READ_FIRST)  | W |   | 512 x 140(WRITE_FIRST) |   | R | Port A and B     | 0      | 2      |                 | 
|u_y                  | mem_reg     | 8 K x 32(READ_FIRST)   | W |   | 8 K x 32(WRITE_FIRST)  |   | R | Port A and B     | 1      | 7      | 4,2,1,1         | 
|u_head               | mem_reg     | 256 x 48(READ_FIRST)   | W |   | 256 x 48(WRITE_FIRST)  |   | R | Port A and B     | 0      | 1      |                 | 
|u_conv               | acc_mem_reg | 1 K x 136(READ_FIRST)  | W |   | 1 K x 136(WRITE_FIRST) |   | R | Port A and B     | 0      | 4      | 1,1,1,1         | 
+---------------------+-------------+------------------------+---+---+------------------------+---+---+------------------+--------+--------+-----------------+


Distributed RAM: Final Mapping Report
+---------------------+----------------------------+----------------+----------------------+-----------------+
|Module Name          | RTL Object                 | Inference      | Size (Depth x Width) | Primitives      | 
+---------------------+----------------------------+----------------+----------------------+-----------------+
|gdn_recur_pipe__GB2  | kbuf_reg                   | Implied        | 2 x 2048             | RAM32M16 x 294  | 
|gdn_recur_pipe__GB12 | egbuf_reg                  | Implied        | 2 x 16               | RAM32M16 x 2    | 
|gdn_recur_pipe__GB12 | betabuf_reg                | Implied        | 2 x 16               | RAM32M16 x 2    | 
|gdn_recur_pipe__GB12 | qbuf_reg                   | Implied        | 2 x 2048             | RAM32M16 x 147  | 
|u_y                  | e_y_b_reg                  | Implied        | 2 x 8                | RAM16X1D x 8    | 
|u_y                  | ep_reg                     | Implied        | 64 x 8               | RAM64M8 x 2     | 
|u_head               | e_h_b_reg                  | Implied        | 2 x 8                | RAM16X1D x 8    | 
|gdn_block__GCB0      | vbuf_reg                   | User Attribute | 1 K x 64             | RAM64M8 x 160   | 
|gdn_block__GCB1      | u_exp/mem_reg              | Implied        | 128 x 32             | RAM64M8 x 20    | 
|gdn_block__GCB2      | beta_b_reg                 | Implied        | 32 x 16              | RAM32X1S x 16   | 
|gdn_block__GCB2      | eg_b_reg                   | Implied        | 32 x 16              | RAM32X1S x 16   | 
|gdn_block__GCB4      | gkbuf[0].kbuf_reg[0][11]   | User Attribute | 16 x 64              | RAM32M16 x 5    | 
|gdn_block__GCB4      | gqbuf[0].qbuf_reg[0][11]   | User Attribute | 16 x 64              | RAM32M16 x 5    | 
|gdn_block__GCB4      | gkbuf[1].kbuf_reg[1][11]   | User Attribute | 16 x 64              | RAM32M16 x 5    | 
|gdn_block__GCB4      | gqbuf[1].qbuf_reg[1][11]   | User Attribute | 16 x 64              | RAM32M16 x 5    | 
|gdn_block__GCB4      | gkbuf[2].kbuf_reg[2][11]   | User Attribute | 16 x 64              | RAM32M16 x 5    | 
|gdn_block__GCB4      | gqbuf[2].qbuf_reg[2][11]   | User Attribute | 16 x 64              | RAM32M16 x 5    | 
|gdn_block__GCB4      | gkbuf[3].kbuf_reg[3][11]   | User Attribute | 16 x 64              | RAM32M16 x 5    | 
|gdn_block__GCB4      | gqbuf[3].qbuf_reg[3][11]   | User Attribute | 16 x 64              | RAM32M16 x 5    | 
|gdn_block__GCB4      | gkbuf[4].kbuf_reg[4][11]   | User Attribute | 16 x 64              | RAM32M16 x 5    | 
|gdn_block__GCB4      | gqbuf[4].qbuf_reg[4][11]   | User Attribute | 16 x 64              | RAM32M16 x 5    | 
|gdn_block__GCB4      | gkbuf[5].kbuf_reg[5][11]   | User Attribute | 16 x 64              | RAM32M16 x 5    | 
|gdn_block__GCB4      | gqbuf[5].qbuf_reg[5][11]   | User Attribute | 16 x 64              | RAM32M16 x 5    | 
|gdn_block__GCB4      | gkbuf[6].kbuf_reg[6][11]   | User Attribute | 16 x 64              | RAM32M16 x 5    | 
|gdn_block__GCB4      | gqbuf[6].qbuf_reg[6][11]   | User Attribute | 16 x 64              | RAM32M16 x 5    | 
|gdn_block__GCB4      | gkbuf[7].kbuf_reg[7][11]   | User Attribute | 16 x 64              | RAM32M16 x 5    | 
|gdn_block__GCB4      | gqbuf[7].qbuf_reg[7][11]   | User Attribute | 16 x 64              | RAM32M16 x 5    | 
|gdn_block__GCB4      | gkbuf[8].kbuf_reg[8][11]   | User Attribute | 16 x 64              | RAM32M16 x 5    | 
|gdn_block__GCB4      | gqbuf[8].qbuf_reg[8][11]   | User Attribute | 16 x 64              | RAM32M16 x 5    | 
|gdn_block__GCB4      | gkbuf[9].kbuf_reg[9][11]   | User Attribute | 16 x 64              | RAM32M16 x 5    | 
|gdn_block__GCB4      | gqbuf[9].qbuf_reg[9][11]   | User Attribute | 16 x 64              | RAM32M16 x 5    | 
|gdn_block__GCB4      | gkbuf[10].kbuf_reg[10][11] | User Attribute | 16 x 64              | RAM32M16 x 5    | 
|gdn_block__GCB4      | gqbuf[10].qbuf_reg[10][11] | User Attribute | 16 x 64              | RAM32M16 x 5    | 
|gdn_block__GCB4      | gkbuf[11].kbuf_reg[11][11] | User Attribute | 16 x 64              | RAM32M16 x 5    | 
|gdn_block__GCB4      | gqbuf[11].qbuf_reg[11][11] | User Attribute | 16 x 64              | RAM32M16 x 5    | 
|gdn_block__GCB4      | gkbuf[12].kbuf_reg[12][11] | User Attribute | 16 x 64              | RAM32M16 x 5    | 
|gdn_block__GCB4      | gqbuf[12].qbuf_reg[12][11] | User Attribute | 16 x 64              | RAM32M16 x 5    | 
|gdn_block__GCB4      | gkbuf[13].kbuf_reg[13][11] | User Attribute | 16 x 64              | RAM32M16 x 5    | 
|gdn_block__GCB4      | gqbuf[13].qbuf_reg[13][11] | User Attribute | 16 x 64              | RAM32M16 x 5    | 
|gdn_block__GCB4      | gkbuf[14].kbuf_reg[14][11] | User Attribute | 16 x 64              | RAM32M16 x 5    | 
|gdn_block__GCB4      | gqbuf[14].qbuf_reg[14][11] | User Attribute | 16 x 64              | RAM32M16 x 5    | 
|gdn_block__GCB4      | gkbuf[15].kbuf_reg[15][11] | User Attribute | 16 x 64              | RAM32M16 x 5    | 
|gdn_block__GCB4      | gqbuf[15].qbuf_reg[15][11] | User Attribute | 16 x 64              | RAM32M16 x 5    | 
|gdn_block__GCB4      | gkbuf[16].kbuf_reg[16][11] | User Attribute | 16 x 64              | RAM32M16 x 5    | 
|gdn_block__GCB4      | gqbuf[16].qbuf_reg[16][11] | User Attribute | 16 x 64              | RAM32M16 x 5    | 
|gdn_block__GCB4      | gkbuf[17].kbuf_reg[17][11] | User Attribute | 16 x 64              | RAM32M16 x 5    | 
|gdn_block__GCB4      | gqbuf[17].qbuf_reg[17][11] | User Attribute | 16 x 64              | RAM32M16 x 5    | 
|gdn_block__GCB4      | gkbuf[18].kbuf_reg[18][11] | User Attribute | 16 x 64              | RAM32M16 x 5    | 
|gdn_block__GCB4      | gqbuf[18].qbuf_reg[18][11] | User Attribute | 16 x 64              | RAM32M16 x 5    | 
|gdn_block__GCB4      | gkbuf[19].kbuf_reg[19][11] | User Attribute | 16 x 64              | RAM32M16 x 5    | 
|gdn_block__GCB4      | gqbuf[19].qbuf_reg[19][11] | User Attribute | 16 x 64              | RAM32M16 x 5    | 
|gdn_block__GCB4      | gkbuf[20].kbuf_reg[20][11] | User Attribute | 16 x 64              | RAM32M16 x 5    | 
|gdn_block__GCB4      | gqbuf[20].qbuf_reg[20][11] | User Attribute | 16 x 64              | RAM32M16 x 5    | 
|gdn_block__GCB4      | gkbuf[21].kbuf_reg[21][11] | User Attribute | 16 x 64              | RAM32M16 x 5    | 
|gdn_block__GCB4      | gqbuf[21].qbuf_reg[21][11] | User Attribute | 16 x 64              | RAM32M16 x 5    | 
|gdn_block__GCB4      | gkbuf[22].kbuf_reg[22][11] | User Attribute | 16 x 64              | RAM32M16 x 5    | 
|gdn_block__GCB4      | gqbuf[22].qbuf_reg[22][11] | User Attribute | 16 x 64              | RAM32M16 x 5    | 
|gdn_block__GCB4      | gkbuf[23].kbuf_reg[23][11] | User Attribute | 16 x 64              | RAM32M16 x 5    | 
|gdn_block__GCB4      | gqbuf[23].qbuf_reg[23][11] | User Attribute | 16 x 64              | RAM32M16 x 5    | 
|gdn_block__GCB4      | gkbuf[24].kbuf_reg[24][11] | User Attribute | 16 x 64              | RAM32M16 x 5    | 
|gdn_block__GCB4      | gqbuf[24].qbuf_reg[24][11] | User Attribute | 16 x 64              | RAM32M16 x 5    | 
|gdn_block__GCB4      | gkbuf[25].kbuf_reg[25][11] | User Attribute | 16 x 64              | RAM32M16 x 5    | 
|gdn_block__GCB4      | gqbuf[25].qbuf_reg[25][11] | User Attribute | 16 x 64              | RAM32M16 x 5    | 
|gdn_block__GCB4      | gkbuf[26].kbuf_reg[26][11] | User Attribute | 16 x 64              | RAM32M16 x 5    | 
|gdn_block__GCB4      | gqbuf[26].qbuf_reg[26][11] | User Attribute | 16 x 64              | RAM32M16 x 5    | 
|gdn_block__GCB4      | gkbuf[27].kbuf_reg[27][11] | User Attribute | 16 x 64              | RAM32M16 x 5    | 
|gdn_block__GCB4      | gqbuf[27].qbuf_reg[27][11] | User Attribute | 16 x 64              | RAM32M16 x 5    | 
|gdn_block__GCB4      | gkbuf[28].kbuf_reg[28][11] | User Attribute | 16 x 64              | RAM32M16 x 5    | 
|gdn_block__GCB4      | gqbuf[28].qbuf_reg[28][11] | User Attribute | 16 x 64              | RAM32M16 x 5    | 
|gdn_block__GCB4      | gkbuf[29].kbuf_reg[29][11] | User Attribute | 16 x 64              | RAM32M16 x 5    | 
|gdn_block__GCB4      | gqbuf[29].qbuf_reg[29][11] | User Attribute | 16 x 64              | RAM32M16 x 5    | 
|gdn_block__GCB4      | gkbuf[30].kbuf_reg[30][11] | User Attribute | 16 x 64              | RAM32M16 x 5    | 
|gdn_block__GCB4      | gqbuf[30].qbuf_reg[30][11] | User Attribute | 16 x 64              | RAM32M16 x 5    | 
|gdn_block__GCB4      | gkbuf[31].kbuf_reg[31][11] | User Attribute | 16 x 64              | RAM32M16 x 5    | 
|gdn_block__GCB4      | gqbuf[31].qbuf_reg[31][11] | User Attribute | 16 x 64              | RAM32M16 x 5    | 
|gdn_block__GCB4      | knb_reg                    | User Attribute | 16 x 2048            | RAM32M16 x 147  | 
|gdn_block__GCB4      | qsb_reg                    | User Attribute | 16 x 2048            | RAM32M16 x 147  | 
+---------------------+----------------------------+----------------+----------------------+-----------------+

---------------------------------------------------------------------------------
Finished ROM, RAM, DSP, Shift Register and Retiming Reporting
---------------------------------------------------------------------------------
---------------------------------------------------------------------------------
Start Technology Mapping
---------------------------------------------------------------------------------
INFO: [Synth 8-7052] The timing for the instance u_recuri_12/u_recur/u_mem_reg_0 (implemented as a Block RAM) might be sub-optimal as no optional output register could be merged into the ram block. Providing additional output register may help in improving timing.
INFO: [Synth 8-7052] The timing for the instance u_recuri_12/u_recur/u_mem_reg_1 (implemented as a Block RAM) might be sub-optimal as no optional output register could be merged into the ram block. Providing additional output register may help in improving timing.
INFO: [Synth 8-7052] The timing for the instance u_emiti_25/u_emit/u_head/mem_reg (implemented as a Block RAM) might be sub-optimal as no optional output register could be merged into the ram block. Providing additional output register may help in improving timing.
INFO: [Synth 8-7052] The timing for the instance i_27/u_conv/acc_mem_reg_bram_0 (implemented as a Block RAM) might be sub-optimal as no optional output register could be merged into the ram block. Providing additional output register may help in improving timing.
INFO: [Synth 8-7052] The timing for the instance i_27/u_conv/acc_mem_reg_bram_1 (implemented as a Block RAM) might be sub-optimal as no optional output register could be merged into the ram block. Providing additional output register may help in improving timing.
INFO: [Synth 8-7052] The timing for the instance i_27/u_conv/acc_mem_reg_bram_2 (implemented as a Block RAM) might be sub-optimal as no optional output register could be merged into the ram block. Providing additional output register may help in improving timing.
INFO: [Synth 8-7052] The timing for the instance i_27/u_conv/acc_mem_reg_bram_3 (implemented as a Block RAM) might be sub-optimal as no optional output register could be merged into the ram block. Providing additional output register may help in improving timing.
---------------------------------------------------------------------------------
Finished Technology Mapping : Time (s): cpu = 00:02:58 ; elapsed = 00:03:00 . Memory (MB): peak = 3199.922 ; gain = 1865.609 ; free physical = 3268 ; free virtual = 48197
---------------------------------------------------------------------------------
---------------------------------------------------------------------------------
Start IO Insertion
---------------------------------------------------------------------------------
---------------------------------------------------------------------------------
Start Flattening Before IO Insertion
---------------------------------------------------------------------------------
---------------------------------------------------------------------------------
Finished Flattening Before IO Insertion
---------------------------------------------------------------------------------
---------------------------------------------------------------------------------
Start Final Netlist Cleanup
---------------------------------------------------------------------------------
INFO: [Synth 8-7052] The timing for the instance u_recur/u_mem_reg_0 (implemented as a Block RAM) might be sub-optimal as no optional output register could be merged into the ram block. Providing additional output register may help in improving timing.
INFO: [Synth 8-7052] The timing for the instance u_recur/u_mem_reg_1 (implemented as a Block RAM) might be sub-optimal as no optional output register could be merged into the ram block. Providing additional output register may help in improving timing.
INFO: [Synth 8-7052] The timing for the instance u_emit/u_head/mem_reg (implemented as a Block RAM) might be sub-optimal as no optional output register could be merged into the ram block. Providing additional output register may help in improving timing.
INFO: [Synth 8-7052] The timing for the instance u_conv/acc_mem_reg_bram_0 (implemented as a Block RAM) might be sub-optimal as no optional output register could be merged into the ram block. Providing additional output register may help in improving timing.
INFO: [Synth 8-7052] The timing for the instance u_conv/acc_mem_reg_bram_1 (implemented as a Block RAM) might be sub-optimal as no optional output register could be merged into the ram block. Providing additional output register may help in improving timing.
INFO: [Synth 8-7052] The timing for the instance u_conv/acc_mem_reg_bram_2 (implemented as a Block RAM) might be sub-optimal as no optional output register could be merged into the ram block. Providing additional output register may help in improving timing.
INFO: [Synth 8-7052] The timing for the instance u_conv/acc_mem_reg_bram_3 (implemented as a Block RAM) might be sub-optimal as no optional output register could be merged into the ram block. Providing additional output register may help in improving timing.
---------------------------------------------------------------------------------
Finished Final Netlist Cleanup
---------------------------------------------------------------------------------
---------------------------------------------------------------------------------
Finished IO Insertion : Time (s): cpu = 00:03:12 ; elapsed = 00:03:14 . Memory (MB): peak = 3264.570 ; gain = 1930.258 ; free physical = 3119 ; free virtual = 48142
---------------------------------------------------------------------------------
---------------------------------------------------------------------------------
Start Renaming Generated Instances
---------------------------------------------------------------------------------
---------------------------------------------------------------------------------
Finished Renaming Generated Instances : Time (s): cpu = 00:03:13 ; elapsed = 00:03:15 . Memory (MB): peak = 3264.570 ; gain = 1930.258 ; free physical = 3119 ; free virtual = 48142
---------------------------------------------------------------------------------
---------------------------------------------------------------------------------
Start Rebuilding User Hierarchy
---------------------------------------------------------------------------------
---------------------------------------------------------------------------------
Finished Rebuilding User Hierarchy : Time (s): cpu = 00:03:16 ; elapsed = 00:03:18 . Memory (MB): peak = 3264.570 ; gain = 1930.258 ; free physical = 3087 ; free virtual = 48130
---------------------------------------------------------------------------------
---------------------------------------------------------------------------------
Start Renaming Generated Ports
---------------------------------------------------------------------------------
---------------------------------------------------------------------------------
Finished Renaming Generated Ports : Time (s): cpu = 00:03:16 ; elapsed = 00:03:18 . Memory (MB): peak = 3264.570 ; gain = 1930.258 ; free physical = 3087 ; free virtual = 48130
---------------------------------------------------------------------------------
---------------------------------------------------------------------------------
Start Handling Custom Attributes
---------------------------------------------------------------------------------
---------------------------------------------------------------------------------
Finished Handling Custom Attributes : Time (s): cpu = 00:03:19 ; elapsed = 00:03:22 . Memory (MB): peak = 3264.570 ; gain = 1930.258 ; free physical = 3088 ; free virtual = 48132
---------------------------------------------------------------------------------
---------------------------------------------------------------------------------
Start Renaming Generated Nets
---------------------------------------------------------------------------------
---------------------------------------------------------------------------------
Finished Renaming Generated Nets : Time (s): cpu = 00:03:20 ; elapsed = 00:03:22 . Memory (MB): peak = 3264.570 ; gain = 1930.258 ; free physical = 3088 ; free virtual = 48132
---------------------------------------------------------------------------------
---------------------------------------------------------------------------------
Start ROM, RAM, DSP, Shift Register and Retiming Reporting
---------------------------------------------------------------------------------

Static Shift Register Report:
+------------+--------------------------------+--------+-------+--------------+--------------------+-------------------+--------+---------+
|Module Name | RTL Name                       | Length | Width | Reset Signal | Pull out first Reg | Pull out last Reg | SRL16E | SRLC32E | 
+------------+--------------------------------+--------+-------+--------------+--------------------+-------------------+--------+---------+
|gdn_block   | u_emit/u_silu/sm2_reg[3][15]   | 3      | 128   | NO           | NO                 | YES               | 128    | 0       | 
|gdn_block   | u_emit/u_head/p4_idx_reg[6]    | 3      | 7     | NO           | NO                 | YES               | 7      | 0       | 
|gdn_block   | u_silu_conv/rl2_reg[0][1]      | 3      | 4     | NO           | NO                 | YES               | 4      | 0       | 
|gdn_block   | u_silu_conv/sm2_reg[0][15]     | 3      | 64    | NO           | NO                 | YES               | 64     | 0       | 
|gdn_block   | u_recur/sc1_reg[5][c][hsel]    | 8      | 1     | YES          | NO                 | YES               | 1      | 0       | 
|gdn_block   | u_recur/sc1_reg[8][c][slot][3] | 11     | 5     | YES          | NO                 | YES               | 5      | 0       | 
|gdn_block   | u_recur/sc1_reg[3][c][tk0]     | 6      | 10    | YES          | NO                 | YES               | 10     | 0       | 
|gdn_block   | u_recur/sc1_reg[8][c][tk0]     | 5      | 2     | YES          | NO                 | YES               | 2      | 0       | 
|gdn_block   | u_recur/dlyB_reg[191]          | 96     | 2     | YES          | NO                 | YES               | 0      | 6       | 
|gdn_block   | u_recur/sc1_reg[1][c][se_j][7] | 4      | 18    | YES          | NO                 | YES               | 18     | 0       | 
|gdn_block   | u_recur/sc1_reg[4][c][v_j][15] | 7      | 24    | YES          | NO                 | YES               | 24     | 0       | 
|gdn_block   | u_recur/c_ctx_reg[4][grp][4]   | 4      | 16    | YES          | NO                 | YES               | 16     | 0       | 
|gdn_block   | u_recur/b_ctx_reg[4][e_u][14]  | 4      | 12    | YES          | NO                 | YES               | 12     | 0       | 
|gdn_block   | u_emit/u_silu/o_valid_reg      | 7      | 1     | YES          | NO                 | YES               | 1      | 0       | 
|gdn_block   | u_silu_conv/o_valid_reg        | 7      | 1     | YES          | NO                 | YES               | 1      | 0       | 
+------------+--------------------------------+--------+-------+--------------+--------------------+-------------------+--------+---------+

---------------------------------------------------------------------------------
Finished ROM, RAM, DSP, Shift Register and Retiming Reporting
---------------------------------------------------------------------------------
---------------------------------------------------------------------------------
Start Writing Synthesis Report
---------------------------------------------------------------------------------

DSP Final Report (the ' indicates corresponding REG is set)
+------------------------------+--------------------+--------+--------+--------+--------+--------+------+------+------+------+-------+------+------+
|Module Name                   | DSP Mapping        | A Size | B Size | C Size | D Size | P Size | AREG | BREG | CREG | DREG | ADREG | MREG | PREG | 
+------------------------------+--------------------+--------+--------+--------+--------+--------+------+------+------+------+-------+------+------+
|gdn_conv                      | (A'*B')'           | 30     | 18     | -      | -      | 32     | 1    | 1    | -    | -    | -     | 0    | 1    | 
|gdn_conv                      | (A'*B')'           | 30     | 18     | -      | -      | 32     | 1    | 1    | -    | -    | -     | 0    | 1    | 
|gdn_conv                      | (A'*B')'           | 30     | 18     | -      | -      | 32     | 1    | 1    | -    | -    | -     | 0    | 1    | 
|gdn_conv                      | (A'*B')'           | 30     | 18     | -      | -      | 32     | 1    | 1    | -    | -    | -     | 0    | 1    | 
|gdn_conv                      | (A'*B')'           | 30     | 18     | -      | -      | 32     | 1    | 1    | -    | -    | -     | 0    | 1    | 
|gdn_conv                      | (A'*B')'           | 30     | 18     | -      | -      | 32     | 1    | 1    | -    | -    | -     | 0    | 1    | 
|gdn_conv                      | (A'*B')'           | 30     | 18     | -      | -      | 32     | 1    | 1    | -    | -    | -     | 0    | 1    | 
|gdn_conv                      | (A'*B')'           | 30     | 18     | -      | -      | 32     | 1    | 1    | -    | -    | -     | 0    | 1    | 
|gdn_conv                      | (A'*B')'           | 30     | 18     | -      | -      | 32     | 1    | 1    | -    | -    | -     | 0    | 1    | 
|gdn_conv                      | (A'*B')'           | 30     | 18     | -      | -      | 32     | 1    | 1    | -    | -    | -     | 0    | 1    | 
|gdn_conv                      | (A'*B')'           | 30     | 18     | -      | -      | 32     | 1    | 1    | -    | -    | -     | 0    | 1    | 
|gdn_conv                      | (A'*B')'           | 30     | 18     | -      | -      | 32     | 1    | 1    | -    | -    | -     | 0    | 1    | 
|gdn_conv                      | (A'*B')'           | 30     | 18     | -      | -      | 32     | 1    | 1    | -    | -    | -     | 0    | 1    | 
|gdn_conv                      | (A'*B')'           | 30     | 18     | -      | -      | 32     | 1    | 1    | -    | -    | -     | 0    | 1    | 
|gdn_conv                      | (A'*B')'           | 30     | 18     | -      | -      | 32     | 1    | 1    | -    | -    | -     | 0    | 1    | 
|gdn_conv                      | (A'*B')'           | 30     | 18     | -      | -      | 32     | 1    | 1    | -    | -    | -     | 0    | 1    | 
|rmsnorm_bf__GB6               | A'*B'              | 17     | 18     | -      | -      | 48     | 1    | 1    | -    | -    | -     | 0    | 0    | 
|rmsnorm_bf__GB6               | PCIN>>17+A'*B'     | 30     | 14     | -      | -      | 48     | 1    | 1    | -    | -    | -     | 0    | 0    | 
|rmsnorm_bf                    | A''*B'             | 30     | 18     | -      | -      | 31     | 2    | 1    | -    | -    | -     | 0    | 0    | 
|rmsnorm_bf                    | A'*B''             | 17     | 18     | -      | -      | 48     | 1    | 2    | -    | -    | -     | 0    | 0    | 
|rmsnorm_bf                    | PCIN>>17+A'*B''    | 17     | 18     | -      | -      | 48     | 1    | 2    | -    | -    | -     | 0    | 0    | 
|rmsnorm_bf__GB6               | A'*B'              | 17     | 18     | -      | -      | 48     | 1    | 1    | -    | -    | -     | 0    | 0    | 
|rmsnorm_bf__GB6               | PCIN>>17+A'*B'     | 30     | 14     | -      | -      | 48     | 1    | 1    | -    | -    | -     | 0    | 0    | 
|rmsnorm_bf                    | A''*B'             | 30     | 18     | -      | -      | 31     | 2    | 1    | -    | -    | -     | 0    | 0    | 
|rmsnorm_bf                    | A'*B''             | 17     | 18     | -      | -      | 48     | 1    | 2    | -    | -    | -     | 0    | 0    | 
|rmsnorm_bf                    | PCIN>>17+A'*B''    | 17     | 18     | -      | -      | 48     | 1    | 2    | -    | -    | -     | 0    | 0    | 
|rmsnorm_bf__GB6               | A'*B'              | 17     | 18     | -      | -      | 48     | 1    | 1    | -    | -    | -     | 0    | 0    | 
|rmsnorm_bf__GB6               | PCIN>>17+A'*B'     | 30     | 14     | -      | -      | 48     | 1    | 1    | -    | -    | -     | 0    | 0    | 
|rmsnorm_bf                    | A''*B'             | 30     | 18     | -      | -      | 31     | 2    | 1    | -    | -    | -     | 0    | 0    | 
|rmsnorm_bf                    | A'*B''             | 17     | 18     | -      | -      | 48     | 1    | 2    | -    | -    | -     | 0    | 0    | 
|rmsnorm_bf                    | PCIN>>17+A'*B''    | 17     | 18     | -      | -      | 48     | 1    | 2    | -    | -    | -     | 0    | 0    | 
|rmsnorm_bf__GB6               | A'*B'              | 17     | 18     | -      | -      | 48     | 1    | 1    | -    | -    | -     | 0    | 0    | 
|rmsnorm_bf__GB6               | (PCIN>>17+A'*B')'  | 30     | 18     | -      | -      | 48     | 1    | 1    | -    | -    | -     | 0    | 1    | 
|rmsnorm_bf__GB6               | A'*B'              | 17     | 17     | -      | -      | 48     | 1    | 1    | -    | -    | -     | 0    | 0    | 
|rmsnorm_bf__GB6               | (PCIN>>17+A'*B')'  | 17     | 18     | -      | -      | 48     | 1    | 1    | -    | -    | -     | 0    | 1    | 
|rmsnorm_bf__GB6               | A*B'               | 17     | 18     | -      | -      | 48     | 0    | 1    | -    | -    | -     | 0    | 0    | 
|rmsnorm_bf__GB6               | (PCIN>>17+A'*B)'   | 30     | 13     | -      | -      | 48     | 1    | 0    | -    | -    | -     | 0    | 1    | 
|rmsnorm_bf__GB6               | A'*B               | 17     | 17     | -      | -      | 48     | 1    | 0    | -    | -    | -     | 0    | 0    | 
|rmsnorm_bf__GB6               | (PCIN>>17+A'*B)'   | 17     | 13     | -      | -      | 48     | 1    | 0    | -    | -    | -     | 0    | 1    | 
|rmsnorm_bf__GB6               | A'*B'              | 17     | 18     | -      | -      | 48     | 1    | 1    | -    | -    | -     | 0    | 0    | 
|rmsnorm_bf__GB6               | PCIN>>17+A'*B'     | 30     | 14     | -      | -      | 48     | 1    | 1    | -    | -    | -     | 0    | 0    | 
|rmsnorm_bf                    | A''*B'             | 30     | 18     | -      | -      | 31     | 2    | 1    | -    | -    | -     | 0    | 0    | 
|rmsnorm_bf                    | A'*B''             | 17     | 18     | -      | -      | 48     | 1    | 2    | -    | -    | -     | 0    | 0    | 
|rmsnorm_bf                    | PCIN>>17+A'*B''    | 17     | 18     | -      | -      | 48     | 1    | 2    | -    | -    | -     | 0    | 0    | 
|rmsnorm_bf__GB6               | A'*B'              | 17     | 18     | -      | -      | 48     | 1    | 1    | -    | -    | -     | 0    | 0    | 
|rmsnorm_bf__GB6               | (PCIN>>17+A'*B')'  | 30     | 18     | -      | -      | 48     | 1    | 1    | -    | -    | -     | 0    | 1    | 
|rmsnorm_bf__GB6               | A'*B'              | 17     | 17     | -      | -      | 48     | 1    | 1    | -    | -    | -     | 0    | 0    | 
|rmsnorm_bf__GB6               | (PCIN>>17+A'*B')'  | 17     | 18     | -      | -      | 48     | 1    | 1    | -    | -    | -     | 0    | 1    | 
|rmsnorm_bf__GB6               | A''*B'             | 17     | 18     | -      | -      | 48     | 2    | 1    | -    | -    | -     | 0    | 0    | 
|rmsnorm_bf__GB6               | (PCIN>>17+A'*B'')' | 30     | 18     | -      | -      | 48     | 1    | 2    | -    | -    | -     | 0    | 1    | 
|rmsnorm_bf__GB6               | A'*B''             | 17     | 17     | -      | -      | 48     | 1    | 2    | -    | -    | -     | 0    | 0    | 
|rmsnorm_bf__GB6               | (PCIN>>17+A*B'')'  | 0      | 18     | -      | -      | 48     | 0    | 2    | -    | -    | -     | 0    | 1    | 
|rmsnorm_bf                    | (A'*B')'           | 30     | 18     | -      | -      | 32     | 1    | 1    | -    | -    | -     | 0    | 1    | 
|rmsnorm_bf                    | (A'*B')'           | 30     | 18     | -      | -      | 32     | 1    | 1    | -    | -    | -     | 0    | 1    | 
|rmsnorm_bf                    | (A'*B')'           | 30     | 18     | -      | -      | 32     | 1    | 1    | -    | -    | -     | 0    | 1    | 
|rmsnorm_bf                    | (A'*B')'           | 30     | 18     | -      | -      | 32     | 1    | 1    | -    | -    | -     | 0    | 1    | 
|gdn_silu__parameterized0__GB0 | (A'*B')'           | 30     | 12     | -      | -      | 38     | 1    | 1    | -    | -    | -     | 0    | 1    | 
|gdn_silu                      | (A'*B'')'          | 17     | 18     | -      | -      | 34     | 1    | 2    | -    | -    | -     | 0    | 1    | 
|gdn_silu__parameterized0__GB0 | (A'*B')'           | 30     | 12     | -      | -      | 38     | 1    | 1    | -    | -    | -     | 0    | 1    | 
|gdn_silu                      | (A'*B'')'          | 17     | 18     | -      | -      | 34     | 1    | 2    | -    | -    | -     | 0    | 1    | 
|gdn_silu__parameterized0__GB0 | (A'*B')'           | 30     | 12     | -      | -      | 38     | 1    | 1    | -    | -    | -     | 0    | 1    | 
|gdn_silu                      | (A'*B'')'          | 17     | 18     | -      | -      | 34     | 1    | 2    | -    | -    | -     | 0    | 1    | 
|gdn_silu__parameterized0__GB0 | (A'*B')'           | 30     | 12     | -      | -      | 38     | 1    | 1    | -    | -    | -     | 0    | 1    | 
|gdn_silu                      | (A'*B'')'          | 17     | 18     | -      | -      | 34     | 1    | 2    | -    | -    | -     | 0    | 1    | 
|gdn_silu__parameterized0__GB0 | (A'*B')'           | 30     | 12     | -      | -      | 38     | 1    | 1    | -    | -    | -     | 0    | 1    | 
|gdn_silu                      | (A'*B'')'          | 17     | 18     | -      | -      | 34     | 1    | 2    | -    | -    | -     | 0    | 1    | 
|gdn_silu__parameterized0__GB0 | (A'*B')'           | 30     | 12     | -      | -      | 38     | 1    | 1    | -    | -    | -     | 0    | 1    | 
|gdn_silu                      | (A'*B'')'          | 17     | 18     | -      | -      | 34     | 1    | 2    | -    | -    | -     | 0    | 1    | 
|gdn_silu__parameterized0__GB0 | (A'*B')'           | 30     | 12     | -      | -      | 38     | 1    | 1    | -    | -    | -     | 0    | 1    | 
|gdn_silu__parameterized0__GB0 | (A'*B')'           | 30     | 12     | -      | -      | 38     | 1    | 1    | -    | -    | -     | 0    | 1    | 
|gdn_silu                      | (A'*B'')'          | 17     | 18     | -      | -      | 34     | 1    | 2    | -    | -    | -     | 0    | 1    | 
|gdn_silu                      | (A'*B'')'          | 17     | 18     | -      | -      | 34     | 1    | 2    | -    | -    | -     | 0    | 1    | 
|gdn_y_emit                    | (A'*B')'           | 30     | 18     | -      | -      | 32     | 1    | 1    | -    | -    | -     | 0    | 1    | 
|l2norm_rs                     | (A'*B')'           | 30     | 18     | -      | -      | 32     | 1    | 1    | -    | -    | -     | 0    | 1    | 
|l2norm_rs                     | (A'*B')'           | 30     | 18     | -      | -      | 32     | 1    | 1    | -    | -    | -     | 0    | 1    | 
|l2norm_rs                     | (A'*B')'           | 30     | 18     | -      | -      | 32     | 1    | 1    | -    | -    | -     | 0    | 1    | 
|l2norm_rs                     | (A'*B')'           | 30     | 18     | -      | -      | 32     | 1    | 1    | -    | -    | -     | 0    | 1    | 
|l2norm_rs                     | A'*B'              | 17     | 18     | -      | -      | 48     | 1    | 1    | -    | -    | -     | 0    | 0    | 
|l2norm_rs                     | PCIN>>17+A'*B'     | 30     | 18     | -      | -      | 30     | 1    | 1    | -    | -    | -     | 0    | 0    | 
|l2norm_rs                     | A'*B'              | 17     | 17     | -      | -      | 48     | 1    | 1    | -    | -    | -     | 0    | 0    | 
|l2norm_rs                     | PCIN>>17+A'*B'     | 17     | 18     | -      | -      | 47     | 1    | 1    | -    | -    | -     | 0    | 0    | 
|l2norm_rs                     | A''*B'             | 17     | 18     | -      | -      | 48     | 2    | 1    | -    | -    | -     | 0    | 0    | 
|l2norm_rs                     | PCIN>>17+A'*B''    | 30     | 18     | -      | -      | 30     | 1    | 2    | -    | -    | -     | 0    | 0    | 
|l2norm_rs                     | A'*B''             | 17     | 17     | -      | -      | 48     | 1    | 2    | -    | -    | -     | 0    | 0    | 
|l2norm_rs                     | PCIN>>17+A*B''     | 0      | 18     | -      | -      | 47     | 0    | 2    | -    | -    | -     | 0    | 0    | 
|l2norm_rs                     | A'*B'              | 17     | 18     | -      | -      | 48     | 1    | 1    | -    | -    | -     | 0    | 0    | 
|l2norm_rs                     | PCIN>>17+A'*B'     | 30     | 18     | -      | -      | 32     | 1    | 1    | -    | -    | -     | 0    | 0    | 
|l2norm_rs                     | A'*B'              | 17     | 17     | -      | -      | 48     | 1    | 1    | -    | -    | -     | 0    | 0    | 
|l2norm_rs                     | PCIN>>17+A'*B'     | 17     | 18     | -      | -      | 48     | 1    | 1    | -    | -    | -     | 0    | 0    | 
|l2norm_rs                     | A*B'               | 17     | 18     | -      | -      | 48     | 0    | 1    | -    | -    | -     | 0    | 0    | 
|l2norm_rs                     | (PCIN>>17+A'*B)'   | 30     | 13     | -      | -      | 48     | 1    | 0    | -    | -    | -     | 0    | 1    | 
|l2norm_rs                     | A'*B               | 17     | 17     | -      | -      | 48     | 1    | 0    | -    | -    | -     | 0    | 0    | 
|l2norm_rs                     | (PCIN>>17+A'*B)'   | 17     | 13     | -      | -      | 48     | 1    | 0    | -    | -    | -     | 0    | 1    | 
|l2norm_rs                     | A'*B'              | 17     | 18     | -      | -      | 48     | 1    | 1    | -    | -    | -     | 0    | 0    | 
|l2norm_rs                     | (PCIN>>17+A'*B')'  | 30     | 18     | -      | -      | 48     | 1    | 1    | -    | -    | -     | 0    | 1    | 
|l2norm_rs                     | A'*B'              | 17     | 18     | -      | -      | 48     | 1    | 1    | -    | -    | -     | 0    | 0    | 
|l2norm_rs                     | (PCIN>>17+A'*B')'  | 30     | 18     | -      | -      | 48     | 1    | 1    | -    | -    | -     | 0    | 1    | 
|l2norm_rs                     | A'*B'              | 17     | 18     | -      | -      | 48     | 1    | 1    | -    | -    | -     | 0    | 0    | 
|l2norm_rs                     | (PCIN>>17+A'*B')'  | 30     | 18     | -      | -      | 48     | 1    | 1    | -    | -    | -     | 0    | 1    | 
|l2norm_rs                     | A'*B'              | 17     | 18     | -      | -      | 48     | 1    | 1    | -    | -    | -     | 0    | 0    | 
|l2norm_rs                     | (PCIN>>17+A'*B')'  | 30     | 18     | -      | -      | 48     | 1    | 1    | -    | -    | -     | 0    | 1    | 
|l2norm_rs                     | A'*B'              | 17     | 18     | -      | -      | 48     | 1    | 1    | -    | -    | -     | 0    | 0    | 
|l2norm_rs                     | (PCIN>>17+A'*B')'  | 30     | 18     | -      | -      | 48     | 1    | 1    | -    | -    | -     | 0    | 1    | 
|l2norm_rs                     | A'*B'              | 17     | 18     | -      | -      | 48     | 1    | 1    | -    | -    | -     | 0    | 0    | 
|l2norm_rs                     | (PCIN>>17+A'*B')'  | 30     | 18     | -      | -      | 48     | 1    | 1    | -    | -    | -     | 0    | 1    | 
|l2norm_rs                     | A'*B'              | 17     | 18     | -      | -      | 48     | 1    | 1    | -    | -    | -     | 0    | 0    | 
|l2norm_rs                     | (PCIN>>17+A'*B')'  | 30     | 18     | -      | -      | 48     | 1    | 1    | -    | -    | -     | 0    | 1    | 
|l2norm_rs                     | A'*B'              | 17     | 18     | -      | -      | 48     | 1    | 1    | -    | -    | -     | 0    | 0    | 
|l2norm_rs                     | (PCIN>>17+A'*B')'  | 30     | 18     | -      | -      | 48     | 1    | 1    | -    | -    | -     | 0    | 1    | 
|gdn_recur_pipe                | (C+A*B')'          | 16     | 18     | 13     | -      | 33     | 0    | 1    | 1    | -    | -     | 0    | 1    | 
|gdn_recur_pipe                | (A'*B'')'          | 30     | 18     | -      | -      | 35     | 1    | 2    | -    | -    | -     | 0    | 1    | 
|gdn_recur_pipe                | (C+A*B')'          | 16     | 18     | 13     | -      | 33     | 0    | 1    | 1    | -    | -     | 0    | 1    | 
|gdn_recur_pipe                | (A'*B'')'          | 30     | 18     | -      | -      | 35     | 1    | 2    | -    | -    | -     | 0    | 1    | 
|gdn_recur_pipe                | (C+A*B')'          | 16     | 18     | 13     | -      | 33     | 0    | 1    | 1    | -    | -     | 0    | 1    | 
|gdn_recur_pipe                | (A'*B'')'          | 30     | 18     | -      | -      | 35     | 1    | 2    | -    | -    | -     | 0    | 1    | 
|gdn_recur_pipe                | (C+A*B')'          | 16     | 18     | 13     | -      | 33     | 0    | 1    | 1    | -    | -     | 0    | 1    | 
|gdn_recur_pipe                | (A'*B'')'          | 30     | 18     | -      | -      | 35     | 1    | 2    | -    | -    | -     | 0    | 1    | 
|gdn_recur_pipe                | (A'*B)'            | 30     | 16     | -      | -      | 35     | 1    | 0    | -    | -    | -     | 0    | 1    | 
|gdn_recur_pipe                | (A'*B')'           | 30     | 18     | -      | -      | 34     | 1    | 1    | -    | -    | -     | 0    | 1    | 
|gdn_recur_pipe                | (A'*B')'           | 30     | 18     | -      | -      | 34     | 1    | 1    | -    | -    | -     | 0    | 1    | 
|gdn_recur_pipe                | (A'*B')'           | 30     | 18     | -      | -      | 34     | 1    | 1    | -    | -    | -     | 0    | 1    | 
|gdn_recur_pipe                | (A'*B')'           | 30     | 18     | -      | -      | 34     | 1    | 1    | -    | -    | -     | 0    | 1    | 
|gdn_recur_pipe                | (A'*B'')'          | 30     | 18     | -      | -      | 32     | 1    | 2    | -    | -    | -     | 0    | 1    | 
|gdn_recur_pipe                | (A'*B'')'          | 30     | 18     | -      | -      | 32     | 1    | 2    | -    | -    | -     | 0    | 1    | 
|gdn_recur_pipe                | (A'*B'')'          | 30     | 18     | -      | -      | 32     | 1    | 2    | -    | -    | -     | 0    | 1    | 
|gdn_recur_pipe                | (A'*B'')'          | 30     | 18     | -      | -      | 32     | 1    | 2    | -    | -    | -     | 0    | 1    | 
|gdn_scalar                    | A'*B               | 17     | 18     | -      | -      | 48     | 1    | 0    | -    | -    | -     | 0    | 0    | 
|gdn_scalar                    | (PCIN>>17+A*B')'   | 30     | 14     | -      | -      | 48     | 0    | 1    | -    | -    | -     | 0    | 1    | 
|gdn_scalar                    | A*B'               | 17     | 17     | -      | -      | 48     | 0    | 1    | -    | -    | -     | 0    | 0    | 
|gdn_scalar                    | (PCIN>>17+A*B')'   | 0      | 14     | -      | -      | 48     | 0    | 1    | -    | -    | -     | 0    | 1    | 
|gdn_scalar                    | (A'*B')'           | 30     | 18     | -      | -      | 48     | 1    | 1    | -    | -    | -     | 0    | 1    | 
|gdn_scalar                    | A'*B'              | 17     | 18     | -      | -      | 48     | 1    | 1    | -    | -    | -     | 0    | 0    | 
|gdn_scalar                    | (PCIN>>17+A'*B')'  | 17     | 18     | -      | -      | 48     | 1    | 1    | -    | -    | -     | 0    | 1    | 
|gdn_silu                      | (A'*B')'           | 30     | 12     | -      | -      | 38     | 1    | 1    | -    | -    | -     | 0    | 1    | 
|gdn_silu                      | (A'*B'')'          | 17     | 18     | -      | -      | 34     | 1    | 2    | -    | -    | -     | 0    | 1    | 
|gdn_silu                      | (A'*B')'           | 30     | 12     | -      | -      | 38     | 1    | 1    | -    | -    | -     | 0    | 1    | 
|gdn_silu                      | (A'*B'')'          | 17     | 18     | -      | -      | 34     | 1    | 2    | -    | -    | -     | 0    | 1    | 
|gdn_silu                      | (A'*B')'           | 30     | 12     | -      | -      | 38     | 1    | 1    | -    | -    | -     | 0    | 1    | 
|gdn_silu                      | (A'*B'')'          | 17     | 18     | -      | -      | 34     | 1    | 2    | -    | -    | -     | 0    | 1    | 
|gdn_silu                      | (A'*B')'           | 30     | 12     | -      | -      | 38     | 1    | 1    | -    | -    | -     | 0    | 1    | 
|gdn_silu                      | (A'*B'')'          | 17     | 18     | -      | -      | 34     | 1    | 2    | -    | -    | -     | 0    | 1    | 
+------------------------------+--------------------+--------+--------+--------+--------+--------+------+------+------+------+-------+------+------+


Report BlackBoxes: 
+-+--------------+----------+
| |BlackBox name |Instances |
+-+--------------+----------+
+-+--------------+----------+

Report Cell Usage: 
+------+----------------+------+
|      |Cell            |Count |
+------+----------------+------+
|1     |CARRY8          |  1525|
|2     |DSP48E2         |    36|
|3     |DSP_ALU         |   105|
|4     |DSP_A_B_DATA    |   105|
|5     |DSP_C_DATA      |   105|
|6     |DSP_MULTIPLIER  |   105|
|7     |DSP_M_DATA      |   105|
|8     |DSP_OUTPUT      |   105|
|9     |DSP_PREADD      |   105|
|10    |DSP_PREADD_DATA |   105|
|11    |LUT1            |  1764|
|12    |LUT2            |  6826|
|13    |LUT3            |  6925|
|14    |LUT4            |  4164|
|15    |LUT5            |  8726|
|16    |LUT6            | 25057|
|17    |MUXF7           |  4355|
|18    |MUXF8           |   816|
|19    |RAM16X1D        |    16|
|20    |RAM32M          |     5|
|21    |RAM32M16        |  1052|
|22    |RAM32X1D        |     4|
|23    |RAM32X1S        |    32|
|24    |RAM64M8         |   165|
|25    |RAM64X1D        |    17|
|26    |RAMB18E2        |    14|
|27    |RAMB36E2        |    15|
|28    |SRL16E          |   293|
|29    |SRLC32E         |     6|
|30    |FDRE            | 33508|
|31    |FDSE            |   179|
+------+----------------+------+

Report Instance Areas: 
+------+-----------------------+----------------------------------------+------+
|      |Instance               |Module                                  |Cells |
+------+-----------------------+----------------------------------------+------+
|1     |top                    |                                        | 96340|
|2     |  u_conv               |gdn_conv                                |  6008|
|3     |    \p1_reg[1][0]      |\u_conv/p1_reg[2][3]_funnel__12         |     8|
|4     |    \p1_reg[2][0]      |\u_conv/p1_reg[2][3]_funnel__10         |     8|
|5     |    \p1_reg[3][0]      |\u_conv/p1_reg[2][3]_funnel__14         |     8|
|6     |    \p1_reg[0][0]      |\u_conv/p1_reg[2][3]_funnel__11         |     8|
|7     |    \p1_reg[1][1]      |\u_conv/p1_reg[2][3]_funnel__1          |     8|
|8     |    \p1_reg[2][1]      |\u_conv/p1_reg[2][3]_funnel__5          |     8|
|9     |    \p1_reg[3][1]      |\u_conv/p1_reg[2][3]_funnel__2          |     8|
|10    |    \p1_reg[0][1]      |\u_conv/p1_reg[2][3]_funnel__6          |     8|
|11    |    \p1_reg[1][2]      |\u_conv/p1_reg[2][3]_funnel__7          |     8|
|12    |    \p1_reg[2][2]      |\u_conv/p1_reg[2][3]_funnel__3          |     8|
|13    |    \p1_reg[3][2]      |\u_conv/p1_reg[2][3]_funnel__15         |     8|
|14    |    \p1_reg[0][2]      |\u_conv/p1_reg[2][3]_funnel__13         |     8|
|15    |    \p1_reg[1][3]      |\u_conv/p1_reg[2][3]_funnel__9          |     8|
|16    |    \p1_reg[2][3]      |\u_conv/p1_reg[2][3]_funnel             |     8|
|17    |    \p1_reg[3][3]      |\u_conv/p1_reg[2][3]_funnel__4          |     8|
|18    |    \p1_reg[0][3]      |\u_conv/p1_reg[2][3]_funnel__8          |     8|
|19    |  u_emit               |gdn_emit_chain                          | 42379|
|20    |    u_head             |gdn_head_emit                           |  4492|
|21    |    u_rms              |rmsnorm_bf                              | 15171|
|22    |      ARG__25          |\u_emit/u_rms/ARG__25_funnel__1         |     8|
|23    |      mr_m_sy_reg      |\u_emit/u_rms/mr_m_sy_reg_funnel__1     |     8|
|24    |      ARG__26          |\u_emit/u_rms/ARG__26_funnel__1         |     8|
|25    |      mr_m_sy_reg__0   |\u_emit/u_rms/mr_m_sy_reg__0_funnel__1  |     8|
|26    |      \sq_reg[1]       |\sq_reg[0]_funnel__3                    |     8|
|27    |      \sq_reg[2]       |\sq_reg[0]_funnel__2                    |     8|
|28    |      \sq_reg[3]       |\sq_reg[0]_funnel__1                    |     8|
|29    |      \sq_reg[0]       |\sq_reg[0]_funnel                       |     8|
|30    |    u_silu             |gdn_silu__parameterized0                | 13347|
|31    |      \pr_reg[0]       |\u_emit/u_silu/pr_reg[4]_funnel__1      |     8|
|32    |      \prod_reg[0]     |\u_emit/u_silu/prod_reg[7]_funnel__5    |     8|
|33    |      \pr_reg[1]       |\u_emit/u_silu/pr_reg[4]_funnel__5      |     8|
|34    |      \prod_reg[1]     |\u_emit/u_silu/prod_reg[7]_funnel__2    |     8|
|35    |      \pr_reg[2]       |\u_emit/u_silu/pr_reg[4]_funnel__6      |     8|
|36    |      \prod_reg[2]     |\u_emit/u_silu/prod_reg[7]_funnel__1    |     8|
|37    |      \pr_reg[3]       |\u_emit/u_silu/pr_reg[4]_funnel__3      |     8|
|38    |      \prod_reg[3]     |\u_emit/u_silu/prod_reg[7]_funnel__3    |     8|
|39    |      \pr_reg[6]       |\u_emit/u_silu/pr_reg[4]_funnel__7      |     8|
|40    |      \prod_reg[6]     |\u_emit/u_silu/prod_reg[7]_funnel__4    |     8|
|41    |      \pr_reg[7]       |\u_emit/u_silu/pr_reg[4]_funnel__4      |     8|
|42    |      \prod_reg[7]     |\u_emit/u_silu/prod_reg[7]_funnel       |     8|
|43    |      \pr_reg[5]       |\u_emit/u_silu/pr_reg[4]_funnel__2      |     8|
|44    |      \pr_reg[4]       |\u_emit/u_silu/pr_reg[4]_funnel         |     8|
|45    |      \prod_reg[4]     |\prod_reg[5]_funnel__1                  |     8|
|46    |      \prod_reg[5]     |\prod_reg[5]_funnel                     |     8|
|47    |    u_y                |gdn_y_emit                              |  1968|
|48    |      a_prod_reg       |\u_emit/u_y/a_prod_reg_funnel           |     8|
|49    |  u_exp                |gdn_exp_capture                         |  1214|
|50    |  u_l2                 |l2norm_rs                               | 10521|
|51    |    \sq_reg[1]         |\u_l2/sq_reg[1]_funnel                  |     8|
|52    |    \sq_reg[2]         |\u_l2/sq_reg[1]_funnel__1               |     8|
|53    |    \sq_reg[3]         |\u_l2/sq_reg[1]_funnel__2               |     8|
|54    |    \sq_reg[0]         |\u_l2/sq_reg[1]_funnel__3               |     8|
|55    |    ARG                |\u_l2/ARG_funnel                        |     8|
|56    |    ARG__0             |\u_l2/ARG_funnel__1                     |     8|
|57    |    ARG__1             |\u_l2/ARG_funnel__4                     |     8|
|58    |    ARG__2             |\u_l2/ARG_funnel__6                     |     8|
|59    |    ARG__3             |\u_l2/ARG__3_funnel                     |     8|
|60    |    ARG__4             |\u_l2/ARG__4_funnel                     |     8|
|61    |    ARG__5             |\u_l2/ARG__4_funnel__1                  |     8|
|62    |    ARG__6             |\u_l2/ARG__6_funnel                     |     8|
|63    |    ARG__7             |\u_l2/ARG_funnel__8                     |     8|
|64    |    ARG__8             |\u_l2/ARG_funnel__9                     |     8|
|65    |    ARG__9             |\u_l2/ARG_funnel__11                    |     8|
|66    |    ARG__10            |\u_l2/ARG_funnel__12                    |     8|
|67    |    ARG__11            |\u_l2/ARG__11_funnel                    |     8|
|68    |    fold_p_reg         |\u_l2/fold_p_reg__0_funnel__1           |     8|
|69    |    ARG__12            |\u_l2/ARG__12_funnel                    |     8|
|70    |    fold_p_reg__0      |\u_l2/fold_p_reg__0_funnel              |     8|
|71    |    ARG__13            |\u_l2/ARG_funnel__13                    |     8|
|72    |    \pk_reg[0]         |\u_l2/pq_reg[2]_funnel__3               |     8|
|73    |    ARG__14            |\u_l2/ARG_funnel__7                     |     8|
|74    |    \pk_reg[1]         |\u_l2/pq_reg[2]_funnel__4               |     8|
|75    |    ARG__15            |\u_l2/ARG_funnel__10                    |     8|
|76    |    \pk_reg[2]         |\u_l2/pq_reg[2]_funnel__1               |     8|
|77    |    ARG__16            |\u_l2/ARG_funnel__3                     |     8|
|78    |    \pk_reg[3]         |\u_l2/pq_reg[2]_funnel__6               |     8|
|79    |    ARG__17            |\u_l2/ARG_funnel__15                    |     8|
|80    |    \pq_reg[0]         |\u_l2/pq_reg[2]_funnel__2               |     8|
|81    |    ARG__18            |\u_l2/ARG_funnel__5                     |     8|
|82    |    \pq_reg[1]         |\u_l2/pq_reg[2]_funnel__7               |     8|
|83    |    ARG__19            |\u_l2/ARG_funnel__14                    |     8|
|84    |    \pq_reg[2]         |\u_l2/pq_reg[2]_funnel                  |     8|
|85    |    ARG__20            |\u_l2/ARG_funnel__2                     |     8|
|86    |    \pq_reg[3]         |\u_l2/pq_reg[2]_funnel__5               |     8|
|87    |  u_recur              |gdn_recur_pipe                          | 13445|
|88    |    ARG                |\u_recur/ARG__0_funnel__3               |     8|
|89    |    \a_m2_reg[3]       |\u_recur/c_m3_reg[0]_funnel__6          |     8|
|90    |    ARG__0             |\u_recur/ARG__0_funnel                  |     8|
|91    |    \a_m2_reg[1]       |\u_recur/c_m3_reg[0]_funnel__7          |     8|
|92    |    ARG__1             |\u_recur/ARG__0_funnel__2               |     8|
|93    |    \a_m2_reg[2]       |\u_recur/c_m3_reg[0]_funnel__1          |     8|
|94    |    ARG__2             |\u_recur/ARG__0_funnel__1               |     8|
|95    |    \a_m2_reg[0]       |\u_recur/c_m3_reg[0]_funnel__3          |     8|
|96    |    \sc1_reg[6][dmul]  |\u_recur/sc1_reg[6][dmul]_funnel        |     8|
|97    |    \b_mkd_reg[0]      |\u_recur/b_mkd_reg[1]_funnel__2         |     8|
|98    |    \b_mkd_reg[1]      |\u_recur/b_mkd_reg[1]_funnel            |     8|
|99    |    \b_mkd_reg[2]      |\u_recur/b_mkd_reg[1]_funnel__3         |     8|
|100   |    \b_mkd_reg[3]      |\u_recur/b_mkd_reg[1]_funnel__1         |     8|
|101   |    \c_m3_reg[3]       |\u_recur/c_m3_reg[0]_funnel__4          |     8|
|102   |    \c_m3_reg[1]       |\u_recur/c_m3_reg[0]_funnel__2          |     8|
|103   |    \c_m3_reg[2]       |\u_recur/c_m3_reg[0]_funnel__5          |     8|
|104   |    \c_m3_reg[0]       |\u_recur/c_m3_reg[0]_funnel             |     8|
|105   |  u_scal               |gdn_scalar                              |  6748|
|106   |    gp_reg             |\u_scal/gp_reg_funnel                   |     8|
|107   |    ARG__1             |\u_scal/ARG__1_funnel                   |     8|
|108   |    gp_reg__0          |\u_scal/gp_reg__0_funnel                |     8|
|109   |  u_silu_conv          |gdn_silu                                |  5698|
|110   |    \pr_reg[0]         |\u_silu_conv/pr_reg[3]_funnel__3        |     8|
|111   |    \prod_reg[0]       |\u_silu_conv/prod_reg[3]_funnel__3      |     8|
|112   |    \pr_reg[1]         |\u_silu_conv/pr_reg[3]_funnel__2        |     8|
|113   |    \prod_reg[1]       |\u_silu_conv/prod_reg[3]_funnel__2      |     8|
|114   |    \pr_reg[2]         |\u_silu_conv/pr_reg[3]_funnel__1        |     8|
|115   |    \prod_reg[2]       |\u_silu_conv/prod_reg[3]_funnel__1      |     8|
|116   |    \pr_reg[3]         |\u_silu_conv/pr_reg[3]_funnel           |     8|
|117   |    \prod_reg[3]       |\u_silu_conv/prod_reg[3]_funnel         |     8|
+------+-----------------------+----------------------------------------+------+
---------------------------------------------------------------------------------
Finished Writing Synthesis Report : Time (s): cpu = 00:03:20 ; elapsed = 00:03:22 . Memory (MB): peak = 3264.570 ; gain = 1930.258 ; free physical = 3077 ; free virtual = 48137
---------------------------------------------------------------------------------
Synthesis finished with 0 errors, 0 critical warnings and 1854 warnings.
Synthesis Optimization Runtime : Time (s): cpu = 00:03:23 ; elapsed = 00:03:25 . Memory (MB): peak = 3268.480 ; gain = 1934.168 ; free physical = 10564 ; free virtual = 57242
Synthesis Optimization Complete : Time (s): cpu = 00:03:23 ; elapsed = 00:03:25 . Memory (MB): peak = 3268.480 ; gain = 1934.168 ; free physical = 10564 ; free virtual = 57220
INFO: [Project 1-571] Translating synthesized netlist
Netlist sorting complete. Time (s): cpu = 00:00:00.78 ; elapsed = 00:00:00.8 . Memory (MB): peak = 3268.480 ; gain = 0.000 ; free physical = 10666 ; free virtual = 57369
INFO: [Netlist 29-17] Analyzing 8128 Unisim elements for replacement
INFO: [Netlist 29-28] Unisim Transformation completed in 3 CPU seconds
INFO: [Project 1-570] Preparing netlist for logic optimization
INFO: [Opt 31-138] Pushed 0 inverter(s) to 0 load pin(s).
INFO: [Opt 31-422] The CLOCK_DOMAINS attribute on the BRAM cell u_emit/u_silu/lo_reg[0] has been changed from INDEPENDENT to COMMON to match the clocking topology used for the BRAM.
INFO: [Opt 31-422] The CLOCK_DOMAINS attribute on the BRAM cell u_emit/u_silu/lo_reg[1] has been changed from INDEPENDENT to COMMON to match the clocking topology used for the BRAM.
INFO: [Opt 31-422] The CLOCK_DOMAINS attribute on the BRAM cell u_emit/u_silu/lo_reg[2] has been changed from INDEPENDENT to COMMON to match the clocking topology used for the BRAM.
INFO: [Opt 31-422] The CLOCK_DOMAINS attribute on the BRAM cell u_emit/u_silu/lo_reg[3] has been changed from INDEPENDENT to COMMON to match the clocking topology used for the BRAM.
INFO: [Opt 31-422] The CLOCK_DOMAINS attribute on the BRAM cell u_emit/u_silu/lo_reg[4] has been changed from INDEPENDENT to COMMON to match the clocking topology used for the BRAM.
INFO: [Opt 31-422] The CLOCK_DOMAINS attribute on the BRAM cell u_emit/u_silu/lo_reg[5] has been changed from INDEPENDENT to COMMON to match the clocking topology used for the BRAM.
INFO: [Opt 31-422] The CLOCK_DOMAINS attribute on the BRAM cell u_emit/u_silu/lo_reg[6] has been changed from INDEPENDENT to COMMON to match the clocking topology used for the BRAM.
INFO: [Opt 31-422] The CLOCK_DOMAINS attribute on the BRAM cell u_emit/u_silu/lo_reg[7] has been changed from INDEPENDENT to COMMON to match the clocking topology used for the BRAM.
INFO: [Opt 31-422] The CLOCK_DOMAINS attribute on the BRAM cell u_silu_conv/lo_reg[0] has been changed from INDEPENDENT to COMMON to match the clocking topology used for the BRAM.
INFO: [Opt 31-422] The CLOCK_DOMAINS attribute on the BRAM cell u_silu_conv/lo_reg[1] has been changed from INDEPENDENT to COMMON to match the clocking topology used for the BRAM.
INFO: [Opt 31-422] The CLOCK_DOMAINS attribute on the BRAM cell u_silu_conv/lo_reg[2] has been changed from INDEPENDENT to COMMON to match the clocking topology used for the BRAM.
INFO: [Opt 31-422] The CLOCK_DOMAINS attribute on the BRAM cell u_silu_conv/lo_reg[3] has been changed from INDEPENDENT to COMMON to match the clocking topology used for the BRAM.
Netlist sorting complete. Time (s): cpu = 00:00:00.02 ; elapsed = 00:00:00.02 . Memory (MB): peak = 3312.594 ; gain = 0.000 ; free physical = 10806 ; free virtual = 57563
INFO: [Project 1-111] Unisim Transformation Summary:
  A total of 1432 instances were transformed.
  DSP48E2 => DSP48E2 (DSP_ALU, DSP_A_B_DATA, DSP_C_DATA, DSP_MULTIPLIER, DSP_M_DATA, DSP_OUTPUT, DSP_PREADD, DSP_PREADD_DATA): 141 instances
  RAM16X1D => RAM32X1D (RAMD32(x2)): 16 instances
  RAM32M => RAM32M (RAMD32(x6), RAMS32(x2)): 5 instances
  RAM32M16 => RAM32M16 (RAMD32(x14), RAMS32(x2)): 1052 instances
  RAM32X1D => RAM32X1D (RAMD32(x2)): 4 instances
  RAM32X1S => RAM32X1S (RAMS32): 32 instances
  RAM64M8 => RAM64M8 (RAMD64E(x8)): 165 instances
  RAM64X1D => RAM64X1D (RAMD64E(x2)): 17 instances

Synth Design complete | Checksum: 7faa6959
INFO: [Common 17-83] Releasing license: Synthesis
320 Infos, 420 Warnings, 0 Critical Warnings and 0 Errors encountered.
synth_design completed successfully
synth_design: Time (s): cpu = 00:03:57 ; elapsed = 00:04:00 . Memory (MB): peak = 3312.629 ; gain = 1989.000 ; free physical = 10757 ; free virtual = 57579
INFO: [Common 17-2834] synth_design peak Physical Memory [PSS] (MB): overall = 9441.485; main = 2034.710; forked = 8522.300
INFO: [Common 17-2834] synth_design peak Virtual Memory [VSS] (MB): overall = 16725.785; main = 3312.598; forked = 13461.211
# create_clock -period $period -name clk [get_ports clk]
# puts "=== report_utilization (the budget numbers) ==="
=== report_utilization (the budget numbers) ===
# puts [report_utilization -return_string]
Copyright 1986-2022 Xilinx, Inc. All Rights Reserved. Copyright 2022-2023 Advanced Micro Devices, Inc. All Rights Reserved.
---------------------------------------------------------------------------------------------------------------------------------------------
| Tool Version : Vivado v.2023.2 (lin64) Build 4029153 Fri Oct 13 20:13:54 MDT 2023
| Date         : Wed Sep 23 13:58:18 2026
| Host         : cachyos-bc250 running 64-bit CachyOS
| Command      : report_utilization -return_string
| Design       : gdn_block
| Device       : xcvu33p-fsvh2104-2L-e
| Speed File   : -2L
| Design State : Synthesized
---------------------------------------------------------------------------------------------------------------------------------------------

Utilization Design Information

Table of Contents
-----------------
1. CLB Logic
1.1 Summary of Registers by Type
2. BLOCKRAM
3. ARITHMETIC
4. I/O
5. CLOCK
6. ADVANCED
7. CONFIGURATION
8. Primitives
9. Black Boxes
10. Instantiated Netlists

1. CLB Logic
------------

+----------------------------+-------+-------+------------+-----------+-------+
|          Site Type         |  Used | Fixed | Prohibited | Available | Util% |
+----------------------------+-------+-------+------------+-----------+-------+
| CLB LUTs*                  | 56713 |     0 |          0 |    439680 | 12.90 |
|   LUT as Logic             | 46552 |     0 |          0 |    439680 | 10.59 |
|   LUT as Memory            | 10161 |     0 |          0 |    205440 |  4.95 |
|     LUT as Distributed RAM |  9862 |     0 |            |           |       |
|     LUT as Shift Register  |   299 |     0 |            |           |       |
| CLB Registers              | 33687 |     0 |          0 |    879360 |  3.83 |
|   Register as Flip Flop    | 33687 |     0 |          0 |    879360 |  3.83 |
|   Register as Latch        |     0 |     0 |          0 |    879360 |  0.00 |
| CARRY8                     |  1525 |     0 |          0 |     54960 |  2.77 |
| F7 Muxes                   |  4355 |     0 |          0 |    219840 |  1.98 |
| F8 Muxes                   |   816 |     0 |          0 |    109920 |  0.74 |
| F9 Muxes                   |     0 |     0 |          0 |     54960 |  0.00 |
+----------------------------+-------+-------+------------+-----------+-------+
* Warning! The Final LUT count, after physical optimizations and full implementation, is typically lower. Run opt_design after synthesis, if not already completed, for a more realistic count.
Warning! LUT value is adjusted to account for LUT combining.


1.1 Summary of Registers by Type
--------------------------------

+-------+--------------+-------------+--------------+
| Total | Clock Enable | Synchronous | Asynchronous |
+-------+--------------+-------------+--------------+
| 0     |            _ |           - |            - |
| 0     |            _ |           - |          Set |
| 0     |            _ |           - |        Reset |
| 0     |            _ |         Set |            - |
| 0     |            _ |       Reset |            - |
| 0     |          Yes |           - |            - |
| 0     |          Yes |           - |          Set |
| 0     |          Yes |           - |        Reset |
| 179   |          Yes |         Set |            - |
| 33508 |          Yes |       Reset |            - |
+-------+--------------+-------------+--------------+


2. BLOCKRAM
-----------

+-------------------+------+-------+------------+-----------+-------+
|     Site Type     | Used | Fixed | Prohibited | Available | Util% |
+-------------------+------+-------+------------+-----------+-------+
| Block RAM Tile    |   22 |     0 |          0 |       672 |  3.27 |
|   RAMB36/FIFO*    |   15 |     0 |          0 |       672 |  2.23 |
|     RAMB36E2 only |   15 |       |            |           |       |
|   RAMB18          |   14 |     0 |          0 |      1344 |  1.04 |
|     RAMB18E2 only |   14 |       |            |           |       |
| URAM              |    0 |     0 |          0 |       320 |  0.00 |
+-------------------+------+-------+------------+-----------+-------+
* Note: Each Block RAM Tile only has one FIFO logic available and therefore can accommodate only one FIFO36E2 or one FIFO18E2. However, if a FIFO18E2 occupies a Block RAM Tile, that tile can still accommodate a RAMB18E2


3. ARITHMETIC
-------------

+----------------+------+-------+------------+-----------+-------+
|    Site Type   | Used | Fixed | Prohibited | Available | Util% |
+----------------+------+-------+------------+-----------+-------+
| DSPs           |  141 |     0 |          0 |      2880 |  4.90 |
|   DSP48E2 only |  141 |       |            |           |       |
+----------------+------+-------+------------+-----------+-------+


4. I/O
------

+------------+------+-------+------------+-----------+-------+
|  Site Type | Used | Fixed | Prohibited | Available | Util% |
+------------+------+-------+------------+-----------+-------+
| Bonded IOB |    0 |     0 |          0 |       208 |  0.00 |
+------------+------+-------+------------+-----------+-------+


5. CLOCK
--------

+----------------------+------+-------+------------+-----------+-------+
|       Site Type      | Used | Fixed | Prohibited | Available | Util% |
+----------------------+------+-------+------------+-----------+-------+
| GLOBAL CLOCK BUFFERs |    0 |     0 |          0 |       336 |  0.00 |
|   BUFGCE             |    0 |     0 |          0 |        96 |  0.00 |
|   BUFGCE_DIV         |    0 |     0 |          0 |        16 |  0.00 |
|   BUFG_GT            |    0 |     0 |          0 |       192 |  0.00 |
|   BUFGCTRL*          |    0 |     0 |          0 |        32 |  0.00 |
| PLL                  |    0 |     0 |          0 |         8 |  0.00 |
| MMCM                 |    0 |     0 |          0 |         4 |  0.00 |
+----------------------+------+-------+------------+-----------+-------+
* Note: Each used BUFGCTRL counts as two GLOBAL CLOCK BUFFERs. This table does not include global clocking resources, only buffer cell usage. See the Clock Utilization Report (report_clock_utilization) for detailed accounting of global clocking resource availability.


6. ADVANCED
-----------

+----------------------+------+-------+------------+-----------+-------+
|       Site Type      | Used | Fixed | Prohibited | Available | Util% |
+----------------------+------+-------+------------+-----------+-------+
| CMACE4               |    0 |     0 |          0 |         2 |  0.00 |
| GTYE4_CHANNEL        |    0 |     0 |          0 |        32 |  0.00 |
| GTYE4_COMMON         |    0 |     0 |          0 |         8 |  0.00 |
| HBM_REF_CLK          |    0 |     0 |          0 |         2 |  0.00 |
| HBM_SNGLBLI_INTF_APB |    0 |     0 |          0 |        32 |  0.00 |
| HBM_SNGLBLI_INTF_AXI |    0 |     0 |          0 |        32 |  0.00 |
| OBUFDS_GTE4          |    0 |     0 |          0 |        16 |  0.00 |
| OBUFDS_GTE4_ADV      |    0 |     0 |          0 |        16 |  0.00 |
| PCIE4CE4             |    0 |     0 |          0 |         4 |  0.00 |
| SYSMONE4             |    0 |     0 |          0 |         1 |  0.00 |
+----------------------+------+-------+------------+-----------+-------+


7. CONFIGURATION
----------------

+-------------+------+-------+------------+-----------+-------+
|  Site Type  | Used | Fixed | Prohibited | Available | Util% |
+-------------+------+-------+------------+-----------+-------+
| BSCANE2     |    0 |     0 |          0 |         4 |  0.00 |
| DNA_PORTE2  |    0 |     0 |          0 |         1 |  0.00 |
| EFUSE_USR   |    0 |     0 |          0 |         1 |  0.00 |
| FRAME_ECCE4 |    0 |     0 |          0 |         1 |  0.00 |
| ICAPE3      |    0 |     0 |          0 |         2 |  0.00 |
| MASTER_JTAG |    0 |     0 |          0 |         1 |  0.00 |
| STARTUPE3   |    0 |     0 |          0 |         1 |  0.00 |
+-------------+------+-------+------------+-----------+-------+


8. Primitives
-------------

+----------+-------+---------------------+
| Ref Name |  Used | Functional Category |
+----------+-------+---------------------+
| FDRE     | 33508 |            Register |
| LUT6     | 25057 |                 CLB |
| RAMD32   | 14798 |                 CLB |
| LUT5     |  8726 |                 CLB |
| LUT3     |  6925 |                 CLB |
| LUT2     |  6826 |                 CLB |
| MUXF7    |  4355 |                 CLB |
| LUT4     |  4164 |                 CLB |
| RAMS32   |  2146 |                 CLB |
| LUT1     |  1764 |                 CLB |
| CARRY8   |  1525 |                 CLB |
| RAMD64E  |  1354 |                 CLB |
| MUXF8    |   816 |                 CLB |
| SRL16E   |   293 |                 CLB |
| FDSE     |   179 |            Register |
| DSP48E2  |   141 |          Arithmetic |
| RAMB36E2 |    15 |            BLOCKRAM |
| RAMB18E2 |    14 |            BLOCKRAM |
| SRLC32E  |     6 |                 CLB |
+----------+-------+---------------------+


9. Black Boxes
--------------

+----------+------+
| Ref Name | Used |
+----------+------+


10. Instantiated Netlists
-------------------------

+----------+------+
| Ref Name | Used |
+----------+------+



INFO: [Timing 38-35] Done setting XDC timing constraints.
INFO: [Timing 38-91] UpdateTimingParams: Speed grade: -2L, Temperature grade: E, Delay Type: min_max.
INFO: [Timing 38-191] Multithreading enabled for timing update using a maximum of 8 CPUs
WARNING: [Timing 38-242] The property HD.CLK_SRC of clock port "clk" is not set. In out-of-context mode, this prevents timing estimation for clock delay/skew
Resolution: Set the HD.CLK_SRC property of the out-of-context port to the location of the clock buffer instance in the top-level design
report_timing_summary: Time (s): cpu = 00:01:15 ; elapsed = 00:00:37 . Memory (MB): peak = 4596.129 ; gain = 1283.500 ; free physical = 9261 ; free virtual = 56431
# set rpt [report_timing_summary -no_header -return_string]
# set wns 0.0
# if {[regexp {WNS\(ns\)[^\n]*\n[^\n]*\n\s*(-?[0-9.]+)} $rpt -> w]} { set wns $w }
# puts "RESULT gdn_block wns=$wns fmax=[expr {1000.0/($period-$wns)}]"
RESULT gdn_block wns=0.483 fmax=221.3858755811379
# puts "OOC_GDN_BLOCK_DONE"
OOC_GDN_BLOCK_DONE
INFO: [Common 17-206] Exiting Vivado at Wed Sep 23 13:58:55 2026...
