Copyright 1986-2022 Xilinx, Inc. All Rights Reserved. Copyright 2022-2023 Advanced Micro Devices, Inc. All Rights Reserved.
----------------------------------------------------------------------------------------------------------------------------------------------------------------------------------------------------------------------------
| Tool Version      : Vivado v.2023.2 (lin64) Build 4029153 Fri Oct 13 20:13:54 MDT 2023
| Date              : Sun Jul 26 17:28:28 2026
| Host              : Oren-Dell-Ubuntu running 64-bit Ubuntu 22.04.5 LTS
| Command           : report_timing_summary -max_paths 10 -file design_2_wrapper_timing_summary_routed.rpt -pb design_2_wrapper_timing_summary_routed.pb -rpx design_2_wrapper_timing_summary_routed.rpx -warn_on_violation
| Design            : design_2_wrapper
| Device            : xczu3eg-sfvc784
| Speed File        : -1  PRODUCTION 1.30 05-15-2022
| Design State      : Routed
| Temperature Grade : E
----------------------------------------------------------------------------------------------------------------------------------------------------------------------------------------------------------------------------

Timing Summary Report

------------------------------------------------------------------------------------------------
| Timer Settings
| --------------
------------------------------------------------------------------------------------------------

  Enable Multi Corner Analysis               :  Yes
  Enable Pessimism Removal                   :  Yes
  Pessimism Removal Resolution               :  Nearest Common Node
  Enable Input Delay Default Clock           :  No
  Enable Preset / Clear Arcs                 :  No
  Disable Flight Delays                      :  No
  Ignore I/O Paths                           :  No
  Timing Early Launch at Borrowing Latches   :  No
  Borrow Time for Max Delay Exceptions       :  Yes
  Merge Timing Exceptions                    :  Yes
  Inter-SLR Compensation                     :  Conservative

  Corner  Analyze    Analyze    
  Name    Max Paths  Min Paths  
  ------  ---------  ---------  
  Slow    Yes        Yes        
  Fast    Yes        Yes        


------------------------------------------------------------------------------------------------
| Report Methodology
| ------------------
------------------------------------------------------------------------------------------------

Rule       Severity  Description                    Violations  
---------  --------  -----------------------------  ----------  
TIMING-18  Warning   Missing input or output delay  1           

Note: This report is based on the most recent report_methodology run and may not be up-to-date. Run report_methodology on the current design for the latest report.



check_timing report

Table of Contents
-----------------
1. checking no_clock (0)
2. checking constant_clock (0)
3. checking pulse_width_clock (0)
4. checking unconstrained_internal_endpoints (0)
5. checking no_input_delay (0)
6. checking no_output_delay (1)
7. checking multiple_clock (0)
8. checking generated_clocks (0)
9. checking loops (0)
10. checking partial_input_delay (0)
11. checking partial_output_delay (0)
12. checking latch_loops (0)

1. checking no_clock (0)
------------------------
 There are 0 register/latch pins with no clock.


2. checking constant_clock (0)
------------------------------
 There are 0 register/latch pins with constant_clock.


3. checking pulse_width_clock (0)
---------------------------------
 There are 0 register/latch pins which need pulse_width check


4. checking unconstrained_internal_endpoints (0)
------------------------------------------------
 There are 0 pins that are not constrained for maximum delay.

 There are 0 pins that are not constrained for maximum delay due to constant clock.


5. checking no_input_delay (0)
------------------------------
 There are 0 input ports with no input delay specified.

 There are 0 input ports with no input delay but user has a false path constraint.


6. checking no_output_delay (1)
-------------------------------
 There is 1 port with no output delay specified. (HIGH)

 There are 0 ports with no output delay but user has a false path constraint

 There are 0 ports with no output delay but with a timing clock defined on it or propagating through it


7. checking multiple_clock (0)
------------------------------
 There are 0 register/latch pins with multiple clocks.


8. checking generated_clocks (0)
--------------------------------
 There are 0 generated clocks that are not connected to a clock source.


9. checking loops (0)
---------------------
 There are 0 combinational loops in the design.


10. checking partial_input_delay (0)
------------------------------------
 There are 0 input ports with partial input delay specified.


11. checking partial_output_delay (0)
-------------------------------------
 There are 0 ports with partial output delay specified.


12. checking latch_loops (0)
----------------------------
 There are 0 combinational latch loops in the design through latch input



------------------------------------------------------------------------------------------------
| Design Timing Summary
| ---------------------
------------------------------------------------------------------------------------------------

    WNS(ns)      TNS(ns)  TNS Failing Endpoints  TNS Total Endpoints      WHS(ns)      THS(ns)  THS Failing Endpoints  THS Total Endpoints     WPWS(ns)     TPWS(ns)  TPWS Failing Endpoints  TPWS Total Endpoints  
    -------      -------  ---------------------  -------------------      -------      -------  ---------------------  -------------------     --------     --------  ----------------------  --------------------  
    302.225        0.000                      0               137188        0.009        0.000                      0               137188      167.251        0.000                       0                 56076  


All user specified timing constraints are met.


------------------------------------------------------------------------------------------------
| Clock Summary
| -------------
------------------------------------------------------------------------------------------------

Clock     Waveform(ns)         Period(ns)      Frequency(MHz)
-----     ------------         ----------      --------------
clk_pl_0  {0.000 168.751}      337.503         2.963           


------------------------------------------------------------------------------------------------
| Intra Clock Table
| -----------------
------------------------------------------------------------------------------------------------

Clock             WNS(ns)      TNS(ns)  TNS Failing Endpoints  TNS Total Endpoints      WHS(ns)      THS(ns)  THS Failing Endpoints  THS Total Endpoints     WPWS(ns)     TPWS(ns)  TPWS Failing Endpoints  TPWS Total Endpoints  
-----             -------      -------  ---------------------  -------------------      -------      -------  ---------------------  -------------------     --------     --------  ----------------------  --------------------  
clk_pl_0          302.225        0.000                      0               137188        0.009        0.000                      0               137188      167.251        0.000                       0                 56076  


------------------------------------------------------------------------------------------------
| Inter Clock Table
| -----------------
------------------------------------------------------------------------------------------------

From Clock    To Clock          WNS(ns)      TNS(ns)  TNS Failing Endpoints  TNS Total Endpoints      WHS(ns)      THS(ns)  THS Failing Endpoints  THS Total Endpoints  
----------    --------          -------      -------  ---------------------  -------------------      -------      -------  ---------------------  -------------------  


------------------------------------------------------------------------------------------------
| Other Path Groups Table
| -----------------------
------------------------------------------------------------------------------------------------

Path Group    From Clock    To Clock          WNS(ns)      TNS(ns)  TNS Failing Endpoints  TNS Total Endpoints      WHS(ns)      THS(ns)  THS Failing Endpoints  THS Total Endpoints  
----------    ----------    --------          -------      -------  ---------------------  -------------------      -------      -------  ---------------------  -------------------  


------------------------------------------------------------------------------------------------
| Timing Details
| --------------
------------------------------------------------------------------------------------------------


---------------------------------------------------------------------------------------------------
From Clock:  clk_pl_0
  To Clock:  clk_pl_0

Setup :            0  Failing Endpoints,  Worst Slack      302.225ns,  Total Violation        0.000ns
Hold  :            0  Failing Endpoints,  Worst Slack        0.009ns,  Total Violation        0.000ns
PW    :            0  Failing Endpoints,  Worst Slack      167.251ns,  Total Violation        0.000ns
---------------------------------------------------------------------------------------------------


Max Delay Paths
--------------------------------------------------------------------------------------
Slack (MET) :             302.225ns  (required time - arrival time)
  Source:                 design_2_i/llama_engine_axi_0/U0/u_engine/u_sw/idx_reg[3]/C
                            (rising edge-triggered cell FDRE clocked by clk_pl_0  {rise@0.000ns fall@168.751ns period=337.503ns})
  Destination:            design_2_i/llama_engine_axi_0/U0/u_engine/u_sw/o_wdata_reg[31]/D
                            (rising edge-triggered cell FDRE clocked by clk_pl_0  {rise@0.000ns fall@168.751ns period=337.503ns})
  Path Group:             clk_pl_0
  Path Type:              Setup (Max at Slow Process Corner)
  Requirement:            337.503ns  (clk_pl_0 rise@337.503ns - clk_pl_0 rise@0.000ns)
  Data Path Delay:        34.296ns  (logic 13.789ns (40.205%)  route 20.507ns (59.795%))
  Logic Levels:           72  (CARRY8=26 DSP_A_B_DATA=3 DSP_ALU=6 DSP_M_DATA=3 DSP_MULTIPLIER=3 DSP_OUTPUT=6 DSP_PREADD_DATA=3 LUT1=1 LUT2=5 LUT3=3 LUT5=4 LUT6=8 MUXF8=1)
  Clock Path Skew:        -0.133ns (DCD - SCD + CPR)
    Destination Clock Delay (DCD):    1.707ns = ( 339.210 - 337.503 ) 
    Source Clock Delay      (SCD):    2.001ns
    Clock Pessimism Removal (CPR):    0.161ns
  Clock Uncertainty:      0.876ns  ((TSJ^2 + DJ^2)^1/2) / 2 + PE
    Total System Jitter     (TSJ):    0.071ns
    Discrete Jitter          (DJ):    1.750ns
    Phase Error              (PE):    0.000ns
  Clock Net Delay (Source):      1.794ns (routing 0.638ns, distribution 1.156ns)
  Clock Net Delay (Destination): 1.540ns (routing 0.576ns, distribution 0.964ns)

    Location             Delay type                Incr(ns)  Path(ns)    Netlist Resource(s)
  -------------------------------------------------------------------    -------------------
                         (clock clk_pl_0 rise edge)
                                                      0.000     0.000 r  
    PS8_X0Y0             PS8                          0.000     0.000 r  design_2_i/zynq_ultra_ps_e_0/inst/PS8_i/PLCLK[0]
                         net (fo=1, routed)           0.178     0.178    design_2_i/zynq_ultra_ps_e_0/inst/pl_clk_unbuffered[0]
    BUFG_PS_X0Y58        BUFG_PS (Prop_BUFG_PS_I_O)
                                                      0.029     0.207 r  design_2_i/zynq_ultra_ps_e_0/inst/buffer_pl_clk_0.PL_CLK_0_BUFG/O
    X0Y1 (CLOCK_ROOT)    net (fo=56669, routed)       1.794     2.001    design_2_i/llama_engine_axi_0/U0/u_engine/u_sw/clk
    SLICE_X19Y56         FDRE                                         r  design_2_i/llama_engine_axi_0/U0/u_engine/u_sw/idx_reg[3]/C
  -------------------------------------------------------------------    -------------------
    SLICE_X19Y56         FDRE (Prop_EFF_SLICEM_C_Q)
                                                      0.093     2.094 r  design_2_i/llama_engine_axi_0/U0/u_engine/u_sw/idx_reg[3]/Q
                         net (fo=336, routed)         4.954     7.047    design_2_i/llama_engine_axi_0/U0/u_engine/u_sw/idx_reg_n_0_[3]
    SLICE_X38Y109        MUXF8 (Prop_F8MUX_BOT_SLICEL_S_O)
                                                      0.089     7.136 r  design_2_i/llama_engine_axi_0/U0/u_engine/u_sw/ARG__4_i_169/O
                         net (fo=1, routed)           1.529     8.665    design_2_i/llama_engine_axi_0/U0/u_engine/u_sw/ARG__4_i_169_n_0
    SLICE_X12Y60         LUT6 (Prop_H6LUT_SLICEL_I1_O)
                                                      0.100     8.765 r  design_2_i/llama_engine_axi_0/U0/u_engine/u_sw/ARG__4_i_118/O
                         net (fo=3, routed)           0.105     8.871    design_2_i/llama_engine_axi_0/U0/u_engine/u_sw/ARG__4_i_118_n_0
    SLICE_X12Y60         LUT5 (Prop_A6LUT_SLICEL_I4_O)
                                                      0.064     8.935 r  design_2_i/llama_engine_axi_0/U0/u_engine/u_sw/ARG__4_i_66/O
                         net (fo=7, routed)           0.239     9.174    design_2_i/llama_engine_axi_0/U0/u_engine/u_sw/ARG__4_i_66_n_0
    SLICE_X11Y63         LUT5 (Prop_D6LUT_SLICEL_I0_O)
                                                      0.116     9.290 r  design_2_i/llama_engine_axi_0/U0/u_engine/u_sw/ARG__4_i_352/O
                         net (fo=1, routed)           0.010     9.300    design_2_i/llama_engine_axi_0/U0/u_engine/u_sw/ARG__4_i_352_n_0
    SLICE_X11Y63         CARRY8 (Prop_CARRY8_SLICEL_S[3]_CO[7])
                                                      0.195     9.495 r  design_2_i/llama_engine_axi_0/U0/u_engine/u_sw/ARG__4_i_202/CO[7]
                         net (fo=1, routed)           0.028     9.523    design_2_i/llama_engine_axi_0/U0/u_engine/u_sw/ARG__4_i_202_n_0
    SLICE_X11Y64         CARRY8 (Prop_CARRY8_SLICEL_CI_CO[7])
                                                      0.023     9.546 r  design_2_i/llama_engine_axi_0/U0/u_engine/u_sw/ARG__4_i_201/CO[7]
                         net (fo=1, routed)           0.028     9.574    design_2_i/llama_engine_axi_0/U0/u_engine/u_sw/ARG__4_i_201_n_0
    SLICE_X11Y65         CARRY8 (Prop_CARRY8_SLICEL_CI_CO[7])
                                                      0.023     9.597 r  design_2_i/llama_engine_axi_0/U0/u_engine/u_sw/ARG__4_i_199/CO[7]
                         net (fo=1, routed)           0.028     9.625    design_2_i/llama_engine_axi_0/U0/u_engine/u_sw/ARG__4_i_199_n_0
    SLICE_X11Y66         CARRY8 (Prop_CARRY8_SLICEL_CI_CO[7])
                                                      0.023     9.648 r  design_2_i/llama_engine_axi_0/U0/u_engine/u_sw/ARG__4_i_200/CO[7]
                         net (fo=1, routed)           0.028     9.676    design_2_i/llama_engine_axi_0/U0/u_engine/u_sw/ARG__4_i_200_n_0
    SLICE_X11Y67         CARRY8 (Prop_CARRY8_SLICEL_CI_CO[7])
                                                      0.023     9.699 r  design_2_i/llama_engine_axi_0/U0/u_engine/u_sw/SHIFT_LEFT26_i_391/CO[7]
                         net (fo=1, routed)           0.028     9.727    design_2_i/llama_engine_axi_0/U0/u_engine/u_sw/SHIFT_LEFT26_i_391_n_0
    SLICE_X11Y68         CARRY8 (Prop_CARRY8_SLICEL_CI_CO[7])
                                                      0.023     9.750 r  design_2_i/llama_engine_axi_0/U0/u_engine/u_sw/SHIFT_LEFT26_i_222/CO[7]
                         net (fo=1, routed)           0.028     9.778    design_2_i/llama_engine_axi_0/U0/u_engine/u_sw/SHIFT_LEFT26_i_222_n_0
    SLICE_X11Y69         CARRY8 (Prop_CARRY8_SLICEL_CI_CO[7])
                                                      0.023     9.801 r  design_2_i/llama_engine_axi_0/U0/u_engine/u_sw/SHIFT_LEFT26_i_73/CO[7]
                         net (fo=1, routed)           0.028     9.829    design_2_i/llama_engine_axi_0/U0/u_engine/u_sw/SHIFT_LEFT26_i_73_n_0
    SLICE_X11Y70         CARRY8 (Prop_CARRY8_SLICEL_CI_O[7])
                                                      0.146     9.975 f  design_2_i/llama_engine_axi_0/U0/u_engine/u_sw/SHIFT_LEFT26_i_33/O[7]
                         net (fo=69, routed)          0.771    10.745    design_2_i/llama_engine_axi_0/U0/u_engine/u_sw/SHIFT_LEFT26_i_33_n_8
    SLICE_X13Y63         LUT6 (Prop_F6LUT_SLICEL_I0_O)
                                                      0.114    10.859 f  design_2_i/llama_engine_axi_0/U0/u_engine/u_sw/ARG__4_i_136/O
                         net (fo=4, routed)           0.265    11.125    design_2_i/llama_engine_axi_0/U0/u_engine/u_sw/ARG__4_i_136_n_0
    SLICE_X12Y62         LUT6 (Prop_B6LUT_SLICEL_I5_O)
                                                      0.064    11.189 f  design_2_i/llama_engine_axi_0/U0/u_engine/u_sw/SHIFT_LEFT26_i_289/O
                         net (fo=2, routed)           0.257    11.446    design_2_i/llama_engine_axi_0/U0/u_engine/u_sw/SHIFT_LEFT26_i_289_n_0
    SLICE_X8Y61          LUT3 (Prop_C5LUT_SLICEL_I0_O)
                                                      0.168    11.614 f  design_2_i/llama_engine_axi_0/U0/u_engine/u_sw/SHIFT_LEFT26_i_131/O
                         net (fo=2, routed)           0.164    11.778    design_2_i/llama_engine_axi_0/U0/u_engine/u_sw/SHIFT_LEFT26_i_131_n_0
    SLICE_X8Y60          LUT5 (Prop_B6LUT_SLICEL_I0_O)
                                                      0.177    11.955 f  design_2_i/llama_engine_axi_0/U0/u_engine/u_sw/SHIFT_LEFT26__1_i_10/O
                         net (fo=1, routed)           0.104    12.059    design_2_i/llama_engine_axi_0/U0/u_engine/u_sw/SHIFT_LEFT26__1_i_10_n_0
    SLICE_X8Y60          LUT6 (Prop_C6LUT_SLICEL_I0_O)
                                                      0.038    12.097 f  design_2_i/llama_engine_axi_0/U0/u_engine/u_sw/SHIFT_LEFT26__1_i_1/O
                         net (fo=6, routed)           0.169    12.265    design_2_i/llama_engine_axi_0/U0/u_engine/u_sw/z_q[16]
    SLICE_X7Y59          LUT1 (Prop_B6LUT_SLICEL_I0_O)
                                                      0.040    12.305 r  design_2_i/llama_engine_axi_0/U0/u_engine/u_sw/ARG_i_121/O
                         net (fo=1, routed)           0.010    12.315    design_2_i/llama_engine_axi_0/U0/u_engine/u_sw/ARG_i_121_n_0
    SLICE_X7Y59          CARRY8 (Prop_CARRY8_SLICEL_S[1]_CO[7])
                                                      0.233    12.548 r  design_2_i/llama_engine_axi_0/U0/u_engine/u_sw/ARG_i_52/CO[7]
                         net (fo=1, routed)           0.028    12.576    design_2_i/llama_engine_axi_0/U0/u_engine/u_sw/ARG_i_52_n_0
    SLICE_X7Y60          CARRY8 (Prop_CARRY8_SLICEL_CI_O[5])
                                                      0.145    12.721 f  design_2_i/llama_engine_axi_0/U0/u_engine/u_sw/ARG_i_110/O[5]
                         net (fo=5, routed)           0.235    12.956    design_2_i/llama_engine_axi_0/U0/u_engine/u_sw/SHIFT_RIGHT[20]
    SLICE_X6Y60          LUT2 (Prop_G6LUT_SLICEL_I0_O)
                                                      0.178    13.134 r  design_2_i/llama_engine_axi_0/U0/u_engine/u_sw/ARG_i_250/O
                         net (fo=1, routed)           0.009    13.143    design_2_i/llama_engine_axi_0/U0/u_engine/u_sw/ARG_i_250_n_0
    SLICE_X6Y60          CARRY8 (Prop_CARRY8_SLICEL_S[6]_CO[7])
                                                      0.148    13.291 f  design_2_i/llama_engine_axi_0/U0/u_engine/u_sw/ARG_i_123/CO[7]
                         net (fo=1, routed)           0.028    13.319    design_2_i/llama_engine_axi_0/U0/u_engine/u_sw/ARG_i_123_n_0
    SLICE_X6Y61          CARRY8 (Prop_CARRY8_SLICEL_CI_CO[3])
                                                      0.077    13.396 f  design_2_i/llama_engine_axi_0/U0/u_engine/u_sw/ARG_i_53/CO[3]
                         net (fo=123, routed)         1.180    14.576    design_2_i/llama_engine_axi_0/U0/u_engine/u_sw/k1
    SLICE_X0Y66          LUT3 (Prop_H6LUT_SLICEL_I1_O)
                                                      0.149    14.725 r  design_2_i/llama_engine_axi_0/U0/u_engine/u_sw/ARG__1_i_680/O
                         net (fo=139, routed)         0.828    15.553    design_2_i/llama_engine_axi_0/U0/u_engine/u_sw/ARG__1_i_680_n_0
    SLICE_X6Y55          LUT6 (Prop_C6LUT_SLICEL_I2_O)
                                                      0.113    15.666 r  design_2_i/llama_engine_axi_0/U0/u_engine/u_sw/ARG_i_150/O
                         net (fo=12, routed)          0.895    16.561    design_2_i/llama_engine_axi_0/U0/u_engine/u_sw/ARG_i_150_n_0
    SLICE_X9Y68          LUT3 (Prop_C5LUT_SLICEM_I1_O)
                                                      0.196    16.757 r  design_2_i/llama_engine_axi_0/U0/u_engine/u_sw/ARG_i_69/O
                         net (fo=13, routed)          0.822    17.578    design_2_i/llama_engine_axi_0/U0/u_engine/u_sw/ARG_i_69_n_0
    SLICE_X8Y73          LUT6 (Prop_H6LUT_SLICEL_I5_O)
                                                      0.116    17.694 r  design_2_i/llama_engine_axi_0/U0/u_engine/u_sw/ARG_i_101/O
                         net (fo=4, routed)           0.720    18.414    design_2_i/llama_engine_axi_0/U0/u_engine/u_sw/ARG_i_101_n_0
    SLICE_X3Y63          LUT6 (Prop_D6LUT_SLICEL_I5_O)
                                                      0.174    18.588 r  design_2_i/llama_engine_axi_0/U0/u_engine/u_sw/ARG_i_29/O
                         net (fo=1, routed)           0.010    18.598    design_2_i/llama_engine_axi_0/U0/u_engine/u_sw/ARG_i_29_n_0
    SLICE_X3Y63          CARRY8 (Prop_CARRY8_SLICEL_S[3]_CO[7])
                                                      0.195    18.793 r  design_2_i/llama_engine_axi_0/U0/u_engine/u_sw/ARG_i_2/CO[7]
                         net (fo=1, routed)           0.028    18.821    design_2_i/llama_engine_axi_0/U0/u_engine/u_sw/ARG_i_2_n_0
    SLICE_X3Y64          CARRY8 (Prop_CARRY8_SLICEL_CI_O[6])
                                                      0.129    18.950 f  design_2_i/llama_engine_axi_0/U0/u_engine/u_sw/ARG_i_1/O[6]
                         net (fo=32, routed)          1.084    20.034    design_2_i/llama_engine_axi_0/U0/u_engine/u_sw/ARG/B[13]
    DSP48E2_X0Y13        DSP_A_B_DATA (Prop_DSP_A_B_DATA_DSP48E2_B[13]_B2_DATA[13])
                                                      0.195    20.229 r  design_2_i/llama_engine_axi_0/U0/u_engine/u_sw/ARG/DSP_A_B_DATA_INST/B2_DATA[13]
                         net (fo=1, routed)           0.000    20.229    design_2_i/llama_engine_axi_0/U0/u_engine/u_sw/ARG/DSP_A_B_DATA.B2_DATA<13>
    DSP48E2_X0Y13        DSP_PREADD_DATA (Prop_DSP_PREADD_DATA_DSP48E2_B2_DATA[13]_B2B1[13])
                                                      0.092    20.321 r  design_2_i/llama_engine_axi_0/U0/u_engine/u_sw/ARG/DSP_PREADD_DATA_INST/B2B1[13]
                         net (fo=1, routed)           0.000    20.321    design_2_i/llama_engine_axi_0/U0/u_engine/u_sw/ARG/DSP_PREADD_DATA.B2B1<13>
    DSP48E2_X0Y13        DSP_MULTIPLIER (Prop_DSP_MULTIPLIER_DSP48E2_B2B1[13]_U[42])
                                                      0.737    21.058 f  design_2_i/llama_engine_axi_0/U0/u_engine/u_sw/ARG/DSP_MULTIPLIER_INST/U[42]
                         net (fo=1, routed)           0.000    21.058    design_2_i/llama_engine_axi_0/U0/u_engine/u_sw/ARG/DSP_MULTIPLIER.U<42>
    DSP48E2_X0Y13        DSP_M_DATA (Prop_DSP_M_DATA_DSP48E2_U[42]_U_DATA[42])
                                                      0.059    21.117 r  design_2_i/llama_engine_axi_0/U0/u_engine/u_sw/ARG/DSP_M_DATA_INST/U_DATA[42]
                         net (fo=1, routed)           0.000    21.117    design_2_i/llama_engine_axi_0/U0/u_engine/u_sw/ARG/DSP_M_DATA.U_DATA<42>
    DSP48E2_X0Y13        DSP_ALU (Prop_DSP_ALU_DSP48E2_U_DATA[42]_ALU_OUT[47])
                                                      0.699    21.816 f  design_2_i/llama_engine_axi_0/U0/u_engine/u_sw/ARG/DSP_ALU_INST/ALU_OUT[47]
                         net (fo=1, routed)           0.000    21.816    design_2_i/llama_engine_axi_0/U0/u_engine/u_sw/ARG/DSP_ALU.ALU_OUT<47>
    DSP48E2_X0Y13        DSP_OUTPUT (Prop_DSP_OUTPUT_DSP48E2_ALU_OUT[47]_PCOUT[47])
                                                      0.159    21.975 r  design_2_i/llama_engine_axi_0/U0/u_engine/u_sw/ARG/DSP_OUTPUT_INST/PCOUT[47]
                         net (fo=1, routed)           0.042    22.017    design_2_i/llama_engine_axi_0/U0/u_engine/u_sw/ARG__0/PCIN[47]
    DSP48E2_X0Y14        DSP_ALU (Prop_DSP_ALU_DSP48E2_PCIN[47]_ALU_OUT[1])
                                                      0.698    22.715 f  design_2_i/llama_engine_axi_0/U0/u_engine/u_sw/ARG__0/DSP_ALU_INST/ALU_OUT[1]
                         net (fo=1, routed)           0.000    22.715    design_2_i/llama_engine_axi_0/U0/u_engine/u_sw/ARG__0/DSP_ALU.ALU_OUT<1>
    DSP48E2_X0Y14        DSP_OUTPUT (Prop_DSP_OUTPUT_DSP48E2_ALU_OUT[1]_P[1])
                                                      0.141    22.856 r  design_2_i/llama_engine_axi_0/U0/u_engine/u_sw/ARG__0/DSP_OUTPUT_INST/P[1]
                         net (fo=5, routed)           1.002    23.857    design_2_i/llama_engine_axi_0/U0/u_engine/u_sw/ARG__0_n_104
    SLICE_X2Y61          LUT6 (Prop_G6LUT_SLICEL_I1_O)
                                                      0.178    24.035 r  design_2_i/llama_engine_axi_0/U0/u_engine/u_sw/SHIFT_LEFT26_i_360/O
                         net (fo=1, routed)           0.009    24.044    design_2_i/llama_engine_axi_0/U0/u_engine/u_sw/SHIFT_LEFT26_i_360_n_0
    SLICE_X2Y61          CARRY8 (Prop_CARRY8_SLICEL_S[6]_CO[7])
                                                      0.148    24.192 r  design_2_i/llama_engine_axi_0/U0/u_engine/u_sw/SHIFT_LEFT26_i_169/CO[7]
                         net (fo=1, routed)           0.028    24.220    design_2_i/llama_engine_axi_0/U0/u_engine/u_sw/SHIFT_LEFT26_i_169_n_0
    SLICE_X2Y62          CARRY8 (Prop_CARRY8_SLICEL_CI_O[0])
                                                      0.072    24.292 r  design_2_i/llama_engine_axi_0/U0/u_engine/u_sw/SHIFT_LEFT26_i_168/O[0]
                         net (fo=3, routed)           0.287    24.579    design_2_i/llama_engine_axi_0/U0/u_engine/u_sw/p_0_in[61]
    SLICE_X0Y61          LUT2 (Prop_F6LUT_SLICEL_I1_O)
                                                      0.114    24.693 r  design_2_i/llama_engine_axi_0/U0/u_engine/u_sw/SHIFT_LEFT26_i_172/O
                         net (fo=1, routed)           0.012    24.705    design_2_i/llama_engine_axi_0/U0/u_engine/u_sw/SHIFT_LEFT26_i_172_n_0
    SLICE_X0Y61          CARRY8 (Prop_CARRY8_SLICEL_S[5]_O[7])
                                                      0.168    24.873 f  design_2_i/llama_engine_axi_0/U0/u_engine/u_sw/SHIFT_LEFT26_i_69/O[7]
                         net (fo=50, routed)          0.380    25.253    design_2_i/llama_engine_axi_0/U0/u_engine/u_sw/SHIFT_LEFT26_i_69_n_8
    SLICE_X1Y59          LUT2 (Prop_G6LUT_SLICEM_I1_O)
                                                      0.064    25.317 r  design_2_i/llama_engine_axi_0/U0/u_engine/u_sw/SHIFT_LEFT26_i_317/O
                         net (fo=1, routed)           0.017    25.334    design_2_i/llama_engine_axi_0/U0/u_engine/u_sw/SHIFT_LEFT26_i_317_n_0
    SLICE_X1Y59          CARRY8 (Prop_CARRY8_SLICEM_S[6]_CO[7])
                                                      0.150    25.484 r  design_2_i/llama_engine_axi_0/U0/u_engine/u_sw/SHIFT_LEFT26_i_149/CO[7]
                         net (fo=1, routed)           0.028    25.512    design_2_i/llama_engine_axi_0/U0/u_engine/u_sw/SHIFT_LEFT26_i_149_n_0
    SLICE_X1Y60          CARRY8 (Prop_CARRY8_SLICEM_CI_CO[7])
                                                      0.030    25.542 r  design_2_i/llama_engine_axi_0/U0/u_engine/u_sw/SHIFT_LEFT26_i_67/CO[7]
                         net (fo=31, routed)          0.500    26.042    design_2_i/llama_engine_axi_0/U0/u_engine/u_sw/sigmoid_q1
    SLICE_X4Y54          LUT5 (Prop_G6LUT_SLICEM_I1_O)
                                                      0.116    26.158 f  design_2_i/llama_engine_axi_0/U0/u_engine/u_sw/SHIFT_LEFT26_i_22/O
                         net (fo=2, routed)           0.941    27.100    design_2_i/llama_engine_axi_0/U0/u_engine/u_sw/SHIFT_LEFT26__1/B[10]
    DSP48E2_X1Y19        DSP_A_B_DATA (Prop_DSP_A_B_DATA_DSP48E2_B[10]_B2_DATA[10])
                                                      0.195    27.295 r  design_2_i/llama_engine_axi_0/U0/u_engine/u_sw/SHIFT_LEFT26__1/DSP_A_B_DATA_INST/B2_DATA[10]
                         net (fo=1, routed)           0.000    27.295    design_2_i/llama_engine_axi_0/U0/u_engine/u_sw/SHIFT_LEFT26__1/DSP_A_B_DATA.B2_DATA<10>
    DSP48E2_X1Y19        DSP_PREADD_DATA (Prop_DSP_PREADD_DATA_DSP48E2_B2_DATA[10]_B2B1[10])
                                                      0.092    27.387 r  design_2_i/llama_engine_axi_0/U0/u_engine/u_sw/SHIFT_LEFT26__1/DSP_PREADD_DATA_INST/B2B1[10]
                         net (fo=1, routed)           0.000    27.387    design_2_i/llama_engine_axi_0/U0/u_engine/u_sw/SHIFT_LEFT26__1/DSP_PREADD_DATA.B2B1<10>
    DSP48E2_X1Y19        DSP_MULTIPLIER (Prop_DSP_MULTIPLIER_DSP48E2_B2B1[10]_U[40])
                                                      0.737    28.124 f  design_2_i/llama_engine_axi_0/U0/u_engine/u_sw/SHIFT_LEFT26__1/DSP_MULTIPLIER_INST/U[40]
                         net (fo=1, routed)           0.000    28.124    design_2_i/llama_engine_axi_0/U0/u_engine/u_sw/SHIFT_LEFT26__1/DSP_MULTIPLIER.U<40>
    DSP48E2_X1Y19        DSP_M_DATA (Prop_DSP_M_DATA_DSP48E2_U[40]_U_DATA[40])
                                                      0.059    28.183 r  design_2_i/llama_engine_axi_0/U0/u_engine/u_sw/SHIFT_LEFT26__1/DSP_M_DATA_INST/U_DATA[40]
                         net (fo=1, routed)           0.000    28.183    design_2_i/llama_engine_axi_0/U0/u_engine/u_sw/SHIFT_LEFT26__1/DSP_M_DATA.U_DATA<40>
    DSP48E2_X1Y19        DSP_ALU (Prop_DSP_ALU_DSP48E2_U_DATA[40]_ALU_OUT[47])
                                                      0.699    28.882 f  design_2_i/llama_engine_axi_0/U0/u_engine/u_sw/SHIFT_LEFT26__1/DSP_ALU_INST/ALU_OUT[47]
                         net (fo=1, routed)           0.000    28.882    design_2_i/llama_engine_axi_0/U0/u_engine/u_sw/SHIFT_LEFT26__1/DSP_ALU.ALU_OUT<47>
    DSP48E2_X1Y19        DSP_OUTPUT (Prop_DSP_OUTPUT_DSP48E2_ALU_OUT[47]_PCOUT[47])
                                                      0.159    29.041 r  design_2_i/llama_engine_axi_0/U0/u_engine/u_sw/SHIFT_LEFT26__1/DSP_OUTPUT_INST/PCOUT[47]
                         net (fo=1, routed)           0.042    29.083    design_2_i/llama_engine_axi_0/U0/u_engine/u_sw/SHIFT_LEFT26__2/PCIN[47]
    DSP48E2_X1Y20        DSP_ALU (Prop_DSP_ALU_DSP48E2_PCIN[47]_ALU_OUT[4])
                                                      0.698    29.781 f  design_2_i/llama_engine_axi_0/U0/u_engine/u_sw/SHIFT_LEFT26__2/DSP_ALU_INST/ALU_OUT[4]
                         net (fo=1, routed)           0.000    29.781    design_2_i/llama_engine_axi_0/U0/u_engine/u_sw/SHIFT_LEFT26__2/DSP_ALU.ALU_OUT<4>
    DSP48E2_X1Y20        DSP_OUTPUT (Prop_DSP_OUTPUT_DSP48E2_ALU_OUT[4]_P[4])
                                                      0.141    29.922 r  design_2_i/llama_engine_axi_0/U0/u_engine/u_sw/SHIFT_LEFT26__2/DSP_OUTPUT_INST/P[4]
                         net (fo=2, routed)           0.921    30.843    design_2_i/llama_engine_axi_0/U0/u_engine/u_sw/SHIFT_LEFT26__2_n_101
    SLICE_X2Y48          LUT2 (Prop_F6LUT_SLICEL_I0_O)
                                                      0.114    30.957 r  design_2_i/llama_engine_axi_0/U0/u_engine/u_sw/SHIFT_LEFT26__5_i_4/O
                         net (fo=1, routed)           0.012    30.969    design_2_i/llama_engine_axi_0/U0/u_engine/u_sw/SHIFT_LEFT26__5_i_4_n_0
    SLICE_X2Y48          CARRY8 (Prop_CARRY8_SLICEL_S[5]_CO[7])
                                                      0.197    31.166 r  design_2_i/llama_engine_axi_0/U0/u_engine/u_sw/SHIFT_LEFT26__5_i_1/CO[7]
                         net (fo=1, routed)           0.028    31.194    design_2_i/llama_engine_axi_0/U0/u_engine/u_sw/SHIFT_LEFT26__5_i_1_n_0
    SLICE_X2Y49          CARRY8 (Prop_CARRY8_SLICEL_CI_CO[7])
                                                      0.023    31.217 r  design_2_i/llama_engine_axi_0/U0/u_engine/u_sw/SHIFT_LEFT26__3_i_4/CO[7]
                         net (fo=1, routed)           0.028    31.245    design_2_i/llama_engine_axi_0/U0/u_engine/u_sw/SHIFT_LEFT26__3_i_4_n_0
    SLICE_X2Y50          CARRY8 (Prop_CARRY8_SLICEL_CI_O[4])
                                                      0.109    31.354 f  design_2_i/llama_engine_axi_0/U0/u_engine/u_sw/SHIFT_LEFT26__3_i_3/O[4]
                         net (fo=2, routed)           0.881    32.235    design_2_i/llama_engine_axi_0/U0/u_engine/u_sw/SHIFT_LEFT26__3/B[7]
    DSP48E2_X0Y15        DSP_A_B_DATA (Prop_DSP_A_B_DATA_DSP48E2_B[7]_B2_DATA[7])
                                                      0.195    32.430 r  design_2_i/llama_engine_axi_0/U0/u_engine/u_sw/SHIFT_LEFT26__3/DSP_A_B_DATA_INST/B2_DATA[7]
                         net (fo=1, routed)           0.000    32.430    design_2_i/llama_engine_axi_0/U0/u_engine/u_sw/SHIFT_LEFT26__3/DSP_A_B_DATA.B2_DATA<7>
    DSP48E2_X0Y15        DSP_PREADD_DATA (Prop_DSP_PREADD_DATA_DSP48E2_B2_DATA[7]_B2B1[7])
                                                      0.092    32.522 r  design_2_i/llama_engine_axi_0/U0/u_engine/u_sw/SHIFT_LEFT26__3/DSP_PREADD_DATA_INST/B2B1[7]
                         net (fo=1, routed)           0.000    32.522    design_2_i/llama_engine_axi_0/U0/u_engine/u_sw/SHIFT_LEFT26__3/DSP_PREADD_DATA.B2B1<7>
    DSP48E2_X0Y15        DSP_MULTIPLIER (Prop_DSP_MULTIPLIER_DSP48E2_B2B1[7]_U[38])
                                                      0.737    33.259 f  design_2_i/llama_engine_axi_0/U0/u_engine/u_sw/SHIFT_LEFT26__3/DSP_MULTIPLIER_INST/U[38]
                         net (fo=1, routed)           0.000    33.259    design_2_i/llama_engine_axi_0/U0/u_engine/u_sw/SHIFT_LEFT26__3/DSP_MULTIPLIER.U<38>
    DSP48E2_X0Y15        DSP_M_DATA (Prop_DSP_M_DATA_DSP48E2_U[38]_U_DATA[38])
                                                      0.059    33.318 r  design_2_i/llama_engine_axi_0/U0/u_engine/u_sw/SHIFT_LEFT26__3/DSP_M_DATA_INST/U_DATA[38]
                         net (fo=1, routed)           0.000    33.318    design_2_i/llama_engine_axi_0/U0/u_engine/u_sw/SHIFT_LEFT26__3/DSP_M_DATA.U_DATA<38>
    DSP48E2_X0Y15        DSP_ALU (Prop_DSP_ALU_DSP48E2_U_DATA[38]_ALU_OUT[47])
                                                      0.699    34.017 f  design_2_i/llama_engine_axi_0/U0/u_engine/u_sw/SHIFT_LEFT26__3/DSP_ALU_INST/ALU_OUT[47]
                         net (fo=1, routed)           0.000    34.017    design_2_i/llama_engine_axi_0/U0/u_engine/u_sw/SHIFT_LEFT26__3/DSP_ALU.ALU_OUT<47>
    DSP48E2_X0Y15        DSP_OUTPUT (Prop_DSP_OUTPUT_DSP48E2_ALU_OUT[47]_PCOUT[47])
                                                      0.159    34.176 r  design_2_i/llama_engine_axi_0/U0/u_engine/u_sw/SHIFT_LEFT26__3/DSP_OUTPUT_INST/PCOUT[47]
                         net (fo=1, routed)           0.042    34.218    design_2_i/llama_engine_axi_0/U0/u_engine/u_sw/SHIFT_LEFT26__4/PCIN[47]
    DSP48E2_X0Y16        DSP_ALU (Prop_DSP_ALU_DSP48E2_PCIN[47]_ALU_OUT[3])
                                                      0.698    34.916 f  design_2_i/llama_engine_axi_0/U0/u_engine/u_sw/SHIFT_LEFT26__4/DSP_ALU_INST/ALU_OUT[3]
                         net (fo=1, routed)           0.000    34.916    design_2_i/llama_engine_axi_0/U0/u_engine/u_sw/SHIFT_LEFT26__4/DSP_ALU.ALU_OUT<3>
    DSP48E2_X0Y16        DSP_OUTPUT (Prop_DSP_OUTPUT_DSP48E2_ALU_OUT[3]_P[3])
                                                      0.141    35.057 r  design_2_i/llama_engine_axi_0/U0/u_engine/u_sw/SHIFT_LEFT26__4/DSP_OUTPUT_INST/P[3]
                         net (fo=1, routed)           0.530    35.587    design_2_i/llama_engine_axi_0/U0/u_engine/u_sw/SHIFT_LEFT26__4_n_102
    SLICE_X4Y42          LUT2 (Prop_F6LUT_SLICEM_I1_O)
                                                      0.177    35.764 r  design_2_i/llama_engine_axi_0/U0/u_engine/u_sw/o_wdata[27]_i_4/O
                         net (fo=1, routed)           0.024    35.788    design_2_i/llama_engine_axi_0/U0/u_engine/u_sw/o_wdata[27]_i_4_n_0
    SLICE_X4Y42          CARRY8 (Prop_CARRY8_SLICEM_S[5]_CO[7])
                                                      0.202    35.990 r  design_2_i/llama_engine_axi_0/U0/u_engine/u_sw/o_wdata_reg[27]_i_1/CO[7]
                         net (fo=1, routed)           0.028    36.018    design_2_i/llama_engine_axi_0/U0/u_engine/u_sw/o_wdata_reg[27]_i_1_n_0
    SLICE_X4Y43          CARRY8 (Prop_CARRY8_SLICEM_CI_CO[7])
                                                      0.023    36.041 r  design_2_i/llama_engine_axi_0/U0/u_engine/u_sw/o_wdata_reg[30]_i_1/CO[7]
                         net (fo=1, routed)           0.028    36.069    design_2_i/llama_engine_axi_0/U0/u_engine/u_sw/o_wdata_reg[30]_i_1_n_0
    SLICE_X4Y44          CARRY8 (Prop_CARRY8_SLICEM_CI_CO[7])
                                                      0.023    36.092 r  design_2_i/llama_engine_axi_0/U0/u_engine/u_sw/o_wdata_reg[31]_i_2/CO[7]
                         net (fo=1, routed)           0.028    36.120    design_2_i/llama_engine_axi_0/U0/u_engine/u_sw/o_wdata_reg[31]_i_2_n_0
    SLICE_X4Y45          CARRY8 (Prop_CARRY8_SLICEM_CI_O[7])
                                                      0.146    36.266 r  design_2_i/llama_engine_axi_0/U0/u_engine/u_sw/o_wdata_reg[31]_i_1/O[7]
                         net (fo=1, routed)           0.031    36.297    design_2_i/llama_engine_axi_0/U0/u_engine/u_sw/o_wdata_reg[31]_i_1_n_8
    SLICE_X4Y45          FDRE                                         r  design_2_i/llama_engine_axi_0/U0/u_engine/u_sw/o_wdata_reg[31]/D
  -------------------------------------------------------------------    -------------------

                         (clock clk_pl_0 rise edge)
                                                    337.503   337.503 r  
    PS8_X0Y0             PS8                          0.000   337.503 r  design_2_i/zynq_ultra_ps_e_0/inst/PS8_i/PLCLK[0]
                         net (fo=1, routed)           0.140   337.643    design_2_i/zynq_ultra_ps_e_0/inst/pl_clk_unbuffered[0]
    BUFG_PS_X0Y58        BUFG_PS (Prop_BUFG_PS_I_O)
                                                      0.027   337.670 r  design_2_i/zynq_ultra_ps_e_0/inst/buffer_pl_clk_0.PL_CLK_0_BUFG/O
    X0Y1 (CLOCK_ROOT)    net (fo=56669, routed)       1.540   339.210    design_2_i/llama_engine_axi_0/U0/u_engine/u_sw/clk
    SLICE_X4Y45          FDRE                                         r  design_2_i/llama_engine_axi_0/U0/u_engine/u_sw/o_wdata_reg[31]/C
                         clock pessimism              0.161   339.371    
                         clock uncertainty           -0.876   338.495    
    SLICE_X4Y45          FDRE (Setup_HFF_SLICEM_C_D)
                                                      0.027   338.522    design_2_i/llama_engine_axi_0/U0/u_engine/u_sw/o_wdata_reg[31]
  -------------------------------------------------------------------
                         required time                        338.522    
                         arrival time                         -36.297    
  -------------------------------------------------------------------
                         slack                                302.225    

Slack (MET) :             302.379ns  (required time - arrival time)
  Source:                 design_2_i/llama_engine_axi_0/U0/u_engine/u_sw/idx_reg[3]/C
                            (rising edge-triggered cell FDRE clocked by clk_pl_0  {rise@0.000ns fall@168.751ns period=337.503ns})
  Destination:            design_2_i/llama_engine_axi_0/U0/u_engine/u_sw/o_wdata_reg[29]/D
                            (rising edge-triggered cell FDRE clocked by clk_pl_0  {rise@0.000ns fall@168.751ns period=337.503ns})
  Path Group:             clk_pl_0
  Path Type:              Setup (Max at Slow Process Corner)
  Requirement:            337.503ns  (clk_pl_0 rise@337.503ns - clk_pl_0 rise@0.000ns)
  Data Path Delay:        34.145ns  (logic 13.694ns (40.105%)  route 20.451ns (59.895%))
  Logic Levels:           70  (CARRY8=24 DSP_A_B_DATA=3 DSP_ALU=6 DSP_M_DATA=3 DSP_MULTIPLIER=3 DSP_OUTPUT=6 DSP_PREADD_DATA=3 LUT1=1 LUT2=5 LUT3=3 LUT5=4 LUT6=8 MUXF8=1)
  Clock Path Skew:        -0.130ns (DCD - SCD + CPR)
    Destination Clock Delay (DCD):    1.710ns = ( 339.213 - 337.503 ) 
    Source Clock Delay      (SCD):    2.001ns
    Clock Pessimism Removal (CPR):    0.161ns
  Clock Uncertainty:      0.876ns  ((TSJ^2 + DJ^2)^1/2) / 2 + PE
    Total System Jitter     (TSJ):    0.071ns
    Discrete Jitter          (DJ):    1.750ns
    Phase Error              (PE):    0.000ns
  Clock Net Delay (Source):      1.794ns (routing 0.638ns, distribution 1.156ns)
  Clock Net Delay (Destination): 1.543ns (routing 0.576ns, distribution 0.967ns)

    Location             Delay type                Incr(ns)  Path(ns)    Netlist Resource(s)
  -------------------------------------------------------------------    -------------------
                         (clock clk_pl_0 rise edge)
                                                      0.000     0.000 r  
    PS8_X0Y0             PS8                          0.000     0.000 r  design_2_i/zynq_ultra_ps_e_0/inst/PS8_i/PLCLK[0]
                         net (fo=1, routed)           0.178     0.178    design_2_i/zynq_ultra_ps_e_0/inst/pl_clk_unbuffered[0]
    BUFG_PS_X0Y58        BUFG_PS (Prop_BUFG_PS_I_O)
                                                      0.029     0.207 r  design_2_i/zynq_ultra_ps_e_0/inst/buffer_pl_clk_0.PL_CLK_0_BUFG/O
    X0Y1 (CLOCK_ROOT)    net (fo=56669, routed)       1.794     2.001    design_2_i/llama_engine_axi_0/U0/u_engine/u_sw/clk
    SLICE_X19Y56         FDRE                                         r  design_2_i/llama_engine_axi_0/U0/u_engine/u_sw/idx_reg[3]/C
  -------------------------------------------------------------------    -------------------
    SLICE_X19Y56         FDRE (Prop_EFF_SLICEM_C_Q)
                                                      0.093     2.094 r  design_2_i/llama_engine_axi_0/U0/u_engine/u_sw/idx_reg[3]/Q
                         net (fo=336, routed)         4.954     7.047    design_2_i/llama_engine_axi_0/U0/u_engine/u_sw/idx_reg_n_0_[3]
    SLICE_X38Y109        MUXF8 (Prop_F8MUX_BOT_SLICEL_S_O)
                                                      0.089     7.136 r  design_2_i/llama_engine_axi_0/U0/u_engine/u_sw/ARG__4_i_169/O
                         net (fo=1, routed)           1.529     8.665    design_2_i/llama_engine_axi_0/U0/u_engine/u_sw/ARG__4_i_169_n_0
    SLICE_X12Y60         LUT6 (Prop_H6LUT_SLICEL_I1_O)
                                                      0.100     8.765 r  design_2_i/llama_engine_axi_0/U0/u_engine/u_sw/ARG__4_i_118/O
                         net (fo=3, routed)           0.105     8.871    design_2_i/llama_engine_axi_0/U0/u_engine/u_sw/ARG__4_i_118_n_0
    SLICE_X12Y60         LUT5 (Prop_A6LUT_SLICEL_I4_O)
                                                      0.064     8.935 r  design_2_i/llama_engine_axi_0/U0/u_engine/u_sw/ARG__4_i_66/O
                         net (fo=7, routed)           0.239     9.174    design_2_i/llama_engine_axi_0/U0/u_engine/u_sw/ARG__4_i_66_n_0
    SLICE_X11Y63         LUT5 (Prop_D6LUT_SLICEL_I0_O)
                                                      0.116     9.290 r  design_2_i/llama_engine_axi_0/U0/u_engine/u_sw/ARG__4_i_352/O
                         net (fo=1, routed)           0.010     9.300    design_2_i/llama_engine_axi_0/U0/u_engine/u_sw/ARG__4_i_352_n_0
    SLICE_X11Y63         CARRY8 (Prop_CARRY8_SLICEL_S[3]_CO[7])
                                                      0.195     9.495 r  design_2_i/llama_engine_axi_0/U0/u_engine/u_sw/ARG__4_i_202/CO[7]
                         net (fo=1, routed)           0.028     9.523    design_2_i/llama_engine_axi_0/U0/u_engine/u_sw/ARG__4_i_202_n_0
    SLICE_X11Y64         CARRY8 (Prop_CARRY8_SLICEL_CI_CO[7])
                                                      0.023     9.546 r  design_2_i/llama_engine_axi_0/U0/u_engine/u_sw/ARG__4_i_201/CO[7]
                         net (fo=1, routed)           0.028     9.574    design_2_i/llama_engine_axi_0/U0/u_engine/u_sw/ARG__4_i_201_n_0
    SLICE_X11Y65         CARRY8 (Prop_CARRY8_SLICEL_CI_CO[7])
                                                      0.023     9.597 r  design_2_i/llama_engine_axi_0/U0/u_engine/u_sw/ARG__4_i_199/CO[7]
                         net (fo=1, routed)           0.028     9.625    design_2_i/llama_engine_axi_0/U0/u_engine/u_sw/ARG__4_i_199_n_0
    SLICE_X11Y66         CARRY8 (Prop_CARRY8_SLICEL_CI_CO[7])
                                                      0.023     9.648 r  design_2_i/llama_engine_axi_0/U0/u_engine/u_sw/ARG__4_i_200/CO[7]
                         net (fo=1, routed)           0.028     9.676    design_2_i/llama_engine_axi_0/U0/u_engine/u_sw/ARG__4_i_200_n_0
    SLICE_X11Y67         CARRY8 (Prop_CARRY8_SLICEL_CI_CO[7])
                                                      0.023     9.699 r  design_2_i/llama_engine_axi_0/U0/u_engine/u_sw/SHIFT_LEFT26_i_391/CO[7]
                         net (fo=1, routed)           0.028     9.727    design_2_i/llama_engine_axi_0/U0/u_engine/u_sw/SHIFT_LEFT26_i_391_n_0
    SLICE_X11Y68         CARRY8 (Prop_CARRY8_SLICEL_CI_CO[7])
                                                      0.023     9.750 r  design_2_i/llama_engine_axi_0/U0/u_engine/u_sw/SHIFT_LEFT26_i_222/CO[7]
                         net (fo=1, routed)           0.028     9.778    design_2_i/llama_engine_axi_0/U0/u_engine/u_sw/SHIFT_LEFT26_i_222_n_0
    SLICE_X11Y69         CARRY8 (Prop_CARRY8_SLICEL_CI_CO[7])
                                                      0.023     9.801 r  design_2_i/llama_engine_axi_0/U0/u_engine/u_sw/SHIFT_LEFT26_i_73/CO[7]
                         net (fo=1, routed)           0.028     9.829    design_2_i/llama_engine_axi_0/U0/u_engine/u_sw/SHIFT_LEFT26_i_73_n_0
    SLICE_X11Y70         CARRY8 (Prop_CARRY8_SLICEL_CI_O[7])
                                                      0.146     9.975 f  design_2_i/llama_engine_axi_0/U0/u_engine/u_sw/SHIFT_LEFT26_i_33/O[7]
                         net (fo=69, routed)          0.771    10.745    design_2_i/llama_engine_axi_0/U0/u_engine/u_sw/SHIFT_LEFT26_i_33_n_8
    SLICE_X13Y63         LUT6 (Prop_F6LUT_SLICEL_I0_O)
                                                      0.114    10.859 f  design_2_i/llama_engine_axi_0/U0/u_engine/u_sw/ARG__4_i_136/O
                         net (fo=4, routed)           0.265    11.125    design_2_i/llama_engine_axi_0/U0/u_engine/u_sw/ARG__4_i_136_n_0
    SLICE_X12Y62         LUT6 (Prop_B6LUT_SLICEL_I5_O)
                                                      0.064    11.189 f  design_2_i/llama_engine_axi_0/U0/u_engine/u_sw/SHIFT_LEFT26_i_289/O
                         net (fo=2, routed)           0.257    11.446    design_2_i/llama_engine_axi_0/U0/u_engine/u_sw/SHIFT_LEFT26_i_289_n_0
    SLICE_X8Y61          LUT3 (Prop_C5LUT_SLICEL_I0_O)
                                                      0.168    11.614 f  design_2_i/llama_engine_axi_0/U0/u_engine/u_sw/SHIFT_LEFT26_i_131/O
                         net (fo=2, routed)           0.164    11.778    design_2_i/llama_engine_axi_0/U0/u_engine/u_sw/SHIFT_LEFT26_i_131_n_0
    SLICE_X8Y60          LUT5 (Prop_B6LUT_SLICEL_I0_O)
                                                      0.177    11.955 f  design_2_i/llama_engine_axi_0/U0/u_engine/u_sw/SHIFT_LEFT26__1_i_10/O
                         net (fo=1, routed)           0.104    12.059    design_2_i/llama_engine_axi_0/U0/u_engine/u_sw/SHIFT_LEFT26__1_i_10_n_0
    SLICE_X8Y60          LUT6 (Prop_C6LUT_SLICEL_I0_O)
                                                      0.038    12.097 f  design_2_i/llama_engine_axi_0/U0/u_engine/u_sw/SHIFT_LEFT26__1_i_1/O
                         net (fo=6, routed)           0.169    12.265    design_2_i/llama_engine_axi_0/U0/u_engine/u_sw/z_q[16]
    SLICE_X7Y59          LUT1 (Prop_B6LUT_SLICEL_I0_O)
                                                      0.040    12.305 r  design_2_i/llama_engine_axi_0/U0/u_engine/u_sw/ARG_i_121/O
                         net (fo=1, routed)           0.010    12.315    design_2_i/llama_engine_axi_0/U0/u_engine/u_sw/ARG_i_121_n_0
    SLICE_X7Y59          CARRY8 (Prop_CARRY8_SLICEL_S[1]_CO[7])
                                                      0.233    12.548 r  design_2_i/llama_engine_axi_0/U0/u_engine/u_sw/ARG_i_52/CO[7]
                         net (fo=1, routed)           0.028    12.576    design_2_i/llama_engine_axi_0/U0/u_engine/u_sw/ARG_i_52_n_0
    SLICE_X7Y60          CARRY8 (Prop_CARRY8_SLICEL_CI_O[5])
                                                      0.145    12.721 f  design_2_i/llama_engine_axi_0/U0/u_engine/u_sw/ARG_i_110/O[5]
                         net (fo=5, routed)           0.235    12.956    design_2_i/llama_engine_axi_0/U0/u_engine/u_sw/SHIFT_RIGHT[20]
    SLICE_X6Y60          LUT2 (Prop_G6LUT_SLICEL_I0_O)
                                                      0.178    13.134 r  design_2_i/llama_engine_axi_0/U0/u_engine/u_sw/ARG_i_250/O
                         net (fo=1, routed)           0.009    13.143    design_2_i/llama_engine_axi_0/U0/u_engine/u_sw/ARG_i_250_n_0
    SLICE_X6Y60          CARRY8 (Prop_CARRY8_SLICEL_S[6]_CO[7])
                                                      0.148    13.291 f  design_2_i/llama_engine_axi_0/U0/u_engine/u_sw/ARG_i_123/CO[7]
                         net (fo=1, routed)           0.028    13.319    design_2_i/llama_engine_axi_0/U0/u_engine/u_sw/ARG_i_123_n_0
    SLICE_X6Y61          CARRY8 (Prop_CARRY8_SLICEL_CI_CO[3])
                                                      0.077    13.396 f  design_2_i/llama_engine_axi_0/U0/u_engine/u_sw/ARG_i_53/CO[3]
                         net (fo=123, routed)         1.180    14.576    design_2_i/llama_engine_axi_0/U0/u_engine/u_sw/k1
    SLICE_X0Y66          LUT3 (Prop_H6LUT_SLICEL_I1_O)
                                                      0.149    14.725 r  design_2_i/llama_engine_axi_0/U0/u_engine/u_sw/ARG__1_i_680/O
                         net (fo=139, routed)         0.828    15.553    design_2_i/llama_engine_axi_0/U0/u_engine/u_sw/ARG__1_i_680_n_0
    SLICE_X6Y55          LUT6 (Prop_C6LUT_SLICEL_I2_O)
                                                      0.113    15.666 r  design_2_i/llama_engine_axi_0/U0/u_engine/u_sw/ARG_i_150/O
                         net (fo=12, routed)          0.895    16.561    design_2_i/llama_engine_axi_0/U0/u_engine/u_sw/ARG_i_150_n_0
    SLICE_X9Y68          LUT3 (Prop_C5LUT_SLICEM_I1_O)
                                                      0.196    16.757 r  design_2_i/llama_engine_axi_0/U0/u_engine/u_sw/ARG_i_69/O
                         net (fo=13, routed)          0.822    17.578    design_2_i/llama_engine_axi_0/U0/u_engine/u_sw/ARG_i_69_n_0
    SLICE_X8Y73          LUT6 (Prop_H6LUT_SLICEL_I5_O)
                                                      0.116    17.694 r  design_2_i/llama_engine_axi_0/U0/u_engine/u_sw/ARG_i_101/O
                         net (fo=4, routed)           0.720    18.414    design_2_i/llama_engine_axi_0/U0/u_engine/u_sw/ARG_i_101_n_0
    SLICE_X3Y63          LUT6 (Prop_D6LUT_SLICEL_I5_O)
                                                      0.174    18.588 r  design_2_i/llama_engine_axi_0/U0/u_engine/u_sw/ARG_i_29/O
                         net (fo=1, routed)           0.010    18.598    design_2_i/llama_engine_axi_0/U0/u_engine/u_sw/ARG_i_29_n_0
    SLICE_X3Y63          CARRY8 (Prop_CARRY8_SLICEL_S[3]_CO[7])
                                                      0.195    18.793 r  design_2_i/llama_engine_axi_0/U0/u_engine/u_sw/ARG_i_2/CO[7]
                         net (fo=1, routed)           0.028    18.821    design_2_i/llama_engine_axi_0/U0/u_engine/u_sw/ARG_i_2_n_0
    SLICE_X3Y64          CARRY8 (Prop_CARRY8_SLICEL_CI_O[6])
                                                      0.129    18.950 f  design_2_i/llama_engine_axi_0/U0/u_engine/u_sw/ARG_i_1/O[6]
                         net (fo=32, routed)          1.084    20.034    design_2_i/llama_engine_axi_0/U0/u_engine/u_sw/ARG/B[13]
    DSP48E2_X0Y13        DSP_A_B_DATA (Prop_DSP_A_B_DATA_DSP48E2_B[13]_B2_DATA[13])
                                                      0.195    20.229 r  design_2_i/llama_engine_axi_0/U0/u_engine/u_sw/ARG/DSP_A_B_DATA_INST/B2_DATA[13]
                         net (fo=1, routed)           0.000    20.229    design_2_i/llama_engine_axi_0/U0/u_engine/u_sw/ARG/DSP_A_B_DATA.B2_DATA<13>
    DSP48E2_X0Y13        DSP_PREADD_DATA (Prop_DSP_PREADD_DATA_DSP48E2_B2_DATA[13]_B2B1[13])
                                                      0.092    20.321 r  design_2_i/llama_engine_axi_0/U0/u_engine/u_sw/ARG/DSP_PREADD_DATA_INST/B2B1[13]
                         net (fo=1, routed)           0.000    20.321    design_2_i/llama_engine_axi_0/U0/u_engine/u_sw/ARG/DSP_PREADD_DATA.B2B1<13>
    DSP48E2_X0Y13        DSP_MULTIPLIER (Prop_DSP_MULTIPLIER_DSP48E2_B2B1[13]_U[42])
                                                      0.737    21.058 f  design_2_i/llama_engine_axi_0/U0/u_engine/u_sw/ARG/DSP_MULTIPLIER_INST/U[42]
                         net (fo=1, routed)           0.000    21.058    design_2_i/llama_engine_axi_0/U0/u_engine/u_sw/ARG/DSP_MULTIPLIER.U<42>
    DSP48E2_X0Y13        DSP_M_DATA (Prop_DSP_M_DATA_DSP48E2_U[42]_U_DATA[42])
                                                      0.059    21.117 r  design_2_i/llama_engine_axi_0/U0/u_engine/u_sw/ARG/DSP_M_DATA_INST/U_DATA[42]
                         net (fo=1, routed)           0.000    21.117    design_2_i/llama_engine_axi_0/U0/u_engine/u_sw/ARG/DSP_M_DATA.U_DATA<42>
    DSP48E2_X0Y13        DSP_ALU (Prop_DSP_ALU_DSP48E2_U_DATA[42]_ALU_OUT[47])
                                                      0.699    21.816 f  design_2_i/llama_engine_axi_0/U0/u_engine/u_sw/ARG/DSP_ALU_INST/ALU_OUT[47]
                         net (fo=1, routed)           0.000    21.816    design_2_i/llama_engine_axi_0/U0/u_engine/u_sw/ARG/DSP_ALU.ALU_OUT<47>
    DSP48E2_X0Y13        DSP_OUTPUT (Prop_DSP_OUTPUT_DSP48E2_ALU_OUT[47]_PCOUT[47])
                                                      0.159    21.975 r  design_2_i/llama_engine_axi_0/U0/u_engine/u_sw/ARG/DSP_OUTPUT_INST/PCOUT[47]
                         net (fo=1, routed)           0.042    22.017    design_2_i/llama_engine_axi_0/U0/u_engine/u_sw/ARG__0/PCIN[47]
    DSP48E2_X0Y14        DSP_ALU (Prop_DSP_ALU_DSP48E2_PCIN[47]_ALU_OUT[1])
                                                      0.698    22.715 f  design_2_i/llama_engine_axi_0/U0/u_engine/u_sw/ARG__0/DSP_ALU_INST/ALU_OUT[1]
                         net (fo=1, routed)           0.000    22.715    design_2_i/llama_engine_axi_0/U0/u_engine/u_sw/ARG__0/DSP_ALU.ALU_OUT<1>
    DSP48E2_X0Y14        DSP_OUTPUT (Prop_DSP_OUTPUT_DSP48E2_ALU_OUT[1]_P[1])
                                                      0.141    22.856 r  design_2_i/llama_engine_axi_0/U0/u_engine/u_sw/ARG__0/DSP_OUTPUT_INST/P[1]
                         net (fo=5, routed)           1.002    23.857    design_2_i/llama_engine_axi_0/U0/u_engine/u_sw/ARG__0_n_104
    SLICE_X2Y61          LUT6 (Prop_G6LUT_SLICEL_I1_O)
                                                      0.178    24.035 r  design_2_i/llama_engine_axi_0/U0/u_engine/u_sw/SHIFT_LEFT26_i_360/O
                         net (fo=1, routed)           0.009    24.044    design_2_i/llama_engine_axi_0/U0/u_engine/u_sw/SHIFT_LEFT26_i_360_n_0
    SLICE_X2Y61          CARRY8 (Prop_CARRY8_SLICEL_S[6]_CO[7])
                                                      0.148    24.192 r  design_2_i/llama_engine_axi_0/U0/u_engine/u_sw/SHIFT_LEFT26_i_169/CO[7]
                         net (fo=1, routed)           0.028    24.220    design_2_i/llama_engine_axi_0/U0/u_engine/u_sw/SHIFT_LEFT26_i_169_n_0
    SLICE_X2Y62          CARRY8 (Prop_CARRY8_SLICEL_CI_O[0])
                                                      0.072    24.292 r  design_2_i/llama_engine_axi_0/U0/u_engine/u_sw/SHIFT_LEFT26_i_168/O[0]
                         net (fo=3, routed)           0.287    24.579    design_2_i/llama_engine_axi_0/U0/u_engine/u_sw/p_0_in[61]
    SLICE_X0Y61          LUT2 (Prop_F6LUT_SLICEL_I1_O)
                                                      0.114    24.693 r  design_2_i/llama_engine_axi_0/U0/u_engine/u_sw/SHIFT_LEFT26_i_172/O
                         net (fo=1, routed)           0.012    24.705    design_2_i/llama_engine_axi_0/U0/u_engine/u_sw/SHIFT_LEFT26_i_172_n_0
    SLICE_X0Y61          CARRY8 (Prop_CARRY8_SLICEL_S[5]_O[7])
                                                      0.168    24.873 f  design_2_i/llama_engine_axi_0/U0/u_engine/u_sw/SHIFT_LEFT26_i_69/O[7]
                         net (fo=50, routed)          0.380    25.253    design_2_i/llama_engine_axi_0/U0/u_engine/u_sw/SHIFT_LEFT26_i_69_n_8
    SLICE_X1Y59          LUT2 (Prop_G6LUT_SLICEM_I1_O)
                                                      0.064    25.317 r  design_2_i/llama_engine_axi_0/U0/u_engine/u_sw/SHIFT_LEFT26_i_317/O
                         net (fo=1, routed)           0.017    25.334    design_2_i/llama_engine_axi_0/U0/u_engine/u_sw/SHIFT_LEFT26_i_317_n_0
    SLICE_X1Y59          CARRY8 (Prop_CARRY8_SLICEM_S[6]_CO[7])
                                                      0.150    25.484 r  design_2_i/llama_engine_axi_0/U0/u_engine/u_sw/SHIFT_LEFT26_i_149/CO[7]
                         net (fo=1, routed)           0.028    25.512    design_2_i/llama_engine_axi_0/U0/u_engine/u_sw/SHIFT_LEFT26_i_149_n_0
    SLICE_X1Y60          CARRY8 (Prop_CARRY8_SLICEM_CI_CO[7])
                                                      0.030    25.542 r  design_2_i/llama_engine_axi_0/U0/u_engine/u_sw/SHIFT_LEFT26_i_67/CO[7]
                         net (fo=31, routed)          0.500    26.042    design_2_i/llama_engine_axi_0/U0/u_engine/u_sw/sigmoid_q1
    SLICE_X4Y54          LUT5 (Prop_G6LUT_SLICEM_I1_O)
                                                      0.116    26.158 f  design_2_i/llama_engine_axi_0/U0/u_engine/u_sw/SHIFT_LEFT26_i_22/O
                         net (fo=2, routed)           0.941    27.100    design_2_i/llama_engine_axi_0/U0/u_engine/u_sw/SHIFT_LEFT26__1/B[10]
    DSP48E2_X1Y19        DSP_A_B_DATA (Prop_DSP_A_B_DATA_DSP48E2_B[10]_B2_DATA[10])
                                                      0.195    27.295 r  design_2_i/llama_engine_axi_0/U0/u_engine/u_sw/SHIFT_LEFT26__1/DSP_A_B_DATA_INST/B2_DATA[10]
                         net (fo=1, routed)           0.000    27.295    design_2_i/llama_engine_axi_0/U0/u_engine/u_sw/SHIFT_LEFT26__1/DSP_A_B_DATA.B2_DATA<10>
    DSP48E2_X1Y19        DSP_PREADD_DATA (Prop_DSP_PREADD_DATA_DSP48E2_B2_DATA[10]_B2B1[10])
                                                      0.092    27.387 r  design_2_i/llama_engine_axi_0/U0/u_engine/u_sw/SHIFT_LEFT26__1/DSP_PREADD_DATA_INST/B2B1[10]
                         net (fo=1, routed)           0.000    27.387    design_2_i/llama_engine_axi_0/U0/u_engine/u_sw/SHIFT_LEFT26__1/DSP_PREADD_DATA.B2B1<10>
    DSP48E2_X1Y19        DSP_MULTIPLIER (Prop_DSP_MULTIPLIER_DSP48E2_B2B1[10]_U[40])
                                                      0.737    28.124 f  design_2_i/llama_engine_axi_0/U0/u_engine/u_sw/SHIFT_LEFT26__1/DSP_MULTIPLIER_INST/U[40]
                         net (fo=1, routed)           0.000    28.124    design_2_i/llama_engine_axi_0/U0/u_engine/u_sw/SHIFT_LEFT26__1/DSP_MULTIPLIER.U<40>
    DSP48E2_X1Y19        DSP_M_DATA (Prop_DSP_M_DATA_DSP48E2_U[40]_U_DATA[40])
                                                      0.059    28.183 r  design_2_i/llama_engine_axi_0/U0/u_engine/u_sw/SHIFT_LEFT26__1/DSP_M_DATA_INST/U_DATA[40]
                         net (fo=1, routed)           0.000    28.183    design_2_i/llama_engine_axi_0/U0/u_engine/u_sw/SHIFT_LEFT26__1/DSP_M_DATA.U_DATA<40>
    DSP48E2_X1Y19        DSP_ALU (Prop_DSP_ALU_DSP48E2_U_DATA[40]_ALU_OUT[47])
                                                      0.699    28.882 f  design_2_i/llama_engine_axi_0/U0/u_engine/u_sw/SHIFT_LEFT26__1/DSP_ALU_INST/ALU_OUT[47]
                         net (fo=1, routed)           0.000    28.882    design_2_i/llama_engine_axi_0/U0/u_engine/u_sw/SHIFT_LEFT26__1/DSP_ALU.ALU_OUT<47>
    DSP48E2_X1Y19        DSP_OUTPUT (Prop_DSP_OUTPUT_DSP48E2_ALU_OUT[47]_PCOUT[47])
                                                      0.159    29.041 r  design_2_i/llama_engine_axi_0/U0/u_engine/u_sw/SHIFT_LEFT26__1/DSP_OUTPUT_INST/PCOUT[47]
                         net (fo=1, routed)           0.042    29.083    design_2_i/llama_engine_axi_0/U0/u_engine/u_sw/SHIFT_LEFT26__2/PCIN[47]
    DSP48E2_X1Y20        DSP_ALU (Prop_DSP_ALU_DSP48E2_PCIN[47]_ALU_OUT[4])
                                                      0.698    29.781 f  design_2_i/llama_engine_axi_0/U0/u_engine/u_sw/SHIFT_LEFT26__2/DSP_ALU_INST/ALU_OUT[4]
                         net (fo=1, routed)           0.000    29.781    design_2_i/llama_engine_axi_0/U0/u_engine/u_sw/SHIFT_LEFT26__2/DSP_ALU.ALU_OUT<4>
    DSP48E2_X1Y20        DSP_OUTPUT (Prop_DSP_OUTPUT_DSP48E2_ALU_OUT[4]_P[4])
                                                      0.141    29.922 r  design_2_i/llama_engine_axi_0/U0/u_engine/u_sw/SHIFT_LEFT26__2/DSP_OUTPUT_INST/P[4]
                         net (fo=2, routed)           0.921    30.843    design_2_i/llama_engine_axi_0/U0/u_engine/u_sw/SHIFT_LEFT26__2_n_101
    SLICE_X2Y48          LUT2 (Prop_F6LUT_SLICEL_I0_O)
                                                      0.114    30.957 r  design_2_i/llama_engine_axi_0/U0/u_engine/u_sw/SHIFT_LEFT26__5_i_4/O
                         net (fo=1, routed)           0.012    30.969    design_2_i/llama_engine_axi_0/U0/u_engine/u_sw/SHIFT_LEFT26__5_i_4_n_0
    SLICE_X2Y48          CARRY8 (Prop_CARRY8_SLICEL_S[5]_CO[7])
                                                      0.197    31.166 r  design_2_i/llama_engine_axi_0/U0/u_engine/u_sw/SHIFT_LEFT26__5_i_1/CO[7]
                         net (fo=1, routed)           0.028    31.194    design_2_i/llama_engine_axi_0/U0/u_engine/u_sw/SHIFT_LEFT26__5_i_1_n_0
    SLICE_X2Y49          CARRY8 (Prop_CARRY8_SLICEL_CI_CO[7])
                                                      0.023    31.217 r  design_2_i/llama_engine_axi_0/U0/u_engine/u_sw/SHIFT_LEFT26__3_i_4/CO[7]
                         net (fo=1, routed)           0.028    31.245    design_2_i/llama_engine_axi_0/U0/u_engine/u_sw/SHIFT_LEFT26__3_i_4_n_0
    SLICE_X2Y50          CARRY8 (Prop_CARRY8_SLICEL_CI_O[4])
                                                      0.109    31.354 f  design_2_i/llama_engine_axi_0/U0/u_engine/u_sw/SHIFT_LEFT26__3_i_3/O[4]
                         net (fo=2, routed)           0.881    32.235    design_2_i/llama_engine_axi_0/U0/u_engine/u_sw/SHIFT_LEFT26__3/B[7]
    DSP48E2_X0Y15        DSP_A_B_DATA (Prop_DSP_A_B_DATA_DSP48E2_B[7]_B2_DATA[7])
                                                      0.195    32.430 r  design_2_i/llama_engine_axi_0/U0/u_engine/u_sw/SHIFT_LEFT26__3/DSP_A_B_DATA_INST/B2_DATA[7]
                         net (fo=1, routed)           0.000    32.430    design_2_i/llama_engine_axi_0/U0/u_engine/u_sw/SHIFT_LEFT26__3/DSP_A_B_DATA.B2_DATA<7>
    DSP48E2_X0Y15        DSP_PREADD_DATA (Prop_DSP_PREADD_DATA_DSP48E2_B2_DATA[7]_B2B1[7])
                                                      0.092    32.522 r  design_2_i/llama_engine_axi_0/U0/u_engine/u_sw/SHIFT_LEFT26__3/DSP_PREADD_DATA_INST/B2B1[7]
                         net (fo=1, routed)           0.000    32.522    design_2_i/llama_engine_axi_0/U0/u_engine/u_sw/SHIFT_LEFT26__3/DSP_PREADD_DATA.B2B1<7>
    DSP48E2_X0Y15        DSP_MULTIPLIER (Prop_DSP_MULTIPLIER_DSP48E2_B2B1[7]_U[38])
                                                      0.737    33.259 f  design_2_i/llama_engine_axi_0/U0/u_engine/u_sw/SHIFT_LEFT26__3/DSP_MULTIPLIER_INST/U[38]
                         net (fo=1, routed)           0.000    33.259    design_2_i/llama_engine_axi_0/U0/u_engine/u_sw/SHIFT_LEFT26__3/DSP_MULTIPLIER.U<38>
    DSP48E2_X0Y15        DSP_M_DATA (Prop_DSP_M_DATA_DSP48E2_U[38]_U_DATA[38])
                                                      0.059    33.318 r  design_2_i/llama_engine_axi_0/U0/u_engine/u_sw/SHIFT_LEFT26__3/DSP_M_DATA_INST/U_DATA[38]
                         net (fo=1, routed)           0.000    33.318    design_2_i/llama_engine_axi_0/U0/u_engine/u_sw/SHIFT_LEFT26__3/DSP_M_DATA.U_DATA<38>
    DSP48E2_X0Y15        DSP_ALU (Prop_DSP_ALU_DSP48E2_U_DATA[38]_ALU_OUT[47])
                                                      0.699    34.017 f  design_2_i/llama_engine_axi_0/U0/u_engine/u_sw/SHIFT_LEFT26__3/DSP_ALU_INST/ALU_OUT[47]
                         net (fo=1, routed)           0.000    34.017    design_2_i/llama_engine_axi_0/U0/u_engine/u_sw/SHIFT_LEFT26__3/DSP_ALU.ALU_OUT<47>
    DSP48E2_X0Y15        DSP_OUTPUT (Prop_DSP_OUTPUT_DSP48E2_ALU_OUT[47]_PCOUT[47])
                                                      0.159    34.176 r  design_2_i/llama_engine_axi_0/U0/u_engine/u_sw/SHIFT_LEFT26__3/DSP_OUTPUT_INST/PCOUT[47]
                         net (fo=1, routed)           0.042    34.218    design_2_i/llama_engine_axi_0/U0/u_engine/u_sw/SHIFT_LEFT26__4/PCIN[47]
    DSP48E2_X0Y16        DSP_ALU (Prop_DSP_ALU_DSP48E2_PCIN[47]_ALU_OUT[3])
                                                      0.698    34.916 f  design_2_i/llama_engine_axi_0/U0/u_engine/u_sw/SHIFT_LEFT26__4/DSP_ALU_INST/ALU_OUT[3]
                         net (fo=1, routed)           0.000    34.916    design_2_i/llama_engine_axi_0/U0/u_engine/u_sw/SHIFT_LEFT26__4/DSP_ALU.ALU_OUT<3>
    DSP48E2_X0Y16        DSP_OUTPUT (Prop_DSP_OUTPUT_DSP48E2_ALU_OUT[3]_P[3])
                                                      0.141    35.057 r  design_2_i/llama_engine_axi_0/U0/u_engine/u_sw/SHIFT_LEFT26__4/DSP_OUTPUT_INST/P[3]
                         net (fo=1, routed)           0.530    35.587    design_2_i/llama_engine_axi_0/U0/u_engine/u_sw/SHIFT_LEFT26__4_n_102
    SLICE_X4Y42          LUT2 (Prop_F6LUT_SLICEM_I1_O)
                                                      0.177    35.764 r  design_2_i/llama_engine_axi_0/U0/u_engine/u_sw/o_wdata[27]_i_4/O
                         net (fo=1, routed)           0.024    35.788    design_2_i/llama_engine_axi_0/U0/u_engine/u_sw/o_wdata[27]_i_4_n_0
    SLICE_X4Y42          CARRY8 (Prop_CARRY8_SLICEM_S[5]_CO[7])
                                                      0.202    35.990 r  design_2_i/llama_engine_axi_0/U0/u_engine/u_sw/o_wdata_reg[27]_i_1/CO[7]
                         net (fo=1, routed)           0.028    36.018    design_2_i/llama_engine_axi_0/U0/u_engine/u_sw/o_wdata_reg[27]_i_1_n_0
    SLICE_X4Y43          CARRY8 (Prop_CARRY8_SLICEM_CI_O[1])
                                                      0.097    36.115 r  design_2_i/llama_engine_axi_0/U0/u_engine/u_sw/o_wdata_reg[30]_i_1/O[1]
                         net (fo=1, routed)           0.031    36.146    design_2_i/llama_engine_axi_0/U0/u_engine/u_sw/o_wdata_reg[30]_i_1_n_14
    SLICE_X4Y43          FDRE                                         r  design_2_i/llama_engine_axi_0/U0/u_engine/u_sw/o_wdata_reg[29]/D
  -------------------------------------------------------------------    -------------------

                         (clock clk_pl_0 rise edge)
                                                    337.503   337.503 r  
    PS8_X0Y0             PS8                          0.000   337.503 r  design_2_i/zynq_ultra_ps_e_0/inst/PS8_i/PLCLK[0]
                         net (fo=1, routed)           0.140   337.643    design_2_i/zynq_ultra_ps_e_0/inst/pl_clk_unbuffered[0]
    BUFG_PS_X0Y58        BUFG_PS (Prop_BUFG_PS_I_O)
                                                      0.027   337.670 r  design_2_i/zynq_ultra_ps_e_0/inst/buffer_pl_clk_0.PL_CLK_0_BUFG/O
    X0Y1 (CLOCK_ROOT)    net (fo=56669, routed)       1.543   339.213    design_2_i/llama_engine_axi_0/U0/u_engine/u_sw/clk
    SLICE_X4Y43          FDRE                                         r  design_2_i/llama_engine_axi_0/U0/u_engine/u_sw/o_wdata_reg[29]/C
                         clock pessimism              0.161   339.374    
                         clock uncertainty           -0.876   338.498    
    SLICE_X4Y43          FDRE (Setup_BFF_SLICEM_C_D)
                                                      0.027   338.525    design_2_i/llama_engine_axi_0/U0/u_engine/u_sw/o_wdata_reg[29]
  -------------------------------------------------------------------
                         required time                        338.525    
                         arrival time                         -36.146    
  -------------------------------------------------------------------
                         slack                                302.379    

Slack (MET) :             302.389ns  (required time - arrival time)
  Source:                 design_2_i/llama_engine_axi_0/U0/u_engine/u_sw/idx_reg[3]/C
                            (rising edge-triggered cell FDRE clocked by clk_pl_0  {rise@0.000ns fall@168.751ns period=337.503ns})
  Destination:            design_2_i/llama_engine_axi_0/U0/u_engine/u_sw/o_wdata_reg[30]/D
                            (rising edge-triggered cell FDRE clocked by clk_pl_0  {rise@0.000ns fall@168.751ns period=337.503ns})
  Path Group:             clk_pl_0
  Path Type:              Setup (Max at Slow Process Corner)
  Requirement:            337.503ns  (clk_pl_0 rise@337.503ns - clk_pl_0 rise@0.000ns)
  Data Path Delay:        34.135ns  (logic 13.683ns (40.085%)  route 20.452ns (59.915%))
  Logic Levels:           70  (CARRY8=24 DSP_A_B_DATA=3 DSP_ALU=6 DSP_M_DATA=3 DSP_MULTIPLIER=3 DSP_OUTPUT=6 DSP_PREADD_DATA=3 LUT1=1 LUT2=5 LUT3=3 LUT5=4 LUT6=8 MUXF8=1)
  Clock Path Skew:        -0.130ns (DCD - SCD + CPR)
    Destination Clock Delay (DCD):    1.710ns = ( 339.213 - 337.503 ) 
    Source Clock Delay      (SCD):    2.001ns
    Clock Pessimism Removal (CPR):    0.161ns
  Clock Uncertainty:      0.876ns  ((TSJ^2 + DJ^2)^1/2) / 2 + PE
    Total System Jitter     (TSJ):    0.071ns
    Discrete Jitter          (DJ):    1.750ns
    Phase Error              (PE):    0.000ns
  Clock Net Delay (Source):      1.794ns (routing 0.638ns, distribution 1.156ns)
  Clock Net Delay (Destination): 1.543ns (routing 0.576ns, distribution 0.967ns)

    Location             Delay type                Incr(ns)  Path(ns)    Netlist Resource(s)
  -------------------------------------------------------------------    -------------------
                         (clock clk_pl_0 rise edge)
                                                      0.000     0.000 r  
    PS8_X0Y0             PS8                          0.000     0.000 r  design_2_i/zynq_ultra_ps_e_0/inst/PS8_i/PLCLK[0]
                         net (fo=1, routed)           0.178     0.178    design_2_i/zynq_ultra_ps_e_0/inst/pl_clk_unbuffered[0]
    BUFG_PS_X0Y58        BUFG_PS (Prop_BUFG_PS_I_O)
                                                      0.029     0.207 r  design_2_i/zynq_ultra_ps_e_0/inst/buffer_pl_clk_0.PL_CLK_0_BUFG/O
    X0Y1 (CLOCK_ROOT)    net (fo=56669, routed)       1.794     2.001    design_2_i/llama_engine_axi_0/U0/u_engine/u_sw/clk
    SLICE_X19Y56         FDRE                                         r  design_2_i/llama_engine_axi_0/U0/u_engine/u_sw/idx_reg[3]/C
  -------------------------------------------------------------------    -------------------
    SLICE_X19Y56         FDRE (Prop_EFF_SLICEM_C_Q)
                                                      0.093     2.094 r  design_2_i/llama_engine_axi_0/U0/u_engine/u_sw/idx_reg[3]/Q
                         net (fo=336, routed)         4.954     7.047    design_2_i/llama_engine_axi_0/U0/u_engine/u_sw/idx_reg_n_0_[3]
    SLICE_X38Y109        MUXF8 (Prop_F8MUX_BOT_SLICEL_S_O)
                                                      0.089     7.136 r  design_2_i/llama_engine_axi_0/U0/u_engine/u_sw/ARG__4_i_169/O
                         net (fo=1, routed)           1.529     8.665    design_2_i/llama_engine_axi_0/U0/u_engine/u_sw/ARG__4_i_169_n_0
    SLICE_X12Y60         LUT6 (Prop_H6LUT_SLICEL_I1_O)
                                                      0.100     8.765 r  design_2_i/llama_engine_axi_0/U0/u_engine/u_sw/ARG__4_i_118/O
                         net (fo=3, routed)           0.105     8.871    design_2_i/llama_engine_axi_0/U0/u_engine/u_sw/ARG__4_i_118_n_0
    SLICE_X12Y60         LUT5 (Prop_A6LUT_SLICEL_I4_O)
                                                      0.064     8.935 r  design_2_i/llama_engine_axi_0/U0/u_engine/u_sw/ARG__4_i_66/O
                         net (fo=7, routed)           0.239     9.174    design_2_i/llama_engine_axi_0/U0/u_engine/u_sw/ARG__4_i_66_n_0
    SLICE_X11Y63         LUT5 (Prop_D6LUT_SLICEL_I0_O)
                                                      0.116     9.290 r  design_2_i/llama_engine_axi_0/U0/u_engine/u_sw/ARG__4_i_352/O
                         net (fo=1, routed)           0.010     9.300    design_2_i/llama_engine_axi_0/U0/u_engine/u_sw/ARG__4_i_352_n_0
    SLICE_X11Y63         CARRY8 (Prop_CARRY8_SLICEL_S[3]_CO[7])
                                                      0.195     9.495 r  design_2_i/llama_engine_axi_0/U0/u_engine/u_sw/ARG__4_i_202/CO[7]
                         net (fo=1, routed)           0.028     9.523    design_2_i/llama_engine_axi_0/U0/u_engine/u_sw/ARG__4_i_202_n_0
    SLICE_X11Y64         CARRY8 (Prop_CARRY8_SLICEL_CI_CO[7])
                                                      0.023     9.546 r  design_2_i/llama_engine_axi_0/U0/u_engine/u_sw/ARG__4_i_201/CO[7]
                         net (fo=1, routed)           0.028     9.574    design_2_i/llama_engine_axi_0/U0/u_engine/u_sw/ARG__4_i_201_n_0
    SLICE_X11Y65         CARRY8 (Prop_CARRY8_SLICEL_CI_CO[7])
                                                      0.023     9.597 r  design_2_i/llama_engine_axi_0/U0/u_engine/u_sw/ARG__4_i_199/CO[7]
                         net (fo=1, routed)           0.028     9.625    design_2_i/llama_engine_axi_0/U0/u_engine/u_sw/ARG__4_i_199_n_0
    SLICE_X11Y66         CARRY8 (Prop_CARRY8_SLICEL_CI_CO[7])
                                                      0.023     9.648 r  design_2_i/llama_engine_axi_0/U0/u_engine/u_sw/ARG__4_i_200/CO[7]
                         net (fo=1, routed)           0.028     9.676    design_2_i/llama_engine_axi_0/U0/u_engine/u_sw/ARG__4_i_200_n_0
    SLICE_X11Y67         CARRY8 (Prop_CARRY8_SLICEL_CI_CO[7])
                                                      0.023     9.699 r  design_2_i/llama_engine_axi_0/U0/u_engine/u_sw/SHIFT_LEFT26_i_391/CO[7]
                         net (fo=1, routed)           0.028     9.727    design_2_i/llama_engine_axi_0/U0/u_engine/u_sw/SHIFT_LEFT26_i_391_n_0
    SLICE_X11Y68         CARRY8 (Prop_CARRY8_SLICEL_CI_CO[7])
                                                      0.023     9.750 r  design_2_i/llama_engine_axi_0/U0/u_engine/u_sw/SHIFT_LEFT26_i_222/CO[7]
                         net (fo=1, routed)           0.028     9.778    design_2_i/llama_engine_axi_0/U0/u_engine/u_sw/SHIFT_LEFT26_i_222_n_0
    SLICE_X11Y69         CARRY8 (Prop_CARRY8_SLICEL_CI_CO[7])
                                                      0.023     9.801 r  design_2_i/llama_engine_axi_0/U0/u_engine/u_sw/SHIFT_LEFT26_i_73/CO[7]
                         net (fo=1, routed)           0.028     9.829    design_2_i/llama_engine_axi_0/U0/u_engine/u_sw/SHIFT_LEFT26_i_73_n_0
    SLICE_X11Y70         CARRY8 (Prop_CARRY8_SLICEL_CI_O[7])
                                                      0.146     9.975 f  design_2_i/llama_engine_axi_0/U0/u_engine/u_sw/SHIFT_LEFT26_i_33/O[7]
                         net (fo=69, routed)          0.771    10.745    design_2_i/llama_engine_axi_0/U0/u_engine/u_sw/SHIFT_LEFT26_i_33_n_8
    SLICE_X13Y63         LUT6 (Prop_F6LUT_SLICEL_I0_O)
                                                      0.114    10.859 f  design_2_i/llama_engine_axi_0/U0/u_engine/u_sw/ARG__4_i_136/O
                         net (fo=4, routed)           0.265    11.125    design_2_i/llama_engine_axi_0/U0/u_engine/u_sw/ARG__4_i_136_n_0
    SLICE_X12Y62         LUT6 (Prop_B6LUT_SLICEL_I5_O)
                                                      0.064    11.189 f  design_2_i/llama_engine_axi_0/U0/u_engine/u_sw/SHIFT_LEFT26_i_289/O
                         net (fo=2, routed)           0.257    11.446    design_2_i/llama_engine_axi_0/U0/u_engine/u_sw/SHIFT_LEFT26_i_289_n_0
    SLICE_X8Y61          LUT3 (Prop_C5LUT_SLICEL_I0_O)
                                                      0.168    11.614 f  design_2_i/llama_engine_axi_0/U0/u_engine/u_sw/SHIFT_LEFT26_i_131/O
                         net (fo=2, routed)           0.164    11.778    design_2_i/llama_engine_axi_0/U0/u_engine/u_sw/SHIFT_LEFT26_i_131_n_0
    SLICE_X8Y60          LUT5 (Prop_B6LUT_SLICEL_I0_O)
                                                      0.177    11.955 f  design_2_i/llama_engine_axi_0/U0/u_engine/u_sw/SHIFT_LEFT26__1_i_10/O
                         net (fo=1, routed)           0.104    12.059    design_2_i/llama_engine_axi_0/U0/u_engine/u_sw/SHIFT_LEFT26__1_i_10_n_0
    SLICE_X8Y60          LUT6 (Prop_C6LUT_SLICEL_I0_O)
                                                      0.038    12.097 f  design_2_i/llama_engine_axi_0/U0/u_engine/u_sw/SHIFT_LEFT26__1_i_1/O
                         net (fo=6, routed)           0.169    12.265    design_2_i/llama_engine_axi_0/U0/u_engine/u_sw/z_q[16]
    SLICE_X7Y59          LUT1 (Prop_B6LUT_SLICEL_I0_O)
                                                      0.040    12.305 r  design_2_i/llama_engine_axi_0/U0/u_engine/u_sw/ARG_i_121/O
                         net (fo=1, routed)           0.010    12.315    design_2_i/llama_engine_axi_0/U0/u_engine/u_sw/ARG_i_121_n_0
    SLICE_X7Y59          CARRY8 (Prop_CARRY8_SLICEL_S[1]_CO[7])
                                                      0.233    12.548 r  design_2_i/llama_engine_axi_0/U0/u_engine/u_sw/ARG_i_52/CO[7]
                         net (fo=1, routed)           0.028    12.576    design_2_i/llama_engine_axi_0/U0/u_engine/u_sw/ARG_i_52_n_0
    SLICE_X7Y60          CARRY8 (Prop_CARRY8_SLICEL_CI_O[5])
                                                      0.145    12.721 f  design_2_i/llama_engine_axi_0/U0/u_engine/u_sw/ARG_i_110/O[5]
                         net (fo=5, routed)           0.235    12.956    design_2_i/llama_engine_axi_0/U0/u_engine/u_sw/SHIFT_RIGHT[20]
    SLICE_X6Y60          LUT2 (Prop_G6LUT_SLICEL_I0_O)
                                                      0.178    13.134 r  design_2_i/llama_engine_axi_0/U0/u_engine/u_sw/ARG_i_250/O
                         net (fo=1, routed)           0.009    13.143    design_2_i/llama_engine_axi_0/U0/u_engine/u_sw/ARG_i_250_n_0
    SLICE_X6Y60          CARRY8 (Prop_CARRY8_SLICEL_S[6]_CO[7])
                                                      0.148    13.291 f  design_2_i/llama_engine_axi_0/U0/u_engine/u_sw/ARG_i_123/CO[7]
                         net (fo=1, routed)           0.028    13.319    design_2_i/llama_engine_axi_0/U0/u_engine/u_sw/ARG_i_123_n_0
    SLICE_X6Y61          CARRY8 (Prop_CARRY8_SLICEL_CI_CO[3])
                                                      0.077    13.396 f  design_2_i/llama_engine_axi_0/U0/u_engine/u_sw/ARG_i_53/CO[3]
                         net (fo=123, routed)         1.180    14.576    design_2_i/llama_engine_axi_0/U0/u_engine/u_sw/k1
    SLICE_X0Y66          LUT3 (Prop_H6LUT_SLICEL_I1_O)
                                                      0.149    14.725 r  design_2_i/llama_engine_axi_0/U0/u_engine/u_sw/ARG__1_i_680/O
                         net (fo=139, routed)         0.828    15.553    design_2_i/llama_engine_axi_0/U0/u_engine/u_sw/ARG__1_i_680_n_0
    SLICE_X6Y55          LUT6 (Prop_C6LUT_SLICEL_I2_O)
                                                      0.113    15.666 r  design_2_i/llama_engine_axi_0/U0/u_engine/u_sw/ARG_i_150/O
                         net (fo=12, routed)          0.895    16.561    design_2_i/llama_engine_axi_0/U0/u_engine/u_sw/ARG_i_150_n_0
    SLICE_X9Y68          LUT3 (Prop_C5LUT_SLICEM_I1_O)
                                                      0.196    16.757 r  design_2_i/llama_engine_axi_0/U0/u_engine/u_sw/ARG_i_69/O
                         net (fo=13, routed)          0.822    17.578    design_2_i/llama_engine_axi_0/U0/u_engine/u_sw/ARG_i_69_n_0
    SLICE_X8Y73          LUT6 (Prop_H6LUT_SLICEL_I5_O)
                                                      0.116    17.694 r  design_2_i/llama_engine_axi_0/U0/u_engine/u_sw/ARG_i_101/O
                         net (fo=4, routed)           0.720    18.414    design_2_i/llama_engine_axi_0/U0/u_engine/u_sw/ARG_i_101_n_0
    SLICE_X3Y63          LUT6 (Prop_D6LUT_SLICEL_I5_O)
                                                      0.174    18.588 r  design_2_i/llama_engine_axi_0/U0/u_engine/u_sw/ARG_i_29/O
                         net (fo=1, routed)           0.010    18.598    design_2_i/llama_engine_axi_0/U0/u_engine/u_sw/ARG_i_29_n_0
    SLICE_X3Y63          CARRY8 (Prop_CARRY8_SLICEL_S[3]_CO[7])
                                                      0.195    18.793 r  design_2_i/llama_engine_axi_0/U0/u_engine/u_sw/ARG_i_2/CO[7]
                         net (fo=1, routed)           0.028    18.821    design_2_i/llama_engine_axi_0/U0/u_engine/u_sw/ARG_i_2_n_0
    SLICE_X3Y64          CARRY8 (Prop_CARRY8_SLICEL_CI_O[6])
                                                      0.129    18.950 f  design_2_i/llama_engine_axi_0/U0/u_engine/u_sw/ARG_i_1/O[6]
                         net (fo=32, routed)          1.084    20.034    design_2_i/llama_engine_axi_0/U0/u_engine/u_sw/ARG/B[13]
    DSP48E2_X0Y13        DSP_A_B_DATA (Prop_DSP_A_B_DATA_DSP48E2_B[13]_B2_DATA[13])
                                                      0.195    20.229 r  design_2_i/llama_engine_axi_0/U0/u_engine/u_sw/ARG/DSP_A_B_DATA_INST/B2_DATA[13]
                         net (fo=1, routed)           0.000    20.229    design_2_i/llama_engine_axi_0/U0/u_engine/u_sw/ARG/DSP_A_B_DATA.B2_DATA<13>
    DSP48E2_X0Y13        DSP_PREADD_DATA (Prop_DSP_PREADD_DATA_DSP48E2_B2_DATA[13]_B2B1[13])
                                                      0.092    20.321 r  design_2_i/llama_engine_axi_0/U0/u_engine/u_sw/ARG/DSP_PREADD_DATA_INST/B2B1[13]
                         net (fo=1, routed)           0.000    20.321    design_2_i/llama_engine_axi_0/U0/u_engine/u_sw/ARG/DSP_PREADD_DATA.B2B1<13>
    DSP48E2_X0Y13        DSP_MULTIPLIER (Prop_DSP_MULTIPLIER_DSP48E2_B2B1[13]_U[42])
                                                      0.737    21.058 f  design_2_i/llama_engine_axi_0/U0/u_engine/u_sw/ARG/DSP_MULTIPLIER_INST/U[42]
                         net (fo=1, routed)           0.000    21.058    design_2_i/llama_engine_axi_0/U0/u_engine/u_sw/ARG/DSP_MULTIPLIER.U<42>
    DSP48E2_X0Y13        DSP_M_DATA (Prop_DSP_M_DATA_DSP48E2_U[42]_U_DATA[42])
                                                      0.059    21.117 r  design_2_i/llama_engine_axi_0/U0/u_engine/u_sw/ARG/DSP_M_DATA_INST/U_DATA[42]
                         net (fo=1, routed)           0.000    21.117    design_2_i/llama_engine_axi_0/U0/u_engine/u_sw/ARG/DSP_M_DATA.U_DATA<42>
    DSP48E2_X0Y13        DSP_ALU (Prop_DSP_ALU_DSP48E2_U_DATA[42]_ALU_OUT[47])
                                                      0.699    21.816 f  design_2_i/llama_engine_axi_0/U0/u_engine/u_sw/ARG/DSP_ALU_INST/ALU_OUT[47]
                         net (fo=1, routed)           0.000    21.816    design_2_i/llama_engine_axi_0/U0/u_engine/u_sw/ARG/DSP_ALU.ALU_OUT<47>
    DSP48E2_X0Y13        DSP_OUTPUT (Prop_DSP_OUTPUT_DSP48E2_ALU_OUT[47]_PCOUT[47])
                                                      0.159    21.975 r  design_2_i/llama_engine_axi_0/U0/u_engine/u_sw/ARG/DSP_OUTPUT_INST/PCOUT[47]
                         net (fo=1, routed)           0.042    22.017    design_2_i/llama_engine_axi_0/U0/u_engine/u_sw/ARG__0/PCIN[47]
    DSP48E2_X0Y14        DSP_ALU (Prop_DSP_ALU_DSP48E2_PCIN[47]_ALU_OUT[1])
                                                      0.698    22.715 f  design_2_i/llama_engine_axi_0/U0/u_engine/u_sw/ARG__0/DSP_ALU_INST/ALU_OUT[1]
                         net (fo=1, routed)           0.000    22.715    design_2_i/llama_engine_axi_0/U0/u_engine/u_sw/ARG__0/DSP_ALU.ALU_OUT<1>
    DSP48E2_X0Y14        DSP_OUTPUT (Prop_DSP_OUTPUT_DSP48E2_ALU_OUT[1]_P[1])
                                                      0.141    22.856 r  design_2_i/llama_engine_axi_0/U0/u_engine/u_sw/ARG__0/DSP_OUTPUT_INST/P[1]
                         net (fo=5, routed)           1.002    23.857    design_2_i/llama_engine_axi_0/U0/u_engine/u_sw/ARG__0_n_104
    SLICE_X2Y61          LUT6 (Prop_G6LUT_SLICEL_I1_O)
                                                      0.178    24.035 r  design_2_i/llama_engine_axi_0/U0/u_engine/u_sw/SHIFT_LEFT26_i_360/O
                         net (fo=1, routed)           0.009    24.044    design_2_i/llama_engine_axi_0/U0/u_engine/u_sw/SHIFT_LEFT26_i_360_n_0
    SLICE_X2Y61          CARRY8 (Prop_CARRY8_SLICEL_S[6]_CO[7])
                                                      0.148    24.192 r  design_2_i/llama_engine_axi_0/U0/u_engine/u_sw/SHIFT_LEFT26_i_169/CO[7]
                         net (fo=1, routed)           0.028    24.220    design_2_i/llama_engine_axi_0/U0/u_engine/u_sw/SHIFT_LEFT26_i_169_n_0
    SLICE_X2Y62          CARRY8 (Prop_CARRY8_SLICEL_CI_O[0])
                                                      0.072    24.292 r  design_2_i/llama_engine_axi_0/U0/u_engine/u_sw/SHIFT_LEFT26_i_168/O[0]
                         net (fo=3, routed)           0.287    24.579    design_2_i/llama_engine_axi_0/U0/u_engine/u_sw/p_0_in[61]
    SLICE_X0Y61          LUT2 (Prop_F6LUT_SLICEL_I1_O)
                                                      0.114    24.693 r  design_2_i/llama_engine_axi_0/U0/u_engine/u_sw/SHIFT_LEFT26_i_172/O
                         net (fo=1, routed)           0.012    24.705    design_2_i/llama_engine_axi_0/U0/u_engine/u_sw/SHIFT_LEFT26_i_172_n_0
    SLICE_X0Y61          CARRY8 (Prop_CARRY8_SLICEL_S[5]_O[7])
                                                      0.168    24.873 f  design_2_i/llama_engine_axi_0/U0/u_engine/u_sw/SHIFT_LEFT26_i_69/O[7]
                         net (fo=50, routed)          0.380    25.253    design_2_i/llama_engine_axi_0/U0/u_engine/u_sw/SHIFT_LEFT26_i_69_n_8
    SLICE_X1Y59          LUT2 (Prop_G6LUT_SLICEM_I1_O)
                                                      0.064    25.317 r  design_2_i/llama_engine_axi_0/U0/u_engine/u_sw/SHIFT_LEFT26_i_317/O
                         net (fo=1, routed)           0.017    25.334    design_2_i/llama_engine_axi_0/U0/u_engine/u_sw/SHIFT_LEFT26_i_317_n_0
    SLICE_X1Y59          CARRY8 (Prop_CARRY8_SLICEM_S[6]_CO[7])
                                                      0.150    25.484 r  design_2_i/llama_engine_axi_0/U0/u_engine/u_sw/SHIFT_LEFT26_i_149/CO[7]
                         net (fo=1, routed)           0.028    25.512    design_2_i/llama_engine_axi_0/U0/u_engine/u_sw/SHIFT_LEFT26_i_149_n_0
    SLICE_X1Y60          CARRY8 (Prop_CARRY8_SLICEM_CI_CO[7])
                                                      0.030    25.542 r  design_2_i/llama_engine_axi_0/U0/u_engine/u_sw/SHIFT_LEFT26_i_67/CO[7]
                         net (fo=31, routed)          0.500    26.042    design_2_i/llama_engine_axi_0/U0/u_engine/u_sw/sigmoid_q1
    SLICE_X4Y54          LUT5 (Prop_G6LUT_SLICEM_I1_O)
                                                      0.116    26.158 f  design_2_i/llama_engine_axi_0/U0/u_engine/u_sw/SHIFT_LEFT26_i_22/O
                         net (fo=2, routed)           0.941    27.100    design_2_i/llama_engine_axi_0/U0/u_engine/u_sw/SHIFT_LEFT26__1/B[10]
    DSP48E2_X1Y19        DSP_A_B_DATA (Prop_DSP_A_B_DATA_DSP48E2_B[10]_B2_DATA[10])
                                                      0.195    27.295 r  design_2_i/llama_engine_axi_0/U0/u_engine/u_sw/SHIFT_LEFT26__1/DSP_A_B_DATA_INST/B2_DATA[10]
                         net (fo=1, routed)           0.000    27.295    design_2_i/llama_engine_axi_0/U0/u_engine/u_sw/SHIFT_LEFT26__1/DSP_A_B_DATA.B2_DATA<10>
    DSP48E2_X1Y19        DSP_PREADD_DATA (Prop_DSP_PREADD_DATA_DSP48E2_B2_DATA[10]_B2B1[10])
                                                      0.092    27.387 r  design_2_i/llama_engine_axi_0/U0/u_engine/u_sw/SHIFT_LEFT26__1/DSP_PREADD_DATA_INST/B2B1[10]
                         net (fo=1, routed)           0.000    27.387    design_2_i/llama_engine_axi_0/U0/u_engine/u_sw/SHIFT_LEFT26__1/DSP_PREADD_DATA.B2B1<10>
    DSP48E2_X1Y19        DSP_MULTIPLIER (Prop_DSP_MULTIPLIER_DSP48E2_B2B1[10]_U[40])
                                                      0.737    28.124 f  design_2_i/llama_engine_axi_0/U0/u_engine/u_sw/SHIFT_LEFT26__1/DSP_MULTIPLIER_INST/U[40]
                         net (fo=1, routed)           0.000    28.124    design_2_i/llama_engine_axi_0/U0/u_engine/u_sw/SHIFT_LEFT26__1/DSP_MULTIPLIER.U<40>
    DSP48E2_X1Y19        DSP_M_DATA (Prop_DSP_M_DATA_DSP48E2_U[40]_U_DATA[40])
                                                      0.059    28.183 r  design_2_i/llama_engine_axi_0/U0/u_engine/u_sw/SHIFT_LEFT26__1/DSP_M_DATA_INST/U_DATA[40]
                         net (fo=1, routed)           0.000    28.183    design_2_i/llama_engine_axi_0/U0/u_engine/u_sw/SHIFT_LEFT26__1/DSP_M_DATA.U_DATA<40>
    DSP48E2_X1Y19        DSP_ALU (Prop_DSP_ALU_DSP48E2_U_DATA[40]_ALU_OUT[47])
                                                      0.699    28.882 f  design_2_i/llama_engine_axi_0/U0/u_engine/u_sw/SHIFT_LEFT26__1/DSP_ALU_INST/ALU_OUT[47]
                         net (fo=1, routed)           0.000    28.882    design_2_i/llama_engine_axi_0/U0/u_engine/u_sw/SHIFT_LEFT26__1/DSP_ALU.ALU_OUT<47>
    DSP48E2_X1Y19        DSP_OUTPUT (Prop_DSP_OUTPUT_DSP48E2_ALU_OUT[47]_PCOUT[47])
                                                      0.159    29.041 r  design_2_i/llama_engine_axi_0/U0/u_engine/u_sw/SHIFT_LEFT26__1/DSP_OUTPUT_INST/PCOUT[47]
                         net (fo=1, routed)           0.042    29.083    design_2_i/llama_engine_axi_0/U0/u_engine/u_sw/SHIFT_LEFT26__2/PCIN[47]
    DSP48E2_X1Y20        DSP_ALU (Prop_DSP_ALU_DSP48E2_PCIN[47]_ALU_OUT[4])
                                                      0.698    29.781 f  design_2_i/llama_engine_axi_0/U0/u_engine/u_sw/SHIFT_LEFT26__2/DSP_ALU_INST/ALU_OUT[4]
                         net (fo=1, routed)           0.000    29.781    design_2_i/llama_engine_axi_0/U0/u_engine/u_sw/SHIFT_LEFT26__2/DSP_ALU.ALU_OUT<4>
    DSP48E2_X1Y20        DSP_OUTPUT (Prop_DSP_OUTPUT_DSP48E2_ALU_OUT[4]_P[4])
                                                      0.141    29.922 r  design_2_i/llama_engine_axi_0/U0/u_engine/u_sw/SHIFT_LEFT26__2/DSP_OUTPUT_INST/P[4]
                         net (fo=2, routed)           0.921    30.843    design_2_i/llama_engine_axi_0/U0/u_engine/u_sw/SHIFT_LEFT26__2_n_101
    SLICE_X2Y48          LUT2 (Prop_F6LUT_SLICEL_I0_O)
                                                      0.114    30.957 r  design_2_i/llama_engine_axi_0/U0/u_engine/u_sw/SHIFT_LEFT26__5_i_4/O
                         net (fo=1, routed)           0.012    30.969    design_2_i/llama_engine_axi_0/U0/u_engine/u_sw/SHIFT_LEFT26__5_i_4_n_0
    SLICE_X2Y48          CARRY8 (Prop_CARRY8_SLICEL_S[5]_CO[7])
                                                      0.197    31.166 r  design_2_i/llama_engine_axi_0/U0/u_engine/u_sw/SHIFT_LEFT26__5_i_1/CO[7]
                         net (fo=1, routed)           0.028    31.194    design_2_i/llama_engine_axi_0/U0/u_engine/u_sw/SHIFT_LEFT26__5_i_1_n_0
    SLICE_X2Y49          CARRY8 (Prop_CARRY8_SLICEL_CI_CO[7])
                                                      0.023    31.217 r  design_2_i/llama_engine_axi_0/U0/u_engine/u_sw/SHIFT_LEFT26__3_i_4/CO[7]
                         net (fo=1, routed)           0.028    31.245    design_2_i/llama_engine_axi_0/U0/u_engine/u_sw/SHIFT_LEFT26__3_i_4_n_0
    SLICE_X2Y50          CARRY8 (Prop_CARRY8_SLICEL_CI_O[4])
                                                      0.109    31.354 f  design_2_i/llama_engine_axi_0/U0/u_engine/u_sw/SHIFT_LEFT26__3_i_3/O[4]
                         net (fo=2, routed)           0.881    32.235    design_2_i/llama_engine_axi_0/U0/u_engine/u_sw/SHIFT_LEFT26__3/B[7]
    DSP48E2_X0Y15        DSP_A_B_DATA (Prop_DSP_A_B_DATA_DSP48E2_B[7]_B2_DATA[7])
                                                      0.195    32.430 r  design_2_i/llama_engine_axi_0/U0/u_engine/u_sw/SHIFT_LEFT26__3/DSP_A_B_DATA_INST/B2_DATA[7]
                         net (fo=1, routed)           0.000    32.430    design_2_i/llama_engine_axi_0/U0/u_engine/u_sw/SHIFT_LEFT26__3/DSP_A_B_DATA.B2_DATA<7>
    DSP48E2_X0Y15        DSP_PREADD_DATA (Prop_DSP_PREADD_DATA_DSP48E2_B2_DATA[7]_B2B1[7])
                                                      0.092    32.522 r  design_2_i/llama_engine_axi_0/U0/u_engine/u_sw/SHIFT_LEFT26__3/DSP_PREADD_DATA_INST/B2B1[7]
                         net (fo=1, routed)           0.000    32.522    design_2_i/llama_engine_axi_0/U0/u_engine/u_sw/SHIFT_LEFT26__3/DSP_PREADD_DATA.B2B1<7>
    DSP48E2_X0Y15        DSP_MULTIPLIER (Prop_DSP_MULTIPLIER_DSP48E2_B2B1[7]_U[38])
                                                      0.737    33.259 f  design_2_i/llama_engine_axi_0/U0/u_engine/u_sw/SHIFT_LEFT26__3/DSP_MULTIPLIER_INST/U[38]
                         net (fo=1, routed)           0.000    33.259    design_2_i/llama_engine_axi_0/U0/u_engine/u_sw/SHIFT_LEFT26__3/DSP_MULTIPLIER.U<38>
    DSP48E2_X0Y15        DSP_M_DATA (Prop_DSP_M_DATA_DSP48E2_U[38]_U_DATA[38])
                                                      0.059    33.318 r  design_2_i/llama_engine_axi_0/U0/u_engine/u_sw/SHIFT_LEFT26__3/DSP_M_DATA_INST/U_DATA[38]
                         net (fo=1, routed)           0.000    33.318    design_2_i/llama_engine_axi_0/U0/u_engine/u_sw/SHIFT_LEFT26__3/DSP_M_DATA.U_DATA<38>
    DSP48E2_X0Y15        DSP_ALU (Prop_DSP_ALU_DSP48E2_U_DATA[38]_ALU_OUT[47])
                                                      0.699    34.017 f  design_2_i/llama_engine_axi_0/U0/u_engine/u_sw/SHIFT_LEFT26__3/DSP_ALU_INST/ALU_OUT[47]
                         net (fo=1, routed)           0.000    34.017    design_2_i/llama_engine_axi_0/U0/u_engine/u_sw/SHIFT_LEFT26__3/DSP_ALU.ALU_OUT<47>
    DSP48E2_X0Y15        DSP_OUTPUT (Prop_DSP_OUTPUT_DSP48E2_ALU_OUT[47]_PCOUT[47])
                                                      0.159    34.176 r  design_2_i/llama_engine_axi_0/U0/u_engine/u_sw/SHIFT_LEFT26__3/DSP_OUTPUT_INST/PCOUT[47]
                         net (fo=1, routed)           0.042    34.218    design_2_i/llama_engine_axi_0/U0/u_engine/u_sw/SHIFT_LEFT26__4/PCIN[47]
    DSP48E2_X0Y16        DSP_ALU (Prop_DSP_ALU_DSP48E2_PCIN[47]_ALU_OUT[3])
                                                      0.698    34.916 f  design_2_i/llama_engine_axi_0/U0/u_engine/u_sw/SHIFT_LEFT26__4/DSP_ALU_INST/ALU_OUT[3]
                         net (fo=1, routed)           0.000    34.916    design_2_i/llama_engine_axi_0/U0/u_engine/u_sw/SHIFT_LEFT26__4/DSP_ALU.ALU_OUT<3>
    DSP48E2_X0Y16        DSP_OUTPUT (Prop_DSP_OUTPUT_DSP48E2_ALU_OUT[3]_P[3])
                                                      0.141    35.057 r  design_2_i/llama_engine_axi_0/U0/u_engine/u_sw/SHIFT_LEFT26__4/DSP_OUTPUT_INST/P[3]
                         net (fo=1, routed)           0.530    35.587    design_2_i/llama_engine_axi_0/U0/u_engine/u_sw/SHIFT_LEFT26__4_n_102
    SLICE_X4Y42          LUT2 (Prop_F6LUT_SLICEM_I1_O)
                                                      0.177    35.764 r  design_2_i/llama_engine_axi_0/U0/u_engine/u_sw/o_wdata[27]_i_4/O
                         net (fo=1, routed)           0.024    35.788    design_2_i/llama_engine_axi_0/U0/u_engine/u_sw/o_wdata[27]_i_4_n_0
    SLICE_X4Y42          CARRY8 (Prop_CARRY8_SLICEM_S[5]_CO[7])
                                                      0.202    35.990 r  design_2_i/llama_engine_axi_0/U0/u_engine/u_sw/o_wdata_reg[27]_i_1/CO[7]
                         net (fo=1, routed)           0.028    36.018    design_2_i/llama_engine_axi_0/U0/u_engine/u_sw/o_wdata_reg[27]_i_1_n_0
    SLICE_X4Y43          CARRY8 (Prop_CARRY8_SLICEM_CI_O[2])
                                                      0.086    36.104 r  design_2_i/llama_engine_axi_0/U0/u_engine/u_sw/o_wdata_reg[30]_i_1/O[2]
                         net (fo=1, routed)           0.032    36.136    design_2_i/llama_engine_axi_0/U0/u_engine/u_sw/o_wdata_reg[30]_i_1_n_13
    SLICE_X4Y43          FDRE                                         r  design_2_i/llama_engine_axi_0/U0/u_engine/u_sw/o_wdata_reg[30]/D
  -------------------------------------------------------------------    -------------------

                         (clock clk_pl_0 rise edge)
                                                    337.503   337.503 r  
    PS8_X0Y0             PS8                          0.000   337.503 r  design_2_i/zynq_ultra_ps_e_0/inst/PS8_i/PLCLK[0]
                         net (fo=1, routed)           0.140   337.643    design_2_i/zynq_ultra_ps_e_0/inst/pl_clk_unbuffered[0]
    BUFG_PS_X0Y58        BUFG_PS (Prop_BUFG_PS_I_O)
                                                      0.027   337.670 r  design_2_i/zynq_ultra_ps_e_0/inst/buffer_pl_clk_0.PL_CLK_0_BUFG/O
    X0Y1 (CLOCK_ROOT)    net (fo=56669, routed)       1.543   339.213    design_2_i/llama_engine_axi_0/U0/u_engine/u_sw/clk
    SLICE_X4Y43          FDRE                                         r  design_2_i/llama_engine_axi_0/U0/u_engine/u_sw/o_wdata_reg[30]/C
                         clock pessimism              0.161   339.374    
                         clock uncertainty           -0.876   338.498    
    SLICE_X4Y43          FDRE (Setup_CFF_SLICEM_C_D)
                                                      0.027   338.525    design_2_i/llama_engine_axi_0/U0/u_engine/u_sw/o_wdata_reg[30]
  -------------------------------------------------------------------
                         required time                        338.525    
                         arrival time                         -36.136    
  -------------------------------------------------------------------
                         slack                                302.389    

Slack (MET) :             302.405ns  (required time - arrival time)
  Source:                 design_2_i/llama_engine_axi_0/U0/u_engine/u_sw/idx_reg[3]/C
                            (rising edge-triggered cell FDRE clocked by clk_pl_0  {rise@0.000ns fall@168.751ns period=337.503ns})
  Destination:            design_2_i/llama_engine_axi_0/U0/u_engine/u_sw/o_wdata_reg[28]/D
                            (rising edge-triggered cell FDRE clocked by clk_pl_0  {rise@0.000ns fall@168.751ns period=337.503ns})
  Path Group:             clk_pl_0
  Path Type:              Setup (Max at Slow Process Corner)
  Requirement:            337.503ns  (clk_pl_0 rise@337.503ns - clk_pl_0 rise@0.000ns)
  Data Path Delay:        34.119ns  (logic 13.669ns (40.062%)  route 20.450ns (59.938%))
  Logic Levels:           70  (CARRY8=24 DSP_A_B_DATA=3 DSP_ALU=6 DSP_M_DATA=3 DSP_MULTIPLIER=3 DSP_OUTPUT=6 DSP_PREADD_DATA=3 LUT1=1 LUT2=5 LUT3=3 LUT5=4 LUT6=8 MUXF8=1)
  Clock Path Skew:        -0.130ns (DCD - SCD + CPR)
    Destination Clock Delay (DCD):    1.710ns = ( 339.213 - 337.503 ) 
    Source Clock Delay      (SCD):    2.001ns
    Clock Pessimism Removal (CPR):    0.161ns
  Clock Uncertainty:      0.876ns  ((TSJ^2 + DJ^2)^1/2) / 2 + PE
    Total System Jitter     (TSJ):    0.071ns
    Discrete Jitter          (DJ):    1.750ns
    Phase Error              (PE):    0.000ns
  Clock Net Delay (Source):      1.794ns (routing 0.638ns, distribution 1.156ns)
  Clock Net Delay (Destination): 1.543ns (routing 0.576ns, distribution 0.967ns)

    Location             Delay type                Incr(ns)  Path(ns)    Netlist Resource(s)
  -------------------------------------------------------------------    -------------------
                         (clock clk_pl_0 rise edge)
                                                      0.000     0.000 r  
    PS8_X0Y0             PS8                          0.000     0.000 r  design_2_i/zynq_ultra_ps_e_0/inst/PS8_i/PLCLK[0]
                         net (fo=1, routed)           0.178     0.178    design_2_i/zynq_ultra_ps_e_0/inst/pl_clk_unbuffered[0]
    BUFG_PS_X0Y58        BUFG_PS (Prop_BUFG_PS_I_O)
                                                      0.029     0.207 r  design_2_i/zynq_ultra_ps_e_0/inst/buffer_pl_clk_0.PL_CLK_0_BUFG/O
    X0Y1 (CLOCK_ROOT)    net (fo=56669, routed)       1.794     2.001    design_2_i/llama_engine_axi_0/U0/u_engine/u_sw/clk
    SLICE_X19Y56         FDRE                                         r  design_2_i/llama_engine_axi_0/U0/u_engine/u_sw/idx_reg[3]/C
  -------------------------------------------------------------------    -------------------
    SLICE_X19Y56         FDRE (Prop_EFF_SLICEM_C_Q)
                                                      0.093     2.094 r  design_2_i/llama_engine_axi_0/U0/u_engine/u_sw/idx_reg[3]/Q
                         net (fo=336, routed)         4.954     7.047    design_2_i/llama_engine_axi_0/U0/u_engine/u_sw/idx_reg_n_0_[3]
    SLICE_X38Y109        MUXF8 (Prop_F8MUX_BOT_SLICEL_S_O)
                                                      0.089     7.136 r  design_2_i/llama_engine_axi_0/U0/u_engine/u_sw/ARG__4_i_169/O
                         net (fo=1, routed)           1.529     8.665    design_2_i/llama_engine_axi_0/U0/u_engine/u_sw/ARG__4_i_169_n_0
    SLICE_X12Y60         LUT6 (Prop_H6LUT_SLICEL_I1_O)
                                                      0.100     8.765 r  design_2_i/llama_engine_axi_0/U0/u_engine/u_sw/ARG__4_i_118/O
                         net (fo=3, routed)           0.105     8.871    design_2_i/llama_engine_axi_0/U0/u_engine/u_sw/ARG__4_i_118_n_0
    SLICE_X12Y60         LUT5 (Prop_A6LUT_SLICEL_I4_O)
                                                      0.064     8.935 r  design_2_i/llama_engine_axi_0/U0/u_engine/u_sw/ARG__4_i_66/O
                         net (fo=7, routed)           0.239     9.174    design_2_i/llama_engine_axi_0/U0/u_engine/u_sw/ARG__4_i_66_n_0
    SLICE_X11Y63         LUT5 (Prop_D6LUT_SLICEL_I0_O)
                                                      0.116     9.290 r  design_2_i/llama_engine_axi_0/U0/u_engine/u_sw/ARG__4_i_352/O
                         net (fo=1, routed)           0.010     9.300    design_2_i/llama_engine_axi_0/U0/u_engine/u_sw/ARG__4_i_352_n_0
    SLICE_X11Y63         CARRY8 (Prop_CARRY8_SLICEL_S[3]_CO[7])
                                                      0.195     9.495 r  design_2_i/llama_engine_axi_0/U0/u_engine/u_sw/ARG__4_i_202/CO[7]
                         net (fo=1, routed)           0.028     9.523    design_2_i/llama_engine_axi_0/U0/u_engine/u_sw/ARG__4_i_202_n_0
    SLICE_X11Y64         CARRY8 (Prop_CARRY8_SLICEL_CI_CO[7])
                                                      0.023     9.546 r  design_2_i/llama_engine_axi_0/U0/u_engine/u_sw/ARG__4_i_201/CO[7]
                         net (fo=1, routed)           0.028     9.574    design_2_i/llama_engine_axi_0/U0/u_engine/u_sw/ARG__4_i_201_n_0
    SLICE_X11Y65         CARRY8 (Prop_CARRY8_SLICEL_CI_CO[7])
                                                      0.023     9.597 r  design_2_i/llama_engine_axi_0/U0/u_engine/u_sw/ARG__4_i_199/CO[7]
                         net (fo=1, routed)           0.028     9.625    design_2_i/llama_engine_axi_0/U0/u_engine/u_sw/ARG__4_i_199_n_0
    SLICE_X11Y66         CARRY8 (Prop_CARRY8_SLICEL_CI_CO[7])
                                                      0.023     9.648 r  design_2_i/llama_engine_axi_0/U0/u_engine/u_sw/ARG__4_i_200/CO[7]
                         net (fo=1, routed)           0.028     9.676    design_2_i/llama_engine_axi_0/U0/u_engine/u_sw/ARG__4_i_200_n_0
    SLICE_X11Y67         CARRY8 (Prop_CARRY8_SLICEL_CI_CO[7])
                                                      0.023     9.699 r  design_2_i/llama_engine_axi_0/U0/u_engine/u_sw/SHIFT_LEFT26_i_391/CO[7]
                         net (fo=1, routed)           0.028     9.727    design_2_i/llama_engine_axi_0/U0/u_engine/u_sw/SHIFT_LEFT26_i_391_n_0
    SLICE_X11Y68         CARRY8 (Prop_CARRY8_SLICEL_CI_CO[7])
                                                      0.023     9.750 r  design_2_i/llama_engine_axi_0/U0/u_engine/u_sw/SHIFT_LEFT26_i_222/CO[7]
                         net (fo=1, routed)           0.028     9.778    design_2_i/llama_engine_axi_0/U0/u_engine/u_sw/SHIFT_LEFT26_i_222_n_0
    SLICE_X11Y69         CARRY8 (Prop_CARRY8_SLICEL_CI_CO[7])
                                                      0.023     9.801 r  design_2_i/llama_engine_axi_0/U0/u_engine/u_sw/SHIFT_LEFT26_i_73/CO[7]
                         net (fo=1, routed)           0.028     9.829    design_2_i/llama_engine_axi_0/U0/u_engine/u_sw/SHIFT_LEFT26_i_73_n_0
    SLICE_X11Y70         CARRY8 (Prop_CARRY8_SLICEL_CI_O[7])
                                                      0.146     9.975 f  design_2_i/llama_engine_axi_0/U0/u_engine/u_sw/SHIFT_LEFT26_i_33/O[7]
                         net (fo=69, routed)          0.771    10.745    design_2_i/llama_engine_axi_0/U0/u_engine/u_sw/SHIFT_LEFT26_i_33_n_8
    SLICE_X13Y63         LUT6 (Prop_F6LUT_SLICEL_I0_O)
                                                      0.114    10.859 f  design_2_i/llama_engine_axi_0/U0/u_engine/u_sw/ARG__4_i_136/O
                         net (fo=4, routed)           0.265    11.125    design_2_i/llama_engine_axi_0/U0/u_engine/u_sw/ARG__4_i_136_n_0
    SLICE_X12Y62         LUT6 (Prop_B6LUT_SLICEL_I5_O)
                                                      0.064    11.189 f  design_2_i/llama_engine_axi_0/U0/u_engine/u_sw/SHIFT_LEFT26_i_289/O
                         net (fo=2, routed)           0.257    11.446    design_2_i/llama_engine_axi_0/U0/u_engine/u_sw/SHIFT_LEFT26_i_289_n_0
    SLICE_X8Y61          LUT3 (Prop_C5LUT_SLICEL_I0_O)
                                                      0.168    11.614 f  design_2_i/llama_engine_axi_0/U0/u_engine/u_sw/SHIFT_LEFT26_i_131/O
                         net (fo=2, routed)           0.164    11.778    design_2_i/llama_engine_axi_0/U0/u_engine/u_sw/SHIFT_LEFT26_i_131_n_0
    SLICE_X8Y60          LUT5 (Prop_B6LUT_SLICEL_I0_O)
                                                      0.177    11.955 f  design_2_i/llama_engine_axi_0/U0/u_engine/u_sw/SHIFT_LEFT26__1_i_10/O
                         net (fo=1, routed)           0.104    12.059    design_2_i/llama_engine_axi_0/U0/u_engine/u_sw/SHIFT_LEFT26__1_i_10_n_0
    SLICE_X8Y60          LUT6 (Prop_C6LUT_SLICEL_I0_O)
                                                      0.038    12.097 f  design_2_i/llama_engine_axi_0/U0/u_engine/u_sw/SHIFT_LEFT26__1_i_1/O
                         net (fo=6, routed)           0.169    12.265    design_2_i/llama_engine_axi_0/U0/u_engine/u_sw/z_q[16]
    SLICE_X7Y59          LUT1 (Prop_B6LUT_SLICEL_I0_O)
                                                      0.040    12.305 r  design_2_i/llama_engine_axi_0/U0/u_engine/u_sw/ARG_i_121/O
                         net (fo=1, routed)           0.010    12.315    design_2_i/llama_engine_axi_0/U0/u_engine/u_sw/ARG_i_121_n_0
    SLICE_X7Y59          CARRY8 (Prop_CARRY8_SLICEL_S[1]_CO[7])
                                                      0.233    12.548 r  design_2_i/llama_engine_axi_0/U0/u_engine/u_sw/ARG_i_52/CO[7]
                         net (fo=1, routed)           0.028    12.576    design_2_i/llama_engine_axi_0/U0/u_engine/u_sw/ARG_i_52_n_0
    SLICE_X7Y60          CARRY8 (Prop_CARRY8_SLICEL_CI_O[5])
                                                      0.145    12.721 f  design_2_i/llama_engine_axi_0/U0/u_engine/u_sw/ARG_i_110/O[5]
                         net (fo=5, routed)           0.235    12.956    design_2_i/llama_engine_axi_0/U0/u_engine/u_sw/SHIFT_RIGHT[20]
    SLICE_X6Y60          LUT2 (Prop_G6LUT_SLICEL_I0_O)
                                                      0.178    13.134 r  design_2_i/llama_engine_axi_0/U0/u_engine/u_sw/ARG_i_250/O
                         net (fo=1, routed)           0.009    13.143    design_2_i/llama_engine_axi_0/U0/u_engine/u_sw/ARG_i_250_n_0
    SLICE_X6Y60          CARRY8 (Prop_CARRY8_SLICEL_S[6]_CO[7])
                                                      0.148    13.291 f  design_2_i/llama_engine_axi_0/U0/u_engine/u_sw/ARG_i_123/CO[7]
                         net (fo=1, routed)           0.028    13.319    design_2_i/llama_engine_axi_0/U0/u_engine/u_sw/ARG_i_123_n_0
    SLICE_X6Y61          CARRY8 (Prop_CARRY8_SLICEL_CI_CO[3])
                                                      0.077    13.396 f  design_2_i/llama_engine_axi_0/U0/u_engine/u_sw/ARG_i_53/CO[3]
                         net (fo=123, routed)         1.180    14.576    design_2_i/llama_engine_axi_0/U0/u_engine/u_sw/k1
    SLICE_X0Y66          LUT3 (Prop_H6LUT_SLICEL_I1_O)
                                                      0.149    14.725 r  design_2_i/llama_engine_axi_0/U0/u_engine/u_sw/ARG__1_i_680/O
                         net (fo=139, routed)         0.828    15.553    design_2_i/llama_engine_axi_0/U0/u_engine/u_sw/ARG__1_i_680_n_0
    SLICE_X6Y55          LUT6 (Prop_C6LUT_SLICEL_I2_O)
                                                      0.113    15.666 r  design_2_i/llama_engine_axi_0/U0/u_engine/u_sw/ARG_i_150/O
                         net (fo=12, routed)          0.895    16.561    design_2_i/llama_engine_axi_0/U0/u_engine/u_sw/ARG_i_150_n_0
    SLICE_X9Y68          LUT3 (Prop_C5LUT_SLICEM_I1_O)
                                                      0.196    16.757 r  design_2_i/llama_engine_axi_0/U0/u_engine/u_sw/ARG_i_69/O
                         net (fo=13, routed)          0.822    17.578    design_2_i/llama_engine_axi_0/U0/u_engine/u_sw/ARG_i_69_n_0
    SLICE_X8Y73          LUT6 (Prop_H6LUT_SLICEL_I5_O)
                                                      0.116    17.694 r  design_2_i/llama_engine_axi_0/U0/u_engine/u_sw/ARG_i_101/O
                         net (fo=4, routed)           0.720    18.414    design_2_i/llama_engine_axi_0/U0/u_engine/u_sw/ARG_i_101_n_0
    SLICE_X3Y63          LUT6 (Prop_D6LUT_SLICEL_I5_O)
                                                      0.174    18.588 r  design_2_i/llama_engine_axi_0/U0/u_engine/u_sw/ARG_i_29/O
                         net (fo=1, routed)           0.010    18.598    design_2_i/llama_engine_axi_0/U0/u_engine/u_sw/ARG_i_29_n_0
    SLICE_X3Y63          CARRY8 (Prop_CARRY8_SLICEL_S[3]_CO[7])
                                                      0.195    18.793 r  design_2_i/llama_engine_axi_0/U0/u_engine/u_sw/ARG_i_2/CO[7]
                         net (fo=1, routed)           0.028    18.821    design_2_i/llama_engine_axi_0/U0/u_engine/u_sw/ARG_i_2_n_0
    SLICE_X3Y64          CARRY8 (Prop_CARRY8_SLICEL_CI_O[6])
                                                      0.129    18.950 f  design_2_i/llama_engine_axi_0/U0/u_engine/u_sw/ARG_i_1/O[6]
                         net (fo=32, routed)          1.084    20.034    design_2_i/llama_engine_axi_0/U0/u_engine/u_sw/ARG/B[13]
    DSP48E2_X0Y13        DSP_A_B_DATA (Prop_DSP_A_B_DATA_DSP48E2_B[13]_B2_DATA[13])
                                                      0.195    20.229 r  design_2_i/llama_engine_axi_0/U0/u_engine/u_sw/ARG/DSP_A_B_DATA_INST/B2_DATA[13]
                         net (fo=1, routed)           0.000    20.229    design_2_i/llama_engine_axi_0/U0/u_engine/u_sw/ARG/DSP_A_B_DATA.B2_DATA<13>
    DSP48E2_X0Y13        DSP_PREADD_DATA (Prop_DSP_PREADD_DATA_DSP48E2_B2_DATA[13]_B2B1[13])
                                                      0.092    20.321 r  design_2_i/llama_engine_axi_0/U0/u_engine/u_sw/ARG/DSP_PREADD_DATA_INST/B2B1[13]
                         net (fo=1, routed)           0.000    20.321    design_2_i/llama_engine_axi_0/U0/u_engine/u_sw/ARG/DSP_PREADD_DATA.B2B1<13>
    DSP48E2_X0Y13        DSP_MULTIPLIER (Prop_DSP_MULTIPLIER_DSP48E2_B2B1[13]_U[42])
                                                      0.737    21.058 f  design_2_i/llama_engine_axi_0/U0/u_engine/u_sw/ARG/DSP_MULTIPLIER_INST/U[42]
                         net (fo=1, routed)           0.000    21.058    design_2_i/llama_engine_axi_0/U0/u_engine/u_sw/ARG/DSP_MULTIPLIER.U<42>
    DSP48E2_X0Y13        DSP_M_DATA (Prop_DSP_M_DATA_DSP48E2_U[42]_U_DATA[42])
                                                      0.059    21.117 r  design_2_i/llama_engine_axi_0/U0/u_engine/u_sw/ARG/DSP_M_DATA_INST/U_DATA[42]
                         net (fo=1, routed)           0.000    21.117    design_2_i/llama_engine_axi_0/U0/u_engine/u_sw/ARG/DSP_M_DATA.U_DATA<42>
    DSP48E2_X0Y13        DSP_ALU (Prop_DSP_ALU_DSP48E2_U_DATA[42]_ALU_OUT[47])
                                                      0.699    21.816 f  design_2_i/llama_engine_axi_0/U0/u_engine/u_sw/ARG/DSP_ALU_INST/ALU_OUT[47]
                         net (fo=1, routed)           0.000    21.816    design_2_i/llama_engine_axi_0/U0/u_engine/u_sw/ARG/DSP_ALU.ALU_OUT<47>
    DSP48E2_X0Y13        DSP_OUTPUT (Prop_DSP_OUTPUT_DSP48E2_ALU_OUT[47]_PCOUT[47])
                                                      0.159    21.975 r  design_2_i/llama_engine_axi_0/U0/u_engine/u_sw/ARG/DSP_OUTPUT_INST/PCOUT[47]
                         net (fo=1, routed)           0.042    22.017    design_2_i/llama_engine_axi_0/U0/u_engine/u_sw/ARG__0/PCIN[47]
    DSP48E2_X0Y14        DSP_ALU (Prop_DSP_ALU_DSP48E2_PCIN[47]_ALU_OUT[1])
                                                      0.698    22.715 f  design_2_i/llama_engine_axi_0/U0/u_engine/u_sw/ARG__0/DSP_ALU_INST/ALU_OUT[1]
                         net (fo=1, routed)           0.000    22.715    design_2_i/llama_engine_axi_0/U0/u_engine/u_sw/ARG__0/DSP_ALU.ALU_OUT<1>
    DSP48E2_X0Y14        DSP_OUTPUT (Prop_DSP_OUTPUT_DSP48E2_ALU_OUT[1]_P[1])
                                                      0.141    22.856 r  design_2_i/llama_engine_axi_0/U0/u_engine/u_sw/ARG__0/DSP_OUTPUT_INST/P[1]
                         net (fo=5, routed)           1.002    23.857    design_2_i/llama_engine_axi_0/U0/u_engine/u_sw/ARG__0_n_104
    SLICE_X2Y61          LUT6 (Prop_G6LUT_SLICEL_I1_O)
                                                      0.178    24.035 r  design_2_i/llama_engine_axi_0/U0/u_engine/u_sw/SHIFT_LEFT26_i_360/O
                         net (fo=1, routed)           0.009    24.044    design_2_i/llama_engine_axi_0/U0/u_engine/u_sw/SHIFT_LEFT26_i_360_n_0
    SLICE_X2Y61          CARRY8 (Prop_CARRY8_SLICEL_S[6]_CO[7])
                                                      0.148    24.192 r  design_2_i/llama_engine_axi_0/U0/u_engine/u_sw/SHIFT_LEFT26_i_169/CO[7]
                         net (fo=1, routed)           0.028    24.220    design_2_i/llama_engine_axi_0/U0/u_engine/u_sw/SHIFT_LEFT26_i_169_n_0
    SLICE_X2Y62          CARRY8 (Prop_CARRY8_SLICEL_CI_O[0])
                                                      0.072    24.292 r  design_2_i/llama_engine_axi_0/U0/u_engine/u_sw/SHIFT_LEFT26_i_168/O[0]
                         net (fo=3, routed)           0.287    24.579    design_2_i/llama_engine_axi_0/U0/u_engine/u_sw/p_0_in[61]
    SLICE_X0Y61          LUT2 (Prop_F6LUT_SLICEL_I1_O)
                                                      0.114    24.693 r  design_2_i/llama_engine_axi_0/U0/u_engine/u_sw/SHIFT_LEFT26_i_172/O
                         net (fo=1, routed)           0.012    24.705    design_2_i/llama_engine_axi_0/U0/u_engine/u_sw/SHIFT_LEFT26_i_172_n_0
    SLICE_X0Y61          CARRY8 (Prop_CARRY8_SLICEL_S[5]_O[7])
                                                      0.168    24.873 f  design_2_i/llama_engine_axi_0/U0/u_engine/u_sw/SHIFT_LEFT26_i_69/O[7]
                         net (fo=50, routed)          0.380    25.253    design_2_i/llama_engine_axi_0/U0/u_engine/u_sw/SHIFT_LEFT26_i_69_n_8
    SLICE_X1Y59          LUT2 (Prop_G6LUT_SLICEM_I1_O)
                                                      0.064    25.317 r  design_2_i/llama_engine_axi_0/U0/u_engine/u_sw/SHIFT_LEFT26_i_317/O
                         net (fo=1, routed)           0.017    25.334    design_2_i/llama_engine_axi_0/U0/u_engine/u_sw/SHIFT_LEFT26_i_317_n_0
    SLICE_X1Y59          CARRY8 (Prop_CARRY8_SLICEM_S[6]_CO[7])
                                                      0.150    25.484 r  design_2_i/llama_engine_axi_0/U0/u_engine/u_sw/SHIFT_LEFT26_i_149/CO[7]
                         net (fo=1, routed)           0.028    25.512    design_2_i/llama_engine_axi_0/U0/u_engine/u_sw/SHIFT_LEFT26_i_149_n_0
    SLICE_X1Y60          CARRY8 (Prop_CARRY8_SLICEM_CI_CO[7])
                                                      0.030    25.542 r  design_2_i/llama_engine_axi_0/U0/u_engine/u_sw/SHIFT_LEFT26_i_67/CO[7]
                         net (fo=31, routed)          0.500    26.042    design_2_i/llama_engine_axi_0/U0/u_engine/u_sw/sigmoid_q1
    SLICE_X4Y54          LUT5 (Prop_G6LUT_SLICEM_I1_O)
                                                      0.116    26.158 f  design_2_i/llama_engine_axi_0/U0/u_engine/u_sw/SHIFT_LEFT26_i_22/O
                         net (fo=2, routed)           0.941    27.100    design_2_i/llama_engine_axi_0/U0/u_engine/u_sw/SHIFT_LEFT26__1/B[10]
    DSP48E2_X1Y19        DSP_A_B_DATA (Prop_DSP_A_B_DATA_DSP48E2_B[10]_B2_DATA[10])
                                                      0.195    27.295 r  design_2_i/llama_engine_axi_0/U0/u_engine/u_sw/SHIFT_LEFT26__1/DSP_A_B_DATA_INST/B2_DATA[10]
                         net (fo=1, routed)           0.000    27.295    design_2_i/llama_engine_axi_0/U0/u_engine/u_sw/SHIFT_LEFT26__1/DSP_A_B_DATA.B2_DATA<10>
    DSP48E2_X1Y19        DSP_PREADD_DATA (Prop_DSP_PREADD_DATA_DSP48E2_B2_DATA[10]_B2B1[10])
                                                      0.092    27.387 r  design_2_i/llama_engine_axi_0/U0/u_engine/u_sw/SHIFT_LEFT26__1/DSP_PREADD_DATA_INST/B2B1[10]
                         net (fo=1, routed)           0.000    27.387    design_2_i/llama_engine_axi_0/U0/u_engine/u_sw/SHIFT_LEFT26__1/DSP_PREADD_DATA.B2B1<10>
    DSP48E2_X1Y19        DSP_MULTIPLIER (Prop_DSP_MULTIPLIER_DSP48E2_B2B1[10]_U[40])
                                                      0.737    28.124 f  design_2_i/llama_engine_axi_0/U0/u_engine/u_sw/SHIFT_LEFT26__1/DSP_MULTIPLIER_INST/U[40]
                         net (fo=1, routed)           0.000    28.124    design_2_i/llama_engine_axi_0/U0/u_engine/u_sw/SHIFT_LEFT26__1/DSP_MULTIPLIER.U<40>
    DSP48E2_X1Y19        DSP_M_DATA (Prop_DSP_M_DATA_DSP48E2_U[40]_U_DATA[40])
                                                      0.059    28.183 r  design_2_i/llama_engine_axi_0/U0/u_engine/u_sw/SHIFT_LEFT26__1/DSP_M_DATA_INST/U_DATA[40]
                         net (fo=1, routed)           0.000    28.183    design_2_i/llama_engine_axi_0/U0/u_engine/u_sw/SHIFT_LEFT26__1/DSP_M_DATA.U_DATA<40>
    DSP48E2_X1Y19        DSP_ALU (Prop_DSP_ALU_DSP48E2_U_DATA[40]_ALU_OUT[47])
                                                      0.699    28.882 f  design_2_i/llama_engine_axi_0/U0/u_engine/u_sw/SHIFT_LEFT26__1/DSP_ALU_INST/ALU_OUT[47]
                         net (fo=1, routed)           0.000    28.882    design_2_i/llama_engine_axi_0/U0/u_engine/u_sw/SHIFT_LEFT26__1/DSP_ALU.ALU_OUT<47>
    DSP48E2_X1Y19        DSP_OUTPUT (Prop_DSP_OUTPUT_DSP48E2_ALU_OUT[47]_PCOUT[47])
                                                      0.159    29.041 r  design_2_i/llama_engine_axi_0/U0/u_engine/u_sw/SHIFT_LEFT26__1/DSP_OUTPUT_INST/PCOUT[47]
                         net (fo=1, routed)           0.042    29.083    design_2_i/llama_engine_axi_0/U0/u_engine/u_sw/SHIFT_LEFT26__2/PCIN[47]
    DSP48E2_X1Y20        DSP_ALU (Prop_DSP_ALU_DSP48E2_PCIN[47]_ALU_OUT[4])
                                                      0.698    29.781 f  design_2_i/llama_engine_axi_0/U0/u_engine/u_sw/SHIFT_LEFT26__2/DSP_ALU_INST/ALU_OUT[4]
                         net (fo=1, routed)           0.000    29.781    design_2_i/llama_engine_axi_0/U0/u_engine/u_sw/SHIFT_LEFT26__2/DSP_ALU.ALU_OUT<4>
    DSP48E2_X1Y20        DSP_OUTPUT (Prop_DSP_OUTPUT_DSP48E2_ALU_OUT[4]_P[4])
                                                      0.141    29.922 r  design_2_i/llama_engine_axi_0/U0/u_engine/u_sw/SHIFT_LEFT26__2/DSP_OUTPUT_INST/P[4]
                         net (fo=2, routed)           0.921    30.843    design_2_i/llama_engine_axi_0/U0/u_engine/u_sw/SHIFT_LEFT26__2_n_101
    SLICE_X2Y48          LUT2 (Prop_F6LUT_SLICEL_I0_O)
                                                      0.114    30.957 r  design_2_i/llama_engine_axi_0/U0/u_engine/u_sw/SHIFT_LEFT26__5_i_4/O
                         net (fo=1, routed)           0.012    30.969    design_2_i/llama_engine_axi_0/U0/u_engine/u_sw/SHIFT_LEFT26__5_i_4_n_0
    SLICE_X2Y48          CARRY8 (Prop_CARRY8_SLICEL_S[5]_CO[7])
                                                      0.197    31.166 r  design_2_i/llama_engine_axi_0/U0/u_engine/u_sw/SHIFT_LEFT26__5_i_1/CO[7]
                         net (fo=1, routed)           0.028    31.194    design_2_i/llama_engine_axi_0/U0/u_engine/u_sw/SHIFT_LEFT26__5_i_1_n_0
    SLICE_X2Y49          CARRY8 (Prop_CARRY8_SLICEL_CI_CO[7])
                                                      0.023    31.217 r  design_2_i/llama_engine_axi_0/U0/u_engine/u_sw/SHIFT_LEFT26__3_i_4/CO[7]
                         net (fo=1, routed)           0.028    31.245    design_2_i/llama_engine_axi_0/U0/u_engine/u_sw/SHIFT_LEFT26__3_i_4_n_0
    SLICE_X2Y50          CARRY8 (Prop_CARRY8_SLICEL_CI_O[4])
                                                      0.109    31.354 f  design_2_i/llama_engine_axi_0/U0/u_engine/u_sw/SHIFT_LEFT26__3_i_3/O[4]
                         net (fo=2, routed)           0.881    32.235    design_2_i/llama_engine_axi_0/U0/u_engine/u_sw/SHIFT_LEFT26__3/B[7]
    DSP48E2_X0Y15        DSP_A_B_DATA (Prop_DSP_A_B_DATA_DSP48E2_B[7]_B2_DATA[7])
                                                      0.195    32.430 r  design_2_i/llama_engine_axi_0/U0/u_engine/u_sw/SHIFT_LEFT26__3/DSP_A_B_DATA_INST/B2_DATA[7]
                         net (fo=1, routed)           0.000    32.430    design_2_i/llama_engine_axi_0/U0/u_engine/u_sw/SHIFT_LEFT26__3/DSP_A_B_DATA.B2_DATA<7>
    DSP48E2_X0Y15        DSP_PREADD_DATA (Prop_DSP_PREADD_DATA_DSP48E2_B2_DATA[7]_B2B1[7])
                                                      0.092    32.522 r  design_2_i/llama_engine_axi_0/U0/u_engine/u_sw/SHIFT_LEFT26__3/DSP_PREADD_DATA_INST/B2B1[7]
                         net (fo=1, routed)           0.000    32.522    design_2_i/llama_engine_axi_0/U0/u_engine/u_sw/SHIFT_LEFT26__3/DSP_PREADD_DATA.B2B1<7>
    DSP48E2_X0Y15        DSP_MULTIPLIER (Prop_DSP_MULTIPLIER_DSP48E2_B2B1[7]_U[38])
                                                      0.737    33.259 f  design_2_i/llama_engine_axi_0/U0/u_engine/u_sw/SHIFT_LEFT26__3/DSP_MULTIPLIER_INST/U[38]
                         net (fo=1, routed)           0.000    33.259    design_2_i/llama_engine_axi_0/U0/u_engine/u_sw/SHIFT_LEFT26__3/DSP_MULTIPLIER.U<38>
    DSP48E2_X0Y15        DSP_M_DATA (Prop_DSP_M_DATA_DSP48E2_U[38]_U_DATA[38])
                                                      0.059    33.318 r  design_2_i/llama_engine_axi_0/U0/u_engine/u_sw/SHIFT_LEFT26__3/DSP_M_DATA_INST/U_DATA[38]
                         net (fo=1, routed)           0.000    33.318    design_2_i/llama_engine_axi_0/U0/u_engine/u_sw/SHIFT_LEFT26__3/DSP_M_DATA.U_DATA<38>
    DSP48E2_X0Y15        DSP_ALU (Prop_DSP_ALU_DSP48E2_U_DATA[38]_ALU_OUT[47])
                                                      0.699    34.017 f  design_2_i/llama_engine_axi_0/U0/u_engine/u_sw/SHIFT_LEFT26__3/DSP_ALU_INST/ALU_OUT[47]
                         net (fo=1, routed)           0.000    34.017    design_2_i/llama_engine_axi_0/U0/u_engine/u_sw/SHIFT_LEFT26__3/DSP_ALU.ALU_OUT<47>
    DSP48E2_X0Y15        DSP_OUTPUT (Prop_DSP_OUTPUT_DSP48E2_ALU_OUT[47]_PCOUT[47])
                                                      0.159    34.176 r  design_2_i/llama_engine_axi_0/U0/u_engine/u_sw/SHIFT_LEFT26__3/DSP_OUTPUT_INST/PCOUT[47]
                         net (fo=1, routed)           0.042    34.218    design_2_i/llama_engine_axi_0/U0/u_engine/u_sw/SHIFT_LEFT26__4/PCIN[47]
    DSP48E2_X0Y16        DSP_ALU (Prop_DSP_ALU_DSP48E2_PCIN[47]_ALU_OUT[3])
                                                      0.698    34.916 f  design_2_i/llama_engine_axi_0/U0/u_engine/u_sw/SHIFT_LEFT26__4/DSP_ALU_INST/ALU_OUT[3]
                         net (fo=1, routed)           0.000    34.916    design_2_i/llama_engine_axi_0/U0/u_engine/u_sw/SHIFT_LEFT26__4/DSP_ALU.ALU_OUT<3>
    DSP48E2_X0Y16        DSP_OUTPUT (Prop_DSP_OUTPUT_DSP48E2_ALU_OUT[3]_P[3])
                                                      0.141    35.057 r  design_2_i/llama_engine_axi_0/U0/u_engine/u_sw/SHIFT_LEFT26__4/DSP_OUTPUT_INST/P[3]
                         net (fo=1, routed)           0.530    35.587    design_2_i/llama_engine_axi_0/U0/u_engine/u_sw/SHIFT_LEFT26__4_n_102
    SLICE_X4Y42          LUT2 (Prop_F6LUT_SLICEM_I1_O)
                                                      0.177    35.764 r  design_2_i/llama_engine_axi_0/U0/u_engine/u_sw/o_wdata[27]_i_4/O
                         net (fo=1, routed)           0.024    35.788    design_2_i/llama_engine_axi_0/U0/u_engine/u_sw/o_wdata[27]_i_4_n_0
    SLICE_X4Y42          CARRY8 (Prop_CARRY8_SLICEM_S[5]_CO[7])
                                                      0.202    35.990 r  design_2_i/llama_engine_axi_0/U0/u_engine/u_sw/o_wdata_reg[27]_i_1/CO[7]
                         net (fo=1, routed)           0.028    36.018    design_2_i/llama_engine_axi_0/U0/u_engine/u_sw/o_wdata_reg[27]_i_1_n_0
    SLICE_X4Y43          CARRY8 (Prop_CARRY8_SLICEM_CI_O[0])
                                                      0.072    36.090 r  design_2_i/llama_engine_axi_0/U0/u_engine/u_sw/o_wdata_reg[30]_i_1/O[0]
                         net (fo=1, routed)           0.030    36.120    design_2_i/llama_engine_axi_0/U0/u_engine/u_sw/o_wdata_reg[30]_i_1_n_15
    SLICE_X4Y43          FDRE                                         r  design_2_i/llama_engine_axi_0/U0/u_engine/u_sw/o_wdata_reg[28]/D
  -------------------------------------------------------------------    -------------------

                         (clock clk_pl_0 rise edge)
                                                    337.503   337.503 r  
    PS8_X0Y0             PS8                          0.000   337.503 r  design_2_i/zynq_ultra_ps_e_0/inst/PS8_i/PLCLK[0]
                         net (fo=1, routed)           0.140   337.643    design_2_i/zynq_ultra_ps_e_0/inst/pl_clk_unbuffered[0]
    BUFG_PS_X0Y58        BUFG_PS (Prop_BUFG_PS_I_O)
                                                      0.027   337.670 r  design_2_i/zynq_ultra_ps_e_0/inst/buffer_pl_clk_0.PL_CLK_0_BUFG/O
    X0Y1 (CLOCK_ROOT)    net (fo=56669, routed)       1.543   339.213    design_2_i/llama_engine_axi_0/U0/u_engine/u_sw/clk
    SLICE_X4Y43          FDRE                                         r  design_2_i/llama_engine_axi_0/U0/u_engine/u_sw/o_wdata_reg[28]/C
                         clock pessimism              0.161   339.374    
                         clock uncertainty           -0.876   338.498    
    SLICE_X4Y43          FDRE (Setup_AFF_SLICEM_C_D)
                                                      0.027   338.525    design_2_i/llama_engine_axi_0/U0/u_engine/u_sw/o_wdata_reg[28]
  -------------------------------------------------------------------
                         required time                        338.525    
                         arrival time                         -36.120    
  -------------------------------------------------------------------
                         slack                                302.405    

Slack (MET) :             302.503ns  (required time - arrival time)
  Source:                 design_2_i/llama_engine_axi_0/U0/u_engine/u_sw/idx_reg[3]/C
                            (rising edge-triggered cell FDRE clocked by clk_pl_0  {rise@0.000ns fall@168.751ns period=337.503ns})
  Destination:            design_2_i/llama_engine_axi_0/U0/u_engine/u_sw/o_wdata_reg[27]/D
                            (rising edge-triggered cell FDRE clocked by clk_pl_0  {rise@0.000ns fall@168.751ns period=337.503ns})
  Path Group:             clk_pl_0
  Path Type:              Setup (Max at Slow Process Corner)
  Requirement:            337.503ns  (clk_pl_0 rise@337.503ns - clk_pl_0 rise@0.000ns)
  Data Path Delay:        34.020ns  (logic 13.569ns (39.885%)  route 20.451ns (60.115%))
  Logic Levels:           69  (CARRY8=23 DSP_A_B_DATA=3 DSP_ALU=6 DSP_M_DATA=3 DSP_MULTIPLIER=3 DSP_OUTPUT=6 DSP_PREADD_DATA=3 LUT1=1 LUT2=5 LUT3=3 LUT5=4 LUT6=8 MUXF8=1)
  Clock Path Skew:        -0.131ns (DCD - SCD + CPR)
    Destination Clock Delay (DCD):    1.709ns = ( 339.212 - 337.503 ) 
    Source Clock Delay      (SCD):    2.001ns
    Clock Pessimism Removal (CPR):    0.161ns
  Clock Uncertainty:      0.876ns  ((TSJ^2 + DJ^2)^1/2) / 2 + PE
    Total System Jitter     (TSJ):    0.071ns
    Discrete Jitter          (DJ):    1.750ns
    Phase Error              (PE):    0.000ns
  Clock Net Delay (Source):      1.794ns (routing 0.638ns, distribution 1.156ns)
  Clock Net Delay (Destination): 1.542ns (routing 0.576ns, distribution 0.966ns)

    Location             Delay type                Incr(ns)  Path(ns)    Netlist Resource(s)
  -------------------------------------------------------------------    -------------------
                         (clock clk_pl_0 rise edge)
                                                      0.000     0.000 r  
    PS8_X0Y0             PS8                          0.000     0.000 r  design_2_i/zynq_ultra_ps_e_0/inst/PS8_i/PLCLK[0]
                         net (fo=1, routed)           0.178     0.178    design_2_i/zynq_ultra_ps_e_0/inst/pl_clk_unbuffered[0]
    BUFG_PS_X0Y58        BUFG_PS (Prop_BUFG_PS_I_O)
                                                      0.029     0.207 r  design_2_i/zynq_ultra_ps_e_0/inst/buffer_pl_clk_0.PL_CLK_0_BUFG/O
    X0Y1 (CLOCK_ROOT)    net (fo=56669, routed)       1.794     2.001    design_2_i/llama_engine_axi_0/U0/u_engine/u_sw/clk
    SLICE_X19Y56         FDRE                                         r  design_2_i/llama_engine_axi_0/U0/u_engine/u_sw/idx_reg[3]/C
  -------------------------------------------------------------------    -------------------
    SLICE_X19Y56         FDRE (Prop_EFF_SLICEM_C_Q)
                                                      0.093     2.094 r  design_2_i/llama_engine_axi_0/U0/u_engine/u_sw/idx_reg[3]/Q
                         net (fo=336, routed)         4.954     7.047    design_2_i/llama_engine_axi_0/U0/u_engine/u_sw/idx_reg_n_0_[3]
    SLICE_X38Y109        MUXF8 (Prop_F8MUX_BOT_SLICEL_S_O)
                                                      0.089     7.136 r  design_2_i/llama_engine_axi_0/U0/u_engine/u_sw/ARG__4_i_169/O
                         net (fo=1, routed)           1.529     8.665    design_2_i/llama_engine_axi_0/U0/u_engine/u_sw/ARG__4_i_169_n_0
    SLICE_X12Y60         LUT6 (Prop_H6LUT_SLICEL_I1_O)
                                                      0.100     8.765 r  design_2_i/llama_engine_axi_0/U0/u_engine/u_sw/ARG__4_i_118/O
                         net (fo=3, routed)           0.105     8.871    design_2_i/llama_engine_axi_0/U0/u_engine/u_sw/ARG__4_i_118_n_0
    SLICE_X12Y60         LUT5 (Prop_A6LUT_SLICEL_I4_O)
                                                      0.064     8.935 r  design_2_i/llama_engine_axi_0/U0/u_engine/u_sw/ARG__4_i_66/O
                         net (fo=7, routed)           0.239     9.174    design_2_i/llama_engine_axi_0/U0/u_engine/u_sw/ARG__4_i_66_n_0
    SLICE_X11Y63         LUT5 (Prop_D6LUT_SLICEL_I0_O)
                                                      0.116     9.290 r  design_2_i/llama_engine_axi_0/U0/u_engine/u_sw/ARG__4_i_352/O
                         net (fo=1, routed)           0.010     9.300    design_2_i/llama_engine_axi_0/U0/u_engine/u_sw/ARG__4_i_352_n_0
    SLICE_X11Y63         CARRY8 (Prop_CARRY8_SLICEL_S[3]_CO[7])
                                                      0.195     9.495 r  design_2_i/llama_engine_axi_0/U0/u_engine/u_sw/ARG__4_i_202/CO[7]
                         net (fo=1, routed)           0.028     9.523    design_2_i/llama_engine_axi_0/U0/u_engine/u_sw/ARG__4_i_202_n_0
    SLICE_X11Y64         CARRY8 (Prop_CARRY8_SLICEL_CI_CO[7])
                                                      0.023     9.546 r  design_2_i/llama_engine_axi_0/U0/u_engine/u_sw/ARG__4_i_201/CO[7]
                         net (fo=1, routed)           0.028     9.574    design_2_i/llama_engine_axi_0/U0/u_engine/u_sw/ARG__4_i_201_n_0
    SLICE_X11Y65         CARRY8 (Prop_CARRY8_SLICEL_CI_CO[7])
                                                      0.023     9.597 r  design_2_i/llama_engine_axi_0/U0/u_engine/u_sw/ARG__4_i_199/CO[7]
                         net (fo=1, routed)           0.028     9.625    design_2_i/llama_engine_axi_0/U0/u_engine/u_sw/ARG__4_i_199_n_0
    SLICE_X11Y66         CARRY8 (Prop_CARRY8_SLICEL_CI_CO[7])
                                                      0.023     9.648 r  design_2_i/llama_engine_axi_0/U0/u_engine/u_sw/ARG__4_i_200/CO[7]
                         net (fo=1, routed)           0.028     9.676    design_2_i/llama_engine_axi_0/U0/u_engine/u_sw/ARG__4_i_200_n_0
    SLICE_X11Y67         CARRY8 (Prop_CARRY8_SLICEL_CI_CO[7])
                                                      0.023     9.699 r  design_2_i/llama_engine_axi_0/U0/u_engine/u_sw/SHIFT_LEFT26_i_391/CO[7]
                         net (fo=1, routed)           0.028     9.727    design_2_i/llama_engine_axi_0/U0/u_engine/u_sw/SHIFT_LEFT26_i_391_n_0
    SLICE_X11Y68         CARRY8 (Prop_CARRY8_SLICEL_CI_CO[7])
                                                      0.023     9.750 r  design_2_i/llama_engine_axi_0/U0/u_engine/u_sw/SHIFT_LEFT26_i_222/CO[7]
                         net (fo=1, routed)           0.028     9.778    design_2_i/llama_engine_axi_0/U0/u_engine/u_sw/SHIFT_LEFT26_i_222_n_0
    SLICE_X11Y69         CARRY8 (Prop_CARRY8_SLICEL_CI_CO[7])
                                                      0.023     9.801 r  design_2_i/llama_engine_axi_0/U0/u_engine/u_sw/SHIFT_LEFT26_i_73/CO[7]
                         net (fo=1, routed)           0.028     9.829    design_2_i/llama_engine_axi_0/U0/u_engine/u_sw/SHIFT_LEFT26_i_73_n_0
    SLICE_X11Y70         CARRY8 (Prop_CARRY8_SLICEL_CI_O[7])
                                                      0.146     9.975 f  design_2_i/llama_engine_axi_0/U0/u_engine/u_sw/SHIFT_LEFT26_i_33/O[7]
                         net (fo=69, routed)          0.771    10.745    design_2_i/llama_engine_axi_0/U0/u_engine/u_sw/SHIFT_LEFT26_i_33_n_8
    SLICE_X13Y63         LUT6 (Prop_F6LUT_SLICEL_I0_O)
                                                      0.114    10.859 f  design_2_i/llama_engine_axi_0/U0/u_engine/u_sw/ARG__4_i_136/O
                         net (fo=4, routed)           0.265    11.125    design_2_i/llama_engine_axi_0/U0/u_engine/u_sw/ARG__4_i_136_n_0
    SLICE_X12Y62         LUT6 (Prop_B6LUT_SLICEL_I5_O)
                                                      0.064    11.189 f  design_2_i/llama_engine_axi_0/U0/u_engine/u_sw/SHIFT_LEFT26_i_289/O
                         net (fo=2, routed)           0.257    11.446    design_2_i/llama_engine_axi_0/U0/u_engine/u_sw/SHIFT_LEFT26_i_289_n_0
    SLICE_X8Y61          LUT3 (Prop_C5LUT_SLICEL_I0_O)
                                                      0.168    11.614 f  design_2_i/llama_engine_axi_0/U0/u_engine/u_sw/SHIFT_LEFT26_i_131/O
                         net (fo=2, routed)           0.164    11.778    design_2_i/llama_engine_axi_0/U0/u_engine/u_sw/SHIFT_LEFT26_i_131_n_0
    SLICE_X8Y60          LUT5 (Prop_B6LUT_SLICEL_I0_O)
                                                      0.177    11.955 f  design_2_i/llama_engine_axi_0/U0/u_engine/u_sw/SHIFT_LEFT26__1_i_10/O
                         net (fo=1, routed)           0.104    12.059    design_2_i/llama_engine_axi_0/U0/u_engine/u_sw/SHIFT_LEFT26__1_i_10_n_0
    SLICE_X8Y60          LUT6 (Prop_C6LUT_SLICEL_I0_O)
                                                      0.038    12.097 f  design_2_i/llama_engine_axi_0/U0/u_engine/u_sw/SHIFT_LEFT26__1_i_1/O
                         net (fo=6, routed)           0.169    12.265    design_2_i/llama_engine_axi_0/U0/u_engine/u_sw/z_q[16]
    SLICE_X7Y59          LUT1 (Prop_B6LUT_SLICEL_I0_O)
                                                      0.040    12.305 r  design_2_i/llama_engine_axi_0/U0/u_engine/u_sw/ARG_i_121/O
                         net (fo=1, routed)           0.010    12.315    design_2_i/llama_engine_axi_0/U0/u_engine/u_sw/ARG_i_121_n_0
    SLICE_X7Y59          CARRY8 (Prop_CARRY8_SLICEL_S[1]_CO[7])
                                                      0.233    12.548 r  design_2_i/llama_engine_axi_0/U0/u_engine/u_sw/ARG_i_52/CO[7]
                         net (fo=1, routed)           0.028    12.576    design_2_i/llama_engine_axi_0/U0/u_engine/u_sw/ARG_i_52_n_0
    SLICE_X7Y60          CARRY8 (Prop_CARRY8_SLICEL_CI_O[5])
                                                      0.145    12.721 f  design_2_i/llama_engine_axi_0/U0/u_engine/u_sw/ARG_i_110/O[5]
                         net (fo=5, routed)           0.235    12.956    design_2_i/llama_engine_axi_0/U0/u_engine/u_sw/SHIFT_RIGHT[20]
    SLICE_X6Y60          LUT2 (Prop_G6LUT_SLICEL_I0_O)
                                                      0.178    13.134 r  design_2_i/llama_engine_axi_0/U0/u_engine/u_sw/ARG_i_250/O
                         net (fo=1, routed)           0.009    13.143    design_2_i/llama_engine_axi_0/U0/u_engine/u_sw/ARG_i_250_n_0
    SLICE_X6Y60          CARRY8 (Prop_CARRY8_SLICEL_S[6]_CO[7])
                                                      0.148    13.291 f  design_2_i/llama_engine_axi_0/U0/u_engine/u_sw/ARG_i_123/CO[7]
                         net (fo=1, routed)           0.028    13.319    design_2_i/llama_engine_axi_0/U0/u_engine/u_sw/ARG_i_123_n_0
    SLICE_X6Y61          CARRY8 (Prop_CARRY8_SLICEL_CI_CO[3])
                                                      0.077    13.396 f  design_2_i/llama_engine_axi_0/U0/u_engine/u_sw/ARG_i_53/CO[3]
                         net (fo=123, routed)         1.180    14.576    design_2_i/llama_engine_axi_0/U0/u_engine/u_sw/k1
    SLICE_X0Y66          LUT3 (Prop_H6LUT_SLICEL_I1_O)
                                                      0.149    14.725 r  design_2_i/llama_engine_axi_0/U0/u_engine/u_sw/ARG__1_i_680/O
                         net (fo=139, routed)         0.828    15.553    design_2_i/llama_engine_axi_0/U0/u_engine/u_sw/ARG__1_i_680_n_0
    SLICE_X6Y55          LUT6 (Prop_C6LUT_SLICEL_I2_O)
                                                      0.113    15.666 r  design_2_i/llama_engine_axi_0/U0/u_engine/u_sw/ARG_i_150/O
                         net (fo=12, routed)          0.895    16.561    design_2_i/llama_engine_axi_0/U0/u_engine/u_sw/ARG_i_150_n_0
    SLICE_X9Y68          LUT3 (Prop_C5LUT_SLICEM_I1_O)
                                                      0.196    16.757 r  design_2_i/llama_engine_axi_0/U0/u_engine/u_sw/ARG_i_69/O
                         net (fo=13, routed)          0.822    17.578    design_2_i/llama_engine_axi_0/U0/u_engine/u_sw/ARG_i_69_n_0
    SLICE_X8Y73          LUT6 (Prop_H6LUT_SLICEL_I5_O)
                                                      0.116    17.694 r  design_2_i/llama_engine_axi_0/U0/u_engine/u_sw/ARG_i_101/O
                         net (fo=4, routed)           0.720    18.414    design_2_i/llama_engine_axi_0/U0/u_engine/u_sw/ARG_i_101_n_0
    SLICE_X3Y63          LUT6 (Prop_D6LUT_SLICEL_I5_O)
                                                      0.174    18.588 r  design_2_i/llama_engine_axi_0/U0/u_engine/u_sw/ARG_i_29/O
                         net (fo=1, routed)           0.010    18.598    design_2_i/llama_engine_axi_0/U0/u_engine/u_sw/ARG_i_29_n_0
    SLICE_X3Y63          CARRY8 (Prop_CARRY8_SLICEL_S[3]_CO[7])
                                                      0.195    18.793 r  design_2_i/llama_engine_axi_0/U0/u_engine/u_sw/ARG_i_2/CO[7]
                         net (fo=1, routed)           0.028    18.821    design_2_i/llama_engine_axi_0/U0/u_engine/u_sw/ARG_i_2_n_0
    SLICE_X3Y64          CARRY8 (Prop_CARRY8_SLICEL_CI_O[6])
                                                      0.129    18.950 f  design_2_i/llama_engine_axi_0/U0/u_engine/u_sw/ARG_i_1/O[6]
                         net (fo=32, routed)          1.084    20.034    design_2_i/llama_engine_axi_0/U0/u_engine/u_sw/ARG/B[13]
    DSP48E2_X0Y13        DSP_A_B_DATA (Prop_DSP_A_B_DATA_DSP48E2_B[13]_B2_DATA[13])
                                                      0.195    20.229 r  design_2_i/llama_engine_axi_0/U0/u_engine/u_sw/ARG/DSP_A_B_DATA_INST/B2_DATA[13]
                         net (fo=1, routed)           0.000    20.229    design_2_i/llama_engine_axi_0/U0/u_engine/u_sw/ARG/DSP_A_B_DATA.B2_DATA<13>
    DSP48E2_X0Y13        DSP_PREADD_DATA (Prop_DSP_PREADD_DATA_DSP48E2_B2_DATA[13]_B2B1[13])
                                                      0.092    20.321 r  design_2_i/llama_engine_axi_0/U0/u_engine/u_sw/ARG/DSP_PREADD_DATA_INST/B2B1[13]
                         net (fo=1, routed)           0.000    20.321    design_2_i/llama_engine_axi_0/U0/u_engine/u_sw/ARG/DSP_PREADD_DATA.B2B1<13>
    DSP48E2_X0Y13        DSP_MULTIPLIER (Prop_DSP_MULTIPLIER_DSP48E2_B2B1[13]_U[42])
                                                      0.737    21.058 f  design_2_i/llama_engine_axi_0/U0/u_engine/u_sw/ARG/DSP_MULTIPLIER_INST/U[42]
                         net (fo=1, routed)           0.000    21.058    design_2_i/llama_engine_axi_0/U0/u_engine/u_sw/ARG/DSP_MULTIPLIER.U<42>
    DSP48E2_X0Y13        DSP_M_DATA (Prop_DSP_M_DATA_DSP48E2_U[42]_U_DATA[42])
                                                      0.059    21.117 r  design_2_i/llama_engine_axi_0/U0/u_engine/u_sw/ARG/DSP_M_DATA_INST/U_DATA[42]
                         net (fo=1, routed)           0.000    21.117    design_2_i/llama_engine_axi_0/U0/u_engine/u_sw/ARG/DSP_M_DATA.U_DATA<42>
    DSP48E2_X0Y13        DSP_ALU (Prop_DSP_ALU_DSP48E2_U_DATA[42]_ALU_OUT[47])
                                                      0.699    21.816 f  design_2_i/llama_engine_axi_0/U0/u_engine/u_sw/ARG/DSP_ALU_INST/ALU_OUT[47]
                         net (fo=1, routed)           0.000    21.816    design_2_i/llama_engine_axi_0/U0/u_engine/u_sw/ARG/DSP_ALU.ALU_OUT<47>
    DSP48E2_X0Y13        DSP_OUTPUT (Prop_DSP_OUTPUT_DSP48E2_ALU_OUT[47]_PCOUT[47])
                                                      0.159    21.975 r  design_2_i/llama_engine_axi_0/U0/u_engine/u_sw/ARG/DSP_OUTPUT_INST/PCOUT[47]
                         net (fo=1, routed)           0.042    22.017    design_2_i/llama_engine_axi_0/U0/u_engine/u_sw/ARG__0/PCIN[47]
    DSP48E2_X0Y14        DSP_ALU (Prop_DSP_ALU_DSP48E2_PCIN[47]_ALU_OUT[1])
                                                      0.698    22.715 f  design_2_i/llama_engine_axi_0/U0/u_engine/u_sw/ARG__0/DSP_ALU_INST/ALU_OUT[1]
                         net (fo=1, routed)           0.000    22.715    design_2_i/llama_engine_axi_0/U0/u_engine/u_sw/ARG__0/DSP_ALU.ALU_OUT<1>
    DSP48E2_X0Y14        DSP_OUTPUT (Prop_DSP_OUTPUT_DSP48E2_ALU_OUT[1]_P[1])
                                                      0.141    22.856 r  design_2_i/llama_engine_axi_0/U0/u_engine/u_sw/ARG__0/DSP_OUTPUT_INST/P[1]
                         net (fo=5, routed)           1.002    23.857    design_2_i/llama_engine_axi_0/U0/u_engine/u_sw/ARG__0_n_104
    SLICE_X2Y61          LUT6 (Prop_G6LUT_SLICEL_I1_O)
                                                      0.178    24.035 r  design_2_i/llama_engine_axi_0/U0/u_engine/u_sw/SHIFT_LEFT26_i_360/O
                         net (fo=1, routed)           0.009    24.044    design_2_i/llama_engine_axi_0/U0/u_engine/u_sw/SHIFT_LEFT26_i_360_n_0
    SLICE_X2Y61          CARRY8 (Prop_CARRY8_SLICEL_S[6]_CO[7])
                                                      0.148    24.192 r  design_2_i/llama_engine_axi_0/U0/u_engine/u_sw/SHIFT_LEFT26_i_169/CO[7]
                         net (fo=1, routed)           0.028    24.220    design_2_i/llama_engine_axi_0/U0/u_engine/u_sw/SHIFT_LEFT26_i_169_n_0
    SLICE_X2Y62          CARRY8 (Prop_CARRY8_SLICEL_CI_O[0])
                                                      0.072    24.292 r  design_2_i/llama_engine_axi_0/U0/u_engine/u_sw/SHIFT_LEFT26_i_168/O[0]
                         net (fo=3, routed)           0.287    24.579    design_2_i/llama_engine_axi_0/U0/u_engine/u_sw/p_0_in[61]
    SLICE_X0Y61          LUT2 (Prop_F6LUT_SLICEL_I1_O)
                                                      0.114    24.693 r  design_2_i/llama_engine_axi_0/U0/u_engine/u_sw/SHIFT_LEFT26_i_172/O
                         net (fo=1, routed)           0.012    24.705    design_2_i/llama_engine_axi_0/U0/u_engine/u_sw/SHIFT_LEFT26_i_172_n_0
    SLICE_X0Y61          CARRY8 (Prop_CARRY8_SLICEL_S[5]_O[7])
                                                      0.168    24.873 f  design_2_i/llama_engine_axi_0/U0/u_engine/u_sw/SHIFT_LEFT26_i_69/O[7]
                         net (fo=50, routed)          0.380    25.253    design_2_i/llama_engine_axi_0/U0/u_engine/u_sw/SHIFT_LEFT26_i_69_n_8
    SLICE_X1Y59          LUT2 (Prop_G6LUT_SLICEM_I1_O)
                                                      0.064    25.317 r  design_2_i/llama_engine_axi_0/U0/u_engine/u_sw/SHIFT_LEFT26_i_317/O
                         net (fo=1, routed)           0.017    25.334    design_2_i/llama_engine_axi_0/U0/u_engine/u_sw/SHIFT_LEFT26_i_317_n_0
    SLICE_X1Y59          CARRY8 (Prop_CARRY8_SLICEM_S[6]_CO[7])
                                                      0.150    25.484 r  design_2_i/llama_engine_axi_0/U0/u_engine/u_sw/SHIFT_LEFT26_i_149/CO[7]
                         net (fo=1, routed)           0.028    25.512    design_2_i/llama_engine_axi_0/U0/u_engine/u_sw/SHIFT_LEFT26_i_149_n_0
    SLICE_X1Y60          CARRY8 (Prop_CARRY8_SLICEM_CI_CO[7])
                                                      0.030    25.542 r  design_2_i/llama_engine_axi_0/U0/u_engine/u_sw/SHIFT_LEFT26_i_67/CO[7]
                         net (fo=31, routed)          0.500    26.042    design_2_i/llama_engine_axi_0/U0/u_engine/u_sw/sigmoid_q1
    SLICE_X4Y54          LUT5 (Prop_G6LUT_SLICEM_I1_O)
                                                      0.116    26.158 f  design_2_i/llama_engine_axi_0/U0/u_engine/u_sw/SHIFT_LEFT26_i_22/O
                         net (fo=2, routed)           0.941    27.100    design_2_i/llama_engine_axi_0/U0/u_engine/u_sw/SHIFT_LEFT26__1/B[10]
    DSP48E2_X1Y19        DSP_A_B_DATA (Prop_DSP_A_B_DATA_DSP48E2_B[10]_B2_DATA[10])
                                                      0.195    27.295 r  design_2_i/llama_engine_axi_0/U0/u_engine/u_sw/SHIFT_LEFT26__1/DSP_A_B_DATA_INST/B2_DATA[10]
                         net (fo=1, routed)           0.000    27.295    design_2_i/llama_engine_axi_0/U0/u_engine/u_sw/SHIFT_LEFT26__1/DSP_A_B_DATA.B2_DATA<10>
    DSP48E2_X1Y19        DSP_PREADD_DATA (Prop_DSP_PREADD_DATA_DSP48E2_B2_DATA[10]_B2B1[10])
                                                      0.092    27.387 r  design_2_i/llama_engine_axi_0/U0/u_engine/u_sw/SHIFT_LEFT26__1/DSP_PREADD_DATA_INST/B2B1[10]
                         net (fo=1, routed)           0.000    27.387    design_2_i/llama_engine_axi_0/U0/u_engine/u_sw/SHIFT_LEFT26__1/DSP_PREADD_DATA.B2B1<10>
    DSP48E2_X1Y19        DSP_MULTIPLIER (Prop_DSP_MULTIPLIER_DSP48E2_B2B1[10]_U[40])
                                                      0.737    28.124 f  design_2_i/llama_engine_axi_0/U0/u_engine/u_sw/SHIFT_LEFT26__1/DSP_MULTIPLIER_INST/U[40]
                         net (fo=1, routed)           0.000    28.124    design_2_i/llama_engine_axi_0/U0/u_engine/u_sw/SHIFT_LEFT26__1/DSP_MULTIPLIER.U<40>
    DSP48E2_X1Y19        DSP_M_DATA (Prop_DSP_M_DATA_DSP48E2_U[40]_U_DATA[40])
                                                      0.059    28.183 r  design_2_i/llama_engine_axi_0/U0/u_engine/u_sw/SHIFT_LEFT26__1/DSP_M_DATA_INST/U_DATA[40]
                         net (fo=1, routed)           0.000    28.183    design_2_i/llama_engine_axi_0/U0/u_engine/u_sw/SHIFT_LEFT26__1/DSP_M_DATA.U_DATA<40>
    DSP48E2_X1Y19        DSP_ALU (Prop_DSP_ALU_DSP48E2_U_DATA[40]_ALU_OUT[47])
                                                      0.699    28.882 f  design_2_i/llama_engine_axi_0/U0/u_engine/u_sw/SHIFT_LEFT26__1/DSP_ALU_INST/ALU_OUT[47]
                         net (fo=1, routed)           0.000    28.882    design_2_i/llama_engine_axi_0/U0/u_engine/u_sw/SHIFT_LEFT26__1/DSP_ALU.ALU_OUT<47>
    DSP48E2_X1Y19        DSP_OUTPUT (Prop_DSP_OUTPUT_DSP48E2_ALU_OUT[47]_PCOUT[47])
                                                      0.159    29.041 r  design_2_i/llama_engine_axi_0/U0/u_engine/u_sw/SHIFT_LEFT26__1/DSP_OUTPUT_INST/PCOUT[47]
                         net (fo=1, routed)           0.042    29.083    design_2_i/llama_engine_axi_0/U0/u_engine/u_sw/SHIFT_LEFT26__2/PCIN[47]
    DSP48E2_X1Y20        DSP_ALU (Prop_DSP_ALU_DSP48E2_PCIN[47]_ALU_OUT[4])
                                                      0.698    29.781 f  design_2_i/llama_engine_axi_0/U0/u_engine/u_sw/SHIFT_LEFT26__2/DSP_ALU_INST/ALU_OUT[4]
                         net (fo=1, routed)           0.000    29.781    design_2_i/llama_engine_axi_0/U0/u_engine/u_sw/SHIFT_LEFT26__2/DSP_ALU.ALU_OUT<4>
    DSP48E2_X1Y20        DSP_OUTPUT (Prop_DSP_OUTPUT_DSP48E2_ALU_OUT[4]_P[4])
                                                      0.141    29.922 r  design_2_i/llama_engine_axi_0/U0/u_engine/u_sw/SHIFT_LEFT26__2/DSP_OUTPUT_INST/P[4]
                         net (fo=2, routed)           0.921    30.843    design_2_i/llama_engine_axi_0/U0/u_engine/u_sw/SHIFT_LEFT26__2_n_101
    SLICE_X2Y48          LUT2 (Prop_F6LUT_SLICEL_I0_O)
                                                      0.114    30.957 r  design_2_i/llama_engine_axi_0/U0/u_engine/u_sw/SHIFT_LEFT26__5_i_4/O
                         net (fo=1, routed)           0.012    30.969    design_2_i/llama_engine_axi_0/U0/u_engine/u_sw/SHIFT_LEFT26__5_i_4_n_0
    SLICE_X2Y48          CARRY8 (Prop_CARRY8_SLICEL_S[5]_CO[7])
                                                      0.197    31.166 r  design_2_i/llama_engine_axi_0/U0/u_engine/u_sw/SHIFT_LEFT26__5_i_1/CO[7]
                         net (fo=1, routed)           0.028    31.194    design_2_i/llama_engine_axi_0/U0/u_engine/u_sw/SHIFT_LEFT26__5_i_1_n_0
    SLICE_X2Y49          CARRY8 (Prop_CARRY8_SLICEL_CI_CO[7])
                                                      0.023    31.217 r  design_2_i/llama_engine_axi_0/U0/u_engine/u_sw/SHIFT_LEFT26__3_i_4/CO[7]
                         net (fo=1, routed)           0.028    31.245    design_2_i/llama_engine_axi_0/U0/u_engine/u_sw/SHIFT_LEFT26__3_i_4_n_0
    SLICE_X2Y50          CARRY8 (Prop_CARRY8_SLICEL_CI_O[4])
                                                      0.109    31.354 f  design_2_i/llama_engine_axi_0/U0/u_engine/u_sw/SHIFT_LEFT26__3_i_3/O[4]
                         net (fo=2, routed)           0.881    32.235    design_2_i/llama_engine_axi_0/U0/u_engine/u_sw/SHIFT_LEFT26__3/B[7]
    DSP48E2_X0Y15        DSP_A_B_DATA (Prop_DSP_A_B_DATA_DSP48E2_B[7]_B2_DATA[7])
                                                      0.195    32.430 r  design_2_i/llama_engine_axi_0/U0/u_engine/u_sw/SHIFT_LEFT26__3/DSP_A_B_DATA_INST/B2_DATA[7]
                         net (fo=1, routed)           0.000    32.430    design_2_i/llama_engine_axi_0/U0/u_engine/u_sw/SHIFT_LEFT26__3/DSP_A_B_DATA.B2_DATA<7>
    DSP48E2_X0Y15        DSP_PREADD_DATA (Prop_DSP_PREADD_DATA_DSP48E2_B2_DATA[7]_B2B1[7])
                                                      0.092    32.522 r  design_2_i/llama_engine_axi_0/U0/u_engine/u_sw/SHIFT_LEFT26__3/DSP_PREADD_DATA_INST/B2B1[7]
                         net (fo=1, routed)           0.000    32.522    design_2_i/llama_engine_axi_0/U0/u_engine/u_sw/SHIFT_LEFT26__3/DSP_PREADD_DATA.B2B1<7>
    DSP48E2_X0Y15        DSP_MULTIPLIER (Prop_DSP_MULTIPLIER_DSP48E2_B2B1[7]_U[38])
                                                      0.737    33.259 f  design_2_i/llama_engine_axi_0/U0/u_engine/u_sw/SHIFT_LEFT26__3/DSP_MULTIPLIER_INST/U[38]
                         net (fo=1, routed)           0.000    33.259    design_2_i/llama_engine_axi_0/U0/u_engine/u_sw/SHIFT_LEFT26__3/DSP_MULTIPLIER.U<38>
    DSP48E2_X0Y15        DSP_M_DATA (Prop_DSP_M_DATA_DSP48E2_U[38]_U_DATA[38])
                                                      0.059    33.318 r  design_2_i/llama_engine_axi_0/U0/u_engine/u_sw/SHIFT_LEFT26__3/DSP_M_DATA_INST/U_DATA[38]
                         net (fo=1, routed)           0.000    33.318    design_2_i/llama_engine_axi_0/U0/u_engine/u_sw/SHIFT_LEFT26__3/DSP_M_DATA.U_DATA<38>
    DSP48E2_X0Y15        DSP_ALU (Prop_DSP_ALU_DSP48E2_U_DATA[38]_ALU_OUT[47])
                                                      0.699    34.017 f  design_2_i/llama_engine_axi_0/U0/u_engine/u_sw/SHIFT_LEFT26__3/DSP_ALU_INST/ALU_OUT[47]
                         net (fo=1, routed)           0.000    34.017    design_2_i/llama_engine_axi_0/U0/u_engine/u_sw/SHIFT_LEFT26__3/DSP_ALU.ALU_OUT<47>
    DSP48E2_X0Y15        DSP_OUTPUT (Prop_DSP_OUTPUT_DSP48E2_ALU_OUT[47]_PCOUT[47])
                                                      0.159    34.176 r  design_2_i/llama_engine_axi_0/U0/u_engine/u_sw/SHIFT_LEFT26__3/DSP_OUTPUT_INST/PCOUT[47]
                         net (fo=1, routed)           0.042    34.218    design_2_i/llama_engine_axi_0/U0/u_engine/u_sw/SHIFT_LEFT26__4/PCIN[47]
    DSP48E2_X0Y16        DSP_ALU (Prop_DSP_ALU_DSP48E2_PCIN[47]_ALU_OUT[0])
                                                      0.698    34.916 f  design_2_i/llama_engine_axi_0/U0/u_engine/u_sw/SHIFT_LEFT26__4/DSP_ALU_INST/ALU_OUT[0]
                         net (fo=1, routed)           0.000    34.916    design_2_i/llama_engine_axi_0/U0/u_engine/u_sw/SHIFT_LEFT26__4/DSP_ALU.ALU_OUT<0>
    DSP48E2_X0Y16        DSP_OUTPUT (Prop_DSP_OUTPUT_DSP48E2_ALU_OUT[0]_P[0])
                                                      0.141    35.057 r  design_2_i/llama_engine_axi_0/U0/u_engine/u_sw/SHIFT_LEFT26__4/DSP_OUTPUT_INST/P[0]
                         net (fo=1, routed)           0.559    35.616    design_2_i/llama_engine_axi_0/U0/u_engine/u_sw/SHIFT_LEFT26__4_n_105
    SLICE_X4Y42          LUT2 (Prop_C6LUT_SLICEM_I1_O)
                                                      0.098    35.714 r  design_2_i/llama_engine_axi_0/U0/u_engine/u_sw/o_wdata[27]_i_7/O
                         net (fo=1, routed)           0.023    35.737    design_2_i/llama_engine_axi_0/U0/u_engine/u_sw/o_wdata[27]_i_7_n_0
    SLICE_X4Y42          CARRY8 (Prop_CARRY8_SLICEM_S[2]_O[7])
                                                      0.253    35.990 r  design_2_i/llama_engine_axi_0/U0/u_engine/u_sw/o_wdata_reg[27]_i_1/O[7]
                         net (fo=1, routed)           0.031    36.021    design_2_i/llama_engine_axi_0/U0/u_engine/u_sw/o_wdata_reg[27]_i_1_n_8
    SLICE_X4Y42          FDRE                                         r  design_2_i/llama_engine_axi_0/U0/u_engine/u_sw/o_wdata_reg[27]/D
  -------------------------------------------------------------------    -------------------

                         (clock clk_pl_0 rise edge)
                                                    337.503   337.503 r  
    PS8_X0Y0             PS8                          0.000   337.503 r  design_2_i/zynq_ultra_ps_e_0/inst/PS8_i/PLCLK[0]
                         net (fo=1, routed)           0.140   337.643    design_2_i/zynq_ultra_ps_e_0/inst/pl_clk_unbuffered[0]
    BUFG_PS_X0Y58        BUFG_PS (Prop_BUFG_PS_I_O)
                                                      0.027   337.670 r  design_2_i/zynq_ultra_ps_e_0/inst/buffer_pl_clk_0.PL_CLK_0_BUFG/O
    X0Y1 (CLOCK_ROOT)    net (fo=56669, routed)       1.542   339.212    design_2_i/llama_engine_axi_0/U0/u_engine/u_sw/clk
    SLICE_X4Y42          FDRE                                         r  design_2_i/llama_engine_axi_0/U0/u_engine/u_sw/o_wdata_reg[27]/C
                         clock pessimism              0.161   339.373    
                         clock uncertainty           -0.876   338.497    
    SLICE_X4Y42          FDRE (Setup_HFF_SLICEM_C_D)
                                                      0.027   338.524    design_2_i/llama_engine_axi_0/U0/u_engine/u_sw/o_wdata_reg[27]
  -------------------------------------------------------------------
                         required time                        338.524    
                         arrival time                         -36.021    
  -------------------------------------------------------------------
                         slack                                302.503    

Slack (MET) :             302.506ns  (required time - arrival time)
  Source:                 design_2_i/llama_engine_axi_0/U0/u_engine/u_sw/idx_reg[3]/C
                            (rising edge-triggered cell FDRE clocked by clk_pl_0  {rise@0.000ns fall@168.751ns period=337.503ns})
  Destination:            design_2_i/llama_engine_axi_0/U0/u_engine/u_sw/o_wdata_reg[25]/D
                            (rising edge-triggered cell FDRE clocked by clk_pl_0  {rise@0.000ns fall@168.751ns period=337.503ns})
  Path Group:             clk_pl_0
  Path Type:              Setup (Max at Slow Process Corner)
  Requirement:            337.503ns  (clk_pl_0 rise@337.503ns - clk_pl_0 rise@0.000ns)
  Data Path Delay:        34.017ns  (logic 13.566ns (39.880%)  route 20.451ns (60.120%))
  Logic Levels:           69  (CARRY8=23 DSP_A_B_DATA=3 DSP_ALU=6 DSP_M_DATA=3 DSP_MULTIPLIER=3 DSP_OUTPUT=6 DSP_PREADD_DATA=3 LUT1=1 LUT2=5 LUT3=3 LUT5=4 LUT6=8 MUXF8=1)
  Clock Path Skew:        -0.131ns (DCD - SCD + CPR)
    Destination Clock Delay (DCD):    1.709ns = ( 339.212 - 337.503 ) 
    Source Clock Delay      (SCD):    2.001ns
    Clock Pessimism Removal (CPR):    0.161ns
  Clock Uncertainty:      0.876ns  ((TSJ^2 + DJ^2)^1/2) / 2 + PE
    Total System Jitter     (TSJ):    0.071ns
    Discrete Jitter          (DJ):    1.750ns
    Phase Error              (PE):    0.000ns
  Clock Net Delay (Source):      1.794ns (routing 0.638ns, distribution 1.156ns)
  Clock Net Delay (Destination): 1.542ns (routing 0.576ns, distribution 0.966ns)

    Location             Delay type                Incr(ns)  Path(ns)    Netlist Resource(s)
  -------------------------------------------------------------------    -------------------
                         (clock clk_pl_0 rise edge)
                                                      0.000     0.000 r  
    PS8_X0Y0             PS8                          0.000     0.000 r  design_2_i/zynq_ultra_ps_e_0/inst/PS8_i/PLCLK[0]
                         net (fo=1, routed)           0.178     0.178    design_2_i/zynq_ultra_ps_e_0/inst/pl_clk_unbuffered[0]
    BUFG_PS_X0Y58        BUFG_PS (Prop_BUFG_PS_I_O)
                                                      0.029     0.207 r  design_2_i/zynq_ultra_ps_e_0/inst/buffer_pl_clk_0.PL_CLK_0_BUFG/O
    X0Y1 (CLOCK_ROOT)    net (fo=56669, routed)       1.794     2.001    design_2_i/llama_engine_axi_0/U0/u_engine/u_sw/clk
    SLICE_X19Y56         FDRE                                         r  design_2_i/llama_engine_axi_0/U0/u_engine/u_sw/idx_reg[3]/C
  -------------------------------------------------------------------    -------------------
    SLICE_X19Y56         FDRE (Prop_EFF_SLICEM_C_Q)
                                                      0.093     2.094 r  design_2_i/llama_engine_axi_0/U0/u_engine/u_sw/idx_reg[3]/Q
                         net (fo=336, routed)         4.954     7.047    design_2_i/llama_engine_axi_0/U0/u_engine/u_sw/idx_reg_n_0_[3]
    SLICE_X38Y109        MUXF8 (Prop_F8MUX_BOT_SLICEL_S_O)
                                                      0.089     7.136 r  design_2_i/llama_engine_axi_0/U0/u_engine/u_sw/ARG__4_i_169/O
                         net (fo=1, routed)           1.529     8.665    design_2_i/llama_engine_axi_0/U0/u_engine/u_sw/ARG__4_i_169_n_0
    SLICE_X12Y60         LUT6 (Prop_H6LUT_SLICEL_I1_O)
                                                      0.100     8.765 r  design_2_i/llama_engine_axi_0/U0/u_engine/u_sw/ARG__4_i_118/O
                         net (fo=3, routed)           0.105     8.871    design_2_i/llama_engine_axi_0/U0/u_engine/u_sw/ARG__4_i_118_n_0
    SLICE_X12Y60         LUT5 (Prop_A6LUT_SLICEL_I4_O)
                                                      0.064     8.935 r  design_2_i/llama_engine_axi_0/U0/u_engine/u_sw/ARG__4_i_66/O
                         net (fo=7, routed)           0.239     9.174    design_2_i/llama_engine_axi_0/U0/u_engine/u_sw/ARG__4_i_66_n_0
    SLICE_X11Y63         LUT5 (Prop_D6LUT_SLICEL_I0_O)
                                                      0.116     9.290 r  design_2_i/llama_engine_axi_0/U0/u_engine/u_sw/ARG__4_i_352/O
                         net (fo=1, routed)           0.010     9.300    design_2_i/llama_engine_axi_0/U0/u_engine/u_sw/ARG__4_i_352_n_0
    SLICE_X11Y63         CARRY8 (Prop_CARRY8_SLICEL_S[3]_CO[7])
                                                      0.195     9.495 r  design_2_i/llama_engine_axi_0/U0/u_engine/u_sw/ARG__4_i_202/CO[7]
                         net (fo=1, routed)           0.028     9.523    design_2_i/llama_engine_axi_0/U0/u_engine/u_sw/ARG__4_i_202_n_0
    SLICE_X11Y64         CARRY8 (Prop_CARRY8_SLICEL_CI_CO[7])
                                                      0.023     9.546 r  design_2_i/llama_engine_axi_0/U0/u_engine/u_sw/ARG__4_i_201/CO[7]
                         net (fo=1, routed)           0.028     9.574    design_2_i/llama_engine_axi_0/U0/u_engine/u_sw/ARG__4_i_201_n_0
    SLICE_X11Y65         CARRY8 (Prop_CARRY8_SLICEL_CI_CO[7])
                                                      0.023     9.597 r  design_2_i/llama_engine_axi_0/U0/u_engine/u_sw/ARG__4_i_199/CO[7]
                         net (fo=1, routed)           0.028     9.625    design_2_i/llama_engine_axi_0/U0/u_engine/u_sw/ARG__4_i_199_n_0
    SLICE_X11Y66         CARRY8 (Prop_CARRY8_SLICEL_CI_CO[7])
                                                      0.023     9.648 r  design_2_i/llama_engine_axi_0/U0/u_engine/u_sw/ARG__4_i_200/CO[7]
                         net (fo=1, routed)           0.028     9.676    design_2_i/llama_engine_axi_0/U0/u_engine/u_sw/ARG__4_i_200_n_0
    SLICE_X11Y67         CARRY8 (Prop_CARRY8_SLICEL_CI_CO[7])
                                                      0.023     9.699 r  design_2_i/llama_engine_axi_0/U0/u_engine/u_sw/SHIFT_LEFT26_i_391/CO[7]
                         net (fo=1, routed)           0.028     9.727    design_2_i/llama_engine_axi_0/U0/u_engine/u_sw/SHIFT_LEFT26_i_391_n_0
    SLICE_X11Y68         CARRY8 (Prop_CARRY8_SLICEL_CI_CO[7])
                                                      0.023     9.750 r  design_2_i/llama_engine_axi_0/U0/u_engine/u_sw/SHIFT_LEFT26_i_222/CO[7]
                         net (fo=1, routed)           0.028     9.778    design_2_i/llama_engine_axi_0/U0/u_engine/u_sw/SHIFT_LEFT26_i_222_n_0
    SLICE_X11Y69         CARRY8 (Prop_CARRY8_SLICEL_CI_CO[7])
                                                      0.023     9.801 r  design_2_i/llama_engine_axi_0/U0/u_engine/u_sw/SHIFT_LEFT26_i_73/CO[7]
                         net (fo=1, routed)           0.028     9.829    design_2_i/llama_engine_axi_0/U0/u_engine/u_sw/SHIFT_LEFT26_i_73_n_0
    SLICE_X11Y70         CARRY8 (Prop_CARRY8_SLICEL_CI_O[7])
                                                      0.146     9.975 f  design_2_i/llama_engine_axi_0/U0/u_engine/u_sw/SHIFT_LEFT26_i_33/O[7]
                         net (fo=69, routed)          0.771    10.745    design_2_i/llama_engine_axi_0/U0/u_engine/u_sw/SHIFT_LEFT26_i_33_n_8
    SLICE_X13Y63         LUT6 (Prop_F6LUT_SLICEL_I0_O)
                                                      0.114    10.859 f  design_2_i/llama_engine_axi_0/U0/u_engine/u_sw/ARG__4_i_136/O
                         net (fo=4, routed)           0.265    11.125    design_2_i/llama_engine_axi_0/U0/u_engine/u_sw/ARG__4_i_136_n_0
    SLICE_X12Y62         LUT6 (Prop_B6LUT_SLICEL_I5_O)
                                                      0.064    11.189 f  design_2_i/llama_engine_axi_0/U0/u_engine/u_sw/SHIFT_LEFT26_i_289/O
                         net (fo=2, routed)           0.257    11.446    design_2_i/llama_engine_axi_0/U0/u_engine/u_sw/SHIFT_LEFT26_i_289_n_0
    SLICE_X8Y61          LUT3 (Prop_C5LUT_SLICEL_I0_O)
                                                      0.168    11.614 f  design_2_i/llama_engine_axi_0/U0/u_engine/u_sw/SHIFT_LEFT26_i_131/O
                         net (fo=2, routed)           0.164    11.778    design_2_i/llama_engine_axi_0/U0/u_engine/u_sw/SHIFT_LEFT26_i_131_n_0
    SLICE_X8Y60          LUT5 (Prop_B6LUT_SLICEL_I0_O)
                                                      0.177    11.955 f  design_2_i/llama_engine_axi_0/U0/u_engine/u_sw/SHIFT_LEFT26__1_i_10/O
                         net (fo=1, routed)           0.104    12.059    design_2_i/llama_engine_axi_0/U0/u_engine/u_sw/SHIFT_LEFT26__1_i_10_n_0
    SLICE_X8Y60          LUT6 (Prop_C6LUT_SLICEL_I0_O)
                                                      0.038    12.097 f  design_2_i/llama_engine_axi_0/U0/u_engine/u_sw/SHIFT_LEFT26__1_i_1/O
                         net (fo=6, routed)           0.169    12.265    design_2_i/llama_engine_axi_0/U0/u_engine/u_sw/z_q[16]
    SLICE_X7Y59          LUT1 (Prop_B6LUT_SLICEL_I0_O)
                                                      0.040    12.305 r  design_2_i/llama_engine_axi_0/U0/u_engine/u_sw/ARG_i_121/O
                         net (fo=1, routed)           0.010    12.315    design_2_i/llama_engine_axi_0/U0/u_engine/u_sw/ARG_i_121_n_0
    SLICE_X7Y59          CARRY8 (Prop_CARRY8_SLICEL_S[1]_CO[7])
                                                      0.233    12.548 r  design_2_i/llama_engine_axi_0/U0/u_engine/u_sw/ARG_i_52/CO[7]
                         net (fo=1, routed)           0.028    12.576    design_2_i/llama_engine_axi_0/U0/u_engine/u_sw/ARG_i_52_n_0
    SLICE_X7Y60          CARRY8 (Prop_CARRY8_SLICEL_CI_O[5])
                                                      0.145    12.721 f  design_2_i/llama_engine_axi_0/U0/u_engine/u_sw/ARG_i_110/O[5]
                         net (fo=5, routed)           0.235    12.956    design_2_i/llama_engine_axi_0/U0/u_engine/u_sw/SHIFT_RIGHT[20]
    SLICE_X6Y60          LUT2 (Prop_G6LUT_SLICEL_I0_O)
                                                      0.178    13.134 r  design_2_i/llama_engine_axi_0/U0/u_engine/u_sw/ARG_i_250/O
                         net (fo=1, routed)           0.009    13.143    design_2_i/llama_engine_axi_0/U0/u_engine/u_sw/ARG_i_250_n_0
    SLICE_X6Y60          CARRY8 (Prop_CARRY8_SLICEL_S[6]_CO[7])
                                                      0.148    13.291 f  design_2_i/llama_engine_axi_0/U0/u_engine/u_sw/ARG_i_123/CO[7]
                         net (fo=1, routed)           0.028    13.319    design_2_i/llama_engine_axi_0/U0/u_engine/u_sw/ARG_i_123_n_0
    SLICE_X6Y61          CARRY8 (Prop_CARRY8_SLICEL_CI_CO[3])
                                                      0.077    13.396 f  design_2_i/llama_engine_axi_0/U0/u_engine/u_sw/ARG_i_53/CO[3]
                         net (fo=123, routed)         1.180    14.576    design_2_i/llama_engine_axi_0/U0/u_engine/u_sw/k1
    SLICE_X0Y66          LUT3 (Prop_H6LUT_SLICEL_I1_O)
                                                      0.149    14.725 r  design_2_i/llama_engine_axi_0/U0/u_engine/u_sw/ARG__1_i_680/O
                         net (fo=139, routed)         0.828    15.553    design_2_i/llama_engine_axi_0/U0/u_engine/u_sw/ARG__1_i_680_n_0
    SLICE_X6Y55          LUT6 (Prop_C6LUT_SLICEL_I2_O)
                                                      0.113    15.666 r  design_2_i/llama_engine_axi_0/U0/u_engine/u_sw/ARG_i_150/O
                         net (fo=12, routed)          0.895    16.561    design_2_i/llama_engine_axi_0/U0/u_engine/u_sw/ARG_i_150_n_0
    SLICE_X9Y68          LUT3 (Prop_C5LUT_SLICEM_I1_O)
                                                      0.196    16.757 r  design_2_i/llama_engine_axi_0/U0/u_engine/u_sw/ARG_i_69/O
                         net (fo=13, routed)          0.822    17.578    design_2_i/llama_engine_axi_0/U0/u_engine/u_sw/ARG_i_69_n_0
    SLICE_X8Y73          LUT6 (Prop_H6LUT_SLICEL_I5_O)
                                                      0.116    17.694 r  design_2_i/llama_engine_axi_0/U0/u_engine/u_sw/ARG_i_101/O
                         net (fo=4, routed)           0.720    18.414    design_2_i/llama_engine_axi_0/U0/u_engine/u_sw/ARG_i_101_n_0
    SLICE_X3Y63          LUT6 (Prop_D6LUT_SLICEL_I5_O)
                                                      0.174    18.588 r  design_2_i/llama_engine_axi_0/U0/u_engine/u_sw/ARG_i_29/O
                         net (fo=1, routed)           0.010    18.598    design_2_i/llama_engine_axi_0/U0/u_engine/u_sw/ARG_i_29_n_0
    SLICE_X3Y63          CARRY8 (Prop_CARRY8_SLICEL_S[3]_CO[7])
                                                      0.195    18.793 r  design_2_i/llama_engine_axi_0/U0/u_engine/u_sw/ARG_i_2/CO[7]
                         net (fo=1, routed)           0.028    18.821    design_2_i/llama_engine_axi_0/U0/u_engine/u_sw/ARG_i_2_n_0
    SLICE_X3Y64          CARRY8 (Prop_CARRY8_SLICEL_CI_O[6])
                                                      0.129    18.950 f  design_2_i/llama_engine_axi_0/U0/u_engine/u_sw/ARG_i_1/O[6]
                         net (fo=32, routed)          1.084    20.034    design_2_i/llama_engine_axi_0/U0/u_engine/u_sw/ARG/B[13]
    DSP48E2_X0Y13        DSP_A_B_DATA (Prop_DSP_A_B_DATA_DSP48E2_B[13]_B2_DATA[13])
                                                      0.195    20.229 r  design_2_i/llama_engine_axi_0/U0/u_engine/u_sw/ARG/DSP_A_B_DATA_INST/B2_DATA[13]
                         net (fo=1, routed)           0.000    20.229    design_2_i/llama_engine_axi_0/U0/u_engine/u_sw/ARG/DSP_A_B_DATA.B2_DATA<13>
    DSP48E2_X0Y13        DSP_PREADD_DATA (Prop_DSP_PREADD_DATA_DSP48E2_B2_DATA[13]_B2B1[13])
                                                      0.092    20.321 r  design_2_i/llama_engine_axi_0/U0/u_engine/u_sw/ARG/DSP_PREADD_DATA_INST/B2B1[13]
                         net (fo=1, routed)           0.000    20.321    design_2_i/llama_engine_axi_0/U0/u_engine/u_sw/ARG/DSP_PREADD_DATA.B2B1<13>
    DSP48E2_X0Y13        DSP_MULTIPLIER (Prop_DSP_MULTIPLIER_DSP48E2_B2B1[13]_U[42])
                                                      0.737    21.058 f  design_2_i/llama_engine_axi_0/U0/u_engine/u_sw/ARG/DSP_MULTIPLIER_INST/U[42]
                         net (fo=1, routed)           0.000    21.058    design_2_i/llama_engine_axi_0/U0/u_engine/u_sw/ARG/DSP_MULTIPLIER.U<42>
    DSP48E2_X0Y13        DSP_M_DATA (Prop_DSP_M_DATA_DSP48E2_U[42]_U_DATA[42])
                                                      0.059    21.117 r  design_2_i/llama_engine_axi_0/U0/u_engine/u_sw/ARG/DSP_M_DATA_INST/U_DATA[42]
                         net (fo=1, routed)           0.000    21.117    design_2_i/llama_engine_axi_0/U0/u_engine/u_sw/ARG/DSP_M_DATA.U_DATA<42>
    DSP48E2_X0Y13        DSP_ALU (Prop_DSP_ALU_DSP48E2_U_DATA[42]_ALU_OUT[47])
                                                      0.699    21.816 f  design_2_i/llama_engine_axi_0/U0/u_engine/u_sw/ARG/DSP_ALU_INST/ALU_OUT[47]
                         net (fo=1, routed)           0.000    21.816    design_2_i/llama_engine_axi_0/U0/u_engine/u_sw/ARG/DSP_ALU.ALU_OUT<47>
    DSP48E2_X0Y13        DSP_OUTPUT (Prop_DSP_OUTPUT_DSP48E2_ALU_OUT[47]_PCOUT[47])
                                                      0.159    21.975 r  design_2_i/llama_engine_axi_0/U0/u_engine/u_sw/ARG/DSP_OUTPUT_INST/PCOUT[47]
                         net (fo=1, routed)           0.042    22.017    design_2_i/llama_engine_axi_0/U0/u_engine/u_sw/ARG__0/PCIN[47]
    DSP48E2_X0Y14        DSP_ALU (Prop_DSP_ALU_DSP48E2_PCIN[47]_ALU_OUT[1])
                                                      0.698    22.715 f  design_2_i/llama_engine_axi_0/U0/u_engine/u_sw/ARG__0/DSP_ALU_INST/ALU_OUT[1]
                         net (fo=1, routed)           0.000    22.715    design_2_i/llama_engine_axi_0/U0/u_engine/u_sw/ARG__0/DSP_ALU.ALU_OUT<1>
    DSP48E2_X0Y14        DSP_OUTPUT (Prop_DSP_OUTPUT_DSP48E2_ALU_OUT[1]_P[1])
                                                      0.141    22.856 r  design_2_i/llama_engine_axi_0/U0/u_engine/u_sw/ARG__0/DSP_OUTPUT_INST/P[1]
                         net (fo=5, routed)           1.002    23.857    design_2_i/llama_engine_axi_0/U0/u_engine/u_sw/ARG__0_n_104
    SLICE_X2Y61          LUT6 (Prop_G6LUT_SLICEL_I1_O)
                                                      0.178    24.035 r  design_2_i/llama_engine_axi_0/U0/u_engine/u_sw/SHIFT_LEFT26_i_360/O
                         net (fo=1, routed)           0.009    24.044    design_2_i/llama_engine_axi_0/U0/u_engine/u_sw/SHIFT_LEFT26_i_360_n_0
    SLICE_X2Y61          CARRY8 (Prop_CARRY8_SLICEL_S[6]_CO[7])
                                                      0.148    24.192 r  design_2_i/llama_engine_axi_0/U0/u_engine/u_sw/SHIFT_LEFT26_i_169/CO[7]
                         net (fo=1, routed)           0.028    24.220    design_2_i/llama_engine_axi_0/U0/u_engine/u_sw/SHIFT_LEFT26_i_169_n_0
    SLICE_X2Y62          CARRY8 (Prop_CARRY8_SLICEL_CI_O[0])
                                                      0.072    24.292 r  design_2_i/llama_engine_axi_0/U0/u_engine/u_sw/SHIFT_LEFT26_i_168/O[0]
                         net (fo=3, routed)           0.287    24.579    design_2_i/llama_engine_axi_0/U0/u_engine/u_sw/p_0_in[61]
    SLICE_X0Y61          LUT2 (Prop_F6LUT_SLICEL_I1_O)
                                                      0.114    24.693 r  design_2_i/llama_engine_axi_0/U0/u_engine/u_sw/SHIFT_LEFT26_i_172/O
                         net (fo=1, routed)           0.012    24.705    design_2_i/llama_engine_axi_0/U0/u_engine/u_sw/SHIFT_LEFT26_i_172_n_0
    SLICE_X0Y61          CARRY8 (Prop_CARRY8_SLICEL_S[5]_O[7])
                                                      0.168    24.873 f  design_2_i/llama_engine_axi_0/U0/u_engine/u_sw/SHIFT_LEFT26_i_69/O[7]
                         net (fo=50, routed)          0.380    25.253    design_2_i/llama_engine_axi_0/U0/u_engine/u_sw/SHIFT_LEFT26_i_69_n_8
    SLICE_X1Y59          LUT2 (Prop_G6LUT_SLICEM_I1_O)
                                                      0.064    25.317 r  design_2_i/llama_engine_axi_0/U0/u_engine/u_sw/SHIFT_LEFT26_i_317/O
                         net (fo=1, routed)           0.017    25.334    design_2_i/llama_engine_axi_0/U0/u_engine/u_sw/SHIFT_LEFT26_i_317_n_0
    SLICE_X1Y59          CARRY8 (Prop_CARRY8_SLICEM_S[6]_CO[7])
                                                      0.150    25.484 r  design_2_i/llama_engine_axi_0/U0/u_engine/u_sw/SHIFT_LEFT26_i_149/CO[7]
                         net (fo=1, routed)           0.028    25.512    design_2_i/llama_engine_axi_0/U0/u_engine/u_sw/SHIFT_LEFT26_i_149_n_0
    SLICE_X1Y60          CARRY8 (Prop_CARRY8_SLICEM_CI_CO[7])
                                                      0.030    25.542 r  design_2_i/llama_engine_axi_0/U0/u_engine/u_sw/SHIFT_LEFT26_i_67/CO[7]
                         net (fo=31, routed)          0.500    26.042    design_2_i/llama_engine_axi_0/U0/u_engine/u_sw/sigmoid_q1
    SLICE_X4Y54          LUT5 (Prop_G6LUT_SLICEM_I1_O)
                                                      0.116    26.158 f  design_2_i/llama_engine_axi_0/U0/u_engine/u_sw/SHIFT_LEFT26_i_22/O
                         net (fo=2, routed)           0.941    27.100    design_2_i/llama_engine_axi_0/U0/u_engine/u_sw/SHIFT_LEFT26__1/B[10]
    DSP48E2_X1Y19        DSP_A_B_DATA (Prop_DSP_A_B_DATA_DSP48E2_B[10]_B2_DATA[10])
                                                      0.195    27.295 r  design_2_i/llama_engine_axi_0/U0/u_engine/u_sw/SHIFT_LEFT26__1/DSP_A_B_DATA_INST/B2_DATA[10]
                         net (fo=1, routed)           0.000    27.295    design_2_i/llama_engine_axi_0/U0/u_engine/u_sw/SHIFT_LEFT26__1/DSP_A_B_DATA.B2_DATA<10>
    DSP48E2_X1Y19        DSP_PREADD_DATA (Prop_DSP_PREADD_DATA_DSP48E2_B2_DATA[10]_B2B1[10])
                                                      0.092    27.387 r  design_2_i/llama_engine_axi_0/U0/u_engine/u_sw/SHIFT_LEFT26__1/DSP_PREADD_DATA_INST/B2B1[10]
                         net (fo=1, routed)           0.000    27.387    design_2_i/llama_engine_axi_0/U0/u_engine/u_sw/SHIFT_LEFT26__1/DSP_PREADD_DATA.B2B1<10>
    DSP48E2_X1Y19        DSP_MULTIPLIER (Prop_DSP_MULTIPLIER_DSP48E2_B2B1[10]_U[40])
                                                      0.737    28.124 f  design_2_i/llama_engine_axi_0/U0/u_engine/u_sw/SHIFT_LEFT26__1/DSP_MULTIPLIER_INST/U[40]
                         net (fo=1, routed)           0.000    28.124    design_2_i/llama_engine_axi_0/U0/u_engine/u_sw/SHIFT_LEFT26__1/DSP_MULTIPLIER.U<40>
    DSP48E2_X1Y19        DSP_M_DATA (Prop_DSP_M_DATA_DSP48E2_U[40]_U_DATA[40])
                                                      0.059    28.183 r  design_2_i/llama_engine_axi_0/U0/u_engine/u_sw/SHIFT_LEFT26__1/DSP_M_DATA_INST/U_DATA[40]
                         net (fo=1, routed)           0.000    28.183    design_2_i/llama_engine_axi_0/U0/u_engine/u_sw/SHIFT_LEFT26__1/DSP_M_DATA.U_DATA<40>
    DSP48E2_X1Y19        DSP_ALU (Prop_DSP_ALU_DSP48E2_U_DATA[40]_ALU_OUT[47])
                                                      0.699    28.882 f  design_2_i/llama_engine_axi_0/U0/u_engine/u_sw/SHIFT_LEFT26__1/DSP_ALU_INST/ALU_OUT[47]
                         net (fo=1, routed)           0.000    28.882    design_2_i/llama_engine_axi_0/U0/u_engine/u_sw/SHIFT_LEFT26__1/DSP_ALU.ALU_OUT<47>
    DSP48E2_X1Y19        DSP_OUTPUT (Prop_DSP_OUTPUT_DSP48E2_ALU_OUT[47]_PCOUT[47])
                                                      0.159    29.041 r  design_2_i/llama_engine_axi_0/U0/u_engine/u_sw/SHIFT_LEFT26__1/DSP_OUTPUT_INST/PCOUT[47]
                         net (fo=1, routed)           0.042    29.083    design_2_i/llama_engine_axi_0/U0/u_engine/u_sw/SHIFT_LEFT26__2/PCIN[47]
    DSP48E2_X1Y20        DSP_ALU (Prop_DSP_ALU_DSP48E2_PCIN[47]_ALU_OUT[4])
                                                      0.698    29.781 f  design_2_i/llama_engine_axi_0/U0/u_engine/u_sw/SHIFT_LEFT26__2/DSP_ALU_INST/ALU_OUT[4]
                         net (fo=1, routed)           0.000    29.781    design_2_i/llama_engine_axi_0/U0/u_engine/u_sw/SHIFT_LEFT26__2/DSP_ALU.ALU_OUT<4>
    DSP48E2_X1Y20        DSP_OUTPUT (Prop_DSP_OUTPUT_DSP48E2_ALU_OUT[4]_P[4])
                                                      0.141    29.922 r  design_2_i/llama_engine_axi_0/U0/u_engine/u_sw/SHIFT_LEFT26__2/DSP_OUTPUT_INST/P[4]
                         net (fo=2, routed)           0.921    30.843    design_2_i/llama_engine_axi_0/U0/u_engine/u_sw/SHIFT_LEFT26__2_n_101
    SLICE_X2Y48          LUT2 (Prop_F6LUT_SLICEL_I0_O)
                                                      0.114    30.957 r  design_2_i/llama_engine_axi_0/U0/u_engine/u_sw/SHIFT_LEFT26__5_i_4/O
                         net (fo=1, routed)           0.012    30.969    design_2_i/llama_engine_axi_0/U0/u_engine/u_sw/SHIFT_LEFT26__5_i_4_n_0
    SLICE_X2Y48          CARRY8 (Prop_CARRY8_SLICEL_S[5]_CO[7])
                                                      0.197    31.166 r  design_2_i/llama_engine_axi_0/U0/u_engine/u_sw/SHIFT_LEFT26__5_i_1/CO[7]
                         net (fo=1, routed)           0.028    31.194    design_2_i/llama_engine_axi_0/U0/u_engine/u_sw/SHIFT_LEFT26__5_i_1_n_0
    SLICE_X2Y49          CARRY8 (Prop_CARRY8_SLICEL_CI_CO[7])
                                                      0.023    31.217 r  design_2_i/llama_engine_axi_0/U0/u_engine/u_sw/SHIFT_LEFT26__3_i_4/CO[7]
                         net (fo=1, routed)           0.028    31.245    design_2_i/llama_engine_axi_0/U0/u_engine/u_sw/SHIFT_LEFT26__3_i_4_n_0
    SLICE_X2Y50          CARRY8 (Prop_CARRY8_SLICEL_CI_O[4])
                                                      0.109    31.354 f  design_2_i/llama_engine_axi_0/U0/u_engine/u_sw/SHIFT_LEFT26__3_i_3/O[4]
                         net (fo=2, routed)           0.881    32.235    design_2_i/llama_engine_axi_0/U0/u_engine/u_sw/SHIFT_LEFT26__3/B[7]
    DSP48E2_X0Y15        DSP_A_B_DATA (Prop_DSP_A_B_DATA_DSP48E2_B[7]_B2_DATA[7])
                                                      0.195    32.430 r  design_2_i/llama_engine_axi_0/U0/u_engine/u_sw/SHIFT_LEFT26__3/DSP_A_B_DATA_INST/B2_DATA[7]
                         net (fo=1, routed)           0.000    32.430    design_2_i/llama_engine_axi_0/U0/u_engine/u_sw/SHIFT_LEFT26__3/DSP_A_B_DATA.B2_DATA<7>
    DSP48E2_X0Y15        DSP_PREADD_DATA (Prop_DSP_PREADD_DATA_DSP48E2_B2_DATA[7]_B2B1[7])
                                                      0.092    32.522 r  design_2_i/llama_engine_axi_0/U0/u_engine/u_sw/SHIFT_LEFT26__3/DSP_PREADD_DATA_INST/B2B1[7]
                         net (fo=1, routed)           0.000    32.522    design_2_i/llama_engine_axi_0/U0/u_engine/u_sw/SHIFT_LEFT26__3/DSP_PREADD_DATA.B2B1<7>
    DSP48E2_X0Y15        DSP_MULTIPLIER (Prop_DSP_MULTIPLIER_DSP48E2_B2B1[7]_U[38])
                                                      0.737    33.259 f  design_2_i/llama_engine_axi_0/U0/u_engine/u_sw/SHIFT_LEFT26__3/DSP_MULTIPLIER_INST/U[38]
                         net (fo=1, routed)           0.000    33.259    design_2_i/llama_engine_axi_0/U0/u_engine/u_sw/SHIFT_LEFT26__3/DSP_MULTIPLIER.U<38>
    DSP48E2_X0Y15        DSP_M_DATA (Prop_DSP_M_DATA_DSP48E2_U[38]_U_DATA[38])
                                                      0.059    33.318 r  design_2_i/llama_engine_axi_0/U0/u_engine/u_sw/SHIFT_LEFT26__3/DSP_M_DATA_INST/U_DATA[38]
                         net (fo=1, routed)           0.000    33.318    design_2_i/llama_engine_axi_0/U0/u_engine/u_sw/SHIFT_LEFT26__3/DSP_M_DATA.U_DATA<38>
    DSP48E2_X0Y15        DSP_ALU (Prop_DSP_ALU_DSP48E2_U_DATA[38]_ALU_OUT[47])
                                                      0.699    34.017 f  design_2_i/llama_engine_axi_0/U0/u_engine/u_sw/SHIFT_LEFT26__3/DSP_ALU_INST/ALU_OUT[47]
                         net (fo=1, routed)           0.000    34.017    design_2_i/llama_engine_axi_0/U0/u_engine/u_sw/SHIFT_LEFT26__3/DSP_ALU.ALU_OUT<47>
    DSP48E2_X0Y15        DSP_OUTPUT (Prop_DSP_OUTPUT_DSP48E2_ALU_OUT[47]_PCOUT[47])
                                                      0.159    34.176 r  design_2_i/llama_engine_axi_0/U0/u_engine/u_sw/SHIFT_LEFT26__3/DSP_OUTPUT_INST/PCOUT[47]
                         net (fo=1, routed)           0.042    34.218    design_2_i/llama_engine_axi_0/U0/u_engine/u_sw/SHIFT_LEFT26__4/PCIN[47]
    DSP48E2_X0Y16        DSP_ALU (Prop_DSP_ALU_DSP48E2_PCIN[47]_ALU_OUT[0])
                                                      0.698    34.916 f  design_2_i/llama_engine_axi_0/U0/u_engine/u_sw/SHIFT_LEFT26__4/DSP_ALU_INST/ALU_OUT[0]
                         net (fo=1, routed)           0.000    34.916    design_2_i/llama_engine_axi_0/U0/u_engine/u_sw/SHIFT_LEFT26__4/DSP_ALU.ALU_OUT<0>
    DSP48E2_X0Y16        DSP_OUTPUT (Prop_DSP_OUTPUT_DSP48E2_ALU_OUT[0]_P[0])
                                                      0.141    35.057 r  design_2_i/llama_engine_axi_0/U0/u_engine/u_sw/SHIFT_LEFT26__4/DSP_OUTPUT_INST/P[0]
                         net (fo=1, routed)           0.559    35.616    design_2_i/llama_engine_axi_0/U0/u_engine/u_sw/SHIFT_LEFT26__4_n_105
    SLICE_X4Y42          LUT2 (Prop_C6LUT_SLICEM_I1_O)
                                                      0.098    35.714 r  design_2_i/llama_engine_axi_0/U0/u_engine/u_sw/o_wdata[27]_i_7/O
                         net (fo=1, routed)           0.023    35.737    design_2_i/llama_engine_axi_0/U0/u_engine/u_sw/o_wdata[27]_i_7_n_0
    SLICE_X4Y42          CARRY8 (Prop_CARRY8_SLICEM_S[2]_O[5])
                                                      0.250    35.987 r  design_2_i/llama_engine_axi_0/U0/u_engine/u_sw/o_wdata_reg[27]_i_1/O[5]
                         net (fo=1, routed)           0.031    36.018    design_2_i/llama_engine_axi_0/U0/u_engine/u_sw/o_wdata_reg[27]_i_1_n_10
    SLICE_X4Y42          FDRE                                         r  design_2_i/llama_engine_axi_0/U0/u_engine/u_sw/o_wdata_reg[25]/D
  -------------------------------------------------------------------    -------------------

                         (clock clk_pl_0 rise edge)
                                                    337.503   337.503 r  
    PS8_X0Y0             PS8                          0.000   337.503 r  design_2_i/zynq_ultra_ps_e_0/inst/PS8_i/PLCLK[0]
                         net (fo=1, routed)           0.140   337.643    design_2_i/zynq_ultra_ps_e_0/inst/pl_clk_unbuffered[0]
    BUFG_PS_X0Y58        BUFG_PS (Prop_BUFG_PS_I_O)
                                                      0.027   337.670 r  design_2_i/zynq_ultra_ps_e_0/inst/buffer_pl_clk_0.PL_CLK_0_BUFG/O
    X0Y1 (CLOCK_ROOT)    net (fo=56669, routed)       1.542   339.212    design_2_i/llama_engine_axi_0/U0/u_engine/u_sw/clk
    SLICE_X4Y42          FDRE                                         r  design_2_i/llama_engine_axi_0/U0/u_engine/u_sw/o_wdata_reg[25]/C
                         clock pessimism              0.161   339.373    
                         clock uncertainty           -0.876   338.497    
    SLICE_X4Y42          FDRE (Setup_FFF_SLICEM_C_D)
                                                      0.027   338.524    design_2_i/llama_engine_axi_0/U0/u_engine/u_sw/o_wdata_reg[25]
  -------------------------------------------------------------------
                         required time                        338.524    
                         arrival time                         -36.018    
  -------------------------------------------------------------------
                         slack                                302.506    

Slack (MET) :             302.520ns  (required time - arrival time)
  Source:                 design_2_i/llama_engine_axi_0/U0/u_engine/u_sw/idx_reg[3]/C
                            (rising edge-triggered cell FDRE clocked by clk_pl_0  {rise@0.000ns fall@168.751ns period=337.503ns})
  Destination:            design_2_i/llama_engine_axi_0/U0/u_engine/u_sw/o_wdata_reg[26]/D
                            (rising edge-triggered cell FDRE clocked by clk_pl_0  {rise@0.000ns fall@168.751ns period=337.503ns})
  Path Group:             clk_pl_0
  Path Type:              Setup (Max at Slow Process Corner)
  Requirement:            337.503ns  (clk_pl_0 rise@337.503ns - clk_pl_0 rise@0.000ns)
  Data Path Delay:        34.003ns  (logic 13.551ns (39.852%)  route 20.452ns (60.148%))
  Logic Levels:           69  (CARRY8=23 DSP_A_B_DATA=3 DSP_ALU=6 DSP_M_DATA=3 DSP_MULTIPLIER=3 DSP_OUTPUT=6 DSP_PREADD_DATA=3 LUT1=1 LUT2=5 LUT3=3 LUT5=4 LUT6=8 MUXF8=1)
  Clock Path Skew:        -0.131ns (DCD - SCD + CPR)
    Destination Clock Delay (DCD):    1.709ns = ( 339.212 - 337.503 ) 
    Source Clock Delay      (SCD):    2.001ns
    Clock Pessimism Removal (CPR):    0.161ns
  Clock Uncertainty:      0.876ns  ((TSJ^2 + DJ^2)^1/2) / 2 + PE
    Total System Jitter     (TSJ):    0.071ns
    Discrete Jitter          (DJ):    1.750ns
    Phase Error              (PE):    0.000ns
  Clock Net Delay (Source):      1.794ns (routing 0.638ns, distribution 1.156ns)
  Clock Net Delay (Destination): 1.542ns (routing 0.576ns, distribution 0.966ns)

    Location             Delay type                Incr(ns)  Path(ns)    Netlist Resource(s)
  -------------------------------------------------------------------    -------------------
                         (clock clk_pl_0 rise edge)
                                                      0.000     0.000 r  
    PS8_X0Y0             PS8                          0.000     0.000 r  design_2_i/zynq_ultra_ps_e_0/inst/PS8_i/PLCLK[0]
                         net (fo=1, routed)           0.178     0.178    design_2_i/zynq_ultra_ps_e_0/inst/pl_clk_unbuffered[0]
    BUFG_PS_X0Y58        BUFG_PS (Prop_BUFG_PS_I_O)
                                                      0.029     0.207 r  design_2_i/zynq_ultra_ps_e_0/inst/buffer_pl_clk_0.PL_CLK_0_BUFG/O
    X0Y1 (CLOCK_ROOT)    net (fo=56669, routed)       1.794     2.001    design_2_i/llama_engine_axi_0/U0/u_engine/u_sw/clk
    SLICE_X19Y56         FDRE                                         r  design_2_i/llama_engine_axi_0/U0/u_engine/u_sw/idx_reg[3]/C
  -------------------------------------------------------------------    -------------------
    SLICE_X19Y56         FDRE (Prop_EFF_SLICEM_C_Q)
                                                      0.093     2.094 r  design_2_i/llama_engine_axi_0/U0/u_engine/u_sw/idx_reg[3]/Q
                         net (fo=336, routed)         4.954     7.047    design_2_i/llama_engine_axi_0/U0/u_engine/u_sw/idx_reg_n_0_[3]
    SLICE_X38Y109        MUXF8 (Prop_F8MUX_BOT_SLICEL_S_O)
                                                      0.089     7.136 r  design_2_i/llama_engine_axi_0/U0/u_engine/u_sw/ARG__4_i_169/O
                         net (fo=1, routed)           1.529     8.665    design_2_i/llama_engine_axi_0/U0/u_engine/u_sw/ARG__4_i_169_n_0
    SLICE_X12Y60         LUT6 (Prop_H6LUT_SLICEL_I1_O)
                                                      0.100     8.765 r  design_2_i/llama_engine_axi_0/U0/u_engine/u_sw/ARG__4_i_118/O
                         net (fo=3, routed)           0.105     8.871    design_2_i/llama_engine_axi_0/U0/u_engine/u_sw/ARG__4_i_118_n_0
    SLICE_X12Y60         LUT5 (Prop_A6LUT_SLICEL_I4_O)
                                                      0.064     8.935 r  design_2_i/llama_engine_axi_0/U0/u_engine/u_sw/ARG__4_i_66/O
                         net (fo=7, routed)           0.239     9.174    design_2_i/llama_engine_axi_0/U0/u_engine/u_sw/ARG__4_i_66_n_0
    SLICE_X11Y63         LUT5 (Prop_D6LUT_SLICEL_I0_O)
                                                      0.116     9.290 r  design_2_i/llama_engine_axi_0/U0/u_engine/u_sw/ARG__4_i_352/O
                         net (fo=1, routed)           0.010     9.300    design_2_i/llama_engine_axi_0/U0/u_engine/u_sw/ARG__4_i_352_n_0
    SLICE_X11Y63         CARRY8 (Prop_CARRY8_SLICEL_S[3]_CO[7])
                                                      0.195     9.495 r  design_2_i/llama_engine_axi_0/U0/u_engine/u_sw/ARG__4_i_202/CO[7]
                         net (fo=1, routed)           0.028     9.523    design_2_i/llama_engine_axi_0/U0/u_engine/u_sw/ARG__4_i_202_n_0
    SLICE_X11Y64         CARRY8 (Prop_CARRY8_SLICEL_CI_CO[7])
                                                      0.023     9.546 r  design_2_i/llama_engine_axi_0/U0/u_engine/u_sw/ARG__4_i_201/CO[7]
                         net (fo=1, routed)           0.028     9.574    design_2_i/llama_engine_axi_0/U0/u_engine/u_sw/ARG__4_i_201_n_0
    SLICE_X11Y65         CARRY8 (Prop_CARRY8_SLICEL_CI_CO[7])
                                                      0.023     9.597 r  design_2_i/llama_engine_axi_0/U0/u_engine/u_sw/ARG__4_i_199/CO[7]
                         net (fo=1, routed)           0.028     9.625    design_2_i/llama_engine_axi_0/U0/u_engine/u_sw/ARG__4_i_199_n_0
    SLICE_X11Y66         CARRY8 (Prop_CARRY8_SLICEL_CI_CO[7])
                                                      0.023     9.648 r  design_2_i/llama_engine_axi_0/U0/u_engine/u_sw/ARG__4_i_200/CO[7]
                         net (fo=1, routed)           0.028     9.676    design_2_i/llama_engine_axi_0/U0/u_engine/u_sw/ARG__4_i_200_n_0
    SLICE_X11Y67         CARRY8 (Prop_CARRY8_SLICEL_CI_CO[7])
                                                      0.023     9.699 r  design_2_i/llama_engine_axi_0/U0/u_engine/u_sw/SHIFT_LEFT26_i_391/CO[7]
                         net (fo=1, routed)           0.028     9.727    design_2_i/llama_engine_axi_0/U0/u_engine/u_sw/SHIFT_LEFT26_i_391_n_0
    SLICE_X11Y68         CARRY8 (Prop_CARRY8_SLICEL_CI_CO[7])
                                                      0.023     9.750 r  design_2_i/llama_engine_axi_0/U0/u_engine/u_sw/SHIFT_LEFT26_i_222/CO[7]
                         net (fo=1, routed)           0.028     9.778    design_2_i/llama_engine_axi_0/U0/u_engine/u_sw/SHIFT_LEFT26_i_222_n_0
    SLICE_X11Y69         CARRY8 (Prop_CARRY8_SLICEL_CI_CO[7])
                                                      0.023     9.801 r  design_2_i/llama_engine_axi_0/U0/u_engine/u_sw/SHIFT_LEFT26_i_73/CO[7]
                         net (fo=1, routed)           0.028     9.829    design_2_i/llama_engine_axi_0/U0/u_engine/u_sw/SHIFT_LEFT26_i_73_n_0
    SLICE_X11Y70         CARRY8 (Prop_CARRY8_SLICEL_CI_O[7])
                                                      0.146     9.975 f  design_2_i/llama_engine_axi_0/U0/u_engine/u_sw/SHIFT_LEFT26_i_33/O[7]
                         net (fo=69, routed)          0.771    10.745    design_2_i/llama_engine_axi_0/U0/u_engine/u_sw/SHIFT_LEFT26_i_33_n_8
    SLICE_X13Y63         LUT6 (Prop_F6LUT_SLICEL_I0_O)
                                                      0.114    10.859 f  design_2_i/llama_engine_axi_0/U0/u_engine/u_sw/ARG__4_i_136/O
                         net (fo=4, routed)           0.265    11.125    design_2_i/llama_engine_axi_0/U0/u_engine/u_sw/ARG__4_i_136_n_0
    SLICE_X12Y62         LUT6 (Prop_B6LUT_SLICEL_I5_O)
                                                      0.064    11.189 f  design_2_i/llama_engine_axi_0/U0/u_engine/u_sw/SHIFT_LEFT26_i_289/O
                         net (fo=2, routed)           0.257    11.446    design_2_i/llama_engine_axi_0/U0/u_engine/u_sw/SHIFT_LEFT26_i_289_n_0
    SLICE_X8Y61          LUT3 (Prop_C5LUT_SLICEL_I0_O)
                                                      0.168    11.614 f  design_2_i/llama_engine_axi_0/U0/u_engine/u_sw/SHIFT_LEFT26_i_131/O
                         net (fo=2, routed)           0.164    11.778    design_2_i/llama_engine_axi_0/U0/u_engine/u_sw/SHIFT_LEFT26_i_131_n_0
    SLICE_X8Y60          LUT5 (Prop_B6LUT_SLICEL_I0_O)
                                                      0.177    11.955 f  design_2_i/llama_engine_axi_0/U0/u_engine/u_sw/SHIFT_LEFT26__1_i_10/O
                         net (fo=1, routed)           0.104    12.059    design_2_i/llama_engine_axi_0/U0/u_engine/u_sw/SHIFT_LEFT26__1_i_10_n_0
    SLICE_X8Y60          LUT6 (Prop_C6LUT_SLICEL_I0_O)
                                                      0.038    12.097 f  design_2_i/llama_engine_axi_0/U0/u_engine/u_sw/SHIFT_LEFT26__1_i_1/O
                         net (fo=6, routed)           0.169    12.265    design_2_i/llama_engine_axi_0/U0/u_engine/u_sw/z_q[16]
    SLICE_X7Y59          LUT1 (Prop_B6LUT_SLICEL_I0_O)
                                                      0.040    12.305 r  design_2_i/llama_engine_axi_0/U0/u_engine/u_sw/ARG_i_121/O
                         net (fo=1, routed)           0.010    12.315    design_2_i/llama_engine_axi_0/U0/u_engine/u_sw/ARG_i_121_n_0
    SLICE_X7Y59          CARRY8 (Prop_CARRY8_SLICEL_S[1]_CO[7])
                                                      0.233    12.548 r  design_2_i/llama_engine_axi_0/U0/u_engine/u_sw/ARG_i_52/CO[7]
                         net (fo=1, routed)           0.028    12.576    design_2_i/llama_engine_axi_0/U0/u_engine/u_sw/ARG_i_52_n_0
    SLICE_X7Y60          CARRY8 (Prop_CARRY8_SLICEL_CI_O[5])
                                                      0.145    12.721 f  design_2_i/llama_engine_axi_0/U0/u_engine/u_sw/ARG_i_110/O[5]
                         net (fo=5, routed)           0.235    12.956    design_2_i/llama_engine_axi_0/U0/u_engine/u_sw/SHIFT_RIGHT[20]
    SLICE_X6Y60          LUT2 (Prop_G6LUT_SLICEL_I0_O)
                                                      0.178    13.134 r  design_2_i/llama_engine_axi_0/U0/u_engine/u_sw/ARG_i_250/O
                         net (fo=1, routed)           0.009    13.143    design_2_i/llama_engine_axi_0/U0/u_engine/u_sw/ARG_i_250_n_0
    SLICE_X6Y60          CARRY8 (Prop_CARRY8_SLICEL_S[6]_CO[7])
                                                      0.148    13.291 f  design_2_i/llama_engine_axi_0/U0/u_engine/u_sw/ARG_i_123/CO[7]
                         net (fo=1, routed)           0.028    13.319    design_2_i/llama_engine_axi_0/U0/u_engine/u_sw/ARG_i_123_n_0
    SLICE_X6Y61          CARRY8 (Prop_CARRY8_SLICEL_CI_CO[3])
                                                      0.077    13.396 f  design_2_i/llama_engine_axi_0/U0/u_engine/u_sw/ARG_i_53/CO[3]
                         net (fo=123, routed)         1.180    14.576    design_2_i/llama_engine_axi_0/U0/u_engine/u_sw/k1
    SLICE_X0Y66          LUT3 (Prop_H6LUT_SLICEL_I1_O)
                                                      0.149    14.725 r  design_2_i/llama_engine_axi_0/U0/u_engine/u_sw/ARG__1_i_680/O
                         net (fo=139, routed)         0.828    15.553    design_2_i/llama_engine_axi_0/U0/u_engine/u_sw/ARG__1_i_680_n_0
    SLICE_X6Y55          LUT6 (Prop_C6LUT_SLICEL_I2_O)
                                                      0.113    15.666 r  design_2_i/llama_engine_axi_0/U0/u_engine/u_sw/ARG_i_150/O
                         net (fo=12, routed)          0.895    16.561    design_2_i/llama_engine_axi_0/U0/u_engine/u_sw/ARG_i_150_n_0
    SLICE_X9Y68          LUT3 (Prop_C5LUT_SLICEM_I1_O)
                                                      0.196    16.757 r  design_2_i/llama_engine_axi_0/U0/u_engine/u_sw/ARG_i_69/O
                         net (fo=13, routed)          0.822    17.578    design_2_i/llama_engine_axi_0/U0/u_engine/u_sw/ARG_i_69_n_0
    SLICE_X8Y73          LUT6 (Prop_H6LUT_SLICEL_I5_O)
                                                      0.116    17.694 r  design_2_i/llama_engine_axi_0/U0/u_engine/u_sw/ARG_i_101/O
                         net (fo=4, routed)           0.720    18.414    design_2_i/llama_engine_axi_0/U0/u_engine/u_sw/ARG_i_101_n_0
    SLICE_X3Y63          LUT6 (Prop_D6LUT_SLICEL_I5_O)
                                                      0.174    18.588 r  design_2_i/llama_engine_axi_0/U0/u_engine/u_sw/ARG_i_29/O
                         net (fo=1, routed)           0.010    18.598    design_2_i/llama_engine_axi_0/U0/u_engine/u_sw/ARG_i_29_n_0
    SLICE_X3Y63          CARRY8 (Prop_CARRY8_SLICEL_S[3]_CO[7])
                                                      0.195    18.793 r  design_2_i/llama_engine_axi_0/U0/u_engine/u_sw/ARG_i_2/CO[7]
                         net (fo=1, routed)           0.028    18.821    design_2_i/llama_engine_axi_0/U0/u_engine/u_sw/ARG_i_2_n_0
    SLICE_X3Y64          CARRY8 (Prop_CARRY8_SLICEL_CI_O[6])
                                                      0.129    18.950 f  design_2_i/llama_engine_axi_0/U0/u_engine/u_sw/ARG_i_1/O[6]
                         net (fo=32, routed)          1.084    20.034    design_2_i/llama_engine_axi_0/U0/u_engine/u_sw/ARG/B[13]
    DSP48E2_X0Y13        DSP_A_B_DATA (Prop_DSP_A_B_DATA_DSP48E2_B[13]_B2_DATA[13])
                                                      0.195    20.229 r  design_2_i/llama_engine_axi_0/U0/u_engine/u_sw/ARG/DSP_A_B_DATA_INST/B2_DATA[13]
                         net (fo=1, routed)           0.000    20.229    design_2_i/llama_engine_axi_0/U0/u_engine/u_sw/ARG/DSP_A_B_DATA.B2_DATA<13>
    DSP48E2_X0Y13        DSP_PREADD_DATA (Prop_DSP_PREADD_DATA_DSP48E2_B2_DATA[13]_B2B1[13])
                                                      0.092    20.321 r  design_2_i/llama_engine_axi_0/U0/u_engine/u_sw/ARG/DSP_PREADD_DATA_INST/B2B1[13]
                         net (fo=1, routed)           0.000    20.321    design_2_i/llama_engine_axi_0/U0/u_engine/u_sw/ARG/DSP_PREADD_DATA.B2B1<13>
    DSP48E2_X0Y13        DSP_MULTIPLIER (Prop_DSP_MULTIPLIER_DSP48E2_B2B1[13]_U[42])
                                                      0.737    21.058 f  design_2_i/llama_engine_axi_0/U0/u_engine/u_sw/ARG/DSP_MULTIPLIER_INST/U[42]
                         net (fo=1, routed)           0.000    21.058    design_2_i/llama_engine_axi_0/U0/u_engine/u_sw/ARG/DSP_MULTIPLIER.U<42>
    DSP48E2_X0Y13        DSP_M_DATA (Prop_DSP_M_DATA_DSP48E2_U[42]_U_DATA[42])
                                                      0.059    21.117 r  design_2_i/llama_engine_axi_0/U0/u_engine/u_sw/ARG/DSP_M_DATA_INST/U_DATA[42]
                         net (fo=1, routed)           0.000    21.117    design_2_i/llama_engine_axi_0/U0/u_engine/u_sw/ARG/DSP_M_DATA.U_DATA<42>
    DSP48E2_X0Y13        DSP_ALU (Prop_DSP_ALU_DSP48E2_U_DATA[42]_ALU_OUT[47])
                                                      0.699    21.816 f  design_2_i/llama_engine_axi_0/U0/u_engine/u_sw/ARG/DSP_ALU_INST/ALU_OUT[47]
                         net (fo=1, routed)           0.000    21.816    design_2_i/llama_engine_axi_0/U0/u_engine/u_sw/ARG/DSP_ALU.ALU_OUT<47>
    DSP48E2_X0Y13        DSP_OUTPUT (Prop_DSP_OUTPUT_DSP48E2_ALU_OUT[47]_PCOUT[47])
                                                      0.159    21.975 r  design_2_i/llama_engine_axi_0/U0/u_engine/u_sw/ARG/DSP_OUTPUT_INST/PCOUT[47]
                         net (fo=1, routed)           0.042    22.017    design_2_i/llama_engine_axi_0/U0/u_engine/u_sw/ARG__0/PCIN[47]
    DSP48E2_X0Y14        DSP_ALU (Prop_DSP_ALU_DSP48E2_PCIN[47]_ALU_OUT[1])
                                                      0.698    22.715 f  design_2_i/llama_engine_axi_0/U0/u_engine/u_sw/ARG__0/DSP_ALU_INST/ALU_OUT[1]
                         net (fo=1, routed)           0.000    22.715    design_2_i/llama_engine_axi_0/U0/u_engine/u_sw/ARG__0/DSP_ALU.ALU_OUT<1>
    DSP48E2_X0Y14        DSP_OUTPUT (Prop_DSP_OUTPUT_DSP48E2_ALU_OUT[1]_P[1])
                                                      0.141    22.856 r  design_2_i/llama_engine_axi_0/U0/u_engine/u_sw/ARG__0/DSP_OUTPUT_INST/P[1]
                         net (fo=5, routed)           1.002    23.857    design_2_i/llama_engine_axi_0/U0/u_engine/u_sw/ARG__0_n_104
    SLICE_X2Y61          LUT6 (Prop_G6LUT_SLICEL_I1_O)
                                                      0.178    24.035 r  design_2_i/llama_engine_axi_0/U0/u_engine/u_sw/SHIFT_LEFT26_i_360/O
                         net (fo=1, routed)           0.009    24.044    design_2_i/llama_engine_axi_0/U0/u_engine/u_sw/SHIFT_LEFT26_i_360_n_0
    SLICE_X2Y61          CARRY8 (Prop_CARRY8_SLICEL_S[6]_CO[7])
                                                      0.148    24.192 r  design_2_i/llama_engine_axi_0/U0/u_engine/u_sw/SHIFT_LEFT26_i_169/CO[7]
                         net (fo=1, routed)           0.028    24.220    design_2_i/llama_engine_axi_0/U0/u_engine/u_sw/SHIFT_LEFT26_i_169_n_0
    SLICE_X2Y62          CARRY8 (Prop_CARRY8_SLICEL_CI_O[0])
                                                      0.072    24.292 r  design_2_i/llama_engine_axi_0/U0/u_engine/u_sw/SHIFT_LEFT26_i_168/O[0]
                         net (fo=3, routed)           0.287    24.579    design_2_i/llama_engine_axi_0/U0/u_engine/u_sw/p_0_in[61]
    SLICE_X0Y61          LUT2 (Prop_F6LUT_SLICEL_I1_O)
                                                      0.114    24.693 r  design_2_i/llama_engine_axi_0/U0/u_engine/u_sw/SHIFT_LEFT26_i_172/O
                         net (fo=1, routed)           0.012    24.705    design_2_i/llama_engine_axi_0/U0/u_engine/u_sw/SHIFT_LEFT26_i_172_n_0
    SLICE_X0Y61          CARRY8 (Prop_CARRY8_SLICEL_S[5]_O[7])
                                                      0.168    24.873 f  design_2_i/llama_engine_axi_0/U0/u_engine/u_sw/SHIFT_LEFT26_i_69/O[7]
                         net (fo=50, routed)          0.380    25.253    design_2_i/llama_engine_axi_0/U0/u_engine/u_sw/SHIFT_LEFT26_i_69_n_8
    SLICE_X1Y59          LUT2 (Prop_G6LUT_SLICEM_I1_O)
                                                      0.064    25.317 r  design_2_i/llama_engine_axi_0/U0/u_engine/u_sw/SHIFT_LEFT26_i_317/O
                         net (fo=1, routed)           0.017    25.334    design_2_i/llama_engine_axi_0/U0/u_engine/u_sw/SHIFT_LEFT26_i_317_n_0
    SLICE_X1Y59          CARRY8 (Prop_CARRY8_SLICEM_S[6]_CO[7])
                                                      0.150    25.484 r  design_2_i/llama_engine_axi_0/U0/u_engine/u_sw/SHIFT_LEFT26_i_149/CO[7]
                         net (fo=1, routed)           0.028    25.512    design_2_i/llama_engine_axi_0/U0/u_engine/u_sw/SHIFT_LEFT26_i_149_n_0
    SLICE_X1Y60          CARRY8 (Prop_CARRY8_SLICEM_CI_CO[7])
                                                      0.030    25.542 r  design_2_i/llama_engine_axi_0/U0/u_engine/u_sw/SHIFT_LEFT26_i_67/CO[7]
                         net (fo=31, routed)          0.500    26.042    design_2_i/llama_engine_axi_0/U0/u_engine/u_sw/sigmoid_q1
    SLICE_X4Y54          LUT5 (Prop_G6LUT_SLICEM_I1_O)
                                                      0.116    26.158 f  design_2_i/llama_engine_axi_0/U0/u_engine/u_sw/SHIFT_LEFT26_i_22/O
                         net (fo=2, routed)           0.941    27.100    design_2_i/llama_engine_axi_0/U0/u_engine/u_sw/SHIFT_LEFT26__1/B[10]
    DSP48E2_X1Y19        DSP_A_B_DATA (Prop_DSP_A_B_DATA_DSP48E2_B[10]_B2_DATA[10])
                                                      0.195    27.295 r  design_2_i/llama_engine_axi_0/U0/u_engine/u_sw/SHIFT_LEFT26__1/DSP_A_B_DATA_INST/B2_DATA[10]
                         net (fo=1, routed)           0.000    27.295    design_2_i/llama_engine_axi_0/U0/u_engine/u_sw/SHIFT_LEFT26__1/DSP_A_B_DATA.B2_DATA<10>
    DSP48E2_X1Y19        DSP_PREADD_DATA (Prop_DSP_PREADD_DATA_DSP48E2_B2_DATA[10]_B2B1[10])
                                                      0.092    27.387 r  design_2_i/llama_engine_axi_0/U0/u_engine/u_sw/SHIFT_LEFT26__1/DSP_PREADD_DATA_INST/B2B1[10]
                         net (fo=1, routed)           0.000    27.387    design_2_i/llama_engine_axi_0/U0/u_engine/u_sw/SHIFT_LEFT26__1/DSP_PREADD_DATA.B2B1<10>
    DSP48E2_X1Y19        DSP_MULTIPLIER (Prop_DSP_MULTIPLIER_DSP48E2_B2B1[10]_U[40])
                                                      0.737    28.124 f  design_2_i/llama_engine_axi_0/U0/u_engine/u_sw/SHIFT_LEFT26__1/DSP_MULTIPLIER_INST/U[40]
                         net (fo=1, routed)           0.000    28.124    design_2_i/llama_engine_axi_0/U0/u_engine/u_sw/SHIFT_LEFT26__1/DSP_MULTIPLIER.U<40>
    DSP48E2_X1Y19        DSP_M_DATA (Prop_DSP_M_DATA_DSP48E2_U[40]_U_DATA[40])
                                                      0.059    28.183 r  design_2_i/llama_engine_axi_0/U0/u_engine/u_sw/SHIFT_LEFT26__1/DSP_M_DATA_INST/U_DATA[40]
                         net (fo=1, routed)           0.000    28.183    design_2_i/llama_engine_axi_0/U0/u_engine/u_sw/SHIFT_LEFT26__1/DSP_M_DATA.U_DATA<40>
    DSP48E2_X1Y19        DSP_ALU (Prop_DSP_ALU_DSP48E2_U_DATA[40]_ALU_OUT[47])
                                                      0.699    28.882 f  design_2_i/llama_engine_axi_0/U0/u_engine/u_sw/SHIFT_LEFT26__1/DSP_ALU_INST/ALU_OUT[47]
                         net (fo=1, routed)           0.000    28.882    design_2_i/llama_engine_axi_0/U0/u_engine/u_sw/SHIFT_LEFT26__1/DSP_ALU.ALU_OUT<47>
    DSP48E2_X1Y19        DSP_OUTPUT (Prop_DSP_OUTPUT_DSP48E2_ALU_OUT[47]_PCOUT[47])
                                                      0.159    29.041 r  design_2_i/llama_engine_axi_0/U0/u_engine/u_sw/SHIFT_LEFT26__1/DSP_OUTPUT_INST/PCOUT[47]
                         net (fo=1, routed)           0.042    29.083    design_2_i/llama_engine_axi_0/U0/u_engine/u_sw/SHIFT_LEFT26__2/PCIN[47]
    DSP48E2_X1Y20        DSP_ALU (Prop_DSP_ALU_DSP48E2_PCIN[47]_ALU_OUT[4])
                                                      0.698    29.781 f  design_2_i/llama_engine_axi_0/U0/u_engine/u_sw/SHIFT_LEFT26__2/DSP_ALU_INST/ALU_OUT[4]
                         net (fo=1, routed)           0.000    29.781    design_2_i/llama_engine_axi_0/U0/u_engine/u_sw/SHIFT_LEFT26__2/DSP_ALU.ALU_OUT<4>
    DSP48E2_X1Y20        DSP_OUTPUT (Prop_DSP_OUTPUT_DSP48E2_ALU_OUT[4]_P[4])
                                                      0.141    29.922 r  design_2_i/llama_engine_axi_0/U0/u_engine/u_sw/SHIFT_LEFT26__2/DSP_OUTPUT_INST/P[4]
                         net (fo=2, routed)           0.921    30.843    design_2_i/llama_engine_axi_0/U0/u_engine/u_sw/SHIFT_LEFT26__2_n_101
    SLICE_X2Y48          LUT2 (Prop_F6LUT_SLICEL_I0_O)
                                                      0.114    30.957 r  design_2_i/llama_engine_axi_0/U0/u_engine/u_sw/SHIFT_LEFT26__5_i_4/O
                         net (fo=1, routed)           0.012    30.969    design_2_i/llama_engine_axi_0/U0/u_engine/u_sw/SHIFT_LEFT26__5_i_4_n_0
    SLICE_X2Y48          CARRY8 (Prop_CARRY8_SLICEL_S[5]_CO[7])
                                                      0.197    31.166 r  design_2_i/llama_engine_axi_0/U0/u_engine/u_sw/SHIFT_LEFT26__5_i_1/CO[7]
                         net (fo=1, routed)           0.028    31.194    design_2_i/llama_engine_axi_0/U0/u_engine/u_sw/SHIFT_LEFT26__5_i_1_n_0
    SLICE_X2Y49          CARRY8 (Prop_CARRY8_SLICEL_CI_CO[7])
                                                      0.023    31.217 r  design_2_i/llama_engine_axi_0/U0/u_engine/u_sw/SHIFT_LEFT26__3_i_4/CO[7]
                         net (fo=1, routed)           0.028    31.245    design_2_i/llama_engine_axi_0/U0/u_engine/u_sw/SHIFT_LEFT26__3_i_4_n_0
    SLICE_X2Y50          CARRY8 (Prop_CARRY8_SLICEL_CI_O[4])
                                                      0.109    31.354 f  design_2_i/llama_engine_axi_0/U0/u_engine/u_sw/SHIFT_LEFT26__3_i_3/O[4]
                         net (fo=2, routed)           0.881    32.235    design_2_i/llama_engine_axi_0/U0/u_engine/u_sw/SHIFT_LEFT26__3/B[7]
    DSP48E2_X0Y15        DSP_A_B_DATA (Prop_DSP_A_B_DATA_DSP48E2_B[7]_B2_DATA[7])
                                                      0.195    32.430 r  design_2_i/llama_engine_axi_0/U0/u_engine/u_sw/SHIFT_LEFT26__3/DSP_A_B_DATA_INST/B2_DATA[7]
                         net (fo=1, routed)           0.000    32.430    design_2_i/llama_engine_axi_0/U0/u_engine/u_sw/SHIFT_LEFT26__3/DSP_A_B_DATA.B2_DATA<7>
    DSP48E2_X0Y15        DSP_PREADD_DATA (Prop_DSP_PREADD_DATA_DSP48E2_B2_DATA[7]_B2B1[7])
                                                      0.092    32.522 r  design_2_i/llama_engine_axi_0/U0/u_engine/u_sw/SHIFT_LEFT26__3/DSP_PREADD_DATA_INST/B2B1[7]
                         net (fo=1, routed)           0.000    32.522    design_2_i/llama_engine_axi_0/U0/u_engine/u_sw/SHIFT_LEFT26__3/DSP_PREADD_DATA.B2B1<7>
    DSP48E2_X0Y15        DSP_MULTIPLIER (Prop_DSP_MULTIPLIER_DSP48E2_B2B1[7]_U[38])
                                                      0.737    33.259 f  design_2_i/llama_engine_axi_0/U0/u_engine/u_sw/SHIFT_LEFT26__3/DSP_MULTIPLIER_INST/U[38]
                         net (fo=1, routed)           0.000    33.259    design_2_i/llama_engine_axi_0/U0/u_engine/u_sw/SHIFT_LEFT26__3/DSP_MULTIPLIER.U<38>
    DSP48E2_X0Y15        DSP_M_DATA (Prop_DSP_M_DATA_DSP48E2_U[38]_U_DATA[38])
                                                      0.059    33.318 r  design_2_i/llama_engine_axi_0/U0/u_engine/u_sw/SHIFT_LEFT26__3/DSP_M_DATA_INST/U_DATA[38]
                         net (fo=1, routed)           0.000    33.318    design_2_i/llama_engine_axi_0/U0/u_engine/u_sw/SHIFT_LEFT26__3/DSP_M_DATA.U_DATA<38>
    DSP48E2_X0Y15        DSP_ALU (Prop_DSP_ALU_DSP48E2_U_DATA[38]_ALU_OUT[47])
                                                      0.699    34.017 f  design_2_i/llama_engine_axi_0/U0/u_engine/u_sw/SHIFT_LEFT26__3/DSP_ALU_INST/ALU_OUT[47]
                         net (fo=1, routed)           0.000    34.017    design_2_i/llama_engine_axi_0/U0/u_engine/u_sw/SHIFT_LEFT26__3/DSP_ALU.ALU_OUT<47>
    DSP48E2_X0Y15        DSP_OUTPUT (Prop_DSP_OUTPUT_DSP48E2_ALU_OUT[47]_PCOUT[47])
                                                      0.159    34.176 r  design_2_i/llama_engine_axi_0/U0/u_engine/u_sw/SHIFT_LEFT26__3/DSP_OUTPUT_INST/PCOUT[47]
                         net (fo=1, routed)           0.042    34.218    design_2_i/llama_engine_axi_0/U0/u_engine/u_sw/SHIFT_LEFT26__4/PCIN[47]
    DSP48E2_X0Y16        DSP_ALU (Prop_DSP_ALU_DSP48E2_PCIN[47]_ALU_OUT[0])
                                                      0.698    34.916 f  design_2_i/llama_engine_axi_0/U0/u_engine/u_sw/SHIFT_LEFT26__4/DSP_ALU_INST/ALU_OUT[0]
                         net (fo=1, routed)           0.000    34.916    design_2_i/llama_engine_axi_0/U0/u_engine/u_sw/SHIFT_LEFT26__4/DSP_ALU.ALU_OUT<0>
    DSP48E2_X0Y16        DSP_OUTPUT (Prop_DSP_OUTPUT_DSP48E2_ALU_OUT[0]_P[0])
                                                      0.141    35.057 r  design_2_i/llama_engine_axi_0/U0/u_engine/u_sw/SHIFT_LEFT26__4/DSP_OUTPUT_INST/P[0]
                         net (fo=1, routed)           0.559    35.616    design_2_i/llama_engine_axi_0/U0/u_engine/u_sw/SHIFT_LEFT26__4_n_105
    SLICE_X4Y42          LUT2 (Prop_C6LUT_SLICEM_I1_O)
                                                      0.098    35.714 r  design_2_i/llama_engine_axi_0/U0/u_engine/u_sw/o_wdata[27]_i_7/O
                         net (fo=1, routed)           0.023    35.737    design_2_i/llama_engine_axi_0/U0/u_engine/u_sw/o_wdata[27]_i_7_n_0
    SLICE_X4Y42          CARRY8 (Prop_CARRY8_SLICEM_S[2]_O[6])
                                                      0.235    35.972 r  design_2_i/llama_engine_axi_0/U0/u_engine/u_sw/o_wdata_reg[27]_i_1/O[6]
                         net (fo=1, routed)           0.032    36.004    design_2_i/llama_engine_axi_0/U0/u_engine/u_sw/o_wdata_reg[27]_i_1_n_9
    SLICE_X4Y42          FDRE                                         r  design_2_i/llama_engine_axi_0/U0/u_engine/u_sw/o_wdata_reg[26]/D
  -------------------------------------------------------------------    -------------------

                         (clock clk_pl_0 rise edge)
                                                    337.503   337.503 r  
    PS8_X0Y0             PS8                          0.000   337.503 r  design_2_i/zynq_ultra_ps_e_0/inst/PS8_i/PLCLK[0]
                         net (fo=1, routed)           0.140   337.643    design_2_i/zynq_ultra_ps_e_0/inst/pl_clk_unbuffered[0]
    BUFG_PS_X0Y58        BUFG_PS (Prop_BUFG_PS_I_O)
                                                      0.027   337.670 r  design_2_i/zynq_ultra_ps_e_0/inst/buffer_pl_clk_0.PL_CLK_0_BUFG/O
    X0Y1 (CLOCK_ROOT)    net (fo=56669, routed)       1.542   339.212    design_2_i/llama_engine_axi_0/U0/u_engine/u_sw/clk
    SLICE_X4Y42          FDRE                                         r  design_2_i/llama_engine_axi_0/U0/u_engine/u_sw/o_wdata_reg[26]/C
                         clock pessimism              0.161   339.373    
                         clock uncertainty           -0.876   338.497    
    SLICE_X4Y42          FDRE (Setup_GFF_SLICEM_C_D)
                                                      0.027   338.524    design_2_i/llama_engine_axi_0/U0/u_engine/u_sw/o_wdata_reg[26]
  -------------------------------------------------------------------
                         required time                        338.524    
                         arrival time                         -36.004    
  -------------------------------------------------------------------
                         slack                                302.520    

Slack (MET) :             302.548ns  (required time - arrival time)
  Source:                 design_2_i/llama_engine_axi_0/U0/u_engine/u_sw/idx_reg[3]/C
                            (rising edge-triggered cell FDRE clocked by clk_pl_0  {rise@0.000ns fall@168.751ns period=337.503ns})
  Destination:            design_2_i/llama_engine_axi_0/U0/u_engine/u_sw/o_wdata_reg[24]/D
                            (rising edge-triggered cell FDRE clocked by clk_pl_0  {rise@0.000ns fall@168.751ns period=337.503ns})
  Path Group:             clk_pl_0
  Path Type:              Setup (Max at Slow Process Corner)
  Requirement:            337.503ns  (clk_pl_0 rise@337.503ns - clk_pl_0 rise@0.000ns)
  Data Path Delay:        33.975ns  (logic 13.525ns (39.808%)  route 20.450ns (60.192%))
  Logic Levels:           69  (CARRY8=23 DSP_A_B_DATA=3 DSP_ALU=6 DSP_M_DATA=3 DSP_MULTIPLIER=3 DSP_OUTPUT=6 DSP_PREADD_DATA=3 LUT1=1 LUT2=5 LUT3=3 LUT5=4 LUT6=8 MUXF8=1)
  Clock Path Skew:        -0.131ns (DCD - SCD + CPR)
    Destination Clock Delay (DCD):    1.709ns = ( 339.212 - 337.503 ) 
    Source Clock Delay      (SCD):    2.001ns
    Clock Pessimism Removal (CPR):    0.161ns
  Clock Uncertainty:      0.876ns  ((TSJ^2 + DJ^2)^1/2) / 2 + PE
    Total System Jitter     (TSJ):    0.071ns
    Discrete Jitter          (DJ):    1.750ns
    Phase Error              (PE):    0.000ns
  Clock Net Delay (Source):      1.794ns (routing 0.638ns, distribution 1.156ns)
  Clock Net Delay (Destination): 1.542ns (routing 0.576ns, distribution 0.966ns)

    Location             Delay type                Incr(ns)  Path(ns)    Netlist Resource(s)
  -------------------------------------------------------------------    -------------------
                         (clock clk_pl_0 rise edge)
                                                      0.000     0.000 r  
    PS8_X0Y0             PS8                          0.000     0.000 r  design_2_i/zynq_ultra_ps_e_0/inst/PS8_i/PLCLK[0]
                         net (fo=1, routed)           0.178     0.178    design_2_i/zynq_ultra_ps_e_0/inst/pl_clk_unbuffered[0]
    BUFG_PS_X0Y58        BUFG_PS (Prop_BUFG_PS_I_O)
                                                      0.029     0.207 r  design_2_i/zynq_ultra_ps_e_0/inst/buffer_pl_clk_0.PL_CLK_0_BUFG/O
    X0Y1 (CLOCK_ROOT)    net (fo=56669, routed)       1.794     2.001    design_2_i/llama_engine_axi_0/U0/u_engine/u_sw/clk
    SLICE_X19Y56         FDRE                                         r  design_2_i/llama_engine_axi_0/U0/u_engine/u_sw/idx_reg[3]/C
  -------------------------------------------------------------------    -------------------
    SLICE_X19Y56         FDRE (Prop_EFF_SLICEM_C_Q)
                                                      0.093     2.094 r  design_2_i/llama_engine_axi_0/U0/u_engine/u_sw/idx_reg[3]/Q
                         net (fo=336, routed)         4.954     7.047    design_2_i/llama_engine_axi_0/U0/u_engine/u_sw/idx_reg_n_0_[3]
    SLICE_X38Y109        MUXF8 (Prop_F8MUX_BOT_SLICEL_S_O)
                                                      0.089     7.136 r  design_2_i/llama_engine_axi_0/U0/u_engine/u_sw/ARG__4_i_169/O
                         net (fo=1, routed)           1.529     8.665    design_2_i/llama_engine_axi_0/U0/u_engine/u_sw/ARG__4_i_169_n_0
    SLICE_X12Y60         LUT6 (Prop_H6LUT_SLICEL_I1_O)
                                                      0.100     8.765 r  design_2_i/llama_engine_axi_0/U0/u_engine/u_sw/ARG__4_i_118/O
                         net (fo=3, routed)           0.105     8.871    design_2_i/llama_engine_axi_0/U0/u_engine/u_sw/ARG__4_i_118_n_0
    SLICE_X12Y60         LUT5 (Prop_A6LUT_SLICEL_I4_O)
                                                      0.064     8.935 r  design_2_i/llama_engine_axi_0/U0/u_engine/u_sw/ARG__4_i_66/O
                         net (fo=7, routed)           0.239     9.174    design_2_i/llama_engine_axi_0/U0/u_engine/u_sw/ARG__4_i_66_n_0
    SLICE_X11Y63         LUT5 (Prop_D6LUT_SLICEL_I0_O)
                                                      0.116     9.290 r  design_2_i/llama_engine_axi_0/U0/u_engine/u_sw/ARG__4_i_352/O
                         net (fo=1, routed)           0.010     9.300    design_2_i/llama_engine_axi_0/U0/u_engine/u_sw/ARG__4_i_352_n_0
    SLICE_X11Y63         CARRY8 (Prop_CARRY8_SLICEL_S[3]_CO[7])
                                                      0.195     9.495 r  design_2_i/llama_engine_axi_0/U0/u_engine/u_sw/ARG__4_i_202/CO[7]
                         net (fo=1, routed)           0.028     9.523    design_2_i/llama_engine_axi_0/U0/u_engine/u_sw/ARG__4_i_202_n_0
    SLICE_X11Y64         CARRY8 (Prop_CARRY8_SLICEL_CI_CO[7])
                                                      0.023     9.546 r  design_2_i/llama_engine_axi_0/U0/u_engine/u_sw/ARG__4_i_201/CO[7]
                         net (fo=1, routed)           0.028     9.574    design_2_i/llama_engine_axi_0/U0/u_engine/u_sw/ARG__4_i_201_n_0
    SLICE_X11Y65         CARRY8 (Prop_CARRY8_SLICEL_CI_CO[7])
                                                      0.023     9.597 r  design_2_i/llama_engine_axi_0/U0/u_engine/u_sw/ARG__4_i_199/CO[7]
                         net (fo=1, routed)           0.028     9.625    design_2_i/llama_engine_axi_0/U0/u_engine/u_sw/ARG__4_i_199_n_0
    SLICE_X11Y66         CARRY8 (Prop_CARRY8_SLICEL_CI_CO[7])
                                                      0.023     9.648 r  design_2_i/llama_engine_axi_0/U0/u_engine/u_sw/ARG__4_i_200/CO[7]
                         net (fo=1, routed)           0.028     9.676    design_2_i/llama_engine_axi_0/U0/u_engine/u_sw/ARG__4_i_200_n_0
    SLICE_X11Y67         CARRY8 (Prop_CARRY8_SLICEL_CI_CO[7])
                                                      0.023     9.699 r  design_2_i/llama_engine_axi_0/U0/u_engine/u_sw/SHIFT_LEFT26_i_391/CO[7]
                         net (fo=1, routed)           0.028     9.727    design_2_i/llama_engine_axi_0/U0/u_engine/u_sw/SHIFT_LEFT26_i_391_n_0
    SLICE_X11Y68         CARRY8 (Prop_CARRY8_SLICEL_CI_CO[7])
                                                      0.023     9.750 r  design_2_i/llama_engine_axi_0/U0/u_engine/u_sw/SHIFT_LEFT26_i_222/CO[7]
                         net (fo=1, routed)           0.028     9.778    design_2_i/llama_engine_axi_0/U0/u_engine/u_sw/SHIFT_LEFT26_i_222_n_0
    SLICE_X11Y69         CARRY8 (Prop_CARRY8_SLICEL_CI_CO[7])
                                                      0.023     9.801 r  design_2_i/llama_engine_axi_0/U0/u_engine/u_sw/SHIFT_LEFT26_i_73/CO[7]
                         net (fo=1, routed)           0.028     9.829    design_2_i/llama_engine_axi_0/U0/u_engine/u_sw/SHIFT_LEFT26_i_73_n_0
    SLICE_X11Y70         CARRY8 (Prop_CARRY8_SLICEL_CI_O[7])
                                                      0.146     9.975 f  design_2_i/llama_engine_axi_0/U0/u_engine/u_sw/SHIFT_LEFT26_i_33/O[7]
                         net (fo=69, routed)          0.771    10.745    design_2_i/llama_engine_axi_0/U0/u_engine/u_sw/SHIFT_LEFT26_i_33_n_8
    SLICE_X13Y63         LUT6 (Prop_F6LUT_SLICEL_I0_O)
                                                      0.114    10.859 f  design_2_i/llama_engine_axi_0/U0/u_engine/u_sw/ARG__4_i_136/O
                         net (fo=4, routed)           0.265    11.125    design_2_i/llama_engine_axi_0/U0/u_engine/u_sw/ARG__4_i_136_n_0
    SLICE_X12Y62         LUT6 (Prop_B6LUT_SLICEL_I5_O)
                                                      0.064    11.189 f  design_2_i/llama_engine_axi_0/U0/u_engine/u_sw/SHIFT_LEFT26_i_289/O
                         net (fo=2, routed)           0.257    11.446    design_2_i/llama_engine_axi_0/U0/u_engine/u_sw/SHIFT_LEFT26_i_289_n_0
    SLICE_X8Y61          LUT3 (Prop_C5LUT_SLICEL_I0_O)
                                                      0.168    11.614 f  design_2_i/llama_engine_axi_0/U0/u_engine/u_sw/SHIFT_LEFT26_i_131/O
                         net (fo=2, routed)           0.164    11.778    design_2_i/llama_engine_axi_0/U0/u_engine/u_sw/SHIFT_LEFT26_i_131_n_0
    SLICE_X8Y60          LUT5 (Prop_B6LUT_SLICEL_I0_O)
                                                      0.177    11.955 f  design_2_i/llama_engine_axi_0/U0/u_engine/u_sw/SHIFT_LEFT26__1_i_10/O
                         net (fo=1, routed)           0.104    12.059    design_2_i/llama_engine_axi_0/U0/u_engine/u_sw/SHIFT_LEFT26__1_i_10_n_0
    SLICE_X8Y60          LUT6 (Prop_C6LUT_SLICEL_I0_O)
                                                      0.038    12.097 f  design_2_i/llama_engine_axi_0/U0/u_engine/u_sw/SHIFT_LEFT26__1_i_1/O
                         net (fo=6, routed)           0.169    12.265    design_2_i/llama_engine_axi_0/U0/u_engine/u_sw/z_q[16]
    SLICE_X7Y59          LUT1 (Prop_B6LUT_SLICEL_I0_O)
                                                      0.040    12.305 r  design_2_i/llama_engine_axi_0/U0/u_engine/u_sw/ARG_i_121/O
                         net (fo=1, routed)           0.010    12.315    design_2_i/llama_engine_axi_0/U0/u_engine/u_sw/ARG_i_121_n_0
    SLICE_X7Y59          CARRY8 (Prop_CARRY8_SLICEL_S[1]_CO[7])
                                                      0.233    12.548 r  design_2_i/llama_engine_axi_0/U0/u_engine/u_sw/ARG_i_52/CO[7]
                         net (fo=1, routed)           0.028    12.576    design_2_i/llama_engine_axi_0/U0/u_engine/u_sw/ARG_i_52_n_0
    SLICE_X7Y60          CARRY8 (Prop_CARRY8_SLICEL_CI_O[5])
                                                      0.145    12.721 f  design_2_i/llama_engine_axi_0/U0/u_engine/u_sw/ARG_i_110/O[5]
                         net (fo=5, routed)           0.235    12.956    design_2_i/llama_engine_axi_0/U0/u_engine/u_sw/SHIFT_RIGHT[20]
    SLICE_X6Y60          LUT2 (Prop_G6LUT_SLICEL_I0_O)
                                                      0.178    13.134 r  design_2_i/llama_engine_axi_0/U0/u_engine/u_sw/ARG_i_250/O
                         net (fo=1, routed)           0.009    13.143    design_2_i/llama_engine_axi_0/U0/u_engine/u_sw/ARG_i_250_n_0
    SLICE_X6Y60          CARRY8 (Prop_CARRY8_SLICEL_S[6]_CO[7])
                                                      0.148    13.291 f  design_2_i/llama_engine_axi_0/U0/u_engine/u_sw/ARG_i_123/CO[7]
                         net (fo=1, routed)           0.028    13.319    design_2_i/llama_engine_axi_0/U0/u_engine/u_sw/ARG_i_123_n_0
    SLICE_X6Y61          CARRY8 (Prop_CARRY8_SLICEL_CI_CO[3])
                                                      0.077    13.396 f  design_2_i/llama_engine_axi_0/U0/u_engine/u_sw/ARG_i_53/CO[3]
                         net (fo=123, routed)         1.180    14.576    design_2_i/llama_engine_axi_0/U0/u_engine/u_sw/k1
    SLICE_X0Y66          LUT3 (Prop_H6LUT_SLICEL_I1_O)
                                                      0.149    14.725 r  design_2_i/llama_engine_axi_0/U0/u_engine/u_sw/ARG__1_i_680/O
                         net (fo=139, routed)         0.828    15.553    design_2_i/llama_engine_axi_0/U0/u_engine/u_sw/ARG__1_i_680_n_0
    SLICE_X6Y55          LUT6 (Prop_C6LUT_SLICEL_I2_O)
                                                      0.113    15.666 r  design_2_i/llama_engine_axi_0/U0/u_engine/u_sw/ARG_i_150/O
                         net (fo=12, routed)          0.895    16.561    design_2_i/llama_engine_axi_0/U0/u_engine/u_sw/ARG_i_150_n_0
    SLICE_X9Y68          LUT3 (Prop_C5LUT_SLICEM_I1_O)
                                                      0.196    16.757 r  design_2_i/llama_engine_axi_0/U0/u_engine/u_sw/ARG_i_69/O
                         net (fo=13, routed)          0.822    17.578    design_2_i/llama_engine_axi_0/U0/u_engine/u_sw/ARG_i_69_n_0
    SLICE_X8Y73          LUT6 (Prop_H6LUT_SLICEL_I5_O)
                                                      0.116    17.694 r  design_2_i/llama_engine_axi_0/U0/u_engine/u_sw/ARG_i_101/O
                         net (fo=4, routed)           0.720    18.414    design_2_i/llama_engine_axi_0/U0/u_engine/u_sw/ARG_i_101_n_0
    SLICE_X3Y63          LUT6 (Prop_D6LUT_SLICEL_I5_O)
                                                      0.174    18.588 r  design_2_i/llama_engine_axi_0/U0/u_engine/u_sw/ARG_i_29/O
                         net (fo=1, routed)           0.010    18.598    design_2_i/llama_engine_axi_0/U0/u_engine/u_sw/ARG_i_29_n_0
    SLICE_X3Y63          CARRY8 (Prop_CARRY8_SLICEL_S[3]_CO[7])
                                                      0.195    18.793 r  design_2_i/llama_engine_axi_0/U0/u_engine/u_sw/ARG_i_2/CO[7]
                         net (fo=1, routed)           0.028    18.821    design_2_i/llama_engine_axi_0/U0/u_engine/u_sw/ARG_i_2_n_0
    SLICE_X3Y64          CARRY8 (Prop_CARRY8_SLICEL_CI_O[6])
                                                      0.129    18.950 f  design_2_i/llama_engine_axi_0/U0/u_engine/u_sw/ARG_i_1/O[6]
                         net (fo=32, routed)          1.084    20.034    design_2_i/llama_engine_axi_0/U0/u_engine/u_sw/ARG/B[13]
    DSP48E2_X0Y13        DSP_A_B_DATA (Prop_DSP_A_B_DATA_DSP48E2_B[13]_B2_DATA[13])
                                                      0.195    20.229 r  design_2_i/llama_engine_axi_0/U0/u_engine/u_sw/ARG/DSP_A_B_DATA_INST/B2_DATA[13]
                         net (fo=1, routed)           0.000    20.229    design_2_i/llama_engine_axi_0/U0/u_engine/u_sw/ARG/DSP_A_B_DATA.B2_DATA<13>
    DSP48E2_X0Y13        DSP_PREADD_DATA (Prop_DSP_PREADD_DATA_DSP48E2_B2_DATA[13]_B2B1[13])
                                                      0.092    20.321 r  design_2_i/llama_engine_axi_0/U0/u_engine/u_sw/ARG/DSP_PREADD_DATA_INST/B2B1[13]
                         net (fo=1, routed)           0.000    20.321    design_2_i/llama_engine_axi_0/U0/u_engine/u_sw/ARG/DSP_PREADD_DATA.B2B1<13>
    DSP48E2_X0Y13        DSP_MULTIPLIER (Prop_DSP_MULTIPLIER_DSP48E2_B2B1[13]_U[42])
                                                      0.737    21.058 f  design_2_i/llama_engine_axi_0/U0/u_engine/u_sw/ARG/DSP_MULTIPLIER_INST/U[42]
                         net (fo=1, routed)           0.000    21.058    design_2_i/llama_engine_axi_0/U0/u_engine/u_sw/ARG/DSP_MULTIPLIER.U<42>
    DSP48E2_X0Y13        DSP_M_DATA (Prop_DSP_M_DATA_DSP48E2_U[42]_U_DATA[42])
                                                      0.059    21.117 r  design_2_i/llama_engine_axi_0/U0/u_engine/u_sw/ARG/DSP_M_DATA_INST/U_DATA[42]
                         net (fo=1, routed)           0.000    21.117    design_2_i/llama_engine_axi_0/U0/u_engine/u_sw/ARG/DSP_M_DATA.U_DATA<42>
    DSP48E2_X0Y13        DSP_ALU (Prop_DSP_ALU_DSP48E2_U_DATA[42]_ALU_OUT[47])
                                                      0.699    21.816 f  design_2_i/llama_engine_axi_0/U0/u_engine/u_sw/ARG/DSP_ALU_INST/ALU_OUT[47]
                         net (fo=1, routed)           0.000    21.816    design_2_i/llama_engine_axi_0/U0/u_engine/u_sw/ARG/DSP_ALU.ALU_OUT<47>
    DSP48E2_X0Y13        DSP_OUTPUT (Prop_DSP_OUTPUT_DSP48E2_ALU_OUT[47]_PCOUT[47])
                                                      0.159    21.975 r  design_2_i/llama_engine_axi_0/U0/u_engine/u_sw/ARG/DSP_OUTPUT_INST/PCOUT[47]
                         net (fo=1, routed)           0.042    22.017    design_2_i/llama_engine_axi_0/U0/u_engine/u_sw/ARG__0/PCIN[47]
    DSP48E2_X0Y14        DSP_ALU (Prop_DSP_ALU_DSP48E2_PCIN[47]_ALU_OUT[1])
                                                      0.698    22.715 f  design_2_i/llama_engine_axi_0/U0/u_engine/u_sw/ARG__0/DSP_ALU_INST/ALU_OUT[1]
                         net (fo=1, routed)           0.000    22.715    design_2_i/llama_engine_axi_0/U0/u_engine/u_sw/ARG__0/DSP_ALU.ALU_OUT<1>
    DSP48E2_X0Y14        DSP_OUTPUT (Prop_DSP_OUTPUT_DSP48E2_ALU_OUT[1]_P[1])
                                                      0.141    22.856 r  design_2_i/llama_engine_axi_0/U0/u_engine/u_sw/ARG__0/DSP_OUTPUT_INST/P[1]
                         net (fo=5, routed)           1.002    23.857    design_2_i/llama_engine_axi_0/U0/u_engine/u_sw/ARG__0_n_104
    SLICE_X2Y61          LUT6 (Prop_G6LUT_SLICEL_I1_O)
                                                      0.178    24.035 r  design_2_i/llama_engine_axi_0/U0/u_engine/u_sw/SHIFT_LEFT26_i_360/O
                         net (fo=1, routed)           0.009    24.044    design_2_i/llama_engine_axi_0/U0/u_engine/u_sw/SHIFT_LEFT26_i_360_n_0
    SLICE_X2Y61          CARRY8 (Prop_CARRY8_SLICEL_S[6]_CO[7])
                                                      0.148    24.192 r  design_2_i/llama_engine_axi_0/U0/u_engine/u_sw/SHIFT_LEFT26_i_169/CO[7]
                         net (fo=1, routed)           0.028    24.220    design_2_i/llama_engine_axi_0/U0/u_engine/u_sw/SHIFT_LEFT26_i_169_n_0
    SLICE_X2Y62          CARRY8 (Prop_CARRY8_SLICEL_CI_O[0])
                                                      0.072    24.292 r  design_2_i/llama_engine_axi_0/U0/u_engine/u_sw/SHIFT_LEFT26_i_168/O[0]
                         net (fo=3, routed)           0.287    24.579    design_2_i/llama_engine_axi_0/U0/u_engine/u_sw/p_0_in[61]
    SLICE_X0Y61          LUT2 (Prop_F6LUT_SLICEL_I1_O)
                                                      0.114    24.693 r  design_2_i/llama_engine_axi_0/U0/u_engine/u_sw/SHIFT_LEFT26_i_172/O
                         net (fo=1, routed)           0.012    24.705    design_2_i/llama_engine_axi_0/U0/u_engine/u_sw/SHIFT_LEFT26_i_172_n_0
    SLICE_X0Y61          CARRY8 (Prop_CARRY8_SLICEL_S[5]_O[7])
                                                      0.168    24.873 f  design_2_i/llama_engine_axi_0/U0/u_engine/u_sw/SHIFT_LEFT26_i_69/O[7]
                         net (fo=50, routed)          0.380    25.253    design_2_i/llama_engine_axi_0/U0/u_engine/u_sw/SHIFT_LEFT26_i_69_n_8
    SLICE_X1Y59          LUT2 (Prop_G6LUT_SLICEM_I1_O)
                                                      0.064    25.317 r  design_2_i/llama_engine_axi_0/U0/u_engine/u_sw/SHIFT_LEFT26_i_317/O
                         net (fo=1, routed)           0.017    25.334    design_2_i/llama_engine_axi_0/U0/u_engine/u_sw/SHIFT_LEFT26_i_317_n_0
    SLICE_X1Y59          CARRY8 (Prop_CARRY8_SLICEM_S[6]_CO[7])
                                                      0.150    25.484 r  design_2_i/llama_engine_axi_0/U0/u_engine/u_sw/SHIFT_LEFT26_i_149/CO[7]
                         net (fo=1, routed)           0.028    25.512    design_2_i/llama_engine_axi_0/U0/u_engine/u_sw/SHIFT_LEFT26_i_149_n_0
    SLICE_X1Y60          CARRY8 (Prop_CARRY8_SLICEM_CI_CO[7])
                                                      0.030    25.542 r  design_2_i/llama_engine_axi_0/U0/u_engine/u_sw/SHIFT_LEFT26_i_67/CO[7]
                         net (fo=31, routed)          0.500    26.042    design_2_i/llama_engine_axi_0/U0/u_engine/u_sw/sigmoid_q1
    SLICE_X4Y54          LUT5 (Prop_G6LUT_SLICEM_I1_O)
                                                      0.116    26.158 f  design_2_i/llama_engine_axi_0/U0/u_engine/u_sw/SHIFT_LEFT26_i_22/O
                         net (fo=2, routed)           0.941    27.100    design_2_i/llama_engine_axi_0/U0/u_engine/u_sw/SHIFT_LEFT26__1/B[10]
    DSP48E2_X1Y19        DSP_A_B_DATA (Prop_DSP_A_B_DATA_DSP48E2_B[10]_B2_DATA[10])
                                                      0.195    27.295 r  design_2_i/llama_engine_axi_0/U0/u_engine/u_sw/SHIFT_LEFT26__1/DSP_A_B_DATA_INST/B2_DATA[10]
                         net (fo=1, routed)           0.000    27.295    design_2_i/llama_engine_axi_0/U0/u_engine/u_sw/SHIFT_LEFT26__1/DSP_A_B_DATA.B2_DATA<10>
    DSP48E2_X1Y19        DSP_PREADD_DATA (Prop_DSP_PREADD_DATA_DSP48E2_B2_DATA[10]_B2B1[10])
                                                      0.092    27.387 r  design_2_i/llama_engine_axi_0/U0/u_engine/u_sw/SHIFT_LEFT26__1/DSP_PREADD_DATA_INST/B2B1[10]
                         net (fo=1, routed)           0.000    27.387    design_2_i/llama_engine_axi_0/U0/u_engine/u_sw/SHIFT_LEFT26__1/DSP_PREADD_DATA.B2B1<10>
    DSP48E2_X1Y19        DSP_MULTIPLIER (Prop_DSP_MULTIPLIER_DSP48E2_B2B1[10]_U[40])
                                                      0.737    28.124 f  design_2_i/llama_engine_axi_0/U0/u_engine/u_sw/SHIFT_LEFT26__1/DSP_MULTIPLIER_INST/U[40]
                         net (fo=1, routed)           0.000    28.124    design_2_i/llama_engine_axi_0/U0/u_engine/u_sw/SHIFT_LEFT26__1/DSP_MULTIPLIER.U<40>
    DSP48E2_X1Y19        DSP_M_DATA (Prop_DSP_M_DATA_DSP48E2_U[40]_U_DATA[40])
                                                      0.059    28.183 r  design_2_i/llama_engine_axi_0/U0/u_engine/u_sw/SHIFT_LEFT26__1/DSP_M_DATA_INST/U_DATA[40]
                         net (fo=1, routed)           0.000    28.183    design_2_i/llama_engine_axi_0/U0/u_engine/u_sw/SHIFT_LEFT26__1/DSP_M_DATA.U_DATA<40>
    DSP48E2_X1Y19        DSP_ALU (Prop_DSP_ALU_DSP48E2_U_DATA[40]_ALU_OUT[47])
                                                      0.699    28.882 f  design_2_i/llama_engine_axi_0/U0/u_engine/u_sw/SHIFT_LEFT26__1/DSP_ALU_INST/ALU_OUT[47]
                         net (fo=1, routed)           0.000    28.882    design_2_i/llama_engine_axi_0/U0/u_engine/u_sw/SHIFT_LEFT26__1/DSP_ALU.ALU_OUT<47>
    DSP48E2_X1Y19        DSP_OUTPUT (Prop_DSP_OUTPUT_DSP48E2_ALU_OUT[47]_PCOUT[47])
                                                      0.159    29.041 r  design_2_i/llama_engine_axi_0/U0/u_engine/u_sw/SHIFT_LEFT26__1/DSP_OUTPUT_INST/PCOUT[47]
                         net (fo=1, routed)           0.042    29.083    design_2_i/llama_engine_axi_0/U0/u_engine/u_sw/SHIFT_LEFT26__2/PCIN[47]
    DSP48E2_X1Y20        DSP_ALU (Prop_DSP_ALU_DSP48E2_PCIN[47]_ALU_OUT[4])
                                                      0.698    29.781 f  design_2_i/llama_engine_axi_0/U0/u_engine/u_sw/SHIFT_LEFT26__2/DSP_ALU_INST/ALU_OUT[4]
                         net (fo=1, routed)           0.000    29.781    design_2_i/llama_engine_axi_0/U0/u_engine/u_sw/SHIFT_LEFT26__2/DSP_ALU.ALU_OUT<4>
    DSP48E2_X1Y20        DSP_OUTPUT (Prop_DSP_OUTPUT_DSP48E2_ALU_OUT[4]_P[4])
                                                      0.141    29.922 r  design_2_i/llama_engine_axi_0/U0/u_engine/u_sw/SHIFT_LEFT26__2/DSP_OUTPUT_INST/P[4]
                         net (fo=2, routed)           0.921    30.843    design_2_i/llama_engine_axi_0/U0/u_engine/u_sw/SHIFT_LEFT26__2_n_101
    SLICE_X2Y48          LUT2 (Prop_F6LUT_SLICEL_I0_O)
                                                      0.114    30.957 r  design_2_i/llama_engine_axi_0/U0/u_engine/u_sw/SHIFT_LEFT26__5_i_4/O
                         net (fo=1, routed)           0.012    30.969    design_2_i/llama_engine_axi_0/U0/u_engine/u_sw/SHIFT_LEFT26__5_i_4_n_0
    SLICE_X2Y48          CARRY8 (Prop_CARRY8_SLICEL_S[5]_CO[7])
                                                      0.197    31.166 r  design_2_i/llama_engine_axi_0/U0/u_engine/u_sw/SHIFT_LEFT26__5_i_1/CO[7]
                         net (fo=1, routed)           0.028    31.194    design_2_i/llama_engine_axi_0/U0/u_engine/u_sw/SHIFT_LEFT26__5_i_1_n_0
    SLICE_X2Y49          CARRY8 (Prop_CARRY8_SLICEL_CI_CO[7])
                                                      0.023    31.217 r  design_2_i/llama_engine_axi_0/U0/u_engine/u_sw/SHIFT_LEFT26__3_i_4/CO[7]
                         net (fo=1, routed)           0.028    31.245    design_2_i/llama_engine_axi_0/U0/u_engine/u_sw/SHIFT_LEFT26__3_i_4_n_0
    SLICE_X2Y50          CARRY8 (Prop_CARRY8_SLICEL_CI_O[4])
                                                      0.109    31.354 f  design_2_i/llama_engine_axi_0/U0/u_engine/u_sw/SHIFT_LEFT26__3_i_3/O[4]
                         net (fo=2, routed)           0.881    32.235    design_2_i/llama_engine_axi_0/U0/u_engine/u_sw/SHIFT_LEFT26__3/B[7]
    DSP48E2_X0Y15        DSP_A_B_DATA (Prop_DSP_A_B_DATA_DSP48E2_B[7]_B2_DATA[7])
                                                      0.195    32.430 r  design_2_i/llama_engine_axi_0/U0/u_engine/u_sw/SHIFT_LEFT26__3/DSP_A_B_DATA_INST/B2_DATA[7]
                         net (fo=1, routed)           0.000    32.430    design_2_i/llama_engine_axi_0/U0/u_engine/u_sw/SHIFT_LEFT26__3/DSP_A_B_DATA.B2_DATA<7>
    DSP48E2_X0Y15        DSP_PREADD_DATA (Prop_DSP_PREADD_DATA_DSP48E2_B2_DATA[7]_B2B1[7])
                                                      0.092    32.522 r  design_2_i/llama_engine_axi_0/U0/u_engine/u_sw/SHIFT_LEFT26__3/DSP_PREADD_DATA_INST/B2B1[7]
                         net (fo=1, routed)           0.000    32.522    design_2_i/llama_engine_axi_0/U0/u_engine/u_sw/SHIFT_LEFT26__3/DSP_PREADD_DATA.B2B1<7>
    DSP48E2_X0Y15        DSP_MULTIPLIER (Prop_DSP_MULTIPLIER_DSP48E2_B2B1[7]_U[38])
                                                      0.737    33.259 f  design_2_i/llama_engine_axi_0/U0/u_engine/u_sw/SHIFT_LEFT26__3/DSP_MULTIPLIER_INST/U[38]
                         net (fo=1, routed)           0.000    33.259    design_2_i/llama_engine_axi_0/U0/u_engine/u_sw/SHIFT_LEFT26__3/DSP_MULTIPLIER.U<38>
    DSP48E2_X0Y15        DSP_M_DATA (Prop_DSP_M_DATA_DSP48E2_U[38]_U_DATA[38])
                                                      0.059    33.318 r  design_2_i/llama_engine_axi_0/U0/u_engine/u_sw/SHIFT_LEFT26__3/DSP_M_DATA_INST/U_DATA[38]
                         net (fo=1, routed)           0.000    33.318    design_2_i/llama_engine_axi_0/U0/u_engine/u_sw/SHIFT_LEFT26__3/DSP_M_DATA.U_DATA<38>
    DSP48E2_X0Y15        DSP_ALU (Prop_DSP_ALU_DSP48E2_U_DATA[38]_ALU_OUT[47])
                                                      0.699    34.017 f  design_2_i/llama_engine_axi_0/U0/u_engine/u_sw/SHIFT_LEFT26__3/DSP_ALU_INST/ALU_OUT[47]
                         net (fo=1, routed)           0.000    34.017    design_2_i/llama_engine_axi_0/U0/u_engine/u_sw/SHIFT_LEFT26__3/DSP_ALU.ALU_OUT<47>
    DSP48E2_X0Y15        DSP_OUTPUT (Prop_DSP_OUTPUT_DSP48E2_ALU_OUT[47]_PCOUT[47])
                                                      0.159    34.176 r  design_2_i/llama_engine_axi_0/U0/u_engine/u_sw/SHIFT_LEFT26__3/DSP_OUTPUT_INST/PCOUT[47]
                         net (fo=1, routed)           0.042    34.218    design_2_i/llama_engine_axi_0/U0/u_engine/u_sw/SHIFT_LEFT26__4/PCIN[47]
    DSP48E2_X0Y16        DSP_ALU (Prop_DSP_ALU_DSP48E2_PCIN[47]_ALU_OUT[0])
                                                      0.698    34.916 f  design_2_i/llama_engine_axi_0/U0/u_engine/u_sw/SHIFT_LEFT26__4/DSP_ALU_INST/ALU_OUT[0]
                         net (fo=1, routed)           0.000    34.916    design_2_i/llama_engine_axi_0/U0/u_engine/u_sw/SHIFT_LEFT26__4/DSP_ALU.ALU_OUT<0>
    DSP48E2_X0Y16        DSP_OUTPUT (Prop_DSP_OUTPUT_DSP48E2_ALU_OUT[0]_P[0])
                                                      0.141    35.057 r  design_2_i/llama_engine_axi_0/U0/u_engine/u_sw/SHIFT_LEFT26__4/DSP_OUTPUT_INST/P[0]
                         net (fo=1, routed)           0.559    35.616    design_2_i/llama_engine_axi_0/U0/u_engine/u_sw/SHIFT_LEFT26__4_n_105
    SLICE_X4Y42          LUT2 (Prop_C6LUT_SLICEM_I1_O)
                                                      0.098    35.714 r  design_2_i/llama_engine_axi_0/U0/u_engine/u_sw/o_wdata[27]_i_7/O
                         net (fo=1, routed)           0.023    35.737    design_2_i/llama_engine_axi_0/U0/u_engine/u_sw/o_wdata[27]_i_7_n_0
    SLICE_X4Y42          CARRY8 (Prop_CARRY8_SLICEM_S[2]_O[4])
                                                      0.209    35.946 r  design_2_i/llama_engine_axi_0/U0/u_engine/u_sw/o_wdata_reg[27]_i_1/O[4]
                         net (fo=1, routed)           0.030    35.976    design_2_i/llama_engine_axi_0/U0/u_engine/u_sw/o_wdata_reg[27]_i_1_n_11
    SLICE_X4Y42          FDRE                                         r  design_2_i/llama_engine_axi_0/U0/u_engine/u_sw/o_wdata_reg[24]/D
  -------------------------------------------------------------------    -------------------

                         (clock clk_pl_0 rise edge)
                                                    337.503   337.503 r  
    PS8_X0Y0             PS8                          0.000   337.503 r  design_2_i/zynq_ultra_ps_e_0/inst/PS8_i/PLCLK[0]
                         net (fo=1, routed)           0.140   337.643    design_2_i/zynq_ultra_ps_e_0/inst/pl_clk_unbuffered[0]
    BUFG_PS_X0Y58        BUFG_PS (Prop_BUFG_PS_I_O)
                                                      0.027   337.670 r  design_2_i/zynq_ultra_ps_e_0/inst/buffer_pl_clk_0.PL_CLK_0_BUFG/O
    X0Y1 (CLOCK_ROOT)    net (fo=56669, routed)       1.542   339.212    design_2_i/llama_engine_axi_0/U0/u_engine/u_sw/clk
    SLICE_X4Y42          FDRE                                         r  design_2_i/llama_engine_axi_0/U0/u_engine/u_sw/o_wdata_reg[24]/C
                         clock pessimism              0.161   339.373    
                         clock uncertainty           -0.876   338.497    
    SLICE_X4Y42          FDRE (Setup_EFF_SLICEM_C_D)
                                                      0.027   338.524    design_2_i/llama_engine_axi_0/U0/u_engine/u_sw/o_wdata_reg[24]
  -------------------------------------------------------------------
                         required time                        338.524    
                         arrival time                         -35.976    
  -------------------------------------------------------------------
                         slack                                302.548    

Slack (MET) :             302.645ns  (required time - arrival time)
  Source:                 design_2_i/llama_engine_axi_0/U0/u_engine/u_sw/idx_reg[3]/C
                            (rising edge-triggered cell FDRE clocked by clk_pl_0  {rise@0.000ns fall@168.751ns period=337.503ns})
  Destination:            design_2_i/llama_engine_axi_0/U0/u_engine/u_sw/o_wdata_reg[23]/D
                            (rising edge-triggered cell FDRE clocked by clk_pl_0  {rise@0.000ns fall@168.751ns period=337.503ns})
  Path Group:             clk_pl_0
  Path Type:              Setup (Max at Slow Process Corner)
  Requirement:            337.503ns  (clk_pl_0 rise@337.503ns - clk_pl_0 rise@0.000ns)
  Data Path Delay:        33.878ns  (logic 13.426ns (39.630%)  route 20.452ns (60.370%))
  Logic Levels:           69  (CARRY8=23 DSP_A_B_DATA=3 DSP_ALU=6 DSP_M_DATA=3 DSP_MULTIPLIER=3 DSP_OUTPUT=6 DSP_PREADD_DATA=3 LUT1=1 LUT2=5 LUT3=3 LUT5=4 LUT6=8 MUXF8=1)
  Clock Path Skew:        -0.131ns (DCD - SCD + CPR)
    Destination Clock Delay (DCD):    1.709ns = ( 339.212 - 337.503 ) 
    Source Clock Delay      (SCD):    2.001ns
    Clock Pessimism Removal (CPR):    0.161ns
  Clock Uncertainty:      0.876ns  ((TSJ^2 + DJ^2)^1/2) / 2 + PE
    Total System Jitter     (TSJ):    0.071ns
    Discrete Jitter          (DJ):    1.750ns
    Phase Error              (PE):    0.000ns
  Clock Net Delay (Source):      1.794ns (routing 0.638ns, distribution 1.156ns)
  Clock Net Delay (Destination): 1.542ns (routing 0.576ns, distribution 0.966ns)

    Location             Delay type                Incr(ns)  Path(ns)    Netlist Resource(s)
  -------------------------------------------------------------------    -------------------
                         (clock clk_pl_0 rise edge)
                                                      0.000     0.000 r  
    PS8_X0Y0             PS8                          0.000     0.000 r  design_2_i/zynq_ultra_ps_e_0/inst/PS8_i/PLCLK[0]
                         net (fo=1, routed)           0.178     0.178    design_2_i/zynq_ultra_ps_e_0/inst/pl_clk_unbuffered[0]
    BUFG_PS_X0Y58        BUFG_PS (Prop_BUFG_PS_I_O)
                                                      0.029     0.207 r  design_2_i/zynq_ultra_ps_e_0/inst/buffer_pl_clk_0.PL_CLK_0_BUFG/O
    X0Y1 (CLOCK_ROOT)    net (fo=56669, routed)       1.794     2.001    design_2_i/llama_engine_axi_0/U0/u_engine/u_sw/clk
    SLICE_X19Y56         FDRE                                         r  design_2_i/llama_engine_axi_0/U0/u_engine/u_sw/idx_reg[3]/C
  -------------------------------------------------------------------    -------------------
    SLICE_X19Y56         FDRE (Prop_EFF_SLICEM_C_Q)
                                                      0.093     2.094 r  design_2_i/llama_engine_axi_0/U0/u_engine/u_sw/idx_reg[3]/Q
                         net (fo=336, routed)         4.954     7.047    design_2_i/llama_engine_axi_0/U0/u_engine/u_sw/idx_reg_n_0_[3]
    SLICE_X38Y109        MUXF8 (Prop_F8MUX_BOT_SLICEL_S_O)
                                                      0.089     7.136 r  design_2_i/llama_engine_axi_0/U0/u_engine/u_sw/ARG__4_i_169/O
                         net (fo=1, routed)           1.529     8.665    design_2_i/llama_engine_axi_0/U0/u_engine/u_sw/ARG__4_i_169_n_0
    SLICE_X12Y60         LUT6 (Prop_H6LUT_SLICEL_I1_O)
                                                      0.100     8.765 r  design_2_i/llama_engine_axi_0/U0/u_engine/u_sw/ARG__4_i_118/O
                         net (fo=3, routed)           0.105     8.871    design_2_i/llama_engine_axi_0/U0/u_engine/u_sw/ARG__4_i_118_n_0
    SLICE_X12Y60         LUT5 (Prop_A6LUT_SLICEL_I4_O)
                                                      0.064     8.935 r  design_2_i/llama_engine_axi_0/U0/u_engine/u_sw/ARG__4_i_66/O
                         net (fo=7, routed)           0.239     9.174    design_2_i/llama_engine_axi_0/U0/u_engine/u_sw/ARG__4_i_66_n_0
    SLICE_X11Y63         LUT5 (Prop_D6LUT_SLICEL_I0_O)
                                                      0.116     9.290 r  design_2_i/llama_engine_axi_0/U0/u_engine/u_sw/ARG__4_i_352/O
                         net (fo=1, routed)           0.010     9.300    design_2_i/llama_engine_axi_0/U0/u_engine/u_sw/ARG__4_i_352_n_0
    SLICE_X11Y63         CARRY8 (Prop_CARRY8_SLICEL_S[3]_CO[7])
                                                      0.195     9.495 r  design_2_i/llama_engine_axi_0/U0/u_engine/u_sw/ARG__4_i_202/CO[7]
                         net (fo=1, routed)           0.028     9.523    design_2_i/llama_engine_axi_0/U0/u_engine/u_sw/ARG__4_i_202_n_0
    SLICE_X11Y64         CARRY8 (Prop_CARRY8_SLICEL_CI_CO[7])
                                                      0.023     9.546 r  design_2_i/llama_engine_axi_0/U0/u_engine/u_sw/ARG__4_i_201/CO[7]
                         net (fo=1, routed)           0.028     9.574    design_2_i/llama_engine_axi_0/U0/u_engine/u_sw/ARG__4_i_201_n_0
    SLICE_X11Y65         CARRY8 (Prop_CARRY8_SLICEL_CI_CO[7])
                                                      0.023     9.597 r  design_2_i/llama_engine_axi_0/U0/u_engine/u_sw/ARG__4_i_199/CO[7]
                         net (fo=1, routed)           0.028     9.625    design_2_i/llama_engine_axi_0/U0/u_engine/u_sw/ARG__4_i_199_n_0
    SLICE_X11Y66         CARRY8 (Prop_CARRY8_SLICEL_CI_CO[7])
                                                      0.023     9.648 r  design_2_i/llama_engine_axi_0/U0/u_engine/u_sw/ARG__4_i_200/CO[7]
                         net (fo=1, routed)           0.028     9.676    design_2_i/llama_engine_axi_0/U0/u_engine/u_sw/ARG__4_i_200_n_0
    SLICE_X11Y67         CARRY8 (Prop_CARRY8_SLICEL_CI_CO[7])
                                                      0.023     9.699 r  design_2_i/llama_engine_axi_0/U0/u_engine/u_sw/SHIFT_LEFT26_i_391/CO[7]
                         net (fo=1, routed)           0.028     9.727    design_2_i/llama_engine_axi_0/U0/u_engine/u_sw/SHIFT_LEFT26_i_391_n_0
    SLICE_X11Y68         CARRY8 (Prop_CARRY8_SLICEL_CI_CO[7])
                                                      0.023     9.750 r  design_2_i/llama_engine_axi_0/U0/u_engine/u_sw/SHIFT_LEFT26_i_222/CO[7]
                         net (fo=1, routed)           0.028     9.778    design_2_i/llama_engine_axi_0/U0/u_engine/u_sw/SHIFT_LEFT26_i_222_n_0
    SLICE_X11Y69         CARRY8 (Prop_CARRY8_SLICEL_CI_CO[7])
                                                      0.023     9.801 r  design_2_i/llama_engine_axi_0/U0/u_engine/u_sw/SHIFT_LEFT26_i_73/CO[7]
                         net (fo=1, routed)           0.028     9.829    design_2_i/llama_engine_axi_0/U0/u_engine/u_sw/SHIFT_LEFT26_i_73_n_0
    SLICE_X11Y70         CARRY8 (Prop_CARRY8_SLICEL_CI_O[7])
                                                      0.146     9.975 f  design_2_i/llama_engine_axi_0/U0/u_engine/u_sw/SHIFT_LEFT26_i_33/O[7]
                         net (fo=69, routed)          0.771    10.745    design_2_i/llama_engine_axi_0/U0/u_engine/u_sw/SHIFT_LEFT26_i_33_n_8
    SLICE_X13Y63         LUT6 (Prop_F6LUT_SLICEL_I0_O)
                                                      0.114    10.859 f  design_2_i/llama_engine_axi_0/U0/u_engine/u_sw/ARG__4_i_136/O
                         net (fo=4, routed)           0.265    11.125    design_2_i/llama_engine_axi_0/U0/u_engine/u_sw/ARG__4_i_136_n_0
    SLICE_X12Y62         LUT6 (Prop_B6LUT_SLICEL_I5_O)
                                                      0.064    11.189 f  design_2_i/llama_engine_axi_0/U0/u_engine/u_sw/SHIFT_LEFT26_i_289/O
                         net (fo=2, routed)           0.257    11.446    design_2_i/llama_engine_axi_0/U0/u_engine/u_sw/SHIFT_LEFT26_i_289_n_0
    SLICE_X8Y61          LUT3 (Prop_C5LUT_SLICEL_I0_O)
                                                      0.168    11.614 f  design_2_i/llama_engine_axi_0/U0/u_engine/u_sw/SHIFT_LEFT26_i_131/O
                         net (fo=2, routed)           0.164    11.778    design_2_i/llama_engine_axi_0/U0/u_engine/u_sw/SHIFT_LEFT26_i_131_n_0
    SLICE_X8Y60          LUT5 (Prop_B6LUT_SLICEL_I0_O)
                                                      0.177    11.955 f  design_2_i/llama_engine_axi_0/U0/u_engine/u_sw/SHIFT_LEFT26__1_i_10/O
                         net (fo=1, routed)           0.104    12.059    design_2_i/llama_engine_axi_0/U0/u_engine/u_sw/SHIFT_LEFT26__1_i_10_n_0
    SLICE_X8Y60          LUT6 (Prop_C6LUT_SLICEL_I0_O)
                                                      0.038    12.097 f  design_2_i/llama_engine_axi_0/U0/u_engine/u_sw/SHIFT_LEFT26__1_i_1/O
                         net (fo=6, routed)           0.169    12.265    design_2_i/llama_engine_axi_0/U0/u_engine/u_sw/z_q[16]
    SLICE_X7Y59          LUT1 (Prop_B6LUT_SLICEL_I0_O)
                                                      0.040    12.305 r  design_2_i/llama_engine_axi_0/U0/u_engine/u_sw/ARG_i_121/O
                         net (fo=1, routed)           0.010    12.315    design_2_i/llama_engine_axi_0/U0/u_engine/u_sw/ARG_i_121_n_0
    SLICE_X7Y59          CARRY8 (Prop_CARRY8_SLICEL_S[1]_CO[7])
                                                      0.233    12.548 r  design_2_i/llama_engine_axi_0/U0/u_engine/u_sw/ARG_i_52/CO[7]
                         net (fo=1, routed)           0.028    12.576    design_2_i/llama_engine_axi_0/U0/u_engine/u_sw/ARG_i_52_n_0
    SLICE_X7Y60          CARRY8 (Prop_CARRY8_SLICEL_CI_O[5])
                                                      0.145    12.721 f  design_2_i/llama_engine_axi_0/U0/u_engine/u_sw/ARG_i_110/O[5]
                         net (fo=5, routed)           0.235    12.956    design_2_i/llama_engine_axi_0/U0/u_engine/u_sw/SHIFT_RIGHT[20]
    SLICE_X6Y60          LUT2 (Prop_G6LUT_SLICEL_I0_O)
                                                      0.178    13.134 r  design_2_i/llama_engine_axi_0/U0/u_engine/u_sw/ARG_i_250/O
                         net (fo=1, routed)           0.009    13.143    design_2_i/llama_engine_axi_0/U0/u_engine/u_sw/ARG_i_250_n_0
    SLICE_X6Y60          CARRY8 (Prop_CARRY8_SLICEL_S[6]_CO[7])
                                                      0.148    13.291 f  design_2_i/llama_engine_axi_0/U0/u_engine/u_sw/ARG_i_123/CO[7]
                         net (fo=1, routed)           0.028    13.319    design_2_i/llama_engine_axi_0/U0/u_engine/u_sw/ARG_i_123_n_0
    SLICE_X6Y61          CARRY8 (Prop_CARRY8_SLICEL_CI_CO[3])
                                                      0.077    13.396 f  design_2_i/llama_engine_axi_0/U0/u_engine/u_sw/ARG_i_53/CO[3]
                         net (fo=123, routed)         1.180    14.576    design_2_i/llama_engine_axi_0/U0/u_engine/u_sw/k1
    SLICE_X0Y66          LUT3 (Prop_H6LUT_SLICEL_I1_O)
                                                      0.149    14.725 r  design_2_i/llama_engine_axi_0/U0/u_engine/u_sw/ARG__1_i_680/O
                         net (fo=139, routed)         0.828    15.553    design_2_i/llama_engine_axi_0/U0/u_engine/u_sw/ARG__1_i_680_n_0
    SLICE_X6Y55          LUT6 (Prop_C6LUT_SLICEL_I2_O)
                                                      0.113    15.666 r  design_2_i/llama_engine_axi_0/U0/u_engine/u_sw/ARG_i_150/O
                         net (fo=12, routed)          0.895    16.561    design_2_i/llama_engine_axi_0/U0/u_engine/u_sw/ARG_i_150_n_0
    SLICE_X9Y68          LUT3 (Prop_C5LUT_SLICEM_I1_O)
                                                      0.196    16.757 r  design_2_i/llama_engine_axi_0/U0/u_engine/u_sw/ARG_i_69/O
                         net (fo=13, routed)          0.822    17.578    design_2_i/llama_engine_axi_0/U0/u_engine/u_sw/ARG_i_69_n_0
    SLICE_X8Y73          LUT6 (Prop_H6LUT_SLICEL_I5_O)
                                                      0.116    17.694 r  design_2_i/llama_engine_axi_0/U0/u_engine/u_sw/ARG_i_101/O
                         net (fo=4, routed)           0.720    18.414    design_2_i/llama_engine_axi_0/U0/u_engine/u_sw/ARG_i_101_n_0
    SLICE_X3Y63          LUT6 (Prop_D6LUT_SLICEL_I5_O)
                                                      0.174    18.588 r  design_2_i/llama_engine_axi_0/U0/u_engine/u_sw/ARG_i_29/O
                         net (fo=1, routed)           0.010    18.598    design_2_i/llama_engine_axi_0/U0/u_engine/u_sw/ARG_i_29_n_0
    SLICE_X3Y63          CARRY8 (Prop_CARRY8_SLICEL_S[3]_CO[7])
                                                      0.195    18.793 r  design_2_i/llama_engine_axi_0/U0/u_engine/u_sw/ARG_i_2/CO[7]
                         net (fo=1, routed)           0.028    18.821    design_2_i/llama_engine_axi_0/U0/u_engine/u_sw/ARG_i_2_n_0
    SLICE_X3Y64          CARRY8 (Prop_CARRY8_SLICEL_CI_O[6])
                                                      0.129    18.950 f  design_2_i/llama_engine_axi_0/U0/u_engine/u_sw/ARG_i_1/O[6]
                         net (fo=32, routed)          1.084    20.034    design_2_i/llama_engine_axi_0/U0/u_engine/u_sw/ARG/B[13]
    DSP48E2_X0Y13        DSP_A_B_DATA (Prop_DSP_A_B_DATA_DSP48E2_B[13]_B2_DATA[13])
                                                      0.195    20.229 r  design_2_i/llama_engine_axi_0/U0/u_engine/u_sw/ARG/DSP_A_B_DATA_INST/B2_DATA[13]
                         net (fo=1, routed)           0.000    20.229    design_2_i/llama_engine_axi_0/U0/u_engine/u_sw/ARG/DSP_A_B_DATA.B2_DATA<13>
    DSP48E2_X0Y13        DSP_PREADD_DATA (Prop_DSP_PREADD_DATA_DSP48E2_B2_DATA[13]_B2B1[13])
                                                      0.092    20.321 r  design_2_i/llama_engine_axi_0/U0/u_engine/u_sw/ARG/DSP_PREADD_DATA_INST/B2B1[13]
                         net (fo=1, routed)           0.000    20.321    design_2_i/llama_engine_axi_0/U0/u_engine/u_sw/ARG/DSP_PREADD_DATA.B2B1<13>
    DSP48E2_X0Y13        DSP_MULTIPLIER (Prop_DSP_MULTIPLIER_DSP48E2_B2B1[13]_U[42])
                                                      0.737    21.058 f  design_2_i/llama_engine_axi_0/U0/u_engine/u_sw/ARG/DSP_MULTIPLIER_INST/U[42]
                         net (fo=1, routed)           0.000    21.058    design_2_i/llama_engine_axi_0/U0/u_engine/u_sw/ARG/DSP_MULTIPLIER.U<42>
    DSP48E2_X0Y13        DSP_M_DATA (Prop_DSP_M_DATA_DSP48E2_U[42]_U_DATA[42])
                                                      0.059    21.117 r  design_2_i/llama_engine_axi_0/U0/u_engine/u_sw/ARG/DSP_M_DATA_INST/U_DATA[42]
                         net (fo=1, routed)           0.000    21.117    design_2_i/llama_engine_axi_0/U0/u_engine/u_sw/ARG/DSP_M_DATA.U_DATA<42>
    DSP48E2_X0Y13        DSP_ALU (Prop_DSP_ALU_DSP48E2_U_DATA[42]_ALU_OUT[47])
                                                      0.699    21.816 f  design_2_i/llama_engine_axi_0/U0/u_engine/u_sw/ARG/DSP_ALU_INST/ALU_OUT[47]
                         net (fo=1, routed)           0.000    21.816    design_2_i/llama_engine_axi_0/U0/u_engine/u_sw/ARG/DSP_ALU.ALU_OUT<47>
    DSP48E2_X0Y13        DSP_OUTPUT (Prop_DSP_OUTPUT_DSP48E2_ALU_OUT[47]_PCOUT[47])
                                                      0.159    21.975 r  design_2_i/llama_engine_axi_0/U0/u_engine/u_sw/ARG/DSP_OUTPUT_INST/PCOUT[47]
                         net (fo=1, routed)           0.042    22.017    design_2_i/llama_engine_axi_0/U0/u_engine/u_sw/ARG__0/PCIN[47]
    DSP48E2_X0Y14        DSP_ALU (Prop_DSP_ALU_DSP48E2_PCIN[47]_ALU_OUT[1])
                                                      0.698    22.715 f  design_2_i/llama_engine_axi_0/U0/u_engine/u_sw/ARG__0/DSP_ALU_INST/ALU_OUT[1]
                         net (fo=1, routed)           0.000    22.715    design_2_i/llama_engine_axi_0/U0/u_engine/u_sw/ARG__0/DSP_ALU.ALU_OUT<1>
    DSP48E2_X0Y14        DSP_OUTPUT (Prop_DSP_OUTPUT_DSP48E2_ALU_OUT[1]_P[1])
                                                      0.141    22.856 r  design_2_i/llama_engine_axi_0/U0/u_engine/u_sw/ARG__0/DSP_OUTPUT_INST/P[1]
                         net (fo=5, routed)           1.002    23.857    design_2_i/llama_engine_axi_0/U0/u_engine/u_sw/ARG__0_n_104
    SLICE_X2Y61          LUT6 (Prop_G6LUT_SLICEL_I1_O)
                                                      0.178    24.035 r  design_2_i/llama_engine_axi_0/U0/u_engine/u_sw/SHIFT_LEFT26_i_360/O
                         net (fo=1, routed)           0.009    24.044    design_2_i/llama_engine_axi_0/U0/u_engine/u_sw/SHIFT_LEFT26_i_360_n_0
    SLICE_X2Y61          CARRY8 (Prop_CARRY8_SLICEL_S[6]_CO[7])
                                                      0.148    24.192 r  design_2_i/llama_engine_axi_0/U0/u_engine/u_sw/SHIFT_LEFT26_i_169/CO[7]
                         net (fo=1, routed)           0.028    24.220    design_2_i/llama_engine_axi_0/U0/u_engine/u_sw/SHIFT_LEFT26_i_169_n_0
    SLICE_X2Y62          CARRY8 (Prop_CARRY8_SLICEL_CI_O[0])
                                                      0.072    24.292 r  design_2_i/llama_engine_axi_0/U0/u_engine/u_sw/SHIFT_LEFT26_i_168/O[0]
                         net (fo=3, routed)           0.287    24.579    design_2_i/llama_engine_axi_0/U0/u_engine/u_sw/p_0_in[61]
    SLICE_X0Y61          LUT2 (Prop_F6LUT_SLICEL_I1_O)
                                                      0.114    24.693 r  design_2_i/llama_engine_axi_0/U0/u_engine/u_sw/SHIFT_LEFT26_i_172/O
                         net (fo=1, routed)           0.012    24.705    design_2_i/llama_engine_axi_0/U0/u_engine/u_sw/SHIFT_LEFT26_i_172_n_0
    SLICE_X0Y61          CARRY8 (Prop_CARRY8_SLICEL_S[5]_O[7])
                                                      0.168    24.873 f  design_2_i/llama_engine_axi_0/U0/u_engine/u_sw/SHIFT_LEFT26_i_69/O[7]
                         net (fo=50, routed)          0.380    25.253    design_2_i/llama_engine_axi_0/U0/u_engine/u_sw/SHIFT_LEFT26_i_69_n_8
    SLICE_X1Y59          LUT2 (Prop_G6LUT_SLICEM_I1_O)
                                                      0.064    25.317 r  design_2_i/llama_engine_axi_0/U0/u_engine/u_sw/SHIFT_LEFT26_i_317/O
                         net (fo=1, routed)           0.017    25.334    design_2_i/llama_engine_axi_0/U0/u_engine/u_sw/SHIFT_LEFT26_i_317_n_0
    SLICE_X1Y59          CARRY8 (Prop_CARRY8_SLICEM_S[6]_CO[7])
                                                      0.150    25.484 r  design_2_i/llama_engine_axi_0/U0/u_engine/u_sw/SHIFT_LEFT26_i_149/CO[7]
                         net (fo=1, routed)           0.028    25.512    design_2_i/llama_engine_axi_0/U0/u_engine/u_sw/SHIFT_LEFT26_i_149_n_0
    SLICE_X1Y60          CARRY8 (Prop_CARRY8_SLICEM_CI_CO[7])
                                                      0.030    25.542 r  design_2_i/llama_engine_axi_0/U0/u_engine/u_sw/SHIFT_LEFT26_i_67/CO[7]
                         net (fo=31, routed)          0.500    26.042    design_2_i/llama_engine_axi_0/U0/u_engine/u_sw/sigmoid_q1
    SLICE_X4Y54          LUT5 (Prop_G6LUT_SLICEM_I1_O)
                                                      0.116    26.158 f  design_2_i/llama_engine_axi_0/U0/u_engine/u_sw/SHIFT_LEFT26_i_22/O
                         net (fo=2, routed)           0.941    27.100    design_2_i/llama_engine_axi_0/U0/u_engine/u_sw/SHIFT_LEFT26__1/B[10]
    DSP48E2_X1Y19        DSP_A_B_DATA (Prop_DSP_A_B_DATA_DSP48E2_B[10]_B2_DATA[10])
                                                      0.195    27.295 r  design_2_i/llama_engine_axi_0/U0/u_engine/u_sw/SHIFT_LEFT26__1/DSP_A_B_DATA_INST/B2_DATA[10]
                         net (fo=1, routed)           0.000    27.295    design_2_i/llama_engine_axi_0/U0/u_engine/u_sw/SHIFT_LEFT26__1/DSP_A_B_DATA.B2_DATA<10>
    DSP48E2_X1Y19        DSP_PREADD_DATA (Prop_DSP_PREADD_DATA_DSP48E2_B2_DATA[10]_B2B1[10])
                                                      0.092    27.387 r  design_2_i/llama_engine_axi_0/U0/u_engine/u_sw/SHIFT_LEFT26__1/DSP_PREADD_DATA_INST/B2B1[10]
                         net (fo=1, routed)           0.000    27.387    design_2_i/llama_engine_axi_0/U0/u_engine/u_sw/SHIFT_LEFT26__1/DSP_PREADD_DATA.B2B1<10>
    DSP48E2_X1Y19        DSP_MULTIPLIER (Prop_DSP_MULTIPLIER_DSP48E2_B2B1[10]_U[40])
                                                      0.737    28.124 f  design_2_i/llama_engine_axi_0/U0/u_engine/u_sw/SHIFT_LEFT26__1/DSP_MULTIPLIER_INST/U[40]
                         net (fo=1, routed)           0.000    28.124    design_2_i/llama_engine_axi_0/U0/u_engine/u_sw/SHIFT_LEFT26__1/DSP_MULTIPLIER.U<40>
    DSP48E2_X1Y19        DSP_M_DATA (Prop_DSP_M_DATA_DSP48E2_U[40]_U_DATA[40])
                                                      0.059    28.183 r  design_2_i/llama_engine_axi_0/U0/u_engine/u_sw/SHIFT_LEFT26__1/DSP_M_DATA_INST/U_DATA[40]
                         net (fo=1, routed)           0.000    28.183    design_2_i/llama_engine_axi_0/U0/u_engine/u_sw/SHIFT_LEFT26__1/DSP_M_DATA.U_DATA<40>
    DSP48E2_X1Y19        DSP_ALU (Prop_DSP_ALU_DSP48E2_U_DATA[40]_ALU_OUT[47])
                                                      0.699    28.882 f  design_2_i/llama_engine_axi_0/U0/u_engine/u_sw/SHIFT_LEFT26__1/DSP_ALU_INST/ALU_OUT[47]
                         net (fo=1, routed)           0.000    28.882    design_2_i/llama_engine_axi_0/U0/u_engine/u_sw/SHIFT_LEFT26__1/DSP_ALU.ALU_OUT<47>
    DSP48E2_X1Y19        DSP_OUTPUT (Prop_DSP_OUTPUT_DSP48E2_ALU_OUT[47]_PCOUT[47])
                                                      0.159    29.041 r  design_2_i/llama_engine_axi_0/U0/u_engine/u_sw/SHIFT_LEFT26__1/DSP_OUTPUT_INST/PCOUT[47]
                         net (fo=1, routed)           0.042    29.083    design_2_i/llama_engine_axi_0/U0/u_engine/u_sw/SHIFT_LEFT26__2/PCIN[47]
    DSP48E2_X1Y20        DSP_ALU (Prop_DSP_ALU_DSP48E2_PCIN[47]_ALU_OUT[4])
                                                      0.698    29.781 f  design_2_i/llama_engine_axi_0/U0/u_engine/u_sw/SHIFT_LEFT26__2/DSP_ALU_INST/ALU_OUT[4]
                         net (fo=1, routed)           0.000    29.781    design_2_i/llama_engine_axi_0/U0/u_engine/u_sw/SHIFT_LEFT26__2/DSP_ALU.ALU_OUT<4>
    DSP48E2_X1Y20        DSP_OUTPUT (Prop_DSP_OUTPUT_DSP48E2_ALU_OUT[4]_P[4])
                                                      0.141    29.922 r  design_2_i/llama_engine_axi_0/U0/u_engine/u_sw/SHIFT_LEFT26__2/DSP_OUTPUT_INST/P[4]
                         net (fo=2, routed)           0.921    30.843    design_2_i/llama_engine_axi_0/U0/u_engine/u_sw/SHIFT_LEFT26__2_n_101
    SLICE_X2Y48          LUT2 (Prop_F6LUT_SLICEL_I0_O)
                                                      0.114    30.957 r  design_2_i/llama_engine_axi_0/U0/u_engine/u_sw/SHIFT_LEFT26__5_i_4/O
                         net (fo=1, routed)           0.012    30.969    design_2_i/llama_engine_axi_0/U0/u_engine/u_sw/SHIFT_LEFT26__5_i_4_n_0
    SLICE_X2Y48          CARRY8 (Prop_CARRY8_SLICEL_S[5]_CO[7])
                                                      0.197    31.166 r  design_2_i/llama_engine_axi_0/U0/u_engine/u_sw/SHIFT_LEFT26__5_i_1/CO[7]
                         net (fo=1, routed)           0.028    31.194    design_2_i/llama_engine_axi_0/U0/u_engine/u_sw/SHIFT_LEFT26__5_i_1_n_0
    SLICE_X2Y49          CARRY8 (Prop_CARRY8_SLICEL_CI_CO[7])
                                                      0.023    31.217 r  design_2_i/llama_engine_axi_0/U0/u_engine/u_sw/SHIFT_LEFT26__3_i_4/CO[7]
                         net (fo=1, routed)           0.028    31.245    design_2_i/llama_engine_axi_0/U0/u_engine/u_sw/SHIFT_LEFT26__3_i_4_n_0
    SLICE_X2Y50          CARRY8 (Prop_CARRY8_SLICEL_CI_O[4])
                                                      0.109    31.354 f  design_2_i/llama_engine_axi_0/U0/u_engine/u_sw/SHIFT_LEFT26__3_i_3/O[4]
                         net (fo=2, routed)           0.881    32.235    design_2_i/llama_engine_axi_0/U0/u_engine/u_sw/SHIFT_LEFT26__3/B[7]
    DSP48E2_X0Y15        DSP_A_B_DATA (Prop_DSP_A_B_DATA_DSP48E2_B[7]_B2_DATA[7])
                                                      0.195    32.430 r  design_2_i/llama_engine_axi_0/U0/u_engine/u_sw/SHIFT_LEFT26__3/DSP_A_B_DATA_INST/B2_DATA[7]
                         net (fo=1, routed)           0.000    32.430    design_2_i/llama_engine_axi_0/U0/u_engine/u_sw/SHIFT_LEFT26__3/DSP_A_B_DATA.B2_DATA<7>
    DSP48E2_X0Y15        DSP_PREADD_DATA (Prop_DSP_PREADD_DATA_DSP48E2_B2_DATA[7]_B2B1[7])
                                                      0.092    32.522 r  design_2_i/llama_engine_axi_0/U0/u_engine/u_sw/SHIFT_LEFT26__3/DSP_PREADD_DATA_INST/B2B1[7]
                         net (fo=1, routed)           0.000    32.522    design_2_i/llama_engine_axi_0/U0/u_engine/u_sw/SHIFT_LEFT26__3/DSP_PREADD_DATA.B2B1<7>
    DSP48E2_X0Y15        DSP_MULTIPLIER (Prop_DSP_MULTIPLIER_DSP48E2_B2B1[7]_U[38])
                                                      0.737    33.259 f  design_2_i/llama_engine_axi_0/U0/u_engine/u_sw/SHIFT_LEFT26__3/DSP_MULTIPLIER_INST/U[38]
                         net (fo=1, routed)           0.000    33.259    design_2_i/llama_engine_axi_0/U0/u_engine/u_sw/SHIFT_LEFT26__3/DSP_MULTIPLIER.U<38>
    DSP48E2_X0Y15        DSP_M_DATA (Prop_DSP_M_DATA_DSP48E2_U[38]_U_DATA[38])
                                                      0.059    33.318 r  design_2_i/llama_engine_axi_0/U0/u_engine/u_sw/SHIFT_LEFT26__3/DSP_M_DATA_INST/U_DATA[38]
                         net (fo=1, routed)           0.000    33.318    design_2_i/llama_engine_axi_0/U0/u_engine/u_sw/SHIFT_LEFT26__3/DSP_M_DATA.U_DATA<38>
    DSP48E2_X0Y15        DSP_ALU (Prop_DSP_ALU_DSP48E2_U_DATA[38]_ALU_OUT[47])
                                                      0.699    34.017 f  design_2_i/llama_engine_axi_0/U0/u_engine/u_sw/SHIFT_LEFT26__3/DSP_ALU_INST/ALU_OUT[47]
                         net (fo=1, routed)           0.000    34.017    design_2_i/llama_engine_axi_0/U0/u_engine/u_sw/SHIFT_LEFT26__3/DSP_ALU.ALU_OUT<47>
    DSP48E2_X0Y15        DSP_OUTPUT (Prop_DSP_OUTPUT_DSP48E2_ALU_OUT[47]_PCOUT[47])
                                                      0.159    34.176 r  design_2_i/llama_engine_axi_0/U0/u_engine/u_sw/SHIFT_LEFT26__3/DSP_OUTPUT_INST/PCOUT[47]
                         net (fo=1, routed)           0.042    34.218    design_2_i/llama_engine_axi_0/U0/u_engine/u_sw/SHIFT_LEFT26__4/PCIN[47]
    DSP48E2_X0Y16        DSP_ALU (Prop_DSP_ALU_DSP48E2_PCIN[47]_ALU_OUT[0])
                                                      0.698    34.916 f  design_2_i/llama_engine_axi_0/U0/u_engine/u_sw/SHIFT_LEFT26__4/DSP_ALU_INST/ALU_OUT[0]
                         net (fo=1, routed)           0.000    34.916    design_2_i/llama_engine_axi_0/U0/u_engine/u_sw/SHIFT_LEFT26__4/DSP_ALU.ALU_OUT<0>
    DSP48E2_X0Y16        DSP_OUTPUT (Prop_DSP_OUTPUT_DSP48E2_ALU_OUT[0]_P[0])
                                                      0.141    35.057 r  design_2_i/llama_engine_axi_0/U0/u_engine/u_sw/SHIFT_LEFT26__4/DSP_OUTPUT_INST/P[0]
                         net (fo=1, routed)           0.559    35.616    design_2_i/llama_engine_axi_0/U0/u_engine/u_sw/SHIFT_LEFT26__4_n_105
    SLICE_X4Y42          LUT2 (Prop_C6LUT_SLICEM_I1_O)
                                                      0.098    35.714 r  design_2_i/llama_engine_axi_0/U0/u_engine/u_sw/o_wdata[27]_i_7/O
                         net (fo=1, routed)           0.023    35.737    design_2_i/llama_engine_axi_0/U0/u_engine/u_sw/o_wdata[27]_i_7_n_0
    SLICE_X4Y42          CARRY8 (Prop_CARRY8_SLICEM_S[2]_O[3])
                                                      0.110    35.847 r  design_2_i/llama_engine_axi_0/U0/u_engine/u_sw/o_wdata_reg[27]_i_1/O[3]
                         net (fo=1, routed)           0.032    35.879    design_2_i/llama_engine_axi_0/U0/u_engine/u_sw/o_wdata_reg[27]_i_1_n_12
    SLICE_X4Y42          FDRE                                         r  design_2_i/llama_engine_axi_0/U0/u_engine/u_sw/o_wdata_reg[23]/D
  -------------------------------------------------------------------    -------------------

                         (clock clk_pl_0 rise edge)
                                                    337.503   337.503 r  
    PS8_X0Y0             PS8                          0.000   337.503 r  design_2_i/zynq_ultra_ps_e_0/inst/PS8_i/PLCLK[0]
                         net (fo=1, routed)           0.140   337.643    design_2_i/zynq_ultra_ps_e_0/inst/pl_clk_unbuffered[0]
    BUFG_PS_X0Y58        BUFG_PS (Prop_BUFG_PS_I_O)
                                                      0.027   337.670 r  design_2_i/zynq_ultra_ps_e_0/inst/buffer_pl_clk_0.PL_CLK_0_BUFG/O
    X0Y1 (CLOCK_ROOT)    net (fo=56669, routed)       1.542   339.212    design_2_i/llama_engine_axi_0/U0/u_engine/u_sw/clk
    SLICE_X4Y42          FDRE                                         r  design_2_i/llama_engine_axi_0/U0/u_engine/u_sw/o_wdata_reg[23]/C
                         clock pessimism              0.161   339.373    
                         clock uncertainty           -0.876   338.497    
    SLICE_X4Y42          FDRE (Setup_DFF_SLICEM_C_D)
                                                      0.027   338.524    design_2_i/llama_engine_axi_0/U0/u_engine/u_sw/o_wdata_reg[23]
  -------------------------------------------------------------------
                         required time                        338.524    
                         arrival time                         -35.879    
  -------------------------------------------------------------------
                         slack                                302.645    

Slack (MET) :             302.682ns  (required time - arrival time)
  Source:                 design_2_i/llama_engine_axi_0/U0/u_engine/u_sw/idx_reg[3]/C
                            (rising edge-triggered cell FDRE clocked by clk_pl_0  {rise@0.000ns fall@168.751ns period=337.503ns})
  Destination:            design_2_i/llama_engine_axi_0/U0/u_engine/u_sw/o_wdata_reg[22]/D
                            (rising edge-triggered cell FDRE clocked by clk_pl_0  {rise@0.000ns fall@168.751ns period=337.503ns})
  Path Group:             clk_pl_0
  Path Type:              Setup (Max at Slow Process Corner)
  Requirement:            337.503ns  (clk_pl_0 rise@337.503ns - clk_pl_0 rise@0.000ns)
  Data Path Delay:        33.841ns  (logic 13.389ns (39.564%)  route 20.452ns (60.436%))
  Logic Levels:           69  (CARRY8=23 DSP_A_B_DATA=3 DSP_ALU=6 DSP_M_DATA=3 DSP_MULTIPLIER=3 DSP_OUTPUT=6 DSP_PREADD_DATA=3 LUT1=1 LUT2=5 LUT3=3 LUT5=4 LUT6=8 MUXF8=1)
  Clock Path Skew:        -0.131ns (DCD - SCD + CPR)
    Destination Clock Delay (DCD):    1.709ns = ( 339.212 - 337.503 ) 
    Source Clock Delay      (SCD):    2.001ns
    Clock Pessimism Removal (CPR):    0.161ns
  Clock Uncertainty:      0.876ns  ((TSJ^2 + DJ^2)^1/2) / 2 + PE
    Total System Jitter     (TSJ):    0.071ns
    Discrete Jitter          (DJ):    1.750ns
    Phase Error              (PE):    0.000ns
  Clock Net Delay (Source):      1.794ns (routing 0.638ns, distribution 1.156ns)
  Clock Net Delay (Destination): 1.542ns (routing 0.576ns, distribution 0.966ns)

    Location             Delay type                Incr(ns)  Path(ns)    Netlist Resource(s)
  -------------------------------------------------------------------    -------------------
                         (clock clk_pl_0 rise edge)
                                                      0.000     0.000 r  
    PS8_X0Y0             PS8                          0.000     0.000 r  design_2_i/zynq_ultra_ps_e_0/inst/PS8_i/PLCLK[0]
                         net (fo=1, routed)           0.178     0.178    design_2_i/zynq_ultra_ps_e_0/inst/pl_clk_unbuffered[0]
    BUFG_PS_X0Y58        BUFG_PS (Prop_BUFG_PS_I_O)
                                                      0.029     0.207 r  design_2_i/zynq_ultra_ps_e_0/inst/buffer_pl_clk_0.PL_CLK_0_BUFG/O
    X0Y1 (CLOCK_ROOT)    net (fo=56669, routed)       1.794     2.001    design_2_i/llama_engine_axi_0/U0/u_engine/u_sw/clk
    SLICE_X19Y56         FDRE                                         r  design_2_i/llama_engine_axi_0/U0/u_engine/u_sw/idx_reg[3]/C
  -------------------------------------------------------------------    -------------------
    SLICE_X19Y56         FDRE (Prop_EFF_SLICEM_C_Q)
                                                      0.093     2.094 r  design_2_i/llama_engine_axi_0/U0/u_engine/u_sw/idx_reg[3]/Q
                         net (fo=336, routed)         4.954     7.047    design_2_i/llama_engine_axi_0/U0/u_engine/u_sw/idx_reg_n_0_[3]
    SLICE_X38Y109        MUXF8 (Prop_F8MUX_BOT_SLICEL_S_O)
                                                      0.089     7.136 r  design_2_i/llama_engine_axi_0/U0/u_engine/u_sw/ARG__4_i_169/O
                         net (fo=1, routed)           1.529     8.665    design_2_i/llama_engine_axi_0/U0/u_engine/u_sw/ARG__4_i_169_n_0
    SLICE_X12Y60         LUT6 (Prop_H6LUT_SLICEL_I1_O)
                                                      0.100     8.765 r  design_2_i/llama_engine_axi_0/U0/u_engine/u_sw/ARG__4_i_118/O
                         net (fo=3, routed)           0.105     8.871    design_2_i/llama_engine_axi_0/U0/u_engine/u_sw/ARG__4_i_118_n_0
    SLICE_X12Y60         LUT5 (Prop_A6LUT_SLICEL_I4_O)
                                                      0.064     8.935 r  design_2_i/llama_engine_axi_0/U0/u_engine/u_sw/ARG__4_i_66/O
                         net (fo=7, routed)           0.239     9.174    design_2_i/llama_engine_axi_0/U0/u_engine/u_sw/ARG__4_i_66_n_0
    SLICE_X11Y63         LUT5 (Prop_D6LUT_SLICEL_I0_O)
                                                      0.116     9.290 r  design_2_i/llama_engine_axi_0/U0/u_engine/u_sw/ARG__4_i_352/O
                         net (fo=1, routed)           0.010     9.300    design_2_i/llama_engine_axi_0/U0/u_engine/u_sw/ARG__4_i_352_n_0
    SLICE_X11Y63         CARRY8 (Prop_CARRY8_SLICEL_S[3]_CO[7])
                                                      0.195     9.495 r  design_2_i/llama_engine_axi_0/U0/u_engine/u_sw/ARG__4_i_202/CO[7]
                         net (fo=1, routed)           0.028     9.523    design_2_i/llama_engine_axi_0/U0/u_engine/u_sw/ARG__4_i_202_n_0
    SLICE_X11Y64         CARRY8 (Prop_CARRY8_SLICEL_CI_CO[7])
                                                      0.023     9.546 r  design_2_i/llama_engine_axi_0/U0/u_engine/u_sw/ARG__4_i_201/CO[7]
                         net (fo=1, routed)           0.028     9.574    design_2_i/llama_engine_axi_0/U0/u_engine/u_sw/ARG__4_i_201_n_0
    SLICE_X11Y65         CARRY8 (Prop_CARRY8_SLICEL_CI_CO[7])
                                                      0.023     9.597 r  design_2_i/llama_engine_axi_0/U0/u_engine/u_sw/ARG__4_i_199/CO[7]
                         net (fo=1, routed)           0.028     9.625    design_2_i/llama_engine_axi_0/U0/u_engine/u_sw/ARG__4_i_199_n_0
    SLICE_X11Y66         CARRY8 (Prop_CARRY8_SLICEL_CI_CO[7])
                                                      0.023     9.648 r  design_2_i/llama_engine_axi_0/U0/u_engine/u_sw/ARG__4_i_200/CO[7]
                         net (fo=1, routed)           0.028     9.676    design_2_i/llama_engine_axi_0/U0/u_engine/u_sw/ARG__4_i_200_n_0
    SLICE_X11Y67         CARRY8 (Prop_CARRY8_SLICEL_CI_CO[7])
                                                      0.023     9.699 r  design_2_i/llama_engine_axi_0/U0/u_engine/u_sw/SHIFT_LEFT26_i_391/CO[7]
                         net (fo=1, routed)           0.028     9.727    design_2_i/llama_engine_axi_0/U0/u_engine/u_sw/SHIFT_LEFT26_i_391_n_0
    SLICE_X11Y68         CARRY8 (Prop_CARRY8_SLICEL_CI_CO[7])
                                                      0.023     9.750 r  design_2_i/llama_engine_axi_0/U0/u_engine/u_sw/SHIFT_LEFT26_i_222/CO[7]
                         net (fo=1, routed)           0.028     9.778    design_2_i/llama_engine_axi_0/U0/u_engine/u_sw/SHIFT_LEFT26_i_222_n_0
    SLICE_X11Y69         CARRY8 (Prop_CARRY8_SLICEL_CI_CO[7])
                                                      0.023     9.801 r  design_2_i/llama_engine_axi_0/U0/u_engine/u_sw/SHIFT_LEFT26_i_73/CO[7]
                         net (fo=1, routed)           0.028     9.829    design_2_i/llama_engine_axi_0/U0/u_engine/u_sw/SHIFT_LEFT26_i_73_n_0
    SLICE_X11Y70         CARRY8 (Prop_CARRY8_SLICEL_CI_O[7])
                                                      0.146     9.975 f  design_2_i/llama_engine_axi_0/U0/u_engine/u_sw/SHIFT_LEFT26_i_33/O[7]
                         net (fo=69, routed)          0.771    10.745    design_2_i/llama_engine_axi_0/U0/u_engine/u_sw/SHIFT_LEFT26_i_33_n_8
    SLICE_X13Y63         LUT6 (Prop_F6LUT_SLICEL_I0_O)
                                                      0.114    10.859 f  design_2_i/llama_engine_axi_0/U0/u_engine/u_sw/ARG__4_i_136/O
                         net (fo=4, routed)           0.265    11.125    design_2_i/llama_engine_axi_0/U0/u_engine/u_sw/ARG__4_i_136_n_0
    SLICE_X12Y62         LUT6 (Prop_B6LUT_SLICEL_I5_O)
                                                      0.064    11.189 f  design_2_i/llama_engine_axi_0/U0/u_engine/u_sw/SHIFT_LEFT26_i_289/O
                         net (fo=2, routed)           0.257    11.446    design_2_i/llama_engine_axi_0/U0/u_engine/u_sw/SHIFT_LEFT26_i_289_n_0
    SLICE_X8Y61          LUT3 (Prop_C5LUT_SLICEL_I0_O)
                                                      0.168    11.614 f  design_2_i/llama_engine_axi_0/U0/u_engine/u_sw/SHIFT_LEFT26_i_131/O
                         net (fo=2, routed)           0.164    11.778    design_2_i/llama_engine_axi_0/U0/u_engine/u_sw/SHIFT_LEFT26_i_131_n_0
    SLICE_X8Y60          LUT5 (Prop_B6LUT_SLICEL_I0_O)
                                                      0.177    11.955 f  design_2_i/llama_engine_axi_0/U0/u_engine/u_sw/SHIFT_LEFT26__1_i_10/O
                         net (fo=1, routed)           0.104    12.059    design_2_i/llama_engine_axi_0/U0/u_engine/u_sw/SHIFT_LEFT26__1_i_10_n_0
    SLICE_X8Y60          LUT6 (Prop_C6LUT_SLICEL_I0_O)
                                                      0.038    12.097 f  design_2_i/llama_engine_axi_0/U0/u_engine/u_sw/SHIFT_LEFT26__1_i_1/O
                         net (fo=6, routed)           0.169    12.265    design_2_i/llama_engine_axi_0/U0/u_engine/u_sw/z_q[16]
    SLICE_X7Y59          LUT1 (Prop_B6LUT_SLICEL_I0_O)
                                                      0.040    12.305 r  design_2_i/llama_engine_axi_0/U0/u_engine/u_sw/ARG_i_121/O
                         net (fo=1, routed)           0.010    12.315    design_2_i/llama_engine_axi_0/U0/u_engine/u_sw/ARG_i_121_n_0
    SLICE_X7Y59          CARRY8 (Prop_CARRY8_SLICEL_S[1]_CO[7])
                                                      0.233    12.548 r  design_2_i/llama_engine_axi_0/U0/u_engine/u_sw/ARG_i_52/CO[7]
                         net (fo=1, routed)           0.028    12.576    design_2_i/llama_engine_axi_0/U0/u_engine/u_sw/ARG_i_52_n_0
    SLICE_X7Y60          CARRY8 (Prop_CARRY8_SLICEL_CI_O[5])
                                                      0.145    12.721 f  design_2_i/llama_engine_axi_0/U0/u_engine/u_sw/ARG_i_110/O[5]
                         net (fo=5, routed)           0.235    12.956    design_2_i/llama_engine_axi_0/U0/u_engine/u_sw/SHIFT_RIGHT[20]
    SLICE_X6Y60          LUT2 (Prop_G6LUT_SLICEL_I0_O)
                                                      0.178    13.134 r  design_2_i/llama_engine_axi_0/U0/u_engine/u_sw/ARG_i_250/O
                         net (fo=1, routed)           0.009    13.143    design_2_i/llama_engine_axi_0/U0/u_engine/u_sw/ARG_i_250_n_0
    SLICE_X6Y60          CARRY8 (Prop_CARRY8_SLICEL_S[6]_CO[7])
                                                      0.148    13.291 f  design_2_i/llama_engine_axi_0/U0/u_engine/u_sw/ARG_i_123/CO[7]
                         net (fo=1, routed)           0.028    13.319    design_2_i/llama_engine_axi_0/U0/u_engine/u_sw/ARG_i_123_n_0
    SLICE_X6Y61          CARRY8 (Prop_CARRY8_SLICEL_CI_CO[3])
                                                      0.077    13.396 f  design_2_i/llama_engine_axi_0/U0/u_engine/u_sw/ARG_i_53/CO[3]
                         net (fo=123, routed)         1.180    14.576    design_2_i/llama_engine_axi_0/U0/u_engine/u_sw/k1
    SLICE_X0Y66          LUT3 (Prop_H6LUT_SLICEL_I1_O)
                                                      0.149    14.725 r  design_2_i/llama_engine_axi_0/U0/u_engine/u_sw/ARG__1_i_680/O
                         net (fo=139, routed)         0.828    15.553    design_2_i/llama_engine_axi_0/U0/u_engine/u_sw/ARG__1_i_680_n_0
    SLICE_X6Y55          LUT6 (Prop_C6LUT_SLICEL_I2_O)
                                                      0.113    15.666 r  design_2_i/llama_engine_axi_0/U0/u_engine/u_sw/ARG_i_150/O
                         net (fo=12, routed)          0.895    16.561    design_2_i/llama_engine_axi_0/U0/u_engine/u_sw/ARG_i_150_n_0
    SLICE_X9Y68          LUT3 (Prop_C5LUT_SLICEM_I1_O)
                                                      0.196    16.757 r  design_2_i/llama_engine_axi_0/U0/u_engine/u_sw/ARG_i_69/O
                         net (fo=13, routed)          0.822    17.578    design_2_i/llama_engine_axi_0/U0/u_engine/u_sw/ARG_i_69_n_0
    SLICE_X8Y73          LUT6 (Prop_H6LUT_SLICEL_I5_O)
                                                      0.116    17.694 r  design_2_i/llama_engine_axi_0/U0/u_engine/u_sw/ARG_i_101/O
                         net (fo=4, routed)           0.720    18.414    design_2_i/llama_engine_axi_0/U0/u_engine/u_sw/ARG_i_101_n_0
    SLICE_X3Y63          LUT6 (Prop_D6LUT_SLICEL_I5_O)
                                                      0.174    18.588 r  design_2_i/llama_engine_axi_0/U0/u_engine/u_sw/ARG_i_29/O
                         net (fo=1, routed)           0.010    18.598    design_2_i/llama_engine_axi_0/U0/u_engine/u_sw/ARG_i_29_n_0
    SLICE_X3Y63          CARRY8 (Prop_CARRY8_SLICEL_S[3]_CO[7])
                                                      0.195    18.793 r  design_2_i/llama_engine_axi_0/U0/u_engine/u_sw/ARG_i_2/CO[7]
                         net (fo=1, routed)           0.028    18.821    design_2_i/llama_engine_axi_0/U0/u_engine/u_sw/ARG_i_2_n_0
    SLICE_X3Y64          CARRY8 (Prop_CARRY8_SLICEL_CI_O[6])
                                                      0.129    18.950 f  design_2_i/llama_engine_axi_0/U0/u_engine/u_sw/ARG_i_1/O[6]
                         net (fo=32, routed)          1.084    20.034    design_2_i/llama_engine_axi_0/U0/u_engine/u_sw/ARG/B[13]
    DSP48E2_X0Y13        DSP_A_B_DATA (Prop_DSP_A_B_DATA_DSP48E2_B[13]_B2_DATA[13])
                                                      0.195    20.229 r  design_2_i/llama_engine_axi_0/U0/u_engine/u_sw/ARG/DSP_A_B_DATA_INST/B2_DATA[13]
                         net (fo=1, routed)           0.000    20.229    design_2_i/llama_engine_axi_0/U0/u_engine/u_sw/ARG/DSP_A_B_DATA.B2_DATA<13>
    DSP48E2_X0Y13        DSP_PREADD_DATA (Prop_DSP_PREADD_DATA_DSP48E2_B2_DATA[13]_B2B1[13])
                                                      0.092    20.321 r  design_2_i/llama_engine_axi_0/U0/u_engine/u_sw/ARG/DSP_PREADD_DATA_INST/B2B1[13]
                         net (fo=1, routed)           0.000    20.321    design_2_i/llama_engine_axi_0/U0/u_engine/u_sw/ARG/DSP_PREADD_DATA.B2B1<13>
    DSP48E2_X0Y13        DSP_MULTIPLIER (Prop_DSP_MULTIPLIER_DSP48E2_B2B1[13]_U[42])
                                                      0.737    21.058 f  design_2_i/llama_engine_axi_0/U0/u_engine/u_sw/ARG/DSP_MULTIPLIER_INST/U[42]
                         net (fo=1, routed)           0.000    21.058    design_2_i/llama_engine_axi_0/U0/u_engine/u_sw/ARG/DSP_MULTIPLIER.U<42>
    DSP48E2_X0Y13        DSP_M_DATA (Prop_DSP_M_DATA_DSP48E2_U[42]_U_DATA[42])
                                                      0.059    21.117 r  design_2_i/llama_engine_axi_0/U0/u_engine/u_sw/ARG/DSP_M_DATA_INST/U_DATA[42]
                         net (fo=1, routed)           0.000    21.117    design_2_i/llama_engine_axi_0/U0/u_engine/u_sw/ARG/DSP_M_DATA.U_DATA<42>
    DSP48E2_X0Y13        DSP_ALU (Prop_DSP_ALU_DSP48E2_U_DATA[42]_ALU_OUT[47])
                                                      0.699    21.816 f  design_2_i/llama_engine_axi_0/U0/u_engine/u_sw/ARG/DSP_ALU_INST/ALU_OUT[47]
                         net (fo=1, routed)           0.000    21.816    design_2_i/llama_engine_axi_0/U0/u_engine/u_sw/ARG/DSP_ALU.ALU_OUT<47>
    DSP48E2_X0Y13        DSP_OUTPUT (Prop_DSP_OUTPUT_DSP48E2_ALU_OUT[47]_PCOUT[47])
                                                      0.159    21.975 r  design_2_i/llama_engine_axi_0/U0/u_engine/u_sw/ARG/DSP_OUTPUT_INST/PCOUT[47]
                         net (fo=1, routed)           0.042    22.017    design_2_i/llama_engine_axi_0/U0/u_engine/u_sw/ARG__0/PCIN[47]
    DSP48E2_X0Y14        DSP_ALU (Prop_DSP_ALU_DSP48E2_PCIN[47]_ALU_OUT[1])
                                                      0.698    22.715 f  design_2_i/llama_engine_axi_0/U0/u_engine/u_sw/ARG__0/DSP_ALU_INST/ALU_OUT[1]
                         net (fo=1, routed)           0.000    22.715    design_2_i/llama_engine_axi_0/U0/u_engine/u_sw/ARG__0/DSP_ALU.ALU_OUT<1>
    DSP48E2_X0Y14        DSP_OUTPUT (Prop_DSP_OUTPUT_DSP48E2_ALU_OUT[1]_P[1])
                                                      0.141    22.856 r  design_2_i/llama_engine_axi_0/U0/u_engine/u_sw/ARG__0/DSP_OUTPUT_INST/P[1]
                         net (fo=5, routed)           1.002    23.857    design_2_i/llama_engine_axi_0/U0/u_engine/u_sw/ARG__0_n_104
    SLICE_X2Y61          LUT6 (Prop_G6LUT_SLICEL_I1_O)
                                                      0.178    24.035 r  design_2_i/llama_engine_axi_0/U0/u_engine/u_sw/SHIFT_LEFT26_i_360/O
                         net (fo=1, routed)           0.009    24.044    design_2_i/llama_engine_axi_0/U0/u_engine/u_sw/SHIFT_LEFT26_i_360_n_0
    SLICE_X2Y61          CARRY8 (Prop_CARRY8_SLICEL_S[6]_CO[7])
                                                      0.148    24.192 r  design_2_i/llama_engine_axi_0/U0/u_engine/u_sw/SHIFT_LEFT26_i_169/CO[7]
                         net (fo=1, routed)           0.028    24.220    design_2_i/llama_engine_axi_0/U0/u_engine/u_sw/SHIFT_LEFT26_i_169_n_0
    SLICE_X2Y62          CARRY8 (Prop_CARRY8_SLICEL_CI_O[0])
                                                      0.072    24.292 r  design_2_i/llama_engine_axi_0/U0/u_engine/u_sw/SHIFT_LEFT26_i_168/O[0]
                         net (fo=3, routed)           0.287    24.579    design_2_i/llama_engine_axi_0/U0/u_engine/u_sw/p_0_in[61]
    SLICE_X0Y61          LUT2 (Prop_F6LUT_SLICEL_I1_O)
                                                      0.114    24.693 r  design_2_i/llama_engine_axi_0/U0/u_engine/u_sw/SHIFT_LEFT26_i_172/O
                         net (fo=1, routed)           0.012    24.705    design_2_i/llama_engine_axi_0/U0/u_engine/u_sw/SHIFT_LEFT26_i_172_n_0
    SLICE_X0Y61          CARRY8 (Prop_CARRY8_SLICEL_S[5]_O[7])
                                                      0.168    24.873 f  design_2_i/llama_engine_axi_0/U0/u_engine/u_sw/SHIFT_LEFT26_i_69/O[7]
                         net (fo=50, routed)          0.380    25.253    design_2_i/llama_engine_axi_0/U0/u_engine/u_sw/SHIFT_LEFT26_i_69_n_8
    SLICE_X1Y59          LUT2 (Prop_G6LUT_SLICEM_I1_O)
                                                      0.064    25.317 r  design_2_i/llama_engine_axi_0/U0/u_engine/u_sw/SHIFT_LEFT26_i_317/O
                         net (fo=1, routed)           0.017    25.334    design_2_i/llama_engine_axi_0/U0/u_engine/u_sw/SHIFT_LEFT26_i_317_n_0
    SLICE_X1Y59          CARRY8 (Prop_CARRY8_SLICEM_S[6]_CO[7])
                                                      0.150    25.484 r  design_2_i/llama_engine_axi_0/U0/u_engine/u_sw/SHIFT_LEFT26_i_149/CO[7]
                         net (fo=1, routed)           0.028    25.512    design_2_i/llama_engine_axi_0/U0/u_engine/u_sw/SHIFT_LEFT26_i_149_n_0
    SLICE_X1Y60          CARRY8 (Prop_CARRY8_SLICEM_CI_CO[7])
                                                      0.030    25.542 r  design_2_i/llama_engine_axi_0/U0/u_engine/u_sw/SHIFT_LEFT26_i_67/CO[7]
                         net (fo=31, routed)          0.500    26.042    design_2_i/llama_engine_axi_0/U0/u_engine/u_sw/sigmoid_q1
    SLICE_X4Y54          LUT5 (Prop_G6LUT_SLICEM_I1_O)
                                                      0.116    26.158 f  design_2_i/llama_engine_axi_0/U0/u_engine/u_sw/SHIFT_LEFT26_i_22/O
                         net (fo=2, routed)           0.941    27.100    design_2_i/llama_engine_axi_0/U0/u_engine/u_sw/SHIFT_LEFT26__1/B[10]
    DSP48E2_X1Y19        DSP_A_B_DATA (Prop_DSP_A_B_DATA_DSP48E2_B[10]_B2_DATA[10])
                                                      0.195    27.295 r  design_2_i/llama_engine_axi_0/U0/u_engine/u_sw/SHIFT_LEFT26__1/DSP_A_B_DATA_INST/B2_DATA[10]
                         net (fo=1, routed)           0.000    27.295    design_2_i/llama_engine_axi_0/U0/u_engine/u_sw/SHIFT_LEFT26__1/DSP_A_B_DATA.B2_DATA<10>
    DSP48E2_X1Y19        DSP_PREADD_DATA (Prop_DSP_PREADD_DATA_DSP48E2_B2_DATA[10]_B2B1[10])
                                                      0.092    27.387 r  design_2_i/llama_engine_axi_0/U0/u_engine/u_sw/SHIFT_LEFT26__1/DSP_PREADD_DATA_INST/B2B1[10]
                         net (fo=1, routed)           0.000    27.387    design_2_i/llama_engine_axi_0/U0/u_engine/u_sw/SHIFT_LEFT26__1/DSP_PREADD_DATA.B2B1<10>
    DSP48E2_X1Y19        DSP_MULTIPLIER (Prop_DSP_MULTIPLIER_DSP48E2_B2B1[10]_U[40])
                                                      0.737    28.124 f  design_2_i/llama_engine_axi_0/U0/u_engine/u_sw/SHIFT_LEFT26__1/DSP_MULTIPLIER_INST/U[40]
                         net (fo=1, routed)           0.000    28.124    design_2_i/llama_engine_axi_0/U0/u_engine/u_sw/SHIFT_LEFT26__1/DSP_MULTIPLIER.U<40>
    DSP48E2_X1Y19        DSP_M_DATA (Prop_DSP_M_DATA_DSP48E2_U[40]_U_DATA[40])
                                                      0.059    28.183 r  design_2_i/llama_engine_axi_0/U0/u_engine/u_sw/SHIFT_LEFT26__1/DSP_M_DATA_INST/U_DATA[40]
                         net (fo=1, routed)           0.000    28.183    design_2_i/llama_engine_axi_0/U0/u_engine/u_sw/SHIFT_LEFT26__1/DSP_M_DATA.U_DATA<40>
    DSP48E2_X1Y19        DSP_ALU (Prop_DSP_ALU_DSP48E2_U_DATA[40]_ALU_OUT[47])
                                                      0.699    28.882 f  design_2_i/llama_engine_axi_0/U0/u_engine/u_sw/SHIFT_LEFT26__1/DSP_ALU_INST/ALU_OUT[47]
                         net (fo=1, routed)           0.000    28.882    design_2_i/llama_engine_axi_0/U0/u_engine/u_sw/SHIFT_LEFT26__1/DSP_ALU.ALU_OUT<47>
    DSP48E2_X1Y19        DSP_OUTPUT (Prop_DSP_OUTPUT_DSP48E2_ALU_OUT[47]_PCOUT[47])
                                                      0.159    29.041 r  design_2_i/llama_engine_axi_0/U0/u_engine/u_sw/SHIFT_LEFT26__1/DSP_OUTPUT_INST/PCOUT[47]
                         net (fo=1, routed)           0.042    29.083    design_2_i/llama_engine_axi_0/U0/u_engine/u_sw/SHIFT_LEFT26__2/PCIN[47]
    DSP48E2_X1Y20        DSP_ALU (Prop_DSP_ALU_DSP48E2_PCIN[47]_ALU_OUT[4])
                                                      0.698    29.781 f  design_2_i/llama_engine_axi_0/U0/u_engine/u_sw/SHIFT_LEFT26__2/DSP_ALU_INST/ALU_OUT[4]
                         net (fo=1, routed)           0.000    29.781    design_2_i/llama_engine_axi_0/U0/u_engine/u_sw/SHIFT_LEFT26__2/DSP_ALU.ALU_OUT<4>
    DSP48E2_X1Y20        DSP_OUTPUT (Prop_DSP_OUTPUT_DSP48E2_ALU_OUT[4]_P[4])
                                                      0.141    29.922 r  design_2_i/llama_engine_axi_0/U0/u_engine/u_sw/SHIFT_LEFT26__2/DSP_OUTPUT_INST/P[4]
                         net (fo=2, routed)           0.921    30.843    design_2_i/llama_engine_axi_0/U0/u_engine/u_sw/SHIFT_LEFT26__2_n_101
    SLICE_X2Y48          LUT2 (Prop_F6LUT_SLICEL_I0_O)
                                                      0.114    30.957 r  design_2_i/llama_engine_axi_0/U0/u_engine/u_sw/SHIFT_LEFT26__5_i_4/O
                         net (fo=1, routed)           0.012    30.969    design_2_i/llama_engine_axi_0/U0/u_engine/u_sw/SHIFT_LEFT26__5_i_4_n_0
    SLICE_X2Y48          CARRY8 (Prop_CARRY8_SLICEL_S[5]_CO[7])
                                                      0.197    31.166 r  design_2_i/llama_engine_axi_0/U0/u_engine/u_sw/SHIFT_LEFT26__5_i_1/CO[7]
                         net (fo=1, routed)           0.028    31.194    design_2_i/llama_engine_axi_0/U0/u_engine/u_sw/SHIFT_LEFT26__5_i_1_n_0
    SLICE_X2Y49          CARRY8 (Prop_CARRY8_SLICEL_CI_CO[7])
                                                      0.023    31.217 r  design_2_i/llama_engine_axi_0/U0/u_engine/u_sw/SHIFT_LEFT26__3_i_4/CO[7]
                         net (fo=1, routed)           0.028    31.245    design_2_i/llama_engine_axi_0/U0/u_engine/u_sw/SHIFT_LEFT26__3_i_4_n_0
    SLICE_X2Y50          CARRY8 (Prop_CARRY8_SLICEL_CI_O[4])
                                                      0.109    31.354 f  design_2_i/llama_engine_axi_0/U0/u_engine/u_sw/SHIFT_LEFT26__3_i_3/O[4]
                         net (fo=2, routed)           0.881    32.235    design_2_i/llama_engine_axi_0/U0/u_engine/u_sw/SHIFT_LEFT26__3/B[7]
    DSP48E2_X0Y15        DSP_A_B_DATA (Prop_DSP_A_B_DATA_DSP48E2_B[7]_B2_DATA[7])
                                                      0.195    32.430 r  design_2_i/llama_engine_axi_0/U0/u_engine/u_sw/SHIFT_LEFT26__3/DSP_A_B_DATA_INST/B2_DATA[7]
                         net (fo=1, routed)           0.000    32.430    design_2_i/llama_engine_axi_0/U0/u_engine/u_sw/SHIFT_LEFT26__3/DSP_A_B_DATA.B2_DATA<7>
    DSP48E2_X0Y15        DSP_PREADD_DATA (Prop_DSP_PREADD_DATA_DSP48E2_B2_DATA[7]_B2B1[7])
                                                      0.092    32.522 r  design_2_i/llama_engine_axi_0/U0/u_engine/u_sw/SHIFT_LEFT26__3/DSP_PREADD_DATA_INST/B2B1[7]
                         net (fo=1, routed)           0.000    32.522    design_2_i/llama_engine_axi_0/U0/u_engine/u_sw/SHIFT_LEFT26__3/DSP_PREADD_DATA.B2B1<7>
    DSP48E2_X0Y15        DSP_MULTIPLIER (Prop_DSP_MULTIPLIER_DSP48E2_B2B1[7]_U[38])
                                                      0.737    33.259 f  design_2_i/llama_engine_axi_0/U0/u_engine/u_sw/SHIFT_LEFT26__3/DSP_MULTIPLIER_INST/U[38]
                         net (fo=1, routed)           0.000    33.259    design_2_i/llama_engine_axi_0/U0/u_engine/u_sw/SHIFT_LEFT26__3/DSP_MULTIPLIER.U<38>
    DSP48E2_X0Y15        DSP_M_DATA (Prop_DSP_M_DATA_DSP48E2_U[38]_U_DATA[38])
                                                      0.059    33.318 r  design_2_i/llama_engine_axi_0/U0/u_engine/u_sw/SHIFT_LEFT26__3/DSP_M_DATA_INST/U_DATA[38]
                         net (fo=1, routed)           0.000    33.318    design_2_i/llama_engine_axi_0/U0/u_engine/u_sw/SHIFT_LEFT26__3/DSP_M_DATA.U_DATA<38>
    DSP48E2_X0Y15        DSP_ALU (Prop_DSP_ALU_DSP48E2_U_DATA[38]_ALU_OUT[47])
                                                      0.699    34.017 f  design_2_i/llama_engine_axi_0/U0/u_engine/u_sw/SHIFT_LEFT26__3/DSP_ALU_INST/ALU_OUT[47]
                         net (fo=1, routed)           0.000    34.017    design_2_i/llama_engine_axi_0/U0/u_engine/u_sw/SHIFT_LEFT26__3/DSP_ALU.ALU_OUT<47>
    DSP48E2_X0Y15        DSP_OUTPUT (Prop_DSP_OUTPUT_DSP48E2_ALU_OUT[47]_PCOUT[47])
                                                      0.159    34.176 r  design_2_i/llama_engine_axi_0/U0/u_engine/u_sw/SHIFT_LEFT26__3/DSP_OUTPUT_INST/PCOUT[47]
                         net (fo=1, routed)           0.042    34.218    design_2_i/llama_engine_axi_0/U0/u_engine/u_sw/SHIFT_LEFT26__4/PCIN[47]
    DSP48E2_X0Y16        DSP_ALU (Prop_DSP_ALU_DSP48E2_PCIN[47]_ALU_OUT[0])
                                                      0.698    34.916 f  design_2_i/llama_engine_axi_0/U0/u_engine/u_sw/SHIFT_LEFT26__4/DSP_ALU_INST/ALU_OUT[0]
                         net (fo=1, routed)           0.000    34.916    design_2_i/llama_engine_axi_0/U0/u_engine/u_sw/SHIFT_LEFT26__4/DSP_ALU.ALU_OUT<0>
    DSP48E2_X0Y16        DSP_OUTPUT (Prop_DSP_OUTPUT_DSP48E2_ALU_OUT[0]_P[0])
                                                      0.141    35.057 r  design_2_i/llama_engine_axi_0/U0/u_engine/u_sw/SHIFT_LEFT26__4/DSP_OUTPUT_INST/P[0]
                         net (fo=1, routed)           0.559    35.616    design_2_i/llama_engine_axi_0/U0/u_engine/u_sw/SHIFT_LEFT26__4_n_105
    SLICE_X4Y42          LUT2 (Prop_C6LUT_SLICEM_I1_O)
                                                      0.098    35.714 r  design_2_i/llama_engine_axi_0/U0/u_engine/u_sw/o_wdata[27]_i_7/O
                         net (fo=1, routed)           0.023    35.737    design_2_i/llama_engine_axi_0/U0/u_engine/u_sw/o_wdata[27]_i_7_n_0
    SLICE_X4Y42          CARRY8 (Prop_CARRY8_SLICEM_S[2]_O[2])
                                                      0.073    35.810 r  design_2_i/llama_engine_axi_0/U0/u_engine/u_sw/o_wdata_reg[27]_i_1/O[2]
                         net (fo=1, routed)           0.032    35.842    design_2_i/llama_engine_axi_0/U0/u_engine/u_sw/o_wdata_reg[27]_i_1_n_13
    SLICE_X4Y42          FDRE                                         r  design_2_i/llama_engine_axi_0/U0/u_engine/u_sw/o_wdata_reg[22]/D
  -------------------------------------------------------------------    -------------------

                         (clock clk_pl_0 rise edge)
                                                    337.503   337.503 r  
    PS8_X0Y0             PS8                          0.000   337.503 r  design_2_i/zynq_ultra_ps_e_0/inst/PS8_i/PLCLK[0]
                         net (fo=1, routed)           0.140   337.643    design_2_i/zynq_ultra_ps_e_0/inst/pl_clk_unbuffered[0]
    BUFG_PS_X0Y58        BUFG_PS (Prop_BUFG_PS_I_O)
                                                      0.027   337.670 r  design_2_i/zynq_ultra_ps_e_0/inst/buffer_pl_clk_0.PL_CLK_0_BUFG/O
    X0Y1 (CLOCK_ROOT)    net (fo=56669, routed)       1.542   339.212    design_2_i/llama_engine_axi_0/U0/u_engine/u_sw/clk
    SLICE_X4Y42          FDRE                                         r  design_2_i/llama_engine_axi_0/U0/u_engine/u_sw/o_wdata_reg[22]/C
                         clock pessimism              0.161   339.373    
                         clock uncertainty           -0.876   338.497    
    SLICE_X4Y42          FDRE (Setup_CFF_SLICEM_C_D)
                                                      0.027   338.524    design_2_i/llama_engine_axi_0/U0/u_engine/u_sw/o_wdata_reg[22]
  -------------------------------------------------------------------
                         required time                        338.524    
                         arrival time                         -35.842    
  -------------------------------------------------------------------
                         slack                                302.682    





Min Delay Paths
--------------------------------------------------------------------------------------
Slack (MET) :             0.009ns  (arrival time - required time)
  Source:                 design_2_i/llama_engine_axi_0/U0/u_engine/u_att/e_sh_reg[577]/C
                            (rising edge-triggered cell FDRE clocked by clk_pl_0  {rise@0.000ns fall@168.751ns period=337.503ns})
  Destination:            design_2_i/llama_engine_axi_0/U0/u_engine/u_att/e_sh_reg[545]/D
                            (rising edge-triggered cell FDRE clocked by clk_pl_0  {rise@0.000ns fall@168.751ns period=337.503ns})
  Path Group:             clk_pl_0
  Path Type:              Hold (Min at Fast Process Corner)
  Requirement:            0.000ns  (clk_pl_0 rise@0.000ns - clk_pl_0 rise@0.000ns)
  Data Path Delay:        0.171ns  (logic 0.059ns (34.503%)  route 0.112ns (65.497%))
  Logic Levels:           1  (LUT3=1)
  Clock Path Skew:        0.016ns (DCD - SCD - CPR)
    Destination Clock Delay (DCD):    1.174ns
    Source Clock Delay      (SCD):    1.021ns
    Clock Pessimism Removal (CPR):    0.137ns
  Clock Uncertainty:      0.100ns  ((TSJ^2 + DJ^2)^1/2) / 2 + PE + UU
    Total System Jitter     (TSJ):    0.000ns
    Discrete Jitter          (DJ):    0.000ns
    Phase Error              (PE):    0.000ns
    User Uncertainty         (UU):    0.100ns
  Clock Net Delay (Source):      0.910ns (routing 0.324ns, distribution 0.586ns)
  Clock Net Delay (Destination): 1.036ns (routing 0.365ns, distribution 0.671ns)

    Location             Delay type                Incr(ns)  Path(ns)    Netlist Resource(s)
  -------------------------------------------------------------------    -------------------
                         (clock clk_pl_0 rise edge)
                                                      0.000     0.000 r  
    PS8_X0Y0             PS8                          0.000     0.000 r  design_2_i/zynq_ultra_ps_e_0/inst/PS8_i/PLCLK[0]
                         net (fo=1, routed)           0.094     0.094    design_2_i/zynq_ultra_ps_e_0/inst/pl_clk_unbuffered[0]
    BUFG_PS_X0Y58        BUFG_PS (Prop_BUFG_PS_I_O)
                                                      0.017     0.111 r  design_2_i/zynq_ultra_ps_e_0/inst/buffer_pl_clk_0.PL_CLK_0_BUFG/O
    X0Y1 (CLOCK_ROOT)    net (fo=56669, routed)       0.910     1.021    design_2_i/llama_engine_axi_0/U0/u_engine/u_att/clk
    SLICE_X5Y174         FDRE                                         r  design_2_i/llama_engine_axi_0/U0/u_engine/u_att/e_sh_reg[577]/C
  -------------------------------------------------------------------    -------------------
    SLICE_X5Y174         FDRE (Prop_FFF_SLICEM_C_Q)
                                                      0.037     1.058 r  design_2_i/llama_engine_axi_0/U0/u_engine/u_att/e_sh_reg[577]/Q
                         net (fo=1, routed)           0.091     1.149    design_2_i/llama_engine_axi_0/U0/u_engine/u_att/data1[545]
    SLICE_X5Y174         LUT3 (Prop_B6LUT_SLICEM_I0_O)
                                                      0.022     1.171 r  design_2_i/llama_engine_axi_0/U0/u_engine/u_att/e_sh[545]_i_1/O
                         net (fo=1, routed)           0.021     1.192    design_2_i/llama_engine_axi_0/U0/u_engine/u_att/e_sh__0[545]
    SLICE_X5Y174         FDRE                                         r  design_2_i/llama_engine_axi_0/U0/u_engine/u_att/e_sh_reg[545]/D
  -------------------------------------------------------------------    -------------------

                         (clock clk_pl_0 rise edge)
                                                      0.000     0.000 r  
    PS8_X0Y0             PS8                          0.000     0.000 r  design_2_i/zynq_ultra_ps_e_0/inst/PS8_i/PLCLK[0]
                         net (fo=1, routed)           0.120     0.120    design_2_i/zynq_ultra_ps_e_0/inst/pl_clk_unbuffered[0]
    BUFG_PS_X0Y58        BUFG_PS (Prop_BUFG_PS_I_O)
                                                      0.018     0.138 r  design_2_i/zynq_ultra_ps_e_0/inst/buffer_pl_clk_0.PL_CLK_0_BUFG/O
    X0Y1 (CLOCK_ROOT)    net (fo=56669, routed)       1.036     1.174    design_2_i/llama_engine_axi_0/U0/u_engine/u_att/clk
    SLICE_X5Y174         FDRE                                         r  design_2_i/llama_engine_axi_0/U0/u_engine/u_att/e_sh_reg[545]/C
                         clock pessimism             -0.137     1.037    
                         clock uncertainty            0.100     1.137    
    SLICE_X5Y174         FDRE (Hold_BFF_SLICEM_C_D)
                                                      0.046     1.183    design_2_i/llama_engine_axi_0/U0/u_engine/u_att/e_sh_reg[545]
  -------------------------------------------------------------------
                         required time                         -1.183    
                         arrival time                           1.192    
  -------------------------------------------------------------------
                         slack                                  0.009    

Slack (MET) :             0.009ns  (arrival time - required time)
  Source:                 design_2_i/fan_pwm/U0/axi_pwm_v1_0_S00_AXI_inst/slv_reg0_reg[20]/C
                            (rising edge-triggered cell FDRE clocked by clk_pl_0  {rise@0.000ns fall@168.751ns period=337.503ns})
  Destination:            design_2_i/fan_pwm/U0/axi_pwm_v1_0_S00_AXI_inst/axi_rdata_reg[20]/D
                            (rising edge-triggered cell FDRE clocked by clk_pl_0  {rise@0.000ns fall@168.751ns period=337.503ns})
  Path Group:             clk_pl_0
  Path Type:              Hold (Min at Fast Process Corner)
  Requirement:            0.000ns  (clk_pl_0 rise@0.000ns - clk_pl_0 rise@0.000ns)
  Data Path Delay:        0.170ns  (logic 0.061ns (35.882%)  route 0.109ns (64.118%))
  Logic Levels:           1  (LUT6=1)
  Clock Path Skew:        0.015ns (DCD - SCD - CPR)
    Destination Clock Delay (DCD):    1.138ns
    Source Clock Delay      (SCD):    0.990ns
    Clock Pessimism Removal (CPR):    0.134ns
  Clock Uncertainty:      0.100ns  ((TSJ^2 + DJ^2)^1/2) / 2 + PE + UU
    Total System Jitter     (TSJ):    0.000ns
    Discrete Jitter          (DJ):    0.000ns
    Phase Error              (PE):    0.000ns
    User Uncertainty         (UU):    0.100ns
  Clock Net Delay (Source):      0.879ns (routing 0.324ns, distribution 0.555ns)
  Clock Net Delay (Destination): 1.000ns (routing 0.365ns, distribution 0.635ns)

    Location             Delay type                Incr(ns)  Path(ns)    Netlist Resource(s)
  -------------------------------------------------------------------    -------------------
                         (clock clk_pl_0 rise edge)
                                                      0.000     0.000 r  
    PS8_X0Y0             PS8                          0.000     0.000 r  design_2_i/zynq_ultra_ps_e_0/inst/PS8_i/PLCLK[0]
                         net (fo=1, routed)           0.094     0.094    design_2_i/zynq_ultra_ps_e_0/inst/pl_clk_unbuffered[0]
    BUFG_PS_X0Y58        BUFG_PS (Prop_BUFG_PS_I_O)
                                                      0.017     0.111 r  design_2_i/zynq_ultra_ps_e_0/inst/buffer_pl_clk_0.PL_CLK_0_BUFG/O
    X0Y1 (CLOCK_ROOT)    net (fo=56669, routed)       0.879     0.990    design_2_i/fan_pwm/U0/axi_pwm_v1_0_S00_AXI_inst/S_AXI_ACLK
    SLICE_X4Y119         FDRE                                         r  design_2_i/fan_pwm/U0/axi_pwm_v1_0_S00_AXI_inst/slv_reg0_reg[20]/C
  -------------------------------------------------------------------    -------------------
    SLICE_X4Y119         FDRE (Prop_GFF_SLICEM_C_Q)
                                                      0.039     1.029 r  design_2_i/fan_pwm/U0/axi_pwm_v1_0_S00_AXI_inst/slv_reg0_reg[20]/Q
                         net (fo=1, routed)           0.088     1.117    design_2_i/fan_pwm/U0/axi_pwm_v1_0_S00_AXI_inst/slv_reg0__0[20]
    SLICE_X4Y119         LUT6 (Prop_B6LUT_SLICEM_I1_O)
                                                      0.022     1.139 r  design_2_i/fan_pwm/U0/axi_pwm_v1_0_S00_AXI_inst/axi_rdata[20]_i_1/O
                         net (fo=1, routed)           0.021     1.160    design_2_i/fan_pwm/U0/axi_pwm_v1_0_S00_AXI_inst/reg_data_out[20]
    SLICE_X4Y119         FDRE                                         r  design_2_i/fan_pwm/U0/axi_pwm_v1_0_S00_AXI_inst/axi_rdata_reg[20]/D
  -------------------------------------------------------------------    -------------------

                         (clock clk_pl_0 rise edge)
                                                      0.000     0.000 r  
    PS8_X0Y0             PS8                          0.000     0.000 r  design_2_i/zynq_ultra_ps_e_0/inst/PS8_i/PLCLK[0]
                         net (fo=1, routed)           0.120     0.120    design_2_i/zynq_ultra_ps_e_0/inst/pl_clk_unbuffered[0]
    BUFG_PS_X0Y58        BUFG_PS (Prop_BUFG_PS_I_O)
                                                      0.018     0.138 r  design_2_i/zynq_ultra_ps_e_0/inst/buffer_pl_clk_0.PL_CLK_0_BUFG/O
    X0Y1 (CLOCK_ROOT)    net (fo=56669, routed)       1.000     1.138    design_2_i/fan_pwm/U0/axi_pwm_v1_0_S00_AXI_inst/S_AXI_ACLK
    SLICE_X4Y119         FDRE                                         r  design_2_i/fan_pwm/U0/axi_pwm_v1_0_S00_AXI_inst/axi_rdata_reg[20]/C
                         clock pessimism             -0.134     1.004    
                         clock uncertainty            0.100     1.104    
    SLICE_X4Y119         FDRE (Hold_BFF_SLICEM_C_D)
                                                      0.046     1.150    design_2_i/fan_pwm/U0/axi_pwm_v1_0_S00_AXI_inst/axi_rdata_reg[20]
  -------------------------------------------------------------------
                         required time                         -1.150    
                         arrival time                           1.160    
  -------------------------------------------------------------------
                         slack                                  0.009    

Slack (MET) :             0.010ns  (arrival time - required time)
  Source:                 design_2_i/llama_engine_axi_0/U0/u_engine/u_hbpack/o_mant_reg[2327]/C
                            (rising edge-triggered cell FDRE clocked by clk_pl_0  {rise@0.000ns fall@168.751ns period=337.503ns})
  Destination:            design_2_i/llama_engine_axi_0/U0/u_engine/mm_xin_reg[2327]/D
                            (rising edge-triggered cell FDRE clocked by clk_pl_0  {rise@0.000ns fall@168.751ns period=337.503ns})
  Path Group:             clk_pl_0
  Path Type:              Hold (Min at Fast Process Corner)
  Requirement:            0.000ns  (clk_pl_0 rise@0.000ns - clk_pl_0 rise@0.000ns)
  Data Path Delay:        0.172ns  (logic 0.039ns (22.674%)  route 0.133ns (77.326%))
  Logic Levels:           0  
  Clock Path Skew:        0.016ns (DCD - SCD - CPR)
    Destination Clock Delay (DCD):    1.162ns
    Source Clock Delay      (SCD):    1.006ns
    Clock Pessimism Removal (CPR):    0.140ns
  Clock Uncertainty:      0.100ns  ((TSJ^2 + DJ^2)^1/2) / 2 + PE + UU
    Total System Jitter     (TSJ):    0.000ns
    Discrete Jitter          (DJ):    0.000ns
    Phase Error              (PE):    0.000ns
    User Uncertainty         (UU):    0.100ns
  Clock Net Delay (Source):      0.895ns (routing 0.324ns, distribution 0.571ns)
  Clock Net Delay (Destination): 1.024ns (routing 0.365ns, distribution 0.659ns)

    Location             Delay type                Incr(ns)  Path(ns)    Netlist Resource(s)
  -------------------------------------------------------------------    -------------------
                         (clock clk_pl_0 rise edge)
                                                      0.000     0.000 r  
    PS8_X0Y0             PS8                          0.000     0.000 r  design_2_i/zynq_ultra_ps_e_0/inst/PS8_i/PLCLK[0]
                         net (fo=1, routed)           0.094     0.094    design_2_i/zynq_ultra_ps_e_0/inst/pl_clk_unbuffered[0]
    BUFG_PS_X0Y58        BUFG_PS (Prop_BUFG_PS_I_O)
                                                      0.017     0.111 r  design_2_i/zynq_ultra_ps_e_0/inst/buffer_pl_clk_0.PL_CLK_0_BUFG/O
    X0Y1 (CLOCK_ROOT)    net (fo=56669, routed)       0.895     1.006    design_2_i/llama_engine_axi_0/U0/u_engine/u_hbpack/clk
    SLICE_X13Y8          FDRE                                         r  design_2_i/llama_engine_axi_0/U0/u_engine/u_hbpack/o_mant_reg[2327]/C
  -------------------------------------------------------------------    -------------------
    SLICE_X13Y8          FDRE (Prop_BFF_SLICEL_C_Q)
                                                      0.039     1.045 r  design_2_i/llama_engine_axi_0/U0/u_engine/u_hbpack/o_mant_reg[2327]/Q
                         net (fo=1, routed)           0.133     1.178    design_2_i/llama_engine_axi_0/U0/u_engine/hbp_o_mant[2327]
    SLICE_X13Y8          FDRE                                         r  design_2_i/llama_engine_axi_0/U0/u_engine/mm_xin_reg[2327]/D
  -------------------------------------------------------------------    -------------------

                         (clock clk_pl_0 rise edge)
                                                      0.000     0.000 r  
    PS8_X0Y0             PS8                          0.000     0.000 r  design_2_i/zynq_ultra_ps_e_0/inst/PS8_i/PLCLK[0]
                         net (fo=1, routed)           0.120     0.120    design_2_i/zynq_ultra_ps_e_0/inst/pl_clk_unbuffered[0]
    BUFG_PS_X0Y58        BUFG_PS (Prop_BUFG_PS_I_O)
                                                      0.018     0.138 r  design_2_i/zynq_ultra_ps_e_0/inst/buffer_pl_clk_0.PL_CLK_0_BUFG/O
    X0Y1 (CLOCK_ROOT)    net (fo=56669, routed)       1.024     1.162    design_2_i/llama_engine_axi_0/U0/u_engine/clk
    SLICE_X13Y8          FDRE                                         r  design_2_i/llama_engine_axi_0/U0/u_engine/mm_xin_reg[2327]/C
                         clock pessimism             -0.140     1.022    
                         clock uncertainty            0.100     1.122    
    SLICE_X13Y8          FDRE (Hold_FFF_SLICEL_C_D)
                                                      0.046     1.168    design_2_i/llama_engine_axi_0/U0/u_engine/mm_xin_reg[2327]
  -------------------------------------------------------------------
                         required time                         -1.168    
                         arrival time                           1.178    
  -------------------------------------------------------------------
                         slack                                  0.010    

Slack (MET) :             0.010ns  (arrival time - required time)
  Source:                 design_2_i/llama_engine_axi_0/U0/u_engine/u_att/u_softmax/e_out_reg[77]/C
                            (rising edge-triggered cell FDRE clocked by clk_pl_0  {rise@0.000ns fall@168.751ns period=337.503ns})
  Destination:            design_2_i/llama_engine_axi_0/U0/u_engine/u_att/e_l_reg[77]/D
                            (rising edge-triggered cell FDRE clocked by clk_pl_0  {rise@0.000ns fall@168.751ns period=337.503ns})
  Path Group:             clk_pl_0
  Path Type:              Hold (Min at Fast Process Corner)
  Requirement:            0.000ns  (clk_pl_0 rise@0.000ns - clk_pl_0 rise@0.000ns)
  Data Path Delay:        0.172ns  (logic 0.039ns (22.674%)  route 0.133ns (77.326%))
  Logic Levels:           0  
  Clock Path Skew:        0.016ns (DCD - SCD - CPR)
    Destination Clock Delay (DCD):    1.177ns
    Source Clock Delay      (SCD):    1.023ns
    Clock Pessimism Removal (CPR):    0.138ns
  Clock Uncertainty:      0.100ns  ((TSJ^2 + DJ^2)^1/2) / 2 + PE + UU
    Total System Jitter     (TSJ):    0.000ns
    Discrete Jitter          (DJ):    0.000ns
    Phase Error              (PE):    0.000ns
    User Uncertainty         (UU):    0.100ns
  Clock Net Delay (Source):      0.912ns (routing 0.324ns, distribution 0.588ns)
  Clock Net Delay (Destination): 1.039ns (routing 0.365ns, distribution 0.674ns)

    Location             Delay type                Incr(ns)  Path(ns)    Netlist Resource(s)
  -------------------------------------------------------------------    -------------------
                         (clock clk_pl_0 rise edge)
                                                      0.000     0.000 r  
    PS8_X0Y0             PS8                          0.000     0.000 r  design_2_i/zynq_ultra_ps_e_0/inst/PS8_i/PLCLK[0]
                         net (fo=1, routed)           0.094     0.094    design_2_i/zynq_ultra_ps_e_0/inst/pl_clk_unbuffered[0]
    BUFG_PS_X0Y58        BUFG_PS (Prop_BUFG_PS_I_O)
                                                      0.017     0.111 r  design_2_i/zynq_ultra_ps_e_0/inst/buffer_pl_clk_0.PL_CLK_0_BUFG/O
    X0Y1 (CLOCK_ROOT)    net (fo=56669, routed)       0.912     1.023    design_2_i/llama_engine_axi_0/U0/u_engine/u_att/u_softmax/clk
    SLICE_X21Y159        FDRE                                         r  design_2_i/llama_engine_axi_0/U0/u_engine/u_att/u_softmax/e_out_reg[77]/C
  -------------------------------------------------------------------    -------------------
    SLICE_X21Y159        FDRE (Prop_BFF_SLICEL_C_Q)
                                                      0.039     1.062 r  design_2_i/llama_engine_axi_0/U0/u_engine/u_att/u_softmax/e_out_reg[77]/Q
                         net (fo=1, routed)           0.133     1.195    design_2_i/llama_engine_axi_0/U0/u_engine/u_att/sm_e_out[77]
    SLICE_X21Y159        FDRE                                         r  design_2_i/llama_engine_axi_0/U0/u_engine/u_att/e_l_reg[77]/D
  -------------------------------------------------------------------    -------------------

                         (clock clk_pl_0 rise edge)
                                                      0.000     0.000 r  
    PS8_X0Y0             PS8                          0.000     0.000 r  design_2_i/zynq_ultra_ps_e_0/inst/PS8_i/PLCLK[0]
                         net (fo=1, routed)           0.120     0.120    design_2_i/zynq_ultra_ps_e_0/inst/pl_clk_unbuffered[0]
    BUFG_PS_X0Y58        BUFG_PS (Prop_BUFG_PS_I_O)
                                                      0.018     0.138 r  design_2_i/zynq_ultra_ps_e_0/inst/buffer_pl_clk_0.PL_CLK_0_BUFG/O
    X0Y1 (CLOCK_ROOT)    net (fo=56669, routed)       1.039     1.177    design_2_i/llama_engine_axi_0/U0/u_engine/u_att/clk
    SLICE_X21Y159        FDRE                                         r  design_2_i/llama_engine_axi_0/U0/u_engine/u_att/e_l_reg[77]/C
                         clock pessimism             -0.138     1.039    
                         clock uncertainty            0.100     1.139    
    SLICE_X21Y159        FDRE (Hold_FFF_SLICEL_C_D)
                                                      0.046     1.185    design_2_i/llama_engine_axi_0/U0/u_engine/u_att/e_l_reg[77]
  -------------------------------------------------------------------
                         required time                         -1.185    
                         arrival time                           1.195    
  -------------------------------------------------------------------
                         slack                                  0.010    

Slack (MET) :             0.010ns  (arrival time - required time)
  Source:                 design_2_i/llama_engine_axi_0/U0/u_engine/u_embed/x_mant_reg[891]/C
                            (rising edge-triggered cell FDRE clocked by clk_pl_0  {rise@0.000ns fall@168.751ns period=337.503ns})
  Destination:            design_2_i/llama_engine_axi_0/U0/u_engine/u_embed/x_mant_reg[891]/D
                            (rising edge-triggered cell FDRE clocked by clk_pl_0  {rise@0.000ns fall@168.751ns period=337.503ns})
  Path Group:             clk_pl_0
  Path Type:              Hold (Min at Fast Process Corner)
  Requirement:            0.000ns  (clk_pl_0 rise@0.000ns - clk_pl_0 rise@0.000ns)
  Data Path Delay:        0.162ns  (logic 0.060ns (37.110%)  route 0.102ns (62.890%))
  Logic Levels:           1  (LUT5=1)
  Clock Path Skew:        0.006ns (DCD - SCD - CPR)
    Destination Clock Delay (DCD):    1.153ns
    Source Clock Delay      (SCD):    1.004ns
    Clock Pessimism Removal (CPR):    0.144ns
  Clock Uncertainty:      0.100ns  ((TSJ^2 + DJ^2)^1/2) / 2 + PE + UU
    Total System Jitter     (TSJ):    0.000ns
    Discrete Jitter          (DJ):    0.000ns
    Phase Error              (PE):    0.000ns
    User Uncertainty         (UU):    0.100ns
  Clock Net Delay (Source):      0.893ns (routing 0.324ns, distribution 0.569ns)
  Clock Net Delay (Destination): 1.015ns (routing 0.365ns, distribution 0.650ns)

    Location             Delay type                Incr(ns)  Path(ns)    Netlist Resource(s)
  -------------------------------------------------------------------    -------------------
                         (clock clk_pl_0 rise edge)
                                                      0.000     0.000 r  
    PS8_X0Y0             PS8                          0.000     0.000 r  design_2_i/zynq_ultra_ps_e_0/inst/PS8_i/PLCLK[0]
                         net (fo=1, routed)           0.094     0.094    design_2_i/zynq_ultra_ps_e_0/inst/pl_clk_unbuffered[0]
    BUFG_PS_X0Y58        BUFG_PS (Prop_BUFG_PS_I_O)
                                                      0.017     0.111 r  design_2_i/zynq_ultra_ps_e_0/inst/buffer_pl_clk_0.PL_CLK_0_BUFG/O
    X0Y1 (CLOCK_ROOT)    net (fo=56669, routed)       0.893     1.004    design_2_i/llama_engine_axi_0/U0/u_engine/u_embed/clk
    SLICE_X28Y113        FDRE                                         r  design_2_i/llama_engine_axi_0/U0/u_engine/u_embed/x_mant_reg[891]/C
  -------------------------------------------------------------------    -------------------
    SLICE_X28Y113        FDRE (Prop_CFF_SLICEM_C_Q)
                                                      0.038     1.042 r  design_2_i/llama_engine_axi_0/U0/u_engine/u_embed/x_mant_reg[891]/Q
                         net (fo=3, routed)           0.078     1.119    design_2_i/llama_engine_axi_0/U0/u_engine/u_embed/x_mant[891]
    SLICE_X28Y113        LUT5 (Prop_C6LUT_SLICEM_I0_O)
                                                      0.022     1.141 r  design_2_i/llama_engine_axi_0/U0/u_engine/u_embed/x_mant[891]_i_1/O
                         net (fo=1, routed)           0.024     1.165    design_2_i/llama_engine_axi_0/U0/u_engine/u_embed/x_mant[891]_i_1_n_0
    SLICE_X28Y113        FDRE                                         r  design_2_i/llama_engine_axi_0/U0/u_engine/u_embed/x_mant_reg[891]/D
  -------------------------------------------------------------------    -------------------

                         (clock clk_pl_0 rise edge)
                                                      0.000     0.000 r  
    PS8_X0Y0             PS8                          0.000     0.000 r  design_2_i/zynq_ultra_ps_e_0/inst/PS8_i/PLCLK[0]
                         net (fo=1, routed)           0.120     0.120    design_2_i/zynq_ultra_ps_e_0/inst/pl_clk_unbuffered[0]
    BUFG_PS_X0Y58        BUFG_PS (Prop_BUFG_PS_I_O)
                                                      0.018     0.138 r  design_2_i/zynq_ultra_ps_e_0/inst/buffer_pl_clk_0.PL_CLK_0_BUFG/O
    X0Y1 (CLOCK_ROOT)    net (fo=56669, routed)       1.015     1.153    design_2_i/llama_engine_axi_0/U0/u_engine/u_embed/clk
    SLICE_X28Y113        FDRE                                         r  design_2_i/llama_engine_axi_0/U0/u_engine/u_embed/x_mant_reg[891]/C
                         clock pessimism             -0.144     1.010    
                         clock uncertainty            0.100     1.110    
    SLICE_X28Y113        FDRE (Hold_CFF_SLICEM_C_D)
                                                      0.046     1.156    design_2_i/llama_engine_axi_0/U0/u_engine/u_embed/x_mant_reg[891]
  -------------------------------------------------------------------
                         required time                         -1.156    
                         arrival time                           1.165    
  -------------------------------------------------------------------
                         slack                                  0.010    

Slack (MET) :             0.010ns  (arrival time - required time)
  Source:                 design_2_i/llama_engine_axi_0/U0/u_engine/wo_reg_reg[805]/C
                            (rising edge-triggered cell FDRE clocked by clk_pl_0  {rise@0.000ns fall@168.751ns period=337.503ns})
  Destination:            design_2_i/llama_engine_axi_0/U0/u_engine/res_b_mant_reg[805]/D
                            (rising edge-triggered cell FDRE clocked by clk_pl_0  {rise@0.000ns fall@168.751ns period=337.503ns})
  Path Group:             clk_pl_0
  Path Type:              Hold (Min at Fast Process Corner)
  Requirement:            0.000ns  (clk_pl_0 rise@0.000ns - clk_pl_0 rise@0.000ns)
  Data Path Delay:        0.172ns  (logic 0.080ns (46.512%)  route 0.092ns (53.488%))
  Logic Levels:           1  (LUT4=1)
  Clock Path Skew:        0.016ns (DCD - SCD - CPR)
    Destination Clock Delay (DCD):    1.151ns
    Source Clock Delay      (SCD):    1.001ns
    Clock Pessimism Removal (CPR):    0.134ns
  Clock Uncertainty:      0.100ns  ((TSJ^2 + DJ^2)^1/2) / 2 + PE + UU
    Total System Jitter     (TSJ):    0.000ns
    Discrete Jitter          (DJ):    0.000ns
    Phase Error              (PE):    0.000ns
    User Uncertainty         (UU):    0.100ns
  Clock Net Delay (Source):      0.890ns (routing 0.324ns, distribution 0.566ns)
  Clock Net Delay (Destination): 1.013ns (routing 0.365ns, distribution 0.648ns)

    Location             Delay type                Incr(ns)  Path(ns)    Netlist Resource(s)
  -------------------------------------------------------------------    -------------------
                         (clock clk_pl_0 rise edge)
                                                      0.000     0.000 r  
    PS8_X0Y0             PS8                          0.000     0.000 r  design_2_i/zynq_ultra_ps_e_0/inst/PS8_i/PLCLK[0]
                         net (fo=1, routed)           0.094     0.094    design_2_i/zynq_ultra_ps_e_0/inst/pl_clk_unbuffered[0]
    BUFG_PS_X0Y58        BUFG_PS (Prop_BUFG_PS_I_O)
                                                      0.017     0.111 r  design_2_i/zynq_ultra_ps_e_0/inst/buffer_pl_clk_0.PL_CLK_0_BUFG/O
    X0Y1 (CLOCK_ROOT)    net (fo=56669, routed)       0.890     1.001    design_2_i/llama_engine_axi_0/U0/u_engine/clk
    SLICE_X16Y83         FDRE                                         r  design_2_i/llama_engine_axi_0/U0/u_engine/wo_reg_reg[805]/C
  -------------------------------------------------------------------    -------------------
    SLICE_X16Y83         FDRE (Prop_HFF_SLICEM_C_Q)
                                                      0.039     1.040 r  design_2_i/llama_engine_axi_0/U0/u_engine/wo_reg_reg[805]/Q
                         net (fo=1, routed)           0.066     1.106    design_2_i/llama_engine_axi_0/U0/u_engine/wo_reg_reg_n_0_[805]
    SLICE_X16Y83         LUT4 (Prop_D6LUT_SLICEM_I1_O)
                                                      0.041     1.147 r  design_2_i/llama_engine_axi_0/U0/u_engine/res_b_mant[805]_i_1/O
                         net (fo=1, routed)           0.026     1.173    design_2_i/llama_engine_axi_0/U0/u_engine/res_b_mant[805]_i_1_n_0
    SLICE_X16Y83         FDRE                                         r  design_2_i/llama_engine_axi_0/U0/u_engine/res_b_mant_reg[805]/D
  -------------------------------------------------------------------    -------------------

                         (clock clk_pl_0 rise edge)
                                                      0.000     0.000 r  
    PS8_X0Y0             PS8                          0.000     0.000 r  design_2_i/zynq_ultra_ps_e_0/inst/PS8_i/PLCLK[0]
                         net (fo=1, routed)           0.120     0.120    design_2_i/zynq_ultra_ps_e_0/inst/pl_clk_unbuffered[0]
    BUFG_PS_X0Y58        BUFG_PS (Prop_BUFG_PS_I_O)
                                                      0.018     0.138 r  design_2_i/zynq_ultra_ps_e_0/inst/buffer_pl_clk_0.PL_CLK_0_BUFG/O
    X0Y1 (CLOCK_ROOT)    net (fo=56669, routed)       1.013     1.151    design_2_i/llama_engine_axi_0/U0/u_engine/clk
    SLICE_X16Y83         FDRE                                         r  design_2_i/llama_engine_axi_0/U0/u_engine/res_b_mant_reg[805]/C
                         clock pessimism             -0.134     1.017    
                         clock uncertainty            0.100     1.117    
    SLICE_X16Y83         FDRE (Hold_DFF_SLICEM_C_D)
                                                      0.046     1.163    design_2_i/llama_engine_axi_0/U0/u_engine/res_b_mant_reg[805]
  -------------------------------------------------------------------
                         required time                         -1.163    
                         arrival time                           1.173    
  -------------------------------------------------------------------
                         slack                                  0.010    

Slack (MET) :             0.010ns  (arrival time - required time)
  Source:                 design_2_i/llama_engine_axi_0/U0/u_engine/u_rope/qo_mant_reg[608]/C
                            (rising edge-triggered cell FDRE clocked by clk_pl_0  {rise@0.000ns fall@168.751ns period=337.503ns})
  Destination:            design_2_i/llama_engine_axi_0/U0/u_engine/att_q_mant_reg[608]/D
                            (rising edge-triggered cell FDRE clocked by clk_pl_0  {rise@0.000ns fall@168.751ns period=337.503ns})
  Path Group:             clk_pl_0
  Path Type:              Hold (Min at Fast Process Corner)
  Requirement:            0.000ns  (clk_pl_0 rise@0.000ns - clk_pl_0 rise@0.000ns)
  Data Path Delay:        0.169ns  (logic 0.038ns (22.485%)  route 0.131ns (77.515%))
  Logic Levels:           0  
  Clock Path Skew:        0.013ns (DCD - SCD - CPR)
    Destination Clock Delay (DCD):    1.267ns
    Source Clock Delay      (SCD):    1.110ns
    Clock Pessimism Removal (CPR):    0.144ns
  Clock Uncertainty:      0.100ns  ((TSJ^2 + DJ^2)^1/2) / 2 + PE + UU
    Total System Jitter     (TSJ):    0.000ns
    Discrete Jitter          (DJ):    0.000ns
    Phase Error              (PE):    0.000ns
    User Uncertainty         (UU):    0.100ns
  Clock Net Delay (Source):      0.999ns (routing 0.324ns, distribution 0.675ns)
  Clock Net Delay (Destination): 1.129ns (routing 0.365ns, distribution 0.764ns)

    Location             Delay type                Incr(ns)  Path(ns)    Netlist Resource(s)
  -------------------------------------------------------------------    -------------------
                         (clock clk_pl_0 rise edge)
                                                      0.000     0.000 r  
    PS8_X0Y0             PS8                          0.000     0.000 r  design_2_i/zynq_ultra_ps_e_0/inst/PS8_i/PLCLK[0]
                         net (fo=1, routed)           0.094     0.094    design_2_i/zynq_ultra_ps_e_0/inst/pl_clk_unbuffered[0]
    BUFG_PS_X0Y58        BUFG_PS (Prop_BUFG_PS_I_O)
                                                      0.017     0.111 r  design_2_i/zynq_ultra_ps_e_0/inst/buffer_pl_clk_0.PL_CLK_0_BUFG/O
    X0Y1 (CLOCK_ROOT)    net (fo=56669, routed)       0.999     1.110    design_2_i/llama_engine_axi_0/U0/u_engine/u_rope/clk
    SLICE_X45Y151        FDRE                                         r  design_2_i/llama_engine_axi_0/U0/u_engine/u_rope/qo_mant_reg[608]/C
  -------------------------------------------------------------------    -------------------
    SLICE_X45Y151        FDRE (Prop_BFF_SLICEM_C_Q)
                                                      0.038     1.148 r  design_2_i/llama_engine_axi_0/U0/u_engine/u_rope/qo_mant_reg[608]/Q
                         net (fo=1, routed)           0.131     1.279    design_2_i/llama_engine_axi_0/U0/u_engine/rope_qo_mant[608]
    SLICE_X45Y151        FDRE                                         r  design_2_i/llama_engine_axi_0/U0/u_engine/att_q_mant_reg[608]/D
  -------------------------------------------------------------------    -------------------

                         (clock clk_pl_0 rise edge)
                                                      0.000     0.000 r  
    PS8_X0Y0             PS8                          0.000     0.000 r  design_2_i/zynq_ultra_ps_e_0/inst/PS8_i/PLCLK[0]
                         net (fo=1, routed)           0.120     0.120    design_2_i/zynq_ultra_ps_e_0/inst/pl_clk_unbuffered[0]
    BUFG_PS_X0Y58        BUFG_PS (Prop_BUFG_PS_I_O)
                                                      0.018     0.138 r  design_2_i/zynq_ultra_ps_e_0/inst/buffer_pl_clk_0.PL_CLK_0_BUFG/O
    X0Y1 (CLOCK_ROOT)    net (fo=56669, routed)       1.129     1.267    design_2_i/llama_engine_axi_0/U0/u_engine/clk
    SLICE_X45Y151        FDRE                                         r  design_2_i/llama_engine_axi_0/U0/u_engine/att_q_mant_reg[608]/C
                         clock pessimism             -0.144     1.123    
                         clock uncertainty            0.100     1.223    
    SLICE_X45Y151        FDRE (Hold_HFF_SLICEM_C_D)
                                                      0.046     1.269    design_2_i/llama_engine_axi_0/U0/u_engine/att_q_mant_reg[608]
  -------------------------------------------------------------------
                         required time                         -1.269    
                         arrival time                           1.279    
  -------------------------------------------------------------------
                         slack                                  0.010    

Slack (MET) :             0.010ns  (arrival time - required time)
  Source:                 design_2_i/llama_engine_axi_0/U0/u_engine/u_hbpack/o_mant_reg[1370]/C
                            (rising edge-triggered cell FDRE clocked by clk_pl_0  {rise@0.000ns fall@168.751ns period=337.503ns})
  Destination:            design_2_i/llama_engine_axi_0/U0/u_engine/mm_xin_reg[1370]/D
                            (rising edge-triggered cell FDRE clocked by clk_pl_0  {rise@0.000ns fall@168.751ns period=337.503ns})
  Path Group:             clk_pl_0
  Path Type:              Hold (Min at Fast Process Corner)
  Requirement:            0.000ns  (clk_pl_0 rise@0.000ns - clk_pl_0 rise@0.000ns)
  Data Path Delay:        0.170ns  (logic 0.038ns (22.353%)  route 0.132ns (77.647%))
  Logic Levels:           0  
  Clock Path Skew:        0.013ns (DCD - SCD - CPR)
    Destination Clock Delay (DCD):    1.274ns
    Source Clock Delay      (SCD):    1.113ns
    Clock Pessimism Removal (CPR):    0.148ns
  Clock Uncertainty:      0.100ns  ((TSJ^2 + DJ^2)^1/2) / 2 + PE + UU
    Total System Jitter     (TSJ):    0.000ns
    Discrete Jitter          (DJ):    0.000ns
    Phase Error              (PE):    0.000ns
    User Uncertainty         (UU):    0.100ns
  Clock Net Delay (Source):      1.002ns (routing 0.324ns, distribution 0.678ns)
  Clock Net Delay (Destination): 1.136ns (routing 0.365ns, distribution 0.771ns)

    Location             Delay type                Incr(ns)  Path(ns)    Netlist Resource(s)
  -------------------------------------------------------------------    -------------------
                         (clock clk_pl_0 rise edge)
                                                      0.000     0.000 r  
    PS8_X0Y0             PS8                          0.000     0.000 r  design_2_i/zynq_ultra_ps_e_0/inst/PS8_i/PLCLK[0]
                         net (fo=1, routed)           0.094     0.094    design_2_i/zynq_ultra_ps_e_0/inst/pl_clk_unbuffered[0]
    BUFG_PS_X0Y58        BUFG_PS (Prop_BUFG_PS_I_O)
                                                      0.017     0.111 r  design_2_i/zynq_ultra_ps_e_0/inst/buffer_pl_clk_0.PL_CLK_0_BUFG/O
    X0Y1 (CLOCK_ROOT)    net (fo=56669, routed)       1.002     1.113    design_2_i/llama_engine_axi_0/U0/u_engine/u_hbpack/clk
    SLICE_X43Y10         FDRE                                         r  design_2_i/llama_engine_axi_0/U0/u_engine/u_hbpack/o_mant_reg[1370]/C
  -------------------------------------------------------------------    -------------------
    SLICE_X43Y10         FDRE (Prop_CFF_SLICEM_C_Q)
                                                      0.038     1.151 r  design_2_i/llama_engine_axi_0/U0/u_engine/u_hbpack/o_mant_reg[1370]/Q
                         net (fo=1, routed)           0.132     1.283    design_2_i/llama_engine_axi_0/U0/u_engine/hbp_o_mant[1370]
    SLICE_X43Y10         FDRE                                         r  design_2_i/llama_engine_axi_0/U0/u_engine/mm_xin_reg[1370]/D
  -------------------------------------------------------------------    -------------------

                         (clock clk_pl_0 rise edge)
                                                      0.000     0.000 r  
    PS8_X0Y0             PS8                          0.000     0.000 r  design_2_i/zynq_ultra_ps_e_0/inst/PS8_i/PLCLK[0]
                         net (fo=1, routed)           0.120     0.120    design_2_i/zynq_ultra_ps_e_0/inst/pl_clk_unbuffered[0]
    BUFG_PS_X0Y58        BUFG_PS (Prop_BUFG_PS_I_O)
                                                      0.018     0.138 r  design_2_i/zynq_ultra_ps_e_0/inst/buffer_pl_clk_0.PL_CLK_0_BUFG/O
    X0Y1 (CLOCK_ROOT)    net (fo=56669, routed)       1.136     1.274    design_2_i/llama_engine_axi_0/U0/u_engine/clk
    SLICE_X43Y10         FDRE                                         r  design_2_i/llama_engine_axi_0/U0/u_engine/mm_xin_reg[1370]/C
                         clock pessimism             -0.148     1.126    
                         clock uncertainty            0.100     1.226    
    SLICE_X43Y10         FDRE (Hold_FFF2_SLICEM_C_D)
                                                      0.047     1.273    design_2_i/llama_engine_axi_0/U0/u_engine/mm_xin_reg[1370]
  -------------------------------------------------------------------
                         required time                         -1.273    
                         arrival time                           1.283    
  -------------------------------------------------------------------
                         slack                                  0.010    

Slack (MET) :             0.010ns  (arrival time - required time)
  Source:                 design_2_i/llama_engine_axi_0/U0/u_engine/u_hbpack/o_mant_reg[2190]/C
                            (rising edge-triggered cell FDRE clocked by clk_pl_0  {rise@0.000ns fall@168.751ns period=337.503ns})
  Destination:            design_2_i/llama_engine_axi_0/U0/u_engine/mm_xin_reg[2190]/D
                            (rising edge-triggered cell FDRE clocked by clk_pl_0  {rise@0.000ns fall@168.751ns period=337.503ns})
  Path Group:             clk_pl_0
  Path Type:              Hold (Min at Fast Process Corner)
  Requirement:            0.000ns  (clk_pl_0 rise@0.000ns - clk_pl_0 rise@0.000ns)
  Data Path Delay:        0.170ns  (logic 0.038ns (22.353%)  route 0.132ns (77.647%))
  Logic Levels:           0  
  Clock Path Skew:        0.013ns (DCD - SCD - CPR)
    Destination Clock Delay (DCD):    1.162ns
    Source Clock Delay      (SCD):    1.009ns
    Clock Pessimism Removal (CPR):    0.140ns
  Clock Uncertainty:      0.100ns  ((TSJ^2 + DJ^2)^1/2) / 2 + PE + UU
    Total System Jitter     (TSJ):    0.000ns
    Discrete Jitter          (DJ):    0.000ns
    Phase Error              (PE):    0.000ns
    User Uncertainty         (UU):    0.100ns
  Clock Net Delay (Source):      0.898ns (routing 0.324ns, distribution 0.574ns)
  Clock Net Delay (Destination): 1.024ns (routing 0.365ns, distribution 0.659ns)

    Location             Delay type                Incr(ns)  Path(ns)    Netlist Resource(s)
  -------------------------------------------------------------------    -------------------
                         (clock clk_pl_0 rise edge)
                                                      0.000     0.000 r  
    PS8_X0Y0             PS8                          0.000     0.000 r  design_2_i/zynq_ultra_ps_e_0/inst/PS8_i/PLCLK[0]
                         net (fo=1, routed)           0.094     0.094    design_2_i/zynq_ultra_ps_e_0/inst/pl_clk_unbuffered[0]
    BUFG_PS_X0Y58        BUFG_PS (Prop_BUFG_PS_I_O)
                                                      0.017     0.111 r  design_2_i/zynq_ultra_ps_e_0/inst/buffer_pl_clk_0.PL_CLK_0_BUFG/O
    X0Y1 (CLOCK_ROOT)    net (fo=56669, routed)       0.898     1.009    design_2_i/llama_engine_axi_0/U0/u_engine/u_hbpack/clk
    SLICE_X9Y19          FDRE                                         r  design_2_i/llama_engine_axi_0/U0/u_engine/u_hbpack/o_mant_reg[2190]/C
  -------------------------------------------------------------------    -------------------
    SLICE_X9Y19          FDRE (Prop_AFF_SLICEM_C_Q)
                                                      0.038     1.047 r  design_2_i/llama_engine_axi_0/U0/u_engine/u_hbpack/o_mant_reg[2190]/Q
                         net (fo=1, routed)           0.132     1.179    design_2_i/llama_engine_axi_0/U0/u_engine/hbp_o_mant[2190]
    SLICE_X9Y19          FDRE                                         r  design_2_i/llama_engine_axi_0/U0/u_engine/mm_xin_reg[2190]/D
  -------------------------------------------------------------------    -------------------

                         (clock clk_pl_0 rise edge)
                                                      0.000     0.000 r  
    PS8_X0Y0             PS8                          0.000     0.000 r  design_2_i/zynq_ultra_ps_e_0/inst/PS8_i/PLCLK[0]
                         net (fo=1, routed)           0.120     0.120    design_2_i/zynq_ultra_ps_e_0/inst/pl_clk_unbuffered[0]
    BUFG_PS_X0Y58        BUFG_PS (Prop_BUFG_PS_I_O)
                                                      0.018     0.138 r  design_2_i/zynq_ultra_ps_e_0/inst/buffer_pl_clk_0.PL_CLK_0_BUFG/O
    X0Y1 (CLOCK_ROOT)    net (fo=56669, routed)       1.024     1.162    design_2_i/llama_engine_axi_0/U0/u_engine/clk
    SLICE_X9Y19          FDRE                                         r  design_2_i/llama_engine_axi_0/U0/u_engine/mm_xin_reg[2190]/C
                         clock pessimism             -0.140     1.022    
                         clock uncertainty            0.100     1.122    
    SLICE_X9Y19          FDRE (Hold_EFF2_SLICEM_C_D)
                                                      0.047     1.169    design_2_i/llama_engine_axi_0/U0/u_engine/mm_xin_reg[2190]
  -------------------------------------------------------------------
                         required time                         -1.169    
                         arrival time                           1.179    
  -------------------------------------------------------------------
                         slack                                  0.010    

Slack (MET) :             0.010ns  (arrival time - required time)
  Source:                 design_2_i/llama_engine_axi_0/U0/u_engine/mm_xin_reg[294]/C
                            (rising edge-triggered cell FDRE clocked by clk_pl_0  {rise@0.000ns fall@168.751ns period=337.503ns})
  Destination:            design_2_i/llama_engine_axi_0/U0/u_engine/u_matmul/xin_reg[294]/D
                            (rising edge-triggered cell FDRE clocked by clk_pl_0  {rise@0.000ns fall@168.751ns period=337.503ns})
  Path Group:             clk_pl_0
  Path Type:              Hold (Min at Fast Process Corner)
  Requirement:            0.000ns  (clk_pl_0 rise@0.000ns - clk_pl_0 rise@0.000ns)
  Data Path Delay:        0.170ns  (logic 0.038ns (22.353%)  route 0.132ns (77.647%))
  Logic Levels:           0  
  Clock Path Skew:        0.013ns (DCD - SCD - CPR)
    Destination Clock Delay (DCD):    1.175ns
    Source Clock Delay      (SCD):    1.021ns
    Clock Pessimism Removal (CPR):    0.141ns
  Clock Uncertainty:      0.100ns  ((TSJ^2 + DJ^2)^1/2) / 2 + PE + UU
    Total System Jitter     (TSJ):    0.000ns
    Discrete Jitter          (DJ):    0.000ns
    Phase Error              (PE):    0.000ns
    User Uncertainty         (UU):    0.100ns
  Clock Net Delay (Source):      0.910ns (routing 0.324ns, distribution 0.586ns)
  Clock Net Delay (Destination): 1.037ns (routing 0.365ns, distribution 0.672ns)

    Location             Delay type                Incr(ns)  Path(ns)    Netlist Resource(s)
  -------------------------------------------------------------------    -------------------
                         (clock clk_pl_0 rise edge)
                                                      0.000     0.000 r  
    PS8_X0Y0             PS8                          0.000     0.000 r  design_2_i/zynq_ultra_ps_e_0/inst/PS8_i/PLCLK[0]
                         net (fo=1, routed)           0.094     0.094    design_2_i/zynq_ultra_ps_e_0/inst/pl_clk_unbuffered[0]
    BUFG_PS_X0Y58        BUFG_PS (Prop_BUFG_PS_I_O)
                                                      0.017     0.111 r  design_2_i/zynq_ultra_ps_e_0/inst/buffer_pl_clk_0.PL_CLK_0_BUFG/O
    X0Y1 (CLOCK_ROOT)    net (fo=56669, routed)       0.910     1.021    design_2_i/llama_engine_axi_0/U0/u_engine/clk
    SLICE_X24Y24         FDRE                                         r  design_2_i/llama_engine_axi_0/U0/u_engine/mm_xin_reg[294]/C
  -------------------------------------------------------------------    -------------------
    SLICE_X24Y24         FDRE (Prop_CFF_SLICEM_C_Q)
                                                      0.038     1.059 r  design_2_i/llama_engine_axi_0/U0/u_engine/mm_xin_reg[294]/Q
                         net (fo=1, routed)           0.132     1.191    design_2_i/llama_engine_axi_0/U0/u_engine/u_matmul/x_mant[294]
    SLICE_X24Y24         FDRE                                         r  design_2_i/llama_engine_axi_0/U0/u_engine/u_matmul/xin_reg[294]/D
  -------------------------------------------------------------------    -------------------

                         (clock clk_pl_0 rise edge)
                                                      0.000     0.000 r  
    PS8_X0Y0             PS8                          0.000     0.000 r  design_2_i/zynq_ultra_ps_e_0/inst/PS8_i/PLCLK[0]
                         net (fo=1, routed)           0.120     0.120    design_2_i/zynq_ultra_ps_e_0/inst/pl_clk_unbuffered[0]
    BUFG_PS_X0Y58        BUFG_PS (Prop_BUFG_PS_I_O)
                                                      0.018     0.138 r  design_2_i/zynq_ultra_ps_e_0/inst/buffer_pl_clk_0.PL_CLK_0_BUFG/O
    X0Y1 (CLOCK_ROOT)    net (fo=56669, routed)       1.037     1.175    design_2_i/llama_engine_axi_0/U0/u_engine/u_matmul/clk
    SLICE_X24Y24         FDRE                                         r  design_2_i/llama_engine_axi_0/U0/u_engine/u_matmul/xin_reg[294]/C
                         clock pessimism             -0.141     1.034    
                         clock uncertainty            0.100     1.134    
    SLICE_X24Y24         FDRE (Hold_EFF2_SLICEM_C_D)
                                                      0.047     1.181    design_2_i/llama_engine_axi_0/U0/u_engine/u_matmul/xin_reg[294]
  -------------------------------------------------------------------
                         required time                         -1.181    
                         arrival time                           1.191    
  -------------------------------------------------------------------
                         slack                                  0.010    





Pulse Width Checks
--------------------------------------------------------------------------------------
Clock Name:         clk_pl_0
Waveform(ns):       { 0.000 168.751 }
Period(ns):         337.503
Sources:            { design_2_i/zynq_ultra_ps_e_0/inst/PS8_i/PLCLK[0] }

Check Type        Corner  Lib Pin             Reference Pin  Required(ns)  Actual(ns)  Slack(ns)  Location       Pin
Min Period        n/a     PS8/MAXIGP2ACLK     n/a            3.000         337.503     334.503    PS8_X0Y0       design_2_i/zynq_ultra_ps_e_0/inst/PS8_i/MAXIGP2ACLK
Min Period        n/a     RAMB36E2/CLKARDCLK  n/a            1.739         337.503     335.764    RAMB36_X3Y27   design_2_i/llama_engine_axi_0/U0/u_engine/u_att/u_kc_v/ram_reg_0/CLKARDCLK
Min Period        n/a     RAMB36E2/CLKBWRCLK  n/a            1.739         337.503     335.764    RAMB36_X3Y27   design_2_i/llama_engine_axi_0/U0/u_engine/u_att/u_kc_v/ram_reg_0/CLKBWRCLK
Min Period        n/a     RAMB36E2/CLKARDCLK  n/a            1.739         337.503     335.764    RAMB36_X4Y29   design_2_i/llama_engine_axi_0/U0/u_engine/u_att/u_kc_v/ram_reg_1/CLKARDCLK
Min Period        n/a     RAMB36E2/CLKBWRCLK  n/a            1.739         337.503     335.764    RAMB36_X4Y29   design_2_i/llama_engine_axi_0/U0/u_engine/u_att/u_kc_v/ram_reg_1/CLKBWRCLK
Min Period        n/a     RAMB36E2/CLKARDCLK  n/a            1.739         337.503     335.764    RAMB36_X4Y27   design_2_i/llama_engine_axi_0/U0/u_engine/u_att/u_kc_v/ram_reg_2/CLKARDCLK
Min Period        n/a     RAMB36E2/CLKBWRCLK  n/a            1.739         337.503     335.764    RAMB36_X4Y27   design_2_i/llama_engine_axi_0/U0/u_engine/u_att/u_kc_v/ram_reg_2/CLKBWRCLK
Min Period        n/a     RAMB36E2/CLKARDCLK  n/a            1.739         337.503     335.764    RAMB36_X4Y30   design_2_i/llama_engine_axi_0/U0/u_engine/u_att/u_kc_v/ram_reg_3/CLKARDCLK
Min Period        n/a     RAMB36E2/CLKBWRCLK  n/a            1.739         337.503     335.764    RAMB36_X4Y30   design_2_i/llama_engine_axi_0/U0/u_engine/u_att/u_kc_v/ram_reg_3/CLKBWRCLK
Min Period        n/a     RAMB36E2/CLKARDCLK  n/a            1.739         337.503     335.764    RAMB36_X4Y28   design_2_i/llama_engine_axi_0/U0/u_engine/u_att/u_kc_v/ram_reg_4/CLKARDCLK
Low Pulse Width   Slow    PS8/MAXIGP2ACLK     n/a            1.500         168.751     167.251    PS8_X0Y0       design_2_i/zynq_ultra_ps_e_0/inst/PS8_i/MAXIGP2ACLK
Low Pulse Width   Fast    PS8/MAXIGP2ACLK     n/a            1.500         168.751     167.251    PS8_X0Y0       design_2_i/zynq_ultra_ps_e_0/inst/PS8_i/MAXIGP2ACLK
Low Pulse Width   Slow    RAMD32/CLK          n/a            0.573         168.751     168.179    SLICE_X14Y122  design_2_i/llama_engine_axi_0/U0/tok_buf_reg_0_31_0_13/RAMA/CLK
Low Pulse Width   Fast    RAMD32/CLK          n/a            0.573         168.752     168.179    SLICE_X14Y122  design_2_i/llama_engine_axi_0/U0/tok_buf_reg_0_31_0_13/RAMA/CLK
Low Pulse Width   Slow    RAMD32/CLK          n/a            0.573         168.751     168.179    SLICE_X14Y122  design_2_i/llama_engine_axi_0/U0/tok_buf_reg_0_31_0_13/RAMA_D1/CLK
Low Pulse Width   Fast    RAMD32/CLK          n/a            0.573         168.752     168.179    SLICE_X14Y122  design_2_i/llama_engine_axi_0/U0/tok_buf_reg_0_31_0_13/RAMA_D1/CLK
Low Pulse Width   Slow    RAMD32/CLK          n/a            0.573         168.751     168.179    SLICE_X14Y122  design_2_i/llama_engine_axi_0/U0/tok_buf_reg_0_31_0_13/RAMB/CLK
Low Pulse Width   Fast    RAMD32/CLK          n/a            0.573         168.752     168.179    SLICE_X14Y122  design_2_i/llama_engine_axi_0/U0/tok_buf_reg_0_31_0_13/RAMB/CLK
Low Pulse Width   Slow    RAMD32/CLK          n/a            0.573         168.751     168.179    SLICE_X14Y122  design_2_i/llama_engine_axi_0/U0/tok_buf_reg_0_31_0_13/RAMB_D1/CLK
Low Pulse Width   Fast    RAMD32/CLK          n/a            0.573         168.752     168.179    SLICE_X14Y122  design_2_i/llama_engine_axi_0/U0/tok_buf_reg_0_31_0_13/RAMB_D1/CLK
High Pulse Width  Slow    PS8/MAXIGP2ACLK     n/a            1.500         168.752     167.252    PS8_X0Y0       design_2_i/zynq_ultra_ps_e_0/inst/PS8_i/MAXIGP2ACLK
High Pulse Width  Fast    PS8/MAXIGP2ACLK     n/a            1.500         168.751     167.251    PS8_X0Y0       design_2_i/zynq_ultra_ps_e_0/inst/PS8_i/MAXIGP2ACLK
High Pulse Width  Slow    RAMD32/CLK          n/a            0.573         168.751     168.179    SLICE_X14Y122  design_2_i/llama_engine_axi_0/U0/tok_buf_reg_0_31_0_13/RAMA/CLK
High Pulse Width  Fast    RAMD32/CLK          n/a            0.573         168.751     168.179    SLICE_X14Y122  design_2_i/llama_engine_axi_0/U0/tok_buf_reg_0_31_0_13/RAMA/CLK
High Pulse Width  Slow    RAMD32/CLK          n/a            0.573         168.751     168.179    SLICE_X14Y122  design_2_i/llama_engine_axi_0/U0/tok_buf_reg_0_31_0_13/RAMA_D1/CLK
High Pulse Width  Fast    RAMD32/CLK          n/a            0.573         168.751     168.179    SLICE_X14Y122  design_2_i/llama_engine_axi_0/U0/tok_buf_reg_0_31_0_13/RAMA_D1/CLK
High Pulse Width  Slow    RAMD32/CLK          n/a            0.573         168.751     168.179    SLICE_X14Y122  design_2_i/llama_engine_axi_0/U0/tok_buf_reg_0_31_0_13/RAMB/CLK
High Pulse Width  Fast    RAMD32/CLK          n/a            0.573         168.751     168.179    SLICE_X14Y122  design_2_i/llama_engine_axi_0/U0/tok_buf_reg_0_31_0_13/RAMB/CLK
High Pulse Width  Slow    RAMD32/CLK          n/a            0.573         168.751     168.179    SLICE_X14Y122  design_2_i/llama_engine_axi_0/U0/tok_buf_reg_0_31_0_13/RAMB_D1/CLK
High Pulse Width  Fast    RAMD32/CLK          n/a            0.573         168.751     168.179    SLICE_X14Y122  design_2_i/llama_engine_axi_0/U0/tok_buf_reg_0_31_0_13/RAMB_D1/CLK



