Copyright 1986-2022 Xilinx, Inc. All Rights Reserved. Copyright 2022-2023 Advanced Micro Devices, Inc. All Rights Reserved.
----------------------------------------------------------------------------------------------------------------------------------------------------------------------------------------------------------------------------
| Tool Version      : Vivado v.2023.2 (lin64) Build 4029153 Fri Oct 13 20:13:54 MDT 2023
| Date              : Sun Jul 26 21:15:55 2026
| Host              : Oren-Dell-Ubuntu running 64-bit Ubuntu 22.04.5 LTS
| Command           : report_timing_summary -max_paths 10 -file design_2_wrapper_timing_summary_routed.rpt -pb design_2_wrapper_timing_summary_routed.pb -rpx design_2_wrapper_timing_summary_routed.rpx -warn_on_violation
| Design            : design_2_wrapper
| Device            : xczu3eg-sfvc784
| Speed File        : -1  PRODUCTION 1.30 05-15-2022
| Design State      : Routed
| Temperature Grade : E
----------------------------------------------------------------------------------------------------------------------------------------------------------------------------------------------------------------------------

Timing Summary Report

------------------------------------------------------------------------------------------------
| Timer Settings
| --------------
------------------------------------------------------------------------------------------------

  Enable Multi Corner Analysis               :  Yes
  Enable Pessimism Removal                   :  Yes
  Pessimism Removal Resolution               :  Nearest Common Node
  Enable Input Delay Default Clock           :  No
  Enable Preset / Clear Arcs                 :  No
  Disable Flight Delays                      :  No
  Ignore I/O Paths                           :  No
  Timing Early Launch at Borrowing Latches   :  No
  Borrow Time for Max Delay Exceptions       :  Yes
  Merge Timing Exceptions                    :  Yes
  Inter-SLR Compensation                     :  Conservative

  Corner  Analyze    Analyze    
  Name    Max Paths  Min Paths  
  ------  ---------  ---------  
  Slow    Yes        Yes        
  Fast    Yes        Yes        


------------------------------------------------------------------------------------------------
| Report Methodology
| ------------------
------------------------------------------------------------------------------------------------

Rule       Severity  Description                    Violations  
---------  --------  -----------------------------  ----------  
TIMING-18  Warning   Missing input or output delay  1           

Note: This report is based on the most recent report_methodology run and may not be up-to-date. Run report_methodology on the current design for the latest report.



check_timing report

Table of Contents
-----------------
1. checking no_clock (0)
2. checking constant_clock (0)
3. checking pulse_width_clock (0)
4. checking unconstrained_internal_endpoints (0)
5. checking no_input_delay (0)
6. checking no_output_delay (1)
7. checking multiple_clock (0)
8. checking generated_clocks (0)
9. checking loops (0)
10. checking partial_input_delay (0)
11. checking partial_output_delay (0)
12. checking latch_loops (0)

1. checking no_clock (0)
------------------------
 There are 0 register/latch pins with no clock.


2. checking constant_clock (0)
------------------------------
 There are 0 register/latch pins with constant_clock.


3. checking pulse_width_clock (0)
---------------------------------
 There are 0 register/latch pins which need pulse_width check


4. checking unconstrained_internal_endpoints (0)
------------------------------------------------
 There are 0 pins that are not constrained for maximum delay.

 There are 0 pins that are not constrained for maximum delay due to constant clock.


5. checking no_input_delay (0)
------------------------------
 There are 0 input ports with no input delay specified.

 There are 0 input ports with no input delay but user has a false path constraint.


6. checking no_output_delay (1)
-------------------------------
 There is 1 port with no output delay specified. (HIGH)

 There are 0 ports with no output delay but user has a false path constraint

 There are 0 ports with no output delay but with a timing clock defined on it or propagating through it


7. checking multiple_clock (0)
------------------------------
 There are 0 register/latch pins with multiple clocks.


8. checking generated_clocks (0)
--------------------------------
 There are 0 generated clocks that are not connected to a clock source.


9. checking loops (0)
---------------------
 There are 0 combinational loops in the design.


10. checking partial_input_delay (0)
------------------------------------
 There are 0 input ports with partial input delay specified.


11. checking partial_output_delay (0)
-------------------------------------
 There are 0 ports with partial output delay specified.


12. checking latch_loops (0)
----------------------------
 There are 0 combinational latch loops in the design through latch input



------------------------------------------------------------------------------------------------
| Design Timing Summary
| ---------------------
------------------------------------------------------------------------------------------------

    WNS(ns)      TNS(ns)  TNS Failing Endpoints  TNS Total Endpoints      WHS(ns)      THS(ns)  THS Failing Endpoints  THS Total Endpoints     WPWS(ns)     TPWS(ns)  TPWS Failing Endpoints  TPWS Total Endpoints  
    -------      -------  ---------------------  -------------------      -------      -------  ---------------------  -------------------     --------     --------  ----------------------  --------------------  
    302.469        0.000                      0               135950        0.009        0.000                      0               135950      167.251        0.000                       0                 55499  


All user specified timing constraints are met.


------------------------------------------------------------------------------------------------
| Clock Summary
| -------------
------------------------------------------------------------------------------------------------

Clock     Waveform(ns)         Period(ns)      Frequency(MHz)
-----     ------------         ----------      --------------
clk_pl_0  {0.000 168.751}      337.503         2.963           


------------------------------------------------------------------------------------------------
| Intra Clock Table
| -----------------
------------------------------------------------------------------------------------------------

Clock             WNS(ns)      TNS(ns)  TNS Failing Endpoints  TNS Total Endpoints      WHS(ns)      THS(ns)  THS Failing Endpoints  THS Total Endpoints     WPWS(ns)     TPWS(ns)  TPWS Failing Endpoints  TPWS Total Endpoints  
-----             -------      -------  ---------------------  -------------------      -------      -------  ---------------------  -------------------     --------     --------  ----------------------  --------------------  
clk_pl_0          302.469        0.000                      0               135950        0.009        0.000                      0               135950      167.251        0.000                       0                 55499  


------------------------------------------------------------------------------------------------
| Inter Clock Table
| -----------------
------------------------------------------------------------------------------------------------

From Clock    To Clock          WNS(ns)      TNS(ns)  TNS Failing Endpoints  TNS Total Endpoints      WHS(ns)      THS(ns)  THS Failing Endpoints  THS Total Endpoints  
----------    --------          -------      -------  ---------------------  -------------------      -------      -------  ---------------------  -------------------  


------------------------------------------------------------------------------------------------
| Other Path Groups Table
| -----------------------
------------------------------------------------------------------------------------------------

Path Group    From Clock    To Clock          WNS(ns)      TNS(ns)  TNS Failing Endpoints  TNS Total Endpoints      WHS(ns)      THS(ns)  THS Failing Endpoints  THS Total Endpoints  
----------    ----------    --------          -------      -------  ---------------------  -------------------      -------      -------  ---------------------  -------------------  


------------------------------------------------------------------------------------------------
| Timing Details
| --------------
------------------------------------------------------------------------------------------------


---------------------------------------------------------------------------------------------------
From Clock:  clk_pl_0
  To Clock:  clk_pl_0

Setup :            0  Failing Endpoints,  Worst Slack      302.469ns,  Total Violation        0.000ns
Hold  :            0  Failing Endpoints,  Worst Slack        0.009ns,  Total Violation        0.000ns
PW    :            0  Failing Endpoints,  Worst Slack      167.251ns,  Total Violation        0.000ns
---------------------------------------------------------------------------------------------------


Max Delay Paths
--------------------------------------------------------------------------------------
Slack (MET) :             302.469ns  (required time - arrival time)
  Source:                 design_2_i/llama_engine_axi_0/U0/u_engine/u_sw/idx_reg[3]/C
                            (rising edge-triggered cell FDRE clocked by clk_pl_0  {rise@0.000ns fall@168.751ns period=337.503ns})
  Destination:            design_2_i/llama_engine_axi_0/U0/u_engine/u_sw/o_wdata_reg[31]/D
                            (rising edge-triggered cell FDRE clocked by clk_pl_0  {rise@0.000ns fall@168.751ns period=337.503ns})
  Path Group:             clk_pl_0
  Path Type:              Setup (Max at Slow Process Corner)
  Requirement:            337.503ns  (clk_pl_0 rise@337.503ns - clk_pl_0 rise@0.000ns)
  Data Path Delay:        33.967ns  (logic 14.933ns (43.963%)  route 19.034ns (56.037%))
  Logic Levels:           77  (CARRY8=29 DSP_A_B_DATA=3 DSP_ALU=7 DSP_M_DATA=3 DSP_MULTIPLIER=3 DSP_OUTPUT=7 DSP_PREADD_DATA=3 LUT1=1 LUT2=4 LUT3=2 LUT4=1 LUT5=4 LUT6=9 MUXF8=1)
  Clock Path Skew:        -0.218ns (DCD - SCD + CPR)
    Destination Clock Delay (DCD):    1.746ns = ( 339.249 - 337.503 ) 
    Source Clock Delay      (SCD):    2.071ns
    Clock Pessimism Removal (CPR):    0.107ns
  Clock Uncertainty:      0.876ns  ((TSJ^2 + DJ^2)^1/2) / 2 + PE
    Total System Jitter     (TSJ):    0.071ns
    Discrete Jitter          (DJ):    1.750ns
    Phase Error              (PE):    0.000ns
  Clock Net Delay (Source):      1.864ns (routing 0.638ns, distribution 1.226ns)
  Clock Net Delay (Destination): 1.579ns (routing 0.576ns, distribution 1.003ns)

    Location             Delay type                Incr(ns)  Path(ns)    Netlist Resource(s)
  -------------------------------------------------------------------    -------------------
                         (clock clk_pl_0 rise edge)
                                                      0.000     0.000 r  
    PS8_X0Y0             PS8                          0.000     0.000 r  design_2_i/zynq_ultra_ps_e_0/inst/PS8_i/PLCLK[0]
                         net (fo=1, routed)           0.178     0.178    design_2_i/zynq_ultra_ps_e_0/inst/pl_clk_unbuffered[0]
    BUFG_PS_X0Y58        BUFG_PS (Prop_BUFG_PS_I_O)
                                                      0.029     0.207 r  design_2_i/zynq_ultra_ps_e_0/inst/buffer_pl_clk_0.PL_CLK_0_BUFG/O
    X0Y1 (CLOCK_ROOT)    net (fo=56092, routed)       1.864     2.071    design_2_i/llama_engine_axi_0/U0/u_engine/u_sw/clk
    SLICE_X31Y64         FDRE                                         r  design_2_i/llama_engine_axi_0/U0/u_engine/u_sw/idx_reg[3]/C
  -------------------------------------------------------------------    -------------------
    SLICE_X31Y64         FDRE (Prop_EFF2_SLICEM_C_Q)
                                                      0.098     2.169 r  design_2_i/llama_engine_axi_0/U0/u_engine/u_sw/idx_reg[3]/Q
                         net (fo=336, routed)         3.665     5.834    design_2_i/llama_engine_axi_0/U0/u_engine/u_sw/idx_reg_n_0_[3]
    SLICE_X47Y3          MUXF8 (Prop_F8MUX_BOT_SLICEL_S_O)
                                                      0.089     5.923 r  design_2_i/llama_engine_axi_0/U0/u_engine/u_sw/ARG__4_i_215/O
                         net (fo=1, routed)           1.013     6.936    design_2_i/llama_engine_axi_0/U0/u_engine/u_sw/ARG__4_i_215_n_0
    SLICE_X36Y36         LUT6 (Prop_C6LUT_SLICEL_I0_O)
                                                      0.174     7.110 r  design_2_i/llama_engine_axi_0/U0/u_engine/u_sw/ARG__4_i_149/O
                         net (fo=3, routed)           0.504     7.614    design_2_i/llama_engine_axi_0/U0/u_engine/u_sw/ARG__4_i_149_n_0
    SLICE_X32Y40         LUT5 (Prop_E6LUT_SLICEL_I2_O)
                                                      0.116     7.730 r  design_2_i/llama_engine_axi_0/U0/u_engine/u_sw/ARG__4_i_97/O
                         net (fo=7, routed)           0.372     8.101    design_2_i/llama_engine_axi_0/U0/u_engine/u_sw/ARG__4_i_97_n_0
    SLICE_X34Y44         LUT5 (Prop_E6LUT_SLICEM_I0_O)
                                                      0.177     8.278 r  design_2_i/llama_engine_axi_0/U0/u_engine/u_sw/ARG__4_i_351/O
                         net (fo=1, routed)           0.015     8.293    design_2_i/llama_engine_axi_0/U0/u_engine/u_sw/ARG__4_i_351_n_0
    SLICE_X34Y44         CARRY8 (Prop_CARRY8_SLICEM_S[4]_CO[7])
                                                      0.198     8.491 r  design_2_i/llama_engine_axi_0/U0/u_engine/u_sw/ARG__4_i_202/CO[7]
                         net (fo=1, routed)           0.028     8.519    design_2_i/llama_engine_axi_0/U0/u_engine/u_sw/ARG__4_i_202_n_0
    SLICE_X34Y45         CARRY8 (Prop_CARRY8_SLICEM_CI_CO[7])
                                                      0.023     8.542 r  design_2_i/llama_engine_axi_0/U0/u_engine/u_sw/ARG__4_i_201/CO[7]
                         net (fo=1, routed)           0.028     8.570    design_2_i/llama_engine_axi_0/U0/u_engine/u_sw/ARG__4_i_201_n_0
    SLICE_X34Y46         CARRY8 (Prop_CARRY8_SLICEM_CI_CO[7])
                                                      0.023     8.593 r  design_2_i/llama_engine_axi_0/U0/u_engine/u_sw/ARG__4_i_199/CO[7]
                         net (fo=1, routed)           0.028     8.621    design_2_i/llama_engine_axi_0/U0/u_engine/u_sw/ARG__4_i_199_n_0
    SLICE_X34Y47         CARRY8 (Prop_CARRY8_SLICEM_CI_CO[7])
                                                      0.023     8.644 r  design_2_i/llama_engine_axi_0/U0/u_engine/u_sw/ARG__4_i_200/CO[7]
                         net (fo=1, routed)           0.028     8.672    design_2_i/llama_engine_axi_0/U0/u_engine/u_sw/ARG__4_i_200_n_0
    SLICE_X34Y48         CARRY8 (Prop_CARRY8_SLICEM_CI_CO[7])
                                                      0.023     8.695 r  design_2_i/llama_engine_axi_0/U0/u_engine/u_sw/SHIFT_LEFT26_i_391/CO[7]
                         net (fo=1, routed)           0.028     8.723    design_2_i/llama_engine_axi_0/U0/u_engine/u_sw/SHIFT_LEFT26_i_391_n_0
    SLICE_X34Y49         CARRY8 (Prop_CARRY8_SLICEM_CI_CO[7])
                                                      0.023     8.746 r  design_2_i/llama_engine_axi_0/U0/u_engine/u_sw/SHIFT_LEFT26_i_222/CO[7]
                         net (fo=1, routed)           0.028     8.774    design_2_i/llama_engine_axi_0/U0/u_engine/u_sw/SHIFT_LEFT26_i_222_n_0
    SLICE_X34Y50         CARRY8 (Prop_CARRY8_SLICEM_CI_CO[7])
                                                      0.023     8.797 r  design_2_i/llama_engine_axi_0/U0/u_engine/u_sw/SHIFT_LEFT26_i_73/CO[7]
                         net (fo=1, routed)           0.028     8.825    design_2_i/llama_engine_axi_0/U0/u_engine/u_sw/SHIFT_LEFT26_i_73_n_0
    SLICE_X34Y51         CARRY8 (Prop_CARRY8_SLICEM_CI_O[7])
                                                      0.146     8.971 f  design_2_i/llama_engine_axi_0/U0/u_engine/u_sw/SHIFT_LEFT26_i_33/O[7]
                         net (fo=69, routed)          0.542     9.514    design_2_i/llama_engine_axi_0/U0/u_engine/u_sw/SHIFT_LEFT26_i_33_n_8
    SLICE_X31Y48         LUT6 (Prop_F6LUT_SLICEM_I0_O)
                                                      0.113     9.627 f  design_2_i/llama_engine_axi_0/U0/u_engine/u_sw/SHIFT_LEFT26_i_460/O
                         net (fo=4, routed)           0.493    10.120    design_2_i/llama_engine_axi_0/U0/u_engine/u_sw/SHIFT_LEFT26_i_460_n_0
    SLICE_X36Y46         LUT6 (Prop_E6LUT_SLICEL_I3_O)
                                                      0.176    10.296 f  design_2_i/llama_engine_axi_0/U0/u_engine/u_sw/SHIFT_LEFT26_i_289/O
                         net (fo=2, routed)           0.497    10.793    design_2_i/llama_engine_axi_0/U0/u_engine/u_sw/SHIFT_LEFT26_i_289_n_0
    SLICE_X38Y46         LUT3 (Prop_H5LUT_SLICEL_I0_O)
                                                      0.118    10.911 f  design_2_i/llama_engine_axi_0/U0/u_engine/u_sw/SHIFT_LEFT26_i_131/O
                         net (fo=2, routed)           0.237    11.148    design_2_i/llama_engine_axi_0/U0/u_engine/u_sw/SHIFT_LEFT26_i_131_n_0
    SLICE_X38Y41         LUT5 (Prop_F6LUT_SLICEL_I0_O)
                                                      0.177    11.325 f  design_2_i/llama_engine_axi_0/U0/u_engine/u_sw/SHIFT_LEFT26__1_i_10/O
                         net (fo=1, routed)           0.397    11.722    design_2_i/llama_engine_axi_0/U0/u_engine/u_sw/SHIFT_LEFT26__1_i_10_n_0
    SLICE_X37Y39         LUT6 (Prop_G6LUT_SLICEM_I0_O)
                                                      0.100    11.822 f  design_2_i/llama_engine_axi_0/U0/u_engine/u_sw/SHIFT_LEFT26__1_i_1/O
                         net (fo=6, routed)           0.167    11.990    design_2_i/llama_engine_axi_0/U0/u_engine/u_sw/z_q[16]
    SLICE_X37Y42         LUT1 (Prop_B6LUT_SLICEM_I0_O)
                                                      0.063    12.053 r  design_2_i/llama_engine_axi_0/U0/u_engine/u_sw/ARG_i_121/O
                         net (fo=1, routed)           0.018    12.071    design_2_i/llama_engine_axi_0/U0/u_engine/u_sw/ARG_i_121_n_0
    SLICE_X37Y42         CARRY8 (Prop_CARRY8_SLICEM_S[1]_CO[7])
                                                      0.238    12.309 r  design_2_i/llama_engine_axi_0/U0/u_engine/u_sw/ARG_i_52/CO[7]
                         net (fo=1, routed)           0.028    12.337    design_2_i/llama_engine_axi_0/U0/u_engine/u_sw/ARG_i_52_n_0
    SLICE_X37Y43         CARRY8 (Prop_CARRY8_SLICEM_CI_CO[7])
                                                      0.023    12.360 r  design_2_i/llama_engine_axi_0/U0/u_engine/u_sw/ARG_i_110/CO[7]
                         net (fo=1, routed)           0.028    12.388    design_2_i/llama_engine_axi_0/U0/u_engine/u_sw/ARG_i_110_n_0
    SLICE_X37Y44         CARRY8 (Prop_CARRY8_SLICEM_CI_CO[1])
                                                      0.055    12.443 r  design_2_i/llama_engine_axi_0/U0/u_engine/u_sw/ARG_i_33/CO[1]
                         net (fo=131, routed)         1.034    13.476    design_2_i/llama_engine_axi_0/U0/u_engine/u_sw/ARG_i_33_n_6
    SLICE_X38Y45         CARRY8 (Prop_CARRY8_SLICEL_S[0]_CO[3])
                                                      0.230    13.706 r  design_2_i/llama_engine_axi_0/U0/u_engine/u_sw/ARG_i_53/CO[3]
                         net (fo=123, routed)         0.304    14.010    design_2_i/llama_engine_axi_0/U0/u_engine/u_sw/k1
    SLICE_X39Y41         LUT6 (Prop_H6LUT_SLICEM_I4_O)
                                                      0.151    14.161 r  design_2_i/llama_engine_axi_0/U0/u_engine/u_sw/ARG__2_i_35/O
                         net (fo=661, routed)         2.075    16.236    design_2_i/llama_engine_axi_0/U0/u_engine/u_sw/k[4]
    SLICE_X48Y99         LUT6 (Prop_G6LUT_SLICEM_I1_O)
                                                      0.064    16.300 r  design_2_i/llama_engine_axi_0/U0/u_engine/u_sw/ARG__1_i_139/O
                         net (fo=1, routed)           0.179    16.479    design_2_i/llama_engine_axi_0/U0/u_engine/u_sw/ARG__1_i_139_n_0
    SLICE_X48Y99         LUT6 (Prop_E6LUT_SLICEM_I1_O)
                                                      0.063    16.542 r  design_2_i/llama_engine_axi_0/U0/u_engine/u_sw/ARG__1_i_42/O
                         net (fo=1, routed)           0.550    17.092    design_2_i/llama_engine_axi_0/U0/u_engine/u_sw/ARG__1_i_42_n_0
    SLICE_X45Y98         LUT6 (Prop_B6LUT_SLICEM_I1_O)
                                                      0.039    17.131 r  design_2_i/llama_engine_axi_0/U0/u_engine/u_sw/ARG__1_i_5/O
                         net (fo=2, routed)           0.831    17.962    design_2_i/llama_engine_axi_0/U0/u_engine/u_sw/ARG__1_i_5_n_0
    SLICE_X44Y49         LUT6 (Prop_F6LUT_SLICEL_I0_O)
                                                      0.114    18.076 r  design_2_i/llama_engine_axi_0/U0/u_engine/u_sw/ARG__1_i_13/O
                         net (fo=1, routed)           0.012    18.088    design_2_i/llama_engine_axi_0/U0/u_engine/u_sw/ARG__1_i_13_n_0
    SLICE_X44Y49         CARRY8 (Prop_CARRY8_SLICEL_S[5]_CO[7])
                                                      0.197    18.285 r  design_2_i/llama_engine_axi_0/U0/u_engine/u_sw/ARG__1_i_1/CO[7]
                         net (fo=1, routed)           0.028    18.313    design_2_i/llama_engine_axi_0/U0/u_engine/u_sw/ARG__1_i_1_n_0
    SLICE_X44Y50         CARRY8 (Prop_CARRY8_SLICEL_CI_O[0])
                                                      0.072    18.385 f  design_2_i/llama_engine_axi_0/U0/u_engine/u_sw/ARG_i_2/O[0]
                         net (fo=4, routed)           0.484    18.870    design_2_i/llama_engine_axi_0/U0/u_engine/u_sw/ARG__1/A[16]
    DSP48E2_X3Y20        DSP_A_B_DATA (Prop_DSP_A_B_DATA_DSP48E2_A[16]_A2_DATA[16])
                                                      0.241    19.111 r  design_2_i/llama_engine_axi_0/U0/u_engine/u_sw/ARG__1/DSP_A_B_DATA_INST/A2_DATA[16]
                         net (fo=1, routed)           0.000    19.111    design_2_i/llama_engine_axi_0/U0/u_engine/u_sw/ARG__1/DSP_A_B_DATA.A2_DATA<16>
    DSP48E2_X3Y20        DSP_PREADD_DATA (Prop_DSP_PREADD_DATA_DSP48E2_A2_DATA[16]_A2A1[16])
                                                      0.098    19.209 r  design_2_i/llama_engine_axi_0/U0/u_engine/u_sw/ARG__1/DSP_PREADD_DATA_INST/A2A1[16]
                         net (fo=1, routed)           0.000    19.209    design_2_i/llama_engine_axi_0/U0/u_engine/u_sw/ARG__1/DSP_PREADD_DATA.A2A1<16>
    DSP48E2_X3Y20        DSP_MULTIPLIER (Prop_DSP_MULTIPLIER_DSP48E2_A2A1[16]_U[36])
                                                      0.647    19.856 f  design_2_i/llama_engine_axi_0/U0/u_engine/u_sw/ARG__1/DSP_MULTIPLIER_INST/U[36]
                         net (fo=1, routed)           0.000    19.856    design_2_i/llama_engine_axi_0/U0/u_engine/u_sw/ARG__1/DSP_MULTIPLIER.U<36>
    DSP48E2_X3Y20        DSP_M_DATA (Prop_DSP_M_DATA_DSP48E2_U[36]_U_DATA[36])
                                                      0.059    19.915 r  design_2_i/llama_engine_axi_0/U0/u_engine/u_sw/ARG__1/DSP_M_DATA_INST/U_DATA[36]
                         net (fo=1, routed)           0.000    19.915    design_2_i/llama_engine_axi_0/U0/u_engine/u_sw/ARG__1/DSP_M_DATA.U_DATA<36>
    DSP48E2_X3Y20        DSP_ALU (Prop_DSP_ALU_DSP48E2_U_DATA[36]_ALU_OUT[47])
                                                      0.699    20.614 f  design_2_i/llama_engine_axi_0/U0/u_engine/u_sw/ARG__1/DSP_ALU_INST/ALU_OUT[47]
                         net (fo=1, routed)           0.000    20.614    design_2_i/llama_engine_axi_0/U0/u_engine/u_sw/ARG__1/DSP_ALU.ALU_OUT<47>
    DSP48E2_X3Y20        DSP_OUTPUT (Prop_DSP_OUTPUT_DSP48E2_ALU_OUT[47]_PCOUT[47])
                                                      0.159    20.773 r  design_2_i/llama_engine_axi_0/U0/u_engine/u_sw/ARG__1/DSP_OUTPUT_INST/PCOUT[47]
                         net (fo=1, routed)           0.016    20.789    design_2_i/llama_engine_axi_0/U0/u_engine/u_sw/ARG__2/PCIN[47]
    DSP48E2_X3Y21        DSP_ALU (Prop_DSP_ALU_DSP48E2_PCIN[47]_ALU_OUT[47])
                                                      0.698    21.487 f  design_2_i/llama_engine_axi_0/U0/u_engine/u_sw/ARG__2/DSP_ALU_INST/ALU_OUT[47]
                         net (fo=1, routed)           0.000    21.487    design_2_i/llama_engine_axi_0/U0/u_engine/u_sw/ARG__2/DSP_ALU.ALU_OUT<47>
    DSP48E2_X3Y21        DSP_OUTPUT (Prop_DSP_OUTPUT_DSP48E2_ALU_OUT[47]_PCOUT[47])
                                                      0.159    21.646 r  design_2_i/llama_engine_axi_0/U0/u_engine/u_sw/ARG__2/DSP_OUTPUT_INST/PCOUT[47]
                         net (fo=1, routed)           0.042    21.688    design_2_i/llama_engine_axi_0/U0/u_engine/u_sw/ARG__3/PCIN[47]
    DSP48E2_X3Y22        DSP_ALU (Prop_DSP_ALU_DSP48E2_PCIN[47]_ALU_OUT[4])
                                                      0.698    22.386 f  design_2_i/llama_engine_axi_0/U0/u_engine/u_sw/ARG__3/DSP_ALU_INST/ALU_OUT[4]
                         net (fo=1, routed)           0.000    22.386    design_2_i/llama_engine_axi_0/U0/u_engine/u_sw/ARG__3/DSP_ALU.ALU_OUT<4>
    DSP48E2_X3Y22        DSP_OUTPUT (Prop_DSP_OUTPUT_DSP48E2_ALU_OUT[4]_P[4])
                                                      0.141    22.527 r  design_2_i/llama_engine_axi_0/U0/u_engine/u_sw/ARG__3/DSP_OUTPUT_INST/P[4]
                         net (fo=2, routed)           0.350    22.877    design_2_i/llama_engine_axi_0/U0/u_engine/u_sw/ARG__3_n_101
    SLICE_X42Y53         LUT3 (Prop_G5LUT_SLICEM_I1_O)
                                                      0.084    22.961 r  design_2_i/llama_engine_axi_0/U0/u_engine/u_sw/SHIFT_LEFT26_i_324/O
                         net (fo=2, routed)           0.540    23.501    design_2_i/llama_engine_axi_0/U0/u_engine/u_sw/SHIFT_LEFT26_i_324_n_0
    SLICE_X42Y53         LUT4 (Prop_H6LUT_SLICEM_I3_O)
                                                      0.100    23.601 r  design_2_i/llama_engine_axi_0/U0/u_engine/u_sw/SHIFT_LEFT26_i_329/O
                         net (fo=1, routed)           0.017    23.618    design_2_i/llama_engine_axi_0/U0/u_engine/u_sw/SHIFT_LEFT26_i_329_n_0
    SLICE_X42Y53         CARRY8 (Prop_CARRY8_SLICEM_S[7]_CO[7])
                                                      0.150    23.768 r  design_2_i/llama_engine_axi_0/U0/u_engine/u_sw/SHIFT_LEFT26_i_158/CO[7]
                         net (fo=1, routed)           0.028    23.796    design_2_i/llama_engine_axi_0/U0/u_engine/u_sw/SHIFT_LEFT26_i_158_n_0
    SLICE_X42Y54         CARRY8 (Prop_CARRY8_SLICEM_CI_O[4])
                                                      0.109    23.905 r  design_2_i/llama_engine_axi_0/U0/u_engine/u_sw/SHIFT_LEFT26__0_i_17/O[4]
                         net (fo=3, routed)           0.286    24.191    design_2_i/llama_engine_axi_0/U0/u_engine/u_sw/p_0_in[49]
    SLICE_X43Y54         LUT2 (Prop_B6LUT_SLICEM_I1_O)
                                                      0.178    24.369 r  design_2_i/llama_engine_axi_0/U0/u_engine/u_sw/SHIFT_LEFT26__0_i_24/O
                         net (fo=1, routed)           0.018    24.387    design_2_i/llama_engine_axi_0/U0/u_engine/u_sw/SHIFT_LEFT26__0_i_24_n_0
    SLICE_X43Y54         CARRY8 (Prop_CARRY8_SLICEM_S[1]_CO[7])
                                                      0.238    24.625 r  design_2_i/llama_engine_axi_0/U0/u_engine/u_sw/SHIFT_LEFT26__0_i_15/CO[7]
                         net (fo=1, routed)           0.028    24.653    design_2_i/llama_engine_axi_0/U0/u_engine/u_sw/SHIFT_LEFT26__0_i_15_n_0
    SLICE_X43Y55         CARRY8 (Prop_CARRY8_SLICEM_CI_O[4])
                                                      0.109    24.762 f  design_2_i/llama_engine_axi_0/U0/u_engine/u_sw/SHIFT_LEFT26_i_69/O[4]
                         net (fo=2, routed)           0.345    25.107    design_2_i/llama_engine_axi_0/U0/u_engine/u_sw/SHIFT_LEFT26_i_69_n_11
    SLICE_X41Y53         LUT2 (Prop_F6LUT_SLICEL_I0_O)
                                                      0.177    25.284 r  design_2_i/llama_engine_axi_0/U0/u_engine/u_sw/SHIFT_LEFT26_i_318/O
                         net (fo=1, routed)           0.012    25.296    design_2_i/llama_engine_axi_0/U0/u_engine/u_sw/SHIFT_LEFT26_i_318_n_0
    SLICE_X41Y53         CARRY8 (Prop_CARRY8_SLICEL_S[5]_CO[7])
                                                      0.197    25.493 r  design_2_i/llama_engine_axi_0/U0/u_engine/u_sw/SHIFT_LEFT26_i_149/CO[7]
                         net (fo=1, routed)           0.028    25.521    design_2_i/llama_engine_axi_0/U0/u_engine/u_sw/SHIFT_LEFT26_i_149_n_0
    SLICE_X41Y54         CARRY8 (Prop_CARRY8_SLICEL_CI_CO[7])
                                                      0.030    25.551 r  design_2_i/llama_engine_axi_0/U0/u_engine/u_sw/SHIFT_LEFT26_i_67/CO[7]
                         net (fo=31, routed)          0.504    26.056    design_2_i/llama_engine_axi_0/U0/u_engine/u_sw/sigmoid_q1
    SLICE_X40Y43         LUT5 (Prop_F6LUT_SLICEM_I1_O)
                                                      0.177    26.233 f  design_2_i/llama_engine_axi_0/U0/u_engine/u_sw/SHIFT_LEFT26_i_30/O
                         net (fo=2, routed)           0.522    26.755    design_2_i/llama_engine_axi_0/U0/u_engine/u_sw/SHIFT_LEFT26__1/B[2]
    DSP48E2_X3Y18        DSP_A_B_DATA (Prop_DSP_A_B_DATA_DSP48E2_B[2]_B2_DATA[2])
                                                      0.195    26.950 r  design_2_i/llama_engine_axi_0/U0/u_engine/u_sw/SHIFT_LEFT26__1/DSP_A_B_DATA_INST/B2_DATA[2]
                         net (fo=1, routed)           0.000    26.950    design_2_i/llama_engine_axi_0/U0/u_engine/u_sw/SHIFT_LEFT26__1/DSP_A_B_DATA.B2_DATA<2>
    DSP48E2_X3Y18        DSP_PREADD_DATA (Prop_DSP_PREADD_DATA_DSP48E2_B2_DATA[2]_B2B1[2])
                                                      0.092    27.042 r  design_2_i/llama_engine_axi_0/U0/u_engine/u_sw/SHIFT_LEFT26__1/DSP_PREADD_DATA_INST/B2B1[2]
                         net (fo=1, routed)           0.000    27.042    design_2_i/llama_engine_axi_0/U0/u_engine/u_sw/SHIFT_LEFT26__1/DSP_PREADD_DATA.B2B1<2>
    DSP48E2_X3Y18        DSP_MULTIPLIER (Prop_DSP_MULTIPLIER_DSP48E2_B2B1[2]_U[33])
                                                      0.737    27.779 f  design_2_i/llama_engine_axi_0/U0/u_engine/u_sw/SHIFT_LEFT26__1/DSP_MULTIPLIER_INST/U[33]
                         net (fo=1, routed)           0.000    27.779    design_2_i/llama_engine_axi_0/U0/u_engine/u_sw/SHIFT_LEFT26__1/DSP_MULTIPLIER.U<33>
    DSP48E2_X3Y18        DSP_M_DATA (Prop_DSP_M_DATA_DSP48E2_U[33]_U_DATA[33])
                                                      0.059    27.838 r  design_2_i/llama_engine_axi_0/U0/u_engine/u_sw/SHIFT_LEFT26__1/DSP_M_DATA_INST/U_DATA[33]
                         net (fo=1, routed)           0.000    27.838    design_2_i/llama_engine_axi_0/U0/u_engine/u_sw/SHIFT_LEFT26__1/DSP_M_DATA.U_DATA<33>
    DSP48E2_X3Y18        DSP_ALU (Prop_DSP_ALU_DSP48E2_U_DATA[33]_ALU_OUT[47])
                                                      0.699    28.537 f  design_2_i/llama_engine_axi_0/U0/u_engine/u_sw/SHIFT_LEFT26__1/DSP_ALU_INST/ALU_OUT[47]
                         net (fo=1, routed)           0.000    28.537    design_2_i/llama_engine_axi_0/U0/u_engine/u_sw/SHIFT_LEFT26__1/DSP_ALU.ALU_OUT<47>
    DSP48E2_X3Y18        DSP_OUTPUT (Prop_DSP_OUTPUT_DSP48E2_ALU_OUT[47]_PCOUT[47])
                                                      0.159    28.696 r  design_2_i/llama_engine_axi_0/U0/u_engine/u_sw/SHIFT_LEFT26__1/DSP_OUTPUT_INST/PCOUT[47]
                         net (fo=1, routed)           0.016    28.712    design_2_i/llama_engine_axi_0/U0/u_engine/u_sw/SHIFT_LEFT26__2/PCIN[47]
    DSP48E2_X3Y19        DSP_ALU (Prop_DSP_ALU_DSP48E2_PCIN[47]_ALU_OUT[11])
                                                      0.698    29.410 f  design_2_i/llama_engine_axi_0/U0/u_engine/u_sw/SHIFT_LEFT26__2/DSP_ALU_INST/ALU_OUT[11]
                         net (fo=1, routed)           0.000    29.410    design_2_i/llama_engine_axi_0/U0/u_engine/u_sw/SHIFT_LEFT26__2/DSP_ALU.ALU_OUT<11>
    DSP48E2_X3Y19        DSP_OUTPUT (Prop_DSP_OUTPUT_DSP48E2_ALU_OUT[11]_P[11])
                                                      0.141    29.551 r  design_2_i/llama_engine_axi_0/U0/u_engine/u_sw/SHIFT_LEFT26__2/DSP_OUTPUT_INST/P[11]
                         net (fo=2, routed)           0.762    30.313    design_2_i/llama_engine_axi_0/U0/u_engine/u_sw/SHIFT_LEFT26__2_n_94
    SLICE_X39Y46         LUT2 (Prop_E6LUT_SLICEM_I0_O)
                                                      0.148    30.461 r  design_2_i/llama_engine_axi_0/U0/u_engine/u_sw/SHIFT_LEFT26__3_i_50/O
                         net (fo=1, routed)           0.015    30.476    design_2_i/llama_engine_axi_0/U0/u_engine/u_sw/SHIFT_LEFT26__3_i_50_n_0
    SLICE_X39Y46         CARRY8 (Prop_CARRY8_SLICEM_S[4]_CO[7])
                                                      0.198    30.674 r  design_2_i/llama_engine_axi_0/U0/u_engine/u_sw/SHIFT_LEFT26__3_i_4/CO[7]
                         net (fo=1, routed)           0.028    30.702    design_2_i/llama_engine_axi_0/U0/u_engine/u_sw/SHIFT_LEFT26__3_i_4_n_0
    SLICE_X39Y47         CARRY8 (Prop_CARRY8_SLICEM_CI_CO[7])
                                                      0.023    30.725 r  design_2_i/llama_engine_axi_0/U0/u_engine/u_sw/SHIFT_LEFT26__3_i_3/CO[7]
                         net (fo=1, routed)           0.028    30.753    design_2_i/llama_engine_axi_0/U0/u_engine/u_sw/SHIFT_LEFT26__3_i_3_n_0
    SLICE_X39Y48         CARRY8 (Prop_CARRY8_SLICEM_CI_CO[7])
                                                      0.023    30.776 r  design_2_i/llama_engine_axi_0/U0/u_engine/u_sw/SHIFT_LEFT26__3_i_2/CO[7]
                         net (fo=1, routed)           0.028    30.804    design_2_i/llama_engine_axi_0/U0/u_engine/u_sw/SHIFT_LEFT26__3_i_2_n_0
    SLICE_X39Y49         CARRY8 (Prop_CARRY8_SLICEM_CI_CO[7])
                                                      0.023    30.827 r  design_2_i/llama_engine_axi_0/U0/u_engine/u_sw/SHIFT_LEFT26__3_i_22/CO[7]
                         net (fo=1, routed)           0.028    30.855    design_2_i/llama_engine_axi_0/U0/u_engine/u_sw/SHIFT_LEFT26__3_i_22_n_0
    SLICE_X39Y50         CARRY8 (Prop_CARRY8_SLICEM_CI_O[7])
                                                      0.146    31.001 f  design_2_i/llama_engine_axi_0/U0/u_engine/u_sw/SHIFT_LEFT26__3_i_1/O[7]
                         net (fo=20, routed)          1.132    32.133    design_2_i/llama_engine_axi_0/U0/u_engine/u_sw/SHIFT_LEFT26__3/B[16]
    DSP48E2_X2Y24        DSP_A_B_DATA (Prop_DSP_A_B_DATA_DSP48E2_B[16]_B2_DATA[16])
                                                      0.195    32.328 r  design_2_i/llama_engine_axi_0/U0/u_engine/u_sw/SHIFT_LEFT26__3/DSP_A_B_DATA_INST/B2_DATA[16]
                         net (fo=1, routed)           0.000    32.328    design_2_i/llama_engine_axi_0/U0/u_engine/u_sw/SHIFT_LEFT26__3/DSP_A_B_DATA.B2_DATA<16>
    DSP48E2_X2Y24        DSP_PREADD_DATA (Prop_DSP_PREADD_DATA_DSP48E2_B2_DATA[16]_B2B1[16])
                                                      0.092    32.420 r  design_2_i/llama_engine_axi_0/U0/u_engine/u_sw/SHIFT_LEFT26__3/DSP_PREADD_DATA_INST/B2B1[16]
                         net (fo=1, routed)           0.000    32.420    design_2_i/llama_engine_axi_0/U0/u_engine/u_sw/SHIFT_LEFT26__3/DSP_PREADD_DATA.B2B1<16>
    DSP48E2_X2Y24        DSP_MULTIPLIER (Prop_DSP_MULTIPLIER_DSP48E2_B2B1[16]_U[43])
                                                      0.737    33.157 f  design_2_i/llama_engine_axi_0/U0/u_engine/u_sw/SHIFT_LEFT26__3/DSP_MULTIPLIER_INST/U[43]
                         net (fo=1, routed)           0.000    33.157    design_2_i/llama_engine_axi_0/U0/u_engine/u_sw/SHIFT_LEFT26__3/DSP_MULTIPLIER.U<43>
    DSP48E2_X2Y24        DSP_M_DATA (Prop_DSP_M_DATA_DSP48E2_U[43]_U_DATA[43])
                                                      0.059    33.216 r  design_2_i/llama_engine_axi_0/U0/u_engine/u_sw/SHIFT_LEFT26__3/DSP_M_DATA_INST/U_DATA[43]
                         net (fo=1, routed)           0.000    33.216    design_2_i/llama_engine_axi_0/U0/u_engine/u_sw/SHIFT_LEFT26__3/DSP_M_DATA.U_DATA<43>
    DSP48E2_X2Y24        DSP_ALU (Prop_DSP_ALU_DSP48E2_U_DATA[43]_ALU_OUT[47])
                                                      0.699    33.915 f  design_2_i/llama_engine_axi_0/U0/u_engine/u_sw/SHIFT_LEFT26__3/DSP_ALU_INST/ALU_OUT[47]
                         net (fo=1, routed)           0.000    33.915    design_2_i/llama_engine_axi_0/U0/u_engine/u_sw/SHIFT_LEFT26__3/DSP_ALU.ALU_OUT<47>
    DSP48E2_X2Y24        DSP_OUTPUT (Prop_DSP_OUTPUT_DSP48E2_ALU_OUT[47]_PCOUT[47])
                                                      0.159    34.074 r  design_2_i/llama_engine_axi_0/U0/u_engine/u_sw/SHIFT_LEFT26__3/DSP_OUTPUT_INST/PCOUT[47]
                         net (fo=1, routed)           0.016    34.090    design_2_i/llama_engine_axi_0/U0/u_engine/u_sw/SHIFT_LEFT26__4/PCIN[47]
    DSP48E2_X2Y25        DSP_ALU (Prop_DSP_ALU_DSP48E2_PCIN[47]_ALU_OUT[2])
                                                      0.698    34.788 f  design_2_i/llama_engine_axi_0/U0/u_engine/u_sw/SHIFT_LEFT26__4/DSP_ALU_INST/ALU_OUT[2]
                         net (fo=1, routed)           0.000    34.788    design_2_i/llama_engine_axi_0/U0/u_engine/u_sw/SHIFT_LEFT26__4/DSP_ALU.ALU_OUT<2>
    DSP48E2_X2Y25        DSP_OUTPUT (Prop_DSP_OUTPUT_DSP48E2_ALU_OUT[2]_P[2])
                                                      0.141    34.929 r  design_2_i/llama_engine_axi_0/U0/u_engine/u_sw/SHIFT_LEFT26__4/DSP_OUTPUT_INST/P[2]
                         net (fo=1, routed)           0.451    35.380    design_2_i/llama_engine_axi_0/U0/u_engine/u_sw/SHIFT_LEFT26__4_n_103
    SLICE_X26Y55         LUT2 (Prop_E6LUT_SLICEL_I1_O)
                                                      0.148    35.528 r  design_2_i/llama_engine_axi_0/U0/u_engine/u_sw/o_wdata[27]_i_5/O
                         net (fo=1, routed)           0.008    35.536    design_2_i/llama_engine_axi_0/U0/u_engine/u_sw/o_wdata[27]_i_5_n_0
    SLICE_X26Y55         CARRY8 (Prop_CARRY8_SLICEL_S[4]_CO[7])
                                                      0.195    35.731 r  design_2_i/llama_engine_axi_0/U0/u_engine/u_sw/o_wdata_reg[27]_i_1/CO[7]
                         net (fo=1, routed)           0.028    35.759    design_2_i/llama_engine_axi_0/U0/u_engine/u_sw/o_wdata_reg[27]_i_1_n_0
    SLICE_X26Y56         CARRY8 (Prop_CARRY8_SLICEL_CI_CO[7])
                                                      0.023    35.782 r  design_2_i/llama_engine_axi_0/U0/u_engine/u_sw/o_wdata_reg[30]_i_1/CO[7]
                         net (fo=1, routed)           0.028    35.810    design_2_i/llama_engine_axi_0/U0/u_engine/u_sw/o_wdata_reg[30]_i_1_n_0
    SLICE_X26Y57         CARRY8 (Prop_CARRY8_SLICEL_CI_CO[7])
                                                      0.023    35.833 r  design_2_i/llama_engine_axi_0/U0/u_engine/u_sw/o_wdata_reg[31]_i_2/CO[7]
                         net (fo=1, routed)           0.028    35.861    design_2_i/llama_engine_axi_0/U0/u_engine/u_sw/o_wdata_reg[31]_i_2_n_0
    SLICE_X26Y58         CARRY8 (Prop_CARRY8_SLICEL_CI_O[7])
                                                      0.146    36.007 r  design_2_i/llama_engine_axi_0/U0/u_engine/u_sw/o_wdata_reg[31]_i_1/O[7]
                         net (fo=1, routed)           0.031    36.038    design_2_i/llama_engine_axi_0/U0/u_engine/u_sw/o_wdata_reg[31]_i_1_n_8
    SLICE_X26Y58         FDRE                                         r  design_2_i/llama_engine_axi_0/U0/u_engine/u_sw/o_wdata_reg[31]/D
  -------------------------------------------------------------------    -------------------

                         (clock clk_pl_0 rise edge)
                                                    337.503   337.503 r  
    PS8_X0Y0             PS8                          0.000   337.503 r  design_2_i/zynq_ultra_ps_e_0/inst/PS8_i/PLCLK[0]
                         net (fo=1, routed)           0.140   337.643    design_2_i/zynq_ultra_ps_e_0/inst/pl_clk_unbuffered[0]
    BUFG_PS_X0Y58        BUFG_PS (Prop_BUFG_PS_I_O)
                                                      0.027   337.670 r  design_2_i/zynq_ultra_ps_e_0/inst/buffer_pl_clk_0.PL_CLK_0_BUFG/O
    X0Y1 (CLOCK_ROOT)    net (fo=56092, routed)       1.579   339.249    design_2_i/llama_engine_axi_0/U0/u_engine/u_sw/clk
    SLICE_X26Y58         FDRE                                         r  design_2_i/llama_engine_axi_0/U0/u_engine/u_sw/o_wdata_reg[31]/C
                         clock pessimism              0.107   339.356    
                         clock uncertainty           -0.876   338.480    
    SLICE_X26Y58         FDRE (Setup_HFF_SLICEL_C_D)
                                                      0.027   338.507    design_2_i/llama_engine_axi_0/U0/u_engine/u_sw/o_wdata_reg[31]
  -------------------------------------------------------------------
                         required time                        338.507    
                         arrival time                         -36.038    
  -------------------------------------------------------------------
                         slack                                302.469    

Slack (MET) :             302.616ns  (required time - arrival time)
  Source:                 design_2_i/llama_engine_axi_0/U0/u_engine/u_sw/idx_reg[3]/C
                            (rising edge-triggered cell FDRE clocked by clk_pl_0  {rise@0.000ns fall@168.751ns period=337.503ns})
  Destination:            design_2_i/llama_engine_axi_0/U0/u_engine/u_sw/o_wdata_reg[29]/D
                            (rising edge-triggered cell FDRE clocked by clk_pl_0  {rise@0.000ns fall@168.751ns period=337.503ns})
  Path Group:             clk_pl_0
  Path Type:              Setup (Max at Slow Process Corner)
  Requirement:            337.503ns  (clk_pl_0 rise@337.503ns - clk_pl_0 rise@0.000ns)
  Data Path Delay:        33.816ns  (logic 14.838ns (43.879%)  route 18.978ns (56.121%))
  Logic Levels:           75  (CARRY8=27 DSP_A_B_DATA=3 DSP_ALU=7 DSP_M_DATA=3 DSP_MULTIPLIER=3 DSP_OUTPUT=7 DSP_PREADD_DATA=3 LUT1=1 LUT2=4 LUT3=2 LUT4=1 LUT5=4 LUT6=9 MUXF8=1)
  Clock Path Skew:        -0.222ns (DCD - SCD + CPR)
    Destination Clock Delay (DCD):    1.742ns = ( 339.245 - 337.503 ) 
    Source Clock Delay      (SCD):    2.071ns
    Clock Pessimism Removal (CPR):    0.107ns
  Clock Uncertainty:      0.876ns  ((TSJ^2 + DJ^2)^1/2) / 2 + PE
    Total System Jitter     (TSJ):    0.071ns
    Discrete Jitter          (DJ):    1.750ns
    Phase Error              (PE):    0.000ns
  Clock Net Delay (Source):      1.864ns (routing 0.638ns, distribution 1.226ns)
  Clock Net Delay (Destination): 1.575ns (routing 0.576ns, distribution 0.999ns)

    Location             Delay type                Incr(ns)  Path(ns)    Netlist Resource(s)
  -------------------------------------------------------------------    -------------------
                         (clock clk_pl_0 rise edge)
                                                      0.000     0.000 r  
    PS8_X0Y0             PS8                          0.000     0.000 r  design_2_i/zynq_ultra_ps_e_0/inst/PS8_i/PLCLK[0]
                         net (fo=1, routed)           0.178     0.178    design_2_i/zynq_ultra_ps_e_0/inst/pl_clk_unbuffered[0]
    BUFG_PS_X0Y58        BUFG_PS (Prop_BUFG_PS_I_O)
                                                      0.029     0.207 r  design_2_i/zynq_ultra_ps_e_0/inst/buffer_pl_clk_0.PL_CLK_0_BUFG/O
    X0Y1 (CLOCK_ROOT)    net (fo=56092, routed)       1.864     2.071    design_2_i/llama_engine_axi_0/U0/u_engine/u_sw/clk
    SLICE_X31Y64         FDRE                                         r  design_2_i/llama_engine_axi_0/U0/u_engine/u_sw/idx_reg[3]/C
  -------------------------------------------------------------------    -------------------
    SLICE_X31Y64         FDRE (Prop_EFF2_SLICEM_C_Q)
                                                      0.098     2.169 r  design_2_i/llama_engine_axi_0/U0/u_engine/u_sw/idx_reg[3]/Q
                         net (fo=336, routed)         3.665     5.834    design_2_i/llama_engine_axi_0/U0/u_engine/u_sw/idx_reg_n_0_[3]
    SLICE_X47Y3          MUXF8 (Prop_F8MUX_BOT_SLICEL_S_O)
                                                      0.089     5.923 r  design_2_i/llama_engine_axi_0/U0/u_engine/u_sw/ARG__4_i_215/O
                         net (fo=1, routed)           1.013     6.936    design_2_i/llama_engine_axi_0/U0/u_engine/u_sw/ARG__4_i_215_n_0
    SLICE_X36Y36         LUT6 (Prop_C6LUT_SLICEL_I0_O)
                                                      0.174     7.110 r  design_2_i/llama_engine_axi_0/U0/u_engine/u_sw/ARG__4_i_149/O
                         net (fo=3, routed)           0.504     7.614    design_2_i/llama_engine_axi_0/U0/u_engine/u_sw/ARG__4_i_149_n_0
    SLICE_X32Y40         LUT5 (Prop_E6LUT_SLICEL_I2_O)
                                                      0.116     7.730 r  design_2_i/llama_engine_axi_0/U0/u_engine/u_sw/ARG__4_i_97/O
                         net (fo=7, routed)           0.372     8.101    design_2_i/llama_engine_axi_0/U0/u_engine/u_sw/ARG__4_i_97_n_0
    SLICE_X34Y44         LUT5 (Prop_E6LUT_SLICEM_I0_O)
                                                      0.177     8.278 r  design_2_i/llama_engine_axi_0/U0/u_engine/u_sw/ARG__4_i_351/O
                         net (fo=1, routed)           0.015     8.293    design_2_i/llama_engine_axi_0/U0/u_engine/u_sw/ARG__4_i_351_n_0
    SLICE_X34Y44         CARRY8 (Prop_CARRY8_SLICEM_S[4]_CO[7])
                                                      0.198     8.491 r  design_2_i/llama_engine_axi_0/U0/u_engine/u_sw/ARG__4_i_202/CO[7]
                         net (fo=1, routed)           0.028     8.519    design_2_i/llama_engine_axi_0/U0/u_engine/u_sw/ARG__4_i_202_n_0
    SLICE_X34Y45         CARRY8 (Prop_CARRY8_SLICEM_CI_CO[7])
                                                      0.023     8.542 r  design_2_i/llama_engine_axi_0/U0/u_engine/u_sw/ARG__4_i_201/CO[7]
                         net (fo=1, routed)           0.028     8.570    design_2_i/llama_engine_axi_0/U0/u_engine/u_sw/ARG__4_i_201_n_0
    SLICE_X34Y46         CARRY8 (Prop_CARRY8_SLICEM_CI_CO[7])
                                                      0.023     8.593 r  design_2_i/llama_engine_axi_0/U0/u_engine/u_sw/ARG__4_i_199/CO[7]
                         net (fo=1, routed)           0.028     8.621    design_2_i/llama_engine_axi_0/U0/u_engine/u_sw/ARG__4_i_199_n_0
    SLICE_X34Y47         CARRY8 (Prop_CARRY8_SLICEM_CI_CO[7])
                                                      0.023     8.644 r  design_2_i/llama_engine_axi_0/U0/u_engine/u_sw/ARG__4_i_200/CO[7]
                         net (fo=1, routed)           0.028     8.672    design_2_i/llama_engine_axi_0/U0/u_engine/u_sw/ARG__4_i_200_n_0
    SLICE_X34Y48         CARRY8 (Prop_CARRY8_SLICEM_CI_CO[7])
                                                      0.023     8.695 r  design_2_i/llama_engine_axi_0/U0/u_engine/u_sw/SHIFT_LEFT26_i_391/CO[7]
                         net (fo=1, routed)           0.028     8.723    design_2_i/llama_engine_axi_0/U0/u_engine/u_sw/SHIFT_LEFT26_i_391_n_0
    SLICE_X34Y49         CARRY8 (Prop_CARRY8_SLICEM_CI_CO[7])
                                                      0.023     8.746 r  design_2_i/llama_engine_axi_0/U0/u_engine/u_sw/SHIFT_LEFT26_i_222/CO[7]
                         net (fo=1, routed)           0.028     8.774    design_2_i/llama_engine_axi_0/U0/u_engine/u_sw/SHIFT_LEFT26_i_222_n_0
    SLICE_X34Y50         CARRY8 (Prop_CARRY8_SLICEM_CI_CO[7])
                                                      0.023     8.797 r  design_2_i/llama_engine_axi_0/U0/u_engine/u_sw/SHIFT_LEFT26_i_73/CO[7]
                         net (fo=1, routed)           0.028     8.825    design_2_i/llama_engine_axi_0/U0/u_engine/u_sw/SHIFT_LEFT26_i_73_n_0
    SLICE_X34Y51         CARRY8 (Prop_CARRY8_SLICEM_CI_O[7])
                                                      0.146     8.971 f  design_2_i/llama_engine_axi_0/U0/u_engine/u_sw/SHIFT_LEFT26_i_33/O[7]
                         net (fo=69, routed)          0.542     9.514    design_2_i/llama_engine_axi_0/U0/u_engine/u_sw/SHIFT_LEFT26_i_33_n_8
    SLICE_X31Y48         LUT6 (Prop_F6LUT_SLICEM_I0_O)
                                                      0.113     9.627 f  design_2_i/llama_engine_axi_0/U0/u_engine/u_sw/SHIFT_LEFT26_i_460/O
                         net (fo=4, routed)           0.493    10.120    design_2_i/llama_engine_axi_0/U0/u_engine/u_sw/SHIFT_LEFT26_i_460_n_0
    SLICE_X36Y46         LUT6 (Prop_E6LUT_SLICEL_I3_O)
                                                      0.176    10.296 f  design_2_i/llama_engine_axi_0/U0/u_engine/u_sw/SHIFT_LEFT26_i_289/O
                         net (fo=2, routed)           0.497    10.793    design_2_i/llama_engine_axi_0/U0/u_engine/u_sw/SHIFT_LEFT26_i_289_n_0
    SLICE_X38Y46         LUT3 (Prop_H5LUT_SLICEL_I0_O)
                                                      0.118    10.911 f  design_2_i/llama_engine_axi_0/U0/u_engine/u_sw/SHIFT_LEFT26_i_131/O
                         net (fo=2, routed)           0.237    11.148    design_2_i/llama_engine_axi_0/U0/u_engine/u_sw/SHIFT_LEFT26_i_131_n_0
    SLICE_X38Y41         LUT5 (Prop_F6LUT_SLICEL_I0_O)
                                                      0.177    11.325 f  design_2_i/llama_engine_axi_0/U0/u_engine/u_sw/SHIFT_LEFT26__1_i_10/O
                         net (fo=1, routed)           0.397    11.722    design_2_i/llama_engine_axi_0/U0/u_engine/u_sw/SHIFT_LEFT26__1_i_10_n_0
    SLICE_X37Y39         LUT6 (Prop_G6LUT_SLICEM_I0_O)
                                                      0.100    11.822 f  design_2_i/llama_engine_axi_0/U0/u_engine/u_sw/SHIFT_LEFT26__1_i_1/O
                         net (fo=6, routed)           0.167    11.990    design_2_i/llama_engine_axi_0/U0/u_engine/u_sw/z_q[16]
    SLICE_X37Y42         LUT1 (Prop_B6LUT_SLICEM_I0_O)
                                                      0.063    12.053 r  design_2_i/llama_engine_axi_0/U0/u_engine/u_sw/ARG_i_121/O
                         net (fo=1, routed)           0.018    12.071    design_2_i/llama_engine_axi_0/U0/u_engine/u_sw/ARG_i_121_n_0
    SLICE_X37Y42         CARRY8 (Prop_CARRY8_SLICEM_S[1]_CO[7])
                                                      0.238    12.309 r  design_2_i/llama_engine_axi_0/U0/u_engine/u_sw/ARG_i_52/CO[7]
                         net (fo=1, routed)           0.028    12.337    design_2_i/llama_engine_axi_0/U0/u_engine/u_sw/ARG_i_52_n_0
    SLICE_X37Y43         CARRY8 (Prop_CARRY8_SLICEM_CI_CO[7])
                                                      0.023    12.360 r  design_2_i/llama_engine_axi_0/U0/u_engine/u_sw/ARG_i_110/CO[7]
                         net (fo=1, routed)           0.028    12.388    design_2_i/llama_engine_axi_0/U0/u_engine/u_sw/ARG_i_110_n_0
    SLICE_X37Y44         CARRY8 (Prop_CARRY8_SLICEM_CI_CO[1])
                                                      0.055    12.443 r  design_2_i/llama_engine_axi_0/U0/u_engine/u_sw/ARG_i_33/CO[1]
                         net (fo=131, routed)         1.034    13.476    design_2_i/llama_engine_axi_0/U0/u_engine/u_sw/ARG_i_33_n_6
    SLICE_X38Y45         CARRY8 (Prop_CARRY8_SLICEL_S[0]_CO[3])
                                                      0.230    13.706 r  design_2_i/llama_engine_axi_0/U0/u_engine/u_sw/ARG_i_53/CO[3]
                         net (fo=123, routed)         0.304    14.010    design_2_i/llama_engine_axi_0/U0/u_engine/u_sw/k1
    SLICE_X39Y41         LUT6 (Prop_H6LUT_SLICEM_I4_O)
                                                      0.151    14.161 r  design_2_i/llama_engine_axi_0/U0/u_engine/u_sw/ARG__2_i_35/O
                         net (fo=661, routed)         2.075    16.236    design_2_i/llama_engine_axi_0/U0/u_engine/u_sw/k[4]
    SLICE_X48Y99         LUT6 (Prop_G6LUT_SLICEM_I1_O)
                                                      0.064    16.300 r  design_2_i/llama_engine_axi_0/U0/u_engine/u_sw/ARG__1_i_139/O
                         net (fo=1, routed)           0.179    16.479    design_2_i/llama_engine_axi_0/U0/u_engine/u_sw/ARG__1_i_139_n_0
    SLICE_X48Y99         LUT6 (Prop_E6LUT_SLICEM_I1_O)
                                                      0.063    16.542 r  design_2_i/llama_engine_axi_0/U0/u_engine/u_sw/ARG__1_i_42/O
                         net (fo=1, routed)           0.550    17.092    design_2_i/llama_engine_axi_0/U0/u_engine/u_sw/ARG__1_i_42_n_0
    SLICE_X45Y98         LUT6 (Prop_B6LUT_SLICEM_I1_O)
                                                      0.039    17.131 r  design_2_i/llama_engine_axi_0/U0/u_engine/u_sw/ARG__1_i_5/O
                         net (fo=2, routed)           0.831    17.962    design_2_i/llama_engine_axi_0/U0/u_engine/u_sw/ARG__1_i_5_n_0
    SLICE_X44Y49         LUT6 (Prop_F6LUT_SLICEL_I0_O)
                                                      0.114    18.076 r  design_2_i/llama_engine_axi_0/U0/u_engine/u_sw/ARG__1_i_13/O
                         net (fo=1, routed)           0.012    18.088    design_2_i/llama_engine_axi_0/U0/u_engine/u_sw/ARG__1_i_13_n_0
    SLICE_X44Y49         CARRY8 (Prop_CARRY8_SLICEL_S[5]_CO[7])
                                                      0.197    18.285 r  design_2_i/llama_engine_axi_0/U0/u_engine/u_sw/ARG__1_i_1/CO[7]
                         net (fo=1, routed)           0.028    18.313    design_2_i/llama_engine_axi_0/U0/u_engine/u_sw/ARG__1_i_1_n_0
    SLICE_X44Y50         CARRY8 (Prop_CARRY8_SLICEL_CI_O[0])
                                                      0.072    18.385 f  design_2_i/llama_engine_axi_0/U0/u_engine/u_sw/ARG_i_2/O[0]
                         net (fo=4, routed)           0.484    18.870    design_2_i/llama_engine_axi_0/U0/u_engine/u_sw/ARG__1/A[16]
    DSP48E2_X3Y20        DSP_A_B_DATA (Prop_DSP_A_B_DATA_DSP48E2_A[16]_A2_DATA[16])
                                                      0.241    19.111 r  design_2_i/llama_engine_axi_0/U0/u_engine/u_sw/ARG__1/DSP_A_B_DATA_INST/A2_DATA[16]
                         net (fo=1, routed)           0.000    19.111    design_2_i/llama_engine_axi_0/U0/u_engine/u_sw/ARG__1/DSP_A_B_DATA.A2_DATA<16>
    DSP48E2_X3Y20        DSP_PREADD_DATA (Prop_DSP_PREADD_DATA_DSP48E2_A2_DATA[16]_A2A1[16])
                                                      0.098    19.209 r  design_2_i/llama_engine_axi_0/U0/u_engine/u_sw/ARG__1/DSP_PREADD_DATA_INST/A2A1[16]
                         net (fo=1, routed)           0.000    19.209    design_2_i/llama_engine_axi_0/U0/u_engine/u_sw/ARG__1/DSP_PREADD_DATA.A2A1<16>
    DSP48E2_X3Y20        DSP_MULTIPLIER (Prop_DSP_MULTIPLIER_DSP48E2_A2A1[16]_U[36])
                                                      0.647    19.856 f  design_2_i/llama_engine_axi_0/U0/u_engine/u_sw/ARG__1/DSP_MULTIPLIER_INST/U[36]
                         net (fo=1, routed)           0.000    19.856    design_2_i/llama_engine_axi_0/U0/u_engine/u_sw/ARG__1/DSP_MULTIPLIER.U<36>
    DSP48E2_X3Y20        DSP_M_DATA (Prop_DSP_M_DATA_DSP48E2_U[36]_U_DATA[36])
                                                      0.059    19.915 r  design_2_i/llama_engine_axi_0/U0/u_engine/u_sw/ARG__1/DSP_M_DATA_INST/U_DATA[36]
                         net (fo=1, routed)           0.000    19.915    design_2_i/llama_engine_axi_0/U0/u_engine/u_sw/ARG__1/DSP_M_DATA.U_DATA<36>
    DSP48E2_X3Y20        DSP_ALU (Prop_DSP_ALU_DSP48E2_U_DATA[36]_ALU_OUT[47])
                                                      0.699    20.614 f  design_2_i/llama_engine_axi_0/U0/u_engine/u_sw/ARG__1/DSP_ALU_INST/ALU_OUT[47]
                         net (fo=1, routed)           0.000    20.614    design_2_i/llama_engine_axi_0/U0/u_engine/u_sw/ARG__1/DSP_ALU.ALU_OUT<47>
    DSP48E2_X3Y20        DSP_OUTPUT (Prop_DSP_OUTPUT_DSP48E2_ALU_OUT[47]_PCOUT[47])
                                                      0.159    20.773 r  design_2_i/llama_engine_axi_0/U0/u_engine/u_sw/ARG__1/DSP_OUTPUT_INST/PCOUT[47]
                         net (fo=1, routed)           0.016    20.789    design_2_i/llama_engine_axi_0/U0/u_engine/u_sw/ARG__2/PCIN[47]
    DSP48E2_X3Y21        DSP_ALU (Prop_DSP_ALU_DSP48E2_PCIN[47]_ALU_OUT[47])
                                                      0.698    21.487 f  design_2_i/llama_engine_axi_0/U0/u_engine/u_sw/ARG__2/DSP_ALU_INST/ALU_OUT[47]
                         net (fo=1, routed)           0.000    21.487    design_2_i/llama_engine_axi_0/U0/u_engine/u_sw/ARG__2/DSP_ALU.ALU_OUT<47>
    DSP48E2_X3Y21        DSP_OUTPUT (Prop_DSP_OUTPUT_DSP48E2_ALU_OUT[47]_PCOUT[47])
                                                      0.159    21.646 r  design_2_i/llama_engine_axi_0/U0/u_engine/u_sw/ARG__2/DSP_OUTPUT_INST/PCOUT[47]
                         net (fo=1, routed)           0.042    21.688    design_2_i/llama_engine_axi_0/U0/u_engine/u_sw/ARG__3/PCIN[47]
    DSP48E2_X3Y22        DSP_ALU (Prop_DSP_ALU_DSP48E2_PCIN[47]_ALU_OUT[4])
                                                      0.698    22.386 f  design_2_i/llama_engine_axi_0/U0/u_engine/u_sw/ARG__3/DSP_ALU_INST/ALU_OUT[4]
                         net (fo=1, routed)           0.000    22.386    design_2_i/llama_engine_axi_0/U0/u_engine/u_sw/ARG__3/DSP_ALU.ALU_OUT<4>
    DSP48E2_X3Y22        DSP_OUTPUT (Prop_DSP_OUTPUT_DSP48E2_ALU_OUT[4]_P[4])
                                                      0.141    22.527 r  design_2_i/llama_engine_axi_0/U0/u_engine/u_sw/ARG__3/DSP_OUTPUT_INST/P[4]
                         net (fo=2, routed)           0.350    22.877    design_2_i/llama_engine_axi_0/U0/u_engine/u_sw/ARG__3_n_101
    SLICE_X42Y53         LUT3 (Prop_G5LUT_SLICEM_I1_O)
                                                      0.084    22.961 r  design_2_i/llama_engine_axi_0/U0/u_engine/u_sw/SHIFT_LEFT26_i_324/O
                         net (fo=2, routed)           0.540    23.501    design_2_i/llama_engine_axi_0/U0/u_engine/u_sw/SHIFT_LEFT26_i_324_n_0
    SLICE_X42Y53         LUT4 (Prop_H6LUT_SLICEM_I3_O)
                                                      0.100    23.601 r  design_2_i/llama_engine_axi_0/U0/u_engine/u_sw/SHIFT_LEFT26_i_329/O
                         net (fo=1, routed)           0.017    23.618    design_2_i/llama_engine_axi_0/U0/u_engine/u_sw/SHIFT_LEFT26_i_329_n_0
    SLICE_X42Y53         CARRY8 (Prop_CARRY8_SLICEM_S[7]_CO[7])
                                                      0.150    23.768 r  design_2_i/llama_engine_axi_0/U0/u_engine/u_sw/SHIFT_LEFT26_i_158/CO[7]
                         net (fo=1, routed)           0.028    23.796    design_2_i/llama_engine_axi_0/U0/u_engine/u_sw/SHIFT_LEFT26_i_158_n_0
    SLICE_X42Y54         CARRY8 (Prop_CARRY8_SLICEM_CI_O[4])
                                                      0.109    23.905 r  design_2_i/llama_engine_axi_0/U0/u_engine/u_sw/SHIFT_LEFT26__0_i_17/O[4]
                         net (fo=3, routed)           0.286    24.191    design_2_i/llama_engine_axi_0/U0/u_engine/u_sw/p_0_in[49]
    SLICE_X43Y54         LUT2 (Prop_B6LUT_SLICEM_I1_O)
                                                      0.178    24.369 r  design_2_i/llama_engine_axi_0/U0/u_engine/u_sw/SHIFT_LEFT26__0_i_24/O
                         net (fo=1, routed)           0.018    24.387    design_2_i/llama_engine_axi_0/U0/u_engine/u_sw/SHIFT_LEFT26__0_i_24_n_0
    SLICE_X43Y54         CARRY8 (Prop_CARRY8_SLICEM_S[1]_CO[7])
                                                      0.238    24.625 r  design_2_i/llama_engine_axi_0/U0/u_engine/u_sw/SHIFT_LEFT26__0_i_15/CO[7]
                         net (fo=1, routed)           0.028    24.653    design_2_i/llama_engine_axi_0/U0/u_engine/u_sw/SHIFT_LEFT26__0_i_15_n_0
    SLICE_X43Y55         CARRY8 (Prop_CARRY8_SLICEM_CI_O[4])
                                                      0.109    24.762 f  design_2_i/llama_engine_axi_0/U0/u_engine/u_sw/SHIFT_LEFT26_i_69/O[4]
                         net (fo=2, routed)           0.345    25.107    design_2_i/llama_engine_axi_0/U0/u_engine/u_sw/SHIFT_LEFT26_i_69_n_11
    SLICE_X41Y53         LUT2 (Prop_F6LUT_SLICEL_I0_O)
                                                      0.177    25.284 r  design_2_i/llama_engine_axi_0/U0/u_engine/u_sw/SHIFT_LEFT26_i_318/O
                         net (fo=1, routed)           0.012    25.296    design_2_i/llama_engine_axi_0/U0/u_engine/u_sw/SHIFT_LEFT26_i_318_n_0
    SLICE_X41Y53         CARRY8 (Prop_CARRY8_SLICEL_S[5]_CO[7])
                                                      0.197    25.493 r  design_2_i/llama_engine_axi_0/U0/u_engine/u_sw/SHIFT_LEFT26_i_149/CO[7]
                         net (fo=1, routed)           0.028    25.521    design_2_i/llama_engine_axi_0/U0/u_engine/u_sw/SHIFT_LEFT26_i_149_n_0
    SLICE_X41Y54         CARRY8 (Prop_CARRY8_SLICEL_CI_CO[7])
                                                      0.030    25.551 r  design_2_i/llama_engine_axi_0/U0/u_engine/u_sw/SHIFT_LEFT26_i_67/CO[7]
                         net (fo=31, routed)          0.504    26.056    design_2_i/llama_engine_axi_0/U0/u_engine/u_sw/sigmoid_q1
    SLICE_X40Y43         LUT5 (Prop_F6LUT_SLICEM_I1_O)
                                                      0.177    26.233 f  design_2_i/llama_engine_axi_0/U0/u_engine/u_sw/SHIFT_LEFT26_i_30/O
                         net (fo=2, routed)           0.522    26.755    design_2_i/llama_engine_axi_0/U0/u_engine/u_sw/SHIFT_LEFT26__1/B[2]
    DSP48E2_X3Y18        DSP_A_B_DATA (Prop_DSP_A_B_DATA_DSP48E2_B[2]_B2_DATA[2])
                                                      0.195    26.950 r  design_2_i/llama_engine_axi_0/U0/u_engine/u_sw/SHIFT_LEFT26__1/DSP_A_B_DATA_INST/B2_DATA[2]
                         net (fo=1, routed)           0.000    26.950    design_2_i/llama_engine_axi_0/U0/u_engine/u_sw/SHIFT_LEFT26__1/DSP_A_B_DATA.B2_DATA<2>
    DSP48E2_X3Y18        DSP_PREADD_DATA (Prop_DSP_PREADD_DATA_DSP48E2_B2_DATA[2]_B2B1[2])
                                                      0.092    27.042 r  design_2_i/llama_engine_axi_0/U0/u_engine/u_sw/SHIFT_LEFT26__1/DSP_PREADD_DATA_INST/B2B1[2]
                         net (fo=1, routed)           0.000    27.042    design_2_i/llama_engine_axi_0/U0/u_engine/u_sw/SHIFT_LEFT26__1/DSP_PREADD_DATA.B2B1<2>
    DSP48E2_X3Y18        DSP_MULTIPLIER (Prop_DSP_MULTIPLIER_DSP48E2_B2B1[2]_U[33])
                                                      0.737    27.779 f  design_2_i/llama_engine_axi_0/U0/u_engine/u_sw/SHIFT_LEFT26__1/DSP_MULTIPLIER_INST/U[33]
                         net (fo=1, routed)           0.000    27.779    design_2_i/llama_engine_axi_0/U0/u_engine/u_sw/SHIFT_LEFT26__1/DSP_MULTIPLIER.U<33>
    DSP48E2_X3Y18        DSP_M_DATA (Prop_DSP_M_DATA_DSP48E2_U[33]_U_DATA[33])
                                                      0.059    27.838 r  design_2_i/llama_engine_axi_0/U0/u_engine/u_sw/SHIFT_LEFT26__1/DSP_M_DATA_INST/U_DATA[33]
                         net (fo=1, routed)           0.000    27.838    design_2_i/llama_engine_axi_0/U0/u_engine/u_sw/SHIFT_LEFT26__1/DSP_M_DATA.U_DATA<33>
    DSP48E2_X3Y18        DSP_ALU (Prop_DSP_ALU_DSP48E2_U_DATA[33]_ALU_OUT[47])
                                                      0.699    28.537 f  design_2_i/llama_engine_axi_0/U0/u_engine/u_sw/SHIFT_LEFT26__1/DSP_ALU_INST/ALU_OUT[47]
                         net (fo=1, routed)           0.000    28.537    design_2_i/llama_engine_axi_0/U0/u_engine/u_sw/SHIFT_LEFT26__1/DSP_ALU.ALU_OUT<47>
    DSP48E2_X3Y18        DSP_OUTPUT (Prop_DSP_OUTPUT_DSP48E2_ALU_OUT[47]_PCOUT[47])
                                                      0.159    28.696 r  design_2_i/llama_engine_axi_0/U0/u_engine/u_sw/SHIFT_LEFT26__1/DSP_OUTPUT_INST/PCOUT[47]
                         net (fo=1, routed)           0.016    28.712    design_2_i/llama_engine_axi_0/U0/u_engine/u_sw/SHIFT_LEFT26__2/PCIN[47]
    DSP48E2_X3Y19        DSP_ALU (Prop_DSP_ALU_DSP48E2_PCIN[47]_ALU_OUT[11])
                                                      0.698    29.410 f  design_2_i/llama_engine_axi_0/U0/u_engine/u_sw/SHIFT_LEFT26__2/DSP_ALU_INST/ALU_OUT[11]
                         net (fo=1, routed)           0.000    29.410    design_2_i/llama_engine_axi_0/U0/u_engine/u_sw/SHIFT_LEFT26__2/DSP_ALU.ALU_OUT<11>
    DSP48E2_X3Y19        DSP_OUTPUT (Prop_DSP_OUTPUT_DSP48E2_ALU_OUT[11]_P[11])
                                                      0.141    29.551 r  design_2_i/llama_engine_axi_0/U0/u_engine/u_sw/SHIFT_LEFT26__2/DSP_OUTPUT_INST/P[11]
                         net (fo=2, routed)           0.762    30.313    design_2_i/llama_engine_axi_0/U0/u_engine/u_sw/SHIFT_LEFT26__2_n_94
    SLICE_X39Y46         LUT2 (Prop_E6LUT_SLICEM_I0_O)
                                                      0.148    30.461 r  design_2_i/llama_engine_axi_0/U0/u_engine/u_sw/SHIFT_LEFT26__3_i_50/O
                         net (fo=1, routed)           0.015    30.476    design_2_i/llama_engine_axi_0/U0/u_engine/u_sw/SHIFT_LEFT26__3_i_50_n_0
    SLICE_X39Y46         CARRY8 (Prop_CARRY8_SLICEM_S[4]_CO[7])
                                                      0.198    30.674 r  design_2_i/llama_engine_axi_0/U0/u_engine/u_sw/SHIFT_LEFT26__3_i_4/CO[7]
                         net (fo=1, routed)           0.028    30.702    design_2_i/llama_engine_axi_0/U0/u_engine/u_sw/SHIFT_LEFT26__3_i_4_n_0
    SLICE_X39Y47         CARRY8 (Prop_CARRY8_SLICEM_CI_CO[7])
                                                      0.023    30.725 r  design_2_i/llama_engine_axi_0/U0/u_engine/u_sw/SHIFT_LEFT26__3_i_3/CO[7]
                         net (fo=1, routed)           0.028    30.753    design_2_i/llama_engine_axi_0/U0/u_engine/u_sw/SHIFT_LEFT26__3_i_3_n_0
    SLICE_X39Y48         CARRY8 (Prop_CARRY8_SLICEM_CI_CO[7])
                                                      0.023    30.776 r  design_2_i/llama_engine_axi_0/U0/u_engine/u_sw/SHIFT_LEFT26__3_i_2/CO[7]
                         net (fo=1, routed)           0.028    30.804    design_2_i/llama_engine_axi_0/U0/u_engine/u_sw/SHIFT_LEFT26__3_i_2_n_0
    SLICE_X39Y49         CARRY8 (Prop_CARRY8_SLICEM_CI_CO[7])
                                                      0.023    30.827 r  design_2_i/llama_engine_axi_0/U0/u_engine/u_sw/SHIFT_LEFT26__3_i_22/CO[7]
                         net (fo=1, routed)           0.028    30.855    design_2_i/llama_engine_axi_0/U0/u_engine/u_sw/SHIFT_LEFT26__3_i_22_n_0
    SLICE_X39Y50         CARRY8 (Prop_CARRY8_SLICEM_CI_O[7])
                                                      0.146    31.001 f  design_2_i/llama_engine_axi_0/U0/u_engine/u_sw/SHIFT_LEFT26__3_i_1/O[7]
                         net (fo=20, routed)          1.132    32.133    design_2_i/llama_engine_axi_0/U0/u_engine/u_sw/SHIFT_LEFT26__3/B[16]
    DSP48E2_X2Y24        DSP_A_B_DATA (Prop_DSP_A_B_DATA_DSP48E2_B[16]_B2_DATA[16])
                                                      0.195    32.328 r  design_2_i/llama_engine_axi_0/U0/u_engine/u_sw/SHIFT_LEFT26__3/DSP_A_B_DATA_INST/B2_DATA[16]
                         net (fo=1, routed)           0.000    32.328    design_2_i/llama_engine_axi_0/U0/u_engine/u_sw/SHIFT_LEFT26__3/DSP_A_B_DATA.B2_DATA<16>
    DSP48E2_X2Y24        DSP_PREADD_DATA (Prop_DSP_PREADD_DATA_DSP48E2_B2_DATA[16]_B2B1[16])
                                                      0.092    32.420 r  design_2_i/llama_engine_axi_0/U0/u_engine/u_sw/SHIFT_LEFT26__3/DSP_PREADD_DATA_INST/B2B1[16]
                         net (fo=1, routed)           0.000    32.420    design_2_i/llama_engine_axi_0/U0/u_engine/u_sw/SHIFT_LEFT26__3/DSP_PREADD_DATA.B2B1<16>
    DSP48E2_X2Y24        DSP_MULTIPLIER (Prop_DSP_MULTIPLIER_DSP48E2_B2B1[16]_U[43])
                                                      0.737    33.157 f  design_2_i/llama_engine_axi_0/U0/u_engine/u_sw/SHIFT_LEFT26__3/DSP_MULTIPLIER_INST/U[43]
                         net (fo=1, routed)           0.000    33.157    design_2_i/llama_engine_axi_0/U0/u_engine/u_sw/SHIFT_LEFT26__3/DSP_MULTIPLIER.U<43>
    DSP48E2_X2Y24        DSP_M_DATA (Prop_DSP_M_DATA_DSP48E2_U[43]_U_DATA[43])
                                                      0.059    33.216 r  design_2_i/llama_engine_axi_0/U0/u_engine/u_sw/SHIFT_LEFT26__3/DSP_M_DATA_INST/U_DATA[43]
                         net (fo=1, routed)           0.000    33.216    design_2_i/llama_engine_axi_0/U0/u_engine/u_sw/SHIFT_LEFT26__3/DSP_M_DATA.U_DATA<43>
    DSP48E2_X2Y24        DSP_ALU (Prop_DSP_ALU_DSP48E2_U_DATA[43]_ALU_OUT[47])
                                                      0.699    33.915 f  design_2_i/llama_engine_axi_0/U0/u_engine/u_sw/SHIFT_LEFT26__3/DSP_ALU_INST/ALU_OUT[47]
                         net (fo=1, routed)           0.000    33.915    design_2_i/llama_engine_axi_0/U0/u_engine/u_sw/SHIFT_LEFT26__3/DSP_ALU.ALU_OUT<47>
    DSP48E2_X2Y24        DSP_OUTPUT (Prop_DSP_OUTPUT_DSP48E2_ALU_OUT[47]_PCOUT[47])
                                                      0.159    34.074 r  design_2_i/llama_engine_axi_0/U0/u_engine/u_sw/SHIFT_LEFT26__3/DSP_OUTPUT_INST/PCOUT[47]
                         net (fo=1, routed)           0.016    34.090    design_2_i/llama_engine_axi_0/U0/u_engine/u_sw/SHIFT_LEFT26__4/PCIN[47]
    DSP48E2_X2Y25        DSP_ALU (Prop_DSP_ALU_DSP48E2_PCIN[47]_ALU_OUT[2])
                                                      0.698    34.788 f  design_2_i/llama_engine_axi_0/U0/u_engine/u_sw/SHIFT_LEFT26__4/DSP_ALU_INST/ALU_OUT[2]
                         net (fo=1, routed)           0.000    34.788    design_2_i/llama_engine_axi_0/U0/u_engine/u_sw/SHIFT_LEFT26__4/DSP_ALU.ALU_OUT<2>
    DSP48E2_X2Y25        DSP_OUTPUT (Prop_DSP_OUTPUT_DSP48E2_ALU_OUT[2]_P[2])
                                                      0.141    34.929 r  design_2_i/llama_engine_axi_0/U0/u_engine/u_sw/SHIFT_LEFT26__4/DSP_OUTPUT_INST/P[2]
                         net (fo=1, routed)           0.451    35.380    design_2_i/llama_engine_axi_0/U0/u_engine/u_sw/SHIFT_LEFT26__4_n_103
    SLICE_X26Y55         LUT2 (Prop_E6LUT_SLICEL_I1_O)
                                                      0.148    35.528 r  design_2_i/llama_engine_axi_0/U0/u_engine/u_sw/o_wdata[27]_i_5/O
                         net (fo=1, routed)           0.008    35.536    design_2_i/llama_engine_axi_0/U0/u_engine/u_sw/o_wdata[27]_i_5_n_0
    SLICE_X26Y55         CARRY8 (Prop_CARRY8_SLICEL_S[4]_CO[7])
                                                      0.195    35.731 r  design_2_i/llama_engine_axi_0/U0/u_engine/u_sw/o_wdata_reg[27]_i_1/CO[7]
                         net (fo=1, routed)           0.028    35.759    design_2_i/llama_engine_axi_0/U0/u_engine/u_sw/o_wdata_reg[27]_i_1_n_0
    SLICE_X26Y56         CARRY8 (Prop_CARRY8_SLICEL_CI_O[1])
                                                      0.097    35.856 r  design_2_i/llama_engine_axi_0/U0/u_engine/u_sw/o_wdata_reg[30]_i_1/O[1]
                         net (fo=1, routed)           0.031    35.887    design_2_i/llama_engine_axi_0/U0/u_engine/u_sw/o_wdata_reg[30]_i_1_n_14
    SLICE_X26Y56         FDRE                                         r  design_2_i/llama_engine_axi_0/U0/u_engine/u_sw/o_wdata_reg[29]/D
  -------------------------------------------------------------------    -------------------

                         (clock clk_pl_0 rise edge)
                                                    337.503   337.503 r  
    PS8_X0Y0             PS8                          0.000   337.503 r  design_2_i/zynq_ultra_ps_e_0/inst/PS8_i/PLCLK[0]
                         net (fo=1, routed)           0.140   337.643    design_2_i/zynq_ultra_ps_e_0/inst/pl_clk_unbuffered[0]
    BUFG_PS_X0Y58        BUFG_PS (Prop_BUFG_PS_I_O)
                                                      0.027   337.670 r  design_2_i/zynq_ultra_ps_e_0/inst/buffer_pl_clk_0.PL_CLK_0_BUFG/O
    X0Y1 (CLOCK_ROOT)    net (fo=56092, routed)       1.575   339.245    design_2_i/llama_engine_axi_0/U0/u_engine/u_sw/clk
    SLICE_X26Y56         FDRE                                         r  design_2_i/llama_engine_axi_0/U0/u_engine/u_sw/o_wdata_reg[29]/C
                         clock pessimism              0.107   339.352    
                         clock uncertainty           -0.876   338.476    
    SLICE_X26Y56         FDRE (Setup_BFF_SLICEL_C_D)
                                                      0.027   338.503    design_2_i/llama_engine_axi_0/U0/u_engine/u_sw/o_wdata_reg[29]
  -------------------------------------------------------------------
                         required time                        338.503    
                         arrival time                         -35.887    
  -------------------------------------------------------------------
                         slack                                302.616    

Slack (MET) :             302.626ns  (required time - arrival time)
  Source:                 design_2_i/llama_engine_axi_0/U0/u_engine/u_sw/idx_reg[3]/C
                            (rising edge-triggered cell FDRE clocked by clk_pl_0  {rise@0.000ns fall@168.751ns period=337.503ns})
  Destination:            design_2_i/llama_engine_axi_0/U0/u_engine/u_sw/o_wdata_reg[30]/D
                            (rising edge-triggered cell FDRE clocked by clk_pl_0  {rise@0.000ns fall@168.751ns period=337.503ns})
  Path Group:             clk_pl_0
  Path Type:              Setup (Max at Slow Process Corner)
  Requirement:            337.503ns  (clk_pl_0 rise@337.503ns - clk_pl_0 rise@0.000ns)
  Data Path Delay:        33.806ns  (logic 14.827ns (43.859%)  route 18.979ns (56.141%))
  Logic Levels:           75  (CARRY8=27 DSP_A_B_DATA=3 DSP_ALU=7 DSP_M_DATA=3 DSP_MULTIPLIER=3 DSP_OUTPUT=7 DSP_PREADD_DATA=3 LUT1=1 LUT2=4 LUT3=2 LUT4=1 LUT5=4 LUT6=9 MUXF8=1)
  Clock Path Skew:        -0.222ns (DCD - SCD + CPR)
    Destination Clock Delay (DCD):    1.742ns = ( 339.245 - 337.503 ) 
    Source Clock Delay      (SCD):    2.071ns
    Clock Pessimism Removal (CPR):    0.107ns
  Clock Uncertainty:      0.876ns  ((TSJ^2 + DJ^2)^1/2) / 2 + PE
    Total System Jitter     (TSJ):    0.071ns
    Discrete Jitter          (DJ):    1.750ns
    Phase Error              (PE):    0.000ns
  Clock Net Delay (Source):      1.864ns (routing 0.638ns, distribution 1.226ns)
  Clock Net Delay (Destination): 1.575ns (routing 0.576ns, distribution 0.999ns)

    Location             Delay type                Incr(ns)  Path(ns)    Netlist Resource(s)
  -------------------------------------------------------------------    -------------------
                         (clock clk_pl_0 rise edge)
                                                      0.000     0.000 r  
    PS8_X0Y0             PS8                          0.000     0.000 r  design_2_i/zynq_ultra_ps_e_0/inst/PS8_i/PLCLK[0]
                         net (fo=1, routed)           0.178     0.178    design_2_i/zynq_ultra_ps_e_0/inst/pl_clk_unbuffered[0]
    BUFG_PS_X0Y58        BUFG_PS (Prop_BUFG_PS_I_O)
                                                      0.029     0.207 r  design_2_i/zynq_ultra_ps_e_0/inst/buffer_pl_clk_0.PL_CLK_0_BUFG/O
    X0Y1 (CLOCK_ROOT)    net (fo=56092, routed)       1.864     2.071    design_2_i/llama_engine_axi_0/U0/u_engine/u_sw/clk
    SLICE_X31Y64         FDRE                                         r  design_2_i/llama_engine_axi_0/U0/u_engine/u_sw/idx_reg[3]/C
  -------------------------------------------------------------------    -------------------
    SLICE_X31Y64         FDRE (Prop_EFF2_SLICEM_C_Q)
                                                      0.098     2.169 r  design_2_i/llama_engine_axi_0/U0/u_engine/u_sw/idx_reg[3]/Q
                         net (fo=336, routed)         3.665     5.834    design_2_i/llama_engine_axi_0/U0/u_engine/u_sw/idx_reg_n_0_[3]
    SLICE_X47Y3          MUXF8 (Prop_F8MUX_BOT_SLICEL_S_O)
                                                      0.089     5.923 r  design_2_i/llama_engine_axi_0/U0/u_engine/u_sw/ARG__4_i_215/O
                         net (fo=1, routed)           1.013     6.936    design_2_i/llama_engine_axi_0/U0/u_engine/u_sw/ARG__4_i_215_n_0
    SLICE_X36Y36         LUT6 (Prop_C6LUT_SLICEL_I0_O)
                                                      0.174     7.110 r  design_2_i/llama_engine_axi_0/U0/u_engine/u_sw/ARG__4_i_149/O
                         net (fo=3, routed)           0.504     7.614    design_2_i/llama_engine_axi_0/U0/u_engine/u_sw/ARG__4_i_149_n_0
    SLICE_X32Y40         LUT5 (Prop_E6LUT_SLICEL_I2_O)
                                                      0.116     7.730 r  design_2_i/llama_engine_axi_0/U0/u_engine/u_sw/ARG__4_i_97/O
                         net (fo=7, routed)           0.372     8.101    design_2_i/llama_engine_axi_0/U0/u_engine/u_sw/ARG__4_i_97_n_0
    SLICE_X34Y44         LUT5 (Prop_E6LUT_SLICEM_I0_O)
                                                      0.177     8.278 r  design_2_i/llama_engine_axi_0/U0/u_engine/u_sw/ARG__4_i_351/O
                         net (fo=1, routed)           0.015     8.293    design_2_i/llama_engine_axi_0/U0/u_engine/u_sw/ARG__4_i_351_n_0
    SLICE_X34Y44         CARRY8 (Prop_CARRY8_SLICEM_S[4]_CO[7])
                                                      0.198     8.491 r  design_2_i/llama_engine_axi_0/U0/u_engine/u_sw/ARG__4_i_202/CO[7]
                         net (fo=1, routed)           0.028     8.519    design_2_i/llama_engine_axi_0/U0/u_engine/u_sw/ARG__4_i_202_n_0
    SLICE_X34Y45         CARRY8 (Prop_CARRY8_SLICEM_CI_CO[7])
                                                      0.023     8.542 r  design_2_i/llama_engine_axi_0/U0/u_engine/u_sw/ARG__4_i_201/CO[7]
                         net (fo=1, routed)           0.028     8.570    design_2_i/llama_engine_axi_0/U0/u_engine/u_sw/ARG__4_i_201_n_0
    SLICE_X34Y46         CARRY8 (Prop_CARRY8_SLICEM_CI_CO[7])
                                                      0.023     8.593 r  design_2_i/llama_engine_axi_0/U0/u_engine/u_sw/ARG__4_i_199/CO[7]
                         net (fo=1, routed)           0.028     8.621    design_2_i/llama_engine_axi_0/U0/u_engine/u_sw/ARG__4_i_199_n_0
    SLICE_X34Y47         CARRY8 (Prop_CARRY8_SLICEM_CI_CO[7])
                                                      0.023     8.644 r  design_2_i/llama_engine_axi_0/U0/u_engine/u_sw/ARG__4_i_200/CO[7]
                         net (fo=1, routed)           0.028     8.672    design_2_i/llama_engine_axi_0/U0/u_engine/u_sw/ARG__4_i_200_n_0
    SLICE_X34Y48         CARRY8 (Prop_CARRY8_SLICEM_CI_CO[7])
                                                      0.023     8.695 r  design_2_i/llama_engine_axi_0/U0/u_engine/u_sw/SHIFT_LEFT26_i_391/CO[7]
                         net (fo=1, routed)           0.028     8.723    design_2_i/llama_engine_axi_0/U0/u_engine/u_sw/SHIFT_LEFT26_i_391_n_0
    SLICE_X34Y49         CARRY8 (Prop_CARRY8_SLICEM_CI_CO[7])
                                                      0.023     8.746 r  design_2_i/llama_engine_axi_0/U0/u_engine/u_sw/SHIFT_LEFT26_i_222/CO[7]
                         net (fo=1, routed)           0.028     8.774    design_2_i/llama_engine_axi_0/U0/u_engine/u_sw/SHIFT_LEFT26_i_222_n_0
    SLICE_X34Y50         CARRY8 (Prop_CARRY8_SLICEM_CI_CO[7])
                                                      0.023     8.797 r  design_2_i/llama_engine_axi_0/U0/u_engine/u_sw/SHIFT_LEFT26_i_73/CO[7]
                         net (fo=1, routed)           0.028     8.825    design_2_i/llama_engine_axi_0/U0/u_engine/u_sw/SHIFT_LEFT26_i_73_n_0
    SLICE_X34Y51         CARRY8 (Prop_CARRY8_SLICEM_CI_O[7])
                                                      0.146     8.971 f  design_2_i/llama_engine_axi_0/U0/u_engine/u_sw/SHIFT_LEFT26_i_33/O[7]
                         net (fo=69, routed)          0.542     9.514    design_2_i/llama_engine_axi_0/U0/u_engine/u_sw/SHIFT_LEFT26_i_33_n_8
    SLICE_X31Y48         LUT6 (Prop_F6LUT_SLICEM_I0_O)
                                                      0.113     9.627 f  design_2_i/llama_engine_axi_0/U0/u_engine/u_sw/SHIFT_LEFT26_i_460/O
                         net (fo=4, routed)           0.493    10.120    design_2_i/llama_engine_axi_0/U0/u_engine/u_sw/SHIFT_LEFT26_i_460_n_0
    SLICE_X36Y46         LUT6 (Prop_E6LUT_SLICEL_I3_O)
                                                      0.176    10.296 f  design_2_i/llama_engine_axi_0/U0/u_engine/u_sw/SHIFT_LEFT26_i_289/O
                         net (fo=2, routed)           0.497    10.793    design_2_i/llama_engine_axi_0/U0/u_engine/u_sw/SHIFT_LEFT26_i_289_n_0
    SLICE_X38Y46         LUT3 (Prop_H5LUT_SLICEL_I0_O)
                                                      0.118    10.911 f  design_2_i/llama_engine_axi_0/U0/u_engine/u_sw/SHIFT_LEFT26_i_131/O
                         net (fo=2, routed)           0.237    11.148    design_2_i/llama_engine_axi_0/U0/u_engine/u_sw/SHIFT_LEFT26_i_131_n_0
    SLICE_X38Y41         LUT5 (Prop_F6LUT_SLICEL_I0_O)
                                                      0.177    11.325 f  design_2_i/llama_engine_axi_0/U0/u_engine/u_sw/SHIFT_LEFT26__1_i_10/O
                         net (fo=1, routed)           0.397    11.722    design_2_i/llama_engine_axi_0/U0/u_engine/u_sw/SHIFT_LEFT26__1_i_10_n_0
    SLICE_X37Y39         LUT6 (Prop_G6LUT_SLICEM_I0_O)
                                                      0.100    11.822 f  design_2_i/llama_engine_axi_0/U0/u_engine/u_sw/SHIFT_LEFT26__1_i_1/O
                         net (fo=6, routed)           0.167    11.990    design_2_i/llama_engine_axi_0/U0/u_engine/u_sw/z_q[16]
    SLICE_X37Y42         LUT1 (Prop_B6LUT_SLICEM_I0_O)
                                                      0.063    12.053 r  design_2_i/llama_engine_axi_0/U0/u_engine/u_sw/ARG_i_121/O
                         net (fo=1, routed)           0.018    12.071    design_2_i/llama_engine_axi_0/U0/u_engine/u_sw/ARG_i_121_n_0
    SLICE_X37Y42         CARRY8 (Prop_CARRY8_SLICEM_S[1]_CO[7])
                                                      0.238    12.309 r  design_2_i/llama_engine_axi_0/U0/u_engine/u_sw/ARG_i_52/CO[7]
                         net (fo=1, routed)           0.028    12.337    design_2_i/llama_engine_axi_0/U0/u_engine/u_sw/ARG_i_52_n_0
    SLICE_X37Y43         CARRY8 (Prop_CARRY8_SLICEM_CI_CO[7])
                                                      0.023    12.360 r  design_2_i/llama_engine_axi_0/U0/u_engine/u_sw/ARG_i_110/CO[7]
                         net (fo=1, routed)           0.028    12.388    design_2_i/llama_engine_axi_0/U0/u_engine/u_sw/ARG_i_110_n_0
    SLICE_X37Y44         CARRY8 (Prop_CARRY8_SLICEM_CI_CO[1])
                                                      0.055    12.443 r  design_2_i/llama_engine_axi_0/U0/u_engine/u_sw/ARG_i_33/CO[1]
                         net (fo=131, routed)         1.034    13.476    design_2_i/llama_engine_axi_0/U0/u_engine/u_sw/ARG_i_33_n_6
    SLICE_X38Y45         CARRY8 (Prop_CARRY8_SLICEL_S[0]_CO[3])
                                                      0.230    13.706 r  design_2_i/llama_engine_axi_0/U0/u_engine/u_sw/ARG_i_53/CO[3]
                         net (fo=123, routed)         0.304    14.010    design_2_i/llama_engine_axi_0/U0/u_engine/u_sw/k1
    SLICE_X39Y41         LUT6 (Prop_H6LUT_SLICEM_I4_O)
                                                      0.151    14.161 r  design_2_i/llama_engine_axi_0/U0/u_engine/u_sw/ARG__2_i_35/O
                         net (fo=661, routed)         2.075    16.236    design_2_i/llama_engine_axi_0/U0/u_engine/u_sw/k[4]
    SLICE_X48Y99         LUT6 (Prop_G6LUT_SLICEM_I1_O)
                                                      0.064    16.300 r  design_2_i/llama_engine_axi_0/U0/u_engine/u_sw/ARG__1_i_139/O
                         net (fo=1, routed)           0.179    16.479    design_2_i/llama_engine_axi_0/U0/u_engine/u_sw/ARG__1_i_139_n_0
    SLICE_X48Y99         LUT6 (Prop_E6LUT_SLICEM_I1_O)
                                                      0.063    16.542 r  design_2_i/llama_engine_axi_0/U0/u_engine/u_sw/ARG__1_i_42/O
                         net (fo=1, routed)           0.550    17.092    design_2_i/llama_engine_axi_0/U0/u_engine/u_sw/ARG__1_i_42_n_0
    SLICE_X45Y98         LUT6 (Prop_B6LUT_SLICEM_I1_O)
                                                      0.039    17.131 r  design_2_i/llama_engine_axi_0/U0/u_engine/u_sw/ARG__1_i_5/O
                         net (fo=2, routed)           0.831    17.962    design_2_i/llama_engine_axi_0/U0/u_engine/u_sw/ARG__1_i_5_n_0
    SLICE_X44Y49         LUT6 (Prop_F6LUT_SLICEL_I0_O)
                                                      0.114    18.076 r  design_2_i/llama_engine_axi_0/U0/u_engine/u_sw/ARG__1_i_13/O
                         net (fo=1, routed)           0.012    18.088    design_2_i/llama_engine_axi_0/U0/u_engine/u_sw/ARG__1_i_13_n_0
    SLICE_X44Y49         CARRY8 (Prop_CARRY8_SLICEL_S[5]_CO[7])
                                                      0.197    18.285 r  design_2_i/llama_engine_axi_0/U0/u_engine/u_sw/ARG__1_i_1/CO[7]
                         net (fo=1, routed)           0.028    18.313    design_2_i/llama_engine_axi_0/U0/u_engine/u_sw/ARG__1_i_1_n_0
    SLICE_X44Y50         CARRY8 (Prop_CARRY8_SLICEL_CI_O[0])
                                                      0.072    18.385 f  design_2_i/llama_engine_axi_0/U0/u_engine/u_sw/ARG_i_2/O[0]
                         net (fo=4, routed)           0.484    18.870    design_2_i/llama_engine_axi_0/U0/u_engine/u_sw/ARG__1/A[16]
    DSP48E2_X3Y20        DSP_A_B_DATA (Prop_DSP_A_B_DATA_DSP48E2_A[16]_A2_DATA[16])
                                                      0.241    19.111 r  design_2_i/llama_engine_axi_0/U0/u_engine/u_sw/ARG__1/DSP_A_B_DATA_INST/A2_DATA[16]
                         net (fo=1, routed)           0.000    19.111    design_2_i/llama_engine_axi_0/U0/u_engine/u_sw/ARG__1/DSP_A_B_DATA.A2_DATA<16>
    DSP48E2_X3Y20        DSP_PREADD_DATA (Prop_DSP_PREADD_DATA_DSP48E2_A2_DATA[16]_A2A1[16])
                                                      0.098    19.209 r  design_2_i/llama_engine_axi_0/U0/u_engine/u_sw/ARG__1/DSP_PREADD_DATA_INST/A2A1[16]
                         net (fo=1, routed)           0.000    19.209    design_2_i/llama_engine_axi_0/U0/u_engine/u_sw/ARG__1/DSP_PREADD_DATA.A2A1<16>
    DSP48E2_X3Y20        DSP_MULTIPLIER (Prop_DSP_MULTIPLIER_DSP48E2_A2A1[16]_U[36])
                                                      0.647    19.856 f  design_2_i/llama_engine_axi_0/U0/u_engine/u_sw/ARG__1/DSP_MULTIPLIER_INST/U[36]
                         net (fo=1, routed)           0.000    19.856    design_2_i/llama_engine_axi_0/U0/u_engine/u_sw/ARG__1/DSP_MULTIPLIER.U<36>
    DSP48E2_X3Y20        DSP_M_DATA (Prop_DSP_M_DATA_DSP48E2_U[36]_U_DATA[36])
                                                      0.059    19.915 r  design_2_i/llama_engine_axi_0/U0/u_engine/u_sw/ARG__1/DSP_M_DATA_INST/U_DATA[36]
                         net (fo=1, routed)           0.000    19.915    design_2_i/llama_engine_axi_0/U0/u_engine/u_sw/ARG__1/DSP_M_DATA.U_DATA<36>
    DSP48E2_X3Y20        DSP_ALU (Prop_DSP_ALU_DSP48E2_U_DATA[36]_ALU_OUT[47])
                                                      0.699    20.614 f  design_2_i/llama_engine_axi_0/U0/u_engine/u_sw/ARG__1/DSP_ALU_INST/ALU_OUT[47]
                         net (fo=1, routed)           0.000    20.614    design_2_i/llama_engine_axi_0/U0/u_engine/u_sw/ARG__1/DSP_ALU.ALU_OUT<47>
    DSP48E2_X3Y20        DSP_OUTPUT (Prop_DSP_OUTPUT_DSP48E2_ALU_OUT[47]_PCOUT[47])
                                                      0.159    20.773 r  design_2_i/llama_engine_axi_0/U0/u_engine/u_sw/ARG__1/DSP_OUTPUT_INST/PCOUT[47]
                         net (fo=1, routed)           0.016    20.789    design_2_i/llama_engine_axi_0/U0/u_engine/u_sw/ARG__2/PCIN[47]
    DSP48E2_X3Y21        DSP_ALU (Prop_DSP_ALU_DSP48E2_PCIN[47]_ALU_OUT[47])
                                                      0.698    21.487 f  design_2_i/llama_engine_axi_0/U0/u_engine/u_sw/ARG__2/DSP_ALU_INST/ALU_OUT[47]
                         net (fo=1, routed)           0.000    21.487    design_2_i/llama_engine_axi_0/U0/u_engine/u_sw/ARG__2/DSP_ALU.ALU_OUT<47>
    DSP48E2_X3Y21        DSP_OUTPUT (Prop_DSP_OUTPUT_DSP48E2_ALU_OUT[47]_PCOUT[47])
                                                      0.159    21.646 r  design_2_i/llama_engine_axi_0/U0/u_engine/u_sw/ARG__2/DSP_OUTPUT_INST/PCOUT[47]
                         net (fo=1, routed)           0.042    21.688    design_2_i/llama_engine_axi_0/U0/u_engine/u_sw/ARG__3/PCIN[47]
    DSP48E2_X3Y22        DSP_ALU (Prop_DSP_ALU_DSP48E2_PCIN[47]_ALU_OUT[4])
                                                      0.698    22.386 f  design_2_i/llama_engine_axi_0/U0/u_engine/u_sw/ARG__3/DSP_ALU_INST/ALU_OUT[4]
                         net (fo=1, routed)           0.000    22.386    design_2_i/llama_engine_axi_0/U0/u_engine/u_sw/ARG__3/DSP_ALU.ALU_OUT<4>
    DSP48E2_X3Y22        DSP_OUTPUT (Prop_DSP_OUTPUT_DSP48E2_ALU_OUT[4]_P[4])
                                                      0.141    22.527 r  design_2_i/llama_engine_axi_0/U0/u_engine/u_sw/ARG__3/DSP_OUTPUT_INST/P[4]
                         net (fo=2, routed)           0.350    22.877    design_2_i/llama_engine_axi_0/U0/u_engine/u_sw/ARG__3_n_101
    SLICE_X42Y53         LUT3 (Prop_G5LUT_SLICEM_I1_O)
                                                      0.084    22.961 r  design_2_i/llama_engine_axi_0/U0/u_engine/u_sw/SHIFT_LEFT26_i_324/O
                         net (fo=2, routed)           0.540    23.501    design_2_i/llama_engine_axi_0/U0/u_engine/u_sw/SHIFT_LEFT26_i_324_n_0
    SLICE_X42Y53         LUT4 (Prop_H6LUT_SLICEM_I3_O)
                                                      0.100    23.601 r  design_2_i/llama_engine_axi_0/U0/u_engine/u_sw/SHIFT_LEFT26_i_329/O
                         net (fo=1, routed)           0.017    23.618    design_2_i/llama_engine_axi_0/U0/u_engine/u_sw/SHIFT_LEFT26_i_329_n_0
    SLICE_X42Y53         CARRY8 (Prop_CARRY8_SLICEM_S[7]_CO[7])
                                                      0.150    23.768 r  design_2_i/llama_engine_axi_0/U0/u_engine/u_sw/SHIFT_LEFT26_i_158/CO[7]
                         net (fo=1, routed)           0.028    23.796    design_2_i/llama_engine_axi_0/U0/u_engine/u_sw/SHIFT_LEFT26_i_158_n_0
    SLICE_X42Y54         CARRY8 (Prop_CARRY8_SLICEM_CI_O[4])
                                                      0.109    23.905 r  design_2_i/llama_engine_axi_0/U0/u_engine/u_sw/SHIFT_LEFT26__0_i_17/O[4]
                         net (fo=3, routed)           0.286    24.191    design_2_i/llama_engine_axi_0/U0/u_engine/u_sw/p_0_in[49]
    SLICE_X43Y54         LUT2 (Prop_B6LUT_SLICEM_I1_O)
                                                      0.178    24.369 r  design_2_i/llama_engine_axi_0/U0/u_engine/u_sw/SHIFT_LEFT26__0_i_24/O
                         net (fo=1, routed)           0.018    24.387    design_2_i/llama_engine_axi_0/U0/u_engine/u_sw/SHIFT_LEFT26__0_i_24_n_0
    SLICE_X43Y54         CARRY8 (Prop_CARRY8_SLICEM_S[1]_CO[7])
                                                      0.238    24.625 r  design_2_i/llama_engine_axi_0/U0/u_engine/u_sw/SHIFT_LEFT26__0_i_15/CO[7]
                         net (fo=1, routed)           0.028    24.653    design_2_i/llama_engine_axi_0/U0/u_engine/u_sw/SHIFT_LEFT26__0_i_15_n_0
    SLICE_X43Y55         CARRY8 (Prop_CARRY8_SLICEM_CI_O[4])
                                                      0.109    24.762 f  design_2_i/llama_engine_axi_0/U0/u_engine/u_sw/SHIFT_LEFT26_i_69/O[4]
                         net (fo=2, routed)           0.345    25.107    design_2_i/llama_engine_axi_0/U0/u_engine/u_sw/SHIFT_LEFT26_i_69_n_11
    SLICE_X41Y53         LUT2 (Prop_F6LUT_SLICEL_I0_O)
                                                      0.177    25.284 r  design_2_i/llama_engine_axi_0/U0/u_engine/u_sw/SHIFT_LEFT26_i_318/O
                         net (fo=1, routed)           0.012    25.296    design_2_i/llama_engine_axi_0/U0/u_engine/u_sw/SHIFT_LEFT26_i_318_n_0
    SLICE_X41Y53         CARRY8 (Prop_CARRY8_SLICEL_S[5]_CO[7])
                                                      0.197    25.493 r  design_2_i/llama_engine_axi_0/U0/u_engine/u_sw/SHIFT_LEFT26_i_149/CO[7]
                         net (fo=1, routed)           0.028    25.521    design_2_i/llama_engine_axi_0/U0/u_engine/u_sw/SHIFT_LEFT26_i_149_n_0
    SLICE_X41Y54         CARRY8 (Prop_CARRY8_SLICEL_CI_CO[7])
                                                      0.030    25.551 r  design_2_i/llama_engine_axi_0/U0/u_engine/u_sw/SHIFT_LEFT26_i_67/CO[7]
                         net (fo=31, routed)          0.504    26.056    design_2_i/llama_engine_axi_0/U0/u_engine/u_sw/sigmoid_q1
    SLICE_X40Y43         LUT5 (Prop_F6LUT_SLICEM_I1_O)
                                                      0.177    26.233 f  design_2_i/llama_engine_axi_0/U0/u_engine/u_sw/SHIFT_LEFT26_i_30/O
                         net (fo=2, routed)           0.522    26.755    design_2_i/llama_engine_axi_0/U0/u_engine/u_sw/SHIFT_LEFT26__1/B[2]
    DSP48E2_X3Y18        DSP_A_B_DATA (Prop_DSP_A_B_DATA_DSP48E2_B[2]_B2_DATA[2])
                                                      0.195    26.950 r  design_2_i/llama_engine_axi_0/U0/u_engine/u_sw/SHIFT_LEFT26__1/DSP_A_B_DATA_INST/B2_DATA[2]
                         net (fo=1, routed)           0.000    26.950    design_2_i/llama_engine_axi_0/U0/u_engine/u_sw/SHIFT_LEFT26__1/DSP_A_B_DATA.B2_DATA<2>
    DSP48E2_X3Y18        DSP_PREADD_DATA (Prop_DSP_PREADD_DATA_DSP48E2_B2_DATA[2]_B2B1[2])
                                                      0.092    27.042 r  design_2_i/llama_engine_axi_0/U0/u_engine/u_sw/SHIFT_LEFT26__1/DSP_PREADD_DATA_INST/B2B1[2]
                         net (fo=1, routed)           0.000    27.042    design_2_i/llama_engine_axi_0/U0/u_engine/u_sw/SHIFT_LEFT26__1/DSP_PREADD_DATA.B2B1<2>
    DSP48E2_X3Y18        DSP_MULTIPLIER (Prop_DSP_MULTIPLIER_DSP48E2_B2B1[2]_U[33])
                                                      0.737    27.779 f  design_2_i/llama_engine_axi_0/U0/u_engine/u_sw/SHIFT_LEFT26__1/DSP_MULTIPLIER_INST/U[33]
                         net (fo=1, routed)           0.000    27.779    design_2_i/llama_engine_axi_0/U0/u_engine/u_sw/SHIFT_LEFT26__1/DSP_MULTIPLIER.U<33>
    DSP48E2_X3Y18        DSP_M_DATA (Prop_DSP_M_DATA_DSP48E2_U[33]_U_DATA[33])
                                                      0.059    27.838 r  design_2_i/llama_engine_axi_0/U0/u_engine/u_sw/SHIFT_LEFT26__1/DSP_M_DATA_INST/U_DATA[33]
                         net (fo=1, routed)           0.000    27.838    design_2_i/llama_engine_axi_0/U0/u_engine/u_sw/SHIFT_LEFT26__1/DSP_M_DATA.U_DATA<33>
    DSP48E2_X3Y18        DSP_ALU (Prop_DSP_ALU_DSP48E2_U_DATA[33]_ALU_OUT[47])
                                                      0.699    28.537 f  design_2_i/llama_engine_axi_0/U0/u_engine/u_sw/SHIFT_LEFT26__1/DSP_ALU_INST/ALU_OUT[47]
                         net (fo=1, routed)           0.000    28.537    design_2_i/llama_engine_axi_0/U0/u_engine/u_sw/SHIFT_LEFT26__1/DSP_ALU.ALU_OUT<47>
    DSP48E2_X3Y18        DSP_OUTPUT (Prop_DSP_OUTPUT_DSP48E2_ALU_OUT[47]_PCOUT[47])
                                                      0.159    28.696 r  design_2_i/llama_engine_axi_0/U0/u_engine/u_sw/SHIFT_LEFT26__1/DSP_OUTPUT_INST/PCOUT[47]
                         net (fo=1, routed)           0.016    28.712    design_2_i/llama_engine_axi_0/U0/u_engine/u_sw/SHIFT_LEFT26__2/PCIN[47]
    DSP48E2_X3Y19        DSP_ALU (Prop_DSP_ALU_DSP48E2_PCIN[47]_ALU_OUT[11])
                                                      0.698    29.410 f  design_2_i/llama_engine_axi_0/U0/u_engine/u_sw/SHIFT_LEFT26__2/DSP_ALU_INST/ALU_OUT[11]
                         net (fo=1, routed)           0.000    29.410    design_2_i/llama_engine_axi_0/U0/u_engine/u_sw/SHIFT_LEFT26__2/DSP_ALU.ALU_OUT<11>
    DSP48E2_X3Y19        DSP_OUTPUT (Prop_DSP_OUTPUT_DSP48E2_ALU_OUT[11]_P[11])
                                                      0.141    29.551 r  design_2_i/llama_engine_axi_0/U0/u_engine/u_sw/SHIFT_LEFT26__2/DSP_OUTPUT_INST/P[11]
                         net (fo=2, routed)           0.762    30.313    design_2_i/llama_engine_axi_0/U0/u_engine/u_sw/SHIFT_LEFT26__2_n_94
    SLICE_X39Y46         LUT2 (Prop_E6LUT_SLICEM_I0_O)
                                                      0.148    30.461 r  design_2_i/llama_engine_axi_0/U0/u_engine/u_sw/SHIFT_LEFT26__3_i_50/O
                         net (fo=1, routed)           0.015    30.476    design_2_i/llama_engine_axi_0/U0/u_engine/u_sw/SHIFT_LEFT26__3_i_50_n_0
    SLICE_X39Y46         CARRY8 (Prop_CARRY8_SLICEM_S[4]_CO[7])
                                                      0.198    30.674 r  design_2_i/llama_engine_axi_0/U0/u_engine/u_sw/SHIFT_LEFT26__3_i_4/CO[7]
                         net (fo=1, routed)           0.028    30.702    design_2_i/llama_engine_axi_0/U0/u_engine/u_sw/SHIFT_LEFT26__3_i_4_n_0
    SLICE_X39Y47         CARRY8 (Prop_CARRY8_SLICEM_CI_CO[7])
                                                      0.023    30.725 r  design_2_i/llama_engine_axi_0/U0/u_engine/u_sw/SHIFT_LEFT26__3_i_3/CO[7]
                         net (fo=1, routed)           0.028    30.753    design_2_i/llama_engine_axi_0/U0/u_engine/u_sw/SHIFT_LEFT26__3_i_3_n_0
    SLICE_X39Y48         CARRY8 (Prop_CARRY8_SLICEM_CI_CO[7])
                                                      0.023    30.776 r  design_2_i/llama_engine_axi_0/U0/u_engine/u_sw/SHIFT_LEFT26__3_i_2/CO[7]
                         net (fo=1, routed)           0.028    30.804    design_2_i/llama_engine_axi_0/U0/u_engine/u_sw/SHIFT_LEFT26__3_i_2_n_0
    SLICE_X39Y49         CARRY8 (Prop_CARRY8_SLICEM_CI_CO[7])
                                                      0.023    30.827 r  design_2_i/llama_engine_axi_0/U0/u_engine/u_sw/SHIFT_LEFT26__3_i_22/CO[7]
                         net (fo=1, routed)           0.028    30.855    design_2_i/llama_engine_axi_0/U0/u_engine/u_sw/SHIFT_LEFT26__3_i_22_n_0
    SLICE_X39Y50         CARRY8 (Prop_CARRY8_SLICEM_CI_O[7])
                                                      0.146    31.001 f  design_2_i/llama_engine_axi_0/U0/u_engine/u_sw/SHIFT_LEFT26__3_i_1/O[7]
                         net (fo=20, routed)          1.132    32.133    design_2_i/llama_engine_axi_0/U0/u_engine/u_sw/SHIFT_LEFT26__3/B[16]
    DSP48E2_X2Y24        DSP_A_B_DATA (Prop_DSP_A_B_DATA_DSP48E2_B[16]_B2_DATA[16])
                                                      0.195    32.328 r  design_2_i/llama_engine_axi_0/U0/u_engine/u_sw/SHIFT_LEFT26__3/DSP_A_B_DATA_INST/B2_DATA[16]
                         net (fo=1, routed)           0.000    32.328    design_2_i/llama_engine_axi_0/U0/u_engine/u_sw/SHIFT_LEFT26__3/DSP_A_B_DATA.B2_DATA<16>
    DSP48E2_X2Y24        DSP_PREADD_DATA (Prop_DSP_PREADD_DATA_DSP48E2_B2_DATA[16]_B2B1[16])
                                                      0.092    32.420 r  design_2_i/llama_engine_axi_0/U0/u_engine/u_sw/SHIFT_LEFT26__3/DSP_PREADD_DATA_INST/B2B1[16]
                         net (fo=1, routed)           0.000    32.420    design_2_i/llama_engine_axi_0/U0/u_engine/u_sw/SHIFT_LEFT26__3/DSP_PREADD_DATA.B2B1<16>
    DSP48E2_X2Y24        DSP_MULTIPLIER (Prop_DSP_MULTIPLIER_DSP48E2_B2B1[16]_U[43])
                                                      0.737    33.157 f  design_2_i/llama_engine_axi_0/U0/u_engine/u_sw/SHIFT_LEFT26__3/DSP_MULTIPLIER_INST/U[43]
                         net (fo=1, routed)           0.000    33.157    design_2_i/llama_engine_axi_0/U0/u_engine/u_sw/SHIFT_LEFT26__3/DSP_MULTIPLIER.U<43>
    DSP48E2_X2Y24        DSP_M_DATA (Prop_DSP_M_DATA_DSP48E2_U[43]_U_DATA[43])
                                                      0.059    33.216 r  design_2_i/llama_engine_axi_0/U0/u_engine/u_sw/SHIFT_LEFT26__3/DSP_M_DATA_INST/U_DATA[43]
                         net (fo=1, routed)           0.000    33.216    design_2_i/llama_engine_axi_0/U0/u_engine/u_sw/SHIFT_LEFT26__3/DSP_M_DATA.U_DATA<43>
    DSP48E2_X2Y24        DSP_ALU (Prop_DSP_ALU_DSP48E2_U_DATA[43]_ALU_OUT[47])
                                                      0.699    33.915 f  design_2_i/llama_engine_axi_0/U0/u_engine/u_sw/SHIFT_LEFT26__3/DSP_ALU_INST/ALU_OUT[47]
                         net (fo=1, routed)           0.000    33.915    design_2_i/llama_engine_axi_0/U0/u_engine/u_sw/SHIFT_LEFT26__3/DSP_ALU.ALU_OUT<47>
    DSP48E2_X2Y24        DSP_OUTPUT (Prop_DSP_OUTPUT_DSP48E2_ALU_OUT[47]_PCOUT[47])
                                                      0.159    34.074 r  design_2_i/llama_engine_axi_0/U0/u_engine/u_sw/SHIFT_LEFT26__3/DSP_OUTPUT_INST/PCOUT[47]
                         net (fo=1, routed)           0.016    34.090    design_2_i/llama_engine_axi_0/U0/u_engine/u_sw/SHIFT_LEFT26__4/PCIN[47]
    DSP48E2_X2Y25        DSP_ALU (Prop_DSP_ALU_DSP48E2_PCIN[47]_ALU_OUT[2])
                                                      0.698    34.788 f  design_2_i/llama_engine_axi_0/U0/u_engine/u_sw/SHIFT_LEFT26__4/DSP_ALU_INST/ALU_OUT[2]
                         net (fo=1, routed)           0.000    34.788    design_2_i/llama_engine_axi_0/U0/u_engine/u_sw/SHIFT_LEFT26__4/DSP_ALU.ALU_OUT<2>
    DSP48E2_X2Y25        DSP_OUTPUT (Prop_DSP_OUTPUT_DSP48E2_ALU_OUT[2]_P[2])
                                                      0.141    34.929 r  design_2_i/llama_engine_axi_0/U0/u_engine/u_sw/SHIFT_LEFT26__4/DSP_OUTPUT_INST/P[2]
                         net (fo=1, routed)           0.451    35.380    design_2_i/llama_engine_axi_0/U0/u_engine/u_sw/SHIFT_LEFT26__4_n_103
    SLICE_X26Y55         LUT2 (Prop_E6LUT_SLICEL_I1_O)
                                                      0.148    35.528 r  design_2_i/llama_engine_axi_0/U0/u_engine/u_sw/o_wdata[27]_i_5/O
                         net (fo=1, routed)           0.008    35.536    design_2_i/llama_engine_axi_0/U0/u_engine/u_sw/o_wdata[27]_i_5_n_0
    SLICE_X26Y55         CARRY8 (Prop_CARRY8_SLICEL_S[4]_CO[7])
                                                      0.195    35.731 r  design_2_i/llama_engine_axi_0/U0/u_engine/u_sw/o_wdata_reg[27]_i_1/CO[7]
                         net (fo=1, routed)           0.028    35.759    design_2_i/llama_engine_axi_0/U0/u_engine/u_sw/o_wdata_reg[27]_i_1_n_0
    SLICE_X26Y56         CARRY8 (Prop_CARRY8_SLICEL_CI_O[2])
                                                      0.086    35.845 r  design_2_i/llama_engine_axi_0/U0/u_engine/u_sw/o_wdata_reg[30]_i_1/O[2]
                         net (fo=1, routed)           0.032    35.877    design_2_i/llama_engine_axi_0/U0/u_engine/u_sw/o_wdata_reg[30]_i_1_n_13
    SLICE_X26Y56         FDRE                                         r  design_2_i/llama_engine_axi_0/U0/u_engine/u_sw/o_wdata_reg[30]/D
  -------------------------------------------------------------------    -------------------

                         (clock clk_pl_0 rise edge)
                                                    337.503   337.503 r  
    PS8_X0Y0             PS8                          0.000   337.503 r  design_2_i/zynq_ultra_ps_e_0/inst/PS8_i/PLCLK[0]
                         net (fo=1, routed)           0.140   337.643    design_2_i/zynq_ultra_ps_e_0/inst/pl_clk_unbuffered[0]
    BUFG_PS_X0Y58        BUFG_PS (Prop_BUFG_PS_I_O)
                                                      0.027   337.670 r  design_2_i/zynq_ultra_ps_e_0/inst/buffer_pl_clk_0.PL_CLK_0_BUFG/O
    X0Y1 (CLOCK_ROOT)    net (fo=56092, routed)       1.575   339.245    design_2_i/llama_engine_axi_0/U0/u_engine/u_sw/clk
    SLICE_X26Y56         FDRE                                         r  design_2_i/llama_engine_axi_0/U0/u_engine/u_sw/o_wdata_reg[30]/C
                         clock pessimism              0.107   339.352    
                         clock uncertainty           -0.876   338.476    
    SLICE_X26Y56         FDRE (Setup_CFF_SLICEL_C_D)
                                                      0.027   338.503    design_2_i/llama_engine_axi_0/U0/u_engine/u_sw/o_wdata_reg[30]
  -------------------------------------------------------------------
                         required time                        338.503    
                         arrival time                         -35.877    
  -------------------------------------------------------------------
                         slack                                302.626    

Slack (MET) :             302.642ns  (required time - arrival time)
  Source:                 design_2_i/llama_engine_axi_0/U0/u_engine/u_sw/idx_reg[3]/C
                            (rising edge-triggered cell FDRE clocked by clk_pl_0  {rise@0.000ns fall@168.751ns period=337.503ns})
  Destination:            design_2_i/llama_engine_axi_0/U0/u_engine/u_sw/o_wdata_reg[28]/D
                            (rising edge-triggered cell FDRE clocked by clk_pl_0  {rise@0.000ns fall@168.751ns period=337.503ns})
  Path Group:             clk_pl_0
  Path Type:              Setup (Max at Slow Process Corner)
  Requirement:            337.503ns  (clk_pl_0 rise@337.503ns - clk_pl_0 rise@0.000ns)
  Data Path Delay:        33.790ns  (logic 14.813ns (43.838%)  route 18.977ns (56.162%))
  Logic Levels:           75  (CARRY8=27 DSP_A_B_DATA=3 DSP_ALU=7 DSP_M_DATA=3 DSP_MULTIPLIER=3 DSP_OUTPUT=7 DSP_PREADD_DATA=3 LUT1=1 LUT2=4 LUT3=2 LUT4=1 LUT5=4 LUT6=9 MUXF8=1)
  Clock Path Skew:        -0.222ns (DCD - SCD + CPR)
    Destination Clock Delay (DCD):    1.742ns = ( 339.245 - 337.503 ) 
    Source Clock Delay      (SCD):    2.071ns
    Clock Pessimism Removal (CPR):    0.107ns
  Clock Uncertainty:      0.876ns  ((TSJ^2 + DJ^2)^1/2) / 2 + PE
    Total System Jitter     (TSJ):    0.071ns
    Discrete Jitter          (DJ):    1.750ns
    Phase Error              (PE):    0.000ns
  Clock Net Delay (Source):      1.864ns (routing 0.638ns, distribution 1.226ns)
  Clock Net Delay (Destination): 1.575ns (routing 0.576ns, distribution 0.999ns)

    Location             Delay type                Incr(ns)  Path(ns)    Netlist Resource(s)
  -------------------------------------------------------------------    -------------------
                         (clock clk_pl_0 rise edge)
                                                      0.000     0.000 r  
    PS8_X0Y0             PS8                          0.000     0.000 r  design_2_i/zynq_ultra_ps_e_0/inst/PS8_i/PLCLK[0]
                         net (fo=1, routed)           0.178     0.178    design_2_i/zynq_ultra_ps_e_0/inst/pl_clk_unbuffered[0]
    BUFG_PS_X0Y58        BUFG_PS (Prop_BUFG_PS_I_O)
                                                      0.029     0.207 r  design_2_i/zynq_ultra_ps_e_0/inst/buffer_pl_clk_0.PL_CLK_0_BUFG/O
    X0Y1 (CLOCK_ROOT)    net (fo=56092, routed)       1.864     2.071    design_2_i/llama_engine_axi_0/U0/u_engine/u_sw/clk
    SLICE_X31Y64         FDRE                                         r  design_2_i/llama_engine_axi_0/U0/u_engine/u_sw/idx_reg[3]/C
  -------------------------------------------------------------------    -------------------
    SLICE_X31Y64         FDRE (Prop_EFF2_SLICEM_C_Q)
                                                      0.098     2.169 r  design_2_i/llama_engine_axi_0/U0/u_engine/u_sw/idx_reg[3]/Q
                         net (fo=336, routed)         3.665     5.834    design_2_i/llama_engine_axi_0/U0/u_engine/u_sw/idx_reg_n_0_[3]
    SLICE_X47Y3          MUXF8 (Prop_F8MUX_BOT_SLICEL_S_O)
                                                      0.089     5.923 r  design_2_i/llama_engine_axi_0/U0/u_engine/u_sw/ARG__4_i_215/O
                         net (fo=1, routed)           1.013     6.936    design_2_i/llama_engine_axi_0/U0/u_engine/u_sw/ARG__4_i_215_n_0
    SLICE_X36Y36         LUT6 (Prop_C6LUT_SLICEL_I0_O)
                                                      0.174     7.110 r  design_2_i/llama_engine_axi_0/U0/u_engine/u_sw/ARG__4_i_149/O
                         net (fo=3, routed)           0.504     7.614    design_2_i/llama_engine_axi_0/U0/u_engine/u_sw/ARG__4_i_149_n_0
    SLICE_X32Y40         LUT5 (Prop_E6LUT_SLICEL_I2_O)
                                                      0.116     7.730 r  design_2_i/llama_engine_axi_0/U0/u_engine/u_sw/ARG__4_i_97/O
                         net (fo=7, routed)           0.372     8.101    design_2_i/llama_engine_axi_0/U0/u_engine/u_sw/ARG__4_i_97_n_0
    SLICE_X34Y44         LUT5 (Prop_E6LUT_SLICEM_I0_O)
                                                      0.177     8.278 r  design_2_i/llama_engine_axi_0/U0/u_engine/u_sw/ARG__4_i_351/O
                         net (fo=1, routed)           0.015     8.293    design_2_i/llama_engine_axi_0/U0/u_engine/u_sw/ARG__4_i_351_n_0
    SLICE_X34Y44         CARRY8 (Prop_CARRY8_SLICEM_S[4]_CO[7])
                                                      0.198     8.491 r  design_2_i/llama_engine_axi_0/U0/u_engine/u_sw/ARG__4_i_202/CO[7]
                         net (fo=1, routed)           0.028     8.519    design_2_i/llama_engine_axi_0/U0/u_engine/u_sw/ARG__4_i_202_n_0
    SLICE_X34Y45         CARRY8 (Prop_CARRY8_SLICEM_CI_CO[7])
                                                      0.023     8.542 r  design_2_i/llama_engine_axi_0/U0/u_engine/u_sw/ARG__4_i_201/CO[7]
                         net (fo=1, routed)           0.028     8.570    design_2_i/llama_engine_axi_0/U0/u_engine/u_sw/ARG__4_i_201_n_0
    SLICE_X34Y46         CARRY8 (Prop_CARRY8_SLICEM_CI_CO[7])
                                                      0.023     8.593 r  design_2_i/llama_engine_axi_0/U0/u_engine/u_sw/ARG__4_i_199/CO[7]
                         net (fo=1, routed)           0.028     8.621    design_2_i/llama_engine_axi_0/U0/u_engine/u_sw/ARG__4_i_199_n_0
    SLICE_X34Y47         CARRY8 (Prop_CARRY8_SLICEM_CI_CO[7])
                                                      0.023     8.644 r  design_2_i/llama_engine_axi_0/U0/u_engine/u_sw/ARG__4_i_200/CO[7]
                         net (fo=1, routed)           0.028     8.672    design_2_i/llama_engine_axi_0/U0/u_engine/u_sw/ARG__4_i_200_n_0
    SLICE_X34Y48         CARRY8 (Prop_CARRY8_SLICEM_CI_CO[7])
                                                      0.023     8.695 r  design_2_i/llama_engine_axi_0/U0/u_engine/u_sw/SHIFT_LEFT26_i_391/CO[7]
                         net (fo=1, routed)           0.028     8.723    design_2_i/llama_engine_axi_0/U0/u_engine/u_sw/SHIFT_LEFT26_i_391_n_0
    SLICE_X34Y49         CARRY8 (Prop_CARRY8_SLICEM_CI_CO[7])
                                                      0.023     8.746 r  design_2_i/llama_engine_axi_0/U0/u_engine/u_sw/SHIFT_LEFT26_i_222/CO[7]
                         net (fo=1, routed)           0.028     8.774    design_2_i/llama_engine_axi_0/U0/u_engine/u_sw/SHIFT_LEFT26_i_222_n_0
    SLICE_X34Y50         CARRY8 (Prop_CARRY8_SLICEM_CI_CO[7])
                                                      0.023     8.797 r  design_2_i/llama_engine_axi_0/U0/u_engine/u_sw/SHIFT_LEFT26_i_73/CO[7]
                         net (fo=1, routed)           0.028     8.825    design_2_i/llama_engine_axi_0/U0/u_engine/u_sw/SHIFT_LEFT26_i_73_n_0
    SLICE_X34Y51         CARRY8 (Prop_CARRY8_SLICEM_CI_O[7])
                                                      0.146     8.971 f  design_2_i/llama_engine_axi_0/U0/u_engine/u_sw/SHIFT_LEFT26_i_33/O[7]
                         net (fo=69, routed)          0.542     9.514    design_2_i/llama_engine_axi_0/U0/u_engine/u_sw/SHIFT_LEFT26_i_33_n_8
    SLICE_X31Y48         LUT6 (Prop_F6LUT_SLICEM_I0_O)
                                                      0.113     9.627 f  design_2_i/llama_engine_axi_0/U0/u_engine/u_sw/SHIFT_LEFT26_i_460/O
                         net (fo=4, routed)           0.493    10.120    design_2_i/llama_engine_axi_0/U0/u_engine/u_sw/SHIFT_LEFT26_i_460_n_0
    SLICE_X36Y46         LUT6 (Prop_E6LUT_SLICEL_I3_O)
                                                      0.176    10.296 f  design_2_i/llama_engine_axi_0/U0/u_engine/u_sw/SHIFT_LEFT26_i_289/O
                         net (fo=2, routed)           0.497    10.793    design_2_i/llama_engine_axi_0/U0/u_engine/u_sw/SHIFT_LEFT26_i_289_n_0
    SLICE_X38Y46         LUT3 (Prop_H5LUT_SLICEL_I0_O)
                                                      0.118    10.911 f  design_2_i/llama_engine_axi_0/U0/u_engine/u_sw/SHIFT_LEFT26_i_131/O
                         net (fo=2, routed)           0.237    11.148    design_2_i/llama_engine_axi_0/U0/u_engine/u_sw/SHIFT_LEFT26_i_131_n_0
    SLICE_X38Y41         LUT5 (Prop_F6LUT_SLICEL_I0_O)
                                                      0.177    11.325 f  design_2_i/llama_engine_axi_0/U0/u_engine/u_sw/SHIFT_LEFT26__1_i_10/O
                         net (fo=1, routed)           0.397    11.722    design_2_i/llama_engine_axi_0/U0/u_engine/u_sw/SHIFT_LEFT26__1_i_10_n_0
    SLICE_X37Y39         LUT6 (Prop_G6LUT_SLICEM_I0_O)
                                                      0.100    11.822 f  design_2_i/llama_engine_axi_0/U0/u_engine/u_sw/SHIFT_LEFT26__1_i_1/O
                         net (fo=6, routed)           0.167    11.990    design_2_i/llama_engine_axi_0/U0/u_engine/u_sw/z_q[16]
    SLICE_X37Y42         LUT1 (Prop_B6LUT_SLICEM_I0_O)
                                                      0.063    12.053 r  design_2_i/llama_engine_axi_0/U0/u_engine/u_sw/ARG_i_121/O
                         net (fo=1, routed)           0.018    12.071    design_2_i/llama_engine_axi_0/U0/u_engine/u_sw/ARG_i_121_n_0
    SLICE_X37Y42         CARRY8 (Prop_CARRY8_SLICEM_S[1]_CO[7])
                                                      0.238    12.309 r  design_2_i/llama_engine_axi_0/U0/u_engine/u_sw/ARG_i_52/CO[7]
                         net (fo=1, routed)           0.028    12.337    design_2_i/llama_engine_axi_0/U0/u_engine/u_sw/ARG_i_52_n_0
    SLICE_X37Y43         CARRY8 (Prop_CARRY8_SLICEM_CI_CO[7])
                                                      0.023    12.360 r  design_2_i/llama_engine_axi_0/U0/u_engine/u_sw/ARG_i_110/CO[7]
                         net (fo=1, routed)           0.028    12.388    design_2_i/llama_engine_axi_0/U0/u_engine/u_sw/ARG_i_110_n_0
    SLICE_X37Y44         CARRY8 (Prop_CARRY8_SLICEM_CI_CO[1])
                                                      0.055    12.443 r  design_2_i/llama_engine_axi_0/U0/u_engine/u_sw/ARG_i_33/CO[1]
                         net (fo=131, routed)         1.034    13.476    design_2_i/llama_engine_axi_0/U0/u_engine/u_sw/ARG_i_33_n_6
    SLICE_X38Y45         CARRY8 (Prop_CARRY8_SLICEL_S[0]_CO[3])
                                                      0.230    13.706 r  design_2_i/llama_engine_axi_0/U0/u_engine/u_sw/ARG_i_53/CO[3]
                         net (fo=123, routed)         0.304    14.010    design_2_i/llama_engine_axi_0/U0/u_engine/u_sw/k1
    SLICE_X39Y41         LUT6 (Prop_H6LUT_SLICEM_I4_O)
                                                      0.151    14.161 r  design_2_i/llama_engine_axi_0/U0/u_engine/u_sw/ARG__2_i_35/O
                         net (fo=661, routed)         2.075    16.236    design_2_i/llama_engine_axi_0/U0/u_engine/u_sw/k[4]
    SLICE_X48Y99         LUT6 (Prop_G6LUT_SLICEM_I1_O)
                                                      0.064    16.300 r  design_2_i/llama_engine_axi_0/U0/u_engine/u_sw/ARG__1_i_139/O
                         net (fo=1, routed)           0.179    16.479    design_2_i/llama_engine_axi_0/U0/u_engine/u_sw/ARG__1_i_139_n_0
    SLICE_X48Y99         LUT6 (Prop_E6LUT_SLICEM_I1_O)
                                                      0.063    16.542 r  design_2_i/llama_engine_axi_0/U0/u_engine/u_sw/ARG__1_i_42/O
                         net (fo=1, routed)           0.550    17.092    design_2_i/llama_engine_axi_0/U0/u_engine/u_sw/ARG__1_i_42_n_0
    SLICE_X45Y98         LUT6 (Prop_B6LUT_SLICEM_I1_O)
                                                      0.039    17.131 r  design_2_i/llama_engine_axi_0/U0/u_engine/u_sw/ARG__1_i_5/O
                         net (fo=2, routed)           0.831    17.962    design_2_i/llama_engine_axi_0/U0/u_engine/u_sw/ARG__1_i_5_n_0
    SLICE_X44Y49         LUT6 (Prop_F6LUT_SLICEL_I0_O)
                                                      0.114    18.076 r  design_2_i/llama_engine_axi_0/U0/u_engine/u_sw/ARG__1_i_13/O
                         net (fo=1, routed)           0.012    18.088    design_2_i/llama_engine_axi_0/U0/u_engine/u_sw/ARG__1_i_13_n_0
    SLICE_X44Y49         CARRY8 (Prop_CARRY8_SLICEL_S[5]_CO[7])
                                                      0.197    18.285 r  design_2_i/llama_engine_axi_0/U0/u_engine/u_sw/ARG__1_i_1/CO[7]
                         net (fo=1, routed)           0.028    18.313    design_2_i/llama_engine_axi_0/U0/u_engine/u_sw/ARG__1_i_1_n_0
    SLICE_X44Y50         CARRY8 (Prop_CARRY8_SLICEL_CI_O[0])
                                                      0.072    18.385 f  design_2_i/llama_engine_axi_0/U0/u_engine/u_sw/ARG_i_2/O[0]
                         net (fo=4, routed)           0.484    18.870    design_2_i/llama_engine_axi_0/U0/u_engine/u_sw/ARG__1/A[16]
    DSP48E2_X3Y20        DSP_A_B_DATA (Prop_DSP_A_B_DATA_DSP48E2_A[16]_A2_DATA[16])
                                                      0.241    19.111 r  design_2_i/llama_engine_axi_0/U0/u_engine/u_sw/ARG__1/DSP_A_B_DATA_INST/A2_DATA[16]
                         net (fo=1, routed)           0.000    19.111    design_2_i/llama_engine_axi_0/U0/u_engine/u_sw/ARG__1/DSP_A_B_DATA.A2_DATA<16>
    DSP48E2_X3Y20        DSP_PREADD_DATA (Prop_DSP_PREADD_DATA_DSP48E2_A2_DATA[16]_A2A1[16])
                                                      0.098    19.209 r  design_2_i/llama_engine_axi_0/U0/u_engine/u_sw/ARG__1/DSP_PREADD_DATA_INST/A2A1[16]
                         net (fo=1, routed)           0.000    19.209    design_2_i/llama_engine_axi_0/U0/u_engine/u_sw/ARG__1/DSP_PREADD_DATA.A2A1<16>
    DSP48E2_X3Y20        DSP_MULTIPLIER (Prop_DSP_MULTIPLIER_DSP48E2_A2A1[16]_U[36])
                                                      0.647    19.856 f  design_2_i/llama_engine_axi_0/U0/u_engine/u_sw/ARG__1/DSP_MULTIPLIER_INST/U[36]
                         net (fo=1, routed)           0.000    19.856    design_2_i/llama_engine_axi_0/U0/u_engine/u_sw/ARG__1/DSP_MULTIPLIER.U<36>
    DSP48E2_X3Y20        DSP_M_DATA (Prop_DSP_M_DATA_DSP48E2_U[36]_U_DATA[36])
                                                      0.059    19.915 r  design_2_i/llama_engine_axi_0/U0/u_engine/u_sw/ARG__1/DSP_M_DATA_INST/U_DATA[36]
                         net (fo=1, routed)           0.000    19.915    design_2_i/llama_engine_axi_0/U0/u_engine/u_sw/ARG__1/DSP_M_DATA.U_DATA<36>
    DSP48E2_X3Y20        DSP_ALU (Prop_DSP_ALU_DSP48E2_U_DATA[36]_ALU_OUT[47])
                                                      0.699    20.614 f  design_2_i/llama_engine_axi_0/U0/u_engine/u_sw/ARG__1/DSP_ALU_INST/ALU_OUT[47]
                         net (fo=1, routed)           0.000    20.614    design_2_i/llama_engine_axi_0/U0/u_engine/u_sw/ARG__1/DSP_ALU.ALU_OUT<47>
    DSP48E2_X3Y20        DSP_OUTPUT (Prop_DSP_OUTPUT_DSP48E2_ALU_OUT[47]_PCOUT[47])
                                                      0.159    20.773 r  design_2_i/llama_engine_axi_0/U0/u_engine/u_sw/ARG__1/DSP_OUTPUT_INST/PCOUT[47]
                         net (fo=1, routed)           0.016    20.789    design_2_i/llama_engine_axi_0/U0/u_engine/u_sw/ARG__2/PCIN[47]
    DSP48E2_X3Y21        DSP_ALU (Prop_DSP_ALU_DSP48E2_PCIN[47]_ALU_OUT[47])
                                                      0.698    21.487 f  design_2_i/llama_engine_axi_0/U0/u_engine/u_sw/ARG__2/DSP_ALU_INST/ALU_OUT[47]
                         net (fo=1, routed)           0.000    21.487    design_2_i/llama_engine_axi_0/U0/u_engine/u_sw/ARG__2/DSP_ALU.ALU_OUT<47>
    DSP48E2_X3Y21        DSP_OUTPUT (Prop_DSP_OUTPUT_DSP48E2_ALU_OUT[47]_PCOUT[47])
                                                      0.159    21.646 r  design_2_i/llama_engine_axi_0/U0/u_engine/u_sw/ARG__2/DSP_OUTPUT_INST/PCOUT[47]
                         net (fo=1, routed)           0.042    21.688    design_2_i/llama_engine_axi_0/U0/u_engine/u_sw/ARG__3/PCIN[47]
    DSP48E2_X3Y22        DSP_ALU (Prop_DSP_ALU_DSP48E2_PCIN[47]_ALU_OUT[4])
                                                      0.698    22.386 f  design_2_i/llama_engine_axi_0/U0/u_engine/u_sw/ARG__3/DSP_ALU_INST/ALU_OUT[4]
                         net (fo=1, routed)           0.000    22.386    design_2_i/llama_engine_axi_0/U0/u_engine/u_sw/ARG__3/DSP_ALU.ALU_OUT<4>
    DSP48E2_X3Y22        DSP_OUTPUT (Prop_DSP_OUTPUT_DSP48E2_ALU_OUT[4]_P[4])
                                                      0.141    22.527 r  design_2_i/llama_engine_axi_0/U0/u_engine/u_sw/ARG__3/DSP_OUTPUT_INST/P[4]
                         net (fo=2, routed)           0.350    22.877    design_2_i/llama_engine_axi_0/U0/u_engine/u_sw/ARG__3_n_101
    SLICE_X42Y53         LUT3 (Prop_G5LUT_SLICEM_I1_O)
                                                      0.084    22.961 r  design_2_i/llama_engine_axi_0/U0/u_engine/u_sw/SHIFT_LEFT26_i_324/O
                         net (fo=2, routed)           0.540    23.501    design_2_i/llama_engine_axi_0/U0/u_engine/u_sw/SHIFT_LEFT26_i_324_n_0
    SLICE_X42Y53         LUT4 (Prop_H6LUT_SLICEM_I3_O)
                                                      0.100    23.601 r  design_2_i/llama_engine_axi_0/U0/u_engine/u_sw/SHIFT_LEFT26_i_329/O
                         net (fo=1, routed)           0.017    23.618    design_2_i/llama_engine_axi_0/U0/u_engine/u_sw/SHIFT_LEFT26_i_329_n_0
    SLICE_X42Y53         CARRY8 (Prop_CARRY8_SLICEM_S[7]_CO[7])
                                                      0.150    23.768 r  design_2_i/llama_engine_axi_0/U0/u_engine/u_sw/SHIFT_LEFT26_i_158/CO[7]
                         net (fo=1, routed)           0.028    23.796    design_2_i/llama_engine_axi_0/U0/u_engine/u_sw/SHIFT_LEFT26_i_158_n_0
    SLICE_X42Y54         CARRY8 (Prop_CARRY8_SLICEM_CI_O[4])
                                                      0.109    23.905 r  design_2_i/llama_engine_axi_0/U0/u_engine/u_sw/SHIFT_LEFT26__0_i_17/O[4]
                         net (fo=3, routed)           0.286    24.191    design_2_i/llama_engine_axi_0/U0/u_engine/u_sw/p_0_in[49]
    SLICE_X43Y54         LUT2 (Prop_B6LUT_SLICEM_I1_O)
                                                      0.178    24.369 r  design_2_i/llama_engine_axi_0/U0/u_engine/u_sw/SHIFT_LEFT26__0_i_24/O
                         net (fo=1, routed)           0.018    24.387    design_2_i/llama_engine_axi_0/U0/u_engine/u_sw/SHIFT_LEFT26__0_i_24_n_0
    SLICE_X43Y54         CARRY8 (Prop_CARRY8_SLICEM_S[1]_CO[7])
                                                      0.238    24.625 r  design_2_i/llama_engine_axi_0/U0/u_engine/u_sw/SHIFT_LEFT26__0_i_15/CO[7]
                         net (fo=1, routed)           0.028    24.653    design_2_i/llama_engine_axi_0/U0/u_engine/u_sw/SHIFT_LEFT26__0_i_15_n_0
    SLICE_X43Y55         CARRY8 (Prop_CARRY8_SLICEM_CI_O[4])
                                                      0.109    24.762 f  design_2_i/llama_engine_axi_0/U0/u_engine/u_sw/SHIFT_LEFT26_i_69/O[4]
                         net (fo=2, routed)           0.345    25.107    design_2_i/llama_engine_axi_0/U0/u_engine/u_sw/SHIFT_LEFT26_i_69_n_11
    SLICE_X41Y53         LUT2 (Prop_F6LUT_SLICEL_I0_O)
                                                      0.177    25.284 r  design_2_i/llama_engine_axi_0/U0/u_engine/u_sw/SHIFT_LEFT26_i_318/O
                         net (fo=1, routed)           0.012    25.296    design_2_i/llama_engine_axi_0/U0/u_engine/u_sw/SHIFT_LEFT26_i_318_n_0
    SLICE_X41Y53         CARRY8 (Prop_CARRY8_SLICEL_S[5]_CO[7])
                                                      0.197    25.493 r  design_2_i/llama_engine_axi_0/U0/u_engine/u_sw/SHIFT_LEFT26_i_149/CO[7]
                         net (fo=1, routed)           0.028    25.521    design_2_i/llama_engine_axi_0/U0/u_engine/u_sw/SHIFT_LEFT26_i_149_n_0
    SLICE_X41Y54         CARRY8 (Prop_CARRY8_SLICEL_CI_CO[7])
                                                      0.030    25.551 r  design_2_i/llama_engine_axi_0/U0/u_engine/u_sw/SHIFT_LEFT26_i_67/CO[7]
                         net (fo=31, routed)          0.504    26.056    design_2_i/llama_engine_axi_0/U0/u_engine/u_sw/sigmoid_q1
    SLICE_X40Y43         LUT5 (Prop_F6LUT_SLICEM_I1_O)
                                                      0.177    26.233 f  design_2_i/llama_engine_axi_0/U0/u_engine/u_sw/SHIFT_LEFT26_i_30/O
                         net (fo=2, routed)           0.522    26.755    design_2_i/llama_engine_axi_0/U0/u_engine/u_sw/SHIFT_LEFT26__1/B[2]
    DSP48E2_X3Y18        DSP_A_B_DATA (Prop_DSP_A_B_DATA_DSP48E2_B[2]_B2_DATA[2])
                                                      0.195    26.950 r  design_2_i/llama_engine_axi_0/U0/u_engine/u_sw/SHIFT_LEFT26__1/DSP_A_B_DATA_INST/B2_DATA[2]
                         net (fo=1, routed)           0.000    26.950    design_2_i/llama_engine_axi_0/U0/u_engine/u_sw/SHIFT_LEFT26__1/DSP_A_B_DATA.B2_DATA<2>
    DSP48E2_X3Y18        DSP_PREADD_DATA (Prop_DSP_PREADD_DATA_DSP48E2_B2_DATA[2]_B2B1[2])
                                                      0.092    27.042 r  design_2_i/llama_engine_axi_0/U0/u_engine/u_sw/SHIFT_LEFT26__1/DSP_PREADD_DATA_INST/B2B1[2]
                         net (fo=1, routed)           0.000    27.042    design_2_i/llama_engine_axi_0/U0/u_engine/u_sw/SHIFT_LEFT26__1/DSP_PREADD_DATA.B2B1<2>
    DSP48E2_X3Y18        DSP_MULTIPLIER (Prop_DSP_MULTIPLIER_DSP48E2_B2B1[2]_U[33])
                                                      0.737    27.779 f  design_2_i/llama_engine_axi_0/U0/u_engine/u_sw/SHIFT_LEFT26__1/DSP_MULTIPLIER_INST/U[33]
                         net (fo=1, routed)           0.000    27.779    design_2_i/llama_engine_axi_0/U0/u_engine/u_sw/SHIFT_LEFT26__1/DSP_MULTIPLIER.U<33>
    DSP48E2_X3Y18        DSP_M_DATA (Prop_DSP_M_DATA_DSP48E2_U[33]_U_DATA[33])
                                                      0.059    27.838 r  design_2_i/llama_engine_axi_0/U0/u_engine/u_sw/SHIFT_LEFT26__1/DSP_M_DATA_INST/U_DATA[33]
                         net (fo=1, routed)           0.000    27.838    design_2_i/llama_engine_axi_0/U0/u_engine/u_sw/SHIFT_LEFT26__1/DSP_M_DATA.U_DATA<33>
    DSP48E2_X3Y18        DSP_ALU (Prop_DSP_ALU_DSP48E2_U_DATA[33]_ALU_OUT[47])
                                                      0.699    28.537 f  design_2_i/llama_engine_axi_0/U0/u_engine/u_sw/SHIFT_LEFT26__1/DSP_ALU_INST/ALU_OUT[47]
                         net (fo=1, routed)           0.000    28.537    design_2_i/llama_engine_axi_0/U0/u_engine/u_sw/SHIFT_LEFT26__1/DSP_ALU.ALU_OUT<47>
    DSP48E2_X3Y18        DSP_OUTPUT (Prop_DSP_OUTPUT_DSP48E2_ALU_OUT[47]_PCOUT[47])
                                                      0.159    28.696 r  design_2_i/llama_engine_axi_0/U0/u_engine/u_sw/SHIFT_LEFT26__1/DSP_OUTPUT_INST/PCOUT[47]
                         net (fo=1, routed)           0.016    28.712    design_2_i/llama_engine_axi_0/U0/u_engine/u_sw/SHIFT_LEFT26__2/PCIN[47]
    DSP48E2_X3Y19        DSP_ALU (Prop_DSP_ALU_DSP48E2_PCIN[47]_ALU_OUT[11])
                                                      0.698    29.410 f  design_2_i/llama_engine_axi_0/U0/u_engine/u_sw/SHIFT_LEFT26__2/DSP_ALU_INST/ALU_OUT[11]
                         net (fo=1, routed)           0.000    29.410    design_2_i/llama_engine_axi_0/U0/u_engine/u_sw/SHIFT_LEFT26__2/DSP_ALU.ALU_OUT<11>
    DSP48E2_X3Y19        DSP_OUTPUT (Prop_DSP_OUTPUT_DSP48E2_ALU_OUT[11]_P[11])
                                                      0.141    29.551 r  design_2_i/llama_engine_axi_0/U0/u_engine/u_sw/SHIFT_LEFT26__2/DSP_OUTPUT_INST/P[11]
                         net (fo=2, routed)           0.762    30.313    design_2_i/llama_engine_axi_0/U0/u_engine/u_sw/SHIFT_LEFT26__2_n_94
    SLICE_X39Y46         LUT2 (Prop_E6LUT_SLICEM_I0_O)
                                                      0.148    30.461 r  design_2_i/llama_engine_axi_0/U0/u_engine/u_sw/SHIFT_LEFT26__3_i_50/O
                         net (fo=1, routed)           0.015    30.476    design_2_i/llama_engine_axi_0/U0/u_engine/u_sw/SHIFT_LEFT26__3_i_50_n_0
    SLICE_X39Y46         CARRY8 (Prop_CARRY8_SLICEM_S[4]_CO[7])
                                                      0.198    30.674 r  design_2_i/llama_engine_axi_0/U0/u_engine/u_sw/SHIFT_LEFT26__3_i_4/CO[7]
                         net (fo=1, routed)           0.028    30.702    design_2_i/llama_engine_axi_0/U0/u_engine/u_sw/SHIFT_LEFT26__3_i_4_n_0
    SLICE_X39Y47         CARRY8 (Prop_CARRY8_SLICEM_CI_CO[7])
                                                      0.023    30.725 r  design_2_i/llama_engine_axi_0/U0/u_engine/u_sw/SHIFT_LEFT26__3_i_3/CO[7]
                         net (fo=1, routed)           0.028    30.753    design_2_i/llama_engine_axi_0/U0/u_engine/u_sw/SHIFT_LEFT26__3_i_3_n_0
    SLICE_X39Y48         CARRY8 (Prop_CARRY8_SLICEM_CI_CO[7])
                                                      0.023    30.776 r  design_2_i/llama_engine_axi_0/U0/u_engine/u_sw/SHIFT_LEFT26__3_i_2/CO[7]
                         net (fo=1, routed)           0.028    30.804    design_2_i/llama_engine_axi_0/U0/u_engine/u_sw/SHIFT_LEFT26__3_i_2_n_0
    SLICE_X39Y49         CARRY8 (Prop_CARRY8_SLICEM_CI_CO[7])
                                                      0.023    30.827 r  design_2_i/llama_engine_axi_0/U0/u_engine/u_sw/SHIFT_LEFT26__3_i_22/CO[7]
                         net (fo=1, routed)           0.028    30.855    design_2_i/llama_engine_axi_0/U0/u_engine/u_sw/SHIFT_LEFT26__3_i_22_n_0
    SLICE_X39Y50         CARRY8 (Prop_CARRY8_SLICEM_CI_O[7])
                                                      0.146    31.001 f  design_2_i/llama_engine_axi_0/U0/u_engine/u_sw/SHIFT_LEFT26__3_i_1/O[7]
                         net (fo=20, routed)          1.132    32.133    design_2_i/llama_engine_axi_0/U0/u_engine/u_sw/SHIFT_LEFT26__3/B[16]
    DSP48E2_X2Y24        DSP_A_B_DATA (Prop_DSP_A_B_DATA_DSP48E2_B[16]_B2_DATA[16])
                                                      0.195    32.328 r  design_2_i/llama_engine_axi_0/U0/u_engine/u_sw/SHIFT_LEFT26__3/DSP_A_B_DATA_INST/B2_DATA[16]
                         net (fo=1, routed)           0.000    32.328    design_2_i/llama_engine_axi_0/U0/u_engine/u_sw/SHIFT_LEFT26__3/DSP_A_B_DATA.B2_DATA<16>
    DSP48E2_X2Y24        DSP_PREADD_DATA (Prop_DSP_PREADD_DATA_DSP48E2_B2_DATA[16]_B2B1[16])
                                                      0.092    32.420 r  design_2_i/llama_engine_axi_0/U0/u_engine/u_sw/SHIFT_LEFT26__3/DSP_PREADD_DATA_INST/B2B1[16]
                         net (fo=1, routed)           0.000    32.420    design_2_i/llama_engine_axi_0/U0/u_engine/u_sw/SHIFT_LEFT26__3/DSP_PREADD_DATA.B2B1<16>
    DSP48E2_X2Y24        DSP_MULTIPLIER (Prop_DSP_MULTIPLIER_DSP48E2_B2B1[16]_U[43])
                                                      0.737    33.157 f  design_2_i/llama_engine_axi_0/U0/u_engine/u_sw/SHIFT_LEFT26__3/DSP_MULTIPLIER_INST/U[43]
                         net (fo=1, routed)           0.000    33.157    design_2_i/llama_engine_axi_0/U0/u_engine/u_sw/SHIFT_LEFT26__3/DSP_MULTIPLIER.U<43>
    DSP48E2_X2Y24        DSP_M_DATA (Prop_DSP_M_DATA_DSP48E2_U[43]_U_DATA[43])
                                                      0.059    33.216 r  design_2_i/llama_engine_axi_0/U0/u_engine/u_sw/SHIFT_LEFT26__3/DSP_M_DATA_INST/U_DATA[43]
                         net (fo=1, routed)           0.000    33.216    design_2_i/llama_engine_axi_0/U0/u_engine/u_sw/SHIFT_LEFT26__3/DSP_M_DATA.U_DATA<43>
    DSP48E2_X2Y24        DSP_ALU (Prop_DSP_ALU_DSP48E2_U_DATA[43]_ALU_OUT[47])
                                                      0.699    33.915 f  design_2_i/llama_engine_axi_0/U0/u_engine/u_sw/SHIFT_LEFT26__3/DSP_ALU_INST/ALU_OUT[47]
                         net (fo=1, routed)           0.000    33.915    design_2_i/llama_engine_axi_0/U0/u_engine/u_sw/SHIFT_LEFT26__3/DSP_ALU.ALU_OUT<47>
    DSP48E2_X2Y24        DSP_OUTPUT (Prop_DSP_OUTPUT_DSP48E2_ALU_OUT[47]_PCOUT[47])
                                                      0.159    34.074 r  design_2_i/llama_engine_axi_0/U0/u_engine/u_sw/SHIFT_LEFT26__3/DSP_OUTPUT_INST/PCOUT[47]
                         net (fo=1, routed)           0.016    34.090    design_2_i/llama_engine_axi_0/U0/u_engine/u_sw/SHIFT_LEFT26__4/PCIN[47]
    DSP48E2_X2Y25        DSP_ALU (Prop_DSP_ALU_DSP48E2_PCIN[47]_ALU_OUT[2])
                                                      0.698    34.788 f  design_2_i/llama_engine_axi_0/U0/u_engine/u_sw/SHIFT_LEFT26__4/DSP_ALU_INST/ALU_OUT[2]
                         net (fo=1, routed)           0.000    34.788    design_2_i/llama_engine_axi_0/U0/u_engine/u_sw/SHIFT_LEFT26__4/DSP_ALU.ALU_OUT<2>
    DSP48E2_X2Y25        DSP_OUTPUT (Prop_DSP_OUTPUT_DSP48E2_ALU_OUT[2]_P[2])
                                                      0.141    34.929 r  design_2_i/llama_engine_axi_0/U0/u_engine/u_sw/SHIFT_LEFT26__4/DSP_OUTPUT_INST/P[2]
                         net (fo=1, routed)           0.451    35.380    design_2_i/llama_engine_axi_0/U0/u_engine/u_sw/SHIFT_LEFT26__4_n_103
    SLICE_X26Y55         LUT2 (Prop_E6LUT_SLICEL_I1_O)
                                                      0.148    35.528 r  design_2_i/llama_engine_axi_0/U0/u_engine/u_sw/o_wdata[27]_i_5/O
                         net (fo=1, routed)           0.008    35.536    design_2_i/llama_engine_axi_0/U0/u_engine/u_sw/o_wdata[27]_i_5_n_0
    SLICE_X26Y55         CARRY8 (Prop_CARRY8_SLICEL_S[4]_CO[7])
                                                      0.195    35.731 r  design_2_i/llama_engine_axi_0/U0/u_engine/u_sw/o_wdata_reg[27]_i_1/CO[7]
                         net (fo=1, routed)           0.028    35.759    design_2_i/llama_engine_axi_0/U0/u_engine/u_sw/o_wdata_reg[27]_i_1_n_0
    SLICE_X26Y56         CARRY8 (Prop_CARRY8_SLICEL_CI_O[0])
                                                      0.072    35.831 r  design_2_i/llama_engine_axi_0/U0/u_engine/u_sw/o_wdata_reg[30]_i_1/O[0]
                         net (fo=1, routed)           0.030    35.861    design_2_i/llama_engine_axi_0/U0/u_engine/u_sw/o_wdata_reg[30]_i_1_n_15
    SLICE_X26Y56         FDRE                                         r  design_2_i/llama_engine_axi_0/U0/u_engine/u_sw/o_wdata_reg[28]/D
  -------------------------------------------------------------------    -------------------

                         (clock clk_pl_0 rise edge)
                                                    337.503   337.503 r  
    PS8_X0Y0             PS8                          0.000   337.503 r  design_2_i/zynq_ultra_ps_e_0/inst/PS8_i/PLCLK[0]
                         net (fo=1, routed)           0.140   337.643    design_2_i/zynq_ultra_ps_e_0/inst/pl_clk_unbuffered[0]
    BUFG_PS_X0Y58        BUFG_PS (Prop_BUFG_PS_I_O)
                                                      0.027   337.670 r  design_2_i/zynq_ultra_ps_e_0/inst/buffer_pl_clk_0.PL_CLK_0_BUFG/O
    X0Y1 (CLOCK_ROOT)    net (fo=56092, routed)       1.575   339.245    design_2_i/llama_engine_axi_0/U0/u_engine/u_sw/clk
    SLICE_X26Y56         FDRE                                         r  design_2_i/llama_engine_axi_0/U0/u_engine/u_sw/o_wdata_reg[28]/C
                         clock pessimism              0.107   339.352    
                         clock uncertainty           -0.876   338.476    
    SLICE_X26Y56         FDRE (Setup_AFF_SLICEL_C_D)
                                                      0.027   338.503    design_2_i/llama_engine_axi_0/U0/u_engine/u_sw/o_wdata_reg[28]
  -------------------------------------------------------------------
                         required time                        338.503    
                         arrival time                         -35.861    
  -------------------------------------------------------------------
                         slack                                302.642    

Slack (MET) :             302.755ns  (required time - arrival time)
  Source:                 design_2_i/llama_engine_axi_0/U0/u_engine/u_sw/idx_reg[3]/C
                            (rising edge-triggered cell FDRE clocked by clk_pl_0  {rise@0.000ns fall@168.751ns period=337.503ns})
  Destination:            design_2_i/llama_engine_axi_0/U0/u_engine/u_sw/o_wdata_reg[27]/D
                            (rising edge-triggered cell FDRE clocked by clk_pl_0  {rise@0.000ns fall@168.751ns period=337.503ns})
  Path Group:             clk_pl_0
  Path Type:              Setup (Max at Slow Process Corner)
  Requirement:            337.503ns  (clk_pl_0 rise@337.503ns - clk_pl_0 rise@0.000ns)
  Data Path Delay:        33.686ns  (logic 14.709ns (43.665%)  route 18.977ns (56.335%))
  Logic Levels:           74  (CARRY8=26 DSP_A_B_DATA=3 DSP_ALU=7 DSP_M_DATA=3 DSP_MULTIPLIER=3 DSP_OUTPUT=7 DSP_PREADD_DATA=3 LUT1=1 LUT2=4 LUT3=2 LUT4=1 LUT5=4 LUT6=9 MUXF8=1)
  Clock Path Skew:        -0.213ns (DCD - SCD + CPR)
    Destination Clock Delay (DCD):    1.751ns = ( 339.254 - 337.503 ) 
    Source Clock Delay      (SCD):    2.071ns
    Clock Pessimism Removal (CPR):    0.107ns
  Clock Uncertainty:      0.876ns  ((TSJ^2 + DJ^2)^1/2) / 2 + PE
    Total System Jitter     (TSJ):    0.071ns
    Discrete Jitter          (DJ):    1.750ns
    Phase Error              (PE):    0.000ns
  Clock Net Delay (Source):      1.864ns (routing 0.638ns, distribution 1.226ns)
  Clock Net Delay (Destination): 1.584ns (routing 0.576ns, distribution 1.008ns)

    Location             Delay type                Incr(ns)  Path(ns)    Netlist Resource(s)
  -------------------------------------------------------------------    -------------------
                         (clock clk_pl_0 rise edge)
                                                      0.000     0.000 r  
    PS8_X0Y0             PS8                          0.000     0.000 r  design_2_i/zynq_ultra_ps_e_0/inst/PS8_i/PLCLK[0]
                         net (fo=1, routed)           0.178     0.178    design_2_i/zynq_ultra_ps_e_0/inst/pl_clk_unbuffered[0]
    BUFG_PS_X0Y58        BUFG_PS (Prop_BUFG_PS_I_O)
                                                      0.029     0.207 r  design_2_i/zynq_ultra_ps_e_0/inst/buffer_pl_clk_0.PL_CLK_0_BUFG/O
    X0Y1 (CLOCK_ROOT)    net (fo=56092, routed)       1.864     2.071    design_2_i/llama_engine_axi_0/U0/u_engine/u_sw/clk
    SLICE_X31Y64         FDRE                                         r  design_2_i/llama_engine_axi_0/U0/u_engine/u_sw/idx_reg[3]/C
  -------------------------------------------------------------------    -------------------
    SLICE_X31Y64         FDRE (Prop_EFF2_SLICEM_C_Q)
                                                      0.098     2.169 r  design_2_i/llama_engine_axi_0/U0/u_engine/u_sw/idx_reg[3]/Q
                         net (fo=336, routed)         3.665     5.834    design_2_i/llama_engine_axi_0/U0/u_engine/u_sw/idx_reg_n_0_[3]
    SLICE_X47Y3          MUXF8 (Prop_F8MUX_BOT_SLICEL_S_O)
                                                      0.089     5.923 r  design_2_i/llama_engine_axi_0/U0/u_engine/u_sw/ARG__4_i_215/O
                         net (fo=1, routed)           1.013     6.936    design_2_i/llama_engine_axi_0/U0/u_engine/u_sw/ARG__4_i_215_n_0
    SLICE_X36Y36         LUT6 (Prop_C6LUT_SLICEL_I0_O)
                                                      0.174     7.110 r  design_2_i/llama_engine_axi_0/U0/u_engine/u_sw/ARG__4_i_149/O
                         net (fo=3, routed)           0.504     7.614    design_2_i/llama_engine_axi_0/U0/u_engine/u_sw/ARG__4_i_149_n_0
    SLICE_X32Y40         LUT5 (Prop_E6LUT_SLICEL_I2_O)
                                                      0.116     7.730 r  design_2_i/llama_engine_axi_0/U0/u_engine/u_sw/ARG__4_i_97/O
                         net (fo=7, routed)           0.372     8.101    design_2_i/llama_engine_axi_0/U0/u_engine/u_sw/ARG__4_i_97_n_0
    SLICE_X34Y44         LUT5 (Prop_E6LUT_SLICEM_I0_O)
                                                      0.177     8.278 r  design_2_i/llama_engine_axi_0/U0/u_engine/u_sw/ARG__4_i_351/O
                         net (fo=1, routed)           0.015     8.293    design_2_i/llama_engine_axi_0/U0/u_engine/u_sw/ARG__4_i_351_n_0
    SLICE_X34Y44         CARRY8 (Prop_CARRY8_SLICEM_S[4]_CO[7])
                                                      0.198     8.491 r  design_2_i/llama_engine_axi_0/U0/u_engine/u_sw/ARG__4_i_202/CO[7]
                         net (fo=1, routed)           0.028     8.519    design_2_i/llama_engine_axi_0/U0/u_engine/u_sw/ARG__4_i_202_n_0
    SLICE_X34Y45         CARRY8 (Prop_CARRY8_SLICEM_CI_CO[7])
                                                      0.023     8.542 r  design_2_i/llama_engine_axi_0/U0/u_engine/u_sw/ARG__4_i_201/CO[7]
                         net (fo=1, routed)           0.028     8.570    design_2_i/llama_engine_axi_0/U0/u_engine/u_sw/ARG__4_i_201_n_0
    SLICE_X34Y46         CARRY8 (Prop_CARRY8_SLICEM_CI_CO[7])
                                                      0.023     8.593 r  design_2_i/llama_engine_axi_0/U0/u_engine/u_sw/ARG__4_i_199/CO[7]
                         net (fo=1, routed)           0.028     8.621    design_2_i/llama_engine_axi_0/U0/u_engine/u_sw/ARG__4_i_199_n_0
    SLICE_X34Y47         CARRY8 (Prop_CARRY8_SLICEM_CI_CO[7])
                                                      0.023     8.644 r  design_2_i/llama_engine_axi_0/U0/u_engine/u_sw/ARG__4_i_200/CO[7]
                         net (fo=1, routed)           0.028     8.672    design_2_i/llama_engine_axi_0/U0/u_engine/u_sw/ARG__4_i_200_n_0
    SLICE_X34Y48         CARRY8 (Prop_CARRY8_SLICEM_CI_CO[7])
                                                      0.023     8.695 r  design_2_i/llama_engine_axi_0/U0/u_engine/u_sw/SHIFT_LEFT26_i_391/CO[7]
                         net (fo=1, routed)           0.028     8.723    design_2_i/llama_engine_axi_0/U0/u_engine/u_sw/SHIFT_LEFT26_i_391_n_0
    SLICE_X34Y49         CARRY8 (Prop_CARRY8_SLICEM_CI_CO[7])
                                                      0.023     8.746 r  design_2_i/llama_engine_axi_0/U0/u_engine/u_sw/SHIFT_LEFT26_i_222/CO[7]
                         net (fo=1, routed)           0.028     8.774    design_2_i/llama_engine_axi_0/U0/u_engine/u_sw/SHIFT_LEFT26_i_222_n_0
    SLICE_X34Y50         CARRY8 (Prop_CARRY8_SLICEM_CI_CO[7])
                                                      0.023     8.797 r  design_2_i/llama_engine_axi_0/U0/u_engine/u_sw/SHIFT_LEFT26_i_73/CO[7]
                         net (fo=1, routed)           0.028     8.825    design_2_i/llama_engine_axi_0/U0/u_engine/u_sw/SHIFT_LEFT26_i_73_n_0
    SLICE_X34Y51         CARRY8 (Prop_CARRY8_SLICEM_CI_O[7])
                                                      0.146     8.971 f  design_2_i/llama_engine_axi_0/U0/u_engine/u_sw/SHIFT_LEFT26_i_33/O[7]
                         net (fo=69, routed)          0.542     9.514    design_2_i/llama_engine_axi_0/U0/u_engine/u_sw/SHIFT_LEFT26_i_33_n_8
    SLICE_X31Y48         LUT6 (Prop_F6LUT_SLICEM_I0_O)
                                                      0.113     9.627 f  design_2_i/llama_engine_axi_0/U0/u_engine/u_sw/SHIFT_LEFT26_i_460/O
                         net (fo=4, routed)           0.493    10.120    design_2_i/llama_engine_axi_0/U0/u_engine/u_sw/SHIFT_LEFT26_i_460_n_0
    SLICE_X36Y46         LUT6 (Prop_E6LUT_SLICEL_I3_O)
                                                      0.176    10.296 f  design_2_i/llama_engine_axi_0/U0/u_engine/u_sw/SHIFT_LEFT26_i_289/O
                         net (fo=2, routed)           0.497    10.793    design_2_i/llama_engine_axi_0/U0/u_engine/u_sw/SHIFT_LEFT26_i_289_n_0
    SLICE_X38Y46         LUT3 (Prop_H5LUT_SLICEL_I0_O)
                                                      0.118    10.911 f  design_2_i/llama_engine_axi_0/U0/u_engine/u_sw/SHIFT_LEFT26_i_131/O
                         net (fo=2, routed)           0.237    11.148    design_2_i/llama_engine_axi_0/U0/u_engine/u_sw/SHIFT_LEFT26_i_131_n_0
    SLICE_X38Y41         LUT5 (Prop_F6LUT_SLICEL_I0_O)
                                                      0.177    11.325 f  design_2_i/llama_engine_axi_0/U0/u_engine/u_sw/SHIFT_LEFT26__1_i_10/O
                         net (fo=1, routed)           0.397    11.722    design_2_i/llama_engine_axi_0/U0/u_engine/u_sw/SHIFT_LEFT26__1_i_10_n_0
    SLICE_X37Y39         LUT6 (Prop_G6LUT_SLICEM_I0_O)
                                                      0.100    11.822 f  design_2_i/llama_engine_axi_0/U0/u_engine/u_sw/SHIFT_LEFT26__1_i_1/O
                         net (fo=6, routed)           0.167    11.990    design_2_i/llama_engine_axi_0/U0/u_engine/u_sw/z_q[16]
    SLICE_X37Y42         LUT1 (Prop_B6LUT_SLICEM_I0_O)
                                                      0.063    12.053 r  design_2_i/llama_engine_axi_0/U0/u_engine/u_sw/ARG_i_121/O
                         net (fo=1, routed)           0.018    12.071    design_2_i/llama_engine_axi_0/U0/u_engine/u_sw/ARG_i_121_n_0
    SLICE_X37Y42         CARRY8 (Prop_CARRY8_SLICEM_S[1]_CO[7])
                                                      0.238    12.309 r  design_2_i/llama_engine_axi_0/U0/u_engine/u_sw/ARG_i_52/CO[7]
                         net (fo=1, routed)           0.028    12.337    design_2_i/llama_engine_axi_0/U0/u_engine/u_sw/ARG_i_52_n_0
    SLICE_X37Y43         CARRY8 (Prop_CARRY8_SLICEM_CI_CO[7])
                                                      0.023    12.360 r  design_2_i/llama_engine_axi_0/U0/u_engine/u_sw/ARG_i_110/CO[7]
                         net (fo=1, routed)           0.028    12.388    design_2_i/llama_engine_axi_0/U0/u_engine/u_sw/ARG_i_110_n_0
    SLICE_X37Y44         CARRY8 (Prop_CARRY8_SLICEM_CI_CO[1])
                                                      0.055    12.443 r  design_2_i/llama_engine_axi_0/U0/u_engine/u_sw/ARG_i_33/CO[1]
                         net (fo=131, routed)         1.034    13.476    design_2_i/llama_engine_axi_0/U0/u_engine/u_sw/ARG_i_33_n_6
    SLICE_X38Y45         CARRY8 (Prop_CARRY8_SLICEL_S[0]_CO[3])
                                                      0.230    13.706 r  design_2_i/llama_engine_axi_0/U0/u_engine/u_sw/ARG_i_53/CO[3]
                         net (fo=123, routed)         0.304    14.010    design_2_i/llama_engine_axi_0/U0/u_engine/u_sw/k1
    SLICE_X39Y41         LUT6 (Prop_H6LUT_SLICEM_I4_O)
                                                      0.151    14.161 r  design_2_i/llama_engine_axi_0/U0/u_engine/u_sw/ARG__2_i_35/O
                         net (fo=661, routed)         2.075    16.236    design_2_i/llama_engine_axi_0/U0/u_engine/u_sw/k[4]
    SLICE_X48Y99         LUT6 (Prop_G6LUT_SLICEM_I1_O)
                                                      0.064    16.300 r  design_2_i/llama_engine_axi_0/U0/u_engine/u_sw/ARG__1_i_139/O
                         net (fo=1, routed)           0.179    16.479    design_2_i/llama_engine_axi_0/U0/u_engine/u_sw/ARG__1_i_139_n_0
    SLICE_X48Y99         LUT6 (Prop_E6LUT_SLICEM_I1_O)
                                                      0.063    16.542 r  design_2_i/llama_engine_axi_0/U0/u_engine/u_sw/ARG__1_i_42/O
                         net (fo=1, routed)           0.550    17.092    design_2_i/llama_engine_axi_0/U0/u_engine/u_sw/ARG__1_i_42_n_0
    SLICE_X45Y98         LUT6 (Prop_B6LUT_SLICEM_I1_O)
                                                      0.039    17.131 r  design_2_i/llama_engine_axi_0/U0/u_engine/u_sw/ARG__1_i_5/O
                         net (fo=2, routed)           0.831    17.962    design_2_i/llama_engine_axi_0/U0/u_engine/u_sw/ARG__1_i_5_n_0
    SLICE_X44Y49         LUT6 (Prop_F6LUT_SLICEL_I0_O)
                                                      0.114    18.076 r  design_2_i/llama_engine_axi_0/U0/u_engine/u_sw/ARG__1_i_13/O
                         net (fo=1, routed)           0.012    18.088    design_2_i/llama_engine_axi_0/U0/u_engine/u_sw/ARG__1_i_13_n_0
    SLICE_X44Y49         CARRY8 (Prop_CARRY8_SLICEL_S[5]_CO[7])
                                                      0.197    18.285 r  design_2_i/llama_engine_axi_0/U0/u_engine/u_sw/ARG__1_i_1/CO[7]
                         net (fo=1, routed)           0.028    18.313    design_2_i/llama_engine_axi_0/U0/u_engine/u_sw/ARG__1_i_1_n_0
    SLICE_X44Y50         CARRY8 (Prop_CARRY8_SLICEL_CI_O[0])
                                                      0.072    18.385 f  design_2_i/llama_engine_axi_0/U0/u_engine/u_sw/ARG_i_2/O[0]
                         net (fo=4, routed)           0.484    18.870    design_2_i/llama_engine_axi_0/U0/u_engine/u_sw/ARG__1/A[16]
    DSP48E2_X3Y20        DSP_A_B_DATA (Prop_DSP_A_B_DATA_DSP48E2_A[16]_A2_DATA[16])
                                                      0.241    19.111 r  design_2_i/llama_engine_axi_0/U0/u_engine/u_sw/ARG__1/DSP_A_B_DATA_INST/A2_DATA[16]
                         net (fo=1, routed)           0.000    19.111    design_2_i/llama_engine_axi_0/U0/u_engine/u_sw/ARG__1/DSP_A_B_DATA.A2_DATA<16>
    DSP48E2_X3Y20        DSP_PREADD_DATA (Prop_DSP_PREADD_DATA_DSP48E2_A2_DATA[16]_A2A1[16])
                                                      0.098    19.209 r  design_2_i/llama_engine_axi_0/U0/u_engine/u_sw/ARG__1/DSP_PREADD_DATA_INST/A2A1[16]
                         net (fo=1, routed)           0.000    19.209    design_2_i/llama_engine_axi_0/U0/u_engine/u_sw/ARG__1/DSP_PREADD_DATA.A2A1<16>
    DSP48E2_X3Y20        DSP_MULTIPLIER (Prop_DSP_MULTIPLIER_DSP48E2_A2A1[16]_U[36])
                                                      0.647    19.856 f  design_2_i/llama_engine_axi_0/U0/u_engine/u_sw/ARG__1/DSP_MULTIPLIER_INST/U[36]
                         net (fo=1, routed)           0.000    19.856    design_2_i/llama_engine_axi_0/U0/u_engine/u_sw/ARG__1/DSP_MULTIPLIER.U<36>
    DSP48E2_X3Y20        DSP_M_DATA (Prop_DSP_M_DATA_DSP48E2_U[36]_U_DATA[36])
                                                      0.059    19.915 r  design_2_i/llama_engine_axi_0/U0/u_engine/u_sw/ARG__1/DSP_M_DATA_INST/U_DATA[36]
                         net (fo=1, routed)           0.000    19.915    design_2_i/llama_engine_axi_0/U0/u_engine/u_sw/ARG__1/DSP_M_DATA.U_DATA<36>
    DSP48E2_X3Y20        DSP_ALU (Prop_DSP_ALU_DSP48E2_U_DATA[36]_ALU_OUT[47])
                                                      0.699    20.614 f  design_2_i/llama_engine_axi_0/U0/u_engine/u_sw/ARG__1/DSP_ALU_INST/ALU_OUT[47]
                         net (fo=1, routed)           0.000    20.614    design_2_i/llama_engine_axi_0/U0/u_engine/u_sw/ARG__1/DSP_ALU.ALU_OUT<47>
    DSP48E2_X3Y20        DSP_OUTPUT (Prop_DSP_OUTPUT_DSP48E2_ALU_OUT[47]_PCOUT[47])
                                                      0.159    20.773 r  design_2_i/llama_engine_axi_0/U0/u_engine/u_sw/ARG__1/DSP_OUTPUT_INST/PCOUT[47]
                         net (fo=1, routed)           0.016    20.789    design_2_i/llama_engine_axi_0/U0/u_engine/u_sw/ARG__2/PCIN[47]
    DSP48E2_X3Y21        DSP_ALU (Prop_DSP_ALU_DSP48E2_PCIN[47]_ALU_OUT[47])
                                                      0.698    21.487 f  design_2_i/llama_engine_axi_0/U0/u_engine/u_sw/ARG__2/DSP_ALU_INST/ALU_OUT[47]
                         net (fo=1, routed)           0.000    21.487    design_2_i/llama_engine_axi_0/U0/u_engine/u_sw/ARG__2/DSP_ALU.ALU_OUT<47>
    DSP48E2_X3Y21        DSP_OUTPUT (Prop_DSP_OUTPUT_DSP48E2_ALU_OUT[47]_PCOUT[47])
                                                      0.159    21.646 r  design_2_i/llama_engine_axi_0/U0/u_engine/u_sw/ARG__2/DSP_OUTPUT_INST/PCOUT[47]
                         net (fo=1, routed)           0.042    21.688    design_2_i/llama_engine_axi_0/U0/u_engine/u_sw/ARG__3/PCIN[47]
    DSP48E2_X3Y22        DSP_ALU (Prop_DSP_ALU_DSP48E2_PCIN[47]_ALU_OUT[4])
                                                      0.698    22.386 f  design_2_i/llama_engine_axi_0/U0/u_engine/u_sw/ARG__3/DSP_ALU_INST/ALU_OUT[4]
                         net (fo=1, routed)           0.000    22.386    design_2_i/llama_engine_axi_0/U0/u_engine/u_sw/ARG__3/DSP_ALU.ALU_OUT<4>
    DSP48E2_X3Y22        DSP_OUTPUT (Prop_DSP_OUTPUT_DSP48E2_ALU_OUT[4]_P[4])
                                                      0.141    22.527 r  design_2_i/llama_engine_axi_0/U0/u_engine/u_sw/ARG__3/DSP_OUTPUT_INST/P[4]
                         net (fo=2, routed)           0.350    22.877    design_2_i/llama_engine_axi_0/U0/u_engine/u_sw/ARG__3_n_101
    SLICE_X42Y53         LUT3 (Prop_G5LUT_SLICEM_I1_O)
                                                      0.084    22.961 r  design_2_i/llama_engine_axi_0/U0/u_engine/u_sw/SHIFT_LEFT26_i_324/O
                         net (fo=2, routed)           0.540    23.501    design_2_i/llama_engine_axi_0/U0/u_engine/u_sw/SHIFT_LEFT26_i_324_n_0
    SLICE_X42Y53         LUT4 (Prop_H6LUT_SLICEM_I3_O)
                                                      0.100    23.601 r  design_2_i/llama_engine_axi_0/U0/u_engine/u_sw/SHIFT_LEFT26_i_329/O
                         net (fo=1, routed)           0.017    23.618    design_2_i/llama_engine_axi_0/U0/u_engine/u_sw/SHIFT_LEFT26_i_329_n_0
    SLICE_X42Y53         CARRY8 (Prop_CARRY8_SLICEM_S[7]_CO[7])
                                                      0.150    23.768 r  design_2_i/llama_engine_axi_0/U0/u_engine/u_sw/SHIFT_LEFT26_i_158/CO[7]
                         net (fo=1, routed)           0.028    23.796    design_2_i/llama_engine_axi_0/U0/u_engine/u_sw/SHIFT_LEFT26_i_158_n_0
    SLICE_X42Y54         CARRY8 (Prop_CARRY8_SLICEM_CI_O[4])
                                                      0.109    23.905 r  design_2_i/llama_engine_axi_0/U0/u_engine/u_sw/SHIFT_LEFT26__0_i_17/O[4]
                         net (fo=3, routed)           0.286    24.191    design_2_i/llama_engine_axi_0/U0/u_engine/u_sw/p_0_in[49]
    SLICE_X43Y54         LUT2 (Prop_B6LUT_SLICEM_I1_O)
                                                      0.178    24.369 r  design_2_i/llama_engine_axi_0/U0/u_engine/u_sw/SHIFT_LEFT26__0_i_24/O
                         net (fo=1, routed)           0.018    24.387    design_2_i/llama_engine_axi_0/U0/u_engine/u_sw/SHIFT_LEFT26__0_i_24_n_0
    SLICE_X43Y54         CARRY8 (Prop_CARRY8_SLICEM_S[1]_CO[7])
                                                      0.238    24.625 r  design_2_i/llama_engine_axi_0/U0/u_engine/u_sw/SHIFT_LEFT26__0_i_15/CO[7]
                         net (fo=1, routed)           0.028    24.653    design_2_i/llama_engine_axi_0/U0/u_engine/u_sw/SHIFT_LEFT26__0_i_15_n_0
    SLICE_X43Y55         CARRY8 (Prop_CARRY8_SLICEM_CI_O[4])
                                                      0.109    24.762 f  design_2_i/llama_engine_axi_0/U0/u_engine/u_sw/SHIFT_LEFT26_i_69/O[4]
                         net (fo=2, routed)           0.345    25.107    design_2_i/llama_engine_axi_0/U0/u_engine/u_sw/SHIFT_LEFT26_i_69_n_11
    SLICE_X41Y53         LUT2 (Prop_F6LUT_SLICEL_I0_O)
                                                      0.177    25.284 r  design_2_i/llama_engine_axi_0/U0/u_engine/u_sw/SHIFT_LEFT26_i_318/O
                         net (fo=1, routed)           0.012    25.296    design_2_i/llama_engine_axi_0/U0/u_engine/u_sw/SHIFT_LEFT26_i_318_n_0
    SLICE_X41Y53         CARRY8 (Prop_CARRY8_SLICEL_S[5]_CO[7])
                                                      0.197    25.493 r  design_2_i/llama_engine_axi_0/U0/u_engine/u_sw/SHIFT_LEFT26_i_149/CO[7]
                         net (fo=1, routed)           0.028    25.521    design_2_i/llama_engine_axi_0/U0/u_engine/u_sw/SHIFT_LEFT26_i_149_n_0
    SLICE_X41Y54         CARRY8 (Prop_CARRY8_SLICEL_CI_CO[7])
                                                      0.030    25.551 r  design_2_i/llama_engine_axi_0/U0/u_engine/u_sw/SHIFT_LEFT26_i_67/CO[7]
                         net (fo=31, routed)          0.504    26.056    design_2_i/llama_engine_axi_0/U0/u_engine/u_sw/sigmoid_q1
    SLICE_X40Y43         LUT5 (Prop_F6LUT_SLICEM_I1_O)
                                                      0.177    26.233 f  design_2_i/llama_engine_axi_0/U0/u_engine/u_sw/SHIFT_LEFT26_i_30/O
                         net (fo=2, routed)           0.522    26.755    design_2_i/llama_engine_axi_0/U0/u_engine/u_sw/SHIFT_LEFT26__1/B[2]
    DSP48E2_X3Y18        DSP_A_B_DATA (Prop_DSP_A_B_DATA_DSP48E2_B[2]_B2_DATA[2])
                                                      0.195    26.950 r  design_2_i/llama_engine_axi_0/U0/u_engine/u_sw/SHIFT_LEFT26__1/DSP_A_B_DATA_INST/B2_DATA[2]
                         net (fo=1, routed)           0.000    26.950    design_2_i/llama_engine_axi_0/U0/u_engine/u_sw/SHIFT_LEFT26__1/DSP_A_B_DATA.B2_DATA<2>
    DSP48E2_X3Y18        DSP_PREADD_DATA (Prop_DSP_PREADD_DATA_DSP48E2_B2_DATA[2]_B2B1[2])
                                                      0.092    27.042 r  design_2_i/llama_engine_axi_0/U0/u_engine/u_sw/SHIFT_LEFT26__1/DSP_PREADD_DATA_INST/B2B1[2]
                         net (fo=1, routed)           0.000    27.042    design_2_i/llama_engine_axi_0/U0/u_engine/u_sw/SHIFT_LEFT26__1/DSP_PREADD_DATA.B2B1<2>
    DSP48E2_X3Y18        DSP_MULTIPLIER (Prop_DSP_MULTIPLIER_DSP48E2_B2B1[2]_U[33])
                                                      0.737    27.779 f  design_2_i/llama_engine_axi_0/U0/u_engine/u_sw/SHIFT_LEFT26__1/DSP_MULTIPLIER_INST/U[33]
                         net (fo=1, routed)           0.000    27.779    design_2_i/llama_engine_axi_0/U0/u_engine/u_sw/SHIFT_LEFT26__1/DSP_MULTIPLIER.U<33>
    DSP48E2_X3Y18        DSP_M_DATA (Prop_DSP_M_DATA_DSP48E2_U[33]_U_DATA[33])
                                                      0.059    27.838 r  design_2_i/llama_engine_axi_0/U0/u_engine/u_sw/SHIFT_LEFT26__1/DSP_M_DATA_INST/U_DATA[33]
                         net (fo=1, routed)           0.000    27.838    design_2_i/llama_engine_axi_0/U0/u_engine/u_sw/SHIFT_LEFT26__1/DSP_M_DATA.U_DATA<33>
    DSP48E2_X3Y18        DSP_ALU (Prop_DSP_ALU_DSP48E2_U_DATA[33]_ALU_OUT[47])
                                                      0.699    28.537 f  design_2_i/llama_engine_axi_0/U0/u_engine/u_sw/SHIFT_LEFT26__1/DSP_ALU_INST/ALU_OUT[47]
                         net (fo=1, routed)           0.000    28.537    design_2_i/llama_engine_axi_0/U0/u_engine/u_sw/SHIFT_LEFT26__1/DSP_ALU.ALU_OUT<47>
    DSP48E2_X3Y18        DSP_OUTPUT (Prop_DSP_OUTPUT_DSP48E2_ALU_OUT[47]_PCOUT[47])
                                                      0.159    28.696 r  design_2_i/llama_engine_axi_0/U0/u_engine/u_sw/SHIFT_LEFT26__1/DSP_OUTPUT_INST/PCOUT[47]
                         net (fo=1, routed)           0.016    28.712    design_2_i/llama_engine_axi_0/U0/u_engine/u_sw/SHIFT_LEFT26__2/PCIN[47]
    DSP48E2_X3Y19        DSP_ALU (Prop_DSP_ALU_DSP48E2_PCIN[47]_ALU_OUT[11])
                                                      0.698    29.410 f  design_2_i/llama_engine_axi_0/U0/u_engine/u_sw/SHIFT_LEFT26__2/DSP_ALU_INST/ALU_OUT[11]
                         net (fo=1, routed)           0.000    29.410    design_2_i/llama_engine_axi_0/U0/u_engine/u_sw/SHIFT_LEFT26__2/DSP_ALU.ALU_OUT<11>
    DSP48E2_X3Y19        DSP_OUTPUT (Prop_DSP_OUTPUT_DSP48E2_ALU_OUT[11]_P[11])
                                                      0.141    29.551 r  design_2_i/llama_engine_axi_0/U0/u_engine/u_sw/SHIFT_LEFT26__2/DSP_OUTPUT_INST/P[11]
                         net (fo=2, routed)           0.762    30.313    design_2_i/llama_engine_axi_0/U0/u_engine/u_sw/SHIFT_LEFT26__2_n_94
    SLICE_X39Y46         LUT2 (Prop_E6LUT_SLICEM_I0_O)
                                                      0.148    30.461 r  design_2_i/llama_engine_axi_0/U0/u_engine/u_sw/SHIFT_LEFT26__3_i_50/O
                         net (fo=1, routed)           0.015    30.476    design_2_i/llama_engine_axi_0/U0/u_engine/u_sw/SHIFT_LEFT26__3_i_50_n_0
    SLICE_X39Y46         CARRY8 (Prop_CARRY8_SLICEM_S[4]_CO[7])
                                                      0.198    30.674 r  design_2_i/llama_engine_axi_0/U0/u_engine/u_sw/SHIFT_LEFT26__3_i_4/CO[7]
                         net (fo=1, routed)           0.028    30.702    design_2_i/llama_engine_axi_0/U0/u_engine/u_sw/SHIFT_LEFT26__3_i_4_n_0
    SLICE_X39Y47         CARRY8 (Prop_CARRY8_SLICEM_CI_CO[7])
                                                      0.023    30.725 r  design_2_i/llama_engine_axi_0/U0/u_engine/u_sw/SHIFT_LEFT26__3_i_3/CO[7]
                         net (fo=1, routed)           0.028    30.753    design_2_i/llama_engine_axi_0/U0/u_engine/u_sw/SHIFT_LEFT26__3_i_3_n_0
    SLICE_X39Y48         CARRY8 (Prop_CARRY8_SLICEM_CI_CO[7])
                                                      0.023    30.776 r  design_2_i/llama_engine_axi_0/U0/u_engine/u_sw/SHIFT_LEFT26__3_i_2/CO[7]
                         net (fo=1, routed)           0.028    30.804    design_2_i/llama_engine_axi_0/U0/u_engine/u_sw/SHIFT_LEFT26__3_i_2_n_0
    SLICE_X39Y49         CARRY8 (Prop_CARRY8_SLICEM_CI_CO[7])
                                                      0.023    30.827 r  design_2_i/llama_engine_axi_0/U0/u_engine/u_sw/SHIFT_LEFT26__3_i_22/CO[7]
                         net (fo=1, routed)           0.028    30.855    design_2_i/llama_engine_axi_0/U0/u_engine/u_sw/SHIFT_LEFT26__3_i_22_n_0
    SLICE_X39Y50         CARRY8 (Prop_CARRY8_SLICEM_CI_O[7])
                                                      0.146    31.001 f  design_2_i/llama_engine_axi_0/U0/u_engine/u_sw/SHIFT_LEFT26__3_i_1/O[7]
                         net (fo=20, routed)          1.132    32.133    design_2_i/llama_engine_axi_0/U0/u_engine/u_sw/SHIFT_LEFT26__3/B[16]
    DSP48E2_X2Y24        DSP_A_B_DATA (Prop_DSP_A_B_DATA_DSP48E2_B[16]_B2_DATA[16])
                                                      0.195    32.328 r  design_2_i/llama_engine_axi_0/U0/u_engine/u_sw/SHIFT_LEFT26__3/DSP_A_B_DATA_INST/B2_DATA[16]
                         net (fo=1, routed)           0.000    32.328    design_2_i/llama_engine_axi_0/U0/u_engine/u_sw/SHIFT_LEFT26__3/DSP_A_B_DATA.B2_DATA<16>
    DSP48E2_X2Y24        DSP_PREADD_DATA (Prop_DSP_PREADD_DATA_DSP48E2_B2_DATA[16]_B2B1[16])
                                                      0.092    32.420 r  design_2_i/llama_engine_axi_0/U0/u_engine/u_sw/SHIFT_LEFT26__3/DSP_PREADD_DATA_INST/B2B1[16]
                         net (fo=1, routed)           0.000    32.420    design_2_i/llama_engine_axi_0/U0/u_engine/u_sw/SHIFT_LEFT26__3/DSP_PREADD_DATA.B2B1<16>
    DSP48E2_X2Y24        DSP_MULTIPLIER (Prop_DSP_MULTIPLIER_DSP48E2_B2B1[16]_U[43])
                                                      0.737    33.157 f  design_2_i/llama_engine_axi_0/U0/u_engine/u_sw/SHIFT_LEFT26__3/DSP_MULTIPLIER_INST/U[43]
                         net (fo=1, routed)           0.000    33.157    design_2_i/llama_engine_axi_0/U0/u_engine/u_sw/SHIFT_LEFT26__3/DSP_MULTIPLIER.U<43>
    DSP48E2_X2Y24        DSP_M_DATA (Prop_DSP_M_DATA_DSP48E2_U[43]_U_DATA[43])
                                                      0.059    33.216 r  design_2_i/llama_engine_axi_0/U0/u_engine/u_sw/SHIFT_LEFT26__3/DSP_M_DATA_INST/U_DATA[43]
                         net (fo=1, routed)           0.000    33.216    design_2_i/llama_engine_axi_0/U0/u_engine/u_sw/SHIFT_LEFT26__3/DSP_M_DATA.U_DATA<43>
    DSP48E2_X2Y24        DSP_ALU (Prop_DSP_ALU_DSP48E2_U_DATA[43]_ALU_OUT[47])
                                                      0.699    33.915 f  design_2_i/llama_engine_axi_0/U0/u_engine/u_sw/SHIFT_LEFT26__3/DSP_ALU_INST/ALU_OUT[47]
                         net (fo=1, routed)           0.000    33.915    design_2_i/llama_engine_axi_0/U0/u_engine/u_sw/SHIFT_LEFT26__3/DSP_ALU.ALU_OUT<47>
    DSP48E2_X2Y24        DSP_OUTPUT (Prop_DSP_OUTPUT_DSP48E2_ALU_OUT[47]_PCOUT[47])
                                                      0.159    34.074 r  design_2_i/llama_engine_axi_0/U0/u_engine/u_sw/SHIFT_LEFT26__3/DSP_OUTPUT_INST/PCOUT[47]
                         net (fo=1, routed)           0.016    34.090    design_2_i/llama_engine_axi_0/U0/u_engine/u_sw/SHIFT_LEFT26__4/PCIN[47]
    DSP48E2_X2Y25        DSP_ALU (Prop_DSP_ALU_DSP48E2_PCIN[47]_ALU_OUT[0])
                                                      0.698    34.788 f  design_2_i/llama_engine_axi_0/U0/u_engine/u_sw/SHIFT_LEFT26__4/DSP_ALU_INST/ALU_OUT[0]
                         net (fo=1, routed)           0.000    34.788    design_2_i/llama_engine_axi_0/U0/u_engine/u_sw/SHIFT_LEFT26__4/DSP_ALU.ALU_OUT<0>
    DSP48E2_X2Y25        DSP_OUTPUT (Prop_DSP_OUTPUT_DSP48E2_ALU_OUT[0]_P[0])
                                                      0.141    34.929 r  design_2_i/llama_engine_axi_0/U0/u_engine/u_sw/SHIFT_LEFT26__4/DSP_OUTPUT_INST/P[0]
                         net (fo=1, routed)           0.475    35.404    design_2_i/llama_engine_axi_0/U0/u_engine/u_sw/SHIFT_LEFT26__4_n_105
    SLICE_X26Y55         LUT2 (Prop_C6LUT_SLICEL_I1_O)
                                                      0.063    35.467 r  design_2_i/llama_engine_axi_0/U0/u_engine/u_sw/o_wdata[27]_i_7/O
                         net (fo=1, routed)           0.011    35.478    design_2_i/llama_engine_axi_0/U0/u_engine/u_sw/o_wdata[27]_i_7_n_0
    SLICE_X26Y55         CARRY8 (Prop_CARRY8_SLICEL_S[2]_O[7])
                                                      0.248    35.726 r  design_2_i/llama_engine_axi_0/U0/u_engine/u_sw/o_wdata_reg[27]_i_1/O[7]
                         net (fo=1, routed)           0.031    35.757    design_2_i/llama_engine_axi_0/U0/u_engine/u_sw/o_wdata_reg[27]_i_1_n_8
    SLICE_X26Y55         FDRE                                         r  design_2_i/llama_engine_axi_0/U0/u_engine/u_sw/o_wdata_reg[27]/D
  -------------------------------------------------------------------    -------------------

                         (clock clk_pl_0 rise edge)
                                                    337.503   337.503 r  
    PS8_X0Y0             PS8                          0.000   337.503 r  design_2_i/zynq_ultra_ps_e_0/inst/PS8_i/PLCLK[0]
                         net (fo=1, routed)           0.140   337.643    design_2_i/zynq_ultra_ps_e_0/inst/pl_clk_unbuffered[0]
    BUFG_PS_X0Y58        BUFG_PS (Prop_BUFG_PS_I_O)
                                                      0.027   337.670 r  design_2_i/zynq_ultra_ps_e_0/inst/buffer_pl_clk_0.PL_CLK_0_BUFG/O
    X0Y1 (CLOCK_ROOT)    net (fo=56092, routed)       1.584   339.254    design_2_i/llama_engine_axi_0/U0/u_engine/u_sw/clk
    SLICE_X26Y55         FDRE                                         r  design_2_i/llama_engine_axi_0/U0/u_engine/u_sw/o_wdata_reg[27]/C
                         clock pessimism              0.107   339.361    
                         clock uncertainty           -0.876   338.485    
    SLICE_X26Y55         FDRE (Setup_HFF_SLICEL_C_D)
                                                      0.027   338.512    design_2_i/llama_engine_axi_0/U0/u_engine/u_sw/o_wdata_reg[27]
  -------------------------------------------------------------------
                         required time                        338.512    
                         arrival time                         -35.757    
  -------------------------------------------------------------------
                         slack                                302.755    

Slack (MET) :             302.758ns  (required time - arrival time)
  Source:                 design_2_i/llama_engine_axi_0/U0/u_engine/u_sw/idx_reg[3]/C
                            (rising edge-triggered cell FDRE clocked by clk_pl_0  {rise@0.000ns fall@168.751ns period=337.503ns})
  Destination:            design_2_i/llama_engine_axi_0/U0/u_engine/u_sw/o_wdata_reg[25]/D
                            (rising edge-triggered cell FDRE clocked by clk_pl_0  {rise@0.000ns fall@168.751ns period=337.503ns})
  Path Group:             clk_pl_0
  Path Type:              Setup (Max at Slow Process Corner)
  Requirement:            337.503ns  (clk_pl_0 rise@337.503ns - clk_pl_0 rise@0.000ns)
  Data Path Delay:        33.683ns  (logic 14.706ns (43.660%)  route 18.977ns (56.340%))
  Logic Levels:           74  (CARRY8=26 DSP_A_B_DATA=3 DSP_ALU=7 DSP_M_DATA=3 DSP_MULTIPLIER=3 DSP_OUTPUT=7 DSP_PREADD_DATA=3 LUT1=1 LUT2=4 LUT3=2 LUT4=1 LUT5=4 LUT6=9 MUXF8=1)
  Clock Path Skew:        -0.213ns (DCD - SCD + CPR)
    Destination Clock Delay (DCD):    1.751ns = ( 339.254 - 337.503 ) 
    Source Clock Delay      (SCD):    2.071ns
    Clock Pessimism Removal (CPR):    0.107ns
  Clock Uncertainty:      0.876ns  ((TSJ^2 + DJ^2)^1/2) / 2 + PE
    Total System Jitter     (TSJ):    0.071ns
    Discrete Jitter          (DJ):    1.750ns
    Phase Error              (PE):    0.000ns
  Clock Net Delay (Source):      1.864ns (routing 0.638ns, distribution 1.226ns)
  Clock Net Delay (Destination): 1.584ns (routing 0.576ns, distribution 1.008ns)

    Location             Delay type                Incr(ns)  Path(ns)    Netlist Resource(s)
  -------------------------------------------------------------------    -------------------
                         (clock clk_pl_0 rise edge)
                                                      0.000     0.000 r  
    PS8_X0Y0             PS8                          0.000     0.000 r  design_2_i/zynq_ultra_ps_e_0/inst/PS8_i/PLCLK[0]
                         net (fo=1, routed)           0.178     0.178    design_2_i/zynq_ultra_ps_e_0/inst/pl_clk_unbuffered[0]
    BUFG_PS_X0Y58        BUFG_PS (Prop_BUFG_PS_I_O)
                                                      0.029     0.207 r  design_2_i/zynq_ultra_ps_e_0/inst/buffer_pl_clk_0.PL_CLK_0_BUFG/O
    X0Y1 (CLOCK_ROOT)    net (fo=56092, routed)       1.864     2.071    design_2_i/llama_engine_axi_0/U0/u_engine/u_sw/clk
    SLICE_X31Y64         FDRE                                         r  design_2_i/llama_engine_axi_0/U0/u_engine/u_sw/idx_reg[3]/C
  -------------------------------------------------------------------    -------------------
    SLICE_X31Y64         FDRE (Prop_EFF2_SLICEM_C_Q)
                                                      0.098     2.169 r  design_2_i/llama_engine_axi_0/U0/u_engine/u_sw/idx_reg[3]/Q
                         net (fo=336, routed)         3.665     5.834    design_2_i/llama_engine_axi_0/U0/u_engine/u_sw/idx_reg_n_0_[3]
    SLICE_X47Y3          MUXF8 (Prop_F8MUX_BOT_SLICEL_S_O)
                                                      0.089     5.923 r  design_2_i/llama_engine_axi_0/U0/u_engine/u_sw/ARG__4_i_215/O
                         net (fo=1, routed)           1.013     6.936    design_2_i/llama_engine_axi_0/U0/u_engine/u_sw/ARG__4_i_215_n_0
    SLICE_X36Y36         LUT6 (Prop_C6LUT_SLICEL_I0_O)
                                                      0.174     7.110 r  design_2_i/llama_engine_axi_0/U0/u_engine/u_sw/ARG__4_i_149/O
                         net (fo=3, routed)           0.504     7.614    design_2_i/llama_engine_axi_0/U0/u_engine/u_sw/ARG__4_i_149_n_0
    SLICE_X32Y40         LUT5 (Prop_E6LUT_SLICEL_I2_O)
                                                      0.116     7.730 r  design_2_i/llama_engine_axi_0/U0/u_engine/u_sw/ARG__4_i_97/O
                         net (fo=7, routed)           0.372     8.101    design_2_i/llama_engine_axi_0/U0/u_engine/u_sw/ARG__4_i_97_n_0
    SLICE_X34Y44         LUT5 (Prop_E6LUT_SLICEM_I0_O)
                                                      0.177     8.278 r  design_2_i/llama_engine_axi_0/U0/u_engine/u_sw/ARG__4_i_351/O
                         net (fo=1, routed)           0.015     8.293    design_2_i/llama_engine_axi_0/U0/u_engine/u_sw/ARG__4_i_351_n_0
    SLICE_X34Y44         CARRY8 (Prop_CARRY8_SLICEM_S[4]_CO[7])
                                                      0.198     8.491 r  design_2_i/llama_engine_axi_0/U0/u_engine/u_sw/ARG__4_i_202/CO[7]
                         net (fo=1, routed)           0.028     8.519    design_2_i/llama_engine_axi_0/U0/u_engine/u_sw/ARG__4_i_202_n_0
    SLICE_X34Y45         CARRY8 (Prop_CARRY8_SLICEM_CI_CO[7])
                                                      0.023     8.542 r  design_2_i/llama_engine_axi_0/U0/u_engine/u_sw/ARG__4_i_201/CO[7]
                         net (fo=1, routed)           0.028     8.570    design_2_i/llama_engine_axi_0/U0/u_engine/u_sw/ARG__4_i_201_n_0
    SLICE_X34Y46         CARRY8 (Prop_CARRY8_SLICEM_CI_CO[7])
                                                      0.023     8.593 r  design_2_i/llama_engine_axi_0/U0/u_engine/u_sw/ARG__4_i_199/CO[7]
                         net (fo=1, routed)           0.028     8.621    design_2_i/llama_engine_axi_0/U0/u_engine/u_sw/ARG__4_i_199_n_0
    SLICE_X34Y47         CARRY8 (Prop_CARRY8_SLICEM_CI_CO[7])
                                                      0.023     8.644 r  design_2_i/llama_engine_axi_0/U0/u_engine/u_sw/ARG__4_i_200/CO[7]
                         net (fo=1, routed)           0.028     8.672    design_2_i/llama_engine_axi_0/U0/u_engine/u_sw/ARG__4_i_200_n_0
    SLICE_X34Y48         CARRY8 (Prop_CARRY8_SLICEM_CI_CO[7])
                                                      0.023     8.695 r  design_2_i/llama_engine_axi_0/U0/u_engine/u_sw/SHIFT_LEFT26_i_391/CO[7]
                         net (fo=1, routed)           0.028     8.723    design_2_i/llama_engine_axi_0/U0/u_engine/u_sw/SHIFT_LEFT26_i_391_n_0
    SLICE_X34Y49         CARRY8 (Prop_CARRY8_SLICEM_CI_CO[7])
                                                      0.023     8.746 r  design_2_i/llama_engine_axi_0/U0/u_engine/u_sw/SHIFT_LEFT26_i_222/CO[7]
                         net (fo=1, routed)           0.028     8.774    design_2_i/llama_engine_axi_0/U0/u_engine/u_sw/SHIFT_LEFT26_i_222_n_0
    SLICE_X34Y50         CARRY8 (Prop_CARRY8_SLICEM_CI_CO[7])
                                                      0.023     8.797 r  design_2_i/llama_engine_axi_0/U0/u_engine/u_sw/SHIFT_LEFT26_i_73/CO[7]
                         net (fo=1, routed)           0.028     8.825    design_2_i/llama_engine_axi_0/U0/u_engine/u_sw/SHIFT_LEFT26_i_73_n_0
    SLICE_X34Y51         CARRY8 (Prop_CARRY8_SLICEM_CI_O[7])
                                                      0.146     8.971 f  design_2_i/llama_engine_axi_0/U0/u_engine/u_sw/SHIFT_LEFT26_i_33/O[7]
                         net (fo=69, routed)          0.542     9.514    design_2_i/llama_engine_axi_0/U0/u_engine/u_sw/SHIFT_LEFT26_i_33_n_8
    SLICE_X31Y48         LUT6 (Prop_F6LUT_SLICEM_I0_O)
                                                      0.113     9.627 f  design_2_i/llama_engine_axi_0/U0/u_engine/u_sw/SHIFT_LEFT26_i_460/O
                         net (fo=4, routed)           0.493    10.120    design_2_i/llama_engine_axi_0/U0/u_engine/u_sw/SHIFT_LEFT26_i_460_n_0
    SLICE_X36Y46         LUT6 (Prop_E6LUT_SLICEL_I3_O)
                                                      0.176    10.296 f  design_2_i/llama_engine_axi_0/U0/u_engine/u_sw/SHIFT_LEFT26_i_289/O
                         net (fo=2, routed)           0.497    10.793    design_2_i/llama_engine_axi_0/U0/u_engine/u_sw/SHIFT_LEFT26_i_289_n_0
    SLICE_X38Y46         LUT3 (Prop_H5LUT_SLICEL_I0_O)
                                                      0.118    10.911 f  design_2_i/llama_engine_axi_0/U0/u_engine/u_sw/SHIFT_LEFT26_i_131/O
                         net (fo=2, routed)           0.237    11.148    design_2_i/llama_engine_axi_0/U0/u_engine/u_sw/SHIFT_LEFT26_i_131_n_0
    SLICE_X38Y41         LUT5 (Prop_F6LUT_SLICEL_I0_O)
                                                      0.177    11.325 f  design_2_i/llama_engine_axi_0/U0/u_engine/u_sw/SHIFT_LEFT26__1_i_10/O
                         net (fo=1, routed)           0.397    11.722    design_2_i/llama_engine_axi_0/U0/u_engine/u_sw/SHIFT_LEFT26__1_i_10_n_0
    SLICE_X37Y39         LUT6 (Prop_G6LUT_SLICEM_I0_O)
                                                      0.100    11.822 f  design_2_i/llama_engine_axi_0/U0/u_engine/u_sw/SHIFT_LEFT26__1_i_1/O
                         net (fo=6, routed)           0.167    11.990    design_2_i/llama_engine_axi_0/U0/u_engine/u_sw/z_q[16]
    SLICE_X37Y42         LUT1 (Prop_B6LUT_SLICEM_I0_O)
                                                      0.063    12.053 r  design_2_i/llama_engine_axi_0/U0/u_engine/u_sw/ARG_i_121/O
                         net (fo=1, routed)           0.018    12.071    design_2_i/llama_engine_axi_0/U0/u_engine/u_sw/ARG_i_121_n_0
    SLICE_X37Y42         CARRY8 (Prop_CARRY8_SLICEM_S[1]_CO[7])
                                                      0.238    12.309 r  design_2_i/llama_engine_axi_0/U0/u_engine/u_sw/ARG_i_52/CO[7]
                         net (fo=1, routed)           0.028    12.337    design_2_i/llama_engine_axi_0/U0/u_engine/u_sw/ARG_i_52_n_0
    SLICE_X37Y43         CARRY8 (Prop_CARRY8_SLICEM_CI_CO[7])
                                                      0.023    12.360 r  design_2_i/llama_engine_axi_0/U0/u_engine/u_sw/ARG_i_110/CO[7]
                         net (fo=1, routed)           0.028    12.388    design_2_i/llama_engine_axi_0/U0/u_engine/u_sw/ARG_i_110_n_0
    SLICE_X37Y44         CARRY8 (Prop_CARRY8_SLICEM_CI_CO[1])
                                                      0.055    12.443 r  design_2_i/llama_engine_axi_0/U0/u_engine/u_sw/ARG_i_33/CO[1]
                         net (fo=131, routed)         1.034    13.476    design_2_i/llama_engine_axi_0/U0/u_engine/u_sw/ARG_i_33_n_6
    SLICE_X38Y45         CARRY8 (Prop_CARRY8_SLICEL_S[0]_CO[3])
                                                      0.230    13.706 r  design_2_i/llama_engine_axi_0/U0/u_engine/u_sw/ARG_i_53/CO[3]
                         net (fo=123, routed)         0.304    14.010    design_2_i/llama_engine_axi_0/U0/u_engine/u_sw/k1
    SLICE_X39Y41         LUT6 (Prop_H6LUT_SLICEM_I4_O)
                                                      0.151    14.161 r  design_2_i/llama_engine_axi_0/U0/u_engine/u_sw/ARG__2_i_35/O
                         net (fo=661, routed)         2.075    16.236    design_2_i/llama_engine_axi_0/U0/u_engine/u_sw/k[4]
    SLICE_X48Y99         LUT6 (Prop_G6LUT_SLICEM_I1_O)
                                                      0.064    16.300 r  design_2_i/llama_engine_axi_0/U0/u_engine/u_sw/ARG__1_i_139/O
                         net (fo=1, routed)           0.179    16.479    design_2_i/llama_engine_axi_0/U0/u_engine/u_sw/ARG__1_i_139_n_0
    SLICE_X48Y99         LUT6 (Prop_E6LUT_SLICEM_I1_O)
                                                      0.063    16.542 r  design_2_i/llama_engine_axi_0/U0/u_engine/u_sw/ARG__1_i_42/O
                         net (fo=1, routed)           0.550    17.092    design_2_i/llama_engine_axi_0/U0/u_engine/u_sw/ARG__1_i_42_n_0
    SLICE_X45Y98         LUT6 (Prop_B6LUT_SLICEM_I1_O)
                                                      0.039    17.131 r  design_2_i/llama_engine_axi_0/U0/u_engine/u_sw/ARG__1_i_5/O
                         net (fo=2, routed)           0.831    17.962    design_2_i/llama_engine_axi_0/U0/u_engine/u_sw/ARG__1_i_5_n_0
    SLICE_X44Y49         LUT6 (Prop_F6LUT_SLICEL_I0_O)
                                                      0.114    18.076 r  design_2_i/llama_engine_axi_0/U0/u_engine/u_sw/ARG__1_i_13/O
                         net (fo=1, routed)           0.012    18.088    design_2_i/llama_engine_axi_0/U0/u_engine/u_sw/ARG__1_i_13_n_0
    SLICE_X44Y49         CARRY8 (Prop_CARRY8_SLICEL_S[5]_CO[7])
                                                      0.197    18.285 r  design_2_i/llama_engine_axi_0/U0/u_engine/u_sw/ARG__1_i_1/CO[7]
                         net (fo=1, routed)           0.028    18.313    design_2_i/llama_engine_axi_0/U0/u_engine/u_sw/ARG__1_i_1_n_0
    SLICE_X44Y50         CARRY8 (Prop_CARRY8_SLICEL_CI_O[0])
                                                      0.072    18.385 f  design_2_i/llama_engine_axi_0/U0/u_engine/u_sw/ARG_i_2/O[0]
                         net (fo=4, routed)           0.484    18.870    design_2_i/llama_engine_axi_0/U0/u_engine/u_sw/ARG__1/A[16]
    DSP48E2_X3Y20        DSP_A_B_DATA (Prop_DSP_A_B_DATA_DSP48E2_A[16]_A2_DATA[16])
                                                      0.241    19.111 r  design_2_i/llama_engine_axi_0/U0/u_engine/u_sw/ARG__1/DSP_A_B_DATA_INST/A2_DATA[16]
                         net (fo=1, routed)           0.000    19.111    design_2_i/llama_engine_axi_0/U0/u_engine/u_sw/ARG__1/DSP_A_B_DATA.A2_DATA<16>
    DSP48E2_X3Y20        DSP_PREADD_DATA (Prop_DSP_PREADD_DATA_DSP48E2_A2_DATA[16]_A2A1[16])
                                                      0.098    19.209 r  design_2_i/llama_engine_axi_0/U0/u_engine/u_sw/ARG__1/DSP_PREADD_DATA_INST/A2A1[16]
                         net (fo=1, routed)           0.000    19.209    design_2_i/llama_engine_axi_0/U0/u_engine/u_sw/ARG__1/DSP_PREADD_DATA.A2A1<16>
    DSP48E2_X3Y20        DSP_MULTIPLIER (Prop_DSP_MULTIPLIER_DSP48E2_A2A1[16]_U[36])
                                                      0.647    19.856 f  design_2_i/llama_engine_axi_0/U0/u_engine/u_sw/ARG__1/DSP_MULTIPLIER_INST/U[36]
                         net (fo=1, routed)           0.000    19.856    design_2_i/llama_engine_axi_0/U0/u_engine/u_sw/ARG__1/DSP_MULTIPLIER.U<36>
    DSP48E2_X3Y20        DSP_M_DATA (Prop_DSP_M_DATA_DSP48E2_U[36]_U_DATA[36])
                                                      0.059    19.915 r  design_2_i/llama_engine_axi_0/U0/u_engine/u_sw/ARG__1/DSP_M_DATA_INST/U_DATA[36]
                         net (fo=1, routed)           0.000    19.915    design_2_i/llama_engine_axi_0/U0/u_engine/u_sw/ARG__1/DSP_M_DATA.U_DATA<36>
    DSP48E2_X3Y20        DSP_ALU (Prop_DSP_ALU_DSP48E2_U_DATA[36]_ALU_OUT[47])
                                                      0.699    20.614 f  design_2_i/llama_engine_axi_0/U0/u_engine/u_sw/ARG__1/DSP_ALU_INST/ALU_OUT[47]
                         net (fo=1, routed)           0.000    20.614    design_2_i/llama_engine_axi_0/U0/u_engine/u_sw/ARG__1/DSP_ALU.ALU_OUT<47>
    DSP48E2_X3Y20        DSP_OUTPUT (Prop_DSP_OUTPUT_DSP48E2_ALU_OUT[47]_PCOUT[47])
                                                      0.159    20.773 r  design_2_i/llama_engine_axi_0/U0/u_engine/u_sw/ARG__1/DSP_OUTPUT_INST/PCOUT[47]
                         net (fo=1, routed)           0.016    20.789    design_2_i/llama_engine_axi_0/U0/u_engine/u_sw/ARG__2/PCIN[47]
    DSP48E2_X3Y21        DSP_ALU (Prop_DSP_ALU_DSP48E2_PCIN[47]_ALU_OUT[47])
                                                      0.698    21.487 f  design_2_i/llama_engine_axi_0/U0/u_engine/u_sw/ARG__2/DSP_ALU_INST/ALU_OUT[47]
                         net (fo=1, routed)           0.000    21.487    design_2_i/llama_engine_axi_0/U0/u_engine/u_sw/ARG__2/DSP_ALU.ALU_OUT<47>
    DSP48E2_X3Y21        DSP_OUTPUT (Prop_DSP_OUTPUT_DSP48E2_ALU_OUT[47]_PCOUT[47])
                                                      0.159    21.646 r  design_2_i/llama_engine_axi_0/U0/u_engine/u_sw/ARG__2/DSP_OUTPUT_INST/PCOUT[47]
                         net (fo=1, routed)           0.042    21.688    design_2_i/llama_engine_axi_0/U0/u_engine/u_sw/ARG__3/PCIN[47]
    DSP48E2_X3Y22        DSP_ALU (Prop_DSP_ALU_DSP48E2_PCIN[47]_ALU_OUT[4])
                                                      0.698    22.386 f  design_2_i/llama_engine_axi_0/U0/u_engine/u_sw/ARG__3/DSP_ALU_INST/ALU_OUT[4]
                         net (fo=1, routed)           0.000    22.386    design_2_i/llama_engine_axi_0/U0/u_engine/u_sw/ARG__3/DSP_ALU.ALU_OUT<4>
    DSP48E2_X3Y22        DSP_OUTPUT (Prop_DSP_OUTPUT_DSP48E2_ALU_OUT[4]_P[4])
                                                      0.141    22.527 r  design_2_i/llama_engine_axi_0/U0/u_engine/u_sw/ARG__3/DSP_OUTPUT_INST/P[4]
                         net (fo=2, routed)           0.350    22.877    design_2_i/llama_engine_axi_0/U0/u_engine/u_sw/ARG__3_n_101
    SLICE_X42Y53         LUT3 (Prop_G5LUT_SLICEM_I1_O)
                                                      0.084    22.961 r  design_2_i/llama_engine_axi_0/U0/u_engine/u_sw/SHIFT_LEFT26_i_324/O
                         net (fo=2, routed)           0.540    23.501    design_2_i/llama_engine_axi_0/U0/u_engine/u_sw/SHIFT_LEFT26_i_324_n_0
    SLICE_X42Y53         LUT4 (Prop_H6LUT_SLICEM_I3_O)
                                                      0.100    23.601 r  design_2_i/llama_engine_axi_0/U0/u_engine/u_sw/SHIFT_LEFT26_i_329/O
                         net (fo=1, routed)           0.017    23.618    design_2_i/llama_engine_axi_0/U0/u_engine/u_sw/SHIFT_LEFT26_i_329_n_0
    SLICE_X42Y53         CARRY8 (Prop_CARRY8_SLICEM_S[7]_CO[7])
                                                      0.150    23.768 r  design_2_i/llama_engine_axi_0/U0/u_engine/u_sw/SHIFT_LEFT26_i_158/CO[7]
                         net (fo=1, routed)           0.028    23.796    design_2_i/llama_engine_axi_0/U0/u_engine/u_sw/SHIFT_LEFT26_i_158_n_0
    SLICE_X42Y54         CARRY8 (Prop_CARRY8_SLICEM_CI_O[4])
                                                      0.109    23.905 r  design_2_i/llama_engine_axi_0/U0/u_engine/u_sw/SHIFT_LEFT26__0_i_17/O[4]
                         net (fo=3, routed)           0.286    24.191    design_2_i/llama_engine_axi_0/U0/u_engine/u_sw/p_0_in[49]
    SLICE_X43Y54         LUT2 (Prop_B6LUT_SLICEM_I1_O)
                                                      0.178    24.369 r  design_2_i/llama_engine_axi_0/U0/u_engine/u_sw/SHIFT_LEFT26__0_i_24/O
                         net (fo=1, routed)           0.018    24.387    design_2_i/llama_engine_axi_0/U0/u_engine/u_sw/SHIFT_LEFT26__0_i_24_n_0
    SLICE_X43Y54         CARRY8 (Prop_CARRY8_SLICEM_S[1]_CO[7])
                                                      0.238    24.625 r  design_2_i/llama_engine_axi_0/U0/u_engine/u_sw/SHIFT_LEFT26__0_i_15/CO[7]
                         net (fo=1, routed)           0.028    24.653    design_2_i/llama_engine_axi_0/U0/u_engine/u_sw/SHIFT_LEFT26__0_i_15_n_0
    SLICE_X43Y55         CARRY8 (Prop_CARRY8_SLICEM_CI_O[4])
                                                      0.109    24.762 f  design_2_i/llama_engine_axi_0/U0/u_engine/u_sw/SHIFT_LEFT26_i_69/O[4]
                         net (fo=2, routed)           0.345    25.107    design_2_i/llama_engine_axi_0/U0/u_engine/u_sw/SHIFT_LEFT26_i_69_n_11
    SLICE_X41Y53         LUT2 (Prop_F6LUT_SLICEL_I0_O)
                                                      0.177    25.284 r  design_2_i/llama_engine_axi_0/U0/u_engine/u_sw/SHIFT_LEFT26_i_318/O
                         net (fo=1, routed)           0.012    25.296    design_2_i/llama_engine_axi_0/U0/u_engine/u_sw/SHIFT_LEFT26_i_318_n_0
    SLICE_X41Y53         CARRY8 (Prop_CARRY8_SLICEL_S[5]_CO[7])
                                                      0.197    25.493 r  design_2_i/llama_engine_axi_0/U0/u_engine/u_sw/SHIFT_LEFT26_i_149/CO[7]
                         net (fo=1, routed)           0.028    25.521    design_2_i/llama_engine_axi_0/U0/u_engine/u_sw/SHIFT_LEFT26_i_149_n_0
    SLICE_X41Y54         CARRY8 (Prop_CARRY8_SLICEL_CI_CO[7])
                                                      0.030    25.551 r  design_2_i/llama_engine_axi_0/U0/u_engine/u_sw/SHIFT_LEFT26_i_67/CO[7]
                         net (fo=31, routed)          0.504    26.056    design_2_i/llama_engine_axi_0/U0/u_engine/u_sw/sigmoid_q1
    SLICE_X40Y43         LUT5 (Prop_F6LUT_SLICEM_I1_O)
                                                      0.177    26.233 f  design_2_i/llama_engine_axi_0/U0/u_engine/u_sw/SHIFT_LEFT26_i_30/O
                         net (fo=2, routed)           0.522    26.755    design_2_i/llama_engine_axi_0/U0/u_engine/u_sw/SHIFT_LEFT26__1/B[2]
    DSP48E2_X3Y18        DSP_A_B_DATA (Prop_DSP_A_B_DATA_DSP48E2_B[2]_B2_DATA[2])
                                                      0.195    26.950 r  design_2_i/llama_engine_axi_0/U0/u_engine/u_sw/SHIFT_LEFT26__1/DSP_A_B_DATA_INST/B2_DATA[2]
                         net (fo=1, routed)           0.000    26.950    design_2_i/llama_engine_axi_0/U0/u_engine/u_sw/SHIFT_LEFT26__1/DSP_A_B_DATA.B2_DATA<2>
    DSP48E2_X3Y18        DSP_PREADD_DATA (Prop_DSP_PREADD_DATA_DSP48E2_B2_DATA[2]_B2B1[2])
                                                      0.092    27.042 r  design_2_i/llama_engine_axi_0/U0/u_engine/u_sw/SHIFT_LEFT26__1/DSP_PREADD_DATA_INST/B2B1[2]
                         net (fo=1, routed)           0.000    27.042    design_2_i/llama_engine_axi_0/U0/u_engine/u_sw/SHIFT_LEFT26__1/DSP_PREADD_DATA.B2B1<2>
    DSP48E2_X3Y18        DSP_MULTIPLIER (Prop_DSP_MULTIPLIER_DSP48E2_B2B1[2]_U[33])
                                                      0.737    27.779 f  design_2_i/llama_engine_axi_0/U0/u_engine/u_sw/SHIFT_LEFT26__1/DSP_MULTIPLIER_INST/U[33]
                         net (fo=1, routed)           0.000    27.779    design_2_i/llama_engine_axi_0/U0/u_engine/u_sw/SHIFT_LEFT26__1/DSP_MULTIPLIER.U<33>
    DSP48E2_X3Y18        DSP_M_DATA (Prop_DSP_M_DATA_DSP48E2_U[33]_U_DATA[33])
                                                      0.059    27.838 r  design_2_i/llama_engine_axi_0/U0/u_engine/u_sw/SHIFT_LEFT26__1/DSP_M_DATA_INST/U_DATA[33]
                         net (fo=1, routed)           0.000    27.838    design_2_i/llama_engine_axi_0/U0/u_engine/u_sw/SHIFT_LEFT26__1/DSP_M_DATA.U_DATA<33>
    DSP48E2_X3Y18        DSP_ALU (Prop_DSP_ALU_DSP48E2_U_DATA[33]_ALU_OUT[47])
                                                      0.699    28.537 f  design_2_i/llama_engine_axi_0/U0/u_engine/u_sw/SHIFT_LEFT26__1/DSP_ALU_INST/ALU_OUT[47]
                         net (fo=1, routed)           0.000    28.537    design_2_i/llama_engine_axi_0/U0/u_engine/u_sw/SHIFT_LEFT26__1/DSP_ALU.ALU_OUT<47>
    DSP48E2_X3Y18        DSP_OUTPUT (Prop_DSP_OUTPUT_DSP48E2_ALU_OUT[47]_PCOUT[47])
                                                      0.159    28.696 r  design_2_i/llama_engine_axi_0/U0/u_engine/u_sw/SHIFT_LEFT26__1/DSP_OUTPUT_INST/PCOUT[47]
                         net (fo=1, routed)           0.016    28.712    design_2_i/llama_engine_axi_0/U0/u_engine/u_sw/SHIFT_LEFT26__2/PCIN[47]
    DSP48E2_X3Y19        DSP_ALU (Prop_DSP_ALU_DSP48E2_PCIN[47]_ALU_OUT[11])
                                                      0.698    29.410 f  design_2_i/llama_engine_axi_0/U0/u_engine/u_sw/SHIFT_LEFT26__2/DSP_ALU_INST/ALU_OUT[11]
                         net (fo=1, routed)           0.000    29.410    design_2_i/llama_engine_axi_0/U0/u_engine/u_sw/SHIFT_LEFT26__2/DSP_ALU.ALU_OUT<11>
    DSP48E2_X3Y19        DSP_OUTPUT (Prop_DSP_OUTPUT_DSP48E2_ALU_OUT[11]_P[11])
                                                      0.141    29.551 r  design_2_i/llama_engine_axi_0/U0/u_engine/u_sw/SHIFT_LEFT26__2/DSP_OUTPUT_INST/P[11]
                         net (fo=2, routed)           0.762    30.313    design_2_i/llama_engine_axi_0/U0/u_engine/u_sw/SHIFT_LEFT26__2_n_94
    SLICE_X39Y46         LUT2 (Prop_E6LUT_SLICEM_I0_O)
                                                      0.148    30.461 r  design_2_i/llama_engine_axi_0/U0/u_engine/u_sw/SHIFT_LEFT26__3_i_50/O
                         net (fo=1, routed)           0.015    30.476    design_2_i/llama_engine_axi_0/U0/u_engine/u_sw/SHIFT_LEFT26__3_i_50_n_0
    SLICE_X39Y46         CARRY8 (Prop_CARRY8_SLICEM_S[4]_CO[7])
                                                      0.198    30.674 r  design_2_i/llama_engine_axi_0/U0/u_engine/u_sw/SHIFT_LEFT26__3_i_4/CO[7]
                         net (fo=1, routed)           0.028    30.702    design_2_i/llama_engine_axi_0/U0/u_engine/u_sw/SHIFT_LEFT26__3_i_4_n_0
    SLICE_X39Y47         CARRY8 (Prop_CARRY8_SLICEM_CI_CO[7])
                                                      0.023    30.725 r  design_2_i/llama_engine_axi_0/U0/u_engine/u_sw/SHIFT_LEFT26__3_i_3/CO[7]
                         net (fo=1, routed)           0.028    30.753    design_2_i/llama_engine_axi_0/U0/u_engine/u_sw/SHIFT_LEFT26__3_i_3_n_0
    SLICE_X39Y48         CARRY8 (Prop_CARRY8_SLICEM_CI_CO[7])
                                                      0.023    30.776 r  design_2_i/llama_engine_axi_0/U0/u_engine/u_sw/SHIFT_LEFT26__3_i_2/CO[7]
                         net (fo=1, routed)           0.028    30.804    design_2_i/llama_engine_axi_0/U0/u_engine/u_sw/SHIFT_LEFT26__3_i_2_n_0
    SLICE_X39Y49         CARRY8 (Prop_CARRY8_SLICEM_CI_CO[7])
                                                      0.023    30.827 r  design_2_i/llama_engine_axi_0/U0/u_engine/u_sw/SHIFT_LEFT26__3_i_22/CO[7]
                         net (fo=1, routed)           0.028    30.855    design_2_i/llama_engine_axi_0/U0/u_engine/u_sw/SHIFT_LEFT26__3_i_22_n_0
    SLICE_X39Y50         CARRY8 (Prop_CARRY8_SLICEM_CI_O[7])
                                                      0.146    31.001 f  design_2_i/llama_engine_axi_0/U0/u_engine/u_sw/SHIFT_LEFT26__3_i_1/O[7]
                         net (fo=20, routed)          1.132    32.133    design_2_i/llama_engine_axi_0/U0/u_engine/u_sw/SHIFT_LEFT26__3/B[16]
    DSP48E2_X2Y24        DSP_A_B_DATA (Prop_DSP_A_B_DATA_DSP48E2_B[16]_B2_DATA[16])
                                                      0.195    32.328 r  design_2_i/llama_engine_axi_0/U0/u_engine/u_sw/SHIFT_LEFT26__3/DSP_A_B_DATA_INST/B2_DATA[16]
                         net (fo=1, routed)           0.000    32.328    design_2_i/llama_engine_axi_0/U0/u_engine/u_sw/SHIFT_LEFT26__3/DSP_A_B_DATA.B2_DATA<16>
    DSP48E2_X2Y24        DSP_PREADD_DATA (Prop_DSP_PREADD_DATA_DSP48E2_B2_DATA[16]_B2B1[16])
                                                      0.092    32.420 r  design_2_i/llama_engine_axi_0/U0/u_engine/u_sw/SHIFT_LEFT26__3/DSP_PREADD_DATA_INST/B2B1[16]
                         net (fo=1, routed)           0.000    32.420    design_2_i/llama_engine_axi_0/U0/u_engine/u_sw/SHIFT_LEFT26__3/DSP_PREADD_DATA.B2B1<16>
    DSP48E2_X2Y24        DSP_MULTIPLIER (Prop_DSP_MULTIPLIER_DSP48E2_B2B1[16]_U[43])
                                                      0.737    33.157 f  design_2_i/llama_engine_axi_0/U0/u_engine/u_sw/SHIFT_LEFT26__3/DSP_MULTIPLIER_INST/U[43]
                         net (fo=1, routed)           0.000    33.157    design_2_i/llama_engine_axi_0/U0/u_engine/u_sw/SHIFT_LEFT26__3/DSP_MULTIPLIER.U<43>
    DSP48E2_X2Y24        DSP_M_DATA (Prop_DSP_M_DATA_DSP48E2_U[43]_U_DATA[43])
                                                      0.059    33.216 r  design_2_i/llama_engine_axi_0/U0/u_engine/u_sw/SHIFT_LEFT26__3/DSP_M_DATA_INST/U_DATA[43]
                         net (fo=1, routed)           0.000    33.216    design_2_i/llama_engine_axi_0/U0/u_engine/u_sw/SHIFT_LEFT26__3/DSP_M_DATA.U_DATA<43>
    DSP48E2_X2Y24        DSP_ALU (Prop_DSP_ALU_DSP48E2_U_DATA[43]_ALU_OUT[47])
                                                      0.699    33.915 f  design_2_i/llama_engine_axi_0/U0/u_engine/u_sw/SHIFT_LEFT26__3/DSP_ALU_INST/ALU_OUT[47]
                         net (fo=1, routed)           0.000    33.915    design_2_i/llama_engine_axi_0/U0/u_engine/u_sw/SHIFT_LEFT26__3/DSP_ALU.ALU_OUT<47>
    DSP48E2_X2Y24        DSP_OUTPUT (Prop_DSP_OUTPUT_DSP48E2_ALU_OUT[47]_PCOUT[47])
                                                      0.159    34.074 r  design_2_i/llama_engine_axi_0/U0/u_engine/u_sw/SHIFT_LEFT26__3/DSP_OUTPUT_INST/PCOUT[47]
                         net (fo=1, routed)           0.016    34.090    design_2_i/llama_engine_axi_0/U0/u_engine/u_sw/SHIFT_LEFT26__4/PCIN[47]
    DSP48E2_X2Y25        DSP_ALU (Prop_DSP_ALU_DSP48E2_PCIN[47]_ALU_OUT[0])
                                                      0.698    34.788 f  design_2_i/llama_engine_axi_0/U0/u_engine/u_sw/SHIFT_LEFT26__4/DSP_ALU_INST/ALU_OUT[0]
                         net (fo=1, routed)           0.000    34.788    design_2_i/llama_engine_axi_0/U0/u_engine/u_sw/SHIFT_LEFT26__4/DSP_ALU.ALU_OUT<0>
    DSP48E2_X2Y25        DSP_OUTPUT (Prop_DSP_OUTPUT_DSP48E2_ALU_OUT[0]_P[0])
                                                      0.141    34.929 r  design_2_i/llama_engine_axi_0/U0/u_engine/u_sw/SHIFT_LEFT26__4/DSP_OUTPUT_INST/P[0]
                         net (fo=1, routed)           0.475    35.404    design_2_i/llama_engine_axi_0/U0/u_engine/u_sw/SHIFT_LEFT26__4_n_105
    SLICE_X26Y55         LUT2 (Prop_C6LUT_SLICEL_I1_O)
                                                      0.063    35.467 r  design_2_i/llama_engine_axi_0/U0/u_engine/u_sw/o_wdata[27]_i_7/O
                         net (fo=1, routed)           0.011    35.478    design_2_i/llama_engine_axi_0/U0/u_engine/u_sw/o_wdata[27]_i_7_n_0
    SLICE_X26Y55         CARRY8 (Prop_CARRY8_SLICEL_S[2]_O[5])
                                                      0.245    35.723 r  design_2_i/llama_engine_axi_0/U0/u_engine/u_sw/o_wdata_reg[27]_i_1/O[5]
                         net (fo=1, routed)           0.031    35.754    design_2_i/llama_engine_axi_0/U0/u_engine/u_sw/o_wdata_reg[27]_i_1_n_10
    SLICE_X26Y55         FDRE                                         r  design_2_i/llama_engine_axi_0/U0/u_engine/u_sw/o_wdata_reg[25]/D
  -------------------------------------------------------------------    -------------------

                         (clock clk_pl_0 rise edge)
                                                    337.503   337.503 r  
    PS8_X0Y0             PS8                          0.000   337.503 r  design_2_i/zynq_ultra_ps_e_0/inst/PS8_i/PLCLK[0]
                         net (fo=1, routed)           0.140   337.643    design_2_i/zynq_ultra_ps_e_0/inst/pl_clk_unbuffered[0]
    BUFG_PS_X0Y58        BUFG_PS (Prop_BUFG_PS_I_O)
                                                      0.027   337.670 r  design_2_i/zynq_ultra_ps_e_0/inst/buffer_pl_clk_0.PL_CLK_0_BUFG/O
    X0Y1 (CLOCK_ROOT)    net (fo=56092, routed)       1.584   339.254    design_2_i/llama_engine_axi_0/U0/u_engine/u_sw/clk
    SLICE_X26Y55         FDRE                                         r  design_2_i/llama_engine_axi_0/U0/u_engine/u_sw/o_wdata_reg[25]/C
                         clock pessimism              0.107   339.361    
                         clock uncertainty           -0.876   338.485    
    SLICE_X26Y55         FDRE (Setup_FFF_SLICEL_C_D)
                                                      0.027   338.512    design_2_i/llama_engine_axi_0/U0/u_engine/u_sw/o_wdata_reg[25]
  -------------------------------------------------------------------
                         required time                        338.512    
                         arrival time                         -35.754    
  -------------------------------------------------------------------
                         slack                                302.758    

Slack (MET) :             302.772ns  (required time - arrival time)
  Source:                 design_2_i/llama_engine_axi_0/U0/u_engine/u_sw/idx_reg[3]/C
                            (rising edge-triggered cell FDRE clocked by clk_pl_0  {rise@0.000ns fall@168.751ns period=337.503ns})
  Destination:            design_2_i/llama_engine_axi_0/U0/u_engine/u_sw/o_wdata_reg[26]/D
                            (rising edge-triggered cell FDRE clocked by clk_pl_0  {rise@0.000ns fall@168.751ns period=337.503ns})
  Path Group:             clk_pl_0
  Path Type:              Setup (Max at Slow Process Corner)
  Requirement:            337.503ns  (clk_pl_0 rise@337.503ns - clk_pl_0 rise@0.000ns)
  Data Path Delay:        33.669ns  (logic 14.691ns (43.634%)  route 18.978ns (56.366%))
  Logic Levels:           74  (CARRY8=26 DSP_A_B_DATA=3 DSP_ALU=7 DSP_M_DATA=3 DSP_MULTIPLIER=3 DSP_OUTPUT=7 DSP_PREADD_DATA=3 LUT1=1 LUT2=4 LUT3=2 LUT4=1 LUT5=4 LUT6=9 MUXF8=1)
  Clock Path Skew:        -0.213ns (DCD - SCD + CPR)
    Destination Clock Delay (DCD):    1.751ns = ( 339.254 - 337.503 ) 
    Source Clock Delay      (SCD):    2.071ns
    Clock Pessimism Removal (CPR):    0.107ns
  Clock Uncertainty:      0.876ns  ((TSJ^2 + DJ^2)^1/2) / 2 + PE
    Total System Jitter     (TSJ):    0.071ns
    Discrete Jitter          (DJ):    1.750ns
    Phase Error              (PE):    0.000ns
  Clock Net Delay (Source):      1.864ns (routing 0.638ns, distribution 1.226ns)
  Clock Net Delay (Destination): 1.584ns (routing 0.576ns, distribution 1.008ns)

    Location             Delay type                Incr(ns)  Path(ns)    Netlist Resource(s)
  -------------------------------------------------------------------    -------------------
                         (clock clk_pl_0 rise edge)
                                                      0.000     0.000 r  
    PS8_X0Y0             PS8                          0.000     0.000 r  design_2_i/zynq_ultra_ps_e_0/inst/PS8_i/PLCLK[0]
                         net (fo=1, routed)           0.178     0.178    design_2_i/zynq_ultra_ps_e_0/inst/pl_clk_unbuffered[0]
    BUFG_PS_X0Y58        BUFG_PS (Prop_BUFG_PS_I_O)
                                                      0.029     0.207 r  design_2_i/zynq_ultra_ps_e_0/inst/buffer_pl_clk_0.PL_CLK_0_BUFG/O
    X0Y1 (CLOCK_ROOT)    net (fo=56092, routed)       1.864     2.071    design_2_i/llama_engine_axi_0/U0/u_engine/u_sw/clk
    SLICE_X31Y64         FDRE                                         r  design_2_i/llama_engine_axi_0/U0/u_engine/u_sw/idx_reg[3]/C
  -------------------------------------------------------------------    -------------------
    SLICE_X31Y64         FDRE (Prop_EFF2_SLICEM_C_Q)
                                                      0.098     2.169 r  design_2_i/llama_engine_axi_0/U0/u_engine/u_sw/idx_reg[3]/Q
                         net (fo=336, routed)         3.665     5.834    design_2_i/llama_engine_axi_0/U0/u_engine/u_sw/idx_reg_n_0_[3]
    SLICE_X47Y3          MUXF8 (Prop_F8MUX_BOT_SLICEL_S_O)
                                                      0.089     5.923 r  design_2_i/llama_engine_axi_0/U0/u_engine/u_sw/ARG__4_i_215/O
                         net (fo=1, routed)           1.013     6.936    design_2_i/llama_engine_axi_0/U0/u_engine/u_sw/ARG__4_i_215_n_0
    SLICE_X36Y36         LUT6 (Prop_C6LUT_SLICEL_I0_O)
                                                      0.174     7.110 r  design_2_i/llama_engine_axi_0/U0/u_engine/u_sw/ARG__4_i_149/O
                         net (fo=3, routed)           0.504     7.614    design_2_i/llama_engine_axi_0/U0/u_engine/u_sw/ARG__4_i_149_n_0
    SLICE_X32Y40         LUT5 (Prop_E6LUT_SLICEL_I2_O)
                                                      0.116     7.730 r  design_2_i/llama_engine_axi_0/U0/u_engine/u_sw/ARG__4_i_97/O
                         net (fo=7, routed)           0.372     8.101    design_2_i/llama_engine_axi_0/U0/u_engine/u_sw/ARG__4_i_97_n_0
    SLICE_X34Y44         LUT5 (Prop_E6LUT_SLICEM_I0_O)
                                                      0.177     8.278 r  design_2_i/llama_engine_axi_0/U0/u_engine/u_sw/ARG__4_i_351/O
                         net (fo=1, routed)           0.015     8.293    design_2_i/llama_engine_axi_0/U0/u_engine/u_sw/ARG__4_i_351_n_0
    SLICE_X34Y44         CARRY8 (Prop_CARRY8_SLICEM_S[4]_CO[7])
                                                      0.198     8.491 r  design_2_i/llama_engine_axi_0/U0/u_engine/u_sw/ARG__4_i_202/CO[7]
                         net (fo=1, routed)           0.028     8.519    design_2_i/llama_engine_axi_0/U0/u_engine/u_sw/ARG__4_i_202_n_0
    SLICE_X34Y45         CARRY8 (Prop_CARRY8_SLICEM_CI_CO[7])
                                                      0.023     8.542 r  design_2_i/llama_engine_axi_0/U0/u_engine/u_sw/ARG__4_i_201/CO[7]
                         net (fo=1, routed)           0.028     8.570    design_2_i/llama_engine_axi_0/U0/u_engine/u_sw/ARG__4_i_201_n_0
    SLICE_X34Y46         CARRY8 (Prop_CARRY8_SLICEM_CI_CO[7])
                                                      0.023     8.593 r  design_2_i/llama_engine_axi_0/U0/u_engine/u_sw/ARG__4_i_199/CO[7]
                         net (fo=1, routed)           0.028     8.621    design_2_i/llama_engine_axi_0/U0/u_engine/u_sw/ARG__4_i_199_n_0
    SLICE_X34Y47         CARRY8 (Prop_CARRY8_SLICEM_CI_CO[7])
                                                      0.023     8.644 r  design_2_i/llama_engine_axi_0/U0/u_engine/u_sw/ARG__4_i_200/CO[7]
                         net (fo=1, routed)           0.028     8.672    design_2_i/llama_engine_axi_0/U0/u_engine/u_sw/ARG__4_i_200_n_0
    SLICE_X34Y48         CARRY8 (Prop_CARRY8_SLICEM_CI_CO[7])
                                                      0.023     8.695 r  design_2_i/llama_engine_axi_0/U0/u_engine/u_sw/SHIFT_LEFT26_i_391/CO[7]
                         net (fo=1, routed)           0.028     8.723    design_2_i/llama_engine_axi_0/U0/u_engine/u_sw/SHIFT_LEFT26_i_391_n_0
    SLICE_X34Y49         CARRY8 (Prop_CARRY8_SLICEM_CI_CO[7])
                                                      0.023     8.746 r  design_2_i/llama_engine_axi_0/U0/u_engine/u_sw/SHIFT_LEFT26_i_222/CO[7]
                         net (fo=1, routed)           0.028     8.774    design_2_i/llama_engine_axi_0/U0/u_engine/u_sw/SHIFT_LEFT26_i_222_n_0
    SLICE_X34Y50         CARRY8 (Prop_CARRY8_SLICEM_CI_CO[7])
                                                      0.023     8.797 r  design_2_i/llama_engine_axi_0/U0/u_engine/u_sw/SHIFT_LEFT26_i_73/CO[7]
                         net (fo=1, routed)           0.028     8.825    design_2_i/llama_engine_axi_0/U0/u_engine/u_sw/SHIFT_LEFT26_i_73_n_0
    SLICE_X34Y51         CARRY8 (Prop_CARRY8_SLICEM_CI_O[7])
                                                      0.146     8.971 f  design_2_i/llama_engine_axi_0/U0/u_engine/u_sw/SHIFT_LEFT26_i_33/O[7]
                         net (fo=69, routed)          0.542     9.514    design_2_i/llama_engine_axi_0/U0/u_engine/u_sw/SHIFT_LEFT26_i_33_n_8
    SLICE_X31Y48         LUT6 (Prop_F6LUT_SLICEM_I0_O)
                                                      0.113     9.627 f  design_2_i/llama_engine_axi_0/U0/u_engine/u_sw/SHIFT_LEFT26_i_460/O
                         net (fo=4, routed)           0.493    10.120    design_2_i/llama_engine_axi_0/U0/u_engine/u_sw/SHIFT_LEFT26_i_460_n_0
    SLICE_X36Y46         LUT6 (Prop_E6LUT_SLICEL_I3_O)
                                                      0.176    10.296 f  design_2_i/llama_engine_axi_0/U0/u_engine/u_sw/SHIFT_LEFT26_i_289/O
                         net (fo=2, routed)           0.497    10.793    design_2_i/llama_engine_axi_0/U0/u_engine/u_sw/SHIFT_LEFT26_i_289_n_0
    SLICE_X38Y46         LUT3 (Prop_H5LUT_SLICEL_I0_O)
                                                      0.118    10.911 f  design_2_i/llama_engine_axi_0/U0/u_engine/u_sw/SHIFT_LEFT26_i_131/O
                         net (fo=2, routed)           0.237    11.148    design_2_i/llama_engine_axi_0/U0/u_engine/u_sw/SHIFT_LEFT26_i_131_n_0
    SLICE_X38Y41         LUT5 (Prop_F6LUT_SLICEL_I0_O)
                                                      0.177    11.325 f  design_2_i/llama_engine_axi_0/U0/u_engine/u_sw/SHIFT_LEFT26__1_i_10/O
                         net (fo=1, routed)           0.397    11.722    design_2_i/llama_engine_axi_0/U0/u_engine/u_sw/SHIFT_LEFT26__1_i_10_n_0
    SLICE_X37Y39         LUT6 (Prop_G6LUT_SLICEM_I0_O)
                                                      0.100    11.822 f  design_2_i/llama_engine_axi_0/U0/u_engine/u_sw/SHIFT_LEFT26__1_i_1/O
                         net (fo=6, routed)           0.167    11.990    design_2_i/llama_engine_axi_0/U0/u_engine/u_sw/z_q[16]
    SLICE_X37Y42         LUT1 (Prop_B6LUT_SLICEM_I0_O)
                                                      0.063    12.053 r  design_2_i/llama_engine_axi_0/U0/u_engine/u_sw/ARG_i_121/O
                         net (fo=1, routed)           0.018    12.071    design_2_i/llama_engine_axi_0/U0/u_engine/u_sw/ARG_i_121_n_0
    SLICE_X37Y42         CARRY8 (Prop_CARRY8_SLICEM_S[1]_CO[7])
                                                      0.238    12.309 r  design_2_i/llama_engine_axi_0/U0/u_engine/u_sw/ARG_i_52/CO[7]
                         net (fo=1, routed)           0.028    12.337    design_2_i/llama_engine_axi_0/U0/u_engine/u_sw/ARG_i_52_n_0
    SLICE_X37Y43         CARRY8 (Prop_CARRY8_SLICEM_CI_CO[7])
                                                      0.023    12.360 r  design_2_i/llama_engine_axi_0/U0/u_engine/u_sw/ARG_i_110/CO[7]
                         net (fo=1, routed)           0.028    12.388    design_2_i/llama_engine_axi_0/U0/u_engine/u_sw/ARG_i_110_n_0
    SLICE_X37Y44         CARRY8 (Prop_CARRY8_SLICEM_CI_CO[1])
                                                      0.055    12.443 r  design_2_i/llama_engine_axi_0/U0/u_engine/u_sw/ARG_i_33/CO[1]
                         net (fo=131, routed)         1.034    13.476    design_2_i/llama_engine_axi_0/U0/u_engine/u_sw/ARG_i_33_n_6
    SLICE_X38Y45         CARRY8 (Prop_CARRY8_SLICEL_S[0]_CO[3])
                                                      0.230    13.706 r  design_2_i/llama_engine_axi_0/U0/u_engine/u_sw/ARG_i_53/CO[3]
                         net (fo=123, routed)         0.304    14.010    design_2_i/llama_engine_axi_0/U0/u_engine/u_sw/k1
    SLICE_X39Y41         LUT6 (Prop_H6LUT_SLICEM_I4_O)
                                                      0.151    14.161 r  design_2_i/llama_engine_axi_0/U0/u_engine/u_sw/ARG__2_i_35/O
                         net (fo=661, routed)         2.075    16.236    design_2_i/llama_engine_axi_0/U0/u_engine/u_sw/k[4]
    SLICE_X48Y99         LUT6 (Prop_G6LUT_SLICEM_I1_O)
                                                      0.064    16.300 r  design_2_i/llama_engine_axi_0/U0/u_engine/u_sw/ARG__1_i_139/O
                         net (fo=1, routed)           0.179    16.479    design_2_i/llama_engine_axi_0/U0/u_engine/u_sw/ARG__1_i_139_n_0
    SLICE_X48Y99         LUT6 (Prop_E6LUT_SLICEM_I1_O)
                                                      0.063    16.542 r  design_2_i/llama_engine_axi_0/U0/u_engine/u_sw/ARG__1_i_42/O
                         net (fo=1, routed)           0.550    17.092    design_2_i/llama_engine_axi_0/U0/u_engine/u_sw/ARG__1_i_42_n_0
    SLICE_X45Y98         LUT6 (Prop_B6LUT_SLICEM_I1_O)
                                                      0.039    17.131 r  design_2_i/llama_engine_axi_0/U0/u_engine/u_sw/ARG__1_i_5/O
                         net (fo=2, routed)           0.831    17.962    design_2_i/llama_engine_axi_0/U0/u_engine/u_sw/ARG__1_i_5_n_0
    SLICE_X44Y49         LUT6 (Prop_F6LUT_SLICEL_I0_O)
                                                      0.114    18.076 r  design_2_i/llama_engine_axi_0/U0/u_engine/u_sw/ARG__1_i_13/O
                         net (fo=1, routed)           0.012    18.088    design_2_i/llama_engine_axi_0/U0/u_engine/u_sw/ARG__1_i_13_n_0
    SLICE_X44Y49         CARRY8 (Prop_CARRY8_SLICEL_S[5]_CO[7])
                                                      0.197    18.285 r  design_2_i/llama_engine_axi_0/U0/u_engine/u_sw/ARG__1_i_1/CO[7]
                         net (fo=1, routed)           0.028    18.313    design_2_i/llama_engine_axi_0/U0/u_engine/u_sw/ARG__1_i_1_n_0
    SLICE_X44Y50         CARRY8 (Prop_CARRY8_SLICEL_CI_O[0])
                                                      0.072    18.385 f  design_2_i/llama_engine_axi_0/U0/u_engine/u_sw/ARG_i_2/O[0]
                         net (fo=4, routed)           0.484    18.870    design_2_i/llama_engine_axi_0/U0/u_engine/u_sw/ARG__1/A[16]
    DSP48E2_X3Y20        DSP_A_B_DATA (Prop_DSP_A_B_DATA_DSP48E2_A[16]_A2_DATA[16])
                                                      0.241    19.111 r  design_2_i/llama_engine_axi_0/U0/u_engine/u_sw/ARG__1/DSP_A_B_DATA_INST/A2_DATA[16]
                         net (fo=1, routed)           0.000    19.111    design_2_i/llama_engine_axi_0/U0/u_engine/u_sw/ARG__1/DSP_A_B_DATA.A2_DATA<16>
    DSP48E2_X3Y20        DSP_PREADD_DATA (Prop_DSP_PREADD_DATA_DSP48E2_A2_DATA[16]_A2A1[16])
                                                      0.098    19.209 r  design_2_i/llama_engine_axi_0/U0/u_engine/u_sw/ARG__1/DSP_PREADD_DATA_INST/A2A1[16]
                         net (fo=1, routed)           0.000    19.209    design_2_i/llama_engine_axi_0/U0/u_engine/u_sw/ARG__1/DSP_PREADD_DATA.A2A1<16>
    DSP48E2_X3Y20        DSP_MULTIPLIER (Prop_DSP_MULTIPLIER_DSP48E2_A2A1[16]_U[36])
                                                      0.647    19.856 f  design_2_i/llama_engine_axi_0/U0/u_engine/u_sw/ARG__1/DSP_MULTIPLIER_INST/U[36]
                         net (fo=1, routed)           0.000    19.856    design_2_i/llama_engine_axi_0/U0/u_engine/u_sw/ARG__1/DSP_MULTIPLIER.U<36>
    DSP48E2_X3Y20        DSP_M_DATA (Prop_DSP_M_DATA_DSP48E2_U[36]_U_DATA[36])
                                                      0.059    19.915 r  design_2_i/llama_engine_axi_0/U0/u_engine/u_sw/ARG__1/DSP_M_DATA_INST/U_DATA[36]
                         net (fo=1, routed)           0.000    19.915    design_2_i/llama_engine_axi_0/U0/u_engine/u_sw/ARG__1/DSP_M_DATA.U_DATA<36>
    DSP48E2_X3Y20        DSP_ALU (Prop_DSP_ALU_DSP48E2_U_DATA[36]_ALU_OUT[47])
                                                      0.699    20.614 f  design_2_i/llama_engine_axi_0/U0/u_engine/u_sw/ARG__1/DSP_ALU_INST/ALU_OUT[47]
                         net (fo=1, routed)           0.000    20.614    design_2_i/llama_engine_axi_0/U0/u_engine/u_sw/ARG__1/DSP_ALU.ALU_OUT<47>
    DSP48E2_X3Y20        DSP_OUTPUT (Prop_DSP_OUTPUT_DSP48E2_ALU_OUT[47]_PCOUT[47])
                                                      0.159    20.773 r  design_2_i/llama_engine_axi_0/U0/u_engine/u_sw/ARG__1/DSP_OUTPUT_INST/PCOUT[47]
                         net (fo=1, routed)           0.016    20.789    design_2_i/llama_engine_axi_0/U0/u_engine/u_sw/ARG__2/PCIN[47]
    DSP48E2_X3Y21        DSP_ALU (Prop_DSP_ALU_DSP48E2_PCIN[47]_ALU_OUT[47])
                                                      0.698    21.487 f  design_2_i/llama_engine_axi_0/U0/u_engine/u_sw/ARG__2/DSP_ALU_INST/ALU_OUT[47]
                         net (fo=1, routed)           0.000    21.487    design_2_i/llama_engine_axi_0/U0/u_engine/u_sw/ARG__2/DSP_ALU.ALU_OUT<47>
    DSP48E2_X3Y21        DSP_OUTPUT (Prop_DSP_OUTPUT_DSP48E2_ALU_OUT[47]_PCOUT[47])
                                                      0.159    21.646 r  design_2_i/llama_engine_axi_0/U0/u_engine/u_sw/ARG__2/DSP_OUTPUT_INST/PCOUT[47]
                         net (fo=1, routed)           0.042    21.688    design_2_i/llama_engine_axi_0/U0/u_engine/u_sw/ARG__3/PCIN[47]
    DSP48E2_X3Y22        DSP_ALU (Prop_DSP_ALU_DSP48E2_PCIN[47]_ALU_OUT[4])
                                                      0.698    22.386 f  design_2_i/llama_engine_axi_0/U0/u_engine/u_sw/ARG__3/DSP_ALU_INST/ALU_OUT[4]
                         net (fo=1, routed)           0.000    22.386    design_2_i/llama_engine_axi_0/U0/u_engine/u_sw/ARG__3/DSP_ALU.ALU_OUT<4>
    DSP48E2_X3Y22        DSP_OUTPUT (Prop_DSP_OUTPUT_DSP48E2_ALU_OUT[4]_P[4])
                                                      0.141    22.527 r  design_2_i/llama_engine_axi_0/U0/u_engine/u_sw/ARG__3/DSP_OUTPUT_INST/P[4]
                         net (fo=2, routed)           0.350    22.877    design_2_i/llama_engine_axi_0/U0/u_engine/u_sw/ARG__3_n_101
    SLICE_X42Y53         LUT3 (Prop_G5LUT_SLICEM_I1_O)
                                                      0.084    22.961 r  design_2_i/llama_engine_axi_0/U0/u_engine/u_sw/SHIFT_LEFT26_i_324/O
                         net (fo=2, routed)           0.540    23.501    design_2_i/llama_engine_axi_0/U0/u_engine/u_sw/SHIFT_LEFT26_i_324_n_0
    SLICE_X42Y53         LUT4 (Prop_H6LUT_SLICEM_I3_O)
                                                      0.100    23.601 r  design_2_i/llama_engine_axi_0/U0/u_engine/u_sw/SHIFT_LEFT26_i_329/O
                         net (fo=1, routed)           0.017    23.618    design_2_i/llama_engine_axi_0/U0/u_engine/u_sw/SHIFT_LEFT26_i_329_n_0
    SLICE_X42Y53         CARRY8 (Prop_CARRY8_SLICEM_S[7]_CO[7])
                                                      0.150    23.768 r  design_2_i/llama_engine_axi_0/U0/u_engine/u_sw/SHIFT_LEFT26_i_158/CO[7]
                         net (fo=1, routed)           0.028    23.796    design_2_i/llama_engine_axi_0/U0/u_engine/u_sw/SHIFT_LEFT26_i_158_n_0
    SLICE_X42Y54         CARRY8 (Prop_CARRY8_SLICEM_CI_O[4])
                                                      0.109    23.905 r  design_2_i/llama_engine_axi_0/U0/u_engine/u_sw/SHIFT_LEFT26__0_i_17/O[4]
                         net (fo=3, routed)           0.286    24.191    design_2_i/llama_engine_axi_0/U0/u_engine/u_sw/p_0_in[49]
    SLICE_X43Y54         LUT2 (Prop_B6LUT_SLICEM_I1_O)
                                                      0.178    24.369 r  design_2_i/llama_engine_axi_0/U0/u_engine/u_sw/SHIFT_LEFT26__0_i_24/O
                         net (fo=1, routed)           0.018    24.387    design_2_i/llama_engine_axi_0/U0/u_engine/u_sw/SHIFT_LEFT26__0_i_24_n_0
    SLICE_X43Y54         CARRY8 (Prop_CARRY8_SLICEM_S[1]_CO[7])
                                                      0.238    24.625 r  design_2_i/llama_engine_axi_0/U0/u_engine/u_sw/SHIFT_LEFT26__0_i_15/CO[7]
                         net (fo=1, routed)           0.028    24.653    design_2_i/llama_engine_axi_0/U0/u_engine/u_sw/SHIFT_LEFT26__0_i_15_n_0
    SLICE_X43Y55         CARRY8 (Prop_CARRY8_SLICEM_CI_O[4])
                                                      0.109    24.762 f  design_2_i/llama_engine_axi_0/U0/u_engine/u_sw/SHIFT_LEFT26_i_69/O[4]
                         net (fo=2, routed)           0.345    25.107    design_2_i/llama_engine_axi_0/U0/u_engine/u_sw/SHIFT_LEFT26_i_69_n_11
    SLICE_X41Y53         LUT2 (Prop_F6LUT_SLICEL_I0_O)
                                                      0.177    25.284 r  design_2_i/llama_engine_axi_0/U0/u_engine/u_sw/SHIFT_LEFT26_i_318/O
                         net (fo=1, routed)           0.012    25.296    design_2_i/llama_engine_axi_0/U0/u_engine/u_sw/SHIFT_LEFT26_i_318_n_0
    SLICE_X41Y53         CARRY8 (Prop_CARRY8_SLICEL_S[5]_CO[7])
                                                      0.197    25.493 r  design_2_i/llama_engine_axi_0/U0/u_engine/u_sw/SHIFT_LEFT26_i_149/CO[7]
                         net (fo=1, routed)           0.028    25.521    design_2_i/llama_engine_axi_0/U0/u_engine/u_sw/SHIFT_LEFT26_i_149_n_0
    SLICE_X41Y54         CARRY8 (Prop_CARRY8_SLICEL_CI_CO[7])
                                                      0.030    25.551 r  design_2_i/llama_engine_axi_0/U0/u_engine/u_sw/SHIFT_LEFT26_i_67/CO[7]
                         net (fo=31, routed)          0.504    26.056    design_2_i/llama_engine_axi_0/U0/u_engine/u_sw/sigmoid_q1
    SLICE_X40Y43         LUT5 (Prop_F6LUT_SLICEM_I1_O)
                                                      0.177    26.233 f  design_2_i/llama_engine_axi_0/U0/u_engine/u_sw/SHIFT_LEFT26_i_30/O
                         net (fo=2, routed)           0.522    26.755    design_2_i/llama_engine_axi_0/U0/u_engine/u_sw/SHIFT_LEFT26__1/B[2]
    DSP48E2_X3Y18        DSP_A_B_DATA (Prop_DSP_A_B_DATA_DSP48E2_B[2]_B2_DATA[2])
                                                      0.195    26.950 r  design_2_i/llama_engine_axi_0/U0/u_engine/u_sw/SHIFT_LEFT26__1/DSP_A_B_DATA_INST/B2_DATA[2]
                         net (fo=1, routed)           0.000    26.950    design_2_i/llama_engine_axi_0/U0/u_engine/u_sw/SHIFT_LEFT26__1/DSP_A_B_DATA.B2_DATA<2>
    DSP48E2_X3Y18        DSP_PREADD_DATA (Prop_DSP_PREADD_DATA_DSP48E2_B2_DATA[2]_B2B1[2])
                                                      0.092    27.042 r  design_2_i/llama_engine_axi_0/U0/u_engine/u_sw/SHIFT_LEFT26__1/DSP_PREADD_DATA_INST/B2B1[2]
                         net (fo=1, routed)           0.000    27.042    design_2_i/llama_engine_axi_0/U0/u_engine/u_sw/SHIFT_LEFT26__1/DSP_PREADD_DATA.B2B1<2>
    DSP48E2_X3Y18        DSP_MULTIPLIER (Prop_DSP_MULTIPLIER_DSP48E2_B2B1[2]_U[33])
                                                      0.737    27.779 f  design_2_i/llama_engine_axi_0/U0/u_engine/u_sw/SHIFT_LEFT26__1/DSP_MULTIPLIER_INST/U[33]
                         net (fo=1, routed)           0.000    27.779    design_2_i/llama_engine_axi_0/U0/u_engine/u_sw/SHIFT_LEFT26__1/DSP_MULTIPLIER.U<33>
    DSP48E2_X3Y18        DSP_M_DATA (Prop_DSP_M_DATA_DSP48E2_U[33]_U_DATA[33])
                                                      0.059    27.838 r  design_2_i/llama_engine_axi_0/U0/u_engine/u_sw/SHIFT_LEFT26__1/DSP_M_DATA_INST/U_DATA[33]
                         net (fo=1, routed)           0.000    27.838    design_2_i/llama_engine_axi_0/U0/u_engine/u_sw/SHIFT_LEFT26__1/DSP_M_DATA.U_DATA<33>
    DSP48E2_X3Y18        DSP_ALU (Prop_DSP_ALU_DSP48E2_U_DATA[33]_ALU_OUT[47])
                                                      0.699    28.537 f  design_2_i/llama_engine_axi_0/U0/u_engine/u_sw/SHIFT_LEFT26__1/DSP_ALU_INST/ALU_OUT[47]
                         net (fo=1, routed)           0.000    28.537    design_2_i/llama_engine_axi_0/U0/u_engine/u_sw/SHIFT_LEFT26__1/DSP_ALU.ALU_OUT<47>
    DSP48E2_X3Y18        DSP_OUTPUT (Prop_DSP_OUTPUT_DSP48E2_ALU_OUT[47]_PCOUT[47])
                                                      0.159    28.696 r  design_2_i/llama_engine_axi_0/U0/u_engine/u_sw/SHIFT_LEFT26__1/DSP_OUTPUT_INST/PCOUT[47]
                         net (fo=1, routed)           0.016    28.712    design_2_i/llama_engine_axi_0/U0/u_engine/u_sw/SHIFT_LEFT26__2/PCIN[47]
    DSP48E2_X3Y19        DSP_ALU (Prop_DSP_ALU_DSP48E2_PCIN[47]_ALU_OUT[11])
                                                      0.698    29.410 f  design_2_i/llama_engine_axi_0/U0/u_engine/u_sw/SHIFT_LEFT26__2/DSP_ALU_INST/ALU_OUT[11]
                         net (fo=1, routed)           0.000    29.410    design_2_i/llama_engine_axi_0/U0/u_engine/u_sw/SHIFT_LEFT26__2/DSP_ALU.ALU_OUT<11>
    DSP48E2_X3Y19        DSP_OUTPUT (Prop_DSP_OUTPUT_DSP48E2_ALU_OUT[11]_P[11])
                                                      0.141    29.551 r  design_2_i/llama_engine_axi_0/U0/u_engine/u_sw/SHIFT_LEFT26__2/DSP_OUTPUT_INST/P[11]
                         net (fo=2, routed)           0.762    30.313    design_2_i/llama_engine_axi_0/U0/u_engine/u_sw/SHIFT_LEFT26__2_n_94
    SLICE_X39Y46         LUT2 (Prop_E6LUT_SLICEM_I0_O)
                                                      0.148    30.461 r  design_2_i/llama_engine_axi_0/U0/u_engine/u_sw/SHIFT_LEFT26__3_i_50/O
                         net (fo=1, routed)           0.015    30.476    design_2_i/llama_engine_axi_0/U0/u_engine/u_sw/SHIFT_LEFT26__3_i_50_n_0
    SLICE_X39Y46         CARRY8 (Prop_CARRY8_SLICEM_S[4]_CO[7])
                                                      0.198    30.674 r  design_2_i/llama_engine_axi_0/U0/u_engine/u_sw/SHIFT_LEFT26__3_i_4/CO[7]
                         net (fo=1, routed)           0.028    30.702    design_2_i/llama_engine_axi_0/U0/u_engine/u_sw/SHIFT_LEFT26__3_i_4_n_0
    SLICE_X39Y47         CARRY8 (Prop_CARRY8_SLICEM_CI_CO[7])
                                                      0.023    30.725 r  design_2_i/llama_engine_axi_0/U0/u_engine/u_sw/SHIFT_LEFT26__3_i_3/CO[7]
                         net (fo=1, routed)           0.028    30.753    design_2_i/llama_engine_axi_0/U0/u_engine/u_sw/SHIFT_LEFT26__3_i_3_n_0
    SLICE_X39Y48         CARRY8 (Prop_CARRY8_SLICEM_CI_CO[7])
                                                      0.023    30.776 r  design_2_i/llama_engine_axi_0/U0/u_engine/u_sw/SHIFT_LEFT26__3_i_2/CO[7]
                         net (fo=1, routed)           0.028    30.804    design_2_i/llama_engine_axi_0/U0/u_engine/u_sw/SHIFT_LEFT26__3_i_2_n_0
    SLICE_X39Y49         CARRY8 (Prop_CARRY8_SLICEM_CI_CO[7])
                                                      0.023    30.827 r  design_2_i/llama_engine_axi_0/U0/u_engine/u_sw/SHIFT_LEFT26__3_i_22/CO[7]
                         net (fo=1, routed)           0.028    30.855    design_2_i/llama_engine_axi_0/U0/u_engine/u_sw/SHIFT_LEFT26__3_i_22_n_0
    SLICE_X39Y50         CARRY8 (Prop_CARRY8_SLICEM_CI_O[7])
                                                      0.146    31.001 f  design_2_i/llama_engine_axi_0/U0/u_engine/u_sw/SHIFT_LEFT26__3_i_1/O[7]
                         net (fo=20, routed)          1.132    32.133    design_2_i/llama_engine_axi_0/U0/u_engine/u_sw/SHIFT_LEFT26__3/B[16]
    DSP48E2_X2Y24        DSP_A_B_DATA (Prop_DSP_A_B_DATA_DSP48E2_B[16]_B2_DATA[16])
                                                      0.195    32.328 r  design_2_i/llama_engine_axi_0/U0/u_engine/u_sw/SHIFT_LEFT26__3/DSP_A_B_DATA_INST/B2_DATA[16]
                         net (fo=1, routed)           0.000    32.328    design_2_i/llama_engine_axi_0/U0/u_engine/u_sw/SHIFT_LEFT26__3/DSP_A_B_DATA.B2_DATA<16>
    DSP48E2_X2Y24        DSP_PREADD_DATA (Prop_DSP_PREADD_DATA_DSP48E2_B2_DATA[16]_B2B1[16])
                                                      0.092    32.420 r  design_2_i/llama_engine_axi_0/U0/u_engine/u_sw/SHIFT_LEFT26__3/DSP_PREADD_DATA_INST/B2B1[16]
                         net (fo=1, routed)           0.000    32.420    design_2_i/llama_engine_axi_0/U0/u_engine/u_sw/SHIFT_LEFT26__3/DSP_PREADD_DATA.B2B1<16>
    DSP48E2_X2Y24        DSP_MULTIPLIER (Prop_DSP_MULTIPLIER_DSP48E2_B2B1[16]_U[43])
                                                      0.737    33.157 f  design_2_i/llama_engine_axi_0/U0/u_engine/u_sw/SHIFT_LEFT26__3/DSP_MULTIPLIER_INST/U[43]
                         net (fo=1, routed)           0.000    33.157    design_2_i/llama_engine_axi_0/U0/u_engine/u_sw/SHIFT_LEFT26__3/DSP_MULTIPLIER.U<43>
    DSP48E2_X2Y24        DSP_M_DATA (Prop_DSP_M_DATA_DSP48E2_U[43]_U_DATA[43])
                                                      0.059    33.216 r  design_2_i/llama_engine_axi_0/U0/u_engine/u_sw/SHIFT_LEFT26__3/DSP_M_DATA_INST/U_DATA[43]
                         net (fo=1, routed)           0.000    33.216    design_2_i/llama_engine_axi_0/U0/u_engine/u_sw/SHIFT_LEFT26__3/DSP_M_DATA.U_DATA<43>
    DSP48E2_X2Y24        DSP_ALU (Prop_DSP_ALU_DSP48E2_U_DATA[43]_ALU_OUT[47])
                                                      0.699    33.915 f  design_2_i/llama_engine_axi_0/U0/u_engine/u_sw/SHIFT_LEFT26__3/DSP_ALU_INST/ALU_OUT[47]
                         net (fo=1, routed)           0.000    33.915    design_2_i/llama_engine_axi_0/U0/u_engine/u_sw/SHIFT_LEFT26__3/DSP_ALU.ALU_OUT<47>
    DSP48E2_X2Y24        DSP_OUTPUT (Prop_DSP_OUTPUT_DSP48E2_ALU_OUT[47]_PCOUT[47])
                                                      0.159    34.074 r  design_2_i/llama_engine_axi_0/U0/u_engine/u_sw/SHIFT_LEFT26__3/DSP_OUTPUT_INST/PCOUT[47]
                         net (fo=1, routed)           0.016    34.090    design_2_i/llama_engine_axi_0/U0/u_engine/u_sw/SHIFT_LEFT26__4/PCIN[47]
    DSP48E2_X2Y25        DSP_ALU (Prop_DSP_ALU_DSP48E2_PCIN[47]_ALU_OUT[0])
                                                      0.698    34.788 f  design_2_i/llama_engine_axi_0/U0/u_engine/u_sw/SHIFT_LEFT26__4/DSP_ALU_INST/ALU_OUT[0]
                         net (fo=1, routed)           0.000    34.788    design_2_i/llama_engine_axi_0/U0/u_engine/u_sw/SHIFT_LEFT26__4/DSP_ALU.ALU_OUT<0>
    DSP48E2_X2Y25        DSP_OUTPUT (Prop_DSP_OUTPUT_DSP48E2_ALU_OUT[0]_P[0])
                                                      0.141    34.929 r  design_2_i/llama_engine_axi_0/U0/u_engine/u_sw/SHIFT_LEFT26__4/DSP_OUTPUT_INST/P[0]
                         net (fo=1, routed)           0.475    35.404    design_2_i/llama_engine_axi_0/U0/u_engine/u_sw/SHIFT_LEFT26__4_n_105
    SLICE_X26Y55         LUT2 (Prop_C6LUT_SLICEL_I1_O)
                                                      0.063    35.467 r  design_2_i/llama_engine_axi_0/U0/u_engine/u_sw/o_wdata[27]_i_7/O
                         net (fo=1, routed)           0.011    35.478    design_2_i/llama_engine_axi_0/U0/u_engine/u_sw/o_wdata[27]_i_7_n_0
    SLICE_X26Y55         CARRY8 (Prop_CARRY8_SLICEL_S[2]_O[6])
                                                      0.230    35.708 r  design_2_i/llama_engine_axi_0/U0/u_engine/u_sw/o_wdata_reg[27]_i_1/O[6]
                         net (fo=1, routed)           0.032    35.740    design_2_i/llama_engine_axi_0/U0/u_engine/u_sw/o_wdata_reg[27]_i_1_n_9
    SLICE_X26Y55         FDRE                                         r  design_2_i/llama_engine_axi_0/U0/u_engine/u_sw/o_wdata_reg[26]/D
  -------------------------------------------------------------------    -------------------

                         (clock clk_pl_0 rise edge)
                                                    337.503   337.503 r  
    PS8_X0Y0             PS8                          0.000   337.503 r  design_2_i/zynq_ultra_ps_e_0/inst/PS8_i/PLCLK[0]
                         net (fo=1, routed)           0.140   337.643    design_2_i/zynq_ultra_ps_e_0/inst/pl_clk_unbuffered[0]
    BUFG_PS_X0Y58        BUFG_PS (Prop_BUFG_PS_I_O)
                                                      0.027   337.670 r  design_2_i/zynq_ultra_ps_e_0/inst/buffer_pl_clk_0.PL_CLK_0_BUFG/O
    X0Y1 (CLOCK_ROOT)    net (fo=56092, routed)       1.584   339.254    design_2_i/llama_engine_axi_0/U0/u_engine/u_sw/clk
    SLICE_X26Y55         FDRE                                         r  design_2_i/llama_engine_axi_0/U0/u_engine/u_sw/o_wdata_reg[26]/C
                         clock pessimism              0.107   339.361    
                         clock uncertainty           -0.876   338.485    
    SLICE_X26Y55         FDRE (Setup_GFF_SLICEL_C_D)
                                                      0.027   338.512    design_2_i/llama_engine_axi_0/U0/u_engine/u_sw/o_wdata_reg[26]
  -------------------------------------------------------------------
                         required time                        338.512    
                         arrival time                         -35.740    
  -------------------------------------------------------------------
                         slack                                302.772    

Slack (MET) :             302.800ns  (required time - arrival time)
  Source:                 design_2_i/llama_engine_axi_0/U0/u_engine/u_sw/idx_reg[3]/C
                            (rising edge-triggered cell FDRE clocked by clk_pl_0  {rise@0.000ns fall@168.751ns period=337.503ns})
  Destination:            design_2_i/llama_engine_axi_0/U0/u_engine/u_sw/o_wdata_reg[24]/D
                            (rising edge-triggered cell FDRE clocked by clk_pl_0  {rise@0.000ns fall@168.751ns period=337.503ns})
  Path Group:             clk_pl_0
  Path Type:              Setup (Max at Slow Process Corner)
  Requirement:            337.503ns  (clk_pl_0 rise@337.503ns - clk_pl_0 rise@0.000ns)
  Data Path Delay:        33.641ns  (logic 14.665ns (43.593%)  route 18.976ns (56.407%))
  Logic Levels:           74  (CARRY8=26 DSP_A_B_DATA=3 DSP_ALU=7 DSP_M_DATA=3 DSP_MULTIPLIER=3 DSP_OUTPUT=7 DSP_PREADD_DATA=3 LUT1=1 LUT2=4 LUT3=2 LUT4=1 LUT5=4 LUT6=9 MUXF8=1)
  Clock Path Skew:        -0.213ns (DCD - SCD + CPR)
    Destination Clock Delay (DCD):    1.751ns = ( 339.254 - 337.503 ) 
    Source Clock Delay      (SCD):    2.071ns
    Clock Pessimism Removal (CPR):    0.107ns
  Clock Uncertainty:      0.876ns  ((TSJ^2 + DJ^2)^1/2) / 2 + PE
    Total System Jitter     (TSJ):    0.071ns
    Discrete Jitter          (DJ):    1.750ns
    Phase Error              (PE):    0.000ns
  Clock Net Delay (Source):      1.864ns (routing 0.638ns, distribution 1.226ns)
  Clock Net Delay (Destination): 1.584ns (routing 0.576ns, distribution 1.008ns)

    Location             Delay type                Incr(ns)  Path(ns)    Netlist Resource(s)
  -------------------------------------------------------------------    -------------------
                         (clock clk_pl_0 rise edge)
                                                      0.000     0.000 r  
    PS8_X0Y0             PS8                          0.000     0.000 r  design_2_i/zynq_ultra_ps_e_0/inst/PS8_i/PLCLK[0]
                         net (fo=1, routed)           0.178     0.178    design_2_i/zynq_ultra_ps_e_0/inst/pl_clk_unbuffered[0]
    BUFG_PS_X0Y58        BUFG_PS (Prop_BUFG_PS_I_O)
                                                      0.029     0.207 r  design_2_i/zynq_ultra_ps_e_0/inst/buffer_pl_clk_0.PL_CLK_0_BUFG/O
    X0Y1 (CLOCK_ROOT)    net (fo=56092, routed)       1.864     2.071    design_2_i/llama_engine_axi_0/U0/u_engine/u_sw/clk
    SLICE_X31Y64         FDRE                                         r  design_2_i/llama_engine_axi_0/U0/u_engine/u_sw/idx_reg[3]/C
  -------------------------------------------------------------------    -------------------
    SLICE_X31Y64         FDRE (Prop_EFF2_SLICEM_C_Q)
                                                      0.098     2.169 r  design_2_i/llama_engine_axi_0/U0/u_engine/u_sw/idx_reg[3]/Q
                         net (fo=336, routed)         3.665     5.834    design_2_i/llama_engine_axi_0/U0/u_engine/u_sw/idx_reg_n_0_[3]
    SLICE_X47Y3          MUXF8 (Prop_F8MUX_BOT_SLICEL_S_O)
                                                      0.089     5.923 r  design_2_i/llama_engine_axi_0/U0/u_engine/u_sw/ARG__4_i_215/O
                         net (fo=1, routed)           1.013     6.936    design_2_i/llama_engine_axi_0/U0/u_engine/u_sw/ARG__4_i_215_n_0
    SLICE_X36Y36         LUT6 (Prop_C6LUT_SLICEL_I0_O)
                                                      0.174     7.110 r  design_2_i/llama_engine_axi_0/U0/u_engine/u_sw/ARG__4_i_149/O
                         net (fo=3, routed)           0.504     7.614    design_2_i/llama_engine_axi_0/U0/u_engine/u_sw/ARG__4_i_149_n_0
    SLICE_X32Y40         LUT5 (Prop_E6LUT_SLICEL_I2_O)
                                                      0.116     7.730 r  design_2_i/llama_engine_axi_0/U0/u_engine/u_sw/ARG__4_i_97/O
                         net (fo=7, routed)           0.372     8.101    design_2_i/llama_engine_axi_0/U0/u_engine/u_sw/ARG__4_i_97_n_0
    SLICE_X34Y44         LUT5 (Prop_E6LUT_SLICEM_I0_O)
                                                      0.177     8.278 r  design_2_i/llama_engine_axi_0/U0/u_engine/u_sw/ARG__4_i_351/O
                         net (fo=1, routed)           0.015     8.293    design_2_i/llama_engine_axi_0/U0/u_engine/u_sw/ARG__4_i_351_n_0
    SLICE_X34Y44         CARRY8 (Prop_CARRY8_SLICEM_S[4]_CO[7])
                                                      0.198     8.491 r  design_2_i/llama_engine_axi_0/U0/u_engine/u_sw/ARG__4_i_202/CO[7]
                         net (fo=1, routed)           0.028     8.519    design_2_i/llama_engine_axi_0/U0/u_engine/u_sw/ARG__4_i_202_n_0
    SLICE_X34Y45         CARRY8 (Prop_CARRY8_SLICEM_CI_CO[7])
                                                      0.023     8.542 r  design_2_i/llama_engine_axi_0/U0/u_engine/u_sw/ARG__4_i_201/CO[7]
                         net (fo=1, routed)           0.028     8.570    design_2_i/llama_engine_axi_0/U0/u_engine/u_sw/ARG__4_i_201_n_0
    SLICE_X34Y46         CARRY8 (Prop_CARRY8_SLICEM_CI_CO[7])
                                                      0.023     8.593 r  design_2_i/llama_engine_axi_0/U0/u_engine/u_sw/ARG__4_i_199/CO[7]
                         net (fo=1, routed)           0.028     8.621    design_2_i/llama_engine_axi_0/U0/u_engine/u_sw/ARG__4_i_199_n_0
    SLICE_X34Y47         CARRY8 (Prop_CARRY8_SLICEM_CI_CO[7])
                                                      0.023     8.644 r  design_2_i/llama_engine_axi_0/U0/u_engine/u_sw/ARG__4_i_200/CO[7]
                         net (fo=1, routed)           0.028     8.672    design_2_i/llama_engine_axi_0/U0/u_engine/u_sw/ARG__4_i_200_n_0
    SLICE_X34Y48         CARRY8 (Prop_CARRY8_SLICEM_CI_CO[7])
                                                      0.023     8.695 r  design_2_i/llama_engine_axi_0/U0/u_engine/u_sw/SHIFT_LEFT26_i_391/CO[7]
                         net (fo=1, routed)           0.028     8.723    design_2_i/llama_engine_axi_0/U0/u_engine/u_sw/SHIFT_LEFT26_i_391_n_0
    SLICE_X34Y49         CARRY8 (Prop_CARRY8_SLICEM_CI_CO[7])
                                                      0.023     8.746 r  design_2_i/llama_engine_axi_0/U0/u_engine/u_sw/SHIFT_LEFT26_i_222/CO[7]
                         net (fo=1, routed)           0.028     8.774    design_2_i/llama_engine_axi_0/U0/u_engine/u_sw/SHIFT_LEFT26_i_222_n_0
    SLICE_X34Y50         CARRY8 (Prop_CARRY8_SLICEM_CI_CO[7])
                                                      0.023     8.797 r  design_2_i/llama_engine_axi_0/U0/u_engine/u_sw/SHIFT_LEFT26_i_73/CO[7]
                         net (fo=1, routed)           0.028     8.825    design_2_i/llama_engine_axi_0/U0/u_engine/u_sw/SHIFT_LEFT26_i_73_n_0
    SLICE_X34Y51         CARRY8 (Prop_CARRY8_SLICEM_CI_O[7])
                                                      0.146     8.971 f  design_2_i/llama_engine_axi_0/U0/u_engine/u_sw/SHIFT_LEFT26_i_33/O[7]
                         net (fo=69, routed)          0.542     9.514    design_2_i/llama_engine_axi_0/U0/u_engine/u_sw/SHIFT_LEFT26_i_33_n_8
    SLICE_X31Y48         LUT6 (Prop_F6LUT_SLICEM_I0_O)
                                                      0.113     9.627 f  design_2_i/llama_engine_axi_0/U0/u_engine/u_sw/SHIFT_LEFT26_i_460/O
                         net (fo=4, routed)           0.493    10.120    design_2_i/llama_engine_axi_0/U0/u_engine/u_sw/SHIFT_LEFT26_i_460_n_0
    SLICE_X36Y46         LUT6 (Prop_E6LUT_SLICEL_I3_O)
                                                      0.176    10.296 f  design_2_i/llama_engine_axi_0/U0/u_engine/u_sw/SHIFT_LEFT26_i_289/O
                         net (fo=2, routed)           0.497    10.793    design_2_i/llama_engine_axi_0/U0/u_engine/u_sw/SHIFT_LEFT26_i_289_n_0
    SLICE_X38Y46         LUT3 (Prop_H5LUT_SLICEL_I0_O)
                                                      0.118    10.911 f  design_2_i/llama_engine_axi_0/U0/u_engine/u_sw/SHIFT_LEFT26_i_131/O
                         net (fo=2, routed)           0.237    11.148    design_2_i/llama_engine_axi_0/U0/u_engine/u_sw/SHIFT_LEFT26_i_131_n_0
    SLICE_X38Y41         LUT5 (Prop_F6LUT_SLICEL_I0_O)
                                                      0.177    11.325 f  design_2_i/llama_engine_axi_0/U0/u_engine/u_sw/SHIFT_LEFT26__1_i_10/O
                         net (fo=1, routed)           0.397    11.722    design_2_i/llama_engine_axi_0/U0/u_engine/u_sw/SHIFT_LEFT26__1_i_10_n_0
    SLICE_X37Y39         LUT6 (Prop_G6LUT_SLICEM_I0_O)
                                                      0.100    11.822 f  design_2_i/llama_engine_axi_0/U0/u_engine/u_sw/SHIFT_LEFT26__1_i_1/O
                         net (fo=6, routed)           0.167    11.990    design_2_i/llama_engine_axi_0/U0/u_engine/u_sw/z_q[16]
    SLICE_X37Y42         LUT1 (Prop_B6LUT_SLICEM_I0_O)
                                                      0.063    12.053 r  design_2_i/llama_engine_axi_0/U0/u_engine/u_sw/ARG_i_121/O
                         net (fo=1, routed)           0.018    12.071    design_2_i/llama_engine_axi_0/U0/u_engine/u_sw/ARG_i_121_n_0
    SLICE_X37Y42         CARRY8 (Prop_CARRY8_SLICEM_S[1]_CO[7])
                                                      0.238    12.309 r  design_2_i/llama_engine_axi_0/U0/u_engine/u_sw/ARG_i_52/CO[7]
                         net (fo=1, routed)           0.028    12.337    design_2_i/llama_engine_axi_0/U0/u_engine/u_sw/ARG_i_52_n_0
    SLICE_X37Y43         CARRY8 (Prop_CARRY8_SLICEM_CI_CO[7])
                                                      0.023    12.360 r  design_2_i/llama_engine_axi_0/U0/u_engine/u_sw/ARG_i_110/CO[7]
                         net (fo=1, routed)           0.028    12.388    design_2_i/llama_engine_axi_0/U0/u_engine/u_sw/ARG_i_110_n_0
    SLICE_X37Y44         CARRY8 (Prop_CARRY8_SLICEM_CI_CO[1])
                                                      0.055    12.443 r  design_2_i/llama_engine_axi_0/U0/u_engine/u_sw/ARG_i_33/CO[1]
                         net (fo=131, routed)         1.034    13.476    design_2_i/llama_engine_axi_0/U0/u_engine/u_sw/ARG_i_33_n_6
    SLICE_X38Y45         CARRY8 (Prop_CARRY8_SLICEL_S[0]_CO[3])
                                                      0.230    13.706 r  design_2_i/llama_engine_axi_0/U0/u_engine/u_sw/ARG_i_53/CO[3]
                         net (fo=123, routed)         0.304    14.010    design_2_i/llama_engine_axi_0/U0/u_engine/u_sw/k1
    SLICE_X39Y41         LUT6 (Prop_H6LUT_SLICEM_I4_O)
                                                      0.151    14.161 r  design_2_i/llama_engine_axi_0/U0/u_engine/u_sw/ARG__2_i_35/O
                         net (fo=661, routed)         2.075    16.236    design_2_i/llama_engine_axi_0/U0/u_engine/u_sw/k[4]
    SLICE_X48Y99         LUT6 (Prop_G6LUT_SLICEM_I1_O)
                                                      0.064    16.300 r  design_2_i/llama_engine_axi_0/U0/u_engine/u_sw/ARG__1_i_139/O
                         net (fo=1, routed)           0.179    16.479    design_2_i/llama_engine_axi_0/U0/u_engine/u_sw/ARG__1_i_139_n_0
    SLICE_X48Y99         LUT6 (Prop_E6LUT_SLICEM_I1_O)
                                                      0.063    16.542 r  design_2_i/llama_engine_axi_0/U0/u_engine/u_sw/ARG__1_i_42/O
                         net (fo=1, routed)           0.550    17.092    design_2_i/llama_engine_axi_0/U0/u_engine/u_sw/ARG__1_i_42_n_0
    SLICE_X45Y98         LUT6 (Prop_B6LUT_SLICEM_I1_O)
                                                      0.039    17.131 r  design_2_i/llama_engine_axi_0/U0/u_engine/u_sw/ARG__1_i_5/O
                         net (fo=2, routed)           0.831    17.962    design_2_i/llama_engine_axi_0/U0/u_engine/u_sw/ARG__1_i_5_n_0
    SLICE_X44Y49         LUT6 (Prop_F6LUT_SLICEL_I0_O)
                                                      0.114    18.076 r  design_2_i/llama_engine_axi_0/U0/u_engine/u_sw/ARG__1_i_13/O
                         net (fo=1, routed)           0.012    18.088    design_2_i/llama_engine_axi_0/U0/u_engine/u_sw/ARG__1_i_13_n_0
    SLICE_X44Y49         CARRY8 (Prop_CARRY8_SLICEL_S[5]_CO[7])
                                                      0.197    18.285 r  design_2_i/llama_engine_axi_0/U0/u_engine/u_sw/ARG__1_i_1/CO[7]
                         net (fo=1, routed)           0.028    18.313    design_2_i/llama_engine_axi_0/U0/u_engine/u_sw/ARG__1_i_1_n_0
    SLICE_X44Y50         CARRY8 (Prop_CARRY8_SLICEL_CI_O[0])
                                                      0.072    18.385 f  design_2_i/llama_engine_axi_0/U0/u_engine/u_sw/ARG_i_2/O[0]
                         net (fo=4, routed)           0.484    18.870    design_2_i/llama_engine_axi_0/U0/u_engine/u_sw/ARG__1/A[16]
    DSP48E2_X3Y20        DSP_A_B_DATA (Prop_DSP_A_B_DATA_DSP48E2_A[16]_A2_DATA[16])
                                                      0.241    19.111 r  design_2_i/llama_engine_axi_0/U0/u_engine/u_sw/ARG__1/DSP_A_B_DATA_INST/A2_DATA[16]
                         net (fo=1, routed)           0.000    19.111    design_2_i/llama_engine_axi_0/U0/u_engine/u_sw/ARG__1/DSP_A_B_DATA.A2_DATA<16>
    DSP48E2_X3Y20        DSP_PREADD_DATA (Prop_DSP_PREADD_DATA_DSP48E2_A2_DATA[16]_A2A1[16])
                                                      0.098    19.209 r  design_2_i/llama_engine_axi_0/U0/u_engine/u_sw/ARG__1/DSP_PREADD_DATA_INST/A2A1[16]
                         net (fo=1, routed)           0.000    19.209    design_2_i/llama_engine_axi_0/U0/u_engine/u_sw/ARG__1/DSP_PREADD_DATA.A2A1<16>
    DSP48E2_X3Y20        DSP_MULTIPLIER (Prop_DSP_MULTIPLIER_DSP48E2_A2A1[16]_U[36])
                                                      0.647    19.856 f  design_2_i/llama_engine_axi_0/U0/u_engine/u_sw/ARG__1/DSP_MULTIPLIER_INST/U[36]
                         net (fo=1, routed)           0.000    19.856    design_2_i/llama_engine_axi_0/U0/u_engine/u_sw/ARG__1/DSP_MULTIPLIER.U<36>
    DSP48E2_X3Y20        DSP_M_DATA (Prop_DSP_M_DATA_DSP48E2_U[36]_U_DATA[36])
                                                      0.059    19.915 r  design_2_i/llama_engine_axi_0/U0/u_engine/u_sw/ARG__1/DSP_M_DATA_INST/U_DATA[36]
                         net (fo=1, routed)           0.000    19.915    design_2_i/llama_engine_axi_0/U0/u_engine/u_sw/ARG__1/DSP_M_DATA.U_DATA<36>
    DSP48E2_X3Y20        DSP_ALU (Prop_DSP_ALU_DSP48E2_U_DATA[36]_ALU_OUT[47])
                                                      0.699    20.614 f  design_2_i/llama_engine_axi_0/U0/u_engine/u_sw/ARG__1/DSP_ALU_INST/ALU_OUT[47]
                         net (fo=1, routed)           0.000    20.614    design_2_i/llama_engine_axi_0/U0/u_engine/u_sw/ARG__1/DSP_ALU.ALU_OUT<47>
    DSP48E2_X3Y20        DSP_OUTPUT (Prop_DSP_OUTPUT_DSP48E2_ALU_OUT[47]_PCOUT[47])
                                                      0.159    20.773 r  design_2_i/llama_engine_axi_0/U0/u_engine/u_sw/ARG__1/DSP_OUTPUT_INST/PCOUT[47]
                         net (fo=1, routed)           0.016    20.789    design_2_i/llama_engine_axi_0/U0/u_engine/u_sw/ARG__2/PCIN[47]
    DSP48E2_X3Y21        DSP_ALU (Prop_DSP_ALU_DSP48E2_PCIN[47]_ALU_OUT[47])
                                                      0.698    21.487 f  design_2_i/llama_engine_axi_0/U0/u_engine/u_sw/ARG__2/DSP_ALU_INST/ALU_OUT[47]
                         net (fo=1, routed)           0.000    21.487    design_2_i/llama_engine_axi_0/U0/u_engine/u_sw/ARG__2/DSP_ALU.ALU_OUT<47>
    DSP48E2_X3Y21        DSP_OUTPUT (Prop_DSP_OUTPUT_DSP48E2_ALU_OUT[47]_PCOUT[47])
                                                      0.159    21.646 r  design_2_i/llama_engine_axi_0/U0/u_engine/u_sw/ARG__2/DSP_OUTPUT_INST/PCOUT[47]
                         net (fo=1, routed)           0.042    21.688    design_2_i/llama_engine_axi_0/U0/u_engine/u_sw/ARG__3/PCIN[47]
    DSP48E2_X3Y22        DSP_ALU (Prop_DSP_ALU_DSP48E2_PCIN[47]_ALU_OUT[4])
                                                      0.698    22.386 f  design_2_i/llama_engine_axi_0/U0/u_engine/u_sw/ARG__3/DSP_ALU_INST/ALU_OUT[4]
                         net (fo=1, routed)           0.000    22.386    design_2_i/llama_engine_axi_0/U0/u_engine/u_sw/ARG__3/DSP_ALU.ALU_OUT<4>
    DSP48E2_X3Y22        DSP_OUTPUT (Prop_DSP_OUTPUT_DSP48E2_ALU_OUT[4]_P[4])
                                                      0.141    22.527 r  design_2_i/llama_engine_axi_0/U0/u_engine/u_sw/ARG__3/DSP_OUTPUT_INST/P[4]
                         net (fo=2, routed)           0.350    22.877    design_2_i/llama_engine_axi_0/U0/u_engine/u_sw/ARG__3_n_101
    SLICE_X42Y53         LUT3 (Prop_G5LUT_SLICEM_I1_O)
                                                      0.084    22.961 r  design_2_i/llama_engine_axi_0/U0/u_engine/u_sw/SHIFT_LEFT26_i_324/O
                         net (fo=2, routed)           0.540    23.501    design_2_i/llama_engine_axi_0/U0/u_engine/u_sw/SHIFT_LEFT26_i_324_n_0
    SLICE_X42Y53         LUT4 (Prop_H6LUT_SLICEM_I3_O)
                                                      0.100    23.601 r  design_2_i/llama_engine_axi_0/U0/u_engine/u_sw/SHIFT_LEFT26_i_329/O
                         net (fo=1, routed)           0.017    23.618    design_2_i/llama_engine_axi_0/U0/u_engine/u_sw/SHIFT_LEFT26_i_329_n_0
    SLICE_X42Y53         CARRY8 (Prop_CARRY8_SLICEM_S[7]_CO[7])
                                                      0.150    23.768 r  design_2_i/llama_engine_axi_0/U0/u_engine/u_sw/SHIFT_LEFT26_i_158/CO[7]
                         net (fo=1, routed)           0.028    23.796    design_2_i/llama_engine_axi_0/U0/u_engine/u_sw/SHIFT_LEFT26_i_158_n_0
    SLICE_X42Y54         CARRY8 (Prop_CARRY8_SLICEM_CI_O[4])
                                                      0.109    23.905 r  design_2_i/llama_engine_axi_0/U0/u_engine/u_sw/SHIFT_LEFT26__0_i_17/O[4]
                         net (fo=3, routed)           0.286    24.191    design_2_i/llama_engine_axi_0/U0/u_engine/u_sw/p_0_in[49]
    SLICE_X43Y54         LUT2 (Prop_B6LUT_SLICEM_I1_O)
                                                      0.178    24.369 r  design_2_i/llama_engine_axi_0/U0/u_engine/u_sw/SHIFT_LEFT26__0_i_24/O
                         net (fo=1, routed)           0.018    24.387    design_2_i/llama_engine_axi_0/U0/u_engine/u_sw/SHIFT_LEFT26__0_i_24_n_0
    SLICE_X43Y54         CARRY8 (Prop_CARRY8_SLICEM_S[1]_CO[7])
                                                      0.238    24.625 r  design_2_i/llama_engine_axi_0/U0/u_engine/u_sw/SHIFT_LEFT26__0_i_15/CO[7]
                         net (fo=1, routed)           0.028    24.653    design_2_i/llama_engine_axi_0/U0/u_engine/u_sw/SHIFT_LEFT26__0_i_15_n_0
    SLICE_X43Y55         CARRY8 (Prop_CARRY8_SLICEM_CI_O[4])
                                                      0.109    24.762 f  design_2_i/llama_engine_axi_0/U0/u_engine/u_sw/SHIFT_LEFT26_i_69/O[4]
                         net (fo=2, routed)           0.345    25.107    design_2_i/llama_engine_axi_0/U0/u_engine/u_sw/SHIFT_LEFT26_i_69_n_11
    SLICE_X41Y53         LUT2 (Prop_F6LUT_SLICEL_I0_O)
                                                      0.177    25.284 r  design_2_i/llama_engine_axi_0/U0/u_engine/u_sw/SHIFT_LEFT26_i_318/O
                         net (fo=1, routed)           0.012    25.296    design_2_i/llama_engine_axi_0/U0/u_engine/u_sw/SHIFT_LEFT26_i_318_n_0
    SLICE_X41Y53         CARRY8 (Prop_CARRY8_SLICEL_S[5]_CO[7])
                                                      0.197    25.493 r  design_2_i/llama_engine_axi_0/U0/u_engine/u_sw/SHIFT_LEFT26_i_149/CO[7]
                         net (fo=1, routed)           0.028    25.521    design_2_i/llama_engine_axi_0/U0/u_engine/u_sw/SHIFT_LEFT26_i_149_n_0
    SLICE_X41Y54         CARRY8 (Prop_CARRY8_SLICEL_CI_CO[7])
                                                      0.030    25.551 r  design_2_i/llama_engine_axi_0/U0/u_engine/u_sw/SHIFT_LEFT26_i_67/CO[7]
                         net (fo=31, routed)          0.504    26.056    design_2_i/llama_engine_axi_0/U0/u_engine/u_sw/sigmoid_q1
    SLICE_X40Y43         LUT5 (Prop_F6LUT_SLICEM_I1_O)
                                                      0.177    26.233 f  design_2_i/llama_engine_axi_0/U0/u_engine/u_sw/SHIFT_LEFT26_i_30/O
                         net (fo=2, routed)           0.522    26.755    design_2_i/llama_engine_axi_0/U0/u_engine/u_sw/SHIFT_LEFT26__1/B[2]
    DSP48E2_X3Y18        DSP_A_B_DATA (Prop_DSP_A_B_DATA_DSP48E2_B[2]_B2_DATA[2])
                                                      0.195    26.950 r  design_2_i/llama_engine_axi_0/U0/u_engine/u_sw/SHIFT_LEFT26__1/DSP_A_B_DATA_INST/B2_DATA[2]
                         net (fo=1, routed)           0.000    26.950    design_2_i/llama_engine_axi_0/U0/u_engine/u_sw/SHIFT_LEFT26__1/DSP_A_B_DATA.B2_DATA<2>
    DSP48E2_X3Y18        DSP_PREADD_DATA (Prop_DSP_PREADD_DATA_DSP48E2_B2_DATA[2]_B2B1[2])
                                                      0.092    27.042 r  design_2_i/llama_engine_axi_0/U0/u_engine/u_sw/SHIFT_LEFT26__1/DSP_PREADD_DATA_INST/B2B1[2]
                         net (fo=1, routed)           0.000    27.042    design_2_i/llama_engine_axi_0/U0/u_engine/u_sw/SHIFT_LEFT26__1/DSP_PREADD_DATA.B2B1<2>
    DSP48E2_X3Y18        DSP_MULTIPLIER (Prop_DSP_MULTIPLIER_DSP48E2_B2B1[2]_U[33])
                                                      0.737    27.779 f  design_2_i/llama_engine_axi_0/U0/u_engine/u_sw/SHIFT_LEFT26__1/DSP_MULTIPLIER_INST/U[33]
                         net (fo=1, routed)           0.000    27.779    design_2_i/llama_engine_axi_0/U0/u_engine/u_sw/SHIFT_LEFT26__1/DSP_MULTIPLIER.U<33>
    DSP48E2_X3Y18        DSP_M_DATA (Prop_DSP_M_DATA_DSP48E2_U[33]_U_DATA[33])
                                                      0.059    27.838 r  design_2_i/llama_engine_axi_0/U0/u_engine/u_sw/SHIFT_LEFT26__1/DSP_M_DATA_INST/U_DATA[33]
                         net (fo=1, routed)           0.000    27.838    design_2_i/llama_engine_axi_0/U0/u_engine/u_sw/SHIFT_LEFT26__1/DSP_M_DATA.U_DATA<33>
    DSP48E2_X3Y18        DSP_ALU (Prop_DSP_ALU_DSP48E2_U_DATA[33]_ALU_OUT[47])
                                                      0.699    28.537 f  design_2_i/llama_engine_axi_0/U0/u_engine/u_sw/SHIFT_LEFT26__1/DSP_ALU_INST/ALU_OUT[47]
                         net (fo=1, routed)           0.000    28.537    design_2_i/llama_engine_axi_0/U0/u_engine/u_sw/SHIFT_LEFT26__1/DSP_ALU.ALU_OUT<47>
    DSP48E2_X3Y18        DSP_OUTPUT (Prop_DSP_OUTPUT_DSP48E2_ALU_OUT[47]_PCOUT[47])
                                                      0.159    28.696 r  design_2_i/llama_engine_axi_0/U0/u_engine/u_sw/SHIFT_LEFT26__1/DSP_OUTPUT_INST/PCOUT[47]
                         net (fo=1, routed)           0.016    28.712    design_2_i/llama_engine_axi_0/U0/u_engine/u_sw/SHIFT_LEFT26__2/PCIN[47]
    DSP48E2_X3Y19        DSP_ALU (Prop_DSP_ALU_DSP48E2_PCIN[47]_ALU_OUT[11])
                                                      0.698    29.410 f  design_2_i/llama_engine_axi_0/U0/u_engine/u_sw/SHIFT_LEFT26__2/DSP_ALU_INST/ALU_OUT[11]
                         net (fo=1, routed)           0.000    29.410    design_2_i/llama_engine_axi_0/U0/u_engine/u_sw/SHIFT_LEFT26__2/DSP_ALU.ALU_OUT<11>
    DSP48E2_X3Y19        DSP_OUTPUT (Prop_DSP_OUTPUT_DSP48E2_ALU_OUT[11]_P[11])
                                                      0.141    29.551 r  design_2_i/llama_engine_axi_0/U0/u_engine/u_sw/SHIFT_LEFT26__2/DSP_OUTPUT_INST/P[11]
                         net (fo=2, routed)           0.762    30.313    design_2_i/llama_engine_axi_0/U0/u_engine/u_sw/SHIFT_LEFT26__2_n_94
    SLICE_X39Y46         LUT2 (Prop_E6LUT_SLICEM_I0_O)
                                                      0.148    30.461 r  design_2_i/llama_engine_axi_0/U0/u_engine/u_sw/SHIFT_LEFT26__3_i_50/O
                         net (fo=1, routed)           0.015    30.476    design_2_i/llama_engine_axi_0/U0/u_engine/u_sw/SHIFT_LEFT26__3_i_50_n_0
    SLICE_X39Y46         CARRY8 (Prop_CARRY8_SLICEM_S[4]_CO[7])
                                                      0.198    30.674 r  design_2_i/llama_engine_axi_0/U0/u_engine/u_sw/SHIFT_LEFT26__3_i_4/CO[7]
                         net (fo=1, routed)           0.028    30.702    design_2_i/llama_engine_axi_0/U0/u_engine/u_sw/SHIFT_LEFT26__3_i_4_n_0
    SLICE_X39Y47         CARRY8 (Prop_CARRY8_SLICEM_CI_CO[7])
                                                      0.023    30.725 r  design_2_i/llama_engine_axi_0/U0/u_engine/u_sw/SHIFT_LEFT26__3_i_3/CO[7]
                         net (fo=1, routed)           0.028    30.753    design_2_i/llama_engine_axi_0/U0/u_engine/u_sw/SHIFT_LEFT26__3_i_3_n_0
    SLICE_X39Y48         CARRY8 (Prop_CARRY8_SLICEM_CI_CO[7])
                                                      0.023    30.776 r  design_2_i/llama_engine_axi_0/U0/u_engine/u_sw/SHIFT_LEFT26__3_i_2/CO[7]
                         net (fo=1, routed)           0.028    30.804    design_2_i/llama_engine_axi_0/U0/u_engine/u_sw/SHIFT_LEFT26__3_i_2_n_0
    SLICE_X39Y49         CARRY8 (Prop_CARRY8_SLICEM_CI_CO[7])
                                                      0.023    30.827 r  design_2_i/llama_engine_axi_0/U0/u_engine/u_sw/SHIFT_LEFT26__3_i_22/CO[7]
                         net (fo=1, routed)           0.028    30.855    design_2_i/llama_engine_axi_0/U0/u_engine/u_sw/SHIFT_LEFT26__3_i_22_n_0
    SLICE_X39Y50         CARRY8 (Prop_CARRY8_SLICEM_CI_O[7])
                                                      0.146    31.001 f  design_2_i/llama_engine_axi_0/U0/u_engine/u_sw/SHIFT_LEFT26__3_i_1/O[7]
                         net (fo=20, routed)          1.132    32.133    design_2_i/llama_engine_axi_0/U0/u_engine/u_sw/SHIFT_LEFT26__3/B[16]
    DSP48E2_X2Y24        DSP_A_B_DATA (Prop_DSP_A_B_DATA_DSP48E2_B[16]_B2_DATA[16])
                                                      0.195    32.328 r  design_2_i/llama_engine_axi_0/U0/u_engine/u_sw/SHIFT_LEFT26__3/DSP_A_B_DATA_INST/B2_DATA[16]
                         net (fo=1, routed)           0.000    32.328    design_2_i/llama_engine_axi_0/U0/u_engine/u_sw/SHIFT_LEFT26__3/DSP_A_B_DATA.B2_DATA<16>
    DSP48E2_X2Y24        DSP_PREADD_DATA (Prop_DSP_PREADD_DATA_DSP48E2_B2_DATA[16]_B2B1[16])
                                                      0.092    32.420 r  design_2_i/llama_engine_axi_0/U0/u_engine/u_sw/SHIFT_LEFT26__3/DSP_PREADD_DATA_INST/B2B1[16]
                         net (fo=1, routed)           0.000    32.420    design_2_i/llama_engine_axi_0/U0/u_engine/u_sw/SHIFT_LEFT26__3/DSP_PREADD_DATA.B2B1<16>
    DSP48E2_X2Y24        DSP_MULTIPLIER (Prop_DSP_MULTIPLIER_DSP48E2_B2B1[16]_U[43])
                                                      0.737    33.157 f  design_2_i/llama_engine_axi_0/U0/u_engine/u_sw/SHIFT_LEFT26__3/DSP_MULTIPLIER_INST/U[43]
                         net (fo=1, routed)           0.000    33.157    design_2_i/llama_engine_axi_0/U0/u_engine/u_sw/SHIFT_LEFT26__3/DSP_MULTIPLIER.U<43>
    DSP48E2_X2Y24        DSP_M_DATA (Prop_DSP_M_DATA_DSP48E2_U[43]_U_DATA[43])
                                                      0.059    33.216 r  design_2_i/llama_engine_axi_0/U0/u_engine/u_sw/SHIFT_LEFT26__3/DSP_M_DATA_INST/U_DATA[43]
                         net (fo=1, routed)           0.000    33.216    design_2_i/llama_engine_axi_0/U0/u_engine/u_sw/SHIFT_LEFT26__3/DSP_M_DATA.U_DATA<43>
    DSP48E2_X2Y24        DSP_ALU (Prop_DSP_ALU_DSP48E2_U_DATA[43]_ALU_OUT[47])
                                                      0.699    33.915 f  design_2_i/llama_engine_axi_0/U0/u_engine/u_sw/SHIFT_LEFT26__3/DSP_ALU_INST/ALU_OUT[47]
                         net (fo=1, routed)           0.000    33.915    design_2_i/llama_engine_axi_0/U0/u_engine/u_sw/SHIFT_LEFT26__3/DSP_ALU.ALU_OUT<47>
    DSP48E2_X2Y24        DSP_OUTPUT (Prop_DSP_OUTPUT_DSP48E2_ALU_OUT[47]_PCOUT[47])
                                                      0.159    34.074 r  design_2_i/llama_engine_axi_0/U0/u_engine/u_sw/SHIFT_LEFT26__3/DSP_OUTPUT_INST/PCOUT[47]
                         net (fo=1, routed)           0.016    34.090    design_2_i/llama_engine_axi_0/U0/u_engine/u_sw/SHIFT_LEFT26__4/PCIN[47]
    DSP48E2_X2Y25        DSP_ALU (Prop_DSP_ALU_DSP48E2_PCIN[47]_ALU_OUT[0])
                                                      0.698    34.788 f  design_2_i/llama_engine_axi_0/U0/u_engine/u_sw/SHIFT_LEFT26__4/DSP_ALU_INST/ALU_OUT[0]
                         net (fo=1, routed)           0.000    34.788    design_2_i/llama_engine_axi_0/U0/u_engine/u_sw/SHIFT_LEFT26__4/DSP_ALU.ALU_OUT<0>
    DSP48E2_X2Y25        DSP_OUTPUT (Prop_DSP_OUTPUT_DSP48E2_ALU_OUT[0]_P[0])
                                                      0.141    34.929 r  design_2_i/llama_engine_axi_0/U0/u_engine/u_sw/SHIFT_LEFT26__4/DSP_OUTPUT_INST/P[0]
                         net (fo=1, routed)           0.475    35.404    design_2_i/llama_engine_axi_0/U0/u_engine/u_sw/SHIFT_LEFT26__4_n_105
    SLICE_X26Y55         LUT2 (Prop_C6LUT_SLICEL_I1_O)
                                                      0.063    35.467 r  design_2_i/llama_engine_axi_0/U0/u_engine/u_sw/o_wdata[27]_i_7/O
                         net (fo=1, routed)           0.011    35.478    design_2_i/llama_engine_axi_0/U0/u_engine/u_sw/o_wdata[27]_i_7_n_0
    SLICE_X26Y55         CARRY8 (Prop_CARRY8_SLICEL_S[2]_O[4])
                                                      0.204    35.682 r  design_2_i/llama_engine_axi_0/U0/u_engine/u_sw/o_wdata_reg[27]_i_1/O[4]
                         net (fo=1, routed)           0.030    35.712    design_2_i/llama_engine_axi_0/U0/u_engine/u_sw/o_wdata_reg[27]_i_1_n_11
    SLICE_X26Y55         FDRE                                         r  design_2_i/llama_engine_axi_0/U0/u_engine/u_sw/o_wdata_reg[24]/D
  -------------------------------------------------------------------    -------------------

                         (clock clk_pl_0 rise edge)
                                                    337.503   337.503 r  
    PS8_X0Y0             PS8                          0.000   337.503 r  design_2_i/zynq_ultra_ps_e_0/inst/PS8_i/PLCLK[0]
                         net (fo=1, routed)           0.140   337.643    design_2_i/zynq_ultra_ps_e_0/inst/pl_clk_unbuffered[0]
    BUFG_PS_X0Y58        BUFG_PS (Prop_BUFG_PS_I_O)
                                                      0.027   337.670 r  design_2_i/zynq_ultra_ps_e_0/inst/buffer_pl_clk_0.PL_CLK_0_BUFG/O
    X0Y1 (CLOCK_ROOT)    net (fo=56092, routed)       1.584   339.254    design_2_i/llama_engine_axi_0/U0/u_engine/u_sw/clk
    SLICE_X26Y55         FDRE                                         r  design_2_i/llama_engine_axi_0/U0/u_engine/u_sw/o_wdata_reg[24]/C
                         clock pessimism              0.107   339.361    
                         clock uncertainty           -0.876   338.485    
    SLICE_X26Y55         FDRE (Setup_EFF_SLICEL_C_D)
                                                      0.027   338.512    design_2_i/llama_engine_axi_0/U0/u_engine/u_sw/o_wdata_reg[24]
  -------------------------------------------------------------------
                         required time                        338.512    
                         arrival time                         -35.712    
  -------------------------------------------------------------------
                         slack                                302.800    

Slack (MET) :             302.895ns  (required time - arrival time)
  Source:                 design_2_i/llama_engine_axi_0/U0/u_engine/u_sw/idx_reg[3]/C
                            (rising edge-triggered cell FDRE clocked by clk_pl_0  {rise@0.000ns fall@168.751ns period=337.503ns})
  Destination:            design_2_i/llama_engine_axi_0/U0/u_engine/u_sw/o_wdata_reg[23]/D
                            (rising edge-triggered cell FDRE clocked by clk_pl_0  {rise@0.000ns fall@168.751ns period=337.503ns})
  Path Group:             clk_pl_0
  Path Type:              Setup (Max at Slow Process Corner)
  Requirement:            337.503ns  (clk_pl_0 rise@337.503ns - clk_pl_0 rise@0.000ns)
  Data Path Delay:        33.542ns  (logic 14.564ns (43.420%)  route 18.978ns (56.580%))
  Logic Levels:           74  (CARRY8=26 DSP_A_B_DATA=3 DSP_ALU=7 DSP_M_DATA=3 DSP_MULTIPLIER=3 DSP_OUTPUT=7 DSP_PREADD_DATA=3 LUT1=1 LUT2=4 LUT3=2 LUT4=1 LUT5=4 LUT6=9 MUXF8=1)
  Clock Path Skew:        -0.217ns (DCD - SCD + CPR)
    Destination Clock Delay (DCD):    1.747ns = ( 339.250 - 337.503 ) 
    Source Clock Delay      (SCD):    2.071ns
    Clock Pessimism Removal (CPR):    0.107ns
  Clock Uncertainty:      0.876ns  ((TSJ^2 + DJ^2)^1/2) / 2 + PE
    Total System Jitter     (TSJ):    0.071ns
    Discrete Jitter          (DJ):    1.750ns
    Phase Error              (PE):    0.000ns
  Clock Net Delay (Source):      1.864ns (routing 0.638ns, distribution 1.226ns)
  Clock Net Delay (Destination): 1.580ns (routing 0.576ns, distribution 1.004ns)

    Location             Delay type                Incr(ns)  Path(ns)    Netlist Resource(s)
  -------------------------------------------------------------------    -------------------
                         (clock clk_pl_0 rise edge)
                                                      0.000     0.000 r  
    PS8_X0Y0             PS8                          0.000     0.000 r  design_2_i/zynq_ultra_ps_e_0/inst/PS8_i/PLCLK[0]
                         net (fo=1, routed)           0.178     0.178    design_2_i/zynq_ultra_ps_e_0/inst/pl_clk_unbuffered[0]
    BUFG_PS_X0Y58        BUFG_PS (Prop_BUFG_PS_I_O)
                                                      0.029     0.207 r  design_2_i/zynq_ultra_ps_e_0/inst/buffer_pl_clk_0.PL_CLK_0_BUFG/O
    X0Y1 (CLOCK_ROOT)    net (fo=56092, routed)       1.864     2.071    design_2_i/llama_engine_axi_0/U0/u_engine/u_sw/clk
    SLICE_X31Y64         FDRE                                         r  design_2_i/llama_engine_axi_0/U0/u_engine/u_sw/idx_reg[3]/C
  -------------------------------------------------------------------    -------------------
    SLICE_X31Y64         FDRE (Prop_EFF2_SLICEM_C_Q)
                                                      0.098     2.169 r  design_2_i/llama_engine_axi_0/U0/u_engine/u_sw/idx_reg[3]/Q
                         net (fo=336, routed)         3.665     5.834    design_2_i/llama_engine_axi_0/U0/u_engine/u_sw/idx_reg_n_0_[3]
    SLICE_X47Y3          MUXF8 (Prop_F8MUX_BOT_SLICEL_S_O)
                                                      0.089     5.923 r  design_2_i/llama_engine_axi_0/U0/u_engine/u_sw/ARG__4_i_215/O
                         net (fo=1, routed)           1.013     6.936    design_2_i/llama_engine_axi_0/U0/u_engine/u_sw/ARG__4_i_215_n_0
    SLICE_X36Y36         LUT6 (Prop_C6LUT_SLICEL_I0_O)
                                                      0.174     7.110 r  design_2_i/llama_engine_axi_0/U0/u_engine/u_sw/ARG__4_i_149/O
                         net (fo=3, routed)           0.504     7.614    design_2_i/llama_engine_axi_0/U0/u_engine/u_sw/ARG__4_i_149_n_0
    SLICE_X32Y40         LUT5 (Prop_E6LUT_SLICEL_I2_O)
                                                      0.116     7.730 r  design_2_i/llama_engine_axi_0/U0/u_engine/u_sw/ARG__4_i_97/O
                         net (fo=7, routed)           0.372     8.101    design_2_i/llama_engine_axi_0/U0/u_engine/u_sw/ARG__4_i_97_n_0
    SLICE_X34Y44         LUT5 (Prop_E6LUT_SLICEM_I0_O)
                                                      0.177     8.278 r  design_2_i/llama_engine_axi_0/U0/u_engine/u_sw/ARG__4_i_351/O
                         net (fo=1, routed)           0.015     8.293    design_2_i/llama_engine_axi_0/U0/u_engine/u_sw/ARG__4_i_351_n_0
    SLICE_X34Y44         CARRY8 (Prop_CARRY8_SLICEM_S[4]_CO[7])
                                                      0.198     8.491 r  design_2_i/llama_engine_axi_0/U0/u_engine/u_sw/ARG__4_i_202/CO[7]
                         net (fo=1, routed)           0.028     8.519    design_2_i/llama_engine_axi_0/U0/u_engine/u_sw/ARG__4_i_202_n_0
    SLICE_X34Y45         CARRY8 (Prop_CARRY8_SLICEM_CI_CO[7])
                                                      0.023     8.542 r  design_2_i/llama_engine_axi_0/U0/u_engine/u_sw/ARG__4_i_201/CO[7]
                         net (fo=1, routed)           0.028     8.570    design_2_i/llama_engine_axi_0/U0/u_engine/u_sw/ARG__4_i_201_n_0
    SLICE_X34Y46         CARRY8 (Prop_CARRY8_SLICEM_CI_CO[7])
                                                      0.023     8.593 r  design_2_i/llama_engine_axi_0/U0/u_engine/u_sw/ARG__4_i_199/CO[7]
                         net (fo=1, routed)           0.028     8.621    design_2_i/llama_engine_axi_0/U0/u_engine/u_sw/ARG__4_i_199_n_0
    SLICE_X34Y47         CARRY8 (Prop_CARRY8_SLICEM_CI_CO[7])
                                                      0.023     8.644 r  design_2_i/llama_engine_axi_0/U0/u_engine/u_sw/ARG__4_i_200/CO[7]
                         net (fo=1, routed)           0.028     8.672    design_2_i/llama_engine_axi_0/U0/u_engine/u_sw/ARG__4_i_200_n_0
    SLICE_X34Y48         CARRY8 (Prop_CARRY8_SLICEM_CI_CO[7])
                                                      0.023     8.695 r  design_2_i/llama_engine_axi_0/U0/u_engine/u_sw/SHIFT_LEFT26_i_391/CO[7]
                         net (fo=1, routed)           0.028     8.723    design_2_i/llama_engine_axi_0/U0/u_engine/u_sw/SHIFT_LEFT26_i_391_n_0
    SLICE_X34Y49         CARRY8 (Prop_CARRY8_SLICEM_CI_CO[7])
                                                      0.023     8.746 r  design_2_i/llama_engine_axi_0/U0/u_engine/u_sw/SHIFT_LEFT26_i_222/CO[7]
                         net (fo=1, routed)           0.028     8.774    design_2_i/llama_engine_axi_0/U0/u_engine/u_sw/SHIFT_LEFT26_i_222_n_0
    SLICE_X34Y50         CARRY8 (Prop_CARRY8_SLICEM_CI_CO[7])
                                                      0.023     8.797 r  design_2_i/llama_engine_axi_0/U0/u_engine/u_sw/SHIFT_LEFT26_i_73/CO[7]
                         net (fo=1, routed)           0.028     8.825    design_2_i/llama_engine_axi_0/U0/u_engine/u_sw/SHIFT_LEFT26_i_73_n_0
    SLICE_X34Y51         CARRY8 (Prop_CARRY8_SLICEM_CI_O[7])
                                                      0.146     8.971 f  design_2_i/llama_engine_axi_0/U0/u_engine/u_sw/SHIFT_LEFT26_i_33/O[7]
                         net (fo=69, routed)          0.542     9.514    design_2_i/llama_engine_axi_0/U0/u_engine/u_sw/SHIFT_LEFT26_i_33_n_8
    SLICE_X31Y48         LUT6 (Prop_F6LUT_SLICEM_I0_O)
                                                      0.113     9.627 f  design_2_i/llama_engine_axi_0/U0/u_engine/u_sw/SHIFT_LEFT26_i_460/O
                         net (fo=4, routed)           0.493    10.120    design_2_i/llama_engine_axi_0/U0/u_engine/u_sw/SHIFT_LEFT26_i_460_n_0
    SLICE_X36Y46         LUT6 (Prop_E6LUT_SLICEL_I3_O)
                                                      0.176    10.296 f  design_2_i/llama_engine_axi_0/U0/u_engine/u_sw/SHIFT_LEFT26_i_289/O
                         net (fo=2, routed)           0.497    10.793    design_2_i/llama_engine_axi_0/U0/u_engine/u_sw/SHIFT_LEFT26_i_289_n_0
    SLICE_X38Y46         LUT3 (Prop_H5LUT_SLICEL_I0_O)
                                                      0.118    10.911 f  design_2_i/llama_engine_axi_0/U0/u_engine/u_sw/SHIFT_LEFT26_i_131/O
                         net (fo=2, routed)           0.237    11.148    design_2_i/llama_engine_axi_0/U0/u_engine/u_sw/SHIFT_LEFT26_i_131_n_0
    SLICE_X38Y41         LUT5 (Prop_F6LUT_SLICEL_I0_O)
                                                      0.177    11.325 f  design_2_i/llama_engine_axi_0/U0/u_engine/u_sw/SHIFT_LEFT26__1_i_10/O
                         net (fo=1, routed)           0.397    11.722    design_2_i/llama_engine_axi_0/U0/u_engine/u_sw/SHIFT_LEFT26__1_i_10_n_0
    SLICE_X37Y39         LUT6 (Prop_G6LUT_SLICEM_I0_O)
                                                      0.100    11.822 f  design_2_i/llama_engine_axi_0/U0/u_engine/u_sw/SHIFT_LEFT26__1_i_1/O
                         net (fo=6, routed)           0.167    11.990    design_2_i/llama_engine_axi_0/U0/u_engine/u_sw/z_q[16]
    SLICE_X37Y42         LUT1 (Prop_B6LUT_SLICEM_I0_O)
                                                      0.063    12.053 r  design_2_i/llama_engine_axi_0/U0/u_engine/u_sw/ARG_i_121/O
                         net (fo=1, routed)           0.018    12.071    design_2_i/llama_engine_axi_0/U0/u_engine/u_sw/ARG_i_121_n_0
    SLICE_X37Y42         CARRY8 (Prop_CARRY8_SLICEM_S[1]_CO[7])
                                                      0.238    12.309 r  design_2_i/llama_engine_axi_0/U0/u_engine/u_sw/ARG_i_52/CO[7]
                         net (fo=1, routed)           0.028    12.337    design_2_i/llama_engine_axi_0/U0/u_engine/u_sw/ARG_i_52_n_0
    SLICE_X37Y43         CARRY8 (Prop_CARRY8_SLICEM_CI_CO[7])
                                                      0.023    12.360 r  design_2_i/llama_engine_axi_0/U0/u_engine/u_sw/ARG_i_110/CO[7]
                         net (fo=1, routed)           0.028    12.388    design_2_i/llama_engine_axi_0/U0/u_engine/u_sw/ARG_i_110_n_0
    SLICE_X37Y44         CARRY8 (Prop_CARRY8_SLICEM_CI_CO[1])
                                                      0.055    12.443 r  design_2_i/llama_engine_axi_0/U0/u_engine/u_sw/ARG_i_33/CO[1]
                         net (fo=131, routed)         1.034    13.476    design_2_i/llama_engine_axi_0/U0/u_engine/u_sw/ARG_i_33_n_6
    SLICE_X38Y45         CARRY8 (Prop_CARRY8_SLICEL_S[0]_CO[3])
                                                      0.230    13.706 r  design_2_i/llama_engine_axi_0/U0/u_engine/u_sw/ARG_i_53/CO[3]
                         net (fo=123, routed)         0.304    14.010    design_2_i/llama_engine_axi_0/U0/u_engine/u_sw/k1
    SLICE_X39Y41         LUT6 (Prop_H6LUT_SLICEM_I4_O)
                                                      0.151    14.161 r  design_2_i/llama_engine_axi_0/U0/u_engine/u_sw/ARG__2_i_35/O
                         net (fo=661, routed)         2.075    16.236    design_2_i/llama_engine_axi_0/U0/u_engine/u_sw/k[4]
    SLICE_X48Y99         LUT6 (Prop_G6LUT_SLICEM_I1_O)
                                                      0.064    16.300 r  design_2_i/llama_engine_axi_0/U0/u_engine/u_sw/ARG__1_i_139/O
                         net (fo=1, routed)           0.179    16.479    design_2_i/llama_engine_axi_0/U0/u_engine/u_sw/ARG__1_i_139_n_0
    SLICE_X48Y99         LUT6 (Prop_E6LUT_SLICEM_I1_O)
                                                      0.063    16.542 r  design_2_i/llama_engine_axi_0/U0/u_engine/u_sw/ARG__1_i_42/O
                         net (fo=1, routed)           0.550    17.092    design_2_i/llama_engine_axi_0/U0/u_engine/u_sw/ARG__1_i_42_n_0
    SLICE_X45Y98         LUT6 (Prop_B6LUT_SLICEM_I1_O)
                                                      0.039    17.131 r  design_2_i/llama_engine_axi_0/U0/u_engine/u_sw/ARG__1_i_5/O
                         net (fo=2, routed)           0.831    17.962    design_2_i/llama_engine_axi_0/U0/u_engine/u_sw/ARG__1_i_5_n_0
    SLICE_X44Y49         LUT6 (Prop_F6LUT_SLICEL_I0_O)
                                                      0.114    18.076 r  design_2_i/llama_engine_axi_0/U0/u_engine/u_sw/ARG__1_i_13/O
                         net (fo=1, routed)           0.012    18.088    design_2_i/llama_engine_axi_0/U0/u_engine/u_sw/ARG__1_i_13_n_0
    SLICE_X44Y49         CARRY8 (Prop_CARRY8_SLICEL_S[5]_CO[7])
                                                      0.197    18.285 r  design_2_i/llama_engine_axi_0/U0/u_engine/u_sw/ARG__1_i_1/CO[7]
                         net (fo=1, routed)           0.028    18.313    design_2_i/llama_engine_axi_0/U0/u_engine/u_sw/ARG__1_i_1_n_0
    SLICE_X44Y50         CARRY8 (Prop_CARRY8_SLICEL_CI_O[0])
                                                      0.072    18.385 f  design_2_i/llama_engine_axi_0/U0/u_engine/u_sw/ARG_i_2/O[0]
                         net (fo=4, routed)           0.484    18.870    design_2_i/llama_engine_axi_0/U0/u_engine/u_sw/ARG__1/A[16]
    DSP48E2_X3Y20        DSP_A_B_DATA (Prop_DSP_A_B_DATA_DSP48E2_A[16]_A2_DATA[16])
                                                      0.241    19.111 r  design_2_i/llama_engine_axi_0/U0/u_engine/u_sw/ARG__1/DSP_A_B_DATA_INST/A2_DATA[16]
                         net (fo=1, routed)           0.000    19.111    design_2_i/llama_engine_axi_0/U0/u_engine/u_sw/ARG__1/DSP_A_B_DATA.A2_DATA<16>
    DSP48E2_X3Y20        DSP_PREADD_DATA (Prop_DSP_PREADD_DATA_DSP48E2_A2_DATA[16]_A2A1[16])
                                                      0.098    19.209 r  design_2_i/llama_engine_axi_0/U0/u_engine/u_sw/ARG__1/DSP_PREADD_DATA_INST/A2A1[16]
                         net (fo=1, routed)           0.000    19.209    design_2_i/llama_engine_axi_0/U0/u_engine/u_sw/ARG__1/DSP_PREADD_DATA.A2A1<16>
    DSP48E2_X3Y20        DSP_MULTIPLIER (Prop_DSP_MULTIPLIER_DSP48E2_A2A1[16]_U[36])
                                                      0.647    19.856 f  design_2_i/llama_engine_axi_0/U0/u_engine/u_sw/ARG__1/DSP_MULTIPLIER_INST/U[36]
                         net (fo=1, routed)           0.000    19.856    design_2_i/llama_engine_axi_0/U0/u_engine/u_sw/ARG__1/DSP_MULTIPLIER.U<36>
    DSP48E2_X3Y20        DSP_M_DATA (Prop_DSP_M_DATA_DSP48E2_U[36]_U_DATA[36])
                                                      0.059    19.915 r  design_2_i/llama_engine_axi_0/U0/u_engine/u_sw/ARG__1/DSP_M_DATA_INST/U_DATA[36]
                         net (fo=1, routed)           0.000    19.915    design_2_i/llama_engine_axi_0/U0/u_engine/u_sw/ARG__1/DSP_M_DATA.U_DATA<36>
    DSP48E2_X3Y20        DSP_ALU (Prop_DSP_ALU_DSP48E2_U_DATA[36]_ALU_OUT[47])
                                                      0.699    20.614 f  design_2_i/llama_engine_axi_0/U0/u_engine/u_sw/ARG__1/DSP_ALU_INST/ALU_OUT[47]
                         net (fo=1, routed)           0.000    20.614    design_2_i/llama_engine_axi_0/U0/u_engine/u_sw/ARG__1/DSP_ALU.ALU_OUT<47>
    DSP48E2_X3Y20        DSP_OUTPUT (Prop_DSP_OUTPUT_DSP48E2_ALU_OUT[47]_PCOUT[47])
                                                      0.159    20.773 r  design_2_i/llama_engine_axi_0/U0/u_engine/u_sw/ARG__1/DSP_OUTPUT_INST/PCOUT[47]
                         net (fo=1, routed)           0.016    20.789    design_2_i/llama_engine_axi_0/U0/u_engine/u_sw/ARG__2/PCIN[47]
    DSP48E2_X3Y21        DSP_ALU (Prop_DSP_ALU_DSP48E2_PCIN[47]_ALU_OUT[47])
                                                      0.698    21.487 f  design_2_i/llama_engine_axi_0/U0/u_engine/u_sw/ARG__2/DSP_ALU_INST/ALU_OUT[47]
                         net (fo=1, routed)           0.000    21.487    design_2_i/llama_engine_axi_0/U0/u_engine/u_sw/ARG__2/DSP_ALU.ALU_OUT<47>
    DSP48E2_X3Y21        DSP_OUTPUT (Prop_DSP_OUTPUT_DSP48E2_ALU_OUT[47]_PCOUT[47])
                                                      0.159    21.646 r  design_2_i/llama_engine_axi_0/U0/u_engine/u_sw/ARG__2/DSP_OUTPUT_INST/PCOUT[47]
                         net (fo=1, routed)           0.042    21.688    design_2_i/llama_engine_axi_0/U0/u_engine/u_sw/ARG__3/PCIN[47]
    DSP48E2_X3Y22        DSP_ALU (Prop_DSP_ALU_DSP48E2_PCIN[47]_ALU_OUT[4])
                                                      0.698    22.386 f  design_2_i/llama_engine_axi_0/U0/u_engine/u_sw/ARG__3/DSP_ALU_INST/ALU_OUT[4]
                         net (fo=1, routed)           0.000    22.386    design_2_i/llama_engine_axi_0/U0/u_engine/u_sw/ARG__3/DSP_ALU.ALU_OUT<4>
    DSP48E2_X3Y22        DSP_OUTPUT (Prop_DSP_OUTPUT_DSP48E2_ALU_OUT[4]_P[4])
                                                      0.141    22.527 r  design_2_i/llama_engine_axi_0/U0/u_engine/u_sw/ARG__3/DSP_OUTPUT_INST/P[4]
                         net (fo=2, routed)           0.350    22.877    design_2_i/llama_engine_axi_0/U0/u_engine/u_sw/ARG__3_n_101
    SLICE_X42Y53         LUT3 (Prop_G5LUT_SLICEM_I1_O)
                                                      0.084    22.961 r  design_2_i/llama_engine_axi_0/U0/u_engine/u_sw/SHIFT_LEFT26_i_324/O
                         net (fo=2, routed)           0.540    23.501    design_2_i/llama_engine_axi_0/U0/u_engine/u_sw/SHIFT_LEFT26_i_324_n_0
    SLICE_X42Y53         LUT4 (Prop_H6LUT_SLICEM_I3_O)
                                                      0.100    23.601 r  design_2_i/llama_engine_axi_0/U0/u_engine/u_sw/SHIFT_LEFT26_i_329/O
                         net (fo=1, routed)           0.017    23.618    design_2_i/llama_engine_axi_0/U0/u_engine/u_sw/SHIFT_LEFT26_i_329_n_0
    SLICE_X42Y53         CARRY8 (Prop_CARRY8_SLICEM_S[7]_CO[7])
                                                      0.150    23.768 r  design_2_i/llama_engine_axi_0/U0/u_engine/u_sw/SHIFT_LEFT26_i_158/CO[7]
                         net (fo=1, routed)           0.028    23.796    design_2_i/llama_engine_axi_0/U0/u_engine/u_sw/SHIFT_LEFT26_i_158_n_0
    SLICE_X42Y54         CARRY8 (Prop_CARRY8_SLICEM_CI_O[4])
                                                      0.109    23.905 r  design_2_i/llama_engine_axi_0/U0/u_engine/u_sw/SHIFT_LEFT26__0_i_17/O[4]
                         net (fo=3, routed)           0.286    24.191    design_2_i/llama_engine_axi_0/U0/u_engine/u_sw/p_0_in[49]
    SLICE_X43Y54         LUT2 (Prop_B6LUT_SLICEM_I1_O)
                                                      0.178    24.369 r  design_2_i/llama_engine_axi_0/U0/u_engine/u_sw/SHIFT_LEFT26__0_i_24/O
                         net (fo=1, routed)           0.018    24.387    design_2_i/llama_engine_axi_0/U0/u_engine/u_sw/SHIFT_LEFT26__0_i_24_n_0
    SLICE_X43Y54         CARRY8 (Prop_CARRY8_SLICEM_S[1]_CO[7])
                                                      0.238    24.625 r  design_2_i/llama_engine_axi_0/U0/u_engine/u_sw/SHIFT_LEFT26__0_i_15/CO[7]
                         net (fo=1, routed)           0.028    24.653    design_2_i/llama_engine_axi_0/U0/u_engine/u_sw/SHIFT_LEFT26__0_i_15_n_0
    SLICE_X43Y55         CARRY8 (Prop_CARRY8_SLICEM_CI_O[4])
                                                      0.109    24.762 f  design_2_i/llama_engine_axi_0/U0/u_engine/u_sw/SHIFT_LEFT26_i_69/O[4]
                         net (fo=2, routed)           0.345    25.107    design_2_i/llama_engine_axi_0/U0/u_engine/u_sw/SHIFT_LEFT26_i_69_n_11
    SLICE_X41Y53         LUT2 (Prop_F6LUT_SLICEL_I0_O)
                                                      0.177    25.284 r  design_2_i/llama_engine_axi_0/U0/u_engine/u_sw/SHIFT_LEFT26_i_318/O
                         net (fo=1, routed)           0.012    25.296    design_2_i/llama_engine_axi_0/U0/u_engine/u_sw/SHIFT_LEFT26_i_318_n_0
    SLICE_X41Y53         CARRY8 (Prop_CARRY8_SLICEL_S[5]_CO[7])
                                                      0.197    25.493 r  design_2_i/llama_engine_axi_0/U0/u_engine/u_sw/SHIFT_LEFT26_i_149/CO[7]
                         net (fo=1, routed)           0.028    25.521    design_2_i/llama_engine_axi_0/U0/u_engine/u_sw/SHIFT_LEFT26_i_149_n_0
    SLICE_X41Y54         CARRY8 (Prop_CARRY8_SLICEL_CI_CO[7])
                                                      0.030    25.551 r  design_2_i/llama_engine_axi_0/U0/u_engine/u_sw/SHIFT_LEFT26_i_67/CO[7]
                         net (fo=31, routed)          0.504    26.056    design_2_i/llama_engine_axi_0/U0/u_engine/u_sw/sigmoid_q1
    SLICE_X40Y43         LUT5 (Prop_F6LUT_SLICEM_I1_O)
                                                      0.177    26.233 f  design_2_i/llama_engine_axi_0/U0/u_engine/u_sw/SHIFT_LEFT26_i_30/O
                         net (fo=2, routed)           0.522    26.755    design_2_i/llama_engine_axi_0/U0/u_engine/u_sw/SHIFT_LEFT26__1/B[2]
    DSP48E2_X3Y18        DSP_A_B_DATA (Prop_DSP_A_B_DATA_DSP48E2_B[2]_B2_DATA[2])
                                                      0.195    26.950 r  design_2_i/llama_engine_axi_0/U0/u_engine/u_sw/SHIFT_LEFT26__1/DSP_A_B_DATA_INST/B2_DATA[2]
                         net (fo=1, routed)           0.000    26.950    design_2_i/llama_engine_axi_0/U0/u_engine/u_sw/SHIFT_LEFT26__1/DSP_A_B_DATA.B2_DATA<2>
    DSP48E2_X3Y18        DSP_PREADD_DATA (Prop_DSP_PREADD_DATA_DSP48E2_B2_DATA[2]_B2B1[2])
                                                      0.092    27.042 r  design_2_i/llama_engine_axi_0/U0/u_engine/u_sw/SHIFT_LEFT26__1/DSP_PREADD_DATA_INST/B2B1[2]
                         net (fo=1, routed)           0.000    27.042    design_2_i/llama_engine_axi_0/U0/u_engine/u_sw/SHIFT_LEFT26__1/DSP_PREADD_DATA.B2B1<2>
    DSP48E2_X3Y18        DSP_MULTIPLIER (Prop_DSP_MULTIPLIER_DSP48E2_B2B1[2]_U[33])
                                                      0.737    27.779 f  design_2_i/llama_engine_axi_0/U0/u_engine/u_sw/SHIFT_LEFT26__1/DSP_MULTIPLIER_INST/U[33]
                         net (fo=1, routed)           0.000    27.779    design_2_i/llama_engine_axi_0/U0/u_engine/u_sw/SHIFT_LEFT26__1/DSP_MULTIPLIER.U<33>
    DSP48E2_X3Y18        DSP_M_DATA (Prop_DSP_M_DATA_DSP48E2_U[33]_U_DATA[33])
                                                      0.059    27.838 r  design_2_i/llama_engine_axi_0/U0/u_engine/u_sw/SHIFT_LEFT26__1/DSP_M_DATA_INST/U_DATA[33]
                         net (fo=1, routed)           0.000    27.838    design_2_i/llama_engine_axi_0/U0/u_engine/u_sw/SHIFT_LEFT26__1/DSP_M_DATA.U_DATA<33>
    DSP48E2_X3Y18        DSP_ALU (Prop_DSP_ALU_DSP48E2_U_DATA[33]_ALU_OUT[47])
                                                      0.699    28.537 f  design_2_i/llama_engine_axi_0/U0/u_engine/u_sw/SHIFT_LEFT26__1/DSP_ALU_INST/ALU_OUT[47]
                         net (fo=1, routed)           0.000    28.537    design_2_i/llama_engine_axi_0/U0/u_engine/u_sw/SHIFT_LEFT26__1/DSP_ALU.ALU_OUT<47>
    DSP48E2_X3Y18        DSP_OUTPUT (Prop_DSP_OUTPUT_DSP48E2_ALU_OUT[47]_PCOUT[47])
                                                      0.159    28.696 r  design_2_i/llama_engine_axi_0/U0/u_engine/u_sw/SHIFT_LEFT26__1/DSP_OUTPUT_INST/PCOUT[47]
                         net (fo=1, routed)           0.016    28.712    design_2_i/llama_engine_axi_0/U0/u_engine/u_sw/SHIFT_LEFT26__2/PCIN[47]
    DSP48E2_X3Y19        DSP_ALU (Prop_DSP_ALU_DSP48E2_PCIN[47]_ALU_OUT[11])
                                                      0.698    29.410 f  design_2_i/llama_engine_axi_0/U0/u_engine/u_sw/SHIFT_LEFT26__2/DSP_ALU_INST/ALU_OUT[11]
                         net (fo=1, routed)           0.000    29.410    design_2_i/llama_engine_axi_0/U0/u_engine/u_sw/SHIFT_LEFT26__2/DSP_ALU.ALU_OUT<11>
    DSP48E2_X3Y19        DSP_OUTPUT (Prop_DSP_OUTPUT_DSP48E2_ALU_OUT[11]_P[11])
                                                      0.141    29.551 r  design_2_i/llama_engine_axi_0/U0/u_engine/u_sw/SHIFT_LEFT26__2/DSP_OUTPUT_INST/P[11]
                         net (fo=2, routed)           0.762    30.313    design_2_i/llama_engine_axi_0/U0/u_engine/u_sw/SHIFT_LEFT26__2_n_94
    SLICE_X39Y46         LUT2 (Prop_E6LUT_SLICEM_I0_O)
                                                      0.148    30.461 r  design_2_i/llama_engine_axi_0/U0/u_engine/u_sw/SHIFT_LEFT26__3_i_50/O
                         net (fo=1, routed)           0.015    30.476    design_2_i/llama_engine_axi_0/U0/u_engine/u_sw/SHIFT_LEFT26__3_i_50_n_0
    SLICE_X39Y46         CARRY8 (Prop_CARRY8_SLICEM_S[4]_CO[7])
                                                      0.198    30.674 r  design_2_i/llama_engine_axi_0/U0/u_engine/u_sw/SHIFT_LEFT26__3_i_4/CO[7]
                         net (fo=1, routed)           0.028    30.702    design_2_i/llama_engine_axi_0/U0/u_engine/u_sw/SHIFT_LEFT26__3_i_4_n_0
    SLICE_X39Y47         CARRY8 (Prop_CARRY8_SLICEM_CI_CO[7])
                                                      0.023    30.725 r  design_2_i/llama_engine_axi_0/U0/u_engine/u_sw/SHIFT_LEFT26__3_i_3/CO[7]
                         net (fo=1, routed)           0.028    30.753    design_2_i/llama_engine_axi_0/U0/u_engine/u_sw/SHIFT_LEFT26__3_i_3_n_0
    SLICE_X39Y48         CARRY8 (Prop_CARRY8_SLICEM_CI_CO[7])
                                                      0.023    30.776 r  design_2_i/llama_engine_axi_0/U0/u_engine/u_sw/SHIFT_LEFT26__3_i_2/CO[7]
                         net (fo=1, routed)           0.028    30.804    design_2_i/llama_engine_axi_0/U0/u_engine/u_sw/SHIFT_LEFT26__3_i_2_n_0
    SLICE_X39Y49         CARRY8 (Prop_CARRY8_SLICEM_CI_CO[7])
                                                      0.023    30.827 r  design_2_i/llama_engine_axi_0/U0/u_engine/u_sw/SHIFT_LEFT26__3_i_22/CO[7]
                         net (fo=1, routed)           0.028    30.855    design_2_i/llama_engine_axi_0/U0/u_engine/u_sw/SHIFT_LEFT26__3_i_22_n_0
    SLICE_X39Y50         CARRY8 (Prop_CARRY8_SLICEM_CI_O[7])
                                                      0.146    31.001 f  design_2_i/llama_engine_axi_0/U0/u_engine/u_sw/SHIFT_LEFT26__3_i_1/O[7]
                         net (fo=20, routed)          1.132    32.133    design_2_i/llama_engine_axi_0/U0/u_engine/u_sw/SHIFT_LEFT26__3/B[16]
    DSP48E2_X2Y24        DSP_A_B_DATA (Prop_DSP_A_B_DATA_DSP48E2_B[16]_B2_DATA[16])
                                                      0.195    32.328 r  design_2_i/llama_engine_axi_0/U0/u_engine/u_sw/SHIFT_LEFT26__3/DSP_A_B_DATA_INST/B2_DATA[16]
                         net (fo=1, routed)           0.000    32.328    design_2_i/llama_engine_axi_0/U0/u_engine/u_sw/SHIFT_LEFT26__3/DSP_A_B_DATA.B2_DATA<16>
    DSP48E2_X2Y24        DSP_PREADD_DATA (Prop_DSP_PREADD_DATA_DSP48E2_B2_DATA[16]_B2B1[16])
                                                      0.092    32.420 r  design_2_i/llama_engine_axi_0/U0/u_engine/u_sw/SHIFT_LEFT26__3/DSP_PREADD_DATA_INST/B2B1[16]
                         net (fo=1, routed)           0.000    32.420    design_2_i/llama_engine_axi_0/U0/u_engine/u_sw/SHIFT_LEFT26__3/DSP_PREADD_DATA.B2B1<16>
    DSP48E2_X2Y24        DSP_MULTIPLIER (Prop_DSP_MULTIPLIER_DSP48E2_B2B1[16]_U[43])
                                                      0.737    33.157 f  design_2_i/llama_engine_axi_0/U0/u_engine/u_sw/SHIFT_LEFT26__3/DSP_MULTIPLIER_INST/U[43]
                         net (fo=1, routed)           0.000    33.157    design_2_i/llama_engine_axi_0/U0/u_engine/u_sw/SHIFT_LEFT26__3/DSP_MULTIPLIER.U<43>
    DSP48E2_X2Y24        DSP_M_DATA (Prop_DSP_M_DATA_DSP48E2_U[43]_U_DATA[43])
                                                      0.059    33.216 r  design_2_i/llama_engine_axi_0/U0/u_engine/u_sw/SHIFT_LEFT26__3/DSP_M_DATA_INST/U_DATA[43]
                         net (fo=1, routed)           0.000    33.216    design_2_i/llama_engine_axi_0/U0/u_engine/u_sw/SHIFT_LEFT26__3/DSP_M_DATA.U_DATA<43>
    DSP48E2_X2Y24        DSP_ALU (Prop_DSP_ALU_DSP48E2_U_DATA[43]_ALU_OUT[47])
                                                      0.699    33.915 f  design_2_i/llama_engine_axi_0/U0/u_engine/u_sw/SHIFT_LEFT26__3/DSP_ALU_INST/ALU_OUT[47]
                         net (fo=1, routed)           0.000    33.915    design_2_i/llama_engine_axi_0/U0/u_engine/u_sw/SHIFT_LEFT26__3/DSP_ALU.ALU_OUT<47>
    DSP48E2_X2Y24        DSP_OUTPUT (Prop_DSP_OUTPUT_DSP48E2_ALU_OUT[47]_PCOUT[47])
                                                      0.159    34.074 r  design_2_i/llama_engine_axi_0/U0/u_engine/u_sw/SHIFT_LEFT26__3/DSP_OUTPUT_INST/PCOUT[47]
                         net (fo=1, routed)           0.016    34.090    design_2_i/llama_engine_axi_0/U0/u_engine/u_sw/SHIFT_LEFT26__4/PCIN[47]
    DSP48E2_X2Y25        DSP_ALU (Prop_DSP_ALU_DSP48E2_PCIN[47]_ALU_OUT[0])
                                                      0.698    34.788 f  design_2_i/llama_engine_axi_0/U0/u_engine/u_sw/SHIFT_LEFT26__4/DSP_ALU_INST/ALU_OUT[0]
                         net (fo=1, routed)           0.000    34.788    design_2_i/llama_engine_axi_0/U0/u_engine/u_sw/SHIFT_LEFT26__4/DSP_ALU.ALU_OUT<0>
    DSP48E2_X2Y25        DSP_OUTPUT (Prop_DSP_OUTPUT_DSP48E2_ALU_OUT[0]_P[0])
                                                      0.141    34.929 r  design_2_i/llama_engine_axi_0/U0/u_engine/u_sw/SHIFT_LEFT26__4/DSP_OUTPUT_INST/P[0]
                         net (fo=1, routed)           0.475    35.404    design_2_i/llama_engine_axi_0/U0/u_engine/u_sw/SHIFT_LEFT26__4_n_105
    SLICE_X26Y55         LUT2 (Prop_C6LUT_SLICEL_I1_O)
                                                      0.063    35.467 r  design_2_i/llama_engine_axi_0/U0/u_engine/u_sw/o_wdata[27]_i_7/O
                         net (fo=1, routed)           0.011    35.478    design_2_i/llama_engine_axi_0/U0/u_engine/u_sw/o_wdata[27]_i_7_n_0
    SLICE_X26Y55         CARRY8 (Prop_CARRY8_SLICEL_S[2]_O[3])
                                                      0.103    35.581 r  design_2_i/llama_engine_axi_0/U0/u_engine/u_sw/o_wdata_reg[27]_i_1/O[3]
                         net (fo=1, routed)           0.032    35.613    design_2_i/llama_engine_axi_0/U0/u_engine/u_sw/o_wdata_reg[27]_i_1_n_12
    SLICE_X26Y55         FDRE                                         r  design_2_i/llama_engine_axi_0/U0/u_engine/u_sw/o_wdata_reg[23]/D
  -------------------------------------------------------------------    -------------------

                         (clock clk_pl_0 rise edge)
                                                    337.503   337.503 r  
    PS8_X0Y0             PS8                          0.000   337.503 r  design_2_i/zynq_ultra_ps_e_0/inst/PS8_i/PLCLK[0]
                         net (fo=1, routed)           0.140   337.643    design_2_i/zynq_ultra_ps_e_0/inst/pl_clk_unbuffered[0]
    BUFG_PS_X0Y58        BUFG_PS (Prop_BUFG_PS_I_O)
                                                      0.027   337.670 r  design_2_i/zynq_ultra_ps_e_0/inst/buffer_pl_clk_0.PL_CLK_0_BUFG/O
    X0Y1 (CLOCK_ROOT)    net (fo=56092, routed)       1.580   339.250    design_2_i/llama_engine_axi_0/U0/u_engine/u_sw/clk
    SLICE_X26Y55         FDRE                                         r  design_2_i/llama_engine_axi_0/U0/u_engine/u_sw/o_wdata_reg[23]/C
                         clock pessimism              0.107   339.357    
                         clock uncertainty           -0.876   338.481    
    SLICE_X26Y55         FDRE (Setup_DFF_SLICEL_C_D)
                                                      0.027   338.508    design_2_i/llama_engine_axi_0/U0/u_engine/u_sw/o_wdata_reg[23]
  -------------------------------------------------------------------
                         required time                        338.508    
                         arrival time                         -35.613    
  -------------------------------------------------------------------
                         slack                                302.895    

Slack (MET) :             302.929ns  (required time - arrival time)
  Source:                 design_2_i/llama_engine_axi_0/U0/u_engine/u_sw/idx_reg[3]/C
                            (rising edge-triggered cell FDRE clocked by clk_pl_0  {rise@0.000ns fall@168.751ns period=337.503ns})
  Destination:            design_2_i/llama_engine_axi_0/U0/u_engine/u_sw/o_wdata_reg[22]/D
                            (rising edge-triggered cell FDRE clocked by clk_pl_0  {rise@0.000ns fall@168.751ns period=337.503ns})
  Path Group:             clk_pl_0
  Path Type:              Setup (Max at Slow Process Corner)
  Requirement:            337.503ns  (clk_pl_0 rise@337.503ns - clk_pl_0 rise@0.000ns)
  Data Path Delay:        33.508ns  (logic 14.530ns (43.363%)  route 18.978ns (56.637%))
  Logic Levels:           74  (CARRY8=26 DSP_A_B_DATA=3 DSP_ALU=7 DSP_M_DATA=3 DSP_MULTIPLIER=3 DSP_OUTPUT=7 DSP_PREADD_DATA=3 LUT1=1 LUT2=4 LUT3=2 LUT4=1 LUT5=4 LUT6=9 MUXF8=1)
  Clock Path Skew:        -0.217ns (DCD - SCD + CPR)
    Destination Clock Delay (DCD):    1.747ns = ( 339.250 - 337.503 ) 
    Source Clock Delay      (SCD):    2.071ns
    Clock Pessimism Removal (CPR):    0.107ns
  Clock Uncertainty:      0.876ns  ((TSJ^2 + DJ^2)^1/2) / 2 + PE
    Total System Jitter     (TSJ):    0.071ns
    Discrete Jitter          (DJ):    1.750ns
    Phase Error              (PE):    0.000ns
  Clock Net Delay (Source):      1.864ns (routing 0.638ns, distribution 1.226ns)
  Clock Net Delay (Destination): 1.580ns (routing 0.576ns, distribution 1.004ns)

    Location             Delay type                Incr(ns)  Path(ns)    Netlist Resource(s)
  -------------------------------------------------------------------    -------------------
                         (clock clk_pl_0 rise edge)
                                                      0.000     0.000 r  
    PS8_X0Y0             PS8                          0.000     0.000 r  design_2_i/zynq_ultra_ps_e_0/inst/PS8_i/PLCLK[0]
                         net (fo=1, routed)           0.178     0.178    design_2_i/zynq_ultra_ps_e_0/inst/pl_clk_unbuffered[0]
    BUFG_PS_X0Y58        BUFG_PS (Prop_BUFG_PS_I_O)
                                                      0.029     0.207 r  design_2_i/zynq_ultra_ps_e_0/inst/buffer_pl_clk_0.PL_CLK_0_BUFG/O
    X0Y1 (CLOCK_ROOT)    net (fo=56092, routed)       1.864     2.071    design_2_i/llama_engine_axi_0/U0/u_engine/u_sw/clk
    SLICE_X31Y64         FDRE                                         r  design_2_i/llama_engine_axi_0/U0/u_engine/u_sw/idx_reg[3]/C
  -------------------------------------------------------------------    -------------------
    SLICE_X31Y64         FDRE (Prop_EFF2_SLICEM_C_Q)
                                                      0.098     2.169 r  design_2_i/llama_engine_axi_0/U0/u_engine/u_sw/idx_reg[3]/Q
                         net (fo=336, routed)         3.665     5.834    design_2_i/llama_engine_axi_0/U0/u_engine/u_sw/idx_reg_n_0_[3]
    SLICE_X47Y3          MUXF8 (Prop_F8MUX_BOT_SLICEL_S_O)
                                                      0.089     5.923 r  design_2_i/llama_engine_axi_0/U0/u_engine/u_sw/ARG__4_i_215/O
                         net (fo=1, routed)           1.013     6.936    design_2_i/llama_engine_axi_0/U0/u_engine/u_sw/ARG__4_i_215_n_0
    SLICE_X36Y36         LUT6 (Prop_C6LUT_SLICEL_I0_O)
                                                      0.174     7.110 r  design_2_i/llama_engine_axi_0/U0/u_engine/u_sw/ARG__4_i_149/O
                         net (fo=3, routed)           0.504     7.614    design_2_i/llama_engine_axi_0/U0/u_engine/u_sw/ARG__4_i_149_n_0
    SLICE_X32Y40         LUT5 (Prop_E6LUT_SLICEL_I2_O)
                                                      0.116     7.730 r  design_2_i/llama_engine_axi_0/U0/u_engine/u_sw/ARG__4_i_97/O
                         net (fo=7, routed)           0.372     8.101    design_2_i/llama_engine_axi_0/U0/u_engine/u_sw/ARG__4_i_97_n_0
    SLICE_X34Y44         LUT5 (Prop_E6LUT_SLICEM_I0_O)
                                                      0.177     8.278 r  design_2_i/llama_engine_axi_0/U0/u_engine/u_sw/ARG__4_i_351/O
                         net (fo=1, routed)           0.015     8.293    design_2_i/llama_engine_axi_0/U0/u_engine/u_sw/ARG__4_i_351_n_0
    SLICE_X34Y44         CARRY8 (Prop_CARRY8_SLICEM_S[4]_CO[7])
                                                      0.198     8.491 r  design_2_i/llama_engine_axi_0/U0/u_engine/u_sw/ARG__4_i_202/CO[7]
                         net (fo=1, routed)           0.028     8.519    design_2_i/llama_engine_axi_0/U0/u_engine/u_sw/ARG__4_i_202_n_0
    SLICE_X34Y45         CARRY8 (Prop_CARRY8_SLICEM_CI_CO[7])
                                                      0.023     8.542 r  design_2_i/llama_engine_axi_0/U0/u_engine/u_sw/ARG__4_i_201/CO[7]
                         net (fo=1, routed)           0.028     8.570    design_2_i/llama_engine_axi_0/U0/u_engine/u_sw/ARG__4_i_201_n_0
    SLICE_X34Y46         CARRY8 (Prop_CARRY8_SLICEM_CI_CO[7])
                                                      0.023     8.593 r  design_2_i/llama_engine_axi_0/U0/u_engine/u_sw/ARG__4_i_199/CO[7]
                         net (fo=1, routed)           0.028     8.621    design_2_i/llama_engine_axi_0/U0/u_engine/u_sw/ARG__4_i_199_n_0
    SLICE_X34Y47         CARRY8 (Prop_CARRY8_SLICEM_CI_CO[7])
                                                      0.023     8.644 r  design_2_i/llama_engine_axi_0/U0/u_engine/u_sw/ARG__4_i_200/CO[7]
                         net (fo=1, routed)           0.028     8.672    design_2_i/llama_engine_axi_0/U0/u_engine/u_sw/ARG__4_i_200_n_0
    SLICE_X34Y48         CARRY8 (Prop_CARRY8_SLICEM_CI_CO[7])
                                                      0.023     8.695 r  design_2_i/llama_engine_axi_0/U0/u_engine/u_sw/SHIFT_LEFT26_i_391/CO[7]
                         net (fo=1, routed)           0.028     8.723    design_2_i/llama_engine_axi_0/U0/u_engine/u_sw/SHIFT_LEFT26_i_391_n_0
    SLICE_X34Y49         CARRY8 (Prop_CARRY8_SLICEM_CI_CO[7])
                                                      0.023     8.746 r  design_2_i/llama_engine_axi_0/U0/u_engine/u_sw/SHIFT_LEFT26_i_222/CO[7]
                         net (fo=1, routed)           0.028     8.774    design_2_i/llama_engine_axi_0/U0/u_engine/u_sw/SHIFT_LEFT26_i_222_n_0
    SLICE_X34Y50         CARRY8 (Prop_CARRY8_SLICEM_CI_CO[7])
                                                      0.023     8.797 r  design_2_i/llama_engine_axi_0/U0/u_engine/u_sw/SHIFT_LEFT26_i_73/CO[7]
                         net (fo=1, routed)           0.028     8.825    design_2_i/llama_engine_axi_0/U0/u_engine/u_sw/SHIFT_LEFT26_i_73_n_0
    SLICE_X34Y51         CARRY8 (Prop_CARRY8_SLICEM_CI_O[7])
                                                      0.146     8.971 f  design_2_i/llama_engine_axi_0/U0/u_engine/u_sw/SHIFT_LEFT26_i_33/O[7]
                         net (fo=69, routed)          0.542     9.514    design_2_i/llama_engine_axi_0/U0/u_engine/u_sw/SHIFT_LEFT26_i_33_n_8
    SLICE_X31Y48         LUT6 (Prop_F6LUT_SLICEM_I0_O)
                                                      0.113     9.627 f  design_2_i/llama_engine_axi_0/U0/u_engine/u_sw/SHIFT_LEFT26_i_460/O
                         net (fo=4, routed)           0.493    10.120    design_2_i/llama_engine_axi_0/U0/u_engine/u_sw/SHIFT_LEFT26_i_460_n_0
    SLICE_X36Y46         LUT6 (Prop_E6LUT_SLICEL_I3_O)
                                                      0.176    10.296 f  design_2_i/llama_engine_axi_0/U0/u_engine/u_sw/SHIFT_LEFT26_i_289/O
                         net (fo=2, routed)           0.497    10.793    design_2_i/llama_engine_axi_0/U0/u_engine/u_sw/SHIFT_LEFT26_i_289_n_0
    SLICE_X38Y46         LUT3 (Prop_H5LUT_SLICEL_I0_O)
                                                      0.118    10.911 f  design_2_i/llama_engine_axi_0/U0/u_engine/u_sw/SHIFT_LEFT26_i_131/O
                         net (fo=2, routed)           0.237    11.148    design_2_i/llama_engine_axi_0/U0/u_engine/u_sw/SHIFT_LEFT26_i_131_n_0
    SLICE_X38Y41         LUT5 (Prop_F6LUT_SLICEL_I0_O)
                                                      0.177    11.325 f  design_2_i/llama_engine_axi_0/U0/u_engine/u_sw/SHIFT_LEFT26__1_i_10/O
                         net (fo=1, routed)           0.397    11.722    design_2_i/llama_engine_axi_0/U0/u_engine/u_sw/SHIFT_LEFT26__1_i_10_n_0
    SLICE_X37Y39         LUT6 (Prop_G6LUT_SLICEM_I0_O)
                                                      0.100    11.822 f  design_2_i/llama_engine_axi_0/U0/u_engine/u_sw/SHIFT_LEFT26__1_i_1/O
                         net (fo=6, routed)           0.167    11.990    design_2_i/llama_engine_axi_0/U0/u_engine/u_sw/z_q[16]
    SLICE_X37Y42         LUT1 (Prop_B6LUT_SLICEM_I0_O)
                                                      0.063    12.053 r  design_2_i/llama_engine_axi_0/U0/u_engine/u_sw/ARG_i_121/O
                         net (fo=1, routed)           0.018    12.071    design_2_i/llama_engine_axi_0/U0/u_engine/u_sw/ARG_i_121_n_0
    SLICE_X37Y42         CARRY8 (Prop_CARRY8_SLICEM_S[1]_CO[7])
                                                      0.238    12.309 r  design_2_i/llama_engine_axi_0/U0/u_engine/u_sw/ARG_i_52/CO[7]
                         net (fo=1, routed)           0.028    12.337    design_2_i/llama_engine_axi_0/U0/u_engine/u_sw/ARG_i_52_n_0
    SLICE_X37Y43         CARRY8 (Prop_CARRY8_SLICEM_CI_CO[7])
                                                      0.023    12.360 r  design_2_i/llama_engine_axi_0/U0/u_engine/u_sw/ARG_i_110/CO[7]
                         net (fo=1, routed)           0.028    12.388    design_2_i/llama_engine_axi_0/U0/u_engine/u_sw/ARG_i_110_n_0
    SLICE_X37Y44         CARRY8 (Prop_CARRY8_SLICEM_CI_CO[1])
                                                      0.055    12.443 r  design_2_i/llama_engine_axi_0/U0/u_engine/u_sw/ARG_i_33/CO[1]
                         net (fo=131, routed)         1.034    13.476    design_2_i/llama_engine_axi_0/U0/u_engine/u_sw/ARG_i_33_n_6
    SLICE_X38Y45         CARRY8 (Prop_CARRY8_SLICEL_S[0]_CO[3])
                                                      0.230    13.706 r  design_2_i/llama_engine_axi_0/U0/u_engine/u_sw/ARG_i_53/CO[3]
                         net (fo=123, routed)         0.304    14.010    design_2_i/llama_engine_axi_0/U0/u_engine/u_sw/k1
    SLICE_X39Y41         LUT6 (Prop_H6LUT_SLICEM_I4_O)
                                                      0.151    14.161 r  design_2_i/llama_engine_axi_0/U0/u_engine/u_sw/ARG__2_i_35/O
                         net (fo=661, routed)         2.075    16.236    design_2_i/llama_engine_axi_0/U0/u_engine/u_sw/k[4]
    SLICE_X48Y99         LUT6 (Prop_G6LUT_SLICEM_I1_O)
                                                      0.064    16.300 r  design_2_i/llama_engine_axi_0/U0/u_engine/u_sw/ARG__1_i_139/O
                         net (fo=1, routed)           0.179    16.479    design_2_i/llama_engine_axi_0/U0/u_engine/u_sw/ARG__1_i_139_n_0
    SLICE_X48Y99         LUT6 (Prop_E6LUT_SLICEM_I1_O)
                                                      0.063    16.542 r  design_2_i/llama_engine_axi_0/U0/u_engine/u_sw/ARG__1_i_42/O
                         net (fo=1, routed)           0.550    17.092    design_2_i/llama_engine_axi_0/U0/u_engine/u_sw/ARG__1_i_42_n_0
    SLICE_X45Y98         LUT6 (Prop_B6LUT_SLICEM_I1_O)
                                                      0.039    17.131 r  design_2_i/llama_engine_axi_0/U0/u_engine/u_sw/ARG__1_i_5/O
                         net (fo=2, routed)           0.831    17.962    design_2_i/llama_engine_axi_0/U0/u_engine/u_sw/ARG__1_i_5_n_0
    SLICE_X44Y49         LUT6 (Prop_F6LUT_SLICEL_I0_O)
                                                      0.114    18.076 r  design_2_i/llama_engine_axi_0/U0/u_engine/u_sw/ARG__1_i_13/O
                         net (fo=1, routed)           0.012    18.088    design_2_i/llama_engine_axi_0/U0/u_engine/u_sw/ARG__1_i_13_n_0
    SLICE_X44Y49         CARRY8 (Prop_CARRY8_SLICEL_S[5]_CO[7])
                                                      0.197    18.285 r  design_2_i/llama_engine_axi_0/U0/u_engine/u_sw/ARG__1_i_1/CO[7]
                         net (fo=1, routed)           0.028    18.313    design_2_i/llama_engine_axi_0/U0/u_engine/u_sw/ARG__1_i_1_n_0
    SLICE_X44Y50         CARRY8 (Prop_CARRY8_SLICEL_CI_O[0])
                                                      0.072    18.385 f  design_2_i/llama_engine_axi_0/U0/u_engine/u_sw/ARG_i_2/O[0]
                         net (fo=4, routed)           0.484    18.870    design_2_i/llama_engine_axi_0/U0/u_engine/u_sw/ARG__1/A[16]
    DSP48E2_X3Y20        DSP_A_B_DATA (Prop_DSP_A_B_DATA_DSP48E2_A[16]_A2_DATA[16])
                                                      0.241    19.111 r  design_2_i/llama_engine_axi_0/U0/u_engine/u_sw/ARG__1/DSP_A_B_DATA_INST/A2_DATA[16]
                         net (fo=1, routed)           0.000    19.111    design_2_i/llama_engine_axi_0/U0/u_engine/u_sw/ARG__1/DSP_A_B_DATA.A2_DATA<16>
    DSP48E2_X3Y20        DSP_PREADD_DATA (Prop_DSP_PREADD_DATA_DSP48E2_A2_DATA[16]_A2A1[16])
                                                      0.098    19.209 r  design_2_i/llama_engine_axi_0/U0/u_engine/u_sw/ARG__1/DSP_PREADD_DATA_INST/A2A1[16]
                         net (fo=1, routed)           0.000    19.209    design_2_i/llama_engine_axi_0/U0/u_engine/u_sw/ARG__1/DSP_PREADD_DATA.A2A1<16>
    DSP48E2_X3Y20        DSP_MULTIPLIER (Prop_DSP_MULTIPLIER_DSP48E2_A2A1[16]_U[36])
                                                      0.647    19.856 f  design_2_i/llama_engine_axi_0/U0/u_engine/u_sw/ARG__1/DSP_MULTIPLIER_INST/U[36]
                         net (fo=1, routed)           0.000    19.856    design_2_i/llama_engine_axi_0/U0/u_engine/u_sw/ARG__1/DSP_MULTIPLIER.U<36>
    DSP48E2_X3Y20        DSP_M_DATA (Prop_DSP_M_DATA_DSP48E2_U[36]_U_DATA[36])
                                                      0.059    19.915 r  design_2_i/llama_engine_axi_0/U0/u_engine/u_sw/ARG__1/DSP_M_DATA_INST/U_DATA[36]
                         net (fo=1, routed)           0.000    19.915    design_2_i/llama_engine_axi_0/U0/u_engine/u_sw/ARG__1/DSP_M_DATA.U_DATA<36>
    DSP48E2_X3Y20        DSP_ALU (Prop_DSP_ALU_DSP48E2_U_DATA[36]_ALU_OUT[47])
                                                      0.699    20.614 f  design_2_i/llama_engine_axi_0/U0/u_engine/u_sw/ARG__1/DSP_ALU_INST/ALU_OUT[47]
                         net (fo=1, routed)           0.000    20.614    design_2_i/llama_engine_axi_0/U0/u_engine/u_sw/ARG__1/DSP_ALU.ALU_OUT<47>
    DSP48E2_X3Y20        DSP_OUTPUT (Prop_DSP_OUTPUT_DSP48E2_ALU_OUT[47]_PCOUT[47])
                                                      0.159    20.773 r  design_2_i/llama_engine_axi_0/U0/u_engine/u_sw/ARG__1/DSP_OUTPUT_INST/PCOUT[47]
                         net (fo=1, routed)           0.016    20.789    design_2_i/llama_engine_axi_0/U0/u_engine/u_sw/ARG__2/PCIN[47]
    DSP48E2_X3Y21        DSP_ALU (Prop_DSP_ALU_DSP48E2_PCIN[47]_ALU_OUT[47])
                                                      0.698    21.487 f  design_2_i/llama_engine_axi_0/U0/u_engine/u_sw/ARG__2/DSP_ALU_INST/ALU_OUT[47]
                         net (fo=1, routed)           0.000    21.487    design_2_i/llama_engine_axi_0/U0/u_engine/u_sw/ARG__2/DSP_ALU.ALU_OUT<47>
    DSP48E2_X3Y21        DSP_OUTPUT (Prop_DSP_OUTPUT_DSP48E2_ALU_OUT[47]_PCOUT[47])
                                                      0.159    21.646 r  design_2_i/llama_engine_axi_0/U0/u_engine/u_sw/ARG__2/DSP_OUTPUT_INST/PCOUT[47]
                         net (fo=1, routed)           0.042    21.688    design_2_i/llama_engine_axi_0/U0/u_engine/u_sw/ARG__3/PCIN[47]
    DSP48E2_X3Y22        DSP_ALU (Prop_DSP_ALU_DSP48E2_PCIN[47]_ALU_OUT[4])
                                                      0.698    22.386 f  design_2_i/llama_engine_axi_0/U0/u_engine/u_sw/ARG__3/DSP_ALU_INST/ALU_OUT[4]
                         net (fo=1, routed)           0.000    22.386    design_2_i/llama_engine_axi_0/U0/u_engine/u_sw/ARG__3/DSP_ALU.ALU_OUT<4>
    DSP48E2_X3Y22        DSP_OUTPUT (Prop_DSP_OUTPUT_DSP48E2_ALU_OUT[4]_P[4])
                                                      0.141    22.527 r  design_2_i/llama_engine_axi_0/U0/u_engine/u_sw/ARG__3/DSP_OUTPUT_INST/P[4]
                         net (fo=2, routed)           0.350    22.877    design_2_i/llama_engine_axi_0/U0/u_engine/u_sw/ARG__3_n_101
    SLICE_X42Y53         LUT3 (Prop_G5LUT_SLICEM_I1_O)
                                                      0.084    22.961 r  design_2_i/llama_engine_axi_0/U0/u_engine/u_sw/SHIFT_LEFT26_i_324/O
                         net (fo=2, routed)           0.540    23.501    design_2_i/llama_engine_axi_0/U0/u_engine/u_sw/SHIFT_LEFT26_i_324_n_0
    SLICE_X42Y53         LUT4 (Prop_H6LUT_SLICEM_I3_O)
                                                      0.100    23.601 r  design_2_i/llama_engine_axi_0/U0/u_engine/u_sw/SHIFT_LEFT26_i_329/O
                         net (fo=1, routed)           0.017    23.618    design_2_i/llama_engine_axi_0/U0/u_engine/u_sw/SHIFT_LEFT26_i_329_n_0
    SLICE_X42Y53         CARRY8 (Prop_CARRY8_SLICEM_S[7]_CO[7])
                                                      0.150    23.768 r  design_2_i/llama_engine_axi_0/U0/u_engine/u_sw/SHIFT_LEFT26_i_158/CO[7]
                         net (fo=1, routed)           0.028    23.796    design_2_i/llama_engine_axi_0/U0/u_engine/u_sw/SHIFT_LEFT26_i_158_n_0
    SLICE_X42Y54         CARRY8 (Prop_CARRY8_SLICEM_CI_O[4])
                                                      0.109    23.905 r  design_2_i/llama_engine_axi_0/U0/u_engine/u_sw/SHIFT_LEFT26__0_i_17/O[4]
                         net (fo=3, routed)           0.286    24.191    design_2_i/llama_engine_axi_0/U0/u_engine/u_sw/p_0_in[49]
    SLICE_X43Y54         LUT2 (Prop_B6LUT_SLICEM_I1_O)
                                                      0.178    24.369 r  design_2_i/llama_engine_axi_0/U0/u_engine/u_sw/SHIFT_LEFT26__0_i_24/O
                         net (fo=1, routed)           0.018    24.387    design_2_i/llama_engine_axi_0/U0/u_engine/u_sw/SHIFT_LEFT26__0_i_24_n_0
    SLICE_X43Y54         CARRY8 (Prop_CARRY8_SLICEM_S[1]_CO[7])
                                                      0.238    24.625 r  design_2_i/llama_engine_axi_0/U0/u_engine/u_sw/SHIFT_LEFT26__0_i_15/CO[7]
                         net (fo=1, routed)           0.028    24.653    design_2_i/llama_engine_axi_0/U0/u_engine/u_sw/SHIFT_LEFT26__0_i_15_n_0
    SLICE_X43Y55         CARRY8 (Prop_CARRY8_SLICEM_CI_O[4])
                                                      0.109    24.762 f  design_2_i/llama_engine_axi_0/U0/u_engine/u_sw/SHIFT_LEFT26_i_69/O[4]
                         net (fo=2, routed)           0.345    25.107    design_2_i/llama_engine_axi_0/U0/u_engine/u_sw/SHIFT_LEFT26_i_69_n_11
    SLICE_X41Y53         LUT2 (Prop_F6LUT_SLICEL_I0_O)
                                                      0.177    25.284 r  design_2_i/llama_engine_axi_0/U0/u_engine/u_sw/SHIFT_LEFT26_i_318/O
                         net (fo=1, routed)           0.012    25.296    design_2_i/llama_engine_axi_0/U0/u_engine/u_sw/SHIFT_LEFT26_i_318_n_0
    SLICE_X41Y53         CARRY8 (Prop_CARRY8_SLICEL_S[5]_CO[7])
                                                      0.197    25.493 r  design_2_i/llama_engine_axi_0/U0/u_engine/u_sw/SHIFT_LEFT26_i_149/CO[7]
                         net (fo=1, routed)           0.028    25.521    design_2_i/llama_engine_axi_0/U0/u_engine/u_sw/SHIFT_LEFT26_i_149_n_0
    SLICE_X41Y54         CARRY8 (Prop_CARRY8_SLICEL_CI_CO[7])
                                                      0.030    25.551 r  design_2_i/llama_engine_axi_0/U0/u_engine/u_sw/SHIFT_LEFT26_i_67/CO[7]
                         net (fo=31, routed)          0.504    26.056    design_2_i/llama_engine_axi_0/U0/u_engine/u_sw/sigmoid_q1
    SLICE_X40Y43         LUT5 (Prop_F6LUT_SLICEM_I1_O)
                                                      0.177    26.233 f  design_2_i/llama_engine_axi_0/U0/u_engine/u_sw/SHIFT_LEFT26_i_30/O
                         net (fo=2, routed)           0.522    26.755    design_2_i/llama_engine_axi_0/U0/u_engine/u_sw/SHIFT_LEFT26__1/B[2]
    DSP48E2_X3Y18        DSP_A_B_DATA (Prop_DSP_A_B_DATA_DSP48E2_B[2]_B2_DATA[2])
                                                      0.195    26.950 r  design_2_i/llama_engine_axi_0/U0/u_engine/u_sw/SHIFT_LEFT26__1/DSP_A_B_DATA_INST/B2_DATA[2]
                         net (fo=1, routed)           0.000    26.950    design_2_i/llama_engine_axi_0/U0/u_engine/u_sw/SHIFT_LEFT26__1/DSP_A_B_DATA.B2_DATA<2>
    DSP48E2_X3Y18        DSP_PREADD_DATA (Prop_DSP_PREADD_DATA_DSP48E2_B2_DATA[2]_B2B1[2])
                                                      0.092    27.042 r  design_2_i/llama_engine_axi_0/U0/u_engine/u_sw/SHIFT_LEFT26__1/DSP_PREADD_DATA_INST/B2B1[2]
                         net (fo=1, routed)           0.000    27.042    design_2_i/llama_engine_axi_0/U0/u_engine/u_sw/SHIFT_LEFT26__1/DSP_PREADD_DATA.B2B1<2>
    DSP48E2_X3Y18        DSP_MULTIPLIER (Prop_DSP_MULTIPLIER_DSP48E2_B2B1[2]_U[33])
                                                      0.737    27.779 f  design_2_i/llama_engine_axi_0/U0/u_engine/u_sw/SHIFT_LEFT26__1/DSP_MULTIPLIER_INST/U[33]
                         net (fo=1, routed)           0.000    27.779    design_2_i/llama_engine_axi_0/U0/u_engine/u_sw/SHIFT_LEFT26__1/DSP_MULTIPLIER.U<33>
    DSP48E2_X3Y18        DSP_M_DATA (Prop_DSP_M_DATA_DSP48E2_U[33]_U_DATA[33])
                                                      0.059    27.838 r  design_2_i/llama_engine_axi_0/U0/u_engine/u_sw/SHIFT_LEFT26__1/DSP_M_DATA_INST/U_DATA[33]
                         net (fo=1, routed)           0.000    27.838    design_2_i/llama_engine_axi_0/U0/u_engine/u_sw/SHIFT_LEFT26__1/DSP_M_DATA.U_DATA<33>
    DSP48E2_X3Y18        DSP_ALU (Prop_DSP_ALU_DSP48E2_U_DATA[33]_ALU_OUT[47])
                                                      0.699    28.537 f  design_2_i/llama_engine_axi_0/U0/u_engine/u_sw/SHIFT_LEFT26__1/DSP_ALU_INST/ALU_OUT[47]
                         net (fo=1, routed)           0.000    28.537    design_2_i/llama_engine_axi_0/U0/u_engine/u_sw/SHIFT_LEFT26__1/DSP_ALU.ALU_OUT<47>
    DSP48E2_X3Y18        DSP_OUTPUT (Prop_DSP_OUTPUT_DSP48E2_ALU_OUT[47]_PCOUT[47])
                                                      0.159    28.696 r  design_2_i/llama_engine_axi_0/U0/u_engine/u_sw/SHIFT_LEFT26__1/DSP_OUTPUT_INST/PCOUT[47]
                         net (fo=1, routed)           0.016    28.712    design_2_i/llama_engine_axi_0/U0/u_engine/u_sw/SHIFT_LEFT26__2/PCIN[47]
    DSP48E2_X3Y19        DSP_ALU (Prop_DSP_ALU_DSP48E2_PCIN[47]_ALU_OUT[11])
                                                      0.698    29.410 f  design_2_i/llama_engine_axi_0/U0/u_engine/u_sw/SHIFT_LEFT26__2/DSP_ALU_INST/ALU_OUT[11]
                         net (fo=1, routed)           0.000    29.410    design_2_i/llama_engine_axi_0/U0/u_engine/u_sw/SHIFT_LEFT26__2/DSP_ALU.ALU_OUT<11>
    DSP48E2_X3Y19        DSP_OUTPUT (Prop_DSP_OUTPUT_DSP48E2_ALU_OUT[11]_P[11])
                                                      0.141    29.551 r  design_2_i/llama_engine_axi_0/U0/u_engine/u_sw/SHIFT_LEFT26__2/DSP_OUTPUT_INST/P[11]
                         net (fo=2, routed)           0.762    30.313    design_2_i/llama_engine_axi_0/U0/u_engine/u_sw/SHIFT_LEFT26__2_n_94
    SLICE_X39Y46         LUT2 (Prop_E6LUT_SLICEM_I0_O)
                                                      0.148    30.461 r  design_2_i/llama_engine_axi_0/U0/u_engine/u_sw/SHIFT_LEFT26__3_i_50/O
                         net (fo=1, routed)           0.015    30.476    design_2_i/llama_engine_axi_0/U0/u_engine/u_sw/SHIFT_LEFT26__3_i_50_n_0
    SLICE_X39Y46         CARRY8 (Prop_CARRY8_SLICEM_S[4]_CO[7])
                                                      0.198    30.674 r  design_2_i/llama_engine_axi_0/U0/u_engine/u_sw/SHIFT_LEFT26__3_i_4/CO[7]
                         net (fo=1, routed)           0.028    30.702    design_2_i/llama_engine_axi_0/U0/u_engine/u_sw/SHIFT_LEFT26__3_i_4_n_0
    SLICE_X39Y47         CARRY8 (Prop_CARRY8_SLICEM_CI_CO[7])
                                                      0.023    30.725 r  design_2_i/llama_engine_axi_0/U0/u_engine/u_sw/SHIFT_LEFT26__3_i_3/CO[7]
                         net (fo=1, routed)           0.028    30.753    design_2_i/llama_engine_axi_0/U0/u_engine/u_sw/SHIFT_LEFT26__3_i_3_n_0
    SLICE_X39Y48         CARRY8 (Prop_CARRY8_SLICEM_CI_CO[7])
                                                      0.023    30.776 r  design_2_i/llama_engine_axi_0/U0/u_engine/u_sw/SHIFT_LEFT26__3_i_2/CO[7]
                         net (fo=1, routed)           0.028    30.804    design_2_i/llama_engine_axi_0/U0/u_engine/u_sw/SHIFT_LEFT26__3_i_2_n_0
    SLICE_X39Y49         CARRY8 (Prop_CARRY8_SLICEM_CI_CO[7])
                                                      0.023    30.827 r  design_2_i/llama_engine_axi_0/U0/u_engine/u_sw/SHIFT_LEFT26__3_i_22/CO[7]
                         net (fo=1, routed)           0.028    30.855    design_2_i/llama_engine_axi_0/U0/u_engine/u_sw/SHIFT_LEFT26__3_i_22_n_0
    SLICE_X39Y50         CARRY8 (Prop_CARRY8_SLICEM_CI_O[7])
                                                      0.146    31.001 f  design_2_i/llama_engine_axi_0/U0/u_engine/u_sw/SHIFT_LEFT26__3_i_1/O[7]
                         net (fo=20, routed)          1.132    32.133    design_2_i/llama_engine_axi_0/U0/u_engine/u_sw/SHIFT_LEFT26__3/B[16]
    DSP48E2_X2Y24        DSP_A_B_DATA (Prop_DSP_A_B_DATA_DSP48E2_B[16]_B2_DATA[16])
                                                      0.195    32.328 r  design_2_i/llama_engine_axi_0/U0/u_engine/u_sw/SHIFT_LEFT26__3/DSP_A_B_DATA_INST/B2_DATA[16]
                         net (fo=1, routed)           0.000    32.328    design_2_i/llama_engine_axi_0/U0/u_engine/u_sw/SHIFT_LEFT26__3/DSP_A_B_DATA.B2_DATA<16>
    DSP48E2_X2Y24        DSP_PREADD_DATA (Prop_DSP_PREADD_DATA_DSP48E2_B2_DATA[16]_B2B1[16])
                                                      0.092    32.420 r  design_2_i/llama_engine_axi_0/U0/u_engine/u_sw/SHIFT_LEFT26__3/DSP_PREADD_DATA_INST/B2B1[16]
                         net (fo=1, routed)           0.000    32.420    design_2_i/llama_engine_axi_0/U0/u_engine/u_sw/SHIFT_LEFT26__3/DSP_PREADD_DATA.B2B1<16>
    DSP48E2_X2Y24        DSP_MULTIPLIER (Prop_DSP_MULTIPLIER_DSP48E2_B2B1[16]_U[43])
                                                      0.737    33.157 f  design_2_i/llama_engine_axi_0/U0/u_engine/u_sw/SHIFT_LEFT26__3/DSP_MULTIPLIER_INST/U[43]
                         net (fo=1, routed)           0.000    33.157    design_2_i/llama_engine_axi_0/U0/u_engine/u_sw/SHIFT_LEFT26__3/DSP_MULTIPLIER.U<43>
    DSP48E2_X2Y24        DSP_M_DATA (Prop_DSP_M_DATA_DSP48E2_U[43]_U_DATA[43])
                                                      0.059    33.216 r  design_2_i/llama_engine_axi_0/U0/u_engine/u_sw/SHIFT_LEFT26__3/DSP_M_DATA_INST/U_DATA[43]
                         net (fo=1, routed)           0.000    33.216    design_2_i/llama_engine_axi_0/U0/u_engine/u_sw/SHIFT_LEFT26__3/DSP_M_DATA.U_DATA<43>
    DSP48E2_X2Y24        DSP_ALU (Prop_DSP_ALU_DSP48E2_U_DATA[43]_ALU_OUT[47])
                                                      0.699    33.915 f  design_2_i/llama_engine_axi_0/U0/u_engine/u_sw/SHIFT_LEFT26__3/DSP_ALU_INST/ALU_OUT[47]
                         net (fo=1, routed)           0.000    33.915    design_2_i/llama_engine_axi_0/U0/u_engine/u_sw/SHIFT_LEFT26__3/DSP_ALU.ALU_OUT<47>
    DSP48E2_X2Y24        DSP_OUTPUT (Prop_DSP_OUTPUT_DSP48E2_ALU_OUT[47]_PCOUT[47])
                                                      0.159    34.074 r  design_2_i/llama_engine_axi_0/U0/u_engine/u_sw/SHIFT_LEFT26__3/DSP_OUTPUT_INST/PCOUT[47]
                         net (fo=1, routed)           0.016    34.090    design_2_i/llama_engine_axi_0/U0/u_engine/u_sw/SHIFT_LEFT26__4/PCIN[47]
    DSP48E2_X2Y25        DSP_ALU (Prop_DSP_ALU_DSP48E2_PCIN[47]_ALU_OUT[0])
                                                      0.698    34.788 f  design_2_i/llama_engine_axi_0/U0/u_engine/u_sw/SHIFT_LEFT26__4/DSP_ALU_INST/ALU_OUT[0]
                         net (fo=1, routed)           0.000    34.788    design_2_i/llama_engine_axi_0/U0/u_engine/u_sw/SHIFT_LEFT26__4/DSP_ALU.ALU_OUT<0>
    DSP48E2_X2Y25        DSP_OUTPUT (Prop_DSP_OUTPUT_DSP48E2_ALU_OUT[0]_P[0])
                                                      0.141    34.929 r  design_2_i/llama_engine_axi_0/U0/u_engine/u_sw/SHIFT_LEFT26__4/DSP_OUTPUT_INST/P[0]
                         net (fo=1, routed)           0.475    35.404    design_2_i/llama_engine_axi_0/U0/u_engine/u_sw/SHIFT_LEFT26__4_n_105
    SLICE_X26Y55         LUT2 (Prop_C6LUT_SLICEL_I1_O)
                                                      0.063    35.467 r  design_2_i/llama_engine_axi_0/U0/u_engine/u_sw/o_wdata[27]_i_7/O
                         net (fo=1, routed)           0.011    35.478    design_2_i/llama_engine_axi_0/U0/u_engine/u_sw/o_wdata[27]_i_7_n_0
    SLICE_X26Y55         CARRY8 (Prop_CARRY8_SLICEL_S[2]_O[2])
                                                      0.069    35.547 r  design_2_i/llama_engine_axi_0/U0/u_engine/u_sw/o_wdata_reg[27]_i_1/O[2]
                         net (fo=1, routed)           0.032    35.579    design_2_i/llama_engine_axi_0/U0/u_engine/u_sw/o_wdata_reg[27]_i_1_n_13
    SLICE_X26Y55         FDRE                                         r  design_2_i/llama_engine_axi_0/U0/u_engine/u_sw/o_wdata_reg[22]/D
  -------------------------------------------------------------------    -------------------

                         (clock clk_pl_0 rise edge)
                                                    337.503   337.503 r  
    PS8_X0Y0             PS8                          0.000   337.503 r  design_2_i/zynq_ultra_ps_e_0/inst/PS8_i/PLCLK[0]
                         net (fo=1, routed)           0.140   337.643    design_2_i/zynq_ultra_ps_e_0/inst/pl_clk_unbuffered[0]
    BUFG_PS_X0Y58        BUFG_PS (Prop_BUFG_PS_I_O)
                                                      0.027   337.670 r  design_2_i/zynq_ultra_ps_e_0/inst/buffer_pl_clk_0.PL_CLK_0_BUFG/O
    X0Y1 (CLOCK_ROOT)    net (fo=56092, routed)       1.580   339.250    design_2_i/llama_engine_axi_0/U0/u_engine/u_sw/clk
    SLICE_X26Y55         FDRE                                         r  design_2_i/llama_engine_axi_0/U0/u_engine/u_sw/o_wdata_reg[22]/C
                         clock pessimism              0.107   339.357    
                         clock uncertainty           -0.876   338.481    
    SLICE_X26Y55         FDRE (Setup_CFF_SLICEL_C_D)
                                                      0.027   338.508    design_2_i/llama_engine_axi_0/U0/u_engine/u_sw/o_wdata_reg[22]
  -------------------------------------------------------------------
                         required time                        338.508    
                         arrival time                         -35.579    
  -------------------------------------------------------------------
                         slack                                302.929    





Min Delay Paths
--------------------------------------------------------------------------------------
Slack (MET) :             0.009ns  (arrival time - required time)
  Source:                 design_2_i/llama_engine_axi_0/U0/u_engine/u_att/e_sh_reg[108]/C
                            (rising edge-triggered cell FDRE clocked by clk_pl_0  {rise@0.000ns fall@168.751ns period=337.503ns})
  Destination:            design_2_i/llama_engine_axi_0/U0/u_engine/u_att/e_sh_reg[76]/D
                            (rising edge-triggered cell FDRE clocked by clk_pl_0  {rise@0.000ns fall@168.751ns period=337.503ns})
  Path Group:             clk_pl_0
  Path Type:              Hold (Min at Fast Process Corner)
  Requirement:            0.000ns  (clk_pl_0 rise@0.000ns - clk_pl_0 rise@0.000ns)
  Data Path Delay:        0.161ns  (logic 0.075ns (46.584%)  route 0.086ns (53.416%))
  Logic Levels:           1  (LUT3=1)
  Clock Path Skew:        0.006ns (DCD - SCD - CPR)
    Destination Clock Delay (DCD):    1.270ns
    Source Clock Delay      (SCD):    1.111ns
    Clock Pessimism Removal (CPR):    0.153ns
  Clock Uncertainty:      0.100ns  ((TSJ^2 + DJ^2)^1/2) / 2 + PE + UU
    Total System Jitter     (TSJ):    0.000ns
    Discrete Jitter          (DJ):    0.000ns
    Phase Error              (PE):    0.000ns
    User Uncertainty         (UU):    0.100ns
  Clock Net Delay (Source):      1.000ns (routing 0.324ns, distribution 0.676ns)
  Clock Net Delay (Destination): 1.132ns (routing 0.365ns, distribution 0.767ns)

    Location             Delay type                Incr(ns)  Path(ns)    Netlist Resource(s)
  -------------------------------------------------------------------    -------------------
                         (clock clk_pl_0 rise edge)
                                                      0.000     0.000 r  
    PS8_X0Y0             PS8                          0.000     0.000 r  design_2_i/zynq_ultra_ps_e_0/inst/PS8_i/PLCLK[0]
                         net (fo=1, routed)           0.094     0.094    design_2_i/zynq_ultra_ps_e_0/inst/pl_clk_unbuffered[0]
    BUFG_PS_X0Y58        BUFG_PS (Prop_BUFG_PS_I_O)
                                                      0.017     0.111 r  design_2_i/zynq_ultra_ps_e_0/inst/buffer_pl_clk_0.PL_CLK_0_BUFG/O
    X0Y1 (CLOCK_ROOT)    net (fo=56092, routed)       1.000     1.111    design_2_i/llama_engine_axi_0/U0/u_engine/u_att/clk
    SLICE_X41Y137        FDRE                                         r  design_2_i/llama_engine_axi_0/U0/u_engine/u_att/e_sh_reg[108]/C
  -------------------------------------------------------------------    -------------------
    SLICE_X41Y137        FDRE (Prop_DFF_SLICEL_C_Q)
                                                      0.039     1.150 r  design_2_i/llama_engine_axi_0/U0/u_engine/u_att/e_sh_reg[108]/Q
                         net (fo=1, routed)           0.071     1.221    design_2_i/llama_engine_axi_0/U0/u_engine/u_att/data1[76]
    SLICE_X41Y137        LUT3 (Prop_B6LUT_SLICEL_I0_O)
                                                      0.036     1.257 r  design_2_i/llama_engine_axi_0/U0/u_engine/u_att/e_sh[76]_i_1/O
                         net (fo=1, routed)           0.015     1.272    design_2_i/llama_engine_axi_0/U0/u_engine/u_att/e_sh__0[76]
    SLICE_X41Y137        FDRE                                         r  design_2_i/llama_engine_axi_0/U0/u_engine/u_att/e_sh_reg[76]/D
  -------------------------------------------------------------------    -------------------

                         (clock clk_pl_0 rise edge)
                                                      0.000     0.000 r  
    PS8_X0Y0             PS8                          0.000     0.000 r  design_2_i/zynq_ultra_ps_e_0/inst/PS8_i/PLCLK[0]
                         net (fo=1, routed)           0.120     0.120    design_2_i/zynq_ultra_ps_e_0/inst/pl_clk_unbuffered[0]
    BUFG_PS_X0Y58        BUFG_PS (Prop_BUFG_PS_I_O)
                                                      0.018     0.138 r  design_2_i/zynq_ultra_ps_e_0/inst/buffer_pl_clk_0.PL_CLK_0_BUFG/O
    X0Y1 (CLOCK_ROOT)    net (fo=56092, routed)       1.132     1.270    design_2_i/llama_engine_axi_0/U0/u_engine/u_att/clk
    SLICE_X41Y137        FDRE                                         r  design_2_i/llama_engine_axi_0/U0/u_engine/u_att/e_sh_reg[76]/C
                         clock pessimism             -0.153     1.117    
                         clock uncertainty            0.100     1.217    
    SLICE_X41Y137        FDRE (Hold_BFF_SLICEL_C_D)
                                                      0.046     1.263    design_2_i/llama_engine_axi_0/U0/u_engine/u_att/e_sh_reg[76]
  -------------------------------------------------------------------
                         required time                         -1.263    
                         arrival time                           1.272    
  -------------------------------------------------------------------
                         slack                                  0.009    

Slack (MET) :             0.009ns  (arrival time - required time)
  Source:                 design_2_i/llama_engine_axi_0/U0/u_engine/x_mant_cur_reg[504]/C
                            (rising edge-triggered cell FDRE clocked by clk_pl_0  {rise@0.000ns fall@168.751ns period=337.503ns})
  Destination:            design_2_i/llama_engine_axi_0/U0/u_engine/rms_x_mant_reg[504]/D
                            (rising edge-triggered cell FDRE clocked by clk_pl_0  {rise@0.000ns fall@168.751ns period=337.503ns})
  Path Group:             clk_pl_0
  Path Type:              Hold (Min at Fast Process Corner)
  Requirement:            0.000ns  (clk_pl_0 rise@0.000ns - clk_pl_0 rise@0.000ns)
  Data Path Delay:        0.172ns  (logic 0.097ns (56.499%)  route 0.075ns (43.501%))
  Logic Levels:           1  (LUT5=1)
  Clock Path Skew:        0.016ns (DCD - SCD - CPR)
    Destination Clock Delay (DCD):    1.149ns
    Source Clock Delay      (SCD):    0.999ns
    Clock Pessimism Removal (CPR):    0.134ns
  Clock Uncertainty:      0.100ns  ((TSJ^2 + DJ^2)^1/2) / 2 + PE + UU
    Total System Jitter     (TSJ):    0.000ns
    Discrete Jitter          (DJ):    0.000ns
    Phase Error              (PE):    0.000ns
    User Uncertainty         (UU):    0.100ns
  Clock Net Delay (Source):      0.888ns (routing 0.324ns, distribution 0.564ns)
  Clock Net Delay (Destination): 1.011ns (routing 0.365ns, distribution 0.646ns)

    Location             Delay type                Incr(ns)  Path(ns)    Netlist Resource(s)
  -------------------------------------------------------------------    -------------------
                         (clock clk_pl_0 rise edge)
                                                      0.000     0.000 r  
    PS8_X0Y0             PS8                          0.000     0.000 r  design_2_i/zynq_ultra_ps_e_0/inst/PS8_i/PLCLK[0]
                         net (fo=1, routed)           0.094     0.094    design_2_i/zynq_ultra_ps_e_0/inst/pl_clk_unbuffered[0]
    BUFG_PS_X0Y58        BUFG_PS (Prop_BUFG_PS_I_O)
                                                      0.017     0.111 r  design_2_i/zynq_ultra_ps_e_0/inst/buffer_pl_clk_0.PL_CLK_0_BUFG/O
    X0Y1 (CLOCK_ROOT)    net (fo=56092, routed)       0.888     0.999    design_2_i/llama_engine_axi_0/U0/u_engine/clk
    SLICE_X1Y70          FDRE                                         r  design_2_i/llama_engine_axi_0/U0/u_engine/x_mant_cur_reg[504]/C
  -------------------------------------------------------------------    -------------------
    SLICE_X1Y70          FDRE (Prop_FFF_SLICEM_C_Q)
                                                      0.037     1.036 r  design_2_i/llama_engine_axi_0/U0/u_engine/x_mant_cur_reg[504]/Q
                         net (fo=2, routed)           0.057     1.092    design_2_i/llama_engine_axi_0/U0/u_engine/x_mant_cur[504]
    SLICE_X1Y70          LUT5 (Prop_A6LUT_SLICEM_I1_O)
                                                      0.060     1.152 r  design_2_i/llama_engine_axi_0/U0/u_engine/rms_x_mant[504]_i_1/O
                         net (fo=1, routed)           0.018     1.170    design_2_i/llama_engine_axi_0/U0/u_engine/rms_x_mant[504]_i_1_n_0
    SLICE_X1Y70          FDRE                                         r  design_2_i/llama_engine_axi_0/U0/u_engine/rms_x_mant_reg[504]/D
  -------------------------------------------------------------------    -------------------

                         (clock clk_pl_0 rise edge)
                                                      0.000     0.000 r  
    PS8_X0Y0             PS8                          0.000     0.000 r  design_2_i/zynq_ultra_ps_e_0/inst/PS8_i/PLCLK[0]
                         net (fo=1, routed)           0.120     0.120    design_2_i/zynq_ultra_ps_e_0/inst/pl_clk_unbuffered[0]
    BUFG_PS_X0Y58        BUFG_PS (Prop_BUFG_PS_I_O)
                                                      0.018     0.138 r  design_2_i/zynq_ultra_ps_e_0/inst/buffer_pl_clk_0.PL_CLK_0_BUFG/O
    X0Y1 (CLOCK_ROOT)    net (fo=56092, routed)       1.011     1.149    design_2_i/llama_engine_axi_0/U0/u_engine/clk
    SLICE_X1Y70          FDRE                                         r  design_2_i/llama_engine_axi_0/U0/u_engine/rms_x_mant_reg[504]/C
                         clock pessimism             -0.134     1.015    
                         clock uncertainty            0.100     1.115    
    SLICE_X1Y70          FDRE (Hold_AFF_SLICEM_C_D)
                                                      0.046     1.161    design_2_i/llama_engine_axi_0/U0/u_engine/rms_x_mant_reg[504]
  -------------------------------------------------------------------
                         required time                         -1.161    
                         arrival time                           1.170    
  -------------------------------------------------------------------
                         slack                                  0.009    

Slack (MET) :             0.010ns  (arrival time - required time)
  Source:                 design_2_i/llama_engine_axi_0/U0/u_engine/u_rope/qo_mant_reg[566]/C
                            (rising edge-triggered cell FDRE clocked by clk_pl_0  {rise@0.000ns fall@168.751ns period=337.503ns})
  Destination:            design_2_i/llama_engine_axi_0/U0/u_engine/att_q_mant_reg[566]/D
                            (rising edge-triggered cell FDRE clocked by clk_pl_0  {rise@0.000ns fall@168.751ns period=337.503ns})
  Path Group:             clk_pl_0
  Path Type:              Hold (Min at Fast Process Corner)
  Requirement:            0.000ns  (clk_pl_0 rise@0.000ns - clk_pl_0 rise@0.000ns)
  Data Path Delay:        0.172ns  (logic 0.039ns (22.674%)  route 0.133ns (77.326%))
  Logic Levels:           0  
  Clock Path Skew:        0.016ns (DCD - SCD - CPR)
    Destination Clock Delay (DCD):    1.176ns
    Source Clock Delay      (SCD):    1.020ns
    Clock Pessimism Removal (CPR):    0.140ns
  Clock Uncertainty:      0.100ns  ((TSJ^2 + DJ^2)^1/2) / 2 + PE + UU
    Total System Jitter     (TSJ):    0.000ns
    Discrete Jitter          (DJ):    0.000ns
    Phase Error              (PE):    0.000ns
    User Uncertainty         (UU):    0.100ns
  Clock Net Delay (Source):      0.909ns (routing 0.324ns, distribution 0.585ns)
  Clock Net Delay (Destination): 1.038ns (routing 0.365ns, distribution 0.673ns)

    Location             Delay type                Incr(ns)  Path(ns)    Netlist Resource(s)
  -------------------------------------------------------------------    -------------------
                         (clock clk_pl_0 rise edge)
                                                      0.000     0.000 r  
    PS8_X0Y0             PS8                          0.000     0.000 r  design_2_i/zynq_ultra_ps_e_0/inst/PS8_i/PLCLK[0]
                         net (fo=1, routed)           0.094     0.094    design_2_i/zynq_ultra_ps_e_0/inst/pl_clk_unbuffered[0]
    BUFG_PS_X0Y58        BUFG_PS (Prop_BUFG_PS_I_O)
                                                      0.017     0.111 r  design_2_i/zynq_ultra_ps_e_0/inst/buffer_pl_clk_0.PL_CLK_0_BUFG/O
    X0Y1 (CLOCK_ROOT)    net (fo=56092, routed)       0.909     1.020    design_2_i/llama_engine_axi_0/U0/u_engine/u_rope/clk
    SLICE_X18Y6          FDRE                                         r  design_2_i/llama_engine_axi_0/U0/u_engine/u_rope/qo_mant_reg[566]/C
  -------------------------------------------------------------------    -------------------
    SLICE_X18Y6          FDRE (Prop_BFF_SLICEL_C_Q)
                                                      0.039     1.059 r  design_2_i/llama_engine_axi_0/U0/u_engine/u_rope/qo_mant_reg[566]/Q
                         net (fo=2, routed)           0.133     1.192    design_2_i/llama_engine_axi_0/U0/u_engine/rope_qo_mant[566]
    SLICE_X18Y6          FDRE                                         r  design_2_i/llama_engine_axi_0/U0/u_engine/att_q_mant_reg[566]/D
  -------------------------------------------------------------------    -------------------

                         (clock clk_pl_0 rise edge)
                                                      0.000     0.000 r  
    PS8_X0Y0             PS8                          0.000     0.000 r  design_2_i/zynq_ultra_ps_e_0/inst/PS8_i/PLCLK[0]
                         net (fo=1, routed)           0.120     0.120    design_2_i/zynq_ultra_ps_e_0/inst/pl_clk_unbuffered[0]
    BUFG_PS_X0Y58        BUFG_PS (Prop_BUFG_PS_I_O)
                                                      0.018     0.138 r  design_2_i/zynq_ultra_ps_e_0/inst/buffer_pl_clk_0.PL_CLK_0_BUFG/O
    X0Y1 (CLOCK_ROOT)    net (fo=56092, routed)       1.038     1.176    design_2_i/llama_engine_axi_0/U0/u_engine/clk
    SLICE_X18Y6          FDRE                                         r  design_2_i/llama_engine_axi_0/U0/u_engine/att_q_mant_reg[566]/C
                         clock pessimism             -0.140     1.036    
                         clock uncertainty            0.100     1.136    
    SLICE_X18Y6          FDRE (Hold_EFF_SLICEL_C_D)
                                                      0.046     1.182    design_2_i/llama_engine_axi_0/U0/u_engine/att_q_mant_reg[566]
  -------------------------------------------------------------------
                         required time                         -1.182    
                         arrival time                           1.192    
  -------------------------------------------------------------------
                         slack                                  0.010    

Slack (MET) :             0.010ns  (arrival time - required time)
  Source:                 design_2_i/llama_engine_axi_0/U0/u_engine/u_embed/x_mant_reg[731]/C
                            (rising edge-triggered cell FDRE clocked by clk_pl_0  {rise@0.000ns fall@168.751ns period=337.503ns})
  Destination:            design_2_i/llama_engine_axi_0/U0/u_engine/x_mant_cur_reg[731]/D
                            (rising edge-triggered cell FDRE clocked by clk_pl_0  {rise@0.000ns fall@168.751ns period=337.503ns})
  Path Group:             clk_pl_0
  Path Type:              Hold (Min at Fast Process Corner)
  Requirement:            0.000ns  (clk_pl_0 rise@0.000ns - clk_pl_0 rise@0.000ns)
  Data Path Delay:        0.166ns  (logic 0.061ns (36.786%)  route 0.105ns (63.214%))
  Logic Levels:           1  (LUT4=1)
  Clock Path Skew:        0.010ns (DCD - SCD - CPR)
    Destination Clock Delay (DCD):    1.159ns
    Source Clock Delay      (SCD):    1.010ns
    Clock Pessimism Removal (CPR):    0.139ns
  Clock Uncertainty:      0.100ns  ((TSJ^2 + DJ^2)^1/2) / 2 + PE + UU
    Total System Jitter     (TSJ):    0.000ns
    Discrete Jitter          (DJ):    0.000ns
    Phase Error              (PE):    0.000ns
    User Uncertainty         (UU):    0.100ns
  Clock Net Delay (Source):      0.899ns (routing 0.324ns, distribution 0.575ns)
  Clock Net Delay (Destination): 1.021ns (routing 0.365ns, distribution 0.656ns)

    Location             Delay type                Incr(ns)  Path(ns)    Netlist Resource(s)
  -------------------------------------------------------------------    -------------------
                         (clock clk_pl_0 rise edge)
                                                      0.000     0.000 r  
    PS8_X0Y0             PS8                          0.000     0.000 r  design_2_i/zynq_ultra_ps_e_0/inst/PS8_i/PLCLK[0]
                         net (fo=1, routed)           0.094     0.094    design_2_i/zynq_ultra_ps_e_0/inst/pl_clk_unbuffered[0]
    BUFG_PS_X0Y58        BUFG_PS (Prop_BUFG_PS_I_O)
                                                      0.017     0.111 r  design_2_i/zynq_ultra_ps_e_0/inst/buffer_pl_clk_0.PL_CLK_0_BUFG/O
    X0Y1 (CLOCK_ROOT)    net (fo=56092, routed)       0.899     1.010    design_2_i/llama_engine_axi_0/U0/u_engine/u_embed/clk
    SLICE_X11Y49         FDRE                                         r  design_2_i/llama_engine_axi_0/U0/u_engine/u_embed/x_mant_reg[731]/C
  -------------------------------------------------------------------    -------------------
    SLICE_X11Y49         FDRE (Prop_FFF_SLICEL_C_Q)
                                                      0.039     1.049 r  design_2_i/llama_engine_axi_0/U0/u_engine/u_embed/x_mant_reg[731]/Q
                         net (fo=3, routed)           0.088     1.136    design_2_i/llama_engine_axi_0/U0/u_engine/embed_x_mant[731]
    SLICE_X11Y49         LUT4 (Prop_C6LUT_SLICEL_I1_O)
                                                      0.022     1.158 r  design_2_i/llama_engine_axi_0/U0/u_engine/x_mant_cur[731]_i_1/O
                         net (fo=1, routed)           0.017     1.175    design_2_i/llama_engine_axi_0/U0/u_engine/x_mant_cur[731]_i_1_n_0
    SLICE_X11Y49         FDRE                                         r  design_2_i/llama_engine_axi_0/U0/u_engine/x_mant_cur_reg[731]/D
  -------------------------------------------------------------------    -------------------

                         (clock clk_pl_0 rise edge)
                                                      0.000     0.000 r  
    PS8_X0Y0             PS8                          0.000     0.000 r  design_2_i/zynq_ultra_ps_e_0/inst/PS8_i/PLCLK[0]
                         net (fo=1, routed)           0.120     0.120    design_2_i/zynq_ultra_ps_e_0/inst/pl_clk_unbuffered[0]
    BUFG_PS_X0Y58        BUFG_PS (Prop_BUFG_PS_I_O)
                                                      0.018     0.138 r  design_2_i/zynq_ultra_ps_e_0/inst/buffer_pl_clk_0.PL_CLK_0_BUFG/O
    X0Y1 (CLOCK_ROOT)    net (fo=56092, routed)       1.021     1.159    design_2_i/llama_engine_axi_0/U0/u_engine/clk
    SLICE_X11Y49         FDRE                                         r  design_2_i/llama_engine_axi_0/U0/u_engine/x_mant_cur_reg[731]/C
                         clock pessimism             -0.139     1.020    
                         clock uncertainty            0.100     1.120    
    SLICE_X11Y49         FDRE (Hold_CFF_SLICEL_C_D)
                                                      0.046     1.166    design_2_i/llama_engine_axi_0/U0/u_engine/x_mant_cur_reg[731]
  -------------------------------------------------------------------
                         required time                         -1.166    
                         arrival time                           1.175    
  -------------------------------------------------------------------
                         slack                                  0.010    

Slack (MET) :             0.010ns  (arrival time - required time)
  Source:                 design_2_i/llama_engine_axi_0/U0/u_engine/wo_reg_reg[58]/C
                            (rising edge-triggered cell FDRE clocked by clk_pl_0  {rise@0.000ns fall@168.751ns period=337.503ns})
  Destination:            design_2_i/llama_engine_axi_0/U0/u_engine/res_b_mant_reg[58]/D
                            (rising edge-triggered cell FDRE clocked by clk_pl_0  {rise@0.000ns fall@168.751ns period=337.503ns})
  Path Group:             clk_pl_0
  Path Type:              Hold (Min at Fast Process Corner)
  Requirement:            0.000ns  (clk_pl_0 rise@0.000ns - clk_pl_0 rise@0.000ns)
  Data Path Delay:        0.165ns  (logic 0.099ns (60.000%)  route 0.066ns (40.000%))
  Logic Levels:           1  (LUT4=1)
  Clock Path Skew:        0.009ns (DCD - SCD - CPR)
    Destination Clock Delay (DCD):    1.202ns
    Source Clock Delay      (SCD):    1.053ns
    Clock Pessimism Removal (CPR):    0.140ns
  Clock Uncertainty:      0.100ns  ((TSJ^2 + DJ^2)^1/2) / 2 + PE + UU
    Total System Jitter     (TSJ):    0.000ns
    Discrete Jitter          (DJ):    0.000ns
    Phase Error              (PE):    0.000ns
    User Uncertainty         (UU):    0.100ns
  Clock Net Delay (Source):      0.942ns (routing 0.324ns, distribution 0.618ns)
  Clock Net Delay (Destination): 1.064ns (routing 0.365ns, distribution 0.699ns)

    Location             Delay type                Incr(ns)  Path(ns)    Netlist Resource(s)
  -------------------------------------------------------------------    -------------------
                         (clock clk_pl_0 rise edge)
                                                      0.000     0.000 r  
    PS8_X0Y0             PS8                          0.000     0.000 r  design_2_i/zynq_ultra_ps_e_0/inst/PS8_i/PLCLK[0]
                         net (fo=1, routed)           0.094     0.094    design_2_i/zynq_ultra_ps_e_0/inst/pl_clk_unbuffered[0]
    BUFG_PS_X0Y58        BUFG_PS (Prop_BUFG_PS_I_O)
                                                      0.017     0.111 r  design_2_i/zynq_ultra_ps_e_0/inst/buffer_pl_clk_0.PL_CLK_0_BUFG/O
    X0Y1 (CLOCK_ROOT)    net (fo=56092, routed)       0.942     1.053    design_2_i/llama_engine_axi_0/U0/u_engine/clk
    SLICE_X33Y63         FDRE                                         r  design_2_i/llama_engine_axi_0/U0/u_engine/wo_reg_reg[58]/C
  -------------------------------------------------------------------    -------------------
    SLICE_X33Y63         FDRE (Prop_HFF_SLICEL_C_Q)
                                                      0.039     1.092 r  design_2_i/llama_engine_axi_0/U0/u_engine/wo_reg_reg[58]/Q
                         net (fo=1, routed)           0.051     1.143    design_2_i/llama_engine_axi_0/U0/u_engine/wo_reg__0[58]
    SLICE_X33Y63         LUT4 (Prop_B6LUT_SLICEL_I1_O)
                                                      0.060     1.203 r  design_2_i/llama_engine_axi_0/U0/u_engine/res_b_mant[58]_i_1/O
                         net (fo=1, routed)           0.015     1.218    design_2_i/llama_engine_axi_0/U0/u_engine/res_b_mant[58]_i_1_n_0
    SLICE_X33Y63         FDRE                                         r  design_2_i/llama_engine_axi_0/U0/u_engine/res_b_mant_reg[58]/D
  -------------------------------------------------------------------    -------------------

                         (clock clk_pl_0 rise edge)
                                                      0.000     0.000 r  
    PS8_X0Y0             PS8                          0.000     0.000 r  design_2_i/zynq_ultra_ps_e_0/inst/PS8_i/PLCLK[0]
                         net (fo=1, routed)           0.120     0.120    design_2_i/zynq_ultra_ps_e_0/inst/pl_clk_unbuffered[0]
    BUFG_PS_X0Y58        BUFG_PS (Prop_BUFG_PS_I_O)
                                                      0.018     0.138 r  design_2_i/zynq_ultra_ps_e_0/inst/buffer_pl_clk_0.PL_CLK_0_BUFG/O
    X0Y1 (CLOCK_ROOT)    net (fo=56092, routed)       1.064     1.202    design_2_i/llama_engine_axi_0/U0/u_engine/clk
    SLICE_X33Y63         FDRE                                         r  design_2_i/llama_engine_axi_0/U0/u_engine/res_b_mant_reg[58]/C
                         clock pessimism             -0.140     1.062    
                         clock uncertainty            0.100     1.162    
    SLICE_X33Y63         FDRE (Hold_BFF_SLICEL_C_D)
                                                      0.046     1.208    design_2_i/llama_engine_axi_0/U0/u_engine/res_b_mant_reg[58]
  -------------------------------------------------------------------
                         required time                         -1.208    
                         arrival time                           1.218    
  -------------------------------------------------------------------
                         slack                                  0.010    

Slack (MET) :             0.010ns  (arrival time - required time)
  Source:                 design_2_i/ps8_0_axi_periph/s00_couplers/auto_pc/inst/gen_axilite.gen_b2s_conv.axilite_b2s/RD.ar_channel_0/cmd_translator_0/wrap_cmd_0/wrap_boundary_axaddr_r_reg[7]/C
                            (rising edge-triggered cell FDRE clocked by clk_pl_0  {rise@0.000ns fall@168.751ns period=337.503ns})
  Destination:            design_2_i/ps8_0_axi_periph/s00_couplers/auto_pc/inst/gen_axilite.gen_b2s_conv.axilite_b2s/RD.ar_channel_0/cmd_translator_0/wrap_cmd_0/axaddr_wrap_reg[7]/D
                            (rising edge-triggered cell FDRE clocked by clk_pl_0  {rise@0.000ns fall@168.751ns period=337.503ns})
  Path Group:             clk_pl_0
  Path Type:              Hold (Min at Fast Process Corner)
  Requirement:            0.000ns  (clk_pl_0 rise@0.000ns - clk_pl_0 rise@0.000ns)
  Data Path Delay:        0.165ns  (logic 0.099ns (60.000%)  route 0.066ns (40.000%))
  Logic Levels:           1  (LUT6=1)
  Clock Path Skew:        0.009ns (DCD - SCD - CPR)
    Destination Clock Delay (DCD):    1.158ns
    Source Clock Delay      (SCD):    1.012ns
    Clock Pessimism Removal (CPR):    0.137ns
  Clock Uncertainty:      0.100ns  ((TSJ^2 + DJ^2)^1/2) / 2 + PE + UU
    Total System Jitter     (TSJ):    0.000ns
    Discrete Jitter          (DJ):    0.000ns
    Phase Error              (PE):    0.000ns
    User Uncertainty         (UU):    0.100ns
  Clock Net Delay (Source):      0.901ns (routing 0.324ns, distribution 0.577ns)
  Clock Net Delay (Destination): 1.020ns (routing 0.365ns, distribution 0.655ns)

    Location             Delay type                Incr(ns)  Path(ns)    Netlist Resource(s)
  -------------------------------------------------------------------    -------------------
                         (clock clk_pl_0 rise edge)
                                                      0.000     0.000 r  
    PS8_X0Y0             PS8                          0.000     0.000 r  design_2_i/zynq_ultra_ps_e_0/inst/PS8_i/PLCLK[0]
                         net (fo=1, routed)           0.094     0.094    design_2_i/zynq_ultra_ps_e_0/inst/pl_clk_unbuffered[0]
    BUFG_PS_X0Y58        BUFG_PS (Prop_BUFG_PS_I_O)
                                                      0.017     0.111 r  design_2_i/zynq_ultra_ps_e_0/inst/buffer_pl_clk_0.PL_CLK_0_BUFG/O
    X0Y1 (CLOCK_ROOT)    net (fo=56092, routed)       0.901     1.012    design_2_i/ps8_0_axi_periph/s00_couplers/auto_pc/inst/gen_axilite.gen_b2s_conv.axilite_b2s/RD.ar_channel_0/cmd_translator_0/wrap_cmd_0/clk
    SLICE_X3Y146         FDRE                                         r  design_2_i/ps8_0_axi_periph/s00_couplers/auto_pc/inst/gen_axilite.gen_b2s_conv.axilite_b2s/RD.ar_channel_0/cmd_translator_0/wrap_cmd_0/wrap_boundary_axaddr_r_reg[7]/C
  -------------------------------------------------------------------    -------------------
    SLICE_X3Y146         FDRE (Prop_HFF_SLICEL_C_Q)
                                                      0.039     1.051 r  design_2_i/ps8_0_axi_periph/s00_couplers/auto_pc/inst/gen_axilite.gen_b2s_conv.axilite_b2s/RD.ar_channel_0/cmd_translator_0/wrap_cmd_0/wrap_boundary_axaddr_r_reg[7]/Q
                         net (fo=1, routed)           0.051     1.102    design_2_i/ps8_0_axi_periph/s00_couplers/auto_pc/inst/gen_axilite.gen_b2s_conv.axilite_b2s/RD.ar_channel_0/cmd_translator_0/wrap_cmd_0/wrap_boundary_axaddr_r[7]
    SLICE_X3Y146         LUT6 (Prop_B6LUT_SLICEL_I0_O)
                                                      0.060     1.162 r  design_2_i/ps8_0_axi_periph/s00_couplers/auto_pc/inst/gen_axilite.gen_b2s_conv.axilite_b2s/RD.ar_channel_0/cmd_translator_0/wrap_cmd_0/axaddr_wrap[7]_i_1/O
                         net (fo=1, routed)           0.015     1.177    design_2_i/ps8_0_axi_periph/s00_couplers/auto_pc/inst/gen_axilite.gen_b2s_conv.axilite_b2s/RD.ar_channel_0/cmd_translator_0/wrap_cmd_0/p_1_in[7]
    SLICE_X3Y146         FDRE                                         r  design_2_i/ps8_0_axi_periph/s00_couplers/auto_pc/inst/gen_axilite.gen_b2s_conv.axilite_b2s/RD.ar_channel_0/cmd_translator_0/wrap_cmd_0/axaddr_wrap_reg[7]/D
  -------------------------------------------------------------------    -------------------

                         (clock clk_pl_0 rise edge)
                                                      0.000     0.000 r  
    PS8_X0Y0             PS8                          0.000     0.000 r  design_2_i/zynq_ultra_ps_e_0/inst/PS8_i/PLCLK[0]
                         net (fo=1, routed)           0.120     0.120    design_2_i/zynq_ultra_ps_e_0/inst/pl_clk_unbuffered[0]
    BUFG_PS_X0Y58        BUFG_PS (Prop_BUFG_PS_I_O)
                                                      0.018     0.138 r  design_2_i/zynq_ultra_ps_e_0/inst/buffer_pl_clk_0.PL_CLK_0_BUFG/O
    X0Y1 (CLOCK_ROOT)    net (fo=56092, routed)       1.020     1.158    design_2_i/ps8_0_axi_periph/s00_couplers/auto_pc/inst/gen_axilite.gen_b2s_conv.axilite_b2s/RD.ar_channel_0/cmd_translator_0/wrap_cmd_0/clk
    SLICE_X3Y146         FDRE                                         r  design_2_i/ps8_0_axi_periph/s00_couplers/auto_pc/inst/gen_axilite.gen_b2s_conv.axilite_b2s/RD.ar_channel_0/cmd_translator_0/wrap_cmd_0/axaddr_wrap_reg[7]/C
                         clock pessimism             -0.137     1.021    
                         clock uncertainty            0.100     1.121    
    SLICE_X3Y146         FDRE (Hold_BFF_SLICEL_C_D)
                                                      0.046     1.167    design_2_i/ps8_0_axi_periph/s00_couplers/auto_pc/inst/gen_axilite.gen_b2s_conv.axilite_b2s/RD.ar_channel_0/cmd_translator_0/wrap_cmd_0/axaddr_wrap_reg[7]
  -------------------------------------------------------------------
                         required time                         -1.167    
                         arrival time                           1.177    
  -------------------------------------------------------------------
                         slack                                  0.010    

Slack (MET) :             0.010ns  (arrival time - required time)
  Source:                 design_2_i/llama_engine_axi_0/U0/u_engine/wo_exp_r_reg[8]/C
                            (rising edge-triggered cell FDRE clocked by clk_pl_0  {rise@0.000ns fall@168.751ns period=337.503ns})
  Destination:            design_2_i/llama_engine_axi_0/U0/u_engine/res_b_exp_reg[8]/D
                            (rising edge-triggered cell FDRE clocked by clk_pl_0  {rise@0.000ns fall@168.751ns period=337.503ns})
  Path Group:             clk_pl_0
  Path Type:              Hold (Min at Fast Process Corner)
  Requirement:            0.000ns  (clk_pl_0 rise@0.000ns - clk_pl_0 rise@0.000ns)
  Data Path Delay:        0.172ns  (logic 0.080ns (46.512%)  route 0.092ns (53.488%))
  Logic Levels:           1  (LUT4=1)
  Clock Path Skew:        0.016ns (DCD - SCD - CPR)
    Destination Clock Delay (DCD):    1.190ns
    Source Clock Delay      (SCD):    1.036ns
    Clock Pessimism Removal (CPR):    0.138ns
  Clock Uncertainty:      0.100ns  ((TSJ^2 + DJ^2)^1/2) / 2 + PE + UU
    Total System Jitter     (TSJ):    0.000ns
    Discrete Jitter          (DJ):    0.000ns
    Phase Error              (PE):    0.000ns
    User Uncertainty         (UU):    0.100ns
  Clock Net Delay (Source):      0.925ns (routing 0.324ns, distribution 0.601ns)
  Clock Net Delay (Destination): 1.052ns (routing 0.365ns, distribution 0.687ns)

    Location             Delay type                Incr(ns)  Path(ns)    Netlist Resource(s)
  -------------------------------------------------------------------    -------------------
                         (clock clk_pl_0 rise edge)
                                                      0.000     0.000 r  
    PS8_X0Y0             PS8                          0.000     0.000 r  design_2_i/zynq_ultra_ps_e_0/inst/PS8_i/PLCLK[0]
                         net (fo=1, routed)           0.094     0.094    design_2_i/zynq_ultra_ps_e_0/inst/pl_clk_unbuffered[0]
    BUFG_PS_X0Y58        BUFG_PS (Prop_BUFG_PS_I_O)
                                                      0.017     0.111 r  design_2_i/zynq_ultra_ps_e_0/inst/buffer_pl_clk_0.PL_CLK_0_BUFG/O
    X0Y1 (CLOCK_ROOT)    net (fo=56092, routed)       0.925     1.036    design_2_i/llama_engine_axi_0/U0/u_engine/clk
    SLICE_X31Y92         FDRE                                         r  design_2_i/llama_engine_axi_0/U0/u_engine/wo_exp_r_reg[8]/C
  -------------------------------------------------------------------    -------------------
    SLICE_X31Y92         FDRE (Prop_HFF_SLICEM_C_Q)
                                                      0.039     1.075 r  design_2_i/llama_engine_axi_0/U0/u_engine/wo_exp_r_reg[8]/Q
                         net (fo=1, routed)           0.066     1.141    design_2_i/llama_engine_axi_0/U0/u_engine/wo_exp_r_reg_n_0_[8]
    SLICE_X31Y92         LUT4 (Prop_D6LUT_SLICEM_I1_O)
                                                      0.041     1.182 r  design_2_i/llama_engine_axi_0/U0/u_engine/res_b_exp[8]_i_1/O
                         net (fo=1, routed)           0.026     1.208    design_2_i/llama_engine_axi_0/U0/u_engine/res_b_exp[8]_i_1_n_0
    SLICE_X31Y92         FDRE                                         r  design_2_i/llama_engine_axi_0/U0/u_engine/res_b_exp_reg[8]/D
  -------------------------------------------------------------------    -------------------

                         (clock clk_pl_0 rise edge)
                                                      0.000     0.000 r  
    PS8_X0Y0             PS8                          0.000     0.000 r  design_2_i/zynq_ultra_ps_e_0/inst/PS8_i/PLCLK[0]
                         net (fo=1, routed)           0.120     0.120    design_2_i/zynq_ultra_ps_e_0/inst/pl_clk_unbuffered[0]
    BUFG_PS_X0Y58        BUFG_PS (Prop_BUFG_PS_I_O)
                                                      0.018     0.138 r  design_2_i/zynq_ultra_ps_e_0/inst/buffer_pl_clk_0.PL_CLK_0_BUFG/O
    X0Y1 (CLOCK_ROOT)    net (fo=56092, routed)       1.052     1.190    design_2_i/llama_engine_axi_0/U0/u_engine/clk
    SLICE_X31Y92         FDRE                                         r  design_2_i/llama_engine_axi_0/U0/u_engine/res_b_exp_reg[8]/C
                         clock pessimism             -0.138     1.052    
                         clock uncertainty            0.100     1.152    
    SLICE_X31Y92         FDRE (Hold_DFF_SLICEM_C_D)
                                                      0.046     1.198    design_2_i/llama_engine_axi_0/U0/u_engine/res_b_exp_reg[8]
  -------------------------------------------------------------------
                         required time                         -1.198    
                         arrival time                           1.208    
  -------------------------------------------------------------------
                         slack                                  0.010    

Slack (MET) :             0.010ns  (arrival time - required time)
  Source:                 design_2_i/llama_engine_axi_0/U0/u_engine/k_reg_reg[188]/C
                            (rising edge-triggered cell FDRE clocked by clk_pl_0  {rise@0.000ns fall@168.751ns period=337.503ns})
  Destination:            design_2_i/llama_engine_axi_0/U0/u_engine/rope_k_mant_reg[188]/D
                            (rising edge-triggered cell FDRE clocked by clk_pl_0  {rise@0.000ns fall@168.751ns period=337.503ns})
  Path Group:             clk_pl_0
  Path Type:              Hold (Min at Fast Process Corner)
  Requirement:            0.000ns  (clk_pl_0 rise@0.000ns - clk_pl_0 rise@0.000ns)
  Data Path Delay:        0.172ns  (logic 0.039ns (22.674%)  route 0.133ns (77.326%))
  Logic Levels:           0  
  Clock Path Skew:        0.016ns (DCD - SCD - CPR)
    Destination Clock Delay (DCD):    1.213ns
    Source Clock Delay      (SCD):    1.058ns
    Clock Pessimism Removal (CPR):    0.139ns
  Clock Uncertainty:      0.100ns  ((TSJ^2 + DJ^2)^1/2) / 2 + PE + UU
    Total System Jitter     (TSJ):    0.000ns
    Discrete Jitter          (DJ):    0.000ns
    Phase Error              (PE):    0.000ns
    User Uncertainty         (UU):    0.100ns
  Clock Net Delay (Source):      0.947ns (routing 0.324ns, distribution 0.623ns)
  Clock Net Delay (Destination): 1.075ns (routing 0.365ns, distribution 0.710ns)

    Location             Delay type                Incr(ns)  Path(ns)    Netlist Resource(s)
  -------------------------------------------------------------------    -------------------
                         (clock clk_pl_0 rise edge)
                                                      0.000     0.000 r  
    PS8_X0Y0             PS8                          0.000     0.000 r  design_2_i/zynq_ultra_ps_e_0/inst/PS8_i/PLCLK[0]
                         net (fo=1, routed)           0.094     0.094    design_2_i/zynq_ultra_ps_e_0/inst/pl_clk_unbuffered[0]
    BUFG_PS_X0Y58        BUFG_PS (Prop_BUFG_PS_I_O)
                                                      0.017     0.111 r  design_2_i/zynq_ultra_ps_e_0/inst/buffer_pl_clk_0.PL_CLK_0_BUFG/O
    X0Y1 (CLOCK_ROOT)    net (fo=56092, routed)       0.947     1.058    design_2_i/llama_engine_axi_0/U0/u_engine/clk
    SLICE_X34Y70         FDRE                                         r  design_2_i/llama_engine_axi_0/U0/u_engine/k_reg_reg[188]/C
  -------------------------------------------------------------------    -------------------
    SLICE_X34Y70         FDRE (Prop_HFF_SLICEM_C_Q)
                                                      0.039     1.097 r  design_2_i/llama_engine_axi_0/U0/u_engine/k_reg_reg[188]/Q
                         net (fo=1, routed)           0.133     1.230    design_2_i/llama_engine_axi_0/U0/u_engine/k_reg[188]
    SLICE_X34Y70         FDRE                                         r  design_2_i/llama_engine_axi_0/U0/u_engine/rope_k_mant_reg[188]/D
  -------------------------------------------------------------------    -------------------

                         (clock clk_pl_0 rise edge)
                                                      0.000     0.000 r  
    PS8_X0Y0             PS8                          0.000     0.000 r  design_2_i/zynq_ultra_ps_e_0/inst/PS8_i/PLCLK[0]
                         net (fo=1, routed)           0.120     0.120    design_2_i/zynq_ultra_ps_e_0/inst/pl_clk_unbuffered[0]
    BUFG_PS_X0Y58        BUFG_PS (Prop_BUFG_PS_I_O)
                                                      0.018     0.138 r  design_2_i/zynq_ultra_ps_e_0/inst/buffer_pl_clk_0.PL_CLK_0_BUFG/O
    X0Y1 (CLOCK_ROOT)    net (fo=56092, routed)       1.075     1.213    design_2_i/llama_engine_axi_0/U0/u_engine/clk
    SLICE_X34Y70         FDRE                                         r  design_2_i/llama_engine_axi_0/U0/u_engine/rope_k_mant_reg[188]/C
                         clock pessimism             -0.139     1.074    
                         clock uncertainty            0.100     1.174    
    SLICE_X34Y70         FDRE (Hold_DFF_SLICEM_C_D)
                                                      0.046     1.220    design_2_i/llama_engine_axi_0/U0/u_engine/rope_k_mant_reg[188]
  -------------------------------------------------------------------
                         required time                         -1.220    
                         arrival time                           1.230    
  -------------------------------------------------------------------
                         slack                                  0.010    

Slack (MET) :             0.010ns  (arrival time - required time)
  Source:                 design_2_i/llama_engine_axi_0/U0/u_engine/wo_reg_reg[117]/C
                            (rising edge-triggered cell FDRE clocked by clk_pl_0  {rise@0.000ns fall@168.751ns period=337.503ns})
  Destination:            design_2_i/llama_engine_axi_0/U0/u_engine/res_b_mant_reg[117]/D
                            (rising edge-triggered cell FDRE clocked by clk_pl_0  {rise@0.000ns fall@168.751ns period=337.503ns})
  Path Group:             clk_pl_0
  Path Type:              Hold (Min at Fast Process Corner)
  Requirement:            0.000ns  (clk_pl_0 rise@0.000ns - clk_pl_0 rise@0.000ns)
  Data Path Delay:        0.172ns  (logic 0.080ns (46.512%)  route 0.092ns (53.488%))
  Logic Levels:           1  (LUT4=1)
  Clock Path Skew:        0.016ns (DCD - SCD - CPR)
    Destination Clock Delay (DCD):    1.270ns
    Source Clock Delay      (SCD):    1.107ns
    Clock Pessimism Removal (CPR):    0.147ns
  Clock Uncertainty:      0.100ns  ((TSJ^2 + DJ^2)^1/2) / 2 + PE + UU
    Total System Jitter     (TSJ):    0.000ns
    Discrete Jitter          (DJ):    0.000ns
    Phase Error              (PE):    0.000ns
    User Uncertainty         (UU):    0.100ns
  Clock Net Delay (Source):      0.996ns (routing 0.324ns, distribution 0.672ns)
  Clock Net Delay (Destination): 1.132ns (routing 0.365ns, distribution 0.767ns)

    Location             Delay type                Incr(ns)  Path(ns)    Netlist Resource(s)
  -------------------------------------------------------------------    -------------------
                         (clock clk_pl_0 rise edge)
                                                      0.000     0.000 r  
    PS8_X0Y0             PS8                          0.000     0.000 r  design_2_i/zynq_ultra_ps_e_0/inst/PS8_i/PLCLK[0]
                         net (fo=1, routed)           0.094     0.094    design_2_i/zynq_ultra_ps_e_0/inst/pl_clk_unbuffered[0]
    BUFG_PS_X0Y58        BUFG_PS (Prop_BUFG_PS_I_O)
                                                      0.017     0.111 r  design_2_i/zynq_ultra_ps_e_0/inst/buffer_pl_clk_0.PL_CLK_0_BUFG/O
    X0Y1 (CLOCK_ROOT)    net (fo=56092, routed)       0.996     1.107    design_2_i/llama_engine_axi_0/U0/u_engine/clk
    SLICE_X40Y50         FDRE                                         r  design_2_i/llama_engine_axi_0/U0/u_engine/wo_reg_reg[117]/C
  -------------------------------------------------------------------    -------------------
    SLICE_X40Y50         FDRE (Prop_HFF_SLICEM_C_Q)
                                                      0.039     1.146 r  design_2_i/llama_engine_axi_0/U0/u_engine/wo_reg_reg[117]/Q
                         net (fo=1, routed)           0.066     1.212    design_2_i/llama_engine_axi_0/U0/u_engine/wo_reg__0[117]
    SLICE_X40Y50         LUT4 (Prop_D6LUT_SLICEM_I1_O)
                                                      0.041     1.253 r  design_2_i/llama_engine_axi_0/U0/u_engine/res_b_mant[117]_i_1/O
                         net (fo=1, routed)           0.026     1.279    design_2_i/llama_engine_axi_0/U0/u_engine/res_b_mant[117]_i_1_n_0
    SLICE_X40Y50         FDRE                                         r  design_2_i/llama_engine_axi_0/U0/u_engine/res_b_mant_reg[117]/D
  -------------------------------------------------------------------    -------------------

                         (clock clk_pl_0 rise edge)
                                                      0.000     0.000 r  
    PS8_X0Y0             PS8                          0.000     0.000 r  design_2_i/zynq_ultra_ps_e_0/inst/PS8_i/PLCLK[0]
                         net (fo=1, routed)           0.120     0.120    design_2_i/zynq_ultra_ps_e_0/inst/pl_clk_unbuffered[0]
    BUFG_PS_X0Y58        BUFG_PS (Prop_BUFG_PS_I_O)
                                                      0.018     0.138 r  design_2_i/zynq_ultra_ps_e_0/inst/buffer_pl_clk_0.PL_CLK_0_BUFG/O
    X0Y1 (CLOCK_ROOT)    net (fo=56092, routed)       1.132     1.270    design_2_i/llama_engine_axi_0/U0/u_engine/clk
    SLICE_X40Y50         FDRE                                         r  design_2_i/llama_engine_axi_0/U0/u_engine/res_b_mant_reg[117]/C
                         clock pessimism             -0.147     1.123    
                         clock uncertainty            0.100     1.223    
    SLICE_X40Y50         FDRE (Hold_DFF_SLICEM_C_D)
                                                      0.046     1.269    design_2_i/llama_engine_axi_0/U0/u_engine/res_b_mant_reg[117]
  -------------------------------------------------------------------
                         required time                         -1.269    
                         arrival time                           1.279    
  -------------------------------------------------------------------
                         slack                                  0.010    

Slack (MET) :             0.010ns  (arrival time - required time)
  Source:                 design_2_i/llama_engine_axi_0/U0/u_engine/mm_xin_reg[204]/C
                            (rising edge-triggered cell FDRE clocked by clk_pl_0  {rise@0.000ns fall@168.751ns period=337.503ns})
  Destination:            design_2_i/llama_engine_axi_0/U0/u_engine/u_matmul/xin_reg[204]/D
                            (rising edge-triggered cell FDRE clocked by clk_pl_0  {rise@0.000ns fall@168.751ns period=337.503ns})
  Path Group:             clk_pl_0
  Path Type:              Hold (Min at Fast Process Corner)
  Requirement:            0.000ns  (clk_pl_0 rise@0.000ns - clk_pl_0 rise@0.000ns)
  Data Path Delay:        0.170ns  (logic 0.038ns (22.353%)  route 0.132ns (77.647%))
  Logic Levels:           0  
  Clock Path Skew:        0.013ns (DCD - SCD - CPR)
    Destination Clock Delay (DCD):    1.186ns
    Source Clock Delay      (SCD):    1.034ns
    Clock Pessimism Removal (CPR):    0.139ns
  Clock Uncertainty:      0.100ns  ((TSJ^2 + DJ^2)^1/2) / 2 + PE + UU
    Total System Jitter     (TSJ):    0.000ns
    Discrete Jitter          (DJ):    0.000ns
    Phase Error              (PE):    0.000ns
    User Uncertainty         (UU):    0.100ns
  Clock Net Delay (Source):      0.923ns (routing 0.324ns, distribution 0.599ns)
  Clock Net Delay (Destination): 1.048ns (routing 0.365ns, distribution 0.683ns)

    Location             Delay type                Incr(ns)  Path(ns)    Netlist Resource(s)
  -------------------------------------------------------------------    -------------------
                         (clock clk_pl_0 rise edge)
                                                      0.000     0.000 r  
    PS8_X0Y0             PS8                          0.000     0.000 r  design_2_i/zynq_ultra_ps_e_0/inst/PS8_i/PLCLK[0]
                         net (fo=1, routed)           0.094     0.094    design_2_i/zynq_ultra_ps_e_0/inst/pl_clk_unbuffered[0]
    BUFG_PS_X0Y58        BUFG_PS (Prop_BUFG_PS_I_O)
                                                      0.017     0.111 r  design_2_i/zynq_ultra_ps_e_0/inst/buffer_pl_clk_0.PL_CLK_0_BUFG/O
    X0Y1 (CLOCK_ROOT)    net (fo=56092, routed)       0.923     1.034    design_2_i/llama_engine_axi_0/U0/u_engine/clk
    SLICE_X24Y138        FDRE                                         r  design_2_i/llama_engine_axi_0/U0/u_engine/mm_xin_reg[204]/C
  -------------------------------------------------------------------    -------------------
    SLICE_X24Y138        FDRE (Prop_CFF_SLICEM_C_Q)
                                                      0.038     1.072 r  design_2_i/llama_engine_axi_0/U0/u_engine/mm_xin_reg[204]/Q
                         net (fo=1, routed)           0.132     1.204    design_2_i/llama_engine_axi_0/U0/u_engine/u_matmul/x_mant[204]
    SLICE_X24Y138        FDRE                                         r  design_2_i/llama_engine_axi_0/U0/u_engine/u_matmul/xin_reg[204]/D
  -------------------------------------------------------------------    -------------------

                         (clock clk_pl_0 rise edge)
                                                      0.000     0.000 r  
    PS8_X0Y0             PS8                          0.000     0.000 r  design_2_i/zynq_ultra_ps_e_0/inst/PS8_i/PLCLK[0]
                         net (fo=1, routed)           0.120     0.120    design_2_i/zynq_ultra_ps_e_0/inst/pl_clk_unbuffered[0]
    BUFG_PS_X0Y58        BUFG_PS (Prop_BUFG_PS_I_O)
                                                      0.018     0.138 r  design_2_i/zynq_ultra_ps_e_0/inst/buffer_pl_clk_0.PL_CLK_0_BUFG/O
    X0Y1 (CLOCK_ROOT)    net (fo=56092, routed)       1.048     1.186    design_2_i/llama_engine_axi_0/U0/u_engine/u_matmul/clk
    SLICE_X24Y138        FDRE                                         r  design_2_i/llama_engine_axi_0/U0/u_engine/u_matmul/xin_reg[204]/C
                         clock pessimism             -0.139     1.047    
                         clock uncertainty            0.100     1.147    
    SLICE_X24Y138        FDRE (Hold_EFF2_SLICEM_C_D)
                                                      0.047     1.194    design_2_i/llama_engine_axi_0/U0/u_engine/u_matmul/xin_reg[204]
  -------------------------------------------------------------------
                         required time                         -1.194    
                         arrival time                           1.204    
  -------------------------------------------------------------------
                         slack                                  0.010    





Pulse Width Checks
--------------------------------------------------------------------------------------
Clock Name:         clk_pl_0
Waveform(ns):       { 0.000 168.751 }
Period(ns):         337.503
Sources:            { design_2_i/zynq_ultra_ps_e_0/inst/PS8_i/PLCLK[0] }

Check Type        Corner  Lib Pin             Reference Pin  Required(ns)  Actual(ns)  Slack(ns)  Location       Pin
Min Period        n/a     PS8/MAXIGP2ACLK     n/a            3.000         337.503     334.503    PS8_X0Y0       design_2_i/zynq_ultra_ps_e_0/inst/PS8_i/MAXIGP2ACLK
Min Period        n/a     RAMB36E2/CLKARDCLK  n/a            1.739         337.503     335.764    RAMB36_X4Y4    design_2_i/llama_engine_axi_0/U0/u_engine/u_att/u_kc_v/ram_reg_0/CLKARDCLK
Min Period        n/a     RAMB36E2/CLKBWRCLK  n/a            1.739         337.503     335.764    RAMB36_X4Y4    design_2_i/llama_engine_axi_0/U0/u_engine/u_att/u_kc_v/ram_reg_0/CLKBWRCLK
Min Period        n/a     RAMB36E2/CLKARDCLK  n/a            1.739         337.503     335.764    RAMB36_X3Y4    design_2_i/llama_engine_axi_0/U0/u_engine/u_att/u_kc_v/ram_reg_1/CLKARDCLK
Min Period        n/a     RAMB36E2/CLKBWRCLK  n/a            1.739         337.503     335.764    RAMB36_X3Y4    design_2_i/llama_engine_axi_0/U0/u_engine/u_att/u_kc_v/ram_reg_1/CLKBWRCLK
Min Period        n/a     RAMB36E2/CLKARDCLK  n/a            1.739         337.503     335.764    RAMB36_X4Y2    design_2_i/llama_engine_axi_0/U0/u_engine/u_att/u_kc_v/ram_reg_2/CLKARDCLK
Min Period        n/a     RAMB36E2/CLKBWRCLK  n/a            1.739         337.503     335.764    RAMB36_X4Y2    design_2_i/llama_engine_axi_0/U0/u_engine/u_att/u_kc_v/ram_reg_2/CLKBWRCLK
Min Period        n/a     RAMB36E2/CLKARDCLK  n/a            1.739         337.503     335.764    RAMB36_X4Y3    design_2_i/llama_engine_axi_0/U0/u_engine/u_att/u_kc_v/ram_reg_3/CLKARDCLK
Min Period        n/a     RAMB36E2/CLKBWRCLK  n/a            1.739         337.503     335.764    RAMB36_X4Y3    design_2_i/llama_engine_axi_0/U0/u_engine/u_att/u_kc_v/ram_reg_3/CLKBWRCLK
Min Period        n/a     RAMB36E2/CLKARDCLK  n/a            1.739         337.503     335.764    RAMB36_X4Y5    design_2_i/llama_engine_axi_0/U0/u_engine/u_att/u_kc_v/ram_reg_4/CLKARDCLK
Low Pulse Width   Slow    PS8/MAXIGP2ACLK     n/a            1.500         168.751     167.251    PS8_X0Y0       design_2_i/zynq_ultra_ps_e_0/inst/PS8_i/MAXIGP2ACLK
Low Pulse Width   Fast    PS8/MAXIGP2ACLK     n/a            1.500         168.751     167.251    PS8_X0Y0       design_2_i/zynq_ultra_ps_e_0/inst/PS8_i/MAXIGP2ACLK
Low Pulse Width   Slow    RAMD32/CLK          n/a            0.573         168.751     168.179    SLICE_X24Y116  design_2_i/llama_engine_axi_0/U0/tok_buf_reg_0_31_0_13/RAMA/CLK
Low Pulse Width   Fast    RAMD32/CLK          n/a            0.573         168.751     168.179    SLICE_X24Y116  design_2_i/llama_engine_axi_0/U0/tok_buf_reg_0_31_0_13/RAMA/CLK
Low Pulse Width   Slow    RAMD32/CLK          n/a            0.573         168.751     168.179    SLICE_X24Y116  design_2_i/llama_engine_axi_0/U0/tok_buf_reg_0_31_0_13/RAMA_D1/CLK
Low Pulse Width   Fast    RAMD32/CLK          n/a            0.573         168.751     168.179    SLICE_X24Y116  design_2_i/llama_engine_axi_0/U0/tok_buf_reg_0_31_0_13/RAMA_D1/CLK
Low Pulse Width   Slow    RAMD32/CLK          n/a            0.573         168.751     168.179    SLICE_X24Y116  design_2_i/llama_engine_axi_0/U0/tok_buf_reg_0_31_0_13/RAMB/CLK
Low Pulse Width   Fast    RAMD32/CLK          n/a            0.573         168.751     168.179    SLICE_X24Y116  design_2_i/llama_engine_axi_0/U0/tok_buf_reg_0_31_0_13/RAMB/CLK
Low Pulse Width   Slow    RAMD32/CLK          n/a            0.573         168.751     168.179    SLICE_X24Y116  design_2_i/llama_engine_axi_0/U0/tok_buf_reg_0_31_0_13/RAMB_D1/CLK
Low Pulse Width   Fast    RAMD32/CLK          n/a            0.573         168.751     168.179    SLICE_X24Y116  design_2_i/llama_engine_axi_0/U0/tok_buf_reg_0_31_0_13/RAMB_D1/CLK
High Pulse Width  Slow    PS8/MAXIGP2ACLK     n/a            1.500         168.752     167.252    PS8_X0Y0       design_2_i/zynq_ultra_ps_e_0/inst/PS8_i/MAXIGP2ACLK
High Pulse Width  Fast    PS8/MAXIGP2ACLK     n/a            1.500         168.751     167.251    PS8_X0Y0       design_2_i/zynq_ultra_ps_e_0/inst/PS8_i/MAXIGP2ACLK
High Pulse Width  Slow    RAMD32/CLK          n/a            0.573         168.752     168.179    SLICE_X24Y116  design_2_i/llama_engine_axi_0/U0/tok_buf_reg_0_31_0_13/RAMA/CLK
High Pulse Width  Fast    RAMD32/CLK          n/a            0.573         168.751     168.179    SLICE_X24Y116  design_2_i/llama_engine_axi_0/U0/tok_buf_reg_0_31_0_13/RAMA/CLK
High Pulse Width  Slow    RAMD32/CLK          n/a            0.573         168.752     168.179    SLICE_X24Y116  design_2_i/llama_engine_axi_0/U0/tok_buf_reg_0_31_0_13/RAMA_D1/CLK
High Pulse Width  Fast    RAMD32/CLK          n/a            0.573         168.751     168.179    SLICE_X24Y116  design_2_i/llama_engine_axi_0/U0/tok_buf_reg_0_31_0_13/RAMA_D1/CLK
High Pulse Width  Slow    RAMD32/CLK          n/a            0.573         168.752     168.179    SLICE_X24Y116  design_2_i/llama_engine_axi_0/U0/tok_buf_reg_0_31_0_13/RAMB/CLK
High Pulse Width  Fast    RAMD32/CLK          n/a            0.573         168.751     168.179    SLICE_X24Y116  design_2_i/llama_engine_axi_0/U0/tok_buf_reg_0_31_0_13/RAMB/CLK
High Pulse Width  Slow    RAMD32/CLK          n/a            0.573         168.752     168.179    SLICE_X24Y116  design_2_i/llama_engine_axi_0/U0/tok_buf_reg_0_31_0_13/RAMB_D1/CLK
High Pulse Width  Fast    RAMD32/CLK          n/a            0.573         168.751     168.179    SLICE_X24Y116  design_2_i/llama_engine_axi_0/U0/tok_buf_reg_0_31_0_13/RAMB_D1/CLK



